categoria_producto,precio_unitario,unidades_stock,inversion_publicidad,descuento_pct,mes,ventas_mes,rotacion
Deportes,468.78,19,669.91,39.7,Marzo,13542.65,alta
Alimentos,1235.2,294,2399.67,25.6,Septiembre,34730.48,alta
Deportes,,484,4417.01,45.7,Julio,18902.06,alta
Alimentos,166.18,152,3942.26,7.3,Noviembre,8558.69,alta
Ropa,978.96,83,,10.7,Agosto,23111.26,alta
Alimentos,542.17,424,2587.08,44.9,Abril,9717.84,alta
Alimentos,1511.21,211,2215.41,40.5,Diciembre,35983.74,alta
Tecnologia,1447.15,62,1250.94,20.5,Mayo,19604.5,alta
Deportes,1194.65,429,903.63,16.1,Junio,19372.12,alta
Deportes,811.38,424,320.74,46.4,Septiembre,15653.72,alta
Tecnologia,565.47,388,,48.6,Agosto,18750.31,alta
Alimentos,1336.22,345,,38.0,Febrero,8496.74,alta
Alimentos,776.85,253,3191.41,46.3,Enero,8827.6,alta
Hogar,1670.67,433,1682.28,49.1,Diciembre,42861.43,alta
Tecnologia,1825.27,307,4508.02,49.1,Abril,26303.48,alta
Hogar,559.63,238,4378.56,23.1,Octubre,6348.63,alta
Hogar,294.41,285,1547.74,28.7,Febrero,5864.69,alta
Ropa,1965.3,322,3321.55,1.1,Agosto,58172.15,alta
Deportes,48.74,215,876.43,41.9,Junio,1857.36,media
Alimentos,168.61,119,2320.74,36.0,Enero,6879.33,alta
Alimentos,1368.53,38,385.45,15.1,Julio,28039.24,alta
Hogar,860.31,456,3066.29,26.0,Octubre,23663.42,alta
Alimentos,1573.23,160,3190.03,44.8,Mayo,14374.51,alta
Hogar,1618.1,256,1767.2,20.4,Enero,49286.22,alta
Alimentos,644.93,327,1195.1,15.8,Noviembre,3530.39,media
Ropa,1238.94,146,1647.26,28.1,Junio,17829.6,alta
Hogar,1182.44,301,4799.18,13.7,Marzo,34858.73,alta
Hogar,1309.95,208,3977.9,25.2,Febrero,21577.2,alta
Deportes,,182,1498.75,19.7,Agosto,29664.05,alta
Ropa,,109,3805.0,19.1,Diciembre,50663.52,alta
ropa,1210.73,471,660.2,12.0,Noviembre,5297.11,alta
Tecnologia,989.54,470,2225.12,16.5,Junio,21220.52,alta
Tecnologia,583.82,121,,32.9,Agosto,12029.07,alta
Tecnologia,505.41,414,1976.25,31.0,Julio,11219.93,alta
Tecnologia,976.57,12,2119.19,48.6,Mayo,12625.22,alta
Tecnologia,,454,2455.57,17.3,Febrero,22447.2,alta
Ropa,906.3,181,3782.58,33.6,Abril,7543.45,alta
Tecnologia,479.19,119,849.95,44.4,Noviembre,5518.76,alta
Deportes,267.81,368,3994.39,42.3,Mayo,6857.78,alta
Alimentos,524.35,85,2704.19,30.2,Noviembre,8210.58,alta
Hogar,1930.84,75,1150.67,37.9,Diciembre,18569.39,alta
Ropa,826.38,476,2044.93,9.5,Octubre,23815.64,alta
Tecnologia,1720.5,481,4513.67,26.6,Marzo,39685.42,alta
Alimentos,888.5,78,782.1,25.1,Enero,23149.24,alta
Alimentos,1579.41,58,910.51,30.9,Noviembre,47994.76,alta
Deportes,1306.34,22,3180.46,22.3,Octubre,14663.01,alta
Tecnologia,262.75,74,2491.9,29.5,Julio,8528.84,alta
Hogar,929.57,86,1084.91,27.6,Mayo,20956.78,alta
Tecnologia,220.94,68,2005.31,28.8,Diciembre,2092.4,media
Tecnologia,622.03,40,3544.39,31.4,Septiembre,15752.41,alta
Hogar,1295.16,442,4633.76,7.8,Abril,19584.55,alta
Deportes,1943.21,210,3774.96,17.4,Junio,17333.4,alta
Deportes,515.99,350,4998.78,31.2,Junio,17648.59,alta
Deportes,704.67,102,,44.1,Abril,15258.46,alta
Alimentos,1305.4,413,,13.2,Julio,38328.98,alta
Alimentos,1275.02,372,1682.28,8.5,Diciembre,31082.76,alta
Ropa,278.35,127,2473.0,26.3,Junio,7791.15,alta
Ropa,338.06,218,2600.74,47.9,Junio,5798.66,alta
Alimentos,1793.99,472,3209.56,14.7,Mayo,8447.53,alta
Alimentos,1321.34,279,730.88,40.5,Mayo,12920.37,alta
Tecnologia,1250.58,369,4016.21,25.9,Enero,40277.67,alta
Ropa,,453,4024.11,11.5,Mayo,6598.31,alta
Ropa,1404.56,18,2764.03,37.1,Abril,44341.45,alta
Tecnologia,,326,2429.63,0.9,Junio,8486.43,alta
Alimentos,252.26,183,2230.35,46.2,Abril,3632.22,media
Ropa,813.48,74,,1.9,Marzo,13211.94,alta
Deportes,,290,3307.67,19.5,Marzo,36864.05,alta
Hogar,1913.86,49,3538.16,34.5,Octubre,9835.88,alta
Deportes,,340,4347.3,13.7,Octubre,13295.47,alta
Alimentos,214.4,341,1103.81,23.1,Enero,6167.61,alta
Hogar,820.58,225,4117.52,47.5,Abril,22992.06,alta
Hogar,169.93,15,,12.2,Mayo,4326.18,media
Tecnologia,462.66,71,817.3,37.3,Marzo,14131.05,alta
Tecnologia,,157,3614.7,8.7,Febrero,20232.18,alta
Hogar,754.54,86,1587.5,31.9,Diciembre,8043.33,alta
Alimentos,1606.11,402,3708.53,5.4,Mayo,31963.59,alta
Tecnologia,1645.19,494,554.93,12.9,Octubre,156431.52920103812,alta
Tecnologia,313.82,339,2776.68,25.6,Noviembre,8314.79,alta
Hogar,294.87,82,3232.61,21.6,Mayo,10144.67,alta
Ropa,1650.55,84,4059.07,29.0,Julio,46627.34,alta
Alimentos,1299.63,181,509.89,9.3,Noviembre,34467.86,alta
alimentos,1357.38,377,,40.0,Junio,10485.45,alta
Deportes,536.0,6,634.22,28.7,Enero,7517.41,alta
Tecnologia,,485,3763.87,35.0,Diciembre,26155.58,alta
Ropa,54.65,144,3281.11,21.2,Noviembre,2939.37,media
Deportes,792.09,30,3065.69,25.0,Mayo,25584.98,alta
deportes,1790.59,28,,46.9,Febrero,39400.95,alta
Alimentos,98.53,319,4186.54,11.0,Abril,6537.18,alta
Hogar,1614.4,23,2605.29,19.7,Julio,40016.29,alta
Hogar,810.28,310,2235.48,15.9,Febrero,10546.86,alta
Ropa,100.24,132,298.19,39.1,Julio,3008.64,media
Tecnologia,,453,1890.29,21.5,Noviembre,10027.03,alta
Alimentos,1698.21,289,,27.7,Abril,179951.0937616767,alta
Alimentos,542.83,9,1715.48,8.9,Octubre,13857.1,alta
Ropa,708.87,52,3544.41,36.4,Abril,12602.72,alta
Hogar,1843.06,410,3161.22,13.2,Julio,28030.03,alta
Tecnologia,1479.0,86,4587.12,2.9,Enero,48005.77,alta
Hogar,1997.71,356,1215.91,13.2,Febrero,51993.13,alta
Deportes,725.96,243,3189.67,7.8,Octubre,15240.72,alta
Hogar,427.84,154,3485.75,0.7,Julio,8867.24,alta
Hogar,398.82,289,795.66,31.4,Diciembre,1844.57,media
Hogar,665.38,270,3304.6,30.4,Noviembre,22550.95,alta
Ropa,179.66,382,4053.95,42.1,Diciembre,8979.01,alta
Hogar,1387.76,463,4945.71,40.0,Abril,12742.7,alta
Deportes,1637.61,154,870.3,35.7,Agosto,12980.7,alta
Deportes,1779.45,182,2616.71,31.0,Marzo,34273.41,alta
Tecnologia,1860.68,499,2973.82,15.1,Agosto,45770.43,alta
Tecnologia,852.37,172,1917.1,42.0,Agosto,11962.44,alta
Tecnologia,1393.87,286,,34.5,Enero,37468.4,alta
Hogar,1746.32,331,1879.08,47.0,Junio,8006.97,alta
Ropa,1285.77,100,,29.2,Junio,36800.56,alta
Alimentos,359.36,387,3975.79,12.9,Febrero,9052.35,alta
Hogar,,149,3812.05,5.0,Abril,26851.91,alta
Ropa,1935.54,259,1544.45,35.0,Enero,47075.32,alta
Alimentos,,200,4636.4,24.4,Enero,9077.0,alta
Deportes,1086.29,287,3336.33,23.9,Octubre,18632.0,alta
Hogar,1062.41,208,4234.31,39.4,Abril,21030.39,alta
Ropa,598.47,21,2013.75,25.2,Julio,9753.06,alta
Tecnologia,1964.69,72,2186.04,16.0,Octubre,21394.29,alta
Alimentos,172.25,37,3391.9,15.4,Julio,7249.89,alta
Deportes,737.22,118,1297.11,20.5,Julio,22795.73,alta
Tecnologia,,278,2228.1,3.9,Septiembre,29187.02,alta
Ropa,1828.16,155,4516.74,38.2,Septiembre,19578.41,alta
Tecnologia,1168.78,250,4522.79,5.8,Noviembre,11862.16,alta
Hogar,,412,184.42,35.1,Agosto,27773.62,alta
ropa,1081.18,170,4586.54,24.3,Diciembre,18137.88,alta
Ropa,157.81,268,3930.37,16.7,Febrero,7088.87,alta
Hogar,656.8,387,4210.53,21.3,Septiembre,20674.41,alta
Ropa,380.77,94,939.42,7.4,Mayo,9216.6,alta
Tecnologia,1084.86,356,2851.4,9.3,Noviembre,19588.52,alta
Hogar,,187,4206.58,24.8,Enero,6030.78,alta
Deportes,407.51,316,237.02,36.1,Julio,9187.67,alta
Deportes,,92,4940.62,9.6,Marzo,5104.88,alta
Tecnologia,171.16,463,347.14,47.3,Agosto,2890.78,media
Alimentos,1438.08,24,4789.72,32.5,Enero,31757.67,alta
Tecnologia,712.85,32,4598.58,24.3,Febrero,22763.66,alta
Tecnologia,846.66,402,2728.25,37.8,Noviembre,27336.55,alta
Ropa,1465.35,54,912.26,6.6,Agosto,25538.58,alta
DEPORTES,,362,4504.78,7.5,Abril,18064.45,alta
TECNOLOGIA,1004.11,265,243.12,39.8,Octubre,18061.01,alta
Ropa,768.6,219,4159.21,36.0,Agosto,21886.39,alta
tecnologia,1967.63,58,2755.42,18.1,Julio,152970.33989336836,alta
Hogar,,222,2024.81,21.6,Julio,11812.82,alta
Ropa,,124,738.51,4.9,Julio,20343.22,alta
Alimentos,295.86,226,921.6,13.7,Abril,3358.85,media
Tecnologia,510.37,10,2342.87,28.4,Abril,10406.78,alta
Alimentos,950.6,168,,33.6,Noviembre,17377.11,alta
Ropa,1201.43,390,1298.78,20.3,Marzo,21043.66,alta
Alimentos,1817.42,294,,16.9,Julio,10292.78,alta
Hogar,121.89,169,4954.72,18.6,Diciembre,5669.37,alta
Tecnologia,556.86,218,3120.71,47.1,Julio,12226.33,alta
Ropa,1438.97,363,545.04,7.3,Agosto,31426.68,alta
Alimentos,691.63,222,3579.09,40.5,Marzo,19233.64,alta
Tecnologia,1977.27,114,60.44,13.1,Noviembre,19299.45,alta
ALIMENTOS,909.3,494,2833.21,40.5,Marzo,27091.41,alta
Alimentos,,174,1282.12,8.0,Diciembre,12851.71,alta
Tecnologia,1042.85,382,1425.33,31.4,Marzo,12026.34,alta
Deportes,1859.39,232,3059.09,22.3,Mayo,48105.02,alta
Ropa,617.26,108,,1.1,Octubre,9038.3,alta
Hogar,1328.59,366,2901.01,29.0,Junio,10922.51,alta
Deportes,1562.73,208,,8.5,Abril,36527.04,alta
Tecnologia,1919.21,366,1237.87,9.5,Enero,45890.95,alta
Alimentos,1543.56,496,3826.36,40.8,Mayo,13465.5,alta
Hogar,1249.46,468,,43.6,Enero,22806.96,alta
Alimentos,1869.63,144,3172.44,19.7,Noviembre,18072.16,alta
Deportes,606.38,47,4696.75,0.2,Agosto,15537.96,alta
Deportes,513.14,238,3964.28,30.1,Abril,12218.61,alta
Tecnologia,1030.2,114,1351.46,35.3,Junio,7679.46,alta
Hogar,1386.01,355,4072.24,40.8,Agosto,29069.36,alta
Deportes,,400,3577.17,4.7,Julio,22796.67,alta
Tecnologia,63.25,126,1492.94,32.3,Enero,2233.52,media
Hogar,1453.65,383,2561.27,0.2,Octubre,21406.7,alta
Hogar,1041.55,27,1841.4,9.7,Mayo,31317.37,alta
Alimentos,606.59,238,26.79,41.2,Noviembre,14174.42,alta
Tecnologia,1688.29,248,137.08,4.8,Marzo,18136.48,alta
Hogar,1220.68,105,3018.76,30.5,Diciembre,21531.82,alta
Deportes,262.59,487,1433.97,43.3,Abril,6349.93,alta
alimentos,1153.57,32,2857.89,46.6,Septiembre,5195.7,alta
Alimentos,47.43,14,1368.22,31.7,Junio,1659.88,media
Tecnologia,513.85,147,,20.1,Agosto,6900.45,alta
Alimentos,1052.48,248,3700.29,10.5,Julio,18748.96,alta
Tecnologia,,84,235.56,10.1,Septiembre,15985.33,alta
Alimentos,1049.68,484,2591.67,29.4,Octubre,15410.03,alta
Hogar,1180.64,290,1989.97,15.7,Febrero,7388.08,alta
Tecnologia,1683.47,59,3602.07,9.0,Abril,37821.61,alta
Deportes,1516.51,448,3146.4,16.1,Octubre,38649.52,alta
Ropa,,220,1397.97,7.8,Agosto,38858.33,alta
Hogar,1604.25,463,2382.87,7.6,Febrero,26492.81,alta
Deportes,1451.27,12,1626.01,43.7,Mayo,25363.02,alta
Deportes,211.39,265,,21.6,Diciembre,2171.62,media
ropa,1252.19,451,3321.04,33.2,Abril,21991.88,alta
HOGAR,406.96,65,3503.72,26.8,Noviembre,11435.85,alta
Alimentos,1797.49,489,3908.73,44.3,Febrero,42678.51,alta
Hogar,998.59,89,426.37,49.0,Junio,7397.14,alta
Alimentos,470.75,100,3336.89,1.7,Junio,4260.51,media
Tecnologia,1394.88,344,1819.43,18.0,Enero,28817.96,alta
Tecnologia,996.13,323,3153.2,29.0,Mayo,7598.23,alta
Tecnologia,1290.36,135,3709.72,15.8,Julio,40668.08,alta
tecnologia,357.0,385,4841.77,45.2,Febrero,165247.07925197098,alta
Ropa,723.83,94,,16.3,Agosto,9275.77,alta
Hogar,981.23,151,1680.75,25.6,Febrero,7542.08,alta
Alimentos,1773.53,20,,14.6,Abril,15860.29,alta
Deportes,69.76,171,,26.0,Agosto,2161.06,media
Hogar,1006.92,226,1348.99,43.9,Noviembre,8497.24,alta
Alimentos,1932.3,81,782.39,39.0,Enero,8558.48,alta
Ropa,,187,4560.05,26.5,Diciembre,15836.4,alta
Deportes,,242,1073.02,37.5,Diciembre,5959.43,alta
Alimentos,1971.26,74,2942.51,5.3,Agosto,23925.73,alta
Deportes,737.13,179,3342.51,13.5,Abril,9549.84,alta
Ropa,860.45,488,773.21,4.8,Octubre,20405.09,alta
Tecnologia,1023.51,344,4665.16,43.2,Octubre,29007.32,alta
Alimentos,1603.92,372,132.12,2.9,Noviembre,22334.0,alta
Ropa,642.48,9,2202.27,15.2,Enero,7141.39,alta
Alimentos,891.91,96,1646.62,46.1,Febrero,15530.84,alta
Deportes,967.57,234,878.45,13.7,Octubre,17363.65,alta
Deportes,503.1,70,3940.17,33.0,Junio,9805.8,alta
Ropa,61.81,28,2440.67,16.5,Septiembre,3448.94,media
Ropa,1108.36,302,228.09,44.1,Enero,24037.46,alta
Hogar,1344.05,480,357.72,2.6,Diciembre,24404.32,alta
Ropa,,150,4267.91,30.8,Enero,23287.88,alta
Hogar,767.98,127,1361.67,30.1,Julio,4450.34,media
Alimentos,,351,4600.45,15.2,Febrero,5322.02,alta
Deportes,,166,3189.44,10.6,Octubre,20547.21,alta
Deportes,496.8,471,,1.3,Abril,6471.25,alta
Deportes,1791.74,14,,18.1,Septiembre,7112.91,alta
Hogar,1311.19,484,3051.93,21.3,Julio,19923.12,alta
Hogar,1411.62,257,2724.02,13.7,Octubre,34158.88,alta
Tecnologia,156.82,464,1715.92,27.4,Diciembre,6549.05,alta
Hogar,879.2,420,,3.8,Junio,16958.37,alta
Ropa,1781.33,156,555.03,24.4,Julio,20996.42,alta
Ropa,1299.37,460,,22.3,Septiembre,24274.19,alta
Deportes,1736.08,277,440.9,37.1,Abril,31136.9,alta
Hogar,333.88,378,2995.81,35.9,Febrero,11855.96,alta
Tecnologia,1665.53,213,4952.93,24.0,Diciembre,29986.68,alta
Alimentos,896.19,485,1914.99,20.2,Mayo,9341.46,alta
Alimentos,1023.2,348,2659.55,1.9,Febrero,11534.18,alta
Ropa,1655.76,65,3790.29,11.7,Febrero,12599.87,alta
Tecnologia,1437.88,86,2533.2,4.0,Enero,44305.65,alta
Ropa,831.04,293,2729.93,35.2,Julio,23867.68,alta
Tecnologia,1538.5,148,1916.12,22.4,Diciembre,39351.9,alta
Deportes,1789.83,492,1399.56,34.8,Febrero,44935.1,alta
Deportes,1153.14,183,1155.72,30.4,Mayo,19384.31,alta
Hogar,1202.66,138,31.52,23.3,Julio,15616.48,alta
Hogar,1981.14,65,1871.25,17.4,Marzo,38882.59,alta
Alimentos,818.07,99,,6.7,Julio,24475.08,alta
Tecnologia,145.64,257,799.97,7.4,Diciembre,3889.25,media
Alimentos,1547.7,413,,29.7,Octubre,47417.49,alta
Deportes,858.83,364,,16.6,Septiembre,23908.24,alta
Ropa,1689.71,122,2549.94,13.9,Noviembre,17603.76,alta
Ropa,,111,4450.09,29.0,Diciembre,24862.34,alta
Tecnologia,1687.12,257,,14.8,Abril,7029.97,alta
Tecnologia,572.14,161,4183.66,44.6,Junio,14248.95,alta
Deportes,1555.32,143,,10.4,Septiembre,15429.3,alta
Deportes,368.15,289,,40.1,Septiembre,8337.73,alta
Ropa,1345.93,239,4662.66,31.9,Febrero,18414.35,alta
Deportes,,475,,30.2,Enero,35571.37,alta
Deportes,1384.14,322,2363.87,42.9,Junio,41819.16,alta
Alimentos,575.28,31,2885.54,10.1,Mayo,18197.45,alta
Hogar,1752.02,193,4777.14,8.4,Febrero,10537.13,alta
Alimentos,1951.01,221,4463.07,15.1,Agosto,58096.88,alta
Ropa,86.63,192,174.4,33.8,Enero,100.0,baja
Deportes,,394,,25.8,Diciembre,26295.71,alta
Ropa,1791.13,85,2565.09,19.1,Noviembre,46065.47,alta
Ropa,884.17,134,1053.48,41.6,Marzo,4850.1,media
Deportes,675.29,150,3698.23,45.8,Julio,20600.01,alta
Tecnologia,1836.41,74,3076.96,48.9,Agosto,10637.49,alta
Alimentos,1327.62,43,3692.06,21.6,Febrero,41309.1,alta
HOGAR,1249.43,164,3079.75,10.1,Marzo,31020.47,alta
Deportes,929.52,107,1021.53,25.7,Septiembre,27452.35,alta
Ropa,15.06,78,1016.79,49.2,Octubre,476.65,baja
Ropa,,117,2224.74,44.9,Abril,8092.23,alta
Hogar,405.18,465,4867.34,1.1,Agosto,15676.98,alta
Deportes,,491,4069.13,17.3,Enero,49526.16,alta
Ropa,894.29,80,2965.4,39.3,Noviembre,15757.49,alta
Deportes,751.06,407,4676.39,29.9,Octubre,20870.55,alta
Hogar,1162.42,72,,31.4,Mayo,7633.53,alta
Alimentos,1256.09,282,2604.64,9.9,Junio,13789.14,alta
Deportes,1832.32,447,3393.47,39.5,Julio,39393.79,alta
Tecnologia,1925.49,64,3848.03,5.3,Agosto,39130.09,alta
Ropa,1448.41,333,2557.97,39.6,Diciembre,26347.48,alta
Ropa,1363.76,282,2291.75,39.7,Marzo,5733.82,alta
Tecnologia,591.22,356,276.2,35.6,Marzo,10622.99,alta
Tecnologia,1490.31,129,3416.43,37.3,Julio,40138.48,alta
Alimentos,108.15,426,674.54,43.4,Junio,2011.71,media
Hogar,260.54,211,999.72,34.0,Junio,3550.64,media
Ropa,264.93,192,1107.54,27.4,Noviembre,7577.96,alta
Hogar,303.83,165,543.93,15.6,Noviembre,6949.08,alta
Hogar,1142.55,492,1284.64,43.6,Marzo,19146.61,alta
alimentos,941.81,59,3115.4,10.4,Junio,8659.66,alta
Deportes,254.86,446,3100.28,9.9,Febrero,4660.55,media
Deportes,,373,1423.97,36.8,Septiembre,11893.58,alta
Deportes,756.13,498,2680.07,0.1,Junio,21437.29,alta
DEPORTES,1583.17,323,3813.12,29.9,Agosto,9912.64,alta
Ropa,660.27,393,46.56,2.7,Diciembre,13194.8,alta
Tecnologia,1276.38,478,,31.0,Agosto,31231.01,alta
Alimentos,977.54,380,4851.05,45.4,Julio,7998.97,alta
TECNOLOGIA,1578.73,127,1248.57,34.0,Junio,30860.56,alta
Tecnologia,585.63,206,4508.78,28.5,Octubre,11318.18,alta
Ropa,1508.92,72,4169.58,10.4,Julio,29164.49,alta
Ropa,623.47,13,2123.36,3.8,Diciembre,3692.87,media
Hogar,851.14,136,1530.0,12.6,Septiembre,26773.37,alta
Alimentos,1659.94,335,4572.4,14.6,Octubre,9871.17,alta
Alimentos,1366.04,416,,0.7,Abril,41547.72,alta
Hogar,,422,2868.28,17.1,Diciembre,17381.83,alta
Alimentos,,394,2603.28,38.2,Mayo,50118.62,alta
Alimentos,,429,2958.88,2.2,Agosto,2709.69,media
Hogar,,8,2118.49,18.9,Diciembre,9098.89,alta
Deportes,,22,1582.43,22.2,Octubre,18091.99,alta
Alimentos,510.87,278,1235.41,12.3,Diciembre,5064.8,alta
Ropa,1640.83,408,1062.48,7.8,Enero,12959.94,alta
Ropa,1304.79,396,2800.57,31.8,Febrero,10007.38,alta
Alimentos,631.55,49,3425.65,33.9,Abril,19884.13,alta
Alimentos,1456.99,482,,9.0,Agosto,15976.78,alta
Tecnologia,843.58,206,4460.03,17.4,Octubre,23622.04,alta
Deportes,643.47,74,4913.26,5.9,Julio,15195.86,alta
Alimentos,1001.4,201,2587.85,17.2,Noviembre,5755.7,alta
Tecnologia,1168.49,42,1768.99,40.1,Agosto,4671.12,media
Hogar,1136.27,36,1443.09,13.7,Marzo,11316.49,alta
Hogar,42.89,319,460.53,18.0,Abril,1569.03,media
Alimentos,345.64,126,3172.69,33.4,Marzo,11556.79,alta
Alimentos,548.1,154,3623.56,29.5,Febrero,17180.57,alta
Alimentos,556.46,302,3424.8,3.2,Febrero,15335.78,alta
Hogar,107.17,342,4225.94,42.9,Mayo,5420.8,alta
Alimentos,,332,3131.0,30.4,Diciembre,35644.4,alta
Deportes,1117.02,454,4803.63,16.8,Agosto,11823.04,alta
Ropa,809.7,98,2287.35,11.9,Septiembre,6503.78,alta
Hogar,657.14,46,772.56,15.2,Septiembre,7184.98,alta
Ropa,248.77,138,40.28,7.9,Diciembre,7270.51,alta
Tecnologia,621.07,283,1310.87,12.0,Mayo,13107.82,alta
Ropa,,294,3932.1,18.9,Septiembre,11546.5,alta
Hogar,399.98,168,4957.62,40.8,Febrero,13691.08,alta
Hogar,118.76,461,4046.58,5.5,Junio,5943.71,alta
Alimentos,,393,2376.05,35.3,Agosto,18023.69,alta
Tecnologia,413.23,294,4996.7,34.7,Julio,10332.23,alta
Hogar,1767.89,433,1999.56,35.5,Enero,49413.27,alta
Alimentos,1307.64,109,4376.79,17.5,Junio,27892.17,alta
Ropa,934.49,44,113.45,15.3,Enero,28134.62,alta
Alimentos,1198.3,315,3026.32,21.4,Febrero,8761.8,alta
Deportes,534.97,227,1234.8,19.3,Febrero,15536.94,alta
Tecnologia,1697.21,240,4882.78,38.3,Junio,21375.63,alta
Hogar,741.2,455,3198.23,12.5,Agosto,16636.21,alta
Tecnologia,229.9,360,983.92,21.6,Enero,5379.05,alta
Deportes,1711.82,483,2371.36,3.1,Diciembre,16161.74,alta
Alimentos,360.93,372,4100.6,23.4,Octubre,14078.65,alta
Deportes,1956.68,70,1435.52,19.1,Mayo,49984.65,alta
Alimentos,1830.4,490,2851.4,35.6,Abril,19514.46,alta
Ropa,464.67,489,4700.0,24.4,Febrero,18742.23,alta
Ropa,18.48,240,3375.99,11.7,Abril,3638.64,media
Alimentos,1684.09,259,2472.4,3.1,Octubre,22484.68,alta
alimentos,1380.31,24,731.08,41.2,Diciembre,33137.53,alta
Ropa,1558.19,288,2282.0,29.9,Septiembre,18481.41,alta
Ropa,1676.22,9,,14.2,Abril,28280.54,alta
Ropa,311.24,330,1130.48,35.3,Septiembre,6274.18,alta
Ropa,783.24,61,1696.29,23.1,Abril,12101.86,alta
Ropa,1986.92,427,1146.69,0.4,Diciembre,60187.89,alta
Ropa,817.08,77,,8.7,Octubre,24678.72,alta
Ropa,911.63,103,2935.85,4.6,Julio,5681.92,alta
Tecnologia,786.68,57,2074.03,23.6,Junio,8590.7,alta
Alimentos,218.73,244,633.21,2.7,Abril,3691.07,media
Tecnologia,1915.18,96,,22.6,Junio,47326.01,alta
Hogar,373.35,124,2270.53,40.2,Mayo,4704.18,media
Alimentos,1248.38,367,2747.46,44.7,Julio,24291.88,alta
Hogar,1051.06,499,1915.61,9.9,Enero,14734.89,alta
Hogar,547.87,154,1513.46,34.4,Enero,9331.63,alta
Tecnologia,1517.06,429,4507.81,9.7,Agosto,19488.77,alta
Ropa,1981.03,438,4802.23,46.0,Noviembre,43939.77,alta
Tecnologia,1002.78,407,4752.5,38.6,Agosto,6809.2,alta
Tecnologia,1209.22,30,1826.16,23.9,Mayo,17149.54,alta
Alimentos,467.2,152,1538.54,37.0,Agosto,8311.89,alta
Deportes,1344.18,289,,23.9,Septiembre,34170.74,alta
Ropa,142.78,107,2778.07,15.6,Abril,6618.55,alta
Ropa,1943.71,392,3557.28,5.7,Junio,58526.37,alta
Hogar,905.04,362,3668.04,32.2,Abril,20274.72,alta
Deportes,1579.06,374,2169.12,8.6,Mayo,44004.91,alta
deportes,436.2,256,3112.22,12.5,Mayo,6872.23,alta
Deportes,1009.49,105,784.3,3.8,Enero,30316.18,alta
Ropa,1407.59,172,4826.39,36.2,Julio,20388.27,alta
Ropa,909.31,12,173.18,43.8,Diciembre,24374.55,alta
Hogar,1228.96,365,,41.9,Abril,30124.58,alta
Alimentos,578.31,397,4409.17,32.0,Septiembre,9506.34,alta
Tecnologia,905.38,87,527.91,38.9,Enero,4422.43,media
Hogar,,18,1.01,36.0,Abril,422.06,baja
Deportes,1903.52,448,1622.14,23.4,Mayo,9244.34,alta
Deportes,1299.59,43,2730.42,6.8,Agosto,14489.48,alta
Ropa,1882.69,336,3755.28,5.4,Diciembre,20481.02,alta
Deportes,450.62,245,4789.95,14.8,Diciembre,11089.35,alta
Deportes,1012.25,163,1124.2,9.4,Julio,30683.51,alta
Hogar,973.15,264,3519.42,48.9,Mayo,18269.55,alta
Deportes,753.09,394,2410.63,36.5,Noviembre,19598.31,alta
Ropa,606.35,16,601.87,2.6,Marzo,3197.71,media
Alimentos,944.71,249,4049.97,22.0,Julio,29152.38,alta
Tecnologia,1563.82,71,3781.58,18.9,Enero,123965.0329410824,alta
Tecnologia,595.49,341,2532.56,4.6,Septiembre,8533.21,alta
Alimentos,,414,,40.3,Diciembre,30635.98,alta
Tecnologia,213.73,407,911.85,24.4,Marzo,3335.12,media
Alimentos,905.72,29,1586.67,25.9,Enero,4658.25,media
Tecnologia,525.64,156,3955.0,37.8,Diciembre,14528.26,alta
Deportes,883.9,184,61.71,12.7,Abril,9942.17,alta
Deportes,366.45,88,3913.5,36.2,Diciembre,8554.27,alta
Alimentos,1046.83,25,2473.77,20.7,Febrero,4456.43,media
DEPORTES,94.17,253,1657.26,27.0,Octubre,1924.27,media
Ropa,644.54,235,3615.32,15.8,Octubre,17635.73,alta
Tecnologia,959.99,265,3100.42,44.3,Marzo,8203.42,alta
Ropa,549.06,304,4034.31,45.0,Febrero,7554.41,alta
Tecnologia,894.02,136,4689.2,43.7,Mayo,24867.14,alta
Deportes,77.03,285,1593.92,20.5,Enero,1791.54,media
Ropa,1230.04,66,436.65,8.6,Mayo,19413.44,alta
Hogar,602.37,186,3265.4,24.8,Mayo,10867.5,alta
Hogar,919.93,439,1991.36,37.7,Mayo,7845.67,alta
Ropa,159.48,233,801.28,6.2,Abril,3455.22,media
Alimentos,1539.81,282,,24.6,Junio,30332.39,alta
Hogar,235.82,141,2704.47,0.2,Abril,4639.54,media
Deportes,1772.75,319,4064.05,6.4,Julio,40276.34,alta
Deportes,797.22,456,4805.29,14.0,Abril,23404.08,alta
Alimentos,1307.17,153,1447.34,32.3,Junio,38224.98,alta
Tecnologia,762.68,190,84.35,43.0,Enero,12503.46,alta
Tecnologia,332.66,331,4771.05,21.9,Septiembre,9464.95,alta
Deportes,1121.25,186,3069.57,46.3,Enero,24570.68,alta
Hogar,1263.33,318,,19.5,Agosto,137062.82456865042,alta
Ropa,1787.78,57,1434.9,1.4,Abril,51255.38,alta
Hogar,574.68,304,3761.94,24.0,Agosto,8409.37,alta
Hogar,267.01,39,4735.95,27.7,Junio,8706.27,alta
ROPA,586.72,352,3940.85,42.8,Mayo,15109.26,alta
Ropa,1271.77,249,4033.69,29.9,Agosto,36409.27,alta
Alimentos,257.32,28,4474.63,27.0,Noviembre,8147.91,alta
Alimentos,777.94,457,1157.42,41.1,Mayo,24117.7,alta
Hogar,153.64,307,550.26,45.2,Marzo,3759.2,media
Alimentos,581.49,102,2509.35,18.1,Febrero,7881.82,alta
Deportes,1110.21,108,1079.79,39.1,Octubre,6068.97,alta
Alimentos,280.2,63,52.54,8.4,Agosto,176654.72877542634,baja
Tecnologia,1911.48,229,,15.1,Junio,41766.07,alta
Deportes,1979.0,419,2787.58,48.7,Enero,23706.92,alta
Deportes,423.71,450,1831.44,31.1,Julio,9103.57,alta
Hogar,746.11,345,4660.13,39.7,Enero,17738.44,alta
Alimentos,269.38,32,3238.49,4.2,Marzo,5901.97,alta
Deportes,,31,2082.35,22.8,Octubre,12097.93,alta
Ropa,1207.09,485,2176.04,30.7,Julio,18553.24,alta
Tecnologia,1340.88,298,207.9,6.3,Enero,31306.43,alta
Tecnologia,165.84,64,1975.41,5.7,Noviembre,2575.78,media
Ropa,,161,3823.39,36.5,Noviembre,47066.14,alta
Alimentos,662.12,154,1749.58,8.1,Abril,18079.36,alta
Tecnologia,1653.78,336,4982.85,3.1,Septiembre,8565.26,alta
Tecnologia,994.9,174,10.05,20.4,Mayo,17797.52,alta
Ropa,899.41,369,1457.53,1.0,Febrero,24534.2,alta
Ropa,984.3,64,2404.7,24.7,Agosto,26296.75,alta
Tecnologia,1747.51,257,4082.53,38.9,Diciembre,10909.88,alta
Tecnologia,839.94,369,3724.59,28.6,Octubre,11457.99,alta
Tecnologia,1576.1,325,2073.58,43.9,Mayo,48955.57,alta
Ropa,485.54,257,468.17,29.3,Marzo,12307.5,alta
Tecnologia,431.59,30,2841.16,35.0,Noviembre,4992.84,media
Hogar,1017.57,37,2519.23,46.4,Mayo,28222.99,alta
Hogar,1017.2,181,1266.06,28.7,Junio,6782.73,alta
Deportes,,152,2100.33,5.1,Noviembre,3926.11,media
Alimentos,,151,3689.12,40.9,Junio,4865.18,media
Ropa,53.25,16,2225.53,17.4,Septiembre,2049.39,media
Hogar,1347.84,355,4019.73,48.0,Marzo,15768.95,alta
Ropa,1052.6,120,2754.38,44.4,Abril,22608.15,alta
Tecnologia,1544.82,204,1695.25,25.4,Septiembre,45481.0,alta
Ropa,529.01,154,4633.2,10.1,Septiembre,12115.9,alta
Tecnologia,217.63,193,385.53,12.0,Junio,5296.92,alta
Ropa,1364.92,287,2110.0,31.0,Noviembre,36870.65,alta
Alimentos,1988.99,408,2065.96,12.2,Noviembre,10233.04,alta
HOGAR,237.28,162,388.72,11.2,Julio,1227.38,baja
Alimentos,1556.46,280,2341.77,49.1,Enero,14660.67,alta
Alimentos,934.02,497,4273.1,2.0,Enero,19599.54,alta
Tecnologia,,390,3892.85,23.5,Junio,18066.3,alta
Ropa,453.97,381,4175.07,31.7,Septiembre,16014.17,alta
Deportes,1341.37,369,1214.44,27.8,Julio,15111.16,alta
Alimentos,1129.69,478,385.39,3.3,Diciembre,30182.98,alta
Deportes,482.84,177,3748.04,12.6,Junio,9776.19,alta
Ropa,1021.16,249,2094.48,14.6,Diciembre,15543.2,alta
Deportes,422.21,312,2391.24,0.1,Diciembre,4264.85,media
Ropa,1665.99,275,485.37,33.9,Agosto,15695.77,alta
Tecnologia,559.26,47,4368.48,37.8,Octubre,13737.83,alta
Alimentos,690.81,333,1070.45,23.1,Octubre,12131.39,alta
Ropa,1087.33,384,4305.3,49.3,Julio,11702.87,alta
Hogar,822.68,234,,19.5,Octubre,19865.97,alta
Ropa,27.29,100,4226.73,3.7,Octubre,3647.25,media
Tecnologia,782.14,432,4350.2,37.5,Marzo,6978.53,alta
Tecnologia,,227,4740.28,7.8,Febrero,11842.42,alta
Hogar,920.38,243,3502.04,25.9,Octubre,24498.63,alta
Ropa,,422,3570.48,7.7,Diciembre,7847.23,alta
Ropa,1900.48,49,2080.73,19.1,Mayo,56510.26,alta
ropa,1513.65,79,2956.79,22.6,Diciembre,25824.91,alta
Tecnologia,106.98,486,2173.83,26.8,Enero,202326.3864197026,media
Deportes,,384,222.36,38.0,Marzo,6857.29,alta
Hogar,776.73,202,665.38,22.2,Octubre,13419.88,alta
Ropa,394.96,106,3280.24,34.4,Julio,5437.72,alta
Hogar,405.55,283,358.21,11.3,Febrero,10306.16,alta
Ropa,1945.8,370,4174.18,6.9,Diciembre,12885.7,alta
Tecnologia,,413,2302.59,33.8,Septiembre,20467.1,alta
Ropa,1021.72,335,3946.16,1.4,Mayo,8118.4,alta
Hogar,155.0,152,2666.58,31.9,Agosto,4852.76,media
Deportes,,354,4176.03,8.0,Agosto,11409.33,alta
Ropa,1446.06,394,,14.6,Junio,17545.96,alta
Deportes,1109.65,314,440.81,38.9,Septiembre,32878.26,alta
Tecnologia,966.58,326,,16.1,Noviembre,5449.0,alta
Deportes,242.72,187,97.26,45.2,Febrero,6298.41,alta
Deportes,1568.56,96,,44.5,Marzo,19057.1,alta
Deportes,70.95,308,4675.52,46.9,Enero,4993.7,media
Tecnologia,919.7,26,4332.83,33.3,Mayo,5465.31,alta
Alimentos,1381.82,270,1669.81,40.3,Agosto,21451.38,alta
Deportes,511.66,422,4623.49,45.5,Octubre,10432.2,alta
Deportes,1732.19,181,732.96,9.8,Agosto,24846.62,alta
Tecnologia,1876.29,234,,21.9,Diciembre,31512.06,alta
Ropa,141.89,224,1284.98,6.1,Septiembre,4493.19,media
Hogar,119.91,278,2785.88,37.8,Diciembre,5759.05,alta
Alimentos,1243.81,274,,44.9,Junio,22598.13,alta
Alimentos,196.9,381,2786.32,40.3,Junio,7023.46,alta
Tecnologia,743.04,467,574.18,49.9,Junio,13408.34,alta
Hogar,1025.78,68,2066.81,50.0,Agosto,24280.26,alta
Tecnologia,1241.37,257,2862.29,14.5,Noviembre,33919.59,alta
Deportes,482.11,351,4967.81,46.7,Octubre,16307.05,alta
Hogar,892.39,23,1487.24,50.0,Enero,9886.45,alta
Ropa,76.6,452,4688.6,36.8,Marzo,4855.52,media
Deportes,613.44,413,3778.46,8.2,Diciembre,9093.32,alta
Alimentos,1513.23,340,2348.63,5.5,Agosto,15212.01,alta
Hogar,470.62,38,3302.39,34.9,Junio,14381.22,alta
Ropa,994.56,488,3162.65,43.4,Mayo,9004.7,alta
Tecnologia,1958.92,389,637.73,28.5,Enero,59070.59,alta
Ropa,30.45,311,2077.18,1.2,Febrero,2799.08,media
Hogar,779.11,32,,17.4,Julio,3689.64,media
Hogar,1568.32,106,107.73,13.3,Septiembre,18368.79,alta
Tecnologia,1915.86,108,,26.9,Septiembre,44529.72,alta
Alimentos,1599.27,326,433.22,23.2,Enero,12915.84,alta
Hogar,904.71,304,3244.24,45.0,Diciembre,15072.2,alta
Alimentos,1864.48,387,3508.13,50.0,Julio,19292.67,alta
Alimentos,1176.52,291,1020.56,40.4,Febrero,29803.0,alta
Ropa,795.35,162,3614.89,21.0,Febrero,19649.28,alta
Deportes,598.83,107,1806.15,21.3,Abril,14505.5,alta
Hogar,1593.88,38,2193.75,9.3,Julio,9393.93,alta
Tecnologia,1045.67,375,3061.95,26.9,Mayo,8714.98,alta
Alimentos,1244.59,453,3955.02,14.8,Junio,39389.68,alta
Alimentos,1968.63,21,757.94,13.8,Mayo,35963.89,alta
Deportes,827.77,226,4496.2,38.8,Enero,22388.81,alta
Hogar,1415.31,9,1593.49,3.5,Agosto,133814.51885017843,alta
Hogar,53.86,333,1487.45,45.1,Mayo,2251.38,media
Tecnologia,1887.74,306,1216.56,40.1,Enero,19109.42,alta
Alimentos,998.65,469,,38.1,Diciembre,22841.78,alta
Tecnologia,582.21,7,224.89,41.9,Junio,2136.31,media
ALIMENTOS,359.11,476,4141.02,4.4,Noviembre,8898.21,alta
Deportes,816.67,351,4867.84,31.1,Mayo,11399.09,alta
Ropa,1548.35,184,3379.75,7.1,Octubre,37296.98,alta
Deportes,957.38,143,908.6,15.2,Marzo,7497.79,alta
Tecnologia,352.16,201,3583.37,25.3,Febrero,8759.53,alta
Deportes,1778.77,320,,24.6,Septiembre,47965.72,alta
Deportes,621.07,20,3135.29,38.3,Octubre,12212.54,alta
Alimentos,1416.4,115,2758.68,22.7,Diciembre,9317.91,alta
Ropa,1343.6,260,540.68,34.4,Febrero,28933.05,alta
Ropa,949.55,252,4504.47,44.4,Marzo,8400.09,alta
Alimentos,989.18,373,1921.63,36.6,Marzo,8599.1,alta
Tecnologia,284.2,291,3568.49,45.6,Julio,3584.9,media
Deportes,1051.28,343,1424.58,37.7,Julio,12373.63,alta
Deportes,1220.72,284,2195.61,45.5,Agosto,35672.44,alta
Ropa,1080.54,416,,8.8,Julio,16667.44,alta
Tecnologia,35.46,419,3553.08,47.8,Febrero,3358.94,media
Hogar,1724.55,243,1784.27,10.2,Agosto,39511.99,alta
Deportes,1849.57,360,4977.12,47.4,Abril,25427.75,alta
Hogar,1403.15,462,4304.13,14.7,Diciembre,9674.29,alta
Ropa,718.18,47,2940.97,15.6,Mayo,20474.99,alta
Hogar,516.2,51,3596.88,4.8,Diciembre,4315.99,media
Ropa,377.6,216,2274.68,12.4,Enero,11286.09,alta
Ropa,169.42,201,,48.1,Agosto,3837.2,media
Ropa,865.22,50,2840.46,39.3,Octubre,13868.0,alta
TECNOLOGIA,1248.09,402,1903.03,16.3,Abril,20037.87,alta
Deportes,975.23,160,370.26,17.3,Enero,13658.26,alta
Hogar,263.17,496,1910.77,40.7,Diciembre,4992.7,media
Hogar,111.36,96,568.7,30.8,Marzo,2507.91,media
Deportes,594.62,188,2319.3,27.0,Junio,19489.43,alta
Hogar,141.6,232,,12.5,Julio,5417.01,alta
Tecnologia,325.17,248,2034.9,19.7,Febrero,7743.97,alta
Deportes,839.59,451,4602.62,31.7,Abril,7099.77,alta
hogar,1134.45,142,1793.03,46.6,Mayo,22869.64,alta
Deportes,1779.59,265,1311.6,18.5,Junio,45072.6,alta
Ropa,992.07,228,,0.8,Enero,32474.57,alta
Hogar,1418.39,313,4703.48,27.2,Diciembre,31373.48,alta
Hogar,1134.18,345,1040.0,16.4,Enero,28441.33,alta
Ropa,1855.98,38,4895.06,14.5,Septiembre,57851.75,alta
Alimentos,1183.84,120,2660.28,25.8,Octubre,15703.25,alta
Deportes,1963.46,222,133.43,45.1,Mayo,34891.86,alta
Ropa,1118.45,158,2881.73,46.6,Marzo,14196.28,alta
Ropa,550.11,45,,41.7,Julio,7424.4,alta
Deportes,185.52,464,855.92,4.5,Abril,6962.87,alta
Deportes,875.79,235,4963.09,24.2,Enero,27532.7,alta
Hogar,1858.67,416,990.44,31.9,Julio,45566.37,alta
Alimentos,1478.3,199,4551.81,4.6,Junio,47854.55,alta
Alimentos,101.76,365,4171.22,45.0,Febrero,5202.49,alta
Tecnologia,1806.32,338,3893.16,12.8,Octubre,30695.07,alta
Tecnologia,1192.03,460,1585.52,48.7,Septiembre,34504.29,alta
Hogar,1556.87,174,169.51,31.7,Noviembre,9571.65,alta
Tecnologia,1370.43,8,4251.52,43.4,Abril,8317.17,alta
Tecnologia,49.8,386,4044.28,29.5,Diciembre,4607.05,media
Tecnologia,375.52,152,4094.58,8.5,Mayo,9816.94,alta
Ropa,749.83,34,1418.52,4.3,Agosto,3753.13,media
Tecnologia,984.67,77,4548.85,49.7,Octubre,4752.45,media
Ropa,1109.94,376,2611.15,34.7,Mayo,17900.5,alta
Deportes,408.13,458,1963.94,30.7,Febrero,7194.71,alta
Alimentos,1112.4,147,2007.01,25.4,Diciembre,30201.65,alta
Deportes,650.85,119,3588.43,22.9,Septiembre,7999.68,alta
Alimentos,384.25,11,3050.52,11.3,Marzo,4205.75,media
Alimentos,822.19,306,2664.82,47.8,Mayo,24788.14,alta
Ropa,895.27,165,2500.6,13.4,Noviembre,18679.63,alta
Ropa,1505.23,56,4586.52,29.0,Abril,14914.3,alta
Ropa,634.42,25,3389.98,22.7,Mayo,9559.36,alta
Alimentos,335.71,371,2890.04,36.3,Diciembre,10735.99,alta
Tecnologia,1373.16,401,3872.22,45.6,Julio,20680.43,alta
Hogar,1531.65,42,2683.7,27.7,Enero,25682.27,alta
Hogar,1804.98,302,4099.45,14.3,Febrero,29506.28,alta
Hogar,20.48,23,4583.34,15.7,Septiembre,3967.12,media
Ropa,1378.94,171,3295.56,8.7,Abril,9334.22,alta
Tecnologia,,275,4805.15,26.1,Enero,9690.46,alta
Alimentos,1936.46,142,3147.55,11.0,Noviembre,23507.74,alta
Deportes,64.36,418,4149.99,22.2,Enero,5105.71,alta
Hogar,431.13,390,1701.76,10.2,Febrero,11243.62,alta
Hogar,1049.41,299,4594.48,9.3,Septiembre,15072.85,alta
Alimentos,329.98,204,2764.36,41.4,Enero,8588.99,alta
Hogar,1995.14,11,1836.2,42.7,Mayo,11170.12,alta
Alimentos,1250.88,483,3578.62,29.9,Septiembre,27810.54,alta
Ropa,281.82,16,,26.9,Mayo,6246.82,alta
Tecnologia,,442,434.27,35.1,Marzo,32156.09,alta
Deportes,,314,560.22,10.6,Noviembre,30058.05,alta
DEPORTES,683.72,247,748.39,40.5,Noviembre,10973.78,alta
Hogar,1824.89,147,4822.47,32.1,Febrero,26968.88,alta
Alimentos,134.96,411,4446.62,26.4,Diciembre,4568.64,media
Ropa,1060.38,409,817.31,4.1,Septiembre,11451.16,alta
Ropa,1623.9,199,2929.75,1.1,Agosto,12408.93,alta
Ropa,1451.68,150,2161.54,40.6,Abril,31160.58,alta
Ropa,1701.63,397,4073.04,0.7,Febrero,19110.55,alta
Deportes,453.48,232,4787.62,40.1,Noviembre,11384.37,alta
Deportes,1176.16,167,3179.4,38.9,Febrero,8660.6,alta
Hogar,607.2,88,4189.2,28.8,Abril,19922.41,alta
Ropa,472.83,302,965.42,7.8,Noviembre,15369.26,alta
Ropa,89.45,305,39.69,23.2,Junio,788.41,baja
Ropa,899.45,425,1466.22,28.8,Abril,21799.52,alta
Deportes,380.36,148,4056.56,45.7,Junio,222103.70136950415,alta
Alimentos,,37,2465.3,5.6,Enero,10855.65,alta
Tecnologia,755.94,436,2464.13,10.2,Diciembre,9911.62,alta
Hogar,432.84,73,2254.74,38.9,Junio,6046.5,alta
Hogar,1522.47,49,872.09,8.6,Abril,6220.37,alta
Hogar,86.71,116,3780.95,43.0,Marzo,3351.03,media
Hogar,765.35,277,375.61,41.8,Junio,14022.63,alta
ropa,554.39,130,2193.9,11.6,Octubre,6029.96,alta
Alimentos,777.99,220,1138.5,24.8,Marzo,14178.64,alta
Ropa,290.62,95,2104.79,49.9,Junio,6649.01,alta
Ropa,1935.47,417,20.19,12.2,Enero,32711.34,alta
deportes,1924.41,166,3817.76,47.7,Junio,27498.98,alta
Deportes,997.04,371,983.05,40.0,Marzo,16170.33,alta
Deportes,1595.66,205,2396.29,31.1,Marzo,38137.53,alta
Hogar,1379.48,351,3396.1,28.6,Diciembre,6877.55,alta
Deportes,1179.01,228,4922.9,39.8,Febrero,18337.36,alta
Alimentos,1047.96,97,2419.44,42.3,Febrero,29299.65,alta
Hogar,104.99,413,547.24,46.4,Febrero,1318.47,baja
Ropa,1089.72,339,3092.39,42.7,Enero,19061.4,alta
Ropa,1616.76,417,111.61,32.4,Octubre,9504.48,alta
Ropa,1503.84,229,2413.54,6.3,Mayo,33459.27,alta
Alimentos,,287,2111.64,40.0,Agosto,18393.24,alta
Tecnologia,69.5,275,1433.78,46.2,Julio,1317.39,baja
Ropa,1704.23,238,,49.8,Agosto,7938.75,alta
Ropa,1976.24,226,1393.16,18.5,Febrero,44429.56,alta
Tecnologia,1284.45,356,4131.64,20.7,Julio,35250.09,alta
Deportes,331.24,446,815.59,15.9,Junio,6125.45,alta
Alimentos,1812.13,317,3997.6,46.4,Agosto,43021.76,alta
Ropa,1755.26,320,3649.98,14.3,Noviembre,45158.11,alta
Deportes,434.13,429,4604.58,17.7,Septiembre,182175.36961348256,alta
Hogar,1138.86,5,1512.86,20.6,Noviembre,16600.24,alta
Deportes,1012.36,89,3072.81,22.4,Marzo,6161.77,alta
Ropa,912.87,394,3656.33,18.6,Diciembre,17068.28,alta
Ropa,669.01,384,4428.44,22.2,Septiembre,14392.96,alta
Deportes,1394.56,76,1537.37,48.6,Diciembre,7774.43,alta
Tecnologia,1427.64,459,1828.36,14.0,Abril,43612.37,alta
Deportes,1728.75,184,1253.9,34.3,Febrero,10327.66,alta
Alimentos,15.71,400,2419.3,46.4,Abril,2309.58,media
Deportes,587.69,413,1523.0,23.0,Noviembre,8919.78,alta
Deportes,1212.16,44,364.39,8.6,Octubre,23445.43,alta
Alimentos,,74,609.62,14.3,Agosto,28652.64,alta
Alimentos,1989.34,490,52.72,41.1,Julio,12322.52,alta
Alimentos,235.94,108,4247.63,7.7,Septiembre,7854.92,alta
Ropa,1195.14,94,2964.18,1.6,Diciembre,27674.43,alta
Ropa,752.87,138,,31.4,Julio,17720.0,alta
Hogar,1620.61,192,1076.2,4.3,Febrero,8584.72,alta
Deportes,187.6,7,2252.51,4.4,Septiembre,7438.95,alta
Alimentos,256.5,396,2961.84,9.2,Junio,6305.91,alta
Alimentos,1846.25,371,4892.8,19.8,Enero,10425.25,alta
Hogar,905.17,190,314.43,34.0,Marzo,9162.96,alta
Hogar,541.64,274,2871.18,32.3,Octubre,13358.49,alta
hogar,1275.24,479,2159.62,26.1,Julio,27429.46,alta
Ropa,719.79,490,501.79,14.3,Febrero,16061.19,alta
Tecnologia,1140.4,30,,17.7,Octubre,29999.23,alta
Alimentos,668.74,297,802.52,15.2,Septiembre,19002.28,alta
Hogar,1931.12,167,954.78,13.6,Abril,9735.58,alta
Ropa,1524.56,28,3894.4,48.9,Enero,146494.14939338394,alta
Tecnologia,10.47,468,3412.02,19.8,Agosto,3723.57,media
Deportes,383.52,196,2818.13,4.5,Agosto,6369.87,alta
Alimentos,168.07,319,101.52,10.3,Junio,2370.31,media
Tecnologia,325.38,473,3598.79,5.2,Julio,10256.69,alta
Deportes,1006.82,280,3524.0,2.6,Abril,23103.81,alta
Ropa,1550.94,202,428.98,28.8,Octubre,34086.02,alta
Deportes,294.81,113,3603.49,37.5,Diciembre,7123.95,alta
Deportes,1758.36,337,2207.24,26.5,Octubre,22133.26,alta
Hogar,,88,4693.27,12.7,Octubre,7546.56,alta
Ropa,903.46,210,767.63,7.9,Enero,13554.7,alta
Alimentos,139.35,306,4586.54,41.8,Noviembre,6778.4,alta
Ropa,811.64,65,2082.0,24.9,Febrero,19265.89,alta
Tecnologia,134.32,159,1230.52,31.4,Septiembre,4142.88,media
Hogar,41.47,48,4587.41,43.3,Febrero,3288.96,media
Deportes,1114.7,379,,1.1,Octubre,11959.95,alta
Hogar,1715.72,130,4837.98,39.5,Abril,14820.26,alta
Deportes,731.38,235,715.07,30.4,Diciembre,5199.79,alta
Ropa,,98,4394.04,15.2,Junio,45432.23,alta
Deportes,402.28,150,1772.79,28.7,Abril,6439.51,alta
Hogar,1526.4,147,1522.75,49.2,Abril,22161.01,alta
Alimentos,1183.5,450,3288.19,11.3,Marzo,21099.05,alta
Tecnologia,275.17,385,4822.33,29.0,Mayo,8795.51,alta
Ropa,1737.3,299,2442.51,45.6,Agosto,25174.74,alta
Hogar,133.75,36,4742.2,30.0,Julio,3317.01,media
Ropa,253.99,147,1708.1,1.3,Mayo,8607.8,alta
Tecnologia,1279.33,178,18.12,39.6,Agosto,23336.81,alta
Deportes,1305.2,204,2064.92,46.8,Febrero,24047.21,alta
Tecnologia,1828.9,79,3519.38,39.9,Febrero,51844.27,alta
Hogar,561.48,292,2001.79,49.8,Noviembre,4421.66,media
Tecnologia,1489.38,379,,31.7,Diciembre,7542.33,alta
Alimentos,1158.68,326,2064.94,13.2,Junio,5814.96,alta
Alimentos,1716.63,249,,47.1,Diciembre,51892.44,alta
Tecnologia,1744.4,352,668.9,5.0,Abril,24615.42,alta
Hogar,903.53,323,1933.06,14.3,Noviembre,5671.13,alta
Deportes,694.3,112,2610.43,48.2,Enero,18975.84,alta
Alimentos,482.99,168,4111.21,43.5,Mayo,4955.32,media
Alimentos,857.12,286,,31.8,Julio,23773.79,alta
Ropa,1286.49,434,,30.0,Junio,13446.64,alta
Deportes,1986.1,159,3096.7,32.7,Septiembre,12765.48,alta
Hogar,696.68,442,3710.65,43.6,Mayo,21864.02,alta
Ropa,1265.41,112,3160.64,26.7,Febrero,26380.16,alta
Alimentos,1394.87,120,3223.45,37.0,Diciembre,41283.84,alta
Tecnologia,1739.33,243,375.0,32.7,Febrero,15912.05,alta
Alimentos,1547.67,181,,42.6,Diciembre,28788.09,alta
DEPORTES,11.69,382,2740.61,41.7,Junio,2321.05,media
Ropa,236.47,295,3491.57,16.5,Diciembre,9173.26,alta
Alimentos,513.74,163,3305.38,16.2,Diciembre,4342.2,media
Alimentos,613.7,246,2982.62,28.0,Junio,8118.1,alta
Hogar,1537.55,72,3631.97,12.7,Abril,49118.64,alta
Tecnologia,1630.4,337,1383.82,2.4,Mayo,48022.03,alta
Ropa,186.27,193,914.16,43.2,Agosto,1014.72,baja
Ropa,,206,2454.48,26.8,Enero,30845.41,alta
Ropa,1751.36,481,1401.18,46.8,Noviembre,29986.34,alta
Ropa,1735.13,450,4528.85,35.6,Noviembre,24607.77,alta
Deportes,1804.77,167,1376.42,38.0,Septiembre,49410.69,alta
Tecnologia,1605.33,460,638.61,16.0,Junio,36833.01,alta
Alimentos,832.23,440,1096.91,41.7,Agosto,15062.77,alta
Deportes,1283.58,459,2365.65,18.7,Noviembre,12615.66,alta
Hogar,1723.56,78,713.4,44.1,Mayo,17710.81,alta
Ropa,1727.11,134,2918.87,12.0,Noviembre,50854.43,alta
Alimentos,1305.22,101,4024.62,31.9,Marzo,41285.26,alta
Ropa,1513.04,270,782.72,17.3,Diciembre,45656.13,alta
Ropa,1011.03,464,3910.81,42.4,Septiembre,20913.38,alta
Ropa,1505.37,304,3955.19,14.4,Mayo,27516.52,alta
Ropa,1508.42,209,846.8,40.9,Julio,32900.15,alta
Ropa,,131,,15.9,Enero,56996.12,alta
Ropa,,191,4017.85,21.1,Enero,20577.26,alta
Alimentos,660.72,219,,39.9,Febrero,122134.63365784255,alta
Tecnologia,,484,4716.94,20.5,Agosto,13184.04,alta
Deportes,835.68,443,4671.73,41.0,Noviembre,18958.13,alta
Alimentos,1496.43,109,2750.27,7.9,Junio,24433.92,alta
Tecnologia,78.28,379,4719.75,29.8,Enero,5874.14,alta
Alimentos,,342,2114.0,41.2,Enero,5384.71,alta
Ropa,643.6,495,3121.07,17.9,Septiembre,20091.78,alta
Tecnologia,1430.61,275,,11.7,Julio,39434.22,alta
Alimentos,1340.99,27,844.87,40.5,Marzo,22611.98,alta
Deportes,639.89,425,4093.76,26.1,Octubre,16482.78,alta
Ropa,503.3,456,4137.38,33.5,Noviembre,6380.74,alta
Tecnologia,56.95,212,2156.4,45.0,Marzo,2928.25,media
Ropa,1014.63,155,,18.3,Septiembre,9923.91,alta
Hogar,729.32,409,1398.04,17.6,Octubre,15458.56,alta
ALIMENTOS,376.62,182,4108.18,24.8,Abril,6612.32,alta
Tecnologia,872.79,101,4871.13,5.6,Junio,9880.11,alta
Tecnologia,,146,835.89,24.2,Noviembre,14752.65,alta
Alimentos,1628.12,111,2101.69,44.6,Octubre,16985.59,alta
Alimentos,317.86,215,2204.58,34.7,Marzo,3412.04,media
Deportes,,99,1784.04,27.8,Octubre,11984.6,alta
Alimentos,968.43,50,4902.91,37.9,Julio,28982.93,alta
Deportes,1068.68,158,64.67,15.6,Febrero,31414.7,alta
Deportes,1334.41,286,733.34,40.7,Marzo,27106.58,alta
deportes,1993.15,436,4293.62,45.7,Octubre,58920.23,alta
Deportes,19.44,21,4525.25,30.9,Julio,3995.57,media
Hogar,24.96,81,4882.9,3.3,Abril,4218.68,media
Tecnologia,544.68,53,705.44,41.2,Agosto,11293.31,alta
Alimentos,1083.42,241,632.46,39.0,Octubre,18179.9,alta
Tecnologia,1607.45,28,4323.78,47.4,Agosto,26855.0,alta
Tecnologia,1777.97,410,4618.0,12.0,Marzo,53727.01,alta
Tecnologia,845.83,173,3642.75,21.2,Julio,20084.58,alta
Deportes,1438.38,396,3692.71,40.7,Enero,28882.26,alta
Alimentos,900.01,343,1938.76,5.5,Julio,9222.73,alta
Alimentos,,174,3275.7,0.8,Octubre,24671.81,alta
ROPA,,305,322.62,34.2,Diciembre,34682.16,alta
Tecnologia,1538.43,407,2986.56,14.3,Diciembre,23379.33,alta
Deportes,1882.93,35,3706.24,42.1,Agosto,42628.0,alta
Tecnologia,586.01,317,4276.78,39.6,Febrero,8104.0,alta
Ropa,1585.8,71,1996.21,42.6,Septiembre,7107.06,alta
Ropa,1456.77,243,4050.32,28.0,Mayo,39832.72,alta
Hogar,71.72,133,1119.58,35.0,Mayo,2463.21,media
Tecnologia,1666.95,387,4997.83,22.6,Junio,23266.81,alta
Ropa,1230.97,124,3960.22,15.0,Julio,26533.1,alta
Alimentos,1588.44,445,3692.47,27.1,Septiembre,17117.17,alta
Alimentos,1029.71,491,132.08,19.2,Noviembre,12526.7,alta
DEPORTES,1763.26,153,,49.9,Abril,22499.52,alta
Hogar,122.04,368,478.28,40.4,Octubre,1334.48,baja
Hogar,324.95,356,1285.41,33.6,Marzo,3429.64,media
Ropa,1590.71,105,1927.57,40.6,Marzo,4904.72,media
Alimentos,1113.83,113,1189.0,12.4,Octubre,26761.56,alta
Ropa,1899.79,96,,0.3,Febrero,57203.2,alta
Hogar,1550.97,230,4313.61,37.8,Junio,44444.96,alta
Tecnologia,1743.33,439,3256.74,46.0,Enero,32790.55,alta
Alimentos,1560.62,96,2813.52,34.5,Junio,45294.26,alta
Deportes,1576.83,302,3782.57,44.0,Octubre,16083.26,alta
Ropa,23.48,176,709.36,15.5,Septiembre,812.8,baja
Ropa,1122.17,128,,43.9,Enero,10247.33,alta
Ropa,1846.22,262,1286.32,14.1,Marzo,23239.58,alta
Deportes,,10,462.96,3.4,Diciembre,1223.91,baja
Ropa,828.97,228,880.33,36.6,Marzo,6571.8,alta
Ropa,753.25,191,4000.85,35.2,Octubre,16014.51,alta
Deportes,717.51,445,3629.86,40.4,Diciembre,14612.1,alta
Deportes,529.03,217,1731.94,18.0,Febrero,7741.67,alta
Tecnologia,1257.18,46,2029.26,34.9,Agosto,15283.01,alta
Tecnologia,527.84,13,1062.38,18.1,Noviembre,12422.24,alta
Deportes,149.65,329,197.76,41.6,Noviembre,1751.58,media
Tecnologia,1695.7,434,,42.9,Marzo,24299.48,alta
Ropa,933.78,384,67.81,17.4,Diciembre,18426.92,alta
Hogar,1385.64,418,4464.13,30.0,Enero,43709.94,alta
Tecnologia,,327,450.72,49.0,Febrero,32795.54,alta
Hogar,1176.38,143,898.97,49.4,Junio,32793.38,alta
Tecnologia,1170.69,56,3816.48,40.0,Febrero,23874.19,alta
Hogar,,435,,7.2,Julio,17436.9,alta
Hogar,1159.67,287,859.83,17.3,Marzo,20110.23,alta
Ropa,1466.43,397,3676.17,49.3,Diciembre,35462.88,alta
Tecnologia,969.22,452,1939.82,13.1,Agosto,14157.25,alta
Deportes,1794.01,189,463.3,5.0,Marzo,46078.63,alta
Alimentos,1088.34,139,1622.95,0.9,Mayo,21994.18,alta
Hogar,1178.56,99,3326.89,27.4,Agosto,15779.86,alta
Tecnologia,295.19,63,1134.77,6.5,Febrero,8473.85,alta
Ropa,867.57,309,1390.64,15.2,Agosto,17293.45,alta
Alimentos,719.59,293,1450.26,33.4,Agosto,7539.09,alta
Deportes,499.87,293,3667.46,18.6,Febrero,11914.08,alta
Ropa,245.49,110,3138.49,8.6,Enero,8003.47,alta
Hogar,246.2,159,111.5,41.3,Enero,5548.32,alta
Alimentos,1758.14,139,1114.69,1.0,Mayo,24673.92,alta
Tecnologia,27.95,491,2522.49,3.7,Julio,3537.17,media
Ropa,961.28,42,4010.8,29.9,Agosto,24198.31,alta
ROPA,1992.65,353,4950.0,32.2,Mayo,52148.13,alta
Alimentos,1642.4,217,3788.56,14.9,Diciembre,16676.62,alta
Tecnologia,1525.2,11,4461.32,47.5,Agosto,34498.59,alta
Tecnologia,953.75,57,2475.67,47.0,Julio,29570.13,alta
Deportes,1696.64,269,2750.38,5.8,Octubre,20983.6,alta
Hogar,82.19,78,3322.58,4.4,Febrero,4332.3,media
Tecnologia,1720.63,72,533.93,23.5,Diciembre,40551.51,alta
Tecnologia,432.59,179,2248.49,16.7,Abril,14041.34,alta
Ropa,906.43,220,2.74,49.4,Enero,7658.54,alta
Hogar,441.07,93,1862.82,34.2,Julio,3760.43,media
Alimentos,599.06,47,,38.3,Septiembre,11604.56,alta
Ropa,579.11,410,412.08,49.7,Diciembre,12660.53,alta
Ropa,1725.45,375,3252.89,33.0,Abril,8954.27,alta
Hogar,71.88,372,,19.5,Abril,5959.87,alta
Deportes,1416.21,100,47.15,3.6,Mayo,19984.29,alta
Hogar,672.58,112,3117.14,19.2,Julio,7651.96,alta
Hogar,1836.06,377,2538.5,41.5,Marzo,56559.54,alta
Alimentos,998.44,19,4366.54,8.1,Julio,14128.91,alta
Deportes,409.09,389,114.48,42.4,Enero,10642.76,alta
Alimentos,1151.84,375,2437.79,35.8,Mayo,27644.06,alta
Hogar,292.84,339,1334.31,23.1,Septiembre,5159.93,alta
Alimentos,,41,2160.08,12.1,Junio,32339.19,alta
Hogar,85.47,265,1166.5,11.7,Marzo,1899.99,media
Tecnologia,309.76,145,3619.99,26.9,Agosto,4325.59,media
Hogar,399.78,86,956.49,41.2,Marzo,4206.04,media
Alimentos,1393.36,408,2825.2,7.0,Noviembre,35171.92,alta
Hogar,789.66,76,740.89,20.1,Marzo,8250.69,alta
Tecnologia,708.04,309,3205.27,5.1,Octubre,14585.02,alta
Deportes,1956.95,97,4894.13,11.2,Enero,10595.71,alta
Deportes,292.49,494,3731.69,32.9,Junio,7913.61,alta
Alimentos,323.69,94,650.84,45.3,Noviembre,5894.97,alta
Hogar,1377.76,17,,27.7,Julio,24348.35,alta
Hogar,1639.06,173,,1.8,Julio,6393.15,alta
Deportes,670.46,58,,15.7,Noviembre,16918.73,alta
Ropa,842.05,142,2867.93,19.6,Junio,21514.37,alta
Alimentos,422.07,475,3086.69,23.5,Abril,9780.13,alta
Ropa,353.92,340,1724.68,3.6,Octubre,3188.44,media
Ropa,290.37,437,3377.91,7.0,Abril,8623.13,alta
Deportes,1374.96,70,,19.4,Marzo,41311.78,alta
Alimentos,,99,3895.23,22.2,Mayo,54678.15,alta
Tecnologia,1052.12,254,1608.13,22.6,Mayo,10624.4,alta
Hogar,758.52,447,1441.74,38.3,Febrero,20307.49,alta
Alimentos,,52,4506.23,45.5,Mayo,40206.42,alta
Hogar,353.82,226,4246.0,11.2,Octubre,13365.71,alta
Ropa,361.63,106,,20.2,Noviembre,5417.49,alta
Tecnologia,1001.06,307,3880.49,46.0,Junio,28005.14,alta
Tecnologia,366.78,447,3319.0,41.2,Septiembre,13268.95,alta
Deportes,252.46,121,2102.32,37.6,Abril,9504.19,alta
Hogar,1382.39,37,4090.73,40.3,Junio,34036.98,alta
Deportes,1388.42,436,3131.76,22.6,Junio,35208.72,alta
Tecnologia,770.09,203,1329.35,6.4,Mayo,13511.45,alta
Deportes,1729.07,229,2103.25,12.5,Febrero,21010.09,alta
Alimentos,110.34,319,406.95,31.1,Enero,3694.88,media
Alimentos,501.46,341,4881.33,49.8,Julio,14355.99,alta
Alimentos,322.68,194,3622.44,26.2,Enero,3685.46,media
Hogar,960.85,361,3220.58,17.2,Marzo,16611.18,alta
Alimentos,454.99,81,329.55,12.8,Abril,1660.34,media
Alimentos,1043.54,376,2300.87,4.0,Diciembre,14094.74,alta
Hogar,1411.03,32,,25.0,Marzo,26251.85,alta
Deportes,150.51,44,,41.6,Marzo,3442.83,media
Alimentos,1715.34,67,1513.07,43.4,Febrero,11867.97,alta
Ropa,174.53,166,406.2,15.5,Febrero,4074.89,media
Hogar,1504.46,17,2628.49,12.3,Septiembre,5975.17,alta
Deportes,117.23,85,3644.09,44.1,Agosto,3912.48,media
Deportes,1121.7,15,4636.0,11.5,Agosto,15472.27,alta
Tecnologia,464.49,247,2982.96,36.2,Octubre,3523.67,media
Hogar,763.3,304,59.22,4.1,Abril,15027.84,alta
Ropa,380.15,448,4996.14,37.6,Febrero,7610.37,alta
Deportes,685.9,359,4373.69,10.1,Diciembre,6632.58,alta
Alimentos,59.11,430,374.87,10.6,Noviembre,1296.76,baja
Alimentos,523.28,269,,27.9,Mayo,8404.7,alta
Tecnologia,855.61,287,,41.3,Mayo,8648.6,alta
Deportes,,481,4390.66,47.7,Octubre,34502.29,alta
Hogar,465.06,189,4963.42,31.4,Agosto,6370.76,alta
Ropa,1965.02,325,1943.53,13.1,Noviembre,46087.9,alta
Alimentos,1125.86,12,3642.48,37.3,Febrero,32442.86,alta
Tecnologia,421.02,5,4039.37,27.7,Septiembre,11579.41,alta
Ropa,994.9,301,658.64,37.0,Septiembre,19481.06,alta
Alimentos,977.25,294,3447.23,2.2,Febrero,31317.05,alta
Alimentos,791.9,213,3055.45,43.4,Marzo,5530.07,alta
Alimentos,745.4,281,2585.08,16.5,Julio,10633.37,alta
Tecnologia,489.72,239,3578.07,20.5,Julio,13649.64,alta
Deportes,930.65,58,3860.12,47.2,Octubre,27594.97,alta
Tecnologia,,482,4297.98,33.4,Diciembre,35860.22,alta
Deportes,980.88,32,3616.4,11.0,Julio,16909.64,alta
Ropa,,362,2719.78,6.7,Octubre,14340.0,alta
Deportes,1367.92,348,,39.4,Abril,40044.0,alta
Hogar,928.56,36,787.97,19.7,Abril,17714.63,alta
Alimentos,843.67,45,4744.76,33.3,Julio,9488.7,alta
Ropa,1200.94,315,849.73,15.1,Julio,18142.11,alta
Hogar,117.13,111,828.52,43.2,Junio,1498.49,baja
Alimentos,,489,1418.92,44.6,Abril,4427.36,media
Deportes,1750.25,185,1410.8,19.6,Octubre,33675.79,alta
Ropa,373.27,71,4192.75,24.3,Mayo,11116.06,alta
Ropa,1748.46,494,3406.66,4.2,Noviembre,29579.06,alta
Ropa,1722.07,403,,13.8,Mayo,30555.68,alta
Ropa,491.59,345,3880.15,16.3,Agosto,12459.42,alta
Tecnologia,1719.61,187,4295.98,31.8,Enero,52754.6,alta
Hogar,1072.48,402,2000.94,27.0,Abril,32181.17,alta
Alimentos,508.58,264,2510.1,32.3,Octubre,9581.11,alta
Deportes,572.0,127,4674.43,40.0,Julio,5972.85,alta
Ropa,1465.3,93,521.51,3.6,Junio,39801.39,alta
Hogar,1266.45,392,4731.43,4.7,Enero,16055.83,alta
Hogar,283.46,39,3126.24,8.8,Junio,7149.47,alta
Deportes,1983.15,330,780.58,9.7,Abril,21751.71,alta
Tecnologia,1389.05,20,4650.51,35.5,Enero,30844.53,alta
Deportes,,459,2859.34,13.1,Enero,8778.0,alta
Ropa,222.72,71,3579.85,37.3,Octubre,9049.07,alta
Ropa,1502.36,368,4803.13,4.0,Junio,40053.37,alta
Alimentos,1328.47,245,39.16,37.7,Abril,20890.42,alta
Ropa,1434.55,446,2869.44,15.0,Agosto,7326.25,alta
Tecnologia,1043.41,461,2152.27,39.8,Junio,18390.14,alta
Hogar,503.81,166,557.09,15.4,Mayo,14919.9,alta
Hogar,1222.64,80,3602.51,45.6,Mayo,34972.53,alta
Alimentos,547.42,318,4565.88,14.4,Mayo,9016.72,alta
Hogar,1890.14,341,4035.21,28.4,Octubre,48181.13,alta
HOGAR,1985.6,404,2513.0,42.7,Noviembre,38847.86,alta
Alimentos,269.92,398,3940.82,0.8,Febrero,6334.68,alta
Alimentos,44.02,311,3735.95,18.4,Julio,4205.97,media
Tecnologia,1579.86,302,3480.42,40.7,Agosto,28517.44,alta
Alimentos,870.9,286,1404.82,33.0,Septiembre,22518.8,alta
Tecnologia,415.35,323,2522.47,29.5,Julio,4099.58,media
Deportes,24.87,80,1179.06,23.8,Noviembre,579.87,baja
Alimentos,262.37,480,4229.55,13.8,Marzo,8063.98,alta
Ropa,1636.71,104,1736.71,37.6,Noviembre,21100.42,alta
Deportes,1369.85,393,2197.96,11.7,Julio,39710.51,alta
Hogar,1201.72,149,21.24,43.3,Abril,22387.82,alta
Tecnologia,229.58,54,1050.51,10.5,Abril,6301.78,alta
Hogar,629.15,471,1488.84,14.9,Febrero,6104.72,alta
Alimentos,1088.21,426,4607.79,3.5,Julio,12431.42,alta
Hogar,1117.61,44,,1.9,Agosto,31001.01,alta
Deportes,1069.16,318,687.68,7.7,Mayo,28781.25,alta
Tecnologia,13.58,22,4335.74,0.7,Febrero,4169.67,media
Alimentos,1379.94,242,4366.35,42.9,Febrero,39808.4,alta
Hogar,,211,2892.64,35.4,Noviembre,9318.56,alta
Hogar,939.98,82,3299.56,29.1,Julio,9885.15,alta
Hogar,1283.13,345,3766.98,18.2,Junio,9966.13,alta
Alimentos,1735.01,309,277.32,0.6,Julio,46858.64,alta
Ropa,215.06,30,4022.48,8.6,Febrero,6570.65,alta
Tecnologia,1090.85,232,869.65,20.0,Mayo,26987.51,alta
Hogar,,473,4842.08,36.0,Julio,38871.93,alta
Deportes,948.34,233,3263.4,22.9,Enero,22117.95,alta
Deportes,435.42,19,193.62,15.8,Abril,7306.19,alta
Alimentos,1948.98,310,4027.46,35.6,Diciembre,12001.54,alta
Tecnologia,910.96,311,1910.64,26.4,Julio,4554.7,media
Deportes,1395.57,148,2768.85,29.4,Noviembre,26057.22,alta
Alimentos,835.57,405,3703.53,48.1,Noviembre,22032.02,alta
Tecnologia,54.38,122,2044.37,20.9,Febrero,2052.74,media
Hogar,1846.18,87,4306.23,38.4,Mayo,17189.99,alta
Deportes,955.22,122,1486.5,16.5,Mayo,26512.74,alta
Hogar,1092.81,60,2021.07,39.8,Marzo,16670.93,alta
Ropa,1839.18,45,1552.53,29.3,Enero,220764.71740839444,alta
Deportes,1403.66,361,834.66,0.0,Febrero,11122.46,alta
Ropa,129.38,283,1305.93,14.1,Febrero,5611.17,alta
Ropa,1945.71,228,,48.0,Julio,28671.47,alta
Hogar,697.78,406,2574.07,28.9,Febrero,22644.98,alta
Ropa,657.88,461,1496.76,7.8,Marzo,4496.65,media
Alimentos,,364,1252.98,9.4,Noviembre,11784.8,alta
Alimentos,1113.85,359,2418.71,14.1,Julio,21292.68,alta
Tecnologia,1557.65,176,2069.31,23.6,Septiembre,8250.69,alta
Alimentos,752.73,411,,45.2,Junio,23375.41,alta
Hogar,1142.42,207,1574.46,47.5,Noviembre,29615.42,alta
Ropa,959.3,438,112.57,6.2,Mayo,9057.14,alta
Alimentos,615.05,182,3234.1,23.8,Enero,12675.41,alta
Alimentos,840.82,295,1581.44,23.4,Octubre,19865.47,alta
Ropa,1214.23,317,2220.32,31.3,Noviembre,35791.89,alta
Hogar,,29,2599.02,47.8,Noviembre,22497.22,alta
Deportes,1194.52,137,1829.92,42.9,Octubre,26205.73,alta
Hogar,1912.76,470,835.34,38.9,Octubre,29759.04,alta
TECNOLOGIA,813.06,17,1358.53,1.8,Noviembre,20082.87,alta
Ropa,396.65,30,4061.12,9.2,Agosto,9174.55,alta
Deportes,949.53,7,4381.01,26.0,Junio,20789.38,alta
Alimentos,122.25,131,,12.8,Marzo,6748.95,alta
Alimentos,1604.6,72,,41.4,Marzo,18660.5,alta
Alimentos,271.68,320,3272.46,30.0,Diciembre,5750.29,alta
Deportes,1852.3,62,3272.48,19.1,Marzo,52719.07,alta
Alimentos,948.83,427,3994.88,32.4,Junio,16753.53,alta
Deportes,427.1,246,2874.21,30.6,Julio,3747.79,media
Tecnologia,,90,1240.76,42.3,Octubre,11614.67,alta
Tecnologia,256.47,297,4852.96,24.0,Mayo,11876.42,alta
Ropa,548.31,403,3407.03,17.5,Julio,13690.64,alta
Tecnologia,898.99,356,4337.74,39.7,Octubre,30254.65,alta
Deportes,1582.92,111,,6.9,Noviembre,31796.23,alta
Alimentos,943.68,91,3409.85,10.6,Febrero,153101.19715859072,alta
Hogar,1200.67,114,4297.12,29.0,Junio,17004.01,alta
Ropa,1913.79,99,1452.73,12.3,Marzo,38824.66,alta
Hogar,658.13,387,4433.38,42.6,Julio,7561.7,alta
Tecnologia,1477.91,433,2786.87,9.9,Octubre,29177.58,alta
Tecnologia,303.58,489,1734.07,21.1,Enero,11208.24,alta
Hogar,331.28,425,1331.55,13.5,Abril,10278.24,alta
Deportes,1978.49,54,46.69,43.7,Enero,13204.88,alta
Hogar,193.83,131,1266.15,0.2,Diciembre,4055.87,media
Deportes,110.29,113,25.37,48.5,Mayo,2230.68,media
Alimentos,1715.86,491,348.16,11.4,Marzo,27470.8,alta
alimentos,1828.78,345,2232.38,37.5,Febrero,14069.55,alta
Deportes,483.21,211,1061.64,1.7,Febrero,8021.41,alta
Ropa,1194.05,326,1990.35,21.9,Septiembre,14798.01,alta
Ropa,1851.41,239,2380.35,28.8,Julio,14988.1,alta
Deportes,23.19,69,2165.68,35.4,Julio,185085.99004694627,media
Hogar,988.86,118,3435.07,12.1,Febrero,9793.68,alta
Tecnologia,1250.87,63,4631.57,34.0,Julio,28156.93,alta
Hogar,374.13,326,2521.35,28.6,Septiembre,10974.77,alta
Hogar,266.84,324,3246.71,27.9,Agosto,5587.87,alta
Alimentos,1064.5,363,3861.91,1.0,Mayo,22480.8,alta
Tecnologia,428.31,189,1507.33,29.8,Abril,7306.93,alta
Ropa,940.17,402,233.37,35.2,Agosto,10606.75,alta
tecnologia,627.12,279,495.2,47.0,Agosto,9582.23,alta
Hogar,996.81,406,4755.33,4.0,Septiembre,26290.52,alta
Hogar,,124,685.55,6.8,Diciembre,1341.13,baja
Hogar,468.48,77,3914.68,44.6,Agosto,12128.42,alta
Tecnologia,1102.43,197,3362.91,25.9,Mayo,19591.85,alta
Ropa,197.29,420,3255.37,5.2,Abril,7815.03,alta
Tecnologia,,222,4849.06,22.4,Diciembre,26005.59,alta
Hogar,1350.46,148,1198.38,14.4,Diciembre,22919.95,alta
Tecnologia,1842.81,477,381.9,37.8,Marzo,53846.6,alta
Alimentos,,44,3196.5,27.3,Diciembre,26253.8,alta
Alimentos,1996.49,297,3689.37,23.5,Junio,16330.22,alta
Tecnologia,1192.67,353,3751.89,23.4,Junio,30770.81,alta
Alimentos,1326.3,158,3676.67,11.3,Abril,17818.52,alta
Alimentos,555.33,394,3043.62,48.0,Julio,10931.17,alta
Hogar,552.08,259,55.11,30.0,Febrero,6770.67,alta
Hogar,1986.22,41,,25.1,Septiembre,37137.37,alta
Alimentos,1746.53,120,507.88,0.6,Junio,26846.66,alta
Tecnologia,542.22,416,4934.27,5.8,Noviembre,7869.18,alta
Ropa,1305.07,472,3002.97,9.3,Octubre,11397.37,alta
Deportes,1124.72,433,3132.11,43.6,Septiembre,34977.92,alta
Ropa,1800.57,56,3717.2,21.3,Julio,48290.76,alta
Hogar,1579.61,228,,26.4,Mayo,49876.33,alta
Ropa,1652.17,252,4112.09,1.1,Agosto,43783.22,alta
Ropa,674.12,105,4718.91,25.6,Diciembre,17423.79,alta
Hogar,1102.37,467,1972.46,45.1,Febrero,12550.64,alta
Tecnologia,661.76,489,250.43,26.7,Julio,6875.78,alta
Hogar,283.43,499,2735.56,36.5,Noviembre,3887.75,media
Alimentos,1890.83,89,2351.51,6.6,Junio,38845.25,alta
Hogar,1285.79,165,4559.89,30.5,Febrero,31726.72,alta
Tecnologia,1892.21,63,743.04,49.0,Octubre,17826.94,alta
Hogar,24.87,94,1866.81,43.9,Diciembre,1502.51,media
Tecnologia,1983.7,314,2029.67,15.8,Noviembre,58943.21,alta
Deportes,224.0,261,3494.16,22.5,Febrero,9291.11,alta
Hogar,54.18,278,4630.98,13.2,Noviembre,5004.74,alta
Ropa,87.96,294,4627.49,20.6,Mayo,5486.19,alta
Alimentos,827.38,149,1016.57,0.4,Agosto,6488.81,alta
Ropa,188.11,271,3531.84,1.5,Mayo,7815.72,alta
Alimentos,60.89,183,808.45,15.0,Septiembre,2022.61,media
Tecnologia,494.7,69,273.39,7.2,Julio,14980.93,alta
Ropa,333.81,190,1351.21,26.5,Septiembre,8757.83,alta
Ropa,1696.84,275,1365.12,34.1,Noviembre,26502.76,alta
Ropa,1741.13,264,1962.2,2.9,Noviembre,36051.92,alta
Hogar,381.35,166,,13.7,Junio,4029.14,media
Alimentos,,118,2898.42,11.6,Noviembre,7515.52,alta
Alimentos,1390.4,164,195.08,1.7,Septiembre,39905.59,alta
Alimentos,1295.98,286,,31.2,Noviembre,21258.78,alta
Hogar,1185.45,130,387.52,49.2,Junio,11438.92,alta
Ropa,,430,4385.51,26.4,Mayo,183492.18561534537,alta
Hogar,909.04,246,3876.84,16.2,Mayo,26965.68,alta
HOGAR,1000.6,292,4240.88,1.2,Octubre,15964.38,alta
Deportes,1343.83,447,4677.25,40.5,Diciembre,135551.283997832,alta
Deportes,1630.26,499,2511.42,13.7,Junio,47465.23,alta
Alimentos,1331.36,136,3808.0,33.3,Julio,36041.13,alta
Ropa,77.35,160,657.35,40.4,Diciembre,703.66,baja
Alimentos,173.41,128,2461.13,21.4,Julio,5203.36,alta
Ropa,923.46,437,2367.96,50.0,Enero,17816.64,alta
Alimentos,1584.63,183,3069.36,38.3,Febrero,31948.89,alta
Tecnologia,777.72,382,2439.13,49.0,Junio,12276.23,alta
Hogar,956.84,40,2249.36,13.5,Enero,28959.56,alta
Ropa,973.01,485,2209.81,42.4,Enero,26177.67,alta
Deportes,1310.14,467,3804.67,49.2,Agosto,27419.77,alta
Ropa,1121.68,451,976.45,48.5,Junio,5619.97,alta
Ropa,286.0,301,978.47,41.9,Septiembre,3105.36,media
Alimentos,397.47,336,2804.53,16.8,Julio,10196.2,alta
Tecnologia,,491,818.88,25.0,Junio,9754.81,alta
Deportes,1752.87,420,2064.3,7.4,Julio,7414.21,alta
Tecnologia,916.84,276,,1.5,Enero,31195.43,alta
Tecnologia,1038.73,404,,8.9,Agosto,25200.34,alta
Ropa,1930.02,343,3562.3,46.8,Septiembre,58070.38,alta
Hogar,1143.96,161,4207.49,2.2,Enero,15639.08,alta
Deportes,1454.59,251,,42.3,Junio,16015.74,alta
Tecnologia,965.68,74,1732.48,10.9,Abril,26305.96,alta
Alimentos,944.76,19,4645.09,19.3,Mayo,16538.78,alta
Alimentos,703.8,196,4986.41,15.0,Marzo,14967.27,alta
Tecnologia,11.04,242,3141.42,21.7,Septiembre,2763.95,media
Hogar,444.37,490,2150.32,39.6,Abril,10076.23,alta
Alimentos,54.85,337,541.03,36.3,Agosto,2252.56,media
DEPORTES,1647.21,388,2371.42,4.1,Enero,33998.49,alta
Tecnologia,1024.62,200,,40.6,Julio,9032.64,alta
Ropa,641.0,476,3843.14,36.3,Diciembre,9492.88,alta
Hogar,1696.91,11,1061.14,21.1,Febrero,24162.11,alta
Ropa,17.3,252,4174.76,46.2,Abril,3839.82,media
Hogar,238.86,156,3519.02,44.2,Octubre,9483.56,alta
Hogar,152.06,293,78.4,37.4,Noviembre,5011.34,alta
Deportes,238.27,241,2595.7,36.5,Mayo,4456.67,media
Ropa,461.58,112,826.1,16.2,Septiembre,11068.44,alta
Alimentos,,209,331.65,30.0,Noviembre,7732.53,alta
Ropa,1593.93,455,2029.75,47.7,Julio,14535.2,alta
Deportes,435.23,466,4940.91,22.1,Febrero,8903.38,alta
Tecnologia,1200.07,402,3531.45,9.9,Agosto,24124.71,alta
Tecnologia,1733.83,118,547.73,24.7,Diciembre,7034.81,alta
Tecnologia,186.94,373,2042.44,0.8,Noviembre,5520.72,alta
Tecnologia,1846.12,400,4573.8,0.7,Noviembre,33542.82,alta
Hogar,109.25,319,2019.58,32.7,Julio,4241.35,media
Hogar,,323,3403.08,25.7,Julio,42460.81,alta
Alimentos,228.2,182,3764.31,39.8,Octubre,7099.23,alta
Ropa,1016.71,107,2197.26,22.9,Mayo,15650.49,alta
Ropa,294.39,263,545.74,30.0,Abril,1997.52,media
Ropa,1977.02,320,4485.6,35.9,Julio,41178.29,alta
Hogar,1755.31,298,2573.09,4.4,Noviembre,13715.64,alta
Deportes,1713.29,90,47.63,43.1,Noviembre,20716.09,alta
Hogar,340.34,283,460.06,5.7,Febrero,9204.01,alta
Hogar,1347.3,182,4736.09,48.8,Noviembre,23198.21,alta
Alimentos,850.94,270,2244.18,21.1,Junio,4344.61,media
Hogar,444.85,16,3517.89,22.4,Enero,9080.35,alta
Hogar,1214.74,102,2364.39,48.5,Julio,26313.19,alta
Deportes,1486.63,121,1353.87,0.6,Junio,44662.28,alta
Alimentos,859.77,286,,4.7,Marzo,12548.74,alta
TECNOLOGIA,1428.23,224,4318.66,17.1,Octubre,25769.12,alta
Alimentos,1997.68,77,3688.21,47.7,Diciembre,26121.34,alta
Ropa,152.78,241,2492.92,16.0,Septiembre,3678.79,media
Ropa,1806.86,277,3260.08,28.1,Marzo,25660.29,alta
Deportes,253.4,268,4598.85,10.3,Noviembre,6840.44,alta
Alimentos,1945.35,168,200.76,19.2,Julio,13407.55,alta
Ropa,1051.12,284,3816.78,40.0,Octubre,14129.18,alta
Alimentos,1524.21,55,4570.59,46.0,Junio,7466.82,alta
Tecnologia,905.52,244,,29.4,Enero,8039.81,alta
Deportes,1775.44,347,1534.56,40.3,Marzo,28376.12,alta
Ropa,1153.95,217,4714.55,26.0,Noviembre,20376.87,alta
Alimentos,1010.54,265,1650.12,48.5,Enero,5714.93,alta
Hogar,,471,3035.72,9.7,Julio,7702.15,alta
Deportes,1027.94,143,36.19,28.9,Enero,10759.91,alta
Hogar,1363.65,267,963.92,10.7,Octubre,38265.92,alta
Hogar,562.94,238,1150.14,18.5,Enero,11751.06,alta
Hogar,1269.91,269,,2.2,Agosto,17039.63,alta
Deportes,50.88,148,3003.01,43.9,Enero,2834.25,media
Hogar,399.62,483,3366.58,18.6,Diciembre,6252.02,alta
Deportes,1647.6,473,1895.57,8.0,Julio,45733.79,alta
Alimentos,1839.39,52,2930.46,45.9,Noviembre,51851.64,alta
Tecnologia,933.73,422,1465.42,21.7,Enero,26786.47,alta
Ropa,,104,3213.17,32.6,Enero,8712.8,alta
Deportes,,239,4748.74,24.5,Diciembre,25859.97,alta
Alimentos,1225.96,287,847.39,22.7,Mayo,18879.05,alta
Deportes,1618.39,117,4026.31,11.8,Diciembre,34750.83,alta
Tecnologia,577.85,387,,37.1,Septiembre,18057.43,alta
Hogar,118.0,476,2697.06,14.1,Diciembre,4336.84,media
Ropa,1898.84,215,3538.91,37.8,Octubre,41628.88,alta
Hogar,1584.53,455,,18.8,Diciembre,33458.96,alta
Alimentos,1496.41,278,2126.82,40.2,Junio,7035.41,alta
Tecnologia,,213,2841.53,15.2,Noviembre,25141.34,alta
Hogar,747.37,357,226.24,4.1,Mayo,21994.55,alta
Tecnologia,852.81,82,4545.91,25.8,Junio,222184.60004491638,alta
Tecnologia,228.95,128,2860.4,7.7,Diciembre,8030.68,alta
tecnologia,1014.79,317,3368.87,7.7,Noviembre,7907.63,alta
Tecnologia,1345.81,201,2361.78,25.3,Agosto,32293.37,alta
Hogar,1293.42,458,518.03,47.8,Junio,12244.92,alta
Tecnologia,1140.13,283,345.71,39.3,Mayo,32846.92,alta
Alimentos,1925.71,182,1773.69,38.1,Mayo,47150.92,alta
Hogar,1572.41,19,327.98,24.9,Enero,5771.28,alta
Tecnologia,,173,3284.04,31.1,Mayo,44253.73,alta
Alimentos,,135,,45.9,Noviembre,12634.38,alta
Deportes,1370.36,67,4082.36,14.1,Agosto,15256.06,alta
Ropa,1076.24,242,199.58,36.8,Febrero,15361.37,alta
Tecnologia,222.56,380,1611.21,24.5,Mayo,3082.09,media
Tecnologia,219.17,131,2936.91,22.4,Diciembre,3078.81,media
Ropa,1841.86,133,513.2,25.8,Agosto,43829.03,alta
Ropa,913.34,115,1412.59,43.9,Enero,14868.57,alta
alimentos,216.62,272,2160.06,19.7,Octubre,4326.65,media
Tecnologia,411.68,114,3716.28,22.8,Junio,4751.31,media
ropa,,345,1098.34,46.7,Junio,23332.9,alta
Alimentos,,485,2539.74,47.8,Agosto,6149.38,alta
Alimentos,1938.29,141,3511.91,21.7,Noviembre,23255.2,alta
Tecnologia,638.77,187,1236.28,38.1,Abril,11740.3,alta
Ropa,1122.47,36,3384.26,48.7,Enero,35380.45,alta
Hogar,783.36,85,2966.9,33.5,Noviembre,4045.95,media
Hogar,1122.1,430,103.18,15.8,Octubre,27838.3,alta
Tecnologia,,33,,34.6,Junio,195591.0114909948,alta
Deportes,345.71,456,4130.65,3.4,Junio,8588.78,alta
Hogar,950.55,11,2641.58,38.6,Febrero,14564.78,alta
Deportes,1006.04,476,1710.69,18.3,Abril,16324.81,alta
Hogar,1155.04,315,2161.65,39.8,Mayo,19756.96,alta
Tecnologia,1513.34,381,4503.23,14.8,Octubre,17388.02,alta
Hogar,1110.02,53,1630.76,19.0,Septiembre,8015.79,alta
Ropa,1401.27,233,2886.69,40.6,Marzo,23297.45,alta
Tecnologia,1853.3,463,433.31,47.5,Marzo,36584.63,alta
Alimentos,1345.86,452,,25.6,Enero,18754.21,alta
Alimentos,1267.26,167,4087.23,36.9,Febrero,14100.65,alta
Alimentos,1013.44,347,3513.6,14.1,Abril,17069.96,alta
Alimentos,1688.51,154,,10.5,Enero,12537.4,alta
Tecnologia,1981.35,344,3865.4,31.3,Febrero,61015.57,alta
Ropa,1556.75,454,689.62,22.1,Noviembre,36522.7,alta
Ropa,661.65,264,3096.43,33.5,Julio,5780.67,alta
Alimentos,165.3,106,2688.12,28.1,Mayo,3615.94,media
Ropa,221.53,447,4838.73,44.6,Junio,10532.03,alta
Deportes,,191,3057.53,25.3,Mayo,14935.3,alta
Tecnologia,1986.28,440,3748.3,37.9,Septiembre,13967.02,alta
Alimentos,1560.36,161,1735.88,34.6,Septiembre,136530.19232336525,alta
Hogar,1894.87,180,2850.0,11.2,Febrero,57830.2,alta
Hogar,420.88,89,4992.49,7.1,Octubre,13916.76,alta
Alimentos,,174,1480.0,21.0,Diciembre,23167.41,alta
Ropa,33.96,314,4485.26,4.2,Mayo,4544.13,media
Deportes,1490.64,144,924.59,29.6,Agosto,12275.91,alta
Hogar,334.29,287,4471.67,18.8,Febrero,11940.77,alta
Alimentos,,351,1779.1,30.4,Febrero,10810.2,alta
Tecnologia,169.7,227,2214.63,24.9,Mayo,2847.04,media
Alimentos,1594.77,249,121.39,16.0,Mayo,17848.69,alta
Hogar,1536.56,228,2096.44,39.5,Enero,10133.87,alta
Deportes,1085.06,479,3899.05,24.6,Julio,18866.56,alta
Hogar,496.23,113,4445.93,44.2,Mayo,8235.79,alta
Alimentos,33.24,91,4949.54,49.5,Febrero,3768.0,media
Hogar,842.3,273,2755.29,40.3,Enero,7273.73,alta
Tecnologia,1924.75,413,3599.96,45.4,Febrero,54721.54,alta
Ropa,1598.87,98,2967.02,49.7,Enero,41117.33,alta
Ropa,1819.1,405,4771.65,13.6,Julio,24234.42,alta
Alimentos,1098.99,11,1962.13,20.6,Mayo,6478.13,alta
Hogar,308.43,185,1340.46,19.5,Febrero,4688.83,media
Alimentos,1017.59,486,1011.04,22.6,Marzo,133916.8566866368,alta
Alimentos,1799.23,183,3946.0,2.3,Abril,36093.4,alta
Hogar,1448.47,117,2536.64,11.3,Octubre,44737.02,alta
ROPA,483.83,389,3585.52,4.1,Enero,15553.83,alta
Alimentos,321.1,160,3515.48,10.7,Agosto,9190.66,alta
Tecnologia,1693.01,372,1358.17,20.6,Septiembre,8557.88,alta
Deportes,1166.64,227,2081.53,21.0,Junio,24128.26,alta
Alimentos,239.36,38,4760.22,26.4,Mayo,6152.68,alta
Tecnologia,605.25,48,2919.21,6.8,Abril,18549.09,alta
Tecnologia,,124,2478.74,31.5,Octubre,26197.76,alta
Ropa,234.3,146,1008.24,14.2,Abril,5125.43,alta
Tecnologia,246.22,233,4647.59,24.4,Diciembre,10010.14,alta
Alimentos,1886.92,386,3621.79,38.6,Julio,11493.85,alta
Alimentos,981.9,469,1146.3,29.0,Abril,8725.89,alta
Deportes,1189.31,354,1785.58,43.7,Septiembre,17655.22,alta
Alimentos,72.53,167,1631.39,4.0,Mayo,3087.63,media
Hogar,97.05,404,2715.15,25.8,Diciembre,5219.55,alta
Deportes,1031.31,109,2107.91,22.1,Agosto,5727.18,alta
Tecnologia,1720.71,447,2677.57,6.8,Mayo,32363.69,alta
Deportes,,328,1558.53,28.8,Noviembre,49595.14,alta
Alimentos,547.98,274,922.42,6.3,Noviembre,10230.12,alta
Alimentos,1191.29,296,1159.56,19.5,Enero,20764.43,alta
Deportes,,362,1469.61,25.0,Abril,11398.57,alta
Ropa,663.53,152,2901.95,7.8,Julio,4364.9,media
Alimentos,155.34,13,1859.42,19.0,Septiembre,6099.63,alta
Hogar,1871.92,306,1664.0,1.7,Noviembre,12340.85,alta
Ropa,1879.84,364,2545.93,15.0,Agosto,41922.82,alta
Tecnologia,1014.82,247,632.49,44.2,Marzo,12960.85,alta
Tecnologia,,367,,5.1,Junio,6365.57,alta
Tecnologia,1508.36,367,2561.26,14.7,Julio,26909.92,alta
Deportes,,332,110.67,47.8,Diciembre,3996.17,media
Deportes,1366.26,183,713.69,2.6,Febrero,30742.76,alta
Alimentos,1972.72,42,1097.06,23.4,Julio,49166.59,alta
Deportes,558.84,454,41.57,4.5,Septiembre,14620.33,alta
Ropa,1633.13,242,3587.84,23.3,Junio,11891.16,alta
Tecnologia,1884.22,472,414.99,6.4,Mayo,8068.6,alta
ropa,,249,4000.76,44.0,Enero,30584.92,alta
Deportes,376.8,367,837.84,1.2,Abril,11505.35,alta
Hogar,1997.02,400,4649.81,11.2,Junio,59542.12,alta
Deportes,172.1,371,2906.99,40.6,Marzo,5143.46,alta
Tecnologia,1218.97,24,1114.95,0.5,Enero,30059.64,alta
Deportes,603.68,118,3488.29,2.1,Mayo,6121.0,alta
Ropa,749.98,114,157.6,34.3,Noviembre,8862.39,alta
Alimentos,,331,739.23,28.8,Septiembre,44710.39,alta
Alimentos,1389.43,400,3516.1,14.4,Agosto,16077.61,alta
Alimentos,,103,2936.99,31.5,Octubre,8030.78,alta
Hogar,1974.74,274,3728.26,22.4,Mayo,59016.26,alta
Alimentos,514.29,348,80.37,5.6,Julio,4783.2,media
Tecnologia,1334.71,232,160.61,44.8,Septiembre,24595.22,alta
Alimentos,,52,1312.13,32.6,Enero,14544.82,alta
Deportes,1785.8,374,3464.11,21.8,Mayo,22890.36,alta
Hogar,1374.96,327,832.09,46.2,Noviembre,13123.7,alta
Tecnologia,447.84,40,3956.39,47.9,Septiembre,7867.88,alta
Tecnologia,845.21,475,2876.27,46.6,Junio,26207.6,alta
Alimentos,1127.46,374,1362.53,5.8,Diciembre,27474.32,alta
Ropa,1191.94,272,1055.34,21.9,Junio,22333.97,alta
TECNOLOGIA,,237,3614.69,42.3,Agosto,18188.7,alta
Hogar,1892.18,461,1254.91,41.2,Octubre,20225.67,alta
Hogar,766.64,250,617.64,39.5,Enero,12630.86,alta
Ropa,670.41,410,4791.84,22.4,Julio,9896.52,alta
Ropa,,301,,32.6,Marzo,5688.94,alta
Ropa,1414.81,167,2624.26,49.5,Marzo,34693.94,alta
tecnologia,458.49,364,1221.84,41.5,Marzo,7303.38,alta
Deportes,1961.44,448,126.64,31.0,Agosto,28984.26,alta
Deportes,,154,4516.6,29.7,Julio,10576.79,alta
Deportes,1834.52,57,4626.49,16.9,Abril,16006.09,alta
deportes,1255.68,229,874.96,6.5,Enero,21407.73,alta
Tecnologia,1096.3,105,647.18,19.5,Junio,29797.28,alta
Tecnologia,1676.35,331,2183.52,39.4,Febrero,11678.11,alta
deportes,474.88,251,3372.97,29.6,Julio,14385.92,alta
Tecnologia,,69,4548.04,49.0,Abril,4157.87,media
Ropa,973.89,450,3599.64,23.0,Enero,7382.57,alta
Deportes,174.91,181,2193.65,36.0,Octubre,2679.24,media
Ropa,689.43,132,864.68,6.2,Agosto,14831.04,alta
Alimentos,888.39,425,3018.56,8.8,Septiembre,27264.71,alta
Alimentos,1809.35,411,3743.25,22.6,Diciembre,28264.99,alta
Tecnologia,1613.99,455,3966.52,31.6,Agosto,34597.82,alta
Ropa,239.57,486,1633.1,7.6,Julio,4158.91,media
tecnologia,739.74,479,2098.52,24.7,Octubre,6969.65,alta
Hogar,1438.23,31,3225.01,27.8,Marzo,21141.1,alta
Deportes,556.92,195,2621.71,35.1,Agosto,9637.93,alta
Alimentos,569.06,472,306.69,18.6,Septiembre,3986.83,media
Hogar,151.3,342,3978.23,8.4,Noviembre,7846.8,alta
Ropa,1499.93,193,469.15,31.4,Junio,31091.33,alta
TECNOLOGIA,461.35,81,2162.89,38.2,Abril,10575.49,alta
deportes,1348.26,153,4201.28,30.0,Julio,12711.03,alta
Ropa,232.98,381,4674.83,29.5,Noviembre,6387.53,alta
Deportes,630.93,139,871.23,2.5,Agosto,13651.98,alta
Alimentos,1402.89,297,3236.31,40.9,Septiembre,14468.18,alta
Ropa,1307.81,186,3570.21,4.9,Octubre,41120.65,alta
Hogar,,59,1080.24,5.5,Julio,16101.18,alta
Hogar,1887.19,209,3790.04,12.6,Abril,32087.83,alta
Deportes,1687.59,180,3266.22,47.3,Octubre,51959.82,alta
Ropa,1779.23,293,4583.93,30.4,Octubre,15631.62,alta
Tecnologia,205.16,327,166.02,2.9,Junio,6255.52,alta
Ropa,1718.53,334,4307.93,21.1,Octubre,21560.47,alta
Deportes,723.85,79,4855.93,34.2,Agosto,10365.13,alta
Hogar,1855.64,357,4220.68,31.2,Octubre,50604.48,alta
Alimentos,929.68,481,3275.46,37.1,Abril,10383.04,alta
Deportes,576.33,280,2218.51,43.6,Septiembre,14045.31,alta
TECNOLOGIA,1890.61,338,4783.72,36.3,Junio,44857.99,alta
Ropa,,318,3749.0,46.2,Junio,45850.01,alta
Deportes,1460.4,480,1852.03,43.6,Marzo,45229.99,alta
Hogar,1381.09,77,2084.04,21.8,Julio,11469.44,alta
Hogar,1019.95,425,4369.16,11.7,Octubre,182289.0069376091,alta
Alimentos,524.8,482,3442.33,1.3,Agosto,10017.05,alta
Tecnologia,16.26,219,314.03,20.9,Marzo,1196.8,baja
Alimentos,,123,1894.06,16.7,Agosto,18433.73,alta
Hogar,1493.4,326,,25.9,Septiembre,28448.68,alta
Ropa,420.58,225,1967.07,12.0,Diciembre,10706.57,alta
Hogar,444.36,413,1826.93,2.7,Diciembre,8045.23,alta
TECNOLOGIA,430.08,113,2230.0,19.5,Enero,7290.14,alta
Ropa,,258,4016.18,40.3,Enero,10925.75,alta
Deportes,25.49,90,1939.45,46.9,Octubre,1321.55,baja
HOGAR,770.22,246,2991.23,2.5,Febrero,13268.71,alta
Hogar,549.72,162,1163.03,39.1,Junio,11302.57,alta
Ropa,961.51,319,4575.01,6.8,Mayo,32654.46,alta
Deportes,1277.83,473,3749.0,12.0,Julio,17687.74,alta
Tecnologia,288.86,459,3614.97,35.5,Noviembre,5174.98,alta
Deportes,594.12,482,1768.58,42.8,Febrero,3585.61,media
Alimentos,1766.91,82,1809.1,29.3,Junio,21281.96,alta
Hogar,1771.42,210,848.07,28.7,Marzo,45083.29,alta
Hogar,1633.73,489,4458.66,9.9,Mayo,43578.57,alta
Hogar,1234.95,329,4807.21,38.3,Octubre,9913.82,alta
Tecnologia,1820.83,77,1351.15,43.8,Agosto,7084.09,alta
Tecnologia,1681.07,443,1919.03,7.1,Julio,12052.76,alta
Ropa,1390.6,437,1858.67,29.9,Julio,41680.55,alta
Ropa,1706.72,247,1893.04,18.1,Agosto,37135.64,alta
Alimentos,1370.54,80,3894.36,39.3,Febrero,7773.67,alta
Ropa,1439.99,435,1063.99,34.7,Abril,30281.52,alta
Ropa,1494.53,401,272.58,22.8,Abril,15226.83,alta
Deportes,586.81,108,4920.5,37.3,Diciembre,13351.02,alta
Deportes,770.11,295,3018.04,6.4,Agosto,14376.11,alta
Hogar,426.95,407,1138.78,22.9,Febrero,10553.4,alta
Deportes,1625.16,420,1153.33,46.1,Julio,33645.23,alta
Deportes,774.75,381,1624.19,3.0,Agosto,18986.19,alta
Alimentos,1913.49,397,1364.49,0.0,Julio,38125.58,alta
Tecnologia,1948.91,252,2621.66,45.7,Enero,28433.42,alta
Tecnologia,1930.9,427,3544.25,46.5,Septiembre,25284.39,alta
Tecnologia,54.99,56,3813.86,32.5,Marzo,3056.19,media
Hogar,1634.7,283,4507.07,19.8,Septiembre,48499.13,alta
Hogar,431.03,9,914.65,29.3,Mayo,9779.44,alta
Alimentos,,233,3707.76,5.1,Agosto,20844.73,alta
Deportes,1070.37,332,4693.93,43.8,Marzo,29440.4,alta
Tecnologia,1698.8,272,3874.18,12.9,Febrero,32537.56,alta
Ropa,,361,2448.11,9.5,Abril,28455.35,alta
Hogar,1325.97,157,1801.84,15.6,Octubre,30956.1,alta
Ropa,633.91,122,111.88,41.2,Abril,9892.83,alta
Tecnologia,907.87,493,2481.78,30.4,Marzo,27457.42,alta
Deportes,389.39,202,4118.43,3.5,Diciembre,11849.08,alta
Deportes,402.41,433,2797.76,28.0,Febrero,8037.56,alta
Hogar,791.34,105,2269.19,22.6,Enero,13384.06,alta
Tecnologia,,135,2187.21,48.3,Marzo,27444.23,alta
Alimentos,1638.69,396,341.51,23.7,Noviembre,45001.46,alta
Deportes,1685.2,444,107.17,37.8,Octubre,9167.01,alta
Tecnologia,776.65,269,19.58,12.2,Abril,9259.42,alta
Hogar,1880.6,205,4841.23,49.2,Marzo,25288.75,alta
Hogar,510.72,164,2353.23,9.7,Febrero,4931.59,media
Hogar,1397.14,302,4693.79,26.8,Noviembre,28552.88,alta
Tecnologia,1643.3,180,4832.13,22.5,Marzo,31449.98,alta
Alimentos,,313,2223.6,19.7,Abril,9365.69,alta
Deportes,1306.19,182,4530.51,36.0,Diciembre,38596.12,alta
Alimentos,1641.56,387,208.69,35.3,Enero,18620.81,alta
Alimentos,1127.11,44,855.44,31.3,Mayo,32410.98,alta
Hogar,638.88,61,1377.33,18.2,Febrero,2651.9,media
Alimentos,1115.16,494,4067.81,41.2,Diciembre,33454.03,alta
Deportes,915.35,87,4090.14,38.1,Noviembre,6189.28,alta
Alimentos,,322,1726.7,2.5,Mayo,13207.44,alta
Ropa,1937.51,106,3184.86,13.4,Mayo,46548.13,alta
Alimentos,855.67,159,1772.06,18.3,Octubre,10449.78,alta
Deportes,1786.07,34,4891.27,30.7,Febrero,18226.75,alta
Hogar,1149.94,8,3641.01,21.4,Junio,35036.88,alta
Ropa,1114.29,36,,5.4,Julio,27910.32,alta
Tecnologia,135.64,142,2046.95,39.0,Julio,2890.04,media
Deportes,1876.81,378,1126.56,2.8,Junio,20034.22,alta
Deportes,,155,3595.9,0.5,Mayo,6779.93,alta
Alimentos,1879.32,169,2761.46,41.7,Marzo,29006.24,alta
Deportes,179.67,257,365.77,24.9,Abril,1496.61,baja
Hogar,1226.04,200,354.9,23.2,Marzo,11900.93,alta
Tecnologia,1255.05,139,3125.09,18.2,Junio,9956.48,alta
Tecnologia,1249.32,323,581.36,39.5,Marzo,26477.15,alta
Ropa,1578.56,406,2070.1,39.8,Septiembre,39838.57,alta
Ropa,887.33,95,432.69,44.5,Diciembre,25174.37,alta
Alimentos,,407,3702.8,23.3,Septiembre,5502.81,alta
Alimentos,1517.73,269,4188.27,23.4,Noviembre,17200.15,alta
Deportes,,413,,0.1,Mayo,31260.57,alta
Alimentos,,309,,45.2,Marzo,19223.18,alta
Tecnologia,1507.49,81,3908.34,23.4,Octubre,44467.97,alta
Ropa,1990.04,90,4963.84,21.2,Junio,36165.89,alta
Hogar,99.22,289,1288.85,27.1,Mayo,3797.16,media
Hogar,220.46,118,569.66,38.6,Junio,3352.81,media
Hogar,63.32,449,3161.07,19.6,Julio,4475.99,media
Hogar,1195.19,129,3510.92,38.1,Enero,27614.25,alta
Hogar,,392,4968.52,30.2,Enero,11090.81,alta
Hogar,651.28,314,3985.86,9.7,Marzo,10408.17,alta
Deportes,1331.29,211,1694.53,26.6,Junio,30926.87,alta
Alimentos,1797.25,74,3733.69,1.9,Abril,27948.36,alta
Tecnologia,411.56,290,4370.18,45.0,Diciembre,14460.81,alta
Alimentos,1212.85,120,3779.59,30.9,Septiembre,22928.33,alta
Deportes,725.43,406,1800.61,5.3,Diciembre,15476.05,alta
Ropa,1447.94,87,4184.0,37.4,Diciembre,10387.18,alta
Alimentos,331.76,234,376.07,29.5,Diciembre,5637.39,alta
Deportes,1906.21,93,,13.3,Mayo,52167.62,alta
Tecnologia,1528.22,281,3290.82,5.7,Agosto,43346.41,alta
Hogar,1079.95,45,3793.21,8.5,Marzo,7459.87,alta
Hogar,1819.2,185,4564.01,41.3,Abril,28297.64,alta
Ropa,1851.6,406,3775.26,36.4,Julio,8082.51,alta
Hogar,683.75,272,2178.41,25.4,Abril,16009.52,alta
Alimentos,1616.27,216,2435.89,47.7,Agosto,16041.11,alta
Tecnologia,1724.94,454,4976.27,20.8,Febrero,24886.45,alta
Deportes,1989.87,418,2889.49,48.2,Agosto,34749.83,alta
Deportes,413.67,288,1864.13,33.3,Julio,13841.09,alta
Ropa,512.3,317,3732.76,49.7,Agosto,18234.66,alta
Deportes,,287,567.4,12.3,Mayo,24032.72,alta
Ropa,1672.03,453,,46.9,Abril,22901.87,alta
Ropa,399.91,471,4443.37,37.8,Abril,11531.3,alta
Ropa,1932.17,228,2184.21,6.0,Enero,30377.47,alta
Hogar,1009.9,147,4905.04,48.7,Diciembre,7867.97,alta
Deportes,1988.32,9,4972.81,19.0,Marzo,60714.5,alta
Deportes,957.76,340,,17.1,Mayo,29526.87,alta
Tecnologia,1821.68,343,3590.97,22.1,Octubre,47255.8,alta
Tecnologia,1871.33,228,1855.5,17.2,Agosto,38726.94,alta
Ropa,551.95,272,2489.2,49.9,Junio,6859.43,alta
Deportes,1624.29,233,4594.28,27.3,Octubre,10263.23,alta
Ropa,554.19,347,1437.82,42.1,Junio,7235.91,alta
Deportes,417.95,59,891.78,10.6,Septiembre,5022.63,alta
Ropa,,247,1466.78,47.9,Marzo,53615.45,alta
Hogar,584.03,438,1159.45,10.5,Diciembre,15655.95,alta
Alimentos,1275.54,419,454.18,9.3,Julio,14741.39,alta
Ropa,1089.78,113,339.34,1.6,Enero,12889.14,alta
Hogar,517.0,161,70.72,8.4,Julio,13048.23,alta
Ropa,,345,3067.62,8.0,Agosto,25298.67,alta
Alimentos,439.58,243,362.55,44.3,Mayo,2066.51,media
Hogar,941.78,348,1753.64,21.9,Octubre,26283.42,alta
Hogar,595.07,356,602.0,34.8,Agosto,179024.02217147415,alta
Tecnologia,1840.73,400,369.77,40.2,Octubre,16738.42,alta
Hogar,1321.07,494,,16.1,Agosto,40065.97,alta
Deportes,418.8,375,957.3,31.8,Septiembre,9493.28,alta
Alimentos,1351.63,463,254.81,40.0,Noviembre,24567.88,alta
ALIMENTOS,520.38,178,2834.46,29.7,Mayo,13847.07,alta
Hogar,1375.45,108,2326.02,44.3,Noviembre,5158.91,alta
Alimentos,992.45,333,2355.92,34.0,Junio,16087.13,alta
Ropa,1956.47,317,2888.36,42.9,Septiembre,33774.9,alta
Tecnologia,,80,3967.65,26.2,Febrero,28189.73,alta
Ropa,1010.89,322,2701.94,41.1,Noviembre,10031.96,alta
Tecnologia,801.32,145,3289.11,16.4,Agosto,14946.31,alta
Hogar,452.51,478,599.19,38.5,Septiembre,2906.02,media
Alimentos,475.08,26,3037.33,30.2,Junio,14794.86,alta
Tecnologia,115.75,466,590.67,47.7,Diciembre,3638.51,media
Ropa,404.69,290,,47.4,Junio,12405.61,alta
Ropa,758.84,283,2143.56,2.6,Mayo,23336.03,alta
Hogar,,164,3212.05,37.2,Diciembre,28761.68,alta
Alimentos,1631.09,373,1671.57,33.1,Noviembre,36156.36,alta
Hogar,1864.08,442,786.22,22.5,Enero,7359.67,alta
Ropa,887.99,40,3724.14,25.6,Noviembre,24896.33,alta
Hogar,209.57,195,1137.04,35.4,Agosto,6781.72,alta
Alimentos,1110.38,354,3432.42,16.7,Febrero,14903.26,alta
Ropa,1642.73,232,3385.78,31.8,Enero,36734.05,alta
Alimentos,1052.62,256,3953.81,37.6,Septiembre,19601.14,alta
Deportes,234.77,260,3703.34,43.0,Febrero,193322.66416449286,media
TECNOLOGIA,1211.59,265,771.46,24.5,Enero,196344.53270847554,alta
Ropa,1708.99,67,22.64,49.1,Noviembre,32846.77,alta
Hogar,1400.27,261,3649.6,7.1,Marzo,20239.38,alta
alimentos,917.62,283,683.48,41.1,Noviembre,22854.49,alta
Tecnologia,612.46,97,3593.01,24.0,Abril,5196.31,alta
Alimentos,19.32,109,3570.97,19.8,Marzo,3110.84,media
Hogar,654.54,154,479.23,41.5,Noviembre,7896.97,alta
alimentos,740.97,306,,37.8,Julio,14887.22,alta
Alimentos,1055.01,425,,8.7,Marzo,9086.22,alta
Hogar,253.13,207,172.28,35.8,Septiembre,4646.23,media
Hogar,1403.65,129,2743.03,33.8,Diciembre,6597.62,alta
Tecnologia,630.09,110,2962.86,7.9,Marzo,19424.32,alta
Ropa,373.68,130,3338.34,0.7,Diciembre,7269.21,alta
Tecnologia,805.59,327,2120.15,33.2,Junio,7496.05,alta
Alimentos,1723.94,407,4343.93,12.4,Julio,43066.88,alta
Tecnologia,1687.82,401,1994.27,2.5,Agosto,43136.82,alta
ropa,604.68,420,1796.08,24.2,Febrero,13021.32,alta
Deportes,1813.93,18,433.26,30.1,Julio,12679.87,alta
Ropa,1001.2,212,786.07,41.9,Abril,13337.61,alta
Alimentos,1298.96,422,,25.2,Junio,23505.48,alta
Deportes,260.41,224,2732.54,0.7,Mayo,4995.76,media
Hogar,1917.11,226,,10.3,Junio,52113.05,alta
Deportes,,463,2036.35,23.8,Diciembre,28983.83,alta
Tecnologia,1602.27,452,,21.7,Agosto,11344.93,alta
Alimentos,1384.56,191,70.9,38.0,Mayo,168637.84379906007,alta
Deportes,757.85,275,2250.63,32.5,Agosto,16193.2,alta
Ropa,515.14,297,4918.2,5.0,Noviembre,6922.12,alta
Hogar,211.4,16,3965.4,46.5,Marzo,4998.65,media
Hogar,,249,4110.61,29.6,Octubre,23675.69,alta
Hogar,1390.65,12,2049.87,38.4,Marzo,41664.87,alta
Ropa,404.3,106,558.65,15.1,Julio,2985.64,media
Deportes,1675.55,313,826.73,36.3,Agosto,49171.54,alta
Deportes,1009.81,475,812.8,3.2,Octubre,16424.2,alta
Alimentos,1242.25,341,1942.89,39.0,Enero,33949.99,alta
Alimentos,1571.34,266,1138.16,38.7,Enero,20746.31,alta
Hogar,926.27,217,937.06,15.6,Septiembre,27634.6,alta
Ropa,526.78,130,2236.26,32.0,Junio,4329.93,media
Ropa,418.37,72,909.8,38.7,Enero,11746.49,alta
Ropa,409.94,88,2034.05,7.1,Noviembre,5054.32,alta
Deportes,,107,1112.28,14.6,Noviembre,23759.41,alta
Tecnologia,424.89,282,1122.07,11.7,Septiembre,13907.03,alta
Deportes,640.09,366,3821.93,49.1,Agosto,21346.36,alta
Alimentos,1142.63,81,2700.18,44.9,Noviembre,16790.49,alta
Alimentos,446.11,295,1068.66,34.2,Agosto,7210.29,alta
Hogar,,418,,22.3,Abril,32491.19,alta
Deportes,81.12,290,4289.5,45.5,Junio,5709.41,alta
Ropa,1650.31,101,231.34,17.4,Junio,34241.17,alta
Tecnologia,1196.6,187,3723.57,45.2,Enero,15663.03,alta
Ropa,1304.67,223,807.26,11.0,Marzo,6498.35,alta
Tecnologia,1787.22,478,843.89,20.3,Diciembre,48728.99,alta
Tecnologia,177.34,223,1497.53,28.4,Octubre,917.08,baja
Ropa,285.12,201,548.28,49.5,Marzo,2929.67,media
Tecnologia,469.68,160,3661.87,12.8,Noviembre,10837.9,alta
Tecnologia,1098.14,294,786.45,8.8,Enero,22436.55,alta
Hogar,590.63,463,3269.46,25.1,Agosto,17403.0,alta
Deportes,701.42,488,3824.04,0.6,Abril,21131.36,alta
Ropa,1937.6,254,851.61,17.8,Julio,49688.88,alta
Deportes,1075.05,78,239.64,18.9,Julio,31316.68,alta
Tecnologia,1920.42,372,3256.89,25.9,Septiembre,43315.51,alta
Deportes,1573.32,322,4742.78,45.5,Septiembre,46792.4,alta
Alimentos,392.83,276,2285.99,34.3,Abril,3121.69,media
Ropa,1373.22,496,1655.82,22.0,Octubre,13157.7,alta
Deportes,,384,4085.74,28.2,Enero,26235.62,alta
Hogar,,326,2723.38,40.7,Abril,9113.32,alta
Alimentos,1347.03,274,,42.4,Septiembre,7177.01,alta
Deportes,1308.39,493,1752.25,35.3,Febrero,21724.87,alta
Alimentos,1502.27,424,,3.6,Marzo,15535.19,alta
Alimentos,1906.81,85,1654.2,34.3,Abril,54895.66,alta
Hogar,681.55,6,57.92,15.2,Mayo,18357.31,alta
Tecnologia,1830.39,348,951.2,23.4,Julio,21852.46,alta
Tecnologia,11.81,191,2611.12,24.8,Febrero,2892.25,media
Ropa,197.05,384,2450.88,40.8,Julio,7624.22,alta
Alimentos,990.72,439,3099.34,13.3,Mayo,10390.76,alta
Ropa,1586.93,247,,12.8,Mayo,42312.75,alta
Hogar,1159.4,470,,36.7,Agosto,29708.8,alta
Hogar,1145.33,275,4380.99,26.2,Marzo,38572.27,alta
Hogar,1502.6,207,4856.82,18.6,Enero,46136.58,alta
Hogar,1174.64,132,698.12,29.8,Enero,31442.67,alta
Hogar,,17,3471.8,10.4,Diciembre,2643.46,media
Tecnologia,451.7,492,3052.24,15.9,Marzo,14738.15,alta
Ropa,1166.03,161,2212.73,46.0,Octubre,25331.21,alta
Tecnologia,1342.79,320,2541.92,21.8,Mayo,26795.62,alta
Alimentos,587.69,127,,39.5,Octubre,3717.96,media
Hogar,455.94,275,3988.67,16.8,Febrero,5351.05,alta
Hogar,916.14,362,1602.39,3.3,Septiembre,19320.19,alta
TECNOLOGIA,872.98,88,3352.1,20.5,Febrero,21042.49,alta
Tecnologia,1320.9,221,3023.76,21.1,Noviembre,20447.26,alta
Tecnologia,841.38,25,,29.4,Julio,6111.39,alta
alimentos,1314.11,267,2240.2,17.3,Abril,30179.95,alta
Tecnologia,1794.14,11,2782.91,16.1,Septiembre,26810.2,alta
Ropa,1535.47,145,2073.52,40.3,Noviembre,31011.8,alta
Ropa,1485.56,288,,42.7,Mayo,10482.66,alta
Deportes,1954.04,221,228.9,29.0,Junio,39158.14,alta
Deportes,1570.76,21,4469.14,0.4,Febrero,14481.06,alta
Ropa,1619.28,87,4514.05,34.3,Noviembre,30511.25,alta
Deportes,645.86,14,631.34,37.2,Enero,9993.66,alta
Alimentos,1423.47,267,,9.2,Octubre,39818.97,alta
Tecnologia,772.19,39,1152.55,33.2,Mayo,7266.52,alta
Ropa,1087.51,68,3136.52,14.1,Julio,23316.52,alta
Tecnologia,426.78,148,3249.87,26.6,Septiembre,10967.52,alta
Alimentos,168.91,161,1221.6,47.6,Febrero,2263.01,media
Tecnologia,1815.69,96,1183.57,35.9,Febrero,27045.82,alta
Hogar,1666.37,56,2263.73,17.3,Junio,27761.41,alta
Ropa,1611.56,149,851.02,2.9,Marzo,27364.24,alta
Alimentos,304.52,20,2902.88,4.6,Septiembre,6431.7,alta
Hogar,801.49,353,3314.7,45.5,Enero,7019.65,alta
Alimentos,1211.67,138,4849.21,6.8,Septiembre,28364.63,alta
Tecnologia,1445.68,130,4776.1,3.0,Marzo,27170.62,alta
Ropa,147.1,440,2975.18,37.5,Diciembre,6289.16,alta
Ropa,686.59,257,685.9,2.9,Julio,11421.7,alta
Ropa,,449,1177.91,47.5,Febrero,4828.1,media
Tecnologia,1324.93,272,3705.77,33.2,Diciembre,36121.71,alta
Ropa,890.56,375,2752.46,16.5,Junio,29269.87,alta
Deportes,1843.34,89,3352.85,28.1,Junio,56153.35,alta
deportes,884.73,372,4649.7,13.3,Agosto,23378.3,alta
Tecnologia,1720.7,420,1596.98,18.4,Marzo,9578.92,alta
Hogar,1887.19,62,791.45,20.1,Abril,40399.96,alta
Deportes,1487.85,229,1538.68,36.1,Noviembre,10377.3,alta
Tecnologia,1987.52,376,2900.48,13.0,Diciembre,26041.25,alta
Tecnologia,1826.24,104,1016.93,4.7,Junio,50786.25,alta
Hogar,1916.55,222,3990.55,33.8,Agosto,32428.96,alta
Ropa,1645.43,442,2021.61,33.7,Mayo,28659.3,alta
Deportes,1665.79,62,1838.79,31.1,Septiembre,37418.93,alta
Alimentos,1752.78,421,4903.69,12.9,Enero,41296.21,alta
Deportes,363.48,378,223.13,14.5,Julio,10202.19,alta
Ropa,1922.32,167,964.24,32.0,Junio,44798.32,alta
Hogar,1684.6,325,3216.24,36.3,Enero,51536.94,alta
Ropa,1686.5,391,1190.4,46.0,Diciembre,46668.95,alta
Tecnologia,642.76,9,682.04,9.5,Enero,3295.15,media
Hogar,1627.2,323,203.12,7.1,Septiembre,18179.74,alta
Alimentos,1124.34,8,1068.53,4.7,Noviembre,31199.76,alta
Deportes,667.71,331,4006.89,18.4,Noviembre,11111.09,alta
ROPA,1765.6,354,4976.7,26.6,Febrero,40751.63,alta
Hogar,1940.01,37,1914.54,21.2,Mayo,28403.51,alta
Hogar,1317.76,375,3454.57,35.7,Agosto,19588.05,alta
Ropa,831.29,273,2235.44,37.9,Noviembre,6068.69,alta
Alimentos,1975.67,324,510.58,3.8,Octubre,54174.46,alta
Deportes,,178,2490.63,32.6,Junio,25925.23,alta
Alimentos,385.65,146,2051.66,5.2,Noviembre,5688.96,alta
Ropa,785.87,346,2327.63,14.4,Septiembre,25458.41,alta
Hogar,1820.13,449,2968.66,10.3,Marzo,18691.45,alta
Ropa,748.97,63,4536.84,25.1,Septiembre,20026.06,alta
Ropa,1689.83,447,2280.89,5.6,Enero,13759.83,alta
Deportes,1415.69,271,508.59,37.2,Mayo,27193.15,alta
Hogar,,281,2337.88,10.5,Julio,38902.72,alta
Deportes,707.79,82,2004.46,35.5,Noviembre,17121.78,alta
Deportes,831.02,469,2566.65,20.2,Febrero,27505.55,alta
Hogar,1547.21,435,2487.36,19.3,Mayo,22977.0,alta
Deportes,1151.75,272,1042.25,4.4,Noviembre,7159.13,alta
Tecnologia,,198,4325.02,32.4,Enero,9248.58,alta
Hogar,,439,3083.48,24.4,Enero,34059.16,alta
Deportes,1779.22,223,585.13,27.0,Julio,5701.94,alta
Deportes,196.81,125,2012.32,17.3,Febrero,7680.85,alta
Tecnologia,829.85,225,3906.3,17.5,Agosto,18337.63,alta
Hogar,410.38,346,3947.86,22.5,Junio,5960.08,alta
Hogar,907.94,54,1340.05,7.1,Mayo,6182.34,alta
Alimentos,242.4,132,1356.12,29.0,Octubre,6941.67,alta
Tecnologia,958.96,368,1348.35,0.9,Diciembre,22640.99,alta
Tecnologia,676.15,37,461.75,29.7,Junio,13665.2,alta
Hogar,862.56,208,3465.12,36.1,Enero,20464.04,alta
Ropa,889.49,414,2994.46,2.5,Abril,22039.34,alta
Tecnologia,43.76,287,4172.24,37.6,Marzo,4482.81,media
Tecnologia,375.45,175,1771.8,37.3,Agosto,8728.21,alta
tecnologia,587.92,337,245.12,15.7,Mayo,9178.46,alta
Tecnologia,611.27,453,2312.9,40.0,Julio,10930.45,alta
Hogar,,405,1833.13,2.5,Diciembre,44719.41,alta
Hogar,1083.45,259,4432.95,18.7,Agosto,33342.75,alta
Hogar,1973.46,359,2042.27,7.7,Enero,25972.25,alta
Deportes,1947.62,14,4606.71,11.4,Febrero,33338.43,alta
Ropa,1043.49,421,3125.78,41.8,Enero,22114.97,alta
Alimentos,1428.54,366,3053.65,29.5,Febrero,28757.01,alta
Ropa,374.8,362,1429.77,22.3,Noviembre,12508.22,alta
Hogar,52.66,290,3609.21,11.5,Octubre,4450.67,media
Hogar,1011.65,412,2337.07,44.0,Junio,21121.66,alta
Tecnologia,763.55,305,2164.27,1.5,Marzo,19862.04,alta
Tecnologia,81.73,436,3524.35,15.9,Septiembre,5165.83,alta
Alimentos,,347,495.75,5.9,Marzo,10300.86,alta
Alimentos,1856.82,155,1986.82,41.4,Mayo,28580.49,alta
Ropa,1005.87,230,,19.8,Diciembre,18869.41,alta
Alimentos,1120.44,234,2083.56,45.9,Diciembre,29487.72,alta
Tecnologia,721.56,321,531.28,34.9,Junio,5418.03,alta
Tecnologia,1326.81,207,2436.1,35.3,Mayo,22172.4,alta
Alimentos,1121.35,197,2290.67,33.2,Enero,29078.12,alta
Alimentos,585.78,18,1236.09,0.7,Agosto,17251.95,alta
Tecnologia,163.02,221,2394.94,25.8,Septiembre,6958.19,alta
Hogar,512.26,145,2941.42,22.6,Agosto,10678.01,alta
Ropa,1794.12,169,4412.32,8.8,Agosto,55680.52,alta
Deportes,1464.81,88,3149.57,39.5,Junio,16459.66,alta
Alimentos,1256.64,225,1899.24,41.6,Enero,20208.17,alta
alimentos,845.09,71,1688.15,46.3,Marzo,10849.56,alta
Hogar,341.91,292,1816.57,17.4,Septiembre,209989.7592442227,alta
Deportes,1547.88,272,4571.17,38.5,Noviembre,46176.04,alta
Deportes,1501.7,260,2694.5,35.1,Julio,8420.7,alta
Deportes,1141.75,475,4570.46,35.0,Enero,24903.11,alta
Deportes,1395.57,148,2768.85,29.4,Noviembre,26057.22,alta
Alimentos,66.53,325,4079.61,24.0,Julio,5573.41,alta
HOGAR,1126.69,164,4163.06,40.3,Julio,12666.14,alta
Tecnologia,171.9,386,2293.53,16.4,Abril,5133.06,alta
Tecnologia,637.27,63,3644.27,23.9,Octubre,20716.7,alta
Deportes,10.3,198,1073.2,9.8,Abril,1380.96,baja
Deportes,1208.1,483,4218.84,28.6,Octubre,7176.27,alta
Deportes,591.2,332,475.11,1.8,Agosto,15318.59,alta
Hogar,1754.37,194,,5.4,Noviembre,10619.33,alta
Deportes,315.1,14,3336.24,7.0,Septiembre,5066.48,alta
Tecnologia,1649.06,292,4501.6,6.7,Abril,45323.87,alta
Deportes,1662.75,340,4675.61,48.9,Febrero,44706.04,alta
Tecnologia,1336.17,373,3152.7,5.3,Junio,36936.18,alta
Alimentos,604.37,6,4201.03,37.7,Octubre,19886.9,alta
Alimentos,355.3,470,146.99,31.2,Enero,11261.74,alta
Alimentos,1902.15,86,4543.31,17.3,Mayo,54330.04,alta
Hogar,427.99,284,3078.95,36.7,Enero,11333.74,alta
Deportes,81.63,420,3333.6,7.6,Abril,3829.05,media
Alimentos,165.65,306,,1.4,Diciembre,5219.5,alta
Alimentos,570.31,275,4229.92,27.4,Julio,12406.99,alta
Ropa,472.42,133,2091.76,14.9,Febrero,5513.06,alta
Alimentos,1178.83,415,358.49,14.1,Octubre,21268.05,alta
Deportes,198.14,130,1100.48,8.4,Mayo,5566.85,alta
Alimentos,247.41,238,4185.86,6.3,Septiembre,4761.11,media
Hogar,1407.04,136,4864.15,8.2,Febrero,21965.73,alta
Deportes,1189.96,105,977.87,22.6,Octubre,12060.97,alta
Alimentos,1886.63,496,1977.23,2.4,Abril,8189.97,alta
Alimentos,1066.4,178,1993.84,50.0,Abril,10012.08,alta
Deportes,1069.17,390,3028.14,20.4,Marzo,11667.75,alta
Ropa,678.81,78,3205.61,44.5,Julio,11279.95,alta
Hogar,1660.76,358,4469.93,21.0,Mayo,28710.93,alta
Alimentos,,181,319.86,40.7,Septiembre,17956.06,alta
Tecnologia,1904.24,231,2843.61,22.3,Marzo,39007.08,alta
Tecnologia,,320,2054.59,39.2,Agosto,3065.14,media
Hogar,1690.29,247,4936.89,33.5,Agosto,21432.22,alta
Deportes,1823.54,35,4207.11,43.1,Abril,31319.36,alta
Deportes,119.21,397,4193.96,14.2,Octubre,5394.45,alta
Deportes,483.43,314,4237.93,48.2,Febrero,17745.77,alta
Hogar,988.86,411,2872.31,15.0,Noviembre,15665.63,alta
Deportes,885.94,422,4674.98,5.1,Febrero,14938.04,alta
Hogar,1642.26,310,990.4,46.4,Septiembre,5717.15,alta
Hogar,1662.84,313,,43.6,Octubre,22700.86,alta
Ropa,1661.23,353,2320.95,24.6,Febrero,32627.23,alta
Deportes,1736.4,327,4164.15,27.7,Marzo,40769.03,alta
Alimentos,800.59,110,4472.38,11.0,Junio,12348.23,alta
Ropa,1188.18,243,4429.2,44.8,Marzo,37815.52,alta
Hogar,1394.47,218,4355.01,24.0,Julio,38420.26,alta
Tecnologia,368.79,94,1148.25,7.1,Noviembre,9789.09,alta
DEPORTES,1204.32,14,3981.29,22.9,Enero,28609.97,alta
Tecnologia,1168.3,441,4513.46,15.9,Julio,8068.49,alta
Tecnologia,349.33,318,2480.6,27.3,Julio,9331.35,alta
Alimentos,744.0,16,,22.0,Marzo,22938.37,alta
Deportes,1668.72,403,704.74,39.2,Diciembre,20329.34,alta
Ropa,680.56,202,906.36,35.2,Agosto,8189.97,alta
Deportes,1235.18,116,1520.08,49.7,Octubre,24103.4,alta
Deportes,1598.83,400,4945.88,10.6,Febrero,32240.9,alta
Hogar,1221.85,110,2991.85,39.5,Diciembre,35251.66,alta
Ropa,763.43,337,1430.16,48.0,Febrero,15573.33,alta
Alimentos,834.62,209,3353.73,12.4,Septiembre,7621.01,alta
Tecnologia,1910.8,88,1696.8,16.4,Febrero,26032.45,alta
Tecnologia,1331.33,168,4623.48,2.8,Diciembre,22529.49,alta
Tecnologia,1587.47,293,,4.4,Enero,39108.01,alta
Alimentos,1078.1,260,3472.0,27.9,Diciembre,13260.42,alta
Deportes,271.91,487,600.11,46.5,Abril,8402.4,alta
Alimentos,1959.89,418,1284.87,34.3,Octubre,8574.05,alta
Tecnologia,1978.82,485,2130.66,33.7,Noviembre,33544.71,alta
Hogar,1583.51,126,4387.46,37.6,Diciembre,29773.47,alta
Tecnologia,1814.87,457,1445.95,28.2,Mayo,18452.76,alta
Tecnologia,1440.17,217,3200.35,38.4,Febrero,42767.71,alta
Deportes,676.8,99,893.79,9.5,Noviembre,12976.89,alta
Hogar,539.19,363,4574.36,13.4,Diciembre,176878.82534860302,alta
Hogar,804.53,15,4194.55,21.2,Diciembre,6719.72,alta
Alimentos,1330.47,455,1356.22,11.6,Abril,4748.39,media
Ropa,927.82,427,3591.34,11.7,Febrero,9641.83,alta
Alimentos,1367.15,397,1109.53,39.7,Enero,6180.81,alta
Alimentos,1121.99,274,309.91,5.3,Diciembre,6812.54,alta
Tecnologia,784.42,225,438.31,22.5,Julio,2898.68,media
Hogar,975.25,395,297.57,16.9,Octubre,27002.7,alta
Hogar,1756.71,72,4664.97,43.2,Junio,53254.1,alta
Deportes,1813.53,235,2689.59,8.5,Septiembre,45910.71,alta
Hogar,,165,674.49,18.2,Abril,11402.45,alta
Ropa,879.15,228,4637.02,46.3,Agosto,14563.73,alta
Alimentos,1902.25,6,,38.1,Enero,24928.13,alta
Tecnologia,1446.44,313,1666.33,49.7,Junio,9566.67,alta
Ropa,1853.29,343,4100.27,25.0,Agosto,14331.67,alta
Ropa,1576.93,429,3863.18,33.4,Diciembre,26045.65,alta
Hogar,902.22,335,12.99,42.8,Octubre,19958.14,alta
Alimentos,,201,4512.66,33.0,Octubre,199152.46095783042,alta
Tecnologia,407.26,214,2215.09,41.8,Octubre,10083.61,alta
Alimentos,1226.79,339,,38.5,Julio,7736.36,alta
Alimentos,791.34,338,4815.87,37.0,Agosto,15146.17,alta
Tecnologia,1391.57,52,1124.65,4.8,Agosto,15582.3,alta
Ropa,1979.42,469,,25.8,Abril,18443.6,alta
Ropa,1375.09,131,379.59,47.7,Mayo,23994.44,alta
Tecnologia,755.92,333,4528.74,5.9,Octubre,9428.62,alta
Ropa,404.1,235,1090.01,13.6,Mayo,7970.74,alta
Deportes,1029.49,465,532.97,25.0,Noviembre,13426.68,alta
Tecnologia,1985.21,8,1949.11,8.6,Enero,24790.56,alta
Alimentos,397.98,278,2656.56,42.8,Septiembre,3617.43,media
Ropa,753.5,451,1198.83,5.6,Septiembre,8793.29,alta
Hogar,1253.58,56,4092.85,3.5,Julio,35984.41,alta
Ropa,1741.13,264,1962.2,2.9,Noviembre,36051.92,alta
Hogar,1722.61,65,1270.76,4.9,Enero,19910.3,alta
Deportes,905.93,185,1666.62,15.7,Agosto,11058.83,alta
Alimentos,1170.81,347,2289.4,0.5,Agosto,11659.65,alta
Hogar,356.67,376,1406.39,41.8,Abril,6681.74,alta
Tecnologia,1673.61,47,2459.44,49.4,Febrero,28645.24,alta
Deportes,354.09,338,,46.8,Octubre,8715.41,alta
Deportes,1774.84,223,1515.62,7.2,Septiembre,43255.87,alta
Hogar,73.5,463,430.57,5.2,Noviembre,1856.11,media
Hogar,1636.72,122,2267.03,49.8,Octubre,33975.05,alta
HOGAR,675.55,472,2501.34,39.9,Abril,212588.2913416429,alta
Hogar,1939.54,498,384.89,19.3,Noviembre,17709.03,alta
Hogar,566.24,148,2550.98,37.4,Septiembre,4845.63,media
hogar,531.82,85,3629.26,37.9,Enero,18650.44,alta
Hogar,62.53,394,2410.48,27.1,Enero,3972.82,media
Alimentos,740.35,367,2206.21,22.9,Julio,16193.42,alta
Tecnologia,479.87,363,,24.5,Abril,6036.32,alta
Tecnologia,1870.51,60,3038.8,38.2,Junio,17505.25,alta
Ropa,187.38,277,1319.86,26.9,Junio,6052.15,alta
Deportes,1005.98,281,1564.2,46.1,Junio,15344.72,alta
Tecnologia,268.38,111,3845.18,14.9,Febrero,8786.06,alta
Alimentos,1313.54,175,1235.3,37.2,Julio,33644.71,alta
Ropa,83.8,67,,9.2,Julio,3587.29,media
Deportes,1772.18,211,291.43,15.1,Junio,176589.3411748478,alta
Alimentos,1750.74,409,1429.04,40.3,Diciembre,31103.82,alta
Ropa,361.14,213,4510.95,24.9,Junio,8248.43,alta
Ropa,777.35,363,,2.4,Abril,20495.79,alta
Deportes,1562.23,413,4891.58,38.2,Junio,14625.14,alta
Hogar,748.54,111,4221.65,48.2,Abril,8253.93,alta
Deportes,113.37,30,1695.64,25.8,Diciembre,3533.38,media
Deportes,40.48,471,855.38,19.5,Octubre,2548.65,media
Ropa,1419.8,142,1043.21,37.6,Enero,18938.18,alta
Hogar,1662.59,401,2818.12,15.5,Enero,25172.57,alta
Deportes,1444.96,288,1910.17,13.9,Marzo,8782.37,alta
Alimentos,741.99,159,,42.8,Junio,16502.37,alta
Tecnologia,667.36,429,4266.29,24.3,Abril,12442.97,alta
Deportes,1720.58,6,2373.35,1.7,Noviembre,49752.03,alta
Deportes,76.58,464,2693.77,8.3,Mayo,3582.76,media
Deportes,360.38,192,739.6,11.5,Diciembre,10967.22,alta
Hogar,328.68,143,4161.71,40.7,Diciembre,7760.28,alta
Tecnologia,815.11,483,1974.71,27.8,Julio,16233.28,alta
Ropa,1682.03,92,2783.69,48.3,Febrero,34154.87,alta
Ropa,87.49,163,1773.3,34.0,Diciembre,3024.1,media
Deportes,157.59,34,2388.22,43.1,Junio,3327.11,media
Hogar,667.26,436,1639.17,18.8,Mayo,19040.76,alta
Hogar,742.66,414,2213.05,6.7,Febrero,17880.59,alta
Deportes,1724.64,337,4971.35,5.7,Mayo,14635.35,alta
Hogar,,43,2770.25,36.3,Junio,23994.0,alta
Alimentos,1528.81,363,580.24,22.5,Mayo,40072.26,alta
Alimentos,1119.69,498,3286.18,8.7,Enero,190234.45098736504,alta
Deportes,431.21,490,2777.72,37.2,Marzo,4175.0,media
Ropa,,361,2332.23,47.8,Mayo,16594.78,alta
ROPA,1046.92,468,95.08,9.3,Mayo,20861.52,alta
Alimentos,1542.95,54,,44.8,Octubre,21725.04,alta
Ropa,1866.01,166,,22.5,Enero,30434.75,alta
Tecnologia,725.33,77,,2.4,Septiembre,9004.44,alta
Hogar,484.11,310,4054.66,10.7,Septiembre,6260.41,alta
Alimentos,990.95,252,1948.19,23.7,Septiembre,16255.72,alta
Deportes,1669.59,24,1922.48,43.1,Mayo,35812.09,alta
Hogar,1904.67,166,3510.79,14.8,Marzo,58793.93,alta
Tecnologia,183.02,143,1248.31,24.5,Diciembre,1707.3,media
Ropa,546.96,491,3890.46,48.5,Junio,16933.65,alta
Deportes,,236,2157.71,46.2,Abril,10584.99,alta
Tecnologia,771.23,481,1292.77,0.9,Julio,15417.99,alta
Tecnologia,1176.99,223,1397.88,44.4,Abril,34445.94,alta
Hogar,1360.86,9,664.76,9.3,Abril,20053.06,alta
Hogar,1879.71,348,3707.12,28.7,Noviembre,37747.79,alta
Ropa,,91,1300.04,32.5,Abril,49723.93,alta
Alimentos,865.02,130,,21.9,Julio,19953.22,alta
Deportes,964.15,375,4080.68,32.2,Octubre,11977.62,alta
Tecnologia,1889.13,340,,41.7,Julio,34983.92,alta
Deportes,1485.12,256,3526.4,13.7,Marzo,18379.59,alta
Hogar,566.75,386,4282.63,18.2,Enero,10426.89,alta
Deportes,262.11,304,654.81,8.2,Noviembre,6518.92,alta
TECNOLOGIA,1706.62,288,4956.26,22.6,Noviembre,20695.81,alta
Hogar,841.71,455,3580.6,12.1,Diciembre,22489.93,alta
Tecnologia,1920.55,280,2132.69,36.6,Junio,36486.82,alta
Alimentos,858.9,300,4002.11,49.1,Mayo,15265.36,alta
Ropa,1654.66,248,3609.96,20.5,Diciembre,9758.0,alta
Ropa,420.88,442,272.23,1.1,Junio,10532.78,alta
Ropa,1535.73,442,3154.94,10.6,Enero,19222.31,alta
Deportes,791.85,480,3793.35,44.2,Octubre,26156.07,alta
Hogar,81.2,245,4095.4,24.7,Junio,6361.36,alta
Deportes,1383.35,443,3182.48,11.1,Enero,27548.35,alta
Deportes,715.65,87,2223.64,36.0,Marzo,4619.99,media
Deportes,317.09,166,4178.01,6.3,Marzo,9408.2,alta
Alimentos,1068.53,161,1045.46,5.5,Septiembre,22512.78,alta
Hogar,1770.67,189,1079.57,21.9,Marzo,27792.53,alta
Alimentos,1013.99,408,4459.49,16.7,Marzo,19463.17,alta
Hogar,1018.89,96,2095.77,45.3,Septiembre,22649.83,alta
TECNOLOGIA,1958.72,482,2869.1,7.1,Abril,13590.54,alta
Hogar,911.19,452,4490.28,43.9,Abril,31093.81,alta
Ropa,383.23,222,2793.29,31.9,Diciembre,10363.61,alta
Alimentos,1659.73,479,1512.29,3.9,Noviembre,12770.15,alta
Ropa,107.36,99,242.75,42.6,Agosto,1674.86,media
Alimentos,481.09,413,819.68,9.8,Abril,13355.27,alta
Hogar,381.46,428,1258.59,30.4,Abril,2910.93,media
Alimentos,1765.02,499,3123.31,39.4,Agosto,31482.45,alta
Ropa,710.07,341,397.47,43.3,Septiembre,18496.15,alta
Tecnologia,1992.49,463,1082.9,27.9,Abril,29466.73,alta
Ropa,682.71,213,3246.42,44.1,Abril,11206.55,alta
Hogar,,299,740.7,10.4,Agosto,4009.73,media
Deportes,1901.19,270,4314.18,26.9,Mayo,40277.57,alta
Alimentos,1358.7,76,1735.24,42.1,Abril,5889.0,alta
Ropa,1956.49,295,,26.2,Noviembre,36970.98,alta
Hogar,1642.95,282,2667.62,18.9,Julio,13934.36,alta
Alimentos,1701.36,134,,17.9,Marzo,52814.15,alta
Hogar,1714.86,38,1857.17,16.1,Enero,5490.8,alta
Ropa,1073.01,251,,18.2,Junio,20172.73,alta
Hogar,97.29,41,556.44,16.3,Noviembre,1766.27,media
Deportes,446.2,117,3726.56,19.1,Marzo,15928.98,alta
Hogar,1616.82,271,1929.14,11.8,Agosto,36517.26,alta
Tecnologia,1658.98,403,92.5,12.1,Febrero,43211.46,alta
Ropa,595.8,189,3923.62,35.9,Diciembre,17238.02,alta
Ropa,1233.82,25,4611.71,5.3,Junio,33309.6,alta
Hogar,1694.71,477,,10.0,Marzo,24993.59,alta
Hogar,537.09,41,,17.6,Abril,12189.6,alta
Hogar,1648.5,56,2352.62,7.3,Enero,47711.29,alta
Tecnologia,215.34,255,3143.99,39.5,Octubre,7668.89,alta
Hogar,1275.66,8,3555.48,15.9,Abril,35937.95,alta
Tecnologia,193.73,113,2660.25,14.7,Septiembre,3810.98,media
Alimentos,309.16,120,2091.51,45.3,Diciembre,4992.83,media
Deportes,189.53,246,4242.44,39.8,Enero,7623.28,alta
Hogar,1149.03,186,,17.6,Diciembre,3906.09,media
Alimentos,1621.18,57,904.77,29.2,Junio,7134.49,alta
Alimentos,694.61,114,4310.73,22.5,Diciembre,17039.35,alta
Hogar,1976.07,159,1237.06,14.2,Octubre,49557.03,alta
Hogar,1662.68,407,1277.97,16.2,Diciembre,45190.93,alta
Alimentos,474.19,396,59.84,46.4,Junio,8381.36,alta
Alimentos,604.67,169,2576.1,25.0,Mayo,17608.36,alta
Deportes,619.04,467,1432.75,47.0,Diciembre,19358.08,alta
alimentos,,259,3783.15,20.2,Noviembre,40868.15,alta
Hogar,1771.67,256,69.54,8.7,Octubre,52742.52,alta
Tecnologia,525.46,19,4767.58,47.7,Julio,13369.77,alta
Alimentos,472.36,358,,35.7,Febrero,5952.11,alta
Deportes,505.58,193,3841.32,12.7,Febrero,17567.34,alta
Deportes,264.91,72,3418.0,15.9,Febrero,9729.37,alta
Ropa,1899.34,472,2496.87,36.9,Mayo,24686.8,alta
Deportes,1216.46,227,460.02,25.6,Febrero,6297.14,alta
Deportes,1081.67,149,4799.51,49.9,Junio,21558.51,alta
Deportes,1293.21,304,2901.58,27.6,Agosto,15492.03,alta
deportes,,464,2848.76,36.5,Mayo,32616.74,alta
Tecnologia,571.14,270,1644.23,16.9,Mayo,6997.58,alta
Ropa,1640.35,18,,23.6,Junio,15664.96,alta
Hogar,696.33,414,2676.58,21.7,Diciembre,18067.83,alta
Ropa,659.44,251,,1.6,Septiembre,3641.03,media
Alimentos,1164.15,277,2226.5,42.7,Diciembre,33145.3,alta
Deportes,1012.46,422,166.22,48.5,Octubre,8409.05,alta
Ropa,1008.49,347,1108.79,17.5,Enero,25160.53,alta
Tecnologia,309.26,71,1972.79,16.4,Junio,8829.78,alta
Deportes,906.66,99,4229.17,27.6,Febrero,30223.59,alta
Tecnologia,1058.28,276,2869.31,46.2,Junio,22484.77,alta
Alimentos,1175.36,305,4664.99,23.6,Febrero,15046.09,alta
Hogar,729.04,353,,0.6,Julio,22368.48,alta
Alimentos,1369.54,462,4488.08,30.2,Diciembre,29511.8,alta
Ropa,1548.27,445,265.66,28.6,Agosto,16659.83,alta
Alimentos,1893.97,13,1646.66,45.7,Diciembre,14698.57,alta
Alimentos,1403.48,460,2955.95,22.1,Marzo,44934.92,alta
Ropa,935.78,378,4856.93,45.6,Agosto,14079.99,alta
Deportes,753.95,291,1768.33,36.0,Noviembre,205796.43835058616,alta
Alimentos,1219.52,221,3250.82,47.8,Diciembre,28288.91,alta
Deportes,1604.71,122,3671.47,31.3,Septiembre,12743.13,alta
Tecnologia,175.17,463,1853.36,16.9,Marzo,3412.51,media
Alimentos,120.1,229,3743.36,0.5,Julio,7330.46,alta
Hogar,721.81,109,4444.56,5.6,Octubre,20565.68,alta
Deportes,1381.51,239,3809.14,29.6,Noviembre,10912.02,alta
Tecnologia,1992.35,254,3975.24,39.7,Abril,38106.98,alta
Tecnologia,115.34,103,4007.38,15.8,Julio,6163.68,alta
Deportes,1190.69,299,4296.55,49.4,Junio,34606.31,alta
TECNOLOGIA,761.23,171,3470.6,4.3,Marzo,22336.26,alta
Deportes,824.97,286,2911.96,16.9,Noviembre,8437.85,alta
Hogar,1477.31,338,2011.16,25.6,Agosto,36915.88,alta
Ropa,1376.87,270,840.64,30.4,Marzo,11904.37,alta
Deportes,1908.28,204,1928.82,16.6,Diciembre,34129.2,alta
Deportes,881.57,21,944.07,24.3,Agosto,14884.97,alta
Ropa,1689.0,305,2981.33,30.2,Mayo,28314.94,alta
Tecnologia,1030.57,133,3277.27,23.7,Agosto,33082.75,alta
Deportes,223.67,82,4669.05,14.4,Junio,6932.22,alta
Alimentos,435.55,158,4655.73,22.2,Abril,13204.29,alta
Hogar,770.97,410,3379.06,6.7,Enero,6856.13,alta
Alimentos,201.32,43,3929.68,26.2,Enero,7723.62,alta
Tecnologia,1585.03,310,2129.25,6.3,Abril,14540.95,alta
Ropa,1768.3,385,,14.9,Febrero,52803.8,alta
Tecnologia,955.67,431,188.54,46.9,Abril,2392.97,media
Alimentos,1339.78,233,,3.5,Agosto,32282.13,alta
Tecnologia,401.88,366,2818.74,7.7,Septiembre,4441.56,media
Alimentos,1008.51,44,1566.8,43.3,Marzo,12464.05,alta
Tecnologia,1239.27,404,2051.23,21.1,Septiembre,39035.92,alta
Tecnologia,776.41,394,65.62,4.5,Julio,20144.11,alta
ropa,432.17,72,4382.34,22.2,Febrero,7601.2,alta
Deportes,1277.0,210,4624.78,42.6,Octubre,11618.82,alta
Tecnologia,188.48,9,1398.76,40.8,Marzo,3420.56,media
Alimentos,1428.34,252,4760.87,42.8,Febrero,41683.94,alta
Alimentos,797.62,460,4585.2,45.1,Abril,12734.44,alta
Hogar,1305.06,229,3451.42,40.1,Septiembre,26938.01,alta
Alimentos,160.54,320,2285.35,41.1,Abril,135349.96036611253,alta
Deportes,797.74,320,1663.2,42.7,Junio,14023.43,alta
Ropa,641.0,476,3843.14,36.3,Diciembre,9492.88,alta
Alimentos,784.15,222,4512.01,49.7,Abril,13282.13,alta
Tecnologia,1592.9,106,4127.42,14.0,Enero,10963.11,alta
Ropa,678.87,135,4359.54,28.9,Marzo,16967.42,alta
Hogar,1907.21,337,,18.5,Agosto,52280.55,alta
Tecnologia,43.04,365,4046.88,4.0,Octubre,3844.86,media
ROPA,41.27,487,81.22,37.4,Noviembre,1722.97,media
Alimentos,1947.51,194,4705.66,48.0,Enero,41803.44,alta
Alimentos,1665.88,446,3760.97,30.9,Abril,14164.0,alta
hogar,,130,2254.82,43.8,Diciembre,29580.3,alta
Hogar,503.39,458,943.33,5.0,Septiembre,10265.47,alta
Ropa,135.94,355,4639.8,9.6,Diciembre,4775.8,media
ALIMENTOS,1618.66,151,,12.4,Abril,31218.42,alta
Hogar,1433.32,168,973.26,9.9,Enero,29177.7,alta
HOGAR,94.97,8,3183.74,26.6,Febrero,5224.36,alta
Alimentos,221.37,169,907.16,12.4,Septiembre,3403.81,media
Tecnologia,1984.26,137,467.16,34.1,Octubre,17642.18,alta
Tecnologia,1969.67,123,4918.42,35.5,Septiembre,44134.8,alta
Deportes,1794.17,105,1554.89,29.4,Enero,10094.72,alta
Hogar,1834.06,468,341.98,26.8,Noviembre,7379.4,alta
Alimentos,1549.56,463,1903.54,24.8,Junio,20376.19,alta
Deportes,1515.93,187,1031.15,12.7,Marzo,33847.56,alta
Tecnologia,350.23,106,3560.83,29.3,Agosto,3853.09,media
Ropa,91.52,226,1212.75,42.0,Enero,139335.4150704452,baja
Ropa,1743.03,138,947.89,27.7,Enero,25873.2,alta
Deportes,1033.4,399,3445.4,40.6,Julio,25536.99,alta
Alimentos,1748.4,295,1009.66,21.7,Febrero,11840.94,alta
tecnologia,147.73,102,2039.55,33.0,Agosto,6340.94,alta
Deportes,899.83,79,4161.94,31.6,Abril,17750.69,alta
Hogar,,466,1880.9,14.3,Julio,9837.58,alta
Tecnologia,1716.02,329,2365.07,20.9,Mayo,45619.73,alta
Alimentos,1364.82,241,4683.82,7.0,Julio,8054.91,alta
Ropa,651.26,315,3131.77,29.3,Marzo,13412.69,alta
Deportes,477.18,486,,31.0,Octubre,14055.58,alta
ALIMENTOS,1773.99,418,,39.4,Mayo,36795.48,alta
Hogar,1033.28,401,,18.9,Mayo,6850.43,alta
Hogar,1014.68,77,920.17,11.9,Septiembre,4885.4,media
Tecnologia,,281,2118.4,11.2,Septiembre,14435.71,alta
Alimentos,166.32,170,1580.47,49.7,Julio,5572.81,alta
Deportes,1246.72,299,713.3,39.8,Marzo,12445.89,alta
Ropa,244.58,268,217.72,11.7,Diciembre,3588.29,media
Deportes,103.11,251,3133.59,33.0,Octubre,3216.84,media
Alimentos,1141.12,21,4730.73,18.4,Noviembre,26807.76,alta
Hogar,1644.83,436,2599.7,7.0,Junio,22730.76,alta
Deportes,244.07,205,2954.94,11.1,Septiembre,7432.45,alta
Alimentos,920.15,273,2556.08,7.9,Octubre,22036.73,alta
Hogar,498.52,457,2195.74,39.0,Octubre,14481.36,alta
Tecnologia,438.73,362,348.73,14.3,Enero,4092.25,media
Hogar,1253.95,150,4308.83,44.0,Octubre,31175.56,alta
DEPORTES,756.14,200,2358.82,22.1,Octubre,20917.73,alta
Alimentos,948.99,409,2270.82,42.3,Mayo,19161.24,alta
Tecnologia,1128.47,186,4969.36,10.0,Agosto,31744.3,alta
Tecnologia,1300.65,26,2691.0,20.2,Septiembre,39292.86,alta
Alimentos,1811.66,7,426.93,30.1,Septiembre,10513.03,alta
Ropa,1670.3,221,4534.67,34.3,Diciembre,27176.3,alta
Hogar,806.11,75,2888.16,46.2,Julio,17155.94,alta
Tecnologia,,443,4038.82,21.2,Enero,14711.68,alta
Deportes,882.24,333,1011.34,49.9,Diciembre,23541.88,alta
Tecnologia,521.91,227,,43.5,Octubre,3798.35,media
ROPA,1220.01,404,3715.37,48.7,Marzo,18715.19,alta
Hogar,1143.25,309,359.92,17.9,Mayo,9419.12,alta
Alimentos,1312.0,200,287.96,6.7,Enero,11875.47,alta
Tecnologia,1492.94,145,334.48,18.0,Marzo,22388.42,alta
Hogar,1995.83,311,1678.56,49.3,Abril,10556.89,alta
Hogar,921.64,356,4503.39,6.4,Enero,15303.05,alta
Alimentos,491.8,234,1666.05,34.9,Octubre,12415.08,alta
Hogar,976.01,40,3791.0,33.7,Septiembre,23627.55,alta
Hogar,393.0,158,4480.82,40.6,Marzo,12038.58,alta
Hogar,1590.52,386,4347.46,39.0,Enero,18927.46,alta
Deportes,863.26,495,1293.35,44.2,Junio,21746.69,alta
Hogar,896.07,175,290.89,46.8,Julio,8787.21,alta
Hogar,141.35,29,3412.64,42.1,Marzo,4827.75,media
Alimentos,523.09,149,1267.59,13.9,Marzo,4332.41,media
Hogar,1836.82,94,1568.15,46.1,Junio,13602.64,alta
Hogar,1718.88,461,2091.09,25.7,Marzo,22908.88,alta
Alimentos,888.64,76,619.07,28.0,Agosto,5248.61,alta
Ropa,1145.46,23,604.42,3.5,Agosto,12290.2,alta
Deportes,667.41,197,966.34,9.3,Octubre,6067.39,alta
Hogar,562.59,67,2811.9,41.6,Noviembre,7936.92,alta
Alimentos,243.35,401,2987.32,3.2,Febrero,6167.12,alta
Hogar,831.37,443,784.68,34.2,Septiembre,11822.75,alta
Tecnologia,378.95,313,4201.19,28.6,Agosto,13141.46,alta
Hogar,658.95,200,4049.7,27.4,Octubre,11247.48,alta
Hogar,354.04,492,2812.69,7.9,Julio,5408.8,alta
Hogar,878.73,138,1303.81,16.0,Abril,17002.7,alta
Alimentos,1014.49,39,1778.82,23.1,Marzo,9244.21,alta
Alimentos,1351.79,92,347.81,37.7,Noviembre,22133.73,alta
Hogar,123.26,199,4907.13,26.4,Octubre,5512.2,alta
Deportes,24.07,459,1855.11,42.5,Septiembre,2120.36,media
Deportes,,249,2399.27,27.4,Octubre,18978.19,alta
Ropa,1103.19,302,4974.87,14.1,Septiembre,35896.68,alta
Tecnologia,1101.06,368,439.63,22.8,Diciembre,7233.58,alta
Tecnologia,449.79,487,1926.5,7.6,Julio,14943.19,alta
Tecnologia,912.15,97,1316.69,37.1,Abril,5948.78,alta
Alimentos,813.54,249,,42.1,Diciembre,17492.05,alta
Alimentos,1863.03,120,2755.39,4.1,Febrero,49801.3,alta
Ropa,1579.57,187,2676.12,8.8,Octubre,37645.01,alta
Alimentos,1130.31,141,1271.36,29.7,Septiembre,12251.85,alta
DEPORTES,918.92,326,,9.1,Octubre,28142.43,alta
Hogar,1309.93,267,,40.9,Diciembre,21919.63,alta
Ropa,627.66,314,3592.45,22.0,Julio,17870.77,alta
Tecnologia,1994.48,104,1643.35,39.8,Abril,10408.41,alta
TECNOLOGIA,614.79,447,2459.54,21.2,Junio,5681.16,alta
Tecnologia,,393,,10.4,Junio,10645.36,alta
Hogar,,437,4651.42,36.6,Julio,8450.17,alta
Ropa,1607.74,155,3576.13,35.3,Febrero,31075.26,alta
Hogar,115.03,203,4610.2,46.3,Noviembre,3804.8,media
Deportes,972.18,489,2257.7,5.6,Noviembre,14711.16,alta
Hogar,581.07,347,164.14,30.4,Junio,4767.78,media
Deportes,1920.17,122,4678.02,18.1,Diciembre,51820.74,alta
Tecnologia,,411,260.11,40.7,Abril,4986.08,media
Deportes,1448.6,435,1412.07,20.4,Abril,42914.44,alta
Alimentos,102.82,351,2161.56,36.6,Diciembre,4027.03,media
Alimentos,1229.46,265,1160.21,13.6,Diciembre,27154.45,alta
Hogar,934.6,191,4354.22,13.6,Agosto,12562.95,alta
Tecnologia,299.86,208,563.81,43.7,Enero,3666.06,media
Alimentos,279.45,47,876.02,17.7,Mayo,3754.66,media
Tecnologia,1553.18,310,1032.91,35.0,Diciembre,17104.34,alta
Deportes,371.95,283,3230.18,33.1,Febrero,6416.01,alta
Tecnologia,431.57,379,4073.66,46.3,Diciembre,15770.64,alta
Deportes,1982.69,34,717.82,22.1,Diciembre,33116.06,alta
deportes,1182.99,213,,45.2,Marzo,25911.76,alta
Ropa,210.91,153,684.32,27.6,Julio,3242.56,media
Ropa,1769.39,399,4728.37,11.9,Febrero,38587.78,alta
Alimentos,1413.54,385,2996.39,19.6,Marzo,28479.63,alta
Tecnologia,246.21,230,242.34,49.3,Abril,4021.52,media
Hogar,,395,2165.71,45.4,Febrero,4607.6,media
Hogar,1413.26,348,4475.5,25.5,Agosto,24719.25,alta
Deportes,1671.72,433,2843.89,45.6,Agosto,19741.89,alta
Tecnologia,444.88,304,1617.68,44.6,Marzo,5976.47,alta
Hogar,1244.57,355,4895.98,37.6,Noviembre,19174.86,alta
Hogar,785.16,83,3891.2,11.5,Marzo,11677.2,alta
Deportes,63.89,305,2670.59,8.3,Octubre,4638.97,media
Tecnologia,509.06,309,3252.07,38.2,Octubre,131008.16374401783,alta
Tecnologia,608.7,63,,40.3,Septiembre,15812.53,alta
Alimentos,869.98,238,1448.04,10.2,Octubre,25741.26,alta
Hogar,92.64,327,990.85,46.1,Marzo,846.34,baja
Tecnologia,1252.55,225,3912.73,3.4,Noviembre,22015.44,alta
Alimentos,37.28,411,1139.95,8.9,Julio,1637.37,media
Hogar,1147.27,318,4511.36,17.2,Enero,28726.74,alta
Tecnologia,1357.51,486,1153.71,46.8,Marzo,36782.52,alta
Tecnologia,479.43,145,4442.58,36.4,Febrero,3987.51,media
Ropa,1292.74,226,1409.06,11.8,Septiembre,6203.86,alta
Hogar,1273.52,7,4071.8,43.0,Julio,25410.18,alta
Alimentos,1981.82,384,1659.65,23.1,Febrero,57066.1,alta
Hogar,88.39,216,346.65,7.2,Septiembre,2896.4,media
Hogar,1242.71,455,2862.71,35.9,Septiembre,13701.34,alta
Deportes,214.55,67,1669.62,47.5,Diciembre,2177.4,media
Alimentos,1597.06,198,3033.73,2.7,Mayo,38515.38,alta
Deportes,976.39,236,4710.61,11.8,Julio,25579.19,alta
Deportes,1295.06,240,3455.7,27.2,Julio,14583.58,alta
Alimentos,653.88,292,2586.36,27.7,Diciembre,16965.83,alta
Hogar,,389,1070.48,11.6,Junio,33126.6,alta
Deportes,1764.04,383,2087.49,5.0,Julio,48694.63,alta
Deportes,122.49,15,1019.81,43.1,Agosto,2703.58,media
Alimentos,472.84,472,4804.13,12.1,Mayo,6668.86,alta
Ropa,671.19,164,1200.05,33.1,Mayo,20343.99,alta
Deportes,488.55,162,841.62,15.8,Marzo,14106.75,alta
Alimentos,1602.04,193,200.66,2.2,Septiembre,33163.12,alta
Hogar,,245,74.71,31.0,Septiembre,5327.36,alta
Ropa,875.32,212,3481.47,1.0,Marzo,18801.64,alta
Tecnologia,392.53,406,3913.13,23.0,Febrero,8799.09,alta
Tecnologia,1534.44,154,4936.32,29.5,Septiembre,28754.49,alta
Alimentos,1154.59,297,,24.8,Noviembre,22204.75,alta
Deportes,,445,3041.58,40.8,Marzo,24997.56,alta
Alimentos,1455.36,487,2029.62,43.1,Enero,40380.04,alta
Ropa,271.05,353,3222.41,39.6,Marzo,5906.04,alta
Ropa,1032.96,403,2791.01,4.2,Marzo,18904.87,alta
Alimentos,1183.64,347,2942.93,23.7,Enero,21933.33,alta
Tecnologia,804.05,224,4158.97,47.2,Julio,23028.32,alta
Ropa,1619.19,448,829.78,2.8,Febrero,11661.85,alta
Deportes,1352.24,40,611.11,30.3,Mayo,40034.59,alta
Alimentos,1042.02,193,888.41,37.3,Julio,20710.7,alta
Hogar,,406,384.37,5.2,Abril,40071.33,alta
Ropa,299.94,399,3266.7,4.2,Junio,9780.52,alta
alimentos,1524.54,191,,2.2,Febrero,23455.15,alta
Hogar,589.28,186,1771.62,13.7,Junio,5567.88,alta
Hogar,,215,411.46,31.2,Diciembre,9734.23,alta
Hogar,561.74,427,281.73,4.6,Abril,15846.92,alta
Tecnologia,85.65,306,2335.94,4.5,Agosto,3945.88,media
Hogar,1308.38,469,3024.93,41.6,Agosto,27034.86,alta
Alimentos,467.67,261,663.86,31.0,Marzo,4787.4,media
Ropa,667.07,17,3765.09,34.5,Mayo,11090.97,alta
Alimentos,1612.38,355,4577.6,21.7,Noviembre,26506.76,alta
Hogar,1705.16,367,1139.26,47.1,Enero,37520.44,alta
Ropa,441.04,295,387.35,17.6,Mayo,12280.6,alta
Deportes,1678.71,295,2493.24,19.9,Junio,16912.15,alta
Deportes,1995.98,350,4402.58,20.7,Marzo,15516.07,alta
Alimentos,1611.33,7,2929.67,14.6,Enero,45129.13,alta
Ropa,1046.84,169,2697.16,9.8,Junio,10187.81,alta
Ropa,1624.91,433,2799.77,27.6,Abril,51493.49,alta
Deportes,678.43,140,1381.33,23.7,Enero,18222.24,alta
Hogar,1761.06,52,4089.61,5.4,Marzo,9259.08,alta
Tecnologia,92.23,416,,34.4,Septiembre,3810.42,media
Tecnologia,842.74,140,,37.5,Agosto,24149.72,alta
Alimentos,707.17,285,4573.76,35.2,Agosto,24047.15,alta
Deportes,398.7,36,3327.43,43.4,Mayo,10859.31,alta
Deportes,665.12,216,211.7,39.1,Septiembre,1758.36,media
Hogar,,402,1435.37,23.5,Enero,200970.66157100606,alta
Alimentos,1678.68,140,3201.89,18.5,Agosto,30831.06,alta
Alimentos,302.69,485,4772.41,19.5,Abril,8107.84,alta
Alimentos,1132.72,269,4644.18,9.9,Marzo,24597.56,alta
Deportes,1123.45,445,2846.67,26.2,Febrero,6494.88,alta
Ropa,1951.74,50,4710.42,4.1,Septiembre,20565.1,alta
Deportes,1867.62,317,4565.52,29.3,Junio,49445.46,alta
ROPA,1873.39,471,3739.26,43.9,Marzo,42035.11,alta
Hogar,1395.71,288,2580.8,30.8,Diciembre,38347.34,alta
Alimentos,1180.3,186,3189.25,34.7,Junio,36375.39,alta
Deportes,921.34,101,2419.25,40.5,Noviembre,5785.4,alta
Tecnologia,12.27,357,1304.51,33.3,Octubre,1570.15,media
Deportes,1253.27,216,2996.01,14.0,Septiembre,20734.21,alta
Deportes,1498.9,349,3993.42,8.8,Agosto,31325.65,alta
ROPA,100.61,160,4761.34,29.1,Diciembre,5534.99,alta
Tecnologia,1339.84,318,1038.76,21.5,Junio,37493.34,alta
Deportes,960.59,429,607.28,37.3,Marzo,21763.55,alta
Alimentos,1505.81,45,,32.7,Diciembre,14712.1,alta
Ropa,1963.38,371,2686.68,29.8,Septiembre,33839.66,alta
Alimentos,,197,3681.45,23.4,Junio,12936.58,alta
Tecnologia,45.95,102,1875.49,6.2,Abril,2267.8,media
Ropa,1973.62,166,4029.48,45.7,Octubre,12154.28,alta
Hogar,565.3,246,,14.8,Agosto,8821.14,alta
hogar,399.98,168,4957.62,40.8,Febrero,13691.08,alta
Ropa,1674.56,123,4261.56,10.2,Diciembre,25183.81,alta
Ropa,130.96,267,691.91,32.0,Junio,1643.28,media
Ropa,,406,4510.18,31.1,Abril,19927.21,alta
Alimentos,1167.33,328,3887.15,38.9,Agosto,21912.37,alta
Ropa,,351,1828.25,45.4,Septiembre,9643.99,alta
Ropa,1453.45,407,2202.06,5.8,Marzo,11058.34,alta
Ropa,1526.37,176,2634.73,3.0,Agosto,12550.66,alta
DEPORTES,1461.81,194,2464.6,19.4,Diciembre,20228.95,alta
Tecnologia,1086.98,424,1057.06,3.5,Febrero,29855.44,alta
Ropa,554.66,198,,36.3,Junio,16952.08,alta
Deportes,1954.52,230,1423.77,26.7,Enero,24713.18,alta
Tecnologia,1070.0,15,143.99,18.5,Octubre,27284.98,alta
Deportes,809.2,217,672.47,43.7,Junio,19096.83,alta
Ropa,,62,1908.69,49.6,Noviembre,21022.39,alta
Deportes,895.18,188,2424.07,11.8,Noviembre,26090.65,alta
Alimentos,1621.94,75,1568.14,6.0,Mayo,35015.27,alta
Ropa,696.14,214,4566.99,8.2,Octubre,22191.63,alta
Alimentos,634.67,271,3582.11,41.0,Octubre,14141.46,alta
Ropa,634.07,147,4586.36,48.4,Julio,12403.63,alta
Alimentos,1773.47,156,2292.83,6.5,Abril,28291.85,alta
Hogar,1885.58,431,3298.0,22.9,Diciembre,54703.59,alta
Hogar,116.45,493,2970.11,1.5,Enero,4431.94,media
DEPORTES,848.69,147,3589.55,14.1,Junio,26250.77,alta
Tecnologia,65.34,228,3133.93,26.2,Marzo,4237.99,media
Alimentos,941.56,277,2182.57,18.8,Diciembre,24849.51,alta
Ropa,1115.65,27,939.62,6.0,Septiembre,27284.13,alta
Tecnologia,322.17,489,521.08,13.4,Mayo,5750.77,alta
Ropa,1446.54,237,,49.4,Marzo,16967.32,alta
Alimentos,471.65,174,3867.49,11.2,Febrero,144735.8065332759,alta
Hogar,505.93,225,2475.7,2.2,Enero,8034.36,alta
TECNOLOGIA,1557.84,59,3056.23,1.9,Noviembre,13312.58,alta
Hogar,1898.7,384,4194.34,22.5,Febrero,37099.4,alta
Hogar,153.39,390,465.62,21.6,Junio,4596.52,media
Ropa,810.5,234,602.31,46.9,Diciembre,9334.69,alta
Ropa,1474.05,29,4509.39,12.8,Junio,31919.47,alta
ropa,1396.61,222,4529.64,48.5,Mayo,33079.61,alta
Ropa,,383,3118.09,48.7,Diciembre,46435.91,alta
Tecnologia,721.56,167,1796.33,44.8,Agosto,12058.92,alta
Deportes,971.22,258,3007.39,19.3,Junio,20694.92,alta
Ropa,83.9,429,4000.76,42.6,Septiembre,5560.13,alta
Hogar,1148.26,479,4284.22,42.7,Diciembre,24418.43,alta
Deportes,1860.34,187,2610.53,6.0,Mayo,16843.34,alta
Deportes,1021.81,128,893.21,16.1,Noviembre,4239.31,media
Ropa,1791.51,393,2893.09,16.6,Mayo,27086.63,alta
Tecnologia,1033.24,119,2144.68,26.7,Septiembre,29209.73,alta
Deportes,956.53,432,4602.51,33.3,Abril,28873.12,alta
Alimentos,,237,3143.72,40.9,Junio,7232.65,alta
Deportes,572.21,296,28.13,22.9,Marzo,17055.12,alta
Alimentos,1043.23,321,939.37,33.0,Diciembre,19264.16,alta
Ropa,94.46,174,2451.11,14.9,Agosto,1929.37,media
Alimentos,142.99,147,1076.64,48.9,Junio,2266.11,media
Alimentos,1343.97,297,1752.26,36.5,Junio,23720.31,alta
Hogar,525.53,336,,24.1,Enero,8668.1,alta
Deportes,1085.33,10,3572.36,45.3,Abril,30102.71,alta
Alimentos,1970.93,70,3701.0,1.0,Mayo,20034.09,alta
Ropa,355.31,254,1030.02,32.5,Julio,6952.83,alta
Tecnologia,335.26,109,4023.31,24.8,Junio,9483.42,alta
Tecnologia,417.7,420,4866.69,3.0,Octubre,9485.95,alta
Tecnologia,397.71,69,201.26,1.8,Septiembre,7489.78,alta
Hogar,,264,4653.19,11.0,Noviembre,19801.85,alta
Ropa,241.9,94,,4.0,Febrero,1381.91,baja
Alimentos,76.31,266,4254.8,46.2,Diciembre,4432.23,media
Ropa,1439.78,493,4400.96,21.8,Noviembre,16899.33,alta
Ropa,485.25,494,1706.12,11.3,Febrero,9493.08,alta
Ropa,1677.22,480,2997.35,9.1,Abril,13479.53,alta
Tecnologia,288.86,459,3614.97,35.5,Noviembre,5174.98,alta
Deportes,1900.1,253,379.23,5.1,Octubre,21690.08,alta
Deportes,1548.51,357,3639.84,8.5,Septiembre,27044.83,alta
Deportes,1919.27,18,2883.09,2.0,Julio,50741.21,alta
Hogar,607.72,304,4065.81,43.4,Marzo,12567.55,alta
Alimentos,881.64,316,2845.8,10.2,Septiembre,15895.55,alta
Tecnologia,345.32,216,4382.54,27.8,Junio,10986.49,alta
Deportes,1454.33,368,2170.27,48.1,Mayo,40772.75,alta
ROPA,204.89,111,753.37,16.7,Abril,5743.72,alta
Hogar,1208.78,359,469.56,35.4,Junio,30952.55,alta
Alimentos,1020.83,183,1076.42,22.9,Mayo,30619.45,alta
Deportes,,286,3702.37,26.1,Noviembre,28695.17,alta
Deportes,1922.36,85,1786.08,9.2,Julio,13600.99,alta
Ropa,1105.63,309,,37.3,Noviembre,27180.51,alta
Deportes,1497.09,183,4803.41,26.4,Julio,37216.6,alta
Alimentos,962.57,134,341.09,34.6,Abril,22496.35,alta
Hogar,1510.89,425,4206.29,29.3,Octubre,24013.88,alta
Ropa,1248.48,218,2970.0,32.5,Junio,29743.47,alta
Alimentos,1238.28,400,393.34,22.7,Abril,29096.98,alta
Tecnologia,899.02,81,4944.58,24.2,Agosto,20355.91,alta
ALIMENTOS,179.81,438,4031.33,14.1,Octubre,8804.16,alta
Hogar,1115.6,164,901.26,15.2,Septiembre,16518.68,alta
Tecnologia,1502.18,363,2716.54,39.6,Mayo,13410.26,alta
Tecnologia,1052.4,226,849.83,1.0,Octubre,21313.7,alta
Hogar,1735.5,219,2807.15,42.6,Diciembre,41787.75,alta
Alimentos,314.32,373,874.52,42.3,Marzo,6210.51,alta
Deportes,412.45,482,3118.88,16.3,Septiembre,9134.19,alta
Deportes,47.49,187,439.63,17.8,Mayo,1136.2,baja
Tecnologia,753.25,386,704.86,8.3,Marzo,7211.29,alta
Ropa,1706.2,268,2051.15,10.2,Enero,44562.86,alta
Tecnologia,644.05,277,3174.44,46.0,Julio,21553.88,alta
Hogar,1075.32,494,3636.23,37.1,Agosto,6486.09,alta
Alimentos,1895.27,444,,48.3,Diciembre,56184.04,alta
Hogar,361.59,334,724.89,24.6,Febrero,3688.89,media
Alimentos,750.37,243,1966.35,14.4,Marzo,20154.7,alta
Ropa,,193,2320.19,19.2,Septiembre,17196.03,alta
Deportes,1363.25,74,2027.07,46.2,Julio,20419.24,alta
DEPORTES,1197.04,303,1773.33,20.8,Marzo,25971.11,alta
Ropa,1513.87,488,3653.7,1.5,Julio,6785.46,alta
Tecnologia,1251.89,38,3427.43,9.8,Marzo,22147.01,alta
Deportes,670.05,136,1310.16,29.2,Marzo,3394.72,media
Tecnologia,70.32,400,4456.43,23.2,Octubre,4336.09,media
hogar,,372,2465.12,13.5,Abril,15047.61,alta
Hogar,1166.16,491,2567.14,27.5,Julio,19392.62,alta
Tecnologia,320.63,354,4329.94,29.6,Enero,10915.71,alta
Ropa,958.26,480,,13.6,Junio,152530.70585865976,alta
Alimentos,1677.07,249,2706.35,31.1,Diciembre,35094.54,alta
Ropa,915.61,351,4322.42,24.2,Noviembre,22058.31,alta
Ropa,565.53,314,1230.02,9.2,Junio,3973.37,media
alimentos,1535.9,427,4538.37,13.4,Febrero,50661.57,alta
Alimentos,1153.57,32,2857.89,46.6,Septiembre,5195.7,alta
Hogar,1938.49,360,2298.77,0.9,Julio,53892.71,alta
Alimentos,1434.94,79,3894.08,9.1,Julio,42812.01,alta
Deportes,,48,2521.48,29.7,Septiembre,27534.64,alta
Hogar,85.72,17,2120.71,14.1,Junio,3787.37,media
Deportes,,351,1704.36,17.4,Agosto,28600.02,alta
Hogar,300.13,242,972.56,43.1,Junio,2832.18,media
Deportes,1611.2,366,217.28,42.2,Noviembre,30866.16,alta
Alimentos,1086.34,327,497.35,15.6,Julio,21323.52,alta
Tecnologia,1897.83,136,2891.11,2.9,Mayo,24516.85,alta
Ropa,132.12,10,1359.38,36.0,Noviembre,890.14,baja
Tecnologia,783.51,64,370.78,34.0,Noviembre,3403.86,media
Hogar,1346.06,206,1240.39,39.0,Septiembre,18068.79,alta
Deportes,995.03,122,3083.53,42.1,Febrero,23705.97,alta
Ropa,1476.67,236,4335.61,39.1,Febrero,35839.88,alta
Tecnologia,937.36,414,4512.32,14.8,Octubre,6700.61,alta
Tecnologia,1361.51,299,4291.38,23.3,Mayo,20093.9,alta
Hogar,1416.91,236,2394.62,30.8,Julio,25055.64,alta
Hogar,1475.32,161,2214.46,24.7,Junio,44638.73,alta
Tecnologia,714.45,227,4736.25,30.4,Marzo,6465.93,alta
Alimentos,837.33,320,883.6,48.0,Octubre,22504.06,alta
Tecnologia,425.25,30,3588.19,14.9,Septiembre,10262.83,alta
Hogar,1168.31,177,1554.29,12.0,Mayo,19414.98,alta
Hogar,1540.22,281,4794.59,46.9,Octubre,14216.81,alta
Hogar,990.92,203,1370.46,11.4,Septiembre,28879.7,alta
Alimentos,1429.31,79,1212.8,17.2,Febrero,17395.63,alta
Deportes,1810.51,177,1991.03,4.0,Enero,190897.368408522,alta
Ropa,1400.57,154,2499.41,20.2,Marzo,25114.25,alta
Ropa,451.65,32,4458.31,32.0,Mayo,15059.5,alta
Tecnologia,1938.78,239,,44.0,Mayo,21567.64,alta
Alimentos,1008.05,250,4780.29,0.9,Marzo,195732.71208056345,alta
Tecnologia,683.97,411,167.15,0.3,Junio,10792.01,alta
Deportes,1746.71,353,3356.06,42.2,Julio,30477.46,alta
Hogar,996.67,235,1228.16,2.0,Noviembre,4424.79,media
Tecnologia,1861.29,310,3943.38,24.0,Noviembre,23164.04,alta
TECNOLOGIA,1120.21,423,235.62,4.9,Diciembre,10660.25,alta
Ropa,1169.23,164,,7.5,Abril,27220.96,alta
Ropa,1204.41,499,1735.29,45.2,Septiembre,14293.05,alta
Tecnologia,,410,2045.66,5.5,Julio,14388.26,alta
Alimentos,1678.8,134,2805.09,7.4,Octubre,10391.65,alta
Alimentos,1524.29,44,2002.22,38.9,Julio,7413.77,alta
Alimentos,1460.98,112,301.47,20.9,Mayo,13795.4,alta
Ropa,1068.03,11,4657.33,47.9,Mayo,34509.89,alta
Hogar,,272,283.06,43.3,Marzo,8897.57,alta
Deportes,650.81,458,2977.88,42.1,Agosto,10829.68,alta
Ropa,1501.31,100,2399.42,7.2,Noviembre,40025.12,alta
Hogar,157.71,145,1950.69,24.2,Abril,2056.69,media
Deportes,210.05,156,293.81,21.2,Julio,5177.15,alta
Hogar,511.93,6,2931.05,14.2,Diciembre,7679.65,alta
Tecnologia,1262.63,458,,3.5,Mayo,8565.63,alta
Ropa,526.34,173,518.94,12.2,Abril,1487.53,baja
Tecnologia,863.79,12,3487.82,40.4,Mayo,19348.12,alta
Alimentos,168.13,395,1943.57,43.1,Julio,5079.07,alta
Hogar,,346,4243.25,48.5,Julio,5622.29,alta
Hogar,1373.59,50,2330.89,35.9,Febrero,19165.22,alta
Deportes,1338.87,36,3896.97,19.0,Diciembre,35885.56,alta
Deportes,731.9,487,1700.4,32.9,Diciembre,23979.03,alta
Alimentos,944.71,249,4049.97,22.0,Julio,29152.38,alta
Hogar,562.61,143,3555.17,38.7,Diciembre,10716.08,alta
Deportes,890.99,317,2421.87,7.5,Febrero,10313.45,alta
Alimentos,1492.08,156,3994.35,30.2,Diciembre,16336.43,alta
Tecnologia,1890.13,49,3032.78,25.0,Septiembre,49588.6,alta
deportes,1017.66,498,2339.46,31.4,Agosto,8412.48,alta
Tecnologia,881.81,213,130.63,10.5,Julio,25456.57,alta
Tecnologia,1739.45,393,3216.82,16.1,Septiembre,48516.46,alta
Hogar,903.94,486,875.62,48.3,Diciembre,20568.45,alta
Alimentos,1309.25,121,962.22,48.7,Agosto,22830.11,alta
Ropa,1476.8,54,,13.0,Noviembre,38401.77,alta
Ropa,1070.11,48,642.03,23.1,Mayo,12884.59,alta
Alimentos,105.17,438,4710.47,0.5,Marzo,167154.727775846,alta
Deportes,1363.11,284,105.0,43.3,Abril,23355.06,alta
Alimentos,752.35,498,2994.92,13.2,Septiembre,22808.65,alta
Deportes,272.78,498,1423.36,17.8,Agosto,7588.6,alta
Hogar,167.23,87,3967.7,40.8,Marzo,7478.49,alta
Deportes,1283.43,337,2437.16,29.7,Abril,33659.36,alta
Tecnologia,579.31,124,4828.91,31.2,Mayo,14931.55,alta
HOGAR,1804.4,446,2732.98,0.2,Abril,22653.26,alta
tecnologia,1223.27,369,,8.0,Diciembre,39413.96,alta
Tecnologia,1238.14,380,3488.96,37.3,Noviembre,19718.08,alta
Alimentos,1349.17,87,4028.45,33.0,Octubre,12028.89,alta
Ropa,1231.29,254,2212.02,1.7,Abril,16875.31,alta
Ropa,274.24,317,4103.21,24.5,Enero,5928.15,alta
Tecnologia,1009.62,219,418.15,42.0,Noviembre,4350.91,media
Hogar,1205.03,328,,36.3,Mayo,17513.77,alta
Ropa,1507.51,431,3952.24,9.6,Noviembre,46990.25,alta
alimentos,970.91,175,3449.53,44.4,Noviembre,16059.99,alta
Tecnologia,330.93,497,1230.75,29.8,Agosto,9080.19,alta
Deportes,1117.02,454,4803.63,16.8,Agosto,11823.04,alta
Alimentos,782.96,415,3349.3,22.4,Junio,10266.14,alta
Hogar,1810.64,78,2483.06,17.1,Mayo,23795.47,alta
Tecnologia,1777.42,181,3337.57,36.5,Octubre,40462.29,alta
Hogar,1688.38,224,3762.14,22.1,Noviembre,37011.46,alta
Ropa,,458,4400.16,25.5,Noviembre,21222.26,alta
Alimentos,1987.05,192,4616.88,41.1,Abril,52073.15,alta
Alimentos,566.03,32,1469.64,48.6,Octubre,17863.39,alta
ROPA,1344.86,332,252.5,15.3,Octubre,7227.68,alta
Deportes,733.31,92,125.37,33.1,Julio,7186.13,alta
Tecnologia,1613.54,444,3106.28,41.9,Enero,21907.79,alta
Tecnologia,1592.28,165,2801.26,10.8,Marzo,27065.31,alta
Alimentos,1892.72,406,3167.51,15.6,Junio,18821.23,alta
Hogar,1317.29,232,3227.29,12.3,Junio,37209.5,alta
Ropa,1830.25,135,2689.8,42.6,Marzo,41793.26,alta
Tecnologia,1022.54,456,3872.08,46.5,Mayo,19232.28,alta
Alimentos,157.09,69,581.63,18.9,Junio,4164.95,media
Tecnologia,1799.08,224,2676.19,13.8,Abril,29815.23,alta
Alimentos,1343.78,71,506.92,14.4,Septiembre,32641.18,alta
Ropa,1830.39,209,716.92,5.8,Septiembre,11925.4,alta
Deportes,329.92,48,900.97,42.5,Diciembre,8671.63,alta
Deportes,1953.99,378,3243.9,11.6,Mayo,25852.35,alta
Tecnologia,688.82,326,161.7,23.3,Abril,14129.5,alta
hogar,562.93,413,4303.82,34.7,Julio,15347.21,alta
Deportes,1331.59,228,1307.64,4.4,Diciembre,33825.13,alta
Deportes,273.78,379,3457.27,2.1,Agosto,10666.74,alta
Deportes,509.75,213,4610.78,8.3,Mayo,19205.7,alta
Deportes,504.93,448,44.36,15.1,Noviembre,14922.68,alta
Tecnologia,986.36,242,2850.34,47.4,Mayo,21603.94,alta
Ropa,1561.7,138,3932.32,18.2,Julio,32183.53,alta
Deportes,1824.7,294,95.45,14.4,Marzo,22425.68,alta
Tecnologia,203.62,121,3151.2,46.4,Julio,3704.32,media
Ropa,160.23,201,154.07,4.7,Septiembre,4459.44,media
Deportes,1052.21,156,4493.56,40.8,Septiembre,14772.13,alta
Ropa,291.52,182,1072.07,40.3,Marzo,8074.74,alta
Ropa,1755.79,296,2309.8,31.3,Julio,32391.32,alta
Alimentos,1442.12,381,4047.5,28.5,Enero,45646.27,alta
Tecnologia,716.58,115,4746.62,42.3,Mayo,24901.61,alta
Hogar,399.43,341,3094.39,1.9,Noviembre,9662.7,alta
Deportes,682.15,114,939.63,5.7,Junio,20162.45,alta
Alimentos,919.61,52,4759.3,22.0,Julio,21801.93,alta
Hogar,179.95,225,67.18,44.4,Febrero,3661.47,media
Alimentos,570.92,143,3636.48,10.3,Marzo,5263.85,alta
Tecnologia,354.1,257,4791.23,21.4,Septiembre,9121.73,alta
Deportes,16.37,105,1082.43,39.6,Agosto,174052.98195552165,media
Tecnologia,1527.98,488,2490.13,1.2,Septiembre,38471.27,alta
Deportes,376.23,78,2770.92,8.0,Octubre,11170.49,alta
Alimentos,1254.15,124,214.7,5.5,Septiembre,7555.79,alta
Alimentos,1145.28,267,,32.9,Diciembre,14519.43,alta
Deportes,1519.1,479,3718.94,23.2,Febrero,12048.1,alta
Alimentos,236.55,428,939.42,20.4,Mayo,4547.07,media
Tecnologia,70.88,104,798.18,49.6,Enero,1085.41,baja
Tecnologia,1785.45,147,4385.21,44.4,Marzo,44989.98,alta
Deportes,638.15,229,,13.4,Agosto,9878.94,alta
Ropa,83.95,43,1783.52,9.9,Septiembre,3441.37,media
Alimentos,983.22,122,2021.92,10.0,Enero,15130.1,alta
Ropa,1149.18,455,3934.15,23.3,Octubre,10939.22,alta
Ropa,1707.54,327,655.04,28.9,Agosto,6339.29,alta
Tecnologia,246.76,192,3531.23,28.6,Marzo,7647.33,alta
Alimentos,,9,3526.7,6.6,Diciembre,10484.73,alta
Ropa,1119.01,254,629.4,45.3,Septiembre,24247.02,alta
Hogar,1157.61,180,2608.88,48.2,Septiembre,32059.63,alta
Tecnologia,,198,1948.34,3.0,Marzo,15555.43,alta
Deportes,1223.07,38,471.75,30.3,Diciembre,18893.33,alta
Ropa,,186,2991.75,35.1,Noviembre,10533.32,alta
Ropa,1281.3,36,2421.6,30.0,Septiembre,18680.13,alta
Ropa,1369.62,408,2900.22,15.9,Agosto,11620.55,alta
Hogar,289.05,494,751.32,27.6,Marzo,8189.07,alta
Tecnologia,535.8,453,35.36,3.6,Febrero,7926.2,alta
Ropa,835.17,107,1855.97,27.0,Agosto,21193.01,alta
Ropa,,425,3929.94,6.6,Diciembre,14627.22,alta
Hogar,332.87,124,3769.94,6.5,Enero,4400.57,media
Hogar,1378.67,275,755.4,11.5,Enero,31152.9,alta
Hogar,1000.3,162,1348.94,6.1,Julio,160429.8646940357,alta
ALIMENTOS,85.22,366,2587.16,40.4,Abril,4897.36,media
Deportes,1648.88,173,2078.67,21.5,Diciembre,46904.85,alta
DEPORTES,937.03,382,1942.47,32.9,Noviembre,26420.11,alta
Tecnologia,1055.6,20,4736.92,28.4,Julio,23911.95,alta
Ropa,827.61,316,,42.7,Febrero,5575.75,alta
Deportes,1800.97,364,4910.33,25.1,Junio,35514.44,alta
ROPA,1333.73,206,1931.21,12.4,Febrero,11306.46,alta
Hogar,510.27,442,2073.72,36.2,Septiembre,14277.58,alta
Alimentos,,294,1799.96,31.9,Diciembre,11390.18,alta
Hogar,1234.88,306,3318.42,10.4,Mayo,19090.51,alta
Ropa,77.54,183,4993.48,10.5,Junio,5469.53,alta
Ropa,1355.87,254,3042.71,0.6,Octubre,25551.23,alta
Alimentos,161.78,191,3945.81,25.5,Diciembre,6551.9,alta
Ropa,200.44,442,4422.54,16.8,Marzo,6136.46,alta
Ropa,1759.12,69,4159.31,8.0,Febrero,13416.38,alta
Alimentos,194.1,364,4268.69,30.6,Abril,7137.54,alta
Tecnologia,336.55,11,29.59,24.6,Abril,8251.27,alta
Tecnologia,,261,3797.81,8.3,Junio,35348.73,alta
TECNOLOGIA,750.41,314,1242.54,46.8,Abril,17717.06,alta
Deportes,696.11,377,3981.09,16.2,Marzo,19081.07,alta
Deportes,523.39,204,1786.76,1.8,Febrero,15545.75,alta
Deportes,559.23,350,2140.79,15.8,Enero,17675.28,alta
Ropa,,164,4056.59,44.5,Octubre,5462.44,alta
Ropa,160.63,185,3144.53,11.5,Febrero,7014.95,alta
Ropa,,159,1209.99,26.6,Agosto,20235.21,alta
Hogar,1207.31,64,3007.04,26.5,Octubre,35275.22,alta
Ropa,,354,4531.47,3.5,Abril,6720.86,alta
Deportes,407.22,394,4381.41,41.6,Julio,12905.94,alta
Deportes,765.96,81,3732.99,4.8,Septiembre,21051.05,alta
Deportes,1599.92,210,522.77,32.9,Agosto,25209.5,alta
Tecnologia,1472.88,274,2301.93,38.6,Diciembre,11739.99,alta
Hogar,69.54,205,1224.5,41.4,Febrero,2912.26,media
Deportes,553.82,451,928.91,17.0,Octubre,16394.13,alta
Tecnologia,,126,2781.55,37.2,Julio,2377.28,media
Hogar,619.43,298,735.16,43.3,Enero,12800.62,alta
Hogar,1621.29,257,4846.75,49.8,Abril,44531.67,alta
Ropa,1900.06,275,3515.08,23.5,Agosto,28449.92,alta
hogar,1369.31,263,1161.45,7.8,Mayo,25287.58,alta
Hogar,1154.39,145,2878.15,42.3,Julio,8291.1,alta
Ropa,1989.41,150,4410.93,17.4,Octubre,49576.59,alta
Ropa,136.44,283,1552.33,33.8,Marzo,3893.33,media
Alimentos,1298.05,238,,26.0,Abril,19303.07,alta
Tecnologia,160.52,92,1773.84,27.0,Septiembre,3432.02,media
Hogar,789.04,75,2631.66,25.8,Junio,18533.98,alta
Alimentos,1809.64,430,901.1,48.5,Agosto,19675.1,alta
Hogar,468.0,100,3324.17,37.5,Diciembre,15791.03,alta
Hogar,1115.62,234,835.52,10.0,Julio,15105.57,alta
Deportes,1493.26,401,2499.55,38.0,Diciembre,45105.57,alta
Deportes,966.9,273,,22.6,Septiembre,28257.56,alta
Ropa,1281.92,44,4415.81,2.9,Septiembre,22108.37,alta
Ropa,669.2,205,,30.1,Junio,7825.57,alta
Tecnologia,801.11,346,3360.92,34.5,Julio,23717.49,alta
Alimentos,1383.46,152,4733.99,32.1,Mayo,19064.05,alta
Deportes,1043.65,122,3681.19,24.7,Octubre,31881.76,alta
Alimentos,282.45,309,2142.71,1.4,Octubre,9997.97,alta
Deportes,244.81,7,1623.1,6.1,Julio,3773.39,media
Alimentos,1756.58,284,3162.5,7.8,Abril,54820.86,alta
Alimentos,1974.46,181,4865.79,22.9,Octubre,41017.01,alta
Ropa,1584.49,146,3273.25,46.5,Octubre,49367.14,alta
Alimentos,,141,3256.22,18.7,Diciembre,24214.38,alta
Ropa,45.14,47,2080.52,27.7,Abril,1804.11,media
Alimentos,,365,694.84,5.7,Abril,4196.97,media
Hogar,209.25,206,696.42,1.9,Julio,6633.59,alta
Deportes,35.51,491,2355.61,41.1,Junio,3034.32,media
Tecnologia,779.36,87,3508.45,26.9,Julio,18182.2,alta
Deportes,286.44,232,139.52,38.9,Mayo,7953.82,alta
Tecnologia,1946.77,109,1467.04,38.7,Septiembre,52698.46,alta
Deportes,684.19,404,587.49,37.9,Agosto,16177.45,alta
Tecnologia,247.18,24,2628.89,49.3,Octubre,8500.71,alta
Tecnologia,82.35,295,3437.89,0.6,Mayo,4996.92,media
Alimentos,703.7,267,594.77,35.2,Mayo,16979.59,alta
Hogar,679.34,459,661.32,16.5,Agosto,3613.45,media
Alimentos,160.26,23,2963.64,0.2,Mayo,3489.05,media
Tecnologia,384.45,289,166.61,2.8,Abril,10853.92,alta
Alimentos,838.53,284,3834.51,35.9,Junio,24207.96,alta
Deportes,426.58,153,4006.33,21.8,Diciembre,14915.23,alta
Ropa,,11,952.65,14.7,Julio,2357.12,media
Hogar,746.7,323,2068.93,44.2,Junio,9808.58,alta
Ropa,474.81,394,3735.59,27.9,Enero,10791.9,alta
Ropa,766.63,314,2692.75,15.7,Mayo,25047.57,alta
Hogar,1881.67,152,1373.92,21.9,Abril,148988.5862402208,alta
Deportes,1154.13,490,3826.07,25.3,Febrero,30836.21,alta
Deportes,1703.66,316,4040.9,31.0,Diciembre,22631.47,alta
Ropa,1092.63,152,4752.88,49.3,Marzo,29675.13,alta
Ropa,32.95,455,952.65,38.0,Julio,1723.27,media
Tecnologia,,327,20.71,36.8,Septiembre,9672.28,alta
Alimentos,176.95,84,4298.72,43.2,Septiembre,4141.2,media
Hogar,1035.43,147,4824.47,30.7,Septiembre,6589.49,alta
Tecnologia,1318.4,301,1061.83,32.1,Julio,24523.56,alta
Hogar,,124,4500.14,31.7,Enero,13232.44,alta
Ropa,1578.97,19,46.38,36.0,Febrero,16485.81,alta
Ropa,1781.6,434,3809.92,4.6,Noviembre,46926.7,alta
Tecnologia,548.16,424,,26.3,Septiembre,8015.0,alta
Ropa,477.56,422,2115.46,23.2,Abril,3712.65,media
Alimentos,858.61,356,2854.32,23.4,Marzo,24034.75,alta
Ropa,1387.46,339,4295.88,21.0,Junio,26528.44,alta
Ropa,504.77,227,1153.23,1.2,Marzo,14356.77,alta
Deportes,1721.21,430,2317.52,25.4,Octubre,53273.47,alta
Tecnologia,1815.07,272,,32.6,Julio,45017.33,alta
Hogar,403.55,97,2478.26,9.1,Marzo,9614.04,alta
Tecnologia,1876.65,253,2623.46,4.5,Septiembre,47168.42,alta
Hogar,1184.08,119,2091.88,18.9,Agosto,8180.68,alta
Ropa,,458,4783.78,33.2,Marzo,31766.61,alta
Hogar,1868.82,325,4188.3,9.9,Octubre,19454.76,alta
Deportes,74.46,151,3490.53,3.7,Abril,3454.11,media
Alimentos,1075.99,149,1903.93,5.6,Marzo,19842.5,alta
Hogar,1376.48,182,2678.44,12.6,Enero,218480.4263356837,alta
Hogar,1255.23,419,3270.08,6.2,Noviembre,26972.07,alta
Tecnologia,175.02,327,3308.66,8.2,Febrero,6711.41,alta
Deportes,1402.36,475,2769.46,19.8,Marzo,27285.93,alta
Alimentos,1070.97,278,3428.47,26.8,Diciembre,128413.68192020281,alta
Ropa,698.02,291,3534.75,23.9,Agosto,15802.09,alta
Hogar,296.8,352,1882.74,21.6,Enero,3641.96,media
Deportes,787.89,471,311.15,40.1,Febrero,7955.4,alta
Deportes,997.79,311,897.12,13.3,Mayo,12499.5,alta
Ropa,1719.8,20,4259.34,4.2,Mayo,27776.25,alta
Deportes,577.39,235,3664.83,24.0,Diciembre,14793.68,alta
Alimentos,441.19,117,4846.23,20.4,Abril,5853.08,alta
Deportes,353.8,359,2996.83,15.8,Marzo,9705.0,alta
Hogar,842.32,490,615.46,16.0,Abril,5151.74,alta
Tecnologia,503.71,304,1685.36,12.9,Abril,8094.41,alta
Tecnologia,653.73,5,3587.27,38.4,Enero,20287.43,alta
Ropa,773.91,18,,42.2,Octubre,2398.65,media
Alimentos,1558.4,338,4632.0,16.0,Septiembre,27570.49,alta
Hogar,631.83,277,3398.65,27.9,Marzo,7503.57,alta
Tecnologia,72.32,151,2938.41,18.1,Enero,4689.04,media
Hogar,,332,471.2,31.3,Diciembre,34749.4,alta
Tecnologia,1670.92,413,279.89,49.6,Enero,130628.37500589478,alta
Hogar,,142,2485.56,25.9,Diciembre,15349.57,alta
Alimentos,61.04,34,,8.6,Abril,3842.9,media
Alimentos,560.69,22,3292.75,44.4,Febrero,13354.27,alta
Deportes,1895.92,399,4742.19,22.5,Enero,11784.33,alta
Tecnologia,,94,3175.55,14.7,Junio,23121.7,alta
Tecnologia,1774.37,270,4347.97,46.7,Septiembre,48000.59,alta
Alimentos,,374,4638.51,40.4,Marzo,20221.29,alta
Ropa,621.85,140,1089.67,42.2,Agosto,7764.24,alta
Tecnologia,815.75,388,3081.49,46.7,Enero,11319.31,alta
Alimentos,104.55,437,2835.39,33.0,Diciembre,141908.05886096027,alta
Deportes,643.07,349,206.81,22.5,Enero,16007.13,alta
hogar,1608.48,147,4755.54,27.9,Diciembre,13942.76,alta
Hogar,1047.33,253,2791.59,2.4,Septiembre,31584.26,alta
Ropa,74.3,156,3583.0,7.9,Noviembre,5233.51,alta
Deportes,18.7,292,235.58,34.9,Agosto,1355.8,baja
Ropa,528.64,411,1290.94,46.8,Mayo,6390.65,alta
Alimentos,,163,,41.8,Enero,41742.4,alta
tecnologia,573.81,203,3429.89,49.4,Diciembre,18180.78,alta
Ropa,1803.83,19,699.8,46.4,Enero,123467.08249143112,alta
Alimentos,174.61,380,2961.54,18.7,Junio,5486.68,alta
Alimentos,954.46,245,4059.36,20.4,Octubre,25691.13,alta
Ropa,1732.28,146,3492.12,26.3,Mayo,48626.52,alta
Tecnologia,549.82,360,816.14,22.5,Noviembre,14785.28,alta
Tecnologia,1541.16,341,468.4,12.7,Abril,6736.29,alta
Deportes,,112,4957.33,46.1,Agosto,11406.78,alta
Hogar,1480.31,107,2837.22,26.1,Mayo,11980.87,alta
Tecnologia,1408.73,275,3454.1,46.9,Julio,35345.8,alta
Hogar,1144.54,351,4747.45,14.5,Diciembre,26252.86,alta
Ropa,876.31,185,4651.54,30.3,Diciembre,11235.09,alta
Ropa,,423,501.58,44.4,Agosto,26935.84,alta
Deportes,1167.96,358,877.95,24.8,Julio,21215.54,alta
Ropa,192.56,28,3706.11,27.1,Julio,3391.83,media
Tecnologia,505.83,450,4956.74,47.4,Marzo,6683.86,alta
Ropa,1739.21,209,4626.89,19.4,Septiembre,41400.61,alta
Tecnologia,1050.2,23,,12.0,Diciembre,34348.16,alta
Deportes,1587.26,80,4249.16,27.6,Julio,36998.25,alta
Deportes,1407.46,407,1713.31,11.2,Enero,24404.15,alta
Deportes,1709.79,461,1909.35,25.9,Noviembre,9505.05,alta
Deportes,910.69,174,434.5,18.4,Mayo,12175.6,alta
Hogar,1316.79,55,3711.76,19.5,Agosto,7865.04,alta
Deportes,575.36,28,3709.81,6.2,Marzo,11112.62,alta
Tecnologia,891.68,429,3813.82,36.0,Febrero,13762.8,alta
Alimentos,,455,748.1,10.8,Febrero,5203.73,alta
Hogar,121.95,67,3918.03,9.1,Abril,6485.43,alta
Alimentos,1682.48,427,3132.75,26.4,Febrero,16238.16,alta
Ropa,1686.51,15,2217.39,7.2,Julio,14338.12,alta
Hogar,465.24,388,13.08,47.1,Noviembre,7577.97,alta
Hogar,616.94,455,3540.98,29.7,Diciembre,7808.26,alta
Deportes,1217.48,305,2619.68,12.7,Enero,30687.16,alta
Tecnologia,1660.89,381,2575.03,24.6,Junio,12522.85,alta
Hogar,1666.55,337,166.23,22.3,Mayo,29088.75,alta
Alimentos,605.6,121,3346.67,40.9,Mayo,8192.87,alta
Alimentos,544.71,356,4583.49,30.8,Septiembre,15004.28,alta
Tecnologia,312.98,130,2550.6,43.3,Junio,8738.88,alta
ALIMENTOS,770.65,252,3080.07,43.1,Mayo,13779.48,alta
Alimentos,113.53,355,837.57,37.8,Marzo,3562.08,media
Tecnologia,803.38,437,3671.72,30.5,Marzo,20381.25,alta
Hogar,1936.65,151,4144.92,35.5,Agosto,21612.85,alta
Deportes,1326.92,64,144.59,27.0,Mayo,35910.83,alta
Tecnologia,1319.92,120,1371.62,32.8,Octubre,18499.28,alta
Ropa,1109.45,159,3211.59,29.4,Junio,26153.88,alta
Tecnologia,693.94,419,922.48,48.5,Abril,15850.22,alta
Hogar,613.17,463,1894.14,12.8,Diciembre,20993.57,alta
Hogar,151.59,346,1872.27,30.3,Noviembre,4327.08,media
Ropa,250.92,483,1758.54,16.3,Diciembre,7884.99,alta
Hogar,1985.22,389,622.0,14.6,Octubre,19879.78,alta
Hogar,1553.32,379,2222.39,45.2,Mayo,19917.55,alta
Alimentos,637.49,205,1209.4,30.1,Mayo,7435.3,alta
Tecnologia,,464,1231.98,48.9,Junio,14305.41,alta
Alimentos,506.89,438,4713.92,37.6,Julio,11475.57,alta
Hogar,1465.96,293,1655.16,18.2,Mayo,9336.77,alta
Hogar,1191.47,191,1367.83,18.5,Noviembre,14931.4,alta
Ropa,174.39,223,573.13,37.0,Marzo,4165.25,media
Hogar,93.65,327,207.07,21.5,Junio,224519.38395624954,media
Tecnologia,1930.95,137,3437.64,42.5,Septiembre,6467.16,alta
Tecnologia,611.03,215,2648.28,14.9,Enero,5666.54,alta
Deportes,1038.59,90,4434.56,1.9,Enero,20089.57,alta
Ropa,875.13,131,2098.78,32.2,Mayo,25320.69,alta
Deportes,,384,2102.27,40.2,Febrero,8738.35,alta
Alimentos,412.45,5,4893.76,5.3,Noviembre,5703.82,alta
Tecnologia,107.53,91,4300.76,0.7,Julio,6460.56,alta
Ropa,110.21,466,2798.6,46.8,Diciembre,5135.45,alta
Alimentos,1410.97,231,4519.01,18.3,Agosto,33521.82,alta
Deportes,693.83,398,3420.05,27.7,Marzo,16181.84,alta
Alimentos,450.91,385,2599.9,21.3,Enero,7672.04,alta
Alimentos,1200.74,193,2409.81,16.3,Febrero,5487.31,alta
Hogar,138.72,416,4898.11,18.4,Diciembre,7092.34,alta
Hogar,1254.16,423,827.69,7.0,Junio,10379.44,alta
Deportes,1892.01,273,3405.82,23.8,Febrero,21860.51,alta
Alimentos,316.78,206,4490.09,7.0,Diciembre,11050.68,alta
Alimentos,1138.47,188,,1.4,Octubre,17826.72,alta
Deportes,968.57,205,2024.19,23.2,Octubre,7145.62,alta
Ropa,131.27,115,406.15,21.6,Julio,4016.55,media
TECNOLOGIA,94.63,64,4136.75,13.2,Julio,5040.34,alta
Alimentos,1570.05,333,379.19,24.0,Septiembre,38375.29,alta
Deportes,1982.13,379,3935.39,22.7,Julio,50759.05,alta
Tecnologia,142.51,115,896.51,33.7,Febrero,4466.25,media
Ropa,821.78,100,4068.95,0.2,Enero,8341.25,alta
Tecnologia,684.76,132,229.95,43.4,Febrero,14169.12,alta
Tecnologia,677.84,380,1491.08,43.7,Agosto,20297.0,alta
Hogar,1883.94,242,2522.84,9.5,Junio,49427.57,alta
Ropa,617.8,147,466.2,3.7,Septiembre,6686.95,alta
Tecnologia,1893.95,94,1361.93,44.0,Noviembre,56728.76,alta
Alimentos,566.14,8,3835.64,17.2,Marzo,9974.81,alta
Deportes,742.48,463,4004.44,21.6,Enero,14350.25,alta
Alimentos,1009.35,13,,16.6,Noviembre,25951.89,alta
Ropa,50.14,240,1585.15,31.4,Julio,156753.30089601717,media
Hogar,,409,2043.33,13.0,Mayo,24761.97,alta
Hogar,1309.21,151,1842.26,41.7,Febrero,19644.54,alta
Deportes,400.17,351,121.9,6.8,Agosto,6631.98,alta
Hogar,134.71,343,1920.33,46.1,Diciembre,2288.75,media
Deportes,88.0,417,1942.01,15.5,Junio,2646.48,media
Hogar,1295.83,33,11.9,35.7,Febrero,29587.65,alta
HOGAR,1850.59,241,3905.42,19.9,Febrero,33294.17,alta
Deportes,1507.19,125,2633.98,36.8,Marzo,8766.44,alta
Ropa,1677.12,338,1799.84,37.5,Noviembre,20530.12,alta
Alimentos,1529.32,190,4403.0,6.0,Septiembre,34548.88,alta
Tecnologia,1831.17,486,4902.1,28.0,Diciembre,31253.65,alta
Ropa,654.04,124,3232.96,0.1,Diciembre,17448.83,alta
Deportes,1139.7,499,2587.36,47.6,Febrero,17051.6,alta
Ropa,1712.32,207,2222.37,23.6,Septiembre,126585.35736615276,alta
Tecnologia,140.46,337,1393.91,46.5,Enero,3674.93,media
Alimentos,,336,38.82,32.8,Agosto,26478.05,alta
Hogar,,399,2046.6,7.1,Junio,2982.84,media
Ropa,257.87,183,4537.69,23.9,Septiembre,6737.83,alta
Deportes,,229,1276.96,36.5,Julio,42836.01,alta
alimentos,542.99,347,2470.93,20.9,Enero,10901.87,alta
Hogar,667.25,316,3736.22,13.1,Mayo,9985.69,alta
ROPA,658.86,90,4304.49,45.2,Noviembre,19284.47,alta
Tecnologia,,315,1410.66,16.9,Febrero,24113.52,alta
Tecnologia,480.31,271,163.02,45.8,Noviembre,6565.72,alta
Alimentos,1252.57,474,3061.71,38.1,Junio,30107.66,alta
Tecnologia,1814.32,119,3823.88,21.1,Octubre,11902.37,alta
Tecnologia,1218.83,110,2583.25,2.4,Abril,32412.71,alta
Ropa,107.05,458,1870.53,0.6,Octubre,4806.81,media
Hogar,,195,3415.51,16.8,Abril,9853.61,alta
Deportes,272.03,98,2542.14,40.0,Enero,6444.45,alta
Alimentos,416.36,234,1051.91,18.3,Junio,5431.22,alta
alimentos,1729.82,244,3496.54,47.7,Diciembre,52467.46,alta
Deportes,671.53,31,3810.19,17.9,Septiembre,7554.81,alta
Hogar,595.31,495,4327.14,9.3,Mayo,12200.17,alta
Tecnologia,132.45,298,3412.01,21.6,Diciembre,6509.01,alta
Ropa,247.25,236,559.83,34.4,Marzo,5100.63,alta
Deportes,1218.68,5,843.04,36.1,Julio,3698.07,media
Deportes,,153,1003.74,7.7,Noviembre,38733.72,alta
Tecnologia,565.27,138,2066.68,16.5,Septiembre,3971.96,media
Hogar,881.69,325,2298.41,24.6,Marzo,18932.89,alta
Alimentos,1937.66,219,1261.29,6.9,Octubre,6566.36,alta
Hogar,965.87,22,1937.9,10.7,Agosto,17798.7,alta
Alimentos,1469.33,441,1760.17,5.2,Octubre,27037.32,alta
Alimentos,1933.02,476,,3.2,Febrero,54492.38,alta
Ropa,24.23,428,924.15,14.5,Julio,2380.42,media
Hogar,1537.28,246,696.93,29.9,Agosto,10118.15,alta
Ropa,1090.4,348,1207.18,8.7,Junio,5582.63,alta
Alimentos,,159,741.47,2.1,Octubre,27103.44,alta
Hogar,1922.89,206,178.7,24.1,Marzo,15407.14,alta
Tecnologia,445.42,449,3094.26,45.8,Septiembre,8045.56,alta
Deportes,801.45,395,331.96,38.4,Junio,19486.22,alta
Tecnologia,,352,3115.69,32.5,Mayo,5738.11,alta
Hogar,793.22,110,2988.26,37.0,Octubre,17556.56,alta
Tecnologia,1940.15,455,2696.83,3.5,Diciembre,51121.96,alta
Deportes,1725.32,132,4670.68,49.7,Junio,44470.08,alta
Deportes,,441,2177.43,19.4,Febrero,17813.84,alta
Tecnologia,793.81,499,342.44,45.4,Abril,9242.33,alta
Hogar,1154.59,171,2615.02,10.9,Junio,17102.79,alta
Alimentos,1530.52,22,1588.77,17.6,Mayo,27262.42,alta
Deportes,995.74,99,3460.07,42.4,Enero,12834.61,alta
Alimentos,1825.28,41,4434.97,32.9,Junio,27758.36,alta
Deportes,263.95,311,23.54,16.2,Marzo,4583.29,media
Tecnologia,1701.52,21,,43.0,Agosto,21227.98,alta
Tecnologia,106.41,320,449.86,4.1,Mayo,1730.71,media
tecnologia,1377.56,306,3890.86,18.8,Enero,10465.82,alta
Alimentos,571.78,280,3003.37,43.8,Abril,10865.75,alta
Deportes,1989.25,287,185.21,40.9,Abril,41421.98,alta
Hogar,1141.31,442,2654.11,2.7,Enero,20485.96,alta
Ropa,1849.76,498,4596.69,39.6,Febrero,10549.95,alta
Alimentos,1646.64,297,2787.36,11.3,Julio,27182.61,alta
Tecnologia,829.82,418,3492.2,8.9,Junio,22046.62,alta
Deportes,653.0,436,2647.56,24.1,Septiembre,11942.2,alta
Ropa,151.38,357,4788.14,44.9,Enero,5773.49,alta
Ropa,1226.3,176,2823.61,3.1,Febrero,14839.44,alta
Alimentos,1918.43,6,2109.51,39.5,Septiembre,43585.75,alta
Alimentos,921.08,291,,5.3,Octubre,12071.12,alta
Deportes,744.7,276,1908.58,30.5,Junio,12605.35,alta
Alimentos,1451.01,133,3582.93,5.8,Enero,9883.55,alta
Hogar,54.51,367,2052.11,16.9,Noviembre,2473.04,media
Deportes,252.51,316,,14.2,Mayo,9321.14,alta
Tecnologia,1089.93,106,1120.94,22.3,Agosto,26427.06,alta
Tecnologia,1874.92,471,716.48,46.1,Junio,21065.82,alta
Deportes,1196.85,300,390.89,0.4,Julio,30810.23,alta
alimentos,922.4,279,4327.82,21.7,Junio,24962.26,alta
Hogar,50.24,380,2990.63,30.3,Junio,3406.98,media
Deportes,481.97,225,3557.0,31.6,Junio,16556.31,alta
Tecnologia,366.94,278,4454.68,7.5,Marzo,7351.32,alta
Deportes,429.59,105,3434.04,42.8,Septiembre,14225.18,alta
Tecnologia,700.41,289,2488.3,24.9,Junio,4557.9,media
Hogar,,120,2677.42,11.7,Agosto,22281.59,alta
Hogar,1760.19,121,3832.52,22.1,Marzo,54852.99,alta
DEPORTES,1021.72,482,920.78,32.0,Diciembre,10121.83,alta
Ropa,449.41,93,53.81,0.6,Julio,11872.44,alta
Deportes,569.94,249,4788.39,19.5,Julio,12088.25,alta
Hogar,29.92,131,1433.38,32.0,Abril,1808.32,media
Deportes,985.69,303,2375.64,33.2,Mayo,21661.32,alta
Hogar,270.34,285,1550.99,26.6,Noviembre,8953.78,alta
Alimentos,409.64,50,4604.6,41.3,Octubre,7463.93,alta
Hogar,,303,4688.97,21.9,Julio,25306.69,alta
ROPA,522.11,42,849.1,49.3,Septiembre,9029.4,alta
Ropa,190.28,158,1976.54,5.8,Mayo,4907.68,media
Deportes,1462.43,342,1659.98,34.5,Julio,34556.85,alta
Deportes,716.19,252,,30.4,Marzo,10614.81,alta
Deportes,286.12,418,1684.62,13.8,Abril,7004.9,alta
Alimentos,1988.35,270,2119.88,4.7,Mayo,20127.21,alta
Tecnologia,1751.68,162,1994.3,37.2,Mayo,19517.01,alta
Deportes,1507.14,496,3307.2,18.5,Octubre,35390.34,alta
Ropa,409.53,397,4367.19,33.4,Enero,13671.22,alta
Tecnologia,1292.77,53,156.03,28.9,Enero,17685.24,alta
Alimentos,252.92,480,,35.7,Marzo,8869.08,alta
Tecnologia,769.12,490,2149.98,5.1,Diciembre,16084.57,alta
Tecnologia,628.5,261,3945.27,46.1,Febrero,7766.83,alta
TECNOLOGIA,91.99,22,2640.34,2.5,Octubre,4850.6,media
Alimentos,693.04,182,3602.43,46.4,Enero,16095.13,alta
Tecnologia,568.35,117,3204.41,49.1,Mayo,4590.44,media
Ropa,1510.88,177,,32.9,Agosto,44913.14,alta
Hogar,758.49,73,3976.59,31.7,Junio,4914.93,media
Ropa,909.57,128,2922.86,29.9,Octubre,29691.91,alta
Alimentos,26.83,343,63.3,30.0,Julio,457.99,baja
Tecnologia,1571.23,239,4229.58,41.5,Noviembre,40841.41,alta
Hogar,1015.41,91,3060.95,11.4,Agosto,27145.71,alta
ROPA,,208,2027.33,37.5,Mayo,122956.98578167499,alta
Deportes,1911.91,462,2791.11,35.6,Julio,48763.5,alta
Tecnologia,33.98,26,814.61,38.4,Mayo,507.22,baja
Tecnologia,1982.54,285,3523.41,4.4,Julio,11626.15,alta
Ropa,1420.35,205,1375.44,31.0,Diciembre,27661.34,alta
Alimentos,1108.62,412,2935.16,20.0,Abril,26594.78,alta
Deportes,369.79,281,1192.19,37.0,Septiembre,10976.02,alta
Alimentos,324.38,384,4377.34,27.1,Abril,9417.87,alta
Hogar,,55,2195.61,35.6,Noviembre,13093.22,alta
Alimentos,1855.57,334,2084.45,46.7,Diciembre,13959.76,alta
Tecnologia,1648.83,428,4733.69,46.0,Abril,44557.78,alta
Hogar,1855.64,428,1465.09,46.1,Julio,46111.67,alta
Tecnologia,635.98,456,3472.57,45.0,Marzo,15485.23,alta
Tecnologia,160.62,213,720.15,20.1,Julio,3094.37,media
Alimentos,488.31,300,209.88,32.0,Agosto,9390.41,alta
hogar,1818.51,118,1714.07,32.3,Abril,21006.35,alta
Alimentos,1479.55,413,3603.97,39.1,Junio,26690.52,alta
Hogar,637.07,495,768.93,20.8,Abril,19111.11,alta
Tecnologia,1773.43,441,3372.06,12.9,Enero,12730.71,alta
ropa,312.39,55,1314.79,24.6,Abril,2937.97,media
Hogar,1084.92,259,2498.57,46.8,Marzo,10244.34,alta
Hogar,1363.69,462,2311.13,36.2,Noviembre,26279.02,alta
Alimentos,131.28,72,2144.53,10.1,Septiembre,2674.69,media
Deportes,761.29,256,2123.32,47.9,Diciembre,17503.42,alta
Alimentos,471.6,386,236.9,38.6,Junio,160727.00687854298,alta
Alimentos,827.17,454,2243.21,45.3,Junio,8777.77,alta
Ropa,1675.42,344,3235.26,48.8,Octubre,8160.18,alta
Tecnologia,1883.2,117,4370.23,26.4,Abril,54840.66,alta
Hogar,1835.89,485,1698.16,41.2,Junio,30936.02,alta
Ropa,648.51,449,,40.8,Abril,11398.65,alta
Deportes,923.56,371,,25.5,Agosto,13434.7,alta
Alimentos,675.29,79,1353.01,20.2,Mayo,12720.89,alta
Tecnologia,206.44,183,1638.48,34.0,Mayo,6199.83,alta
Deportes,451.24,116,365.44,14.0,Agosto,3442.35,media
Deportes,923.5,99,1206.35,1.2,Agosto,14187.7,alta
Ropa,,86,3818.46,27.4,Diciembre,5845.54,alta
Alimentos,1964.49,87,1350.88,8.8,Octubre,43126.67,alta
Ropa,901.76,416,,29.6,Febrero,27715.41,alta
Ropa,1052.59,217,82.59,39.0,Noviembre,18811.59,alta
Hogar,1472.91,117,1533.85,37.6,Julio,33109.81,alta
Ropa,,233,1769.05,49.3,Marzo,3117.64,media
Tecnologia,192.69,99,1901.26,21.8,Enero,4273.77,media
Tecnologia,1697.5,299,4830.81,16.0,Diciembre,53232.36,alta
Alimentos,278.27,134,3323.59,26.3,Septiembre,10203.28,alta
Ropa,532.54,393,4513.31,11.4,Julio,11171.71,alta
Hogar,727.92,364,143.09,8.2,Noviembre,4582.36,media
Hogar,,63,2211.97,10.9,Marzo,13669.2,alta
Hogar,,294,1166.01,15.5,Febrero,6343.37,alta
Tecnologia,1812.95,176,4369.52,16.1,Junio,36036.66,alta
Ropa,1975.42,140,4741.03,33.1,Junio,43471.82,alta
Alimentos,1495.02,18,2974.52,21.0,Diciembre,14853.55,alta
Alimentos,1386.05,312,2069.21,29.6,Septiembre,37476.62,alta
Ropa,622.03,452,4358.06,2.9,Noviembre,14396.62,alta
Alimentos,1299.95,439,1210.34,47.4,Enero,8387.98,alta
Deportes,921.09,453,4913.94,14.1,Marzo,27335.74,alta
Tecnologia,365.65,59,83.76,3.0,Mayo,5149.48,alta
Deportes,1589.17,256,470.06,32.2,Febrero,23368.89,alta
Ropa,1260.19,173,298.26,42.6,Noviembre,17665.35,alta
Ropa,1175.35,153,564.97,19.2,Enero,9434.56,alta
Tecnologia,1181.27,302,4297.94,9.4,Septiembre,7147.95,alta
Tecnologia,1830.91,482,1969.75,21.8,Marzo,42203.1,alta
Hogar,1166.5,45,3538.19,33.8,Junio,15947.51,alta
Hogar,1395.62,228,4508.18,11.4,Abril,10372.64,alta
Ropa,1497.69,398,3245.67,31.8,Abril,41327.24,alta
Hogar,597.95,210,3860.86,42.2,Diciembre,9266.8,alta
Hogar,1497.35,142,579.97,5.0,Agosto,44128.63,alta
ALIMENTOS,461.27,449,3505.81,5.7,Septiembre,10604.17,alta
Ropa,867.08,23,471.61,9.5,Abril,16383.04,alta
Deportes,,17,4852.0,17.5,Agosto,55716.95,alta
Tecnologia,,186,1128.9,39.8,Abril,30162.34,alta
Ropa,1719.22,373,1155.52,36.8,Octubre,45422.28,alta
Hogar,703.86,438,4976.45,28.7,Enero,15196.22,alta
Hogar,850.66,179,3766.42,26.0,Noviembre,9792.65,alta
Alimentos,782.44,47,1936.96,29.5,Mayo,12036.24,alta
TECNOLOGIA,465.62,18,1007.24,23.8,Abril,9420.11,alta
Deportes,1320.98,447,4989.15,49.5,Septiembre,28203.12,alta
Tecnologia,1680.98,250,2280.71,27.2,Agosto,36897.23,alta
Hogar,893.76,111,1040.12,0.7,Agosto,15139.09,alta
Tecnologia,1808.74,338,1041.7,8.5,Noviembre,26180.03,alta
Tecnologia,99.47,54,,11.8,Julio,5765.23,alta
Alimentos,616.75,431,2791.17,45.8,Octubre,19178.99,alta
Hogar,919.1,92,2175.88,30.8,Febrero,28852.62,alta
Alimentos,668.14,465,334.85,43.8,Febrero,14549.39,alta
Alimentos,,401,1088.25,37.8,Enero,26673.56,alta
Ropa,1579.21,59,3615.11,8.8,Abril,43164.24,alta
Deportes,846.44,254,927.49,26.8,Septiembre,7212.44,alta
Deportes,1392.78,358,2935.95,39.2,Agosto,28376.5,alta
Deportes,60.87,405,3640.9,0.9,Julio,4090.5,media
Alimentos,1100.13,51,2238.99,8.7,Mayo,33032.7,alta
Hogar,640.16,74,601.41,25.1,Octubre,1408.86,baja
Alimentos,470.43,450,2574.2,42.2,Octubre,3389.46,media
Tecnologia,1593.01,456,4681.27,27.8,Abril,16231.22,alta
Tecnologia,104.92,286,4251.54,32.5,Febrero,4618.06,media
Hogar,1088.93,309,4364.09,26.4,Enero,28914.6,alta
Ropa,1413.65,283,1947.94,25.2,Agosto,21138.83,alta
Alimentos,1086.27,76,,11.7,Julio,23286.13,alta
Deportes,1579.88,87,1203.8,27.8,Febrero,39946.15,alta
Tecnologia,1683.66,343,4380.44,6.0,Mayo,36865.23,alta
Deportes,288.13,308,3153.67,28.4,Febrero,5230.43,alta
Alimentos,1448.62,357,,9.2,Noviembre,14822.02,alta
Hogar,1141.77,74,373.04,14.0,Febrero,15101.83,alta
Tecnologia,549.52,64,4194.7,3.2,Agosto,12325.47,alta
Deportes,537.58,318,3499.22,30.7,Junio,14696.2,alta
Tecnologia,1002.37,93,4541.41,30.7,Junio,25600.76,alta
Ropa,1538.98,103,1391.25,11.6,Agosto,12587.1,alta
Alimentos,1374.64,124,4416.29,45.7,Julio,18416.45,alta
Ropa,875.93,362,497.72,49.8,Diciembre,5049.18,alta
Alimentos,1861.78,347,1690.27,6.1,Agosto,15466.63,alta
Ropa,547.75,94,3272.85,43.3,Junio,11420.05,alta
ropa,1721.12,306,581.84,32.4,Septiembre,24508.99,alta
Ropa,1811.47,152,457.58,37.2,Noviembre,33236.48,alta
Tecnologia,1780.02,235,2160.21,16.8,Diciembre,34847.92,alta
Alimentos,1634.02,151,2429.82,46.7,Agosto,22397.03,alta
Hogar,455.07,344,3171.21,0.5,Febrero,15686.87,alta
Deportes,602.57,385,1691.26,2.8,Marzo,20374.66,alta
Ropa,777.08,302,444.72,19.2,Mayo,18131.43,alta
Tecnologia,1309.77,177,2145.58,4.4,Septiembre,11493.58,alta
Deportes,717.35,102,3810.64,2.9,Septiembre,21602.07,alta
Alimentos,866.09,222,671.03,7.2,Abril,10361.99,alta
Hogar,1182.92,6,3320.78,22.9,Abril,24589.8,alta
Ropa,770.19,94,492.92,18.7,Agosto,12747.72,alta
Deportes,1272.34,35,192.61,24.4,Agosto,4001.04,media
Tecnologia,1113.31,430,1575.67,23.7,Octubre,8304.87,alta
ROPA,1503.19,78,,30.4,Octubre,24462.03,alta
Hogar,239.08,177,533.71,41.9,Octubre,7236.75,alta
Tecnologia,33.82,488,3415.68,7.4,Noviembre,3935.94,media
Deportes,211.72,477,2133.07,20.4,Mayo,8364.92,alta
Tecnologia,1938.34,461,22.33,44.1,Abril,29329.77,alta
Hogar,1205.6,459,3627.89,20.0,Diciembre,37465.79,alta
Hogar,491.12,42,1988.18,15.2,Noviembre,10874.25,alta
Tecnologia,722.69,441,1865.35,21.0,Mayo,20629.37,alta
Hogar,376.64,445,3892.32,12.5,Marzo,5930.22,alta
Deportes,1497.9,375,1189.7,45.9,Marzo,13455.23,alta
Tecnologia,66.25,267,,32.2,Mayo,1627.08,media
Alimentos,1182.56,127,4355.54,31.1,Mayo,34750.01,alta
Ropa,1785.32,167,389.18,48.0,Mayo,35654.98,alta
Tecnologia,694.69,325,3764.54,16.7,Diciembre,16664.95,alta
Tecnologia,1784.03,165,4777.07,18.5,Marzo,51117.01,alta
Ropa,951.39,286,,26.8,Julio,18747.31,alta
Alimentos,1035.55,270,1179.09,38.7,Abril,24999.13,alta
Tecnologia,279.16,305,1745.14,10.1,Septiembre,7659.16,alta
Deportes,177.57,164,127.53,15.5,Febrero,3430.77,media
Deportes,220.48,132,1988.24,27.0,Diciembre,3132.47,media
Alimentos,959.09,5,4785.77,22.0,Diciembre,30559.93,alta
Tecnologia,421.42,123,1951.89,15.5,Agosto,2762.09,media
hogar,410.38,346,3947.86,22.5,Junio,5960.08,alta
Hogar,875.4,94,,0.3,Mayo,21412.46,alta
Alimentos,101.51,69,3666.89,9.2,Junio,4319.07,media
Hogar,1828.92,290,1764.94,2.6,Octubre,56192.19,alta
Hogar,,218,3814.19,15.8,Julio,14235.36,alta
Tecnologia,1557.61,39,,21.3,Marzo,44337.17,alta
Hogar,262.85,91,2521.5,5.2,Junio,5815.92,alta
Hogar,1792.0,34,1801.68,48.4,Agosto,52603.85,alta
Hogar,446.75,335,883.03,0.9,Abril,5582.51,alta
Ropa,1537.82,243,618.02,25.0,Julio,46181.16,alta
Hogar,,176,4856.91,33.2,Agosto,37392.92,alta
Deportes,348.13,53,4245.8,23.7,Julio,8618.44,alta
Hogar,76.89,426,4770.11,15.6,Enero,6169.59,alta
Tecnologia,1605.5,161,4004.93,22.7,Mayo,14910.47,alta
Tecnologia,1510.38,92,1751.14,3.9,Mayo,17454.37,alta
Deportes,680.52,69,2730.52,49.2,Agosto,10792.89,alta
Alimentos,533.22,205,146.5,42.5,Junio,13942.01,alta
Tecnologia,406.41,139,,46.1,Marzo,12861.39,alta
Tecnologia,,340,2602.38,38.6,Mayo,131623.589495697,alta
Ropa,201.63,204,3161.66,40.9,Marzo,3438.0,media
Ropa,1291.42,59,1456.81,6.6,Junio,23812.78,alta
Tecnologia,1831.6,99,,31.6,Julio,12107.0,alta
Tecnologia,617.57,91,4373.66,1.7,Febrero,8618.7,alta
Alimentos,1837.81,133,,19.7,Mayo,53514.97,alta
Ropa,592.18,11,212.14,18.1,Diciembre,13138.0,alta
Hogar,,250,2448.46,20.4,Febrero,3180.63,media
HOGAR,,263,739.06,39.1,Enero,6615.09,alta
Ropa,355.26,26,4005.09,30.5,Abril,5248.56,alta
Tecnologia,200.48,80,2868.69,2.3,Febrero,4674.23,media
Tecnologia,,60,3517.15,33.1,Abril,8723.45,alta
Tecnologia,1313.99,418,2202.39,25.0,Julio,30083.63,alta
Deportes,947.73,63,2101.98,39.8,Diciembre,25556.48,alta
Tecnologia,755.53,434,1825.1,47.1,Junio,5571.07,alta
Ropa,1284.67,16,883.99,41.9,Agosto,16439.01,alta
Deportes,1196.6,439,4141.41,11.0,Diciembre,30567.57,alta
Hogar,773.38,222,494.39,25.6,Febrero,20557.74,alta
Hogar,451.77,257,1857.38,20.9,Septiembre,6465.83,alta
Ropa,1448.83,415,2928.84,38.5,Julio,31102.75,alta
HOGAR,1224.72,131,2310.86,8.0,Mayo,10045.31,alta
Ropa,824.38,471,618.87,42.1,Diciembre,14330.15,alta
Tecnologia,142.44,40,4143.36,2.4,Mayo,5955.75,alta
Hogar,181.12,317,4473.05,21.0,Octubre,4943.1,media
Ropa,1476.9,98,227.8,12.3,Abril,22380.98,alta
Deportes,1217.87,457,1098.51,33.9,Agosto,5499.53,alta
Tecnologia,770.09,479,3375.06,27.1,Abril,20524.1,alta
Ropa,176.79,253,4644.18,36.8,Marzo,9352.12,alta
Deportes,1656.04,42,3050.06,21.8,Marzo,43495.5,alta
Ropa,247.25,236,559.83,34.4,Marzo,5100.63,alta
Ropa,1709.07,250,347.9,26.1,Octubre,51238.34,alta
Deportes,1450.45,384,1000.27,14.2,Junio,12848.38,alta
Deportes,360.21,449,839.04,22.4,Abril,3565.54,media
Tecnologia,1399.74,261,2579.04,23.9,Febrero,6179.39,alta
Deportes,729.11,201,8.39,16.0,Diciembre,15296.79,alta
Deportes,1356.42,314,3944.73,21.5,Junio,29710.87,alta
Hogar,1351.35,188,4838.02,17.0,Julio,28202.35,alta
Hogar,881.0,442,450.93,21.5,Febrero,11588.19,alta
Ropa,1307.32,9,819.54,14.8,Noviembre,33297.32,alta
Hogar,1833.74,102,1243.52,36.6,Noviembre,23325.25,alta
Hogar,812.75,313,3632.3,9.4,Junio,19590.26,alta
Ropa,416.46,394,4359.77,39.9,Febrero,9788.45,alta
Hogar,692.01,379,1787.23,25.8,Noviembre,10233.4,alta
Deportes,1001.08,59,3121.47,19.2,Marzo,9213.58,alta
Ropa,,172,1169.91,26.6,Julio,27322.45,alta
Deportes,1761.88,279,1491.33,1.9,Agosto,40310.14,alta
Deportes,1429.98,437,3132.46,34.6,Julio,18863.62,alta
Alimentos,318.11,153,2831.55,10.5,Marzo,11545.59,alta
Hogar,995.33,321,865.26,33.2,Septiembre,10336.95,alta
Hogar,1507.83,471,985.8,14.6,Noviembre,17947.75,alta
Ropa,884.99,205,4727.88,40.8,Febrero,29661.92,alta
Alimentos,1776.04,301,1971.22,33.0,Junio,16246.73,alta
Ropa,1447.11,408,4546.39,37.9,Abril,19201.41,alta
Alimentos,243.92,452,622.18,47.8,Septiembre,2592.9,media
Deportes,1332.5,331,2772.72,8.6,Enero,21286.58,alta
Alimentos,250.84,26,164.11,29.9,Agosto,175352.87020209702,alta
Tecnologia,1652.91,178,3975.6,34.8,Septiembre,164961.3238271421,alta
Tecnologia,1827.39,24,2755.96,3.6,Marzo,11999.84,alta
Tecnologia,1007.04,361,4149.56,27.4,Abril,23978.98,alta
Tecnologia,1772.9,115,987.49,21.7,Diciembre,53162.7,alta
Deportes,1477.9,386,1178.69,48.9,Noviembre,33807.04,alta
Tecnologia,1544.53,290,3589.25,27.7,Diciembre,30668.21,alta
Alimentos,1122.29,468,3260.6,0.7,Enero,27939.87,alta
Alimentos,1643.24,151,186.3,21.9,Diciembre,18668.43,alta
Ropa,638.45,154,4764.28,46.6,Enero,14682.88,alta
Hogar,588.23,287,379.23,46.0,Septiembre,9369.08,alta
Hogar,1353.55,439,3607.4,39.8,Junio,43542.48,alta
Alimentos,290.93,54,3731.07,34.6,Enero,10627.54,alta
Hogar,986.77,358,438.85,45.1,Febrero,29173.86,alta
Ropa,91.98,380,4939.04,18.9,Marzo,4504.96,media
Ropa,1356.83,234,3405.53,43.3,Mayo,11452.94,alta
ROPA,1660.7,375,2853.88,22.8,Enero,21731.25,alta
Tecnologia,,297,2879.91,30.1,Septiembre,9060.22,alta
Tecnologia,336.72,411,3146.09,36.8,Mayo,10793.39,alta
Tecnologia,,469,2719.81,31.5,Abril,59488.94,alta
Deportes,730.11,463,1.95,27.1,Febrero,10512.44,alta
Deportes,580.88,144,1568.76,47.0,Septiembre,3919.4,media
Deportes,678.87,41,2811.25,31.5,Diciembre,14969.52,alta
Hogar,1502.34,60,4199.94,45.3,Noviembre,26024.76,alta
Ropa,60.59,285,4336.27,30.7,Enero,125902.61501601669,media
Deportes,586.03,480,4810.37,9.4,Septiembre,20069.82,alta
Deportes,1484.01,263,1324.81,33.1,Marzo,20221.32,alta
Tecnologia,941.49,36,1624.09,34.5,Diciembre,10050.47,alta
Ropa,,274,907.61,1.0,Abril,31577.03,alta
Deportes,947.21,154,1561.35,39.9,Marzo,15490.34,alta
Hogar,1739.25,22,2984.22,17.0,Enero,9507.74,alta
Alimentos,544.96,19,4179.59,13.5,Julio,17524.0,alta
Alimentos,1461.27,11,3688.71,21.6,Marzo,32255.21,alta
Deportes,1971.46,451,3568.07,15.7,Mayo,18916.52,alta
Deportes,169.53,252,2758.86,13.2,Agosto,6627.89,alta
Ropa,,493,4702.7,30.8,Febrero,9137.42,alta
Tecnologia,1356.77,54,374.35,30.3,Septiembre,32693.14,alta
Hogar,10.19,386,,42.0,Diciembre,1290.57,baja
Deportes,476.59,308,,13.6,Febrero,5106.86,alta
Alimentos,419.8,455,741.17,9.3,Diciembre,4784.3,media
Deportes,1542.47,393,2926.06,6.7,Junio,33704.09,alta
Tecnologia,,367,2519.96,28.5,Agosto,16169.66,alta
Ropa,1632.5,318,4498.99,41.8,Abril,32215.61,alta
Hogar,1745.12,401,2569.87,20.9,Marzo,22309.7,alta
Hogar,499.84,347,3105.93,9.8,Septiembre,17288.89,alta
Tecnologia,1971.19,158,94.32,10.4,Diciembre,56314.52,alta
Alimentos,1841.62,291,693.71,49.1,Diciembre,45383.88,alta
Tecnologia,1752.31,301,3210.95,34.9,Julio,47110.21,alta
Alimentos,498.91,127,2476.96,35.1,Marzo,14098.6,alta
Tecnologia,868.84,425,4945.0,2.1,Noviembre,8571.56,alta
Tecnologia,928.2,358,2963.05,13.8,Enero,24544.25,alta
Ropa,1862.81,135,4831.16,3.9,Octubre,31976.23,alta
Ropa,39.64,20,3956.92,38.8,Noviembre,3160.11,media
Deportes,1470.21,285,1821.51,31.3,Enero,10205.52,alta
Ropa,517.64,440,3217.66,49.3,Octubre,8834.07,alta
Deportes,,136,3165.33,41.5,Enero,7536.09,alta
Tecnologia,1044.92,460,2004.88,8.1,Octubre,10081.36,alta
Deportes,1941.82,233,767.36,18.0,Agosto,8954.8,alta
Tecnologia,1952.32,25,,17.9,Septiembre,15310.5,alta
Tecnologia,363.15,202,1368.18,12.3,Enero,2596.57,media
Hogar,956.44,84,4240.42,27.2,Julio,28757.79,alta
Ropa,1923.54,373,4802.45,31.1,Diciembre,39352.93,alta
Deportes,,421,3105.8,1.5,Noviembre,18543.46,alta
Ropa,1253.64,283,2596.67,16.3,Junio,35406.48,alta
Tecnologia,1194.61,428,3350.88,0.2,Mayo,35354.48,alta
Hogar,97.77,201,3085.81,49.1,Noviembre,4783.51,media
Tecnologia,408.68,301,4282.09,22.2,Marzo,10645.54,alta
Ropa,1096.26,13,3512.31,6.7,Febrero,24161.88,alta
Ropa,814.36,369,2362.36,28.9,Mayo,23306.17,alta
Tecnologia,,215,4506.75,23.0,Noviembre,8597.46,alta
Deportes,1460.82,316,4530.42,6.3,Septiembre,36560.08,alta
Deportes,1229.96,247,2756.24,40.2,Mayo,7503.36,alta
Alimentos,367.9,215,854.64,31.9,Noviembre,7017.48,alta
Deportes,1657.35,336,4996.26,21.0,Mayo,31413.6,alta
Deportes,198.14,86,606.72,18.1,Marzo,5838.15,alta
Deportes,836.08,194,2384.46,15.4,Diciembre,14065.91,alta
Tecnologia,1559.84,278,1547.17,22.2,Octubre,30587.23,alta
Tecnologia,582.92,204,2374.06,28.7,Septiembre,13905.5,alta
Alimentos,32.19,384,1357.87,30.1,Abril,2139.45,media
Ropa,610.01,131,2121.47,48.7,Diciembre,14709.02,alta
Deportes,1546.28,304,2071.05,8.9,Diciembre,21006.14,alta
Alimentos,73.72,315,1973.73,23.8,Mayo,3624.24,media
Deportes,535.13,488,3864.24,5.8,Diciembre,17811.51,alta
Hogar,1074.93,225,4422.68,19.8,Junio,33302.97,alta
HOGAR,633.65,27,1753.96,14.0,Abril,19757.13,alta
Alimentos,1654.07,117,3288.5,12.7,Noviembre,16107.34,alta
Deportes,1973.05,311,3903.8,40.6,Febrero,23654.76,alta
Hogar,232.0,335,3582.03,8.5,Noviembre,5746.98,alta
ALIMENTOS,597.94,481,4620.9,31.5,Marzo,11599.21,alta
Hogar,111.34,349,4173.55,39.4,Febrero,5101.16,alta
Deportes,550.97,406,1691.99,48.7,Noviembre,12110.95,alta
Hogar,856.12,313,3475.15,23.8,Septiembre,8181.84,alta
Alimentos,,276,1827.26,10.1,Febrero,17797.55,alta
Alimentos,476.04,338,3738.44,38.4,Octubre,4477.41,media
Deportes,961.77,252,3790.76,13.2,Abril,10385.13,alta
Deportes,202.69,74,1014.32,48.2,Abril,222993.71762902828,media
Ropa,946.44,416,2461.92,31.0,Julio,10454.87,alta
Deportes,1952.17,305,1244.3,45.3,Diciembre,49465.3,alta
Ropa,,156,3122.05,11.3,Enero,30232.27,alta
Deportes,575.27,268,50.02,35.2,Agosto,15533.23,alta
Hogar,930.16,453,3828.39,17.5,Junio,28529.48,alta
Ropa,,102,3543.27,34.5,Diciembre,6543.18,alta
Deportes,,143,1042.63,9.9,Diciembre,7256.27,alta
Deportes,1088.9,299,2094.19,26.4,Agosto,33134.81,alta
Deportes,452.54,303,1360.18,46.6,Enero,7598.87,alta
Alimentos,731.65,21,4513.37,5.1,Mayo,9941.47,alta
Tecnologia,721.31,169,4269.09,29.3,Abril,14830.11,alta
Hogar,166.04,340,4169.41,17.3,Junio,5562.88,alta
Ropa,734.98,337,2604.62,18.8,Agosto,22487.2,alta
Hogar,45.06,474,1262.8,28.7,Noviembre,1400.52,baja
Alimentos,596.96,267,191.16,23.9,Julio,6593.99,alta
HOGAR,1308.45,291,783.43,21.9,Mayo,26115.5,alta
Ropa,593.5,483,,39.2,Febrero,7132.93,alta
Tecnologia,52.0,267,,21.3,Noviembre,2352.07,media
Tecnologia,247.73,307,2996.93,40.2,Agosto,5436.59,alta
Tecnologia,,232,952.72,42.8,Abril,4864.13,media
Alimentos,1142.21,443,941.95,49.7,Agosto,25577.11,alta
Ropa,688.15,76,2959.55,22.2,Agosto,12662.29,alta
Tecnologia,774.25,238,1708.09,24.6,Julio,13641.27,alta
Tecnologia,1689.53,55,4184.74,41.9,Enero,27802.81,alta
Tecnologia,381.63,317,4322.38,14.2,Agosto,14206.48,alta
Deportes,1197.52,117,4523.83,23.3,Enero,28274.02,alta
Deportes,669.14,242,2881.84,10.5,Febrero,12953.5,alta
Hogar,772.95,107,1412.76,2.1,Noviembre,14886.16,alta
Alimentos,214.1,171,4303.23,18.8,Octubre,8069.72,alta
Ropa,704.11,55,2583.87,43.8,Marzo,15398.74,alta
Alimentos,1333.09,15,4070.23,42.0,Mayo,43040.84,alta
Ropa,443.15,27,,23.2,Diciembre,14562.06,alta
Hogar,,473,4369.99,17.7,Enero,4650.33,media
Tecnologia,1603.22,211,863.1,47.5,Julio,16299.24,alta
Alimentos,,159,1124.59,29.0,Enero,18353.27,alta
Hogar,778.29,10,2850.98,31.4,Diciembre,3441.24,media
Ropa,483.29,485,2039.38,33.4,Mayo,9049.12,alta
Alimentos,1924.99,58,4273.47,27.0,Agosto,21380.3,alta
Hogar,1888.49,379,2849.29,23.6,Abril,34115.71,alta
Hogar,,485,,24.1,Julio,8772.27,alta
Ropa,1101.89,61,786.89,2.5,Noviembre,14168.46,alta
Ropa,1208.47,43,1177.87,40.9,Septiembre,28447.91,alta
Alimentos,93.34,100,,27.4,Septiembre,4039.67,media
Ropa,1775.56,225,876.73,9.8,Marzo,19572.5,alta
Deportes,1893.58,344,,25.5,Abril,32078.42,alta
hogar,998.59,89,426.37,49.0,Junio,7397.14,alta
Ropa,1809.84,153,4802.35,43.0,Octubre,43264.35,alta
Deportes,419.91,282,275.65,1.9,Enero,3242.32,media
Tecnologia,918.7,424,796.37,39.4,Diciembre,5653.86,alta
Ropa,1600.49,394,2119.91,4.9,Enero,36764.42,alta
Deportes,130.31,379,1403.78,23.3,Febrero,4446.53,media
Ropa,83.33,11,2252.68,38.3,Mayo,2415.07,media
Tecnologia,1853.26,275,4760.83,38.5,Enero,48095.68,alta
Ropa,1845.2,435,61.95,10.2,Agosto,17025.17,alta
Hogar,1798.2,32,3379.87,22.1,Noviembre,37509.13,alta
Deportes,,390,3805.94,19.3,Mayo,5421.2,alta
Alimentos,1525.07,381,3977.45,1.2,Mayo,46494.93,alta
Tecnologia,408.26,432,4979.76,50.0,Octubre,6342.27,alta
Tecnologia,858.65,450,1096.28,22.8,Diciembre,24186.92,alta
Alimentos,940.89,390,3316.52,36.3,Mayo,29665.82,alta
Deportes,1839.21,352,1609.59,48.5,Abril,24026.16,alta
Alimentos,1891.31,367,1036.64,31.6,Septiembre,29648.02,alta
Alimentos,218.53,198,4589.88,42.1,Junio,8133.95,alta
Alimentos,1603.55,493,1184.02,21.6,Febrero,40760.14,alta
Ropa,1077.78,439,512.62,9.6,Octubre,13256.44,alta
Ropa,1709.65,29,203.72,38.7,Septiembre,40144.59,alta
Deportes,850.62,267,2594.53,29.7,Agosto,19575.2,alta
Ropa,1627.66,155,3031.24,28.3,Diciembre,50634.09,alta
alimentos,1129.33,74,3566.92,40.1,Febrero,29642.08,alta
Alimentos,1235.7,351,475.14,48.3,Mayo,15060.29,alta
Hogar,1227.27,453,896.1,41.0,Abril,16424.49,alta
Hogar,1675.51,180,4028.42,48.4,Noviembre,44445.52,alta
Ropa,1924.09,260,3901.67,43.3,Enero,28930.58,alta
Alimentos,1590.91,141,1535.55,10.6,Agosto,42854.58,alta
Alimentos,173.74,316,2734.82,25.5,Julio,7203.05,alta
Ropa,,245,2168.57,7.9,Septiembre,30192.66,alta
Deportes,1004.39,484,,25.0,Octubre,31405.97,alta
Ropa,1553.22,56,2862.03,39.9,Septiembre,29990.1,alta
Deportes,201.58,22,,9.1,Enero,136580.27881360438,media
Ropa,1125.75,441,1798.91,49.8,Enero,10781.4,alta
Ropa,867.52,262,459.57,10.8,Abril,12628.03,alta
Tecnologia,622.84,307,1737.42,10.1,Abril,10336.15,alta
TECNOLOGIA,1176.8,499,2450.57,48.4,Enero,22175.09,alta
Alimentos,1239.53,48,234.16,38.6,Marzo,25858.48,alta
Deportes,1325.86,94,1015.65,30.0,Noviembre,17891.27,alta
Deportes,1415.38,408,523.7,44.5,Diciembre,5837.2,alta
Hogar,878.77,316,,13.3,Julio,27775.42,alta
Deportes,916.14,158,4580.74,38.6,Mayo,8750.36,alta
Ropa,1288.44,195,4950.07,9.5,Abril,22173.17,alta
Ropa,874.52,484,225.07,25.9,Enero,13661.31,alta
Alimentos,527.89,472,526.62,38.8,Abril,16154.8,alta
Alimentos,1970.23,387,,2.5,Enero,18286.72,alta
Alimentos,,371,4237.21,5.0,Agosto,16259.09,alta
Deportes,719.58,129,,27.0,Julio,16516.03,alta
Tecnologia,1317.5,240,2943.22,38.8,Abril,11108.85,alta
Alimentos,1774.66,20,3415.4,38.7,Febrero,28108.57,alta
Ropa,1235.13,440,1772.74,26.7,Febrero,20247.81,alta
Alimentos,1199.0,429,790.85,19.2,Julio,4075.04,media
Deportes,1220.37,410,,42.2,Julio,17561.19,alta
Tecnologia,1535.44,39,4304.8,30.7,Enero,44865.1,alta
Hogar,541.42,187,2559.56,48.6,Abril,9110.87,alta
Hogar,551.14,275,4375.23,31.5,Febrero,5062.27,alta
Hogar,122.51,460,2066.12,14.4,Enero,126777.72751998228,media
Hogar,,82,4881.46,40.8,Abril,6983.56,alta
Ropa,1424.18,104,3052.33,43.0,Diciembre,30745.04,alta
Tecnologia,281.19,36,4670.64,33.4,Noviembre,9628.14,alta
Ropa,,111,498.24,46.4,Julio,7183.54,alta
Hogar,607.45,157,1085.05,12.4,Marzo,16249.17,alta
Alimentos,1601.35,472,,9.1,Noviembre,42736.75,alta
Tecnologia,1168.23,450,2873.22,30.4,Diciembre,19957.96,alta
Hogar,1115.96,290,2146.57,25.8,Junio,6424.96,alta
Ropa,1608.19,218,3456.21,11.7,Julio,41503.12,alta
Ropa,1844.77,289,2857.94,33.1,Mayo,17491.01,alta
DEPORTES,1624.63,187,2021.97,31.0,Noviembre,18744.68,alta
Deportes,301.14,283,2800.18,14.1,Enero,4152.13,media
Hogar,1090.36,94,3120.32,47.8,Agosto,14031.61,alta
Ropa,1010.96,225,1167.13,29.5,Enero,18112.78,alta
Alimentos,347.4,278,1117.11,13.0,Enero,11683.82,alta
Tecnologia,431.9,247,2699.82,11.4,Octubre,10735.05,alta
Deportes,1235.66,400,3826.36,45.1,Julio,16731.58,alta
Hogar,,157,4288.32,42.8,Julio,14625.99,alta
Tecnologia,1924.16,216,,1.0,Julio,36945.38,alta
Hogar,,270,4167.33,43.8,Mayo,44804.32,alta
Tecnologia,1891.49,119,99.27,12.2,Abril,40195.03,alta
Deportes,1614.84,449,,7.0,Noviembre,28143.75,alta
Alimentos,1263.3,268,1743.59,31.2,Mayo,9913.13,alta
Deportes,1354.97,225,141.77,15.7,Septiembre,26833.85,alta
Hogar,1234.27,118,288.16,19.8,Febrero,14725.79,alta
Ropa,1222.51,17,262.74,3.5,Noviembre,6999.04,alta
Deportes,1939.95,490,4594.43,16.9,Junio,31779.52,alta
Deportes,1689.68,425,,23.3,Febrero,29677.05,alta
Hogar,512.41,193,,6.3,Mayo,8991.39,alta
Alimentos,,351,3883.19,2.5,Enero,34695.21,alta
Ropa,,163,951.75,31.7,Enero,130090.3372270416,alta
Tecnologia,1602.65,66,2209.36,13.4,Noviembre,9706.82,alta
Deportes,1472.96,208,2832.17,37.4,Mayo,39273.44,alta
Tecnologia,703.95,364,2476.55,21.9,Octubre,16119.17,alta
Deportes,1633.05,42,,20.9,Noviembre,5984.14,alta
Alimentos,,483,3146.66,20.6,Mayo,7676.4,alta
Deportes,409.09,389,114.48,42.4,Enero,10642.76,alta
Alimentos,856.67,78,3575.41,14.6,Junio,19697.61,alta
ALIMENTOS,1055.71,263,314.31,23.0,Noviembre,20384.03,alta
Hogar,285.54,318,76.89,14.9,Diciembre,7557.72,alta
ROPA,1040.07,222,,36.6,Diciembre,16323.42,alta
Alimentos,568.46,428,2253.77,33.1,Septiembre,12688.45,alta
Tecnologia,783.38,250,4389.5,6.8,Julio,18236.59,alta
Alimentos,,292,3.58,39.0,Septiembre,14205.63,alta
Ropa,1246.21,286,,5.1,Octubre,19492.88,alta
Tecnologia,992.63,176,3479.03,9.1,Marzo,32595.86,alta
ALIMENTOS,11.7,173,153.27,12.7,Agosto,577.33,baja
Tecnologia,1796.65,88,3591.06,21.4,Febrero,42344.98,alta
Ropa,1524.2,138,1237.52,33.0,Enero,43113.67,alta
Ropa,1151.22,267,4985.99,1.6,Agosto,26555.73,alta
Tecnologia,1637.34,425,1921.21,18.5,Abril,7324.88,alta
Deportes,336.8,226,3101.54,13.8,Marzo,4211.96,media
DEPORTES,1305.19,227,880.69,42.9,Septiembre,37497.01,alta
Deportes,1788.27,167,2134.85,9.6,Agosto,18121.3,alta
Tecnologia,1959.28,318,4444.81,2.9,Junio,46798.25,alta
Hogar,1861.08,463,1822.66,13.4,Julio,25157.77,alta
Deportes,363.08,67,4617.09,45.2,Abril,11123.71,alta
Tecnologia,1328.65,108,1476.44,47.7,Abril,33462.75,alta
Tecnologia,457.49,176,340.84,31.9,Noviembre,2074.75,media
Alimentos,232.69,8,4635.33,8.8,Enero,9300.25,alta
ALIMENTOS,1080.89,331,641.53,25.4,Julio,12008.42,alta
Deportes,915.48,46,4412.06,18.2,Noviembre,10181.69,alta
Deportes,1793.96,386,2582.19,48.4,Octubre,40838.38,alta
Alimentos,816.78,491,3245.53,19.9,Marzo,21476.12,alta
Hogar,1153.94,388,707.48,31.0,Noviembre,27459.37,alta
Deportes,1104.18,358,706.99,46.3,Abril,18793.69,alta
Alimentos,195.34,113,3039.08,22.1,Octubre,6774.97,alta
Tecnologia,1096.57,92,4094.9,4.6,Mayo,15336.32,alta
Deportes,1121.35,202,4921.84,39.9,Enero,27845.64,alta
Ropa,389.73,12,727.78,0.7,Enero,4275.8,media
Hogar,1544.49,235,360.95,31.2,Diciembre,45526.75,alta
Ropa,765.72,210,846.21,21.7,Mayo,13043.15,alta
Tecnologia,1882.2,127,3896.5,4.1,Septiembre,17512.7,alta
Hogar,109.33,46,3984.33,42.2,Agosto,4033.78,media
HOGAR,1746.71,452,1468.87,10.8,Agosto,42273.45,alta
Tecnologia,,54,3105.89,24.5,Diciembre,4310.01,media
Ropa,1971.22,433,3323.57,46.0,Abril,44530.73,alta
Alimentos,1926.2,218,920.45,48.8,Octubre,28508.86,alta
Alimentos,1452.39,288,399.9,7.7,Febrero,25914.17,alta
Ropa,1666.0,275,1528.94,29.5,Marzo,7494.97,alta
Ropa,1823.19,349,4426.36,24.6,Mayo,45161.6,alta
Ropa,308.48,108,4290.06,38.1,Abril,7351.03,alta
Tecnologia,,326,3941.0,34.0,Agosto,29319.37,alta
Ropa,755.48,369,4713.32,45.5,Julio,6190.15,alta
Tecnologia,532.25,87,,47.3,Septiembre,12940.06,alta
Deportes,467.48,339,440.55,21.0,Marzo,10182.87,alta
Ropa,475.46,483,3296.13,20.4,Junio,7120.48,alta
Deportes,618.59,289,239.91,1.9,Marzo,5188.22,alta
Ropa,690.68,70,867.43,15.3,Julio,16820.18,alta
Deportes,1844.92,317,,0.7,Julio,56491.52,alta
Alimentos,1050.65,108,1783.41,42.3,Mayo,20182.35,alta
Deportes,419.98,196,,42.7,Septiembre,8056.07,alta
Deportes,333.84,101,2435.8,31.7,Diciembre,10371.8,alta
Hogar,675.24,491,1206.57,19.5,Octubre,10813.33,alta
Ropa,1188.97,133,3159.96,10.9,Noviembre,11490.11,alta
Alimentos,488.54,479,1755.77,36.8,Octubre,10659.34,alta
Hogar,1114.72,431,1395.91,18.6,Abril,27554.14,alta
Ropa,907.57,467,4046.67,32.9,Junio,19675.32,alta
Alimentos,1287.65,435,1306.89,27.5,Julio,38316.94,alta
Ropa,88.62,312,4757.44,23.6,Julio,6377.08,alta
Hogar,1580.33,292,3422.43,45.2,Julio,34000.77,alta
Ropa,1346.8,478,1665.26,17.7,Mayo,18943.6,alta
alimentos,1878.35,16,2250.31,12.1,Febrero,14003.86,alta
Hogar,1524.94,207,2421.52,31.2,Junio,44818.63,alta
Hogar,932.86,338,3310.12,28.1,Septiembre,9958.86,alta
Hogar,855.07,375,4732.34,19.7,Enero,13960.59,alta
Hogar,,263,739.06,39.1,Enero,6615.09,alta
Hogar,911.4,330,974.74,47.8,Febrero,22547.0,alta
Deportes,600.5,442,,6.8,Diciembre,15247.56,alta
Tecnologia,1940.99,350,3540.96,31.5,Abril,204135.01624669466,alta
Hogar,1033.29,266,4554.09,14.1,Septiembre,31229.82,alta
Tecnologia,281.69,314,2475.34,30.6,Octubre,4232.04,media
Ropa,383.66,358,3124.73,45.9,Mayo,14108.74,alta
Tecnologia,,160,1929.58,31.5,Abril,14947.0,alta
Alimentos,524.78,271,1630.59,11.6,Febrero,14812.51,alta
Ropa,54.92,448,1280.7,17.1,Abril,3157.45,media
Deportes,1125.69,345,3819.34,47.7,Mayo,26435.41,alta
Deportes,423.21,354,3522.24,28.8,Marzo,8747.23,alta
Hogar,1925.93,189,4985.95,15.3,Enero,22297.96,alta
Hogar,1546.88,120,2585.73,9.0,Marzo,6255.16,alta
Ropa,837.94,485,,3.2,Septiembre,12982.55,alta
Alimentos,158.44,134,4858.43,25.4,Diciembre,6128.35,alta
Hogar,1361.65,167,4053.91,9.6,Febrero,6475.51,alta
Hogar,826.59,369,684.71,44.7,Abril,23178.05,alta
Tecnologia,792.2,93,3314.32,25.4,Enero,10568.48,alta
Alimentos,101.38,113,3164.97,29.6,Febrero,3530.1,media
Hogar,918.7,276,3111.12,36.7,Diciembre,16367.47,alta
Deportes,159.08,127,3207.46,6.0,Agosto,6377.3,alta
alimentos,112.51,153,4391.28,27.3,Agosto,6681.19,alta
Hogar,1603.33,271,1627.93,22.9,Enero,37746.7,alta
Tecnologia,60.79,373,1967.18,33.1,Febrero,3657.59,media
Hogar,1769.27,301,,36.4,Enero,17752.07,alta
Deportes,1174.93,227,,12.3,Abril,5051.12,alta
Tecnologia,,492,1990.87,15.8,Marzo,40010.26,alta
Alimentos,,180,4487.05,44.1,Septiembre,5248.44,alta
Deportes,1573.11,421,2284.2,17.6,Agosto,46233.46,alta
Deportes,782.92,90,4024.96,48.8,Mayo,20103.75,alta
Ropa,1296.09,126,3897.76,15.5,Enero,27378.01,alta
Hogar,452.52,386,3445.03,29.5,Septiembre,5088.6,alta
alimentos,1394.58,476,1413.84,30.3,Septiembre,20112.05,alta
Tecnologia,1795.29,280,2807.73,42.0,Mayo,48186.71,alta
Hogar,1647.7,129,1177.77,41.3,Febrero,15758.66,alta
Hogar,,448,2605.8,18.7,Enero,30819.86,alta
Tecnologia,,80,174.25,40.7,Julio,6428.02,alta
Tecnologia,1220.78,11,3278.46,46.4,Abril,20832.8,alta
Ropa,1876.41,55,659.43,26.3,Julio,56108.93,alta
deportes,225.13,280,742.33,42.3,Agosto,1520.62,media
HOGAR,244.37,60,2728.03,30.9,Septiembre,7279.86,alta
Hogar,1522.97,327,3302.65,27.6,Diciembre,47326.64,alta
Deportes,1876.64,135,436.52,34.8,Enero,47022.3,alta
Tecnologia,,408,1771.38,7.2,Septiembre,44015.4,alta
Deportes,298.05,152,393.14,21.8,Febrero,3075.46,media
Ropa,857.88,58,2069.84,18.6,Marzo,9134.93,alta
Alimentos,540.26,277,2681.33,24.8,Febrero,16000.01,alta
Hogar,1713.07,197,4561.45,9.2,Enero,48717.1,alta
Ropa,,98,2817.03,27.5,Marzo,25092.21,alta
Ropa,,415,3806.96,22.3,Mayo,35122.49,alta
Ropa,1174.08,461,2635.54,34.7,Febrero,29526.49,alta
Alimentos,429.4,44,1105.94,32.3,Febrero,6374.96,alta
Alimentos,1704.26,48,1947.27,46.9,Noviembre,5179.48,alta
Ropa,1494.84,256,81.89,7.5,Octubre,21005.61,alta
Tecnologia,1332.35,168,4329.4,22.5,Abril,40680.31,alta
Tecnologia,1486.73,358,269.56,40.9,Julio,42238.24,alta
Deportes,1009.72,492,3881.9,23.2,Diciembre,31576.92,alta
Deportes,76.39,465,3063.46,42.7,Enero,4623.29,media
Hogar,764.33,368,4022.82,8.6,Enero,26525.05,alta
Ropa,1365.19,121,1772.53,40.0,Octubre,17250.68,alta
Hogar,431.88,294,3789.72,1.7,Noviembre,9856.41,alta
Alimentos,1337.43,8,1164.49,29.0,Octubre,33850.27,alta
Alimentos,970.61,87,1466.94,14.1,Noviembre,19468.82,alta
Alimentos,1486.53,256,2149.64,2.2,Enero,34806.19,alta
Tecnologia,781.38,470,2885.99,11.2,Diciembre,203949.0188976304,alta
Tecnologia,1100.53,349,1396.36,3.1,Diciembre,10586.99,alta
Ropa,755.32,101,256.38,4.7,Abril,17620.91,alta
Hogar,103.1,196,1845.35,38.4,Enero,3564.85,media
Ropa,1688.92,168,3899.09,44.4,Agosto,8868.5,alta
HOGAR,1056.78,365,660.59,29.3,Junio,32175.5,alta
Deportes,1643.04,478,209.85,33.8,Febrero,15137.71,alta
Deportes,1805.98,419,1185.88,14.0,Enero,5314.51,alta
Alimentos,238.47,494,1727.73,49.8,Febrero,7976.54,alta
Hogar,741.74,77,578.63,5.0,Abril,124620.77347564035,alta
Alimentos,1259.95,313,3621.57,46.2,Septiembre,30524.05,alta
Deportes,1466.18,290,386.89,14.3,Agosto,37467.41,alta
Ropa,1597.33,34,4599.33,20.1,Abril,9440.74,alta
Ropa,320.21,483,4955.55,14.1,Noviembre,7573.89,alta
Ropa,1362.21,95,2383.69,46.7,Mayo,28473.8,alta
Hogar,,182,888.04,14.5,Abril,28443.99,alta
Tecnologia,818.14,461,3680.33,8.4,Diciembre,13389.16,alta
Alimentos,1251.91,316,1070.87,5.7,Octubre,29975.38,alta
Hogar,1959.5,431,1755.46,1.3,Julio,58166.46,alta
Alimentos,780.58,13,3143.65,33.1,Mayo,21157.47,alta
Hogar,1215.59,151,1447.21,33.5,Abril,10204.0,alta
Hogar,818.5,430,3033.32,12.8,Marzo,20660.99,alta
Hogar,1007.89,247,3946.06,0.3,Diciembre,19656.65,alta
Hogar,816.6,296,554.14,38.3,Abril,7074.67,alta
Alimentos,1687.67,414,76.36,45.5,Octubre,37195.81,alta
Ropa,736.28,197,4399.94,33.4,Noviembre,24064.12,alta
Deportes,679.45,231,1743.11,9.0,Julio,3451.78,media
Ropa,697.19,33,132.08,25.8,Mayo,4077.98,media
Tecnologia,756.72,52,2355.41,18.2,Julio,17690.9,alta
Alimentos,1233.09,482,1336.73,15.9,Diciembre,36142.84,alta
Alimentos,11.12,426,4535.1,29.6,Septiembre,4453.16,media
Hogar,1110.34,422,1730.69,42.1,Septiembre,33540.83,alta
Tecnologia,485.47,344,4094.68,34.5,Septiembre,13237.46,alta
Ropa,,341,3426.0,14.8,Febrero,15844.32,alta
Tecnologia,1935.03,494,2530.09,2.9,Marzo,44181.72,alta
Ropa,1463.92,308,3615.56,19.9,Marzo,10109.76,alta
Ropa,295.95,495,553.61,19.0,Septiembre,5821.51,alta
Ropa,1679.71,21,,14.1,Febrero,9299.65,alta
Alimentos,1988.9,326,1645.45,20.6,Julio,18041.16,alta
Alimentos,1458.26,198,465.68,23.6,Marzo,15107.46,alta
Tecnologia,,276,2351.53,22.6,Marzo,18265.97,alta
Hogar,202.67,74,3378.25,27.2,Enero,7499.32,alta
Deportes,1401.78,171,3869.77,41.5,Abril,21661.98,alta
Ropa,102.52,487,448.88,16.0,Febrero,1596.81,media
Deportes,683.19,327,383.37,28.7,Octubre,6725.69,alta
Tecnologia,1684.9,38,2548.35,6.9,Marzo,45069.78,alta
Alimentos,1828.84,163,1536.81,47.3,Junio,48145.43,alta
Hogar,1302.88,246,491.27,45.9,Diciembre,7143.25,alta
Deportes,1167.38,15,3344.75,13.3,Mayo,28146.88,alta
Hogar,213.95,434,3774.76,3.5,Agosto,7210.79,alta
DEPORTES,909.75,490,1900.64,49.7,Julio,16880.4,alta
Hogar,1098.63,47,1181.96,45.4,Diciembre,31462.5,alta
Alimentos,708.34,68,1909.55,20.2,Enero,9012.82,alta
Ropa,1683.46,268,597.42,19.2,Mayo,17127.39,alta
Alimentos,1964.81,86,1681.59,48.1,Agosto,31507.54,alta
Hogar,712.2,356,3014.53,27.0,Enero,11736.2,alta
Deportes,601.79,118,3268.16,2.3,Enero,13786.61,alta
Ropa,1185.67,288,3862.11,23.0,Febrero,8588.92,alta
Hogar,619.06,196,394.89,47.2,Marzo,16579.78,alta
Alimentos,1422.04,315,4873.02,47.9,Diciembre,24816.47,alta
Tecnologia,843.04,98,1092.55,29.2,Diciembre,12414.65,alta
Hogar,879.71,270,160.33,12.3,Septiembre,6231.52,alta
Deportes,1023.01,98,3593.33,8.1,Enero,20839.77,alta
Tecnologia,832.42,149,356.12,4.3,Enero,20970.83,alta
Ropa,762.27,227,1073.26,43.3,Febrero,22477.61,alta
Alimentos,637.9,297,170.09,46.4,Julio,5002.22,alta
Alimentos,459.6,434,63.65,36.5,Julio,4626.5,media
Deportes,986.54,286,2981.81,20.6,Junio,27556.74,alta
Tecnologia,349.36,353,942.4,15.8,Octubre,6073.1,alta
Alimentos,1897.25,362,2003.0,46.4,Marzo,20062.6,alta
Hogar,317.47,177,232.12,9.6,Agosto,7622.55,alta
Hogar,,219,2826.92,9.8,Diciembre,4322.76,media
Hogar,1141.83,259,2383.69,12.6,Junio,32829.16,alta
ALIMENTOS,1184.32,394,822.81,32.0,Noviembre,32741.76,alta
Hogar,1915.91,235,3060.31,47.3,Diciembre,26345.63,alta
Ropa,1310.76,215,4686.0,22.9,Marzo,9215.14,alta
Deportes,,336,2675.75,36.9,Enero,17230.97,alta
Hogar,622.82,352,4171.74,8.4,Febrero,8409.72,alta
Ropa,1945.1,56,4193.19,41.2,Junio,21866.53,alta
Hogar,686.59,289,3533.49,13.4,Noviembre,17644.92,alta
Alimentos,732.52,220,1147.85,43.1,Diciembre,20440.83,alta
Ropa,,125,4135.09,31.3,Octubre,55200.93,alta
TECNOLOGIA,1034.26,468,2915.76,48.9,Enero,17755.17,alta
hogar,1861.19,333,3516.28,42.6,Julio,32203.97,alta
Hogar,476.03,267,1980.69,4.9,Marzo,6824.95,alta
Tecnologia,,29,454.77,31.8,Junio,15431.02,alta
Hogar,911.29,17,2960.88,24.1,Diciembre,15774.46,alta
Hogar,1921.68,303,494.24,30.1,Marzo,41201.68,alta
Deportes,1373.65,428,1080.15,35.7,Agosto,13862.39,alta
Ropa,1709.27,437,3593.04,7.2,Septiembre,37602.89,alta
Ropa,285.9,295,4612.84,39.0,Noviembre,186553.28957432334,media
Deportes,1292.32,152,701.81,5.2,Agosto,9879.3,alta
Deportes,998.08,169,1465.68,33.0,Marzo,7108.54,alta
Tecnologia,295.08,278,2969.32,1.4,Diciembre,5108.21,alta
ALIMENTOS,1998.15,85,,42.6,Junio,19878.44,alta
Deportes,1825.31,236,2015.65,4.0,Julio,55278.57,alta
Tecnologia,,445,,44.5,Agosto,2717.46,media
Ropa,46.39,227,2705.89,30.8,Enero,2242.04,media
Hogar,1605.87,321,29.03,29.8,Abril,21331.96,alta
Tecnologia,1931.49,111,1222.51,42.2,Junio,55201.76,alta
Hogar,656.87,494,237.19,23.4,Abril,7278.23,alta
Hogar,1014.93,351,2071.92,42.7,Julio,28330.14,alta
Deportes,84.4,421,4966.4,22.9,Noviembre,5893.04,alta
Deportes,1318.14,206,4819.43,5.5,Febrero,17110.67,alta
Ropa,501.11,477,4678.84,23.9,Julio,6260.57,alta
alimentos,,334,367.56,9.5,Febrero,18589.0,alta
Deportes,1818.16,328,2137.37,15.0,Julio,45177.07,alta
Ropa,522.86,54,961.07,3.5,Febrero,14944.29,alta
Deportes,801.99,294,169.26,1.9,Octubre,3726.37,media
DEPORTES,718.72,227,2856.55,45.8,Marzo,4251.14,media
Ropa,1552.67,188,3652.2,30.0,Abril,44990.51,alta
Deportes,1519.2,327,4616.91,30.6,Abril,32024.55,alta
Tecnologia,1482.24,38,3918.48,1.5,Febrero,12612.55,alta
Tecnologia,,469,2362.76,2.4,Noviembre,22413.16,alta
Alimentos,1843.75,405,4075.44,49.3,Noviembre,13373.45,alta
Ropa,780.05,195,684.78,13.7,Julio,17217.11,alta
Tecnologia,1914.49,370,2068.18,16.5,Marzo,37506.14,alta
Alimentos,474.71,162,1165.74,34.4,Abril,9319.79,alta
Alimentos,954.98,233,737.52,30.1,Mayo,14865.21,alta
Deportes,490.76,320,235.58,16.2,Agosto,11775.51,alta
Deportes,549.35,300,3095.75,34.8,Enero,10676.75,alta
Deportes,695.02,35,3135.2,44.2,Febrero,8625.98,alta
Ropa,1714.85,188,2273.62,29.4,Marzo,30462.82,alta
Tecnologia,1857.75,61,1883.76,42.6,Abril,18572.23,alta
Hogar,1755.66,490,38.62,36.9,Octubre,37715.5,alta
ROPA,,308,,30.9,Octubre,43662.79,alta
Hogar,735.43,5,1828.66,38.4,Octubre,18597.51,alta
Hogar,1305.31,49,3295.42,17.8,Enero,33486.41,alta
Ropa,133.27,194,2104.57,37.2,Septiembre,2836.74,media
Alimentos,1675.41,395,59.59,21.9,Abril,14645.23,alta
Deportes,258.53,50,3423.15,3.1,Noviembre,9426.28,alta
Hogar,732.92,153,4188.82,8.9,Mayo,182849.9853632542,alta
Hogar,1244.01,283,2612.85,10.7,Octubre,30739.22,alta
Deportes,1044.46,234,2213.8,38.0,Julio,28039.48,alta
Ropa,1188.35,193,4192.28,50.0,Agosto,29666.18,alta
Ropa,32.36,133,2600.94,45.1,Septiembre,2247.71,media
Hogar,1395.19,383,3923.01,43.4,Abril,36025.09,alta
Ropa,853.09,161,4278.15,34.5,Mayo,16837.78,alta
Ropa,1798.14,451,,44.8,Junio,50066.72,alta
Deportes,909.97,291,1165.35,48.0,Junio,5015.77,alta
Tecnologia,38.5,402,4679.36,40.5,Julio,5022.79,alta
Hogar,862.26,396,2411.42,2.7,Noviembre,23700.84,alta
Alimentos,1653.67,452,2947.59,22.4,Octubre,15195.14,alta
Tecnologia,,123,3555.0,29.4,Marzo,43935.08,alta
Alimentos,34.77,381,826.72,18.2,Julio,1803.25,media
Hogar,600.73,260,2317.58,32.0,Febrero,11188.3,alta
Tecnologia,873.06,236,1022.75,34.0,Enero,4613.99,media
HOGAR,756.0,405,4321.43,5.7,Abril,9799.52,alta
Deportes,425.72,471,3614.7,15.0,Febrero,15586.59,alta
Alimentos,361.28,224,2252.13,47.8,Noviembre,4073.61,media
Tecnologia,163.23,58,4981.04,1.7,Junio,7660.98,alta
Ropa,1566.32,384,,39.2,Mayo,214316.9409162876,alta
Ropa,1872.48,431,4071.79,5.9,Septiembre,28714.21,alta
Tecnologia,65.03,49,,46.8,Marzo,1592.26,media
Hogar,393.7,335,1095.07,32.2,Noviembre,4593.66,media
Tecnologia,223.16,174,2131.88,24.0,Enero,6937.24,alta
Tecnologia,1011.94,135,1871.38,42.6,Agosto,29656.15,alta
Deportes,1848.3,150,2954.77,14.7,Enero,36843.94,alta
Hogar,541.57,244,4229.24,46.2,Octubre,6454.61,alta
Alimentos,1015.26,184,1201.81,45.2,Septiembre,22303.83,alta
Hogar,621.73,331,4902.89,35.3,Agosto,9764.28,alta
DEPORTES,1227.53,83,3701.58,45.3,Noviembre,5880.17,alta
ALIMENTOS,1011.99,176,157.74,26.3,Febrero,15534.68,alta
Alimentos,11.57,421,1427.32,29.7,Abril,1763.51,media
Ropa,146.93,298,4895.21,9.8,Septiembre,4771.37,media
Alimentos,837.99,199,3763.83,37.0,Marzo,16572.62,alta
Alimentos,1807.32,376,4438.87,17.2,Julio,17565.11,alta
Hogar,497.15,294,4730.45,10.1,Diciembre,12736.34,alta
Ropa,1840.02,200,298.69,27.3,Noviembre,20688.03,alta
alimentos,277.34,419,4204.4,43.2,Abril,7733.24,alta
Hogar,1543.98,241,107.54,35.5,Julio,162899.1003450291,alta
Ropa,1544.64,367,2049.7,13.1,Marzo,34756.06,alta
Ropa,1907.74,293,3094.28,1.6,Marzo,50559.09,alta
Deportes,850.94,33,2086.15,28.9,Junio,154799.5630922407,alta
Deportes,363.0,499,2113.25,36.7,Marzo,166457.58657984514,alta
Hogar,903.89,106,2381.3,35.2,Julio,19878.77,alta
Deportes,1593.34,249,4415.69,18.6,Enero,42538.01,alta
Alimentos,1408.25,171,4881.2,1.8,Octubre,46116.18,alta
Hogar,1695.43,293,2600.78,44.7,Agosto,41914.06,alta
Hogar,1760.46,269,9.7,46.6,Julio,41969.14,alta
Hogar,1940.09,419,1585.82,21.4,Agosto,29997.06,alta
Ropa,,105,4690.84,43.3,Abril,7481.9,alta
Deportes,725.48,204,3520.28,3.3,Febrero,16341.0,alta
Ropa,1783.04,23,74.78,43.2,Julio,47152.31,alta
Hogar,766.11,54,2048.41,7.7,Julio,4306.52,media
Hogar,1400.02,204,,12.5,Enero,30308.6,alta
Hogar,1795.31,436,2042.16,41.3,Febrero,39260.65,alta
Ropa,1156.72,12,407.19,0.7,Abril,27662.89,alta
Hogar,1108.8,112,1772.85,28.0,Abril,17057.0,alta
Alimentos,1824.26,92,4837.01,8.1,Abril,17537.0,alta
Tecnologia,446.15,32,3201.8,16.4,Noviembre,5577.49,alta
Deportes,806.18,79,3423.23,30.5,Julio,21254.32,alta
Tecnologia,258.41,48,1849.15,26.4,Noviembre,6663.46,alta
Deportes,1841.24,48,4590.1,2.8,Marzo,35981.21,alta
Tecnologia,1278.77,256,1501.53,49.0,Junio,31805.51,alta
Tecnologia,1327.85,237,3313.55,24.9,Febrero,25872.18,alta
Hogar,,486,,21.5,Abril,11499.03,alta
Hogar,310.05,392,4092.86,20.9,Abril,5243.61,alta
Hogar,716.18,468,1641.21,39.7,Enero,8452.32,alta
Hogar,1693.17,422,3913.46,32.6,Julio,40857.79,alta
Ropa,491.75,449,4472.79,29.0,Junio,14794.02,alta
Hogar,813.68,166,2966.45,13.1,Febrero,5035.23,alta
Hogar,761.6,67,690.17,18.2,Septiembre,11367.71,alta
Ropa,705.33,17,,2.0,Noviembre,12954.53,alta
Deportes,28.4,74,1319.61,28.0,Enero,1235.33,baja
TECNOLOGIA,946.08,146,4498.32,24.5,Septiembre,30342.51,alta
Tecnologia,366.24,110,401.7,40.5,Abril,4071.56,media
Hogar,566.51,339,,22.7,Febrero,6536.06,alta
Tecnologia,,395,1704.41,35.2,Abril,18082.27,alta
Hogar,1965.04,417,3457.49,18.6,Diciembre,58522.54,alta
Alimentos,345.01,423,3187.93,44.1,Diciembre,4521.47,media
Ropa,158.7,49,985.77,5.8,Enero,4915.91,media
Ropa,1857.84,104,4039.05,13.0,Mayo,16891.89,alta
Tecnologia,1794.5,446,1862.0,41.1,Julio,52310.21,alta
Alimentos,785.05,92,,4.2,Agosto,17155.74,alta
Alimentos,1543.79,363,2262.49,32.2,Octubre,17924.38,alta
Alimentos,1772.25,37,2147.42,20.3,Septiembre,54341.09,alta
Tecnologia,1547.41,402,2847.28,43.6,Julio,39430.01,alta
Tecnologia,594.1,350,3519.86,49.1,Febrero,5070.41,alta
Alimentos,307.76,108,,29.9,Mayo,9714.85,alta
Ropa,1795.75,193,662.9,48.8,Agosto,13237.46,alta
Hogar,891.59,169,4647.74,48.0,Septiembre,26539.87,alta
Tecnologia,1815.51,309,4075.56,38.9,Junio,30824.46,alta
Alimentos,339.41,157,,11.0,Octubre,6829.83,alta
HOGAR,78.67,100,3689.74,44.1,Mayo,4775.98,media
Ropa,174.7,295,1622.73,21.4,Agosto,3550.36,media
Deportes,902.6,486,3219.15,23.0,Septiembre,9140.73,alta
Ropa,1697.16,484,1234.31,29.8,Junio,29482.99,alta
Deportes,109.64,52,3575.65,7.5,Junio,3364.73,media
Alimentos,495.81,360,,37.2,Junio,13662.06,alta
Tecnologia,1287.29,331,3934.14,12.9,Agosto,26137.42,alta
Alimentos,1642.57,144,724.78,13.6,Octubre,14654.08,alta
Deportes,1399.92,341,1701.23,11.5,Febrero,17016.31,alta
Hogar,,408,18.21,29.7,Agosto,14418.63,alta
ROPA,1238.82,113,3846.23,14.3,Noviembre,12002.16,alta
Ropa,1576.57,193,3239.14,25.7,Octubre,35108.28,alta
Hogar,1690.97,164,4853.17,4.0,Octubre,45282.24,alta
Ropa,90.69,100,499.26,6.7,Octubre,1046.16,baja
Hogar,,133,4420.96,34.4,Febrero,11042.73,alta
Deportes,1407.15,262,4550.86,41.7,Febrero,20407.21,alta
Hogar,,227,3212.43,15.4,Abril,3359.53,media
Ropa,478.52,364,3583.47,27.4,Junio,13398.89,alta
Deportes,878.26,36,686.01,12.0,Abril,9434.06,alta
Deportes,89.22,116,3240.35,28.8,Marzo,4121.61,media
Hogar,1243.52,249,3635.34,33.0,Abril,38895.61,alta
Ropa,1631.38,176,3894.26,23.1,Enero,28743.73,alta
Hogar,1231.84,183,1383.03,16.5,Enero,17641.26,alta
Deportes,,259,1716.35,20.9,Octubre,5837.33,alta
Tecnologia,1342.41,488,4980.6,43.2,Diciembre,34439.48,alta
Tecnologia,1859.14,251,2951.78,43.2,Junio,55751.98,alta
Deportes,1222.51,118,2357.75,48.1,Octubre,19186.16,alta
Alimentos,859.2,46,3716.16,39.0,Febrero,8227.63,alta
Deportes,110.0,113,3054.17,36.8,Mayo,3581.35,media
Hogar,396.42,328,3485.19,23.2,Agosto,12934.74,alta
Hogar,1297.81,213,1.46,9.3,Junio,13351.17,alta
ROPA,671.15,123,4078.39,44.3,Julio,8891.56,alta
Alimentos,,141,157.85,7.1,Noviembre,200091.5385681685,alta
Deportes,759.07,332,4436.78,48.1,Mayo,18723.49,alta
Deportes,1227.27,167,3463.03,10.1,Septiembre,26618.51,alta
Tecnologia,,188,4617.1,26.3,Marzo,13106.61,alta
Ropa,212.63,39,4536.95,43.7,Noviembre,4937.35,media
tecnologia,590.58,298,303.9,45.4,Septiembre,10489.99,alta
Hogar,271.54,166,2986.33,11.9,Octubre,7722.46,alta
Hogar,1483.41,131,1465.54,27.1,Junio,7887.34,alta
Hogar,1582.98,424,4211.76,49.3,Julio,9142.29,alta
Alimentos,1497.22,396,132.98,16.0,Mayo,40295.27,alta
Tecnologia,1698.05,255,1875.18,2.3,Septiembre,34665.42,alta
Ropa,1118.74,27,4521.48,39.3,Octubre,28806.05,alta
Hogar,933.89,328,,0.3,Enero,7754.66,alta
Deportes,101.49,395,1973.67,20.2,Octubre,4908.79,media
Ropa,713.72,425,4623.29,6.2,Octubre,6715.0,alta
Hogar,491.16,323,1813.06,37.2,Enero,16225.33,alta
Deportes,1727.91,35,,2.5,Septiembre,51813.83,alta
Alimentos,1839.73,137,335.7,31.1,Agosto,8630.0,alta
Deportes,,141,1024.57,19.1,Diciembre,41444.82,alta
Tecnologia,,362,2316.84,22.6,Marzo,32024.51,alta
Tecnologia,1609.51,367,3754.05,21.5,Diciembre,8729.14,alta
Tecnologia,1885.87,252,,4.0,Marzo,33530.09,alta
Ropa,756.15,355,3334.71,31.2,Diciembre,14414.97,alta
Alimentos,1439.04,177,3764.04,31.0,Febrero,25715.03,alta
Tecnologia,67.78,447,,47.8,Marzo,5996.4,alta
Tecnologia,724.49,23,2538.38,47.0,Agosto,14500.92,alta
Hogar,350.69,46,636.1,49.6,Mayo,8130.66,alta
Deportes,1220.25,429,3855.17,8.2,Febrero,40291.22,alta
Tecnologia,,128,1642.56,48.3,Agosto,19821.67,alta
Hogar,279.43,65,2962.6,30.4,Noviembre,9419.92,alta
Tecnologia,1179.76,433,1009.15,2.8,Enero,12166.88,alta
Alimentos,851.98,213,510.17,12.0,Abril,17710.3,alta
Alimentos,772.19,204,2109.11,17.5,Febrero,8044.3,alta
Hogar,1857.16,305,3335.51,3.0,Marzo,16051.29,alta
Tecnologia,512.95,24,3676.0,28.4,Marzo,14019.83,alta
Ropa,950.96,216,3381.39,34.2,Febrero,24334.46,alta
DEPORTES,1563.38,83,3141.33,1.3,Noviembre,16486.45,alta
Alimentos,1344.33,263,4611.66,39.0,Septiembre,24888.15,alta
Hogar,1718.97,412,752.25,11.5,Abril,50198.99,alta
Hogar,1687.27,179,2958.91,28.1,Octubre,23557.61,alta
Deportes,286.44,232,139.52,38.9,Mayo,7953.82,alta
Tecnologia,,106,1493.29,2.0,Noviembre,9631.82,alta
Alimentos,165.98,284,717.38,37.1,Marzo,4904.08,media
Tecnologia,797.43,303,1314.1,7.1,Enero,23300.03,alta
Tecnologia,167.45,275,1857.09,34.9,Mayo,6345.46,alta
Deportes,,177,1996.77,0.6,Abril,3053.16,media
Deportes,237.15,158,4793.87,33.5,Mayo,7653.17,alta
Tecnologia,698.91,413,3620.9,42.7,Abril,13958.7,alta
Ropa,883.76,495,237.22,47.2,Febrero,8928.08,alta
Deportes,601.21,141,1582.36,40.5,Abril,18267.63,alta
Tecnologia,1169.16,106,4177.33,36.6,Febrero,21562.46,alta
DEPORTES,1398.04,114,1480.62,0.5,Junio,43065.34,alta
Ropa,,37,2820.98,22.7,Mayo,36941.57,alta
Ropa,,201,2414.16,1.8,Mayo,50271.21,alta
Tecnologia,32.55,215,978.46,40.6,Octubre,1551.72,media
DEPORTES,25.57,321,1868.35,33.4,Marzo,2515.34,media
Hogar,879.2,420,,3.8,Junio,16958.37,alta
Deportes,1963.0,175,4108.31,42.2,Julio,17347.19,alta
HOGAR,1267.25,446,,21.4,Junio,28749.3,alta
Hogar,1900.94,243,4505.14,13.8,Febrero,15134.6,alta
Alimentos,237.83,51,877.09,16.4,Mayo,6363.93,alta
Tecnologia,949.27,273,4130.68,16.9,Febrero,24336.87,alta
Alimentos,1485.84,448,4398.48,20.6,Febrero,44548.05,alta
Deportes,907.3,411,4010.12,32.3,Mayo,21476.53,alta
Tecnologia,804.74,202,3630.52,15.7,Junio,23118.2,alta
Tecnologia,1134.6,130,4710.11,0.6,Enero,37522.25,alta
Ropa,449.23,199,,15.1,Octubre,5962.52,alta
ALIMENTOS,550.54,14,4111.86,29.6,Agosto,5011.35,alta
Alimentos,563.25,399,2707.21,45.4,Septiembre,4676.63,media
Deportes,1571.55,192,1701.95,23.6,Agosto,9363.84,alta
Tecnologia,1798.79,55,1080.8,0.9,Junio,28756.73,alta
TECNOLOGIA,1348.74,35,4698.03,21.0,Febrero,39857.24,alta
Alimentos,1577.64,366,4907.97,32.2,Septiembre,36326.61,alta
Deportes,1070.0,225,4947.81,11.4,Noviembre,13451.39,alta
Tecnologia,1112.68,321,269.62,32.2,Octubre,128685.94707388412,alta
Ropa,1064.26,355,2645.35,43.5,Febrero,23998.04,alta
Alimentos,261.74,207,3499.07,0.8,Agosto,6943.29,alta
Ropa,1625.56,12,2469.38,45.8,Julio,34248.52,alta
Alimentos,91.82,104,,15.5,Enero,4105.97,media
Alimentos,512.43,58,,15.3,Julio,14241.36,alta
Tecnologia,50.19,241,4997.24,11.3,Julio,4695.49,media
Alimentos,1614.71,475,854.35,16.5,Diciembre,17402.07,alta
Alimentos,790.01,123,3427.82,18.7,Abril,14008.43,alta
Alimentos,877.3,392,4670.52,17.6,Enero,16565.72,alta
Tecnologia,1882.77,83,271.29,44.1,Septiembre,49471.32,alta
DEPORTES,,206,4234.2,15.4,Diciembre,50598.51,alta
Hogar,1496.34,334,2510.24,24.1,Marzo,24700.08,alta
Alimentos,60.97,347,883.2,18.5,Agosto,939.7,baja
Ropa,1740.2,121,1455.59,30.3,Octubre,7165.91,alta
Ropa,684.08,169,151.07,43.9,Diciembre,5194.13,alta
Ropa,1879.95,5,1261.05,18.4,Noviembre,37112.68,alta
Ropa,1077.06,219,4891.87,28.7,Julio,33938.73,alta
tecnologia,345.89,361,4374.02,6.7,Julio,12259.91,alta
Deportes,456.11,410,3112.37,12.3,Junio,8420.34,alta
Alimentos,226.76,221,,22.2,Septiembre,5793.17,alta
Hogar,1810.97,481,3501.21,48.1,Enero,189232.84881987635,alta
Alimentos,1530.85,464,3077.93,1.8,Junio,29913.04,alta
Hogar,1178.04,127,4058.07,12.1,Diciembre,19287.69,alta
Deportes,1834.11,368,497.65,38.9,Julio,55006.7,alta
Deportes,1363.0,71,,4.3,Septiembre,13240.03,alta
Deportes,383.99,495,4931.63,5.9,Octubre,14129.21,alta
Alimentos,1920.61,169,3081.44,46.9,Agosto,25349.93,alta
Alimentos,,130,2961.55,22.1,Agosto,6130.61,alta
Tecnologia,53.28,328,1088.59,31.0,Febrero,1527.27,media
Hogar,208.68,417,,47.3,Mayo,4428.25,media
Alimentos,1314.46,261,3717.9,45.8,Julio,40156.69,alta
Alimentos,1778.49,77,,37.1,Noviembre,20370.24,alta
TECNOLOGIA,1490.86,435,4178.74,37.5,Enero,37605.18,alta
Hogar,560.91,224,4964.19,35.8,Junio,19820.96,alta
Hogar,1986.73,54,3283.32,4.4,Abril,48133.31,alta
Alimentos,541.91,131,,21.2,Julio,2876.99,media
Hogar,1617.49,206,1977.98,44.8,Marzo,19076.76,alta
Alimentos,1384.57,49,1918.98,11.8,Abril,167427.77117113286,alta
Deportes,211.6,211,2962.31,3.6,Septiembre,5000.4,alta
Alimentos,1824.32,271,1688.28,9.8,Abril,24680.42,alta
Ropa,553.28,234,633.44,40.5,Diciembre,12769.43,alta
Alimentos,1154.36,319,4112.74,43.8,Enero,6370.31,alta
Deportes,649.09,274,1664.7,31.5,Abril,7774.78,alta
Hogar,1853.0,197,4932.19,48.6,Mayo,20718.12,alta
Hogar,1527.83,364,,6.5,Abril,26528.59,alta
Ropa,56.81,459,4813.09,44.9,Febrero,6089.9,alta
Ropa,1695.21,313,3200.26,48.0,Marzo,50990.23,alta
Deportes,1227.16,327,1442.87,21.5,Agosto,34789.95,alta
Hogar,242.24,45,4347.36,37.3,Octubre,6054.5,alta
Tecnologia,1427.23,10,4210.18,18.8,Julio,16183.39,alta
Ropa,1839.29,83,1205.12,1.6,Junio,28561.1,alta
Alimentos,1316.13,37,3943.62,2.5,Diciembre,39511.51,alta
Hogar,605.54,233,,38.9,Julio,10343.45,alta
Ropa,613.11,304,3636.28,45.9,Marzo,14532.25,alta
Ropa,223.34,19,4800.08,24.3,Julio,5158.11,alta
Ropa,164.47,244,3604.29,16.9,Diciembre,5835.93,alta
Deportes,242.62,471,1664.09,44.9,Septiembre,7852.03,alta
Alimentos,651.56,467,,14.4,Febrero,15731.09,alta
Hogar,424.6,267,3288.97,42.3,Agosto,198201.04127475715,alta
Deportes,340.46,437,3058.55,36.5,Abril,8199.76,alta
Ropa,1292.21,240,3752.42,35.5,Noviembre,35293.26,alta
Tecnologia,1078.31,290,944.88,23.2,Agosto,26735.22,alta
Hogar,1403.88,296,3877.11,3.4,Febrero,42591.0,alta
Alimentos,1453.57,128,4457.21,26.1,Agosto,17254.05,alta
Hogar,101.59,41,740.99,39.5,Junio,1376.4,baja
Hogar,1076.21,40,159.55,5.9,Abril,7122.98,alta
ALIMENTOS,230.97,225,3378.74,44.1,Mayo,6157.58,alta
hogar,785.17,126,4466.7,13.8,Noviembre,18016.35,alta
Tecnologia,1069.97,456,823.17,17.2,Abril,8984.38,alta
Alimentos,242.77,165,4851.62,44.4,Diciembre,11165.61,alta
Hogar,1897.81,30,3307.88,28.1,Mayo,17579.38,alta
Alimentos,262.51,99,2577.55,28.3,Septiembre,4654.42,media
ALIMENTOS,1677.59,282,1240.72,22.8,Octubre,25086.86,alta
Ropa,1875.88,263,1028.35,15.3,Julio,21845.15,alta
Tecnologia,,222,867.76,25.4,Noviembre,43015.08,alta
Alimentos,628.46,350,2422.07,22.1,Noviembre,6175.86,alta
Hogar,1628.39,228,3700.5,26.0,Diciembre,41523.44,alta
Deportes,68.41,183,2504.36,9.0,Enero,2983.31,media
Hogar,534.33,253,3453.44,49.9,Mayo,4677.63,media
Ropa,1990.7,255,636.32,36.1,Septiembre,56882.72,alta
Ropa,272.94,147,4369.55,33.1,Enero,4118.73,media
hogar,1255.06,225,4770.97,21.3,Marzo,30988.49,alta
Alimentos,1420.98,121,4266.64,42.5,Septiembre,24451.95,alta
Deportes,1978.81,401,2790.29,9.4,Octubre,32228.5,alta
Deportes,1891.82,171,1731.3,44.8,Febrero,11966.6,alta
Alimentos,1952.97,264,956.2,32.6,Junio,56561.62,alta
Tecnologia,1633.64,55,2084.02,34.9,Julio,10267.06,alta
Deportes,1231.93,257,4709.63,41.8,Abril,9412.21,alta
Alimentos,351.98,287,4885.79,16.0,Enero,12378.55,alta
Alimentos,1765.67,450,4211.91,20.8,Abril,51907.88,alta
Tecnologia,643.35,18,4697.54,14.0,Agosto,7579.32,alta
Alimentos,,367,57.35,26.1,Septiembre,22539.42,alta
Ropa,,103,1820.34,8.8,Abril,2692.97,media
Alimentos,,415,1244.04,20.7,Junio,6823.88,alta
Tecnologia,627.65,361,4037.21,43.7,Julio,13228.42,alta
Tecnologia,556.19,225,3136.63,11.5,Febrero,16622.62,alta
Tecnologia,763.42,393,1776.93,24.5,Enero,23034.39,alta
DEPORTES,1466.18,290,386.89,14.3,Agosto,37467.41,alta
Tecnologia,76.74,372,4898.16,3.7,Noviembre,5827.51,alta
Ropa,300.19,224,3804.42,1.1,Agosto,9882.33,alta
Hogar,,450,1579.53,37.4,Abril,4729.11,media
Alimentos,728.29,292,505.28,43.2,Febrero,21832.33,alta
Ropa,1769.13,17,2789.57,1.4,Noviembre,8164.05,alta
Deportes,,339,2807.88,27.0,Febrero,37021.12,alta
Ropa,522.81,463,727.81,4.7,Febrero,6503.78,alta
Deportes,,200,2990.22,39.6,Mayo,10343.4,alta
Deportes,390.48,481,1888.9,23.2,Diciembre,7012.15,alta
Hogar,,400,3884.38,48.4,Septiembre,48642.48,alta
Hogar,1192.89,235,1835.01,1.4,Mayo,164719.5504940191,alta
Ropa,1886.74,471,2672.54,10.6,Junio,8774.03,alta
Deportes,,50,4780.73,15.0,Septiembre,16881.46,alta
Alimentos,1795.06,159,,20.6,Febrero,31972.72,alta
Tecnologia,1011.59,193,1333.41,15.6,Septiembre,9927.35,alta
Ropa,,358,3061.01,34.5,Febrero,3104.39,media
Alimentos,541.81,137,,33.6,Julio,4666.74,media
Deportes,1972.85,411,1822.66,29.3,Agosto,50654.64,alta
Tecnologia,1089.98,324,1376.42,6.2,Septiembre,32446.46,alta
Alimentos,846.7,389,1315.04,17.2,Marzo,15715.02,alta
Ropa,125.04,399,3442.23,11.1,Mayo,7854.58,alta
HOGAR,1898.09,209,2474.2,35.0,Abril,43275.39,alta
Ropa,,279,1789.86,35.5,Noviembre,13162.95,alta
Ropa,440.63,154,,35.7,Diciembre,14775.43,alta
Deportes,1989.4,108,2201.55,22.0,Abril,20973.32,alta
Hogar,830.83,40,90.19,25.3,Agosto,18107.32,alta
Ropa,1441.37,374,1346.71,49.4,Julio,22876.03,alta
Ropa,1633.44,457,2445.41,25.4,Noviembre,16553.18,alta
Hogar,1758.04,208,3885.54,13.3,Diciembre,35823.19,alta
Hogar,702.39,387,3454.26,27.2,Julio,17892.67,alta
alimentos,775.59,103,936.02,2.1,Julio,8386.67,alta
Alimentos,553.88,330,4306.65,28.4,Enero,14302.84,alta
Alimentos,319.58,268,4622.56,36.2,Marzo,6117.6,alta
Deportes,1039.9,12,4941.91,10.1,Julio,9240.4,alta
Alimentos,,177,3671.2,36.0,Marzo,8337.47,alta
Tecnologia,281.38,453,4830.76,21.6,Abril,6313.94,alta
Tecnologia,54.63,292,2821.95,24.4,Julio,3498.67,media
deportes,880.3,120,1973.89,16.1,Junio,7349.76,alta
tecnologia,1565.16,244,4700.35,44.6,Diciembre,16981.41,alta
Alimentos,1217.76,465,1339.43,41.6,Mayo,31337.7,alta
Deportes,191.02,375,3157.41,38.7,Febrero,5706.98,alta
Hogar,152.32,365,4368.43,15.9,Octubre,5336.1,alta
Alimentos,,454,4289.68,38.3,Julio,52714.85,alta
Hogar,1416.44,51,2998.54,46.1,Enero,15753.88,alta
Hogar,358.6,16,2930.25,3.2,Enero,8343.99,alta
Hogar,417.58,96,2425.56,44.4,Junio,5854.58,alta
Ropa,1762.39,101,1464.75,39.1,Mayo,18681.31,alta
Ropa,,363,2408.18,33.0,Julio,6184.86,alta
Ropa,860.8,102,2465.06,45.0,Febrero,7084.43,alta
Tecnologia,604.11,151,1819.91,3.2,Junio,17429.26,alta
Ropa,375.77,258,2888.77,41.2,Agosto,3558.66,media
Ropa,928.32,85,4417.58,3.7,Noviembre,29432.37,alta
hogar,882.72,106,930.39,32.7,Diciembre,6342.0,alta
Hogar,1585.07,62,2498.04,1.8,Marzo,44275.25,alta
Tecnologia,983.45,51,3402.82,23.2,Diciembre,11618.59,alta
Deportes,1785.29,392,3045.14,7.4,Septiembre,54441.41,alta
Hogar,918.89,414,1912.57,24.9,Septiembre,13757.16,alta
Hogar,1147.43,468,2367.62,31.4,Junio,34900.22,alta
Hogar,1663.51,296,1541.73,44.6,Julio,13871.91,alta
Hogar,779.7,188,4885.27,5.4,Noviembre,12642.59,alta
hogar,1361.78,472,216.02,11.3,Septiembre,34872.79,alta
Ropa,1796.87,356,258.52,33.2,Abril,39265.81,alta
Ropa,321.06,72,3264.69,42.8,Marzo,7283.29,alta
Tecnologia,1151.05,390,142.23,29.0,Octubre,14517.92,alta
Tecnologia,455.21,232,45.05,7.7,Julio,2753.63,media
Ropa,1088.3,451,3656.38,17.2,Septiembre,27162.77,alta
Hogar,808.3,120,2681.14,4.5,Febrero,4964.08,media
Ropa,1305.43,467,,20.3,Noviembre,31278.43,alta
Tecnologia,1787.56,265,2634.35,31.8,Junio,28345.71,alta
Tecnologia,59.37,217,4495.46,22.2,Septiembre,4915.24,media
Alimentos,,85,1834.67,29.0,Enero,15565.6,alta
Deportes,1254.3,355,294.98,49.3,Agosto,15611.96,alta
Tecnologia,49.8,386,4044.28,29.5,Diciembre,4607.05,media
Tecnologia,1284.7,370,2143.23,32.8,Abril,29444.98,alta
Tecnologia,550.06,7,2683.39,22.9,Febrero,8947.3,alta
Deportes,946.01,275,1725.66,20.7,Julio,3843.92,media
Hogar,76.38,158,3567.04,11.7,Mayo,4913.25,media
Alimentos,87.99,133,908.71,42.1,Septiembre,2938.6,media
Ropa,1553.36,381,1433.07,46.2,Noviembre,22255.78,alta
Tecnologia,1373.37,93,3718.01,49.3,Mayo,7393.21,alta
Ropa,1326.42,185,650.12,18.7,Mayo,8010.0,alta
Tecnologia,1058.31,353,4167.07,23.0,Febrero,27248.71,alta
Tecnologia,1341.45,103,1155.26,4.1,Diciembre,32116.21,alta
Hogar,1959.07,492,830.69,22.5,Marzo,47012.93,alta
Tecnologia,1114.56,247,4355.13,7.4,Diciembre,26647.86,alta
Deportes,403.43,356,2106.79,0.9,Julio,5619.24,alta
Hogar,1388.75,29,1454.27,18.1,Agosto,40786.76,alta
Hogar,1076.0,449,4720.34,14.1,Julio,23183.32,alta
Alimentos,357.78,213,2197.17,14.8,Septiembre,11852.09,alta
Alimentos,289.6,379,1225.72,15.2,Septiembre,6296.81,alta
Deportes,1006.83,196,2474.32,17.1,Julio,18360.69,alta
Tecnologia,187.7,301,4936.01,9.8,Septiembre,8009.68,alta
Ropa,1919.55,147,684.27,15.2,Abril,5559.63,alta
Ropa,1945.21,301,3732.71,47.0,Septiembre,36590.95,alta
Deportes,1220.78,397,823.75,42.9,Octubre,29989.93,alta
Hogar,148.87,448,555.11,7.6,Diciembre,1815.16,media
Ropa,1426.52,487,4003.64,36.8,Octubre,45820.57,alta
Tecnologia,1245.8,334,134.67,33.8,Noviembre,10480.78,alta
Alimentos,1457.66,80,2253.83,6.8,Marzo,40759.24,alta
Ropa,934.95,74,4169.92,17.4,Enero,20070.75,alta
Ropa,583.83,197,597.68,48.4,Febrero,4357.14,media
Hogar,533.52,29,4437.83,5.5,Abril,11455.02,alta
Hogar,614.99,8,421.16,18.0,Mayo,8702.48,alta
tecnologia,422.73,134,4044.31,36.5,Abril,10097.14,alta
Deportes,1742.36,466,943.45,3.5,Enero,11606.24,alta
Alimentos,1479.08,120,1531.2,38.0,Enero,39476.32,alta
Hogar,1785.83,147,2449.13,45.5,Abril,4879.24,media
Deportes,881.42,214,2620.09,29.3,Diciembre,18816.44,alta
Deportes,81.88,56,3048.53,1.7,Diciembre,3562.64,media
Ropa,672.29,11,4572.65,26.3,Mayo,5959.63,alta
Alimentos,1730.6,184,,39.1,Abril,37410.5,alta
Deportes,1001.75,176,741.48,4.5,Julio,23229.98,alta
Deportes,1043.26,151,2937.42,9.6,Enero,31541.6,alta
Deportes,610.43,329,739.63,24.2,Marzo,16870.08,alta
Ropa,1899.64,439,2393.73,23.0,Febrero,53643.76,alta
Alimentos,1131.46,476,1752.16,48.5,Mayo,16878.6,alta
Hogar,984.75,424,129.3,32.6,Marzo,19235.47,alta
Ropa,311.13,187,1384.91,25.2,Febrero,8144.43,alta
Hogar,1475.56,470,1212.96,29.8,Agosto,38458.94,alta
Alimentos,357.82,66,421.06,24.5,Julio,10657.22,alta
Alimentos,1488.54,239,444.44,9.2,Septiembre,27258.14,alta
Hogar,383.9,403,3831.92,30.6,Febrero,15298.97,alta
Deportes,1380.42,24,2604.09,43.0,Noviembre,37542.27,alta
Deportes,461.31,97,1203.97,34.2,Noviembre,9940.92,alta
Deportes,1231.37,92,3716.05,10.0,Enero,22956.26,alta
Alimentos,1158.23,54,74.52,6.4,Febrero,13275.39,alta
Alimentos,1830.85,276,2922.51,21.1,Octubre,16938.91,alta
Hogar,1744.32,253,2016.36,40.2,Enero,22911.14,alta
Tecnologia,,184,751.06,10.6,Febrero,15577.17,alta
Hogar,1437.09,177,273.4,25.8,Enero,177831.61022874512,alta
Deportes,658.9,469,4387.61,22.3,Febrero,23239.28,alta
Tecnologia,1692.86,317,1716.01,4.3,Diciembre,33268.28,alta
HOGAR,954.36,10,4472.24,4.1,Noviembre,16381.36,alta
Ropa,1338.79,414,3995.27,20.5,Abril,38606.31,alta
Hogar,1547.67,477,627.38,26.8,Enero,35637.65,alta
Hogar,1733.26,372,2514.3,22.0,Diciembre,41594.94,alta
Ropa,1458.1,74,4623.37,46.3,Noviembre,39345.06,alta
Ropa,1542.56,53,,24.2,Octubre,40579.94,alta
Alimentos,864.47,349,4500.61,30.5,Abril,9728.74,alta
Tecnologia,574.07,375,,13.8,Diciembre,223124.30832793133,alta
TECNOLOGIA,997.19,206,3078.89,43.9,Mayo,20791.52,alta
Hogar,698.56,334,3264.23,4.6,Septiembre,9419.44,alta
Tecnologia,1395.54,42,1569.53,26.7,Junio,41233.52,alta
Alimentos,835.82,33,3647.08,44.9,Marzo,5090.94,alta
Alimentos,,468,3431.64,46.4,Octubre,13505.26,alta
Hogar,1436.15,102,3577.45,50.0,Enero,30009.99,alta
Alimentos,972.8,9,692.23,8.6,Mayo,8621.96,alta
Ropa,1051.75,378,4197.3,46.4,Mayo,7775.74,alta
Alimentos,1365.39,346,3833.78,44.9,Junio,37944.28,alta
Hogar,215.11,78,3845.04,48.1,Julio,8946.71,alta
Alimentos,1228.24,463,4127.1,25.1,Octubre,32191.75,alta
Deportes,1335.99,306,4944.27,41.7,Junio,9243.74,alta
Alimentos,54.45,426,1780.46,26.6,Mayo,2619.4,media
Hogar,1038.2,131,2815.24,8.0,Noviembre,15898.69,alta
Tecnologia,234.31,259,1979.52,6.7,Septiembre,161035.73739722933,alta
Alimentos,1838.27,51,4255.78,21.1,Julio,25897.83,alta
Ropa,158.89,61,4950.56,25.9,Diciembre,5815.07,alta
Alimentos,124.88,189,2059.59,45.7,Mayo,2666.96,media
Tecnologia,829.0,493,3107.87,35.9,Octubre,15830.62,alta
Deportes,1824.89,392,3774.33,20.3,Junio,51906.7,alta
Hogar,1732.89,83,4483.6,12.8,Septiembre,12794.74,alta
Alimentos,1567.29,133,2402.65,26.1,Junio,5849.83,alta
Deportes,1665.77,257,,30.0,Abril,47815.08,alta
Deportes,1825.39,440,1837.06,13.4,Mayo,44521.21,alta
Ropa,478.44,200,,22.7,Julio,13242.61,alta
Ropa,,159,3620.25,49.9,Diciembre,6831.24,alta
TECNOLOGIA,1056.26,115,4280.81,18.7,Junio,18648.97,alta
Hogar,643.1,429,2520.45,4.8,Octubre,5852.04,alta
Hogar,900.68,80,3467.62,9.2,Febrero,23270.25,alta
Tecnologia,404.25,158,534.09,34.3,Noviembre,3065.66,media
Deportes,454.58,237,840.95,34.6,Junio,3397.7,media
Ropa,1668.7,363,1973.35,45.9,Septiembre,49937.74,alta
Ropa,1493.24,203,1788.96,30.7,Noviembre,18678.12,alta
tecnologia,381.25,164,659.41,45.8,Enero,8365.95,alta
ALIMENTOS,743.53,415,4273.36,42.8,Enero,15412.63,alta
Tecnologia,1482.2,10,4771.88,16.6,Febrero,24226.03,alta
Hogar,1984.05,489,4678.88,7.3,Enero,16589.27,alta
Hogar,1318.84,17,,27.8,Septiembre,23461.29,alta
Deportes,1640.24,336,3912.0,35.0,Octubre,50182.65,alta
Tecnologia,35.5,237,4547.51,13.6,Marzo,4490.61,media
Tecnologia,24.37,406,3879.18,46.5,Mayo,3466.12,media
Hogar,1151.9,366,1386.5,36.8,Septiembre,20058.31,alta
Deportes,764.82,480,4569.38,41.6,Junio,21008.95,alta
Hogar,262.1,434,1989.39,14.4,Junio,3497.51,media
Deportes,1494.35,130,1868.13,9.2,Agosto,42095.36,alta
Deportes,442.82,430,1826.8,7.9,Febrero,6872.49,alta
Tecnologia,,56,1921.82,49.2,Junio,6947.51,alta
Tecnologia,658.71,254,755.54,9.8,Febrero,16789.5,alta
Deportes,1240.19,59,2211.07,2.1,Abril,13422.19,alta
Alimentos,,287,1897.61,7.8,Abril,11857.02,alta
Deportes,1791.33,409,3486.14,49.0,Abril,11668.42,alta
Deportes,1800.72,421,1332.36,5.5,Febrero,50679.1,alta
Hogar,1671.11,421,1067.73,40.7,Julio,19592.69,alta
Deportes,1772.2,259,392.32,6.4,Abril,26163.66,alta
Ropa,1267.18,362,481.06,14.9,Junio,14729.75,alta
Ropa,792.26,17,4457.41,26.3,Diciembre,24353.22,alta
HOGAR,1744.17,301,315.32,41.8,Febrero,44971.2,alta
Tecnologia,1555.81,180,1233.51,40.7,Junio,42208.62,alta
Alimentos,1362.2,319,1999.05,38.2,Julio,17198.86,alta
Hogar,1689.96,112,4224.73,3.4,Septiembre,15413.75,alta
Tecnologia,1799.3,166,675.31,2.5,Febrero,34596.29,alta
Hogar,953.5,488,2680.45,29.1,Marzo,10473.78,alta
Alimentos,655.21,336,2197.6,49.9,Mayo,20767.7,alta
Ropa,479.35,303,,35.2,Mayo,14561.06,alta
Tecnologia,1351.37,328,4241.55,3.8,Junio,36960.43,alta
Hogar,442.69,199,2967.65,24.7,Septiembre,4378.29,media
Tecnologia,1470.19,152,3494.56,40.6,Abril,36628.67,alta
Deportes,127.42,340,4922.25,20.9,Septiembre,6362.85,alta
Deportes,,271,3264.62,6.3,Junio,43377.35,alta
Deportes,1793.17,124,2394.57,19.9,Septiembre,7530.86,alta
Tecnologia,,491,2986.05,49.5,Noviembre,6046.33,alta
Ropa,172.22,411,176.13,9.7,Junio,4481.43,media
Alimentos,1764.75,238,4249.62,39.4,Septiembre,28611.63,alta
Hogar,1729.54,150,4712.93,43.5,Junio,33139.37,alta
Hogar,,31,1824.78,7.9,Septiembre,19600.86,alta
Alimentos,934.29,470,3372.93,36.8,Marzo,26691.04,alta
Hogar,1401.02,80,3970.83,0.5,Octubre,13765.5,alta
Hogar,519.75,398,4607.76,34.2,Junio,10073.08,alta
Tecnologia,1103.06,382,356.15,23.5,Agosto,12177.32,alta
Tecnologia,768.7,231,4342.27,23.6,Noviembre,11034.3,alta
Tecnologia,1146.74,274,1770.59,34.0,Enero,29044.74,alta
Tecnologia,265.41,241,2478.15,20.3,Septiembre,2715.48,media
Alimentos,,160,3782.65,24.0,Julio,14357.14,alta
Tecnologia,502.01,290,,5.8,Noviembre,14586.17,alta
Alimentos,1893.06,339,4397.17,26.3,Abril,44153.63,alta
Hogar,79.22,199,,28.2,Diciembre,3806.77,media
Alimentos,910.11,160,1809.93,14.3,Diciembre,4512.64,media
Hogar,1331.65,18,3676.37,16.6,Octubre,37091.91,alta
Hogar,653.36,408,3736.18,15.8,Marzo,20919.19,alta
Tecnologia,1426.94,123,456.91,45.4,Enero,7696.71,alta
Hogar,263.99,152,1432.02,16.9,Octubre,2089.91,media
Ropa,1427.65,475,2734.09,15.6,Julio,27927.57,alta
Hogar,475.77,250,3151.63,41.6,Septiembre,11822.14,alta
Alimentos,861.63,44,2131.01,39.9,Noviembre,14013.15,alta
Ropa,1901.29,371,3551.16,12.6,Enero,44597.35,alta
Hogar,1585.07,62,2498.04,1.8,Marzo,44275.25,alta
Deportes,532.23,37,4642.28,20.6,Noviembre,9053.26,alta
Deportes,821.91,496,,9.2,Enero,18876.44,alta
Deportes,775.1,247,4100.53,11.4,Marzo,17823.57,alta
Hogar,1840.0,274,731.36,2.9,Enero,35795.33,alta
Tecnologia,,100,403.41,8.8,Noviembre,48098.17,alta
Alimentos,799.23,119,1908.47,28.9,Septiembre,8910.46,alta
Hogar,1221.52,113,3343.38,45.5,Febrero,38034.71,alta
Ropa,1746.5,489,1677.87,11.6,Julio,24793.93,alta
Tecnologia,783.5,203,879.14,37.2,Agosto,15898.13,alta
Alimentos,1016.29,275,2587.42,13.0,Junio,4760.08,media
Alimentos,1920.32,64,1303.01,25.5,Mayo,55085.37,alta
Ropa,267.03,414,3786.35,35.2,Octubre,5814.57,alta
Deportes,1503.37,23,2620.57,15.2,Octubre,29135.91,alta
Tecnologia,,36,3528.17,3.0,Mayo,47154.6,alta
Hogar,1506.07,463,1254.26,49.1,Febrero,40529.9,alta
Deportes,91.51,247,2792.04,37.7,Junio,4485.26,media
Hogar,543.76,413,1347.16,42.2,Enero,10231.59,alta
Hogar,483.31,494,472.76,30.3,Enero,12940.41,alta
Hogar,1189.63,330,1045.95,24.7,Enero,6417.09,alta
Hogar,1890.75,386,,22.7,Febrero,22722.99,alta
Deportes,474.39,73,875.35,23.0,Enero,10518.06,alta
Deportes,1134.59,203,1728.86,49.7,Febrero,10116.47,alta
Alimentos,1813.61,56,,26.8,Diciembre,49430.89,alta
Tecnologia,647.28,483,1992.95,17.6,Agosto,21558.5,alta
Alimentos,1797.72,103,,17.3,Octubre,39898.93,alta
Tecnologia,528.36,88,1229.1,28.7,Agosto,14053.8,alta
Deportes,351.71,150,2922.84,40.3,Noviembre,149076.51433759232,alta
Deportes,1605.91,117,1233.79,10.1,Junio,46693.13,alta
Alimentos,1567.31,280,4816.15,14.6,Mayo,8027.7,alta
Deportes,763.91,300,,47.1,Marzo,15644.82,alta
Tecnologia,1872.1,312,,1.3,Junio,40631.84,alta
DEPORTES,160.77,125,98.51,6.2,Julio,3058.17,media
Ropa,1669.59,271,2244.01,25.2,Junio,16212.84,alta
Deportes,1135.06,377,,31.5,Enero,10110.52,alta
Deportes,274.52,83,1713.53,23.3,Julio,9494.27,alta
Tecnologia,200.26,80,3498.49,28.3,Octubre,5389.25,alta
Alimentos,802.86,156,484.43,2.4,Enero,23712.73,alta
Deportes,368.48,458,1389.79,18.6,Marzo,4916.39,media
Alimentos,87.15,356,4761.71,43.8,Marzo,5800.93,alta
Alimentos,793.05,377,2969.74,36.2,Diciembre,15389.82,alta
Tecnologia,1390.58,382,3286.61,15.4,Octubre,24654.21,alta
Deportes,1060.83,19,2786.41,26.9,Noviembre,11161.96,alta
Alimentos,1240.23,451,3535.36,19.3,Agosto,39431.06,alta
Tecnologia,1321.09,498,1525.86,11.9,Marzo,39137.46,alta
Deportes,524.92,289,3667.42,45.8,Abril,13346.5,alta
Hogar,1958.72,405,2730.65,17.3,Julio,49938.19,alta
Hogar,305.53,295,1191.52,25.0,Abril,5883.67,alta
Ropa,653.87,403,3086.94,6.6,Mayo,7234.71,alta
Deportes,1880.85,343,3779.95,2.9,Noviembre,53509.16,alta
Hogar,544.39,415,456.69,11.7,Marzo,6749.69,alta
Deportes,953.25,278,3300.06,41.7,Junio,29018.21,alta
Deportes,,158,3165.23,6.5,Diciembre,16792.24,alta
Hogar,561.16,474,2561.55,8.3,Mayo,8670.31,alta
Tecnologia,1753.47,309,4058.58,19.2,Diciembre,21240.13,alta
Tecnologia,431.54,370,4374.01,16.0,Agosto,10877.98,alta
Hogar,1034.17,106,1647.01,42.2,Febrero,7948.88,alta
HOGAR,1603.42,307,1554.89,4.0,Agosto,27773.08,alta
Alimentos,1556.77,356,399.86,36.3,Marzo,32141.01,alta
Deportes,766.03,284,3663.2,22.4,Abril,8170.74,alta
Tecnologia,612.0,354,3183.08,31.2,Diciembre,19520.29,alta
Ropa,386.68,461,,33.1,Septiembre,10499.95,alta
Alimentos,731.96,236,,37.9,Agosto,6647.38,alta
Hogar,253.18,184,702.65,39.7,Octubre,4057.2,media
Ropa,405.95,182,159.08,37.7,Octubre,6194.32,alta
Tecnologia,1580.68,106,3935.93,46.7,Noviembre,26630.78,alta
Deportes,829.5,106,3102.27,11.0,Julio,10228.45,alta
Hogar,,78,261.31,23.8,Agosto,27040.52,alta
Deportes,1183.39,91,2951.4,0.1,Enero,36842.55,alta
Tecnologia,153.83,325,3751.33,2.1,Enero,7815.14,alta
Deportes,1818.93,323,4980.96,40.0,Octubre,18345.7,alta
Alimentos,307.68,242,3862.85,11.4,Agosto,11677.96,alta
Ropa,1495.18,300,2260.01,15.2,Diciembre,14891.2,alta
Ropa,824.3,100,4644.22,28.3,Diciembre,13667.98,alta
Ropa,1097.24,484,,24.9,Agosto,16683.14,alta
Hogar,1601.18,377,996.66,10.1,Febrero,7184.63,alta
Deportes,263.86,444,1469.09,8.8,Julio,4849.92,media
Alimentos,1853.15,45,3959.87,3.5,Febrero,42256.53,alta
Hogar,1774.31,47,2782.77,38.9,Febrero,32729.79,alta
Deportes,395.82,99,1540.0,26.8,Febrero,6576.48,alta
Hogar,808.81,153,2175.6,34.4,Marzo,19355.9,alta
alimentos,271.27,27,1337.66,5.6,Noviembre,4417.48,media
Ropa,1415.4,389,96.84,13.0,Noviembre,3722.26,media
Deportes,135.37,366,1929.25,43.1,Agosto,4817.34,media
Deportes,,320,,22.9,Octubre,2741.85,media
Ropa,852.43,359,2281.58,48.4,Septiembre,11313.42,alta
ALIMENTOS,696.22,94,3743.79,8.9,Agosto,15882.73,alta
Tecnologia,1075.98,53,1635.31,32.5,Junio,25291.62,alta
Ropa,742.17,120,1428.83,40.3,Noviembre,4502.79,media
Deportes,1584.05,413,1768.06,48.7,Mayo,36216.45,alta
Alimentos,116.72,257,3392.91,4.9,Septiembre,5821.24,alta
Ropa,334.63,248,,33.5,Marzo,12139.82,alta
Deportes,1466.94,289,1820.53,39.5,Junio,22998.77,alta
Hogar,1127.94,369,2333.23,25.5,Julio,10721.08,alta
Ropa,113.25,465,3041.92,47.1,Diciembre,4139.82,media
Tecnologia,752.22,400,2833.93,46.4,Septiembre,10580.73,alta
Ropa,347.39,31,4536.19,2.1,Febrero,13057.35,alta
Deportes,155.37,415,796.02,24.6,Enero,3372.41,media
Ropa,765.27,327,,29.6,Febrero,14224.55,alta
Hogar,356.1,318,903.89,34.7,Octubre,4718.95,media
Alimentos,363.12,265,819.39,24.2,Diciembre,11471.29,alta
Deportes,1001.81,327,1066.49,20.2,Febrero,20059.3,alta
Ropa,1114.62,80,1736.65,48.2,Abril,28290.52,alta
Hogar,723.45,108,,18.6,Octubre,21312.04,alta
Deportes,490.57,241,951.77,31.0,Septiembre,5694.7,alta
Ropa,309.33,167,2636.42,36.8,Febrero,5726.58,alta
Alimentos,1250.92,257,544.33,7.2,Febrero,12480.94,alta
Alimentos,1395.87,170,2450.57,43.2,Mayo,32894.57,alta
Ropa,1673.45,335,2230.52,23.9,Agosto,29025.47,alta
Hogar,93.18,236,2366.03,22.1,Abril,3765.02,media
Tecnologia,773.92,52,,9.3,Febrero,23913.84,alta
ALIMENTOS,1760.04,392,3983.84,21.3,Febrero,38782.62,alta
Hogar,779.2,329,597.93,24.2,Junio,7775.16,alta
Hogar,649.42,418,721.1,15.4,Septiembre,15907.35,alta
HOGAR,634.9,431,4151.52,44.4,Septiembre,6372.82,alta
Ropa,,88,4878.94,34.6,Junio,19733.41,alta
Alimentos,231.59,372,2605.56,22.4,Octubre,7269.03,alta
Alimentos,523.0,392,2172.75,17.6,Noviembre,13010.54,alta
Deportes,1456.45,287,90.86,21.0,Agosto,21562.31,alta
Deportes,929.52,107,1021.53,25.7,Septiembre,27452.35,alta
Deportes,579.38,163,3655.2,7.4,Septiembre,17209.56,alta
Alimentos,1798.41,499,644.94,18.9,Mayo,26557.03,alta
Deportes,56.39,487,838.62,43.4,Marzo,1850.79,media
Alimentos,1523.43,315,3844.3,0.3,Junio,47485.25,alta
Tecnologia,259.94,391,997.62,33.1,Mayo,4865.48,media
ROPA,438.79,201,2348.33,22.9,Julio,10095.4,alta
Alimentos,1662.07,55,2329.13,26.9,Octubre,11648.34,alta
Ropa,1735.18,324,4775.14,31.6,Marzo,53262.43,alta
Alimentos,1104.99,457,2636.65,35.5,Diciembre,28659.84,alta
Deportes,1813.16,215,1053.36,33.0,Febrero,7773.52,alta
Tecnologia,1412.51,420,279.75,35.0,Septiembre,35096.04,alta
Ropa,1879.46,421,3106.3,9.3,Noviembre,53118.2,alta
Ropa,1636.31,278,,34.5,Diciembre,34906.28,alta
Tecnologia,293.56,73,,5.6,Septiembre,3341.65,media
Deportes,233.4,17,171.28,47.8,Julio,6162.94,alta
Ropa,1109.9,258,3987.15,37.7,Noviembre,32732.63,alta
Deportes,1106.66,72,,1.4,Enero,19009.05,alta
Tecnologia,1271.83,394,578.39,9.2,Agosto,16277.0,alta
Tecnologia,1202.98,406,1757.01,45.7,Marzo,17401.85,alta
Hogar,83.89,110,3719.97,33.0,Enero,3198.42,media
Alimentos,,236,2805.31,30.9,Diciembre,25042.09,alta
Tecnologia,286.77,44,412.43,20.8,Febrero,6568.66,alta
Alimentos,68.2,314,4795.38,30.1,Octubre,4953.8,media
Deportes,831.37,360,584.28,21.1,Mayo,14240.65,alta
Tecnologia,200.26,80,3498.49,28.3,Octubre,5389.25,alta
Hogar,141.42,177,307.21,45.4,Mayo,1471.69,baja
Tecnologia,1644.61,259,4988.48,9.7,Julio,52550.46,alta
Tecnologia,1341.64,196,2357.58,20.9,Agosto,7188.67,alta
Deportes,1990.49,121,,29.4,Enero,14490.36,alta
Deportes,90.71,469,886.29,26.2,Septiembre,3938.77,media
Deportes,463.4,197,4284.46,31.0,Febrero,16609.62,alta
Alimentos,1424.9,242,2386.54,32.3,Julio,7896.51,alta
Hogar,952.74,29,849.69,12.1,Abril,3088.53,media
Tecnologia,452.29,473,4135.16,30.1,Noviembre,11792.46,alta
Deportes,1067.65,414,4028.53,15.7,Abril,28419.13,alta
Alimentos,210.94,375,2917.62,45.0,Octubre,6316.04,alta
Hogar,472.98,494,743.99,45.0,Diciembre,12252.56,alta
Hogar,1694.36,107,3564.59,39.4,Julio,38111.61,alta
Tecnologia,1951.82,200,312.68,7.3,Enero,44750.78,alta
Deportes,1228.79,181,3073.19,4.8,Octubre,27763.28,alta
Tecnologia,1683.19,39,,35.6,Abril,9367.08,alta
Hogar,206.84,28,2933.84,27.0,Noviembre,7553.9,alta
Deportes,678.45,67,2573.11,1.8,Marzo,12879.57,alta
Alimentos,1458.79,46,2230.98,18.7,Febrero,41868.04,alta
Tecnologia,1968.61,282,,9.9,Julio,50665.87,alta
Tecnologia,722.09,453,2641.49,10.8,Diciembre,22937.52,alta
Alimentos,872.85,496,,45.2,Diciembre,23613.23,alta
Deportes,470.14,415,,5.8,Julio,11861.59,alta
Alimentos,1342.39,181,,19.7,Octubre,42909.48,alta
tecnologia,206.74,451,3839.17,12.9,Mayo,9660.61,alta
Alimentos,402.62,340,1269.09,33.2,Diciembre,3992.73,media
Tecnologia,1614.31,102,1517.88,3.3,Agosto,26401.66,alta
Ropa,639.89,192,3757.8,44.8,Diciembre,13959.73,alta
Ropa,460.3,295,4524.59,40.7,Octubre,8678.74,alta
Alimentos,1082.16,48,180.84,30.2,Agosto,9941.42,alta
Alimentos,467.54,228,832.68,48.2,Febrero,3678.65,media
Tecnologia,857.86,92,4830.03,29.9,Junio,15207.29,alta
Tecnologia,,192,1195.48,11.9,Agosto,9466.15,alta
Deportes,,357,3501.77,16.2,Septiembre,13854.83,alta
Hogar,937.81,211,2464.97,28.3,Marzo,29619.09,alta
Ropa,874.0,432,,2.2,Junio,26193.26,alta
Tecnologia,1586.45,485,2877.74,33.0,Octubre,34964.75,alta
Hogar,814.14,331,251.98,44.2,Enero,8236.25,alta
Tecnologia,1365.97,172,489.99,36.1,Octubre,13589.01,alta
Alimentos,121.68,343,3725.3,46.6,Octubre,3737.41,media
Alimentos,1586.15,394,4407.65,3.0,Noviembre,45023.5,alta
Ropa,1917.63,218,3835.32,30.2,Marzo,32055.06,alta
Deportes,1200.58,48,1612.9,27.7,Julio,6371.34,alta
Alimentos,1653.86,478,4131.52,31.1,Abril,48510.71,alta
Deportes,334.17,340,,23.9,Octubre,8352.51,alta
Hogar,1598.6,343,988.72,27.3,Mayo,22721.66,alta
Deportes,1234.78,147,4319.17,34.5,Octubre,27283.97,alta
Hogar,1329.03,395,,26.6,Marzo,10437.42,alta
Hogar,24.74,138,2192.52,10.9,Junio,2298.44,media
Hogar,747.8,370,2903.92,48.6,Julio,5741.73,alta
Tecnologia,,286,2597.61,24.4,Mayo,12798.46,alta
Tecnologia,1002.24,402,3992.62,14.6,Abril,18387.51,alta
Alimentos,1414.04,292,,44.8,Octubre,4807.59,media
Tecnologia,555.37,449,1212.3,1.9,Abril,13541.62,alta
TECNOLOGIA,1846.8,303,4611.48,15.6,Diciembre,48597.97,alta
Deportes,1605.01,174,1725.89,27.5,Noviembre,7746.19,alta
Tecnologia,1801.73,450,4955.73,38.9,Noviembre,10782.03,alta
Hogar,1986.27,258,2142.3,30.0,Agosto,27841.28,alta
Hogar,1691.72,177,,40.9,Octubre,38569.48,alta
Tecnologia,1360.84,126,1889.51,11.5,Marzo,30662.13,alta
Hogar,866.75,335,3442.6,19.5,Agosto,18629.97,alta
Ropa,1736.7,309,2207.21,37.6,Abril,48916.61,alta
Hogar,319.61,293,4812.07,21.9,Enero,13411.46,alta
Deportes,372.56,452,3917.72,35.7,Septiembre,12306.77,alta
TECNOLOGIA,841.16,96,2712.28,23.8,Marzo,11356.13,alta
Ropa,1897.68,417,,30.4,Diciembre,11377.72,alta
Ropa,1244.77,42,3958.47,45.3,Septiembre,27024.02,alta
Deportes,647.55,12,3959.86,30.4,Abril,19424.09,alta
Hogar,832.87,101,4705.4,48.0,Mayo,6558.84,alta
Ropa,1016.88,349,4742.82,25.9,Octubre,8892.21,alta
Tecnologia,432.6,274,2612.64,9.5,Febrero,10841.89,alta
Tecnologia,738.16,46,2129.07,3.5,Abril,16845.15,alta
Ropa,,72,3943.3,29.7,Febrero,13318.42,alta
Tecnologia,148.89,436,1611.64,35.4,Junio,3612.18,media
Deportes,1668.0,149,4606.01,17.4,Marzo,30272.97,alta
Alimentos,1092.41,181,1586.31,41.4,Marzo,8705.8,alta
Tecnologia,273.14,428,4322.04,26.0,Enero,7600.5,alta
Hogar,216.59,373,2656.66,9.8,Diciembre,3913.34,media
Hogar,1258.78,44,,21.5,Octubre,15961.48,alta
Ropa,,391,2921.23,7.6,Agosto,31054.47,alta
Hogar,1191.73,100,872.34,23.6,Noviembre,33253.24,alta
Tecnologia,823.84,98,,1.6,Mayo,5983.75,alta
Hogar,967.71,248,4389.45,6.2,Abril,13987.17,alta
Tecnologia,161.19,225,3542.66,13.8,Marzo,5809.15,alta
Alimentos,1761.32,353,1098.82,4.1,Abril,33625.85,alta
Ropa,959.14,390,462.76,30.1,Diciembre,26338.02,alta
Tecnologia,403.52,364,3861.48,34.9,Julio,6701.41,alta
Hogar,682.15,419,1383.63,9.0,Enero,17805.69,alta
Deportes,1357.06,263,2633.27,35.8,Noviembre,164256.0134771522,alta
Ropa,1108.99,391,554.61,18.0,Marzo,7756.92,alta
Hogar,237.53,52,1528.49,5.7,Febrero,1412.99,baja
Tecnologia,,470,,5.4,Marzo,11165.41,alta
Tecnologia,1858.13,166,1590.01,34.8,Septiembre,16201.72,alta
Ropa,1842.44,201,1173.69,13.7,Octubre,42502.14,alta
Alimentos,451.79,118,2935.07,46.1,Septiembre,14982.75,alta
Tecnologia,330.24,348,3000.72,6.7,Junio,12182.28,alta
Deportes,1343.77,323,1300.48,2.2,Marzo,21650.35,alta
Tecnologia,1173.68,461,116.78,23.1,Junio,5393.71,alta
Tecnologia,1645.48,363,416.22,40.6,Septiembre,18908.28,alta
TECNOLOGIA,1855.91,159,3567.35,13.2,Abril,55255.16,alta
Alimentos,1019.13,341,155.4,3.7,Marzo,2956.81,media
Deportes,1117.37,123,,28.2,Diciembre,14392.57,alta
Alimentos,1270.96,219,3872.06,33.9,Mayo,18326.1,alta
Hogar,1083.39,164,2503.66,28.0,Abril,24872.69,alta
Alimentos,,351,1731.36,12.9,Mayo,27551.6,alta
Deportes,1771.74,36,3037.61,11.6,Febrero,19710.78,alta
Tecnologia,763.34,233,1670.8,41.0,Marzo,13305.9,alta
Deportes,711.13,24,,28.4,Diciembre,10489.41,alta
Alimentos,269.39,418,4179.23,2.6,Febrero,5051.66,alta
Alimentos,1637.88,419,854.89,22.4,Abril,15429.13,alta
Deportes,660.12,225,2297.1,38.4,Marzo,21285.61,alta
Hogar,862.79,235,3749.81,47.4,Abril,21297.66,alta
Hogar,266.09,195,2401.43,18.9,Agosto,8964.16,alta
Deportes,1075.8,494,74.76,6.3,Julio,23342.71,alta
Hogar,558.67,467,2183.61,1.4,Diciembre,12141.28,alta
Hogar,616.76,108,2222.16,31.4,Enero,17901.97,alta
Deportes,482.29,441,789.77,30.8,Diciembre,8274.57,alta
Deportes,,463,903.03,5.1,Enero,28704.96,alta
Ropa,1464.94,481,4608.73,16.3,Febrero,22225.72,alta
Deportes,564.08,443,3752.89,46.6,Febrero,10305.24,alta
Ropa,1346.02,415,496.6,32.8,Octubre,15942.3,alta
Deportes,473.02,261,2028.37,22.4,Septiembre,14116.31,alta
Deportes,532.71,301,423.73,35.2,Octubre,8858.13,alta
Ropa,761.31,154,3224.93,26.4,Junio,12934.37,alta
Tecnologia,819.9,243,2345.94,13.5,Enero,17346.56,alta
Alimentos,,458,948.17,34.4,Enero,2536.83,media
ALIMENTOS,260.84,214,4685.92,26.4,Mayo,5986.48,alta
Alimentos,1071.08,98,3595.39,11.0,Marzo,31592.14,alta
Hogar,288.8,205,,1.8,Agosto,6006.59,alta
Ropa,962.65,339,258.02,33.4,Enero,17623.06,alta
Hogar,1628.61,231,1064.11,19.2,Diciembre,29229.95,alta
Deportes,1523.67,307,1550.1,5.2,Diciembre,30087.97,alta
Deportes,389.82,39,,4.8,Enero,8479.4,alta
Ropa,1914.07,184,4316.96,11.3,Enero,41244.85,alta
Alimentos,1132.21,183,4094.93,40.0,Octubre,33961.47,alta
Alimentos,1635.21,362,2611.32,43.5,Septiembre,33757.41,alta
Alimentos,1503.66,452,2739.76,45.6,Mayo,18497.05,alta
Alimentos,360.06,327,4914.22,20.7,Mayo,12241.1,alta
Hogar,1957.04,103,1128.59,20.9,Enero,44842.38,alta
Ropa,,201,2942.95,19.9,Julio,20051.64,alta
Ropa,124.81,257,2112.55,41.5,Junio,3760.64,media
Alimentos,1789.64,104,641.83,45.2,Noviembre,28470.72,alta
Hogar,379.03,239,4259.51,28.1,Octubre,5047.4,alta
Ropa,,258,1270.94,16.7,Octubre,15575.96,alta
Alimentos,898.94,166,1794.6,46.3,Diciembre,27173.39,alta
Hogar,1911.48,62,1291.78,25.3,Febrero,16125.97,alta
Alimentos,314.62,190,1773.1,3.9,Abril,4347.44,media
Deportes,1077.12,232,,17.7,Octubre,13501.78,alta
Ropa,669.41,60,3636.43,10.8,Diciembre,17727.47,alta
Alimentos,1600.67,104,4226.05,48.8,Febrero,18705.78,alta
Deportes,284.93,399,1452.2,14.2,Abril,10086.87,alta
Ropa,1564.82,116,4626.15,12.4,Junio,40566.89,alta
Hogar,1808.54,446,462.35,8.7,Junio,5619.46,alta
Deportes,1241.68,94,16.97,19.5,Enero,10075.9,alta
Ropa,1581.23,463,2758.35,42.4,Octubre,46010.91,alta
Alimentos,475.5,199,,27.4,Abril,4056.47,media
Tecnologia,29.74,361,564.87,11.1,Julio,2050.19,media
Hogar,664.78,39,3075.0,46.6,Julio,20623.49,alta
Ropa,1929.47,101,4850.01,49.7,Abril,11802.85,alta
Ropa,1927.79,454,3739.59,33.0,Marzo,28627.32,alta
Hogar,1880.63,352,4986.11,10.8,Abril,49254.94,alta
Alimentos,367.12,17,2520.28,17.7,Julio,7002.66,alta
Alimentos,822.71,320,2154.82,46.1,Junio,25466.7,alta
Tecnologia,,462,3988.21,26.4,Enero,19675.54,alta
Alimentos,1774.81,384,2666.75,40.4,Diciembre,22165.47,alta
Tecnologia,950.48,24,902.03,42.7,Septiembre,20531.27,alta
Tecnologia,1031.67,54,2628.42,33.3,Abril,22157.18,alta
Hogar,594.07,256,535.29,4.3,Febrero,3078.96,media
Tecnologia,207.67,194,330.12,32.5,Abril,3889.53,media
tecnologia,700.67,97,3477.53,29.2,Mayo,6204.51,alta
Alimentos,1082.89,26,4846.69,7.4,Octubre,16398.72,alta
Tecnologia,586.76,169,978.94,7.9,Septiembre,4339.84,media
Deportes,337.76,63,1061.17,26.3,Enero,7436.62,alta
Deportes,1265.42,410,,19.7,Febrero,8664.32,alta
Ropa,1827.95,479,2168.05,49.0,Diciembre,38169.69,alta
Deportes,,251,2184.75,16.6,Septiembre,8567.25,alta
TECNOLOGIA,211.86,296,3995.86,33.8,Abril,7960.42,alta
ALIMENTOS,299.04,141,2040.51,20.1,Abril,5274.57,alta
Ropa,107.19,130,1652.54,33.9,Julio,2320.44,media
Deportes,906.56,51,87.25,3.6,Mayo,24890.67,alta
Deportes,770.91,144,2479.18,1.7,Febrero,23082.77,alta
Tecnologia,834.02,96,3676.88,34.0,Mayo,22340.32,alta
Ropa,527.3,42,3111.22,41.1,Junio,7217.67,alta
Alimentos,,35,2607.4,15.4,Abril,15830.64,alta
TECNOLOGIA,547.72,316,242.58,0.4,Agosto,13988.27,alta
Hogar,1724.0,318,2506.25,6.4,Junio,24485.86,alta
Alimentos,1031.99,290,1223.72,20.8,Marzo,30589.87,alta
Hogar,1234.02,89,496.35,5.2,Septiembre,130539.26313858373,alta
Hogar,1552.63,155,3351.36,1.5,Agosto,35030.3,alta
Deportes,578.17,160,1336.84,33.5,Diciembre,2892.41,media
Ropa,1355.97,35,4620.72,5.2,Abril,15600.45,alta
Tecnologia,,142,1339.81,30.4,Marzo,4216.91,media
Ropa,971.51,82,4307.16,16.0,Junio,8704.01,alta
Hogar,33.0,292,1506.53,17.8,Febrero,2588.44,media
Deportes,391.78,246,3594.76,11.0,Julio,5307.33,alta
Ropa,1678.33,87,1200.84,40.8,Noviembre,5671.16,alta
Ropa,,110,1558.91,7.5,Marzo,35162.24,alta
Deportes,1210.33,194,463.29,19.9,Abril,27426.04,alta
Ropa,738.51,436,4798.21,23.8,Junio,12674.39,alta
Tecnologia,188.46,402,4636.57,11.5,Octubre,7244.13,alta
DEPORTES,174.65,62,751.0,30.3,Mayo,5678.78,alta
Ropa,1757.67,19,,29.9,Octubre,27331.18,alta
Hogar,,11,2414.36,14.4,Mayo,33960.84,alta
Ropa,1994.99,202,,0.7,Mayo,44901.9,alta
Deportes,373.97,256,1482.35,37.0,Marzo,10175.91,alta
Deportes,1409.58,188,,36.6,Septiembre,30710.8,alta
Alimentos,,113,509.43,38.4,Febrero,18740.75,alta
Hogar,863.24,446,4874.32,10.4,Abril,16086.48,alta
Deportes,1239.3,359,4416.57,43.5,Junio,20118.88,alta
Alimentos,1376.78,155,2903.76,7.9,Septiembre,12075.25,alta
Deportes,473.26,373,4969.21,33.0,Febrero,6735.38,alta
Hogar,1644.75,155,4449.61,13.1,Noviembre,45490.76,alta
Tecnologia,1587.72,140,4405.22,27.7,Mayo,21790.32,alta
Alimentos,1565.27,410,3941.02,49.8,Noviembre,31647.79,alta
Tecnologia,,227,4740.28,7.8,Febrero,11842.42,alta
Hogar,,187,845.35,25.3,Marzo,34609.59,alta
Ropa,1316.84,194,3625.4,9.5,Julio,41362.03,alta
Ropa,1056.57,183,2776.44,40.5,Agosto,23893.96,alta
Alimentos,1085.46,358,2522.39,42.7,Mayo,18212.84,alta
Alimentos,499.38,106,905.84,26.7,Marzo,137480.7951359461,media
Ropa,714.13,10,3796.05,25.2,Agosto,15676.61,alta
Alimentos,344.69,375,,8.3,Marzo,8648.51,alta
Hogar,523.76,71,1965.49,0.7,Febrero,17542.79,alta
Deportes,923.84,300,1478.82,39.1,Abril,26038.17,alta
Hogar,1819.94,66,3808.75,41.3,Abril,36613.17,alta
Tecnologia,207.35,87,575.49,16.1,Junio,1620.11,media
Tecnologia,419.65,259,287.62,48.0,Noviembre,7958.65,alta
Alimentos,590.01,474,2597.68,15.9,Enero,5847.25,alta
Tecnologia,1947.87,64,3162.59,32.4,Septiembre,53153.69,alta
Ropa,1784.71,458,4858.49,26.3,Abril,50586.31,alta
Tecnologia,1032.75,291,4682.6,33.6,Enero,17626.16,alta
Deportes,290.69,177,1113.83,13.3,Noviembre,9582.17,alta
Hogar,960.48,146,1526.23,14.0,Diciembre,9987.6,alta
Ropa,1396.07,71,4814.91,29.3,Agosto,36662.57,alta
Deportes,1237.12,260,3473.09,43.9,Octubre,26402.6,alta
Alimentos,1862.36,53,2767.54,0.6,Noviembre,54630.04,alta
Ropa,856.72,47,1233.5,1.3,Julio,21861.19,alta
Alimentos,1431.88,419,4146.63,0.6,Septiembre,40220.39,alta
deportes,1045.85,236,3775.93,13.4,Agosto,8967.15,alta
Alimentos,1578.13,417,2742.25,43.1,Septiembre,8301.96,alta
Tecnologia,1500.1,262,524.16,31.3,Noviembre,35514.42,alta
Ropa,1086.88,396,4833.55,19.9,Junio,15566.77,alta
Tecnologia,1195.16,194,3247.62,12.9,Abril,6023.82,alta
Hogar,204.02,174,1531.83,11.6,Agosto,5966.2,alta
Ropa,1531.43,441,4375.36,11.5,Julio,18113.73,alta
Ropa,554.66,198,,36.3,Junio,16952.08,alta
Deportes,571.27,443,997.69,22.9,Noviembre,16635.93,alta
Tecnologia,1206.19,188,4310.3,24.6,Abril,39226.81,alta
Alimentos,1869.33,156,,33.3,Febrero,26306.32,alta
Ropa,1692.75,169,3490.2,44.3,Septiembre,140028.33662670277,alta
Deportes,1279.9,311,4976.67,49.8,Octubre,26247.3,alta
Ropa,400.95,334,4339.05,5.4,Octubre,9763.19,alta
Hogar,1145.52,139,2877.77,21.3,Julio,10226.98,alta
Alimentos,339.19,387,3162.75,41.3,Julio,176556.26934675453,alta
hogar,,154,2297.92,37.4,Noviembre,5092.78,alta
Tecnologia,1818.69,211,489.76,31.4,Julio,55160.86,alta
Deportes,1964.68,51,,14.8,Noviembre,25546.86,alta
Deportes,721.73,473,115.71,25.6,Abril,2743.6,media
Ropa,80.25,458,3195.51,24.6,Febrero,4636.88,media
Hogar,1105.93,460,2678.12,24.5,Noviembre,26171.77,alta
Alimentos,1178.55,159,,40.9,Diciembre,21791.46,alta
Tecnologia,1855.65,143,3896.75,34.9,Febrero,40738.19,alta
Hogar,518.76,488,3451.8,31.8,Noviembre,10599.6,alta
deportes,1677.92,450,574.16,32.0,Noviembre,200181.4637395841,alta
Ropa,1332.7,32,4730.98,27.2,Enero,27036.38,alta
Ropa,741.35,10,2646.92,11.7,Septiembre,22142.68,alta
Alimentos,234.71,349,4105.07,18.8,Septiembre,7565.82,alta
Ropa,1762.68,330,3568.32,37.4,Mayo,29157.39,alta
Ropa,1147.38,123,1876.55,38.3,Enero,170585.1973567574,alta
Alimentos,923.02,114,260.11,5.6,Marzo,9384.5,alta
Alimentos,1691.49,97,1840.42,35.8,Diciembre,50044.12,alta
Tecnologia,1271.4,131,2578.43,4.0,Octubre,34503.25,alta
Tecnologia,,412,1044.84,40.4,Mayo,3706.95,media
Tecnologia,630.26,255,3758.74,4.1,Abril,12785.16,alta
hogar,842.6,330,4359.97,17.3,Marzo,24288.41,alta
Ropa,1509.4,54,782.0,42.2,Mayo,21889.53,alta
Tecnologia,1497.34,206,3953.07,24.9,Diciembre,17505.39,alta
Tecnologia,1537.55,67,4689.99,3.4,Noviembre,15145.51,alta
Hogar,885.24,415,72.27,24.4,Febrero,12639.51,alta
Alimentos,260.66,458,930.56,43.3,Febrero,4165.56,media
Tecnologia,1413.23,118,452.03,39.6,Julio,9641.68,alta
Hogar,1546.31,199,3151.52,23.5,Abril,28987.61,alta
Ropa,514.05,244,3967.61,13.4,Septiembre,5842.42,alta
Alimentos,1930.09,433,451.71,41.4,Noviembre,24202.34,alta
Hogar,1366.05,22,1556.23,8.7,Marzo,6194.5,alta
Ropa,1653.63,212,4756.41,25.1,Julio,51730.55,alta
Ropa,122.52,253,3601.59,34.0,Octubre,5764.58,alta
Deportes,181.02,17,386.84,13.3,Septiembre,3789.99,media
Deportes,,220,2979.28,6.8,Noviembre,3185.91,media
Hogar,1475.03,160,1430.99,46.6,Junio,42058.65,alta
Hogar,1714.74,169,4243.65,32.3,Mayo,10459.85,alta
Hogar,,494,3966.22,7.7,Agosto,11692.87,alta
Hogar,1121.26,463,1732.11,38.9,Marzo,35637.78,alta
Alimentos,1890.28,269,781.91,9.8,Febrero,17781.84,alta
Hogar,881.05,358,2298.73,48.2,Octubre,8029.16,alta
Deportes,,495,3703.7,6.8,Marzo,5192.62,alta
alimentos,331.4,165,4078.84,32.3,Abril,8476.87,alta
Alimentos,1983.65,142,4591.48,45.8,Diciembre,19528.49,alta
Tecnologia,970.87,142,,12.5,Junio,5280.3,alta
Deportes,744.78,188,3445.98,17.6,Marzo,18645.4,alta
Deportes,982.22,314,2232.8,1.7,Febrero,23168.74,alta
Tecnologia,,170,1894.27,19.5,Febrero,6622.21,alta
Ropa,1561.02,464,2447.53,42.6,Febrero,180427.52150515013,alta
Tecnologia,1394.06,434,4428.76,4.9,Junio,13446.33,alta
Ropa,317.54,173,,47.4,Julio,140100.4840091487,alta
Deportes,1474.0,143,4250.75,25.6,Abril,32089.77,alta
Ropa,1587.98,138,3300.07,19.2,Mayo,16249.53,alta
Hogar,1151.22,358,3968.94,32.8,Septiembre,31246.68,alta
Deportes,,414,393.1,18.9,Enero,3806.49,media
Deportes,391.99,487,4202.91,9.4,Enero,6375.83,alta
Hogar,1353.31,276,1234.09,37.3,Julio,15709.5,alta
Hogar,1882.55,251,4528.19,6.4,Octubre,42192.39,alta
Tecnologia,1577.76,395,4796.69,40.0,Agosto,23513.46,alta
Hogar,1013.72,55,1804.68,41.7,Abril,16941.47,alta
Tecnologia,822.47,153,2399.54,34.9,Octubre,21937.18,alta
Tecnologia,1185.98,382,4104.19,7.2,Abril,19094.21,alta
Ropa,751.68,201,2122.22,1.4,Diciembre,4981.17,media
Ropa,1378.8,73,1533.64,20.2,Noviembre,25692.82,alta
Deportes,909.05,386,4330.57,11.1,Julio,20068.87,alta
Tecnologia,367.57,108,2303.41,3.9,Marzo,3857.57,media
Alimentos,1275.83,294,4961.41,26.6,Noviembre,7883.51,alta
Alimentos,113.22,468,4158.4,42.6,Junio,6187.78,alta
Ropa,504.66,67,4373.76,30.9,Febrero,14879.22,alta
Alimentos,1839.48,459,574.48,35.0,Marzo,27804.34,alta
ALIMENTOS,1830.16,116,3241.8,47.1,Octubre,12619.33,alta
Deportes,1900.43,327,,14.6,Agosto,22515.5,alta
Deportes,685.3,244,575.93,21.2,Julio,3375.57,media
tecnologia,1343.86,492,1818.69,20.1,Febrero,16261.79,alta
tecnologia,1291.24,363,1319.82,7.8,Julio,6456.41,alta
Hogar,,109,3432.45,28.9,Noviembre,11709.44,alta
Hogar,1476.5,275,265.83,45.9,Junio,23988.92,alta
Hogar,594.68,71,4682.78,11.3,Abril,18001.0,alta
Tecnologia,,94,4271.62,45.3,Enero,4370.2,media
ALIMENTOS,28.49,365,3686.68,1.4,Octubre,3684.41,media
Deportes,,220,3573.15,7.2,Agosto,20606.44,alta
Hogar,,105,1708.09,36.1,Diciembre,12357.52,alta
Hogar,1332.8,341,484.63,28.2,Octubre,12732.57,alta
Deportes,718.72,227,2856.55,45.8,Marzo,4251.14,media
Hogar,373.19,123,4482.1,3.4,Octubre,13479.78,alta
Deportes,892.5,473,,27.7,Junio,10630.51,alta
Alimentos,106.03,99,555.94,10.0,Agosto,2352.58,media
Alimentos,1425.24,174,4409.79,24.4,Abril,42468.78,alta
Tecnologia,211.79,386,4300.44,11.1,Marzo,5536.11,alta
ropa,1872.58,21,4113.79,5.7,Noviembre,146192.49582261365,alta
Tecnologia,1018.73,332,,48.2,Enero,33433.1,alta
Tecnologia,1384.31,466,3533.49,20.6,Septiembre,43917.66,alta
Tecnologia,85.84,260,3403.7,39.0,Agosto,4179.54,media
Ropa,,140,,15.5,Mayo,22138.7,alta
Hogar,223.91,8,3054.73,45.6,Abril,6670.1,alta
Ropa,840.7,497,1577.82,47.2,Noviembre,8892.57,alta
Hogar,1876.06,57,3596.26,49.8,Agosto,47661.89,alta
Ropa,1800.55,181,1003.12,11.4,Noviembre,33395.34,alta
Deportes,1025.49,239,507.84,36.6,Septiembre,5821.63,alta
Tecnologia,660.46,391,4222.71,29.4,Julio,21003.89,alta
Deportes,1084.77,369,4098.83,9.2,Mayo,23692.88,alta
Tecnologia,1494.13,365,2938.07,26.0,Julio,47108.96,alta
Ropa,36.25,12,2093.78,30.7,Mayo,2192.3,media
Deportes,1420.0,100,1723.26,0.9,Junio,35864.12,alta
Deportes,57.01,119,,8.5,Marzo,4442.04,media
Deportes,1617.59,425,765.99,8.1,Julio,47552.14,alta
Ropa,796.57,475,2572.62,23.1,Abril,25038.48,alta
Alimentos,1675.99,172,2301.95,33.9,Febrero,45446.61,alta
Tecnologia,618.17,237,4742.78,48.2,Mayo,220445.50067229857,alta
Deportes,895.75,335,3848.62,19.9,Diciembre,23133.71,alta
Tecnologia,223.23,387,3621.13,7.9,Enero,6732.84,alta
Alimentos,765.46,143,1717.73,49.2,Mayo,157304.0892728928,media
Alimentos,528.19,407,2713.77,8.7,Octubre,6812.72,alta
Tecnologia,27.2,397,2722.24,25.0,Noviembre,3294.13,media
Alimentos,1224.57,20,2063.99,41.2,Junio,30981.9,alta
Ropa,640.16,348,202.24,16.0,Junio,8424.56,alta
Tecnologia,619.56,262,2308.88,0.8,Mayo,12283.36,alta
Deportes,453.02,214,366.11,0.2,Mayo,5466.29,alta
Tecnologia,1854.79,72,,44.7,Agosto,26287.84,alta
Alimentos,1038.41,163,4796.11,9.1,Junio,26133.13,alta
Ropa,561.22,116,4816.15,44.9,Octubre,11912.97,alta
Hogar,,304,2974.2,43.0,Agosto,2737.93,media
Deportes,284.98,455,2805.61,43.5,Noviembre,9452.35,alta
Deportes,1561.66,418,4446.4,10.0,Diciembre,32346.2,alta
Ropa,516.02,209,2121.32,41.7,Septiembre,16531.6,alta
Deportes,1695.41,274,2784.69,20.4,Agosto,21787.71,alta
Tecnologia,676.15,37,461.75,29.7,Junio,13665.2,alta
Deportes,1058.36,463,2450.98,31.5,Marzo,9122.5,alta
Ropa,1400.12,448,784.47,16.5,Enero,33234.92,alta
Hogar,343.61,434,1486.26,31.3,Marzo,5698.68,alta
Ropa,266.24,466,2978.7,26.8,Abril,3750.25,media
Deportes,1677.91,418,,11.2,Noviembre,47840.49,alta
Ropa,1684.68,154,657.43,43.2,Febrero,43263.43,alta
Deportes,95.02,273,4631.24,16.1,Mayo,5112.84,alta
Deportes,306.36,460,2897.45,17.0,Agosto,4420.38,media
Ropa,1604.28,457,3813.66,22.2,Diciembre,7932.54,alta
Tecnologia,713.92,155,1062.84,12.7,Enero,17306.65,alta
Hogar,1769.95,475,4040.94,41.3,Julio,30427.78,alta
Alimentos,,212,,37.9,Febrero,33454.3,alta
Ropa,1173.35,475,3466.01,39.8,Mayo,31846.65,alta
Tecnologia,81.03,187,4630.87,21.2,Enero,5779.43,alta
Alimentos,524.62,238,,5.8,Abril,3619.06,media
Hogar,1920.48,133,,44.4,Agosto,58523.57,alta
Ropa,1056.48,14,3677.69,46.9,Diciembre,20624.24,alta
Alimentos,1837.88,373,933.22,47.6,Julio,8968.3,alta
Alimentos,369.57,35,16.19,38.6,Junio,2876.66,media
Tecnologia,1358.69,467,4677.44,22.5,Enero,42390.41,alta
Hogar,916.03,309,498.91,42.4,Septiembre,6451.54,alta
Tecnologia,722.78,295,1001.02,18.9,Marzo,8296.72,alta
Deportes,1276.16,402,3969.05,13.1,Enero,40192.3,alta
Deportes,450.09,223,,34.6,Febrero,6145.06,alta
Hogar,1638.21,499,2654.65,6.4,Abril,26088.77,alta
Deportes,78.88,409,3518.61,17.8,Agosto,5124.31,alta
Tecnologia,1753.53,178,3676.16,1.2,Febrero,215685.06223450322,alta
Deportes,976.9,445,4998.38,13.6,Diciembre,27360.47,alta
Tecnologia,1305.02,50,4593.48,24.9,Abril,21288.98,alta
Hogar,1131.17,264,239.79,39.5,Agosto,21217.07,alta
Tecnologia,684.11,359,1187.77,6.9,Agosto,7938.94,alta
Ropa,1855.11,418,2924.2,11.7,Enero,8028.95,alta
Tecnologia,1150.3,90,3222.96,38.1,Junio,29560.24,alta
Alimentos,229.04,490,2681.83,34.2,Diciembre,5134.04,alta
Ropa,1395.83,41,4094.86,39.6,Noviembre,43059.19,alta
Hogar,722.98,46,1167.14,16.0,Diciembre,20569.32,alta
Hogar,972.55,379,159.61,36.1,Marzo,21937.32,alta
Hogar,435.13,88,4970.36,8.9,Noviembre,10847.98,alta
Tecnologia,467.45,178,1280.19,48.2,Junio,13818.22,alta
Deportes,402.18,384,3462.58,36.0,Julio,6894.96,alta
Ropa,466.25,373,3094.57,29.2,Octubre,4879.46,media
Hogar,119.57,138,4838.28,43.4,Agosto,6700.33,alta
Tecnologia,1741.4,492,500.56,6.6,Febrero,21821.31,alta
Deportes,308.04,20,1185.0,21.8,Julio,9476.6,alta
Ropa,441.13,292,377.7,1.5,Febrero,10864.68,alta
Tecnologia,541.57,409,2940.46,28.9,Febrero,16574.07,alta
Tecnologia,580.77,292,75.44,14.8,Mayo,15401.26,alta
Ropa,968.05,90,2313.77,22.0,Mayo,7798.3,alta
Tecnologia,1350.78,125,3721.45,25.6,Abril,10244.52,alta
Ropa,1489.1,31,1239.28,44.8,Octubre,15566.55,alta
Tecnologia,960.06,491,1440.89,22.4,Marzo,13166.66,alta
ALIMENTOS,1101.8,447,3287.64,3.6,Enero,18871.19,alta
ALIMENTOS,78.94,283,4309.2,34.9,Mayo,5367.43,alta
Alimentos,,234,3038.41,41.7,Noviembre,3600.34,media
Ropa,1835.34,396,2415.92,27.4,Enero,50354.11,alta
Deportes,930.0,427,3605.31,17.8,Enero,11575.0,alta
Hogar,1762.21,448,4047.24,2.2,Mayo,37178.52,alta
Ropa,1428.95,15,2015.44,20.1,Diciembre,30479.5,alta
Deportes,556.89,222,,26.6,Enero,13530.23,alta
ALIMENTOS,795.55,252,1277.3,41.0,Noviembre,19438.66,alta
Deportes,1067.5,112,888.18,38.7,Abril,4904.17,media
tecnologia,1577.35,31,232.35,19.3,Junio,40156.38,alta
Alimentos,1293.97,488,4106.76,12.2,Mayo,9311.98,alta
Hogar,1373.25,98,161.02,25.6,Marzo,40000.43,alta
Hogar,932.32,191,4930.31,8.5,Abril,10046.95,alta
Ropa,1603.94,103,3232.74,39.1,Septiembre,32818.52,alta
Alimentos,1333.13,90,3872.67,6.6,Mayo,160544.42096942314,alta
Alimentos,84.66,134,4962.35,11.3,Septiembre,5350.69,alta
Alimentos,900.12,208,4655.61,41.6,Agosto,8379.08,alta
Tecnologia,313.51,196,228.96,32.5,Febrero,5504.39,alta
Deportes,217.61,175,4659.68,47.1,Enero,5674.19,alta
Tecnologia,756.73,487,3762.39,10.5,Agosto,9172.59,alta
Deportes,927.15,307,3317.33,11.8,Octubre,23722.33,alta
Alimentos,1168.07,443,4.23,22.2,Mayo,33819.35,alta
Deportes,1781.72,195,3669.45,1.8,Agosto,144143.190301515,alta
Tecnologia,1580.58,97,2424.69,40.3,Junio,17705.17,alta
Ropa,966.17,493,797.0,28.9,Agosto,25159.38,alta
TECNOLOGIA,1613.17,394,1943.6,2.5,Febrero,50617.27,alta
Hogar,80.48,304,3924.92,37.8,Septiembre,3872.69,media
Deportes,457.55,443,2205.9,7.2,Enero,15308.77,alta
Deportes,940.9,205,346.03,46.8,Noviembre,23528.44,alta
Ropa,877.49,256,3916.48,34.3,Mayo,24169.24,alta
HOGAR,1755.85,27,3738.84,46.8,Diciembre,12830.59,alta
Alimentos,290.31,238,4336.49,31.7,Julio,6385.11,alta
Tecnologia,515.56,311,2689.7,6.2,Agosto,16262.07,alta
Ropa,849.54,377,3616.42,42.7,Enero,16208.27,alta
Hogar,81.86,496,1492.99,18.5,Marzo,2481.54,media
Tecnologia,389.1,490,604.33,39.4,Agosto,5349.08,alta
Deportes,231.05,166,1418.91,26.8,Mayo,5306.39,alta
Ropa,1905.74,372,,10.3,Marzo,12829.8,alta
Hogar,552.48,478,4077.59,28.2,Junio,18892.63,alta
Ropa,636.79,288,3628.39,44.6,Abril,188982.79322228068,alta
Alimentos,387.56,317,3412.47,2.7,Junio,7987.96,alta
Hogar,1843.91,147,3031.37,27.2,Abril,36053.07,alta
Tecnologia,308.66,260,1127.4,18.9,Noviembre,6107.87,alta
Ropa,,57,1156.12,13.6,Junio,27244.86,alta
hogar,1631.34,498,4920.26,21.8,Octubre,43598.21,alta
Tecnologia,1825.34,497,3421.69,13.6,Agosto,53615.72,alta
Ropa,1002.13,141,,10.8,Septiembre,8954.93,alta
Alimentos,1651.36,169,2831.19,43.7,Julio,5436.52,alta
Deportes,382.44,93,3590.61,9.3,Febrero,4725.12,media
Deportes,1107.95,132,4985.42,32.5,Enero,24542.73,alta
Tecnologia,481.68,151,416.13,12.2,Mayo,9557.98,alta
Tecnologia,356.78,31,880.33,19.1,Mayo,4357.62,media
Ropa,1704.3,298,,27.1,Abril,37436.45,alta
Alimentos,1420.2,100,,41.3,Mayo,9979.81,alta
Ropa,876.84,30,1392.31,1.1,Junio,119985.31211359004,alta
Ropa,793.73,379,531.53,26.9,Marzo,16264.17,alta
Alimentos,376.62,182,4108.18,24.8,Abril,6612.32,alta
Deportes,1900.18,153,4507.3,43.7,Agosto,20368.38,alta
Tecnologia,1071.61,469,2934.21,42.2,Enero,18347.0,alta
DEPORTES,1906.0,106,920.83,0.3,Febrero,22995.48,alta
Alimentos,1244.48,164,3169.22,5.8,Septiembre,39556.82,alta
Tecnologia,1833.31,311,3079.42,20.6,Septiembre,57139.97,alta
Deportes,1973.6,496,4071.55,37.7,Noviembre,27438.61,alta
Deportes,550.88,381,4320.48,43.9,Junio,9472.04,alta
Tecnologia,573.88,110,2992.14,45.1,Febrero,5935.99,alta
Ropa,837.57,335,2368.9,11.2,Marzo,14554.55,alta
Hogar,1543.12,336,4870.55,0.1,Julio,12711.13,alta
Hogar,1026.93,282,2295.64,30.4,Mayo,14625.03,alta
Ropa,946.86,358,3627.67,8.5,Abril,26224.12,alta
Tecnologia,1392.52,400,538.26,29.9,Septiembre,16795.42,alta
Alimentos,592.19,399,193.2,35.2,Abril,16688.12,alta
Ropa,1575.49,427,1054.04,22.3,Mayo,32631.79,alta
Alimentos,398.14,349,3885.41,36.6,Abril,10419.66,alta
Deportes,660.99,409,,25.9,Abril,10754.08,alta
Deportes,437.66,416,1589.36,24.5,Noviembre,12371.72,alta
Alimentos,958.05,71,,16.5,Mayo,5622.98,alta
ROPA,1628.44,412,2153.82,46.0,Agosto,43668.81,alta
Alimentos,1892.08,169,2202.47,19.5,Marzo,10010.64,alta
Ropa,567.97,223,,17.5,Febrero,2859.56,media
Deportes,389.1,474,502.76,26.3,Febrero,12150.57,alta
Tecnologia,208.66,59,449.5,28.1,Mayo,6643.49,alta
Alimentos,1418.2,51,2612.14,44.6,Abril,26099.6,alta
Deportes,1172.82,88,,35.9,Noviembre,18951.26,alta
Tecnologia,1560.55,273,2815.03,3.9,Abril,39734.99,alta
Tecnologia,630.61,114,3155.28,11.9,Diciembre,6009.7,alta
Deportes,902.7,78,2220.86,37.2,Noviembre,5855.57,alta
Alimentos,,301,1130.42,21.8,Diciembre,19261.98,alta
Ropa,1426.04,343,3395.72,33.8,Enero,9185.77,alta
Tecnologia,351.23,230,1352.01,10.5,Noviembre,11580.87,alta
Ropa,1720.34,212,796.81,18.1,Febrero,19880.47,alta
deportes,751.28,397,3265.84,46.6,Abril,22434.75,alta
Alimentos,1642.74,26,3124.59,19.1,Enero,51179.33,alta
Tecnologia,1214.51,69,2494.53,15.2,Noviembre,27540.58,alta
Tecnologia,866.64,25,4117.58,41.2,Julio,8322.79,alta
Tecnologia,1754.57,247,3157.49,34.8,Noviembre,27751.06,alta
Alimentos,721.96,244,3382.29,46.3,Marzo,14878.69,alta
Ropa,,168,4381.99,3.3,Abril,32228.17,alta
Tecnologia,779.02,104,4733.45,1.2,Mayo,25851.41,alta
Tecnologia,,75,125.77,46.7,Junio,7430.99,alta
deportes,59.34,281,2224.65,33.0,Julio,3005.41,media
Ropa,1197.79,339,3729.67,34.1,Agosto,34228.72,alta
Deportes,1610.84,101,1258.02,27.4,Enero,20391.69,alta
Deportes,420.18,123,901.85,3.5,Febrero,10649.35,alta
Ropa,1686.84,411,4559.2,28.7,Mayo,35857.25,alta
Alimentos,860.43,273,814.41,37.0,Mayo,15914.79,alta
Ropa,1368.43,356,2019.89,6.7,Octubre,4900.34,media
Hogar,86.83,482,3308.48,16.2,Noviembre,4266.16,media
Ropa,115.03,202,2169.06,6.7,Diciembre,3251.24,media
Alimentos,1427.11,117,1384.6,36.7,Abril,31720.92,alta
Ropa,179.9,106,3119.51,46.4,Febrero,2822.63,media
Ropa,687.78,162,4913.97,21.0,Enero,10341.96,alta
Ropa,678.01,194,3798.94,15.4,Mayo,17547.71,alta
Alimentos,,398,4940.6,17.8,Marzo,28989.35,alta
Deportes,1383.24,349,971.99,25.2,Agosto,31328.57,alta
Alimentos,969.09,109,946.25,20.6,Diciembre,13000.59,alta
Ropa,1696.75,227,1450.5,42.5,Diciembre,23370.03,alta
Alimentos,486.27,410,74.16,11.0,Marzo,3903.25,media
Deportes,681.75,66,1693.73,13.6,Febrero,6001.44,alta
Ropa,1272.74,106,2544.81,47.5,Junio,8320.32,alta
Tecnologia,1575.68,84,581.98,29.9,Julio,41552.48,alta
Hogar,1053.27,151,1275.89,42.4,Noviembre,9036.6,alta
Hogar,1038.71,77,3066.67,20.9,Marzo,144049.0442620702,alta
Alimentos,1077.65,350,3422.25,35.4,Noviembre,25877.09,alta
Ropa,825.56,337,4120.82,6.6,Septiembre,17378.02,alta
Hogar,229.74,334,1940.59,2.6,Noviembre,4860.4,media
Hogar,1826.43,161,3505.65,3.6,Julio,49019.11,alta
Hogar,1792.91,235,,39.0,Mayo,7374.14,alta
Ropa,1763.53,315,4584.11,18.4,Julio,54426.81,alta
Ropa,289.79,362,4457.47,13.4,Diciembre,6986.05,alta
Ropa,166.76,284,94.75,32.7,Febrero,2178.92,media
Alimentos,1052.66,403,4656.75,42.9,Febrero,10588.47,alta
Deportes,841.58,266,496.8,44.6,Mayo,11052.85,alta
Tecnologia,958.09,473,2924.59,23.0,Noviembre,13870.84,alta
Tecnologia,750.01,145,418.24,20.3,Febrero,7382.09,alta
Alimentos,1491.13,290,765.79,28.2,Octubre,12466.25,alta
Hogar,1932.16,360,2152.24,10.9,Septiembre,15074.47,alta
Deportes,1342.39,221,3926.12,37.2,Febrero,19236.7,alta
Tecnologia,347.01,222,1750.46,38.2,Diciembre,6079.31,alta
Ropa,737.04,175,2383.4,40.9,Julio,4540.47,media
Deportes,1277.94,412,,26.8,Enero,36734.22,alta
Deportes,1214.81,240,1735.03,22.9,Junio,15588.79,alta
Alimentos,135.88,466,1601.29,26.3,Mayo,3771.28,media
Deportes,1548.64,47,362.24,18.2,Septiembre,34753.12,alta
Hogar,,404,464.81,5.5,Septiembre,4908.3,media
Alimentos,1514.98,67,1574.13,31.8,Enero,41545.73,alta
Tecnologia,,380,229.51,30.5,Diciembre,15181.21,alta
Tecnologia,1090.5,139,868.68,26.9,Julio,11533.34,alta
Tecnologia,886.57,416,1192.51,39.3,Junio,27678.2,alta
Alimentos,1244.31,346,484.21,25.7,Enero,20158.97,alta
Deportes,,399,4598.01,3.0,Julio,28722.13,alta
Hogar,668.9,411,,16.2,Diciembre,5702.39,alta
Alimentos,775.74,281,2327.17,35.7,Septiembre,19537.87,alta
Ropa,237.61,34,4077.19,41.6,Febrero,8163.01,alta
Hogar,646.61,144,893.76,33.2,Abril,3495.08,media
Hogar,962.71,324,2698.27,14.2,Septiembre,23079.26,alta
Deportes,878.68,189,,23.2,Agosto,11117.43,alta
Hogar,1112.26,244,2701.93,10.6,Marzo,11522.58,alta
Hogar,1267.48,23,3459.66,10.5,Agosto,37350.49,alta
Tecnologia,684.05,262,3765.3,11.8,Diciembre,9742.42,alta
deportes,927.03,451,1927.24,17.9,Marzo,18056.59,alta
Tecnologia,1296.26,173,4351.41,16.0,Octubre,196813.20586489094,alta
Tecnologia,1634.15,476,1883.06,3.6,Mayo,26023.88,alta
Ropa,85.56,129,4876.07,12.0,Mayo,6248.71,alta
Ropa,172.88,359,3939.82,23.9,Noviembre,8114.25,alta
Alimentos,340.62,412,2264.33,40.3,Septiembre,4480.7,media
Tecnologia,1729.06,142,700.49,24.3,Julio,7167.42,alta
Alimentos,752.76,156,4163.16,25.3,Diciembre,22455.25,alta
Alimentos,1630.4,146,1641.62,34.7,Octubre,47319.49,alta
Tecnologia,1358.89,135,1856.64,24.4,Marzo,14348.62,alta
Alimentos,150.06,131,1385.62,6.3,Septiembre,5292.77,alta
Deportes,657.46,495,2688.46,28.2,Marzo,7408.43,alta
Deportes,,278,298.96,18.9,Noviembre,7930.4,alta
Deportes,1381.19,388,1791.75,39.5,Noviembre,9901.14,alta
Ropa,1419.07,26,2790.65,20.4,Mayo,13798.47,alta
Deportes,1343.95,21,904.93,2.3,Septiembre,168360.817006629,alta
Alimentos,1325.9,360,4788.08,2.2,Septiembre,11625.48,alta
Alimentos,62.29,164,4508.48,28.8,Enero,4402.43,media
Hogar,1548.37,102,4510.87,43.3,Junio,25153.28,alta
Ropa,1773.5,332,2902.06,17.0,Enero,40234.2,alta
Alimentos,1107.49,64,537.38,38.4,Noviembre,27915.75,alta
Hogar,1307.61,244,4680.68,24.0,Diciembre,7518.94,alta
Deportes,448.09,333,395.27,24.5,Diciembre,12623.88,alta
Alimentos,11.54,36,4725.77,31.1,Noviembre,2945.39,media
Tecnologia,1571.99,105,295.98,12.8,Octubre,35296.88,alta
Deportes,1231.67,299,4446.45,31.5,Febrero,25783.65,alta
ropa,1334.05,239,4988.36,18.4,Julio,22923.24,alta
Hogar,1680.89,58,1599.89,0.8,Diciembre,27494.72,alta
Deportes,1055.87,263,4786.19,32.8,Diciembre,33933.19,alta
Alimentos,,266,3060.34,18.3,Mayo,50355.15,alta
Deportes,1891.21,373,4280.92,9.5,Septiembre,49504.73,alta
Tecnologia,575.23,113,537.85,41.6,Mayo,10474.31,alta
Ropa,1248.52,419,1555.22,19.7,Diciembre,14213.92,alta
Alimentos,1391.08,21,4002.67,6.0,Abril,17133.79,alta
Tecnologia,34.18,321,3777.94,14.3,Febrero,3759.8,media
Alimentos,915.64,467,294.14,28.2,Abril,13318.57,alta
Tecnologia,746.96,267,1419.78,43.2,Abril,16458.26,alta
Deportes,1954.47,450,2108.88,24.6,Abril,33311.84,alta
Deportes,1793.87,215,3406.31,7.3,Marzo,53630.08,alta
Ropa,972.12,311,196.86,37.3,Marzo,7663.6,alta
Alimentos,92.96,62,496.53,37.8,Enero,1247.99,baja
Alimentos,1901.54,488,,47.6,Abril,49833.99,alta
Tecnologia,1940.86,158,4038.47,3.2,Abril,16967.42,alta
hogar,294.2,96,4083.76,12.5,Julio,6930.51,alta
Deportes,1750.51,428,357.75,36.1,Diciembre,47600.67,alta
Alimentos,14.51,193,1277.48,10.6,Septiembre,1685.83,media
Alimentos,752.8,86,2639.08,25.1,Abril,4862.87,media
Alimentos,761.38,326,829.1,4.3,Marzo,22821.79,alta
Tecnologia,512.08,356,737.1,4.2,Marzo,4464.4,media
Alimentos,86.69,158,1990.32,24.5,Mayo,2777.98,media
Alimentos,1797.41,170,4109.95,31.0,Septiembre,54150.37,alta
Hogar,1508.48,316,4341.52,38.6,Febrero,10420.48,alta
Ropa,883.57,263,359.84,48.7,Octubre,14183.8,alta
Tecnologia,576.27,115,4298.47,26.4,Abril,16182.63,alta
Ropa,259.32,329,970.98,38.3,Agosto,4293.94,media
Hogar,230.53,331,,41.4,Mayo,6272.43,alta
Alimentos,,401,1747.94,35.6,Febrero,14459.06,alta
Hogar,,44,1555.03,45.6,Diciembre,27220.07,alta
Deportes,969.66,241,1056.05,14.9,Julio,27689.64,alta
Hogar,1957.36,412,2555.14,3.0,Junio,10484.93,alta
Alimentos,27.11,431,,42.7,Julio,1607.03,media
Ropa,708.87,52,3544.41,36.4,Abril,12602.72,alta
Ropa,1570.27,73,382.42,26.0,Agosto,33509.32,alta
Deportes,1964.73,488,3132.96,40.9,Junio,44244.36,alta
Tecnologia,1986.03,5,1345.88,25.2,Septiembre,32798.52,alta
Ropa,1864.67,359,,5.8,Marzo,38011.05,alta
Tecnologia,1272.03,155,4692.83,30.9,Octubre,28708.97,alta
Deportes,1628.26,473,4799.95,5.2,Abril,47423.18,alta
Tecnologia,1796.8,210,2404.9,11.6,Enero,55150.72,alta
Alimentos,827.01,379,4892.07,48.7,Abril,23799.99,alta
Alimentos,85.73,133,98.66,34.0,Mayo,100.0,baja
Hogar,810.2,185,1952.29,20.0,Agosto,7297.85,alta
Deportes,290.85,107,829.01,9.4,Agosto,4036.6,media
Ropa,1981.49,305,429.28,1.6,Febrero,37352.03,alta
Deportes,197.51,497,3063.82,23.1,Septiembre,7145.22,alta
Ropa,1027.9,216,3802.99,5.4,Enero,23739.93,alta
Alimentos,93.89,304,,12.1,Marzo,2806.19,media
Hogar,861.6,54,2975.76,1.0,Marzo,9456.31,alta
Hogar,1736.34,489,1874.09,2.0,Octubre,6831.07,alta
Hogar,1486.5,422,3079.67,43.2,Marzo,35210.52,alta
Hogar,1932.56,91,,45.4,Junio,195457.5647145444,alta
Alimentos,1452.25,319,518.08,36.9,Diciembre,41458.94,alta
Alimentos,1048.98,74,123.15,4.0,Abril,25353.54,alta
Tecnologia,866.64,380,3993.64,43.8,Mayo,15289.32,alta
Hogar,678.9,245,3082.4,44.4,Octubre,8002.42,alta
Ropa,1963.11,421,,46.8,Marzo,54287.83,alta
Alimentos,736.77,358,2492.69,42.3,Marzo,23320.58,alta
Deportes,1490.61,69,4418.95,22.6,Mayo,16530.19,alta
Hogar,893.66,54,3514.12,42.3,Enero,11413.72,alta
Tecnologia,49.97,482,417.58,18.7,Marzo,2269.94,media
Deportes,1654.78,102,4426.79,27.1,Agosto,7030.26,alta
Alimentos,1149.7,376,2052.1,40.7,Agosto,12836.36,alta
ALIMENTOS,,70,3548.96,49.8,Diciembre,4716.33,media
Ropa,1780.23,51,1639.52,44.4,Julio,31847.56,alta
Ropa,1294.89,225,1293.47,5.1,Noviembre,33192.54,alta
Alimentos,1615.61,452,3218.26,9.5,Diciembre,39237.15,alta
Hogar,,68,3200.8,12.8,Julio,9602.38,alta
Hogar,1019.17,315,111.93,6.5,Octubre,3979.65,media
Deportes,741.74,104,3459.5,30.5,Junio,11000.7,alta
Tecnologia,1415.23,148,3845.66,19.6,Mayo,16529.47,alta
Tecnologia,918.44,259,2459.6,14.7,Abril,27472.51,alta
Tecnologia,384.96,153,383.74,42.6,Mayo,4582.72,media
Hogar,1432.1,283,3436.96,0.3,Marzo,11292.21,alta
Alimentos,,152,890.29,29.0,Marzo,872.91,baja
Hogar,441.93,364,1215.99,45.6,Febrero,6534.05,alta
Tecnologia,,161,3691.89,19.4,Julio,4521.61,media
Deportes,961.8,169,2555.51,39.3,Marzo,10645.24,alta
Deportes,754.18,429,2332.01,11.9,Febrero,16378.37,alta
Ropa,628.48,444,810.43,1.4,Enero,6064.92,alta
Ropa,,452,1410.66,0.8,Junio,44323.73,alta
Deportes,1349.42,242,2550.84,14.2,Mayo,10320.18,alta
Ropa,168.24,280,2535.37,5.5,Mayo,4026.54,media
Deportes,1554.71,412,4944.89,48.3,Febrero,25380.25,alta
TECNOLOGIA,,17,2214.92,44.9,Diciembre,13020.95,alta
Alimentos,932.77,391,56.67,7.1,Abril,16591.83,alta
Tecnologia,630.2,366,1285.09,18.3,Agosto,15592.96,alta
Deportes,474.04,238,1779.25,2.0,Diciembre,6822.93,alta
Ropa,1603.25,259,4300.13,15.4,Julio,19134.25,alta
Hogar,,149,3646.64,4.4,Septiembre,3866.17,media
Hogar,1531.84,226,219.01,7.2,Agosto,7909.69,alta
Alimentos,1458.1,189,368.99,49.9,Noviembre,34736.03,alta
Alimentos,275.67,109,3009.23,4.8,Octubre,8188.31,alta
Ropa,1497.69,239,3782.7,4.4,Octubre,38957.63,alta
Hogar,747.07,102,1164.78,0.6,Agosto,13416.46,alta
Ropa,56.05,395,4160.23,47.8,Febrero,4502.41,media
Hogar,360.26,44,4343.96,16.9,Septiembre,6560.94,alta
Ropa,1849.5,253,3600.69,5.5,Agosto,7678.37,alta
Ropa,1213.04,114,1964.1,16.3,Octubre,22282.4,alta
Alimentos,1020.85,426,547.82,22.8,Septiembre,19251.93,alta
Ropa,,388,419.05,23.4,Abril,6305.05,alta
Ropa,415.7,470,3221.82,45.4,Octubre,7678.67,alta
Ropa,145.26,37,1983.54,39.4,Julio,5205.99,alta
Tecnologia,898.22,350,1774.82,40.8,Marzo,15106.23,alta
Tecnologia,340.79,307,1741.48,30.2,Septiembre,5241.12,alta
Alimentos,1251.08,158,3364.59,41.3,Junio,39263.27,alta
Hogar,1994.9,169,363.27,22.5,Agosto,41589.03,alta
Ropa,1796.25,347,1554.5,42.8,Marzo,6099.89,alta
Deportes,1122.01,126,4627.04,16.7,Enero,19678.08,alta
Deportes,1624.6,273,827.32,21.7,Enero,8199.23,alta
Deportes,1486.17,427,1408.96,30.7,Junio,42790.92,alta
Alimentos,701.44,341,1332.18,29.7,Enero,5546.59,alta
Hogar,1224.64,167,209.51,7.6,Febrero,7197.0,alta
Alimentos,778.01,155,1313.49,18.1,Julio,17378.72,alta
Alimentos,,379,576.0,11.2,Abril,9690.51,alta
Alimentos,1155.79,351,195.05,30.4,Febrero,16804.89,alta
Deportes,1247.54,473,1907.91,7.9,Febrero,9112.75,alta
Tecnologia,25.32,385,4731.6,44.1,Julio,3993.38,media
ROPA,263.11,270,2848.6,37.2,Enero,5120.21,alta
Tecnologia,1770.98,481,468.36,34.2,Octubre,44816.22,alta
Ropa,1604.24,389,3330.88,41.0,Enero,43596.24,alta
Deportes,863.62,263,3710.65,36.1,Enero,9983.66,alta
Ropa,1968.62,224,1487.6,19.5,Noviembre,53935.16,alta
Ropa,244.11,310,907.67,35.1,Junio,2508.97,media
Hogar,,169,3666.28,47.6,Diciembre,18935.89,alta
Ropa,1953.38,321,4084.97,21.8,Marzo,22605.51,alta
Deportes,993.73,30,,31.2,Octubre,11878.99,alta
Ropa,692.47,9,2379.99,43.9,Abril,10104.12,alta
tecnologia,88.99,25,715.01,31.2,Diciembre,2743.62,media
Tecnologia,1261.12,245,146.67,25.0,Octubre,3490.23,media
Deportes,978.2,417,,39.9,Octubre,6214.05,alta
Tecnologia,447.38,497,1027.07,30.7,Marzo,171804.0926596713,media
Ropa,1713.61,475,1018.11,10.6,Febrero,43366.92,alta
Tecnologia,1523.06,347,2139.15,7.5,Febrero,6512.46,alta
Deportes,322.79,275,2515.4,8.6,Junio,3741.84,media
Deportes,306.87,190,,45.9,Enero,9637.29,alta
Hogar,821.99,487,4657.53,9.6,Agosto,16390.34,alta
Hogar,1408.15,391,3195.49,2.0,Octubre,30935.9,alta
Tecnologia,1750.33,223,3218.54,20.7,Abril,17308.03,alta
Deportes,117.72,278,4102.88,47.8,Agosto,6215.18,alta
Alimentos,,255,1563.51,13.2,Mayo,6772.75,alta
Hogar,1069.51,344,2413.89,32.2,Abril,7795.23,alta
Hogar,645.18,51,4020.53,9.1,Marzo,15214.44,alta
Ropa,649.45,56,,27.7,Octubre,21771.89,alta
Hogar,437.72,152,3686.03,40.7,Mayo,10592.04,alta
Deportes,635.5,168,4740.08,5.9,Julio,5198.36,alta
Alimentos,443.18,250,2106.56,31.3,Abril,12719.13,alta
Ropa,880.1,143,4432.11,9.0,Octubre,26665.57,alta
Tecnologia,1228.93,312,1506.59,3.1,Octubre,12890.19,alta
Ropa,1979.72,302,714.1,0.7,Abril,9316.49,alta
Ropa,1660.49,311,1846.02,10.6,Marzo,14901.87,alta
Hogar,44.67,482,,34.8,Septiembre,2991.94,media
Tecnologia,1702.26,401,1155.37,20.0,Mayo,31862.99,alta
Hogar,196.14,282,,30.7,Febrero,9143.29,alta
Hogar,1059.57,8,2622.79,29.5,Marzo,33451.31,alta
Hogar,710.1,244,2673.41,21.7,Marzo,22096.72,alta
Hogar,1249.33,481,3769.61,40.2,Febrero,19466.23,alta
Alimentos,1372.21,395,328.15,15.6,Mayo,15036.64,alta
Tecnologia,1072.48,275,,2.7,Noviembre,26538.8,alta
Deportes,1413.3,48,3964.6,49.3,Junio,23155.05,alta
Deportes,600.79,67,4068.1,3.9,Junio,11409.63,alta
Tecnologia,1899.19,207,2705.63,31.9,Abril,40699.76,alta
Hogar,1185.9,269,,9.2,Septiembre,34743.31,alta
Alimentos,1778.64,351,,32.7,Noviembre,31370.67,alta
Deportes,658.29,324,2719.2,38.9,Junio,18186.79,alta
ALIMENTOS,941.05,439,2051.04,16.6,Febrero,16643.11,alta
Hogar,199.21,306,,25.6,Octubre,2920.6,media
Hogar,54.81,104,297.06,15.8,Diciembre,1821.13,media
Ropa,1731.17,53,3174.12,43.8,Abril,35773.46,alta
Hogar,343.85,471,3658.87,42.0,Febrero,8354.07,alta
Ropa,1457.26,202,3372.42,17.8,Noviembre,35076.97,alta
Alimentos,1582.77,493,4414.97,16.2,Enero,43387.2,alta
Tecnologia,1635.37,439,4267.59,4.0,Septiembre,29611.56,alta
Deportes,1611.72,288,1505.14,27.2,Mayo,32724.09,alta
Deportes,1154.09,142,1653.17,9.5,Noviembre,7481.05,alta
Deportes,161.0,115,4241.41,43.7,Octubre,6521.93,alta
Hogar,305.64,40,,21.0,Julio,4333.25,media
Tecnologia,702.16,34,4218.55,35.6,Julio,19210.45,alta
Ropa,1890.53,128,648.9,2.0,Febrero,41496.34,alta
Deportes,1694.8,110,1788.34,44.6,Octubre,26242.29,alta
Alimentos,184.48,101,1223.0,45.5,Marzo,1527.21,media
Tecnologia,1461.54,145,2585.94,47.0,Enero,43787.78,alta
Hogar,209.41,345,2527.49,24.8,Febrero,7748.38,alta
Tecnologia,426.63,454,1994.36,22.5,Agosto,8348.24,alta
Ropa,607.18,423,2524.5,17.9,Mayo,15236.47,alta
Deportes,1231.7,8,2430.1,36.6,Diciembre,13878.88,alta
Deportes,1548.63,434,1907.72,39.8,Junio,28921.87,alta
Ropa,1056.08,123,4705.7,10.6,Septiembre,24723.03,alta
Hogar,1805.11,222,1602.58,22.7,Diciembre,24701.53,alta
Deportes,1269.42,33,1591.22,39.5,Junio,6263.61,alta
Tecnologia,1613.76,284,1554.67,21.0,Marzo,12208.46,alta
Alimentos,1656.83,434,258.25,49.8,Julio,20020.17,alta
Hogar,783.29,131,,39.2,Junio,7531.08,alta
Ropa,461.28,146,2853.93,37.1,Diciembre,15899.29,alta
Tecnologia,1722.07,360,4837.94,29.3,Junio,45310.98,alta
Tecnologia,1611.68,61,225.17,16.4,Mayo,5940.64,alta
Deportes,109.05,376,69.59,15.3,Enero,2862.67,media
DEPORTES,1467.53,250,3860.77,20.1,Septiembre,20333.37,alta
Hogar,179.1,112,1598.35,33.2,Abril,186525.0902899185,media
Ropa,,373,2813.17,2.9,Noviembre,14701.0,alta
Ropa,1096.31,274,2848.35,35.9,Agosto,30669.43,alta
Tecnologia,299.35,131,90.56,8.7,Marzo,149033.56265260317,media
Deportes,1783.52,387,4650.9,8.5,Febrero,32806.79,alta
Alimentos,1364.22,464,,29.4,Diciembre,169053.3229898722,alta
Deportes,1199.01,213,,37.2,Noviembre,12439.45,alta
alimentos,1957.22,124,3889.04,14.5,Junio,34493.93,alta
tecnologia,1817.17,204,2238.84,32.0,Octubre,5881.28,alta
Ropa,641.96,308,,32.9,Julio,14526.44,alta
Alimentos,1952.89,37,,13.5,Agosto,58592.43,alta
Tecnologia,146.85,178,3959.43,14.7,Mayo,5402.73,alta
Deportes,270.22,366,419.15,20.9,Agosto,8163.11,alta
Ropa,579.29,361,2280.28,2.6,Julio,8047.93,alta
Hogar,1103.43,210,4066.65,42.1,Agosto,12295.13,alta
Deportes,1456.1,237,4932.49,10.0,Abril,40641.46,alta
Ropa,402.73,143,177.8,0.5,Agosto,7400.17,alta
Tecnologia,426.87,309,3913.92,39.6,Enero,15157.05,alta
Deportes,1971.62,286,39.09,17.4,Enero,57944.0,alta
Alimentos,1011.0,55,1186.04,45.2,Diciembre,3698.28,media
Alimentos,1139.36,108,2140.37,16.5,Enero,31383.05,alta
Hogar,1184.13,31,2831.41,7.4,Diciembre,23901.2,alta
Ropa,1965.82,283,3595.93,20.0,Junio,43696.61,alta
Alimentos,1590.51,416,2847.02,5.2,Junio,33294.43,alta
Ropa,1365.31,443,109.13,23.5,Junio,18260.33,alta
Tecnologia,1871.12,313,1887.2,9.4,Julio,15567.58,alta
Tecnologia,,410,2635.67,43.3,Febrero,30301.67,alta
Hogar,899.34,387,2021.26,20.6,Agosto,23400.83,alta
Hogar,1348.22,197,1830.74,12.9,Febrero,10461.52,alta
Alimentos,787.25,228,,34.6,Abril,13424.6,alta
Alimentos,930.41,356,1847.12,28.9,Diciembre,18445.22,alta
Hogar,1794.3,273,3732.44,44.3,Diciembre,42149.72,alta
Ropa,987.86,298,3975.21,38.0,Septiembre,21138.76,alta
Hogar,756.18,245,657.6,25.1,Julio,15088.92,alta
TECNOLOGIA,1461.85,57,4454.78,50.0,Febrero,10143.34,alta
Hogar,76.28,142,3040.1,45.7,Abril,2913.86,media
Tecnologia,1964.9,50,4152.82,14.3,Octubre,17510.93,alta
Tecnologia,1749.05,97,998.03,41.5,Abril,29987.45,alta
Deportes,912.88,43,1224.22,49.6,Enero,6985.71,alta
Hogar,19.5,372,2071.47,42.1,Abril,2154.64,media
Ropa,922.24,499,3400.66,32.1,Septiembre,7367.56,alta
Tecnologia,1651.61,138,1567.4,28.8,Noviembre,24122.74,alta
Tecnologia,525.17,261,4081.6,0.1,Mayo,6278.06,alta
Hogar,1008.44,34,3584.07,0.9,Septiembre,27654.29,alta
Deportes,1216.76,258,4991.6,34.9,Enero,39128.98,alta
Alimentos,822.69,230,2407.32,2.3,Septiembre,21201.37,alta
Hogar,223.01,327,507.14,14.2,Mayo,6284.05,alta
Tecnologia,1481.97,298,887.37,35.6,Diciembre,34621.77,alta
DEPORTES,562.93,338,3970.66,2.1,Febrero,12157.3,alta
Deportes,1067.04,460,2824.97,19.9,Octubre,24859.7,alta
Deportes,209.7,357,,38.5,Febrero,6675.36,alta
deportes,954.16,204,2920.14,44.8,Septiembre,28897.26,alta
Tecnologia,46.46,264,2127.75,40.6,Julio,1989.45,media
Ropa,195.06,367,2080.38,16.9,Abril,4858.44,media
Alimentos,,415,4876.29,8.7,Agosto,26050.16,alta
Ropa,949.27,27,3128.61,0.5,Julio,13610.51,alta
Ropa,428.6,377,,48.8,Septiembre,6092.94,alta
Hogar,1094.6,244,1186.46,13.1,Julio,33891.25,alta
Deportes,1246.14,172,1027.22,18.2,Abril,13526.61,alta
Alimentos,426.35,134,117.48,15.8,Diciembre,9103.01,alta
Ropa,171.01,138,4321.08,49.7,Noviembre,5217.76,alta
Deportes,60.99,399,630.95,34.7,Febrero,130435.16457484283,media
Tecnologia,1437.84,383,3131.26,39.5,Abril,6672.39,alta
Ropa,1882.01,199,4487.94,30.1,Diciembre,25529.17,alta
Alimentos,833.75,394,4782.91,22.0,Septiembre,26656.11,alta
Deportes,1911.06,459,1808.65,27.7,Junio,21599.58,alta
Ropa,657.25,306,,30.0,Noviembre,13804.31,alta
hogar,1002.39,331,2199.96,31.4,Julio,8321.51,alta
Alimentos,958.54,194,173.49,19.2,Mayo,5440.25,alta
Deportes,1210.59,442,2261.05,11.6,Septiembre,18578.26,alta
Alimentos,884.05,482,2243.93,27.2,Mayo,4524.92,media
Alimentos,984.98,247,1479.46,23.5,Febrero,9397.61,alta
Deportes,736.42,474,3555.87,35.1,Noviembre,16686.16,alta
Tecnologia,1283.25,382,3548.02,3.6,Abril,41850.53,alta
Hogar,,104,3607.45,1.2,Noviembre,14457.4,alta
Alimentos,1648.11,364,415.42,39.5,Junio,41771.37,alta
Tecnologia,1106.36,440,,13.3,Abril,30962.01,alta
Tecnologia,1307.86,229,4993.24,26.7,Diciembre,22076.86,alta
Ropa,1065.51,143,3246.74,6.3,Enero,7985.4,alta
Ropa,1981.69,116,155.52,2.1,Septiembre,55926.27,alta
Hogar,1690.02,358,2783.21,21.4,Marzo,8888.46,alta
Hogar,,426,2892.97,22.2,Junio,15189.94,alta
Ropa,991.67,408,4513.81,26.6,Abril,16516.81,alta
Ropa,960.59,326,2049.91,36.7,Septiembre,27265.21,alta
Ropa,361.47,441,2948.7,13.0,Noviembre,9586.8,alta
TECNOLOGIA,1589.48,61,1258.8,43.3,Agosto,42915.41,alta
Ropa,1031.38,224,4896.56,30.3,Enero,16202.85,alta
Tecnologia,413.73,162,478.78,35.5,Diciembre,3967.7,media
Ropa,1489.62,454,1896.58,43.1,Septiembre,33332.82,alta
Deportes,1906.0,106,920.83,0.3,Febrero,22995.48,alta
Tecnologia,1453.13,79,69.8,48.5,Mayo,37250.51,alta
Hogar,205.73,133,4527.58,33.5,Enero,6399.49,alta
Ropa,1094.23,305,834.71,18.8,Octubre,11596.74,alta
Deportes,731.83,300,3263.02,31.0,Julio,20787.32,alta
DEPORTES,1221.35,377,451.7,34.4,Mayo,26559.25,alta
Tecnologia,93.52,379,4999.79,5.5,Abril,5745.76,alta
Ropa,1848.67,96,4937.48,42.4,Julio,8649.02,alta
Tecnologia,1428.84,134,3246.51,44.2,Octubre,36419.42,alta
Ropa,618.26,191,1966.7,44.7,Octubre,11696.56,alta
Tecnologia,170.68,232,2053.07,42.4,Febrero,4129.91,media
Ropa,295.87,65,,23.8,Marzo,4230.61,media
Hogar,378.2,413,1887.82,10.5,Abril,8687.72,alta
Tecnologia,646.8,252,3374.6,48.4,Julio,20909.01,alta
HOGAR,437.1,413,1258.24,48.5,Agosto,4583.55,media
Alimentos,1254.37,436,,38.9,Febrero,15122.99,alta
Tecnologia,867.83,177,2062.67,28.0,Noviembre,8079.08,alta
Tecnologia,356.55,85,3253.03,22.6,Diciembre,125487.78803371545,alta
Deportes,1900.64,388,4865.24,22.2,Mayo,36937.05,alta
Hogar,,384,4771.42,40.7,Julio,14560.27,alta
Tecnologia,731.13,193,1330.47,38.1,Julio,14618.33,alta
Deportes,253.09,118,,18.5,Febrero,6344.6,alta
hogar,1662.98,360,,42.0,Mayo,18801.18,alta
Alimentos,1176.93,482,2731.85,33.5,Junio,24934.68,alta
Ropa,185.73,259,1847.98,18.4,Junio,6137.48,alta
Ropa,467.65,121,820.73,22.4,Diciembre,7900.09,alta
Tecnologia,617.57,91,4373.66,1.7,Febrero,8618.7,alta
alimentos,1666.59,175,3356.76,45.4,Enero,46332.86,alta
Deportes,304.69,27,2745.9,21.7,Septiembre,3279.75,media
Ropa,1721.25,267,3973.86,30.1,Noviembre,29322.82,alta
Ropa,,33,2340.05,40.9,Agosto,10838.01,alta
Hogar,1783.12,346,,13.9,Julio,14882.17,alta
Tecnologia,1882.12,348,4033.25,25.6,Abril,56809.72,alta
Deportes,1607.64,165,399.89,48.5,Julio,37112.34,alta
Alimentos,1981.7,418,3174.96,32.1,Octubre,12285.58,alta
Ropa,1588.18,70,2961.27,34.4,Enero,37404.12,alta
Deportes,24.02,289,262.07,45.2,Abril,213142.5935848541,baja
Tecnologia,400.56,478,4272.0,22.1,Septiembre,8986.02,alta
Ropa,976.79,115,2648.24,36.8,Abril,19992.07,alta
HOGAR,,27,2833.69,28.0,Julio,14191.71,alta
Ropa,182.07,302,2075.71,8.8,Noviembre,3332.67,media
Alimentos,1724.99,335,106.49,2.6,Abril,51762.87,alta
Deportes,,361,,45.0,Julio,10401.17,alta
Ropa,856.26,282,3051.02,0.4,Julio,5286.63,alta
Tecnologia,529.49,104,774.43,47.3,Junio,12161.65,alta
Ropa,109.84,461,805.0,47.8,Agosto,3883.28,media
Tecnologia,680.71,232,4014.69,42.6,Diciembre,21715.9,alta
Hogar,,193,428.91,32.1,Septiembre,27116.42,alta
Alimentos,598.91,294,3197.61,18.0,Mayo,14765.57,alta
Deportes,1441.93,34,,3.8,Diciembre,29515.05,alta
Deportes,,349,4385.39,31.6,Agosto,7384.52,alta
Alimentos,650.46,417,4426.24,37.3,Julio,14393.25,alta
Alimentos,1067.93,8,1599.36,19.3,Septiembre,12701.32,alta
Deportes,,266,3903.94,9.7,Enero,10020.56,alta
Ropa,,474,4557.14,18.8,Mayo,10804.5,alta
Alimentos,437.45,371,3221.27,27.3,Mayo,11519.65,alta
Hogar,1275.63,61,3374.09,19.9,Abril,6088.41,alta
Hogar,398.56,141,1033.49,27.2,Abril,12037.64,alta
Deportes,531.99,114,,4.9,Agosto,8431.24,alta
Alimentos,267.9,271,788.71,42.0,Marzo,9014.24,alta
Alimentos,544.79,240,4410.59,31.2,Agosto,7149.42,alta
Hogar,306.64,277,6.72,33.5,Julio,8871.5,alta
Hogar,,397,1058.37,50.0,Julio,11001.21,alta
Tecnologia,401.97,34,1498.98,47.7,Octubre,8125.98,alta
Deportes,195.45,498,2476.96,29.4,Diciembre,3719.63,media
Deportes,504.32,60,2190.28,8.3,Septiembre,12500.99,alta
Ropa,1573.9,320,1454.94,32.7,Septiembre,23128.89,alta
Deportes,1477.84,334,1624.9,37.9,Diciembre,29326.62,alta
Alimentos,766.66,185,1474.93,39.4,Junio,23862.62,alta
Ropa,403.21,349,393.81,6.4,Junio,9660.03,alta
Hogar,,335,1272.71,0.9,Enero,20312.52,alta
Hogar,1014.2,313,776.36,34.5,Noviembre,22001.09,alta
Tecnologia,1560.76,165,89.33,32.9,Octubre,4035.02,media
Tecnologia,111.16,156,4583.88,17.6,Junio,5032.11,alta
DEPORTES,,392,3706.6,41.0,Septiembre,12093.32,alta
Alimentos,1756.68,477,2628.22,5.6,Febrero,34188.73,alta
Ropa,426.9,423,2522.51,15.1,Mayo,6632.1,alta
Tecnologia,1953.78,306,3887.83,4.6,Julio,44025.5,alta
Alimentos,634.95,188,687.44,17.9,Abril,19918.1,alta
Deportes,239.19,6,1371.8,40.6,Junio,1853.91,media
Ropa,313.15,375,4761.87,22.1,Julio,8475.81,alta
Tecnologia,1964.14,38,1278.96,22.5,Julio,10751.82,alta
Hogar,550.37,355,202.49,30.3,Octubre,8843.55,alta
Ropa,1701.09,467,3101.22,48.8,Julio,30365.97,alta
Hogar,761.29,427,4558.25,14.1,Noviembre,15046.11,alta
Hogar,1466.29,209,1441.29,2.3,Junio,30729.25,alta
Ropa,469.53,93,4928.41,40.2,Agosto,9469.72,alta
Deportes,1426.73,402,3706.39,9.6,Abril,20929.23,alta
Ropa,452.29,119,682.15,11.3,Enero,6526.21,alta
Ropa,1643.28,482,1648.55,36.5,Septiembre,9924.98,alta
Tecnologia,828.89,17,2169.75,38.7,Febrero,15455.58,alta
Deportes,1083.97,331,4394.82,10.0,Enero,12915.56,alta
Tecnologia,1898.11,398,724.62,37.7,Febrero,20507.1,alta
Tecnologia,1270.95,199,,6.0,Agosto,17974.75,alta
Deportes,993.24,462,1970.28,14.1,Septiembre,25675.92,alta
Tecnologia,1578.56,482,2328.11,12.2,Octubre,16134.41,alta
Hogar,1221.03,418,669.73,1.6,Junio,31658.19,alta
Deportes,1464.26,249,1787.65,24.0,Julio,45071.36,alta
Alimentos,1224.13,469,515.38,48.9,Diciembre,30195.82,alta
Ropa,657.47,310,2623.27,5.5,Febrero,4290.61,media
Ropa,117.76,273,,22.6,Enero,4056.75,media
Hogar,153.4,172,2158.49,1.8,Septiembre,3407.02,media
HOGAR,1596.29,279,2618.81,14.9,Mayo,17664.9,alta
Ropa,1765.91,107,3215.71,40.2,Noviembre,12585.55,alta
Ropa,740.22,412,2336.27,13.8,Febrero,25126.6,alta
Alimentos,1028.36,103,2019.74,23.5,Julio,7824.35,alta
Tecnologia,849.76,330,2837.9,20.8,Agosto,8413.86,alta
Ropa,588.65,61,84.51,47.5,Julio,2414.97,media
Alimentos,1863.28,188,3812.94,20.3,Julio,49399.58,alta
Tecnologia,1280.47,451,4985.38,27.9,Marzo,8094.1,alta
Hogar,1296.23,285,4059.74,42.8,Noviembre,24028.86,alta
Hogar,195.66,335,4775.21,15.6,Noviembre,5316.1,alta
Alimentos,1102.09,456,2143.4,44.9,Febrero,33904.5,alta
ropa,637.1,24,,43.5,Agosto,6069.84,alta
Deportes,1300.87,365,145.63,31.4,Junio,29439.1,alta
Tecnologia,1685.94,204,195.98,46.0,Enero,42578.49,alta
Tecnologia,1056.54,160,3439.09,18.8,Agosto,7147.14,alta
Hogar,126.82,350,1961.75,23.9,Febrero,3929.15,media
Deportes,1329.0,304,1759.13,37.7,Mayo,37983.96,alta
Hogar,82.0,403,3851.8,28.3,Enero,4377.07,media
Deportes,1758.8,456,4449.29,41.3,Febrero,46844.72,alta
alimentos,1383.22,285,725.3,18.2,Abril,21726.29,alta
DEPORTES,293.53,329,3008.49,25.9,Octubre,9974.19,alta
Hogar,1386.11,69,3239.69,28.5,Diciembre,23564.99,alta
Alimentos,189.86,175,1131.13,45.6,Diciembre,3461.53,media
Hogar,66.4,192,1217.85,45.4,Noviembre,3050.48,media
Hogar,1851.35,440,858.48,10.5,Septiembre,47096.34,alta
Ropa,1345.33,496,84.37,49.9,Noviembre,14078.95,alta
Deportes,367.26,424,3467.91,7.8,Noviembre,10466.25,alta
TECNOLOGIA,438.98,64,3515.17,13.2,Julio,13601.85,alta
Deportes,1873.08,142,924.13,34.2,Agosto,7262.75,alta
Alimentos,1039.64,29,4987.84,35.3,Febrero,19798.33,alta
DEPORTES,1785.64,495,,45.3,Abril,45353.94,alta
Hogar,,254,2529.02,38.7,Agosto,6980.3,alta
Tecnologia,1543.19,227,2770.98,37.5,Marzo,14725.71,alta
Tecnologia,1369.86,452,2402.44,28.3,Enero,37410.36,alta
Deportes,1448.26,363,3772.04,41.8,Febrero,41129.55,alta
Ropa,1503.99,212,3577.55,15.5,Junio,25931.35,alta
Ropa,61.18,340,4915.05,26.4,Diciembre,5120.54,alta
Deportes,999.55,347,83.44,40.0,Noviembre,18620.85,alta
Alimentos,538.89,250,2183.81,6.0,Noviembre,10310.35,alta
Tecnologia,1577.25,206,1375.44,26.1,Noviembre,16938.34,alta
Alimentos,786.62,98,3005.06,4.2,Enero,14559.88,alta
Hogar,1966.71,56,3488.87,4.7,Junio,40199.33,alta
Tecnologia,737.7,457,2761.14,8.8,Febrero,17128.09,alta
Hogar,1269.62,354,2804.88,15.4,Agosto,13991.0,alta
Alimentos,819.43,136,2598.8,18.1,Febrero,19949.68,alta
Deportes,1361.64,311,4082.97,44.5,Marzo,43375.39,alta
Ropa,321.33,115,1503.15,30.4,Junio,9827.65,alta
Deportes,1169.64,464,3854.86,39.7,Abril,35057.44,alta
Alimentos,1201.97,482,1308.4,34.7,Mayo,34031.61,alta
Alimentos,1369.4,363,1617.62,6.4,Diciembre,8939.53,alta
Deportes,1422.04,483,4534.36,40.0,Marzo,42727.18,alta
Deportes,912.84,453,4638.71,14.1,Junio,25131.64,alta
Deportes,186.69,339,3311.62,7.6,Octubre,6828.09,alta
Alimentos,24.5,246,743.74,4.2,Enero,1996.27,media
Tecnologia,,216,4564.7,37.4,Octubre,4356.74,media
Alimentos,1010.76,216,619.74,47.7,Marzo,13792.94,alta
Hogar,1288.23,20,726.52,24.7,Agosto,9812.06,alta
Alimentos,572.07,158,4487.67,4.2,Junio,19786.27,alta
Tecnologia,1917.82,478,2416.64,22.7,Septiembre,22229.18,alta
Deportes,749.68,29,1927.16,3.8,Agosto,11557.45,alta
Ropa,860.45,488,773.21,4.8,Octubre,20405.09,alta
Alimentos,411.85,290,,20.1,Febrero,9271.57,alta
Hogar,1330.62,195,1635.81,15.8,Septiembre,36703.06,alta
Tecnologia,523.94,274,3288.26,9.8,Noviembre,122055.52263183046,alta
Ropa,667.75,176,1074.13,45.4,Marzo,3093.58,media
Ropa,503.58,437,573.0,31.8,Septiembre,14412.62,alta
ROPA,1665.33,429,516.21,28.6,Junio,44351.72,alta
Hogar,,313,3919.59,24.1,Abril,26824.27,alta
Hogar,758.15,146,1611.16,30.2,Mayo,22706.18,alta
Deportes,10.68,404,3274.16,1.0,Septiembre,3352.09,media
Hogar,720.35,271,1296.36,31.6,Junio,6420.33,alta
Hogar,783.52,250,1680.96,15.4,Enero,8190.41,alta
Deportes,970.96,266,3323.7,38.2,Agosto,29362.68,alta
Tecnologia,171.57,31,4582.52,6.5,Junio,5869.64,alta
Deportes,1977.55,190,2052.52,46.7,Junio,33245.58,alta
Hogar,1554.78,165,1977.72,17.7,Enero,7056.79,alta
Deportes,1915.54,301,4375.38,15.2,Mayo,56929.88,alta
Tecnologia,1410.58,97,592.49,43.5,Enero,30095.03,alta
Tecnologia,1307.4,195,63.81,15.7,Septiembre,21329.83,alta
Tecnologia,306.25,169,3420.05,18.0,Diciembre,5992.91,alta
Hogar,1011.33,260,2554.99,32.4,Junio,219514.3014956303,alta
Tecnologia,1775.54,250,551.9,42.1,Agosto,36366.11,alta
Deportes,1774.49,363,1853.01,38.7,Noviembre,30308.75,alta
Deportes,1662.35,275,3633.9,35.7,Julio,49343.84,alta
Alimentos,689.7,91,1360.99,14.1,Noviembre,10044.45,alta
Alimentos,785.26,108,3202.84,33.6,Marzo,18454.32,alta
Ropa,771.3,337,2071.7,32.2,Julio,23812.77,alta
DEPORTES,1084.06,345,,26.7,Febrero,6983.38,alta
Ropa,,93,1887.24,13.0,Marzo,35053.72,alta
Hogar,487.66,129,237.69,43.6,Junio,3608.4,media
Ropa,1599.98,127,1839.79,7.1,Abril,44330.58,alta
HOGAR,286.35,422,821.78,17.3,Mayo,6651.17,alta
Hogar,986.78,131,3894.37,47.1,Marzo,29687.94,alta
Tecnologia,1227.58,37,1181.57,4.8,Julio,5193.69,alta
Alimentos,1487.97,310,3949.35,38.5,Mayo,46757.77,alta
Alimentos,744.9,393,1822.96,39.8,Abril,16059.32,alta
Alimentos,27.28,44,4000.76,39.0,Mayo,3131.5,media
Tecnologia,128.2,474,3284.61,49.4,Marzo,3652.64,media
ropa,1547.09,274,4585.72,39.1,Enero,39213.22,alta
Alimentos,1091.71,36,2441.39,35.1,Noviembre,30409.08,alta
Alimentos,1356.31,165,1378.36,40.2,Junio,12973.12,alta
Ropa,422.8,380,2728.22,21.8,Septiembre,15106.51,alta
Deportes,1315.17,393,868.74,46.2,Julio,28186.64,alta
Alimentos,233.75,186,1315.89,41.5,Noviembre,1500.33,media
Hogar,,51,2904.5,21.8,Febrero,6852.39,alta
Tecnologia,1604.07,163,2875.89,0.3,Octubre,44742.35,alta
Deportes,118.7,277,718.13,4.6,Junio,909.62,baja
Tecnologia,,235,223.11,46.5,Mayo,19501.78,alta
Hogar,812.88,362,4610.73,47.1,Febrero,13925.96,alta
Deportes,1198.79,98,,28.1,Febrero,9980.76,alta
Alimentos,543.29,108,1424.0,33.1,Agosto,2226.5,media
Hogar,1536.81,480,2269.51,46.9,Junio,24220.36,alta
Ropa,1492.73,128,,18.8,Diciembre,23681.0,alta
Tecnologia,818.31,465,615.24,19.3,Mayo,22784.02,alta
Tecnologia,466.81,308,1886.9,18.1,Septiembre,8905.86,alta
Alimentos,656.36,164,224.21,2.9,Diciembre,13834.57,alta
Hogar,228.6,355,1264.98,49.8,Diciembre,4729.79,media
Tecnologia,491.86,57,4172.7,46.9,Septiembre,16793.49,alta
ALIMENTOS,349.45,223,492.77,32.1,Julio,6960.56,alta
Ropa,411.68,75,926.1,42.2,Mayo,6912.59,alta
Ropa,1208.47,79,,13.6,Mayo,8339.1,alta
Ropa,1891.55,8,265.93,45.3,Junio,21642.4,alta
Ropa,568.99,442,3209.8,6.4,Octubre,16781.85,alta
Deportes,602.38,161,274.21,34.4,Marzo,8936.75,alta
Deportes,1209.45,176,2518.04,38.2,Septiembre,21124.69,alta
Deportes,1523.9,401,,34.3,Mayo,39746.43,alta
Ropa,,421,1074.13,30.4,Septiembre,10425.06,alta
Deportes,1749.62,147,3037.51,13.3,Mayo,30704.59,alta
Deportes,1481.07,432,106.82,2.3,Agosto,144452.664452975,alta
Tecnologia,133.11,161,1379.66,27.6,Agosto,2061.6,media
Deportes,1706.98,124,2803.92,1.4,Abril,27284.55,alta
Tecnologia,804.42,262,3822.57,26.1,Septiembre,24878.29,alta
Alimentos,272.04,384,4053.44,4.6,Mayo,7347.4,alta
Deportes,1858.22,475,3006.96,2.6,Enero,9906.77,alta
Hogar,662.84,126,2214.13,15.5,Abril,16968.24,alta
Deportes,57.04,182,2159.22,3.2,Marzo,2648.72,media
hogar,433.59,19,4603.43,28.8,Diciembre,5133.42,alta
Ropa,1115.78,413,1238.92,3.3,Diciembre,10201.56,alta
Tecnologia,748.14,111,1322.52,25.1,Agosto,193115.32786169357,media
Tecnologia,223.33,360,4395.85,9.1,Abril,9374.08,alta
HOGAR,1186.44,384,4905.12,22.9,Diciembre,32811.04,alta
Deportes,,191,3332.44,49.7,Julio,20001.83,alta
Hogar,,297,1007.28,27.9,Octubre,9454.89,alta
Tecnologia,1210.63,373,130.62,42.9,Junio,24166.69,alta
Ropa,1018.64,491,2439.47,13.9,Septiembre,18165.63,alta
Hogar,1009.49,322,2254.6,19.1,Octubre,24453.49,alta
Alimentos,1972.69,337,2871.51,44.5,Agosto,37485.31,alta
Hogar,960.08,466,3604.01,24.6,Diciembre,10556.19,alta
Tecnologia,258.28,89,3140.82,15.6,Febrero,5563.7,alta
Hogar,663.28,186,3929.84,19.5,Junio,14760.43,alta
Deportes,1636.74,205,3681.54,21.3,Julio,15195.18,alta
Tecnologia,1757.12,76,3478.36,42.8,Diciembre,28725.79,alta
Ropa,65.89,266,3577.13,42.9,Febrero,2644.94,media
Deportes,571.08,358,4924.87,19.9,Enero,21619.83,alta
Deportes,1726.04,129,4073.98,43.6,Septiembre,49086.86,alta
Ropa,506.95,120,3951.65,26.1,Junio,8566.45,alta
Tecnologia,1396.59,310,1224.69,26.8,Abril,10457.35,alta
Deportes,859.66,219,2662.08,0.1,Febrero,20614.88,alta
Ropa,359.57,316,3529.46,20.0,Febrero,11622.88,alta
Hogar,1372.36,259,,29.9,Diciembre,33685.72,alta
Alimentos,1643.28,138,4323.02,30.4,Octubre,49005.57,alta
Ropa,816.05,297,4330.49,16.4,Noviembre,24126.48,alta
Tecnologia,490.65,154,1172.48,19.9,Agosto,7933.25,alta
Ropa,1437.87,341,1604.43,2.8,Diciembre,11742.93,alta
Ropa,744.45,261,3676.93,3.2,Abril,12533.08,alta
HOGAR,,104,2270.79,24.5,Octubre,5683.84,alta
Alimentos,342.44,202,344.84,19.1,Febrero,4592.42,media
Deportes,1954.03,225,1665.78,11.6,Junio,32415.88,alta
Ropa,1793.55,169,729.23,17.2,Febrero,38194.4,alta
Hogar,505.6,452,4388.8,22.1,Mayo,14579.22,alta
Alimentos,1087.17,296,2333.91,21.0,Agosto,12061.67,alta
Deportes,1606.96,290,3548.14,17.5,Diciembre,33791.75,alta
TECNOLOGIA,468.44,335,528.46,29.2,Abril,8774.54,alta
Ropa,711.26,191,3627.33,42.3,Septiembre,23327.07,alta
Tecnologia,939.32,145,510.54,43.4,Junio,23894.31,alta
Hogar,1626.56,231,286.63,42.5,Mayo,36446.69,alta
Alimentos,416.27,290,235.5,10.0,Enero,9948.03,alta
Deportes,1128.95,234,623.24,27.4,Diciembre,18832.52,alta
Hogar,574.66,75,713.19,30.5,Abril,7089.52,alta
Hogar,982.35,146,615.46,43.3,Diciembre,12798.09,alta
Alimentos,899.44,443,2135.49,6.3,Agosto,25689.7,alta
ROPA,983.33,223,3584.45,25.2,Enero,8164.27,alta
Tecnologia,1115.42,332,3075.61,17.7,Diciembre,33784.27,alta
Tecnologia,496.65,94,1725.7,50.0,Diciembre,13217.25,alta
ROPA,128.9,442,2878.43,26.3,Enero,203961.10876990831,media
Ropa,702.97,132,3044.8,6.6,Febrero,7070.08,alta
Tecnologia,1367.76,198,4396.44,2.2,Enero,27288.64,alta
Deportes,1855.89,253,1988.48,30.3,Mayo,12024.28,alta
Deportes,671.09,405,4944.63,10.6,Abril,11400.58,alta
Deportes,1001.72,361,785.69,13.9,Octubre,18823.39,alta
Deportes,401.47,92,3980.5,33.0,Noviembre,5840.41,alta
Deportes,1049.91,183,1925.32,19.3,Enero,24924.29,alta
Ropa,604.7,80,329.3,38.8,Noviembre,16189.38,alta
Tecnologia,331.86,245,1147.58,42.8,Julio,3570.17,media
Deportes,1740.46,245,4350.08,6.3,Marzo,39117.69,alta
Hogar,1846.2,291,4771.39,24.4,Julio,24177.18,alta
Ropa,1796.52,209,1014.05,24.3,Agosto,40106.79,alta
Tecnologia,1665.76,147,3840.71,6.7,Julio,14753.65,alta
Alimentos,,24,1637.04,22.8,Marzo,29813.12,alta
Hogar,267.08,75,2692.46,44.7,Septiembre,9523.4,alta
Ropa,1092.85,492,4190.72,30.5,Abril,19490.02,alta
Alimentos,976.08,407,3351.77,40.6,Julio,23218.77,alta
Hogar,274.81,217,4780.48,2.3,Marzo,10124.66,alta
Alimentos,1107.58,497,1198.93,16.8,Enero,17899.36,alta
Ropa,1939.6,391,4651.22,44.0,Julio,58793.17,alta
Tecnologia,1738.21,228,767.94,37.4,Junio,31629.0,alta
Ropa,21.52,95,3984.27,48.5,Octubre,2309.1,media
ROPA,1357.08,129,1869.44,34.9,Julio,19694.08,alta
Deportes,979.32,99,3868.76,27.8,Febrero,5866.22,alta
Tecnologia,1114.95,375,1788.57,25.7,Diciembre,13202.58,alta
Tecnologia,375.1,179,3978.5,42.9,Julio,4062.81,media
Tecnologia,,450,432.62,14.8,Julio,28186.31,alta
Deportes,512.14,393,,12.1,Mayo,198907.49009338385,alta
Ropa,1390.83,387,2312.81,24.7,Mayo,15172.0,alta
Ropa,814.16,282,3558.33,8.2,Marzo,12543.12,alta
Tecnologia,1752.14,410,81.16,17.1,Abril,51868.29,alta
Alimentos,526.29,80,3556.66,40.7,Febrero,10080.24,alta
Hogar,454.52,358,576.81,43.9,Julio,11637.44,alta
Tecnologia,618.27,57,2524.32,28.0,Septiembre,11505.08,alta
Tecnologia,989.67,316,4423.5,12.9,Septiembre,9076.1,alta
Hogar,1754.86,291,1815.17,2.6,Diciembre,27126.03,alta
Deportes,274.33,80,4340.41,47.5,Octubre,3796.15,media
Ropa,401.99,317,3187.73,34.0,Diciembre,9528.36,alta
Deportes,197.92,167,1141.54,9.5,Julio,3271.93,media
Tecnologia,535.13,152,689.83,35.4,Mayo,12344.85,alta
Hogar,1321.02,400,3397.83,24.3,Octubre,15306.7,alta
Tecnologia,542.18,280,2275.0,38.2,Septiembre,10695.36,alta
Deportes,1598.83,400,4945.88,10.6,Febrero,32240.9,alta
Deportes,569.58,102,2187.98,36.1,Diciembre,15780.98,alta
Hogar,1328.79,238,4113.7,49.1,Julio,8452.96,alta
Alimentos,1181.77,263,2294.58,41.0,Junio,20596.67,alta
Hogar,524.16,72,4685.69,9.0,Marzo,10409.4,alta
Deportes,1307.85,470,1322.34,4.1,Enero,8482.25,alta
Ropa,30.96,202,3043.14,31.5,Mayo,3563.02,media
Tecnologia,699.79,202,378.21,0.6,Abril,14172.47,alta
Alimentos,1365.82,282,1207.21,17.7,Noviembre,6566.41,alta
Hogar,1741.17,273,4825.68,43.6,Diciembre,39452.18,alta
Ropa,651.49,186,310.74,39.7,Marzo,19563.72,alta
Hogar,567.24,192,,37.1,Agosto,17852.47,alta
Hogar,735.91,195,916.33,42.3,Diciembre,20030.84,alta
Tecnologia,219.83,462,1834.99,21.8,Enero,7996.04,alta
Alimentos,1240.06,28,1325.42,27.8,Mayo,16161.29,alta
Hogar,1192.05,402,20.72,14.2,Julio,21202.25,alta
Deportes,601.91,243,,7.8,Abril,11851.86,alta
Hogar,483.23,209,2708.2,5.2,Julio,12938.14,alta
Hogar,52.96,320,857.24,23.6,Agosto,2122.35,media
Tecnologia,893.44,320,966.92,2.8,Mayo,11282.74,alta
Deportes,281.1,200,2100.72,22.5,Noviembre,3560.4,media
Hogar,,357,4678.78,18.3,Febrero,32749.02,alta
Tecnologia,1983.36,154,4834.27,14.2,Octubre,47938.89,alta
Tecnologia,1892.68,135,1908.63,45.0,Diciembre,42321.16,alta
Alimentos,92.65,30,867.1,28.0,Enero,2287.18,media
Tecnologia,,113,586.29,20.7,Marzo,6140.05,alta
Tecnologia,,433,998.59,32.3,Marzo,6953.17,alta
Hogar,1727.18,118,4261.02,42.6,Abril,53108.88,alta
Alimentos,1015.17,230,2700.77,4.1,Octubre,6405.73,alta
Ropa,1504.45,397,3388.72,25.7,Agosto,47636.2,alta
Alimentos,530.5,416,1466.7,44.3,Agosto,12685.91,alta
Ropa,1393.07,171,2365.59,37.2,Abril,39980.73,alta
Tecnologia,1196.73,332,513.52,30.3,Febrero,21055.84,alta
Hogar,1101.53,393,3165.36,40.9,Diciembre,13704.5,alta
Alimentos,1111.59,57,755.9,39.1,Junio,4425.82,media
Tecnologia,1396.01,302,462.66,12.0,Septiembre,3677.09,media
Alimentos,767.45,443,3324.84,10.9,Febrero,22005.98,alta
Tecnologia,1970.21,166,4274.03,29.9,Julio,10676.13,alta
Tecnologia,1149.49,345,3042.04,1.0,Diciembre,10076.98,alta
Tecnologia,113.83,187,1792.4,41.6,Noviembre,3892.09,media
Ropa,537.37,423,3033.5,25.7,Marzo,7489.53,alta
Alimentos,91.85,464,4273.7,4.6,Enero,5628.53,alta
Ropa,1984.92,276,4703.73,25.3,Julio,44297.73,alta
Deportes,298.11,385,1491.45,44.8,Enero,4508.74,media
ROPA,397.15,384,20.65,43.0,Marzo,6049.44,alta
Ropa,1024.04,266,3586.05,23.9,Junio,19245.74,alta
Hogar,111.96,39,,26.9,Diciembre,2515.96,media
Alimentos,1075.06,249,2973.02,42.8,Marzo,21376.73,alta
Tecnologia,1406.14,94,3079.43,11.9,Abril,27392.26,alta
Ropa,56.81,85,2345.38,7.1,Junio,3547.69,media
Hogar,1540.93,243,1108.22,12.1,Enero,39893.23,alta
Deportes,1213.91,324,2730.59,43.9,Julio,19448.36,alta
Tecnologia,85.46,190,1858.43,30.3,Agosto,4171.36,media
Tecnologia,1468.09,175,,7.0,Julio,35629.59,alta
Deportes,,229,,37.5,Julio,10505.11,alta
ALIMENTOS,1309.88,431,782.23,24.5,Julio,31240.53,alta
Hogar,22.25,110,,40.8,Mayo,3331.15,media
Hogar,544.11,431,1604.85,25.4,Enero,9975.79,alta
Deportes,1401.5,41,377.41,20.2,Junio,16128.78,alta
Ropa,,421,4218.03,45.1,Junio,13491.65,alta
Ropa,,487,1671.48,12.8,Marzo,20767.04,alta
Hogar,264.26,92,1755.34,10.0,Septiembre,4529.54,media
Alimentos,1338.39,269,,38.2,Octubre,20114.21,alta
Tecnologia,,348,2266.44,2.9,Enero,9190.91,alta
Tecnologia,90.79,300,4487.64,3.4,Julio,6589.06,alta
Tecnologia,1159.77,275,3568.83,21.7,Noviembre,28522.04,alta
Alimentos,353.86,434,3276.78,21.5,Marzo,10154.6,alta
Hogar,445.12,213,1349.67,3.2,Mayo,9128.68,alta
ropa,1978.45,199,4394.44,21.2,Enero,32911.29,alta
Hogar,1306.31,38,3176.9,39.1,Septiembre,14293.21,alta
Deportes,209.11,246,3098.28,20.7,Septiembre,8385.82,alta
Deportes,1735.68,77,74.73,3.1,Diciembre,13025.89,alta
Ropa,268.34,147,421.16,27.5,Diciembre,4652.33,media
Alimentos,285.17,350,4930.72,24.6,Julio,10020.36,alta
Hogar,1101.55,41,3187.41,41.3,Junio,31571.02,alta
Alimentos,,298,1167.37,27.2,Octubre,38140.1,alta
Deportes,1276.68,402,4836.36,6.7,Octubre,9664.24,alta
Tecnologia,961.7,34,3112.64,0.1,Marzo,11104.94,alta
Alimentos,1851.32,470,576.94,10.7,Septiembre,35770.54,alta
Ropa,330.48,216,4316.92,20.9,Octubre,12118.15,alta
Hogar,469.15,225,,12.5,Marzo,15433.47,alta
Deportes,635.49,143,1824.31,0.5,Mayo,9331.55,alta
Ropa,1443.87,115,1727.59,18.2,Febrero,40914.62,alta
Tecnologia,1994.47,57,3600.15,7.4,Abril,18307.71,alta
Tecnologia,1347.3,430,11.36,41.1,Agosto,26630.92,alta
Alimentos,347.55,346,3305.77,21.6,Marzo,10540.35,alta
Deportes,142.98,178,3733.93,14.4,Septiembre,4347.12,media
Ropa,415.34,172,4188.63,9.8,Agosto,7950.18,alta
Deportes,1077.07,468,3871.83,18.9,Octubre,9914.52,alta
Tecnologia,1185.89,453,,13.2,Octubre,9271.48,alta
Ropa,294.19,107,,13.3,Diciembre,7831.37,alta
Ropa,1023.78,458,1243.35,17.9,Mayo,30962.64,alta
Deportes,510.66,216,3985.08,35.6,Agosto,11475.04,alta
Deportes,,205,4606.5,46.3,Diciembre,7609.76,alta
Deportes,764.83,432,2795.88,7.4,Febrero,18617.74,alta
Tecnologia,155.89,244,2220.51,31.8,Abril,2967.44,media
Ropa,1621.52,199,1457.24,46.0,Octubre,46086.62,alta
Deportes,1973.43,424,2070.68,43.0,Abril,52930.12,alta
Alimentos,127.76,104,2835.59,49.8,Mayo,3271.5,media
Deportes,1034.66,383,1940.51,8.2,Junio,30823.42,alta
Deportes,1850.98,254,4536.15,6.5,Marzo,17975.71,alta
hogar,1828.85,123,3666.14,22.1,Noviembre,54620.38,alta
Tecnologia,883.63,308,480.86,20.2,Diciembre,18977.65,alta
Alimentos,,446,1806.45,21.3,Junio,24388.0,alta
Hogar,1375.67,198,57.97,13.3,Enero,36585.68,alta
Alimentos,155.88,5,3198.03,19.5,Diciembre,6597.79,alta
Ropa,790.65,72,3226.33,45.6,Octubre,11631.96,alta
Ropa,1805.93,406,2937.11,10.9,Agosto,42210.3,alta
Tecnologia,1318.39,413,4372.11,49.0,Octubre,10418.77,alta
Alimentos,659.9,245,2758.43,37.2,Marzo,17692.41,alta
Hogar,,321,2411.16,46.1,Marzo,16221.16,alta
Alimentos,479.13,269,888.46,8.1,Octubre,11192.35,alta
Ropa,1963.54,280,626.93,0.6,Mayo,6724.11,alta
Tecnologia,751.64,248,3035.49,8.2,Diciembre,15155.6,alta
Tecnologia,124.35,232,1462.5,3.8,Junio,4423.8,media
Deportes,379.25,464,4073.75,30.1,Enero,14405.02,alta
Tecnologia,1672.01,51,1165.14,27.8,Marzo,11885.86,alta
ALIMENTOS,1047.4,364,4413.69,24.8,Abril,23078.39,alta
Alimentos,765.99,209,2841.0,2.8,Septiembre,7539.32,alta
Deportes,1272.34,35,192.61,24.4,Agosto,4001.04,media
Tecnologia,1249.75,92,,15.8,Octubre,24108.96,alta
Ropa,1787.81,394,4894.3,18.3,Agosto,15899.05,alta
Hogar,1307.83,93,2231.45,25.6,Febrero,36578.81,alta
Tecnologia,473.29,487,1571.48,26.0,Enero,12035.55,alta
Ropa,1862.43,304,2666.52,31.5,Septiembre,44427.23,alta
Ropa,,87,2009.76,42.7,Septiembre,15502.1,alta
Hogar,1933.76,142,1408.91,49.9,Septiembre,26345.6,alta
Alimentos,320.06,214,2889.67,33.2,Octubre,6282.6,alta
Alimentos,455.56,147,94.66,20.7,Mayo,5628.05,alta
Hogar,1006.85,104,2742.26,49.5,Marzo,21370.55,alta
Alimentos,1010.08,182,1960.34,3.0,Agosto,4971.93,media
Alimentos,918.9,169,3710.18,16.9,Enero,7326.26,alta
Hogar,1798.64,372,375.31,39.8,Junio,4236.14,media
Alimentos,1631.92,261,2972.59,13.1,Agosto,37606.78,alta
Ropa,1748.12,238,1847.45,13.0,Octubre,29321.53,alta
Ropa,1013.06,389,540.03,48.9,Agosto,30725.11,alta
Tecnologia,1997.87,199,,36.1,Octubre,36257.84,alta
Hogar,990.09,228,1645.66,48.4,Julio,26844.31,alta
Hogar,995.8,397,3831.66,17.5,Marzo,12636.39,alta
Hogar,627.81,56,1247.05,1.8,Junio,9812.74,alta
Ropa,783.18,382,3196.8,12.3,Octubre,19513.46,alta
Tecnologia,,307,746.86,37.8,Octubre,30879.04,alta
Deportes,,430,1937.79,9.5,Enero,19103.74,alta
Alimentos,1709.15,237,4882.86,31.9,Noviembre,8862.96,alta
Alimentos,367.24,321,4429.7,38.4,Mayo,11589.35,alta
Ropa,31.69,137,3166.6,42.6,Febrero,3333.02,media
Deportes,771.17,51,1739.3,42.6,Febrero,17582.6,alta
Hogar,1995.21,494,377.62,46.4,Octubre,31746.55,alta
Ropa,302.68,116,3882.4,2.7,Enero,6818.33,alta
Tecnologia,160.63,274,2572.51,39.6,Noviembre,2827.81,media
Ropa,1164.73,469,3083.44,19.3,Mayo,15412.11,alta
Ropa,1485.95,124,2879.35,40.6,Abril,29776.06,alta
Alimentos,1442.4,324,3561.53,10.6,Julio,37446.21,alta
Ropa,,128,956.58,1.9,Abril,2381.73,media
Tecnologia,524.62,6,3281.31,0.8,Mayo,6377.95,alta
Hogar,1466.37,227,1138.51,20.2,Abril,43050.62,alta
Hogar,530.52,196,2182.1,41.6,Julio,15050.98,alta
Deportes,,205,642.99,10.5,Marzo,35954.06,alta
Deportes,1410.93,14,4551.47,49.2,Julio,13870.04,alta
Deportes,748.34,120,1696.2,32.7,Noviembre,6740.94,alta
Tecnologia,740.81,155,862.15,49.4,Diciembre,3739.36,media
Deportes,1524.15,67,159.56,46.2,Octubre,26078.59,alta
Deportes,1885.61,190,3163.6,17.1,Julio,55498.49,alta
Tecnologia,340.79,307,1741.48,30.2,Septiembre,5241.12,alta
Alimentos,1502.34,373,,46.5,Abril,23945.13,alta
Ropa,1334.22,475,4710.2,37.2,Abril,43058.88,alta
Deportes,595.83,99,864.79,36.8,Enero,10278.35,alta
Deportes,1106.94,491,342.74,46.9,Noviembre,14934.22,alta
Hogar,364.05,8,4071.59,2.2,Septiembre,6604.5,alta
Tecnologia,1793.25,293,3637.6,1.7,Junio,31378.73,alta
Alimentos,1781.47,123,3407.69,28.1,Octubre,53692.28,alta
Ropa,1721.13,412,3047.5,48.2,Marzo,36122.79,alta
Tecnologia,829.95,205,4667.14,47.0,Junio,25683.86,alta
Deportes,536.84,116,3310.26,37.4,Marzo,11297.62,alta
Alimentos,673.73,338,3074.65,25.4,Julio,15934.38,alta
Ropa,1060.56,330,1054.92,32.3,Mayo,19945.05,alta
Alimentos,805.81,433,659.83,44.8,Diciembre,22776.6,alta
Tecnologia,224.74,390,2498.77,34.1,Julio,5153.19,alta
Alimentos,31.89,297,,29.2,Octubre,2647.39,media
Hogar,,486,4704.91,0.6,Mayo,21955.82,alta
Ropa,1900.3,133,2599.89,33.9,Junio,14667.63,alta
Hogar,1976.34,438,1008.32,20.7,Febrero,9630.54,alta
Tecnologia,1776.64,118,1611.53,14.1,Abril,26956.98,alta
Hogar,1050.2,18,2160.25,25.9,Septiembre,15128.99,alta
Hogar,1476.75,105,,49.9,Diciembre,27544.04,alta
Alimentos,93.08,394,,12.6,Diciembre,4960.86,media
Ropa,1825.22,334,3369.09,48.6,Julio,12346.58,alta
Hogar,849.46,43,3211.44,36.2,Febrero,13384.36,alta
Deportes,1405.19,44,267.99,25.3,Abril,14933.82,alta
Hogar,397.72,393,572.09,46.8,Agosto,4281.37,media
Deportes,1819.62,39,2488.8,13.7,Marzo,41050.58,alta
Hogar,1353.28,380,4680.34,45.5,Noviembre,21635.47,alta
Hogar,883.06,176,3921.95,13.4,Septiembre,19758.92,alta
Alimentos,,23,3736.3,30.8,Junio,12900.2,alta
Hogar,597.36,416,1439.53,31.8,Mayo,3580.26,media
Alimentos,698.84,144,2294.19,5.9,Octubre,7633.32,alta
deportes,,83,1920.79,6.4,Junio,2522.71,media
Tecnologia,,217,3131.99,19.1,Octubre,4328.03,media
Deportes,199.37,382,4372.38,24.5,Septiembre,6026.3,alta
Ropa,1335.03,425,2114.89,6.3,Marzo,40749.87,alta
Alimentos,482.22,35,676.4,47.4,Diciembre,12742.63,alta
Deportes,1038.81,10,952.95,35.6,Agosto,19027.3,alta
Alimentos,,208,478.55,30.3,Febrero,26039.36,alta
Tecnologia,506.28,133,1896.07,14.5,Octubre,2979.43,media
Alimentos,1486.17,390,4709.49,1.1,Agosto,7816.86,alta
Deportes,871.76,391,3290.01,1.7,Noviembre,9046.9,alta
deportes,1337.58,420,3905.65,7.3,Octubre,17017.07,alta
Ropa,1045.83,118,331.1,22.7,Junio,26160.97,alta
Ropa,708.42,74,,13.4,Marzo,10957.57,alta
Tecnologia,1783.94,14,232.6,48.7,Julio,51368.18,alta
Alimentos,1860.22,469,109.33,25.2,Diciembre,51411.85,alta
Alimentos,828.7,418,2901.67,49.3,Noviembre,25907.26,alta
Hogar,1408.15,378,4346.23,7.6,Junio,28270.22,alta
Ropa,1781.39,407,1859.71,7.0,Junio,37842.95,alta
Hogar,1642.17,338,3645.83,29.2,Septiembre,47669.6,alta
Tecnologia,1670.86,400,995.74,48.9,Septiembre,14731.95,alta
Alimentos,649.45,354,1551.47,41.7,Julio,17217.52,alta
Alimentos,1945.5,179,1574.52,46.2,Julio,22999.19,alta
Tecnologia,366.62,379,708.97,34.2,Julio,144150.92961456443,media
Deportes,1748.01,203,1100.49,4.5,Mayo,29060.34,alta
Alimentos,188.89,310,,19.7,Julio,5402.51,alta
Tecnologia,240.52,333,,11.4,Diciembre,9969.48,alta
Alimentos,,308,833.17,38.3,Febrero,5763.61,alta
Deportes,1678.82,443,783.95,35.8,Octubre,25323.11,alta
Hogar,587.93,497,2035.26,21.1,Marzo,180152.92099347283,alta
Alimentos,600.89,375,1893.2,26.3,Septiembre,18779.02,alta
Alimentos,,59,503.12,38.8,Noviembre,18304.61,alta
Ropa,329.04,463,1844.49,41.9,Agosto,3410.55,media
Ropa,1790.94,405,182.91,38.1,Enero,166418.73957681435,alta
Ropa,898.35,286,592.08,15.2,Agosto,15811.61,alta
Ropa,551.46,15,30.83,34.5,Julio,2298.31,media
Hogar,1779.63,303,4164.86,32.2,Noviembre,48281.83,alta
Ropa,1270.51,102,2009.97,17.3,Agosto,23585.62,alta
Deportes,1307.25,40,3833.97,16.5,Marzo,30604.64,alta
Tecnologia,375.49,231,4179.2,20.8,Marzo,4632.86,media
Hogar,370.56,274,1536.94,49.7,Noviembre,12026.55,alta
Tecnologia,,444,2332.56,24.2,Marzo,34146.96,alta
Alimentos,171.89,140,227.37,37.6,Julio,4282.8,media
Deportes,1764.33,457,629.47,30.9,Febrero,21158.18,alta
Hogar,1741.34,379,881.17,13.5,Febrero,40104.2,alta
Alimentos,467.08,380,2218.51,26.2,Julio,10979.65,alta
Tecnologia,1107.49,490,1894.14,44.0,Diciembre,32121.42,alta
Alimentos,536.91,76,2658.59,38.1,Febrero,17943.78,alta
Hogar,575.66,437,762.77,1.7,Abril,14672.41,alta
Deportes,1891.75,417,3789.1,1.3,Septiembre,58770.65,alta
Tecnologia,959.7,46,2257.51,2.2,Septiembre,21693.39,alta
Alimentos,836.85,77,379.44,10.4,Junio,16387.67,alta
alimentos,1290.85,287,2544.04,5.1,Junio,25435.12,alta
Deportes,,31,3438.59,35.0,Enero,6739.53,alta
Deportes,566.66,9,4640.83,40.7,Octubre,16595.57,alta
Deportes,1101.25,375,776.96,6.7,Julio,5907.77,alta
Alimentos,1640.75,411,4374.01,3.6,Agosto,12187.81,alta
Alimentos,298.47,308,1242.39,17.8,Abril,6376.45,alta
Deportes,413.27,366,2150.89,20.3,Junio,2800.21,media
Tecnologia,1798.98,291,1935.8,43.8,Agosto,15216.81,alta
Alimentos,167.08,351,4323.37,43.2,Octubre,8033.2,alta
Deportes,334.98,274,3334.17,44.8,Marzo,5382.1,alta
Hogar,1261.22,324,2047.56,39.6,Noviembre,39684.75,alta
Hogar,1591.38,68,1730.05,20.5,Diciembre,11657.69,alta
Tecnologia,507.36,15,200.5,23.5,Septiembre,8286.95,alta
deportes,302.5,470,365.26,26.9,Diciembre,9705.09,alta
Hogar,383.16,459,163.21,31.2,Febrero,8814.41,alta
Deportes,1054.31,71,2014.65,16.0,Marzo,11891.47,alta
Alimentos,,55,2911.97,16.0,Marzo,23823.58,alta
Alimentos,455.98,161,3784.41,27.5,Enero,5243.37,alta
Alimentos,1375.96,408,398.21,29.0,Febrero,4899.27,media
Deportes,1087.4,221,3479.21,4.8,Octubre,31413.88,alta
Alimentos,1852.02,440,191.44,14.3,Abril,14309.5,alta
Alimentos,1803.07,271,3939.81,17.5,Diciembre,17060.0,alta
Deportes,873.32,79,,28.5,Julio,17138.48,alta
Hogar,1757.15,113,4653.99,18.5,Diciembre,53527.4,alta
Deportes,1021.78,405,3177.94,16.1,Abril,26020.58,alta
Hogar,89.04,346,4872.04,28.7,Abril,5645.29,alta
Tecnologia,958.68,408,661.03,9.0,Enero,19118.57,alta
Ropa,649.39,307,3002.2,18.9,Junio,10570.13,alta
Hogar,1132.53,330,,20.5,Abril,132582.23809173357,alta
Ropa,1681.4,143,4469.16,47.9,Mayo,42621.9,alta
Hogar,711.91,47,1415.64,44.9,Abril,13930.81,alta
Hogar,503.64,323,225.88,17.3,Junio,8468.24,alta
Ropa,684.88,221,3622.97,25.2,Abril,15333.0,alta
Deportes,1718.2,278,3083.73,32.0,Agosto,13046.39,alta
Ropa,184.61,426,3011.73,43.3,Octubre,3655.94,media
Alimentos,237.74,66,3770.3,46.2,Julio,3702.4,media
Alimentos,901.72,353,4201.42,31.2,Octubre,30082.83,alta
Alimentos,1444.19,179,3688.81,4.9,Agosto,9146.93,alta
Ropa,1546.43,417,1271.69,10.5,Octubre,43818.7,alta
Tecnologia,1357.98,54,,0.1,Noviembre,25407.34,alta
Ropa,1751.17,357,1745.08,30.2,Diciembre,43576.08,alta
Ropa,1809.38,279,4278.3,22.6,Noviembre,48846.4,alta
Ropa,766.45,164,931.11,39.5,Noviembre,18836.0,alta
Hogar,712.97,241,4485.36,24.6,Noviembre,22911.97,alta
Deportes,242.88,11,2179.78,18.2,Agosto,2838.26,media
Alimentos,1950.82,369,562.69,6.3,Junio,34274.37,alta
Deportes,794.41,169,2215.55,3.1,Febrero,19002.87,alta
Deportes,1631.07,289,1558.75,49.1,Mayo,34623.67,alta
Tecnologia,1411.37,346,986.97,0.3,Abril,27058.92,alta
Hogar,1369.24,299,3738.88,38.5,Noviembre,11971.24,alta
Ropa,,127,1143.9,16.8,Junio,5099.33,alta
Deportes,941.96,302,,1.1,Enero,23152.38,alta
Alimentos,482.24,63,4319.98,2.0,Abril,8396.65,alta
Alimentos,1538.65,317,1982.31,18.3,Agosto,27228.56,alta
Deportes,1311.63,236,2637.48,27.6,Mayo,35604.1,alta
Deportes,1190.78,54,1215.24,13.0,Octubre,11988.97,alta
Ropa,345.14,454,,32.5,Octubre,12771.04,alta
Tecnologia,1342.47,161,183.81,18.5,Octubre,17718.78,alta
Hogar,86.59,466,2632.94,1.1,Agosto,4165.94,media
Alimentos,81.59,258,394.92,47.6,Enero,100.0,baja
Ropa,1091.89,479,2462.74,46.3,Febrero,26535.13,alta
Alimentos,1126.4,56,4153.21,33.1,Mayo,35002.74,alta
Deportes,249.04,146,1560.81,29.3,Noviembre,4164.02,media
Alimentos,765.62,429,2544.14,19.6,Abril,8998.7,alta
Alimentos,,233,,27.5,Noviembre,7237.79,alta
Tecnologia,353.47,279,465.22,24.4,Enero,2176.58,media
Ropa,1591.91,253,4527.98,4.7,Julio,21082.63,alta
Hogar,1382.28,300,2620.79,39.6,Diciembre,13619.34,alta
Ropa,,130,3303.0,36.8,Febrero,15254.07,alta
Ropa,430.76,70,186.44,4.6,Abril,9773.37,alta
Hogar,1441.42,455,727.52,12.1,Mayo,24439.53,alta
alimentos,747.48,102,4650.83,17.6,Abril,19166.74,alta
Alimentos,733.62,436,156.77,29.8,Julio,18488.53,alta
Ropa,1056.21,447,2174.04,8.0,Febrero,17029.03,alta
Alimentos,157.27,328,677.61,25.0,Enero,3592.0,media
Ropa,1213.24,190,1606.35,34.2,Agosto,18583.73,alta
Ropa,,239,1219.6,32.4,Abril,30949.46,alta
Deportes,1107.36,233,3756.92,10.3,Febrero,34257.03,alta
Deportes,1059.11,109,114.23,41.0,Abril,29232.96,alta
Ropa,1223.21,311,3473.13,17.4,Octubre,29076.9,alta
Ropa,1415.66,90,1963.88,49.5,Diciembre,6606.22,alta
Ropa,1682.66,7,,2.4,Septiembre,29969.7,alta
Deportes,456.43,425,1307.8,7.0,Abril,11151.89,alta
Deportes,682.07,493,370.93,10.5,Diciembre,7162.87,alta
Tecnologia,1934.45,398,2543.75,27.8,Enero,57722.22,alta
Ropa,1066.38,140,784.49,34.2,Febrero,32279.44,alta
Hogar,705.28,242,1013.16,44.4,Abril,6778.18,alta
Deportes,,336,,12.1,Agosto,32060.66,alta
Alimentos,552.42,429,4929.36,28.4,Marzo,14416.09,alta
Deportes,1723.34,383,1616.32,39.4,Agosto,48665.04,alta
Ropa,648.51,153,3542.63,30.9,Febrero,21087.31,alta
Deportes,1467.13,54,4543.22,19.6,Junio,11037.74,alta
Alimentos,1929.23,399,4831.1,18.7,Agosto,49144.26,alta
Tecnologia,1220.91,287,1910.57,35.0,Junio,17123.98,alta
Ropa,747.38,127,4398.79,32.4,Agosto,6333.52,alta
tecnologia,254.67,261,3715.37,32.8,Diciembre,4270.73,media
Hogar,1331.45,105,1516.77,13.9,Noviembre,9602.44,alta
Hogar,1834.33,391,1929.25,36.0,Mayo,37236.77,alta
Alimentos,1280.06,323,1044.09,26.8,Febrero,23106.07,alta
Alimentos,,362,1240.55,40.3,Agosto,22667.56,alta
Alimentos,1753.67,309,4501.25,16.0,Octubre,22689.55,alta
Deportes,1812.92,331,2400.62,27.3,Marzo,52314.69,alta
Ropa,1461.98,419,3926.42,22.9,Diciembre,15372.25,alta
Deportes,1597.23,314,1436.3,42.6,Diciembre,8173.42,alta
Tecnologia,49.45,371,482.75,32.9,Julio,1230.01,baja
Alimentos,1545.34,112,487.21,20.7,Octubre,32530.21,alta
Tecnologia,824.84,213,2786.58,16.4,Agosto,22159.83,alta
Deportes,880.42,172,907.04,7.8,Diciembre,26363.59,alta
Tecnologia,455.59,283,4990.18,18.3,Octubre,9369.56,alta
Tecnologia,333.65,169,3815.41,41.8,Febrero,8529.82,alta
Tecnologia,1493.81,188,528.88,34.0,Agosto,10256.34,alta
Deportes,1728.75,402,4438.16,32.6,Junio,10050.03,alta
Ropa,558.89,478,,29.1,Junio,17190.01,alta
Hogar,293.13,497,4034.35,17.1,Noviembre,4548.23,media
Tecnologia,423.27,278,3.78,30.4,Septiembre,7198.98,alta
Alimentos,464.82,245,2786.42,7.1,Agosto,6445.41,alta
Ropa,719.43,164,2463.04,50.0,Enero,15601.46,alta
Deportes,972.77,419,4948.09,48.9,Agosto,21656.69,alta
Ropa,1378.28,433,4624.75,7.5,Noviembre,21806.24,alta
Deportes,1344.18,289,,23.9,Septiembre,34170.74,alta
Deportes,1380.25,56,4934.48,34.1,Octubre,31385.03,alta
Deportes,1434.97,13,,32.3,Diciembre,33736.48,alta
Hogar,1471.9,374,825.15,29.4,Enero,39027.34,alta
ALIMENTOS,1938.02,192,,2.4,Marzo,59638.34,alta
Tecnologia,1629.38,477,851.88,36.0,Enero,16905.96,alta
Deportes,145.66,233,2626.59,19.1,Noviembre,6230.25,alta
Hogar,1036.44,477,4924.13,37.3,Febrero,10426.62,alta
Alimentos,35.49,35,3399.58,3.5,Julio,3544.96,media
Hogar,691.27,432,114.84,36.4,Diciembre,10815.21,alta
Alimentos,177.21,202,4859.41,32.4,Mayo,9232.12,alta
Ropa,263.5,51,3961.65,9.0,Julio,5915.12,alta
Deportes,1688.43,237,3769.36,26.6,Marzo,27304.36,alta
Deportes,1569.94,451,3069.04,37.1,Abril,10604.8,alta
Ropa,525.39,463,178.48,35.5,Noviembre,5796.05,alta
Tecnologia,1160.42,324,,21.3,Julio,21201.8,alta
Alimentos,268.64,60,4193.9,37.2,Marzo,8419.23,alta
Hogar,1913.51,189,1506.75,25.4,Febrero,24642.13,alta
Hogar,242.08,199,3681.08,31.1,Marzo,8075.94,alta
Deportes,481.23,186,596.8,0.8,Junio,4508.97,media
Hogar,922.8,112,2219.58,47.4,Diciembre,26085.43,alta
Tecnologia,1851.46,356,3213.83,16.8,Agosto,42766.11,alta
Ropa,1466.03,250,1592.2,42.7,Abril,32980.82,alta
Alimentos,1132.62,461,3616.75,36.5,Mayo,14229.55,alta
Deportes,,191,1831.69,7.6,Febrero,9271.17,alta
Ropa,1550.21,435,,22.4,Enero,39434.51,alta
Tecnologia,445.91,374,1116.22,36.6,Junio,8664.95,alta
Hogar,748.38,237,3533.09,10.2,Octubre,17341.74,alta
Hogar,426.82,136,3566.09,39.8,Octubre,4086.76,media
Deportes,498.63,485,808.22,18.5,Diciembre,12548.63,alta
Tecnologia,1537.47,146,704.13,18.9,Febrero,14488.65,alta
Alimentos,1874.47,321,4596.7,31.4,Abril,34724.57,alta
Deportes,908.6,28,,8.3,Agosto,20548.56,alta
Ropa,993.48,476,883.16,19.7,Mayo,4539.73,media
Ropa,233.07,164,4449.75,5.0,Enero,10772.31,alta
hogar,385.14,405,1206.24,31.2,Noviembre,6002.24,alta
Deportes,1845.02,453,3247.24,31.4,Octubre,28996.97,alta
Deportes,537.21,160,1273.37,39.9,Septiembre,14762.89,alta
Deportes,1627.21,415,3966.1,5.8,Septiembre,12470.28,alta
Hogar,37.8,264,590.14,29.2,Julio,2066.59,media
ropa,214.65,408,41.35,36.9,Octubre,2474.8,media
Tecnologia,1806.96,31,2141.22,29.2,Julio,28586.48,alta
Deportes,1549.72,222,2866.95,27.7,Marzo,26545.39,alta
Alimentos,1555.39,499,3100.73,9.3,Diciembre,28822.47,alta
Alimentos,822.98,49,4240.16,12.3,Abril,17395.4,alta
Hogar,187.52,54,2925.67,5.3,Agosto,7214.55,alta
Ropa,1943.03,159,3514.62,23.0,Enero,20313.86,alta
Tecnologia,1159.77,275,3568.83,21.7,Noviembre,28522.04,alta
Tecnologia,296.63,411,1944.81,24.7,Junio,10205.52,alta
Ropa,1595.06,291,1789.76,48.6,Marzo,5007.72,alta
Deportes,,72,2275.81,31.0,Mayo,7366.13,alta
Deportes,200.7,489,4113.55,26.4,Noviembre,130095.61456780859,alta
Tecnologia,584.91,228,3629.53,41.4,Julio,15307.48,alta
Tecnologia,963.32,469,4042.6,26.5,Noviembre,11778.12,alta
Ropa,1209.45,331,1635.83,22.1,Octubre,18393.66,alta
Tecnologia,1529.16,83,240.93,1.7,Abril,26484.98,alta
Ropa,1940.01,181,657.26,35.9,Febrero,51486.38,alta
Deportes,1874.93,326,1435.81,10.2,Febrero,27409.47,alta
Tecnologia,389.4,231,170.94,41.8,Febrero,7970.77,alta
Deportes,687.14,362,2931.59,30.2,Octubre,10695.32,alta
ALIMENTOS,1017.46,190,790.4,13.9,Mayo,5469.5,alta
Deportes,811.88,166,235.74,45.3,Octubre,20997.88,alta
Hogar,1815.0,306,895.86,27.7,Enero,25941.05,alta
Deportes,120.83,242,,47.7,Julio,2228.97,media
HOGAR,21.34,280,1829.53,42.4,Enero,1757.71,media
Alimentos,51.19,246,4556.64,3.2,Septiembre,4462.54,media
Hogar,422.25,185,999.28,12.3,Julio,2437.13,media
Alimentos,51.49,455,1424.96,7.5,Septiembre,2434.92,media
Tecnologia,821.7,5,1946.05,0.8,Noviembre,4664.76,media
Ropa,1650.42,102,2075.43,17.4,Enero,28667.23,alta
Alimentos,,132,2833.23,39.9,Febrero,4587.89,media
Tecnologia,1931.94,155,321.5,23.8,Septiembre,44334.55,alta
Deportes,518.11,391,3213.98,33.7,Junio,17447.98,alta
Tecnologia,1428.96,277,1156.02,27.6,Septiembre,8971.04,alta
Tecnologia,1770.39,196,4566.87,15.5,Diciembre,37302.82,alta
Alimentos,329.39,113,3573.68,45.3,Enero,7455.28,alta
Alimentos,1478.36,158,2968.72,25.5,Abril,32468.04,alta
Deportes,458.01,190,2544.37,49.9,Febrero,11555.88,alta
Hogar,1054.69,473,519.84,33.0,Abril,25130.92,alta
Alimentos,,124,2930.98,15.2,Julio,6946.26,alta
TECNOLOGIA,311.45,18,4998.37,27.9,Mayo,5030.81,alta
Ropa,1314.33,284,1404.42,3.1,Mayo,10692.72,alta
Deportes,1125.59,279,1152.18,45.9,Mayo,6521.85,alta
Hogar,1852.43,388,1978.4,18.7,Agosto,44551.81,alta
Deportes,649.46,296,4107.05,8.9,Diciembre,22532.95,alta
Tecnologia,40.19,496,4136.81,29.7,Enero,5158.63,alta
Alimentos,1659.41,226,4976.87,26.7,Julio,36627.08,alta
Tecnologia,660.15,206,4148.59,26.7,Diciembre,13931.41,alta
Deportes,940.91,193,2687.42,22.6,Septiembre,7983.22,alta
Deportes,1294.23,5,4617.89,45.6,Mayo,24593.92,alta
Deportes,31.06,331,301.64,2.5,Septiembre,1610.98,media
Ropa,1813.7,73,4305.94,14.5,Marzo,49276.05,alta
Alimentos,542.54,350,26.69,25.7,Abril,12564.73,alta
Tecnologia,477.54,200,3240.57,5.3,Abril,6065.8,alta
Alimentos,,398,2324.46,42.1,Mayo,15052.68,alta
Deportes,1921.05,258,1002.99,4.3,Mayo,27413.55,alta
Deportes,,408,569.68,45.2,Octubre,18749.56,alta
Ropa,1435.79,246,688.39,29.8,Octubre,18581.3,alta
ROPA,279.04,304,2879.45,38.6,Abril,4252.24,media
Deportes,698.94,198,4824.19,36.0,Junio,15649.89,alta
Hogar,1148.04,303,2000.02,1.2,Enero,7882.16,alta
DEPORTES,1673.68,263,3883.57,6.7,Junio,31523.26,alta
Tecnologia,818.53,99,3733.07,32.2,Mayo,17154.22,alta
Alimentos,129.77,57,3471.06,13.2,Octubre,6301.64,alta
Deportes,697.34,231,2497.71,39.0,Diciembre,4113.11,media
Tecnologia,1772.74,270,3901.39,45.0,Febrero,12864.62,alta
Deportes,37.49,295,2572.45,20.1,Enero,3701.22,media
Ropa,1567.48,194,1032.88,44.9,Diciembre,35330.67,alta
Ropa,1337.47,110,4398.98,3.9,Abril,42021.96,alta
Tecnologia,307.1,481,3279.81,9.0,Mayo,5696.29,alta
Deportes,422.61,264,367.51,43.2,Noviembre,11781.2,alta
Ropa,763.24,436,700.56,45.6,Abril,142393.69948247692,alta
Hogar,1544.36,469,1586.41,35.2,Noviembre,15186.72,alta
Alimentos,259.74,117,4228.89,38.4,Noviembre,5092.92,alta
Tecnologia,1172.81,445,4863.78,14.4,Abril,11893.83,alta
Hogar,,32,172.7,31.1,Julio,17116.17,alta
Alimentos,1703.96,142,4207.03,2.4,Mayo,20402.82,alta
Ropa,414.35,379,4859.94,44.1,Mayo,8002.98,alta
Tecnologia,1577.98,303,1034.13,35.2,Enero,4608.83,media
Alimentos,,421,3043.54,13.2,Junio,16311.88,alta
Deportes,1266.48,241,4439.89,42.2,Junio,12418.15,alta
Alimentos,1823.86,105,3959.72,10.4,Septiembre,14536.18,alta
Deportes,544.26,352,675.5,12.9,Octubre,15810.12,alta
Alimentos,64.18,482,4489.66,38.2,Junio,4955.58,media
Deportes,687.59,484,3111.33,36.7,Enero,6637.12,alta
Alimentos,1395.28,342,4677.01,22.9,Noviembre,33954.73,alta
Ropa,717.49,455,1717.61,0.0,Agosto,11805.87,alta
Hogar,1844.01,280,2634.31,3.6,Febrero,29219.47,alta
Alimentos,94.92,308,1966.54,12.4,Diciembre,5268.46,alta
Deportes,529.58,57,1075.4,48.9,Abril,8720.61,alta
Tecnologia,725.1,214,2656.5,30.5,Enero,16016.02,alta
Tecnologia,1627.4,124,4402.46,47.6,Enero,17315.49,alta
ALIMENTOS,,8,388.73,18.6,Diciembre,6586.22,alta
Hogar,1603.29,235,2068.79,43.1,Junio,13453.29,alta
Alimentos,915.36,134,3696.24,28.4,Junio,29374.52,alta
Hogar,1206.65,200,1290.27,28.3,Abril,27044.22,alta
Deportes,,458,3454.3,41.3,Febrero,16556.65,alta
Hogar,1727.56,94,,21.2,Agosto,46613.56,alta
Ropa,,376,212.16,10.2,Mayo,2125.28,media
Tecnologia,,390,3892.85,23.5,Junio,18066.3,alta
tecnologia,1524.23,233,140.01,13.0,Noviembre,13398.61,alta
Ropa,1946.73,400,2567.58,0.7,Febrero,37486.92,alta
Ropa,1472.87,425,2346.16,27.2,Agosto,43598.24,alta
Ropa,,25,2417.98,47.2,Febrero,8374.55,alta
Hogar,1915.08,80,2262.53,23.1,Julio,45757.33,alta
Ropa,1437.01,56,3051.73,1.3,Noviembre,32457.92,alta
Tecnologia,188.47,300,3281.42,44.9,Junio,7955.79,alta
Ropa,245.02,97,,45.6,Enero,3145.39,media
Hogar,188.23,81,366.27,39.3,Agosto,1415.6,baja
Deportes,1205.21,116,4064.1,41.3,Febrero,10041.67,alta
Tecnologia,994.32,265,4030.42,9.6,Agosto,16711.57,alta
Tecnologia,1384.56,202,442.42,39.7,Noviembre,31704.35,alta
Hogar,1529.64,394,4625.03,13.8,Julio,8231.15,alta
Alimentos,1966.77,434,1478.59,3.8,Noviembre,39232.55,alta
Deportes,978.05,66,2736.54,18.1,Diciembre,144624.26687396702,alta
Tecnologia,60.79,373,1967.18,33.1,Febrero,3657.59,media
deportes,1010.7,419,271.86,7.3,Febrero,21893.47,alta
Deportes,1998.54,388,1540.13,15.6,Enero,186296.0648458212,alta
Hogar,1317.27,481,901.56,10.9,Septiembre,34128.25,alta
Hogar,1732.16,67,4767.18,31.3,Mayo,33883.98,alta
Alimentos,217.37,498,2183.45,21.8,Abril,5127.8,alta
Tecnologia,1007.61,383,2783.77,8.7,Mayo,22422.7,alta
Hogar,385.26,141,970.12,3.5,Enero,10428.04,alta
Deportes,20.24,329,118.42,7.4,Mayo,703.24,baja
Hogar,600.88,193,993.91,49.4,Diciembre,9885.69,alta
Tecnologia,292.47,165,1265.37,19.8,Mayo,3047.98,media
Tecnologia,414.28,285,620.8,30.8,Junio,143820.12739516902,media
Ropa,861.95,394,3300.51,43.7,Septiembre,8321.79,alta
Deportes,672.17,229,2248.81,40.3,Abril,17527.21,alta
Alimentos,1227.97,284,846.77,48.5,Diciembre,4965.21,media
Hogar,1728.51,462,1308.08,5.2,Febrero,15204.19,alta
Tecnologia,1098.77,34,902.94,9.3,Enero,18703.56,alta
Alimentos,963.39,18,3791.13,18.4,Junio,24632.37,alta
Alimentos,1217.2,39,2494.86,33.1,Octubre,12370.34,alta
Hogar,1924.41,469,3626.34,24.3,Junio,11078.33,alta
Ropa,1901.05,47,1728.16,28.6,Mayo,27351.1,alta
Hogar,1953.45,220,,48.1,Agosto,45766.02,alta
Tecnologia,776.58,35,2222.46,37.3,Marzo,11325.11,alta
Tecnologia,,6,297.39,33.7,Octubre,20977.64,alta
Tecnologia,270.03,454,587.19,7.1,Mayo,2375.63,media
Tecnologia,134.86,67,786.62,14.6,Enero,1808.04,media
Alimentos,1148.48,19,1280.16,9.3,Marzo,6901.3,alta
Ropa,803.78,420,4829.78,32.9,Agosto,23009.92,alta
Alimentos,373.46,15,1486.15,15.7,Febrero,2716.04,media
tecnologia,206.1,268,3753.22,30.0,Febrero,7628.05,alta
Tecnologia,1229.73,246,3041.33,28.0,Diciembre,35366.99,alta
Ropa,,303,3432.0,23.9,Octubre,5894.47,alta
Deportes,1359.31,454,1036.82,22.5,Septiembre,17840.36,alta
Ropa,213.71,466,2593.99,32.4,Diciembre,3968.87,media
Ropa,1979.39,101,2624.75,24.9,Septiembre,9983.75,alta
Hogar,1784.57,48,3785.49,43.4,Enero,52418.85,alta
Ropa,345.58,316,4300.22,10.1,Marzo,12057.08,alta
Deportes,654.02,220,2213.92,24.0,Agosto,5081.77,alta
Hogar,1110.21,298,3580.63,35.8,Septiembre,36106.79,alta
Ropa,352.79,195,1346.51,10.9,Noviembre,5857.42,alta
Alimentos,187.01,239,4698.5,7.7,Abril,9219.3,alta
Hogar,1230.86,308,,34.2,Febrero,12214.53,alta
Deportes,,361,,39.6,Agosto,32746.94,alta
Alimentos,1527.43,399,4715.96,8.0,Agosto,8266.79,alta
Hogar,837.22,428,,25.6,Julio,177023.07260489065,alta
Alimentos,464.09,166,4253.57,34.1,Octubre,13251.05,alta
Deportes,212.68,246,499.06,35.4,Diciembre,2252.75,media
Alimentos,1240.99,29,2240.9,39.7,Marzo,23916.45,alta
Deportes,476.64,5,1543.41,12.0,Noviembre,11446.29,alta
Alimentos,1390.21,312,2433.7,31.6,Julio,16946.7,alta
Alimentos,1617.07,335,2433.26,25.1,Marzo,49955.16,alta
Hogar,1190.65,48,3375.59,13.6,Noviembre,30812.08,alta
Ropa,322.55,250,2007.65,39.3,Junio,11118.72,alta
Deportes,1050.37,142,1763.85,15.0,Agosto,21014.22,alta
Alimentos,1248.23,417,2653.75,28.4,Agosto,14796.95,alta
Tecnologia,1926.45,357,3076.11,38.8,Abril,45426.86,alta
Deportes,1755.97,267,612.21,36.4,Febrero,42190.17,alta
Hogar,1375.7,438,3284.55,43.5,Septiembre,24019.13,alta
Ropa,661.35,435,,35.6,Febrero,19828.79,alta
Alimentos,272.23,249,,30.1,Febrero,7375.14,alta
Hogar,958.72,343,4452.27,19.2,Septiembre,11358.27,alta
Alimentos,,468,2504.23,13.5,Diciembre,14164.68,alta
Deportes,259.34,227,1042.2,24.5,Mayo,5703.97,alta
Ropa,393.45,265,2506.79,19.3,Noviembre,14079.35,alta
Tecnologia,1963.0,407,1841.64,13.5,Septiembre,8052.98,alta
Tecnologia,1247.92,113,3737.67,31.4,Junio,120497.94734105203,alta
Hogar,128.65,307,1703.94,36.9,Mayo,3453.16,media
Alimentos,1460.36,202,1993.69,22.0,Mayo,10952.37,alta
Ropa,847.85,235,2763.71,9.1,Febrero,130293.92496362556,alta
Hogar,,72,1518.83,26.7,Enero,54958.76,alta
Deportes,1712.17,31,2516.3,30.2,Agosto,14101.43,alta
Ropa,1417.29,157,1589.65,27.4,Junio,21121.44,alta
Deportes,1234.94,102,653.18,13.3,Marzo,11047.47,alta
Alimentos,796.87,444,1042.67,34.0,Septiembre,18659.26,alta
Tecnologia,1417.1,212,1570.07,32.9,Mayo,39089.43,alta
Tecnologia,,354,1224.91,13.5,Marzo,10295.79,alta
Hogar,654.63,490,4543.44,27.5,Enero,13597.89,alta
Deportes,1961.74,434,3306.07,36.5,Marzo,21703.88,alta
Ropa,1257.58,492,763.83,32.0,Mayo,33596.37,alta
Deportes,1954.96,302,4856.51,31.9,Mayo,31160.18,alta
Alimentos,,485,2500.42,25.3,Junio,31522.1,alta
Hogar,1534.14,69,599.41,23.5,Enero,43424.19,alta
Hogar,701.77,273,4768.82,2.7,Octubre,6616.28,alta
Deportes,590.2,413,2631.72,2.4,Agosto,19560.33,alta
Ropa,1351.62,484,1272.47,31.8,Mayo,23665.58,alta
Tecnologia,404.0,343,3159.32,6.0,Junio,12244.58,alta
Hogar,275.19,479,4601.1,39.9,Septiembre,9503.5,alta
Tecnologia,841.25,486,3829.16,32.0,Mayo,28203.76,alta
Deportes,615.61,306,3157.57,41.2,Octubre,9610.3,alta
Ropa,1031.2,83,,25.7,Septiembre,31374.86,alta
Tecnologia,1975.05,425,1124.0,44.9,Abril,25078.57,alta
hogar,1639.55,127,2699.46,26.1,Noviembre,15817.62,alta
Deportes,674.9,264,1828.27,21.0,Septiembre,21326.4,alta
Tecnologia,1185.04,242,2593.02,46.3,Julio,37390.73,alta
Alimentos,560.37,143,1229.06,35.5,Agosto,5690.76,alta
Ropa,1108.69,482,2422.29,0.2,Septiembre,24563.76,alta
Hogar,1389.38,107,2901.17,47.3,Diciembre,17181.89,alta
Hogar,1846.91,430,,35.9,Abril,27783.25,alta
Tecnologia,1843.01,463,1377.43,3.4,Julio,32072.02,alta
hogar,436.46,165,4805.97,43.2,Mayo,5652.33,alta
Tecnologia,1096.95,216,1710.16,7.9,Noviembre,25564.11,alta
Tecnologia,521.63,364,50.75,16.1,Julio,12085.55,alta
Deportes,1014.18,196,773.07,41.5,Octubre,18893.81,alta
Alimentos,1245.84,11,724.47,21.5,Julio,7186.74,alta
Alimentos,1343.71,389,,23.0,Octubre,38122.0,alta
Tecnologia,1313.89,377,2974.78,33.4,Mayo,40261.61,alta
Deportes,1636.89,426,2789.08,17.5,Febrero,23085.11,alta
Hogar,1819.69,33,,19.4,Febrero,39948.04,alta
Tecnologia,1800.23,498,4955.85,4.4,Febrero,32624.92,alta
Tecnologia,246.87,14,796.05,7.7,Diciembre,7856.17,alta
Hogar,1618.8,150,229.63,43.8,Diciembre,47053.14,alta
Hogar,1229.38,447,2981.22,21.5,Mayo,34387.44,alta
Tecnologia,1787.06,27,3714.63,30.9,Mayo,52808.45,alta
Ropa,204.67,499,4385.77,33.8,Febrero,140467.02168989382,alta
Alimentos,1665.39,375,482.03,24.3,Abril,12151.08,alta
Deportes,176.69,140,3745.57,17.3,Septiembre,4240.96,media
Deportes,327.13,471,3536.17,8.4,Julio,12768.92,alta
Hogar,1700.47,373,2271.83,37.4,Enero,13059.83,alta
Ropa,613.6,64,3956.35,12.8,Junio,14892.66,alta
Alimentos,1789.53,17,,30.6,Enero,47960.16,alta
Hogar,438.6,365,1911.99,41.6,Febrero,10518.74,alta
Tecnologia,671.18,72,98.41,11.6,Agosto,12691.69,alta
TECNOLOGIA,1633.46,406,541.07,18.8,Octubre,16759.99,alta
Hogar,553.34,431,1268.77,32.4,Abril,13344.1,alta
Ropa,27.7,403,4502.09,1.2,Junio,4220.47,media
Ropa,438.71,57,324.29,46.3,Agosto,10482.46,alta
Deportes,180.01,207,1900.43,39.0,Abril,4473.0,media
Tecnologia,1878.69,209,2462.09,35.5,Octubre,57418.1,alta
Alimentos,1710.61,189,1093.57,34.4,Septiembre,32225.16,alta
TECNOLOGIA,1184.88,120,,9.7,Julio,24669.42,alta
Alimentos,1156.15,272,499.33,25.9,Febrero,16474.86,alta
Deportes,1214.77,479,629.07,44.2,Agosto,36705.11,alta
Ropa,1277.81,465,3508.62,5.6,Agosto,10288.47,alta
Ropa,464.07,419,148.03,32.1,Enero,9306.52,alta
Hogar,66.07,363,,18.2,Noviembre,4601.49,media
Hogar,568.3,472,3748.03,15.2,Noviembre,10109.07,alta
Hogar,746.51,390,4137.16,39.2,Noviembre,14047.74,alta
Hogar,345.56,492,2758.79,39.3,Enero,6763.01,alta
HOGAR,389.69,143,3094.33,46.3,Junio,6546.02,alta
Hogar,15.7,332,4614.65,12.4,Octubre,4660.22,media
Ropa,160.33,215,1644.38,4.1,Junio,5508.26,alta
Hogar,1278.7,104,531.0,25.7,Diciembre,19418.64,alta
Deportes,364.34,212,1902.89,5.9,Abril,12363.22,alta
Ropa,1421.66,74,997.66,19.5,Diciembre,24517.86,alta
Alimentos,1777.71,101,4798.86,37.2,Diciembre,27935.7,alta
Alimentos,557.58,293,2703.48,11.7,Febrero,14935.76,alta
ROPA,1092.18,479,3399.96,4.0,Abril,12217.77,alta
Tecnologia,219.89,228,4979.74,32.5,Junio,7873.37,alta
Hogar,862.16,467,3687.51,35.2,Junio,27100.38,alta
Ropa,1374.83,285,3667.99,13.3,Agosto,25852.65,alta
Deportes,1580.6,35,1201.5,33.5,Febrero,15322.45,alta
Hogar,657.6,449,3139.73,17.9,Enero,14932.17,alta
Ropa,213.12,254,2631.15,33.8,Julio,2866.38,media
Deportes,298.8,357,3328.53,9.2,Julio,11150.61,alta
Deportes,,217,2115.55,31.0,Febrero,33518.97,alta
Ropa,958.14,317,3167.17,0.3,Diciembre,13371.82,alta
Tecnologia,34.77,26,614.0,43.4,Diciembre,759.2,baja
Hogar,,365,2502.38,8.7,Marzo,4365.61,media
Tecnologia,1770.0,430,640.28,48.5,Noviembre,48975.92,alta
Deportes,1158.54,377,,37.2,Mayo,26235.94,alta
Alimentos,1157.0,11,3106.34,14.6,Septiembre,21310.06,alta
Alimentos,538.54,404,,41.3,Agosto,1887.01,media
Deportes,310.44,323,1775.74,14.2,Marzo,3356.34,media
ROPA,803.68,53,4652.22,24.8,Septiembre,19299.15,alta
Alimentos,1534.58,401,4622.98,10.7,Abril,39026.41,alta
Ropa,1517.81,305,,0.9,Diciembre,20330.47,alta
Deportes,113.15,17,1815.18,36.8,Mayo,1651.62,media
deportes,884.82,93,837.28,50.0,Febrero,24254.99,alta
Deportes,896.71,457,2270.68,22.1,Junio,5765.83,alta
Alimentos,1111.35,120,900.55,40.9,Diciembre,9950.13,alta
Tecnologia,1735.78,408,3374.69,39.4,Abril,44644.01,alta
Alimentos,1325.63,300,,36.5,Noviembre,33396.38,alta
Deportes,,162,2623.41,33.1,Junio,44790.95,alta
Tecnologia,1044.51,420,1152.97,3.3,Noviembre,20269.77,alta
Deportes,1576.72,451,3720.16,18.3,Noviembre,36603.31,alta
Alimentos,1571.28,150,1123.56,39.3,Marzo,6257.2,alta
Deportes,416.68,478,4858.67,2.7,Marzo,17173.41,alta
Deportes,1087.66,112,4110.1,47.6,Noviembre,26378.5,alta
Alimentos,820.57,71,3663.51,42.4,Febrero,19210.25,alta
Alimentos,477.38,204,943.58,25.3,Septiembre,12293.68,alta
Alimentos,1428.51,467,4341.24,28.6,Diciembre,37727.01,alta
Deportes,557.35,460,3276.04,36.7,Mayo,9769.88,alta
Deportes,734.99,414,4974.69,28.1,Marzo,9713.5,alta
Ropa,1814.42,485,3070.05,40.3,Marzo,15318.03,alta
Hogar,1731.8,431,2689.86,15.8,Agosto,33672.87,alta
Hogar,239.95,346,1613.69,26.3,Agosto,6147.22,alta
ROPA,1838.67,321,2599.79,16.7,Mayo,41548.77,alta
Deportes,1359.31,354,2571.74,6.0,Mayo,6281.17,alta
Ropa,1639.05,285,1462.05,25.3,Diciembre,45846.39,alta
Hogar,154.45,57,1964.58,23.7,Julio,2930.58,media
Alimentos,1395.32,349,2501.78,46.3,Diciembre,22801.68,alta
Tecnologia,1787.61,164,683.24,28.7,Febrero,25617.98,alta
Hogar,1621.77,84,445.63,29.5,Noviembre,22733.08,alta
Deportes,60.37,42,2123.66,23.6,Enero,3038.68,media
Deportes,1540.9,498,277.78,1.5,Julio,31462.26,alta
Ropa,903.79,415,405.86,14.5,Septiembre,26233.41,alta
Ropa,907.75,99,,19.9,Octubre,21041.36,alta
Tecnologia,531.21,354,4146.84,47.3,Abril,16943.46,alta
Hogar,1016.81,329,1785.4,24.0,Octubre,137558.27439997208,alta
Alimentos,245.85,45,4112.87,45.5,Octubre,8341.99,alta
Ropa,766.31,21,2437.5,27.2,Diciembre,10498.2,alta
Deportes,695.73,101,1639.47,11.6,Marzo,19498.19,alta
Ropa,321.7,413,502.91,27.5,Noviembre,5961.08,alta
Tecnologia,1564.46,99,2342.49,15.7,Enero,25645.21,alta
Alimentos,1898.2,413,2948.23,44.0,Mayo,29854.14,alta
Alimentos,1951.06,123,2441.88,10.3,Septiembre,208047.0052126008,alta
Alimentos,1319.9,340,2841.4,28.1,Junio,25725.53,alta
Hogar,,63,2312.83,41.4,Octubre,38279.44,alta
Hogar,811.81,295,1982.21,2.7,Noviembre,17581.42,alta
HOGAR,850.21,404,1289.04,24.6,Octubre,17026.88,alta
Alimentos,1549.23,157,1908.66,10.4,Marzo,37960.64,alta
Tecnologia,1848.82,391,2959.09,34.9,Agosto,55625.13,alta
Hogar,1447.12,97,4012.55,33.8,Julio,23233.62,alta
Tecnologia,1396.48,189,2868.43,13.4,Agosto,31664.94,alta
Ropa,932.38,71,1219.32,24.9,Junio,18338.03,alta
Deportes,1276.47,248,4108.65,21.2,Julio,14371.02,alta
Alimentos,1203.6,333,296.33,6.1,Mayo,15567.82,alta
Alimentos,1213.13,414,3634.02,38.2,Septiembre,26416.68,alta
Alimentos,1700.95,344,2224.7,21.9,Septiembre,34543.89,alta
Tecnologia,1474.04,85,2091.68,37.0,Diciembre,4520.79,media
Deportes,262.27,215,877.08,20.3,Agosto,2081.43,media
Deportes,1525.06,249,3300.38,23.9,Julio,6997.85,alta
Deportes,,145,,37.4,Agosto,28677.39,alta
Deportes,,496,583.86,2.9,Julio,10734.88,alta
Alimentos,1573.72,414,4943.21,9.9,Octubre,27456.63,alta
Alimentos,187.26,251,1510.28,17.8,Diciembre,2284.85,media
Ropa,1201.71,284,4384.06,3.0,Diciembre,29986.42,alta
Alimentos,33.36,41,1629.62,21.3,Enero,2193.22,media
Deportes,1871.11,85,1049.65,4.8,Enero,46717.07,alta
Alimentos,,474,3734.83,49.4,Marzo,217240.04709487484,alta
Hogar,33.09,35,4246.33,10.0,Junio,3857.05,media
Hogar,840.86,327,3280.8,25.5,Diciembre,12051.16,alta
Ropa,831.62,235,243.24,0.4,Abril,12664.69,alta
Alimentos,290.42,202,1639.51,7.5,Noviembre,4608.89,media
Deportes,,439,3909.45,24.4,Enero,7329.45,alta
Ropa,1331.13,21,4327.46,17.9,Febrero,16817.21,alta
Hogar,985.89,488,305.42,9.4,Agosto,6517.47,alta
Alimentos,1118.59,482,4909.36,19.9,Mayo,17367.41,alta
Hogar,,257,2312.33,12.2,Mayo,18223.03,alta
Tecnologia,1907.62,298,3533.54,34.4,Enero,17833.26,alta
Tecnologia,1638.75,66,1935.05,17.1,Noviembre,12089.06,alta
Tecnologia,519.33,498,1560.52,45.7,Marzo,13708.86,alta
Alimentos,1556.65,106,4001.9,8.8,Abril,22238.56,alta
Alimentos,,88,1640.33,36.8,Octubre,46917.84,alta
Deportes,1024.03,315,4526.99,17.2,Abril,33338.42,alta
Ropa,13.06,32,162.13,47.9,Enero,100.0,baja
Hogar,184.51,302,,28.3,Julio,4915.96,media
Tecnologia,15.82,412,4570.53,9.2,Julio,4521.19,media
TECNOLOGIA,1909.64,226,1103.83,7.4,Marzo,48224.92,alta
Ropa,557.26,218,2274.61,39.5,Mayo,4151.26,media
Alimentos,1265.56,56,1023.55,23.8,Noviembre,13369.71,alta
Tecnologia,1783.64,269,4707.85,8.0,Agosto,36743.39,alta
Alimentos,1961.89,203,3785.01,49.1,Diciembre,48023.79,alta
Alimentos,918.19,363,3060.66,16.2,Agosto,18242.66,alta
Hogar,100.72,177,,17.0,Agosto,5043.63,alta
Ropa,854.92,63,289.65,28.9,Febrero,17333.37,alta
Deportes,1788.27,167,2134.85,9.6,Agosto,18121.3,alta
Ropa,1984.25,281,3329.19,13.9,Octubre,34332.85,alta
Ropa,767.7,200,3018.29,12.1,Enero,4590.38,media
Hogar,327.23,406,3802.57,0.1,Febrero,5509.65,alta
Deportes,314.15,362,2172.75,5.2,Noviembre,7696.25,alta
Deportes,1618.21,74,4718.31,15.1,Mayo,6628.81,alta
Tecnologia,650.79,462,1084.01,40.6,Abril,3378.83,media
Tecnologia,1448.75,348,4884.71,32.5,Diciembre,20375.08,alta
Hogar,1088.54,261,2781.81,11.7,Diciembre,8083.83,alta
Deportes,676.23,405,,15.0,Junio,14969.96,alta
Alimentos,302.44,246,1892.47,17.0,Mayo,10433.87,alta
Hogar,692.07,413,1595.21,31.7,Noviembre,14338.0,alta
Ropa,1911.54,351,4028.72,25.3,Abril,21261.29,alta
Hogar,41.03,145,1810.51,16.7,Marzo,2552.38,media
deportes,1041.59,447,3256.19,21.2,Noviembre,27433.79,alta
Ropa,222.7,476,4962.01,8.7,Julio,9632.39,alta
Deportes,1967.16,73,4322.65,37.6,Febrero,12589.31,alta
Ropa,87.96,74,2268.81,40.4,Mayo,2878.77,media
Tecnologia,1286.95,459,336.32,39.9,Agosto,31539.18,alta
Alimentos,703.75,344,4244.85,5.3,Diciembre,24471.85,alta
Hogar,1641.2,418,3640.55,36.4,Enero,18271.26,alta
hogar,826.47,473,1836.39,49.8,Noviembre,20759.12,alta
Deportes,503.13,397,961.18,46.1,Abril,10874.17,alta
HOGAR,1411.26,124,99.09,34.1,Mayo,33688.46,alta
Tecnologia,143.77,394,3869.47,2.1,Febrero,4343.07,media
Hogar,1954.51,492,3340.22,37.9,Febrero,42970.52,alta
tecnologia,1166.99,208,1470.67,6.4,Enero,12338.4,alta
Tecnologia,287.54,37,3391.22,30.0,Enero,10377.76,alta
Hogar,806.71,70,3153.15,48.3,Octubre,9199.69,alta
Deportes,720.9,410,1211.56,39.9,Febrero,10050.72,alta
Alimentos,358.99,346,1868.85,2.1,Enero,8796.61,alta
Tecnologia,1714.18,213,322.33,27.9,Mayo,30459.3,alta
Alimentos,970.48,495,214.58,18.7,Mayo,22868.47,alta
Tecnologia,1859.11,157,359.22,27.2,Octubre,11554.03,alta
Tecnologia,311.02,93,1016.69,35.3,Noviembre,7189.16,alta
Alimentos,1857.62,92,4075.02,45.0,Septiembre,37010.69,alta
Alimentos,,316,4345.26,27.2,Septiembre,5934.17,alta
Hogar,533.32,372,1636.82,6.5,Agosto,4671.78,media
Alimentos,1484.42,177,3299.24,18.8,Junio,28370.18,alta
Alimentos,1026.62,111,3084.49,28.0,Abril,13443.67,alta
Hogar,415.98,333,3778.85,25.4,Enero,4951.36,media
Hogar,465.4,15,833.02,12.1,Abril,9690.98,alta
Ropa,1202.12,266,3303.94,48.1,Noviembre,37939.1,alta
Hogar,1308.55,250,3635.62,1.9,Diciembre,26426.11,alta
Tecnologia,1222.58,42,3166.67,33.3,Agosto,8351.45,alta
Alimentos,1489.89,363,1423.89,30.6,Marzo,23229.59,alta
Alimentos,1700.54,294,3353.31,47.8,Enero,32500.6,alta
Tecnologia,424.99,295,4178.94,7.8,Febrero,6290.22,alta
Deportes,1187.97,198,3771.56,25.8,Septiembre,8809.26,alta
Tecnologia,207.78,69,3204.04,9.2,Octubre,7387.36,alta
Tecnologia,1847.14,289,2279.68,48.1,Septiembre,191890.76496864785,alta
Ropa,1403.69,277,2659.44,2.5,Junio,15593.71,alta
Hogar,1682.87,343,4572.02,35.8,Noviembre,47905.96,alta
Hogar,434.59,142,4894.8,7.7,Febrero,6313.19,alta
Deportes,690.91,169,3760.28,16.6,Agosto,10686.15,alta
Deportes,1615.44,78,4971.73,9.5,Octubre,33991.37,alta
Ropa,574.57,345,3193.24,24.7,Octubre,5200.45,alta
Ropa,203.06,387,2426.43,11.1,Septiembre,5457.76,alta
Deportes,1309.86,165,,10.2,Diciembre,18000.63,alta
Alimentos,288.63,398,2731.74,9.4,Octubre,5879.94,alta
Hogar,494.72,170,1097.52,4.6,Abril,15000.02,alta
Hogar,1708.93,490,1842.11,28.2,Julio,20494.86,alta
Tecnologia,973.23,274,2138.56,17.7,Agosto,29538.97,alta
Alimentos,962.68,62,1690.79,11.7,Enero,25921.96,alta
Hogar,1188.03,220,2639.35,0.8,Mayo,8348.35,alta
Tecnologia,232.17,446,,45.6,Noviembre,6918.16,alta
Ropa,933.07,126,1115.5,6.3,Mayo,5104.22,alta
Hogar,164.73,127,648.36,29.9,Abril,2866.87,media
Alimentos,,355,3901.87,18.1,Junio,19221.95,alta
Tecnologia,1709.19,190,480.39,23.0,Diciembre,9767.77,alta
Alimentos,1897.83,446,2500.54,31.7,Marzo,36135.84,alta
Alimentos,186.27,260,3738.03,12.4,Septiembre,7889.9,alta
Tecnologia,1685.53,9,518.75,32.9,Febrero,21213.9,alta
Ropa,1922.44,470,149.42,8.1,Octubre,14909.8,alta
Deportes,43.71,463,4713.85,18.8,Junio,5707.63,alta
Tecnologia,852.76,201,3925.1,21.5,Junio,153775.8979593345,alta
Ropa,1242.21,34,2103.96,41.3,Junio,23534.16,alta
Alimentos,1596.32,256,2115.57,17.1,Junio,24919.12,alta
Tecnologia,1712.95,241,366.18,38.0,Mayo,4167.68,media
Hogar,454.14,459,2185.52,39.3,Junio,3819.7,media
Hogar,296.08,257,3312.0,6.4,Octubre,8014.35,alta
Ropa,867.76,476,,36.8,Noviembre,9466.91,alta
Deportes,1666.7,35,,5.9,Noviembre,52063.2,alta
Ropa,1718.32,194,4043.6,36.1,Junio,22364.73,alta
Tecnologia,332.64,367,2887.43,28.5,Julio,9629.21,alta
Deportes,249.43,60,3232.2,47.9,Noviembre,8741.82,alta
Ropa,1288.98,429,1533.91,37.5,Abril,12272.1,alta
Ropa,1937.9,199,2594.46,28.5,Agosto,47651.93,alta
Deportes,753.02,53,2778.96,4.8,Marzo,22493.01,alta
Ropa,1800.88,448,1630.2,47.1,Junio,45294.85,alta
Tecnologia,784.47,197,2653.87,26.5,Diciembre,19814.28,alta
Alimentos,1365.26,429,1218.93,9.1,Agosto,37104.36,alta
Alimentos,29.5,251,2170.28,15.8,Octubre,2505.1,media
Tecnologia,1353.39,410,168.35,40.4,Junio,27641.5,alta
Deportes,466.54,18,1212.27,31.7,Julio,14952.31,alta
Alimentos,1771.3,369,2496.93,36.4,Noviembre,28857.48,alta
Hogar,1584.16,320,4310.65,27.0,Mayo,34798.93,alta
Hogar,67.58,167,126.39,23.1,Agosto,1565.74,media
tecnologia,1594.47,224,3466.06,46.6,Febrero,50563.48,alta
Alimentos,1112.26,357,4979.95,1.8,Marzo,14374.92,alta
Ropa,1252.88,355,1834.69,34.2,Marzo,12130.26,alta
Deportes,,45,4988.61,2.9,Agosto,7253.36,alta
Deportes,1991.74,397,4939.49,48.7,Marzo,43969.2,alta
Ropa,249.86,461,2098.03,21.7,Mayo,5174.1,alta
Hogar,1295.74,153,1194.9,21.8,Marzo,10237.36,alta
Alimentos,300.35,205,3695.17,3.6,Febrero,6263.77,alta
Hogar,1670.32,432,3614.63,49.1,Octubre,34100.08,alta
Hogar,1314.43,132,2967.07,11.0,Agosto,25548.02,alta
Tecnologia,,102,3213.96,39.0,Diciembre,10039.06,alta
Hogar,1554.77,102,4030.7,38.2,Septiembre,36108.8,alta
Deportes,199.66,168,3648.78,43.0,Octubre,7844.14,alta
Alimentos,849.75,353,,17.0,Julio,15952.87,alta
Tecnologia,690.95,497,2290.46,40.9,Noviembre,15807.3,alta
Alimentos,448.79,391,,16.5,Abril,6135.66,alta
Ropa,867.28,267,2655.92,23.4,Junio,9612.79,alta
Hogar,593.22,411,4135.57,7.5,Agosto,5733.43,alta
Ropa,1547.11,106,2043.01,42.7,Agosto,220349.02881989605,alta
Hogar,712.97,283,3283.69,48.8,Noviembre,13200.87,alta
Hogar,902.76,353,948.54,39.6,Noviembre,11293.84,alta
Hogar,1112.59,484,,25.2,Agosto,5561.48,alta
Ropa,1491.78,310,3985.94,45.7,Diciembre,34892.71,alta
Hogar,897.26,402,,16.5,Agosto,22458.84,alta
Tecnologia,1207.22,435,3314.8,30.9,Diciembre,19167.97,alta
Alimentos,1694.82,59,4393.33,38.8,Junio,44683.46,alta
Alimentos,967.69,339,693.28,5.6,Diciembre,10476.37,alta
Alimentos,,109,1372.12,8.8,Septiembre,23347.7,alta
Tecnologia,430.56,369,3837.17,24.2,Diciembre,10709.63,alta
Tecnologia,1652.8,132,2175.22,12.3,Enero,49746.33,alta
Hogar,,471,2825.36,20.4,Agosto,14628.22,alta
Alimentos,1727.7,451,2979.22,43.6,Julio,33360.52,alta
Ropa,1961.34,355,4817.09,8.6,Octubre,51913.91,alta
Alimentos,435.1,37,3712.33,38.1,Marzo,4638.21,media
Alimentos,994.83,187,2038.75,47.6,Junio,10336.17,alta
Tecnologia,112.73,427,1631.3,9.6,Diciembre,3975.4,media
Deportes,114.17,6,1003.17,9.6,Marzo,2192.57,media
Alimentos,1222.52,372,1568.15,2.4,Abril,19403.36,alta
Hogar,1401.99,22,135.24,28.5,Junio,20832.45,alta
Deportes,474.68,47,2781.04,44.7,Abril,12987.1,alta
Deportes,45.38,315,275.5,17.5,Abril,1091.71,baja
Hogar,1856.27,20,127.44,9.7,Marzo,7869.0,alta
Tecnologia,872.03,383,4744.65,16.7,Junio,20349.06,alta
Alimentos,1914.35,479,2656.72,2.4,Agosto,40136.34,alta
Hogar,1481.09,429,1975.42,2.8,Octubre,26064.55,alta
Alimentos,657.16,313,4343.59,28.1,Agosto,14459.32,alta
Hogar,162.55,266,3432.76,49.9,Febrero,6346.34,alta
Tecnologia,1407.28,492,4471.27,25.8,Mayo,46338.42,alta
Tecnologia,1864.86,314,2701.56,11.4,Junio,24751.37,alta
Alimentos,,195,1789.58,25.3,Enero,29257.12,alta
Tecnologia,538.93,38,3820.29,31.7,Febrero,17608.16,alta
Hogar,1398.69,275,4044.99,34.5,Octubre,43744.74,alta
Hogar,,10,45.23,45.4,Octubre,7470.95,alta
Tecnologia,1362.07,268,2848.29,37.8,Octubre,13298.72,alta
Deportes,1216.27,79,,42.8,Enero,15538.93,alta
Ropa,1955.64,268,3948.89,6.4,Septiembre,42983.19,alta
Alimentos,132.13,96,4639.33,38.1,Diciembre,7171.4,alta
Ropa,723.03,305,2802.76,23.6,Julio,14161.22,alta
Hogar,614.99,8,421.16,18.0,Mayo,8702.48,alta
Tecnologia,1315.52,359,3275.05,40.2,Octubre,12402.32,alta
Hogar,1740.41,487,3409.6,4.7,Noviembre,32314.18,alta
Deportes,1593.75,495,4691.62,31.3,Enero,51611.61,alta
Tecnologia,1709.63,151,1125.41,14.1,Septiembre,15319.34,alta
Alimentos,131.9,466,1758.05,37.4,Junio,5508.6,alta
tecnologia,1276.52,398,2523.5,48.0,Noviembre,9451.96,alta
ROPA,,248,820.54,30.3,Junio,3995.9,media
Deportes,339.74,112,,20.5,Noviembre,10634.8,alta
Ropa,915.85,296,2822.2,18.7,Abril,10414.38,alta
Tecnologia,1240.39,102,3669.8,42.3,Septiembre,14174.76,alta
Hogar,1929.1,447,1681.15,5.1,Abril,19891.09,alta
Ropa,1022.34,77,3348.24,2.6,Enero,18029.56,alta
Ropa,247.11,385,3446.42,32.9,Abril,4377.07,media
Alimentos,1400.2,323,2099.54,25.8,Septiembre,23215.71,alta
Alimentos,1383.72,485,3629.62,8.4,Agosto,40943.55,alta
Alimentos,514.2,132,,48.1,Abril,8264.2,alta
Tecnologia,1002.15,6,1127.03,48.8,Diciembre,20295.84,alta
Ropa,683.71,383,1756.63,33.6,Octubre,5192.21,alta
Alimentos,331.2,8,4509.41,40.1,Diciembre,6564.78,alta
Alimentos,1666.21,466,3102.51,28.6,Septiembre,50459.59,alta
Tecnologia,226.35,394,606.04,25.2,Julio,4749.11,media
Deportes,1619.6,201,3076.77,37.6,Febrero,44015.78,alta
Tecnologia,679.64,495,8.69,41.5,Mayo,5432.85,alta
Ropa,248.44,149,3804.02,10.4,Junio,4797.91,media
Tecnologia,816.54,278,98.26,20.2,Agosto,13356.94,alta
Deportes,1072.87,275,327.87,23.8,Diciembre,11965.45,alta
Deportes,,77,946.96,18.5,Septiembre,24690.05,alta
Deportes,1756.31,494,1655.28,1.1,Mayo,31798.99,alta
Hogar,897.5,73,3901.32,19.5,Diciembre,26164.47,alta
Ropa,1270.96,23,3040.58,33.5,Diciembre,24838.32,alta
Hogar,,289,2126.58,41.9,Marzo,19123.03,alta
Tecnologia,,443,2950.28,4.6,Julio,8181.95,alta
Deportes,833.32,190,656.36,32.3,Agosto,11929.85,alta
tecnologia,795.0,211,545.02,8.7,Junio,18545.76,alta
Tecnologia,1996.95,357,1247.12,31.3,Abril,27381.5,alta
Deportes,1802.43,482,2809.83,23.4,Marzo,25754.49,alta
Alimentos,1874.83,447,1975.18,11.5,Enero,36575.1,alta
Tecnologia,1668.96,363,2542.24,42.3,Julio,44833.21,alta
Deportes,927.79,472,,42.3,Marzo,15768.11,alta
Tecnologia,1037.31,99,951.77,23.3,Junio,26781.41,alta
Deportes,386.04,207,,36.5,Julio,9382.3,alta
Ropa,74.3,66,2321.11,14.9,Octubre,1982.75,media
Hogar,784.72,262,1238.37,45.6,Septiembre,3509.97,media
alimentos,1526.48,139,3888.19,4.3,Octubre,32767.6,alta
ROPA,,66,4329.75,15.1,Septiembre,7704.45,alta
Ropa,1236.56,237,3543.24,25.2,Febrero,8318.28,alta
Alimentos,227.5,169,2272.22,46.2,Enero,4522.22,media
Alimentos,684.46,170,,17.7,Septiembre,8551.31,alta
Hogar,923.88,315,16.79,11.9,Febrero,19039.02,alta
Alimentos,928.8,139,1239.6,14.8,Agosto,8904.58,alta
Deportes,73.56,297,4931.43,10.9,Octubre,5587.71,alta
Tecnologia,835.76,339,2728.6,14.3,Octubre,8262.89,alta
Tecnologia,411.7,207,2411.03,43.5,Febrero,8434.05,alta
TECNOLOGIA,1055.91,14,3967.37,47.7,Marzo,9395.94,alta
Deportes,893.89,361,2762.45,23.5,Octubre,22175.26,alta
Ropa,1847.86,145,,12.9,Enero,34902.25,alta
Alimentos,686.83,49,4434.21,48.1,Junio,17747.68,alta
HOGAR,1832.36,253,,4.6,Febrero,40015.27,alta
Alimentos,717.55,206,2195.34,10.4,Agosto,22766.15,alta
Tecnologia,457.05,86,4444.98,33.3,Noviembre,10487.27,alta
Deportes,1050.87,25,4074.42,41.8,Diciembre,23906.72,alta
Hogar,1282.82,103,847.9,48.6,Mayo,27903.26,alta
Hogar,394.12,491,4813.73,5.5,Octubre,11685.0,alta
Tecnologia,132.19,392,2396.94,13.7,Marzo,4414.34,media
ROPA,1639.59,437,1233.76,44.1,Octubre,43379.87,alta
Tecnologia,,360,1978.38,6.4,Febrero,50091.86,alta
Ropa,620.29,137,1514.81,15.0,Noviembre,3810.93,media
Hogar,1470.75,439,173.18,23.5,Noviembre,34560.39,alta
Hogar,1801.85,117,,18.5,Febrero,11930.6,alta
Alimentos,801.26,121,3659.46,49.4,Noviembre,18756.26,alta
Ropa,416.18,47,4796.76,23.8,Enero,6742.87,alta
Tecnologia,1607.71,370,3560.79,13.2,Octubre,50992.93,alta
Hogar,1217.77,477,4534.7,48.5,Junio,39919.46,alta
Tecnologia,1554.73,498,402.53,33.5,Diciembre,5941.77,alta
Ropa,1528.0,164,46.46,10.5,Mayo,38799.68,alta
Ropa,1459.04,212,2400.5,48.5,Agosto,31523.36,alta
Alimentos,375.05,415,521.63,16.6,Febrero,4923.72,media
Ropa,1868.36,121,1375.19,0.4,Agosto,36953.0,alta
Tecnologia,433.67,207,1015.56,29.9,Noviembre,3040.55,media
Ropa,1336.24,453,2422.61,30.2,Octubre,27655.7,alta
Ropa,1526.3,388,541.82,30.7,Febrero,22780.62,alta
Ropa,1874.83,29,953.23,36.9,Agosto,19420.14,alta
Hogar,1488.52,436,1385.59,37.3,Noviembre,7633.33,alta
Hogar,229.88,187,1888.07,37.9,Mayo,4993.27,media
Deportes,1642.07,155,771.53,40.3,Mayo,42832.39,alta
Hogar,1400.38,390,4606.27,35.3,Enero,12082.93,alta
Hogar,77.19,59,1113.01,9.8,Febrero,1921.0,media
Tecnologia,56.79,464,3175.53,9.2,Noviembre,4602.72,media
Deportes,1398.39,26,1425.9,42.7,Julio,10982.69,alta
Tecnologia,757.73,83,3581.11,18.8,Noviembre,14155.01,alta
Ropa,1631.2,162,2594.6,21.8,Marzo,24946.79,alta
Ropa,1017.36,140,1786.08,31.8,Noviembre,19429.71,alta
Tecnologia,176.42,61,680.11,47.3,Octubre,5447.03,alta
Alimentos,305.11,432,1985.85,11.6,Mayo,9810.67,alta
Hogar,882.72,42,2872.54,11.7,Septiembre,27786.31,alta
Alimentos,1845.71,450,2290.29,41.1,Julio,15946.49,alta
Alimentos,,26,904.69,5.5,Octubre,1763.56,media
Ropa,1763.66,200,3237.48,39.8,Agosto,33978.48,alta
Deportes,1728.08,226,2755.75,13.3,Septiembre,7625.73,alta
Deportes,1530.62,271,,15.4,Enero,20201.17,alta
Alimentos,1639.93,341,4797.9,36.0,Junio,39653.71,alta
Alimentos,,435,3987.34,49.3,Agosto,8814.91,alta
Hogar,1825.75,194,3415.7,45.9,Noviembre,29133.84,alta
hogar,31.93,462,4469.25,21.7,Junio,5122.29,alta
Ropa,757.9,406,,48.7,Septiembre,16268.86,alta
Deportes,1105.22,41,3592.71,8.5,Abril,25920.22,alta
Tecnologia,380.21,473,3612.57,35.0,Noviembre,4162.56,media
Deportes,967.55,411,318.9,12.2,Septiembre,28150.04,alta
Hogar,1442.56,349,4588.31,30.1,Junio,32740.3,alta
Deportes,1372.91,72,353.75,3.1,Abril,18071.71,alta
Alimentos,,61,927.17,0.6,Agosto,15613.46,alta
Alimentos,1387.95,380,1672.83,36.9,Abril,38269.34,alta
Deportes,1353.55,213,2235.66,26.2,Diciembre,5342.38,alta
Hogar,724.79,282,4727.64,33.4,Mayo,10953.9,alta
Hogar,1193.14,365,4240.63,8.1,Febrero,6504.17,alta
Ropa,1256.15,411,,25.6,Noviembre,37789.71,alta
Hogar,1407.28,167,4801.34,34.3,Agosto,11987.52,alta
Hogar,1758.48,403,341.78,49.7,Marzo,24910.58,alta
Deportes,1426.99,429,,43.8,Julio,25101.43,alta
Deportes,,400,2679.48,15.6,Agosto,7438.56,alta
Alimentos,1716.52,448,1837.4,16.6,Junio,14264.63,alta
Tecnologia,535.07,64,763.28,39.5,Agosto,5940.02,alta
Alimentos,710.25,139,2402.18,38.4,Junio,6905.96,alta
Tecnologia,211.61,16,1968.18,28.8,Abril,195283.73099162203,media
Ropa,,451,2396.68,14.8,Febrero,33922.32,alta
Deportes,328.12,422,,38.5,Octubre,11556.99,alta
hogar,348.66,363,1320.37,48.3,Abril,6767.91,alta
Deportes,1436.88,391,3346.26,45.9,Julio,21239.59,alta
Hogar,975.56,365,3916.96,23.2,Abril,17986.63,alta
Deportes,997.3,79,3284.9,46.6,Septiembre,26365.07,alta
Tecnologia,558.93,193,3849.22,29.6,Junio,14620.81,alta
Deportes,,280,4444.81,29.6,Septiembre,7525.75,alta
Alimentos,1280.69,271,898.04,49.4,Julio,12736.29,alta
Hogar,1528.99,298,3878.43,21.2,Octubre,164708.0062286807,alta
Alimentos,1465.37,354,4164.8,24.8,Agosto,31729.01,alta
Ropa,763.67,400,899.41,22.8,Marzo,10478.7,alta
Deportes,1574.82,11,3940.42,24.5,Agosto,40352.94,alta
Deportes,1758.47,201,2591.1,49.0,Febrero,43533.73,alta
Ropa,1373.2,261,3806.6,35.7,Enero,30011.72,alta
Hogar,204.24,303,2668.21,37.5,Noviembre,7476.33,alta
Deportes,213.26,388,84.15,25.7,Abril,5510.09,alta
Deportes,1921.67,47,,46.5,Julio,36240.47,alta
Alimentos,1828.06,449,2818.51,3.7,Agosto,43849.0,alta
Hogar,1236.35,180,2017.26,29.8,Julio,35526.45,alta
Hogar,,364,,14.3,Abril,8783.42,alta
Hogar,,10,,28.3,Abril,319.43,baja
Hogar,72.62,254,748.69,33.7,Mayo,2001.12,media
Ropa,1745.13,257,1236.94,21.4,Julio,16827.01,alta
Tecnologia,813.37,209,2622.14,22.8,Junio,7246.17,alta
Hogar,1137.22,9,820.87,47.8,Febrero,10493.71,alta
Tecnologia,727.98,253,1269.24,21.7,Junio,12407.18,alta
Alimentos,,123,238.78,10.6,Agosto,10465.69,alta
Hogar,1307.36,199,2175.57,15.5,Noviembre,34384.1,alta
Alimentos,,28,2400.11,16.1,Noviembre,25151.92,alta
Tecnologia,1711.47,25,1686.37,48.2,Noviembre,6965.42,alta
Deportes,876.91,364,530.7,38.9,Octubre,9045.24,alta
Alimentos,363.3,74,3285.36,33.8,Junio,8188.48,alta
Ropa,1634.58,68,2487.67,20.1,Julio,50777.23,alta
Alimentos,483.75,276,,11.0,Marzo,16580.79,alta
Deportes,470.44,115,1559.52,12.2,Febrero,7694.89,alta
Ropa,190.05,194,2860.49,49.8,Junio,2795.56,media
Ropa,311.37,68,1096.17,22.1,Noviembre,2667.64,media
Ropa,114.36,219,422.51,24.3,Julio,3485.27,media
Tecnologia,1161.8,253,316.89,17.6,Noviembre,22759.22,alta
Hogar,840.92,17,3385.53,44.6,Octubre,5471.93,alta
Hogar,1621.62,379,2904.72,24.4,Octubre,38316.53,alta
Ropa,1139.89,290,2834.15,47.1,Febrero,11383.52,alta
Deportes,1659.67,183,560.12,43.4,Noviembre,26557.07,alta
Ropa,1044.91,374,168.11,9.5,Julio,20180.8,alta
Deportes,1844.9,82,4146.58,38.0,Abril,46339.82,alta
Alimentos,593.24,315,308.59,9.8,Mayo,166954.61448044868,alta
Hogar,714.41,221,3724.04,34.7,Septiembre,15281.94,alta
Ropa,,31,2839.13,26.6,Abril,18494.3,alta
Deportes,686.3,406,2973.03,1.4,Abril,21193.51,alta
Alimentos,21.58,230,4429.66,6.9,Diciembre,3905.96,media
Hogar,178.86,487,185.55,25.8,Noviembre,1684.09,media
Alimentos,795.71,144,1562.61,46.3,Diciembre,7856.18,alta
Alimentos,1119.14,377,3019.67,9.3,Mayo,17730.83,alta
Tecnologia,903.16,253,2736.5,22.7,Febrero,6819.58,alta
Alimentos,1588.68,382,3226.43,8.9,Marzo,36729.01,alta
Alimentos,863.34,256,3944.38,1.1,Marzo,10792.21,alta
Hogar,1438.23,482,4742.52,36.1,Abril,39029.0,alta
Hogar,1026.77,137,1039.3,19.2,Mayo,7665.66,alta
Alimentos,719.14,48,795.21,5.7,Junio,2031.59,media
Hogar,764.53,80,3952.37,6.6,Febrero,17256.51,alta
TECNOLOGIA,1007.44,495,3453.93,27.2,Noviembre,23976.67,alta
Alimentos,1170.66,189,2755.98,38.1,Diciembre,32274.06,alta
Hogar,686.51,479,2840.44,9.0,Octubre,17332.15,alta
Hogar,1669.51,311,4681.35,35.8,Diciembre,36259.06,alta
Tecnologia,895.21,177,2111.5,47.8,Febrero,4243.24,media
Ropa,1021.39,30,2665.12,48.0,Mayo,26711.67,alta
Deportes,1806.31,238,1037.37,21.3,Octubre,32312.86,alta
Ropa,1042.3,388,3737.61,16.0,Mayo,24178.9,alta
Ropa,1783.93,409,824.45,32.1,Junio,25973.64,alta
Deportes,1350.55,62,2896.83,32.7,Abril,12250.98,alta
Alimentos,53.76,382,994.75,10.2,Febrero,2833.98,media
Tecnologia,763.7,405,1937.28,7.9,Marzo,12426.12,alta
Tecnologia,682.02,476,2287.52,27.4,Enero,18180.34,alta
Alimentos,,305,1005.25,36.4,Octubre,22237.55,alta
Deportes,1001.72,361,785.69,13.9,Octubre,18823.39,alta
TECNOLOGIA,749.18,147,3141.37,22.0,Enero,7799.93,alta
Ropa,951.08,469,3996.17,34.1,Octubre,160787.26848629594,alta
Ropa,714.88,465,3319.14,8.4,Marzo,23111.14,alta
Alimentos,1300.89,446,4185.68,24.4,Octubre,24713.88,alta
Ropa,1038.0,219,4928.59,17.8,Marzo,20941.92,alta
Tecnologia,1484.34,73,278.94,2.7,Noviembre,43873.03,alta
Alimentos,1097.86,137,2602.79,19.2,Julio,34810.86,alta
Ropa,149.96,341,1546.64,29.0,Febrero,4260.55,media
Tecnologia,1741.96,392,,11.2,Abril,206420.60993377827,alta
Tecnologia,166.22,165,4573.69,16.7,Agosto,6174.11,alta
Hogar,1331.84,123,1506.52,13.2,Noviembre,11308.37,alta
deportes,1481.28,56,4383.36,7.7,Abril,10046.08,alta
Hogar,1897.05,279,658.06,26.1,Marzo,9406.78,alta
Alimentos,391.88,196,4477.36,4.0,Abril,11267.81,alta
Deportes,945.09,361,2164.34,36.0,Noviembre,17674.61,alta
Deportes,783.51,307,1467.46,1.9,Diciembre,25135.22,alta
Hogar,,337,,34.1,Febrero,54826.52,alta
Ropa,637.54,7,3927.24,31.9,Septiembre,11635.51,alta
Alimentos,339.6,194,3255.68,29.2,Julio,8636.45,alta
Alimentos,259.17,88,2025.64,19.4,Abril,2450.01,media
Alimentos,49.65,73,1190.57,23.8,Agosto,1763.75,media
TECNOLOGIA,26.63,290,4040.22,43.5,Septiembre,3499.78,media
Tecnologia,653.04,115,4409.64,14.2,Octubre,8364.75,alta
Tecnologia,554.11,23,3201.44,28.8,Febrero,7915.13,alta
Ropa,49.22,447,3664.17,9.9,Octubre,4415.83,media
Deportes,1000.25,382,62.76,11.4,Agosto,15241.34,alta
Tecnologia,1140.57,91,992.18,8.3,Diciembre,3597.32,media
Hogar,1990.43,362,3928.7,12.2,Junio,41045.78,alta
Deportes,1954.34,41,1724.3,0.1,Abril,16559.55,alta
Ropa,541.2,9,4809.23,39.4,Junio,13073.45,alta
Tecnologia,,262,2651.89,28.3,Junio,22107.22,alta
Alimentos,640.02,391,4894.94,40.7,Septiembre,12075.24,alta
Hogar,1696.62,192,4371.01,49.9,Diciembre,28065.83,alta
Deportes,276.82,8,3292.47,26.2,Diciembre,9527.78,alta
Ropa,120.34,180,2062.29,9.5,Abril,6000.33,alta
Alimentos,1302.85,417,2118.5,26.7,Enero,15088.09,alta
ALIMENTOS,,492,750.91,36.2,Junio,43188.58,alta
Hogar,1163.69,320,2988.35,42.2,Abril,19127.51,alta
Deportes,,348,,11.5,Abril,130218.56629751505,alta
Alimentos,1235.07,242,2668.11,18.8,Abril,17747.01,alta
Tecnologia,1732.45,197,4955.35,33.7,Abril,54372.89,alta
Ropa,1381.48,206,2341.77,5.1,Abril,23406.76,alta
Alimentos,1340.04,303,904.59,35.1,Enero,5094.85,alta
Ropa,666.89,413,4811.71,34.0,Mayo,18662.73,alta
Tecnologia,1681.7,64,4872.41,47.5,Mayo,47352.3,alta
Tecnologia,1544.01,96,3944.01,6.6,Julio,44209.2,alta
Ropa,1049.96,198,3563.63,37.4,Mayo,17429.28,alta
Ropa,406.6,472,1211.6,34.7,Abril,9886.76,alta
Alimentos,325.06,288,711.83,42.7,Mayo,7848.2,alta
Hogar,1084.31,195,920.29,27.2,Octubre,9224.8,alta
Ropa,371.93,259,2987.53,28.3,Septiembre,13728.15,alta
Deportes,1780.35,89,3085.44,13.0,Agosto,54959.22,alta
Tecnologia,451.99,480,1753.19,45.6,Febrero,5479.26,alta
Alimentos,997.3,204,495.0,39.5,Marzo,11664.28,alta
Hogar,390.8,236,2616.37,46.0,Septiembre,8865.9,alta
Alimentos,1525.97,209,486.09,47.7,Junio,27605.63,alta
Tecnologia,205.03,214,1114.77,12.0,Marzo,3016.53,media
Tecnologia,376.81,185,3705.74,43.2,Abril,12959.41,alta
Hogar,449.66,104,4972.19,35.5,Enero,8860.82,alta
Hogar,1865.97,107,666.06,32.9,Noviembre,54497.61,alta
Hogar,562.25,325,2551.28,11.4,Julio,8673.01,alta
Hogar,1758.54,494,3551.14,25.1,Febrero,47932.18,alta
Deportes,1949.51,213,2370.55,34.1,Diciembre,26873.28,alta
Deportes,1269.43,421,3681.33,15.9,Agosto,11280.89,alta
Hogar,1235.15,175,,30.1,Agosto,35614.37,alta
Tecnologia,916.32,471,2884.68,29.9,Junio,13978.02,alta
Ropa,1068.75,119,3497.91,46.5,Enero,27855.51,alta
Ropa,99.38,276,907.69,44.3,Diciembre,1987.59,media
Alimentos,1353.49,205,1297.57,31.0,Febrero,31619.12,alta
deportes,1877.48,103,1921.33,19.8,Julio,39801.68,alta
Alimentos,1656.01,75,290.24,12.5,Octubre,21111.6,alta
Alimentos,,496,4004.16,40.6,Mayo,24879.53,alta
Tecnologia,,32,1771.92,23.2,Septiembre,29162.36,alta
Hogar,258.35,450,3451.67,31.3,Marzo,5696.78,alta
Tecnologia,184.69,19,2999.14,17.1,Octubre,4113.05,media
Deportes,1752.32,209,4282.61,5.7,Octubre,18925.28,alta
HOGAR,254.53,482,3402.97,47.5,Junio,9138.57,alta
Alimentos,1473.21,280,1345.98,46.1,Febrero,40747.25,alta
Tecnologia,1000.84,76,4039.51,22.3,Julio,15957.16,alta
Ropa,534.07,90,775.38,47.3,Julio,8918.04,alta
Tecnologia,945.29,131,697.49,21.9,Noviembre,12114.0,alta
Hogar,,132,1254.88,26.6,Septiembre,21807.12,alta
Hogar,1734.5,110,21.7,30.1,Diciembre,45165.67,alta
Alimentos,252.06,79,3243.5,3.5,Noviembre,3126.51,media
Ropa,223.81,438,3509.97,6.6,Marzo,6745.66,alta
Deportes,,245,4719.52,40.0,Septiembre,8068.93,alta
Ropa,329.06,237,202.85,15.2,Abril,5438.56,alta
Hogar,722.83,433,,1.5,Agosto,16466.69,alta
Deportes,540.14,478,4988.67,27.7,Noviembre,12648.57,alta
Deportes,461.61,318,3229.05,3.8,Julio,9581.17,alta
Tecnologia,478.47,19,2785.76,36.3,Marzo,5048.19,alta
Ropa,1998.13,301,2460.91,38.1,Agosto,19327.21,alta
Ropa,616.27,34,4186.82,25.5,Julio,9939.9,alta
Deportes,621.74,327,,43.5,Enero,17933.21,alta
Tecnologia,1533.14,115,124.13,23.6,Enero,30131.62,alta
Hogar,537.79,136,3744.72,21.9,Agosto,12821.31,alta
Tecnologia,1256.49,20,2715.26,35.0,Febrero,25147.92,alta
Ropa,1004.26,285,529.36,46.0,Septiembre,7567.89,alta
Ropa,1342.67,88,3349.72,12.4,Agosto,13481.04,alta
Hogar,1891.7,183,3377.95,16.7,Agosto,12370.4,alta
deportes,766.03,284,3663.2,22.4,Abril,8170.74,alta
Hogar,822.2,425,3143.29,19.3,Noviembre,26268.07,alta
Hogar,783.49,307,3660.82,7.1,Junio,6301.97,alta
Deportes,36.91,79,4088.62,20.1,Septiembre,4436.87,media
Ropa,989.34,410,3777.35,17.6,Abril,17849.8,alta
Alimentos,170.14,179,3605.67,32.7,Agosto,3381.6,media
Alimentos,1615.42,230,4007.96,32.0,Diciembre,43057.07,alta
Hogar,365.26,488,1084.91,35.0,Octubre,3167.79,media
Alimentos,291.69,339,2386.46,32.0,Julio,8035.55,alta
Ropa,142.41,128,,22.5,Mayo,4799.07,media
Hogar,1769.29,185,2906.12,8.7,Diciembre,10304.93,alta
Hogar,1535.89,10,1871.4,42.3,Agosto,17481.03,alta
Hogar,339.06,16,3908.45,2.7,Diciembre,4882.14,media
Alimentos,767.48,136,3225.41,36.8,Junio,5712.47,alta
Hogar,866.34,434,,16.4,Junio,27323.41,alta
Alimentos,584.49,258,3039.81,11.1,Marzo,18737.07,alta
Deportes,1057.2,229,2741.74,9.1,Diciembre,7025.85,alta
Alimentos,833.6,475,3342.91,50.0,Septiembre,20261.78,alta
Hogar,388.23,205,3395.55,3.9,Julio,7714.03,alta
Alimentos,1731.66,93,1489.8,2.9,Mayo,22672.27,alta
Tecnologia,1260.79,245,3176.21,21.6,Julio,35147.69,alta
Tecnologia,1441.24,455,762.07,15.2,Agosto,19822.19,alta
Alimentos,1522.61,379,4841.85,8.2,Abril,15393.95,alta
Alimentos,480.73,475,2301.27,5.1,Noviembre,9107.55,alta
Alimentos,1353.62,251,1112.53,49.6,Septiembre,38024.77,alta
Tecnologia,,126,3368.04,5.0,Enero,4752.22,media
Deportes,570.93,400,4071.39,25.5,Mayo,15627.16,alta
Hogar,1907.09,197,767.12,20.6,Diciembre,26469.81,alta
Deportes,,221,1296.77,22.0,Febrero,17145.63,alta
Ropa,164.13,130,1147.03,21.2,Julio,4262.74,media
Alimentos,358.83,270,4582.56,26.6,Agosto,7684.12,alta
Ropa,1113.73,247,2657.36,30.8,Noviembre,26685.26,alta
Deportes,135.8,182,2861.91,0.6,Noviembre,4661.66,media
Deportes,1691.99,434,3455.93,13.1,Abril,45360.69,alta
Hogar,1658.93,486,1222.59,19.1,Julio,33367.3,alta
Deportes,920.11,288,1667.03,42.1,Julio,21015.36,alta
Ropa,427.31,418,323.81,33.5,Diciembre,10849.87,alta
Ropa,208.66,81,14.41,33.5,Abril,4280.65,media
Alimentos,,10,1759.48,17.4,Abril,13622.71,alta
Ropa,411.01,84,4926.0,21.3,Junio,15526.89,alta
Hogar,1870.86,367,4926.29,16.8,Junio,45626.28,alta
Deportes,855.79,479,2474.62,24.4,Junio,22963.04,alta
Alimentos,66.89,129,4628.13,43.3,Junio,3661.17,media
Ropa,1660.22,482,2658.36,49.1,Enero,35030.17,alta
Tecnologia,601.35,484,2568.18,14.6,Febrero,13385.49,alta
Tecnologia,,384,666.3,42.7,Junio,7861.22,alta
Ropa,1229.49,81,4045.03,49.5,Junio,14755.03,alta
Alimentos,,68,1748.07,24.3,Julio,15044.07,alta
Alimentos,,198,2722.31,19.2,Febrero,8525.37,alta
Deportes,932.83,216,2660.83,42.7,Febrero,19957.39,alta
Tecnologia,659.77,19,1437.37,20.5,Marzo,15666.68,alta
Tecnologia,1058.85,163,3008.94,11.3,Septiembre,20111.31,alta
ropa,450.61,198,3045.25,9.8,Enero,12519.67,alta
Alimentos,703.3,488,1880.05,43.3,Febrero,23630.8,alta
Deportes,202.19,50,4349.05,32.1,Junio,9186.71,alta
Hogar,1436.05,259,1877.24,27.1,Septiembre,6468.98,alta
Deportes,,195,4172.61,27.9,Junio,10660.59,alta
Ropa,884.99,447,2582.85,48.8,Mayo,4740.68,media
Deportes,1479.17,227,3924.3,45.5,Mayo,23101.95,alta
Deportes,1854.18,440,1305.11,26.3,Noviembre,30750.98,alta
Deportes,,88,2515.02,40.9,Noviembre,4867.95,media
Hogar,1607.19,278,3181.86,10.3,Abril,24398.82,alta
Deportes,1001.34,141,313.96,25.3,Abril,29754.52,alta
Hogar,1032.69,275,349.99,33.7,Enero,14017.82,alta
ROPA,605.56,234,941.51,23.5,Marzo,15939.58,alta
Alimentos,,107,913.35,15.6,Junio,11304.2,alta
Deportes,1719.15,351,,38.3,Marzo,43373.39,alta
Deportes,731.82,414,,36.1,Junio,16650.27,alta
Alimentos,1584.88,339,3216.25,29.0,Septiembre,50850.69,alta
Alimentos,1299.62,86,2575.98,36.5,Mayo,10532.74,alta
Alimentos,93.43,221,2572.58,27.4,Diciembre,4476.66,media
Ropa,1248.44,357,1359.98,22.3,Octubre,38602.67,alta
Tecnologia,830.56,353,4596.86,22.9,Febrero,10813.16,alta
Tecnologia,1783.51,25,3352.81,44.6,Marzo,38305.48,alta
Hogar,224.8,412,2899.8,49.1,Agosto,5901.04,alta
Tecnologia,1110.25,493,3982.07,12.3,Julio,19736.74,alta
Tecnologia,429.71,135,4654.5,5.9,Septiembre,10353.47,alta
Deportes,1513.95,372,1067.23,49.7,Octubre,27577.3,alta
Ropa,715.54,17,2573.15,17.0,Diciembre,20328.98,alta
Deportes,785.48,388,3474.74,32.9,Mayo,26259.29,alta
Alimentos,442.4,273,2315.49,37.3,Octubre,10437.94,alta
Tecnologia,1849.84,352,1096.68,18.8,Febrero,13316.03,alta
Hogar,106.57,435,4097.22,14.9,Septiembre,6851.39,alta
Alimentos,1666.06,485,683.94,41.3,Octubre,18631.4,alta
Deportes,1310.76,367,698.64,31.1,Septiembre,17422.32,alta
Alimentos,983.37,471,,5.4,Enero,29908.25,alta
Ropa,1198.1,99,4349.31,42.0,Enero,26922.29,alta
Tecnologia,1229.61,444,2407.81,16.4,Enero,35594.76,alta
Deportes,629.06,61,3492.07,30.3,Octubre,16262.64,alta
Ropa,1828.57,440,1474.3,25.3,Febrero,44390.86,alta
Tecnologia,1075.25,483,864.25,2.3,Mayo,9824.01,alta
Ropa,1799.99,455,4532.19,10.1,Diciembre,24121.06,alta
Ropa,1124.19,418,516.78,15.3,Octubre,7241.08,alta
Hogar,444.43,477,3296.54,10.6,Marzo,14012.16,alta
Ropa,1240.4,384,,12.7,Diciembre,33149.86,alta
Ropa,1278.43,316,3601.21,34.2,Junio,35743.75,alta
Deportes,1746.82,405,1602.69,26.2,Septiembre,49093.47,alta
Alimentos,634.85,9,,24.9,Abril,10828.61,alta
Ropa,959.55,241,2861.07,27.6,Diciembre,27018.08,alta
Tecnologia,1025.54,217,1235.01,31.0,Septiembre,30237.2,alta
Deportes,1619.55,397,707.99,45.3,Febrero,9815.08,alta
Hogar,1438.28,30,4516.7,45.7,Abril,10363.06,alta
Tecnologia,839.92,353,3316.48,47.1,Mayo,20418.51,alta
Alimentos,405.49,482,4335.22,32.7,Septiembre,15280.47,alta
Ropa,1545.54,468,2278.48,39.2,Agosto,14333.02,alta
Hogar,1756.7,409,,24.4,Junio,52673.84,alta
Tecnologia,,476,3417.36,47.5,Julio,7517.96,alta
Tecnologia,1087.87,146,926.25,29.0,Mayo,3901.03,media
Alimentos,1174.67,5,3835.53,41.9,Febrero,20864.6,alta
Deportes,1096.15,141,,13.9,Enero,28524.71,alta
Hogar,1619.48,235,2373.64,21.4,Febrero,17045.91,alta
Tecnologia,1394.06,164,,1.1,Julio,8105.63,alta
Hogar,1202.11,199,1627.68,39.1,Enero,8954.39,alta
Ropa,893.45,404,4762.71,8.0,Septiembre,26854.11,alta
Tecnologia,1925.22,324,3221.45,20.1,Octubre,47882.47,alta
Ropa,,340,,14.0,Marzo,31065.78,alta
Hogar,638.74,426,307.97,44.7,Diciembre,18461.05,alta
Hogar,296.88,434,2399.67,39.7,Abril,5255.19,alta
Alimentos,969.29,89,1631.84,16.1,Octubre,28933.08,alta
Deportes,1661.7,33,4558.66,48.5,Febrero,47730.22,alta
Deportes,216.46,206,1408.21,31.3,Enero,6722.11,alta
Tecnologia,948.21,419,2079.65,7.2,Marzo,12487.16,alta
Ropa,1086.75,349,1128.43,49.8,Marzo,19580.6,alta
Tecnologia,1587.23,405,1339.12,9.8,Abril,18811.68,alta
HOGAR,15.97,423,4408.16,12.6,Febrero,4522.96,media
Ropa,1719.8,20,4259.34,4.2,Mayo,27776.25,alta
Alimentos,737.52,34,,42.1,Marzo,16706.69,alta
Hogar,1963.81,460,775.51,42.1,Octubre,32663.01,alta
Deportes,914.68,497,1431.69,8.1,Septiembre,24294.31,alta
Deportes,1516.37,265,2699.76,1.7,Noviembre,12173.92,alta
Ropa,1547.53,409,1060.35,32.6,Diciembre,37483.31,alta
Deportes,209.63,257,3835.6,20.1,Octubre,4831.98,media
Hogar,1139.32,177,525.59,15.1,Febrero,20411.13,alta
Alimentos,119.67,237,,18.5,Julio,5305.78,alta
Deportes,361.72,286,3841.47,36.4,Abril,9120.1,alta
Alimentos,954.41,98,391.95,29.9,Septiembre,8811.87,alta
Alimentos,,427,394.99,33.6,Abril,17782.51,alta
Alimentos,675.89,89,4032.21,26.3,Junio,10145.01,alta
Ropa,861.8,411,1550.65,26.3,Julio,26841.19,alta
Deportes,,115,1857.18,39.3,Febrero,9552.02,alta
Tecnologia,293.07,47,,16.1,Diciembre,5127.32,alta
ropa,1818.94,373,53.37,27.7,Marzo,17624.82,alta
Hogar,1668.59,264,3679.75,49.5,Enero,11813.11,alta
Deportes,1926.59,44,1308.47,41.7,Febrero,45156.09,alta
Deportes,,60,3239.09,24.4,Junio,28682.1,alta
Deportes,522.05,233,3377.99,0.2,Noviembre,8247.48,alta
Alimentos,452.75,155,1910.56,8.4,Abril,8493.04,alta
Hogar,829.44,167,3951.69,0.9,Diciembre,5646.79,alta
Hogar,1404.77,22,4004.01,16.2,Mayo,34308.6,alta
Deportes,1658.47,437,,32.7,Agosto,11790.4,alta
Tecnologia,696.68,88,3708.99,26.8,Agosto,15042.06,alta
Hogar,617.36,184,2143.28,13.7,Enero,8176.82,alta
Hogar,109.75,283,,30.0,Julio,4960.17,media
Hogar,1368.15,223,693.99,23.5,Febrero,33744.9,alta
Hogar,1977.19,495,4547.95,20.3,Noviembre,21655.14,alta
Alimentos,1576.44,170,2055.83,31.4,Diciembre,45998.8,alta
Alimentos,386.43,339,4839.57,14.9,Agosto,11576.65,alta
Tecnologia,,453,1611.27,16.3,Enero,22930.94,alta
Deportes,123.83,130,4990.79,7.2,Febrero,7067.29,alta
Alimentos,818.39,43,1684.07,48.5,Mayo,10059.98,alta
Deportes,,432,2739.49,40.7,Septiembre,14972.08,alta
Hogar,1703.14,393,2000.14,6.1,Agosto,33966.99,alta
Ropa,1549.0,218,2954.49,13.3,Mayo,38400.66,alta
Ropa,1987.67,251,2384.9,5.5,Septiembre,40027.52,alta
Tecnologia,541.79,202,3796.17,30.1,Abril,14088.96,alta
Deportes,1087.71,204,306.29,23.6,Enero,21327.13,alta
Deportes,357.07,25,3103.35,7.7,Noviembre,11469.09,alta
Ropa,1563.6,430,4964.03,47.2,Mayo,17554.0,alta
Hogar,1129.82,376,1978.96,13.4,Mayo,27922.19,alta
Ropa,1683.86,36,,1.0,Marzo,44817.77,alta
Tecnologia,1033.91,108,4000.31,37.7,Enero,9602.84,alta
Tecnologia,953.37,367,836.04,19.8,Mayo,20408.77,alta
Deportes,,22,2003.01,29.2,Diciembre,204897.04360320847,alta
Tecnologia,1729.93,174,3133.98,42.2,Julio,32068.48,alta
Tecnologia,,149,,7.7,Mayo,9845.1,alta
Alimentos,484.86,134,1917.59,29.1,Agosto,11091.19,alta
Deportes,1951.64,47,1747.63,28.0,Diciembre,13521.25,alta
Alimentos,304.75,485,,29.6,Septiembre,8168.09,alta
Tecnologia,750.46,237,1444.7,26.3,Enero,8894.91,alta
Ropa,538.47,440,3433.49,49.0,Julio,4472.86,media
Alimentos,1183.7,34,1808.1,24.4,Mayo,6416.75,alta
hogar,1626.34,317,1018.63,25.0,Abril,43037.23,alta
Ropa,1728.05,420,1456.47,34.1,Enero,14644.68,alta
Tecnologia,,441,4199.38,43.5,Septiembre,6563.64,alta
Deportes,1283.99,494,,26.2,Mayo,36778.77,alta
Hogar,274.48,185,3235.33,8.2,Agosto,5625.9,alta
Alimentos,1388.8,349,1102.0,20.6,Octubre,23027.93,alta
Alimentos,1899.29,195,3501.61,26.2,Febrero,58986.52,alta
Hogar,1668.5,412,504.82,4.6,Marzo,30179.48,alta
Ropa,,351,308.85,41.0,Diciembre,17673.64,alta
ROPA,312.43,373,2875.05,44.3,Septiembre,8251.09,alta
Tecnologia,188.86,123,3385.37,27.8,Abril,5863.2,alta
Deportes,1889.19,64,394.55,42.0,Octubre,30592.82,alta
Ropa,1800.21,269,3735.3,46.1,Diciembre,9512.97,alta
Deportes,1600.41,16,4782.59,44.0,Mayo,46177.27,alta
DEPORTES,698.71,310,2185.65,21.7,Febrero,10989.14,alta
Alimentos,179.48,375,689.9,8.6,Agosto,2589.38,media
Hogar,987.06,109,4319.61,38.5,Septiembre,22074.43,alta
Tecnologia,1437.53,320,2725.15,8.5,Marzo,43388.44,alta
Hogar,616.0,296,,7.1,Agosto,17637.93,alta
Ropa,,420,877.66,3.8,Diciembre,3083.32,media
Hogar,967.92,409,4678.37,43.5,Diciembre,6718.66,alta
Tecnologia,1298.86,260,3815.72,32.9,Diciembre,7920.71,alta
Alimentos,1278.65,452,3174.55,18.9,Abril,10160.6,alta
Tecnologia,719.82,226,1909.11,2.1,Agosto,8553.99,alta
Deportes,1880.51,228,761.5,30.5,Febrero,27027.03,alta
TECNOLOGIA,51.46,426,3190.1,45.1,Abril,3620.93,media
Ropa,562.8,124,,36.7,Agosto,15886.41,alta
Deportes,112.16,248,4032.75,4.1,Marzo,5551.97,alta
Ropa,1897.19,207,630.96,10.4,Septiembre,26839.77,alta
Ropa,1111.2,161,1694.04,7.8,Enero,23560.27,alta
Ropa,,96,4974.63,31.4,Marzo,26970.06,alta
Ropa,167.45,364,2173.49,23.9,Mayo,5216.96,alta
Tecnologia,1782.07,334,3229.25,7.6,Enero,23399.76,alta
Alimentos,99.26,17,2796.9,41.3,Abril,4225.54,media
Hogar,1599.42,213,2362.49,28.2,Diciembre,27258.11,alta
Hogar,60.81,355,2338.23,8.4,Abril,2897.71,media
Deportes,1465.62,135,2018.81,22.2,Noviembre,18240.17,alta
Ropa,155.71,124,734.82,26.7,Noviembre,3924.06,media
Alimentos,1458.83,181,807.54,26.6,Abril,30702.16,alta
Hogar,265.66,52,863.1,17.2,Octubre,6408.71,alta
hogar,1035.41,129,1141.68,30.4,Septiembre,9845.83,alta
ROPA,,490,2390.44,33.0,Junio,14186.04,alta
Alimentos,1362.38,414,2940.34,33.3,Abril,23910.2,alta
Tecnologia,1269.13,475,1686.76,1.9,Febrero,24945.61,alta
Ropa,1335.7,411,2225.02,15.8,Septiembre,12349.28,alta
Ropa,,422,,45.8,Octubre,6244.19,alta
hogar,852.4,205,1496.13,48.8,Octubre,21471.3,alta
Hogar,852.73,385,2219.65,22.9,Febrero,25074.67,alta
Hogar,1626.98,456,1194.33,20.6,Marzo,42418.43,alta
Deportes,828.16,238,2267.86,24.1,Mayo,11214.86,alta
Hogar,1309.24,56,3967.14,47.8,Enero,39223.89,alta
Hogar,1561.92,494,362.12,47.6,Julio,24576.61,alta
Ropa,1661.63,102,2828.77,5.8,Octubre,29898.4,alta
Hogar,1314.83,467,773.66,10.4,Abril,8925.02,alta
deportes,847.74,275,4002.16,42.8,Enero,26435.22,alta
Deportes,1063.27,40,,41.1,Octubre,9063.39,alta
Deportes,1695.17,197,4961.03,48.3,Noviembre,18305.23,alta
tecnologia,,191,3502.86,35.0,Septiembre,16269.74,alta
Alimentos,1758.1,105,795.42,25.3,Marzo,20738.98,alta
Ropa,516.85,493,4125.69,22.8,Enero,19907.34,alta
Tecnologia,626.89,316,1663.12,40.0,Diciembre,11876.52,alta
Ropa,1423.63,20,4575.76,15.5,Octubre,30695.21,alta
Alimentos,1634.95,433,,28.2,Noviembre,48618.87,alta
Hogar,402.25,349,1936.39,36.6,Noviembre,9807.8,alta
Deportes,466.65,269,1507.3,0.8,Abril,10819.76,alta
Deportes,367.78,314,2388.01,41.4,Febrero,8865.01,alta
Tecnologia,375.78,317,1930.57,7.4,Junio,10643.48,alta
Alimentos,1938.33,383,667.03,31.7,Agosto,30112.64,alta
deportes,156.0,206,998.73,48.3,Diciembre,4759.9,media
Hogar,,29,1888.01,43.5,Julio,11546.53,alta
Hogar,850.15,41,3054.36,10.0,Enero,15828.31,alta
ROPA,1838.39,439,2923.77,47.3,Abril,51736.68,alta
Deportes,364.9,303,,39.4,Junio,12183.28,alta
Hogar,940.22,242,1860.28,39.8,Abril,8517.58,alta
Alimentos,1890.4,27,1595.62,22.1,Agosto,19450.21,alta
Ropa,19.03,29,3638.62,5.3,Octubre,3942.34,media
Hogar,1465.37,300,3134.78,29.5,Febrero,6551.31,alta
Hogar,,410,4982.48,41.9,Febrero,37636.98,alta
Hogar,1892.02,299,4360.85,2.3,Enero,19117.4,alta
Ropa,971.12,10,3743.02,26.4,Noviembre,9700.64,alta
Tecnologia,1398.0,199,4955.13,21.9,Noviembre,11301.27,alta
Alimentos,497.28,492,404.57,12.7,Agosto,4859.16,media
Ropa,512.9,267,3558.79,0.7,Junio,193861.63086945986,alta
Deportes,408.38,27,13.66,4.0,Enero,4785.43,media
Ropa,836.73,217,1268.17,29.9,Febrero,8882.89,alta
Alimentos,79.28,141,4004.01,38.1,Noviembre,5634.51,alta
Ropa,840.35,447,1533.78,41.8,Febrero,18285.39,alta
Alimentos,1886.82,296,4211.83,11.2,Agosto,20807.4,alta
Tecnologia,910.05,492,1544.65,2.5,Febrero,25401.16,alta
Deportes,1040.03,386,,42.0,Abril,26274.23,alta
Deportes,1322.26,116,1459.67,47.3,Diciembre,27257.33,alta
Alimentos,1914.99,496,4345.52,34.9,Mayo,42284.59,alta
Tecnologia,760.96,84,4942.63,47.4,Noviembre,18605.2,alta
Deportes,638.75,424,4975.91,39.6,Abril,13675.98,alta
Ropa,1757.39,347,853.14,9.2,Diciembre,27773.47,alta
Tecnologia,1293.19,116,4543.72,2.3,Abril,31896.07,alta
Ropa,145.83,391,1612.79,39.8,Noviembre,4662.24,media
Tecnologia,1252.64,237,2911.3,10.9,Marzo,15167.46,alta
Tecnologia,1817.98,16,3623.4,16.0,Septiembre,47352.61,alta
Deportes,1151.98,459,4232.05,40.0,Noviembre,16231.83,alta
Deportes,1137.28,425,4565.35,5.2,Mayo,26630.43,alta
Alimentos,212.81,167,1454.39,23.4,Febrero,5521.4,alta
Tecnologia,105.76,323,4883.0,26.1,Diciembre,6066.61,alta
DEPORTES,223.37,46,,40.1,Junio,4990.13,media
hogar,112.18,268,2100.73,21.2,Enero,2698.49,media
Ropa,921.65,234,4454.41,28.6,Marzo,15070.44,alta
Hogar,1927.14,466,3110.57,38.9,Diciembre,28418.2,alta
Hogar,1170.79,473,418.67,10.1,Diciembre,4008.64,media
Alimentos,986.79,147,1394.64,47.2,Agosto,17481.61,alta
Hogar,,22,2030.13,6.8,Octubre,6351.72,alta
Tecnologia,908.44,106,4814.55,12.0,Junio,14975.41,alta
Tecnologia,1421.64,231,2207.18,11.9,Mayo,39535.3,alta
Hogar,1525.26,316,,26.4,Noviembre,16464.81,alta
Ropa,512.42,178,1567.81,3.6,Julio,11909.32,alta
Tecnologia,1426.65,236,561.96,25.0,Febrero,13761.25,alta
Hogar,1224.35,394,,35.2,Abril,29361.15,alta
Tecnologia,706.14,409,4070.78,17.0,Septiembre,17961.59,alta
Alimentos,773.71,239,4795.75,9.4,Marzo,14534.05,alta
Tecnologia,1150.51,479,,24.0,Octubre,7586.37,alta
Hogar,844.19,226,4601.96,20.4,Agosto,28805.9,alta
Hogar,1655.08,231,1764.19,7.7,Octubre,33792.0,alta
Ropa,754.28,314,2982.84,11.1,Marzo,20268.31,alta
tecnologia,1748.04,289,3118.27,14.5,Marzo,22145.55,alta
Deportes,1959.41,240,4713.25,32.1,Abril,21947.22,alta
Hogar,594.4,276,1928.73,35.2,Enero,16679.61,alta
Hogar,74.09,327,4647.69,46.4,Diciembre,5194.04,alta
Deportes,361.28,173,,27.3,Julio,4369.4,media
Hogar,1897.15,425,1436.12,11.5,Abril,41120.53,alta
Alimentos,983.26,294,672.59,0.6,Septiembre,26373.07,alta
Hogar,,256,1468.3,18.7,Enero,25743.22,alta
Tecnologia,1859.42,138,449.1,16.3,Enero,42812.72,alta
Alimentos,1875.13,144,2740.68,9.4,Febrero,42207.73,alta
Alimentos,650.25,398,,37.6,Marzo,19740.63,alta
Ropa,1450.6,343,1620.44,46.6,Septiembre,24812.76,alta
Tecnologia,246.14,319,2506.1,28.3,Junio,5158.4,alta
Ropa,362.16,364,2577.24,25.0,Mayo,7695.06,alta
Alimentos,640.45,249,1492.37,32.3,Julio,11285.29,alta
Ropa,500.04,19,4296.78,14.6,Junio,13108.97,alta
Deportes,1834.42,297,4240.31,42.9,Mayo,43096.68,alta
Tecnologia,802.91,471,1336.92,27.3,Octubre,12200.42,alta
Tecnologia,109.96,401,2114.82,20.9,Noviembre,5561.45,alta
Alimentos,750.68,77,2948.53,34.2,Febrero,13486.43,alta
Ropa,1390.69,441,2431.83,36.3,Marzo,39636.0,alta
Alimentos,1025.99,93,4569.97,2.1,Mayo,33906.17,alta
Ropa,945.82,286,738.71,5.9,Abril,8343.41,alta
Deportes,1983.96,491,2570.87,28.4,Mayo,28889.85,alta
Alimentos,171.18,409,,43.3,Febrero,6956.04,alta
Ropa,1261.06,474,405.26,29.1,Noviembre,17518.6,alta
Alimentos,39.03,165,3542.53,45.5,Abril,3098.8,media
Ropa,1212.73,52,145.29,38.0,Septiembre,9694.24,alta
Hogar,919.77,287,3151.23,30.3,Agosto,5826.77,alta
Alimentos,1381.74,436,3107.87,45.0,Junio,26651.54,alta
Tecnologia,138.73,82,,8.0,Diciembre,3761.2,media
TECNOLOGIA,1876.65,253,2623.46,4.5,Septiembre,47168.42,alta
Hogar,1359.98,123,3654.4,1.9,Enero,20055.42,alta
Alimentos,1011.6,45,60.75,45.8,Septiembre,14777.48,alta
Hogar,1403.07,35,4645.03,47.6,Febrero,37060.92,alta
ropa,1226.3,176,2823.61,3.1,Febrero,14839.44,alta
Alimentos,304.95,324,4110.08,18.8,Diciembre,12661.29,alta
Tecnologia,467.05,119,3161.14,33.3,Octubre,12433.71,alta
Tecnologia,598.44,319,2914.93,12.2,Septiembre,10444.76,alta
Alimentos,419.15,498,2672.31,25.6,Febrero,4680.01,media
Deportes,1977.62,25,3589.76,28.3,Abril,15862.24,alta
Ropa,,430,296.18,2.2,Enero,9507.66,alta
Ropa,412.49,70,2063.35,5.2,Enero,7328.35,alta
Alimentos,601.82,106,1979.26,31.9,Julio,19104.03,alta
Deportes,1322.04,199,,21.3,Agosto,16685.71,alta
Alimentos,1356.4,173,,14.8,Julio,41094.7,alta
Deportes,423.05,415,1621.0,31.3,Junio,6866.92,alta
DEPORTES,1035.26,454,4469.97,2.9,Agosto,27320.55,alta
Deportes,368.57,345,1956.62,18.5,Octubre,5649.11,alta
Hogar,83.03,105,1910.83,2.4,Junio,2606.28,media
Ropa,,406,1530.38,3.6,Enero,50833.65,alta
Hogar,,100,4238.15,11.6,Agosto,26683.6,alta
Ropa,910.18,307,276.88,4.4,Abril,4311.79,media
Deportes,15.43,82,740.58,36.7,Julio,633.06,baja
Ropa,1701.45,195,3539.61,25.9,Diciembre,52332.69,alta
Ropa,1879.28,170,,15.2,Noviembre,56019.99,alta
Deportes,55.55,34,4682.08,41.6,Enero,3348.14,media
Alimentos,1538.64,282,4267.8,19.1,Febrero,36718.48,alta
Ropa,281.58,145,3938.95,18.1,Enero,166288.68884054807,alta
Deportes,49.4,153,1549.75,3.4,Diciembre,1928.78,media
Ropa,747.46,349,,7.1,Noviembre,22761.79,alta
Deportes,1026.43,31,1550.33,12.9,Agosto,25752.09,alta
Alimentos,1151.65,304,691.44,14.5,Julio,24666.53,alta
Tecnologia,1678.19,140,3234.52,19.5,Mayo,12318.26,alta
Alimentos,1386.76,321,970.8,28.2,Noviembre,33365.52,alta
Hogar,1579.1,85,487.5,18.8,Diciembre,24858.23,alta
Alimentos,1571.44,277,,45.8,Octubre,41867.97,alta
Tecnologia,683.01,30,1993.68,17.8,Mayo,13429.38,alta
Alimentos,362.62,136,1694.64,40.6,Agosto,2323.18,media
Hogar,1402.06,188,856.38,18.6,Julio,14744.0,alta
Alimentos,1475.75,332,1020.78,39.9,Noviembre,6515.78,alta
Hogar,160.32,341,,30.1,Octubre,4803.74,media
Ropa,,424,2676.81,40.3,Marzo,37349.29,alta
Tecnologia,1285.85,286,3917.89,28.5,Marzo,35989.61,alta
Tecnologia,500.66,194,2379.27,7.2,Noviembre,6086.63,alta
Tecnologia,574.07,168,3493.8,49.3,Mayo,9490.03,alta
Hogar,475.4,338,3053.14,49.0,Febrero,11203.85,alta
Tecnologia,1533.24,238,,32.9,Enero,29920.14,alta
Hogar,267.36,249,4182.24,14.0,Marzo,11363.43,alta
Alimentos,1546.56,404,1045.37,1.9,Marzo,27900.72,alta
Deportes,1660.88,321,2464.05,44.7,Julio,35776.89,alta
Deportes,1042.34,67,3994.63,32.8,Febrero,8255.85,alta
Deportes,560.24,286,1605.39,22.9,Octubre,16423.48,alta
Alimentos,466.82,50,4342.45,35.4,Octubre,5577.48,alta
Tecnologia,1764.13,9,2018.69,25.8,Febrero,32229.73,alta
Hogar,1483.82,205,4909.16,15.3,Mayo,46648.58,alta
Tecnologia,604.37,170,2296.55,15.4,Mayo,14827.39,alta
Tecnologia,1899.48,277,4581.85,35.2,Marzo,42675.26,alta
Alimentos,1726.38,382,76.08,23.8,Abril,23985.28,alta
Hogar,1769.85,343,2107.24,35.6,Agosto,10379.61,alta
Hogar,1351.35,188,4838.02,17.0,Julio,28202.35,alta
Hogar,469.66,94,643.86,42.4,Septiembre,13293.04,alta
Alimentos,793.68,96,3749.43,32.7,Diciembre,15390.72,alta
Ropa,1151.6,395,3986.61,21.8,Febrero,34226.91,alta
Alimentos,852.45,31,2910.01,41.4,Marzo,4583.93,media
Alimentos,791.51,289,776.49,23.2,Noviembre,3820.27,media
Deportes,132.52,33,,18.8,Junio,5648.86,alta
Tecnologia,609.89,278,3138.54,35.0,Agosto,18720.86,alta
Hogar,470.24,164,1043.02,7.1,Diciembre,9098.41,alta
Tecnologia,1377.7,420,4150.53,17.6,Enero,12699.42,alta
Hogar,343.63,53,4229.04,47.0,Octubre,5223.96,alta
Alimentos,310.33,44,4052.07,10.6,Octubre,5689.0,alta
Ropa,994.53,439,3091.9,12.9,Diciembre,148528.73821810013,alta
Deportes,786.84,369,683.44,37.4,Marzo,6082.75,alta
DEPORTES,,85,4615.14,30.0,Marzo,5049.29,alta
Tecnologia,756.53,368,1194.74,10.0,Julio,22828.22,alta
Deportes,,7,3249.89,36.0,Febrero,15504.37,alta
Tecnologia,1281.88,302,1499.13,23.0,Septiembre,32767.31,alta
Tecnologia,,489,4946.7,43.6,Enero,46149.1,alta
Hogar,649.49,145,1010.07,39.9,Junio,4375.76,media
Deportes,638.98,260,2229.06,42.8,Noviembre,8912.87,alta
Ropa,1597.23,107,307.68,44.8,Febrero,23255.93,alta
Tecnologia,1221.89,112,3172.98,5.8,Noviembre,37867.01,alta
Tecnologia,250.93,167,3574.78,23.6,Mayo,10542.27,alta
Deportes,777.74,421,797.01,22.9,Mayo,13583.81,alta
Tecnologia,1011.13,374,4238.88,47.2,Junio,21795.2,alta
Ropa,385.18,483,2062.05,23.6,Diciembre,5143.97,alta
Deportes,1899.13,29,4339.95,43.2,Enero,46439.26,alta
Ropa,96.02,289,3063.64,28.7,Febrero,5013.46,alta
Deportes,864.13,316,4451.15,44.2,Mayo,23925.53,alta
Alimentos,1444.18,387,1231.83,39.9,Julio,7760.35,alta
Deportes,1411.63,45,3424.9,37.0,Agosto,32689.93,alta
Ropa,876.68,294,402.85,5.8,Noviembre,9901.59,alta
Tecnologia,576.77,34,1734.44,46.0,Mayo,15786.92,alta
Hogar,1860.29,10,2149.72,47.3,Abril,55863.78,alta
Ropa,,48,1627.43,40.6,Febrero,33942.58,alta
Tecnologia,1681.19,36,195.54,42.4,Enero,6656.97,alta
hogar,1683.1,127,3143.22,3.8,Septiembre,206083.7521597572,alta
Hogar,664.07,391,1458.81,34.3,Diciembre,10338.87,alta
Alimentos,1928.31,179,4658.7,16.3,Septiembre,22077.44,alta
Hogar,95.46,405,3914.89,41.8,Septiembre,5814.19,alta
Tecnologia,1510.68,51,149.6,34.0,Enero,38327.06,alta
Hogar,1913.34,73,52.24,20.4,Junio,36229.29,alta
Deportes,599.5,345,2394.32,10.9,Junio,18732.37,alta
Tecnologia,1735.13,263,3532.71,27.2,Febrero,49872.49,alta
Tecnologia,1208.26,428,2398.94,38.1,Febrero,30927.15,alta
Ropa,1866.06,409,4589.07,18.0,Abril,10200.49,alta
Hogar,1684.97,179,3064.5,18.9,Agosto,48184.02,alta
Tecnologia,1863.17,428,4169.57,1.4,Abril,45198.35,alta
Tecnologia,,179,2666.07,8.0,Agosto,12146.57,alta
Tecnologia,1784.38,87,3230.2,5.7,Octubre,9481.66,alta
Ropa,353.83,131,4710.43,6.4,Junio,5038.43,alta
Ropa,1491.25,420,169.13,36.9,Agosto,5547.7,alta
Ropa,1091.1,123,2876.27,28.5,Septiembre,29655.72,alta
Hogar,1669.26,495,2456.58,2.4,Diciembre,22057.18,alta
Tecnologia,1554.11,341,2221.27,39.2,Octubre,46160.64,alta
Deportes,1723.08,17,1822.93,18.4,Enero,45712.87,alta
Deportes,671.53,31,3810.19,17.9,Septiembre,7554.81,alta
Hogar,1920.84,150,557.01,12.9,Enero,48384.13,alta
Tecnologia,1780.53,98,2910.91,38.4,Octubre,17905.88,alta
Ropa,,337,3330.4,31.3,Febrero,9878.27,alta
Alimentos,472.36,438,3103.31,39.2,Abril,8733.88,alta
Ropa,1039.59,281,4596.85,7.5,Agosto,30390.88,alta
Hogar,1042.14,18,1586.74,44.4,Abril,26688.42,alta
Deportes,1066.07,365,2086.96,22.5,Enero,24855.94,alta
Ropa,1364.43,159,3150.17,33.3,Diciembre,25448.58,alta
Ropa,648.62,371,,48.3,Noviembre,12214.88,alta
Deportes,,457,2873.65,40.7,Enero,31223.91,alta
Alimentos,,143,3983.11,9.4,Octubre,27735.47,alta
Alimentos,1277.37,109,2448.79,6.9,Abril,23369.27,alta
Deportes,577.81,27,2882.49,35.3,Mayo,15023.57,alta
Hogar,610.13,95,2109.38,45.6,Noviembre,10576.85,alta
Alimentos,711.01,193,1995.06,29.7,Febrero,4746.79,media
Alimentos,1705.42,453,2588.07,46.3,Marzo,49559.22,alta
Deportes,695.27,103,124.75,49.7,Febrero,9619.22,alta
Hogar,535.68,267,60.62,33.4,Diciembre,4523.39,media
Tecnologia,187.1,342,4542.57,36.3,Enero,5845.98,alta
Hogar,1382.58,23,2549.94,45.6,Julio,29052.89,alta
Tecnologia,844.61,318,282.23,38.5,Septiembre,7051.88,alta
Tecnologia,1388.09,320,3831.28,18.1,Marzo,23040.64,alta
Tecnologia,1033.91,108,4000.31,37.7,Enero,9602.84,alta
Deportes,1768.45,427,308.54,16.9,Noviembre,38614.09,alta
Tecnologia,828.91,267,,40.1,Abril,18063.08,alta
Deportes,339.99,458,2359.25,12.2,Agosto,10661.74,alta
Alimentos,1757.55,441,3696.52,26.4,Mayo,10781.3,alta
Deportes,884.92,399,580.46,43.3,Marzo,8232.66,alta
Ropa,1547.13,307,3833.05,43.1,Julio,26334.71,alta
Deportes,887.18,108,515.81,19.0,Octubre,168913.46645987834,alta
Ropa,814.65,419,4775.37,39.4,Marzo,19372.17,alta
Tecnologia,917.21,65,3670.54,8.0,Septiembre,21491.93,alta
Deportes,1870.09,218,1462.62,16.3,Enero,19617.74,alta
Deportes,1387.44,224,1846.12,47.8,Mayo,14663.51,alta
Deportes,148.67,288,1027.83,27.0,Marzo,2904.02,media
Ropa,1808.73,496,4765.82,2.2,Febrero,42217.31,alta
Ropa,78.04,232,1315.01,31.1,Abril,1646.42,media
Tecnologia,370.08,44,,28.9,Marzo,7999.39,alta
Alimentos,1245.27,182,1.33,31.8,Marzo,8163.7,alta
Hogar,1070.55,413,960.51,36.7,Junio,30261.57,alta
Tecnologia,1088.29,412,2035.21,13.2,Febrero,33533.07,alta
Deportes,205.98,148,981.96,5.4,Agosto,3620.44,media
Deportes,1275.82,176,1197.78,10.2,Octubre,4271.9,media
Alimentos,1108.55,215,4507.86,43.5,Noviembre,7113.21,alta
Tecnologia,1042.43,319,4198.7,35.8,Diciembre,27406.72,alta
Ropa,73.69,440,3570.39,35.1,Febrero,5152.9,alta
Ropa,293.85,272,1729.23,35.1,Septiembre,8962.07,alta
Tecnologia,568.47,143,696.03,35.8,Marzo,10374.36,alta
Alimentos,1694.8,251,2430.76,19.7,Octubre,33959.44,alta
Alimentos,186.92,337,3715.93,9.8,Noviembre,6069.26,alta
Ropa,1031.94,406,2775.69,34.0,Julio,19741.93,alta
Tecnologia,1515.56,287,2213.06,13.7,Julio,29002.31,alta
Tecnologia,821.79,266,3190.93,13.6,Septiembre,15222.07,alta
Hogar,857.29,432,4032.85,36.2,Diciembre,12021.4,alta
Alimentos,1347.03,274,,42.4,Septiembre,7177.01,alta
Deportes,123.36,408,2603.36,7.6,Abril,3147.42,media
Tecnologia,516.43,433,843.91,20.9,Febrero,7779.01,alta
Deportes,1612.43,265,3915.76,8.9,Junio,42312.45,alta
Ropa,1595.87,353,2683.76,1.5,Septiembre,19714.49,alta
Alimentos,333.9,35,4372.51,22.0,Marzo,7374.95,alta
Deportes,1329.15,423,2289.89,19.8,Agosto,8067.77,alta
Ropa,1025.19,38,1286.57,14.4,Abril,30554.55,alta
Deportes,988.19,305,,36.5,Octubre,22228.04,alta
Tecnologia,1973.17,250,532.45,37.8,Octubre,11177.65,alta
ALIMENTOS,,419,400.63,33.7,Octubre,16361.82,alta
Tecnologia,915.24,236,3398.44,1.5,Abril,28975.7,alta
Hogar,85.63,392,4911.69,16.6,Febrero,5970.67,alta
Tecnologia,373.58,379,2039.31,39.8,Junio,10774.19,alta
Ropa,53.58,75,3219.71,9.9,Febrero,3591.89,media
Ropa,1839.95,127,,41.2,Febrero,27331.46,alta
Alimentos,1836.41,308,4804.0,7.7,Junio,9513.0,alta
Alimentos,498.41,173,,40.5,Octubre,9288.05,alta
Ropa,997.75,217,1549.42,2.9,Diciembre,11579.3,alta
Deportes,1110.8,108,4555.64,45.1,Marzo,31264.85,alta
Ropa,1809.4,280,763.8,27.2,Octubre,18302.6,alta
Tecnologia,1583.78,102,1347.06,13.9,Abril,27979.87,alta
Alimentos,812.15,231,4948.45,32.4,Diciembre,8429.19,alta
Ropa,1942.81,166,2882.79,49.8,Octubre,44866.25,alta
Alimentos,1443.93,459,729.72,23.6,Junio,18995.77,alta
Ropa,252.34,90,3607.04,20.5,Abril,3836.34,media
Tecnologia,62.53,98,2641.21,5.3,Febrero,2265.65,media
Ropa,740.19,178,4543.24,10.3,Julio,18178.06,alta
Tecnologia,524.5,321,4870.47,36.8,Abril,13777.64,alta
Tecnologia,1075.62,129,1357.79,31.2,Diciembre,14725.79,alta
Tecnologia,1104.08,112,1812.23,9.6,Abril,33617.93,alta
Hogar,905.78,27,1767.99,5.4,Agosto,17948.84,alta
Alimentos,985.59,472,2339.62,45.3,Febrero,27429.15,alta
Tecnologia,1889.53,138,4530.39,19.3,Noviembre,33740.83,alta
Deportes,55.12,46,1850.58,11.4,Enero,2949.32,media
ROPA,1908.45,349,4036.86,13.5,Mayo,48982.65,alta
Alimentos,549.29,214,643.03,46.6,Octubre,13661.31,alta
HOGAR,879.24,461,4553.09,22.6,Agosto,26259.59,alta
Ropa,1836.19,393,2002.37,37.9,Febrero,27665.9,alta
Deportes,,186,1543.42,30.9,Junio,7461.53,alta
Ropa,19.31,396,4385.3,34.7,Junio,4661.27,media
Deportes,711.53,177,4218.41,31.8,Septiembre,9066.62,alta
Tecnologia,85.6,471,,19.2,Mayo,7746.0,alta
Alimentos,1739.72,343,1239.2,48.7,Febrero,32805.52,alta
Alimentos,1315.7,307,51.92,15.2,Julio,10121.21,alta
Hogar,1705.49,136,4633.09,13.7,Julio,12223.49,alta
Hogar,1125.81,10,3139.32,2.6,Marzo,35181.21,alta
Deportes,537.2,76,4895.59,29.4,Enero,17320.45,alta
Deportes,365.22,348,3735.17,28.2,Octubre,9419.34,alta
Alimentos,43.05,205,2072.01,45.4,Septiembre,1933.09,media
Deportes,391.69,57,3956.21,1.5,Enero,10700.89,alta
Tecnologia,337.22,424,2836.78,38.5,Enero,11708.71,alta
Deportes,1454.53,228,2120.24,17.9,Agosto,23580.78,alta
alimentos,70.05,308,2938.29,4.4,Abril,3560.34,media
Alimentos,1764.76,65,,20.9,Abril,34737.11,alta
Hogar,1915.71,485,4216.96,35.1,Noviembre,24186.25,alta
TECNOLOGIA,934.62,362,3222.04,3.6,Mayo,15797.71,alta
Tecnologia,1065.25,53,52.49,17.9,Septiembre,1798.13,media
Tecnologia,248.72,305,2210.06,22.3,Septiembre,9506.86,alta
Alimentos,263.8,303,1108.99,8.1,Diciembre,7295.58,alta
Hogar,1506.54,209,845.34,48.7,Abril,6231.44,alta
tecnologia,,473,66.18,46.3,Septiembre,37244.71,alta
Ropa,,464,4764.74,6.2,Abril,12553.6,alta
Hogar,1369.69,98,521.18,32.1,Septiembre,14011.34,alta
Alimentos,,272,224.88,46.6,Mayo,9974.02,alta
Hogar,1325.66,164,2481.38,17.5,Marzo,27777.14,alta
Tecnologia,384.37,128,1637.66,10.3,Febrero,5392.34,alta
Ropa,789.49,225,2484.49,26.9,Octubre,6843.59,alta
Alimentos,1892.14,254,2962.41,24.3,Abril,215006.45628900392,alta
Deportes,1069.29,316,3785.17,11.4,Abril,11819.16,alta
Ropa,,92,3127.48,10.1,Julio,151723.80043939702,alta
Deportes,1507.27,398,3801.62,19.4,Julio,6775.13,alta
Ropa,1612.11,362,332.41,46.0,Agosto,10600.3,alta
Ropa,1679.49,119,4208.91,13.7,Marzo,11120.73,alta
Tecnologia,773.14,68,4713.31,39.9,Enero,13789.9,alta
Ropa,1250.84,391,2107.25,22.4,Junio,21799.44,alta
Ropa,731.67,135,2627.17,22.1,Agosto,23456.17,alta
Alimentos,435.24,25,1399.54,33.2,Abril,10567.02,alta
Deportes,558.48,30,4774.93,49.7,Agosto,5957.74,alta
Deportes,126.68,20,3256.76,31.5,Junio,4960.18,media
Hogar,1311.93,57,3462.11,25.5,Octubre,10629.21,alta
Deportes,1024.63,180,1080.65,43.7,Septiembre,14716.82,alta
Hogar,1221.15,247,2697.22,2.6,Marzo,11589.73,alta
Deportes,1633.92,232,4123.26,47.0,Abril,12857.32,alta
Tecnologia,1119.75,272,2297.77,11.5,Febrero,29635.22,alta
hogar,1277.11,236,3561.77,2.7,Diciembre,38741.79,alta
Alimentos,399.91,337,22.06,8.5,Octubre,9295.16,alta
Hogar,926.92,102,796.93,0.7,Febrero,24891.49,alta
deportes,1929.26,485,4435.69,10.9,Diciembre,55427.8,alta
Tecnologia,190.87,346,4934.23,42.1,Febrero,6733.53,alta
ropa,792.53,251,3961.38,2.2,Agosto,7353.87,alta
Alimentos,1899.76,31,468.41,37.9,Junio,38140.52,alta
Tecnologia,1231.16,254,4228.37,36.9,Diciembre,37335.53,alta
Tecnologia,1535.27,423,4572.81,12.4,Diciembre,46898.8,alta
Deportes,1971.39,367,3729.57,31.4,Julio,44405.64,alta
Tecnologia,256.61,273,3651.24,35.0,Febrero,7975.51,alta
Ropa,1431.9,5,3509.73,11.3,Mayo,42608.17,alta
Alimentos,1537.61,79,1004.49,31.1,Junio,9975.72,alta
Alimentos,261.77,248,2580.24,45.7,Septiembre,7691.18,alta
Hogar,825.06,255,,25.1,Agosto,3617.82,media
Tecnologia,1111.42,429,894.95,10.8,Septiembre,5475.3,alta
Deportes,1408.87,65,1974.32,25.6,Mayo,24178.4,alta
Deportes,1739.62,229,2283.14,5.2,Diciembre,6292.96,alta
Deportes,1980.19,37,1657.48,39.6,Septiembre,36310.23,alta
Ropa,1033.79,177,4546.06,37.4,Marzo,224845.89274121856,alta
Alimentos,993.56,29,4664.15,41.2,Marzo,32301.48,alta
Tecnologia,1194.95,24,422.83,19.9,Julio,22377.88,alta
Tecnologia,980.53,167,1805.53,46.1,Septiembre,15991.05,alta
Deportes,1350.16,334,1269.29,10.3,Marzo,36434.69,alta
Deportes,42.23,40,3616.32,37.2,Abril,3759.78,media
Hogar,311.48,91,4438.11,44.1,Junio,6622.54,alta
Tecnologia,907.97,219,1063.83,34.5,Febrero,19026.63,alta
Alimentos,898.19,479,2929.19,16.4,Octubre,10774.68,alta
Alimentos,1956.19,431,4299.42,0.1,Marzo,17700.88,alta
Ropa,1102.3,37,1892.26,14.5,Abril,13349.45,alta
ropa,832.59,143,600.13,20.9,Junio,5117.83,alta
Deportes,1444.88,390,1529.81,19.2,Agosto,38407.66,alta
Hogar,1269.91,269,,2.2,Agosto,17039.63,alta
Alimentos,75.0,447,,5.0,Diciembre,5688.31,alta
Alimentos,1301.88,225,1757.39,10.6,Septiembre,33198.2,alta
Tecnologia,1269.66,256,220.33,22.6,Julio,10412.67,alta
Deportes,904.92,302,3789.57,27.8,Junio,17756.38,alta
Hogar,306.52,215,2711.41,35.6,Mayo,8504.66,alta
Hogar,,102,116.28,22.0,Agosto,28363.1,alta
Hogar,946.88,436,,13.7,Enero,17575.63,alta
Alimentos,471.01,176,3734.15,35.8,Mayo,8701.26,alta
Deportes,1671.42,230,2816.89,11.9,Agosto,25134.88,alta
alimentos,1629.09,330,2109.7,21.3,Abril,37968.45,alta
Alimentos,1343.47,382,4910.99,26.4,Enero,12260.03,alta
ROPA,677.06,426,794.41,19.7,Marzo,17336.01,alta
Hogar,691.06,116,2151.35,43.3,Mayo,20594.72,alta
hogar,1935.2,357,1979.85,33.0,Marzo,44515.67,alta
Tecnologia,1968.54,117,2695.0,33.7,Septiembre,61157.96,alta
Alimentos,188.23,191,2115.48,0.6,Noviembre,7930.28,alta
Tecnologia,717.02,403,2840.41,27.5,Abril,18068.98,alta
Alimentos,409.04,339,4591.77,44.8,Abril,5014.73,alta
Tecnologia,1496.78,360,1547.6,40.4,Abril,33517.3,alta
Deportes,1638.74,224,2775.72,32.5,Mayo,25504.81,alta
Ropa,256.79,8,,21.4,Septiembre,6216.27,alta
ALIMENTOS,,266,672.89,32.5,Enero,24023.54,alta
Ropa,330.41,430,915.84,9.4,Noviembre,10778.12,alta
Deportes,1294.64,209,731.64,31.0,Abril,4032.37,media
Deportes,330.8,369,3499.0,37.9,Mayo,8447.09,alta
Hogar,1944.88,388,4657.2,20.1,Febrero,43848.47,alta
Ropa,1926.0,382,4530.97,31.7,Febrero,53700.85,alta
Tecnologia,,372,2239.57,46.3,Marzo,27231.59,alta
Alimentos,728.44,57,1864.15,29.3,Julio,7252.16,alta
Hogar,779.01,454,881.22,48.2,Julio,18534.62,alta
Hogar,861.74,91,4950.07,46.5,Enero,29093.44,alta
DEPORTES,754.48,310,,26.5,Diciembre,19548.11,alta
Alimentos,255.39,103,1523.84,19.9,Agosto,6528.88,alta
Deportes,1520.44,332,3527.01,46.7,Enero,43630.38,alta
Deportes,159.49,163,2893.66,0.9,Septiembre,3242.62,media
Hogar,1328.37,328,3343.2,8.8,Diciembre,8595.31,alta
Tecnologia,1628.93,141,4233.46,19.1,Agosto,26982.79,alta
Hogar,1648.52,148,1573.52,37.0,Noviembre,43703.97,alta
DEPORTES,,69,3767.49,20.4,Noviembre,24948.31,alta
Deportes,198.56,218,267.6,27.6,Noviembre,4709.18,media
Hogar,406.3,226,1036.73,30.8,Noviembre,3213.38,media
Tecnologia,826.23,445,883.73,34.2,Enero,5905.27,alta
Hogar,447.74,223,579.92,42.8,Noviembre,13586.3,alta
Alimentos,1744.87,431,1415.05,39.6,Agosto,20973.29,alta
Hogar,1328.62,409,2379.94,0.4,Noviembre,29386.37,alta
Deportes,1577.54,483,2088.64,45.4,Marzo,10969.88,alta
Tecnologia,556.74,143,1384.28,1.6,Abril,11813.76,alta
Alimentos,1054.59,379,2438.56,37.3,Julio,4721.92,media
Deportes,697.49,117,738.56,1.4,Mayo,19806.0,alta
Ropa,877.62,26,3155.82,44.1,Enero,6992.73,alta
Hogar,1878.65,401,2393.35,13.2,Diciembre,36525.27,alta
Hogar,,38,495.48,7.4,Julio,3428.07,media
Alimentos,,250,1227.86,23.8,Febrero,8706.12,alta
Alimentos,1090.0,21,344.26,18.5,Julio,5717.11,alta
Tecnologia,338.66,294,1013.32,7.2,Marzo,9489.67,alta
Tecnologia,786.7,239,2077.88,9.0,Abril,154063.65048352958,alta
Deportes,1709.72,245,3002.93,22.5,Junio,25989.23,alta
Tecnologia,187.21,419,1529.75,26.4,Febrero,4559.75,media
Alimentos,1753.01,412,2692.36,23.0,Septiembre,33275.39,alta
DEPORTES,764.27,8,4370.37,1.2,Octubre,5607.11,alta
Tecnologia,1066.8,381,3998.74,12.1,Febrero,24252.23,alta
Alimentos,1308.94,122,4285.29,43.6,Diciembre,30227.95,alta
Ropa,1549.28,134,2553.08,7.5,Julio,34923.08,alta
Tecnologia,256.35,388,3787.24,9.9,Mayo,5636.42,alta
Ropa,471.41,88,2922.45,25.9,Junio,5873.03,alta
Tecnologia,1107.21,108,2709.56,40.2,Octubre,9153.93,alta
Ropa,187.44,427,4719.48,13.7,Febrero,4993.95,media
Tecnologia,18.68,336,2062.4,12.6,Agosto,2427.33,media
Alimentos,1552.6,74,4587.28,21.7,Julio,48351.65,alta
Ropa,641.05,44,3112.84,25.4,Agosto,11361.89,alta
Tecnologia,1334.63,188,1525.46,27.2,Diciembre,36366.72,alta
Tecnologia,1219.33,173,,8.1,Abril,22923.7,alta
deportes,781.61,413,2479.27,15.5,Enero,4827.6,media
Tecnologia,538.93,38,3820.29,31.7,Febrero,17608.16,alta
Deportes,750.15,444,3027.64,15.8,Diciembre,8797.85,alta
Hogar,1231.83,353,,47.4,Febrero,5011.16,alta
Alimentos,1287.95,316,326.45,22.2,Mayo,38512.18,alta
Deportes,565.12,148,190.94,24.1,Junio,1637.08,media
Ropa,1465.83,443,4948.92,30.6,Febrero,32611.04,alta
Hogar,1560.37,164,3927.69,4.6,Diciembre,10648.15,alta
Tecnologia,,458,3430.82,30.7,Julio,7682.73,alta
Alimentos,871.31,39,1030.72,48.3,Noviembre,25856.23,alta
Alimentos,348.39,452,267.37,11.4,Noviembre,8795.7,alta
Ropa,1984.88,320,3822.07,4.1,Febrero,53230.33,alta
Hogar,141.9,396,2535.39,24.4,Febrero,3559.24,media
Hogar,1621.9,299,4621.93,2.2,Mayo,16761.98,alta
Hogar,1111.37,164,1276.13,45.5,Septiembre,163649.91548190732,alta
Hogar,90.87,309,4814.84,43.5,Febrero,5410.67,alta
Deportes,1804.26,97,1341.03,36.9,Agosto,16452.74,alta
Tecnologia,1633.88,455,,30.8,Agosto,24486.35,alta
Hogar,1957.49,131,1469.32,9.5,Mayo,55221.32,alta
Deportes,149.56,30,1270.76,11.4,Noviembre,4721.69,media
Deportes,1425.06,429,3403.52,11.6,Julio,22629.26,alta
Tecnologia,904.05,11,1676.51,45.4,Abril,13764.92,alta
Hogar,266.04,248,4961.35,38.3,Noviembre,10029.65,alta
Deportes,585.96,117,3666.86,48.6,Julio,10113.4,alta
Alimentos,1156.75,118,4435.77,19.3,Abril,16267.94,alta
Hogar,522.63,49,898.48,49.9,Marzo,9502.01,alta
Deportes,,10,1918.71,19.0,Marzo,21137.22,alta
Alimentos,443.61,162,2027.82,2.4,Agosto,5954.85,alta
Alimentos,403.24,386,3745.36,8.6,Mayo,12872.49,alta
Ropa,1432.6,483,4926.18,39.4,Junio,42626.83,alta
HOGAR,581.96,159,4478.04,45.3,Julio,12536.93,alta
Ropa,1347.2,108,187.98,10.6,Febrero,31234.92,alta
Hogar,1101.98,420,,22.8,Julio,19494.4,alta
Hogar,970.19,345,2942.37,26.9,Septiembre,7183.49,alta
Deportes,214.65,408,3944.76,44.6,Julio,8720.77,alta
Tecnologia,924.48,379,3914.07,37.5,Febrero,7133.45,alta
Deportes,1930.91,98,4241.49,12.4,Julio,15075.03,alta
Tecnologia,1261.44,362,405.37,32.3,Enero,15765.38,alta
Alimentos,1559.2,417,4328.82,30.6,Julio,23580.69,alta
Ropa,,330,2755.44,45.1,Abril,52167.74,alta
Hogar,646.26,22,2955.48,6.3,Diciembre,6011.64,alta
Alimentos,,426,4747.46,0.4,Marzo,9247.83,alta
Deportes,221.17,451,1765.57,41.5,Enero,6210.47,alta
Tecnologia,11.7,18,1888.24,49.5,Septiembre,1229.44,baja
Alimentos,957.71,65,4759.2,0.0,Febrero,23262.95,alta
Tecnologia,1389.93,441,4342.43,1.7,Mayo,14500.36,alta
Alimentos,1802.52,222,4504.59,10.0,Febrero,55426.74,alta
Ropa,632.4,252,1488.32,2.8,Julio,19761.98,alta
Tecnologia,790.91,23,550.06,47.5,Diciembre,2026.29,media
Deportes,555.66,214,1916.53,23.4,Septiembre,15734.47,alta
Alimentos,1310.65,247,1771.11,17.5,Noviembre,23894.08,alta
Deportes,1982.69,34,717.82,22.1,Diciembre,33116.06,alta
Ropa,83.73,466,4716.13,22.0,Octubre,6526.19,alta
Ropa,583.87,171,4627.21,19.6,Abril,6946.75,alta
Deportes,72.05,143,1314.91,4.9,Agosto,2260.77,media
Tecnologia,350.15,150,2092.42,2.5,Septiembre,6319.18,alta
Hogar,1023.32,200,4987.33,3.4,Agosto,32461.47,alta
Alimentos,561.92,293,1312.89,6.1,Febrero,4354.95,media
TECNOLOGIA,1527.54,70,1070.74,3.5,Noviembre,33725.72,alta
Alimentos,904.61,17,3856.71,18.2,Enero,10316.62,alta
Ropa,1815.86,408,3869.33,5.8,Mayo,23507.2,alta
Tecnologia,1615.89,237,2092.09,46.8,Octubre,30867.44,alta
Alimentos,839.78,292,22.68,1.8,Enero,25117.08,alta
Tecnologia,564.18,183,4799.39,30.3,Junio,7646.55,alta
Ropa,314.2,294,51.68,14.8,Julio,8422.16,alta
Deportes,295.77,258,1235.3,14.8,Marzo,3898.31,media
Tecnologia,1231.71,258,3098.21,34.1,Julio,37760.45,alta
Deportes,413.05,232,1151.99,37.3,Marzo,5741.24,alta
Tecnologia,992.28,268,1345.47,23.7,Febrero,5777.65,alta
Deportes,323.04,180,4710.06,36.8,Abril,7620.98,alta
alimentos,1046.52,226,2703.05,33.7,Febrero,9180.64,alta
Deportes,900.3,369,3929.65,32.1,Junio,10043.58,alta
Deportes,,226,3046.2,49.3,Febrero,3735.1,media
Ropa,1053.86,113,4492.03,48.3,Junio,13742.88,alta
Tecnologia,,62,3801.24,39.9,Febrero,18089.0,alta
Deportes,914.54,389,1034.84,30.8,Agosto,27549.6,alta
Tecnologia,465.47,124,995.69,30.4,Marzo,8314.4,alta
Ropa,,455,3993.58,31.8,Septiembre,30248.38,alta
Hogar,1990.88,206,1619.52,23.9,Septiembre,49548.88,alta
Ropa,649.97,102,,41.4,Octubre,6885.19,alta
Hogar,1848.43,49,3645.86,49.8,Septiembre,54378.2,alta
Hogar,1796.64,444,1252.41,14.6,Julio,42852.29,alta
Deportes,94.14,348,921.39,39.2,Agosto,2628.7,media
Deportes,308.58,190,2166.83,17.2,Marzo,6945.21,alta
Ropa,1701.82,182,22.81,23.3,Marzo,23540.06,alta
Alimentos,1602.72,261,3478.84,16.1,Abril,36565.97,alta
Ropa,1450.6,435,4216.47,46.7,Abril,37989.9,alta
Tecnologia,1229.34,491,2389.61,44.6,Junio,18513.78,alta
Alimentos,816.4,68,53.79,2.3,Mayo,25008.83,alta
Hogar,1760.18,374,4610.14,48.8,Marzo,16479.75,alta
ALIMENTOS,1956.16,164,4283.89,20.7,Noviembre,29578.96,alta
Deportes,401.54,414,2881.14,5.2,Septiembre,4283.31,media
Hogar,487.57,445,3029.12,27.8,Noviembre,11695.34,alta
Hogar,610.46,389,1275.99,42.2,Mayo,197231.59463432565,alta
Alimentos,938.76,457,3181.01,12.7,Marzo,29753.17,alta
Deportes,1715.27,432,,5.5,Diciembre,47112.82,alta
Deportes,327.86,430,3999.29,26.0,Octubre,5884.25,alta
Tecnologia,,399,,13.8,Septiembre,35227.06,alta
Tecnologia,747.11,277,2401.43,29.8,Noviembre,14684.08,alta
Deportes,796.01,88,2476.79,28.2,Julio,7809.98,alta
Tecnologia,1491.46,395,4394.2,42.2,Septiembre,22471.23,alta
Ropa,1231.04,136,2656.54,16.0,Agosto,37532.27,alta
Hogar,695.97,34,1820.86,25.0,Enero,13594.25,alta
Alimentos,1122.33,241,2356.55,0.3,Abril,34287.59,alta
Tecnologia,1972.59,148,1206.33,7.3,Abril,47681.58,alta
Tecnologia,1059.86,69,3954.3,20.8,Noviembre,17192.08,alta
HOGAR,598.56,236,3005.69,3.4,Julio,9303.4,alta
Ropa,1396.45,161,1539.67,46.0,Julio,37469.67,alta
Alimentos,541.88,160,861.36,44.3,Diciembre,13867.1,alta
Tecnologia,,287,2963.61,15.4,Abril,4805.35,media
Alimentos,1789.2,272,2571.05,49.7,Noviembre,32756.12,alta
Ropa,546.09,455,3534.85,3.6,Noviembre,13585.64,alta
Tecnologia,1928.93,117,489.6,20.8,Febrero,42623.39,alta
Tecnologia,748.47,183,4319.58,38.9,Diciembre,9313.37,alta
Alimentos,145.18,106,223.05,10.4,Marzo,751.68,baja
Tecnologia,739.93,465,4359.53,48.4,Marzo,23335.19,alta
tecnologia,250.64,276,4446.5,38.9,Marzo,8250.67,alta
Tecnologia,683.96,446,133.93,31.8,Marzo,19716.67,alta
Alimentos,535.3,174,3509.52,16.8,Septiembre,11752.26,alta
Ropa,767.99,173,2041.61,7.5,Octubre,16371.3,alta
Ropa,573.15,484,4776.09,35.1,Noviembre,18631.35,alta
Hogar,850.79,461,4648.05,5.3,Febrero,17507.06,alta
Ropa,876.89,206,995.08,2.7,Mayo,9004.33,alta
Deportes,1446.73,91,399.69,7.3,Julio,40808.21,alta
Hogar,1624.72,465,4704.32,39.0,Marzo,11439.47,alta
Alimentos,1107.53,471,65.25,39.4,Noviembre,22021.2,alta
Tecnologia,1281.27,41,2298.68,15.6,Mayo,5605.92,alta
Ropa,,312,2490.31,20.9,Agosto,4031.88,media
Ropa,1910.67,99,3150.95,31.6,Diciembre,21535.26,alta
Hogar,896.84,54,266.88,1.4,Enero,26526.59,alta
Alimentos,1021.92,75,4186.43,6.7,Noviembre,33717.62,alta
Tecnologia,26.14,98,4313.75,9.0,Octubre,4072.81,media
Ropa,1647.48,452,4068.79,37.5,Enero,21718.42,alta
Hogar,1861.46,378,473.74,39.6,Agosto,9703.22,alta
Tecnologia,937.64,449,1281.83,39.2,Abril,9657.41,alta
Ropa,32.92,30,4000.87,37.8,Agosto,3148.0,media
Tecnologia,584.33,303,3600.89,1.5,Junio,11547.62,alta
Alimentos,124.78,234,121.52,0.3,Noviembre,1254.79,baja
Hogar,1836.68,410,1786.22,16.8,Agosto,46420.6,alta
Tecnologia,1686.4,182,4930.31,15.8,Mayo,43782.84,alta
Hogar,1417.61,318,2255.98,41.1,Septiembre,24717.74,alta
Alimentos,1905.2,477,436.97,32.7,Diciembre,16936.98,alta
Hogar,1007.21,281,1977.87,12.4,Noviembre,16782.24,alta
Hogar,1823.01,81,2920.22,9.9,Diciembre,39623.79,alta
Tecnologia,646.02,65,4925.65,20.1,Marzo,11816.2,alta
Deportes,883.21,342,3569.43,31.0,Mayo,13683.08,alta
Alimentos,1614.58,227,4027.28,27.9,Septiembre,19436.67,alta
Tecnologia,519.38,21,,36.7,Junio,124909.99964918057,alta
Alimentos,1678.94,420,283.09,35.1,Agosto,48980.61,alta
Ropa,1201.09,24,3679.85,19.5,Junio,19402.38,alta
Ropa,479.03,427,4832.88,42.8,Octubre,14976.03,alta
Alimentos,229.47,179,1355.25,36.2,Enero,6754.45,alta
Deportes,101.01,306,3392.6,28.3,Agosto,4056.21,media
Deportes,1649.22,355,2936.73,9.4,Mayo,24870.58,alta
Alimentos,1863.44,247,4175.37,29.7,Enero,10727.91,alta
TECNOLOGIA,1047.0,340,,31.4,Julio,16948.93,alta
Deportes,779.71,378,4482.89,25.1,Agosto,19584.41,alta
Deportes,229.19,307,80.98,41.9,Julio,5180.08,alta
Alimentos,1243.09,36,4952.85,36.6,Marzo,10761.08,alta
Hogar,86.76,278,1602.91,30.5,Enero,1618.34,media
Alimentos,1782.87,264,3309.19,29.4,Junio,13071.15,alta
Hogar,1095.78,90,2059.86,3.9,Agosto,8586.55,alta
Tecnologia,1690.44,491,535.17,9.7,Julio,13374.55,alta
Hogar,139.22,209,29.24,36.6,Diciembre,4244.13,media
Alimentos,1178.84,485,1053.43,46.5,Diciembre,6509.03,alta
Hogar,1398.09,460,3571.17,48.9,Diciembre,41683.47,alta
Hogar,910.51,34,275.31,18.7,Octubre,8419.87,alta
Ropa,591.75,465,3741.47,46.6,Abril,6419.6,alta
Deportes,913.28,349,1895.9,29.2,Enero,12849.48,alta
Tecnologia,687.53,497,4174.95,20.2,Agosto,15794.35,alta
Hogar,740.27,478,,18.6,Octubre,18476.34,alta
Tecnologia,1628.93,386,,2.9,Marzo,37916.34,alta
Alimentos,72.3,465,,28.7,Agosto,4169.36,media
Hogar,,66,1469.2,19.7,Abril,7195.13,alta
Tecnologia,671.41,388,547.45,16.0,Agosto,20483.0,alta
Tecnologia,,278,4714.71,19.7,Octubre,31977.74,alta
Hogar,1605.48,63,4215.67,10.3,Julio,30091.92,alta
Tecnologia,637.8,180,2715.16,27.2,Octubre,7150.2,alta
Tecnologia,,62,1594.62,21.4,Enero,18224.53,alta
Ropa,244.03,440,,29.8,Abril,7445.03,alta
Alimentos,1053.72,306,269.84,44.1,Enero,10154.53,alta
Tecnologia,1692.89,357,2115.3,47.0,Febrero,11673.76,alta
Hogar,261.3,467,832.2,37.6,Mayo,8273.85,alta
Alimentos,475.75,215,2706.6,25.7,Octubre,7770.31,alta
Deportes,928.38,432,2314.61,38.5,Julio,24392.0,alta
Alimentos,1913.27,30,1675.26,32.4,Septiembre,53394.18,alta
Tecnologia,156.91,321,371.98,37.9,Diciembre,2672.87,media
Alimentos,1826.09,436,1833.35,17.8,Diciembre,25551.1,alta
Hogar,1036.03,415,1922.13,13.6,Junio,18413.04,alta
Alimentos,1897.1,77,126.14,46.4,Noviembre,19294.35,alta
Alimentos,,438,361.31,36.6,Septiembre,3713.46,media
Alimentos,893.13,216,3630.22,13.7,Marzo,21536.57,alta
Tecnologia,159.72,242,3989.35,36.2,Septiembre,5545.32,alta
Ropa,403.35,435,1913.81,49.9,Septiembre,8104.64,alta
Ropa,292.65,437,807.5,42.5,Julio,2029.67,media
Deportes,1840.41,83,,4.1,Octubre,29936.17,alta
Deportes,1477.4,471,3731.31,27.5,Septiembre,13830.99,alta
Alimentos,1914.52,37,1985.29,18.8,Septiembre,26214.75,alta
Deportes,1778.27,473,4918.97,30.1,Febrero,55492.57,alta
Alimentos,1203.51,101,366.37,27.8,Septiembre,21239.18,alta
Ropa,1200.88,244,1102.13,42.2,Noviembre,5884.76,alta
Tecnologia,888.42,24,1052.82,50.0,Septiembre,22043.68,alta
Hogar,,65,548.86,20.9,Febrero,8511.25,alta
Deportes,,491,1745.27,33.3,Diciembre,46062.14,alta
Tecnologia,166.28,330,1961.4,42.6,Febrero,2488.06,media
Alimentos,416.04,397,4607.6,27.3,Febrero,16485.08,alta
Hogar,1871.33,281,2992.39,45.4,Abril,10902.08,alta
Hogar,659.75,196,4250.85,38.0,Febrero,12013.71,alta
Hogar,,403,240.24,29.2,Junio,16102.25,alta
Deportes,1218.14,16,,31.6,Junio,30203.47,alta
Tecnologia,580.2,347,4746.39,33.8,Junio,14397.15,alta
Deportes,253.24,466,4242.7,49.2,Noviembre,10594.23,alta
Deportes,1197.3,87,1349.62,46.6,Febrero,18942.65,alta
Tecnologia,1959.04,433,4905.99,48.0,Diciembre,12642.99,alta
Tecnologia,939.01,195,3007.88,43.9,Mayo,6361.27,alta
Alimentos,951.1,491,2700.18,32.4,Mayo,11891.38,alta
Alimentos,29.19,169,1769.65,32.4,Enero,1897.8,media
Ropa,595.16,304,2328.93,14.5,Febrero,19450.69,alta
Tecnologia,1676.66,121,1447.33,2.8,Octubre,21042.18,alta
ROPA,1399.24,199,1743.6,32.0,Diciembre,39073.82,alta
Alimentos,1103.81,497,555.69,44.1,Septiembre,22534.24,alta
Ropa,1163.41,267,61.48,5.0,Agosto,25991.15,alta
Deportes,326.38,307,4038.66,14.5,Septiembre,6191.5,alta
Alimentos,812.89,458,2451.4,15.6,Abril,4511.03,media
Tecnologia,195.53,468,4067.79,28.5,Noviembre,6697.71,alta
Ropa,1429.16,93,790.4,1.3,Junio,27085.8,alta
Tecnologia,102.35,347,2355.52,3.7,Octubre,3742.46,media
Alimentos,1695.39,192,4687.92,3.8,Diciembre,46026.38,alta
Hogar,,375,4678.58,13.4,Octubre,6256.07,alta
Tecnologia,1838.15,274,327.37,1.8,Junio,35876.23,alta
Tecnologia,1914.06,407,1101.38,0.6,Septiembre,44407.2,alta
Hogar,631.68,317,2730.18,36.4,Abril,14525.63,alta
Hogar,262.38,412,2432.97,17.9,Enero,3971.75,media
alimentos,1451.52,419,2069.5,38.0,Abril,26681.79,alta
Alimentos,927.84,144,3674.92,11.0,Abril,4754.94,media
Ropa,1346.31,483,,0.0,Noviembre,17020.28,alta
Deportes,160.6,370,2929.56,13.2,Junio,7292.88,alta
Alimentos,128.18,86,819.14,10.3,Agosto,4295.49,media
Deportes,1159.5,253,900.41,14.8,Agosto,12448.59,alta
Deportes,1902.65,12,2480.1,6.8,Octubre,50368.51,alta
Deportes,1568.07,230,110.03,41.4,Septiembre,19539.73,alta
Alimentos,1399.92,347,1911.99,33.2,Diciembre,43889.23,alta
Ropa,1210.22,440,4161.34,24.3,Febrero,33462.77,alta
Hogar,1359.06,229,100.72,40.5,Noviembre,35197.6,alta
Deportes,1255.21,252,1531.19,13.3,Enero,37362.15,alta
Hogar,127.57,480,3732.37,16.6,Noviembre,7572.3,alta
Hogar,1009.0,292,101.8,39.0,Noviembre,28590.91,alta
Hogar,487.97,487,807.91,30.6,Agosto,15436.92,alta
Deportes,161.07,269,2336.67,15.6,Septiembre,5109.01,alta
Hogar,524.74,263,4855.11,6.8,Octubre,9596.79,alta
Ropa,152.32,434,4791.1,22.0,Febrero,7229.48,alta
Hogar,,411,3532.37,5.4,Agosto,20222.4,alta
Deportes,31.07,307,948.61,11.5,Julio,1318.55,baja
Ropa,1314.69,108,4155.06,44.2,Mayo,12141.28,alta
Deportes,,146,1589.04,5.8,Enero,3610.03,media
Ropa,852.81,116,4989.79,12.4,Marzo,9799.07,alta
Ropa,964.3,45,4105.91,11.0,Mayo,16593.57,alta
Alimentos,295.36,99,3571.5,4.4,Febrero,9997.79,alta
Hogar,560.7,334,1976.65,39.6,Octubre,174974.59251645487,alta
Tecnologia,,242,4776.56,7.3,Julio,17666.26,alta
Deportes,152.02,472,,27.4,Diciembre,3855.84,media
Tecnologia,1298.93,253,2826.12,41.7,Octubre,224193.58194971105,alta
Deportes,,40,1258.71,27.7,Marzo,30993.96,alta
Deportes,1235.09,332,3260.59,20.9,Marzo,21542.37,alta
ALIMENTOS,1871.91,315,3967.72,27.6,Noviembre,55514.49,alta
Tecnologia,1979.42,359,,37.2,Julio,36857.9,alta
Ropa,,69,4121.17,5.5,Septiembre,5400.42,alta
Ropa,1368.33,348,2817.71,43.1,Agosto,42613.63,alta
Tecnologia,552.41,444,4917.83,15.1,Junio,13582.26,alta
Hogar,535.38,358,4192.07,30.4,Octubre,10048.31,alta
Hogar,87.21,464,,12.5,Septiembre,3404.55,media
Hogar,323.52,408,2417.67,46.9,Diciembre,3600.49,media
Hogar,421.37,478,3849.58,46.9,Noviembre,11298.52,alta
Tecnologia,1899.83,437,2036.82,19.6,Diciembre,28514.29,alta
Alimentos,390.05,29,1627.61,34.0,Junio,5266.08,alta
Hogar,1007.85,137,7.15,3.9,Marzo,16351.74,alta
Deportes,370.36,428,,9.3,Octubre,12875.55,alta
Alimentos,1527.11,417,1531.07,31.0,Septiembre,7841.71,alta
Tecnologia,1823.79,100,3244.41,28.6,Junio,43481.57,alta
DEPORTES,1021.95,157,342.8,35.2,Marzo,28310.26,alta
deportes,498.17,146,2872.03,24.1,Mayo,125737.14499642988,alta
Tecnologia,1080.65,397,1377.38,26.7,Diciembre,6512.12,alta
Tecnologia,,79,825.8,1.1,Junio,4520.59,media
Ropa,1429.88,275,2370.01,28.7,Junio,19740.82,alta
Deportes,1934.34,128,1627.42,30.8,Septiembre,31314.4,alta
Ropa,1877.82,44,4042.28,12.2,Marzo,20039.12,alta
Ropa,1589.99,43,4754.48,16.4,Julio,40127.45,alta
Deportes,1786.44,232,50.8,21.4,Noviembre,18070.93,alta
Alimentos,561.02,23,4498.91,6.2,Agosto,15993.37,alta
Deportes,1426.95,10,2974.03,2.4,Agosto,7693.46,alta
Deportes,1849.56,407,824.84,4.8,Octubre,30120.01,alta
Tecnologia,1042.85,382,1425.33,31.4,Marzo,12026.34,alta
ropa,430.2,332,,19.2,Octubre,4879.89,media
Deportes,1833.3,91,4774.43,12.1,Febrero,33012.27,alta
Tecnologia,,23,3627.02,16.0,Julio,206597.84726094434,media
Alimentos,607.94,406,,37.2,Octubre,14898.02,alta
Ropa,185.84,160,483.67,49.5,Diciembre,3219.41,media
Tecnologia,521.11,39,4667.77,40.1,Octubre,15641.43,alta
Deportes,619.98,111,4354.36,40.5,Junio,21712.78,alta
Alimentos,1473.02,60,1.15,2.7,Enero,42619.37,alta
Deportes,704.09,454,2031.77,23.6,Enero,11602.24,alta
Ropa,1240.21,365,4082.2,7.5,Marzo,10591.85,alta
Alimentos,1013.34,138,2500.95,47.5,Marzo,24797.64,alta
Hogar,1766.55,367,806.57,7.4,Enero,50362.93,alta
Hogar,1426.36,348,1726.48,34.9,Agosto,33453.99,alta
Tecnologia,106.55,352,3655.56,31.5,Junio,204438.05136192526,alta
Hogar,621.41,171,1941.18,40.0,Mayo,19995.53,alta
Alimentos,1111.42,321,4180.17,1.0,Mayo,20392.11,alta
Tecnologia,,146,458.94,30.5,Marzo,11364.94,alta
Deportes,1549.73,254,2711.61,27.7,Enero,22575.93,alta
Ropa,1788.95,172,1748.32,29.1,Octubre,6744.07,alta
Alimentos,189.3,253,2059.04,18.7,Diciembre,3228.88,media
Deportes,1149.71,226,2707.5,6.3,Noviembre,8509.92,alta
Tecnologia,1071.09,399,1650.77,4.9,Febrero,9219.19,alta
Alimentos,1644.12,94,1505.97,5.2,Agosto,40850.78,alta
Ropa,812.93,68,3109.7,24.8,Marzo,13303.12,alta
Ropa,1294.1,368,2011.2,48.2,Diciembre,15409.97,alta
Ropa,1175.67,106,1867.03,4.8,Mayo,4342.57,media
ALIMENTOS,1134.4,419,960.61,40.8,Octubre,21575.12,alta
Deportes,304.8,475,,30.4,Noviembre,12164.77,alta
Ropa,697.08,463,525.74,38.3,Febrero,5258.77,alta
Hogar,,72,,16.0,Noviembre,40596.63,alta
Alimentos,1811.77,466,874.36,42.9,Octubre,28355.86,alta
Alimentos,1643.82,253,969.87,18.0,Noviembre,16817.46,alta
Alimentos,1852.4,127,3674.6,37.0,Mayo,35915.71,alta
Tecnologia,1258.43,414,124.37,21.1,Abril,11528.76,alta
Alimentos,,246,,17.0,Febrero,15235.75,alta
Hogar,1589.82,74,4883.89,11.0,Junio,47851.03,alta
ALIMENTOS,,378,777.4,3.0,Mayo,8506.32,alta
Deportes,1014.28,261,4763.67,29.2,Octubre,25342.94,alta
Tecnologia,1685.96,352,2371.26,36.2,Junio,38337.47,alta
HOGAR,1798.7,114,2571.65,3.3,Mayo,25251.36,alta
Deportes,859.17,155,1730.55,49.3,Octubre,10489.96,alta
Tecnologia,430.98,396,491.02,28.8,Julio,11677.61,alta
Tecnologia,57.94,176,4265.38,44.4,Diciembre,4457.11,media
deportes,1951.34,495,281.15,24.8,Diciembre,26950.83,alta
Deportes,1561.26,403,621.43,21.2,Febrero,20360.7,alta
Ropa,1872.35,197,,6.4,Febrero,32274.67,alta
Hogar,1441.51,363,1547.46,24.4,Agosto,10861.21,alta
Deportes,1018.01,76,516.15,25.6,Febrero,19504.58,alta
Deportes,520.13,334,2839.45,17.1,Diciembre,14052.42,alta
Alimentos,95.14,164,4281.83,2.1,Septiembre,4025.27,media
Alimentos,1078.8,73,1359.83,6.3,Febrero,29648.21,alta
Deportes,383.58,17,4431.52,46.1,Febrero,5432.27,alta
Deportes,899.74,27,3023.16,12.3,Febrero,15010.86,alta
ROPA,336.39,63,3362.94,1.5,Mayo,9226.62,alta
Alimentos,1121.48,157,1152.68,3.9,Junio,26683.25,alta
Deportes,672.96,68,1137.25,23.4,Abril,13647.71,alta
Hogar,1672.39,265,910.3,40.7,Junio,49481.53,alta
ALIMENTOS,1148.22,174,3329.24,46.3,Septiembre,14458.67,alta
Deportes,,405,3006.3,27.5,Diciembre,12430.83,alta
Hogar,355.05,390,3201.33,1.5,Agosto,6591.84,alta
Alimentos,,24,2531.67,45.0,Mayo,8383.29,alta
ROPA,1925.93,15,493.95,42.3,Junio,39083.61,alta
Hogar,232.32,409,674.17,3.9,Julio,7619.43,alta
Hogar,,226,2901.25,31.5,Junio,22795.41,alta
Tecnologia,937.29,268,4779.87,2.9,Abril,7303.64,alta
Deportes,,336,2491.07,18.0,Junio,12406.71,alta
Deportes,,419,2815.27,48.4,Mayo,53880.43,alta
Tecnologia,1948.51,357,3912.83,43.5,Julio,33405.24,alta
Tecnologia,271.16,324,1837.08,48.7,Diciembre,6573.25,alta
Hogar,742.57,216,721.65,12.3,Julio,9285.59,alta
Alimentos,1520.47,359,3670.41,29.2,Julio,11643.16,alta
Ropa,1218.03,259,,22.5,Marzo,22819.52,alta
Hogar,119.73,304,1318.26,44.7,Junio,3468.0,media
Tecnologia,802.15,77,2066.77,38.2,Diciembre,23912.67,alta
Deportes,1930.85,333,1956.21,38.2,Febrero,30125.03,alta
Ropa,1115.69,100,,10.4,Marzo,16298.2,alta
Ropa,839.74,377,1303.09,33.8,Diciembre,14010.65,alta
Hogar,1635.28,134,,13.5,Agosto,36357.08,alta
Deportes,1332.75,6,3919.07,5.4,Diciembre,30647.67,alta
Alimentos,1195.42,370,2058.35,18.4,Febrero,13702.47,alta
Deportes,1681.47,488,238.34,7.1,Agosto,23330.64,alta
Ropa,313.44,89,2266.92,48.7,Diciembre,7361.31,alta
Ropa,,152,,41.8,Julio,2231.33,media
Tecnologia,1485.45,36,91.15,11.1,Diciembre,14525.74,alta
Tecnologia,1669.68,401,4799.78,47.3,Enero,216280.43769949398,alta
Ropa,48.87,78,890.42,40.5,Abril,1539.13,media
Tecnologia,754.61,242,4094.54,9.5,Abril,12208.21,alta
Alimentos,1479.61,117,4632.71,26.2,Agosto,38924.88,alta
Alimentos,415.76,391,1779.07,37.2,Mayo,2636.34,media
Deportes,1474.71,424,4070.06,3.3,Noviembre,47010.85,alta
ROPA,863.04,324,4295.08,16.7,Octubre,18116.95,alta
Tecnologia,789.56,140,1232.96,5.9,Julio,7460.12,alta
Ropa,993.08,344,1459.46,5.5,Octubre,23592.76,alta
Tecnologia,1710.23,15,4348.88,43.7,Abril,38100.66,alta
Deportes,1391.84,290,1728.51,17.7,Julio,24796.97,alta
Ropa,1711.22,255,3085.46,47.1,Octubre,8476.83,alta
Hogar,28.56,133,1365.01,10.5,Agosto,1862.21,media
Deportes,,434,1388.99,28.5,Febrero,3115.04,media
Alimentos,,265,3615.51,26.5,Diciembre,17536.02,alta
Deportes,356.87,72,3791.95,19.8,Febrero,5134.79,alta
Tecnologia,1135.46,61,2671.34,28.3,Junio,9040.09,alta
Tecnologia,1587.27,460,1259.62,17.1,Abril,28187.18,alta
Ropa,883.43,344,547.96,44.5,Noviembre,7200.9,alta
Alimentos,779.49,35,1736.59,27.1,Diciembre,23276.64,alta
Alimentos,1086.83,287,4537.81,18.3,Agosto,12947.82,alta
Alimentos,948.31,480,437.2,27.5,Noviembre,16351.42,alta
Deportes,663.99,316,1915.89,29.8,Noviembre,168521.94199148694,alta
Alimentos,1435.31,148,1382.58,33.2,Diciembre,15034.14,alta
Ropa,451.31,397,4293.81,45.5,Junio,8915.35,alta
Alimentos,1152.88,320,4566.97,21.1,Marzo,13628.85,alta
Hogar,973.16,120,531.37,8.3,Noviembre,28512.58,alta
Deportes,1165.01,129,4027.55,6.7,Junio,13675.86,alta
Ropa,539.29,31,2697.48,44.7,Septiembre,6685.17,alta
Deportes,651.65,346,3235.52,15.7,Junio,5196.07,alta
Deportes,1496.19,49,973.26,28.3,Diciembre,31669.92,alta
Hogar,194.76,298,521.16,29.6,Noviembre,6283.92,alta
Tecnologia,1835.59,100,2459.73,28.4,Mayo,38770.93,alta
Tecnologia,782.18,239,1406.75,16.6,Febrero,6894.38,alta
Hogar,374.14,401,3125.83,44.8,Diciembre,11656.38,alta
Alimentos,1926.81,322,866.61,13.2,Febrero,13575.47,alta
Hogar,554.46,221,4093.0,40.4,Octubre,14221.11,alta
Ropa,1246.21,286,,5.1,Octubre,19492.88,alta
Ropa,923.95,159,3481.45,26.9,Febrero,20466.6,alta
Tecnologia,1199.77,96,3290.54,49.1,Diciembre,18713.27,alta
Alimentos,1476.87,76,3536.31,7.7,Mayo,20316.51,alta
Deportes,,71,1541.16,41.5,Agosto,25261.54,alta
Tecnologia,1423.63,496,4909.48,41.3,Febrero,24162.98,alta
Deportes,707.79,82,2004.46,35.5,Noviembre,17121.78,alta
Alimentos,1507.26,214,4236.18,15.4,Septiembre,14446.71,alta
Alimentos,1485.02,270,3259.16,31.6,Febrero,11277.07,alta
Tecnologia,584.0,165,3217.89,43.3,Febrero,11504.25,alta
Alimentos,302.81,14,1854.0,0.3,Mayo,7974.9,alta
Ropa,568.47,435,4656.06,32.7,Mayo,5719.68,alta
Ropa,766.63,486,2491.05,45.7,Febrero,19560.04,alta
Deportes,792.44,92,3972.66,11.6,Marzo,6213.6,alta
Ropa,1267.71,267,1177.81,44.1,Octubre,15279.15,alta
Hogar,1617.85,89,258.44,2.9,Marzo,22360.69,alta
Ropa,593.26,137,1649.37,22.6,Septiembre,13724.26,alta
Deportes,771.33,371,2674.56,5.3,Octubre,17344.79,alta
Hogar,1226.96,460,1853.54,7.7,Abril,6543.77,alta
Alimentos,1263.67,209,3685.28,7.7,Mayo,31844.1,alta
tecnologia,1949.8,37,1822.57,43.0,Mayo,9763.84,alta
Deportes,658.52,123,1251.18,14.4,Mayo,8599.28,alta
Ropa,,496,3896.25,22.0,Septiembre,5123.79,alta
Ropa,30.01,386,1261.79,34.0,Junio,1904.05,media
Tecnologia,1406.11,119,2582.8,16.5,Marzo,41911.74,alta
Hogar,1402.24,181,2358.85,30.3,Octubre,43618.92,alta
Tecnologia,44.67,215,1588.64,30.2,Noviembre,2174.85,media
Deportes,1906.18,455,1827.27,49.2,Diciembre,21816.4,alta
Alimentos,1676.02,21,692.67,42.4,Febrero,13322.96,alta
Tecnologia,1583.28,132,1190.77,17.8,Noviembre,16600.14,alta
Ropa,1218.66,91,2406.09,33.5,Mayo,34508.33,alta
Ropa,,411,1773.28,20.3,Octubre,37753.76,alta
Hogar,410.65,188,200.16,42.0,Febrero,3284.41,media
Ropa,1103.05,345,2799.17,14.0,Abril,19389.26,alta
Tecnologia,1560.52,447,846.5,30.5,Febrero,35757.28,alta
Hogar,974.12,462,178.34,4.6,Octubre,27780.65,alta
Tecnologia,254.93,189,203.53,5.7,Octubre,7864.75,alta
Tecnologia,706.01,445,1635.31,28.8,Febrero,21683.66,alta
Ropa,972.87,431,4216.73,48.6,Octubre,27366.59,alta
Ropa,,91,1300.04,32.5,Abril,49723.93,alta
Alimentos,539.49,116,4545.11,22.3,Enero,12234.07,alta
Hogar,1173.61,218,2596.1,50.0,Marzo,22343.86,alta
Hogar,1158.72,485,,18.9,Febrero,15401.38,alta
Ropa,986.88,154,,9.3,Febrero,26167.78,alta
Hogar,294.85,257,,4.0,Junio,9923.92,alta
Alimentos,778.53,349,2085.34,29.9,Marzo,6963.75,alta
Deportes,1854.51,410,166.44,22.9,Septiembre,12164.68,alta
Tecnologia,1681.4,200,4909.32,38.2,Marzo,22832.35,alta
Alimentos,1807.56,242,1986.9,41.1,Septiembre,38771.68,alta
Deportes,782.98,472,3458.83,19.2,Julio,14623.23,alta
Hogar,1887.81,65,1006.45,47.1,Mayo,47209.91,alta
Tecnologia,999.12,414,4905.31,43.0,Agosto,33686.3,alta
Alimentos,1400.35,218,2669.32,36.1,Marzo,16751.03,alta
Deportes,1592.0,318,98.92,28.7,Junio,5299.38,alta
DEPORTES,264.55,186,1027.18,35.1,Julio,7646.41,alta
alimentos,267.89,435,1499.79,0.1,Febrero,8456.4,alta
Deportes,1301.03,66,3439.24,4.5,Noviembre,37007.21,alta
alimentos,74.55,127,,0.8,Abril,207007.97522969873,media
Alimentos,,78,,39.6,Septiembre,42497.27,alta
Deportes,172.07,200,,13.3,Agosto,8679.19,alta
Tecnologia,168.8,355,2717.5,47.8,Mayo,3199.6,media
Deportes,784.61,487,2399.11,29.8,Enero,8305.01,alta
Tecnologia,1940.36,410,2299.87,25.3,Octubre,41918.58,alta
Deportes,,96,2777.99,26.5,Noviembre,40350.39,alta
Alimentos,890.97,39,3840.5,24.0,Septiembre,20061.35,alta
Deportes,1441.21,332,2930.63,18.2,Octubre,32875.41,alta
Deportes,1710.42,74,466.26,34.7,Agosto,25377.15,alta
Hogar,,87,,49.8,Junio,42704.24,alta
Deportes,291.33,320,3938.47,15.8,Septiembre,5413.91,alta
Tecnologia,74.58,267,2168.24,41.3,Octubre,3927.72,media
Hogar,224.33,384,4383.47,25.4,Abril,4351.63,media
tecnologia,1123.03,322,,35.4,Febrero,10607.03,alta
Ropa,1117.5,298,2939.39,44.9,Enero,21186.14,alta
Ropa,1038.24,381,1428.98,13.6,Septiembre,26809.13,alta
Alimentos,1278.46,70,20.96,13.8,Agosto,14507.58,alta
Tecnologia,93.38,335,1628.73,10.4,Diciembre,3469.92,media
Alimentos,1034.69,259,769.39,49.5,Enero,7948.5,alta
Tecnologia,1691.92,176,3814.35,9.8,Junio,20035.94,alta
Alimentos,76.57,27,625.77,0.6,Octubre,918.66,baja
TECNOLOGIA,361.18,362,712.61,32.7,Diciembre,9835.53,alta
Hogar,1937.28,496,2392.77,41.1,Octubre,6489.05,alta
Hogar,295.0,387,4796.36,13.4,Septiembre,8228.24,alta
Hogar,,469,4967.87,8.6,Febrero,11321.99,alta
Ropa,771.95,160,529.29,42.8,Septiembre,1699.72,media
Ropa,894.02,331,3202.99,43.0,Marzo,24402.13,alta
Alimentos,1856.3,35,482.51,13.4,Marzo,13979.2,alta
Deportes,1980.54,9,1366.89,21.3,Agosto,9841.29,alta
Deportes,114.66,418,3007.94,48.7,Enero,5870.17,alta
Ropa,862.2,136,3684.1,34.6,Febrero,12960.99,alta
Hogar,1411.02,58,695.36,40.0,Noviembre,38418.8,alta
Ropa,31.27,455,2732.49,23.2,Marzo,3283.02,media
Hogar,433.37,176,2577.27,32.6,Noviembre,12067.82,alta
Alimentos,1733.58,478,3155.94,35.8,Octubre,31148.55,alta
Ropa,795.6,285,,38.2,Septiembre,10850.19,alta
Ropa,1834.49,408,1663.54,27.5,Febrero,12315.1,alta
Deportes,579.91,22,4227.73,9.4,Octubre,8925.33,alta
Tecnologia,888.72,427,497.11,34.9,Mayo,9109.95,alta
Hogar,1140.27,28,4501.09,24.7,Noviembre,28848.41,alta
Tecnologia,,439,3046.72,44.8,Octubre,23557.37,alta
Tecnologia,,317,34.6,27.2,Abril,40569.04,alta
Alimentos,539.96,208,635.54,49.4,Junio,10762.61,alta
ROPA,1372.28,404,3741.32,40.9,Septiembre,28277.5,alta
Hogar,1144.37,464,1480.9,29.1,Noviembre,22894.36,alta
Alimentos,,185,2093.76,33.2,Abril,14663.24,alta
Tecnologia,,295,3873.28,2.2,Junio,39741.11,alta
Hogar,1134.28,491,871.33,33.5,Agosto,12157.91,alta
Tecnologia,463.23,330,3656.45,2.3,Noviembre,5714.84,alta
Deportes,1069.16,318,687.68,7.7,Mayo,28781.25,alta
Alimentos,292.55,25,1229.37,3.4,Marzo,6036.72,alta
Deportes,,361,3498.72,30.8,Julio,34288.17,alta
Hogar,1118.64,414,1437.48,32.5,Junio,34277.98,alta
Ropa,162.7,70,3124.59,0.0,Mayo,4966.48,media
Hogar,1527.53,450,780.04,44.8,Febrero,20051.56,alta
ROPA,501.82,279,2351.75,12.3,Agosto,9536.72,alta
Tecnologia,1433.81,171,1869.22,15.7,Marzo,23641.15,alta
Ropa,1813.29,439,545.17,33.2,Diciembre,45092.34,alta
Hogar,384.77,451,4461.53,30.3,Diciembre,13442.72,alta
Tecnologia,1091.26,79,4643.49,33.2,Mayo,19703.1,alta
Tecnologia,1773.57,179,4652.88,34.7,Marzo,11936.28,alta
Deportes,1581.44,91,219.65,18.9,Septiembre,34482.06,alta
Tecnologia,257.44,234,2885.22,45.7,Febrero,8708.15,alta
Ropa,,307,,36.3,Enero,3198.77,media
Hogar,,203,392.12,36.8,Septiembre,37212.71,alta
Hogar,1343.0,276,245.93,12.8,Abril,9901.28,alta
Tecnologia,1468.76,215,1673.17,28.1,Abril,32647.77,alta
Alimentos,1783.47,124,1327.58,34.2,Mayo,14163.17,alta
Hogar,1396.55,87,4385.16,21.9,Abril,35169.21,alta
TECNOLOGIA,1461.85,282,1842.19,10.0,Noviembre,20283.43,alta
Deportes,1563.38,162,449.87,36.6,Septiembre,15517.78,alta
Ropa,1551.24,171,,8.3,Noviembre,18816.64,alta
Hogar,335.8,129,453.83,33.2,Enero,5869.46,alta
Tecnologia,1914.63,423,4015.69,20.2,Diciembre,53288.62,alta
Alimentos,1296.39,167,4526.11,12.2,Octubre,36091.34,alta
ALIMENTOS,939.8,202,1413.74,43.2,Diciembre,28433.33,alta
Ropa,699.61,162,,15.8,Junio,9873.34,alta
Deportes,459.08,101,4210.42,9.3,Julio,11492.5,alta
Alimentos,129.17,470,2503.72,5.4,Abril,3768.55,media
Hogar,1612.4,496,568.81,17.1,Junio,16657.58,alta
Tecnologia,1701.05,273,64.91,44.5,Enero,26044.81,alta
DEPORTES,790.0,56,610.32,44.1,Noviembre,20628.12,alta
Tecnologia,1216.37,173,4706.41,36.4,Abril,31595.08,alta
Tecnologia,1344.68,344,3751.14,19.4,Febrero,38510.18,alta
Deportes,,116,,39.5,Abril,5363.19,alta
Deportes,60.21,261,2187.32,3.8,Agosto,3246.85,media
Deportes,135.95,79,,34.6,Diciembre,5049.11,alta
Tecnologia,1734.53,200,1835.12,48.2,Marzo,34719.94,alta
Deportes,575.24,88,2675.65,42.2,Agosto,14648.22,alta
Deportes,785.05,439,3427.21,30.1,Abril,15973.64,alta
Tecnologia,923.37,479,2458.5,0.8,Enero,25121.58,alta
Alimentos,718.11,52,1253.26,32.3,Febrero,6230.98,alta
Hogar,1786.85,26,472.57,12.6,Agosto,25995.15,alta
Alimentos,1591.91,60,4063.02,30.2,Octubre,48213.72,alta
Alimentos,854.31,137,1192.75,20.4,Julio,16110.12,alta
TECNOLOGIA,1178.8,288,1117.98,5.7,Abril,16977.33,alta
Ropa,908.41,389,3042.44,31.3,Diciembre,28984.15,alta
Ropa,202.71,256,3070.98,20.6,Julio,2939.82,media
Deportes,227.73,44,,28.6,Diciembre,5857.67,alta
TECNOLOGIA,549.86,362,3457.18,47.6,Julio,5777.32,alta
Tecnologia,1832.51,403,,0.7,Junio,44311.92,alta
Tecnologia,826.76,347,3212.89,5.0,Junio,8088.79,alta
Alimentos,1116.28,414,1981.05,35.2,Diciembre,19530.45,alta
Hogar,1114.13,418,2519.27,44.4,Abril,23457.2,alta
Ropa,838.29,333,1584.98,19.4,Marzo,17612.49,alta
Hogar,190.82,277,4363.42,17.8,Marzo,8936.9,alta
Deportes,400.31,125,1559.23,26.0,Diciembre,3129.15,media
Alimentos,,460,227.84,15.3,Diciembre,5114.45,alta
Hogar,1316.07,325,2991.02,36.3,Agosto,22300.07,alta
Ropa,288.46,64,1975.98,27.4,Noviembre,4455.41,media
Deportes,478.12,233,2327.91,1.0,Julio,3053.96,media
Alimentos,599.57,190,1079.11,33.7,Enero,9300.95,alta
Deportes,1575.35,135,,15.5,Septiembre,36103.41,alta
Alimentos,1980.36,164,3523.67,40.9,Abril,22461.55,alta
Hogar,52.62,139,1264.24,46.0,Abril,948.97,baja
Ropa,1018.01,423,3290.69,2.9,Enero,11062.09,alta
Alimentos,960.15,189,3533.66,48.6,Agosto,17812.55,alta
Deportes,377.62,81,465.25,15.4,Enero,9759.21,alta
Alimentos,,482,4673.94,49.1,Junio,48247.08,alta
Ropa,836.68,471,4996.5,14.1,Julio,18363.9,alta
Ropa,441.74,202,3367.11,31.1,Septiembre,11343.65,alta
Hogar,482.28,291,560.9,36.3,Marzo,14974.04,alta
Deportes,483.4,239,451.84,16.1,Diciembre,10803.78,alta
hogar,443.92,475,3796.66,30.2,Junio,9851.44,alta
Hogar,32.11,458,641.94,28.9,Abril,1812.56,media
Tecnologia,1282.32,198,3475.09,6.9,Julio,41313.94,alta
Deportes,1534.21,7,4318.08,33.7,Febrero,8376.11,alta
Ropa,1441.69,410,3130.95,43.0,Abril,9617.88,alta
Hogar,635.28,196,4402.47,26.0,Marzo,7644.35,alta
Deportes,1731.8,441,3162.32,42.0,Noviembre,40068.14,alta
Ropa,396.78,222,2040.09,40.6,Abril,7633.12,alta
Alimentos,501.96,413,1847.15,30.6,Agosto,9841.8,alta
Deportes,1367.57,197,375.92,9.8,Octubre,35353.89,alta
Ropa,,163,3158.9,17.2,Noviembre,11134.52,alta
Alimentos,1425.07,136,2763.91,12.4,Febrero,23794.61,alta
Alimentos,,156,4651.07,29.2,Abril,8252.5,alta
Tecnologia,526.34,30,973.5,39.2,Agosto,1758.21,media
Alimentos,1045.34,372,24.16,33.4,Octubre,25407.63,alta
Deportes,1783.04,323,382.86,48.9,Junio,35855.41,alta
Alimentos,104.05,62,1907.09,37.4,Noviembre,2509.6,media
Ropa,395.23,306,343.09,1.5,Junio,4516.13,media
Ropa,695.91,466,136.34,11.0,Noviembre,21808.06,alta
Hogar,1404.77,418,1004.74,26.8,Marzo,23441.86,alta
Alimentos,,336,1209.5,49.3,Octubre,34318.93,alta
Tecnologia,171.09,415,825.35,28.6,Enero,3336.56,media
Alimentos,420.28,192,,36.5,Enero,4779.72,media
Alimentos,1908.93,28,4324.85,27.1,Marzo,56965.03,alta
Tecnologia,1191.8,435,1503.09,37.0,Septiembre,21566.97,alta
Alimentos,423.42,163,2819.6,9.4,Enero,6190.84,alta
Deportes,1075.89,470,3186.69,44.2,Agosto,35436.32,alta
Hogar,1059.27,37,2565.16,3.0,Septiembre,16925.46,alta
tecnologia,908.33,392,1391.3,39.7,Febrero,5171.8,alta
Ropa,599.15,57,3976.23,6.2,Diciembre,10194.04,alta
Deportes,1482.68,347,3700.15,49.4,Febrero,41615.22,alta
Ropa,1158.52,489,2269.01,3.3,Agosto,26164.37,alta
Hogar,,338,,4.9,Enero,7251.73,alta
Ropa,,260,2458.24,27.5,Mayo,10481.26,alta
Deportes,1189.16,315,1505.73,13.7,Octubre,13249.7,alta
Ropa,1230.52,344,3805.34,13.1,Enero,28841.87,alta
Deportes,1813.4,132,3279.41,28.7,Abril,33016.47,alta
Deportes,276.13,234,,1.9,Diciembre,3307.37,media
Deportes,1900.1,253,379.23,5.1,Octubre,21690.08,alta
Deportes,577.66,495,515.97,41.3,Marzo,17556.26,alta
Ropa,1407.09,38,1941.07,49.3,Mayo,19077.99,alta
Deportes,1119.29,172,4126.6,15.8,Abril,16417.32,alta
Ropa,1817.64,301,3043.11,9.8,Marzo,27352.69,alta
Hogar,,253,780.73,16.1,Agosto,23324.25,alta
Tecnologia,1623.66,328,2656.48,8.7,Septiembre,30148.6,alta
Alimentos,1990.99,278,3216.93,9.4,Febrero,51970.08,alta
Alimentos,830.45,462,466.32,30.1,Agosto,17320.34,alta
Deportes,1464.98,408,2502.74,36.5,Junio,44272.23,alta
Alimentos,1036.49,387,1878.59,33.4,Septiembre,16611.9,alta
Alimentos,960.67,134,2479.14,42.9,Enero,24239.8,alta
Alimentos,1809.25,396,1778.31,47.5,Diciembre,9472.69,alta
Ropa,,133,3896.75,31.4,Noviembre,12571.15,alta
Ropa,1212.07,141,1267.4,0.8,Abril,5083.23,alta
Ropa,,224,595.41,26.4,Septiembre,18078.51,alta
Deportes,658.15,366,4365.53,37.9,Marzo,8030.49,alta
Alimentos,258.79,5,,13.9,Febrero,3083.9,media
Hogar,,48,2085.45,9.0,Diciembre,40029.93,alta
Alimentos,1921.03,5,4798.85,33.4,Noviembre,36735.45,alta
Alimentos,95.94,406,1962.37,45.8,Abril,4175.54,media
Tecnologia,615.71,379,2039.58,6.1,Abril,4217.28,media
Deportes,,317,4489.91,15.2,Septiembre,10610.67,alta
Tecnologia,625.91,216,4866.01,1.0,Julio,9916.26,alta
Alimentos,628.88,135,3223.63,37.0,Enero,16110.74,alta
Hogar,800.04,117,3314.99,27.2,Octubre,8863.72,alta
Deportes,721.76,13,3603.25,28.4,Agosto,21486.32,alta
Tecnologia,865.52,30,2628.12,25.3,Septiembre,25152.2,alta
Tecnologia,586.63,6,3871.58,41.4,Febrero,12895.1,alta
Deportes,938.86,148,4972.61,48.3,Enero,25986.92,alta
Tecnologia,439.09,230,1952.94,25.1,Marzo,7446.54,alta
Ropa,929.47,333,2012.27,17.1,Junio,20198.72,alta
Hogar,805.08,181,4886.64,4.8,Septiembre,16002.44,alta
Hogar,369.19,92,2996.41,19.8,Enero,13102.55,alta
Hogar,1188.1,269,3151.4,37.2,Diciembre,28061.45,alta
Alimentos,177.04,178,4031.94,30.3,Septiembre,5149.74,alta
Deportes,1199.74,57,361.14,20.6,Abril,35282.01,alta
Tecnologia,1457.82,353,3968.86,13.1,Abril,29495.48,alta
Tecnologia,1534.56,56,1515.57,47.5,Octubre,32718.88,alta
Tecnologia,1859.39,87,3986.77,1.2,Junio,57002.19,alta
Alimentos,420.27,220,,31.3,Julio,10121.3,alta
Hogar,648.12,132,11.16,15.3,Enero,8976.07,alta
Alimentos,1474.32,376,,25.2,Julio,33246.25,alta
Alimentos,1799.1,447,2430.87,13.2,Abril,50313.76,alta
Tecnologia,126.59,219,3721.41,17.6,Marzo,6533.52,alta
Tecnologia,1192.41,19,1707.75,15.0,Febrero,5728.29,alta
Alimentos,821.19,89,3516.84,33.1,Julio,20877.71,alta
Ropa,929.78,210,2900.07,2.7,Agosto,26984.61,alta
Ropa,411.74,355,1564.43,32.4,Mayo,7741.46,alta
Alimentos,418.97,114,4107.02,14.3,Julio,4788.25,media
Deportes,1806.64,457,2318.41,12.0,Octubre,14284.25,alta
Deportes,1079.5,470,4487.67,16.6,Mayo,14242.19,alta
Deportes,1530.11,148,4920.08,41.5,Septiembre,40795.24,alta
Hogar,1415.75,423,910.26,19.2,Enero,11848.85,alta
Hogar,,65,2863.5,42.8,Octubre,58840.34,alta
Ropa,680.51,143,4261.62,25.8,Noviembre,22888.31,alta
Deportes,1734.14,468,1222.79,19.5,Marzo,41504.55,alta
Alimentos,82.97,160,4719.05,41.7,Mayo,5432.76,alta
Ropa,52.12,393,,0.0,Febrero,4772.43,media
Hogar,68.14,163,4533.18,5.9,Noviembre,5691.58,alta
Deportes,474.32,457,2917.92,27.7,Julio,14407.87,alta
Tecnologia,1634.53,458,4708.28,26.0,Mayo,43139.69,alta
Deportes,905.14,408,,44.1,Agosto,21870.17,alta
Deportes,470.14,70,3816.34,48.3,Noviembre,4076.58,media
Deportes,970.67,391,1340.25,28.3,Noviembre,15203.08,alta
Hogar,1971.33,234,591.48,4.3,Noviembre,52007.94,alta
Hogar,690.25,496,444.4,44.4,Abril,7962.51,alta
Hogar,696.83,363,3076.85,10.7,Abril,15819.89,alta
Ropa,1009.57,354,3096.56,12.6,Enero,23373.32,alta
Alimentos,1948.37,22,1535.64,43.9,Febrero,49106.69,alta
Alimentos,1893.77,70,290.34,1.9,Junio,24594.28,alta
Hogar,790.98,109,1081.37,20.1,Agosto,15804.12,alta
Alimentos,1740.74,156,4412.42,5.2,Julio,55517.98,alta
Alimentos,1017.1,365,4804.64,0.1,Febrero,12968.84,alta
ropa,423.74,16,3116.98,34.1,Febrero,13877.79,alta
Hogar,122.03,455,2010.64,16.2,Enero,3878.16,media
Alimentos,620.29,7,3592.31,2.1,Febrero,10462.35,alta
Tecnologia,128.93,124,2175.94,38.4,Febrero,3897.61,media
Hogar,612.48,469,4707.63,47.7,Agosto,11613.03,alta
Tecnologia,420.78,326,2264.06,0.2,Diciembre,11022.56,alta
Alimentos,1746.01,118,,34.6,Enero,23071.89,alta
Alimentos,1364.49,283,881.19,12.7,Julio,38460.67,alta
Alimentos,1599.72,177,554.35,23.4,Agosto,27404.2,alta
Ropa,182.9,193,3318.42,37.7,Abril,6219.18,alta
Ropa,1673.95,404,4925.18,4.8,Junio,51458.97,alta
Deportes,1792.67,221,2658.0,28.8,Mayo,37014.78,alta
Deportes,354.45,499,1543.51,24.4,Septiembre,4824.49,media
Hogar,,322,1725.42,3.0,Febrero,33966.37,alta
Alimentos,1473.46,429,4646.89,14.4,Octubre,44201.4,alta
Alimentos,1049.46,484,2497.16,45.7,Diciembre,19018.48,alta
Hogar,1854.27,312,412.52,5.4,Diciembre,20058.84,alta
DEPORTES,1437.51,290,377.68,25.5,Marzo,16091.02,alta
Tecnologia,256.46,140,3655.97,46.4,Enero,5984.1,alta
Ropa,,208,4382.73,5.8,Febrero,17074.84,alta
Alimentos,125.23,497,1827.56,45.1,Mayo,5049.72,alta
Hogar,1457.76,470,1291.26,12.9,Diciembre,7262.48,alta
Deportes,601.6,347,3320.12,40.8,Abril,20344.35,alta
Ropa,1062.35,467,,19.2,Agosto,4808.44,media
Hogar,1410.6,454,3950.62,47.8,Agosto,8637.67,alta
Tecnologia,1776.3,324,1799.77,9.8,Julio,17726.47,alta
Deportes,1455.34,18,,27.4,Abril,8384.4,alta
TECNOLOGIA,651.77,153,2729.64,24.4,Diciembre,19495.38,alta
Alimentos,524.39,104,2076.92,9.7,Mayo,14476.05,alta
Ropa,529.55,113,,28.1,Junio,12009.0,alta
Alimentos,1532.08,449,4664.79,13.7,Junio,28575.6,alta
Deportes,1080.33,227,2527.03,16.3,Noviembre,32735.77,alta
Alimentos,1145.6,93,1647.31,32.2,Marzo,12148.45,alta
Deportes,191.47,113,4629.43,10.1,Octubre,9677.4,alta
Hogar,1929.98,184,2539.15,17.9,Enero,44879.39,alta
Tecnologia,209.99,338,2201.29,24.1,Abril,5655.77,alta
Deportes,1741.23,33,3304.17,7.9,Junio,28638.99,alta
Ropa,,482,3676.8,19.4,Agosto,15920.95,alta
Alimentos,471.46,340,3924.59,25.4,Septiembre,9622.75,alta
Deportes,691.03,204,2689.75,37.8,Diciembre,16407.18,alta
Alimentos,1082.67,342,3644.61,25.5,Agosto,14259.92,alta
Alimentos,1071.9,113,3364.18,21.9,Enero,9015.38,alta
Tecnologia,264.6,483,,40.4,Abril,3377.49,media
Ropa,1589.22,134,3678.97,37.1,Diciembre,47695.08,alta
Ropa,1539.2,242,222.52,36.6,Mayo,12241.33,alta
Hogar,794.84,373,4776.34,47.0,Marzo,9321.74,alta
tecnologia,290.37,37,342.84,25.0,Agosto,5224.64,alta
Deportes,606.52,328,3598.42,30.2,Julio,12652.27,alta
Deportes,782.92,90,4024.96,48.8,Mayo,20103.75,alta
Tecnologia,358.96,21,2833.8,20.1,Junio,10049.34,alta
Hogar,,192,3419.58,24.1,Abril,32384.89,alta
Hogar,,309,2222.91,22.7,Marzo,8970.42,alta
Alimentos,26.27,438,2499.61,12.3,Diciembre,3443.84,media
TECNOLOGIA,1993.38,245,518.06,8.8,Enero,36179.3,alta
Deportes,743.65,237,4536.54,11.0,Junio,11492.67,alta
Ropa,1395.83,41,4094.86,39.6,Noviembre,43059.19,alta
tecnologia,519.27,397,,49.3,Diciembre,8463.02,alta
Alimentos,836.49,253,4039.87,26.7,Agosto,28189.27,alta
Deportes,920.89,247,2235.94,7.5,Junio,18171.55,alta
Tecnologia,1894.47,246,1726.29,36.5,Marzo,41272.01,alta
hogar,1298.12,155,1566.8,23.1,Marzo,18998.81,alta
Deportes,,42,,39.7,Junio,5551.33,alta
Alimentos,,74,,33.4,Abril,5499.8,alta
Deportes,,357,1767.04,45.0,Noviembre,25828.46,alta
Tecnologia,290.34,113,2939.83,11.1,Marzo,133736.93446851897,alta
Hogar,739.41,487,3609.65,1.3,Octubre,14925.62,alta
Alimentos,1592.49,264,4169.47,47.2,Octubre,19599.52,alta
Ropa,313.33,490,,46.3,Marzo,12147.28,alta
Tecnologia,1567.49,20,1333.29,4.5,Marzo,32952.58,alta
Hogar,366.38,9,1034.23,1.3,Abril,6898.04,alta
Deportes,1675.81,64,3625.52,19.8,Abril,30506.35,alta
Deportes,1584.37,138,3653.78,32.8,Abril,21266.37,alta
Tecnologia,1782.4,488,439.06,42.7,Octubre,10675.54,alta
Deportes,,322,3953.65,14.9,Junio,21091.98,alta
Ropa,327.73,302,1194.46,31.6,Julio,10092.4,alta
Tecnologia,835.99,156,2959.23,0.3,Mayo,15114.8,alta
Tecnologia,130.9,454,3544.83,18.5,Diciembre,4947.74,media
Deportes,681.31,289,3010.77,38.9,Mayo,12199.05,alta
Alimentos,648.53,293,640.2,10.6,Julio,18825.82,alta
hogar,1653.33,408,2309.05,40.0,Abril,26939.84,alta
Alimentos,392.62,182,,13.8,Julio,13005.84,alta
Ropa,1624.76,14,2854.93,11.6,Agosto,21484.06,alta
ROPA,414.52,473,4616.11,38.8,Octubre,14970.98,alta
Alimentos,273.13,274,3853.59,35.7,Octubre,6545.86,alta
hogar,1108.72,187,4193.73,21.5,Julio,25152.11,alta
Ropa,1472.9,334,3087.6,14.8,Octubre,23007.21,alta
Alimentos,185.67,34,979.35,12.2,Febrero,1919.81,media
Tecnologia,,470,4442.3,15.7,Mayo,14492.57,alta
Tecnologia,71.82,401,230.26,23.3,Abril,1121.96,baja
Ropa,575.75,268,4257.8,45.9,Febrero,20508.19,alta
Ropa,1203.1,277,3395.74,9.9,Diciembre,17668.39,alta
Tecnologia,86.04,178,4996.61,29.7,Diciembre,5916.67,alta
Hogar,1153.68,408,4904.73,4.9,Septiembre,17966.9,alta
Deportes,,75,2947.63,3.2,Abril,19442.36,alta
Deportes,1382.44,26,3054.37,42.3,Julio,32826.55,alta
Deportes,1186.99,186,4379.86,46.5,Noviembre,9343.85,alta
Ropa,663.58,416,4550.4,16.7,Abril,7983.97,alta
Hogar,878.29,61,7.62,9.2,Julio,20782.48,alta
Deportes,1552.09,410,1516.7,46.8,Junio,36375.86,alta
Tecnologia,501.46,378,2997.32,8.3,Febrero,205033.7723274913,alta
Deportes,,339,682.4,39.7,Febrero,946.79,baja
Ropa,584.13,289,649.29,33.8,Enero,16643.44,alta
Ropa,1094.78,408,3699.98,13.5,Octubre,18882.48,alta
Deportes,968.07,332,1820.95,1.3,Enero,154420.96275508983,alta
Ropa,969.47,254,4813.39,1.5,Noviembre,7322.17,alta
Alimentos,331.65,37,1571.41,6.3,Enero,11096.25,alta
Hogar,1952.15,122,2841.32,42.1,Febrero,7546.24,alta
Alimentos,809.26,317,2394.64,40.9,Febrero,24665.83,alta
Deportes,161.07,269,2336.67,15.6,Septiembre,5109.01,alta
HOGAR,1855.94,491,3513.48,24.6,Mayo,42659.07,alta
Ropa,1770.95,491,1709.97,19.6,Febrero,15804.15,alta
Hogar,,338,3441.92,7.2,Enero,13831.79,alta
Deportes,1339.51,386,1729.6,4.9,Septiembre,26077.03,alta
Hogar,260.38,466,2353.65,22.6,Septiembre,5340.77,alta
Ropa,1476.73,305,,27.4,Junio,29332.61,alta
Deportes,,207,675.29,29.5,Abril,17383.1,alta
Deportes,539.67,273,2527.45,10.4,Junio,8140.15,alta
Alimentos,1588.58,453,202.73,10.8,Agosto,13236.01,alta
Hogar,1212.3,76,3861.23,26.9,Mayo,5349.8,alta
Ropa,1371.17,122,2289.28,39.7,Noviembre,32767.32,alta
Tecnologia,1094.79,388,387.98,21.9,Febrero,26523.31,alta
Alimentos,1432.89,249,519.58,8.6,Abril,5186.65,alta
Ropa,538.34,466,,38.2,Abril,19329.67,alta
Hogar,232.0,241,4687.82,28.8,Noviembre,5698.22,alta
Deportes,249.88,317,,25.7,Marzo,5720.77,alta
Alimentos,1537.73,154,3326.87,10.7,Enero,6669.72,alta
Tecnologia,51.56,305,2730.39,22.1,Junio,3671.5,media
Ropa,350.43,172,2625.83,47.1,Septiembre,9707.6,alta
Tecnologia,1395.99,425,1220.01,5.8,Enero,22851.16,alta
Hogar,166.32,295,2216.5,41.6,Diciembre,2354.65,media
Deportes,1319.06,119,1755.55,1.2,Abril,6897.05,alta
Deportes,,249,1901.11,28.7,Agosto,12535.59,alta
Ropa,474.5,56,638.91,37.7,Septiembre,9911.29,alta
Hogar,148.3,122,4728.02,41.6,Enero,5497.93,alta
Tecnologia,63.72,205,2456.27,13.1,Mayo,2680.75,media
Tecnologia,1239.95,87,1669.93,16.5,Diciembre,17238.22,alta
Deportes,1775.31,81,,8.7,Marzo,52618.04,alta
ROPA,1224.89,169,1723.01,38.6,Agosto,3880.5,media
Hogar,1285.78,163,3691.22,22.1,Julio,16345.05,alta
alimentos,1922.01,97,3412.32,48.0,Enero,39040.13,alta
Deportes,1622.47,158,2247.61,12.3,Mayo,25121.38,alta
deportes,1998.61,470,329.04,5.3,Octubre,28232.09,alta
Tecnologia,35.06,348,161.72,28.2,Junio,1385.9,baja
Deportes,,149,3527.63,17.8,Julio,11633.69,alta
Ropa,,232,771.92,45.6,Septiembre,388.57,baja
Deportes,1763.1,88,2499.91,29.9,Abril,166943.4034260659,alta
Ropa,668.49,17,4579.84,38.4,Septiembre,10658.85,alta
Alimentos,651.74,205,4462.39,45.5,Febrero,22335.44,alta
Tecnologia,329.07,175,,12.4,Enero,5427.42,alta
alimentos,147.35,222,1719.06,23.5,Mayo,4249.04,media
Deportes,110.01,182,4783.69,35.3,Mayo,6067.37,alta
Tecnologia,1675.05,82,1281.06,7.4,Junio,38532.74,alta
Ropa,1973.18,404,,49.8,Abril,62074.44,alta
Tecnologia,307.98,342,577.75,27.0,Mayo,5632.77,alta
Tecnologia,662.96,222,951.27,9.2,Diciembre,11626.33,alta
Alimentos,1215.44,53,92.49,40.1,Marzo,33885.71,alta
Tecnologia,1555.82,434,4703.65,48.2,Noviembre,48635.72,alta
Alimentos,1338.2,198,1323.78,3.8,Agosto,34111.5,alta
Hogar,783.92,260,3939.7,23.9,Marzo,18632.66,alta
Deportes,1893.92,209,2561.49,46.1,Agosto,11484.3,alta
Alimentos,593.33,226,4808.56,17.8,Enero,5535.97,alta
Ropa,1613.35,474,,47.8,Enero,22438.05,alta
Hogar,137.17,292,4758.12,12.7,Marzo,7493.95,alta
Deportes,,179,3794.85,46.5,Diciembre,11046.62,alta
Tecnologia,,78,1611.14,7.8,Marzo,28345.35,alta
Hogar,880.25,229,2472.95,13.7,Mayo,12731.39,alta
Ropa,970.98,125,1532.62,30.5,Mayo,24259.11,alta
Tecnologia,409.31,485,2612.76,41.6,Julio,12774.02,alta
Hogar,1759.02,242,2469.28,5.5,Julio,25046.88,alta
Ropa,538.38,132,159.01,7.3,Marzo,14964.92,alta
Ropa,1062.77,369,3927.93,11.1,Diciembre,32105.84,alta
Deportes,1610.85,324,,4.7,Junio,37715.64,alta
Deportes,1854.03,51,2577.11,33.8,Noviembre,31065.63,alta
Ropa,,142,602.14,8.3,Marzo,20401.05,alta
ROPA,1649.34,351,1700.18,29.3,Agosto,45651.47,alta
Ropa,580.31,47,2134.71,29.5,Febrero,12182.06,alta
Hogar,1116.92,490,1807.47,29.4,Diciembre,8701.03,alta
Alimentos,918.66,35,130.94,30.6,Abril,128931.72124053225,alta
Hogar,1535.12,298,1108.13,31.1,Mayo,8045.09,alta
Ropa,1688.18,266,2872.35,20.7,Marzo,37983.18,alta
Ropa,832.22,183,2660.07,35.5,Abril,18409.84,alta
Deportes,852.55,292,2820.19,5.0,Junio,17214.84,alta
Tecnologia,,326,2451.8,12.0,Diciembre,2797.13,media
Hogar,574.43,173,2673.15,37.7,Junio,14197.11,alta
Alimentos,1897.31,61,3189.0,49.5,Marzo,43260.0,alta
Deportes,980.86,329,2882.69,15.3,Junio,28301.02,alta
Ropa,224.0,159,2289.51,39.9,Diciembre,2956.61,media
Deportes,,439,2389.35,38.8,Diciembre,6625.84,alta
Ropa,1607.53,330,1268.05,3.7,Diciembre,36790.39,alta
TECNOLOGIA,491.27,200,1136.41,12.1,Septiembre,7006.08,alta
Hogar,590.6,238,,41.0,Junio,14663.27,alta
Alimentos,1391.99,354,883.64,24.2,Mayo,6264.36,alta
Ropa,1604.17,20,4906.62,35.7,Junio,17631.9,alta
Tecnologia,593.52,261,970.55,27.0,Junio,166130.562143995,alta
Ropa,1966.24,415,1821.41,35.6,Octubre,40426.06,alta
Hogar,1660.5,192,1550.98,44.8,Marzo,50213.7,alta
Ropa,,240,3227.29,18.5,Noviembre,35124.6,alta
Ropa,1767.36,287,425.34,2.8,Noviembre,38855.79,alta
Ropa,1444.68,445,1869.19,24.6,Febrero,39784.6,alta
Alimentos,1824.36,68,3807.59,25.6,Octubre,39787.36,alta
Ropa,671.82,96,3992.96,4.0,Abril,16088.63,alta
Tecnologia,1566.19,142,1568.02,19.5,Mayo,31222.47,alta
Deportes,1011.55,422,1490.96,2.4,Abril,10773.47,alta
Deportes,121.61,23,3146.74,17.6,Diciembre,4827.35,media
Hogar,1145.37,42,4253.3,45.5,Marzo,19264.71,alta
Hogar,683.13,114,2668.52,6.8,Octubre,3110.9,media
Deportes,434.56,115,686.85,8.2,Abril,13250.17,alta
Hogar,42.2,14,,40.1,Septiembre,3124.91,media
Ropa,658.49,323,,45.3,Julio,6835.18,alta
Alimentos,1386.12,326,,6.8,Abril,29494.46,alta
Ropa,1652.71,53,1378.15,5.8,Abril,20437.82,alta
Tecnologia,1546.28,277,57.78,4.8,Diciembre,8973.43,alta
Tecnologia,1200.72,362,3345.59,22.8,Agosto,36431.84,alta
Ropa,783.83,208,902.24,16.8,Junio,6634.4,alta
Tecnologia,1412.74,163,4704.65,22.8,Septiembre,42229.88,alta
Alimentos,582.51,336,3338.63,40.6,Junio,14454.15,alta
Hogar,1189.74,293,,9.8,Mayo,29594.87,alta
Deportes,437.04,241,494.51,9.4,Enero,10141.39,alta
Alimentos,1282.19,66,4667.89,33.4,Marzo,7358.02,alta
Tecnologia,1860.49,383,1382.74,31.2,Abril,48665.73,alta
ALIMENTOS,1902.77,272,4651.77,13.1,Marzo,30359.61,alta
Deportes,1991.36,56,4786.23,29.7,Agosto,38221.75,alta
Hogar,1694.15,85,,44.6,Octubre,46008.51,alta
Alimentos,1556.07,427,1132.81,6.9,Enero,36875.76,alta
Tecnologia,724.33,29,1973.44,25.6,Abril,15632.67,alta
Ropa,1459.48,125,2635.75,21.1,Octubre,23632.78,alta
Deportes,237.97,340,4443.03,20.8,Agosto,6079.86,alta
Ropa,396.24,391,3811.25,8.2,Julio,14258.93,alta
Hogar,811.96,97,2448.33,26.2,Julio,19816.07,alta
Hogar,64.04,27,1152.44,33.0,Marzo,2177.1,media
Alimentos,1646.49,21,3321.19,46.0,Mayo,17922.14,alta
Deportes,1103.52,52,777.86,24.1,Enero,23704.48,alta
Alimentos,1259.1,195,1181.44,41.0,Mayo,25352.06,alta
Hogar,1448.89,369,4354.21,45.3,Junio,25822.92,alta
Ropa,1330.57,27,4240.65,2.6,Abril,32404.27,alta
Tecnologia,1470.17,43,4006.95,31.3,Marzo,7084.55,alta
Tecnologia,1267.17,135,3644.35,43.9,Agosto,12930.23,alta
Tecnologia,1592.97,235,211.88,18.1,Septiembre,12418.18,alta
ROPA,565.35,192,1700.29,11.7,Mayo,8494.8,alta
Alimentos,1466.28,353,,14.2,Noviembre,21593.57,alta
Deportes,864.33,26,4528.51,0.5,Abril,22821.79,alta
Ropa,1622.52,76,4806.3,44.5,Julio,28667.12,alta
Tecnologia,1062.18,155,2970.18,25.9,Marzo,19712.82,alta
Ropa,832.91,140,2313.04,32.3,Octubre,9602.82,alta
Ropa,739.28,241,4884.19,33.6,Enero,18392.02,alta
Tecnologia,230.93,486,2094.81,38.8,Diciembre,5927.48,alta
Ropa,676.29,143,4420.13,41.2,Abril,10232.94,alta
Deportes,1819.13,459,1449.24,30.3,Noviembre,38455.35,alta
Ropa,1368.42,248,4008.83,37.6,Septiembre,13295.49,alta
Ropa,268.87,492,429.77,29.5,Junio,2701.62,media
Hogar,1629.72,76,1092.74,28.1,Septiembre,16920.58,alta
Deportes,1058.27,385,2612.23,49.3,Febrero,25263.09,alta
Hogar,1667.8,109,877.98,0.1,Mayo,21174.96,alta
Deportes,475.57,366,,34.1,Julio,7623.79,alta
Hogar,186.49,418,1668.58,17.1,Diciembre,2628.24,media
Ropa,1706.39,90,2919.77,21.7,Septiembre,48335.64,alta
Tecnologia,1055.71,198,3763.42,31.6,Enero,30371.3,alta
Deportes,447.4,191,3124.24,15.5,Mayo,15172.17,alta
Hogar,304.75,219,249.03,41.8,Febrero,9060.42,alta
Alimentos,799.13,342,50.23,20.0,Marzo,21484.56,alta
Hogar,753.7,440,1430.81,42.3,Junio,8567.5,alta
Ropa,1581.15,244,1991.08,36.1,Abril,47016.33,alta
hogar,296.21,341,,37.1,Diciembre,11718.16,alta
Deportes,1814.12,464,1931.42,0.2,Enero,33952.24,alta
Ropa,1618.29,178,4176.72,43.0,Mayo,48731.41,alta
Tecnologia,313.53,322,2265.36,20.3,Junio,2802.16,media
Tecnologia,751.83,387,3382.37,21.4,Enero,8769.38,alta
Hogar,1807.34,317,2780.79,48.2,Diciembre,54069.23,alta
Alimentos,99.42,278,4860.96,39.6,Octubre,5091.36,alta
Alimentos,1913.15,337,4471.56,7.9,Marzo,52201.28,alta
Ropa,578.92,404,4796.79,9.3,Octubre,7433.36,alta
Ropa,60.61,489,3202.83,10.0,Febrero,4858.0,media
ALIMENTOS,1872.57,475,1289.49,1.4,Diciembre,17856.78,alta
Alimentos,1487.84,8,2039.58,45.4,Octubre,32535.76,alta
Deportes,522.45,226,4345.78,16.6,Febrero,13089.29,alta
Hogar,731.93,378,2271.92,24.9,Febrero,18464.51,alta
Tecnologia,1354.86,52,846.94,9.7,Julio,37913.58,alta
Ropa,1911.65,63,1069.21,8.3,Septiembre,34637.64,alta
Hogar,229.45,335,4478.82,10.5,Marzo,5417.38,alta
Deportes,184.01,67,3387.86,34.9,Marzo,5460.31,alta
Deportes,883.06,388,2918.37,11.2,Enero,24829.11,alta
Tecnologia,1727.63,239,3567.55,3.3,Enero,50286.44,alta
Tecnologia,42.43,280,3198.04,12.1,Abril,3694.28,media
Tecnologia,1392.66,386,4907.98,26.0,Octubre,18282.09,alta
Ropa,1274.12,494,3923.3,18.3,Febrero,7651.01,alta
Tecnologia,1648.47,278,2556.49,21.8,Febrero,30767.52,alta
Deportes,385.91,318,,8.4,Julio,5905.19,alta
Ropa,1782.75,58,2611.82,20.7,Junio,32213.64,alta
Hogar,,145,4425.94,15.3,Septiembre,22446.03,alta
Ropa,669.93,458,1352.08,8.1,Enero,4404.37,media
Tecnologia,771.33,91,2831.01,0.4,Septiembre,125116.59221763254,alta
Alimentos,910.02,15,3480.41,25.0,Julio,24828.66,alta
Deportes,1311.66,153,4158.61,36.5,Septiembre,10350.95,alta
Ropa,326.84,321,736.34,28.6,Junio,2695.29,media
Tecnologia,,432,3699.21,25.5,Septiembre,14909.02,alta
Ropa,865.22,50,2840.46,39.3,Octubre,13868.0,alta
Tecnologia,1535.84,390,2526.22,29.9,Octubre,10910.76,alta
Ropa,917.85,364,3572.74,6.2,Enero,13028.88,alta
Hogar,513.6,488,3743.66,4.1,Febrero,13333.18,alta
Hogar,452.91,10,4384.73,40.3,Febrero,3922.58,media
tecnologia,1555.59,301,1784.32,12.9,Abril,14891.75,alta
Hogar,1627.19,102,1934.87,43.2,Marzo,145864.47305705014,alta
Tecnologia,1605.35,124,113.72,6.6,Enero,21145.2,alta
Alimentos,1235.39,490,4456.18,35.5,Enero,14305.78,alta
Hogar,1761.92,498,105.14,40.5,Julio,5611.63,alta
Ropa,1311.8,383,4261.21,24.6,Marzo,21131.65,alta
Ropa,,258,4016.18,40.3,Enero,10925.75,alta
Ropa,,180,1709.16,31.1,Febrero,7400.05,alta
Alimentos,1159.27,457,451.65,0.7,Enero,5800.96,alta
Ropa,,20,1598.49,42.3,Febrero,5308.41,alta
Hogar,605.15,93,4205.36,39.7,Febrero,13071.44,alta
Deportes,56.8,405,2996.56,38.0,Diciembre,3933.9,media
Deportes,1305.79,125,4782.26,12.9,Febrero,21830.97,alta
Alimentos,1692.42,148,2233.69,47.1,Marzo,6372.43,alta
Ropa,202.96,405,34.88,37.9,Diciembre,3246.01,media
Alimentos,107.89,293,3688.52,47.2,Junio,5350.06,alta
Hogar,597.36,416,1439.53,31.8,Mayo,3580.26,media
Ropa,930.56,142,2798.55,1.2,Mayo,19085.43,alta
Hogar,1001.55,106,3888.34,40.4,Septiembre,26538.6,alta
Alimentos,1601.69,231,4838.22,16.4,Noviembre,29736.53,alta
Alimentos,,448,1201.98,7.2,Abril,19315.45,alta
Ropa,1807.14,351,4198.56,24.9,Diciembre,39234.69,alta
Alimentos,1555.25,323,855.87,34.0,Abril,10227.82,alta
Ropa,1771.48,343,491.2,42.3,Julio,14345.09,alta
Deportes,1489.68,297,4659.91,3.5,Abril,189615.16091275844,alta
Ropa,1304.71,369,2046.07,27.5,Mayo,13864.6,alta
Deportes,596.45,56,3886.05,28.0,Enero,17710.43,alta
Tecnologia,1932.67,69,2867.04,32.6,Octubre,41921.23,alta
Alimentos,749.17,108,976.26,49.3,Abril,3160.4,media
Tecnologia,1350.89,226,2627.98,28.0,Septiembre,7768.44,alta
Ropa,1523.33,14,3324.9,42.3,Enero,174265.46535515063,alta
Deportes,,427,2195.74,37.1,Febrero,19322.76,alta
Hogar,954.05,146,1934.22,38.2,Junio,22178.35,alta
Alimentos,933.65,420,3744.5,43.5,Noviembre,15062.44,alta
Alimentos,170.7,57,2391.36,47.3,Diciembre,6006.44,alta
Hogar,474.8,323,4815.13,37.5,Junio,11269.68,alta
Ropa,1790.15,78,196.89,12.4,Noviembre,41486.34,alta
Deportes,909.5,120,4323.21,29.8,Junio,7993.57,alta
Deportes,875.6,218,2818.49,1.4,Enero,23720.86,alta
Ropa,1581.81,27,1937.27,12.5,Agosto,14471.31,alta
Alimentos,795.73,261,2034.66,2.4,Marzo,22983.7,alta
Deportes,1067.57,119,1341.14,33.0,Diciembre,15034.0,alta
HOGAR,501.26,348,1266.19,29.4,Enero,13874.6,alta
Alimentos,1722.43,41,1535.52,38.4,Enero,13579.45,alta
Ropa,242.23,399,3214.94,38.2,Septiembre,6341.63,alta
Hogar,1350.02,140,1790.56,23.4,Marzo,4417.48,media
Alimentos,454.3,8,4927.38,22.5,Noviembre,11955.59,alta
Ropa,1457.09,90,,40.8,Abril,23508.85,alta
Deportes,313.82,454,3472.94,30.2,Febrero,6792.1,alta
Hogar,985.21,312,1925.32,7.4,Diciembre,27793.52,alta
Tecnologia,363.6,416,126.33,48.5,Marzo,2094.21,media
Hogar,1791.29,204,4119.29,17.2,Octubre,17059.76,alta
tecnologia,,104,982.34,3.5,Enero,5918.6,alta
Alimentos,1840.48,472,4115.61,5.1,Octubre,44714.83,alta
Tecnologia,12.99,343,2210.04,49.0,Agosto,2538.3,media
Deportes,1166.02,42,51.41,7.7,Octubre,4481.32,media
HOGAR,1345.72,393,528.05,23.3,Marzo,38240.03,alta
Ropa,,123,4576.09,42.2,Septiembre,7378.3,alta
Alimentos,782.96,415,3349.3,22.4,Junio,10266.14,alta
Deportes,1127.63,110,4688.61,42.0,Agosto,25126.63,alta
Hogar,,290,2626.93,27.9,Junio,27233.81,alta
Ropa,484.25,329,3024.79,2.8,Noviembre,5279.64,alta
Alimentos,312.38,368,1350.1,14.3,Enero,2208.4,media
Hogar,1146.19,87,4951.42,22.1,Octubre,8268.93,alta
Tecnologia,1043.07,139,4252.14,33.6,Marzo,12529.63,alta
Hogar,1442.72,349,1944.75,23.0,Octubre,45381.96,alta
Alimentos,1053.73,429,1694.85,24.2,Diciembre,17908.36,alta
Hogar,1145.25,68,224.34,8.0,Diciembre,9277.83,alta
Tecnologia,1048.96,414,2457.62,36.0,Noviembre,34433.56,alta
Ropa,885.06,416,490.12,25.4,Abril,4773.46,media
Tecnologia,341.68,245,,46.0,Marzo,9176.32,alta
Ropa,,450,3172.84,33.9,Diciembre,22077.42,alta
Ropa,1955.12,409,1129.14,13.9,Marzo,18922.0,alta
Tecnologia,370.8,77,828.43,29.6,Septiembre,9625.87,alta
Alimentos,900.49,453,,14.0,Septiembre,22868.06,alta
Ropa,1765.34,24,3220.86,45.2,Octubre,27101.37,alta
Ropa,1321.95,346,4386.19,34.5,Octubre,20902.5,alta
Hogar,1801.62,431,1660.41,14.8,Mayo,37113.06,alta
Hogar,24.29,390,4881.79,11.4,Agosto,5132.99,alta
Alimentos,1281.55,445,1813.4,48.5,Abril,34753.61,alta
Deportes,745.87,88,3012.56,18.2,Mayo,3922.95,media
Deportes,389.63,226,3171.82,28.9,Septiembre,4280.05,media
Tecnologia,24.55,360,3100.53,16.7,Julio,3550.56,media
Hogar,267.93,253,3581.83,43.1,Agosto,7062.86,alta
Alimentos,666.68,203,2998.91,25.5,Diciembre,4141.23,media
TECNOLOGIA,1690.75,154,3115.35,27.0,Febrero,17433.89,alta
Alimentos,1309.3,431,4217.04,18.9,Octubre,7567.36,alta
Hogar,1166.78,452,1628.49,1.8,Febrero,13660.1,alta
Hogar,1699.7,14,2793.92,23.6,Agosto,33298.54,alta
Deportes,1082.86,314,491.22,16.1,Octubre,19828.04,alta
Deportes,1831.55,330,938.46,31.7,Enero,41655.62,alta
Deportes,121.1,415,3821.71,25.8,Noviembre,4581.55,media
Alimentos,1360.17,369,4510.22,24.6,Noviembre,42753.16,alta
Hogar,282.76,88,3144.87,48.4,Abril,5449.41,alta
Tecnologia,,58,1371.97,26.7,Diciembre,9638.75,alta
Ropa,1120.05,407,1997.62,23.2,Junio,14899.73,alta
Deportes,665.66,338,3786.29,15.2,Diciembre,8560.86,alta
Ropa,1376.95,266,1458.83,35.9,Abril,10400.99,alta
Hogar,1777.99,102,2414.27,44.2,Febrero,24467.98,alta
Deportes,,335,1331.7,23.2,Noviembre,1499.95,baja
Ropa,1158.27,346,1196.15,4.8,Marzo,7895.82,alta
Ropa,368.97,366,1161.34,17.2,Noviembre,9581.43,alta
Alimentos,1621.78,460,3582.82,46.6,Agosto,30851.28,alta
Hogar,1512.61,448,106.07,42.9,Diciembre,21335.2,alta
Alimentos,1226.79,444,182.72,48.2,Diciembre,13853.8,alta
Ropa,1908.89,29,1757.1,24.7,Marzo,43982.74,alta
Ropa,1706.07,421,2155.99,46.6,Julio,10630.56,alta
Alimentos,589.05,281,466.21,3.9,Enero,6764.66,alta
Hogar,57.85,459,14.9,5.7,Marzo,2686.3,media
Deportes,,463,1575.29,16.1,Febrero,13862.48,alta
Tecnologia,662.25,433,4938.07,13.1,Febrero,21503.02,alta
Tecnologia,1230.79,33,,18.8,Marzo,6922.76,alta
Ropa,381.12,426,4260.38,46.1,Septiembre,5787.88,alta
Ropa,1959.18,323,4430.33,46.0,Mayo,26142.88,alta
Alimentos,204.65,387,1820.75,32.6,Octubre,4298.39,media
Hogar,886.89,460,726.2,6.1,Enero,17615.45,alta
Hogar,1510.25,117,1743.83,42.9,Enero,35193.31,alta
Alimentos,45.23,175,1153.43,3.2,Julio,2080.21,media
Ropa,1591.13,110,2574.21,46.3,Abril,28932.79,alta
Hogar,517.43,329,2412.91,18.8,Enero,16142.77,alta
Tecnologia,1009.45,415,3793.79,41.2,Junio,15556.48,alta
Alimentos,44.16,143,1349.7,20.1,Junio,174038.9954504291,baja
Ropa,119.74,162,304.46,47.3,Febrero,1229.13,baja
Deportes,1842.34,179,1259.04,37.9,Mayo,27642.06,alta
Tecnologia,187.78,208,260.71,39.0,Enero,2452.09,media
Hogar,1667.5,308,257.91,46.7,Enero,14920.65,alta
Deportes,1724.16,404,1418.31,36.8,Mayo,20422.87,alta
Tecnologia,1668.44,424,2136.49,31.1,Febrero,45559.65,alta
Ropa,930.66,271,3822.12,18.5,Octubre,14177.99,alta
Hogar,622.4,9,5.42,20.8,Septiembre,2927.32,media
Tecnologia,1544.39,319,38.04,43.6,Abril,10827.14,alta
tecnologia,1099.77,327,4535.02,15.4,Marzo,30878.08,alta
Deportes,,250,4719.27,39.2,Julio,25101.94,alta
Tecnologia,,211,869.67,27.6,Diciembre,20038.19,alta
Deportes,1567.15,286,4512.28,38.1,Julio,46348.09,alta
Deportes,898.84,273,257.25,6.9,Julio,22941.47,alta
Hogar,1668.12,442,2352.68,42.1,Enero,22600.68,alta
Alimentos,1647.25,128,4679.3,41.6,Noviembre,9159.14,alta
Tecnologia,842.6,418,2424.37,28.6,Febrero,10695.1,alta
Ropa,369.8,247,1374.38,33.7,Noviembre,7972.44,alta
Deportes,770.14,205,995.01,46.2,Enero,3609.44,media
Deportes,1714.9,161,727.82,9.1,Julio,21495.51,alta
DEPORTES,1187.98,348,1425.34,2.6,Noviembre,30834.12,alta
Ropa,206.83,8,,18.5,Mayo,5424.68,alta
Deportes,1506.81,37,1375.81,19.5,Agosto,4881.2,media
Alimentos,1424.35,10,1672.1,29.2,Agosto,22673.07,alta
Hogar,333.86,466,2355.7,28.4,Febrero,5721.65,alta
Deportes,535.2,190,1125.34,45.3,Julio,15598.35,alta
Deportes,588.57,429,4040.9,40.2,Octubre,6730.8,alta
Hogar,1941.87,270,3668.88,40.7,Noviembre,30316.4,alta
Hogar,1546.15,482,2298.53,18.1,Septiembre,17758.49,alta
Hogar,630.92,335,815.84,16.7,Agosto,19068.52,alta
Hogar,1672.89,470,2473.61,16.8,Octubre,9385.46,alta
Alimentos,878.72,66,622.85,34.3,Abril,16540.76,alta
Alimentos,1081.0,393,3623.49,37.4,Septiembre,130406.36042601305,alta
Ropa,686.66,158,1707.27,11.3,Marzo,6624.24,alta
Alimentos,,318,1196.49,22.7,Mayo,1894.42,media
Deportes,1156.47,492,374.89,36.1,Octubre,16218.88,alta
Deportes,,61,4769.11,28.7,Marzo,52801.11,alta
Alimentos,1885.39,311,625.11,42.0,Noviembre,38713.07,alta
Tecnologia,1027.83,199,4394.01,17.9,Junio,25275.9,alta
Alimentos,1468.09,29,2266.09,25.8,Febrero,25586.68,alta
Deportes,339.74,112,,20.5,Noviembre,10634.8,alta
Alimentos,1996.52,130,3543.07,41.3,Marzo,44879.63,alta
Ropa,471.46,80,4420.54,14.4,Septiembre,11415.36,alta
Ropa,787.05,314,3038.9,4.1,Enero,15916.62,alta
Hogar,,439,4787.53,29.9,Febrero,27828.08,alta
Deportes,1658.87,449,4367.08,48.6,Mayo,46270.09,alta
Alimentos,764.37,327,3489.33,31.8,Abril,19823.02,alta
Deportes,148.75,122,1610.84,17.0,Diciembre,3643.67,media
ALIMENTOS,749.04,240,2819.46,45.1,Septiembre,13829.42,alta
Hogar,227.59,169,3563.55,32.4,Diciembre,4856.11,media
Tecnologia,1274.63,30,382.56,3.2,Mayo,32129.74,alta
TECNOLOGIA,1133.36,345,1416.07,44.4,Julio,7579.81,alta
Tecnologia,237.98,40,492.18,0.4,Enero,5345.74,alta
Hogar,591.71,364,762.12,45.4,Diciembre,14649.37,alta
DEPORTES,657.78,237,1438.97,18.9,Enero,3983.18,media
Tecnologia,1261.77,394,1827.48,24.3,Septiembre,31982.99,alta
Ropa,1207.91,194,3998.79,3.2,Julio,9939.85,alta
Deportes,1528.04,153,1537.73,41.2,Junio,23288.06,alta
Tecnologia,475.51,16,811.99,33.7,Noviembre,6547.96,alta
Hogar,1154.47,62,1490.03,27.0,Febrero,12712.02,alta
Hogar,842.39,459,209.09,39.0,Junio,19036.68,alta
Hogar,99.49,79,4460.26,3.5,Mayo,5235.69,alta
Tecnologia,1902.21,192,1223.01,30.1,Octubre,8801.7,alta
Alimentos,284.88,369,4796.69,32.9,Agosto,11191.8,alta
Alimentos,1156.16,313,3966.86,30.9,Noviembre,16592.35,alta
Hogar,1391.21,169,1709.38,0.5,Enero,22527.14,alta
Alimentos,1993.0,384,,12.7,Noviembre,8100.23,alta
Alimentos,281.49,493,631.29,22.8,Agosto,6184.94,alta
Tecnologia,834.64,428,2739.98,2.2,Agosto,16479.91,alta
Alimentos,463.16,15,4888.74,17.9,Mayo,9648.18,alta
Ropa,1349.33,194,164.72,28.3,Mayo,21897.77,alta
Hogar,49.67,299,550.54,9.4,Marzo,1355.33,baja
Alimentos,1812.14,385,3830.29,33.5,Febrero,57368.49,alta
Tecnologia,1908.61,152,3555.24,5.7,Septiembre,9472.32,alta
Deportes,155.3,337,461.11,49.5,Abril,5433.5,alta
Hogar,1147.53,402,2375.82,27.8,Mayo,33354.0,alta
Ropa,1347.09,141,2670.52,47.5,Enero,15504.76,alta
Deportes,1048.93,110,2336.99,49.5,Septiembre,6086.56,alta
Tecnologia,522.94,457,4268.65,30.5,Diciembre,15534.36,alta
Tecnologia,1797.78,53,90.2,19.3,Marzo,10263.22,alta
Alimentos,1135.67,326,4360.23,32.8,Febrero,21082.4,alta
Alimentos,1000.76,11,171.56,23.8,Noviembre,16347.59,alta
DEPORTES,1768.69,483,2106.33,26.8,Noviembre,50809.64,alta
Deportes,1294.87,185,4745.44,46.8,Diciembre,20692.46,alta
Alimentos,,114,704.95,16.5,Enero,7453.34,alta
Ropa,938.61,153,2541.23,26.4,Mayo,26173.27,alta
Deportes,876.83,151,564.7,47.9,Agosto,25375.52,alta
Deportes,394.44,401,4218.71,19.0,Noviembre,14526.36,alta
Ropa,330.53,416,3520.2,38.2,Noviembre,4493.93,media
Hogar,1685.9,339,4839.2,13.6,Julio,28468.65,alta
Ropa,59.35,253,721.1,37.8,Septiembre,1844.09,media
Tecnologia,707.52,289,1674.58,2.4,Enero,15369.92,alta
Alimentos,1214.89,450,4353.08,8.4,Junio,17446.9,alta
Hogar,493.2,233,3264.05,44.6,Diciembre,7181.04,alta
Hogar,,15,3932.78,39.4,Noviembre,6534.06,alta
Alimentos,,367,4623.5,0.5,Agosto,10754.66,alta
Ropa,1442.92,57,,5.0,Enero,25533.99,alta
Tecnologia,550.48,66,4720.16,1.1,Octubre,13428.82,alta
Deportes,881.85,203,,34.2,Febrero,11193.05,alta
ALIMENTOS,592.73,266,315.43,40.6,Mayo,5173.4,alta
Alimentos,1476.53,139,3196.35,12.8,Marzo,22790.17,alta
Ropa,427.96,63,2968.95,42.0,Diciembre,4086.3,media
Alimentos,1048.54,13,4812.76,47.0,Abril,9812.87,alta
Alimentos,1976.98,409,2589.85,21.1,Marzo,46253.18,alta
Ropa,637.82,421,1920.91,3.5,Abril,3656.08,media
Tecnologia,1907.68,336,3666.19,23.2,Marzo,26608.18,alta
Hogar,512.88,465,4671.55,21.8,Julio,16109.27,alta
Tecnologia,334.94,120,4069.93,26.8,Octubre,10762.26,alta
Hogar,1821.6,159,2488.6,9.9,Mayo,20792.22,alta
Deportes,1858.53,223,3484.04,34.6,Marzo,48658.69,alta
Hogar,,394,2020.02,30.6,Julio,26063.13,alta
Deportes,189.67,364,1784.12,39.6,Noviembre,5175.29,alta
Ropa,102.91,449,2224.41,12.8,Febrero,4359.83,media
Deportes,1408.11,466,692.39,30.5,Agosto,13258.9,alta
Ropa,699.66,419,2076.84,10.3,Junio,16111.56,alta
Ropa,564.7,248,2708.13,32.7,Noviembre,7382.19,alta
Tecnologia,1776.96,340,4198.64,36.4,Septiembre,42620.69,alta
Deportes,936.89,272,4250.59,6.4,Julio,13594.84,alta
Deportes,1001.24,161,2612.48,43.0,Marzo,32016.68,alta
Tecnologia,323.74,123,1469.91,14.6,Diciembre,2234.67,media
Ropa,941.41,361,,44.9,Julio,14617.87,alta
Alimentos,1372.3,353,,4.6,Mayo,12910.36,alta
HOGAR,1669.34,195,2772.85,10.0,Junio,9114.24,alta
Hogar,1233.59,359,801.45,38.0,Mayo,5931.88,alta
Hogar,1104.1,321,4480.82,21.6,Abril,14540.5,alta
Tecnologia,1075.78,117,,13.6,Agosto,18260.79,alta
Ropa,1491.69,406,2649.87,43.7,Febrero,33371.85,alta
Ropa,586.93,351,3595.73,46.7,Octubre,17858.83,alta
Ropa,,202,225.72,30.7,Abril,29466.16,alta
Ropa,1017.82,271,2738.31,10.4,Enero,12891.44,alta
Alimentos,1502.32,456,1762.67,15.5,Noviembre,8773.47,alta
TECNOLOGIA,574.25,63,4001.41,25.8,Enero,4341.37,media
Alimentos,268.47,5,699.31,35.7,Junio,1690.95,media
Tecnologia,424.85,352,2110.06,28.2,Abril,7820.26,alta
Tecnologia,,418,4349.93,13.7,Julio,27670.22,alta
Alimentos,13.52,192,4519.29,35.7,Julio,3839.27,media
Alimentos,956.62,367,1686.47,11.5,Abril,16375.75,alta
Ropa,1418.6,359,4406.41,10.7,Noviembre,31399.38,alta
Alimentos,1392.35,460,3548.79,21.9,Junio,16294.39,alta
Tecnologia,479.29,317,3138.01,10.7,Enero,9792.68,alta
Alimentos,442.09,197,4337.34,13.0,Abril,16181.05,alta
Ropa,,236,4446.01,42.9,Mayo,23586.54,alta
Deportes,1939.84,167,2723.07,37.0,Noviembre,12284.55,alta
Ropa,1606.96,86,2696.18,46.2,Junio,32180.8,alta
Deportes,627.83,426,4999.23,15.9,Mayo,10161.75,alta
Tecnologia,1882.04,41,4731.2,0.3,Julio,50343.95,alta
Ropa,1405.09,94,3634.51,32.4,Septiembre,23747.59,alta
Hogar,1257.54,61,1068.66,40.1,Agosto,27756.25,alta
Tecnologia,1240.15,411,3213.01,17.0,Enero,24364.13,alta
Alimentos,909.03,264,1868.34,48.2,Agosto,7949.48,alta
Deportes,305.31,370,3656.92,46.1,Febrero,176110.5395562422,media
Ropa,313.33,51,4943.03,24.4,Mayo,8101.24,alta
Hogar,250.97,131,2939.31,43.2,Diciembre,8665.84,alta
Tecnologia,501.49,35,1253.97,34.5,Octubre,8562.28,alta
Hogar,1996.16,35,2622.23,3.1,Enero,20917.78,alta
Ropa,1563.93,19,2081.64,28.5,Julio,5511.66,alta
Alimentos,522.58,15,3582.48,28.3,Noviembre,18151.8,alta
Ropa,1294.41,397,3673.74,12.3,Noviembre,23953.71,alta
Ropa,287.35,323,1586.13,29.1,Agosto,8749.26,alta
Hogar,1923.8,89,3883.75,9.7,Junio,25824.13,alta
Tecnologia,751.87,271,1519.06,15.4,Agosto,16964.25,alta
Hogar,991.52,52,,10.6,Mayo,28304.58,alta
Deportes,1628.07,465,340.19,18.1,Diciembre,19197.5,alta
Ropa,1513.68,313,431.14,14.8,Noviembre,40475.47,alta
Tecnologia,449.99,198,693.19,34.5,Julio,13612.53,alta
Hogar,1056.84,276,1705.2,39.8,Febrero,12737.97,alta
Tecnologia,,62,3801.24,39.9,Febrero,18089.0,alta
Hogar,,187,4016.32,15.7,Septiembre,31140.19,alta
Hogar,18.06,294,2892.69,31.1,Octubre,2652.77,media
Tecnologia,568.93,218,4225.63,35.4,Mayo,6199.37,alta
Alimentos,,364,2093.51,13.6,Abril,4340.18,media
Ropa,119.22,499,698.24,22.8,Diciembre,4785.02,media
Tecnologia,656.02,46,754.39,5.1,Junio,11232.86,alta
Alimentos,155.4,469,3643.17,1.3,Agosto,6134.39,alta
Deportes,,230,782.91,17.6,Julio,1614.73,media
Deportes,1410.53,22,1338.0,37.9,Junio,21528.4,alta
Hogar,1177.14,194,3140.65,27.5,Octubre,31580.04,alta
Ropa,886.75,286,4786.45,18.7,Agosto,13527.49,alta
Ropa,879.65,135,,0.1,Agosto,13454.15,alta
Deportes,1456.08,87,4039.05,40.4,Agosto,38830.41,alta
Ropa,1870.66,160,,15.9,Febrero,25570.47,alta
Hogar,335.56,197,614.68,22.9,Septiembre,6513.74,alta
Ropa,625.74,25,4517.44,20.9,Noviembre,11852.13,alta
Tecnologia,1078.13,319,3939.31,29.2,Diciembre,8811.89,alta
Tecnologia,449.69,237,3201.91,4.3,Mayo,4013.87,media
Deportes,625.78,489,1452.91,8.9,Julio,5802.54,alta
Ropa,,77,3220.29,33.9,Septiembre,3550.78,media
Deportes,531.01,360,1644.11,8.3,Marzo,16139.48,alta
Ropa,,132,1950.27,27.0,Mayo,32587.38,alta
Ropa,830.76,188,4575.4,37.3,Junio,10021.26,alta
Alimentos,,179,1886.06,31.1,Septiembre,8373.12,alta
Tecnologia,1087.48,317,3226.64,8.3,Julio,21679.13,alta
Alimentos,569.18,413,2065.84,47.5,Enero,16584.01,alta
Deportes,489.53,418,2806.81,3.5,Junio,13063.09,alta
Ropa,1534.9,302,268.02,27.1,Septiembre,10511.79,alta
ropa,80.19,91,2162.85,32.8,Febrero,3384.68,media
Deportes,754.45,240,227.46,27.4,Septiembre,19392.4,alta
Deportes,1045.91,275,1126.76,46.3,Febrero,16810.57,alta
Tecnologia,1619.8,257,,32.5,Noviembre,9884.6,alta
Alimentos,575.8,259,2581.96,28.6,Octubre,19204.8,alta
Ropa,1290.34,140,613.31,44.9,Febrero,5275.74,alta
Tecnologia,304.62,212,,31.3,Diciembre,12946.93,alta
Ropa,695.15,372,,24.3,Diciembre,20225.29,alta
Hogar,101.69,280,1995.24,3.3,Agosto,3821.46,media
Ropa,787.05,399,4856.16,3.1,Octubre,6770.59,alta
Deportes,1779.32,230,2503.86,29.1,Junio,11481.42,alta
Tecnologia,,291,1656.03,42.2,Junio,35073.47,alta
hogar,948.53,70,2776.97,29.2,Diciembre,28753.95,alta
Hogar,1753.83,306,4721.55,12.2,Diciembre,38684.43,alta
Deportes,14.91,378,107.36,20.2,Octubre,212.45,baja
Deportes,681.38,382,4932.58,30.0,Julio,21757.7,alta
Tecnologia,957.43,112,2426.83,22.0,Septiembre,25763.37,alta
Tecnologia,1527.72,344,4047.1,33.0,Julio,25692.43,alta
Ropa,1595.87,353,2683.76,1.5,Septiembre,19714.49,alta
Tecnologia,1292.72,143,749.55,3.0,Agosto,8105.64,alta
Tecnologia,167.32,242,4017.36,29.2,Abril,7380.47,alta
Hogar,1333.3,180,4244.24,49.8,Abril,35909.84,alta
Ropa,1443.43,254,3974.04,16.8,Diciembre,26191.36,alta
Alimentos,441.69,16,4815.14,35.3,Noviembre,5075.83,alta
Deportes,1713.72,145,2548.22,38.9,Julio,18775.23,alta
Ropa,1555.95,165,2753.82,36.8,Agosto,7813.07,alta
Tecnologia,1578.21,275,4133.11,14.1,Septiembre,43357.97,alta
Tecnologia,400.47,394,,18.5,Marzo,11964.22,alta
Deportes,309.33,331,104.56,10.5,Abril,5713.14,alta
Hogar,503.89,25,1782.19,5.1,Octubre,16410.04,alta
Tecnologia,1017.5,338,2306.69,38.4,Abril,21759.42,alta
Hogar,616.78,403,4073.22,17.6,Enero,11061.63,alta
Deportes,1710.77,83,4814.93,38.2,Febrero,29965.03,alta
Ropa,360.01,18,3337.29,5.9,Mayo,9827.49,alta
Tecnologia,1973.64,402,770.85,34.1,Abril,19659.6,alta
Ropa,515.93,426,929.99,19.5,Mayo,5096.28,alta
Tecnologia,1648.62,372,2878.98,38.9,Septiembre,51011.64,alta
Deportes,1895.75,360,39.28,6.4,Agosto,14303.06,alta
Deportes,1973.62,196,2392.28,22.9,Octubre,56820.76,alta
Deportes,31.98,16,2331.22,29.9,Abril,1989.73,media
Ropa,1706.21,453,85.99,24.7,Enero,49369.1,alta
Tecnologia,1820.61,94,1207.95,36.1,Marzo,54660.83,alta
Hogar,423.29,151,3741.11,36.4,Octubre,10176.26,alta
Deportes,130.99,439,3976.38,42.5,Noviembre,4955.85,media
Tecnologia,,301,2477.42,32.2,Enero,39863.06,alta
Tecnologia,1928.31,419,3935.05,10.7,Marzo,41622.32,alta
Alimentos,859.2,46,3716.16,39.0,Febrero,8227.63,alta
Tecnologia,1062.49,175,3006.26,9.6,Julio,13397.6,alta
Deportes,1345.36,134,328.26,22.2,Abril,7899.96,alta
Tecnologia,561.81,264,3319.64,43.5,Diciembre,8521.99,alta
Deportes,720.42,440,4138.97,15.5,Noviembre,17661.87,alta
Ropa,,287,4856.73,31.3,Enero,10330.84,alta
Deportes,881.26,354,,36.3,Septiembre,6140.34,alta
Deportes,1009.67,305,3009.29,27.4,Noviembre,22033.02,alta
Deportes,769.66,286,4111.21,20.1,Noviembre,10565.96,alta
Hogar,468.72,455,4207.47,46.8,Abril,13801.43,alta
Deportes,,23,982.8,17.7,Agosto,26887.95,alta
Alimentos,105.53,114,1935.68,32.5,Abril,2411.89,media
Tecnologia,1827.08,157,3595.09,12.4,Enero,20445.48,alta
Alimentos,12.36,498,3877.94,28.2,Diciembre,3431.81,media
Tecnologia,1459.97,241,775.05,18.0,Diciembre,34739.99,alta
Hogar,1432.21,232,3386.91,29.8,Mayo,14173.41,alta
Tecnologia,1480.02,339,2573.31,42.6,Agosto,27282.73,alta
Ropa,1666.88,414,,6.5,Enero,16812.32,alta
Ropa,,447,590.07,31.6,Abril,35055.78,alta
Alimentos,,178,1063.01,44.0,Abril,30534.74,alta
Hogar,111.28,386,1859.07,2.4,Julio,4836.73,media
ropa,303.12,201,4748.63,36.6,Octubre,6867.43,alta
Ropa,1826.64,151,4408.51,45.6,Marzo,47156.31,alta
Hogar,1292.13,103,2499.75,19.3,Marzo,39765.84,alta
Tecnologia,1658.98,403,92.5,12.1,Febrero,43211.46,alta
Tecnologia,629.42,200,2306.67,7.5,Julio,19534.73,alta
Deportes,391.59,290,3792.42,9.1,Enero,8712.2,alta
Tecnologia,949.76,133,,36.1,Abril,5964.86,alta
Hogar,1519.88,406,2476.45,44.0,Octubre,17854.28,alta
Ropa,36.28,471,3782.07,25.2,Julio,4614.98,media
Ropa,1362.13,361,1677.94,35.8,Julio,38795.22,alta
Hogar,1782.01,458,4168.01,5.2,Julio,21545.29,alta
Ropa,1498.43,143,844.21,7.9,Junio,18550.31,alta
Hogar,125.69,248,4048.63,30.0,Septiembre,5904.56,alta
Tecnologia,,438,1314.26,22.4,Diciembre,21909.47,alta
Ropa,,61,1391.85,27.7,Junio,26021.88,alta
Deportes,1831.76,31,3571.47,11.8,Marzo,41254.13,alta
deportes,1366.97,370,3023.92,21.3,Marzo,31052.76,alta
Ropa,1077.11,268,425.5,16.6,Noviembre,11839.1,alta
Hogar,1610.99,492,,1.9,Septiembre,26414.72,alta
Ropa,1873.24,170,2787.83,11.5,Diciembre,53912.88,alta
Tecnologia,287.64,487,4749.45,14.6,Septiembre,13624.79,alta
Alimentos,687.73,13,3646.51,5.3,Enero,214459.7345550085,alta
Alimentos,1596.15,101,2296.51,7.6,Abril,39141.11,alta
Ropa,597.48,75,1837.29,43.1,Julio,6374.61,alta
Ropa,1654.82,440,1377.16,12.8,Noviembre,41024.89,alta
Deportes,1100.41,34,4368.64,21.3,Octubre,31098.01,alta
Ropa,1999.98,152,3307.88,18.7,Marzo,7762.99,alta
Deportes,1289.91,8,4946.44,13.8,Febrero,11626.44,alta
Tecnologia,1990.17,446,790.41,15.9,Diciembre,39235.48,alta
Ropa,1612.96,9,465.91,21.6,Enero,27597.97,alta
Deportes,,99,1784.04,27.8,Octubre,11984.6,alta
Hogar,1729.07,325,2814.53,1.0,Noviembre,15184.85,alta
Ropa,,469,3214.44,35.0,Noviembre,10561.12,alta
Hogar,288.8,205,,1.8,Agosto,6006.59,alta
Deportes,1587.52,406,3174.97,38.7,Marzo,8532.23,alta
Ropa,989.93,469,932.82,24.7,Abril,9962.22,alta
Alimentos,1917.77,317,1146.21,49.2,Marzo,46107.09,alta
Ropa,1712.76,202,3645.72,21.3,Noviembre,33400.12,alta
Ropa,946.71,199,4337.7,48.6,Junio,7606.5,alta
Deportes,1166.1,494,4523.19,11.0,Enero,7070.61,alta
Alimentos,1688.51,154,,10.5,Enero,12537.4,alta
Ropa,199.74,31,1915.37,32.8,Mayo,2595.97,media
Ropa,1253.3,133,1401.07,0.7,Noviembre,33802.12,alta
Tecnologia,1758.61,194,4355.65,0.9,Enero,9406.68,alta
Deportes,1104.28,151,332.71,13.3,Diciembre,21673.92,alta
Ropa,299.09,52,,21.7,Octubre,9786.18,alta
Ropa,177.29,480,225.11,40.8,Marzo,5422.6,alta
Ropa,927.39,483,,35.4,Octubre,15406.67,alta
Deportes,452.47,239,222.38,2.3,Marzo,10826.72,alta
Hogar,410.39,96,2986.6,38.7,Julio,4064.3,media
Deportes,1193.55,361,4624.21,36.9,Junio,32988.4,alta
Deportes,1897.42,285,2310.86,0.4,Marzo,56392.01,alta
Hogar,986.18,429,1136.96,13.2,Agosto,27258.6,alta
Ropa,1945.46,280,1547.39,0.1,Enero,48164.3,alta
Alimentos,34.13,22,1229.49,35.5,Diciembre,613.33,baja
Ropa,845.12,251,,28.5,Febrero,20349.49,alta
Tecnologia,311.36,485,,8.3,Mayo,12809.82,alta
Ropa,1838.3,14,2216.59,35.8,Abril,16604.08,alta
Deportes,951.0,271,4785.46,18.4,Abril,13418.66,alta
ropa,,129,1557.34,15.8,Enero,50916.29,alta
Alimentos,824.91,183,1687.05,4.4,Mayo,7865.56,alta
Hogar,1522.71,222,2393.84,26.7,Septiembre,19091.01,alta
Hogar,,258,3519.93,8.5,Mayo,41274.35,alta
Hogar,16.63,266,3260.42,6.5,Diciembre,3329.4,media
Hogar,843.0,289,4170.39,12.0,Febrero,23073.67,alta
Ropa,905.69,273,,10.8,Mayo,15160.22,alta
Alimentos,944.76,19,4645.09,19.3,Mayo,16538.78,alta
Hogar,964.48,84,4401.46,34.6,Noviembre,24157.17,alta
Alimentos,908.75,445,2250.98,46.9,Octubre,27763.94,alta
Ropa,1285.88,47,1399.01,44.8,Mayo,25980.57,alta
Hogar,,130,3029.35,34.5,Abril,13563.87,alta
Tecnologia,1025.73,144,4073.09,44.0,Mayo,12712.79,alta
Deportes,1279.14,483,4089.44,5.3,Abril,31968.01,alta
Hogar,425.41,71,3565.88,29.4,Abril,6814.12,alta
Deportes,930.94,330,2870.37,38.5,Febrero,16816.0,alta
Tecnologia,90.98,253,4401.39,34.8,Marzo,4707.29,media
Deportes,1606.95,314,663.72,49.4,Septiembre,33684.18,alta
Ropa,1787.29,439,546.46,1.4,Mayo,44268.55,alta
Hogar,780.03,238,2937.58,13.6,Abril,22388.01,alta
Ropa,1241.9,265,2671.21,17.3,Febrero,21304.86,alta
Alimentos,225.65,185,191.41,48.7,Febrero,139705.50658137223,media
Hogar,966.35,78,1317.67,1.8,Enero,15654.75,alta
Hogar,1665.01,424,4383.88,50.0,Julio,28456.31,alta
Ropa,484.29,271,2746.84,12.4,Noviembre,3825.06,media
Alimentos,1426.05,244,3369.28,1.7,Agosto,19806.8,alta
Hogar,327.08,492,4406.83,29.6,Febrero,8499.75,alta
Ropa,1883.42,399,1173.27,10.5,Noviembre,22544.01,alta
Alimentos,155.88,5,3198.03,19.5,Diciembre,6597.79,alta
Hogar,,496,4702.33,49.5,Abril,6571.75,alta
Tecnologia,1577.66,353,3496.96,6.8,Febrero,32000.9,alta
Hogar,1059.57,8,2622.79,29.5,Marzo,33451.31,alta
Alimentos,1550.28,72,,35.4,Marzo,10956.93,alta
Deportes,368.9,30,4164.83,0.4,Diciembre,10135.74,alta
Ropa,241.98,213,3009.08,25.8,Febrero,7336.64,alta
Tecnologia,,217,,42.5,Agosto,13886.7,alta
Hogar,1959.39,427,30.49,19.2,Marzo,19928.14,alta
Hogar,604.95,249,,16.5,Diciembre,4308.03,media
Tecnologia,999.41,477,3918.09,3.6,Octubre,31013.2,alta
Alimentos,732.55,46,1289.75,39.7,Marzo,17565.06,alta
Ropa,389.12,319,2637.86,49.5,Julio,7153.15,alta
Alimentos,1083.86,107,475.01,25.7,Noviembre,175268.93886997708,alta
Ropa,297.05,221,4777.16,0.4,Agosto,10855.12,alta
Alimentos,971.92,461,4161.07,13.5,Julio,9646.83,alta
Deportes,37.82,28,2593.03,24.5,Junio,2152.67,media
Ropa,1164.84,84,4574.87,29.2,Julio,10423.56,alta
Tecnologia,,80,3967.65,26.2,Febrero,28189.73,alta
Tecnologia,902.36,282,1333.28,36.8,Agosto,24881.37,alta
Ropa,1782.1,165,4211.94,26.4,Junio,21242.26,alta
Hogar,1268.89,45,2872.08,41.4,Julio,35103.17,alta
Ropa,1699.49,192,1711.45,46.7,Agosto,36740.69,alta
Ropa,1395.42,312,2093.57,10.9,Enero,18303.33,alta
Hogar,,47,3781.17,8.0,Abril,138911.30427946534,alta
Alimentos,339.1,300,4729.22,34.3,Diciembre,13995.61,alta
Ropa,459.18,464,635.98,40.8,Octubre,7179.38,alta
Hogar,882.7,111,4849.94,45.4,Marzo,25553.77,alta
Deportes,763.86,74,,14.2,Abril,5124.31,alta
Alimentos,1189.14,119,3402.34,2.9,Enero,7897.71,alta
Ropa,1832.9,405,,42.8,Marzo,29905.44,alta
Tecnologia,1450.28,274,479.72,12.9,Noviembre,18259.67,alta
Hogar,1630.14,323,4206.69,3.1,Abril,37687.93,alta
Alimentos,793.95,371,3250.73,44.5,Agosto,24459.42,alta
Tecnologia,595.25,46,914.63,18.5,Julio,12738.89,alta
Tecnologia,1882.74,319,4706.05,12.6,Diciembre,55630.82,alta
Alimentos,89.36,253,3015.47,14.5,Febrero,5197.56,alta
Deportes,,191,3332.44,49.7,Julio,20001.83,alta
Hogar,842.59,151,1074.41,25.1,Febrero,19294.18,alta
Alimentos,,100,4117.86,24.1,Noviembre,12525.95,alta
Ropa,919.63,268,2706.12,13.5,Mayo,27340.37,alta
Alimentos,1525.37,270,2665.94,38.1,Octubre,17427.1,alta
Alimentos,1174.41,182,1885.19,17.1,Febrero,22986.56,alta
Deportes,,309,1913.5,26.3,Diciembre,13840.25,alta
Alimentos,959.06,29,3976.67,3.1,Julio,11362.29,alta
Alimentos,935.92,361,4776.44,4.0,Junio,19033.97,alta
Tecnologia,28.85,397,4739.34,46.2,Septiembre,4478.33,media
Ropa,1469.5,297,4391.67,47.9,Junio,39783.28,alta
Alimentos,867.51,387,1846.68,21.8,Marzo,15601.36,alta
Deportes,1934.47,85,3631.07,19.6,Junio,10257.62,alta
Hogar,1221.1,250,1929.22,7.8,Abril,7824.06,alta
Deportes,1249.65,185,4226.92,15.0,Agosto,25060.14,alta
Tecnologia,1168.04,244,229.54,44.4,Noviembre,3586.2,media
Deportes,390.19,86,1001.33,17.0,Abril,2689.53,media
Ropa,,179,4366.86,39.5,Septiembre,26800.31,alta
Deportes,1044.03,423,,43.4,Marzo,11514.05,alta
Deportes,,127,,6.6,Marzo,14929.76,alta
Deportes,1561.55,190,2462.29,8.5,Julio,36358.21,alta
Hogar,1600.86,439,1841.73,3.1,Julio,5696.15,alta
Ropa,724.82,69,2144.12,23.2,Febrero,130183.23648883964,media
Hogar,446.95,36,4460.88,35.7,Diciembre,15528.21,alta
Alimentos,834.95,44,553.73,26.9,Diciembre,13170.21,alta
Alimentos,1178.2,477,,28.3,Agosto,18183.14,alta
HOGAR,1572.52,100,4437.44,46.6,Octubre,39595.2,alta
Hogar,,434,,32.0,Diciembre,3898.31,media
Deportes,243.63,482,2631.75,44.9,Julio,5407.02,alta
Alimentos,1676.75,497,2317.84,3.4,Julio,221564.56710466417,alta
Tecnologia,309.11,289,2049.16,44.0,Abril,3582.92,media
Tecnologia,70.38,352,1156.36,14.8,Diciembre,3589.33,media
Deportes,1169.84,95,745.58,37.8,Mayo,12331.9,alta
TECNOLOGIA,953.42,304,742.11,3.6,Febrero,18673.46,alta
Tecnologia,1488.25,257,4137.84,47.5,Noviembre,165176.185751542,alta
Tecnologia,862.92,485,4613.71,4.9,Septiembre,14527.27,alta
Hogar,1858.55,21,1975.22,41.0,Febrero,17044.39,alta
Ropa,768.34,440,2442.34,27.6,Enero,203678.4845540646,alta
Deportes,363.85,457,4273.47,49.4,Mayo,9925.9,alta
Alimentos,1507.4,149,1715.98,4.8,Marzo,34271.28,alta
Ropa,343.78,278,4385.78,19.7,Junio,4811.91,media
Alimentos,479.83,341,2769.86,8.8,Enero,8361.43,alta
Hogar,26.45,321,2582.15,11.1,Enero,3537.99,media
Tecnologia,,163,3078.51,43.8,Mayo,3041.95,media
Alimentos,1239.22,19,2371.1,28.7,Febrero,10602.53,alta
Hogar,,316,4716.62,7.5,Mayo,8965.14,alta
Deportes,887.81,456,2036.18,4.5,Octubre,201905.87686350453,alta
Ropa,1476.35,252,2469.59,6.9,Diciembre,7292.96,alta
Alimentos,43.98,69,4360.52,33.5,Agosto,3273.8,media
Alimentos,91.27,441,1330.59,36.1,Febrero,2125.34,media
Alimentos,835.96,210,26.06,6.3,Septiembre,9018.85,alta
Tecnologia,449.37,395,,26.8,Febrero,8520.02,alta
Alimentos,621.06,406,3239.3,19.6,Junio,18852.27,alta
Deportes,1008.96,269,2239.96,26.0,Agosto,8263.31,alta
Hogar,1036.86,54,,13.8,Julio,4980.66,media
Hogar,82.09,160,115.91,38.5,Junio,287.02,baja
Hogar,1328.01,181,640.86,42.0,Abril,4786.01,media
Alimentos,966.38,259,275.23,6.0,Febrero,6138.0,alta
Ropa,1982.96,346,4242.36,28.9,Enero,39563.45,alta
Hogar,1044.57,170,4265.21,43.7,Marzo,17403.76,alta
Hogar,56.66,495,2462.85,19.0,Febrero,4571.42,media
Ropa,126.15,194,1655.36,47.7,Diciembre,2925.17,media
Tecnologia,596.87,241,1612.16,2.1,Abril,7002.61,alta
Hogar,721.22,498,1651.9,46.4,Diciembre,13990.51,alta
ropa,,429,4947.25,20.2,Enero,34216.62,alta
Ropa,529.03,332,4347.75,42.5,Noviembre,7109.03,alta
Alimentos,666.92,49,4210.69,25.5,Febrero,15550.94,alta
Ropa,1906.36,384,1606.73,3.9,Septiembre,30732.4,alta
Tecnologia,818.86,45,2107.98,0.3,Febrero,11752.23,alta
Alimentos,1631.55,227,2155.83,20.7,Julio,23419.83,alta
Hogar,37.16,465,4979.66,0.8,Febrero,5238.65,alta
Ropa,1055.53,396,870.77,28.7,Agosto,23297.24,alta
Deportes,367.31,462,4618.74,33.6,Mayo,13674.92,alta
Alimentos,,111,4896.24,36.6,Noviembre,28720.42,alta
Hogar,803.09,376,3010.73,25.3,Diciembre,21046.83,alta
Hogar,,46,26.37,21.1,Noviembre,7434.81,alta
DEPORTES,1479.06,423,836.52,0.5,Noviembre,41496.67,alta
Tecnologia,1854.97,274,1765.71,11.1,Mayo,36325.21,alta
Hogar,1880.96,380,2017.0,28.6,Marzo,48456.5,alta
Hogar,387.26,35,3934.69,40.3,Mayo,8669.62,alta
Tecnologia,1760.02,89,3554.97,7.0,Julio,16480.02,alta
TECNOLOGIA,677.12,373,1992.84,49.3,Marzo,4383.32,media
Deportes,208.69,282,934.16,12.5,Mayo,6337.02,alta
Hogar,725.42,191,,30.7,Agosto,13568.83,alta
Hogar,1868.93,7,1860.03,49.3,Marzo,41502.3,alta
Ropa,1240.63,129,1510.55,36.1,Diciembre,6395.31,alta
Ropa,,226,1151.28,35.5,Agosto,10829.14,alta
Tecnologia,1326.25,7,3936.86,7.9,Marzo,16010.78,alta
Alimentos,1286.54,484,,26.6,Septiembre,41294.48,alta
Tecnologia,927.93,325,2918.86,24.3,Diciembre,25211.26,alta
Hogar,932.08,226,3596.92,10.0,Mayo,17559.5,alta
Hogar,285.22,364,2486.32,27.6,Agosto,145247.4356211046,alta
Tecnologia,1716.1,355,4233.02,3.8,Febrero,44385.6,alta
Ropa,795.04,181,,25.9,Febrero,20298.5,alta
Tecnologia,1491.04,398,1347.34,6.7,Octubre,12532.39,alta
Alimentos,1476.3,28,994.66,20.8,Agosto,21623.18,alta
Deportes,923.67,62,4849.25,45.6,Septiembre,18185.22,alta
Hogar,666.0,81,,41.9,Marzo,4973.95,media
Ropa,1895.59,54,31.89,11.2,Enero,54695.74,alta
Tecnologia,725.11,354,4584.9,27.4,Enero,25391.39,alta
Tecnologia,44.65,254,1872.54,17.6,Septiembre,3564.56,media
Tecnologia,454.27,467,2155.62,5.0,Septiembre,14066.35,alta
Tecnologia,1301.01,472,2485.24,30.5,Julio,21866.78,alta
Deportes,1499.41,70,254.26,43.9,Diciembre,24573.76,alta
Tecnologia,1972.42,436,3552.69,42.4,Julio,14101.91,alta
Deportes,1006.98,135,4681.4,30.8,Septiembre,15484.13,alta
Hogar,1419.21,147,3667.74,38.2,Agosto,13623.54,alta
Hogar,769.42,219,3815.51,35.4,Enero,22301.61,alta
Hogar,141.19,149,2809.67,11.7,Agosto,4538.22,media
Deportes,1626.5,403,500.7,41.5,Julio,4939.44,media
Tecnologia,485.05,401,3804.64,12.2,Agosto,15094.96,alta
Tecnologia,1401.56,316,2562.73,34.0,Enero,10357.88,alta
Hogar,1463.18,322,4863.29,20.0,Octubre,9328.05,alta
Deportes,1371.12,214,1668.24,35.3,Diciembre,19887.33,alta
Hogar,1098.16,257,4332.08,0.3,Junio,9370.14,alta
ropa,239.81,21,3525.74,20.2,Mayo,8309.51,alta
Alimentos,710.69,448,674.32,34.2,Septiembre,10286.14,alta
Tecnologia,1923.63,403,428.34,2.9,Enero,147532.01553043412,alta
Deportes,528.93,348,82.37,16.2,Enero,3298.31,media
Alimentos,226.89,177,824.16,45.8,Mayo,2837.54,media
Tecnologia,533.81,151,4720.51,20.9,Marzo,10320.89,alta
Ropa,465.99,317,,32.4,Marzo,3299.12,media
Tecnologia,1535.42,68,3551.61,32.5,Abril,13556.66,alta
Ropa,83.56,148,1809.84,46.1,Agosto,2373.83,media
Tecnologia,746.94,484,3723.8,19.3,Agosto,8312.41,alta
Hogar,592.98,189,668.71,31.1,Mayo,13298.36,alta
Hogar,1220.13,465,520.7,21.0,Diciembre,23929.56,alta
Hogar,602.05,28,1737.05,15.3,Marzo,7947.52,alta
Hogar,406.46,31,293.05,45.6,Mayo,3819.31,media
Deportes,672.02,375,2116.13,19.9,Noviembre,13009.17,alta
Deportes,1923.05,402,512.24,26.6,Agosto,15677.07,alta
Tecnologia,628.98,110,3336.02,26.3,Marzo,6680.72,alta
Ropa,1710.34,407,3843.93,22.5,Octubre,9921.54,alta
Ropa,440.82,405,1916.77,16.8,Febrero,10708.3,alta
Ropa,648.18,263,2338.38,6.6,Septiembre,15861.54,alta
Alimentos,483.77,498,1371.6,12.9,Diciembre,9555.36,alta
Tecnologia,1313.84,358,,25.2,Mayo,18044.29,alta
Ropa,1680.42,77,,22.4,Noviembre,40993.67,alta
Tecnologia,1685.78,81,4661.19,40.0,Febrero,25715.95,alta
Hogar,715.96,466,1439.86,39.5,Marzo,20575.5,alta
Ropa,1072.57,213,2892.67,19.1,Enero,19165.61,alta
Alimentos,1525.89,274,4337.99,2.3,Agosto,39524.7,alta
Tecnologia,681.57,341,3982.87,22.0,Septiembre,5867.96,alta
Alimentos,1158.19,24,2904.25,34.2,Agosto,35557.37,alta
Hogar,1857.58,468,1424.83,40.6,Octubre,7252.83,alta
Ropa,1745.35,47,4036.58,26.3,Diciembre,49575.65,alta
Ropa,17.65,459,,38.2,Mayo,4225.13,media
Tecnologia,1723.15,120,767.96,36.6,Mayo,49229.73,alta
Tecnologia,308.12,129,,33.7,Febrero,2037.82,media
Tecnologia,1531.34,81,985.71,40.4,Noviembre,4743.45,media
Alimentos,1435.95,60,3767.46,36.7,Abril,25354.5,alta
Tecnologia,1663.97,35,3025.86,20.6,Mayo,38989.18,alta
Deportes,87.59,185,,44.1,Junio,4265.8,media
Tecnologia,113.95,9,,5.6,Enero,2926.64,media
Ropa,728.67,64,1930.07,11.7,Mayo,11810.77,alta
Alimentos,,421,4938.14,40.1,Julio,29965.71,alta
Alimentos,,128,3062.3,21.9,Mayo,25287.21,alta
Tecnologia,,315,2157.59,18.8,Febrero,12177.89,alta
Tecnologia,948.25,292,4627.75,34.3,Julio,6503.4,alta
Tecnologia,171.85,464,3620.73,30.1,Julio,7270.59,alta
Hogar,1960.73,252,4735.64,4.6,Julio,46129.28,alta
Tecnologia,423.59,22,3756.01,42.9,Octubre,12527.75,alta
Deportes,1911.37,73,254.23,2.4,Junio,8834.42,alta
Ropa,1455.96,369,1582.77,41.5,Marzo,26072.84,alta
Hogar,38.92,359,2836.35,12.0,Julio,3710.7,media
Ropa,1825.77,34,4301.21,37.6,Diciembre,56987.54,alta
Deportes,,205,4530.79,11.0,Diciembre,29644.88,alta
Ropa,1068.21,431,4461.26,32.6,Junio,18776.93,alta
Deportes,,186,1543.42,30.9,Junio,7461.53,alta
Ropa,1391.38,278,1780.51,29.0,Julio,39781.43,alta
Ropa,74.94,438,2244.65,40.7,Abril,3016.68,media
Alimentos,1432.97,139,4581.06,28.5,Marzo,20442.73,alta
Alimentos,1479.55,413,3603.97,39.1,Junio,26690.52,alta
Hogar,1819.27,274,330.21,25.4,Noviembre,7142.04,alta
Tecnologia,1613.98,393,4864.2,42.9,Julio,10174.17,alta
Tecnologia,1776.69,315,240.39,14.3,Julio,24541.3,alta
Tecnologia,855.11,301,3841.98,37.9,Abril,12091.25,alta
Alimentos,1762.85,483,4430.38,36.1,Septiembre,24700.33,alta
Ropa,,379,95.55,35.6,Mayo,13925.6,alta
Alimentos,882.68,187,2954.41,37.2,Febrero,18779.39,alta
Tecnologia,486.24,379,2305.1,18.1,Agosto,3730.27,media
Tecnologia,1914.87,308,2605.43,4.3,Enero,27277.21,alta
tecnologia,1932.04,391,4690.04,25.8,Agosto,31860.65,alta
Hogar,248.42,209,4948.02,13.8,Abril,10595.57,alta
Alimentos,1056.42,414,3140.78,49.0,Junio,6708.25,alta
Deportes,346.69,283,1884.43,18.5,Enero,9085.95,alta
Hogar,75.65,78,4701.38,36.7,Septiembre,3947.07,media
Alimentos,1865.28,437,63.18,34.5,Abril,13984.02,alta
Tecnologia,84.52,471,1606.79,20.3,Abril,2607.96,media
Ropa,1518.08,43,2285.88,37.6,Agosto,6122.7,alta
Ropa,387.6,249,2903.05,37.3,Febrero,6072.55,alta
Alimentos,1900.63,218,2354.83,27.6,Julio,50606.26,alta
Deportes,1374.17,5,3869.11,45.0,Marzo,31297.57,alta
Hogar,1042.99,428,4662.43,4.5,Agosto,28802.5,alta
Hogar,338.84,348,3562.56,15.5,Enero,4688.65,media
Tecnologia,486.95,233,4643.54,38.6,Junio,17239.36,alta
Deportes,44.26,410,3876.78,4.1,Junio,5196.21,alta
Tecnologia,664.71,349,2618.26,9.1,Agosto,12427.49,alta
Hogar,1583.1,389,3636.49,1.4,Mayo,19313.36,alta
Hogar,1347.51,74,4146.27,23.8,Abril,39588.13,alta
Deportes,105.76,406,3029.49,27.8,Octubre,4752.86,media
Ropa,90.5,221,3273.33,24.0,Mayo,5329.27,alta
Tecnologia,1374.77,479,2214.37,3.9,Octubre,32855.41,alta
Hogar,1166.28,416,1392.7,18.0,Julio,8444.55,alta
Tecnologia,720.7,180,1575.85,19.7,Octubre,17948.68,alta
Tecnologia,1565.23,161,219.32,4.9,Febrero,24766.14,alta
Hogar,1429.65,149,187.86,5.5,Septiembre,27071.24,alta
Deportes,1586.48,237,4702.97,36.2,Marzo,44216.42,alta
Ropa,1052.91,217,3184.32,26.6,Diciembre,33679.38,alta
Tecnologia,,192,916.85,5.2,Marzo,13642.46,alta
Alimentos,1664.61,486,1430.21,39.7,Enero,35535.24,alta
Hogar,1898.15,261,3098.77,22.6,Marzo,38091.04,alta
Tecnologia,1459.0,94,,11.7,Enero,28605.36,alta
Alimentos,1029.13,30,4727.38,15.7,Abril,22482.27,alta
Ropa,1244.82,6,3429.33,1.5,Marzo,25121.64,alta
Alimentos,1833.64,488,3139.68,31.0,Noviembre,8633.77,alta
Tecnologia,1196.47,493,1245.5,6.6,Julio,34009.34,alta
Alimentos,1837.95,231,2610.99,28.0,Febrero,38635.38,alta
Ropa,129.5,211,2049.28,0.3,Septiembre,3903.88,media
Tecnologia,1396.63,171,2067.1,22.6,Mayo,27520.73,alta
Tecnologia,1278.05,488,2928.22,14.8,Noviembre,22444.61,alta
Alimentos,1515.89,270,4180.81,3.3,Agosto,33443.98,alta
Alimentos,306.25,390,,12.6,Mayo,3083.46,media
Alimentos,885.87,111,3083.86,9.5,Abril,25999.81,alta
Tecnologia,457.52,284,,35.1,Noviembre,13091.92,alta
Deportes,953.31,350,2448.58,13.7,Septiembre,18250.68,alta
Alimentos,1222.44,380,1659.21,25.5,Septiembre,22449.26,alta
Ropa,1354.5,110,2890.95,42.3,Noviembre,21229.91,alta
Deportes,19.4,302,823.7,8.6,Octubre,1122.65,baja
Hogar,1309.07,375,922.02,20.8,Octubre,23798.82,alta
Deportes,1479.64,403,3147.46,9.4,Agosto,13784.14,alta
Ropa,348.27,366,1926.07,44.6,Septiembre,9347.5,alta
Hogar,1911.61,499,,27.7,Enero,9551.33,alta
Hogar,701.99,457,1820.61,11.3,Junio,18926.35,alta
Alimentos,1611.87,220,1626.4,6.4,Febrero,14665.84,alta
Hogar,1977.07,451,4649.72,3.2,Julio,13886.34,alta
Tecnologia,931.48,75,3930.48,24.3,Junio,10321.18,alta
Ropa,1759.21,52,2857.41,33.6,Enero,16844.46,alta
Hogar,1827.43,56,3122.84,15.4,Mayo,16198.15,alta
Alimentos,1272.12,368,3060.26,38.8,Mayo,34681.3,alta
Deportes,1996.43,255,1724.35,39.9,Junio,41036.17,alta
Deportes,1185.29,463,3935.41,38.6,Febrero,10782.34,alta
Hogar,664.48,291,3301.53,15.2,Junio,17762.49,alta
Tecnologia,1210.6,182,567.37,4.4,Diciembre,21932.78,alta
Ropa,1707.14,221,3876.2,42.5,Agosto,17603.56,alta
Deportes,1704.25,245,570.87,45.0,Junio,26713.73,alta
Hogar,304.92,74,154.91,34.4,Diciembre,2402.84,media
Tecnologia,524.93,476,2182.61,15.0,Mayo,16005.9,alta
Alimentos,945.34,456,3621.23,43.6,Marzo,21562.71,alta
Ropa,,284,2779.86,10.8,Octubre,22178.01,alta
Ropa,,158,2025.83,47.6,Septiembre,32509.63,alta
Ropa,1669.77,462,2631.41,3.7,Diciembre,32704.71,alta
Alimentos,133.45,93,493.27,10.9,Febrero,2341.68,media
Deportes,398.34,45,2840.49,27.4,Abril,5147.26,alta
Tecnologia,873.09,356,3970.46,41.3,Noviembre,10818.92,alta
Tecnologia,571.23,82,3469.26,2.2,Abril,8593.06,alta
Alimentos,656.45,263,1310.03,20.7,Julio,18913.52,alta
Ropa,,343,614.25,33.5,Diciembre,31031.34,alta
Ropa,1080.17,364,1358.16,35.9,Enero,16652.28,alta
Alimentos,,324,,2.3,Octubre,24715.9,alta
Ropa,933.07,126,1115.5,6.3,Mayo,5104.22,alta
Ropa,1813.76,489,1241.71,45.2,Febrero,44651.22,alta
Hogar,321.82,347,,31.0,Enero,7376.36,alta
Tecnologia,802.31,57,215.41,25.3,Diciembre,2922.73,media
Alimentos,200.07,74,3654.85,3.5,Septiembre,6748.07,alta
Alimentos,,325,2496.72,20.9,Junio,9326.5,alta
Ropa,1094.18,312,,41.0,Diciembre,16466.69,alta
Deportes,1211.99,92,2692.41,34.0,Julio,24453.84,alta
Deportes,41.71,5,4716.07,32.8,Noviembre,4303.21,media
Deportes,744.77,246,3900.54,16.3,Agosto,9194.72,alta
Alimentos,145.85,447,,2.0,Marzo,5249.8,alta
Alimentos,977.95,290,11.74,7.1,Marzo,25119.7,alta
Deportes,908.32,49,1425.34,20.1,Septiembre,13657.39,alta
Deportes,397.25,323,250.09,38.6,Diciembre,6580.07,alta
Ropa,1288.78,229,2641.46,19.6,Julio,26487.06,alta
Alimentos,1779.62,78,835.83,13.4,Julio,31380.7,alta
Alimentos,1690.1,253,2988.55,21.8,Junio,28365.01,alta
Alimentos,1442.14,436,4488.81,16.1,Noviembre,19410.18,alta
Tecnologia,889.59,150,705.16,39.2,Octubre,163481.20772654036,alta
Tecnologia,822.05,144,3692.13,7.7,Noviembre,7175.39,alta
Deportes,1519.46,361,786.72,23.6,Diciembre,16224.41,alta
Hogar,1138.06,136,4085.24,14.3,Enero,9544.99,alta
Tecnologia,351.94,404,,30.6,Febrero,2370.42,media
Hogar,1360.87,358,2178.73,27.2,Octubre,22831.71,alta
Alimentos,1856.72,440,2640.55,30.8,Junio,9069.19,alta
Alimentos,1016.99,341,3099.51,11.8,Marzo,31162.73,alta
Hogar,416.82,68,3201.92,9.4,Enero,14163.25,alta
Deportes,845.56,67,4787.54,15.2,Julio,17522.28,alta
Hogar,1930.18,296,3125.97,41.9,Diciembre,30851.61,alta
Alimentos,834.72,361,947.34,48.6,Marzo,24290.77,alta
Deportes,1076.58,254,267.15,36.3,Febrero,18463.82,alta
ROPA,155.45,23,2557.88,32.7,Mayo,4972.9,media
Tecnologia,263.66,169,4656.63,7.0,Febrero,10885.05,alta
Alimentos,397.06,167,,44.9,Mayo,9028.41,alta
Deportes,,272,85.96,49.2,Octubre,7321.89,alta
Alimentos,765.87,29,4886.89,24.2,Marzo,25720.86,alta
Alimentos,895.9,79,786.91,23.2,Noviembre,3722.6,media
Hogar,815.54,409,4876.93,20.8,Abril,17725.77,alta
Ropa,771.86,134,2053.63,16.5,Agosto,21702.24,alta
Ropa,137.56,159,1922.58,21.8,Enero,4033.36,media
ROPA,1364.41,350,1172.88,18.5,Julio,6240.0,alta
Ropa,,258,1270.94,16.7,Octubre,15575.96,alta
Alimentos,1420.09,165,3746.15,34.0,Julio,43304.58,alta
Hogar,1714.76,363,3551.9,5.2,Junio,36585.34,alta
Tecnologia,1333.68,486,1167.09,48.6,Abril,29979.74,alta
Alimentos,262.38,441,2391.48,34.2,Noviembre,8230.27,alta
Hogar,1147.28,103,848.22,46.8,Febrero,12589.71,alta
Tecnologia,1379.37,78,4721.39,31.7,Mayo,42898.32,alta
Ropa,1127.81,163,,16.6,Junio,14259.73,alta
Hogar,1894.86,214,3384.11,38.8,Septiembre,37972.9,alta
Alimentos,1705.02,138,636.92,36.1,Junio,7225.54,alta
Tecnologia,1106.71,412,4771.18,38.6,Noviembre,10512.51,alta
Tecnologia,93.94,13,3706.66,0.4,Diciembre,5203.21,alta
Hogar,179.85,272,695.62,28.7,Agosto,4236.32,media
Ropa,1406.89,466,396.79,24.9,Abril,20125.7,alta
Ropa,384.01,24,4772.92,7.6,Diciembre,4882.88,media
Ropa,291.95,9,4667.85,25.5,Agosto,9209.4,alta
Deportes,,313,1369.93,33.9,Mayo,16365.09,alta
Hogar,1482.37,350,4903.82,5.7,Junio,26305.33,alta
Tecnologia,493.36,164,,19.8,Febrero,13090.24,alta
Deportes,632.8,488,28.3,34.3,Julio,17222.52,alta
Alimentos,1331.16,132,66.29,27.3,Junio,4361.57,media
Tecnologia,823.12,372,796.85,24.5,Septiembre,7038.15,alta
Hogar,66.81,310,1399.41,38.7,Noviembre,2729.73,media
Hogar,700.36,374,476.67,35.8,Marzo,9316.26,alta
hogar,803.69,220,1009.16,20.2,Abril,7769.76,alta
Ropa,,390,,22.8,Enero,16887.82,alta
Deportes,1008.5,374,3060.67,17.7,Febrero,15917.98,alta
Hogar,503.96,34,,37.5,Febrero,11722.15,alta
Hogar,556.29,280,1921.3,42.7,Mayo,10545.07,alta
Alimentos,1758.96,94,548.63,31.8,Mayo,38769.02,alta
Ropa,,67,216.96,8.0,Noviembre,10754.41,alta
Tecnologia,1396.97,268,868.05,25.2,Septiembre,11225.76,alta
Alimentos,323.68,415,639.92,3.2,Octubre,4200.82,media
Alimentos,1897.87,61,1795.97,13.7,Febrero,124576.01345995156,alta
Hogar,1060.5,347,256.28,3.3,Febrero,26170.67,alta
Hogar,1285.38,142,2410.73,46.2,Mayo,6938.84,alta
Tecnologia,1810.72,69,3231.08,1.9,Octubre,51819.56,alta
Tecnologia,1136.62,294,245.07,36.5,Junio,27182.98,alta
Tecnologia,526.34,30,973.5,39.2,Agosto,1758.21,media
ropa,1443.72,385,3846.94,36.5,Marzo,15690.25,alta
Tecnologia,1158.6,198,1991.28,29.4,Febrero,16486.16,alta
Hogar,717.7,352,3153.71,40.0,Junio,5547.23,alta
Deportes,1753.32,311,1997.09,18.7,Julio,32952.46,alta
Hogar,1584.8,425,546.89,0.9,Mayo,31417.03,alta
Ropa,856.12,273,4470.16,21.9,Julio,10085.56,alta
Deportes,958.31,98,126.66,14.4,Diciembre,14723.1,alta
Hogar,965.82,381,,17.8,Julio,25868.94,alta
Alimentos,894.11,445,1984.41,11.6,Noviembre,19937.62,alta
Alimentos,1188.03,28,4330.99,11.6,Julio,24425.51,alta
Hogar,1296.23,261,865.27,45.7,Octubre,38619.29,alta
Ropa,1465.06,259,4427.71,31.0,Julio,37335.81,alta
Deportes,1898.6,47,4264.83,18.0,Septiembre,13610.34,alta
Deportes,1713.87,199,1015.11,5.0,Mayo,50013.7,alta
Alimentos,,220,4520.65,23.2,Marzo,38638.56,alta
Alimentos,690.75,305,3029.08,26.3,Enero,21321.23,alta
Hogar,1463.5,305,1874.43,14.5,Mayo,32813.65,alta
Hogar,407.88,54,1434.47,34.7,Mayo,9781.73,alta
Deportes,867.8,287,431.66,17.6,Diciembre,10614.26,alta
Alimentos,1951.51,186,3579.71,14.2,Enero,15362.79,alta
Alimentos,359.69,92,4502.94,18.7,Noviembre,10833.71,alta
Tecnologia,269.46,330,3053.08,21.0,Octubre,5613.15,alta
Hogar,1312.14,452,2460.57,38.2,Octubre,37747.36,alta
Deportes,579.0,172,145.15,11.1,Enero,11637.05,alta
Deportes,1832.68,133,2658.11,30.2,Marzo,46989.7,alta
Hogar,891.37,60,1456.56,26.4,Agosto,13273.38,alta
Deportes,196.89,296,2876.27,21.6,Septiembre,5171.05,alta
Tecnologia,1097.68,146,1057.77,21.7,Abril,7092.28,alta
Hogar,1363.86,312,,47.8,Noviembre,27193.72,alta
Tecnologia,,161,516.88,19.5,Diciembre,32958.08,alta
Alimentos,,340,3211.05,32.7,Abril,4926.64,media
Ropa,1031.93,232,3387.16,16.3,Agosto,26289.99,alta
Alimentos,1084.91,194,1998.29,20.9,Julio,32204.88,alta
Deportes,838.24,451,3806.41,5.4,Febrero,22835.56,alta
ALIMENTOS,1932.08,479,,22.0,Agosto,47091.11,alta
Ropa,1411.12,259,2485.96,26.8,Septiembre,15682.87,alta
Ropa,185.43,165,4663.03,25.4,Abril,7492.25,alta
Hogar,351.78,468,2406.25,5.8,Marzo,6134.66,alta
Alimentos,,120,1989.56,11.0,Febrero,26546.33,alta
Ropa,1693.18,299,3527.35,31.8,Enero,50652.24,alta
Ropa,1002.31,269,1108.75,49.4,Mayo,5741.48,alta
Tecnologia,1836.38,350,4502.46,35.7,Agosto,37601.44,alta
Deportes,13.7,397,3392.09,14.4,Mayo,3659.21,media
Alimentos,1446.16,291,2397.71,37.8,Abril,26578.88,alta
Tecnologia,1862.42,120,3927.67,48.0,Junio,22691.02,alta
Hogar,592.75,357,639.75,3.6,Agosto,10320.48,alta
Tecnologia,513.39,72,4637.48,11.6,Enero,13067.09,alta
Hogar,1602.33,168,3679.92,37.8,Mayo,33946.71,alta
Hogar,665.72,83,643.72,8.5,Octubre,13067.61,alta
Deportes,412.71,471,3451.16,15.8,Marzo,8013.88,alta
Alimentos,1420.33,286,2482.0,23.5,Octubre,12651.46,alta
Tecnologia,1860.22,85,969.45,13.2,Agosto,45005.84,alta
Alimentos,245.62,117,2851.85,26.1,Diciembre,6210.04,alta
Ropa,1723.07,111,4347.5,41.6,Noviembre,29250.03,alta
Tecnologia,826.6,279,949.7,13.5,Julio,22101.93,alta
Ropa,637.37,449,285.29,35.5,Febrero,10238.61,alta
Hogar,833.39,499,335.81,1.8,Septiembre,22377.58,alta
Tecnologia,1435.92,462,4953.22,9.1,Mayo,10480.06,alta
Hogar,1056.94,98,1614.13,22.8,Junio,32990.06,alta
Hogar,570.9,69,3848.7,0.9,Octubre,18339.2,alta
Hogar,1656.1,252,2060.28,39.2,Abril,28964.67,alta
Alimentos,739.93,7,2189.76,37.7,Mayo,8116.16,alta
Deportes,500.74,231,1355.16,16.0,Febrero,15806.63,alta
Hogar,1258.82,396,,2.4,Marzo,38600.1,alta
Alimentos,1437.91,493,1353.49,3.5,Abril,33076.33,alta
Deportes,265.49,457,2676.25,26.0,Febrero,7335.59,alta
DEPORTES,158.35,383,1579.05,10.7,Mayo,3720.3,media
Deportes,346.21,442,4597.32,25.3,Octubre,9730.87,alta
Hogar,162.93,376,1711.1,17.4,Octubre,2227.92,media
Deportes,1308.08,276,1968.63,45.9,Septiembre,6941.96,alta
Tecnologia,1243.11,489,3609.99,8.0,Septiembre,21715.75,alta
Alimentos,908.87,228,1488.05,31.1,Julio,21054.7,alta
Deportes,,124,4649.81,7.0,Noviembre,10181.97,alta
Ropa,425.72,213,4039.71,14.9,Abril,12429.08,alta
Tecnologia,798.92,101,2696.95,39.1,Junio,8085.88,alta
Hogar,1829.21,253,693.4,5.9,Abril,38209.48,alta
Deportes,977.94,27,4531.49,45.6,Febrero,22473.87,alta
Deportes,1631.42,237,,41.5,Abril,21465.58,alta
Alimentos,78.09,26,3437.02,42.3,Octubre,3034.56,media
Deportes,1760.29,97,4842.44,20.7,Abril,48508.15,alta
Hogar,1470.29,245,3378.25,31.8,Marzo,15749.84,alta
Deportes,1963.26,325,2648.08,29.1,Octubre,17902.5,alta
Ropa,379.14,232,87.55,36.1,Mayo,2996.24,media
Alimentos,1593.1,387,,0.5,Abril,30785.7,alta
Ropa,,386,266.78,4.3,Enero,1714.36,media
Alimentos,1944.36,362,4456.95,38.6,Octubre,49988.61,alta
Alimentos,1783.0,35,1743.76,1.9,Agosto,36400.54,alta
Alimentos,1532.97,432,1822.85,27.7,Agosto,19427.58,alta
Ropa,626.17,174,143.42,44.3,Mayo,4441.72,media
Hogar,1580.93,277,3444.04,26.7,Octubre,26241.87,alta
Ropa,1770.91,253,2908.38,46.0,Agosto,38483.26,alta
Alimentos,,431,4690.25,37.6,Enero,46163.94,alta
Deportes,540.93,272,2732.57,30.3,Octubre,18714.89,alta
Tecnologia,53.24,196,4795.58,46.8,Marzo,4973.39,media
Alimentos,1715.89,404,3255.71,44.9,Febrero,12661.38,alta
Tecnologia,,389,2049.08,42.7,Febrero,5443.3,alta
Alimentos,1558.61,478,1803.12,1.0,Agosto,21320.12,alta
Ropa,1728.5,359,4425.78,28.2,Mayo,30396.17,alta
Tecnologia,1429.96,279,2563.25,46.1,Junio,32055.37,alta
Deportes,168.97,178,2682.55,8.4,Enero,5756.41,alta
tecnologia,1557.25,228,2760.58,6.9,Febrero,36787.07,alta
Hogar,,322,3471.63,16.7,Junio,17105.11,alta
Tecnologia,1982.72,190,2696.61,10.3,Abril,48612.48,alta
ropa,1404.21,48,801.69,18.3,Noviembre,31291.18,alta
Tecnologia,96.61,100,4750.72,30.6,Enero,6349.69,alta
Alimentos,1046.71,175,,8.5,Julio,10276.21,alta
Ropa,1806.13,90,,24.9,Mayo,37491.57,alta
Deportes,1306.15,35,827.55,21.9,Noviembre,24205.6,alta
Ropa,627.15,236,2325.91,24.7,Octubre,15412.84,alta
Deportes,1618.05,82,1589.08,22.7,Enero,21352.58,alta
Hogar,467.25,456,4913.53,32.7,Enero,16613.25,alta
Tecnologia,501.79,103,3647.38,6.8,Junio,11390.06,alta
Hogar,568.0,455,593.26,9.1,Abril,3134.61,media
Hogar,1752.32,471,1410.7,40.2,Junio,38237.25,alta
Deportes,1791.61,30,3340.82,13.9,Junio,46834.91,alta
Deportes,524.7,67,433.11,10.6,Febrero,5493.43,alta
Tecnologia,1456.42,424,2460.02,24.9,Abril,35557.83,alta
Ropa,1692.78,164,4063.44,13.8,Enero,28160.06,alta
Alimentos,1522.19,232,2763.35,31.5,Diciembre,24325.36,alta
Tecnologia,1211.3,60,,39.8,Septiembre,6792.3,alta
Deportes,,68,,37.6,Noviembre,14288.56,alta
Hogar,1282.61,83,4679.02,44.5,Marzo,7877.22,alta
Hogar,,209,1877.19,49.3,Septiembre,12447.98,alta
Tecnologia,1328.17,127,4206.86,22.1,Diciembre,11443.98,alta
Alimentos,1829.71,491,3006.89,19.9,Febrero,49453.31,alta
tecnologia,1233.11,446,575.38,28.7,Noviembre,11392.67,alta
Ropa,1057.25,262,3791.6,41.3,Agosto,27791.78,alta
Ropa,1745.13,257,1236.94,21.4,Julio,16827.01,alta
Ropa,,318,3152.38,6.0,Noviembre,11196.32,alta
Hogar,1750.7,316,4942.48,25.8,Abril,8695.82,alta
Ropa,515.33,333,2262.37,41.8,Enero,6659.16,alta
Tecnologia,259.79,320,3189.63,28.5,Junio,6561.36,alta
Alimentos,274.94,56,4543.72,0.9,Mayo,10497.46,alta
Ropa,1388.34,105,,17.2,Febrero,5858.57,alta
Ropa,1567.41,231,3849.26,41.3,Febrero,25814.28,alta
Hogar,858.29,127,2042.08,2.7,Abril,9719.91,alta
Tecnologia,1370.28,250,4260.78,30.7,Junio,40560.01,alta
Tecnologia,323.62,5,3507.6,43.8,Julio,3531.97,media
Tecnologia,979.55,120,2763.39,7.1,Noviembre,12793.93,alta
Alimentos,1566.37,67,2004.24,23.9,Noviembre,23283.0,alta
Tecnologia,1213.41,24,4210.31,8.8,Octubre,14745.04,alta
Alimentos,755.11,143,3029.09,7.0,Septiembre,21588.72,alta
Alimentos,,284,2137.52,7.9,Noviembre,30791.8,alta
Ropa,1420.94,212,3747.56,35.7,Enero,43456.4,alta
Ropa,823.64,46,4313.33,49.2,Noviembre,8059.75,alta
Ropa,125.41,209,805.75,30.3,Febrero,2534.71,media
Hogar,1456.83,164,1899.14,3.1,Junio,12186.91,alta
Ropa,,5,,41.0,Agosto,18656.86,alta
Ropa,441.04,311,3807.99,2.6,Octubre,11651.24,alta
Tecnologia,1495.38,174,2631.83,36.3,Enero,20529.36,alta
ropa,,227,2910.71,9.2,Julio,11407.45,alta
Ropa,234.16,318,280.55,44.0,Enero,5136.89,alta
Tecnologia,1366.51,93,2177.19,36.0,Septiembre,34172.42,alta
Deportes,1216.95,162,3653.24,4.2,Diciembre,24952.77,alta
Alimentos,1947.14,221,4922.35,35.4,Junio,18643.56,alta
Ropa,1944.47,348,4964.36,7.9,Julio,35506.8,alta
Alimentos,730.59,472,1406.21,37.0,Octubre,7126.5,alta
Ropa,1440.33,15,4445.01,12.8,Octubre,31257.51,alta
Hogar,1373.08,186,2962.66,1.3,Junio,24103.34,alta
Alimentos,1080.28,333,830.04,17.1,Enero,5366.02,alta
Tecnologia,649.49,418,2097.41,26.2,Febrero,4828.39,media
Hogar,218.65,83,856.98,35.5,Julio,2923.62,media
HOGAR,1897.24,357,3317.54,38.9,Febrero,36320.14,alta
Deportes,1464.24,152,1291.94,13.1,Febrero,8076.62,alta
Deportes,1351.78,261,,14.0,Junio,41641.59,alta
Deportes,723.1,101,,14.3,Junio,9937.21,alta
Tecnologia,206.99,141,,47.2,Marzo,4198.3,media
Alimentos,988.51,415,1893.41,22.7,Abril,12885.97,alta
Deportes,55.09,434,3207.23,6.6,Agosto,3810.11,media
Hogar,1098.73,444,3480.23,20.6,Noviembre,25221.17,alta
Tecnologia,1060.83,443,3468.26,13.9,Septiembre,21036.82,alta
Alimentos,1252.19,36,3103.22,38.3,Diciembre,20035.66,alta
Hogar,1475.35,128,,15.7,Marzo,12844.81,alta
Alimentos,831.41,60,1599.18,16.1,Enero,18632.8,alta
Hogar,101.6,489,1061.22,28.4,Abril,4733.36,media
Deportes,1722.87,442,3813.76,23.7,Enero,46111.05,alta
Deportes,1699.47,433,,17.9,Agosto,8432.02,alta
Deportes,542.7,466,3927.32,7.5,Septiembre,7131.02,alta
ROPA,515.36,349,2052.09,38.4,Febrero,9351.26,alta
Alimentos,1416.24,236,2791.81,40.4,Junio,30909.67,alta
Tecnologia,1002.46,15,2590.52,36.7,Junio,15531.53,alta
Hogar,1010.45,129,2338.13,18.9,Mayo,27939.54,alta
Deportes,539.86,237,4090.91,10.3,Abril,5396.59,alta
Tecnologia,1247.9,447,2339.34,7.9,Diciembre,37114.63,alta
tecnologia,808.99,57,3573.31,44.6,Noviembre,19264.6,alta
Alimentos,790.52,243,2565.17,27.3,Junio,6351.18,alta
Alimentos,1698.66,268,4190.81,28.8,Septiembre,31731.59,alta
Hogar,1490.78,353,4499.12,28.3,Abril,17991.01,alta
Deportes,165.54,329,2528.88,21.4,Octubre,7016.66,alta
Ropa,254.29,346,,29.7,Marzo,2686.71,media
Ropa,589.28,34,3866.69,36.8,Agosto,7416.17,alta
Deportes,786.94,292,1967.95,8.8,Julio,6697.85,alta
Deportes,,298,3387.76,49.3,Septiembre,26923.37,alta
Tecnologia,144.91,457,3042.46,11.3,Octubre,5674.6,alta
Tecnologia,547.82,367,706.18,7.9,Mayo,14849.94,alta
Ropa,94.98,287,3133.44,26.7,Junio,5089.17,alta
Alimentos,719.84,134,1386.2,17.6,Agosto,21628.83,alta
Tecnologia,1068.13,498,2111.13,1.4,Junio,28671.79,alta
Hogar,450.28,210,,4.3,Marzo,11106.71,alta
Alimentos,1241.95,307,,42.5,Febrero,38044.58,alta
Tecnologia,,327,450.72,49.0,Febrero,32795.54,alta
Alimentos,1648.27,62,48.93,44.6,Abril,41892.05,alta
Deportes,887.83,397,872.54,3.1,Octubre,24071.77,alta
tecnologia,1678.95,245,1721.6,17.5,Septiembre,21087.88,alta
Ropa,1054.59,469,4565.8,10.3,Agosto,19728.49,alta
Alimentos,1303.19,335,2307.93,29.9,Abril,24525.35,alta
Hogar,1369.61,176,4985.76,30.7,Marzo,31892.54,alta
Hogar,1431.88,497,816.8,11.3,Agosto,29050.98,alta
Ropa,263.95,455,3061.84,35.8,Octubre,5739.86,alta
Alimentos,942.74,495,1439.8,4.4,Diciembre,19403.57,alta
Tecnologia,1516.61,179,1114.65,11.8,Marzo,36519.78,alta
Ropa,200.81,180,1431.71,36.9,Marzo,5169.86,alta
Hogar,110.36,60,1707.39,13.3,Enero,3855.34,media
Ropa,697.29,302,1902.04,44.2,Agosto,16997.14,alta
Alimentos,337.52,337,1308.56,17.9,Mayo,6999.75,alta
Alimentos,482.45,258,444.05,27.4,Diciembre,11461.17,alta
Ropa,38.86,47,4426.38,15.6,Marzo,3645.15,media
Alimentos,484.57,98,1356.05,24.1,Noviembre,6818.3,alta
Ropa,889.72,160,4183.54,14.7,Abril,10303.48,alta
Alimentos,943.68,91,3409.85,10.6,Febrero,153101.19715859072,alta
HOGAR,154.38,198,4917.9,20.5,Mayo,4655.59,media
Tecnologia,480.23,134,1605.28,40.8,Septiembre,14263.7,alta
Deportes,1113.94,284,47.88,4.7,Febrero,13167.94,alta
Hogar,369.13,242,4039.06,11.4,Marzo,5599.31,alta
Ropa,159.88,93,44.68,40.0,Junio,3002.89,media
Ropa,,372,4866.93,22.7,Agosto,11054.1,alta
Alimentos,1089.03,206,1032.07,44.5,Septiembre,4498.55,media
Alimentos,1121.74,284,,12.2,Febrero,36072.14,alta
Hogar,1342.69,396,3988.23,15.2,Marzo,28694.33,alta
Deportes,466.9,51,1838.32,23.7,Julio,12188.32,alta
Tecnologia,108.69,261,1711.13,15.0,Junio,4402.24,media
Deportes,1717.49,277,801.7,29.1,Diciembre,23461.41,alta
Tecnologia,,37,3015.07,5.7,Febrero,13420.62,alta
Hogar,1178.95,347,4173.85,26.9,Agosto,23889.91,alta
ROPA,1529.55,499,3723.03,25.5,Julio,8591.78,alta
Hogar,1098.16,327,3515.72,31.2,Octubre,10475.41,alta
Alimentos,73.38,255,2402.86,24.8,Diciembre,3159.95,media
Ropa,1862.14,490,769.65,42.1,Octubre,15918.19,alta
Tecnologia,1485.32,194,2964.13,45.2,Junio,16695.62,alta
Alimentos,608.78,393,2738.35,11.7,Octubre,7192.65,alta
Tecnologia,84.62,208,689.1,41.9,Mayo,2246.67,media
Ropa,1125.89,346,3601.47,38.2,Enero,31158.76,alta
Alimentos,1772.55,77,2622.08,11.1,Noviembre,41072.61,alta
Alimentos,1360.89,461,,18.9,Octubre,5562.26,alta
Deportes,496.85,348,721.63,21.6,Enero,12195.39,alta
Alimentos,570.98,245,2410.71,35.6,Mayo,16691.3,alta
Ropa,352.59,206,2586.55,1.2,Mayo,9136.83,alta
Deportes,1394.61,269,3859.83,39.1,Enero,33635.57,alta
Hogar,891.2,472,1433.1,39.3,Abril,14941.4,alta
Tecnologia,679.79,399,2578.27,7.7,Diciembre,19883.11,alta
Ropa,811.39,458,4988.78,27.3,Julio,24884.43,alta
Ropa,349.27,418,1571.36,15.3,Diciembre,9809.26,alta
Alimentos,1290.74,123,4887.83,2.0,Diciembre,32250.94,alta
Ropa,985.49,416,1492.86,15.4,Octubre,28448.28,alta
Hogar,603.63,213,2526.44,23.2,Febrero,13068.32,alta
Ropa,661.59,282,4747.61,15.8,Diciembre,8248.11,alta
Tecnologia,1925.6,496,4979.43,8.8,Enero,37555.69,alta
Alimentos,1192.14,472,1407.09,18.4,Septiembre,17041.69,alta
Deportes,1836.82,173,315.45,46.0,Julio,24606.13,alta
Ropa,1469.97,279,3025.68,36.5,Junio,31842.38,alta
Ropa,523.89,384,1792.27,16.4,Junio,9240.99,alta
Ropa,1262.15,114,1648.91,2.6,Agosto,24101.29,alta
Hogar,1536.88,435,4664.82,15.3,Agosto,25395.54,alta
Tecnologia,759.36,270,3832.58,26.2,Julio,23529.95,alta
Tecnologia,524.09,401,1425.86,46.6,Noviembre,16752.7,alta
Tecnologia,188.03,241,2822.73,5.6,Noviembre,6117.85,alta
Tecnologia,292.61,260,2241.5,33.2,Octubre,8690.37,alta
Deportes,1871.5,310,,12.1,Febrero,8861.03,alta
Hogar,1813.46,382,881.14,29.4,Julio,29208.82,alta
Deportes,1390.24,211,3732.92,31.3,Abril,21449.5,alta
Hogar,1692.28,306,4421.21,8.3,Febrero,12178.57,alta
Tecnologia,812.08,463,3697.89,21.4,Julio,6448.46,alta
Ropa,553.71,255,3329.58,43.3,Enero,4798.95,media
Ropa,786.45,225,1930.87,27.7,Septiembre,4082.54,media
Tecnologia,1307.97,108,,27.7,Noviembre,26832.29,alta
Tecnologia,,271,1258.23,24.4,Febrero,14549.69,alta
Deportes,,160,481.04,22.7,Julio,29983.6,alta
Hogar,611.66,238,3008.82,34.9,Junio,18422.02,alta
Tecnologia,712.75,203,4890.78,23.0,Abril,15355.28,alta
Tecnologia,856.83,385,,47.5,Septiembre,196397.38705480655,alta
Tecnologia,1436.65,270,3427.7,18.1,Junio,9417.18,alta
Deportes,1377.45,84,2098.82,39.3,Mayo,20017.42,alta
DEPORTES,1969.15,135,196.14,3.8,Marzo,4927.66,media
Hogar,706.32,138,4819.3,27.5,Agosto,15450.4,alta
Alimentos,1502.69,237,2859.44,31.9,Marzo,45858.28,alta
Tecnologia,97.07,442,1414.26,37.8,Octubre,4777.59,media
Alimentos,1509.09,121,1848.5,11.8,Diciembre,155581.0794717234,alta
Alimentos,1175.36,305,4664.99,23.6,Febrero,15046.09,alta
Alimentos,54.89,129,93.94,28.4,Abril,558.39,baja
Deportes,1769.88,412,4996.73,44.8,Abril,35360.2,alta
Alimentos,913.19,76,,12.9,Septiembre,20784.74,alta
Ropa,907.92,314,1447.33,5.7,Octubre,28108.86,alta
Deportes,1063.7,348,3648.1,39.5,Julio,18687.22,alta
Ropa,1697.74,73,4845.96,47.5,Septiembre,19776.14,alta
Deportes,1076.76,117,984.85,27.8,Mayo,15061.75,alta
Ropa,703.1,116,3210.5,14.1,Junio,20018.12,alta
TECNOLOGIA,911.95,9,1293.92,8.2,Enero,23917.55,alta
Alimentos,1790.31,53,4817.85,18.0,Diciembre,44413.22,alta
Deportes,10.43,215,3380.05,38.8,Septiembre,2683.83,media
Alimentos,207.15,436,1900.09,25.6,Septiembre,2731.2,media
Deportes,1240.21,45,1436.05,42.2,Marzo,34594.03,alta
Deportes,1552.49,344,2062.4,32.8,Abril,28123.55,alta
Tecnologia,120.26,470,3611.53,22.9,Febrero,3950.56,media
HOGAR,949.12,275,2721.44,16.2,Mayo,5706.72,alta
Ropa,346.46,381,3979.36,1.6,Agosto,5104.94,alta
Deportes,1923.7,234,4649.91,49.3,Junio,15624.03,alta
Tecnologia,1740.62,488,4569.11,17.7,Febrero,7774.25,alta
Deportes,1469.49,160,3967.5,17.6,Octubre,45119.18,alta
Ropa,,432,1612.36,6.4,Junio,38384.55,alta
Ropa,126.77,152,2602.95,10.5,Junio,2290.59,media
Ropa,600.37,235,3002.8,33.2,Enero,8541.52,alta
Hogar,1913.35,267,704.54,19.9,Junio,9973.81,alta
Hogar,945.17,139,1682.91,3.9,Mayo,23371.91,alta
Alimentos,1627.38,267,812.43,5.1,Julio,31465.55,alta
Alimentos,1048.44,327,1820.93,24.4,Junio,24976.51,alta
Ropa,1325.19,329,2699.56,14.0,Enero,17567.92,alta
Alimentos,1058.64,333,4304.6,36.3,Julio,26536.26,alta
Deportes,,303,,5.2,Abril,8788.0,alta
Tecnologia,869.31,70,3190.23,32.9,Mayo,22555.6,alta
Deportes,1083.25,322,1476.11,14.0,Mayo,24439.42,alta
DEPORTES,1420.84,283,2798.82,23.5,Julio,24607.93,alta
Tecnologia,1181.62,387,3680.49,18.1,Febrero,14508.98,alta
Alimentos,1338.91,327,1474.95,43.6,Diciembre,25663.7,alta
Hogar,411.08,427,2179.29,15.6,Enero,8319.58,alta
Ropa,770.22,235,3270.75,42.4,Octubre,11498.5,alta
Deportes,1729.63,422,3545.31,46.9,Abril,26257.2,alta
Ropa,987.82,90,1442.37,18.7,Noviembre,22338.95,alta
Hogar,45.79,109,110.69,31.1,Julio,911.79,baja
Deportes,440.79,131,3799.97,0.7,Octubre,14069.68,alta
Hogar,794.07,341,816.66,26.3,Noviembre,24529.7,alta
Deportes,1908.73,253,4679.69,43.4,Enero,36319.52,alta
Tecnologia,1265.86,427,905.45,37.6,Junio,11996.51,alta
Hogar,1080.63,393,3577.02,24.5,Abril,28924.41,alta
Deportes,1047.8,332,4669.61,16.9,Octubre,29826.44,alta
Deportes,1520.44,492,,6.7,Septiembre,28327.45,alta
Ropa,1728.54,183,3802.01,7.4,Abril,22196.09,alta
Deportes,1038.82,199,4175.93,29.3,Diciembre,27591.27,alta
DEPORTES,463.23,428,792.29,9.2,Marzo,3905.11,media
Ropa,1204.74,384,750.38,16.8,Enero,6334.2,alta
Deportes,86.53,145,1563.44,24.9,Noviembre,2269.0,media
Alimentos,1870.27,286,2331.9,41.2,Marzo,46699.74,alta
Alimentos,514.82,371,4269.12,23.5,Octubre,6739.54,alta
Deportes,493.59,46,4822.22,3.4,Octubre,14662.59,alta
Ropa,53.97,417,,14.2,Octubre,4107.73,media
Alimentos,625.7,344,2969.06,48.3,Julio,6057.97,alta
Hogar,1022.59,244,3598.57,44.0,Abril,27266.75,alta
Alimentos,1278.98,90,3141.59,18.1,Abril,13285.19,alta
Alimentos,99.88,110,1339.41,32.2,Mayo,1425.62,baja
Ropa,,22,4703.78,33.7,Marzo,19571.9,alta
alimentos,663.79,382,2591.03,30.9,Febrero,5509.86,alta
Alimentos,1666.72,229,1416.47,3.5,Febrero,39760.26,alta
Ropa,411.49,62,,2.9,Agosto,10194.6,alta
Alimentos,87.48,471,4433.68,17.0,Octubre,6708.17,alta
Hogar,165.69,35,3912.09,45.9,Octubre,4157.25,media
Tecnologia,863.37,184,1096.27,4.7,Enero,6189.89,alta
Ropa,1333.52,47,1931.44,25.2,Enero,19484.22,alta
Deportes,582.88,368,2897.03,14.6,Mayo,16703.59,alta
Deportes,185.61,129,3423.06,6.0,Abril,4261.46,media
Tecnologia,1103.35,106,2268.25,7.1,Septiembre,7674.23,alta
Alimentos,516.23,344,2267.46,26.1,Abril,7017.1,alta
Deportes,947.85,102,239.65,44.2,Septiembre,26462.54,alta
Hogar,829.71,122,,26.7,Agosto,20478.0,alta
Tecnologia,1773.15,393,2516.94,47.0,Mayo,25442.35,alta
Deportes,457.9,197,1793.41,33.6,Noviembre,2605.57,media
Alimentos,1596.9,379,316.91,37.2,Septiembre,129396.45982496144,alta
Deportes,1786.46,189,660.12,36.4,Septiembre,18070.75,alta
Ropa,1173.89,11,3366.74,35.5,Febrero,36767.48,alta
Ropa,809.74,202,664.22,21.6,Abril,6399.33,alta
Deportes,648.47,243,864.22,34.6,Septiembre,17473.21,alta
Ropa,169.53,64,1312.1,17.4,Septiembre,5004.87,alta
Deportes,1244.11,197,121.92,35.9,Agosto,24972.03,alta
Deportes,593.5,168,3520.7,40.1,Abril,16408.48,alta
Tecnologia,650.11,323,2120.14,33.4,Mayo,21279.34,alta
Tecnologia,428.3,74,794.59,12.4,Agosto,7189.13,alta
Deportes,1316.43,498,288.56,8.7,Febrero,11721.45,alta
Tecnologia,1456.66,186,4147.64,28.3,Agosto,25530.38,alta
Ropa,1863.22,346,4701.68,4.5,Septiembre,11244.3,alta
Hogar,488.68,465,656.07,28.8,Noviembre,11634.27,alta
ropa,871.3,39,4487.31,31.3,Julio,13678.1,alta
Ropa,,9,749.22,33.9,Noviembre,8799.42,alta
Deportes,740.16,248,2849.86,45.7,Febrero,15209.42,alta
Ropa,1885.3,408,3884.81,25.1,Junio,32837.52,alta
Tecnologia,621.61,40,3258.14,11.9,Abril,9953.28,alta
Ropa,880.19,426,4573.29,11.9,Enero,16968.78,alta
Ropa,1579.76,157,3054.27,17.0,Febrero,13417.92,alta
Tecnologia,900.0,345,4438.35,6.8,Enero,14024.09,alta
Hogar,471.9,194,2115.13,45.9,Julio,10346.59,alta
Deportes,1659.37,445,967.05,27.9,Octubre,43384.38,alta
Ropa,1423.77,238,,24.7,Agosto,28808.29,alta
Deportes,53.8,118,1324.44,37.8,Febrero,1126.43,baja
Ropa,676.91,458,2564.58,1.0,Febrero,22200.16,alta
Hogar,531.22,193,4796.0,48.5,Febrero,14098.58,alta
Deportes,1726.85,161,1499.45,35.9,Diciembre,52405.08,alta
Hogar,1424.12,433,209.17,25.7,Enero,33896.96,alta
Tecnologia,1993.46,188,2349.07,38.0,Febrero,49792.41,alta
tecnologia,669.89,336,1370.89,38.1,Noviembre,16844.04,alta
Alimentos,970.79,318,140.16,32.3,Marzo,8115.05,alta
Ropa,1553.9,437,4555.78,25.7,Enero,35953.44,alta
Ropa,1461.18,410,4747.4,24.9,Septiembre,45848.67,alta
Alimentos,,260,3280.07,15.9,Agosto,52747.36,alta
Ropa,941.93,426,2181.74,16.0,Junio,19734.13,alta
Deportes,432.1,327,681.69,10.0,Enero,2549.06,media
Alimentos,557.06,72,4224.42,10.2,Agosto,11300.34,alta
Alimentos,888.58,480,3881.01,31.0,Julio,21326.17,alta
Ropa,1237.66,389,3660.82,35.7,Febrero,9091.6,alta
Alimentos,,482,4339.84,35.4,Agosto,29073.38,alta
Hogar,119.57,138,4838.28,43.4,Agosto,6700.33,alta
Hogar,1764.75,353,2349.56,13.0,Abril,8754.13,alta
Alimentos,700.45,75,2849.38,40.6,Marzo,12764.34,alta
tecnologia,1620.79,210,2425.71,36.9,Marzo,34483.14,alta
Deportes,1127.55,403,401.04,41.8,Marzo,12682.89,alta
Deportes,539.67,231,3737.49,25.7,Noviembre,17009.98,alta
Alimentos,850.51,5,3367.86,43.1,Noviembre,27463.44,alta
Hogar,287.27,181,4764.12,1.6,Septiembre,10338.21,alta
Tecnologia,820.64,433,3058.68,2.8,Agosto,14670.41,alta
Ropa,1362.04,280,1267.1,29.2,Junio,6202.31,alta
Tecnologia,1603.37,256,3181.16,45.5,Febrero,16219.6,alta
Hogar,1439.31,312,4177.01,48.8,Agosto,14279.92,alta
Tecnologia,164.1,158,1864.06,25.7,Febrero,4954.2,media
Tecnologia,548.96,40,,5.8,Julio,12524.36,alta
Alimentos,483.35,65,450.67,14.7,Abril,12170.73,alta
Tecnologia,362.75,358,3186.5,21.0,Febrero,5083.04,alta
Ropa,1985.7,178,4646.43,45.9,Mayo,43638.9,alta
Alimentos,1403.44,23,4178.2,16.6,Junio,7114.11,alta
Hogar,1098.6,62,4424.37,3.4,Agosto,9833.08,alta
Deportes,1163.66,426,3411.26,7.8,Diciembre,9878.66,alta
Tecnologia,595.64,9,866.63,28.9,Octubre,151619.86658903022,alta
Hogar,809.06,155,4546.44,11.7,Julio,10691.86,alta
Ropa,1548.93,165,120.12,3.2,Diciembre,36399.85,alta
Hogar,1915.83,411,773.75,13.3,Octubre,32254.29,alta
Ropa,,377,2412.74,4.2,Diciembre,9202.06,alta
Ropa,1844.14,342,1748.73,42.5,Enero,35995.23,alta
Deportes,1955.27,312,1132.13,36.3,Junio,32890.18,alta
Hogar,864.0,73,495.02,17.3,Agosto,6985.35,alta
Tecnologia,1718.32,412,734.21,28.6,Agosto,6303.22,alta
Deportes,818.65,18,4907.09,18.0,Diciembre,20143.01,alta
Hogar,1908.17,121,3072.8,39.6,Octubre,14020.3,alta
Ropa,1806.24,209,618.57,13.5,Octubre,37929.47,alta
Ropa,1135.08,360,3945.67,47.1,Enero,30145.43,alta
Tecnologia,655.85,272,1330.16,29.3,Febrero,15673.75,alta
Tecnologia,1191.16,276,3550.95,1.0,Mayo,11020.28,alta
Ropa,276.31,403,1329.73,24.9,Julio,5484.88,alta
Hogar,1282.82,103,847.9,48.6,Mayo,27903.26,alta
Tecnologia,180.47,295,3513.31,30.3,Noviembre,6675.52,alta
Ropa,1940.34,312,2180.3,16.7,Julio,20572.82,alta
Hogar,1367.47,221,,27.0,Diciembre,29059.82,alta
ropa,1965.61,230,3984.5,18.9,Noviembre,29755.83,alta
Deportes,1812.69,136,2036.21,30.4,Julio,39084.28,alta
Deportes,843.72,141,,30.4,Noviembre,18749.2,alta
Ropa,,270,1073.61,33.0,Diciembre,6415.69,alta
Deportes,1794.91,378,3254.27,47.2,Julio,8793.23,alta
Tecnologia,1939.35,103,3493.04,3.0,Marzo,32647.13,alta
Deportes,1858.65,452,3443.22,39.5,Agosto,43469.57,alta
Deportes,,59,1773.55,11.3,Enero,38849.16,alta
Tecnologia,452.94,183,3067.63,46.8,Noviembre,3468.99,media
Alimentos,1321.39,287,1851.85,20.8,Febrero,26956.21,alta
Hogar,1068.52,386,2820.9,11.4,Septiembre,13154.97,alta
Ropa,,252,834.94,30.1,Octubre,29412.6,alta
Alimentos,847.64,419,1762.42,32.0,Octubre,9382.94,alta
Tecnologia,1451.63,299,52.94,8.1,Marzo,34750.66,alta
Deportes,1056.41,494,2827.24,7.8,Diciembre,30802.04,alta
Hogar,434.86,9,871.92,27.4,Octubre,7804.02,alta
Alimentos,473.8,256,,14.6,Noviembre,4404.38,media
Tecnologia,1329.2,251,86.16,45.4,Agosto,20156.55,alta
Hogar,1245.5,35,,37.5,Marzo,9845.56,alta
Hogar,1376.94,119,2491.9,16.1,Noviembre,10183.84,alta
Deportes,511.82,341,2057.53,31.8,Diciembre,7727.66,alta
Hogar,269.99,266,,46.6,Junio,5158.48,alta
Deportes,553.28,231,4167.91,27.3,Febrero,16660.18,alta
Hogar,359.1,329,4871.57,23.6,Febrero,6747.78,alta
hogar,933.71,444,4679.44,44.9,Octubre,21759.58,alta
Deportes,663.87,305,1175.27,32.1,Noviembre,14806.64,alta
Hogar,70.48,442,2773.5,41.2,Enero,3213.92,media
Ropa,572.24,277,1914.93,35.5,Marzo,17201.22,alta
Tecnologia,1822.78,75,3717.97,45.1,Mayo,7623.04,alta
Tecnologia,1755.55,443,4164.96,42.5,Julio,39446.99,alta
Hogar,1445.37,170,2802.87,6.8,Mayo,44435.53,alta
TECNOLOGIA,1439.87,409,4976.09,27.7,Febrero,21334.56,alta
Deportes,796.16,347,983.52,4.3,Septiembre,13734.34,alta
Hogar,61.52,460,139.58,8.8,Noviembre,1712.08,media
Alimentos,1126.85,438,2332.9,36.3,Mayo,10678.93,alta
Deportes,650.3,172,197.39,38.8,Abril,11692.6,alta
Hogar,1355.63,308,2063.94,2.9,Diciembre,35799.35,alta
DEPORTES,704.35,260,2487.1,41.8,Septiembre,7484.89,alta
Tecnologia,1679.53,440,748.11,32.1,Enero,19316.18,alta
Alimentos,499.73,67,3872.97,4.7,Enero,15752.38,alta
Alimentos,1560.68,76,3980.4,31.8,Enero,21761.06,alta
Alimentos,1501.7,256,1182.76,38.8,Diciembre,25275.55,alta
Ropa,210.13,47,1741.4,30.8,Septiembre,2127.18,media
Hogar,,285,611.14,32.4,Septiembre,16785.28,alta
Hogar,533.72,123,2584.94,48.4,Octubre,12763.98,alta
Ropa,1001.59,444,2838.59,36.4,Enero,21842.64,alta
Ropa,1173.85,327,825.55,38.6,Julio,23475.02,alta
Deportes,154.52,12,4228.29,37.0,Marzo,3932.84,media
Hogar,939.59,389,1820.29,32.4,Mayo,14315.95,alta
Hogar,1254.0,481,3742.58,8.8,Julio,37738.12,alta
Alimentos,482.59,386,2759.92,33.0,Diciembre,14055.19,alta
Tecnologia,684.49,295,2418.76,11.0,Diciembre,11227.55,alta
ropa,180.86,312,4491.68,3.8,Abril,4715.91,media
Ropa,199.58,438,4314.0,25.0,Octubre,5457.33,alta
Tecnologia,1690.63,382,3363.53,31.5,Octubre,41587.02,alta
tecnologia,665.52,125,3828.81,9.2,Junio,19368.45,alta
Hogar,1062.14,389,4546.85,1.8,Noviembre,32934.35,alta
Ropa,1958.24,264,754.16,22.3,Junio,28856.65,alta
Deportes,36.39,66,3187.7,8.1,Julio,3336.1,media
Alimentos,277.64,63,588.37,24.5,Junio,7156.32,alta
Alimentos,363.57,324,1314.71,48.4,Octubre,3140.59,media
Tecnologia,1530.27,243,1861.41,8.6,Agosto,37130.67,alta
Deportes,1105.5,243,1775.02,11.6,Noviembre,14302.18,alta
Tecnologia,447.3,170,2056.68,37.4,Agosto,14516.84,alta
Tecnologia,39.71,479,3182.05,41.5,Diciembre,3755.85,media
Tecnologia,1602.27,452,,21.7,Agosto,11344.93,alta
Tecnologia,1091.16,80,4006.05,10.0,Mayo,24908.12,alta
Deportes,1411.04,286,436.77,35.0,Abril,4007.36,media
Deportes,1393.45,222,4507.96,28.2,Agosto,10985.6,alta
Deportes,1099.8,132,2303.47,23.7,Enero,24635.7,alta
Tecnologia,1238.52,138,2863.52,23.3,Julio,36385.91,alta
Hogar,1861.41,304,3396.16,11.7,Febrero,45816.62,alta
Hogar,427.47,180,3038.41,14.5,Noviembre,10542.26,alta
Hogar,52.79,104,235.85,6.5,Marzo,1389.63,baja
Alimentos,1140.01,366,3565.0,4.6,Agosto,19281.33,alta
Ropa,471.45,141,2487.13,27.7,Mayo,7051.74,alta
Hogar,,138,3087.3,20.6,Junio,41234.25,alta
Tecnologia,1508.52,435,3593.47,46.8,Octubre,8477.8,alta
Ropa,1794.71,338,4925.27,20.0,Octubre,56535.75,alta
Tecnologia,693.01,102,1756.0,5.6,Septiembre,11309.53,alta
Alimentos,445.73,237,2467.54,25.8,Junio,8208.6,alta
Ropa,977.67,188,559.82,2.1,Diciembre,21149.61,alta
hogar,1116.94,44,1872.89,38.0,Febrero,26785.25,alta
Tecnologia,1752.52,355,4074.1,31.8,Mayo,37180.59,alta
Alimentos,809.66,249,858.52,12.2,Mayo,22732.53,alta
Alimentos,1315.55,219,2249.43,31.1,Noviembre,38765.52,alta
Alimentos,262.04,377,353.87,26.3,Noviembre,2520.53,media
Ropa,159.39,376,,3.2,Mayo,3174.02,media
Hogar,1501.56,228,437.36,33.0,Enero,37961.28,alta
Ropa,195.41,441,3359.15,4.0,Octubre,4534.71,media
Hogar,1319.61,210,372.72,17.7,Febrero,27410.31,alta
Tecnologia,464.73,367,3607.7,8.3,Abril,15397.79,alta
Ropa,1604.15,487,304.12,14.6,Diciembre,45643.03,alta
Hogar,1992.76,413,3574.49,9.8,Abril,56669.9,alta
Deportes,1591.29,395,4837.51,32.4,Octubre,17474.16,alta
Hogar,,450,92.63,30.1,Agosto,25850.55,alta
TECNOLOGIA,1510.0,422,70.0,48.6,Junio,21940.88,alta
Hogar,163.99,395,3359.03,26.6,Enero,174637.0167535297,alta
Hogar,1244.09,167,1139.29,27.6,Diciembre,35403.76,alta
Tecnologia,396.64,94,841.16,16.8,Junio,3754.92,media
Deportes,1915.35,257,1831.55,47.1,Febrero,47652.66,alta
Ropa,,341,4451.18,36.0,Julio,5984.67,alta
Hogar,535.86,107,883.64,40.2,Mayo,16335.76,alta
Deportes,579.57,16,4209.2,13.5,Agosto,4472.51,media
Deportes,1835.22,42,3945.36,17.1,Septiembre,41486.59,alta
Tecnologia,120.91,64,1876.15,41.5,Agosto,3944.55,media
Alimentos,1396.96,291,989.72,37.1,Noviembre,33219.68,alta
Deportes,396.74,60,3477.48,47.5,Diciembre,7054.78,alta
Tecnologia,1978.73,167,2574.4,0.2,Noviembre,15467.41,alta
Alimentos,1685.82,499,4871.97,11.2,Febrero,13853.54,alta
Alimentos,452.85,179,3875.54,23.1,Noviembre,6255.71,alta
Tecnologia,45.6,262,4551.47,33.0,Octubre,4312.55,media
Hogar,444.98,294,2892.15,12.4,Septiembre,6126.99,alta
Tecnologia,1613.54,444,3106.28,41.9,Enero,21907.79,alta
Tecnologia,311.56,108,1324.83,43.3,Enero,5836.97,alta
Ropa,,373,3262.09,28.8,Marzo,4625.38,media
Alimentos,564.03,299,600.58,33.2,Mayo,5898.43,alta
Hogar,129.76,190,2698.76,25.9,Agosto,5094.13,alta
Hogar,1930.49,122,111.66,48.6,Marzo,41571.17,alta
Hogar,1091.22,10,4101.62,13.5,Enero,19102.02,alta
Alimentos,238.89,59,2862.23,27.0,Marzo,3824.19,media
Hogar,656.07,451,1614.03,28.6,Abril,14143.34,alta
Ropa,1003.06,206,1492.42,15.4,Mayo,22590.89,alta
Tecnologia,861.64,453,2493.49,44.0,Junio,24974.53,alta
HOGAR,384.61,253,841.24,29.9,Junio,7940.93,alta
Alimentos,1772.01,28,2061.29,10.6,Junio,15194.93,alta
Tecnologia,,330,,36.5,Agosto,19141.69,alta
Ropa,1384.7,122,2961.78,20.2,Febrero,31654.86,alta
Tecnologia,733.45,392,2436.38,0.6,Enero,18990.41,alta
Ropa,1887.74,253,,33.3,Noviembre,15298.99,alta
Hogar,266.82,229,753.52,18.5,Febrero,8457.64,alta
Hogar,902.15,371,1577.11,26.5,Agosto,20649.54,alta
Hogar,625.07,92,538.09,43.4,Diciembre,18375.66,alta
Ropa,1229.0,15,2923.28,11.4,Febrero,31522.2,alta
Hogar,,343,871.62,20.8,Abril,13177.05,alta
Ropa,1698.71,489,4983.2,48.0,Julio,12683.14,alta
Hogar,340.42,414,566.19,27.4,Octubre,4434.46,media
Alimentos,1936.24,272,4847.1,2.5,Diciembre,42280.23,alta
Alimentos,969.53,145,1824.26,18.6,Agosto,29134.96,alta
Ropa,725.17,39,1813.83,18.3,Julio,18257.7,alta
Tecnologia,1866.84,179,1470.35,8.1,Diciembre,52135.53,alta
Alimentos,1382.02,15,3332.4,9.2,Diciembre,43637.78,alta
Tecnologia,564.79,43,1373.26,37.4,Septiembre,7708.64,alta
Ropa,658.41,142,2570.84,43.6,Abril,12812.36,alta
Deportes,1770.83,149,2485.27,46.0,Septiembre,43822.47,alta
Ropa,77.89,163,2884.81,13.1,Enero,2738.17,media
Alimentos,1218.01,204,3365.25,12.6,Febrero,37948.39,alta
Alimentos,1504.36,167,2010.6,10.1,Mayo,46837.91,alta
Ropa,655.08,85,2571.28,28.0,Febrero,3718.94,media
Alimentos,1473.1,34,,0.3,Julio,44360.23,alta
Ropa,341.01,398,,24.4,Febrero,131544.84873203418,alta
Hogar,540.33,96,2952.95,28.5,Abril,13344.12,alta
Ropa,1259.01,493,3009.41,11.0,Mayo,36489.74,alta
Deportes,1045.83,230,3114.44,28.0,Marzo,32450.17,alta
Hogar,946.65,284,70.18,48.9,Mayo,4563.23,media
Ropa,692.82,83,4060.62,18.4,Enero,13986.03,alta
Alimentos,1920.61,187,,8.5,Julio,24139.66,alta
Deportes,169.95,77,3854.44,9.4,Diciembre,3338.29,media
Hogar,994.24,161,632.01,24.5,Diciembre,13589.49,alta
Deportes,1871.91,371,4950.44,23.6,Junio,25417.54,alta
Hogar,1967.98,422,75.71,46.1,Diciembre,6008.99,alta
Tecnologia,691.99,167,3836.17,26.6,Enero,7216.79,alta
Ropa,1753.99,17,2219.34,32.3,Febrero,49944.33,alta
Deportes,,287,666.62,0.9,Octubre,4430.63,media
Ropa,1557.16,168,4661.66,47.4,Marzo,8051.63,alta
Tecnologia,247.35,436,2933.73,30.2,Septiembre,9033.69,alta
Ropa,791.54,325,2465.99,29.8,Septiembre,5042.53,alta
Tecnologia,98.86,219,4295.93,25.3,Septiembre,4884.57,media
Hogar,1138.37,188,858.69,27.8,Agosto,11683.28,alta
Alimentos,1161.62,352,1588.6,43.2,Septiembre,11090.61,alta
Ropa,86.6,283,566.63,13.0,Noviembre,1430.79,baja
Ropa,1871.92,224,4772.53,18.1,Junio,22283.64,alta
Tecnologia,1806.38,446,2704.73,25.3,Julio,20992.7,alta
Deportes,1167.03,90,655.86,40.8,Octubre,31721.91,alta
Hogar,400.97,19,,20.1,Octubre,14562.99,alta
Tecnologia,1456.42,424,2460.02,24.9,Abril,35557.83,alta
Deportes,,488,3869.73,39.5,Octubre,13498.07,alta
Tecnologia,1141.16,324,838.27,41.4,Septiembre,161948.61628268653,alta
Tecnologia,87.46,412,4364.53,25.6,Diciembre,4499.83,media
Tecnologia,426.18,487,1682.79,14.9,Marzo,13297.12,alta
Tecnologia,789.01,246,4083.11,17.6,Septiembre,11282.89,alta
Tecnologia,1421.31,371,4098.38,11.9,Noviembre,29311.8,alta
Deportes,125.55,292,347.15,17.3,Junio,3246.81,media
Tecnologia,1462.03,202,4121.25,12.9,Julio,22995.69,alta
Ropa,1831.25,214,4567.09,45.9,Noviembre,30694.92,alta
Alimentos,,72,3831.35,49.0,Mayo,16993.01,alta
Hogar,1243.88,448,4854.34,46.5,Diciembre,10771.91,alta
Ropa,1980.79,337,1403.07,27.8,Abril,49670.29,alta
Ropa,1442.89,414,315.32,37.4,Julio,26491.36,alta
Hogar,1087.31,227,4546.78,45.0,Junio,20679.72,alta
Ropa,893.8,259,,32.0,Noviembre,30298.81,alta
Hogar,581.42,285,3998.42,10.4,Junio,14542.9,alta
Ropa,291.93,469,2395.7,35.4,Marzo,8890.83,alta
Tecnologia,1568.94,218,803.62,12.0,Septiembre,45786.98,alta
Tecnologia,1402.59,74,245.37,7.9,Noviembre,6253.84,alta
Alimentos,1300.81,448,2447.72,46.3,Marzo,28982.82,alta
Tecnologia,670.82,109,1530.36,0.7,Noviembre,8180.56,alta
Alimentos,97.08,342,4778.57,28.6,Marzo,7170.2,alta
Deportes,1637.89,370,4292.99,0.5,Octubre,29754.37,alta
Tecnologia,1710.65,456,3669.7,40.7,Enero,15417.81,alta
Ropa,1808.53,372,1401.12,6.4,Febrero,11827.95,alta
Alimentos,1219.93,224,4031.52,24.4,Junio,163198.95626717343,alta
Deportes,844.99,163,1728.28,15.4,Febrero,25491.74,alta
Hogar,1748.73,167,,42.0,Abril,42558.89,alta
Deportes,1631.74,375,41.34,22.2,Noviembre,24232.1,alta
Deportes,118.6,300,,7.6,Diciembre,1795.67,media
HOGAR,317.43,117,3796.14,2.9,Octubre,11556.33,alta
Deportes,1488.6,7,1408.47,5.7,Mayo,33903.26,alta
Alimentos,1519.99,452,3344.92,10.9,Noviembre,9489.25,alta
Tecnologia,18.98,10,3471.56,5.6,Octubre,2707.41,media
Tecnologia,727.17,190,2567.48,45.5,Diciembre,9011.13,alta
Alimentos,,382,4693.09,1.1,Octubre,44561.24,alta
Tecnologia,1171.54,43,4241.44,31.4,Abril,35131.29,alta
Alimentos,1909.89,494,1260.73,44.8,Diciembre,11687.33,alta
Alimentos,1936.63,415,970.25,5.0,Diciembre,17724.46,alta
DEPORTES,1914.17,200,4208.52,41.0,Octubre,38681.73,alta
Ropa,371.93,259,2987.53,28.3,Septiembre,13728.15,alta
Tecnologia,58.92,322,483.84,5.3,Enero,1993.02,media
Hogar,674.01,335,773.31,48.5,Agosto,16849.0,alta
Tecnologia,1092.57,45,1876.18,18.1,Marzo,27411.54,alta
Tecnologia,1764.76,55,,25.1,Febrero,11317.99,alta
Ropa,1054.09,494,2987.95,21.8,Enero,33560.3,alta
Tecnologia,697.68,403,2782.37,30.3,Agosto,6851.48,alta
ROPA,1981.28,321,4279.5,40.4,Octubre,24107.06,alta
Alimentos,144.24,215,,7.1,Febrero,6651.69,alta
Hogar,,172,263.08,0.7,Febrero,3189.69,media
Alimentos,788.74,495,219.66,4.9,Junio,15303.15,alta
Tecnologia,1849.66,8,234.52,31.6,Octubre,45356.0,alta
Alimentos,832.51,242,537.16,17.1,Septiembre,8062.95,alta
Alimentos,701.48,256,,39.0,Febrero,20900.42,alta
ALIMENTOS,1215.17,28,1961.33,13.7,Septiembre,13345.93,alta
Ropa,963.25,399,965.8,6.2,Septiembre,11833.16,alta
Tecnologia,51.97,403,2249.88,1.7,Septiembre,3285.51,media
Alimentos,237.31,154,694.94,48.2,Diciembre,1962.69,media
Tecnologia,1448.27,431,3127.11,19.9,Marzo,27269.63,alta
deportes,1120.76,358,2001.98,11.9,Agosto,14474.47,alta
Alimentos,457.23,349,4693.31,48.2,Junio,6396.57,alta
Alimentos,1601.5,478,3324.84,30.7,Enero,13650.07,alta
Tecnologia,618.24,223,4536.86,33.1,Junio,9504.44,alta
Deportes,929.26,486,3063.66,0.9,Septiembre,21219.82,alta
Deportes,278.4,109,3551.96,39.5,Septiembre,8632.71,alta
Ropa,660.79,220,1490.97,19.1,Julio,3093.25,media
Tecnologia,1450.47,11,1465.59,15.1,Octubre,17195.5,alta
Alimentos,85.64,397,2234.96,38.0,Octubre,4025.17,media
Tecnologia,773.35,368,2669.23,40.5,Agosto,5558.56,alta
Tecnologia,1937.13,181,219.37,9.9,Noviembre,46597.15,alta
Hogar,1179.18,499,559.01,7.6,Agosto,28633.96,alta
Hogar,1793.96,289,2203.09,23.4,Mayo,50645.0,alta
Ropa,1751.09,81,2293.82,38.1,Mayo,8802.18,alta
DEPORTES,772.66,494,4239.9,16.8,Mayo,16399.79,alta
Ropa,1310.96,224,4726.44,13.0,Septiembre,12917.31,alta
Tecnologia,214.08,128,3805.96,13.9,Junio,8562.74,alta
Deportes,699.05,8,3007.04,31.4,Septiembre,5258.84,alta
Deportes,1578.54,53,14.28,17.0,Mayo,3922.62,media
Tecnologia,543.18,11,4785.16,18.4,Octubre,6785.8,alta
Ropa,573.4,454,4109.66,5.9,Enero,10538.57,alta
Ropa,1702.03,410,2333.52,27.3,Noviembre,45634.74,alta
Alimentos,1640.34,390,4604.34,0.8,Mayo,34046.13,alta
Ropa,837.66,98,4662.18,20.7,Junio,22331.65,alta
Alimentos,620.61,9,2108.39,35.6,Agosto,5284.08,alta
Deportes,1937.28,401,2799.86,37.3,Noviembre,16714.05,alta
Tecnologia,40.47,237,4784.89,40.3,Octubre,4448.14,media
Ropa,864.19,134,3244.8,13.0,Enero,13121.04,alta
Alimentos,1147.39,394,4674.35,34.3,Febrero,26704.27,alta
Ropa,328.32,395,2163.76,8.9,Julio,8390.07,alta
Ropa,1970.18,412,10.6,29.3,Octubre,55859.74,alta
Alimentos,204.57,255,2996.56,33.0,Septiembre,2970.66,media
Ropa,1961.34,409,1009.42,42.3,Agosto,11339.36,alta
Deportes,660.92,11,3665.65,17.9,Enero,17781.97,alta
Hogar,1433.89,125,4541.93,24.6,Junio,22360.12,alta
Alimentos,858.81,444,4874.01,2.7,Marzo,27769.97,alta
Tecnologia,1976.1,103,1217.93,42.5,Febrero,179883.7941467307,alta
Ropa,1737.89,427,3382.4,22.9,Septiembre,14978.89,alta
Deportes,1307.01,119,,43.8,Abril,37281.81,alta
Ropa,1765.03,51,4061.22,4.4,Diciembre,52398.36,alta
Deportes,,88,4041.76,11.8,Agosto,14716.81,alta
Hogar,1434.18,35,,8.2,Julio,17746.54,alta
Hogar,1934.64,327,,7.3,Julio,26478.39,alta
Deportes,751.52,220,790.82,29.7,Junio,22404.47,alta
Hogar,893.66,176,4125.99,26.7,Septiembre,7634.84,alta
Hogar,130.75,389,3650.48,2.8,Abril,4932.3,media
Deportes,1155.23,140,2049.93,23.1,Noviembre,12041.9,alta
Hogar,275.04,51,1042.13,2.3,Septiembre,6757.58,alta
Deportes,1979.24,70,2482.81,8.9,Noviembre,25160.43,alta
Alimentos,1804.54,13,2502.61,0.2,Septiembre,13307.56,alta
Alimentos,412.48,457,4576.13,40.5,Enero,15105.2,alta
ropa,,148,2638.38,14.1,Abril,12017.54,alta
Ropa,244.54,87,3547.1,8.0,Enero,8923.97,alta
Ropa,1703.36,196,1979.03,13.3,Julio,9071.02,alta
Ropa,171.65,134,592.58,36.6,Julio,1566.83,media
Deportes,,409,1316.77,27.1,Enero,26497.13,alta
Tecnologia,258.77,159,,2.6,Julio,8005.02,alta
Tecnologia,898.77,417,297.22,37.3,Julio,16573.25,alta
Hogar,342.87,237,1581.63,43.2,Octubre,6068.7,alta
Deportes,687.02,204,385.08,30.5,Diciembre,2417.93,media
Hogar,706.32,138,4819.3,27.5,Agosto,15450.4,alta
Tecnologia,1910.24,142,259.36,18.7,Mayo,47327.99,alta
Deportes,,275,4664.68,10.2,Julio,19764.47,alta
Ropa,1859.22,455,585.24,6.7,Septiembre,26334.5,alta
Deportes,1083.57,472,995.61,10.1,Agosto,8896.02,alta
Deportes,186.8,446,2685.59,37.0,Julio,5237.81,alta
Tecnologia,1341.79,288,,42.6,Agosto,43016.59,alta
Deportes,1427.68,32,4822.13,43.3,Enero,15293.78,alta
ALIMENTOS,1319.74,358,1598.84,22.3,Abril,21268.14,alta
Tecnologia,114.08,124,,46.7,Julio,5741.59,alta
Deportes,1739.04,364,2724.96,38.0,Abril,29354.77,alta
Alimentos,417.63,412,4161.31,21.2,Mayo,15274.94,alta
Ropa,1997.62,314,3902.34,10.6,Abril,38118.77,alta
Ropa,,82,,44.6,Junio,7364.69,alta
Deportes,1424.98,236,197.87,44.9,Diciembre,30846.63,alta
Ropa,365.49,49,195.38,24.0,Julio,3646.39,media
Alimentos,1634.3,363,,2.0,Abril,30066.85,alta
Hogar,720.35,271,1296.36,31.6,Junio,6420.33,alta
Hogar,830.1,92,2655.6,10.1,Junio,26509.47,alta
Hogar,384.43,481,2256.14,46.2,Mayo,8850.92,alta
Ropa,1445.47,33,2418.13,14.4,Enero,24171.86,alta
Tecnologia,1748.78,76,3998.1,49.9,Febrero,31031.24,alta
DEPORTES,741.51,224,1010.69,44.7,Julio,22570.27,alta
Tecnologia,1164.81,182,,48.5,Mayo,5985.13,alta
Alimentos,1059.93,321,4195.62,34.1,Marzo,5730.09,alta
Tecnologia,1438.85,201,2929.96,23.9,Agosto,26601.43,alta
Hogar,1960.16,310,698.88,34.5,Julio,50136.8,alta
Ropa,1970.72,156,1884.18,7.9,Junio,25604.08,alta
Deportes,1786.71,245,3859.6,17.4,Julio,14594.11,alta
Ropa,1940.37,65,4710.68,41.8,Enero,54504.42,alta
Hogar,339.56,16,4084.25,27.1,Junio,13104.98,alta
Tecnologia,1071.85,165,3214.09,9.0,Septiembre,21752.24,alta
Ropa,498.69,21,2515.84,10.9,Julio,8463.79,alta
Alimentos,75.12,217,2166.37,11.2,Enero,3720.84,media
Hogar,597.1,366,1419.42,31.9,Septiembre,12353.7,alta
Hogar,74.45,481,2999.48,36.4,Julio,5142.61,alta
Deportes,1598.46,30,3560.4,29.8,Febrero,50108.5,alta
Tecnologia,404.85,351,4267.04,31.1,Septiembre,13617.58,alta
Alimentos,527.77,309,3446.65,7.2,Octubre,13815.92,alta
alimentos,265.59,20,,14.4,Marzo,10719.1,alta
Alimentos,1694.57,259,384.8,45.9,Marzo,26501.45,alta
Hogar,62.83,140,,26.7,Febrero,573.09,baja
Alimentos,998.87,461,,39.3,Enero,21132.65,alta
Deportes,1156.12,392,2337.19,6.3,Febrero,36130.31,alta
Deportes,1325.6,297,2285.26,41.0,Junio,21408.56,alta
Hogar,,91,2599.09,24.7,Noviembre,21681.18,alta
Ropa,981.24,437,1573.31,27.9,Febrero,4040.76,media
Deportes,1221.42,116,1076.94,33.6,Marzo,23595.05,alta
Hogar,1791.41,488,3717.54,8.2,Enero,169773.08795218804,alta
Deportes,1449.8,377,615.73,37.8,Marzo,7718.18,alta
Tecnologia,1351.91,308,234.72,36.5,Abril,24815.74,alta
Ropa,1089.04,492,976.42,41.4,Octubre,28077.51,alta
Hogar,959.44,433,3972.08,41.8,Diciembre,19331.05,alta
Tecnologia,1565.77,139,1977.36,18.2,Junio,40941.97,alta
Tecnologia,657.54,100,,43.4,Julio,6872.4,alta
Hogar,262.22,145,2205.27,2.8,Noviembre,2820.62,media
Hogar,1154.92,304,1142.12,35.6,Marzo,24574.56,alta
Ropa,153.33,451,2701.72,13.5,Noviembre,4967.31,media
Hogar,1323.73,449,4160.28,19.6,Mayo,15880.21,alta
Alimentos,113.75,288,,33.9,Enero,5179.33,alta
TECNOLOGIA,802.32,245,737.32,6.0,Diciembre,17036.52,alta
Hogar,1384.87,194,1145.3,33.9,Enero,39085.27,alta
Ropa,1403.57,29,2441.44,8.5,Enero,36770.78,alta
Alimentos,67.51,378,4244.06,48.7,Marzo,3645.63,media
Alimentos,292.38,105,127.81,18.9,Marzo,2603.87,media
Tecnologia,1026.62,33,,10.9,Abril,17586.42,alta
Tecnologia,1637.83,125,2052.25,22.6,Enero,21829.51,alta
Ropa,1397.66,293,,16.1,Marzo,30961.74,alta
Ropa,285.05,146,839.61,24.4,Julio,2393.18,media
Ropa,1949.57,357,719.87,35.9,Agosto,42864.21,alta
Alimentos,,239,1377.79,3.1,Agosto,3979.81,media
Hogar,966.46,445,4423.09,24.3,Enero,26652.09,alta
Hogar,1760.57,250,108.46,49.3,Enero,44795.99,alta
Hogar,,158,3559.64,48.8,Agosto,5289.26,alta
Hogar,1293.05,47,4570.51,47.2,Octubre,25007.18,alta
Ropa,650.4,352,1108.92,26.5,Septiembre,11842.67,alta
Deportes,1898.58,127,1083.75,21.7,Noviembre,52244.43,alta
Hogar,551.14,275,4375.23,31.5,Febrero,5062.27,alta
Ropa,398.74,78,158.93,10.5,Junio,2348.05,media
Deportes,1278.25,249,4281.72,42.7,Julio,11517.99,alta
Deportes,1387.0,71,2245.82,21.6,Abril,39422.77,alta
Ropa,1600.52,109,964.14,16.1,Enero,30318.25,alta
Tecnologia,1825.36,131,402.03,29.2,Diciembre,17838.99,alta
Tecnologia,615.65,162,3700.22,37.4,Agosto,14821.18,alta
Hogar,1886.85,215,4784.53,5.4,Septiembre,33132.05,alta
Ropa,1023.55,392,3024.4,38.4,Septiembre,8796.82,alta
Hogar,1179.19,213,4008.62,27.2,Agosto,14088.17,alta
Tecnologia,663.64,490,3329.73,23.3,Febrero,7877.35,alta
Ropa,624.26,79,3386.61,1.1,Diciembre,20292.8,alta
Ropa,528.18,82,2008.27,19.2,Agosto,8280.63,alta
Hogar,1682.43,263,1987.25,43.9,Marzo,8249.59,alta
Deportes,1325.56,95,2633.23,25.1,Octubre,12584.95,alta
Deportes,1223.78,182,1523.47,20.9,Julio,23957.61,alta
Hogar,1751.58,233,2775.01,44.7,Marzo,25083.68,alta
Alimentos,1195.27,223,4761.7,3.8,Diciembre,39009.21,alta
DEPORTES,1826.57,148,,44.9,Diciembre,22494.82,alta
Deportes,1602.54,146,2657.31,37.2,Septiembre,18046.88,alta
Deportes,579.92,252,1605.61,29.8,Enero,15413.55,alta
Alimentos,1489.56,106,3028.62,7.2,Agosto,7925.34,alta
Deportes,1478.35,350,2801.86,25.6,Enero,32202.05,alta
TECNOLOGIA,1035.53,332,1452.16,31.6,Febrero,10034.05,alta
ALIMENTOS,104.23,407,1252.66,17.9,Mayo,2725.59,media
Alimentos,512.6,491,,25.2,Junio,15415.17,alta
Ropa,664.44,463,2761.58,8.6,Noviembre,6790.69,alta
Alimentos,84.81,438,2585.23,12.6,Enero,4337.39,media
Alimentos,171.88,79,2874.36,37.1,Julio,2505.18,media
Tecnologia,955.24,32,4996.51,21.8,Octubre,31040.68,alta
Hogar,347.95,109,,48.5,Agosto,5951.51,alta
Alimentos,288.66,340,3828.48,8.0,Febrero,5356.3,alta
Deportes,,123,3753.64,44.8,Julio,13933.87,alta
Deportes,921.11,369,,46.6,Marzo,24640.55,alta
Hogar,1966.14,113,1884.09,13.3,Noviembre,29494.02,alta
TECNOLOGIA,1843.87,232,2731.07,46.5,Mayo,56204.32,alta
Tecnologia,850.22,64,4043.66,7.9,Diciembre,8372.59,alta
Ropa,275.75,7,,44.3,Julio,1947.76,media
Alimentos,683.04,146,3967.65,45.6,Junio,17797.55,alta
Deportes,1283.97,223,4359.46,49.1,Octubre,29049.75,alta
Ropa,421.47,334,722.8,2.3,Febrero,7630.11,alta
Tecnologia,454.96,416,3366.72,31.8,Marzo,16118.1,alta
HOGAR,1075.08,42,2838.72,31.8,Junio,13832.07,alta
Ropa,564.02,96,256.83,2.3,Agosto,6858.37,alta
Hogar,996.86,461,1394.33,35.2,Mayo,22371.49,alta
Ropa,1683.66,39,3729.44,27.6,Diciembre,35828.81,alta
Hogar,1580.76,249,3904.06,27.2,Enero,19050.43,alta
Alimentos,321.03,341,2441.24,37.3,Abril,8437.03,alta
Tecnologia,1743.43,252,1622.29,22.0,Mayo,12910.5,alta
Ropa,646.06,462,2442.61,26.1,Octubre,8511.8,alta
Alimentos,949.63,13,,3.8,Junio,28498.2,alta
Deportes,,211,2015.07,27.0,Abril,7314.79,alta
Ropa,1929.77,193,1973.39,36.3,Febrero,10540.36,alta
Alimentos,103.96,319,2013.62,48.5,Octubre,4065.25,media
Alimentos,265.13,347,3370.78,36.9,Enero,8814.86,alta
Hogar,565.69,285,1422.63,7.8,Agosto,16326.9,alta
Deportes,1882.71,362,2538.69,49.8,Enero,15838.69,alta
Alimentos,934.11,415,,26.1,Mayo,9192.45,alta
Hogar,1886.77,495,,20.1,Marzo,11674.2,alta
Ropa,326.1,453,3148.39,39.7,Octubre,7545.32,alta
Deportes,1619.73,167,2899.26,46.1,Diciembre,29848.62,alta
Hogar,1902.85,261,4031.44,15.7,Abril,54676.75,alta
Deportes,991.88,37,3112.04,38.0,Mayo,20171.64,alta
Alimentos,336.66,194,1789.3,23.7,Febrero,5922.72,alta
Tecnologia,1501.52,381,,9.2,Enero,40255.33,alta
Ropa,658.6,118,3114.73,18.7,Noviembre,3974.89,media
Ropa,,122,112.25,12.8,Diciembre,9259.22,alta
Deportes,903.98,491,2419.02,5.4,Septiembre,13644.01,alta
Alimentos,1725.64,350,,20.3,Febrero,35337.48,alta
Deportes,725.94,499,2466.86,23.6,Septiembre,5558.23,alta
Ropa,1477.13,385,4435.62,42.0,Febrero,175133.20814994205,alta
Alimentos,1934.89,384,2355.97,5.5,Junio,59344.7,alta
Ropa,906.72,10,4441.58,29.5,Marzo,22185.34,alta
Alimentos,871.91,99,2763.34,46.3,Noviembre,13009.37,alta
Ropa,,191,789.89,30.4,Noviembre,10787.38,alta
Ropa,535.37,411,2505.06,23.4,Diciembre,14660.36,alta
Hogar,,175,3723.07,19.6,Mayo,3415.34,media
Alimentos,1343.35,400,1464.84,18.2,Febrero,7176.0,alta
Deportes,438.33,475,211.03,15.5,Septiembre,8528.17,alta
Hogar,992.96,99,4160.71,46.8,Marzo,32622.57,alta
Alimentos,1042.92,189,2827.0,7.3,Noviembre,29664.97,alta
Alimentos,544.31,99,3372.45,26.6,Septiembre,9647.9,alta
Deportes,,267,556.94,35.6,Abril,9384.67,alta
Tecnologia,192.48,41,,24.2,Febrero,6779.31,alta
Deportes,1693.5,190,3411.36,34.9,Abril,26821.56,alta
Deportes,1004.1,300,,0.4,Noviembre,25427.24,alta
Alimentos,575.97,448,1054.49,42.4,Octubre,18460.39,alta
Ropa,289.56,309,1596.34,18.0,Julio,3972.92,media
Hogar,108.39,150,62.35,19.7,Enero,1196.35,baja
Ropa,,54,1890.76,25.1,Septiembre,14824.89,alta
Deportes,187.75,177,2407.18,31.7,Marzo,7035.88,alta
Hogar,262.81,284,60.4,12.8,Abril,4698.89,media
Alimentos,1634.66,441,3211.19,34.3,Octubre,38359.08,alta
Tecnologia,1076.73,472,,36.1,Enero,32818.87,alta
Hogar,,36,3785.57,3.5,Agosto,26413.68,alta
Ropa,500.55,33,,9.5,Septiembre,12035.4,alta
Deportes,489.27,75,,43.6,Mayo,4747.32,media
Deportes,,188,4163.25,3.7,Septiembre,27560.85,alta
Hogar,1676.82,132,2775.42,5.4,Febrero,214332.27849527472,alta
Deportes,1949.75,153,4666.4,29.5,Octubre,22759.22,alta
ROPA,306.87,164,2140.16,38.1,Marzo,7810.56,alta
Hogar,919.95,273,3562.77,45.4,Marzo,18801.45,alta
Tecnologia,579.41,205,1218.05,40.8,Enero,9611.53,alta
Deportes,824.49,283,,39.0,Marzo,9508.55,alta
Ropa,1601.47,470,,23.0,Agosto,33622.51,alta
Ropa,1461.99,404,3241.8,39.0,Abril,199547.85476941688,alta
Ropa,62.35,18,4702.97,33.7,Mayo,4071.12,media
Deportes,530.74,157,3714.83,30.7,Abril,6962.18,alta
Alimentos,247.9,319,437.4,24.8,Agosto,6500.83,alta
Hogar,,34,3064.67,40.2,Octubre,42823.58,alta
Ropa,610.68,175,1778.35,6.2,Marzo,3040.34,media
Alimentos,1029.44,243,914.83,31.1,Junio,28640.7,alta
Ropa,638.58,112,3357.44,2.3,Marzo,15377.66,alta
Tecnologia,763.89,159,1426.17,33.5,Febrero,7032.74,alta
Tecnologia,965.22,92,2612.77,46.1,Marzo,133939.62039490504,alta
Deportes,824.59,205,2894.82,47.6,Julio,19901.48,alta
Ropa,1410.74,414,4969.31,24.3,Junio,34668.82,alta
Alimentos,340.32,434,2389.82,45.0,Agosto,6044.26,alta
Alimentos,646.31,156,3074.88,37.3,Mayo,9475.77,alta
Ropa,995.38,338,1018.38,43.1,Agosto,8030.71,alta
Alimentos,1744.62,89,4163.88,23.3,Abril,8875.23,alta
Tecnologia,1868.98,26,3645.33,15.4,Octubre,18800.37,alta
Alimentos,160.66,96,418.53,41.2,Enero,1389.35,baja
Deportes,881.85,203,,34.2,Febrero,11193.05,alta
ROPA,1420.97,204,4689.92,40.9,Agosto,35228.39,alta
Hogar,1897.81,30,3307.88,28.1,Mayo,17579.38,alta
Tecnologia,929.35,305,2756.55,39.3,Noviembre,13334.55,alta
Tecnologia,1214.02,455,4402.75,35.9,Febrero,7738.51,alta
Tecnologia,267.09,35,,29.7,Octubre,8597.72,alta
Hogar,1731.45,53,601.54,36.4,Noviembre,20798.79,alta
Tecnologia,110.96,277,4776.99,22.0,Mayo,5447.34,alta
Alimentos,1068.92,271,2565.11,8.1,Septiembre,8851.24,alta
Hogar,1480.37,157,3646.14,18.8,Febrero,18889.66,alta
Deportes,324.6,52,360.75,43.1,Noviembre,4716.92,media
Tecnologia,,198,4325.02,32.4,Enero,9248.58,alta
Tecnologia,1977.27,114,60.44,13.1,Noviembre,19299.45,alta
Tecnologia,137.84,48,2246.22,48.1,Abril,4131.8,media
Ropa,1431.57,445,388.19,26.5,Septiembre,16685.93,alta
Alimentos,1752.38,269,4405.76,18.7,Septiembre,31565.94,alta
Hogar,1041.17,41,348.65,9.0,Enero,9773.15,alta
Alimentos,1290.02,391,3961.37,14.3,Septiembre,22613.5,alta
Tecnologia,1744.52,238,3073.85,11.3,Junio,40652.58,alta
Ropa,68.48,318,1461.2,26.4,Septiembre,3097.43,media
Ropa,494.42,140,626.8,18.5,Marzo,2225.34,media
Ropa,1589.99,43,4754.48,16.4,Julio,40127.45,alta
Deportes,1335.22,430,3418.42,7.7,Julio,25342.69,alta
HOGAR,855.19,299,2564.62,5.0,Febrero,11639.07,alta
Alimentos,1645.83,376,2161.55,34.5,Abril,37328.54,alta
Ropa,1614.64,334,4813.49,25.2,Mayo,33366.49,alta
Tecnologia,310.36,412,1095.47,48.4,Diciembre,4350.88,media
Ropa,1173.32,310,946.95,12.0,Noviembre,12344.31,alta
Tecnologia,330.08,455,1683.22,31.2,Enero,6046.02,alta
Ropa,302.08,455,1850.86,29.7,Octubre,7697.66,alta
Deportes,612.26,149,371.33,15.9,Marzo,4838.0,media
Tecnologia,931.48,138,2406.35,21.4,Julio,7392.32,alta
Hogar,1564.96,139,1040.06,44.9,Agosto,35466.49,alta
Hogar,1534.05,82,1794.81,10.9,Enero,44739.28,alta
Alimentos,1324.33,287,865.72,44.8,Agosto,5161.03,alta
Alimentos,210.09,333,931.56,37.4,Agosto,5760.82,alta
Hogar,1870.91,189,114.96,15.4,Febrero,33034.78,alta
Ropa,1981.88,172,926.57,38.7,Mayo,20477.51,alta
Deportes,584.53,496,2129.21,23.2,Octubre,19436.76,alta
Deportes,826.93,132,748.45,31.2,Enero,22330.64,alta
Hogar,1980.95,326,548.13,43.9,Febrero,34059.99,alta
Hogar,1724.97,173,4471.68,22.7,Enero,25517.0,alta
Hogar,949.08,486,150.86,20.3,Diciembre,6520.55,alta
Deportes,1644.32,496,23.63,46.2,Mayo,5387.83,alta
Ropa,1973.66,272,1428.39,22.3,Marzo,5947.77,alta
Hogar,193.26,273,,28.9,Octubre,1952.75,media
Alimentos,1805.7,228,2527.33,6.0,Diciembre,32484.44,alta
Deportes,,286,4581.2,42.0,Enero,37276.82,alta
Tecnologia,1167.41,414,2890.58,30.4,Junio,18532.44,alta
Alimentos,516.52,435,402.57,37.1,Febrero,7266.78,alta
Ropa,1503.51,195,3530.27,17.3,Febrero,24733.21,alta
Hogar,1046.25,455,3846.76,42.0,Octubre,31861.26,alta
Tecnologia,1549.25,31,2262.79,47.3,Abril,27048.68,alta
Hogar,1339.6,67,1515.6,39.9,Diciembre,4377.47,media
Ropa,1058.07,153,1761.04,8.3,Octubre,14131.7,alta
Deportes,1115.16,452,3870.38,24.5,Febrero,15980.56,alta
Alimentos,643.7,111,4025.16,3.5,Junio,13014.3,alta
Tecnologia,994.3,213,1100.84,2.5,Febrero,4398.32,media
Hogar,845.59,29,1253.72,19.3,Agosto,16270.5,alta
Deportes,1894.82,317,2486.86,27.7,Marzo,55527.3,alta
Tecnologia,39.88,114,326.77,26.4,Agosto,1128.71,baja
Hogar,1149.24,242,1116.66,18.7,Septiembre,22662.59,alta
ROPA,872.43,498,4790.92,20.9,Junio,184042.7023500216,alta
Tecnologia,,382,769.64,37.4,Febrero,2235.76,media
Ropa,717.81,362,2313.49,25.6,Agosto,18415.59,alta
Deportes,1747.11,482,1442.19,35.5,Junio,25839.99,alta
Hogar,868.04,38,3337.13,42.1,Julio,4857.79,media
Alimentos,1592.03,72,2255.38,13.9,Diciembre,47924.72,alta
Ropa,1131.12,41,172.02,48.9,Septiembre,2610.63,media
Ropa,552.06,98,4822.56,35.8,Enero,9014.81,alta
Deportes,1615.49,48,,44.5,Marzo,39950.8,alta
Tecnologia,1471.37,43,269.21,1.0,Febrero,19688.19,alta
Tecnologia,1698.51,57,201.53,44.5,Febrero,36127.85,alta
Tecnologia,1187.51,481,227.63,23.9,Agosto,11958.27,alta
Ropa,1583.51,17,1080.69,41.0,Febrero,35420.06,alta
Hogar,1251.41,221,723.61,19.1,Septiembre,12313.31,alta
Deportes,606.59,386,474.38,42.7,Julio,5036.4,alta
Ropa,522.51,285,1279.5,43.6,Febrero,7556.39,alta
Deportes,944.52,348,2510.66,33.2,Junio,18842.79,alta
Alimentos,745.55,239,1463.78,43.8,Febrero,19699.41,alta
Alimentos,690.53,75,3905.43,27.4,Mayo,8684.34,alta
Deportes,230.35,79,2045.98,19.1,Julio,4725.32,media
Ropa,1300.82,59,3482.3,10.4,Octubre,5713.2,alta
Ropa,698.28,107,,3.8,Diciembre,14642.67,alta
Deportes,1363.49,24,1606.61,41.9,Enero,38541.12,alta
Deportes,214.81,393,2719.3,2.7,Octubre,9357.88,alta
Hogar,1728.78,55,4885.64,24.1,Marzo,15281.98,alta
Ropa,1236.98,112,1777.43,30.8,Noviembre,6340.35,alta
Ropa,532.23,484,4476.31,10.3,Marzo,8968.81,alta
Tecnologia,1636.52,150,3806.45,45.0,Septiembre,49174.55,alta
Deportes,1874.22,128,1068.53,20.7,Marzo,13708.43,alta
Alimentos,898.21,245,1548.55,33.5,Febrero,7565.41,alta
Alimentos,,357,2392.14,38.5,Enero,8952.39,alta
Ropa,1625.07,303,1764.07,3.2,Agosto,30170.68,alta
Tecnologia,94.12,433,86.23,29.6,Abril,2542.61,media
Ropa,677.07,264,4496.49,46.6,Abril,10576.26,alta
Tecnologia,1048.67,199,2518.54,24.5,Febrero,33350.98,alta
Hogar,644.68,196,2255.78,22.5,Octubre,5176.64,alta
Ropa,1931.21,130,1378.76,46.5,Marzo,38732.03,alta
Hogar,1743.17,20,3285.76,0.6,Febrero,28237.46,alta
Hogar,671.12,152,3794.02,2.2,Junio,19840.9,alta
Ropa,583.92,178,162.21,39.3,Marzo,12284.13,alta
Tecnologia,1172.34,242,3100.5,16.7,Febrero,28625.64,alta
Ropa,,444,245.74,19.0,Noviembre,19610.99,alta
Alimentos,922.25,464,,48.1,Septiembre,9927.05,alta
Ropa,937.63,296,590.13,32.3,Junio,16321.04,alta
Alimentos,1328.48,342,733.38,49.0,Diciembre,33411.82,alta
Ropa,1681.45,158,3669.85,10.1,Noviembre,25969.61,alta
Alimentos,603.18,455,2524.52,3.8,Julio,20048.11,alta
Tecnologia,,241,2907.47,4.5,Diciembre,31461.26,alta
ropa,1394.24,225,,3.6,Mayo,43121.02,alta
Hogar,648.23,206,1193.74,13.7,Febrero,19790.38,alta
Tecnologia,,68,2015.13,19.3,Enero,15624.62,alta
Hogar,221.64,24,2260.71,39.1,Diciembre,3704.79,media
Tecnologia,1703.46,253,256.29,15.9,Agosto,43953.71,alta
Tecnologia,1393.56,477,4887.15,19.8,Febrero,9160.08,alta
Ropa,1054.96,373,488.52,29.0,Diciembre,3148.89,media
Ropa,314.78,29,2285.55,8.1,Marzo,5013.02,alta
Tecnologia,1665.82,451,,9.8,Octubre,27060.65,alta
Deportes,195.31,224,4745.93,32.1,Mayo,7729.24,alta
Deportes,1197.76,188,4838.12,11.4,Julio,8686.09,alta
Deportes,1482.65,315,2786.89,31.7,Enero,42989.61,alta
Ropa,1361.9,414,679.5,0.7,Junio,6951.53,alta
Ropa,490.5,24,1434.98,13.2,Diciembre,5973.61,alta
Deportes,268.62,151,,17.3,Junio,6700.94,alta
Tecnologia,260.08,364,4053.57,44.6,Septiembre,8182.94,alta
Tecnologia,502.09,456,2053.47,15.5,Febrero,11899.1,alta
Ropa,807.06,317,3025.18,14.2,Noviembre,16952.39,alta
Ropa,971.27,286,1449.82,9.3,Septiembre,6760.06,alta
Tecnologia,1795.67,249,3393.87,45.0,Marzo,23275.43,alta
Deportes,1384.32,440,4535.33,7.4,Junio,23289.23,alta
Ropa,1827.66,457,615.35,9.0,Julio,43625.94,alta
TECNOLOGIA,296.01,290,,12.0,Junio,9404.11,alta
Deportes,1905.48,488,1439.26,38.1,Febrero,43238.32,alta
Ropa,1001.74,335,2877.05,10.4,Febrero,27871.95,alta
Ropa,1859.29,265,3122.82,21.0,Abril,23011.41,alta
Ropa,1327.94,243,4873.98,12.9,Octubre,29080.17,alta
HOGAR,1478.38,236,3196.54,42.5,Abril,37000.12,alta
Ropa,1298.48,274,489.49,11.0,Septiembre,29148.64,alta
ALIMENTOS,1073.7,472,860.65,6.2,Noviembre,12355.53,alta
Ropa,1676.2,43,2783.47,45.6,Febrero,11191.95,alta
Deportes,1896.11,408,4983.13,30.9,Mayo,55552.08,alta
Hogar,1398.75,309,,40.5,Abril,18630.89,alta
Deportes,213.26,388,84.15,25.7,Abril,5510.09,alta
Deportes,,96,267.71,30.5,Enero,23384.08,alta
Tecnologia,1376.27,295,,13.8,Diciembre,14570.82,alta
Alimentos,1964.73,327,2589.67,6.1,Julio,53356.17,alta
Hogar,524.75,125,798.99,39.4,Agosto,7904.37,alta
Hogar,986.23,408,3360.63,39.3,Mayo,8189.99,alta
Ropa,342.82,106,1650.41,12.5,Marzo,6925.86,alta
Alimentos,1969.04,466,2725.39,20.7,Septiembre,43323.27,alta
Ropa,39.77,124,3952.57,8.4,Mayo,3949.66,media
Alimentos,417.89,32,4136.85,8.9,Septiembre,11342.28,alta
Alimentos,1532.47,56,636.63,4.9,Agosto,147082.6126255409,alta
Deportes,527.12,113,305.84,25.1,Septiembre,8070.48,alta
Ropa,1718.15,37,3553.24,6.5,Septiembre,48443.03,alta
Ropa,854.6,5,3755.5,40.4,Septiembre,20169.25,alta
Ropa,1635.7,29,4835.01,31.8,Julio,23081.54,alta
Hogar,,93,659.33,42.6,Diciembre,12888.66,alta
Ropa,1725.6,406,3668.84,23.6,Octubre,49605.75,alta
Alimentos,965.01,231,2671.42,29.6,Septiembre,12898.39,alta
Hogar,1131.82,253,3571.15,31.6,Noviembre,26751.85,alta
Alimentos,1413.4,368,3021.73,5.2,Febrero,40838.92,alta
Alimentos,1064.09,496,320.13,38.8,Noviembre,29008.42,alta
Ropa,1363.75,420,2861.04,17.0,Abril,39007.92,alta
Tecnologia,1317.59,222,3122.49,23.3,Septiembre,30709.84,alta
Ropa,1077.03,150,494.91,40.6,Noviembre,19381.38,alta
Deportes,1804.25,78,1306.15,4.6,Junio,23801.51,alta
Deportes,258.33,39,2886.94,15.0,Mayo,4511.22,media
Ropa,1512.23,294,3884.98,35.8,Septiembre,31001.71,alta
Ropa,467.09,293,1130.47,44.3,Abril,209404.62724288236,alta
Ropa,1453.09,150,100.04,27.9,Marzo,16124.86,alta
Deportes,1312.38,223,1817.2,18.2,Agosto,23725.95,alta
Alimentos,901.6,174,4036.99,11.5,Noviembre,23038.96,alta
Tecnologia,313.66,245,1120.31,28.3,Mayo,9331.03,alta
Deportes,778.32,275,1121.75,8.3,Enero,5977.85,alta
Hogar,,295,232.56,43.4,Octubre,44174.39,alta
Deportes,1164.13,398,3490.22,43.8,Abril,25331.96,alta
Ropa,505.23,382,375.66,21.3,Abril,12700.97,alta
Hogar,633.67,6,665.2,23.4,Febrero,5439.21,alta
Tecnologia,984.53,372,1793.99,10.6,Julio,22116.19,alta
Deportes,546.58,259,3914.64,26.9,Marzo,14693.79,alta
Deportes,849.94,410,1969.66,40.0,Septiembre,16301.11,alta
Alimentos,353.99,457,1373.34,35.1,Febrero,8473.14,alta
Deportes,1379.0,260,2014.97,41.8,Febrero,24660.98,alta
Hogar,605.97,416,3834.07,9.4,Octubre,16158.23,alta
Ropa,415.56,107,4871.32,34.8,Diciembre,7667.23,alta
Alimentos,851.98,213,510.17,12.0,Abril,17710.3,alta
deportes,1247.94,22,3001.64,34.4,Noviembre,16190.71,alta
HOGAR,614.96,101,2566.09,3.7,Diciembre,16263.04,alta
Ropa,539.16,195,3540.9,23.1,Junio,9159.53,alta
Alimentos,1505.35,485,2464.79,40.2,Febrero,47620.17,alta
Hogar,862.38,272,,49.6,Noviembre,11303.6,alta
ALIMENTOS,69.43,180,1846.6,39.9,Marzo,2374.05,media
Tecnologia,,69,,35.1,Mayo,42380.15,alta
Alimentos,1518.1,269,809.75,44.5,Febrero,22055.07,alta
Deportes,849.74,90,1822.45,30.9,Octubre,11271.27,alta
Deportes,1029.31,372,3404.47,26.8,Diciembre,18201.29,alta
Deportes,1779.11,283,4852.38,16.7,Abril,43615.89,alta
Tecnologia,195.44,123,2381.58,24.9,Mayo,7855.19,alta
Deportes,1805.35,409,3616.24,20.3,Junio,26602.87,alta
Hogar,,72,886.92,43.3,Noviembre,49205.88,alta
Ropa,1033.01,138,4056.83,4.8,Noviembre,154525.38912107682,alta
Deportes,994.55,235,4864.87,5.9,Junio,10529.39,alta
Deportes,1891.34,289,538.53,25.0,Julio,57105.89,alta
Ropa,878.9,156,1505.04,16.5,Julio,22923.42,alta
Deportes,384.3,436,421.14,30.2,Marzo,6610.41,alta
ALIMENTOS,1474.11,183,3493.74,36.1,Octubre,23802.07,alta
Alimentos,1409.19,99,1625.78,37.9,Agosto,8491.54,alta
Tecnologia,1056.44,176,1662.77,36.3,Febrero,29912.49,alta
Deportes,341.83,361,4350.26,14.5,Junio,4728.78,media
Deportes,1036.55,395,3091.49,44.5,Mayo,6601.64,alta
Tecnologia,1734.73,41,3023.01,37.3,Septiembre,33939.26,alta
Hogar,881.55,255,3754.84,27.6,Enero,8292.15,alta
Alimentos,597.35,237,,47.6,Marzo,12683.54,alta
Alimentos,1043.7,80,3360.9,42.3,Enero,11829.84,alta
Deportes,234.87,48,942.15,47.3,Diciembre,3827.73,media
Alimentos,1245.01,400,1659.2,27.7,Octubre,38466.43,alta
Deportes,1254.52,349,2621.86,3.0,Noviembre,30606.71,alta
Ropa,1467.75,355,3740.9,36.6,Enero,14642.43,alta
Deportes,526.04,362,3692.71,4.6,Marzo,10689.02,alta
Tecnologia,166.25,354,3007.87,28.5,Diciembre,6741.61,alta
Alimentos,1816.08,46,2792.94,33.6,Enero,17611.26,alta
Deportes,,259,3142.38,34.5,Abril,8648.76,alta
Alimentos,607.01,458,1464.85,18.4,Abril,19304.11,alta
Tecnologia,1672.84,272,2379.28,43.7,Abril,45245.38,alta
Alimentos,1503.69,92,1192.56,17.3,Septiembre,41610.73,alta
Alimentos,,498,3409.03,7.4,Febrero,8629.78,alta
Alimentos,1756.03,170,,42.4,Marzo,12604.23,alta
Hogar,1600.84,253,3174.7,12.9,Octubre,39652.77,alta
Ropa,1568.55,362,,43.4,Mayo,25531.94,alta
Deportes,722.86,232,1989.01,41.6,Enero,22114.33,alta
deportes,1097.43,115,2351.82,7.4,Noviembre,28395.77,alta
Ropa,596.33,230,3641.95,21.1,Noviembre,4697.76,media
Alimentos,1054.11,269,3482.62,11.4,Junio,29380.51,alta
Alimentos,443.74,141,2293.62,7.2,Diciembre,5657.74,alta
Hogar,528.85,286,695.56,38.8,Abril,8653.42,alta
Ropa,,161,4113.01,39.7,Febrero,23551.62,alta
Tecnologia,1837.42,352,,28.2,Junio,55196.15,alta
Ropa,1818.24,333,1850.65,40.0,Septiembre,44661.27,alta
Ropa,,89,1687.71,34.6,Septiembre,32402.54,alta
Ropa,325.72,331,4323.22,39.7,Diciembre,10191.82,alta
Deportes,917.78,297,2408.94,9.2,Marzo,25864.17,alta
Ropa,517.92,384,4681.73,27.2,Junio,17291.54,alta
Deportes,1996.1,481,4306.97,12.8,Enero,27670.94,alta
Ropa,980.74,90,3980.33,32.8,Diciembre,17049.89,alta
Deportes,388.65,111,1553.3,49.9,Enero,3802.44,media
ROPA,141.89,224,1284.98,6.1,Septiembre,4493.19,media
Alimentos,596.85,385,471.96,11.0,Diciembre,15641.04,alta
Ropa,1718.34,332,4147.96,49.5,Septiembre,55188.07,alta
Hogar,1151.71,390,1282.05,13.6,Febrero,5484.51,alta
Ropa,1742.37,482,2647.9,11.6,Abril,12849.15,alta
Ropa,,146,3084.33,15.7,Noviembre,25253.29,alta
Hogar,1978.99,392,3131.95,40.2,Junio,45659.76,alta
Tecnologia,861.94,457,3984.71,15.2,Octubre,17030.71,alta
Alimentos,171.43,128,4773.15,24.4,Septiembre,6578.91,alta
ropa,767.92,342,,9.2,Enero,16271.13,alta
Deportes,980.83,365,2285.84,28.8,Agosto,20822.5,alta
ALIMENTOS,1445.72,267,1488.81,33.9,Junio,15710.38,alta
Tecnologia,1843.26,21,3549.17,0.4,Abril,43982.5,alta
Hogar,993.6,88,3635.84,46.4,Marzo,7163.05,alta
Ropa,1904.01,70,4199.14,16.0,Marzo,57103.35,alta
Hogar,1957.79,416,3091.05,18.8,Mayo,11822.93,alta
Hogar,1481.14,208,4651.39,8.6,Marzo,22867.26,alta
Hogar,,457,1939.02,3.1,Junio,36053.6,alta
alimentos,1455.98,297,2107.38,16.8,Julio,173443.5873123484,alta
ropa,71.65,56,1615.29,47.0,Abril,198707.68640164737,media
Tecnologia,799.47,365,2300.72,48.9,Septiembre,7966.32,alta
Tecnologia,,98,2439.04,28.3,Diciembre,33799.64,alta
Alimentos,940.39,476,2436.54,29.9,Septiembre,20722.15,alta
Tecnologia,1335.29,38,2013.16,3.2,Mayo,22756.12,alta
Deportes,175.92,173,798.1,18.4,Abril,2844.27,media
Tecnologia,1320.02,19,3833.0,13.1,Noviembre,17312.33,alta
Alimentos,379.73,223,4570.01,23.6,Marzo,10984.48,alta
Deportes,274.76,281,79.87,40.5,Diciembre,2541.35,media
Hogar,1084.02,123,3505.42,32.1,Diciembre,20804.62,alta
Tecnologia,1130.65,201,2671.82,15.6,Septiembre,35247.34,alta
HOGAR,1136.05,346,,9.2,Junio,34483.99,alta
Tecnologia,1596.19,148,1605.92,33.7,Marzo,5506.95,alta
Hogar,1401.6,458,2547.58,38.1,Diciembre,25768.71,alta
Tecnologia,865.52,30,2628.12,25.3,Septiembre,25152.2,alta
Deportes,,227,704.43,20.3,Diciembre,4522.46,media
Hogar,1717.78,225,2093.38,20.9,Junio,42523.54,alta
tecnologia,724.41,182,1435.03,38.6,Octubre,12895.4,alta
Deportes,1043.06,485,1550.87,46.9,Septiembre,22988.36,alta
Alimentos,1358.37,432,3930.98,33.5,Agosto,22142.66,alta
Hogar,562.87,347,4101.43,30.8,Julio,14704.86,alta
Deportes,409.59,409,2196.32,26.0,Septiembre,4521.74,media
Tecnologia,1410.11,302,9.7,1.1,Noviembre,36306.97,alta
Ropa,1831.35,309,8.67,45.0,Septiembre,30026.24,alta
Hogar,468.63,63,4952.94,32.5,Marzo,11291.3,alta
Hogar,1890.1,107,1278.53,3.8,Mayo,5392.34,alta
Ropa,314.36,139,3449.3,21.5,Abril,3927.4,media
Alimentos,670.7,320,4417.24,48.1,Noviembre,6524.47,alta
Ropa,1845.11,280,1139.57,0.5,Junio,31469.37,alta
Hogar,1478.21,346,3247.95,4.8,Septiembre,35120.84,alta
ROPA,1762.17,114,128.55,37.8,Abril,43040.42,alta
Alimentos,1353.27,91,3957.68,29.0,Agosto,17231.58,alta
Tecnologia,598.46,96,2048.14,44.3,Octubre,11508.4,alta
Tecnologia,1711.03,447,103.31,11.6,Mayo,30647.15,alta
Deportes,255.64,97,3490.4,39.1,Septiembre,3530.72,media
Deportes,572.99,6,3099.35,15.8,Junio,10020.36,alta
Deportes,1673.58,273,4403.35,16.8,Julio,51116.11,alta
Alimentos,1441.87,122,3603.32,47.6,Febrero,21762.03,alta
Ropa,24.74,460,3078.49,22.7,Agosto,3412.56,media
Alimentos,1757.89,16,2883.04,24.5,Marzo,41289.91,alta
Tecnologia,483.02,282,1063.63,46.1,Junio,7661.28,alta
Hogar,1498.27,103,4195.29,42.5,Enero,39769.42,alta
Ropa,1101.4,62,,36.1,Agosto,193680.47315065147,alta
Hogar,693.21,235,2367.35,20.6,Octubre,17206.77,alta
Tecnologia,471.47,324,1188.57,37.0,Junio,3970.96,media
Hogar,1912.15,221,3466.47,40.6,Diciembre,50186.42,alta
Deportes,,354,4997.6,22.1,Febrero,21440.39,alta
Ropa,1871.31,399,1890.66,6.9,Noviembre,15366.52,alta
Alimentos,347.2,433,1732.57,8.6,Abril,4237.93,media
Alimentos,,196,2442.25,41.9,Septiembre,5656.87,alta
Deportes,1073.86,321,4002.49,34.2,Diciembre,6892.15,alta
Tecnologia,945.78,330,1642.93,23.4,Diciembre,8100.77,alta
Deportes,1909.06,108,2118.26,12.7,Septiembre,16563.99,alta
Ropa,596.64,245,1964.18,8.1,Marzo,12944.71,alta
Deportes,1751.15,384,1974.65,15.8,Abril,21111.51,alta
Deportes,1241.32,212,1631.3,13.1,Marzo,22927.23,alta
Deportes,1332.13,125,2027.24,15.6,Abril,32587.01,alta
Deportes,1728.2,176,3307.6,30.3,Julio,30888.58,alta
Alimentos,,295,4253.08,12.8,Julio,17234.42,alta
Hogar,493.0,400,1799.64,9.7,Diciembre,11009.78,alta
Deportes,1375.94,229,2400.63,19.0,Abril,18744.19,alta
Deportes,1369.98,148,84.32,39.1,Julio,20159.72,alta
Alimentos,,468,3585.72,45.0,Abril,21489.61,alta
Deportes,892.75,414,1102.53,25.6,Febrero,9044.72,alta
Tecnologia,64.8,344,3013.37,25.6,Noviembre,3799.09,media
Ropa,1116.97,327,2897.0,25.9,Noviembre,18816.77,alta
Alimentos,1904.77,428,2146.59,40.3,Febrero,34464.34,alta
Ropa,1795.46,119,2229.69,46.4,Agosto,9823.64,alta
Deportes,1491.59,106,4412.26,9.3,Febrero,33869.44,alta
Deportes,90.31,27,974.2,18.7,Agosto,1748.33,media
Alimentos,1933.8,30,624.24,22.7,Abril,11326.97,alta
Tecnologia,1738.16,491,4281.43,10.6,Mayo,30610.68,alta
Tecnologia,1625.75,429,1938.34,46.2,Noviembre,24419.8,alta
Tecnologia,1671.22,432,2505.87,16.4,Agosto,12851.7,alta
Ropa,169.42,201,,48.1,Agosto,3837.2,media
Alimentos,1911.61,178,2764.43,34.2,Enero,20985.03,alta
Tecnologia,18.31,20,1186.13,42.3,Junio,434.18,baja
Alimentos,1778.73,185,1101.32,5.8,Enero,23946.62,alta
Hogar,1113.93,290,461.53,43.3,Septiembre,26798.69,alta
Ropa,1593.08,422,341.91,22.3,Febrero,15817.87,alta
Ropa,1157.13,426,,25.4,Febrero,21445.83,alta
Alimentos,800.45,396,2798.27,47.0,Septiembre,17644.61,alta
Deportes,1026.18,313,2058.6,23.1,Abril,16709.72,alta
Tecnologia,720.62,376,1112.07,33.9,Septiembre,6638.88,alta
Hogar,155.01,181,552.86,10.1,Febrero,3446.35,media
Deportes,569.27,430,134.41,36.6,Mayo,11317.48,alta
Deportes,1530.66,382,2106.98,31.5,Noviembre,20678.69,alta
Alimentos,1034.81,315,940.58,2.9,Diciembre,18824.88,alta
Hogar,78.61,53,3442.05,33.7,Agosto,3104.56,media
Hogar,1515.53,46,295.76,6.5,Noviembre,10852.46,alta
Alimentos,1104.33,135,1564.16,46.9,Agosto,8968.0,alta
Hogar,578.54,485,4799.46,37.8,Agosto,7775.51,alta
Ropa,1636.23,487,1209.18,48.6,Diciembre,8556.32,alta
Ropa,1167.82,397,4357.36,9.4,Enero,27555.38,alta
Ropa,785.11,441,3613.33,39.6,Noviembre,16300.83,alta
Hogar,1178.92,438,4668.99,21.4,Julio,21705.25,alta
Deportes,901.6,410,,18.7,Enero,25286.78,alta
Ropa,1343.79,405,1927.89,32.2,Julio,4818.6,media
Ropa,1322.79,257,4472.71,0.9,Enero,31006.5,alta
Ropa,1333.38,69,,7.3,Enero,4476.49,media
Alimentos,552.26,265,319.4,15.4,Marzo,10047.71,alta
Alimentos,1583.37,115,4781.93,37.3,Abril,27050.61,alta
Tecnologia,203.69,221,636.62,28.7,Abril,5501.39,alta
Deportes,375.85,233,498.13,48.1,Mayo,9453.57,alta
Deportes,,443,4470.59,47.8,Agosto,27623.85,alta
Tecnologia,460.1,281,1123.3,2.5,Febrero,7154.46,alta
Tecnologia,,353,12.0,5.9,Noviembre,16444.96,alta
Tecnologia,467.7,245,390.72,41.4,Enero,10715.13,alta
Tecnologia,1260.18,142,2484.64,46.2,Junio,34398.2,alta
Hogar,838.46,476,1192.53,16.5,Marzo,21110.47,alta
Deportes,1611.34,369,2724.56,23.2,Diciembre,13483.26,alta
Deportes,1978.21,111,4810.94,1.2,Octubre,11004.44,alta
Hogar,1698.34,360,542.31,3.5,Noviembre,8946.48,alta
Tecnologia,1465.9,52,3623.67,45.4,Junio,27229.31,alta
Ropa,1810.78,354,196.54,24.8,Noviembre,23885.22,alta
Deportes,464.11,474,2220.92,26.6,Diciembre,9148.41,alta
Alimentos,596.24,337,3177.51,44.4,Abril,18039.11,alta
Tecnologia,897.81,286,4536.66,49.5,Julio,24630.69,alta
Alimentos,1686.01,303,3955.93,31.8,Julio,18631.88,alta
Tecnologia,944.78,327,,31.8,Mayo,9218.42,alta
ALIMENTOS,775.41,79,4397.31,42.4,Agosto,24139.42,alta
Hogar,1464.64,260,3390.74,32.6,Marzo,40855.34,alta
Deportes,33.34,191,,49.0,Abril,3796.89,media
Ropa,133.45,200,3900.53,2.6,Enero,5270.24,alta
Hogar,1195.14,311,570.62,15.5,Marzo,35602.31,alta
Hogar,1230.56,66,,35.5,Octubre,25936.84,alta
Ropa,95.46,41,2788.35,8.2,Abril,3446.97,media
Tecnologia,468.31,311,2257.96,47.4,Junio,14915.72,alta
Ropa,807.76,150,4378.35,16.5,Marzo,6353.03,alta
Alimentos,1670.4,462,3398.27,25.2,Agosto,16540.72,alta
Ropa,941.51,72,1097.05,33.4,Junio,28289.36,alta
Deportes,1729.27,100,2671.61,31.3,Julio,25833.66,alta
Hogar,,424,4190.15,48.0,Febrero,32821.62,alta
Ropa,860.69,23,3905.34,46.8,Agosto,8354.9,alta
Deportes,1345.0,289,950.3,5.1,Mayo,5279.51,alta
Tecnologia,601.45,411,890.39,26.9,Agosto,14761.1,alta
Ropa,1168.68,55,4862.01,36.3,Junio,33550.89,alta
Alimentos,1343.87,156,143.54,15.0,Septiembre,33355.1,alta
Alimentos,26.48,60,2118.76,5.1,Agosto,2036.93,media
HOGAR,337.25,245,,37.0,Diciembre,10055.05,alta
Ropa,75.59,259,2740.61,21.1,Febrero,3010.59,media
Deportes,1283.48,161,4764.3,15.5,Febrero,208389.9824796393,alta
Tecnologia,,396,3322.37,37.2,Mayo,23507.77,alta
Ropa,1531.97,245,4641.67,16.9,Septiembre,15040.54,alta
Deportes,,239,237.43,26.1,Marzo,5869.77,alta
Hogar,851.15,316,2500.2,29.9,Abril,18984.2,alta
Hogar,909.21,219,3767.52,9.5,Febrero,7513.73,alta
Ropa,1103.74,203,1738.27,3.3,Septiembre,5683.07,alta
Ropa,1309.07,437,4991.81,25.9,Enero,33017.55,alta
Alimentos,1961.97,170,4620.37,8.9,Julio,38607.32,alta
Deportes,1612.82,45,634.44,29.7,Febrero,8694.86,alta
Hogar,1760.87,393,3279.75,2.9,Octubre,9855.33,alta
Deportes,1676.51,193,,17.8,Mayo,40070.69,alta
Ropa,1164.53,443,686.65,5.9,Enero,22545.57,alta
Deportes,1419.45,439,,34.5,Agosto,30511.39,alta
DEPORTES,1152.83,497,2185.31,16.5,Mayo,28413.19,alta
Hogar,1496.22,449,1349.24,26.8,Abril,27185.16,alta
Alimentos,176.31,55,1551.5,7.0,Octubre,2993.78,media
Tecnologia,1788.23,495,1956.6,14.3,Julio,27868.2,alta
Hogar,702.0,477,1452.47,4.8,Febrero,20738.99,alta
Hogar,811.97,479,1736.56,36.7,Agosto,8026.6,alta
Hogar,761.23,280,3502.41,31.0,Marzo,17543.51,alta
Deportes,222.8,263,1307.57,6.2,Abril,1954.09,media
Ropa,1122.48,371,59.3,45.9,Mayo,30699.14,alta
Hogar,1742.16,74,3357.81,36.7,Septiembre,17670.96,alta
Tecnologia,1557.09,210,2238.27,3.7,Diciembre,26937.95,alta
Deportes,178.48,427,1349.8,2.8,Julio,5040.82,alta
Deportes,715.26,384,2558.44,40.0,Octubre,22470.66,alta
Ropa,1912.89,414,1499.99,32.9,Febrero,56828.08,alta
Hogar,144.94,276,2737.0,38.2,Febrero,6451.25,alta
Tecnologia,822.32,79,4867.72,42.1,Marzo,26588.54,alta
Deportes,456.42,287,371.44,14.1,Abril,9768.47,alta
Ropa,111.8,27,4703.3,39.9,Enero,4554.68,media
Tecnologia,60.8,17,4571.86,19.6,Junio,5067.73,alta
Alimentos,78.92,221,3628.64,11.4,Agosto,3606.35,media
Deportes,908.89,129,873.74,37.0,Agosto,21919.41,alta
Alimentos,611.21,477,2175.78,19.4,Marzo,14697.13,alta
DEPORTES,727.24,403,2044.17,37.0,Agosto,6609.48,alta
Ropa,620.7,375,1705.47,30.2,Septiembre,7985.65,alta
Tecnologia,1779.11,386,,49.6,Febrero,10141.17,alta
Hogar,204.65,396,3779.74,21.1,Mayo,8804.15,alta
Ropa,473.15,65,4227.65,39.2,Septiembre,5347.92,alta
Hogar,609.57,281,3049.16,44.0,Marzo,4784.0,media
Alimentos,1719.37,178,3419.7,32.6,Enero,47578.86,alta
Alimentos,610.92,86,1816.41,32.6,Enero,5376.69,alta
Ropa,,45,4362.75,30.0,Mayo,9099.93,alta
Hogar,243.7,327,3124.62,18.4,Marzo,5717.62,alta
Hogar,638.15,180,3930.87,25.5,Julio,13164.41,alta
Deportes,904.43,409,138.61,44.5,Octubre,16473.84,alta
Deportes,981.28,224,1932.45,49.7,Febrero,23596.65,alta
Hogar,270.82,231,4015.0,20.2,Abril,10072.62,alta
Tecnologia,1272.47,129,674.76,34.7,Julio,28210.18,alta
Tecnologia,1003.6,229,4328.1,17.6,Abril,8180.46,alta
Deportes,656.45,294,,16.9,Junio,16783.91,alta
Ropa,558.39,151,,28.6,Septiembre,14027.2,alta
Hogar,1921.18,216,4523.47,6.1,Abril,54031.75,alta
Hogar,1627.64,25,692.3,31.7,Julio,23245.28,alta
Alimentos,923.35,226,526.33,35.3,Mayo,23298.44,alta
Hogar,1336.38,70,967.08,8.6,Febrero,9915.36,alta
Deportes,663.22,87,292.8,0.7,Agosto,9905.95,alta
Ropa,,393,,37.3,Enero,7573.43,alta
Tecnologia,1342.07,291,4706.87,10.1,Julio,23960.63,alta
alimentos,828.3,146,1524.33,8.1,Febrero,15392.84,alta
Tecnologia,501.67,293,134.81,42.6,Julio,3401.33,media
Alimentos,354.3,391,1444.34,49.9,Noviembre,5205.95,alta
Deportes,832.89,102,4859.09,40.0,Abril,25869.01,alta
Hogar,,201,1345.11,6.4,Enero,19508.88,alta
Alimentos,1411.05,391,3789.76,26.0,Octubre,10566.05,alta
DEPORTES,759.25,247,1192.82,23.0,Diciembre,5148.14,alta
Tecnologia,499.53,66,3136.77,10.9,Julio,6655.76,alta
Tecnologia,1276.41,448,2708.01,9.5,Julio,14309.26,alta
Alimentos,353.6,246,,31.9,Enero,4590.36,media
Ropa,969.53,16,1672.75,27.5,Abril,21730.7,alta
Hogar,1014.05,240,4680.72,13.9,Marzo,9386.62,alta
Alimentos,380.81,164,2186.84,7.1,Noviembre,6704.14,alta
Tecnologia,1783.51,173,1680.04,42.5,Mayo,179738.82997159992,alta
Deportes,420.95,291,2175.33,27.5,Julio,6799.18,alta
ALIMENTOS,946.19,483,890.67,15.4,Octubre,4455.99,media
Deportes,350.56,35,2428.42,30.0,Agosto,195961.64547919002,alta
Tecnologia,1096.5,385,,28.2,Febrero,11831.58,alta
Deportes,1364.29,461,4563.9,34.0,Marzo,23935.55,alta
Deportes,120.33,64,4712.06,21.4,Octubre,5137.4,alta
Deportes,94.25,55,1029.2,16.3,Mayo,2986.45,media
Tecnologia,862.76,111,3466.71,17.6,Diciembre,24786.53,alta
Alimentos,1061.39,141,527.28,45.6,Septiembre,4162.5,media
DEPORTES,1283.25,311,3748.34,29.2,Febrero,39194.03,alta
Tecnologia,491.43,419,4953.91,33.9,Junio,17494.0,alta
Alimentos,46.63,459,4229.14,7.7,Noviembre,4835.51,media
Alimentos,512.91,264,,49.2,Julio,13868.99,alta
Alimentos,590.75,418,161.96,29.3,Junio,7037.31,alta
Alimentos,1375.29,396,3961.79,8.5,Enero,20549.62,alta
Tecnologia,1008.57,416,1880.25,7.0,Octubre,26917.51,alta
Tecnologia,1733.71,498,555.26,23.9,Abril,14335.75,alta
Tecnologia,769.91,93,2954.53,34.3,Diciembre,13381.07,alta
Deportes,647.87,265,942.05,3.3,Noviembre,15374.5,alta
Hogar,112.63,26,849.62,36.4,Diciembre,3049.1,media
Alimentos,1387.24,489,3123.16,48.5,Noviembre,26804.23,alta
Ropa,827.98,310,2381.66,47.2,Julio,8162.26,alta
Hogar,1797.25,144,4563.59,31.7,Abril,52830.9,alta
Alimentos,329.54,334,1884.11,24.1,Octubre,3490.14,media
Tecnologia,985.95,325,,42.0,Octubre,30996.58,alta
Alimentos,1763.11,74,4205.45,35.5,Julio,25587.16,alta
Alimentos,290.02,59,2056.73,45.6,Octubre,2305.3,media
Alimentos,,382,4693.09,1.1,Octubre,44561.24,alta
ALIMENTOS,1313.02,348,663.96,21.9,Marzo,37739.18,alta
Tecnologia,,227,4989.91,12.8,Junio,27818.26,alta
Hogar,426.68,225,4620.59,42.5,Diciembre,11035.47,alta
Ropa,1231.16,94,3414.92,40.0,Octubre,14770.88,alta
Hogar,948.61,426,1121.93,15.4,Abril,12992.85,alta
Deportes,938.27,378,,4.2,Febrero,15748.5,alta
Tecnologia,979.82,347,48.66,41.9,Enero,29037.35,alta
Hogar,1425.12,402,3252.41,4.4,Diciembre,23911.84,alta
Ropa,1951.6,122,4234.95,40.8,Octubre,47927.44,alta
Alimentos,1426.17,413,1479.92,40.0,Abril,29573.93,alta
Hogar,1975.1,486,845.38,24.4,Noviembre,43975.0,alta
Alimentos,762.23,231,1865.02,41.8,Septiembre,6193.83,alta
Ropa,155.02,310,3103.52,36.2,Julio,4892.8,media
Ropa,981.12,56,200.77,25.6,Mayo,2255.74,media
Tecnologia,1871.06,217,1457.58,40.5,Abril,52181.48,alta
Hogar,,210,1293.75,7.4,Enero,7464.18,alta
Tecnologia,221.32,307,363.0,42.2,Marzo,130762.29346155596,media
Hogar,1097.15,74,145.91,24.5,Marzo,32169.12,alta
Hogar,1040.72,495,3856.59,35.5,Septiembre,11287.57,alta
Deportes,131.36,433,4325.92,6.3,Mayo,4731.18,media
Ropa,812.56,190,3986.82,24.7,Abril,7629.31,alta
Alimentos,1054.81,471,332.08,12.1,Mayo,12712.46,alta
Alimentos,1681.89,202,4091.37,2.6,Octubre,8640.41,alta
Deportes,477.32,101,3772.99,46.8,Septiembre,16020.44,alta
Hogar,820.27,111,2688.02,30.9,Agosto,26221.2,alta
Tecnologia,1366.62,7,95.0,14.4,Abril,30289.37,alta
Tecnologia,1383.21,318,,16.2,Abril,36873.57,alta
Deportes,1292.19,183,3685.92,16.4,Febrero,9579.11,alta
Ropa,1371.52,179,1279.41,14.3,Junio,22536.6,alta
Ropa,1817.73,45,1571.73,1.1,Junio,7326.04,alta
Alimentos,720.03,260,2142.95,20.7,Enero,18728.49,alta
Tecnologia,853.96,31,,8.0,Febrero,12552.11,alta
Tecnologia,1257.9,491,4303.77,45.6,Agosto,28332.12,alta
Ropa,316.88,120,2799.02,15.5,Diciembre,6444.34,alta
Deportes,1469.24,255,735.57,4.6,Mayo,23238.16,alta
Ropa,1857.84,80,,4.2,Octubre,38119.32,alta
Tecnologia,1003.32,332,4361.4,5.3,Febrero,11412.09,alta
Tecnologia,1330.19,170,2227.64,34.4,Noviembre,8935.17,alta
Ropa,1780.7,274,4865.44,37.0,Junio,55943.41,alta
Hogar,383.74,456,1692.41,12.1,Diciembre,8193.24,alta
ALIMENTOS,1005.06,268,622.26,32.6,Julio,17807.48,alta
Deportes,209.54,341,3444.01,34.1,Abril,8726.89,alta
Deportes,198.21,438,4435.0,29.9,Octubre,8543.41,alta
Alimentos,163.2,257,1376.99,13.3,Junio,5503.54,alta
Deportes,508.24,317,3255.9,38.7,Noviembre,220155.53964992342,alta
Tecnologia,777.01,272,3408.31,34.1,Junio,7542.88,alta
Tecnologia,1025.5,360,3153.39,39.2,Julio,14974.54,alta
Ropa,1311.41,152,3274.25,28.0,Septiembre,42503.05,alta
Tecnologia,873.95,343,2409.84,45.7,Febrero,15031.52,alta
Deportes,452.52,306,362.57,48.1,Marzo,11764.14,alta
Deportes,485.38,56,2081.74,41.7,Noviembre,10629.85,alta
Hogar,1517.61,278,,16.8,Diciembre,40351.94,alta
Ropa,79.4,306,2034.08,15.4,Septiembre,3733.57,media
Ropa,736.26,446,2513.62,19.7,Agosto,23358.7,alta
Hogar,677.81,77,2694.95,8.0,Enero,19498.7,alta
Alimentos,503.79,126,2437.48,24.3,Octubre,12282.6,alta
Tecnologia,,20,3468.03,26.2,Febrero,20357.08,alta
Hogar,14.74,9,2644.02,28.7,Mayo,2601.23,media
Hogar,1488.01,409,1467.11,15.0,Noviembre,46030.8,alta
HOGAR,732.94,444,746.39,39.8,Enero,18512.74,alta
Hogar,1679.92,298,4171.42,10.4,Diciembre,22851.98,alta
Ropa,1605.56,227,1191.33,37.1,Noviembre,44723.32,alta
Hogar,483.23,209,2708.2,5.2,Julio,12938.14,alta
Deportes,475.51,409,2445.61,12.5,Septiembre,6467.3,alta
Tecnologia,964.77,168,3296.74,32.5,Marzo,27364.96,alta
Tecnologia,1278.02,44,2961.19,34.2,Enero,6538.95,alta
Tecnologia,787.16,261,2940.61,26.5,Julio,23334.74,alta
Hogar,1462.33,199,249.74,44.7,Diciembre,30373.46,alta
Alimentos,,100,4117.86,24.1,Noviembre,12525.95,alta
Tecnologia,,206,3203.75,4.5,Diciembre,42135.89,alta
Alimentos,,243,2917.04,20.4,Enero,8418.19,alta
Alimentos,1417.0,444,,2.4,Febrero,7200.74,alta
Alimentos,1141.53,233,2659.12,10.4,Abril,29095.28,alta
Deportes,380.61,188,2094.33,41.5,Enero,11671.08,alta
Deportes,1104.46,489,3216.5,26.1,Junio,33557.91,alta
Tecnologia,536.66,402,,5.0,Febrero,8586.12,alta
Ropa,603.36,286,3076.3,49.8,Enero,8562.03,alta
Alimentos,171.98,265,4937.96,40.7,Diciembre,209149.74082531192,alta
Tecnologia,550.45,346,,10.2,Septiembre,13317.42,alta
Deportes,1131.63,302,313.35,28.0,Octubre,9789.17,alta
Tecnologia,1488.76,248,2512.24,17.5,Abril,46184.02,alta
Hogar,1693.05,128,575.62,39.8,Febrero,22410.56,alta
Ropa,523.62,455,1411.52,47.6,Noviembre,5099.97,alta
Ropa,1047.24,186,119.07,13.3,Julio,28583.44,alta
Deportes,1187.63,436,2194.1,19.0,Abril,19001.09,alta
Hogar,1280.72,51,832.93,36.4,Agosto,3318.11,media
Tecnologia,1873.76,424,2685.8,15.2,Mayo,30019.01,alta
Hogar,,274,4121.23,1.7,Febrero,28686.09,alta
Ropa,1886.44,395,2564.12,46.0,Octubre,12777.89,alta
Deportes,239.68,481,1457.36,18.9,Julio,7857.4,alta
Tecnologia,1034.38,391,885.28,23.2,Enero,32278.01,alta
Alimentos,459.27,306,2325.25,27.3,Octubre,7668.09,alta
Alimentos,18.46,367,435.27,18.2,Abril,796.29,baja
Ropa,509.24,380,2480.59,26.8,Marzo,7439.06,alta
Alimentos,,137,2218.19,2.8,Julio,10055.44,alta
Alimentos,1660.62,317,2044.87,13.4,Julio,24471.23,alta
Ropa,853.87,305,,38.2,Abril,23732.77,alta
Tecnologia,850.85,28,4840.14,29.7,Agosto,12945.39,alta
Tecnologia,263.8,457,542.47,13.7,Enero,6085.28,alta
Alimentos,96.54,424,2855.64,11.2,Mayo,3699.94,media
Ropa,,495,1111.82,2.3,Julio,7928.15,alta
Ropa,1105.53,401,1966.6,49.8,Marzo,16242.8,alta
Alimentos,1788.45,182,2856.88,13.9,Mayo,24873.89,alta
Alimentos,78.77,377,1365.4,40.3,Febrero,2195.54,media
Hogar,558.59,50,1936.13,21.8,Agosto,17435.82,alta
Ropa,714.05,200,1338.95,16.2,Noviembre,10691.12,alta
Deportes,1585.91,352,4857.26,47.8,Noviembre,15767.29,alta
Deportes,,91,4116.88,27.9,Marzo,15669.17,alta
Ropa,239.57,327,,37.2,Mayo,7451.38,alta
Alimentos,116.25,46,4065.86,41.5,Agosto,5744.62,alta
Deportes,991.76,72,3622.59,29.2,Septiembre,18326.29,alta
Deportes,,10,4189.6,43.9,Mayo,3526.38,media
Tecnologia,1052.31,321,1603.61,42.6,Julio,31695.77,alta
Deportes,326.78,392,1647.45,6.1,Noviembre,7069.7,alta
Ropa,1326.96,485,3533.6,13.9,Diciembre,9027.98,alta
Tecnologia,634.45,234,25.56,18.3,Abril,17777.88,alta
Tecnologia,1520.02,139,588.67,33.9,Noviembre,17931.5,alta
Hogar,,181,279.04,42.4,Julio,7906.8,alta
Tecnologia,1875.17,108,4165.57,32.0,Enero,8731.7,alta
Alimentos,611.61,241,213.03,20.2,Agosto,166693.10722486314,media
Hogar,,13,4790.14,25.2,Septiembre,47417.69,alta
Ropa,1904.59,463,3275.48,20.6,Julio,39476.56,alta
Ropa,298.44,99,131.78,8.9,Agosto,9165.97,alta
Alimentos,67.71,338,2550.06,21.8,Mayo,2801.12,media
Ropa,1628.72,147,2910.68,29.8,Abril,38783.46,alta
Hogar,1089.41,485,246.42,11.3,Febrero,24281.39,alta
Tecnologia,1553.69,248,1680.04,18.2,Diciembre,32543.44,alta
Hogar,599.77,495,0.54,15.5,Febrero,4813.03,media
Deportes,775.5,379,970.31,13.2,Agosto,7403.9,alta
Alimentos,1529.16,477,80.36,41.6,Abril,28790.66,alta
Deportes,656.8,19,3360.38,4.0,Octubre,10795.86,alta
Tecnologia,1660.39,483,2402.36,28.3,Diciembre,25338.75,alta
Alimentos,1871.61,356,4184.25,18.8,Diciembre,31226.26,alta
ropa,,15,1693.54,41.7,Septiembre,16417.94,alta
Alimentos,1099.24,73,1771.37,45.9,Noviembre,15162.66,alta
Hogar,1733.47,191,702.16,12.3,Octubre,26252.88,alta
Hogar,1859.39,292,3703.38,5.0,Febrero,14112.61,alta
Hogar,986.4,394,1012.15,49.5,Abril,20546.99,alta
Deportes,1206.24,184,1512.1,12.1,Diciembre,182711.0346974766,alta
Tecnologia,263.78,364,200.39,20.7,Febrero,2879.32,media
Ropa,204.9,489,3911.03,6.1,Octubre,9624.4,alta
Tecnologia,1437.38,284,3552.65,44.0,Febrero,44518.12,alta
Alimentos,1579.23,361,4916.76,23.2,Febrero,33433.45,alta
Deportes,1445.16,476,1875.45,29.9,Junio,5785.64,alta
ROPA,598.85,399,3503.62,4.3,Diciembre,8503.91,alta
Hogar,1306.44,85,497.29,5.5,Marzo,40052.53,alta
Alimentos,1253.64,272,1765.89,9.4,Noviembre,8561.0,alta
Hogar,39.82,226,3525.69,21.9,Octubre,4409.03,media
Tecnologia,495.62,449,679.88,18.0,Junio,13966.83,alta
Ropa,248.84,469,2199.84,36.8,Mayo,5055.36,alta
Deportes,,464,2848.76,36.5,Mayo,32616.74,alta
Hogar,1675.2,123,534.62,37.5,Febrero,29867.99,alta
Ropa,528.33,84,92.56,29.1,Noviembre,9295.04,alta
Alimentos,,434,4594.86,1.2,Noviembre,27429.44,alta
Ropa,624.67,139,778.38,10.9,Octubre,13961.44,alta
Tecnologia,,53,3500.67,45.3,Noviembre,49757.06,alta
deportes,1185.14,158,4276.5,43.0,Septiembre,33399.43,alta
Deportes,241.42,179,86.94,35.5,Enero,895.53,baja
Hogar,39.69,158,1899.59,48.8,Agosto,2409.44,media
Ropa,1537.17,369,2407.87,23.0,Abril,21814.89,alta
Hogar,1198.91,491,2136.62,8.7,Abril,14297.77,alta
Ropa,144.4,399,1481.14,22.3,Octubre,4030.13,media
Tecnologia,878.25,410,1348.28,6.4,Octubre,16578.77,alta
Tecnologia,1727.58,192,2471.55,16.8,Noviembre,15425.22,alta
Tecnologia,1589.55,247,239.1,28.9,Septiembre,13836.9,alta
Hogar,,89,1509.43,41.5,Junio,54162.22,alta
Tecnologia,616.54,450,4862.05,13.3,Julio,15971.49,alta
Hogar,261.39,307,,10.3,Julio,5044.47,alta
Alimentos,1354.21,382,3718.96,33.2,Febrero,23962.65,alta
Deportes,518.46,453,3598.13,43.9,Septiembre,14496.71,alta
Ropa,1362.56,276,,38.9,Junio,12386.14,alta
Alimentos,1124.75,474,2103.99,22.5,Junio,29586.09,alta
Ropa,1517.76,363,4655.18,26.2,Noviembre,39815.42,alta
Alimentos,1602.09,397,1344.16,45.5,Mayo,11966.8,alta
Alimentos,1851.12,115,4710.63,0.1,Enero,14379.03,alta
Hogar,,270,3105.7,36.5,Diciembre,3490.92,media
Deportes,784.81,388,1108.06,13.2,Marzo,205542.3296481623,alta
Deportes,379.95,490,3329.15,17.0,Agosto,12856.97,alta
Tecnologia,,65,3929.62,27.8,Agosto,11445.76,alta
Ropa,1099.45,490,2109.83,3.1,Agosto,10345.35,alta
Tecnologia,895.22,208,4300.27,39.7,Octubre,25496.91,alta
Alimentos,,258,3160.55,30.9,Septiembre,22936.88,alta
Deportes,1440.18,213,3584.63,37.6,Enero,5815.51,alta
HOGAR,200.49,328,734.2,33.3,Julio,5601.19,alta
Alimentos,822.07,419,3147.51,1.3,Diciembre,11411.31,alta
Tecnologia,953.69,352,1515.48,39.4,Agosto,16482.55,alta
Hogar,143.76,443,2876.65,20.8,Octubre,4671.83,media
Alimentos,164.69,195,2343.71,11.0,Junio,6513.41,alta
Tecnologia,1951.46,252,4781.53,40.1,Septiembre,10638.61,alta
Tecnologia,143.92,166,818.7,18.1,Mayo,3677.08,media
Alimentos,1024.73,24,1.23,32.4,Febrero,27988.7,alta
Ropa,500.06,367,4689.74,28.5,Enero,16648.03,alta
Deportes,1165.48,408,3415.86,11.0,Junio,33510.45,alta
Ropa,411.06,79,,46.0,Agosto,11682.38,alta
Hogar,143.75,457,2438.53,8.0,Enero,3903.94,media
Tecnologia,234.84,472,3614.77,22.5,Mayo,10441.52,alta
Deportes,593.47,389,4862.15,19.2,Febrero,12861.57,alta
Tecnologia,747.64,295,2194.18,31.5,Agosto,7383.12,alta
Tecnologia,176.25,44,2617.14,25.6,Diciembre,4461.48,media
Hogar,1773.54,93,4669.58,43.4,Agosto,7171.43,alta
Deportes,,268,1221.12,34.0,Junio,17945.21,alta
Hogar,1629.15,210,3140.54,39.3,Mayo,15250.4,alta
Tecnologia,1659.21,155,4088.74,14.4,Abril,8332.56,alta
Ropa,1603.65,79,3028.61,25.5,Julio,33354.49,alta
Deportes,1444.33,424,2575.34,49.9,Agosto,37269.76,alta
Ropa,,32,1795.55,9.2,Enero,17698.56,alta
Deportes,,429,4289.94,31.5,Julio,31193.5,alta
Tecnologia,974.2,441,533.02,34.9,Mayo,30385.95,alta
deportes,1406.74,155,4824.62,33.2,Junio,11247.63,alta
Alimentos,1473.46,429,4646.89,14.4,Octubre,44201.4,alta
Tecnologia,395.83,88,,30.1,Septiembre,1472.82,baja
Tecnologia,834.48,376,717.24,0.5,Abril,25113.71,alta
Ropa,522.45,112,2855.57,35.7,Enero,15450.15,alta
Alimentos,299.34,327,2707.09,6.4,Septiembre,11506.91,alta
Hogar,601.68,499,2377.97,11.1,Junio,13917.16,alta
Deportes,151.3,152,1373.42,34.9,Octubre,3636.88,media
Hogar,1056.06,29,3018.64,42.2,Junio,23481.29,alta
Hogar,1416.09,343,1147.03,33.7,Septiembre,10047.82,alta
Ropa,1994.95,112,1013.9,20.2,Octubre,5737.29,alta
Deportes,722.22,282,766.96,37.0,Enero,12742.51,alta
Deportes,1991.29,207,2311.99,28.9,Mayo,9022.82,alta
Alimentos,,321,,21.9,Octubre,14571.92,alta
Alimentos,,348,2800.07,9.9,Junio,42851.8,alta
Deportes,62.55,33,1474.79,3.8,Abril,2043.75,media
Tecnologia,764.49,288,2073.18,33.3,Marzo,10585.26,alta
Deportes,1478.69,467,2623.68,11.8,Mayo,38671.35,alta
Ropa,175.22,203,369.53,5.3,Mayo,2176.27,media
Tecnologia,44.55,219,858.6,5.9,Febrero,1841.87,media
Deportes,1731.24,82,2580.07,49.5,Noviembre,50145.26,alta
Deportes,1201.41,300,1531.18,4.0,Diciembre,20586.41,alta
Ropa,1698.07,481,4152.79,44.9,Agosto,54348.57,alta
Tecnologia,1748.22,254,4700.7,37.7,Marzo,32077.54,alta
Deportes,262.93,429,2351.39,20.6,Junio,8992.27,alta
Deportes,262.52,414,1924.6,42.5,Diciembre,8334.18,alta
Hogar,736.97,10,3263.91,8.4,Febrero,20841.87,alta
Ropa,799.37,389,2144.99,14.8,Octubre,6392.35,alta
Ropa,30.87,318,682.89,42.9,Diciembre,1158.78,baja
Ropa,25.91,153,2703.03,31.4,Mayo,3161.97,media
Hogar,199.05,299,4763.91,14.7,Agosto,7422.14,alta
Deportes,735.2,16,611.14,16.2,Julio,18552.81,alta
Ropa,1271.81,40,265.52,8.6,Noviembre,37907.76,alta
Deportes,793.7,364,816.77,10.7,Septiembre,21044.62,alta
Deportes,544.65,398,4199.6,49.9,Noviembre,7751.63,alta
Tecnologia,1082.91,439,488.45,45.0,Agosto,27929.79,alta
Hogar,1555.74,421,4761.89,41.9,Septiembre,34701.88,alta
Ropa,520.58,316,1847.72,18.6,Septiembre,4198.98,media
Tecnologia,,182,4610.18,47.4,Noviembre,30963.82,alta
Hogar,1459.09,139,1354.73,26.2,Noviembre,17854.03,alta
Hogar,414.67,242,1246.62,49.8,Octubre,8417.72,alta
Ropa,678.25,91,3905.6,20.6,Noviembre,21924.91,alta
HOGAR,1927.57,138,324.98,36.7,Octubre,53912.57,alta
Hogar,1735.42,430,1648.06,26.1,Septiembre,48242.65,alta
deportes,1853.9,451,149.76,45.6,Noviembre,6957.56,alta
Hogar,,371,1896.94,17.6,Septiembre,3249.26,media
Hogar,200.7,379,2174.57,22.2,Junio,4595.65,media
Alimentos,1612.96,464,2628.09,34.8,Noviembre,13137.05,alta
Tecnologia,,144,2250.97,1.9,Noviembre,4850.82,media
Alimentos,1640.79,480,1080.19,34.3,Noviembre,22685.6,alta
Hogar,327.08,492,4406.83,29.6,Febrero,8499.75,alta
Ropa,,399,854.56,15.2,Septiembre,11932.51,alta
Hogar,557.37,47,2269.86,25.1,Septiembre,17091.95,alta
Deportes,177.29,495,2508.5,4.0,Noviembre,3876.28,media
Tecnologia,1473.8,42,1038.09,3.4,Mayo,10803.56,alta
Alimentos,1325.16,54,1454.57,1.9,Diciembre,25455.43,alta
Deportes,230.27,446,2856.44,49.1,Octubre,5710.53,alta
Tecnologia,582.56,343,1864.09,26.4,Septiembre,17805.33,alta
Deportes,1349.9,59,,19.7,Abril,6364.12,alta
Tecnologia,737.31,29,2874.97,7.4,Agosto,17523.54,alta
Ropa,540.13,35,938.3,10.1,Febrero,15359.96,alta
ROPA,875.89,347,1857.89,15.6,Febrero,23178.65,alta
Tecnologia,,482,4041.83,0.1,Marzo,13292.66,alta
Alimentos,1718.91,422,4427.73,30.5,Julio,15230.09,alta
Tecnologia,665.93,140,3552.34,48.4,Agosto,16650.84,alta
Deportes,979.14,317,4231.66,21.6,Marzo,22668.78,alta
Ropa,1259.21,222,2098.88,1.4,Agosto,20657.13,alta
Deportes,1561.64,446,3779.67,34.0,Enero,12736.89,alta
Deportes,1312.55,330,3750.63,35.6,Mayo,20893.59,alta
Deportes,869.56,186,789.03,10.2,Diciembre,21253.12,alta
Hogar,,169,,41.7,Noviembre,2073.21,media
Alimentos,1892.45,276,237.66,28.6,Noviembre,50310.0,alta
Tecnologia,440.54,64,589.57,7.7,Agosto,12348.57,alta
Tecnologia,1688.0,146,4535.81,17.3,Febrero,48594.96,alta
Deportes,359.0,446,2616.94,13.0,Febrero,4730.83,media
Tecnologia,1951.18,50,3545.81,42.4,Enero,39974.5,alta
Hogar,609.07,232,2682.73,4.6,Febrero,11036.22,alta
Hogar,,131,2323.58,29.6,Noviembre,3750.55,media
Ropa,139.41,392,3901.33,2.6,Marzo,6139.12,alta
Hogar,493.91,481,2426.87,23.3,Junio,6688.96,alta
Hogar,1465.83,45,111.36,41.3,Mayo,27466.55,alta
Alimentos,1885.39,419,2165.92,40.7,Septiembre,40215.94,alta
Deportes,1071.8,228,1006.77,49.1,Diciembre,12895.85,alta
Hogar,316.13,384,2375.04,47.3,Julio,8781.06,alta
Alimentos,409.32,411,1044.37,44.8,Mayo,4868.73,media
Hogar,1207.87,381,1249.41,14.1,Octubre,11837.5,alta
Tecnologia,945.27,374,78.08,7.1,Septiembre,8307.35,alta
Ropa,983.7,377,1644.88,48.2,Enero,9929.44,alta
Hogar,622.28,5,4048.41,31.9,Abril,10983.3,alta
Alimentos,1666.37,234,965.93,20.5,Abril,44367.01,alta
Hogar,601.67,148,909.54,25.0,Abril,5020.63,alta
Alimentos,1168.39,384,1053.3,0.4,Julio,8261.91,alta
Hogar,525.28,389,2905.6,5.3,Abril,10143.46,alta
Ropa,1707.49,259,1403.04,30.8,Marzo,40141.1,alta
Deportes,268.07,351,2296.63,47.1,Septiembre,8901.68,alta
Tecnologia,1970.78,47,4803.73,3.5,Marzo,36458.34,alta
Alimentos,,71,1122.96,15.8,Febrero,3975.44,media
Tecnologia,1600.21,475,4608.09,30.8,Abril,51496.68,alta
Alimentos,1692.54,128,714.19,37.3,Agosto,25148.83,alta
Hogar,313.21,117,4877.82,35.1,Enero,10969.87,alta
Ropa,193.77,5,817.76,26.7,Enero,2986.03,media
Tecnologia,542.42,237,3502.19,37.2,Junio,8116.71,alta
Tecnologia,1344.2,347,3108.44,12.9,Diciembre,25195.37,alta
Hogar,1500.62,377,3093.59,0.0,Agosto,29093.34,alta
Hogar,1015.71,142,4702.82,45.9,Enero,26893.16,alta
Hogar,517.31,375,981.95,19.6,Febrero,9151.59,alta
Alimentos,408.53,365,1282.82,3.3,Julio,6723.57,alta
Alimentos,,104,4008.61,32.6,Junio,6626.6,alta
HOGAR,,24,36.52,17.7,Marzo,47571.15,alta
Ropa,1645.8,326,4646.84,47.7,Octubre,21208.39,alta
Alimentos,771.42,379,48.5,11.4,Abril,7041.34,alta
Ropa,1368.84,112,1371.78,1.3,Febrero,21930.54,alta
Deportes,1362.27,60,,49.9,Agosto,6725.41,alta
Ropa,1198.62,254,38.13,30.7,Agosto,34875.26,alta
Ropa,569.27,86,1518.24,35.9,Agosto,12896.29,alta
Alimentos,1383.19,113,4088.36,25.0,Octubre,13399.75,alta
Deportes,20.87,392,,44.4,Febrero,3743.65,media
Alimentos,,365,1487.51,42.8,Julio,201530.02881038963,media
Ropa,719.79,490,501.79,14.3,Febrero,16061.19,alta
Alimentos,1404.43,481,833.32,14.5,Abril,8749.67,alta
Hogar,933.33,202,2219.41,25.5,Septiembre,15883.24,alta
Hogar,1512.28,367,2740.53,23.6,Noviembre,46067.8,alta
Ropa,280.52,193,1353.03,44.8,Junio,4818.28,media
Tecnologia,626.73,68,4382.52,38.7,Mayo,18387.61,alta
Tecnologia,,137,2267.06,42.3,Agosto,23903.48,alta
Hogar,969.15,99,3612.86,28.7,Marzo,6449.8,alta
Hogar,78.94,39,3149.17,3.2,Marzo,2610.13,media
Ropa,1697.09,326,1945.45,3.0,Febrero,37424.24,alta
Alimentos,1015.23,235,3431.28,13.2,Febrero,11011.48,alta
Ropa,,425,1352.43,30.9,Agosto,15378.28,alta
ropa,1924.65,86,538.19,29.2,Febrero,14659.4,alta
Alimentos,,231,2240.7,42.5,Mayo,35915.99,alta
Hogar,1608.61,89,4312.64,11.8,Julio,45646.56,alta
Hogar,1134.05,178,2941.81,8.8,Enero,14455.02,alta
Tecnologia,,34,1632.1,42.2,Enero,7478.87,alta
Alimentos,29.92,455,3592.56,14.1,Febrero,4082.68,media
Deportes,,86,4110.38,17.3,Marzo,12968.19,alta
Deportes,912.61,208,1082.66,17.5,Enero,15543.88,alta
Alimentos,170.74,380,2571.33,45.7,Junio,6072.81,alta
Ropa,973.9,322,3609.69,49.1,Marzo,9679.98,alta
Tecnologia,1401.91,444,2785.16,20.0,Abril,25696.5,alta
Tecnologia,657.54,100,,43.4,Julio,6872.4,alta
Deportes,1984.21,43,29.7,5.7,Septiembre,53912.79,alta
hogar,886.81,360,2613.78,39.4,Marzo,11602.43,alta
Ropa,,18,1069.07,33.6,Febrero,30397.25,alta
Ropa,,33,,5.2,Julio,32393.6,alta
Ropa,904.84,255,3116.08,23.5,Agosto,25426.37,alta
Hogar,1795.07,281,749.49,14.9,Diciembre,16949.33,alta
Hogar,1739.84,172,4253.67,10.5,Mayo,17346.22,alta
Deportes,447.91,10,1199.24,46.2,Noviembre,10487.23,alta
Tecnologia,568.79,372,2768.74,19.8,Junio,16926.64,alta
Ropa,1727.01,247,1928.81,31.3,Octubre,10431.85,alta
tecnologia,1733.93,289,2727.57,2.1,Octubre,49573.17,alta
Tecnologia,871.51,389,4184.93,19.5,Agosto,9838.09,alta
ALIMENTOS,1745.09,206,3834.02,2.8,Septiembre,21277.86,alta
Ropa,1760.2,479,2427.17,36.4,Diciembre,53581.75,alta
Ropa,607.82,94,2626.74,37.6,Agosto,3311.5,media
Hogar,1861.88,192,1567.74,33.6,Febrero,20438.37,alta
Ropa,772.84,179,695.56,21.5,Julio,15451.46,alta
Hogar,1025.64,139,3539.84,27.5,Agosto,21264.2,alta
Alimentos,60.25,72,571.54,38.5,Julio,1172.4,baja
Ropa,562.54,89,455.5,15.7,Octubre,195623.0591480165,alta
Hogar,1672.79,399,271.67,12.3,Septiembre,5906.4,alta
Hogar,245.24,488,,16.8,Julio,8821.48,alta
Alimentos,,140,2334.81,11.6,Abril,8681.78,alta
Ropa,,68,,10.9,Junio,21756.49,alta
Tecnologia,1970.78,223,1634.75,17.5,Diciembre,46986.5,alta
Hogar,910.29,157,672.53,41.5,Febrero,20291.74,alta
Alimentos,401.12,324,,13.9,Mayo,6855.58,alta
Hogar,1691.75,168,4012.9,47.0,Febrero,39521.59,alta
Tecnologia,1035.05,244,1187.21,31.7,Marzo,10529.63,alta
Ropa,208.25,81,3532.22,23.1,Septiembre,4891.83,media
Ropa,,76,2174.89,34.6,Octubre,20578.13,alta
Deportes,1668.52,129,1910.04,48.5,Abril,20877.29,alta
Ropa,97.32,162,4619.99,42.4,Agosto,6273.16,alta
Deportes,1722.11,144,1525.38,11.6,Julio,14677.47,alta
Hogar,1680.65,373,2968.02,4.7,Enero,38455.36,alta
Alimentos,,128,1883.81,25.7,Abril,23040.15,alta
Alimentos,1046.89,193,3087.17,24.1,Enero,21005.49,alta
Deportes,1286.21,425,4635.61,17.5,Noviembre,22577.26,alta
Alimentos,39.46,319,573.96,31.4,Abril,786.47,baja
Deportes,,397,715.91,30.1,Abril,28717.46,alta
Hogar,541.42,245,3390.58,18.3,Abril,16018.45,alta
Ropa,1246.67,239,2734.43,22.5,Agosto,10377.57,alta
Deportes,1051.57,391,4844.0,15.5,Septiembre,27216.12,alta
Tecnologia,476.89,221,1426.69,33.3,Noviembre,14345.58,alta
ROPA,1661.16,299,2721.4,46.5,Enero,42455.52,alta
Hogar,1643.07,327,4031.43,5.5,Abril,31029.52,alta
Hogar,36.62,19,3155.01,3.8,Agosto,2379.38,media
Deportes,513.12,180,2420.4,14.8,Octubre,6551.32,alta
Tecnologia,1678.91,359,,21.0,Agosto,13085.77,alta
Deportes,1236.11,177,4454.55,21.5,Febrero,23157.52,alta
Alimentos,,10,1729.25,39.2,Febrero,24879.39,alta
Deportes,,320,3783.56,12.9,Mayo,15590.96,alta
Tecnologia,1433.42,76,1755.58,20.1,Agosto,29519.41,alta
Ropa,1563.61,119,3018.14,23.6,Noviembre,22770.0,alta
Tecnologia,1897.94,147,333.17,19.4,Junio,23908.45,alta
Deportes,1535.49,463,472.08,9.8,Septiembre,27397.68,alta
Tecnologia,1515.27,351,,34.9,Mayo,10459.96,alta
Deportes,1345.89,272,923.95,15.1,Noviembre,20738.11,alta
Alimentos,210.01,194,,12.6,Agosto,3990.35,media
Hogar,1339.29,168,3458.19,25.8,Octubre,38746.78,alta
Ropa,,330,1372.85,37.5,Marzo,1384.77,baja
Hogar,539.25,399,2438.92,42.0,Noviembre,9423.88,alta
Hogar,1658.91,471,818.36,16.0,Marzo,11009.51,alta
Tecnologia,157.71,444,2803.2,5.8,Abril,7675.63,alta
Ropa,267.4,379,924.23,11.7,Septiembre,3148.75,media
Hogar,1673.66,272,2909.68,28.8,Junio,41178.18,alta
Alimentos,1068.33,333,3499.11,19.3,Agosto,11892.64,alta
Ropa,488.73,204,4251.28,47.9,Mayo,16219.01,alta
Deportes,1545.33,76,,15.3,Febrero,24499.82,alta
Deportes,1878.73,194,2941.97,10.1,Noviembre,52141.23,alta
Alimentos,1741.03,151,1275.12,33.5,Noviembre,39901.22,alta
Hogar,679.8,384,368.0,2.4,Mayo,11328.94,alta
Alimentos,877.54,348,3412.12,31.0,Abril,8204.15,alta
Deportes,1695.11,312,4626.22,8.0,Marzo,39687.62,alta
Ropa,286.39,37,2751.99,27.9,Agosto,8999.91,alta
Deportes,1168.11,321,,21.5,Noviembre,23608.66,alta
Deportes,565.61,12,634.21,11.2,Julio,5495.06,alta
Alimentos,683.29,294,1786.28,32.9,Junio,11725.4,alta
Hogar,1073.7,183,,43.4,Febrero,24802.21,alta
Hogar,1149.62,292,4042.9,47.3,Julio,29563.92,alta
Tecnologia,685.04,298,1685.29,5.1,Noviembre,13681.66,alta
Alimentos,365.11,357,,3.9,Marzo,4628.24,media
Alimentos,216.37,384,3272.92,12.3,Marzo,8396.3,alta
Alimentos,1039.77,482,4795.5,14.4,Mayo,25335.56,alta
Ropa,1219.39,209,3461.15,29.3,Diciembre,5938.21,alta
Alimentos,,462,552.37,42.4,Mayo,2736.43,media
Tecnologia,1110.57,193,3388.26,41.0,Noviembre,33273.19,alta
Tecnologia,1007.15,316,518.1,29.2,Julio,24750.9,alta
Deportes,1436.1,46,,14.9,Mayo,24309.33,alta
Hogar,768.25,50,2241.68,13.0,Agosto,21090.4,alta
Deportes,1955.61,167,4178.72,6.4,Diciembre,52154.33,alta
Tecnologia,407.96,76,3922.88,7.9,Abril,15302.32,alta
Alimentos,1290.71,473,1222.71,20.0,Abril,10629.34,alta
Tecnologia,229.95,91,1741.24,45.4,Agosto,6468.77,alta
Tecnologia,126.35,240,2400.41,39.4,Septiembre,5237.84,alta
Ropa,1094.23,305,834.71,18.8,Octubre,11596.74,alta
Ropa,1661.36,340,905.87,3.4,Febrero,38349.17,alta
Hogar,1291.65,55,615.46,7.1,Agosto,12222.2,alta
Tecnologia,635.79,211,1292.82,47.4,Julio,17147.26,alta
Deportes,1981.77,93,4626.07,16.0,Noviembre,48251.62,alta
Hogar,,337,2074.44,20.4,Agosto,16726.61,alta
Alimentos,338.86,41,3385.99,20.0,Octubre,11574.66,alta
ROPA,507.63,75,2173.98,48.1,Agosto,7962.79,alta
ropa,1830.81,268,1540.94,9.9,Febrero,50881.85,alta
Deportes,1836.23,390,,8.7,Mayo,27685.73,alta
Deportes,1473.56,326,3404.61,43.6,Septiembre,10906.55,alta
Ropa,1310.41,229,604.25,29.0,Julio,36771.49,alta
Ropa,1147.22,347,4500.06,26.8,Diciembre,11186.42,alta
Deportes,1369.37,215,4047.79,39.4,Noviembre,9935.74,alta
Ropa,,336,768.02,10.1,Agosto,49556.44,alta
Ropa,1415.76,264,4713.45,7.6,Septiembre,30377.19,alta
Ropa,356.34,339,2437.59,3.7,Julio,5289.45,alta
Tecnologia,,187,760.79,19.8,Febrero,1523.4,media
Alimentos,542.76,252,265.05,25.9,Septiembre,12660.58,alta
Deportes,1728.64,290,1728.69,43.6,Agosto,9711.79,alta
Hogar,132.71,77,862.55,22.4,Febrero,3660.75,media
Tecnologia,1665.53,213,4952.93,24.0,Diciembre,29986.68,alta
Deportes,191.17,182,3047.05,38.7,Febrero,4606.95,media
Alimentos,467.14,366,2213.44,25.9,Septiembre,7586.25,alta
Tecnologia,1591.12,396,725.82,46.1,Octubre,18616.27,alta
Hogar,,66,,20.0,Mayo,19315.16,alta
Hogar,625.09,45,632.37,9.8,Febrero,2555.66,media
Deportes,1016.28,258,926.18,30.8,Mayo,30621.27,alta
Alimentos,356.36,366,4811.86,17.5,Septiembre,13293.93,alta
Ropa,954.35,335,1560.36,7.1,Enero,18868.68,alta
Hogar,270.4,354,,3.7,Marzo,3914.08,media
Ropa,1003.98,157,,25.6,Julio,9400.84,alta
Alimentos,1131.26,289,,25.1,Septiembre,33472.24,alta
Alimentos,1657.72,239,4532.05,37.7,Noviembre,25827.23,alta
Ropa,1051.26,33,4150.99,10.5,Enero,15477.24,alta
Hogar,111.91,281,,31.5,Junio,2330.5,media
Hogar,188.94,431,1373.92,43.8,Febrero,4686.6,media
DEPORTES,1562.41,158,1226.07,47.7,Febrero,31431.71,alta
Alimentos,1267.8,28,3525.46,14.2,Junio,28789.4,alta
Tecnologia,,37,3975.88,49.2,Marzo,11779.13,alta
Deportes,1358.98,5,561.42,30.3,Julio,17897.45,alta
Tecnologia,686.39,407,3057.26,1.8,Mayo,15872.95,alta
Alimentos,936.84,48,2187.63,37.6,Junio,23607.61,alta
Alimentos,194.17,485,4047.64,17.1,Diciembre,7451.92,alta
Alimentos,307.92,161,1348.35,45.6,Julio,6622.53,alta
Alimentos,741.4,78,4601.88,25.9,Enero,22487.58,alta
Alimentos,1816.67,347,3390.33,0.6,Enero,54619.57,alta
Deportes,725.45,90,4819.91,20.2,Octubre,18738.09,alta
Deportes,1682.34,480,4178.04,34.6,Julio,34618.5,alta
Tecnologia,1836.25,449,1450.44,11.6,Agosto,10482.84,alta
Alimentos,89.37,422,3542.12,13.6,Junio,6613.18,alta
HOGAR,528.4,119,2606.36,42.9,Agosto,16172.18,alta
Hogar,1586.4,223,1047.73,20.3,Julio,42660.21,alta
Ropa,1383.31,207,,3.1,Octubre,31386.01,alta
Tecnologia,529.4,363,3966.26,32.0,Junio,9838.51,alta
Alimentos,1929.79,230,3033.37,41.4,Agosto,46952.78,alta
Alimentos,,52,3627.66,46.8,Marzo,3966.68,media
Ropa,1267.7,157,2862.02,19.9,Enero,6706.44,alta
Alimentos,864.72,415,3599.67,44.9,Abril,13273.94,alta
Hogar,533.92,161,1978.03,45.1,Agosto,8344.66,alta
Alimentos,1617.6,114,1442.42,6.4,Enero,17990.4,alta
Hogar,1847.58,426,1439.76,23.3,Noviembre,31021.49,alta
Ropa,1115.36,438,1581.24,28.9,Octubre,15222.21,alta
Deportes,1179.21,208,,37.0,Febrero,23707.08,alta
Deportes,1982.76,130,2296.99,30.8,Mayo,44766.54,alta
Ropa,1748.56,441,3750.76,33.9,Abril,45339.83,alta
Ropa,1808.18,165,3519.72,14.1,Agosto,11254.93,alta
Tecnologia,1976.71,236,2591.65,5.7,Abril,29079.28,alta
Ropa,1149.35,233,1159.5,23.6,Agosto,16962.92,alta
Hogar,729.56,166,1307.03,47.7,Enero,8206.59,alta
Ropa,170.73,247,4653.21,37.5,Febrero,5518.29,alta
Hogar,1596.55,170,2931.19,31.9,Febrero,21333.54,alta
Alimentos,,188,3262.15,26.9,Octubre,34272.15,alta
Ropa,506.79,444,1827.03,10.6,Septiembre,9718.69,alta
Alimentos,619.89,490,623.31,12.0,Marzo,8898.44,alta
Alimentos,1700.9,46,4969.67,38.6,Octubre,15756.17,alta
Tecnologia,391.41,147,1560.78,7.0,Abril,12461.41,alta
Hogar,1330.17,271,2651.47,28.5,Septiembre,41896.16,alta
Deportes,1047.8,332,4669.61,16.9,Octubre,29826.44,alta
Ropa,1809.72,423,683.85,27.4,Agosto,11687.17,alta
Deportes,385.26,286,3691.14,29.6,Julio,14566.36,alta
Deportes,330.61,282,4249.54,15.8,Abril,8092.4,alta
Alimentos,1945.32,193,4240.9,43.5,Agosto,26153.22,alta
Deportes,152.15,110,3642.39,26.2,Agosto,6374.68,alta
Deportes,391.19,146,3898.29,35.3,Julio,7725.34,alta
Deportes,682.6,27,2670.35,29.5,Julio,22581.75,alta
Alimentos,790.83,247,353.24,26.6,Agosto,217612.2243895463,alta
Deportes,923.21,334,1218.29,10.7,Enero,5272.39,alta
Alimentos,1561.91,262,3189.31,6.8,Abril,42326.71,alta
Hogar,1418.21,49,2725.17,13.6,Agosto,39966.25,alta
Deportes,,46,,43.4,Octubre,19185.44,alta
Deportes,1187.34,235,4381.4,40.0,Enero,30691.46,alta
Hogar,1208.96,457,3610.93,19.3,Junio,31623.43,alta
Hogar,1238.79,258,4269.69,35.2,Enero,32313.31,alta
ALIMENTOS,402.93,461,1185.35,25.2,Octubre,8910.01,alta
Ropa,1432.31,138,3323.14,16.3,Marzo,33996.0,alta
Hogar,1068.13,399,404.95,23.0,Enero,25368.05,alta
Alimentos,1994.05,376,2326.69,47.2,Septiembre,9002.38,alta
Tecnologia,502.34,478,3452.09,15.7,Septiembre,10518.98,alta
Ropa,291.26,241,3535.42,37.9,Enero,4586.78,media
Hogar,22.82,276,2788.28,40.6,Abril,2646.47,media
Tecnologia,1396.35,129,3939.17,14.4,Mayo,22844.2,alta
Hogar,1413.95,296,3633.25,16.2,Mayo,24157.98,alta
Tecnologia,1291.58,438,4910.96,34.8,Marzo,40356.84,alta
Alimentos,1680.4,212,4263.48,30.2,Noviembre,36953.15,alta
Hogar,383.5,475,3315.5,48.4,Mayo,4605.75,media
Alimentos,1163.92,264,4055.41,16.3,Marzo,7111.61,alta
Hogar,596.71,44,1353.84,2.8,Octubre,8416.94,alta
Alimentos,,8,3118.26,35.8,Julio,19612.14,alta
Ropa,569.25,238,3149.27,22.9,Enero,16715.35,alta
Deportes,1880.36,433,1348.22,29.5,Agosto,37805.67,alta
Tecnologia,167.13,248,,19.1,Noviembre,2598.13,media
Hogar,1126.78,461,,2.3,Octubre,15648.34,alta
Deportes,914.25,475,77.23,45.0,Abril,16778.48,alta
Tecnologia,1741.06,297,2473.76,11.1,Mayo,17403.3,alta
Deportes,231.31,444,4083.44,29.2,Mayo,6579.59,alta
Hogar,304.02,311,,49.6,Febrero,10730.88,alta
Deportes,268.39,379,2127.62,1.8,Agosto,7271.71,alta
Hogar,,430,3303.52,6.3,Mayo,160049.77960832205,alta
Hogar,755.06,466,4127.08,6.2,Noviembre,24031.88,alta
Tecnologia,521.93,24,4639.59,27.0,Febrero,12631.65,alta
Hogar,,442,2088.15,27.9,Febrero,16635.21,alta
Tecnologia,,437,4040.62,37.4,Octubre,32822.85,alta
Hogar,983.52,96,963.91,2.5,Julio,7228.56,alta
Ropa,683.63,408,2959.24,22.2,Noviembre,10898.92,alta
Ropa,881.14,95,4260.37,41.1,Junio,9675.39,alta
Ropa,997.64,109,2931.42,46.6,Noviembre,6904.67,alta
Ropa,779.25,245,4920.58,24.3,Enero,20501.46,alta
Ropa,,166,1002.77,34.0,Enero,6267.67,alta
Hogar,1624.17,344,160.71,8.7,Junio,43490.43,alta
Deportes,,179,4823.12,49.6,Septiembre,8648.32,alta
Tecnologia,218.33,444,2441.37,47.5,Abril,3553.13,media
Tecnologia,133.95,203,3885.31,26.0,Abril,3610.69,media
Hogar,35.45,48,1278.22,23.2,Abril,626.34,baja
Tecnologia,1419.67,216,3878.32,30.1,Febrero,26346.85,alta
Ropa,583.52,202,4756.55,27.8,Julio,12458.65,alta
Deportes,973.91,8,2957.04,36.5,Diciembre,11832.81,alta
Deportes,1648.66,381,2740.26,30.7,Diciembre,30513.41,alta
Hogar,198.38,340,3882.98,1.1,Diciembre,5436.72,alta
Alimentos,951.4,90,2342.62,45.8,Junio,16036.33,alta
Deportes,1643.77,362,4183.07,13.4,Octubre,26511.49,alta
Alimentos,1915.83,278,1566.59,20.9,Septiembre,41060.0,alta
Tecnologia,,124,2022.37,12.7,Diciembre,24967.78,alta
Deportes,840.46,285,3667.7,0.0,Julio,26084.07,alta
Hogar,946.17,159,3200.48,3.2,Agosto,177501.9558050461,alta
Ropa,,473,1214.71,7.2,Agosto,22114.31,alta
Deportes,487.16,484,4107.94,25.2,Octubre,16219.87,alta
Tecnologia,1984.11,101,677.5,36.7,Octubre,51363.81,alta
Deportes,1900.18,153,4507.3,43.7,Agosto,20368.38,alta
Hogar,1610.45,323,2332.13,48.6,Diciembre,8807.4,alta
Alimentos,1184.87,57,3980.39,16.8,Junio,6864.5,alta
Hogar,370.24,154,,37.2,Junio,2431.73,media
Ropa,1353.52,345,124.21,17.8,Diciembre,13398.96,alta
Ropa,1665.3,91,3057.79,22.9,Marzo,51973.77,alta
Hogar,1900.08,6,1348.01,15.0,Diciembre,49175.07,alta
Hogar,,457,3444.93,37.5,Agosto,10162.73,alta
Hogar,1611.76,285,3686.97,26.9,Octubre,26665.19,alta
Tecnologia,366.56,395,2390.49,39.9,Diciembre,5325.09,alta
Alimentos,413.68,449,1960.85,5.1,Agosto,14159.52,alta
Hogar,809.45,156,1456.21,21.0,Septiembre,7392.74,alta
Ropa,1504.57,138,2107.05,46.8,Septiembre,23201.33,alta
Hogar,118.4,492,4895.9,10.8,Enero,8158.3,alta
Hogar,734.18,374,2828.89,26.8,Junio,6303.13,alta
Hogar,705.29,463,1228.24,46.2,Marzo,8937.34,alta
Alimentos,690.29,415,2251.97,6.7,Mayo,11855.01,alta
Hogar,,336,1507.34,47.0,Agosto,20980.17,alta
Tecnologia,715.96,141,3379.18,35.8,Marzo,22275.71,alta
Hogar,624.6,154,4606.72,16.8,Septiembre,7617.34,alta
Deportes,1749.36,271,92.13,49.3,Mayo,11930.69,alta
Alimentos,1967.7,29,2206.43,36.0,Junio,58208.34,alta
Ropa,1017.88,44,1277.52,9.5,Septiembre,18013.28,alta
Alimentos,1678.72,323,4547.55,0.8,Junio,22018.43,alta
Hogar,601.14,488,1115.49,48.2,Noviembre,11172.2,alta
Deportes,1788.13,288,2757.67,18.0,Marzo,51284.27,alta
Deportes,638.67,271,1616.96,17.4,Agosto,5104.51,alta
Tecnologia,1454.75,448,739.61,1.9,Junio,21622.95,alta
Deportes,625.26,462,3916.5,36.8,Noviembre,10499.06,alta
Deportes,958.52,75,1879.63,0.5,Febrero,11154.92,alta
Ropa,1170.9,16,2591.86,21.3,Julio,7394.08,alta
Ropa,1187.32,346,967.98,13.7,Noviembre,18576.91,alta
Hogar,,418,1869.37,33.6,Diciembre,18198.47,alta
Tecnologia,1647.51,32,4750.57,41.3,Octubre,39663.06,alta
hogar,237.09,157,2827.66,43.1,Mayo,9085.36,alta
Hogar,1396.18,27,2251.73,4.4,Febrero,27102.34,alta
Alimentos,1153.47,192,1891.6,18.7,Mayo,8349.55,alta
Tecnologia,1965.41,294,4393.76,34.4,Junio,22351.31,alta
Tecnologia,,268,1028.45,8.2,Octubre,5629.16,alta
Hogar,1636.93,185,3262.0,11.8,Marzo,45669.59,alta
Alimentos,814.99,340,3867.18,9.3,Mayo,27136.6,alta
Alimentos,985.63,133,4815.43,48.4,Diciembre,9381.72,alta
Tecnologia,1055.45,91,3069.47,26.9,Julio,4744.89,media
ROPA,853.3,263,4190.17,3.6,Mayo,27705.2,alta
Hogar,1301.93,457,2568.15,7.0,Septiembre,24223.27,alta
Deportes,56.93,244,2590.27,7.3,Julio,2773.57,media
Hogar,1318.93,197,980.93,42.6,Enero,12900.35,alta
Alimentos,1607.28,205,4672.99,23.9,Noviembre,25164.64,alta
Alimentos,523.47,34,4754.62,29.2,Agosto,12311.9,alta
Tecnologia,1077.05,135,4325.28,12.0,Septiembre,14384.36,alta
Hogar,1351.91,156,334.65,37.5,Abril,33225.04,alta
Deportes,1965.88,372,3984.8,33.6,Diciembre,10839.27,alta
Alimentos,1306.4,112,2335.83,38.1,Abril,23282.17,alta
Tecnologia,366.53,40,3758.68,38.5,Julio,6630.24,alta
ropa,479.48,402,1152.43,43.7,Septiembre,5667.22,alta
Hogar,671.82,118,839.73,10.4,Diciembre,9314.27,alta
Hogar,1941.72,154,,14.1,Marzo,54770.84,alta
Tecnologia,1828.62,91,2924.7,36.0,Julio,57319.77,alta
Hogar,,35,3809.51,29.5,Octubre,151103.3054916435,alta
Tecnologia,1610.24,371,3191.48,45.3,Diciembre,6644.94,alta
Deportes,,286,2010.85,31.9,Agosto,44942.53,alta
DEPORTES,841.56,24,,40.4,Mayo,3119.12,media
Tecnologia,498.6,250,2044.65,20.6,Junio,5244.82,alta
Alimentos,1287.34,334,3800.56,30.8,Diciembre,7061.54,alta
Ropa,1082.18,498,2527.03,35.0,Diciembre,25211.19,alta
Tecnologia,983.85,481,2162.23,44.7,Marzo,21037.74,alta
Tecnologia,1219.01,492,2408.38,16.4,Noviembre,7937.32,alta
Tecnologia,291.88,419,1666.7,37.8,Noviembre,8563.79,alta
ROPA,347.23,394,,1.2,Mayo,12009.8,alta
Deportes,1420.84,283,2798.82,23.5,Julio,24607.93,alta
Hogar,1967.76,92,1680.79,5.1,Septiembre,21785.31,alta
Alimentos,453.7,327,971.42,12.3,Marzo,8850.54,alta
Alimentos,676.58,55,334.56,44.7,Junio,10496.32,alta
Deportes,1030.18,375,3098.74,11.2,Diciembre,19958.12,alta
Tecnologia,895.06,494,2191.7,28.0,Noviembre,24262.3,alta
Hogar,1137.94,89,4119.62,47.6,Febrero,25862.42,alta
Ropa,375.34,479,4636.84,49.9,Noviembre,7999.55,alta
Alimentos,1755.31,389,3363.05,4.2,Agosto,11711.32,alta
Ropa,1327.88,330,3945.81,6.2,Diciembre,40036.47,alta
Ropa,1364.07,7,1888.95,26.6,Diciembre,27253.48,alta
Tecnologia,1597.13,395,2886.86,17.4,Marzo,17391.9,alta
Alimentos,1620.5,13,378.24,34.6,Agosto,41097.64,alta
Deportes,828.99,101,3476.29,14.7,Mayo,22423.86,alta
ropa,1806.53,384,4681.92,20.9,Septiembre,44449.17,alta
Deportes,1734.65,112,1085.8,20.7,Febrero,20823.42,alta
Hogar,1409.21,278,4581.26,17.1,Abril,45021.74,alta
Ropa,309.58,178,3659.09,45.7,Julio,9489.97,alta
Hogar,,194,,35.8,Enero,18692.26,alta
Tecnologia,1014.6,31,4849.24,8.9,Julio,24354.83,alta
Tecnologia,1946.83,216,129.71,49.3,Abril,51263.34,alta
Ropa,1280.11,318,4538.13,0.8,Septiembre,15128.34,alta
Deportes,1728.55,323,,20.3,Junio,34524.17,alta
Ropa,1151.54,388,2244.78,32.6,Mayo,23511.16,alta
Tecnologia,337.22,492,4464.1,11.2,Marzo,7245.16,alta
Ropa,1908.52,71,1729.56,26.5,Abril,41872.93,alta
Tecnologia,1425.31,326,626.99,38.7,Diciembre,18184.05,alta
Deportes,556.37,161,4794.22,12.1,Marzo,5471.7,alta
Alimentos,200.19,292,2259.44,32.1,Diciembre,4546.77,media
Tecnologia,719.85,432,4641.53,8.8,Diciembre,7071.28,alta
Deportes,1264.35,192,2138.24,17.4,Noviembre,178477.67793070775,alta
Deportes,895.77,218,842.14,9.5,Enero,9701.45,alta
Tecnologia,52.91,223,717.17,17.7,Febrero,1768.94,media
Hogar,633.53,485,4577.99,47.6,Abril,18179.71,alta
Alimentos,1582.73,446,4178.32,28.4,Diciembre,22807.8,alta
Hogar,1095.8,383,1195.72,9.9,Septiembre,5976.36,alta
Deportes,1292.23,198,2904.18,2.4,Enero,21777.93,alta
Ropa,1761.95,158,2463.76,33.6,Septiembre,14058.2,alta
Tecnologia,1759.26,437,673.46,33.0,Agosto,43514.7,alta
Ropa,,14,4269.38,38.5,Octubre,18339.86,alta
Deportes,175.94,120,4550.55,33.5,Diciembre,6922.16,alta
Ropa,,247,4262.22,22.5,Julio,49326.77,alta
Deportes,1175.19,120,1623.52,48.2,Enero,31539.64,alta
Ropa,531.36,190,3024.74,35.8,Diciembre,7118.29,alta
deportes,557.2,118,,16.5,Febrero,12599.24,alta
Deportes,62.01,270,3202.45,41.1,Julio,3977.24,media
Ropa,144.06,37,1052.62,0.7,Agosto,2607.01,media
Hogar,1899.04,324,598.9,12.7,Diciembre,27487.4,alta
Deportes,321.49,204,1748.67,12.0,Mayo,6583.56,alta
Deportes,1888.65,30,1181.72,10.3,Julio,52898.0,alta
Tecnologia,1880.61,417,2380.38,18.8,Julio,7840.75,alta
Hogar,922.07,388,3590.78,19.5,Agosto,202258.97299141405,alta
Hogar,978.93,482,4936.57,0.7,Mayo,23240.26,alta
Tecnologia,1432.76,422,2648.23,7.9,Septiembre,29844.87,alta
Hogar,277.75,132,2581.07,19.2,Febrero,8690.82,alta
Hogar,1860.75,446,2139.18,31.3,Diciembre,27970.61,alta
deportes,1551.84,15,1904.58,6.5,Enero,14013.89,alta
Hogar,656.27,46,4604.13,12.8,Marzo,5801.02,alta
Ropa,813.91,484,3832.78,9.3,Agosto,21713.04,alta
Alimentos,1059.09,498,,1.5,Noviembre,24820.16,alta
Alimentos,1344.59,100,,23.6,Octubre,33517.54,alta
Alimentos,,421,1741.38,39.9,Diciembre,10284.95,alta
Hogar,1097.16,409,941.68,0.2,Marzo,30305.76,alta
Tecnologia,1879.29,268,2476.42,8.4,Abril,34024.68,alta
Alimentos,1902.38,130,2144.67,18.0,Junio,12310.41,alta
Ropa,1841.31,293,2900.55,1.2,Abril,132362.20614386792,alta
Ropa,1086.14,153,451.27,30.5,Junio,3673.39,media
Ropa,764.44,456,4236.19,25.3,Mayo,12606.75,alta
Deportes,99.16,465,3097.46,14.7,Julio,4312.62,media
Ropa,1742.21,499,2579.19,1.5,Enero,15518.25,alta
Ropa,1761.05,140,1300.15,39.7,Junio,27203.03,alta
Tecnologia,1444.32,446,3794.55,42.0,Noviembre,34705.63,alta
Hogar,1313.86,336,4994.53,2.2,Agosto,12442.78,alta
Deportes,566.79,198,4151.71,10.5,Enero,11174.33,alta
Tecnologia,619.58,278,2999.56,45.6,Noviembre,11485.21,alta
Deportes,923.94,413,767.93,14.9,Febrero,22981.7,alta
Deportes,152.01,39,,12.8,Diciembre,2926.18,media
Alimentos,,250,,25.9,Mayo,46194.64,alta
Deportes,770.83,311,4112.45,7.2,Julio,23983.85,alta
Deportes,62.22,79,2730.14,45.1,Agosto,2011.96,media
Tecnologia,592.07,209,3637.61,29.8,Octubre,10319.13,alta
Alimentos,1818.31,153,3397.03,24.9,Noviembre,21011.75,alta
Ropa,194.23,396,1179.53,41.6,Abril,4363.21,media
Ropa,1745.35,47,4036.58,26.3,Diciembre,49575.65,alta
Alimentos,,13,3364.65,5.2,Septiembre,16922.85,alta
Hogar,,237,4029.21,9.4,Septiembre,45425.9,alta
Tecnologia,588.21,364,1719.77,40.3,Septiembre,9932.95,alta
Deportes,1408.95,16,4627.59,5.7,Noviembre,22019.4,alta
Alimentos,,234,3238.87,34.3,Septiembre,30260.23,alta
Alimentos,1713.28,105,,36.4,Octubre,33158.53,alta
Tecnologia,71.02,138,3248.88,30.0,Enero,3906.26,media
Deportes,512.7,161,675.4,49.8,Septiembre,1958.7,media
Hogar,1552.47,384,1803.59,3.2,Diciembre,48348.21,alta
Ropa,1984.33,484,340.15,36.1,Julio,57137.65,alta
Ropa,1794.07,69,3507.87,4.7,Enero,36093.72,alta
Ropa,919.94,366,2604.26,26.7,Octubre,7304.82,alta
Hogar,488.59,161,4589.84,19.2,Junio,6156.96,alta
Alimentos,200.73,112,22.38,48.8,Mayo,1311.26,baja
Ropa,1769.03,318,2122.14,14.6,Octubre,53646.45,alta
Ropa,,299,890.31,2.8,Mayo,23737.52,alta
Deportes,1866.5,489,428.15,41.8,Noviembre,10858.1,alta
Ropa,453.11,166,4210.92,42.2,Marzo,4764.72,media
Ropa,1212.96,108,2711.05,20.3,Junio,187286.6283558879,alta
Hogar,1574.76,375,1870.73,16.3,Marzo,43599.35,alta
ALIMENTOS,818.49,23,4019.48,25.3,Enero,22721.54,alta
Alimentos,282.82,119,4676.82,44.3,Febrero,11478.72,alta
Hogar,1595.54,388,69.15,35.1,Agosto,39688.0,alta
Ropa,1528.01,313,4423.92,22.3,Septiembre,37445.41,alta
Deportes,1904.13,401,3900.41,44.6,Abril,41844.9,alta
Alimentos,186.37,448,1463.32,35.4,Mayo,5082.34,alta
Deportes,1520.36,27,4924.7,15.5,Diciembre,43674.24,alta
Ropa,775.44,385,89.81,44.9,Marzo,2592.9,media
Ropa,1046.7,240,2474.17,14.7,Septiembre,27129.1,alta
Ropa,,421,4732.71,34.9,Agosto,4955.09,media
Ropa,1024.83,99,4066.7,1.4,Septiembre,16735.74,alta
Hogar,212.05,120,2063.12,33.4,Diciembre,2988.53,media
Alimentos,712.16,28,1512.16,40.4,Agosto,16554.53,alta
Ropa,1328.74,108,,49.9,Abril,16621.27,alta
Deportes,462.57,492,4593.37,44.4,Febrero,6142.68,alta
Tecnologia,1474.75,262,2408.96,26.8,Julio,15579.9,alta
Alimentos,1792.32,344,2330.01,26.8,Octubre,23484.6,alta
Deportes,1695.06,188,1873.58,24.7,Enero,9883.84,alta
Ropa,1846.75,447,1624.72,31.0,Julio,50330.47,alta
Alimentos,977.91,372,4422.94,30.7,Abril,6846.14,alta
Tecnologia,277.88,410,4059.22,23.6,Abril,6420.17,alta
Deportes,1663.21,308,2564.46,2.7,Julio,9132.97,alta
Tecnologia,1718.85,221,2187.67,16.9,Febrero,15679.23,alta
Hogar,343.69,263,1766.22,6.3,Abril,10377.58,alta
Alimentos,1090.52,447,4574.87,26.7,Abril,15719.99,alta
Deportes,1396.44,161,1670.79,16.1,Abril,9237.93,alta
Ropa,1768.18,360,924.25,6.8,Enero,20786.92,alta
Hogar,1263.54,334,1891.73,27.4,Diciembre,12851.25,alta
Hogar,964.29,190,4082.15,27.0,Marzo,9386.8,alta
Ropa,1579.81,183,4326.25,23.5,Agosto,41291.37,alta
Tecnologia,1033.97,316,2926.96,12.0,Abril,5501.72,alta
Alimentos,197.55,25,2128.57,16.3,Julio,3693.63,media
Alimentos,415.63,176,3282.83,21.4,Enero,6060.69,alta
Deportes,620.38,486,3694.93,15.9,Junio,15895.63,alta
Hogar,1195.07,163,,44.5,Septiembre,28775.97,alta
Hogar,1435.11,415,453.13,36.2,Abril,35875.51,alta
Alimentos,1587.17,402,651.36,7.5,Marzo,35893.68,alta
TECNOLOGIA,1395.17,258,3452.77,7.1,Abril,20482.97,alta
Deportes,250.8,482,,0.1,Julio,10633.96,alta
Tecnologia,,405,364.79,21.4,Mayo,38906.42,alta
Deportes,1048.29,194,1257.66,13.4,Julio,26619.46,alta
deportes,387.43,281,4324.33,32.9,Noviembre,11039.14,alta
ROPA,1526.55,171,39.25,27.1,Julio,13881.67,alta
alimentos,753.79,325,4461.19,12.9,Enero,22526.4,alta
Hogar,1409.09,203,4570.95,40.8,Septiembre,16161.97,alta
Ropa,1494.13,172,527.12,22.0,Septiembre,42823.5,alta
Tecnologia,345.21,130,2169.58,24.2,Diciembre,7676.3,alta
Deportes,860.23,385,3895.14,25.5,Noviembre,20045.6,alta
Hogar,,338,,4.9,Enero,7251.73,alta
Ropa,497.8,86,1288.46,35.2,Junio,6111.97,alta
Deportes,1195.73,399,3330.24,29.8,Abril,36184.97,alta
Alimentos,1158.64,395,3354.79,24.4,Agosto,19698.69,alta
Alimentos,1886.05,267,3287.77,12.2,Agosto,45757.11,alta
Alimentos,1768.67,93,32.76,4.2,Septiembre,30213.56,alta
Ropa,962.87,351,1319.0,36.0,Enero,29729.72,alta
Hogar,524.13,292,1122.97,11.6,Mayo,11230.75,alta
Deportes,920.21,499,4311.54,47.1,Mayo,29198.29,alta
Alimentos,305.25,287,3361.95,14.5,Mayo,11423.69,alta
Hogar,326.16,85,2013.89,18.4,Octubre,4396.78,media
Deportes,806.69,343,4069.06,17.8,Junio,26836.82,alta
Alimentos,1008.73,115,3648.99,17.2,Marzo,33436.34,alta
Alimentos,1570.1,143,1711.24,22.4,Junio,27572.65,alta
Hogar,77.65,481,420.94,41.7,Marzo,2777.31,media
Alimentos,1686.49,492,3336.03,20.6,Agosto,35952.26,alta
Ropa,,280,690.0,9.6,Agosto,36412.8,alta
Ropa,68.17,142,1247.3,7.2,Diciembre,3672.99,media
Tecnologia,1728.26,75,4786.09,41.6,Marzo,29372.94,alta
Ropa,1344.91,102,3953.58,7.2,Marzo,21819.26,alta
Tecnologia,1573.58,473,721.63,48.9,Octubre,26509.94,alta
Deportes,1608.8,211,3824.3,15.5,Septiembre,36939.96,alta
Alimentos,687.35,429,1079.29,26.1,Febrero,8813.68,alta
Deportes,534.8,231,2415.58,34.1,Agosto,6340.29,alta
Ropa,456.1,283,3508.9,31.2,Diciembre,9704.22,alta
Deportes,,149,593.09,34.3,Diciembre,5458.48,alta
Ropa,591.71,102,520.14,4.4,Septiembre,3690.21,media
Ropa,1078.2,127,4742.63,24.9,Diciembre,18486.27,alta
Deportes,1254.05,450,1707.02,14.4,Junio,4913.39,media
Hogar,1596.01,300,3249.05,11.4,Febrero,35722.41,alta
HOGAR,996.44,462,2408.99,6.8,Marzo,7873.51,alta
Ropa,1898.62,496,4104.83,0.6,Abril,59309.3,alta
Hogar,966.36,132,2609.6,6.7,Junio,6850.77,alta
Tecnologia,196.07,171,185.01,11.5,Agosto,5517.06,alta
Deportes,703.54,48,2922.58,37.6,Enero,6920.24,alta
Deportes,,397,642.99,20.3,Junio,4008.7,media
Tecnologia,483.98,63,3744.21,35.5,Marzo,11065.53,alta
Ropa,,175,1385.14,26.3,Agosto,41558.34,alta
Hogar,1637.61,266,4149.07,34.9,Febrero,11741.16,alta
Deportes,526.74,424,1221.19,26.0,Marzo,7645.62,alta
Deportes,1547.29,406,3924.11,40.7,Julio,10662.45,alta
Ropa,938.99,388,4629.52,9.0,Julio,31343.93,alta
Tecnologia,596.77,149,813.31,23.6,Mayo,11018.6,alta
Tecnologia,1472.88,300,2925.64,18.6,Enero,33477.77,alta
Ropa,878.3,159,1512.96,42.8,Febrero,21513.79,alta
Tecnologia,1842.37,25,4583.84,1.9,Mayo,37687.37,alta
Ropa,1745.74,465,342.55,49.5,Mayo,28588.89,alta
Tecnologia,1054.47,374,532.32,2.7,Diciembre,32043.37,alta
Deportes,,228,70.73,21.0,Junio,13069.52,alta
Ropa,1520.02,229,3992.06,19.1,Agosto,34134.71,alta
Alimentos,319.83,183,3517.98,29.1,Abril,10882.66,alta
Hogar,1422.33,55,891.77,3.8,Abril,29807.7,alta
Hogar,924.95,453,4659.65,35.4,Julio,31002.44,alta
Alimentos,289.98,250,2967.34,21.6,Octubre,6920.41,alta
Tecnologia,572.14,161,4183.66,44.6,Junio,14248.95,alta
Ropa,178.73,261,215.1,36.1,Mayo,3521.57,media
Deportes,591.51,177,,21.8,Marzo,8177.36,alta
Deportes,852.11,28,,5.9,Mayo,5779.26,alta
Deportes,336.74,279,1278.19,26.8,Octubre,8841.13,alta
Hogar,1176.89,260,2070.91,16.7,Agosto,28939.22,alta
Tecnologia,1540.12,437,2647.94,33.1,Diciembre,24136.97,alta
Ropa,1720.96,205,1689.49,19.4,Abril,19154.55,alta
Ropa,14.03,241,3014.3,10.2,Octubre,2971.32,media
Deportes,1381.39,28,4459.36,7.3,Abril,13145.37,alta
Hogar,716.65,109,994.66,43.2,Enero,5944.75,alta
Hogar,,60,3825.78,43.2,Enero,19583.05,alta
Ropa,381.91,116,3734.71,13.8,Noviembre,5318.24,alta
Hogar,1522.52,101,,41.5,Febrero,18016.69,alta
Hogar,,243,2279.01,7.2,Septiembre,21171.76,alta
Tecnologia,546.53,335,4037.9,16.4,Agosto,9414.34,alta
Hogar,1237.11,350,830.66,40.1,Febrero,17823.01,alta
Hogar,1449.54,270,3256.56,10.3,Diciembre,37563.52,alta
Ropa,288.33,384,4016.99,21.6,Febrero,12269.41,alta
Hogar,1666.0,31,2023.45,1.7,Enero,32412.62,alta
Hogar,1708.93,490,1842.11,28.2,Julio,20494.86,alta
Tecnologia,1303.63,40,2300.42,37.0,Marzo,18447.96,alta
Deportes,227.16,428,453.26,21.8,Febrero,6573.21,alta
Alimentos,1243.09,453,1077.83,48.8,Octubre,4640.8,media
Hogar,1106.94,455,1421.15,33.7,Julio,33545.57,alta
deportes,497.83,404,3901.72,20.4,Agosto,18502.19,alta
Deportes,1125.84,462,,41.7,Julio,25418.04,alta
Hogar,917.48,97,976.89,34.3,Junio,10272.67,alta
Ropa,1326.88,91,2778.98,5.1,Enero,38754.78,alta
Tecnologia,668.73,429,844.61,0.0,Junio,10999.91,alta
Deportes,701.68,259,2468.6,1.7,Junio,14033.39,alta
Tecnologia,994.17,434,2632.7,12.5,Octubre,16912.51,alta
hogar,1931.73,475,2985.6,28.4,Junio,56208.65,alta
Ropa,1652.24,255,2795.38,39.4,Diciembre,24289.78,alta
Tecnologia,227.97,198,2835.67,10.0,Diciembre,3977.67,media
Tecnologia,1068.01,77,3473.98,21.5,Septiembre,22011.89,alta
Ropa,403.34,322,4756.71,34.2,Abril,5222.96,alta
Tecnologia,112.02,237,,30.5,Abril,2380.23,media
Hogar,1927.26,74,3499.86,9.4,Diciembre,59958.67,alta
Alimentos,45.92,43,1946.54,31.9,Septiembre,3021.27,media
Deportes,759.18,329,648.08,38.1,Noviembre,4721.5,media
Tecnologia,1552.92,290,1307.53,24.9,Agosto,161203.1231903247,alta
Tecnologia,1036.05,165,1336.11,20.3,Junio,21136.51,alta
Deportes,574.8,112,2535.33,37.9,Febrero,8177.3,alta
Tecnologia,716.32,282,3864.77,4.8,Septiembre,24624.95,alta
Alimentos,1790.32,465,3312.46,13.8,Marzo,20434.04,alta
Ropa,1325.09,419,4302.07,31.4,Marzo,26673.2,alta
Ropa,1553.42,45,3975.14,15.6,Febrero,37677.5,alta
Ropa,350.7,234,1075.2,14.2,Junio,10343.59,alta
Hogar,616.52,435,1301.58,1.0,Febrero,18023.29,alta
Tecnologia,1897.57,32,183.68,9.4,Enero,16734.91,alta
Tecnologia,404.26,262,448.5,46.3,Mayo,7273.93,alta
Ropa,1735.36,172,1245.57,44.5,Junio,4942.75,media
Alimentos,625.7,252,302.73,37.9,Agosto,9335.75,alta
Deportes,461.89,443,449.07,22.4,Octubre,3271.83,media
Tecnologia,1872.69,63,1260.14,36.7,Mayo,6668.33,alta
Ropa,1549.74,394,3459.38,27.0,Enero,31752.75,alta
Hogar,1313.82,302,3509.41,0.8,Febrero,16494.66,alta
Deportes,848.36,369,2161.52,29.1,Diciembre,6223.75,alta
Hogar,833.2,269,4648.03,14.8,Diciembre,27821.34,alta
Tecnologia,1294.53,405,3348.83,20.5,Julio,19951.85,alta
Alimentos,218.32,386,896.22,36.6,Febrero,5563.67,alta
DEPORTES,690.23,265,4598.64,6.7,Marzo,14324.36,alta
Alimentos,386.53,90,,42.0,Octubre,14054.76,alta
Deportes,1084.76,147,3051.87,1.5,Marzo,28112.1,alta
deportes,530.98,313,1372.44,43.9,Octubre,11591.96,alta
Ropa,1945.84,444,1640.54,27.6,Febrero,30643.28,alta
ropa,45.14,47,2080.52,27.7,Abril,1804.11,media
Tecnologia,952.96,338,4765.91,20.7,Mayo,29122.62,alta
Hogar,1692.18,11,,31.4,Septiembre,35333.29,alta
Ropa,1521.43,246,3618.04,7.2,Diciembre,24545.94,alta
Alimentos,1221.66,19,462.5,36.7,Mayo,10618.72,alta
Hogar,400.69,307,4295.84,29.6,Agosto,6903.3,alta
Tecnologia,,146,71.55,5.8,Junio,8319.4,alta
Ropa,1151.01,190,4243.16,37.2,Marzo,33795.8,alta
Alimentos,862.4,177,704.12,46.1,Mayo,8862.72,alta
Tecnologia,1056.6,416,405.36,33.6,Octubre,5403.37,alta
Alimentos,,314,2472.76,33.0,Diciembre,189796.40153312564,alta
Hogar,864.33,8,3950.32,39.2,Septiembre,7256.8,alta
Tecnologia,788.48,309,2245.81,2.4,Junio,11331.28,alta
Tecnologia,321.6,168,,36.7,Marzo,3911.76,media
Deportes,1256.66,435,4885.55,32.4,Abril,35037.91,alta
Tecnologia,1397.26,356,1475.0,44.5,Marzo,11579.03,alta
Ropa,1854.39,105,,18.8,Abril,38492.03,alta
Deportes,527.5,193,678.97,49.3,Marzo,8900.82,alta
Hogar,636.6,338,839.7,41.7,Julio,4356.5,media
Tecnologia,,341,3347.81,43.0,Octubre,9411.66,alta
Hogar,1876.84,308,3921.84,32.6,Septiembre,49001.15,alta
Deportes,76.86,178,3001.32,11.3,Agosto,4080.08,media
Tecnologia,687.51,71,2202.08,1.6,Marzo,11553.5,alta
Ropa,1495.36,248,3483.55,33.5,Agosto,34877.63,alta
Hogar,718.9,304,3289.09,17.6,Septiembre,14945.09,alta
Alimentos,1019.98,429,2767.94,15.4,Enero,18311.12,alta
Ropa,203.59,464,2292.55,45.9,Agosto,6231.93,alta
Ropa,1912.66,397,276.45,17.3,Diciembre,57174.31,alta
Alimentos,1760.83,29,4592.56,3.2,Junio,41654.78,alta
Tecnologia,1300.07,388,,28.0,Enero,35697.76,alta
Tecnologia,952.53,127,2594.55,37.9,Mayo,15284.26,alta
Deportes,153.17,59,2616.8,37.1,Julio,3932.29,media
Hogar,1552.39,181,,47.9,Marzo,34022.97,alta
ropa,1031.41,141,285.86,9.0,Octubre,7636.91,alta
Deportes,1312.28,311,3862.05,32.8,Marzo,6311.55,alta
Alimentos,1491.46,214,1660.82,14.0,Agosto,45831.49,alta
Tecnologia,1545.49,307,1831.33,13.3,Abril,9150.91,alta
Hogar,871.25,407,84.35,12.8,Mayo,12297.55,alta
Tecnologia,67.01,460,2487.48,1.5,Enero,3618.78,media
Tecnologia,450.01,234,4281.49,40.8,Agosto,12017.22,alta
Alimentos,988.39,134,4.73,31.4,Febrero,11646.85,alta
Ropa,1884.08,493,974.37,8.6,Mayo,52969.27,alta
Alimentos,457.0,13,4635.28,23.0,Mayo,6522.48,alta
Hogar,585.51,256,1707.09,30.7,Marzo,3816.2,media
Tecnologia,1966.46,314,952.7,47.5,Abril,28897.05,alta
Hogar,1857.8,474,4561.44,7.6,Septiembre,31055.02,alta
Tecnologia,,65,460.23,19.5,Octubre,25379.67,alta
Alimentos,430.66,32,691.5,8.3,Enero,7438.91,alta
Deportes,1326.65,191,,2.6,Febrero,23564.67,alta
Alimentos,426.24,141,1748.73,6.9,Enero,6023.04,alta
Hogar,,228,1644.25,0.3,Febrero,7702.58,alta
Alimentos,1405.49,51,4626.27,47.0,Junio,7521.42,alta
Hogar,1420.32,107,,40.2,Mayo,35480.2,alta
Alimentos,343.76,106,1238.56,36.8,Julio,4566.62,media
Alimentos,1214.51,254,78.9,30.6,Octubre,32213.93,alta
Tecnologia,1904.01,109,4997.16,3.9,Octubre,18907.42,alta
Ropa,513.99,246,780.83,10.5,Mayo,11407.87,alta
Tecnologia,856.63,224,699.69,31.8,Junio,10179.63,alta
Tecnologia,1756.45,177,,31.2,Noviembre,15904.48,alta
Deportes,,196,,23.4,Marzo,121439.23731481345,alta
Ropa,871.15,268,4326.67,19.6,Marzo,8322.16,alta
Tecnologia,1474.38,236,3455.04,48.4,Julio,5850.72,alta
Alimentos,1575.64,190,2121.28,20.6,Junio,196382.00728953746,alta
Tecnologia,,72,357.08,39.0,Noviembre,17554.13,alta
Deportes,1503.7,7,36.18,45.6,Febrero,3395.87,media
Alimentos,834.83,428,,38.4,Enero,23045.32,alta
Ropa,983.35,246,2339.19,34.7,Julio,5281.37,alta
Ropa,1641.74,425,2857.05,26.9,Noviembre,13270.23,alta
Hogar,,397,2272.38,49.8,Febrero,2561.49,media
Tecnologia,838.18,353,87.71,29.6,Enero,15656.74,alta
Deportes,671.96,274,920.14,31.8,Febrero,7142.31,alta
Hogar,,247,4041.44,15.6,Junio,36610.92,alta
Ropa,1526.95,422,139.02,15.2,Julio,40614.14,alta
Alimentos,930.86,476,,16.8,Enero,26881.29,alta
Hogar,1291.31,366,293.8,43.5,Enero,23152.65,alta
Deportes,1388.11,499,3364.57,7.2,Septiembre,12470.29,alta
Alimentos,171.92,234,3171.5,23.1,Enero,5845.77,alta
Alimentos,706.87,313,3041.21,45.6,Febrero,9490.26,alta
Deportes,161.17,321,4761.24,31.4,Marzo,7745.98,alta
Alimentos,161.3,378,4114.81,49.8,Marzo,5121.55,alta
Alimentos,301.95,202,1821.56,6.2,Mayo,6665.4,alta
Ropa,1588.25,223,565.42,24.7,Mayo,6978.97,alta
Tecnologia,545.25,125,2416.2,10.0,Octubre,9247.62,alta
Deportes,,242,85.18,18.6,Julio,43063.94,alta
Deportes,670.08,435,1668.39,9.1,Mayo,20003.09,alta
Tecnologia,1949.23,282,2785.32,39.0,Agosto,30374.35,alta
Tecnologia,1259.41,47,,39.7,Noviembre,37542.0,alta
Alimentos,1134.95,495,1830.34,14.2,Noviembre,28003.6,alta
Hogar,727.62,418,47.45,43.3,Febrero,2717.96,media
Alimentos,930.06,32,2478.08,25.6,Octubre,23768.32,alta
Ropa,1548.68,89,4768.16,32.5,Julio,38266.06,alta
Deportes,1189.36,139,2309.33,46.6,Abril,15965.87,alta
Deportes,122.56,268,4074.48,39.7,Enero,3760.44,media
Alimentos,1947.15,329,4656.1,20.4,Mayo,18146.21,alta
Hogar,1227.33,52,4415.96,28.3,Marzo,15567.71,alta
Ropa,595.16,304,2328.93,14.5,Febrero,19450.69,alta
Tecnologia,1469.26,128,2569.97,28.1,Noviembre,36258.34,alta
Deportes,765.4,285,3311.47,19.1,Diciembre,12613.41,alta
Deportes,464.19,417,1587.51,34.8,Febrero,14658.16,alta
Deportes,856.57,54,2672.44,8.9,Octubre,19576.2,alta
Alimentos,97.02,49,3330.01,29.4,Mayo,3056.45,media
Ropa,1074.28,400,3902.67,41.5,Junio,31501.34,alta
DEPORTES,485.52,377,,1.4,Mayo,13829.12,alta
Deportes,1674.43,498,,11.2,Enero,27393.5,alta
Hogar,1274.04,431,,46.6,Octubre,31925.03,alta
Tecnologia,,186,2682.99,22.6,Agosto,47076.74,alta
ropa,529.68,239,3732.63,36.1,Octubre,17729.85,alta
Alimentos,530.67,135,1126.49,3.3,Mayo,16393.71,alta
Deportes,1710.85,450,3372.31,4.5,Septiembre,171489.7166190912,alta
Tecnologia,1357.79,379,3367.74,21.0,Enero,35143.44,alta
Alimentos,1095.12,313,4678.34,29.7,Junio,35605.64,alta
Deportes,11.62,135,425.38,37.1,Noviembre,892.86,baja
Hogar,303.07,41,937.28,23.8,Noviembre,2547.93,media
Ropa,636.42,123,1343.89,8.4,Enero,5053.04,alta
Ropa,504.63,89,2617.55,46.1,Octubre,4711.23,media
Hogar,1849.93,163,,30.4,Marzo,36878.28,alta
Deportes,1743.91,44,2209.25,32.3,Noviembre,51609.22,alta
Hogar,449.62,254,,30.6,Noviembre,2247.25,media
Hogar,1858.98,269,3418.96,22.8,Marzo,8177.23,alta
Tecnologia,1172.17,205,695.03,32.2,Octubre,32981.57,alta
Ropa,1558.75,182,2918.24,12.2,Febrero,8210.69,alta
Tecnologia,1356.11,38,,25.5,Diciembre,29194.15,alta
Alimentos,692.64,38,3495.23,32.6,Junio,21887.62,alta
Alimentos,1664.33,464,2056.61,25.9,Enero,27962.26,alta
Hogar,487.55,343,454.86,21.4,Octubre,12889.93,alta
Tecnologia,1103.34,292,82.91,15.7,Agosto,24650.5,alta
Deportes,59.07,10,3478.68,10.8,Septiembre,2872.33,media
Hogar,1594.56,22,1900.21,26.1,Abril,44001.46,alta
ALIMENTOS,1492.03,297,1520.61,13.8,Febrero,15594.41,alta
Deportes,560.64,358,1976.31,0.1,Enero,8265.9,alta
Ropa,1261.06,492,1644.99,43.3,Abril,6513.32,alta
Tecnologia,,357,1887.88,40.7,Diciembre,28936.98,alta
Hogar,1911.87,51,2399.79,38.8,Abril,24332.2,alta
Deportes,841.12,397,1167.88,44.8,Junio,4213.37,media
Hogar,1606.95,262,440.23,0.4,Mayo,47668.13,alta
Alimentos,1777.59,451,2052.0,8.3,Mayo,32763.58,alta
Hogar,193.5,182,4345.45,2.4,Enero,5504.83,alta
Deportes,1622.48,56,2115.69,5.1,Noviembre,42857.99,alta
Ropa,431.24,36,681.46,29.8,Enero,5875.77,alta
Alimentos,351.13,311,1961.88,7.3,Junio,10767.82,alta
Alimentos,948.83,427,3994.88,32.4,Junio,16753.53,alta
Deportes,1341.21,334,4021.9,36.3,Febrero,38063.3,alta
Alimentos,1704.12,397,1887.42,6.9,Marzo,40214.49,alta
Deportes,1173.67,413,3032.25,18.6,Mayo,6243.29,alta
hogar,1173.7,292,3177.56,41.9,Octubre,30963.16,alta
Tecnologia,673.91,71,2703.17,9.6,Abril,8511.67,alta
Alimentos,705.57,138,1872.91,22.1,Septiembre,20081.95,alta
Alimentos,262.78,368,2485.36,30.9,Junio,4544.2,media
Tecnologia,,252,256.84,15.9,Enero,2164.92,media
Alimentos,1381.28,149,3916.98,40.9,Agosto,6188.11,alta
Deportes,1119.36,171,68.53,26.6,Diciembre,30766.07,alta
Ropa,1039.91,336,658.73,26.4,Mayo,23638.81,alta
Hogar,852.58,438,2874.54,17.5,Marzo,27308.54,alta
Tecnologia,1691.95,487,1009.5,1.7,Septiembre,35705.38,alta
Alimentos,1681.98,323,4913.31,13.4,Marzo,48540.09,alta
Deportes,532.84,365,165.58,5.6,Febrero,5196.83,alta
Ropa,430.45,179,869.33,13.7,Diciembre,7698.35,alta
Alimentos,1152.3,221,3307.94,36.3,Noviembre,11837.07,alta
Tecnologia,164.35,28,3321.61,23.7,Agosto,5712.24,alta
Hogar,552.89,186,570.62,39.8,Abril,15354.55,alta
Alimentos,1269.67,188,,8.5,Febrero,15833.2,alta
Alimentos,1921.37,41,879.59,47.3,Marzo,21608.87,alta
Alimentos,1223.57,349,968.73,46.1,Abril,32685.6,alta
Ropa,1673.42,434,4274.88,8.9,Abril,45149.65,alta
Ropa,1976.87,81,,39.4,Marzo,23828.24,alta
Hogar,200.68,210,2827.48,43.9,Agosto,6121.13,alta
Tecnologia,711.0,16,4534.67,2.5,Mayo,24480.32,alta
Alimentos,1417.1,273,4873.04,45.7,Marzo,44155.92,alta
ROPA,819.94,155,4722.03,6.2,Enero,18152.27,alta
Hogar,545.16,27,4489.53,3.7,Julio,11786.05,alta
Deportes,1661.06,250,2508.35,4.9,Agosto,39922.62,alta
Deportes,574.68,289,1142.09,29.3,Marzo,11731.27,alta
Alimentos,376.16,439,3353.38,24.3,Mayo,4630.63,media
Tecnologia,1484.24,259,3610.95,25.2,Diciembre,44565.53,alta
Alimentos,375.42,109,3257.03,38.9,Agosto,6812.83,alta
Hogar,476.54,307,764.72,36.9,Febrero,13300.83,alta
Hogar,1642.46,281,1534.08,44.3,Octubre,43740.48,alta
Hogar,,55,2259.22,20.6,Marzo,6616.38,alta
Ropa,1046.31,135,674.91,24.7,Agosto,12052.44,alta
TECNOLOGIA,507.21,161,4192.22,4.2,Diciembre,9323.0,alta
Alimentos,1338.63,325,3884.07,49.7,Agosto,25599.29,alta
Hogar,227.53,122,964.89,22.9,Junio,6032.58,alta
Deportes,1480.36,417,4697.11,26.1,Mayo,26593.66,alta
Hogar,123.78,467,2110.18,24.1,Diciembre,3640.12,media
Alimentos,42.87,296,,19.3,Marzo,4048.58,media
TECNOLOGIA,1607.6,439,3996.74,23.9,Octubre,33609.68,alta
Tecnologia,454.89,70,2521.14,0.9,Diciembre,15238.29,alta
Ropa,,346,2449.07,25.0,Marzo,56806.2,alta
Hogar,106.11,360,3672.93,25.0,Septiembre,4058.55,media
deportes,1612.93,406,,20.7,Agosto,16482.33,alta
Hogar,1418.73,499,4143.03,18.9,Noviembre,44254.73,alta
Alimentos,468.22,102,1044.47,11.2,Mayo,13440.29,alta
Alimentos,290.34,191,2708.71,2.1,Febrero,6845.63,alta
Hogar,635.33,488,2974.02,0.6,Noviembre,6425.79,alta
Hogar,1671.72,97,1293.57,9.3,Junio,48812.41,alta
Alimentos,1209.11,197,2960.22,41.8,Abril,36196.43,alta
Tecnologia,987.98,388,2945.39,48.3,Abril,16329.37,alta
Deportes,312.63,49,3061.1,14.5,Agosto,6297.53,alta
Deportes,328.29,320,1622.25,1.4,Agosto,6299.02,alta
Tecnologia,1772.54,152,657.25,21.8,Enero,9851.56,alta
Ropa,202.13,92,176.26,28.7,Noviembre,2563.49,media
Hogar,1235.19,230,1735.04,32.9,Mayo,18598.7,alta
Tecnologia,133.6,68,719.26,22.7,Noviembre,1104.21,baja
Ropa,201.3,438,,13.7,Noviembre,6543.83,alta
Alimentos,,70,1459.05,28.7,Mayo,34328.18,alta
Alimentos,1137.06,30,3728.25,24.9,Mayo,33686.44,alta
Hogar,1002.21,135,2842.94,5.6,Julio,30059.38,alta
ropa,1129.1,319,4947.16,29.8,Noviembre,7845.98,alta
Deportes,1419.85,438,2646.12,12.8,Noviembre,5266.26,alta
Tecnologia,782.31,124,1785.2,34.8,Junio,15835.74,alta
HOGAR,,212,3655.67,49.2,Noviembre,2945.38,media
Hogar,,188,1550.24,44.6,Febrero,2745.81,media
Alimentos,851.63,251,2996.56,35.4,Octubre,19103.97,alta
Deportes,425.79,115,4470.48,2.1,Septiembre,7690.3,alta
Ropa,786.15,18,699.73,9.7,Septiembre,10177.26,alta
Hogar,27.72,190,2826.51,28.9,Julio,2994.38,media
Hogar,22.27,261,3942.53,30.6,Febrero,3532.62,media
Hogar,,174,,31.2,Octubre,12338.1,alta
Tecnologia,265.81,28,2180.87,25.2,Junio,8313.3,alta
Hogar,1479.58,460,3392.21,4.1,Abril,47771.06,alta
Alimentos,1382.94,430,2990.28,2.1,Junio,42354.19,alta
tecnologia,1311.27,43,468.27,45.7,Marzo,3912.77,media
hogar,275.38,23,599.43,21.4,Marzo,2575.46,media
Deportes,,421,4281.58,40.6,Octubre,21191.4,alta
Alimentos,1524.26,8,,11.6,Febrero,41242.5,alta
Deportes,728.16,365,948.75,4.9,Agosto,12306.0,alta
Ropa,402.66,468,669.78,32.9,Diciembre,3666.81,media
Ropa,1428.18,380,2633.3,48.0,Febrero,44811.83,alta
ALIMENTOS,1916.61,191,4284.28,17.0,Marzo,36999.57,alta
Deportes,1693.79,102,1450.84,16.4,Septiembre,46318.87,alta
Alimentos,1101.98,162,3932.49,26.7,Enero,26990.02,alta
Tecnologia,266.56,75,3492.17,11.7,Noviembre,4887.5,media
Ropa,,372,3456.26,39.5,Noviembre,8804.07,alta
Ropa,156.72,414,868.98,39.6,Noviembre,913.95,baja
Ropa,1857.4,164,2134.12,29.7,Marzo,56484.27,alta
Deportes,1238.02,67,366.55,14.8,Julio,16224.38,alta
Hogar,1687.4,97,2444.48,0.1,Febrero,6648.18,alta
Ropa,1407.61,258,1766.67,45.9,Agosto,38405.93,alta
Ropa,1426.04,343,3395.72,33.8,Enero,9185.77,alta
Alimentos,1060.8,357,,44.2,Julio,11004.98,alta
Tecnologia,1011.08,201,3553.8,21.8,Agosto,14475.81,alta
Deportes,618.75,447,2286.47,22.1,Septiembre,15417.6,alta
Deportes,1624.63,481,1460.36,17.0,Diciembre,192075.0457127888,alta
Deportes,762.08,474,4393.66,19.2,Abril,11181.14,alta
Ropa,1054.59,153,4542.1,12.1,Diciembre,28367.97,alta
Alimentos,944.43,287,2929.43,17.1,Marzo,25948.2,alta
Hogar,,476,2635.89,39.9,Febrero,12944.06,alta
Tecnologia,1734.04,454,4179.19,36.4,Febrero,53748.37,alta
Alimentos,648.27,467,1111.71,14.1,Enero,4262.64,media
Tecnologia,1239.43,487,2541.97,28.9,Febrero,36870.62,alta
Alimentos,1958.54,431,2274.2,38.5,Diciembre,23825.12,alta
Alimentos,1677.54,204,1930.27,47.7,Octubre,26775.76,alta
Ropa,240.57,452,3847.1,5.6,Febrero,5012.06,alta
Ropa,1215.4,112,2024.32,31.2,Diciembre,4920.09,media
Ropa,332.38,241,,12.7,Marzo,10241.99,alta
Ropa,1389.35,430,1130.11,34.6,Julio,9583.46,alta
Hogar,316.13,384,2375.04,47.3,Julio,8781.06,alta
Deportes,91.52,50,4954.05,16.9,Marzo,5954.43,alta
Ropa,131.76,37,4392.95,40.8,Marzo,5212.89,alta
Deportes,1319.91,252,634.83,34.7,Agosto,39510.31,alta
Ropa,941.16,408,4976.52,30.7,Diciembre,29034.0,alta
Ropa,1132.59,195,1546.07,14.7,Noviembre,27405.03,alta
Hogar,702.39,387,3454.26,27.2,Julio,17892.67,alta
Ropa,721.74,158,141.89,23.9,Enero,15202.53,alta
Deportes,312.83,315,2471.22,22.8,Septiembre,4189.7,media
Alimentos,1194.33,379,933.23,6.2,Mayo,25025.03,alta
Alimentos,940.66,421,1512.5,46.6,Febrero,12977.68,alta
Ropa,1546.22,232,321.36,7.1,Agosto,7963.24,alta
Hogar,1475.27,227,2970.34,30.1,Noviembre,44005.01,alta
Tecnologia,647.77,441,,28.3,Julio,20945.57,alta
Ropa,1847.78,270,1216.36,8.2,Mayo,6075.07,alta
Deportes,1218.22,400,216.5,4.6,Julio,31164.44,alta
Ropa,838.55,62,3298.1,6.1,Enero,10035.8,alta
Ropa,500.42,469,2350.22,49.5,Noviembre,12984.48,alta
Deportes,1660.15,185,4799.98,22.4,Diciembre,20385.97,alta
Ropa,1152.82,192,1692.62,38.7,Junio,8441.36,alta
Alimentos,1772.29,311,4549.78,27.0,Septiembre,19928.73,alta
Deportes,1113.43,341,4556.93,0.8,Julio,21742.98,alta
Alimentos,464.75,181,1615.4,36.7,Noviembre,5714.0,alta
Tecnologia,30.44,304,1202.96,13.7,Octubre,2154.72,media
Deportes,864.11,59,2386.67,6.4,Enero,25788.77,alta
Hogar,1115.12,156,4571.43,16.8,Mayo,137881.78112849206,alta
Ropa,322.47,186,,29.2,Noviembre,6078.5,alta
Ropa,1944.53,200,2797.79,36.3,Octubre,8733.15,alta
Alimentos,304.23,433,360.22,29.8,Marzo,5501.07,alta
Deportes,1320.93,406,,23.2,Octubre,19862.68,alta
Ropa,1411.97,490,1366.79,37.4,Abril,25025.21,alta
Tecnologia,297.13,364,763.53,32.3,Julio,9082.39,alta
Hogar,1881.17,394,2402.93,9.2,Septiembre,19891.44,alta
Deportes,469.45,273,21.08,37.3,Mayo,10627.11,alta
Deportes,169.15,377,2315.12,47.9,Agosto,5208.69,alta
Ropa,1816.61,370,299.7,13.2,Marzo,46359.44,alta
Hogar,141.45,337,38.31,35.5,Abril,1663.23,media
Hogar,1070.59,202,2400.32,1.1,Junio,28568.69,alta
Deportes,,148,4942.92,22.8,Diciembre,16855.05,alta
Hogar,,362,2104.78,22.3,Septiembre,4074.55,media
Alimentos,711.7,189,1312.54,29.3,Junio,7434.28,alta
Ropa,1837.61,295,4796.8,46.4,Enero,8043.46,alta
Hogar,,109,3934.32,9.5,Octubre,4232.77,media
Deportes,1079.3,11,404.72,17.8,Julio,31876.56,alta
Tecnologia,1133.53,19,2194.43,7.9,Abril,8834.14,alta
Ropa,680.68,133,356.98,22.3,Mayo,8783.85,alta
tecnologia,1836.94,352,345.53,23.5,Septiembre,19867.86,alta
Hogar,640.79,318,212.28,41.0,Noviembre,4960.3,media
Deportes,,297,2615.15,3.9,Marzo,10574.91,alta
Hogar,1183.17,168,2996.02,40.7,Mayo,7944.24,alta
Ropa,113.38,466,726.3,44.7,Diciembre,3818.05,media
Tecnologia,1682.89,496,2057.23,41.2,Agosto,44189.45,alta
Tecnologia,528.16,261,448.84,30.3,Abril,174152.20647933666,media
Alimentos,598.3,184,2403.66,17.9,Octubre,8820.14,alta
Deportes,1031.75,297,3127.18,36.3,Julio,20732.49,alta
Tecnologia,142.53,141,2514.25,49.8,Enero,4290.62,media
Deportes,595.69,446,4098.86,27.0,Marzo,21140.02,alta
Hogar,305.15,367,4650.06,22.5,Julio,5995.16,alta
Hogar,1055.17,40,4674.49,24.3,Octubre,11656.2,alta
Hogar,650.25,153,3181.73,40.6,Octubre,6349.16,alta
Alimentos,1573.9,108,4969.05,1.3,Enero,7772.13,alta
Alimentos,27.81,480,1141.53,16.5,Agosto,1757.6,media
Tecnologia,1355.12,439,636.0,43.8,Octubre,11133.55,alta
Ropa,1715.92,65,2185.78,49.0,Agosto,35305.76,alta
Ropa,1536.31,116,2314.94,16.1,Febrero,23896.71,alta
Deportes,1819.38,80,4388.27,20.7,Abril,18034.01,alta
Ropa,588.08,33,1828.44,46.2,Abril,5558.35,alta
Tecnologia,1800.82,431,4342.38,48.6,Febrero,15520.11,alta
Alimentos,1488.15,291,908.48,42.5,Abril,15425.99,alta
Tecnologia,1061.91,431,871.61,14.1,Febrero,5779.5,alta
Deportes,1443.05,332,3965.66,29.5,Julio,44685.67,alta
Ropa,1999.25,441,1020.16,21.0,Diciembre,28487.1,alta
Alimentos,1235.31,106,1030.47,37.6,Enero,3102.72,media
Tecnologia,1770.7,100,857.47,42.8,Octubre,10790.7,alta
Hogar,1951.39,403,1040.76,41.8,Febrero,31803.1,alta
Alimentos,266.9,390,2725.43,24.8,Febrero,3760.87,media
Alimentos,883.18,75,130.56,4.1,Octubre,17090.84,alta
Ropa,1215.56,393,,10.6,Julio,36484.96,alta
Ropa,1032.0,165,2889.03,38.4,Enero,21999.51,alta
Hogar,582.87,470,3577.66,26.1,Junio,5416.69,alta
Alimentos,812.09,479,1198.77,3.6,Junio,9837.37,alta
Deportes,1382.15,275,,38.5,Noviembre,20487.47,alta
Tecnologia,1223.38,104,4452.83,4.6,Febrero,35645.72,alta
Alimentos,754.89,131,2233.61,8.0,Junio,9687.42,alta
Hogar,1158.05,182,4550.76,2.4,Noviembre,16494.15,alta
Alimentos,949.9,381,141.66,49.5,Septiembre,17163.93,alta
Alimentos,845.97,33,1740.3,19.8,Octubre,26774.68,alta
Hogar,1522.25,401,4375.28,45.7,Junio,31592.59,alta
Tecnologia,627.88,189,632.3,42.1,Diciembre,10878.51,alta
Hogar,503.92,185,1035.05,21.4,Julio,4619.78,media
Alimentos,71.41,55,1100.15,33.4,Mayo,2214.47,media
Alimentos,27.07,270,949.82,7.9,Enero,1775.63,media
Ropa,328.23,494,4692.3,48.0,Enero,8951.2,alta
Deportes,294.51,159,4742.08,40.1,Octubre,12613.6,alta
Deportes,169.53,252,2758.86,13.2,Agosto,6627.89,alta
Tecnologia,1661.54,309,4928.97,36.4,Mayo,48885.5,alta
Ropa,1659.71,368,901.23,5.9,Enero,16986.63,alta
Ropa,404.56,378,1354.66,45.7,Junio,12042.16,alta
Tecnologia,1447.68,361,1668.99,26.3,Junio,29448.03,alta
Hogar,246.94,430,1271.05,39.7,Diciembre,4403.96,media
Ropa,1831.45,329,2298.47,39.5,Abril,46145.41,alta
Tecnologia,323.63,23,,46.2,Noviembre,9982.69,alta
Deportes,877.22,166,4413.52,41.6,Febrero,15206.49,alta
Tecnologia,1366.74,280,4670.39,27.9,Octubre,20860.35,alta
Tecnologia,1736.77,151,3976.54,32.5,Mayo,11218.34,alta
Hogar,32.55,107,2148.44,23.7,Diciembre,3003.36,media
Hogar,1356.68,353,4396.56,7.9,Junio,32755.21,alta
Deportes,,96,854.84,31.2,Octubre,10075.7,alta
Ropa,1165.55,473,1015.34,37.4,Noviembre,16897.37,alta
Tecnologia,430.66,91,3739.36,47.7,Diciembre,12284.55,alta
Ropa,1782.66,428,357.25,7.5,Junio,18446.63,alta
Ropa,,128,3647.71,23.6,Septiembre,14799.51,alta
Hogar,1718.13,248,4259.32,11.6,Abril,24829.1,alta
Ropa,278.84,235,3579.84,27.4,Diciembre,5398.94,alta
Deportes,1484.42,438,2121.49,9.2,Marzo,18808.65,alta
Ropa,1679.52,133,727.63,10.0,Noviembre,20680.78,alta
hogar,1818.9,216,4940.34,37.9,Diciembre,43562.29,alta
Ropa,1290.34,140,613.31,44.9,Febrero,5275.74,alta
Deportes,415.63,36,3361.98,3.6,Noviembre,10264.67,alta
Ropa,1496.2,472,275.61,42.1,Junio,7636.11,alta
Deportes,627.97,252,2611.56,42.5,Marzo,18432.59,alta
Ropa,421.09,93,1938.4,41.4,Febrero,7673.72,alta
Tecnologia,891.1,104,2462.6,4.5,Septiembre,27252.19,alta
Hogar,1660.07,323,1630.54,0.0,Agosto,31727.31,alta
Tecnologia,1356.07,29,3039.4,31.9,Marzo,12794.6,alta
Alimentos,1366.33,432,3075.21,25.1,Julio,12750.52,alta
Hogar,268.42,214,280.84,11.6,Septiembre,5515.57,alta
Alimentos,385.33,310,1020.67,22.1,Julio,9046.95,alta
Alimentos,404.25,312,2271.93,30.4,Junio,9847.02,alta
Alimentos,1248.28,240,4677.55,47.3,Julio,39141.67,alta
Tecnologia,1033.97,64,930.06,44.9,Mayo,26526.9,alta
Tecnologia,1172.81,445,4863.78,14.4,Abril,11893.83,alta
Alimentos,1491.4,424,1210.79,17.5,Diciembre,37051.4,alta
Ropa,,456,1379.33,39.6,Junio,5638.49,alta
Alimentos,668.44,250,2261.59,13.1,Diciembre,12746.24,alta
Alimentos,202.88,42,1752.89,15.0,Abril,4260.55,media
Deportes,1090.86,257,,24.1,Enero,16842.3,alta
Hogar,1051.16,91,320.55,34.0,Febrero,7328.01,alta
Ropa,265.94,297,571.49,10.6,Diciembre,1748.68,media
Alimentos,1924.5,225,,19.9,Mayo,51347.43,alta
Tecnologia,561.34,331,4481.91,9.4,Agosto,5929.97,alta
Hogar,469.32,331,3492.43,28.2,Abril,14639.91,alta
Hogar,945.37,213,3221.11,40.0,Mayo,23746.78,alta
Ropa,1859.77,155,1708.52,39.0,Septiembre,27839.91,alta
Ropa,213.42,340,2973.6,39.1,Enero,8155.92,alta
Alimentos,1049.89,392,1338.22,38.7,Septiembre,14968.09,alta
Tecnologia,253.21,245,3015.54,6.8,Diciembre,7721.13,alta
Alimentos,1124.53,175,899.68,45.6,Agosto,13719.51,alta
Hogar,1768.62,65,3605.77,10.9,Julio,9754.35,alta
Alimentos,1154.7,396,2177.42,44.0,Septiembre,12508.22,alta
Alimentos,75.31,280,3258.02,6.2,Junio,4552.97,media
Alimentos,1412.14,129,2856.98,4.5,Julio,44781.93,alta
Ropa,574.85,484,985.37,7.7,Agosto,16468.72,alta
Alimentos,1768.7,371,3627.15,13.4,Diciembre,8322.99,alta
Alimentos,349.76,315,,39.4,Abril,9963.6,alta
Hogar,1314.2,336,117.31,31.2,Septiembre,24320.99,alta
Alimentos,1199.0,40,4012.59,16.5,Abril,10857.8,alta
Deportes,1444.56,228,4149.74,23.6,Mayo,20401.76,alta
Alimentos,1428.8,336,4821.98,24.2,Junio,18428.8,alta
Hogar,759.83,485,2473.1,2.9,Octubre,12308.6,alta
Alimentos,1147.62,185,3816.59,15.2,Enero,16615.84,alta
Alimentos,126.44,289,4068.69,32.5,Mayo,6380.63,alta
Tecnologia,1842.37,59,1105.57,28.6,Mayo,15773.23,alta
Deportes,1089.27,155,3863.18,28.8,Abril,6075.7,alta
Alimentos,505.63,112,4323.25,22.5,Enero,5578.58,alta
Ropa,1025.54,357,2727.39,16.2,Abril,16099.47,alta
Ropa,335.18,223,1029.47,44.0,Julio,5746.65,alta
Hogar,,66,,45.5,Marzo,43727.64,alta
Tecnologia,352.87,394,,12.4,Septiembre,14629.22,alta
Alimentos,,46,244.21,6.8,Septiembre,13358.66,alta
Hogar,236.07,287,1829.51,38.4,Octubre,5478.48,alta
Alimentos,125.97,217,2974.8,9.9,Abril,4394.76,media
Tecnologia,,213,2160.81,39.6,Junio,11742.43,alta
Deportes,1180.63,498,301.58,39.0,Abril,28838.85,alta
deportes,,419,2815.27,48.4,Mayo,53880.43,alta
Tecnologia,65.16,244,2046.38,43.9,Enero,1377.97,baja
Alimentos,1805.76,421,4941.6,47.1,Noviembre,39676.11,alta
Alimentos,836.66,416,,10.7,Julio,20661.29,alta
Deportes,867.83,24,1918.08,30.1,Mayo,25012.04,alta
Hogar,101.31,132,4375.07,41.2,Abril,6094.05,alta
Deportes,1562.78,348,1918.15,48.3,Noviembre,46758.36,alta
Tecnologia,19.71,306,4658.92,27.1,Mayo,4280.2,media
Deportes,48.88,317,2986.33,45.4,Junio,3556.43,media
Hogar,1962.65,266,1103.59,29.1,Junio,38630.82,alta
Hogar,999.57,495,2609.06,39.6,Abril,28187.11,alta
Ropa,587.73,72,3350.22,26.2,Junio,20096.06,alta
Tecnologia,339.05,112,2400.37,22.2,Agosto,11534.98,alta
Tecnologia,1846.0,290,4614.56,25.2,Abril,45405.68,alta
Ropa,1522.14,439,868.18,45.8,Mayo,46175.03,alta
Tecnologia,98.03,98,4150.95,5.2,Febrero,6191.68,alta
Hogar,,35,3809.51,29.5,Octubre,151103.3054916435,alta
Deportes,839.19,83,3958.83,49.1,Octubre,9833.51,alta
Deportes,1900.88,483,173.77,3.0,Abril,41877.38,alta
Alimentos,1038.29,476,4085.43,36.4,Septiembre,32423.56,alta
Hogar,428.46,362,1591.91,33.0,Noviembre,9951.22,alta
Alimentos,228.14,311,816.48,1.4,Noviembre,5409.95,alta
Ropa,810.06,376,3452.63,47.4,Noviembre,14436.47,alta
Deportes,360.97,155,1948.25,10.8,Diciembre,6168.43,alta
Ropa,128.52,335,2594.24,14.1,Mayo,4479.05,media
Hogar,1856.52,396,,16.6,Abril,45401.35,alta
tecnologia,813.12,446,1637.56,19.7,Junio,20687.54,alta
Deportes,,407,1663.52,42.5,Junio,6328.82,alta
Tecnologia,700.59,390,1471.3,1.9,Noviembre,20992.92,alta
Ropa,1315.36,498,2479.79,47.8,Junio,16411.73,alta
Deportes,111.56,257,4154.72,23.3,Agosto,4826.47,media
Ropa,1465.39,294,4280.01,21.7,Febrero,14024.17,alta
Deportes,145.82,498,1793.67,43.4,Marzo,1909.82,media
Ropa,131.21,299,2551.3,4.8,Mayo,4561.99,media
Deportes,882.23,314,4737.48,0.4,Septiembre,12786.18,alta
Alimentos,956.52,432,3501.69,31.5,Noviembre,15410.93,alta
Tecnologia,,70,4733.32,8.7,Octubre,32461.89,alta
Tecnologia,1200.72,362,3345.59,22.8,Agosto,36431.84,alta
Tecnologia,1111.42,196,3327.49,30.6,Diciembre,30075.79,alta
Deportes,1849.84,210,3694.22,24.6,Marzo,18034.02,alta
Tecnologia,1220.44,136,1543.27,9.5,Enero,36816.22,alta
Alimentos,1019.43,131,3097.09,40.1,Enero,22016.88,alta
Hogar,400.12,241,1130.44,20.2,Abril,5287.52,alta
Deportes,1077.1,8,2308.8,17.9,Septiembre,30896.55,alta
Hogar,1637.3,125,1592.75,40.7,Abril,34530.34,alta
Deportes,420.5,460,1831.44,6.6,Septiembre,3944.71,media
Tecnologia,,430,4684.77,0.4,Agosto,6321.04,alta
Alimentos,1910.83,268,735.45,17.7,Noviembre,23258.31,alta
Tecnologia,945.19,218,345.72,31.5,Enero,3010.92,media
Ropa,882.09,118,4481.49,13.7,Enero,11219.97,alta
Hogar,588.88,240,762.68,18.3,Diciembre,13147.02,alta
Alimentos,1164.63,272,,5.0,Marzo,27271.19,alta
Deportes,816.93,118,2262.85,29.1,Junio,21021.49,alta
Deportes,,397,715.91,30.1,Abril,28717.46,alta
Hogar,599.48,358,3979.05,26.5,Marzo,14245.04,alta
Alimentos,468.98,325,,12.8,Marzo,10885.22,alta
Ropa,955.21,187,3723.5,20.5,Junio,20807.42,alta
Ropa,313.33,490,,46.3,Marzo,12147.28,alta
Tecnologia,1924.75,413,3599.96,45.4,Febrero,54721.54,alta
Ropa,1407.51,355,3004.52,44.4,Enero,21999.6,alta
Ropa,,225,3573.73,18.0,Abril,9112.76,alta
Hogar,1211.39,104,3207.96,45.1,Febrero,35847.84,alta
Deportes,495.28,481,540.33,0.5,Julio,3515.6,media
Tecnologia,1858.73,102,2720.09,14.5,Febrero,211688.0586625427,alta
Tecnologia,1777.7,206,933.28,33.5,Febrero,32231.12,alta
Hogar,1961.29,327,1567.83,15.0,Abril,6331.71,alta
ROPA,969.51,187,3932.69,23.8,Mayo,17265.24,alta
Hogar,60.68,431,1492.25,24.9,Julio,2061.08,media
Tecnologia,966.53,400,,16.5,Diciembre,10201.14,alta
Deportes,1014.4,416,140.73,42.9,Abril,2647.54,media
Tecnologia,1405.67,313,1241.87,28.4,Abril,6062.03,alta
Tecnologia,1145.91,325,,48.4,Mayo,31494.14,alta
Deportes,12.54,264,3963.13,32.6,Marzo,4072.07,media
Tecnologia,,165,1116.67,49.9,Diciembre,1978.49,media
Alimentos,1350.48,39,1949.85,23.2,Mayo,16368.27,alta
Ropa,848.4,426,3910.77,30.5,Mayo,23747.11,alta
Deportes,1152.83,497,2185.31,16.5,Mayo,28413.19,alta
Ropa,1620.71,71,,0.6,Diciembre,48844.28,alta
Alimentos,874.59,293,,3.4,Diciembre,8033.7,alta
Deportes,1164.3,391,3999.3,23.2,Febrero,165400.907030345,alta
Alimentos,339.42,282,3245.25,14.6,Junio,7617.17,alta
Deportes,300.61,120,3689.45,3.3,Julio,10466.21,alta
Alimentos,78.92,454,,21.4,Enero,3142.32,media
Alimentos,1957.18,301,4905.55,11.6,Julio,25137.62,alta
Ropa,1797.69,90,646.27,19.1,Abril,44429.88,alta
Tecnologia,416.48,458,1486.14,22.4,Diciembre,6058.84,alta
Ropa,1651.45,205,22.82,11.9,Abril,48611.67,alta
Hogar,419.23,422,4654.04,37.6,Mayo,15017.44,alta
Alimentos,1101.33,132,1234.59,21.6,Julio,28326.08,alta
Ropa,,102,1353.09,28.6,Octubre,14584.27,alta
Ropa,1772.22,353,3359.3,48.4,Septiembre,27440.53,alta
Deportes,646.33,222,3541.34,20.9,Octubre,19943.79,alta
Tecnologia,600.17,139,1410.38,3.7,Marzo,5081.12,alta
Alimentos,1377.97,41,726.96,30.0,Mayo,29135.5,alta
Tecnologia,978.14,386,4870.38,2.8,Enero,30131.78,alta
Tecnologia,1388.48,248,2489.56,21.5,Febrero,35657.97,alta
Tecnologia,1604.14,475,1624.62,0.9,Abril,46144.79,alta
ropa,693.91,256,2748.14,29.4,Mayo,7773.49,alta
Ropa,1384.82,398,4791.78,19.7,Marzo,14332.67,alta
Deportes,1805.6,169,2630.8,22.6,Marzo,14538.72,alta
ropa,1222.52,382,3233.27,35.5,Diciembre,17198.52,alta
Tecnologia,206.76,483,2239.29,36.8,Enero,3494.44,media
Alimentos,1239.7,173,1348.39,6.9,Junio,15789.06,alta
Ropa,441.5,269,4728.21,17.7,Junio,16553.46,alta
Tecnologia,841.51,74,,17.2,Diciembre,16245.58,alta
Hogar,156.28,396,,36.4,Agosto,130904.45838817289,media
Deportes,689.33,339,2172.0,30.5,Junio,19951.68,alta
Tecnologia,1643.17,325,553.47,28.9,Marzo,46115.66,alta
Tecnologia,640.82,412,595.51,13.2,Enero,16615.32,alta
Hogar,1858.02,36,2218.56,34.1,Agosto,46051.3,alta
Tecnologia,,82,2445.69,36.7,Septiembre,8689.02,alta
Alimentos,473.31,294,2853.56,28.9,Enero,11289.34,alta
Tecnologia,527.84,13,1062.38,18.1,Noviembre,12422.24,alta
Tecnologia,683.6,221,35.85,44.8,Enero,13814.03,alta
Hogar,191.67,62,601.49,42.7,Junio,1197.19,baja
Ropa,1208.9,111,,15.3,Julio,25876.98,alta
Alimentos,1631.98,382,2490.4,36.2,Junio,44206.58,alta
Tecnologia,914.49,309,2094.46,21.7,Enero,27090.47,alta
Alimentos,290.73,267,4574.57,22.1,Febrero,8551.59,alta
Ropa,431.47,146,4349.45,25.4,Octubre,7565.26,alta
Tecnologia,1144.7,199,,42.4,Noviembre,13834.51,alta
Hogar,1102.32,463,,21.9,Julio,20139.65,alta
Ropa,1709.01,9,1721.14,31.4,Mayo,40997.7,alta
Deportes,229.23,353,645.21,37.3,Julio,3163.37,media
Deportes,1566.53,6,,41.4,Febrero,21299.61,alta
Ropa,,6,3453.19,18.6,Agosto,25182.39,alta
Tecnologia,545.01,406,4911.34,0.6,Diciembre,19501.9,alta
Hogar,1798.24,315,254.68,0.9,Enero,24975.23,alta
Deportes,261.71,49,447.43,11.7,Abril,5858.26,alta
Deportes,,67,4023.53,36.5,Agosto,40679.26,alta
Alimentos,896.77,492,2908.9,10.7,Noviembre,19241.15,alta
Tecnologia,582.66,30,,8.8,Septiembre,5595.89,alta
Hogar,1321.78,321,,40.4,Abril,38852.98,alta
Deportes,348.87,457,1287.67,33.8,Diciembre,7393.43,alta
ALIMENTOS,278.86,384,,3.4,Septiembre,7856.13,alta
Hogar,1019.8,115,1958.64,5.5,Junio,23607.6,alta
Deportes,1729.8,7,,14.0,Junio,49263.96,alta
Tecnologia,1648.34,166,4022.43,3.7,Enero,37470.15,alta
Tecnologia,,350,1567.76,2.7,Agosto,38218.9,alta
Deportes,1213.62,150,1285.79,24.6,Abril,20376.96,alta
Deportes,109.44,117,3600.39,42.1,Mayo,5330.31,alta
Tecnologia,699.1,484,1776.39,13.5,Marzo,9236.57,alta
Alimentos,156.89,391,866.58,12.1,Enero,5485.86,alta
Ropa,1863.66,349,3781.9,3.0,Junio,223446.9405660614,alta
Tecnologia,675.27,110,4736.16,20.8,Mayo,5023.13,alta
Hogar,1439.01,252,2383.73,32.3,Septiembre,39764.35,alta
ALIMENTOS,768.76,340,4514.17,1.9,Abril,22902.94,alta
Hogar,677.56,180,3427.44,20.1,Julio,21925.41,alta
Tecnologia,375.72,329,1704.33,39.4,Agosto,9787.12,alta
Deportes,40.17,248,720.73,40.7,Julio,1536.05,media
Deportes,1780.35,89,3085.44,13.0,Agosto,54959.22,alta
Ropa,1569.92,420,1937.97,25.9,Febrero,18009.47,alta
Ropa,1011.34,121,1547.4,11.7,Marzo,3350.34,media
Deportes,731.24,425,2812.55,40.7,Octubre,7430.33,alta
Deportes,1663.11,357,236.0,24.0,Marzo,32078.24,alta
Tecnologia,1189.84,222,4827.56,5.7,Noviembre,12171.09,alta
Deportes,458.13,106,4810.13,22.1,Junio,15014.91,alta
Alimentos,583.71,438,304.1,17.5,Agosto,1968.92,media
Tecnologia,1319.19,337,3003.43,27.4,Septiembre,33675.36,alta
Hogar,,225,4405.49,6.3,Octubre,38419.17,alta
Tecnologia,769.37,336,,14.3,Septiembre,7144.76,alta
Tecnologia,1745.39,363,4427.2,38.4,Febrero,12357.68,alta
Deportes,767.3,51,1850.95,6.7,Agosto,16333.74,alta
Deportes,1931.64,272,2333.26,33.7,Septiembre,15981.15,alta
Deportes,1085.88,173,3084.64,22.9,Enero,22139.06,alta
Deportes,,268,3040.94,45.4,Noviembre,4098.41,media
Hogar,1851.01,142,3126.78,46.3,Febrero,45422.69,alta
Hogar,1852.15,422,618.64,11.1,Enero,43659.21,alta
Ropa,104.47,438,471.36,35.6,Abril,2108.64,media
Ropa,1369.45,163,3538.98,6.8,Febrero,28069.85,alta
Alimentos,1117.12,10,1245.46,12.3,Septiembre,3245.53,media
Alimentos,268.12,133,179.43,10.9,Abril,2884.28,media
Hogar,1573.61,314,2451.23,1.8,Agosto,43766.9,alta
Tecnologia,1520.58,106,1755.35,31.0,Diciembre,20010.3,alta
Deportes,,58,4882.06,36.2,Octubre,16411.11,alta
Tecnologia,,258,1304.97,42.0,Noviembre,4095.6,media
Ropa,426.5,36,2137.6,15.0,Junio,4758.22,media
Deportes,425.75,335,1099.36,3.3,Diciembre,11143.67,alta
Deportes,240.08,25,4529.42,17.9,Enero,4096.45,media
Hogar,837.91,327,4763.72,1.8,Marzo,27631.32,alta
Tecnologia,1032.51,129,1371.88,15.8,Julio,16838.27,alta
Deportes,1373.49,31,1604.44,36.3,Mayo,40127.08,alta
Tecnologia,1502.83,372,275.92,8.6,Julio,7656.89,alta
Deportes,1280.67,213,2866.47,4.4,Marzo,24314.41,alta
Ropa,1022.4,381,1517.02,29.5,Abril,10414.55,alta
Hogar,502.26,127,2891.4,8.0,Octubre,14740.86,alta
Ropa,75.6,46,2643.26,44.8,Diciembre,3113.92,media
deportes,516.07,247,,48.7,Mayo,5922.54,alta
Deportes,839.67,483,2964.51,8.2,Mayo,18485.17,alta
Tecnologia,1239.41,382,3838.21,42.4,Diciembre,28441.55,alta
Alimentos,1482.64,248,,11.4,Abril,29204.65,alta
Ropa,797.36,171,137.0,34.6,Enero,11657.22,alta
DEPORTES,1245.91,138,2468.57,6.2,Marzo,12657.85,alta
Tecnologia,927.02,477,3766.96,48.0,Junio,21411.83,alta
Deportes,884.9,256,3754.96,18.5,Julio,17208.75,alta
Alimentos,1111.8,131,4139.32,17.1,Febrero,22767.41,alta
Ropa,52.33,55,1386.05,4.5,Mayo,1906.03,media
Ropa,1614.56,451,2105.67,1.1,Marzo,15543.85,alta
Hogar,1981.87,69,2397.82,28.5,Septiembre,17724.15,alta
Tecnologia,1577.21,127,3279.47,33.0,Noviembre,32305.8,alta
Hogar,,206,1004.93,34.4,Septiembre,10268.12,alta
Alimentos,412.09,40,4904.22,0.7,Octubre,15938.76,alta
Ropa,655.8,251,381.43,41.2,Marzo,4984.08,media
Tecnologia,815.17,40,2127.17,6.0,Febrero,24583.59,alta
Ropa,917.81,358,2784.65,0.9,Agosto,28534.15,alta
Ropa,1234.6,476,1206.35,5.3,Marzo,23638.23,alta
Hogar,1276.76,186,633.76,3.0,Julio,9076.09,alta
Alimentos,1006.07,20,4959.76,4.4,Agosto,11677.63,alta
Deportes,402.63,384,245.79,0.3,Septiembre,4478.76,media
Deportes,407.57,412,2930.13,2.6,Diciembre,4160.69,media
Hogar,411.88,483,966.33,1.5,Enero,4372.35,media
Tecnologia,1527.29,405,2805.74,29.9,Octubre,43966.77,alta
Ropa,1944.89,394,4038.16,17.2,Abril,56780.25,alta
Tecnologia,351.06,357,1565.46,42.6,Mayo,7278.02,alta
Hogar,995.32,460,758.0,9.8,Enero,19601.91,alta
Deportes,407.74,123,3526.84,43.7,Julio,11551.42,alta
Ropa,743.82,424,3267.48,1.6,Abril,17757.13,alta
Alimentos,1877.28,28,310.05,5.3,Enero,31161.75,alta
Tecnologia,1439.98,294,1818.31,17.0,Junio,20554.54,alta
Hogar,1560.41,168,3612.62,20.6,Noviembre,23302.27,alta
Deportes,905.1,153,,15.1,Marzo,13860.96,alta
Alimentos,1332.36,406,67.81,20.2,Febrero,12291.36,alta
Hogar,1579.28,17,72.22,35.0,Noviembre,23888.86,alta
Tecnologia,,230,2472.52,10.7,Mayo,38741.37,alta
Tecnologia,750.99,282,3044.01,31.1,Abril,21068.42,alta
Hogar,,98,,35.6,Diciembre,35677.89,alta
Tecnologia,621.69,6,1810.34,40.8,Abril,2458.51,media
Ropa,609.98,447,1884.31,23.0,Octubre,8398.31,alta
Deportes,512.55,268,3764.7,36.0,Enero,7110.95,alta
Deportes,1233.28,433,,37.4,Junio,8477.06,alta
Ropa,310.07,421,1278.44,16.5,Diciembre,9977.3,alta
Tecnologia,1201.73,245,1122.97,0.4,Julio,11826.45,alta
Tecnologia,840.36,378,2422.27,21.3,Marzo,5980.01,alta
Hogar,962.53,101,3725.43,37.9,Diciembre,23473.72,alta
Ropa,1529.69,152,,10.4,Abril,19336.17,alta
Deportes,,490,4834.2,43.7,Marzo,6182.86,alta
Alimentos,,94,731.63,41.2,Noviembre,3942.81,media
Hogar,1157.78,265,3746.94,6.5,Agosto,35646.19,alta
Deportes,1452.43,109,2150.43,12.2,Enero,35899.2,alta
Alimentos,1002.08,214,3931.22,1.5,Julio,27715.48,alta
deportes,390.03,342,4495.18,20.9,Diciembre,11102.97,alta
Hogar,,12,3104.91,19.3,Noviembre,7728.15,alta
Deportes,1884.22,180,4117.28,28.6,Enero,46114.8,alta
Tecnologia,1761.42,354,864.35,0.9,Enero,44383.48,alta
Tecnologia,1620.41,447,3009.24,8.0,Marzo,28234.64,alta
Deportes,997.81,58,1480.66,17.8,Octubre,3529.84,media
Tecnologia,1549.41,430,3973.38,17.8,Julio,26246.35,alta
Alimentos,1331.87,11,4293.43,7.1,Mayo,37910.89,alta
Ropa,1398.78,258,1052.13,21.1,Mayo,13703.51,alta
TECNOLOGIA,1892.09,392,,1.9,Marzo,201592.52353653402,alta
Alimentos,1321.34,279,730.88,40.5,Mayo,12920.37,alta
Deportes,183.33,31,4653.36,12.4,Febrero,5950.68,alta
Deportes,1972.85,264,1253.13,47.8,Noviembre,45453.64,alta
Deportes,1905.59,260,4800.88,31.5,Octubre,54889.98,alta
Tecnologia,1247.88,210,1328.31,5.5,Noviembre,23037.88,alta
Ropa,1299.95,430,,8.8,Octubre,33218.19,alta
Alimentos,629.74,437,2383.05,39.9,Febrero,15128.94,alta
Tecnologia,1273.62,13,3828.16,11.6,Abril,39880.67,alta
Deportes,1332.57,292,,22.5,Abril,178101.27125217894,alta
Tecnologia,72.45,72,230.2,28.0,Noviembre,2277.68,media
Hogar,937.33,188,2304.17,39.3,Febrero,20051.93,alta
Alimentos,400.16,48,1985.41,17.9,Noviembre,11293.5,alta
Ropa,1253.29,167,2654.77,27.8,Marzo,5627.99,alta
Hogar,82.99,377,3926.58,0.1,Octubre,5948.61,alta
Deportes,1798.98,387,,7.5,Agosto,46924.8,alta
Hogar,585.31,328,623.98,30.7,Enero,14458.63,alta
Alimentos,134.6,279,3891.77,18.5,Abril,7475.24,alta
Alimentos,384.75,294,1598.18,46.5,Enero,9561.87,alta
Tecnologia,,258,1304.97,42.0,Noviembre,4095.6,media
Alimentos,177.01,23,,33.4,Marzo,5234.03,alta
Ropa,746.48,13,379.99,24.3,Enero,14604.25,alta
Alimentos,1230.64,327,2044.57,41.8,Mayo,15487.81,alta
Alimentos,669.18,120,2209.62,25.8,Enero,12878.63,alta
Alimentos,21.65,26,,2.0,Septiembre,1979.36,media
Hogar,1569.07,45,4655.61,27.5,Agosto,24731.25,alta
Ropa,340.49,74,3049.17,43.3,Agosto,10973.7,alta
Tecnologia,,325,3414.67,11.5,Agosto,36170.94,alta
Alimentos,388.8,333,3865.42,46.1,Marzo,8192.89,alta
Deportes,1452.05,373,2631.77,8.1,Diciembre,23480.74,alta
Ropa,1511.41,179,1498.73,46.4,Julio,33653.42,alta
Deportes,1126.4,77,358.1,3.6,Diciembre,6553.42,alta
Ropa,372.81,16,4862.02,42.6,Enero,14021.04,alta
Hogar,1441.43,27,3010.79,30.0,Noviembre,39620.35,alta
Alimentos,839.06,479,991.95,31.2,Mayo,19122.68,alta
Ropa,,362,3020.06,17.3,Junio,33369.39,alta
Hogar,1944.05,422,3019.65,27.2,Julio,32190.28,alta
Tecnologia,1915.63,171,3987.95,40.2,Abril,57986.4,alta
Ropa,1758.69,368,3562.12,47.9,Septiembre,24713.42,alta
Ropa,863.28,338,816.07,7.0,Julio,13826.23,alta
Deportes,544.26,352,675.5,12.9,Octubre,15810.12,alta
Alimentos,1638.82,30,2260.35,6.1,Enero,29828.82,alta
Deportes,1381.77,60,1669.5,30.0,Marzo,10930.02,alta
Hogar,1213.94,477,2535.96,5.7,Febrero,37919.6,alta
Ropa,,267,1912.19,7.6,Noviembre,14340.78,alta
Hogar,1528.53,140,1302.95,35.0,Mayo,31952.02,alta
Deportes,780.43,175,,19.6,Noviembre,24844.54,alta
Hogar,1648.39,210,,22.4,Julio,26359.12,alta
HOGAR,705.52,131,4140.63,8.9,Octubre,8023.9,alta
tecnologia,452.96,407,2147.45,3.4,Octubre,11649.39,alta
Deportes,144.48,146,1567.79,20.9,Agosto,3607.21,media
Hogar,1974.13,185,2941.85,18.1,Julio,9680.01,alta
Tecnologia,1311.33,193,2249.54,15.6,Octubre,6262.31,alta
Tecnologia,582.56,343,1864.09,26.4,Septiembre,17805.33,alta
Tecnologia,1897.36,489,2278.73,43.9,Febrero,38253.15,alta
Ropa,1867.41,262,165.72,46.3,Octubre,45482.36,alta
Deportes,1696.31,118,112.76,39.7,Marzo,50348.51,alta
Tecnologia,,466,4659.74,6.5,Noviembre,4811.8,media
Tecnologia,1907.81,464,2520.46,19.9,Mayo,30845.04,alta
Deportes,,373,,37.3,Noviembre,10933.09,alta
Hogar,267.36,465,4970.58,32.2,Febrero,9073.02,alta
ropa,,178,2095.53,6.6,Septiembre,3942.9,media
Alimentos,125.93,377,3928.57,30.1,Abril,7176.18,alta
Tecnologia,1900.64,372,3131.17,47.4,Julio,43096.55,alta
Deportes,296.19,35,4877.82,1.7,Junio,195712.41072742039,alta
Hogar,1695.51,193,1785.86,33.9,Enero,40857.96,alta
Tecnologia,1133.44,63,3521.28,40.6,Junio,27324.71,alta
TECNOLOGIA,1216.72,475,3005.1,12.5,Julio,12318.39,alta
Tecnologia,36.0,166,3241.89,11.2,Agosto,4018.16,media
Tecnologia,,298,2185.09,45.6,Diciembre,9898.31,alta
Tecnologia,277.07,394,4874.4,39.3,Febrero,9589.25,alta
Ropa,289.88,213,2972.63,17.6,Enero,147954.81454374533,media
Deportes,,68,3619.11,16.0,Junio,3622.11,media
Deportes,515.93,30,111.49,22.6,Mayo,14495.39,alta
Tecnologia,1523.85,151,2738.92,15.9,Julio,30230.96,alta
Ropa,762.61,294,310.95,11.1,Julio,204535.98271628193,media
Alimentos,1431.27,442,644.26,23.9,Mayo,37172.77,alta
Ropa,144.73,182,1167.4,36.1,Mayo,4136.87,media
Hogar,,394,,34.8,Enero,4914.73,media
Hogar,1424.7,399,4061.32,36.0,Febrero,39059.56,alta
Alimentos,1850.64,254,791.07,12.9,Septiembre,49103.27,alta
Alimentos,385.42,24,3912.26,14.8,Septiembre,12270.45,alta
Tecnologia,1645.19,494,554.93,12.9,Octubre,156431.52920103812,alta
Tecnologia,367.57,108,2303.41,3.9,Marzo,3857.57,media
Alimentos,1730.6,328,1103.71,22.8,Febrero,14988.96,alta
Tecnologia,726.93,432,2156.0,49.8,Junio,13868.73,alta
Ropa,472.35,150,2120.12,10.0,Mayo,7284.91,alta
Deportes,1981.75,446,4497.99,30.1,Septiembre,58958.63,alta
Hogar,1456.69,453,3767.29,43.6,Marzo,38021.98,alta
Hogar,1056.79,403,2956.97,32.7,Octubre,19086.34,alta
Deportes,,462,464.42,18.5,Marzo,3942.41,media
Tecnologia,623.85,111,3845.88,13.6,Julio,21885.66,alta
Ropa,947.71,12,1975.34,44.0,Abril,10067.34,alta
Ropa,,321,4368.36,32.3,Noviembre,7906.88,alta
Tecnologia,313.95,186,2780.12,6.2,Julio,6875.41,alta
Ropa,,404,,9.4,Junio,33291.77,alta
Tecnologia,,376,3228.61,33.0,Abril,25794.39,alta
Ropa,,71,2837.69,11.2,Diciembre,41033.48,alta
Ropa,83.22,76,4435.39,32.9,Septiembre,4977.61,media
Deportes,1514.89,302,1516.29,39.7,Diciembre,42092.23,alta
Tecnologia,514.92,376,1504.43,20.4,Diciembre,11168.99,alta
Tecnologia,131.5,115,1130.87,30.7,Septiembre,4738.71,media
Alimentos,,444,4172.29,31.0,Julio,7844.66,alta
Alimentos,818.7,169,4177.82,19.3,Junio,7546.34,alta
Alimentos,1832.37,121,4626.45,42.0,Abril,41232.66,alta
Deportes,1826.65,283,2957.77,19.7,Mayo,39207.98,alta
Alimentos,14.73,361,2758.13,9.7,Abril,2934.87,media
Tecnologia,280.56,402,546.79,30.4,Diciembre,7913.13,alta
Alimentos,393.84,192,3921.03,37.1,Febrero,11395.0,alta
Deportes,992.79,75,4751.12,24.3,Mayo,19534.04,alta
Ropa,1601.27,316,1890.2,41.1,Marzo,41584.21,alta
Hogar,11.91,48,1061.32,17.9,Abril,747.03,baja
TECNOLOGIA,398.62,414,636.94,17.1,Junio,9629.03,alta
Deportes,,43,2629.3,27.9,Agosto,35751.02,alta
Alimentos,1183.64,347,2942.93,23.7,Enero,21933.33,alta
Hogar,1146.48,401,2151.1,23.2,Junio,36086.25,alta
Ropa,1711.53,400,3102.81,33.3,Junio,29959.91,alta
Alimentos,1580.28,483,2815.32,5.0,Agosto,10646.46,alta
ROPA,338.69,365,4309.48,45.2,Septiembre,4099.57,media
Deportes,1947.87,497,2399.23,45.8,Febrero,34991.56,alta
Ropa,1804.55,109,3849.27,24.3,Diciembre,37483.41,alta
Ropa,1546.43,417,1271.69,10.5,Octubre,43818.7,alta
Tecnologia,,241,1078.55,42.2,Febrero,5024.57,alta
TECNOLOGIA,1235.11,309,1185.6,25.8,Agosto,19385.82,alta
Alimentos,521.42,282,1864.58,22.1,Junio,5044.92,alta
Alimentos,780.11,130,1744.0,20.2,Abril,15890.48,alta
Ropa,253.51,245,1267.57,37.4,Agosto,8927.43,alta
Deportes,1478.35,182,2662.65,24.4,Noviembre,6499.64,alta
Hogar,1719.22,350,4537.22,23.3,Mayo,41449.1,alta
Ropa,883.3,253,,45.3,Mayo,162903.91071818658,alta
Hogar,1435.11,25,4544.09,13.7,Enero,24471.12,alta
Hogar,76.88,194,,26.7,Octubre,1583.26,media
Hogar,439.08,355,4848.85,33.6,Febrero,11480.59,alta
Tecnologia,767.45,237,2219.34,8.5,Noviembre,20953.12,alta
deportes,1798.2,41,604.74,48.6,Enero,28785.7,alta
Tecnologia,816.29,47,1609.22,18.8,Marzo,120516.30303763572,alta
Ropa,1611.7,318,672.45,37.7,Abril,40448.74,alta
Alimentos,421.0,177,2036.66,45.2,Marzo,11012.77,alta
Hogar,619.83,207,1717.2,38.0,Agosto,3135.6,media
Deportes,230.96,96,2872.34,7.2,Junio,8371.43,alta
Deportes,740.74,366,1328.85,5.2,Abril,7493.79,alta
Alimentos,1132.61,153,659.7,35.7,Julio,29530.52,alta
Hogar,,117,1364.44,37.7,Diciembre,12431.07,alta
Ropa,,18,2110.41,37.5,Mayo,20704.98,alta
Tecnologia,15.92,81,1660.31,18.4,Diciembre,1939.94,media
Tecnologia,,260,3669.63,25.0,Abril,10117.65,alta
Tecnologia,1206.89,261,3588.3,39.3,Noviembre,8501.6,alta
Hogar,310.76,431,191.17,10.7,Febrero,8680.84,alta
Deportes,673.87,237,4281.44,3.0,Junio,9834.18,alta
Ropa,,39,828.85,47.9,Octubre,46515.91,alta
Alimentos,549.64,376,3858.72,46.6,Abril,14818.62,alta
Alimentos,203.84,75,3192.35,33.8,Marzo,2310.23,media
Alimentos,1240.99,29,2240.9,39.7,Marzo,23916.45,alta
Alimentos,1439.84,485,1930.49,12.5,Marzo,41063.58,alta
TECNOLOGIA,770.85,296,4277.07,45.4,Julio,13244.27,alta
Tecnologia,781.7,62,156.28,6.2,Julio,14436.29,alta
Deportes,252.84,224,4990.59,36.4,Noviembre,7418.99,alta
Ropa,1619.59,25,881.45,23.7,Febrero,30475.77,alta
Alimentos,676.09,109,4447.48,29.6,Julio,11948.09,alta
Tecnologia,930.71,452,1611.55,5.8,Abril,22408.34,alta
Ropa,771.33,215,581.04,34.8,Mayo,16246.16,alta
Tecnologia,717.25,75,2274.85,31.2,Septiembre,11288.58,alta
ropa,796.81,327,2947.43,1.0,Mayo,24651.21,alta
Tecnologia,156.95,35,2931.6,34.2,Octubre,6443.56,alta
Alimentos,1171.73,251,4425.63,33.4,Noviembre,21165.78,alta
Deportes,1077.18,383,,13.7,Septiembre,21773.21,alta
Tecnologia,722.33,397,4850.66,24.0,Junio,17783.07,alta
Hogar,141.41,86,2524.15,5.3,Septiembre,4961.9,media
Alimentos,318.87,18,4240.42,26.6,Octubre,9075.52,alta
Hogar,703.7,75,4887.44,44.1,Agosto,7266.62,alta
Deportes,1451.54,447,2783.16,23.3,Abril,33158.14,alta
Tecnologia,328.91,286,3197.41,11.6,Octubre,8887.18,alta
Ropa,671.44,36,4781.75,4.9,Mayo,19971.79,alta
Ropa,1219.93,217,,31.2,Junio,8332.24,alta
Alimentos,1117.56,22,3632.89,9.1,Mayo,29400.26,alta
Alimentos,252.1,249,3453.7,49.0,Julio,5110.01,alta
Deportes,607.75,278,,27.2,Febrero,8353.89,alta
Alimentos,136.58,309,4682.32,42.4,Marzo,6400.37,alta
Ropa,1300.22,316,4066.58,14.4,Agosto,8512.13,alta
Ropa,214.55,304,918.64,11.3,Septiembre,2104.0,media
Alimentos,671.7,299,2806.37,31.4,Octubre,19964.2,alta
Alimentos,1400.02,109,3830.08,31.6,Abril,35546.25,alta
Hogar,1908.16,26,3284.12,14.8,Septiembre,41802.16,alta
Hogar,321.61,469,,23.2,Abril,7231.47,alta
Ropa,1241.82,134,1648.6,43.3,Julio,28974.17,alta
Alimentos,969.35,230,4032.36,25.3,Septiembre,21073.16,alta
Hogar,1081.93,337,4189.3,23.1,Octubre,27968.01,alta
Tecnologia,1641.83,217,3132.89,25.7,Febrero,34219.9,alta
ropa,637.26,201,3354.9,38.0,Septiembre,18515.67,alta
Deportes,1051.72,59,3022.24,6.4,Marzo,24373.42,alta
Tecnologia,326.75,129,1909.39,36.7,Septiembre,5094.37,alta
Tecnologia,,50,1620.85,17.2,Diciembre,14762.48,alta
Deportes,1689.39,36,969.88,27.0,Febrero,34927.51,alta
Ropa,1138.47,248,3185.84,47.7,Octubre,36545.94,alta
Ropa,1936.43,454,3119.46,0.8,Marzo,132332.99829379155,alta
Hogar,656.93,318,2629.95,4.8,Marzo,22209.34,alta
Tecnologia,,26,3948.22,18.8,Mayo,5358.1,alta
Hogar,,233,1848.15,34.0,Mayo,21227.87,alta
ropa,691.25,446,3828.8,24.7,Julio,16520.96,alta
Alimentos,1239.7,173,1348.39,6.9,Junio,15789.06,alta
Deportes,623.14,49,646.78,23.1,Agosto,2541.7,media
Alimentos,623.56,175,4195.22,1.1,Abril,8281.24,alta
Deportes,1748.4,5,2697.56,45.5,Septiembre,5454.33,alta
Deportes,1666.76,218,334.99,37.1,Octubre,22746.38,alta
Deportes,1932.1,384,2536.73,36.3,Junio,51728.85,alta
Deportes,1092.62,416,2262.52,40.2,Octubre,34157.56,alta
Alimentos,1128.31,84,3330.25,22.4,Junio,34237.18,alta
Alimentos,169.58,354,4773.74,0.8,Abril,6366.8,alta
Deportes,997.17,493,4481.38,22.6,Mayo,14095.95,alta
Ropa,444.73,494,1411.29,18.3,Noviembre,10005.15,alta
Tecnologia,703.66,199,2234.38,42.3,Diciembre,19896.04,alta
ALIMENTOS,1210.23,65,4250.61,42.6,Diciembre,9888.48,alta
Tecnologia,,484,4023.4,0.3,Octubre,13159.9,alta
ropa,216.98,166,629.34,22.8,Septiembre,1467.37,baja
Alimentos,1130.36,97,3820.61,6.6,Noviembre,185262.65594011106,alta
Alimentos,25.29,160,3930.93,19.3,Julio,3863.15,media
Hogar,941.76,457,3231.09,21.3,Junio,19489.08,alta
Ropa,270.82,226,,9.0,Marzo,8296.01,alta
Ropa,1376.94,145,4214.92,48.2,Agosto,24047.13,alta
Deportes,1683.26,428,661.74,32.7,Abril,43241.74,alta
Alimentos,,134,641.61,37.7,Diciembre,3415.58,media
Deportes,1714.94,288,4023.49,11.2,Diciembre,17070.23,alta
Deportes,590.58,71,,13.4,Noviembre,5071.56,alta
Deportes,717.89,404,1170.25,8.9,Enero,16315.28,alta
Hogar,1769.72,329,3555.05,19.9,Marzo,52031.28,alta
Tecnologia,1199.72,89,4185.19,12.4,Agosto,16554.17,alta
Tecnologia,529.14,226,2968.43,17.8,Abril,12610.66,alta
Deportes,1062.51,73,,1.5,Septiembre,15134.01,alta
Deportes,1444.95,40,3136.65,31.2,Septiembre,36580.78,alta
Deportes,325.78,78,3165.81,20.7,Septiembre,3405.63,media
Ropa,1463.09,179,4040.45,33.6,Junio,38870.73,alta
Tecnologia,1204.39,133,4285.31,10.3,Marzo,37809.46,alta
Tecnologia,240.01,470,4089.19,40.7,Febrero,8659.49,alta
Deportes,159.18,499,912.56,2.5,Noviembre,5140.7,alta
Hogar,114.98,371,1212.92,47.2,Noviembre,3709.78,media
Tecnologia,1669.76,326,,40.8,Octubre,39191.83,alta
Deportes,457.66,242,957.2,17.4,Junio,11725.5,alta
Hogar,1783.04,121,4069.44,16.6,Noviembre,37799.5,alta
Tecnologia,675.88,476,3411.77,42.1,Abril,21429.66,alta
Hogar,476.73,180,2324.51,19.3,Agosto,7252.2,alta
TECNOLOGIA,1405.92,254,875.91,3.4,Agosto,25857.58,alta
DEPORTES,73.94,353,3404.24,11.7,Enero,4820.16,media
Ropa,835.78,362,322.32,42.9,Febrero,21119.85,alta
Deportes,1032.28,260,4027.26,20.6,Noviembre,8135.27,alta
Hogar,1141.0,355,324.35,0.7,Marzo,13253.91,alta
Alimentos,1079.96,262,3594.45,30.7,Febrero,21488.14,alta
Alimentos,,113,1208.43,15.9,Noviembre,32272.8,alta
Alimentos,1978.93,473,2590.76,1.9,Octubre,31474.71,alta
Alimentos,774.81,247,2458.39,13.3,Noviembre,20024.82,alta
Alimentos,912.97,170,2529.07,7.9,Marzo,23928.91,alta
Hogar,251.67,442,1442.19,48.0,Marzo,7078.48,alta
Alimentos,954.56,37,1782.13,34.1,Diciembre,3790.26,media
Tecnologia,1193.16,459,487.05,19.1,Septiembre,14687.61,alta
Deportes,1213.44,482,2399.7,2.9,Junio,20339.65,alta
Alimentos,382.01,334,1180.35,10.5,Febrero,12822.47,alta
Ropa,1267.36,170,4007.0,7.6,Febrero,6571.54,alta
Deportes,239.65,358,2058.92,10.1,Septiembre,3673.42,media
Ropa,259.34,92,1624.79,16.3,Marzo,2472.42,media
Tecnologia,,468,1076.47,13.7,Febrero,16974.69,alta
Deportes,690.27,494,4098.71,49.6,Septiembre,5300.39,alta
Tecnologia,210.34,463,,48.8,Marzo,4254.76,media
Tecnologia,161.91,80,724.19,37.3,Febrero,4018.78,media
Hogar,1579.57,252,4789.18,31.4,Mayo,29824.33,alta
Alimentos,1651.14,186,3192.65,19.1,Enero,46827.83,alta
ROPA,1828.32,271,,43.4,Octubre,54258.81,alta
Alimentos,269.01,97,3803.95,37.8,Enero,9113.32,alta
Deportes,810.78,51,3096.08,25.2,Agosto,4431.27,media
Tecnologia,77.18,484,1973.79,16.7,Junio,2940.44,media
ropa,1687.84,160,1378.98,34.2,Septiembre,218477.55007510816,alta
deportes,1216.06,405,1837.15,40.5,Julio,37123.75,alta
Deportes,727.77,74,1659.0,11.3,Diciembre,9426.59,alta
Alimentos,1736.96,333,4886.71,17.4,Febrero,50085.91,alta
Hogar,,303,4526.29,38.2,Marzo,55294.01,alta
Ropa,1514.06,378,4255.6,40.5,Septiembre,38417.93,alta
Deportes,1827.09,385,2086.83,38.1,Julio,15609.41,alta
Ropa,,165,1678.85,24.9,Junio,2457.76,media
Tecnologia,202.65,52,,32.6,Octubre,2751.81,media
Tecnologia,173.15,152,4440.18,34.7,Noviembre,6651.23,alta
Tecnologia,1707.4,219,3103.03,4.8,Septiembre,39056.07,alta
Hogar,363.01,84,1067.29,29.5,Julio,11389.17,alta
Hogar,1513.26,24,3879.22,48.9,Abril,43196.0,alta
Ropa,326.57,495,4755.12,23.4,Marzo,12039.75,alta
Tecnologia,1708.47,408,1585.99,36.1,Enero,21817.46,alta
Ropa,1491.86,199,2542.28,44.5,Agosto,18383.56,alta
Tecnologia,297.73,246,3679.28,9.9,Septiembre,5753.64,alta
Tecnologia,266.59,23,3180.94,11.3,Diciembre,5765.15,alta
Alimentos,247.95,198,2818.97,42.7,Septiembre,8306.6,alta
Deportes,493.25,486,4096.0,16.2,Agosto,14795.07,alta
Alimentos,234.13,492,1457.08,38.3,Diciembre,156596.45021655897,alta
Hogar,409.51,310,4454.91,16.7,Noviembre,7692.83,alta
Hogar,977.76,204,2872.46,39.8,Diciembre,16057.25,alta
Ropa,131.4,430,1228.52,3.3,Octubre,3701.0,media
Deportes,1649.81,260,1929.48,27.3,Abril,27194.16,alta
Deportes,1243.36,436,2502.83,44.2,Febrero,29170.39,alta
Ropa,1822.68,90,955.71,31.2,Noviembre,18609.78,alta
Tecnologia,1229.02,52,711.16,48.7,Septiembre,156458.19784728094,alta
Hogar,262.25,192,3558.1,44.5,Agosto,10757.47,alta
Alimentos,296.32,276,1586.94,45.9,Junio,4880.99,media
Tecnologia,91.26,92,3974.87,48.4,Febrero,4670.0,media
Tecnologia,178.88,441,4817.32,0.4,Mayo,9445.9,alta
Ropa,884.69,166,1459.45,23.3,Diciembre,5855.94,alta
Alimentos,,402,4538.22,39.9,Junio,39281.65,alta
TECNOLOGIA,,8,4666.41,48.7,Agosto,4582.94,media
Alimentos,903.27,181,1340.89,7.7,Noviembre,18307.55,alta
Ropa,476.92,461,2297.81,34.4,Septiembre,9344.41,alta
Alimentos,316.78,206,4490.09,7.0,Diciembre,11050.68,alta
Tecnologia,1494.79,23,1734.61,2.1,Enero,33148.48,alta
Ropa,508.15,59,3929.33,25.4,Agosto,7769.5,alta
Tecnologia,1376.7,444,3356.44,3.3,Mayo,42272.46,alta
Alimentos,1089.47,148,42.02,49.2,Julio,29729.91,alta
Alimentos,1830.45,298,2355.44,22.6,Febrero,55387.66,alta
Hogar,1362.3,377,2229.21,6.8,Abril,205758.73024688262,alta
Ropa,466.07,405,,10.1,Enero,3437.63,media
Tecnologia,911.55,300,2399.49,39.2,Junio,19718.65,alta
Ropa,259.28,285,564.16,0.1,Octubre,3419.44,media
Tecnologia,1085.12,365,81.65,47.3,Junio,8144.91,alta
Ropa,277.71,199,4010.22,1.8,Diciembre,5467.95,alta
Hogar,834.06,326,2527.03,38.3,Marzo,18893.54,alta
Ropa,747.78,76,4100.02,41.5,Octubre,21170.99,alta
Ropa,1519.17,489,748.02,24.1,Marzo,33425.03,alta
Ropa,519.49,265,2316.82,14.4,Agosto,9388.34,alta
Ropa,1236.57,229,892.55,36.1,Julio,25764.52,alta
Hogar,,136,1568.92,48.3,Junio,8113.93,alta
Ropa,1197.03,21,1509.98,37.5,Septiembre,5771.1,alta
Hogar,1895.27,330,1824.21,27.8,Mayo,15164.29,alta
Alimentos,871.73,80,2248.84,27.8,Mayo,22990.88,alta
Ropa,245.66,429,1551.34,23.7,Junio,2564.66,media
Deportes,857.09,153,2862.16,7.4,Abril,23613.61,alta
Hogar,1678.13,144,,31.2,Noviembre,42373.58,alta
Ropa,1736.55,476,2214.62,37.5,Febrero,38941.91,alta
Tecnologia,1423.5,358,2498.6,1.0,Noviembre,41236.98,alta
Alimentos,768.12,392,3736.21,22.2,Noviembre,10782.93,alta
Deportes,1559.0,186,4401.3,8.4,Abril,42854.23,alta
Alimentos,1689.83,159,557.61,31.8,Marzo,28303.17,alta
Alimentos,1613.03,300,2214.18,48.9,Marzo,37251.56,alta
Ropa,756.38,471,4438.47,48.7,Mayo,8516.31,alta
Alimentos,1478.73,494,4271.79,23.3,Agosto,26768.81,alta
Hogar,1635.86,440,2789.67,44.2,Diciembre,31564.16,alta
Tecnologia,,496,1906.95,17.6,Mayo,8504.14,alta
Ropa,875.14,16,3500.91,5.8,Agosto,23263.84,alta
Alimentos,1986.84,189,4780.71,7.0,Julio,59917.78,alta
Hogar,1106.72,412,2728.49,11.7,Mayo,22740.29,alta
Ropa,,169,1327.68,24.6,Junio,26695.56,alta
ropa,937.81,306,587.1,3.6,Mayo,17252.29,alta
Ropa,649.74,414,57.5,17.4,Marzo,8168.81,alta
Alimentos,1492.48,329,443.17,26.8,Diciembre,12940.64,alta
Ropa,1892.93,172,4238.01,11.7,Mayo,34707.04,alta
ROPA,1718.1,151,4637.3,16.1,Junio,39279.35,alta
Tecnologia,1823.09,233,271.25,42.3,Septiembre,45386.31,alta
Tecnologia,996.48,49,1195.45,13.1,Septiembre,28974.8,alta
Deportes,408.34,360,2803.5,11.9,Septiembre,3530.13,media
Tecnologia,471.88,130,104.75,20.9,Octubre,4833.9,media
Hogar,1481.09,40,1846.32,48.0,Agosto,29380.15,alta
Ropa,1261.19,366,2535.2,35.1,Abril,23875.19,alta
Deportes,1479.49,270,,14.1,Noviembre,15450.91,alta
Alimentos,,224,2862.32,26.9,Mayo,24754.23,alta
Deportes,574.01,398,3907.41,34.1,Agosto,16710.83,alta
Ropa,744.94,94,4049.55,33.0,Junio,11613.5,alta
Alimentos,1556.8,179,1621.01,17.2,Abril,22673.3,alta
Hogar,994.86,140,3608.83,1.2,Marzo,7897.99,alta
Deportes,1337.09,283,1210.98,28.3,Agosto,34895.39,alta
Alimentos,612.9,39,1884.55,25.0,Mayo,5353.53,alta
Hogar,1040.85,290,1797.73,38.0,Octubre,6624.9,alta
Deportes,1975.05,340,3771.67,19.1,Agosto,42323.55,alta
Alimentos,1641.44,210,824.91,19.3,Octubre,22835.44,alta
Ropa,,457,738.74,15.4,Octubre,14920.89,alta
Alimentos,467.64,472,1650.1,7.6,Abril,16147.44,alta
Tecnologia,569.93,118,4673.09,31.3,Febrero,10598.51,alta
Tecnologia,856.96,82,3828.44,46.4,Agosto,16885.65,alta
Alimentos,1636.71,397,1779.09,37.5,Mayo,9634.79,alta
Deportes,574.9,320,3430.06,9.5,Junio,13385.84,alta
Ropa,1290.76,243,4917.32,47.4,Septiembre,25620.45,alta
Tecnologia,1851.6,395,1449.77,0.8,Mayo,31815.82,alta
Alimentos,697.86,231,233.85,41.3,Noviembre,10428.32,alta
Deportes,589.08,166,4137.48,30.9,Junio,17127.25,alta
Ropa,1982.54,329,1483.15,21.5,Mayo,22973.42,alta
Tecnologia,213.11,202,,18.9,Diciembre,3842.21,media
Deportes,413.0,245,3270.12,26.8,Marzo,10532.47,alta
Deportes,946.95,310,2207.51,32.9,Febrero,24501.21,alta
Alimentos,483.12,257,,35.0,Junio,6745.44,alta
Ropa,1770.31,207,2728.67,39.5,Diciembre,33576.1,alta
Ropa,696.89,254,1727.35,6.3,Noviembre,18050.16,alta
Alimentos,610.69,82,1059.12,14.8,Mayo,19293.71,alta
Alimentos,541.72,447,710.76,28.4,Julio,5820.32,alta
Deportes,1540.0,18,4006.26,25.8,Abril,37836.06,alta
Deportes,1502.46,103,434.18,5.9,Noviembre,14636.25,alta
Ropa,852.12,254,3222.08,5.4,Agosto,9477.39,alta
Ropa,,140,1076.07,41.0,Mayo,7815.01,alta
ALIMENTOS,667.99,212,1458.65,40.1,Julio,3844.32,media
Ropa,470.91,54,4239.39,25.4,Agosto,15690.69,alta
Deportes,507.21,177,1450.9,6.9,Abril,12090.85,alta
Ropa,965.26,144,1737.18,6.6,Abril,8355.53,alta
Alimentos,1821.11,396,3090.6,32.3,Noviembre,18417.36,alta
Hogar,353.86,430,4406.17,12.3,Mayo,8929.5,alta
Hogar,1703.92,14,122.24,22.8,Septiembre,10456.35,alta
Hogar,1008.43,389,4482.31,18.1,Octubre,19099.26,alta
ropa,1494.18,202,1711.83,26.1,Julio,42371.06,alta
Ropa,1126.12,172,3093.69,25.9,Diciembre,11646.52,alta
Ropa,1335.06,409,,16.7,Diciembre,36236.31,alta
Ropa,470.66,139,4293.33,12.9,Octubre,16846.11,alta
Deportes,605.56,341,3937.91,39.9,Julio,17755.38,alta
Ropa,49.51,420,4751.2,37.3,Diciembre,5371.45,alta
Tecnologia,,307,,11.3,Febrero,37600.85,alta
Alimentos,678.31,419,1519.81,5.7,Noviembre,20263.48,alta
Hogar,1086.0,412,4813.61,8.9,Septiembre,24532.69,alta
Alimentos,1775.11,392,2136.41,19.5,Febrero,31842.3,alta
Tecnologia,1010.6,354,3011.98,24.2,Julio,27777.77,alta
Hogar,1168.18,40,968.88,26.0,Noviembre,30866.75,alta
Tecnologia,591.27,338,4720.97,3.3,Julio,6354.99,alta
Tecnologia,1380.9,290,,27.6,Mayo,26698.3,alta
Alimentos,1861.96,431,343.88,27.2,Marzo,50593.14,alta
Ropa,1488.29,64,3586.58,15.1,Diciembre,11650.19,alta
Tecnologia,646.87,188,4856.79,37.2,Octubre,9572.41,alta
Alimentos,1386.77,72,1721.98,4.4,Septiembre,26978.41,alta
alimentos,1250.39,256,254.19,1.5,Enero,23227.68,alta
Tecnologia,59.56,259,4976.15,45.3,Junio,5411.82,alta
Alimentos,787.02,325,,39.9,Junio,8082.7,alta
Alimentos,1024.04,6,3095.91,8.9,Octubre,12630.27,alta
Tecnologia,1298.88,364,1910.02,42.7,Junio,17584.13,alta
Tecnologia,1255.98,422,4830.39,2.4,Mayo,23869.12,alta
Ropa,1225.25,406,2786.44,7.4,Noviembre,11769.76,alta
Hogar,1640.16,185,863.08,9.9,Febrero,6929.26,alta
Hogar,1513.87,475,462.97,19.4,Octubre,25606.24,alta
Alimentos,1642.64,235,861.54,23.0,Enero,14029.77,alta
Tecnologia,27.81,310,4023.83,16.4,Mayo,3852.54,media
Hogar,1250.96,125,2912.33,10.3,Junio,7563.55,alta
Ropa,1908.87,472,2700.65,42.1,Mayo,40959.99,alta
Tecnologia,820.59,400,199.03,42.2,Enero,14716.93,alta
Tecnologia,,341,3794.76,41.2,Octubre,39392.24,alta
Deportes,1447.31,83,2262.53,5.4,Noviembre,15265.67,alta
Alimentos,,290,3187.21,31.5,Mayo,8864.34,alta
Tecnologia,264.51,183,2350.31,25.5,Noviembre,9274.11,alta
Alimentos,1645.76,130,487.38,29.0,Agosto,22090.61,alta
Deportes,,137,143.0,17.9,Enero,2366.42,media
Deportes,1082.86,314,491.22,16.1,Octubre,19828.04,alta
Alimentos,1174.75,472,2092.45,45.7,Mayo,27587.93,alta
Ropa,693.89,398,4953.07,44.5,Abril,24471.93,alta
Deportes,193.12,249,,26.1,Marzo,5421.33,alta
Ropa,1044.44,90,658.03,26.7,Agosto,23564.19,alta
Alimentos,212.97,323,,22.0,Noviembre,4100.44,media
Tecnologia,528.64,6,2827.81,29.4,Marzo,10935.11,alta
Hogar,744.64,368,1716.46,17.7,Mayo,16828.81,alta
Hogar,1145.52,139,2877.77,21.3,Julio,10226.98,alta
Ropa,1857.27,157,2994.82,8.2,Agosto,42059.73,alta
Deportes,937.56,363,,4.0,Octubre,26010.18,alta
Alimentos,1430.0,79,1692.96,46.9,Marzo,11860.46,alta
Ropa,1634.48,38,1881.9,6.4,Marzo,11269.57,alta
Hogar,1187.62,130,2493.59,49.8,Junio,15619.22,alta
Alimentos,1973.77,278,73.25,13.0,Marzo,25384.26,alta
Ropa,328.43,475,4693.16,48.0,Noviembre,6754.83,alta
Alimentos,18.09,330,4392.51,48.8,Febrero,3527.09,media
Deportes,669.37,485,4687.94,15.9,Agosto,12706.74,alta
Alimentos,1091.46,296,2283.66,47.4,Diciembre,24616.51,alta
Ropa,1210.21,52,3672.01,47.0,Noviembre,27306.95,alta
Alimentos,675.85,208,2906.87,37.0,Mayo,7026.15,alta
Hogar,1647.65,377,1297.99,24.0,Junio,46652.23,alta
Tecnologia,76.9,13,,29.4,Febrero,1757.36,media
Hogar,1289.38,188,2770.45,47.7,Marzo,38247.31,alta
Deportes,662.83,284,1484.06,16.3,Febrero,11702.03,alta
Ropa,,176,1881.44,48.5,Junio,38533.1,alta
Tecnologia,1363.91,283,1305.72,31.5,Mayo,12609.83,alta
Tecnologia,1249.4,219,4369.34,2.1,Mayo,22207.13,alta
Alimentos,1166.19,374,2030.98,17.8,Junio,27886.78,alta
Deportes,638.33,493,4955.35,11.6,Septiembre,18090.47,alta
Deportes,1737.37,275,2277.28,14.0,Diciembre,6687.03,alta
Hogar,864.55,265,2601.54,33.7,Enero,12189.69,alta
Tecnologia,546.13,363,4867.17,45.7,Agosto,7960.83,alta
Deportes,1984.26,148,1084.88,17.4,Septiembre,56313.54,alta
Tecnologia,1359.87,453,1709.73,13.7,Mayo,21837.11,alta
Alimentos,515.41,438,1542.2,25.4,Junio,15510.4,alta
Deportes,923.66,468,930.81,12.0,Septiembre,14542.87,alta
Alimentos,41.29,401,4327.77,49.4,Abril,3989.62,media
Deportes,687.05,321,3366.33,47.7,Junio,13514.28,alta
Alimentos,692.25,490,11.62,35.1,Marzo,6757.68,alta
Ropa,1978.31,162,2883.06,21.7,Junio,45986.68,alta
Ropa,1845.18,43,4423.9,16.9,Octubre,10613.39,alta
Ropa,682.88,438,2897.94,4.9,Enero,20341.1,alta
Tecnologia,1826.47,322,2393.84,19.7,Febrero,25625.59,alta
Tecnologia,820.37,328,4406.65,26.8,Abril,20874.45,alta
Alimentos,736.84,42,3121.41,40.2,Noviembre,14791.46,alta
Deportes,110.43,111,4506.06,44.5,Agosto,4562.96,media
Tecnologia,,206,3143.1,19.3,Mayo,9509.85,alta
Deportes,327.68,30,954.09,20.0,Julio,6521.64,alta
Alimentos,,141,,39.3,Diciembre,22444.49,alta
Deportes,1203.41,431,2462.9,29.0,Septiembre,8768.67,alta
Deportes,1619.08,130,101.7,13.1,Julio,8871.27,alta
Tecnologia,1931.75,255,2912.04,25.6,Mayo,38426.35,alta
Tecnologia,600.41,99,2980.76,2.1,Noviembre,11766.04,alta
Deportes,1001.95,378,569.13,33.7,Junio,28036.8,alta
Hogar,599.39,229,,30.8,Octubre,6238.0,alta
Alimentos,943.72,270,1071.48,30.8,Diciembre,5080.25,alta
Deportes,1698.8,446,485.29,34.0,Febrero,25857.82,alta
Tecnologia,1932.09,242,3680.95,29.4,Marzo,17145.33,alta
Tecnologia,1720.53,482,4607.47,7.0,Abril,29400.58,alta
Ropa,,120,2706.82,31.4,Abril,27692.88,alta
Alimentos,1179.35,253,705.98,41.9,Abril,31272.06,alta
Alimentos,722.63,437,3941.5,11.7,Abril,23822.06,alta
Tecnologia,1332.44,168,2635.47,22.6,Marzo,32551.05,alta
Deportes,,57,1876.66,42.8,Junio,9033.4,alta
Deportes,744.83,366,2492.46,16.6,Febrero,16585.64,alta
Tecnologia,1901.88,490,2937.27,44.7,Abril,35929.53,alta
Tecnologia,971.52,256,3660.76,43.4,Julio,13572.81,alta
Alimentos,,361,2855.75,26.5,Julio,19774.87,alta
Tecnologia,1433.19,484,,15.7,Mayo,6956.69,alta
Hogar,1867.96,374,1873.51,8.1,Diciembre,47655.74,alta
Tecnologia,175.39,147,3737.35,31.5,Marzo,7658.84,alta
DEPORTES,1434.18,346,3706.97,35.8,Diciembre,27295.43,alta
Tecnologia,907.25,326,3920.63,31.9,Julio,26046.18,alta
Hogar,1137.91,462,4779.52,26.3,Mayo,11269.55,alta
Alimentos,499.32,434,742.04,17.7,Octubre,2495.82,media
Tecnologia,422.06,364,2943.39,1.6,Enero,13631.77,alta
Tecnologia,760.87,270,4258.66,8.9,Octubre,10236.93,alta
Hogar,,313,,17.1,Diciembre,9629.52,alta
Tecnologia,620.6,490,551.81,26.9,Enero,13456.37,alta
Tecnologia,920.86,107,182.18,27.7,Enero,21957.42,alta
Deportes,1006.82,280,3524.0,2.6,Abril,23103.81,alta
Ropa,1467.67,23,,44.1,Octubre,29375.65,alta
Tecnologia,1430.69,47,2536.83,1.6,Septiembre,206809.84813489023,alta
Alimentos,883.93,490,936.71,12.8,Octubre,7399.33,alta
Alimentos,202.46,312,937.37,49.7,Septiembre,5163.73,alta
Deportes,1648.12,228,1116.17,6.4,Julio,27746.23,alta
Alimentos,842.35,442,2223.5,34.4,Julio,7931.96,alta
Alimentos,1145.66,98,4815.98,32.9,Septiembre,5940.93,alta
ROPA,1980.05,193,,22.6,Octubre,26428.89,alta
Alimentos,597.98,197,4668.05,21.9,Diciembre,17874.2,alta
Hogar,1267.47,380,4174.26,0.4,Octubre,26759.15,alta
ROPA,893.48,88,335.42,47.7,Octubre,6565.9,alta
Deportes,1184.67,146,246.22,34.5,Diciembre,8073.86,alta
Hogar,1963.39,109,3048.44,23.9,Agosto,33783.61,alta
Hogar,400.27,57,2940.25,28.1,Noviembre,9176.67,alta
Alimentos,87.34,11,855.87,36.1,Marzo,2748.62,media
Deportes,1959.97,106,4388.29,10.9,Diciembre,14598.73,alta
Tecnologia,1496.04,107,416.82,42.2,Abril,16298.25,alta
Ropa,1410.74,380,495.06,37.5,Agosto,42967.97,alta
Deportes,898.76,65,543.12,3.6,Noviembre,4463.93,media
Deportes,272.15,258,1453.69,40.4,Julio,6094.39,alta
Ropa,185.19,381,3361.99,21.9,Agosto,8263.28,alta
Alimentos,1147.06,486,1182.89,10.5,Junio,18749.0,alta
Tecnologia,1078.73,481,3358.14,33.0,Abril,27696.01,alta
Tecnologia,1344.65,256,2523.35,49.9,Octubre,31421.57,alta
Ropa,477.32,90,4419.16,30.0,Agosto,17445.57,alta
Deportes,31.08,195,,42.8,Agosto,1469.0,baja
Ropa,697.44,186,4254.98,24.8,Mayo,151005.90326902037,alta
Tecnologia,587.97,493,3555.84,42.4,Noviembre,16964.56,alta
Tecnologia,957.43,112,2426.83,22.0,Septiembre,25763.37,alta
Deportes,1530.85,68,3167.29,38.6,Junio,33310.63,alta
Deportes,,303,2940.67,6.3,Noviembre,31391.34,alta
Hogar,629.5,177,4728.31,2.6,Abril,9955.95,alta
Tecnologia,244.58,25,4601.81,3.9,Agosto,8838.6,alta
Hogar,902.56,63,2534.8,17.9,Enero,6506.61,alta
TECNOLOGIA,166.25,454,2574.79,18.5,Diciembre,5981.56,alta
Deportes,149.64,283,1074.98,3.6,Julio,3887.45,media
Ropa,832.78,343,4404.95,6.5,Febrero,10368.91,alta
Deportes,685.28,192,15.35,14.7,Marzo,10258.12,alta
Ropa,,71,3229.7,7.7,Mayo,11053.2,alta
Ropa,1314.98,118,1306.09,1.0,Diciembre,25504.48,alta
Deportes,1746.18,329,4885.98,36.8,Noviembre,47156.98,alta
Ropa,1702.83,125,2883.66,37.4,Septiembre,29999.19,alta
Hogar,1935.24,493,3381.7,48.2,Mayo,32608.48,alta
Ropa,1200.84,199,4268.24,45.4,Junio,37647.0,alta
Ropa,454.29,180,1443.43,23.9,Octubre,4435.11,media
Deportes,139.22,129,,43.4,Enero,3617.42,media
Tecnologia,,328,3948.59,26.9,Marzo,26301.8,alta
Deportes,249.1,214,3895.88,48.2,Diciembre,7107.85,alta
Alimentos,816.75,215,989.1,23.9,Julio,17130.27,alta
Alimentos,156.98,333,3021.3,29.0,Febrero,3937.19,media
DEPORTES,1883.86,130,4703.07,47.6,Diciembre,30171.21,alta
Alimentos,1549.25,121,4267.23,35.4,Julio,15921.53,alta
Hogar,667.6,453,1509.29,1.4,Abril,128575.55721183315,alta
Ropa,96.65,159,2913.01,33.4,Febrero,3644.35,media
Hogar,1681.63,298,547.94,16.2,Enero,38452.41,alta
Tecnologia,1535.07,472,2327.95,5.3,Agosto,33953.32,alta
Tecnologia,1575.42,48,3653.5,2.3,Marzo,21821.42,alta
Hogar,436.7,238,4387.75,16.6,Septiembre,11084.81,alta
Tecnologia,977.87,205,2870.42,32.1,Julio,27928.1,alta
Hogar,98.92,391,,44.9,Enero,2423.47,media
Tecnologia,1768.92,359,,18.5,Junio,40710.5,alta
Tecnologia,1242.4,49,,22.4,Noviembre,21574.18,alta
Deportes,1448.8,434,3500.11,31.8,Octubre,31114.22,alta
alimentos,1628.89,93,4132.57,7.6,Julio,50852.52,alta
Ropa,1554.17,191,,27.6,Agosto,48790.05,alta
Ropa,22.76,55,2489.28,26.6,Enero,2159.44,media
Hogar,1824.05,449,2836.01,18.6,Septiembre,26817.74,alta
Deportes,512.91,144,4439.89,5.0,Julio,7882.56,alta
Deportes,140.5,397,1670.15,44.1,Enero,3530.87,media
Tecnologia,1923.01,260,817.14,49.7,Agosto,7499.8,alta
Alimentos,1636.11,61,3122.66,32.3,Junio,35148.7,alta
Hogar,288.29,93,2342.8,19.3,Diciembre,7733.64,alta
Alimentos,284.31,29,378.86,9.7,Marzo,5566.85,alta
Hogar,1310.59,107,854.75,29.3,Abril,17450.94,alta
Ropa,1515.15,253,1595.68,50.0,Marzo,13027.13,alta
Ropa,1691.48,68,2950.91,19.2,Julio,6180.27,alta
Deportes,1640.83,213,3606.57,49.9,Septiembre,29555.64,alta
alimentos,547.36,215,3075.56,14.4,Septiembre,7766.3,alta
Tecnologia,564.5,261,3805.77,44.1,Marzo,17450.39,alta
Tecnologia,717.07,75,,3.5,Septiembre,20457.05,alta
Tecnologia,1602.87,392,2647.66,33.3,Julio,39601.18,alta
Alimentos,67.11,176,2526.48,4.1,Marzo,3506.22,media
Tecnologia,1233.41,339,1965.01,12.5,Diciembre,6181.75,alta
Deportes,1037.91,126,2806.23,8.7,Marzo,22298.91,alta
Deportes,,181,2758.74,47.6,Octubre,5836.96,alta
Tecnologia,1067.61,488,4384.52,10.5,Junio,35926.16,alta
Deportes,1742.17,263,2477.66,13.1,Abril,29939.62,alta
Alimentos,711.01,304,4021.73,41.0,Septiembre,20535.28,alta
Ropa,425.41,248,1524.83,35.4,Junio,6747.45,alta
Deportes,,64,969.13,27.1,Febrero,17203.91,alta
Alimentos,1051.87,353,4365.07,0.2,Octubre,8566.95,alta
Hogar,545.33,20,1211.02,36.4,Abril,14801.45,alta
Deportes,82.78,305,710.49,24.0,Diciembre,3218.3,media
Hogar,81.38,31,3627.79,43.8,Septiembre,2856.46,media
ALIMENTOS,1746.29,70,4943.58,12.2,Diciembre,50042.86,alta
Ropa,1109.48,303,1412.84,21.1,Junio,124198.3334705048,media
Ropa,94.15,395,1791.82,12.5,Marzo,3732.02,media
DEPORTES,,133,1259.51,19.3,Abril,25409.42,alta
Tecnologia,999.3,32,3005.58,9.9,Febrero,14584.59,alta
Alimentos,1709.75,400,2292.36,44.5,Enero,16424.32,alta
Hogar,1241.33,19,3102.37,31.3,Marzo,38738.75,alta
Hogar,957.22,330,485.03,41.0,Febrero,4252.2,media
Hogar,958.28,183,4799.43,26.5,Marzo,11239.51,alta
Hogar,384.18,22,1129.44,29.6,Abril,12030.03,alta
ROPA,1731.97,379,2338.44,29.9,Diciembre,46654.51,alta
Ropa,1679.17,35,2373.61,32.7,Agosto,10672.91,alta
Alimentos,349.51,193,3561.15,44.8,Octubre,12555.8,alta
Deportes,597.53,161,2350.32,44.2,Noviembre,11312.84,alta
Hogar,1592.16,234,1909.85,38.0,Mayo,20477.38,alta
Ropa,1051.78,201,4315.31,16.0,Abril,25937.61,alta
Tecnologia,1722.72,486,3490.01,42.3,Julio,9863.08,alta
Deportes,1925.47,399,461.38,12.2,Noviembre,17480.43,alta
Tecnologia,1534.5,336,4324.88,43.9,Julio,46585.78,alta
Tecnologia,49.81,14,3326.26,40.9,Febrero,2812.66,media
Ropa,1018.88,495,4812.1,2.1,Diciembre,18296.92,alta
Hogar,1067.16,361,3000.45,37.4,Noviembre,20789.07,alta
Alimentos,1599.98,108,4861.45,10.1,Enero,23358.27,alta
Ropa,1222.56,134,2938.97,37.3,Agosto,16974.67,alta
Hogar,364.35,289,4065.65,33.2,Agosto,6064.89,alta
Hogar,233.19,40,3726.07,37.2,Diciembre,7961.57,alta
Ropa,,312,3698.15,3.6,Agosto,18622.04,alta
Tecnologia,776.16,221,,49.1,Abril,15959.95,alta
Hogar,491.02,240,1353.1,34.0,Julio,13765.67,alta
Tecnologia,1848.2,107,1603.68,42.5,Marzo,45622.18,alta
Hogar,,164,1401.59,38.2,Mayo,7311.86,alta
Ropa,763.17,487,1880.39,42.4,Julio,21860.81,alta
Deportes,1461.81,194,2464.6,19.4,Diciembre,20228.95,alta
Deportes,202.02,167,,47.5,Abril,4562.43,media
Ropa,1158.7,239,2221.65,1.5,Junio,24766.01,alta
Hogar,261.28,129,3020.44,24.1,Febrero,6994.49,alta
Deportes,1534.8,85,3263.42,14.1,Abril,32856.36,alta
Hogar,173.28,438,4892.2,44.1,Abril,6346.89,alta
Ropa,1124.41,418,1157.68,2.9,Octubre,9497.47,alta
Ropa,938.37,230,,9.7,Febrero,27146.79,alta
Alimentos,1356.87,328,3755.41,13.7,Junio,12080.65,alta
Tecnologia,87.24,474,2325.96,29.1,Abril,3645.48,media
Ropa,1643.28,417,3515.26,32.6,Marzo,30530.85,alta
Deportes,543.07,28,,33.9,Noviembre,13065.89,alta
Deportes,1775.25,128,3538.87,2.5,Noviembre,44963.83,alta
Deportes,409.99,456,4460.56,9.7,Julio,6171.84,alta
Deportes,476.64,5,1543.41,12.0,Noviembre,11446.29,alta
Deportes,745.66,364,,44.3,Abril,12196.51,alta
Ropa,128.22,329,491.75,8.3,Junio,4437.08,media
Alimentos,218.09,204,146.45,11.8,Febrero,6709.7,alta
Hogar,1972.45,33,4278.87,43.9,Diciembre,15118.46,alta
Ropa,244.58,268,217.72,11.7,Diciembre,3588.29,media
Deportes,1513.85,220,3092.25,49.9,Agosto,15395.63,alta
Tecnologia,515.72,46,4039.56,26.3,Febrero,5476.5,alta
Tecnologia,,36,1804.04,36.5,Marzo,19128.08,alta
Tecnologia,,378,1917.74,38.4,Marzo,10138.08,alta
Tecnologia,256.47,297,4852.96,24.0,Mayo,11876.42,alta
Hogar,275.39,354,4923.37,4.6,Julio,8221.23,alta
Alimentos,743.25,187,4146.28,45.0,Febrero,4947.47,media
Hogar,1636.37,211,69.91,48.3,Diciembre,21159.71,alta
Alimentos,,293,2824.53,28.9,Septiembre,15209.17,alta
Deportes,586.57,5,2904.14,36.6,Julio,12021.38,alta
Deportes,1539.74,326,228.64,48.4,Noviembre,14576.14,alta
Deportes,1569.04,478,1223.32,46.0,Enero,38666.65,alta
Tecnologia,80.39,71,4994.34,34.3,Noviembre,4612.92,media
Tecnologia,1643.1,441,1758.58,37.0,Febrero,18576.32,alta
Deportes,1224.48,191,4071.62,39.6,Febrero,5897.27,alta
Hogar,298.31,427,2585.34,38.6,Marzo,9926.64,alta
Deportes,,268,1186.57,2.9,Noviembre,12652.97,alta
Alimentos,707.31,499,1111.65,32.3,Noviembre,21732.67,alta
ROPA,603.07,201,666.04,17.6,Junio,6031.59,alta
Hogar,340.82,51,2126.1,35.1,Marzo,120820.26736312287,alta
Ropa,773.74,385,831.82,9.1,Junio,17327.92,alta
Ropa,1847.61,168,1575.67,2.9,Diciembre,46413.85,alta
Ropa,842.19,208,3379.7,20.7,Noviembre,10725.76,alta
Alimentos,508.05,220,4585.2,7.8,Enero,10405.21,alta
Ropa,1046.23,272,2151.51,40.5,Septiembre,23558.8,alta
Alimentos,,61,1991.14,15.1,Agosto,1725.75,media
Hogar,1047.61,372,889.08,40.1,Julio,25839.12,alta
Hogar,1916.16,315,1134.4,48.8,Enero,42698.42,alta
Deportes,1171.7,443,845.86,6.7,Diciembre,32193.93,alta
Tecnologia,620.04,89,700.29,27.0,Mayo,9708.45,alta
Ropa,122.29,276,2078.02,2.5,Junio,3618.01,media
Tecnologia,,378,4561.93,22.8,Junio,44529.27,alta
Ropa,792.49,129,969.05,37.3,Febrero,4557.63,media
Deportes,68.43,48,2764.16,40.6,Octubre,2576.06,media
Hogar,956.46,149,2709.39,7.3,Junio,13111.76,alta
Deportes,1125.53,192,3332.68,49.0,Mayo,32260.28,alta
Tecnologia,1754.44,39,1642.81,2.3,Diciembre,30083.01,alta
Hogar,1487.12,275,1376.27,36.9,Julio,35104.97,alta
Alimentos,1033.45,219,4725.43,2.6,Septiembre,26853.0,alta
Ropa,1857.84,104,4039.05,13.0,Mayo,16891.89,alta
Hogar,1786.93,256,1966.81,47.6,Diciembre,42033.13,alta
Hogar,1923.61,492,1638.65,42.1,Junio,57891.89,alta
Tecnologia,662.22,258,4581.63,22.3,Abril,19564.12,alta
Tecnologia,265.02,119,1605.0,19.3,Septiembre,2092.85,media
Alimentos,500.28,171,4627.92,7.0,Febrero,13209.48,alta
Hogar,221.56,242,2531.37,14.6,Enero,6683.23,alta
Alimentos,1334.59,288,4592.84,31.4,Octubre,28556.1,alta
Deportes,1275.17,310,871.03,25.1,Julio,4945.62,media
Hogar,1068.39,187,,13.0,Agosto,10005.41,alta
Deportes,762.45,452,1743.55,9.7,Octubre,5111.78,alta
Hogar,84.95,334,3887.89,12.7,Febrero,5431.08,alta
Ropa,1532.44,342,1708.3,40.8,Septiembre,7720.6,alta
Tecnologia,,489,3539.99,11.8,Junio,4665.99,media
HOGAR,,132,,44.2,Junio,10716.04,alta
Deportes,1245.2,414,,19.1,Abril,8947.62,alta
Tecnologia,1400.35,33,,35.7,Marzo,33042.73,alta
Ropa,1924.63,142,4467.56,44.0,Junio,53916.1,alta
Hogar,1147.98,240,3574.6,27.3,Julio,34855.63,alta
Ropa,529.81,151,3391.47,3.6,Enero,5640.48,alta
Tecnologia,1692.64,164,1460.55,25.0,Octubre,38575.04,alta
Alimentos,541.04,199,4710.74,40.0,Enero,10090.88,alta
Ropa,1786.71,93,3789.41,28.5,Marzo,24521.78,alta
Alimentos,,401,,46.4,Octubre,19285.71,alta
Hogar,938.35,388,1335.44,1.0,Enero,8963.91,alta
Alimentos,874.18,307,3923.09,47.8,Julio,13945.45,alta
Deportes,1445.53,85,3870.36,12.9,Mayo,27435.29,alta
Tecnologia,299.27,465,1445.37,28.9,Octubre,8154.97,alta
Hogar,667.49,406,4441.38,11.4,Julio,7373.07,alta
Alimentos,1523.48,256,302.9,36.3,Julio,23351.22,alta
Ropa,822.88,156,2942.04,0.9,Septiembre,16394.58,alta
Deportes,567.08,219,4045.45,18.5,Enero,18458.53,alta
Ropa,1015.21,197,211.83,0.3,Abril,18158.92,alta
Alimentos,585.69,484,4182.87,19.7,Julio,21414.55,alta
Hogar,185.25,224,4545.48,1.3,Junio,4265.57,media
deportes,897.05,214,2065.05,4.2,Junio,24825.42,alta
Ropa,664.85,315,4094.77,39.3,Junio,16850.42,alta
Alimentos,152.1,426,2015.21,39.1,Octubre,3172.3,media
Alimentos,1846.25,371,4892.8,19.8,Enero,10425.25,alta
Tecnologia,1934.67,267,1975.26,18.3,Mayo,25468.88,alta
Ropa,,136,2249.27,48.2,Diciembre,21432.77,alta
Deportes,1747.11,35,807.7,6.4,Agosto,19415.05,alta
Hogar,181.33,320,1953.31,23.9,Junio,5154.45,alta
Alimentos,10.58,365,501.24,20.5,Agosto,1006.56,baja
ropa,1295.42,184,4501.73,21.1,Octubre,15847.18,alta
Deportes,774.13,86,188.0,38.9,Diciembre,13964.16,alta
Hogar,894.24,408,554.72,16.6,Marzo,4567.4,media
Hogar,435.64,195,1200.62,6.1,Mayo,9047.06,alta
Alimentos,19.01,333,1495.19,31.0,Mayo,1968.22,media
Alimentos,1662.48,133,3367.79,19.4,Septiembre,41923.65,alta
Deportes,652.13,181,2421.68,11.3,Octubre,10354.18,alta
TECNOLOGIA,788.49,338,3541.62,39.5,Enero,22238.55,alta
Deportes,1995.69,410,2759.59,37.0,Julio,31858.66,alta
Deportes,1712.43,410,3923.74,49.5,Septiembre,7944.5,alta
ROPA,1408.01,64,4597.15,7.4,Marzo,22168.25,alta
Alimentos,760.56,215,3652.7,30.4,Mayo,5655.12,alta
Alimentos,717.53,401,3953.18,19.8,Enero,11622.64,alta
Alimentos,673.02,469,2934.98,26.4,Mayo,15529.32,alta
Hogar,859.09,215,2893.28,29.4,Junio,17596.49,alta
Hogar,1727.82,199,4333.36,27.5,Julio,26247.8,alta
Deportes,1053.71,479,4623.51,30.7,Junio,13597.32,alta
Alimentos,459.28,233,,49.6,Diciembre,12731.5,alta
Hogar,150.79,454,1509.84,9.7,Mayo,3469.05,media
Hogar,583.36,104,4629.31,24.9,Marzo,13955.56,alta
Alimentos,140.42,449,753.7,4.4,Febrero,4269.14,media
Alimentos,,287,3717.0,28.9,Mayo,20556.55,alta
Deportes,640.81,158,4600.69,34.7,Agosto,7074.67,alta
Ropa,101.14,335,3489.35,27.0,Julio,3575.49,media
Alimentos,726.04,244,2919.96,35.6,Octubre,21671.09,alta
Ropa,726.91,310,1390.82,5.4,Noviembre,18699.94,alta
Ropa,1777.29,431,1568.25,37.6,Diciembre,31433.89,alta
Alimentos,1121.3,328,4134.44,9.7,Septiembre,12942.06,alta
Ropa,553.39,15,4815.87,6.3,Enero,20353.17,alta
Alimentos,194.48,303,1192.95,20.1,Diciembre,6559.29,alta
Deportes,812.57,87,4828.74,42.2,Agosto,25390.7,alta
Tecnologia,969.74,496,244.83,13.8,Junio,8060.55,alta
Ropa,1763.79,334,1293.85,27.7,Abril,8858.68,alta
Deportes,1996.21,251,2135.9,19.9,Marzo,23157.07,alta
Hogar,1990.07,220,1793.36,43.9,Junio,51005.52,alta
Tecnologia,1243.75,79,819.12,22.4,Julio,15145.71,alta
Ropa,1097.78,171,4101.72,12.9,Marzo,33192.71,alta
Alimentos,1220.08,417,,16.8,Diciembre,22849.55,alta
Hogar,1487.88,259,,13.5,Abril,15742.76,alta
Alimentos,762.64,11,3242.84,38.8,Abril,11416.09,alta
Alimentos,206.85,269,1246.0,22.9,Agosto,5789.06,alta
Deportes,847.36,216,2000.25,8.9,Enero,19409.62,alta
Ropa,1226.31,82,4202.32,18.8,Mayo,18102.45,alta
Deportes,122.39,35,,12.5,Marzo,4842.92,media
Hogar,289.9,42,4520.89,31.3,Junio,7755.62,alta
Alimentos,720.41,134,4191.02,10.2,Noviembre,20117.84,alta
Alimentos,1501.34,194,1384.97,20.8,Febrero,22530.47,alta
Deportes,1903.45,349,2139.33,10.3,Abril,23561.75,alta
Deportes,244.67,45,1483.95,1.5,Septiembre,3203.62,media
Alimentos,144.22,38,2344.11,39.1,Abril,2762.2,media
Hogar,1461.13,83,2102.79,31.4,Junio,32221.86,alta
Ropa,913.03,183,2692.11,15.3,Mayo,5430.02,alta
Alimentos,467.59,98,3519.49,5.5,Diciembre,8419.14,alta
Ropa,526.52,321,,22.3,Junio,3907.21,media
Hogar,1742.17,335,1133.83,16.9,Julio,48288.96,alta
Tecnologia,1184.43,208,,2.3,Abril,23295.84,alta
Ropa,17.43,239,643.52,42.3,Diciembre,334.93,baja
Deportes,408.21,245,2891.67,4.0,Noviembre,5362.21,alta
Hogar,,132,316.72,43.4,Octubre,2281.53,media
Ropa,1222.75,249,771.12,29.8,Octubre,28654.68,alta
Alimentos,713.78,246,974.42,38.7,Enero,22171.54,alta
Ropa,567.4,183,2133.57,36.3,Julio,15140.85,alta
Deportes,487.34,466,4143.54,39.7,Diciembre,7670.07,alta
Deportes,95.86,114,3508.15,18.7,Junio,5577.36,alta
Hogar,1495.84,252,3979.86,24.7,Enero,8470.76,alta
Deportes,1513.85,220,3092.25,49.9,Agosto,15395.63,alta
Ropa,1431.52,416,3787.41,28.7,Septiembre,26880.44,alta
Tecnologia,686.58,494,2278.58,7.8,Octubre,13063.25,alta
Alimentos,464.84,303,89.9,12.9,Octubre,3162.59,media
Hogar,367.38,487,4200.28,12.9,Julio,14182.79,alta
Ropa,,139,830.56,39.9,Junio,3953.78,media
ROPA,605.19,199,4436.82,11.6,Mayo,9241.58,alta
Tecnologia,292.05,260,4052.82,41.3,Diciembre,10682.66,alta
Deportes,48.48,475,3236.76,2.9,Octubre,3369.29,media
Alimentos,338.61,374,1559.03,30.7,Abril,7393.75,alta
Alimentos,430.17,127,774.72,45.8,Agosto,7428.64,alta
Deportes,1154.69,178,1586.64,23.7,Diciembre,33070.07,alta
Deportes,134.01,76,2040.62,13.3,Marzo,5134.8,alta
Hogar,1628.05,110,4539.04,10.0,Febrero,48970.21,alta
Deportes,819.37,481,1935.37,19.6,Mayo,21839.86,alta
Deportes,439.36,437,3142.66,0.6,Abril,7588.61,alta
Alimentos,1347.55,178,59.67,45.3,Febrero,39301.95,alta
Hogar,,219,1482.68,46.1,Octubre,39471.64,alta
Deportes,,171,4725.7,3.7,Marzo,8373.74,alta
Tecnologia,701.15,194,2768.64,0.6,Marzo,7852.0,alta
Ropa,999.24,350,3762.2,44.1,Febrero,15824.01,alta
Deportes,926.93,123,4874.6,18.1,Enero,5882.9,alta
Ropa,982.38,273,1934.34,24.3,Marzo,17768.05,alta
Deportes,477.84,385,806.48,5.1,Febrero,6997.91,alta
Hogar,101.34,336,327.79,20.1,Agosto,3556.56,media
Hogar,1253.22,246,892.4,47.9,Marzo,36541.36,alta
Tecnologia,1903.81,90,4945.71,16.5,Septiembre,16264.39,alta
Deportes,120.88,389,2354.89,48.8,Septiembre,3462.3,media
HOGAR,1689.81,351,350.19,19.3,Mayo,28070.81,alta
Alimentos,599.59,471,1174.67,15.1,Julio,17403.1,alta
Hogar,472.91,93,4006.16,7.4,Octubre,13844.39,alta
Ropa,648.57,301,,43.1,Marzo,14715.73,alta
Alimentos,263.24,339,,1.0,Agosto,7861.61,alta
Ropa,1380.93,202,2801.37,21.7,Agosto,18764.13,alta
Alimentos,42.62,406,3142.97,36.5,Agosto,3440.58,media
Deportes,1936.27,55,3870.54,4.2,Junio,48710.24,alta
Tecnologia,275.34,42,3526.67,21.0,Julio,8269.14,alta
Alimentos,459.87,158,1138.17,43.2,Diciembre,8313.0,alta
Deportes,1486.16,334,3585.45,9.0,Febrero,10074.7,alta
HOGAR,,376,497.77,15.6,Mayo,42169.19,alta
deportes,1496.87,294,2365.79,17.8,Abril,17128.34,alta
Deportes,944.16,176,3434.44,36.2,Noviembre,7162.56,alta
Ropa,147.58,308,579.25,47.0,Septiembre,3273.92,media
Tecnologia,171.84,149,82.37,29.6,Septiembre,3591.24,media
Hogar,910.57,6,137.03,27.2,Abril,7487.77,alta
Ropa,226.69,204,1839.06,27.9,Noviembre,6715.52,alta
Hogar,308.42,352,3981.0,23.1,Febrero,11686.57,alta
Ropa,445.5,21,3127.42,43.6,Febrero,3816.49,media
Ropa,1427.07,472,1293.35,45.6,Abril,28222.87,alta
Deportes,1193.85,182,110.86,19.3,Agosto,8073.77,alta
Deportes,756.96,460,3465.63,46.6,Junio,21416.19,alta
Ropa,1123.02,123,4327.43,17.7,Mayo,25236.05,alta
Ropa,1626.58,104,2521.52,7.5,Diciembre,22060.36,alta
Hogar,,35,684.0,31.1,Julio,28004.36,alta
Deportes,546.34,384,4113.82,41.8,Julio,12889.76,alta
Hogar,818.88,326,4790.3,36.3,Julio,10792.48,alta
Hogar,820.4,88,4208.33,22.9,Agosto,23252.66,alta
Tecnologia,174.24,101,3436.2,5.9,Mayo,7164.1,alta
Alimentos,263.13,314,344.44,0.9,Septiembre,5249.31,alta
Deportes,911.47,328,3923.3,45.3,Febrero,18449.74,alta
Ropa,,467,3197.44,22.0,Febrero,5553.59,alta
Hogar,656.94,370,577.89,1.9,Mayo,4040.75,media
Ropa,1627.58,350,2475.71,27.5,Diciembre,39440.07,alta
HOGAR,1613.99,323,3448.8,5.9,Enero,41233.57,alta
Deportes,1455.77,38,,27.3,Febrero,43601.17,alta
Alimentos,154.61,384,2115.91,44.4,Diciembre,3124.36,media
Deportes,1662.21,367,873.1,31.4,Septiembre,28271.44,alta
Ropa,1327.38,357,1469.84,0.7,Mayo,10691.63,alta
Hogar,821.46,199,2546.93,45.2,Febrero,9683.25,alta
Deportes,939.83,448,3879.57,19.2,Octubre,9654.67,alta
Hogar,304.09,188,1832.1,12.8,Octubre,5509.25,alta
Hogar,312.99,216,3011.22,48.3,Octubre,10543.67,alta
Deportes,93.22,190,3312.7,14.5,Agosto,4259.06,media
Alimentos,1381.05,59,1624.24,48.6,Septiembre,31918.43,alta
Tecnologia,417.07,225,2782.79,44.3,Diciembre,4750.61,media
Alimentos,1149.75,231,74.24,37.4,Diciembre,9963.22,alta
Ropa,775.85,385,4273.68,19.9,Julio,21050.13,alta
Ropa,1976.75,97,3044.13,33.2,Abril,23843.67,alta
Hogar,1334.65,373,608.59,23.3,Abril,29739.29,alta
Ropa,150.01,413,3020.33,26.6,Agosto,6750.43,alta
Hogar,1197.01,219,4722.73,38.2,Octubre,32538.64,alta
Alimentos,1833.59,155,4503.34,18.1,Mayo,14121.65,alta
Alimentos,1164.6,498,1135.37,12.6,Junio,6918.16,alta
Ropa,612.33,392,3780.21,41.7,Marzo,19532.65,alta
Alimentos,284.77,341,1822.95,5.2,Marzo,10115.7,alta
hogar,1256.73,491,1286.43,24.4,Marzo,9223.65,alta
Alimentos,1337.17,11,2524.69,30.6,Marzo,22777.43,alta
Hogar,129.34,490,4359.74,1.1,Octubre,8143.65,alta
Ropa,1458.24,105,407.88,37.7,Enero,35974.12,alta
Alimentos,722.14,17,1629.98,23.9,Abril,20337.4,alta
Tecnologia,679.59,324,4486.47,2.0,Enero,11113.65,alta
Tecnologia,1086.49,488,1308.91,34.3,Octubre,5656.28,alta
TECNOLOGIA,944.07,422,3541.1,42.3,Agosto,10270.29,alta
Alimentos,1184.17,76,3426.17,6.1,Agosto,27768.23,alta
Alimentos,63.24,173,2351.35,36.9,Junio,3225.43,media
Tecnologia,1731.61,55,,49.1,Junio,25303.25,alta
Alimentos,505.49,426,3569.37,48.2,Septiembre,6967.01,alta
Deportes,716.25,55,446.22,28.6,Enero,12105.44,alta
Ropa,903.39,424,3056.67,6.6,Noviembre,26023.74,alta
Ropa,,76,,3.6,Octubre,46096.82,alta
Deportes,,194,2386.32,21.8,Septiembre,31719.46,alta
Hogar,177.44,22,4375.99,15.5,Enero,4954.24,media
Ropa,1059.18,398,4861.77,6.5,Enero,26880.27,alta
Deportes,1481.82,117,3855.36,21.8,Enero,31385.79,alta
TECNOLOGIA,,308,1801.3,2.3,Junio,10043.0,alta
Tecnologia,,55,4369.12,29.0,Mayo,46761.41,alta
Tecnologia,988.47,372,4953.73,30.9,Enero,24792.26,alta
Hogar,1369.11,453,4872.05,40.0,Enero,26250.87,alta
Ropa,1285.22,56,2373.14,41.5,Octubre,5230.66,alta
Hogar,752.72,88,459.03,49.8,Noviembre,16878.93,alta
Tecnologia,1390.27,407,3424.89,17.8,Diciembre,22200.89,alta
Tecnologia,1814.83,249,1936.67,46.3,Abril,15373.42,alta
Deportes,847.46,387,821.78,25.0,Septiembre,10594.69,alta
Ropa,1579.04,146,120.31,23.8,Mayo,28823.13,alta
Alimentos,305.69,466,1517.29,0.7,Julio,8164.47,alta
Alimentos,269.02,114,,2.6,Diciembre,10628.99,alta
Deportes,,122,4881.62,15.7,Diciembre,23924.7,alta
Alimentos,1962.24,15,3377.37,24.8,Abril,52490.41,alta
Hogar,1960.39,361,4947.26,44.5,Junio,51550.64,alta
Ropa,1333.57,284,1720.48,32.5,Abril,29290.84,alta
Ropa,1563.52,409,1580.85,35.0,Abril,41242.38,alta
Alimentos,1385.04,427,1171.65,8.4,Abril,10449.77,alta
Ropa,938.14,163,274.17,47.2,Marzo,20232.79,alta
Deportes,974.39,25,4004.21,24.4,Noviembre,12724.38,alta
Tecnologia,1526.13,200,3709.39,40.3,Febrero,26765.62,alta
Ropa,370.35,292,382.57,45.5,Marzo,1779.82,media
Hogar,1364.03,384,1789.32,22.8,Enero,11547.71,alta
Ropa,1220.67,216,4595.64,17.6,Noviembre,36251.85,alta
Ropa,166.97,205,3131.2,47.5,Julio,5918.08,alta
Ropa,494.76,455,2259.84,31.4,Febrero,12295.21,alta
ROPA,27.11,112,4349.48,0.2,Septiembre,3548.61,media
Tecnologia,288.3,228,98.53,43.9,Diciembre,3306.0,media
Ropa,805.59,193,3355.25,27.9,Mayo,6031.94,alta
Ropa,679.63,60,217.82,14.0,Junio,19836.59,alta
Deportes,1949.93,344,327.57,15.5,Marzo,37116.3,alta
Alimentos,1620.13,127,4394.5,30.0,Noviembre,21381.81,alta
Alimentos,425.75,463,1755.44,49.9,Enero,5799.4,alta
Alimentos,73.38,255,2402.86,24.8,Diciembre,3159.95,media
Deportes,1564.09,258,85.74,2.7,Diciembre,30225.98,alta
Ropa,1910.12,288,4961.27,41.7,Julio,51785.67,alta
Hogar,1816.33,407,4826.09,4.5,Agosto,26634.78,alta
Tecnologia,1935.12,402,371.71,31.8,Julio,50826.15,alta
Ropa,1794.37,129,2694.78,37.3,Agosto,38986.46,alta
Alimentos,,180,1358.36,24.8,Octubre,34838.37,alta
Hogar,408.52,34,2137.1,34.8,Septiembre,9866.49,alta
Tecnologia,1411.57,232,582.21,19.9,Diciembre,32300.99,alta
Hogar,,103,4566.15,7.7,Octubre,9922.84,alta
Alimentos,465.15,167,2677.04,16.1,Mayo,8998.51,alta
Deportes,672.97,339,1010.92,6.7,Mayo,3331.91,media
Hogar,21.33,358,3448.9,42.2,Febrero,218837.86686136262,media
Ropa,807.18,138,2698.76,32.0,Octubre,4197.83,media
Deportes,344.38,315,174.96,37.6,Febrero,6154.99,alta
Deportes,1301.54,433,2622.61,42.7,Julio,150073.1780680458,alta
Alimentos,1626.41,124,,2.6,Marzo,137970.2847559899,alta
Hogar,1348.43,172,,24.9,Junio,32897.05,alta
Hogar,807.04,273,,17.5,Diciembre,22581.18,alta
Deportes,,95,2402.27,6.0,Junio,3337.41,media
Alimentos,1169.34,363,4761.12,28.2,Noviembre,32386.74,alta
Ropa,600.77,134,1523.0,48.1,Enero,7748.93,alta
Tecnologia,746.97,419,1398.63,15.6,Marzo,10054.34,alta
Deportes,1166.44,178,1441.85,16.5,Noviembre,166330.41529841864,alta
Deportes,173.7,126,1673.55,20.3,Junio,5580.8,alta
Deportes,428.51,483,1734.06,46.6,Julio,4241.29,media
Tecnologia,1130.52,95,3022.52,38.5,Agosto,34897.35,alta
Tecnologia,924.39,177,3428.89,5.3,Diciembre,22403.6,alta
Deportes,1913.0,109,1487.67,8.6,Marzo,14461.88,alta
Hogar,915.49,331,,46.6,Julio,23313.42,alta
deportes,958.14,311,2761.33,13.9,Enero,26356.42,alta
DEPORTES,1759.73,80,2680.64,49.7,Febrero,46696.92,alta
Hogar,,24,399.24,34.0,Octubre,21454.23,alta
Ropa,994.54,439,1809.9,15.4,Enero,13626.34,alta
Ropa,1782.66,428,357.25,7.5,Junio,18446.63,alta
Deportes,1973.23,23,394.99,6.8,Julio,53821.01,alta
Ropa,1896.84,109,3782.79,48.5,Febrero,9220.1,alta
Alimentos,429.8,339,,7.6,Junio,15341.07,alta
Hogar,1547.82,113,2755.5,33.4,Noviembre,10336.66,alta
Alimentos,1443.51,106,3936.78,2.9,Mayo,45825.71,alta
Deportes,1652.78,120,800.4,0.6,Marzo,34437.91,alta
Tecnologia,889.21,274,3787.21,45.2,Agosto,10050.12,alta
Ropa,866.75,294,4345.45,22.1,Abril,8492.65,alta
Hogar,1480.77,253,1792.52,10.4,Octubre,11461.07,alta
Ropa,1898.0,103,910.15,31.1,Julio,51095.74,alta
Hogar,1296.61,271,1313.05,6.1,Marzo,25367.69,alta
Alimentos,435.1,37,3712.33,38.1,Marzo,4638.21,media
Deportes,1370.07,452,4003.56,17.0,Septiembre,44751.24,alta
Deportes,851.85,338,2304.9,29.2,Marzo,22983.98,alta
Tecnologia,1210.63,373,130.62,42.9,Junio,24166.69,alta
Tecnologia,580.45,420,1988.41,38.6,Agosto,11982.28,alta
Hogar,1092.97,17,2578.48,24.9,Agosto,24060.0,alta
HOGAR,1086.3,231,1622.67,22.0,Enero,3760.65,media
Ropa,1045.47,307,1717.87,37.8,Marzo,22649.18,alta
Deportes,372.57,316,2674.42,47.7,Junio,3003.85,media
Tecnologia,1547.41,402,2847.28,43.6,Julio,39430.01,alta
Alimentos,1523.34,179,2174.89,9.3,Diciembre,15613.13,alta
Hogar,1123.2,213,2176.43,30.6,Agosto,6241.89,alta
Deportes,1243.66,269,4746.8,37.1,Mayo,14144.81,alta
Ropa,1994.34,334,2072.5,35.1,Febrero,23524.67,alta
Alimentos,605.19,135,3163.58,36.5,Diciembre,17000.18,alta
Tecnologia,869.78,276,3365.88,34.3,Julio,12497.78,alta
Alimentos,438.4,66,2032.11,18.3,Julio,12487.74,alta
Hogar,1223.45,102,2403.72,42.9,Enero,5951.17,alta
Deportes,1186.29,332,1885.72,4.6,Diciembre,14043.48,alta
Alimentos,,147,,2.0,Septiembre,25662.81,alta
deportes,849.82,462,57.74,5.1,Junio,7201.55,alta
Deportes,610.05,181,2849.0,47.6,Mayo,8480.05,alta
Deportes,955.72,51,443.65,9.8,Marzo,17886.01,alta
Ropa,,305,2705.61,41.3,Septiembre,28531.3,alta
Ropa,1886.42,485,196.26,43.7,Agosto,45348.21,alta
Hogar,527.28,72,2062.27,20.7,Febrero,12646.52,alta
Deportes,1556.32,310,286.19,31.8,Mayo,19336.58,alta
Tecnologia,245.68,135,2924.91,13.0,Enero,6529.36,alta
Ropa,922.33,416,3461.81,28.5,Marzo,30499.97,alta
Tecnologia,818.69,377,4682.02,18.6,Septiembre,14019.98,alta
Ropa,1351.94,53,775.87,40.0,Abril,6854.32,alta
Hogar,406.61,335,4139.16,16.7,Agosto,13542.33,alta
Ropa,,108,4526.42,14.5,Septiembre,13906.86,alta
Ropa,1164.84,84,4574.87,29.2,Julio,10423.56,alta
Tecnologia,1664.15,280,2810.49,10.0,Agosto,50575.15,alta
Ropa,69.05,400,1715.93,39.8,Febrero,2190.5,media
ROPA,1146.61,235,,44.2,Mayo,6672.08,alta
Tecnologia,,344,4137.29,25.8,Mayo,15823.1,alta
Ropa,1830.83,476,2527.62,37.8,Mayo,20613.49,alta
Alimentos,144.31,382,4803.88,8.1,Septiembre,8133.1,alta
Hogar,165.78,355,285.97,12.4,Octubre,1619.81,media
Hogar,539.75,434,3765.39,42.0,Septiembre,19012.73,alta
Ropa,565.62,344,2795.46,6.9,Septiembre,19884.62,alta
Deportes,1259.56,490,3464.39,15.2,Diciembre,16378.45,alta
Alimentos,1549.55,327,2886.73,22.3,Julio,166086.773748832,alta
Ropa,1575.22,465,19.59,36.8,Abril,6779.38,alta
Ropa,994.78,354,1121.32,7.7,Abril,4416.0,media
Deportes,110.97,247,4366.85,9.9,Noviembre,5567.8,alta
Ropa,1147.9,266,3147.67,6.4,Octubre,23840.51,alta
Alimentos,1126.57,170,3123.73,19.7,Noviembre,14582.75,alta
Alimentos,355.16,472,4368.35,3.6,Abril,13211.12,alta
Alimentos,1130.73,479,2378.14,1.9,Enero,18419.25,alta
Alimentos,606.38,392,,14.9,Abril,19410.92,alta
Hogar,436.86,289,2696.14,36.5,Enero,12739.49,alta
Ropa,1832.95,84,2408.55,10.7,Enero,54960.2,alta
Ropa,1092.18,479,3399.96,4.0,Abril,12217.77,alta
HOGAR,1745.53,421,820.52,2.6,Agosto,17624.56,alta
Tecnologia,1300.86,357,,38.8,Diciembre,18569.88,alta
Tecnologia,1341.02,80,1740.78,18.4,Enero,21447.41,alta
Tecnologia,385.11,335,3400.88,34.2,Abril,9473.21,alta
Alimentos,708.88,402,4498.3,31.9,Enero,21031.64,alta
Deportes,807.45,401,4499.4,19.5,Diciembre,10802.08,alta
Ropa,1072.08,264,1205.64,16.9,Marzo,10611.21,alta
Ropa,1402.69,251,4177.04,28.7,Abril,40969.92,alta
Hogar,1071.3,401,4646.21,42.5,Julio,10147.61,alta
Hogar,525.47,463,4770.5,5.4,Abril,12600.53,alta
Deportes,1166.05,423,4748.42,19.9,Diciembre,23295.42,alta
Ropa,82.99,235,,17.0,Octubre,4956.07,media
Deportes,94.9,153,1003.63,32.0,Junio,2581.68,media
Hogar,768.69,72,2407.92,44.6,Marzo,11863.5,alta
Hogar,1170.42,477,2388.09,24.9,Febrero,38040.59,alta
Tecnologia,1754.59,222,844.19,26.5,Abril,20855.75,alta
Deportes,1108.56,247,3607.68,16.3,Enero,15295.42,alta
Ropa,,395,,1.7,Marzo,44403.87,alta
Deportes,736.37,73,2447.65,45.3,Julio,9948.02,alta
Tecnologia,1852.26,475,815.36,21.3,Febrero,25257.79,alta
Alimentos,1043.59,242,3240.49,13.9,Marzo,21479.26,alta
Hogar,1296.05,58,341.65,0.1,Junio,39032.88,alta
Hogar,,487,,44.6,Marzo,28169.52,alta
Hogar,84.85,370,4593.57,20.7,Octubre,5771.18,alta
Deportes,,293,2538.97,23.2,Febrero,55494.29,alta
Alimentos,1278.55,369,2188.46,43.7,Octubre,7994.85,alta
Hogar,1731.74,47,611.85,31.4,Junio,36763.04,alta
Deportes,801.76,350,1966.4,28.8,Noviembre,5810.23,alta
Hogar,996.36,129,43.96,9.3,Febrero,6517.78,alta
Hogar,144.55,439,2588.64,41.1,Junio,4498.62,media
Hogar,273.34,323,1025.17,49.2,Noviembre,4286.66,media
Tecnologia,1684.54,388,1388.98,1.7,Junio,35662.72,alta
Hogar,183.03,391,2447.23,4.6,Agosto,4942.45,media
Ropa,1153.98,489,3238.57,46.1,Enero,28758.35,alta
Hogar,1708.14,110,,39.8,Diciembre,28000.73,alta
Deportes,527.12,113,305.84,25.1,Septiembre,8070.48,alta
Deportes,1727.7,322,1205.86,1.3,Agosto,33052.51,alta
Ropa,,307,,12.6,Agosto,13240.89,alta
Ropa,444.38,334,4225.2,48.7,Abril,7452.97,alta
Alimentos,1934.89,10,1623.58,40.9,Septiembre,45553.46,alta
tecnologia,1481.81,76,2149.32,8.2,Septiembre,8713.13,alta
Ropa,1720.54,31,2619.88,27.6,Abril,41554.11,alta
Deportes,1102.06,295,,20.1,Mayo,19576.9,alta
Ropa,,469,,3.6,Enero,20360.43,alta
Ropa,1370.14,148,2064.77,3.5,Febrero,28010.61,alta
Ropa,1799.51,36,1591.29,44.3,Febrero,47681.66,alta
Hogar,1341.66,32,4846.21,49.9,Agosto,40676.87,alta
Tecnologia,13.04,406,2477.69,21.7,Noviembre,2598.4,media
Ropa,392.44,28,3098.4,2.7,Agosto,3391.49,media
Deportes,,499,1354.0,32.4,Abril,15132.99,alta
Tecnologia,,372,3335.3,8.9,Febrero,12314.92,alta
Deportes,613.55,121,1052.29,13.2,Septiembre,16077.8,alta
Alimentos,182.24,61,3867.64,5.4,Enero,6236.85,alta
Deportes,208.89,364,2000.2,40.8,Febrero,5207.32,alta
Alimentos,584.07,464,1384.07,1.8,Noviembre,17969.12,alta
Tecnologia,1217.29,332,2903.4,39.1,Octubre,38219.89,alta
Deportes,563.96,189,3794.19,48.5,Abril,4841.91,media
Deportes,1778.27,473,4918.97,30.1,Febrero,55492.57,alta
Hogar,1780.24,367,24.91,4.0,Noviembre,49412.66,alta
Deportes,,340,4070.18,30.7,Mayo,15059.15,alta
Alimentos,,274,428.38,37.7,Enero,1122.6,baja
Deportes,540.39,272,4883.51,4.4,Febrero,17406.72,alta
Alimentos,1883.24,214,4451.81,25.6,Junio,48509.16,alta
Hogar,478.6,388,4829.4,12.3,Diciembre,11553.03,alta
Tecnologia,1947.74,78,4233.44,13.3,Septiembre,51765.84,alta
Hogar,1775.59,323,641.97,18.2,Marzo,30284.94,alta
Tecnologia,645.6,331,1015.37,22.1,Octubre,18445.52,alta
Ropa,1874.17,498,3894.37,16.9,Abril,19962.22,alta
Tecnologia,986.53,180,1876.7,2.2,Agosto,24829.08,alta
Deportes,1151.95,188,290.17,24.7,Julio,19274.1,alta
Alimentos,1562.58,13,578.49,47.3,Enero,17163.76,alta
ROPA,446.83,207,1346.71,4.9,Julio,3131.28,media
Deportes,116.06,71,1058.63,42.8,Abril,3495.45,media
Deportes,827.54,489,2361.16,41.4,Mayo,6671.78,alta
Tecnologia,1222.39,153,3093.45,7.7,Diciembre,28430.72,alta
Deportes,1261.36,469,3603.52,41.8,Marzo,9899.97,alta
Alimentos,1297.55,420,3768.68,30.3,Octubre,20790.12,alta
Tecnologia,,58,543.99,48.1,Junio,16229.67,alta
Deportes,363.38,211,,49.4,Junio,9380.62,alta
Alimentos,449.27,132,2832.8,49.2,Octubre,12675.33,alta
Deportes,763.94,231,3386.63,17.5,Julio,17647.71,alta
Ropa,1959.22,82,4728.43,26.6,Enero,46620.89,alta
Deportes,1161.76,115,1798.87,38.9,Junio,27704.24,alta
Deportes,341.19,472,12.26,25.2,Octubre,9652.62,alta
Ropa,1223.73,16,3700.97,23.6,Febrero,20648.01,alta
Hogar,544.76,91,1877.11,25.1,Enero,14817.86,alta
Tecnologia,1724.73,54,3252.8,40.4,Octubre,40563.72,alta
Hogar,1994.45,496,2920.84,33.5,Julio,62237.17,alta
Hogar,1484.74,89,2374.83,19.3,Mayo,30988.76,alta
Deportes,923.25,353,1552.19,20.1,Abril,24281.97,alta
Alimentos,1465.91,349,2185.2,41.8,Marzo,44194.43,alta
Alimentos,1349.18,167,3402.76,37.0,Junio,29231.94,alta
Deportes,930.52,219,,3.4,Junio,26607.35,alta
Alimentos,552.06,329,449.64,4.8,Diciembre,9489.23,alta
Deportes,69.89,299,277.6,0.5,Febrero,1134.42,baja
Alimentos,1962.59,352,3144.92,20.9,Agosto,10230.97,alta
Alimentos,1269.97,208,2451.3,3.7,Enero,34177.47,alta
Deportes,1278.59,206,1202.13,6.5,Octubre,10114.23,alta
Ropa,1194.86,254,3351.44,19.6,Julio,13538.52,alta
Ropa,467.12,183,453.16,41.8,Febrero,2314.62,media
Deportes,326.39,485,2441.82,42.7,Diciembre,9332.26,alta
Alimentos,1673.74,131,,42.0,Marzo,24842.13,alta
Ropa,366.79,300,4518.75,17.1,Mayo,6367.29,alta
Hogar,1966.13,127,3108.47,37.3,Marzo,37010.59,alta
Tecnologia,387.2,353,4683.57,9.8,Agosto,5992.86,alta
Ropa,1594.66,29,1596.24,32.9,Abril,20515.92,alta
Hogar,,80,,39.5,Abril,13242.49,alta
Tecnologia,1425.65,485,2599.02,17.4,Octubre,24326.58,alta
Hogar,1652.03,222,4980.86,49.5,Agosto,29880.84,alta
Hogar,223.78,230,277.57,19.1,Octubre,3420.25,media
Hogar,317.21,302,2440.64,38.4,Agosto,5986.59,alta
Tecnologia,569.21,113,4891.36,47.6,Agosto,17952.36,alta
Tecnologia,1751.65,473,4226.77,11.6,Julio,54659.04,alta
Hogar,1810.69,411,1415.11,7.1,Febrero,16421.97,alta
DEPORTES,1043.26,281,,39.8,Septiembre,26953.79,alta
Tecnologia,419.33,252,8.44,47.6,Diciembre,7657.66,alta
Deportes,,34,3087.91,13.0,Julio,10160.58,alta
Deportes,1421.06,342,442.26,46.4,Junio,41237.66,alta
Deportes,1540.58,58,3371.18,32.8,Febrero,16724.33,alta
Tecnologia,271.13,353,1027.92,16.4,Febrero,5286.97,alta
Hogar,1744.62,289,,4.4,Diciembre,17526.77,alta
deportes,1542.84,66,2532.95,40.9,Abril,40542.13,alta
Ropa,776.42,326,1590.72,25.6,Junio,13030.77,alta
Deportes,1019.91,470,3207.39,2.0,Julio,12615.75,alta
Deportes,,496,782.1,3.5,Octubre,16213.03,alta
Tecnologia,1530.38,310,1493.78,23.4,Noviembre,36418.53,alta
Tecnologia,1050.12,54,3467.98,30.2,Noviembre,14607.47,alta
Hogar,255.97,461,,33.6,Agosto,5499.69,alta
Ropa,1266.13,185,2563.72,22.3,Marzo,32470.05,alta
Ropa,,131,,15.9,Enero,56996.12,alta
Alimentos,1733.43,33,237.35,35.6,Agosto,12998.57,alta
Deportes,1181.85,17,,42.1,Julio,14075.8,alta
Alimentos,1669.56,203,3463.87,19.7,Septiembre,42513.95,alta
Tecnologia,1340.73,36,799.36,0.7,Marzo,8469.5,alta
Deportes,1780.28,447,914.21,38.5,Agosto,37880.03,alta
TECNOLOGIA,42.48,404,4508.36,30.3,Febrero,4470.47,media
Ropa,268.51,363,2004.16,29.0,Noviembre,6100.82,alta
Alimentos,767.11,180,4962.49,20.5,Mayo,9869.37,alta
Tecnologia,772.46,469,979.48,44.5,Octubre,12224.29,alta
Alimentos,370.24,268,1905.38,18.1,Septiembre,9897.11,alta
Ropa,325.71,393,413.45,0.3,Mayo,3488.43,media
Deportes,764.97,358,,21.3,Agosto,22624.83,alta
Deportes,1580.6,35,1201.5,33.5,Febrero,15322.45,alta
Alimentos,1423.47,267,,9.2,Octubre,39818.97,alta
Alimentos,700.66,103,1657.49,43.1,Agosto,8972.5,alta
Ropa,1376.75,273,,49.7,Diciembre,19353.08,alta
Tecnologia,322.09,45,3459.85,19.1,Septiembre,11314.31,alta
Tecnologia,111.34,133,3181.28,7.1,Abril,3426.19,media
Ropa,647.26,132,1009.6,0.1,Noviembre,19793.9,alta
Hogar,1586.97,71,,35.7,Julio,32010.88,alta
Hogar,219.81,53,,35.9,Enero,3299.51,media
Hogar,366.75,245,1952.17,10.7,Mayo,5150.63,alta
Hogar,1208.85,92,1429.7,49.4,Agosto,35932.73,alta
Alimentos,1255.44,446,4748.04,45.2,Junio,33307.61,alta
Ropa,1008.29,35,4831.0,13.4,Octubre,34472.32,alta
Tecnologia,1449.99,214,2429.17,1.4,Julio,214465.46238016352,alta
Deportes,,377,649.72,7.5,Marzo,47781.35,alta
Tecnologia,103.86,257,973.85,8.1,Julio,1464.46,baja
Deportes,1581.18,128,4490.12,3.7,Abril,34152.32,alta
Alimentos,32.47,107,2482.23,21.9,Agosto,2506.15,media
Alimentos,,125,2691.93,47.7,Febrero,26831.42,alta
Hogar,1066.54,398,1529.89,19.5,Octubre,31878.7,alta
Deportes,1246.09,136,949.76,19.2,Enero,30675.83,alta
Hogar,255.53,47,,1.0,Julio,5518.52,alta
Hogar,1355.16,182,3001.54,32.7,Octubre,36287.2,alta
Hogar,30.87,418,1988.89,7.7,Noviembre,2538.99,media
Hogar,49.2,449,2782.06,12.2,Noviembre,3057.11,media
Ropa,1784.21,19,503.86,24.0,Agosto,28276.67,alta
Deportes,1381.39,28,4459.36,7.3,Abril,13145.37,alta
Alimentos,1398.19,317,4889.15,23.8,Agosto,29044.53,alta
Alimentos,1251.84,381,3625.73,24.8,Enero,26928.54,alta
Ropa,1153.94,210,,13.9,Enero,27734.85,alta
DEPORTES,774.4,483,1442.87,32.7,Julio,15186.55,alta
Hogar,827.59,450,2489.98,47.8,Octubre,6581.95,alta
Deportes,916.35,93,2282.6,5.8,Noviembre,20048.21,alta
Ropa,1557.29,285,1001.74,6.8,Mayo,214913.8889237391,alta
Tecnologia,1805.59,282,1362.67,3.2,Diciembre,27083.22,alta
Ropa,906.35,192,2932.73,47.2,Agosto,4660.09,media
TECNOLOGIA,66.6,127,1185.72,2.1,Febrero,2410.33,media
Ropa,697.15,17,4265.78,46.0,Enero,22814.45,alta
Alimentos,792.3,262,3411.84,8.8,Marzo,5417.15,alta
Hogar,859.1,83,3043.98,36.7,Febrero,14641.14,alta
Ropa,846.35,172,4836.5,42.1,Noviembre,19227.47,alta
Alimentos,,332,2924.72,12.2,Enero,55858.13,alta
Tecnologia,750.62,100,1984.58,6.8,Septiembre,23179.03,alta
Tecnologia,986.55,117,1866.44,40.9,Agosto,29718.96,alta
Deportes,,45,3431.23,16.0,Enero,28270.01,alta
Deportes,342.47,25,512.27,3.0,Enero,2575.41,media
Deportes,1980.36,433,3106.57,44.4,Junio,39916.61,alta
Tecnologia,,492,,43.9,Octubre,13815.42,alta
Alimentos,634.79,310,2135.11,31.7,Marzo,9085.37,alta
Hogar,945.47,47,1073.03,19.6,Noviembre,5030.39,alta
Deportes,1451.48,67,4977.69,20.5,Marzo,23057.18,alta
Hogar,,129,4824.87,44.8,Agosto,15376.07,alta
Tecnologia,1870.97,461,1305.59,11.2,Noviembre,17209.91,alta
Alimentos,1889.37,368,2278.54,4.8,Octubre,17529.12,alta
Alimentos,1042.11,23,685.46,21.2,Mayo,7763.12,alta
Tecnologia,1007.89,9,4317.96,15.1,Febrero,17551.3,alta
DEPORTES,,40,233.87,28.7,Julio,26529.7,alta
Hogar,747.28,199,1659.92,8.5,Febrero,9608.46,alta
Ropa,,346,2660.39,8.7,Marzo,10390.34,alta
Tecnologia,1821.9,59,2587.78,42.4,Marzo,32711.67,alta
Ropa,1311.34,287,,48.5,Junio,8170.53,alta
Deportes,1052.64,408,60.61,19.8,Enero,8321.19,alta
Ropa,,346,1532.85,22.2,Diciembre,6533.07,alta
TECNOLOGIA,529.33,292,,23.5,Junio,11664.39,alta
Ropa,22.36,312,2442.02,5.1,Febrero,2316.2,media
Ropa,762.81,179,2994.26,24.9,Julio,16994.18,alta
Hogar,976.8,225,1351.46,43.5,Diciembre,22048.51,alta
Ropa,791.6,46,3269.46,48.2,Agosto,4515.1,media
Alimentos,1592.92,376,4966.73,48.0,Abril,33416.78,alta
Deportes,,324,3073.09,31.2,Mayo,20307.44,alta
Hogar,1057.35,8,,9.0,Febrero,8524.33,alta
Deportes,1125.78,63,4422.1,8.5,Enero,26980.06,alta
Alimentos,1074.72,340,3327.75,44.2,Julio,27888.67,alta
Hogar,1935.67,73,1189.75,4.4,Abril,30914.69,alta
Ropa,1527.11,205,1433.6,1.6,Febrero,39178.72,alta
Alimentos,326.97,6,1381.16,43.3,Abril,10058.52,alta
Deportes,1179.88,287,963.77,9.7,Diciembre,28059.29,alta
Deportes,1775.48,60,1471.11,1.4,Enero,5888.64,alta
Ropa,587.82,92,9.13,27.9,Junio,14914.18,alta
ALIMENTOS,1073.38,285,1116.18,41.6,Septiembre,13534.24,alta
Alimentos,91.58,433,1589.41,48.1,Noviembre,3422.68,media
Alimentos,623.12,340,4.37,0.7,Junio,16210.85,alta
Deportes,1251.73,163,3433.78,3.3,Agosto,125119.11651782117,alta
Tecnologia,1652.08,347,2322.06,36.4,Marzo,31100.05,alta
Hogar,1426.89,286,259.77,1.4,Abril,7450.91,alta
Ropa,881.08,265,1824.82,47.0,Octubre,10381.34,alta
Tecnologia,1346.54,457,1137.17,9.1,Mayo,9577.2,alta
Ropa,1428.47,294,114.58,42.3,Junio,34764.15,alta
Ropa,279.93,255,2754.35,19.7,Junio,3140.65,media
Ropa,1784.57,353,,17.2,Febrero,42469.68,alta
Ropa,1287.62,108,1659.33,42.3,Noviembre,16283.44,alta
Ropa,898.77,24,302.73,27.2,Agosto,15321.62,alta
Alimentos,991.63,391,4659.04,40.2,Marzo,28141.31,alta
Tecnologia,1224.03,315,1266.34,46.0,Octubre,20388.5,alta
Alimentos,1195.63,186,1146.72,9.2,Octubre,18432.25,alta
Ropa,27.71,148,189.6,1.0,Diciembre,487.69,baja
Hogar,137.44,267,1722.43,43.5,Diciembre,4638.8,media
Deportes,509.78,178,777.42,20.2,Julio,12046.97,alta
Hogar,1886.81,131,1137.03,0.3,Octubre,57225.38,alta
Deportes,960.08,9,1012.52,36.5,Julio,8399.12,alta
Ropa,1835.35,496,2905.97,6.3,Abril,40698.83,alta
Tecnologia,68.71,450,4496.93,31.3,Mayo,5824.57,alta
Alimentos,1976.64,490,2289.11,39.4,Noviembre,29562.91,alta
Alimentos,1255.51,320,1151.03,2.4,Febrero,26069.4,alta
Tecnologia,,428,3269.18,44.6,Mayo,12870.53,alta
Deportes,1339.91,74,3563.09,5.2,Enero,24841.62,alta
Alimentos,1282.63,350,670.12,31.9,Octubre,18166.2,alta
DEPORTES,1001.49,267,2918.43,33.4,Abril,30884.63,alta
Alimentos,893.02,284,2169.91,24.1,Abril,12509.14,alta
Ropa,666.54,220,2913.97,17.3,Febrero,22265.39,alta
Ropa,1287.91,319,2936.02,26.5,Enero,7027.86,alta
Alimentos,367.47,427,2632.83,12.1,Diciembre,10715.88,alta
Tecnologia,915.83,149,1643.55,46.4,Julio,24937.35,alta
Hogar,1101.83,361,,25.0,Julio,8422.43,alta
Alimentos,1217.7,408,1805.14,10.2,Junio,34102.36,alta
Ropa,1172.18,180,243.2,49.6,Julio,25431.46,alta
Alimentos,479.66,345,451.65,4.5,Junio,12338.19,alta
Tecnologia,377.97,150,472.55,38.4,Noviembre,10662.67,alta
Hogar,442.57,358,997.12,1.0,Abril,8378.11,alta
Alimentos,331.58,371,3626.74,39.3,Enero,8460.55,alta
Alimentos,1299.56,480,729.35,28.8,Julio,4124.11,media
Hogar,1528.84,469,777.8,18.7,Julio,10799.8,alta
Ropa,1948.32,268,587.77,29.9,Febrero,31386.44,alta
Hogar,1534.56,189,4741.04,13.9,Febrero,15958.31,alta
Hogar,1427.88,227,993.56,36.4,Septiembre,25065.33,alta
Hogar,439.32,240,2740.17,33.3,Noviembre,15584.67,alta
Deportes,230.44,468,709.69,10.2,Agosto,5163.04,alta
Alimentos,1594.44,247,4429.21,35.7,Enero,34511.51,alta
Hogar,33.09,35,4246.33,10.0,Junio,3857.05,media
Ropa,1490.76,15,1481.47,0.6,Octubre,30793.66,alta
Tecnologia,720.91,301,3745.21,7.4,Abril,13320.22,alta
Alimentos,12.88,314,3269.4,23.4,Febrero,2993.13,media
Hogar,1219.22,477,3965.6,45.9,Febrero,10269.39,alta
Alimentos,734.38,328,4168.11,12.1,Noviembre,197689.087456389,alta
Alimentos,1616.0,433,,7.3,Marzo,23354.4,alta
Ropa,538.46,108,4252.0,47.5,Febrero,11660.29,alta
Ropa,41.07,17,1863.55,35.0,Junio,2408.43,media
Alimentos,,399,4479.29,47.2,Septiembre,29295.99,alta
Ropa,1337.13,150,2742.57,25.3,Febrero,37659.25,alta
Ropa,1188.4,422,2298.42,34.5,Septiembre,20619.22,alta
Tecnologia,1359.82,38,4908.75,22.7,Marzo,17734.13,alta
Alimentos,867.95,247,464.96,29.5,Abril,164480.68201727708,alta
Tecnologia,941.44,469,4531.67,8.8,Marzo,7196.33,alta
Hogar,1936.06,84,1598.2,41.0,Abril,40847.63,alta
Tecnologia,426.35,138,3796.63,43.4,Julio,11049.95,alta
Alimentos,339.1,300,4729.22,34.3,Diciembre,13995.61,alta
Deportes,1545.57,216,1463.08,30.8,Junio,215351.7209494311,alta
Tecnologia,,311,4355.79,14.1,Agosto,5606.45,alta
Alimentos,1431.88,419,4146.63,0.6,Septiembre,40220.39,alta
Deportes,,118,1521.13,27.0,Agosto,19545.14,alta
Tecnologia,1447.68,361,1668.99,26.3,Junio,29448.03,alta
Alimentos,536.63,383,2684.14,28.0,Noviembre,10487.41,alta
Ropa,606.92,59,762.31,15.3,Abril,2071.33,media
Hogar,1036.44,477,4924.13,37.3,Febrero,10426.62,alta
Hogar,1250.45,356,1083.81,11.4,Noviembre,32942.46,alta
TECNOLOGIA,1344.19,75,1768.28,38.0,Octubre,4713.41,media
Alimentos,970.48,17,,21.5,Marzo,15966.41,alta
Ropa,58.82,133,2933.46,32.2,Enero,3534.32,media
Tecnologia,1802.13,122,236.55,11.5,Enero,21794.65,alta
Tecnologia,431.86,187,1133.93,32.9,Abril,8131.03,alta
Alimentos,1502.06,477,,37.2,Junio,42569.76,alta
Deportes,873.38,105,4732.73,14.9,Noviembre,21287.63,alta
Alimentos,228.94,323,416.39,34.8,Abril,2032.29,media
Ropa,1970.04,235,2070.72,49.0,Noviembre,45547.93,alta
Tecnologia,1192.02,348,450.19,3.1,Julio,35569.87,alta
ALIMENTOS,448.04,95,,25.5,Diciembre,6621.41,alta
Ropa,1362.26,27,4494.49,33.4,Agosto,24954.48,alta
Deportes,701.06,204,1231.16,20.6,Abril,15416.72,alta
Alimentos,1898.54,55,3692.9,26.9,Enero,11394.8,alta
Hogar,993.12,313,4664.73,24.4,Noviembre,12861.92,alta
Alimentos,1394.42,157,631.8,20.3,Enero,21130.51,alta
Tecnologia,1980.92,252,2191.91,6.5,Septiembre,55016.5,alta
Hogar,1618.11,127,2473.39,40.7,Octubre,21665.5,alta
Ropa,972.88,377,3768.8,14.1,Febrero,15700.25,alta
Ropa,240.42,280,3702.03,24.1,Septiembre,6800.73,alta
Deportes,388.3,349,1422.12,6.5,Octubre,7808.62,alta
Deportes,1212.81,31,4758.92,33.4,Junio,20915.23,alta
Ropa,1794.1,39,3644.93,13.6,Julio,32479.09,alta
ROPA,564.77,51,4349.05,40.3,Septiembre,11485.63,alta
Tecnologia,1145.77,267,2118.54,31.7,Junio,26351.56,alta
Hogar,1324.54,163,4805.34,19.2,Enero,13646.31,alta
Alimentos,1894.85,87,3803.56,8.6,Abril,50751.22,alta
DEPORTES,288.05,367,3186.76,25.2,Febrero,7146.87,alta
Alimentos,120.65,9,4759.97,41.5,Agosto,5027.12,alta
Ropa,497.12,133,4592.41,8.3,Febrero,10055.68,alta
Alimentos,1611.93,168,4926.53,25.2,Julio,15357.22,alta
Tecnologia,627.81,21,3763.28,8.4,Octubre,4876.19,media
Tecnologia,,481,2899.04,47.9,Junio,5911.2,alta
Hogar,1447.55,189,2583.18,32.4,Julio,35253.24,alta
Tecnologia,513.4,254,3336.89,24.2,Marzo,6614.49,alta
Deportes,677.13,273,1079.56,6.1,Febrero,8675.26,alta
Alimentos,1758.13,166,902.89,18.9,Octubre,33515.06,alta
Hogar,1222.81,179,2844.65,42.2,Agosto,23446.84,alta
Tecnologia,660.04,228,4872.7,42.7,Enero,11015.15,alta
Hogar,1015.95,135,2352.03,30.6,Agosto,12021.65,alta
Ropa,132.15,395,4916.53,20.3,Abril,5027.56,alta
Hogar,64.78,229,2471.38,20.9,Agosto,4306.57,media
TECNOLOGIA,1254.48,53,1363.97,41.4,Abril,28793.73,alta
Deportes,1308.96,94,1146.83,20.7,Agosto,24474.03,alta
Tecnologia,404.31,188,4889.08,18.6,Mayo,6323.01,alta
Ropa,1742.79,140,2657.85,19.1,Junio,23885.63,alta
Deportes,1812.13,163,135.06,47.0,Junio,14803.22,alta
Deportes,488.89,188,637.22,16.3,Marzo,8304.54,alta
Hogar,442.85,315,3149.92,25.5,Noviembre,13644.68,alta
Ropa,1542.89,250,358.2,30.6,Enero,13954.84,alta
Alimentos,911.93,185,,28.8,Octubre,21127.24,alta
Deportes,1712.2,350,2623.51,14.7,Septiembre,18510.8,alta
Deportes,,295,3692.84,43.9,Noviembre,178519.8121266286,alta
Deportes,840.63,361,,17.7,Septiembre,4861.32,media
Alimentos,553.5,26,3729.69,3.1,Diciembre,15589.55,alta
Deportes,1944.45,6,840.97,41.4,Noviembre,55537.31,alta
Hogar,1475.85,30,2298.24,9.5,Julio,27168.82,alta
Ropa,1450.72,344,1524.23,47.5,Julio,21285.01,alta
Ropa,1100.28,259,2754.44,22.4,Agosto,7700.69,alta
Tecnologia,1260.12,15,317.01,28.6,Julio,23197.58,alta
Deportes,786.42,326,3847.5,29.5,Junio,18811.45,alta
Tecnologia,1917.29,276,971.7,1.8,Mayo,5689.89,alta
Alimentos,1389.82,221,1004.23,26.7,Marzo,11882.12,alta
Tecnologia,1691.59,345,3483.0,3.1,Junio,10162.2,alta
HOGAR,1508.92,493,193.13,12.0,Agosto,39510.76,alta
Tecnologia,1070.95,246,470.77,22.8,Enero,20089.71,alta
Deportes,1951.71,98,4087.5,44.3,Mayo,9379.69,alta
Deportes,1566.28,178,3852.42,44.1,Febrero,31301.31,alta
Deportes,794.31,182,,44.3,Marzo,21980.62,alta
Hogar,626.69,194,2473.77,38.5,Julio,13271.77,alta
Deportes,1424.09,168,2269.98,38.4,Enero,28060.44,alta
Tecnologia,1349.39,314,4505.92,12.2,Julio,42921.83,alta
Deportes,1476.67,111,402.06,43.6,Abril,6570.35,alta
Tecnologia,1381.4,70,4251.41,24.7,Junio,33939.44,alta
Alimentos,226.5,204,3050.74,34.2,Agosto,6931.7,alta
Ropa,1547.23,317,2392.4,49.6,Septiembre,24840.0,alta
Deportes,295.96,137,4682.1,19.1,Octubre,9427.52,alta
ropa,740.77,149,898.35,24.6,Agosto,22220.36,alta
hogar,1358.78,165,4068.78,23.8,Mayo,8905.37,alta
Ropa,713.36,215,3000.22,19.2,Mayo,21667.02,alta
Alimentos,329.71,302,1009.54,25.1,Noviembre,9101.19,alta
Tecnologia,1967.33,387,1160.99,39.0,Octubre,21724.41,alta
Tecnologia,,315,2155.89,10.3,Enero,16175.46,alta
Alimentos,,22,4866.57,22.1,Febrero,137252.1705291796,media
Ropa,64.49,332,4325.03,39.0,Diciembre,5321.06,alta
Hogar,725.58,95,4571.99,4.4,Octubre,12148.97,alta
Tecnologia,1268.93,102,,46.5,Febrero,20220.18,alta
Deportes,234.95,107,,36.2,Mayo,9699.23,alta
Deportes,1411.9,382,3173.21,3.5,Diciembre,33937.84,alta
Tecnologia,1753.17,305,,36.8,Octubre,32717.28,alta
Deportes,171.21,130,658.63,8.1,Enero,4008.67,media
Alimentos,1423.05,486,2097.07,46.8,Agosto,24710.44,alta
Alimentos,672.57,399,3857.01,40.4,Marzo,13653.99,alta
Deportes,1131.89,72,4062.73,19.2,Noviembre,24478.83,alta
Ropa,1397.03,114,461.3,2.0,Julio,14373.01,alta
Hogar,1926.48,326,1574.57,46.6,Marzo,52628.79,alta
Tecnologia,1094.76,213,3005.56,30.8,Junio,5008.58,alta
Hogar,1978.52,44,4453.98,38.6,Abril,52129.89,alta
Alimentos,1235.0,452,1024.53,37.3,Septiembre,26827.93,alta
Tecnologia,145.54,260,4831.07,31.8,Noviembre,7026.16,alta
Hogar,244.69,197,2271.51,41.0,Octubre,6715.3,alta
Deportes,,212,3049.91,12.3,Enero,14348.31,alta
Tecnologia,1768.89,59,2330.31,35.7,Marzo,47298.02,alta
Ropa,1107.17,152,13.73,3.2,Septiembre,21061.41,alta
Hogar,,243,4396.24,48.7,Septiembre,22445.87,alta
Tecnologia,128.91,150,3097.45,36.5,Octubre,5974.37,alta
Ropa,1926.39,341,160.81,20.4,Noviembre,23437.32,alta
Alimentos,,497,1219.06,1.1,Febrero,16856.17,alta
Alimentos,1782.63,317,889.01,37.4,Mayo,23431.07,alta
Hogar,1478.18,491,2289.91,9.2,Marzo,24259.54,alta
Deportes,294.29,119,113.9,13.0,Marzo,3884.32,media
Hogar,654.78,446,4211.9,5.7,Febrero,22902.74,alta
Hogar,349.77,53,2396.99,34.7,Noviembre,5853.68,alta
Ropa,959.9,24,2915.52,46.8,Mayo,23791.22,alta
Deportes,76.9,312,1338.79,35.9,Enero,1530.56,media
Alimentos,414.67,336,2120.62,49.0,Septiembre,6914.9,alta
Hogar,1742.16,74,3357.81,36.7,Septiembre,17670.96,alta
Alimentos,1308.38,324,3376.18,3.7,Abril,33042.29,alta
Deportes,160.46,103,4644.98,39.4,Agosto,5375.45,alta
Deportes,1899.54,236,4510.92,18.0,Junio,51837.1,alta
Ropa,582.0,203,4018.5,5.4,Septiembre,8898.53,alta
Tecnologia,354.73,349,303.07,30.0,Febrero,8524.09,alta
Ropa,1193.12,439,4339.95,1.0,Agosto,17475.0,alta
Tecnologia,1272.78,454,4778.48,15.5,Septiembre,11757.77,alta
Tecnologia,40.45,176,75.0,30.4,Marzo,268.89,baja
Hogar,34.38,363,3265.82,23.5,Noviembre,3800.23,media
Deportes,718.45,55,4126.42,15.8,Abril,17793.44,alta
Alimentos,1172.8,105,,23.7,Enero,32104.38,alta
Ropa,1507.62,161,1588.72,17.9,Mayo,40199.97,alta
Ropa,693.75,466,92.91,17.1,Mayo,21609.57,alta
Deportes,1665.61,230,673.73,20.4,Julio,10555.65,alta
Tecnologia,202.58,441,450.77,23.1,Mayo,6871.49,alta
Alimentos,181.19,457,4748.85,47.5,Julio,8280.96,alta
Deportes,577.78,286,3263.16,26.0,Mayo,17773.23,alta
Deportes,266.09,13,3120.31,15.5,Enero,7907.91,alta
Ropa,267.11,382,2604.61,27.7,Diciembre,10768.29,alta
HOGAR,1525.37,212,1605.51,43.4,Mayo,38551.86,alta
Ropa,1900.29,444,1769.83,28.7,Abril,55914.95,alta
Ropa,47.7,100,3711.39,41.8,Abril,3993.54,media
Alimentos,96.63,36,487.78,12.8,Diciembre,2386.58,media
Deportes,1577.45,35,377.72,48.3,Diciembre,42040.52,alta
Hogar,1978.55,420,2830.02,7.5,Enero,10757.29,alta
Ropa,458.78,411,4905.89,3.8,Octubre,16591.71,alta
Tecnologia,807.53,204,,7.9,Agosto,6208.63,alta
Deportes,1183.36,441,1001.87,13.2,Marzo,9009.04,alta
Hogar,562.36,124,4109.62,16.9,Mayo,10319.76,alta
Alimentos,724.13,130,2625.47,29.2,Julio,161852.3858013278,alta
Ropa,1322.53,186,1386.02,23.9,Diciembre,12236.43,alta
Deportes,1050.02,79,1375.88,36.5,Abril,15906.55,alta
Deportes,1672.0,459,3075.57,28.6,Marzo,7096.62,alta
Tecnologia,578.46,134,3101.56,4.4,Enero,11168.64,alta
Hogar,1118.91,261,221.12,3.8,Julio,8119.33,alta
Ropa,1122.92,162,3719.36,33.7,Mayo,20059.85,alta
Ropa,527.12,264,,25.0,Noviembre,163388.57061627702,media
Alimentos,1701.56,60,4397.97,25.9,Mayo,9099.8,alta
Deportes,,300,2231.66,8.7,Abril,43338.61,alta
Hogar,325.89,411,4735.91,30.9,Junio,7278.04,alta
Tecnologia,572.59,380,3225.45,16.6,Abril,8756.21,alta
Ropa,1954.32,481,264.94,36.9,Mayo,44619.22,alta
Deportes,949.92,466,,31.8,Noviembre,13736.3,alta
Hogar,1550.95,356,2437.83,40.0,Julio,7094.88,alta
Alimentos,1911.56,182,2398.94,15.2,Julio,53332.22,alta
Hogar,1356.77,243,4258.8,4.4,Abril,37650.36,alta
Hogar,1589.29,36,,41.5,Marzo,47363.45,alta
Alimentos,188.78,287,4213.49,32.3,Julio,4568.39,media
Tecnologia,33.98,26,814.61,38.4,Mayo,507.22,baja
Tecnologia,750.35,221,276.34,26.0,Septiembre,20774.08,alta
Ropa,1268.85,121,232.48,28.8,Abril,15017.78,alta
Ropa,920.08,372,294.0,48.9,Agosto,3652.89,media
Deportes,,434,,14.4,Abril,18500.57,alta
Deportes,115.39,147,2806.35,36.8,Marzo,4945.91,media
Alimentos,1794.93,485,715.26,3.8,Enero,12579.76,alta
Alimentos,1324.04,58,3054.04,21.0,Septiembre,35053.91,alta
Tecnologia,,118,1323.79,6.6,Noviembre,19953.16,alta
Tecnologia,470.48,318,4532.58,17.9,Mayo,6044.1,alta
Tecnologia,1771.78,193,4892.18,1.7,Junio,14995.78,alta
Deportes,1426.77,81,3590.85,25.6,Enero,16116.8,alta
hogar,27.72,374,594.46,17.1,Noviembre,1583.59,media
Hogar,1093.49,345,1888.62,47.3,Noviembre,27245.06,alta
Hogar,179.57,52,3641.24,5.0,Marzo,5827.22,alta
Alimentos,153.43,377,,33.8,Enero,2538.33,media
Alimentos,108.97,312,1367.11,19.2,Septiembre,3928.73,media
Deportes,581.68,178,143.9,1.2,Diciembre,12626.82,alta
Ropa,1658.13,322,3574.22,15.4,Noviembre,31277.95,alta
Tecnologia,1624.56,318,576.35,20.1,Septiembre,22836.59,alta
Deportes,1211.58,113,2346.93,43.3,Septiembre,17961.02,alta
Alimentos,932.46,293,3719.45,22.3,Marzo,16519.12,alta
Ropa,1152.02,84,851.22,42.1,Octubre,30377.02,alta
alimentos,1397.88,390,1424.11,24.7,Julio,26193.09,alta
Ropa,1985.91,265,4783.67,30.3,Abril,29848.15,alta
Tecnologia,1261.61,147,1020.08,17.4,Enero,11901.2,alta
Tecnologia,1175.59,87,1339.13,46.3,Julio,9666.53,alta
Ropa,1419.68,223,4979.49,27.3,Junio,19327.85,alta
Hogar,252.13,338,1664.88,13.1,Agosto,7206.73,alta
Tecnologia,1330.04,381,3587.36,15.4,Abril,16190.08,alta
Tecnologia,,126,,29.6,Septiembre,20970.88,alta
tecnologia,631.93,12,2619.64,25.4,Febrero,10728.66,alta
Alimentos,217.49,369,1949.52,4.3,Septiembre,149900.44833890587,alta
Hogar,304.76,110,4083.85,31.7,Mayo,11594.63,alta
Ropa,890.81,474,,31.1,Junio,21845.07,alta
Tecnologia,,424,2682.45,42.4,Septiembre,21233.12,alta
hogar,121.86,48,2401.81,49.2,Febrero,4469.62,media
Hogar,1616.94,383,2007.65,39.3,Agosto,42179.15,alta
Alimentos,931.36,457,817.71,43.0,Septiembre,6196.51,alta
Tecnologia,963.2,409,1575.82,12.1,Agosto,17721.24,alta
Alimentos,1736.13,303,1885.59,32.5,Noviembre,29635.36,alta
Hogar,92.18,118,2354.06,24.5,Enero,3186.26,media
Deportes,739.0,188,3071.51,19.2,Diciembre,5062.23,alta
Hogar,584.4,442,1440.35,26.7,Septiembre,7256.62,alta
Ropa,42.23,38,1153.46,21.8,Diciembre,1130.0,baja
Tecnologia,1767.92,249,1145.3,29.4,Diciembre,13335.19,alta
Alimentos,841.74,451,3733.54,15.8,Abril,14650.13,alta
Deportes,1459.93,465,4420.1,6.8,Septiembre,178209.53609078817,alta
Alimentos,1509.56,450,,31.5,Octubre,38743.15,alta
alimentos,732.62,163,646.0,2.0,Septiembre,4436.42,media
Tecnologia,1030.19,21,2083.1,39.4,Septiembre,24849.65,alta
Ropa,821.61,65,2129.78,15.2,Junio,5203.22,alta
Tecnologia,1690.63,382,3363.53,31.5,Octubre,41587.02,alta
Alimentos,,251,4055.91,25.4,Febrero,12268.14,alta
Ropa,1821.77,465,984.53,46.9,Noviembre,19629.04,alta
Hogar,48.75,128,1481.29,42.4,Marzo,1235.49,baja
Deportes,290.05,492,2452.71,0.2,Marzo,5341.33,alta
Ropa,695.66,374,,41.4,Mayo,19608.03,alta
Ropa,1139.01,344,,43.0,Octubre,22111.12,alta
Deportes,1760.18,114,3599.1,16.1,Junio,52883.86,alta
Alimentos,793.95,371,3250.73,44.5,Agosto,24459.42,alta
Tecnologia,946.23,347,2789.43,49.5,Julio,28852.81,alta
Deportes,1341.88,482,410.41,49.6,Noviembre,33111.34,alta
Hogar,1326.48,472,3283.07,38.4,Enero,17026.56,alta
Tecnologia,1394.79,232,1848.07,16.4,Mayo,39883.42,alta
Ropa,1710.42,262,1479.79,38.2,Julio,34850.43,alta
Ropa,172.17,113,2660.25,0.2,Septiembre,5790.56,alta
Tecnologia,789.03,58,2998.25,44.9,Octubre,19215.39,alta
Tecnologia,57.25,36,464.98,33.7,Mayo,1213.41,baja
Hogar,1091.83,24,4807.2,7.5,Febrero,26508.71,alta
Deportes,314.91,364,1608.97,23.2,Enero,10925.61,alta
Tecnologia,915.46,492,4536.74,42.6,Octubre,25591.53,alta
Ropa,126.77,152,2602.95,10.5,Junio,2290.59,media
Deportes,894.04,288,1971.37,3.9,Abril,26283.95,alta
Deportes,1710.07,417,832.1,33.4,Febrero,36069.82,alta
Tecnologia,1338.14,112,57.52,46.2,Abril,28027.8,alta
Ropa,681.38,98,4735.23,36.6,Octubre,9124.55,alta
TECNOLOGIA,239.37,272,3007.75,0.6,Agosto,9758.83,alta
Tecnologia,1308.04,252,2433.81,31.4,Junio,14234.49,alta
Hogar,628.59,90,3932.17,41.7,Septiembre,6171.22,alta
Tecnologia,1137.2,445,312.57,46.1,Noviembre,5185.02,alta
Deportes,256.61,202,2130.71,3.4,Diciembre,5101.55,alta
Hogar,1228.29,233,1907.68,36.2,Junio,13615.8,alta
Hogar,1162.37,237,2300.22,29.7,Abril,25892.73,alta
Ropa,1419.99,367,2533.28,36.2,Noviembre,19648.87,alta
Alimentos,1989.64,136,3059.34,12.5,Octubre,35174.39,alta
Alimentos,,480,4970.73,48.4,Octubre,48849.96,alta
Deportes,,263,882.7,39.7,Enero,52535.11,alta
Tecnologia,1595.52,427,3343.96,49.5,Diciembre,50332.85,alta
Deportes,,74,4584.78,42.1,Marzo,39773.85,alta
Deportes,928.93,353,1966.8,21.2,Julio,7734.78,alta
Tecnologia,1594.53,464,,30.9,Octubre,30005.34,alta
Deportes,1636.02,349,1522.01,5.6,Noviembre,28256.95,alta
Hogar,1208.74,335,2271.75,7.4,Mayo,30548.99,alta
Hogar,742.09,410,1753.99,44.0,Septiembre,5579.38,alta
Alimentos,509.87,21,4264.15,33.9,Noviembre,15942.27,alta
Deportes,442.96,257,2739.27,9.9,Febrero,7957.75,alta
Alimentos,1382.39,155,3819.96,22.7,Diciembre,37456.47,alta
Alimentos,986.2,150,2862.48,3.7,Junio,13288.33,alta
Hogar,457.95,67,4498.89,17.2,Octubre,13519.19,alta
Alimentos,886.25,22,2939.54,39.5,Abril,10484.65,alta
Ropa,1466.7,14,130.18,28.6,Septiembre,31411.38,alta
Alimentos,323.94,210,314.55,18.7,Abril,9675.24,alta
Hogar,635.48,244,3117.89,17.5,Noviembre,14187.6,alta
Tecnologia,1246.92,432,,7.9,Diciembre,16178.76,alta
Ropa,328.05,177,1094.41,29.8,Abril,6242.51,alta
Hogar,1875.45,5,431.96,34.1,Agosto,53984.69,alta
Alimentos,873.57,176,2895.04,18.7,Marzo,27466.97,alta
Tecnologia,1372.09,285,1440.74,3.9,Enero,23069.99,alta
Alimentos,760.01,410,3255.12,34.1,Enero,7601.59,alta
Tecnologia,1113.08,42,286.09,18.5,Julio,4022.47,media
Alimentos,,69,4475.86,40.8,Enero,22864.95,alta
Hogar,146.11,495,1727.98,12.9,Junio,6139.91,alta
Ropa,560.02,308,542.42,21.1,Febrero,7533.9,alta
tecnologia,786.28,407,295.87,4.1,Junio,21205.65,alta
Tecnologia,1731.33,466,3558.45,1.5,Agosto,44640.08,alta
Hogar,1690.46,190,4613.94,7.3,Abril,26044.08,alta
Hogar,1683.38,62,289.25,0.1,Septiembre,42589.74,alta
Ropa,1257.46,31,468.97,42.3,Abril,4060.25,media
Deportes,1813.18,348,2526.09,1.6,Enero,32099.06,alta
Ropa,673.98,175,1189.09,5.8,Abril,18150.74,alta
Hogar,1156.64,60,3888.74,2.6,Mayo,27635.67,alta
Deportes,865.43,8,4744.46,26.3,Enero,17443.24,alta
Tecnologia,945.15,325,3818.28,5.5,Julio,27473.6,alta
Ropa,1382.32,149,1098.26,12.9,Noviembre,26759.16,alta
Alimentos,1726.75,446,1344.85,20.4,Abril,53443.77,alta
Ropa,334.85,300,1072.3,44.7,Junio,9038.73,alta
Hogar,1161.51,208,1004.4,27.7,Septiembre,10248.21,alta
Deportes,896.07,207,3596.7,5.0,Octubre,9302.61,alta
Alimentos,54.27,409,3283.73,32.2,Mayo,3032.96,media
Alimentos,1013.73,236,,44.1,Febrero,12455.79,alta
Hogar,1322.31,92,3806.51,37.2,Abril,16920.72,alta
Deportes,765.69,423,1320.41,4.8,Enero,24292.3,alta
Hogar,347.24,408,,41.7,Octubre,4767.39,media
Alimentos,1197.69,78,239.49,35.6,Abril,16349.09,alta
Alimentos,805.25,387,3847.99,49.5,Septiembre,15985.44,alta
Ropa,1223.22,55,541.59,48.7,Enero,13859.96,alta
Tecnologia,1388.46,169,788.36,40.4,Septiembre,39270.41,alta
Ropa,42.23,38,1153.46,21.8,Diciembre,1130.0,baja
Ropa,1761.36,441,3376.63,1.7,Agosto,46910.74,alta
Deportes,1903.26,173,158.81,43.1,Noviembre,199885.78122058557,alta
Tecnologia,1742.64,262,3144.31,14.3,Abril,43668.84,alta
Deportes,1950.58,232,3856.92,38.3,Noviembre,56536.15,alta
ALIMENTOS,1515.47,389,2635.7,4.7,Junio,25791.75,alta
Hogar,1119.83,96,3141.89,22.9,Noviembre,6770.12,alta
Hogar,,206,740.95,26.0,Julio,4902.47,media
Hogar,1299.45,302,1585.9,8.0,Noviembre,31326.83,alta
Ropa,518.24,79,3340.07,4.6,Diciembre,173323.4249980314,alta
Tecnologia,605.12,23,4188.58,21.3,Agosto,18907.4,alta
Alimentos,1622.34,434,2436.16,34.0,Diciembre,15435.85,alta
Tecnologia,965.83,420,1680.64,0.9,Diciembre,9709.43,alta
Ropa,1092.13,277,2271.97,9.0,Febrero,24412.57,alta
Tecnologia,,384,2942.46,17.8,Enero,31694.2,alta
Alimentos,1879.62,204,4613.15,47.2,Febrero,44893.3,alta
Alimentos,479.92,480,754.22,35.1,Enero,1399.03,baja
Hogar,1414.11,326,3469.67,45.9,Febrero,36005.42,alta
Hogar,821.74,102,298.51,40.7,Enero,22195.81,alta
Deportes,1056.84,408,4261.29,40.3,Octubre,11458.1,alta
Alimentos,1610.93,342,4515.86,33.9,Mayo,18674.68,alta
Ropa,719.43,268,3892.36,13.8,Mayo,8828.54,alta
Deportes,451.63,482,2755.38,36.1,Agosto,4276.28,media
Alimentos,963.85,31,981.06,37.2,Noviembre,16855.07,alta
Alimentos,793.84,481,2946.3,25.2,Enero,10417.02,alta
Deportes,1812.68,250,2559.78,18.1,Octubre,40287.26,alta
Ropa,556.92,47,3499.57,34.2,Diciembre,4413.21,media
Tecnologia,967.8,113,4925.67,24.0,Septiembre,8300.56,alta
Alimentos,502.33,434,3932.84,26.7,Octubre,9660.34,alta
Tecnologia,1721.69,313,1360.69,17.1,Abril,49443.62,alta
Tecnologia,329.36,163,2378.75,33.4,Abril,5548.48,alta
Ropa,159.56,456,4573.59,9.1,Julio,6148.47,alta
Alimentos,1758.43,320,715.91,42.2,Noviembre,51989.76,alta
Hogar,100.15,473,3375.62,5.8,Diciembre,5217.82,alta
Deportes,,259,3545.16,6.9,Abril,12305.69,alta
Alimentos,1437.43,345,2978.4,29.9,Agosto,25589.53,alta
Tecnologia,104.88,279,2929.96,15.5,Noviembre,2977.87,media
Hogar,1984.13,435,3990.84,21.0,Octubre,55928.6,alta
Hogar,1409.84,155,58.24,3.1,Abril,25259.66,alta
Ropa,219.24,60,4668.52,44.5,Julio,9819.14,alta
Ropa,811.07,423,2362.3,13.9,Octubre,15015.67,alta
Deportes,1586.57,130,2117.26,18.8,Febrero,42802.57,alta
Hogar,951.19,91,768.43,16.1,Enero,18126.5,alta
Alimentos,620.74,378,1344.18,43.9,Abril,3467.54,media
Tecnologia,244.51,214,2073.78,13.9,Septiembre,2711.8,media
Ropa,1254.69,399,719.32,32.9,Julio,17518.83,alta
Alimentos,386.6,120,2026.67,45.8,Marzo,2758.26,media
deportes,959.95,321,2611.25,21.1,Noviembre,19508.04,alta
Hogar,1433.13,483,601.49,37.4,Enero,38191.96,alta
Deportes,228.59,454,,24.8,Febrero,5807.61,alta
Tecnologia,247.28,419,353.77,38.1,Agosto,5590.29,alta
Hogar,203.81,212,556.36,40.6,Diciembre,6007.68,alta
Deportes,26.22,484,,39.9,Octubre,2459.3,media
Alimentos,280.05,119,4475.17,45.3,Enero,7405.09,alta
Hogar,487.04,459,2800.77,14.3,Octubre,16715.23,alta
Hogar,1179.7,494,4287.47,33.5,Octubre,9533.13,alta
Ropa,101.12,83,1477.58,25.8,Noviembre,4156.11,media
Deportes,1066.3,405,1530.13,11.2,Septiembre,13484.53,alta
Deportes,1869.79,255,547.64,17.2,Agosto,5669.87,alta
Ropa,902.25,194,4077.73,29.0,Junio,8507.82,alta
Hogar,37.46,237,2040.64,24.4,Julio,2850.02,media
Hogar,1832.76,469,2557.32,44.1,Mayo,44247.69,alta
Deportes,1391.0,118,4899.14,27.2,Abril,14732.9,alta
Deportes,421.1,246,3583.93,27.5,Enero,11881.47,alta
Ropa,1264.36,86,2559.42,36.8,Mayo,11813.01,alta
Tecnologia,1964.71,414,1028.49,37.3,Septiembre,41008.28,alta
Alimentos,326.32,255,3730.44,22.9,Agosto,5158.48,alta
Hogar,1559.14,289,3545.07,7.7,Marzo,192252.24064988826,alta
Ropa,,226,1394.87,46.1,Febrero,9049.25,alta
Ropa,595.69,228,3989.08,1.7,Agosto,15291.81,alta
Alimentos,1288.16,379,1021.8,23.8,Agosto,36995.8,alta
Alimentos,166.15,206,1530.76,5.8,Enero,3575.7,media
Deportes,847.21,455,247.17,17.1,Agosto,24297.98,alta
Hogar,650.27,331,2685.69,27.2,Mayo,16866.98,alta
Hogar,27.06,21,772.89,31.1,Enero,577.1,baja
Hogar,1564.82,369,3038.48,19.1,Septiembre,26183.94,alta
Tecnologia,1137.57,30,2446.55,35.7,Agosto,16059.32,alta
Hogar,957.06,479,4412.34,27.9,Julio,27246.52,alta
Deportes,414.6,24,3670.93,43.7,Diciembre,3427.62,media
Ropa,671.88,147,602.27,10.2,Agosto,4395.29,media
Tecnologia,242.85,229,349.19,14.3,Septiembre,8021.63,alta
Deportes,73.97,49,1616.11,6.2,Agosto,2084.94,media
Deportes,1438.03,60,4669.29,38.5,Noviembre,10474.07,alta
TECNOLOGIA,1191.41,231,2218.01,10.7,Agosto,28267.04,alta
Tecnologia,1391.51,371,3436.44,30.7,Octubre,21014.21,alta
Ropa,1282.07,285,2363.96,3.1,Agosto,8004.24,alta
Alimentos,1294.65,91,550.48,3.6,Julio,4046.52,media
TECNOLOGIA,1135.44,381,1082.71,40.7,Diciembre,32165.62,alta
Hogar,803.66,370,1737.94,27.0,Junio,8777.94,alta
Alimentos,1727.02,408,3538.29,29.8,Abril,43269.81,alta
Ropa,1382.45,21,2714.71,9.6,Mayo,17269.76,alta
Tecnologia,207.31,499,4340.23,27.2,Mayo,6557.88,alta
Deportes,1882.79,284,,40.0,Junio,26564.28,alta
Deportes,1112.08,135,1720.74,44.8,Enero,34456.72,alta
Tecnologia,287.54,365,2343.38,41.1,Julio,6378.58,alta
HOGAR,1795.85,394,2125.89,48.5,Mayo,30361.84,alta
Alimentos,1324.75,326,325.59,33.4,Octubre,11274.13,alta
Ropa,,30,3197.35,45.7,Noviembre,5823.32,alta
Ropa,375.92,180,2802.59,13.8,Noviembre,9424.94,alta
Hogar,194.38,224,4532.1,24.2,Mayo,9289.0,alta
Ropa,,217,255.17,14.4,Abril,6225.87,alta
Tecnologia,1461.53,220,380.48,41.4,Diciembre,18432.4,alta
Alimentos,152.26,117,4287.65,26.9,Febrero,5604.16,alta
Tecnologia,1332.77,395,4699.9,37.0,Noviembre,34910.13,alta
Deportes,657.4,202,4226.91,45.7,Abril,6621.11,alta
Tecnologia,1581.08,457,3435.95,24.0,Febrero,19040.2,alta
Deportes,28.07,194,70.83,10.7,Marzo,440.68,baja
Deportes,1195.99,397,3016.61,19.7,Noviembre,32054.1,alta
Ropa,150.45,382,408.69,5.0,Agosto,5291.09,alta
Deportes,82.2,115,3620.64,2.4,Enero,4156.09,media
Tecnologia,1327.7,224,909.19,20.9,Septiembre,26436.85,alta
Deportes,1382.64,404,3045.88,41.5,Mayo,18999.63,alta
Hogar,1015.51,479,4447.57,6.9,Agosto,18102.81,alta
Tecnologia,394.19,402,1140.09,16.5,Septiembre,4435.56,media
Ropa,1474.66,384,156.04,22.1,Julio,20851.1,alta
Deportes,809.43,405,1409.11,31.5,Octubre,25679.62,alta
Ropa,1042.21,491,354.44,27.5,Agosto,24766.9,alta
Alimentos,1558.78,303,1799.44,47.7,Diciembre,39325.11,alta
Deportes,459.12,306,4738.89,35.2,Abril,14411.5,alta
Ropa,79.94,324,21.57,17.3,Abril,3125.22,media
Hogar,494.99,458,736.35,45.0,Junio,11588.47,alta
Ropa,120.19,215,50.85,8.6,Agosto,3510.09,media
Alimentos,521.04,491,2827.29,45.3,Mayo,10519.3,alta
Hogar,1785.86,280,2369.51,6.4,Agosto,50016.63,alta
ROPA,606.09,67,2964.16,16.4,Octubre,15007.44,alta
Alimentos,924.02,132,1852.2,45.9,Febrero,16644.42,alta
Hogar,13.99,368,328.76,48.2,Junio,861.2,baja
Deportes,1667.17,346,2639.87,27.0,Junio,28475.65,alta
Hogar,302.64,269,3065.69,22.3,Diciembre,10175.0,alta
Alimentos,1577.68,295,873.09,9.2,Noviembre,4936.85,media
Hogar,1366.74,156,4828.07,33.9,Abril,35674.82,alta
Ropa,1803.53,181,2952.74,19.7,Enero,15164.8,alta
Hogar,770.47,321,798.06,15.7,Julio,18241.97,alta
Hogar,1743.25,318,1404.07,48.7,Mayo,33556.01,alta
Ropa,1568.0,107,328.56,0.3,Junio,38782.66,alta
Ropa,771.19,92,4413.41,24.2,Noviembre,16727.42,alta
Tecnologia,1489.97,458,2178.16,16.8,Agosto,41236.93,alta
Deportes,1238.44,72,218.33,16.4,Febrero,35872.01,alta
Tecnologia,608.25,238,1529.45,14.4,Julio,10646.15,alta
Ropa,1666.82,489,,44.7,Diciembre,46637.58,alta
Ropa,1509.96,404,3760.99,30.2,Noviembre,36201.09,alta
Tecnologia,1189.57,376,2487.68,25.7,Junio,26821.51,alta
Tecnologia,189.48,359,1887.96,27.4,Julio,6216.44,alta
Ropa,168.33,232,1574.55,13.8,Diciembre,6318.89,alta
ALIMENTOS,484.62,248,3114.88,3.4,Marzo,5907.3,alta
Hogar,572.78,5,4321.88,41.3,Mayo,13516.59,alta
Alimentos,1888.8,186,1821.8,41.7,Octubre,12640.54,alta
Alimentos,1229.36,342,2598.97,18.2,Febrero,35398.65,alta
Ropa,427.67,231,2149.35,42.9,Noviembre,142196.66383254476,media
Ropa,876.85,437,1943.89,30.5,Enero,7702.41,alta
Deportes,1167.9,403,2838.91,37.4,Noviembre,38299.7,alta
Alimentos,,475,3075.63,3.4,Abril,14146.67,alta
Hogar,549.22,301,3901.16,40.6,Junio,7786.96,alta
Alimentos,1978.54,398,4562.46,40.7,Enero,50303.56,alta
Ropa,1645.36,161,2606.32,3.5,Octubre,21940.92,alta
Hogar,1234.64,57,2720.35,34.5,Octubre,28510.71,alta
Deportes,1750.68,86,132.47,14.2,Julio,26066.28,alta
Ropa,1667.72,37,1076.79,31.4,Diciembre,5477.92,alta
Ropa,180.77,57,2459.6,24.3,Noviembre,6839.94,alta
Alimentos,1527.43,399,4715.96,8.0,Agosto,8266.79,alta
ropa,1284.15,434,560.54,24.8,Mayo,8134.03,alta
Alimentos,1450.57,278,4794.94,9.1,Agosto,9748.41,alta
Tecnologia,612.33,312,3663.26,3.4,Septiembre,11768.59,alta
Alimentos,1295.62,389,4431.8,36.5,Enero,16874.33,alta
Ropa,1197.35,66,4897.28,20.6,Junio,9538.79,alta
Deportes,934.05,444,4970.58,1.5,Abril,17055.24,alta
Tecnologia,1674.59,126,,3.3,Enero,27050.82,alta
Ropa,122.77,464,4940.28,32.1,Octubre,6761.38,alta
Deportes,712.18,316,541.54,9.7,Mayo,10805.17,alta
Alimentos,255.52,326,1888.59,26.4,Julio,3965.09,media
Alimentos,1048.62,370,3459.04,49.4,Septiembre,176980.60273874772,alta
Ropa,,438,753.36,46.8,Noviembre,9003.01,alta
Tecnologia,634.92,480,2420.25,44.3,Mayo,9260.34,alta
Tecnologia,413.07,214,1389.99,9.5,Junio,8832.76,alta
Hogar,77.46,299,1985.51,18.7,Diciembre,2755.02,media
HOGAR,667.4,262,316.72,1.3,Junio,8625.93,alta
Ropa,,391,3182.86,49.5,Noviembre,16854.69,alta
Ropa,1269.81,309,4096.97,28.9,Enero,7561.38,alta
Hogar,1869.08,77,4943.17,31.9,Septiembre,28370.0,alta
HOGAR,685.56,99,1234.95,48.8,Junio,6746.77,alta
Deportes,800.08,44,4245.52,33.0,Octubre,14431.14,alta
Tecnologia,1767.59,446,391.85,16.5,Octubre,33081.15,alta
Ropa,1006.4,368,3020.71,2.3,Noviembre,11099.11,alta
Alimentos,1448.22,139,3354.16,37.2,Agosto,18352.2,alta
Deportes,,457,3142.4,9.0,Julio,8550.31,alta
Ropa,1741.67,188,1321.44,25.0,Marzo,12510.63,alta
Deportes,1492.57,408,2638.75,7.6,Febrero,34507.87,alta
Alimentos,437.7,88,1909.97,17.2,Diciembre,2459.96,media
Hogar,,149,,45.5,Mayo,19312.3,alta
Hogar,1436.15,102,3577.45,50.0,Enero,30009.99,alta
Tecnologia,887.2,93,2393.66,19.0,Marzo,26301.28,alta
Ropa,1616.37,336,3867.14,16.6,Julio,41004.47,alta
Ropa,1503.25,298,2623.64,10.8,Julio,32621.22,alta
Deportes,1340.12,306,2781.34,14.8,Marzo,41656.1,alta
Alimentos,,264,,48.4,Febrero,4337.46,media
Tecnologia,46.35,29,686.79,44.1,Noviembre,320.72,baja
Deportes,664.57,104,2064.11,25.7,Agosto,17454.52,alta
Deportes,1178.41,339,1386.05,43.7,Junio,15545.48,alta
Ropa,889.13,377,2320.67,43.6,Abril,5641.64,alta
Tecnologia,1312.07,272,3545.58,46.4,Junio,25224.64,alta
Deportes,1550.29,61,497.7,29.5,Noviembre,40149.5,alta
HOGAR,,121,3815.15,21.7,Enero,56090.1,alta
Deportes,42.55,469,1526.63,42.5,Enero,2667.22,media
Deportes,1068.99,38,1376.65,14.8,Febrero,23975.3,alta
Ropa,162.09,196,290.78,6.2,Abril,3771.42,media
Ropa,647.56,54,4637.21,0.9,Noviembre,7921.01,alta
Deportes,1395.54,186,3023.31,9.3,Noviembre,171982.6391500784,alta
Ropa,1648.56,125,2016.17,41.9,Abril,39797.41,alta
Ropa,1173.91,125,2733.35,39.7,Diciembre,27485.98,alta
Ropa,172.83,237,1193.65,43.2,Diciembre,3233.57,media
Tecnologia,760.52,190,70.95,15.1,Junio,21692.25,alta
Ropa,1741.46,431,975.73,48.3,Mayo,47629.35,alta
Ropa,934.56,116,1761.73,8.0,Marzo,25252.93,alta
Deportes,1583.56,192,1724.51,48.6,Julio,37850.81,alta
Hogar,1076.84,318,3689.14,34.6,Julio,31868.91,alta
Alimentos,285.41,351,4875.1,44.9,Noviembre,6461.72,alta
Tecnologia,268.26,154,4246.84,18.3,Agosto,8143.7,alta
Alimentos,591.21,277,1512.88,24.1,Abril,8115.07,alta
Ropa,1585.16,363,2503.3,34.8,Diciembre,29131.87,alta
Tecnologia,1251.71,441,1201.28,15.3,Diciembre,5999.72,alta
Ropa,547.65,382,423.42,47.3,Mayo,15173.24,alta
Ropa,1620.32,478,2093.44,36.2,Mayo,11508.6,alta
Alimentos,1092.23,464,1216.05,20.7,Junio,11459.21,alta
Hogar,1555.88,369,2542.68,42.4,Febrero,17198.82,alta
Tecnologia,1410.58,97,592.49,43.5,Enero,30095.03,alta
Tecnologia,1510.56,248,3822.37,39.6,Febrero,22837.52,alta
Hogar,1958.98,261,2922.66,37.1,Diciembre,42183.23,alta
Hogar,1864.66,13,1622.86,8.7,Marzo,41512.82,alta
Deportes,,171,618.13,47.4,Abril,21760.73,alta
Ropa,1155.71,17,3011.35,0.5,Octubre,29315.43,alta
Ropa,473.6,478,,42.3,Noviembre,13796.32,alta
Tecnologia,787.64,92,,20.8,Enero,23672.4,alta
Deportes,319.94,386,3232.76,30.8,Agosto,11070.31,alta
Tecnologia,1750.47,293,3936.23,36.2,Marzo,37755.14,alta
Tecnologia,1682.89,496,2057.23,41.2,Agosto,44189.45,alta
Deportes,1565.49,207,2075.27,1.9,Febrero,29678.26,alta
DEPORTES,737.46,141,1958.84,15.6,Diciembre,7768.39,alta
Hogar,1588.64,322,2290.33,40.8,Agosto,5507.79,alta
Alimentos,38.36,31,594.55,37.1,Abril,797.37,baja
Deportes,,37,2986.54,29.6,Octubre,13545.23,alta
Hogar,1659.61,485,3901.15,2.3,Septiembre,26691.45,alta
Alimentos,617.94,83,717.7,41.6,Febrero,6459.08,alta
Tecnologia,1298.95,306,,26.1,Enero,29173.94,alta
Hogar,1574.66,273,1695.51,4.5,Abril,47071.31,alta
Tecnologia,1708.46,48,3275.02,33.8,Marzo,9565.57,alta
Ropa,322.61,205,294.63,31.4,Septiembre,9315.94,alta
Ropa,,475,,46.8,Abril,12620.54,alta
Ropa,1393.67,201,734.92,21.6,Agosto,23121.46,alta
Tecnologia,937.65,379,1941.17,38.9,Diciembre,22455.26,alta
Tecnologia,92.94,477,3346.99,34.3,Septiembre,4960.5,media
Tecnologia,914.25,86,,16.1,Noviembre,8874.18,alta
Alimentos,353.24,91,1203.75,24.4,Febrero,10629.82,alta
Hogar,,434,1843.86,37.3,Febrero,23023.32,alta
Tecnologia,647.97,251,,25.7,Abril,5983.89,alta
Hogar,724.26,233,2444.97,8.0,Octubre,10566.06,alta
Tecnologia,1401.51,416,1053.55,47.0,Diciembre,35086.68,alta
Alimentos,1859.89,238,,14.8,Enero,39278.03,alta
Hogar,892.89,448,,31.5,Enero,27130.37,alta
Deportes,816.79,463,1652.39,5.0,Noviembre,8997.76,alta
Deportes,591.11,468,1878.18,38.7,Abril,16165.02,alta
Hogar,1949.12,179,4652.71,32.2,Noviembre,20800.24,alta
TECNOLOGIA,582.85,100,825.85,9.0,Diciembre,6376.01,alta
Deportes,,388,3137.26,7.0,Octubre,24281.12,alta
Hogar,206.56,85,,21.7,Septiembre,7493.3,alta
Alimentos,1922.16,350,216.54,11.4,Marzo,52896.65,alta
Ropa,1770.06,257,3917.47,19.6,Febrero,26003.5,alta
Hogar,1367.2,49,2039.55,40.3,Agosto,41971.86,alta
Alimentos,1697.33,440,4482.25,23.4,Enero,38267.31,alta
Tecnologia,323.02,210,3761.95,22.2,Febrero,6775.72,alta
Ropa,,331,1384.09,40.0,Junio,55076.99,alta
Ropa,523.62,455,1411.52,47.6,Noviembre,5099.97,alta
Deportes,342.8,393,1802.42,27.9,Junio,6346.51,alta
Deportes,1961.44,227,4814.61,8.9,Agosto,47425.77,alta
Ropa,840.08,408,4502.91,35.7,Septiembre,9830.54,alta
Deportes,1533.05,335,975.57,30.4,Enero,32631.52,alta
Deportes,68.61,298,3040.94,2.0,Mayo,3065.4,media
Alimentos,1155.4,61,,29.1,Junio,26384.2,alta
hogar,199.07,257,394.87,32.7,Mayo,4181.93,media
Alimentos,1456.87,467,,3.5,Julio,22558.22,alta
Tecnologia,1388.2,319,2406.27,5.2,Julio,20855.88,alta
Hogar,124.9,367,1761.63,29.5,Abril,4221.55,media
Ropa,1377.44,462,4456.5,4.5,Agosto,11581.39,alta
Deportes,670.43,246,477.75,22.2,Septiembre,7574.66,alta
Ropa,512.41,486,501.39,10.7,Enero,12570.07,alta
Tecnologia,1653.52,414,984.18,19.7,Abril,13605.41,alta
Alimentos,82.67,484,2003.38,22.4,Diciembre,4940.03,media
Tecnologia,,150,4980.98,9.9,Enero,28749.61,alta
Deportes,529.38,355,2890.33,46.9,Abril,6115.07,alta
Alimentos,1091.76,182,1314.35,44.1,Junio,13730.97,alta
Hogar,119.1,31,2787.11,13.3,Diciembre,4593.99,media
Tecnologia,,460,3513.6,5.9,Enero,32733.5,alta
Deportes,730.21,400,4951.87,6.9,Marzo,24962.13,alta
Tecnologia,970.38,308,1769.46,37.0,Noviembre,19629.84,alta
Ropa,426.86,279,2519.85,32.5,Agosto,14903.07,alta
Deportes,1808.75,41,3190.1,22.0,Abril,32986.38,alta
Ropa,1775.34,234,3465.94,10.3,Enero,28138.45,alta
Ropa,1398.83,374,3696.46,31.6,Marzo,31015.95,alta
Deportes,1131.98,164,4159.32,28.8,Febrero,8535.03,alta
Alimentos,86.53,128,3120.6,24.9,Octubre,3314.28,media
Alimentos,1915.87,344,1150.08,43.6,Junio,57284.19,alta
Deportes,274.1,283,633.28,18.0,Enero,4260.85,media
Alimentos,1069.55,476,2743.07,34.7,Junio,11937.67,alta
Deportes,,33,2779.62,27.4,Abril,206246.77569782082,alta
Alimentos,1666.45,153,,34.7,Diciembre,34306.18,alta
ALIMENTOS,505.1,159,4295.69,44.7,Diciembre,9247.8,alta
TECNOLOGIA,724.4,337,4073.38,30.8,Octubre,23075.98,alta
Deportes,972.93,366,4369.1,16.1,Octubre,22589.56,alta
Alimentos,,33,2552.74,45.0,Marzo,30665.31,alta
Tecnologia,1290.04,142,2521.63,41.6,Enero,34226.81,alta
Hogar,,192,866.07,41.0,Julio,2686.9,media
Deportes,673.64,415,2899.34,8.0,Enero,8263.08,alta
Hogar,519.52,265,4343.01,14.8,Agosto,10104.72,alta
Hogar,1655.5,499,,13.3,Octubre,47437.48,alta
Hogar,1391.46,257,3936.96,11.2,Diciembre,22390.2,alta
Hogar,1127.94,369,2333.23,25.5,Julio,10721.08,alta
Tecnologia,1156.21,429,2859.15,14.3,Junio,13029.76,alta
Deportes,1428.17,78,1401.11,49.8,Junio,12208.11,alta
Deportes,100.48,416,1034.6,17.4,Agosto,3626.34,media
ROPA,513.91,136,1219.3,37.1,Julio,2109.01,media
Deportes,315.25,68,3603.47,34.9,Mayo,9032.87,alta
Alimentos,608.51,112,4417.66,11.1,Agosto,19860.86,alta
Alimentos,760.46,476,2706.94,32.9,Abril,23856.98,alta
Tecnologia,506.56,51,584.82,44.3,Noviembre,7396.51,alta
Deportes,53.1,492,3936.43,1.6,Diciembre,5566.5,alta
Ropa,1478.62,427,,26.5,Abril,16197.87,alta
Deportes,741.68,210,2541.01,31.9,Julio,6241.43,alta
Deportes,1887.14,359,89.16,38.2,Agosto,55992.19,alta
Tecnologia,374.35,351,4499.51,22.1,Agosto,5549.56,alta
Deportes,1416.15,219,4564.73,28.4,Diciembre,35313.36,alta
Alimentos,654.14,499,4968.41,6.9,Febrero,15957.47,alta
Hogar,945.23,456,3155.4,12.2,Mayo,8459.12,alta
Deportes,789.86,324,3945.08,34.3,Agosto,11593.2,alta
Tecnologia,,492,4271.44,6.9,Marzo,22224.96,alta
Deportes,1742.36,49,371.6,8.1,Enero,40142.52,alta
DEPORTES,1688.68,181,2149.9,48.1,Enero,16274.52,alta
Ropa,252.59,104,1800.23,7.1,Noviembre,8181.09,alta
Deportes,605.2,63,2049.78,17.9,Abril,18801.53,alta
Hogar,1116.59,335,1539.0,32.4,Julio,23660.24,alta
Alimentos,1076.59,242,245.86,26.9,Abril,5777.66,alta
Ropa,1335.8,399,2508.72,21.2,Septiembre,19563.5,alta
Ropa,88.36,359,1761.49,25.3,Mayo,4936.65,media
Hogar,1169.35,64,3867.03,1.9,Marzo,29015.39,alta
Deportes,1498.81,465,4978.59,38.1,Noviembre,9148.41,alta
Alimentos,,265,572.71,10.4,Octubre,4043.1,media
Hogar,916.06,466,4822.49,10.9,Febrero,11800.34,alta
Tecnologia,1933.06,76,1284.25,9.0,Febrero,5838.74,alta
Tecnologia,90.59,437,,24.2,Noviembre,7131.52,alta
Ropa,110.74,128,4617.29,8.4,Agosto,6846.4,alta
Ropa,423.51,67,4859.9,1.7,Marzo,9782.92,alta
Alimentos,959.08,7,2679.03,34.6,Agosto,23097.5,alta
Hogar,1886.52,139,2276.19,10.9,Septiembre,46912.03,alta
Deportes,,47,1892.26,21.7,Junio,30576.94,alta
Deportes,643.71,415,4567.34,12.1,Agosto,20158.22,alta
Tecnologia,720.25,292,446.58,0.4,Marzo,7857.96,alta
Ropa,,334,4469.49,5.2,Septiembre,17424.22,alta
Ropa,1911.53,467,1274.31,41.3,Diciembre,14166.58,alta
Alimentos,979.26,431,4787.73,11.3,Enero,7041.97,alta
Hogar,1160.79,267,1828.91,34.7,Junio,27988.78,alta
Alimentos,809.66,249,858.52,12.2,Mayo,22732.53,alta
Ropa,,130,1829.01,34.3,Septiembre,24922.31,alta
Tecnologia,,169,428.36,31.1,Abril,19648.4,alta
Deportes,47.44,214,1845.4,29.5,Febrero,2593.3,media
Ropa,1540.91,498,,7.6,Noviembre,11475.33,alta
ROPA,1011.34,121,1547.4,11.7,Marzo,3350.34,media
Deportes,772.66,494,4239.9,16.8,Mayo,16399.79,alta
Alimentos,,59,,49.1,Agosto,13958.06,alta
Tecnologia,444.32,151,,37.6,Septiembre,1426.47,baja
Ropa,1924.39,407,2646.41,42.0,Febrero,57690.0,alta
Tecnologia,1283.59,315,252.95,18.1,Agosto,33696.7,alta
Tecnologia,,358,1983.13,3.5,Noviembre,7955.33,alta
Hogar,1198.61,473,81.45,15.8,Diciembre,11969.86,alta
Alimentos,,468,1440.82,30.2,Enero,5170.69,alta
Deportes,152.89,322,2496.61,4.4,Julio,3801.45,media
DEPORTES,485.8,19,4996.75,15.1,Agosto,13379.69,alta
Hogar,167.79,460,2269.36,6.7,Junio,6689.86,alta
Hogar,1970.77,225,573.67,22.7,Agosto,27379.76,alta
deportes,,53,2638.01,16.7,Enero,26151.77,alta
Alimentos,308.92,264,2913.24,31.6,Febrero,7709.23,alta
Ropa,205.67,449,,23.7,Mayo,3813.7,media
Hogar,1328.96,32,2872.79,22.5,Mayo,22445.96,alta
Hogar,1005.92,106,1700.74,26.6,Octubre,27334.63,alta
Tecnologia,1999.66,123,2657.35,8.2,Marzo,49033.56,alta
Hogar,1189.29,363,851.35,47.3,Septiembre,35665.05,alta
Tecnologia,1663.56,155,1233.75,42.7,Octubre,27033.13,alta
Hogar,289.57,68,4275.99,23.8,Julio,7486.68,alta
Deportes,101.0,112,172.84,40.5,Junio,1117.37,baja
Tecnologia,1249.32,323,581.36,39.5,Marzo,26477.15,alta
Ropa,252.79,489,3848.22,18.7,Noviembre,5989.02,alta
Ropa,1620.46,222,799.01,15.2,Mayo,43910.88,alta
Tecnologia,701.69,36,699.18,24.0,Noviembre,7778.61,alta
Ropa,906.35,192,2932.73,47.2,Agosto,4660.09,media
Ropa,1741.33,122,4565.59,47.1,Agosto,43550.48,alta
Ropa,1550.82,23,,21.0,Marzo,27545.06,alta
Alimentos,217.26,372,1331.52,36.8,Agosto,6042.88,alta
Alimentos,866.95,18,4224.16,49.0,Abril,10461.28,alta
Tecnologia,470.3,345,2074.68,26.6,Septiembre,14904.53,alta
Alimentos,1081.19,499,4556.39,21.1,Febrero,14642.0,alta
Deportes,639.19,47,78.43,32.5,Noviembre,3427.08,media
Alimentos,1084.57,170,3159.5,13.5,Abril,26979.6,alta
Ropa,191.46,139,1520.94,12.3,Enero,4219.35,media
Deportes,623.04,312,,1.3,Agosto,19347.56,alta
Alimentos,1974.37,210,312.85,39.5,Marzo,27908.65,alta
Hogar,884.09,126,2686.29,49.9,Diciembre,9117.86,alta
Tecnologia,1719.22,94,2092.97,16.5,Enero,29086.45,alta
Alimentos,369.09,357,4918.53,11.6,Julio,14354.65,alta
Deportes,1213.14,99,2704.72,42.0,Diciembre,7180.02,alta
Tecnologia,,475,2624.73,29.6,Marzo,21799.14,alta
Tecnologia,36.37,265,1540.9,46.6,Febrero,1582.02,media
Alimentos,122.07,357,888.17,47.0,Mayo,4933.55,media
Ropa,1185.46,197,4357.39,50.0,Febrero,21572.93,alta
Tecnologia,1227.19,282,4740.13,30.4,Enero,35080.6,alta
Alimentos,837.16,51,,32.4,Julio,12167.16,alta
Deportes,1679.09,288,,27.3,Marzo,13669.59,alta
Hogar,1935.16,120,4333.77,38.0,Julio,57163.63,alta
Deportes,996.06,249,2098.67,31.0,Junio,31733.68,alta
Tecnologia,659.61,475,,0.9,Enero,13415.34,alta
Hogar,462.87,187,,24.4,Octubre,14023.66,alta
Tecnologia,229.89,450,111.5,1.2,Julio,4558.78,media
Deportes,1798.49,465,4099.16,41.9,Octubre,30039.32,alta
Deportes,1378.06,462,582.26,29.4,Marzo,28571.23,alta
Deportes,1580.84,288,3034.94,30.7,Mayo,35994.41,alta
Hogar,1403.88,296,3877.11,3.4,Febrero,42591.0,alta
Tecnologia,646.74,288,,3.6,Julio,13526.74,alta
Tecnologia,948.13,297,1779.42,7.6,Abril,12988.16,alta
Alimentos,399.91,337,22.06,8.5,Octubre,9295.16,alta
Hogar,1586.4,166,4390.95,43.8,Diciembre,20396.7,alta
ROPA,,404,2347.32,2.7,Julio,186163.3559653102,alta
Hogar,1524.28,118,4141.1,22.5,Noviembre,24845.26,alta
Deportes,666.47,334,1534.26,45.4,Octubre,9141.03,alta
Alimentos,1211.74,383,3236.88,46.1,Abril,13137.22,alta
Tecnologia,160.47,26,2317.33,34.9,Enero,4200.31,media
Alimentos,99.64,463,2727.32,38.8,Julio,5549.22,alta
Alimentos,306.24,124,510.61,33.3,Diciembre,4841.75,media
Tecnologia,716.11,400,,46.8,Enero,20136.25,alta
Alimentos,303.74,282,914.43,19.3,Septiembre,8082.83,alta
Ropa,445.14,58,1287.58,2.5,Octubre,9685.16,alta
Deportes,1624.2,327,,25.9,Mayo,19131.29,alta
Alimentos,1746.41,155,,30.1,Junio,52274.3,alta
Tecnologia,964.09,490,1524.76,41.1,Octubre,14390.27,alta
Deportes,1498.46,452,2059.86,14.4,Octubre,15620.11,alta
Ropa,1834.99,37,4626.98,30.4,Enero,23176.99,alta
Hogar,,363,802.93,20.6,Mayo,5606.03,alta
Ropa,1863.54,307,3076.93,24.9,Septiembre,16082.16,alta
Tecnologia,1420.3,349,467.63,37.0,Febrero,24432.64,alta
Hogar,308.29,214,3472.56,26.7,Septiembre,5532.76,alta
Deportes,,48,4165.3,36.9,Julio,5644.39,alta
Ropa,701.82,11,4814.39,30.7,Abril,6655.19,alta
Tecnologia,597.93,418,3677.17,22.6,Febrero,10911.19,alta
Ropa,1840.82,260,4479.97,2.2,Mayo,54149.93,alta
Tecnologia,209.77,230,968.72,3.6,Noviembre,6791.09,alta
Alimentos,592.88,372,3200.38,44.4,Junio,6450.22,alta
Deportes,,409,3335.74,4.9,Agosto,23644.67,alta
Ropa,784.85,481,2036.84,37.5,Enero,13660.92,alta
Alimentos,514.49,415,,47.3,Febrero,17050.2,alta
Deportes,19.55,82,,6.9,Enero,2238.51,media
Tecnologia,906.17,117,1269.8,20.4,Diciembre,16780.95,alta
Hogar,687.93,433,4646.34,39.9,Julio,16038.21,alta
Alimentos,,70,1459.05,28.7,Mayo,34328.18,alta
Ropa,789.86,202,2531.39,20.8,Febrero,21432.42,alta
Tecnologia,243.8,165,1176.24,42.1,Enero,8595.02,alta
Alimentos,,13,1583.98,17.4,Octubre,12098.69,alta
Hogar,13.56,429,909.3,26.5,Marzo,1940.04,media
Alimentos,101.57,386,4123.33,47.8,Diciembre,4799.76,media
Ropa,,91,395.94,25.8,Abril,32482.79,alta
Tecnologia,957.27,444,1725.95,2.5,Enero,19772.07,alta
Hogar,1671.57,60,1727.37,44.2,Noviembre,6685.48,alta
Alimentos,1892.14,254,2962.41,24.3,Abril,215006.45628900392,alta
Tecnologia,976.79,206,3744.39,12.5,Mayo,11051.87,alta
Ropa,1457.11,76,,46.4,Mayo,33094.13,alta
Tecnologia,1337.49,125,2314.93,2.4,Febrero,23133.11,alta
Hogar,397.69,188,842.08,21.3,Marzo,6205.78,alta
Hogar,1654.75,351,1357.48,49.1,Noviembre,31295.95,alta
Hogar,500.95,131,3499.89,24.1,Enero,12492.15,alta
Hogar,1766.04,417,3710.01,17.2,Marzo,47749.32,alta
Ropa,229.49,41,3590.77,17.3,Enero,5702.11,alta
DEPORTES,889.61,228,4177.43,22.9,Febrero,24135.88,alta
Tecnologia,90.95,293,1054.09,48.5,Diciembre,1864.94,media
Alimentos,1985.75,39,2630.07,43.1,Octubre,13487.32,alta
Hogar,912.64,17,18.38,15.9,Agosto,191471.02606931975,media
Ropa,84.15,242,4254.47,10.2,Septiembre,4491.98,media
Alimentos,838.16,76,2657.91,29.7,Febrero,7167.14,alta
Hogar,,18,687.8,27.8,Mayo,24966.19,alta
Deportes,1163.58,322,3305.88,22.0,Septiembre,23292.54,alta
Ropa,1051.84,159,,9.7,Junio,27985.8,alta
Hogar,1782.54,285,273.02,29.8,Diciembre,14571.04,alta
Ropa,487.77,336,4814.74,49.4,Agosto,11709.16,alta
Alimentos,1009.52,116,1465.74,33.5,Enero,26508.9,alta
Tecnologia,1669.41,339,317.92,45.6,Febrero,46170.66,alta
Ropa,383.06,181,119.41,41.1,Octubre,3843.23,media
Ropa,1037.66,286,,21.7,Marzo,30405.91,alta
Alimentos,285.22,267,4438.4,19.5,Julio,9993.06,alta
Deportes,1167.27,318,2165.87,34.2,Noviembre,25231.4,alta
Deportes,770.25,135,879.97,2.1,Enero,9950.87,alta
Ropa,,74,118.12,29.2,Diciembre,20091.64,alta
Deportes,1350.55,78,266.61,0.7,Noviembre,36915.84,alta
Deportes,185.69,224,4693.12,9.2,Julio,8067.48,alta
Tecnologia,,155,1212.93,30.9,Abril,7406.01,alta
Tecnologia,229.73,255,1949.17,5.3,Julio,6164.94,alta
Alimentos,1813.04,286,204.7,33.3,Abril,24489.46,alta
Tecnologia,1697.7,427,4779.94,6.0,Junio,13159.55,alta
Hogar,,486,4286.62,44.1,Marzo,10250.72,alta
Deportes,1837.19,309,4253.46,42.5,Octubre,14771.5,alta
ALIMENTOS,759.14,149,4821.98,23.6,Noviembre,22304.24,alta
Tecnologia,1534.31,153,4849.13,24.4,Agosto,37396.1,alta
ROPA,489.27,487,2523.94,16.9,Noviembre,12672.59,alta
Ropa,1636.12,183,1660.13,30.2,Marzo,34128.04,alta
Tecnologia,484.94,289,933.82,48.2,Julio,9012.78,alta
Deportes,327.53,315,1766.69,36.3,Mayo,5894.78,alta
Ropa,384.56,325,4088.43,7.4,Mayo,15451.8,alta
Tecnologia,,208,3728.46,33.4,Julio,5415.94,alta
Hogar,127.57,189,4665.04,9.8,Septiembre,5110.98,alta
Alimentos,708.04,320,2901.12,19.3,Junio,18018.44,alta
Alimentos,683.04,249,1081.51,11.0,Octubre,9265.43,alta
Deportes,256.73,474,3965.9,47.4,Abril,11135.65,alta
Deportes,1125.52,329,314.73,15.4,Marzo,3036.83,media
deportes,946.57,357,3551.91,7.8,Julio,24939.3,alta
TECNOLOGIA,658.72,176,4556.87,45.6,Abril,15742.57,alta
Ropa,1885.55,236,1495.39,21.4,Octubre,28740.43,alta
Alimentos,808.62,121,1228.04,14.0,Junio,6354.3,alta
Tecnologia,342.99,270,4012.47,38.4,Noviembre,4701.16,media
Hogar,892.89,448,,31.5,Enero,27130.37,alta
Tecnologia,191.48,433,,37.5,Abril,2195.79,media
Tecnologia,1695.19,176,1955.88,28.7,Septiembre,42363.49,alta
Deportes,924.1,68,3603.23,18.9,Diciembre,14817.74,alta
Hogar,1407.26,284,4204.16,38.2,Agosto,35273.16,alta
Alimentos,651.11,295,2698.33,23.6,Abril,7043.67,alta
Deportes,520.27,122,2153.47,28.9,Enero,12210.68,alta
Tecnologia,1099.66,203,2440.69,23.3,Noviembre,22616.96,alta
Deportes,12.99,249,,47.8,Febrero,533.39,baja
Ropa,1369.92,433,1548.93,33.2,Mayo,13807.54,alta
Tecnologia,340.86,438,,17.3,Febrero,7919.4,alta
Alimentos,460.07,209,4107.59,30.1,Febrero,13794.1,alta
Tecnologia,500.64,452,1551.5,16.2,Febrero,4380.22,media
Deportes,1740.18,261,4478.35,15.9,Enero,14136.09,alta
Alimentos,1305.41,5,1430.45,44.5,Octubre,29986.38,alta
hogar,515.23,260,2349.23,26.0,Diciembre,11525.09,alta
Alimentos,1910.33,11,1755.33,14.6,Agosto,27173.9,alta
Alimentos,516.89,332,3279.48,35.7,Febrero,10378.61,alta
Tecnologia,457.19,385,1570.55,33.0,Noviembre,3002.37,media
Ropa,1608.18,240,756.67,14.1,Agosto,11328.01,alta
Ropa,1696.75,227,1450.5,42.5,Diciembre,23370.03,alta
ROPA,488.07,10,918.72,48.1,Octubre,2855.28,media
Alimentos,,420,2961.98,22.9,Marzo,10366.2,alta
Hogar,,425,670.97,38.7,Junio,11335.08,alta
Hogar,1233.68,55,2961.56,39.0,Julio,220176.6333768731,alta
Deportes,1893.61,407,1383.34,29.1,Enero,215267.28099657068,alta
Hogar,363.62,300,695.49,20.4,Noviembre,3104.12,media
Tecnologia,1057.32,368,2466.47,19.4,Julio,10145.42,alta
Tecnologia,1836.61,5,4096.86,36.1,Agosto,49047.62,alta
Deportes,1287.51,113,1752.13,28.3,Noviembre,26279.8,alta
Hogar,1715.45,208,2341.32,38.0,Febrero,16713.81,alta
Tecnologia,1433.52,182,659.59,37.2,Agosto,4958.69,media
Tecnologia,214.07,325,3615.35,42.9,Noviembre,3697.28,media
Deportes,943.82,407,2015.56,37.2,Mayo,7824.09,alta
Alimentos,1053.34,402,769.79,9.8,Julio,22348.55,alta
Tecnologia,1443.83,40,1896.69,38.6,Febrero,19743.16,alta
Hogar,1863.08,303,3595.96,29.1,Febrero,49558.35,alta
Tecnologia,834.37,84,895.33,47.1,Noviembre,18259.42,alta
ROPA,1027.92,228,1968.91,35.5,Abril,32107.13,alta
DEPORTES,1240.71,262,285.39,18.7,Junio,23728.47,alta
Alimentos,114.54,447,2452.53,37.9,Abril,2880.76,media
Ropa,,335,3.18,32.9,Agosto,13970.03,alta
Alimentos,1262.8,270,2976.04,21.0,Agosto,24571.59,alta
Ropa,1234.89,236,2818.33,12.1,Enero,8281.41,alta
Ropa,1728.05,270,1775.99,20.8,Mayo,19019.73,alta
Hogar,1225.25,360,2715.47,10.1,Marzo,13758.94,alta
Alimentos,1267.68,464,3072.04,12.9,Abril,27983.6,alta
Alimentos,1128.68,345,4704.58,4.8,Junio,26214.74,alta
HOGAR,108.94,355,1985.57,14.3,Septiembre,4312.32,media
Deportes,572.65,298,2641.73,19.3,Septiembre,18076.41,alta
Alimentos,250.71,144,3545.84,5.2,Junio,5209.6,alta
Tecnologia,353.26,127,3254.03,44.7,Mayo,7204.96,alta
Deportes,1317.84,272,3.85,35.1,Abril,12170.36,alta
Ropa,904.25,275,311.19,13.3,Febrero,11682.63,alta
Hogar,1237.78,402,1855.37,16.3,Julio,38337.48,alta
Hogar,1411.32,187,1138.47,13.4,Febrero,13693.73,alta
Tecnologia,233.2,292,413.45,38.4,Octubre,2591.83,media
Deportes,1458.92,301,3275.61,5.8,Noviembre,18303.95,alta
Alimentos,624.0,225,2594.25,6.1,Enero,18471.92,alta
Ropa,102.05,312,1367.23,35.6,Junio,3745.46,media
Tecnologia,1137.68,231,2731.34,21.0,Mayo,5594.68,alta
Tecnologia,919.83,382,,49.2,Noviembre,12718.41,alta
Alimentos,1120.67,469,4419.5,20.9,Octubre,10861.49,alta
Tecnologia,1193.22,441,770.45,20.3,Mayo,9254.71,alta
Tecnologia,241.59,153,,41.7,Marzo,8883.25,alta
Ropa,823.35,473,1184.96,22.7,Junio,21025.12,alta
Hogar,,167,2310.39,15.9,Julio,25026.08,alta
Alimentos,95.14,80,4183.88,20.5,Junio,5258.27,alta
Alimentos,1894.05,248,250.58,44.4,Octubre,19715.61,alta
Hogar,1068.55,46,211.71,47.4,Julio,8047.01,alta
Deportes,734.22,98,244.88,34.5,Mayo,19362.86,alta
Ropa,1027.52,382,300.42,8.1,Julio,31379.76,alta
Ropa,,178,4184.96,21.6,Abril,196542.71294424662,alta
Tecnologia,701.98,499,170.32,29.7,Mayo,168389.5732889534,alta
Tecnologia,1998.71,193,1661.03,47.3,Agosto,45037.02,alta
Deportes,1235.67,76,4181.13,12.1,Febrero,37265.6,alta
ALIMENTOS,1364.29,390,3117.31,44.4,Diciembre,29471.19,alta
Tecnologia,232.03,224,189.65,11.5,Marzo,4002.77,media
Hogar,11.23,242,506.86,49.6,Abril,279.52,baja
Alimentos,584.86,470,3777.14,28.6,Junio,15698.79,alta
Ropa,1097.48,326,4823.13,22.7,Abril,27202.24,alta
Ropa,1638.09,120,907.47,39.5,Diciembre,27633.64,alta
Tecnologia,1750.88,35,3934.05,33.4,Febrero,19539.67,alta
Alimentos,159.3,181,3020.32,22.0,Febrero,6314.13,alta
Tecnologia,176.56,41,2186.39,47.3,Junio,2786.96,media
Alimentos,1513.81,473,1844.43,20.6,Septiembre,6418.91,alta
Tecnologia,618.24,223,4536.86,33.1,Junio,9504.44,alta
Tecnologia,526.58,336,4106.16,3.3,Marzo,5519.85,alta
Alimentos,1277.11,458,549.35,32.7,Octubre,18101.07,alta
Alimentos,1938.36,423,812.35,23.0,Agosto,38158.88,alta
Hogar,1751.18,177,1495.3,37.2,Mayo,44168.02,alta
Hogar,1661.84,310,2370.35,24.6,Mayo,28004.61,alta
Ropa,1108.83,46,3675.17,20.3,Abril,24456.83,alta
Ropa,,106,2598.58,38.6,Junio,26292.05,alta
Deportes,1505.14,315,4659.15,30.8,Septiembre,13132.07,alta
Tecnologia,1155.12,339,2326.58,26.2,Mayo,20117.09,alta
Hogar,1163.62,76,3078.58,24.9,Junio,8357.64,alta
Deportes,1442.35,102,1924.76,32.6,Mayo,37697.0,alta
Alimentos,1976.25,70,877.29,35.4,Marzo,53794.39,alta
Deportes,1100.05,496,1030.95,48.1,Abril,11508.86,alta
ropa,81.45,108,2897.43,16.1,Septiembre,4839.11,media
Tecnologia,900.64,235,1236.66,36.2,Agosto,4628.82,media
Deportes,1296.18,181,3495.41,16.4,Septiembre,40287.7,alta
Hogar,831.32,261,4874.45,19.6,Octubre,11595.28,alta
Alimentos,,212,904.5,12.1,Enero,35943.91,alta
Ropa,450.94,363,4728.92,10.9,Julio,16548.56,alta
Hogar,326.92,304,3261.68,24.4,Marzo,6979.65,alta
Alimentos,960.43,36,2355.42,3.9,Diciembre,26088.69,alta
Deportes,229.79,455,955.62,48.6,Mayo,5081.63,alta
Deportes,1575.05,422,1227.97,38.0,Marzo,40907.7,alta
Alimentos,521.27,404,906.58,16.3,Mayo,7416.73,alta
Tecnologia,44.82,345,3062.53,9.0,Marzo,4025.06,media
Ropa,307.1,408,4761.01,17.5,Diciembre,13114.39,alta
Ropa,1627.47,431,1812.67,26.9,Noviembre,15675.45,alta
Alimentos,1134.36,388,4094.51,27.0,Mayo,23067.3,alta
Deportes,294.29,119,113.9,13.0,Marzo,3884.32,media
Hogar,1170.61,258,1532.66,33.9,Agosto,15773.58,alta
Ropa,1352.58,484,380.93,45.8,Abril,34418.72,alta
Alimentos,1194.14,413,740.76,3.0,Febrero,20925.11,alta
Tecnologia,1793.18,27,,40.0,Septiembre,23777.15,alta
Hogar,345.91,64,1973.13,34.1,Abril,2904.69,media
Deportes,140.97,320,1560.32,8.7,Marzo,3217.85,media
Alimentos,1831.36,299,114.03,14.9,Enero,29965.61,alta
Deportes,867.88,334,201.37,19.3,Marzo,4227.57,media
Ropa,392.65,250,7.66,11.9,Mayo,3413.14,media
Alimentos,840.82,402,4202.05,39.6,Enero,16181.67,alta
Ropa,1268.52,304,4117.66,22.4,Diciembre,29868.11,alta
Tecnologia,499.79,482,1637.77,27.0,Agosto,9025.02,alta
Tecnologia,,190,3073.77,18.9,Octubre,59131.35,alta
Deportes,1887.25,317,1333.77,7.2,Noviembre,43183.05,alta
Hogar,1778.93,404,4175.19,20.0,Julio,16446.05,alta
Deportes,376.43,20,601.37,33.3,Agosto,8868.49,alta
Hogar,484.35,99,2049.13,46.3,Julio,11645.67,alta
Alimentos,1011.01,263,3740.4,42.2,Octubre,27292.26,alta
hogar,1274.42,311,2767.35,27.0,Abril,12675.47,alta
Tecnologia,1425.22,339,3421.32,2.9,Julio,15929.99,alta
Hogar,1456.24,32,3309.8,39.2,Octubre,32485.61,alta
Deportes,,483,4426.31,27.1,Noviembre,9751.26,alta
Tecnologia,,124,2478.74,31.5,Octubre,26197.76,alta
Ropa,53.55,477,862.97,8.7,Junio,3161.79,media
Hogar,1497.54,139,330.25,41.9,Septiembre,128280.63179423679,alta
Ropa,1942.06,409,4945.67,3.8,Febrero,18933.61,alta
Tecnologia,428.68,312,3699.57,8.3,Diciembre,11633.49,alta
Alimentos,1911.39,445,,5.2,Enero,47566.46,alta
Tecnologia,452.3,340,2516.0,30.3,Febrero,4961.57,media
Tecnologia,1411.55,471,4663.42,11.8,Agosto,15079.35,alta
Alimentos,838.61,216,3258.35,40.8,Abril,18761.37,alta
Alimentos,55.74,112,2833.36,47.8,Marzo,3612.54,media
Alimentos,281.99,482,1329.16,44.1,Septiembre,7175.99,alta
Tecnologia,1947.46,409,1509.61,4.4,Diciembre,9430.83,alta
Deportes,826.66,223,4891.41,15.6,Enero,17255.69,alta
Deportes,374.62,439,3188.58,44.1,Agosto,8580.43,alta
Alimentos,296.61,209,845.06,5.3,Enero,9092.58,alta
Hogar,1478.0,46,2315.94,1.3,Marzo,6116.4,alta
Tecnologia,635.28,477,365.86,40.2,Enero,18168.99,alta
Tecnologia,1434.99,18,454.97,38.2,Mayo,3797.68,media
Hogar,,83,3974.57,32.0,Mayo,33998.3,alta
Ropa,684.03,200,2245.2,6.0,Julio,6591.6,alta
Alimentos,551.95,99,258.02,36.3,Febrero,11403.93,alta
Tecnologia,1677.83,456,2027.55,33.2,Julio,19472.27,alta
Alimentos,819.86,150,879.97,37.9,Mayo,6879.66,alta
Hogar,1502.35,150,3372.36,5.2,Agosto,190527.57402708082,alta
Tecnologia,997.53,79,2364.32,45.0,Abril,21325.41,alta
Alimentos,1566.45,459,,6.4,Marzo,48291.63,alta
Alimentos,445.77,342,613.72,38.5,Julio,1894.17,media
Deportes,940.3,415,1348.59,13.3,Julio,11527.77,alta
Tecnologia,1605.21,381,3697.65,21.4,Enero,38671.24,alta
Deportes,371.24,360,4690.18,16.3,Junio,14903.65,alta
Deportes,32.22,34,989.66,38.9,Abril,1223.69,baja
Hogar,,242,2092.55,28.2,Agosto,21877.66,alta
Alimentos,1697.65,340,2993.38,36.5,Abril,36210.37,alta
Hogar,1471.02,232,475.57,9.3,Julio,36440.93,alta
Tecnologia,1890.49,495,4245.87,18.5,Diciembre,36486.34,alta
Ropa,1758.25,267,3454.01,45.0,Junio,49662.72,alta
Hogar,1618.03,259,1935.68,10.5,Enero,36100.97,alta
Ropa,1621.01,219,3762.57,30.8,Julio,35361.94,alta
Alimentos,915.02,472,1831.25,0.7,Agosto,22720.53,alta
Hogar,425.13,285,174.21,5.4,Enero,3832.61,media
Ropa,1700.57,249,4138.88,46.2,Diciembre,10815.57,alta
Hogar,379.0,409,2991.51,2.0,Noviembre,11793.57,alta
Tecnologia,1580.43,493,1162.27,14.8,Octubre,24177.97,alta
Alimentos,1156.43,294,,10.6,Julio,185142.75469431063,alta
Deportes,,455,1330.24,5.9,Enero,6358.59,alta
Alimentos,883.42,98,,5.5,Mayo,15774.02,alta
Hogar,476.89,460,4052.52,36.0,Agosto,17757.66,alta
Alimentos,655.3,107,2150.5,29.4,Abril,5440.01,alta
Deportes,1653.55,259,416.97,39.4,Noviembre,194613.64939195686,alta
Ropa,459.03,484,4025.94,33.3,Julio,10153.43,alta
Ropa,1828.94,345,4888.55,36.8,Enero,55172.16,alta
Hogar,78.97,487,2946.63,20.3,Junio,3181.49,media
Hogar,1660.91,411,860.6,31.5,Enero,15515.87,alta
Alimentos,1110.77,94,3592.7,4.2,Noviembre,16485.35,alta
Tecnologia,248.51,6,459.87,10.1,Agosto,4259.19,media
Alimentos,1442.88,56,1587.94,46.2,Octubre,16738.79,alta
Ropa,1700.42,197,3337.28,11.0,Febrero,31675.62,alta
Alimentos,283.3,226,,8.3,Septiembre,7988.7,alta
Tecnologia,72.12,180,2167.59,48.5,Mayo,2622.46,media
Alimentos,1033.06,373,415.18,2.5,Julio,29311.37,alta
Ropa,1807.57,407,4365.23,15.7,Mayo,44084.88,alta
Tecnologia,98.7,424,2924.01,37.7,Agosto,5634.78,alta
Deportes,1382.81,340,424.84,22.4,Septiembre,5674.59,alta
Ropa,81.72,191,4359.52,36.2,Noviembre,5648.13,alta
Ropa,161.77,305,1847.57,16.4,Mayo,6826.97,alta
Hogar,90.94,395,2803.34,38.7,Mayo,2947.01,media
Ropa,1496.87,226,1015.64,34.2,Mayo,38159.45,alta
Hogar,109.11,340,1955.5,7.6,Enero,3386.75,media
Ropa,1504.92,452,4459.43,3.3,Agosto,32524.16,alta
Deportes,226.12,139,2074.29,26.1,Mayo,2769.57,media
Alimentos,1306.18,370,4629.42,30.3,Noviembre,15181.62,alta
Alimentos,933.38,486,178.09,17.6,Febrero,24932.23,alta
Alimentos,255.17,234,,19.1,Septiembre,6010.39,alta
Tecnologia,49.39,55,3743.46,36.1,Febrero,3278.43,media
Deportes,1256.6,342,4094.3,49.0,Mayo,14720.34,alta
Alimentos,1141.23,121,3912.42,49.9,Diciembre,5605.31,alta
Alimentos,639.13,379,335.15,18.1,Junio,9661.11,alta
Alimentos,151.52,490,2392.86,12.5,Noviembre,6418.2,alta
Ropa,1664.53,245,3119.0,3.0,Enero,32769.18,alta
Tecnologia,1470.22,17,1780.14,42.2,Febrero,44162.12,alta
Deportes,,342,4281.71,6.7,Agosto,203496.67704878285,alta
Alimentos,1052.5,278,2587.4,49.9,Mayo,4609.77,media
Hogar,1469.82,368,989.03,14.0,Diciembre,44059.7,alta
Alimentos,1270.75,238,3738.19,16.2,Abril,12246.61,alta
Hogar,518.82,95,4578.47,45.4,Marzo,170769.71127253884,alta
Tecnologia,1066.16,193,761.31,42.3,Octubre,16988.41,alta
Alimentos,291.3,436,2297.16,45.5,Octubre,7793.09,alta
Ropa,330.84,314,1928.48,23.4,Julio,7548.16,alta
Ropa,437.17,178,418.0,16.4,Mayo,4790.11,media
Deportes,1285.1,204,1309.52,32.6,Mayo,9606.32,alta
ROPA,585.86,407,311.82,14.6,Septiembre,5436.37,alta
Hogar,928.43,340,1515.72,47.7,Agosto,18404.95,alta
Ropa,181.44,255,216.64,47.2,Enero,1288.79,baja
Ropa,,49,677.45,23.6,Septiembre,49182.1,alta
Deportes,741.24,126,4042.8,22.2,Diciembre,171526.09381926703,alta
Tecnologia,1291.82,210,3883.52,27.0,Agosto,6072.28,alta
Ropa,1806.88,399,4649.75,24.5,Septiembre,19828.45,alta
Ropa,1406.56,71,1639.53,6.8,Octubre,36499.06,alta
Deportes,,397,1978.01,30.3,Enero,4421.91,media
Alimentos,502.33,434,3932.84,26.7,Octubre,9660.34,alta
Hogar,186.49,78,,21.6,Marzo,3576.01,media
Hogar,1522.59,142,,31.9,Marzo,15413.67,alta
Alimentos,1826.54,7,441.94,0.9,Abril,36308.62,alta
Hogar,691.61,223,2963.02,0.0,Enero,13312.8,alta
Hogar,121.66,310,1244.48,31.9,Agosto,1767.51,media
Alimentos,221.63,36,4915.06,14.8,Julio,8415.93,alta
Deportes,71.15,100,4853.74,38.6,Abril,4581.55,media
Ropa,75.01,270,3227.34,5.4,Agosto,4586.68,media
Tecnologia,61.96,440,3927.78,11.5,Enero,4813.93,media
Alimentos,877.31,74,59.75,30.0,Octubre,24219.21,alta
Tecnologia,647.3,210,1281.01,19.5,Enero,4773.49,media
Tecnologia,633.2,280,4893.88,0.3,Abril,11558.97,alta
Tecnologia,223.95,447,3352.0,38.3,Julio,4491.77,media
Deportes,247.92,343,1242.81,28.1,Febrero,8845.38,alta
Tecnologia,1263.99,14,3383.11,43.3,Marzo,19619.57,alta
Hogar,1754.82,380,1761.22,5.5,Febrero,45354.69,alta
Hogar,308.29,214,3472.56,26.7,Septiembre,5532.76,alta
Deportes,281.19,233,2177.25,20.8,Septiembre,2601.18,media
Alimentos,533.68,325,4423.28,40.6,Octubre,10411.5,alta
Alimentos,1607.11,50,672.77,5.0,Enero,46546.51,alta
Alimentos,988.94,83,,9.2,Octubre,31505.0,alta
Tecnologia,1281.14,384,3110.38,36.1,Abril,30490.54,alta
Ropa,1320.29,424,784.05,9.2,Agosto,10410.82,alta
Ropa,1988.07,98,4714.04,18.5,Abril,13088.02,alta
Hogar,1618.72,421,3636.97,48.7,Abril,44381.91,alta
Hogar,287.86,58,1411.94,17.6,Diciembre,3348.65,media
Alimentos,538.12,219,169.88,3.5,Enero,13607.28,alta
Ropa,188.89,382,336.95,11.7,Mayo,1263.67,baja
Tecnologia,1257.78,432,820.02,43.7,Noviembre,38523.79,alta
Alimentos,1323.75,186,139.7,40.2,Mayo,36859.97,alta
Deportes,1311.89,156,4198.84,6.9,Marzo,29389.83,alta
Alimentos,589.02,253,875.11,1.2,Julio,4080.57,media
Alimentos,1734.64,298,4992.06,41.0,Diciembre,51346.22,alta
Alimentos,324.89,498,1320.88,44.6,Enero,3336.43,media
Deportes,1672.24,413,2749.17,40.8,Agosto,32808.8,alta
Deportes,216.33,122,335.3,30.6,Agosto,3064.44,media
Tecnologia,391.62,351,2629.12,40.2,Noviembre,9137.6,alta
Ropa,717.5,489,,21.1,Marzo,22067.51,alta
Ropa,1623.43,143,3976.63,9.8,Enero,27144.85,alta
Hogar,1127.48,187,149.62,7.8,Agosto,31636.13,alta
Ropa,,374,861.54,20.4,Octubre,5200.14,alta
hogar,1857.67,374,2195.04,11.7,Enero,38063.83,alta
Hogar,,485,4273.59,10.4,Noviembre,9836.01,alta
Alimentos,793.2,350,793.1,13.0,Febrero,7207.8,alta
Hogar,1453.17,485,2886.85,37.2,Marzo,33166.64,alta
deportes,1298.29,113,3501.63,10.8,Diciembre,35734.19,alta
Deportes,1162.19,150,808.82,11.1,Marzo,9880.55,alta
Deportes,1235.54,68,3420.3,38.4,Junio,15885.32,alta
Deportes,195.51,196,,11.5,Marzo,6668.16,alta
Tecnologia,1285.94,309,2703.69,37.9,Enero,7465.19,alta
ROPA,345.66,479,3257.69,49.8,Julio,8705.87,alta
Ropa,1125.37,293,3684.45,46.0,Agosto,32626.98,alta
Ropa,1029.31,227,2108.83,20.8,Septiembre,32379.63,alta
Deportes,86.72,311,2500.78,19.4,Enero,3071.65,media
Alimentos,195.19,337,2728.91,41.8,Octubre,5281.8,alta
Deportes,1211.26,495,4683.96,40.5,Octubre,37229.62,alta
Alimentos,1245.84,11,724.47,21.5,Julio,7186.74,alta
Hogar,321.29,69,1476.29,7.3,Noviembre,2314.2,media
Tecnologia,851.07,58,569.7,47.5,Febrero,13806.47,alta
Ropa,236.09,44,4089.07,13.8,Junio,5234.05,alta
Tecnologia,149.93,16,938.08,40.6,Mayo,3913.2,media
TECNOLOGIA,1803.68,190,4682.62,12.6,Julio,22571.59,alta
Ropa,1724.47,439,3385.08,48.6,Febrero,12066.14,alta
Deportes,421.71,250,4191.18,38.5,Junio,15778.79,alta
Hogar,544.03,369,,41.6,Junio,10224.58,alta
Ropa,825.56,337,4120.82,6.6,Septiembre,17378.02,alta
Tecnologia,705.82,294,2118.18,44.4,Septiembre,22390.06,alta
Ropa,860.21,67,4079.87,46.6,Febrero,18974.89,alta
Alimentos,1116.66,176,3716.73,19.2,Febrero,26643.12,alta
Tecnologia,1947.64,476,2818.44,35.6,Septiembre,13108.07,alta
Alimentos,,193,,6.1,Noviembre,6074.33,alta
Alimentos,969.7,361,3964.56,49.9,Marzo,11881.96,alta
Hogar,,33,3012.34,21.9,Marzo,37919.59,alta
Deportes,722.89,44,4153.07,41.5,Mayo,9414.43,alta
Hogar,,159,538.67,18.3,Noviembre,14345.67,alta
Hogar,433.41,60,,47.7,Marzo,137868.58098434904,alta
Tecnologia,212.3,55,28.4,4.8,Noviembre,817.9,baja
Ropa,570.22,276,2101.78,7.2,Mayo,11894.62,alta
Alimentos,478.5,107,345.87,40.0,Abril,193268.59962120018,alta
Alimentos,1559.72,129,717.06,21.3,Julio,11375.92,alta
Ropa,,326,1176.58,2.9,Junio,13301.46,alta
Deportes,,76,345.41,47.6,Mayo,12365.21,alta
Ropa,1929.19,468,1347.89,14.2,Marzo,50918.47,alta
Tecnologia,182.32,484,3327.33,8.8,Abril,6361.57,alta
Hogar,1938.87,403,492.39,12.7,Mayo,33864.03,alta
Deportes,476.32,318,,14.2,Octubre,12113.06,alta
Ropa,692.73,215,2232.49,14.5,Abril,6651.73,alta
Alimentos,139.35,306,4586.54,41.8,Noviembre,6778.4,alta
Deportes,1224.15,166,549.75,41.7,Marzo,36899.74,alta
Hogar,22.93,64,4930.03,7.7,Diciembre,4117.66,media
Hogar,1007.48,183,4716.66,22.4,Febrero,19242.12,alta
Tecnologia,1045.05,158,757.4,49.8,Julio,2839.16,media
Tecnologia,1513.79,350,2373.46,26.9,Febrero,35522.34,alta
tecnologia,315.24,370,,22.5,Junio,7941.08,alta
Deportes,1650.75,351,,14.2,Julio,29979.76,alta
Tecnologia,1342.9,318,2863.95,11.5,Mayo,20131.97,alta
Tecnologia,1772.83,90,2682.98,44.2,Septiembre,51006.36,alta
Alimentos,1724.48,320,2387.54,2.8,Julio,44332.17,alta
Ropa,236.11,15,4253.44,34.3,Febrero,5329.52,alta
Ropa,1269.56,249,3126.05,21.4,Octubre,38314.22,alta
Hogar,,274,614.29,40.1,Abril,2432.18,media
Deportes,1465.53,396,2614.76,15.4,Junio,34094.13,alta
Tecnologia,998.23,458,4855.04,37.2,Julio,10227.5,alta
ropa,1846.74,397,,2.1,Noviembre,26282.73,alta
Hogar,948.54,74,1371.29,18.5,Septiembre,11821.02,alta
Hogar,613.66,143,185.57,23.0,Enero,5176.56,alta
Deportes,501.15,440,2708.62,24.2,Septiembre,13050.76,alta
Deportes,1976.46,347,2618.06,29.9,Junio,50148.39,alta
Hogar,,450,4826.47,2.1,Agosto,49008.28,alta
deportes,238.8,339,3471.79,44.3,Marzo,8493.41,alta
Tecnologia,,135,3435.7,20.2,Abril,52181.95,alta
Tecnologia,115.36,50,2443.61,6.2,Diciembre,4772.43,media
Deportes,439.36,437,3142.66,0.6,Abril,7588.61,alta
Hogar,1564.89,387,,49.7,Abril,17411.85,alta
Deportes,1285.33,93,716.24,27.5,Abril,19915.05,alta
Alimentos,436.56,252,724.14,38.3,Diciembre,12399.52,alta
Hogar,694.3,269,4614.03,26.4,Septiembre,6382.85,alta
Deportes,998.83,111,2874.71,22.5,Diciembre,23076.8,alta
Tecnologia,698.91,26,1704.54,31.1,Febrero,3888.73,media
Deportes,150.37,41,1700.72,32.1,Mayo,3510.69,media
Ropa,534.19,420,4184.65,49.3,Marzo,17534.0,alta
Ropa,243.73,484,305.83,19.4,Noviembre,8066.15,alta
Alimentos,1304.71,220,254.82,39.3,Febrero,37948.96,alta
Deportes,752.44,368,2209.08,30.7,Marzo,20664.6,alta
Ropa,1164.01,465,1623.96,4.6,Agosto,26511.95,alta
Ropa,497.12,133,4592.41,8.3,Febrero,10055.68,alta
Deportes,,100,3031.75,44.9,Septiembre,12811.99,alta
Tecnologia,1538.35,375,3770.14,31.7,Diciembre,25974.38,alta
Alimentos,1940.52,141,4800.25,19.4,Diciembre,12744.92,alta
Ropa,1578.83,156,,29.2,Enero,45349.28,alta
Tecnologia,528.35,498,4708.86,49.9,Febrero,16538.36,alta
Ropa,1132.12,489,1173.37,15.6,Marzo,11162.39,alta
Tecnologia,161.7,491,4352.57,15.2,Febrero,5015.47,alta
Deportes,257.68,113,547.85,44.8,Septiembre,4759.12,media
DEPORTES,778.5,222,2266.69,13.6,Febrero,6380.25,alta
Deportes,1507.98,300,3734.8,27.9,Febrero,28983.24,alta
Tecnologia,992.58,384,4683.65,4.9,Junio,21936.76,alta
Deportes,1666.41,439,,48.3,Diciembre,6135.04,alta
Ropa,1115.78,413,1238.92,3.3,Diciembre,10201.56,alta
Hogar,1738.58,170,3096.79,6.4,Febrero,52492.06,alta
Ropa,1889.92,9,3715.83,5.6,Julio,46959.57,alta
Ropa,61.42,232,914.35,29.3,Julio,1312.36,baja
Ropa,76.81,262,2958.87,44.0,Agosto,4102.64,media
Alimentos,510.94,491,4643.65,45.9,Marzo,6415.44,alta
Alimentos,649.45,354,1551.47,41.7,Julio,17217.52,alta
Ropa,1309.91,309,116.33,22.2,Noviembre,3850.61,media
Hogar,1857.21,440,4949.37,41.2,Octubre,32217.21,alta
Hogar,1052.19,335,4868.37,46.3,Julio,12684.09,alta
Ropa,683.12,485,1163.97,15.7,Enero,16623.61,alta
Hogar,1882.89,211,3092.19,3.7,Enero,12119.22,alta
Hogar,1015.52,154,4555.8,39.5,Enero,9888.05,alta
Hogar,,137,2465.75,16.9,Septiembre,24515.38,alta
Deportes,1168.25,255,2879.96,30.4,Marzo,19324.36,alta
Hogar,1455.71,108,3865.51,27.8,Enero,42788.94,alta
Alimentos,1626.4,361,4877.61,32.3,Enero,34252.26,alta
Hogar,818.39,303,3341.06,5.4,Julio,18437.51,alta
Deportes,275.06,288,49.6,2.2,Abril,3311.91,media
Deportes,1275.04,174,697.24,42.3,Febrero,7685.23,alta
Tecnologia,1185.29,224,3604.04,17.3,Julio,19703.96,alta
Hogar,1109.48,261,2257.3,40.4,Febrero,26238.24,alta
Tecnologia,948.27,8,4832.85,35.8,Agosto,18186.13,alta
Deportes,1710.47,232,,6.2,Agosto,23205.31,alta
Alimentos,1045.48,191,4620.08,16.3,Septiembre,7382.94,alta
ROPA,978.46,241,4735.71,24.7,Diciembre,30860.65,alta
Deportes,992.33,63,1216.31,18.5,Abril,12445.8,alta
Deportes,377.23,378,2325.85,32.3,Agosto,10785.28,alta
Deportes,379.51,431,616.41,41.6,Febrero,2430.25,media
Alimentos,937.85,481,3882.54,25.4,Abril,18250.91,alta
Tecnologia,1613.58,354,660.85,0.7,Febrero,16489.55,alta
Deportes,1413.7,351,2246.45,14.7,Noviembre,21525.32,alta
Tecnologia,1753.15,303,1703.89,36.7,Febrero,17913.32,alta
Ropa,501.79,184,2999.06,13.4,Febrero,17305.14,alta
Ropa,1157.61,345,4622.31,47.2,Mayo,23377.39,alta
Deportes,225.25,357,,4.1,Julio,8615.03,alta
Hogar,1535.16,409,4768.12,3.0,Junio,16301.01,alta
Tecnologia,,235,605.77,21.2,Febrero,6827.8,alta
Deportes,746.13,295,831.33,6.1,Diciembre,21222.98,alta
Tecnologia,1475.71,56,4496.48,13.4,Mayo,35262.81,alta
Hogar,1562.62,440,1828.63,19.5,Mayo,20422.86,alta
Tecnologia,1664.29,391,1683.96,25.6,Enero,45385.9,alta
Hogar,509.36,180,1466.13,33.5,Septiembre,6905.41,alta
Hogar,,475,2877.58,20.2,Septiembre,12463.26,alta
Hogar,908.48,27,3101.43,34.3,Octubre,14074.98,alta
Alimentos,1714.5,253,2240.76,2.9,Enero,18173.08,alta
Hogar,881.02,59,2336.58,27.5,Octubre,18079.43,alta
Hogar,1662.28,63,343.75,49.9,Noviembre,34115.94,alta
Hogar,43.1,431,2422.74,49.8,Enero,2892.89,media
Tecnologia,533.98,394,2401.89,9.4,Octubre,17890.69,alta
Ropa,402.86,467,1437.42,23.3,Diciembre,9143.06,alta
Ropa,1441.77,171,1919.72,0.3,Mayo,44882.23,alta
Tecnologia,431.4,23,3535.63,45.0,Junio,3039.96,media
Hogar,860.44,195,4850.98,25.9,Enero,12124.69,alta
Hogar,1700.09,219,1864.9,44.1,Octubre,43252.67,alta
Hogar,1034.67,86,3103.11,40.5,Abril,9336.11,alta
Hogar,656.66,56,2550.4,46.3,Enero,13919.43,alta
Alimentos,,219,147.54,26.4,Marzo,25376.69,alta
Tecnologia,121.7,493,903.93,0.6,Agosto,4179.62,media
Tecnologia,1046.12,136,3470.81,2.2,Noviembre,31161.28,alta
Ropa,205.31,130,3233.66,5.0,Octubre,5629.71,alta
Deportes,501.0,441,3101.81,42.7,Mayo,10386.92,alta
Deportes,533.53,218,2329.77,35.5,Junio,12621.2,alta
Alimentos,1175.07,91,722.16,22.3,Octubre,32815.96,alta
Alimentos,1189.42,230,3188.92,18.2,Julio,5071.85,alta
Hogar,502.67,26,2384.06,33.3,Marzo,8023.71,alta
Alimentos,398.24,223,547.37,17.9,Noviembre,9046.04,alta
Ropa,1062.0,364,4179.2,49.4,Noviembre,33964.7,alta
Deportes,1002.21,248,2609.57,5.7,Julio,7960.57,alta
Ropa,988.78,362,2351.71,2.2,Mayo,21123.48,alta
TECNOLOGIA,1580.48,416,,25.3,Febrero,21267.26,alta
Hogar,774.99,32,,39.1,Mayo,18753.68,alta
Ropa,253.3,339,964.69,12.2,Junio,4852.26,media
Tecnologia,161.13,359,4994.29,33.5,Abril,5703.25,alta
Ropa,1219.95,338,2097.37,45.2,Septiembre,32166.09,alta
Ropa,1767.22,427,3027.12,21.2,Septiembre,38255.41,alta
Alimentos,1357.4,132,4328.75,40.8,Abril,13056.16,alta
Tecnologia,1108.09,243,1673.01,49.4,Febrero,23691.05,alta
Tecnologia,1083.08,303,3833.92,29.9,Febrero,26702.43,alta
Deportes,1345.48,472,254.79,26.5,Junio,3585.23,media
Hogar,1288.21,21,1945.51,2.6,Agosto,39395.25,alta
Tecnologia,1931.84,421,2984.71,37.8,Octubre,31491.37,alta
Alimentos,1049.95,295,2464.02,42.5,Diciembre,33325.14,alta
Tecnologia,1566.95,17,2759.53,4.9,Agosto,33038.39,alta
Hogar,1514.45,187,,15.9,Septiembre,44512.01,alta
Hogar,669.05,479,3489.63,20.9,Septiembre,17206.8,alta
Ropa,256.4,334,150.87,5.2,Diciembre,5902.39,alta
Hogar,118.42,421,277.64,7.7,Enero,1698.13,media
Tecnologia,22.6,139,1152.57,33.8,Octubre,1761.01,media
Hogar,1152.42,43,2028.79,49.7,Julio,8289.4,alta
Ropa,943.72,225,1443.91,24.2,Febrero,27852.92,alta
Hogar,1485.69,147,435.32,33.5,Agosto,13212.42,alta
Hogar,634.67,68,3792.02,1.0,Enero,15850.6,alta
Deportes,44.26,444,1998.4,0.0,Noviembre,3063.78,media
Deportes,792.08,387,1751.4,20.7,Junio,14515.53,alta
Ropa,130.28,117,,43.0,Mayo,5114.73,alta
Alimentos,353.61,327,4246.67,1.5,Marzo,4981.82,media
Deportes,,189,3828.93,34.8,Noviembre,8454.01,alta
hogar,,197,4184.29,9.9,Diciembre,3751.9,media
Tecnologia,1073.33,386,3489.13,7.3,Marzo,12148.72,alta
Hogar,1081.35,94,4467.65,21.6,Agosto,12711.03,alta
Alimentos,75.16,9,2542.24,8.5,Noviembre,3979.35,media
Deportes,1716.02,257,2239.74,14.4,Enero,28392.94,alta
Tecnologia,1062.5,201,4067.86,48.6,Noviembre,14864.18,alta
Ropa,1474.93,113,2156.9,46.7,Septiembre,30279.01,alta
Deportes,1343.17,400,698.41,24.2,Abril,23426.65,alta
Ropa,1961.42,347,2864.36,29.1,Agosto,52559.8,alta
Tecnologia,1380.59,70,1908.31,8.8,Diciembre,40917.94,alta
Alimentos,1073.27,342,,11.3,Agosto,18400.66,alta
Hogar,,9,3548.53,6.7,Septiembre,23596.17,alta
Alimentos,1229.14,499,3865.6,36.2,Marzo,25630.01,alta
Alimentos,142.7,17,2141.77,46.0,Octubre,2043.44,media
Alimentos,1300.02,484,4539.96,1.8,Julio,26047.89,alta
Hogar,1197.93,487,3822.07,35.7,Abril,22998.61,alta
Ropa,1153.95,217,4714.55,26.0,Noviembre,20376.87,alta
Deportes,1043.26,281,,39.8,Septiembre,26953.79,alta
Hogar,,259,2482.39,8.6,Enero,4735.83,media
Hogar,38.96,309,3522.66,12.8,Octubre,4598.2,media
Hogar,1750.01,222,2302.47,28.0,Noviembre,44017.41,alta
Alimentos,146.11,103,926.79,40.3,Enero,3661.76,media
Hogar,888.36,105,2913.46,13.8,Abril,11264.01,alta
Ropa,1078.79,321,1331.11,45.7,Octubre,22626.3,alta
Alimentos,1847.76,454,4688.21,45.8,Agosto,31921.43,alta
Deportes,530.98,313,1372.44,43.9,Octubre,11591.96,alta
Alimentos,1287.64,161,2384.93,1.5,Febrero,5930.42,alta
Ropa,1347.19,361,4780.54,24.7,Septiembre,19182.6,alta
Tecnologia,,11,3915.19,10.5,Mayo,14621.52,alta
Tecnologia,1618.89,385,2817.34,5.8,Abril,47039.46,alta
Alimentos,230.3,149,1480.91,48.4,Diciembre,2752.55,media
Deportes,978.75,182,4929.79,15.5,Febrero,13516.98,alta
Ropa,462.45,132,4358.62,33.3,Noviembre,12291.79,alta
Tecnologia,1811.22,227,3821.5,43.3,Junio,29903.53,alta
Ropa,1312.18,396,1045.26,1.9,Agosto,19401.79,alta
Ropa,1257.08,228,3935.53,16.3,Junio,14324.63,alta
Ropa,559.08,410,1652.58,37.9,Noviembre,10054.89,alta
Ropa,584.17,393,3782.74,30.8,Agosto,13902.01,alta
Hogar,254.36,123,4251.23,16.1,Julio,9527.19,alta
Ropa,734.85,81,,36.4,Marzo,16916.53,alta
Ropa,1453.63,58,3835.94,13.8,Septiembre,12294.76,alta
Deportes,643.62,324,3625.94,27.8,Abril,13890.06,alta
Deportes,1180.0,255,4464.32,11.7,Abril,27561.29,alta
Ropa,1646.27,210,1863.85,12.3,Mayo,18177.02,alta
Ropa,391.68,142,1011.6,22.3,Agosto,9266.36,alta
TECNOLOGIA,959.61,233,,16.8,Abril,12387.37,alta
Hogar,743.4,64,1275.19,49.4,Febrero,17363.54,alta
Ropa,,293,2820.62,31.3,Enero,13119.16,alta
tecnologia,92.27,298,4501.9,27.3,Septiembre,4079.46,media
Ropa,1086.27,143,4758.17,34.2,Julio,33529.13,alta
Alimentos,1258.2,382,3179.57,38.7,Febrero,38897.71,alta
Deportes,370.65,436,3578.81,34.3,Enero,10937.41,alta
Hogar,690.85,375,1986.69,27.4,Abril,19472.3,alta
Ropa,1703.45,395,2727.1,41.3,Enero,28373.65,alta
hogar,,498,2492.36,24.1,Octubre,5173.04,alta
Tecnologia,328.39,433,1990.29,21.5,Marzo,11602.14,alta
Alimentos,33.0,102,3360.16,41.0,Noviembre,3017.82,media
Ropa,1903.62,121,1720.87,25.8,Febrero,57796.33,alta
Alimentos,873.42,161,1268.75,1.7,Febrero,13681.77,alta
Alimentos,76.96,195,4837.19,37.6,Agosto,5991.27,alta
Deportes,344.99,237,3021.1,14.1,Noviembre,12731.19,alta
Tecnologia,1837.44,252,2592.84,8.1,Mayo,42886.88,alta
Alimentos,1883.83,296,2778.39,40.5,Febrero,11947.25,alta
Tecnologia,1451.32,492,4931.96,42.1,Enero,28476.25,alta
Tecnologia,164.72,471,563.09,39.5,Septiembre,3769.67,media
Deportes,832.85,410,4444.96,35.3,Diciembre,13827.21,alta
Tecnologia,1703.24,230,,29.6,Enero,45945.1,alta
Ropa,523.18,335,3857.59,42.7,Agosto,9717.31,alta
Alimentos,1145.13,412,244.53,5.6,Febrero,21472.99,alta
Hogar,1556.9,489,3448.63,10.9,Noviembre,23167.58,alta
Alimentos,1043.86,499,4887.67,5.4,Julio,21737.08,alta
Alimentos,347.71,155,1753.0,44.2,Abril,11319.04,alta
Hogar,1764.71,68,1812.23,11.0,Junio,22080.15,alta
Deportes,,89,1460.26,24.0,Febrero,13519.45,alta
Tecnologia,1886.74,219,3459.34,24.8,Marzo,12438.0,alta
Tecnologia,291.65,250,4530.08,41.3,Septiembre,11379.7,alta
Alimentos,1049.68,484,2591.67,29.4,Octubre,15410.03,alta
alimentos,987.44,219,3389.16,35.3,Septiembre,15609.56,alta
TECNOLOGIA,853.91,267,1597.03,33.2,Abril,14054.15,alta
Ropa,337.32,228,46.38,43.3,Febrero,1855.63,media
Ropa,174.92,341,74.4,35.2,Julio,2813.44,media
Ropa,1797.95,246,3383.36,11.8,Octubre,8053.01,alta
Hogar,,20,2723.56,34.2,Enero,12122.28,alta
Ropa,397.36,335,2280.59,2.3,Enero,4421.57,media
Deportes,1818.34,62,1829.71,19.0,Enero,50019.94,alta
Hogar,1218.57,313,1970.17,41.8,Junio,33520.5,alta
Hogar,543.76,413,1347.16,42.2,Enero,10231.59,alta
Ropa,599.15,57,3976.23,6.2,Diciembre,10194.04,alta
Hogar,436.29,458,2972.22,39.0,Marzo,8474.05,alta
Alimentos,1505.65,152,4272.97,37.5,Septiembre,41981.38,alta
Alimentos,601.52,316,2293.55,26.3,Junio,10758.36,alta
Alimentos,465.99,240,1811.44,17.6,Marzo,6826.86,alta
Tecnologia,927.03,212,4513.54,20.1,Abril,178219.4118519747,alta
Ropa,161.38,488,1946.51,27.1,Septiembre,4638.61,media
Ropa,1049.06,437,1076.5,28.2,Enero,25807.49,alta
Hogar,1535.87,484,25.64,18.4,Noviembre,39686.1,alta
Alimentos,308.28,467,537.3,13.6,Diciembre,2259.04,media
Deportes,1656.33,465,2770.43,10.9,Julio,222396.63922374742,alta
Ropa,1879.02,239,1508.31,47.3,Marzo,25262.96,alta
Alimentos,1925.25,130,2329.0,26.4,Agosto,7265.89,alta
Hogar,277.42,312,2903.62,45.8,Febrero,7027.77,alta
deportes,1938.48,428,4836.14,33.5,Enero,35982.13,alta
Alimentos,1403.88,82,3204.05,11.5,Junio,12881.04,alta
Deportes,766.65,9,4802.53,45.8,Agosto,24334.22,alta
Deportes,,380,643.85,25.9,Mayo,33272.18,alta
Hogar,1790.7,400,55.67,34.7,Junio,18250.94,alta
Ropa,1558.84,336,7.9,33.6,Agosto,13225.22,alta
Hogar,,433,1954.24,14.2,Marzo,21999.36,alta
Alimentos,338.83,141,2359.8,4.2,Febrero,9830.66,alta
Hogar,926.74,122,333.47,7.2,Enero,17842.16,alta
Hogar,1083.58,330,4784.16,3.6,Noviembre,25281.44,alta
Deportes,1594.7,18,1253.64,18.9,Abril,9016.3,alta
Tecnologia,1052.45,101,2820.74,31.0,Julio,30020.54,alta
ALIMENTOS,1144.98,186,,5.7,Diciembre,17817.67,alta
Alimentos,1179.24,69,3417.82,40.3,Diciembre,36818.97,alta
Ropa,379.76,410,2844.95,33.8,Diciembre,13884.89,alta
Deportes,,404,4490.96,48.7,Febrero,15574.73,alta
Deportes,315.97,247,3851.77,2.3,Enero,8198.93,alta
Tecnologia,1900.66,462,3813.83,37.4,Julio,44808.28,alta
Hogar,629.52,333,493.99,47.7,Agosto,10977.99,alta
Hogar,778.69,481,2978.47,1.0,Abril,23662.72,alta
Tecnologia,940.27,160,93.88,21.3,Marzo,16434.44,alta
hogar,1447.31,65,932.78,25.1,Febrero,7644.79,alta
Deportes,642.36,231,4753.69,9.2,Julio,21412.69,alta
Alimentos,546.01,190,4597.6,6.1,Mayo,8837.75,alta
Alimentos,1466.93,268,155.1,27.1,Diciembre,38077.07,alta
Hogar,1943.93,180,3105.13,6.7,Agosto,38555.21,alta
Alimentos,,449,3927.73,33.3,Mayo,23450.24,alta
Hogar,1898.46,85,2223.24,19.4,Junio,46160.53,alta
Hogar,1322.68,435,2094.64,46.2,Julio,17699.21,alta
Alimentos,1195.62,344,543.05,39.9,Agosto,20443.55,alta
Alimentos,964.69,439,,48.6,Diciembre,30932.38,alta
Ropa,270.67,156,937.13,17.8,Septiembre,3017.18,media
Alimentos,448.19,195,3836.14,34.8,Mayo,13164.48,alta
Tecnologia,739.99,38,2773.05,42.6,Noviembre,21842.4,alta
HOGAR,307.21,219,513.64,40.3,Diciembre,6679.67,alta
Alimentos,1573.51,464,2375.28,49.0,Marzo,12946.18,alta
Ropa,1608.97,279,4490.53,35.6,Junio,28090.38,alta
Tecnologia,109.82,155,1044.16,21.3,Febrero,3444.83,media
Tecnologia,313.74,122,1423.9,44.5,Abril,4623.53,media
Alimentos,1233.31,368,561.83,9.5,Febrero,33026.64,alta
Tecnologia,223.61,134,1099.59,26.2,Junio,6258.07,alta
Hogar,493.39,81,4254.63,26.0,Diciembre,8116.11,alta
Alimentos,1746.57,76,177.38,48.6,Enero,14476.85,alta
Deportes,1817.81,22,4302.32,34.9,Abril,40391.65,alta
Alimentos,1887.97,347,,23.8,Agosto,54856.5,alta
Alimentos,1321.68,423,3265.09,21.4,Agosto,19660.35,alta
Tecnologia,34.7,181,2830.9,19.3,Abril,2721.54,media
Alimentos,1960.84,21,678.93,16.4,Agosto,32305.47,alta
Alimentos,1159.91,291,2215.81,15.2,Diciembre,6747.32,alta
Deportes,1607.66,119,137.64,35.5,Noviembre,7136.26,alta
Deportes,84.15,353,3059.97,2.2,Diciembre,5105.53,alta
Alimentos,858.15,230,3627.0,29.3,Marzo,4856.65,media
Deportes,1216.36,240,1861.71,18.7,Febrero,13603.28,alta
Tecnologia,1077.33,418,4966.35,29.3,Agosto,30950.44,alta
Deportes,1000.29,246,2570.36,9.5,Junio,4953.42,media
Hogar,1741.57,107,1333.02,46.9,Junio,36279.36,alta
Ropa,1918.03,468,3955.9,9.9,Julio,61135.36,alta
Ropa,524.33,86,526.36,13.2,Junio,8048.48,alta
Ropa,1817.19,367,521.92,25.3,Diciembre,54389.98,alta
Deportes,240.67,96,3189.43,33.7,Abril,9059.2,alta
Deportes,576.58,380,2175.51,49.0,Diciembre,10468.7,alta
Tecnologia,1712.7,332,2708.83,29.2,Mayo,31628.87,alta
Hogar,132.86,61,,43.4,Mayo,2012.4,media
Ropa,485.97,259,1614.96,39.2,Diciembre,11665.59,alta
Ropa,303.65,73,1846.27,36.1,Abril,9537.91,alta
Alimentos,682.82,437,285.11,38.7,Diciembre,2201.6,media
Hogar,1219.75,212,3712.53,4.1,Marzo,15979.26,alta
TECNOLOGIA,467.55,211,4832.33,15.5,Agosto,9942.85,alta
Alimentos,138.07,485,1692.11,48.8,Abril,5303.3,alta
Tecnologia,1649.43,264,543.68,28.8,Diciembre,17025.25,alta
Hogar,1643.52,248,997.68,45.2,Enero,22617.01,alta
Ropa,259.28,285,564.16,0.1,Octubre,3419.44,media
Hogar,1492.95,182,4565.35,48.1,Septiembre,38126.5,alta
Hogar,1907.44,226,,14.9,Febrero,37957.58,alta
Alimentos,1162.29,242,3478.36,0.8,Marzo,37984.66,alta
Deportes,697.94,370,1869.29,33.2,Septiembre,9514.99,alta
TECNOLOGIA,318.08,475,2517.71,31.4,Octubre,4241.23,media
Ropa,685.52,137,3491.27,32.0,Febrero,10206.4,alta
Alimentos,1112.04,237,4772.57,9.3,Febrero,20877.81,alta
Tecnologia,1901.44,486,902.18,40.6,Mayo,16001.26,alta
Deportes,,128,741.48,0.9,Noviembre,48630.15,alta
Alimentos,996.66,388,3402.49,28.3,Septiembre,18331.08,alta
Ropa,477.11,376,2741.76,49.1,Abril,13898.62,alta
Tecnologia,615.31,192,215.47,32.6,Julio,4202.37,media
Alimentos,1588.68,382,3226.43,8.9,Marzo,36729.01,alta
Deportes,1409.58,188,,36.6,Septiembre,30710.8,alta
Tecnologia,1768.67,71,4865.92,47.8,Enero,18996.84,alta
Deportes,750.93,78,3103.86,31.5,Octubre,24278.6,alta
Alimentos,1119.14,388,4797.47,12.3,Enero,31310.69,alta
Alimentos,775.46,243,1027.39,36.8,Abril,4029.38,media
Alimentos,124.2,458,3885.68,44.6,Diciembre,6622.41,alta
Deportes,1885.39,438,3622.94,17.8,Octubre,51411.18,alta
Alimentos,1414.34,390,,16.6,Noviembre,17154.67,alta
Ropa,1792.26,348,3206.8,34.7,Abril,49578.6,alta
Alimentos,353.35,252,2519.8,12.2,Julio,8169.11,alta
Deportes,60.28,323,3521.1,23.0,Marzo,4471.54,media
Tecnologia,896.55,449,950.72,26.7,Octubre,5267.34,alta
Hogar,144.05,302,3573.4,41.5,Agosto,5348.0,alta
Hogar,734.33,490,2311.04,2.1,Abril,23931.88,alta
Tecnologia,1603.22,211,863.1,47.5,Julio,16299.24,alta
Hogar,1623.61,86,2986.93,48.4,Junio,46129.77,alta
Hogar,1807.59,187,4258.09,4.0,Mayo,55585.64,alta
Alimentos,1174.11,491,3532.25,18.3,Marzo,9037.44,alta
Ropa,,350,1303.21,37.5,Octubre,7230.19,alta
Hogar,461.08,290,679.57,20.2,Octubre,14539.8,alta
Ropa,602.72,210,2433.18,16.7,Enero,19343.65,alta
Ropa,1842.35,395,,17.3,Enero,5657.37,alta
Deportes,599.78,77,4533.94,30.5,Marzo,16523.27,alta
Deportes,1837.76,84,,25.4,Mayo,55249.3,alta
Alimentos,450.1,9,2678.49,6.1,Abril,5675.34,alta
Tecnologia,1022.5,239,489.0,47.8,Enero,31303.75,alta
Tecnologia,129.92,439,2838.77,15.1,Mayo,4141.36,media
Ropa,1554.17,191,,27.6,Agosto,48790.05,alta
Alimentos,1816.3,140,4870.74,10.5,Febrero,14508.65,alta
Ropa,1481.96,128,3599.73,11.8,Julio,41749.55,alta
Hogar,1033.56,332,1881.06,21.2,Marzo,13540.19,alta
Deportes,1161.52,465,1709.81,25.9,Septiembre,23174.48,alta
Deportes,621.83,107,1609.52,41.7,Julio,15298.57,alta
Deportes,1729.4,381,3861.04,42.1,Febrero,26315.93,alta
Hogar,515.62,72,,19.9,Julio,5527.4,alta
Hogar,581.83,130,4981.34,10.2,Marzo,16840.82,alta
Alimentos,127.39,292,2687.37,40.7,Agosto,5993.37,alta
Deportes,,167,3057.74,30.6,Mayo,56501.7,alta
Deportes,1169.01,311,,28.6,Junio,11129.06,alta
Alimentos,39.91,229,4046.96,23.8,Febrero,5254.23,alta
Tecnologia,1596.04,127,4530.62,44.7,Diciembre,9287.15,alta
Alimentos,25.69,417,110.11,38.7,Mayo,1063.04,baja
Ropa,1032.29,431,4689.16,28.4,Marzo,35026.28,alta
Alimentos,956.55,108,,7.6,Enero,29218.79,alta
Ropa,,56,2256.25,39.0,Diciembre,54037.3,alta
Deportes,120.84,176,2269.29,41.0,Septiembre,2006.38,media
Alimentos,1733.48,103,,18.7,Febrero,35474.01,alta
Tecnologia,436.75,96,3748.74,7.0,Mayo,12639.6,alta
ROPA,225.05,34,2109.94,6.9,Diciembre,2107.15,media
Deportes,1920.33,290,3680.95,3.7,Abril,48666.74,alta
