edad,ingreso_mensual,num_creditos_anteriores,dias_mora_historico,tiene_deuda_vigente,nivel_educacion,monto_credito_otorgado,riesgo
22,13185.21,5,16.9,1,Tecnico,32054.17,no_moroso
29,4031.92,2,42.2,1,Secundaria,6812.63,moroso
60,2841.85,1,17.8,1,Tecnico,5438.93,no_moroso
19,,7,1.2,1,Tecnico,28413.97,no_moroso
53,1439.7,9,10.8,0,Secundaria,4666.68,no_moroso
48,2920.61,2,7.2,0,Secundaria,7807.74,no_moroso
37,5591.58,1,,1,Posgrado,14081.86,moroso
45,,9,3.6,0,Secundaria,24903.89,no_moroso
44,11285.13,4,21.6,0,Universitario,29053.29,no_moroso
63,9680.91,3,23.6,0,Universitario,24417.33,no_moroso
21,12861.76,9,18.7,1,Secundaria,31469.75,no_moroso
21,10976.36,4,2.2,1,Universitario,27888.53,no_moroso
55,,2,8.3,0,Posgrado,16983.72,no_moroso
62,3687.3,6,26.3,0,Universitario,10483.94,no_moroso
55,11717.74,3,17.1,0,Tecnico,29119.8,no_moroso
32,2344.35,5,7.0,0,Tecnico,6464.33,no_moroso
65,8343.71,4,1.0,0,Secundaria,21986.08,no_moroso
23,3710.62,0,5.4,1,Secundaria,6847.01,no_moroso
67,3607.08,1,19.6,0,Universitario,9817.48,no_moroso
69,,8,2.5,1,Secundaria,12662.37,no_moroso
43,5575.95,0,42.8,1,Tecnico,10038.91,moroso
35,11597.38,0,4.3,1,Universitario,28328.98,no_moroso
37,12394.5,3,4.6,0,Posgrado,34448.08,no_moroso
68,11668.99,0,17.3,1,Universitario,28351.65,no_moroso
51,3127.7,3,54.3,0,Tecnico,6090.76,moroso
41,7000.21,7,18.0,0,Tecnico,18951.95,no_moroso
54,8693.06,2,16.7,1,Universitario,21484.3,no_moroso
45,13681.57,9,1.9,0,Secundaria,35772.55,no_moroso
45,6469.58,9,22.0,0,Secundaria,17285.37,no_moroso
40,8647.14,0,7.2,0,Secundaria,20505.08,no_moroso
25,1255.02,5,6.5,1,Universitario,4303.86,no_moroso
25,8199.88,6,1.0,1,posgrado,23344.07,no_moroso
69,14680.58,0,0.3,0,Universitario,37982.57,no_moroso
60,7450.37,9,8.3,0,Tecnico,20013.8,no_moroso
24,8673.75,1,13.7,0,Secundaria,21203.66,no_moroso
58,6434.05,5,6.7,1,Universitario,15952.95,no_moroso
55,,9,1.7,1,Universitario,38822.89,no_moroso
21,8945.89,4,15.5,1,UNIVERSITARIO,22390.14,no_moroso
67,7308.52,8,10.8,0,Posgrado,22172.55,no_moroso
48,11825.28,8,2.3,0,Tecnico,31895.68,no_moroso
59,3202.09,6,0.2,0,Tecnico,9666.0,no_moroso
28,12995.65,0,29.8,1,Universitario,30585.66,no_moroso
38,,1,,1,Tecnico,15900.25,no_moroso
55,8155.21,0,26.0,1,Secundaria,17530.67,no_moroso
47,1833.22,3,6.5,1,Tecnico,3564.61,no_moroso
54,5602.25,2,22.4,1,Universitario,13554.28,no_moroso
69,7513.0,9,16.9,0,Secundaria,19713.32,no_moroso
57,12233.86,2,,1,Tecnico,30072.09,no_moroso
20,13371.23,0,13.6,1,Posgrado,33725.81,no_moroso
62,9557.95,3,0.3,0,Universitario,25434.06,no_moroso
69,3261.5,7,4.4,0,Universitario,10478.67,no_moroso
42,4589.05,8,4.3,1,Posgrado,14491.57,no_moroso
32,7990.75,3,10.4,0,tecnico,19840.17,no_moroso
31,1577.89,1,63.9,1,Posgrado,3014.11,moroso
65,5432.29,9,2.7,0,Secundaria,15197.06,no_moroso
49,2378.91,0,3.3,1,Tecnico,3884.34,no_moroso
31,6965.5,6,4.1,1,Universitario,17893.75,no_moroso
57,6244.57,2,0.6,0,Secundaria,15924.82,no_moroso
51,14359.31,4,34.6,0,Posgrado,37119.47,moroso
18,6964.31,5,30.9,0,Universitario,18237.75,moroso
49,13499.89,4,14.8,1,Posgrado,225831.3451152543,no_moroso
25,9044.19,5,46.6,1,Universitario,21979.97,moroso
49,9883.86,0,1.5,0,Tecnico,24546.11,no_moroso
37,6022.13,5,,1,Universitario,15222.92,no_moroso
19,12667.38,9,8.5,1,Tecnico,32302.38,no_moroso
64,4347.19,7,10.8,0,Posgrado,14970.87,no_moroso
54,,7,8.8,0,Tecnico,21032.6,no_moroso
45,9625.39,3,3.5,0,Universitario,25991.53,no_moroso
47,10111.75,3,9.4,1,Posgrado,27597.63,no_moroso
68,,2,24.9,0,Secundaria,3410.7,no_moroso
33,8186.73,6,11.3,0,Universitario,22287.46,no_moroso
60,13219.68,5,33.5,1,Secundaria,31262.33,moroso
67,10827.84,1,11.9,1,Secundaria,24858.06,no_moroso
21,8576.2,9,13.5,0,Tecnico,22666.73,no_moroso
44,11030.59,2,5.3,0,Universitario,28700.34,no_moroso
37,9701.79,1,7.2,0,Tecnico,24067.1,no_moroso
67,11052.01,3,7.1,1,Tecnico,28046.0,no_moroso
26,3261.94,0,18.8,1,Posgrado,9045.44,no_moroso
38,4024.83,4,14.3,1,tecnico,8953.89,no_moroso
43,13250.5,6,22.5,0,Tecnico,33887.38,no_moroso
47,,0,32.2,0,Tecnico,26228.61,moroso
57,14189.22,1,18.6,0,Tecnico,35594.9,no_moroso
42,10587.05,3,22.4,1,Tecnico,24987.31,no_moroso
36,1175.02,1,5.6,0,Secundaria,3397.83,no_moroso
37,9708.25,7,19.3,1,Posgrado,25741.51,no_moroso
48,8654.42,3,1.6,0,Tecnico,22460.62,no_moroso
68,10185.33,8,6.5,0,Secundaria,26204.5,no_moroso
41,2997.54,0,4.4,1,Universitario,7043.42,no_moroso
21,13064.68,0,46.3,0,Universitario,255696.0292497503,moroso
58,,0,4.3,1,Universitario,27051.74,no_moroso
38,3889.94,3,19.8,1,Universitario,8053.28,no_moroso
66,,0,15.1,0,Universitario,15525.09,no_moroso
50,6289.05,3,10.8,0,Secundaria,15953.36,no_moroso
31,7503.2,2,5.8,1,Universitario,18510.4,no_moroso
67,9835.68,4,2.6,1,tecnico,24315.4,no_moroso
41,14173.7,0,8.0,0,posgrado,38237.64,no_moroso
36,14527.44,3,7.6,0,Posgrado,39631.37,no_moroso
35,5487.02,4,18.5,0,Secundaria,13471.02,no_moroso
19,11387.75,5,12.2,0,Tecnico,29454.55,no_moroso
19,8228.97,4,3.2,1,Universitario,21086.97,no_moroso
32,1326.38,8,5.1,1,Universitario,4751.07,no_moroso
42,11660.39,2,41.2,0,Secundaria,27772.7,moroso
68,14743.17,8,0.8,0,Posgrado,41742.07,no_moroso
42,6939.5,0,33.2,0,Universitario,17354.48,moroso
49,6952.32,4,7.9,0,Universitario,18609.11,no_moroso
65,4758.14,4,1.6,0,Tecnico,13629.16,no_moroso
52,4601.15,9,,0,universitario,14372.29,no_moroso
39,8076.52,2,14.7,0,Posgrado,22387.04,no_moroso
36,9211.44,7,21.2,0,Universitario,24974.51,no_moroso
32,12779.79,4,24.7,0,Universitario,32792.29,no_moroso
68,1600.5,2,8.2,0,Secundaria,4258.8,no_moroso
48,5135.52,2,14.1,0,Secundaria,11101.19,no_moroso
39,6073.37,7,,0,posgrado,220656.73082471348,no_moroso
54,12848.51,1,5.2,1,Posgrado,33510.5,no_moroso
30,9211.88,5,26.2,0,Tecnico,23102.63,no_moroso
48,4478.34,6,23.7,0,Tecnico,249314.81467879642,no_moroso
62,5831.23,1,33.2,1,Universitario,12360.72,moroso
34,2622.94,4,39.2,0,Secundaria,4567.65,moroso
56,5255.34,2,,0,Tecnico,13288.21,no_moroso
38,4085.11,5,5.7,0,Tecnico,10986.73,no_moroso
63,1025.8,7,1.3,1,Posgrado,5421.29,no_moroso
35,1641.67,0,12.1,1,Secundaria,2146.99,no_moroso
33,5348.16,4,,0,Tecnico,13211.01,no_moroso
68,3867.54,0,26.4,1,Tecnico,7220.71,no_moroso
34,4687.01,5,11.5,0,Universitario,13575.84,no_moroso
31,3139.16,0,0.5,0,Universitario,9427.05,no_moroso
34,,5,2.9,1,Tecnico,36876.8,no_moroso
60,4597.66,7,54.5,1,TECNICO,10029.53,moroso
67,4632.4,3,7.5,0,Secundaria,12201.54,no_moroso
18,11589.05,2,6.8,1,Universitario,28956.24,no_moroso
47,3213.83,7,10.4,0,Tecnico,10180.53,no_moroso
55,6599.11,1,2.8,1,Tecnico,15814.12,no_moroso
54,4636.07,3,1.2,0,Universitario,13424.4,no_moroso
49,5493.91,0,2.4,0,Universitario,15692.72,no_moroso
64,8561.62,4,4.1,0,Universitario,23311.14,no_moroso
44,13575.12,3,,0,Universitario,35060.03,no_moroso
45,7810.6,2,21.2,1,Tecnico,17631.89,no_moroso
64,7688.13,2,42.6,1,Tecnico,15943.96,moroso
45,9761.4,0,42.9,0,Universitario,24085.67,moroso
20,1647.09,2,16.4,0,Tecnico,4214.75,no_moroso
60,5452.57,4,2.5,0,Tecnico,14926.95,no_moroso
49,7476.44,6,,1,Posgrado,21414.21,no_moroso
59,13535.05,4,39.1,1,Posgrado,33331.79,moroso
63,9209.91,4,1.7,0,Secundaria,24037.38,no_moroso
37,13286.44,6,,0,Universitario,34529.41,no_moroso
26,9141.26,8,12.4,0,Universitario,23950.86,no_moroso
51,871.01,4,11.7,1,Posgrado,4142.57,no_moroso
48,1341.18,4,33.5,0,Secundaria,1637.05,moroso
33,6164.22,1,50.3,1,Tecnico,12625.62,moroso
41,,3,6.7,0,Secundaria,17515.14,no_moroso
63,2966.86,1,9.5,0,Tecnico,7433.82,no_moroso
26,9677.73,9,46.5,0,Tecnico,24451.72,moroso
40,9658.09,6,12.3,0,Universitario,26407.87,no_moroso
60,4197.42,1,28.0,0,Universitario,10798.1,no_moroso
21,14688.72,2,4.6,1,Posgrado,39250.09,no_moroso
36,10418.33,8,,1,Universitario,28829.56,no_moroso
25,,3,,1,Posgrado,9512.08,no_moroso
29,13038.85,0,19.2,0,Universitario,33348.18,no_moroso
26,,6,26.8,1,Secundaria,23324.62,no_moroso
32,5310.37,6,28.7,0,Tecnico,13290.34,no_moroso
20,13396.84,5,0.4,0,Universitario,35840.08,no_moroso
23,3772.15,2,0.2,1,Tecnico,8439.51,no_moroso
52,14769.04,6,0.7,0,Tecnico,38247.14,no_moroso
44,3016.74,0,24.6,0,Secundaria,7160.03,no_moroso
39,4675.23,0,21.6,0,Universitario,12638.28,no_moroso
69,11632.9,2,39.8,1,UNIVERSITARIO,27913.28,moroso
24,2629.75,9,16.9,0,Universitario,8727.92,no_moroso
60,12547.17,4,31.3,1,Universitario,30298.7,moroso
53,7290.13,9,,0,Secundaria,18631.2,no_moroso
59,7307.09,7,6.4,0,Tecnico,19681.93,no_moroso
18,14180.01,4,14.3,0,Tecnico,36096.18,no_moroso
31,6367.55,6,,0,Universitario,18285.39,no_moroso
41,,6,39.4,0,Secundaria,22105.22,moroso
37,5216.91,8,34.3,1,Tecnico,11686.89,moroso
61,11001.91,8,,1,posgrado,28951.86,no_moroso
64,9309.55,6,36.2,1,Secundaria,21657.23,moroso
34,13797.37,0,1.1,0,Universitario,35257.15,no_moroso
52,,6,32.0,0,Tecnico,2716.16,moroso
37,14086.01,2,2.0,0,Universitario,37071.8,no_moroso
69,5706.57,9,10.7,1,Universitario,16039.21,no_moroso
22,4522.84,8,22.6,0,Tecnico,11426.31,no_moroso
50,11261.54,2,7.9,1,Secundaria,28257.64,no_moroso
47,913.14,5,,0,Universitario,3809.16,no_moroso
51,1252.95,5,26.0,1,Tecnico,2387.47,no_moroso
43,10343.19,0,10.5,0,Universitario,26445.58,no_moroso
37,,0,7.4,0,secundaria,3767.81,no_moroso
19,13155.65,5,14.6,0,Secundaria,32318.41,no_moroso
24,1944.86,8,43.4,0,Tecnico,5075.79,moroso
19,10386.84,7,17.8,0,Posgrado,29324.61,no_moroso
18,10388.68,7,8.5,0,Tecnico,27931.89,no_moroso
69,12559.65,9,5.2,0,Tecnico,33549.05,no_moroso
53,9628.45,3,19.4,1,Tecnico,22608.14,no_moroso
41,12697.22,9,42.6,0,Posgrado,34197.36,moroso
55,,6,74.8,1,Secundaria,26966.65,moroso
32,2879.43,9,6.6,1,Secundaria,6440.66,no_moroso
48,10919.46,4,5.7,1,Universitario,28343.16,no_moroso
45,7440.71,5,16.7,0,Universitario,19730.3,no_moroso
64,7858.25,6,8.8,0,Universitario,21651.32,no_moroso
46,6388.82,6,,0,Posgrado,21051.92,no_moroso
31,10030.23,1,13.3,1,Universitario,24120.03,no_moroso
21,,8,11.2,1,Secundaria,6882.84,no_moroso
36,3627.74,3,6.1,0,Tecnico,10268.92,no_moroso
69,12522.38,8,,1,Tecnico,30427.38,moroso
52,7754.98,7,24.3,0,Universitario,20718.01,no_moroso
67,7606.67,0,46.8,0,Secundaria,16807.29,moroso
62,10921.96,9,34.8,0,Universitario,28421.72,moroso
19,2793.96,9,,0,Posgrado,11292.58,no_moroso
18,2839.3,0,17.0,0,Universitario,7885.13,no_moroso
51,3750.13,5,2.7,0,Universitario,12264.4,no_moroso
55,2350.54,3,5.1,0,Tecnico,6944.03,no_moroso
68,7768.32,7,,1,Secundaria,18169.42,no_moroso
58,6494.43,3,98.7,0,posgrado,14625.41,moroso
37,3147.66,2,29.2,0,Universitario,8623.66,no_moroso
64,8704.17,2,14.0,0,Universitario,22714.09,no_moroso
28,3998.13,9,5.8,1,Posgrado,12417.97,no_moroso
42,8167.21,6,16.8,1,Tecnico,20040.43,no_moroso
34,11482.14,6,3.1,1,Universitario,29608.42,no_moroso
37,14094.36,4,44.9,0,Universitario,35281.99,moroso
59,3644.09,6,21.8,0,Posgrado,11646.22,no_moroso
21,1946.53,0,1.3,0,Posgrado,7892.3,no_moroso
57,3040.91,2,46.3,0,Secundaria,5216.97,moroso
40,4857.25,0,9.8,0,Universitario,12494.54,no_moroso
27,9325.04,8,8.6,1,Universitario,224626.23481440477,no_moroso
65,10085.76,0,1.5,0,Tecnico,25206.86,no_moroso
34,1231.72,4,21.4,0,Posgrado,6035.31,no_moroso
69,5029.56,1,36.4,0,Universitario,11898.9,moroso
43,7379.12,2,31.9,0,Posgrado,20801.16,moroso
19,13087.87,7,29.1,1,Tecnico,31336.13,no_moroso
34,9719.01,6,1.5,0,Tecnico,25851.98,no_moroso
64,,0,50.0,0,Universitario,2072.36,moroso
36,2609.04,7,2.9,1,Tecnico,6050.51,no_moroso
20,,1,0.4,0,Secundaria,36578.91,no_moroso
63,5126.82,0,1.7,0,Tecnico,13868.69,no_moroso
27,12581.49,4,6.0,0,Universitario,33105.38,no_moroso
20,14883.8,4,2.6,0,Posgrado,41767.48,no_moroso
69,14513.73,0,,0,Tecnico,35075.84,moroso
53,13438.33,4,4.9,1,Universitario,34022.02,no_moroso
24,5961.31,9,5.5,1,Tecnico,14879.55,no_moroso
55,8817.19,0,10.8,0,Secundaria,20964.66,no_moroso
65,13385.72,1,23.7,1,Tecnico,32313.16,no_moroso
37,2613.69,4,37.1,1,Universitario,5764.11,moroso
26,3355.05,3,19.5,1,Universitario,7712.55,no_moroso
20,14803.61,4,14.2,0,Tecnico,37902.25,no_moroso
32,9403.08,6,,1,Tecnico,22864.84,no_moroso
61,8860.46,4,,0,Secundaria,22581.13,no_moroso
30,4627.04,7,11.3,0,Tecnico,13483.84,no_moroso
26,13849.78,2,22.4,1,Universitario,33662.46,no_moroso
66,3690.5,3,2.9,1,Secundaria,8910.74,no_moroso
22,3745.07,6,1.0,0,Universitario,11338.12,no_moroso
41,10774.11,2,26.7,1,Tecnico,24079.31,no_moroso
46,5990.61,5,31.8,1,Tecnico,13442.24,moroso
64,4557.72,2,4.9,0,Tecnico,11094.67,no_moroso
42,5614.22,5,12.0,0,Universitario,15867.52,no_moroso
19,1020.19,1,9.4,0,Secundaria,2401.28,no_moroso
31,13478.61,8,4.0,0,Universitario,36941.38,no_moroso
50,6724.83,4,2.8,0,Universitario,19051.91,no_moroso
39,8755.11,1,12.4,1,Universitario,21241.71,no_moroso
68,,6,,0,Universitario,21819.87,no_moroso
49,8960.98,0,4.9,1,Posgrado,23776.91,no_moroso
65,10953.04,6,4.8,1,Tecnico,26965.62,no_moroso
59,2234.2,5,9.2,1,Universitario,6719.4,no_moroso
43,,4,5.8,0,Universitario,11382.28,no_moroso
49,2901.35,6,24.8,0,Posgrado,9244.48,no_moroso
55,3672.48,7,10.1,0,Posgrado,13062.94,no_moroso
51,11246.93,9,7.1,1,Posgrado,31316.79,no_moroso
55,10515.81,5,0.8,1,Universitario,26738.92,no_moroso
22,6080.29,5,26.4,0,Tecnico,14513.8,no_moroso
23,7785.22,7,53.2,0,Universitario,19241.2,moroso
22,9990.61,6,5.4,1,Tecnico,24879.58,no_moroso
47,13530.51,8,38.5,0,Universitario,34222.36,moroso
46,14690.89,2,15.8,0,Universitario,37952.82,no_moroso
50,1288.16,9,0.8,0,Posgrado,7285.03,no_moroso
27,13206.05,3,,1,Tecnico,32335.55,no_moroso
34,6960.32,1,7.9,0,Secundaria,16793.46,no_moroso
38,13953.35,2,8.6,0,Secundaria,34269.4,no_moroso
59,1140.89,8,2.5,0,Tecnico,4972.38,no_moroso
47,3416.93,6,7.4,1,Tecnico,8105.12,no_moroso
28,10445.37,6,27.0,0,Secundaria,27028.05,no_moroso
37,2996.1,3,11.2,0,Secundaria,7071.34,no_moroso
52,6066.47,5,10.2,0,Universitario,16775.35,no_moroso
64,7210.83,0,26.6,0,Tecnico,16577.8,no_moroso
29,5462.39,8,12.3,1,Tecnico,13740.84,no_moroso
48,4714.09,9,5.0,0,Tecnico,14787.42,no_moroso
37,3038.5,1,38.3,0,Tecnico,6879.85,moroso
46,8559.71,3,35.7,1,Universitario,20150.7,moroso
55,13596.57,1,23.0,1,Universitario,33113.54,no_moroso
18,5706.01,5,8.6,0,Universitario,16683.29,no_moroso
33,9751.03,9,10.4,1,Tecnico,24757.05,no_moroso
28,13576.96,5,17.9,1,Universitario,34486.66,no_moroso
63,2469.7,5,2.8,1,Tecnico,6199.54,no_moroso
50,4397.77,0,13.1,0,Universitario,11184.21,no_moroso
57,10996.75,3,27.0,0,Universitario,28622.26,no_moroso
39,5028.24,9,20.7,1,Tecnico,13049.24,no_moroso
51,8801.71,3,0.2,0,Secundaria,22739.9,no_moroso
48,9554.87,7,3.1,0,Tecnico,25766.75,no_moroso
48,1054.51,3,20.7,0,Tecnico,3000.26,no_moroso
54,10921.02,0,15.8,1,Secundaria,25172.06,no_moroso
20,6068.18,8,21.9,1,Posgrado,16880.0,no_moroso
35,6986.76,0,2.1,0,Tecnico,17980.25,no_moroso
19,2564.99,2,4.8,0,Tecnico,6569.75,no_moroso
69,13568.03,0,19.1,1,Secundaria,31879.58,no_moroso
45,8762.0,8,7.7,0,Tecnico,23601.04,no_moroso
41,14336.11,6,,0,Posgrado,39056.48,no_moroso
55,946.8,9,4.8,1,Universitario,3921.17,no_moroso
31,2104.72,2,16.7,1,Secundaria,3646.77,no_moroso
55,10867.38,3,0.0,1,Secundaria,27383.91,no_moroso
49,5798.31,5,7.1,0,Posgrado,17799.29,no_moroso
57,4850.63,0,2.6,1,Posgrado,13607.01,no_moroso
20,7847.49,0,8.8,1,Universitario,19331.31,no_moroso
19,5429.82,8,21.7,0,Posgrado,17459.58,no_moroso
49,1155.43,7,1.9,0,Secundaria,4983.65,no_moroso
37,8792.34,6,7.8,0,Universitario,23990.14,no_moroso
42,7581.23,8,0.1,0,Tecnico,20606.67,no_moroso
58,6193.21,3,24.2,1,Secundaria,13169.21,no_moroso
39,12407.58,2,46.8,1,Universitario,29202.52,moroso
25,11964.76,8,1.1,1,Tecnico,30952.94,no_moroso
37,11936.49,9,,1,TECNICO,29607.0,no_moroso
19,6364.76,6,9.3,0,Secundaria,16386.18,no_moroso
24,14506.52,9,2.7,0,Universitario,38721.93,no_moroso
30,3615.3,6,46.3,1,Tecnico,7496.94,moroso
28,9077.0,0,16.8,1,Tecnico,20817.23,no_moroso
51,10386.25,9,,0,Tecnico,27153.18,no_moroso
20,6868.91,0,,1,Universitario,16921.65,no_moroso
63,8069.82,9,25.3,1,Tecnico,19777.39,no_moroso
18,9237.3,9,5.8,1,Posgrado,26416.17,no_moroso
43,10365.84,3,9.6,0,Tecnico,26074.22,no_moroso
43,9387.44,4,,1,Tecnico,22848.17,no_moroso
56,10405.48,5,15.6,1,Tecnico,25562.47,no_moroso
59,1452.49,2,1.8,0,Secundaria,3926.36,no_moroso
26,,5,25.9,1,Universitario,25269.24,no_moroso
66,7773.64,0,14.8,0,Tecnico,19069.5,no_moroso
42,8221.03,1,3.5,1,Universitario,20026.11,no_moroso
39,,6,4.7,0,Universitario,25297.48,no_moroso
22,5605.16,2,19.4,1,Tecnico,11304.77,no_moroso
18,11363.18,2,41.2,1,Universitario,26287.88,moroso
57,11837.81,3,1.4,1,Posgrado,30919.37,no_moroso
59,2181.68,4,10.1,0,Universitario,7356.6,no_moroso
37,11124.05,7,14.0,0,Secundaria,28423.29,no_moroso
30,8269.24,7,9.0,0,Tecnico,22388.09,no_moroso
67,4591.15,1,,1,Tecnico,10385.63,no_moroso
35,3483.79,2,13.0,0,Universitario,10694.73,no_moroso
61,13544.36,4,4.6,0,Posgrado,37032.71,no_moroso
45,922.49,8,9.8,1,Tecnico,1246.9,no_moroso
22,6577.22,1,27.9,0,Universitario,16553.83,no_moroso
23,5545.95,4,5.1,1,Tecnico,12028.05,no_moroso
30,4284.43,4,18.5,0,Universitario,11438.27,no_moroso
62,2846.6,3,13.8,0,Tecnico,7953.06,no_moroso
45,4861.59,5,5.9,0,Tecnico,13309.64,no_moroso
47,3105.85,0,21.4,1,Universitario,6425.34,no_moroso
20,12153.73,4,19.1,0,Tecnico,29851.91,no_moroso
41,13137.54,2,1.2,1,Universitario,33424.66,no_moroso
62,13203.9,9,67.0,0,Posgrado,35837.83,moroso
50,1677.26,0,17.2,1,Posgrado,4344.76,no_moroso
31,13922.96,4,,0,Universitario,35435.48,moroso
33,14641.63,3,47.4,0,Secundaria,33829.48,moroso
25,3765.29,3,2.3,0,Tecnico,9932.27,no_moroso
39,5590.87,5,5.2,0,Universitario,16490.15,no_moroso
60,8531.18,3,,0,Secundaria,21898.61,no_moroso
47,12560.86,8,3.9,1,Secundaria,31419.39,no_moroso
40,9945.8,1,8.4,1,Tecnico,24079.43,no_moroso
36,13827.04,1,2.9,1,Universitario,35435.92,no_moroso
58,12239.29,0,,1,Universitario,30287.04,no_moroso
45,4326.37,5,31.5,1,Tecnico,9424.61,moroso
18,3328.18,8,27.1,1,Secundaria,6569.01,no_moroso
45,12782.02,6,30.3,0,Universitario,33285.73,moroso
43,2926.14,2,17.0,1,Tecnico,6717.29,no_moroso
33,1197.16,8,38.8,1,Posgrado,4907.87,moroso
31,1064.06,0,15.0,1,Universitario,1930.24,no_moroso
59,3933.27,9,15.3,0,Secundaria,10557.66,no_moroso
23,1643.85,3,32.6,0,Universitario,3923.87,moroso
31,9073.79,9,6.4,1,Tecnico,23161.84,no_moroso
68,11750.72,2,6.4,0,Tecnico,29484.04,no_moroso
64,11885.31,0,2.1,1,Tecnico,29535.64,no_moroso
41,4266.46,9,4.3,1,universitario,11887.94,no_moroso
34,5543.01,6,20.2,1,Universitario,13719.66,no_moroso
54,4706.64,6,0.5,1,Universitario,13008.11,no_moroso
66,14002.13,5,17.0,1,Secundaria,32953.34,no_moroso
48,3846.99,5,26.1,1,Universitario,9570.35,no_moroso
36,12871.55,2,56.1,1,Universitario,28738.42,moroso
18,3171.0,2,32.3,0,Tecnico,6683.29,moroso
43,,1,5.5,1,Tecnico,26004.73,no_moroso
66,1001.39,2,33.0,0,Posgrado,4782.49,moroso
39,6107.48,9,32.7,0,Universitario,16596.28,moroso
53,6099.88,8,6.4,1,Secundaria,15009.7,no_moroso
28,3188.93,9,23.0,1,Tecnico,6949.86,no_moroso
48,5514.76,0,6.9,0,Secundaria,13602.76,no_moroso
59,10033.65,6,26.3,1,Secundaria,23533.44,no_moroso
47,7628.65,2,3.7,1,Tecnico,18662.05,no_moroso
49,3336.66,3,13.5,0,Universitario,9826.55,no_moroso
21,3622.83,8,22.1,0,Tecnico,10379.64,no_moroso
54,5116.21,7,28.7,1,Tecnico,11205.82,no_moroso
37,1580.31,7,5.0,0,Universitario,6268.09,no_moroso
39,12773.62,6,17.8,1,Posgrado,33641.09,no_moroso
54,2130.7,5,15.4,0,POSGRADO,8070.97,no_moroso
20,1935.77,1,27.7,0,Universitario,5807.39,no_moroso
18,,1,6.0,0,Universitario,33016.8,no_moroso
24,,7,49.8,0,Universitario,31235.45,moroso
50,1804.26,7,3.8,0,Universitario,7870.47,no_moroso
68,,2,2.6,0,Universitario,35068.92,no_moroso
50,5850.36,1,12.0,1,Posgrado,16134.14,no_moroso
50,9085.4,1,,1,Universitario,21720.84,no_moroso
36,6701.52,0,,1,Universitario,15248.42,moroso
18,13098.53,1,18.3,0,Posgrado,35610.64,no_moroso
48,2480.51,5,20.2,1,Secundaria,4822.44,no_moroso
25,3847.62,2,9.2,1,Tecnico,8454.69,no_moroso
34,4585.39,6,2.6,0,Posgrado,16547.66,no_moroso
56,13015.57,4,19.7,0,Secundaria,32239.12,no_moroso
39,9861.86,1,3.1,1,Posgrado,26530.39,no_moroso
25,5475.08,5,5.5,0,Tecnico,15401.3,no_moroso
30,1386.43,5,13.8,1,Secundaria,2588.97,no_moroso
24,5799.66,6,14.3,1,Universitario,14979.97,no_moroso
48,6750.8,7,12.6,1,Universitario,18274.82,no_moroso
32,9387.61,6,3.9,0,Tecnico,24339.78,no_moroso
29,,7,5.2,0,Universitario,37680.0,no_moroso
52,4715.11,0,8.5,0,Posgrado,14423.73,no_moroso
53,2939.35,0,1.4,0,Universitario,9745.82,no_moroso
25,10798.97,2,44.2,0,Secundaria,25210.67,moroso
54,,7,23.8,0,Tecnico,19111.85,no_moroso
37,10789.33,5,4.5,1,Posgrado,29177.7,no_moroso
34,10573.13,9,6.1,1,Secundaria,220249.40167908347,no_moroso
40,6096.0,4,19.1,1,posgrado,16823.29,no_moroso
34,12006.51,8,,0,Posgrado,33441.42,no_moroso
26,5060.28,7,12.1,0,Universitario,14646.13,no_moroso
44,6910.24,2,34.3,0,Tecnico,16504.78,moroso
36,,6,6.8,0,Universitario,6943.85,no_moroso
35,13954.36,7,8.0,0,Tecnico,36677.58,no_moroso
64,6912.72,8,10.2,0,Tecnico,18508.88,no_moroso
59,6688.49,1,29.0,0,Secundaria,15496.06,no_moroso
23,9645.33,8,11.1,1,Secundaria,22842.93,no_moroso
40,5620.38,1,1.9,0,Tecnico,13874.21,no_moroso
32,1643.97,7,16.9,0,Universitario,5496.29,no_moroso
63,6565.44,9,0.2,1,Secundaria,16863.64,no_moroso
47,13257.37,1,1.1,1,Tecnico,32898.07,no_moroso
18,4187.31,3,15.0,0,Universitario,11806.91,no_moroso
69,10549.44,7,55.8,0,Tecnico,25618.13,moroso
21,10409.74,7,12.7,0,Posgrado,29345.63,no_moroso
28,4801.28,0,28.1,0,Posgrado,12770.0,no_moroso
27,7514.3,7,6.6,0,Tecnico,20329.19,no_moroso
64,3577.97,2,13.9,0,Tecnico,9534.5,no_moroso
29,14484.58,5,48.1,1,Universitario,35585.84,moroso
62,11089.91,2,,1,Tecnico,27196.12,no_moroso
66,9505.07,0,18.4,1,Universitario,22274.48,no_moroso
58,5369.91,0,30.9,1,Tecnico,10571.09,moroso
47,6594.81,6,0.2,1,Secundaria,16361.38,no_moroso
22,13542.97,4,21.7,1,Tecnico,32966.24,no_moroso
23,9313.77,7,7.2,0,Secundaria,23839.09,no_moroso
37,,1,8.4,0,Tecnico,18846.84,no_moroso
63,2354.01,7,11.3,0,Tecnico,6010.16,no_moroso
21,,7,14.0,1,Secundaria,16717.34,no_moroso
37,1128.28,7,1.2,0,Tecnico,5529.03,no_moroso
34,7310.96,9,11.0,1,Secundaria,17828.39,no_moroso
32,939.16,5,25.9,0,Secundaria,1987.96,no_moroso
53,11357.68,5,3.2,1,Tecnico,28138.22,no_moroso
22,4224.33,1,5.6,0,Tecnico,11052.56,no_moroso
18,,2,34.3,0,Tecnico,6022.77,moroso
68,5023.42,5,23.2,0,Tecnico,13371.4,no_moroso
38,13569.43,7,7.5,0,Universitario,36871.63,no_moroso
60,4019.0,6,41.0,1,Universitario,9302.59,moroso
60,3843.27,0,4.6,1,Universitario,307395.26656528225,no_moroso
22,7198.44,5,,0,Universitario,21363.51,no_moroso
42,11300.89,6,0.4,1,Tecnico,27676.22,no_moroso
25,6340.02,8,14.8,0,Universitario,172779.69793685983,no_moroso
26,3141.24,0,44.0,1,Universitario,6055.93,moroso
59,11027.41,3,7.1,1,Universitario,28463.27,no_moroso
27,1413.67,3,8.7,0,Secundaria,3880.45,no_moroso
69,3986.08,8,20.2,0,Secundaria,11037.09,no_moroso
53,9977.3,4,33.8,0,Universitario,25490.1,moroso
40,4373.41,6,6.6,0,Universitario,12813.28,no_moroso
55,8895.75,2,1.4,0,Tecnico,23049.11,no_moroso
56,1653.83,2,30.8,1,Secundaria,1246.4,moroso
20,6493.46,6,,0,Universitario,19410.68,no_moroso
41,6644.11,6,4.6,1,Tecnico,15856.54,no_moroso
43,4049.08,1,2.4,1,Secundaria,9065.12,no_moroso
57,4482.67,9,3.5,1,Secundaria,11857.07,no_moroso
54,12402.47,6,21.3,1,Universitario,31325.24,no_moroso
56,,0,0.9,0,Universitario,23178.88,no_moroso
50,3771.79,2,16.2,0,Posgrado,266684.3363108875,no_moroso
46,7492.75,8,0.8,1,Tecnico,19381.23,no_moroso
31,1590.1,4,,0,Universitario,4613.54,no_moroso
55,8125.12,9,10.8,0,Universitario,22900.56,no_moroso
58,2270.54,7,6.4,0,Secundaria,6446.0,no_moroso
22,,2,12.9,0,Secundaria,31746.94,no_moroso
29,,7,,0,Secundaria,16295.52,no_moroso
38,12682.21,1,7.9,1,Secundaria,29144.12,no_moroso
31,11087.35,0,5.7,1,Secundaria,25946.81,no_moroso
45,6477.36,6,0.2,0,Posgrado,20096.55,no_moroso
63,3236.71,5,19.8,0,Universitario,9091.83,no_moroso
20,10334.73,1,7.2,0,Tecnico,26421.52,no_moroso
68,4216.21,4,28.2,1,Universitario,10394.33,no_moroso
42,11199.6,3,25.0,0,Tecnico,27144.39,no_moroso
54,10084.48,0,78.0,0,Secundaria,21221.09,moroso
24,5702.82,9,11.2,1,Universitario,14945.49,no_moroso
36,,6,1.0,0,Universitario,33242.91,no_moroso
26,5958.29,2,1.9,0,Universitario,16173.88,no_moroso
69,3026.08,3,8.6,0,Tecnico,8547.16,no_moroso
22,8825.44,4,8.3,0,Tecnico,23583.09,no_moroso
39,1222.41,7,15.2,0,Universitario,4542.01,no_moroso
38,,3,3.0,0,Secundaria,14754.33,no_moroso
22,8650.32,2,11.0,1,Tecnico,21148.26,no_moroso
47,4066.21,5,17.6,1,Tecnico,8948.13,no_moroso
57,7833.39,4,7.5,1,Posgrado,21167.65,no_moroso
45,14248.48,5,92.4,0,Posgrado,35392.58,moroso
67,,7,14.0,1,Tecnico,21609.54,no_moroso
25,3964.62,4,1.7,1,Universitario,10371.32,no_moroso
48,5349.1,0,1.2,0,Posgrado,16313.08,no_moroso
61,5197.47,2,8.8,1,Tecnico,11972.31,no_moroso
21,12594.06,9,13.7,0,Universitario,33655.37,no_moroso
50,2331.92,3,25.9,0,Tecnico,5650.98,no_moroso
35,5921.43,7,0.4,1,Universitario,16435.21,no_moroso
55,5170.42,5,31.8,1,Tecnico,257761.3001951087,moroso
31,13346.03,6,8.7,0,Tecnico,34525.79,no_moroso
33,4368.36,5,14.5,0,Universitario,12946.96,no_moroso
27,6174.73,8,15.7,1,Universitario,15266.1,no_moroso
43,7846.33,9,17.4,0,Posgrado,22789.24,no_moroso
49,6849.34,1,2.3,0,Secundaria,17182.81,no_moroso
54,5780.99,3,6.3,1,Tecnico,13964.88,no_moroso
53,10622.2,5,11.2,0,Universitario,28115.24,no_moroso
44,5416.81,2,0.1,1,Tecnico,12016.85,no_moroso
31,1377.94,6,1.8,0,Universitario,5925.18,no_moroso
49,13281.7,3,,0,Posgrado,34117.09,moroso
28,11415.28,9,66.9,0,Universitario,29073.04,moroso
22,7123.59,1,23.4,1,Universitario,17207.09,no_moroso
33,11671.62,8,2.4,0,Secundaria,30294.94,no_moroso
59,8372.32,4,28.4,1,secundaria,19117.09,no_moroso
27,12882.24,1,9.4,0,Universitario,32989.05,no_moroso
22,,4,32.7,0,Universitario,19702.7,moroso
67,2072.85,0,24.1,0,Secundaria,3303.99,no_moroso
37,1509.0,7,1.7,0,Posgrado,8664.37,no_moroso
54,14453.52,4,6.0,1,Universitario,36592.21,no_moroso
21,8154.03,0,9.9,1,Tecnico,17778.85,no_moroso
64,8918.73,9,3.4,0,Universitario,24939.6,no_moroso
33,13595.81,1,50.2,0,Universitario,34042.06,moroso
30,1433.52,3,3.5,0,Tecnico,4087.58,no_moroso
40,5667.61,7,28.2,0,Posgrado,17133.49,no_moroso
35,8947.24,5,1.1,1,Tecnico,22134.82,no_moroso
68,13693.31,3,9.7,1,TECNICO,33856.72,no_moroso
68,14696.99,6,61.5,0,Posgrado,38468.39,moroso
68,5629.82,6,2.9,1,Posgrado,16546.63,no_moroso
35,8845.73,1,5.7,0,Tecnico,22957.11,no_moroso
23,12103.35,8,5.7,1,Universitario,31594.09,no_moroso
59,12914.72,7,10.5,1,Tecnico,32365.03,no_moroso
22,1338.54,2,87.6,1,Universitario,200.0,moroso
57,,7,2.1,1,UNIVERSITARIO,8752.5,no_moroso
64,10893.87,1,33.6,1,Tecnico,25226.0,moroso
34,7432.35,1,,0,Tecnico,18579.9,no_moroso
28,11379.36,9,19.3,0,Posgrado,32199.97,no_moroso
25,,6,10.4,0,Posgrado,38823.98,no_moroso
45,12968.86,2,14.2,1,SECUNDARIA,29925.35,no_moroso
37,14861.28,4,6.6,1,tecnico,36792.05,no_moroso
53,,8,4.0,0,Secundaria,20400.2,no_moroso
38,12284.96,9,,1,tecnico,30585.35,no_moroso
64,3338.57,7,13.9,0,Secundaria,8111.97,no_moroso
21,2699.88,2,3.3,1,Posgrado,8634.77,no_moroso
19,9488.0,0,21.6,0,Secundaria,22030.05,no_moroso
43,2082.52,5,1.5,1,Universitario,6510.77,no_moroso
28,5925.4,9,2.4,0,Secundaria,15570.49,no_moroso
65,5962.95,7,29.8,1,Universitario,14449.02,no_moroso
23,4349.33,5,0.6,1,Tecnico,11201.31,no_moroso
24,9227.36,4,3.6,1,Secundaria,22571.81,no_moroso
67,10809.2,2,7.2,0,Universitario,28939.39,no_moroso
56,5296.84,1,12.1,1,Universitario,12334.98,no_moroso
24,8104.77,0,44.3,0,Posgrado,21730.73,moroso
55,817.47,4,6.2,0,Tecnico,2434.59,no_moroso
40,12500.36,1,,1,Tecnico,28393.44,moroso
57,5255.77,6,8.8,0,Universitario,15560.84,no_moroso
40,12500.36,1,,1,TECNICO,28393.44,moroso
37,3797.28,2,0.3,1,Secundaria,8681.89,no_moroso
30,7170.72,1,7.6,1,Posgrado,19292.55,no_moroso
35,7991.19,0,5.8,0,Tecnico,19151.94,no_moroso
43,5404.43,0,16.6,0,Tecnico,13320.61,no_moroso
60,5274.8,3,6.4,0,Posgrado,16356.46,no_moroso
41,6581.02,7,10.4,0,Secundaria,17641.91,no_moroso
34,7904.82,9,48.4,1,Universitario,20249.84,moroso
62,14244.12,5,5.9,1,Secundaria,35803.02,no_moroso
22,9021.02,0,2.7,1,Secundaria,20110.27,no_moroso
51,2096.16,1,0.4,0,Posgrado,9212.86,no_moroso
24,8319.05,0,6.3,0,Tecnico,20854.73,no_moroso
28,10845.28,2,31.6,1,tecnico,25867.76,moroso
25,13761.34,0,,0,Posgrado,37926.07,no_moroso
28,1548.51,5,7.4,1,Posgrado,5648.23,no_moroso
19,7795.44,6,28.9,1,Posgrado,20990.76,no_moroso
67,,9,2.8,1,Universitario,11037.43,no_moroso
52,2552.8,1,,0,Universitario,8154.0,no_moroso
46,,3,12.7,0,Tecnico,36031.18,no_moroso
65,7080.88,0,49.7,0,SECUNDARIA,15406.74,moroso
68,2499.67,7,19.2,1,Tecnico,5837.44,no_moroso
51,14464.9,3,18.5,0,Universitario,37202.61,no_moroso
39,7107.5,8,34.8,1,Posgrado,17914.69,moroso
64,5257.6,0,1.8,1,Secundaria,12491.06,no_moroso
67,7050.7,6,2.4,0,Secundaria,17780.41,no_moroso
18,14933.11,8,0.4,0,Universitario,39860.32,no_moroso
39,10395.61,1,37.3,1,Tecnico,23748.75,moroso
43,10069.72,4,1.1,1,Universitario,26224.72,no_moroso
19,14221.0,3,12.0,1,Universitario,35857.53,no_moroso
46,9392.09,4,5.5,0,Tecnico,24195.44,no_moroso
41,9496.58,4,18.4,1,Posgrado,25361.14,no_moroso
40,8377.59,5,27.7,0,Secundaria,19847.84,no_moroso
67,10630.41,5,,0,Tecnico,27131.07,no_moroso
30,1386.34,4,6.6,1,Secundaria,1209.09,no_moroso
64,12949.42,4,10.5,0,Universitario,33892.1,no_moroso
53,7302.31,3,7.3,0,Secundaria,18819.09,no_moroso
39,14553.41,6,47.5,0,Tecnico,35693.66,moroso
19,11039.3,2,9.2,1,Secundaria,24911.23,no_moroso
45,4658.81,0,9.4,0,Tecnico,11195.66,no_moroso
31,1964.98,3,49.9,1,Posgrado,4399.6,moroso
22,10234.03,1,13.9,1,Posgrado,26470.56,no_moroso
65,11860.82,2,2.2,0,Tecnico,30541.2,no_moroso
62,3590.81,2,2.0,0,Secundaria,9926.86,no_moroso
47,,7,4.7,1,Secundaria,36588.41,no_moroso
57,7569.5,5,4.7,0,Universitario,21244.61,no_moroso
68,7556.57,2,11.2,1,Secundaria,18296.05,no_moroso
50,13900.49,4,4.6,0,Tecnico,35601.48,no_moroso
29,2653.79,3,35.7,1,Posgrado,7466.32,moroso
33,,2,5.0,1,Tecnico,10655.51,no_moroso
49,12908.75,0,9.0,1,Secundaria,30515.71,no_moroso
41,12318.88,9,2.4,0,Tecnico,265494.4256756564,no_moroso
27,10224.93,8,18.6,1,Tecnico,25317.32,no_moroso
58,14124.94,6,2.3,0,Universitario,37746.8,no_moroso
56,7707.99,5,1.7,0,Tecnico,20231.96,no_moroso
34,9029.3,5,21.2,0,Tecnico,22497.24,no_moroso
52,8359.59,4,23.7,0,Secundaria,19977.73,no_moroso
34,5764.3,5,13.1,0,Secundaria,15288.63,no_moroso
57,6743.08,8,8.0,1,Secundaria,16583.01,no_moroso
19,1627.12,5,19.2,1,Posgrado,5915.92,no_moroso
35,4020.75,9,2.1,1,Universitario,11202.31,no_moroso
27,5833.79,5,5.5,1,Secundaria,13831.2,no_moroso
57,5895.55,5,20.1,1,Secundaria,12868.01,no_moroso
44,14966.93,2,6.3,1,Universitario,37964.12,no_moroso
25,7205.02,6,0.9,1,Universitario,19212.16,no_moroso
58,1866.56,1,,0,Universitario,5215.96,no_moroso
68,7123.48,5,8.2,1,Secundaria,16978.9,no_moroso
63,5877.25,9,1.3,1,universitario,17291.08,no_moroso
60,8529.44,8,30.8,0,Tecnico,21273.98,moroso
40,14126.33,3,7.9,1,Secundaria,33613.46,no_moroso
45,1219.08,3,31.7,0,Universitario,4230.61,moroso
19,5561.9,7,4.4,0,Tecnico,15339.41,no_moroso
39,4165.37,7,0.5,1,UNIVERSITARIO,11610.23,no_moroso
27,3546.76,0,7.0,0,Tecnico,8295.35,no_moroso
29,,1,34.2,1,Tecnico,200.0,moroso
69,13080.77,1,0.1,1,Tecnico,31747.17,no_moroso
61,,4,5.1,0,Tecnico,16300.62,no_moroso
51,6323.92,3,18.2,1,Tecnico,14802.51,no_moroso
45,14403.43,7,8.7,0,Secundaria,35879.4,no_moroso
36,4179.87,6,,0,Secundaria,12182.33,no_moroso
69,13108.76,9,3.1,0,Tecnico,34937.18,no_moroso
52,13704.93,9,17.0,0,Posgrado,38086.9,no_moroso
22,11683.13,7,1.5,1,Universitario,30397.86,no_moroso
57,1038.93,3,1.6,1,Universitario,2828.35,no_moroso
35,4758.78,9,3.7,1,Tecnico,13259.5,no_moroso
57,12688.36,0,6.2,0,Universitario,33203.04,no_moroso
65,6507.96,7,22.5,0,Secundaria,16070.23,no_moroso
46,10893.14,6,4.6,1,Tecnico,26875.64,no_moroso
46,10601.9,4,11.4,1,Universitario,27075.28,no_moroso
65,14116.43,5,7.7,0,Secundaria,35610.87,no_moroso
69,13534.69,3,25.1,0,Secundaria,32945.5,no_moroso
56,14110.79,2,8.9,1,Universitario,35259.69,no_moroso
30,3062.68,1,5.8,0,Secundaria,7456.57,no_moroso
36,2144.03,2,5.0,0,SECUNDARIA,5890.05,no_moroso
31,2617.3,0,,0,Posgrado,9578.15,no_moroso
67,11332.31,7,7.3,0,Universitario,30919.29,no_moroso
26,5635.09,4,1.7,1,Posgrado,16314.27,no_moroso
20,5884.38,3,18.2,1,Posgrado,16950.97,no_moroso
39,5018.08,3,11.6,0,Tecnico,13941.49,no_moroso
21,5740.35,2,1.7,1,Tecnico,14109.51,no_moroso
65,2100.35,5,5.0,1,Universitario,5826.9,no_moroso
58,1780.78,8,9.2,1,Tecnico,2881.93,no_moroso
47,2943.75,6,0.2,0,Universitario,9868.71,no_moroso
18,11085.42,8,,0,Secundaria,27770.97,no_moroso
54,,5,7.0,1,Universitario,25538.04,no_moroso
65,1274.17,9,61.0,0,Secundaria,2571.0,moroso
69,8753.6,7,3.2,1,Secundaria,21486.03,no_moroso
58,6743.46,8,15.4,1,Universitario,17768.65,no_moroso
24,11646.74,7,22.2,1,Tecnico,27983.99,no_moroso
32,11052.45,8,16.9,0,Secundaria,29241.39,no_moroso
46,14281.89,9,0.9,0,Tecnico,38292.94,no_moroso
42,6720.06,3,10.6,0,Universitario,18301.03,no_moroso
49,12878.53,8,32.9,0,Universitario,34342.13,moroso
39,9533.97,2,9.1,1,Universitario,23817.33,no_moroso
50,14004.63,9,35.1,1,Universitario,35056.21,moroso
54,13313.85,2,,1,Secundaria,32546.65,no_moroso
53,8032.31,6,1.9,1,Universitario,21683.68,no_moroso
43,,9,25.0,0,Tecnico,3205.6,no_moroso
48,5339.25,1,3.5,1,Secundaria,11827.43,no_moroso
43,8869.58,3,45.5,0,Universitario,288133.2786210752,moroso
42,2167.68,3,2.3,0,Secundaria,5335.22,no_moroso
18,8485.32,2,2.8,0,Tecnico,22453.32,no_moroso
56,7037.14,0,3.1,1,Secundaria,16871.55,no_moroso
49,8055.27,0,7.6,0,Secundaria,19339.94,no_moroso
61,7012.06,7,26.6,1,Secundaria,15873.56,no_moroso
29,8915.76,4,12.2,0,Tecnico,23671.59,no_moroso
69,7405.56,0,17.4,0,Posgrado,21314.7,no_moroso
40,3628.07,8,11.3,0,Universitario,10328.28,no_moroso
66,3896.34,9,38.2,1,Secundaria,8704.88,moroso
21,10542.01,9,0.4,0,Tecnico,29119.65,no_moroso
47,8111.69,2,24.8,1,Posgrado,21285.79,no_moroso
34,10357.7,3,62.6,0,Universitario,24344.31,moroso
18,10886.13,4,2.0,0,Universitario,29194.31,no_moroso
52,10873.35,6,8.1,0,Universitario,29711.02,no_moroso
19,8074.37,3,5.9,1,Universitario,20526.06,no_moroso
64,9138.21,6,2.6,1,Tecnico,22851.38,no_moroso
27,14908.26,4,10.0,0,Secundaria,38051.99,no_moroso
51,,3,4.7,0,Posgrado,40781.04,no_moroso
65,12535.85,8,,0,Universitario,288337.6072303444,no_moroso
69,4418.98,0,33.4,1,Secundaria,8104.27,moroso
45,12965.7,6,,0,Tecnico,33920.2,no_moroso
56,11555.59,7,2.1,0,Secundaria,30521.23,no_moroso
51,5674.82,9,1.6,1,Tecnico,14520.23,no_moroso
48,3955.29,8,12.3,0,Posgrado,13702.8,no_moroso
19,3626.07,3,4.4,1,Tecnico,8161.4,no_moroso
55,10531.79,1,1.4,0,Posgrado,28698.91,no_moroso
37,3264.05,8,9.4,1,Tecnico,8119.01,no_moroso
33,13279.53,1,34.6,0,Tecnico,32634.56,moroso
31,4080.01,7,35.9,0,Tecnico,10856.96,moroso
52,12788.47,7,114.1,0,Universitario,29126.64,moroso
27,10155.03,9,19.0,0,Universitario,28688.31,no_moroso
35,6743.06,6,36.1,0,Universitario,17503.84,moroso
49,2635.67,1,17.6,1,Tecnico,4102.33,no_moroso
24,11369.91,9,13.2,1,Secundaria,28152.12,no_moroso
49,13170.17,6,4.8,1,Universitario,33228.62,no_moroso
58,3113.95,7,52.6,0,Tecnico,6512.48,moroso
39,6354.73,1,12.8,0,Universitario,16898.86,no_moroso
55,12250.64,8,4.0,0,Universitario,34526.27,no_moroso
52,3457.04,0,24.2,0,Posgrado,264844.0002215608,no_moroso
65,10786.12,2,15.7,1,Secundaria,24333.44,no_moroso
40,11909.83,9,2.4,0,Tecnico,31386.28,no_moroso
33,2553.39,4,0.3,1,Secundaria,4630.02,no_moroso
36,10768.93,0,0.2,0,Secundaria,27491.14,no_moroso
67,1709.49,1,,0,Secundaria,4159.97,no_moroso
51,,9,15.7,1,Secundaria,22908.47,no_moroso
66,3572.61,0,9.8,1,Posgrado,9490.25,no_moroso
59,1957.41,8,0.4,0,Secundaria,5991.47,no_moroso
19,823.69,0,,1,Posgrado,3331.55,no_moroso
18,1141.81,4,0.4,1,Tecnico,2284.91,no_moroso
23,7055.83,2,14.3,1,Secundaria,15902.78,no_moroso
40,7106.07,1,10.6,0,UNIVERSITARIO,18781.41,no_moroso
50,14425.27,5,2.8,0,Universitario,37891.88,no_moroso
26,4591.83,0,50.5,0,Posgrado,12013.7,moroso
31,,2,0.8,0,Posgrado,24987.05,no_moroso
36,10233.04,5,30.7,0,Universitario,27323.23,moroso
54,2277.52,8,8.2,1,Universitario,6790.88,no_moroso
21,1756.96,8,26.5,0,Tecnico,4279.95,no_moroso
44,14133.68,7,32.2,0,Tecnico,36605.54,moroso
31,14137.92,8,21.2,0,Universitario,37127.64,no_moroso
43,1481.35,0,10.3,0,Universitario,4871.85,no_moroso
21,12823.07,3,29.9,0,Tecnico,31526.16,no_moroso
50,5452.26,7,2.3,1,Universitario,14443.64,no_moroso
55,13355.16,6,9.5,0,Posgrado,36559.85,no_moroso
20,10662.61,8,8.2,1,Tecnico,26953.97,no_moroso
60,9381.15,9,7.4,0,Tecnico,26675.66,no_moroso
23,,6,,0,Tecnico,11914.03,no_moroso
69,11060.49,6,0.2,1,posgrado,30611.37,no_moroso
45,4749.07,1,,0,Secundaria,11759.84,no_moroso
65,11910.57,1,12.8,0,Posgrado,32735.82,no_moroso
49,6782.87,6,19.3,0,Tecnico,17744.78,no_moroso
33,6423.71,3,12.0,0,Universitario,17716.62,no_moroso
41,1745.23,8,17.3,0,Universitario,272901.97916960967,no_moroso
25,7984.04,6,,1,Tecnico,19956.96,no_moroso
27,6713.85,7,10.9,1,Secundaria,16194.47,no_moroso
52,2089.22,4,25.7,0,Secundaria,4597.28,no_moroso
31,5205.06,0,1.1,0,Secundaria,11865.89,no_moroso
33,2291.75,9,,1,posgrado,7065.33,no_moroso
34,,2,13.9,0,Universitario,4698.14,no_moroso
19,7411.5,5,7.5,0,Tecnico,19110.14,no_moroso
27,3533.32,1,6.5,1,Tecnico,8065.57,no_moroso
39,7356.3,1,10.3,1,Universitario,18615.71,no_moroso
50,7887.65,3,0.1,1,Universitario,19914.14,no_moroso
55,6873.64,9,20.3,0,Universitario,19652.6,no_moroso
23,8473.22,6,5.0,0,Universitario,22876.82,no_moroso
37,14116.2,1,1.7,1,Universitario,34699.59,no_moroso
61,11171.01,5,15.8,0,Posgrado,31280.71,no_moroso
42,2382.73,4,12.2,0,Tecnico,6367.15,no_moroso
23,9289.54,1,1.5,0,Secundaria,23440.91,no_moroso
50,12545.55,1,13.6,1,Posgrado,32038.54,no_moroso
49,5402.87,9,35.2,0,Tecnico,14421.51,moroso
20,13488.91,8,25.0,0,Universitario,35768.52,no_moroso
48,9395.58,2,2.7,1,Tecnico,22202.66,no_moroso
26,13174.25,6,12.5,0,TECNICO,33618.76,no_moroso
53,,2,43.4,1,Universitario,17941.05,moroso
34,4926.09,5,18.2,1,Secundaria,10694.27,no_moroso
54,11554.99,5,19.3,0,Universitario,30886.02,no_moroso
53,6767.18,9,0.4,0,Universitario,21305.82,no_moroso
33,13258.91,5,19.3,0,Universitario,34566.75,no_moroso
31,2733.22,7,12.8,0,Tecnico,7683.0,no_moroso
41,8172.43,9,25.0,0,Universitario,22754.54,no_moroso
50,14821.3,2,3.9,1,Posgrado,38847.53,no_moroso
33,8209.34,4,31.4,0,Posgrado,22775.84,moroso
60,4112.26,9,,0,Posgrado,12918.6,moroso
50,12957.17,3,10.6,1,Tecnico,31205.22,no_moroso
66,5926.19,5,4.5,0,Secundaria,16454.54,no_moroso
33,14615.47,4,1.5,1,Tecnico,35572.22,no_moroso
64,5936.25,2,2.0,1,UNIVERSITARIO,14743.35,no_moroso
68,,0,6.2,1,Secundaria,1507.1,no_moroso
54,11431.12,7,21.7,1,Tecnico,28554.25,no_moroso
18,1306.64,2,47.6,1,Universitario,732.34,moroso
36,11386.43,0,5.1,1,Secundaria,26692.41,no_moroso
60,,4,25.5,1,Tecnico,4082.96,no_moroso
41,10625.97,5,13.6,1,Tecnico,26057.12,no_moroso
27,2905.71,4,3.9,0,Posgrado,10864.4,no_moroso
37,11653.29,3,1.0,0,Posgrado,33423.9,no_moroso
22,5487.84,8,4.9,0,Secundaria,15344.57,no_moroso
58,13206.65,4,10.3,0,Tecnico,33038.35,no_moroso
19,11968.86,6,50.6,0,Universitario,29542.08,moroso
20,,5,15.7,1,Universitario,26510.2,no_moroso
39,14772.74,0,10.3,1,Universitario,36610.76,no_moroso
53,11256.56,3,7.7,0,Tecnico,29390.87,no_moroso
58,6202.36,0,2.9,0,Secundaria,15948.79,no_moroso
26,6001.94,6,1.0,0,Posgrado,19712.28,no_moroso
63,9197.45,2,9.4,1,Universitario,22692.81,no_moroso
23,7267.94,2,6.8,1,Universitario,18419.77,no_moroso
26,4700.05,7,25.7,0,Secundaria,13148.12,no_moroso
53,,4,20.6,0,Universitario,36378.02,no_moroso
32,6986.95,2,19.9,0,Tecnico,16520.69,no_moroso
34,7096.84,0,2.5,1,Universitario,16367.27,no_moroso
26,14270.36,0,20.0,0,Secundaria,34205.56,no_moroso
64,11163.3,9,0.2,0,Tecnico,30328.29,no_moroso
55,12377.93,0,14.6,1,Secundaria,28824.21,no_moroso
52,4211.43,9,19.1,1,Universitario,11718.96,no_moroso
28,3687.09,9,,0,Tecnico,11279.45,no_moroso
67,13646.63,6,4.2,0,Tecnico,35819.57,no_moroso
28,12255.52,1,26.7,1,Universitario,29635.25,no_moroso
38,3578.72,1,,0,Posgrado,10850.21,no_moroso
27,853.95,6,,0,Secundaria,3443.17,no_moroso
42,1718.69,6,12.1,1,Universitario,4672.2,no_moroso
30,12510.31,6,9.4,0,Universitario,33088.49,no_moroso
28,,8,11.8,1,Tecnico,8220.59,no_moroso
45,6018.76,4,24.5,1,Tecnico,12935.98,no_moroso
20,3590.71,6,21.9,1,Universitario,8949.57,no_moroso
59,5192.22,3,46.9,0,Posgrado,14056.78,moroso
68,8491.11,6,46.4,1,Universitario,20987.69,moroso
24,4559.85,3,16.1,0,Tecnico,11188.59,no_moroso
24,,8,5.9,1,Tecnico,11682.78,no_moroso
22,1945.46,4,12.6,0,Universitario,6834.23,no_moroso
26,1544.13,5,11.6,1,Universitario,275485.8233050413,no_moroso
40,,4,19.3,1,Secundaria,7196.63,no_moroso
23,5474.01,4,0.8,0,Universitario,15402.82,no_moroso
22,10850.78,0,11.1,0,Universitario,27686.64,no_moroso
58,9753.32,8,5.4,0,Universitario,28644.16,no_moroso
61,4159.16,1,18.8,0,Tecnico,9798.6,no_moroso
46,2610.73,3,,1,Universitario,5554.9,no_moroso
40,11988.98,4,3.7,0,Tecnico,30373.98,no_moroso
54,4470.54,8,18.6,0,Secundaria,12093.43,no_moroso
40,9354.47,8,25.4,1,Tecnico,22726.36,no_moroso
60,14971.76,6,,0,Tecnico,39501.46,no_moroso
45,7988.82,5,1.2,1,Universitario,20740.02,no_moroso
55,4794.81,4,77.5,0,Secundaria,9626.44,moroso
50,7870.13,4,37.0,0,Tecnico,18949.07,moroso
30,10128.76,5,,0,Tecnico,27332.73,no_moroso
54,8021.53,2,67.8,1,Tecnico,15545.2,moroso
60,10859.42,4,31.8,0,Secundaria,26363.49,moroso
39,3727.14,2,30.5,0,Posgrado,11833.95,moroso
55,1197.29,6,8.5,0,Posgrado,6821.49,no_moroso
67,5798.89,3,10.3,1,Universitario,14508.28,no_moroso
62,14809.33,0,0.4,0,Posgrado,40268.2,no_moroso
67,1446.66,2,13.2,0,Tecnico,3966.55,no_moroso
54,2410.65,3,,0,Posgrado,8912.52,no_moroso
61,7265.42,1,8.8,0,Posgrado,20486.51,no_moroso
68,11973.93,4,1.1,1,Tecnico,29504.08,no_moroso
61,9447.68,2,16.4,0,Tecnico,23478.76,no_moroso
52,5782.42,4,13.8,1,Universitario,14076.86,no_moroso
34,12856.82,3,4.4,1,Universitario,32682.81,no_moroso
52,10578.29,0,5.1,0,Tecnico,26910.42,no_moroso
44,4030.1,8,53.1,1,Universitario,9833.91,moroso
37,10495.8,6,30.9,1,Posgrado,26855.19,moroso
23,2782.99,2,,1,Tecnico,3513.16,moroso
40,,0,0.1,1,Posgrado,30623.56,no_moroso
62,8330.7,8,5.1,1,Universitario,22572.37,no_moroso
52,12005.72,0,22.6,0,Tecnico,29931.12,no_moroso
46,13445.28,3,6.2,1,Tecnico,194243.6759022117,no_moroso
62,8243.23,7,0.1,0,Universitario,23077.16,no_moroso
36,13623.47,9,2.0,1,Tecnico,34115.33,no_moroso
43,5168.84,9,4.3,0,Tecnico,15038.24,no_moroso
61,10909.37,6,0.3,0,Posgrado,31482.23,no_moroso
29,3988.58,1,20.5,0,Universitario,10207.83,no_moroso
55,10562.48,1,5.6,0,Universitario,28017.97,no_moroso
47,7256.15,6,15.0,0,Universitario,19572.41,no_moroso
56,1059.54,9,32.0,1,Universitario,4026.74,moroso
57,7867.38,5,,0,Secundaria,20390.93,no_moroso
49,11849.01,1,9.0,0,Tecnico,29186.4,no_moroso
29,14182.38,9,10.3,0,Tecnico,37316.6,no_moroso
49,7121.58,1,71.1,1,Universitario,15561.17,moroso
57,5081.34,6,27.0,0,Universitario,13944.47,no_moroso
69,1548.85,1,1.5,1,Tecnico,3024.24,no_moroso
51,8118.09,5,,1,Universitario,20748.59,no_moroso
21,7466.71,6,18.8,1,Universitario,18796.79,no_moroso
28,2975.05,6,8.0,0,Universitario,8531.84,no_moroso
45,2347.06,5,6.3,0,Tecnico,8278.78,no_moroso
53,3649.56,2,0.1,1,Secundaria,7940.85,no_moroso
54,5027.27,6,83.2,1,Posgrado,10231.69,moroso
41,11738.2,6,5.9,0,Tecnico,31527.43,no_moroso
25,1660.44,2,,0,Secundaria,3552.47,no_moroso
24,5251.48,2,40.8,1,Secundaria,9764.57,moroso
45,12258.94,5,,1,Universitario,28602.4,moroso
53,2092.09,9,24.6,0,posgrado,9797.36,no_moroso
20,4753.79,3,12.7,0,Tecnico,12519.93,no_moroso
24,6234.69,8,4.2,1,Posgrado,18005.83,no_moroso
20,3253.5,8,,0,Secundaria,9391.29,no_moroso
35,12523.24,1,,0,Secundaria,31540.65,no_moroso
67,3228.47,4,,0,Universitario,9119.45,no_moroso
64,1260.97,2,11.0,0,tecnico,3341.85,no_moroso
56,4090.76,7,21.4,0,Universitario,12581.75,no_moroso
35,3947.92,6,12.4,0,Universitario,11591.08,no_moroso
28,6535.57,4,17.5,1,Secundaria,14949.17,no_moroso
22,7966.45,9,6.6,1,Tecnico,20665.54,no_moroso
22,2852.02,7,2.9,1,Universitario,8009.21,no_moroso
63,14524.32,9,3.7,0,Universitario,38917.87,no_moroso
69,9669.25,3,2.4,1,Universitario,24550.69,no_moroso
26,11468.68,8,15.7,1,Tecnico,229669.70496525854,no_moroso
50,11004.21,3,3.4,1,Secundaria,26395.98,no_moroso
54,14706.57,5,28.9,1,Posgrado,37518.99,no_moroso
46,9041.14,5,1.6,0,Tecnico,24200.78,no_moroso
40,1291.55,5,18.4,0,Universitario,4790.84,no_moroso
63,9218.75,4,0.1,1,Tecnico,23288.94,no_moroso
26,,9,6.1,0,Universitario,23604.01,no_moroso
54,11868.79,7,5.2,1,Universitario,31023.8,no_moroso
63,7859.09,9,30.1,1,Universitario,20009.08,moroso
37,5711.66,6,28.7,1,Tecnico,13217.45,no_moroso
55,4026.5,5,12.6,1,Universitario,10723.37,no_moroso
30,12290.36,3,4.2,0,Universitario,32121.51,no_moroso
57,6793.66,8,5.8,0,Universitario,19754.63,no_moroso
52,4492.83,8,0.3,0,Universitario,14108.3,no_moroso
65,12833.63,8,0.5,1,Universitario,34056.55,no_moroso
20,10061.99,8,3.0,1,Universitario,27524.72,no_moroso
64,2750.5,7,2.6,1,Secundaria,7187.88,no_moroso
25,9515.93,6,2.8,1,Universitario,25207.08,no_moroso
43,10751.69,7,1.4,0,Posgrado,31037.26,no_moroso
53,9539.83,5,16.3,0,Universitario,25363.54,no_moroso
35,1904.73,9,0.8,1,Tecnico,6053.75,no_moroso
58,13327.9,5,25.2,0,Posgrado,36758.43,no_moroso
19,8644.17,4,4.8,0,TECNICO,21825.0,no_moroso
36,3335.33,6,15.4,0,Posgrado,10918.77,no_moroso
66,7736.43,6,7.4,0,Secundaria,20971.36,no_moroso
56,7869.81,0,6.1,0,Secundaria,20483.07,no_moroso
23,3503.06,9,7.0,0,Posgrado,14156.24,no_moroso
39,12390.61,6,12.3,0,Secundaria,30601.39,no_moroso
48,13112.49,1,12.6,0,Tecnico,33136.78,no_moroso
37,5941.68,8,1.3,1,Universitario,17430.15,no_moroso
32,,2,0.6,0,Tecnico,12656.79,no_moroso
61,10367.33,9,18.3,1,Posgrado,27837.41,no_moroso
53,4163.1,1,2.7,0,Universitario,13072.82,no_moroso
43,5163.67,5,13.1,1,Tecnico,11941.18,no_moroso
18,,6,5.4,0,Tecnico,23212.78,no_moroso
37,13515.92,0,18.5,1,Tecnico,32389.96,no_moroso
64,14059.89,4,27.7,0,Universitario,36141.08,no_moroso
64,5919.67,8,12.7,1,Universitario,15059.87,no_moroso
68,11150.23,2,10.8,0,UNIVERSITARIO,29628.22,no_moroso
34,13878.08,5,27.0,0,Universitario,36276.52,no_moroso
24,7678.27,4,27.0,0,Secundaria,18088.21,no_moroso
47,14894.21,9,6.2,0,Secundaria,39244.54,no_moroso
44,3908.72,6,14.9,0,Universitario,11741.71,no_moroso
36,3865.8,9,17.8,1,Universitario,11076.3,no_moroso
20,3417.37,0,7.8,0,Tecnico,9700.99,no_moroso
28,8962.36,8,26.1,1,Tecnico,22201.94,no_moroso
50,13918.15,0,,1,Universitario,31354.96,moroso
42,12972.6,8,1.4,1,Posgrado,35542.79,no_moroso
40,1387.35,4,11.9,1,Posgrado,5238.8,no_moroso
68,2805.38,6,1.9,0,UNIVERSITARIO,9546.39,no_moroso
55,10096.65,0,30.7,0,Tecnico,25489.77,moroso
52,11549.23,8,25.1,1,Universitario,29457.44,no_moroso
32,7846.29,0,15.3,0,Universitario,19744.18,no_moroso
67,13434.74,1,8.2,0,Secundaria,33011.18,no_moroso
18,,0,1.0,0,Universitario,22924.75,no_moroso
22,5119.21,7,3.5,0,Tecnico,14778.54,no_moroso
59,5226.99,6,0.3,0,Universitario,16665.39,no_moroso
65,6549.2,6,61.2,0,Tecnico,14815.89,moroso
24,12785.21,4,11.8,0,Tecnico,33039.41,no_moroso
67,2895.27,2,17.0,1,Posgrado,8778.53,no_moroso
56,8412.2,8,25.4,1,tecnico,20139.13,no_moroso
52,3971.91,7,14.9,0,Tecnico,11749.95,no_moroso
55,10943.18,4,8.3,0,Tecnico,28718.95,no_moroso
31,5365.18,4,0.4,0,Tecnico,15666.12,no_moroso
20,12090.43,7,,0,Universitario,33239.31,no_moroso
39,8702.14,6,7.6,0,Universitario,24429.12,no_moroso
24,7729.54,0,0.1,0,Universitario,20315.71,no_moroso
50,10170.21,2,29.4,1,Secundaria,22881.16,no_moroso
42,11719.57,8,1.6,0,Tecnico,31264.53,no_moroso
52,11520.97,7,13.6,1,Posgrado,30988.37,no_moroso
56,12513.28,2,42.4,0,Posgrado,33290.04,moroso
52,2673.61,1,48.0,0,Universitario,5443.62,moroso
69,2166.39,8,13.9,1,Posgrado,7572.08,no_moroso
21,12494.26,2,12.1,0,Secundaria,30828.58,no_moroso
50,3086.78,1,32.6,0,Universitario,7818.33,moroso
31,,0,21.4,0,Tecnico,15627.89,no_moroso
68,5991.12,3,8.4,0,Tecnico,16142.29,no_moroso
24,2573.55,9,23.0,1,Universitario,6135.89,no_moroso
20,,4,7.3,1,Tecnico,8606.07,no_moroso
18,3479.71,4,9.7,0,Secundaria,9551.53,no_moroso
20,8092.87,8,16.0,0,Universitario,23159.56,no_moroso
65,14567.24,5,2.3,1,UNIVERSITARIO,38170.13,no_moroso
51,9731.96,7,17.2,0,Tecnico,25075.87,no_moroso
63,6231.9,3,3.3,0,Posgrado,19564.36,no_moroso
62,7166.52,0,11.8,1,Universitario,17786.5,no_moroso
34,4074.55,3,2.8,1,Universitario,11273.48,no_moroso
62,1398.05,3,17.2,1,Universitario,3818.96,no_moroso
32,,2,2.5,0,Posgrado,10044.73,no_moroso
64,,5,1.9,1,SECUNDARIA,34795.77,no_moroso
65,14059.77,8,,0,Tecnico,37971.22,no_moroso
39,13011.68,7,1.2,1,Tecnico,32045.98,no_moroso
60,14208.68,9,44.2,0,Posgrado,37500.58,moroso
20,,5,2.4,1,Tecnico,8548.74,no_moroso
18,11944.43,7,16.7,1,Universitario,30023.47,no_moroso
21,,3,20.0,0,Universitario,22346.65,no_moroso
52,9842.68,0,31.0,0,UNIVERSITARIO,25043.84,moroso
32,4410.23,4,19.7,1,Tecnico,9897.4,no_moroso
25,9300.3,5,9.7,0,Tecnico,24191.23,no_moroso
40,10047.35,3,,1,Posgrado,27080.6,no_moroso
64,12166.0,0,5.0,0,Universitario,31286.48,no_moroso
44,,9,0.3,1,Tecnico,35997.41,no_moroso
62,10598.6,4,16.2,0,Universitario,27384.71,no_moroso
27,8545.7,7,2.5,0,Tecnico,23721.21,no_moroso
55,1994.86,0,38.9,0,Secundaria,4080.33,moroso
37,3895.54,1,10.6,1,Universitario,9171.31,no_moroso
68,13446.71,0,6.2,0,Tecnico,32491.4,no_moroso
28,13208.74,1,2.2,0,Tecnico,34027.91,no_moroso
69,7853.48,4,14.6,0,Secundaria,268836.03155131364,no_moroso
50,14055.57,6,48.2,0,Secundaria,34594.16,moroso
24,1470.89,8,,0,Universitario,6354.6,no_moroso
62,8287.7,6,,1,Tecnico,21906.9,no_moroso
51,6948.81,8,24.7,0,Universitario,19243.82,no_moroso
28,6728.17,1,4.9,1,Universitario,16852.22,no_moroso
47,6781.15,0,29.4,0,Universitario,270951.55398084864,no_moroso
27,4248.87,0,5.4,0,Secundaria,10207.36,no_moroso
58,9874.08,8,14.8,1,Tecnico,24977.22,no_moroso
33,10768.49,9,36.0,0,Posgrado,30406.51,moroso
31,2879.04,5,2.0,1,Tecnico,7937.57,no_moroso
43,10626.58,8,4.7,0,Secundaria,27746.91,no_moroso
46,13671.04,7,2.9,1,Universitario,35346.45,no_moroso
48,,6,3.3,1,Universitario,17167.89,no_moroso
25,4244.4,5,0.4,1,Posgrado,12766.53,no_moroso
51,9380.4,0,4.3,0,Secundaria,22326.61,no_moroso
37,3007.54,0,15.6,0,Tecnico,6670.88,no_moroso
53,2036.15,2,10.8,0,Tecnico,5114.43,no_moroso
54,12757.18,5,1.0,1,Universitario,32858.14,no_moroso
41,13905.11,1,4.4,1,Tecnico,33190.74,no_moroso
24,,7,10.2,0,Posgrado,16991.82,no_moroso
20,12985.15,8,33.8,0,Tecnico,33041.45,moroso
48,5833.46,4,,1,TECNICO,12632.3,no_moroso
56,1564.59,7,10.2,0,SECUNDARIA,4939.12,no_moroso
32,5435.1,9,26.7,0,Tecnico,14585.69,no_moroso
21,3715.52,7,4.7,0,Universitario,12172.52,no_moroso
20,12165.22,6,9.0,1,Universitario,31579.83,no_moroso
19,14858.05,0,21.2,1,Tecnico,34727.66,no_moroso
24,6710.49,8,6.7,0,Posgrado,20992.85,no_moroso
61,1997.71,6,11.3,1,Universitario,5328.57,no_moroso
30,2179.37,4,6.6,0,Posgrado,8171.94,no_moroso
19,14429.99,3,14.2,0,Tecnico,35942.24,no_moroso
60,12191.15,6,3.1,1,Tecnico,29557.08,no_moroso
47,4225.37,7,6.0,0,Posgrado,14846.39,no_moroso
38,4542.92,9,4.6,0,Secundaria,13802.58,no_moroso
60,10424.85,9,3.2,0,Tecnico,28487.22,no_moroso
59,7837.41,3,1.4,1,Posgrado,22174.55,no_moroso
61,5165.64,2,,0,Posgrado,13688.82,moroso
43,4219.22,2,15.5,0,Tecnico,10199.51,no_moroso
23,10152.7,8,9.0,1,Secundaria,24839.7,no_moroso
32,,8,60.2,1,Tecnico,22720.02,moroso
49,14394.86,6,4.2,0,Universitario,38129.67,no_moroso
35,12418.38,0,8.9,0,Universitario,32430.37,no_moroso
31,2375.02,4,57.7,0,Posgrado,6546.39,moroso
64,2475.03,9,37.7,1,Tecnico,5922.02,moroso
42,12405.91,7,7.7,1,Tecnico,29581.09,no_moroso
59,9372.55,6,5.1,0,Posgrado,27497.99,no_moroso
63,8926.26,6,7.7,0,Universitario,24516.15,no_moroso
69,8648.25,4,1.2,1,Secundaria,20632.48,no_moroso
42,9522.22,9,4.7,1,Secundaria,23083.93,no_moroso
26,13329.89,8,22.7,0,universitario,35182.59,no_moroso
33,3414.32,2,10.8,0,Secundaria,7866.49,no_moroso
57,874.39,1,8.4,1,Tecnico,275.56,no_moroso
38,2212.37,2,0.1,1,Tecnico,4960.78,no_moroso
38,13350.29,2,5.8,0,Universitario,35703.29,no_moroso
22,6490.93,5,17.0,0,Secundaria,16566.29,no_moroso
34,2268.48,9,59.7,1,Secundaria,1992.03,moroso
25,11518.64,7,1.9,1,Universitario,29649.09,no_moroso
64,8936.42,2,11.0,0,Tecnico,23700.89,no_moroso
34,11850.34,7,0.6,0,Secundaria,31179.69,no_moroso
62,8838.83,9,17.0,0,Tecnico,23528.32,no_moroso
65,6632.9,6,2.7,0,Tecnico,18059.98,no_moroso
30,5612.53,5,13.4,1,TECNICO,13362.19,no_moroso
26,,5,25.2,1,Posgrado,10888.24,no_moroso
29,7434.44,1,1.2,0,Tecnico,18346.38,no_moroso
50,11745.3,0,61.4,0,Posgrado,29641.27,moroso
39,10225.14,4,1.8,1,Tecnico,26741.53,no_moroso
58,2502.72,0,1.2,1,Tecnico,5307.87,no_moroso
27,3628.68,0,12.2,0,Posgrado,11489.7,no_moroso
29,14481.17,1,13.2,0,Posgrado,39406.16,no_moroso
54,10647.39,9,40.3,0,Universitario,27140.44,moroso
42,1684.35,1,54.6,0,Universitario,1875.95,moroso
18,11368.81,9,4.7,0,Tecnico,30781.06,no_moroso
51,6984.2,0,41.9,0,Tecnico,16795.86,moroso
58,3909.56,8,3.3,0,Posgrado,14147.77,no_moroso
53,,2,,0,Secundaria,5315.7,no_moroso
32,14085.03,0,2.4,0,Tecnico,34869.7,no_moroso
37,8820.41,8,4.2,0,Secundaria,243755.75777526945,no_moroso
61,9365.06,6,11.2,0,Universitario,25371.86,no_moroso
27,5557.55,8,5.3,1,Universitario,14466.72,no_moroso
66,,6,5.9,0,Tecnico,8948.07,no_moroso
33,4121.23,2,,1,Tecnico,9641.32,no_moroso
39,12603.11,9,4.4,1,Tecnico,32516.66,no_moroso
64,14935.8,2,41.2,1,Universitario,35957.37,moroso
25,10684.38,5,0.5,1,Tecnico,26979.13,no_moroso
19,1118.13,4,34.0,0,Universitario,3102.01,moroso
47,13324.02,6,1.3,1,Universitario,34900.94,no_moroso
24,10062.77,0,1.2,1,Secundaria,23121.59,no_moroso
61,956.28,8,,0,Secundaria,3635.36,no_moroso
18,8681.67,9,29.9,0,Universitario,23513.35,no_moroso
45,12119.68,6,8.1,0,Universitario,33394.97,no_moroso
20,5639.93,1,,1,Universitario,13961.44,no_moroso
31,11982.06,3,7.1,0,Universitario,32018.8,no_moroso
38,10637.64,2,17.2,0,Secundaria,26725.75,no_moroso
26,2848.52,8,15.5,1,Secundaria,6181.54,no_moroso
44,4555.84,1,,0,Secundaria,11666.51,no_moroso
39,1502.51,1,43.0,0,UNIVERSITARIO,3011.36,moroso
63,14075.92,9,36.7,0,Universitario,36559.64,moroso
22,11232.18,9,32.8,0,Secundaria,28262.13,moroso
38,7402.65,1,18.6,1,UNIVERSITARIO,17823.69,no_moroso
65,11493.04,5,27.2,1,Secundaria,26694.27,no_moroso
49,4029.58,6,3.4,0,Secundaria,10930.62,no_moroso
38,7541.25,0,5.2,0,Secundaria,18534.24,no_moroso
63,,8,5.2,0,Universitario,6111.99,no_moroso
51,5162.45,8,0.1,1,tecnico,13293.86,no_moroso
41,3188.52,3,19.3,0,Posgrado,10379.46,no_moroso
53,10279.79,3,9.4,1,Posgrado,26994.49,no_moroso
22,11088.48,7,33.6,1,Secundaria,25300.17,moroso
46,8031.62,7,0.1,1,Posgrado,23159.2,no_moroso
47,12219.43,0,14.9,0,Universitario,31586.19,no_moroso
24,8455.64,1,0.7,0,Universitario,22548.34,no_moroso
43,13047.87,7,4.4,0,Posgrado,36879.8,no_moroso
46,3593.17,4,4.7,1,Universitario,9378.8,no_moroso
60,,4,0.6,0,Tecnico,26245.67,no_moroso
29,8321.73,2,6.2,1,Universitario,20903.35,no_moroso
55,9196.07,2,6.3,0,UNIVERSITARIO,24477.35,no_moroso
24,6214.78,8,17.1,1,Posgrado,17316.36,no_moroso
25,12633.07,3,0.0,0,Tecnico,32657.88,no_moroso
49,7101.19,4,3.8,0,Posgrado,20274.57,no_moroso
27,6640.65,0,3.8,1,Tecnico,15054.35,no_moroso
48,4861.92,4,7.8,1,Tecnico,11473.35,no_moroso
65,1249.84,8,0.0,0,Universitario,6514.41,no_moroso
23,,2,1.7,0,Tecnico,21255.7,no_moroso
30,7600.98,3,12.3,1,Universitario,18852.03,no_moroso
57,12041.76,5,13.4,0,Tecnico,30401.05,no_moroso
32,3929.76,3,1.8,0,Posgrado,12501.37,no_moroso
18,4933.77,6,3.9,0,Tecnico,13580.12,no_moroso
23,11943.37,9,9.8,1,Universitario,32074.35,no_moroso
65,1031.55,4,0.5,0,universitario,5608.82,no_moroso
58,6320.7,7,32.1,1,Universitario,16179.23,moroso
43,,2,13.4,0,Tecnico,11845.67,no_moroso
63,5463.14,3,,1,Universitario,13323.45,no_moroso
36,12307.35,6,6.3,1,Universitario,32079.47,no_moroso
46,8920.72,9,6.5,1,Universitario,24148.38,no_moroso
22,4408.41,3,2.6,0,Tecnico,10939.23,no_moroso
43,14360.8,2,30.7,0,Universitario,35592.5,moroso
25,3590.93,2,5.7,1,Universitario,9462.96,no_moroso
48,12100.82,3,27.7,0,Secundaria,28976.81,no_moroso
40,12606.57,9,4.7,1,Universitario,33014.98,no_moroso
48,6877.21,9,9.5,0,Universitario,20345.3,no_moroso
53,11081.34,5,9.3,1,Universitario,27963.17,no_moroso
60,12484.88,6,4.0,1,Secundaria,30375.95,no_moroso
23,9410.31,4,22.3,0,Tecnico,23025.15,no_moroso
59,13656.19,3,,1,Tecnico,33237.01,no_moroso
60,4730.96,9,6.2,0,Tecnico,12804.83,no_moroso
46,10008.56,3,12.2,0,TECNICO,25285.0,no_moroso
36,5308.88,8,44.4,0,Posgrado,15883.68,moroso
30,9512.38,5,25.8,1,UNIVERSITARIO,23536.02,no_moroso
22,1241.75,9,1.7,0,Tecnico,5480.25,no_moroso
33,3230.76,7,43.8,0,Posgrado,10916.0,moroso
58,7255.82,2,54.3,0,Universitario,17565.69,moroso
57,12718.94,9,2.8,1,Posgrado,34467.52,no_moroso
56,,1,0.3,0,Posgrado,12306.86,no_moroso
44,2189.24,5,0.1,1,Posgrado,7810.11,no_moroso
31,2531.71,1,3.5,0,Tecnico,6395.0,no_moroso
31,13620.71,8,13.1,1,Universitario,34519.92,no_moroso
52,12061.27,7,13.4,1,Secundaria,29795.02,no_moroso
60,13482.09,2,9.7,0,Universitario,35892.4,no_moroso
64,2748.53,7,19.4,1,Secundaria,5795.59,no_moroso
57,5319.94,3,12.6,0,Universitario,15527.76,no_moroso
50,6641.71,9,18.8,0,Secundaria,17109.79,no_moroso
26,13962.34,0,29.0,1,Universitario,33739.33,no_moroso
21,3523.91,9,,0,Posgrado,13708.26,no_moroso
49,13928.7,6,15.3,1,Universitario,34633.6,no_moroso
64,12436.71,3,12.1,0,Secundaria,30793.26,no_moroso
68,,5,1.8,1,Secundaria,16450.51,no_moroso
42,4852.83,6,26.4,0,Tecnico,12922.26,no_moroso
61,13935.15,6,,0,Tecnico,36569.65,no_moroso
41,3526.03,1,9.7,0,Universitario,10312.91,no_moroso
63,3181.45,1,16.0,0,Posgrado,9698.02,no_moroso
68,9360.84,0,1.0,1,Tecnico,21934.81,no_moroso
46,11254.89,5,38.6,0,Universitario,28996.1,moroso
42,6670.92,1,21.7,0,Tecnico,16029.52,no_moroso
57,8151.53,6,39.1,0,Tecnico,20010.2,moroso
30,14822.4,3,31.8,0,Posgrado,39654.64,moroso
35,14986.46,0,,1,Universitario,36444.95,no_moroso
55,12115.51,5,,1,Tecnico,29242.8,no_moroso
51,7392.09,9,0.3,1,Tecnico,18635.13,no_moroso
29,4418.84,0,13.6,0,Secundaria,10974.16,no_moroso
60,6124.5,6,19.3,0,Universitario,17625.05,no_moroso
66,14280.75,2,35.3,1,Posgrado,35089.98,moroso
36,3301.35,3,,1,Posgrado,10224.67,no_moroso
26,873.72,3,,0,Secundaria,610.3,moroso
25,12586.8,2,14.7,0,Posgrado,34578.5,no_moroso
54,6395.51,6,15.7,1,Tecnico,16025.38,no_moroso
24,8230.33,8,,1,Universitario,21730.13,no_moroso
29,4753.99,6,19.4,1,Secundaria,10357.45,no_moroso
20,10406.37,9,5.5,1,Universitario,27616.54,no_moroso
34,14073.07,8,15.1,0,Universitario,37579.8,no_moroso
25,14817.31,5,7.0,1,Posgrado,39838.65,no_moroso
44,8849.92,3,8.2,0,Posgrado,25495.16,no_moroso
32,14127.45,2,4.3,0,Secundaria,35184.31,no_moroso
32,2030.27,5,4.5,1,Tecnico,4771.08,no_moroso
58,14605.32,7,,1,Universitario,37183.76,no_moroso
24,3160.29,8,4.3,1,Secundaria,7478.16,no_moroso
45,9680.04,7,30.4,1,Posgrado,26006.85,moroso
38,4962.62,5,33.5,1,Universitario,11634.8,moroso
28,9045.41,4,,0,Universitario,24906.38,no_moroso
54,14467.53,6,29.0,0,Tecnico,35572.78,no_moroso
45,10471.5,6,40.2,0,Tecnico,26063.14,moroso
47,12096.43,1,6.7,1,Secundaria,28516.59,no_moroso
25,3143.86,2,12.1,1,Secundaria,7211.83,no_moroso
29,9629.7,6,6.6,0,Universitario,26459.5,no_moroso
33,9803.51,7,1.2,0,Universitario,27144.01,no_moroso
30,2608.3,7,1.7,0,Universitario,9458.82,no_moroso
27,5809.81,5,10.8,1,Universitario,14969.28,no_moroso
65,4082.87,2,56.5,1,Tecnico,6909.26,moroso
42,7532.07,4,7.6,0,Tecnico,19312.81,no_moroso
44,10413.55,7,0.4,0,Secundaria,27467.83,no_moroso
25,8888.36,3,3.1,1,Tecnico,21468.56,no_moroso
35,,6,5.9,0,Tecnico,31572.44,no_moroso
53,1176.08,9,22.3,0,Universitario,4325.52,no_moroso
41,3718.67,4,0.6,0,Tecnico,206312.67864223287,no_moroso
55,11760.65,3,15.9,1,Universitario,29552.33,no_moroso
56,6149.24,4,2.7,0,Tecnico,17054.73,no_moroso
20,14741.2,7,5.8,1,Universitario,38169.65,no_moroso
62,6472.76,6,3.9,0,Tecnico,18072.81,no_moroso
30,9057.21,4,27.8,0,Secundaria,21824.16,no_moroso
64,11076.8,5,31.2,1,Universitario,27035.22,moroso
46,4083.84,7,26.7,0,Tecnico,11612.84,no_moroso
51,10441.07,8,52.4,1,Universitario,24410.54,moroso
58,4994.04,3,12.5,0,Tecnico,13382.97,no_moroso
26,8869.78,9,40.7,0,Secundaria,21707.67,moroso
26,1203.33,1,21.6,1,Posgrado,2413.07,no_moroso
59,5769.46,8,49.1,0,Posgrado,17728.16,moroso
35,6670.29,9,8.9,0,Tecnico,18244.14,no_moroso
39,6512.08,1,2.8,0,Universitario,17588.7,no_moroso
25,1219.26,6,16.0,0,Universitario,5557.05,no_moroso
53,3273.24,0,12.3,1,Tecnico,6988.83,no_moroso
68,4077.76,9,7.5,1,Universitario,11629.54,no_moroso
22,2989.44,0,15.2,0,Tecnico,7519.65,no_moroso
23,1172.73,1,1.7,1,Posgrado,4033.84,no_moroso
51,1772.16,7,40.8,1,Secundaria,2493.18,moroso
43,5646.8,0,3.3,1,Tecnico,13175.77,no_moroso
26,13836.49,8,34.8,1,Universitario,33922.78,moroso
48,11824.49,0,7.2,0,Secundaria,29202.48,no_moroso
43,6017.47,1,0.4,0,Universitario,16512.16,no_moroso
61,3944.02,8,20.6,0,Universitario,11387.81,no_moroso
34,14162.13,4,36.2,0,Universitario,35769.19,moroso
34,4988.05,2,0.4,1,Universitario,12458.96,no_moroso
61,11014.44,2,4.5,1,Posgrado,28722.76,no_moroso
27,13963.0,3,2.1,1,Tecnico,34422.36,no_moroso
27,10144.97,1,6.8,0,Universitario,26743.76,no_moroso
58,8403.02,2,29.7,1,Universitario,20663.39,no_moroso
38,8138.8,5,4.8,0,Universitario,22457.24,no_moroso
29,,6,13.1,1,Tecnico,32852.12,no_moroso
43,9960.9,7,53.0,0,Tecnico,23629.36,moroso
66,2808.52,3,6.7,0,Universitario,8851.96,no_moroso
46,4365.16,5,6.2,0,Tecnico,12554.12,no_moroso
66,,2,20.2,0,Universitario,23755.65,no_moroso
20,8834.01,4,17.8,1,Tecnico,20393.63,no_moroso
64,4655.07,3,,0,Tecnico,11689.38,no_moroso
30,6422.38,7,1.4,0,Tecnico,18377.96,no_moroso
35,,8,23.7,0,Universitario,37471.07,no_moroso
38,10028.2,4,5.6,1,Tecnico,24503.09,no_moroso
28,9151.77,1,5.5,0,Tecnico,23531.99,no_moroso
23,8944.04,1,47.0,0,Secundaria,19775.67,moroso
31,5712.37,6,4.5,0,Universitario,16467.64,no_moroso
44,13621.07,8,,1,Secundaria,250612.19849208044,no_moroso
48,,3,8.5,0,Universitario,18893.87,no_moroso
30,14381.04,6,23.8,0,Posgrado,38286.3,no_moroso
50,4442.32,3,2.7,0,Posgrado,14891.09,no_moroso
41,3199.76,1,10.3,1,Tecnico,7054.8,no_moroso
59,,0,4.4,0,Posgrado,7541.3,no_moroso
28,5532.31,1,28.1,1,Secundaria,10983.46,no_moroso
58,4959.8,8,30.9,0,Universitario,13882.82,moroso
49,8720.1,1,16.1,1,Secundaria,19746.84,no_moroso
54,4650.56,2,11.4,0,Universitario,12553.94,no_moroso
25,10604.55,5,19.1,0,Universitario,27410.19,no_moroso
52,4653.55,8,6.1,1,Tecnico,12664.83,no_moroso
47,7592.72,7,8.3,0,Tecnico,19912.27,no_moroso
20,13049.95,5,14.7,0,Universitario,33742.52,no_moroso
18,977.32,8,2.6,0,Tecnico,4915.26,no_moroso
21,4567.77,5,42.0,0,Universitario,12486.77,moroso
68,4751.85,7,24.6,1,Tecnico,11584.17,no_moroso
38,7612.44,0,1.3,0,Universitario,20070.74,no_moroso
60,13440.32,6,23.4,0,Tecnico,32988.28,no_moroso
51,8193.2,7,37.4,0,Universitario,21257.68,moroso
56,4430.98,9,0.8,0,Tecnico,12437.43,no_moroso
38,8102.01,5,9.6,0,Universitario,21791.93,no_moroso
57,2474.06,3,8.4,1,Tecnico,4789.42,no_moroso
30,14730.1,1,,0,Tecnico,36732.12,no_moroso
48,8065.21,4,1.9,0,Tecnico,21732.53,no_moroso
69,2711.73,1,1.6,0,Universitario,289726.42313133634,no_moroso
40,13197.88,4,0.9,0,Tecnico,34521.63,no_moroso
62,8056.58,0,,1,Universitario,20846.31,no_moroso
33,11485.0,7,2.8,0,Secundaria,30160.85,no_moroso
18,2915.98,1,9.9,0,Posgrado,10097.69,no_moroso
48,5105.2,7,5.5,0,Tecnico,14645.78,no_moroso
25,13228.82,0,1.0,1,Secundaria,31259.02,no_moroso
24,2729.27,8,14.3,0,Tecnico,8078.27,no_moroso
29,4345.24,4,9.0,1,Universitario,10999.62,no_moroso
23,,9,37.5,1,Universitario,7507.44,moroso
34,13577.68,3,14.6,0,Secundaria,34077.1,no_moroso
69,3477.83,0,5.0,1,Tecnico,7541.42,no_moroso
29,10049.7,2,4.6,1,Universitario,25559.54,no_moroso
23,8599.58,8,0.6,0,Tecnico,22731.55,no_moroso
45,,6,15.2,1,Universitario,31553.55,no_moroso
30,10183.24,7,,1,Secundaria,25563.25,no_moroso
44,10135.05,8,6.8,1,Universitario,26555.59,no_moroso
30,5069.2,9,6.7,1,Posgrado,16525.55,no_moroso
46,13881.66,4,38.0,1,Universitario,33632.14,moroso
28,7565.95,2,24.3,0,Tecnico,18262.66,no_moroso
56,7638.21,1,4.7,1,Posgrado,20743.71,no_moroso
65,9161.87,7,9.5,0,secundaria,23571.67,no_moroso
21,11193.62,4,10.3,0,Tecnico,29246.55,no_moroso
59,10237.29,5,14.4,1,TECNICO,24592.79,no_moroso
23,12328.18,0,12.1,0,Tecnico,215411.67989699802,no_moroso
35,2493.59,3,4.8,1,Tecnico,6038.94,no_moroso
30,9985.44,1,15.1,1,Universitario,24374.68,no_moroso
66,9594.75,3,13.6,0,Universitario,25450.34,no_moroso
30,10494.66,7,1.0,1,Secundaria,26183.22,no_moroso
60,5231.63,1,29.7,0,Secundaria,11725.29,no_moroso
25,10934.41,0,3.2,0,Secundaria,27168.87,no_moroso
48,3647.41,7,5.1,0,Posgrado,14000.75,no_moroso
69,5654.48,2,1.1,0,Tecnico,16071.65,no_moroso
62,5535.13,8,5.7,0,Posgrado,18279.69,no_moroso
50,3525.0,1,7.2,0,secundaria,8799.95,no_moroso
18,10629.1,0,2.8,0,Posgrado,30128.49,no_moroso
26,14488.97,6,6.9,1,Tecnico,36517.96,no_moroso
60,,8,13.3,0,Universitario,16259.8,no_moroso
40,8585.36,1,9.4,0,Posgrado,24191.29,no_moroso
19,,5,9.5,0,Universitario,38445.06,no_moroso
18,6830.12,0,12.0,0,Tecnico,16311.71,no_moroso
54,4851.01,6,0.0,1,Secundaria,11327.24,no_moroso
65,13603.69,4,,0,Secundaria,34178.05,no_moroso
42,1350.59,1,16.5,1,Secundaria,1314.01,no_moroso
29,4790.06,0,25.7,1,Posgrado,11903.43,no_moroso
60,11684.65,3,1.6,1,Posgrado,30922.81,no_moroso
24,1861.24,4,14.9,1,Universitario,4614.4,no_moroso
41,3632.98,1,3.6,1,Posgrado,9177.55,no_moroso
24,11098.67,4,13.0,1,Tecnico,26656.41,no_moroso
61,12238.6,3,5.5,0,Tecnico,280776.32838349685,no_moroso
38,814.6,3,3.6,0,Secundaria,2011.52,no_moroso
26,4628.41,3,9.6,0,Tecnico,12979.67,no_moroso
22,1003.17,2,29.3,0,Secundaria,1022.44,no_moroso
42,,5,35.1,1,Tecnico,23784.73,moroso
28,8556.55,6,,1,Secundaria,21196.87,no_moroso
36,10222.35,1,9.8,0,Tecnico,26534.93,no_moroso
48,1532.17,6,6.1,0,Tecnico,5000.4,no_moroso
49,13380.55,1,14.4,0,Posgrado,36295.5,no_moroso
40,,0,,0,Universitario,30786.7,moroso
28,,8,12.9,0,Universitario,32240.18,no_moroso
40,1765.46,8,89.0,1,Secundaria,246.66,moroso
24,,8,17.4,0,Universitario,29651.99,no_moroso
43,9240.01,1,51.9,1,Universitario,21225.14,moroso
68,1868.2,4,1.0,1,Posgrado,6669.01,no_moroso
59,13468.65,0,12.1,1,Posgrado,34950.52,no_moroso
54,6131.05,9,6.8,0,Tecnico,17727.17,no_moroso
31,13113.91,6,2.1,1,Posgrado,35513.48,no_moroso
37,10323.33,2,5.7,0,Posgrado,28235.76,no_moroso
59,2749.68,8,,1,Secundaria,6846.25,no_moroso
18,,1,,0,Secundaria,31654.87,no_moroso
58,14456.15,2,52.9,0,Universitario,34326.29,moroso
50,8486.65,6,55.0,0,Posgrado,22827.39,moroso
29,14775.94,9,45.3,0,Tecnico,35603.34,moroso
54,2044.6,7,37.6,0,Posgrado,6728.59,moroso
68,5023.42,5,23.2,0,Tecnico,13371.4,no_moroso
58,13960.72,9,4.5,1,SECUNDARIA,35146.19,no_moroso
57,8661.53,1,64.5,0,Secundaria,17758.45,moroso
22,11097.44,2,1.8,0,Tecnico,28047.42,no_moroso
41,4021.7,1,,0,Tecnico,10236.75,no_moroso
64,9189.91,1,16.8,0,Universitario,23277.29,no_moroso
46,4191.4,3,5.6,0,Universitario,12082.71,no_moroso
45,1392.3,0,6.0,1,Universitario,2394.25,no_moroso
19,4426.23,2,23.4,0,Tecnico,11105.64,no_moroso
21,5863.45,3,16.7,1,Tecnico,12957.44,no_moroso
69,,8,21.0,0,tecnico,9741.29,no_moroso
62,14439.09,7,7.6,0,Universitario,38918.04,no_moroso
39,13880.5,4,21.2,0,Universitario,36333.18,no_moroso
38,6192.52,7,31.2,1,Tecnico,13999.97,moroso
36,14141.28,0,10.2,1,Universitario,35604.52,no_moroso
33,7233.36,3,7.6,1,Posgrado,19766.34,no_moroso
31,8515.74,8,,0,Universitario,23678.82,no_moroso
65,7709.4,9,2.0,0,Universitario,22141.24,no_moroso
42,6918.62,7,5.5,0,POSGRADO,259418.86819633265,no_moroso
42,8124.49,9,9.3,0,Universitario,22952.31,no_moroso
48,1514.34,8,31.6,0,Secundaria,3345.97,moroso
67,10101.2,2,28.8,1,Secundaria,22595.34,no_moroso
66,6157.19,6,6.7,0,TECNICO,15943.56,no_moroso
53,4864.76,0,21.1,0,Tecnico,11383.37,no_moroso
41,,9,4.4,1,Universitario,22290.22,no_moroso
69,5883.39,7,5.4,0,Secundaria,15798.07,no_moroso
68,11747.14,1,11.7,0,Universitario,30847.75,no_moroso
44,1991.4,0,10.1,0,Universitario,5808.65,no_moroso
58,12534.79,5,16.4,0,Universitario,32101.64,no_moroso
46,810.52,4,0.8,1,Secundaria,1689.05,no_moroso
29,2008.99,3,10.1,1,Tecnico,4304.24,no_moroso
37,11455.84,1,16.2,0,Universitario,29918.54,no_moroso
29,11576.14,4,9.5,0,Secundaria,29299.07,no_moroso
54,3690.32,9,6.8,1,Tecnico,9773.49,no_moroso
22,2818.17,5,12.2,1,Posgrado,8916.47,no_moroso
48,7715.32,4,1.8,0,Tecnico,20168.25,no_moroso
67,7696.54,0,8.3,1,Universitario,18827.32,no_moroso
45,1357.3,4,4.6,0,Secundaria,4074.27,no_moroso
27,8042.19,1,28.9,1,Secundaria,17678.36,no_moroso
52,13366.11,7,17.5,0,Posgrado,36525.26,no_moroso
20,10014.78,2,20.5,0,Universitario,26130.28,no_moroso
46,7550.55,3,10.4,1,Universitario,18035.5,no_moroso
48,1208.63,8,13.2,1,Tecnico,3264.55,no_moroso
48,5601.03,7,72.3,0,Tecnico,12036.61,moroso
53,10180.77,5,1.9,1,Universitario,27335.48,no_moroso
37,14340.34,8,,1,Posgrado,38897.2,no_moroso
49,6979.59,7,32.1,1,Posgrado,19343.08,moroso
38,2201.72,9,28.7,1,Secundaria,4442.11,no_moroso
59,2567.79,0,20.3,0,Tecnico,6302.95,no_moroso
35,,2,10.4,1,Tecnico,10631.66,no_moroso
48,11284.69,1,11.7,0,Universitario,29189.4,no_moroso
27,3618.65,3,4.5,0,Universitario,11043.33,no_moroso
50,8168.33,4,4.1,1,Universitario,20275.73,no_moroso
19,5762.47,2,45.5,0,Tecnico,13154.74,moroso
44,3535.59,9,0.1,0,Posgrado,13529.1,no_moroso
43,4272.5,5,88.5,0,Tecnico,8574.0,moroso
25,13278.35,0,3.7,0,tecnico,33025.35,no_moroso
18,4385.67,0,3.2,0,Tecnico,12221.76,no_moroso
28,10211.64,0,49.3,1,Posgrado,24324.52,moroso
60,1164.34,2,1.8,0,Universitario,5077.94,no_moroso
45,11286.48,7,17.3,0,Tecnico,28178.21,no_moroso
22,7034.84,9,2.8,0,Tecnico,19050.06,no_moroso
22,6625.45,6,14.7,1,Universitario,16911.34,no_moroso
69,5469.14,6,59.9,1,Universitario,11903.91,moroso
60,1506.59,4,10.5,1,Tecnico,2975.54,no_moroso
32,6520.83,2,21.3,0,Universitario,17244.47,no_moroso
42,11983.82,6,7.0,1,Secundaria,29115.7,no_moroso
31,13898.13,9,18.1,0,Universitario,37745.06,no_moroso
42,1350.59,1,16.5,1,Secundaria,1314.01,no_moroso
66,11898.0,8,3.4,0,Universitario,32351.92,no_moroso
38,13260.69,7,17.3,0,Universitario,34995.91,no_moroso
44,12202.53,4,1.4,1,Universitario,31160.99,no_moroso
66,9988.87,5,64.8,0,Universitario,24503.35,moroso
41,14305.74,0,,0,Universitario,36391.09,no_moroso
50,7710.17,6,0.8,1,Secundaria,18803.0,no_moroso
68,10050.38,2,7.6,1,Universitario,24979.44,no_moroso
24,,7,13.6,0,Posgrado,33518.47,no_moroso
36,11789.87,7,10.5,1,Secundaria,29258.57,no_moroso
47,1913.41,9,8.4,0,Universitario,7508.44,no_moroso
49,14942.38,0,,0,Posgrado,40269.39,no_moroso
45,14966.12,0,5.6,1,Secundaria,35969.96,no_moroso
41,11660.3,2,11.5,0,Secundaria,28663.3,no_moroso
65,,5,14.9,0,Tecnico,21612.82,no_moroso
58,13465.9,5,3.9,0,Universitario,36088.29,no_moroso
66,9170.95,2,24.2,0,Posgrado,24927.58,no_moroso
19,4821.62,1,0.0,0,Universitario,13273.87,no_moroso
66,14692.01,4,9.7,1,Universitario,37263.91,no_moroso
29,4993.11,0,3.9,0,Secundaria,12124.34,no_moroso
27,1010.96,2,5.6,0,Posgrado,5863.04,no_moroso
58,14561.04,6,26.9,1,Universitario,36226.81,no_moroso
64,4756.09,5,17.1,0,Universitario,13475.35,no_moroso
27,1273.47,8,3.3,1,Tecnico,3684.6,no_moroso
67,11052.01,3,7.1,1,Tecnico,28046.0,no_moroso
19,2650.52,4,0.4,0,Universitario,271120.08371416794,no_moroso
49,9040.19,7,17.5,0,Secundaria,23062.78,no_moroso
47,7555.57,9,24.4,1,Tecnico,17570.04,no_moroso
47,8536.03,5,11.3,0,Tecnico,22123.87,no_moroso
68,11006.66,8,45.8,1,Posgrado,28332.58,moroso
34,13939.3,5,15.3,1,Universitario,35577.18,no_moroso
52,1906.51,2,65.9,0,Posgrado,4813.78,moroso
35,12376.48,4,9.7,0,UNIVERSITARIO,33389.39,no_moroso
53,7989.3,6,23.8,1,Universitario,19996.69,no_moroso
35,2828.54,6,3.3,1,Tecnico,7014.0,no_moroso
37,1173.61,9,17.7,0,Universitario,4804.95,no_moroso
62,12066.31,9,4.8,0,Secundaria,31139.66,no_moroso
21,9900.47,7,1.0,1,Universitario,26544.98,no_moroso
31,1465.75,2,24.3,1,Universitario,2931.42,no_moroso
33,,0,35.5,0,Secundaria,34906.68,moroso
19,,5,,1,Tecnico,3284.06,no_moroso
61,14231.66,4,9.1,1,Universitario,36251.71,no_moroso
24,9471.59,6,20.1,1,Secundaria,23539.48,no_moroso
66,11265.46,6,2.3,0,Universitario,30380.69,no_moroso
52,4234.37,7,26.2,0,Tecnico,11252.65,no_moroso
29,10006.82,8,6.0,1,Universitario,26179.35,no_moroso
27,12847.54,9,5.1,1,Universitario,33060.87,no_moroso
57,11207.11,4,0.1,0,Posgrado,31846.83,no_moroso
24,14327.27,3,,0,Secundaria,35020.15,no_moroso
53,5966.35,2,5.5,0,Universitario,16318.58,no_moroso
26,8866.22,0,1.8,0,Universitario,23792.41,no_moroso
43,10407.67,3,13.5,0,Secundaria,25408.75,no_moroso
34,10935.18,6,26.6,1,Posgrado,29332.09,no_moroso
56,13980.04,8,32.0,0,Tecnico,34889.72,moroso
64,,0,2.6,0,Secundaria,15328.92,no_moroso
38,8771.41,8,0.6,0,Universitario,24514.9,no_moroso
31,9538.14,2,12.7,0,Posgrado,26609.09,no_moroso
64,14927.13,6,2.2,0,Tecnico,39502.91,no_moroso
57,14329.67,2,21.6,1,Universitario,35196.32,no_moroso
33,,0,18.2,0,Universitario,10695.81,no_moroso
33,7816.3,7,17.8,1,Posgrado,21548.86,no_moroso
23,4545.85,4,,1,Universitario,9640.36,moroso
51,2925.44,5,6.8,0,Secundaria,7477.5,no_moroso
56,9834.1,5,0.3,0,Tecnico,25877.05,no_moroso
60,12714.97,1,0.9,0,Posgrado,34538.22,no_moroso
47,5120.54,3,30.4,1,Tecnico,10828.5,moroso
23,6190.48,6,20.4,0,Tecnico,15973.71,no_moroso
55,8286.14,5,0.9,1,Universitario,22587.69,no_moroso
56,2849.33,7,37.3,0,Universitario,8087.95,moroso
52,5481.94,0,5.3,0,Secundaria,12772.36,no_moroso
23,,2,6.1,0,Tecnico,12848.21,no_moroso
62,4775.45,9,2.4,0,Universitario,15580.79,no_moroso
31,14969.19,2,11.7,1,Tecnico,36829.65,no_moroso
51,14900.29,2,5.8,1,Posgrado,37529.92,no_moroso
32,12220.96,3,5.0,0,tecnico,32166.55,no_moroso
50,9678.85,7,0.9,0,Universitario,28037.56,no_moroso
67,4117.21,4,20.4,0,Tecnico,10898.52,no_moroso
45,11795.63,0,16.1,0,POSGRADO,32005.12,no_moroso
60,7320.27,9,6.6,0,Tecnico,21416.07,no_moroso
49,1065.44,0,8.8,0,TECNICO,3935.89,no_moroso
43,7748.93,5,9.1,0,Posgrado,21820.05,no_moroso
41,13581.79,4,4.7,1,Tecnico,33087.24,no_moroso
69,5890.71,4,7.7,1,Tecnico,13831.62,no_moroso
42,14321.76,6,6.6,0,Universitario,198787.55821135707,no_moroso
48,12358.45,4,3.7,0,Secundaria,31577.14,no_moroso
18,14422.11,9,26.6,0,Universitario,38049.44,no_moroso
22,10878.35,9,7.1,1,Secundaria,27056.56,no_moroso
49,12286.09,5,9.2,0,Universitario,33147.12,no_moroso
52,14435.56,9,1.3,1,Universitario,38054.95,no_moroso
24,13186.0,2,20.6,0,Tecnico,32831.03,no_moroso
60,9534.64,0,,0,Secundaria,23600.91,no_moroso
23,10095.51,1,12.0,0,Tecnico,25938.5,no_moroso
62,,1,39.1,1,Tecnico,25084.93,moroso
36,10528.62,2,4.0,0,Universitario,28513.4,no_moroso
68,3089.1,5,,0,Tecnico,10178.19,no_moroso
57,9834.28,6,72.4,0,Tecnico,22728.45,moroso
33,7397.8,1,14.1,1,Tecnico,16935.36,no_moroso
48,,2,42.2,1,Universitario,12061.65,moroso
59,7578.47,1,0.4,0,Tecnico,19558.58,no_moroso
34,13167.93,4,32.9,1,Tecnico,31095.56,moroso
50,14862.56,2,13.5,0,Universitario,37319.59,no_moroso
53,4411.3,6,5.7,0,Secundaria,12166.36,no_moroso
34,14898.35,1,10.8,1,Tecnico,35949.82,no_moroso
24,5176.78,5,19.1,0,Secundaria,12892.27,no_moroso
41,5878.77,8,13.5,0,Universitario,184643.0124362189,no_moroso
53,2169.95,0,6.1,1,Tecnico,3594.89,no_moroso
69,,9,1.1,0,Secundaria,4786.29,no_moroso
43,,2,0.3,0,Posgrado,24284.97,no_moroso
60,5306.79,5,26.6,0,Tecnico,13370.23,no_moroso
21,14172.7,2,1.2,1,Tecnico,35078.49,no_moroso
18,11162.27,8,24.7,1,Universitario,29019.44,no_moroso
64,8210.92,1,6.7,0,UNIVERSITARIO,22419.58,no_moroso
36,14876.02,6,26.4,0,Posgrado,40434.67,no_moroso
30,4329.34,0,5.1,0,Tecnico,11024.16,no_moroso
48,1399.19,4,6.7,1,Posgrado,4849.51,no_moroso
58,4535.64,5,51.2,0,Posgrado,12478.19,moroso
62,14797.49,1,5.6,0,Secundaria,36305.81,no_moroso
24,13484.52,8,3.8,0,SECUNDARIA,34687.88,no_moroso
59,2854.97,2,32.4,1,Tecnico,307160.8597200603,moroso
20,,5,30.0,1,Universitario,9676.86,no_moroso
58,9112.24,7,5.3,0,Secundaria,23916.36,no_moroso
40,4025.86,1,21.9,1,Secundaria,8009.6,no_moroso
32,6017.72,3,20.3,1,Universitario,15250.58,no_moroso
68,12020.99,3,4.3,0,Tecnico,30637.54,no_moroso
68,10760.49,6,58.2,1,Universitario,24424.72,moroso
56,,4,21.8,1,Posgrado,27056.32,no_moroso
40,6040.29,9,9.9,0,Secundaria,15809.92,no_moroso
60,5702.26,3,1.1,0,Universitario,16008.83,no_moroso
53,10077.53,3,,0,Tecnico,25050.19,no_moroso
52,3489.26,2,0.3,1,Universitario,9992.08,no_moroso
37,7419.03,6,1.6,1,Universitario,19236.7,no_moroso
68,9165.02,1,12.6,1,Tecnico,21614.06,no_moroso
39,5105.93,8,3.1,1,Posgrado,15268.04,no_moroso
27,12419.88,2,3.8,0,Tecnico,31603.04,no_moroso
49,3576.56,6,9.8,0,Tecnico,9473.35,no_moroso
55,4579.01,2,73.4,0,Tecnico,8641.21,moroso
24,2076.92,5,20.7,0,Universitario,6133.99,no_moroso
50,2090.5,6,0.6,0,Tecnico,7249.34,no_moroso
58,9494.15,7,9.7,1,Tecnico,24390.68,no_moroso
36,13449.69,4,4.7,0,Posgrado,37365.49,no_moroso
42,8644.15,1,8.9,1,Universitario,20781.95,no_moroso
31,5725.2,6,16.9,0,Secundaria,15178.21,no_moroso
45,4154.84,9,37.5,0,Universitario,286987.43802678905,moroso
68,3358.38,9,19.9,1,Posgrado,10672.88,no_moroso
26,14700.28,9,16.1,1,Tecnico,36170.5,no_moroso
53,6460.1,3,10.2,0,Tecnico,16395.14,no_moroso
56,7365.1,4,13.1,0,Tecnico,19108.64,no_moroso
57,1555.4,2,5.6,0,Universitario,5522.27,no_moroso
58,1472.43,6,65.0,0,Secundaria,1775.65,moroso
26,9455.06,7,24.6,0,Secundaria,24043.97,no_moroso
43,2722.62,8,24.4,1,Posgrado,8404.32,no_moroso
20,2839.12,6,1.7,1,Tecnico,6609.82,no_moroso
52,9571.31,5,28.4,1,Secundaria,22259.5,no_moroso
25,14923.44,6,17.6,1,Universitario,37394.63,no_moroso
65,3261.45,1,1.1,1,Secundaria,6356.55,no_moroso
23,3487.45,8,34.2,1,Tecnico,6463.64,moroso
32,3139.35,7,17.7,0,Universitario,10076.77,no_moroso
43,7478.99,4,8.9,1,Universitario,19503.97,no_moroso
24,3370.1,3,15.0,0,SECUNDARIA,8280.33,no_moroso
68,9742.82,4,4.3,0,Tecnico,24835.12,no_moroso
59,13987.21,5,1.5,1,Secundaria,34709.64,no_moroso
33,13453.83,7,4.2,0,Universitario,35581.74,no_moroso
37,3786.9,7,7.5,1,Secundaria,8095.04,no_moroso
57,5383.1,8,1.2,0,Universitario,15734.06,no_moroso
60,5732.89,2,4.3,0,Posgrado,17198.5,no_moroso
58,13286.04,4,39.4,1,Universitario,32017.77,moroso
42,1769.03,9,5.6,1,Posgrado,8262.33,no_moroso
62,4943.04,3,12.5,0,Universitario,13935.23,no_moroso
51,9047.49,4,7.1,1,Tecnico,22511.72,no_moroso
62,10083.37,1,1.5,1,Secundaria,24218.36,no_moroso
26,12873.82,2,5.6,0,Universitario,33675.69,no_moroso
45,14046.52,5,9.4,1,Universitario,36854.25,no_moroso
68,10199.18,2,40.9,0,Posgrado,26298.13,moroso
25,5172.26,9,24.5,0,Tecnico,14991.88,no_moroso
35,1547.83,2,4.2,0,Tecnico,5155.89,no_moroso
38,12956.05,6,1.2,1,Posgrado,35486.84,no_moroso
32,10105.07,9,12.6,1,universitario,25914.81,no_moroso
37,12581.44,0,3.4,1,Posgrado,32549.54,no_moroso
35,8624.26,6,19.8,0,Universitario,22771.24,no_moroso
64,12482.01,9,,0,Tecnico,32593.11,no_moroso
52,11768.83,2,39.5,0,Universitario,29163.14,moroso
29,3072.49,6,5.7,1,Tecnico,7545.45,no_moroso
22,7386.19,1,13.6,0,Universitario,19922.32,no_moroso
59,5714.04,5,41.2,0,Tecnico,12979.88,moroso
47,1276.5,5,9.7,0,Secundaria,4964.88,no_moroso
61,10041.88,8,5.3,0,Posgrado,29501.45,no_moroso
53,11488.73,9,0.9,1,Secundaria,28729.27,no_moroso
52,12462.44,3,20.3,1,Universitario,31498.9,no_moroso
32,7769.58,5,58.6,1,Tecnico,16620.48,moroso
58,3420.58,2,5.2,0,Posgrado,11181.34,no_moroso
51,13405.63,1,10.3,0,Tecnico,33688.26,no_moroso
34,10712.75,4,2.0,0,Posgrado,30393.34,no_moroso
49,8905.14,9,0.6,1,Secundaria,188663.3978424847,no_moroso
36,13180.96,0,24.0,0,Posgrado,34893.89,no_moroso
30,12096.15,2,3.3,0,TECNICO,31768.53,no_moroso
20,,1,5.4,1,Tecnico,36009.63,no_moroso
43,7466.37,7,11.3,0,Universitario,21806.34,no_moroso
68,2331.77,2,10.9,1,Secundaria,3699.31,no_moroso
41,3280.89,2,9.3,0,Tecnico,9088.76,no_moroso
26,10607.21,7,28.5,1,Universitario,26286.16,no_moroso
29,3661.81,8,4.9,0,Secundaria,10668.17,no_moroso
55,7671.86,9,16.9,0,Universitario,22079.13,no_moroso
30,9334.57,8,13.8,0,Tecnico,25903.39,no_moroso
19,5472.55,5,8.9,0,Universitario,15257.83,no_moroso
18,2512.69,1,11.0,1,TECNICO,5209.08,no_moroso
22,4913.24,2,12.1,1,Universitario,12342.25,no_moroso
52,1525.42,3,12.6,1,Secundaria,1987.86,no_moroso
53,6655.95,4,0.7,0,Universitario,19380.62,no_moroso
58,4494.42,2,3.8,0,Secundaria,11715.1,no_moroso
44,8576.48,8,0.1,1,Universitario,23966.74,no_moroso
55,7167.51,7,4.7,1,Posgrado,19850.94,no_moroso
53,13150.61,4,19.6,1,Tecnico,31888.09,no_moroso
44,6589.85,6,81.2,0,Tecnico,14495.44,moroso
18,,2,6.6,1,Universitario,20481.38,no_moroso
24,6857.19,7,3.2,1,Secundaria,17344.52,no_moroso
28,5947.35,4,7.3,1,Universitario,15297.31,no_moroso
33,7980.01,9,6.8,0,Universitario,23353.63,no_moroso
42,12858.96,8,24.1,0,Universitario,33621.2,no_moroso
20,9334.53,8,,1,Tecnico,23226.33,no_moroso
37,3615.24,6,44.4,0,Tecnico,8729.91,moroso
35,2897.39,6,23.9,0,Posgrado,9414.96,no_moroso
47,3638.78,7,32.6,0,Universitario,9992.02,moroso
33,2242.21,7,12.1,1,Posgrado,8156.86,no_moroso
42,8709.58,5,39.1,0,Tecnico,21378.55,moroso
21,,1,39.6,0,Secundaria,29821.19,moroso
22,5469.99,9,2.2,0,Tecnico,16367.84,no_moroso
19,3285.2,2,4.4,0,Universitario,10557.3,no_moroso
64,2313.61,7,4.6,1,Posgrado,7259.62,no_moroso
44,13912.86,8,11.5,0,Posgrado,38161.68,no_moroso
54,4650.56,2,11.4,0,Universitario,12553.94,no_moroso
49,10936.09,3,,0,Universitario,27646.0,moroso
24,13442.42,3,2.0,0,Posgrado,37018.51,no_moroso
55,5622.07,0,2.0,0,Tecnico,13862.03,no_moroso
62,5468.41,9,2.2,0,TECNICO,15946.67,no_moroso
56,4053.98,5,3.9,1,Posgrado,12739.79,no_moroso
57,4850.38,1,,1,Universitario,6686.36,moroso
24,3130.4,3,14.9,0,posgrado,9863.66,no_moroso
19,7517.0,4,0.6,0,Universitario,21070.79,no_moroso
35,3391.49,1,3.8,0,Universitario,10511.3,no_moroso
61,14246.5,7,54.0,0,Universitario,260120.2340248133,moroso
56,11054.82,0,8.2,0,Universitario,28950.56,no_moroso
61,10904.68,7,9.7,0,Universitario,30438.17,no_moroso
32,9941.3,4,44.8,0,Universitario,24541.57,moroso
40,8132.86,4,27.0,0,Tecnico,20814.39,no_moroso
49,3335.29,2,11.2,0,Tecnico,8457.14,no_moroso
57,10625.89,6,11.3,0,Tecnico,27519.61,no_moroso
26,11961.95,3,12.2,1,Posgrado,31545.71,no_moroso
30,1892.09,6,,0,Universitario,6772.25,no_moroso
19,9848.95,3,6.5,0,Secundaria,24417.62,no_moroso
28,11251.8,5,19.8,1,Tecnico,27642.28,no_moroso
24,1405.24,8,20.6,0,Universitario,4930.4,no_moroso
27,3788.48,5,21.1,1,Posgrado,10763.29,no_moroso
23,4057.17,0,22.2,0,Secundaria,9110.55,no_moroso
31,12985.99,4,26.0,0,Secundaria,32057.86,no_moroso
67,6313.63,9,9.1,1,Universitario,18190.02,no_moroso
60,10008.08,4,3.8,1,Posgrado,27982.52,no_moroso
18,5641.17,2,11.5,1,Universitario,13643.73,no_moroso
25,3852.66,5,8.6,0,Tecnico,11523.23,no_moroso
54,12022.15,8,26.5,1,Universitario,29603.13,no_moroso
22,3922.92,7,15.2,0,Universitario,11572.95,no_moroso
47,12458.09,8,27.2,0,Posgrado,34261.45,no_moroso
26,10822.1,0,4.7,0,Universitario,28596.4,no_moroso
40,4531.9,9,,1,Tecnico,10954.06,no_moroso
68,2944.81,5,13.3,0,universitario,9784.92,no_moroso
51,3206.04,4,18.6,1,Universitario,7957.91,no_moroso
22,6637.34,1,3.2,1,Universitario,16811.76,no_moroso
59,3387.75,4,10.5,0,Posgrado,11539.62,no_moroso
59,3370.99,0,0.9,1,Universitario,8150.03,no_moroso
30,3587.31,9,6.9,0,Universitario,12606.95,no_moroso
29,11443.64,4,16.9,1,Universitario,28893.06,no_moroso
41,13955.91,7,19.2,0,Tecnico,35565.83,no_moroso
32,9353.8,7,11.8,0,Tecnico,25054.44,no_moroso
37,5756.7,5,4.8,0,Secundaria,14710.53,no_moroso
65,9349.82,9,8.9,1,Tecnico,23813.6,no_moroso
18,11085.42,8,,0,Secundaria,27770.97,no_moroso
55,1451.8,5,13.4,0,Universitario,5894.53,no_moroso
41,10889.38,5,23.6,1,Universitario,26917.85,no_moroso
49,2108.49,1,5.7,1,Tecnico,4274.9,no_moroso
56,3135.32,0,15.9,0,Posgrado,10697.53,no_moroso
69,12156.91,5,1.4,1,Universitario,31759.65,no_moroso
37,11154.91,9,7.5,1,Secundaria,27290.71,no_moroso
21,8111.19,3,2.6,0,Secundaria,21282.32,no_moroso
59,874.98,3,22.8,0,Posgrado,5300.68,no_moroso
42,9661.04,7,7.2,0,Tecnico,26118.68,no_moroso
30,14842.26,3,5.9,0,Universitario,38616.64,no_moroso
63,14783.61,3,31.9,0,Universitario,36478.27,moroso
36,9173.25,0,16.3,0,Posgrado,25141.95,no_moroso
22,6804.63,7,67.2,1,Posgrado,16576.04,moroso
47,3696.58,4,8.3,1,Posgrado,10386.05,no_moroso
65,5303.43,0,8.7,0,Tecnico,13310.65,no_moroso
44,11736.69,6,,0,Tecnico,30319.74,no_moroso
33,12295.67,3,10.0,0,Secundaria,31025.79,no_moroso
51,9715.31,3,7.8,0,TECNICO,25668.37,no_moroso
64,,2,5.5,0,Universitario,34820.19,no_moroso
22,4654.3,8,7.5,1,Tecnico,12189.61,no_moroso
41,3266.03,7,6.5,1,Universitario,8379.51,no_moroso
54,13425.51,0,8.4,1,Universitario,33352.72,no_moroso
31,3692.59,3,2.6,0,Posgrado,12965.09,no_moroso
29,,5,,0,Tecnico,23825.8,no_moroso
48,13472.76,2,14.5,0,Posgrado,36124.47,no_moroso
62,12750.92,1,1.0,1,Secundaria,30665.54,no_moroso
57,5921.24,1,6.8,0,Tecnico,15326.66,no_moroso
27,6302.18,2,8.6,0,Secundaria,15769.03,no_moroso
47,7293.33,1,34.9,1,Universitario,16713.61,moroso
34,7307.43,7,14.8,0,Secundaria,19833.51,no_moroso
22,7030.13,0,9.8,1,Tecnico,17110.05,no_moroso
49,8655.97,8,28.0,0,Universitario,24178.61,no_moroso
65,9500.78,3,1.3,1,Universitario,24915.35,no_moroso
55,7431.39,9,11.4,1,Universitario,18591.92,no_moroso
53,,8,5.4,0,Secundaria,10162.05,no_moroso
62,9220.66,8,0.3,0,Posgrado,27806.46,no_moroso
61,7097.06,4,12.2,1,Posgrado,20253.29,no_moroso
65,,1,4.5,0,Universitario,10009.03,no_moroso
57,,1,,1,Posgrado,21206.35,no_moroso
21,5771.66,9,12.2,1,Universitario,15872.04,no_moroso
34,10991.47,1,0.5,1,Tecnico,26841.49,no_moroso
64,12504.52,2,9.6,0,UNIVERSITARIO,32944.01,no_moroso
69,14763.26,8,3.4,1,Universitario,38132.32,no_moroso
58,2311.33,3,4.8,1,Tecnico,4033.0,no_moroso
52,8027.91,2,4.5,1,Tecnico,18929.09,no_moroso
27,14717.53,8,,1,Secundaria,35489.04,no_moroso
64,8002.13,9,10.1,0,Tecnico,21907.36,no_moroso
30,1766.05,3,1.0,1,Secundaria,4035.34,no_moroso
50,,3,18.8,0,Tecnico,36781.02,no_moroso
52,7989.76,2,19.7,1,Tecnico,18564.2,no_moroso
29,1472.69,2,25.3,0,Posgrado,5207.07,no_moroso
45,10710.04,3,31.3,0,Universitario,27416.96,moroso
59,8638.57,4,22.6,1,Secundaria,18976.31,no_moroso
57,6796.92,1,60.9,1,Tecnico,13923.1,moroso
28,2187.43,8,34.0,1,Posgrado,6922.98,moroso
63,10428.6,7,29.9,0,Universitario,27601.75,no_moroso
26,7667.35,2,,1,universitario,18477.76,no_moroso
65,10426.57,4,9.0,1,Tecnico,25265.79,no_moroso
26,3695.47,7,16.0,0,Posgrado,12950.07,no_moroso
62,3061.29,7,3.1,0,Universitario,10442.45,no_moroso
30,2927.04,4,32.1,0,Universitario,7942.28,moroso
46,1491.5,1,14.4,1,Universitario,3720.47,no_moroso
30,1143.66,2,8.4,0,Universitario,3497.89,no_moroso
63,9282.41,2,35.0,0,Posgrado,24123.89,moroso
27,6563.75,4,16.8,0,Universitario,17078.29,no_moroso
65,13575.96,5,3.6,0,Universitario,35885.63,no_moroso
57,7112.14,0,6.3,0,Tecnico,17785.2,no_moroso
46,10845.82,5,9.5,1,Tecnico,26978.33,no_moroso
60,6608.47,3,8.6,0,Secundaria,16427.5,no_moroso
35,4339.21,5,12.7,0,Tecnico,11895.81,no_moroso
25,13766.6,0,1.5,1,Posgrado,36168.64,no_moroso
30,1075.38,9,13.7,0,UNIVERSITARIO,5566.7,no_moroso
65,2898.53,8,1.4,1,Secundaria,7434.96,no_moroso
36,1146.74,6,9.6,1,Posgrado,4809.01,no_moroso
62,8857.84,9,19.3,1,Posgrado,25635.46,no_moroso
63,6135.58,8,6.7,1,Universitario,17158.18,no_moroso
24,7333.23,1,19.0,1,Posgrado,18789.14,no_moroso
57,8642.79,6,1.6,1,Universitario,22400.77,no_moroso
41,11263.24,3,,1,Universitario,28257.94,no_moroso
64,2235.64,9,16.7,1,Secundaria,5968.05,no_moroso
53,3711.93,6,11.2,0,Tecnico,9671.83,no_moroso
34,4057.98,4,39.2,1,Tecnico,7867.16,moroso
27,13962.72,8,8.0,1,Secundaria,35354.39,no_moroso
39,,8,7.7,1,Secundaria,27418.85,no_moroso
38,3448.56,1,,1,Tecnico,7231.6,no_moroso
46,11641.76,7,1.6,0,Secundaria,31035.18,no_moroso
64,,1,1.4,1,Tecnico,33760.92,no_moroso
38,14898.5,0,24.6,1,Posgrado,37379.39,no_moroso
26,9282.59,9,5.3,1,Universitario,25189.23,no_moroso
26,,0,,0,Universitario,3769.03,moroso
30,9597.28,3,10.6,1,Universitario,24420.27,no_moroso
60,13114.66,7,,1,tecnico,33543.46,no_moroso
23,12412.46,1,29.2,0,Tecnico,29790.23,no_moroso
54,7237.76,5,3.4,1,Tecnico,17450.64,no_moroso
63,2852.8,1,19.6,0,Universitario,8410.31,no_moroso
31,12619.93,9,26.0,0,Tecnico,33438.17,no_moroso
63,11424.56,5,19.0,1,Universitario,29129.25,no_moroso
52,11348.56,4,3.3,0,Secundaria,29015.04,no_moroso
66,9475.93,2,7.4,0,Universitario,277759.10178728594,no_moroso
47,11296.96,5,32.4,1,Universitario,27603.89,moroso
29,,1,13.7,1,Secundaria,221704.8667939541,no_moroso
58,14946.09,8,10.6,1,Universitario,39023.56,no_moroso
46,4654.56,2,7.2,1,Secundaria,9827.21,no_moroso
57,10528.83,9,7.7,0,Universitario,28654.12,no_moroso
53,9565.33,1,52.8,0,Universitario,22563.01,moroso
49,10947.34,5,11.2,1,Universitario,27655.29,no_moroso
55,7385.57,5,27.5,1,Secundaria,16605.26,no_moroso
50,9788.62,4,16.5,0,Universitario,25441.36,no_moroso
36,11158.13,1,,1,Universitario,27815.48,no_moroso
34,9472.9,4,13.7,1,TECNICO,22993.02,no_moroso
41,8478.79,9,7.6,0,tecnico,22620.4,no_moroso
20,8697.95,6,10.9,0,Secundaria,22800.01,no_moroso
37,3405.49,3,23.4,0,Universitario,9378.94,no_moroso
56,10949.29,9,18.6,0,universitario,29676.85,no_moroso
23,2670.64,4,,0,Secundaria,7464.39,no_moroso
51,6402.25,1,6.1,1,Tecnico,14429.07,no_moroso
38,13836.54,6,3.7,0,Tecnico,36811.76,no_moroso
67,1373.09,1,,0,universitario,4112.25,no_moroso
29,,7,12.2,1,Tecnico,27368.97,no_moroso
47,2240.95,6,2.4,0,Universitario,8227.85,no_moroso
29,8161.39,0,11.9,0,Tecnico,20741.88,no_moroso
19,3305.85,3,36.4,0,Universitario,9991.0,moroso
28,,0,4.9,1,Tecnico,23905.66,no_moroso
24,11861.06,5,18.2,1,Tecnico,29092.35,no_moroso
64,,7,21.2,0,SECUNDARIA,33870.5,no_moroso
68,3328.47,2,19.7,1,Secundaria,6723.98,no_moroso
57,5085.41,1,,0,Universitario,13223.26,no_moroso
27,7061.41,1,44.3,1,Tecnico,14143.63,moroso
36,3166.16,3,3.0,1,Secundaria,7410.48,no_moroso
30,4496.45,6,41.0,0,Tecnico,10647.45,moroso
40,11543.62,9,0.2,1,Universitario,29709.59,no_moroso
60,4967.48,8,6.3,0,Universitario,14916.8,no_moroso
23,14343.42,1,1.5,0,Tecnico,36250.37,no_moroso
47,7211.82,4,10.3,1,Secundaria,16743.44,no_moroso
49,13542.21,7,0.3,1,Posgrado,36743.3,no_moroso
64,10566.34,8,1.8,0,Posgrado,31651.62,no_moroso
62,11201.34,9,,1,Tecnico,28553.48,no_moroso
35,9371.92,4,6.5,0,Tecnico,24687.52,no_moroso
69,3055.84,8,2.0,0,Posgrado,12639.96,no_moroso
25,11636.76,9,20.8,1,Universitario,30242.39,no_moroso
50,13552.4,2,0.5,0,Tecnico,34400.98,no_moroso
50,,9,0.1,0,Posgrado,40076.49,no_moroso
36,6484.05,4,23.4,1,Tecnico,14619.76,no_moroso
36,8913.15,9,37.9,0,Tecnico,206509.5026159595,moroso
39,2971.1,7,50.0,0,Tecnico,6836.28,moroso
40,7781.67,6,19.2,0,Tecnico,19853.99,no_moroso
26,12013.75,4,24.3,1,Universitario,30762.44,no_moroso
63,14242.85,0,,1,Tecnico,33938.6,no_moroso
67,3537.53,2,1.0,0,Posgrado,12368.47,no_moroso
38,9181.18,9,6.4,1,Universitario,24279.41,no_moroso
21,819.26,4,3.1,1,Universitario,2579.06,no_moroso
19,10671.31,7,21.8,0,Tecnico,27646.09,no_moroso
43,1501.17,6,5.8,1,Secundaria,3105.71,no_moroso
69,14431.19,4,10.1,0,Secundaria,37080.4,no_moroso
45,13790.55,8,8.0,1,Universitario,35421.25,no_moroso
53,7094.1,4,26.4,1,Universitario,17475.21,no_moroso
66,3652.25,4,22.6,0,Universitario,9595.46,no_moroso
19,13269.8,6,10.5,1,Secundaria,32065.3,no_moroso
46,14184.33,2,9.4,0,Secundaria,35071.96,no_moroso
53,1354.47,7,9.0,0,Universitario,5465.0,no_moroso
43,14382.84,3,4.6,0,Posgrado,38369.4,no_moroso
36,13599.71,0,6.7,0,Tecnico,34120.58,no_moroso
20,12740.06,6,26.1,0,Tecnico,31437.81,no_moroso
39,14764.37,6,45.6,0,Universitario,37655.52,moroso
63,12143.43,7,,0,Secundaria,32092.1,no_moroso
49,13484.39,5,20.8,1,Secundaria,31903.16,no_moroso
18,5039.52,6,27.5,0,Secundaria,12058.91,no_moroso
54,1833.02,0,,1,Secundaria,2571.54,no_moroso
32,5158.67,4,26.4,0,TECNICO,12378.61,no_moroso
69,13307.53,7,0.3,0,Tecnico,35426.07,no_moroso
60,1420.31,4,64.4,0,Secundaria,658.05,moroso
46,8911.87,1,41.5,1,Secundaria,19023.79,moroso
39,13953.09,0,6.8,0,Secundaria,34710.01,no_moroso
37,13476.97,8,,0,Tecnico,33177.14,moroso
66,7869.15,4,7.6,0,Posgrado,23671.29,no_moroso
68,1592.74,4,11.5,1,Secundaria,2096.03,no_moroso
53,8451.04,7,1.4,0,Universitario,24209.81,no_moroso
57,13769.53,4,32.9,0,Universitario,34709.12,moroso
18,1380.14,4,1.1,0,Tecnico,5751.51,no_moroso
27,2133.97,6,16.5,1,SECUNDARIA,3443.07,no_moroso
23,11325.89,8,12.9,0,Secundaria,29219.91,no_moroso
20,,8,34.9,0,Universitario,14862.08,moroso
50,6812.81,1,14.3,0,Tecnico,16635.29,no_moroso
54,11215.6,2,3.5,0,TECNICO,183669.17866941096,no_moroso
56,3751.1,1,0.7,0,Tecnico,9313.32,no_moroso
59,10371.02,8,9.7,1,Tecnico,291208.4323367071,no_moroso
47,13508.02,2,11.8,0,Tecnico,33458.14,no_moroso
33,5443.45,9,13.8,0,Secundaria,14548.74,no_moroso
38,14003.49,5,0.2,0,universitario,37880.32,no_moroso
65,2629.08,5,16.4,0,Universitario,8016.65,no_moroso
40,1381.15,6,16.2,0,Posgrado,7016.3,no_moroso
65,5182.4,6,15.2,0,Posgrado,16738.07,no_moroso
55,8935.99,3,4.7,1,secundaria,21484.49,no_moroso
25,13960.29,4,1.8,0,Tecnico,36352.74,no_moroso
62,11020.1,0,35.9,0,Secundaria,25453.08,moroso
45,,0,14.6,0,Secundaria,33184.27,no_moroso
33,14072.18,6,1.2,0,Universitario,38598.25,no_moroso
69,9905.63,3,30.1,0,Secundaria,24451.9,moroso
67,7939.51,1,29.7,0,Tecnico,259331.1272585355,no_moroso
40,14954.48,4,7.8,0,Tecnico,37373.41,no_moroso
45,1273.19,4,6.6,1,Tecnico,2428.39,no_moroso
56,10182.97,5,8.4,1,Universitario,25348.72,no_moroso
19,2085.04,6,36.8,1,Universitario,5663.92,moroso
27,7462.97,1,98.5,1,Tecnico,13331.5,moroso
65,7159.05,0,4.2,1,Tecnico,16489.93,no_moroso
54,14935.67,9,28.3,0,UNIVERSITARIO,38937.19,no_moroso
62,11707.17,4,39.9,1,Universitario,27137.45,moroso
19,9538.39,4,0.4,1,Tecnico,23229.94,no_moroso
45,3083.43,7,15.8,1,Tecnico,7216.82,no_moroso
32,2464.87,9,1.5,1,Secundaria,6814.45,no_moroso
38,1021.66,5,11.7,1,Secundaria,1425.74,no_moroso
55,8538.58,2,7.7,0,Tecnico,21573.52,no_moroso
45,1185.04,6,8.7,1,Universitario,3435.13,no_moroso
42,8838.68,9,2.4,0,Universitario,25644.0,no_moroso
19,5640.67,9,36.0,1,Posgrado,15215.78,moroso
36,6923.93,0,,0,Tecnico,17981.88,no_moroso
24,11718.45,7,,0,Universitario,31334.61,no_moroso
27,9630.8,7,5.0,0,Posgrado,27806.04,no_moroso
26,3417.62,7,15.6,0,Tecnico,9578.6,no_moroso
36,7821.02,5,21.1,0,Universitario,20081.12,no_moroso
66,10666.91,5,,0,Universitario,28574.22,no_moroso
53,5891.83,1,2.7,1,Universitario,14849.41,no_moroso
51,13323.82,8,5.4,1,Universitario,34885.97,no_moroso
43,12146.37,3,5.6,0,Secundaria,30182.88,no_moroso
37,11117.7,2,30.9,1,Universitario,25720.51,moroso
28,8023.41,8,23.1,0,Universitario,22625.44,no_moroso
20,4963.82,4,10.1,0,Secundaria,12271.69,no_moroso
31,12320.12,4,68.1,0,Tecnico,28793.2,moroso
25,14603.72,6,36.0,1,Universitario,36517.17,moroso
54,,3,13.6,0,Universitario,16268.1,no_moroso
49,13681.23,4,19.4,1,Secundaria,32661.97,no_moroso
31,2332.9,3,0.9,1,Tecnico,5777.8,no_moroso
43,10259.52,2,,1,TECNICO,25292.46,no_moroso
50,,4,31.4,0,Tecnico,1525.6,moroso
33,12689.06,1,8.3,1,Universitario,31705.03,no_moroso
59,8133.35,2,1.5,0,Posgrado,24295.67,no_moroso
41,13862.57,0,9.5,1,Tecnico,33209.21,no_moroso
30,13340.1,9,8.6,1,Universitario,34442.56,no_moroso
59,6769.88,9,,0,Universitario,20812.19,no_moroso
66,3676.08,0,3.8,0,Tecnico,10463.33,no_moroso
25,10814.16,0,5.6,1,Secundaria,25389.41,no_moroso
64,12862.29,2,9.7,1,SECUNDARIA,30447.71,no_moroso
69,13865.6,3,1.2,0,Secundaria,34022.81,no_moroso
24,9637.47,7,3.0,1,Tecnico,282737.3075104364,no_moroso
44,5275.7,2,31.6,1,SECUNDARIA,11147.7,moroso
29,8667.48,6,39.0,0,Universitario,21700.28,moroso
56,1901.69,7,16.5,1,Secundaria,3213.62,no_moroso
20,6645.04,0,15.7,1,Posgrado,17025.8,no_moroso
25,3093.41,8,3.4,1,Posgrado,11334.61,no_moroso
29,4174.54,6,12.4,0,Posgrado,14266.17,no_moroso
43,5586.58,1,5.0,1,Posgrado,15642.68,no_moroso
45,5907.26,0,12.4,0,Universitario,15887.5,no_moroso
67,12568.06,4,55.7,0,Universitario,31713.48,moroso
53,5301.04,5,18.5,1,Tecnico,12708.99,no_moroso
69,3610.49,3,,0,Universitario,10246.93,no_moroso
53,13580.22,7,13.3,1,Posgrado,35468.77,no_moroso
63,11790.89,8,8.9,1,Universitario,299625.96653883124,no_moroso
46,13420.81,9,37.7,0,Universitario,34720.36,moroso
45,11696.26,9,27.8,0,Universitario,30321.88,no_moroso
66,,6,9.7,1,Universitario,22054.69,no_moroso
55,11389.24,7,20.2,1,Secundaria,28160.0,no_moroso
67,10956.84,2,15.6,0,UNIVERSITARIO,28197.76,no_moroso
50,12806.59,6,3.9,1,Universitario,32379.63,no_moroso
23,6435.84,4,5.6,0,Universitario,17610.81,no_moroso
51,11880.53,9,7.1,1,Universitario,31462.04,no_moroso
41,8551.74,6,28.5,0,Secundaria,22193.76,no_moroso
64,14475.48,5,,0,Secundaria,35274.42,no_moroso
36,13088.04,6,22.4,1,Secundaria,31168.53,no_moroso
54,9427.28,4,13.0,0,Tecnico,24683.37,no_moroso
44,10954.44,7,1.0,0,Tecnico,166078.74551996138,no_moroso
25,14123.24,3,41.7,1,Secundaria,32282.37,moroso
64,5678.96,2,6.0,1,Posgrado,14971.21,no_moroso
55,12029.15,4,11.2,0,Secundaria,29800.03,no_moroso
63,14797.93,0,,0,Secundaria,34940.65,moroso
20,,0,31.7,1,Universitario,32903.1,moroso
51,7674.95,0,3.9,0,Tecnico,20162.92,no_moroso
39,12252.09,4,,1,Posgrado,32372.07,no_moroso
18,8883.3,7,6.4,0,Posgrado,26423.0,no_moroso
32,4216.74,6,34.2,0,Tecnico,11165.87,moroso
38,8416.46,2,23.7,0,Universitario,21693.09,no_moroso
46,7077.95,7,8.8,1,Secundaria,16820.58,no_moroso
44,6106.35,2,12.6,0,Universitario,16623.82,no_moroso
28,,7,7.5,0,Tecnico,8927.75,no_moroso
46,13393.84,3,4.7,0,Universitario,35573.51,no_moroso
54,7246.7,0,11.5,1,Tecnico,16589.97,no_moroso
65,10249.97,1,26.7,1,Universitario,24205.79,no_moroso
23,13340.34,0,,0,Secundaria,33907.04,no_moroso
50,7308.48,4,4.1,1,Secundaria,17273.07,no_moroso
49,11643.53,7,22.7,0,Tecnico,29248.58,no_moroso
34,1204.3,3,4.6,0,Secundaria,3000.16,no_moroso
23,8878.71,7,2.4,0,Tecnico,24478.53,no_moroso
25,10557.0,0,1.6,1,Universitario,26341.88,no_moroso
45,13281.4,2,30.7,1,Universitario,31674.45,moroso
40,2698.95,5,4.8,1,Posgrado,9318.96,no_moroso
36,9991.34,5,26.5,1,Universitario,25174.44,no_moroso
44,11035.3,2,19.2,0,Posgrado,29568.54,no_moroso
50,8198.08,1,3.0,0,Tecnico,21506.21,no_moroso
65,,3,1.2,0,Posgrado,38052.86,no_moroso
63,6679.4,2,5.5,1,Tecnico,14964.35,no_moroso
62,3663.14,8,8.0,0,Tecnico,10590.81,no_moroso
45,4285.19,0,8.3,0,Secundaria,11025.3,no_moroso
69,11334.36,5,28.0,1,Secundaria,26613.8,no_moroso
32,2224.45,1,14.4,1,Posgrado,6622.5,no_moroso
50,7671.52,5,2.2,0,Tecnico,20412.46,no_moroso
25,3938.64,8,35.1,0,Tecnico,9855.29,moroso
46,8447.91,9,17.2,0,SECUNDARIA,22110.94,no_moroso
27,13616.06,7,1.9,1,Posgrado,37079.46,no_moroso
39,7258.23,4,36.2,0,Tecnico,269809.57182139833,moroso
57,3257.38,6,22.1,0,Universitario,286098.4206774391,no_moroso
47,,2,0.9,0,Tecnico,26131.74,no_moroso
69,6027.59,3,33.5,1,Tecnico,13156.23,moroso
32,7610.83,6,50.2,1,Universitario,16297.4,moroso
34,,6,5.3,0,Tecnico,6243.14,no_moroso
22,7364.77,4,18.5,0,Universitario,20351.31,no_moroso
33,11638.87,8,1.8,1,Secundaria,28349.05,no_moroso
48,9297.2,3,61.0,0,Universitario,22022.48,moroso
57,9892.29,1,1.7,0,Posgrado,28330.49,no_moroso
30,13350.9,6,21.3,0,Universitario,35935.36,no_moroso
28,3396.81,2,16.4,1,Posgrado,9744.19,no_moroso
23,5128.69,0,13.2,0,Universitario,12941.44,no_moroso
18,9831.43,8,7.6,1,Secundaria,24658.87,no_moroso
31,7150.42,1,39.7,0,Tecnico,16910.26,moroso
64,14923.27,3,23.0,1,Tecnico,36211.5,no_moroso
53,,1,1.6,0,Universitario,13188.3,no_moroso
46,9115.25,3,101.8,1,Secundaria,296208.9290604293,moroso
51,6915.97,4,4.6,1,Universitario,18762.85,no_moroso
62,1286.08,0,2.2,0,Tecnico,2601.83,no_moroso
55,9426.52,7,18.5,0,Universitario,25058.59,no_moroso
49,5633.77,4,,0,Secundaria,13381.39,moroso
63,7261.22,0,69.8,0,Universitario,16827.04,moroso
23,,0,1.9,0,Secundaria,5238.53,no_moroso
25,9149.12,0,8.0,0,Tecnico,22515.18,no_moroso
48,6955.85,2,9.5,1,POSGRADO,19596.01,no_moroso
57,5216.86,7,21.6,1,UNIVERSITARIO,12500.91,no_moroso
19,7193.99,0,20.9,1,Tecnico,15943.39,no_moroso
42,,3,5.5,1,Tecnico,22766.29,no_moroso
57,5922.62,0,7.4,1,Tecnico,14450.31,no_moroso
65,9037.16,0,21.4,0,Secundaria,21368.81,no_moroso
28,1431.56,2,5.2,0,Secundaria,3598.1,no_moroso
66,12914.1,6,9.9,1,Secundaria,31547.47,no_moroso
30,10210.57,1,2.1,0,Secundaria,25888.37,no_moroso
24,14620.98,0,9.9,0,Secundaria,36070.6,no_moroso
40,1054.72,4,3.3,0,Tecnico,3668.47,no_moroso
31,9269.31,0,36.5,1,Posgrado,22932.27,moroso
43,13009.71,9,,0,Secundaria,305097.9394905719,no_moroso
60,11578.89,3,2.8,0,Tecnico,29490.66,no_moroso
18,2680.0,2,13.5,1,Tecnico,5289.93,no_moroso
63,4459.38,2,3.0,1,Tecnico,9785.23,no_moroso
50,14314.18,8,8.9,1,Universitario,36587.49,no_moroso
55,8866.2,4,22.5,0,Secundaria,21896.83,no_moroso
44,1035.89,0,2.2,0,Universitario,3822.6,no_moroso
59,4886.4,4,27.4,0,Tecnico,12580.32,no_moroso
41,5471.37,0,0.6,1,Posgrado,15021.95,no_moroso
29,9939.25,3,8.0,0,Universitario,25472.52,no_moroso
38,8671.61,7,2.4,1,Secundaria,22144.41,no_moroso
62,9892.77,6,22.3,1,POSGRADO,26371.28,no_moroso
43,10108.79,3,26.8,0,Universitario,25292.93,no_moroso
26,8982.16,1,,0,Universitario,22706.72,no_moroso
52,14785.29,1,0.9,0,Universitario,39643.1,no_moroso
18,2648.7,7,10.6,0,Secundaria,7398.85,no_moroso
25,8141.0,6,10.3,1,Universitario,20817.66,no_moroso
51,5247.71,8,14.7,0,Secundaria,13455.3,no_moroso
18,5412.28,6,21.5,0,Tecnico,13901.92,no_moroso
64,3841.0,8,30.8,0,Secundaria,9368.73,moroso
65,14112.84,4,1.8,1,Tecnico,34461.33,no_moroso
39,14657.9,0,1.0,0,Posgrado,40288.25,no_moroso
43,9292.92,9,1.1,0,Tecnico,25015.21,no_moroso
43,11382.37,5,5.0,1,Tecnico,28709.81,no_moroso
59,11763.99,2,18.4,1,Tecnico,28018.82,no_moroso
50,8236.68,2,1.0,0,Tecnico,21525.0,no_moroso
39,4473.86,9,72.7,0,Tecnico,9468.87,moroso
32,9634.68,7,2.7,1,Secundaria,24390.2,no_moroso
62,10742.17,8,4.6,0,Tecnico,28556.34,no_moroso
57,14415.63,7,10.6,1,Tecnico,36412.97,no_moroso
52,13823.6,8,7.6,0,Posgrado,39031.19,no_moroso
34,14796.12,5,1.4,0,Tecnico,37281.23,no_moroso
50,11562.84,6,15.2,0,Posgrado,31841.27,no_moroso
56,7350.83,2,7.7,1,Tecnico,18128.14,no_moroso
23,,1,5.1,1,Secundaria,27993.57,no_moroso
68,,9,11.1,1,Universitario,21794.48,no_moroso
67,,1,2.4,0,Tecnico,4792.22,no_moroso
33,9376.59,2,19.1,0,Posgrado,26583.35,no_moroso
46,,3,59.9,1,Secundaria,33351.26,moroso
27,6361.04,7,21.0,0,Posgrado,19442.4,no_moroso
65,10786.57,3,11.6,1,Tecnico,26116.78,no_moroso
30,7898.58,3,3.4,0,universitario,21766.14,no_moroso
25,10640.68,3,4.1,1,Universitario,26686.65,no_moroso
49,11154.3,1,5.2,1,Tecnico,27078.45,no_moroso
30,13804.52,5,25.3,1,Universitario,33550.19,no_moroso
18,12747.22,0,2.4,1,Universitario,31728.42,no_moroso
28,9005.8,8,14.8,1,Posgrado,24861.43,no_moroso
47,9251.07,5,8.3,0,Posgrado,27359.7,no_moroso
38,12235.6,6,0.9,0,Tecnico,32090.95,no_moroso
40,6322.24,2,13.1,1,Tecnico,14035.96,no_moroso
47,1507.04,9,9.2,0,Tecnico,4933.89,no_moroso
44,13470.96,9,2.3,0,Universitario,36709.17,no_moroso
27,2212.2,6,0.7,0,Posgrado,9653.15,no_moroso
39,3962.52,7,20.4,1,Tecnico,9210.12,no_moroso
28,1348.56,4,9.0,0,Tecnico,4949.86,no_moroso
41,7466.31,6,,1,UNIVERSITARIO,18840.36,no_moroso
63,12734.85,1,0.3,0,Tecnico,31710.52,no_moroso
66,14963.47,0,7.3,1,Secundaria,35080.26,no_moroso
61,11412.38,5,21.8,0,Tecnico,28785.22,no_moroso
19,14363.68,2,,1,Secundaria,34829.35,no_moroso
37,9353.73,3,15.0,1,Universitario,22520.94,no_moroso
23,9981.46,2,0.2,1,Universitario,25333.87,no_moroso
63,11374.21,9,54.6,0,Universitario,28955.62,moroso
20,12058.42,7,77.0,0,Universitario,29013.93,moroso
35,12749.64,5,6.2,0,Universitario,33658.54,no_moroso
34,6159.2,6,26.0,0,Secundaria,15123.84,no_moroso
42,13882.88,1,10.4,1,Universitario,34395.94,no_moroso
46,5825.84,6,19.6,0,Universitario,16449.51,no_moroso
21,1454.77,9,6.2,1,Posgrado,7333.73,no_moroso
62,1390.21,6,7.0,0,Tecnico,4450.58,no_moroso
28,10064.4,4,3.4,1,Universitario,25776.82,no_moroso
34,12023.28,5,47.2,0,Tecnico,30075.31,moroso
58,6390.61,4,29.8,0,Universitario,16944.41,no_moroso
45,2061.37,0,3.9,1,Tecnico,3803.06,no_moroso
53,,9,51.5,1,Secundaria,15408.87,moroso
54,11902.75,9,1.7,1,Universitario,31198.66,no_moroso
69,2630.68,5,8.6,0,Tecnico,9283.31,no_moroso
44,6307.89,7,13.3,0,Posgrado,18743.53,no_moroso
30,2085.09,3,28.2,0,Tecnico,5057.63,no_moroso
27,1491.52,0,54.2,0,Tecnico,766.15,moroso
66,3430.22,6,12.8,0,Posgrado,12397.82,no_moroso
20,8386.41,7,,0,Tecnico,22608.16,no_moroso
58,7866.25,3,23.4,1,Secundaria,17360.14,no_moroso
48,11434.08,4,63.0,0,Universitario,27982.91,moroso
66,12147.08,2,24.8,0,Secundaria,29629.44,no_moroso
20,13953.74,3,0.2,0,Universitario,37817.98,no_moroso
59,3276.4,6,1.9,1,SECUNDARIA,7159.01,no_moroso
38,5663.86,8,16.5,0,Universitario,16106.07,no_moroso
23,5512.39,5,1.6,0,Tecnico,15307.13,no_moroso
32,5265.03,7,10.7,0,Posgrado,17592.6,no_moroso
49,14015.75,0,10.0,0,Tecnico,35831.39,no_moroso
64,7144.59,7,25.0,0,Tecnico,17932.99,no_moroso
63,12199.37,8,35.9,1,Universitario,29751.85,moroso
24,11037.38,7,31.8,1,Secundaria,26664.84,moroso
52,7058.85,4,79.2,1,Universitario,14309.11,moroso
53,13401.14,3,8.8,1,Universitario,33825.0,no_moroso
60,7456.05,3,0.4,0,Tecnico,19556.8,no_moroso
51,9041.41,9,7.2,0,Secundaria,24381.4,no_moroso
35,9958.65,5,15.5,0,Universitario,26754.55,no_moroso
29,14117.43,0,2.0,0,Universitario,36897.39,no_moroso
19,3172.48,3,13.4,1,Universitario,7542.78,no_moroso
33,11047.5,5,17.3,0,Tecnico,28316.86,no_moroso
31,7047.79,7,4.6,1,Posgrado,19948.45,no_moroso
44,5069.52,8,7.4,0,Tecnico,14094.24,no_moroso
29,1170.29,2,29.1,0,Universitario,3033.59,no_moroso
60,7687.38,8,,0,Secundaria,20437.22,no_moroso
43,13202.82,8,14.3,0,universitario,35588.55,no_moroso
19,14356.29,0,1.6,0,Tecnico,35568.06,no_moroso
48,5083.85,1,18.9,1,universitario,12065.78,no_moroso
49,11464.79,7,13.1,1,Tecnico,27973.07,no_moroso
62,8731.45,6,29.4,0,Universitario,23159.77,no_moroso
52,10411.87,5,7.3,1,Tecnico,26292.11,no_moroso
34,9135.27,2,1.4,1,Posgrado,24257.12,no_moroso
34,12072.63,7,2.9,0,Universitario,33005.9,no_moroso
45,10031.0,9,5.7,0,Secundaria,27274.78,no_moroso
56,8266.47,1,51.1,0,Tecnico,18772.65,moroso
18,6155.98,7,5.3,1,Secundaria,15003.56,no_moroso
26,6036.57,9,12.5,1,Tecnico,15670.18,no_moroso
55,9730.24,9,17.9,0,Secundaria,25353.37,no_moroso
45,4900.2,2,7.4,1,Universitario,12928.37,no_moroso
67,10678.75,2,19.4,0,Tecnico,26050.94,no_moroso
30,9211.88,5,26.2,0,Tecnico,23102.63,no_moroso
18,13346.61,8,8.9,1,Universitario,240400.04107755312,no_moroso
49,8852.11,8,5.9,1,Posgrado,24976.99,no_moroso
19,9472.91,8,12.1,1,Secundaria,23694.13,no_moroso
19,5105.57,1,11.2,0,Universitario,13942.17,no_moroso
45,,2,5.6,1,Tecnico,22558.35,no_moroso
52,11755.72,8,13.1,0,Secundaria,31371.74,no_moroso
32,1147.86,6,22.2,1,Secundaria,1683.42,no_moroso
61,1463.08,9,4.0,1,Tecnico,4298.74,no_moroso
25,10896.94,1,,0,Posgrado,29418.48,no_moroso
66,12957.9,1,3.8,1,Tecnico,31553.07,no_moroso
32,8725.14,4,18.1,0,Secundaria,22231.69,no_moroso
23,8503.34,9,5.2,1,Universitario,22089.75,no_moroso
30,11792.54,5,,1,Tecnico,28112.56,moroso
44,14982.45,9,52.9,1,Secundaria,34984.42,moroso
25,6397.5,2,,1,Universitario,14768.52,moroso
49,,5,7.4,0,Universitario,32583.82,no_moroso
24,1002.41,0,4.8,0,Posgrado,5213.04,no_moroso
48,,2,11.4,0,Tecnico,10950.49,no_moroso
59,14061.86,2,20.3,1,Tecnico,33467.53,no_moroso
37,13393.78,2,1.9,0,Posgrado,278488.24088745477,no_moroso
23,14692.4,2,0.3,0,Tecnico,37669.47,no_moroso
44,14613.08,3,3.8,0,Tecnico,37275.22,no_moroso
26,,4,25.5,0,Universitario,24204.3,no_moroso
18,5924.52,6,1.3,0,Tecnico,15813.45,no_moroso
60,8179.78,5,11.1,1,Universitario,21109.32,no_moroso
24,12548.63,4,,0,Secundaria,31942.6,no_moroso
44,14132.14,0,0.3,1,Tecnico,35027.45,no_moroso
31,11615.74,5,17.7,1,Universitario,29248.03,no_moroso
32,1679.75,8,6.6,1,Universitario,5313.67,no_moroso
32,8138.66,6,11.5,0,Posgrado,23452.52,no_moroso
40,2182.58,8,7.6,0,Secundaria,5944.73,no_moroso
27,11179.99,1,2.5,0,Universitario,29722.63,no_moroso
41,3619.53,5,60.2,1,Tecnico,7170.19,moroso
51,9233.34,3,2.7,0,Tecnico,24403.07,no_moroso
66,7557.33,3,0.3,0,Secundaria,20116.07,no_moroso
62,3736.71,5,0.1,1,Universitario,10464.52,no_moroso
65,8958.36,3,1.3,1,Universitario,23387.38,no_moroso
52,12282.44,0,0.5,0,Tecnico,30748.09,no_moroso
21,2617.34,1,3.2,1,Tecnico,5935.27,no_moroso
50,11405.93,9,28.2,0,tecnico,28260.01,no_moroso
69,12806.7,7,30.7,0,Universitario,34237.12,moroso
41,8568.94,7,2.6,0,Tecnico,22474.96,no_moroso
23,,4,17.9,0,Posgrado,40373.93,no_moroso
43,11048.37,3,96.6,1,Tecnico,21592.68,moroso
48,13074.44,3,15.5,0,Universitario,34831.28,no_moroso
60,14929.84,9,32.4,0,TECNICO,38988.55,moroso
24,8355.43,4,28.5,0,Universitario,21276.46,no_moroso
40,8015.79,3,27.8,1,Posgrado,20877.0,no_moroso
45,9846.45,5,17.3,1,Tecnico,23831.82,no_moroso
54,12437.45,5,23.1,0,Universitario,207946.83812324272,no_moroso
28,3554.8,0,6.8,0,Tecnico,9185.28,no_moroso
22,6849.76,9,5.8,0,Tecnico,19266.94,no_moroso
53,9250.42,9,8.8,0,Secundaria,23613.83,no_moroso
62,4169.45,5,5.9,0,Posgrado,14955.52,no_moroso
49,4020.78,4,24.9,0,Secundaria,9966.03,no_moroso
29,5734.02,5,1.0,0,Secundaria,15637.63,no_moroso
68,12600.72,7,2.3,1,Universitario,32229.8,no_moroso
60,900.42,9,32.0,1,Tecnico,1670.94,moroso
53,9086.21,4,13.9,0,Tecnico,22849.12,no_moroso
45,11639.04,1,2.6,1,Secundaria,27085.84,no_moroso
55,4285.69,8,6.8,0,Tecnico,13027.83,no_moroso
42,11111.89,2,23.3,1,Tecnico,25442.15,no_moroso
49,6637.11,5,1.0,0,Universitario,20796.51,no_moroso
60,5941.15,6,7.6,1,Tecnico,13942.43,no_moroso
37,5102.87,8,16.6,0,Tecnico,13577.69,no_moroso
65,1756.73,0,19.9,0,Secundaria,2669.64,no_moroso
56,6409.34,1,2.2,0,Universitario,18152.82,no_moroso
22,7283.5,9,19.4,0,Tecnico,20096.1,no_moroso
40,,1,,0,Universitario,33455.52,no_moroso
38,11609.61,0,3.3,0,Tecnico,29143.62,no_moroso
25,14614.44,8,3.6,0,Tecnico,38577.45,no_moroso
18,5826.57,8,34.4,0,Universitario,15914.66,moroso
24,8589.66,9,6.3,0,Secundaria,22821.04,no_moroso
45,1290.88,7,32.3,0,Tecnico,3294.62,moroso
61,10552.04,0,9.1,0,Universitario,27511.31,no_moroso
38,12443.2,6,0.7,1,Universitario,32744.24,no_moroso
24,8175.88,6,65.2,1,Posgrado,229227.80582469187,moroso
62,4561.18,1,10.0,1,Tecnico,9772.78,no_moroso
45,1595.53,4,14.5,1,secundaria,2860.11,no_moroso
40,11315.67,9,78.8,1,Universitario,25646.32,moroso
66,,5,6.7,0,Secundaria,37671.28,no_moroso
37,7522.1,5,8.4,0,Universitario,21640.99,no_moroso
59,14568.67,0,4.6,0,Tecnico,37516.86,no_moroso
60,10673.46,2,16.9,0,Universitario,28144.44,no_moroso
23,,0,34.0,1,Secundaria,27496.69,moroso
67,12486.42,1,12.0,0,Tecnico,32031.57,no_moroso
18,9690.04,0,45.1,1,Universitario,22319.32,moroso
66,5895.36,6,7.1,1,Tecnico,13687.31,no_moroso
31,2907.7,3,7.1,0,Universitario,8937.92,no_moroso
49,,2,21.1,0,Secundaria,35108.08,no_moroso
26,12411.65,0,31.1,0,Tecnico,29758.57,moroso
19,13214.44,3,11.2,0,Tecnico,33422.91,no_moroso
41,2494.1,6,,1,Tecnico,5575.96,no_moroso
29,9509.67,6,8.5,0,Secundaria,25053.79,no_moroso
29,10441.17,9,7.7,1,Universitario,28014.67,no_moroso
54,11329.59,6,10.9,0,Universitario,30587.8,no_moroso
62,4720.14,9,9.6,0,Universitario,15364.89,no_moroso
46,8088.63,8,35.8,1,Secundaria,18450.81,moroso
68,13936.61,6,17.6,1,Secundaria,34064.05,no_moroso
51,6382.72,5,9.9,0,Tecnico,18316.15,no_moroso
64,1314.51,0,,0,Tecnico,4079.95,no_moroso
46,7695.38,7,,1,Tecnico,19339.25,no_moroso
57,8618.13,3,48.3,1,Universitario,20099.78,moroso
54,11713.41,2,2.5,1,Universitario,28977.52,no_moroso
59,6432.93,3,9.3,0,Universitario,17694.22,no_moroso
43,13354.99,2,,1,Universitario,33742.91,no_moroso
49,,3,5.8,0,Posgrado,18248.16,no_moroso
49,3524.29,1,9.9,1,Secundaria,6600.74,no_moroso
23,7166.57,0,7.2,0,Universitario,19140.52,no_moroso
43,3992.19,2,6.2,0,Universitario,10576.7,no_moroso
25,14306.97,6,5.0,1,Universitario,36492.85,no_moroso
47,5813.95,7,4.5,0,Universitario,16843.58,no_moroso
19,14347.72,9,2.0,1,Tecnico,36706.95,no_moroso
37,1026.87,5,31.3,0,tecnico,2578.15,moroso
47,1545.44,8,0.8,1,Tecnico,3578.55,no_moroso
41,9524.64,7,1.3,1,Universitario,24426.71,no_moroso
51,6074.06,1,16.4,1,Universitario,14217.17,no_moroso
60,7100.83,9,11.9,1,Universitario,18919.73,no_moroso
64,6208.72,0,3.0,0,Secundaria,252369.54491861127,no_moroso
56,12368.8,1,,1,Posgrado,32490.53,no_moroso
43,13239.88,1,10.0,0,Universitario,34139.77,no_moroso
19,7109.3,8,12.1,0,Tecnico,18613.97,no_moroso
39,5176.88,7,0.7,0,Secundaria,14334.22,no_moroso
69,13514.4,8,1.8,1,Tecnico,33628.33,no_moroso
38,5954.05,6,,0,Posgrado,19178.26,no_moroso
50,3125.53,0,16.4,1,POSGRADO,9005.57,no_moroso
58,6850.55,3,0.9,1,Universitario,17132.83,no_moroso
55,9984.1,0,14.3,1,Tecnico,23109.47,no_moroso
47,9475.9,7,,0,Tecnico,24634.17,moroso
19,4748.01,2,23.1,1,Universitario,10985.28,no_moroso
42,4072.62,5,2.7,0,Tecnico,10939.88,no_moroso
39,8994.72,3,9.2,0,Universitario,24741.74,no_moroso
62,7210.51,6,31.3,1,Posgrado,19662.13,moroso
61,10127.5,6,2.3,0,Universitario,27664.6,no_moroso
62,13440.44,4,12.9,1,Universitario,34716.23,no_moroso
39,10176.3,3,,0,Universitario,25608.46,moroso
32,9071.38,0,39.6,0,Universitario,21641.68,moroso
24,12092.45,2,5.5,1,Tecnico,29891.73,no_moroso
55,9234.73,4,30.8,1,Posgrado,23405.22,moroso
19,11132.04,4,15.2,0,Universitario,29555.36,no_moroso
31,2053.46,1,9.7,1,universitario,4291.37,no_moroso
53,12944.8,6,3.8,0,Tecnico,34259.5,no_moroso
50,9157.14,3,21.5,0,Posgrado,24794.74,no_moroso
34,3185.7,6,7.3,1,Universitario,8606.25,no_moroso
67,5230.49,6,2.0,1,Tecnico,12937.87,no_moroso
22,10240.94,4,4.5,0,Universitario,27693.64,no_moroso
56,10702.47,0,27.3,0,Tecnico,25456.12,no_moroso
21,6192.39,0,,1,Tecnico,11593.91,moroso
29,9277.45,5,,1,Tecnico,22796.84,no_moroso
18,9051.3,7,1.9,0,Universitario,25704.31,no_moroso
56,,6,43.6,0,Posgrado,21491.46,moroso
35,4197.91,3,27.8,0,Universitario,11056.79,no_moroso
18,,5,6.6,1,Universitario,34346.58,no_moroso
27,12581.49,4,6.0,0,Universitario,33105.38,no_moroso
45,1862.95,6,,0,Universitario,7834.62,no_moroso
30,12749.03,1,5.3,1,Tecnico,30456.81,no_moroso
28,1018.95,3,4.5,0,Tecnico,3515.28,no_moroso
27,9815.6,3,7.4,0,Tecnico,25155.17,no_moroso
28,2139.87,6,13.3,1,Universitario,5675.21,no_moroso
45,11411.69,2,8.4,0,Posgrado,31800.52,no_moroso
28,14460.39,9,35.3,0,Tecnico,37121.67,moroso
50,12835.39,3,30.1,0,Tecnico,31498.17,moroso
54,7194.38,6,0.1,0,Universitario,21010.03,no_moroso
32,6379.98,4,3.3,1,Tecnico,15488.57,no_moroso
51,2645.05,9,30.3,0,Universitario,8319.05,moroso
21,6990.26,0,1.1,0,Tecnico,18442.66,no_moroso
32,4853.33,4,17.4,0,Secundaria,11733.6,no_moroso
34,3737.23,3,9.2,1,Tecnico,8526.24,no_moroso
34,,2,4.3,0,Posgrado,28499.01,no_moroso
57,813.1,2,17.3,0,Secundaria,939.42,no_moroso
49,14740.12,6,9.5,0,Tecnico,38594.0,no_moroso
32,7313.71,4,11.9,0,Universitario,19599.27,no_moroso
24,7869.44,3,7.0,1,Secundaria,18119.83,no_moroso
40,,7,5.8,1,Posgrado,34257.67,no_moroso
57,14549.6,1,21.7,0,Universitario,36732.46,no_moroso
33,14237.34,9,31.3,1,Universitario,36170.87,moroso
48,4600.94,4,9.6,0,Universitario,14157.87,no_moroso
36,7903.45,1,13.5,1,Universitario,18992.73,no_moroso
25,12348.39,4,0.2,1,Tecnico,30491.28,no_moroso
53,1352.85,2,1.0,1,Universitario,3939.73,no_moroso
35,10220.05,3,0.9,1,Tecnico,25281.48,no_moroso
49,12234.38,3,8.9,0,Universitario,31360.74,no_moroso
42,4318.52,6,3.2,1,Tecnico,10762.37,no_moroso
19,7452.22,1,10.1,0,universitario,19595.36,no_moroso
39,7066.67,3,8.8,0,Tecnico,17794.69,no_moroso
42,6083.32,4,28.6,1,Universitario,14890.73,no_moroso
69,2352.39,6,2.6,1,Tecnico,5667.29,no_moroso
64,12699.13,4,5.2,0,Posgrado,35410.12,no_moroso
30,6391.12,7,0.8,1,Universitario,18241.92,no_moroso
42,5638.87,8,12.3,0,Secundaria,14476.62,no_moroso
64,6343.98,0,10.7,1,Universitario,15676.08,no_moroso
57,13578.67,7,2.4,0,Tecnico,35908.94,no_moroso
64,5431.41,6,27.3,1,Universitario,13701.31,no_moroso
68,14828.1,1,41.2,0,secundaria,35053.65,moroso
56,5057.82,1,36.3,0,Secundaria,10620.93,moroso
28,7105.91,5,0.6,0,Secundaria,18368.39,no_moroso
66,9521.56,6,4.5,1,Universitario,24329.36,no_moroso
42,8325.33,0,55.3,1,Tecnico,16675.71,moroso
57,2076.26,8,,1,Posgrado,4559.84,moroso
18,5050.11,4,10.5,0,Tecnico,13434.38,no_moroso
62,7980.91,6,5.2,0,Universitario,22969.06,no_moroso
22,1950.41,0,7.0,0,Secundaria,4748.58,no_moroso
55,1403.16,2,20.8,0,Universitario,5069.65,no_moroso
20,12226.1,4,,0,Universitario,31229.52,no_moroso
26,,2,23.4,0,Tecnico,28781.92,no_moroso
51,10022.8,7,0.9,0,Tecnico,27123.6,no_moroso
46,10901.92,1,1.4,1,Universitario,27645.92,no_moroso
18,5330.39,9,8.1,0,Universitario,15667.27,no_moroso
24,2355.7,9,3.0,0,Secundaria,8222.97,no_moroso
22,7284.84,0,0.1,0,Universitario,19570.3,no_moroso
47,9132.11,0,43.7,0,Universitario,21945.16,moroso
46,6014.4,7,5.1,0,Tecnico,16686.22,no_moroso
42,11965.7,8,23.2,1,Tecnico,28915.43,no_moroso
20,6710.92,4,4.5,0,Universitario,18242.14,no_moroso
56,6153.69,9,,0,Universitario,18244.09,no_moroso
62,3119.77,5,24.9,1,Tecnico,6699.83,no_moroso
52,4169.59,6,57.5,1,Universitario,9143.98,moroso
33,7080.01,1,37.2,1,Tecnico,15257.67,moroso
59,9747.33,6,19.3,0,Universitario,26584.17,no_moroso
22,4958.23,7,3.2,0,Posgrado,17177.43,no_moroso
21,13402.99,4,11.3,1,Secundaria,31552.05,no_moroso
34,12852.28,4,11.8,1,Tecnico,31356.46,no_moroso
23,7875.15,2,39.1,1,Posgrado,18296.95,moroso
66,8646.16,2,50.2,1,Universitario,18929.95,moroso
21,1252.78,9,16.5,1,Universitario,3720.42,no_moroso
20,,8,39.3,0,Universitario,27410.66,moroso
19,2363.85,6,50.2,0,Tecnico,4672.48,moroso
59,11089.29,2,1.3,1,Tecnico,26919.02,no_moroso
58,12190.92,7,32.4,1,Universitario,29638.85,moroso
54,12269.0,9,11.3,0,Secundaria,31276.48,no_moroso
68,1830.79,9,27.8,0,Universitario,5714.06,no_moroso
53,,7,20.5,0,Universitario,36207.55,no_moroso
38,,9,35.1,1,Secundaria,1035.22,moroso
52,14887.0,0,1.5,1,Universitario,36988.04,no_moroso
65,6427.45,7,13.7,0,Secundaria,16880.4,no_moroso
56,13662.93,4,0.8,1,Universitario,34953.0,no_moroso
63,2679.54,3,37.4,0,Tecnico,5569.29,moroso
20,5805.49,0,50.7,1,Posgrado,13518.22,moroso
38,10345.39,6,15.8,0,Posgrado,28512.96,no_moroso
32,8090.59,6,23.8,1,Secundaria,18301.26,no_moroso
60,1007.4,3,7.7,0,Posgrado,5790.98,no_moroso
65,9156.67,8,9.9,0,Universitario,25217.14,no_moroso
64,14825.34,3,14.7,0,Tecnico,36918.15,no_moroso
30,12401.36,6,1.8,0,Posgrado,35620.26,no_moroso
60,6346.96,4,4.0,0,Posgrado,20378.48,no_moroso
49,9423.95,4,8.5,0,Secundaria,24032.04,no_moroso
23,3951.52,4,2.4,1,Posgrado,11951.89,no_moroso
40,6752.02,6,3.3,0,Secundaria,17879.09,no_moroso
56,14173.11,2,0.1,0,Tecnico,35947.91,no_moroso
24,,6,21.8,1,Tecnico,15022.92,no_moroso
58,7265.0,5,0.3,0,Posgrado,21580.05,no_moroso
22,9027.35,4,26.3,0,Universitario,23078.64,no_moroso
54,3687.15,1,24.5,1,Tecnico,8240.54,no_moroso
67,11655.33,5,2.5,1,Tecnico,28602.26,no_moroso
19,7333.94,6,20.8,1,Posgrado,20647.87,no_moroso
32,14349.45,1,16.9,0,Secundaria,35490.77,no_moroso
29,11091.29,0,14.9,0,secundaria,27184.09,no_moroso
30,13236.04,7,7.3,1,Posgrado,35241.1,no_moroso
50,6560.22,4,0.1,0,Secundaria,16890.85,no_moroso
68,9442.1,2,37.3,1,Secundaria,20575.11,moroso
55,10970.47,0,26.8,0,Tecnico,26417.45,no_moroso
21,4015.85,8,16.3,0,Posgrado,13677.77,no_moroso
25,2705.82,6,0.1,1,Tecnico,7048.15,no_moroso
21,12924.18,4,2.9,0,Universitario,34158.2,no_moroso
48,9308.05,0,,1,Posgrado,24783.37,no_moroso
19,9908.23,6,12.2,0,Tecnico,25505.17,no_moroso
68,,2,9.2,1,Universitario,32363.29,no_moroso
21,12709.08,9,12.1,1,Secundaria,31827.05,no_moroso
41,2390.0,8,,0,Universitario,8402.69,no_moroso
47,3481.36,1,3.7,1,Universitario,8173.44,no_moroso
58,14948.29,1,44.1,1,Universitario,35024.6,moroso
32,5316.77,9,4.8,1,Universitario,14935.18,no_moroso
50,7787.4,4,17.4,1,Universitario,19846.18,no_moroso
30,4451.27,2,3.4,1,Secundaria,10032.6,no_moroso
35,1163.57,4,10.9,0,UNIVERSITARIO,4247.81,no_moroso
45,7162.41,6,5.5,0,Secundaria,19176.99,no_moroso
62,10568.16,0,15.9,1,Tecnico,24493.05,no_moroso
68,8894.46,6,11.3,0,Universitario,24691.47,no_moroso
49,10276.59,5,18.3,0,Tecnico,26060.49,no_moroso
43,4294.58,2,1.7,0,Secundaria,10685.02,no_moroso
46,10097.09,5,12.2,1,Secundaria,24711.2,no_moroso
57,8410.24,5,90.0,1,Universitario,17335.91,moroso
45,4292.46,2,51.4,0,universitario,10068.17,moroso
45,14909.23,3,0.0,1,universitario,37494.31,no_moroso
27,11528.72,0,8.1,0,Tecnico,28407.73,no_moroso
24,4467.65,2,3.8,1,Tecnico,10723.48,no_moroso
53,2708.66,0,15.8,0,Posgrado,9403.58,no_moroso
34,8514.89,6,7.8,0,Universitario,23716.91,no_moroso
68,12815.02,2,0.0,0,Tecnico,33850.89,no_moroso
22,5489.93,6,5.4,0,Secundaria,14603.6,no_moroso
29,11675.14,7,1.1,1,Universitario,30445.63,no_moroso
65,8294.44,9,8.5,0,Secundaria,21907.65,no_moroso
34,9375.83,7,,1,Universitario,23659.57,no_moroso
34,4385.52,7,52.6,0,Secundaria,9343.42,moroso
32,11313.74,6,2.4,1,universitario,29389.0,no_moroso
29,14021.53,1,2.2,1,Tecnico,175643.5808868094,no_moroso
39,9700.87,7,7.2,0,Tecnico,26196.68,no_moroso
48,11473.19,4,13.1,0,Posgrado,31638.38,no_moroso
45,11247.87,3,25.2,0,Universitario,28496.05,no_moroso
19,8731.14,4,7.2,0,Posgrado,24373.96,no_moroso
27,4202.62,4,30.9,1,Tecnico,8207.82,moroso
57,1521.01,2,8.3,1,Posgrado,5494.29,no_moroso
66,4690.37,0,2.6,0,Universitario,13360.35,no_moroso
54,1863.34,4,25.2,1,Posgrado,6108.43,no_moroso
40,7625.81,0,7.8,0,Tecnico,19496.4,no_moroso
19,11810.59,3,2.6,1,Secundaria,28618.25,no_moroso
69,2309.94,4,53.3,0,Universitario,5157.84,moroso
20,991.64,0,11.4,1,Universitario,2588.06,no_moroso
33,14075.63,6,0.0,0,Universitario,37444.17,no_moroso
24,976.5,7,41.0,1,Secundaria,461.71,moroso
51,8129.73,9,2.6,0,Posgrado,202838.51645744653,no_moroso
63,4045.85,2,17.3,0,Secundaria,10117.53,no_moroso
36,4635.3,1,1.5,1,Tecnico,11791.64,no_moroso
61,9868.26,5,57.5,1,Tecnico,22100.68,moroso
21,1641.49,1,1.4,1,Secundaria,2639.25,no_moroso
24,12138.64,5,33.2,1,Tecnico,29104.43,moroso
58,6094.22,4,8.8,1,Secundaria,14827.01,no_moroso
27,8334.31,7,32.9,1,Secundaria,18961.37,moroso
53,3269.57,5,,1,Secundaria,7341.34,no_moroso
24,6742.99,6,2.9,0,Posgrado,20268.78,no_moroso
56,4342.68,1,4.5,0,Secundaria,10801.36,no_moroso
49,,7,,0,Universitario,7864.02,no_moroso
68,4780.97,5,6.6,0,Tecnico,12988.22,no_moroso
61,4868.61,2,11.9,0,UNIVERSITARIO,13690.65,no_moroso
56,9413.41,8,0.2,0,Universitario,26431.87,no_moroso
66,13882.43,2,23.7,0,Posgrado,36265.2,no_moroso
53,6475.33,6,12.9,0,Secundaria,16202.49,no_moroso
63,10670.42,0,3.7,0,Universitario,28531.2,no_moroso
39,,5,9.0,1,Universitario,4169.9,no_moroso
64,6576.26,7,7.8,1,Tecnico,17002.56,no_moroso
58,8882.96,5,43.8,0,Universitario,22540.52,moroso
40,1216.89,8,45.0,1,Secundaria,200.0,moroso
52,13489.7,2,4.3,0,Posgrado,37069.8,no_moroso
19,12175.2,4,26.3,0,Tecnico,31027.53,no_moroso
40,9098.59,8,,0,Universitario,26473.56,no_moroso
35,4449.75,6,1.5,0,Tecnico,12498.97,no_moroso
69,12511.77,6,15.1,1,Posgrado,33429.66,no_moroso
42,7096.07,2,4.2,0,Secundaria,18916.98,no_moroso
53,8535.71,7,0.3,1,Universitario,22083.06,no_moroso
55,1162.09,2,34.7,1,Universitario,1580.61,moroso
34,12161.67,4,11.4,1,Tecnico,29340.37,no_moroso
33,3789.66,0,30.6,0,Secundaria,8192.57,moroso
34,12990.68,6,26.8,1,Tecnico,30799.59,no_moroso
37,6847.69,8,3.3,0,Secundaria,18300.65,no_moroso
35,11292.8,5,1.6,1,Universitario,28685.21,no_moroso
43,1912.68,7,35.5,0,Secundaria,4790.85,moroso
52,1747.59,2,17.5,0,Universitario,5300.74,no_moroso
63,1545.82,8,0.8,0,Secundaria,5540.81,no_moroso
39,6050.95,3,3.9,0,SECUNDARIA,15710.9,no_moroso
32,3481.12,5,38.0,1,Tecnico,6807.91,moroso
19,11091.6,5,17.3,0,Secundaria,27411.41,no_moroso
46,7030.99,9,34.6,0,Tecnico,17887.12,moroso
46,10956.57,6,15.1,1,Posgrado,29653.99,no_moroso
53,12914.97,5,5.4,1,Secundaria,31609.15,no_moroso
30,10898.85,5,14.9,0,Posgrado,30285.94,no_moroso
26,5633.72,7,4.4,0,Universitario,16809.66,no_moroso
56,,8,13.3,1,Tecnico,33426.95,no_moroso
62,13070.22,7,14.4,0,Universitario,34401.0,no_moroso
64,10542.88,7,10.7,1,Universitario,28374.88,no_moroso
63,,7,5.3,0,Secundaria,12989.1,no_moroso
22,7106.65,6,0.3,0,Universitario,21724.2,no_moroso
28,4041.53,1,24.9,0,Secundaria,9298.84,no_moroso
39,9034.2,5,31.0,0,Universitario,23127.42,moroso
32,8834.83,0,,1,Universitario,21077.54,no_moroso
60,5441.36,3,,0,Secundaria,13056.96,no_moroso
19,14272.61,1,21.7,1,Posgrado,35400.35,no_moroso
21,14623.73,6,,0,Universitario,38981.85,no_moroso
64,4542.36,1,12.6,1,Universitario,10465.7,no_moroso
38,9291.31,3,6.6,0,Universitario,24421.72,no_moroso
65,,3,2.6,0,Universitario,18138.36,no_moroso
23,7712.61,4,15.2,1,Tecnico,17583.92,no_moroso
21,1212.19,3,22.3,1,Universitario,2922.98,no_moroso
30,6166.97,3,17.7,1,Universitario,305663.0432721097,no_moroso
20,10667.64,5,1.3,0,Posgrado,30584.72,no_moroso
63,14764.68,3,2.5,1,Universitario,37051.69,no_moroso
53,13791.76,6,45.8,0,Universitario,34015.86,moroso
45,6569.79,1,5.7,0,Secundaria,16302.37,no_moroso
61,13233.76,3,61.0,0,Tecnico,30468.65,moroso
49,10111.5,5,7.9,0,Tecnico,26701.41,no_moroso
24,10392.01,1,23.7,0,Universitario,27703.45,no_moroso
50,6824.83,0,,0,Tecnico,16748.52,no_moroso
43,14330.77,5,8.1,0,Universitario,37511.37,no_moroso
37,5819.06,4,46.7,0,Tecnico,14356.75,moroso
32,1894.14,8,6.7,1,Posgrado,7596.27,no_moroso
41,9398.41,2,24.4,0,Secundaria,23409.87,no_moroso
51,11324.32,1,0.3,1,POSGRADO,29980.08,no_moroso
31,10230.57,2,9.4,0,Tecnico,26458.38,no_moroso
39,2793.26,6,32.7,0,Universitario,7499.29,moroso
45,3909.3,3,16.7,0,Posgrado,13102.61,no_moroso
64,11468.37,3,3.7,0,Universitario,30140.64,no_moroso
57,3090.72,0,47.0,0,Posgrado,8354.04,moroso
27,1226.42,2,,0,Tecnico,2758.8,no_moroso
20,2309.04,0,18.7,1,Posgrado,7320.39,no_moroso
22,6263.66,8,5.5,1,Secundaria,15798.37,no_moroso
58,12316.55,8,2.0,0,Universitario,33839.62,no_moroso
64,13305.16,5,11.6,0,Universitario,34833.62,no_moroso
68,1423.01,8,9.5,0,secundaria,4344.08,no_moroso
57,5659.41,1,25.5,1,Universitario,12786.48,no_moroso
42,12607.18,1,,0,UNIVERSITARIO,32761.76,no_moroso
25,6354.6,8,6.6,0,Posgrado,19733.12,no_moroso
60,12561.24,5,1.6,1,Tecnico,31558.75,no_moroso
42,14984.44,7,46.7,1,Posgrado,37288.36,moroso
23,8149.23,1,2.7,1,Tecnico,20275.1,no_moroso
43,14095.56,6,20.5,0,Tecnico,36075.27,no_moroso
65,12404.24,7,1.2,0,Tecnico,32540.89,no_moroso
59,13062.73,6,15.2,0,Tecnico,33343.77,no_moroso
37,11451.73,5,1.9,1,Universitario,30167.64,no_moroso
58,10001.45,9,22.1,0,Universitario,27488.37,no_moroso
67,8885.2,7,0.2,0,Tecnico,23531.47,no_moroso
54,1975.54,9,10.9,0,Tecnico,5686.33,no_moroso
20,8209.45,8,1.2,0,Universitario,23655.69,no_moroso
24,10465.59,9,14.6,0,Universitario,29450.55,no_moroso
27,5325.45,2,31.7,0,Universitario,13349.07,moroso
22,9930.69,9,8.0,0,Tecnico,26987.76,no_moroso
21,,5,21.6,1,Tecnico,2874.63,no_moroso
31,13948.74,6,9.1,1,Tecnico,34188.41,no_moroso
24,12495.85,6,25.4,0,Posgrado,34519.09,no_moroso
34,8082.11,5,11.6,0,Universitario,22208.77,no_moroso
55,6960.34,6,31.1,0,Secundaria,16363.56,moroso
19,7048.17,3,4.4,0,Universitario,20008.32,no_moroso
42,11478.17,9,,1,Secundaria,28644.2,no_moroso
32,6751.73,3,7.8,0,Universitario,18645.45,no_moroso
23,9821.09,2,10.0,0,Tecnico,25963.7,no_moroso
43,6012.51,2,0.0,0,Universitario,17074.66,no_moroso
45,,0,24.1,1,Universitario,17686.25,no_moroso
25,12714.57,2,11.6,1,Tecnico,30686.87,no_moroso
42,13404.17,4,24.3,0,Secundaria,33184.8,no_moroso
60,,7,32.1,1,Tecnico,11870.32,moroso
21,8903.73,6,10.0,1,Universitario,22666.49,no_moroso
54,9498.35,7,18.1,0,Universitario,25469.48,no_moroso
60,14521.67,3,2.7,0,Universitario,38663.27,no_moroso
45,9549.86,9,9.1,0,Tecnico,26390.15,no_moroso
43,887.25,7,3.9,1,Universitario,3097.92,no_moroso
46,,6,11.6,0,Tecnico,33477.93,no_moroso
22,8130.14,0,5.9,1,Tecnico,19528.98,no_moroso
60,9115.63,7,26.8,0,Tecnico,23565.27,no_moroso
19,12138.22,5,3.1,0,Posgrado,252471.57501060388,no_moroso
35,12423.87,0,0.3,1,Secundaria,30109.88,no_moroso
62,3316.42,9,56.4,0,Secundaria,7258.98,moroso
26,7163.56,9,13.6,0,Universitario,20326.71,no_moroso
33,,9,24.6,1,Secundaria,17654.71,no_moroso
50,8306.7,6,23.1,0,Secundaria,20776.23,no_moroso
54,3990.06,0,16.2,0,Secundaria,9122.68,no_moroso
67,3448.71,1,44.9,0,Tecnico,6694.09,moroso
41,10890.25,7,3.6,0,Secundaria,29083.65,no_moroso
65,5148.0,4,5.0,0,Universitario,15038.72,no_moroso
30,8855.33,1,24.4,0,Secundaria,21025.25,no_moroso
22,3760.63,5,7.0,1,Tecnico,8555.63,no_moroso
35,14386.66,4,2.6,0,Tecnico,37766.09,no_moroso
63,3637.02,4,,1,Tecnico,9113.78,no_moroso
54,3373.55,4,7.2,0,Tecnico,9245.53,no_moroso
62,9715.78,8,0.3,1,Universitario,25367.45,no_moroso
50,,0,1.0,0,Tecnico,27173.1,no_moroso
52,4546.35,6,16.9,1,Secundaria,9933.06,no_moroso
62,5254.34,4,4.7,0,Posgrado,17004.7,no_moroso
40,4908.66,5,12.2,1,Posgrado,14650.16,no_moroso
47,1819.6,3,13.6,1,Universitario,3741.93,no_moroso
31,,4,18.8,0,Tecnico,9676.56,no_moroso
24,2777.5,7,2.5,0,Posgrado,11321.11,no_moroso
56,13917.05,0,31.6,0,Tecnico,34289.36,moroso
53,12221.18,2,16.3,0,Secundaria,30963.6,no_moroso
39,,0,13.8,0,Tecnico,17789.92,no_moroso
65,14765.2,8,,0,UNIVERSITARIO,39458.95,no_moroso
48,8184.36,8,5.7,1,Tecnico,21758.52,no_moroso
55,6393.83,9,1.3,0,Posgrado,20491.31,no_moroso
65,7553.6,3,29.4,0,Tecnico,18711.01,no_moroso
53,3685.27,5,14.0,0,Universitario,11764.53,no_moroso
43,9648.21,8,0.6,0,Posgrado,29175.02,no_moroso
38,12208.15,3,15.5,1,Universitario,30697.94,no_moroso
39,4485.91,8,27.9,0,Tecnico,11605.91,no_moroso
34,8402.2,2,32.4,1,Universitario,20041.68,moroso
22,12091.97,4,13.7,0,Tecnico,30849.12,no_moroso
19,7351.26,1,1.2,1,Posgrado,20324.54,no_moroso
53,8857.03,9,14.5,0,Universitario,24967.61,no_moroso
42,11376.63,4,21.2,1,Secundaria,27208.52,no_moroso
66,7656.58,1,27.6,0,Universitario,19525.46,no_moroso
57,1250.6,7,20.0,1,Universitario,4068.64,no_moroso
20,2292.81,1,8.9,1,Universitario,5799.66,no_moroso
60,5327.63,1,7.7,1,Secundaria,11367.23,no_moroso
39,11309.04,9,1.4,1,Posgrado,31623.77,no_moroso
65,3544.78,0,45.5,0,Secundaria,6941.25,moroso
27,5172.89,6,13.2,0,Posgrado,16501.56,no_moroso
54,12967.93,5,,0,Universitario,34937.65,no_moroso
23,9093.3,8,118.0,0,Secundaria,18273.88,moroso
64,6178.83,4,30.9,1,TECNICO,12895.55,moroso
51,13020.05,5,3.2,1,TECNICO,32192.2,no_moroso
64,9759.69,9,7.7,0,Tecnico,25951.39,no_moroso
27,11208.05,9,55.0,0,Tecnico,27378.57,moroso
63,,2,38.7,0,Tecnico,2103.95,moroso
43,14181.67,9,17.6,0,Posgrado,39399.26,no_moroso
23,2227.43,2,10.7,0,Tecnico,5030.11,no_moroso
33,13746.79,1,20.6,0,Universitario,35711.9,no_moroso
35,9539.72,4,6.7,1,Tecnico,24374.85,no_moroso
59,7127.75,7,4.5,0,Secundaria,19167.65,no_moroso
20,11162.77,5,0.5,0,Universitario,30576.5,no_moroso
50,12715.66,7,6.6,0,Tecnico,33367.93,no_moroso
54,10628.95,0,45.8,1,Universitario,24021.98,moroso
19,,6,26.7,1,Universitario,34227.07,no_moroso
55,12623.56,9,12.4,0,Tecnico,33815.7,no_moroso
29,13893.94,5,12.7,0,Posgrado,38853.99,no_moroso
66,8340.96,2,12.7,1,Universitario,20358.46,no_moroso
19,,6,1.7,1,Posgrado,4187.73,no_moroso
44,8151.79,3,,0,Secundaria,20513.25,no_moroso
50,11540.09,7,23.3,0,Tecnico,29339.83,no_moroso
61,12404.51,8,3.3,0,Universitario,35222.49,no_moroso
58,,6,8.4,0,Tecnico,13833.14,no_moroso
30,7598.45,0,16.8,0,Tecnico,18225.35,no_moroso
46,5407.89,5,13.9,0,universitario,15451.59,no_moroso
59,9327.19,4,5.3,0,Tecnico,23848.74,no_moroso
61,6391.91,5,30.1,0,Tecnico,15708.12,moroso
20,2593.97,5,1.1,1,Secundaria,4262.42,no_moroso
61,9807.51,6,44.7,1,Posgrado,24900.24,moroso
64,4804.1,6,7.9,0,Secundaria,13133.16,no_moroso
41,8747.74,3,3.9,1,Secundaria,20015.18,no_moroso
53,3372.85,4,37.8,0,Universitario,8928.52,moroso
46,10405.89,1,8.9,0,Posgrado,30304.0,no_moroso
24,6779.02,9,49.4,1,universitario,15949.73,moroso
69,12475.87,6,25.3,1,Tecnico,30109.65,no_moroso
29,10916.13,7,33.1,1,Posgrado,27732.75,moroso
38,,1,9.0,0,Tecnico,10915.44,no_moroso
28,8870.99,8,10.9,0,Posgrado,26701.7,no_moroso
38,4029.13,6,30.0,1,Tecnico,8731.88,no_moroso
47,5704.89,7,15.3,0,Universitario,16780.91,no_moroso
65,3325.94,8,40.9,0,Secundaria,8321.36,moroso
36,3415.54,2,0.2,1,Tecnico,7678.48,no_moroso
48,8478.03,3,4.7,1,Tecnico,21735.16,no_moroso
33,2458.91,1,4.4,0,Secundaria,5702.14,no_moroso
54,12982.54,7,,0,Tecnico,32576.41,no_moroso
32,5138.17,5,39.9,1,Universitario,12280.09,moroso
22,2142.69,9,3.1,0,Tecnico,7202.29,no_moroso
44,6224.4,3,,0,Tecnico,16999.52,no_moroso
42,8039.46,9,16.0,1,Secundaria,20285.71,no_moroso
43,14994.92,6,33.6,1,Universitario,36752.55,moroso
38,1997.66,9,4.1,1,Posgrado,8358.26,no_moroso
64,7678.22,2,5.1,1,Universitario,19650.38,no_moroso
18,12237.49,2,46.1,0,Universitario,29999.5,moroso
51,8942.64,1,12.9,1,Posgrado,22865.8,no_moroso
19,4949.16,8,,0,Universitario,15277.17,no_moroso
26,1731.62,3,3.7,1,Universitario,4609.48,no_moroso
23,13719.37,7,68.8,0,Tecnico,32583.13,moroso
58,12654.14,5,1.8,0,Universitario,33490.0,no_moroso
54,13505.4,1,4.2,1,Tecnico,32997.23,no_moroso
49,9634.11,6,29.6,0,Universitario,25576.88,no_moroso
37,12834.47,6,26.3,0,Tecnico,32928.91,no_moroso
53,976.97,8,,1,Universitario,2268.49,no_moroso
54,3041.5,6,13.7,1,Tecnico,7248.18,no_moroso
62,1398.05,3,17.2,1,Universitario,3818.96,no_moroso
24,11009.59,8,6.7,1,Tecnico,27572.79,no_moroso
49,2394.05,5,4.8,1,Universitario,6509.86,no_moroso
23,5160.61,4,0.5,0,Posgrado,15639.65,no_moroso
26,9482.61,8,12.5,0,Tecnico,25842.52,no_moroso
41,10899.28,0,,0,Universitario,27000.98,moroso
51,13780.61,9,30.8,1,Universitario,34850.62,moroso
31,924.03,1,7.8,0,Universitario,4751.66,no_moroso
34,7989.48,2,25.3,0,Secundaria,19550.67,no_moroso
35,14767.3,7,21.5,0,Posgrado,39471.88,no_moroso
36,6534.76,7,20.8,0,Universitario,17856.26,no_moroso
43,10868.79,4,1.0,0,Secundaria,28392.47,no_moroso
56,4749.45,3,3.2,1,Tecnico,11990.04,no_moroso
61,11986.97,9,12.6,0,Universitario,32600.71,no_moroso
39,4256.94,7,19.6,1,Posgrado,12222.74,no_moroso
52,2077.83,1,57.6,0,tecnico,2944.12,moroso
22,10781.86,8,32.4,0,Universitario,28155.33,moroso
64,6610.21,7,16.8,0,Tecnico,17139.9,no_moroso
56,14254.38,0,0.5,1,Universitario,35554.53,no_moroso
28,,4,13.0,0,Tecnico,32716.92,no_moroso
41,5260.49,5,1.1,0,Secundaria,13873.7,no_moroso
64,11285.03,0,1.6,1,Universitario,27215.05,no_moroso
49,9712.1,4,35.0,1,Secundaria,22442.11,moroso
40,,3,15.7,0,Universitario,35991.48,no_moroso
23,1615.33,6,6.3,0,Universitario,6216.78,no_moroso
43,5516.14,3,,0,Universitario,15254.05,no_moroso
68,7124.31,9,0.1,1,Universitario,19815.24,no_moroso
67,12442.16,5,6.5,0,Posgrado,34950.09,no_moroso
69,12717.97,7,5.4,0,Universitario,33401.74,no_moroso
40,13835.24,1,1.3,1,Tecnico,33887.12,no_moroso
38,7696.5,0,2.2,0,Posgrado,22041.74,no_moroso
20,8572.08,4,1.4,0,Universitario,23638.4,no_moroso
39,12427.1,4,6.2,0,Universitario,33145.88,no_moroso
49,9100.09,3,,1,Tecnico,21551.02,no_moroso
20,6473.79,5,12.4,1,Universitario,16711.6,no_moroso
46,14361.76,4,42.1,1,Posgrado,35380.2,moroso
26,10705.06,5,6.1,0,Posgrado,30535.6,no_moroso
36,9609.86,3,8.9,0,Secundaria,23650.9,no_moroso
48,8701.67,4,5.1,0,Universitario,23348.81,no_moroso
52,11654.98,9,47.8,0,universitario,28963.93,moroso
44,8745.22,5,17.2,0,Universitario,23084.14,no_moroso
24,5760.13,3,6.1,0,Secundaria,14479.3,no_moroso
33,6981.78,0,25.2,0,Universitario,17980.09,no_moroso
69,13310.23,8,17.9,0,Secundaria,34067.27,no_moroso
50,14771.74,9,42.5,1,Universitario,37283.76,moroso
31,,1,0.4,0,Tecnico,15975.13,no_moroso
18,9110.44,7,7.1,0,Universitario,25147.56,no_moroso
46,14372.65,1,,1,Universitario,36255.4,no_moroso
31,2729.2,4,23.3,0,Universitario,8088.64,no_moroso
29,8270.22,3,4.9,0,Posgrado,23731.93,no_moroso
52,9768.27,5,1.2,0,Universitario,27538.61,no_moroso
59,4657.4,5,,1,Tecnico,11027.31,no_moroso
40,14879.39,5,9.3,0,Tecnico,37167.04,no_moroso
25,1934.59,1,0.5,1,Universitario,4644.11,no_moroso
22,3101.56,8,7.9,0,Tecnico,9868.06,no_moroso
57,9090.82,6,,0,Universitario,25455.05,no_moroso
65,9771.05,3,5.3,1,Universitario,25812.47,no_moroso
27,3725.24,6,11.7,1,Tecnico,8589.24,no_moroso
51,6009.54,8,,0,Secundaria,276237.13302101824,no_moroso
65,1477.08,1,28.7,0,Secundaria,2367.88,no_moroso
66,4411.82,2,,1,Tecnico,10317.9,no_moroso
32,3701.97,6,20.0,1,Universitario,9712.34,no_moroso
19,9757.63,1,13.3,1,Tecnico,23585.48,no_moroso
60,10511.83,8,8.4,0,TECNICO,27456.88,no_moroso
38,5673.08,7,25.9,1,Universitario,14066.91,no_moroso
57,8359.07,7,0.4,0,Tecnico,23254.54,no_moroso
50,11066.21,8,10.9,0,Secundaria,28743.82,no_moroso
38,8781.05,3,3.8,1,Posgrado,24130.57,no_moroso
56,,1,20.0,0,Universitario,5314.15,no_moroso
46,994.15,2,21.7,0,Universitario,3573.98,no_moroso
24,1557.46,5,5.6,0,Posgrado,8622.83,no_moroso
39,9772.3,5,7.6,0,Posgrado,27298.04,no_moroso
50,11074.2,7,22.5,0,Universitario,29214.15,no_moroso
69,6519.9,1,2.9,0,Tecnico,17108.88,no_moroso
42,9446.28,3,3.0,1,Tecnico,22657.98,no_moroso
41,8350.56,6,2.6,1,Tecnico,20464.92,no_moroso
48,3777.61,6,6.4,0,Tecnico,10368.01,no_moroso
54,11942.83,1,0.6,0,Posgrado,31921.65,no_moroso
31,12586.6,5,7.7,0,SECUNDARIA,32156.81,no_moroso
53,3228.09,7,21.2,0,Tecnico,8385.23,no_moroso
29,12110.19,0,16.0,1,Universitario,30147.33,no_moroso
28,11558.91,8,0.9,0,Universitario,32462.06,no_moroso
41,1286.8,6,,1,Tecnico,3512.44,no_moroso
22,8724.61,5,35.1,0,Universitario,22067.44,moroso
54,8227.59,0,9.5,1,Tecnico,18440.43,no_moroso
65,14584.2,5,0.6,0,Tecnico,37333.1,no_moroso
64,13847.43,4,3.2,0,Tecnico,35879.75,no_moroso
36,9158.62,2,6.0,0,Tecnico,23353.14,no_moroso
69,13493.7,4,20.0,1,Universitario,33894.07,no_moroso
25,7003.67,4,6.1,1,Tecnico,16252.8,no_moroso
19,9659.4,2,2.9,0,Universitario,25414.82,no_moroso
45,12181.15,1,5.6,0,Tecnico,31522.66,no_moroso
62,5727.11,6,5.3,1,Tecnico,14060.49,no_moroso
62,11972.0,7,0.0,0,Universitario,32752.16,no_moroso
35,12777.46,4,2.8,0,Posgrado,35089.24,no_moroso
65,2556.13,1,14.1,0,Tecnico,6430.95,no_moroso
50,1859.06,8,14.2,0,Secundaria,214636.06769089418,no_moroso
45,2836.73,0,11.1,0,Tecnico,6739.96,no_moroso
53,852.6,0,49.1,0,Secundaria,200.0,moroso
67,7423.65,5,1.5,1,Tecnico,18530.56,no_moroso
28,,1,,1,Secundaria,25399.13,moroso
56,3600.42,4,10.1,1,Secundaria,7798.99,no_moroso
28,13460.42,9,18.9,1,Posgrado,36746.63,no_moroso
39,13602.21,9,25.2,1,Secundaria,32392.4,no_moroso
64,5891.71,7,5.4,1,UNIVERSITARIO,15600.29,no_moroso
67,13232.96,0,31.7,1,Universitario,31783.35,moroso
18,13217.86,5,8.7,1,Secundaria,32628.2,no_moroso
37,14060.98,5,3.6,1,Tecnico,35957.69,no_moroso
34,12641.41,5,7.2,1,Tecnico,31810.26,no_moroso
24,12550.01,6,,1,Universitario,31526.01,no_moroso
61,3524.38,4,24.0,0,Tecnico,9047.77,no_moroso
52,6860.91,4,0.2,0,Universitario,18835.2,no_moroso
49,1589.02,2,6.3,1,Tecnico,2767.13,no_moroso
47,12839.14,4,,1,Posgrado,33565.85,no_moroso
64,2440.93,1,32.5,1,Universitario,4597.58,moroso
30,2450.32,1,25.0,1,Universitario,4669.88,no_moroso
64,6179.39,6,34.1,0,Tecnico,15786.83,moroso
18,10020.75,7,5.5,0,Posgrado,28985.31,no_moroso
32,1181.36,4,34.0,0,Secundaria,1896.66,moroso
24,3637.62,7,5.7,1,Posgrado,12660.37,no_moroso
33,13844.55,7,3.2,1,Secundaria,34777.31,no_moroso
39,8547.84,0,6.5,0,Posgrado,23774.45,no_moroso
31,7326.27,8,29.8,0,Tecnico,18795.45,no_moroso
29,7755.33,9,9.7,1,Posgrado,21673.58,no_moroso
54,14234.81,6,7.3,0,Universitario,37441.95,no_moroso
65,9154.92,1,1.5,1,Secundaria,21071.94,no_moroso
24,14185.72,4,8.2,1,Tecnico,33885.89,no_moroso
62,9151.18,4,18.8,1,Universitario,23302.32,no_moroso
61,8780.24,3,2.1,1,Universitario,22550.81,no_moroso
40,11615.3,1,0.0,0,Universitario,31106.87,no_moroso
20,10873.31,6,74.8,0,Posgrado,27604.49,moroso
67,4502.24,0,9.7,0,Tecnico,12224.92,no_moroso
50,11982.08,5,3.2,0,Tecnico,31117.9,no_moroso
42,11707.71,3,0.7,1,Tecnico,27892.76,no_moroso
60,,2,35.2,0,Posgrado,8846.27,moroso
22,,1,26.1,0,Universitario,13341.18,no_moroso
19,9025.72,1,5.4,0,Secundaria,22776.34,no_moroso
49,7798.43,1,16.8,0,Universitario,20813.46,no_moroso
35,,8,8.7,1,Tecnico,20557.75,no_moroso
43,14073.61,7,,1,Posgrado,38178.06,no_moroso
32,12876.99,9,11.4,0,Tecnico,33848.56,no_moroso
34,3978.33,4,25.6,0,Secundaria,9006.38,no_moroso
19,10145.76,2,5.0,0,Universitario,26182.38,no_moroso
47,11606.63,2,0.1,0,Universitario,31675.04,no_moroso
64,12832.55,3,19.4,1,Universitario,31273.8,no_moroso
64,9350.0,7,15.9,1,Universitario,24110.06,no_moroso
46,7069.28,6,53.2,0,Tecnico,16407.7,moroso
49,4244.36,6,32.6,0,Tecnico,10484.28,moroso
39,12636.13,1,20.5,0,Tecnico,31921.74,no_moroso
37,1751.06,8,,0,Secundaria,5540.19,no_moroso
42,4828.16,6,7.3,0,Secundaria,13062.38,no_moroso
45,8560.28,7,16.0,0,Tecnico,22462.21,no_moroso
22,14190.73,4,14.8,0,Posgrado,38608.44,no_moroso
65,1986.4,4,26.7,0,Tecnico,5022.4,no_moroso
26,2338.77,2,,0,Secundaria,4131.14,moroso
25,13960.29,4,1.8,0,Tecnico,36352.74,no_moroso
18,4749.0,7,36.8,0,Posgrado,14822.08,moroso
53,12073.72,3,0.9,1,Posgrado,31631.64,no_moroso
54,6735.8,1,,0,Universitario,17961.76,no_moroso
52,7055.83,0,,1,Posgrado,18358.61,no_moroso
18,3783.18,0,1.3,1,Universitario,211791.56018984597,no_moroso
60,4940.89,4,37.5,1,Tecnico,9442.77,moroso
55,10628.15,0,9.4,1,Tecnico,24332.12,no_moroso
37,1403.73,7,20.0,0,Universitario,4981.43,no_moroso
38,,6,12.6,0,Universitario,35766.36,no_moroso
49,12992.77,2,0.2,0,Secundaria,257425.4634464972,no_moroso
35,13754.99,1,22.9,0,Tecnico,33906.4,no_moroso
52,5322.39,2,1.5,1,Tecnico,12585.82,no_moroso
42,12460.38,1,20.9,0,Secundaria,30198.28,no_moroso
58,5841.08,0,32.3,0,Universitario,14110.34,moroso
27,8254.82,8,2.4,0,Secundaria,22675.08,no_moroso
25,2301.53,0,,0,Posgrado,8733.61,no_moroso
65,936.35,4,10.2,0,Tecnico,2505.9,no_moroso
23,13845.07,2,11.2,0,UNIVERSITARIO,36615.45,no_moroso
63,13260.42,8,12.0,0,Posgrado,37055.02,no_moroso
45,8463.5,0,8.3,1,Universitario,20056.36,no_moroso
58,1177.86,2,47.0,1,Tecnico,200.0,moroso
37,9773.99,8,5.1,0,Secundaria,25113.97,no_moroso
39,13877.76,4,39.8,0,Tecnico,34953.01,moroso
66,,7,4.2,0,Posgrado,35414.56,no_moroso
43,14774.77,0,17.3,0,Secundaria,35952.51,no_moroso
41,11964.28,8,,0,Posgrado,33235.28,no_moroso
60,4166.37,5,15.5,0,Tecnico,11792.76,no_moroso
20,9328.15,7,,0,UNIVERSITARIO,267366.6715072086,no_moroso
24,5486.21,5,3.1,1,Universitario,14575.8,no_moroso
68,,0,7.9,0,Universitario,19534.59,no_moroso
48,1357.34,8,17.3,0,Posgrado,6694.88,no_moroso
48,10264.72,4,2.3,0,Universitario,27411.34,no_moroso
21,6244.02,1,1.2,0,Universitario,17081.95,no_moroso
41,4952.19,9,,0,Posgrado,17171.31,no_moroso
39,4137.05,8,7.3,0,Tecnico,11959.36,no_moroso
60,13500.25,4,0.6,0,Tecnico,34856.69,no_moroso
34,10036.31,9,4.0,1,Posgrado,28011.5,no_moroso
43,8397.37,8,29.0,0,Secundaria,21401.22,no_moroso
20,6508.88,4,29.1,1,Universitario,15855.27,no_moroso
34,3590.55,2,0.7,0,Secundaria,9220.39,no_moroso
38,11488.75,6,6.6,1,Tecnico,28564.6,no_moroso
50,14926.66,2,17.3,1,Posgrado,38113.06,no_moroso
32,4726.64,5,9.8,0,Universitario,12886.3,no_moroso
63,14961.21,6,,0,Universitario,40012.5,no_moroso
64,14874.0,9,4.1,1,Universitario,38490.3,no_moroso
46,1730.32,6,10.5,1,Tecnico,4050.22,no_moroso
19,14527.62,6,36.1,1,Tecnico,35052.11,moroso
46,4854.54,8,5.3,0,Posgrado,16153.03,no_moroso
40,2968.57,3,0.4,0,Tecnico,7966.44,no_moroso
21,4175.27,4,13.6,0,Tecnico,11156.55,no_moroso
34,10880.15,9,4.8,1,Tecnico,26956.18,no_moroso
61,,6,13.9,0,Secundaria,32765.58,no_moroso
41,5916.85,7,,1,Tecnico,13595.73,no_moroso
30,14731.62,5,12.5,0,Universitario,37469.57,no_moroso
21,,7,2.6,1,Universitario,34685.67,no_moroso
55,8789.77,3,24.7,0,Secundaria,21377.38,no_moroso
56,11890.68,8,11.3,0,Universitario,32467.09,no_moroso
22,11171.29,1,13.7,0,Secundaria,27263.52,no_moroso
59,9951.72,9,2.5,1,Tecnico,24579.52,no_moroso
57,12082.85,0,40.3,0,Universitario,29858.87,moroso
32,9433.88,0,,1,Tecnico,21989.35,no_moroso
57,9331.28,2,7.2,0,Tecnico,23601.35,no_moroso
66,4597.01,7,7.9,0,Universitario,13766.21,no_moroso
61,3820.85,0,,1,Tecnico,7508.95,no_moroso
50,1651.14,7,10.9,1,Universitario,5063.48,no_moroso
60,5545.36,0,36.3,0,Posgrado,14879.34,moroso
48,1464.63,0,,0,Universitario,5417.68,no_moroso
23,,0,,1,Universitario,31214.26,no_moroso
58,14184.93,2,19.2,0,Universitario,37269.7,no_moroso
55,,8,34.7,0,Tecnico,17462.78,moroso
42,11240.07,9,10.6,0,TECNICO,29491.93,no_moroso
44,4594.68,5,,1,Tecnico,10656.99,no_moroso
45,14028.49,3,5.7,0,Universitario,36757.37,no_moroso
57,,1,19.9,1,Secundaria,2272.67,no_moroso
41,5362.84,5,30.8,0,Tecnico,13326.16,moroso
58,4526.17,3,8.6,0,Tecnico,12229.58,no_moroso
29,7731.45,3,2.9,1,Tecnico,18422.42,no_moroso
65,1081.81,8,4.1,1,Tecnico,2164.4,no_moroso
20,6068.03,4,4.1,0,Universitario,16489.92,no_moroso
57,1345.53,6,12.7,0,Universitario,5029.13,no_moroso
62,7541.66,0,,0,Tecnico,17844.86,no_moroso
45,8706.01,1,20.5,0,TECNICO,22446.41,no_moroso
29,6237.73,2,36.7,1,Universitario,13350.16,moroso
27,5630.42,5,17.4,1,Secundaria,13002.15,no_moroso
60,9567.86,4,27.3,1,Secundaria,21844.91,no_moroso
20,14987.94,0,10.4,1,Posgrado,39040.29,no_moroso
62,6858.18,8,12.7,1,Tecnico,16752.65,no_moroso
22,8124.39,7,8.2,1,Universitario,20833.46,no_moroso
66,2076.45,2,54.2,0,Secundaria,3406.06,moroso
35,,0,14.0,0,Secundaria,10090.49,no_moroso
37,2329.14,6,14.5,1,Secundaria,4293.79,no_moroso
44,,9,13.5,0,Universitario,24480.09,no_moroso
42,5962.43,8,,1,Secundaria,14117.0,no_moroso
46,1287.74,0,56.2,0,Posgrado,3923.42,moroso
43,7159.86,3,27.3,0,Universitario,19137.82,no_moroso
20,6352.32,3,12.6,0,Posgrado,18394.3,no_moroso
47,12310.23,5,13.8,0,Secundaria,31571.78,no_moroso
54,7460.56,0,6.3,0,Secundaria,18506.38,no_moroso
24,9090.59,3,19.8,1,Posgrado,24334.47,no_moroso
66,5834.05,5,12.8,0,Universitario,16968.36,no_moroso
45,12899.2,1,17.7,0,Secundaria,31676.11,no_moroso
50,11226.31,3,7.2,1,Tecnico,27103.11,no_moroso
57,3854.22,5,,0,Universitario,11688.03,no_moroso
47,,8,22.8,1,Posgrado,18590.86,no_moroso
58,8253.08,3,43.4,1,Universitario,20226.61,moroso
43,2479.19,3,5.4,1,Posgrado,7953.39,no_moroso
56,5375.52,8,6.9,1,Tecnico,13355.25,no_moroso
61,14071.74,2,12.1,1,Secundaria,249254.57995448774,no_moroso
58,1549.93,4,0.7,0,Secundaria,4957.73,no_moroso
18,4551.21,1,,1,Universitario,10774.59,no_moroso
36,14539.27,0,12.9,0,Posgrado,38622.19,no_moroso
61,1071.61,0,,0,Secundaria,4181.23,no_moroso
41,14814.44,3,10.4,0,Secundaria,36541.53,no_moroso
41,6987.77,8,5.9,0,Posgrado,21573.95,no_moroso
33,12921.1,0,,1,Posgrado,33470.57,no_moroso
56,12125.65,1,3.5,0,Universitario,31753.02,no_moroso
58,5818.1,5,9.5,1,Tecnico,13572.61,no_moroso
38,5401.31,1,3.6,0,Universitario,14555.21,no_moroso
56,2512.99,9,,1,Tecnico,6740.86,no_moroso
22,10569.7,0,51.8,1,Universitario,24597.9,moroso
65,10689.42,1,3.3,0,Tecnico,27506.49,no_moroso
45,6263.38,0,11.1,1,Secundaria,13886.9,no_moroso
66,5750.67,5,21.8,0,Universitario,15397.85,no_moroso
66,5113.29,7,,0,Universitario,15008.96,no_moroso
28,13723.89,7,19.5,0,Tecnico,34064.86,no_moroso
24,14368.6,8,12.6,1,Universitario,36644.02,no_moroso
32,2935.48,9,0.8,1,TECNICO,8541.2,no_moroso
53,2476.47,1,17.9,1,Tecnico,4899.6,no_moroso
28,2845.54,6,3.0,1,Universitario,7874.15,no_moroso
62,,9,0.5,1,Tecnico,7972.06,no_moroso
28,4903.3,2,0.1,1,Posgrado,14532.53,no_moroso
62,4121.65,1,,1,Secundaria,7911.76,no_moroso
45,3628.55,3,24.4,0,Posgrado,11264.27,no_moroso
46,2481.59,7,22.1,1,Secundaria,4299.9,no_moroso
53,7597.88,4,15.4,0,Posgrado,22052.51,no_moroso
20,6343.63,2,21.3,0,Posgrado,18995.94,no_moroso
65,10641.51,6,21.2,0,Secundaria,27009.74,no_moroso
34,4512.85,4,12.0,1,Tecnico,10491.37,no_moroso
32,10395.71,4,19.7,0,Tecnico,25531.93,no_moroso
63,9826.82,7,2.4,0,Universitario,27707.89,no_moroso
21,7937.73,5,3.0,1,Tecnico,19966.84,no_moroso
28,9944.21,2,5.6,1,Universitario,25145.33,no_moroso
20,9258.55,5,4.7,1,Posgrado,25832.14,no_moroso
46,6233.67,8,32.0,0,Universitario,17372.18,moroso
33,3838.1,6,9.8,0,Universitario,11778.7,no_moroso
25,1816.91,3,9.6,0,Tecnico,4886.42,no_moroso
26,6777.82,9,0.9,0,Tecnico,19309.66,no_moroso
39,,9,1.5,1,Tecnico,37533.35,no_moroso
21,10827.96,2,6.6,1,Secundaria,26236.59,no_moroso
21,4328.7,1,15.7,0,Universitario,11713.99,no_moroso
27,2654.92,2,40.9,0,Universitario,6290.68,moroso
37,12503.62,6,91.8,0,UNIVERSITARIO,29200.09,moroso
39,,7,17.0,1,Secundaria,35417.31,no_moroso
38,5243.91,3,22.4,0,Tecnico,13967.8,no_moroso
20,13448.07,6,22.3,0,Tecnico,33935.27,no_moroso
25,9973.91,0,,1,Tecnico,23166.22,no_moroso
64,3296.51,8,26.3,1,Universitario,8056.2,no_moroso
20,1449.57,8,3.4,0,Universitario,6654.08,no_moroso
38,3806.99,6,5.6,1,Posgrado,12536.42,no_moroso
64,11972.38,6,13.8,1,Tecnico,29488.84,no_moroso
54,7399.71,2,20.3,0,Secundaria,17578.74,no_moroso
58,11354.38,0,2.4,1,universitario,29078.72,no_moroso
46,13317.71,4,55.1,0,Tecnico,31712.1,moroso
67,11438.47,3,28.1,1,Universitario,27038.43,no_moroso
26,,6,11.2,0,Tecnico,11401.37,no_moroso
40,7433.26,3,18.1,0,Posgrado,21093.08,no_moroso
34,14737.97,1,39.1,1,Posgrado,36637.68,moroso
21,11152.14,9,,1,Tecnico,28876.0,no_moroso
62,9368.91,1,8.8,0,Tecnico,24427.61,no_moroso
54,11257.2,4,0.0,1,Tecnico,28647.01,no_moroso
51,849.02,0,8.0,0,Secundaria,1506.62,no_moroso
41,13533.08,9,60.2,1,Secundaria,31828.11,moroso
24,7457.51,5,4.5,0,Tecnico,19243.69,no_moroso
40,5508.93,3,7.2,1,Posgrado,15623.91,no_moroso
60,2109.71,8,9.8,1,Posgrado,7914.06,no_moroso
42,11568.31,5,,1,Universitario,29377.77,no_moroso
36,5557.08,8,23.9,1,Tecnico,13716.26,no_moroso
33,13761.58,2,20.0,0,universitario,35535.08,no_moroso
21,6248.74,8,26.3,0,Posgrado,19799.0,no_moroso
26,7209.62,4,0.4,0,Universitario,19962.68,no_moroso
56,3819.11,8,2.6,0,Posgrado,13867.56,no_moroso
59,5348.44,6,1.9,1,universitario,13453.2,no_moroso
49,12286.09,5,9.2,0,Universitario,33147.12,no_moroso
30,8117.76,7,3.1,1,Secundaria,20334.72,no_moroso
19,,3,8.2,0,TECNICO,27226.64,no_moroso
66,,8,41.8,0,Universitario,18604.66,moroso
49,11292.56,8,22.3,1,Secundaria,26681.5,no_moroso
39,13349.93,9,7.2,1,Universitario,35616.01,no_moroso
69,14937.85,1,8.2,1,Universitario,36774.38,no_moroso
36,7423.74,5,3.4,1,Universitario,18940.18,no_moroso
67,,6,37.1,1,Universitario,33200.34,moroso
54,12181.44,9,3.2,0,Secundaria,31747.61,no_moroso
45,1732.6,4,11.5,0,Posgrado,7636.06,no_moroso
69,14357.56,5,15.5,1,Posgrado,38306.42,no_moroso
60,14409.33,8,12.5,0,Universitario,38596.57,no_moroso
20,3109.29,6,6.2,0,Universitario,9691.93,no_moroso
24,6608.68,6,14.4,1,Tecnico,15476.87,no_moroso
36,,5,8.7,1,Tecnico,23661.67,no_moroso
27,6369.76,4,13.0,1,Universitario,15986.61,no_moroso
53,2333.16,0,16.4,0,Universitario,6494.99,no_moroso
45,,9,5.4,1,Posgrado,32851.02,no_moroso
42,8071.22,0,33.6,0,Universitario,19923.46,moroso
57,853.22,8,,1,Tecnico,1463.85,no_moroso
54,,0,2.9,0,Tecnico,23908.48,no_moroso
35,6791.99,8,19.6,0,Universitario,18804.52,no_moroso
62,8142.32,0,15.1,0,Tecnico,19001.24,no_moroso
51,9839.33,1,1.1,1,Universitario,25404.39,no_moroso
45,5594.37,2,6.2,0,Posgrado,17442.27,no_moroso
51,6151.48,1,0.3,1,Posgrado,17032.76,no_moroso
40,11073.22,1,5.9,1,Tecnico,27013.91,no_moroso
20,10505.47,4,0.0,1,Universitario,27584.51,no_moroso
37,12823.38,3,13.3,1,Secundaria,30304.5,no_moroso
54,6685.26,3,4.3,0,Secundaria,17027.1,no_moroso
51,5433.78,2,9.6,1,Tecnico,11700.89,no_moroso
50,14699.33,6,2.4,0,Tecnico,38194.99,no_moroso
69,11398.43,9,3.8,0,Universitario,31302.57,no_moroso
43,1754.8,3,,0,Universitario,5519.33,no_moroso
63,4667.56,6,11.2,0,Tecnico,13300.69,no_moroso
60,8264.42,0,8.4,0,Tecnico,20378.67,no_moroso
57,2091.34,7,12.9,0,Secundaria,7015.5,no_moroso
42,13780.43,3,25.5,1,Secundaria,32059.99,no_moroso
33,8594.82,9,22.8,0,Universitario,23205.0,no_moroso
23,11335.85,4,5.0,0,Secundaria,27959.33,no_moroso
32,3836.09,2,6.3,0,Tecnico,9725.32,no_moroso
50,12115.83,9,4.8,0,Secundaria,30865.38,no_moroso
36,2376.76,6,23.1,0,Universitario,6782.17,no_moroso
69,3972.24,5,4.4,0,Universitario,12265.89,no_moroso
21,11902.83,8,11.8,1,Secundaria,29788.08,no_moroso
20,8552.12,8,8.0,0,Universitario,24003.4,no_moroso
46,8370.4,9,2.1,1,Universitario,23311.17,no_moroso
50,12156.48,7,22.3,0,posgrado,33635.48,no_moroso
42,,0,74.3,0,Secundaria,169347.50563588607,moroso
48,12729.75,2,26.9,0,Secundaria,30196.03,no_moroso
50,12435.18,1,1.7,0,Universitario,31933.88,no_moroso
18,3212.94,1,4.0,0,Secundaria,8087.02,no_moroso
66,12471.62,8,7.5,0,Tecnico,33612.77,no_moroso
50,2179.28,5,0.2,0,Universitario,8263.67,no_moroso
35,7140.03,4,,1,UNIVERSITARIO,18273.37,no_moroso
35,5534.92,1,31.6,0,Universitario,13217.25,moroso
32,13146.01,8,9.7,0,Universitario,35750.83,no_moroso
54,12019.73,7,11.4,0,Universitario,32736.84,no_moroso
37,1100.43,6,7.1,0,Universitario,4311.92,no_moroso
43,2348.36,3,9.6,1,tecnico,4445.9,no_moroso
57,5255.29,1,20.7,0,Tecnico,12433.68,no_moroso
47,13798.59,4,7.7,0,Secundaria,35305.21,no_moroso
67,,1,15.7,0,Tecnico,30726.91,no_moroso
19,6479.7,2,3.4,0,TECNICO,16681.31,no_moroso
48,13419.98,5,,0,Tecnico,33924.89,no_moroso
55,6398.86,5,12.2,0,Tecnico,16193.87,no_moroso
34,,9,44.4,0,Posgrado,27362.33,moroso
47,1289.34,6,45.9,1,Tecnico,1512.91,moroso
39,,5,28.7,1,tecnico,34848.38,no_moroso
22,,7,1.5,1,Tecnico,17414.35,no_moroso
57,13711.4,7,6.6,0,Tecnico,35340.6,no_moroso
69,7431.86,1,45.8,1,Secundaria,14669.22,moroso
43,13373.35,9,18.1,0,Universitario,36683.36,no_moroso
52,2256.71,2,43.1,0,Universitario,5380.29,moroso
23,2044.16,7,12.9,0,Tecnico,5723.23,no_moroso
48,14378.07,6,36.3,0,Posgrado,38352.11,moroso
30,12480.09,7,8.7,0,Posgrado,36010.24,no_moroso
49,9312.65,1,4.9,0,Posgrado,26449.87,no_moroso
18,2891.43,9,6.6,0,Universitario,10825.11,no_moroso
52,12249.56,2,29.7,1,Posgrado,30494.45,no_moroso
68,4559.42,2,6.4,0,Secundaria,12496.67,no_moroso
38,11515.09,1,18.8,0,Universitario,30087.27,no_moroso
32,12698.06,2,18.5,1,Tecnico,29197.96,no_moroso
67,7602.9,3,39.0,1,Tecnico,16884.79,moroso
66,2668.11,9,1.1,0,Universitario,10342.72,no_moroso
46,10239.86,7,39.1,1,Secundaria,22785.23,moroso
31,9839.92,1,34.6,0,Posgrado,178836.36245188102,moroso
52,10297.89,2,0.2,1,Tecnico,24042.4,no_moroso
26,6044.14,4,10.8,0,Tecnico,15686.34,no_moroso
26,4221.7,6,,0,Universitario,11276.46,moroso
55,7656.05,8,1.5,0,Secundaria,20413.13,no_moroso
62,10415.53,4,3.4,0,Secundaria,26816.61,no_moroso
36,10417.82,1,,0,Secundaria,25410.27,no_moroso
21,10279.97,1,9.8,1,Universitario,25092.38,no_moroso
31,3089.18,9,12.3,1,Universitario,9047.3,no_moroso
52,12231.46,8,3.3,0,Universitario,33992.36,no_moroso
58,9842.52,3,5.3,0,Tecnico,25176.48,no_moroso
56,2444.73,0,4.4,0,Secundaria,6469.32,no_moroso
60,13312.49,1,7.9,1,Universitario,32475.0,no_moroso
29,7909.38,5,,0,Posgrado,24115.91,no_moroso
48,5610.75,4,70.8,0,Secundaria,11479.97,moroso
55,13184.77,4,40.1,1,Tecnico,31431.69,moroso
49,1872.41,6,17.9,0,Universitario,5980.35,no_moroso
50,9275.33,2,2.0,1,Universitario,23048.3,no_moroso
38,7445.37,1,1.9,0,Universitario,19488.47,no_moroso
23,5506.38,6,10.5,0,Tecnico,15442.8,no_moroso
18,2610.39,6,4.2,0,Universitario,9701.98,no_moroso
24,10133.09,3,,0,Universitario,27526.43,no_moroso
43,5100.54,0,3.8,1,Universitario,12718.15,no_moroso
30,1649.02,7,6.0,0,Posgrado,7928.69,no_moroso
23,13999.27,0,24.3,0,Secundaria,34042.8,no_moroso
38,14062.58,4,7.1,0,Universitario,37741.8,no_moroso
57,9430.41,4,30.5,1,Posgrado,24711.73,moroso
56,6039.7,5,0.9,1,Universitario,17257.12,no_moroso
54,5607.69,1,,0,Tecnico,14496.16,no_moroso
69,8176.51,7,25.9,0,Posgrado,23934.59,no_moroso
22,14881.58,0,1.8,1,Tecnico,35082.56,no_moroso
57,5221.94,3,29.6,1,Tecnico,11649.91,no_moroso
38,8532.88,1,24.2,0,universitario,21047.47,no_moroso
54,8330.57,6,6.4,0,Universitario,23294.84,no_moroso
25,9275.07,2,13.3,0,UNIVERSITARIO,25082.17,no_moroso
49,9785.2,1,19.2,0,Tecnico,25486.24,no_moroso
52,7320.26,6,11.3,1,Posgrado,19696.25,no_moroso
64,6943.6,3,5.4,1,Secundaria,16256.74,no_moroso
58,5007.47,5,7.4,0,Secundaria,13413.29,no_moroso
45,9556.69,7,9.8,1,Secundaria,23988.52,no_moroso
44,3092.33,9,1.2,0,Secundaria,9384.59,no_moroso
32,10872.61,3,22.0,1,Posgrado,27661.87,no_moroso
57,12647.43,2,3.1,0,Tecnico,33518.56,no_moroso
45,6158.86,9,36.2,0,Posgrado,18432.64,moroso
60,2380.5,7,34.6,0,Secundaria,5670.33,moroso
49,1759.02,4,24.5,0,Universitario,4667.69,no_moroso
26,924.33,7,,0,Secundaria,2688.5,no_moroso
30,6767.42,0,6.2,1,Universitario,15909.79,no_moroso
53,1157.3,7,15.7,1,Secundaria,2603.86,no_moroso
66,7243.64,6,37.3,0,Universitario,19278.42,moroso
49,9415.14,5,18.1,1,Universitario,24174.6,no_moroso
42,,6,17.3,0,Secundaria,4513.65,no_moroso
32,,7,7.1,0,Tecnico,12439.93,no_moroso
46,14805.42,5,2.4,1,Universitario,37584.01,no_moroso
60,1360.45,9,26.5,1,Universitario,4012.59,no_moroso
30,4663.66,3,23.0,0,Universitario,13605.88,no_moroso
31,13998.8,7,9.2,0,Universitario,37567.4,no_moroso
48,6874.27,1,7.4,0,universitario,18094.14,no_moroso
27,13792.59,6,37.4,0,Universitario,35331.52,moroso
62,11610.58,4,8.3,1,Secundaria,28577.68,no_moroso
55,12483.18,7,48.6,0,Universitario,31704.45,moroso
58,12776.55,8,36.4,0,Secundaria,31360.48,moroso
41,,9,28.8,0,Posgrado,36257.34,no_moroso
66,8180.2,9,3.3,1,Secundaria,221401.6133879333,no_moroso
60,13480.41,1,0.1,1,Posgrado,35652.29,no_moroso
48,3584.4,0,11.3,1,Universitario,8427.1,no_moroso
19,9669.87,1,18.7,0,Tecnico,23648.07,no_moroso
35,7561.26,2,15.6,0,POSGRADO,21565.03,no_moroso
68,3153.12,2,0.2,1,Universitario,8044.08,no_moroso
50,,5,3.0,1,Posgrado,19093.31,no_moroso
19,1674.75,8,18.8,0,Tecnico,5741.91,no_moroso
60,5870.59,2,14.7,0,Tecnico,14153.01,no_moroso
47,8897.55,9,2.3,0,posgrado,27329.17,no_moroso
68,10616.98,5,3.8,0,Tecnico,28247.38,no_moroso
56,10762.07,8,33.9,1,Tecnico,24844.63,moroso
29,10966.03,4,17.7,1,Secundaria,26198.96,no_moroso
50,,0,4.2,1,Tecnico,4797.91,no_moroso
45,2453.94,8,25.3,0,Posgrado,9520.65,no_moroso
21,3484.54,0,25.5,1,Universitario,7582.88,no_moroso
50,3730.31,0,4.8,1,Tecnico,8292.99,no_moroso
25,3004.66,1,,0,Universitario,8796.19,no_moroso
65,8636.58,2,10.6,1,Secundaria,20154.65,no_moroso
48,9819.53,8,0.5,0,Tecnico,27058.9,no_moroso
18,1624.17,5,,0,Posgrado,3624.72,moroso
43,12488.21,7,39.5,0,Universitario,32583.24,moroso
23,8994.55,1,,0,Tecnico,22822.44,no_moroso
62,12668.15,1,4.3,0,Universitario,33144.89,no_moroso
58,13934.86,1,,0,Tecnico,33011.79,moroso
63,2211.0,9,54.4,0,Posgrado,7841.19,moroso
19,14482.69,1,53.5,1,Tecnico,33035.41,moroso
44,4165.14,0,21.0,0,Tecnico,9921.29,no_moroso
27,7692.33,7,7.7,1,Tecnico,19252.9,no_moroso
54,12595.46,9,2.6,0,Universitario,34478.53,no_moroso
40,5712.88,2,18.9,0,Universitario,15860.55,no_moroso
22,10494.48,1,,0,Universitario,27914.92,no_moroso
56,12744.9,2,19.7,0,Posgrado,34130.56,no_moroso
29,10255.94,4,22.2,1,Tecnico,23689.26,no_moroso
52,7904.18,0,8.1,1,Posgrado,20438.46,no_moroso
26,3047.43,1,0.0,1,Universitario,7602.71,no_moroso
36,2631.52,0,,1,Posgrado,5833.17,moroso
27,13802.04,5,1.0,0,Universitario,36672.29,no_moroso
23,5134.77,7,10.8,1,Universitario,13975.7,no_moroso
22,6772.25,2,11.7,1,Universitario,16389.65,no_moroso
47,8888.17,2,1.0,0,Tecnico,22496.51,no_moroso
67,14232.94,1,24.9,1,Universitario,34789.5,no_moroso
21,3216.52,7,1.4,1,Tecnico,8626.35,no_moroso
65,8729.24,5,,0,Universitario,24020.06,no_moroso
31,2369.61,9,6.2,1,Universitario,7229.73,no_moroso
66,5498.29,5,9.2,1,Universitario,14676.13,no_moroso
61,10503.76,6,8.6,0,Tecnico,28080.58,no_moroso
40,7922.01,0,14.7,0,Posgrado,23554.51,no_moroso
51,7999.81,1,9.1,1,Tecnico,18345.38,no_moroso
66,14365.29,9,6.8,0,Secundaria,37716.42,no_moroso
25,14864.32,4,7.4,1,Secundaria,36140.63,no_moroso
67,9683.81,5,36.0,1,Secundaria,22441.63,moroso
54,14515.08,1,3.5,1,Posgrado,37333.23,no_moroso
52,9588.7,2,12.7,0,Secundaria,23723.18,no_moroso
26,10224.4,9,5.9,1,Tecnico,26203.97,no_moroso
27,4283.25,1,12.8,0,Universitario,11114.69,no_moroso
63,12411.06,1,9.5,0,Universitario,32668.32,no_moroso
21,13512.09,9,23.0,1,Secundaria,32869.26,no_moroso
35,6635.99,3,,0,Universitario,18787.72,no_moroso
48,11075.36,4,22.6,1,Universitario,27064.23,no_moroso
20,8971.72,7,6.4,1,Universitario,22616.93,no_moroso
24,12400.81,3,7.1,0,Tecnico,32089.77,no_moroso
66,9028.77,7,18.4,0,Universitario,23931.04,no_moroso
41,4854.86,6,21.2,0,UNIVERSITARIO,13239.4,no_moroso
30,5372.35,5,5.8,0,Tecnico,14226.91,no_moroso
52,,9,16.4,0,Tecnico,25191.06,no_moroso
19,3591.36,5,1.8,0,Secundaria,10057.88,no_moroso
31,2209.93,0,7.1,1,Tecnico,3249.26,no_moroso
22,2934.3,6,31.2,0,Posgrado,10054.53,moroso
51,11373.2,9,8.3,0,Universitario,31047.64,no_moroso
41,4101.9,3,7.3,0,Posgrado,14072.46,no_moroso
65,2639.38,8,52.7,1,Tecnico,4356.63,moroso
26,,8,19.8,1,Tecnico,6378.69,no_moroso
53,13481.32,9,12.9,0,Posgrado,37599.17,no_moroso
50,3342.38,3,,1,Secundaria,5935.48,no_moroso
21,4468.55,3,1.0,0,tecnico,12516.22,no_moroso
30,13355.61,5,15.0,0,Universitario,35866.19,no_moroso
38,,4,5.1,0,Secundaria,32608.41,no_moroso
43,2561.9,9,0.1,1,Universitario,7306.88,no_moroso
53,8139.9,3,9.0,1,tecnico,19201.67,no_moroso
61,2494.04,5,3.4,0,Tecnico,8021.99,no_moroso
50,,7,39.5,0,Posgrado,15301.15,moroso
28,10979.4,0,1.3,0,Universitario,29949.69,no_moroso
59,10149.56,0,3.4,1,Universitario,24943.3,no_moroso
55,10437.94,8,4.5,0,Posgrado,30768.44,no_moroso
46,14950.97,1,24.3,1,Universitario,35268.7,no_moroso
50,,8,11.5,1,Universitario,27516.77,no_moroso
47,1157.16,1,38.5,1,Universitario,909.4,moroso
58,,3,4.6,0,TECNICO,37215.46,no_moroso
29,1652.27,7,14.1,1,Posgrado,6589.86,no_moroso
47,7540.88,6,5.0,1,Secundaria,18895.47,no_moroso
32,7638.92,3,9.5,0,Universitario,21266.05,no_moroso
33,6508.23,2,15.8,1,Posgrado,17569.0,no_moroso
22,11861.13,0,4.3,0,Universitario,30881.84,no_moroso
25,14687.53,9,25.3,0,TECNICO,38221.86,no_moroso
42,10510.11,7,10.4,0,Tecnico,28388.75,no_moroso
54,1895.32,2,8.6,1,Secundaria,2995.93,no_moroso
34,6647.66,4,13.3,1,Secundaria,15296.23,no_moroso
22,8292.97,3,4.4,0,Universitario,22290.88,no_moroso
63,7171.32,0,13.6,0,Universitario,18758.83,no_moroso
56,5731.56,9,13.8,1,Universitario,15317.51,no_moroso
68,11367.0,4,17.8,0,Universitario,29829.76,no_moroso
51,879.58,9,7.9,1,Tecnico,2121.35,no_moroso
63,8814.7,5,3.6,1,Tecnico,21641.04,no_moroso
41,6512.7,1,36.7,1,Posgrado,16050.87,moroso
56,7037.14,0,3.1,1,Secundaria,16871.55,no_moroso
60,5220.56,6,6.4,0,Posgrado,15846.15,no_moroso
63,11687.21,3,,1,Secundaria,27156.9,no_moroso
42,12307.89,4,14.8,1,Tecnico,29953.69,no_moroso
47,11872.11,1,31.0,1,Posgrado,30029.3,moroso
25,7183.38,1,3.8,0,Posgrado,21607.38,no_moroso
34,11632.34,5,65.2,1,Tecnico,25499.8,moroso
56,,4,6.7,0,Universitario,15605.02,no_moroso
42,,7,0.1,1,Secundaria,13376.41,no_moroso
64,4937.79,3,0.6,1,Tecnico,12017.37,no_moroso
30,8484.41,8,11.8,0,Universitario,23867.79,no_moroso
35,6362.06,6,7.4,1,Posgrado,18095.19,no_moroso
21,8525.29,2,25.5,0,posgrado,22955.81,no_moroso
69,7678.83,3,10.1,0,Universitario,20475.11,no_moroso
19,7720.47,6,3.4,0,Posgrado,23609.23,no_moroso
63,1072.51,2,14.5,0,universitario,4698.12,no_moroso
43,1751.36,2,20.4,1,Tecnico,2559.7,no_moroso
52,3140.1,6,0.5,1,Universitario,8336.61,no_moroso
39,9942.29,1,,0,Posgrado,28994.52,no_moroso
19,13996.92,7,6.6,0,Universitario,224359.15280199493,no_moroso
64,5663.52,7,52.7,0,Universitario,13560.3,moroso
48,4873.87,7,7.9,1,Posgrado,15154.29,no_moroso
38,5461.32,6,4.8,0,Universitario,16412.13,no_moroso
29,14872.76,4,16.3,0,Universitario,38646.22,no_moroso
44,4363.89,0,10.6,0,UNIVERSITARIO,12086.64,no_moroso
37,12996.19,2,19.6,1,Universitario,31452.92,no_moroso
44,3083.18,9,15.2,1,Universitario,8412.26,no_moroso
28,1019.26,8,38.6,1,Secundaria,1421.61,moroso
45,3028.79,5,24.1,1,Universitario,6479.06,no_moroso
52,4437.73,0,,0,Tecnico,9839.3,moroso
39,,8,36.0,0,Secundaria,36208.68,moroso
18,10582.82,4,21.6,0,Tecnico,25907.27,no_moroso
20,2145.28,1,12.7,0,Secundaria,5073.48,no_moroso
26,10468.77,7,17.5,0,Tecnico,28021.86,no_moroso
20,11126.74,2,4.8,0,Universitario,29145.96,no_moroso
65,7690.81,4,2.6,0,Posgrado,23339.72,no_moroso
60,4569.84,5,0.8,1,Secundaria,10539.19,no_moroso
20,11522.49,0,3.8,0,Posgrado,31195.7,no_moroso
54,4625.2,5,20.6,1,Posgrado,12422.55,no_moroso
39,4995.37,4,3.7,0,Tecnico,14221.7,no_moroso
66,8308.45,8,65.0,1,Secundaria,17210.07,moroso
62,3387.88,8,9.6,0,Tecnico,10261.27,no_moroso
54,13522.6,8,0.6,1,Universitario,34750.47,no_moroso
65,8719.64,7,1.9,0,Universitario,25015.08,no_moroso
63,,6,34.9,0,Universitario,19097.81,moroso
43,12414.79,5,11.3,0,Universitario,33014.53,no_moroso
62,11817.65,6,11.1,0,Secundaria,30469.09,no_moroso
19,,7,3.2,0,Tecnico,16953.74,no_moroso
23,822.98,1,12.2,0,Posgrado,4726.46,no_moroso
38,4953.69,4,23.1,1,Secundaria,10196.83,no_moroso
63,12916.71,5,11.1,0,Posgrado,35457.59,no_moroso
60,7818.93,6,27.1,0,Secundaria,19754.81,no_moroso
63,7127.7,5,1.6,1,Tecnico,18241.34,no_moroso
62,8012.61,5,11.7,0,Tecnico,20985.92,no_moroso
23,11317.88,6,24.3,1,Posgrado,30454.81,no_moroso
58,8473.11,1,0.1,0,Posgrado,24450.12,no_moroso
63,13511.44,3,2.1,0,Tecnico,34634.09,no_moroso
58,14505.05,4,19.9,0,Secundaria,36374.47,no_moroso
30,6057.49,1,2.4,1,Tecnico,14856.14,no_moroso
58,10011.54,0,17.7,1,Tecnico,24154.82,no_moroso
26,9627.24,8,4.9,0,Universitario,27502.38,no_moroso
60,11825.98,8,10.8,1,Secundaria,29391.08,no_moroso
59,7516.01,5,9.6,0,Tecnico,19731.8,no_moroso
64,12751.65,2,0.5,0,Secundaria,32025.99,no_moroso
43,5491.94,8,28.4,1,universitario,12649.75,no_moroso
28,9425.03,4,,0,Secundaria,22742.98,moroso
48,14316.67,4,10.3,0,Universitario,37517.54,no_moroso
54,10848.06,3,,0,Posgrado,31070.28,no_moroso
51,1847.99,5,0.8,0,Posgrado,8978.31,no_moroso
62,2077.33,7,73.1,0,Universitario,4502.49,moroso
32,12210.34,5,48.8,0,Tecnico,29204.44,moroso
31,6913.07,8,17.4,1,Tecnico,17790.19,no_moroso
44,3294.42,8,,0,Secundaria,9688.94,no_moroso
38,7455.7,2,9.1,1,Universitario,18718.65,no_moroso
45,14388.01,4,11.5,0,Universitario,36857.85,no_moroso
42,13106.95,3,12.1,0,Secundaria,32730.35,no_moroso
60,2020.23,8,63.3,1,Universitario,3100.45,moroso
36,9913.49,4,40.7,0,Universitario,24489.56,moroso
18,1409.77,2,60.8,0,Universitario,3011.41,moroso
60,4941.81,7,15.4,1,Universitario,13419.92,no_moroso
42,11194.98,3,15.4,0,Tecnico,28389.41,no_moroso
22,13952.98,9,8.7,0,Tecnico,36378.17,no_moroso
59,6054.75,1,0.4,1,Posgrado,16300.39,no_moroso
33,3202.59,7,1.0,0,Posgrado,11679.58,no_moroso
25,1117.31,7,9.3,0,Universitario,4532.87,no_moroso
28,,4,37.7,1,Universitario,21294.99,moroso
54,12038.98,6,6.8,1,Tecnico,29541.83,no_moroso
18,7141.42,7,0.0,0,Universitario,20601.39,no_moroso
44,13973.44,7,0.6,0,Universitario,38158.46,no_moroso
64,,2,5.9,0,Universitario,30931.05,no_moroso
67,8032.51,5,44.8,1,Universitario,18839.6,moroso
32,11745.69,8,8.6,0,Secundaria,31277.41,no_moroso
43,11398.1,5,17.2,1,Tecnico,28042.06,no_moroso
21,2847.82,2,41.1,1,Secundaria,2903.08,moroso
22,9021.98,5,6.8,0,Secundaria,23435.22,no_moroso
66,9945.4,8,10.1,0,Tecnico,25466.72,no_moroso
67,14860.06,4,28.1,1,Secundaria,34953.83,no_moroso
48,,0,24.4,1,Secundaria,3382.28,no_moroso
46,4239.44,7,,0,Tecnico,11283.29,no_moroso
55,1108.01,4,13.5,0,Posgrado,4808.29,no_moroso
35,,5,15.4,0,POSGRADO,34531.73,no_moroso
21,14791.97,3,19.6,0,Secundaria,36203.03,no_moroso
68,9077.34,8,11.2,0,Posgrado,27240.46,no_moroso
28,1477.59,3,37.6,0,Posgrado,4849.01,moroso
61,,6,0.6,1,Secundaria,12189.6,no_moroso
45,9384.24,1,15.0,1,Universitario,22711.21,no_moroso
33,3452.23,6,6.4,0,Universitario,10566.66,no_moroso
27,8441.68,2,13.2,1,Tecnico,19733.21,no_moroso
47,7141.11,0,16.2,0,Posgrado,19671.12,no_moroso
42,10389.8,5,19.8,1,Universitario,26125.97,no_moroso
59,9104.09,9,2.2,1,Universitario,24477.21,no_moroso
33,12876.11,4,9.5,1,Universitario,32359.8,no_moroso
31,6678.76,4,10.1,0,Secundaria,17074.86,no_moroso
26,6949.21,4,,1,Posgrado,19325.59,no_moroso
45,5139.42,3,6.3,0,Tecnico,13654.98,no_moroso
43,1257.39,0,,1,Secundaria,1284.13,no_moroso
32,6792.55,6,7.1,0,tecnico,18469.13,no_moroso
52,6700.46,2,1.1,0,Tecnico,16950.73,no_moroso
38,2183.47,4,,0,Universitario,3733.09,moroso
46,11661.38,2,8.8,0,Posgrado,32803.03,no_moroso
56,8396.26,5,26.6,1,Posgrado,21213.09,no_moroso
66,3360.89,8,25.8,0,Posgrado,11827.97,no_moroso
54,13020.44,5,0.2,0,Universitario,34686.52,no_moroso
39,,2,18.1,1,Posgrado,19891.01,no_moroso
59,8377.82,0,18.9,1,Universitario,20189.74,no_moroso
27,1496.93,7,53.0,0,Posgrado,5372.55,moroso
22,5797.65,9,0.9,0,Tecnico,15946.71,no_moroso
28,10078.29,6,,0,Posgrado,29379.21,no_moroso
21,2076.85,7,38.9,0,Tecnico,4897.4,moroso
33,7982.93,8,7.6,0,Posgrado,24208.05,no_moroso
51,13748.87,4,3.2,0,Universitario,35925.46,no_moroso
50,3712.35,1,1.4,0,Universitario,10813.89,no_moroso
42,8548.94,0,42.5,1,Tecnico,17609.31,moroso
69,7672.52,6,6.5,0,Posgrado,23895.14,no_moroso
20,13291.32,6,28.2,0,Tecnico,34536.21,no_moroso
46,8661.42,4,4.6,1,Universitario,23262.88,no_moroso
59,2604.17,4,12.5,1,Tecnico,5774.85,no_moroso
37,12286.27,1,24.3,1,Secundaria,27776.86,no_moroso
38,9406.52,6,,1,Tecnico,23796.25,no_moroso
49,14803.28,4,4.8,1,Tecnico,36720.73,no_moroso
66,,3,35.9,0,Secundaria,20999.58,moroso
42,7186.8,5,21.8,1,Universitario,18170.36,no_moroso
33,867.49,9,1.8,0,Tecnico,4068.12,no_moroso
22,1606.66,2,,0,Tecnico,4106.62,no_moroso
40,11074.06,4,4.8,0,Posgrado,31519.86,no_moroso
52,4844.51,9,15.9,1,posgrado,15287.04,no_moroso
66,7130.58,5,17.8,1,Tecnico,15924.97,no_moroso
56,818.44,8,27.2,1,Universitario,2498.42,no_moroso
21,7984.0,3,0.3,1,Secundaria,19152.7,no_moroso
22,,3,13.5,0,Posgrado,27909.26,no_moroso
27,14711.96,0,16.9,0,UNIVERSITARIO,37181.83,no_moroso
42,11969.44,2,,0,Universitario,31203.8,no_moroso
55,,4,4.6,1,Secundaria,25927.0,no_moroso
36,7852.07,8,8.4,1,Universitario,19748.84,no_moroso
43,5395.79,2,,0,Universitario,12512.74,moroso
40,8801.78,2,12.9,1,Tecnico,20819.0,no_moroso
52,,3,,0,Tecnico,35825.47,no_moroso
30,7048.85,1,26.2,0,Secundaria,16373.44,no_moroso
51,11781.41,3,2.2,0,Tecnico,30655.16,no_moroso
51,,7,5.2,0,Posgrado,39854.08,no_moroso
20,,9,23.4,0,Universitario,27493.72,no_moroso
55,7766.91,0,4.2,0,Universitario,21205.67,no_moroso
62,14172.51,4,0.2,0,Posgrado,38627.86,no_moroso
32,1934.38,1,9.5,0,Universitario,6719.91,no_moroso
29,12167.85,1,4.7,1,Tecnico,28013.59,no_moroso
42,13440.22,2,0.2,1,Universitario,34224.35,no_moroso
37,10463.49,5,11.3,0,Universitario,28232.28,no_moroso
48,1882.06,7,3.7,1,Universitario,6441.26,no_moroso
60,3077.41,6,11.1,0,Universitario,9517.21,no_moroso
22,9886.91,3,1.2,1,Universitario,26355.14,no_moroso
63,6550.0,3,51.2,0,Tecnico,15042.88,moroso
34,5052.38,1,0.4,0,Universitario,14309.49,no_moroso
23,7270.29,9,45.1,0,Tecnico,18270.8,moroso
56,9060.35,6,3.4,0,Universitario,24741.37,no_moroso
36,2026.51,2,20.2,1,Universitario,3861.73,no_moroso
55,6137.15,2,35.7,1,Posgrado,15427.76,moroso
45,12181.15,1,5.6,0,Tecnico,31522.66,no_moroso
57,10013.63,1,1.1,0,Posgrado,28267.91,no_moroso
66,,4,4.3,1,Tecnico,3228.3,no_moroso
68,9869.02,7,21.2,0,Universitario,26311.11,no_moroso
67,4909.42,1,,1,Universitario,11022.5,no_moroso
28,,1,23.7,0,Tecnico,26261.99,no_moroso
22,5599.33,1,4.1,1,Tecnico,13599.94,no_moroso
18,5831.99,1,2.2,1,Universitario,15061.92,no_moroso
34,5877.98,3,6.7,1,Universitario,14625.41,no_moroso
52,1878.51,0,4.2,0,Universitario,5589.72,no_moroso
41,13465.29,8,2.7,1,Tecnico,33659.75,no_moroso
47,13928.75,7,24.7,0,Tecnico,35553.47,no_moroso
19,14228.74,7,3.5,0,Secundaria,36258.64,no_moroso
33,14045.96,7,38.6,0,Universitario,36114.95,moroso
58,11864.74,3,12.3,1,Posgrado,32221.56,no_moroso
52,13302.38,5,1.2,0,Universitario,36031.29,no_moroso
63,7011.57,2,8.3,0,Universitario,19298.53,no_moroso
43,11234.28,3,0.2,0,Universitario,29877.22,no_moroso
43,11709.14,1,2.0,0,Universitario,31291.15,no_moroso
19,2117.7,3,0.7,1,Tecnico,4623.73,no_moroso
36,2242.14,6,,1,Tecnico,4922.22,no_moroso
62,1542.23,6,3.1,0,Posgrado,7728.82,no_moroso
29,3872.32,9,8.1,1,Tecnico,10500.93,no_moroso
54,,3,9.0,1,Tecnico,8504.55,no_moroso
64,6471.03,8,1.0,0,Tecnico,18181.94,no_moroso
22,8199.31,8,4.8,0,Universitario,23111.82,no_moroso
43,14681.17,8,4.0,0,Tecnico,38607.58,no_moroso
43,3222.27,7,24.8,1,Tecnico,6724.51,no_moroso
63,9412.77,3,9.1,1,Secundaria,22651.89,no_moroso
23,,8,41.0,0,Universitario,13332.54,moroso
67,3478.05,1,22.2,0,Posgrado,10776.86,no_moroso
37,7217.74,1,,0,Secundaria,228616.93406075085,no_moroso
60,6509.28,9,15.3,0,Tecnico,18536.66,no_moroso
30,13633.71,1,30.5,1,UNIVERSITARIO,31898.22,moroso
23,7652.7,0,3.7,1,Universitario,19523.15,no_moroso
64,5137.19,3,29.4,0,Secundaria,12077.75,no_moroso
62,8428.81,4,50.0,0,Tecnico,20944.16,moroso
21,9094.29,2,2.5,1,Posgrado,24714.32,no_moroso
24,5421.61,0,1.2,0,Posgrado,17097.98,no_moroso
37,2485.51,9,1.2,1,UNIVERSITARIO,8047.46,no_moroso
43,13815.75,6,22.5,1,Tecnico,33102.98,no_moroso
43,4960.31,3,6.0,0,Secundaria,13324.88,no_moroso
58,9630.91,5,1.3,0,Tecnico,25146.26,no_moroso
34,1553.56,2,13.9,0,Secundaria,3365.67,no_moroso
58,11231.71,6,8.9,0,Secundaria,28955.7,no_moroso
22,3123.04,4,,1,Secundaria,7063.26,no_moroso
25,9508.83,1,12.7,0,Secundaria,22540.42,no_moroso
42,3689.05,4,30.6,1,Secundaria,7267.47,moroso
42,7886.22,6,1.8,1,Posgrado,22536.18,no_moroso
44,10836.65,9,26.8,0,Secundaria,27330.82,no_moroso
65,9779.43,4,126.1,1,Posgrado,20181.81,moroso
36,6944.64,0,33.2,0,Secundaria,15578.55,moroso
40,8831.78,1,,1,Universitario,20544.19,moroso
19,6621.47,5,6.7,1,Posgrado,18607.9,no_moroso
48,6348.27,4,7.0,1,Tecnico,15649.09,no_moroso
26,4679.87,0,22.8,0,Tecnico,10552.38,no_moroso
26,5081.86,9,15.5,1,Posgrado,15298.03,no_moroso
58,11328.11,9,9.7,0,Secundaria,29705.14,no_moroso
40,7800.36,7,5.8,0,Universitario,21900.49,no_moroso
68,2172.72,1,27.4,1,Tecnico,2376.12,no_moroso
26,7780.95,4,1.8,0,Secundaria,19865.8,no_moroso
30,14277.1,8,31.7,1,Tecnico,34596.69,moroso
65,8533.5,5,13.2,1,Tecnico,20345.68,no_moroso
28,14877.5,4,12.9,0,TECNICO,38027.22,no_moroso
37,,2,3.7,1,Secundaria,10602.53,no_moroso
63,10668.97,9,31.4,1,Universitario,27610.32,moroso
41,3108.78,9,,0,Universitario,10361.14,no_moroso
21,1813.06,4,10.2,1,Secundaria,2466.02,no_moroso
33,9905.23,2,14.1,1,Tecnico,23303.76,no_moroso
24,1932.26,5,8.7,0,Secundaria,4928.78,no_moroso
23,4442.41,9,11.6,1,Secundaria,11459.91,no_moroso
56,9969.23,0,32.6,1,Universitario,23062.49,moroso
56,6662.34,1,3.9,0,Universitario,17699.16,no_moroso
18,4715.52,2,,0,Universitario,11055.62,no_moroso
38,6916.29,3,0.1,0,Tecnico,19637.57,no_moroso
40,12810.5,8,31.7,0,Tecnico,32675.03,moroso
38,6427.42,0,2.7,1,Tecnico,15117.22,no_moroso
47,7438.74,1,23.5,1,Universitario,17575.21,no_moroso
26,4193.6,6,39.4,0,Universitario,11029.39,moroso
64,4366.54,6,23.1,0,Universitario,12127.95,no_moroso
69,14130.18,6,79.0,1,Tecnico,31650.43,moroso
49,7944.65,8,,1,Universitario,21782.16,no_moroso
23,1681.48,4,3.5,1,Universitario,5494.27,no_moroso
63,,7,29.6,0,Universitario,12223.65,no_moroso
44,7483.47,5,9.6,0,Tecnico,19946.59,no_moroso
54,4854.22,8,7.6,1,Universitario,13440.12,no_moroso
25,9339.65,5,6.0,0,Tecnico,24621.7,no_moroso
53,5070.59,3,41.7,0,Universitario,12457.74,moroso
40,5734.96,8,16.2,0,Universitario,17400.73,no_moroso
27,10723.31,7,7.7,1,Posgrado,29032.01,no_moroso
19,12452.83,1,14.3,0,Tecnico,31102.35,no_moroso
56,9700.35,6,19.4,1,Posgrado,26153.28,no_moroso
37,14772.73,4,11.7,0,Universitario,38370.61,no_moroso
34,10400.88,3,29.4,0,Universitario,27192.43,no_moroso
35,10991.94,3,3.0,0,Tecnico,28342.75,no_moroso
42,,9,18.0,0,Tecnico,21855.8,no_moroso
37,1059.21,6,25.1,0,Universitario,4675.56,no_moroso
32,12679.67,2,10.2,0,Universitario,33911.45,no_moroso
23,5736.88,5,0.4,0,Universitario,16731.09,no_moroso
35,3636.43,9,27.0,0,Universitario,10988.55,no_moroso
59,5060.6,1,45.3,1,Tecnico,8805.66,moroso
57,2166.67,5,5.6,0,Tecnico,6177.09,no_moroso
34,6006.24,7,16.3,0,Secundaria,15905.0,no_moroso
29,11583.5,8,9.3,1,Posgrado,31893.39,no_moroso
61,10494.34,6,0.6,0,Secundaria,27306.46,no_moroso
65,11871.72,4,,1,Universitario,29124.58,no_moroso
22,,9,3.2,0,Universitario,37541.95,no_moroso
64,8242.8,7,2.1,0,Secundaria,22108.55,no_moroso
50,6004.22,7,24.3,0,Secundaria,15341.98,no_moroso
41,4351.68,5,6.3,1,Tecnico,11305.6,no_moroso
38,8472.07,7,10.6,1,Secundaria,20789.29,no_moroso
61,10986.11,1,1.4,1,Universitario,28056.64,no_moroso
35,3638.93,4,9.2,1,Universitario,9139.45,no_moroso
57,4584.31,0,3.5,0,Secundaria,10768.62,no_moroso
52,3859.02,7,96.5,0,Posgrado,8570.5,moroso
58,11757.17,6,,0,Tecnico,30839.4,no_moroso
52,13266.82,5,1.8,0,Secundaria,35146.09,no_moroso
60,13292.63,5,63.2,0,Universitario,32018.74,moroso
53,8079.27,9,5.8,1,Posgrado,23149.85,no_moroso
47,3039.57,4,,0,SECUNDARIA,8917.95,no_moroso
38,6966.12,6,18.9,0,Universitario,18938.2,no_moroso
66,3172.24,5,,0,Secundaria,8967.87,no_moroso
30,14363.16,4,28.8,1,Tecnico,33485.73,no_moroso
58,803.69,1,25.6,1,Posgrado,2034.5,no_moroso
22,14077.28,2,1.5,1,Posgrado,37110.17,no_moroso
31,13870.52,5,30.5,0,Tecnico,35595.49,moroso
44,13453.73,2,46.6,0,Universitario,33743.28,moroso
50,8652.59,2,17.9,1,Universitario,21182.31,no_moroso
44,7645.34,4,61.9,0,Universitario,18481.83,moroso
67,6689.41,8,,1,Universitario,18233.28,no_moroso
49,13417.41,2,16.9,0,Universitario,35258.66,no_moroso
29,,8,31.2,1,Posgrado,29367.2,moroso
35,3927.03,5,12.8,0,universitario,11341.48,no_moroso
55,7632.38,8,13.2,1,Secundaria,17666.2,no_moroso
61,,8,57.6,0,Tecnico,15106.27,moroso
62,9456.07,8,44.6,0,Universitario,24589.24,moroso
55,6146.68,8,5.2,0,Universitario,282184.74778498267,no_moroso
57,7202.7,8,96.4,1,Universitario,13559.46,moroso
45,7629.19,0,24.5,0,secundaria,18125.54,no_moroso
63,12412.52,3,62.8,0,Universitario,29601.53,moroso
34,5019.78,1,25.6,0,Secundaria,11055.16,no_moroso
27,4643.07,1,6.0,0,Posgrado,14534.61,no_moroso
61,12286.65,8,41.3,0,Posgrado,32405.91,moroso
68,2651.76,5,15.1,1,Secundaria,5312.32,no_moroso
35,14175.11,9,2.5,0,Secundaria,36551.54,no_moroso
39,7607.28,9,1.8,1,Universitario,20301.66,no_moroso
50,13695.51,3,50.6,1,Tecnico,31248.29,moroso
25,3408.06,5,2.0,1,Universitario,9619.84,no_moroso
39,11547.25,9,16.0,1,Universitario,30148.04,no_moroso
19,9675.81,5,36.0,0,Tecnico,23805.15,moroso
54,9504.19,4,1.9,1,Tecnico,23056.66,no_moroso
43,6456.89,6,3.2,1,Tecnico,16624.38,no_moroso
26,,8,6.0,1,Universitario,32501.62,no_moroso
69,1464.39,3,18.1,0,Posgrado,6235.71,no_moroso
28,12104.99,6,8.7,0,Universitario,32416.06,no_moroso
35,14369.53,3,18.5,1,universitario,35886.27,no_moroso
60,10555.83,8,1.6,0,Universitario,29532.46,no_moroso
44,7252.62,2,4.5,1,Posgrado,20459.91,no_moroso
24,13730.5,7,13.5,1,Universitario,34086.0,no_moroso
24,6464.87,5,5.7,0,Universitario,18218.76,no_moroso
27,11170.08,1,4.4,0,Universitario,29857.89,no_moroso
31,2989.31,7,27.4,0,Tecnico,7619.88,no_moroso
62,14572.28,7,8.1,0,Universitario,38839.83,no_moroso
31,11588.66,4,5.6,1,Tecnico,27856.05,no_moroso
52,2875.12,5,6.8,0,Secundaria,8288.17,no_moroso
66,13134.23,6,,0,Secundaria,33351.4,no_moroso
53,1563.84,3,21.7,0,Secundaria,3763.04,no_moroso
58,1154.61,3,24.6,0,Secundaria,1711.31,no_moroso
24,5086.52,6,5.2,1,Secundaria,11991.65,no_moroso
60,1127.35,7,25.3,1,Tecnico,2669.8,no_moroso
58,5486.05,2,11.8,1,Tecnico,12636.97,no_moroso
46,8336.48,4,42.7,1,Secundaria,17843.66,moroso
46,10735.09,6,6.7,0,Posgrado,30789.93,no_moroso
38,13903.85,2,5.1,0,Tecnico,35305.68,no_moroso
49,,7,,0,Posgrado,27032.89,no_moroso
66,,0,31.1,1,Tecnico,15730.41,moroso
36,2748.08,3,2.8,1,tecnico,6416.52,no_moroso
58,,2,4.1,0,Universitario,26581.91,no_moroso
20,13814.06,9,28.9,1,Tecnico,33861.08,no_moroso
21,,4,5.5,0,Secundaria,22787.0,no_moroso
55,5656.48,9,14.0,0,Universitario,16749.91,no_moroso
26,2912.43,8,22.8,0,Universitario,9342.47,no_moroso
35,6234.67,8,10.9,1,Universitario,16352.78,no_moroso
43,13213.99,8,12.3,0,Universitario,36716.7,no_moroso
33,12844.9,7,56.5,1,Tecnico,29052.32,moroso
35,,9,18.5,0,Tecnico,11817.91,no_moroso
65,4682.9,1,32.1,1,Tecnico,9482.21,moroso
29,11533.22,9,14.6,1,Secundaria,28096.93,no_moroso
27,10385.77,7,4.3,0,Universitario,29255.63,no_moroso
65,1664.86,0,,1,Posgrado,3813.27,moroso
24,9493.74,0,41.8,0,Tecnico,21807.18,moroso
25,4411.69,3,10.8,0,Tecnico,11531.35,no_moroso
49,2729.87,2,1.2,0,Posgrado,10546.55,no_moroso
26,12634.17,1,10.9,1,Tecnico,30098.13,no_moroso
64,6818.97,5,17.8,1,Universitario,17691.64,no_moroso
45,10065.98,9,22.7,0,Posgrado,28281.63,no_moroso
34,4274.71,3,30.1,0,Secundaria,9704.45,moroso
20,,8,4.0,1,Universitario,17671.45,no_moroso
54,7036.23,2,8.4,0,Tecnico,17708.03,no_moroso
54,3753.92,6,35.0,0,Universitario,9389.14,moroso
49,13278.12,2,8.5,1,Tecnico,33144.21,no_moroso
59,5082.6,4,10.5,0,Secundaria,13727.26,no_moroso
69,1079.82,3,3.1,0,Universitario,192072.51910843136,no_moroso
50,8132.08,0,7.6,1,Secundaria,17563.44,no_moroso
29,14559.6,4,26.5,0,TECNICO,36998.02,no_moroso
38,2235.72,3,14.2,1,Posgrado,6855.93,no_moroso
48,,7,1.8,1,Tecnico,12242.62,no_moroso
50,11424.01,4,8.8,1,Tecnico,28040.59,no_moroso
25,,3,,1,Posgrado,9512.08,no_moroso
43,11457.13,9,9.8,0,Secundaria,30398.08,no_moroso
46,13106.98,9,29.9,0,Universitario,34633.57,no_moroso
23,4549.61,9,2.9,1,Posgrado,14585.29,no_moroso
25,12469.25,4,1.4,1,Posgrado,32821.08,no_moroso
59,10147.67,0,24.7,1,Universitario,23393.26,no_moroso
36,5220.98,2,6.6,0,UNIVERSITARIO,14084.81,no_moroso
62,8381.81,9,1.0,0,Tecnico,23851.01,no_moroso
23,5449.54,9,11.6,1,Tecnico,13846.86,no_moroso
53,9316.78,3,17.0,0,Tecnico,23257.09,no_moroso
65,2781.49,2,0.6,1,Posgrado,9499.79,no_moroso
28,,6,44.2,0,Posgrado,17824.41,moroso
64,5071.68,6,8.0,1,Posgrado,14085.3,no_moroso
61,6937.36,0,7.9,0,Universitario,18375.36,no_moroso
41,12526.73,4,20.9,1,Tecnico,30268.5,no_moroso
47,6501.65,9,14.6,1,Universitario,16712.93,no_moroso
44,6062.74,0,8.3,0,Tecnico,14575.84,no_moroso
56,10421.4,9,8.2,0,Secundaria,27720.64,no_moroso
54,2029.15,3,6.2,0,Tecnico,5626.72,no_moroso
26,5277.32,3,28.7,0,Tecnico,12749.12,no_moroso
21,13390.01,8,8.4,0,Universitario,36092.48,no_moroso
53,992.33,0,13.2,1,Posgrado,3655.85,no_moroso
58,11669.5,1,8.3,0,Tecnico,28864.91,no_moroso
33,,8,22.9,1,Universitario,8241.39,no_moroso
52,13811.0,5,16.8,0,Universitario,36006.96,no_moroso
33,2199.14,1,,0,Posgrado,8082.32,no_moroso
63,9154.94,9,5.2,0,Secundaria,24426.23,no_moroso
59,13564.88,5,5.4,1,Universitario,34767.79,no_moroso
25,3341.5,6,6.7,1,Universitario,9732.77,no_moroso
43,4900.55,0,,0,UNIVERSITARIO,13215.76,no_moroso
59,3412.6,1,33.8,1,Secundaria,5718.29,moroso
57,3562.76,5,33.7,1,Tecnico,7953.28,moroso
37,14135.88,5,1.0,0,Universitario,38212.8,no_moroso
50,,8,5.4,1,Universitario,17989.57,no_moroso
23,2728.67,9,3.9,0,Posgrado,10971.72,no_moroso
59,1225.53,1,,0,Secundaria,3049.37,no_moroso
50,13659.41,0,7.9,0,Universitario,35330.74,no_moroso
53,7597.88,4,15.4,0,Posgrado,22052.51,no_moroso
61,,7,8.6,1,Posgrado,22779.38,no_moroso
34,4344.0,1,55.4,0,Tecnico,9537.2,moroso
42,12361.08,6,3.5,1,Universitario,32163.51,no_moroso
35,3297.04,9,44.6,1,Secundaria,7158.05,moroso
49,11998.25,4,14.5,0,Tecnico,30150.56,no_moroso
37,7785.12,4,14.1,0,POSGRADO,22107.58,no_moroso
55,,9,44.0,0,Tecnico,2074.26,moroso
25,1553.36,8,8.4,0,Tecnico,6425.67,no_moroso
40,5760.9,1,1.4,1,Secundaria,12550.77,no_moroso
40,9113.65,1,20.7,1,Secundaria,21415.55,no_moroso
30,7308.25,0,6.2,0,Universitario,19715.55,no_moroso
51,8067.6,1,23.0,0,Secundaria,19130.11,no_moroso
66,4297.25,2,6.7,0,Tecnico,10913.39,no_moroso
40,7303.36,8,12.2,1,Tecnico,18691.73,no_moroso
60,5671.64,8,21.5,0,Secundaria,14296.79,no_moroso
65,1944.89,3,27.1,0,Tecnico,4029.07,no_moroso
28,1815.19,4,16.9,1,Tecnico,3466.22,no_moroso
64,14759.96,9,63.0,1,Universitario,35839.15,moroso
68,3806.4,5,4.6,0,Secundaria,10450.19,no_moroso
42,,3,8.5,1,Tecnico,8111.64,no_moroso
63,10495.26,5,4.3,0,Universitario,28287.79,no_moroso
55,7593.59,6,46.2,0,Universitario,227696.5899897328,moroso
20,13975.01,8,0.8,0,Secundaria,35652.9,no_moroso
30,,4,7.2,0,Universitario,24438.4,no_moroso
22,2120.92,7,29.2,0,Universitario,6460.81,no_moroso
51,13210.27,2,0.9,0,Universitario,35164.17,no_moroso
40,9893.92,7,7.5,0,Posgrado,28143.42,no_moroso
36,8278.34,0,12.2,1,Posgrado,20865.12,no_moroso
55,13262.31,4,27.4,1,Universitario,32997.09,no_moroso
49,8531.14,3,19.9,0,Tecnico,22040.6,no_moroso
42,6856.55,5,5.4,1,Secundaria,17331.05,no_moroso
35,5400.3,8,4.9,0,Universitario,17027.27,no_moroso
26,7881.74,9,9.2,0,Tecnico,21351.81,no_moroso
55,4250.84,5,1.2,1,Secundaria,9504.67,no_moroso
21,5417.21,6,54.0,0,Tecnico,12853.81,moroso
27,12158.47,6,3.9,1,Secundaria,29954.3,no_moroso
64,4120.59,0,3.9,1,Tecnico,8559.9,no_moroso
19,8900.44,1,26.4,0,Universitario,23911.94,no_moroso
25,14194.04,9,,1,Tecnico,36106.44,no_moroso
57,6577.5,2,27.8,1,Tecnico,13850.89,no_moroso
32,14489.53,9,9.4,1,Universitario,37105.55,no_moroso
24,13075.9,7,22.3,0,Tecnico,33607.6,no_moroso
24,8275.57,5,5.3,1,Universitario,22055.22,no_moroso
31,,8,2.9,0,Secundaria,21476.38,no_moroso
45,3099.39,7,21.7,1,Tecnico,7192.29,no_moroso
25,13765.36,9,12.6,1,posgrado,38035.13,no_moroso
37,14615.43,1,0.2,0,Universitario,38920.06,no_moroso
43,7120.33,5,39.2,1,Tecnico,15594.38,moroso
47,8054.07,9,,0,Posgrado,24340.24,no_moroso
30,9284.28,9,22.6,0,Tecnico,23380.11,no_moroso
55,8680.59,7,6.1,1,Tecnico,21837.65,no_moroso
33,2585.65,9,20.7,0,Universitario,9343.17,no_moroso
56,4802.3,6,21.9,0,Tecnico,12974.38,no_moroso
35,12624.71,0,24.1,1,Tecnico,29315.05,no_moroso
38,9711.61,7,22.7,1,Universitario,23944.83,no_moroso
21,5310.01,1,9.7,0,Secundaria,12679.32,no_moroso
45,14606.92,6,10.0,0,Universitario,39366.02,no_moroso
33,6181.52,6,1.2,0,Universitario,17984.13,no_moroso
43,5511.15,4,1.2,0,Tecnico,14975.64,no_moroso
25,1949.5,8,1.1,0,Universitario,8254.81,no_moroso
64,5582.16,1,20.6,0,Secundaria,13597.97,no_moroso
48,14910.69,2,6.0,0,Tecnico,38169.59,no_moroso
67,3851.56,1,10.9,1,Tecnico,8902.5,no_moroso
38,3307.14,2,,0,Universitario,9210.85,no_moroso
62,3815.43,5,,0,Posgrado,12598.87,no_moroso
29,1878.32,9,2.7,0,Posgrado,9219.3,no_moroso
66,11045.71,3,8.2,1,Tecnico,26232.63,no_moroso
59,8307.34,1,0.4,0,Tecnico,22422.29,no_moroso
66,14110.34,4,1.9,0,Tecnico,36566.72,no_moroso
36,11171.48,2,8.1,0,Secundaria,27434.11,no_moroso
67,7233.97,1,12.0,0,Universitario,18965.87,no_moroso
40,8681.92,2,,0,Tecnico,22715.09,no_moroso
18,,9,21.3,0,Secundaria,37949.85,no_moroso
58,4773.34,5,31.6,1,Universitario,12340.02,moroso
49,4176.31,8,,0,Secundaria,11326.95,no_moroso
35,12116.93,9,39.5,1,Tecnico,28644.03,moroso
45,6876.61,5,5.9,1,Posgrado,19457.63,no_moroso
26,5190.21,9,10.9,0,Secundaria,13724.59,no_moroso
56,,9,13.1,1,Tecnico,30826.36,no_moroso
68,2590.9,7,17.6,0,Tecnico,7276.62,no_moroso
33,12742.99,7,27.7,0,Tecnico,31692.84,no_moroso
25,13861.58,2,22.4,0,Universitario,36159.67,no_moroso
18,5328.46,5,2.1,0,Secundaria,14939.54,no_moroso
40,4662.17,3,11.8,0,Tecnico,11695.37,no_moroso
24,11373.74,2,2.0,0,Universitario,30231.11,no_moroso
69,7896.21,2,22.5,0,Universitario,20381.37,no_moroso
51,5619.19,8,1.5,1,Universitario,16452.15,no_moroso
64,7244.32,8,,1,Universitario,19624.2,no_moroso
44,,5,16.6,1,Tecnico,25097.65,no_moroso
48,4521.12,1,11.8,0,Tecnico,11933.05,no_moroso
26,6480.92,3,,1,Secundaria,14613.12,no_moroso
31,7331.67,2,1.8,0,Universitario,20336.22,no_moroso
46,14466.18,7,1.2,0,Secundaria,38315.67,no_moroso
58,7095.76,5,9.0,0,Tecnico,19093.13,no_moroso
54,1489.96,2,,0,Universitario,5754.24,no_moroso
29,13254.71,5,13.2,1,Universitario,33361.3,no_moroso
21,,9,18.5,1,Posgrado,25030.12,no_moroso
45,13739.14,0,8.0,1,Universitario,33969.43,no_moroso
60,8525.66,6,18.6,1,Tecnico,19790.47,no_moroso
33,9687.44,9,9.5,1,Universitario,26167.44,no_moroso
33,14500.98,3,2.9,1,Posgrado,38374.21,no_moroso
48,6709.83,4,5.6,1,Posgrado,19067.5,no_moroso
27,3916.55,3,3.0,0,Tecnico,10359.68,no_moroso
52,13115.31,2,4.5,1,Tecnico,30587.19,no_moroso
49,4594.52,2,8.9,0,Tecnico,12047.44,no_moroso
38,6867.03,8,2.0,0,Universitario,19498.16,no_moroso
21,9931.22,4,21.9,0,Universitario,26413.13,no_moroso
20,11754.79,7,5.0,0,Universitario,32015.69,no_moroso
22,8468.42,8,18.1,1,Tecnico,21015.36,no_moroso
52,5964.63,3,0.7,0,Tecnico,15819.87,no_moroso
66,11416.5,9,2.4,0,Universitario,31431.77,no_moroso
28,10333.67,1,18.3,0,Posgrado,28331.91,no_moroso
18,7224.73,7,,1,Universitario,18509.91,no_moroso
38,9095.73,4,20.1,1,Universitario,21935.01,no_moroso
24,,0,6.0,1,Secundaria,26012.29,no_moroso
52,9810.29,6,13.2,1,Universitario,24766.94,no_moroso
49,14022.13,0,5.2,0,Secundaria,34587.92,no_moroso
66,,4,8.1,0,Posgrado,39102.4,no_moroso
65,2776.5,0,11.9,0,Tecnico,7623.64,no_moroso
24,2346.93,9,,1,Secundaria,5659.76,no_moroso
31,8573.03,6,0.3,0,Posgrado,25266.19,no_moroso
64,2096.21,0,9.1,1,Universitario,4867.65,no_moroso
34,10798.09,6,4.2,1,Universitario,28058.36,no_moroso
38,2463.89,1,3.7,0,TECNICO,6107.58,no_moroso
30,7512.67,6,5.2,0,Posgrado,23276.1,no_moroso
35,12085.9,6,,1,Secundaria,29813.88,no_moroso
25,804.13,7,26.2,1,POSGRADO,4173.53,no_moroso
42,14731.5,8,,0,Universitario,36236.23,moroso
36,2169.33,1,,0,Universitario,7133.07,no_moroso
52,8921.76,7,60.5,0,Tecnico,21605.08,moroso
36,6399.92,7,50.0,0,Secundaria,15300.15,moroso
69,8851.29,4,19.9,1,Universitario,21918.5,no_moroso
37,8684.77,7,16.1,0,Tecnico,22967.99,no_moroso
55,2403.57,0,19.3,1,Posgrado,6134.16,no_moroso
23,6580.56,9,1.5,0,Secundaria,18373.26,no_moroso
54,13349.6,8,5.8,0,UNIVERSITARIO,35978.72,no_moroso
56,14079.23,4,11.5,0,Universitario,37047.01,no_moroso
35,13367.67,0,1.8,0,Universitario,35475.0,no_moroso
65,8968.25,8,14.7,0,Tecnico,23311.29,no_moroso
60,11376.98,2,8.0,1,Tecnico,26462.95,no_moroso
18,,3,14.4,0,Tecnico,28089.49,no_moroso
27,8709.55,4,4.4,0,Universitario,24206.26,no_moroso
20,8759.25,7,4.4,1,Secundaria,22044.78,no_moroso
28,3044.07,1,1.0,1,Posgrado,9166.02,no_moroso
43,10186.37,8,49.4,1,Secundaria,23731.96,moroso
27,5036.01,4,7.3,1,Posgrado,15101.7,no_moroso
68,10805.59,2,12.2,1,Posgrado,27620.23,no_moroso
25,8600.6,6,35.1,1,Tecnico,19353.79,moroso
22,4501.47,3,0.1,1,Universitario,11989.8,no_moroso
20,1177.24,4,9.6,0,Secundaria,3689.5,no_moroso
51,8888.48,0,,0,Tecnico,22726.99,no_moroso
65,5895.35,8,2.1,0,Secundaria,16041.62,no_moroso
68,3602.15,5,28.7,1,Universitario,9150.07,no_moroso
48,3320.2,4,10.1,0,Secundaria,8529.36,no_moroso
32,4739.98,1,9.3,0,universitario,13379.29,no_moroso
40,2360.41,3,8.5,0,Secundaria,6691.34,no_moroso
36,5019.58,4,3.5,0,Secundaria,12919.27,no_moroso
68,1547.86,6,17.2,1,Tecnico,2531.51,no_moroso
36,14063.44,9,,1,Secundaria,34683.68,no_moroso
68,8736.34,6,,0,Universitario,24083.84,no_moroso
25,1311.14,8,4.3,0,Tecnico,5804.87,no_moroso
34,5022.64,2,,1,Universitario,11648.99,no_moroso
41,10143.4,3,1.4,0,Tecnico,25902.13,no_moroso
41,13077.35,4,26.5,0,Tecnico,32917.62,no_moroso
23,5687.23,5,6.7,0,Universitario,15927.16,no_moroso
44,8444.27,2,16.6,1,Posgrado,244117.20459528876,no_moroso
65,12228.51,5,15.9,1,Tecnico,29299.52,no_moroso
23,8517.82,0,9.7,1,Universitario,21324.99,no_moroso
34,13675.31,2,38.2,1,Universitario,33374.99,moroso
61,10224.71,4,2.6,0,Universitario,28368.53,no_moroso
25,7838.42,0,15.2,0,Universitario,20768.37,no_moroso
47,,0,32.6,0,Secundaria,29755.43,moroso
64,,3,,0,Secundaria,19132.07,no_moroso
60,14959.62,9,2.0,0,universitario,40306.36,no_moroso
58,13281.94,8,85.8,1,Universitario,30702.12,moroso
67,,8,0.7,1,Posgrado,23282.67,no_moroso
33,,9,4.8,0,Universitario,13873.63,no_moroso
64,10339.16,6,,1,Universitario,24979.89,no_moroso
56,12259.46,7,2.3,0,Tecnico,32742.89,no_moroso
68,9148.12,4,13.0,0,Tecnico,23520.74,no_moroso
40,4838.57,0,0.6,1,Tecnico,11833.99,no_moroso
40,3499.02,2,11.5,0,Posgrado,11111.07,no_moroso
47,,0,8.5,1,Posgrado,23912.12,no_moroso
19,4614.5,1,9.3,0,UNIVERSITARIO,11988.03,no_moroso
61,1147.72,2,,0,Universitario,4612.25,no_moroso
29,,3,79.3,0,Posgrado,31752.26,moroso
35,3630.65,7,,1,Universitario,290147.00311727304,no_moroso
39,2869.85,5,11.2,1,Universitario,7307.87,no_moroso
46,10146.75,9,8.3,0,Tecnico,26637.12,no_moroso
36,4784.33,5,1.7,0,Posgrado,15848.24,no_moroso
27,11204.83,8,22.0,0,Tecnico,29076.33,no_moroso
20,3258.58,3,5.8,0,Posgrado,11028.72,no_moroso
48,,3,4.8,1,Tecnico,35672.37,no_moroso
37,11230.29,2,,1,Universitario,22649.48,moroso
51,5619.19,8,1.5,1,Universitario,16452.15,no_moroso
33,11479.68,0,17.5,1,Tecnico,26588.69,no_moroso
19,5182.26,9,54.3,1,Posgrado,13139.01,moroso
54,14975.97,1,2.1,1,Tecnico,36874.85,no_moroso
67,12326.12,3,3.8,0,Secundaria,31043.7,no_moroso
69,,2,0.2,1,Universitario,30168.2,no_moroso
32,7461.09,3,16.3,0,Universitario,20292.82,no_moroso
64,7231.89,0,3.0,1,Posgrado,19287.55,no_moroso
28,1201.46,3,5.0,0,Tecnico,3574.98,no_moroso
32,2810.07,4,20.2,1,Secundaria,5074.8,no_moroso
46,13675.85,2,13.6,1,Universitario,33955.24,no_moroso
22,3871.53,8,6.2,1,Posgrado,12881.48,no_moroso
26,1624.94,0,25.7,0,Tecnico,248327.17401745194,no_moroso
29,12717.59,0,2.9,0,Secundaria,31579.49,no_moroso
67,14425.32,5,16.0,0,Universitario,38207.5,no_moroso
21,1533.22,6,2.0,0,Universitario,6014.67,no_moroso
22,11807.9,2,31.8,0,Universitario,29935.88,moroso
55,2488.93,5,9.4,0,Posgrado,9563.54,no_moroso
58,14146.46,3,12.1,1,Tecnico,34057.99,no_moroso
57,8831.75,1,1.3,0,Tecnico,24022.89,no_moroso
51,11434.31,0,0.9,1,Secundaria,25675.25,no_moroso
45,8391.72,0,5.0,1,Tecnico,19761.95,no_moroso
34,14515.78,3,48.7,1,Secundaria,32689.54,moroso
36,13704.78,6,13.1,0,Tecnico,34561.32,no_moroso
39,9888.55,9,13.6,0,Secundaria,26313.97,no_moroso
31,9248.22,2,13.6,0,Tecnico,23355.52,no_moroso
38,9033.25,0,18.4,0,Universitario,22964.7,no_moroso
38,8379.59,4,1.4,0,Universitario,23106.02,no_moroso
48,11170.22,3,39.9,0,Universitario,28150.38,moroso
25,9886.65,3,23.7,0,Secundaria,24824.02,no_moroso
26,5939.51,4,,0,Universitario,16316.81,no_moroso
56,2781.68,0,25.1,0,Tecnico,6319.84,no_moroso
32,13571.37,2,0.4,1,Tecnico,33444.08,no_moroso
68,10555.92,9,1.6,1,Secundaria,26760.24,no_moroso
39,9802.29,1,1.0,0,Tecnico,220415.84261877494,no_moroso
58,,8,0.4,0,Universitario,37940.23,no_moroso
44,9898.62,5,,1,Secundaria,22102.33,moroso
47,,2,36.3,0,Universitario,32404.8,moroso
45,11494.83,9,13.6,1,Universitario,29905.1,no_moroso
22,,3,16.7,1,Secundaria,32941.13,no_moroso
26,1158.95,0,18.3,0,Posgrado,4600.9,no_moroso
43,8055.84,4,,1,Tecnico,18054.71,moroso
47,8686.88,8,7.5,0,Universitario,24257.28,no_moroso
59,9058.44,4,12.5,0,Tecnico,23691.99,no_moroso
32,13727.58,4,2.0,0,Universitario,35908.82,no_moroso
48,13092.74,7,3.8,0,Tecnico,33745.26,no_moroso
61,5033.04,6,18.2,0,Universitario,14357.18,no_moroso
38,4697.58,8,15.2,1,Tecnico,11990.55,no_moroso
55,2218.85,6,14.4,0,Tecnico,5912.04,no_moroso
49,8960.98,0,4.9,1,Posgrado,23776.91,no_moroso
48,2557.76,5,0.3,1,Universitario,7028.31,no_moroso
38,1582.22,5,37.6,0,Universitario,3740.96,moroso
31,13771.22,3,22.7,0,Universitario,34943.3,no_moroso
66,3043.19,1,7.4,1,secundaria,5737.03,no_moroso
52,12993.73,2,3.6,0,Universitario,34083.39,no_moroso
61,8244.73,8,,1,Universitario,22262.2,no_moroso
36,2428.02,3,4.5,0,Tecnico,6283.2,no_moroso
57,5019.11,2,17.5,1,Secundaria,10898.53,no_moroso
67,12459.35,5,13.1,0,Posgrado,34747.14,no_moroso
49,9948.86,3,,0,Universitario,25485.56,no_moroso
37,11370.56,4,6.2,1,tecnico,27358.33,no_moroso
20,3640.8,0,18.3,0,Universitario,8854.71,no_moroso
65,13748.76,4,8.7,1,Universitario,33978.49,no_moroso
35,6707.98,7,33.9,1,Universitario,15879.28,moroso
26,8216.58,4,5.7,1,Posgrado,22303.02,no_moroso
51,5571.87,6,13.9,0,Tecnico,14101.74,no_moroso
33,6837.31,7,9.6,0,Posgrado,22203.97,no_moroso
60,7201.09,3,46.8,0,Universitario,18095.79,moroso
55,5695.94,5,4.7,1,Tecnico,13775.33,no_moroso
60,3656.17,0,,0,Tecnico,8248.65,moroso
62,6361.07,9,1.0,1,Universitario,17313.76,no_moroso
19,13050.68,5,1.1,0,Universitario,34558.56,no_moroso
42,10430.06,6,12.3,0,Tecnico,28736.05,no_moroso
28,3822.98,1,14.1,0,Tecnico,9446.24,no_moroso
27,12611.99,5,21.8,0,Posgrado,34357.56,no_moroso
34,14212.05,7,6.4,0,Universitario,227344.7416506086,no_moroso
66,9206.95,0,,0,Tecnico,22483.37,no_moroso
65,1337.33,2,17.4,1,Posgrado,3989.63,no_moroso
26,9618.29,1,2.7,0,Posgrado,26584.52,no_moroso
20,5945.04,6,,0,Tecnico,15341.55,no_moroso
25,8837.65,7,2.2,0,Secundaria,22471.1,no_moroso
34,6685.03,6,16.5,1,Posgrado,18468.85,no_moroso
65,,8,8.1,1,Secundaria,31592.72,no_moroso
20,14570.44,6,,0,Posgrado,40616.27,no_moroso
67,9906.45,7,8.5,1,Secundaria,25242.16,no_moroso
49,5391.68,5,,1,Posgrado,14832.55,no_moroso
39,9024.45,6,0.6,1,Secundaria,22057.76,no_moroso
68,8809.48,3,73.1,1,Posgrado,20482.09,moroso
34,14387.54,0,,1,Universitario,286353.36592092505,no_moroso
65,,4,10.0,0,Posgrado,21085.62,no_moroso
29,4944.28,9,9.9,1,Universitario,13048.22,no_moroso
26,3246.12,1,30.8,0,Universitario,7144.86,moroso
45,14057.71,2,46.2,0,Tecnico,34173.08,moroso
66,1397.78,8,8.3,1,universitario,5522.51,no_moroso
69,11022.4,0,19.9,0,Universitario,27714.24,no_moroso
44,12892.6,0,2.6,1,Tecnico,31473.86,no_moroso
62,9415.78,1,38.3,0,Universitario,23869.69,moroso
43,7857.26,1,5.1,0,Posgrado,22555.37,no_moroso
26,12466.84,9,5.0,0,Secundaria,33030.54,no_moroso
54,5985.19,7,0.1,1,Tecnico,15620.26,no_moroso
46,7623.69,1,4.1,1,Universitario,19177.11,no_moroso
67,,0,0.9,1,Tecnico,23589.78,no_moroso
28,6152.87,9,5.6,1,Universitario,16111.6,no_moroso
69,877.24,6,11.4,1,Secundaria,970.17,no_moroso
48,4936.02,2,12.4,0,Universitario,13397.47,no_moroso
22,11847.84,2,0.9,1,Tecnico,28463.65,no_moroso
57,11006.58,6,6.5,0,Secundaria,29003.26,no_moroso
18,11038.77,8,0.7,1,Tecnico,28504.22,no_moroso
43,10753.87,9,13.8,0,Universitario,29024.41,no_moroso
40,2058.9,6,43.4,1,Secundaria,2493.28,moroso
41,7340.03,6,16.2,0,Secundaria,18509.79,no_moroso
36,11643.86,5,9.5,1,Universitario,29474.5,no_moroso
51,8944.91,3,5.2,0,Posgrado,25369.16,no_moroso
20,1768.81,3,39.5,0,Tecnico,2715.03,moroso
68,2393.08,3,54.6,1,Universitario,3765.41,moroso
19,8570.11,6,11.5,1,Tecnico,192016.72398688164,no_moroso
69,13939.24,3,22.9,0,Universitario,35511.35,no_moroso
37,11499.69,0,11.8,1,Universitario,27861.89,no_moroso
28,3474.44,0,38.8,0,Universitario,9008.74,moroso
25,4050.83,7,21.3,0,tecnico,10826.7,no_moroso
37,2502.84,0,0.1,0,Secundaria,6473.47,no_moroso
35,10696.73,6,3.2,0,Universitario,28982.34,no_moroso
57,7551.9,0,70.0,0,Universitario,17398.1,moroso
21,8743.39,2,,1,Posgrado,22055.49,moroso
38,13493.0,1,,1,Posgrado,34121.58,no_moroso
50,7922.27,2,,0,Universitario,20595.76,no_moroso
49,5645.66,4,19.2,1,Secundaria,12024.8,no_moroso
37,12916.63,7,47.3,1,Secundaria,29660.28,moroso
20,1059.63,8,41.1,0,Secundaria,2080.88,moroso
41,7004.08,4,11.1,1,Universitario,17704.11,no_moroso
58,10910.13,1,12.7,1,Universitario,26691.77,no_moroso
57,4916.37,4,25.7,1,Universitario,11293.8,no_moroso
30,7082.73,7,20.5,0,Universitario,19795.1,no_moroso
37,14213.87,1,,1,Tecnico,32811.04,moroso
41,5312.29,8,0.0,0,Secundaria,14663.46,no_moroso
39,6443.75,3,5.2,1,Posgrado,17372.42,no_moroso
55,2908.8,3,62.2,1,Tecnico,3265.22,moroso
51,12680.49,8,14.9,0,Posgrado,35898.54,no_moroso
62,13237.96,0,11.1,0,posgrado,35348.68,no_moroso
27,,9,0.1,1,Posgrado,26539.64,no_moroso
59,5126.91,4,1.5,0,Universitario,15705.06,no_moroso
47,14177.56,0,16.0,0,Secundaria,34403.58,no_moroso
20,10078.08,3,6.2,0,Universitario,27549.71,no_moroso
36,11125.58,0,10.8,1,Tecnico,26186.33,no_moroso
60,14098.44,6,7.0,0,Tecnico,35772.5,no_moroso
22,9002.34,2,12.5,1,Tecnico,20905.23,no_moroso
46,4859.19,6,10.4,0,SECUNDARIA,13611.4,no_moroso
36,11173.59,5,19.9,0,Tecnico,29120.09,no_moroso
22,2678.41,3,13.8,1,Tecnico,6201.19,no_moroso
48,,0,0.3,1,Tecnico,19433.77,no_moroso
68,8213.81,4,4.3,0,TECNICO,22011.79,no_moroso
51,13941.56,4,15.5,1,Universitario,35329.4,no_moroso
33,1486.82,2,10.8,0,Tecnico,5168.88,no_moroso
35,10691.92,4,23.9,1,Tecnico,25288.8,no_moroso
23,14600.14,8,18.6,1,Universitario,36860.91,no_moroso
22,8575.22,5,0.4,0,Posgrado,24976.66,no_moroso
24,5439.44,4,11.2,1,Secundaria,13748.98,no_moroso
38,6757.97,1,,1,Posgrado,17594.77,no_moroso
67,12190.01,5,19.1,0,Secundaria,29453.58,no_moroso
39,12732.97,0,12.9,0,Universitario,32354.92,no_moroso
57,5466.75,4,8.9,0,Posgrado,17815.55,no_moroso
38,12727.06,7,5.2,0,Universitario,34605.11,no_moroso
26,808.6,4,0.4,0,Tecnico,3739.98,no_moroso
44,13243.53,5,5.6,0,Universitario,34874.82,no_moroso
57,13778.26,4,11.8,0,Tecnico,35291.54,no_moroso
52,2673.61,1,48.0,0,Universitario,5443.62,moroso
58,1297.22,8,1.2,1,Universitario,5510.9,no_moroso
49,12290.98,9,10.4,1,Posgrado,33904.59,no_moroso
31,4345.94,3,12.0,0,Universitario,12417.99,no_moroso
20,4794.25,9,0.2,1,Posgrado,15049.7,no_moroso
40,5662.86,4,,0,Posgrado,17789.4,no_moroso
69,10513.36,6,5.2,0,Tecnico,27686.97,no_moroso
57,,8,11.3,0,Posgrado,9266.88,no_moroso
34,9719.01,6,1.5,0,Tecnico,25851.98,no_moroso
43,13852.85,2,0.5,1,Universitario,35381.08,no_moroso
41,14267.72,9,,1,Tecnico,36286.39,no_moroso
66,12084.27,1,10.4,0,Universitario,30637.36,no_moroso
60,14882.37,9,8.8,0,Universitario,40108.96,no_moroso
20,4016.41,3,49.7,0,Universitario,260011.81891786263,moroso
25,2203.96,6,15.7,1,Universitario,5615.81,no_moroso
46,5983.61,6,4.7,0,Tecnico,16100.64,no_moroso
47,4723.36,6,1.4,0,tecnico,13136.75,no_moroso
60,5678.91,8,0.8,0,Universitario,18453.13,no_moroso
51,13957.42,5,2.8,1,Universitario,36107.61,no_moroso
68,14474.7,3,7.6,1,Posgrado,37618.81,no_moroso
21,12350.19,2,13.1,0,Tecnico,31819.96,no_moroso
55,10788.08,9,13.1,0,Universitario,29728.39,no_moroso
37,9559.18,1,2.9,1,Tecnico,22548.13,no_moroso
26,11831.21,6,0.8,1,Secundaria,28782.68,no_moroso
57,1950.06,3,19.7,0,Secundaria,4814.93,no_moroso
43,4009.53,7,3.1,0,Universitario,12618.86,no_moroso
67,6229.18,3,27.1,0,Tecnico,15130.04,no_moroso
33,12020.43,9,38.9,0,Tecnico,30292.98,moroso
68,,0,0.5,1,Secundaria,32415.75,no_moroso
60,11136.14,5,33.9,1,posgrado,28733.4,moroso
51,,4,,1,Tecnico,15324.6,no_moroso
28,2829.14,5,0.0,1,Tecnico,7272.13,no_moroso
36,13173.78,4,15.9,0,Secundaria,33239.58,no_moroso
28,4425.06,1,,0,Universitario,13728.01,no_moroso
67,,2,7.0,0,universitario,25709.39,no_moroso
45,14808.8,0,,1,secundaria,35337.72,no_moroso
46,11086.06,9,3.2,1,Tecnico,27815.37,no_moroso
53,5763.78,3,6.2,0,Secundaria,14424.28,no_moroso
48,13914.18,6,5.3,0,Tecnico,35841.5,no_moroso
50,1063.74,2,20.5,0,Tecnico,2931.86,no_moroso
69,5436.46,3,10.1,0,Secundaria,14030.02,no_moroso
54,11145.14,2,8.9,0,Secundaria,27233.39,no_moroso
20,1859.18,3,13.7,0,Universitario,6343.24,no_moroso
42,10983.65,9,10.0,1,Universitario,29026.76,no_moroso
62,6100.61,0,0.1,1,Tecnico,14781.28,no_moroso
41,4786.83,8,56.8,0,Universitario,11828.5,moroso
18,,6,9.9,1,Universitario,17364.12,no_moroso
40,10227.4,4,42.3,1,Secundaria,23060.74,moroso
50,3213.33,2,10.9,0,Secundaria,8343.81,no_moroso
36,4881.22,4,,0,Tecnico,12129.76,no_moroso
26,2967.63,5,0.4,0,Universitario,9786.18,no_moroso
20,7922.99,9,2.8,1,Tecnico,20598.94,no_moroso
68,9951.3,3,16.9,0,Tecnico,24722.19,no_moroso
26,8869.78,9,40.7,0,Secundaria,21707.67,moroso
28,11434.54,3,0.9,0,Tecnico,29367.95,no_moroso
31,1578.72,4,,0,Secundaria,5502.89,no_moroso
46,13890.32,1,19.3,1,Secundaria,32656.68,no_moroso
28,12094.81,4,16.6,1,posgrado,31891.63,no_moroso
52,10378.49,2,0.7,1,Universitario,26648.46,no_moroso
42,5683.19,3,14.9,0,Secundaria,231985.12345469632,no_moroso
33,5191.68,4,12.5,0,Tecnico,13404.19,no_moroso
25,2306.34,0,1.6,0,Secundaria,5949.84,no_moroso
33,1981.93,3,7.8,0,Tecnico,6518.73,no_moroso
51,10287.03,4,4.9,1,Tecnico,24811.71,no_moroso
29,,9,32.3,0,Universitario,7608.77,moroso
65,5230.57,5,9.6,1,Tecnico,11973.47,no_moroso
34,10578.87,2,3.8,0,Universitario,27834.97,no_moroso
68,11739.52,2,5.0,0,Tecnico,29781.2,no_moroso
33,8658.86,1,,1,posgrado,21325.55,moroso
59,11817.06,9,19.4,0,Posgrado,32497.55,no_moroso
37,3312.59,7,3.8,0,Secundaria,9652.59,no_moroso
48,5432.85,6,4.0,1,Secundaria,12901.14,no_moroso
22,2753.81,6,10.3,0,Universitario,9902.01,no_moroso
67,12850.5,4,4.8,1,Tecnico,32355.12,no_moroso
39,2521.7,8,55.2,1,Universitario,5314.5,moroso
43,5888.1,1,0.6,1,Posgrado,15703.48,no_moroso
38,9973.48,4,2.3,0,Secundaria,25525.48,no_moroso
59,9004.0,1,26.3,1,Tecnico,20932.99,no_moroso
23,4857.64,0,7.8,1,Posgrado,13433.32,no_moroso
39,13209.28,8,3.4,0,Secundaria,34644.16,no_moroso
62,6852.93,0,22.2,0,Secundaria,15808.17,no_moroso
30,8911.55,4,39.9,1,Universitario,22420.28,moroso
59,6292.73,9,10.3,0,Posgrado,20177.79,no_moroso
42,3565.3,7,18.7,0,Secundaria,9604.11,no_moroso
51,1595.75,4,5.6,1,Posgrado,5319.11,no_moroso
24,3494.54,6,1.1,1,Tecnico,9472.36,no_moroso
24,9284.85,7,10.2,0,Tecnico,24919.69,no_moroso
68,5996.27,0,,0,Universitario,15862.52,no_moroso
48,1902.94,5,19.5,0,Secundaria,4529.67,no_moroso
64,1308.6,6,11.8,1,Universitario,3302.51,no_moroso
54,4551.2,3,6.5,1,Posgrado,12321.23,no_moroso
54,4202.24,7,18.9,1,Tecnico,253099.7812011195,no_moroso
64,2032.5,1,19.4,1,Posgrado,5473.66,no_moroso
59,7551.89,6,14.2,0,Secundaria,18974.32,no_moroso
20,3123.14,3,13.1,0,Universitario,9770.87,no_moroso
63,2534.65,8,11.1,0,Secundaria,8184.31,no_moroso
69,,6,31.3,1,Posgrado,37354.76,moroso
69,,8,9.2,0,Posgrado,32541.44,no_moroso
33,11425.07,9,4.4,0,Tecnico,32129.77,no_moroso
27,10826.75,8,21.7,0,Tecnico,28068.0,no_moroso
52,11801.54,2,1.2,1,Tecnico,28380.6,no_moroso
56,10341.97,9,7.8,1,Universitario,26710.02,no_moroso
66,8429.14,0,6.2,0,TECNICO,21426.24,no_moroso
27,7513.69,7,27.4,1,Tecnico,17184.92,no_moroso
27,11144.81,6,8.5,0,Tecnico,29342.57,no_moroso
34,3295.05,1,4.2,0,Secundaria,223963.4680199288,no_moroso
59,8582.49,5,16.9,0,Tecnico,21976.86,no_moroso
20,2430.75,0,57.7,0,Universitario,5093.48,moroso
46,3374.35,3,9.7,0,Universitario,9565.67,no_moroso
42,7782.46,8,7.2,0,Universitario,22041.75,no_moroso
61,5291.16,0,16.6,1,Posgrado,13837.58,no_moroso
28,11350.84,8,17.1,1,Tecnico,28046.19,no_moroso
62,9480.2,6,4.8,0,Secundaria,24503.17,no_moroso
37,4123.98,8,2.9,0,Secundaria,12024.8,no_moroso
37,7263.88,3,7.6,1,Tecnico,16954.61,no_moroso
40,4014.44,9,24.8,0,Universitario,11648.45,no_moroso
35,5835.17,4,2.2,1,Tecnico,14142.42,no_moroso
66,7473.17,9,30.1,0,Secundaria,19325.86,moroso
24,10697.38,6,2.7,0,Secundaria,27445.52,no_moroso
54,14601.17,2,2.4,1,Secundaria,35354.49,no_moroso
69,4636.94,5,0.4,0,Universitario,13949.45,no_moroso
45,6236.32,4,6.0,1,Universitario,16248.28,no_moroso
51,9424.54,0,20.1,1,Universitario,21954.77,no_moroso
42,7757.27,0,0.5,0,Universitario,20319.83,no_moroso
54,5792.8,8,13.0,1,TECNICO,14578.46,no_moroso
53,1321.47,1,4.8,0,Tecnico,244104.13091807472,no_moroso
35,1939.59,7,24.9,1,Tecnico,4486.93,no_moroso
61,5291.16,0,16.6,1,Posgrado,13837.58,no_moroso
60,13998.97,8,0.6,0,Universitario,36800.43,no_moroso
38,14849.08,8,0.7,1,Universitario,38947.54,no_moroso
66,14609.67,6,,0,Tecnico,37596.22,no_moroso
61,3850.71,5,7.6,0,Universitario,12467.62,no_moroso
23,1829.98,6,3.0,0,Tecnico,5825.19,no_moroso
46,6408.46,8,1.7,0,Tecnico,17510.11,no_moroso
23,2882.92,7,16.1,1,Secundaria,6310.17,no_moroso
48,12247.04,2,18.4,1,Tecnico,29287.36,no_moroso
64,6074.3,3,12.3,1,Tecnico,13939.69,no_moroso
53,9844.07,4,0.3,1,Universitario,25985.49,no_moroso
29,,1,1.9,1,Universitario,9078.95,no_moroso
29,3518.02,0,11.2,0,Universitario,9457.5,no_moroso
46,1547.06,5,28.4,1,Secundaria,1275.18,no_moroso
29,2572.1,2,13.0,0,Universitario,7619.03,no_moroso
59,14749.29,1,15.9,1,Tecnico,34461.72,no_moroso
54,12827.23,8,0.5,0,Universitario,35170.01,no_moroso
37,10411.03,7,9.2,1,Secundaria,25387.51,no_moroso
39,2555.1,0,,1,Posgrado,7373.97,no_moroso
52,3991.64,5,32.4,0,Tecnico,10459.94,moroso
47,3559.03,0,3.2,1,Universitario,8316.42,no_moroso
36,,0,28.4,0,Universitario,13847.82,no_moroso
41,5040.17,1,20.5,1,Tecnico,10846.49,no_moroso
47,868.39,7,0.8,0,Tecnico,3806.27,no_moroso
47,,1,1.7,1,Universitario,15188.04,no_moroso
49,5136.13,2,1.1,1,Tecnico,12220.6,no_moroso
35,13164.61,0,17.6,0,Posgrado,34228.36,no_moroso
47,4767.13,7,3.9,1,Universitario,12775.92,no_moroso
33,13170.87,7,16.7,0,Secundaria,33464.53,no_moroso
25,12255.82,6,18.5,0,Tecnico,31844.82,no_moroso
18,2979.53,7,0.4,0,Posgrado,11267.49,no_moroso
52,7735.69,7,40.9,1,Tecnico,18361.96,moroso
25,1415.68,3,22.2,0,Tecnico,4118.42,no_moroso
19,13378.36,6,,0,Tecnico,36257.0,no_moroso
20,12823.4,9,18.2,0,Universitario,34297.8,no_moroso
40,3166.47,8,104.9,0,Universitario,6034.94,moroso
57,11069.73,4,15.7,0,Universitario,28700.53,no_moroso
47,6599.04,3,43.1,0,Universitario,15089.37,moroso
38,4253.92,1,19.6,1,Secundaria,8567.97,no_moroso
19,,9,2.8,1,Universitario,23023.76,no_moroso
47,4823.61,9,10.5,0,Secundaria,14205.65,no_moroso
57,5912.54,8,23.1,0,Tecnico,16373.69,no_moroso
47,3885.59,6,,0,Tecnico,10845.74,no_moroso
37,2980.9,6,2.6,0,Universitario,9318.79,no_moroso
33,4253.4,8,,0,Posgrado,15524.16,no_moroso
23,4676.92,1,28.0,0,Tecnico,11110.18,no_moroso
65,13033.41,3,23.6,0,Secundaria,32479.1,no_moroso
60,2335.38,9,10.1,1,Tecnico,5988.53,no_moroso
67,12545.23,3,4.4,0,Tecnico,31898.15,no_moroso
66,2214.25,2,6.7,1,Universitario,4899.02,no_moroso
40,6913.55,0,11.2,0,Tecnico,17239.48,no_moroso
68,12618.94,2,22.4,0,Universitario,32729.69,no_moroso
68,13469.37,8,28.9,0,Universitario,35207.9,no_moroso
48,1303.08,6,15.3,0,Secundaria,3580.82,no_moroso
61,11856.55,3,1.1,1,Secundaria,28619.95,no_moroso
64,2930.74,2,8.7,1,Tecnico,6503.41,no_moroso
57,6352.14,4,11.1,1,Universitario,15583.96,no_moroso
35,9713.81,1,21.4,1,Secundaria,22582.7,no_moroso
26,2428.98,3,27.2,0,Universitario,6714.34,no_moroso
61,9301.11,6,23.5,0,Universitario,25231.83,no_moroso
49,11140.57,4,2.7,0,Posgrado,31219.26,no_moroso
51,9560.12,3,7.9,0,POSGRADO,26827.54,no_moroso
37,,7,,0,Universitario,32645.83,no_moroso
31,14928.02,7,0.6,1,Tecnico,37650.02,no_moroso
58,9459.35,6,0.5,0,Universitario,26477.73,no_moroso
60,5523.6,0,,0,Tecnico,13101.19,no_moroso
43,13545.03,2,,0,Universitario,36516.86,no_moroso
26,12854.78,4,18.5,1,Secundaria,30380.28,no_moroso
24,,3,3.8,1,Universitario,29170.41,no_moroso
46,6533.4,8,42.6,1,universitario,16446.75,moroso
37,5976.68,9,8.3,0,Secundaria,15531.79,no_moroso
61,9871.32,6,18.4,1,Universitario,223595.16672333505,no_moroso
39,10478.82,5,9.8,1,Universitario,26343.87,no_moroso
26,2659.07,4,6.0,0,Universitario,8007.21,no_moroso
45,9284.92,6,32.2,1,Tecnico,21199.88,moroso
25,4682.16,0,11.7,0,Secundaria,11701.2,no_moroso
40,6562.16,2,6.2,0,Universitario,17823.57,no_moroso
56,8704.98,3,10.9,0,Universitario,24087.88,no_moroso
58,14542.0,1,3.1,0,Tecnico,37530.94,no_moroso
26,,2,2.0,0,Secundaria,12460.96,no_moroso
18,13739.94,0,0.1,0,Universitario,36010.62,no_moroso
37,1496.9,1,,1,Posgrado,4544.28,no_moroso
44,6642.25,3,10.9,0,Tecnico,16602.57,no_moroso
46,2425.12,8,4.1,0,Posgrado,10881.25,no_moroso
25,9819.11,4,7.1,0,Secundaria,24930.83,no_moroso
48,1860.27,8,,0,Universitario,8971.45,no_moroso
55,9655.61,0,,1,Tecnico,23233.91,no_moroso
46,2304.82,0,14.1,1,Tecnico,4398.02,no_moroso
30,,6,,0,Universitario,36857.91,no_moroso
57,12132.36,4,12.2,0,Posgrado,34274.9,no_moroso
60,,5,9.8,0,Tecnico,3883.18,no_moroso
53,8639.57,3,16.5,0,Universitario,22952.07,no_moroso
39,14082.14,5,14.8,0,Secundaria,35271.16,no_moroso
48,12883.33,1,18.7,1,Universitario,31586.91,no_moroso
40,4619.56,3,29.8,1,POSGRADO,11968.1,no_moroso
59,2470.59,1,8.4,0,Universitario,7688.77,no_moroso
43,9938.26,5,5.1,1,Universitario,24822.77,no_moroso
28,9664.39,6,14.8,0,Secundaria,24580.49,no_moroso
55,12585.6,2,2.6,0,Posgrado,34990.59,no_moroso
68,8322.66,9,13.8,0,Tecnico,22364.95,no_moroso
45,915.15,1,30.2,0,Universitario,2325.56,moroso
18,10918.56,5,5.1,0,Posgrado,30741.58,no_moroso
40,4279.77,1,,0,Universitario,12658.1,no_moroso
43,2013.68,9,0.9,1,Tecnico,6317.27,no_moroso
37,4377.69,4,3.8,1,Universitario,12132.25,no_moroso
31,,8,15.7,0,Tecnico,37167.4,no_moroso
35,12687.99,4,18.8,1,Tecnico,30883.55,no_moroso
19,9933.84,5,29.7,1,Universitario,24219.08,no_moroso
57,7430.57,3,10.2,1,Universitario,19117.47,no_moroso
54,7177.24,0,1.3,0,Tecnico,17941.05,no_moroso
69,6655.44,0,4.1,0,Secundaria,16121.12,no_moroso
42,2626.51,3,1.9,1,Posgrado,7844.99,no_moroso
69,5006.48,6,7.7,1,Universitario,12644.5,no_moroso
47,6186.01,3,1.8,1,Secundaria,13929.35,no_moroso
35,13800.8,0,2.3,1,Tecnico,33766.0,no_moroso
51,14398.62,9,43.3,0,Tecnico,35957.48,moroso
60,5909.57,7,,0,Posgrado,17930.24,no_moroso
28,5123.45,7,31.3,1,Universitario,11629.88,moroso
65,14798.8,8,24.4,0,Universitario,39031.72,no_moroso
18,9673.07,8,14.0,0,Universitario,27825.02,no_moroso
59,12287.05,7,0.1,0,Tecnico,32675.55,no_moroso
65,7444.9,5,23.3,1,Universitario,18801.67,no_moroso
49,1694.36,9,23.7,0,Posgrado,8316.26,no_moroso
68,4634.91,1,42.5,0,Universitario,10958.54,moroso
25,4759.59,4,10.0,1,Tecnico,10855.74,no_moroso
58,13590.51,6,15.1,0,Tecnico,34239.69,no_moroso
51,11186.63,6,14.7,1,Secundaria,26195.6,no_moroso
62,10819.22,1,6.9,0,Universitario,28064.78,no_moroso
25,1005.67,2,16.7,1,Secundaria,200.0,no_moroso
41,,5,12.3,1,Tecnico,27341.14,no_moroso
44,9550.65,2,,0,Secundaria,23360.86,no_moroso
64,8484.11,1,7.7,0,Universitario,22637.54,no_moroso
30,4016.69,4,29.0,0,Universitario,10469.83,no_moroso
61,12979.65,9,1.6,1,Posgrado,36257.32,no_moroso
55,8108.16,1,2.2,1,Universitario,20517.69,no_moroso
38,13300.35,3,25.0,1,Universitario,32132.52,no_moroso
39,,2,25.0,1,Posgrado,14484.25,no_moroso
26,12842.11,3,0.5,1,Posgrado,34173.8,no_moroso
23,13447.33,1,0.8,0,Tecnico,33795.56,no_moroso
40,12493.18,6,40.1,0,Universitario,31514.63,moroso
41,10445.11,8,12.8,1,Secundaria,25855.18,no_moroso
63,10441.82,6,,0,TECNICO,26250.6,no_moroso
58,8231.58,7,11.0,1,POSGRADO,22896.73,no_moroso
62,4281.41,2,5.3,0,Universitario,12395.25,no_moroso
52,5367.05,0,1.0,0,Posgrado,17452.64,no_moroso
65,2323.91,8,5.0,0,Secundaria,6757.9,no_moroso
50,10916.31,2,2.5,1,Tecnico,27212.54,no_moroso
31,12901.56,9,19.4,0,Tecnico,34080.53,no_moroso
47,1981.74,2,21.0,0,Tecnico,4054.91,no_moroso
61,3528.61,3,17.9,0,Universitario,10762.75,no_moroso
68,14544.81,3,13.5,1,Tecnico,35575.73,no_moroso
28,4077.61,6,20.2,1,Universitario,10016.59,no_moroso
48,8035.37,4,10.0,1,Posgrado,21147.7,no_moroso
25,8531.18,0,40.1,1,Universitario,19990.67,moroso
21,2210.79,5,0.3,0,Tecnico,7381.25,no_moroso
50,11181.89,2,61.0,0,Secundaria,25005.06,moroso
44,6871.73,3,11.4,0,Secundaria,17135.5,no_moroso
64,,3,5.8,0,Universitario,33741.56,no_moroso
29,2430.93,7,5.5,1,Universitario,6441.4,no_moroso
65,9172.4,3,5.1,1,Universitario,23614.28,no_moroso
24,12534.71,2,,0,Universitario,33048.54,no_moroso
38,10024.56,0,21.4,0,Universitario,25292.02,no_moroso
58,1709.77,3,7.4,0,Secundaria,4380.72,no_moroso
32,1242.7,3,2.2,0,Tecnico,4389.85,no_moroso
48,2765.8,8,13.6,0,Universitario,9889.18,no_moroso
35,13369.99,4,23.3,0,Universitario,34128.29,no_moroso
21,7784.53,3,27.1,0,Secundaria,19192.22,no_moroso
50,3590.12,0,26.5,0,Posgrado,10515.86,no_moroso
65,1811.14,7,,1,Universitario,5398.38,no_moroso
63,10507.79,5,6.0,1,Posgrado,27634.14,no_moroso
24,1714.73,8,13.7,0,Universitario,7110.76,no_moroso
56,3738.12,8,47.1,0,Secundaria,8795.98,moroso
18,12611.42,9,63.6,0,Secundaria,31171.5,moroso
36,6723.3,1,50.7,1,Posgrado,15872.89,moroso
62,4231.18,6,11.2,0,Secundaria,11737.8,no_moroso
59,14660.88,8,6.9,1,Tecnico,36742.51,no_moroso
18,3833.11,1,16.1,1,Tecnico,8256.08,no_moroso
46,10303.02,7,,0,Universitario,28367.02,no_moroso
64,9224.88,2,9.2,0,posgrado,26092.31,no_moroso
23,5671.51,5,5.1,1,Tecnico,13884.36,no_moroso
20,6116.59,7,1.2,1,Secundaria,14990.36,no_moroso
56,11701.86,1,62.9,1,Tecnico,25717.65,moroso
40,4320.98,1,11.6,1,Secundaria,9440.65,no_moroso
48,14695.66,5,12.0,0,Secundaria,36994.02,no_moroso
46,12527.93,3,,0,Tecnico,32776.95,no_moroso
35,13166.72,6,13.9,1,Tecnico,32097.79,no_moroso
29,14840.98,7,2.4,0,Universitario,39651.65,no_moroso
35,12444.41,4,3.7,1,Universitario,279901.13149643847,no_moroso
47,5471.19,7,,0,Tecnico,15207.06,no_moroso
33,4243.72,6,10.1,1,Posgrado,13024.54,no_moroso
55,14650.85,7,2.9,1,Tecnico,36535.47,no_moroso
46,14604.52,1,9.9,0,Tecnico,36732.99,no_moroso
43,4196.35,9,39.5,0,Posgrado,14428.52,moroso
63,14600.11,6,15.5,0,Secundaria,36275.08,no_moroso
35,3623.01,3,30.9,1,Secundaria,6204.13,moroso
29,2157.96,2,2.9,0,Tecnico,6355.41,no_moroso
46,5892.76,2,6.4,1,Tecnico,14238.98,no_moroso
51,1014.78,1,1.3,0,Universitario,3839.03,no_moroso
36,11754.59,6,3.0,1,Universitario,31187.4,no_moroso
62,5653.07,2,1.8,0,Secundaria,15020.89,no_moroso
26,9052.48,2,17.5,1,Posgrado,22848.47,no_moroso
62,1913.18,6,16.8,0,Secundaria,5196.17,no_moroso
34,3319.37,9,47.7,0,Tecnico,8180.98,moroso
63,980.93,3,6.1,0,Tecnico,3034.79,no_moroso
39,2859.29,5,32.5,1,TECNICO,5846.15,moroso
20,12590.18,7,125.0,0,Universitario,28134.91,moroso
57,4809.37,3,3.4,0,Universitario,12977.12,no_moroso
42,2539.49,2,18.4,0,Universitario,6769.61,no_moroso
37,14561.57,5,4.4,0,Universitario,39455.3,no_moroso
61,,5,7.9,1,Tecnico,31713.53,no_moroso
54,3618.46,4,16.9,0,Universitario,9698.85,no_moroso
22,7855.77,5,15.6,1,Tecnico,18426.14,no_moroso
38,,5,14.5,0,Universitario,32071.09,no_moroso
43,3987.16,7,29.4,1,Secundaria,8188.57,no_moroso
69,9649.68,6,77.3,1,Universitario,21365.08,moroso
31,,4,2.2,1,Tecnico,7714.83,no_moroso
60,13413.64,9,7.3,0,Universitario,36220.76,no_moroso
22,8922.3,3,0.8,1,Posgrado,23662.65,no_moroso
64,3578.21,7,7.0,1,UNIVERSITARIO,10167.42,no_moroso
53,2744.59,4,47.3,1,Posgrado,7681.04,moroso
44,9376.5,3,7.8,0,Posgrado,26291.37,no_moroso
32,8386.63,3,7.0,1,tecnico,20540.67,no_moroso
23,6478.5,8,5.1,0,Tecnico,17750.13,no_moroso
54,11332.78,2,0.0,1,Secundaria,27066.0,no_moroso
40,14778.93,4,,1,Posgrado,38602.67,no_moroso
21,,5,23.7,1,Secundaria,11874.99,no_moroso
43,6308.83,4,13.4,0,Tecnico,16733.0,no_moroso
61,11014.44,2,4.5,1,Posgrado,28722.76,no_moroso
43,5901.54,6,0.4,0,Tecnico,16078.25,no_moroso
50,10660.92,5,28.5,0,Tecnico,26756.52,no_moroso
28,9046.78,0,14.0,0,Secundaria,21970.81,no_moroso
24,2903.53,9,12.1,1,Secundaria,7262.88,no_moroso
50,5149.28,4,9.4,0,Posgrado,16796.08,no_moroso
67,,1,36.7,1,UNIVERSITARIO,12820.96,moroso
36,2646.13,1,4.6,1,Universitario,6654.54,no_moroso
45,3592.4,4,4.9,1,Universitario,9192.74,no_moroso
64,7777.91,3,5.4,0,Universitario,20941.63,no_moroso
62,6356.15,7,,0,Secundaria,15787.87,no_moroso
69,3238.5,2,23.0,1,Tecnico,5766.3,no_moroso
33,10266.92,0,16.3,0,Universitario,26339.47,no_moroso
42,9986.26,5,0.4,1,Universitario,25775.03,no_moroso
47,11025.38,5,,1,Secundaria,27286.05,no_moroso
52,,8,14.8,0,Tecnico,23189.75,no_moroso
31,11283.09,8,0.6,1,Universitario,30301.98,no_moroso
26,5340.1,9,19.6,0,Tecnico,14508.07,no_moroso
39,12215.17,0,11.8,0,Tecnico,30932.43,no_moroso
39,14700.41,2,11.3,1,Posgrado,38653.74,no_moroso
56,2176.04,6,23.9,1,Tecnico,4320.68,no_moroso
51,7756.1,8,,0,Secundaria,20044.12,no_moroso
61,11726.21,7,0.3,0,Tecnico,31542.37,no_moroso
22,9897.01,1,,1,Tecnico,22014.71,moroso
62,10494.46,7,19.8,1,Posgrado,27595.77,no_moroso
68,4753.65,2,1.2,1,Universitario,12108.5,no_moroso
64,5005.99,7,,1,Tecnico,11288.26,no_moroso
41,,2,3.9,1,Tecnico,1126.75,no_moroso
54,9594.98,8,20.1,1,Posgrado,26566.89,no_moroso
64,6738.09,4,22.8,1,Universitario,15467.22,no_moroso
19,2728.88,0,8.5,1,Universitario,6614.32,no_moroso
58,13067.63,9,23.0,0,Tecnico,34123.19,no_moroso
68,,9,3.3,0,Tecnico,23241.67,no_moroso
69,7303.62,6,14.2,1,Secundaria,17423.01,no_moroso
45,7835.82,4,20.2,0,Universitario,19477.79,no_moroso
20,9665.24,1,4.1,0,Tecnico,25115.89,no_moroso
22,1305.87,0,31.2,1,Tecnico,200.0,moroso
27,8980.76,6,17.4,1,Posgrado,24790.61,no_moroso
37,9275.98,3,9.5,0,Posgrado,26550.64,no_moroso
62,10656.18,0,16.7,0,Secundaria,25669.1,no_moroso
57,13891.79,0,,1,Tecnico,32360.23,no_moroso
40,12341.72,7,2.3,0,Secundaria,32296.76,no_moroso
60,4080.53,6,,1,Secundaria,9344.16,no_moroso
34,,4,1.9,0,POSGRADO,21619.99,no_moroso
34,6692.27,8,24.2,0,Posgrado,19825.53,no_moroso
44,,0,7.7,1,POSGRADO,7487.99,no_moroso
32,9379.09,5,1.5,0,Tecnico,24766.73,no_moroso
43,7680.88,7,,0,Tecnico,21939.55,no_moroso
40,9023.91,8,14.2,0,Tecnico,23632.34,no_moroso
63,5836.98,6,2.8,0,Tecnico,14831.74,no_moroso
52,13338.11,1,7.5,1,Posgrado,35359.59,no_moroso
35,10879.52,7,23.2,0,Secundaria,27100.85,no_moroso
19,7692.95,4,18.3,1,Universitario,19041.75,no_moroso
38,9502.21,6,,0,Universitario,25089.81,moroso
21,12383.9,3,0.4,0,Secundaria,31830.46,no_moroso
18,5088.15,9,6.6,1,Universitario,13651.03,no_moroso
67,4454.63,8,3.6,0,Posgrado,15527.96,no_moroso
65,4994.63,5,12.2,0,Universitario,14939.07,no_moroso
46,11471.54,4,8.9,1,Tecnico,27447.53,no_moroso
56,2724.88,1,1.3,0,Secundaria,6651.19,no_moroso
38,4029.13,6,30.0,1,Tecnico,8731.88,no_moroso
42,14625.8,3,,0,Tecnico,36095.85,no_moroso
20,5796.51,3,41.3,0,Universitario,14768.47,moroso
58,6415.0,7,6.4,1,Tecnico,15156.31,no_moroso
56,13690.78,5,15.9,0,Universitario,35688.75,no_moroso
18,,7,11.9,1,Universitario,13344.23,no_moroso
37,,4,11.4,0,Universitario,26192.4,no_moroso
22,11237.47,0,1.2,1,Tecnico,27013.18,no_moroso
59,3176.29,0,2.3,1,Secundaria,6798.72,no_moroso
61,2563.21,7,3.1,0,Secundaria,7814.79,no_moroso
37,9779.31,9,27.0,1,Secundaria,23568.65,no_moroso
38,12094.34,7,12.7,0,Tecnico,31401.48,no_moroso
22,14399.51,4,16.4,1,Universitario,36732.01,no_moroso
49,,5,14.1,0,Universitario,27721.41,no_moroso
64,13117.98,1,20.0,0,Universitario,33065.1,no_moroso
35,13131.69,9,29.2,1,Universitario,33372.27,no_moroso
19,8112.81,9,3.9,1,Posgrado,22593.89,no_moroso
36,14729.6,9,9.1,0,Secundaria,37969.08,no_moroso
45,3764.23,0,,1,Secundaria,7409.7,no_moroso
63,10445.42,5,20.1,0,Tecnico,26190.86,no_moroso
40,6855.56,1,20.3,1,Secundaria,14725.78,no_moroso
20,13449.9,9,0.7,1,Posgrado,37286.79,no_moroso
57,1714.58,7,11.8,1,Secundaria,3269.54,no_moroso
43,6680.66,3,12.9,1,Posgrado,18277.14,no_moroso
62,9185.27,7,1.5,0,Tecnico,25206.98,no_moroso
66,14066.05,0,9.3,0,Secundaria,33785.7,no_moroso
34,7634.89,7,,0,Universitario,21341.68,no_moroso
46,,3,13.0,1,Universitario,9345.49,no_moroso
45,7097.74,5,,1,Tecnico,17656.22,no_moroso
52,,7,25.5,1,Tecnico,30955.08,no_moroso
50,3101.0,7,3.1,1,Tecnico,8554.54,no_moroso
60,11997.63,2,20.5,0,Posgrado,31558.74,no_moroso
59,4417.3,4,10.4,1,Secundaria,10424.43,no_moroso
47,6488.85,8,12.5,0,Secundaria,17598.06,no_moroso
33,2951.19,9,20.3,1,Universitario,7859.9,no_moroso
26,10922.21,1,8.3,1,Tecnico,26542.55,no_moroso
64,4164.69,3,36.7,0,Secundaria,8924.03,moroso
48,13738.36,0,16.1,0,Secundaria,33509.66,no_moroso
45,1718.73,2,9.4,1,Universitario,3956.01,no_moroso
28,12659.97,3,36.0,1,Universitario,30576.62,moroso
38,11059.98,2,25.0,1,Tecnico,26447.47,no_moroso
52,7039.43,8,24.3,0,Tecnico,18255.25,no_moroso
22,3172.56,7,2.9,1,Secundaria,9075.65,no_moroso
31,3776.73,8,7.4,0,Secundaria,10761.56,no_moroso
48,1646.26,6,18.8,1,Posgrado,6126.82,no_moroso
58,1171.22,8,1.5,0,Secundaria,4989.13,no_moroso
43,996.96,0,17.4,1,Tecnico,200.0,no_moroso
28,6948.41,1,41.9,1,Tecnico,14474.8,moroso
33,7366.19,5,19.7,0,Posgrado,22032.05,no_moroso
29,3467.64,8,8.4,1,Tecnico,9317.34,no_moroso
57,13950.35,5,9.0,1,Tecnico,34570.5,no_moroso
69,3181.46,5,,0,Universitario,8857.85,no_moroso
26,,0,12.5,1,Posgrado,20405.89,no_moroso
43,1925.3,1,12.5,0,Tecnico,5494.07,no_moroso
62,2818.78,8,6.1,1,Universitario,8093.41,no_moroso
20,4600.93,5,57.4,0,Universitario,11207.32,moroso
34,951.67,9,8.1,0,Secundaria,4311.19,no_moroso
62,13635.43,3,17.9,1,Tecnico,33223.54,no_moroso
41,6500.2,9,23.8,1,Posgrado,18259.51,no_moroso
35,6815.61,3,7.2,1,Secundaria,15283.34,no_moroso
54,13568.92,2,74.5,0,Universitario,32134.59,moroso
38,14073.11,7,6.4,0,Posgrado,39101.89,no_moroso
31,3128.73,1,21.7,1,Universitario,7021.16,no_moroso
19,6107.74,8,7.8,1,Tecnico,15135.9,no_moroso
69,4603.98,3,6.2,0,Secundaria,11992.47,no_moroso
22,5872.82,0,10.6,0,UNIVERSITARIO,16679.09,no_moroso
32,7189.29,4,1.2,0,Posgrado,20674.77,no_moroso
18,8288.97,0,13.6,0,Universitario,21125.98,no_moroso
40,13512.78,5,25.1,0,Universitario,34074.1,no_moroso
45,12815.78,7,17.0,0,Universitario,34496.23,no_moroso
44,14754.58,6,21.8,0,Secundaria,37111.56,no_moroso
59,7917.36,3,12.9,1,Posgrado,20991.37,no_moroso
18,2756.99,7,5.7,0,Secundaria,8840.0,no_moroso
52,12227.82,0,0.6,1,Secundaria,28096.93,no_moroso
43,10650.34,2,10.7,1,Tecnico,25422.87,no_moroso
31,,5,1.7,0,Secundaria,24776.83,no_moroso
31,2267.11,5,13.5,0,Tecnico,6671.21,no_moroso
25,5280.62,1,46.7,1,Secundaria,10581.05,moroso
66,9311.59,2,15.3,0,Universitario,24116.63,no_moroso
33,10280.99,2,7.9,1,Tecnico,25011.76,no_moroso
56,13413.55,7,12.5,0,Tecnico,35014.48,no_moroso
46,13275.09,6,2.0,1,Secundaria,32580.64,no_moroso
21,2114.55,1,,0,Tecnico,4946.84,no_moroso
62,,5,1.5,0,Tecnico,3483.44,no_moroso
53,9607.04,1,14.1,0,Tecnico,24495.02,no_moroso
50,3070.47,1,30.4,0,Posgrado,9492.51,moroso
63,9976.7,8,5.0,1,Tecnico,25452.33,no_moroso
67,12952.29,8,5.8,0,Posgrado,35640.93,no_moroso
42,2123.28,6,15.2,0,Secundaria,4884.68,no_moroso
56,12091.76,4,30.0,1,Universitario,30110.35,no_moroso
65,4794.47,3,5.4,0,Tecnico,13498.6,no_moroso
45,13000.55,3,61.2,1,Secundaria,28615.53,moroso
56,12935.72,9,26.7,1,Secundaria,31390.97,no_moroso
64,4296.0,4,5.8,1,Tecnico,10094.32,no_moroso
53,12189.16,7,0.2,0,Secundaria,31890.02,no_moroso
46,12935.48,0,2.4,1,Posgrado,34160.35,no_moroso
43,14234.24,2,,0,Posgrado,38094.57,no_moroso
48,10691.39,5,38.9,0,Universitario,28064.99,moroso
64,9509.31,3,4.3,0,Posgrado,27618.02,no_moroso
19,1090.63,3,2.5,0,Universitario,4189.72,no_moroso
29,5330.37,6,8.8,0,Universitario,15441.43,no_moroso
56,11863.2,3,13.0,1,Tecnico,29324.76,no_moroso
31,9070.8,6,26.4,1,Universitario,23225.84,no_moroso
51,1546.8,2,,1,Posgrado,6455.5,no_moroso
19,9805.64,6,6.1,1,Tecnico,25232.36,no_moroso
42,1177.95,4,6.9,0,Universitario,4872.23,no_moroso
20,7716.8,3,4.1,0,Tecnico,20634.25,no_moroso
50,9388.41,6,28.7,1,Tecnico,22387.65,no_moroso
68,8593.22,5,12.9,0,Universitario,23960.74,no_moroso
21,2658.03,7,11.7,1,Posgrado,9225.56,no_moroso
67,1410.11,6,31.3,1,Tecnico,2032.7,moroso
43,5071.42,5,,1,Universitario,12613.83,no_moroso
52,,2,,1,Tecnico,260079.09126530503,no_moroso
64,12334.53,5,4.3,0,Tecnico,33217.55,no_moroso
55,8839.97,5,1.7,0,Posgrado,26021.06,no_moroso
64,4073.61,2,56.9,0,Universitario,9102.08,moroso
44,13382.82,8,14.4,0,Universitario,35795.53,no_moroso
60,7265.85,8,3.2,0,Secundaria,255194.60135283717,no_moroso
47,13000.81,5,6.7,0,Tecnico,33787.31,no_moroso
29,10706.7,3,22.2,1,Tecnico,24363.35,no_moroso
39,12220.29,6,30.4,0,Tecnico,30953.79,moroso
53,4816.56,1,2.8,1,Posgrado,13299.57,no_moroso
29,8059.02,4,2.6,0,Posgrado,24299.82,no_moroso
32,14533.76,6,9.3,0,Universitario,38536.64,no_moroso
19,9314.31,3,4.8,1,Universitario,183064.8844275987,no_moroso
25,4357.54,7,7.2,0,Universitario,13283.83,no_moroso
30,,6,5.9,1,Tecnico,36266.28,no_moroso
28,,9,2.0,0,Secundaria,199428.24131018558,no_moroso
34,3942.14,4,0.6,1,Universitario,10966.95,no_moroso
67,13238.64,1,1.7,0,Tecnico,33720.9,no_moroso
69,8462.66,1,45.8,0,Universitario,19672.31,moroso
66,6439.37,8,3.1,1,Tecnico,17790.37,no_moroso
60,1606.32,7,43.5,1,Secundaria,2303.91,moroso
65,4486.21,6,3.2,0,Universitario,13616.98,no_moroso
28,6334.23,3,5.9,0,Secundaria,16309.24,no_moroso
67,1234.65,8,28.6,0,Universitario,4288.31,no_moroso
44,7871.4,3,6.6,1,Tecnico,18879.79,no_moroso
30,12378.22,1,5.8,0,Tecnico,30701.01,no_moroso
32,5861.93,6,0.5,0,Posgrado,17906.99,no_moroso
31,,1,16.3,0,Universitario,31461.18,no_moroso
64,5569.82,3,10.5,1,Universitario,14115.93,no_moroso
29,7896.31,8,3.0,0,Secundaria,21094.09,no_moroso
26,12490.07,7,12.0,0,Tecnico,32476.19,no_moroso
65,5978.19,2,1.2,0,Universitario,17053.24,no_moroso
69,14095.0,0,12.6,1,Posgrado,35419.61,no_moroso
34,9767.18,2,18.0,1,Universitario,24090.58,no_moroso
29,13555.53,0,13.1,1,SECUNDARIA,31619.86,no_moroso
20,8444.61,0,2.3,1,Universitario,20894.23,no_moroso
59,3833.44,0,3.0,0,Secundaria,9198.57,no_moroso
37,7207.7,1,34.9,0,Universitario,17605.58,moroso
30,6626.66,2,4.3,0,Tecnico,17363.36,no_moroso
20,6710.7,6,54.5,0,Universitario,17861.41,moroso
40,13537.2,0,27.8,0,Tecnico,31477.09,no_moroso
18,14681.3,1,9.9,1,Posgrado,37832.76,no_moroso
58,3465.92,6,2.5,0,Secundaria,9212.88,no_moroso
21,11922.45,3,10.5,0,Secundaria,29944.64,no_moroso
26,,9,21.7,0,Universitario,18041.73,no_moroso
43,847.22,6,9.7,0,Tecnico,3414.17,no_moroso
21,5485.09,1,0.1,0,Posgrado,17081.41,no_moroso
59,7130.83,3,1.0,1,Universitario,19090.43,no_moroso
19,8650.68,8,5.5,0,Universitario,24689.1,no_moroso
60,,0,9.7,0,Secundaria,36596.9,no_moroso
33,14430.72,2,8.8,0,Universitario,36441.88,no_moroso
18,10428.25,1,8.1,0,Universitario,27610.94,no_moroso
53,12994.21,2,66.1,1,Universitario,29374.4,moroso
26,14275.11,0,0.3,1,Secundaria,34124.3,no_moroso
61,10114.22,2,13.4,0,Universitario,26039.72,no_moroso
43,6756.06,2,15.2,0,Posgrado,19697.89,no_moroso
52,1336.38,8,0.4,1,Universitario,6070.31,no_moroso
43,1116.1,1,9.2,0,Universitario,3911.27,no_moroso
28,903.48,6,,0,POSGRADO,6477.87,no_moroso
38,,2,4.5,0,Posgrado,199100.74686309684,no_moroso
41,1236.03,2,5.1,1,Posgrado,4155.03,no_moroso
23,4385.0,6,12.5,0,Universitario,12658.43,no_moroso
69,2215.86,2,9.5,1,Universitario,5066.05,no_moroso
27,8786.89,6,0.3,1,Secundaria,21948.96,no_moroso
48,12487.26,1,7.6,1,Universitario,31896.71,no_moroso
55,2229.91,3,41.5,1,Universitario,4794.24,moroso
69,6219.77,2,90.9,0,Universitario,12793.6,moroso
61,8427.98,7,12.3,1,Secundaria,20432.9,no_moroso
51,,5,15.8,1,Universitario,25193.78,no_moroso
24,1250.67,1,8.3,0,Secundaria,3248.48,no_moroso
28,12961.5,6,18.8,1,Secundaria,31090.36,no_moroso
61,1624.21,8,26.6,1,Posgrado,6485.94,no_moroso
68,3156.7,5,5.8,0,TECNICO,9070.9,no_moroso
43,6585.24,9,36.7,1,Universitario,260615.0843284894,moroso
55,,6,8.3,0,Universitario,28705.92,no_moroso
39,7171.91,2,16.2,0,Tecnico,17540.16,no_moroso
62,4276.29,4,1.4,0,Posgrado,15331.95,no_moroso
59,7759.12,6,11.1,1,Universitario,20932.0,no_moroso
27,8985.9,9,2.6,0,Tecnico,24993.78,no_moroso
23,9467.55,3,2.5,0,Secundaria,23768.35,no_moroso
40,6731.71,8,21.6,0,Tecnico,17228.1,no_moroso
65,13906.78,9,34.8,1,Posgrado,36882.82,moroso
39,13646.8,3,3.8,1,Universitario,34390.85,no_moroso
34,5992.66,3,24.7,0,tecnico,15345.92,no_moroso
36,12264.01,7,13.7,0,Secundaria,31510.33,no_moroso
61,,4,2.2,0,Posgrado,38436.81,no_moroso
43,9545.45,7,10.5,0,Tecnico,25239.87,no_moroso
38,10399.01,0,24.8,1,Posgrado,26693.87,no_moroso
36,,5,29.4,0,Universitario,14646.34,no_moroso
60,3428.26,8,10.2,1,Posgrado,11475.13,no_moroso
47,2857.62,5,,0,Secundaria,7564.12,no_moroso
64,3012.34,1,45.5,0,Tecnico,6326.48,moroso
68,4093.56,8,75.2,0,Universitario,10298.31,moroso
49,2195.46,9,36.4,0,Tecnico,6273.77,moroso
46,8987.73,8,11.1,0,Universitario,25689.83,no_moroso
34,12130.29,0,12.7,0,Tecnico,30491.36,no_moroso
18,1955.21,5,3.6,1,Secundaria,4544.46,no_moroso
55,14334.03,3,0.4,0,Tecnico,36974.0,no_moroso
38,10412.64,9,28.7,0,Posgrado,29091.39,no_moroso
35,,3,19.2,0,Tecnico,23378.37,no_moroso
38,7204.05,0,25.7,0,Posgrado,20057.8,no_moroso
44,9568.37,4,18.7,1,Tecnico,22761.71,no_moroso
22,12267.8,4,20.2,0,Universitario,32144.82,no_moroso
32,9171.78,5,,0,Universitario,24334.26,no_moroso
61,8269.8,6,17.5,1,Posgrado,22637.38,no_moroso
54,13990.03,9,,1,Universitario,37286.12,no_moroso
51,,8,15.9,1,Tecnico,10644.34,no_moroso
65,12172.61,4,20.3,0,Secundaria,30432.29,no_moroso
34,6622.86,1,10.4,1,Universitario,15750.24,no_moroso
32,10369.42,4,2.1,1,Secundaria,25552.62,no_moroso
18,3031.34,4,12.3,1,Tecnico,5964.56,no_moroso
29,5157.67,0,33.9,1,Secundaria,9021.13,moroso
33,9076.85,2,10.1,0,Posgrado,25384.1,no_moroso
27,7931.75,2,2.0,1,Tecnico,19376.25,no_moroso
55,,8,,1,Tecnico,29457.32,moroso
38,11064.91,3,23.9,0,Universitario,29188.14,no_moroso
38,13367.83,8,14.0,0,Universitario,35243.86,no_moroso
39,14685.58,4,11.5,0,Secundaria,36351.73,no_moroso
21,1484.95,6,3.1,0,Universitario,5469.58,no_moroso
63,13493.82,8,2.3,1,Secundaria,33231.94,no_moroso
22,12667.29,9,0.4,1,Secundaria,31828.44,no_moroso
51,,1,27.1,1,Secundaria,16866.19,no_moroso
41,7714.5,2,,0,Universitario,21366.26,no_moroso
58,1998.54,7,9.3,0,Tecnico,5702.27,no_moroso
41,7711.41,0,0.1,1,Secundaria,17316.75,no_moroso
53,12221.18,2,16.3,0,Secundaria,30963.6,no_moroso
43,4038.76,5,39.1,1,Tecnico,7847.74,moroso
24,14791.6,5,1.8,0,Posgrado,40700.41,no_moroso
67,2758.51,2,40.4,1,Posgrado,6681.11,moroso
19,3109.2,4,6.3,0,Tecnico,9631.14,no_moroso
58,8249.18,9,3.4,1,Posgrado,23819.91,no_moroso
28,2359.05,2,22.8,0,Posgrado,8038.91,no_moroso
40,4410.84,0,10.0,0,Secundaria,10644.58,no_moroso
55,3976.06,7,12.1,1,Secundaria,9392.79,no_moroso
68,1383.65,6,15.3,1,Tecnico,3631.47,no_moroso
35,5161.95,2,9.5,1,Tecnico,12172.23,no_moroso
47,14235.31,0,,0,Tecnico,34749.27,moroso
34,3604.72,1,8.1,0,Posgrado,12271.09,no_moroso
55,8909.82,4,13.6,1,Tecnico,20691.44,no_moroso
20,7085.89,2,2.7,1,secundaria,16418.82,no_moroso
51,8313.13,5,3.5,0,Tecnico,22680.55,no_moroso
42,11994.08,9,60.1,1,Universitario,28508.92,moroso
67,11693.29,6,37.9,1,Posgrado,30538.61,moroso
33,8098.96,3,5.9,1,UNIVERSITARIO,21148.43,no_moroso
59,13949.45,4,14.2,0,Posgrado,39146.38,no_moroso
51,4443.15,7,1.3,0,Tecnico,13927.81,no_moroso
38,8898.25,0,,0,Universitario,23658.32,no_moroso
61,8390.49,8,42.8,0,Tecnico,21299.42,moroso
69,5295.98,3,12.4,1,Posgrado,14795.63,no_moroso
64,14507.48,5,15.6,0,Universitario,38205.77,no_moroso
27,7097.68,5,17.4,1,Tecnico,16591.02,no_moroso
44,3929.84,8,8.3,0,Tecnico,11504.48,no_moroso
50,13031.51,9,2.2,0,Universitario,35337.72,no_moroso
31,4040.08,0,9.0,0,Tecnico,10173.5,no_moroso
64,1519.16,4,16.7,0,Universitario,6542.91,no_moroso
69,14356.0,2,,0,Secundaria,36501.38,no_moroso
21,13759.4,0,15.4,1,Universitario,33010.29,no_moroso
40,10912.83,9,4.7,0,Universitario,30713.13,no_moroso
29,,3,8.4,1,Universitario,31136.51,no_moroso
24,9011.87,8,18.9,0,Universitario,24409.48,no_moroso
43,2147.2,7,7.2,0,posgrado,10015.77,no_moroso
18,6147.93,2,16.3,0,Posgrado,18087.78,no_moroso
29,8889.43,4,10.1,1,Tecnico,21746.26,no_moroso
65,2038.75,5,,1,Universitario,5438.49,no_moroso
35,9558.66,7,33.8,0,Tecnico,25088.7,moroso
55,2917.55,6,9.3,1,Tecnico,6832.26,no_moroso
32,3843.49,4,0.1,0,Secundaria,10748.1,no_moroso
29,4669.18,6,13.7,1,Posgrado,13806.38,no_moroso
20,14946.22,8,0.7,0,Universitario,39329.0,no_moroso
29,8712.52,4,,0,Tecnico,22288.27,no_moroso
43,11546.43,1,9.4,1,Secundaria,26912.27,no_moroso
41,5467.36,1,55.2,0,Universitario,253235.83741004785,moroso
50,6564.89,1,,0,Posgrado,19849.62,no_moroso
48,6454.39,2,5.5,0,Tecnico,17524.02,no_moroso
24,4872.55,5,37.8,0,Tecnico,11937.05,moroso
24,4048.86,0,21.7,1,Posgrado,10406.46,no_moroso
42,13024.06,3,7.3,0,Secundaria,32855.83,no_moroso
20,4552.25,6,1.5,1,Universitario,12306.4,no_moroso
40,4308.35,6,16.2,0,Universitario,285707.67194474646,no_moroso
44,9999.18,6,13.5,1,Tecnico,24861.34,no_moroso
37,11049.6,6,2.3,0,Tecnico,29418.91,no_moroso
39,,4,7.1,1,Tecnico,27309.25,no_moroso
50,5317.22,6,,0,Posgrado,15639.93,moroso
35,1032.36,0,17.0,1,Universitario,982.25,no_moroso
19,3048.19,7,,1,UNIVERSITARIO,8861.92,no_moroso
25,4007.44,9,13.5,0,Universitario,11094.82,no_moroso
67,10800.74,3,,0,Posgrado,29480.97,no_moroso
34,6809.65,8,7.6,0,Universitario,19663.22,no_moroso
57,1444.93,7,,0,Universitario,5454.7,no_moroso
54,6163.59,6,61.5,1,universitario,13316.32,moroso
67,7511.59,2,6.3,1,Secundaria,17297.73,no_moroso
52,9772.14,8,20.7,1,Secundaria,22673.94,no_moroso
19,8248.44,7,21.0,0,Universitario,22130.21,no_moroso
60,1083.99,9,14.6,1,Universitario,4332.01,no_moroso
69,2227.32,5,2.3,0,Tecnico,232866.24402711904,no_moroso
63,4858.5,9,,0,Posgrado,16167.07,no_moroso
21,7270.18,4,9.1,0,Tecnico,19745.8,no_moroso
49,3731.68,5,4.8,0,SECUNDARIA,10602.63,no_moroso
38,4234.35,0,11.8,0,Universitario,12341.3,no_moroso
37,4042.75,1,23.6,0,Universitario,11098.79,no_moroso
44,12506.45,4,13.3,1,Tecnico,30360.97,no_moroso
56,13128.12,6,3.4,1,Universitario,34599.69,no_moroso
42,13229.67,3,22.9,0,Universitario,35141.58,no_moroso
33,10122.53,6,26.2,1,Posgrado,26938.02,no_moroso
53,7613.28,3,0.5,1,Universitario,18885.73,no_moroso
18,14599.67,6,33.5,0,Secundaria,36446.32,moroso
29,4220.17,0,27.4,1,Secundaria,7660.32,no_moroso
53,6672.35,4,10.8,1,Universitario,16156.75,no_moroso
58,3205.32,6,7.7,0,Universitario,9946.44,no_moroso
54,6631.24,7,3.3,1,Secundaria,16458.18,no_moroso
26,1655.07,1,3.5,0,Universitario,6649.13,no_moroso
59,8792.96,6,13.0,0,Universitario,24141.11,no_moroso
55,14776.92,3,,1,Tecnico,35412.57,no_moroso
28,12455.25,2,9.4,1,Posgrado,32702.67,no_moroso
36,13479.53,1,22.3,0,Universitario,34806.29,no_moroso
22,8615.46,4,14.7,0,Tecnico,22420.93,no_moroso
64,8399.85,3,28.1,1,Secundaria,271021.2888072201,no_moroso
67,7525.9,4,22.1,0,Universitario,20036.34,no_moroso
25,12725.1,3,2.8,0,Secundaria,32093.15,no_moroso
35,8374.65,4,12.3,0,Posgrado,24280.85,no_moroso
20,11229.48,7,28.7,0,Universitario,29216.5,no_moroso
58,10006.07,3,21.1,1,Secundaria,22003.02,no_moroso
25,1664.38,3,9.3,0,Posgrado,7666.62,no_moroso
47,8927.81,8,4.9,1,Tecnico,21573.27,no_moroso
56,7263.15,4,15.6,1,Secundaria,17897.05,no_moroso
61,2657.89,4,32.8,1,Secundaria,4206.7,moroso
63,2850.38,6,22.3,0,Posgrado,10700.14,no_moroso
19,13505.88,8,50.7,1,Tecnico,31510.47,moroso
52,1096.01,7,6.5,1,Tecnico,1687.93,no_moroso
48,14541.1,5,3.5,1,Posgrado,38660.71,no_moroso
42,10580.21,9,9.4,0,Posgrado,31174.37,no_moroso
49,1404.64,4,0.8,1,Posgrado,5696.7,no_moroso
24,8071.56,3,31.2,0,Universitario,20616.91,moroso
57,6433.42,5,,0,Universitario,17504.92,no_moroso
68,14320.81,3,,0,Tecnico,36460.17,no_moroso
50,12074.06,7,47.3,0,Secundaria,29504.48,moroso
67,9851.14,9,0.9,0,Universitario,28425.73,no_moroso
42,7893.88,3,0.3,0,Universitario,21432.55,no_moroso
42,8945.78,9,5.2,1,Secundaria,21420.08,no_moroso
59,7289.63,5,3.6,0,Universitario,20850.74,no_moroso
54,8972.64,1,4.9,1,Posgrado,23944.29,no_moroso
56,11691.31,7,,0,Secundaria,30448.15,no_moroso
68,11668.86,6,34.4,1,Secundaria,27209.69,moroso
63,11151.64,4,2.9,0,Universitario,29775.65,no_moroso
21,10778.91,8,,1,Secundaria,26473.82,no_moroso
53,,4,51.7,1,Universitario,19601.57,moroso
50,,3,17.2,1,Universitario,9845.27,no_moroso
23,7575.54,5,10.6,0,Secundaria,19304.78,no_moroso
27,14733.13,8,12.7,0,Universitario,38914.65,no_moroso
49,1203.68,5,,0,Universitario,4992.2,no_moroso
35,12855.43,0,6.5,0,Tecnico,32557.14,no_moroso
32,4983.24,0,0.4,0,Universitario,12848.26,no_moroso
47,,9,5.2,1,Universitario,27629.18,no_moroso
45,9092.3,9,36.3,0,Posgrado,25632.9,moroso
45,1166.25,6,8.9,0,Secundaria,2890.29,no_moroso
35,10460.68,5,14.6,0,Tecnico,27226.66,no_moroso
23,14824.51,1,9.3,0,Tecnico,37211.12,no_moroso
32,4927.36,3,16.4,0,Secundaria,12572.55,no_moroso
32,14265.76,4,8.9,1,Universitario,36093.87,no_moroso
53,3150.9,2,4.5,0,Tecnico,8678.18,no_moroso
28,8467.67,9,3.5,1,Secundaria,21309.27,no_moroso
24,4528.66,2,5.3,1,Secundaria,10131.62,no_moroso
66,14703.41,7,15.0,0,Tecnico,38591.15,no_moroso
69,9604.25,2,0.1,0,Tecnico,24961.87,no_moroso
43,5828.08,7,0.6,1,Secundaria,13790.73,no_moroso
69,6528.27,1,2.1,0,Tecnico,17306.3,no_moroso
37,9324.53,6,22.4,0,Tecnico,260616.9399720679,no_moroso
63,3687.28,3,0.9,1,Secundaria,8747.43,no_moroso
26,14359.46,7,19.3,0,Secundaria,35971.32,no_moroso
24,8461.78,7,9.8,0,Secundaria,22303.83,no_moroso
40,942.27,5,4.9,0,Secundaria,3162.02,no_moroso
59,6273.44,9,,0,Universitario,18074.78,no_moroso
39,12537.95,0,3.6,0,Tecnico,31711.65,no_moroso
28,8590.59,4,17.4,0,Universitario,22906.37,no_moroso
20,9347.21,7,18.2,0,Tecnico,24417.48,no_moroso
40,8046.51,0,14.6,0,Universitario,21633.7,no_moroso
27,1080.68,3,15.7,1,Tecnico,2411.21,no_moroso
20,9256.85,1,0.7,0,Tecnico,23414.39,no_moroso
37,13099.58,1,25.8,0,Posgrado,34543.46,no_moroso
29,14346.16,3,21.2,0,Universitario,37198.68,no_moroso
21,5680.69,9,1.3,1,Universitario,16234.68,no_moroso
58,1035.94,8,42.3,0,Secundaria,2910.07,moroso
43,8044.02,0,11.0,1,Posgrado,20890.43,no_moroso
20,5067.6,3,21.5,0,Tecnico,12332.29,no_moroso
67,11683.4,4,6.6,0,Posgrado,32545.18,no_moroso
68,14903.9,0,0.5,0,Tecnico,37836.23,no_moroso
48,7366.67,8,19.7,1,Universitario,19789.17,no_moroso
36,2644.15,5,17.7,0,Universitario,8516.46,no_moroso
57,5193.3,5,2.4,0,Tecnico,12669.8,no_moroso
56,6918.42,6,18.4,1,Tecnico,16572.9,no_moroso
43,10394.97,9,7.6,1,Tecnico,25147.62,no_moroso
48,7667.49,0,23.2,0,Posgrado,20071.18,no_moroso
49,1784.48,5,,0,Posgrado,6559.87,moroso
28,3947.64,9,26.4,1,Posgrado,11727.63,no_moroso
66,10054.26,9,9.4,0,Posgrado,29475.54,no_moroso
42,13415.19,9,4.4,0,Universitario,36302.28,no_moroso
67,7484.89,1,0.8,0,Posgrado,22405.04,no_moroso
21,11527.69,7,3.3,0,Universitario,30968.53,no_moroso
35,,5,50.5,0,SECUNDARIA,19092.46,moroso
48,1017.34,7,9.8,0,tecnico,3907.03,no_moroso
18,10870.37,0,21.8,1,Posgrado,27744.34,no_moroso
62,12342.67,1,4.3,0,Tecnico,31319.64,no_moroso
37,1142.91,1,19.6,0,Universitario,3422.0,no_moroso
38,2834.99,1,1.9,0,Universitario,8592.87,no_moroso
20,7531.79,3,4.6,1,Secundaria,17920.55,no_moroso
58,13499.02,3,3.3,0,Secundaria,34110.77,no_moroso
61,5939.86,8,8.1,0,Universitario,18066.57,no_moroso
53,,2,4.3,0,universitario,31302.38,no_moroso
56,7913.22,1,0.6,0,Tecnico,20396.43,no_moroso
55,4042.98,6,8.9,0,Posgrado,13420.62,no_moroso
44,14201.21,2,11.1,1,Secundaria,34179.09,no_moroso
31,2035.43,2,2.1,0,Universitario,6866.95,no_moroso
45,14451.21,0,6.8,1,Universitario,35553.39,no_moroso
52,5109.06,7,4.7,1,Universitario,13435.66,no_moroso
42,12273.12,6,1.0,0,Universitario,33998.91,no_moroso
31,,1,6.1,0,Tecnico,259090.7039138802,no_moroso
63,6341.52,1,2.5,0,Universitario,17458.34,no_moroso
47,9851.53,0,3.6,1,Universitario,25072.17,no_moroso
51,14466.58,7,20.5,1,Universitario,35757.76,no_moroso
55,,4,12.3,1,Secundaria,7637.98,no_moroso
60,1235.35,4,4.2,0,Secundaria,2716.06,no_moroso
41,,8,0.5,0,Tecnico,12422.62,no_moroso
38,12187.94,8,,1,Universitario,31092.2,no_moroso
63,7709.04,9,3.4,0,POSGRADO,23365.38,no_moroso
45,8744.82,8,5.7,1,Universitario,22760.72,no_moroso
38,3675.4,2,8.6,0,Tecnico,10067.85,no_moroso
45,12877.8,3,6.0,0,Universitario,34772.3,no_moroso
39,,5,6.3,0,Secundaria,27069.55,no_moroso
42,8557.18,6,10.9,0,tecnico,22770.82,no_moroso
51,11311.57,9,73.4,0,Posgrado,29847.17,moroso
67,2758.51,2,40.4,1,Posgrado,6681.11,moroso
55,11341.58,3,27.2,0,Posgrado,30098.21,no_moroso
40,12430.49,4,2.6,0,Tecnico,31903.24,no_moroso
58,12419.93,1,19.5,1,Universitario,29850.67,no_moroso
66,2466.64,1,2.0,1,Secundaria,5593.74,no_moroso
60,,3,0.3,0,Universitario,26366.85,no_moroso
32,10238.93,7,7.3,0,Secundaria,26923.96,no_moroso
21,13033.91,0,2.9,1,Tecnico,31575.15,no_moroso
64,6791.96,6,14.8,0,Posgrado,20164.8,no_moroso
65,6798.71,6,0.9,0,Tecnico,18323.85,no_moroso
64,13269.91,0,29.2,0,Universitario,33802.25,no_moroso
51,10155.0,2,7.9,1,Posgrado,27330.61,no_moroso
37,13875.87,0,2.8,0,Universitario,36081.99,no_moroso
45,13964.37,8,3.2,0,Universitario,37954.39,no_moroso
41,8317.61,6,3.0,0,Universitario,23153.27,no_moroso
29,6983.96,5,8.0,0,Posgrado,21119.6,no_moroso
28,11465.72,8,3.4,1,Universitario,243152.58333663357,no_moroso
50,9341.88,8,3.7,0,Universitario,26900.55,no_moroso
37,2560.59,9,7.1,0,Tecnico,9725.2,no_moroso
28,11447.05,3,,1,Tecnico,28007.3,no_moroso
61,,0,11.5,0,Tecnico,13212.15,no_moroso
45,4290.37,6,3.0,1,Secundaria,10246.31,no_moroso
64,13065.57,0,27.3,0,Posgrado,34816.91,no_moroso
50,10216.94,6,12.1,1,Secundaria,25405.59,no_moroso
31,,5,33.5,0,Universitario,36806.86,moroso
50,,1,,0,Posgrado,4891.72,no_moroso
19,7535.17,9,41.3,1,Universitario,18067.91,moroso
19,8316.98,7,22.1,1,Posgrado,22953.28,no_moroso
21,1910.24,7,0.9,1,Posgrado,7596.76,no_moroso
30,8918.68,2,1.3,0,Tecnico,22646.45,no_moroso
22,7386.33,8,1.2,0,Universitario,21118.4,no_moroso
30,,8,5.7,1,Secundaria,29781.95,no_moroso
45,2146.41,0,15.9,0,Tecnico,226101.73890662074,no_moroso
41,3682.08,7,,0,Universitario,12018.67,no_moroso
41,5838.16,8,22.9,0,Universitario,16606.68,no_moroso
42,7990.2,1,11.9,1,Tecnico,18339.5,no_moroso
69,14243.31,2,0.4,0,Secundaria,36108.84,no_moroso
46,6588.56,1,1.2,0,Tecnico,17547.29,no_moroso
21,4302.6,5,4.6,1,Secundaria,10385.41,no_moroso
38,2253.73,5,21.0,0,Universitario,6684.34,no_moroso
49,2321.65,6,29.0,0,Universitario,6585.95,no_moroso
51,5771.42,5,2.8,1,Secundaria,13675.14,no_moroso
57,14761.61,9,26.3,0,Posgrado,40749.23,no_moroso
26,,9,12.7,1,Tecnico,21506.48,no_moroso
60,13563.85,8,1.2,0,Tecnico,36632.26,no_moroso
35,1806.59,1,2.7,1,Posgrado,5050.67,no_moroso
24,10202.93,6,9.0,0,Tecnico,26596.25,no_moroso
40,14455.7,5,30.0,0,Posgrado,39406.7,no_moroso
44,3771.49,2,,0,Tecnico,9380.27,no_moroso
68,8829.29,4,14.6,0,universitario,24127.51,no_moroso
66,,7,68.3,0,Tecnico,14335.98,moroso
46,4262.61,1,26.4,1,Posgrado,10504.57,no_moroso
33,,5,16.6,0,Universitario,15535.56,no_moroso
48,5017.07,9,13.4,0,Universitario,14930.44,no_moroso
58,12776.55,8,36.4,0,Secundaria,31360.48,moroso
41,11732.87,1,11.5,1,Tecnico,28530.75,no_moroso
55,8366.63,8,11.2,0,Universitario,24570.17,no_moroso
26,8666.49,3,8.7,0,Universitario,22873.38,no_moroso
38,5244.29,3,2.4,0,Secundaria,14381.37,no_moroso
34,3814.99,5,15.1,1,Universitario,10105.65,no_moroso
37,5286.0,8,61.2,1,Universitario,10876.41,moroso
52,10617.66,2,0.2,1,Secundaria,25536.73,no_moroso
29,10518.27,1,16.6,1,Tecnico,23857.13,no_moroso
62,8261.51,3,7.7,1,Posgrado,21605.79,no_moroso
50,3349.99,3,5.5,1,Secundaria,7030.77,no_moroso
52,12093.77,5,41.3,0,Secundaria,29687.29,moroso
61,1124.58,2,6.9,1,Secundaria,846.36,no_moroso
37,1500.87,9,3.3,0,Tecnico,5418.62,no_moroso
62,11958.83,1,0.3,0,Secundaria,29060.91,no_moroso
20,8791.24,9,19.4,0,Universitario,23740.22,no_moroso
39,8228.17,8,16.7,1,Universitario,22104.71,no_moroso
19,7609.1,0,3.5,1,Secundaria,17697.32,no_moroso
54,5644.33,3,21.0,0,universitario,14459.36,no_moroso
66,10244.27,4,2.1,0,Posgrado,28966.72,no_moroso
54,14958.76,2,3.5,0,Tecnico,38543.87,no_moroso
64,12166.73,4,32.8,0,Secundaria,30094.27,moroso
53,11975.18,9,6.6,0,UNIVERSITARIO,32115.03,no_moroso
65,9684.75,6,3.6,1,Universitario,24966.73,no_moroso
54,3519.75,3,1.5,1,Secundaria,7757.38,no_moroso
48,5875.27,8,1.7,0,Universitario,16894.35,no_moroso
68,6260.14,1,31.4,0,Tecnico,14262.15,moroso
57,,7,2.1,1,Universitario,8752.5,no_moroso
67,10085.88,3,39.0,0,TECNICO,24285.36,moroso
63,3228.95,5,0.7,0,Secundaria,9242.65,no_moroso
23,,6,4.9,0,Universitario,25337.79,no_moroso
68,3642.18,6,1.4,0,Secundaria,10729.99,no_moroso
37,,0,16.4,1,Secundaria,5097.27,no_moroso
65,1441.48,1,,1,Posgrado,5632.37,no_moroso
60,7939.42,5,8.8,1,Tecnico,18724.02,no_moroso
20,7244.99,3,40.5,1,Universitario,16697.23,moroso
56,4711.26,1,12.6,0,Universitario,12942.1,no_moroso
49,4356.33,7,13.5,1,Secundaria,10509.31,no_moroso
29,4861.39,0,9.6,0,Universitario,13538.85,no_moroso
38,1648.7,2,7.4,0,Tecnico,4493.04,no_moroso
56,907.1,0,10.5,0,Secundaria,1823.8,no_moroso
23,10117.1,9,5.1,1,Tecnico,25743.05,no_moroso
26,13573.49,0,11.2,0,Posgrado,36776.19,no_moroso
61,990.69,0,2.1,0,Secundaria,2104.31,no_moroso
48,4238.44,0,6.8,1,Tecnico,9050.79,no_moroso
48,11800.7,2,10.0,0,Universitario,30679.8,no_moroso
39,3056.82,6,,0,Secundaria,7287.55,moroso
65,9047.65,8,9.2,0,Universitario,25508.95,no_moroso
37,5232.81,1,20.3,0,Tecnico,12416.12,no_moroso
59,8418.24,2,2.9,0,Tecnico,21571.75,no_moroso
22,14166.36,4,8.4,0,universitario,36875.52,no_moroso
59,,2,,0,Universitario,9676.76,no_moroso
28,5285.59,5,2.8,0,Universitario,15206.87,no_moroso
60,11561.44,1,1.1,1,Tecnico,28002.64,no_moroso
53,,6,23.2,1,Secundaria,18390.19,no_moroso
38,14189.0,9,18.7,0,Secundaria,35921.82,no_moroso
35,5726.11,7,40.9,1,Universitario,14317.1,moroso
48,,9,24.6,1,Tecnico,19273.32,no_moroso
28,13582.26,7,43.5,1,Tecnico,32098.87,moroso
47,1855.88,2,11.0,0,Universitario,179069.2151717537,no_moroso
23,3347.12,6,10.6,0,Tecnico,9866.26,no_moroso
28,14705.06,2,5.6,0,Posgrado,39696.3,no_moroso
25,10184.28,8,25.4,1,Universitario,25719.49,no_moroso
46,7207.85,8,7.4,0,Tecnico,19567.29,no_moroso
31,6225.09,5,2.8,1,Posgrado,17641.1,no_moroso
58,9282.06,7,4.0,0,Universitario,26487.07,no_moroso
34,8936.77,7,4.1,1,Universitario,24280.33,no_moroso
54,7248.65,6,33.1,0,Tecnico,18487.92,moroso
29,2428.03,6,3.8,1,Secundaria,6135.93,no_moroso
65,1161.99,4,1.5,1,Posgrado,4074.45,no_moroso
60,7452.78,0,7.6,0,Universitario,19587.99,no_moroso
34,9383.48,6,3.9,0,Tecnico,24413.99,no_moroso
19,5258.59,5,,0,Universitario,15318.72,no_moroso
23,2496.9,0,48.4,0,Posgrado,6675.85,moroso
68,906.52,0,0.0,1,SECUNDARIA,1475.84,no_moroso
37,,3,3.2,1,Universitario,14076.48,no_moroso
41,14541.76,9,18.0,1,Tecnico,37132.18,no_moroso
49,5297.21,1,2.1,1,Tecnico,11893.83,no_moroso
50,5709.85,6,9.5,1,Universitario,14865.07,no_moroso
45,4159.42,8,16.4,1,Universitario,11547.17,no_moroso
41,6381.91,2,13.2,0,Tecnico,15100.79,no_moroso
24,7510.58,6,23.5,1,Universitario,18027.03,no_moroso
24,6170.37,4,1.5,0,TECNICO,16541.39,no_moroso
32,3108.65,5,14.6,1,tecnico,7854.4,no_moroso
27,,3,13.6,1,TECNICO,30409.27,no_moroso
67,5390.87,6,,0,Secundaria,13876.83,no_moroso
41,7118.94,4,19.8,1,Tecnico,16030.69,no_moroso
55,8011.28,6,2.1,0,Universitario,22356.69,no_moroso
30,10225.62,2,0.5,1,Universitario,25748.73,no_moroso
31,12924.65,6,1.7,0,Secundaria,33378.35,no_moroso
69,7151.57,3,26.7,0,Secundaria,17205.44,no_moroso
22,9879.11,9,34.7,1,Secundaria,23788.74,moroso
34,,7,9.9,0,Universitario,201156.3216005436,no_moroso
58,,9,7.7,0,Universitario,9585.87,no_moroso
40,6354.46,4,63.8,0,Tecnico,13163.98,moroso
19,4906.23,0,9.0,1,Universitario,11842.01,no_moroso
55,4593.87,6,1.9,0,Posgrado,15812.3,no_moroso
30,,9,7.6,0,Tecnico,37524.82,no_moroso
36,7665.33,9,28.4,0,Universitario,20705.66,no_moroso
60,1046.97,5,5.6,1,Tecnico,2817.26,no_moroso
46,11460.32,3,0.9,1,Tecnico,27654.76,no_moroso
32,9940.59,6,18.1,0,Tecnico,26252.82,no_moroso
25,13316.76,2,3.4,1,Universitario,32706.69,no_moroso
23,6027.19,1,29.2,0,Secundaria,13459.75,no_moroso
59,,2,12.6,1,Secundaria,33059.6,no_moroso
33,14094.75,4,70.4,0,Universitario,35332.05,moroso
25,8198.11,7,42.4,0,tecnico,20003.23,moroso
61,13593.68,6,10.9,0,Tecnico,35762.42,no_moroso
62,13815.9,7,6.0,1,Tecnico,34530.3,no_moroso
48,14546.57,4,6.0,1,Secundaria,35276.02,no_moroso
53,3764.48,4,34.5,1,Tecnico,7675.3,moroso
32,13797.36,3,6.7,0,Tecnico,36540.22,no_moroso
18,1043.42,7,20.3,1,Posgrado,4019.59,no_moroso
34,2962.53,7,29.0,1,Universitario,7731.76,no_moroso
31,1546.54,9,,0,Universitario,7400.68,no_moroso
57,12507.87,0,2.8,0,Universitario,32807.74,no_moroso
60,1760.97,9,56.5,1,TECNICO,1807.69,moroso
37,5204.54,7,5.5,0,Posgrado,16809.27,no_moroso
63,12936.22,1,19.4,1,Tecnico,30602.14,no_moroso
43,11459.64,3,8.0,0,Secundaria,28961.4,no_moroso
23,,6,7.7,1,Tecnico,12072.82,no_moroso
43,8542.21,8,,0,Secundaria,21700.7,no_moroso
35,13308.19,4,10.4,0,Tecnico,33851.15,no_moroso
26,8307.44,3,,1,Tecnico,18639.14,no_moroso
21,8759.53,9,82.2,1,Secundaria,17859.59,moroso
50,,8,1.9,0,Universitario,292851.0554032565,no_moroso
18,14910.54,6,7.6,1,Posgrado,40191.66,no_moroso
21,,2,12.7,0,Universitario,15850.62,no_moroso
59,12056.76,8,12.7,0,Universitario,32245.03,no_moroso
29,11996.27,0,4.0,1,Posgrado,31370.37,no_moroso
59,4833.41,7,6.6,1,Tecnico,11986.48,no_moroso
40,12790.15,8,9.2,1,Universitario,32571.75,no_moroso
26,13513.72,7,,0,Tecnico,35462.72,no_moroso
69,10354.36,8,11.5,0,Universitario,28603.28,no_moroso
58,2031.95,8,10.8,1,Universitario,5743.85,no_moroso
61,14422.45,2,6.8,1,Secundaria,34684.67,no_moroso
58,8388.49,7,1.2,1,TECNICO,21871.24,no_moroso
32,,4,3.7,1,Universitario,32856.96,no_moroso
68,8427.95,1,7.3,0,Secundaria,20931.16,no_moroso
63,5730.28,4,4.6,1,Posgrado,15582.96,no_moroso
42,11538.08,7,16.9,1,Tecnico,288454.78940538684,no_moroso
61,10304.04,6,5.8,0,Universitario,28986.21,no_moroso
54,3584.56,2,5.7,1,Secundaria,7846.97,no_moroso
54,12669.67,2,13.8,0,Tecnico,32510.54,no_moroso
51,13996.42,8,13.4,1,Tecnico,36052.55,no_moroso
59,857.86,9,13.6,1,Posgrado,3885.75,no_moroso
28,14291.84,7,0.4,0,Tecnico,37755.36,no_moroso
43,1622.52,1,9.9,0,Universitario,5394.9,no_moroso
24,14999.07,5,25.9,0,Tecnico,37057.73,no_moroso
57,12481.57,9,46.1,0,Universitario,32116.58,moroso
18,12242.15,9,0.9,0,Tecnico,32706.49,no_moroso
45,11091.91,9,20.4,0,Universitario,29820.11,no_moroso
20,,5,6.5,1,Posgrado,7124.19,no_moroso
61,5890.62,6,0.5,1,Posgrado,16783.65,no_moroso
65,5695.11,1,3.2,1,Tecnico,13559.5,no_moroso
20,2958.15,9,5.4,0,Tecnico,9354.12,no_moroso
38,7629.38,6,40.0,1,Tecnico,18030.24,moroso
25,11154.59,0,11.3,0,Universitario,28530.04,no_moroso
19,6174.84,5,14.9,0,Tecnico,16047.06,no_moroso
27,4832.27,4,12.3,0,Universitario,13752.11,no_moroso
59,6444.16,6,20.7,1,Universitario,16072.66,no_moroso
48,12933.69,5,3.9,0,Universitario,35721.14,no_moroso
52,,5,2.0,1,Secundaria,4563.18,no_moroso
65,,0,9.4,0,Universitario,10098.5,no_moroso
40,4877.58,3,4.9,1,Tecnico,11722.72,no_moroso
40,939.29,5,23.0,1,Universitario,1788.73,no_moroso
52,2350.3,8,32.4,0,Secundaria,5664.39,moroso
62,,7,2.4,0,Secundaria,8529.25,no_moroso
56,13252.16,4,15.3,1,Universitario,33813.21,no_moroso
62,9741.85,5,20.3,1,Secundaria,22580.7,no_moroso
60,8195.32,9,6.0,0,Universitario,23583.68,no_moroso
36,3580.21,7,66.0,0,POSGRADO,10465.97,moroso
62,7551.96,5,21.0,0,Posgrado,21734.23,no_moroso
18,13358.14,5,1.3,1,Tecnico,33128.97,no_moroso
31,4164.46,6,21.3,0,Posgrado,13212.28,no_moroso
48,13992.06,9,12.2,1,Universitario,35223.53,no_moroso
60,9515.56,4,17.5,1,Tecnico,22292.51,no_moroso
18,6020.76,0,6.1,0,Universitario,16175.39,no_moroso
36,12544.99,4,12.3,0,Universitario,32650.81,no_moroso
48,11591.17,1,26.0,1,Universitario,28334.36,no_moroso
27,13207.66,9,11.4,0,Secundaria,34054.77,no_moroso
56,6844.25,1,2.3,1,Posgrado,19030.33,no_moroso
46,7932.59,7,,0,Secundaria,21160.73,no_moroso
55,7928.84,6,10.1,0,Secundaria,20293.36,no_moroso
57,13265.11,5,23.6,0,Secundaria,33149.04,no_moroso
25,10587.85,2,57.4,0,Tecnico,24754.97,moroso
54,7509.58,8,23.5,0,Secundaria,18790.8,no_moroso
56,4053.98,5,3.9,1,Posgrado,12739.79,no_moroso
34,2481.58,3,2.7,1,Tecnico,5569.51,no_moroso
32,2311.04,5,19.3,1,Posgrado,7975.14,no_moroso
24,,0,12.1,1,Universitario,27276.25,no_moroso
40,9777.88,8,4.4,0,Universitario,27201.97,no_moroso
55,3335.14,0,28.2,1,Tecnico,5898.97,no_moroso
56,10320.27,9,0.9,1,Universitario,27557.36,no_moroso
33,5583.49,4,14.5,0,Universitario,15350.32,no_moroso
19,7091.17,4,13.5,1,Universitario,17600.78,no_moroso
23,9943.8,6,18.1,0,Tecnico,25582.63,no_moroso
18,7474.23,1,35.6,0,Posgrado,20205.31,moroso
64,7673.73,4,6.9,0,Posgrado,21878.88,no_moroso
34,1466.11,8,43.1,0,Tecnico,3614.0,moroso
61,11245.3,6,6.8,0,Tecnico,30002.61,no_moroso
50,6940.21,3,2.8,1,Universitario,17324.69,no_moroso
62,,4,,1,TECNICO,8243.63,no_moroso
68,11961.37,2,38.9,0,Posgrado,31911.76,moroso
56,7092.52,2,4.1,0,Posgrado,21549.44,no_moroso
47,4219.89,6,22.8,0,Universitario,11938.4,no_moroso
33,1316.47,0,,0,Secundaria,278961.12261861644,moroso
55,10969.49,1,21.6,1,Universitario,26380.58,no_moroso
23,1648.68,9,4.5,0,Universitario,7020.52,no_moroso
54,2405.87,3,1.2,0,Universitario,7989.11,no_moroso
38,3698.11,3,7.4,0,Universitario,10862.3,no_moroso
40,,4,6.4,1,Universitario,27512.39,no_moroso
60,10471.29,7,11.7,0,Posgrado,29804.14,no_moroso
41,11658.42,6,8.5,1,Secundaria,28819.57,no_moroso
60,14052.85,6,4.1,1,Posgrado,38492.9,no_moroso
49,1950.82,1,0.3,1,Universitario,4941.98,no_moroso
63,6327.76,0,0.0,0,Posgrado,18890.01,no_moroso
63,4711.11,8,23.3,0,Universitario,13233.17,no_moroso
30,5886.08,4,12.0,0,Tecnico,15820.2,no_moroso
57,2542.35,6,14.4,1,Secundaria,4799.18,no_moroso
34,,3,,0,Universitario,35117.35,no_moroso
42,8000.9,5,1.3,0,Universitario,23072.84,no_moroso
60,2266.83,1,,0,Universitario,6417.37,no_moroso
31,867.62,9,7.4,0,Secundaria,3632.15,no_moroso
48,9345.97,9,0.8,0,Universitario,27136.47,no_moroso
59,7041.28,4,8.3,0,Tecnico,17487.77,no_moroso
64,1503.56,7,54.9,1,tecnico,1907.15,moroso
28,9122.24,3,52.5,1,Universitario,20577.98,moroso
57,5977.26,4,1.7,0,Universitario,17405.82,no_moroso
30,,2,21.3,1,Tecnico,8498.12,no_moroso
48,8143.84,9,19.1,0,Universitario,282925.3481237139,no_moroso
44,12810.53,7,6.3,1,Secundaria,31852.45,no_moroso
36,14898.67,3,30.0,0,Tecnico,36971.88,no_moroso
67,10933.17,1,32.7,1,Tecnico,24821.52,moroso
24,6775.15,2,,0,Universitario,18004.76,no_moroso
46,13717.68,9,12.5,0,Universitario,37445.19,no_moroso
43,4400.05,5,17.5,1,Universitario,11333.68,no_moroso
53,,6,29.2,0,Tecnico,35308.27,no_moroso
47,11046.13,3,,0,Tecnico,28484.75,no_moroso
61,8862.23,9,15.1,1,Universitario,22961.85,no_moroso
27,3097.2,2,16.0,0,Universitario,8764.62,no_moroso
30,3003.97,8,16.9,0,Secundaria,8716.0,no_moroso
44,905.9,8,1.6,1,Posgrado,6241.57,no_moroso
26,10604.34,7,17.5,0,Tecnico,27640.86,no_moroso
49,8497.1,6,0.3,1,Posgrado,23495.98,no_moroso
60,14763.33,9,51.2,0,Universitario,36975.1,moroso
56,13639.01,0,19.4,1,Universitario,33032.33,no_moroso
30,7955.29,0,13.5,1,Universitario,19620.89,no_moroso
65,7878.03,2,3.5,1,Universitario,18748.76,no_moroso
50,11336.13,2,12.6,0,Tecnico,28562.82,no_moroso
22,5999.84,3,9.5,0,Universitario,17338.44,no_moroso
19,9908.23,6,12.2,0,Tecnico,25505.17,no_moroso
26,2309.12,2,15.6,0,Secundaria,6582.27,no_moroso
25,12263.11,8,,1,Tecnico,31064.77,no_moroso
61,3902.35,7,22.7,1,Universitario,10150.37,no_moroso
29,4412.03,4,12.9,1,Tecnico,10641.47,no_moroso
49,5399.51,8,1.2,1,Secundaria,13989.15,no_moroso
48,10078.85,4,1.3,1,Secundaria,25038.55,no_moroso
25,3980.53,2,0.8,0,Universitario,11822.25,no_moroso
21,10459.93,9,22.1,1,Universitario,27135.55,no_moroso
33,6314.37,7,0.7,0,Universitario,19138.63,no_moroso
45,5142.23,1,6.5,1,Tecnico,10849.02,no_moroso
53,3324.53,3,5.2,0,tecnico,9618.99,no_moroso
54,14074.98,4,14.9,0,Universitario,36350.7,no_moroso
19,10057.78,6,0.0,1,Universitario,26158.38,no_moroso
39,9085.99,1,24.3,1,Secundaria,276219.2513819747,no_moroso
29,13482.74,8,1.9,1,Posgrado,169783.72270493742,no_moroso
68,8210.97,4,12.5,1,Tecnico,19585.79,no_moroso
28,2580.87,8,6.2,1,Tecnico,6633.87,no_moroso
63,9669.82,5,2.8,0,universitario,26616.24,no_moroso
40,14864.35,1,2.3,0,Posgrado,40534.78,no_moroso
47,6050.04,0,6.4,0,universitario,15497.42,no_moroso
42,11798.0,7,18.5,0,Secundaria,186112.17852308616,no_moroso
50,11757.39,0,9.6,1,Secundaria,27105.25,no_moroso
39,13972.46,5,6.6,1,Secundaria,34666.96,no_moroso
38,13308.01,4,12.3,0,Secundaria,32859.28,no_moroso
44,7509.14,4,34.5,0,Universitario,19364.27,moroso
19,12383.47,3,80.6,0,Posgrado,29783.57,moroso
39,6776.18,4,5.7,1,Posgrado,165999.21901949283,no_moroso
44,1576.91,5,2.1,0,Tecnico,4963.58,no_moroso
52,9998.64,6,63.0,0,Secundaria,23123.93,moroso
30,1610.32,6,5.3,0,Secundaria,4967.72,no_moroso
69,12264.81,2,5.8,0,Posgrado,34022.49,no_moroso
38,3251.68,6,9.9,0,Secundaria,8545.16,no_moroso
36,13354.26,6,21.4,1,Secundaria,31754.37,no_moroso
64,,4,17.4,0,Posgrado,11225.01,no_moroso
59,13079.48,1,22.3,1,Universitario,200765.10487576431,no_moroso
46,5739.69,2,6.4,0,UNIVERSITARIO,15757.62,no_moroso
21,5664.33,1,8.1,0,Tecnico,14701.73,no_moroso
60,11288.62,6,16.6,0,Universitario,29868.91,no_moroso
55,,5,1.6,1,Tecnico,35254.14,no_moroso
20,,8,9.9,1,Tecnico,5654.82,no_moroso
54,11616.04,5,76.5,0,Tecnico,27210.52,moroso
31,,9,1.4,1,Posgrado,18656.57,no_moroso
29,14781.08,6,,1,posgrado,38727.5,no_moroso
47,14560.29,2,3.1,0,Universitario,37960.48,no_moroso
63,1134.57,4,14.2,1,Universitario,2469.6,no_moroso
43,14800.57,6,30.3,1,Universitario,36385.43,moroso
50,,2,18.3,1,Tecnico,33950.2,no_moroso
62,4028.26,6,4.8,1,Universitario,10801.93,no_moroso
44,13765.48,6,53.3,1,Tecnico,32291.53,moroso
35,12781.51,2,29.6,0,Universitario,32780.72,no_moroso
40,,6,17.7,1,Posgrado,23452.1,no_moroso
66,3243.41,2,18.9,0,Tecnico,8303.88,no_moroso
19,10819.67,7,,0,Universitario,28724.7,moroso
51,4186.52,4,,0,Tecnico,11321.93,no_moroso
21,13506.91,1,1.5,0,Tecnico,34410.3,no_moroso
66,8580.68,4,1.0,1,Tecnico,20159.9,no_moroso
43,12270.52,5,4.2,1,Secundaria,29539.05,no_moroso
32,11557.24,0,,0,Tecnico,29878.39,no_moroso
52,2785.19,6,4.0,1,Secundaria,6082.3,no_moroso
37,9013.77,7,4.7,1,Universitario,23749.64,no_moroso
34,12288.78,3,9.4,0,Universitario,32390.66,no_moroso
19,2931.13,9,3.1,0,Tecnico,9455.62,no_moroso
46,914.79,1,,1,Secundaria,422.4,no_moroso
19,4946.99,3,16.5,0,Secundaria,12897.9,no_moroso
49,6956.13,8,30.3,0,Tecnico,18386.27,moroso
59,8062.8,8,20.6,1,Posgrado,22066.93,no_moroso
34,11862.02,4,44.1,1,Posgrado,30432.81,moroso
50,10592.26,3,13.6,0,Secundaria,26269.44,no_moroso
29,13324.05,7,6.7,0,Tecnico,35407.61,no_moroso
26,2993.78,6,18.5,1,Secundaria,5699.5,no_moroso
66,12530.56,5,0.5,1,Tecnico,31433.64,no_moroso
58,2201.78,1,5.4,1,Tecnico,4710.52,no_moroso
57,12878.34,2,11.5,1,Tecnico,31555.69,no_moroso
58,10380.46,8,15.3,0,Tecnico,27485.34,no_moroso
60,12915.21,2,15.6,0,Posgrado,34758.77,no_moroso
27,10701.55,3,42.7,0,TECNICO,26003.04,moroso
58,11903.91,3,,0,Secundaria,30333.64,no_moroso
42,8003.15,5,10.7,0,Universitario,21457.8,no_moroso
37,3477.41,2,13.9,1,Tecnico,7522.64,no_moroso
61,14005.34,1,9.4,1,Universitario,34041.92,no_moroso
35,7047.09,2,2.6,0,Tecnico,18509.41,no_moroso
31,12117.48,8,5.7,0,Tecnico,32881.66,no_moroso
57,10508.87,3,5.4,1,Secundaria,25493.0,no_moroso
24,14478.31,1,17.4,1,Secundaria,34916.02,no_moroso
67,4819.91,7,,0,Universitario,13634.52,no_moroso
24,11245.09,6,1.4,0,Tecnico,30050.4,no_moroso
21,5172.54,2,30.2,1,Tecnico,10389.13,moroso
60,6879.68,2,2.2,0,Universitario,19038.92,no_moroso
35,2817.93,8,24.1,0,Universitario,9079.18,no_moroso
40,6164.4,9,50.0,1,Tecnico,14024.37,moroso
40,,4,75.2,0,Universitario,35377.09,moroso
41,2137.9,2,1.4,0,universitario,7191.1,no_moroso
67,,6,13.0,0,Universitario,22597.85,no_moroso
30,14119.41,4,2.5,1,Tecnico,35144.61,no_moroso
50,,8,11.0,0,Secundaria,4217.72,no_moroso
53,12596.24,5,9.0,1,Universitario,31767.12,no_moroso
46,11298.26,5,22.9,0,Secundaria,27956.91,no_moroso
66,7481.41,4,13.0,1,Universitario,18204.21,no_moroso
66,3841.7,6,1.5,0,Universitario,12079.55,no_moroso
67,9601.41,7,6.1,1,Tecnico,24856.29,no_moroso
46,13168.85,0,15.9,0,Tecnico,31831.52,no_moroso
22,4627.91,3,44.5,0,Universitario,11502.58,moroso
26,7461.84,1,,0,Universitario,306795.72169958975,no_moroso
69,4058.45,5,10.0,0,Tecnico,10355.15,no_moroso
37,11222.07,8,1.9,1,Universitario,28941.24,no_moroso
63,4099.11,0,3.9,0,Tecnico,10062.42,no_moroso
43,6111.96,8,4.8,0,Universitario,18333.06,no_moroso
67,1549.53,3,7.1,0,Posgrado,6418.17,no_moroso
65,3846.33,7,11.0,0,Secundaria,9714.38,no_moroso
69,,9,26.9,1,Tecnico,32583.45,no_moroso
43,14411.61,4,0.3,1,Posgrado,38618.25,no_moroso
27,12799.31,2,0.7,0,SECUNDARIA,32497.64,no_moroso
31,5366.53,3,0.0,0,Universitario,14869.18,no_moroso
53,13376.42,6,25.0,0,Universitario,34305.13,no_moroso
25,5889.91,1,24.6,1,Posgrado,16021.38,no_moroso
54,4367.54,2,,0,Posgrado,14310.08,no_moroso
67,7737.56,6,1.9,0,Secundaria,20232.91,no_moroso
18,4508.02,0,7.8,1,Universitario,11247.74,no_moroso
51,13477.13,5,7.4,0,Universitario,35782.54,no_moroso
63,4346.03,7,4.2,1,Tecnico,10655.4,no_moroso
54,9070.43,7,11.2,1,Universitario,24127.56,no_moroso
25,12203.46,6,1.8,0,Secundaria,31257.01,no_moroso
32,2356.0,4,27.7,0,Secundaria,5251.69,no_moroso
45,13817.85,1,5.4,0,Tecnico,34600.71,no_moroso
29,14779.99,7,35.8,0,Universitario,38482.6,moroso
23,2942.11,2,0.5,0,Tecnico,8233.81,no_moroso
31,10940.04,4,4.4,0,Secundaria,28936.55,no_moroso
65,9334.21,5,,1,Secundaria,22243.92,no_moroso
69,9316.7,4,6.8,0,Universitario,23963.06,no_moroso
34,8774.09,1,16.2,0,Posgrado,24823.01,no_moroso
59,14314.13,8,12.2,1,Universitario,301696.4313780485,no_moroso
48,7967.53,0,37.8,1,Universitario,17875.05,moroso
45,14461.3,1,12.5,0,Universitario,38206.56,no_moroso
43,4630.7,2,,1,Secundaria,10370.31,no_moroso
30,1257.6,1,24.8,0,Universitario,3411.93,no_moroso
33,1632.44,3,7.9,1,Secundaria,2141.36,no_moroso
51,1188.14,1,11.3,1,Posgrado,3771.36,no_moroso
36,11189.5,1,1.3,0,Tecnico,27546.83,no_moroso
53,8284.88,4,11.4,0,Universitario,22097.36,no_moroso
59,7568.16,5,2.3,0,Secundaria,19722.0,no_moroso
35,4226.88,3,,0,Universitario,11690.12,no_moroso
63,1345.55,0,6.4,1,Tecnico,1689.93,no_moroso
69,7674.63,2,24.3,0,Secundaria,19135.46,no_moroso
24,10681.57,1,3.4,0,Tecnico,26493.07,no_moroso
37,,4,21.6,0,Tecnico,22392.08,no_moroso
24,10221.57,3,0.6,0,Tecnico,26314.22,no_moroso
69,3571.43,2,24.7,1,Secundaria,5736.64,no_moroso
27,6629.14,8,13.3,0,Universitario,19218.16,no_moroso
40,4604.92,9,6.8,0,Tecnico,13325.26,no_moroso
23,5362.37,5,17.9,0,Universitario,15642.24,no_moroso
37,7721.33,7,57.3,0,Tecnico,17705.75,moroso
42,4852.83,6,26.4,0,Tecnico,12922.26,no_moroso
35,9830.96,9,13.4,1,Tecnico,24305.06,no_moroso
59,11190.98,6,,1,Universitario,28886.51,no_moroso
51,10914.14,0,31.3,0,Universitario,27443.69,moroso
38,6514.15,0,3.3,1,Universitario,220610.59424637063,no_moroso
66,7773.64,0,14.8,0,Tecnico,19069.5,no_moroso
44,8120.87,7,60.5,0,Tecnico,19419.71,moroso
50,7052.4,7,2.9,0,Universitario,20600.84,no_moroso
32,1418.91,2,22.2,1,TECNICO,1024.41,no_moroso
46,9760.9,1,6.3,1,Universitario,23069.07,no_moroso
42,4384.24,5,7.7,1,Universitario,11440.16,no_moroso
41,9580.0,8,,1,Posgrado,23690.89,moroso
61,4412.47,0,27.1,1,Secundaria,8739.66,no_moroso
41,1952.27,6,0.5,1,SECUNDARIA,4524.04,no_moroso
69,13738.13,4,16.1,0,Tecnico,33754.37,no_moroso
69,,2,16.7,0,Tecnico,26078.84,no_moroso
67,6971.7,8,18.6,0,Universitario,18873.13,no_moroso
20,10003.98,4,6.6,1,Universitario,25538.42,no_moroso
45,8662.34,2,,0,Universitario,22443.55,moroso
27,13637.01,6,24.2,1,Secundaria,32556.83,no_moroso
30,13166.82,2,2.5,1,Universitario,32994.92,no_moroso
43,11059.1,6,7.4,0,secundaria,28565.21,no_moroso
40,9715.75,7,16.0,1,Secundaria,22889.11,no_moroso
55,11241.15,4,22.6,0,Universitario,29692.08,no_moroso
54,5622.51,2,38.9,1,Posgrado,13422.58,moroso
47,5100.57,6,0.8,0,Secundaria,14064.72,no_moroso
44,12846.45,9,5.2,0,Posgrado,36847.78,no_moroso
51,1056.6,8,0.1,1,Tecnico,3324.08,no_moroso
55,6269.1,4,2.3,0,Secundaria,17037.01,no_moroso
45,2930.34,3,0.2,0,Universitario,9855.35,no_moroso
23,2482.25,5,1.8,0,Universitario,8371.68,no_moroso
58,2041.98,5,0.0,0,Tecnico,7140.33,no_moroso
65,12011.74,9,69.9,0,Posgrado,31563.27,moroso
57,,0,19.4,0,Tecnico,17759.04,no_moroso
33,10984.46,5,,1,Tecnico,27855.74,no_moroso
49,3767.35,4,11.8,0,Tecnico,9055.06,no_moroso
39,5914.48,5,26.9,0,Universitario,15956.56,no_moroso
18,1127.04,9,6.7,1,Tecnico,3390.56,no_moroso
26,8236.73,7,4.0,0,Tecnico,22049.54,no_moroso
53,7114.46,7,30.0,0,Tecnico,17770.9,no_moroso
20,9663.3,7,9.6,0,Universitario,26280.56,no_moroso
63,10158.73,7,3.8,1,Tecnico,25244.97,no_moroso
18,986.6,9,11.3,0,Universitario,6020.36,no_moroso
66,2099.05,1,4.8,0,Secundaria,4619.62,no_moroso
48,2221.8,6,,0,Tecnico,6973.02,no_moroso
31,14010.8,3,,0,Universitario,35542.23,no_moroso
54,6133.22,7,14.7,0,Tecnico,16557.65,no_moroso
39,13990.31,5,8.1,1,Tecnico,34219.15,no_moroso
22,2774.8,0,1.8,1,Universitario,7058.73,no_moroso
41,4423.35,0,11.7,1,Universitario,9800.86,no_moroso
29,,6,0.8,0,Secundaria,19045.91,no_moroso
28,12791.88,9,22.5,1,Tecnico,31188.31,no_moroso
31,7954.98,7,9.5,0,Universitario,22492.74,no_moroso
24,8618.75,3,7.8,0,Tecnico,21569.68,no_moroso
66,10896.6,7,18.6,1,Posgrado,288745.6093053837,no_moroso
37,9569.68,8,81.3,0,Universitario,22539.4,moroso
26,4237.59,1,15.2,0,Universitario,11744.89,no_moroso
30,5885.33,1,13.1,1,Posgrado,15723.19,no_moroso
34,9124.45,9,0.4,1,Tecnico,23016.92,no_moroso
62,2940.0,8,13.9,0,Tecnico,8430.51,no_moroso
63,4987.45,0,6.1,0,Tecnico,11865.97,no_moroso
68,3327.89,3,4.4,0,Universitario,10370.93,no_moroso
49,,2,,1,Secundaria,26716.76,no_moroso
25,5652.22,3,14.5,0,Universitario,15395.27,no_moroso
63,,5,17.4,0,Posgrado,14915.82,no_moroso
19,12011.2,6,41.7,1,Posgrado,30484.15,moroso
23,13458.09,9,11.8,1,Tecnico,33614.33,no_moroso
43,1498.9,2,29.3,0,Secundaria,2404.87,no_moroso
65,10779.91,2,0.3,1,Universitario,26881.45,no_moroso
66,11134.55,5,71.8,1,Tecnico,24434.01,moroso
52,13025.75,8,1.0,1,Tecnico,34100.98,no_moroso
43,5066.14,5,2.0,0,Tecnico,14037.79,no_moroso
50,11698.13,1,22.4,0,Tecnico,29180.95,no_moroso
36,2038.58,7,13.2,0,Tecnico,5299.78,no_moroso
57,3522.44,7,11.8,1,Tecnico,9323.87,no_moroso
18,13251.26,9,18.6,1,Tecnico,32437.32,no_moroso
49,6997.85,5,9.2,1,Tecnico,17076.02,no_moroso
50,10663.51,4,9.8,0,Tecnico,28091.78,no_moroso
55,9939.81,6,1.2,0,Universitario,26921.88,no_moroso
56,10516.48,8,17.7,1,Universitario,27521.2,no_moroso
22,,7,7.3,0,UNIVERSITARIO,11458.1,no_moroso
56,1954.82,0,7.4,0,Secundaria,4308.75,no_moroso
19,14841.55,4,1.7,0,Tecnico,38393.36,no_moroso
64,11258.52,9,6.9,1,Universitario,30086.98,no_moroso
28,10936.47,5,46.6,1,Posgrado,27423.99,moroso
63,3954.88,3,24.6,0,Secundaria,9307.85,no_moroso
52,3888.69,8,5.0,0,Secundaria,10767.61,no_moroso
46,10938.68,8,,0,Tecnico,28330.79,no_moroso
55,9286.7,0,14.6,1,posgrado,22983.18,no_moroso
66,11308.1,8,18.8,0,Universitario,30369.45,no_moroso
62,8334.9,5,31.3,0,Secundaria,20701.68,moroso
43,3035.46,0,0.4,0,Tecnico,8875.18,no_moroso
54,4314.9,3,14.1,1,Secundaria,8709.5,no_moroso
50,11211.16,4,31.5,0,Secundaria,27013.77,moroso
37,8321.95,6,32.1,1,Tecnico,19574.46,moroso
51,1692.61,6,16.6,0,Universitario,5496.28,no_moroso
59,14035.1,4,0.6,1,Tecnico,34255.68,no_moroso
41,8843.19,6,30.3,1,Posgrado,24150.72,moroso
46,4185.36,9,29.3,0,Tecnico,10844.09,no_moroso
43,6005.12,9,,0,Universitario,17608.75,no_moroso
47,10375.82,2,1.7,0,Tecnico,27347.41,no_moroso
20,5575.42,3,1.0,0,Tecnico,15205.59,no_moroso
69,13912.93,1,0.8,1,Secundaria,33569.23,no_moroso
44,5633.92,9,5.8,0,Universitario,17157.61,no_moroso
54,3547.8,0,6.5,0,Tecnico,9577.65,no_moroso
20,12570.1,1,7.7,1,Tecnico,30016.36,no_moroso
39,14249.76,8,2.5,1,Universitario,37063.82,no_moroso
31,12966.2,9,,1,Secundaria,31645.72,no_moroso
38,2084.34,3,21.3,0,Secundaria,5122.94,no_moroso
29,7363.61,5,3.9,0,Universitario,21716.29,no_moroso
35,10334.66,3,,1,Secundaria,23911.72,no_moroso
45,6288.13,1,5.8,0,Secundaria,15642.46,no_moroso
25,7993.88,9,24.4,1,Universitario,20170.83,no_moroso
65,11276.94,9,28.4,0,Tecnico,27987.79,no_moroso
64,7189.0,7,6.6,0,Tecnico,19235.31,no_moroso
21,11633.31,3,15.3,0,Universitario,30617.19,no_moroso
47,2733.01,5,1.3,0,Secundaria,8451.06,no_moroso
38,9736.31,4,0.3,0,Secundaria,24899.2,no_moroso
65,8603.74,5,9.7,0,Tecnico,22677.76,no_moroso
42,3596.45,2,44.2,0,Universitario,8969.02,moroso
20,,0,9.6,1,Tecnico,27914.84,no_moroso
27,4073.62,0,4.2,0,Posgrado,12559.02,no_moroso
19,,7,7.4,1,Posgrado,34141.92,no_moroso
22,6243.58,0,30.6,0,Universitario,16484.51,moroso
23,9001.04,0,8.6,0,Universitario,23426.85,no_moroso
29,,0,59.7,0,Secundaria,31121.9,moroso
26,1532.31,0,13.9,1,Tecnico,1831.36,no_moroso
68,8527.81,5,28.3,1,Universitario,20889.95,no_moroso
20,11148.53,3,2.2,0,Posgrado,30717.71,no_moroso
37,7517.86,4,26.6,0,Universitario,19942.13,no_moroso
28,1862.52,4,,0,Tecnico,4799.95,no_moroso
32,5984.34,9,,1,Universitario,16201.29,no_moroso
57,3823.4,8,25.1,1,Tecnico,8251.43,no_moroso
35,10491.71,7,8.0,0,Universitario,28377.68,no_moroso
69,4209.59,8,20.1,1,Secundaria,9712.61,no_moroso
21,8371.16,5,9.0,0,Tecnico,22358.67,no_moroso
63,10562.74,9,,1,Secundaria,27418.52,no_moroso
58,14182.87,0,2.9,0,Tecnico,35182.34,no_moroso
33,3524.85,2,10.4,0,Tecnico,9264.59,no_moroso
18,7160.83,9,1.8,1,Tecnico,17791.14,no_moroso
59,13177.36,7,0.2,1,Universitario,33679.44,no_moroso
54,,0,31.3,1,Universitario,24995.79,moroso
20,8603.62,4,1.1,0,Tecnico,22378.97,no_moroso
49,11088.75,0,17.4,0,Universitario,27868.11,no_moroso
28,1804.73,7,0.3,1,Tecnico,4750.81,no_moroso
25,11020.78,0,10.1,1,Universitario,27403.08,no_moroso
44,11949.16,6,4.1,0,Secundaria,29971.62,no_moroso
50,11183.11,9,11.1,1,Universitario,29132.3,no_moroso
24,11939.18,1,3.3,1,Posgrado,30671.1,no_moroso
60,7651.8,3,5.9,0,Universitario,20247.61,no_moroso
18,5609.37,5,2.3,1,Posgrado,15433.96,no_moroso
63,9669.82,5,2.8,0,Universitario,26616.24,no_moroso
69,5267.93,9,1.2,1,Universitario,14858.41,no_moroso
60,,5,0.8,1,Posgrado,29905.48,no_moroso
51,14701.34,0,3.2,0,Posgrado,39703.67,no_moroso
66,2991.78,9,14.3,0,Posgrado,11022.59,no_moroso
27,7396.63,9,0.8,1,Universitario,20014.49,no_moroso
21,8494.72,4,9.9,0,Universitario,23547.54,no_moroso
18,,5,16.8,0,Posgrado,29931.73,no_moroso
61,2291.76,8,0.3,0,Universitario,8290.1,no_moroso
60,,1,5.8,0,Tecnico,13181.51,no_moroso
43,11305.97,2,4.2,0,Tecnico,29217.24,no_moroso
19,,1,14.2,0,Universitario,26577.6,no_moroso
48,6250.11,5,0.8,0,Tecnico,17050.77,no_moroso
58,5551.15,6,2.6,0,TECNICO,15549.29,no_moroso
56,5568.08,3,12.8,0,Universitario,15793.95,no_moroso
31,12866.5,8,8.4,0,Posgrado,35842.44,no_moroso
57,2617.25,7,0.4,1,Universitario,8552.4,no_moroso
49,886.31,6,12.9,1,Posgrado,3999.12,no_moroso
39,8377.44,9,13.5,1,Tecnico,20662.54,no_moroso
58,5678.55,0,4.1,0,Tecnico,13700.23,no_moroso
64,14803.4,3,16.6,1,Tecnico,35603.81,no_moroso
18,12309.1,4,6.9,0,Secundaria,30963.02,no_moroso
30,14508.08,5,0.5,0,Tecnico,37838.52,no_moroso
31,7835.07,9,6.2,0,Secundaria,22065.69,no_moroso
63,2487.37,7,14.4,1,Tecnico,5489.8,no_moroso
57,7360.43,6,9.9,1,Universitario,19184.76,no_moroso
48,8743.69,3,0.7,0,Posgrado,25407.64,no_moroso
24,14427.76,6,0.4,1,Universitario,37080.59,no_moroso
23,1608.42,4,27.2,0,Secundaria,3169.17,no_moroso
64,3334.65,8,5.8,1,Posgrado,10501.34,no_moroso
44,13474.03,3,8.3,1,Secundaria,31324.4,no_moroso
38,5333.69,2,3.3,0,Tecnico,15021.27,no_moroso
21,8086.4,2,21.0,1,Tecnico,18057.02,no_moroso
50,10883.58,8,50.9,1,Tecnico,25725.68,moroso
34,14691.6,8,6.9,0,Tecnico,38809.69,no_moroso
63,12805.56,9,,1,Secundaria,31575.09,no_moroso
60,4395.15,4,7.8,1,Tecnico,10974.21,no_moroso
23,1499.32,7,18.3,0,TECNICO,4261.79,no_moroso
45,7523.92,8,0.2,0,Universitario,21160.59,no_moroso
19,11527.64,1,27.6,0,Tecnico,28739.18,no_moroso
22,,9,40.2,1,Tecnico,13120.1,moroso
52,7590.37,7,2.9,0,Tecnico,20587.2,no_moroso
68,9564.09,6,56.8,0,Universitario,24482.75,moroso
43,,6,49.5,1,Tecnico,35202.26,moroso
58,9327.9,8,5.6,0,Tecnico,25636.62,no_moroso
47,4213.68,9,69.0,1,Tecnico,7777.81,moroso
18,11102.35,8,2.2,1,Posgrado,260470.65238803977,no_moroso
30,5272.33,4,8.2,0,Tecnico,14803.84,no_moroso
64,14103.7,8,5.7,0,Universitario,38003.57,no_moroso
28,3499.27,9,15.2,0,Universitario,10237.2,no_moroso
51,4372.81,0,20.8,0,Tecnico,10174.63,no_moroso
28,14413.55,5,4.8,0,Posgrado,39770.44,no_moroso
46,,2,7.2,1,Tecnico,4262.62,no_moroso
22,6134.57,1,2.2,1,Universitario,15841.23,no_moroso
22,7034.84,9,2.8,0,Tecnico,19050.06,no_moroso
41,4860.14,0,10.2,0,Posgrado,14610.08,no_moroso
30,2575.92,5,20.5,1,Tecnico,5309.23,no_moroso
64,3907.59,4,50.5,1,Secundaria,7043.52,moroso
32,2715.41,4,8.5,1,Posgrado,8922.98,no_moroso
39,6484.48,0,23.5,0,Secundaria,15177.11,no_moroso
55,1623.29,7,15.3,0,Universitario,5572.61,no_moroso
36,6565.6,8,33.1,1,Secundaria,15200.28,moroso
35,10638.47,5,27.3,0,Secundaria,25191.14,no_moroso
58,,1,22.7,1,Tecnico,8884.13,no_moroso
30,8340.94,8,2.9,0,Tecnico,23920.98,no_moroso
49,11046.04,6,13.4,0,Universitario,29361.45,no_moroso
62,6537.0,6,0.1,0,Tecnico,18025.95,no_moroso
47,3053.48,0,5.1,1,Secundaria,5655.98,no_moroso
58,4353.0,0,19.0,0,Tecnico,10124.65,no_moroso
55,1885.92,1,22.0,0,Universitario,5886.44,no_moroso
33,7200.61,1,,1,Tecnico,16858.74,no_moroso
43,10484.29,8,9.1,0,Universitario,28354.8,no_moroso
62,13217.59,2,,0,Tecnico,32099.71,moroso
26,6723.4,5,2.3,1,Secundaria,16509.31,no_moroso
41,14094.4,8,1.2,0,Tecnico,37509.55,no_moroso
18,8752.28,4,4.0,0,Posgrado,25614.55,no_moroso
37,5428.59,0,,0,Secundaria,13944.3,no_moroso
50,3423.65,5,0.0,1,tecnico,7817.3,no_moroso
66,8040.62,0,11.8,0,Universitario,20495.31,no_moroso
66,7826.15,9,27.6,0,Tecnico,20190.66,no_moroso
28,5822.39,9,12.3,0,Universitario,16686.84,no_moroso
44,13460.57,5,13.4,1,Tecnico,298695.0607131839,no_moroso
42,14163.68,1,5.1,1,Universitario,33988.79,no_moroso
43,11415.39,1,3.5,1,Secundaria,27240.83,no_moroso
39,4479.04,9,14.0,1,Universitario,12180.35,no_moroso
35,1244.3,7,20.8,1,secundaria,1554.0,no_moroso
46,6706.07,4,25.6,1,Tecnico,15146.09,no_moroso
19,9241.74,6,18.8,1,Universitario,23913.3,no_moroso
25,2930.01,3,12.2,0,Tecnico,7637.23,no_moroso
23,10609.55,8,4.4,0,Universitario,29508.81,no_moroso
44,7792.75,5,1.8,0,Tecnico,21202.07,no_moroso
33,4557.18,4,0.1,0,Tecnico,13070.3,no_moroso
62,10506.54,9,5.7,0,Posgrado,30535.36,no_moroso
37,7452.28,5,,0,Secundaria,18405.76,no_moroso
59,2808.7,4,4.0,0,Universitario,9510.4,no_moroso
33,6524.7,5,14.8,1,Universitario,17595.75,no_moroso
34,3216.82,2,6.0,0,Tecnico,9703.94,no_moroso
43,11207.99,2,18.4,0,Tecnico,28020.05,no_moroso
53,9646.83,2,23.3,1,Universitario,23082.96,no_moroso
24,12938.86,3,13.9,1,Universitario,32059.68,no_moroso
49,3578.71,8,33.6,1,Posgrado,10274.0,moroso
66,14611.93,4,6.1,0,Universitario,38441.88,no_moroso
22,10926.43,7,5.1,0,Tecnico,29679.32,no_moroso
60,7867.37,5,12.3,1,Universitario,19308.79,no_moroso
55,4461.81,3,33.3,0,Universitario,10772.88,moroso
65,8873.5,0,30.1,0,Universitario,21269.9,moroso
64,9354.26,0,1.1,0,Universitario,24673.43,no_moroso
28,6612.65,2,,1,Universitario,16567.55,no_moroso
29,14671.35,0,2.1,1,Tecnico,35431.05,no_moroso
66,12031.53,9,9.6,1,Tecnico,30661.59,no_moroso
61,940.56,4,,1,Tecnico,2555.31,no_moroso
19,6473.18,3,7.8,0,Posgrado,19696.6,no_moroso
24,2094.15,7,16.5,0,Universitario,7585.86,no_moroso
47,4705.42,7,2.6,0,Universitario,14617.16,no_moroso
59,9273.2,0,2.6,0,Universitario,24952.05,no_moroso
67,5746.95,4,8.5,1,Universitario,15032.21,no_moroso
21,12794.02,1,,0,Universitario,33902.34,no_moroso
23,6476.87,5,21.7,1,Universitario,16960.31,no_moroso
64,2937.01,2,36.8,0,Tecnico,6746.72,moroso
41,13825.35,7,33.1,0,Universitario,35758.6,moroso
68,10143.61,4,1.0,0,Tecnico,26372.6,no_moroso
52,9441.94,2,2.1,1,Tecnico,22996.88,no_moroso
29,2731.85,3,27.3,0,Tecnico,7576.37,no_moroso
51,12165.81,0,85.7,1,Tecnico,24813.86,moroso
44,13584.22,1,6.2,1,Universitario,32736.2,no_moroso
36,1497.17,0,49.4,0,Tecnico,1570.3,moroso
47,14790.33,2,,0,Tecnico,37321.9,no_moroso
67,11650.23,5,16.4,0,Tecnico,29418.56,no_moroso
66,7563.16,2,,0,Tecnico,18472.58,no_moroso
21,14623.73,6,,0,Universitario,38981.85,no_moroso
22,5382.83,4,1.1,0,UNIVERSITARIO,16227.86,no_moroso
27,11195.49,9,19.0,0,Tecnico,28586.13,no_moroso
66,3068.24,9,,1,Tecnico,9041.51,no_moroso
34,,1,4.6,0,Tecnico,11988.89,no_moroso
47,9508.42,3,20.8,1,Universitario,23541.57,no_moroso
29,,0,15.6,0,Tecnico,15585.47,no_moroso
18,,5,,1,Tecnico,15014.82,no_moroso
58,6755.18,3,,1,Tecnico,15488.89,no_moroso
64,11359.75,5,3.1,0,Tecnico,29421.27,no_moroso
59,14091.71,7,2.6,0,Posgrado,39411.33,no_moroso
23,10153.64,7,3.5,1,TECNICO,24645.51,no_moroso
54,6730.91,3,3.7,0,Posgrado,20143.18,no_moroso
40,5388.45,7,4.8,1,Universitario,14326.32,no_moroso
22,4549.06,7,19.4,0,Tecnico,12540.3,no_moroso
37,1935.79,9,16.9,1,Universitario,5370.55,no_moroso
50,14395.88,6,12.0,1,Universitario,36017.9,no_moroso
36,8078.06,2,25.5,1,Tecnico,18823.65,no_moroso
56,4245.58,0,10.9,1,Secundaria,9026.24,no_moroso
31,9912.96,5,8.1,1,Tecnico,24949.3,no_moroso
63,13931.76,4,14.6,1,Universitario,34403.26,no_moroso
51,10123.74,7,15.4,0,Tecnico,26818.28,no_moroso
21,4513.36,6,3.8,1,Universitario,12698.05,no_moroso
55,11177.25,8,7.6,0,Posgrado,32151.58,no_moroso
63,8916.36,2,17.9,0,secundaria,21665.62,no_moroso
36,7917.32,2,19.4,1,Universitario,18602.89,no_moroso
41,6083.7,6,6.1,0,Secundaria,16146.99,no_moroso
34,14851.49,1,4.4,0,Posgrado,39992.69,no_moroso
62,4585.85,4,0.3,1,Universitario,12627.82,no_moroso
50,3299.21,6,24.7,0,Tecnico,8737.39,no_moroso
33,9025.85,0,7.9,0,Universitario,24027.48,no_moroso
28,13353.16,5,3.9,0,Universitario,35102.05,no_moroso
22,12286.19,5,33.7,1,Secundaria,27778.74,moroso
50,3240.77,5,0.4,0,Universitario,10871.12,no_moroso
63,13315.4,5,0.6,1,Tecnico,32981.13,no_moroso
31,1020.44,8,7.2,1,Tecnico,3282.73,no_moroso
46,14571.35,9,8.2,0,Tecnico,37942.18,no_moroso
27,8180.18,7,12.9,0,Universitario,22823.2,no_moroso
29,6090.91,5,2.1,0,Tecnico,16668.99,no_moroso
54,9690.86,8,8.7,1,Secundaria,23838.09,no_moroso
40,10709.97,7,5.8,0,Universitario,29733.81,no_moroso
62,14941.29,9,24.6,1,Tecnico,36430.1,no_moroso
34,5986.02,1,22.4,0,Tecnico,14679.56,no_moroso
19,8302.17,4,7.0,0,Tecnico,21000.41,no_moroso
23,4237.92,6,1.3,0,Secundaria,12001.74,no_moroso
40,6681.93,2,25.3,0,Tecnico,17021.82,no_moroso
62,14146.26,4,6.5,0,Universitario,38048.82,no_moroso
40,1586.94,3,38.2,1,Tecnico,1926.8,moroso
47,4132.42,2,0.2,0,Secundaria,10425.1,no_moroso
60,3288.93,8,1.0,0,Tecnico,11313.9,no_moroso
32,1317.93,4,48.6,0,Tecnico,1686.11,moroso
62,1675.05,3,16.0,1,Tecnico,3018.68,no_moroso
65,14474.72,3,10.2,0,Tecnico,37597.35,no_moroso
41,6336.71,1,30.6,0,Posgrado,17443.78,moroso
63,7557.23,9,14.7,0,Universitario,20400.77,no_moroso
67,5826.1,5,1.2,0,Posgrado,17597.38,no_moroso
60,8344.52,7,21.1,1,Universitario,20765.17,no_moroso
46,14079.88,5,32.1,0,Secundaria,34307.36,moroso
35,2031.98,5,16.0,0,Tecnico,5535.61,no_moroso
60,4745.67,1,17.2,0,Posgrado,14206.6,no_moroso
30,,3,9.6,0,Tecnico,27376.8,no_moroso
30,,5,38.0,0,Universitario,24031.27,moroso
64,8161.15,5,10.9,0,Tecnico,21068.95,no_moroso
20,11439.49,4,20.1,1,Secundaria,26699.1,no_moroso
41,5293.71,9,46.7,0,Universitario,14451.01,moroso
52,13509.78,9,1.7,0,POSGRADO,38503.22,no_moroso
33,7093.02,6,9.9,0,Tecnico,19406.46,no_moroso
28,11082.62,6,,0,Universitario,28444.77,no_moroso
69,9932.0,8,1.6,1,Secundaria,25031.07,no_moroso
41,6949.82,6,,1,Secundaria,15276.47,no_moroso
28,1587.66,2,0.4,0,Posgrado,7589.14,no_moroso
44,4109.62,6,0.1,0,Secundaria,10882.39,no_moroso
57,14016.35,9,25.2,0,Universitario,36543.44,no_moroso
34,2019.48,3,41.9,1,Tecnico,2456.09,moroso
63,9976.87,8,41.2,0,Posgrado,27235.47,moroso
63,1402.18,9,11.2,0,Tecnico,4732.23,no_moroso
28,5007.86,3,,0,Tecnico,12625.65,no_moroso
38,11537.31,3,9.6,0,Universitario,30094.83,no_moroso
18,9400.85,5,21.3,1,Secundaria,22012.03,no_moroso
58,1150.05,4,4.9,1,UNIVERSITARIO,2893.35,no_moroso
65,7517.26,2,37.7,1,Secundaria,15218.13,moroso
52,1367.45,0,53.4,0,Universitario,1454.7,moroso
19,,5,17.2,1,Universitario,28290.51,no_moroso
22,8637.54,6,16.3,1,Posgrado,23782.41,no_moroso
60,11220.74,9,0.8,0,Tecnico,29980.36,no_moroso
26,7622.68,8,2.0,0,Universitario,22622.95,no_moroso
38,10770.06,7,18.6,0,Tecnico,29288.98,no_moroso
37,7532.45,2,57.2,0,Universitario,17064.73,moroso
54,4749.71,4,29.6,1,Posgrado,12481.96,no_moroso
52,6485.26,1,35.7,1,Universitario,15008.37,moroso
34,11957.16,8,18.5,1,Tecnico,28936.6,no_moroso
39,14564.24,9,8.6,0,Secundaria,37765.22,no_moroso
35,9639.77,3,33.6,0,Universitario,24164.36,moroso
24,8517.73,1,18.3,1,Secundaria,18830.59,no_moroso
30,9264.94,8,18.6,0,Universitario,24806.53,no_moroso
43,7457.57,1,5.7,0,Secundaria,18802.08,no_moroso
39,10837.66,7,27.4,0,Tecnico,27854.38,no_moroso
68,7779.03,5,34.1,0,Posgrado,289816.5845834016,moroso
35,5489.63,4,,0,Secundaria,14199.75,no_moroso
41,11930.86,7,11.4,0,Tecnico,30835.19,no_moroso
40,,7,7.4,0,Universitario,15863.16,no_moroso
19,,9,36.2,0,Universitario,32493.34,moroso
40,2143.31,3,53.2,0,Tecnico,4196.92,moroso
26,10668.15,7,6.1,0,Tecnico,28467.24,no_moroso
48,3701.73,7,,1,Tecnico,8828.29,moroso
40,9113.06,2,28.8,0,Tecnico,21743.38,no_moroso
22,,0,5.6,0,Universitario,4339.16,no_moroso
54,12716.71,6,45.2,1,Universitario,30289.56,moroso
31,7048.8,6,4.4,0,Universitario,20229.93,no_moroso
48,11942.21,9,41.6,0,Tecnico,30792.32,moroso
45,13950.65,4,1.3,1,Posgrado,37797.81,no_moroso
45,10555.11,2,,1,Tecnico,24804.49,no_moroso
64,4797.51,4,16.6,0,secundaria,12971.56,no_moroso
67,4523.22,7,26.4,1,Tecnico,9497.64,no_moroso
59,14895.46,9,9.2,1,Posgrado,39761.74,no_moroso
34,9966.05,4,7.6,0,Tecnico,25371.84,no_moroso
21,,9,3.0,0,Posgrado,9343.86,no_moroso
26,4907.41,7,9.2,1,Posgrado,14097.88,no_moroso
32,6690.37,4,4.5,0,universitario,18766.22,no_moroso
53,6822.23,8,,0,Universitario,20290.89,no_moroso
40,,1,31.2,1,Tecnico,27759.69,moroso
69,3953.75,9,24.5,0,Universitario,12595.16,no_moroso
18,9006.76,5,17.5,1,Posgrado,23343.55,no_moroso
60,4881.9,9,12.0,1,Tecnico,11621.71,no_moroso
21,7253.17,1,7.7,0,Posgrado,21386.43,no_moroso
26,3210.96,8,36.6,0,Secundaria,7570.15,moroso
45,8801.04,5,17.6,0,Universitario,23620.16,no_moroso
46,6534.89,9,20.3,0,Secundaria,17490.28,no_moroso
27,14090.47,5,4.5,1,Secundaria,34157.21,no_moroso
65,10629.38,7,14.0,0,Secundaria,27586.5,no_moroso
49,10787.42,0,,0,Secundaria,26427.06,no_moroso
62,6965.77,1,12.9,0,Secundaria,17774.95,no_moroso
38,13170.51,4,6.8,0,Posgrado,36507.2,no_moroso
67,5378.66,5,10.4,0,Universitario,15939.73,no_moroso
39,5650.96,4,27.3,0,Universitario,14833.55,no_moroso
32,12411.18,5,7.7,0,Tecnico,33052.8,no_moroso
18,1857.23,0,6.1,0,Universitario,5789.76,no_moroso
44,14685.48,3,12.8,1,Secundaria,35081.35,no_moroso
31,14525.36,0,20.8,1,Posgrado,37443.58,no_moroso
24,12407.25,8,26.3,1,Tecnico,30999.12,no_moroso
54,5010.14,2,6.8,1,Tecnico,12198.59,no_moroso
46,5611.92,9,13.9,0,Secundaria,15911.99,no_moroso
36,1632.17,9,,0,Posgrado,7644.09,no_moroso
65,7695.46,4,10.2,0,Secundaria,206575.13880891915,no_moroso
62,10818.36,8,2.0,1,Universitario,28649.83,no_moroso
22,4345.86,6,6.9,0,Posgrado,15209.05,no_moroso
64,,1,3.7,0,Universitario,20803.01,no_moroso
33,14172.77,9,48.4,0,Universitario,36321.64,moroso
68,13304.42,8,15.5,1,Posgrado,35424.83,no_moroso
59,1869.99,4,0.5,0,Posgrado,8518.35,no_moroso
54,1032.18,0,8.5,0,Tecnico,2254.05,no_moroso
41,,7,9.6,0,Tecnico,15254.12,no_moroso
40,3742.35,7,1.0,1,Posgrado,12053.09,no_moroso
40,,1,0.9,1,Tecnico,30866.24,no_moroso
37,14099.35,9,27.4,1,Secundaria,33899.45,no_moroso
27,9188.42,4,13.2,0,Universitario,24605.83,no_moroso
28,13823.1,6,28.6,0,Tecnico,35185.97,no_moroso
37,5849.72,1,12.4,0,Secundaria,13654.26,no_moroso
49,8332.36,0,7.8,0,Posgrado,23573.44,no_moroso
64,7938.61,9,11.8,1,Secundaria,19482.0,no_moroso
34,7006.27,2,3.8,0,Tecnico,17831.39,no_moroso
53,14921.36,1,0.7,0,Posgrado,40039.16,no_moroso
40,,3,4.2,0,Universitario,37739.24,no_moroso
67,5328.24,1,,0,Tecnico,12600.36,moroso
23,11721.65,0,,1,Universitario,25865.34,moroso
31,8626.9,9,1.9,0,Tecnico,22728.77,no_moroso
63,12485.47,9,13.6,0,Tecnico,31969.05,no_moroso
43,11688.83,0,2.4,0,Tecnico,30087.49,no_moroso
63,6693.79,1,0.4,0,Universitario,18617.29,no_moroso
67,6415.77,2,0.3,1,Tecnico,14724.3,no_moroso
61,2153.91,2,20.4,1,Secundaria,2822.1,no_moroso
33,3480.42,6,1.0,0,Tecnico,10461.79,no_moroso
62,10622.67,2,5.4,1,Secundaria,24972.4,no_moroso
53,1839.03,8,29.2,0,Universitario,7160.71,no_moroso
29,6620.99,4,12.4,1,Posgrado,18142.8,no_moroso
30,3088.26,7,0.1,1,Secundaria,7128.31,no_moroso
53,11072.93,7,0.5,0,Tecnico,29386.24,no_moroso
28,1030.39,0,12.3,0,Tecnico,2136.14,no_moroso
39,1872.7,6,0.8,0,Posgrado,9384.82,no_moroso
38,7946.81,8,24.7,0,Tecnico,21270.44,no_moroso
54,,5,29.5,1,Secundaria,29348.51,no_moroso
19,8593.25,2,34.6,1,Tecnico,19659.87,moroso
19,1687.39,9,11.4,0,Universitario,7045.25,no_moroso
43,11556.87,4,22.5,0,universitario,29969.43,no_moroso
49,11263.34,8,14.7,1,Posgrado,30256.56,no_moroso
51,14018.04,8,19.7,0,Universitario,38112.39,no_moroso
20,,9,10.2,1,Tecnico,34610.49,no_moroso
56,5286.16,9,14.9,1,universitario,14805.34,no_moroso
46,6948.75,0,,0,tecnico,16588.26,no_moroso
26,1094.26,0,3.5,0,Universitario,4447.64,no_moroso
28,10614.43,6,12.3,0,Tecnico,27799.44,no_moroso
60,14975.47,4,16.3,0,Universitario,39423.31,no_moroso
25,4595.7,0,7.7,1,Universitario,11513.0,no_moroso
34,10883.89,3,8.5,1,Secundaria,26661.47,no_moroso
56,14193.78,7,0.3,1,Tecnico,35166.86,no_moroso
18,14087.23,5,8.3,0,Universitario,36977.2,no_moroso
27,13398.08,0,,0,Tecnico,32847.18,no_moroso
32,14224.47,5,26.7,1,Universitario,34906.27,no_moroso
69,4730.27,4,0.4,1,Universitario,12493.88,no_moroso
29,4231.59,5,,0,Universitario,13268.91,no_moroso
21,4213.65,1,29.8,1,Tecnico,8496.17,no_moroso
39,11876.44,8,,0,Tecnico,30810.58,no_moroso
51,11944.16,0,10.1,0,Secundaria,28851.79,no_moroso
69,,5,2.3,0,Tecnico,29681.33,no_moroso
30,11146.58,1,26.5,0,Secundaria,26197.85,no_moroso
42,8883.34,7,4.3,0,Tecnico,23544.43,no_moroso
59,8253.26,0,,0,Universitario,21713.49,no_moroso
27,14359.38,3,,1,Tecnico,35433.21,no_moroso
56,10111.88,8,36.6,0,Universitario,26335.37,moroso
57,7757.33,8,4.2,0,Universitario,22285.78,no_moroso
19,1399.05,7,6.4,1,TECNICO,3497.22,no_moroso
26,13765.1,5,25.1,0,Posgrado,37544.29,no_moroso
24,936.41,2,38.1,1,tecnico,200.0,moroso
33,5306.05,4,0.7,0,tecnico,14551.59,no_moroso
66,12149.93,3,15.2,0,Universitario,31469.89,no_moroso
57,10335.6,1,26.9,0,Universitario,26332.4,no_moroso
44,13182.62,9,2.1,0,Secundaria,35583.47,no_moroso
51,,5,32.4,1,Tecnico,28112.0,moroso
30,4553.52,1,8.9,1,Posgrado,12952.02,no_moroso
42,1292.64,7,7.0,1,tecnico,2479.78,no_moroso
20,11125.21,7,31.7,0,Tecnico,27123.79,moroso
50,4498.84,8,9.9,0,Universitario,13856.99,no_moroso
27,2980.37,7,6.3,0,Secundaria,8769.73,no_moroso
41,12603.92,3,8.0,1,Posgrado,32623.68,no_moroso
53,9254.2,2,4.8,1,Universitario,21850.38,no_moroso
49,11710.31,3,3.4,1,Secundaria,28323.57,no_moroso
59,10313.58,7,8.4,0,Universitario,27731.04,no_moroso
60,14116.5,1,93.2,1,Posgrado,32254.83,moroso
52,12639.71,0,26.1,1,Universitario,206069.98497013678,no_moroso
38,7374.97,2,2.0,0,Tecnico,19496.03,no_moroso
69,11630.74,6,6.2,1,Tecnico,28208.81,no_moroso
56,,5,9.6,0,Tecnico,19259.67,no_moroso
69,2074.1,0,2.8,1,Secundaria,3553.17,no_moroso
19,10152.05,8,1.5,0,Universitario,28748.06,no_moroso
43,7614.79,8,2.4,0,Posgrado,22916.1,no_moroso
66,9671.35,9,23.1,0,universitario,26903.89,no_moroso
61,5830.86,7,27.0,0,Posgrado,17683.84,no_moroso
38,6515.6,3,37.1,0,Tecnico,15444.21,moroso
40,6235.25,3,11.4,0,Universitario,16989.56,no_moroso
63,938.39,8,23.9,1,Universitario,3241.38,no_moroso
45,13730.91,0,29.9,0,Posgrado,35906.35,no_moroso
27,11879.07,0,,0,Tecnico,30856.22,no_moroso
44,10767.68,5,8.6,0,Universitario,29732.98,no_moroso
67,2257.29,2,12.1,1,Universitario,6301.34,no_moroso
18,5673.02,7,0.7,1,Universitario,16142.99,no_moroso
38,4366.3,4,,1,TECNICO,11328.54,no_moroso
57,5143.12,5,5.2,1,Posgrado,15203.34,no_moroso
54,4883.84,9,6.8,0,Tecnico,14894.48,no_moroso
37,10769.96,0,2.6,0,Posgrado,29741.84,no_moroso
55,12009.24,7,9.7,0,Universitario,33021.5,no_moroso
39,1435.34,0,18.8,0,Universitario,4251.83,no_moroso
65,2213.29,0,42.4,1,Secundaria,3144.11,moroso
27,11410.57,3,0.5,0,Universitario,31318.28,no_moroso
67,6776.2,9,,1,Universitario,18194.42,no_moroso
31,12238.08,0,16.5,1,Universitario,29788.68,no_moroso
20,7387.3,8,43.9,0,Tecnico,18790.92,moroso
60,9147.02,4,5.2,1,Tecnico,22109.6,no_moroso
68,,7,43.9,0,Posgrado,10733.08,moroso
36,8555.19,4,14.9,1,Universitario,21409.45,no_moroso
47,8611.17,6,1.9,1,Universitario,22736.64,no_moroso
62,9355.56,8,6.0,0,Universitario,26301.73,no_moroso
62,10371.88,3,16.0,0,Universitario,27433.41,no_moroso
36,12670.25,4,17.5,0,Posgrado,34319.57,no_moroso
52,11578.43,6,16.6,0,Posgrado,33143.6,no_moroso
47,14076.9,7,39.9,0,Secundaria,35042.21,moroso
35,10542.11,7,40.3,0,Tecnico,25514.02,moroso
67,7318.34,8,23.4,0,Secundaria,18421.62,no_moroso
63,,0,77.2,0,Tecnico,200.0,moroso
58,4480.69,6,13.2,0,Posgrado,15812.57,no_moroso
35,6247.05,3,27.0,0,Tecnico,14300.51,no_moroso
65,4693.79,1,7.9,1,Universitario,11840.37,no_moroso
23,3695.8,3,,0,Tecnico,9706.29,no_moroso
67,6792.03,7,6.4,1,Universitario,19029.33,no_moroso
48,10682.04,9,7.6,1,Tecnico,27148.68,no_moroso
68,,6,25.5,0,Secundaria,33419.58,no_moroso
20,2136.34,3,12.4,0,Universitario,7472.72,no_moroso
47,2310.33,6,30.6,1,Universitario,5879.16,moroso
41,,4,13.0,0,Secundaria,25728.99,no_moroso
21,3025.82,5,13.0,1,Tecnico,5834.56,no_moroso
43,,9,0.5,0,Universitario,294230.9267036848,no_moroso
65,,9,21.7,0,Tecnico,9240.15,no_moroso
49,9989.25,2,7.4,1,Posgrado,25794.18,no_moroso
33,6261.62,4,1.2,0,Universitario,17672.18,no_moroso
29,,4,27.2,0,Secundaria,15493.74,no_moroso
26,7132.47,6,0.9,1,Secundaria,17227.16,no_moroso
44,2344.99,0,23.2,0,Secundaria,5163.79,no_moroso
30,9259.88,3,32.3,1,TECNICO,21200.97,moroso
50,,4,,0,Tecnico,20338.47,no_moroso
35,14603.02,3,7.0,1,Tecnico,35220.66,no_moroso
68,4893.77,8,21.9,0,Tecnico,13197.73,no_moroso
64,8515.36,8,15.0,0,Universitario,23318.26,no_moroso
31,12542.98,7,18.4,1,Tecnico,31021.62,no_moroso
62,13441.39,3,3.6,0,Tecnico,34598.36,no_moroso
57,12383.3,4,1.6,0,Posgrado,34684.23,no_moroso
54,9683.17,0,18.8,1,Universitario,23243.8,no_moroso
31,10483.6,9,0.5,1,Secundaria,26616.17,no_moroso
19,3010.12,0,30.5,0,Secundaria,6609.58,moroso
51,6711.58,4,,0,Posgrado,19034.81,no_moroso
33,8036.01,9,23.1,0,Universitario,23374.23,no_moroso
47,10972.76,3,14.0,0,Secundaria,27421.38,no_moroso
34,10199.38,2,2.6,1,SECUNDARIA,24646.88,no_moroso
47,4858.73,5,7.7,0,Secundaria,12431.1,no_moroso
21,14817.32,5,,0,Secundaria,37214.22,moroso
29,,1,13.7,1,Secundaria,221704.8667939541,no_moroso
52,9053.18,5,,1,Universitario,22923.46,no_moroso
38,,0,4.2,1,Posgrado,5594.41,no_moroso
34,5345.01,0,15.6,0,UNIVERSITARIO,171205.0560655313,no_moroso
63,,6,1.1,0,Tecnico,13002.75,no_moroso
64,1638.03,2,5.5,0,Universitario,5987.84,no_moroso
35,1487.75,7,10.0,1,Tecnico,3231.28,no_moroso
39,,1,14.4,1,Universitario,25723.28,no_moroso
67,4916.53,9,3.6,0,Tecnico,14218.77,no_moroso
56,13476.24,7,26.1,0,Tecnico,34345.85,no_moroso
66,3108.82,7,6.5,0,Secundaria,234116.48072829767,no_moroso
42,9697.26,6,44.7,1,Universitario,23771.25,moroso
54,11684.5,2,23.4,1,Universitario,28546.21,no_moroso
49,5486.31,2,17.0,0,Secundaria,13334.18,no_moroso
27,14393.05,9,1.1,1,Universitario,38393.91,no_moroso
48,5632.6,5,9.9,1,Universitario,215199.79361864875,no_moroso
63,1859.34,1,22.1,0,Secundaria,2572.96,no_moroso
38,9498.08,4,74.3,0,Secundaria,20280.39,moroso
26,4553.47,0,6.0,0,Tecnico,12747.15,no_moroso
24,1428.51,3,19.4,0,Universitario,4976.86,no_moroso
26,2214.91,5,2.3,0,Universitario,8237.97,no_moroso
30,13219.12,3,1.7,1,Tecnico,32791.74,no_moroso
40,13556.86,4,14.7,1,Universitario,33537.17,no_moroso
29,3305.06,2,0.7,0,Secundaria,8431.92,no_moroso
60,14303.59,4,37.4,0,Secundaria,232483.17322645447,moroso
62,6942.22,3,,0,Tecnico,17817.45,no_moroso
64,2932.35,0,9.8,0,Secundaria,7192.9,no_moroso
46,4422.38,7,4.1,1,Universitario,12189.28,no_moroso
52,13743.62,5,15.5,0,Tecnico,35231.2,no_moroso
67,11101.25,0,15.3,1,Secundaria,25845.61,no_moroso
67,10861.04,4,1.6,0,Secundaria,27988.41,no_moroso
68,4317.57,9,8.2,1,universitario,11918.48,no_moroso
50,9888.15,1,,0,Tecnico,25672.53,no_moroso
43,3358.91,1,5.5,0,Tecnico,9434.41,no_moroso
53,6704.31,6,17.2,1,Tecnico,16617.71,no_moroso
57,7860.72,6,14.6,0,Tecnico,21038.79,no_moroso
26,14112.02,2,2.2,0,Tecnico,36210.22,no_moroso
55,,6,27.5,0,Universitario,18582.54,no_moroso
38,3241.55,1,2.3,0,Posgrado,10387.05,no_moroso
31,12048.12,9,56.2,1,Universitario,29289.43,moroso
47,9731.38,9,39.4,0,Universitario,26384.25,moroso
67,14433.14,8,1.2,1,Tecnico,36731.82,no_moroso
38,4127.38,7,11.4,1,Universitario,11025.26,no_moroso
46,8206.9,5,2.4,1,Universitario,21073.8,no_moroso
54,11520.26,9,19.1,1,Universitario,29781.43,no_moroso
40,4376.76,8,10.4,0,Tecnico,11737.7,no_moroso
64,12447.26,0,17.5,0,Universitario,31979.07,no_moroso
65,12323.38,8,8.1,0,Tecnico,32033.64,no_moroso
64,6850.48,0,2.2,0,Posgrado,20522.84,no_moroso
38,8179.67,1,1.1,0,Secundaria,21174.77,no_moroso
23,5180.0,4,9.4,0,Universitario,15045.06,no_moroso
42,7871.15,7,,0,Universitario,22063.37,no_moroso
50,10939.9,1,10.1,1,Secundaria,25966.08,no_moroso
26,12223.86,1,55.0,1,Tecnico,26958.3,moroso
62,11960.21,4,7.2,0,Secundaria,30344.76,no_moroso
32,1493.0,1,5.3,1,Universitario,3992.07,no_moroso
27,2592.01,4,1.6,0,Universitario,8378.57,no_moroso
55,1108.01,4,13.5,0,Posgrado,4808.29,no_moroso
58,1646.85,8,4.3,1,Tecnico,4150.4,no_moroso
61,2319.54,8,5.0,1,Secundaria,5054.33,no_moroso
35,14785.08,3,8.3,0,Tecnico,37599.19,no_moroso
59,3407.58,4,5.3,1,Universitario,8110.9,no_moroso
45,,5,11.2,1,Posgrado,18663.14,no_moroso
41,10239.42,2,12.1,0,Secundaria,25474.32,no_moroso
36,9627.25,7,7.4,1,Secundaria,22910.89,no_moroso
64,11475.74,6,,0,Tecnico,27285.03,moroso
44,14551.48,1,2.7,0,Secundaria,36085.0,no_moroso
46,12371.51,0,15.1,0,Posgrado,33242.28,no_moroso
40,5801.38,7,14.4,0,Universitario,16719.33,no_moroso
46,4397.79,2,11.2,1,Posgrado,12857.16,no_moroso
67,2620.52,3,23.9,0,Universitario,7398.92,no_moroso
43,3983.21,4,1.1,0,Tecnico,10702.81,no_moroso
64,4164.69,3,36.7,0,SECUNDARIA,8924.03,moroso
62,932.46,5,6.5,1,Universitario,3139.46,no_moroso
40,2296.53,6,16.7,1,Tecnico,4694.27,no_moroso
25,12537.77,2,21.8,0,tecnico,31123.28,no_moroso
44,10253.34,5,9.3,0,Tecnico,26355.34,no_moroso
22,4435.72,9,15.1,1,Posgrado,13630.52,no_moroso
67,,3,,0,Secundaria,7528.75,no_moroso
32,7339.79,3,26.6,0,Tecnico,255380.32045089867,no_moroso
38,11388.58,0,,1,Tecnico,26250.92,no_moroso
68,4270.47,8,25.7,0,Universitario,13161.77,no_moroso
28,,2,3.4,0,Tecnico,29886.88,no_moroso
58,8457.76,9,8.9,1,Posgrado,23960.79,no_moroso
32,6774.78,1,9.4,0,Posgrado,19952.24,no_moroso
18,3372.72,3,4.8,0,Universitario,9574.17,no_moroso
20,13730.65,1,0.0,0,Universitario,36319.68,no_moroso
38,11451.41,4,1.1,0,Tecnico,29684.3,no_moroso
28,10691.47,1,4.1,1,Secundaria,24826.47,no_moroso
66,3393.4,4,3.6,0,Tecnico,10174.87,no_moroso
56,11232.5,8,2.8,0,Secundaria,29607.64,no_moroso
28,,2,10.0,0,Tecnico,30596.34,no_moroso
25,10583.18,1,0.2,1,Tecnico,26574.64,no_moroso
29,,2,2.9,0,universitario,9469.12,no_moroso
51,9008.56,7,0.9,0,Universitario,25678.33,no_moroso
46,,0,32.4,0,Universitario,33567.83,moroso
20,3497.02,9,0.2,0,Secundaria,10666.92,no_moroso
19,1949.82,1,4.0,1,Posgrado,6482.49,no_moroso
26,8952.51,1,34.2,1,Universitario,21214.94,moroso
22,7610.99,0,9.6,0,Universitario,20674.51,no_moroso
29,2442.46,5,11.4,0,Tecnico,7190.06,no_moroso
41,6626.27,9,35.5,0,Posgrado,19394.65,moroso
26,6179.5,2,7.5,0,Posgrado,18682.7,no_moroso
67,13938.01,7,,0,Posgrado,37944.32,no_moroso
28,11720.31,6,27.2,1,Universitario,29660.92,no_moroso
49,6382.36,6,10.4,1,Secundaria,15240.79,no_moroso
21,6607.26,7,10.1,0,Secundaria,17117.53,no_moroso
44,9044.29,0,4.1,1,Tecnico,21523.71,no_moroso
59,9185.66,2,16.6,1,Posgrado,23699.53,no_moroso
63,7295.43,2,6.6,0,Tecnico,19256.22,no_moroso
36,3240.51,8,8.0,0,Tecnico,9200.57,no_moroso
45,3757.64,1,,0,Universitario,274878.19039330754,no_moroso
64,1538.88,9,12.5,1,Universitario,6106.96,no_moroso
52,5927.74,0,22.4,0,Universitario,15711.69,no_moroso
36,12971.16,1,,0,Universitario,33041.09,no_moroso
35,9278.57,8,34.9,1,Universitario,23102.27,moroso
34,7468.11,6,5.7,1,TECNICO,17885.39,no_moroso
25,12289.37,7,33.5,1,Secundaria,28530.25,moroso
47,10484.89,2,4.1,0,Tecnico,26787.56,no_moroso
65,11071.59,7,16.3,0,Posgrado,30514.25,no_moroso
27,5402.18,1,3.5,0,Tecnico,14220.4,no_moroso
63,13454.09,6,3.7,1,Tecnico,33160.74,no_moroso
63,12785.96,0,1.2,0,Posgrado,35761.88,no_moroso
55,2531.69,5,0.2,0,Posgrado,9296.37,no_moroso
36,9853.65,4,5.4,0,Universitario,26465.28,no_moroso
24,1571.11,6,,1,Secundaria,1682.0,no_moroso
68,11579.97,4,1.1,0,Secundaria,29807.63,no_moroso
66,14162.95,1,0.9,0,Universitario,37326.86,no_moroso
20,7951.44,2,3.8,0,Tecnico,20426.07,no_moroso
36,9580.67,1,2.4,1,Tecnico,22607.36,no_moroso
18,8171.44,9,4.4,0,Universitario,23316.36,no_moroso
68,9676.54,1,11.7,0,Tecnico,24730.28,no_moroso
45,7871.16,0,12.1,0,Secundaria,18434.23,no_moroso
54,3454.37,1,9.8,1,Universitario,8768.26,no_moroso
26,5878.95,8,2.2,0,Universitario,17357.75,no_moroso
54,12149.01,3,8.8,0,posgrado,33278.05,no_moroso
66,14847.31,2,16.2,1,Universitario,37865.82,no_moroso
42,14757.46,9,10.0,0,Tecnico,38715.62,no_moroso
60,12408.01,3,,0,Posgrado,33108.4,no_moroso
22,6954.85,5,3.9,1,Tecnico,18135.35,no_moroso
27,1092.52,7,31.3,1,Secundaria,1824.34,moroso
40,8390.88,1,11.7,1,Universitario,19988.94,no_moroso
30,4223.31,1,11.4,0,Secundaria,9815.34,no_moroso
51,9996.68,2,2.9,1,Universitario,24918.74,no_moroso
42,12841.95,4,15.0,1,Secundaria,30995.35,no_moroso
45,2218.77,5,3.5,0,Secundaria,6178.61,no_moroso
28,8688.93,5,3.7,0,Universitario,24133.88,no_moroso
32,3675.33,1,3.9,1,Secundaria,7443.33,no_moroso
43,8405.97,8,2.4,1,Secundaria,21116.33,no_moroso
27,12158.62,1,19.2,0,Universitario,31210.12,no_moroso
59,9466.34,6,16.6,0,Universitario,26012.23,no_moroso
48,8346.62,3,95.3,0,Posgrado,19969.45,moroso
69,,9,13.9,0,Secundaria,11304.38,no_moroso
53,5794.15,9,55.3,1,TECNICO,12316.88,moroso
55,12801.38,5,24.5,0,Tecnico,32228.33,no_moroso
29,11306.69,6,25.3,0,Tecnico,288263.6569283179,no_moroso
36,11787.27,7,5.5,0,Posgrado,33912.73,no_moroso
32,14157.26,9,38.4,1,Secundaria,33618.1,moroso
56,2678.75,2,0.8,0,Universitario,8240.02,no_moroso
30,11563.57,3,47.9,1,posgrado,28542.1,moroso
28,11122.6,8,,1,Universitario,28920.15,no_moroso
53,7200.7,5,11.7,1,Universitario,19176.0,no_moroso
48,11619.26,0,24.9,0,Universitario,28924.58,no_moroso
52,8595.86,8,2.3,1,Tecnico,21510.09,no_moroso
37,14103.7,7,9.1,1,Tecnico,34868.92,no_moroso
52,,6,9.3,0,Secundaria,27452.59,no_moroso
45,5971.19,1,0.3,1,Tecnico,14795.15,no_moroso
65,9275.38,7,,0,Posgrado,27171.96,no_moroso
46,9111.79,0,0.8,0,Secundaria,22845.04,no_moroso
53,7395.52,7,3.0,1,Universitario,18984.97,no_moroso
32,7288.9,3,3.3,1,Tecnico,16776.03,no_moroso
28,10529.68,2,0.4,0,Universitario,27680.41,no_moroso
52,,3,39.2,1,Posgrado,20721.83,moroso
69,844.97,3,0.0,0,Universitario,3471.38,no_moroso
58,2282.86,5,,0,UNIVERSITARIO,6864.48,no_moroso
32,2337.2,9,37.0,1,Universitario,5325.86,moroso
45,4426.08,3,13.8,0,Posgrado,13785.9,no_moroso
65,2979.89,5,2.8,0,Posgrado,11344.52,no_moroso
54,6174.56,1,10.0,1,Tecnico,14067.96,no_moroso
67,1689.48,4,5.2,1,Tecnico,3589.58,no_moroso
49,8335.34,5,0.3,1,Universitario,21855.97,no_moroso
27,8762.7,8,22.1,1,Secundaria,20501.12,no_moroso
27,14773.86,4,1.2,0,Secundaria,38560.62,no_moroso
22,12971.96,0,9.8,0,Universitario,33552.73,no_moroso
69,4925.77,7,2.1,0,UNIVERSITARIO,15793.8,no_moroso
26,7302.57,2,4.9,0,Universitario,20374.57,no_moroso
34,13403.42,0,12.7,0,Tecnico,33719.35,no_moroso
25,7103.68,0,37.3,1,Universitario,15005.33,moroso
39,14299.9,4,2.7,1,Tecnico,34586.1,no_moroso
56,13898.05,4,0.9,0,Tecnico,36671.46,no_moroso
68,7499.61,1,3.9,0,Universitario,21081.92,no_moroso
27,3637.4,1,2.3,0,Tecnico,8997.58,no_moroso
62,6289.47,7,5.1,0,Posgrado,19956.14,no_moroso
32,14681.84,4,4.0,0,Tecnico,37878.74,no_moroso
22,12836.62,3,15.1,0,Universitario,32930.87,no_moroso
20,14477.9,9,12.2,1,Secundaria,36356.41,no_moroso
58,8367.76,9,,0,Tecnico,23829.95,no_moroso
39,10768.38,5,27.5,0,Posgrado,29436.71,no_moroso
63,2788.75,3,18.2,1,Universitario,6967.66,no_moroso
22,,5,1.3,0,Tecnico,32224.42,no_moroso
40,2718.83,5,,1,Tecnico,5999.31,no_moroso
67,4916.53,9,3.6,0,Tecnico,14218.77,no_moroso
44,,2,39.1,1,Posgrado,20393.34,moroso
47,1481.14,1,7.4,0,Tecnico,3829.32,no_moroso
32,,8,,0,Secundaria,20018.69,no_moroso
52,1719.08,3,9.2,0,Secundaria,4520.31,no_moroso
62,10185.68,4,48.7,1,Secundaria,22277.61,moroso
36,10696.05,1,43.2,1,Universitario,25697.51,moroso
39,11680.17,2,21.9,0,Secundaria,29154.58,no_moroso
31,12012.45,6,7.7,0,Universitario,32655.72,no_moroso
19,,8,,1,Universitario,10100.11,moroso
60,14106.15,8,,0,Universitario,38031.64,no_moroso
63,,6,68.0,1,Tecnico,4146.68,moroso
29,12650.9,1,,1,Universitario,30982.45,no_moroso
36,8033.24,1,27.7,0,Tecnico,19276.08,no_moroso
65,5708.29,8,68.3,0,Secundaria,12871.01,moroso
40,6355.21,9,,0,Posgrado,19628.14,no_moroso
24,4541.07,8,11.2,1,Universitario,13453.11,no_moroso
62,10940.31,1,19.1,0,Tecnico,26927.19,no_moroso
25,13923.76,6,32.2,0,Tecnico,33899.36,moroso
64,6405.43,6,28.0,0,Universitario,16546.26,no_moroso
47,10085.84,4,2.0,1,Universitario,26718.88,no_moroso
33,7469.51,4,10.5,1,Universitario,18262.83,no_moroso
64,8060.6,6,17.9,1,Secundaria,19570.79,no_moroso
47,11660.46,7,9.4,1,UNIVERSITARIO,29779.29,no_moroso
21,1909.11,6,40.9,1,Tecnico,3538.59,moroso
58,,6,21.3,0,Universitario,37747.57,no_moroso
35,4984.74,3,,0,Universitario,14564.35,no_moroso
34,2182.32,0,34.7,1,Tecnico,2410.09,moroso
40,12770.94,4,,1,Posgrado,34394.12,no_moroso
47,10785.61,2,8.7,0,Posgrado,29976.04,no_moroso
22,8673.65,0,2.2,1,Universitario,21221.48,no_moroso
66,6870.9,0,1.6,0,Secundaria,16824.29,no_moroso
25,12185.96,6,39.7,0,Tecnico,29734.75,moroso
35,8281.08,2,10.8,1,Universitario,20554.68,no_moroso
46,,5,20.3,1,Universitario,29652.45,no_moroso
69,12202.33,3,53.5,0,Universitario,29447.84,moroso
37,3246.96,3,3.6,1,Posgrado,11201.97,no_moroso
24,11054.6,1,5.7,0,Universitario,28568.31,no_moroso
48,11181.68,6,22.4,0,Universitario,29344.18,no_moroso
25,12708.06,7,82.6,0,Tecnico,29584.41,moroso
30,1520.1,0,22.6,0,Tecnico,2174.42,no_moroso
40,12309.96,9,39.8,1,tecnico,29702.75,moroso
68,9890.68,1,20.1,1,Tecnico,23218.17,no_moroso
31,13925.01,6,7.6,0,Universitario,37292.23,no_moroso
30,3494.36,6,26.2,0,Tecnico,8736.67,no_moroso
32,3929.26,2,7.7,1,tecnico,8485.04,no_moroso
61,14743.33,6,3.7,0,Secundaria,36743.44,no_moroso
22,809.85,3,18.1,0,Posgrado,4800.48,no_moroso
33,11800.34,3,12.8,1,Universitario,29405.75,no_moroso
46,6053.56,8,4.5,0,Universitario,18438.84,no_moroso
57,11069.36,5,12.3,1,Universitario,28277.29,no_moroso
38,8735.32,7,,0,Posgrado,24814.71,no_moroso
49,903.57,0,2.4,0,Posgrado,4692.64,no_moroso
50,12691.56,4,16.5,1,Posgrado,33318.25,no_moroso
21,14654.2,2,15.9,0,Tecnico,36541.12,no_moroso
54,2379.46,7,,0,Posgrado,9761.32,no_moroso
31,14587.54,8,5.6,1,Secundaria,36288.44,no_moroso
46,7809.73,5,,1,Universitario,20538.3,no_moroso
29,7483.51,6,14.3,0,Posgrado,21946.3,no_moroso
55,10756.56,2,19.4,0,UNIVERSITARIO,28347.74,no_moroso
36,6111.75,0,22.2,0,Tecnico,14587.48,no_moroso
43,5507.92,3,5.6,0,Posgrado,16902.24,no_moroso
57,10406.24,4,110.6,1,Universitario,20923.07,moroso
44,,0,7.7,1,Posgrado,7487.99,no_moroso
40,5214.72,0,20.3,0,Posgrado,14435.48,no_moroso
34,3944.97,7,0.3,0,Secundaria,11368.57,no_moroso
32,4303.73,8,8.0,1,Secundaria,10841.58,no_moroso
51,14285.23,7,4.8,0,Universitario,38412.32,no_moroso
24,3746.38,9,4.1,0,Tecnico,11485.12,no_moroso
47,12710.94,2,17.7,0,Secundaria,31711.78,no_moroso
43,13408.68,4,36.6,0,Universitario,33508.71,moroso
53,1741.58,1,41.1,0,Universitario,3755.35,moroso
27,11869.38,9,4.3,0,Tecnico,31617.04,no_moroso
31,,4,13.6,1,Universitario,21586.44,no_moroso
38,5192.23,4,15.8,0,Universitario,14824.96,no_moroso
47,,8,2.7,0,Tecnico,20031.18,no_moroso
40,1378.76,2,2.7,1,Secundaria,2289.65,no_moroso
21,14606.5,8,4.7,1,Universitario,37870.27,no_moroso
23,8208.73,2,3.9,0,Posgrado,24171.44,no_moroso
30,5183.19,7,1.1,0,Universitario,15989.97,no_moroso
53,2107.85,4,0.8,0,Secundaria,6549.99,no_moroso
20,11466.2,4,2.4,1,Tecnico,27856.54,no_moroso
47,1006.57,5,38.4,0,Secundaria,1202.35,moroso
40,2311.43,3,10.5,1,Posgrado,8269.09,no_moroso
31,12555.01,6,1.6,0,Universitario,33474.77,no_moroso
42,6110.28,4,2.0,0,Posgrado,19489.84,no_moroso
19,12579.25,5,,0,Universitario,33947.39,no_moroso
43,2028.41,9,115.5,1,Tecnico,190432.551107012,moroso
20,,9,11.5,0,TECNICO,11915.41,no_moroso
57,9886.1,2,3.0,0,Tecnico,24614.85,no_moroso
38,14278.22,1,8.9,1,Universitario,35312.75,no_moroso
53,14151.21,1,11.8,0,Posgrado,38423.2,no_moroso
47,10074.4,7,9.6,0,Secundaria,26423.35,no_moroso
52,10641.16,2,1.2,1,Tecnico,25771.16,no_moroso
38,5727.02,4,17.7,0,Tecnico,14291.04,no_moroso
59,913.46,4,30.1,1,Posgrado,2613.81,moroso
50,1425.83,9,20.5,0,Universitario,6449.47,no_moroso
63,12574.84,6,,0,Tecnico,33362.12,no_moroso
66,3010.84,5,1.0,0,Posgrado,11502.78,no_moroso
23,6299.64,4,11.4,1,Tecnico,15548.42,no_moroso
66,881.59,5,31.5,0,tecnico,1842.22,moroso
35,6691.42,0,9.3,0,Universitario,18598.3,no_moroso
27,8463.6,4,20.3,1,Posgrado,22892.97,no_moroso
31,6162.72,3,6.7,1,Posgrado,17403.34,no_moroso
55,12736.65,7,30.6,1,Tecnico,30145.13,moroso
38,8061.44,1,0.8,1,Universitario,20124.36,no_moroso
48,1367.28,2,,0,Universitario,4871.2,no_moroso
54,10331.1,0,,0,Tecnico,26255.51,no_moroso
52,12608.43,7,32.3,1,Posgrado,32345.72,moroso
30,4903.92,4,27.8,0,Universitario,13692.95,no_moroso
47,13799.64,9,18.6,1,Posgrado,37539.32,no_moroso
50,1190.17,5,10.0,0,Universitario,5297.9,no_moroso
42,3085.91,3,21.0,0,Universitario,8534.36,no_moroso
28,3403.43,9,33.1,0,Tecnico,8654.95,moroso
54,4505.94,4,67.1,0,Universitario,9477.73,moroso
55,13517.23,6,5.7,1,Universitario,34495.98,no_moroso
35,2049.05,4,0.0,0,Secundaria,6262.26,no_moroso
58,,4,11.5,0,Universitario,24851.63,no_moroso
53,,5,2.8,0,Tecnico,21405.43,no_moroso
32,11389.85,9,1.2,0,Posgrado,32922.24,no_moroso
67,13653.95,3,62.5,1,Tecnico,30401.19,moroso
51,7255.52,2,0.1,0,Tecnico,19023.41,no_moroso
61,880.33,8,36.3,0,Secundaria,2776.2,moroso
27,9372.42,1,,0,Secundaria,23557.43,no_moroso
68,9981.47,8,10.7,1,Tecnico,25343.95,no_moroso
65,11483.84,4,26.6,1,Posgrado,235286.62458099742,no_moroso
30,9224.27,0,34.1,0,Posgrado,23583.15,moroso
44,4698.55,9,2.7,0,UNIVERSITARIO,14226.16,no_moroso
28,3773.2,9,0.2,0,Universitario,13213.57,no_moroso
49,1428.23,8,17.4,1,Posgrado,5855.72,no_moroso
42,11492.92,9,14.2,0,Tecnico,31260.89,no_moroso
40,7114.5,9,16.7,0,Universitario,21565.61,no_moroso
46,1427.65,7,10.5,1,Universitario,4414.04,no_moroso
32,14723.71,3,27.4,0,Universitario,37895.53,no_moroso
24,2288.59,8,18.1,1,Tecnico,5882.88,no_moroso
44,5850.99,0,,0,Secundaria,13908.17,no_moroso
51,4116.51,8,5.5,0,Tecnico,11914.7,no_moroso
60,10414.97,1,21.4,0,Universitario,27121.93,no_moroso
21,11134.94,3,16.7,1,UNIVERSITARIO,27119.61,no_moroso
51,8580.33,7,,0,Tecnico,23851.75,no_moroso
61,9365.06,6,11.2,0,Universitario,25371.86,no_moroso
46,824.42,8,26.6,1,Tecnico,1633.07,no_moroso
50,12643.34,3,1.7,1,Universitario,32689.23,no_moroso
69,14427.33,2,,0,Tecnico,36352.95,no_moroso
38,9428.99,9,39.9,0,Posgrado,26461.03,moroso
37,10639.54,1,49.4,1,TECNICO,23751.67,moroso
59,14591.62,8,10.7,0,Tecnico,37127.32,no_moroso
50,6783.42,5,0.5,0,Tecnico,17689.68,no_moroso
57,8354.89,8,20.0,0,Universitario,22350.41,no_moroso
26,7068.39,0,7.4,1,Secundaria,15922.18,no_moroso
50,8151.34,1,13.7,1,Tecnico,19036.29,no_moroso
45,2951.06,2,0.7,1,Secundaria,7156.69,no_moroso
52,4036.9,1,11.9,0,Universitario,12178.15,no_moroso
42,8130.97,2,8.7,1,Universitario,20503.8,no_moroso
33,13946.51,9,13.2,1,Tecnico,35429.81,no_moroso
56,11987.27,7,6.0,0,Posgrado,33666.69,no_moroso
51,7092.91,5,11.9,1,Universitario,17206.39,no_moroso
30,5272.18,5,6.3,1,Posgrado,14747.48,no_moroso
31,5862.6,7,32.0,1,Tecnico,13148.41,moroso
36,5890.34,6,18.3,0,Universitario,16402.22,no_moroso
41,12703.03,1,26.8,1,TECNICO,30457.03,no_moroso
54,11744.13,3,17.0,1,Secundaria,28014.57,no_moroso
50,5983.92,9,10.0,0,Posgrado,19800.36,no_moroso
49,7855.04,7,2.5,0,Secundaria,21678.69,no_moroso
33,7784.52,9,13.0,0,Universitario,22353.64,no_moroso
62,10942.63,9,3.4,0,Universitario,30884.65,no_moroso
66,1264.76,8,48.9,0,Posgrado,4920.22,moroso
67,14316.13,0,1.2,1,Secundaria,33890.55,no_moroso
65,3922.5,5,1.2,0,Universitario,12043.41,no_moroso
56,7765.16,6,39.4,1,Tecnico,16832.47,moroso
62,8556.16,5,21.6,0,Secundaria,21070.19,no_moroso
44,1020.48,4,,0,Tecnico,3174.23,no_moroso
28,13228.12,5,1.4,1,Universitario,33122.91,no_moroso
25,8188.65,6,7.3,1,Universitario,20904.76,no_moroso
68,4928.19,7,4.9,1,posgrado,13963.93,no_moroso
46,6096.57,7,5.4,1,Secundaria,14933.04,no_moroso
66,8368.8,7,5.0,0,Tecnico,22174.74,no_moroso
25,13267.21,8,,0,Universitario,35609.89,moroso
69,14582.96,2,15.7,0,Secundaria,210879.51768892902,no_moroso
39,8073.14,0,40.0,0,Posgrado,249580.81016940164,moroso
45,9552.46,9,13.7,0,Universitario,26598.65,no_moroso
34,12988.44,3,3.9,1,Universitario,32176.85,no_moroso
31,14271.01,8,21.4,1,Tecnico,36148.65,no_moroso
25,,9,9.6,0,Posgrado,18851.69,no_moroso
33,8739.62,9,9.9,1,Universitario,22728.87,no_moroso
46,9492.86,4,9.3,1,Tecnico,23875.93,no_moroso
66,9366.93,9,15.1,0,Secundaria,24615.24,no_moroso
23,832.96,5,21.1,0,Universitario,3071.34,no_moroso
44,12841.32,4,6.0,1,Universitario,32752.31,no_moroso
46,6518.43,2,18.9,0,Universitario,16446.53,no_moroso
55,1653.22,9,0.2,1,Secundaria,4808.07,no_moroso
33,14839.56,1,44.2,0,Universitario,36553.43,moroso
50,4490.35,9,54.0,1,Posgrado,11938.34,moroso
46,8826.93,4,16.6,1,Tecnico,21904.16,no_moroso
49,3817.36,8,6.0,0,Tecnico,11479.58,no_moroso
38,7429.23,1,18.0,1,Secundaria,16500.87,no_moroso
47,10626.97,1,2.7,0,Tecnico,26190.07,no_moroso
69,1531.04,9,11.9,0,Universitario,5972.45,no_moroso
45,5563.91,8,4.6,1,Secundaria,13540.31,no_moroso
41,1427.56,4,2.4,1,Tecnico,2887.91,no_moroso
27,11702.68,8,39.8,0,Tecnico,28955.29,moroso
39,3921.3,2,2.5,1,Secundaria,8144.22,no_moroso
43,5097.58,7,13.3,0,Universitario,14971.15,no_moroso
40,11237.39,3,,0,UNIVERSITARIO,28228.34,moroso
31,14320.57,0,31.4,0,Secundaria,34148.78,moroso
53,12722.87,1,16.0,1,Posgrado,32511.45,no_moroso
26,3559.46,7,6.6,0,Tecnico,10054.8,no_moroso
40,13247.47,3,11.0,1,Posgrado,33571.34,no_moroso
69,6878.65,4,58.7,0,Tecnico,15931.75,moroso
50,2311.88,5,34.3,1,Universitario,5666.56,moroso
20,4330.24,9,36.3,1,Posgrado,12124.77,moroso
66,5460.4,4,0.1,1,Universitario,14639.64,no_moroso
48,4642.6,3,,1,Secundaria,8987.79,no_moroso
37,10882.74,8,0.4,0,Tecnico,28919.72,no_moroso
55,4069.41,2,3.9,0,Secundaria,10056.34,no_moroso
40,8980.8,1,,1,Universitario,21817.06,no_moroso
36,12984.49,6,6.8,1,Secundaria,31555.88,no_moroso
46,8523.19,0,19.8,0,Tecnico,20333.52,no_moroso
24,2560.06,0,24.3,0,Posgrado,7555.87,no_moroso
25,5771.09,0,,0,TECNICO,14638.68,no_moroso
60,4536.56,0,4.2,0,Universitario,11954.2,no_moroso
19,8673.6,6,14.0,0,TECNICO,22990.79,no_moroso
34,13741.5,7,1.2,0,Tecnico,36974.33,no_moroso
18,4951.91,1,14.9,1,Secundaria,9484.45,no_moroso
57,6352.14,0,10.1,0,Posgrado,19036.92,no_moroso
69,2030.21,3,10.3,0,Tecnico,5649.77,no_moroso
58,11577.71,8,8.1,0,Universitario,31820.5,no_moroso
27,7140.55,8,13.1,1,tecnico,18094.58,no_moroso
56,5518.27,1,7.2,0,Tecnico,14443.07,no_moroso
63,6588.43,0,6.0,0,Tecnico,16907.09,no_moroso
62,11316.69,3,11.3,0,Posgrado,31634.51,no_moroso
48,4402.03,6,2.4,0,Tecnico,12413.57,no_moroso
53,2224.85,8,19.9,1,Secundaria,4744.92,no_moroso
65,6196.93,0,8.8,1,Universitario,15102.52,no_moroso
42,7305.13,0,39.2,1,Tecnico,15961.08,moroso
39,4162.79,8,,1,Tecnico,9610.23,no_moroso
20,13695.58,6,2.3,1,Universitario,35882.76,no_moroso
37,3112.48,0,3.3,0,Posgrado,9611.42,no_moroso
58,9588.59,9,8.1,0,Secundaria,24656.67,no_moroso
23,8650.39,3,11.7,1,Universitario,21693.02,no_moroso
42,6572.24,5,4.6,0,Universitario,18235.25,no_moroso
63,3726.23,0,18.9,0,Tecnico,8351.61,no_moroso
27,1244.87,7,18.4,0,Universitario,4865.94,no_moroso
56,,3,7.6,0,Universitario,28526.64,no_moroso
69,5463.06,1,9.5,1,Posgrado,15399.99,no_moroso
33,13101.4,3,6.6,0,Universitario,33965.74,no_moroso
23,2475.73,7,4.1,0,Posgrado,9748.13,no_moroso
32,7996.43,5,33.4,0,Posgrado,22632.17,moroso
47,12102.48,6,12.7,0,Universitario,32334.85,no_moroso
50,14868.95,6,12.6,0,Posgrado,41110.49,no_moroso
57,8128.6,5,5.5,0,Universitario,21637.27,no_moroso
29,7446.52,8,13.3,0,Secundaria,19470.17,no_moroso
25,14990.75,8,26.5,1,Universitario,37790.23,no_moroso
31,13557.88,8,11.4,1,Tecnico,33432.24,no_moroso
51,7141.28,4,9.7,1,Universitario,18049.38,no_moroso
58,11403.39,9,13.3,1,Secundaria,27870.2,no_moroso
41,7748.41,4,31.8,0,Posgrado,20769.37,moroso
31,8341.4,3,18.6,0,Posgrado,22287.02,no_moroso
63,1591.8,1,17.1,0,Tecnico,3102.4,no_moroso
69,11242.75,6,3.5,0,Secundaria,30058.19,no_moroso
25,3483.12,3,9.7,0,tecnico,8390.45,no_moroso
65,13003.79,3,10.5,1,Tecnico,31422.13,no_moroso
34,,4,5.9,0,Universitario,29377.95,no_moroso
45,11444.37,6,10.4,0,Secundaria,28650.21,no_moroso
50,7215.64,8,1.0,1,Universitario,20269.82,no_moroso
49,10524.34,6,8.7,0,Secundaria,27108.31,no_moroso
53,5965.55,6,27.6,0,Posgrado,18361.83,no_moroso
67,9260.04,0,25.4,0,Universitario,23104.61,no_moroso
41,4453.52,0,13.8,0,Universitario,12229.97,no_moroso
55,7446.46,0,3.2,1,Tecnico,17551.98,no_moroso
30,1151.64,0,42.9,0,UNIVERSITARIO,2893.64,moroso
33,11405.48,4,61.1,1,Universitario,26828.18,moroso
34,13420.24,7,2.1,0,SECUNDARIA,34290.67,no_moroso
38,,6,5.2,1,Secundaria,29094.83,no_moroso
22,12743.01,3,0.9,1,Posgrado,33783.3,no_moroso
27,,5,9.9,0,Universitario,12450.0,no_moroso
34,14206.46,0,0.7,1,Tecnico,34088.57,no_moroso
26,10258.98,0,8.8,0,Posgrado,27846.73,no_moroso
68,4530.49,1,,0,Tecnico,11686.64,no_moroso
57,8005.36,6,0.8,1,Universitario,20661.44,no_moroso
44,4568.81,4,14.8,0,Tecnico,11002.38,no_moroso
57,8488.56,1,44.5,0,Tecnico,18667.27,moroso
33,7504.01,7,6.0,1,Tecnico,19234.67,no_moroso
22,9622.71,3,2.4,0,Tecnico,25312.98,no_moroso
34,3456.45,5,18.4,1,Tecnico,8240.14,no_moroso
38,5386.13,2,21.2,0,Secundaria,12916.24,no_moroso
60,13442.54,3,45.8,0,Universitario,33800.91,moroso
51,12498.98,3,1.2,0,Universitario,33522.75,no_moroso
25,7283.38,5,31.1,1,Tecnico,17286.38,moroso
22,3779.63,9,,0,Secundaria,248829.00480383122,no_moroso
47,3465.73,6,95.4,1,Universitario,5136.86,moroso
66,13506.64,9,3.5,1,Tecnico,34129.05,no_moroso
55,11324.61,8,14.5,1,Tecnico,28146.71,no_moroso
66,,5,32.6,1,Universitario,26174.05,moroso
31,,5,12.5,0,Universitario,38216.19,no_moroso
56,2378.31,0,6.0,0,Universitario,6557.93,no_moroso
69,1204.58,1,7.4,0,Universitario,4208.73,no_moroso
37,9923.55,6,10.2,1,Universitario,25379.41,no_moroso
40,10444.79,8,20.0,0,Posgrado,29846.27,no_moroso
53,7384.29,1,0.4,0,POSGRADO,20617.61,no_moroso
61,10116.67,5,21.1,1,Universitario,25774.9,no_moroso
20,8934.26,7,19.5,1,Universitario,23061.62,no_moroso
47,6760.15,4,17.5,0,Secundaria,17403.13,no_moroso
34,3734.94,8,14.7,0,Universitario,11000.59,no_moroso
31,8466.49,1,44.1,1,Universitario,19092.41,moroso
43,4858.02,5,3.2,1,Secundaria,11182.41,no_moroso
44,13820.89,1,4.0,1,Universitario,34503.71,no_moroso
30,8709.0,9,14.0,1,Tecnico,21644.83,no_moroso
54,6983.85,5,40.4,0,Posgrado,18075.99,moroso
22,12032.5,8,5.0,0,Universitario,31587.38,no_moroso
24,13757.44,8,9.2,1,Tecnico,34408.78,no_moroso
37,12927.4,8,28.5,1,Tecnico,32678.88,no_moroso
51,2735.51,3,16.0,0,Posgrado,9892.06,no_moroso
23,13732.83,0,10.1,1,Universitario,34518.27,no_moroso
35,1681.7,3,45.2,0,Universitario,191755.38343107255,moroso
60,6604.45,7,4.4,0,Universitario,19372.38,no_moroso
26,9100.44,1,,0,Universitario,22955.94,no_moroso
43,5433.56,8,33.6,0,Universitario,15553.06,moroso
31,,4,5.7,0,Universitario,31297.76,no_moroso
41,11676.42,8,7.2,1,Tecnico,29953.89,no_moroso
29,9095.63,9,73.3,1,Universitario,20446.96,moroso
38,1505.36,6,22.5,0,Universitario,5467.71,no_moroso
51,4710.76,9,5.7,0,Universitario,15081.41,no_moroso
33,4212.47,9,6.8,1,Tecnico,11340.76,no_moroso
19,14449.15,0,9.6,0,UNIVERSITARIO,37065.33,no_moroso
26,10899.71,6,6.7,0,Tecnico,29028.29,no_moroso
67,9162.91,0,18.8,1,Tecnico,21433.26,no_moroso
32,10311.53,1,5.3,0,Secundaria,25833.13,no_moroso
51,1197.89,9,4.1,0,Tecnico,5167.52,no_moroso
49,,3,14.8,1,Tecnico,21972.73,no_moroso
67,4638.47,5,6.2,1,Tecnico,12042.06,no_moroso
51,14166.38,7,11.9,1,Universitario,35980.27,no_moroso
20,12006.7,4,4.0,0,Posgrado,33707.56,no_moroso
50,,8,79.2,0,SECUNDARIA,20079.87,moroso
46,4579.46,1,22.3,0,Universitario,11961.89,no_moroso
19,9791.45,3,4.8,0,Tecnico,25760.8,no_moroso
18,10940.07,2,15.1,0,Posgrado,29788.82,no_moroso
47,11471.31,2,8.3,0,Secundaria,28203.38,no_moroso
29,6858.7,1,56.5,1,Posgrado,15915.55,moroso
63,10855.09,9,14.9,1,Secundaria,26765.84,no_moroso
60,8473.83,0,17.6,0,Secundaria,20952.0,no_moroso
41,,6,31.5,1,Universitario,13021.0,moroso
29,6035.35,5,62.2,0,Tecnico,12727.0,moroso
38,8325.07,4,15.0,0,Universitario,21987.51,no_moroso
24,4972.75,0,7.9,1,Tecnico,10913.82,no_moroso
57,7673.85,3,23.2,0,Universitario,20531.06,no_moroso
54,6396.64,8,0.3,1,Secundaria,16548.9,no_moroso
22,5656.52,3,22.9,0,Secundaria,13171.06,no_moroso
65,2270.9,9,42.0,0,Tecnico,5930.07,moroso
46,12905.68,4,4.2,1,Secundaria,31690.86,no_moroso
55,1936.02,0,0.8,0,Secundaria,5594.79,no_moroso
43,6639.4,7,,0,Universitario,19215.85,no_moroso
66,14234.48,2,1.9,0,Universitario,38078.49,no_moroso
33,5510.22,5,7.1,0,Secundaria,14062.76,no_moroso
47,7080.06,7,23.4,1,Posgrado,20708.51,no_moroso
59,12290.21,4,30.0,1,Secundaria,28254.95,no_moroso
54,1875.39,4,9.7,0,Secundaria,5065.42,no_moroso
48,11945.52,9,12.2,0,Tecnico,31881.79,no_moroso
24,13153.92,7,8.5,0,Tecnico,34329.74,no_moroso
45,1561.58,4,,1,Tecnico,1175.24,moroso
38,12355.87,3,7.1,0,Universitario,33109.38,no_moroso
39,7354.27,9,16.0,1,Universitario,19315.95,no_moroso
35,3303.22,6,8.4,1,Posgrado,10792.57,no_moroso
60,3871.8,0,29.5,0,Tecnico,8253.45,no_moroso
48,13859.85,1,60.2,1,Universitario,31123.24,moroso
35,10046.76,3,5.5,1,Secundaria,23936.13,no_moroso
60,5830.48,6,32.5,0,Secundaria,14441.51,moroso
67,4854.56,7,,0,Secundaria,13934.84,no_moroso
23,2934.21,5,10.0,1,Posgrado,9376.48,no_moroso
66,12053.97,7,5.3,1,Secundaria,30149.39,no_moroso
42,14040.4,3,8.1,1,Universitario,34925.96,no_moroso
57,4616.88,5,17.4,0,Universitario,12312.17,no_moroso
38,1432.02,1,59.5,0,UNIVERSITARIO,2398.95,moroso
66,11550.62,8,11.6,1,Tecnico,28909.9,no_moroso
37,5283.46,7,8.6,1,Universitario,13822.92,no_moroso
25,2003.18,2,14.9,0,Tecnico,5236.27,no_moroso
56,,8,13.3,1,Tecnico,33426.95,no_moroso
45,,4,15.8,1,Secundaria,26747.61,no_moroso
38,3787.84,8,19.7,1,Universitario,10569.96,no_moroso
69,9040.39,7,4.3,1,Tecnico,22896.92,no_moroso
50,,2,2.1,0,Tecnico,24036.09,no_moroso
32,10942.83,3,1.7,0,Tecnico,27889.25,no_moroso
41,7375.61,2,13.4,1,Secundaria,17054.17,no_moroso
38,5039.11,5,17.2,1,Tecnico,11339.92,no_moroso
20,8572.61,1,12.5,0,Posgrado,24213.14,no_moroso
29,1594.88,3,16.5,1,Secundaria,2395.05,no_moroso
27,3310.18,4,33.0,0,Tecnico,7512.67,moroso
38,7656.26,6,6.1,1,Tecnico,18746.84,no_moroso
27,11048.61,5,,0,Universitario,31094.55,no_moroso
53,13306.79,0,12.2,0,Tecnico,207424.52665738369,no_moroso
22,14422.17,5,15.5,1,Universitario,36597.7,no_moroso
18,13667.05,7,20.1,1,Tecnico,33788.33,no_moroso
25,6265.45,9,13.3,1,tecnico,15506.5,no_moroso
18,13376.18,8,27.4,0,Universitario,35905.06,no_moroso
19,2369.13,6,6.0,1,Secundaria,4715.18,no_moroso
40,11864.75,0,0.6,0,Universitario,30184.43,no_moroso
39,,6,5.8,0,Universitario,11723.94,no_moroso
29,,9,6.5,1,Tecnico,23818.81,no_moroso
18,4173.15,5,56.5,1,Secundaria,6759.74,moroso
26,5491.21,7,10.8,1,Universitario,14103.01,no_moroso
56,,6,10.8,0,tecnico,10416.76,no_moroso
52,13236.08,0,15.0,0,Tecnico,33682.65,no_moroso
36,4049.25,4,0.2,1,Universitario,11187.08,no_moroso
50,985.73,8,,0,Tecnico,4213.3,no_moroso
18,8650.57,9,6.0,0,Tecnico,23940.95,no_moroso
32,8529.31,4,1.6,0,Universitario,23381.45,no_moroso
24,4554.31,9,24.2,1,Secundaria,10339.53,no_moroso
30,8745.34,0,2.7,0,Universitario,22852.47,no_moroso
39,,3,2.8,1,Posgrado,31525.48,no_moroso
21,1174.44,8,46.3,0,Universitario,4240.27,moroso
38,8257.83,3,14.9,0,Universitario,21534.94,no_moroso
68,5450.46,0,18.3,0,Tecnico,13530.86,no_moroso
39,3156.81,6,6.7,1,Tecnico,8143.0,no_moroso
60,7341.02,2,30.3,1,Universitario,16733.83,moroso
44,,1,12.0,0,Universitario,9829.92,no_moroso
37,,7,,0,Universitario,32645.83,no_moroso
61,,3,31.1,0,Tecnico,33343.41,moroso
59,14228.59,5,,0,Universitario,36885.59,no_moroso
21,8540.77,0,2.4,0,Posgrado,24762.71,no_moroso
65,4420.13,6,12.5,0,Tecnico,12426.84,no_moroso
32,2788.73,4,2.0,0,Tecnico,8047.23,no_moroso
46,4031.03,4,10.5,1,Tecnico,8536.6,no_moroso
60,11162.1,0,22.3,0,Universitario,27314.41,no_moroso
58,,9,3.1,1,Universitario,35898.12,no_moroso
22,14370.54,2,5.5,0,Posgrado,38314.74,no_moroso
69,1962.3,7,4.7,0,Tecnico,7542.18,no_moroso
51,13182.17,8,22.5,0,Tecnico,34151.47,no_moroso
23,13611.05,9,11.6,0,Posgrado,39035.15,no_moroso
40,11125.71,0,0.0,1,Tecnico,26632.87,no_moroso
63,10194.8,4,15.1,1,Secundaria,23600.34,no_moroso
35,11318.61,6,2.3,0,Tecnico,30529.1,no_moroso
46,14115.28,7,20.4,1,Universitario,36127.8,no_moroso
29,13459.12,9,66.7,0,Secundaria,32405.43,moroso
56,8283.61,6,11.7,1,Posgrado,22882.01,no_moroso
30,9395.63,4,21.6,1,Posgrado,24912.17,no_moroso
28,7207.91,5,23.0,0,Tecnico,19151.08,no_moroso
51,3379.92,4,27.5,0,Universitario,8947.99,no_moroso
20,9994.09,6,0.1,0,Posgrado,29228.82,no_moroso
30,4598.89,3,7.7,0,Posgrado,14629.75,no_moroso
47,5292.28,8,5.2,0,Universitario,16497.84,no_moroso
46,11687.58,4,32.7,1,Universitario,27845.79,moroso
49,11004.38,0,6.2,1,Tecnico,25588.94,no_moroso
21,1974.13,0,26.0,0,Tecnico,4304.36,no_moroso
32,,9,4.3,1,Posgrado,9158.68,no_moroso
25,6411.75,9,,0,Posgrado,16919.86,moroso
28,10090.44,7,16.2,1,Posgrado,26633.26,no_moroso
35,4520.19,3,5.3,0,Posgrado,14682.17,no_moroso
60,3867.79,6,7.4,0,Universitario,11287.37,no_moroso
25,1761.54,3,7.2,1,Universitario,4871.07,no_moroso
22,5037.56,4,,0,Universitario,13378.86,no_moroso
63,3688.88,4,,1,Universitario,8625.76,no_moroso
35,13036.96,4,48.9,0,Universitario,32021.84,moroso
32,1456.19,1,5.2,0,Secundaria,3904.03,no_moroso
38,6443.4,3,27.2,1,Tecnico,14200.46,no_moroso
52,2775.33,6,23.2,0,Secundaria,7405.27,no_moroso
40,9530.93,5,0.1,1,Secundaria,23225.37,no_moroso
52,,3,47.4,0,Secundaria,236312.2756984711,moroso
24,14161.07,4,13.6,0,Universitario,37881.49,no_moroso
22,8455.42,4,2.3,1,Posgrado,22854.43,no_moroso
27,11757.79,1,1.8,1,Universitario,29023.81,no_moroso
45,1845.33,8,24.0,1,Universitario,4225.82,no_moroso
40,9027.6,4,,1,Universitario,22171.17,no_moroso
61,12758.1,0,44.9,0,Universitario,31147.31,moroso
39,7753.31,5,3.7,1,Secundaria,268784.62134758686,no_moroso
44,6588.54,2,68.0,0,Universitario,14360.06,moroso
50,10373.34,4,0.2,1,Universitario,26690.68,no_moroso
26,12664.6,5,49.3,0,Secundaria,30465.23,moroso
26,1631.22,1,8.8,0,Posgrado,6260.34,no_moroso
67,,0,13.3,1,Universitario,35986.01,no_moroso
19,11862.85,4,19.9,1,Posgrado,30278.37,no_moroso
46,12030.95,6,11.7,0,Tecnico,31519.21,no_moroso
45,11715.82,4,33.8,0,Universitario,30603.87,moroso
32,2352.12,7,37.9,0,Tecnico,5611.67,moroso
50,2798.6,2,,0,Posgrado,10270.01,no_moroso
24,1918.64,0,13.1,0,Tecnico,4641.92,no_moroso
63,11320.17,0,,1,Universitario,26929.3,no_moroso
53,6344.22,9,7.3,0,secundaria,17156.71,no_moroso
55,2401.63,4,3.4,0,Universitario,7278.13,no_moroso
68,2931.91,4,4.3,1,Tecnico,7566.21,no_moroso
23,4381.69,9,12.3,0,Universitario,14502.77,no_moroso
63,10971.16,1,0.1,0,Universitario,28922.18,no_moroso
53,9646.83,2,23.3,1,Universitario,23082.96,no_moroso
48,4754.26,1,8.8,1,Tecnico,10913.08,no_moroso
23,13500.06,7,4.4,0,Universitario,36894.31,no_moroso
46,7910.4,6,45.6,0,Universitario,20036.13,moroso
46,4191.4,3,5.6,0,Universitario,12082.71,no_moroso
33,2442.13,8,2.5,1,Posgrado,9334.22,no_moroso
31,3896.38,9,3.6,0,Tecnico,11486.39,no_moroso
33,2778.94,7,,0,Tecnico,7759.33,no_moroso
68,7934.46,6,10.6,0,Universitario,21982.3,no_moroso
65,7701.3,8,14.7,1,Secundaria,18308.33,no_moroso
65,,3,,0,Universitario,11332.89,no_moroso
22,10174.47,8,10.0,0,Tecnico,26668.81,no_moroso
18,2115.53,1,35.1,0,Tecnico,5126.13,moroso
60,3649.87,7,1.0,0,Tecnico,10535.67,no_moroso
49,2335.4,9,5.8,1,Posgrado,8144.99,no_moroso
39,10410.22,0,38.5,1,Universitario,24541.78,moroso
31,11961.58,1,21.1,0,Tecnico,29316.09,no_moroso
18,4170.35,6,10.9,0,Secundaria,11270.66,no_moroso
63,,3,1.3,1,Universitario,29026.24,no_moroso
48,13494.02,7,80.9,0,Posgrado,34492.4,moroso
52,13341.67,6,6.5,0,Tecnico,34820.25,no_moroso
58,3595.75,6,11.0,0,Tecnico,9820.48,no_moroso
26,9502.72,8,38.8,0,Universitario,26100.68,moroso
66,9269.43,9,37.6,0,Tecnico,23648.95,moroso
28,14962.81,5,17.9,1,Tecnico,35449.74,no_moroso
62,8486.12,5,4.7,1,TECNICO,20803.61,no_moroso
32,2966.17,0,,1,Universitario,6741.67,no_moroso
44,6211.61,4,,0,Tecnico,17088.64,no_moroso
25,6357.58,7,1.6,0,Secundaria,17313.74,no_moroso
38,4688.86,0,25.5,0,Secundaria,11542.12,no_moroso
49,13684.44,6,1.8,0,Tecnico,36114.22,no_moroso
32,7602.78,8,25.2,1,Secundaria,17657.92,no_moroso
68,4404.64,3,17.3,0,Tecnico,11018.41,no_moroso
32,8847.14,0,10.9,1,Tecnico,20226.15,no_moroso
41,9480.57,6,16.6,0,Universitario,25152.15,no_moroso
20,9533.57,6,1.6,1,Tecnico,23665.27,no_moroso
55,10596.55,9,38.5,0,Universitario,27744.69,moroso
56,3982.11,9,10.1,0,Universitario,12688.0,no_moroso
37,7187.79,5,18.8,0,Posgrado,21363.07,no_moroso
30,10840.03,1,,0,Posgrado,30188.54,no_moroso
44,14807.91,5,11.0,1,Universitario,36801.56,no_moroso
19,14374.66,1,6.1,1,Posgrado,37139.32,no_moroso
55,5902.36,5,4.1,1,Secundaria,13121.28,no_moroso
29,9702.06,2,1.5,0,Universitario,26574.32,no_moroso
20,2950.19,1,20.7,0,Tecnico,7078.36,no_moroso
45,8286.38,7,5.5,0,Universitario,23598.41,no_moroso
24,12387.99,8,7.8,1,Universitario,33215.46,no_moroso
31,12824.09,5,9.6,1,Universitario,33246.11,no_moroso
42,13205.54,4,21.6,1,Secundaria,31210.86,no_moroso
54,12127.8,5,7.3,0,Universitario,32387.81,no_moroso
25,7552.2,5,9.6,0,Universitario,20852.64,no_moroso
49,1118.33,7,3.4,0,Universitario,5278.92,no_moroso
24,1387.02,8,,0,Secundaria,3815.46,no_moroso
33,11758.33,2,36.2,0,Secundaria,27957.01,moroso
32,14546.8,0,26.1,0,Secundaria,35113.82,no_moroso
46,2773.59,2,25.6,1,Universitario,6335.13,no_moroso
39,12539.1,9,102.6,1,Tecnico,25814.85,moroso
68,9232.57,5,18.1,1,Tecnico,22136.31,no_moroso
35,9131.31,2,7.6,0,Secundaria,23373.17,no_moroso
28,5834.02,3,19.8,0,Universitario,14863.69,no_moroso
46,7679.0,1,1.5,1,Tecnico,168721.28227223543,no_moroso
24,14586.59,2,18.8,1,Tecnico,35864.52,no_moroso
25,3039.56,3,2.8,0,Universitario,10644.98,no_moroso
43,9566.56,3,7.9,0,Tecnico,23942.66,no_moroso
25,,2,6.7,1,Tecnico,11500.75,no_moroso
18,8740.69,7,34.0,0,Tecnico,22003.27,moroso
50,1101.33,7,180.0,0,Universitario,200.0,moroso
43,1622.15,8,76.3,0,Universitario,3395.71,moroso
37,6359.51,1,28.1,0,secundaria,14859.98,no_moroso
42,7447.27,9,6.2,1,Posgrado,23020.44,no_moroso
43,5590.62,6,20.8,0,Universitario,15781.23,no_moroso
31,2788.55,4,13.4,1,Posgrado,8455.07,no_moroso
43,6842.52,6,21.4,0,Posgrado,19855.13,no_moroso
24,4679.17,4,35.5,0,Secundaria,10589.84,moroso
20,10209.4,6,1.5,0,Tecnico,27344.28,no_moroso
59,10399.74,3,6.1,1,Tecnico,25194.41,no_moroso
34,1438.02,7,19.5,0,Tecnico,4306.31,no_moroso
30,,0,15.6,1,Tecnico,13517.53,no_moroso
51,1127.08,6,12.7,0,Tecnico,4297.79,no_moroso
18,14246.45,8,1.3,1,Secundaria,35688.6,no_moroso
69,9207.45,9,7.1,1,Universitario,25153.14,no_moroso
48,7406.86,8,1.2,1,secundaria,19009.33,no_moroso
59,13395.97,9,2.0,0,Tecnico,36004.27,no_moroso
27,7885.35,0,51.0,1,Tecnico,16233.95,moroso
25,14736.27,9,2.6,0,UNIVERSITARIO,39305.37,no_moroso
34,9028.91,6,1.5,0,Universitario,25791.6,no_moroso
55,5696.45,8,9.1,0,Universitario,16274.73,no_moroso
22,12289.6,9,8.3,1,Universitario,32449.15,no_moroso
19,1135.82,5,24.8,0,Tecnico,2891.18,no_moroso
68,7216.96,5,34.3,0,Tecnico,17920.1,moroso
40,10670.54,3,39.5,0,universitario,25557.79,moroso
55,,3,45.5,0,Posgrado,36258.94,moroso
23,1095.84,9,21.4,1,Universitario,3423.95,no_moroso
34,2503.61,4,11.5,1,Posgrado,8217.62,no_moroso
56,11886.43,2,0.8,1,Tecnico,29765.43,no_moroso
41,14491.25,8,4.4,1,Secundaria,35253.34,no_moroso
27,10393.73,3,11.9,1,Secundaria,304350.1769805109,no_moroso
54,4939.62,8,16.3,1,Tecnico,12379.21,no_moroso
39,14248.63,0,10.8,0,Secundaria,34941.65,no_moroso
39,7955.24,4,1.3,0,Tecnico,21859.73,no_moroso
31,14941.5,6,,0,Posgrado,41511.66,no_moroso
46,3367.32,0,2.9,0,Secundaria,8950.82,no_moroso
20,10637.42,3,11.0,0,Tecnico,26434.72,no_moroso
31,11615.62,8,10.2,1,Universitario,29542.3,no_moroso
25,1327.65,0,36.1,1,Tecnico,1251.4,moroso
58,10868.35,6,9.6,0,Tecnico,28490.86,no_moroso
45,13258.76,6,,1,Posgrado,33640.6,no_moroso
58,2736.64,4,17.0,0,Posgrado,9908.58,no_moroso
69,6511.0,9,17.5,0,Tecnico,17972.93,no_moroso
36,8401.18,4,14.8,0,Tecnico,21753.98,no_moroso
44,6896.43,8,2.0,0,Universitario,20810.49,no_moroso
61,6255.49,9,9.0,0,Tecnico,17046.92,no_moroso
63,14662.91,9,6.1,1,Universitario,37508.25,no_moroso
69,2379.22,4,16.6,0,Tecnico,6155.62,no_moroso
61,2383.65,7,21.4,1,Tecnico,4700.17,no_moroso
68,11431.78,6,2.1,1,Universitario,29412.27,no_moroso
22,8819.29,3,10.8,0,Universitario,23796.48,no_moroso
34,5229.15,8,4.3,0,Secundaria,13907.24,no_moroso
64,12422.75,0,1.4,0,Tecnico,31482.66,no_moroso
43,8795.05,0,45.4,0,Tecnico,20431.37,moroso
61,12177.72,2,17.5,1,Universitario,30322.71,no_moroso
20,7756.44,8,6.1,0,Secundaria,21141.13,no_moroso
35,10595.57,9,27.0,0,Secundaria,25858.57,no_moroso
43,2927.26,0,19.4,0,Universitario,8011.49,no_moroso
31,14479.67,4,15.1,1,Universitario,36790.91,no_moroso
23,,2,38.7,0,Secundaria,18756.6,moroso
58,12198.83,7,2.7,1,Posgrado,33505.52,no_moroso
51,7437.27,9,12.9,1,Universitario,19927.08,no_moroso
68,6420.94,7,8.6,0,Secundaria,16232.68,no_moroso
54,13042.26,3,5.0,0,Tecnico,33087.62,no_moroso
65,6777.3,6,20.4,0,Universitario,17904.63,no_moroso
18,6080.54,9,25.8,0,Secundaria,14958.64,no_moroso
59,1713.2,7,9.9,1,Posgrado,7947.09,no_moroso
37,10337.46,4,8.0,1,Secundaria,25374.13,no_moroso
39,5813.8,0,3.5,0,Universitario,15958.65,no_moroso
55,3099.99,1,10.4,0,Universitario,8341.73,no_moroso
68,4515.78,5,8.4,1,Posgrado,13623.04,no_moroso
65,11528.9,6,2.0,1,Universitario,29897.2,no_moroso
54,9666.13,7,6.7,0,Posgrado,28781.9,no_moroso
59,6348.65,2,47.8,1,Universitario,12976.15,moroso
46,2689.62,7,4.7,1,Tecnico,6777.77,no_moroso
69,9394.58,2,8.6,0,Tecnico,23801.05,no_moroso
54,3837.49,1,,0,Tecnico,10526.3,no_moroso
24,9593.46,0,7.9,0,Universitario,25496.86,no_moroso
33,3852.96,1,0.6,0,Tecnico,11172.13,no_moroso
27,13878.93,3,2.3,0,Universitario,36573.69,no_moroso
62,12209.13,4,12.4,0,Tecnico,31372.19,no_moroso
18,6489.38,5,2.9,0,Universitario,18692.99,no_moroso
25,4095.46,8,7.5,0,Secundaria,12330.24,no_moroso
55,11671.71,3,7.2,0,Universitario,30374.03,no_moroso
35,7133.27,7,2.0,0,Universitario,19979.8,no_moroso
54,4788.74,0,9.5,0,Secundaria,12381.84,no_moroso
57,,5,32.2,0,Posgrado,37989.8,moroso
50,7320.47,7,4.2,1,Secundaria,18046.26,no_moroso
24,3071.18,9,20.9,1,Universitario,8686.12,no_moroso
23,11419.78,2,,0,Universitario,29733.93,no_moroso
54,7490.79,5,1.7,0,Secundaria,20549.27,no_moroso
69,4687.58,1,39.4,0,universitario,11051.77,moroso
27,11051.25,8,23.9,0,Universitario,29954.53,no_moroso
28,7281.84,3,16.9,1,Posgrado,19686.9,no_moroso
25,13834.36,7,0.1,0,Universitario,37395.62,no_moroso
38,10181.31,0,38.4,0,Tecnico,24456.87,moroso
34,3985.86,8,11.1,1,POSGRADO,12581.75,no_moroso
52,1008.27,2,21.8,1,Universitario,1631.6,no_moroso
58,14610.84,4,19.2,0,Tecnico,37367.02,no_moroso
28,7140.81,8,8.5,0,Posgrado,22188.89,no_moroso
40,4268.08,6,6.4,0,Tecnico,11808.13,no_moroso
26,8825.73,7,25.0,1,Universitario,21811.94,no_moroso
59,11711.02,4,4.4,0,Tecnico,30655.06,no_moroso
27,14422.22,7,32.5,0,Posgrado,39279.52,moroso
35,4742.49,0,11.9,1,POSGRADO,13026.48,no_moroso
51,11717.35,7,6.2,0,Universitario,32326.75,no_moroso
57,12395.95,7,14.0,0,Universitario,32973.61,no_moroso
46,1274.95,8,5.2,1,Tecnico,3881.13,no_moroso
68,9179.73,4,28.0,0,Posgrado,25210.94,no_moroso
69,2619.81,0,0.6,0,Tecnico,7554.05,no_moroso
37,,5,29.1,0,Universitario,5438.11,no_moroso
39,11997.31,6,41.0,0,Secundaria,28184.76,moroso
40,7911.29,9,11.6,0,Universitario,22198.09,no_moroso
37,,9,4.7,0,Universitario,25148.31,no_moroso
35,10691.92,4,23.9,1,Tecnico,25288.8,no_moroso
20,6719.88,4,13.2,1,Universitario,16768.15,no_moroso
19,10837.27,2,5.0,0,Tecnico,27774.05,no_moroso
30,4152.51,5,33.3,0,Tecnico,10860.13,moroso
22,6139.87,0,72.7,1,Posgrado,12359.5,moroso
44,3188.23,6,0.3,0,Secundaria,9246.37,no_moroso
28,12872.83,0,,1,Posgrado,33394.47,no_moroso
18,6722.36,1,9.3,1,Secundaria,15661.54,no_moroso
25,5414.96,8,,0,Posgrado,17611.28,no_moroso
58,,7,27.8,0,Tecnico,32230.65,no_moroso
23,4735.28,4,6.1,0,Universitario,14010.92,no_moroso
44,11590.84,5,18.3,0,Tecnico,29180.84,no_moroso
67,5308.94,1,5.4,1,Secundaria,12080.22,no_moroso
44,8327.57,4,22.5,1,Tecnico,19552.83,no_moroso
48,2391.6,9,,1,Secundaria,6465.2,no_moroso
19,2874.32,9,14.7,1,Universitario,8059.45,no_moroso
53,6767.46,7,22.6,1,Universitario,17314.83,no_moroso
28,3755.57,1,40.9,1,Secundaria,5423.99,moroso
51,,8,19.0,0,Universitario,36268.49,no_moroso
65,7896.37,5,8.7,1,Secundaria,19023.04,no_moroso
42,5570.79,2,12.8,0,Universitario,15404.23,no_moroso
31,11115.14,6,33.3,0,Tecnico,28058.99,moroso
63,,4,24.0,1,Posgrado,22776.82,no_moroso
60,1174.23,3,9.6,0,Universitario,4548.89,no_moroso
18,,6,15.5,0,Universitario,8924.47,no_moroso
21,3968.74,9,32.3,1,Posgrado,10920.65,moroso
25,5597.23,9,24.3,1,Universitario,15192.51,no_moroso
50,1871.99,4,8.1,0,Secundaria,5835.96,no_moroso
46,14790.71,7,5.3,1,Secundaria,35801.53,no_moroso
67,9000.52,9,10.0,0,Universitario,25456.17,no_moroso
32,1792.77,9,8.4,0,Tecnico,6983.88,no_moroso
18,,7,6.5,0,Universitario,31928.31,no_moroso
39,14209.32,8,25.1,0,Universitario,37247.2,no_moroso
62,9658.67,1,5.1,0,Secundaria,24351.4,no_moroso
54,9186.8,9,23.6,1,Tecnico,22465.12,no_moroso
47,11489.54,0,0.9,0,Tecnico,28894.6,no_moroso
27,11454.0,8,32.1,1,Tecnico,27986.31,moroso
47,12196.51,1,,0,Secundaria,28938.37,moroso
55,11619.11,4,,1,Secundaria,27379.89,no_moroso
34,14370.75,1,0.9,1,Universitario,35795.02,no_moroso
25,11924.98,9,0.1,0,Secundaria,30965.69,no_moroso
46,2516.04,2,2.1,0,Tecnico,6446.58,no_moroso
26,14866.94,6,3.6,0,Posgrado,41849.12,no_moroso
64,5820.81,6,7.8,0,Tecnico,15439.95,no_moroso
49,4151.94,9,10.7,0,Universitario,12376.17,no_moroso
25,6278.47,8,19.9,0,Secundaria,16434.42,no_moroso
23,9518.21,6,22.9,0,Secundaria,23833.42,no_moroso
34,2495.75,0,6.5,1,Secundaria,3866.08,no_moroso
56,6535.12,7,1.5,0,Secundaria,18650.56,no_moroso
21,5785.06,6,24.7,0,Tecnico,14602.98,no_moroso
42,7942.39,3,1.0,0,Posgrado,22535.19,no_moroso
37,14671.23,3,1.4,1,Tecnico,196920.48231416786,no_moroso
27,1551.91,0,1.4,1,UNIVERSITARIO,4300.37,no_moroso
66,1169.21,2,15.6,0,Posgrado,5594.22,no_moroso
49,12612.58,2,5.0,1,Tecnico,31091.74,no_moroso
69,11713.4,5,,1,Secundaria,29818.11,no_moroso
48,8507.61,3,6.0,1,Universitario,21305.18,no_moroso
47,13082.57,7,13.8,1,Posgrado,35277.5,no_moroso
19,,3,,0,Tecnico,36023.68,no_moroso
67,10394.96,3,10.0,0,Universitario,27924.76,no_moroso
64,13982.46,4,1.9,0,Secundaria,35898.79,no_moroso
27,2977.08,9,4.1,0,Tecnico,10086.04,no_moroso
28,11910.16,8,7.0,1,Universitario,243408.48888185012,no_moroso
62,12701.17,7,,1,Secundaria,27287.98,moroso
63,,9,13.5,0,Tecnico,34827.98,no_moroso
66,5259.18,5,28.5,0,Posgrado,16101.85,no_moroso
45,13258.54,6,27.4,1,Secundaria,31672.67,no_moroso
64,,3,5.7,0,Tecnico,9082.82,no_moroso
63,,3,25.7,0,Universitario,21430.11,no_moroso
37,11993.17,6,22.6,1,Universitario,29875.4,no_moroso
19,8916.64,5,2.9,1,Universitario,22872.85,no_moroso
47,913.14,5,,0,Universitario,3809.16,no_moroso
36,5114.13,7,11.0,0,Posgrado,16360.39,no_moroso
49,3646.35,9,,1,Secundaria,7914.58,moroso
22,10950.62,6,17.3,1,Tecnico,27091.57,no_moroso
36,4626.69,8,4.8,0,Posgrado,15819.05,no_moroso
62,13326.67,7,36.8,0,Secundaria,33223.39,moroso
58,8829.56,9,7.4,0,Universitario,25077.0,no_moroso
61,10940.91,5,5.5,0,Tecnico,194331.43061449722,no_moroso
55,13091.64,0,7.0,0,Universitario,34041.8,no_moroso
65,5857.22,2,9.7,1,Posgrado,16573.73,no_moroso
42,9144.4,8,2.4,0,Tecnico,25459.13,no_moroso
45,10267.4,7,12.3,1,Posgrado,28210.17,no_moroso
60,,7,0.2,0,Tecnico,35036.26,no_moroso
33,12779.78,8,,1,Secundaria,31256.14,no_moroso
43,7616.52,0,31.5,0,Tecnico,17835.58,moroso
58,13486.63,7,,1,Posgrado,35771.79,no_moroso
40,5516.33,7,16.5,0,POSGRADO,17347.55,no_moroso
45,,6,8.7,1,Secundaria,6079.75,no_moroso
30,1933.49,9,34.1,1,Universitario,5965.28,moroso
53,3766.86,6,5.9,1,Universitario,10423.6,no_moroso
47,,3,9.3,0,Tecnico,9484.39,no_moroso
55,3485.51,4,13.7,1,Tecnico,7916.14,no_moroso
36,5023.35,7,5.0,1,Tecnico,13531.3,no_moroso
36,5747.44,8,19.7,0,Posgrado,17657.54,no_moroso
24,14637.08,4,5.5,1,Secundaria,35437.96,no_moroso
40,1277.21,7,5.7,1,Posgrado,5850.82,no_moroso
25,3802.23,0,21.3,0,Tecnico,8746.22,no_moroso
31,,9,,0,Posgrado,16101.69,no_moroso
58,13577.0,1,12.1,0,Universitario,36112.0,no_moroso
56,9140.61,8,10.4,1,Tecnico,23124.57,no_moroso
55,9531.16,4,38.3,0,Universitario,24060.19,moroso
19,10935.71,3,10.6,1,Secundaria,25275.08,no_moroso
41,12581.69,5,29.2,0,Tecnico,31439.85,no_moroso
42,9466.61,0,8.2,0,Posgrado,26554.26,no_moroso
64,14346.42,4,13.4,0,Universitario,37961.04,no_moroso
28,11319.53,8,9.9,0,Universitario,30790.9,no_moroso
56,8703.15,0,7.9,0,Universitario,22677.72,no_moroso
19,11058.28,6,18.3,0,Tecnico,28202.43,no_moroso
25,9758.94,5,17.5,0,universitario,26579.83,no_moroso
35,12321.42,7,5.4,0,Universitario,33552.61,no_moroso
18,,0,0.3,1,Tecnico,1361.07,no_moroso
31,4244.95,4,76.1,1,tecnico,6777.98,moroso
46,13300.15,4,21.0,1,Universitario,32580.04,no_moroso
36,4205.76,3,2.6,0,Tecnico,11577.29,no_moroso
31,11974.36,9,3.6,0,Tecnico,32075.53,no_moroso
53,6402.62,0,45.7,1,Universitario,13659.75,moroso
55,,9,8.3,0,SECUNDARIA,35337.87,no_moroso
34,8423.24,0,17.1,0,Tecnico,20561.36,no_moroso
64,8795.2,8,6.3,0,Posgrado,26305.16,no_moroso
32,11404.34,4,45.3,0,Posgrado,29658.08,moroso
49,4486.37,1,,0,Tecnico,9444.44,moroso
63,4233.79,0,4.9,0,Posgrado,14241.32,no_moroso
20,12876.39,4,2.0,1,Universitario,32457.3,no_moroso
25,7942.87,1,9.1,0,Universitario,21281.18,no_moroso
62,,0,7.7,1,Secundaria,33977.44,no_moroso
51,9098.92,2,41.6,0,Universitario,21862.71,moroso
45,12715.67,0,46.0,0,Tecnico,29253.95,moroso
18,,4,14.2,0,Tecnico,4265.27,no_moroso
39,7992.52,2,27.3,1,Tecnico,16657.76,no_moroso
28,14886.67,1,20.3,0,Secundaria,36218.32,no_moroso
57,4060.67,4,2.7,1,Secundaria,218157.12427430248,no_moroso
67,10090.31,1,14.2,0,Posgrado,28165.97,no_moroso
41,8062.6,9,44.5,0,Secundaria,19571.15,moroso
68,,0,13.3,1,Universitario,25754.75,no_moroso
63,3725.64,3,10.6,0,Universitario,10961.62,no_moroso
66,8884.85,0,11.3,0,Universitario,23414.47,no_moroso
38,8756.59,9,3.5,1,Secundaria,22393.83,no_moroso
25,12882.11,3,2.3,0,Secundaria,33398.65,no_moroso
36,7818.88,9,41.6,0,Universitario,20369.19,moroso
46,10415.71,1,2.1,1,Universitario,25088.01,no_moroso
55,1162.62,9,,0,Tecnico,5093.35,no_moroso
43,7646.15,4,52.7,0,TECNICO,18328.64,moroso
49,,2,13.0,0,Tecnico,19365.5,no_moroso
36,4472.75,2,6.3,0,Universitario,13133.22,no_moroso
31,1828.8,1,11.8,0,Universitario,6513.81,no_moroso
19,11006.19,0,5.5,0,Tecnico,27277.54,no_moroso
61,10420.14,8,7.3,0,Secundaria,26433.3,no_moroso
32,11858.75,1,48.0,0,Secundaria,27173.38,moroso
33,3890.74,9,6.3,1,Tecnico,10477.21,no_moroso
50,10672.02,9,10.9,1,Tecnico,26972.83,no_moroso
57,6755.35,5,1.3,1,Posgrado,20276.3,no_moroso
42,3721.76,5,18.3,1,Tecnico,7559.05,no_moroso
19,12364.66,7,8.4,0,Universitario,32937.91,no_moroso
20,12033.5,2,3.4,0,Tecnico,30732.46,no_moroso
51,11822.01,4,2.4,0,Universitario,31458.92,no_moroso
68,12233.21,8,21.4,1,Tecnico,30002.86,no_moroso
67,12146.54,7,35.2,1,Tecnico,29352.69,moroso
40,14791.49,4,9.0,1,Tecnico,36250.47,no_moroso
69,6050.97,0,53.2,0,Tecnico,12650.59,moroso
50,7602.54,2,25.0,0,Posgrado,21207.02,no_moroso
44,2466.91,9,6.3,1,Posgrado,9384.03,no_moroso
62,5382.07,3,,0,Posgrado,15337.8,moroso
53,11532.39,0,22.4,1,Tecnico,26316.17,no_moroso
40,11865.02,7,8.2,1,Posgrado,32692.9,no_moroso
29,2770.41,5,17.2,0,Posgrado,10857.72,no_moroso
33,8410.01,3,3.9,0,Tecnico,21957.77,no_moroso
30,9259.88,3,32.3,1,Tecnico,21200.97,moroso
34,6208.93,9,1.6,0,Tecnico,17414.14,no_moroso
38,6001.17,4,3.4,1,Universitario,15791.61,no_moroso
24,13854.32,8,4.2,1,Universitario,35508.81,no_moroso
46,5318.04,3,3.1,1,Universitario,12393.88,no_moroso
21,7179.43,7,15.0,0,Tecnico,19444.6,no_moroso
22,8934.57,8,1.8,1,Posgrado,25059.64,no_moroso
54,9576.33,3,28.5,0,universitario,24557.58,no_moroso
20,13419.46,8,18.5,0,Universitario,35929.56,no_moroso
30,9872.22,6,2.4,1,Tecnico,24053.78,no_moroso
66,6691.19,8,35.4,0,Secundaria,17200.07,moroso
56,8372.76,5,0.8,0,Universitario,23546.36,no_moroso
18,,3,14.4,0,Tecnico,28089.49,no_moroso
35,8043.08,2,42.3,0,Posgrado,21603.81,moroso
62,10256.51,8,6.6,0,Universitario,29222.25,no_moroso
33,2013.88,0,2.8,0,Posgrado,7972.91,no_moroso
66,7648.32,1,5.9,0,Universitario,20926.5,no_moroso
30,13214.65,0,14.1,0,Tecnico,32312.16,no_moroso
27,9996.09,2,10.8,1,Universitario,24318.49,no_moroso
19,,0,0.8,0,Secundaria,9829.87,no_moroso
63,12590.5,0,1.2,0,Tecnico,31752.78,no_moroso
44,14191.64,6,5.2,0,Secundaria,37483.8,no_moroso
30,6944.21,3,6.4,0,Posgrado,20943.62,no_moroso
46,8562.22,0,3.1,0,UNIVERSITARIO,21543.71,no_moroso
41,2258.19,0,4.9,0,Universitario,7532.82,no_moroso
54,5017.09,8,14.9,0,Tecnico,13511.05,no_moroso
53,,3,5.4,0,Universitario,10506.53,no_moroso
55,1323.48,7,36.1,0,Universitario,4071.27,moroso
59,5025.66,6,3.8,1,Universitario,13705.24,no_moroso
32,9675.24,7,18.5,1,Universitario,23710.28,no_moroso
68,13978.93,3,,0,Tecnico,35622.63,no_moroso
21,13602.97,0,12.8,1,Secundaria,32429.44,no_moroso
32,11999.97,7,29.9,1,Universitario,30160.05,no_moroso
50,11501.65,5,11.3,0,Secundaria,28533.6,no_moroso
66,2215.1,9,3.0,1,Universitario,6961.55,no_moroso
27,3121.83,8,8.8,1,Posgrado,10142.62,no_moroso
21,6743.64,5,15.2,1,Universitario,17343.7,no_moroso
32,11372.85,4,22.1,1,Posgrado,30087.5,no_moroso
43,12421.1,7,3.0,1,Universitario,32304.56,no_moroso
47,14394.55,6,7.9,0,Universitario,38371.58,no_moroso
60,14830.62,6,40.9,1,Posgrado,36455.21,moroso
43,7856.48,8,3.6,0,Universitario,21754.22,no_moroso
55,11717.74,3,17.1,0,Tecnico,29119.8,no_moroso
58,2894.12,8,14.9,0,UNIVERSITARIO,10286.96,no_moroso
47,4751.68,5,3.0,1,Tecnico,11454.53,no_moroso
26,1300.4,7,19.3,0,Tecnico,4741.17,no_moroso
60,5236.63,2,15.7,1,Secundaria,11947.51,no_moroso
32,1196.94,3,3.6,1,Posgrado,4796.43,no_moroso
45,9864.53,6,23.2,1,Secundaria,23054.88,no_moroso
44,7003.16,4,4.4,1,Posgrado,19882.75,no_moroso
45,1153.29,5,3.8,0,Tecnico,4367.76,no_moroso
61,4542.29,9,21.2,0,Posgrado,16355.73,no_moroso
43,1505.09,7,57.3,0,Tecnico,3020.62,moroso
35,3847.41,8,0.9,1,Tecnico,10600.44,no_moroso
49,8557.32,8,15.5,0,Tecnico,22743.17,no_moroso
42,,1,4.9,0,Tecnico,28288.48,no_moroso
69,12536.13,4,21.1,1,Universitario,30704.8,no_moroso
34,6349.99,3,9.6,0,Tecnico,17019.62,no_moroso
49,3649.03,4,6.8,0,Tecnico,10122.06,no_moroso
40,11000.08,1,12.0,0,Tecnico,28003.57,no_moroso
68,2471.4,8,7.7,1,Tecnico,7348.92,no_moroso
63,11166.05,0,15.3,1,Posgrado,27594.62,no_moroso
69,14956.82,8,0.7,0,Secundaria,39336.7,no_moroso
26,,4,12.1,0,Posgrado,30739.88,no_moroso
39,1091.19,9,8.8,0,Posgrado,7558.57,no_moroso
18,,5,,1,Universitario,34749.14,no_moroso
55,14511.84,8,31.8,1,Universitario,37614.46,moroso
57,9202.09,4,29.3,1,Tecnico,20922.03,no_moroso
54,10933.77,8,19.6,0,Posgrado,31542.63,no_moroso
64,7245.63,0,7.1,1,Posgrado,19199.98,no_moroso
23,2760.56,7,27.8,0,Posgrado,8814.31,no_moroso
23,12639.45,0,0.9,1,Posgrado,33088.18,no_moroso
67,13711.37,8,16.3,0,Secundaria,35372.43,no_moroso
25,7511.34,7,,0,Tecnico,21013.93,no_moroso
20,10272.36,0,18.6,0,UNIVERSITARIO,26106.88,no_moroso
50,3660.22,5,36.7,1,Tecnico,6989.97,moroso
42,11028.27,5,1.3,0,Universitario,30587.16,no_moroso
62,3531.99,4,44.4,0,Tecnico,8866.91,moroso
48,,7,47.6,0,Tecnico,19299.17,moroso
49,7032.28,1,17.9,0,Tecnico,16949.59,no_moroso
30,5684.57,6,6.0,1,Tecnico,14632.31,no_moroso
68,7440.96,6,8.3,0,Secundaria,20580.2,no_moroso
36,8275.86,2,,1,Tecnico,19578.95,no_moroso
63,2149.08,3,3.7,1,Universitario,6022.77,no_moroso
40,1769.63,1,2.8,0,Universitario,6063.78,no_moroso
32,6505.38,5,21.5,1,Tecnico,14391.16,no_moroso
18,12502.84,9,13.7,0,UNIVERSITARIO,34243.34,no_moroso
20,1872.1,0,15.3,0,Secundaria,4785.95,no_moroso
42,1238.09,6,7.8,0,Secundaria,3504.3,no_moroso
34,14894.68,4,18.7,0,Secundaria,36346.33,no_moroso
45,,0,6.3,0,Posgrado,34140.91,no_moroso
18,12632.06,9,17.7,0,Secundaria,31432.73,no_moroso
45,1280.87,5,25.7,0,Tecnico,4044.56,no_moroso
68,11422.16,5,3.5,0,Universitario,30300.5,no_moroso
59,13448.55,2,3.2,0,Universitario,273707.4623195353,no_moroso
69,6093.77,1,34.0,1,Tecnico,13155.84,moroso
46,9462.28,0,30.2,1,Universitario,22288.57,moroso
63,7637.79,0,3.3,0,Tecnico,19901.33,no_moroso
39,8307.04,9,6.0,1,Universitario,22108.62,no_moroso
24,7285.01,2,3.5,0,Tecnico,18189.51,no_moroso
63,5733.93,2,20.4,1,Posgrado,15805.76,no_moroso
49,11059.36,7,4.8,1,Secundaria,26840.92,no_moroso
36,,3,19.9,1,Tecnico,19830.39,no_moroso
41,10290.64,3,,0,TECNICO,25716.12,no_moroso
38,11091.7,6,,0,TECNICO,27617.31,no_moroso
64,5991.45,4,38.4,0,Tecnico,14787.08,moroso
63,9750.45,4,7.9,1,Universitario,24055.39,no_moroso
37,5131.32,9,18.3,0,Universitario,15801.49,no_moroso
48,9664.31,2,9.0,0,Tecnico,25099.0,no_moroso
62,13560.69,1,11.2,1,SECUNDARIA,32604.2,no_moroso
41,9107.03,2,6.5,1,Universitario,22488.17,no_moroso
18,11217.62,8,13.6,0,Universitario,29477.01,no_moroso
35,12341.43,4,8.9,1,Posgrado,32815.84,no_moroso
68,2356.5,6,3.7,0,Universitario,8483.53,no_moroso
61,14142.49,4,11.3,0,Tecnico,37228.32,no_moroso
55,7504.42,4,34.3,0,Tecnico,17827.08,moroso
51,14456.11,4,41.2,1,Tecnico,33521.07,moroso
45,1185.04,6,8.7,1,Universitario,3435.13,no_moroso
46,14687.48,1,6.2,0,Tecnico,37428.24,no_moroso
51,1829.47,5,,0,POSGRADO,8012.9,no_moroso
23,,4,1.0,0,Tecnico,38105.31,no_moroso
68,5300.84,6,9.9,0,Secundaria,13666.56,no_moroso
67,11381.6,3,0.7,0,Universitario,29961.65,no_moroso
45,9878.19,2,8.5,0,Universitario,26529.87,no_moroso
36,13260.87,0,5.0,0,Universitario,34743.78,no_moroso
63,8523.16,7,23.5,1,Tecnico,20381.0,no_moroso
21,11268.71,9,1.4,0,Tecnico,29394.53,no_moroso
54,13552.42,3,3.5,1,Secundaria,32660.49,no_moroso
29,3224.37,6,,0,Universitario,6987.89,moroso
55,14504.34,7,31.6,0,Posgrado,38905.49,moroso
38,14257.71,6,0.7,1,Secundaria,34552.97,no_moroso
62,1945.76,5,7.9,0,Universitario,6524.34,no_moroso
21,7103.31,0,0.8,1,Tecnico,16851.22,no_moroso
30,8910.21,0,14.2,0,Universitario,23042.77,no_moroso
65,13192.51,0,10.2,0,Universitario,33641.46,no_moroso
43,,5,9.5,0,Secundaria,11523.08,no_moroso
69,7515.07,5,18.1,0,Tecnico,19285.03,no_moroso
51,,3,44.2,1,Posgrado,15685.38,moroso
43,4394.51,4,1.3,0,Tecnico,12570.78,no_moroso
32,8491.01,2,1.7,0,Universitario,23255.28,no_moroso
44,9413.6,4,16.1,0,Universitario,25613.8,no_moroso
46,5830.26,2,23.5,0,Secundaria,236423.15461406586,no_moroso
52,4499.26,0,52.5,1,Universitario,9557.75,moroso
23,,8,18.7,0,Universitario,17102.8,no_moroso
35,8363.38,5,25.5,0,Posgrado,22853.85,no_moroso
45,9954.93,3,1.3,1,Secundaria,23792.0,no_moroso
43,5964.56,8,0.2,0,Secundaria,16986.5,no_moroso
28,10832.19,8,0.5,0,Secundaria,28698.36,no_moroso
29,7146.66,4,12.5,0,Tecnico,18671.39,no_moroso
39,6595.21,8,23.7,0,Universitario,19084.84,no_moroso
50,,8,34.1,0,Posgrado,17823.93,moroso
20,13884.54,1,19.2,1,Tecnico,31689.12,no_moroso
33,6795.7,2,9.8,0,Posgrado,19610.76,no_moroso
55,9379.31,0,4.4,0,Universitario,25135.68,no_moroso
34,6714.2,1,4.2,0,Secundaria,16648.46,no_moroso
45,4829.37,4,59.0,1,Secundaria,8472.72,moroso
64,13479.88,6,5.5,1,Universitario,33950.37,no_moroso
57,,9,56.3,0,Tecnico,36144.81,moroso
20,9213.87,5,18.5,1,Secundaria,21373.67,no_moroso
25,6696.84,6,33.4,1,Tecnico,14884.4,moroso
43,5821.3,0,7.9,0,Secundaria,14337.57,no_moroso
29,9061.65,7,0.3,0,Secundaria,23844.72,no_moroso
33,8854.74,9,11.1,1,Universitario,24288.98,no_moroso
30,3493.26,3,15.0,0,Universitario,10384.44,no_moroso
54,5560.68,9,1.7,0,Tecnico,15666.5,no_moroso
50,8041.06,9,4.8,0,Universitario,22981.16,no_moroso
22,6739.35,9,10.9,1,Universitario,17747.46,no_moroso
41,7849.42,8,24.9,0,Secundaria,19673.57,no_moroso
62,4049.4,0,,0,Universitario,11200.16,no_moroso
60,1436.36,2,4.1,0,Tecnico,3383.75,no_moroso
45,6517.88,6,0.1,1,Secundaria,15574.46,no_moroso
67,3801.26,6,11.3,0,Secundaria,10431.22,no_moroso
53,7348.84,7,28.3,0,Universitario,20244.99,no_moroso
33,7726.34,7,5.0,0,posgrado,23148.15,no_moroso
69,,2,5.6,0,Secundaria,5095.93,no_moroso
44,5683.64,3,43.8,0,Universitario,14446.37,moroso
20,11284.53,3,16.5,0,Universitario,29358.75,no_moroso
56,9931.97,2,34.1,0,universitario,25114.02,moroso
50,4965.63,1,36.8,0,Universitario,12732.07,moroso
65,7929.79,1,,0,Tecnico,19067.47,no_moroso
40,6818.77,1,8.6,0,Secundaria,16354.67,no_moroso
33,7676.42,3,9.4,1,Universitario,19059.68,no_moroso
50,2486.84,2,13.4,0,Posgrado,9256.34,no_moroso
50,12725.14,7,3.7,1,Posgrado,34228.96,no_moroso
29,14328.77,9,1.8,0,Tecnico,37947.23,no_moroso
37,4291.7,7,,1,Tecnico,11155.31,no_moroso
31,6322.61,7,18.6,0,Tecnico,17200.62,no_moroso
47,5550.97,6,15.1,1,Tecnico,13803.95,no_moroso
47,2091.38,7,,1,Tecnico,3503.9,no_moroso
27,14728.95,9,8.2,0,Universitario,39029.58,no_moroso
19,,6,16.6,0,Tecnico,18539.12,no_moroso
18,2116.84,6,5.0,1,Posgrado,7524.72,no_moroso
35,6511.42,3,4.8,0,Posgrado,18983.46,no_moroso
22,5349.59,1,4.0,0,universitario,14706.22,no_moroso
49,8111.43,3,12.9,1,Tecnico,19134.71,no_moroso
42,8714.76,2,5.6,0,Universitario,23350.32,no_moroso
45,5782.89,3,22.5,1,Tecnico,11791.32,no_moroso
33,9840.35,0,,1,Universitario,21019.43,moroso
54,3090.99,1,,1,Tecnico,6317.76,no_moroso
33,1605.84,6,5.0,1,Tecnico,4290.47,no_moroso
67,13389.83,7,6.9,1,Posgrado,35768.93,no_moroso
52,2882.1,2,0.6,1,Tecnico,5726.21,no_moroso
53,1149.37,8,5.6,0,Universitario,5817.87,no_moroso
47,13251.12,4,3.2,1,Secundaria,32000.46,no_moroso
54,6171.73,9,35.5,1,Secundaria,13352.87,moroso
57,,4,8.8,1,Posgrado,25741.57,no_moroso
49,998.83,8,15.6,1,Tecnico,3850.63,no_moroso
42,1260.45,9,85.5,1,Secundaria,200.0,moroso
55,5078.44,5,11.7,0,Posgrado,15658.01,no_moroso
45,1015.85,9,30.8,0,Tecnico,2219.61,moroso
19,10388.02,2,2.3,1,Secundaria,24409.44,no_moroso
60,1263.08,3,2.0,1,Posgrado,5256.36,no_moroso
21,9533.38,5,16.8,1,Posgrado,25542.42,no_moroso
18,,6,12.6,0,Secundaria,9609.99,no_moroso
21,12351.98,7,4.1,0,Tecnico,32319.61,no_moroso
35,10231.1,6,0.9,0,Posgrado,30988.11,no_moroso
42,3611.24,4,27.2,1,Secundaria,7236.78,no_moroso
58,8403.02,2,29.7,1,Universitario,20663.39,no_moroso
69,8029.29,7,22.2,0,Tecnico,21198.03,no_moroso
44,5144.36,6,8.0,1,Universitario,13232.93,no_moroso
51,1541.94,3,5.4,1,Universitario,4330.24,no_moroso
40,1336.35,5,8.0,1,Tecnico,2330.71,no_moroso
56,,1,4.8,1,Secundaria,32893.64,no_moroso
55,10796.5,3,7.7,0,Universitario,28951.84,no_moroso
42,1912.5,0,20.2,1,Tecnico,3338.39,no_moroso
65,1063.47,0,28.5,1,Universitario,1733.58,no_moroso
30,6515.86,2,14.1,0,Secundaria,16535.8,no_moroso
26,13616.36,8,16.8,0,Universitario,36547.66,no_moroso
19,4563.13,0,8.3,1,Secundaria,9110.2,no_moroso
19,11852.41,5,0.2,1,Secundaria,29104.11,no_moroso
35,10882.52,3,10.7,0,Secundaria,27610.27,no_moroso
55,11264.67,0,6.5,1,Tecnico,27178.46,no_moroso
18,10729.55,0,6.8,0,Posgrado,29327.3,no_moroso
58,1426.32,2,5.1,0,Tecnico,169983.43650365656,no_moroso
69,10623.2,0,6.5,0,Tecnico,26641.94,no_moroso
50,4556.14,1,24.2,0,Universitario,11548.12,no_moroso
63,5703.72,0,19.5,0,Tecnico,14172.21,no_moroso
53,2291.48,3,11.2,0,Secundaria,5415.14,no_moroso
25,13538.63,5,12.0,1,tecnico,33362.3,no_moroso
24,1857.66,9,13.4,0,Secundaria,5831.02,no_moroso
32,5775.1,6,33.9,0,Secundaria,14084.41,moroso
33,4080.3,0,28.3,0,Tecnico,9202.58,no_moroso
27,9642.58,8,2.0,1,Universitario,25550.11,no_moroso
56,2512.56,5,9.4,1,Tecnico,5139.4,no_moroso
27,12050.68,9,6.4,0,Universitario,33261.73,no_moroso
55,10547.44,9,21.9,1,Posgrado,28888.29,no_moroso
32,9047.98,0,10.3,0,Secundaria,22383.84,no_moroso
43,6899.77,0,4.3,1,Universitario,17656.67,no_moroso
45,1476.3,1,17.1,0,Tecnico,2677.16,no_moroso
53,13371.23,7,5.3,0,Universitario,37079.49,no_moroso
39,12051.05,7,20.7,1,Universitario,30774.14,no_moroso
46,7946.57,1,3.1,1,Secundaria,19605.66,no_moroso
20,2621.44,2,1.7,0,Universitario,9601.89,no_moroso
37,,6,43.5,0,Universitario,38552.98,moroso
20,5151.75,6,12.2,1,Secundaria,11739.55,no_moroso
54,9589.29,5,2.0,0,tecnico,25820.11,no_moroso
47,10859.46,9,,1,Posgrado,29958.18,no_moroso
61,5197.47,2,8.8,1,Tecnico,11972.31,no_moroso
32,6455.26,7,30.0,1,Universitario,16199.12,no_moroso
61,,7,11.1,1,Tecnico,19781.39,no_moroso
57,13323.43,7,,0,Tecnico,34569.27,no_moroso
18,9237.3,9,5.8,1,Posgrado,26416.17,no_moroso
36,3514.93,6,20.4,1,Tecnico,7997.79,no_moroso
34,1538.53,1,0.8,0,Tecnico,5037.89,no_moroso
66,5157.55,4,9.9,1,Secundaria,11305.65,no_moroso
39,,1,,0,Secundaria,7677.98,no_moroso
57,4073.1,5,6.6,0,Universitario,12411.87,no_moroso
46,14619.87,9,9.3,1,Tecnico,36412.26,no_moroso
28,9715.44,5,0.2,1,Tecnico,24187.05,no_moroso
69,6739.97,9,15.5,0,Posgrado,19971.66,no_moroso
45,14558.67,5,16.3,0,Tecnico,36863.7,no_moroso
43,14359.71,9,14.8,0,Tecnico,36992.01,no_moroso
51,13963.32,2,6.2,0,Universitario,35117.67,no_moroso
27,3187.77,4,7.9,0,Tecnico,8443.92,no_moroso
31,6210.18,4,2.3,0,Posgrado,19471.18,no_moroso
19,4119.04,5,14.2,1,Secundaria,9164.38,no_moroso
27,4577.14,5,9.8,1,Tecnico,11068.27,no_moroso
55,4566.82,3,5.2,0,Universitario,13304.41,no_moroso
44,10945.19,1,0.1,0,Posgrado,30393.51,no_moroso
42,6316.36,7,13.0,1,Tecnico,15629.1,no_moroso
36,12972.69,4,4.3,1,Secundaria,31331.49,no_moroso
26,7237.32,1,2.5,1,universitario,17534.23,no_moroso
56,14440.61,3,5.1,1,Posgrado,38259.62,no_moroso
48,6261.44,2,3.8,1,Posgrado,17224.33,no_moroso
46,12783.89,4,14.7,0,Universitario,33823.39,no_moroso
60,8931.36,9,2.6,0,Secundaria,23090.87,no_moroso
44,4391.02,9,6.9,0,Universitario,13743.26,no_moroso
35,1562.51,7,1.1,0,Universitario,6675.53,no_moroso
46,,4,,1,Posgrado,3967.9,no_moroso
67,13178.13,8,3.7,1,Tecnico,33845.01,no_moroso
46,8587.2,0,4.1,1,Tecnico,20646.67,no_moroso
33,8734.94,9,9.4,0,Universitario,24783.1,no_moroso
42,14831.81,2,26.8,1,Posgrado,37507.4,no_moroso
54,1473.24,9,1.6,1,Secundaria,3934.04,no_moroso
60,5923.33,9,17.6,1,Universitario,16251.78,no_moroso
20,8698.03,1,20.5,0,Posgrado,23524.45,no_moroso
41,14402.52,6,4.7,1,Tecnico,35059.87,no_moroso
43,4433.81,7,11.2,1,Tecnico,10966.71,no_moroso
55,10014.44,8,1.1,0,Posgrado,29382.6,no_moroso
44,11035.3,2,19.2,0,Posgrado,29568.54,no_moroso
43,8909.95,1,25.3,0,posgrado,23654.28,no_moroso
49,13195.82,6,21.9,1,Posgrado,210407.38695555457,no_moroso
51,6217.65,7,8.7,0,Tecnico,17018.81,no_moroso
68,6337.09,3,8.8,1,Universitario,16837.85,no_moroso
67,9711.44,5,8.5,0,Posgrado,27340.04,no_moroso
29,13820.73,4,9.1,1,Tecnico,34604.61,no_moroso
34,,2,19.9,1,Posgrado,32363.11,no_moroso
65,8414.66,4,3.6,1,Secundaria,19984.33,no_moroso
27,8601.34,8,0.5,0,Universitario,24010.06,no_moroso
63,10378.89,6,1.9,1,Posgrado,29015.25,no_moroso
23,11672.47,0,76.9,1,Secundaria,22529.67,moroso
27,,3,10.2,0,Universitario,17122.34,no_moroso
31,,5,28.5,1,Secundaria,1299.11,no_moroso
57,,7,21.6,1,Tecnico,22336.24,no_moroso
57,5971.74,0,4.6,0,Universitario,16307.98,no_moroso
26,5713.64,2,54.0,0,Tecnico,13104.4,moroso
35,,8,24.7,0,Universitario,37827.09,no_moroso
68,5867.69,2,39.7,0,Tecnico,14515.93,moroso
61,5807.68,1,1.1,1,Tecnico,13359.9,no_moroso
50,9440.67,8,,0,Universitario,25266.74,no_moroso
46,850.43,2,4.1,0,Secundaria,2440.97,no_moroso
50,7313.39,7,17.6,0,Tecnico,20079.99,no_moroso
49,14401.19,9,14.8,1,Posgrado,38389.69,no_moroso
37,11164.96,2,18.3,0,Secundaria,27941.73,no_moroso
69,13041.33,9,33.6,0,Secundaria,33282.01,moroso
59,12095.99,8,2.7,0,Universitario,33342.39,no_moroso
62,6608.94,8,1.9,0,Universitario,20114.73,no_moroso
55,7620.66,6,13.0,0,UNIVERSITARIO,21265.99,no_moroso
68,10461.33,9,0.1,1,Posgrado,29792.01,no_moroso
36,13183.27,7,4.0,1,Universitario,34021.84,no_moroso
44,7527.41,7,22.5,0,Universitario,20446.5,no_moroso
60,7537.89,4,22.5,1,Tecnico,17961.27,no_moroso
31,8219.83,7,17.5,0,Universitario,22146.43,no_moroso
46,5861.32,7,7.5,0,Tecnico,16009.82,no_moroso
37,5869.17,0,19.2,0,Tecnico,13970.71,no_moroso
47,10409.66,8,,1,Secundaria,25094.99,no_moroso
33,2655.61,4,2.2,1,Universitario,6862.31,no_moroso
36,13811.44,3,15.4,0,Universitario,34906.69,no_moroso
55,13636.33,4,1.1,1,Tecnico,34585.7,no_moroso
34,12603.01,4,13.5,1,Secundaria,30620.16,no_moroso
34,,5,11.8,1,Posgrado,9086.86,no_moroso
54,10727.84,1,15.7,0,Tecnico,26973.46,no_moroso
68,4639.09,8,3.0,1,Tecnico,12834.99,no_moroso
68,10459.56,2,10.9,0,Posgrado,28915.95,no_moroso
42,5048.63,3,7.9,0,Tecnico,12625.9,no_moroso
59,,4,18.7,0,Tecnico,13393.47,no_moroso
64,7929.85,3,19.5,0,Posgrado,22334.46,no_moroso
64,10119.58,9,23.8,0,Posgrado,29378.89,no_moroso
18,1648.62,3,2.7,1,Secundaria,3542.0,no_moroso
19,1290.46,4,7.4,1,Tecnico,2925.16,no_moroso
26,5220.66,3,7.6,1,Tecnico,12517.46,no_moroso
36,1166.98,9,7.5,1,Tecnico,3540.53,no_moroso
57,6481.95,7,39.4,1,Universitario,15897.76,moroso
54,2681.44,2,10.1,0,SECUNDARIA,6005.79,no_moroso
26,13162.02,8,3.4,0,Tecnico,35411.8,no_moroso
38,4848.47,7,15.0,0,Universitario,13912.65,no_moroso
27,8055.41,9,23.3,1,Universitario,20411.91,no_moroso
26,,6,7.5,0,Posgrado,34805.01,no_moroso
24,11808.13,6,11.0,0,Posgrado,32600.53,no_moroso
43,1413.33,2,0.2,0,tecnico,4071.84,no_moroso
27,12893.27,2,4.3,1,Universitario,31619.93,no_moroso
36,1051.57,0,3.6,1,Tecnico,1652.04,no_moroso
42,3819.79,3,19.4,0,Posgrado,12293.87,no_moroso
52,11710.67,2,3.6,0,Tecnico,30111.1,no_moroso
54,1953.36,8,1.0,0,UNIVERSITARIO,8340.81,no_moroso
18,3366.29,1,6.7,0,Secundaria,8345.83,no_moroso
48,,8,22.1,0,Universitario,21494.6,no_moroso
55,7152.73,1,1.0,0,Universitario,19421.03,no_moroso
52,14520.31,5,11.3,0,Posgrado,39409.15,no_moroso
19,13968.76,3,7.6,1,Universitario,35884.66,no_moroso
54,14693.91,5,,1,Posgrado,37456.68,no_moroso
41,1156.01,9,5.7,0,Universitario,5290.38,no_moroso
62,14693.55,5,1.6,0,Tecnico,37336.96,no_moroso
28,13268.04,6,21.6,0,Secundaria,33403.75,no_moroso
37,5582.8,9,5.8,1,Secundaria,13784.18,no_moroso
64,7302.4,9,4.0,1,Universitario,19009.61,no_moroso
49,14817.0,4,13.3,0,Secundaria,37835.75,no_moroso
20,8451.11,8,11.5,1,Secundaria,20938.74,no_moroso
56,11062.11,3,25.8,1,Tecnico,26249.57,no_moroso
54,10085.41,1,3.9,0,Tecnico,25988.73,no_moroso
58,8284.55,2,19.2,1,Secundaria,18344.97,no_moroso
32,8596.95,1,8.3,0,UNIVERSITARIO,23181.04,no_moroso
61,12474.57,2,7.6,1,Universitario,30910.63,no_moroso
29,6147.33,2,9.1,0,Universitario,16739.24,no_moroso
46,2360.52,9,1.0,1,Universitario,7356.06,no_moroso
35,12757.37,1,22.0,0,Universitario,32947.26,no_moroso
32,4505.05,9,9.2,1,Secundaria,10422.71,no_moroso
32,,3,,0,Tecnico,31849.53,no_moroso
46,12667.91,9,13.7,1,Universitario,32319.99,no_moroso
20,5374.44,0,8.2,1,Posgrado,15034.17,no_moroso
21,7455.54,8,10.8,0,Tecnico,19708.71,no_moroso
57,6794.7,1,23.7,1,Secundaria,15028.05,no_moroso
32,1475.21,9,4.4,1,Secundaria,3815.71,no_moroso
38,,6,46.5,0,Secundaria,10487.76,moroso
26,,1,13.2,1,Tecnico,14591.0,no_moroso
64,,4,51.4,0,Secundaria,20517.23,moroso
18,10428.25,1,8.1,0,Universitario,27610.94,no_moroso
46,6004.63,4,3.2,0,Universitario,17549.06,no_moroso
43,12368.34,1,3.8,1,Universitario,33007.48,no_moroso
23,14092.8,7,0.5,1,Tecnico,35209.59,no_moroso
46,,0,,1,Posgrado,5610.59,no_moroso
18,2993.19,0,21.3,1,Universitario,6032.78,no_moroso
48,10162.29,8,5.5,1,Secundaria,24960.15,no_moroso
31,7604.11,0,39.5,0,Secundaria,17051.2,moroso
47,,1,17.4,0,Universitario,24376.24,no_moroso
60,12153.15,1,9.7,0,Universitario,31811.86,no_moroso
58,2455.9,2,22.9,1,Tecnico,4462.71,no_moroso
41,10912.52,6,14.8,0,Tecnico,27924.2,no_moroso
47,1825.48,8,10.1,1,Posgrado,7191.49,no_moroso
64,,6,8.8,0,Secundaria,20976.57,no_moroso
45,9424.63,1,,0,Secundaria,23044.06,no_moroso
59,915.97,7,18.3,0,Universitario,4075.24,no_moroso
36,10546.8,3,17.0,1,Posgrado,27926.76,no_moroso
69,9794.18,0,23.7,0,Universitario,24971.12,no_moroso
50,849.56,9,9.9,0,Secundaria,3243.32,no_moroso
65,6539.18,2,5.3,0,Universitario,192247.43554250477,no_moroso
63,,7,3.4,0,Universitario,18183.62,no_moroso
30,11812.43,4,11.8,1,Universitario,29629.07,no_moroso
43,3411.67,5,5.3,0,Universitario,11165.72,no_moroso
66,4891.97,2,7.7,0,Secundaria,12041.08,no_moroso
60,3746.84,8,1.8,0,Tecnico,10606.48,no_moroso
66,12471.62,8,7.5,0,Tecnico,33612.77,no_moroso
53,3193.25,1,5.9,0,Secundaria,8118.69,no_moroso
50,4751.02,3,0.3,0,Universitario,14465.77,no_moroso
66,979.15,0,13.0,1,Tecnico,723.37,no_moroso
48,7116.82,4,36.5,1,Universitario,16220.14,moroso
27,1428.58,5,8.9,0,Universitario,5038.9,no_moroso
19,,9,3.5,1,Universitario,22025.89,no_moroso
28,7632.71,5,30.0,0,Tecnico,18564.67,no_moroso
31,4103.0,8,15.2,0,Tecnico,11621.38,no_moroso
18,2058.43,8,23.7,1,Posgrado,6422.54,no_moroso
47,4379.27,6,19.0,1,Tecnico,10758.63,no_moroso
31,9082.9,0,20.0,0,Universitario,23444.23,no_moroso
52,4847.73,5,2.2,0,Posgrado,16181.33,no_moroso
24,,9,26.7,0,Universitario,36443.17,no_moroso
22,8704.26,1,3.5,0,Posgrado,25157.9,no_moroso
40,1082.33,1,16.6,1,Secundaria,516.13,no_moroso
64,3398.88,7,33.8,1,Secundaria,6862.4,moroso
22,8197.25,5,18.9,0,Universitario,21887.3,no_moroso
66,5919.92,5,18.0,1,Universitario,14388.96,no_moroso
45,6252.47,0,6.1,1,Universitario,16019.25,no_moroso
49,10460.74,7,3.0,1,Posgrado,28488.7,no_moroso
42,12757.93,3,9.5,0,Tecnico,32381.48,no_moroso
33,2905.51,6,14.2,0,posgrado,11281.16,no_moroso
54,8037.21,3,16.9,0,Tecnico,20033.11,no_moroso
67,6966.79,3,7.9,0,Posgrado,20778.39,no_moroso
39,13100.68,5,42.9,1,Universitario,31541.27,moroso
64,1065.19,4,31.8,1,Posgrado,3490.89,moroso
30,7695.91,9,16.8,1,Universitario,252867.59286862754,no_moroso
37,12916.56,3,11.0,0,SECUNDARIA,31813.29,no_moroso
28,7663.92,1,17.9,1,Tecnico,16112.51,no_moroso
68,1699.98,2,,0,Universitario,4589.36,no_moroso
60,13951.93,5,45.0,0,Tecnico,34139.73,moroso
28,14497.62,3,13.3,1,Posgrado,37746.78,no_moroso
61,4983.11,3,10.7,0,Universitario,14327.86,no_moroso
56,3603.59,5,,1,Universitario,8746.01,no_moroso
59,8983.37,3,2.4,1,Tecnico,21880.36,no_moroso
43,9444.8,6,20.1,0,Posgrado,26109.23,no_moroso
27,12120.24,1,1.5,1,Tecnico,29014.04,no_moroso
29,13220.23,9,15.1,0,Universitario,34748.03,no_moroso
55,2135.0,8,7.6,1,tecnico,5799.2,no_moroso
32,7598.18,6,25.5,1,Secundaria,16894.43,no_moroso
61,14549.01,7,12.7,0,Tecnico,37624.94,no_moroso
67,,0,33.4,0,Secundaria,25521.72,moroso
47,8150.22,4,12.8,0,Tecnico,20708.28,no_moroso
24,8908.47,7,11.1,1,Posgrado,24714.97,no_moroso
37,,4,4.1,1,Tecnico,25551.74,no_moroso
47,2159.33,4,2.9,0,Universitario,8056.46,no_moroso
28,10768.86,4,1.9,0,Tecnico,28681.36,no_moroso
60,5526.18,5,60.3,0,Universitario,14547.54,moroso
69,14140.65,5,4.8,1,Secundaria,34341.77,no_moroso
60,6744.06,4,0.9,1,Posgrado,19007.09,no_moroso
24,2092.05,5,11.3,0,Universitario,5955.29,no_moroso
69,14948.41,0,,1,Tecnico,32691.53,moroso
35,8432.61,3,26.4,0,Secundaria,19729.0,no_moroso
29,11054.87,8,34.4,0,Tecnico,27866.53,moroso
29,3573.68,1,7.0,0,Posgrado,10919.78,no_moroso
23,13204.11,2,17.6,1,Tecnico,32192.35,no_moroso
63,4654.8,8,15.8,0,Universitario,13985.18,no_moroso
29,8249.26,1,10.9,0,Universitario,21507.06,no_moroso
50,6964.12,6,0.0,0,Universitario,21046.25,no_moroso
41,3154.83,9,18.9,0,Tecnico,8736.44,no_moroso
21,8613.5,1,10.4,0,Secundaria,21595.56,no_moroso
64,9384.41,5,10.2,0,Universitario,26080.19,no_moroso
51,8849.37,3,30.7,0,Universitario,23662.33,moroso
24,2228.86,3,6.8,1,Universitario,5415.81,no_moroso
59,4978.39,3,12.2,0,Universitario,13389.57,no_moroso
45,13538.64,1,0.3,0,Tecnico,34364.87,no_moroso
42,13252.15,9,19.4,0,Secundaria,33959.61,no_moroso
69,12687.66,6,28.7,1,Tecnico,31049.08,no_moroso
54,10511.58,7,8.2,1,Tecnico,26116.43,no_moroso
32,9190.41,0,3.8,0,Universitario,24500.41,no_moroso
49,12041.24,9,27.5,1,Universitario,30517.44,no_moroso
54,,0,,0,Tecnico,29751.99,no_moroso
42,14507.17,3,56.0,0,Universitario,35670.54,moroso
42,5842.03,9,7.6,0,Universitario,17160.12,no_moroso
26,,7,15.2,0,Secundaria,31608.81,no_moroso
37,,6,5.7,1,Universitario,33057.11,no_moroso
35,2181.38,1,1.6,1,Universitario,5978.28,no_moroso
23,8406.28,3,11.9,0,Tecnico,22122.08,no_moroso
22,13121.08,3,0.2,0,Tecnico,33840.78,no_moroso
33,14008.93,6,,0,Universitario,193567.29929424167,no_moroso
65,1549.3,3,3.7,0,tecnico,5580.07,no_moroso
62,2253.73,7,12.6,0,Secundaria,6334.33,no_moroso
68,7944.62,9,7.0,0,Posgrado,23786.82,no_moroso
45,11052.11,5,20.5,0,Universitario,29330.48,no_moroso
34,5897.82,6,,1,Secundaria,13916.13,no_moroso
27,3504.58,6,29.8,1,Secundaria,6960.43,no_moroso
69,,8,11.7,0,Posgrado,37562.29,no_moroso
20,5395.29,9,25.3,0,Secundaria,13793.57,no_moroso
63,1715.02,4,0.8,0,Universitario,297961.7907505798,no_moroso
33,2442.29,8,14.9,0,Tecnico,6865.53,no_moroso
34,8026.4,0,1.0,0,Posgrado,306930.1448342914,no_moroso
49,11785.32,4,5.0,0,Universitario,31504.31,no_moroso
66,8223.58,1,53.2,1,Secundaria,16684.11,moroso
49,9920.15,5,9.9,1,Tecnico,23534.88,no_moroso
50,1914.25,5,,1,Universitario,200.0,moroso
33,11414.91,4,39.1,0,Universitario,28491.62,moroso
45,,0,,1,Secundaria,21829.21,no_moroso
62,8825.87,6,,0,Posgrado,26810.06,no_moroso
52,14990.47,2,,0,Secundaria,36775.88,no_moroso
35,,4,9.0,0,Universitario,11297.25,no_moroso
67,2954.02,1,13.6,0,Secundaria,7652.16,no_moroso
67,7655.34,8,4.1,1,Universitario,20564.26,no_moroso
58,14334.18,2,19.3,0,Posgrado,38291.78,no_moroso
47,14892.09,3,2.9,1,Posgrado,39175.11,no_moroso
61,13737.15,6,45.9,0,Tecnico,34382.54,moroso
23,5649.67,7,13.2,0,Universitario,17473.39,no_moroso
26,5128.36,1,6.3,0,Tecnico,13189.12,no_moroso
35,4008.85,4,11.5,1,Posgrado,12489.45,no_moroso
32,8688.36,2,0.3,1,Secundaria,20831.21,no_moroso
51,3749.88,8,12.4,0,Tecnico,11030.37,no_moroso
59,10085.65,4,21.6,0,Tecnico,25675.4,no_moroso
21,9416.09,7,9.1,0,Universitario,26309.2,no_moroso
41,9336.55,3,4.8,1,Posgrado,24901.4,no_moroso
63,3221.74,4,10.1,0,Tecnico,9087.3,no_moroso
47,9304.3,4,65.7,1,Posgrado,22394.21,moroso
68,14261.82,8,11.3,1,Universitario,37312.38,no_moroso
52,5718.23,2,6.7,0,Tecnico,14642.47,no_moroso
56,9277.47,4,9.3,1,Tecnico,22535.92,no_moroso
34,3369.05,3,2.8,1,Tecnico,7105.08,no_moroso
57,12402.32,6,2.4,0,Tecnico,32819.88,no_moroso
47,10545.99,2,8.7,0,Tecnico,27126.25,no_moroso
40,6171.41,4,21.6,1,Posgrado,16769.42,no_moroso
51,5379.97,2,8.4,1,Universitario,13159.39,no_moroso
35,6694.91,0,5.3,0,Universitario,17518.67,no_moroso
63,3850.36,4,26.0,1,Secundaria,7168.48,no_moroso
40,1985.42,1,70.9,1,Tecnico,229654.93109745247,moroso
66,11074.32,7,25.4,0,Universitario,29285.02,no_moroso
52,13515.08,4,9.5,0,universitario,35188.76,no_moroso
40,8211.14,5,25.5,0,Tecnico,21325.34,no_moroso
67,14690.8,0,37.4,0,Tecnico,35173.62,moroso
21,8900.53,7,30.0,0,Universitario,23696.57,no_moroso
43,8224.85,0,7.0,1,Secundaria,19671.55,no_moroso
29,,1,47.8,0,Universitario,14597.36,moroso
38,7650.51,3,24.7,1,Universitario,18499.61,no_moroso
27,8454.69,9,8.2,0,Universitario,23596.37,no_moroso
52,1596.09,6,0.1,0,Universitario,7013.94,no_moroso
69,6854.6,2,0.1,1,Secundaria,15924.31,no_moroso
42,,6,6.8,0,Secundaria,11053.81,no_moroso
67,7133.67,7,8.4,1,Tecnico,17248.79,no_moroso
56,14294.29,6,8.3,1,Universitario,36968.9,no_moroso
32,13731.2,3,1.4,0,Tecnico,35606.53,no_moroso
52,11985.83,9,13.1,0,Universitario,32781.58,no_moroso
21,11679.27,5,32.3,0,Secundaria,28982.0,moroso
67,8792.72,0,17.1,0,Tecnico,21858.66,no_moroso
39,10395.61,1,37.3,1,Tecnico,23748.75,moroso
55,,6,74.8,1,Secundaria,26966.65,moroso
47,2375.94,2,,0,Tecnico,6340.36,no_moroso
55,8610.62,0,3.5,1,Tecnico,21103.0,no_moroso
30,7460.77,4,20.5,0,Universitario,19462.87,no_moroso
43,2508.76,3,5.5,0,Secundaria,6745.04,no_moroso
22,14623.1,3,4.2,0,Tecnico,36985.73,no_moroso
20,1993.03,4,11.5,1,Posgrado,5894.11,no_moroso
34,14369.57,7,0.7,0,Posgrado,238868.58743281622,no_moroso
45,6296.48,5,14.1,1,TECNICO,14032.33,no_moroso
55,1186.28,7,39.4,0,Secundaria,3049.93,moroso
18,3748.76,9,0.1,0,Universitario,12824.26,no_moroso
27,,5,4.8,1,Tecnico,10699.5,no_moroso
23,10462.56,2,11.3,0,Tecnico,26294.34,no_moroso
54,9825.12,8,9.5,0,Universitario,26615.74,no_moroso
28,6210.16,0,2.2,1,Tecnico,14200.47,no_moroso
61,6074.15,4,0.6,0,Universitario,17593.99,no_moroso
26,2918.86,7,3.9,0,Universitario,10384.35,no_moroso
32,4956.38,9,,0,Secundaria,14094.66,no_moroso
40,5664.96,2,32.1,1,Universitario,13316.81,moroso
40,,8,16.9,1,Universitario,20251.45,no_moroso
31,10871.02,2,13.4,1,Universitario,26935.15,no_moroso
22,6668.07,7,0.3,1,Secundaria,15944.13,no_moroso
66,11622.34,4,21.7,0,Universitario,29428.18,no_moroso
53,,5,10.0,1,TECNICO,36042.55,no_moroso
55,2203.97,5,0.7,1,Secundaria,5566.47,no_moroso
58,,2,13.8,0,Universitario,17313.02,no_moroso
21,9477.18,2,10.6,0,Secundaria,23787.54,no_moroso
26,8797.53,3,30.1,0,Secundaria,21767.23,moroso
35,3580.59,4,0.1,0,Universitario,11304.94,no_moroso
35,8267.35,6,21.3,0,Universitario,22122.63,no_moroso
57,2198.84,8,35.3,0,Secundaria,6046.35,moroso
22,10557.93,8,0.9,1,Tecnico,26535.7,no_moroso
22,1254.12,0,22.2,1,Universitario,1496.11,no_moroso
63,13201.64,8,30.3,0,Tecnico,33333.56,moroso
32,5138.17,5,39.9,1,Universitario,12280.09,moroso
60,,8,17.5,0,Posgrado,10510.7,no_moroso
19,5616.59,4,5.2,1,Universitario,14307.19,no_moroso
27,9142.88,2,10.8,0,Universitario,24729.01,no_moroso
44,10813.97,5,14.9,1,Secundaria,26566.2,no_moroso
44,14086.59,9,2.4,1,Universitario,37463.12,no_moroso
31,10793.64,3,2.2,0,Secundaria,27587.62,no_moroso
69,1657.16,1,3.8,1,Tecnico,3116.99,no_moroso
30,12239.28,6,7.4,1,Universitario,31919.89,no_moroso
49,7786.66,7,4.4,0,Tecnico,20685.34,no_moroso
42,13644.74,5,6.2,0,Tecnico,34927.61,no_moroso
58,,4,12.6,1,Tecnico,28922.71,no_moroso
61,8671.22,1,2.6,0,Posgrado,25303.51,no_moroso
52,2090.19,2,32.6,0,Tecnico,4524.02,moroso
23,14063.36,6,34.5,0,Universitario,36087.6,moroso
46,10102.29,9,1.4,0,Tecnico,27672.22,no_moroso
24,2211.03,3,0.7,1,Tecnico,5303.74,no_moroso
35,11027.38,6,19.0,1,Posgrado,29705.33,no_moroso
44,5906.47,1,12.6,0,Tecnico,14153.21,no_moroso
58,1870.04,1,43.3,1,Universitario,3478.96,moroso
34,3942.14,4,0.6,1,Universitario,10966.95,no_moroso
62,13130.56,1,7.2,1,Universitario,32243.84,no_moroso
47,1551.5,5,20.0,1,Posgrado,5547.08,no_moroso
64,7169.23,9,12.5,0,Universitario,276371.07962663297,no_moroso
46,14684.78,7,10.0,0,Universitario,38799.95,no_moroso
24,1816.6,8,,0,Tecnico,6102.28,no_moroso
57,12313.96,0,12.6,1,Universitario,29852.4,no_moroso
66,2423.96,7,7.2,1,Tecnico,6740.44,no_moroso
61,,3,,0,Tecnico,38637.48,no_moroso
52,11412.8,5,4.9,0,Universitario,30429.46,no_moroso
32,8680.69,5,,0,Universitario,22710.87,no_moroso
65,6117.32,2,3.4,0,Universitario,16589.1,no_moroso
36,1211.55,4,5.0,1,Tecnico,2671.83,no_moroso
29,2578.81,6,2.3,1,tecnico,6291.97,no_moroso
21,11661.39,9,1.5,0,Universitario,32762.12,no_moroso
21,4141.86,4,1.0,1,Universitario,11320.54,no_moroso
56,8470.69,7,3.5,1,Posgrado,23903.9,no_moroso
41,7126.55,0,4.3,0,Posgrado,20948.61,no_moroso
54,8390.75,5,20.8,0,Posgrado,23095.81,no_moroso
41,8328.49,8,,0,secundaria,21236.53,no_moroso
64,3199.36,0,82.7,0,Universitario,4812.05,moroso
43,9506.06,5,0.9,0,Universitario,26005.81,no_moroso
41,3769.08,0,1.0,1,Secundaria,8039.21,no_moroso
65,5789.7,0,11.7,1,Universitario,14844.56,no_moroso
34,9883.85,7,20.7,1,Tecnico,23157.0,no_moroso
56,7566.03,3,12.1,1,Secundaria,17404.7,no_moroso
66,6926.18,6,1.4,0,Secundaria,17545.35,no_moroso
21,6742.35,7,9.9,0,Tecnico,18871.29,no_moroso
57,14418.89,7,16.0,1,Universitario,36485.25,no_moroso
33,9232.86,2,8.5,0,Posgrado,26126.47,no_moroso
29,12371.79,3,32.1,0,Tecnico,30578.56,moroso
66,8919.91,8,0.2,0,Universitario,25415.67,no_moroso
33,2153.57,4,24.5,0,Secundaria,4565.8,no_moroso
28,,9,12.6,1,Secundaria,21263.02,no_moroso
20,10838.04,1,27.2,1,UNIVERSITARIO,26425.72,no_moroso
50,14272.16,4,,1,TECNICO,35005.71,no_moroso
34,1920.53,9,44.4,1,Secundaria,3030.6,moroso
19,7968.39,0,16.9,0,Tecnico,19153.76,no_moroso
57,1855.39,8,6.7,1,TECNICO,4643.93,no_moroso
28,11375.46,6,23.5,0,secundaria,28735.11,no_moroso
24,10358.83,1,3.1,0,Universitario,26578.24,no_moroso
57,10536.39,9,4.6,0,Universitario,28409.74,no_moroso
46,7569.08,2,13.3,0,Universitario,20301.66,no_moroso
60,,5,1.5,1,Secundaria,33467.2,no_moroso
43,9399.31,8,19.7,1,Universitario,262033.87795709056,no_moroso
41,3401.5,5,0.4,0,Tecnico,10207.05,no_moroso
49,8706.99,1,20.0,0,Secundaria,20319.56,no_moroso
50,9548.03,8,1.5,1,Posgrado,27699.58,no_moroso
68,6055.86,7,38.2,1,Secundaria,13761.19,moroso
66,10284.06,5,8.5,0,Posgrado,28941.0,no_moroso
47,14538.46,6,10.1,0,Universitario,39421.45,no_moroso
32,10471.77,8,47.9,0,Posgrado,28065.68,moroso
60,3511.43,1,0.4,1,Tecnico,7915.3,no_moroso
22,1933.63,6,18.0,1,Tecnico,3771.78,no_moroso
22,7170.38,4,0.2,1,Tecnico,17878.04,no_moroso
42,1727.61,0,28.1,0,Tecnico,2917.48,no_moroso
59,11978.85,8,,0,Secundaria,32411.68,no_moroso
29,2564.42,5,5.4,0,Posgrado,11133.29,no_moroso
48,13681.69,5,7.7,0,Universitario,36778.35,no_moroso
33,5066.39,8,,1,Secundaria,10027.55,moroso
62,7655.48,3,29.7,0,Tecnico,19442.2,no_moroso
45,3773.33,6,10.3,1,tecnico,8918.22,no_moroso
57,6931.83,6,,1,Secundaria,17282.75,no_moroso
43,,6,3.7,1,Tecnico,22423.21,no_moroso
22,9085.77,0,8.4,0,Universitario,23022.12,no_moroso
48,10358.03,8,19.4,0,Secundaria,26665.52,no_moroso
43,1786.11,0,12.2,1,Posgrado,5480.13,no_moroso
31,9905.26,0,20.2,1,Tecnico,23062.13,no_moroso
35,13159.05,4,1.1,0,Posgrado,36668.47,no_moroso
65,3771.05,0,28.4,0,Tecnico,7939.01,no_moroso
38,1315.02,8,40.6,1,Tecnico,1970.43,moroso
21,2033.81,5,15.2,0,Tecnico,6093.68,no_moroso
37,14525.96,5,5.7,0,Universitario,39698.67,no_moroso
28,13736.01,0,54.2,0,Tecnico,32536.59,moroso
68,5523.58,8,17.1,0,Universitario,16021.2,no_moroso
22,13573.5,8,23.7,0,Universitario,35927.48,no_moroso
68,3294.63,1,,1,Secundaria,5958.99,no_moroso
65,7281.61,4,48.6,0,Posgrado,19152.12,moroso
53,10544.13,9,,0,Tecnico,25512.68,moroso
53,11888.67,7,45.0,0,Universitario,29875.82,moroso
39,4243.54,8,0.9,1,Secundaria,10789.18,no_moroso
40,,3,15.8,0,Secundaria,7595.46,no_moroso
67,5175.44,9,57.5,1,Tecnico,11634.26,moroso
34,3390.36,4,0.2,0,Posgrado,13219.06,no_moroso
49,14356.6,4,9.7,1,Universitario,36222.82,no_moroso
44,14657.48,2,1.6,0,Tecnico,37741.58,no_moroso
55,9882.93,4,0.1,0,UNIVERSITARIO,27059.22,no_moroso
26,4787.55,9,21.2,0,Secundaria,13529.7,no_moroso
65,7412.11,6,11.8,0,Universitario,20413.72,no_moroso
24,12951.89,0,3.7,1,Tecnico,31487.02,no_moroso
47,13962.26,1,18.3,1,Secundaria,32502.0,no_moroso
30,4341.58,3,25.4,0,Universitario,12450.04,no_moroso
58,13217.23,2,3.2,0,Secundaria,33400.77,no_moroso
58,14258.42,1,46.6,0,Universitario,35028.4,moroso
19,11165.58,2,6.6,0,Universitario,29527.46,no_moroso
30,8255.05,4,45.0,0,Universitario,21362.84,moroso
28,1125.59,6,20.5,1,Tecnico,2252.77,no_moroso
40,13796.96,1,7.6,1,Secundaria,32624.15,no_moroso
27,1209.95,9,0.4,1,Universitario,4593.49,no_moroso
39,11600.21,2,33.5,1,Posgrado,28986.96,moroso
39,2110.2,1,7.4,1,Tecnico,4502.34,no_moroso
34,1545.37,7,8.1,1,POSGRADO,7200.71,no_moroso
20,11213.66,1,7.2,1,Tecnico,26515.87,no_moroso
65,3658.88,7,16.2,0,Universitario,252083.37594390078,no_moroso
25,12772.89,5,3.7,0,Posgrado,35451.88,no_moroso
47,8257.6,6,,0,Secundaria,21380.97,no_moroso
23,,8,0.9,1,Posgrado,34285.82,no_moroso
28,4739.65,2,7.0,1,Universitario,10721.02,no_moroso
37,8457.6,5,12.6,1,Universitario,22332.17,no_moroso
43,10030.31,7,4.2,1,Posgrado,27843.17,no_moroso
33,10257.54,8,5.3,1,Tecnico,25098.29,no_moroso
65,14108.45,4,3.2,0,Universitario,37508.78,no_moroso
47,9358.99,8,5.8,1,Tecnico,23322.54,no_moroso
47,5247.66,0,17.5,1,Secundaria,10454.53,no_moroso
38,9829.89,5,0.5,0,Universitario,27012.06,no_moroso
24,7016.76,1,0.8,1,Posgrado,19273.75,no_moroso
69,2871.96,7,22.1,0,Universitario,10045.79,no_moroso
33,6960.13,9,7.6,0,Universitario,20762.04,no_moroso
22,1280.63,5,7.9,0,Posgrado,7425.7,no_moroso
44,5210.15,2,42.2,1,Posgrado,12838.01,moroso
65,3062.02,6,2.8,1,Universitario,8485.13,no_moroso
43,4242.9,8,28.4,0,Universitario,12988.67,no_moroso
18,5020.99,3,7.1,0,Universitario,14080.34,no_moroso
43,5750.38,9,12.3,0,Universitario,16872.17,no_moroso
50,9757.28,8,30.2,0,Tecnico,24681.73,moroso
61,4691.08,2,21.2,0,Secundaria,11757.36,no_moroso
50,3398.25,4,25.5,0,Posgrado,10424.63,no_moroso
52,8711.37,3,54.6,0,Secundaria,19122.35,moroso
29,7068.62,2,5.7,0,Tecnico,203931.2606424581,no_moroso
41,9703.93,7,14.8,1,Posgrado,26939.91,no_moroso
31,14323.52,9,5.0,0,Posgrado,40800.95,no_moroso
49,8471.25,5,36.8,1,Tecnico,19495.95,moroso
40,1111.63,0,4.2,1,Tecnico,1555.81,no_moroso
41,13849.58,8,14.8,1,Tecnico,34758.85,no_moroso
62,6865.91,5,0.9,0,Tecnico,18199.14,no_moroso
27,3435.87,2,18.1,0,Universitario,10214.56,no_moroso
26,,9,8.9,0,Universitario,20225.21,no_moroso
36,,9,16.9,1,Tecnico,15177.37,no_moroso
56,6698.01,4,4.7,1,Universitario,16904.97,no_moroso
25,,6,2.8,0,TECNICO,23554.78,no_moroso
32,900.09,0,28.4,0,Secundaria,1415.69,no_moroso
68,1981.48,8,1.4,1,Universitario,6710.6,no_moroso
45,14348.79,1,1.1,0,Universitario,37657.45,no_moroso
31,7679.01,0,0.3,0,Secundaria,18729.17,no_moroso
47,6402.89,9,,0,Tecnico,17317.88,no_moroso
45,2350.07,5,25.2,0,Universitario,7362.1,no_moroso
35,2735.14,8,1.5,1,Tecnico,7624.01,no_moroso
55,2189.45,2,4.9,1,Tecnico,4358.46,no_moroso
32,5552.49,2,70.9,0,Secundaria,10759.61,moroso
46,12496.13,0,40.2,0,Posgrado,32355.6,moroso
28,13655.66,2,,1,Posgrado,36086.04,no_moroso
22,6267.44,3,23.9,1,Universitario,175247.0866388584,no_moroso
62,6178.08,6,13.9,1,Posgrado,16984.17,no_moroso
34,10849.11,3,52.4,1,Secundaria,23711.46,moroso
67,1855.7,8,25.7,0,Tecnico,5188.3,no_moroso
51,6906.94,5,4.7,0,secundaria,17353.89,no_moroso
59,11613.43,5,4.0,1,Universitario,30334.1,no_moroso
68,12981.42,3,3.5,1,Universitario,32849.18,no_moroso
19,12921.29,9,8.9,1,TECNICO,32316.15,no_moroso
42,11074.12,4,6.9,0,Posgrado,31245.22,no_moroso
38,14902.49,0,2.5,0,Tecnico,38183.84,no_moroso
21,5928.79,4,20.5,0,Universitario,302692.82480992796,no_moroso
46,2976.91,0,5.7,0,Universitario,8963.79,no_moroso
61,6343.31,3,18.9,0,Secundaria,15098.53,no_moroso
49,8471.65,3,12.3,0,Tecnico,22775.41,no_moroso
24,14509.56,1,11.1,0,Secundaria,36275.25,no_moroso
52,3294.11,4,15.3,1,Tecnico,7492.33,no_moroso
46,14883.31,2,5.8,0,Secundaria,36774.54,no_moroso
46,838.65,2,,0,Posgrado,5534.72,no_moroso
29,2750.9,6,1.6,0,Posgrado,11569.23,no_moroso
55,5919.19,6,8.7,1,Tecnico,15369.73,no_moroso
53,10529.87,3,23.5,0,Universitario,27185.26,no_moroso
47,5493.97,9,,0,Universitario,14609.15,moroso
41,1763.86,8,17.5,1,Tecnico,3669.79,no_moroso
49,12925.2,5,7.9,1,Posgrado,34370.68,no_moroso
61,4694.77,6,5.0,0,Secundaria,13096.38,no_moroso
68,1646.66,4,6.5,1,Tecnico,2687.74,no_moroso
66,8970.49,6,1.2,1,Tecnico,23218.95,no_moroso
38,12255.08,1,9.1,0,Secundaria,30683.3,no_moroso
41,11961.82,9,58.7,1,Tecnico,27449.7,moroso
58,3736.41,2,2.6,1,Secundaria,8106.08,no_moroso
22,6192.6,9,18.3,0,Secundaria,16580.53,no_moroso
41,4024.08,3,16.7,0,Tecnico,10808.45,no_moroso
57,7095.95,6,40.0,0,Posgrado,19830.82,moroso
68,5628.76,1,0.7,0,Posgrado,16334.73,no_moroso
61,13404.91,0,5.0,1,Universitario,33464.84,no_moroso
27,,0,12.2,0,Tecnico,5217.38,no_moroso
47,7614.27,6,23.6,0,Tecnico,19406.64,no_moroso
45,13925.93,1,15.1,0,Universitario,36060.49,no_moroso
18,8296.47,5,,0,Secundaria,21255.31,no_moroso
62,,5,18.8,1,Posgrado,7175.24,no_moroso
25,10492.93,8,9.6,1,Universitario,26991.24,no_moroso
32,8071.0,8,,1,Posgrado,22514.18,no_moroso
42,3385.44,3,2.6,0,Tecnico,9128.81,no_moroso
30,10757.9,6,21.0,0,Tecnico,26171.19,no_moroso
24,6857.19,7,3.2,1,Secundaria,17344.52,no_moroso
65,4100.21,8,8.3,0,Universitario,13111.86,no_moroso
54,5847.55,1,18.9,1,Posgrado,14367.14,no_moroso
64,14342.26,7,15.9,1,Universitario,36571.18,no_moroso
20,,1,8.0,1,Tecnico,1307.35,no_moroso
51,2267.53,5,3.2,1,Universitario,6063.87,no_moroso
48,6261.44,2,3.8,1,Posgrado,17224.33,no_moroso
60,14105.83,7,23.3,0,Tecnico,35645.22,no_moroso
49,1114.94,4,1.6,0,Universitario,4070.43,no_moroso
47,5061.32,0,27.8,1,Secundaria,9372.47,no_moroso
53,10023.02,4,21.7,1,Universitario,24998.48,no_moroso
49,3303.24,2,3.1,1,Tecnico,7630.69,no_moroso
41,9280.12,9,16.7,0,Universitario,25381.29,no_moroso
67,13957.91,5,39.3,1,Universitario,34070.4,moroso
22,2674.23,9,17.8,1,Tecnico,6641.73,no_moroso
34,,4,6.9,0,Posgrado,19837.74,no_moroso
52,10996.89,7,4.0,0,Universitario,29746.9,no_moroso
57,5099.27,6,21.8,0,Tecnico,12853.07,no_moroso
41,7539.25,7,65.1,1,Universitario,17137.88,moroso
46,2527.74,9,5.3,1,universitario,7597.09,no_moroso
55,10060.71,8,9.3,0,Universitario,27263.95,no_moroso
67,,4,3.0,0,Tecnico,33618.26,no_moroso
44,13065.98,9,3.7,1,Posgrado,35959.42,no_moroso
34,9022.63,7,6.9,1,Universitario,23759.97,no_moroso
31,4334.14,6,21.6,0,Universitario,13285.53,no_moroso
21,8725.81,1,5.5,1,Tecnico,20251.7,no_moroso
24,14518.84,0,11.4,0,Universitario,37506.67,no_moroso
47,8689.5,3,27.3,1,Secundaria,19719.11,no_moroso
60,5321.34,6,21.9,1,Secundaria,12182.56,no_moroso
34,1054.92,3,0.7,0,Universitario,4867.5,no_moroso
48,3903.53,9,,1,Tecnico,9935.01,no_moroso
64,10334.26,9,23.9,0,Universitario,27677.93,no_moroso
26,8205.87,9,0.3,1,Universitario,21965.38,no_moroso
55,,6,2.4,1,Universitario,30671.31,no_moroso
37,6869.7,2,23.3,0,Tecnico,16814.76,no_moroso
55,7745.96,0,22.1,0,Tecnico,17886.73,no_moroso
69,14730.33,8,13.0,0,Universitario,39403.7,no_moroso
39,4846.42,1,17.3,0,Tecnico,12503.77,no_moroso
36,2348.16,7,17.0,0,Universitario,8229.04,no_moroso
64,,1,3.7,0,Universitario,20803.01,no_moroso
53,947.79,3,23.5,0,Universitario,2962.66,no_moroso
46,12405.23,4,14.7,0,Tecnico,30418.19,no_moroso
36,14514.2,9,3.3,0,Universitario,40461.65,no_moroso
24,2257.68,6,1.8,0,Posgrado,9662.81,no_moroso
30,4732.95,7,23.5,0,Tecnico,12538.82,no_moroso
20,7892.23,6,32.1,1,Tecnico,18537.64,moroso
45,4118.91,4,3.4,1,Tecnico,9266.58,no_moroso
21,3498.68,3,23.5,0,Tecnico,8337.37,no_moroso
40,13258.54,0,2.3,0,Secundaria,32414.79,no_moroso
27,4129.91,7,73.7,1,Tecnico,7163.01,moroso
62,5433.1,7,14.0,1,Posgrado,15212.19,no_moroso
18,6824.17,9,,0,Tecnico,20508.24,no_moroso
34,1173.14,0,5.3,1,Posgrado,3702.34,no_moroso
57,4444.12,6,6.9,0,Secundaria,11383.58,no_moroso
69,12629.67,8,32.0,0,Posgrado,34330.99,moroso
69,14387.04,8,16.4,1,Secundaria,35066.7,no_moroso
57,10539.2,9,14.7,1,Posgrado,28722.85,no_moroso
49,8638.7,7,18.6,0,Posgrado,25944.81,no_moroso
65,,7,5.8,0,Secundaria,37600.24,no_moroso
52,8740.44,0,3.7,0,Universitario,23437.75,no_moroso
58,,0,6.7,1,SECUNDARIA,34879.39,no_moroso
54,8242.86,1,32.8,0,Universitario,21120.58,moroso
22,3217.53,1,11.7,1,Universitario,7486.25,no_moroso
43,,7,7.2,1,Secundaria,22857.34,no_moroso
31,2123.82,6,19.3,1,Secundaria,3625.15,no_moroso
68,12550.8,8,5.4,1,Universitario,33285.14,no_moroso
54,7854.13,2,0.7,1,Universitario,19830.46,no_moroso
59,6221.81,9,1.0,1,Secundaria,16107.25,no_moroso
52,14524.08,9,,1,Universitario,36032.42,moroso
66,11004.41,7,14.5,0,Posgrado,31426.67,no_moroso
42,11635.38,9,2.8,1,Universitario,31083.23,no_moroso
43,6180.66,3,17.2,0,Tecnico,15986.6,no_moroso
41,4306.02,4,23.5,1,Secundaria,8779.16,no_moroso
57,6129.53,9,12.7,0,Tecnico,17987.36,no_moroso
22,12378.42,9,5.4,0,Universitario,33378.94,no_moroso
56,7865.0,4,0.0,0,secundaria,20436.32,no_moroso
48,4129.03,0,5.3,0,Posgrado,12757.94,no_moroso
25,7770.03,0,,0,tecnico,20100.5,no_moroso
50,3217.11,2,10.4,1,Universitario,8577.06,no_moroso
18,,8,17.8,0,Secundaria,33301.51,no_moroso
18,14523.33,0,2.1,1,Posgrado,38036.24,no_moroso
18,9540.48,7,19.6,0,Secundaria,24129.33,no_moroso
44,11587.26,7,0.0,0,Tecnico,31334.66,no_moroso
31,13023.36,4,16.7,0,Universitario,34528.08,no_moroso
49,14338.07,7,3.5,0,Tecnico,37808.29,no_moroso
64,5598.7,2,4.4,0,Tecnico,15277.45,no_moroso
39,1983.58,8,,0,Posgrado,8607.62,no_moroso
49,,5,4.4,1,Secundaria,15773.75,no_moroso
51,7503.92,4,19.4,0,Posgrado,22037.08,no_moroso
18,2569.98,9,,0,Secundaria,7178.65,no_moroso
45,9148.42,8,7.7,0,Universitario,25628.59,no_moroso
26,8773.84,5,4.6,0,Universitario,24145.07,no_moroso
41,,8,7.0,0,Universitario,20282.77,no_moroso
20,7446.35,3,17.2,1,Universitario,18381.74,no_moroso
33,4731.21,2,13.3,1,Universitario,10930.34,no_moroso
22,5832.59,2,6.5,0,Posgrado,16340.56,no_moroso
48,12066.83,8,2.1,0,Universitario,33408.62,no_moroso
36,6686.2,9,26.4,0,Universitario,18325.47,no_moroso
24,9662.35,7,32.3,0,Posgrado,25835.93,moroso
19,994.8,7,7.9,1,Universitario,3591.78,no_moroso
28,,2,,0,Secundaria,21862.69,no_moroso
37,7357.77,1,9.1,0,Universitario,20069.02,no_moroso
52,13441.15,8,3.9,0,Universitario,35594.9,no_moroso
30,7226.21,2,3.6,0,Tecnico,19178.85,no_moroso
61,13916.35,6,1.6,0,Universitario,37923.98,no_moroso
31,12575.86,5,1.3,0,Posgrado,35237.61,no_moroso
53,9063.17,9,30.3,0,Universitario,24511.57,moroso
39,13141.18,8,3.6,0,Tecnico,34265.22,no_moroso
41,7367.5,8,1.2,0,Tecnico,19757.4,no_moroso
34,4618.08,9,8.6,0,Secundaria,13480.35,no_moroso
61,1746.52,1,18.6,0,Tecnico,3934.84,no_moroso
57,10786.86,1,6.0,0,Posgrado,30467.23,no_moroso
63,959.3,2,2.0,1,Posgrado,4885.95,no_moroso
60,12603.43,6,15.5,0,Tecnico,32955.7,no_moroso
39,2617.58,7,26.2,1,Universitario,6582.58,no_moroso
62,3517.7,0,2.3,0,Posgrado,12685.67,no_moroso
51,14759.36,8,,0,Secundaria,37340.33,no_moroso
30,12046.38,2,10.9,1,Posgrado,32180.4,no_moroso
55,11264.17,1,2.8,1,Tecnico,27283.82,no_moroso
57,6650.79,7,4.1,0,Tecnico,17442.3,no_moroso
48,1508.38,8,5.0,1,Universitario,5501.27,no_moroso
26,14688.71,4,,0,Tecnico,34088.24,moroso
18,5588.77,4,9.6,0,Secundaria,13558.53,no_moroso
45,3239.55,1,1.8,1,POSGRADO,9911.89,no_moroso
36,11531.06,3,12.8,0,Tecnico,29151.07,no_moroso
64,6413.29,3,7.7,1,Secundaria,15283.03,no_moroso
24,8016.21,2,18.5,0,Posgrado,22197.88,no_moroso
21,1624.25,1,26.4,1,Universitario,2579.92,no_moroso
57,7125.24,5,23.1,1,Posgrado,19797.8,no_moroso
31,8850.74,0,4.3,1,Tecnico,21108.4,no_moroso
31,13813.87,1,8.6,1,Secundaria,32690.13,no_moroso
56,3591.7,0,44.8,0,Universitario,8262.8,moroso
43,13304.5,0,,0,Tecnico,32347.1,no_moroso
29,4985.4,4,4.5,1,Universitario,13080.73,no_moroso
18,2248.38,6,2.8,0,Tecnico,6549.54,no_moroso
18,12021.5,1,26.6,0,Secundaria,29361.03,no_moroso
41,4478.79,1,,0,Tecnico,11528.9,no_moroso
52,2630.96,8,3.8,0,Posgrado,10300.61,no_moroso
29,1243.07,4,1.5,0,Tecnico,3512.35,no_moroso
32,4668.42,0,28.5,0,Secundaria,10941.72,no_moroso
58,,8,30.0,0,Tecnico,37108.82,no_moroso
32,6012.69,8,16.5,1,Tecnico,15035.8,no_moroso
55,7988.13,7,16.3,1,Universitario,20217.58,no_moroso
67,12758.34,3,11.3,0,Tecnico,31313.12,no_moroso
37,9008.75,9,26.5,0,Tecnico,23828.71,no_moroso
67,1805.61,8,21.4,0,Universitario,7130.55,no_moroso
68,1289.86,3,35.7,0,Tecnico,2192.42,moroso
41,6845.8,0,5.0,1,Tecnico,15832.48,no_moroso
44,12459.41,8,20.9,1,Universitario,31238.99,no_moroso
24,7812.58,9,10.2,1,Universitario,20998.45,no_moroso
43,6185.07,9,19.7,0,Tecnico,17200.92,no_moroso
22,1646.48,9,15.3,0,Universitario,7086.67,no_moroso
21,4336.58,8,18.6,0,Posgrado,14371.02,no_moroso
24,12825.74,7,,1,secundaria,31167.63,no_moroso
68,956.04,7,23.4,0,Tecnico,3397.01,no_moroso
25,14898.96,1,0.2,0,Tecnico,37334.22,no_moroso
43,2740.73,3,1.0,1,Universitario,7237.9,no_moroso
68,6236.29,5,27.8,0,Posgrado,19187.85,no_moroso
43,6148.75,7,11.4,1,Posgrado,17953.17,no_moroso
43,4115.73,9,18.3,0,Tecnico,12088.21,no_moroso
53,13663.8,5,45.9,0,Secundaria,32199.92,moroso
24,,5,4.9,0,Universitario,20388.42,no_moroso
31,8559.3,4,4.3,0,Universitario,23023.56,no_moroso
59,11865.28,8,2.5,0,Tecnico,31304.16,no_moroso
30,1860.07,7,10.4,1,Tecnico,4902.61,no_moroso
43,2716.68,3,6.5,0,Secundaria,7510.1,no_moroso
23,13518.35,5,2.3,0,Secundaria,34829.46,no_moroso
25,8327.41,7,17.9,1,Secundaria,19431.41,no_moroso
18,1791.55,3,9.1,1,Posgrado,6053.43,no_moroso
44,11250.71,1,19.1,0,Posgrado,30993.17,no_moroso
53,5499.56,4,18.7,0,Posgrado,17893.57,no_moroso
25,9728.87,9,0.9,0,Tecnico,26424.28,no_moroso
41,13433.36,7,32.5,1,Tecnico,32053.74,moroso
56,13870.04,8,1.6,0,Secundaria,36563.22,no_moroso
18,8984.7,3,25.8,0,Universitario,23480.4,no_moroso
56,9885.4,9,22.6,1,Tecnico,24028.15,no_moroso
36,12247.52,2,5.3,0,Tecnico,30980.83,no_moroso
33,8272.32,6,10.7,1,Posgrado,23382.77,no_moroso
46,10575.7,3,24.9,0,Universitario,25894.39,no_moroso
58,9587.25,8,17.2,0,Secundaria,23779.82,no_moroso
46,3720.19,6,26.5,1,Tecnico,7130.52,no_moroso
69,2639.84,2,56.8,0,Tecnico,4012.03,moroso
63,10813.52,4,11.4,0,Universitario,28577.52,no_moroso
37,10185.21,0,11.7,0,Secundaria,24432.21,no_moroso
44,13686.55,4,,1,TECNICO,33651.65,no_moroso
55,1957.42,9,41.8,0,Tecnico,4894.33,moroso
54,6590.69,2,1.0,1,Universitario,16639.09,no_moroso
26,14939.67,8,9.8,1,Secundaria,36950.15,no_moroso
44,7767.96,0,3.8,0,Secundaria,19061.12,no_moroso
18,9576.63,9,15.9,0,Tecnico,24587.56,no_moroso
45,6062.99,6,27.0,0,Universitario,16411.42,no_moroso
66,14331.33,7,15.0,0,Secundaria,37069.83,no_moroso
56,13425.25,6,1.7,0,Universitario,36908.49,no_moroso
40,9575.82,3,,1,Secundaria,23099.74,no_moroso
62,,0,7.7,1,Secundaria,33977.44,no_moroso
56,4111.7,7,22.2,0,Posgrado,14041.88,no_moroso
34,7798.4,5,2.2,0,Tecnico,21556.41,no_moroso
56,4860.0,1,1.0,0,Secundaria,12180.35,no_moroso
64,10820.01,9,14.2,1,Universitario,26991.95,no_moroso
46,11599.15,3,13.5,0,Universitario,30386.75,no_moroso
54,5823.02,1,6.7,0,Universitario,15321.79,no_moroso
26,4941.69,2,7.5,1,Secundaria,11143.12,no_moroso
44,10025.73,4,,1,Posgrado,26233.54,no_moroso
48,11781.85,1,20.0,0,Posgrado,32128.36,no_moroso
26,8590.75,9,10.8,0,Tecnico,22797.49,no_moroso
44,7548.36,9,11.1,0,Tecnico,20926.23,no_moroso
36,8431.5,7,22.8,0,Universitario,22514.84,no_moroso
47,13340.24,0,8.3,1,SECUNDARIA,31494.2,no_moroso
39,10468.24,1,14.4,1,Universitario,25664.28,no_moroso
27,10018.03,9,8.5,0,Secundaria,26473.84,no_moroso
28,14128.48,9,55.6,0,Universitario,35403.83,moroso
22,9737.89,0,10.1,1,Universitario,24296.4,no_moroso
57,6964.78,0,11.3,0,Secundaria,16860.51,no_moroso
61,2657.89,4,32.8,1,Secundaria,4206.7,moroso
32,3412.49,4,0.4,0,Tecnico,8991.72,no_moroso
35,4097.93,1,16.6,0,Universitario,10307.24,no_moroso
29,6677.62,3,16.7,0,Tecnico,16758.51,no_moroso
59,6616.71,6,17.7,0,Universitario,18825.79,no_moroso
69,3753.76,0,11.2,1,Posgrado,9882.48,no_moroso
30,14842.26,3,5.9,0,UNIVERSITARIO,38616.64,no_moroso
39,3576.41,1,20.2,0,Universitario,9798.74,no_moroso
67,3263.73,6,7.2,0,Universitario,10576.55,no_moroso
20,8750.32,7,2.7,1,Tecnico,22259.28,no_moroso
56,11744.01,7,4.4,1,Secundaria,29331.32,no_moroso
45,12055.73,2,29.7,1,Secundaria,27484.45,no_moroso
18,5239.31,8,6.1,1,Tecnico,12690.25,no_moroso
19,9974.06,3,,0,Secundaria,24502.44,no_moroso
65,11697.28,0,2.7,0,Posgrado,32282.74,no_moroso
56,4159.78,7,12.3,0,Universitario,13490.49,no_moroso
25,8037.28,8,17.2,0,Secundaria,21259.38,no_moroso
58,2133.95,9,6.6,1,Tecnico,5651.22,no_moroso
28,11602.07,4,26.3,1,Secundaria,27170.09,no_moroso
32,7326.02,5,5.6,0,Tecnico,19792.9,no_moroso
51,14456.99,7,,1,Tecnico,36756.54,no_moroso
41,5620.07,2,10.3,0,Tecnico,13968.03,no_moroso
64,14928.02,5,7.4,0,Tecnico,37359.79,no_moroso
22,13349.28,3,4.1,0,Posgrado,36641.22,no_moroso
69,13895.7,4,44.9,1,Tecnico,31967.25,moroso
46,10395.76,5,2.3,0,Secundaria,27065.0,no_moroso
48,6881.23,8,,0,Tecnico,18131.01,no_moroso
37,4280.87,9,17.4,0,Posgrado,14884.9,no_moroso
54,9911.0,2,6.5,1,Universitario,24671.23,no_moroso
48,13531.68,3,14.0,0,Universitario,34758.61,no_moroso
42,8477.81,8,11.4,0,Posgrado,24865.48,no_moroso
40,7817.93,1,31.1,1,Secundaria,16275.07,moroso
64,11105.27,3,8.6,0,Tecnico,28609.77,no_moroso
42,3123.21,1,14.0,0,Posgrado,10499.68,no_moroso
34,1855.08,1,1.5,0,Secundaria,4238.86,no_moroso
63,13651.51,2,11.1,0,Universitario,35622.18,no_moroso
58,4665.51,3,2.1,1,Universitario,12265.43,no_moroso
68,8517.7,5,0.3,0,Tecnico,21623.35,no_moroso
56,8036.01,3,12.6,1,Secundaria,18097.99,no_moroso
62,11002.69,0,33.3,0,Tecnico,26076.92,moroso
47,8151.76,6,15.1,0,Universitario,21994.53,no_moroso
43,13217.79,7,1.5,0,Universitario,36562.02,no_moroso
66,10085.46,0,15.7,1,Universitario,23996.89,no_moroso
69,4136.17,8,11.6,0,Secundaria,11255.36,no_moroso
53,5578.3,6,19.6,1,Tecnico,13340.97,no_moroso
55,4204.43,9,9.6,1,Posgrado,14063.58,no_moroso
46,13412.77,4,52.5,1,POSGRADO,32537.31,moroso
60,14303.59,4,37.4,0,Secundaria,232483.17322645447,moroso
61,11144.74,3,11.4,1,Secundaria,26512.95,no_moroso
30,13050.01,1,4.5,0,Posgrado,35457.61,no_moroso
63,9433.62,5,5.1,0,Universitario,25782.48,no_moroso
55,12219.96,2,14.5,0,Tecnico,30204.47,no_moroso
33,9203.02,9,2.6,0,Posgrado,27895.56,no_moroso
66,,5,15.5,0,Universitario,13684.99,no_moroso
25,12356.55,0,0.1,1,Posgrado,32370.14,no_moroso
25,14940.57,0,19.3,1,Secundaria,167519.90403321525,no_moroso
23,9029.46,2,2.3,0,Universitario,24419.62,no_moroso
67,13037.91,5,,1,Secundaria,32224.85,no_moroso
46,8508.1,6,48.0,0,Tecnico,19978.74,moroso
23,11114.74,6,18.3,0,Tecnico,29340.12,no_moroso
29,10667.8,4,14.3,1,Universitario,26822.62,no_moroso
46,14240.02,9,1.4,1,Tecnico,36162.09,no_moroso
65,,4,17.2,0,Tecnico,28041.25,no_moroso
64,11181.99,8,,1,Secundaria,27976.87,no_moroso
59,1627.17,5,1.6,0,Universitario,6376.44,no_moroso
55,11334.43,6,0.1,0,Universitario,31083.72,no_moroso
23,8150.23,8,25.4,0,Universitario,22658.62,no_moroso
49,,0,6.2,1,Posgrado,38048.37,no_moroso
59,11438.82,9,14.0,0,Universitario,30759.57,no_moroso
25,12337.98,1,51.7,0,Posgrado,31318.71,moroso
52,10376.72,1,4.8,0,Universitario,27411.18,no_moroso
28,3476.88,1,1.4,0,TECNICO,10123.33,no_moroso
59,11190.98,6,,1,Universitario,28886.51,no_moroso
32,931.39,9,11.2,0,Universitario,6407.3,no_moroso
41,4129.75,2,34.9,0,Secundaria,8195.8,moroso
42,11430.67,4,5.6,1,Universitario,29887.87,no_moroso
26,9328.55,6,42.6,1,Universitario,22196.37,moroso
55,5187.37,7,1.7,1,Tecnico,13384.83,no_moroso
52,10012.88,6,15.4,0,Secundaria,25510.65,no_moroso
31,7049.77,3,1.4,0,Tecnico,19270.23,no_moroso
65,11840.06,2,1.5,1,Universitario,29893.65,no_moroso
29,3908.33,4,3.3,1,Universitario,10072.93,no_moroso
63,6134.39,6,9.3,1,Universitario,15902.85,no_moroso
45,7976.23,6,8.2,1,Universitario,20717.56,no_moroso
66,7741.69,2,,0,Tecnico,21336.14,no_moroso
60,9254.45,7,,1,secundaria,23385.43,no_moroso
20,,3,2.4,0,Universitario,19845.44,no_moroso
49,7429.86,0,55.0,1,Posgrado,18207.92,moroso
24,11673.5,2,0.8,0,Universitario,30438.85,no_moroso
34,13890.21,1,10.7,1,Tecnico,32883.62,no_moroso
46,9352.89,4,9.3,0,Tecnico,24611.46,no_moroso
22,9229.62,1,29.6,0,Universitario,23550.66,no_moroso
24,11187.79,1,,1,TECNICO,26177.26,no_moroso
68,,5,,1,Universitario,26519.8,no_moroso
33,12906.18,1,9.5,1,Tecnico,31455.23,no_moroso
20,,5,,1,Tecnico,16363.79,no_moroso
56,9225.67,5,0.2,0,Secundaria,24044.33,no_moroso
20,,1,1.9,1,Universitario,18279.28,no_moroso
56,11683.49,3,1.8,1,Posgrado,31549.29,no_moroso
18,,7,27.0,0,Secundaria,21239.89,no_moroso
19,3996.37,1,11.8,1,Tecnico,8113.81,no_moroso
59,5913.66,5,32.2,0,Secundaria,14678.24,moroso
22,2652.83,4,0.5,0,Universitario,9097.99,no_moroso
56,,8,51.7,1,POSGRADO,29514.83,moroso
48,1909.44,0,19.6,1,Tecnico,3460.33,no_moroso
61,4498.88,4,3.1,0,Tecnico,12417.17,no_moroso
46,14980.35,9,6.2,0,Universitario,40624.16,no_moroso
27,6651.31,0,6.0,1,Tecnico,15832.77,no_moroso
65,5689.18,0,10.5,0,tecnico,14571.55,no_moroso
41,10907.93,4,6.7,1,Universitario,27546.13,no_moroso
53,8620.02,3,,0,Universitario,20583.15,moroso
64,1193.81,2,13.0,0,Tecnico,2531.58,no_moroso
58,3300.33,8,8.8,0,Tecnico,9672.65,no_moroso
22,4618.97,0,54.0,0,Tecnico,165120.8594935442,moroso
45,13498.76,2,9.7,1,Secundaria,33139.26,no_moroso
61,9352.07,7,33.3,0,secundaria,23053.45,moroso
33,12241.55,2,0.6,1,Secundaria,30415.02,no_moroso
47,13880.6,2,0.4,0,Universitario,35802.57,no_moroso
48,12196.86,4,9.9,1,Universitario,31409.94,no_moroso
24,,8,40.9,0,Tecnico,30833.34,moroso
40,9792.5,9,16.5,1,Posgrado,27133.33,no_moroso
66,1852.7,8,1.0,0,Universitario,7447.42,no_moroso
60,4225.87,4,5.3,1,Posgrado,11876.66,no_moroso
22,9876.35,6,6.7,0,Posgrado,28546.91,no_moroso
27,4057.54,0,23.2,1,Tecnico,8740.66,no_moroso
68,7555.75,9,6.8,1,Universitario,19827.93,no_moroso
21,2489.76,6,4.3,0,Universitario,8733.23,no_moroso
55,9696.31,1,17.0,0,Posgrado,25764.38,no_moroso
28,4064.82,9,9.0,1,Universitario,11078.53,no_moroso
22,8793.94,1,14.4,0,Tecnico,22151.65,no_moroso
42,8053.22,2,16.0,1,Secundaria,18591.97,no_moroso
23,1898.84,1,,0,Universitario,6391.36,no_moroso
54,6762.37,1,11.0,0,Universitario,17412.89,no_moroso
54,,6,14.9,0,Tecnico,23655.77,no_moroso
50,11718.13,7,19.5,1,Tecnico,28555.05,no_moroso
42,4679.99,8,8.9,1,Universitario,12335.66,no_moroso
47,4484.4,8,2.8,1,Universitario,12194.32,no_moroso
46,7481.11,4,20.1,1,Tecnico,17342.6,no_moroso
19,2971.88,0,4.1,0,Secundaria,6939.04,no_moroso
50,10726.18,4,10.7,1,Tecnico,26034.51,no_moroso
56,2486.63,2,50.9,1,Posgrado,5598.14,moroso
27,7140.55,8,13.1,1,Tecnico,18094.58,no_moroso
64,5302.87,8,15.0,0,Universitario,14819.02,no_moroso
34,8915.32,0,3.8,0,Secundaria,21888.42,no_moroso
32,8246.47,0,0.9,1,Tecnico,19050.99,no_moroso
23,4689.18,4,,0,Tecnico,13271.08,no_moroso
41,1729.17,2,21.4,1,Tecnico,3016.75,no_moroso
42,12841.95,4,15.0,1,Secundaria,30995.35,no_moroso
35,5452.86,2,11.1,1,Universitario,13219.35,no_moroso
69,13480.51,9,1.1,1,Posgrado,36858.32,no_moroso
47,2973.41,5,9.3,1,Universitario,8246.97,no_moroso
63,10122.86,6,8.0,0,Universitario,27925.08,no_moroso
46,12869.8,0,0.3,1,Universitario,31592.17,no_moroso
49,7912.2,6,,1,Posgrado,21326.52,no_moroso
18,14145.78,1,5.2,0,TECNICO,35111.81,no_moroso
43,6759.29,3,7.7,0,Universitario,19096.45,no_moroso
45,2624.71,6,79.9,0,Posgrado,6249.14,moroso
51,,6,6.8,1,Posgrado,307353.8344385912,no_moroso
64,12401.94,8,1.9,0,Universitario,33028.75,no_moroso
26,7215.48,3,14.2,0,Posgrado,20648.03,no_moroso
26,8233.61,9,14.3,0,Universitario,22626.8,no_moroso
54,7395.04,1,5.8,0,Universitario,20823.79,no_moroso
69,13867.63,4,63.5,0,Tecnico,33006.53,moroso
66,6763.04,9,6.2,0,Universitario,20281.61,no_moroso
23,6155.85,2,26.6,0,Secundaria,15331.89,no_moroso
55,14601.4,0,1.0,0,Tecnico,37085.0,no_moroso
18,1429.97,5,5.7,1,Secundaria,2684.76,no_moroso
26,7462.63,4,19.8,1,Universitario,18496.39,no_moroso
56,2373.37,6,3.9,0,Secundaria,7387.41,no_moroso
35,3054.81,1,4.1,0,Posgrado,10161.83,no_moroso
19,4150.9,2,32.2,1,Posgrado,10197.87,moroso
65,6495.8,8,5.6,1,secundaria,15565.47,no_moroso
56,12292.25,6,,1,UNIVERSITARIO,30440.09,no_moroso
22,8545.88,6,,1,Tecnico,20704.51,no_moroso
56,4034.84,6,,0,Tecnico,10932.87,no_moroso
37,10624.84,3,12.6,0,Tecnico,27973.61,no_moroso
50,8349.87,2,4.4,0,Tecnico,21045.44,no_moroso
39,8108.14,9,0.7,1,universitario,21465.03,no_moroso
67,4735.0,7,,0,Tecnico,13864.24,no_moroso
43,8772.75,9,1.3,0,Posgrado,26912.67,no_moroso
67,9246.87,0,76.1,1,Posgrado,20861.78,moroso
48,4685.75,6,4.1,1,universitario,13427.56,no_moroso
33,10016.28,3,12.5,1,Secundaria,24188.66,no_moroso
66,11820.95,5,67.9,1,SECUNDARIA,25334.09,moroso
39,5776.8,1,19.4,0,Tecnico,14366.54,no_moroso
43,13481.84,5,1.2,1,Posgrado,35392.35,no_moroso
41,12520.75,0,6.4,0,Universitario,32826.61,no_moroso
29,2320.13,0,23.0,0,Secundaria,5038.77,no_moroso
18,5412.28,6,21.5,0,Tecnico,13901.92,no_moroso
30,,0,6.3,1,UNIVERSITARIO,28067.35,no_moroso
51,4943.96,3,,0,Universitario,13103.55,no_moroso
58,,0,0.6,1,Universitario,35047.19,no_moroso
38,13718.44,3,4.6,0,Tecnico,34553.74,no_moroso
32,13158.78,7,7.6,0,Universitario,35318.71,no_moroso
33,5365.83,2,15.6,1,Secundaria,12338.34,no_moroso
19,12783.36,1,3.8,0,Universitario,33067.5,no_moroso
57,11798.79,0,34.7,1,Posgrado,29117.25,moroso
60,1025.83,4,3.4,0,Posgrado,5865.28,no_moroso
68,11663.9,1,21.4,0,Secundaria,28247.78,no_moroso
56,8825.73,5,2.6,1,Secundaria,21292.67,no_moroso
33,2683.29,9,5.7,0,Tecnico,8858.05,no_moroso
20,11222.84,0,19.4,1,Posgrado,27948.78,no_moroso
28,,5,17.7,0,Tecnico,21443.91,no_moroso
31,14058.15,1,63.7,0,Secundaria,31717.69,moroso
19,6812.33,0,19.3,0,Secundaria,225978.36195057823,no_moroso
49,4475.43,6,,1,Universitario,11279.54,no_moroso
51,8695.86,4,,0,Tecnico,21967.86,no_moroso
39,12633.99,5,22.6,1,Tecnico,29931.69,no_moroso
39,13207.99,6,6.6,0,Tecnico,34345.8,no_moroso
40,10863.78,5,36.5,1,secundaria,24659.84,moroso
35,4176.1,6,8.9,1,Posgrado,13251.48,no_moroso
27,9518.53,3,5.4,0,Universitario,25483.95,no_moroso
20,3589.65,5,1.7,1,Universitario,9684.05,no_moroso
64,14822.6,0,11.7,0,Tecnico,36872.82,no_moroso
43,13047.87,7,4.4,0,Posgrado,36879.8,no_moroso
50,,8,,0,Universitario,22760.33,no_moroso
68,13444.18,4,5.2,0,Posgrado,36477.06,no_moroso
58,2667.12,0,13.7,1,Tecnico,5292.74,no_moroso
68,12098.85,5,3.7,1,Posgrado,32942.07,no_moroso
63,,4,24.6,0,Tecnico,33860.98,no_moroso
43,9404.83,3,24.5,0,Tecnico,22710.8,no_moroso
26,3044.06,0,0.7,1,Tecnico,6929.9,no_moroso
39,11135.45,3,,1,Secundaria,27750.1,no_moroso
61,6826.45,6,20.4,1,Tecnico,16470.33,no_moroso
58,4899.07,0,13.4,0,Universitario,13849.22,no_moroso
28,5093.73,5,27.1,0,Universitario,14195.61,no_moroso
55,12528.39,5,3.1,1,Secundaria,30837.31,no_moroso
34,13948.65,3,4.1,1,Secundaria,34437.33,no_moroso
69,1082.83,0,19.8,1,Tecnico,200.0,no_moroso
37,2718.48,3,7.6,1,Universitario,6586.01,no_moroso
24,4477.22,5,17.9,0,Tecnico,11569.21,no_moroso
28,14936.54,8,4.1,1,Tecnico,37984.33,no_moroso
50,7690.12,4,2.9,1,UNIVERSITARIO,19422.17,no_moroso
20,,2,,0,Secundaria,33681.41,no_moroso
26,11844.64,3,5.9,0,Tecnico,31121.95,no_moroso
58,3024.06,1,29.9,0,Posgrado,9938.68,no_moroso
58,,0,9.3,0,Universitario,34270.78,no_moroso
20,926.04,2,71.5,0,Universitario,667.2,moroso
38,12016.84,9,25.7,0,Universitario,32071.35,no_moroso
34,7330.2,4,16.7,1,Posgrado,19961.05,no_moroso
60,11386.81,9,4.0,1,Universitario,30578.51,no_moroso
67,1129.41,3,4.7,1,Tecnico,2910.0,no_moroso
27,13476.42,3,28.0,1,Universitario,32427.86,no_moroso
62,5535.48,3,18.4,0,Secundaria,13532.48,no_moroso
26,3510.84,4,43.4,0,Universitario,9012.45,moroso
34,11079.98,3,1.2,0,Universitario,29723.72,no_moroso
52,10746.26,9,3.1,1,Universitario,28871.76,no_moroso
64,5619.45,7,10.5,1,Tecnico,13861.24,no_moroso
69,12780.61,6,29.0,0,Universitario,34408.57,no_moroso
27,4076.46,8,1.3,0,Secundaria,12877.17,no_moroso
61,10983.13,8,,1,Tecnico,25911.09,moroso
54,11948.72,4,42.6,1,Tecnico,27577.23,moroso
49,5148.5,1,0.4,1,Tecnico,12500.14,no_moroso
62,,4,3.3,0,Tecnico,19254.03,no_moroso
28,1357.26,6,3.3,0,Tecnico,232193.94815401378,no_moroso
46,3033.74,8,11.3,1,Secundaria,6743.73,no_moroso
53,12115.58,4,30.2,0,Secundaria,29391.99,moroso
42,9410.03,0,10.5,0,Universitario,23752.85,no_moroso
36,13872.45,2,14.0,1,Posgrado,35837.69,no_moroso
62,8120.12,9,5.1,0,Secundaria,20977.14,no_moroso
43,,3,65.7,0,Secundaria,4274.93,moroso
24,4355.6,1,,1,Tecnico,10145.55,no_moroso
68,,5,34.6,1,Tecnico,1172.48,moroso
49,3838.37,8,5.2,1,TECNICO,264602.7319895231,no_moroso
20,5432.96,0,2.3,0,Universitario,15277.37,no_moroso
18,13770.33,7,5.2,0,Secundaria,35262.35,no_moroso
37,4219.31,4,26.4,0,Tecnico,10652.55,no_moroso
21,2165.5,3,8.5,0,Tecnico,6360.42,no_moroso
39,9390.21,5,1.4,0,Secundaria,24012.57,no_moroso
39,1977.31,6,0.0,0,Universitario,8329.4,no_moroso
34,5173.95,2,4.0,1,Universitario,12989.63,no_moroso
64,13998.31,4,2.8,0,Posgrado,38711.71,no_moroso
27,2788.72,1,3.2,0,Tecnico,7269.0,no_moroso
55,2239.75,9,14.7,0,Universitario,8391.84,no_moroso
38,5919.97,7,,0,Secundaria,15243.61,no_moroso
25,11702.23,5,4.1,1,Posgrado,32406.68,no_moroso
33,,2,9.1,0,Posgrado,26364.84,no_moroso
51,11924.25,6,16.8,1,Secundaria,28746.45,no_moroso
36,2344.07,4,8.8,0,Universitario,8747.17,no_moroso
34,,8,45.2,0,TECNICO,11268.49,moroso
54,,0,11.1,0,Secundaria,12057.32,no_moroso
66,4462.32,7,21.0,1,Posgrado,13012.47,no_moroso
23,,0,1.6,0,Secundaria,26146.56,no_moroso
66,11308.37,6,23.7,0,Posgrado,31897.68,no_moroso
32,3136.98,3,10.8,1,Universitario,8050.84,no_moroso
68,3054.58,8,4.3,0,Universitario,10401.86,no_moroso
68,12432.34,9,70.4,1,Tecnico,28219.64,moroso
66,6225.41,3,12.6,1,Tecnico,14246.98,no_moroso
44,7176.49,1,1.7,0,Universitario,19733.27,no_moroso
52,2310.86,2,56.1,1,POSGRADO,5098.58,moroso
19,10887.74,1,15.4,0,Tecnico,27170.24,no_moroso
56,8829.34,2,20.8,1,Tecnico,20712.9,no_moroso
29,8676.09,8,7.7,0,SECUNDARIA,23075.0,no_moroso
36,13510.42,2,0.7,0,Universitario,35650.22,no_moroso
69,14517.42,9,13.5,0,Posgrado,40704.43,no_moroso
47,3440.0,7,9.0,0,Posgrado,12657.33,no_moroso
58,1683.8,3,,0,Tecnico,3374.87,no_moroso
29,9969.03,4,28.0,1,Tecnico,22942.86,no_moroso
21,3801.89,2,4.3,0,Secundaria,9305.29,no_moroso
58,2339.57,5,17.6,0,Secundaria,5767.99,no_moroso
19,,6,10.9,0,Tecnico,4483.9,no_moroso
54,3760.46,0,2.1,1,Posgrado,10609.56,no_moroso
62,3291.3,4,5.8,0,Secundaria,216364.4501381301,no_moroso
28,3871.01,2,12.6,0,Universitario,10628.58,no_moroso
54,8778.62,0,3.5,1,Posgrado,23396.94,no_moroso
34,5866.27,6,9.0,0,Tecnico,15932.19,no_moroso
45,5036.9,4,46.5,1,Tecnico,9563.99,moroso
22,3844.77,4,24.8,0,Posgrado,11664.36,no_moroso
55,2264.27,1,9.5,1,Posgrado,7397.66,no_moroso
22,2923.92,2,3.6,0,Tecnico,7936.06,no_moroso
69,12857.67,5,10.1,0,Posgrado,35344.82,no_moroso
48,1888.92,5,25.7,1,Universitario,4790.68,no_moroso
53,,2,28.7,0,Secundaria,31973.53,no_moroso
22,1780.61,5,43.6,1,Posgrado,4766.59,moroso
50,13927.08,8,9.4,0,Universitario,37544.58,no_moroso
40,8018.26,2,23.6,1,Universitario,19820.51,no_moroso
50,,9,10.8,0,Universitario,29541.47,no_moroso
63,2753.53,7,14.0,1,Universitario,7418.57,no_moroso
64,4423.74,1,2.9,0,Tecnico,11293.51,no_moroso
40,9359.3,6,57.0,1,Secundaria,20081.5,moroso
27,5114.26,1,6.9,0,Tecnico,13773.33,no_moroso
67,11986.56,2,10.1,0,Tecnico,30516.82,no_moroso
33,2110.02,3,17.5,1,Universitario,5116.43,no_moroso
64,5316.59,3,16.1,1,secundaria,10587.41,no_moroso
50,1803.22,1,54.8,1,Tecnico,579.88,moroso
65,8008.1,5,54.5,0,Posgrado,20478.96,moroso
68,8388.93,8,28.5,0,Universitario,23007.26,no_moroso
19,2967.43,6,17.2,0,Tecnico,8240.36,no_moroso
50,8042.82,0,5.4,0,Universitario,21563.74,no_moroso
65,12406.83,6,9.9,1,Universitario,32232.02,no_moroso
40,14146.09,9,14.7,0,Universitario,37563.8,no_moroso
65,885.28,5,40.3,0,Secundaria,635.53,moroso
24,9426.57,8,12.3,0,Tecnico,25558.06,no_moroso
59,1975.76,6,4.6,1,Universitario,6746.79,no_moroso
52,12614.55,8,3.8,0,Tecnico,33446.66,no_moroso
59,14946.81,6,17.4,1,Secundaria,36176.69,no_moroso
69,,6,33.4,0,Universitario,19599.36,moroso
40,8920.11,4,23.7,0,Tecnico,22011.13,no_moroso
34,,0,25.7,0,Tecnico,3382.84,no_moroso
66,,9,0.7,1,Posgrado,29529.33,no_moroso
60,12424.36,9,30.0,0,Tecnico,31605.29,no_moroso
51,9894.17,3,21.5,0,Tecnico,24876.27,no_moroso
34,2328.55,4,13.8,0,Universitario,7639.12,no_moroso
58,3702.49,1,4.1,1,Universitario,9293.66,no_moroso
30,1769.78,0,9.9,1,Posgrado,4454.77,no_moroso
39,7554.46,0,2.3,1,Secundaria,17514.33,no_moroso
27,11371.19,6,3.5,1,Posgrado,29595.16,no_moroso
21,13913.7,1,1.1,1,Tecnico,33742.95,no_moroso
46,8000.66,0,27.5,0,Tecnico,19168.31,no_moroso
59,14173.19,9,21.0,1,Posgrado,255065.20001939256,no_moroso
51,9971.19,2,14.2,0,Secundaria,23863.61,no_moroso
53,1512.01,0,2.8,0,Tecnico,3601.19,no_moroso
49,9140.17,0,18.0,0,Tecnico,22622.04,no_moroso
51,896.26,6,10.9,0,Tecnico,3104.41,no_moroso
44,5019.29,7,6.4,1,Secundaria,11776.51,no_moroso
48,14881.45,6,22.4,0,Secundaria,38012.83,no_moroso
18,12195.69,5,18.1,1,Secundaria,29503.23,no_moroso
28,2975.79,4,46.6,1,Tecnico,4276.66,moroso
44,7859.33,7,0.7,1,Tecnico,20706.39,no_moroso
50,12696.18,3,6.7,1,Tecnico,31607.02,no_moroso
40,8435.68,5,20.4,0,Secundaria,20348.21,no_moroso
66,1642.92,7,5.4,1,Secundaria,4350.21,no_moroso
56,10472.07,0,7.1,1,Posgrado,27149.17,no_moroso
49,11894.22,4,7.2,0,Tecnico,282401.36047766096,no_moroso
54,8011.53,6,3.0,0,Posgrado,25003.06,no_moroso
55,2545.88,7,2.2,0,Secundaria,7520.2,no_moroso
55,13063.11,8,24.4,0,Secundaria,31936.58,no_moroso
28,14128.48,9,55.6,0,UNIVERSITARIO,35403.83,moroso
51,4624.74,3,7.7,0,Universitario,13326.65,no_moroso
45,1430.01,4,7.9,0,Tecnico,4569.2,no_moroso
34,9472.81,0,8.8,0,Posgrado,25755.9,no_moroso
63,8778.27,4,12.7,1,TECNICO,20412.44,no_moroso
38,6279.13,1,4.7,1,Posgrado,16188.67,no_moroso
21,6107.83,1,3.4,0,Tecnico,15423.82,no_moroso
32,8674.01,5,9.8,1,Universitario,22550.72,no_moroso
33,,0,33.8,1,Posgrado,8809.96,moroso
22,3795.86,6,11.1,1,Tecnico,8229.15,no_moroso
41,4227.97,7,28.9,0,Universitario,12112.31,no_moroso
52,5262.47,5,18.6,0,Secundaria,13360.62,no_moroso
28,4816.55,7,5.0,0,Tecnico,13839.27,no_moroso
43,9541.76,6,0.9,1,Posgrado,26429.8,no_moroso
20,2286.05,5,39.8,0,Secundaria,4698.55,moroso
35,1025.99,6,18.7,0,Posgrado,5466.69,no_moroso
66,11621.95,8,15.8,1,Tecnico,29727.9,no_moroso
42,4706.12,3,53.7,1,Tecnico,8993.49,moroso
26,1385.65,6,16.4,0,Tecnico,5043.45,no_moroso
24,8637.32,1,,0,Tecnico,22579.07,no_moroso
68,2058.89,6,10.7,1,Universitario,5027.89,no_moroso
29,,4,66.4,1,Universitario,11406.36,moroso
58,8306.6,1,6.0,0,Posgrado,22740.19,no_moroso
33,,9,4.3,0,Posgrado,13516.14,no_moroso
34,,9,31.3,1,Secundaria,15633.53,moroso
51,9786.35,7,26.5,0,Secundaria,24402.22,no_moroso
32,13660.78,3,2.3,1,Universitario,35520.02,no_moroso
33,7273.08,9,7.0,1,Universitario,20111.65,no_moroso
57,3576.45,6,15.0,0,Secundaria,9855.28,no_moroso
48,14971.45,9,0.9,0,Posgrado,42246.78,no_moroso
25,12363.73,6,0.7,1,Universitario,32586.45,no_moroso
25,6278.47,8,19.9,0,Secundaria,16434.42,no_moroso
28,3567.83,5,11.8,1,Secundaria,8265.35,no_moroso
30,6610.32,0,2.3,1,Universitario,16729.92,no_moroso
39,5925.35,7,73.2,0,secundaria,11624.06,moroso
67,,5,0.1,1,Tecnico,14869.81,no_moroso
51,8783.57,8,17.0,0,Universitario,24263.68,no_moroso
43,9379.61,0,2.7,0,Posgrado,25798.52,no_moroso
33,,4,,0,Universitario,10640.28,no_moroso
24,14202.53,9,54.3,1,Tecnico,33867.94,moroso
48,13291.16,6,19.7,1,Tecnico,32486.34,no_moroso
19,4158.22,2,17.6,0,Universitario,11606.84,no_moroso
21,9015.67,8,4.2,1,Posgrado,25139.56,no_moroso
44,6108.65,5,4.3,0,Tecnico,15978.32,no_moroso
63,5888.51,9,43.2,0,Universitario,14922.29,moroso
59,6063.64,0,2.7,1,Universitario,15284.17,no_moroso
53,4400.47,5,18.1,0,Posgrado,13803.37,no_moroso
67,876.89,9,26.4,0,Universitario,4653.21,no_moroso
59,13287.02,1,41.1,1,TECNICO,30172.78,moroso
64,6729.92,0,16.2,0,Posgrado,19249.4,no_moroso
25,11955.59,4,6.1,0,Secundaria,31227.63,no_moroso
36,7719.99,1,5.5,1,Universitario,18563.85,no_moroso
22,2017.06,7,9.3,1,Secundaria,4664.98,no_moroso
66,6624.92,5,10.2,0,Secundaria,17329.65,no_moroso
31,7922.56,6,0.4,0,Tecnico,21423.67,no_moroso
38,7719.58,9,5.6,1,Secundaria,18166.39,no_moroso
65,8659.15,3,9.3,0,Universitario,24150.57,no_moroso
32,11321.81,5,,1,Secundaria,26875.32,no_moroso
27,4101.99,7,49.9,1,Universitario,9285.81,moroso
58,11918.52,5,24.7,0,Secundaria,29503.82,no_moroso
62,8788.03,3,0.9,0,Posgrado,25463.56,no_moroso
40,4567.75,0,24.2,1,Universitario,9591.97,no_moroso
68,2257.47,8,19.0,0,Universitario,7606.13,no_moroso
21,,8,30.6,1,Universitario,27531.49,moroso
58,9193.21,6,,0,Posgrado,25119.95,moroso
27,6473.58,5,1.3,0,Universitario,19127.43,no_moroso
56,7321.18,3,41.1,0,Secundaria,17487.23,moroso
39,10142.97,1,15.3,0,Secundaria,24743.53,no_moroso
34,2360.47,3,53.6,0,Tecnico,3598.36,moroso
23,13118.22,9,1.4,0,Universitario,35566.49,no_moroso
53,7473.79,3,0.9,0,Tecnico,19494.75,no_moroso
32,2804.63,6,7.7,0,Secundaria,7176.1,no_moroso
58,13096.24,2,11.4,1,Tecnico,31414.6,no_moroso
66,1124.15,7,2.9,0,Universitario,5440.18,no_moroso
55,,8,21.2,1,Posgrado,27919.63,no_moroso
66,4656.85,9,14.1,1,Universitario,12268.85,no_moroso
47,,2,45.9,0,Secundaria,8632.75,moroso
47,12176.62,0,34.1,0,Posgrado,31201.54,moroso
45,,4,7.3,0,Posgrado,24781.34,no_moroso
48,1574.46,5,2.6,0,Posgrado,6998.96,no_moroso
54,3520.63,8,0.9,0,Universitario,12099.93,no_moroso
62,11081.36,6,22.4,1,Secundaria,25155.4,no_moroso
68,6344.56,6,59.4,1,Posgrado,15313.1,moroso
29,9630.12,2,4.2,0,Secundaria,24591.67,no_moroso
59,,3,20.7,0,Universitario,23370.9,no_moroso
62,8332.11,3,18.7,0,POSGRADO,24344.93,no_moroso
53,10385.83,9,6.4,1,Tecnico,25225.44,no_moroso
44,1739.27,3,5.2,1,Posgrado,6036.08,no_moroso
20,8363.05,1,43.4,0,Tecnico,19557.43,moroso
68,14909.89,2,19.3,0,Universitario,38038.08,no_moroso
63,1683.69,0,6.9,0,Secundaria,4118.26,no_moroso
18,7089.94,4,7.8,0,Tecnico,18630.89,no_moroso
45,6977.37,0,17.6,1,Secundaria,14911.89,no_moroso
20,13650.52,8,5.4,1,Secundaria,33059.32,no_moroso
57,7354.41,4,2.1,0,Tecnico,21320.59,no_moroso
37,4768.67,7,3.5,0,Posgrado,16468.69,no_moroso
34,12718.91,9,5.9,0,Posgrado,36310.55,no_moroso
25,6738.4,8,3.3,0,Posgrado,20835.54,no_moroso
52,5536.09,2,12.3,0,Secundaria,14699.27,no_moroso
69,5450.99,4,4.6,0,Tecnico,15014.66,no_moroso
50,3514.53,3,58.1,1,Tecnico,6309.66,moroso
46,8014.22,8,15.4,1,Secundaria,19976.43,no_moroso
33,3816.59,9,8.7,0,Tecnico,11573.89,no_moroso
34,5027.92,4,29.0,1,Tecnico,10817.97,no_moroso
49,6873.23,3,6.3,1,Universitario,17779.42,no_moroso
59,10186.3,8,15.9,0,Posgrado,28076.42,no_moroso
69,11228.87,0,51.5,1,Tecnico,25054.73,moroso
38,1666.27,8,15.0,0,Tecnico,5739.57,no_moroso
31,11365.7,7,2.7,0,Universitario,30832.62,no_moroso
29,,5,,0,Tecnico,26235.44,no_moroso
46,1534.01,7,46.0,1,Posgrado,4012.71,moroso
50,2152.56,4,8.5,1,Universitario,4959.83,no_moroso
32,6129.55,5,1.8,1,Secundaria,15223.06,no_moroso
46,12371.51,0,15.1,0,Posgrado,33242.28,no_moroso
69,12676.33,9,19.2,0,Universitario,34021.46,no_moroso
41,6245.16,1,2.4,0,Universitario,16480.76,no_moroso
51,4444.42,5,8.3,0,Universitario,12840.19,no_moroso
41,,0,18.7,0,Tecnico,10736.1,no_moroso
30,3571.63,7,6.6,0,Posgrado,12516.79,no_moroso
57,7878.93,0,19.2,0,Tecnico,18925.53,no_moroso
60,14257.34,8,22.2,1,Universitario,36301.62,no_moroso
18,8103.19,3,,0,Universitario,22516.18,no_moroso
66,4683.32,9,4.9,1,Tecnico,12030.02,no_moroso
63,2846.43,2,12.8,1,Tecnico,5806.1,no_moroso
32,2010.3,7,5.6,0,Tecnico,5984.7,no_moroso
68,,3,13.2,0,Secundaria,10221.02,no_moroso
59,4572.94,1,17.6,0,Posgrado,13508.88,no_moroso
43,1396.58,4,1.9,1,Universitario,4786.6,no_moroso
55,3669.2,7,3.2,1,Tecnico,9949.71,no_moroso
55,2893.3,1,40.4,0,Universitario,5922.18,moroso
35,13082.66,1,8.8,1,Posgrado,34440.22,no_moroso
22,9415.83,8,4.8,0,Secundaria,24189.56,no_moroso
50,6175.34,7,7.4,1,Tecnico,16567.14,no_moroso
44,8173.74,7,18.1,1,Tecnico,19168.57,no_moroso
46,10946.76,3,74.8,1,Tecnico,23441.91,moroso
48,1133.79,8,54.0,0,Secundaria,1613.72,moroso
64,7333.93,6,2.6,0,Posgrado,22511.06,no_moroso
45,,0,9.9,1,Universitario,2212.21,no_moroso
50,4046.42,0,12.6,0,Universitario,10811.84,no_moroso
28,6508.1,8,,0,Tecnico,18243.27,no_moroso
33,5535.84,1,17.1,0,Secundaria,169222.39809895866,no_moroso
58,2879.89,2,26.9,0,Universitario,7869.56,no_moroso
46,3086.47,2,40.4,0,Universitario,7595.69,moroso
36,2527.7,1,3.6,0,Posgrado,10249.02,no_moroso
27,9397.26,2,4.0,1,Posgrado,25284.68,no_moroso
47,13945.97,5,45.4,0,Tecnico,33425.48,moroso
18,14844.71,6,17.7,1,Universitario,217181.963562604,no_moroso
22,,5,5.2,1,Tecnico,7461.47,no_moroso
32,6909.83,2,54.5,0,UNIVERSITARIO,16527.47,moroso
65,1508.75,6,44.0,0,Posgrado,6003.26,moroso
23,9273.89,8,,0,Posgrado,26925.9,no_moroso
61,5568.56,8,,0,Secundaria,15440.01,no_moroso
25,7460.4,2,2.1,1,Posgrado,20303.69,no_moroso
69,6000.95,7,7.7,0,Posgrado,18225.41,no_moroso
28,3804.32,1,7.5,1,Tecnico,7194.37,no_moroso
60,12171.28,0,38.4,1,Posgrado,29780.88,moroso
48,7574.11,5,6.7,0,Tecnico,248406.02594307446,no_moroso
23,3985.63,8,24.7,1,Tecnico,9888.42,no_moroso
46,8339.8,0,21.6,0,Universitario,20948.03,no_moroso
67,11204.55,3,9.9,0,Secundaria,28360.94,no_moroso
26,2969.75,7,64.9,0,Tecnico,5993.71,moroso
66,14773.67,3,7.1,0,Universitario,38715.2,no_moroso
28,11317.26,0,8.7,0,Universitario,29283.33,no_moroso
68,5626.88,4,3.4,0,Posgrado,16987.95,no_moroso
35,10456.71,1,2.5,0,Tecnico,26700.7,no_moroso
51,7130.17,0,5.9,1,Secundaria,16687.19,no_moroso
19,9018.0,5,12.3,1,Universitario,23585.99,no_moroso
44,11982.57,9,5.1,1,Universitario,31848.16,no_moroso
61,1892.63,1,3.9,0,Universitario,6668.55,no_moroso
23,4051.13,4,6.2,0,Posgrado,14590.89,no_moroso
66,4179.28,4,1.3,0,Secundaria,10858.16,no_moroso
39,2567.13,3,10.6,0,Secundaria,6133.03,no_moroso
23,,3,36.1,0,Tecnico,4979.66,moroso
58,2154.59,4,5.0,0,Tecnico,6150.25,no_moroso
49,6892.26,1,24.7,0,Secundaria,16012.08,no_moroso
18,1545.66,3,4.0,0,universitario,5345.58,no_moroso
49,12657.0,2,25.7,1,Tecnico,29972.24,no_moroso
40,9264.28,2,1.8,0,Posgrado,25484.74,no_moroso
52,2798.06,1,7.0,0,Tecnico,7271.61,no_moroso
53,5465.68,5,,0,Secundaria,14188.3,no_moroso
24,7584.24,6,24.8,1,Universitario,18834.01,no_moroso
23,8287.37,4,8.8,1,UNIVERSITARIO,21605.43,no_moroso
28,8482.91,0,0.7,0,Universitario,22268.36,no_moroso
50,2102.38,5,9.2,1,Secundaria,4960.04,no_moroso
32,,8,7.9,0,Tecnico,35258.69,no_moroso
23,8093.01,0,10.6,1,Universitario,20191.1,no_moroso
35,7811.08,1,2.7,1,Universitario,18202.9,no_moroso
47,5616.74,3,2.1,1,TECNICO,12974.82,no_moroso
67,2210.94,9,51.1,0,Secundaria,4124.0,moroso
65,3843.4,2,0.6,0,Secundaria,10355.4,no_moroso
57,14280.73,2,29.2,0,Secundaria,33885.44,no_moroso
38,14502.12,7,21.5,0,Secundaria,36332.06,no_moroso
18,13099.35,2,44.1,1,Universitario,30746.72,moroso
49,8960.54,4,2.0,0,Universitario,24910.76,no_moroso
52,9623.37,8,16.1,1,Posgrado,26275.1,no_moroso
23,14143.69,2,8.9,0,Tecnico,35589.25,no_moroso
69,10215.8,5,3.3,1,Universitario,26403.45,no_moroso
59,13749.39,3,0.6,0,Universitario,36414.77,no_moroso
36,9271.65,2,14.8,1,Tecnico,21486.99,no_moroso
21,4926.04,1,26.9,1,Secundaria,9310.11,no_moroso
44,2496.47,8,13.3,0,Secundaria,6975.13,no_moroso
52,13406.0,3,,1,Posgrado,34404.96,no_moroso
66,3717.99,6,,0,Universitario,11469.31,no_moroso
43,13463.53,7,4.7,1,Tecnico,34443.33,no_moroso
23,11792.05,9,1.4,0,Universitario,32800.55,no_moroso
67,,1,44.1,0,Universitario,27920.57,moroso
39,12886.83,8,6.7,0,Secundaria,33437.41,no_moroso
68,12178.21,1,13.2,0,Universitario,32427.88,no_moroso
53,8215.24,5,4.5,0,Universitario,22292.91,no_moroso
23,14067.58,7,22.7,0,Universitario,37415.14,no_moroso
57,12078.61,1,8.6,1,Universitario,30469.09,no_moroso
30,2413.53,2,39.5,1,Posgrado,6045.4,moroso
63,14994.8,1,6.7,1,Secundaria,36001.49,no_moroso
26,10450.06,5,11.1,0,Universitario,27916.24,no_moroso
61,,4,35.8,1,Posgrado,9892.2,moroso
37,3369.79,1,39.5,0,Tecnico,6592.78,moroso
53,,1,5.5,1,Universitario,187895.28768449923,no_moroso
54,7329.76,0,,0,Secundaria,17181.44,no_moroso
26,4440.72,7,14.4,0,Secundaria,11730.6,no_moroso
59,6865.25,7,8.6,0,Tecnico,18668.84,no_moroso
47,6076.9,4,8.5,0,Secundaria,15534.83,no_moroso
50,8666.94,4,29.1,0,Universitario,22965.49,no_moroso
57,7950.85,0,11.0,0,Tecnico,19609.6,no_moroso
62,9435.13,8,,1,Tecnico,23320.6,no_moroso
42,11104.24,0,8.7,0,Tecnico,27153.22,no_moroso
29,,9,15.5,0,Universitario,36271.4,no_moroso
19,7777.77,8,0.8,0,Tecnico,20650.3,no_moroso
34,4863.98,0,32.3,0,Universitario,12950.8,moroso
67,12435.9,3,9.9,0,Universitario,32432.17,no_moroso
23,8350.87,0,22.1,0,Tecnico,20801.47,no_moroso
33,5152.56,7,0.6,1,Universitario,15066.06,no_moroso
34,,6,,0,Universitario,22548.48,no_moroso
66,7251.88,0,7.1,0,Secundaria,18255.81,no_moroso
22,12646.9,7,3.2,0,secundaria,34109.95,no_moroso
43,6006.54,6,0.3,1,Tecnico,303857.8504883701,no_moroso
25,3846.85,3,28.4,0,TECNICO,8920.51,no_moroso
27,2654.92,2,40.9,0,Universitario,6290.68,moroso
37,6756.42,2,32.1,1,Posgrado,16763.34,moroso
53,14726.1,5,9.2,1,UNIVERSITARIO,37932.69,no_moroso
33,10768.49,9,36.0,0,POSGRADO,30406.51,moroso
35,,8,10.4,1,Secundaria,11480.19,no_moroso
24,1015.63,5,6.5,1,Universitario,2476.28,no_moroso
64,10849.0,4,0.2,0,Posgrado,30721.84,no_moroso
31,2890.97,6,33.9,0,Secundaria,7073.31,moroso
22,11773.24,7,,0,Tecnico,30649.86,no_moroso
56,13909.84,5,1.9,1,Universitario,35306.29,no_moroso
54,1692.52,2,3.6,0,Tecnico,5735.74,no_moroso
45,11079.56,4,9.3,1,Posgrado,186658.26157291172,no_moroso
69,9860.3,5,5.1,1,Universitario,24938.18,no_moroso
64,14073.18,9,0.5,0,Universitario,38990.42,no_moroso
63,5061.39,9,2.3,1,Posgrado,16394.76,no_moroso
31,3466.61,5,28.0,1,Tecnico,7811.78,no_moroso
56,957.01,0,54.1,1,Tecnico,200.0,moroso
26,1886.93,7,,1,Universitario,5241.27,no_moroso
57,13080.27,1,4.9,0,Universitario,34788.49,no_moroso
42,14701.84,0,4.3,1,Secundaria,34626.61,no_moroso
37,12402.77,1,34.9,1,Secundaria,28335.1,moroso
63,1114.79,6,6.4,1,Universitario,4129.46,no_moroso
32,9258.33,5,4.5,1,Tecnico,23000.39,no_moroso
69,9234.53,3,12.9,1,Tecnico,23012.53,no_moroso
36,13337.24,4,10.0,0,Secundaria,33810.31,no_moroso
55,5983.72,8,10.7,0,Tecnico,15814.68,no_moroso
25,2782.61,2,5.5,1,Posgrado,9119.2,no_moroso
60,14791.48,2,36.3,1,Secundaria,34055.47,moroso
30,5896.6,3,17.2,1,UNIVERSITARIO,13948.04,no_moroso
42,2086.22,5,20.1,0,Posgrado,9046.0,no_moroso
30,6940.15,1,5.6,0,Tecnico,17329.94,no_moroso
18,,8,23.5,1,Secundaria,16897.9,no_moroso
26,9082.53,3,1.0,1,Universitario,22392.75,no_moroso
22,1419.36,4,11.7,0,Universitario,4326.73,no_moroso
59,9973.75,2,1.1,0,Secundaria,26188.6,no_moroso
52,6962.5,6,,0,Tecnico,17806.01,no_moroso
57,5843.92,5,10.9,0,Universitario,16512.05,no_moroso
55,9348.04,5,20.8,1,Secundaria,22276.1,no_moroso
26,14535.59,3,1.5,0,Universitario,37828.24,no_moroso
41,7732.76,2,30.8,0,Universitario,19684.32,moroso
23,9495.51,6,0.3,1,Posgrado,26604.35,no_moroso
64,,3,57.9,0,universitario,18601.96,moroso
60,14651.5,2,3.3,1,Tecnico,36467.72,no_moroso
35,11916.17,1,,0,posgrado,33782.41,no_moroso
26,6105.52,2,10.3,0,Secundaria,14504.46,no_moroso
66,1253.07,4,25.7,0,Secundaria,2338.01,no_moroso
54,3921.23,2,19.0,0,Universitario,12291.6,no_moroso
53,11469.16,8,1.5,0,Secundaria,30035.45,no_moroso
20,14082.01,2,5.9,0,Posgrado,37808.06,no_moroso
48,8455.04,5,,1,Universitario,20985.86,no_moroso
19,11606.77,6,13.6,1,Secundaria,29129.74,no_moroso
42,5996.55,9,,0,Universitario,18187.13,no_moroso
64,,5,1.8,1,Secundaria,14688.85,no_moroso
63,14180.42,4,,0,Posgrado,38400.23,no_moroso
68,10085.41,6,11.6,1,Universitario,26164.63,no_moroso
55,6497.21,6,9.7,0,Tecnico,17096.76,no_moroso
57,,5,,1,Tecnico,28933.59,moroso
55,6127.15,3,7.4,0,Tecnico,15093.84,no_moroso
20,5079.91,7,11.3,0,Secundaria,13816.22,no_moroso
54,10190.15,3,14.7,0,Tecnico,25291.04,no_moroso
27,13833.86,4,2.8,1,Tecnico,34181.22,no_moroso
22,3407.61,7,55.8,1,Tecnico,6571.7,moroso
22,3049.66,3,10.3,1,Posgrado,8536.15,no_moroso
48,5774.51,1,0.8,0,Posgrado,17486.45,no_moroso
69,2078.33,9,36.3,1,TECNICO,4685.86,moroso
26,4500.88,8,27.5,1,Tecnico,10424.86,no_moroso
45,9141.42,2,9.5,0,Universitario,25080.44,no_moroso
63,6234.54,6,,0,Universitario,18198.79,no_moroso
19,3560.1,9,6.9,1,Posgrado,11826.28,no_moroso
29,2474.4,3,0.2,1,Universitario,7140.73,no_moroso
68,4311.21,9,18.4,0,Posgrado,14632.74,no_moroso
65,4059.45,6,49.4,0,Universitario,10701.86,moroso
46,2323.19,3,,1,Secundaria,3441.72,no_moroso
38,12619.57,7,21.4,0,Tecnico,32096.37,no_moroso
34,6932.85,0,44.6,0,Universitario,15422.36,moroso
59,11555.74,5,31.5,1,Tecnico,27303.57,moroso
66,9796.43,1,,0,Posgrado,26467.9,no_moroso
25,12352.04,5,18.8,0,Universitario,32338.44,no_moroso
64,6067.06,7,14.1,1,Universitario,15500.74,no_moroso
43,4823.11,3,16.8,1,Posgrado,13230.41,no_moroso
66,,8,2.6,1,Universitario,23375.13,no_moroso
52,1878.4,6,3.2,1,Universitario,5686.6,no_moroso
27,1205.17,4,6.4,0,Universitario,5308.87,no_moroso
46,,4,9.4,1,Tecnico,35256.98,no_moroso
49,,1,0.1,0,Secundaria,12939.76,no_moroso
45,11384.97,5,18.8,1,SECUNDARIA,26958.8,no_moroso
43,2787.42,4,,0,Posgrado,9322.43,no_moroso
42,12496.66,8,2.5,0,Universitario,34526.67,no_moroso
46,3406.5,3,5.5,0,Tecnico,9937.56,no_moroso
37,6681.92,2,0.6,1,Universitario,16522.02,no_moroso
27,10241.99,9,5.0,0,Universitario,28045.17,no_moroso
49,5315.11,8,27.3,0,Tecnico,13744.71,no_moroso
27,,6,26.6,0,Universitario,36873.83,no_moroso
66,7081.39,7,0.6,0,Universitario,20288.26,no_moroso
62,3598.74,6,5.5,1,Universitario,9821.6,no_moroso
24,14845.52,8,7.7,1,Universitario,38618.69,no_moroso
41,5501.26,9,11.5,1,Posgrado,15592.07,no_moroso
28,3851.05,6,7.6,0,Secundaria,10088.17,no_moroso
43,6226.9,9,52.9,1,Universitario,14502.72,moroso
38,2679.0,2,34.5,0,Universitario,5863.87,moroso
59,11345.67,0,10.6,0,Tecnico,28202.82,no_moroso
67,13436.06,8,18.8,0,Tecnico,35341.01,no_moroso
58,6148.11,2,0.4,0,Universitario,17680.8,no_moroso
66,10332.47,5,9.8,1,Secundaria,25722.95,no_moroso
37,12724.16,9,1.0,0,Universitario,34810.23,no_moroso
64,13660.42,7,5.1,0,Secundaria,34982.3,no_moroso
34,11075.89,1,10.6,1,Secundaria,26125.9,no_moroso
52,12981.75,4,1.4,1,Tecnico,32265.58,no_moroso
23,10914.14,3,22.8,0,Secundaria,26880.34,no_moroso
53,10706.04,4,4.1,0,Posgrado,30530.03,no_moroso
68,3428.34,7,11.9,1,Posgrado,11531.2,no_moroso
52,10293.92,5,0.1,0,Universitario,28579.87,no_moroso
56,3666.12,0,7.1,0,Universitario,10841.47,no_moroso
66,4327.86,4,9.4,1,Tecnico,9640.43,no_moroso
51,14827.25,0,22.6,0,Universitario,37017.94,no_moroso
32,11910.05,4,2.0,0,Tecnico,30972.56,no_moroso
69,11644.31,2,3.2,1,Universitario,28672.63,no_moroso
38,4158.19,3,0.4,0,Posgrado,12981.4,no_moroso
40,3516.67,4,15.4,0,Posgrado,11443.12,no_moroso
23,12782.17,7,15.1,0,Tecnico,33712.74,no_moroso
33,12634.69,4,11.1,0,Posgrado,35309.9,no_moroso
34,2375.27,3,1.1,1,Posgrado,7932.57,no_moroso
49,11166.47,0,5.6,0,Universitario,29839.38,no_moroso
24,3050.85,8,17.2,1,SECUNDARIA,6499.46,no_moroso
36,10302.25,2,3.7,0,Universitario,27335.37,no_moroso
58,7681.84,5,20.1,0,Secundaria,19582.91,no_moroso
58,10129.76,6,5.2,1,Secundaria,25089.76,no_moroso
19,10799.98,7,18.5,0,Secundaria,26905.91,no_moroso
45,14037.62,5,7.1,1,Secundaria,33264.3,no_moroso
43,6190.38,5,25.0,1,Universitario,14264.9,no_moroso
31,1696.39,6,14.0,1,Universitario,4359.29,no_moroso
57,5620.8,3,3.1,0,Universitario,15583.77,no_moroso
38,7103.83,4,14.4,0,Secundaria,18312.93,no_moroso
43,1898.54,8,25.7,1,Tecnico,4819.8,no_moroso
60,2482.44,2,13.7,0,Universitario,8029.67,no_moroso
47,1933.69,6,1.8,0,Tecnico,6126.37,no_moroso
23,11029.97,4,8.1,1,Universitario,28196.12,no_moroso
58,2432.03,5,15.4,0,Universitario,8176.45,no_moroso
63,985.3,1,87.4,1,Universitario,200.0,moroso
65,11173.8,1,13.9,0,Universitario,29588.62,no_moroso
65,6539.18,2,5.3,0,Universitario,192247.43554250477,no_moroso
43,3892.13,7,8.8,1,Secundaria,7959.01,no_moroso
26,3367.95,0,7.6,0,Tecnico,7972.73,no_moroso
26,12709.08,8,11.5,0,Secundaria,33762.53,no_moroso
49,,7,4.9,0,Tecnico,36124.42,no_moroso
22,12854.02,9,9.7,1,Universitario,32942.59,no_moroso
29,8452.0,1,,1,Secundaria,18404.08,no_moroso
27,2772.61,2,12.3,1,Tecnico,5955.29,no_moroso
33,13039.98,2,6.4,1,Tecnico,31068.18,no_moroso
64,9526.84,0,5.8,1,Secundaria,21275.82,no_moroso
43,12309.77,9,90.4,0,Universitario,30357.06,moroso
66,14300.7,9,37.8,1,Posgrado,37196.44,moroso
32,1125.0,7,7.7,1,Universitario,4842.05,no_moroso
30,3838.82,5,7.8,1,Secundaria,287476.7955683622,no_moroso
29,12666.32,3,3.5,0,Posgrado,33974.94,no_moroso
66,1407.03,8,3.3,0,Secundaria,4971.12,no_moroso
47,8537.32,3,22.6,0,Universitario,23263.96,no_moroso
68,3154.35,3,7.1,0,Posgrado,11302.18,no_moroso
29,,6,11.5,1,Tecnico,25806.48,no_moroso
59,6274.83,1,14.8,1,Universitario,15772.74,no_moroso
22,9226.1,5,9.7,1,Universitario,23554.16,no_moroso
51,3393.22,6,0.0,0,POSGRADO,12280.28,no_moroso
26,6746.05,7,20.8,1,Universitario,17402.49,no_moroso
27,10698.28,7,9.5,0,Tecnico,28151.3,no_moroso
43,13238.77,0,18.4,0,Secundaria,31882.16,no_moroso
47,14536.49,8,1.8,1,Tecnico,37658.42,no_moroso
64,8746.69,8,6.8,0,Secundaria,22486.94,no_moroso
23,3686.01,5,2.9,0,Tecnico,10020.71,no_moroso
34,10101.2,0,29.3,0,universitario,25323.92,no_moroso
69,5398.54,0,1.8,0,Tecnico,14373.19,no_moroso
45,8188.74,6,10.2,0,Universitario,22761.33,no_moroso
35,8799.05,4,21.3,1,UNIVERSITARIO,21823.45,no_moroso
65,14433.79,3,47.4,0,Tecnico,35288.14,moroso
24,8414.4,9,5.6,1,Universitario,23298.02,no_moroso
64,10959.91,8,17.8,1,Universitario,29165.05,no_moroso
22,10200.15,7,10.6,0,Universitario,28577.0,no_moroso
29,11520.22,0,6.2,0,Tecnico,29131.29,no_moroso
58,5483.8,2,33.9,0,Tecnico,13576.81,moroso
18,10102.5,8,22.7,1,Universitario,26048.31,no_moroso
54,13595.27,2,12.5,1,Universitario,34790.37,no_moroso
66,7126.34,4,,0,Universitario,19929.0,no_moroso
30,11293.73,2,32.5,1,Tecnico,26130.08,moroso
24,8159.27,3,,1,Universitario,20152.54,no_moroso
38,14355.44,9,2.4,1,Universitario,37749.8,no_moroso
66,14842.29,5,7.4,1,Universitario,36892.78,no_moroso
29,7165.01,2,10.4,0,tecnico,18636.65,no_moroso
63,5291.25,5,12.8,0,Tecnico,13774.92,no_moroso
58,,0,23.2,1,Secundaria,532.18,no_moroso
53,4676.73,1,,1,Universitario,11948.93,no_moroso
67,9384.4,6,43.5,1,Secundaria,20930.04,moroso
50,7065.39,4,21.3,0,Universitario,19599.84,no_moroso
57,2236.31,9,2.6,1,Tecnico,6582.93,no_moroso
26,5792.02,7,7.8,0,Secundaria,15654.83,no_moroso
43,7911.43,5,11.3,1,Universitario,20183.49,no_moroso
33,8614.25,4,16.1,1,Posgrado,22565.73,no_moroso
52,2208.55,4,,1,Tecnico,4560.95,no_moroso
38,11585.76,6,5.4,0,Posgrado,33444.97,no_moroso
64,7060.27,1,3.1,1,Universitario,17656.3,no_moroso
65,869.28,3,26.3,1,Universitario,1741.99,no_moroso
23,2222.5,8,68.8,1,Secundaria,1868.39,moroso
42,3682.26,9,2.6,1,Tecnico,9842.86,no_moroso
66,10167.08,2,2.5,1,Universitario,26435.56,no_moroso
19,12461.46,8,18.9,0,Tecnico,32614.75,no_moroso
50,4432.93,3,,0,Posgrado,13748.1,no_moroso
29,13171.84,6,6.4,1,Tecnico,33200.14,no_moroso
42,4088.69,7,9.9,0,Tecnico,11213.6,no_moroso
32,11109.22,9,10.5,0,Tecnico,28910.49,no_moroso
60,2992.37,0,13.3,0,Tecnico,7173.46,no_moroso
37,5002.23,8,4.6,1,Universitario,14225.41,no_moroso
39,2801.38,1,6.2,0,Universitario,8326.05,no_moroso
27,1590.65,9,0.9,1,Universitario,6048.51,no_moroso
28,7497.48,9,12.0,1,Secundaria,17820.88,no_moroso
52,11919.4,7,4.9,0,Secundaria,30689.81,no_moroso
49,,8,19.2,0,Posgrado,21193.8,no_moroso
43,12746.73,8,8.0,0,Universitario,34479.47,no_moroso
50,5427.0,8,17.4,1,Universitario,13962.82,no_moroso
20,11603.93,9,2.1,1,Posgrado,32589.34,no_moroso
35,14741.21,9,39.5,0,Posgrado,39953.89,moroso
50,5776.04,6,48.8,0,Universitario,14411.17,moroso
27,9615.22,5,9.1,0,Secundaria,25174.74,no_moroso
50,4209.48,8,1.9,1,Universitario,11496.83,no_moroso
29,4711.78,9,12.1,0,Tecnico,13695.38,no_moroso
53,4676.65,3,11.4,0,Tecnico,13150.68,no_moroso
54,5863.4,8,16.1,1,Universitario,16119.62,no_moroso
29,13115.49,0,9.8,1,Tecnico,31355.83,no_moroso
47,8133.16,8,26.5,1,TECNICO,20176.02,no_moroso
20,12852.11,7,20.3,0,Universitario,34329.24,no_moroso
48,886.09,0,,1,Tecnico,842.05,no_moroso
57,2434.52,3,,0,Posgrado,9920.4,no_moroso
32,12226.12,0,26.6,0,Universitario,29565.5,no_moroso
65,6808.88,0,17.5,0,Universitario,17740.0,no_moroso
63,2604.86,6,3.6,0,Posgrado,9885.7,no_moroso
67,7996.33,1,7.5,0,Posgrado,22776.79,no_moroso
55,14040.27,9,21.4,0,Tecnico,36864.21,no_moroso
24,10253.94,2,3.3,0,Posgrado,29891.61,no_moroso
54,11433.43,0,1.7,1,Tecnico,28831.97,no_moroso
26,1682.62,2,3.8,0,Posgrado,6660.91,no_moroso
48,13348.78,8,19.9,1,secundaria,32640.77,no_moroso
35,14516.9,9,80.5,1,Universitario,33542.09,moroso
20,2918.81,1,11.2,0,Universitario,8074.07,no_moroso
47,9665.46,2,5.6,0,Universitario,26353.28,no_moroso
32,13450.37,6,,1,Universitario,32866.33,moroso
58,3622.12,9,37.7,0,Posgrado,12050.22,moroso
65,5090.11,4,47.7,1,Tecnico,10410.7,moroso
68,10969.7,6,17.4,0,Secundaria,27159.33,no_moroso
27,2091.46,3,41.6,1,Secundaria,2576.66,moroso
64,11359.75,5,3.1,0,Tecnico,29421.27,no_moroso
37,804.64,2,8.2,0,Posgrado,5319.12,no_moroso
38,1021.66,5,11.7,1,Secundaria,1425.74,no_moroso
38,2526.07,6,6.0,0,posgrado,10470.33,no_moroso
57,7063.44,2,13.4,0,Secundaria,17945.42,no_moroso
36,10585.23,0,0.5,0,Universitario,28042.08,no_moroso
39,4502.71,8,11.7,0,Universitario,13160.44,no_moroso
66,8922.88,3,19.6,0,Universitario,24130.24,no_moroso
28,5934.89,4,2.5,1,Tecnico,14853.75,no_moroso
38,12575.03,5,20.0,1,Tecnico,29746.03,no_moroso
27,1699.62,6,5.9,0,Posgrado,8622.66,no_moroso
41,9215.92,8,9.9,0,Universitario,26405.17,no_moroso
25,1672.85,6,,1,Tecnico,4503.49,no_moroso
26,6906.24,5,14.8,0,Secundaria,17414.4,no_moroso
45,8236.2,8,8.0,1,Tecnico,20220.26,no_moroso
34,4564.06,9,6.6,0,Universitario,14815.46,no_moroso
33,1866.85,4,22.7,1,Secundaria,3234.53,no_moroso
40,7310.7,8,26.1,0,Tecnico,18999.47,no_moroso
45,11019.05,9,,1,Tecnico,27715.71,no_moroso
42,1599.99,0,5.6,0,posgrado,7580.24,no_moroso
41,,5,13.1,1,Secundaria,25571.84,no_moroso
22,3758.1,5,29.0,0,Tecnico,8873.74,no_moroso
45,4139.37,3,4.0,0,Universitario,12273.31,no_moroso
60,4052.92,9,6.9,1,Universitario,11738.37,no_moroso
54,4465.96,9,11.8,0,Tecnico,12890.13,no_moroso
51,13190.89,3,40.7,0,Universitario,32659.1,moroso
20,1484.04,7,,0,Secundaria,5323.19,no_moroso
28,9664.39,6,14.8,0,Secundaria,24580.49,no_moroso
39,1332.93,4,1.7,0,Tecnico,4939.02,no_moroso
62,8626.56,2,29.8,0,Universitario,23480.74,no_moroso
22,8978.18,4,10.8,1,Tecnico,20696.14,no_moroso
43,1674.16,4,,1,Tecnico,2438.03,no_moroso
66,14782.64,4,15.4,0,Secundaria,291813.4443356753,no_moroso
27,2000.86,7,36.5,0,Tecnico,4981.59,moroso
59,13856.57,8,0.1,0,Universitario,36586.15,no_moroso
59,7837.24,4,,0,Posgrado,23350.02,no_moroso
34,1360.82,2,17.1,0,Tecnico,4217.5,no_moroso
31,13731.93,7,0.5,1,Secundaria,33775.15,no_moroso
63,14272.74,4,4.7,0,Universitario,37744.75,no_moroso
56,9051.51,4,,0,Universitario,24477.3,no_moroso
43,,7,8.1,0,Posgrado,38513.38,no_moroso
45,7537.39,1,3.1,1,secundaria,17436.38,no_moroso
43,6196.22,0,8.4,0,Universitario,16828.25,no_moroso
55,14692.2,1,6.5,0,Tecnico,36842.29,no_moroso
44,,5,10.0,1,Secundaria,9220.45,no_moroso
54,11836.69,1,47.2,0,Tecnico,27913.35,moroso
49,1108.54,2,,0,Posgrado,6068.85,no_moroso
26,10802.86,8,5.3,0,Tecnico,29456.17,no_moroso
24,6240.28,8,,1,Universitario,15400.27,moroso
40,14381.69,1,12.4,1,Posgrado,36694.65,no_moroso
59,10337.86,0,13.1,0,Universitario,26066.66,no_moroso
49,,1,16.7,0,Posgrado,12589.7,no_moroso
69,8835.04,3,9.0,0,Tecnico,22605.44,no_moroso
59,,8,10.4,0,Universitario,5735.35,no_moroso
35,2495.38,6,,0,Universitario,9413.3,no_moroso
58,9886.24,4,,0,Secundaria,24480.03,no_moroso
35,6553.76,3,1.0,0,Universitario,18272.96,no_moroso
60,4865.29,2,36.6,1,Tecnico,9763.86,moroso
56,,9,17.2,0,Universitario,33440.51,no_moroso
42,4975.69,0,39.6,0,Tecnico,11265.4,moroso
44,11620.66,6,0.4,0,Universitario,32725.34,no_moroso
64,9388.1,8,16.0,1,UNIVERSITARIO,23521.17,no_moroso
54,11271.99,5,4.3,0,Universitario,30934.04,no_moroso
25,2685.16,0,6.2,1,Posgrado,8426.09,no_moroso
51,7460.11,7,0.3,0,Tecnico,198865.42988764474,no_moroso
65,4612.57,9,14.8,1,Universitario,12976.31,no_moroso
59,8492.59,9,2.6,0,Tecnico,22681.73,no_moroso
30,1931.86,6,13.5,1,Tecnico,4321.65,no_moroso
54,9274.82,8,16.4,0,Universitario,26167.19,no_moroso
34,,7,15.0,0,Tecnico,8466.69,no_moroso
56,7034.1,0,2.1,0,Secundaria,16177.98,no_moroso
39,,7,0.5,1,Universitario,27912.12,no_moroso
35,10867.4,0,,1,Tecnico,24533.84,moroso
19,13409.18,8,0.9,1,Tecnico,34168.83,no_moroso
57,12649.2,1,,1,SECUNDARIA,29624.09,no_moroso
44,9754.75,4,7.5,1,Universitario,24976.15,no_moroso
66,1899.8,3,12.6,0,Universitario,6097.35,no_moroso
43,11047.62,6,4.3,1,Universitario,29249.68,no_moroso
27,6843.02,6,5.4,1,Tecnico,16881.2,no_moroso
43,4943.47,4,0.1,1,Tecnico,11444.22,no_moroso
63,8017.88,0,4.6,0,Tecnico,20265.46,no_moroso
41,9482.83,5,12.9,0,Universitario,25735.58,no_moroso
44,5016.82,6,2.9,0,Universitario,15550.96,no_moroso
33,13819.64,6,16.1,1,Universitario,34584.88,no_moroso
28,8295.67,9,3.8,0,posgrado,25015.63,no_moroso
30,10010.68,3,42.4,1,Universitario,23924.62,moroso
69,,8,12.9,0,Secundaria,35908.39,no_moroso
49,8772.59,7,20.1,0,Secundaria,21844.21,no_moroso
26,,9,12.9,1,Universitario,13028.13,no_moroso
66,12530.56,5,0.5,1,Tecnico,31433.64,no_moroso
58,1626.38,4,9.5,0,Posgrado,7811.05,no_moroso
49,9624.12,7,,1,SECUNDARIA,23577.36,no_moroso
60,3596.32,6,1.0,0,Tecnico,269002.1307606401,no_moroso
24,1858.99,3,0.8,0,Tecnico,5718.51,no_moroso
53,1414.58,7,1.5,0,Universitario,6245.24,no_moroso
50,2177.74,6,21.2,1,Universitario,4790.33,no_moroso
28,11209.29,6,6.7,1,POSGRADO,30260.63,no_moroso
67,4840.95,1,9.4,1,Posgrado,13487.96,no_moroso
58,9152.22,6,,0,Secundaria,23097.51,no_moroso
46,12908.76,6,2.8,1,Posgrado,34744.89,no_moroso
54,1756.52,7,24.9,1,Tecnico,4265.7,no_moroso
59,8774.07,5,19.3,1,Secundaria,20703.09,no_moroso
19,9320.75,1,,0,Posgrado,25594.36,no_moroso
69,14142.62,8,0.1,1,Universitario,37200.52,no_moroso
42,6545.19,5,,1,Universitario,17657.73,no_moroso
31,8646.66,2,30.7,1,Universitario,20586.02,moroso
21,10161.43,7,4.0,1,Posgrado,27985.72,no_moroso
19,9450.72,2,1.5,0,UNIVERSITARIO,24664.45,no_moroso
22,9377.58,7,2.3,0,Secundaria,25347.1,no_moroso
58,968.99,3,,0,Universitario,2788.92,no_moroso
32,3067.13,5,,0,Tecnico,9599.24,no_moroso
38,11614.12,8,16.7,0,Universitario,31386.14,no_moroso
59,3224.2,8,1.0,0,Tecnico,10399.33,no_moroso
20,5996.04,3,6.4,0,Posgrado,17692.29,no_moroso
39,13878.53,9,19.6,1,Secundaria,33641.86,no_moroso
43,2768.54,7,8.9,0,Secundaria,8183.27,no_moroso
58,,7,,1,Tecnico,31162.85,no_moroso
42,11958.56,8,37.9,0,Universitario,30573.98,moroso
60,11217.29,8,18.6,0,TECNICO,29316.18,no_moroso
48,898.64,8,1.9,0,Secundaria,4294.62,no_moroso
36,,7,9.1,0,Secundaria,26881.56,no_moroso
55,3635.36,9,11.9,1,Tecnico,8837.67,no_moroso
69,11843.96,7,9.5,0,Tecnico,30612.78,no_moroso
30,14006.51,5,8.8,0,UNIVERSITARIO,37687.72,no_moroso
40,3420.12,2,51.9,0,Universitario,7698.27,moroso
34,5233.94,8,32.0,0,Universitario,14693.74,moroso
30,11671.4,6,2.6,0,Secundaria,30297.17,no_moroso
56,6676.97,7,2.2,1,Secundaria,16582.96,no_moroso
50,7363.57,6,1.4,1,Universitario,19435.64,no_moroso
50,10740.17,7,60.7,0,Universitario,26785.55,moroso
26,7299.42,9,22.3,0,universitario,19164.28,no_moroso
60,4082.93,8,0.5,1,Universitario,11554.58,no_moroso
56,12774.67,9,1.0,1,Tecnico,33743.46,no_moroso
63,14248.8,8,12.1,1,Tecnico,35712.86,no_moroso
50,2800.71,0,21.4,0,Secundaria,5828.41,no_moroso
32,828.84,7,1.4,0,Universitario,5002.51,no_moroso
31,,7,6.5,1,Tecnico,15303.63,no_moroso
48,4599.54,4,16.2,0,Posgrado,14012.65,no_moroso
66,,2,21.7,0,Posgrado,27793.7,no_moroso
37,5384.86,0,21.1,0,Secundaria,11350.71,no_moroso
25,3808.26,8,9.8,0,Tecnico,11506.2,no_moroso
47,6603.09,5,2.8,0,Universitario,19772.44,no_moroso
68,9410.9,7,,1,universitario,24492.37,no_moroso
59,9675.54,6,5.9,0,Tecnico,25512.7,no_moroso
22,5106.31,2,9.4,1,Posgrado,14648.47,no_moroso
28,,9,7.7,0,Universitario,30733.94,no_moroso
20,8361.39,5,13.7,0,Universitario,22760.53,no_moroso
69,1270.94,7,15.7,1,Universitario,3365.24,no_moroso
30,4360.02,3,14.7,1,Secundaria,9035.64,no_moroso
68,,6,9.2,1,Tecnico,7636.74,no_moroso
21,11495.6,7,7.7,0,Tecnico,30249.16,no_moroso
60,7542.37,9,6.0,1,Tecnico,19677.84,no_moroso
59,4410.36,1,5.6,1,Universitario,11681.74,no_moroso
18,,2,10.2,1,Universitario,32244.99,no_moroso
20,8940.33,5,20.1,1,Universitario,22059.15,no_moroso
63,14913.42,4,12.9,0,Universitario,39133.54,no_moroso
64,4559.89,0,65.0,1,Universitario,7489.41,moroso
18,14359.52,9,25.8,0,Secundaria,36818.97,no_moroso
68,7415.63,9,4.6,1,Universitario,19878.41,no_moroso
32,,9,1.1,0,Universitario,13706.12,no_moroso
56,4678.81,1,15.8,1,Tecnico,9834.65,no_moroso
24,3723.25,4,28.4,1,Secundaria,7572.4,no_moroso
66,13328.6,5,14.2,0,Tecnico,34336.74,no_moroso
55,12525.57,0,4.3,0,Tecnico,31732.56,no_moroso
49,13002.93,7,4.7,1,Posgrado,35980.71,no_moroso
53,13275.62,3,,0,TECNICO,33170.56,no_moroso
51,2743.07,8,6.1,0,Universitario,10258.16,no_moroso
20,10815.73,1,5.9,1,Posgrado,28807.3,no_moroso
55,,7,0.2,0,Tecnico,31438.31,no_moroso
20,11808.93,9,36.5,0,Secundaria,28905.7,moroso
44,7166.79,0,,1,Universitario,17455.84,no_moroso
46,2108.04,1,3.2,1,Posgrado,6759.06,no_moroso
68,6827.5,5,1.1,1,Posgrado,19085.53,no_moroso
66,7062.08,5,16.5,1,Universitario,18956.18,no_moroso
23,12787.19,4,24.8,0,Secundaria,31673.42,no_moroso
34,8466.75,7,15.7,0,Universitario,23277.15,no_moroso
20,10042.89,6,29.1,1,Universitario,24201.18,no_moroso
38,2931.12,0,14.1,1,Tecnico,5990.61,no_moroso
33,1104.03,2,7.3,0,Secundaria,3031.7,no_moroso
23,14593.06,9,22.2,0,Tecnico,37439.04,no_moroso
32,3214.52,0,2.9,1,SECUNDARIA,5567.49,no_moroso
39,,5,15.6,1,Secundaria,22186.43,no_moroso
26,,2,27.0,1,Tecnico,6553.7,no_moroso
65,10519.19,0,11.9,0,Secundaria,26097.03,no_moroso
23,4633.76,5,2.0,0,Secundaria,12312.55,no_moroso
27,9224.81,1,42.7,0,Posgrado,23085.25,moroso
54,12932.04,9,19.1,0,Posgrado,36930.01,no_moroso
37,4825.8,2,,0,tecnico,11431.41,no_moroso
49,10569.52,4,35.5,0,Secundaria,25351.82,moroso
53,9070.9,1,3.2,1,Tecnico,21592.84,no_moroso
31,4973.35,9,14.6,0,Secundaria,13974.28,no_moroso
28,10812.46,8,3.0,1,Universitario,28032.43,no_moroso
43,12789.39,9,6.5,0,Tecnico,33893.45,no_moroso
25,6206.6,7,4.6,1,Secundaria,15225.26,no_moroso
35,851.57,7,2.3,0,Secundaria,3909.46,no_moroso
60,5753.22,0,11.4,0,Tecnico,13945.04,no_moroso
50,7403.76,6,,1,Tecnico,19011.09,no_moroso
36,,1,28.4,0,Universitario,27151.67,no_moroso
33,8023.04,4,20.5,0,Universitario,21618.13,no_moroso
53,12671.48,4,2.2,1,Secundaria,30451.15,no_moroso
55,5339.15,7,2.5,0,Universitario,16236.18,no_moroso
46,11890.18,1,,1,Tecnico,29053.71,no_moroso
33,2137.73,5,,0,Posgrado,9248.93,no_moroso
69,11840.76,5,12.9,1,Universitario,30638.05,no_moroso
66,10834.17,9,8.6,0,Posgrado,31016.21,no_moroso
29,14323.85,0,1.3,0,Secundaria,35058.93,no_moroso
57,,6,5.3,0,Universitario,17055.97,no_moroso
65,14116.43,5,7.7,0,Secundaria,35610.87,no_moroso
62,7347.99,9,,0,Universitario,20329.61,no_moroso
47,9518.99,3,3.6,0,Tecnico,25084.78,no_moroso
57,1863.76,9,55.9,1,Posgrado,5222.86,moroso
20,13698.64,3,14.7,0,Tecnico,34308.75,no_moroso
63,2023.18,5,58.0,1,Universitario,3931.14,moroso
58,2872.11,5,9.4,0,Universitario,9909.22,no_moroso
61,13190.72,7,2.0,0,Secundaria,34019.74,no_moroso
64,12142.18,4,9.6,0,Universitario,32616.3,no_moroso
41,6804.53,2,11.7,1,Tecnico,15061.31,no_moroso
63,1625.1,7,21.4,0,Tecnico,4391.47,no_moroso
43,6361.55,5,13.5,1,Secundaria,14343.3,no_moroso
68,4145.37,9,40.8,1,Tecnico,9262.77,moroso
40,3218.69,0,11.4,0,Universitario,8586.95,no_moroso
47,1811.79,0,3.2,1,universitario,4579.62,no_moroso
30,2404.72,7,14.6,1,Universitario,6177.35,no_moroso
66,14939.46,0,,0,TECNICO,37722.13,no_moroso
65,6486.4,4,1.3,1,Secundaria,15807.59,no_moroso
44,8633.06,1,9.6,1,Posgrado,22605.94,no_moroso
35,7046.25,1,29.0,1,Tecnico,15038.69,no_moroso
51,14724.0,2,,0,Posgrado,35524.41,moroso
51,2946.39,7,2.1,1,Tecnico,7689.02,no_moroso
56,5899.55,1,8.0,0,Posgrado,16787.63,no_moroso
65,10307.69,5,22.1,0,Universitario,27013.98,no_moroso
40,3499.39,1,11.1,1,Tecnico,8131.82,no_moroso
18,6820.81,4,1.6,1,Tecnico,17315.65,no_moroso
37,4341.58,8,8.3,0,Posgrado,15464.67,no_moroso
54,11337.5,3,26.3,0,Secundaria,27534.44,no_moroso
57,4267.91,9,3.4,1,Tecnico,10822.0,no_moroso
22,9072.89,0,17.2,0,Tecnico,22285.61,no_moroso
29,,0,36.2,0,Universitario,270376.71491524583,moroso
29,3470.4,2,20.9,0,Universitario,10714.39,no_moroso
31,12867.15,6,15.9,1,Posgrado,33480.38,no_moroso
58,12448.85,0,1.0,0,Universitario,31777.33,no_moroso
39,11178.04,7,21.1,0,Secundaria,28813.98,no_moroso
69,11582.95,6,5.1,0,Universitario,31708.03,no_moroso
21,12108.1,4,3.0,0,Posgrado,33878.58,no_moroso
40,3615.65,7,0.3,0,Posgrado,13405.23,no_moroso
55,9575.65,6,1.8,1,Posgrado,27190.04,no_moroso
61,1375.41,8,5.3,0,Universitario,6307.61,no_moroso
50,7274.9,8,26.0,0,Tecnico,19063.18,no_moroso
65,13522.52,6,65.2,1,Universitario,31381.19,moroso
43,2835.1,3,7.0,0,Tecnico,7780.69,no_moroso
33,13117.85,7,,0,Universitario,35302.61,no_moroso
64,9603.54,7,4.9,0,Universitario,26270.51,no_moroso
57,,7,35.1,1,Posgrado,204743.61452066342,moroso
67,,2,24.2,0,Universitario,30845.86,no_moroso
40,12667.13,6,56.5,0,Secundaria,29812.81,moroso
37,1266.07,4,3.1,1,Universitario,4312.86,no_moroso
53,12476.93,0,0.8,0,Tecnico,32483.13,no_moroso
69,10940.77,9,28.3,0,Tecnico,27568.63,no_moroso
62,12659.42,9,2.6,0,Universitario,34470.27,no_moroso
60,14127.66,0,2.3,0,Posgrado,38526.47,no_moroso
23,11309.2,7,1.0,0,Posgrado,32927.75,no_moroso
53,7479.5,6,1.2,1,Tecnico,18590.07,no_moroso
66,9050.91,8,23.4,0,Posgrado,26090.07,no_moroso
27,,9,7.7,0,Secundaria,4178.44,no_moroso
26,2834.65,9,15.7,0,Universitario,10328.22,no_moroso
29,6866.86,6,15.0,1,Universitario,17178.47,no_moroso
40,12140.15,2,17.7,0,Secundaria,30411.99,no_moroso
31,9557.76,6,,1,Universitario,24108.31,no_moroso
32,11284.73,5,6.2,0,Universitario,30320.67,no_moroso
50,2365.84,4,6.9,0,Tecnico,7466.63,no_moroso
62,,5,11.9,0,UNIVERSITARIO,3982.64,no_moroso
62,9954.55,6,3.7,1,Universitario,26056.44,no_moroso
26,2592.79,8,2.2,1,TECNICO,6028.94,no_moroso
40,4843.3,8,24.4,1,Secundaria,10758.66,no_moroso
42,14343.99,8,13.9,1,Universitario,36684.22,no_moroso
63,2732.99,9,9.9,0,Universitario,9973.67,no_moroso
56,13667.25,4,5.8,0,Tecnico,34204.34,no_moroso
61,14503.65,9,0.8,0,Posgrado,40252.04,no_moroso
69,7257.92,0,0.9,0,Posgrado,21643.14,no_moroso
44,9218.14,9,2.8,1,Universitario,23873.17,no_moroso
20,3298.69,1,29.6,1,Universitario,7679.02,no_moroso
26,13725.69,0,9.1,0,universitario,217585.69610526523,no_moroso
60,4448.73,4,29.9,0,Posgrado,13424.92,no_moroso
52,10257.12,9,47.4,0,Universitario,26887.78,moroso
49,4483.79,9,13.3,0,Universitario,13670.77,no_moroso
28,5969.33,9,12.2,0,Posgrado,19461.01,no_moroso
39,1192.16,6,73.3,1,Posgrado,2480.79,moroso
18,6759.16,2,22.2,1,Tecnico,15890.24,no_moroso
32,3827.65,9,19.5,0,Universitario,11729.75,no_moroso
53,11539.34,5,3.4,0,Universitario,31599.26,no_moroso
54,4581.08,0,2.8,1,Universitario,11373.71,no_moroso
33,5090.67,3,20.6,1,TECNICO,10960.06,no_moroso
38,4483.81,4,0.2,0,Universitario,13763.51,no_moroso
44,10770.61,9,49.1,1,Posgrado,27109.84,moroso
69,1491.92,2,9.0,0,Posgrado,6532.87,no_moroso
29,8194.17,5,17.2,0,Secundaria,20307.16,no_moroso
58,14928.5,2,9.4,0,Universitario,39820.77,no_moroso
59,4904.85,1,32.9,0,Secundaria,10667.21,moroso
21,5184.75,0,1.2,1,Universitario,12390.89,no_moroso
24,10907.35,4,19.0,0,Tecnico,27876.56,no_moroso
33,2442.13,8,2.5,1,Posgrado,9334.22,no_moroso
34,,9,2.9,0,Posgrado,32298.52,no_moroso
29,2212.41,3,61.8,0,Posgrado,5790.41,moroso
25,5700.89,6,21.6,1,Secundaria,14066.53,no_moroso
45,14370.12,2,4.3,0,Posgrado,39349.52,no_moroso
22,,1,9.7,0,Posgrado,32698.0,no_moroso
24,4358.1,5,7.5,0,Secundaria,10520.72,no_moroso
67,6805.45,6,6.1,0,Universitario,20106.14,no_moroso
57,8182.11,7,23.2,0,Tecnico,20882.39,no_moroso
50,1321.99,5,13.6,1,Tecnico,2897.23,no_moroso
33,5274.17,3,4.4,0,Tecnico,14376.37,no_moroso
46,12374.47,3,26.1,0,Universitario,32118.32,no_moroso
50,,5,5.4,1,Posgrado,21340.12,no_moroso
38,10902.42,6,20.8,0,Universitario,28462.97,no_moroso
39,8199.87,9,1.8,1,Tecnico,21113.42,no_moroso
27,10355.14,1,56.3,0,Universitario,25599.24,moroso
30,,5,13.8,0,Tecnico,33535.94,no_moroso
38,10156.95,0,0.6,1,Tecnico,24611.45,no_moroso
53,6873.8,6,,0,Tecnico,16478.0,moroso
28,12101.48,3,1.8,0,Tecnico,31514.07,no_moroso
44,11630.14,7,6.2,1,Universitario,30061.33,no_moroso
26,5374.5,4,14.5,0,Tecnico,14243.64,no_moroso
26,9924.92,6,17.3,0,Tecnico,25748.68,no_moroso
47,5258.98,8,29.1,0,Posgrado,15176.99,no_moroso
63,12334.91,0,27.9,0,Posgrado,32264.83,no_moroso
38,6512.57,8,0.2,0,Tecnico,17822.93,no_moroso
28,10447.12,4,4.9,1,Universitario,26575.61,no_moroso
65,14021.61,4,22.0,1,Posgrado,36366.59,no_moroso
22,11048.19,3,59.6,0,UNIVERSITARIO,27075.4,moroso
36,9598.87,3,5.3,0,Secundaria,23763.49,no_moroso
25,10345.48,4,9.6,1,Universitario,25411.71,no_moroso
36,7642.9,4,3.5,0,Tecnico,20298.61,no_moroso
35,11728.21,6,35.1,0,Universitario,31092.4,moroso
51,14518.37,1,14.2,1,Universitario,35640.7,no_moroso
63,11925.76,2,26.6,1,Tecnico,28275.7,no_moroso
33,,7,2.3,1,Universitario,11835.63,no_moroso
28,5380.54,8,5.1,1,Universitario,14497.81,no_moroso
38,1467.3,2,19.6,1,Universitario,3644.52,no_moroso
49,2236.62,0,0.9,1,Tecnico,4117.35,no_moroso
30,13555.57,9,5.8,0,Universitario,36716.63,no_moroso
64,9534.82,5,10.9,0,Tecnico,25016.29,no_moroso
52,1940.44,6,7.1,1,Tecnico,5637.69,no_moroso
47,11518.81,8,5.0,1,Secundaria,28809.79,no_moroso
22,9400.25,8,16.3,0,Universitario,26187.68,no_moroso
48,7129.59,0,18.2,1,Tecnico,16430.48,no_moroso
51,3752.8,7,13.7,0,Universitario,12559.86,no_moroso
48,5339.25,1,3.5,1,Secundaria,11827.43,no_moroso
36,11644.44,8,4.7,1,Secundaria,29308.51,no_moroso
64,13869.53,5,5.5,0,Tecnico,35021.87,no_moroso
29,,3,9.4,0,Posgrado,5449.39,no_moroso
40,10283.31,7,11.9,0,Universitario,27966.89,no_moroso
68,9238.96,3,12.5,0,Tecnico,23829.66,no_moroso
33,10431.37,0,,0,Universitario,26550.52,no_moroso
44,6254.16,5,2.4,1,Tecnico,15961.45,no_moroso
22,9095.23,0,34.2,0,Universitario,22215.13,moroso
21,4533.9,3,8.0,0,Secundaria,11650.15,no_moroso
29,2133.91,5,2.6,1,Tecnico,5544.61,no_moroso
60,1926.32,6,13.4,0,Secundaria,4924.05,no_moroso
33,12223.95,9,15.8,0,Secundaria,31479.93,no_moroso
68,14413.0,2,11.0,0,Tecnico,35405.73,no_moroso
66,9396.67,6,11.7,0,Tecnico,24039.61,no_moroso
55,,6,5.8,0,UNIVERSITARIO,20280.48,no_moroso
51,,0,61.7,0,Tecnico,25700.88,moroso
47,10948.34,9,9.9,0,Tecnico,172254.89700093996,no_moroso
69,3238.23,9,,0,Universitario,10569.55,no_moroso
57,4291.33,5,29.9,0,Tecnico,10695.23,no_moroso
56,12546.55,8,6.9,0,Universitario,33477.73,no_moroso
31,,6,26.6,1,Secundaria,19524.95,no_moroso
63,5857.05,9,8.5,1,Tecnico,14278.85,no_moroso
41,8536.2,6,2.9,1,Tecnico,21135.38,no_moroso
43,5962.2,7,9.2,0,Universitario,18602.03,no_moroso
58,,8,41.7,1,Secundaria,31111.47,moroso
33,2942.41,8,32.6,1,Posgrado,8808.46,moroso
65,2734.33,6,,0,Posgrado,8510.74,moroso
63,3808.61,9,16.2,0,Secundaria,10425.53,no_moroso
18,11713.51,4,32.9,0,Universitario,30369.08,moroso
34,2596.51,5,0.5,1,Tecnico,6041.15,no_moroso
53,,8,,0,Posgrado,19154.2,no_moroso
62,13834.58,2,,1,Tecnico,31521.28,moroso
64,9224.88,2,9.2,0,Posgrado,26092.31,no_moroso
25,,0,59.8,0,Universitario,29480.37,moroso
31,5591.2,3,,0,Universitario,15096.82,no_moroso
34,1096.96,3,13.2,1,Secundaria,1552.07,no_moroso
53,5627.19,6,35.0,1,Universitario,13269.91,moroso
42,13591.54,2,4.5,0,Tecnico,34602.97,no_moroso
45,6049.75,5,11.9,0,Universitario,17466.25,no_moroso
66,8172.18,3,3.2,1,Secundaria,19563.16,no_moroso
18,13108.4,7,,0,Universitario,35694.36,no_moroso
43,7616.69,8,10.3,0,Posgrado,23214.04,no_moroso
63,4021.89,6,,1,Tecnico,9300.65,no_moroso
40,8796.8,3,38.7,1,Secundaria,19066.23,moroso
23,6822.56,2,5.5,1,Secundaria,16088.07,no_moroso
36,3364.29,6,2.1,0,Universitario,10306.61,no_moroso
34,,8,20.6,0,Secundaria,13085.22,no_moroso
61,10259.99,1,4.7,0,Universitario,26518.11,no_moroso
38,12177.2,5,21.8,1,Tecnico,28940.63,no_moroso
47,10458.8,4,4.2,1,Tecnico,25883.35,no_moroso
38,1560.38,2,21.9,1,Posgrado,5562.54,no_moroso
36,12914.88,8,6.9,0,Universitario,34493.9,no_moroso
43,13231.7,4,8.0,0,Tecnico,33572.04,no_moroso
41,4515.94,6,18.1,1,Secundaria,10211.58,no_moroso
35,5450.18,8,24.4,1,Universitario,245548.6762298243,no_moroso
51,10878.83,5,13.4,0,Universitario,28757.75,no_moroso
34,10310.75,0,4.3,1,Universitario,26678.95,no_moroso
57,4438.05,4,,0,Universitario,12901.58,no_moroso
27,14508.21,0,16.9,1,Tecnico,34832.3,no_moroso
38,7782.28,5,23.5,0,Secundaria,18736.61,no_moroso
41,8102.82,2,22.7,1,Posgrado,193723.3982155729,no_moroso
62,,7,17.3,1,Tecnico,9100.35,no_moroso
57,6304.35,9,15.9,0,Posgrado,19482.53,no_moroso
25,3388.16,4,44.8,0,Tecnico,7523.32,moroso
62,5495.82,8,11.3,1,Universitario,15804.21,no_moroso
48,8694.72,2,44.2,0,Secundaria,20213.69,moroso
51,7235.25,6,10.4,0,Universitario,20375.83,no_moroso
18,,6,17.4,0,Tecnico,18112.94,no_moroso
24,6014.96,4,32.6,1,Universitario,14464.76,moroso
50,8081.48,2,23.4,0,Tecnico,19263.6,no_moroso
69,9482.45,4,38.8,0,Tecnico,23434.03,moroso
42,4463.4,2,9.9,0,Secundaria,10209.04,no_moroso
52,3568.77,6,13.4,0,Posgrado,12725.29,no_moroso
51,12617.36,9,15.8,0,Tecnico,32698.46,no_moroso
42,5913.87,8,,0,Tecnico,17365.2,no_moroso
61,11741.68,9,3.4,1,Tecnico,29664.74,no_moroso
51,12298.38,9,32.1,0,Universitario,32383.77,moroso
36,10147.28,2,6.5,1,Tecnico,23399.46,no_moroso
51,14415.66,0,0.1,1,Posgrado,37096.02,no_moroso
53,3732.57,7,9.0,1,Tecnico,9507.92,no_moroso
42,11336.29,9,53.8,0,Universitario,28731.24,moroso
63,12987.12,2,10.9,0,Universitario,33435.14,no_moroso
64,5818.62,9,18.4,1,Tecnico,14558.63,no_moroso
45,,4,8.1,0,Universitario,13866.56,no_moroso
37,8241.0,1,11.5,0,Universitario,22397.42,no_moroso
19,7129.37,1,25.0,0,Universitario,18869.3,no_moroso
40,5858.69,3,15.5,0,Universitario,16169.51,no_moroso
51,12751.51,8,10.6,0,UNIVERSITARIO,33495.49,no_moroso
20,5289.76,0,7.6,0,Tecnico,13451.52,no_moroso
51,12045.37,2,4.3,1,Universitario,30317.13,no_moroso
69,,0,,1,Universitario,24712.69,no_moroso
57,8530.52,6,13.0,0,Posgrado,23617.01,no_moroso
62,5087.87,8,2.1,0,Tecnico,15359.06,no_moroso
20,3604.3,5,14.6,1,Secundaria,8422.2,no_moroso
24,7184.19,4,6.4,1,Secundaria,15887.09,no_moroso
64,12831.93,9,17.6,1,Posgrado,35175.86,no_moroso
69,5056.39,3,8.9,1,Universitario,12755.05,no_moroso
24,13570.21,1,,0,Universitario,34435.9,no_moroso
32,4709.27,7,0.1,0,Tecnico,13717.63,no_moroso
23,11432.1,3,64.6,0,Secundaria,25569.64,moroso
40,10333.31,5,6.4,0,Secundaria,26642.71,no_moroso
18,10840.44,6,34.9,0,Universitario,27769.92,moroso
47,10762.17,4,9.5,0,Universitario,29627.55,no_moroso
42,,1,14.1,0,Posgrado,17409.68,no_moroso
26,12328.63,7,14.6,1,Secundaria,30397.63,no_moroso
23,1864.78,1,21.7,0,Tecnico,4897.44,no_moroso
41,6526.71,2,14.9,0,Posgrado,18717.18,no_moroso
52,3753.56,7,6.7,0,Tecnico,11013.39,no_moroso
59,11344.97,6,,0,Universitario,30078.79,no_moroso
42,7744.23,8,36.9,1,Posgrado,20533.24,moroso
19,2600.93,3,66.1,0,Secundaria,4061.72,moroso
33,5404.76,0,36.1,1,Posgrado,12860.3,moroso
39,14625.01,1,13.5,0,Tecnico,36805.42,no_moroso
67,5712.87,4,,1,Universitario,15011.78,no_moroso
69,4168.71,0,5.7,0,Secundaria,9805.68,no_moroso
56,3813.38,2,8.4,1,Tecnico,8284.87,no_moroso
30,8406.45,8,21.1,1,Posgrado,23170.17,no_moroso
67,7434.85,3,,0,Posgrado,18619.06,moroso
44,10831.52,2,17.3,0,TECNICO,26781.08,no_moroso
48,9264.87,2,118.8,0,Universitario,17544.8,moroso
19,927.41,9,8.6,0,Secundaria,2996.83,no_moroso
49,13092.73,9,3.6,0,Tecnico,34650.58,no_moroso
23,2019.35,6,2.3,1,Tecnico,4399.59,no_moroso
45,2466.88,5,12.4,1,Tecnico,5522.87,no_moroso
61,8918.1,7,9.6,0,Posgrado,26518.65,no_moroso
55,3743.1,3,11.2,1,Universitario,9519.99,no_moroso
21,9575.19,2,28.7,0,Posgrado,25691.68,no_moroso
50,5823.73,1,1.7,0,Tecnico,14702.53,no_moroso
25,10085.94,3,9.2,0,Tecnico,25439.65,no_moroso
31,,3,24.4,0,Posgrado,17716.96,no_moroso
32,13579.53,2,8.1,1,Universitario,34162.41,no_moroso
60,8420.87,4,29.3,1,SECUNDARIA,18732.53,no_moroso
54,2847.82,1,13.1,0,Posgrado,9366.39,no_moroso
52,11747.0,9,47.4,0,Tecnico,29844.72,moroso
59,5318.14,2,,0,Universitario,14896.1,no_moroso
21,5544.16,9,1.5,0,Posgrado,18409.58,no_moroso
29,12224.84,6,8.7,0,Posgrado,34632.41,no_moroso
30,11177.06,3,8.2,0,Universitario,29845.17,no_moroso
51,,3,23.4,0,Tecnico,13659.98,no_moroso
35,10482.57,5,11.0,1,Universitario,27422.84,no_moroso
44,12629.93,8,22.1,0,Universitario,33195.05,no_moroso
59,14249.12,4,37.3,0,Universitario,35901.36,moroso
64,8494.33,3,10.2,1,Tecnico,20527.8,no_moroso
52,2903.91,6,47.7,1,UNIVERSITARIO,6435.11,moroso
36,7192.17,4,12.6,0,Universitario,21154.03,no_moroso
24,6280.29,5,15.6,0,Secundaria,15919.9,no_moroso
46,,6,14.9,0,Universitario,32253.66,no_moroso
42,,8,2.3,1,Universitario,31640.69,no_moroso
67,10809.2,2,7.2,0,Universitario,28939.39,no_moroso
44,8965.37,7,0.1,0,Secundaria,24124.31,no_moroso
55,14607.12,6,18.4,0,Universitario,38460.58,no_moroso
19,4181.59,4,18.5,0,TECNICO,10337.89,no_moroso
53,10273.12,1,6.4,0,Secundaria,24958.26,no_moroso
44,11361.31,3,2.7,0,Tecnico,29045.86,no_moroso
35,1989.1,3,14.9,1,SECUNDARIA,3445.24,no_moroso
69,9080.1,4,,1,Secundaria,22260.62,no_moroso
64,2175.97,1,4.4,1,Tecnico,5006.14,no_moroso
20,2894.49,5,11.2,1,Tecnico,7824.55,no_moroso
40,7142.17,3,,0,Tecnico,16741.81,no_moroso
54,10112.94,7,19.3,0,Tecnico,26359.27,no_moroso
20,13860.26,6,0.5,1,Universitario,35378.05,no_moroso
60,5356.65,9,67.8,0,Universitario,192817.25740912813,moroso
45,6779.6,8,2.2,1,Secundaria,17310.87,no_moroso
68,2714.79,6,55.3,0,Universitario,6664.62,moroso
32,13876.37,9,0.4,0,Posgrado,38859.88,no_moroso
48,4075.76,6,7.5,1,Tecnico,10350.1,no_moroso
44,10476.43,1,11.8,1,Secundaria,24839.84,no_moroso
45,4721.87,0,,0,Universitario,12971.44,no_moroso
41,12879.26,4,7.0,0,Posgrado,36443.73,no_moroso
52,,4,5.9,0,Tecnico,12178.88,no_moroso
58,1484.57,7,4.1,1,Secundaria,3881.11,no_moroso
58,2570.1,3,16.4,0,Universitario,7175.28,no_moroso
52,7445.61,2,6.6,0,Tecnico,18890.98,no_moroso
44,12049.17,8,10.1,0,Universitario,33407.16,no_moroso
48,13840.37,8,24.4,1,Secundaria,33226.2,no_moroso
42,6776.79,0,7.3,0,Universitario,17555.85,no_moroso
23,4292.52,6,6.2,1,Universitario,10668.46,no_moroso
68,2894.05,7,8.0,0,Secundaria,8277.1,no_moroso
42,9419.56,2,40.7,0,Universitario,23173.24,moroso
32,5562.41,7,36.2,1,Secundaria,11429.12,moroso
66,4845.12,3,0.1,0,Universitario,14135.71,no_moroso
61,9286.13,5,10.0,0,Universitario,24545.35,no_moroso
40,1279.88,8,10.9,0,Secundaria,4161.55,no_moroso
46,10941.44,7,,0,Posgrado,31339.97,no_moroso
66,10112.63,0,,0,Secundaria,25123.29,no_moroso
64,13809.87,4,15.0,1,Universitario,33672.56,no_moroso
31,14361.3,7,,0,Secundaria,34643.97,moroso
54,11199.29,2,6.9,0,Secundaria,28225.05,no_moroso
55,8125.12,9,10.8,0,Universitario,22900.56,no_moroso
56,11352.67,8,25.1,0,Universitario,29382.55,no_moroso
21,13507.52,2,37.1,1,Secundaria,29743.15,moroso
45,7552.42,1,,0,Tecnico,19079.49,no_moroso
21,5654.09,1,10.7,1,Universitario,13873.85,no_moroso
36,,7,16.1,0,Tecnico,4064.47,no_moroso
69,10684.83,0,3.5,1,Posgrado,28382.73,no_moroso
31,6318.11,8,17.1,1,Universitario,16594.12,no_moroso
30,1179.09,6,41.2,1,Secundaria,1623.08,moroso
40,8672.46,3,38.1,0,Tecnico,20926.28,moroso
60,8490.81,1,15.5,0,Secundaria,20772.62,no_moroso
19,2914.52,8,9.6,1,Posgrado,9776.17,no_moroso
21,12799.33,0,,0,Posgrado,34360.4,no_moroso
53,14741.35,5,10.3,1,Tecnico,36876.87,no_moroso
18,7974.08,2,16.2,0,Posgrado,23304.77,no_moroso
43,4885.57,6,3.3,1,Universitario,12296.33,no_moroso
49,13317.12,2,37.1,0,Tecnico,32462.66,moroso
49,,5,52.0,0,Secundaria,25472.15,moroso
25,1177.05,7,14.0,1,Universitario,3889.24,no_moroso
32,,6,5.6,0,Posgrado,12612.08,no_moroso
66,6618.52,8,6.2,0,Secundaria,18640.78,no_moroso
62,7103.22,0,30.3,0,Tecnico,16117.21,moroso
44,3392.52,7,26.6,1,Tecnico,7430.73,no_moroso
40,5664.97,9,14.1,1,Posgrado,16502.34,no_moroso
26,1816.76,0,8.5,0,Tecnico,4112.34,no_moroso
50,10160.21,9,16.7,0,Secundaria,25914.89,no_moroso
66,9524.95,8,19.1,0,SECUNDARIA,24540.5,no_moroso
31,2929.49,6,14.1,1,Universitario,8133.04,no_moroso
37,12790.86,3,8.6,1,Tecnico,31165.41,no_moroso
44,3052.01,4,12.5,0,Posgrado,10360.92,no_moroso
28,11189.9,2,5.8,1,universitario,29291.68,no_moroso
25,818.41,3,29.5,0,Tecnico,1813.68,no_moroso
65,,6,6.2,0,Posgrado,12366.3,no_moroso
50,11564.36,5,0.0,1,Tecnico,28311.45,no_moroso
61,6882.93,0,1.4,0,Posgrado,19685.32,no_moroso
60,7674.82,4,15.1,0,Tecnico,19908.74,no_moroso
20,8244.31,7,27.3,0,posgrado,24352.92,no_moroso
55,2889.94,6,10.9,1,Universitario,8403.94,no_moroso
25,7511.18,1,0.5,0,Universitario,20536.05,no_moroso
31,11198.4,3,,1,Posgrado,28906.99,no_moroso
38,4682.06,3,21.6,0,Tecnico,11137.65,no_moroso
55,4170.21,1,15.4,0,Universitario,11267.56,no_moroso
44,,7,7.4,1,Tecnico,34983.86,no_moroso
40,8484.77,9,9.6,0,Universitario,24032.42,no_moroso
42,8945.78,9,5.2,1,Secundaria,21420.08,no_moroso
59,11472.96,5,18.3,1,Tecnico,27940.22,no_moroso
26,,1,1.7,0,Universitario,25255.15,no_moroso
54,10437.02,9,,0,Secundaria,25935.82,no_moroso
28,,3,6.1,1,Universitario,6695.55,no_moroso
26,13248.78,3,59.6,1,Tecnico,184222.30040184964,moroso
61,10717.24,2,17.8,1,Universitario,26957.06,no_moroso
60,2074.23,0,16.0,0,Secundaria,5053.47,no_moroso
52,6831.66,0,2.6,1,Posgrado,18265.61,no_moroso
24,12264.59,1,,0,Tecnico,30055.79,no_moroso
62,11693.81,6,27.4,0,Universitario,30468.18,no_moroso
48,12121.51,7,10.3,0,Secundaria,30943.06,no_moroso
26,14281.82,6,6.0,0,Tecnico,36957.62,no_moroso
30,5183.19,7,1.1,0,UNIVERSITARIO,15989.97,no_moroso
18,7994.91,6,2.9,1,Tecnico,19578.03,no_moroso
56,,5,18.0,0,Tecnico,25498.54,no_moroso
28,4595.95,0,20.6,1,Tecnico,9693.22,no_moroso
28,13517.76,9,,0,Tecnico,36200.52,no_moroso
39,8297.38,8,,0,Tecnico,21000.12,moroso
23,4519.34,2,12.9,1,Secundaria,10219.07,no_moroso
20,3232.9,8,,0,Tecnico,10599.63,no_moroso
40,12427.74,3,30.8,0,Posgrado,32762.78,moroso
37,7449.87,8,52.3,0,Posgrado,20186.57,moroso
36,7391.57,5,6.8,0,Tecnico,20168.5,no_moroso
45,4959.91,6,12.5,0,tecnico,13783.98,no_moroso
65,13204.43,3,23.9,0,Universitario,34193.06,no_moroso
24,2502.22,4,20.0,0,Universitario,7536.12,no_moroso
23,4165.52,4,6.4,0,Universitario,11328.43,no_moroso
29,1006.09,5,4.0,0,Universitario,4507.22,no_moroso
27,7329.54,8,0.1,1,Universitario,19812.94,no_moroso
62,5147.95,6,7.2,1,Universitario,12904.61,no_moroso
63,,2,,0,Universitario,27732.33,no_moroso
34,,9,50.0,0,POSGRADO,10554.33,moroso
35,5428.6,0,5.9,1,Tecnico,12630.19,no_moroso
28,12810.2,5,10.5,1,Universitario,31297.91,no_moroso
50,,3,5.3,1,Secundaria,4939.42,no_moroso
63,4584.49,1,15.8,0,Posgrado,13459.77,no_moroso
52,1300.85,5,22.5,1,Tecnico,2062.25,no_moroso
40,2762.73,3,3.0,1,Universitario,7044.63,no_moroso
61,1939.78,0,3.3,1,Posgrado,7179.79,no_moroso
58,,7,7.9,0,Secundaria,20427.57,no_moroso
48,7422.95,7,13.8,1,Universitario,19572.19,no_moroso
63,7820.67,0,34.3,0,Universitario,19945.76,moroso
27,6110.28,5,5.5,1,Tecnico,14469.14,no_moroso
19,6089.58,0,0.6,0,Tecnico,15104.39,no_moroso
62,4646.0,7,1.9,1,Posgrado,14611.65,no_moroso
66,,4,33.0,0,Tecnico,15771.15,moroso
34,6221.35,9,37.0,0,Universitario,16557.55,moroso
30,9057.21,4,27.8,0,Secundaria,21824.16,no_moroso
60,12271.37,4,2.0,0,Posgrado,34215.37,no_moroso
67,7473.68,3,1.7,0,Universitario,20647.13,no_moroso
68,1545.02,3,,1,Posgrado,6265.64,no_moroso
45,7252.34,4,2.2,1,Universitario,17977.58,no_moroso
46,12227.06,8,,0,Universitario,33641.39,no_moroso
24,10865.46,6,2.6,1,Tecnico,26527.84,no_moroso
68,6930.38,3,1.8,0,Tecnico,17891.25,no_moroso
36,14749.59,2,,1,Secundaria,34712.43,no_moroso
20,5653.59,7,4.2,1,Secundaria,13741.2,no_moroso
19,1111.41,5,96.4,1,Tecnico,200.0,moroso
23,2920.79,0,34.6,0,Tecnico,6083.98,moroso
20,,6,32.6,0,Universitario,32416.64,moroso
31,4207.22,7,3.8,0,Tecnico,11576.43,no_moroso
59,11991.07,6,21.6,0,Secundaria,30220.66,no_moroso
38,13038.25,6,,0,Tecnico,32614.21,no_moroso
34,4146.67,4,19.0,1,Tecnico,9639.05,no_moroso
62,9960.17,8,15.6,1,Posgrado,26217.15,no_moroso
18,2202.88,8,0.5,0,Posgrado,10555.5,no_moroso
66,10285.18,1,6.7,1,Tecnico,23799.59,no_moroso
55,12232.98,7,27.0,0,Universitario,31364.45,no_moroso
63,9422.37,9,7.0,0,Universitario,26853.55,no_moroso
38,,7,1.0,0,Universitario,15632.1,no_moroso
38,1615.99,2,16.4,0,Tecnico,3911.57,no_moroso
58,11123.33,9,3.3,0,Secundaria,29784.63,no_moroso
66,13805.93,0,5.7,0,Posgrado,38053.8,no_moroso
49,,9,29.6,0,Secundaria,11957.45,no_moroso
34,3300.76,2,14.0,0,Secundaria,8299.07,no_moroso
27,5052.39,5,24.0,0,Universitario,13753.27,no_moroso
68,8621.44,6,2.2,0,Universitario,25278.94,no_moroso
48,12881.79,4,,0,Universitario,32487.31,no_moroso
34,7565.46,6,,0,Universitario,21302.49,no_moroso
50,11309.45,3,8.8,1,Tecnico,27715.47,no_moroso
19,885.39,7,13.0,0,Tecnico,3636.21,no_moroso
27,5114.76,2,,1,Tecnico,11192.87,no_moroso
62,11928.58,3,14.5,0,Universitario,31815.9,no_moroso
53,7414.77,0,9.3,0,Universitario,20568.13,no_moroso
48,2926.63,6,3.1,1,Posgrado,9396.93,no_moroso
43,,3,4.6,0,Posgrado,37890.37,no_moroso
54,13529.94,8,1.3,0,Universitario,36553.15,no_moroso
29,4742.97,5,2.1,1,Tecnico,11558.43,no_moroso
54,11470.74,9,6.1,0,Tecnico,31017.97,no_moroso
38,12385.28,0,7.4,0,Universitario,30395.22,no_moroso
30,830.15,3,9.4,0,Universitario,4181.95,no_moroso
42,,2,15.4,1,UNIVERSITARIO,8646.4,no_moroso
64,11662.05,0,5.9,1,Secundaria,27525.16,no_moroso
38,10263.07,4,11.3,1,Universitario,25898.3,no_moroso
50,12728.1,7,5.5,0,Secundaria,32897.86,no_moroso
58,11364.06,3,,1,Posgrado,30206.83,no_moroso
42,11440.66,3,6.4,1,Tecnico,28235.48,no_moroso
56,,0,1.4,0,Tecnico,13367.85,no_moroso
45,8825.37,4,18.7,1,POSGRADO,22919.8,no_moroso
59,13384.85,9,8.8,0,Tecnico,34756.16,no_moroso
55,12075.17,1,36.2,0,Universitario,29483.52,moroso
18,,7,3.4,1,Tecnico,14987.99,no_moroso
57,6359.05,2,7.2,0,Universitario,18044.59,no_moroso
21,14947.63,1,13.7,0,Tecnico,38615.83,no_moroso
49,13580.94,7,9.2,0,Tecnico,34441.78,no_moroso
56,6446.14,2,3.6,0,Secundaria,16311.07,no_moroso
20,2628.06,7,5.5,0,Tecnico,8146.5,no_moroso
40,2103.61,6,,0,Universitario,7236.85,no_moroso
28,1420.07,7,6.8,0,Universitario,6293.25,no_moroso
53,874.33,3,,0,Universitario,1262.11,moroso
30,13060.71,6,26.9,0,Universitario,34058.18,no_moroso
65,14149.37,3,18.0,0,Universitario,36569.9,no_moroso
30,1131.49,8,,0,Universitario,3243.25,moroso
24,3132.38,0,4.4,0,Secundaria,8384.38,no_moroso
36,10095.47,0,1.3,1,Tecnico,23486.82,no_moroso
36,12552.5,7,6.8,0,Posgrado,34580.69,no_moroso
27,8773.83,9,21.0,0,Secundaria,22791.45,no_moroso
69,3512.62,3,3.3,1,Universitario,8429.75,no_moroso
56,9202.77,2,9.4,0,Posgrado,26045.51,no_moroso
26,10270.33,0,1.8,0,Secundaria,25810.13,no_moroso
26,11978.42,0,0.9,0,universitario,31856.62,no_moroso
53,13684.47,8,16.6,0,Tecnico,35344.48,no_moroso
53,5393.68,5,6.3,0,Universitario,15225.67,no_moroso
49,13113.42,7,22.8,1,Universitario,33364.24,no_moroso
55,13975.67,8,26.7,1,Posgrado,35881.61,no_moroso
32,5395.28,2,10.9,0,Universitario,15162.69,no_moroso
48,1704.77,7,,0,Tecnico,5438.85,no_moroso
20,3723.18,6,49.5,1,Universitario,8587.29,moroso
34,13432.89,4,3.6,1,TECNICO,33134.6,no_moroso
24,5351.19,3,3.9,0,Universitario,14686.34,no_moroso
63,14869.1,1,16.9,0,Tecnico,37104.31,no_moroso
31,1281.38,7,9.1,0,Posgrado,232691.67550023188,no_moroso
60,12714.97,1,0.9,0,Posgrado,34538.22,no_moroso
62,5288.05,5,11.4,0,Secundaria,14109.57,no_moroso
67,5786.15,7,8.4,0,Secundaria,15090.29,no_moroso
39,9920.69,5,3.2,1,Universitario,25499.07,no_moroso
27,7063.39,4,3.9,0,UNIVERSITARIO,20389.33,no_moroso
58,13964.75,8,33.2,0,Universitario,36171.24,moroso
28,,4,,1,Tecnico,22060.78,no_moroso
67,2567.18,5,30.2,0,Tecnico,5908.92,moroso
48,8405.18,5,19.6,0,Tecnico,21271.03,no_moroso
55,4763.45,2,27.7,0,Secundaria,11577.91,no_moroso
36,14537.56,2,5.7,0,Universitario,38179.07,no_moroso
34,11591.47,7,19.4,0,Tecnico,29845.61,no_moroso
48,5398.76,4,49.0,1,TECNICO,10983.13,moroso
58,12170.24,4,,1,Posgrado,31183.21,moroso
68,6657.31,9,26.1,1,Universitario,17832.38,no_moroso
60,7754.42,3,,0,Universitario,21495.22,no_moroso
27,4341.48,7,36.6,1,Posgrado,11873.45,moroso
50,3724.32,0,11.2,0,Universitario,10023.66,no_moroso
36,7825.89,8,1.5,0,Universitario,22382.13,no_moroso
32,1751.27,1,23.6,1,Tecnico,3311.67,no_moroso
41,12910.36,0,7.9,1,Universitario,31948.88,no_moroso
28,1401.77,3,14.5,0,Posgrado,6157.79,no_moroso
24,6179.11,3,0.5,0,Secundaria,15065.38,no_moroso
44,13590.34,6,20.0,1,Tecnico,33742.33,no_moroso
35,13745.08,3,13.1,1,Tecnico,33845.76,no_moroso
53,4518.45,8,,0,Universitario,14782.13,no_moroso
23,9833.42,5,11.3,1,Universitario,290219.2130143869,no_moroso
21,12832.48,9,23.9,1,Universitario,32303.53,no_moroso
64,12838.51,5,6.3,1,Tecnico,30835.84,no_moroso
46,14952.28,0,14.1,0,Posgrado,39632.14,no_moroso
62,12965.68,6,1.8,1,Tecnico,32041.63,no_moroso
48,8774.6,3,1.0,1,Universitario,22380.58,no_moroso
47,5187.24,3,6.1,1,Tecnico,12878.66,no_moroso
52,1543.02,3,17.4,1,Posgrado,5605.51,no_moroso
55,,6,1.9,0,Universitario,15546.32,no_moroso
33,7532.29,0,2.8,0,Posgrado,21401.36,no_moroso
58,952.77,9,0.3,0,Tecnico,4824.8,no_moroso
28,2741.52,2,7.1,1,Universitario,6235.94,no_moroso
67,10635.53,8,13.0,0,Universitario,29310.95,no_moroso
30,4028.08,8,0.7,1,Secundaria,9798.27,no_moroso
33,10406.12,8,7.3,1,Tecnico,26477.3,no_moroso
69,11526.7,6,,1,Universitario,29366.59,no_moroso
42,12291.28,2,0.5,0,Tecnico,31912.01,no_moroso
69,12505.42,4,13.2,0,Secundaria,31200.92,no_moroso
30,4378.67,1,8.3,0,Posgrado,14614.88,no_moroso
31,5336.8,1,22.0,0,Tecnico,13525.24,no_moroso
25,8474.43,8,0.9,1,Tecnico,21292.8,no_moroso
33,12407.18,9,13.6,0,Universitario,33144.29,no_moroso
60,12234.8,1,6.9,1,Universitario,29811.37,no_moroso
23,7040.31,1,6.4,0,Tecnico,18510.95,no_moroso
60,4941.7,6,56.4,0,Tecnico,11845.4,moroso
60,7388.14,0,21.2,1,Secundaria,15126.53,no_moroso
66,7604.48,2,33.3,0,secundaria,17013.88,moroso
44,10739.29,9,10.4,0,Posgrado,31234.35,no_moroso
35,4873.99,4,20.2,1,Tecnico,11785.03,no_moroso
20,9348.29,9,0.2,0,Posgrado,28634.78,no_moroso
38,8869.55,6,15.0,0,Tecnico,22848.7,no_moroso
33,7823.37,1,11.8,1,Tecnico,18409.43,no_moroso
59,4572.06,9,8.7,0,Tecnico,12377.4,no_moroso
44,8694.94,4,27.3,1,Universitario,21408.88,no_moroso
44,11450.85,1,41.9,1,Secundaria,24377.63,moroso
46,5263.12,6,1.4,0,Tecnico,15526.0,no_moroso
58,4607.87,6,3.6,1,UNIVERSITARIO,11240.65,no_moroso
30,8680.62,4,,1,Secundaria,237959.8002611753,no_moroso
25,6570.24,5,2.4,0,Universitario,18204.25,no_moroso
36,12825.72,3,15.4,0,TECNICO,32117.22,no_moroso
43,11876.92,5,14.7,0,Tecnico,30019.97,no_moroso
20,872.69,7,3.9,1,Tecnico,2471.47,no_moroso
47,9978.87,0,6.1,1,Universitario,25860.26,no_moroso
64,11302.37,9,3.0,1,Secundaria,28415.11,no_moroso
19,3953.94,5,15.4,0,Tecnico,11372.22,no_moroso
32,9019.03,3,0.9,1,Universitario,23458.28,no_moroso
65,1383.25,1,21.4,1,Posgrado,3981.99,no_moroso
50,3724.32,0,11.2,0,Universitario,10023.66,no_moroso
22,8855.17,1,16.7,1,Secundaria,20099.37,no_moroso
23,9797.42,9,3.0,0,Posgrado,28408.98,no_moroso
20,,6,32.0,0,Tecnico,36478.65,moroso
69,7294.38,2,0.9,0,Universitario,20361.6,no_moroso
53,13564.16,9,34.2,0,Tecnico,35000.71,moroso
59,14837.35,1,10.6,1,Posgrado,38089.54,no_moroso
32,1237.72,6,14.0,0,Universitario,4952.62,no_moroso
58,13186.49,6,4.1,1,Universitario,33940.77,no_moroso
38,3750.2,6,,1,Tecnico,8947.14,no_moroso
55,4616.39,0,4.2,0,Tecnico,11435.01,no_moroso
28,14250.7,8,1.6,0,Posgrado,39844.1,no_moroso
33,820.18,0,38.2,0,Universitario,1515.2,moroso
49,10913.65,0,0.9,0,Posgrado,30389.13,no_moroso
37,1546.51,4,19.4,0,Secundaria,3139.37,no_moroso
18,6169.6,2,28.3,1,Tecnico,13783.46,no_moroso
39,,6,8.6,0,Tecnico,14489.61,no_moroso
45,995.93,3,1.1,0,Tecnico,2882.77,no_moroso
65,9031.07,4,6.1,0,Tecnico,23874.16,no_moroso
59,875.1,2,11.7,0,Tecnico,2448.55,no_moroso
35,3941.78,6,25.6,1,Tecnico,8539.19,no_moroso
49,9411.81,6,3.7,1,Tecnico,23768.21,no_moroso
58,1780.45,7,3.7,1,Secundaria,4830.72,no_moroso
18,8273.15,9,5.1,0,Secundaria,21727.82,no_moroso
31,4175.31,7,6.3,1,Secundaria,9691.18,no_moroso
51,6786.81,2,1.4,1,Universitario,17606.22,no_moroso
58,2939.21,9,56.1,1,Secundaria,4628.37,moroso
60,8593.58,0,7.7,1,Universitario,20727.0,no_moroso
56,9538.67,4,31.4,0,Universitario,24691.93,moroso
49,12136.27,6,1.2,0,Tecnico,31111.34,no_moroso
68,10985.84,1,9.8,0,Tecnico,27854.31,no_moroso
36,3816.15,5,9.8,0,Tecnico,10893.92,no_moroso
46,3159.5,9,16.8,0,Universitario,10563.48,no_moroso
45,1958.4,1,19.3,0,Universitario,5873.47,no_moroso
42,10691.42,7,2.9,0,Tecnico,28484.04,no_moroso
44,13018.19,6,26.1,0,Tecnico,32203.76,no_moroso
67,11204.55,3,9.9,0,Secundaria,28360.94,no_moroso
61,3742.69,4,8.8,0,Universitario,10842.75,no_moroso
57,8609.18,0,0.9,0,UNIVERSITARIO,22920.22,no_moroso
43,12200.23,0,6.8,0,TECNICO,30559.92,no_moroso
41,10725.44,0,20.8,0,Tecnico,26031.94,no_moroso
41,8948.77,8,3.1,1,Tecnico,21802.61,no_moroso
28,12256.14,0,2.7,0,Secundaria,30404.81,no_moroso
53,5117.91,5,17.3,1,Universitario,14044.66,no_moroso
41,8605.49,7,1.6,0,Universitario,23279.57,no_moroso
32,,5,23.3,1,Secundaria,5588.38,no_moroso
57,,1,6.0,0,Secundaria,24416.89,no_moroso
60,1291.13,1,31.0,0,Universitario,3720.42,moroso
25,5941.32,6,8.2,0,Universitario,17202.96,no_moroso
66,4367.48,7,9.0,1,Secundaria,10273.83,no_moroso
51,8400.17,3,21.4,1,Universitario,20834.98,no_moroso
50,873.95,6,20.2,0,Posgrado,4949.98,no_moroso
25,5630.43,8,16.2,0,Posgrado,19043.59,no_moroso
22,10718.27,7,15.0,1,Tecnico,26208.16,no_moroso
40,975.29,3,19.5,1,Tecnico,1128.59,no_moroso
64,4829.02,4,2.6,1,Universitario,13147.06,no_moroso
46,1501.57,7,20.1,1,Tecnico,3602.93,no_moroso
50,13153.47,3,10.3,1,SECUNDARIA,30454.18,no_moroso
53,14088.77,1,25.7,0,Universitario,36164.8,no_moroso
45,9752.08,5,2.0,0,Tecnico,26070.87,no_moroso
25,1141.0,1,20.4,0,Tecnico,2269.0,no_moroso
53,14047.55,8,8.9,0,Universitario,38095.28,no_moroso
68,13000.26,1,0.2,0,Universitario,33624.97,no_moroso
43,2674.43,3,45.7,1,Posgrado,6755.7,moroso
61,3144.91,9,12.5,0,Universitario,10772.61,no_moroso
66,5328.82,2,17.1,1,Tecnico,11754.51,no_moroso
32,13957.92,3,12.8,0,Universitario,36439.99,no_moroso
19,10297.92,3,20.2,0,Secundaria,25484.38,no_moroso
51,1931.94,1,6.7,0,Secundaria,4725.97,no_moroso
43,13409.99,8,1.3,0,Posgrado,37962.96,no_moroso
69,6431.55,1,9.8,1,Tecnico,15259.01,no_moroso
41,7681.55,9,13.3,0,Posgrado,23960.43,no_moroso
56,,0,17.4,0,Secundaria,18400.44,no_moroso
66,13748.04,7,12.9,0,Tecnico,36648.93,no_moroso
62,,8,17.9,0,Universitario,35139.85,no_moroso
23,14847.93,4,7.7,0,Universitario,38686.46,no_moroso
25,1775.45,5,29.9,1,Posgrado,5919.75,no_moroso
42,5457.72,3,1.0,1,Secundaria,12778.8,no_moroso
23,14452.02,9,5.8,1,Tecnico,36136.41,no_moroso
31,10260.91,9,16.7,1,Tecnico,26029.35,no_moroso
46,6174.67,0,2.3,0,Tecnico,16224.41,no_moroso
41,10776.57,3,0.7,0,Tecnico,28579.35,no_moroso
51,13225.57,2,1.6,0,Universitario,34616.53,no_moroso
25,2992.49,9,2.9,1,Secundaria,7953.99,no_moroso
25,12843.2,2,6.8,0,Universitario,33379.24,no_moroso
25,13216.95,6,29.2,0,Posgrado,35331.09,no_moroso
52,,1,16.9,1,Universitario,35979.34,no_moroso
39,7122.74,6,,0,Posgrado,20978.84,no_moroso
45,6933.23,0,4.0,0,Posgrado,20959.31,no_moroso
42,14502.33,7,12.1,0,Universitario,39175.37,no_moroso
56,12886.75,1,3.0,1,Tecnico,30443.83,no_moroso
37,,6,34.8,1,Universitario,27096.57,moroso
24,10839.76,8,11.1,0,Tecnico,29313.44,no_moroso
60,13938.04,6,6.6,0,Secundaria,35365.23,no_moroso
50,,3,5.3,1,SECUNDARIA,4939.42,no_moroso
68,3775.16,5,2.9,0,Tecnico,10846.67,no_moroso
44,12470.99,5,15.5,0,Posgrado,33694.54,no_moroso
21,2484.0,8,11.0,0,SECUNDARIA,6682.0,no_moroso
44,6396.68,8,14.6,0,Universitario,17777.7,no_moroso
43,,0,20.8,1,Tecnico,8140.71,no_moroso
45,11834.94,6,1.4,0,Posgrado,33358.43,no_moroso
51,9337.78,8,13.0,0,Posgrado,27446.96,no_moroso
19,,7,47.9,1,Tecnico,24244.33,moroso
63,3825.31,3,14.7,0,Posgrado,13095.35,no_moroso
31,6790.4,3,,0,Tecnico,17811.5,no_moroso
55,9882.93,4,0.1,0,Universitario,27059.22,no_moroso
23,11072.56,2,0.3,0,Posgrado,30564.87,no_moroso
38,7958.53,5,,1,POSGRADO,22233.42,no_moroso
60,2943.97,4,1.8,0,Universitario,9243.13,no_moroso
60,10469.98,4,6.1,0,Tecnico,27377.62,no_moroso
56,1073.86,7,,0,Tecnico,3954.05,no_moroso
49,8351.1,7,2.7,1,Universitario,21466.97,no_moroso
33,,1,7.3,0,Universitario,25193.54,no_moroso
29,10214.85,3,18.6,1,Secundaria,23742.6,no_moroso
31,7541.22,3,1.8,0,Universitario,20714.21,no_moroso
38,11706.09,0,,0,Universitario,28892.39,no_moroso
61,5360.77,0,6.2,1,Posgrado,15528.31,no_moroso
27,2909.14,7,22.0,1,Tecnico,6624.94,no_moroso
49,7101.19,4,3.8,0,Posgrado,20274.57,no_moroso
52,5297.25,6,47.4,1,Secundaria,10907.05,moroso
65,9096.95,8,11.7,0,Universitario,24472.34,no_moroso
50,10189.58,4,16.2,0,Universitario,27523.28,no_moroso
50,12508.02,8,8.6,0,Tecnico,33144.09,no_moroso
47,,0,1.6,1,Tecnico,27484.76,no_moroso
65,12902.39,5,1.0,0,Posgrado,36614.38,no_moroso
69,3566.96,3,4.2,1,Secundaria,7093.08,no_moroso
20,4722.04,7,56.9,1,Universitario,10206.1,moroso
23,1643.85,3,32.6,0,Universitario,3923.87,moroso
32,4550.57,5,19.8,0,Universitario,13470.41,no_moroso
66,3641.3,3,16.8,0,Secundaria,9849.32,no_moroso
45,5652.47,8,10.1,1,Tecnico,14671.91,no_moroso
47,,4,2.3,0,Secundaria,29032.56,no_moroso
27,,7,5.1,1,Tecnico,26707.63,no_moroso
25,10979.63,2,24.6,0,Secundaria,27267.7,no_moroso
31,7594.57,3,2.6,0,Tecnico,20320.81,no_moroso
30,13943.58,4,0.1,0,Posgrado,39212.38,no_moroso
47,5944.06,3,2.6,0,Tecnico,15315.13,no_moroso
39,12203.85,5,0.8,1,Posgrado,33908.63,no_moroso
47,6969.17,4,2.6,1,Posgrado,18904.55,no_moroso
45,,9,3.0,1,Secundaria,4629.55,no_moroso
39,10216.78,9,2.4,0,Secundaria,27182.42,no_moroso
26,13779.54,5,16.6,0,Secundaria,34586.42,no_moroso
65,5395.36,8,16.4,1,Universitario,15139.25,no_moroso
39,3571.58,8,2.2,1,Secundaria,8373.17,no_moroso
59,2727.16,5,24.1,1,Posgrado,8351.82,no_moroso
57,6559.41,5,3.0,1,Tecnico,15869.26,no_moroso
57,9796.73,2,5.1,0,Tecnico,24855.06,no_moroso
58,8862.27,1,11.5,1,POSGRADO,22879.07,no_moroso
36,4054.75,2,10.9,0,Secundaria,8942.23,no_moroso
34,9793.26,2,1.7,0,Universitario,26576.93,no_moroso
66,5814.98,2,14.4,1,Universitario,14442.43,no_moroso
69,7984.24,6,1.2,1,Tecnico,20651.49,no_moroso
18,14584.12,1,11.9,0,Universitario,37407.32,no_moroso
27,2980.69,5,33.4,1,Posgrado,7935.99,moroso
33,6737.58,8,8.5,0,Universitario,18492.88,no_moroso
63,3473.97,1,,1,Tecnico,7828.73,no_moroso
30,5311.13,2,8.8,0,Universitario,14799.82,no_moroso
61,2482.7,8,0.7,1,Tecnico,6778.44,no_moroso
37,,7,16.4,0,Universitario,8700.06,no_moroso
23,9421.79,6,71.6,0,Universitario,23483.92,moroso
30,3713.51,0,9.6,1,Secundaria,8271.08,no_moroso
49,14830.41,0,14.5,0,Secundaria,36416.31,no_moroso
49,10695.81,1,2.8,0,Posgrado,29909.45,no_moroso
52,2025.1,8,13.7,0,Secundaria,6195.26,no_moroso
23,11543.05,3,2.7,1,Tecnico,27664.04,no_moroso
48,2140.28,2,3.7,0,Universitario,6580.52,no_moroso
20,4765.65,6,36.4,1,Posgrado,13481.05,moroso
34,14158.01,2,23.4,0,Secundaria,34872.93,no_moroso
25,3258.07,7,1.6,0,Tecnico,10308.94,no_moroso
53,12849.07,2,1.0,1,Secundaria,31284.25,no_moroso
67,6490.86,3,15.8,0,Posgrado,18994.05,no_moroso
64,11247.78,2,4.6,0,Secundaria,28361.7,no_moroso
22,7435.21,9,1.8,0,Tecnico,20767.73,no_moroso
52,5935.12,9,3.9,1,Universitario,15928.82,no_moroso
25,5779.58,2,10.7,1,Tecnico,12951.56,no_moroso
48,5975.07,0,5.5,1,Universitario,14776.28,no_moroso
53,4126.07,0,3.1,0,Tecnico,10989.11,no_moroso
31,8609.91,4,16.3,1,Tecnico,20347.87,no_moroso
36,1499.11,3,35.2,1,Universitario,2258.05,moroso
26,3460.42,4,51.0,0,Universitario,8242.54,moroso
23,7568.58,7,1.0,0,Posgrado,23718.6,no_moroso
63,2662.0,3,,1,Posgrado,8269.22,no_moroso
34,5016.88,3,10.4,0,Tecnico,13256.38,no_moroso
23,1672.15,6,26.1,0,Secundaria,3284.49,no_moroso
54,,6,28.6,1,Universitario,4428.88,no_moroso
39,4613.59,4,8.4,0,Universitario,13499.68,no_moroso
59,6550.58,1,9.7,0,Posgrado,19290.52,no_moroso
46,9090.6,9,5.6,0,Posgrado,26383.39,no_moroso
47,10182.74,5,7.8,0,Secundaria,26255.96,no_moroso
63,13145.23,1,0.9,0,Secundaria,33406.8,no_moroso
37,3439.57,0,52.8,0,Universitario,7358.48,moroso
59,7845.13,4,1.1,0,Posgrado,23021.51,no_moroso
36,1862.77,2,22.1,0,Posgrado,6261.86,no_moroso
46,4959.68,8,51.9,1,Secundaria,9869.05,moroso
24,2430.54,8,13.5,0,TECNICO,7716.97,no_moroso
37,12600.53,3,1.3,1,Tecnico,31628.58,no_moroso
55,12411.12,0,14.3,1,Tecnico,28827.75,no_moroso
63,4172.76,6,18.8,0,Posgrado,13758.94,no_moroso
59,951.1,5,16.6,0,Posgrado,5743.15,no_moroso
53,2562.12,1,24.3,1,Universitario,4925.56,no_moroso
31,10811.5,2,12.0,1,Secundaria,25668.89,no_moroso
59,13051.03,3,10.5,0,Universitario,33311.42,no_moroso
61,2530.38,3,21.3,0,Tecnico,5635.29,no_moroso
20,3035.04,6,16.1,0,Posgrado,10390.97,no_moroso
18,6738.21,1,9.9,0,Universitario,17598.41,no_moroso
61,3473.81,7,66.3,1,Tecnico,5596.33,moroso
21,3731.65,5,,0,Posgrado,13233.01,no_moroso
62,11921.23,4,1.4,1,Secundaria,29193.77,no_moroso
58,,5,8.3,0,Posgrado,36675.72,no_moroso
52,9768.27,5,1.2,0,Universitario,27538.61,no_moroso
28,10966.49,5,6.6,0,Secundaria,28896.27,no_moroso
40,6425.77,9,35.1,0,Universitario,17293.03,moroso
41,3190.61,5,34.5,0,Secundaria,7023.48,moroso
63,3990.51,1,13.6,1,Posgrado,10742.57,no_moroso
57,3107.84,3,38.2,1,universitario,6464.93,moroso
61,,7,,1,Posgrado,21912.56,no_moroso
54,9476.9,7,16.4,1,Tecnico,23468.86,no_moroso
52,7895.97,2,15.1,0,Posgrado,22905.08,no_moroso
32,9002.66,1,10.2,1,Secundaria,20746.87,no_moroso
36,6782.79,0,10.2,1,Universitario,15344.49,no_moroso
66,4827.57,1,20.4,1,Secundaria,9641.36,no_moroso
20,11044.06,9,,0,Tecnico,29406.18,no_moroso
57,8153.84,5,16.6,1,Universitario,20783.66,no_moroso
27,13560.87,8,78.9,0,Universitario,32976.3,moroso
59,5830.64,0,8.3,1,Posgrado,15483.51,no_moroso
48,11049.28,5,9.2,0,Posgrado,30984.05,no_moroso
49,5040.4,6,10.8,0,Tecnico,13993.84,no_moroso
66,10293.97,7,35.9,0,Posgrado,28836.28,moroso
41,4910.38,1,2.8,1,Tecnico,11962.57,no_moroso
44,12809.27,2,13.4,1,Universitario,31980.11,no_moroso
24,10907.35,4,19.0,0,Tecnico,27876.56,no_moroso
66,14524.92,4,4.5,0,Posgrado,40322.93,no_moroso
24,10224.39,8,1.1,0,Secundaria,27304.52,no_moroso
26,11322.44,1,5.0,1,Tecnico,27119.8,no_moroso
30,5055.46,8,12.4,0,Posgrado,16796.19,no_moroso
48,6395.23,0,15.4,0,Tecnico,16117.81,no_moroso
59,4317.92,3,51.5,0,Tecnico,10221.26,moroso
66,14304.69,3,25.6,1,Posgrado,36506.36,no_moroso
31,5717.47,8,3.3,0,Posgrado,18559.98,no_moroso
53,2358.13,9,37.5,1,Tecnico,4319.45,moroso
33,13492.04,3,0.7,0,Posgrado,37480.38,no_moroso
44,13688.64,1,9.5,0,Tecnico,33594.83,no_moroso
34,2545.9,8,15.6,0,Secundaria,6826.43,no_moroso
18,1871.73,5,31.9,0,Secundaria,3950.69,moroso
68,5099.39,7,4.6,0,Secundaria,14360.93,no_moroso
29,8138.12,6,2.2,1,Posgrado,23291.9,no_moroso
19,14234.78,6,17.3,1,Posgrado,37004.9,no_moroso
20,8410.73,9,21.5,0,Tecnico,23105.41,no_moroso
19,11764.05,9,5.8,0,Secundaria,244802.7281498147,no_moroso
26,13630.19,4,56.2,0,Posgrado,35469.71,moroso
43,8799.15,4,38.9,0,Tecnico,21520.77,moroso
32,4752.03,7,22.7,0,Posgrado,15225.54,no_moroso
61,4983.08,9,2.3,0,Tecnico,14121.98,no_moroso
43,7821.55,4,11.1,1,Tecnico,18901.88,no_moroso
68,13300.11,7,1.0,1,Universitario,34259.97,no_moroso
30,9233.35,5,50.5,0,Tecnico,21899.89,moroso
41,1239.05,0,10.0,0,Universitario,4435.39,no_moroso
19,6627.36,4,6.4,1,Universitario,17437.71,no_moroso
20,6354.77,2,5.6,0,Universitario,16892.16,no_moroso
31,4313.81,0,2.5,1,Posgrado,11851.71,no_moroso
58,14551.36,3,9.8,1,Universitario,36251.62,no_moroso
18,,5,19.1,0,Universitario,7412.62,no_moroso
50,8448.74,1,3.4,1,Universitario,21062.48,no_moroso
62,14450.28,5,30.3,0,Universitario,37423.78,moroso
61,5377.27,3,8.2,0,Universitario,14905.11,no_moroso
41,7669.02,7,2.9,1,Secundaria,18575.41,no_moroso
38,13346.69,9,62.4,0,UNIVERSITARIO,33916.44,moroso
29,9049.6,4,14.8,1,Secundaria,21005.05,no_moroso
42,11752.83,7,33.0,0,Universitario,30450.32,moroso
49,13757.23,1,1.4,0,Universitario,35329.63,no_moroso
37,11926.23,0,1.1,0,Universitario,30423.36,no_moroso
64,13952.21,5,6.5,1,Secundaria,34460.68,no_moroso
53,14261.55,3,20.9,0,TECNICO,35659.89,no_moroso
27,,3,29.6,1,Posgrado,9660.91,no_moroso
42,1211.35,9,5.4,1,Universitario,5166.69,no_moroso
27,7079.18,3,0.4,0,Universitario,18647.39,no_moroso
68,11685.02,1,28.0,0,TECNICO,28632.82,no_moroso
32,8440.03,4,16.1,1,Tecnico,19873.91,no_moroso
35,12341.43,4,8.9,1,Posgrado,32815.84,no_moroso
29,1529.46,2,8.7,0,Secundaria,3745.36,no_moroso
31,10522.8,6,13.6,0,Universitario,268872.5244919659,no_moroso
24,5356.6,0,1.5,0,Universitario,13947.95,no_moroso
43,9432.92,1,0.7,0,Posgrado,27590.08,no_moroso
50,3916.8,0,4.4,0,Universitario,11595.03,no_moroso
18,3677.23,0,21.9,0,Tecnico,8809.67,no_moroso
32,14225.49,0,29.6,0,Posgrado,37381.86,no_moroso
66,14977.27,1,12.5,0,Tecnico,36886.16,no_moroso
62,8682.01,8,3.0,1,Secundaria,21862.82,no_moroso
59,11885.66,1,9.5,0,Secundaria,28917.56,no_moroso
58,5381.57,5,,1,Universitario,13767.62,no_moroso
28,6949.2,7,9.0,0,Posgrado,22139.1,no_moroso
28,5483.75,2,11.6,1,Tecnico,192686.32512848877,no_moroso
27,3209.64,3,2.3,0,Posgrado,11206.08,no_moroso
34,10596.43,1,44.1,1,Tecnico,23595.64,moroso
66,13944.23,2,16.3,1,Posgrado,36512.44,no_moroso
18,6702.85,3,0.6,0,Posgrado,20354.83,no_moroso
60,4885.86,5,13.5,1,Tecnico,12092.63,no_moroso
35,9970.17,9,3.9,0,Secundaria,25668.49,no_moroso
29,8208.38,4,1.0,0,Tecnico,22621.76,no_moroso
42,,5,9.7,0,secundaria,10370.03,no_moroso
25,1528.66,7,0.4,0,Universitario,7185.27,no_moroso
46,11692.51,0,10.8,0,Secundaria,28522.99,no_moroso
47,,6,14.8,0,Universitario,27984.9,no_moroso
30,9582.12,3,,1,Tecnico,23246.75,no_moroso
33,2852.87,3,2.5,0,Tecnico,196489.63774606638,no_moroso
39,3628.97,0,6.7,0,Universitario,10825.59,no_moroso
53,3589.36,7,,1,Universitario,9655.72,moroso
60,5366.12,3,,1,Posgrado,16225.04,no_moroso
36,10042.32,8,5.9,1,Tecnico,25305.15,no_moroso
33,,6,3.4,0,Tecnico,24809.33,no_moroso
48,1096.22,3,10.1,1,Tecnico,1847.86,no_moroso
33,8106.39,1,7.6,1,Universitario,282398.2665183837,no_moroso
20,9779.28,8,12.1,0,Secundaria,25280.86,no_moroso
57,,7,8.7,0,Tecnico,31039.98,no_moroso
22,3960.72,6,14.8,0,Universitario,11307.02,no_moroso
37,1577.48,3,26.3,0,Tecnico,3039.71,no_moroso
64,8061.98,6,21.2,1,Secundaria,18390.59,no_moroso
68,7257.51,8,,0,Secundaria,20077.93,no_moroso
37,3028.45,4,22.2,1,Tecnico,5584.16,no_moroso
45,3235.16,4,10.8,0,Universitario,10191.61,no_moroso
61,11167.84,0,2.6,1,Secundaria,26186.87,no_moroso
21,14829.41,6,,0,Secundaria,35960.23,moroso
69,7370.87,7,17.0,1,Tecnico,18059.52,no_moroso
41,4170.69,8,23.8,0,Secundaria,10917.15,no_moroso
31,10790.45,9,6.4,0,Universitario,30091.07,no_moroso
20,6839.87,0,1.7,0,Universitario,19600.56,no_moroso
44,1191.4,9,7.3,1,Tecnico,3341.12,no_moroso
40,3876.03,7,7.9,1,Secundaria,8562.84,no_moroso
49,1633.47,5,,1,Secundaria,2035.97,moroso
52,11040.8,1,43.0,0,Posgrado,29366.73,moroso
37,3517.8,7,,0,Posgrado,10910.88,moroso
53,9166.42,2,1.0,0,Universitario,24990.69,no_moroso
20,13418.81,8,3.7,1,Tecnico,33783.99,no_moroso
22,,2,3.2,0,Tecnico,279861.0170624598,no_moroso
29,,3,13.5,0,Universitario,17693.93,no_moroso
22,7610.99,0,9.6,0,Universitario,20674.51,no_moroso
23,3416.01,7,29.7,1,Posgrado,10201.55,no_moroso
51,3900.21,5,24.9,0,Universitario,11617.17,no_moroso
44,11084.38,7,22.0,1,Universitario,28037.98,no_moroso
48,7819.77,7,18.3,1,Secundaria,18300.69,no_moroso
18,11114.37,0,1.1,0,Tecnico,27911.02,no_moroso
33,,3,9.5,0,Universitario,16667.2,no_moroso
69,9730.37,4,2.6,0,Universitario,26942.57,no_moroso
56,13213.29,0,12.2,1,Universitario,32049.6,no_moroso
26,13007.95,6,7.2,0,Tecnico,33192.07,no_moroso
67,6519.14,1,33.4,1,Universitario,14277.24,moroso
35,7361.75,2,7.2,0,Posgrado,22180.22,no_moroso
18,13800.32,7,0.5,1,Posgrado,37127.3,no_moroso
40,,9,18.2,1,Posgrado,22324.45,no_moroso
25,14899.66,7,7.3,0,universitario,39524.07,no_moroso
29,4077.53,3,7.3,0,Tecnico,11286.91,no_moroso
68,1436.75,2,16.1,0,Tecnico,3568.63,no_moroso
53,3589.36,7,,1,Universitario,9655.72,moroso
46,14480.99,1,7.3,0,Tecnico,35563.31,no_moroso
29,5594.23,2,15.1,0,Tecnico,13464.36,no_moroso
56,8434.52,0,8.8,0,Posgrado,23895.78,no_moroso
50,2507.67,7,0.2,1,Universitario,8145.92,no_moroso
29,3942.03,3,12.9,0,Universitario,10466.2,no_moroso
53,11753.32,1,10.7,0,Tecnico,30180.78,no_moroso
47,1328.25,8,7.5,0,Tecnico,5370.09,no_moroso
50,11834.4,5,10.4,1,Secundaria,28099.35,no_moroso
21,14040.25,4,14.2,0,Tecnico,35874.58,no_moroso
30,8534.42,0,15.5,0,Universitario,21725.59,no_moroso
38,7233.59,8,6.6,0,Universitario,20772.84,no_moroso
21,7336.07,7,10.3,0,Tecnico,262093.13564648025,no_moroso
63,10735.56,2,17.6,0,Tecnico,26090.92,no_moroso
48,4945.92,9,2.7,0,Universitario,16022.65,no_moroso
34,3515.22,0,1.9,0,Universitario,10956.07,no_moroso
18,6755.69,6,14.4,0,Universitario,19206.58,no_moroso
60,11850.17,6,2.9,0,Universitario,32728.07,no_moroso
31,12995.87,0,18.4,0,Universitario,31626.0,no_moroso
53,,7,0.9,0,Secundaria,35195.57,no_moroso
63,1635.11,8,5.0,1,Tecnico,5271.02,no_moroso
61,10897.17,3,7.7,1,Tecnico,26289.74,no_moroso
46,11914.66,0,9.8,1,Tecnico,27566.93,no_moroso
51,7127.43,0,6.4,0,Posgrado,21045.42,no_moroso
67,2287.28,9,13.7,0,Universitario,8517.66,no_moroso
21,4987.27,8,7.2,0,Universitario,15548.13,no_moroso
52,4918.73,0,31.4,0,Posgrado,14038.12,moroso
19,,4,9.5,0,Tecnico,34657.8,no_moroso
56,8967.99,6,17.6,0,tecnico,23228.0,no_moroso
56,12457.57,9,8.3,0,Universitario,32842.23,no_moroso
47,3736.43,9,17.9,1,Universitario,9754.23,no_moroso
59,,6,42.0,0,Tecnico,26539.7,moroso
20,3271.39,0,11.6,0,Tecnico,8888.8,no_moroso
55,5331.7,0,43.4,0,Secundaria,11317.04,moroso
22,9534.56,3,2.8,0,Tecnico,25716.73,no_moroso
36,13584.72,2,5.4,0,Tecnico,34516.47,no_moroso
59,10540.83,5,,1,Posgrado,28986.88,no_moroso
59,2879.6,7,0.4,1,Secundaria,7400.07,no_moroso
38,13226.75,3,6.3,0,Universitario,34178.06,no_moroso
20,6624.89,2,12.5,1,Universitario,16419.31,no_moroso
45,7658.85,6,21.4,0,UNIVERSITARIO,20524.06,no_moroso
21,5753.36,7,,0,Posgrado,17610.87,no_moroso
53,4004.21,2,21.7,0,Posgrado,12183.04,no_moroso
18,11726.27,1,24.8,0,Tecnico,28268.86,no_moroso
20,3899.67,9,28.9,1,Universitario,8779.83,no_moroso
57,,4,14.1,1,Posgrado,34014.07,no_moroso
59,1493.56,6,9.1,0,Posgrado,8077.62,no_moroso
23,10852.75,7,0.2,0,Universitario,29894.5,no_moroso
22,14932.75,7,,0,Tecnico,39508.06,no_moroso
31,13724.43,7,24.8,0,Secundaria,33632.56,no_moroso
34,1857.16,3,20.3,0,Tecnico,4742.94,no_moroso
35,9962.59,6,23.0,0,Tecnico,296048.82945142215,no_moroso
22,13305.42,8,2.9,0,Tecnico,35732.02,no_moroso
45,10284.58,0,26.4,1,Posgrado,25705.91,no_moroso
56,11348.93,6,13.1,1,Tecnico,27417.81,no_moroso
29,10518.71,8,27.5,1,Universitario,26189.98,no_moroso
48,8577.95,2,10.4,1,Tecnico,19798.59,no_moroso
29,5861.72,0,17.4,0,Universitario,15167.61,no_moroso
52,14181.42,2,1.7,1,Posgrado,37530.56,no_moroso
45,13798.29,2,11.2,0,Tecnico,35510.39,no_moroso
47,,5,1.6,0,Universitario,7813.29,no_moroso
62,3537.38,4,,0,Secundaria,9346.79,moroso
58,2965.62,7,7.6,0,Tecnico,9072.44,no_moroso
39,5658.59,0,42.9,0,Universitario,14484.29,moroso
60,12961.05,2,27.8,0,Tecnico,31645.76,no_moroso
27,7530.25,5,22.5,1,Universitario,18800.15,no_moroso
63,12603.37,4,6.3,1,Universitario,31548.71,no_moroso
32,7308.64,7,29.1,1,Tecnico,17460.7,no_moroso
22,9168.63,3,46.4,0,Universitario,22114.04,moroso
29,1483.05,0,10.4,1,Tecnico,1457.59,no_moroso
68,5525.13,1,7.7,0,Universitario,14966.34,no_moroso
58,5843.78,6,8.0,1,Tecnico,13989.47,no_moroso
24,12438.84,3,11.2,0,Posgrado,33516.33,no_moroso
23,13519.21,6,35.7,0,Posgrado,36679.07,moroso
52,933.6,3,2.1,1,Tecnico,1704.42,no_moroso
26,12488.59,6,12.4,0,Secundaria,31723.24,no_moroso
58,13059.63,4,2.9,1,Tecnico,32742.05,no_moroso
69,3986.82,7,,1,universitario,11208.6,no_moroso
20,11670.03,4,30.9,1,Universitario,29171.02,moroso
67,5369.6,8,21.7,0,Universitario,15630.17,no_moroso
59,13457.08,0,12.5,0,Secundaria,33439.33,no_moroso
21,9926.98,3,25.7,0,Posgrado,27643.37,no_moroso
64,1112.35,0,,0,Secundaria,1478.03,no_moroso
32,12802.31,8,16.2,0,Tecnico,34112.93,no_moroso
67,14486.89,2,3.4,0,Tecnico,36136.9,no_moroso
44,7537.57,0,10.2,0,Posgrado,21096.49,no_moroso
48,12161.23,3,9.1,1,Posgrado,31357.43,no_moroso
45,14877.63,1,11.2,0,Universitario,38040.15,no_moroso
68,14018.57,5,1.4,0,Tecnico,36708.31,no_moroso
21,10558.37,1,6.0,0,Tecnico,27029.03,no_moroso
39,1776.85,5,16.0,1,Posgrado,6256.49,no_moroso
42,4816.11,1,17.0,1,Universitario,11804.16,no_moroso
57,11655.94,5,10.3,0,Posgrado,32536.72,no_moroso
25,10134.5,4,2.2,1,Tecnico,24344.64,no_moroso
50,12014.69,6,28.9,1,Tecnico,29084.66,no_moroso
31,14620.59,9,8.3,1,Universitario,38074.96,no_moroso
55,2989.69,0,27.6,1,Tecnico,5304.65,no_moroso
62,4189.99,2,8.4,0,Universitario,12365.24,no_moroso
69,2256.31,4,0.3,0,Tecnico,6569.56,no_moroso
34,7676.68,1,2.1,0,Secundaria,19096.34,no_moroso
65,12019.82,4,3.3,0,Secundaria,30416.69,no_moroso
49,,4,,0,Universitario,29697.34,no_moroso
52,3212.2,1,15.7,0,Universitario,8968.51,no_moroso
54,2260.59,7,0.7,0,Secundaria,7468.13,no_moroso
54,6783.14,1,9.3,1,Tecnico,15613.29,no_moroso
24,4344.88,9,2.8,1,Tecnico,11639.03,no_moroso
40,8311.83,1,8.4,0,Tecnico,21065.25,no_moroso
40,3918.36,3,,0,Tecnico,8608.68,moroso
23,,1,14.8,0,Tecnico,32851.59,no_moroso
29,6086.34,4,0.1,0,Tecnico,16201.17,no_moroso
63,,7,19.2,1,Universitario,17306.78,no_moroso
48,,0,,0,Universitario,26999.3,no_moroso
42,2487.23,7,,1,Posgrado,9273.66,no_moroso
22,12124.79,7,4.3,0,Tecnico,31630.94,no_moroso
60,3471.39,5,4.0,1,Posgrado,10926.57,no_moroso
61,9986.03,4,2.6,0,Tecnico,25748.99,no_moroso
43,,7,,0,Tecnico,9583.3,no_moroso
49,10245.85,3,17.2,0,Posgrado,28740.48,no_moroso
21,13851.34,2,25.6,0,Secundaria,34185.48,no_moroso
60,8488.99,2,41.0,1,Universitario,274810.8421149649,moroso
20,3343.83,9,15.7,0,Posgrado,12149.74,no_moroso
50,7838.82,3,26.2,0,Posgrado,22048.78,no_moroso
41,2241.8,9,1.2,1,Tecnico,6503.21,no_moroso
42,13058.59,9,9.6,0,Secundaria,33811.6,no_moroso
25,10652.23,8,43.2,0,Tecnico,26796.49,moroso
22,13967.99,8,6.2,0,Universitario,38378.63,no_moroso
27,13107.4,2,8.8,0,Universitario,33929.15,no_moroso
56,3073.25,9,8.0,1,Tecnico,8320.06,no_moroso
68,13848.73,6,19.5,1,Posgrado,37227.64,no_moroso
44,13331.19,3,2.5,0,Tecnico,34492.25,no_moroso
42,8849.11,5,4.7,1,Tecnico,21407.24,no_moroso
65,10969.94,6,10.7,1,TECNICO,27014.51,no_moroso
61,14213.23,5,6.1,1,Universitario,36896.05,no_moroso
60,10519.47,9,10.5,0,POSGRADO,31160.76,no_moroso
61,3841.51,1,,0,Secundaria,9848.63,no_moroso
53,2036.23,7,17.5,1,Universitario,5732.22,no_moroso
18,12572.51,7,25.2,1,Secundaria,30416.1,no_moroso
40,5437.78,9,24.1,0,Secundaria,13881.89,no_moroso
47,14166.42,7,2.4,1,Universitario,36345.55,no_moroso
30,11662.13,5,13.4,1,Universitario,29417.73,no_moroso
55,3729.22,4,72.1,0,Universitario,7124.58,moroso
49,5151.66,3,23.6,0,Universitario,14128.64,no_moroso
43,3008.05,6,,0,Secundaria,7963.48,no_moroso
18,3065.55,3,4.8,0,Universitario,8684.63,no_moroso
47,,6,,0,Tecnico,5695.49,no_moroso
50,12170.07,1,5.0,0,Tecnico,30092.49,no_moroso
30,13949.44,4,6.0,0,Posgrado,38609.39,no_moroso
53,12093.59,4,12.1,0,Posgrado,34369.75,no_moroso
61,1092.53,0,4.0,1,Universitario,3689.07,no_moroso
43,11782.84,4,1.5,1,Universitario,30684.85,no_moroso
53,8610.6,2,14.2,1,Tecnico,19791.68,no_moroso
49,9283.43,1,31.6,0,Tecnico,22833.08,moroso
35,6312.93,3,22.9,1,Tecnico,14915.59,no_moroso
31,14496.27,1,17.4,1,Secundaria,34413.3,no_moroso
64,13261.18,3,35.3,1,Secundaria,30562.57,moroso
65,11504.31,4,7.6,1,Universitario,29892.3,no_moroso
49,9532.77,1,1.2,0,Universitario,25823.87,no_moroso
64,3588.41,2,34.1,1,Posgrado,9787.44,moroso
62,8865.15,7,22.3,0,Universitario,23975.22,no_moroso
62,9047.97,7,30.0,1,Universitario,22472.52,no_moroso
33,12522.99,7,,0,Secundaria,31184.92,moroso
69,13910.9,0,38.0,1,Universitario,32572.32,moroso
22,12489.96,7,1.2,0,Universitario,33579.55,no_moroso
23,4722.22,4,7.0,0,Tecnico,12740.26,no_moroso
42,8962.01,7,36.2,1,Posgrado,24223.91,moroso
21,12015.42,7,3.3,1,Posgrado,32595.86,no_moroso
63,2476.29,6,14.0,1,SECUNDARIA,5926.45,no_moroso
52,3884.9,4,40.6,0,Tecnico,9475.17,moroso
47,,8,4.2,0,Universitario,20636.58,no_moroso
49,10327.51,9,14.8,0,Universitario,28265.6,no_moroso
26,5797.82,2,,0,Secundaria,12530.62,no_moroso
53,5532.18,5,9.9,0,Secundaria,14452.31,no_moroso
36,2959.95,5,25.5,1,Secundaria,6270.82,no_moroso
20,1882.32,8,0.8,1,Secundaria,5451.01,no_moroso
49,5910.38,0,10.4,0,universitario,15195.54,no_moroso
33,4815.91,7,22.6,1,Universitario,12483.75,no_moroso
20,6889.46,4,9.0,1,Universitario,17043.62,no_moroso
25,13205.91,7,41.4,0,TECNICO,31926.29,moroso
42,,9,29.7,1,Universitario,27975.53,no_moroso
19,12149.11,2,38.9,0,Posgrado,31638.19,moroso
32,9041.6,3,27.0,0,Universitario,23157.72,no_moroso
37,14113.35,4,5.2,0,Universitario,37634.82,no_moroso
43,5690.91,2,28.3,0,SECUNDARIA,13533.16,no_moroso
63,11726.11,3,19.2,0,Universitario,30593.03,no_moroso
25,12394.4,1,9.5,0,Secundaria,30763.1,no_moroso
58,13407.74,1,4.4,1,Tecnico,32075.76,no_moroso
25,7838.42,0,15.2,0,Universitario,20768.37,no_moroso
25,7984.04,6,,1,tecnico,19956.96,no_moroso
41,14926.12,4,3.5,0,Universitario,38968.92,no_moroso
26,2789.65,9,14.9,1,Tecnico,6919.79,no_moroso
34,,5,35.2,1,Universitario,10207.67,moroso
28,12169.5,6,16.1,0,Tecnico,31891.23,no_moroso
68,12181.04,7,4.9,1,Tecnico,30536.93,no_moroso
63,3288.92,6,5.6,1,Posgrado,10930.97,no_moroso
37,14411.86,9,23.9,0,secundaria,35559.68,no_moroso
25,2992.49,9,2.9,1,Secundaria,7953.99,no_moroso
19,12626.14,4,42.4,0,Universitario,31241.57,moroso
25,2181.34,9,16.5,1,Universitario,6988.37,no_moroso
63,5006.63,0,15.8,0,Universitario,13890.28,no_moroso
28,11902.63,8,1.8,0,Universitario,33294.75,no_moroso
38,5007.15,7,16.3,0,Posgrado,16643.2,no_moroso
34,5679.75,4,,0,Tecnico,15171.21,no_moroso
51,10891.93,4,,0,Universitario,30053.63,no_moroso
68,11418.71,0,2.4,0,Tecnico,28426.51,no_moroso
64,8515.36,8,15.0,0,Universitario,23318.26,no_moroso
45,7877.76,2,26.1,1,Universitario,19179.04,no_moroso
30,3043.22,3,19.7,1,Universitario,7447.35,no_moroso
38,7974.32,9,4.2,0,Universitario,23173.06,no_moroso
28,9799.96,6,0.0,1,Secundaria,24267.96,no_moroso
60,5303.89,6,8.3,1,Posgrado,15374.73,no_moroso
69,7579.38,9,0.3,0,Tecnico,20961.41,no_moroso
28,1829.76,7,3.1,1,TECNICO,4212.11,no_moroso
33,10310.97,8,20.6,0,Posgrado,28430.07,no_moroso
47,,2,6.3,0,Universitario,26126.33,no_moroso
32,2804.63,6,7.7,0,Secundaria,7176.1,no_moroso
60,13825.31,6,16.5,1,Universitario,35033.1,no_moroso
36,5575.93,4,11.5,0,Universitario,14741.45,no_moroso
26,14665.31,0,2.8,0,Posgrado,38553.33,no_moroso
29,7676.92,5,0.2,0,Universitario,21334.69,no_moroso
46,10408.17,9,29.2,1,Universitario,26705.93,no_moroso
23,1264.62,4,16.0,1,Universitario,3551.76,no_moroso
44,,2,0.4,1,Posgrado,29734.92,no_moroso
35,,2,4.5,0,Tecnico,13806.82,no_moroso
56,1439.8,2,15.2,0,Tecnico,4108.98,no_moroso
51,4978.38,7,0.2,0,Posgrado,272860.88734191126,no_moroso
62,10184.88,3,35.5,0,Posgrado,26285.61,moroso
44,,8,5.2,1,Universitario,37201.74,no_moroso
44,5992.07,8,5.8,0,Universitario,17852.03,no_moroso
40,1773.92,3,35.5,0,Tecnico,3929.0,moroso
36,6517.58,3,9.1,0,Tecnico,16673.69,no_moroso
29,4926.25,0,,0,Tecnico,12775.3,no_moroso
21,7633.45,2,0.2,0,Universitario,20800.78,no_moroso
65,9704.31,8,21.1,1,Universitario,24684.55,no_moroso
25,7573.44,1,3.6,0,universitario,21004.92,no_moroso
47,3130.73,2,20.9,0,Tecnico,7574.6,no_moroso
41,6490.92,6,5.5,0,Universitario,17542.18,no_moroso
42,,2,1.3,1,Tecnico,26636.35,no_moroso
39,10864.62,8,12.6,0,Tecnico,28580.64,no_moroso
36,11390.99,7,30.4,1,Secundaria,26703.81,moroso
23,12121.53,8,0.2,1,Tecnico,31931.44,no_moroso
21,8087.99,7,21.5,1,Universitario,20981.18,no_moroso
43,2640.09,8,59.1,1,Posgrado,6557.79,moroso
19,10408.12,8,1.4,1,Posgrado,29828.37,no_moroso
31,9846.05,0,0.7,0,Universitario,25790.96,no_moroso
33,2275.53,9,12.9,1,Tecnico,5385.84,no_moroso
32,13958.51,9,5.7,0,Secundaria,37025.84,no_moroso
49,4700.44,2,16.0,0,Universitario,12697.31,no_moroso
42,11203.21,5,4.9,0,Universitario,31049.86,no_moroso
43,3628.09,1,5.8,0,Secundaria,8586.32,no_moroso
37,14947.88,0,17.8,1,Universitario,36346.8,no_moroso
69,14169.38,8,14.2,1,Posgrado,36807.66,no_moroso
47,9191.05,3,4.5,0,Tecnico,23397.23,no_moroso
37,14385.67,2,0.8,0,Secundaria,36079.42,no_moroso
33,11700.8,5,22.1,1,Secundaria,27566.22,no_moroso
39,,0,14.6,0,Tecnico,27552.67,no_moroso
54,9342.71,0,3.7,1,Posgrado,24740.84,no_moroso
61,12561.56,6,50.5,0,Secundaria,30080.78,moroso
33,8099.87,3,2.2,0,Tecnico,21535.11,no_moroso
40,14892.3,5,4.9,1,UNIVERSITARIO,38465.25,no_moroso
54,14203.14,1,6.8,1,POSGRADO,36238.03,no_moroso
30,4138.44,3,19.1,1,Universitario,9435.04,no_moroso
66,5623.95,8,22.5,1,Posgrado,16323.64,no_moroso
59,12783.94,6,43.5,1,Tecnico,29460.0,moroso
58,10700.97,5,,1,Secundaria,26177.78,no_moroso
26,8606.66,1,15.2,1,Secundaria,19748.24,no_moroso
51,11703.25,6,0.5,0,Secundaria,30754.67,no_moroso
60,3441.78,7,7.1,1,UNIVERSITARIO,8925.18,no_moroso
55,14474.12,5,0.1,0,Tecnico,38746.48,no_moroso
57,6002.51,2,24.0,0,Tecnico,293426.61884496215,no_moroso
53,14235.91,3,4.5,0,Tecnico,36906.95,no_moroso
29,12959.63,7,4.7,1,TECNICO,32438.49,no_moroso
57,12372.43,8,3.3,1,Tecnico,249353.78344485466,no_moroso
69,12697.18,5,2.8,0,Universitario,34186.05,no_moroso
59,4978.61,8,,0,Universitario,15243.71,no_moroso
66,,0,,0,Tecnico,6327.71,no_moroso
48,8859.84,7,1.6,1,Posgrado,25002.82,no_moroso
57,,0,4.3,0,Tecnico,37422.19,no_moroso
20,10333.88,3,12.5,0,Tecnico,26120.21,no_moroso
29,8053.96,9,19.2,0,Secundaria,20963.79,no_moroso
63,4187.04,0,4.6,1,Tecnico,10010.68,no_moroso
29,13983.91,3,2.3,0,Posgrado,38736.54,no_moroso
42,14575.43,8,26.8,1,Universitario,36826.25,no_moroso
20,,0,11.1,1,Secundaria,33891.37,no_moroso
56,7288.95,9,4.4,1,Posgrado,20926.53,no_moroso
31,4927.39,7,5.2,1,Posgrado,13911.17,no_moroso
45,9662.63,4,,0,Tecnico,24553.04,no_moroso
53,14381.47,3,13.1,0,Universitario,37282.59,no_moroso
51,,9,2.4,0,Universitario,36545.75,no_moroso
45,10031.14,5,42.1,1,Universitario,23556.52,moroso
69,8968.18,1,21.0,0,Universitario,22680.61,no_moroso
63,839.67,8,21.1,1,Universitario,2853.42,no_moroso
43,1088.96,0,36.8,1,Universitario,522.03,moroso
27,4422.0,0,32.9,0,Tecnico,9615.72,moroso
57,,6,,0,Secundaria,37150.08,no_moroso
44,,1,11.0,0,Universitario,1979.29,no_moroso
60,4954.36,4,0.2,0,Posgrado,15740.94,no_moroso
29,5384.51,7,15.4,1,TECNICO,13238.66,no_moroso
49,6487.5,7,2.2,0,Secundaria,17129.77,no_moroso
25,8015.59,6,,0,Universitario,22460.84,no_moroso
65,10663.9,8,22.2,0,Posgrado,30168.34,no_moroso
56,11868.8,2,5.9,0,Universitario,31274.43,no_moroso
39,10125.65,0,2.2,0,Tecnico,25879.84,no_moroso
39,4741.67,0,,1,Secundaria,9926.01,no_moroso
45,9376.52,2,1.8,0,Tecnico,24240.97,no_moroso
35,,5,1.0,1,Tecnico,14428.25,no_moroso
60,5453.91,0,10.2,0,Posgrado,15864.47,no_moroso
61,1741.54,0,1.2,1,Universitario,3327.15,no_moroso
42,11183.09,3,6.9,0,Tecnico,27961.63,no_moroso
23,4519.34,2,12.9,1,Secundaria,10219.07,no_moroso
42,4236.14,5,0.2,0,Tecnico,12140.91,no_moroso
50,4987.11,2,22.3,1,Tecnico,11182.18,no_moroso
25,14729.3,8,18.2,1,Universitario,37215.03,no_moroso
63,1870.87,8,6.6,1,Universitario,5660.26,no_moroso
60,7207.44,7,3.9,1,Universitario,19104.75,no_moroso
21,11062.44,4,6.9,1,Tecnico,27478.8,no_moroso
55,8462.6,2,6.2,0,SECUNDARIA,21339.1,no_moroso
48,3568.8,5,33.0,0,Universitario,9680.64,moroso
19,9905.79,7,5.6,1,Tecnico,24575.46,no_moroso
56,2153.27,5,9.0,1,Posgrado,8049.42,no_moroso
48,,7,1.2,0,Secundaria,19946.81,no_moroso
36,5719.61,8,14.7,1,Tecnico,14565.32,no_moroso
29,4477.36,5,1.3,0,Secundaria,12299.45,no_moroso
36,6943.61,0,43.5,1,Tecnico,188454.25514463976,moroso
22,5473.76,9,5.0,0,Universitario,16996.79,no_moroso
36,12737.02,2,10.3,0,Posgrado,34625.51,no_moroso
29,13650.07,0,23.9,1,Secundaria,31786.86,no_moroso
53,9503.59,6,16.6,0,Tecnico,24229.88,no_moroso
61,10562.15,5,9.4,1,Secundaria,25251.73,no_moroso
28,11263.65,2,32.2,0,Universitario,28544.02,moroso
67,1188.34,2,11.3,0,Posgrado,6045.42,no_moroso
51,14167.54,8,8.3,0,Universitario,37576.29,no_moroso
53,965.21,4,1.4,1,Universitario,2958.8,no_moroso
34,8371.73,9,40.6,1,Posgrado,22342.15,moroso
46,7066.02,7,5.8,0,Universitario,20503.48,no_moroso
42,,7,45.4,1,Universitario,7010.96,moroso
28,13562.42,5,25.3,0,Posgrado,36444.8,no_moroso
50,6623.99,8,10.1,1,Universitario,180961.6435446064,no_moroso
32,1418.91,2,22.2,1,Tecnico,1024.41,no_moroso
49,9213.2,6,7.4,0,Posgrado,26604.2,no_moroso
54,4338.88,7,21.6,1,Posgrado,12000.93,no_moroso
48,7350.53,1,16.1,0,tecnico,17957.38,no_moroso
60,10411.39,3,17.4,0,Universitario,26147.31,no_moroso
43,11028.28,1,10.3,0,Tecnico,27994.66,no_moroso
56,9898.42,1,17.6,1,Secundaria,22540.93,no_moroso
64,11493.93,5,17.4,1,Tecnico,27768.35,no_moroso
47,14132.32,1,19.6,0,Secundaria,34504.09,no_moroso
19,13765.87,9,0.7,0,Universitario,37023.82,no_moroso
40,2609.13,9,3.6,0,Universitario,10241.34,no_moroso
69,2991.35,3,43.9,0,Universitario,7283.96,moroso
40,7000.94,7,6.5,1,Secundaria,16108.15,no_moroso
61,8143.73,7,6.4,0,Secundaria,21389.9,no_moroso
62,6832.32,7,24.9,1,Posgrado,19442.64,no_moroso
57,2105.94,0,,1,Tecnico,3856.96,no_moroso
44,8306.82,0,46.5,1,Universitario,18178.35,moroso
28,14408.99,0,,0,Secundaria,35084.83,no_moroso
52,3978.02,2,25.2,0,Secundaria,9564.43,no_moroso
56,9541.5,6,10.4,1,Secundaria,22645.31,no_moroso
58,5247.63,9,0.3,0,Tecnico,14853.87,no_moroso
36,5389.47,8,10.8,0,Secundaria,14725.43,no_moroso
49,6799.07,6,16.5,1,Universitario,17437.49,no_moroso
28,2346.54,3,6.7,0,Tecnico,7248.24,no_moroso
34,11184.03,3,,0,Universitario,29228.97,no_moroso
48,6906.66,2,0.7,0,Universitario,19000.29,no_moroso
29,7035.96,7,5.8,0,Universitario,20017.04,no_moroso
55,8529.58,2,44.5,1,Tecnico,18611.42,moroso
28,8513.14,4,8.6,1,Tecnico,190068.94717379851,no_moroso
53,7842.21,3,9.8,1,TECNICO,18899.69,no_moroso
31,4804.24,4,25.2,0,Tecnico,11160.87,no_moroso
68,7394.4,5,13.8,1,Posgrado,19663.99,no_moroso
57,13701.68,2,1.7,1,Posgrado,35748.7,no_moroso
18,6556.3,4,63.5,0,Universitario,15891.65,moroso
48,,1,5.6,0,Universitario,38894.26,no_moroso
41,10934.76,6,,0,Secundaria,26884.84,no_moroso
48,3263.95,5,12.2,1,Tecnico,7600.02,no_moroso
24,2970.07,1,8.5,0,Secundaria,7011.64,no_moroso
31,,9,,1,Secundaria,21257.64,no_moroso
42,9740.84,4,,0,Posgrado,27265.56,no_moroso
46,,4,11.7,0,Universitario,26755.9,no_moroso
33,6887.2,8,28.4,0,Tecnico,17922.37,no_moroso
53,7797.67,4,17.1,0,Tecnico,19975.74,no_moroso
20,,8,39.3,0,Universitario,27410.66,moroso
21,4513.36,6,3.8,1,Universitario,12698.05,no_moroso
51,10411.63,2,7.8,1,Secundaria,24790.0,no_moroso
48,2260.91,7,8.7,0,Universitario,8056.99,no_moroso
59,11460.42,2,24.3,0,Tecnico,28032.11,no_moroso
55,7552.51,0,6.7,0,Universitario,19252.16,no_moroso
53,13857.0,1,1.9,0,Tecnico,35349.93,no_moroso
36,12106.45,6,42.5,0,Secundaria,28365.52,moroso
67,13458.22,4,19.4,0,Universitario,35412.7,no_moroso
38,,0,11.6,1,Secundaria,28347.3,no_moroso
33,14569.22,6,8.5,1,Posgrado,38874.4,no_moroso
40,4622.74,4,,1,Tecnico,10820.74,no_moroso
33,8209.68,4,16.5,0,Secundaria,20701.77,no_moroso
63,11711.5,5,,0,Posgrado,33684.93,no_moroso
44,14211.1,6,2.4,1,Universitario,36175.97,no_moroso
25,9374.88,2,10.5,1,Posgrado,24724.57,no_moroso
69,5102.81,8,1.9,0,Posgrado,17246.46,no_moroso
65,4408.42,6,26.4,0,Tecnico,12116.84,no_moroso
58,4745.59,3,25.3,0,Tecnico,11606.64,no_moroso
37,,7,7.3,0,Universitario,20689.81,no_moroso
65,14107.4,2,54.9,0,Tecnico,32719.85,moroso
27,,8,10.7,0,Secundaria,26245.89,no_moroso
66,3433.22,8,21.3,0,Universitario,10952.52,no_moroso
24,3852.25,4,4.3,0,Tecnico,10497.41,no_moroso
29,7020.52,8,6.4,0,Tecnico,18992.47,no_moroso
29,2044.31,6,8.3,1,Universitario,5232.82,no_moroso
19,11928.32,1,3.4,0,Universitario,30371.32,no_moroso
65,,4,5.9,1,Tecnico,5454.7,no_moroso
57,2972.32,9,,1,Secundaria,8029.13,no_moroso
61,2727.89,2,34.9,0,Tecnico,5522.39,moroso
25,13311.63,2,8.7,1,Universitario,33073.64,no_moroso
47,,8,12.9,0,Tecnico,8836.14,no_moroso
43,6676.28,6,6.5,0,POSGRADO,20732.56,no_moroso
62,12938.86,7,5.6,1,Posgrado,35813.88,no_moroso
35,,7,11.6,1,Posgrado,27685.91,no_moroso
58,3803.81,4,14.3,0,Secundaria,9700.16,no_moroso
47,1472.07,1,5.1,0,Tecnico,4010.05,no_moroso
19,8112.75,7,1.2,0,universitario,22901.88,no_moroso
19,,6,2.7,1,Universitario,27795.58,no_moroso
45,5675.27,3,7.7,0,SECUNDARIA,13906.86,no_moroso
63,,7,8.3,0,UNIVERSITARIO,205973.36821576723,no_moroso
39,7413.44,8,1.9,1,Secundaria,18490.48,no_moroso
34,10993.77,0,15.6,1,Posgrado,28427.95,no_moroso
65,3262.14,9,2.9,0,Universitario,11120.64,no_moroso
65,13899.67,1,25.2,1,Tecnico,32181.97,no_moroso
36,2595.03,2,16.5,0,Tecnico,6783.57,no_moroso
33,13705.14,4,79.3,0,Universitario,32529.86,moroso
35,12999.06,9,10.4,0,TECNICO,257223.94100343654,no_moroso
69,,1,10.5,0,Tecnico,10748.36,no_moroso
30,14990.84,0,3.8,0,Posgrado,41063.12,no_moroso
29,5424.89,7,4.6,0,Secundaria,15463.98,no_moroso
50,9354.49,5,13.3,1,Posgrado,25681.3,no_moroso
31,7784.29,1,16.2,0,Posgrado,21684.62,no_moroso
69,9321.42,3,12.6,1,Tecnico,22284.54,no_moroso
47,4017.46,2,0.7,0,Secundaria,10767.94,no_moroso
23,,2,6.1,1,Universitario,29634.53,no_moroso
18,7217.42,2,22.5,0,Tecnico,18138.52,no_moroso
19,6332.76,6,12.4,0,Tecnico,16952.54,no_moroso
47,6608.91,0,0.2,0,Secundaria,16219.94,no_moroso
66,9036.61,8,8.1,1,Universitario,23227.24,no_moroso
20,3008.4,9,24.5,0,Universitario,9909.79,no_moroso
51,13254.47,7,5.0,0,Universitario,35258.84,no_moroso
55,13269.93,9,22.4,0,Universitario,35368.79,no_moroso
43,13123.09,4,27.0,1,Universitario,31649.06,no_moroso
48,2956.84,1,15.3,1,Posgrado,8362.76,no_moroso
62,1766.26,6,0.5,1,Universitario,6312.13,no_moroso
33,14173.9,1,10.7,0,Posgrado,37537.23,no_moroso
58,5690.81,4,60.7,0,Universitario,13782.79,moroso
52,1805.1,4,1.0,1,Posgrado,6506.02,no_moroso
38,14894.56,7,6.6,0,Universitario,38898.87,no_moroso
22,8778.6,9,8.1,1,Secundaria,22229.14,no_moroso
18,,0,5.3,1,Posgrado,23749.56,no_moroso
58,8905.12,1,4.4,0,Tecnico,21837.09,no_moroso
59,4316.9,1,23.6,0,Universitario,9931.58,no_moroso
49,13270.97,3,14.0,1,Universitario,33057.69,no_moroso
51,8737.05,6,25.9,0,Secundaria,21735.4,no_moroso
42,10962.96,0,3.7,1,Universitario,27467.29,no_moroso
20,12152.67,6,20.7,0,Secundaria,31120.8,no_moroso
64,10260.39,0,38.4,0,Tecnico,23976.87,moroso
18,4516.91,5,15.5,0,Posgrado,15109.82,no_moroso
43,11572.21,5,10.5,0,Tecnico,29497.4,no_moroso
27,6958.75,2,11.1,1,Universitario,17261.67,no_moroso
58,11279.28,1,,0,Posgrado,28849.18,moroso
69,11840.76,5,12.9,1,Universitario,30638.05,no_moroso
38,2451.01,8,16.4,1,Secundaria,5235.43,no_moroso
47,13723.83,3,4.9,0,Tecnico,35169.64,no_moroso
47,6602.96,7,6.0,0,Posgrado,20051.16,no_moroso
23,4672.18,6,9.6,0,Universitario,13719.38,no_moroso
45,1146.8,2,93.0,1,SECUNDARIA,200.0,moroso
24,4417.49,1,6.6,0,Posgrado,13989.81,no_moroso
44,2922.1,1,3.4,0,Universitario,8315.75,no_moroso
22,4408.52,9,7.1,0,Tecnico,12783.37,no_moroso
30,,5,11.9,1,Secundaria,2563.57,no_moroso
52,2409.51,7,25.0,0,Tecnico,6717.23,no_moroso
38,1157.52,7,28.2,0,Posgrado,5972.09,no_moroso
30,10292.94,4,0.1,0,Universitario,28164.48,no_moroso
34,4902.22,7,,0,Posgrado,15510.11,no_moroso
20,,9,19.6,0,Universitario,13175.99,no_moroso
55,7169.17,2,2.7,0,Universitario,19628.06,no_moroso
61,14128.73,0,0.1,0,Tecnico,35938.83,no_moroso
42,946.65,4,22.8,0,Tecnico,2584.01,no_moroso
38,14022.57,3,5.1,0,Posgrado,207578.49482152468,no_moroso
42,11813.14,8,15.5,1,Universitario,30932.73,no_moroso
41,7499.16,7,25.1,0,Secundaria,19501.04,no_moroso
40,5956.25,9,14.5,0,Universitario,16979.57,no_moroso
62,1842.87,4,28.6,1,Posgrado,5490.18,no_moroso
36,5437.38,6,29.2,0,Tecnico,13417.21,no_moroso
51,12001.59,9,0.1,1,Tecnico,30332.95,no_moroso
44,,6,3.2,1,Universitario,38266.95,no_moroso
37,11509.28,7,1.2,1,Tecnico,28813.85,no_moroso
42,9161.29,2,8.5,0,Universitario,24941.63,no_moroso
35,14502.6,6,2.9,1,Tecnico,37336.91,no_moroso
43,6589.37,6,17.2,0,Universitario,18725.28,no_moroso
66,4675.63,6,7.3,1,Tecnico,11692.22,no_moroso
39,4635.96,8,33.1,1,Secundaria,10850.6,moroso
44,3769.85,4,2.6,1,Universitario,10360.63,no_moroso
23,7974.29,5,37.2,0,Universitario,21019.32,moroso
27,11839.63,3,4.8,1,Tecnico,28410.19,no_moroso
58,,1,0.1,0,Posgrado,36235.71,no_moroso
44,9630.86,3,4.6,1,Universitario,24073.15,no_moroso
60,,5,18.3,0,Universitario,11461.09,no_moroso
49,4526.13,8,19.2,0,Universitario,12789.61,no_moroso
33,14679.5,4,1.7,0,Posgrado,40196.11,no_moroso
64,7543.19,5,19.2,0,Tecnico,19438.1,no_moroso
40,4814.76,5,14.9,1,Universitario,12031.55,no_moroso
21,14265.32,5,14.7,1,Secundaria,34414.53,no_moroso
55,,9,6.0,0,Universitario,28301.47,no_moroso
51,9523.85,0,1.8,1,Tecnico,21404.93,no_moroso
59,14383.09,1,10.9,1,Universitario,35721.73,no_moroso
68,7770.1,9,22.8,0,Tecnico,20398.3,no_moroso
49,3078.22,1,,0,Posgrado,10580.54,no_moroso
18,12058.31,0,8.9,0,Secundaria,29736.9,no_moroso
56,13764.75,2,15.4,0,Universitario,35817.03,no_moroso
42,11862.73,8,9.6,0,Tecnico,30782.71,no_moroso
61,10234.78,6,12.8,1,Universitario,25279.65,no_moroso
24,6593.11,4,17.8,0,Posgrado,19260.65,no_moroso
63,8566.96,4,5.3,0,Universitario,24101.11,no_moroso
60,1031.45,2,24.3,0,Secundaria,2134.1,no_moroso
49,14145.59,5,24.4,0,Posgrado,37925.66,no_moroso
63,7663.2,7,3.0,0,Universitario,21764.62,no_moroso
67,14154.51,2,45.1,0,Secundaria,33719.62,moroso
67,11322.83,3,11.2,0,Secundaria,28076.51,no_moroso
25,11160.62,0,11.4,0,Secundaria,27397.78,no_moroso
22,7892.93,5,,0,Tecnico,20582.99,no_moroso
63,,1,52.9,1,Tecnico,8817.22,moroso
46,13685.1,4,9.4,1,Universitario,34970.42,no_moroso
30,11539.82,2,2.4,0,Secundaria,28835.82,no_moroso
60,7632.48,2,11.4,0,Tecnico,20260.53,no_moroso
39,5865.4,3,0.2,1,Tecnico,14405.52,no_moroso
54,8974.57,8,9.9,1,Universitario,23497.59,no_moroso
65,13181.54,3,12.9,0,Universitario,34903.34,no_moroso
60,14402.99,5,34.9,0,Posgrado,38514.65,moroso
62,,2,1.7,1,Universitario,3834.78,no_moroso
33,2557.54,9,11.1,0,Universitario,9107.65,no_moroso
52,3888.69,8,5.0,0,Secundaria,10767.61,no_moroso
62,5717.1,2,8.8,1,Tecnico,12452.21,no_moroso
47,14439.12,0,25.8,0,tecnico,34959.73,no_moroso
57,13079.7,4,,1,Universitario,32930.57,no_moroso
62,13197.2,3,6.9,0,Universitario,34151.22,no_moroso
46,11978.46,1,5.1,0,Universitario,30658.94,no_moroso
53,13699.71,4,26.3,1,Secundaria,30548.51,no_moroso
18,1233.9,0,15.4,0,Secundaria,2417.71,no_moroso
65,2355.55,4,6.8,1,Tecnico,5237.08,no_moroso
43,11221.68,7,12.7,0,Tecnico,29771.37,no_moroso
34,14634.97,0,12.4,0,Secundaria,36025.55,no_moroso
42,7752.42,8,12.9,1,Secundaria,19750.42,no_moroso
66,10614.46,9,56.9,1,Secundaria,24214.16,moroso
64,5998.69,1,,0,Universitario,16830.74,no_moroso
33,8794.57,9,0.6,1,Posgrado,25063.19,no_moroso
64,10185.63,0,46.1,0,Secundaria,22908.45,moroso
46,6736.79,6,1.2,0,Tecnico,18150.06,no_moroso
47,12480.58,2,13.3,0,Posgrado,33723.75,no_moroso
63,9546.07,8,12.2,0,Posgrado,27526.49,no_moroso
19,14760.6,6,0.1,1,Universitario,37587.1,no_moroso
67,9933.77,7,14.3,0,Tecnico,26002.33,no_moroso
65,13930.82,5,19.1,0,Universitario,36353.87,no_moroso
28,14338.78,2,10.9,1,Tecnico,33814.24,no_moroso
23,11691.9,3,1.8,0,Tecnico,30742.71,no_moroso
21,8680.63,6,,1,Secundaria,20788.86,no_moroso
69,10688.12,3,10.4,0,TECNICO,27345.58,no_moroso
24,,9,2.4,0,Universitario,17746.59,no_moroso
30,5122.41,6,19.2,0,Posgrado,16145.75,no_moroso
69,3680.85,6,1.2,0,Posgrado,13886.98,no_moroso
30,3249.62,9,4.5,1,Universitario,9896.04,no_moroso
68,5512.95,3,31.0,0,universitario,14936.2,moroso
43,1122.2,5,9.7,1,Tecnico,1759.97,no_moroso
60,6072.94,6,18.8,1,Posgrado,17694.61,no_moroso
42,1573.76,2,5.9,0,Universitario,4395.32,no_moroso
31,10696.97,2,10.6,0,Tecnico,26752.79,no_moroso
35,5054.16,8,21.2,0,Tecnico,12446.24,no_moroso
25,1310.7,3,17.0,0,Tecnico,3753.92,no_moroso
41,2564.27,5,0.9,1,Posgrado,10196.44,no_moroso
23,3874.47,5,9.6,1,Secundaria,8575.1,no_moroso
57,14295.56,0,12.4,1,Universitario,35626.77,no_moroso
69,988.95,9,0.9,0,Universitario,6362.87,no_moroso
18,3676.25,1,,1,Posgrado,10076.52,no_moroso
50,4700.93,7,1.9,0,POSGRADO,16390.14,no_moroso
30,10079.01,2,16.3,1,Universitario,24498.08,no_moroso
37,3901.33,3,14.5,0,Universitario,11146.29,no_moroso
54,11277.2,5,2.5,1,Posgrado,30431.73,no_moroso
38,9973.48,4,2.3,0,Secundaria,25525.48,no_moroso
19,2188.23,6,23.9,1,Universitario,5398.76,no_moroso
32,11022.06,8,21.4,0,Secundaria,27938.44,no_moroso
53,2599.43,4,8.2,1,Universitario,7955.41,no_moroso
30,9395.63,0,55.2,0,Tecnico,21049.57,moroso
53,6636.04,7,12.4,1,Secundaria,15741.43,no_moroso
29,13691.63,8,7.2,0,Secundaria,34519.94,no_moroso
61,1924.73,8,7.4,0,Posgrado,9421.19,no_moroso
46,14000.93,4,,1,Secundaria,33862.2,no_moroso
53,4025.92,1,23.9,0,Secundaria,9204.49,no_moroso
67,12836.38,7,14.0,0,Universitario,34813.45,no_moroso
60,11273.57,6,4.1,0,Posgrado,32081.43,no_moroso
19,7824.49,3,18.3,1,Tecnico,18926.42,no_moroso
35,10601.83,4,28.3,1,Universitario,26490.17,no_moroso
52,2324.12,2,9.4,0,Tecnico,6265.74,no_moroso
24,4695.92,7,2.0,0,Posgrado,16262.51,no_moroso
37,1093.85,2,47.3,0,Tecnico,1078.25,moroso
44,13267.7,6,4.9,1,Secundaria,32584.36,no_moroso
55,2838.57,2,16.6,0,Universitario,8527.55,no_moroso
22,13836.73,8,0.5,1,Universitario,36465.28,no_moroso
19,877.05,2,8.7,0,Tecnico,3425.72,no_moroso
27,9575.23,2,21.6,1,Tecnico,22797.58,no_moroso
25,10473.88,6,9.9,1,Tecnico,292788.2169673796,no_moroso
66,3819.64,9,29.9,1,Universitario,10011.51,no_moroso
67,2904.6,0,37.7,0,Tecnico,6043.67,moroso
18,899.81,6,5.2,0,Tecnico,3527.35,no_moroso
49,6441.26,1,6.7,0,Posgrado,18793.16,no_moroso
59,8164.71,6,1.4,1,Tecnico,21080.02,no_moroso
32,12662.01,9,11.7,0,Tecnico,33944.22,no_moroso
31,7117.76,7,6.0,0,Tecnico,19825.81,no_moroso
68,3763.58,6,4.7,1,Universitario,9897.96,no_moroso
44,14749.39,3,27.9,1,Tecnico,35517.24,no_moroso
36,14353.19,6,10.3,0,Secundaria,234882.79333312775,no_moroso
33,11071.25,9,,1,Secundaria,27229.34,no_moroso
35,10249.15,2,1.0,0,Universitario,27062.65,no_moroso
51,14064.64,6,28.0,1,Universitario,35950.24,no_moroso
38,2559.32,0,,0,Posgrado,8984.71,no_moroso
54,8833.24,9,3.6,1,Tecnico,22283.01,no_moroso
67,1206.61,4,,1,Universitario,1389.17,moroso
25,12872.73,8,12.1,0,Universitario,34011.7,no_moroso
62,11432.29,9,10.9,0,Universitario,270057.15146990214,no_moroso
69,,3,21.3,1,Tecnico,16129.67,no_moroso
25,5446.12,5,1.4,0,Universitario,17291.31,no_moroso
65,12701.62,6,46.3,1,Secundaria,29169.54,moroso
60,6374.85,4,51.6,0,Secundaria,14635.0,moroso
52,4310.8,7,14.1,0,Secundaria,10698.91,no_moroso
64,2007.99,1,3.5,0,Universitario,6702.44,no_moroso
28,12092.3,9,24.4,1,Secundaria,29045.36,no_moroso
30,1602.66,7,23.1,0,Secundaria,3238.27,no_moroso
40,8339.87,1,26.7,0,Universitario,21080.72,no_moroso
35,12078.48,9,2.1,0,Universitario,32792.35,no_moroso
47,1591.64,8,11.0,0,Posgrado,7740.62,no_moroso
59,7962.47,7,17.4,0,Tecnico,20875.75,no_moroso
44,8931.01,0,21.8,1,Posgrado,23381.14,no_moroso
67,10484.88,4,8.0,0,Universitario,28610.34,no_moroso
28,14561.06,4,50.3,1,Universitario,34436.58,moroso
27,5281.19,7,4.2,0,Tecnico,15870.86,no_moroso
67,11818.72,4,,0,Universitario,31370.26,no_moroso
27,4294.87,4,26.2,1,Tecnico,8603.31,no_moroso
21,4655.17,3,13.4,0,Tecnico,11845.59,no_moroso
25,14137.5,8,29.0,1,Universitario,34965.42,no_moroso
32,2378.14,0,0.6,1,Universitario,5630.33,no_moroso
27,9145.94,0,2.4,0,Secundaria,23312.45,no_moroso
46,1735.95,3,11.3,0,Tecnico,5094.58,no_moroso
46,10103.5,4,7.9,1,Secundaria,24546.91,no_moroso
66,11623.38,7,4.9,0,Tecnico,31169.41,no_moroso
45,10748.02,6,5.7,1,Universitario,27163.6,no_moroso
22,13720.23,2,13.8,0,Universitario,34898.06,no_moroso
49,9765.09,8,14.0,1,UNIVERSITARIO,25010.65,no_moroso
45,9983.48,4,49.4,0,Tecnico,24248.54,moroso
22,2616.6,0,0.0,1,Tecnico,172930.70286338104,no_moroso
56,10495.03,2,11.7,1,Secundaria,23731.84,no_moroso
54,4531.9,7,2.0,1,Tecnico,11091.82,no_moroso
30,5119.58,7,13.3,0,Tecnico,14067.44,no_moroso
29,12162.73,1,8.0,0,Posgrado,32906.72,no_moroso
45,2316.4,9,15.0,0,TECNICO,6973.9,no_moroso
38,12276.22,9,3.5,0,Universitario,33210.45,no_moroso
41,3074.38,8,14.9,0,Universitario,10005.07,no_moroso
24,1258.84,0,6.1,1,Posgrado,222975.13030796748,no_moroso
48,7934.11,0,16.8,0,Posgrado,21737.44,no_moroso
20,14131.51,6,3.3,1,Secundaria,33952.38,no_moroso
27,4848.84,4,51.9,0,Secundaria,10288.31,moroso
49,10788.76,5,5.6,0,Posgrado,30834.5,no_moroso
48,14640.97,4,5.4,0,Universitario,38408.22,no_moroso
20,1968.16,0,9.6,0,Secundaria,4900.77,no_moroso
59,8676.9,9,1.0,0,Secundaria,24362.42,no_moroso
65,,6,37.1,0,Tecnico,23088.19,moroso
32,8072.52,9,21.7,0,Tecnico,20535.86,no_moroso
49,3034.64,0,2.3,0,Universitario,8363.21,no_moroso
40,5550.24,2,,0,Posgrado,17079.5,no_moroso
21,12423.44,4,11.4,0,Universitario,32551.72,no_moroso
61,12830.51,4,3.2,0,Tecnico,33003.84,no_moroso
67,13393.48,3,24.6,0,Universitario,33937.38,no_moroso
33,7508.72,7,19.2,0,Tecnico,18953.78,no_moroso
36,12299.16,9,8.9,0,Universitario,33568.96,no_moroso
25,1681.76,7,8.1,0,Secundaria,5124.31,no_moroso
40,5160.68,8,14.6,0,Universitario,15459.62,no_moroso
39,2692.63,6,11.5,1,Posgrado,9300.12,no_moroso
37,1212.63,7,3.0,0,Universitario,5955.22,no_moroso
50,9343.97,2,45.7,1,Tecnico,20000.93,moroso
49,5895.43,1,4.0,0,Universitario,15386.54,no_moroso
69,5742.24,2,29.6,1,universitario,12827.99,no_moroso
53,14002.95,4,23.7,0,Universitario,36125.81,no_moroso
59,861.64,9,1.1,1,Secundaria,2360.41,no_moroso
62,2001.81,5,0.3,0,Tecnico,7110.63,no_moroso
51,7004.19,7,3.1,1,Secundaria,17524.02,no_moroso
36,5741.39,3,7.9,0,Universitario,15701.3,no_moroso
51,11110.41,9,63.3,1,Secundaria,24572.45,moroso
34,,0,18.0,1,Universitario,3019.9,no_moroso
56,4854.57,9,8.0,1,Tecnico,12949.34,no_moroso
63,2533.1,7,8.7,1,Tecnico,6701.32,no_moroso
48,8671.64,1,14.7,0,Universitario,23372.76,no_moroso
26,9455.06,7,24.6,0,Secundaria,24043.97,no_moroso
59,,8,14.0,0,Universitario,35636.27,no_moroso
63,9983.06,8,6.7,0,Tecnico,26919.8,no_moroso
34,6475.05,7,8.1,0,SECUNDARIA,17834.3,no_moroso
46,10316.13,0,0.0,0,Universitario,27739.21,no_moroso
54,3937.51,2,71.0,1,Universitario,7572.19,moroso
30,5494.67,3,13.7,0,Secundaria,15161.32,no_moroso
41,6361.25,2,55.2,1,Secundaria,11723.13,moroso
25,8898.04,7,53.6,0,Posgrado,23414.33,moroso
63,12504.04,7,3.4,0,Posgrado,35053.44,no_moroso
34,2862.4,1,2.5,0,Tecnico,7333.71,no_moroso
21,5081.78,7,14.8,1,Tecnico,12403.27,no_moroso
18,10465.3,2,17.3,0,Tecnico,25710.16,no_moroso
68,3583.71,3,8.6,0,Tecnico,9143.88,no_moroso
67,2037.02,8,15.5,0,Universitario,7131.33,no_moroso
45,8233.5,9,17.5,1,Universitario,21263.75,no_moroso
53,1038.11,2,5.8,0,Tecnico,3072.95,no_moroso
27,7299.11,0,2.6,0,Tecnico,18314.07,no_moroso
50,13881.37,6,8.8,1,Secundaria,33382.4,no_moroso
28,3617.1,9,7.0,0,Tecnico,10753.95,no_moroso
32,3399.75,5,11.3,1,Posgrado,10468.08,no_moroso
50,10602.42,1,17.6,0,Secundaria,25501.07,no_moroso
65,802.64,0,2.0,1,Secundaria,588.39,no_moroso
27,3161.99,1,5.7,1,TECNICO,7557.88,no_moroso
49,8021.01,2,9.1,0,Secundaria,20515.26,no_moroso
37,14489.39,1,19.6,0,Secundaria,35144.58,no_moroso
65,2996.27,0,1.9,1,Tecnico,6509.25,no_moroso
37,2528.33,1,4.3,1,Universitario,6749.43,no_moroso
46,8158.52,3,9.0,0,Tecnico,21550.89,no_moroso
23,,8,6.6,1,Universitario,15521.03,no_moroso
45,6770.77,4,6.2,0,Secundaria,17999.42,no_moroso
62,14968.78,7,1.3,1,Universitario,38750.47,no_moroso
59,1146.62,2,3.1,0,Universitario,5092.4,no_moroso
61,,4,7.3,0,Universitario,37388.55,no_moroso
55,3357.01,1,11.6,0,Tecnico,7566.64,no_moroso
24,14333.76,8,8.4,0,Universitario,39162.16,no_moroso
60,,6,13.4,0,posgrado,11507.99,no_moroso
52,4214.46,1,5.8,0,Universitario,11999.87,no_moroso
19,5868.43,4,1.3,0,Tecnico,16876.52,no_moroso
35,2090.58,4,31.5,0,Secundaria,4759.59,moroso
23,1216.8,6,0.1,1,Universitario,4249.86,no_moroso
42,1718.69,6,12.1,1,Universitario,4672.2,no_moroso
67,11237.06,6,4.9,1,Secundaria,27682.52,no_moroso
34,9486.34,6,20.6,0,Tecnico,24588.9,no_moroso
59,6255.21,5,0.2,1,universitario,16250.96,no_moroso
30,8349.71,0,32.6,0,universitario,20174.32,moroso
64,,7,9.7,1,Universitario,5255.02,no_moroso
68,3044.61,5,7.6,0,Posgrado,293963.9743086236,no_moroso
23,5861.47,6,4.0,1,Tecnico,14649.25,no_moroso
37,9542.06,1,21.9,1,Tecnico,22140.08,no_moroso
61,,4,0.5,0,Tecnico,10661.09,no_moroso
30,4172.82,2,19.6,1,Posgrado,10680.93,no_moroso
57,6452.77,2,,1,Tecnico,15943.06,no_moroso
60,14224.77,4,0.2,1,Secundaria,34370.63,no_moroso
56,2755.26,7,13.1,0,Tecnico,7987.58,no_moroso
51,9181.22,1,41.8,1,Posgrado,23001.36,moroso
41,4317.85,6,,0,Posgrado,12254.04,moroso
32,3309.71,7,3.3,1,Universitario,9903.77,no_moroso
27,8727.37,4,,1,Secundaria,20120.16,no_moroso
32,12412.97,2,,0,Secundaria,30905.59,no_moroso
66,7640.27,1,26.0,0,Universitario,19099.07,no_moroso
55,6490.95,8,1.8,0,Tecnico,18242.55,no_moroso
68,13289.15,1,,0,Tecnico,33995.31,no_moroso
31,12238.08,0,16.5,1,Universitario,29788.68,no_moroso
56,2696.68,3,2.6,0,Universitario,8928.16,no_moroso
59,,1,0.8,0,Posgrado,22944.41,no_moroso
30,9303.49,6,5.9,0,Secundaria,24253.69,no_moroso
47,2087.67,2,4.8,0,TECNICO,6377.53,no_moroso
51,4107.09,0,5.6,0,Universitario,10570.22,no_moroso
23,11309.2,7,1.0,0,Posgrado,32927.75,no_moroso
31,5551.65,4,14.2,0,Tecnico,15095.36,no_moroso
53,6161.5,2,13.4,1,Posgrado,16871.34,no_moroso
27,1826.52,4,4.1,0,Universitario,7033.63,no_moroso
61,11913.72,9,31.5,1,Posgrado,32153.29,moroso
29,2308.98,0,10.1,0,Tecnico,221010.41456009442,no_moroso
37,14286.3,0,1.2,1,Secundaria,34131.89,no_moroso
30,13451.87,1,11.2,0,Universitario,34902.89,no_moroso
38,3912.24,4,18.2,0,Tecnico,9366.16,no_moroso
68,13209.15,1,41.9,0,Universitario,32638.97,moroso
32,12010.17,2,12.6,0,Universitario,31183.54,no_moroso
66,,6,3.2,0,Secundaria,13633.08,no_moroso
39,6355.28,0,17.7,1,Secundaria,12928.15,no_moroso
51,970.55,2,46.3,0,Posgrado,4706.22,moroso
48,5105.2,7,5.5,0,Tecnico,14645.78,no_moroso
50,4055.5,3,,0,Secundaria,10926.74,no_moroso
21,11243.45,1,17.0,0,Secundaria,27670.0,no_moroso
25,4446.48,1,6.1,0,Tecnico,11392.89,no_moroso
30,6013.04,8,,1,Posgrado,16490.22,moroso
52,6164.04,3,5.2,0,Universitario,17317.63,no_moroso
19,14192.84,1,52.0,1,Universitario,32893.53,moroso
25,,3,7.0,0,Tecnico,13755.51,no_moroso
60,2862.06,0,23.4,0,Universitario,6935.03,no_moroso
36,12371.37,8,5.3,0,Posgrado,34264.38,no_moroso
28,14458.7,3,17.1,0,Universitario,38034.91,no_moroso
24,9689.69,3,9.0,1,Universitario,24978.28,no_moroso
61,14121.63,3,1.8,1,Posgrado,37211.5,no_moroso
32,1265.3,0,2.1,0,Tecnico,3374.33,no_moroso
20,2735.47,1,64.5,1,Secundaria,3376.63,moroso
21,5525.35,5,3.8,0,tecnico,15149.66,no_moroso
50,12445.5,4,2.6,0,SECUNDARIA,31100.03,no_moroso
54,5138.15,5,7.9,1,Tecnico,12431.56,no_moroso
62,6792.79,0,17.4,1,Posgrado,18766.02,no_moroso
58,10186.9,1,14.8,0,UNIVERSITARIO,26259.0,no_moroso
64,12576.95,7,17.4,0,Universitario,33669.49,no_moroso
41,11698.6,7,4.5,0,Posgrado,33684.18,no_moroso
35,4302.61,3,2.7,1,Posgrado,12494.63,no_moroso
20,13354.86,2,1.6,0,Tecnico,33931.71,no_moroso
31,9383.77,8,7.9,0,Universitario,26048.73,no_moroso
54,6565.89,2,15.1,1,Secundaria,14306.97,no_moroso
33,11685.31,1,20.5,0,Secundaria,28155.03,no_moroso
37,1297.52,8,0.7,1,Universitario,5455.6,no_moroso
54,11804.34,5,1.9,1,Tecnico,28730.5,no_moroso
62,12285.31,1,6.8,1,Posgrado,32869.87,no_moroso
40,,0,0.1,1,Posgrado,30623.56,no_moroso
26,4801.72,7,,0,Secundaria,11769.05,no_moroso
54,1245.05,0,4.9,0,Secundaria,2740.37,no_moroso
66,14995.88,6,20.9,0,Secundaria,37050.3,no_moroso
49,4427.31,9,1.8,0,Universitario,13849.81,no_moroso
45,9125.73,5,26.8,0,Tecnico,23375.37,no_moroso
41,1464.51,6,14.7,0,Secundaria,4215.67,no_moroso
42,2089.86,2,5.4,0,Universitario,6809.82,no_moroso
67,12583.82,1,8.8,1,Tecnico,30729.55,no_moroso
53,,4,10.0,0,Universitario,16794.22,no_moroso
57,,5,16.2,0,Secundaria,22902.54,no_moroso
45,5040.66,2,14.9,1,Tecnico,11319.63,no_moroso
67,5668.77,9,2.7,0,Secundaria,246086.3743824439,no_moroso
39,9461.32,7,13.5,1,Tecnico,23450.98,no_moroso
56,9361.85,0,11.7,1,Posgrado,25050.95,no_moroso
48,5265.28,2,11.3,0,Universitario,14093.47,no_moroso
26,,5,,0,Universitario,12374.43,no_moroso
18,13063.5,6,10.3,1,Tecnico,31713.03,no_moroso
37,5049.42,9,11.1,0,Secundaria,13837.44,no_moroso
54,5574.42,1,15.2,0,Universitario,15456.37,no_moroso
40,,3,10.5,1,Tecnico,28541.06,no_moroso
47,4097.33,3,26.2,1,tecnico,8387.45,no_moroso
66,,4,,1,Tecnico,6745.19,no_moroso
35,9705.2,2,0.2,0,Secundaria,25485.37,no_moroso
29,6488.15,7,17.4,1,Universitario,16824.12,no_moroso
32,8698.09,5,0.2,0,Tecnico,22643.44,no_moroso
46,,1,11.6,1,Tecnico,20904.6,no_moroso
59,,5,3.0,0,Universitario,14659.41,no_moroso
39,2063.25,0,16.4,0,Tecnico,5815.99,no_moroso
68,11869.69,1,15.2,1,Secundaria,27520.47,no_moroso
27,10849.6,8,23.3,0,Tecnico,28619.81,no_moroso
23,12745.04,4,,1,Universitario,30566.85,no_moroso
23,14452.59,7,9.1,0,Universitario,38441.74,no_moroso
25,13130.11,7,17.6,0,tecnico,34428.54,no_moroso
31,9869.8,8,45.1,0,Universitario,25076.24,moroso
20,4100.17,0,0.0,0,Posgrado,12631.6,no_moroso
24,14971.21,2,2.8,0,Universitario,39151.73,no_moroso
25,5377.6,8,8.3,0,Secundaria,14808.36,no_moroso
35,3947.92,6,12.4,0,Universitario,11591.08,no_moroso
51,13195.88,5,5.4,0,Universitario,34991.52,no_moroso
26,7189.71,8,10.8,0,Tecnico,19972.02,no_moroso
37,1452.76,0,16.8,0,Tecnico,3530.92,no_moroso
65,7571.02,9,,1,Secundaria,18028.72,no_moroso
19,13659.31,8,16.6,1,Tecnico,33761.27,no_moroso
68,10397.54,0,3.3,1,Tecnico,24323.3,no_moroso
58,4955.46,7,4.9,1,Universitario,12895.24,no_moroso
38,1336.92,4,4.5,0,Tecnico,4842.44,no_moroso
29,12606.52,7,25.0,1,Universitario,31800.24,no_moroso
51,12602.01,9,0.7,1,Tecnico,32512.31,no_moroso
46,1816.24,6,3.6,0,Universitario,7444.33,no_moroso
28,3342.43,6,6.9,1,Posgrado,10802.97,no_moroso
26,9007.04,8,8.6,1,Secundaria,22429.95,no_moroso
61,2104.59,7,4.4,1,Tecnico,5163.5,no_moroso
28,12194.91,3,21.9,0,Universitario,31659.7,no_moroso
18,14878.8,7,31.4,1,Tecnico,36405.22,moroso
21,3991.44,6,,1,Posgrado,11281.32,no_moroso
21,9005.98,9,5.8,1,Universitario,24578.2,no_moroso
33,,3,16.2,1,Posgrado,27862.08,no_moroso
37,2799.42,9,8.9,0,Secundaria,7597.8,no_moroso
19,946.37,8,5.6,1,Universitario,4083.6,no_moroso
47,4925.02,5,4.0,0,Universitario,15324.04,no_moroso
55,12857.06,3,6.0,1,Tecnico,31777.14,no_moroso
33,3738.92,6,2.9,1,Secundaria,9455.98,no_moroso
54,8545.36,2,8.7,0,Tecnico,22327.07,no_moroso
55,8738.45,5,17.5,0,Secundaria,21901.75,no_moroso
31,9901.81,2,,0,Tecnico,24086.74,moroso
56,,3,27.3,1,Tecnico,25697.63,no_moroso
18,13778.58,3,6.8,1,Posgrado,35933.62,no_moroso
38,5032.63,6,20.3,0,Secundaria,13199.3,no_moroso
53,10194.0,9,7.1,0,Secundaria,26536.51,no_moroso
41,5749.81,4,0.5,0,Tecnico,15820.71,no_moroso
63,7529.73,5,5.7,1,Tecnico,18317.42,no_moroso
51,13098.57,7,58.8,0,Tecnico,31328.91,moroso
18,5867.47,5,6.2,1,Universitario,15000.48,no_moroso
54,9692.3,1,2.1,0,Tecnico,24911.45,no_moroso
22,832.99,2,26.4,0,Tecnico,1125.16,no_moroso
43,6540.92,8,6.9,0,UNIVERSITARIO,19008.63,no_moroso
54,11880.37,1,58.9,0,Secundaria,26776.64,moroso
40,1038.03,4,25.4,0,Universitario,3521.47,no_moroso
59,10824.07,6,9.0,0,Secundaria,28562.27,no_moroso
55,4641.55,0,,0,Posgrado,13890.48,no_moroso
53,7275.41,4,,1,Universitario,18897.24,no_moroso
52,14645.78,4,27.2,0,Secundaria,35548.62,no_moroso
64,8346.31,3,14.2,1,Secundaria,20025.55,no_moroso
64,9564.77,9,11.2,0,Tecnico,25309.23,no_moroso
40,5554.28,0,5.8,0,Posgrado,17372.37,no_moroso
45,13912.27,8,,1,Universitario,37081.99,no_moroso
49,2020.11,4,3.0,1,Secundaria,3897.67,no_moroso
54,9773.7,1,7.4,1,Tecnico,23417.46,no_moroso
26,4608.0,5,9.8,0,Universitario,14256.4,no_moroso
37,13195.88,2,0.1,0,Universitario,34564.94,no_moroso
48,864.09,5,,0,TECNICO,2647.41,no_moroso
37,11596.82,3,15.0,1,Tecnico,28000.32,no_moroso
38,6435.45,9,5.3,0,Posgrado,21233.04,no_moroso
63,6239.16,1,19.5,0,Universitario,16623.44,no_moroso
65,4930.65,6,9.9,0,Universitario,14137.62,no_moroso
18,3199.02,4,5.5,1,Posgrado,286831.49217118585,no_moroso
39,3693.3,7,7.1,1,Posgrado,10623.59,no_moroso
62,14879.47,8,8.7,0,Universitario,39816.34,no_moroso
56,10614.48,6,19.0,0,Universitario,28159.76,no_moroso
37,8298.06,9,26.8,0,Posgrado,272005.8623703838,no_moroso
53,9242.89,8,,0,Secundaria,22222.98,moroso
19,4572.27,9,16.3,1,Tecnico,11992.83,no_moroso
28,13703.96,6,10.4,1,Universitario,34199.69,no_moroso
56,13051.83,3,2.4,0,Universitario,34737.11,no_moroso
44,11630.58,9,32.7,0,Universitario,30500.87,moroso
42,6646.79,9,2.3,0,Universitario,20031.28,no_moroso
19,,3,12.6,1,Tecnico,13512.73,no_moroso
24,,3,27.0,0,Universitario,6832.56,no_moroso
39,5794.96,2,6.3,0,Posgrado,17725.39,no_moroso
25,12847.23,9,1.2,0,Universitario,35760.87,no_moroso
23,,6,23.2,0,Posgrado,29240.19,no_moroso
68,5973.59,3,0.5,0,Secundaria,15948.84,no_moroso
45,5246.78,6,,0,Universitario,15135.88,no_moroso
39,1447.34,6,40.5,0,Secundaria,2421.74,moroso
37,6983.5,3,28.2,0,Tecnico,17257.69,no_moroso
58,6709.72,3,22.3,1,Universitario,15588.8,no_moroso
32,13179.68,5,2.0,0,Posgrado,36715.71,no_moroso
26,8607.91,5,6.2,0,Universitario,24072.89,no_moroso
63,12557.07,6,24.3,1,Tecnico,30309.19,no_moroso
40,9854.6,8,5.4,1,Universitario,25162.82,no_moroso
57,11654.52,2,31.3,0,Posgrado,30382.87,moroso
29,5875.31,3,19.4,0,Tecnico,14530.35,no_moroso
66,8589.03,8,4.7,0,Universitario,24596.32,no_moroso
24,9861.29,8,26.8,0,Tecnico,24769.99,no_moroso
39,12793.48,8,4.1,0,Secundaria,34023.14,no_moroso
43,1612.58,6,2.3,0,Posgrado,7902.2,no_moroso
49,4283.1,4,17.9,1,Universitario,10907.92,no_moroso
29,11175.88,6,61.9,0,Tecnico,26820.0,moroso
33,3373.69,9,6.6,0,Secundaria,9954.09,no_moroso
52,4666.81,9,8.9,0,UNIVERSITARIO,14884.4,no_moroso
33,10643.89,2,1.5,0,Universitario,27187.01,no_moroso
23,863.6,0,36.3,1,Universitario,1516.36,moroso
58,12650.47,2,6.8,0,Universitario,33017.17,no_moroso
54,3950.31,4,12.3,1,Secundaria,9314.86,no_moroso
67,7306.49,6,,1,POSGRADO,20987.87,no_moroso
25,2114.26,4,9.3,0,Universitario,7703.82,no_moroso
42,,3,0.5,1,Secundaria,16832.2,no_moroso
44,7840.78,2,14.2,0,Secundaria,19501.49,no_moroso
32,4604.48,5,48.4,1,Tecnico,8999.39,moroso
54,10112.94,7,19.3,0,Tecnico,26359.27,no_moroso
27,5514.22,1,25.9,0,SECUNDARIA,12552.39,no_moroso
27,,6,10.9,0,Tecnico,238763.20569445056,no_moroso
24,10385.96,3,7.2,0,Universitario,27597.49,no_moroso
24,12791.16,1,14.4,1,UNIVERSITARIO,30609.34,no_moroso
28,3903.03,2,4.2,0,Tecnico,9967.64,no_moroso
26,6533.63,2,2.3,1,Secundaria,14438.57,no_moroso
68,4276.06,5,25.4,0,Tecnico,10603.87,no_moroso
42,1842.49,6,64.7,1,Tecnico,711.14,moroso
35,4197.95,8,26.6,1,Universitario,10786.9,no_moroso
42,13774.03,7,4.0,1,Secundaria,34561.56,no_moroso
65,2031.91,6,13.4,0,Secundaria,5874.42,no_moroso
34,2995.96,0,6.1,0,Universitario,7612.87,no_moroso
30,1130.81,1,5.9,1,Secundaria,405.53,no_moroso
31,7364.95,9,18.8,1,Secundaria,17424.6,no_moroso
67,9228.8,5,13.2,1,SECUNDARIA,20953.52,no_moroso
47,6720.34,3,17.3,1,Universitario,15263.63,no_moroso
69,1940.25,6,8.0,1,Universitario,6192.82,no_moroso
33,13774.53,8,5.1,1,Universitario,36191.41,no_moroso
46,3770.71,4,,0,Universitario,11112.92,no_moroso
29,844.94,6,3.5,1,Universitario,3153.42,no_moroso
33,8186.36,0,46.8,0,Posgrado,20039.16,moroso
26,8766.62,8,7.9,1,Universitario,23077.31,no_moroso
29,2789.66,8,9.4,0,Secundaria,7870.81,no_moroso
20,4511.23,3,1.8,1,Universitario,12614.05,no_moroso
49,,5,16.6,1,Universitario,13579.5,no_moroso
60,2974.97,8,8.3,0,Universitario,10137.72,no_moroso
60,6414.65,2,1.9,0,Secundaria,16213.52,no_moroso
60,11774.64,4,3.3,1,Universitario,31295.32,no_moroso
50,11374.19,3,6.2,0,Universitario,29595.0,no_moroso
34,1416.93,3,31.2,0,Universitario,3571.94,moroso
29,6163.53,9,1.5,0,Secundaria,17228.18,no_moroso
34,14599.96,8,39.0,1,Universitario,37360.72,moroso
65,13833.78,9,2.3,0,Posgrado,38432.16,no_moroso
42,6275.95,2,57.1,1,Secundaria,12749.97,moroso
40,9828.73,6,,0,Universitario,25953.28,no_moroso
57,10666.26,3,10.3,0,Universitario,27493.06,no_moroso
64,7431.41,1,13.8,0,Universitario,20244.0,no_moroso
55,14508.43,5,7.5,1,Universitario,36400.75,no_moroso
62,3316.42,9,56.4,0,Secundaria,7258.98,moroso
38,,4,32.0,0,Universitario,13523.93,moroso
37,11774.79,3,2.3,0,Tecnico,30439.19,no_moroso
28,6574.03,1,1.4,1,Tecnico,15701.29,no_moroso
26,10007.81,7,11.1,0,Universitario,27453.47,no_moroso
40,6508.27,3,8.1,0,Tecnico,16922.33,no_moroso
62,7051.71,0,35.3,1,Posgrado,17811.45,moroso
35,2238.8,3,18.2,0,Tecnico,6828.01,no_moroso
27,,4,1.1,1,Posgrado,22208.76,no_moroso
26,13189.52,9,,1,Universitario,34528.53,no_moroso
41,11240.11,4,2.5,1,Tecnico,28459.16,no_moroso
49,,3,10.6,1,Universitario,21490.89,no_moroso
41,863.58,1,26.8,0,Tecnico,1013.54,no_moroso
58,3567.39,8,8.1,0,Universitario,11722.07,no_moroso
67,4995.32,3,4.1,0,Tecnico,12715.86,no_moroso
69,10029.11,5,37.5,0,Universitario,24841.67,moroso
30,14191.48,0,3.0,0,Universitario,36136.69,no_moroso
60,8700.99,7,17.8,0,Tecnico,23218.72,no_moroso
68,10584.42,6,23.5,0,Secundaria,26126.34,no_moroso
59,,3,6.5,0,Universitario,21476.27,no_moroso
35,3673.99,8,8.5,0,Tecnico,11041.58,no_moroso
23,921.74,1,31.5,0,Posgrado,4418.06,moroso
67,7886.81,1,6.7,1,Universitario,19817.48,no_moroso
30,3298.01,2,18.3,1,Posgrado,8798.38,no_moroso
34,1334.33,3,2.3,0,Universitario,4059.25,no_moroso
58,2101.56,7,15.3,0,Tecnico,5762.28,no_moroso
61,4489.61,2,22.4,0,Universitario,11852.78,no_moroso
30,13971.41,3,0.8,1,Secundaria,182998.40770398558,no_moroso
52,,0,0.7,1,Tecnico,19443.54,no_moroso
20,,9,13.9,1,Tecnico,32040.8,no_moroso
47,8011.82,3,0.1,0,Posgrado,23256.73,no_moroso
23,12911.28,2,29.1,1,Universitario,31531.47,no_moroso
58,9332.86,1,29.6,0,Universitario,23681.65,no_moroso
44,11039.11,4,16.5,1,Universitario,27010.67,no_moroso
47,14517.56,3,5.2,0,Posgrado,40071.1,no_moroso
69,14823.8,0,11.5,1,Secundaria,34747.23,no_moroso
50,14571.24,9,30.5,1,Tecnico,35561.33,moroso
57,13789.62,8,37.9,0,Tecnico,35038.27,moroso
65,4709.62,9,0.7,1,Tecnico,177971.40994535806,no_moroso
61,13166.05,0,11.9,1,Secundaria,30525.23,no_moroso
38,11134.51,0,10.1,0,Secundaria,27966.51,no_moroso
67,3764.51,7,25.8,0,Universitario,11112.69,no_moroso
55,14855.86,1,59.0,1,Universitario,34291.47,moroso
55,11881.25,8,25.0,0,Universitario,32353.04,no_moroso
55,4476.15,9,14.6,0,Universitario,12989.4,no_moroso
63,3130.87,4,5.8,0,Tecnico,8445.86,no_moroso
42,2318.49,8,,0,posgrado,8991.24,no_moroso
34,3058.1,3,23.8,0,Posgrado,9426.66,no_moroso
47,13878.03,2,6.7,1,Tecnico,33557.8,no_moroso
36,8133.83,9,,0,Posgrado,23518.83,moroso
66,7149.5,8,2.2,0,Secundaria,19005.8,no_moroso
24,13145.41,7,,1,Secundaria,31246.49,no_moroso
43,13582.88,6,10.0,1,Universitario,34069.35,no_moroso
33,6977.64,2,12.8,0,Secundaria,17511.38,no_moroso
23,5914.84,7,75.6,0,Tecnico,13295.64,moroso
18,1515.19,6,19.8,0,Posgrado,6768.0,no_moroso
44,3651.17,1,14.0,0,Secundaria,8088.92,no_moroso
35,3131.76,1,13.7,1,TECNICO,6612.2,no_moroso
27,,6,5.8,0,Posgrado,39468.96,no_moroso
44,3336.83,4,11.2,0,Universitario,10400.41,no_moroso
47,14520.43,8,37.7,0,Universitario,37966.19,moroso
34,8773.38,6,1.4,0,Posgrado,25660.07,no_moroso
31,14532.74,0,4.8,1,Tecnico,34862.47,no_moroso
59,8310.84,6,4.5,1,Universitario,21797.0,no_moroso
26,8154.34,3,13.1,0,Posgrado,23567.4,no_moroso
51,13547.04,3,,1,Tecnico,31358.76,moroso
66,6121.91,2,9.1,0,Secundaria,15210.42,no_moroso
24,6425.98,9,19.4,1,Universitario,16389.63,no_moroso
64,7070.07,7,4.1,1,Posgrado,20026.22,no_moroso
22,1913.2,2,17.2,1,Tecnico,3291.06,no_moroso
62,,4,2.9,0,Universitario,10282.87,no_moroso
40,,1,9.8,0,Secundaria,4904.44,no_moroso
62,,1,16.2,1,Secundaria,17289.81,no_moroso
38,5351.49,4,14.9,0,Tecnico,13463.86,no_moroso
49,9625.45,5,11.2,1,Tecnico,24254.17,no_moroso
46,4422.16,8,,0,SECUNDARIA,12605.39,no_moroso
69,5354.18,2,0.3,0,Universitario,15501.2,no_moroso
33,6405.73,1,6.3,0,Universitario,17560.54,no_moroso
40,3409.58,9,,1,Universitario,8674.86,no_moroso
24,9742.18,6,4.5,1,Universitario,26223.24,no_moroso
22,11671.84,2,16.3,1,Universitario,28436.67,no_moroso
58,6755.69,6,,1,Posgrado,19395.37,no_moroso
18,9781.59,9,19.3,1,Universitario,25683.25,no_moroso
49,11913.65,6,3.0,1,Secundaria,29490.38,no_moroso
21,3324.68,0,5.0,0,Tecnico,8429.65,no_moroso
58,5316.95,7,15.6,0,Secundaria,13576.11,no_moroso
65,,5,13.7,1,Posgrado,4638.07,no_moroso
45,13942.12,9,23.0,0,Universitario,36875.07,no_moroso
58,11930.27,8,7.6,0,Tecnico,32132.99,no_moroso
19,6895.53,8,14.1,0,Universitario,19584.42,no_moroso
36,3790.14,9,,0,Universitario,12868.65,no_moroso
33,8614.25,4,16.1,1,Posgrado,22565.73,no_moroso
20,1744.79,2,1.6,1,Universitario,4928.5,no_moroso
50,10577.04,3,20.1,0,Tecnico,27457.94,no_moroso
54,4911.6,1,33.2,0,Tecnico,10714.29,moroso
27,12237.18,8,14.2,0,Secundaria,31565.57,no_moroso
56,6607.03,9,,0,Universitario,18066.06,no_moroso
65,1422.19,6,11.4,1,Tecnico,4070.5,no_moroso
24,6170.37,4,1.5,0,Tecnico,16541.39,no_moroso
58,14519.4,1,69.7,0,Posgrado,34600.42,moroso
68,10691.04,0,3.6,1,Tecnico,25767.73,no_moroso
50,10853.88,6,22.0,0,Posgrado,30378.71,no_moroso
49,12774.16,5,2.7,1,Tecnico,32296.89,no_moroso
50,6981.65,2,2.0,1,Tecnico,17081.72,no_moroso
32,6047.54,1,1.7,1,Secundaria,14356.02,no_moroso
24,1704.41,1,24.6,1,Universitario,2304.13,no_moroso
68,9355.44,4,40.9,0,Posgrado,24486.55,moroso
38,3296.07,1,14.5,1,Secundaria,7182.39,no_moroso
30,,4,15.6,0,Posgrado,22335.61,no_moroso
23,3660.58,1,10.7,1,Tecnico,7571.84,no_moroso
37,7623.46,9,12.7,0,Universitario,21221.52,no_moroso
48,13028.66,0,42.3,0,Universitario,31698.84,moroso
37,12971.46,8,1.5,1,Tecnico,32800.05,no_moroso
25,,2,16.9,1,Tecnico,33667.39,no_moroso
57,4819.45,2,13.9,1,Tecnico,9941.77,no_moroso
20,5711.31,1,5.8,1,Tecnico,12915.23,no_moroso
26,14631.97,5,37.0,1,Tecnico,33959.6,moroso
67,5556.5,4,0.9,1,Tecnico,13883.56,no_moroso
21,13616.61,8,7.1,0,Universitario,36648.73,no_moroso
63,12384.32,5,53.3,0,Tecnico,29835.62,moroso
52,,6,32.0,0,Tecnico,2716.16,moroso
49,6899.17,9,34.2,1,Tecnico,16075.03,moroso
37,9447.71,6,5.6,0,Universitario,27345.92,no_moroso
43,5032.86,5,,0,Universitario,14903.1,no_moroso
62,5573.99,4,12.2,1,UNIVERSITARIO,14860.68,no_moroso
24,2586.86,2,6.1,1,Universitario,6708.37,no_moroso
26,5956.41,0,3.5,0,Tecnico,15769.62,no_moroso
22,14910.22,5,5.6,1,Secundaria,37773.07,no_moroso
29,6050.37,9,1.0,1,Secundaria,16297.96,no_moroso
64,10858.25,4,16.0,0,Tecnico,27467.89,no_moroso
65,6404.98,3,34.5,0,Tecnico,15465.63,moroso
67,,0,1.8,1,Secundaria,6234.07,no_moroso
39,955.68,1,3.9,0,Tecnico,2459.0,no_moroso
22,5847.87,8,9.8,0,Universitario,17150.29,no_moroso
57,5321.05,3,24.2,0,Tecnico,12717.63,no_moroso
22,3011.47,2,0.9,1,Universitario,8921.14,no_moroso
32,9228.35,7,,0,Posgrado,27831.86,no_moroso
66,13152.81,2,3.1,1,Tecnico,31906.84,no_moroso
39,10599.59,4,4.1,1,Universitario,27956.57,no_moroso
18,8085.07,6,38.1,1,Tecnico,18456.6,moroso
29,11801.42,8,19.1,0,Universitario,31957.14,no_moroso
25,7053.07,0,49.1,0,Tecnico,14912.65,moroso
59,8476.96,6,30.0,1,Posgrado,22915.83,no_moroso
56,1318.24,0,36.1,1,Secundaria,200.0,moroso
27,4564.19,8,1.3,0,Universitario,14307.97,no_moroso
52,,3,9.3,1,Universitario,11495.52,no_moroso
68,4204.58,2,46.4,1,Secundaria,7289.58,moroso
47,13169.39,9,29.0,0,Universitario,35408.27,no_moroso
41,14060.11,9,31.2,0,Posgrado,38824.28,moroso
35,,0,38.6,0,Universitario,6984.1,moroso
65,10679.85,3,12.3,1,POSGRADO,28565.93,no_moroso
54,7057.13,9,21.9,1,Universitario,18051.15,no_moroso
65,7793.33,8,3.9,1,Tecnico,19929.54,no_moroso
27,2101.09,2,18.9,0,Universitario,6849.93,no_moroso
44,13596.41,1,32.1,0,Universitario,34495.41,moroso
55,14027.08,2,,0,UNIVERSITARIO,36532.28,no_moroso
43,,9,6.1,1,Tecnico,29468.82,no_moroso
49,3991.23,5,17.1,0,Universitario,12074.98,no_moroso
61,13102.75,9,1.1,0,Secundaria,35834.16,no_moroso
34,8666.17,9,2.3,1,Tecnico,22198.63,no_moroso
37,14346.0,4,,0,Universitario,36712.19,no_moroso
30,6580.78,0,,1,Universitario,16251.29,no_moroso
63,14312.82,8,6.8,1,Secundaria,35236.6,no_moroso
20,12499.85,1,4.2,0,secundaria,31346.92,no_moroso
66,2077.15,6,11.7,0,Tecnico,6762.6,no_moroso
46,13228.03,2,13.5,0,Posgrado,35585.37,no_moroso
34,11837.46,1,2.6,1,Tecnico,29172.46,no_moroso
49,6673.78,5,23.0,0,Secundaria,17169.61,no_moroso
58,3677.62,4,,1,Tecnico,8785.76,no_moroso
30,12436.91,3,,0,Posgrado,33485.91,no_moroso
56,11742.15,0,16.0,1,Secundaria,26738.67,no_moroso
31,12420.73,1,,0,Secundaria,29703.16,moroso
51,8444.12,6,11.7,0,Universitario,23357.6,no_moroso
28,13468.18,0,0.8,1,Universitario,33584.13,no_moroso
67,3529.34,2,16.2,0,Posgrado,11985.43,no_moroso
56,8726.41,0,7.2,0,Universitario,23007.4,no_moroso
60,1833.29,4,5.3,1,Universitario,5640.66,no_moroso
28,3228.96,3,8.6,0,Posgrado,11338.34,no_moroso
21,5605.72,6,30.0,0,Posgrado,17262.53,no_moroso
36,10690.92,0,10.8,0,Universitario,26848.91,no_moroso
46,14811.46,8,32.7,1,Posgrado,38613.84,moroso
68,4714.51,8,3.7,0,Tecnico,13346.9,no_moroso
28,3629.12,6,28.9,0,Universitario,10102.56,no_moroso
46,11745.01,4,5.7,1,Universitario,29534.34,no_moroso
58,10813.62,0,48.6,1,Posgrado,26215.07,moroso
58,824.88,1,11.0,0,Tecnico,2857.4,no_moroso
67,2553.8,6,57.7,0,tecnico,5466.15,moroso
41,2687.12,2,1.6,0,Universitario,8540.93,no_moroso
57,5643.88,9,5.6,0,Universitario,16909.58,no_moroso
64,2300.28,8,3.2,0,Tecnico,8700.57,no_moroso
36,1589.83,8,23.3,1,Tecnico,3074.88,no_moroso
38,12956.97,0,,0,Tecnico,31852.89,no_moroso
49,,5,16.9,1,Tecnico,4233.06,no_moroso
50,4834.35,4,29.4,0,Universitario,12306.11,no_moroso
55,9193.53,0,,1,universitario,23107.08,no_moroso
37,7865.96,0,12.8,0,Posgrado,22336.34,no_moroso
24,6645.83,6,24.2,0,POSGRADO,19596.05,no_moroso
37,3237.5,1,8.9,1,Universitario,7147.62,no_moroso
29,11677.58,6,5.4,1,Universitario,29936.09,no_moroso
40,1158.93,3,42.9,0,Universitario,2535.29,moroso
19,11935.81,8,2.5,1,Tecnico,30353.72,no_moroso
67,14088.79,6,5.9,0,Secundaria,36788.98,no_moroso
18,,6,83.0,0,Universitario,33002.51,moroso
50,10607.28,3,23.6,1,Posgrado,27981.84,no_moroso
28,13026.61,5,33.3,0,Universitario,33566.17,moroso
59,4098.06,3,,0,Secundaria,9876.58,no_moroso
61,,1,6.7,0,Universitario,16065.05,no_moroso
26,7754.11,6,18.4,1,Universitario,19777.97,no_moroso
51,11868.2,8,15.8,0,Tecnico,30493.93,no_moroso
26,9459.79,3,40.5,1,Tecnico,20662.58,moroso
42,5231.46,6,26.0,1,Tecnico,12059.09,no_moroso
32,13894.73,6,2.1,1,Universitario,36444.72,no_moroso
63,8263.02,5,20.0,0,Tecnico,21290.25,no_moroso
62,14417.83,3,2.6,1,Posgrado,39330.59,no_moroso
27,,5,6.0,0,Posgrado,8363.05,no_moroso
32,5614.84,6,15.8,0,SECUNDARIA,15368.55,no_moroso
29,8402.52,8,22.4,0,Universitario,22436.97,no_moroso
68,7379.05,7,25.6,0,Tecnico,18510.19,no_moroso
63,10131.37,5,2.1,0,Tecnico,26956.05,no_moroso
18,9770.15,9,13.7,1,Tecnico,25148.69,no_moroso
56,9574.35,7,1.8,0,Secundaria,236027.73042720355,no_moroso
45,5626.76,7,0.2,1,Posgrado,16450.01,no_moroso
42,3353.98,2,1.3,0,Universitario,9724.36,no_moroso
39,2696.04,5,2.3,0,Universitario,8193.05,no_moroso
43,10425.71,6,1.7,0,Universitario,28995.26,no_moroso
45,4202.8,2,17.8,1,Tecnico,9308.59,no_moroso
34,10116.65,1,20.0,0,Posgrado,27868.25,no_moroso
41,,5,13.1,1,Secundaria,25571.84,no_moroso
45,3826.41,4,33.7,1,Secundaria,7302.54,moroso
45,4756.14,7,,1,Tecnico,10480.71,moroso
36,11915.0,4,32.0,1,Universitario,29000.94,moroso
34,5082.57,5,1.7,0,Tecnico,15017.51,no_moroso
50,1531.18,1,21.9,0,Tecnico,2616.36,no_moroso
63,11755.4,8,9.7,1,Universitario,29967.97,no_moroso
38,1370.33,7,27.7,1,Secundaria,2069.01,no_moroso
45,9478.58,8,9.2,0,Tecnico,25202.28,no_moroso
48,13003.58,2,0.3,0,Tecnico,32915.52,no_moroso
63,2437.23,0,69.2,1,Universitario,2933.59,moroso
18,4681.51,1,0.5,1,secundaria,10504.32,no_moroso
54,13529.94,8,1.3,0,Universitario,36553.15,no_moroso
19,8760.05,9,20.6,1,Universitario,22977.99,no_moroso
27,11555.61,8,4.4,1,Universitario,30078.6,no_moroso
62,12382.89,9,5.1,0,Posgrado,35278.57,no_moroso
51,7278.86,7,2.8,1,Secundaria,18043.11,no_moroso
47,933.78,8,1.5,1,Tecnico,3646.48,no_moroso
64,4557.72,2,4.9,0,Tecnico,11094.67,no_moroso
43,4483.68,7,53.8,0,Tecnico,9980.86,moroso
48,3181.91,5,4.4,1,Tecnico,7973.38,no_moroso
50,14504.32,5,21.4,0,Secundaria,36730.2,no_moroso
28,3548.43,0,40.5,0,Universitario,8311.67,moroso
46,,4,25.9,1,Universitario,8042.11,no_moroso
48,14908.7,9,6.4,0,Tecnico,38868.04,no_moroso
69,7771.63,9,31.7,0,Secundaria,19265.12,moroso
28,13208.13,0,10.1,1,Tecnico,31175.99,no_moroso
45,2735.42,2,23.5,0,Secundaria,6937.32,no_moroso
30,11490.32,6,4.6,1,Tecnico,29190.25,no_moroso
35,12081.42,2,40.1,1,universitario,29061.04,moroso
48,6994.02,3,11.2,1,POSGRADO,18835.99,no_moroso
37,13227.57,4,29.6,0,Posgrado,34720.83,no_moroso
19,13104.04,4,5.1,0,Tecnico,34030.5,no_moroso
32,13257.05,4,10.3,0,Universitario,35014.52,no_moroso
48,3136.89,4,5.1,0,Secundaria,7995.89,no_moroso
64,9926.05,0,41.7,0,Tecnico,23085.57,moroso
63,11898.89,0,27.1,1,Secundaria,26895.24,no_moroso
62,,4,21.7,0,Posgrado,38832.4,no_moroso
50,996.8,4,31.7,0,UNIVERSITARIO,3088.07,moroso
44,,2,18.1,0,Tecnico,10208.07,no_moroso
20,3154.56,6,4.5,0,POSGRADO,12399.5,no_moroso
49,6028.76,2,0.1,0,Tecnico,17012.78,no_moroso
23,1911.17,5,3.2,0,Tecnico,5732.19,no_moroso
44,,9,18.9,0,Universitario,9855.5,no_moroso
59,7243.44,7,27.2,1,Universitario,18637.77,no_moroso
61,3191.48,3,20.0,1,Universitario,7824.73,no_moroso
23,6815.01,3,1.9,0,Posgrado,20405.21,no_moroso
35,5487.18,8,12.9,0,Tecnico,15343.85,no_moroso
31,11668.61,0,8.8,0,Universitario,29681.18,no_moroso
60,9595.45,3,2.8,1,Tecnico,23193.17,no_moroso
60,11585.8,3,3.8,1,Posgrado,30605.64,no_moroso
54,10481.61,3,4.0,0,Secundaria,26695.57,no_moroso
58,5185.33,3,29.1,0,Universitario,13339.54,no_moroso
56,6918.42,6,18.4,1,tecnico,16572.9,no_moroso
46,4944.12,3,5.0,1,Universitario,271367.9585919289,no_moroso
43,,4,3.3,1,Universitario,10452.7,no_moroso
31,2232.43,5,27.0,1,Secundaria,3318.38,no_moroso
58,12270.22,9,34.1,0,Universitario,32421.93,moroso
42,13474.5,8,2.9,0,Tecnico,35366.26,no_moroso
35,9734.14,3,5.1,1,Tecnico,23754.86,no_moroso
47,4013.5,4,31.8,1,Tecnico,8323.17,moroso
41,13953.01,9,1.1,1,Tecnico,35348.9,no_moroso
33,9363.64,5,31.9,0,Posgrado,25504.14,moroso
30,14988.44,2,11.3,1,Tecnico,36764.22,no_moroso
28,7240.47,1,25.3,0,Universitario,18864.63,no_moroso
18,5328.19,2,59.4,0,Secundaria,10209.87,moroso
39,1458.13,1,1.7,0,Tecnico,3992.73,no_moroso
28,14060.68,1,52.5,0,Universitario,34212.94,moroso
36,,5,38.1,1,Tecnico,28164.45,moroso
45,,5,38.1,0,Universitario,16339.44,moroso
67,4131.35,6,10.9,0,Secundaria,9987.54,no_moroso
46,9148.72,8,22.1,1,Universitario,22459.46,no_moroso
23,12421.45,1,6.2,1,Posgrado,31406.84,no_moroso
63,12860.42,1,,0,Universitario,34289.7,no_moroso
47,2702.15,9,4.4,1,Universitario,8114.54,no_moroso
40,1494.78,0,7.0,1,Posgrado,5207.68,no_moroso
68,13453.14,7,14.7,0,Posgrado,38513.31,no_moroso
69,6039.35,5,5.1,0,Universitario,17405.19,no_moroso
52,3029.61,9,6.8,0,Tecnico,9384.43,no_moroso
40,9833.42,8,15.8,0,Secundaria,25025.87,no_moroso
63,12439.36,3,,0,Posgrado,33450.14,moroso
19,10306.32,0,4.1,0,Tecnico,26181.34,no_moroso
51,2170.98,6,17.1,1,Posgrado,6927.15,no_moroso
53,2397.25,5,30.2,0,Universitario,7104.56,moroso
19,3623.3,0,3.3,0,Tecnico,8951.41,no_moroso
61,12269.91,2,31.0,0,Universitario,30967.2,moroso
45,14465.55,0,,0,Universitario,37124.17,no_moroso
69,14102.93,6,0.5,1,Tecnico,35483.5,no_moroso
64,8085.91,8,8.2,0,Secundaria,19984.46,no_moroso
28,4113.63,8,40.0,1,Tecnico,9403.48,moroso
60,13619.54,4,11.4,1,Universitario,34696.34,no_moroso
50,,9,5.9,1,Universitario,32894.37,no_moroso
46,4026.87,5,3.0,0,Secundaria,10620.13,no_moroso
42,5752.29,2,0.3,1,Universitario,13804.88,no_moroso
43,7384.28,7,7.5,1,Posgrado,21928.97,no_moroso
62,10315.41,2,11.6,1,Universitario,25008.53,no_moroso
38,1122.03,2,11.8,1,Universitario,1748.37,no_moroso
33,7305.29,6,0.3,1,TECNICO,17982.72,no_moroso
48,7669.35,8,,0,Posgrado,22166.91,moroso
64,10152.34,0,4.0,1,Universitario,25285.62,no_moroso
43,5060.34,7,2.1,0,Universitario,15004.55,no_moroso
27,6145.93,3,16.6,0,Tecnico,15591.5,no_moroso
46,14816.32,8,0.4,0,Secundaria,39145.02,no_moroso
19,7035.44,4,0.7,0,Universitario,19767.65,no_moroso
63,2042.09,6,21.8,1,POSGRADO,6740.55,no_moroso
54,12799.42,7,14.9,0,Universitario,34776.21,no_moroso
62,3176.53,7,14.5,1,Secundaria,7167.89,no_moroso
21,4555.81,2,,0,Secundaria,12409.76,no_moroso
62,12697.61,0,30.8,0,Universitario,31757.1,moroso
23,4877.56,2,5.6,1,Posgrado,14214.3,no_moroso
44,11031.91,2,7.7,0,POSGRADO,30233.06,no_moroso
18,4061.75,0,18.0,1,Secundaria,7230.53,no_moroso
57,14527.8,7,9.5,1,Universitario,37180.3,no_moroso
24,14967.35,9,1.5,0,Tecnico,40153.59,no_moroso
33,6992.55,8,4.8,1,Universitario,18605.49,no_moroso
45,,5,15.4,0,Tecnico,25521.64,no_moroso
58,14589.61,7,3.4,1,Universitario,37559.44,no_moroso
39,3438.39,6,14.1,0,Universitario,10810.66,no_moroso
53,12717.05,4,12.2,0,Secundaria,32094.6,no_moroso
20,4969.77,4,26.5,0,Secundaria,11079.03,no_moroso
63,3954.63,8,4.5,0,Posgrado,13121.87,no_moroso
67,,8,6.8,0,Secundaria,25283.23,no_moroso
38,3788.24,7,32.6,0,Universitario,11069.05,moroso
30,5832.06,4,16.3,1,Posgrado,16730.54,no_moroso
32,14830.05,6,14.2,0,Secundaria,36889.65,no_moroso
28,3426.57,3,18.0,0,Posgrado,11062.79,no_moroso
45,6411.94,4,35.0,1,Tecnico,14471.91,moroso
53,6243.47,7,18.1,1,Tecnico,15128.61,no_moroso
62,,1,5.6,0,Posgrado,13180.15,no_moroso
21,,6,17.3,0,Posgrado,13159.22,no_moroso
56,5862.41,9,9.0,1,Universitario,15710.78,no_moroso
27,12020.5,3,8.6,1,Posgrado,32499.05,no_moroso
32,11422.19,1,15.7,0,Universitario,29437.63,no_moroso
62,1852.78,4,,0,Universitario,5480.79,moroso
32,9864.9,2,10.9,0,Posgrado,27349.07,no_moroso
47,7036.8,9,4.9,1,Tecnico,18051.61,no_moroso
53,5165.77,0,20.2,0,Universitario,14006.42,no_moroso
55,8159.83,1,18.0,1,tecnico,19207.68,no_moroso
41,8962.05,7,35.0,0,Universitario,23845.22,moroso
51,5073.52,0,5.5,0,Tecnico,12835.21,no_moroso
39,9620.3,1,2.1,0,Posgrado,27913.37,no_moroso
46,14940.73,4,,0,Secundaria,37686.85,no_moroso
43,1408.13,3,27.2,0,Tecnico,3692.53,no_moroso
25,4767.34,0,10.0,0,posgrado,14125.12,no_moroso
34,14851.49,1,4.4,0,Posgrado,39992.69,no_moroso
19,4402.2,8,4.8,0,Universitario,13889.55,no_moroso
66,13431.34,6,9.4,0,Posgrado,37163.86,no_moroso
30,4081.08,2,4.8,0,universitario,12542.93,no_moroso
56,3259.92,9,,0,Universitario,8083.07,moroso
24,14092.26,2,51.2,1,Universitario,33010.78,moroso
62,10255.48,4,7.4,0,Tecnico,27598.25,no_moroso
18,3536.23,3,9.9,1,Universitario,9162.86,no_moroso
36,3862.52,7,23.8,0,Tecnico,10609.27,no_moroso
18,7192.76,8,2.9,1,UNIVERSITARIO,19625.86,no_moroso
24,1629.21,5,13.8,1,Secundaria,166104.348158658,no_moroso
20,1162.92,1,3.0,1,Secundaria,2592.43,no_moroso
63,7226.72,5,10.4,1,Posgrado,20686.51,no_moroso
62,7482.45,9,0.1,1,Tecnico,19840.31,no_moroso
65,6081.96,5,89.3,0,Tecnico,11763.98,moroso
21,12995.13,3,5.3,0,Secundaria,33164.05,no_moroso
58,3656.62,1,46.0,0,Universitario,8738.03,moroso
22,13480.32,9,27.4,0,UNIVERSITARIO,36245.55,no_moroso
30,10708.89,1,6.4,0,Universitario,27478.7,no_moroso
41,6856.76,9,4.9,1,Universitario,17786.32,no_moroso
34,5313.1,4,31.2,0,universitario,15155.96,moroso
18,7588.19,6,20.3,0,Tecnico,19761.99,no_moroso
36,5925.37,2,74.6,1,Universitario,11542.57,moroso
59,10431.89,4,4.7,0,Secundaria,26572.34,no_moroso
50,11414.36,9,7.2,0,Tecnico,30072.4,no_moroso
30,1432.7,4,,0,Tecnico,4458.12,no_moroso
31,11824.61,2,12.2,0,Tecnico,29864.52,no_moroso
67,6572.07,4,12.2,0,Secundaria,16170.59,no_moroso
57,1852.5,8,20.4,0,Universitario,5758.09,no_moroso
69,9144.61,4,13.0,0,Universitario,24745.4,no_moroso
49,6191.81,6,0.5,0,Tecnico,17162.86,no_moroso
50,10058.72,8,5.3,0,Posgrado,28720.87,no_moroso
57,12807.37,2,2.0,1,Tecnico,30952.92,no_moroso
35,5440.91,3,36.5,1,Universitario,12465.95,moroso
52,,7,14.3,0,Posgrado,39902.11,no_moroso
53,13903.77,3,1.7,1,Tecnico,34146.2,no_moroso
26,14012.2,0,20.4,0,Tecnico,34445.73,no_moroso
47,5670.68,4,10.7,0,Universitario,15763.54,no_moroso
36,13981.03,9,17.3,1,Tecnico,34993.95,no_moroso
34,8678.62,5,16.0,0,Tecnico,22796.15,no_moroso
49,3081.05,1,25.9,1,Posgrado,8610.83,no_moroso
21,10733.63,0,2.0,0,Posgrado,30265.9,no_moroso
38,1518.01,9,,0,Tecnico,5411.19,no_moroso
62,3771.62,2,7.0,1,Universitario,10065.2,no_moroso
63,6165.06,1,24.9,1,Universitario,14929.77,no_moroso
54,2149.56,5,68.2,1,Posgrado,4235.67,moroso
56,10427.76,2,5.9,1,Secundaria,25032.95,no_moroso
45,4493.73,8,17.4,0,Secundaria,11694.43,no_moroso
40,4528.9,6,46.7,0,Universitario,12121.55,moroso
56,2759.56,7,9.7,1,Universitario,7852.22,no_moroso
34,12791.31,7,8.2,0,Tecnico,33383.25,no_moroso
45,9226.44,4,53.1,1,Secundaria,21060.41,moroso
24,8593.91,4,,0,Tecnico,22238.26,no_moroso
65,11577.12,1,,1,Secundaria,24929.63,moroso
69,4845.53,6,24.2,1,Tecnico,11360.52,no_moroso
28,5999.41,2,0.2,0,Secundaria,15085.16,no_moroso
32,12930.08,4,25.9,0,Secundaria,32228.93,no_moroso
66,14796.19,7,28.5,1,Posgrado,37840.26,no_moroso
39,10048.37,2,,0,Universitario,25426.19,no_moroso
31,2767.48,4,0.2,0,Universitario,9278.09,no_moroso
21,,7,7.8,0,Posgrado,250359.69624315496,no_moroso
39,8700.76,7,9.5,0,Universitario,24083.13,no_moroso
47,3687.49,6,7.5,1,Universitario,10038.86,no_moroso
28,970.01,6,1.0,0,Universitario,4348.14,no_moroso
39,,0,8.1,1,Posgrado,35850.25,no_moroso
58,11137.21,9,6.5,0,Universitario,31134.07,no_moroso
66,7017.12,1,10.7,1,universitario,17298.36,no_moroso
69,12167.79,1,5.1,0,Universitario,32318.8,no_moroso
27,9649.22,8,18.2,1,Tecnico,24681.1,no_moroso
59,10187.21,9,13.8,0,Secundaria,26766.88,no_moroso
46,11018.01,7,9.7,0,Tecnico,29023.18,no_moroso
60,,9,60.3,0,Secundaria,21513.91,moroso
25,13480.01,2,8.7,1,Tecnico,33708.07,no_moroso
20,5495.88,9,0.8,1,Universitario,15047.28,no_moroso
35,7290.81,6,8.9,0,Secundaria,19553.58,no_moroso
27,12109.27,5,8.7,0,Posgrado,33984.17,no_moroso
55,11173.86,8,9.7,0,Universitario,30857.97,no_moroso
25,10303.71,4,64.2,0,Posgrado,26198.3,moroso
21,,5,30.6,0,Universitario,20558.52,moroso
36,,9,,0,Posgrado,31114.35,no_moroso
34,,4,5.0,1,Secundaria,21073.34,no_moroso
51,10691.73,4,2.3,0,Tecnico,27545.68,no_moroso
19,7656.28,8,0.3,1,Universitario,21355.2,no_moroso
20,11603.93,9,2.1,1,Posgrado,32589.34,no_moroso
25,2085.1,7,13.4,0,Secundaria,5888.69,no_moroso
65,,8,,0,Secundaria,20862.56,moroso
20,8746.39,5,1.7,0,Tecnico,23605.98,no_moroso
42,11129.53,5,0.3,1,Secundaria,27022.26,no_moroso
54,11813.04,5,6.2,0,Tecnico,30655.24,no_moroso
18,8492.88,5,43.1,0,Secundaria,20138.35,moroso
58,14823.93,1,11.6,0,Posgrado,39651.08,no_moroso
46,2930.91,0,11.1,1,Universitario,6572.61,no_moroso
19,8248.44,7,21.0,0,Universitario,22130.21,no_moroso
24,12322.85,7,8.6,1,Universitario,31457.07,no_moroso
48,14741.3,6,1.5,0,Tecnico,37773.7,no_moroso
48,8166.5,9,18.9,0,Universitario,22242.51,no_moroso
38,4237.86,4,3.7,0,Universitario,11641.73,no_moroso
63,2708.85,2,37.9,0,Secundaria,4529.22,moroso
25,3955.62,0,22.0,1,Posgrado,10358.34,no_moroso
44,12763.66,2,0.4,0,Secundaria,32591.47,no_moroso
26,894.02,2,1.7,0,Secundaria,2484.17,no_moroso
25,3990.16,4,4.3,0,Posgrado,12718.29,no_moroso
67,1237.13,9,22.8,0,Universitario,5707.57,no_moroso
22,3090.89,4,2.8,0,Tecnico,8934.57,no_moroso
63,2358.3,6,,0,Tecnico,238342.54012497157,no_moroso
61,806.79,2,45.1,0,Universitario,2108.53,moroso
26,8175.82,5,3.8,0,Universitario,22585.89,no_moroso
59,11532.2,8,3.6,0,Secundaria,30743.5,no_moroso
27,12938.06,8,5.3,0,Tecnico,34631.43,no_moroso
46,10269.69,1,5.2,1,Universitario,26104.97,no_moroso
60,,6,5.6,1,Universitario,8966.94,no_moroso
42,11778.21,2,17.5,1,Tecnico,26996.03,no_moroso
39,6692.55,4,9.5,0,Posgrado,20146.46,no_moroso
63,1129.88,0,6.2,0,Tecnico,3335.49,no_moroso
43,,8,13.2,0,Secundaria,8112.7,no_moroso
35,6579.22,9,9.9,1,Universitario,17798.44,no_moroso
22,3829.18,5,2.3,1,Secundaria,8954.69,no_moroso
44,4696.02,2,0.5,0,Universitario,13613.86,no_moroso
37,4519.06,7,0.5,0,Tecnico,13402.61,no_moroso
26,13289.58,3,0.2,1,TECNICO,32167.72,no_moroso
62,8581.39,5,10.1,0,Posgrado,25308.4,no_moroso
31,,9,3.6,1,Secundaria,37642.13,no_moroso
57,8689.34,1,12.5,1,Tecnico,20892.1,no_moroso
26,6864.94,0,14.8,0,Universitario,17897.36,no_moroso
48,4396.56,0,47.5,0,Universitario,9652.78,moroso
44,6740.5,9,26.7,0,Secundaria,16904.15,no_moroso
28,5228.56,9,22.1,1,Universitario,14262.1,no_moroso
29,8922.8,3,4.2,0,Posgrado,25324.97,no_moroso
28,5973.59,4,9.0,1,Universitario,15652.8,no_moroso
57,8486.96,9,6.0,0,Universitario,23865.38,no_moroso
25,8355.09,8,17.0,1,Universitario,21578.47,no_moroso
56,6195.59,3,14.7,1,Posgrado,17300.56,no_moroso
58,,5,9.2,0,Posgrado,20030.52,no_moroso
62,12757.24,2,0.6,0,Secundaria,32475.06,no_moroso
54,10927.39,2,4.8,1,Universitario,27286.1,no_moroso
23,1266.38,3,,0,Secundaria,2259.77,no_moroso
28,7588.28,0,5.1,1,Universitario,18588.39,no_moroso
19,7960.37,8,10.5,0,Universitario,21897.3,no_moroso
25,14034.16,8,34.4,1,Tecnico,33235.11,moroso
27,9408.97,0,15.8,0,Tecnico,23353.78,no_moroso
32,10404.24,2,42.3,1,Tecnico,22605.51,moroso
53,10410.2,7,17.1,0,Posgrado,29273.18,no_moroso
26,12762.6,8,12.3,1,Tecnico,31813.36,no_moroso
42,13777.26,6,50.9,0,Universitario,34629.05,moroso
53,6223.26,1,10.8,1,Tecnico,15000.68,no_moroso
33,2755.6,7,16.7,1,Secundaria,6642.94,no_moroso
36,2303.63,4,17.9,0,Secundaria,6225.11,no_moroso
30,4503.58,9,4.3,0,Tecnico,13179.86,no_moroso
68,6944.75,7,12.7,0,Posgrado,21436.28,no_moroso
52,1712.31,6,25.9,1,Tecnico,166853.73058478782,no_moroso
36,10272.23,4,31.7,0,Universitario,27637.76,moroso
58,1870.04,1,43.3,1,Universitario,3478.96,moroso
28,4064.26,8,17.3,1,Tecnico,10128.16,no_moroso
21,1813.06,4,10.2,1,Secundaria,2466.02,no_moroso
48,4229.87,4,30.3,0,Tecnico,9551.02,moroso
46,13060.38,7,49.2,1,Universitario,31462.26,moroso
34,11761.1,1,0.8,1,Tecnico,28524.02,no_moroso
48,9795.5,4,21.8,1,Universitario,24281.2,no_moroso
22,13375.58,1,1.5,0,Secundaria,33789.1,no_moroso
62,6680.12,3,,1,Universitario,16242.85,no_moroso
30,4077.29,1,18.3,0,Tecnico,9995.38,no_moroso
33,,6,,0,Posgrado,15284.88,moroso
65,3532.74,3,2.1,0,Universitario,10233.45,no_moroso
25,11895.69,3,27.1,0,Secundaria,29648.31,no_moroso
44,3229.07,3,27.3,0,Universitario,8744.26,no_moroso
29,,7,,0,Posgrado,29450.7,no_moroso
65,11542.55,6,18.1,1,Posgrado,30055.49,no_moroso
39,1685.92,7,2.4,1,Universitario,5072.87,no_moroso
62,,4,7.6,1,Universitario,18375.48,no_moroso
51,9307.5,3,8.6,0,Tecnico,24291.23,no_moroso
56,13878.87,6,,0,Tecnico,35582.02,no_moroso
56,4269.99,7,2.6,0,Secundaria,10671.87,no_moroso
29,,0,14.6,0,Universitario,30105.06,no_moroso
42,3986.82,1,9.8,0,Tecnico,9517.5,no_moroso
46,2452.32,1,0.1,1,Tecnico,6095.65,no_moroso
52,1029.14,5,13.9,0,Universitario,4371.98,no_moroso
40,9834.5,1,4.0,1,Tecnico,24050.41,no_moroso
69,4913.48,5,10.8,1,Tecnico,11719.31,no_moroso
18,10902.35,2,21.7,1,Universitario,26941.13,no_moroso
28,11362.23,0,9.3,0,Tecnico,28908.7,no_moroso
41,6318.67,0,3.3,1,Posgrado,17268.5,no_moroso
22,4770.02,1,1.9,0,Universitario,13100.62,no_moroso
49,4432.32,5,16.3,1,Posgrado,12245.56,no_moroso
67,10673.43,8,17.2,0,Tecnico,26678.58,no_moroso
41,10925.79,9,26.5,0,Tecnico,28398.9,no_moroso
22,10473.05,8,,1,Universitario,27659.88,no_moroso
42,10611.3,2,35.6,0,Tecnico,25671.76,moroso
38,8544.16,7,8.0,1,Posgrado,23356.5,no_moroso
42,2276.57,9,,0,Universitario,9511.56,no_moroso
31,6523.54,1,6.7,0,Tecnico,16341.98,no_moroso
33,14657.78,2,,0,Tecnico,37061.51,no_moroso
25,,7,3.2,0,Tecnico,30707.8,no_moroso
23,8398.86,9,9.2,1,Universitario,299372.0121522587,no_moroso
23,13949.95,9,3.3,1,Tecnico,35674.35,no_moroso
59,10097.95,8,4.1,0,Universitario,27315.99,no_moroso
41,14809.3,0,,0,Universitario,37642.89,no_moroso
24,,4,0.9,1,Tecnico,12379.16,no_moroso
47,3890.6,9,2.2,0,Tecnico,12462.61,no_moroso
55,10850.66,9,4.4,0,Tecnico,28962.38,no_moroso
58,9719.14,4,22.1,0,Universitario,25440.38,no_moroso
38,11438.02,2,3.2,0,Tecnico,28963.82,no_moroso
42,11829.4,5,11.5,0,Universitario,31157.58,no_moroso
18,4624.73,7,12.2,1,Tecnico,11780.94,no_moroso
68,1553.14,5,26.5,0,Tecnico,3744.82,no_moroso
18,11467.92,4,,0,Universitario,251370.7676546261,no_moroso
31,7603.85,6,44.3,0,Secundaria,17578.31,moroso
55,2389.0,9,9.1,1,Posgrado,9173.22,no_moroso
55,,3,16.1,1,UNIVERSITARIO,10254.74,no_moroso
23,13654.21,7,3.6,0,Universitario,36771.33,no_moroso
33,1413.26,2,40.1,0,Tecnico,2622.47,moroso
63,9407.1,8,27.9,0,Universitario,25612.55,no_moroso
60,8099.31,6,0.9,0,Tecnico,22131.1,no_moroso
26,3485.51,7,10.2,0,Universitario,12217.83,no_moroso
60,4892.86,8,41.0,0,Universitario,260591.9941291655,moroso
35,4289.47,2,17.9,1,Universitario,10554.55,no_moroso
25,1005.67,2,16.7,1,Secundaria,200.0,no_moroso
57,6817.6,6,44.7,0,Posgrado,19515.25,moroso
37,10757.58,8,0.1,0,Universitario,29826.69,no_moroso
38,,3,8.4,1,Universitario,32157.14,no_moroso
49,1936.14,5,11.1,0,Tecnico,5358.75,no_moroso
41,12777.72,1,7.0,1,Universitario,31336.88,no_moroso
47,5990.36,1,25.7,0,Universitario,15983.35,no_moroso
52,860.21,1,3.8,0,Universitario,4062.95,no_moroso
29,8134.58,4,24.2,0,Tecnico,20200.35,no_moroso
27,995.66,9,28.6,0,Tecnico,3285.51,no_moroso
56,5047.67,4,3.6,1,Posgrado,15169.68,no_moroso
28,1281.31,9,13.7,1,Secundaria,2645.18,no_moroso
29,2844.88,3,14.8,0,Universitario,8573.44,no_moroso
28,12107.98,4,8.2,0,Secundaria,30372.62,no_moroso
40,7313.54,1,12.2,1,Tecnico,17566.21,no_moroso
64,10487.51,6,14.6,0,Tecnico,26327.38,no_moroso
19,9554.61,0,4.2,0,Universitario,25215.61,no_moroso
44,6183.82,2,15.4,1,Posgrado,16365.52,no_moroso
25,11320.3,0,3.3,0,tecnico,29361.03,no_moroso
60,10170.0,5,13.8,1,Secundaria,23336.59,no_moroso
18,,6,12.6,0,Secundaria,9609.99,no_moroso
59,4436.75,1,2.5,1,Universitario,11949.31,no_moroso
61,7276.71,5,,1,Tecnico,18604.18,no_moroso
37,3507.35,9,21.3,0,Posgrado,11812.67,no_moroso
30,14938.37,8,14.9,1,Universitario,37655.94,no_moroso
53,11859.37,6,35.8,1,Tecnico,29115.44,moroso
20,13540.45,7,9.5,0,Universitario,36435.09,no_moroso
59,11499.02,3,7.6,0,Tecnico,29440.85,no_moroso
33,8729.11,4,8.0,0,Tecnico,22886.81,no_moroso
67,1177.51,2,19.1,1,Secundaria,2169.04,no_moroso
31,5391.5,1,48.3,1,Universitario,11378.23,moroso
63,11278.18,2,52.9,0,Universitario,27480.03,moroso
55,4327.09,5,6.8,1,Universitario,11719.76,no_moroso
53,11576.32,6,10.9,1,Tecnico,28822.4,no_moroso
21,1976.64,6,9.8,1,Universitario,5663.07,no_moroso
28,2133.48,1,1.2,0,Secundaria,5877.19,no_moroso
26,13654.11,6,11.8,1,Posgrado,36451.27,no_moroso
58,10775.1,0,3.3,1,Universitario,186289.06416598996,no_moroso
36,12058.37,4,17.5,0,Universitario,31526.66,no_moroso
65,6437.01,0,5.4,0,Tecnico,16692.6,no_moroso
63,,0,2.4,0,Posgrado,35590.89,no_moroso
41,2005.8,8,22.4,1,Universitario,5956.62,no_moroso
38,10535.58,9,20.3,0,Universitario,28539.47,no_moroso
19,6683.21,6,1.3,0,Tecnico,18432.66,no_moroso
20,,2,7.8,0,Tecnico,33542.13,no_moroso
26,11838.56,6,52.7,1,Universitario,28420.7,moroso
41,3333.34,1,81.7,1,TECNICO,2654.33,moroso
33,12344.77,7,12.6,1,Tecnico,30263.61,no_moroso
32,9499.31,2,,1,Universitario,24357.42,no_moroso
41,1198.76,2,0.3,0,Secundaria,2699.46,no_moroso
51,4137.16,7,,1,Universitario,11176.8,no_moroso
63,14054.5,8,4.8,0,Universitario,37981.78,no_moroso
35,12251.51,9,6.0,1,Secundaria,31100.46,no_moroso
21,14690.48,6,35.2,1,Universitario,36597.89,moroso
28,14603.94,8,10.8,1,Tecnico,35945.99,no_moroso
33,12156.27,8,23.4,0,Universitario,32804.49,no_moroso
54,11713.41,2,2.5,1,Universitario,28977.52,no_moroso
58,,1,27.3,0,Secundaria,30262.18,no_moroso
18,,0,1.0,0,Universitario,22924.75,no_moroso
19,4598.73,5,22.4,0,Tecnico,10862.26,no_moroso
36,6696.98,9,6.0,0,Universitario,19609.87,no_moroso
32,13301.84,7,,1,Universitario,32233.77,moroso
66,5925.07,2,24.9,1,Tecnico,12127.68,no_moroso
45,5414.46,6,22.8,0,Secundaria,13634.5,no_moroso
55,6433.09,6,8.9,1,Tecnico,14352.51,no_moroso
27,1864.9,1,3.3,0,Secundaria,4857.52,no_moroso
63,7363.96,6,16.5,0,Tecnico,18728.51,no_moroso
63,13107.04,8,50.9,0,Universitario,32534.51,moroso
33,10848.7,9,,1,Tecnico,27905.68,no_moroso
37,4695.89,9,10.4,0,Secundaria,13651.85,no_moroso
27,4444.55,0,24.9,1,Universitario,10314.78,no_moroso
49,9872.15,7,27.4,1,Universitario,24623.54,no_moroso
67,9428.45,2,,1,Universitario,23487.33,no_moroso
46,7582.83,5,,0,Universitario,20696.4,no_moroso
20,11986.68,7,8.3,0,Tecnico,32175.18,no_moroso
60,7105.08,2,0.3,0,Posgrado,20866.71,no_moroso
69,10488.85,1,,0,Tecnico,27746.4,no_moroso
50,8032.08,1,1.3,1,Universitario,20107.01,no_moroso
39,10781.11,7,3.9,0,Secundaria,27736.88,no_moroso
49,13116.66,4,24.1,0,Universitario,33947.35,no_moroso
26,14948.8,5,8.4,1,Tecnico,36502.25,no_moroso
69,7203.87,6,8.1,0,Posgrado,21865.07,no_moroso
56,8866.71,6,49.3,0,Tecnico,20899.17,moroso
38,,1,5.6,0,Tecnico,9084.91,no_moroso
40,1867.14,2,2.9,1,Posgrado,6633.36,no_moroso
52,4206.67,9,7.3,0,Universitario,14785.41,no_moroso
42,7014.61,3,29.2,1,Universitario,17262.42,no_moroso
65,,1,,1,Tecnico,791.38,no_moroso
53,2095.31,8,32.3,0,Universitario,7557.33,moroso
24,1435.56,5,10.5,0,Tecnico,5225.57,no_moroso
29,7992.77,0,13.2,1,Tecnico,18366.7,no_moroso
24,3174.03,3,29.2,0,Universitario,8547.22,no_moroso
63,13983.74,9,9.2,0,Tecnico,36869.56,no_moroso
64,9599.47,1,16.0,1,Universitario,23196.4,no_moroso
23,2808.57,8,0.6,1,Universitario,9128.86,no_moroso
38,8157.73,2,3.3,1,Universitario,20249.09,no_moroso
41,7476.44,5,2.7,1,Tecnico,17771.2,no_moroso
31,6796.76,5,37.8,0,Secundaria,16126.59,moroso
38,6577.9,5,,0,Tecnico,17807.18,no_moroso
39,12857.29,7,15.0,1,Tecnico,31801.45,no_moroso
21,,1,6.0,0,Tecnico,31274.78,no_moroso
59,10171.17,8,,1,Universitario,27169.51,no_moroso
58,8277.3,0,22.4,0,Posgrado,22457.73,no_moroso
66,9768.56,0,32.4,0,Universitario,23644.69,moroso
68,12265.95,4,12.4,1,Tecnico,30233.76,no_moroso
26,2997.02,5,35.4,1,TECNICO,5791.66,moroso
37,7240.32,6,11.7,0,Universitario,20842.68,no_moroso
22,13836.3,7,8.4,1,Universitario,36286.46,no_moroso
39,12100.81,2,,0,SECUNDARIA,31068.72,no_moroso
18,10600.86,6,,1,Universitario,28013.39,no_moroso
29,10808.87,6,4.3,0,Tecnico,28689.42,no_moroso
23,3577.67,8,0.2,0,Tecnico,10927.15,no_moroso
51,2209.88,2,4.6,0,Tecnico,5887.92,no_moroso
53,14027.61,9,1.8,0,Posgrado,40543.8,no_moroso
67,1468.23,8,3.4,0,Universitario,6682.94,no_moroso
39,7712.13,4,17.8,0,Universitario,20430.58,no_moroso
36,3315.83,0,10.7,0,Secundaria,7368.07,no_moroso
26,12185.69,2,0.6,0,universitario,32880.21,no_moroso
51,9956.92,1,1.4,0,Universitario,26129.9,no_moroso
55,6689.78,5,23.8,0,Universitario,17792.4,no_moroso
55,,8,3.2,1,Secundaria,18289.58,no_moroso
35,7788.83,9,26.0,0,Universitario,20870.87,no_moroso
66,13634.4,9,,0,Universitario,36891.59,no_moroso
22,9975.52,7,4.8,0,Tecnico,26213.29,no_moroso
60,14629.78,7,12.4,0,Tecnico,37891.49,no_moroso
69,8043.51,1,22.8,0,POSGRADO,22358.47,no_moroso
42,11009.3,1,18.7,1,SECUNDARIA,25046.42,no_moroso
68,7625.24,1,22.7,1,Universitario,18350.14,no_moroso
22,8555.04,0,21.6,0,Universitario,21370.32,no_moroso
21,9404.39,2,10.4,0,Secundaria,22951.8,no_moroso
34,12274.7,1,16.6,0,Tecnico,30884.52,no_moroso
33,6301.94,1,11.4,1,Tecnico,14302.29,no_moroso
45,9636.71,3,8.7,0,Posgrado,283566.9613112706,no_moroso
23,6185.81,1,5.1,0,Posgrado,19207.96,no_moroso
57,1377.78,0,12.9,1,Tecnico,2095.82,no_moroso
57,12394.7,8,26.2,0,SECUNDARIA,31535.14,no_moroso
69,13241.28,1,8.5,1,Secundaria,31654.61,no_moroso
24,3958.22,0,30.5,0,Tecnico,8589.3,moroso
29,1935.06,6,12.0,1,Universitario,5298.52,no_moroso
32,,1,,0,Posgrado,6044.25,no_moroso
62,5163.24,8,0.2,1,universitario,14792.71,no_moroso
42,11568.31,5,,1,Universitario,29377.77,no_moroso
28,7787.27,4,1.1,0,Tecnico,20523.51,no_moroso
59,10065.59,2,,1,Universitario,25504.94,no_moroso
50,7306.85,1,13.1,0,Secundaria,17676.84,no_moroso
29,5686.94,5,31.4,0,Universitario,15143.54,moroso
21,3903.47,2,8.7,1,Tecnico,8590.42,no_moroso
27,10942.31,9,29.2,1,Secundaria,25970.56,no_moroso
51,2025.82,1,,1,Secundaria,3299.87,no_moroso
44,,6,4.0,0,universitario,16753.53,no_moroso
56,10651.72,6,2.5,0,Tecnico,28068.11,no_moroso
60,1504.41,6,2.7,0,Posgrado,7504.54,no_moroso
50,12028.87,7,,1,Tecnico,30726.01,no_moroso
49,8409.31,5,7.4,0,Universitario,22791.12,no_moroso
24,8623.01,7,,1,Secundaria,21919.84,no_moroso
57,11942.78,1,,0,Posgrado,32878.87,no_moroso
53,9295.9,1,32.1,0,Secundaria,21816.9,moroso
53,11151.08,0,52.4,0,Universitario,26860.17,moroso
20,1474.93,7,9.1,1,Secundaria,3221.82,no_moroso
35,10054.79,8,14.9,1,UNIVERSITARIO,25623.14,no_moroso
39,10910.5,3,21.8,0,Universitario,274357.28811815206,no_moroso
39,,8,0.2,1,Tecnico,32589.73,no_moroso
69,,0,13.3,0,Tecnico,17063.51,no_moroso
63,3756.33,6,12.3,1,Universitario,10926.36,no_moroso
38,1948.26,0,9.0,0,Universitario,5376.58,no_moroso
68,12676.2,4,11.5,0,Secundaria,32366.22,no_moroso
36,3668.18,4,4.4,1,Secundaria,8082.04,no_moroso
26,9077.57,5,16.0,0,Secundaria,22694.15,no_moroso
64,14184.97,9,0.8,1,Universitario,37241.91,no_moroso
60,8841.32,9,12.0,1,Secundaria,21796.29,no_moroso
42,4240.41,4,8.4,0,Secundaria,11519.86,no_moroso
60,3138.4,2,65.4,0,secundaria,4605.04,moroso
41,8649.69,9,15.4,1,Secundaria,21513.63,no_moroso
69,12425.09,3,15.6,0,Secundaria,30703.55,no_moroso
46,12038.06,3,15.1,0,Tecnico,30392.9,no_moroso
50,5225.13,4,45.5,0,Tecnico,12615.63,moroso
22,,1,18.3,1,Secundaria,17697.71,no_moroso
63,2725.04,1,11.0,0,Universitario,8410.18,no_moroso
45,12324.12,5,21.7,0,Posgrado,33520.95,no_moroso
68,14722.48,5,50.2,0,Tecnico,35612.47,moroso
35,2066.7,6,18.5,0,Tecnico,5134.71,no_moroso
29,6569.51,0,6.8,1,Tecnico,15019.96,no_moroso
36,12400.52,7,46.6,1,Posgrado,31480.76,moroso
56,11157.49,6,,0,Posgrado,30721.55,no_moroso
56,934.8,0,5.5,0,Posgrado,4719.32,no_moroso
27,12100.4,7,22.5,0,Universitario,32655.77,no_moroso
26,13855.92,7,21.8,1,Secundaria,33833.89,no_moroso
55,1552.92,9,33.4,1,Universitario,4754.36,moroso
35,8335.03,5,12.8,1,Tecnico,20315.06,no_moroso
36,4656.43,7,6.5,0,Universitario,15014.13,no_moroso
40,2173.03,6,2.7,0,Tecnico,7085.95,no_moroso
24,12625.72,6,0.6,0,Secundaria,33241.33,no_moroso
37,5234.94,7,21.6,0,Secundaria,13456.87,no_moroso
26,14647.56,4,2.5,1,Secundaria,36489.52,no_moroso
57,14481.93,8,7.4,0,Secundaria,37176.9,no_moroso
38,6490.72,6,3.1,0,Secundaria,17228.95,no_moroso
65,13375.56,5,8.2,0,Universitario,36287.92,no_moroso
64,10466.3,0,9.1,1,Posgrado,27915.32,no_moroso
39,7957.07,4,32.8,0,Tecnico,20449.82,moroso
43,14602.43,0,,0,Universitario,37215.48,no_moroso
39,3752.96,8,8.4,0,Tecnico,10338.08,no_moroso
36,13044.28,2,22.6,0,Tecnico,32686.05,no_moroso
33,10769.51,0,3.1,1,Universitario,27379.35,no_moroso
45,1989.72,1,9.1,1,Tecnico,4179.41,no_moroso
59,14921.7,3,11.7,1,Tecnico,36981.35,no_moroso
46,13066.8,1,,1,Posgrado,32838.34,no_moroso
18,2301.71,8,1.3,0,Universitario,8337.48,no_moroso
36,1715.82,6,37.0,1,Tecnico,3203.66,moroso
55,3759.8,1,35.5,1,Tecnico,6637.02,moroso
47,9298.61,1,8.3,1,Posgrado,23757.67,no_moroso
59,1188.37,5,4.8,0,Tecnico,4030.16,no_moroso
48,10726.96,1,56.7,0,Universitario,24819.32,moroso
24,1772.2,5,,0,Universitario,5209.77,no_moroso
26,2667.94,9,5.0,0,Tecnico,9041.78,no_moroso
58,,2,32.6,0,Secundaria,24281.7,moroso
57,14785.21,9,17.4,0,UNIVERSITARIO,38929.39,no_moroso
26,6354.9,4,29.6,1,Secundaria,14451.67,no_moroso
62,4114.01,2,7.8,0,Tecnico,10369.27,no_moroso
37,6693.39,1,37.7,0,Secundaria,15304.2,moroso
32,7078.94,0,4.4,0,Secundaria,17509.36,no_moroso
30,5358.51,7,10.9,1,Posgrado,16196.65,no_moroso
33,14048.31,3,11.8,0,Universitario,36673.81,no_moroso
66,7721.71,1,0.7,0,Tecnico,19967.71,no_moroso
25,8840.88,7,2.9,1,Posgrado,24789.54,no_moroso
62,13204.06,5,5.5,0,Posgrado,36351.23,no_moroso
30,6383.77,6,30.3,0,Tecnico,16573.09,moroso
52,,9,1.0,0,POSGRADO,13221.31,no_moroso
36,13977.75,2,4.1,1,Tecnico,33583.22,no_moroso
37,14020.54,6,2.3,1,Secundaria,35382.52,no_moroso
31,3526.94,0,,0,Secundaria,7310.86,no_moroso
28,2373.83,3,17.7,1,Universitario,4730.09,no_moroso
67,10467.84,2,17.1,0,Posgrado,29585.82,no_moroso
45,3997.16,5,4.2,0,Universitario,12831.32,no_moroso
39,1024.6,7,10.0,1,Universitario,2910.37,no_moroso
47,13572.59,6,12.5,0,Universitario,35936.75,no_moroso
19,10812.33,4,2.8,1,Secundaria,25486.07,no_moroso
20,7107.88,4,10.2,1,Tecnico,17236.31,no_moroso
62,4203.32,3,10.2,0,Universitario,11772.81,no_moroso
23,2168.4,1,16.4,1,Universitario,5520.46,no_moroso
45,,4,10.3,0,Tecnico,35047.65,no_moroso
57,3475.42,0,14.8,0,Posgrado,11197.54,no_moroso
35,12768.89,2,1.2,1,Secundaria,30890.88,no_moroso
60,,6,31.0,1,Posgrado,37424.72,moroso
68,13788.74,9,23.4,1,Universitario,35836.77,no_moroso
26,1871.83,4,61.0,0,Posgrado,5321.6,moroso
20,12786.36,7,3.9,0,Tecnico,33496.82,no_moroso
30,4455.3,9,11.1,0,Secundaria,12438.0,no_moroso
30,6010.83,7,4.1,1,Secundaria,15422.28,no_moroso
32,12957.55,0,17.4,1,Tecnico,30583.57,no_moroso
66,1492.3,7,35.0,0,Secundaria,2800.58,moroso
62,10614.41,9,11.1,0,Tecnico,28463.27,no_moroso
59,12825.63,1,3.5,0,Universitario,33894.12,no_moroso
35,998.97,7,40.9,1,Tecnico,947.74,moroso
33,8109.25,4,10.4,0,POSGRADO,23695.94,no_moroso
44,5885.68,0,10.6,0,Tecnico,15358.45,no_moroso
63,1271.5,1,7.3,0,Tecnico,4028.4,no_moroso
38,7504.2,9,47.0,1,Universitario,18087.21,moroso
21,1455.58,2,10.0,0,Universitario,6198.9,no_moroso
66,,0,12.6,1,Universitario,23520.1,no_moroso
58,11034.74,0,8.5,0,Universitario,28520.66,no_moroso
18,14946.19,7,0.0,1,Universitario,37629.42,no_moroso
37,,0,22.5,1,Tecnico,2882.5,no_moroso
52,13338.11,1,7.5,1,Posgrado,35359.59,no_moroso
25,5686.93,2,1.0,0,Universitario,16071.28,no_moroso
49,1690.06,1,19.7,1,Universitario,4337.64,no_moroso
42,3388.73,9,3.7,0,Universitario,12333.72,no_moroso
64,9693.4,7,26.5,0,Secundaria,24413.36,no_moroso
33,9742.48,9,13.7,0,Tecnico,26257.93,no_moroso
59,4562.08,6,2.6,0,Tecnico,12657.2,no_moroso
53,6790.64,0,7.8,1,Universitario,16544.69,no_moroso
42,6394.29,9,7.1,0,Universitario,17807.92,no_moroso
36,12014.72,9,11.0,0,Tecnico,31445.77,no_moroso
49,2531.68,2,16.7,0,Universitario,7620.23,no_moroso
31,13755.86,0,13.7,0,Universitario,35205.3,no_moroso
44,14968.68,2,6.3,0,Secundaria,37101.79,no_moroso
24,,3,60.4,0,Tecnico,27351.76,moroso
34,10646.47,3,6.8,1,Universitario,26184.52,no_moroso
21,12838.85,3,22.8,1,Tecnico,30421.38,no_moroso
44,12574.46,5,10.6,0,Tecnico,33285.67,no_moroso
48,11229.27,7,0.5,1,Secundaria,27416.49,no_moroso
33,12906.18,1,9.5,1,Tecnico,31455.23,no_moroso
31,4540.14,3,69.1,1,Tecnico,7295.48,moroso
66,2798.0,1,9.9,0,Tecnico,7821.24,no_moroso
57,14093.08,1,3.4,0,Secundaria,35421.32,no_moroso
30,12215.72,7,4.3,0,Tecnico,33213.75,no_moroso
58,9437.44,7,7.0,1,Posgrado,26438.64,no_moroso
63,6412.92,3,43.8,0,Posgrado,17628.75,moroso
56,3929.04,5,1.8,0,Universitario,12085.46,no_moroso
47,12240.84,1,11.5,1,Posgrado,32016.42,no_moroso
18,6350.8,3,20.9,1,Posgrado,17037.23,no_moroso
19,4405.28,8,0.1,1,Secundaria,11450.76,no_moroso
32,,8,32.3,1,Tecnico,12925.74,moroso
37,11655.34,7,14.2,1,Tecnico,28027.46,no_moroso
24,14989.67,9,1.9,0,Secundaria,39309.67,no_moroso
40,4014.96,3,4.8,1,Universitario,10070.49,no_moroso
41,14933.52,8,11.9,0,Secundaria,38124.43,no_moroso
63,12860.42,1,,0,Universitario,34289.7,no_moroso
61,5672.04,4,5.7,1,Secundaria,13254.74,no_moroso
60,13581.36,7,5.5,0,TECNICO,34826.31,no_moroso
65,1147.22,2,11.4,0,SECUNDARIA,3263.99,no_moroso
51,4357.42,0,14.0,0,Secundaria,10481.46,no_moroso
27,12016.54,1,10.7,0,Tecnico,30234.24,no_moroso
26,12211.64,5,17.2,0,Tecnico,31348.57,no_moroso
24,7709.13,6,40.6,0,Tecnico,19590.67,moroso
29,12557.24,2,5.8,0,Tecnico,32305.4,no_moroso
59,8987.92,9,1.1,0,Secundaria,24758.07,no_moroso
66,10519.09,4,1.7,0,Posgrado,29864.96,no_moroso
45,1941.19,4,6.7,1,Universitario,4361.28,no_moroso
34,13201.49,9,4.4,0,Tecnico,306917.1990422597,no_moroso
50,13104.07,1,5.5,0,Secundaria,32932.8,no_moroso
38,14762.53,3,2.1,1,Posgrado,38916.69,no_moroso
64,8284.72,4,4.1,0,Posgrado,24806.1,no_moroso
61,12938.0,6,10.2,0,Tecnico,34450.55,no_moroso
69,5049.51,5,5.4,0,Universitario,13392.2,no_moroso
19,3048.19,7,,1,Universitario,8861.92,no_moroso
25,6962.57,7,17.4,0,Secundaria,17889.45,no_moroso
19,4118.25,1,14.0,1,Secundaria,8536.93,no_moroso
27,9466.26,2,12.9,1,Secundaria,21943.32,no_moroso
58,6720.7,6,28.4,0,Posgrado,19488.08,no_moroso
67,10368.86,0,34.1,0,Tecnico,25061.03,moroso
64,9912.93,6,29.5,0,Tecnico,25084.94,no_moroso
36,9677.98,0,9.4,0,Posgrado,27070.97,no_moroso
56,14055.0,5,,1,Universitario,34823.98,no_moroso
52,2753.22,0,19.2,0,POSGRADO,9434.08,no_moroso
57,13747.39,3,5.4,0,Tecnico,35036.91,no_moroso
62,6303.65,2,,1,Universitario,14044.19,moroso
56,,3,7.6,0,Universitario,28526.64,no_moroso
39,12829.38,0,6.6,1,Universitario,32099.97,no_moroso
57,2805.87,0,3.6,0,Secundaria,6588.38,no_moroso
47,13283.18,1,10.7,1,Secundaria,31781.51,no_moroso
61,14553.37,0,1.3,1,Tecnico,36070.25,no_moroso
22,11308.64,4,3.6,0,Tecnico,29853.52,no_moroso
32,2044.44,9,5.2,1,Universitario,5893.19,no_moroso
50,,5,,0,Universitario,15622.46,no_moroso
59,4211.92,7,13.0,1,Tecnico,10530.47,no_moroso
62,,0,36.1,1,Universitario,34733.35,moroso
68,2690.31,7,8.0,1,Universitario,9393.85,no_moroso
67,12233.32,2,2.5,0,Universitario,32300.85,no_moroso
36,12989.29,7,17.7,1,Tecnico,32130.19,no_moroso
35,13835.71,0,8.4,1,Tecnico,32706.09,no_moroso
33,3543.46,1,2.8,0,Secundaria,9307.24,no_moroso
61,12394.57,5,7.2,1,Tecnico,31348.09,no_moroso
37,12577.99,2,2.1,1,Universitario,30867.38,no_moroso
65,,2,3.6,0,Universitario,23326.45,no_moroso
69,5622.84,6,5.6,0,Universitario,16143.73,no_moroso
48,8924.99,9,43.0,0,Posgrado,24841.36,moroso
62,11289.22,8,19.0,0,Secundaria,29609.45,no_moroso
39,3889.03,3,9.4,1,Secundaria,8904.47,no_moroso
56,,2,24.3,1,Universitario,29338.2,no_moroso
21,7361.23,0,22.2,1,Posgrado,18607.26,no_moroso
25,12934.33,5,12.6,1,tecnico,32026.46,no_moroso
52,,0,41.3,0,Universitario,32277.72,moroso
61,8130.27,5,2.0,1,Posgrado,22366.19,no_moroso
50,,3,9.2,0,Universitario,18004.2,no_moroso
69,1787.6,9,36.5,1,Tecnico,3418.24,moroso
24,10608.99,5,10.5,0,Tecnico,27848.26,no_moroso
40,11620.01,3,10.7,0,Tecnico,30315.59,no_moroso
44,9869.69,3,11.5,0,Tecnico,25894.91,no_moroso
44,,5,4.5,0,Tecnico,6153.56,no_moroso
25,8666.37,7,0.7,1,Secundaria,21262.84,no_moroso
33,9046.55,2,5.2,0,Universitario,24705.86,no_moroso
33,12317.33,6,40.7,1,Tecnico,28460.73,moroso
35,12328.43,5,17.2,0,Tecnico,32226.19,no_moroso
52,2401.26,3,6.8,1,Posgrado,7698.65,no_moroso
62,4087.69,3,2.8,0,Tecnico,10829.89,no_moroso
33,,1,7.3,0,Universitario,25193.54,no_moroso
57,2235.22,0,40.6,0,Universitario,3691.38,moroso
45,14650.41,6,2.4,1,Tecnico,36116.1,no_moroso
34,3780.04,9,3.1,1,Tecnico,9896.87,no_moroso
50,11987.25,8,2.9,0,Secundaria,31825.01,no_moroso
46,7516.24,0,2.0,1,Secundaria,17499.71,no_moroso
25,10143.73,3,18.5,0,Tecnico,25420.66,no_moroso
52,4316.19,5,2.3,1,Tecnico,10421.18,no_moroso
32,2467.74,1,13.2,0,Universitario,7477.67,no_moroso
65,10950.15,2,0.7,1,Posgrado,29778.8,no_moroso
19,13404.93,8,11.8,0,Posgrado,37678.9,no_moroso
39,,9,2.7,0,Posgrado,29416.81,no_moroso
29,6327.0,5,5.2,1,Universitario,15981.52,no_moroso
25,9318.16,0,9.2,1,Universitario,22929.57,no_moroso
67,14921.37,0,63.9,1,Universitario,34268.89,moroso
21,9992.92,9,,0,Secundaria,26137.5,no_moroso
32,1107.99,8,52.3,1,Universitario,1512.24,moroso
20,,8,18.7,0,Universitario,31548.59,no_moroso
40,4610.08,6,17.4,1,Secundaria,9610.08,no_moroso
64,9027.63,7,10.2,0,Universitario,24614.7,no_moroso
37,,9,2.6,0,Universitario,31376.25,no_moroso
64,2261.83,9,,0,Universitario,9252.86,no_moroso
48,11839.49,5,22.5,0,Posgrado,31963.32,no_moroso
36,10878.75,0,29.1,1,Tecnico,24575.2,no_moroso
29,7562.81,7,,0,Universitario,19967.11,moroso
25,10421.51,6,7.5,0,Tecnico,26959.68,no_moroso
39,4391.59,0,6.8,0,Universitario,12663.0,no_moroso
53,14034.95,2,3.1,0,Universitario,36224.96,no_moroso
26,5791.17,0,12.6,0,Posgrado,16875.98,no_moroso
61,,5,6.0,1,Posgrado,39231.03,no_moroso
51,2579.29,2,18.8,0,Tecnico,5646.09,no_moroso
51,1522.23,8,7.4,0,Tecnico,5603.94,no_moroso
41,,6,29.9,0,Universitario,35032.68,no_moroso
48,12054.09,2,33.4,0,Secundaria,29270.41,moroso
38,10657.46,4,15.9,1,Posgrado,225690.50776910293,no_moroso
20,14274.82,1,4.3,0,Tecnico,36673.69,no_moroso
54,1310.96,9,3.6,1,Universitario,4538.15,no_moroso
22,10690.84,5,31.2,0,Tecnico,27484.14,moroso
21,1845.08,2,29.2,1,Tecnico,2928.86,no_moroso
35,978.36,8,29.7,0,universitario,4771.2,no_moroso
29,8144.3,6,13.9,0,Tecnico,21376.82,no_moroso
55,13967.65,2,5.1,1,UNIVERSITARIO,34885.67,no_moroso
51,8026.67,0,16.9,1,Tecnico,18123.87,no_moroso
59,11672.59,7,14.4,1,Secundaria,27819.64,no_moroso
63,5463.54,5,33.1,1,Secundaria,12072.99,moroso
19,8541.6,6,7.1,0,Universitario,23661.96,no_moroso
37,11760.26,7,5.9,0,Universitario,32054.82,no_moroso
61,8206.9,0,19.5,0,Secundaria,19210.15,no_moroso
23,,9,7.8,0,Posgrado,25208.85,no_moroso
34,4603.5,6,5.8,0,Universitario,14065.81,no_moroso
28,,3,0.6,1,Universitario,19327.2,no_moroso
56,9247.61,6,9.0,1,TECNICO,22777.14,no_moroso
19,8406.59,7,1.1,1,Tecnico,21931.03,no_moroso
27,13657.0,7,,0,Posgrado,37307.56,no_moroso
58,4610.98,8,6.6,1,Tecnico,10721.86,no_moroso
34,7480.75,2,28.3,0,Universitario,19613.04,no_moroso
69,8310.65,7,15.9,1,Universitario,22156.65,no_moroso
28,13346.6,2,34.0,0,Secundaria,31835.89,moroso
55,11074.13,9,7.6,1,Universitario,28939.7,no_moroso
32,8655.97,9,5.5,1,Posgrado,24482.25,no_moroso
53,2094.64,7,52.3,1,Universitario,4918.8,moroso
66,7846.06,3,8.3,0,Universitario,21042.7,no_moroso
55,14107.37,1,2.9,0,Tecnico,35992.19,no_moroso
18,5326.78,0,,1,Universitario,240905.97510146754,no_moroso
37,14526.82,2,4.8,0,Universitario,37266.99,no_moroso
68,1824.38,8,30.8,1,Secundaria,2659.19,moroso
28,5905.34,7,8.2,0,Secundaria,15378.86,no_moroso
23,14025.86,9,23.3,1,Secundaria,34347.11,no_moroso
21,8812.62,4,6.4,1,Universitario,22107.46,no_moroso
38,4355.8,2,19.8,1,TECNICO,9449.97,no_moroso
38,10251.14,2,,1,Posgrado,27509.28,no_moroso
64,10884.28,8,4.9,0,Tecnico,28637.41,no_moroso
62,7438.38,3,7.5,0,Tecnico,19073.74,no_moroso
69,2577.57,9,6.2,1,Posgrado,8782.79,no_moroso
24,1755.66,9,9.4,1,Universitario,5826.89,no_moroso
41,5872.74,6,21.2,1,Universitario,14894.95,no_moroso
59,3159.57,2,9.9,0,Posgrado,9574.23,no_moroso
30,,7,9.1,1,Universitario,17705.82,no_moroso
41,11882.4,8,,0,Universitario,32221.34,no_moroso
28,11475.16,4,34.0,0,Tecnico,27533.25,moroso
36,6622.82,6,0.3,0,Universitario,19324.74,no_moroso
43,11768.51,9,,1,Posgrado,31892.51,no_moroso
54,10642.73,7,30.9,0,Universitario,28510.91,moroso
62,10306.42,0,12.1,0,Posgrado,28816.22,no_moroso
60,1917.32,7,31.1,0,Tecnico,4482.24,moroso
59,8503.13,2,39.2,1,Posgrado,20654.66,moroso
57,7846.91,6,23.2,0,Tecnico,19376.12,no_moroso
54,12288.82,2,6.9,0,Universitario,31992.7,no_moroso
25,6870.54,8,7.6,1,Secundaria,16979.59,no_moroso
32,4415.11,1,12.6,0,Universitario,13103.96,no_moroso
55,,5,17.9,1,Tecnico,25987.42,no_moroso
38,1697.51,7,7.5,0,Secundaria,5458.2,no_moroso
67,2452.3,7,6.6,1,Tecnico,6363.78,no_moroso
38,7999.89,0,21.0,0,Secundaria,18851.18,no_moroso
29,,4,11.5,1,Universitario,36218.45,no_moroso
49,5520.34,6,24.9,0,Tecnico,14865.52,no_moroso
31,931.91,4,7.6,0,Universitario,4076.05,no_moroso
21,4048.5,5,13.7,1,Tecnico,9783.76,no_moroso
54,,4,57.0,0,Universitario,5003.19,moroso
65,13930.92,3,9.7,0,Universitario,35650.63,no_moroso
65,4666.65,4,35.5,0,Tecnico,10514.41,moroso
48,7589.73,4,15.6,0,Tecnico,19321.65,no_moroso
34,9636.21,2,64.6,0,Secundaria,21193.26,moroso
44,7777.39,9,10.5,0,Secundaria,20705.14,no_moroso
63,10391.54,7,11.4,1,Secundaria,25733.48,no_moroso
48,8495.65,2,12.0,0,Tecnico,21793.88,no_moroso
41,4503.54,0,11.8,1,Secundaria,9476.94,no_moroso
38,5372.97,1,6.8,0,Secundaria,13489.52,no_moroso
28,13750.83,3,6.3,1,Posgrado,35174.77,no_moroso
24,5352.23,6,9.6,1,Posgrado,15629.14,no_moroso
69,9592.79,9,31.4,0,Posgrado,26952.58,moroso
32,7642.86,2,42.2,1,Tecnico,16541.9,moroso
57,12149.48,7,15.4,1,Tecnico,29487.42,no_moroso
62,4738.16,9,11.1,1,Universitario,12761.77,no_moroso
23,4959.34,5,1.4,1,Universitario,14003.36,no_moroso
48,9439.32,8,27.1,0,Secundaria,23982.72,no_moroso
38,9482.49,2,34.6,0,Tecnico,22059.75,moroso
59,14352.08,9,15.5,0,Universitario,37837.14,no_moroso
50,7843.22,0,0.9,1,Universitario,19380.55,no_moroso
32,12521.22,5,20.8,1,Tecnico,29998.64,no_moroso
68,,6,,1,Secundaria,20472.21,no_moroso
37,,3,4.1,0,Universitario,4518.49,no_moroso
23,13839.66,1,,1,Tecnico,32845.23,no_moroso
56,,9,13.1,1,Tecnico,30826.36,no_moroso
36,7008.34,5,26.0,1,Posgrado,18564.3,no_moroso
45,2818.11,3,10.1,0,Universitario,9119.12,no_moroso
43,4530.33,6,11.5,1,Universitario,11540.14,no_moroso
61,5343.59,1,5.7,0,Secundaria,12841.45,no_moroso
61,3879.59,3,14.3,1,Posgrado,11063.49,no_moroso
56,9843.43,6,24.1,0,posgrado,26867.88,no_moroso
23,8183.69,7,19.8,0,Tecnico,20782.24,no_moroso
25,11692.46,7,31.2,1,Universitario,29347.65,moroso
31,12847.0,1,,0,Universitario,33893.78,no_moroso
27,7084.2,1,0.3,0,Tecnico,18276.29,no_moroso
57,10808.54,4,2.7,1,Tecnico,26908.19,no_moroso
31,8024.77,2,72.4,0,Posgrado,19448.73,moroso
49,1413.53,4,23.6,0,Secundaria,3042.87,no_moroso
30,8172.33,5,20.6,1,Posgrado,21873.49,no_moroso
20,1496.31,5,19.6,1,Tecnico,3106.33,no_moroso
68,2939.84,4,5.5,0,Secundaria,8550.24,no_moroso
53,4528.86,3,1.5,0,Universitario,13071.03,no_moroso
27,10994.38,8,5.8,0,Universitario,30395.96,no_moroso
23,6450.87,8,6.8,1,Universitario,17280.22,no_moroso
52,12042.94,0,24.5,1,Universitario,28489.64,no_moroso
23,2018.2,8,6.1,1,Universitario,6043.26,no_moroso
47,12158.32,8,1.2,1,Secundaria,30169.59,no_moroso
58,11230.84,8,,1,Secundaria,21394.79,moroso
45,7567.04,0,35.3,0,Universitario,19232.73,moroso
41,4136.01,4,19.7,0,tecnico,10265.57,no_moroso
49,14687.22,1,16.1,1,Secundaria,34174.37,no_moroso
49,,5,19.3,0,Tecnico,33022.59,no_moroso
39,887.48,6,5.6,1,Universitario,3357.54,no_moroso
44,14110.81,7,0.3,1,UNIVERSITARIO,36669.16,no_moroso
47,9005.65,6,7.8,0,Tecnico,23853.22,no_moroso
37,12112.66,7,10.7,0,Secundaria,29821.78,no_moroso
69,13010.48,4,6.1,1,Posgrado,34499.79,no_moroso
55,7528.1,2,3.7,0,Tecnico,19399.41,no_moroso
53,4172.48,6,0.7,1,Tecnico,11580.1,no_moroso
64,1597.45,0,19.2,0,Universitario,4274.64,no_moroso
63,6984.0,0,,1,Posgrado,245937.58683167087,no_moroso
60,4448.73,4,29.9,0,Posgrado,13424.92,no_moroso
66,2361.65,6,21.6,0,Secundaria,6402.3,no_moroso
68,9430.87,9,2.0,0,Tecnico,25736.44,no_moroso
27,11634.04,6,20.5,0,Tecnico,30122.37,no_moroso
56,5996.76,9,76.3,0,Tecnico,13569.57,moroso
36,4030.35,7,0.3,1,Universitario,11738.79,no_moroso
36,1022.86,4,60.2,0,Secundaria,200.0,moroso
55,874.22,7,0.5,0,Universitario,4965.71,no_moroso
33,11251.75,0,44.3,0,Secundaria,26219.3,moroso
29,7997.33,1,9.9,1,Universitario,19472.6,no_moroso
61,,8,,0,Secundaria,14454.53,no_moroso
47,10778.86,3,22.5,1,Tecnico,24351.83,no_moroso
44,10456.83,0,12.3,1,Secundaria,23499.57,no_moroso
37,1465.93,6,24.8,0,Universitario,5096.23,no_moroso
29,8418.82,2,16.4,0,Secundaria,20878.26,no_moroso
53,6116.9,7,6.1,1,Posgrado,17939.24,no_moroso
64,14241.42,7,3.4,0,Universitario,38232.75,no_moroso
48,9003.96,0,18.8,0,Tecnico,23047.66,no_moroso
69,13038.79,3,24.5,1,Secundaria,31216.91,no_moroso
20,13667.7,2,36.9,0,Posgrado,174286.91642051056,moroso
53,3730.82,7,23.6,0,Tecnico,10300.09,no_moroso
43,12263.96,6,11.2,0,Universitario,32212.71,no_moroso
20,13297.01,9,7.8,1,Posgrado,37079.37,no_moroso
33,2778.99,1,5.1,0,Universitario,8084.77,no_moroso
47,,8,31.4,1,Secundaria,21539.43,moroso
57,2261.48,6,15.0,0,Secundaria,6443.85,no_moroso
47,10493.85,4,5.7,1,Tecnico,25719.54,no_moroso
32,7091.97,7,9.3,1,Secundaria,16377.17,no_moroso
59,4960.85,2,3.7,0,Universitario,13759.78,no_moroso
61,10327.73,8,26.9,0,TECNICO,27368.06,no_moroso
19,,2,7.9,1,Universitario,3150.8,no_moroso
46,,0,,1,Universitario,22994.26,no_moroso
36,6463.76,6,34.5,0,Universitario,18532.32,moroso
23,10978.67,0,,0,Universitario,28662.25,no_moroso
45,13421.46,9,5.7,0,Secundaria,34918.38,no_moroso
36,8892.57,7,1.5,1,Universitario,23419.7,no_moroso
40,8825.94,4,15.8,0,Secundaria,22297.03,no_moroso
41,11652.69,2,18.7,0,Tecnico,28382.41,no_moroso
39,11969.07,7,39.4,1,Universitario,28833.33,moroso
21,13913.7,1,1.1,1,Tecnico,33742.95,no_moroso
68,2409.17,4,5.3,0,Universitario,7514.54,no_moroso
54,11307.21,3,,0,Posgrado,31835.48,no_moroso
20,1828.99,5,14.9,0,Secundaria,5255.2,no_moroso
40,,5,9.6,0,Posgrado,38447.21,no_moroso
40,12746.75,9,11.9,1,tecnico,32598.86,no_moroso
41,5799.59,2,24.0,1,Tecnico,12313.44,no_moroso
25,,1,29.8,0,Secundaria,25563.38,no_moroso
30,13254.21,7,,1,Universitario,34022.63,no_moroso
48,6246.85,4,13.1,0,Posgrado,19037.2,no_moroso
39,10735.08,8,3.2,1,Universitario,27145.17,no_moroso
58,8233.83,5,1.5,0,Tecnico,21733.17,no_moroso
47,,6,60.8,1,Tecnico,17410.48,moroso
59,4579.15,5,,1,Tecnico,11688.89,no_moroso
25,6085.26,7,6.5,1,Universitario,266076.64736127004,no_moroso
22,9951.41,8,0.6,1,Posgrado,28652.57,no_moroso
49,4009.8,2,0.0,0,Tecnico,10873.27,no_moroso
27,9698.23,6,26.4,1,Secundaria,22726.1,no_moroso
47,2206.76,0,2.1,1,Secundaria,3966.37,no_moroso
41,6009.64,7,47.4,0,Universitario,15466.24,moroso
60,12152.91,3,7.8,1,Universitario,30066.06,no_moroso
27,12802.54,8,16.6,0,Secundaria,33601.99,no_moroso
44,6948.12,2,3.1,1,Universitario,17628.64,no_moroso
44,14690.53,7,2.4,0,Secundaria,38476.32,no_moroso
29,4449.31,0,9.3,1,Universitario,9673.17,no_moroso
60,5632.45,5,37.9,0,Secundaria,13067.14,moroso
56,6844.25,1,2.3,1,Posgrado,19030.33,no_moroso
40,8085.95,3,1.5,1,Posgrado,22335.97,no_moroso
63,10837.92,6,12.5,0,Universitario,29459.78,no_moroso
24,4684.33,0,0.2,0,Tecnico,11820.36,no_moroso
57,,0,1.4,1,Tecnico,20370.11,no_moroso
41,,4,6.3,0,Universitario,22789.65,no_moroso
47,7791.95,4,5.6,0,universitario,21477.92,no_moroso
31,,0,26.5,0,Secundaria,27424.41,no_moroso
53,13107.18,0,20.0,0,Universitario,33357.82,no_moroso
21,,0,33.3,0,Universitario,30690.84,moroso
61,,2,10.4,1,Tecnico,16647.2,no_moroso
63,8172.33,7,14.9,0,Universitario,23519.84,no_moroso
35,9615.43,5,27.8,0,Tecnico,24695.62,no_moroso
22,11549.56,4,0.5,1,Tecnico,28804.85,no_moroso
30,2091.27,3,6.1,0,Tecnico,5761.58,no_moroso
67,9021.35,6,15.4,1,Posgrado,25143.39,no_moroso
26,14614.27,4,40.1,0,Universitario,36793.84,moroso
24,5946.35,3,3.2,1,Secundaria,13843.44,no_moroso
40,4661.96,5,1.6,1,Tecnico,10903.92,no_moroso
68,,2,29.3,0,Universitario,20479.81,no_moroso
30,7162.54,1,0.2,1,Tecnico,17385.53,no_moroso
48,4102.79,6,32.7,1,Universitario,10029.6,moroso
52,4303.66,1,,1,Secundaria,10297.61,no_moroso
19,1598.46,9,18.7,0,Universitario,6336.8,no_moroso
38,8008.39,7,12.0,0,Tecnico,21657.45,no_moroso
23,8165.22,0,55.3,0,Tecnico,17977.66,moroso
40,8917.78,5,6.9,0,Tecnico,24464.64,no_moroso
45,5406.53,4,,0,Universitario,15518.04,no_moroso
41,5148.34,5,0.1,0,Tecnico,14363.16,no_moroso
53,903.61,9,4.2,0,Posgrado,6644.72,no_moroso
29,5218.64,5,16.7,0,Universitario,14736.61,no_moroso
59,9308.63,8,,1,Universitario,24240.22,no_moroso
38,9566.32,6,13.8,1,Universitario,24818.02,no_moroso
64,,1,29.5,0,Tecnico,27867.8,no_moroso
38,13166.42,6,14.3,1,Universitario,33907.38,no_moroso
59,7799.45,5,4.5,0,Universitario,21180.1,no_moroso
54,10157.64,3,,1,Universitario,26077.43,no_moroso
22,13656.52,7,0.7,0,Universitario,36645.15,no_moroso
59,13603.56,7,5.1,1,Universitario,35197.12,no_moroso
38,5522.76,6,3.4,0,Universitario,15907.52,no_moroso
19,1544.1,3,34.1,0,Posgrado,289721.81923904415,moroso
55,8040.79,3,0.6,1,Universitario,20096.28,no_moroso
32,10542.51,7,34.8,0,Posgrado,28791.61,moroso
42,4804.06,1,,0,Tecnico,12289.35,no_moroso
65,13241.87,7,8.3,1,Universitario,33377.96,no_moroso
22,13760.73,1,,0,Universitario,35157.87,no_moroso
67,12820.79,8,18.5,0,Posgrado,35889.45,no_moroso
38,14416.91,9,2.9,0,Tecnico,38071.96,no_moroso
58,13964.75,8,33.2,0,Universitario,36171.24,moroso
36,3520.58,9,,1,Tecnico,8927.13,no_moroso
69,11632.9,2,39.8,1,Universitario,27913.28,moroso
54,14501.34,5,47.2,1,Posgrado,35809.54,moroso
64,8979.82,3,1.2,0,Tecnico,23920.12,no_moroso
34,10211.99,4,5.3,1,Universitario,26266.83,no_moroso
27,8485.88,8,22.0,1,Universitario,21062.83,no_moroso
67,3861.59,6,31.7,1,Secundaria,7443.14,moroso
61,1169.46,1,15.2,0,Tecnico,3043.42,no_moroso
49,7983.28,2,11.7,0,Tecnico,20233.33,no_moroso
63,7549.17,4,6.1,0,Tecnico,20534.76,no_moroso
49,11689.78,6,0.6,0,Secundaria,30396.44,no_moroso
34,7120.05,4,4.8,0,Universitario,19135.93,no_moroso
28,,7,7.0,1,Secundaria,5385.59,no_moroso
28,8472.82,6,1.7,0,Universitario,23909.31,no_moroso
41,3195.75,4,10.9,1,Secundaria,6685.18,no_moroso
43,11607.85,3,2.3,1,Secundaria,28061.34,no_moroso
49,8418.88,6,7.1,1,Posgrado,23189.56,no_moroso
38,11151.37,6,7.5,0,Universitario,30546.48,no_moroso
38,10690.43,0,9.9,0,Posgrado,29286.49,no_moroso
42,6522.42,1,23.4,1,Universitario,15961.42,no_moroso
66,8589.78,9,8.4,0,Universitario,24331.54,no_moroso
67,820.44,2,,1,Universitario,1914.69,no_moroso
68,5706.34,5,25.5,1,Secundaria,11778.09,no_moroso
39,7435.05,6,12.6,0,Secundaria,19116.49,no_moroso
37,14482.52,5,12.5,1,Tecnico,35970.75,no_moroso
47,,3,22.1,0,Secundaria,3174.28,no_moroso
66,2096.14,8,16.1,0,Universitario,8152.0,no_moroso
64,5120.48,0,9.6,0,Tecnico,12472.24,no_moroso
59,8382.28,6,,1,Secundaria,19195.52,no_moroso
37,2324.36,8,2.2,1,Secundaria,4876.22,no_moroso
46,9095.83,5,12.0,0,tecnico,24078.47,no_moroso
46,12634.47,6,0.7,1,Secundaria,30895.27,no_moroso
22,9519.42,4,21.3,1,Posgrado,24796.76,no_moroso
29,9319.68,6,19.4,0,Secundaria,22025.76,no_moroso
20,1445.84,5,0.6,0,Tecnico,4532.76,no_moroso
26,7500.27,6,15.3,1,Secundaria,17989.93,no_moroso
68,4823.97,6,0.4,1,Secundaria,11760.9,no_moroso
19,,7,18.6,1,Universitario,27313.87,no_moroso
54,5529.3,5,3.0,0,Secundaria,14444.64,no_moroso
45,11694.36,4,1.5,0,Tecnico,30924.52,no_moroso
55,2681.82,4,2.2,0,Posgrado,10309.55,no_moroso
50,8182.43,1,11.2,1,Universitario,20267.19,no_moroso
65,2423.11,4,13.2,0,Secundaria,6363.85,no_moroso
23,8473.38,8,13.4,0,Posgrado,24268.91,no_moroso
46,13289.57,0,1.4,0,Posgrado,36385.74,no_moroso
56,954.95,8,,0,Universitario,3137.33,moroso
66,8164.58,7,,0,Secundaria,22343.31,no_moroso
67,9822.3,8,18.2,0,Tecnico,197088.71256783904,no_moroso
32,1450.93,4,2.6,0,Posgrado,6571.84,no_moroso
58,5801.99,7,49.5,1,Universitario,13621.12,moroso
69,7746.92,5,5.6,1,Tecnico,19527.52,no_moroso
35,2819.23,7,2.1,0,Secundaria,8393.1,no_moroso
43,2931.47,6,,1,Tecnico,6723.55,moroso
47,14557.94,6,24.1,0,Posgrado,39350.86,no_moroso
51,5263.79,6,30.6,1,Tecnico,11579.5,moroso
65,4996.65,4,8.2,0,Tecnico,13133.28,no_moroso
61,4983.11,3,10.7,0,Universitario,14327.86,no_moroso
68,14306.98,1,9.5,1,Tecnico,287601.6594403728,no_moroso
60,12661.97,2,11.8,1,Secundaria,30612.5,no_moroso
37,1599.94,0,63.4,0,Posgrado,3775.93,moroso
36,4419.19,7,6.1,0,Tecnico,13005.64,no_moroso
48,6017.05,9,13.4,1,Universitario,16614.45,no_moroso
27,4451.58,9,1.4,1,Universitario,13041.8,no_moroso
62,,5,6.2,1,Universitario,34753.16,no_moroso
58,1266.43,7,8.5,0,universitario,5665.33,no_moroso
18,2465.56,4,0.5,0,Universitario,7316.98,no_moroso
34,7592.11,6,0.3,1,Tecnico,18933.01,no_moroso
59,5241.31,7,1.1,0,Universitario,16318.23,no_moroso
39,1880.41,9,35.4,1,Tecnico,3485.87,moroso
41,5157.85,1,13.1,0,Tecnico,13158.25,no_moroso
62,10896.37,3,0.4,0,SECUNDARIA,27814.64,no_moroso
42,,6,46.8,0,Universitario,32814.24,moroso
63,10169.65,6,33.8,1,Universitario,25195.86,moroso
20,11346.6,6,12.6,0,Tecnico,30022.11,no_moroso
59,3919.38,6,6.0,0,Tecnico,11417.05,no_moroso
24,1869.58,1,55.3,0,Secundaria,1949.5,moroso
26,12553.83,0,20.2,0,Universitario,31111.71,no_moroso
20,10806.84,4,7.6,0,Tecnico,28177.91,no_moroso
63,5294.36,2,28.1,0,Tecnico,12438.92,no_moroso
55,12087.47,6,20.7,1,Universitario,30515.9,no_moroso
43,8902.4,3,20.2,1,Universitario,21446.87,no_moroso
59,3616.69,1,4.2,0,Tecnico,9069.91,no_moroso
49,6471.4,6,2.1,0,Posgrado,20900.72,no_moroso
46,10084.66,2,9.9,1,Universitario,24453.38,no_moroso
49,3207.86,0,20.4,0,Tecnico,7144.87,no_moroso
60,11190.5,6,2.9,1,Tecnico,28091.33,no_moroso
32,5738.53,0,5.3,0,Tecnico,14804.0,no_moroso
41,9559.35,0,10.3,0,Tecnico,24168.75,no_moroso
67,1561.73,9,6.4,0,Tecnico,6389.58,no_moroso
62,1852.78,4,,0,UNIVERSITARIO,5480.79,moroso
56,10123.7,8,114.8,1,Tecnico,19353.16,moroso
39,12831.81,0,0.2,0,Tecnico,33222.06,no_moroso
48,2941.75,6,17.4,0,SECUNDARIA,8501.91,no_moroso
29,14193.24,5,29.6,0,Tecnico,35498.46,no_moroso
66,1320.23,5,9.9,0,Posgrado,6233.2,no_moroso
69,6622.69,5,27.1,1,Posgrado,18219.01,no_moroso
49,3629.16,0,0.5,1,Tecnico,8373.58,no_moroso
38,4618.98,0,2.2,1,Universitario,11818.51,no_moroso
20,11669.29,3,18.1,0,Tecnico,29486.53,no_moroso
48,1017.63,9,39.1,1,Universitario,3206.64,moroso
41,4922.19,3,1.1,0,Secundaria,12519.62,no_moroso
18,2656.42,7,25.9,0,Universitario,8252.17,no_moroso
55,7301.7,6,1.3,0,Secundaria,18981.91,no_moroso
44,14301.98,4,8.2,1,Secundaria,34466.73,no_moroso
27,7006.61,6,1.7,0,Universitario,19696.14,no_moroso
19,7522.7,3,6.1,0,Universitario,20664.25,no_moroso
44,13022.99,4,4.9,1,Secundaria,31128.64,no_moroso
27,6887.85,0,7.0,0,Universitario,17695.78,no_moroso
32,3594.79,8,4.6,1,Tecnico,9945.37,no_moroso
34,859.85,3,,0,Secundaria,2294.69,no_moroso
25,11636.09,5,1.5,1,Universitario,29523.05,no_moroso
36,14832.21,5,41.0,1,Universitario,35146.02,moroso
33,1916.96,4,30.6,0,Tecnico,4330.75,moroso
61,12402.12,3,5.5,0,Universitario,33481.45,no_moroso
44,1996.91,6,19.2,0,Universitario,6626.38,no_moroso
44,6930.5,4,38.8,1,Universitario,16377.77,moroso
59,,0,4.4,0,Universitario,22505.39,no_moroso
44,5019.29,7,6.4,1,Secundaria,11776.51,no_moroso
64,1950.1,8,16.9,0,Tecnico,5299.57,no_moroso
55,5300.63,4,3.8,0,tecnico,14229.41,no_moroso
58,11295.25,3,26.9,0,Secundaria,26705.53,no_moroso
51,3725.8,6,3.2,0,Universitario,12321.86,no_moroso
60,7161.88,3,20.3,0,Universitario,18294.2,no_moroso
29,5777.81,2,9.9,1,Secundaria,13273.52,no_moroso
29,13498.05,3,8.7,0,Posgrado,36562.06,no_moroso
52,8042.06,4,13.2,0,Universitario,22172.63,no_moroso
22,12801.0,7,5.3,0,Secundaria,33060.49,no_moroso
43,13761.42,9,0.7,1,Universitario,35951.82,no_moroso
27,3142.89,4,14.0,1,Universitario,6472.27,no_moroso
41,13233.2,5,3.7,0,Universitario,34892.31,no_moroso
32,12850.08,9,10.6,0,Tecnico,33817.5,no_moroso
38,7694.84,9,21.1,1,Universitario,20397.42,no_moroso
50,14103.83,6,2.5,0,Universitario,36739.75,no_moroso
62,2647.78,4,3.8,1,Posgrado,8305.89,no_moroso
20,11865.82,7,,1,Universitario,30466.64,no_moroso
44,10363.95,3,7.3,0,Secundaria,26452.35,no_moroso
19,3591.36,5,1.8,0,Secundaria,10057.88,no_moroso
20,12725.67,8,9.1,0,Tecnico,32888.88,no_moroso
21,5525.35,5,3.8,0,TECNICO,15149.66,no_moroso
45,13610.49,5,26.0,0,Secundaria,33449.78,no_moroso
22,6741.66,3,29.4,0,Posgrado,19693.17,no_moroso
66,5964.6,7,1.8,0,Tecnico,16452.72,no_moroso
50,,5,1.1,0,Tecnico,32818.12,no_moroso
57,,0,21.5,0,Universitario,32798.04,no_moroso
30,,2,40.3,1,Posgrado,20244.86,moroso
27,6367.92,1,1.7,0,Universitario,17426.73,no_moroso
31,,1,37.3,0,Universitario,4089.52,moroso
50,6576.15,1,10.6,0,Posgrado,19423.08,no_moroso
22,13128.65,3,6.1,1,Posgrado,35080.09,no_moroso
51,,5,7.2,0,Posgrado,7286.67,no_moroso
60,9093.95,1,0.3,0,Universitario,24532.26,no_moroso
63,7859.09,9,30.1,1,Universitario,20009.08,moroso
63,9302.03,0,61.6,0,Secundaria,19764.51,moroso
39,,3,25.5,0,Secundaria,9572.81,no_moroso
38,10600.7,5,28.2,1,Tecnico,25779.94,no_moroso
31,5472.24,8,7.4,1,Tecnico,14371.58,no_moroso
51,1460.57,3,2.2,1,Universitario,4075.22,no_moroso
53,7153.69,6,4.8,0,Posgrado,21514.71,no_moroso
18,5928.0,4,7.9,0,Universitario,15990.56,no_moroso
65,14616.27,2,39.0,0,Secundaria,35457.77,moroso
55,14516.49,2,2.0,0,Universitario,165364.5455346931,no_moroso
20,13256.39,1,3.2,1,Universitario,33543.73,no_moroso
53,,2,43.4,1,Universitario,17941.05,moroso
54,3871.71,1,6.4,1,Tecnico,8952.72,no_moroso
52,9980.99,9,1.9,1,Universitario,26947.41,no_moroso
64,,6,12.0,1,Universitario,12878.58,no_moroso
33,13364.68,3,14.6,0,Tecnico,32638.26,no_moroso
56,9466.08,4,54.0,1,Secundaria,19778.79,moroso
44,8425.89,8,12.6,0,Tecnico,22572.71,no_moroso
62,4883.33,5,23.2,0,Universitario,13572.09,no_moroso
57,5831.78,6,2.3,1,Universitario,15542.14,no_moroso
22,13581.64,6,18.4,1,Tecnico,33479.86,no_moroso
41,2820.97,8,22.3,0,Universitario,8854.73,no_moroso
25,9950.03,9,,1,Tecnico,25205.32,no_moroso
52,1186.92,7,11.9,1,Tecnico,2848.4,no_moroso
21,13645.82,9,4.6,1,Posgrado,37874.62,no_moroso
29,9490.49,1,8.1,0,Secundaria,23449.9,no_moroso
39,10235.63,4,22.1,0,Tecnico,25667.58,no_moroso
20,2701.79,3,1.1,0,Tecnico,7901.67,no_moroso
31,995.27,2,8.9,1,Secundaria,475.88,no_moroso
30,9426.59,1,37.3,0,Universitario,23897.4,moroso
37,8286.25,3,2.7,0,Tecnico,21403.51,no_moroso
26,7061.25,0,14.5,0,Secundaria,17179.91,no_moroso
68,4724.68,8,17.3,1,Tecnico,11681.8,no_moroso
64,5318.72,6,9.2,1,Tecnico,12724.43,no_moroso
49,1546.26,2,21.4,0,Secundaria,4412.73,no_moroso
50,14305.98,6,,1,Tecnico,36338.52,no_moroso
23,9125.61,9,1.0,0,Universitario,25978.13,no_moroso
30,9004.95,7,3.3,1,Tecnico,22727.36,no_moroso
67,12478.62,7,,0,Universitario,33335.39,no_moroso
23,2778.97,0,1.2,0,Secundaria,6728.02,no_moroso
64,14709.77,0,11.4,1,Universitario,35855.87,no_moroso
62,6196.83,8,57.4,1,Universitario,14411.22,moroso
66,12105.75,3,14.3,0,Secundaria,29579.3,no_moroso
69,,8,,0,Tecnico,14713.88,no_moroso
64,4851.23,7,4.7,0,Posgrado,16173.35,no_moroso
20,8010.32,3,0.5,0,Tecnico,20626.29,no_moroso
50,5358.99,9,1.3,0,Universitario,16878.3,no_moroso
28,13264.86,6,8.8,0,Posgrado,36708.72,no_moroso
46,11889.64,8,7.4,0,Secundaria,30263.9,no_moroso
45,9550.99,0,4.0,1,Tecnico,22086.92,no_moroso
52,14515.69,3,22.0,1,Secundaria,34934.63,no_moroso
45,2882.7,5,32.1,0,Secundaria,6289.45,moroso
20,11208.83,9,,1,Posgrado,29951.27,no_moroso
21,,5,33.4,0,Secundaria,19808.02,moroso
28,,4,28.3,0,Secundaria,28959.34,no_moroso
30,14379.98,8,20.8,1,Posgrado,39051.12,no_moroso
19,,3,4.3,1,Universitario,33552.04,no_moroso
50,1472.09,1,16.3,0,Tecnico,3158.3,no_moroso
33,8503.42,7,8.4,0,Tecnico,22506.21,no_moroso
29,11652.16,4,9.5,0,UNIVERSITARIO,30850.36,no_moroso
28,7720.74,2,35.6,0,tecnico,17706.66,moroso
49,12585.43,4,49.6,0,Universitario,31575.45,moroso
64,12216.84,7,35.6,0,Secundaria,30315.64,moroso
46,8323.37,4,22.0,0,Secundaria,20747.66,no_moroso
45,5336.61,9,22.8,0,Universitario,15491.32,no_moroso
31,4904.98,5,3.9,1,Secundaria,10689.08,no_moroso
51,3961.65,1,45.2,0,UNIVERSITARIO,9283.29,moroso
64,4701.38,1,39.8,0,Secundaria,9827.58,moroso
65,936.35,4,10.2,0,Tecnico,2505.9,no_moroso
31,1261.44,4,18.6,1,Secundaria,2287.39,no_moroso
23,10215.98,7,25.5,1,Secundaria,24872.79,no_moroso
48,9140.02,9,4.6,0,Posgrado,26698.65,no_moroso
27,11100.79,8,,1,Universitario,29106.45,no_moroso
51,13008.34,6,9.9,0,Tecnico,33156.83,no_moroso
59,,9,6.3,0,Tecnico,21094.37,no_moroso
42,14934.41,9,,0,Tecnico,39922.46,no_moroso
69,8132.82,2,23.1,1,Tecnico,17932.54,no_moroso
69,,2,3.3,0,Universitario,13533.52,no_moroso
39,8255.44,8,14.7,1,Universitario,21054.14,no_moroso
20,5805.41,1,2.4,1,Posgrado,15663.79,no_moroso
33,11071.25,9,,1,secundaria,27229.34,no_moroso
19,11622.75,4,3.1,0,Secundaria,29965.92,no_moroso
31,12528.43,9,2.5,1,Tecnico,32205.91,no_moroso
40,5304.96,8,7.5,0,Posgrado,18057.99,no_moroso
60,10474.03,8,8.5,1,Universitario,27267.71,no_moroso
18,9768.91,0,17.8,0,Universitario,24972.51,no_moroso
18,6508.23,0,7.5,1,Tecnico,15104.17,no_moroso
37,3953.82,1,5.3,0,Universitario,11858.15,no_moroso
33,10734.92,5,3.5,0,Universitario,29387.27,no_moroso
18,8186.75,0,10.7,1,Secundaria,18912.86,no_moroso
68,2986.51,8,8.1,0,posgrado,10684.36,no_moroso
49,3201.15,9,15.0,0,Posgrado,12905.6,no_moroso
48,12203.6,5,23.3,1,Secundaria,29250.52,no_moroso
33,11030.81,2,37.6,0,Secundaria,26009.5,moroso
67,14524.2,1,10.8,1,Universitario,35262.2,no_moroso
47,10808.07,8,2.9,0,Secundaria,27847.21,no_moroso
56,10585.2,1,17.1,1,Posgrado,27749.69,no_moroso
22,10135.11,0,3.1,1,Universitario,25156.01,no_moroso
22,5444.33,5,14.0,1,Universitario,290882.1152535207,no_moroso
55,7504.42,4,34.3,0,Tecnico,17827.08,moroso
23,13805.27,1,15.3,0,Secundaria,33731.06,no_moroso
55,4714.18,3,5.1,0,Secundaria,12364.12,no_moroso
25,14084.19,1,30.9,0,Tecnico,34229.49,moroso
69,12173.8,5,3.0,0,Universitario,32883.48,no_moroso
35,1056.77,9,17.5,0,Secundaria,4081.29,no_moroso
25,5257.04,8,0.8,1,Universitario,14844.04,no_moroso
55,14360.99,5,35.3,0,Posgrado,37191.53,moroso
62,4805.82,0,9.8,0,Secundaria,11772.35,no_moroso
43,12195.09,1,36.1,1,Universitario,28065.76,moroso
20,3836.11,8,8.3,0,Posgrado,13671.2,no_moroso
47,3414.35,6,48.7,1,Tecnico,6673.84,moroso
23,4768.79,6,16.7,0,Universitario,14141.19,no_moroso
18,4050.17,9,3.5,0,Tecnico,12897.27,no_moroso
21,13611.53,8,68.4,0,Tecnico,33093.78,moroso
37,7976.9,1,4.2,0,Universitario,21287.33,no_moroso
50,848.16,0,,0,TECNICO,2115.05,no_moroso
23,,3,0.4,1,Universitario,20565.95,no_moroso
27,1750.31,6,24.3,1,Universitario,295940.9873622523,no_moroso
31,1768.45,2,4.7,0,Tecnico,5685.08,no_moroso
37,14600.83,9,16.2,0,SECUNDARIA,37531.77,no_moroso
61,13376.41,2,36.7,0,Universitario,33090.79,moroso
45,5956.66,6,,0,Posgrado,16954.97,moroso
67,4083.67,9,22.3,0,posgrado,14095.6,no_moroso
36,6602.78,6,3.4,1,Universitario,17514.34,no_moroso
68,12306.79,3,17.9,1,Universitario,30518.68,no_moroso
29,9388.24,3,11.0,1,Tecnico,23311.01,no_moroso
60,,9,42.9,1,Tecnico,34978.68,moroso
39,6712.09,1,30.4,1,Posgrado,17408.45,moroso
63,14345.49,7,0.7,0,Universitario,38590.39,no_moroso
28,13925.73,9,12.2,0,Tecnico,36670.17,no_moroso
36,14640.37,3,1.6,0,Secundaria,37100.69,no_moroso
18,11006.89,1,1.1,0,Universitario,28627.08,no_moroso
32,8815.55,4,4.2,0,Posgrado,25261.03,no_moroso
52,13421.6,6,17.5,0,Tecnico,34599.98,no_moroso
37,2290.18,7,4.3,0,Universitario,8046.15,no_moroso
21,12546.59,1,40.6,0,Tecnico,29584.68,moroso
53,,8,12.4,1,Tecnico,3385.88,no_moroso
58,1573.91,9,34.1,0,Secundaria,4514.43,moroso
47,11388.97,4,,1,Universitario,29035.87,no_moroso
46,11423.66,8,5.6,1,posgrado,31564.36,no_moroso
20,1276.65,2,18.6,0,Universitario,4080.1,no_moroso
68,5583.17,2,16.2,1,Posgrado,15597.57,no_moroso
44,9636.42,4,16.9,0,Universitario,25932.51,no_moroso
62,1516.08,3,7.2,0,Secundaria,4053.27,no_moroso
55,2790.0,2,3.9,1,Universitario,7019.85,no_moroso
33,8510.5,1,1.6,1,Universitario,21880.19,no_moroso
24,1381.17,2,1.1,1,Tecnico,2889.2,no_moroso
65,,0,9.4,0,Universitario,10098.5,no_moroso
42,8939.2,1,9.1,0,Universitario,23412.88,no_moroso
49,6611.19,5,3.5,0,Universitario,18837.24,no_moroso
43,10995.49,5,0.6,0,Universitario,29851.78,no_moroso
32,7604.39,5,18.6,0,Tecnico,19270.44,no_moroso
54,3440.43,1,21.9,0,Universitario,8658.5,no_moroso
19,6235.3,0,10.9,0,Secundaria,14404.77,no_moroso
51,3617.69,2,13.5,0,Tecnico,9532.89,no_moroso
68,4264.29,0,24.9,1,Tecnico,8603.14,no_moroso
33,2234.74,8,13.4,1,Posgrado,8361.71,no_moroso
20,5524.93,7,5.2,0,Posgrado,18764.21,no_moroso
36,12844.98,5,44.9,0,Tecnico,31623.02,moroso
69,4729.25,9,,1,Universitario,13585.2,no_moroso
56,7618.04,8,2.5,0,Posgrado,23812.91,no_moroso
58,,9,15.4,1,Tecnico,18323.31,no_moroso
23,8034.03,7,15.5,1,Universitario,21502.62,no_moroso
29,5331.02,0,4.3,1,Posgrado,13729.51,no_moroso
23,3693.73,5,38.3,1,Posgrado,10232.44,moroso
56,14975.51,3,,1,Posgrado,39792.0,no_moroso
38,4986.74,6,16.5,0,Tecnico,13604.6,no_moroso
28,9064.45,2,33.3,1,Universitario,21164.45,moroso
26,9646.79,2,6.8,1,SECUNDARIA,24285.18,no_moroso
18,8535.74,3,19.2,0,Tecnico,21437.64,no_moroso
56,7634.86,1,7.6,0,Tecnico,19670.65,no_moroso
39,5353.43,6,2.1,0,Tecnico,14159.39,no_moroso
45,1870.09,9,8.2,0,Universitario,7083.09,no_moroso
49,13760.21,1,11.1,1,Tecnico,32375.43,no_moroso
39,3246.14,3,1.1,1,Tecnico,7556.43,no_moroso
59,11497.8,2,1.7,0,Secundaria,29257.82,no_moroso
33,1676.77,8,17.4,1,Posgrado,6261.71,no_moroso
45,,3,11.4,1,Secundaria,5964.7,no_moroso
68,6331.66,4,4.2,1,Secundaria,14880.98,no_moroso
38,10583.33,7,3.6,1,Tecnico,26682.5,no_moroso
49,11349.45,9,5.6,0,Universitario,31165.4,no_moroso
32,14691.47,2,14.5,1,Universitario,36366.14,no_moroso
68,2791.23,6,1.2,0,Posgrado,11555.03,no_moroso
20,5970.97,1,7.1,0,Tecnico,15548.77,no_moroso
50,3203.29,8,2.2,0,Tecnico,10462.21,no_moroso
60,6489.18,4,13.7,1,Posgrado,17467.02,no_moroso
59,4184.27,9,6.8,0,Tecnico,11659.03,no_moroso
50,4117.76,4,,0,Tecnico,9741.98,no_moroso
50,8464.06,4,1.7,0,Secundaria,21733.89,no_moroso
66,13357.39,5,4.3,0,Universitario,35901.97,no_moroso
47,10257.88,6,6.1,0,Secundaria,26729.15,no_moroso
39,10185.81,4,29.3,1,Tecnico,23045.52,no_moroso
44,4867.42,0,104.9,0,Secundaria,7726.18,moroso
37,,0,3.6,0,Universitario,25372.99,no_moroso
32,12150.37,2,1.2,0,Secundaria,30683.87,no_moroso
24,6012.19,8,10.7,0,Universitario,17841.85,no_moroso
60,12723.03,8,1.5,0,Universitario,34982.07,no_moroso
49,10268.65,0,44.1,1,Universitario,23820.34,moroso
58,14650.15,4,31.4,1,Tecnico,34842.81,moroso
34,12289.44,4,13.0,1,Universitario,30882.98,no_moroso
48,11004.22,6,,0,Posgrado,30976.5,no_moroso
64,14463.53,6,12.4,0,Universitario,37477.42,no_moroso
51,13375.37,1,38.0,0,Tecnico,32005.14,moroso
40,2788.61,6,,0,Universitario,8777.24,no_moroso
38,7530.5,7,28.0,1,Universitario,19204.02,no_moroso
52,,9,1.4,0,Tecnico,12316.18,no_moroso
29,9678.39,3,3.7,0,posgrado,27724.08,no_moroso
59,14691.13,2,8.3,1,Secundaria,35150.98,no_moroso
55,10086.94,9,31.0,0,Posgrado,28927.78,moroso
56,2933.85,2,1.1,0,Posgrado,11001.72,no_moroso
31,1454.14,4,5.0,1,Posgrado,5672.82,no_moroso
66,10915.17,1,14.3,0,Universitario,28311.86,no_moroso
61,,5,3.8,1,Secundaria,34882.52,no_moroso
65,,3,22.1,0,Posgrado,36808.93,no_moroso
28,13037.14,8,1.8,0,Secundaria,34826.02,no_moroso
42,5867.68,7,2.1,1,Posgrado,16949.42,no_moroso
55,13690.71,1,27.5,1,Tecnico,32012.35,no_moroso
63,14922.49,2,18.6,0,Universitario,38957.24,no_moroso
43,2500.57,8,3.3,0,Universitario,8700.29,no_moroso
49,8735.84,5,46.6,0,Universitario,21441.88,moroso
65,4736.51,8,17.0,0,Universitario,13727.13,no_moroso
36,12273.88,0,27.5,0,Secundaria,29222.58,no_moroso
62,8870.35,7,4.3,0,Tecnico,23678.28,no_moroso
45,5979.46,3,13.8,1,Universitario,14285.82,no_moroso
19,6528.68,1,9.4,0,Secundaria,15783.52,no_moroso
63,997.07,3,6.6,0,Universitario,5361.66,no_moroso
26,14509.22,6,3.9,0,Tecnico,38377.81,no_moroso
22,4168.05,5,14.6,0,Tecnico,10594.44,no_moroso
35,6949.35,0,0.2,0,Universitario,19035.59,no_moroso
48,10516.01,0,1.3,1,universitario,26377.99,no_moroso
55,2237.42,3,1.4,1,Tecnico,4807.78,no_moroso
35,2771.83,7,14.4,0,Universitario,9019.21,no_moroso
69,9022.86,7,5.8,0,Universitario,25876.97,no_moroso
42,10769.44,4,24.9,1,Universitario,26490.57,no_moroso
22,6662.8,6,51.9,1,Universitario,14557.67,moroso
30,,7,16.1,1,Universitario,307038.69504825573,no_moroso
27,5306.83,7,0.1,0,Secundaria,14705.15,no_moroso
55,3187.81,1,,1,Tecnico,6563.71,no_moroso
41,5310.87,6,16.0,0,Tecnico,14738.4,no_moroso
49,11879.48,0,,0,Universitario,30861.61,no_moroso
30,9115.91,8,3.8,0,secundaria,24083.38,no_moroso
48,1596.72,2,,1,Secundaria,3113.02,no_moroso
65,7097.47,0,9.9,0,Posgrado,20930.36,no_moroso
59,7911.76,4,14.0,0,TECNICO,20612.11,no_moroso
22,12213.88,2,25.0,1,Secundaria,28457.88,no_moroso
44,11314.57,8,2.4,0,Tecnico,30266.32,no_moroso
56,8953.99,1,4.1,1,Tecnico,21245.61,no_moroso
34,11877.18,4,63.9,0,TECNICO,27154.14,moroso
67,12185.65,2,2.9,1,Posgrado,31760.63,no_moroso
62,8514.43,7,,1,Universitario,21538.35,no_moroso
49,2793.38,3,57.6,1,Universitario,4575.46,moroso
50,2653.23,9,24.5,1,Secundaria,5540.14,no_moroso
63,2421.6,7,1.9,0,Universitario,8509.16,no_moroso
55,10427.82,1,14.0,0,Posgrado,28955.54,no_moroso
55,12572.62,1,4.1,1,Universitario,30975.65,no_moroso
30,13732.15,1,7.1,1,Tecnico,32635.09,no_moroso
21,2816.11,1,2.2,1,Universitario,6926.56,no_moroso
49,6435.08,2,18.7,0,Posgrado,18443.4,no_moroso
33,6228.78,4,3.3,1,Tecnico,14121.56,no_moroso
27,,0,9.0,0,Secundaria,30152.98,no_moroso
18,9742.8,6,0.1,0,Secundaria,25390.92,no_moroso
26,5792.02,7,7.8,0,Secundaria,15654.83,no_moroso
40,13447.94,3,10.6,1,Universitario,33949.98,no_moroso
68,8101.27,6,12.8,1,Posgrado,22169.89,no_moroso
37,9471.41,5,7.0,0,Secundaria,24314.97,no_moroso
18,4513.36,0,23.2,0,Tecnico,10585.18,no_moroso
37,7138.27,9,10.4,1,Tecnico,17263.43,no_moroso
64,9146.51,1,1.8,0,Tecnico,23217.14,no_moroso
69,13593.19,8,41.1,0,Tecnico,33842.02,moroso
47,14349.58,8,15.3,1,Universitario,37417.87,no_moroso
43,5292.22,2,19.2,0,Posgrado,15849.27,no_moroso
54,2926.05,0,16.5,0,Universitario,7680.49,no_moroso
23,,5,49.4,0,Universitario,11228.65,moroso
50,3165.78,8,14.1,1,Tecnico,8523.95,no_moroso
20,,0,35.4,0,Posgrado,3151.34,moroso
20,,1,7.0,1,Tecnico,34372.58,no_moroso
25,3039.64,5,25.1,1,Universitario,6695.29,no_moroso
35,3299.81,8,8.6,0,Universitario,11238.12,no_moroso
64,5055.02,7,2.7,0,Secundaria,13676.88,no_moroso
31,9116.26,7,12.5,0,Tecnico,23861.53,no_moroso
61,10269.25,4,46.2,0,Tecnico,25010.25,moroso
49,808.62,5,42.1,0,Universitario,2608.14,moroso
22,13527.31,8,11.8,0,Tecnico,35338.75,no_moroso
25,12255.13,9,0.0,0,Universitario,33595.22,no_moroso
44,3080.41,0,4.8,0,Universitario,8492.06,no_moroso
30,5322.73,9,1.4,0,Secundaria,15635.73,no_moroso
62,,7,50.7,1,Posgrado,15361.28,moroso
48,4380.02,0,6.0,1,Posgrado,11998.91,no_moroso
29,13683.9,3,12.9,0,Posgrado,36515.48,no_moroso
69,12401.76,6,,1,Tecnico,28957.89,moroso
68,11678.0,4,0.7,1,Secundaria,28538.99,no_moroso
62,1157.2,7,2.3,0,Tecnico,4664.71,no_moroso
32,8697.88,1,11.1,0,Secundaria,21514.6,no_moroso
43,7014.03,0,10.0,1,Universitario,17234.38,no_moroso
59,,2,16.3,0,Tecnico,18067.86,no_moroso
38,1692.53,8,0.0,1,posgrado,7254.05,no_moroso
35,9568.23,1,30.4,0,Tecnico,23002.49,moroso
68,7453.11,0,53.6,0,Universitario,19140.25,moroso
23,2934.27,7,19.5,0,Secundaria,7284.83,no_moroso
19,11292.22,3,19.1,1,Secundaria,26816.64,no_moroso
18,8849.54,0,21.5,0,Secundaria,22013.73,no_moroso
19,10219.53,2,29.6,1,Universitario,24436.75,no_moroso
50,7297.08,9,26.9,0,Universitario,20102.9,no_moroso
27,1761.42,2,21.9,1,Universitario,3998.44,no_moroso
22,11825.99,7,2.7,0,Tecnico,32080.58,no_moroso
45,1971.31,3,,1,Tecnico,3851.15,no_moroso
23,,3,24.7,0,Tecnico,24013.07,no_moroso
46,13848.58,8,5.4,0,Posgrado,39122.97,no_moroso
68,8001.52,8,15.1,0,Universitario,22584.7,no_moroso
42,9243.75,3,0.7,1,Tecnico,21948.5,no_moroso
60,5759.84,0,,0,Universitario,15616.67,no_moroso
25,12787.59,5,6.7,1,posgrado,34903.46,no_moroso
42,10586.25,1,1.7,1,Universitario,27378.11,no_moroso
64,7934.26,0,6.9,0,Universitario,20796.95,no_moroso
38,9836.59,3,22.0,0,Tecnico,24806.5,no_moroso
66,6633.51,5,13.8,1,Secundaria,15410.17,no_moroso
43,6054.04,7,5.1,1,Tecnico,15670.21,no_moroso
27,10564.59,9,,1,Posgrado,27753.76,moroso
35,8658.55,3,41.8,0,Secundaria,20110.02,moroso
34,2514.09,7,13.0,0,Posgrado,9600.34,no_moroso
32,10611.24,7,10.1,1,Secundaria,26252.08,no_moroso
21,7546.63,4,8.4,0,TECNICO,19999.25,no_moroso
22,9569.05,3,4.9,1,Tecnico,23851.2,no_moroso
45,10407.87,2,2.6,0,Secundaria,26414.42,no_moroso
55,4517.45,1,9.9,1,Posgrado,12092.21,no_moroso
44,13469.7,9,18.9,1,Posgrado,36686.17,no_moroso
51,2868.32,5,6.4,1,Posgrado,10018.34,no_moroso
35,11557.4,9,0.2,1,Universitario,31514.46,no_moroso
45,12177.13,4,31.1,0,Universitario,31502.05,moroso
45,7793.02,0,0.4,0,Tecnico,20497.53,no_moroso
24,8231.93,3,2.2,0,Tecnico,21958.06,no_moroso
69,13701.32,1,14.5,0,Universitario,35532.35,no_moroso
56,1079.92,0,7.0,0,Universitario,260666.32219065353,no_moroso
50,13950.83,9,6.9,1,Tecnico,35624.5,no_moroso
34,7986.0,6,2.5,1,Tecnico,19866.2,no_moroso
24,13063.24,1,4.8,1,Posgrado,33433.52,no_moroso
55,14791.58,0,21.0,1,Universitario,35854.41,no_moroso
21,1992.21,6,14.0,0,Tecnico,5329.68,no_moroso
65,13857.61,3,94.6,0,Secundaria,30849.23,moroso
69,9435.96,9,12.7,1,Posgrado,26862.07,no_moroso
68,12594.64,9,18.8,0,Posgrado,36848.24,no_moroso
44,11537.38,2,9.4,0,Tecnico,29633.8,no_moroso
54,3006.27,1,1.5,0,Secundaria,8073.11,no_moroso
44,9640.15,0,16.4,0,Secundaria,22801.33,no_moroso
66,5109.47,3,,0,Tecnico,10500.04,moroso
54,10320.08,0,21.8,0,Tecnico,24825.22,no_moroso
23,3669.3,5,23.1,1,Universitario,9875.71,no_moroso
55,2601.14,5,0.9,0,Secundaria,7074.42,no_moroso
39,4057.96,8,6.9,0,Tecnico,12188.28,no_moroso
20,12486.57,3,14.8,0,Posgrado,33836.82,no_moroso
52,12338.44,5,18.4,0,Universitario,32589.31,no_moroso
32,,7,57.1,0,Universitario,34572.32,moroso
30,9805.99,2,3.2,0,Posgrado,27308.78,no_moroso
60,11527.49,7,0.7,1,Posgrado,32254.18,no_moroso
58,5381.57,5,,1,Universitario,13767.62,no_moroso
41,,7,1.2,0,posgrado,41552.54,no_moroso
23,7810.77,1,0.3,1,Universitario,18486.49,no_moroso
58,9955.17,7,46.7,1,Tecnico,23499.78,moroso
20,5428.58,1,13.9,1,Secundaria,10997.18,no_moroso
61,10927.57,3,0.4,0,Tecnico,28370.8,no_moroso
20,6694.05,3,15.3,1,Universitario,16305.78,no_moroso
59,5108.65,6,26.3,0,Tecnico,13014.0,no_moroso
66,14422.76,9,3.9,1,Universitario,38641.58,no_moroso
62,2809.51,1,5.3,0,Universitario,8407.95,no_moroso
58,4136.51,7,7.6,0,Secundaria,11570.97,no_moroso
20,11005.49,9,1.4,0,Universitario,209924.6167626102,no_moroso
25,2480.86,7,15.2,0,Tecnico,7734.28,no_moroso
20,3009.38,0,24.5,0,Posgrado,8765.67,no_moroso
23,9172.61,9,44.9,1,Universitario,21892.24,moroso
61,8206.9,0,19.5,0,Secundaria,19210.15,no_moroso
48,7672.93,4,38.1,0,Posgrado,21337.97,moroso
67,2923.39,3,18.2,0,Universitario,8683.44,no_moroso
57,13463.25,7,6.4,0,Tecnico,34735.4,no_moroso
21,14601.88,4,,0,secundaria,37348.97,no_moroso
41,9444.57,0,17.7,0,Secundaria,22388.47,no_moroso
68,2567.48,0,5.9,0,Secundaria,6502.78,no_moroso
58,13582.9,4,26.3,1,Universitario,34217.77,no_moroso
38,4678.7,7,3.8,0,Universitario,14029.11,no_moroso
19,14713.72,7,53.0,0,Posgrado,38752.87,moroso
24,2001.71,7,26.0,0,Tecnico,6208.64,no_moroso
31,5609.87,1,10.7,0,Tecnico,13362.57,no_moroso
61,990.69,0,2.1,0,Secundaria,2104.31,no_moroso
55,2074.29,3,59.7,0,Tecnico,2777.66,moroso
69,5317.13,8,26.6,0,Secundaria,14384.71,no_moroso
52,1491.5,5,17.2,1,Secundaria,2277.21,no_moroso
69,9269.26,8,8.2,0,Universitario,26810.99,no_moroso
33,2758.43,0,3.1,0,Secundaria,6617.81,no_moroso
36,5686.81,4,,0,Secundaria,14832.81,no_moroso
35,14020.56,3,8.7,0,Tecnico,36124.8,no_moroso
18,14832.51,9,3.3,0,Secundaria,39183.06,no_moroso
33,10812.63,7,27.2,1,Secundaria,25210.89,no_moroso
40,8608.63,0,4.0,1,posgrado,23719.07,no_moroso
19,14931.99,8,3.6,1,Tecnico,37395.42,no_moroso
40,8271.61,4,4.9,1,Universitario,21897.45,no_moroso
67,4268.12,6,6.3,0,Universitario,13142.86,no_moroso
60,1201.41,4,1.2,1,Secundaria,2192.44,no_moroso
68,8617.52,6,5.9,0,Tecnico,24023.73,no_moroso
49,10470.08,3,2.5,0,Secundaria,27061.28,no_moroso
64,10116.85,5,5.7,1,Posgrado,26873.67,no_moroso
47,13480.23,4,6.6,0,Tecnico,34864.44,no_moroso
53,11867.08,3,5.3,0,Tecnico,30594.34,no_moroso
37,8397.35,4,5.9,1,Universitario,21942.83,no_moroso
64,10558.05,2,5.2,1,TECNICO,26114.18,no_moroso
55,6952.99,8,,1,Tecnico,16184.79,no_moroso
51,2525.92,6,,0,Tecnico,221096.53933059794,no_moroso
69,2293.01,7,,0,Tecnico,7146.89,no_moroso
50,5373.22,2,12.0,0,Tecnico,12911.75,no_moroso
30,10165.76,4,31.2,1,Universitario,24392.18,moroso
47,11332.09,2,10.9,0,Tecnico,29193.54,no_moroso
49,6164.59,6,1.6,0,Tecnico,17225.72,no_moroso
47,13539.08,7,3.2,0,Tecnico,35821.84,no_moroso
36,5983.29,6,,0,Universitario,17139.43,no_moroso
18,10256.73,2,26.7,0,Tecnico,24814.84,no_moroso
60,11389.74,0,36.4,0,Tecnico,27343.68,moroso
18,6286.38,4,38.0,1,Universitario,15165.65,moroso
58,885.67,3,30.7,0,Universitario,2048.51,moroso
63,11022.02,6,2.8,1,Tecnico,27594.62,no_moroso
34,,3,15.6,1,Universitario,1792.95,no_moroso
45,6677.48,4,2.3,1,Tecnico,15921.0,no_moroso
32,13640.68,9,5.6,1,Universitario,35404.78,no_moroso
37,,2,10.6,0,Secundaria,12913.75,no_moroso
25,10811.53,2,12.5,0,Universitario,28061.13,no_moroso
36,1869.56,2,3.9,0,Secundaria,4980.01,no_moroso
31,11309.6,1,2.9,1,Universitario,28402.0,no_moroso
25,8682.17,5,7.5,1,Posgrado,23619.1,no_moroso
63,7015.72,3,11.2,1,Universitario,16444.12,no_moroso
19,7811.88,6,14.6,0,Tecnico,20632.91,no_moroso
38,3766.82,6,2.9,0,Secundaria,11408.37,no_moroso
37,5115.41,9,21.7,1,Tecnico,12416.65,no_moroso
44,4279.51,0,20.7,1,Universitario,10500.73,no_moroso
39,11210.33,1,22.8,1,Universitario,27560.72,no_moroso
24,10010.63,2,10.6,1,Tecnico,24121.92,no_moroso
23,14050.71,8,1.4,1,Posgrado,37848.81,no_moroso
59,1268.85,1,11.6,1,Tecnico,1129.57,no_moroso
35,,7,,1,Posgrado,7318.73,no_moroso
28,7617.61,0,5.3,0,Universitario,19323.17,no_moroso
22,9928.22,2,21.9,0,Universitario,25530.08,no_moroso
58,9797.78,4,6.8,1,Tecnico,24799.95,no_moroso
43,,5,36.1,0,Universitario,20837.57,moroso
20,,0,16.4,1,Secundaria,32741.31,no_moroso
46,6071.89,7,27.8,0,Universitario,16180.74,no_moroso
61,4259.48,2,25.8,0,Universitario,10901.78,no_moroso
62,13368.24,6,24.7,1,Tecnico,32149.58,no_moroso
50,2212.65,4,4.1,0,Tecnico,6158.25,no_moroso
57,7850.57,8,16.8,1,Secundaria,19168.09,no_moroso
51,6311.63,3,,1,Secundaria,13695.88,no_moroso
34,1313.22,1,6.2,1,Tecnico,1675.62,no_moroso
67,1068.58,8,13.8,0,Secundaria,4561.04,no_moroso
60,5150.79,3,1.0,0,Tecnico,14462.46,no_moroso
62,2077.33,7,73.1,0,Universitario,4502.49,moroso
28,2965.72,6,43.5,0,Universitario,8217.42,moroso
24,8291.51,5,58.4,0,Universitario,20572.83,moroso
59,4333.92,5,21.0,0,Posgrado,13471.36,no_moroso
43,5912.22,0,10.1,1,Posgrado,16171.6,no_moroso
26,6921.2,3,1.5,1,Universitario,18993.23,no_moroso
66,6876.18,0,2.5,1,Universitario,17849.83,no_moroso
51,12313.3,3,122.2,0,Universitario,26377.78,moroso
40,13639.79,2,53.4,1,Posgrado,32724.71,moroso
43,13640.67,7,24.6,0,Tecnico,35557.09,no_moroso
56,,1,29.4,0,Universitario,13626.69,no_moroso
64,,6,2.3,1,Universitario,15603.8,no_moroso
52,3206.69,4,73.2,0,Tecnico,5281.68,moroso
30,5069.2,9,6.7,1,POSGRADO,16525.55,no_moroso
33,7622.51,5,12.5,1,UNIVERSITARIO,19151.5,no_moroso
57,4461.26,7,0.8,0,Tecnico,11537.67,no_moroso
27,4264.58,9,11.7,0,Universitario,12881.84,no_moroso
24,7867.54,0,20.1,0,Tecnico,17935.36,no_moroso
67,14022.06,8,5.7,1,Posgrado,37598.38,no_moroso
61,13623.67,5,22.6,0,Secundaria,33865.67,no_moroso
61,6470.27,0,17.8,1,Universitario,15508.72,no_moroso
29,5186.09,2,,0,Secundaria,12542.61,no_moroso
69,9272.4,6,24.6,1,Tecnico,22859.78,no_moroso
48,5544.53,2,39.4,0,Universitario,13327.44,moroso
66,10361.5,6,12.9,0,Posgrado,28141.28,no_moroso
62,8806.03,0,4.3,1,Universitario,21782.74,no_moroso
62,12563.1,9,4.7,0,Universitario,33854.18,no_moroso
36,,0,16.3,1,Posgrado,6371.57,no_moroso
22,,3,30.5,0,Tecnico,25495.86,moroso
52,11286.69,2,1.8,1,Secundaria,27087.61,no_moroso
42,9482.71,7,10.2,1,Posgrado,25550.3,no_moroso
32,4594.12,4,6.2,0,Tecnico,12719.96,no_moroso
46,12125.49,7,5.9,1,Posgrado,34101.29,no_moroso
67,3364.46,1,0.8,0,Secundaria,9090.31,no_moroso
67,,8,5.1,1,Tecnico,23030.3,no_moroso
28,,7,9.7,0,Tecnico,36713.51,no_moroso
27,13562.6,4,15.4,1,Tecnico,33131.33,no_moroso
25,7458.19,1,41.0,1,Tecnico,16123.61,moroso
55,13974.67,0,,1,Tecnico,33094.8,no_moroso
52,1560.12,7,24.4,0,Secundaria,294034.66938538756,no_moroso
25,8445.3,3,,1,Posgrado,22718.73,no_moroso
21,1355.23,4,12.8,1,Tecnico,1970.15,no_moroso
36,13510.42,2,0.7,0,Universitario,35650.22,no_moroso
52,5335.06,6,3.1,1,Tecnico,13357.95,no_moroso
42,10228.9,6,12.2,1,Tecnico,25157.69,no_moroso
53,4527.67,7,8.1,1,Universitario,12386.96,no_moroso
49,8784.88,5,4.4,1,secundaria,21367.29,no_moroso
61,6422.68,0,4.3,0,Universitario,17118.05,no_moroso
64,11850.14,4,65.7,1,Tecnico,26425.81,moroso
40,3255.47,8,2.2,1,Tecnico,8434.31,no_moroso
35,10246.33,2,8.4,0,Universitario,27429.66,no_moroso
69,1110.66,9,14.7,0,Universitario,5032.01,no_moroso
38,14378.67,9,5.3,0,Universitario,38631.12,no_moroso
50,4504.05,2,16.7,1,Universitario,9854.89,no_moroso
39,6069.02,5,23.9,0,Universitario,15956.72,no_moroso
21,4122.1,8,11.0,0,Universitario,11849.38,no_moroso
27,2360.89,8,25.0,1,Universitario,7043.78,no_moroso
27,12357.57,0,18.0,0,Universitario,31431.79,no_moroso
51,14427.54,1,5.4,0,Tecnico,36373.13,no_moroso
53,8343.16,4,11.6,1,Posgrado,21659.56,no_moroso
29,11803.24,7,3.2,1,Tecnico,28852.23,no_moroso
26,2808.88,0,14.4,1,Universitario,5983.77,no_moroso
42,8170.98,5,6.6,0,Universitario,22498.71,no_moroso
56,4146.04,5,10.2,1,Tecnico,9952.14,no_moroso
42,8925.54,2,8.7,1,Universitario,22063.79,no_moroso
57,,5,10.8,1,Secundaria,31095.51,no_moroso
27,14040.17,0,9.9,1,Posgrado,36179.48,no_moroso
20,1960.68,2,20.4,0,Universitario,5446.33,no_moroso
27,7393.62,4,7.7,0,Tecnico,19341.84,no_moroso
36,5674.57,7,8.7,1,Universitario,14725.94,no_moroso
65,14035.89,1,,0,Posgrado,38147.54,no_moroso
67,2632.04,1,3.3,1,Universitario,6607.63,no_moroso
26,2153.2,7,22.3,0,Universitario,7057.46,no_moroso
20,8059.46,7,3.7,1,Secundaria,20240.66,no_moroso
40,9250.59,7,3.2,0,Universitario,25459.9,no_moroso
54,10914.89,4,0.1,0,Tecnico,27633.47,no_moroso
37,1558.97,1,40.4,1,Tecnico,986.69,moroso
27,,2,24.5,0,Secundaria,13871.56,no_moroso
40,,8,36.4,1,Universitario,3840.76,moroso
50,1732.77,4,36.4,0,Tecnico,4160.42,moroso
66,7309.81,5,11.3,0,Universitario,20618.02,no_moroso
40,5959.4,0,2.8,0,Posgrado,17672.32,no_moroso
69,7834.93,3,0.1,0,Tecnico,20877.95,no_moroso
23,5563.79,2,2.8,0,Secundaria,13633.52,no_moroso
54,5972.01,6,3.2,0,Tecnico,16409.76,no_moroso
24,13937.1,8,21.0,1,SECUNDARIA,33520.26,no_moroso
20,6636.72,0,,0,Posgrado,19922.13,no_moroso
20,5489.31,7,5.2,0,Universitario,16310.07,no_moroso
18,2930.39,5,29.7,1,Universitario,6998.92,no_moroso
57,12274.36,1,,1,Tecnico,27944.86,no_moroso
18,9819.05,9,2.3,0,Tecnico,27642.34,no_moroso
47,,7,21.8,0,Posgrado,33702.03,no_moroso
64,7435.06,6,63.9,1,Secundaria,15009.94,moroso
58,11806.86,2,26.3,0,Universitario,30302.12,no_moroso
27,2927.89,4,37.2,0,Tecnico,7456.88,moroso
29,10922.44,2,7.4,0,Posgrado,29914.37,no_moroso
35,4816.88,4,9.4,1,TECNICO,11811.99,no_moroso
33,14292.66,6,3.8,0,Universitario,37631.22,no_moroso
34,2471.24,7,67.2,1,Posgrado,5961.59,moroso
42,4063.53,6,8.3,0,Universitario,11625.96,no_moroso
33,13981.77,6,2.2,0,Universitario,37707.61,no_moroso
60,11653.86,5,10.2,0,Posgrado,32342.26,no_moroso
67,11176.0,7,17.7,1,Universitario,28760.72,no_moroso
66,2823.24,9,16.5,1,Tecnico,7562.66,no_moroso
66,,3,5.9,1,Tecnico,9647.98,no_moroso
59,9824.43,7,38.4,0,Universitario,25843.08,moroso
20,2384.14,9,9.5,0,Secundaria,7032.72,no_moroso
36,9475.27,6,24.5,0,Universitario,25126.74,no_moroso
53,10139.07,5,22.7,0,TECNICO,25087.27,no_moroso
52,1460.85,1,8.8,1,Posgrado,5610.59,no_moroso
30,1968.01,3,23.1,0,Universitario,5570.48,no_moroso
31,9914.87,2,2.0,0,Tecnico,25419.46,no_moroso
45,14199.32,1,2.8,0,Tecnico,36572.7,no_moroso
36,6080.58,9,13.8,0,Universitario,17057.89,no_moroso
31,14736.21,7,,1,Tecnico,36060.22,no_moroso
23,9553.94,0,6.6,0,Posgrado,26485.92,no_moroso
40,7107.35,3,6.4,1,Posgrado,18788.02,no_moroso
50,13051.7,3,2.6,0,Secundaria,33777.52,no_moroso
23,5969.55,7,8.2,1,Secundaria,14402.11,no_moroso
65,13097.78,4,4.9,1,Universitario,33106.3,no_moroso
21,10585.44,3,,0,Secundaria,26280.56,no_moroso
57,848.75,8,6.8,0,Universitario,3897.46,no_moroso
60,13873.46,1,5.2,0,Universitario,36950.18,no_moroso
61,7150.95,5,34.0,1,Posgrado,18461.92,moroso
49,3628.15,4,0.1,0,Tecnico,10670.3,no_moroso
36,8955.71,5,18.2,1,Universitario,22038.96,no_moroso
55,11592.69,4,22.2,0,Posgrado,31218.34,no_moroso
33,,6,0.4,1,Posgrado,25267.29,no_moroso
24,,2,34.8,1,Secundaria,21674.53,moroso
63,9762.84,7,,1,Universitario,23855.92,no_moroso
52,9968.26,6,11.5,1,Secundaria,24245.53,no_moroso
35,5227.81,0,4.3,0,Tecnico,13483.11,no_moroso
50,12385.49,8,65.2,1,Tecnico,28097.92,moroso
23,11528.3,4,6.8,1,Universitario,29410.17,no_moroso
68,14078.16,1,26.4,1,Posgrado,36237.78,no_moroso
52,9517.58,8,31.5,1,Secundaria,22735.55,moroso
60,,7,44.2,0,Secundaria,23531.31,moroso
21,3643.55,5,12.6,1,Posgrado,11574.76,no_moroso
32,1849.53,6,6.5,0,Posgrado,7328.55,no_moroso
60,8393.88,5,7.6,0,Universitario,22783.22,no_moroso
18,2839.3,0,17.0,0,Universitario,7885.13,no_moroso
43,5230.52,5,3.5,0,Universitario,197650.21312799404,no_moroso
36,9304.39,8,11.2,0,Universitario,25987.7,no_moroso
50,6542.81,2,10.8,0,Universitario,17790.88,no_moroso
53,1841.8,3,1.3,1,Tecnico,4220.17,no_moroso
34,8041.63,3,7.8,0,Universitario,22488.99,no_moroso
26,1864.4,3,9.7,0,Universitario,5803.19,no_moroso
62,2540.48,2,2.6,0,Posgrado,9846.16,no_moroso
35,14184.78,5,5.8,1,Posgrado,37315.93,no_moroso
24,8750.28,4,12.7,0,Universitario,23184.42,no_moroso
23,1811.13,0,42.4,1,Secundaria,1015.57,moroso
36,13754.26,1,14.1,0,Secundaria,33663.93,no_moroso
27,1292.92,6,3.4,1,Tecnico,3084.64,no_moroso
59,2275.2,3,6.1,0,Universitario,7931.2,no_moroso
36,7534.31,5,12.6,0,Secundaria,20145.27,no_moroso
69,,6,0.5,0,Tecnico,14826.63,no_moroso
20,10411.72,8,5.1,0,tecnico,27911.43,no_moroso
36,8111.11,6,37.9,1,Tecnico,18597.73,moroso
44,3879.85,7,38.4,0,Universitario,10231.64,moroso
68,2319.37,9,11.1,0,Posgrado,10439.54,no_moroso
47,4066.21,5,17.6,1,Tecnico,8948.13,no_moroso
39,1164.4,7,6.0,0,Universitario,4564.71,no_moroso
69,7960.61,7,51.7,0,Posgrado,21422.56,moroso
21,,8,21.5,0,Posgrado,29433.17,no_moroso
21,5785.06,6,24.7,0,Tecnico,14602.98,no_moroso
42,3780.35,5,,0,Universitario,11006.53,no_moroso
22,8126.12,1,3.2,0,Secundaria,21242.77,no_moroso
56,12516.64,9,31.2,0,Tecnico,31767.93,moroso
40,12927.98,8,10.8,1,Tecnico,31924.87,no_moroso
64,12430.56,8,,1,Secundaria,30602.19,no_moroso
63,,4,27.6,1,Tecnico,23989.6,no_moroso
36,11011.1,6,31.7,0,Tecnico,27168.5,moroso
33,10257.65,3,22.1,0,Tecnico,25299.95,no_moroso
45,6606.77,7,3.1,0,Universitario,19210.2,no_moroso
38,6238.26,4,19.7,1,POSGRADO,15758.21,no_moroso
21,11775.69,7,4.3,0,Universitario,32635.85,no_moroso
40,4789.71,3,,1,Posgrado,14139.93,no_moroso
67,12208.61,2,15.5,0,Secundaria,29604.41,no_moroso
32,11638.59,4,15.0,0,TECNICO,29832.41,no_moroso
26,,1,29.1,0,Tecnico,25965.2,no_moroso
60,5658.55,7,1.1,1,Universitario,15865.51,no_moroso
24,7009.06,5,41.8,1,Tecnico,15905.08,moroso
45,5098.51,6,4.1,0,Posgrado,16756.67,no_moroso
38,4388.01,5,6.8,0,Universitario,12952.55,no_moroso
65,13559.96,4,2.8,1,Universitario,33646.75,no_moroso
29,9244.88,7,22.3,0,Tecnico,23876.28,no_moroso
28,7600.34,5,17.3,0,Universitario,20046.29,no_moroso
66,3426.76,6,,1,Universitario,11106.74,no_moroso
25,4936.71,1,56.5,0,Posgrado,12424.38,moroso
35,13067.97,9,6.2,0,Universitario,35308.21,no_moroso
53,11774.43,0,1.6,0,Universitario,30938.91,no_moroso
39,2152.24,5,0.3,1,Universitario,6518.24,no_moroso
32,12651.11,2,27.7,1,Universitario,30760.48,no_moroso
36,12964.68,8,18.9,1,Tecnico,31392.82,no_moroso
56,11689.72,5,7.3,1,Universitario,29132.09,no_moroso
22,14465.99,5,15.7,1,Secundaria,34943.46,no_moroso
46,4434.12,3,0.9,0,Universitario,13049.67,no_moroso
58,5649.27,8,9.0,0,Secundaria,15130.26,no_moroso
26,4344.16,7,23.3,1,Universitario,11615.98,no_moroso
34,,0,25.7,0,TECNICO,3382.84,no_moroso
34,14888.53,2,19.1,0,Secundaria,36766.78,no_moroso
28,5640.93,5,4.9,0,SECUNDARIA,14270.08,no_moroso
48,8144.19,8,7.9,1,Universitario,21312.62,no_moroso
65,9563.41,4,1.1,1,Tecnico,23555.93,no_moroso
69,13080.64,7,26.6,1,Secundaria,31408.19,no_moroso
40,6178.8,9,30.7,1,Tecnico,14614.77,moroso
36,1093.16,9,59.8,0,Posgrado,4805.43,moroso
57,5609.58,2,4.6,1,Universitario,14047.44,no_moroso
31,939.91,4,25.0,0,Tecnico,2279.83,no_moroso
37,10609.97,5,1.3,1,Tecnico,25370.91,no_moroso
29,4036.9,8,16.0,0,Tecnico,11596.17,no_moroso
50,11928.66,2,31.3,1,Secundaria,26961.16,moroso
64,12039.33,5,6.1,0,Posgrado,33421.7,no_moroso
40,10056.49,4,,0,Universitario,26333.19,no_moroso
38,3679.67,7,15.9,0,Secundaria,10339.5,no_moroso
69,13765.18,0,7.2,1,Tecnico,277815.2679494248,no_moroso
41,10268.54,0,9.4,0,Posgrado,27914.12,no_moroso
20,6460.91,0,26.4,1,Tecnico,14411.89,no_moroso
41,2300.09,9,,0,Universitario,8831.46,no_moroso
58,12263.41,8,4.6,1,Secundaria,30594.3,no_moroso
57,7943.75,1,7.6,0,Secundaria,19241.57,no_moroso
57,3803.95,9,2.0,1,Secundaria,9879.47,no_moroso
18,8500.14,8,37.5,0,Universitario,22177.4,moroso
23,2956.55,8,41.9,0,Tecnico,7854.21,moroso
48,4500.61,0,13.0,0,Universitario,11974.88,no_moroso
60,2246.27,1,14.5,1,Tecnico,3889.3,no_moroso
62,4183.11,7,1.9,1,Universitario,10963.38,no_moroso
47,7362.0,3,,0,Tecnico,19911.01,no_moroso
50,14159.14,9,11.5,1,Tecnico,36759.0,no_moroso
48,1184.46,0,30.5,0,UNIVERSITARIO,228841.94345772784,moroso
27,805.85,7,1.4,1,Secundaria,2060.67,no_moroso
67,10966.32,7,40.1,0,Universitario,28346.34,moroso
55,2838.56,1,12.2,0,Posgrado,8801.39,no_moroso
28,14267.19,1,10.0,0,Tecnico,34821.55,no_moroso
50,13893.14,1,0.0,0,universitario,37028.9,no_moroso
37,3094.07,8,26.0,1,Universitario,8732.69,no_moroso
31,2080.82,7,3.1,0,Secundaria,5600.06,no_moroso
48,10391.01,1,,0,Universitario,26662.67,no_moroso
34,7564.56,5,14.0,0,Universitario,21572.31,no_moroso
49,13825.55,1,2.8,0,Universitario,34853.03,no_moroso
26,5710.51,5,4.0,1,Tecnico,12686.77,no_moroso
33,12880.59,3,32.2,0,Tecnico,32077.16,moroso
53,,7,,0,Secundaria,14887.57,no_moroso
62,6244.42,0,49.2,0,Secundaria,13881.78,moroso
21,4940.11,8,11.8,0,Secundaria,13172.05,no_moroso
51,12287.84,8,47.0,1,Universitario,29866.82,moroso
46,4013.03,3,4.8,0,Universitario,11786.3,no_moroso
19,9991.59,6,2.9,0,Secundaria,25941.23,no_moroso
57,14691.88,1,3.3,0,Posgrado,39295.06,no_moroso
59,5595.44,9,19.5,1,Tecnico,13704.66,no_moroso
57,948.25,7,,1,Posgrado,4691.01,no_moroso
31,9590.05,3,,1,Tecnico,21280.92,moroso
44,6902.67,9,,0,Universitario,212169.6577399934,no_moroso
23,7303.93,7,4.2,0,Universitario,21143.22,no_moroso
38,10609.5,3,17.5,0,Posgrado,29847.05,no_moroso
48,10704.1,3,11.8,1,Secundaria,25621.79,no_moroso
20,9221.41,5,1.7,0,Posgrado,26610.79,no_moroso
18,8122.82,0,8.3,1,Universitario,19339.66,no_moroso
58,4168.58,2,3.0,0,Universitario,11695.42,no_moroso
45,1541.27,3,1.6,0,Universitario,6218.0,no_moroso
24,7558.06,2,14.0,0,Universitario,19511.03,no_moroso
41,2655.72,1,0.4,0,Secundaria,6623.15,no_moroso
29,824.05,3,1.1,0,Tecnico,3479.33,no_moroso
69,13408.45,7,14.8,1,Universitario,34232.85,no_moroso
35,4025.9,6,21.7,0,Posgrado,13477.71,no_moroso
33,2836.8,6,,0,Posgrado,10901.56,no_moroso
36,915.15,5,43.4,0,Tecnico,1744.41,moroso
36,10304.22,7,25.2,0,Universitario,26845.58,no_moroso
20,11564.15,5,30.7,0,Secundaria,28590.69,moroso
34,4838.64,9,16.4,0,Universitario,15415.87,no_moroso
32,2187.64,5,24.3,0,Tecnico,5879.89,no_moroso
18,,4,6.6,0,Tecnico,12746.63,no_moroso
44,,9,,0,Posgrado,37935.15,no_moroso
26,11222.23,6,16.7,0,Secundaria,28296.68,no_moroso
55,10095.85,3,37.1,0,Universitario,25535.55,moroso
51,4866.14,0,5.0,0,POSGRADO,14387.83,no_moroso
53,957.62,4,1.7,0,SECUNDARIA,2866.39,no_moroso
40,13584.89,1,1.4,1,Tecnico,33348.2,no_moroso
39,9056.34,0,13.4,0,Universitario,23339.22,no_moroso
31,7005.24,4,11.4,1,Universitario,17447.42,no_moroso
48,2265.29,0,2.8,1,Universitario,5390.93,no_moroso
43,4038.76,5,39.1,1,Tecnico,7847.74,moroso
33,11439.37,8,11.6,0,Tecnico,30664.07,no_moroso
40,6754.01,1,7.3,0,Universitario,17677.46,no_moroso
35,8446.62,4,17.6,0,Posgrado,23837.11,no_moroso
67,11597.92,9,16.7,0,Universitario,30648.27,no_moroso
30,5538.77,7,7.8,1,Universitario,14750.29,no_moroso
56,1028.77,2,3.1,1,TECNICO,2568.4,no_moroso
45,13449.47,1,3.4,1,Universitario,33467.15,no_moroso
56,12133.27,2,11.2,1,Universitario,30456.1,no_moroso
57,1269.45,5,9.6,0,Tecnico,4662.67,no_moroso
26,9728.1,6,37.0,0,Posgrado,26172.15,moroso
51,14779.41,9,0.1,0,Tecnico,39431.85,no_moroso
55,11918.16,8,19.9,0,Tecnico,31533.25,no_moroso
66,6312.44,0,12.4,1,Tecnico,13788.6,no_moroso
63,8355.11,0,8.7,0,Universitario,21560.86,no_moroso
52,8078.75,0,3.6,1,Secundaria,18674.02,no_moroso
22,9743.79,3,22.1,1,Tecnico,21872.26,no_moroso
51,7102.94,1,22.4,0,Secundaria,16721.01,no_moroso
68,12993.77,7,6.3,0,Universitario,34642.81,no_moroso
30,6279.08,7,7.2,1,Universitario,16624.05,no_moroso
45,14362.7,3,33.2,0,Secundaria,33584.28,moroso
55,,3,13.3,1,Posgrado,25352.79,no_moroso
59,2879.6,7,0.4,1,secundaria,7400.07,no_moroso
18,13557.94,3,12.7,0,Secundaria,33968.41,no_moroso
46,13758.39,0,7.9,0,Universitario,35211.01,no_moroso
40,5009.99,5,27.3,0,Tecnico,12279.19,no_moroso
60,9499.11,2,6.9,0,TECNICO,23849.6,no_moroso
24,10257.06,9,9.1,1,Posgrado,28462.89,no_moroso
27,3114.89,6,33.4,0,Universitario,8958.88,moroso
24,3951.47,8,13.7,1,Tecnico,8857.97,no_moroso
27,7262.04,0,15.3,1,Universitario,17123.65,no_moroso
21,2686.37,0,8.3,0,Posgrado,9482.15,no_moroso
50,11126.67,2,15.0,0,Posgrado,29525.81,no_moroso
50,12123.98,6,20.4,1,Tecnico,29980.03,no_moroso
20,6487.16,8,9.3,0,Secundaria,17129.39,no_moroso
67,4853.38,3,6.3,1,Tecnico,192337.64730005036,no_moroso
23,3258.3,3,14.1,1,Posgrado,7912.41,no_moroso
26,4563.23,0,0.8,0,Tecnico,11706.33,no_moroso
46,1181.79,0,13.0,0,Secundaria,2871.31,no_moroso
18,13587.69,4,1.3,0,Universitario,35842.45,no_moroso
48,,4,0.4,0,Universitario,37749.45,no_moroso
47,5116.95,3,33.2,1,Posgrado,13231.67,moroso
46,7226.5,7,13.1,0,Tecnico,19992.94,no_moroso
51,10367.91,8,13.0,1,Tecnico,25332.76,no_moroso
27,4316.09,9,34.6,0,posgrado,13057.84,moroso
24,7856.66,8,3.4,0,Tecnico,21665.1,no_moroso
56,5939.11,8,18.8,0,Universitario,16957.94,no_moroso
57,7808.07,7,,1,Secundaria,17536.61,no_moroso
58,8387.65,2,22.0,1,Universitario,21209.1,no_moroso
67,3364.3,2,,0,Universitario,9066.46,moroso
26,6102.28,3,2.4,1,Tecnico,15291.18,no_moroso
47,8911.82,9,1.9,0,Universitario,25392.98,no_moroso
26,7725.22,8,23.6,0,Tecnico,19450.62,no_moroso
47,2358.04,9,9.6,1,Universitario,7584.54,no_moroso
54,10987.85,9,27.3,0,Tecnico,28003.89,no_moroso
25,14874.85,1,10.3,0,Tecnico,37510.44,no_moroso
47,14198.36,3,0.1,0,Secundaria,36654.13,no_moroso
42,13611.58,4,11.7,0,Secundaria,34504.91,no_moroso
66,8632.19,6,14.1,0,Tecnico,22721.07,no_moroso
38,7489.74,2,30.6,1,Posgrado,18520.65,moroso
42,10994.92,4,27.7,0,Secundaria,26436.37,no_moroso
47,1951.53,1,6.1,1,Universitario,5062.57,no_moroso
68,12850.47,3,0.7,1,Tecnico,31774.34,no_moroso
66,,5,18.6,1,SECUNDARIA,15851.28,no_moroso
47,4816.07,5,28.0,0,Tecnico,12132.68,no_moroso
19,11887.4,7,32.5,1,Tecnico,28447.99,moroso
47,2235.54,5,,0,Universitario,7685.2,no_moroso
28,2092.54,1,28.4,0,Universitario,6242.95,no_moroso
26,8487.21,3,,0,Tecnico,21291.64,no_moroso
24,8892.72,7,,1,Posgrado,24792.72,no_moroso
31,6723.63,2,16.7,0,Tecnico,16673.55,no_moroso
46,11546.57,3,0.5,0,Universitario,30782.46,no_moroso
38,1680.44,8,,0,Tecnico,5592.29,no_moroso
21,3654.05,1,11.9,0,Universitario,10655.34,no_moroso
42,9641.27,7,10.5,1,Secundaria,23542.1,no_moroso
51,7516.77,7,27.6,0,Tecnico,19204.41,no_moroso
49,1467.44,7,19.9,1,Tecnico,3704.79,no_moroso
19,13512.22,5,29.2,0,Secundaria,33205.5,no_moroso
55,7827.6,0,41.1,1,Universitario,17853.09,moroso
43,14483.17,3,21.4,0,Secundaria,35958.25,no_moroso
64,2508.52,0,47.6,0,Universitario,5104.74,moroso
63,5998.49,3,22.1,0,Universitario,15296.12,no_moroso
63,6268.58,8,,0,Universitario,18013.1,no_moroso
48,11125.0,0,5.8,1,Secundaria,25620.36,no_moroso
48,14961.04,8,10.3,1,Tecnico,37516.92,no_moroso
45,6469.65,6,2.7,0,Secundaria,17174.5,no_moroso
26,11851.29,3,9.6,1,Universitario,30024.04,no_moroso
39,4671.52,4,11.7,1,Secundaria,9670.33,no_moroso
30,11512.84,3,3.7,1,Tecnico,28939.96,no_moroso
54,6844.6,8,4.9,0,Posgrado,21145.39,no_moroso
42,3265.86,5,65.7,0,Secundaria,6193.97,moroso
41,14468.72,9,19.3,0,Universitario,39127.46,no_moroso
50,10253.12,4,30.6,0,Posgrado,27359.8,moroso
18,1737.57,6,3.0,1,Universitario,5963.8,no_moroso
31,3218.97,2,2.6,0,Universitario,9491.69,no_moroso
23,10470.57,2,,0,Universitario,27651.79,no_moroso
33,10423.08,4,19.3,0,Tecnico,26857.84,no_moroso
51,8370.56,9,5.0,0,Universitario,24778.25,no_moroso
19,10172.6,1,3.4,1,Tecnico,25081.18,no_moroso
38,1546.26,8,60.4,1,Tecnico,1855.78,moroso
41,14108.63,6,60.2,1,Tecnico,31928.12,moroso
20,3435.12,2,5.5,0,Universitario,9774.09,no_moroso
52,11467.85,1,12.3,0,SECUNDARIA,28668.42,no_moroso
30,1968.44,0,,1,Tecnico,2845.47,no_moroso
45,,7,2.5,0,Universitario,20151.08,no_moroso
30,1120.72,7,25.8,0,Secundaria,3580.2,no_moroso
23,11803.74,9,19.1,0,Posgrado,32989.59,no_moroso
69,13321.29,0,8.9,1,Universitario,31564.48,no_moroso
37,2665.89,2,6.0,1,Tecnico,5690.85,no_moroso
47,4439.26,5,0.7,0,Universitario,13760.61,no_moroso
28,13067.9,6,29.4,0,Universitario,34020.85,no_moroso
64,10568.33,8,,0,Universitario,28261.82,no_moroso
53,9038.97,2,2.1,0,SECUNDARIA,23886.81,no_moroso
21,8816.66,8,2.8,0,Tecnico,24458.54,no_moroso
58,11932.94,1,1.0,1,Posgrado,31489.72,no_moroso
35,,2,47.2,0,Tecnico,21589.25,moroso
66,3344.25,6,,0,Tecnico,8477.81,moroso
47,14728.81,6,7.5,0,Universitario,39194.94,no_moroso
37,1243.64,4,2.3,0,Tecnico,4045.02,no_moroso
25,,1,,1,Tecnico,9527.9,no_moroso
39,12037.94,4,23.9,0,Posgrado,32710.32,no_moroso
62,10100.96,2,13.3,0,Secundaria,25583.43,no_moroso
40,2136.64,5,11.4,0,Tecnico,6168.99,no_moroso
27,12434.6,7,4.1,0,Universitario,33859.74,no_moroso
42,8038.32,5,2.1,1,Tecnico,20097.54,no_moroso
41,11421.57,1,73.5,0,Posgrado,27636.61,moroso
21,14030.2,5,,1,Universitario,35726.14,no_moroso
29,3089.39,5,17.0,0,Tecnico,8488.32,no_moroso
60,,3,4.4,0,Tecnico,29605.08,no_moroso
60,6236.85,9,15.2,1,Universitario,16362.89,no_moroso
42,9361.24,7,6.9,1,Universitario,24710.55,no_moroso
25,14588.29,4,2.5,0,Secundaria,36999.28,no_moroso
46,14387.84,5,27.3,1,Posgrado,36542.0,no_moroso
32,10117.54,3,9.0,1,Universitario,25131.94,no_moroso
66,5820.06,7,34.3,1,Tecnico,13605.39,moroso
27,8917.68,7,3.2,1,Universitario,23718.96,no_moroso
50,3408.41,1,15.7,0,Universitario,9279.43,no_moroso
55,14511.05,7,11.4,1,Tecnico,36134.89,no_moroso
63,9870.86,6,15.0,1,Universitario,25811.66,no_moroso
37,2225.53,3,2.7,0,Universitario,7621.49,no_moroso
21,,9,2.0,0,Tecnico,33478.13,no_moroso
46,4980.21,6,1.6,1,Secundaria,11834.38,no_moroso
63,12396.87,5,1.7,1,Universitario,32092.43,no_moroso
28,6180.27,5,5.0,1,Universitario,16492.68,no_moroso
23,3741.09,9,27.7,0,Universitario,11666.42,no_moroso
50,9527.36,2,12.7,0,Universitario,24441.37,no_moroso
21,,5,5.1,0,Tecnico,9809.8,no_moroso
50,4608.82,1,5.3,1,Secundaria,9931.91,no_moroso
48,14002.34,2,,1,POSGRADO,36075.85,no_moroso
30,6749.22,6,4.4,0,Universitario,20150.91,no_moroso
48,4987.16,1,0.0,1,Posgrado,13707.17,no_moroso
46,13261.66,6,8.8,1,Tecnico,33322.55,no_moroso
22,9744.36,4,40.6,0,Universitario,280318.8346966541,moroso
41,10932.94,8,2.7,0,SECUNDARIA,28894.77,no_moroso
30,,6,6.4,0,Posgrado,12401.05,no_moroso
52,9308.43,7,38.0,0,Universitario,24465.0,moroso
69,9375.01,0,7.4,0,Secundaria,23478.98,no_moroso
64,6560.36,2,13.9,0,Universitario,17811.67,no_moroso
49,11836.98,0,0.4,0,Secundaria,29528.24,no_moroso
41,8787.82,9,9.0,0,Tecnico,23728.42,no_moroso
34,11615.48,9,2.4,1,Universitario,29804.0,no_moroso
20,9433.49,0,4.6,0,Universitario,24804.3,no_moroso
24,14033.88,0,5.6,0,Posgrado,37247.94,no_moroso
18,12541.49,2,33.7,0,Secundaria,29745.88,moroso
33,8734.94,9,9.4,0,Universitario,24783.1,no_moroso
44,8203.71,9,32.7,0,Secundaria,20293.36,moroso
55,13508.26,2,48.1,0,Posgrado,35037.01,moroso
52,5647.89,4,30.5,0,Universitario,15845.67,moroso
23,12553.73,2,10.8,1,Universitario,31436.09,no_moroso
41,9326.96,3,2.5,1,Universitario,24301.58,no_moroso
29,3076.8,5,,0,Tecnico,8241.68,no_moroso
35,14381.91,1,14.0,0,UNIVERSITARIO,37519.8,no_moroso
39,6801.3,4,10.3,0,Posgrado,198108.48574493648,no_moroso
44,12385.59,2,4.6,0,Tecnico,31333.6,no_moroso
61,14129.91,6,,1,Tecnico,35331.23,no_moroso
18,8693.07,6,16.9,0,Tecnico,22461.58,no_moroso
29,1078.26,9,4.7,0,Tecnico,4654.14,no_moroso
34,5862.82,9,,0,Secundaria,15938.44,no_moroso
46,5041.2,7,13.7,1,tecnico,12490.04,no_moroso
26,6341.29,3,6.7,1,Tecnico,15410.91,no_moroso
59,13843.31,2,,0,Universitario,36752.3,no_moroso
24,8398.27,9,4.2,0,Tecnico,22371.1,no_moroso
47,1756.94,2,1.1,0,Universitario,6592.06,no_moroso
23,,0,9.7,0,Universitario,7114.26,no_moroso
52,7892.66,1,11.1,0,Universitario,20479.01,no_moroso
52,1101.38,3,46.5,0,Secundaria,1999.86,moroso
44,4840.37,9,31.8,0,Universitario,12818.28,moroso
18,6204.3,3,3.2,0,Universitario,18161.69,no_moroso
60,12992.81,8,,0,Secundaria,32575.82,no_moroso
48,10279.01,1,2.6,0,Universitario,27150.82,no_moroso
44,9594.68,5,26.9,1,Secundaria,22905.69,no_moroso
51,14033.47,6,5.7,0,Secundaria,36170.66,no_moroso
21,1985.75,2,2.7,0,TECNICO,5743.13,no_moroso
63,12284.28,1,6.6,1,Universitario,30935.36,no_moroso
20,4109.19,8,26.7,0,Universitario,12783.54,no_moroso
27,,2,32.8,1,Universitario,32903.49,moroso
33,14217.19,6,4.6,1,Universitario,36677.25,no_moroso
61,9184.86,5,6.5,0,Secundaria,24174.73,no_moroso
63,11755.4,8,9.7,1,Universitario,29967.97,no_moroso
48,13670.57,8,6.4,1,Tecnico,34376.4,no_moroso
44,8376.91,1,13.2,0,Secundaria,20596.04,no_moroso
66,4641.76,6,53.9,0,Secundaria,11012.04,moroso
37,,1,14.4,0,Tecnico,35469.92,no_moroso
58,12933.39,7,8.3,0,Tecnico,34050.62,no_moroso
63,1718.37,5,23.2,0,universitario,5691.87,no_moroso
47,10572.78,5,1.8,1,Universitario,26818.6,no_moroso
48,11353.83,7,5.3,0,Universitario,31118.08,no_moroso
35,4377.23,3,0.3,1,Tecnico,10716.35,no_moroso
34,9989.95,0,10.9,0,tecnico,24953.27,no_moroso
34,7186.16,5,13.4,1,POSGRADO,19661.89,no_moroso
38,9291.31,3,6.6,0,Universitario,24421.72,no_moroso
52,1819.16,4,4.1,0,Posgrado,7949.71,no_moroso
60,13008.7,1,25.9,1,Universitario,32396.44,no_moroso
18,11746.89,8,18.9,0,Tecnico,30340.33,no_moroso
22,6943.42,5,18.7,1,Tecnico,16768.95,no_moroso
19,11960.28,3,19.5,1,Posgrado,30814.89,no_moroso
24,3547.17,0,1.6,0,Posgrado,11175.3,no_moroso
46,4923.65,8,4.7,0,Secundaria,13383.04,no_moroso
48,1837.25,7,70.4,0,Secundaria,2745.66,moroso
20,11148.53,3,2.2,0,Posgrado,30717.71,no_moroso
23,10337.63,1,1.3,0,Tecnico,27089.21,no_moroso
36,10934.83,2,17.1,0,Universitario,28044.96,no_moroso
34,11928.17,2,0.8,0,Universitario,32536.2,no_moroso
40,2591.67,1,3.2,0,Tecnico,6837.6,no_moroso
18,12351.27,6,8.5,0,Posgrado,34422.4,no_moroso
56,2193.76,2,3.6,1,Secundaria,4113.56,no_moroso
56,10855.73,5,2.7,0,Universitario,30476.65,no_moroso
50,5752.12,9,0.3,1,Tecnico,14817.5,no_moroso
53,14877.25,5,1.8,0,Universitario,38993.64,no_moroso
40,12095.09,0,11.9,0,Universitario,30785.77,no_moroso
32,2619.08,6,7.0,1,Universitario,7840.8,no_moroso
34,12198.96,4,31.8,1,UNIVERSITARIO,30086.49,moroso
34,9514.26,2,17.7,0,Secundaria,23071.13,no_moroso
40,7411.87,9,3.9,0,Universitario,21366.27,no_moroso
55,4917.29,9,7.4,0,Universitario,14647.64,no_moroso
38,6924.8,2,11.0,1,Tecnico,15881.62,no_moroso
48,3941.07,8,14.6,1,Secundaria,9706.23,no_moroso
59,11727.24,8,3.2,0,Posgrado,33446.48,no_moroso
68,13143.91,7,32.2,1,Secundaria,31195.9,moroso
50,11790.46,6,49.2,1,Secundaria,27074.69,moroso
51,14158.83,7,7.4,0,Universitario,37415.56,no_moroso
59,6576.53,9,2.0,1,Universitario,17310.83,no_moroso
56,3920.08,2,6.9,1,Tecnico,9392.06,no_moroso
34,14073.07,8,15.1,0,Universitario,37579.8,no_moroso
67,7405.04,8,4.8,0,Tecnico,20677.91,no_moroso
56,13499.0,6,0.9,1,Tecnico,33530.6,no_moroso
35,9388.73,1,33.4,1,Universitario,21562.86,moroso
33,10233.43,0,12.6,1,Universitario,24450.95,no_moroso
23,12623.72,9,22.4,0,Universitario,32699.65,no_moroso
36,1427.19,0,10.3,1,Universitario,2780.43,no_moroso
46,14471.2,3,31.1,1,Universitario,36633.56,moroso
31,3361.12,1,8.4,0,Tecnico,8213.04,no_moroso
64,3375.44,5,2.0,0,Universitario,10150.5,no_moroso
53,2888.56,9,8.0,1,SECUNDARIA,7223.61,no_moroso
54,,3,19.9,0,Tecnico,31620.49,no_moroso
20,7373.56,7,7.1,0,Tecnico,20188.85,no_moroso
56,14283.52,8,13.4,0,Tecnico,37593.21,no_moroso
40,6833.85,5,8.7,0,Universitario,19310.14,no_moroso
38,1924.33,9,16.2,0,Universitario,7513.42,no_moroso
53,6567.79,9,33.6,0,Secundaria,15970.91,moroso
53,9013.97,3,30.3,0,Tecnico,22132.89,moroso
21,9812.4,8,3.8,0,Universitario,27394.1,no_moroso
33,6047.71,4,7.7,0,Secundaria,15583.76,no_moroso
19,9754.22,9,5.3,1,Posgrado,27096.92,no_moroso
28,,9,12.8,1,Tecnico,6588.77,no_moroso
38,11451.41,4,1.1,0,Tecnico,29684.3,no_moroso
51,11546.14,1,0.4,0,Tecnico,30237.71,no_moroso
56,,4,3.4,0,Universitario,32453.6,no_moroso
18,,1,2.5,1,posgrado,30754.86,no_moroso
48,9452.52,3,35.1,0,Posgrado,24474.07,moroso
34,10381.64,3,16.5,0,Secundaria,25766.72,no_moroso
31,11106.8,9,25.7,0,Tecnico,29260.37,no_moroso
25,6999.98,9,3.1,1,Tecnico,18531.39,no_moroso
30,11836.03,6,1.7,1,Secundaria,29104.46,no_moroso
20,13915.73,4,,0,Tecnico,33947.99,moroso
29,12673.38,3,2.4,0,Tecnico,33447.83,no_moroso
43,7183.1,0,41.4,0,Universitario,17314.43,moroso
34,12603.85,2,,0,Universitario,33861.69,no_moroso
66,5180.9,4,7.6,1,Tecnico,12249.74,no_moroso
23,10523.47,6,11.9,0,Posgrado,29176.91,no_moroso
34,2342.42,4,41.2,0,secundaria,5020.27,moroso
69,7200.02,4,4.3,0,Tecnico,18351.03,no_moroso
36,6320.13,9,0.9,0,Tecnico,18256.13,no_moroso
33,7389.22,1,7.9,0,Tecnico,18577.78,no_moroso
35,8084.67,6,4.7,1,Tecnico,20416.79,no_moroso
59,1721.17,5,41.8,0,Tecnico,4011.08,moroso
69,14476.22,5,7.9,1,Tecnico,35715.66,no_moroso
25,3162.52,2,0.7,0,Universitario,10317.34,no_moroso
31,10524.01,7,3.9,1,Universitario,27949.07,no_moroso
54,10559.31,9,0.8,0,Universitario,29683.95,no_moroso
23,2007.77,3,3.9,0,Posgrado,8976.22,no_moroso
37,13928.46,8,7.6,0,Secundaria,35897.38,no_moroso
46,,9,6.6,1,Secundaria,22706.2,no_moroso
47,14901.47,3,1.6,0,Universitario,39493.85,no_moroso
31,3484.14,4,0.2,1,Universitario,9585.23,no_moroso
66,10114.21,4,4.5,1,Posgrado,27642.79,no_moroso
27,14541.05,1,7.3,0,Tecnico,36502.4,no_moroso
64,2808.8,3,21.5,1,Posgrado,8004.31,no_moroso
48,1725.06,8,26.9,1,Tecnico,3694.24,no_moroso
66,10652.36,9,45.1,0,Secundaria,25355.48,moroso
68,4597.25,6,37.9,1,UNIVERSITARIO,10920.36,moroso
49,3970.86,4,9.4,0,Secundaria,251739.29368302497,no_moroso
50,6671.14,0,3.1,0,Universitario,18277.75,no_moroso
65,3980.04,0,5.4,1,Posgrado,11375.33,no_moroso
49,9292.81,3,3.6,1,Secundaria,22588.38,no_moroso
22,12226.73,1,1.3,1,Tecnico,29504.28,no_moroso
46,3850.79,1,22.9,1,Secundaria,225152.2009246749,no_moroso
35,10096.37,1,14.6,1,Tecnico,23211.78,no_moroso
53,9798.51,0,23.0,1,Tecnico,21757.44,no_moroso
58,13635.26,3,,1,Tecnico,33331.75,no_moroso
61,6061.47,4,12.7,0,Universitario,16533.41,no_moroso
58,4342.64,9,29.2,1,Secundaria,9636.11,no_moroso
48,7792.47,3,1.3,0,Tecnico,20785.29,no_moroso
34,5809.43,7,19.2,1,Posgrado,16158.09,no_moroso
65,12622.55,4,32.6,0,Posgrado,35229.78,moroso
30,2447.63,8,12.9,0,Secundaria,6963.73,no_moroso
21,6504.22,2,14.0,0,Tecnico,16895.79,no_moroso
27,13775.7,0,41.2,0,Tecnico,32203.3,moroso
36,10956.06,6,13.0,1,Universitario,27923.39,no_moroso
60,5745.17,8,0.5,1,Secundaria,14578.22,no_moroso
39,4189.96,8,1.4,1,TECNICO,11090.68,no_moroso
21,11416.54,6,20.6,0,Secundaria,217765.03025306048,no_moroso
52,4056.24,3,13.2,1,Universitario,10770.3,no_moroso
66,4965.75,7,46.8,1,Universitario,12511.4,moroso
52,6680.8,1,13.9,1,Posgrado,17301.21,no_moroso
56,13252.43,1,6.4,0,Universitario,34708.5,no_moroso
44,13732.1,1,3.1,0,Posgrado,37727.59,no_moroso
42,7393.49,5,0.4,0,Tecnico,19137.94,no_moroso
61,6480.4,7,13.5,1,Tecnico,15984.06,no_moroso
53,14151.49,1,28.2,0,Secundaria,33287.23,no_moroso
58,10352.17,9,3.4,1,UNIVERSITARIO,29028.8,no_moroso
55,2221.99,6,5.3,1,Universitario,6881.3,no_moroso
21,11768.41,6,6.3,0,Universitario,31503.67,no_moroso
58,3394.03,5,16.2,0,POSGRADO,11060.9,no_moroso
22,5006.27,8,6.7,1,Tecnico,13197.94,no_moroso
62,6923.56,2,3.9,1,Posgrado,18950.37,no_moroso
22,1018.49,0,,0,Universitario,3906.9,no_moroso
61,6372.1,0,48.1,0,Universitario,14289.5,moroso
22,7777.58,4,,0,Universitario,21759.15,no_moroso
55,11077.81,9,,0,Universitario,30455.44,no_moroso
26,8548.13,9,5.7,0,Universitario,23747.29,no_moroso
18,2429.25,7,3.0,1,Secundaria,6057.65,no_moroso
62,9924.56,0,31.6,0,Tecnico,24184.03,moroso
23,9333.63,1,20.9,1,Universitario,23590.32,no_moroso
40,8186.99,4,9.3,1,Universitario,21152.18,no_moroso
20,14228.57,6,25.4,0,Universitario,36477.72,no_moroso
61,7644.15,5,7.5,0,Universitario,21746.55,no_moroso
28,1715.63,3,1.9,1,Universitario,229410.25605399525,no_moroso
42,10846.49,1,1.0,0,Secundaria,26846.26,no_moroso
58,13738.12,7,46.5,1,Universitario,33396.47,moroso
39,9725.96,1,76.7,0,Posgrado,23551.81,moroso
36,7199.65,5,11.2,0,Tecnico,201980.60862614342,no_moroso
65,,0,30.1,0,Universitario,4639.09,moroso
29,9157.34,8,14.0,1,Universitario,23435.29,no_moroso
23,7149.35,8,17.0,0,Tecnico,19321.17,no_moroso
27,13331.94,5,12.5,0,Secundaria,34297.09,no_moroso
40,6237.95,0,1.3,1,Universitario,16046.9,no_moroso
29,11526.83,2,32.7,1,Secundaria,25589.53,moroso
57,11868.69,5,0.3,1,Posgrado,31537.93,no_moroso
51,6974.96,6,11.4,1,Secundaria,16605.59,no_moroso
43,5032.61,2,4.5,0,Tecnico,13132.43,no_moroso
34,2858.24,5,8.4,1,Tecnico,6490.38,no_moroso
69,10442.05,0,6.9,0,Universitario,27503.36,no_moroso
50,,7,9.9,1,TECNICO,18733.81,no_moroso
24,10696.0,8,9.0,0,Posgrado,31465.84,no_moroso
57,10613.86,7,16.1,0,Tecnico,27845.04,no_moroso
31,14369.48,8,4.5,1,Posgrado,39383.15,no_moroso
46,,2,3.5,0,Secundaria,20019.88,no_moroso
52,9206.14,1,1.1,1,Universitario,22960.15,no_moroso
66,11888.37,5,37.2,1,Universitario,29183.88,moroso
44,12880.99,4,,0,Secundaria,32663.11,no_moroso
32,2384.15,6,11.6,1,Tecnico,247788.42155337334,no_moroso
19,1012.4,5,4.8,0,Tecnico,4389.31,no_moroso
45,2714.47,8,12.0,0,Secundaria,8003.16,no_moroso
40,,2,17.6,1,Posgrado,31693.48,no_moroso
59,12023.0,8,8.0,0,Secundaria,31091.87,no_moroso
21,923.03,4,,0,Tecnico,3198.09,no_moroso
57,,0,23.6,1,Tecnico,684.73,no_moroso
21,7203.49,0,3.2,0,Tecnico,17473.56,no_moroso
43,4444.23,3,9.2,0,Posgrado,14090.54,no_moroso
27,12432.01,2,16.0,1,Posgrado,31787.2,no_moroso
58,,3,72.1,0,Secundaria,23332.07,moroso
65,12818.21,1,37.0,0,Secundaria,29564.22,moroso
18,14277.48,7,5.5,0,Posgrado,39803.75,no_moroso
50,9844.57,9,26.5,0,Tecnico,25551.98,no_moroso
59,5135.16,7,30.9,1,Posgrado,13853.63,moroso
37,5792.49,6,34.1,0,Secundaria,14797.64,moroso
55,1633.2,3,2.1,1,Secundaria,2879.8,no_moroso
47,12561.35,7,11.9,1,Secundaria,31129.11,no_moroso
59,4948.48,4,,0,Universitario,13011.99,no_moroso
39,14155.75,9,36.8,0,Posgrado,38593.26,moroso
40,1126.71,4,31.9,1,Universitario,2786.68,moroso
57,6377.88,6,58.3,0,Tecnico,13926.62,moroso
59,6554.45,1,4.3,0,Tecnico,16910.11,no_moroso
49,13058.95,7,13.8,1,Universitario,33027.01,no_moroso
22,4979.28,4,26.8,1,Posgrado,13116.48,no_moroso
63,13915.36,6,33.9,1,Universitario,34476.71,moroso
56,,5,,1,Universitario,19604.57,no_moroso
48,9078.55,9,0.2,0,Universitario,25695.52,no_moroso
46,,5,36.1,0,Tecnico,5269.36,moroso
47,1263.17,7,9.4,1,Secundaria,1932.84,no_moroso
26,11224.74,4,17.4,0,Secundaria,27655.4,no_moroso
38,9095.73,4,20.1,1,UNIVERSITARIO,21935.01,no_moroso
20,2007.95,5,6.6,1,Universitario,6046.73,no_moroso
46,3171.48,4,17.9,1,Secundaria,5784.17,no_moroso
23,,8,17.8,1,Posgrado,22878.06,no_moroso
23,14469.07,0,14.1,1,Tecnico,34595.51,no_moroso
35,,9,46.7,1,Posgrado,16442.08,moroso
31,7541.22,3,1.8,0,Universitario,20714.21,no_moroso
67,14835.74,1,26.9,1,Tecnico,34965.87,no_moroso
36,8948.82,8,52.1,1,Tecnico,20082.93,moroso
55,817.47,4,6.2,0,Tecnico,2434.59,no_moroso
43,3324.34,2,2.8,1,Universitario,8670.96,no_moroso
29,14626.78,4,8.4,0,Universitario,38872.82,no_moroso
20,7134.95,7,19.6,1,Secundaria,17239.25,no_moroso
21,3254.74,2,11.4,0,Secundaria,7735.21,no_moroso
50,12483.96,7,7.5,0,Tecnico,32796.42,no_moroso
37,3265.91,3,0.0,0,Tecnico,9390.57,no_moroso
63,7213.35,6,8.3,0,Tecnico,19163.4,no_moroso
22,2459.79,6,13.2,0,Universitario,7610.54,no_moroso
54,13417.94,3,,0,Universitario,34279.96,no_moroso
49,11974.58,0,8.2,0,Universitario,30703.16,no_moroso
34,13422.13,9,0.5,0,Tecnico,36474.45,no_moroso
38,2982.19,1,10.9,0,Universitario,9278.31,no_moroso
30,8895.93,4,,1,Posgrado,24022.12,no_moroso
49,6637.11,5,1.0,0,Universitario,20796.51,no_moroso
54,11547.06,2,105.1,1,Tecnico,21580.19,moroso
58,12900.93,2,14.2,0,Posgrado,34286.51,no_moroso
27,6843.19,8,39.7,1,Secundaria,14950.68,moroso
43,3616.76,0,17.4,1,Tecnico,6512.41,no_moroso
57,7117.01,6,1.3,0,Posgrado,21773.73,no_moroso
57,14203.53,6,5.3,1,Universitario,36714.76,no_moroso
44,5872.73,3,1.0,1,Tecnico,13893.14,no_moroso
42,9386.33,7,19.8,1,Universitario,23397.91,no_moroso
37,5239.83,6,3.6,0,Posgrado,16903.99,no_moroso
26,6720.29,0,31.1,0,Posgrado,19371.7,moroso
18,10127.3,5,1.9,0,UNIVERSITARIO,27768.09,no_moroso
31,6645.12,1,12.1,1,Tecnico,14709.92,no_moroso
25,14124.24,0,26.7,1,Secundaria,32656.3,no_moroso
20,9994.92,0,18.4,0,Universitario,25742.92,no_moroso
39,6469.01,9,4.7,1,Tecnico,16694.0,no_moroso
33,14731.05,9,3.4,1,Universitario,38427.34,no_moroso
54,7086.8,1,3.3,1,Universitario,17434.52,no_moroso
52,,2,6.3,0,Universitario,27886.77,no_moroso
42,5309.48,6,8.3,1,Secundaria,12548.04,no_moroso
30,,4,28.0,1,Posgrado,20317.12,no_moroso
55,8645.01,2,34.5,0,Posgrado,23495.51,moroso
38,14661.35,8,27.9,0,Tecnico,37417.58,no_moroso
19,10893.89,0,0.7,0,Universitario,28254.6,no_moroso
40,11918.51,1,7.0,1,Universitario,30019.21,no_moroso
55,14897.94,2,32.5,1,Tecnico,35012.22,moroso
61,11885.44,4,6.3,1,Tecnico,29016.63,no_moroso
59,5670.97,1,10.9,0,Secundaria,14075.7,no_moroso
30,7859.86,8,3.5,1,Secundaria,19941.98,no_moroso
22,13510.52,7,39.1,0,Universitario,34954.92,moroso
61,5746.75,7,8.3,1,Tecnico,13714.7,no_moroso
28,13795.56,9,,0,Secundaria,35468.22,no_moroso
61,8394.32,4,6.7,0,Tecnico,22157.79,no_moroso
27,5036.73,9,18.9,0,POSGRADO,17120.32,no_moroso
35,5066.93,8,26.3,1,Posgrado,228917.33352128396,no_moroso
57,4114.48,9,11.7,0,Universitario,13101.58,no_moroso
69,7827.28,6,7.9,1,Posgrado,21573.73,no_moroso
64,12170.57,4,26.2,1,Secundaria,28010.24,no_moroso
53,11095.73,4,44.1,1,Tecnico,25689.23,moroso
56,13435.39,0,8.2,0,Secundaria,33459.73,no_moroso
21,13407.2,3,74.5,0,Universitario,32269.11,moroso
52,2068.26,2,15.6,0,Universitario,5592.8,no_moroso
61,3383.69,6,,0,Posgrado,12745.12,no_moroso
52,9152.46,0,56.8,0,Posgrado,23190.16,moroso
41,2392.53,3,9.9,0,Secundaria,6174.11,no_moroso
45,12107.76,7,1.1,0,Tecnico,31992.35,no_moroso
39,7460.05,0,10.7,0,Universitario,19304.48,no_moroso
67,6492.46,7,0.8,1,Universitario,17201.2,no_moroso
28,2808.12,6,78.4,0,Universitario,6175.24,moroso
60,11757.89,0,0.3,1,Tecnico,27875.86,no_moroso
25,13736.92,9,7.7,0,Universitario,38122.77,no_moroso
64,10158.32,0,24.1,0,Tecnico,23935.84,no_moroso
52,5082.63,8,19.9,1,Universitario,13115.3,no_moroso
49,8967.95,2,12.9,0,Universitario,23297.58,no_moroso
67,8452.62,9,6.5,0,Universitario,23981.2,no_moroso
62,4732.44,8,20.7,1,Secundaria,11670.95,no_moroso
23,1536.21,7,6.7,0,SECUNDARIA,4669.81,no_moroso
31,14844.11,7,5.7,0,Universitario,39778.17,no_moroso
23,6062.46,8,0.1,0,Tecnico,17560.8,no_moroso
24,,0,6.6,1,Tecnico,2010.62,no_moroso
29,8546.07,2,,0,Universitario,22513.52,no_moroso
68,1298.09,6,48.5,1,Secundaria,529.15,moroso
59,1199.98,9,5.0,0,Universitario,6194.92,no_moroso
40,5480.87,1,12.9,0,Secundaria,13133.72,no_moroso
18,3114.65,4,8.1,1,Tecnico,7036.17,no_moroso
25,1524.88,5,0.1,0,Tecnico,5212.46,no_moroso
25,14733.84,5,18.5,0,Tecnico,37413.95,no_moroso
61,11988.19,4,4.3,1,Posgrado,32017.34,no_moroso
30,5394.17,5,11.9,0,Secundaria,14583.94,no_moroso
27,5702.48,2,9.7,0,Tecnico,15568.81,no_moroso
46,946.25,7,15.3,0,Tecnico,3489.69,no_moroso
43,13983.54,2,17.5,0,Universitario,35458.42,no_moroso
40,12849.59,6,19.8,0,Secundaria,32065.95,no_moroso
57,9965.65,2,5.3,0,Secundaria,24923.59,no_moroso
66,10105.59,1,46.9,0,Secundaria,22826.66,moroso
44,10717.18,4,8.0,1,UNIVERSITARIO,27270.66,no_moroso
57,13877.13,5,5.9,0,Secundaria,34802.67,no_moroso
47,14230.92,6,17.7,0,Secundaria,34698.12,no_moroso
44,14354.79,8,1.4,1,UNIVERSITARIO,37884.49,no_moroso
66,1294.5,1,13.2,1,Universitario,3066.9,no_moroso
27,8641.03,9,19.8,1,Universitario,23280.05,no_moroso
24,13790.95,4,6.2,0,Universitario,36778.48,no_moroso
59,3909.72,0,20.1,0,Posgrado,11920.28,no_moroso
55,12254.37,1,0.0,0,Secundaria,31421.07,no_moroso
35,12191.82,3,26.7,1,Secundaria,28817.64,no_moroso
35,13729.02,6,2.3,1,Tecnico,34804.08,no_moroso
32,,6,,1,Posgrado,7058.99,no_moroso
31,12494.9,2,4.6,1,Universitario,30619.64,no_moroso
60,14599.14,9,28.4,1,Tecnico,35014.27,no_moroso
18,4674.5,9,34.4,1,UNIVERSITARIO,10866.19,moroso
34,5405.45,3,18.1,1,Posgrado,13788.45,no_moroso
28,10041.9,6,,1,Posgrado,27358.08,no_moroso
32,,4,3.8,0,Universitario,32649.83,no_moroso
34,13841.45,3,0.0,1,Tecnico,34540.68,no_moroso
56,8287.11,6,7.1,1,Tecnico,19630.89,no_moroso
34,14585.38,1,26.1,0,Universitario,36823.87,no_moroso
45,14699.47,2,28.3,0,Tecnico,36035.89,no_moroso
38,6143.52,2,19.3,1,Universitario,13767.2,no_moroso
49,3658.34,5,41.4,0,Secundaria,8212.75,moroso
60,14427.91,2,21.0,0,Tecnico,36708.18,no_moroso
46,4860.97,0,8.9,0,Posgrado,15474.76,no_moroso
61,6800.12,6,6.2,0,Universitario,18522.74,no_moroso
69,7463.53,1,7.6,0,Universitario,20098.18,no_moroso
56,9144.07,5,26.2,1,Tecnico,21804.3,no_moroso
37,11041.62,8,4.3,0,Universitario,30819.74,no_moroso
27,7281.68,9,30.9,0,Posgrado,22112.89,moroso
48,8867.18,2,18.0,0,Secundaria,21748.89,no_moroso
60,9229.03,6,26.7,1,Secundaria,21008.38,no_moroso
28,9528.39,6,19.7,1,Secundaria,22176.54,no_moroso
21,4715.44,7,1.5,0,Tecnico,14026.9,no_moroso
51,6096.64,7,5.1,0,Tecnico,17519.74,no_moroso
55,946.8,9,4.8,1,Universitario,3921.17,no_moroso
47,1626.34,6,3.8,1,Universitario,5584.68,no_moroso
55,7975.49,8,7.0,0,TECNICO,22081.5,no_moroso
56,11693.96,4,16.9,0,Universitario,30577.89,no_moroso
65,10661.89,6,13.2,0,Tecnico,27422.25,no_moroso
33,1135.25,4,0.9,0,Tecnico,4096.54,no_moroso
28,9988.02,2,3.2,1,Tecnico,24712.19,no_moroso
65,12514.58,0,20.0,1,Tecnico,30363.72,no_moroso
40,3793.22,7,12.1,1,Posgrado,12905.54,no_moroso
54,9339.77,1,1.7,0,Posgrado,26585.67,no_moroso
39,8964.1,0,26.2,1,Posgrado,22860.76,no_moroso
68,,8,25.1,1,Posgrado,18589.61,no_moroso
36,4214.48,7,14.1,1,Posgrado,13137.36,no_moroso
42,4028.47,1,14.8,1,Tecnico,8201.54,no_moroso
46,7040.96,8,13.9,0,Universitario,20020.72,no_moroso
63,13882.73,6,7.8,0,Posgrado,37647.28,no_moroso
53,13470.84,4,6.4,0,Universitario,35233.12,no_moroso
49,13247.65,2,3.5,0,Posgrado,36093.72,no_moroso
69,,4,9.6,0,Universitario,34235.1,no_moroso
46,11282.35,5,1.4,1,Tecnico,27147.48,no_moroso
31,9010.11,1,31.8,1,POSGRADO,22502.46,moroso
40,,6,17.0,0,Secundaria,21249.34,no_moroso
37,1056.42,2,19.9,1,Tecnico,1795.83,no_moroso
33,5874.47,5,8.3,1,Tecnico,13136.81,no_moroso
68,7177.76,8,5.6,0,Tecnico,19839.88,no_moroso
41,3735.85,5,26.5,0,Tecnico,9295.1,no_moroso
53,6828.12,3,11.3,0,Universitario,17975.82,no_moroso
51,14290.99,7,14.5,0,Secundaria,36775.2,no_moroso
36,10466.83,5,9.8,1,Tecnico,25655.07,no_moroso
55,5068.1,7,27.2,0,Secundaria,12646.18,no_moroso
25,9921.19,3,1.6,1,Tecnico,24409.21,no_moroso
63,2910.05,9,20.9,1,Posgrado,9251.96,no_moroso
52,3916.23,4,9.5,1,Universitario,10198.16,no_moroso
33,14215.57,9,3.8,0,Universitario,38839.43,no_moroso
52,12681.24,1,0.6,0,Universitario,33892.01,no_moroso
32,7099.69,8,17.7,1,Tecnico,18385.11,no_moroso
55,11765.67,5,10.6,0,Secundaria,29207.88,no_moroso
66,8241.35,6,21.1,1,Tecnico,19994.66,no_moroso
41,12676.32,5,4.5,1,Posgrado,34427.63,no_moroso
60,7116.13,5,18.7,0,Universitario,20025.43,no_moroso
52,9399.63,9,12.7,1,TECNICO,22838.42,no_moroso
44,6489.87,8,24.7,1,Universitario,16708.59,no_moroso
65,14317.48,1,,1,Secundaria,34422.97,no_moroso
35,2691.2,8,1.6,1,Tecnico,6639.76,no_moroso
36,14674.89,6,3.0,0,tecnico,38823.86,no_moroso
39,1223.37,9,19.1,1,tecnico,2666.88,no_moroso
47,12893.62,4,12.6,1,Tecnico,32201.11,no_moroso
44,,9,30.7,0,Tecnico,33466.13,moroso
19,3118.54,4,8.3,1,Universitario,8143.0,no_moroso
51,3123.76,0,13.0,0,Universitario,9174.09,no_moroso
45,8960.19,5,7.1,0,Universitario,24506.36,no_moroso
38,2830.45,4,5.3,0,Tecnico,8006.91,no_moroso
38,,7,16.7,1,Tecnico,29358.14,no_moroso
25,,5,5.1,1,Universitario,14638.6,no_moroso
36,3029.93,6,9.5,0,Universitario,9968.3,no_moroso
22,,0,30.1,0,Posgrado,12219.8,moroso
68,12993.77,7,6.3,0,Universitario,34642.81,no_moroso
61,14087.57,3,35.2,0,Posgrado,37872.06,moroso
35,2523.77,2,12.5,0,Universitario,8471.83,no_moroso
26,12084.03,4,11.6,1,Tecnico,30449.95,no_moroso
23,10992.51,4,,0,Universitario,28831.63,moroso
23,,6,36.5,0,Tecnico,22716.09,moroso
44,1796.51,9,28.8,1,Tecnico,4149.74,no_moroso
23,3161.03,3,11.6,1,Tecnico,234960.84304783755,no_moroso
22,6866.5,0,9.4,0,Universitario,18746.61,no_moroso
18,5465.84,7,,0,Secundaria,15060.38,no_moroso
38,,3,26.9,1,Universitario,30116.07,no_moroso
66,9056.27,3,5.0,1,Universitario,23798.04,no_moroso
49,,1,3.6,0,Secundaria,6869.21,no_moroso
36,10114.68,1,1.7,0,Tecnico,25923.53,no_moroso
56,1102.83,4,4.0,0,Secundaria,3416.19,no_moroso
42,8841.9,9,12.3,1,Tecnico,22403.41,no_moroso
66,1246.07,5,7.7,0,Secundaria,3204.96,no_moroso
48,5155.34,8,46.7,0,Universitario,15075.0,moroso
27,1531.29,8,21.6,0,Universitario,5909.17,no_moroso
65,6246.31,8,14.9,1,Tecnico,15203.99,no_moroso
37,4127.51,4,25.0,1,Tecnico,9208.0,no_moroso
49,5811.42,3,2.8,1,Universitario,14809.0,no_moroso
64,9924.62,3,12.6,1,Secundaria,23063.99,no_moroso
36,5278.94,8,18.3,0,Secundaria,14280.42,no_moroso
23,9166.95,2,61.9,1,Tecnico,18984.06,moroso
44,4231.56,3,2.9,0,Universitario,12202.32,no_moroso
62,14219.05,3,19.6,1,Secundaria,184076.8791811339,no_moroso
51,867.37,0,,1,Posgrado,3275.21,no_moroso
62,4513.3,2,0.2,0,Tecnico,12097.16,no_moroso
55,3843.68,2,30.1,1,Tecnico,7338.41,moroso
63,1894.95,2,0.8,0,Secundaria,5591.6,no_moroso
57,,5,44.0,0,Universitario,12434.81,moroso
58,4152.27,4,1.7,1,Secundaria,10429.16,no_moroso
65,11276.26,4,3.2,1,Secundaria,27420.44,no_moroso
25,8288.22,1,9.0,1,Posgrado,21762.58,no_moroso
19,13576.78,3,54.2,0,Tecnico,33082.78,moroso
43,4928.41,4,28.3,1,Tecnico,9713.2,no_moroso
62,2811.43,2,0.5,0,Tecnico,7490.57,no_moroso
25,1441.64,5,1.5,1,Universitario,4092.17,no_moroso
20,4384.73,4,10.0,0,Secundaria,10747.24,no_moroso
54,5272.7,2,4.7,0,Tecnico,14340.3,no_moroso
42,5714.44,3,19.6,0,Universitario,15402.54,no_moroso
60,5493.31,5,19.8,0,Secundaria,14676.59,no_moroso
25,5576.39,6,16.4,1,Tecnico,14310.77,no_moroso
66,14964.63,2,25.4,1,Universitario,37027.52,no_moroso
21,13008.98,5,1.8,0,Tecnico,34273.46,no_moroso
30,,8,3.6,1,Universitario,6464.2,no_moroso
50,12930.94,0,20.9,0,Tecnico,30919.23,no_moroso
22,10413.39,6,3.7,1,Secundaria,25104.31,no_moroso
69,5735.68,5,2.3,0,Secundaria,15427.64,no_moroso
21,1761.58,7,4.1,1,Tecnico,4517.17,no_moroso
33,2333.02,3,5.5,0,Universitario,7685.82,no_moroso
53,11918.93,9,,1,Universitario,31039.88,no_moroso
28,11386.37,3,0.6,1,Tecnico,27693.67,no_moroso
39,14004.21,5,26.4,1,Universitario,33721.78,no_moroso
34,12198.43,9,12.4,0,Universitario,31938.89,no_moroso
69,13542.75,9,163.7,0,Universitario,28875.74,moroso
21,8737.98,1,,0,Universitario,23399.42,no_moroso
28,1026.65,5,11.7,1,Universitario,3176.21,no_moroso
39,13146.35,7,19.7,1,Universitario,32883.05,no_moroso
31,,1,28.5,0,Universitario,24352.25,no_moroso
51,5985.53,9,1.7,0,Universitario,19039.9,no_moroso
28,13890.19,9,23.6,1,Posgrado,36529.47,no_moroso
53,10809.28,1,1.4,1,Universitario,27121.18,no_moroso
66,,9,33.0,0,Tecnico,30715.31,moroso
22,,9,41.2,1,Tecnico,4591.29,moroso
56,,5,4.3,0,Universitario,27467.79,no_moroso
68,1558.28,9,1.8,0,Universitario,6878.98,no_moroso
22,2774.8,0,1.8,1,Universitario,7058.73,no_moroso
27,2761.8,3,3.9,0,Universitario,8340.4,no_moroso
43,11601.72,6,0.5,1,Tecnico,177245.62997343516,no_moroso
25,13075.05,8,12.6,1,Universitario,33705.8,no_moroso
30,11884.58,5,0.8,0,Tecnico,31665.15,no_moroso
68,1185.1,2,23.5,0,universitario,2562.73,no_moroso
33,12911.27,8,5.9,0,Universitario,34393.24,no_moroso
21,,2,5.2,0,Posgrado,39041.05,no_moroso
41,9571.25,8,24.6,1,Universitario,23719.15,no_moroso
36,11092.33,2,1.0,1,Posgrado,29641.48,no_moroso
35,11137.67,0,22.1,0,Secundaria,26606.18,no_moroso
30,4337.91,4,4.9,0,Universitario,13383.42,no_moroso
31,5066.64,3,79.4,0,Secundaria,8564.75,moroso
55,10531.79,1,1.4,0,Posgrado,28698.91,no_moroso
37,836.98,0,0.1,0,Tecnico,2846.6,no_moroso
28,,1,23.1,0,Posgrado,11705.99,no_moroso
44,4788.71,8,0.3,0,Secundaria,13368.14,no_moroso
46,10713.13,9,15.3,1,Tecnico,26666.86,no_moroso
68,8502.54,8,6.2,0,Universitario,23949.42,no_moroso
69,14795.71,0,43.4,0,tecnico,35128.32,moroso
53,5275.24,1,8.1,1,Tecnico,12231.37,no_moroso
41,9264.38,9,3.3,0,Posgrado,27071.08,no_moroso
37,9603.55,0,2.9,0,Universitario,26221.18,no_moroso
30,6848.74,2,16.8,0,Tecnico,16663.43,no_moroso
21,14163.73,8,3.3,0,Tecnico,170368.31273103002,no_moroso
61,11052.29,4,14.9,0,Universitario,28582.6,no_moroso
20,14443.96,9,9.5,1,Tecnico,36090.01,no_moroso
52,13234.62,0,10.1,0,Posgrado,35376.78,no_moroso
19,3753.71,8,5.1,1,Posgrado,13342.6,no_moroso
55,9406.01,4,46.3,1,Universitario,21787.01,moroso
40,11484.29,5,14.3,1,Secundaria,27759.51,no_moroso
65,3601.73,0,10.1,0,Universitario,11223.07,no_moroso
68,3794.6,3,18.2,0,Universitario,10453.58,no_moroso
43,2995.0,9,13.4,0,Posgrado,11325.06,no_moroso
38,1884.96,5,8.3,0,Secundaria,4465.61,no_moroso
54,2461.92,7,9.8,0,Posgrado,10932.16,no_moroso
67,3374.14,2,18.5,1,Secundaria,6085.87,no_moroso
56,5604.24,2,21.8,0,Tecnico,13769.3,no_moroso
22,8502.81,6,22.6,1,Tecnico,20730.23,no_moroso
67,6503.72,0,27.9,0,Tecnico,15531.94,no_moroso
20,1200.44,8,14.8,0,Posgrado,6792.75,no_moroso
26,,5,3.2,1,Universitario,13801.92,no_moroso
40,9408.21,3,27.5,1,Tecnico,22206.72,no_moroso
33,3357.2,5,34.8,1,Secundaria,5657.91,moroso
53,13940.21,9,2.9,0,Universitario,38292.21,no_moroso
60,1288.76,7,6.6,0,Universitario,6595.67,no_moroso
57,13336.28,7,3.7,0,Universitario,37017.25,no_moroso
39,7083.97,4,3.0,1,Secundaria,17142.12,no_moroso
59,1592.9,2,5.8,0,Tecnico,4609.6,no_moroso
65,1759.62,7,8.4,0,Universitario,6602.16,no_moroso
26,7556.1,0,2.0,1,Secundaria,17269.28,no_moroso
59,5614.36,5,2.8,0,Posgrado,17855.4,no_moroso
30,7335.33,5,5.8,1,Tecnico,18173.36,no_moroso
46,11979.2,7,38.2,1,Universitario,30193.65,moroso
30,4111.84,2,49.1,1,Tecnico,7859.75,moroso
51,10313.57,2,4.2,1,Universitario,26119.9,no_moroso
58,13340.69,4,3.4,0,Tecnico,34386.1,no_moroso
37,3180.44,8,17.7,0,Secundaria,301919.70696855674,no_moroso
43,,6,8.6,0,tecnico,10443.08,no_moroso
33,6112.64,9,51.6,0,Posgrado,17324.7,moroso
65,6896.21,5,14.7,1,Posgrado,18662.16,no_moroso
19,6811.2,4,1.8,0,Secundaria,17353.95,no_moroso
32,3646.76,6,10.1,0,Secundaria,9768.37,no_moroso
63,2557.68,5,15.7,0,Posgrado,8995.66,no_moroso
51,10896.0,0,73.8,0,Universitario,24782.87,moroso
19,5874.74,2,20.0,0,Universitario,16285.74,no_moroso
66,10914.9,1,2.8,0,Universitario,28147.26,no_moroso
60,14659.37,4,6.9,1,Tecnico,36631.58,no_moroso
36,10785.89,9,3.7,0,Tecnico,29542.3,no_moroso
60,4699.57,0,5.7,0,Posgrado,14155.63,no_moroso
69,14152.62,3,11.0,1,Posgrado,36740.0,no_moroso
46,8405.51,9,0.4,0,Universitario,25295.27,no_moroso
37,6048.21,8,21.9,0,Tecnico,15669.97,no_moroso
63,5832.42,1,31.1,0,Tecnico,13893.17,moroso
39,2757.03,7,25.6,1,Universitario,6680.3,no_moroso
47,7342.29,6,14.4,0,Tecnico,19066.57,no_moroso
62,,2,6.5,0,Tecnico,37228.71,no_moroso
46,14092.43,5,23.7,0,Universitario,37525.12,no_moroso
59,1677.3,7,16.0,0,Universitario,7543.7,no_moroso
57,11970.96,6,2.9,0,Universitario,32480.16,no_moroso
18,,3,38.7,0,Posgrado,25116.19,moroso
20,14191.88,5,66.2,1,Posgrado,34445.52,moroso
35,1806.6,4,6.3,0,Secundaria,5328.78,no_moroso
52,12634.16,2,14.4,1,Universitario,31134.21,no_moroso
44,11403.44,2,6.6,0,Secundaria,28378.26,no_moroso
25,12461.41,6,11.0,0,Posgrado,34784.07,no_moroso
65,8352.35,1,,0,Secundaria,20933.93,no_moroso
41,3427.29,6,13.9,1,posgrado,236075.00163188862,no_moroso
23,3881.11,9,20.3,1,Secundaria,8422.76,no_moroso
62,9211.85,1,1.1,0,Posgrado,25877.44,no_moroso
19,5946.17,4,8.4,0,Posgrado,18651.93,no_moroso
48,8537.15,2,,1,Secundaria,18955.43,no_moroso
33,4652.46,1,8.7,0,Tecnico,12475.91,no_moroso
50,3956.43,8,16.0,1,Secundaria,9066.59,no_moroso
28,2677.25,0,3.2,1,Universitario,7278.79,no_moroso
21,3498.6,5,27.8,0,Secundaria,7369.03,no_moroso
24,1939.48,3,21.7,0,Universitario,4950.83,no_moroso
49,12209.47,2,14.2,0,Posgrado,32707.59,no_moroso
31,14888.05,0,7.0,1,Secundaria,35284.27,no_moroso
66,13806.8,0,,0,Posgrado,36075.67,no_moroso
40,9315.54,6,,0,Universitario,25700.45,no_moroso
42,11467.43,2,8.2,1,Posgrado,30085.92,no_moroso
25,1570.14,3,71.5,0,Tecnico,515.16,moroso
49,1452.28,3,0.4,0,Universitario,5667.92,no_moroso
27,1773.49,9,5.7,1,Universitario,5965.36,no_moroso
54,14090.34,9,17.2,1,Secundaria,35300.34,no_moroso
63,3719.92,8,44.4,0,Universitario,11175.72,moroso
67,12570.31,0,21.5,1,Universitario,29784.74,no_moroso
57,4629.31,8,19.2,0,Secundaria,12237.05,no_moroso
21,8508.74,2,6.3,1,Tecnico,20613.7,no_moroso
49,3020.55,0,1.4,1,Universitario,7258.55,no_moroso
19,3323.01,0,15.6,0,Tecnico,7508.49,no_moroso
58,7552.04,1,0.0,0,Universitario,20690.11,no_moroso
50,10562.95,8,10.0,0,Universitario,29039.74,no_moroso
42,7669.77,5,1.9,0,Tecnico,20903.89,no_moroso
34,2280.69,9,8.4,0,Universitario,8744.48,no_moroso
68,1361.35,4,21.6,1,Universitario,2803.49,no_moroso
65,5929.31,2,16.0,1,Universitario,14308.95,no_moroso
48,2167.72,0,13.5,0,Tecnico,4317.44,no_moroso
40,,8,36.4,1,Universitario,3840.76,moroso
47,7389.66,6,0.1,1,Universitario,19541.88,no_moroso
25,1369.81,3,30.1,0,Universitario,3722.0,moroso
27,12031.04,4,28.3,0,Tecnico,29778.55,no_moroso
41,3871.33,5,44.0,0,Universitario,10254.53,moroso
48,12864.47,4,4.9,1,Secundaria,30836.71,no_moroso
62,10451.88,3,5.2,0,Universitario,28504.88,no_moroso
47,,3,,0,Universitario,5986.44,no_moroso
59,7087.99,3,20.9,0,Secundaria,17141.13,no_moroso
23,5362.37,5,17.9,0,Universitario,15642.24,no_moroso
38,14217.61,2,,0,Tecnico,35870.43,no_moroso
69,12122.99,4,5.0,1,Tecnico,29873.15,no_moroso
59,8241.8,0,1.6,1,Tecnico,19657.38,no_moroso
65,1996.34,1,23.1,0,Secundaria,4132.97,no_moroso
46,14459.48,7,57.9,0,Universitario,36685.26,moroso
33,9078.73,8,5.7,0,Secundaria,23838.08,no_moroso
50,7498.12,1,22.6,0,Posgrado,20762.53,no_moroso
60,7427.38,1,29.2,1,Tecnico,16249.12,no_moroso
68,,8,7.4,0,Universitario,39928.01,no_moroso
24,6045.76,9,10.2,1,Secundaria,15197.47,no_moroso
43,6217.92,7,103.6,0,Secundaria,12089.58,moroso
46,,1,11.6,1,Tecnico,20904.6,no_moroso
42,11389.37,6,16.1,1,Secundaria,27315.46,no_moroso
66,9855.42,7,26.8,0,Universitario,26276.6,no_moroso
62,5484.14,5,22.8,0,Tecnico,13768.58,no_moroso
41,7112.49,1,75.0,0,Tecnico,15078.93,moroso
20,1918.89,1,,0,Universitario,4966.56,no_moroso
62,3700.26,1,,0,Posgrado,10975.08,no_moroso
27,13718.74,1,32.8,0,Posgrado,36060.92,moroso
20,13187.5,7,33.5,0,Posgrado,35170.52,moroso
29,10506.17,7,7.3,0,Universitario,28668.03,no_moroso
68,,4,17.0,0,Posgrado,15723.92,no_moroso
58,10229.6,2,15.8,1,Tecnico,24105.52,no_moroso
38,6899.92,4,17.6,0,Tecnico,17003.69,no_moroso
29,,4,36.2,0,Tecnico,12899.36,moroso
25,2091.23,6,30.9,0,UNIVERSITARIO,5698.16,moroso
48,1734.08,6,1.7,1,Universitario,5287.02,no_moroso
64,805.84,3,0.1,1,Posgrado,4593.44,no_moroso
39,3889.3,7,2.0,1,Secundaria,9845.41,no_moroso
54,9185.76,9,0.5,1,Posgrado,27143.31,no_moroso
53,3201.88,0,1.9,0,Tecnico,8077.66,no_moroso
24,1665.93,6,0.5,0,Posgrado,7818.48,no_moroso
49,3987.02,9,12.0,0,Tecnico,11324.28,no_moroso
64,,3,16.9,1,Posgrado,37559.24,no_moroso
39,14495.32,5,7.3,0,Tecnico,37126.27,no_moroso
27,10326.76,6,13.8,1,universitario,25723.48,no_moroso
23,,4,0.7,1,POSGRADO,14908.35,no_moroso
50,14505.4,0,20.9,0,SECUNDARIA,34717.78,no_moroso
30,5224.48,2,,1,Secundaria,11004.71,no_moroso
51,972.36,7,0.7,0,Secundaria,4360.71,no_moroso
48,3468.75,4,8.9,0,Tecnico,9868.62,no_moroso
39,3107.09,3,11.6,0,Posgrado,11430.61,no_moroso
63,12360.52,9,23.6,0,Tecnico,32426.01,no_moroso
38,13155.24,0,9.5,1,Universitario,32690.05,no_moroso
57,4036.94,2,8.2,1,Secundaria,7796.45,no_moroso
20,,7,6.3,0,Tecnico,13921.2,no_moroso
22,2688.94,8,41.2,1,Posgrado,172667.87820508052,moroso
29,3173.46,1,15.3,0,Universitario,8674.03,no_moroso
40,9669.94,3,3.5,1,Tecnico,22961.84,no_moroso
18,14147.87,8,34.2,0,Universitario,36768.18,moroso
32,9037.23,7,12.4,0,Tecnico,24250.32,no_moroso
21,7741.14,8,51.2,1,Tecnico,17366.67,moroso
53,4622.47,1,15.0,0,Universitario,12540.68,no_moroso
65,6609.57,5,4.5,1,Universitario,16456.21,no_moroso
68,12236.62,1,11.9,0,Posgrado,33836.03,no_moroso
62,,1,66.9,0,Secundaria,8015.42,moroso
33,5838.46,6,13.3,1,Universitario,14692.98,no_moroso
53,2712.3,9,12.2,0,Tecnico,8455.7,no_moroso
26,3250.11,8,2.0,1,TECNICO,8273.87,no_moroso
27,10193.28,1,,0,Tecnico,25248.43,no_moroso
61,7144.24,4,50.3,0,Tecnico,15265.56,moroso
28,8743.24,6,7.4,1,Universitario,21878.29,no_moroso
54,5076.55,4,22.9,0,Tecnico,12777.2,no_moroso
42,13023.84,1,14.5,0,Secundaria,31474.9,no_moroso
28,10492.31,4,8.0,1,Secundaria,25826.14,no_moroso
63,8703.05,9,5.1,1,Universitario,22532.65,no_moroso
40,11377.4,4,35.6,0,Universitario,28786.01,moroso
31,1582.62,5,7.0,1,Secundaria,3259.5,no_moroso
54,5043.74,2,,0,Tecnico,293573.66293911333,no_moroso
35,4761.0,4,9.8,1,Tecnico,10638.79,no_moroso
55,5601.27,7,16.1,0,Posgrado,17127.42,no_moroso
22,1853.54,6,17.2,0,Universitario,7291.14,no_moroso
29,1096.51,4,32.9,0,Secundaria,2465.65,moroso
33,11250.75,9,10.0,0,Tecnico,30872.74,no_moroso
38,6552.19,2,1.3,1,Secundaria,15241.02,no_moroso
47,9235.31,8,23.3,0,Tecnico,24391.43,no_moroso
48,1230.2,9,27.9,0,Posgrado,5636.61,no_moroso
32,,9,2.6,0,Universitario,13058.03,no_moroso
58,13404.5,2,15.7,0,Universitario,34144.37,no_moroso
35,7450.25,1,20.7,0,Secundaria,17195.01,no_moroso
67,10335.4,7,44.3,1,Tecnico,24332.31,moroso
20,14336.16,8,,1,Posgrado,37658.45,no_moroso
21,12402.21,1,4.4,1,Posgrado,32627.42,no_moroso
42,12099.16,0,15.3,1,Universitario,28879.92,no_moroso
39,7718.53,4,25.8,0,Universitario,20500.37,no_moroso
27,6162.99,9,0.7,0,Tecnico,17369.69,no_moroso
58,12271.6,5,,0,Posgrado,34619.48,no_moroso
55,3530.62,1,27.0,0,Secundaria,8162.89,no_moroso
42,7457.95,4,6.0,0,Tecnico,19430.06,no_moroso
23,1997.37,2,15.5,0,Universitario,6901.77,no_moroso
37,,8,,1,Secundaria,37185.79,no_moroso
28,11084.83,2,12.7,0,Universitario,28717.6,no_moroso
39,999.35,4,15.1,0,Posgrado,5855.24,no_moroso
53,14484.07,1,25.9,0,Universitario,36599.89,no_moroso
42,,3,,1,Tecnico,24092.08,no_moroso
61,13521.22,1,5.3,0,Universitario,33673.66,no_moroso
51,7125.51,3,7.1,1,universitario,17670.39,no_moroso
69,8731.71,8,27.9,1,Tecnico,20495.78,no_moroso
68,3329.82,4,35.2,0,Universitario,8429.72,moroso
62,3019.61,9,76.8,0,Secundaria,3945.16,moroso
31,1625.23,2,0.9,0,Universitario,5901.73,no_moroso
22,5743.62,9,0.2,1,Universitario,15242.33,no_moroso
43,1742.56,7,11.0,0,Tecnico,6252.71,no_moroso
68,10105.32,4,9.0,0,Universitario,27596.83,no_moroso
23,11605.11,6,6.5,0,POSGRADO,32408.37,no_moroso
63,11211.33,1,15.3,0,Tecnico,28517.52,no_moroso
47,7118.59,6,4.0,0,Tecnico,19213.93,no_moroso
27,12537.23,7,3.7,1,Universitario,32835.79,no_moroso
30,,2,13.1,0,Universitario,23861.91,no_moroso
47,12312.82,6,21.9,0,Tecnico,31920.62,no_moroso
58,5688.77,3,7.4,0,Secundaria,14179.5,no_moroso
55,12917.92,4,51.6,1,Tecnico,29991.67,moroso
48,3490.44,2,47.1,0,Posgrado,294612.861571114,moroso
44,12486.89,5,12.3,1,universitario,31508.48,no_moroso
44,10975.37,4,35.0,0,Tecnico,26614.32,moroso
66,1168.65,7,49.5,0,posgrado,4472.66,moroso
49,13370.45,5,,1,Secundaria,32935.33,no_moroso
37,14100.02,0,2.2,0,Secundaria,35235.37,no_moroso
50,13311.25,2,15.3,0,Posgrado,36148.99,no_moroso
18,6508.51,8,11.9,1,Posgrado,19246.1,no_moroso
48,4073.7,9,1.4,1,Posgrado,13036.21,no_moroso
30,12461.67,8,6.6,0,Universitario,34202.14,no_moroso
27,1350.49,9,0.3,1,Universitario,4272.43,no_moroso
21,8281.78,3,24.3,1,SECUNDARIA,17275.69,no_moroso
62,13833.05,4,,0,Tecnico,35851.32,no_moroso
26,1122.57,3,,0,Tecnico,3895.88,no_moroso
50,12694.78,6,0.4,0,Universitario,34520.26,no_moroso
35,8658.28,0,17.4,0,Tecnico,21548.06,no_moroso
20,12158.5,1,2.6,1,Universitario,30216.26,no_moroso
43,1631.86,2,0.4,0,Universitario,5251.18,no_moroso
45,8687.07,4,5.5,0,Universitario,23957.42,no_moroso
29,11819.05,5,2.6,1,SECUNDARIA,29233.66,no_moroso
66,2034.81,1,13.7,0,posgrado,7416.13,no_moroso
55,14290.01,0,7.6,1,Universitario,35399.46,no_moroso
61,7144.44,9,0.1,0,Universitario,20562.05,no_moroso
65,2522.03,1,18.8,0,Tecnico,5225.65,no_moroso
65,5224.11,7,16.8,0,Tecnico,14180.53,no_moroso
48,10024.87,8,17.1,1,Tecnico,25220.53,no_moroso
52,5438.16,5,12.2,1,Universitario,14266.09,no_moroso
58,12316.55,8,2.0,0,Universitario,33839.62,no_moroso
23,10150.54,3,1.1,0,Tecnico,27661.74,no_moroso
20,14139.17,9,1.9,1,Universitario,37451.64,no_moroso
36,14868.7,6,0.6,1,Secundaria,36716.49,no_moroso
61,3747.05,3,4.0,0,Secundaria,9545.47,no_moroso
22,7153.53,5,0.2,0,Posgrado,22265.64,no_moroso
26,9467.58,1,8.9,0,Secundaria,23952.73,no_moroso
59,13879.72,9,67.1,1,Tecnico,32138.51,moroso
45,14212.12,5,31.2,0,Universitario,37198.12,moroso
29,7570.38,7,3.4,1,Tecnico,19393.15,no_moroso
26,10913.76,9,,0,Tecnico,29263.44,no_moroso
20,,8,16.3,1,Secundaria,13450.91,no_moroso
22,6221.16,1,52.4,0,Posgrado,16661.3,moroso
36,6382.83,0,17.9,0,Posgrado,17949.63,no_moroso
62,8297.38,4,30.0,0,Universitario,21544.85,no_moroso
48,3207.73,7,3.7,0,UNIVERSITARIO,11272.62,no_moroso
62,9154.69,2,7.7,0,Tecnico,23482.56,no_moroso
18,14641.9,0,23.6,0,Tecnico,35472.03,no_moroso
66,2026.54,4,35.2,0,Tecnico,4697.15,moroso
47,13762.48,7,52.3,1,Universitario,33558.78,moroso
24,5470.21,2,11.3,0,Secundaria,13883.18,no_moroso
39,,6,5.4,0,Secundaria,24730.91,no_moroso
63,,3,0.1,1,Posgrado,35385.78,no_moroso
56,14594.7,2,30.1,0,Tecnico,36704.73,moroso
64,14312.65,5,,0,Universitario,38280.41,no_moroso
53,10020.52,8,10.5,0,Posgrado,29095.37,no_moroso
68,8663.62,3,2.3,0,Secundaria,22254.85,no_moroso
56,1491.42,1,3.3,0,Tecnico,3787.81,no_moroso
45,10019.44,3,9.1,1,Universitario,25804.93,no_moroso
34,1275.12,9,46.6,1,Universitario,3160.87,moroso
61,9756.28,5,11.9,0,Posgrado,26874.12,no_moroso
37,5855.66,4,8.7,0,Universitario,16941.65,no_moroso
58,,2,23.9,0,Tecnico,18147.25,no_moroso
19,3083.0,7,7.8,1,Universitario,8851.6,no_moroso
63,13029.57,6,2.4,0,Tecnico,33350.35,no_moroso
32,13227.09,9,7.4,0,Tecnico,34375.69,no_moroso
66,1711.09,4,31.1,0,Secundaria,2957.42,moroso
46,10162.21,8,15.3,0,Tecnico,26626.36,no_moroso
46,8291.37,8,29.8,0,Universitario,21947.27,no_moroso
18,2040.81,9,8.8,1,Secundaria,5124.67,no_moroso
23,,3,5.7,1,Tecnico,13384.38,no_moroso
21,,7,10.9,0,Universitario,8143.27,no_moroso
41,7005.26,2,37.6,0,Secundaria,16941.1,moroso
45,1223.61,2,5.1,0,UNIVERSITARIO,4349.37,no_moroso
55,8772.22,5,,0,UNIVERSITARIO,23658.16,no_moroso
65,14649.94,8,3.9,1,Tecnico,37343.14,no_moroso
23,5143.88,5,15.9,0,Tecnico,13847.54,no_moroso
39,11563.47,2,19.1,1,Universitario,28524.44,no_moroso
60,4460.01,0,5.9,1,Tecnico,8783.79,no_moroso
41,7406.69,1,11.9,0,Universitario,19099.94,no_moroso
46,10404.94,7,21.9,1,Universitario,26454.28,no_moroso
30,11438.11,6,18.9,1,Secundaria,27368.61,no_moroso
34,13356.62,6,1.5,0,Posgrado,37146.15,no_moroso
49,12036.68,2,39.5,0,Secundaria,27837.97,moroso
43,12023.49,8,8.4,0,Posgrado,33921.98,no_moroso
49,10145.59,9,2.0,0,Secundaria,27469.68,no_moroso
65,14373.74,9,0.2,0,Secundaria,37182.84,no_moroso
37,6779.86,4,28.4,1,Tecnico,15509.72,no_moroso
37,2383.6,5,,0,Tecnico,6479.47,no_moroso
39,9125.95,7,,0,Posgrado,27797.27,no_moroso
23,13304.56,4,5.4,1,Secundaria,32585.61,no_moroso
19,2198.23,3,3.5,0,Universitario,7746.21,no_moroso
47,11320.74,7,0.2,0,Tecnico,202300.64772898573,no_moroso
39,6583.86,2,3.2,1,Tecnico,15950.11,no_moroso
23,13296.57,0,19.9,0,Tecnico,206593.5409922921,no_moroso
49,7986.82,0,41.1,0,universitario,19339.43,moroso
41,13801.79,3,7.6,1,Universitario,35647.77,no_moroso
24,1126.18,2,23.4,0,Universitario,3813.82,no_moroso
67,8759.79,4,14.2,0,Universitario,23553.45,no_moroso
27,809.57,8,,0,Universitario,3914.75,no_moroso
27,,8,2.4,0,Tecnico,28746.13,no_moroso
41,9771.61,6,1.6,0,Secundaria,25567.3,no_moroso
50,3301.92,9,13.6,1,Tecnico,8358.78,no_moroso
60,,6,6.5,0,Posgrado,14735.7,no_moroso
50,14479.38,0,29.4,1,Universitario,35434.93,no_moroso
57,5735.1,3,24.1,0,Universitario,15476.8,no_moroso
18,,3,15.5,0,Secundaria,11580.21,no_moroso
47,3698.02,8,6.1,1,Universitario,10931.53,no_moroso
63,14417.56,5,2.1,0,Tecnico,37303.63,no_moroso
28,,4,13.6,0,Universitario,6174.84,no_moroso
51,13154.93,0,13.2,0,Tecnico,33003.47,no_moroso
27,8141.41,2,19.7,1,Posgrado,20969.73,no_moroso
65,6134.76,2,32.7,1,universitario,13245.45,moroso
68,4196.35,8,8.4,1,Tecnico,10676.52,no_moroso
36,8146.52,7,7.0,0,Universitario,22844.06,no_moroso
47,,1,96.6,0,Tecnico,27241.63,moroso
29,8149.9,4,29.3,1,Tecnico,18696.36,no_moroso
53,5351.66,0,10.9,0,Universitario,13598.88,no_moroso
67,5108.16,7,8.3,1,Posgrado,15086.22,no_moroso
21,5112.11,7,26.2,0,Universitario,14468.72,no_moroso
64,8522.67,5,25.2,0,Universitario,22386.65,no_moroso
60,8191.77,6,2.1,0,Posgrado,24514.57,no_moroso
62,5536.16,9,40.6,0,Universitario,15319.02,moroso
56,14152.51,2,9.2,1,Posgrado,36157.05,no_moroso
38,14986.57,7,4.1,1,Universitario,38480.34,no_moroso
56,11698.12,7,6.7,1,Tecnico,28909.7,no_moroso
64,1329.63,4,27.6,0,Universitario,4537.58,no_moroso
68,13445.55,1,4.7,1,Universitario,33774.76,no_moroso
28,8889.6,0,5.0,0,Universitario,22990.45,no_moroso
43,2680.9,5,20.9,0,universitario,7833.77,no_moroso
37,2292.73,3,17.0,0,TECNICO,6025.13,no_moroso
40,9897.37,5,,0,Secundaria,24996.18,no_moroso
39,4930.92,7,2.0,0,Tecnico,14448.3,no_moroso
45,3493.74,6,5.6,0,Universitario,10596.33,no_moroso
39,11552.4,0,11.0,1,Tecnico,27924.25,no_moroso
32,1651.89,0,12.7,1,Tecnico,1901.51,no_moroso
25,14940.21,7,15.5,1,Secundaria,36255.44,no_moroso
52,7217.51,5,22.2,0,Tecnico,19024.55,no_moroso
41,11322.96,8,7.3,0,secundaria,29432.56,no_moroso
63,10359.81,3,10.2,0,Posgrado,28472.85,no_moroso
63,11726.11,3,19.2,0,Universitario,30593.03,no_moroso
31,3323.58,4,2.6,0,Tecnico,10125.07,no_moroso
68,4430.1,2,15.1,0,Universitario,12630.13,no_moroso
68,3946.36,9,25.7,1,Tecnico,9325.5,no_moroso
22,7721.08,2,4.0,0,Posgrado,21521.74,no_moroso
40,4324.5,0,23.1,0,Universitario,10929.62,no_moroso
61,8170.97,1,19.3,0,Secundaria,19764.17,no_moroso
50,7673.66,0,14.4,0,Tecnico,19912.22,no_moroso
68,1432.99,1,2.3,0,Universitario,5802.35,no_moroso
35,5728.94,4,30.7,0,Posgrado,15669.21,moroso
42,6462.45,0,1.2,0,Tecnico,16489.3,no_moroso
38,14637.13,8,20.5,0,Universitario,243782.7432375779,no_moroso
26,13981.75,6,,0,Secundaria,35978.63,no_moroso
29,5550.63,7,1.2,0,Tecnico,16193.88,no_moroso
37,8506.01,8,30.8,0,Posgrado,24709.5,moroso
35,7301.97,3,20.7,0,Universitario,19248.4,no_moroso
38,10774.7,6,15.0,0,Tecnico,28019.87,no_moroso
58,12816.67,6,0.0,0,Tecnico,33899.61,no_moroso
39,9802.88,2,10.4,1,Universitario,25381.75,no_moroso
42,4228.55,8,,0,Tecnico,12077.55,no_moroso
32,12072.02,5,18.3,0,Tecnico,30694.59,no_moroso
61,10140.23,5,5.6,0,Posgrado,30509.64,no_moroso
28,2600.5,9,20.0,1,Universitario,7264.92,no_moroso
41,5598.85,9,20.8,0,Posgrado,18231.72,no_moroso
67,,4,7.2,0,Tecnico,10502.1,no_moroso
45,11237.77,6,8.5,0,Tecnico,29589.62,no_moroso
54,5596.53,3,7.3,1,Posgrado,15934.63,no_moroso
59,5550.36,5,16.3,1,Posgrado,15169.55,no_moroso
35,,7,27.1,0,Tecnico,34850.51,no_moroso
61,,1,18.8,1,Secundaria,26089.21,no_moroso
29,3209.33,7,25.7,1,Secundaria,6586.77,no_moroso
57,857.87,5,9.4,1,Secundaria,866.16,no_moroso
25,3249.81,8,7.5,1,Posgrado,11232.66,no_moroso
33,7644.37,7,9.3,0,Secundaria,20353.26,no_moroso
58,2361.63,8,19.5,0,Universitario,240336.82841121097,no_moroso
51,6814.73,9,17.2,0,Universitario,19196.69,no_moroso
29,5845.98,2,30.2,0,Posgrado,17213.63,moroso
40,6129.62,1,41.0,1,Secundaria,12065.08,moroso
32,,7,16.9,1,Tecnico,268839.7518827125,no_moroso
28,2192.75,8,4.8,0,Universitario,7896.07,no_moroso
26,1792.41,3,11.8,0,Secundaria,4293.93,no_moroso
56,,1,11.0,0,Universitario,7211.2,no_moroso
26,3452.19,5,4.7,1,Universitario,9412.93,no_moroso
67,,2,7.0,0,UNIVERSITARIO,25709.39,no_moroso
41,8351.99,3,6.9,0,Secundaria,20440.78,no_moroso
59,1374.99,7,47.0,0,Tecnico,3271.28,moroso
32,9846.27,7,5.8,1,Tecnico,24126.1,no_moroso
60,13578.67,3,18.0,0,Universitario,35872.34,no_moroso
28,5597.55,0,,1,Tecnico,13337.26,no_moroso
54,1268.6,0,0.0,0,Tecnico,4840.99,no_moroso
64,7162.71,0,8.8,1,Tecnico,16744.96,no_moroso
33,5674.44,3,5.0,0,Tecnico,15283.89,no_moroso
43,1742.56,7,11.0,0,Tecnico,6252.71,no_moroso
45,8884.78,3,35.2,1,Tecnico,19757.51,moroso
69,1993.99,2,8.3,0,Posgrado,8678.37,no_moroso
31,13188.77,0,11.5,0,Tecnico,33329.1,no_moroso
24,,6,50.6,0,Tecnico,23979.45,moroso
65,7981.81,8,15.8,1,SECUNDARIA,19459.05,no_moroso
59,11610.43,1,3.2,0,Universitario,30713.69,no_moroso
20,6009.04,0,29.7,0,Universitario,14163.94,no_moroso
27,,6,9.0,0,Posgrado,22158.85,no_moroso
36,10379.6,0,9.6,0,Universitario,27143.45,no_moroso
65,5786.17,1,21.8,1,Universitario,12677.14,no_moroso
55,,6,23.1,1,Tecnico,3498.69,no_moroso
66,7695.77,6,18.4,0,Tecnico,20242.83,no_moroso
45,9360.54,3,29.9,0,Universitario,22626.96,no_moroso
39,6982.75,0,,0,Tecnico,16030.15,no_moroso
44,4386.26,8,6.0,0,Posgrado,15158.13,no_moroso
48,1186.87,2,1.6,1,Universitario,3236.35,no_moroso
41,3787.68,2,5.5,0,Tecnico,265496.41617535334,no_moroso
46,1286.52,4,25.4,0,Universitario,3379.65,no_moroso
34,12659.74,9,11.6,1,Tecnico,32455.04,no_moroso
19,3944.98,1,,0,Tecnico,10078.79,no_moroso
68,2026.56,2,4.6,1,Secundaria,3089.93,no_moroso
64,7319.22,6,9.9,0,Secundaria,19302.41,no_moroso
36,10279.08,3,20.9,0,TECNICO,25732.96,no_moroso
44,,1,6.9,0,Tecnico,11470.66,no_moroso
67,12483.42,3,,0,Secundaria,30937.87,no_moroso
45,3313.27,2,,0,Secundaria,7914.17,no_moroso
59,4241.01,8,18.2,0,Tecnico,11617.71,no_moroso
26,6946.58,5,5.3,1,Posgrado,20149.93,no_moroso
45,9218.66,8,0.5,1,Posgrado,27020.31,no_moroso
52,3125.03,0,6.2,0,Tecnico,213289.40964253017,no_moroso
62,5383.48,2,4.8,0,Tecnico,14017.29,no_moroso
34,5313.96,4,15.7,1,Secundaria,10938.64,no_moroso
46,11298.26,5,22.9,0,SECUNDARIA,27956.91,no_moroso
55,7866.91,2,57.6,1,Tecnico,15883.07,moroso
46,807.99,0,12.7,1,Universitario,1360.84,no_moroso
66,2180.48,5,19.4,1,Secundaria,4052.5,no_moroso
64,8977.42,8,1.9,0,Universitario,25725.65,no_moroso
55,,5,22.5,1,Tecnico,26543.98,no_moroso
66,7541.6,0,11.3,0,Posgrado,20864.33,no_moroso
64,6074.3,3,12.3,1,Tecnico,13939.69,no_moroso
64,8563.78,6,103.4,0,Universitario,19506.85,moroso
56,2999.68,4,20.6,0,Tecnico,8079.93,no_moroso
58,2633.31,8,3.1,0,Tecnico,8995.56,no_moroso
62,4967.77,8,8.9,1,universitario,13460.26,no_moroso
63,13538.83,4,0.5,1,Posgrado,36708.22,no_moroso
63,5031.99,0,13.6,1,Secundaria,9992.4,no_moroso
36,,3,9.8,0,Universitario,22128.78,no_moroso
27,5007.41,2,22.2,1,Tecnico,9877.72,no_moroso
25,1709.46,8,0.5,0,Tecnico,6118.44,no_moroso
47,12314.82,1,7.7,1,Tecnico,29438.44,no_moroso
31,10677.61,4,5.0,0,Secundaria,26947.42,no_moroso
26,,1,3.0,0,Universitario,18180.09,no_moroso
37,13972.45,7,5.4,0,Universitario,37852.97,no_moroso
18,6964.31,5,30.9,0,Universitario,18237.75,moroso
47,911.04,9,3.5,0,Universitario,5932.14,no_moroso
30,6038.68,8,4.4,0,Universitario,18714.63,no_moroso
48,5145.46,0,10.4,0,Tecnico,12846.04,no_moroso
56,2648.55,4,1.4,0,Tecnico,6578.18,no_moroso
40,12900.93,8,54.6,0,Universitario,33128.98,moroso
40,6885.22,4,11.7,1,Universitario,17600.08,no_moroso
49,13998.0,2,8.2,1,Universitario,35011.28,no_moroso
46,12986.84,6,1.3,0,Posgrado,36717.6,no_moroso
69,5765.74,5,18.5,0,Secundaria,14392.55,no_moroso
23,7270.52,8,0.6,1,Secundaria,19620.16,no_moroso
45,,8,13.3,0,Tecnico,13806.56,no_moroso
41,,2,18.1,1,Universitario,8006.75,no_moroso
23,9203.7,0,5.0,0,Tecnico,23144.37,no_moroso
30,7288.29,1,18.1,0,Secundaria,17060.75,no_moroso
49,7596.8,3,5.4,0,UNIVERSITARIO,20630.23,no_moroso
61,6886.97,7,16.2,1,Universitario,17538.62,no_moroso
18,7781.47,6,4.6,0,Secundaria,20954.67,no_moroso
18,4301.18,5,18.2,1,Tecnico,10299.27,no_moroso
62,1915.48,7,2.7,1,Tecnico,4591.13,no_moroso
60,1411.4,2,3.1,1,Tecnico,3215.27,no_moroso
37,1874.79,4,0.9,1,Tecnico,5178.09,no_moroso
43,5489.48,1,3.2,0,Secundaria,14412.78,no_moroso
58,1200.59,0,32.3,0,Tecnico,2419.61,moroso
30,9391.92,2,12.2,1,Secundaria,21720.17,no_moroso
43,12746.33,3,6.9,1,Tecnico,30672.43,no_moroso
30,,1,15.1,1,Secundaria,30185.35,no_moroso
68,11672.3,4,9.2,0,Secundaria,30338.12,no_moroso
47,13258.03,4,1.1,0,Posgrado,252248.0184784116,no_moroso
32,2712.02,6,7.5,0,Tecnico,7941.18,no_moroso
39,1819.79,8,30.4,0,Secundaria,4888.54,moroso
62,11253.79,9,17.5,0,Posgrado,32136.71,no_moroso
58,9398.64,9,6.4,0,Secundaria,24639.69,no_moroso
18,6029.38,9,4.5,0,Posgrado,20236.66,no_moroso
63,1792.03,4,11.5,0,Tecnico,5242.72,no_moroso
68,11878.52,8,9.6,1,Tecnico,29656.93,no_moroso
20,9623.59,7,1.7,0,Tecnico,25958.23,no_moroso
61,9410.55,2,5.6,0,Secundaria,23338.81,no_moroso
48,2827.33,8,33.0,1,Posgrado,8998.23,moroso
23,13204.11,2,17.6,1,TECNICO,32192.35,no_moroso
58,2026.74,8,23.2,0,Tecnico,6292.26,no_moroso
18,8041.84,3,14.6,0,Tecnico,19763.58,no_moroso
31,13775.21,5,1.1,0,Posgrado,38327.36,no_moroso
30,7080.25,4,,0,Tecnico,17682.95,no_moroso
66,2318.66,3,30.1,1,Universitario,5756.42,moroso
59,8859.38,0,,0,Secundaria,20326.27,no_moroso
49,8399.43,0,2.1,1,Secundaria,20044.25,no_moroso
58,3594.63,0,22.5,0,Tecnico,8530.44,no_moroso
28,5905.34,7,8.2,0,Secundaria,15378.86,no_moroso
31,14508.63,2,7.1,0,Universitario,241868.12712929834,no_moroso
31,5904.58,1,12.7,0,Universitario,15923.75,no_moroso
26,8044.13,7,0.1,1,Posgrado,23808.3,no_moroso
66,9579.33,4,1.4,1,Secundaria,22995.84,no_moroso
33,2926.54,0,0.5,1,Tecnico,6109.69,no_moroso
39,9352.48,8,,0,Secundaria,24857.79,no_moroso
39,,3,0.9,1,Universitario,17451.6,no_moroso
37,1209.5,8,2.8,0,Posgrado,7557.7,no_moroso
42,8838.6,8,2.3,0,Tecnico,24054.53,no_moroso
63,6908.37,7,8.4,1,Tecnico,16746.32,no_moroso
53,8149.18,7,18.0,1,Universitario,21353.01,no_moroso
65,4682.49,1,25.6,0,Universitario,12215.42,no_moroso
54,951.38,4,9.6,1,Secundaria,1900.94,no_moroso
63,13024.86,6,15.0,0,Universitario,35718.25,no_moroso
48,14349.92,5,8.9,0,Tecnico,36362.21,no_moroso
50,6489.36,4,11.2,1,Universitario,15778.59,no_moroso
39,3757.92,5,26.3,1,Posgrado,10145.67,no_moroso
54,3141.98,7,2.7,0,Secundaria,9255.51,no_moroso
21,8476.73,7,6.4,1,Universitario,21904.11,no_moroso
41,3079.28,6,10.5,0,Posgrado,11089.87,no_moroso
46,5502.03,1,18.0,0,Tecnico,13618.01,no_moroso
67,14487.34,7,19.3,1,Posgrado,38913.68,no_moroso
33,5638.29,9,,1,Secundaria,13902.78,no_moroso
43,2538.9,3,27.7,1,Universitario,6033.11,no_moroso
59,9939.21,8,0.5,1,Secundaria,25195.95,no_moroso
24,14098.74,9,20.5,0,SECUNDARIA,36687.5,no_moroso
67,14921.27,8,1.3,0,Secundaria,38118.61,no_moroso
45,6261.65,3,18.2,0,Posgrado,18950.68,no_moroso
68,14645.23,0,8.1,1,Tecnico,35437.85,no_moroso
64,2995.52,8,0.8,1,Secundaria,8224.76,no_moroso
34,8114.84,3,4.9,1,Secundaria,19745.06,no_moroso
29,11996.27,0,4.0,1,Posgrado,31370.37,no_moroso
50,13645.91,1,3.4,1,Tecnico,33277.3,no_moroso
31,10007.64,0,22.1,1,Universitario,24191.5,no_moroso
51,3136.21,4,29.5,1,Tecnico,6081.42,no_moroso
22,1765.66,2,2.3,0,Tecnico,5777.9,no_moroso
57,13985.46,6,,1,Posgrado,37541.14,no_moroso
19,6822.82,3,2.3,1,Tecnico,17244.78,no_moroso
37,13446.87,9,16.8,0,Posgrado,38029.05,no_moroso
33,2372.57,8,3.4,0,Universitario,9790.58,no_moroso
43,2225.95,7,4.9,1,Secundaria,5265.57,no_moroso
29,5475.49,4,,1,Universitario,13023.23,moroso
45,8085.54,3,18.8,1,Secundaria,17817.95,no_moroso
60,6818.58,2,2.5,1,Secundaria,16495.07,no_moroso
33,8796.21,0,19.0,1,Universitario,21773.28,no_moroso
51,9787.87,7,,0,Posgrado,27460.23,moroso
31,12607.65,6,11.4,1,Posgrado,33057.79,no_moroso
61,6146.29,3,44.8,1,Universitario,13556.61,moroso
30,14565.56,9,13.7,1,Universitario,37878.03,no_moroso
21,12136.79,6,6.7,0,Secundaria,30874.25,no_moroso
56,8245.06,2,32.7,1,Tecnico,17842.01,moroso
58,6725.86,6,11.3,1,Posgrado,19526.61,no_moroso
64,1150.79,7,,1,Secundaria,2385.02,no_moroso
46,1730.56,0,25.5,0,Universitario,3167.85,no_moroso
22,14037.63,5,0.5,1,secundaria,34665.81,no_moroso
27,,9,13.7,1,Universitario,29340.82,no_moroso
35,11102.06,7,35.4,1,Secundaria,26939.83,moroso
62,6040.99,3,4.8,0,Secundaria,15402.02,no_moroso
24,8915.99,6,0.8,0,Tecnico,24196.82,no_moroso
60,8004.6,2,2.8,0,Universitario,21917.99,no_moroso
53,10692.18,4,22.2,0,tecnico,27018.9,no_moroso
62,1298.49,1,21.0,0,UNIVERSITARIO,3573.62,no_moroso
28,11048.18,6,1.7,1,Secundaria,27772.97,no_moroso
55,1108.01,4,13.5,0,Posgrado,4808.29,no_moroso
60,,4,5.9,1,Universitario,24723.67,no_moroso
58,14783.62,8,10.7,0,Universitario,39800.33,no_moroso
30,11836.89,9,1.6,0,Secundaria,31055.65,no_moroso
54,6410.55,9,14.2,0,Tecnico,18086.41,no_moroso
35,3662.08,9,5.2,1,Tecnico,9984.68,no_moroso
46,3400.04,1,14.4,0,Universitario,8521.17,no_moroso
67,5111.58,6,1.5,1,Universitario,13928.02,no_moroso
30,8747.56,5,,1,Universitario,22668.77,no_moroso
18,7955.85,4,8.6,1,Universitario,20081.94,no_moroso
41,6247.81,3,0.2,0,Universitario,18273.34,no_moroso
30,9435.18,6,,0,Secundaria,22308.19,moroso
69,1015.69,3,7.5,0,Secundaria,2564.27,no_moroso
32,1949.63,1,,0,Tecnico,217322.67220468516,no_moroso
25,7755.1,7,2.8,0,Secundaria,20302.69,no_moroso
38,5512.89,7,0.7,0,Tecnico,15887.62,no_moroso
29,14192.68,0,13.5,0,Universitario,36192.34,no_moroso
21,7023.39,1,24.0,1,Posgrado,18190.12,no_moroso
62,7038.25,5,2.2,0,Universitario,20535.66,no_moroso
29,13700.0,0,3.3,0,UNIVERSITARIO,35966.55,no_moroso
26,4367.34,8,4.5,1,Tecnico,12049.16,no_moroso
37,10036.5,4,15.1,0,Secundaria,25239.86,no_moroso
39,12250.45,1,10.1,1,Secundaria,28646.53,no_moroso
62,9166.29,2,3.1,0,Tecnico,23040.62,no_moroso
32,4037.68,4,21.8,0,Tecnico,10217.23,no_moroso
58,4509.61,2,11.3,1,Universitario,11209.59,no_moroso
60,9170.51,9,13.8,0,Tecnico,24594.52,no_moroso
27,7929.04,6,27.5,1,Universitario,19783.92,no_moroso
41,10333.43,7,34.0,1,Tecnico,25274.08,moroso
54,7401.43,2,19.8,0,Universitario,18870.3,no_moroso
18,3241.48,5,27.6,0,Secundaria,6849.18,no_moroso
61,6146.29,3,44.8,1,Universitario,13556.61,moroso
62,11933.75,2,12.3,0,Universitario,29900.09,no_moroso
54,2667.62,3,1.0,0,Universitario,9230.32,no_moroso
22,4911.54,2,29.6,0,UNIVERSITARIO,11960.08,no_moroso
60,8643.98,5,10.2,0,Posgrado,24840.37,no_moroso
31,4417.38,5,57.4,0,Posgrado,12532.23,moroso
41,6191.52,6,23.7,0,Universitario,15647.74,no_moroso
41,9186.88,2,0.8,1,Universitario,22851.77,no_moroso
28,10385.39,0,27.2,0,Universitario,25984.28,no_moroso
50,10211.88,7,6.7,1,Secundaria,25123.37,no_moroso
54,,3,26.8,1,Universitario,6908.29,no_moroso
61,3821.64,4,13.3,1,Posgrado,11035.13,no_moroso
62,3615.23,5,8.3,0,Tecnico,10233.53,no_moroso
19,,1,25.6,0,Tecnico,11898.07,no_moroso
26,7719.26,3,,1,Universitario,19075.26,no_moroso
26,5717.99,4,0.3,0,Secundaria,15380.2,no_moroso
63,4895.29,3,16.4,0,Universitario,13646.23,no_moroso
52,8612.87,7,8.6,1,Universitario,23018.41,no_moroso
44,2503.01,5,41.8,1,TECNICO,4154.42,moroso
60,2960.73,2,10.4,1,Universitario,6750.67,no_moroso
60,6856.51,8,,1,Universitario,18403.93,no_moroso
47,1279.59,6,4.4,1,Posgrado,5089.71,no_moroso
39,9922.84,6,6.3,1,Universitario,26217.56,no_moroso
18,8015.95,6,9.9,0,Universitario,22739.33,no_moroso
56,4884.4,8,33.7,1,Tecnico,10848.76,moroso
30,11160.97,3,53.5,1,Universitario,25664.33,moroso
23,13795.09,8,,1,Tecnico,34695.39,no_moroso
44,13283.1,5,7.6,1,Universitario,32739.13,no_moroso
41,13502.17,6,,1,Secundaria,32953.58,no_moroso
31,14977.07,4,11.7,0,Tecnico,38854.37,no_moroso
46,6778.19,1,39.6,0,Universitario,216841.0545899858,moroso
60,1327.02,7,11.3,1,posgrado,5964.28,no_moroso
32,6594.87,5,33.9,1,Universitario,14887.76,moroso
33,2577.78,6,14.1,1,Universitario,6271.21,no_moroso
69,14449.13,5,3.1,1,Tecnico,35659.98,no_moroso
43,6110.34,0,25.5,0,Tecnico,14233.0,no_moroso
43,4090.24,8,4.0,0,Tecnico,11987.8,no_moroso
46,8043.92,3,6.5,1,Posgrado,22293.91,no_moroso
40,7117.46,9,2.0,0,Universitario,20113.42,no_moroso
56,3208.37,7,4.0,1,secundaria,7948.91,no_moroso
25,4251.44,6,17.7,0,Universitario,13560.22,no_moroso
65,2152.28,6,5.2,0,Posgrado,9606.51,no_moroso
56,12152.14,3,16.6,0,Tecnico,31520.87,no_moroso
46,11182.8,8,3.8,1,Universitario,29136.1,no_moroso
23,11891.05,3,6.9,1,Posgrado,30792.2,no_moroso
67,,0,13.3,1,Universitario,35986.01,no_moroso
37,3252.33,6,1.5,1,Secundaria,7504.57,no_moroso
37,12288.72,5,11.7,0,Posgrado,33685.35,no_moroso
50,14732.48,2,37.4,1,Universitario,35087.9,moroso
61,6217.14,7,10.0,0,Universitario,17750.55,no_moroso
19,12458.92,4,18.4,1,Secundaria,30118.05,no_moroso
66,2873.97,5,18.9,0,Universitario,8452.89,no_moroso
23,12579.3,9,37.1,0,Secundaria,30952.75,moroso
35,6763.17,7,9.4,0,Tecnico,18836.36,no_moroso
43,12876.13,6,21.7,0,Universitario,33369.22,no_moroso
24,10039.11,4,,0,Universitario,27029.67,no_moroso
58,12811.47,9,9.0,0,Tecnico,33297.69,no_moroso
28,2487.25,9,,1,Universitario,8332.57,no_moroso
21,5395.18,1,2.5,1,Universitario,14247.08,no_moroso
47,3572.72,1,2.6,0,Tecnico,9065.3,no_moroso
64,,5,5.4,0,Universitario,9268.85,no_moroso
48,6108.32,6,12.4,0,Universitario,17285.13,no_moroso
58,9405.91,3,8.4,0,Tecnico,24408.43,no_moroso
67,8273.78,1,6.2,0,UNIVERSITARIO,21368.97,no_moroso
44,6912.38,1,0.0,1,Universitario,18100.69,no_moroso
28,2907.19,8,6.4,1,Tecnico,8741.52,no_moroso
41,5007.03,0,1.6,1,Tecnico,11810.68,no_moroso
55,6364.66,0,17.4,1,Tecnico,14221.89,no_moroso
38,10252.15,6,60.7,0,Secundaria,23686.81,moroso
61,12039.78,5,0.6,0,Posgrado,34962.79,no_moroso
39,4353.37,1,,1,Tecnico,9659.27,no_moroso
22,8177.35,8,15.6,0,TECNICO,22057.05,no_moroso
69,8881.7,0,54.5,1,Universitario,20103.3,moroso
43,14247.43,0,11.1,0,Universitario,36772.22,no_moroso
38,7946.81,8,24.7,0,Tecnico,21270.44,no_moroso
60,11592.02,8,9.7,0,Tecnico,30488.36,no_moroso
20,2418.07,8,31.0,0,Posgrado,9203.42,moroso
26,2730.09,5,6.4,0,Universitario,8973.84,no_moroso
30,11392.46,0,16.6,0,Tecnico,27806.28,no_moroso
69,,4,10.0,0,Secundaria,8825.92,no_moroso
69,13525.01,5,,0,Tecnico,34453.37,no_moroso
64,9457.42,2,31.8,0,Tecnico,22722.34,moroso
45,7945.19,3,0.8,1,Secundaria,18780.41,no_moroso
38,10854.54,7,4.0,0,Posgrado,31486.69,no_moroso
56,14595.32,4,16.0,0,Posgrado,39361.63,no_moroso
39,2816.98,5,7.0,1,POSGRADO,8222.03,no_moroso
30,11924.67,4,3.4,0,Tecnico,31297.45,no_moroso
61,9765.32,7,0.6,0,Posgrado,29511.67,no_moroso
51,1506.5,4,,0,Universitario,6258.71,no_moroso
64,14502.62,8,62.1,0,Secundaria,35302.22,moroso
66,1905.9,7,10.2,1,posgrado,7403.09,no_moroso
30,11288.64,6,3.5,1,SECUNDARIA,26838.36,no_moroso
66,,2,2.7,1,Secundaria,28465.32,no_moroso
63,3352.83,6,8.7,0,Universitario,10790.27,no_moroso
32,8340.58,0,28.4,1,Posgrado,20302.08,no_moroso
18,9036.82,5,10.6,0,Universitario,24204.22,no_moroso
50,7866.84,3,8.1,0,Secundaria,20346.11,no_moroso
67,3281.15,4,0.6,0,Secundaria,9623.63,no_moroso
31,,6,14.5,1,Tecnico,36164.31,no_moroso
38,13973.05,5,3.2,0,Tecnico,36421.36,no_moroso
67,8733.56,5,5.3,0,Universitario,265137.27457209,no_moroso
66,10581.97,9,32.4,1,Secundaria,24680.28,moroso
56,8639.59,4,3.3,1,Tecnico,193785.1377604361,no_moroso
58,12816.67,6,0.0,0,Tecnico,33899.61,no_moroso
31,8595.91,2,3.7,0,Universitario,23694.38,no_moroso
39,2360.77,1,42.9,1,Universitario,3323.08,moroso
30,5703.96,1,40.5,0,Universitario,14571.14,moroso
26,10881.58,6,6.0,1,tecnico,27189.39,no_moroso
69,11301.68,2,32.7,1,Universitario,26849.47,moroso
65,2362.21,7,37.5,1,UNIVERSITARIO,6498.44,moroso
30,,9,2.4,0,Universitario,183298.0799234611,no_moroso
27,11085.33,7,0.5,1,Universitario,29752.94,no_moroso
24,8157.13,4,0.5,0,Posgrado,23787.94,no_moroso
25,9466.35,9,,1,Secundaria,23865.8,no_moroso
41,10659.1,8,3.3,1,Universitario,27118.97,no_moroso
32,2733.51,7,0.9,0,Posgrado,10910.17,no_moroso
65,11187.82,8,0.7,0,Tecnico,29802.07,no_moroso
57,10405.7,2,5.8,0,Secundaria,25633.95,no_moroso
22,14522.47,6,27.5,0,Tecnico,37001.0,no_moroso
45,4127.91,7,42.9,0,Tecnico,10110.92,moroso
51,1381.33,3,4.1,0,Tecnico,3522.67,no_moroso
47,7123.16,6,21.2,0,Universitario,19045.95,no_moroso
52,,5,24.7,0,Tecnico,38229.78,no_moroso
32,5883.46,8,9.7,1,Universitario,16066.71,no_moroso
42,9478.12,1,12.8,1,Posgrado,24175.27,no_moroso
37,1369.29,2,15.2,0,Tecnico,3304.58,no_moroso
62,5843.41,3,8.4,1,Universitario,15422.22,no_moroso
29,13362.63,7,47.9,1,Posgrado,33163.21,moroso
24,6325.03,5,6.9,1,Universitario,16270.35,no_moroso
58,1351.43,2,5.3,0,Tecnico,4597.56,no_moroso
42,11996.95,1,,0,Tecnico,29731.53,no_moroso
50,,0,10.8,1,Secundaria,3744.08,no_moroso
61,7059.77,2,0.2,1,Tecnico,16273.66,no_moroso
32,,3,14.1,1,Universitario,23062.93,no_moroso
42,927.23,8,,0,Universitario,187049.92218110457,no_moroso
65,6607.25,2,20.3,0,Tecnico,17040.41,no_moroso
36,12176.2,4,1.4,0,Tecnico,31322.81,no_moroso
18,1041.52,3,37.3,1,Universitario,1580.29,moroso
64,10254.74,9,8.5,1,Secundaria,25239.83,no_moroso
24,7313.65,5,53.9,1,Tecnico,15898.0,moroso
64,13640.14,2,10.9,1,Universitario,33890.9,no_moroso
43,,7,5.3,0,Universitario,32056.6,no_moroso
67,11155.16,4,,1,Universitario,22068.17,moroso
22,1019.99,5,4.0,1,Tecnico,280316.92070673086,no_moroso
41,,8,3.6,1,Secundaria,26629.25,no_moroso
39,2522.23,3,19.4,0,Universitario,7617.44,no_moroso
56,11719.32,8,2.8,0,Universitario,32043.85,no_moroso
62,9839.01,3,30.9,1,Universitario,22931.36,moroso
19,12578.41,5,48.3,0,Tecnico,31082.74,moroso
34,1074.74,2,2.5,1,Tecnico,1957.17,no_moroso
45,2990.88,9,22.6,1,Tecnico,6801.89,no_moroso
48,7318.64,3,5.5,0,Universitario,20427.54,no_moroso
22,8906.79,9,15.0,0,Universitario,24758.06,no_moroso
57,9287.11,1,1.4,0,Posgrado,25311.69,no_moroso
64,9238.66,0,19.1,0,Tecnico,23261.53,no_moroso
33,6449.66,8,4.8,1,Tecnico,16115.9,no_moroso
22,4071.24,4,4.2,1,Tecnico,9766.81,no_moroso
48,8648.61,5,1.6,1,Tecnico,21310.01,no_moroso
53,13595.23,9,45.6,0,Universitario,35592.78,moroso
57,11559.03,7,24.4,0,Secundaria,28652.26,no_moroso
35,5484.49,6,4.0,1,Universitario,14088.55,no_moroso
47,1157.44,7,7.1,0,Universitario,5786.42,no_moroso
26,6622.64,8,0.2,1,Universitario,18474.58,no_moroso
25,2039.77,7,8.8,0,Universitario,7149.91,no_moroso
25,12637.79,0,1.4,0,Secundaria,31815.54,no_moroso
21,7701.26,6,0.4,0,Tecnico,20654.63,no_moroso
29,852.33,3,15.8,0,Universitario,3698.93,no_moroso
62,14656.99,5,20.5,1,Universitario,37357.31,no_moroso
23,7163.58,1,8.1,0,Secundaria,18006.36,no_moroso
24,13712.76,9,49.8,1,Secundaria,31661.03,moroso
59,12902.17,2,4.7,0,Universitario,34715.66,no_moroso
68,,1,2.6,0,Universitario,24359.93,no_moroso
27,12905.34,6,8.5,1,Tecnico,31859.23,no_moroso
49,14162.55,7,16.2,1,Tecnico,35413.49,no_moroso
62,10377.68,1,2.3,1,Posgrado,27992.43,no_moroso
34,11624.56,5,23.8,1,Secundaria,27212.78,no_moroso
48,13828.27,5,21.5,0,SECUNDARIA,34470.47,no_moroso
30,,6,10.4,0,Tecnico,38385.53,no_moroso
21,2304.49,4,,0,Posgrado,9669.74,no_moroso
45,11603.78,4,23.5,1,Universitario,28718.8,no_moroso
39,4312.0,3,10.4,1,Tecnico,9790.71,no_moroso
44,8338.82,3,5.7,0,Tecnico,22718.43,no_moroso
35,6862.84,1,0.7,0,Secundaria,17564.18,no_moroso
26,14011.06,9,2.5,0,Universitario,39069.23,no_moroso
26,14621.51,4,20.5,0,Posgrado,39694.6,no_moroso
67,13117.66,0,4.8,0,Universitario,34354.5,no_moroso
68,13068.7,1,1.1,0,Secundaria,32455.52,no_moroso
65,9461.23,6,12.9,1,Tecnico,23710.47,no_moroso
60,6160.05,9,8.4,1,Posgrado,219455.48905798924,no_moroso
57,3604.86,5,32.3,0,Secundaria,232427.74873005738,moroso
34,3624.69,8,24.8,0,Tecnico,9196.22,no_moroso
40,9416.68,3,27.8,1,Posgrado,24149.92,no_moroso
27,5625.28,7,4.3,0,Secundaria,14701.28,no_moroso
58,,9,3.8,0,Tecnico,24191.59,no_moroso
19,5474.96,0,1.1,0,Secundaria,13484.12,no_moroso
60,7173.31,6,6.8,0,Universitario,19817.68,no_moroso
38,2688.42,5,17.2,0,Secundaria,6689.2,no_moroso
21,3878.56,0,4.1,0,Secundaria,8516.26,no_moroso
62,12667.57,2,7.3,1,Tecnico,30553.5,no_moroso
54,12358.76,0,,1,Universitario,29547.15,moroso
28,1707.01,6,6.5,0,Posgrado,7883.99,no_moroso
65,,9,21.5,1,Universitario,32075.63,no_moroso
66,5081.2,0,52.7,0,Posgrado,12277.06,moroso
60,4385.57,0,22.2,0,Tecnico,10771.35,no_moroso
58,12460.68,0,28.7,0,Universitario,31269.03,no_moroso
40,3248.55,0,20.1,0,Secundaria,6906.17,no_moroso
59,7522.68,7,3.0,0,Universitario,21745.87,no_moroso
18,9446.36,2,9.1,0,Universitario,24972.13,no_moroso
69,11831.73,3,10.7,0,Secundaria,30332.32,no_moroso
61,5870.36,2,4.5,0,Posgrado,18465.34,no_moroso
24,5877.93,6,,0,Tecnico,16425.11,no_moroso
66,4055.99,4,16.1,1,Tecnico,9191.77,no_moroso
50,,9,11.4,1,universitario,7985.48,no_moroso
31,5131.84,1,3.7,1,Tecnico,11415.04,no_moroso
35,5722.74,1,13.2,0,Tecnico,14372.66,no_moroso
56,4753.81,1,13.3,0,Secundaria,11255.55,no_moroso
28,8073.43,2,39.2,1,Universitario,17762.95,moroso
68,7554.27,1,8.4,0,Tecnico,230392.48884414267,no_moroso
20,2766.05,3,9.5,1,Universitario,7648.98,no_moroso
30,9272.59,2,44.0,0,Secundaria,21443.19,moroso
36,2219.78,0,16.9,0,Tecnico,5397.65,no_moroso
63,,4,,1,Universitario,7802.46,moroso
38,8629.63,3,,1,TECNICO,19031.78,moroso
59,5550.55,7,16.6,0,Universitario,15982.8,no_moroso
37,5133.57,4,5.8,1,Tecnico,12934.46,no_moroso
35,,5,,0,Universitario,22421.18,no_moroso
41,9119.3,3,,0,Universitario,22769.17,moroso
65,8581.3,2,16.1,1,Tecnico,19742.49,no_moroso
30,7965.96,1,24.4,1,Posgrado,19537.4,no_moroso
57,3830.08,4,,0,Universitario,10178.54,no_moroso
33,3002.12,3,1.9,0,Posgrado,11558.94,no_moroso
34,11958.38,4,6.6,0,Universitario,31661.09,no_moroso
39,5139.04,5,26.3,0,Tecnico,13699.28,no_moroso
25,14189.29,4,3.2,1,Tecnico,35047.08,no_moroso
49,1949.25,3,14.5,1,Posgrado,5152.62,no_moroso
30,13434.41,7,0.2,0,TECNICO,36546.19,no_moroso
50,10060.44,9,6.0,0,Tecnico,26549.87,no_moroso
30,12378.22,1,5.8,0,Tecnico,30701.01,no_moroso
43,2993.38,8,6.0,0,Tecnico,10074.59,no_moroso
51,,2,7.6,1,Tecnico,21793.03,no_moroso
47,8079.62,6,13.2,1,universitario,21169.34,no_moroso
60,869.09,1,,0,Secundaria,2193.97,no_moroso
18,14910.96,6,32.7,1,Universitario,37152.91,moroso
36,12337.05,8,2.3,1,Secundaria,30232.13,no_moroso
64,10941.56,8,16.2,0,Secundaria,28582.68,no_moroso
29,1349.32,1,18.7,1,Universitario,2249.88,no_moroso
26,7797.65,4,36.1,0,Posgrado,21464.39,moroso
65,8453.24,0,0.1,0,Tecnico,21763.05,no_moroso
38,9232.65,8,41.1,1,Tecnico,21651.25,moroso
23,,9,0.4,0,Tecnico,17859.59,no_moroso
28,5666.69,9,3.8,0,Universitario,17562.6,no_moroso
61,13593.18,5,9.9,0,Secundaria,34395.69,no_moroso
69,6227.5,0,1.1,1,Tecnico,15285.83,no_moroso
51,1188.17,8,,0,Secundaria,5107.41,no_moroso
54,6585.41,5,22.0,0,Posgrado,19596.85,no_moroso
18,3662.69,4,10.0,1,secundaria,7758.43,no_moroso
39,1085.0,5,0.9,1,Universitario,2948.2,no_moroso
26,7724.86,0,15.7,1,Secundaria,16726.64,no_moroso
33,5729.67,4,0.8,0,Tecnico,15967.38,no_moroso
54,7646.27,8,1.8,0,Tecnico,20670.24,no_moroso
45,,1,9.6,0,Tecnico,17480.9,no_moroso
41,9153.72,3,6.9,1,Universitario,23990.82,no_moroso
19,8684.8,9,,0,Tecnico,24292.99,no_moroso
30,5427.63,2,25.0,0,Posgrado,15044.5,no_moroso
56,6873.66,8,1.1,0,Universitario,20593.92,no_moroso
24,1753.35,0,21.2,1,Secundaria,861.17,no_moroso
56,6393.39,6,2.8,0,Tecnico,18380.82,no_moroso
35,9038.0,5,10.4,0,Universitario,25470.51,no_moroso
60,9103.52,7,7.0,1,Tecnico,22394.16,no_moroso
61,6990.75,8,,0,Tecnico,18883.27,no_moroso
43,6017.15,8,8.1,0,Tecnico,17394.37,no_moroso
37,3853.34,8,69.4,1,Universitario,8342.84,moroso
42,3060.66,1,4.7,0,Universitario,9608.14,no_moroso
27,14067.26,4,15.5,1,Tecnico,34685.04,no_moroso
34,4822.58,3,,1,Universitario,12117.15,no_moroso
50,7440.61,2,1.3,1,Universitario,19208.87,no_moroso
47,10407.44,4,3.2,1,Universitario,26299.64,no_moroso
29,11877.15,7,5.5,0,Posgrado,33670.37,no_moroso
51,8450.98,3,10.5,0,Universitario,21978.97,no_moroso
54,3705.64,9,10.6,0,Tecnico,12195.44,no_moroso
62,7477.4,2,16.8,0,Universitario,19426.8,no_moroso
54,,2,16.9,1,Tecnico,30081.1,no_moroso
19,10981.51,3,51.3,1,Secundaria,23977.32,moroso
54,6694.32,0,10.8,1,Universitario,16418.79,no_moroso
63,,9,,1,Tecnico,4604.6,no_moroso
67,10798.76,3,3.7,0,Posgrado,30659.2,no_moroso
36,8888.24,9,31.3,1,Posgrado,24513.09,moroso
57,1377.92,1,0.4,0,Universitario,4565.36,no_moroso
25,12784.72,7,,1,Universitario,33371.14,no_moroso
54,,4,8.5,1,Tecnico,19933.19,no_moroso
22,1486.99,8,23.4,0,Tecnico,3937.19,no_moroso
36,1692.84,1,6.3,0,Universitario,6282.08,no_moroso
52,3845.91,1,0.2,0,Posgrado,11862.46,no_moroso
45,8134.06,0,8.8,1,Universitario,19929.15,no_moroso
45,2747.03,4,1.1,0,Universitario,8918.91,no_moroso
59,8079.9,8,10.6,1,Universitario,21844.26,no_moroso
53,10321.29,3,7.7,1,Secundaria,25226.82,no_moroso
22,14660.25,9,14.7,0,Posgrado,40643.24,no_moroso
27,3765.61,5,,0,Secundaria,10635.98,no_moroso
22,4660.99,5,15.6,1,Universitario,11792.89,no_moroso
32,12248.26,7,15.5,0,Tecnico,32234.1,no_moroso
28,2339.55,7,2.9,1,Tecnico,6417.2,no_moroso
24,13617.62,0,1.2,0,Posgrado,36464.81,no_moroso
18,10637.07,5,0.2,0,Secundaria,27325.94,no_moroso
55,3957.51,1,1.3,1,Universitario,9994.03,no_moroso
52,4798.92,1,35.5,1,Tecnico,200350.8351508041,moroso
22,3230.83,3,0.1,0,Universitario,9995.61,no_moroso
23,7514.11,9,41.4,0,Tecnico,19675.02,moroso
24,4042.56,2,5.9,1,Tecnico,9485.45,no_moroso
19,7756.04,2,7.4,0,Tecnico,19354.53,no_moroso
53,6826.68,6,1.5,1,Posgrado,19839.17,no_moroso
60,1928.66,5,21.0,0,Posgrado,7610.87,no_moroso
63,2197.51,2,22.3,1,Universitario,5131.09,no_moroso
42,10455.61,6,4.3,0,Universitario,28951.11,no_moroso
68,6597.09,1,20.1,0,Posgrado,16937.61,no_moroso
33,,6,1.7,0,Secundaria,186036.48882221978,no_moroso
65,816.48,0,29.5,1,universitario,616.38,no_moroso
57,8779.39,8,5.3,1,Secundaria,21587.48,no_moroso
43,12500.39,8,12.3,0,Secundaria,31523.13,no_moroso
58,14297.94,3,,1,Universitario,34761.52,no_moroso
43,1124.78,7,8.4,1,Tecnico,2622.28,no_moroso
26,9238.33,5,3.2,1,Posgrado,26085.5,no_moroso
41,9432.94,0,13.2,1,Universitario,23008.92,no_moroso
32,4185.76,6,32.6,0,Universitario,10634.87,moroso
69,3658.91,6,36.6,0,Universitario,10369.49,moroso
34,6293.57,6,8.2,1,Tecnico,15052.35,no_moroso
53,11743.52,5,11.8,0,Secundaria,29778.45,no_moroso
41,9750.16,0,35.7,1,Secundaria,21255.48,moroso
54,1282.71,3,7.1,0,Secundaria,2884.49,no_moroso
43,11777.76,9,47.8,0,Secundaria,28945.7,moroso
27,2023.62,4,31.3,0,tecnico,4504.61,moroso
66,7988.67,4,,0,Secundaria,15774.3,moroso
46,5220.22,2,,0,Universitario,14674.17,no_moroso
43,1706.5,8,53.3,1,Tecnico,2596.75,moroso
23,1753.43,4,6.6,0,Universitario,6789.47,no_moroso
23,,4,13.6,0,Tecnico,15381.7,no_moroso
56,7869.81,0,6.1,0,Secundaria,20483.07,no_moroso
65,3341.27,9,9.5,0,Secundaria,9241.45,no_moroso
51,14446.89,9,6.6,0,Universitario,39948.1,no_moroso
23,5688.74,5,29.5,0,universitario,14592.5,no_moroso
67,14950.17,6,2.6,0,Tecnico,39014.17,no_moroso
56,11865.97,1,11.0,0,Posgrado,32723.31,no_moroso
26,2845.42,4,8.6,0,Secundaria,8011.74,no_moroso
29,13442.81,0,4.2,0,Tecnico,33839.39,no_moroso
31,4301.09,1,4.5,0,Posgrado,13013.06,no_moroso
23,8614.05,8,5.9,0,Tecnico,23728.32,no_moroso
63,8914.02,0,10.2,1,Universitario,21323.56,no_moroso
36,6249.95,9,31.4,1,Secundaria,14339.41,moroso
65,,1,6.6,0,POSGRADO,5909.12,no_moroso
68,12749.18,0,,0,Posgrado,34879.54,no_moroso
33,10816.86,8,36.6,1,Universitario,27111.87,moroso
62,12818.24,1,13.2,1,Tecnico,30434.62,no_moroso
24,13158.76,4,6.8,1,Secundaria,31678.31,no_moroso
51,7503.92,4,19.4,0,Posgrado,22037.08,no_moroso
46,8119.85,9,17.0,0,Tecnico,187477.07943423916,no_moroso
22,9256.29,6,19.1,1,Universitario,22660.08,no_moroso
41,14744.68,9,36.9,1,Universitario,36498.02,moroso
23,7561.31,7,1.2,1,Universitario,20608.93,no_moroso
54,2718.65,8,8.0,1,tecnico,7394.39,no_moroso
52,3657.24,8,17.8,0,Posgrado,12831.65,no_moroso
63,12394.29,2,1.5,0,Universitario,32481.5,no_moroso
28,13562.73,8,14.2,1,Secundaria,32510.14,no_moroso
24,6132.44,9,14.9,0,Posgrado,19290.38,no_moroso
28,4061.39,3,23.0,1,Tecnico,8877.82,no_moroso
24,1476.78,5,51.4,1,Universitario,2816.54,moroso
61,3206.44,5,2.4,0,Secundaria,8801.51,no_moroso
68,2319.37,9,11.1,0,Posgrado,10439.54,no_moroso
19,13473.74,5,15.6,0,Universitario,36236.12,no_moroso
36,7226.8,9,5.4,0,Universitario,20503.1,no_moroso
37,12536.13,3,2.8,1,Tecnico,31213.82,no_moroso
23,2148.06,6,23.8,0,Universitario,6852.78,no_moroso
54,7113.74,2,6.7,0,Universitario,19742.86,no_moroso
34,,5,1.6,1,Secundaria,13043.05,no_moroso
26,,9,3.2,0,Posgrado,7226.78,no_moroso
21,,8,0.8,1,Tecnico,8366.71,no_moroso
38,14809.15,8,,0,Universitario,39426.37,no_moroso
65,2358.16,7,20.3,1,Universitario,6730.57,no_moroso
43,13532.4,0,52.1,1,Universitario,30858.84,moroso
55,9964.6,2,28.1,0,Tecnico,25160.37,no_moroso
36,1419.46,0,10.9,0,Secundaria,2861.92,no_moroso
49,3344.08,2,7.4,0,Tecnico,7996.02,no_moroso
50,5346.21,9,,0,Universitario,14728.58,moroso
65,14577.34,0,3.0,1,Tecnico,34424.98,no_moroso
25,12963.48,0,28.1,0,Tecnico,31867.8,no_moroso
34,12124.44,0,0.0,1,Secundaria,28550.21,no_moroso
58,7552.04,1,0.0,0,Universitario,20690.11,no_moroso
45,,1,27.4,0,Universitario,37527.07,no_moroso
37,6192.95,4,0.5,0,Tecnico,17021.13,no_moroso
52,6522.85,9,1.6,0,Tecnico,18239.19,no_moroso
23,3620.12,3,19.4,0,tecnico,9264.43,no_moroso
39,,2,6.8,0,Tecnico,15790.36,no_moroso
43,4241.87,9,5.8,0,Tecnico,12855.36,no_moroso
59,9731.91,2,,0,Posgrado,25898.53,moroso
32,3646.76,6,10.1,0,Secundaria,9768.37,no_moroso
25,3714.38,0,10.9,0,Universitario,10355.05,no_moroso
34,6910.14,5,8.9,1,secundaria,15902.61,no_moroso
36,13777.71,0,16.3,0,Universitario,35295.26,no_moroso
52,13001.06,8,23.2,1,Universitario,32111.36,no_moroso
38,7480.25,1,8.1,1,Posgrado,19520.5,no_moroso
36,13369.61,7,21.2,0,Tecnico,34493.3,no_moroso
20,5152.21,4,,1,Universitario,12151.44,no_moroso
23,11007.09,6,27.3,0,Universitario,30077.7,no_moroso
58,1921.98,8,10.1,1,Universitario,215692.22491060026,no_moroso
56,9993.33,9,70.4,0,Posgrado,27155.77,moroso
69,9002.58,1,0.9,1,Universitario,22368.02,no_moroso
33,14347.03,4,43.0,1,Tecnico,33355.59,moroso
25,14639.8,9,8.7,0,Secundaria,37739.15,no_moroso
63,8884.52,6,5.5,1,Posgrado,24259.6,no_moroso
54,1024.67,7,82.7,1,Universitario,200.0,moroso
47,1951.63,2,1.1,0,Secundaria,4960.58,no_moroso
27,13225.36,1,15.3,0,Tecnico,31884.3,no_moroso
69,4055.02,8,,0,Secundaria,11073.02,no_moroso
64,3056.19,4,24.0,0,Universitario,8052.66,no_moroso
26,8227.91,5,,0,Tecnico,22594.0,no_moroso
22,6560.31,3,6.4,1,Posgrado,18894.99,no_moroso
20,6947.52,1,14.6,0,Secundaria,16380.26,no_moroso
68,3312.05,0,5.5,1,Universitario,7894.71,no_moroso
39,3642.78,3,3.1,1,Secundaria,7817.63,no_moroso
39,10002.96,1,18.0,1,Tecnico,22931.63,no_moroso
49,2244.58,2,4.2,0,Posgrado,9495.66,no_moroso
67,8695.26,8,9.1,0,Universitario,25197.54,no_moroso
42,14826.31,8,0.8,1,Universitario,38430.71,no_moroso
66,12353.25,6,2.2,1,Universitario,31728.15,no_moroso
62,10035.88,8,36.9,1,Universitario,24924.19,moroso
49,14015.75,0,10.0,0,Tecnico,35831.39,no_moroso
57,6113.21,4,5.5,1,Universitario,16042.45,no_moroso
51,7881.1,1,9.7,0,Tecnico,20592.6,no_moroso
44,7527.41,7,22.5,0,Universitario,20446.5,no_moroso
69,,6,8.8,0,UNIVERSITARIO,10591.7,no_moroso
59,12286.17,4,6.0,1,Universitario,30881.63,no_moroso
66,11184.31,7,25.4,0,Posgrado,30292.68,no_moroso
46,7740.65,9,17.8,1,Tecnico,19352.24,no_moroso
28,10598.62,1,11.2,0,Universitario,27826.52,no_moroso
36,4652.69,7,42.2,1,Universitario,10843.97,moroso
30,4573.32,7,0.0,0,Universitario,15393.39,no_moroso
43,10838.7,7,34.8,0,Posgrado,29919.67,moroso
22,8959.67,6,17.0,1,Secundaria,20922.35,no_moroso
56,4004.18,4,0.9,0,Posgrado,13448.16,no_moroso
41,13191.86,0,2.8,0,Secundaria,33169.0,no_moroso
47,14146.07,7,11.3,0,Universitario,37702.98,no_moroso
64,8768.7,2,,1,posgrado,24015.54,no_moroso
46,8884.46,4,1.9,0,Universitario,24187.06,no_moroso
67,13270.47,7,5.2,1,Secundaria,31526.32,no_moroso
59,9093.49,9,21.7,0,Universitario,25399.93,no_moroso
30,5483.92,3,,1,Posgrado,15373.44,no_moroso
43,2614.79,2,25.3,1,Tecnico,4811.71,no_moroso
67,7264.49,1,12.3,1,Tecnico,16134.25,no_moroso
18,,1,,1,Universitario,3475.21,no_moroso
59,3297.24,0,0.3,0,Tecnico,8159.12,no_moroso
69,12522.38,8,,1,Tecnico,30427.38,moroso
46,13489.24,0,57.1,0,Tecnico,31664.05,moroso
32,13134.9,0,14.2,0,Universitario,33911.05,no_moroso
37,899.7,9,3.1,0,Posgrado,6958.58,no_moroso
46,3467.64,3,1.0,0,Universitario,11212.89,no_moroso
26,1371.34,7,,0,Universitario,4617.5,moroso
66,,4,16.9,0,Universitario,37559.54,no_moroso
19,8965.99,1,,0,Universitario,23844.57,no_moroso
56,7487.91,2,8.0,0,Secundaria,18166.06,no_moroso
31,13231.25,1,1.6,0,Universitario,34572.6,no_moroso
25,12250.51,3,11.0,1,Tecnico,30283.07,no_moroso
37,14959.49,5,9.2,0,Universitario,39477.74,no_moroso
24,12678.61,1,7.7,0,Universitario,33033.16,no_moroso
32,12427.19,6,4.3,0,Posgrado,34129.74,no_moroso
64,13717.11,4,1.5,1,Universitario,35332.64,no_moroso
65,,5,5.1,0,Posgrado,197532.18310576133,no_moroso
38,10825.31,2,18.6,1,Secundaria,25290.05,no_moroso
67,3366.86,0,35.5,1,Universitario,6571.03,moroso
57,9219.49,7,13.0,1,Tecnico,22502.59,no_moroso
33,14172.76,0,0.4,0,Tecnico,35707.22,no_moroso
65,9376.85,8,24.0,0,Universitario,25291.48,no_moroso
53,1509.58,3,30.6,1,Secundaria,1459.72,moroso
19,12692.01,9,1.4,0,Tecnico,34111.09,no_moroso
41,7737.15,4,5.7,1,Posgrado,20622.09,no_moroso
23,5001.82,1,25.5,0,Secundaria,11306.08,no_moroso
45,7925.57,4,31.0,0,SECUNDARIA,20504.82,moroso
59,8582.49,5,16.9,0,Tecnico,21976.86,no_moroso
62,2805.83,0,0.0,0,Universitario,8263.37,no_moroso
57,11417.95,7,,0,Posgrado,31526.05,moroso
60,,8,16.6,0,TECNICO,14824.21,no_moroso
36,12328.79,2,24.7,1,Tecnico,28948.33,no_moroso
53,10706.5,4,37.3,1,Universitario,25466.58,moroso
24,1064.78,0,,0,POSGRADO,5460.54,no_moroso
36,1030.43,2,29.6,1,Universitario,2104.19,no_moroso
31,1376.33,9,,0,Universitario,6054.47,no_moroso
61,,8,0.3,0,Tecnico,32925.75,no_moroso
50,3895.21,8,23.9,0,Tecnico,11210.61,no_moroso
60,9055.6,9,4.1,1,Posgrado,26500.92,no_moroso
52,10595.61,7,36.8,1,Tecnico,25181.09,moroso
38,4212.07,6,8.8,0,Universitario,13316.62,no_moroso
23,5363.23,7,1.9,1,Tecnico,13799.22,no_moroso
47,6668.28,5,29.2,0,Secundaria,16497.2,no_moroso
19,5005.27,4,11.0,0,Universitario,14793.01,no_moroso
66,14445.34,9,7.8,1,Posgrado,165593.6607365899,no_moroso
59,3985.4,6,,0,Universitario,12714.77,no_moroso
18,6824.35,0,23.9,0,Universitario,17569.07,no_moroso
62,7198.5,8,12.0,0,Posgrado,22971.12,no_moroso
68,5061.46,0,50.3,0,Secundaria,9959.42,moroso
21,1165.9,9,24.2,0,Tecnico,4270.98,no_moroso
42,13148.52,9,5.8,1,Universitario,34500.46,no_moroso
28,10124.55,3,0.1,0,Tecnico,26126.04,no_moroso
56,6641.98,4,15.2,1,Universitario,16004.29,no_moroso
18,10938.96,8,0.3,0,Secundaria,28579.91,no_moroso
34,13133.51,1,3.3,0,Posgrado,35905.25,no_moroso
49,13869.43,6,0.0,0,Posgrado,38344.29,no_moroso
42,3625.12,6,8.1,1,TECNICO,8049.41,no_moroso
67,,3,14.9,0,Secundaria,3997.56,no_moroso
45,4935.54,8,0.5,0,Universitario,15930.31,no_moroso
40,9565.69,8,20.2,0,Universitario,26465.69,no_moroso
41,6199.7,7,30.5,0,Tecnico,15770.26,moroso
28,7382.48,1,1.0,0,Tecnico,18962.24,no_moroso
33,8072.44,6,3.1,1,Secundaria,18723.29,no_moroso
63,1867.05,5,,0,Posgrado,7675.16,no_moroso
30,11325.69,5,16.8,1,Secundaria,26536.86,no_moroso
37,14462.7,0,5.5,1,Secundaria,34561.93,no_moroso
54,9425.92,3,9.1,1,Posgrado,24098.31,no_moroso
47,6154.6,2,24.8,1,Tecnico,13650.67,no_moroso
35,5782.46,4,48.1,0,Universitario,14278.2,moroso
68,2086.66,4,23.1,0,Universitario,7316.63,no_moroso
23,5268.38,2,24.6,0,Tecnico,13108.19,no_moroso
38,11832.43,8,2.3,0,Tecnico,30624.02,no_moroso
35,1042.97,3,46.4,1,TECNICO,200.0,moroso
62,4535.02,8,5.2,0,Universitario,14431.66,no_moroso
43,11148.8,5,23.0,0,Universitario,29750.06,no_moroso
39,3438.75,6,0.8,1,Posgrado,11239.34,no_moroso
40,14633.95,3,,0,Tecnico,36216.38,no_moroso
60,13128.07,8,,0,Tecnico,35712.95,no_moroso
28,2130.62,6,4.4,0,Tecnico,6215.42,no_moroso
39,2146.45,6,4.2,1,Tecnico,5378.4,no_moroso
31,4646.25,2,49.8,0,Secundaria,9567.48,moroso
44,13885.13,6,3.9,0,Tecnico,36278.95,no_moroso
21,,7,1.5,0,Tecnico,33273.97,no_moroso
31,,7,9.8,1,Universitario,26064.81,no_moroso
56,6864.72,7,15.7,0,Universitario,19652.11,no_moroso
41,1816.85,9,5.9,0,Universitario,6835.41,no_moroso
27,4684.38,3,11.3,0,Tecnico,13200.29,no_moroso
35,1138.22,3,3.2,1,POSGRADO,5405.75,no_moroso
41,9177.67,8,,0,Secundaria,23681.19,no_moroso
64,13174.27,5,1.1,0,Universitario,35830.96,no_moroso
26,,5,27.6,1,Universitario,9083.71,no_moroso
29,13048.47,5,14.9,0,Tecnico,34028.21,no_moroso
19,4265.35,8,12.8,0,Universitario,12241.77,no_moroso
26,12140.61,4,31.5,0,Secundaria,29540.99,moroso
54,2013.16,7,4.5,0,Universitario,8539.04,no_moroso
18,4290.51,1,,1,Posgrado,12976.92,no_moroso
38,12265.48,7,18.6,0,Secundaria,30672.14,no_moroso
36,11420.37,2,7.8,0,Posgrado,30374.04,no_moroso
56,1606.36,5,9.2,1,Tecnico,3637.93,no_moroso
67,14835.74,1,26.9,1,Tecnico,34965.87,no_moroso
29,5321.08,2,22.1,1,Universitario,12459.86,no_moroso
25,9494.84,5,43.4,0,Universitario,24038.92,moroso
29,1543.28,2,7.8,1,Universitario,3886.62,no_moroso
19,10092.21,5,12.4,0,Tecnico,25317.5,no_moroso
66,13995.32,6,12.1,0,Tecnico,35518.84,no_moroso
38,7442.4,4,1.0,0,Tecnico,20414.63,no_moroso
36,10785.89,9,3.7,0,Tecnico,29542.3,no_moroso
20,4222.33,8,5.8,1,Tecnico,10934.09,no_moroso
52,6643.53,2,19.3,0,Secundaria,15878.99,no_moroso
29,7702.92,6,61.2,1,Secundaria,15578.96,moroso
57,4780.74,8,23.9,0,Tecnico,11969.53,no_moroso
18,,8,4.9,0,Tecnico,37453.7,no_moroso
24,2601.93,2,6.5,1,Tecnico,5517.68,no_moroso
36,5779.48,4,19.0,0,Posgrado,16837.83,no_moroso
55,3947.61,2,6.2,0,Tecnico,9207.09,no_moroso
18,10091.74,0,6.4,1,Tecnico,24581.28,no_moroso
64,7680.72,0,0.2,0,Secundaria,18659.43,no_moroso
62,1076.6,0,57.5,0,Secundaria,301461.5323124324,moroso
27,5468.53,8,16.9,0,Tecnico,15877.67,no_moroso
51,6844.64,4,10.0,1,Secundaria,16571.19,no_moroso
53,2155.28,9,32.6,0,Tecnico,6490.27,moroso
59,2538.16,2,15.1,0,Universitario,7200.47,no_moroso
30,7967.88,3,9.8,0,Universitario,21382.46,no_moroso
41,10398.0,0,6.1,0,Secundaria,25595.01,no_moroso
48,13588.66,8,13.4,0,Tecnico,35290.04,no_moroso
29,8515.77,5,9.1,0,Posgrado,25163.52,no_moroso
44,14453.14,8,10.0,0,Tecnico,37709.53,no_moroso
53,11860.0,9,10.4,0,Universitario,32803.38,no_moroso
50,1858.98,6,20.2,1,Secundaria,3295.19,no_moroso
32,8765.54,1,22.9,0,Tecnico,21331.5,no_moroso
45,7928.74,7,8.0,1,Posgrado,23292.03,no_moroso
25,11433.26,3,6.6,0,Tecnico,28399.72,no_moroso
69,6284.07,7,33.9,0,Universitario,17386.79,moroso
37,12045.98,4,2.0,1,Tecnico,28981.24,no_moroso
20,6464.61,8,8.5,1,Universitario,16352.57,no_moroso
47,8738.08,9,11.1,1,Tecnico,21913.44,no_moroso
41,10434.72,3,1.6,0,Secundaria,25990.1,no_moroso
29,9946.46,9,4.0,0,Posgrado,30615.69,no_moroso
24,7032.7,5,23.7,1,Posgrado,19124.55,no_moroso
59,11483.24,3,24.2,0,TECNICO,29019.85,no_moroso
41,5613.31,4,6.3,1,Universitario,14711.75,no_moroso
50,849.56,9,9.9,0,Secundaria,3243.32,no_moroso
27,12905.34,6,8.5,1,Tecnico,31859.23,no_moroso
43,5081.88,2,4.1,1,Posgrado,14767.44,no_moroso
47,3625.29,7,18.7,0,UNIVERSITARIO,11114.49,no_moroso
19,,2,9.1,0,Tecnico,22417.68,no_moroso
39,1320.29,9,32.4,0,Secundaria,3119.15,moroso
23,13988.43,5,2.9,1,Tecnico,35083.31,no_moroso
34,6485.7,4,11.9,1,Posgrado,18170.54,no_moroso
64,13539.72,0,10.7,0,Universitario,34771.19,no_moroso
62,3759.89,4,3.0,0,Universitario,11208.77,no_moroso
60,,7,,0,Secundaria,34514.13,no_moroso
31,7578.97,3,39.2,0,Tecnico,18589.39,moroso
22,8330.64,5,28.4,0,Universitario,22120.05,no_moroso
24,8119.52,8,6.0,0,Universitario,22536.35,no_moroso
23,,0,13.5,0,Secundaria,20768.11,no_moroso
25,13514.38,9,15.3,0,Tecnico,35445.49,no_moroso
43,867.93,8,18.0,0,Tecnico,3657.7,no_moroso
51,1807.59,6,1.7,0,Tecnico,6306.46,no_moroso
65,1161.93,7,15.0,0,Posgrado,7429.65,no_moroso
33,11580.57,9,0.2,0,Universitario,32622.13,no_moroso
18,10871.1,5,46.7,0,Tecnico,26378.65,moroso
28,3560.17,4,81.2,0,Tecnico,4821.74,moroso
19,13345.96,5,4.3,1,Secundaria,33512.71,no_moroso
32,4663.04,9,,0,TECNICO,12231.96,moroso
50,11925.39,6,14.8,0,Secundaria,30864.33,no_moroso
27,6849.45,7,4.1,1,Universitario,18771.24,no_moroso
31,12058.65,1,0.6,0,Universitario,31867.09,no_moroso
25,8865.23,2,18.3,1,Tecnico,21808.48,no_moroso
39,8163.57,1,,1,Tecnico,18185.73,no_moroso
47,5763.03,1,44.3,1,Tecnico,10927.61,moroso
64,2644.58,6,26.1,0,Tecnico,7540.4,no_moroso
38,,9,6.4,0,Universitario,31625.27,no_moroso
28,3206.07,1,5.6,1,Universitario,7963.88,no_moroso
49,12168.0,0,2.6,0,Tecnico,31654.51,no_moroso
57,13825.29,3,9.4,0,Secundaria,34885.73,no_moroso
68,6036.07,4,,0,Universitario,17684.11,no_moroso
63,5102.4,9,0.7,0,Tecnico,14892.6,no_moroso
67,,8,26.2,0,Secundaria,26170.23,no_moroso
66,5485.08,9,28.7,0,Secundaria,13837.82,no_moroso
23,13931.91,7,8.5,1,Universitario,35333.8,no_moroso
30,13535.25,4,9.8,0,Secundaria,34228.93,no_moroso
38,2322.2,2,12.2,0,Tecnico,6101.78,no_moroso
62,8484.11,8,15.4,1,Universitario,21661.86,no_moroso
55,6032.75,3,27.5,0,Posgrado,18235.95,no_moroso
23,7713.85,4,17.4,1,Universitario,19823.54,no_moroso
28,9325.05,9,11.9,1,Universitario,24137.38,no_moroso
35,1038.75,3,15.5,0,Tecnico,2878.43,no_moroso
27,8016.57,3,,1,Secundaria,17600.26,no_moroso
47,2343.99,7,7.5,1,Universitario,6451.06,no_moroso
63,8159.3,1,1.7,0,Universitario,21726.68,no_moroso
18,8588.11,7,22.6,1,Universitario,21439.57,no_moroso
26,3300.56,5,3.9,0,Universitario,10566.18,no_moroso
22,2792.44,9,22.4,0,Posgrado,11354.54,no_moroso
57,6305.74,0,6.3,0,Tecnico,16120.7,no_moroso
21,13339.98,3,1.6,1,Posgrado,35949.57,no_moroso
51,3430.27,1,21.2,0,Universitario,9220.71,no_moroso
42,6008.68,7,,0,Tecnico,16062.39,no_moroso
61,3043.46,9,13.9,0,Posgrado,12187.95,no_moroso
49,3062.84,7,31.5,0,Tecnico,7684.89,moroso
24,11591.96,3,3.9,0,Secundaria,29126.51,no_moroso
57,,9,28.9,1,Posgrado,6953.67,no_moroso
39,13548.17,5,2.2,0,UNIVERSITARIO,36524.16,no_moroso
26,13027.03,1,27.3,0,Universitario,33178.99,no_moroso
42,1931.08,4,5.3,1,Universitario,5309.55,no_moroso
55,7188.3,9,38.6,0,Tecnico,18152.39,moroso
47,6958.22,0,67.0,0,Secundaria,15153.28,moroso
56,11207.11,9,2.5,1,Posgrado,31707.29,no_moroso
30,11528.92,6,38.5,0,Tecnico,28590.18,moroso
64,8146.02,4,5.6,0,Universitario,21997.22,no_moroso
58,2306.38,1,21.4,0,Universitario,7227.73,no_moroso
60,2606.11,5,1.7,1,Tecnico,6494.78,no_moroso
27,3706.5,4,14.2,0,Posgrado,12694.1,no_moroso
67,11378.87,2,29.9,0,Secundaria,26559.46,no_moroso
40,11078.26,4,11.2,1,Secundaria,26974.79,no_moroso
20,,4,4.3,1,Tecnico,33974.41,no_moroso
25,8375.54,9,20.1,1,Secundaria,20479.89,no_moroso
33,3722.18,5,4.9,0,Universitario,11604.16,no_moroso
44,12129.88,8,8.8,1,Universitario,31598.98,no_moroso
54,4198.44,8,9.9,0,Universitario,12978.67,no_moroso
27,13689.88,4,3.8,0,Universitario,35541.63,no_moroso
34,8379.37,2,17.6,0,Universitario,21881.2,no_moroso
20,10826.16,8,43.2,1,Secundaria,25321.07,moroso
20,6549.64,4,16.9,0,Universitario,17429.86,no_moroso
58,13870.94,7,2.2,0,Secundaria,36973.08,no_moroso
64,10459.76,8,23.8,1,Posgrado,28778.53,no_moroso
35,11083.93,8,16.0,0,Universitario,31107.79,no_moroso
65,4424.21,4,42.8,0,universitario,11327.76,moroso
51,14736.98,8,3.8,0,Universitario,39521.02,no_moroso
65,4045.93,6,,0,Posgrado,12758.36,moroso
43,11316.67,1,11.0,1,Tecnico,26826.78,no_moroso
20,937.03,9,3.6,1,Posgrado,6149.25,no_moroso
66,,8,6.2,0,Tecnico,19958.76,no_moroso
21,4030.44,8,7.0,0,Tecnico,11484.44,no_moroso
30,10171.41,6,5.8,0,Universitario,28019.41,no_moroso
63,14476.73,6,6.2,1,Universitario,38174.16,no_moroso
54,,4,0.9,1,Tecnico,23400.91,no_moroso
56,5211.21,5,14.6,0,Posgrado,16320.36,no_moroso
45,3084.61,6,7.6,0,Tecnico,8558.54,no_moroso
42,14486.13,1,2.6,0,Posgrado,38017.54,no_moroso
24,13306.0,0,47.5,0,Secundaria,30943.02,moroso
65,4394.9,3,3.0,0,Universitario,13594.05,no_moroso
33,9605.08,0,3.7,1,Universitario,24002.36,no_moroso
39,2731.27,1,1.6,0,Universitario,270123.8672858398,no_moroso
36,12931.12,0,6.9,1,Secundaria,30930.55,no_moroso
44,3220.98,5,6.9,0,Posgrado,11818.78,no_moroso
18,8288.97,0,13.6,0,Universitario,21125.98,no_moroso
62,12426.56,6,3.6,0,Tecnico,33548.97,no_moroso
60,7102.03,2,5.1,0,Universitario,19656.46,no_moroso
25,3336.12,0,35.3,0,Universitario,8188.92,moroso
64,2591.73,1,,1,Secundaria,4395.84,no_moroso
47,9502.11,0,13.1,0,Tecnico,23938.72,no_moroso
59,6820.59,7,,0,Tecnico,18558.62,no_moroso
47,3459.49,1,12.2,1,Tecnico,8091.09,no_moroso
59,2244.19,9,9.4,0,posgrado,9719.08,no_moroso
39,7396.28,9,2.2,0,Secundaria,20669.08,no_moroso
33,9535.68,0,20.3,0,Universitario,23839.88,no_moroso
45,12389.93,9,0.0,1,Tecnico,31140.29,no_moroso
52,6233.68,4,17.6,0,Universitario,16827.01,no_moroso
58,8426.02,4,13.6,1,Posgrado,21867.34,no_moroso
34,5014.14,4,2.9,0,Universitario,15011.02,no_moroso
45,,2,29.7,1,Universitario,35009.5,no_moroso
26,5669.29,1,12.4,1,Tecnico,13237.65,no_moroso
34,,6,7.5,1,Universitario,3603.66,no_moroso
36,1277.0,3,16.5,1,Posgrado,4878.07,no_moroso
47,,8,3.7,1,Secundaria,10745.31,no_moroso
32,9080.42,9,10.2,1,Universitario,23350.95,no_moroso
35,2291.07,1,38.6,0,Universitario,6003.56,moroso
67,10930.51,4,47.3,0,Tecnico,26466.44,moroso
55,6755.06,5,4.9,0,Secundaria,17089.48,no_moroso
41,8098.29,8,6.5,0,Secundaria,22841.84,no_moroso
50,5597.99,4,1.1,0,Posgrado,18319.32,no_moroso
27,7767.43,3,5.7,0,Universitario,20239.87,no_moroso
39,13965.08,0,12.9,1,Tecnico,32886.05,no_moroso
65,8418.68,9,2.9,0,Secundaria,21556.57,no_moroso
36,4606.09,4,1.8,0,Universitario,13803.34,no_moroso
55,,1,34.4,1,Universitario,3811.05,moroso
52,10174.08,8,1.2,0,Universitario,28739.18,no_moroso
43,12552.36,0,2.5,0,Universitario,32714.33,no_moroso
55,11619.18,4,26.9,1,Posgrado,30504.26,no_moroso
63,6339.38,0,22.0,0,Universitario,16379.3,no_moroso
68,7160.42,3,41.2,1,Universitario,17472.05,moroso
59,14103.81,2,11.4,1,Secundaria,34495.03,no_moroso
41,2344.72,8,20.3,0,Universitario,7137.12,no_moroso
35,7368.25,9,2.6,1,Tecnico,19216.64,no_moroso
34,2952.47,2,3.7,0,Tecnico,7309.09,no_moroso
36,5866.34,9,15.4,1,Posgrado,17031.55,no_moroso
47,9171.79,0,2.4,1,Universitario,24079.43,no_moroso
41,10844.83,1,4.2,0,Posgrado,29426.94,no_moroso
34,12161.81,5,9.6,0,Universitario,32438.32,no_moroso
54,3885.25,6,,1,Posgrado,12558.96,no_moroso
53,5406.02,2,0.6,0,Universitario,15129.88,no_moroso
22,14149.55,6,3.8,1,Universitario,36404.61,no_moroso
51,5196.87,0,20.6,0,Secundaria,11520.51,no_moroso
69,14743.41,1,20.1,0,Posgrado,38622.49,no_moroso
37,13835.7,2,1.4,1,Tecnico,34105.05,no_moroso
42,14197.22,3,21.0,1,Universitario,34597.1,no_moroso
57,3891.95,0,4.3,1,Universitario,9697.35,no_moroso
66,13622.68,9,3.0,1,Universitario,36014.76,no_moroso
58,,4,6.4,0,Tecnico,3618.6,no_moroso
26,817.62,2,11.3,0,Tecnico,1661.69,no_moroso
59,1345.89,5,26.3,0,Universitario,5100.05,no_moroso
55,7321.01,3,22.7,0,Universitario,19634.46,no_moroso
47,1849.55,2,66.5,0,Tecnico,1915.42,moroso
62,10726.21,6,4.8,1,Tecnico,26133.33,no_moroso
51,9010.14,1,,1,Posgrado,23171.7,no_moroso
49,3575.98,8,,1,Universitario,9330.25,no_moroso
46,,8,18.7,0,Tecnico,11852.46,no_moroso
22,12522.74,2,11.1,0,Tecnico,32151.6,no_moroso
50,7140.13,4,8.7,1,Universitario,19489.9,no_moroso
33,8351.98,8,2.7,1,Tecnico,21399.35,no_moroso
21,10585.44,3,,0,Secundaria,26280.56,no_moroso
56,8797.06,9,8.8,0,Universitario,25016.11,no_moroso
54,14575.21,1,14.2,1,Universitario,35762.32,no_moroso
36,8594.42,1,1.2,1,Secundaria,20706.56,no_moroso
31,11311.56,1,40.0,0,Tecnico,27103.6,moroso
60,9262.49,0,57.1,0,Secundaria,206199.2087314677,moroso
38,12386.86,7,2.5,1,Universitario,31856.86,no_moroso
19,12107.29,9,2.7,0,Universitario,34008.53,no_moroso
53,4568.29,5,1.8,1,Posgrado,14051.8,no_moroso
51,10448.0,3,10.3,0,Posgrado,30485.44,no_moroso
65,2773.93,0,43.3,1,Tecnico,3688.36,moroso
35,5727.16,4,13.7,0,Universitario,16233.47,no_moroso
21,5161.84,8,0.0,0,Tecnico,16073.94,no_moroso
31,10922.88,0,28.0,0,Universitario,27956.01,no_moroso
22,14613.3,1,10.9,1,Tecnico,34909.12,no_moroso
55,14280.73,7,40.6,0,Tecnico,35415.75,moroso
35,7830.12,7,47.5,0,Secundaria,18318.25,moroso
60,11659.35,5,0.7,0,Universitario,31620.68,no_moroso
58,13806.73,9,11.5,0,Universitario,37471.66,no_moroso
63,12157.55,3,22.8,1,secundaria,28855.13,no_moroso
39,6724.44,3,32.8,0,Universitario,16690.01,moroso
34,6969.47,5,21.5,0,Secundaria,17803.14,no_moroso
64,8362.24,7,12.7,1,Universitario,22150.69,no_moroso
54,2806.39,7,52.9,1,Tecnico,5064.48,moroso
46,3593.82,3,16.7,1,Universitario,7803.43,no_moroso
40,4277.66,0,5.1,1,Universitario,10334.23,no_moroso
39,11929.9,1,29.7,1,Tecnico,26867.31,no_moroso
63,8285.48,6,15.1,1,Universitario,20516.08,no_moroso
38,2562.64,6,14.3,1,Tecnico,5679.03,no_moroso
37,1640.51,8,41.6,1,Secundaria,1016.81,moroso
69,12792.71,3,3.3,0,Tecnico,226261.8692237858,no_moroso
63,1309.86,6,40.9,0,Universitario,4471.82,moroso
54,11343.85,6,17.6,1,SECUNDARIA,27150.21,no_moroso
42,12319.3,5,,1,Posgrado,32122.78,no_moroso
62,12629.89,5,7.1,0,Universitario,32777.21,no_moroso
50,12333.22,8,27.7,1,Tecnico,30735.44,no_moroso
40,11420.6,8,44.3,0,Secundaria,27586.73,moroso
36,,2,18.9,1,Tecnico,5308.95,no_moroso
42,11473.03,3,16.8,1,Posgrado,29882.81,no_moroso
31,,2,19.6,0,Universitario,34501.19,no_moroso
69,7435.51,1,32.3,0,Secundaria,17589.56,moroso
65,,6,12.3,0,Secundaria,7115.98,no_moroso
27,13557.12,9,9.7,0,Tecnico,34901.59,no_moroso
46,,5,4.0,1,tecnico,34867.63,no_moroso
67,1544.85,8,4.6,1,Tecnico,4339.67,no_moroso
61,11356.27,2,16.9,1,Universitario,27774.33,no_moroso
29,8812.34,5,7.9,1,Universitario,22689.18,no_moroso
23,1720.94,6,,1,Secundaria,4249.18,no_moroso
58,4344.61,7,0.4,0,Universitario,13748.14,no_moroso
48,,1,3.6,1,Universitario,21069.12,no_moroso
