num_personas_hogar,area_vivienda_m2,num_electrodomesticos,horas_uso_ac,estrato_social,mes,consumo_kwh,nivel_consumo
5,64.1,14,4.4,B,Agosto,365.8,alto
1,,6,3.8,B,Mayo,218.0,normal
5,220.8,8,10.1,C,Mayo,448.1,alto
7,143.2,9,0.7,C,Marzo,291.2,normal
1,67.1,9,10.6,C,Agosto,265.2,normal
1,230.5,8,11.4,B,Octubre,372.5,alto
5,155.1,11,,D,Septiembre,392.2,alto
3,248.9,2,4.7,d,Febrero,264.9,normal
5,148.8,7,10.8,D,Noviembre,399.4,alto
1,270.7,12,7.2,D,Noviembre,353.1,alto
2,218.2,3,1.1,B,Noviembre,202.8,normal
6,113.3,6,6.6,D,Mayo,283.9,normal
7,60.4,5,9.3,C,Diciembre,360.1,alto
6,68.9,9,11.4,D,Mayo,382.1,alto
2,46.6,6,10.3,D,Enero,294.8,normal
5,168.0,3,6.9,D,Noviembre,305.6,alto
1,278.8,10,,C,Mayo,315.6,alto
6,236.5,4,11.1,A,Septiembre,437.5,alto
6,52.7,10,5.4,B,Enero,321.9,alto
4,195.8,10,10.4,D,Mayo,415.3,alto
1,280.5,4,9.6,C,Noviembre,331.8,alto
7,217.8,3,10.6,C,Enero,437.5,alto
3,,3,7.2,C,Diciembre,287.4,normal
7,228.6,12,6.1,A,Julio,444.1,alto
1,161.6,4,0.5,C,Julio,194.4,normal
3,260.5,4,3.5,B,Julio,238.4,normal
6,100.7,8,7.6,A,Junio,373.4,alto
3,259.9,12,3.5,A,Noviembre,372.9,alto
7,240.1,4,10.8,B,Mayo,438.2,alto
3,103.6,10,7.3,C,Agosto,339.6,alto
5,49.3,9,4.8,B,Octubre,292.6,normal
3,67.0,2,10.0,D,Julio,279.0,normal
6,214.0,8,,C,Marzo,438.7,alto
1,127.6,10,11.3,D,Abril,368.1,alto
7,241.7,8,10.1,C,Abril,464.2,alto
6,241.0,4,6.3,D,Agosto,335.5,alto
2,,5,11.6,D,Julio,328.4,alto
5,224.2,12,10.5,C,Julio,457.3,alto
5,204.2,2,11.6,B,Septiembre,384.1,alto
1,74.9,6,4.7,D,Junio,217.4,normal
4,175.3,13,,C,Abril,407.3,alto
6,92.0,6,11.1,C,Enero,387.0,alto
3,262.9,7,6.9,D,Septiembre,377.8,alto
5,137.7,13,11.4,D,Julio,430.6,alto
3,221.2,4,0.2,C,Febrero,210.6,normal
1,240.5,5,5.4,C,Enero,4535.0790703786615,normal
6,252.8,10,11.5,D,Abril,501.6,alto
6,90.0,13,2.9,C,Julio,339.7,alto
5,82.7,5,4.9,D,Marzo,248.4,normal
6,,4,0.2,C,Diciembre,264.7,normal
3,188.9,11,1.8,A,Agosto,281.2,normal
1,,10,1.6,B,Diciembre,179.5,normal
1,79.1,12,4.4,D,Mayo,247.6,normal
7,,5,7.1,D,Marzo,349.5,alto
5,181.3,8,4.1,C,Septiembre,356.5,alto
3,119.9,5,9.0,D,Diciembre,290.2,normal
7,142.0,3,8.8,B,Julio,415.0,alto
5,207.2,6,3.6,C,Diciembre,303.8,alto
4,194.0,4,,B,Abril,384.4,alto
1,108.9,5,8.3,B,Octubre,322.8,alto
3,113.7,2,1.9,C,Noviembre,176.7,normal
1,284.6,6,9.1,D,Septiembre,360.3,alto
2,218.5,9,5.4,B,Febrero,313.2,alto
3,127.6,11,3.7,C,Julio,301.9,alto
1,76.1,10,5.1,C,Octubre,257.5,normal
1,,7,,D,Agosto,191.5,normal
1,235.4,2,3.6,C,Julio,207.2,normal
2,102.2,3,1.8,C,Junio,4009.9974758175886,normal
3,288.8,5,1.1,C,Mayo,266.7,normal
6,124.5,10,3.1,C,Octubre,328.2,alto
1,196.3,5,0.7,C,Junio,182.6,normal
5,185.3,3,4.7,C,Mayo,290.7,normal
3,259.7,11,9.2,B,Junio,409.0,alto
6,296.1,6,3.8,B,Julio,359.0,alto
6,,14,1.1,A,Octubre,400.1,alto
3,106.8,4,4.2,A,Septiembre,221.3,normal
6,,5,7.3,C,Agosto,343.9,alto
4,190.2,13,5.0,D,Junio,326.5,alto
6,238.4,8,9.1,D,Agosto,442.3,alto
2,192.4,8,2.7,C,Noviembre,269.2,normal
5,164.7,10,8.7,D,Mayo,359.5,alto
2,220.7,2,8.6,B,Abril,325.6,alto
4,195.5,3,,B,Diciembre,359.9,alto
4,206.6,11,2.7,D,Enero,325.5,alto
6,,2,3.6,C,Junio,235.1,normal
6,211.9,10,,C,Abril,378.5,alto
3,,9,0.2,C,Junio,232.6,normal
4,,12,4.0,C,Marzo,313.8,alto
1,176.1,9,9.4,A,Octubre,348.5,alto
3,62.1,5,0.7,C,Septiembre,163.7,normal
2,102.0,13,11.3,B,Octubre,394.6,alto
7,45.9,5,4.6,B,Abril,276.3,normal
1,140.2,8,9.6,B,Diciembre,318.6,alto
3,83.8,9,1.7,B,Abril,209.7,normal
2,86.3,10,8.1,C,Agosto,312.5,alto
3,121.2,9,,D,Mayo,249.5,normal
2,91.7,13,0.5,B,Mayo,213.0,normal
5,62.4,12,11.7,B,Julio,421.7,alto
3,264.0,11,7.6,B,Agosto,412.0,alto
5,220.2,14,2.7,D,Mayo,317.9,alto
1,87.6,6,4.9,D,Mayo,213.9,normal
7,59.4,13,8.1,B,Agosto,400.1,alto
6,239.6,14,0.7,B,Marzo,390.9,alto
6,,10,9.8,D,Diciembre,486.9,alto
7,,14,6.9,B,Junio,408.8,alto
1,179.2,7,4.1,A,Septiembre,227.8,normal
3,132.3,3,10.6,C,Mayo,317.8,alto
5,66.3,10,11.7,D,Enero,404.6,alto
6,288.3,9,6.1,C,Septiembre,418.9,alto
6,286.8,6,5.2,A,Mayo,396.1,alto
2,266.1,3,10.9,C,Septiembre,359.7,alto
1,119.3,13,1.0,C,Julio,207.1,normal
5,294.6,9,4.8,D,Junio,355.7,alto
2,161.9,7,6.6,C,Abril,292.5,normal
3,,3,10.6,D,Noviembre,394.7,alto
3,115.6,11,11.9,C,Octubre,403.3,alto
7,162.5,7,7.4,D,Febrero,369.3,alto
6,60.8,3,8.6,D,Febrero,333.8,alto
4,30.8,14,,D,Marzo,218.0,normal
6,209.3,5,0.7,D,Febrero,285.7,normal
2,49.2,14,1.7,B,Diciembre,229.9,normal
6,72.0,6,7.7,C,Agosto,319.9,alto
4,284.3,11,7.7,C,Agosto,388.7,alto
7,143.3,10,,D,Febrero,467.9,alto
6,161.7,11,1.4,D,Noviembre,292.3,normal
1,127.9,10,8.1,A,Mayo,319.2,alto
4,188.7,4,9.6,C,Diciembre,347.1,alto
5,83.8,10,8.2,B,Marzo,331.1,alto
7,227.7,5,12.0,D,Marzo,481.2,alto
4,191.0,11,2.8,D,Junio,284.6,normal
2,254.5,8,6.6,C,Octubre,308.5,alto
7,57.0,9,3.9,A,Diciembre,321.7,alto
7,199.6,3,6.1,B,Abril,359.9,alto
2,131.5,12,6.7,C,Enero,321.1,alto
4,92.7,10,10.5,B,Junio,393.1,alto
3,38.5,7,3.5,B,Noviembre,214.3,normal
1,246.9,9,10.1,B,Abril,371.1,alto
7,132.5,14,4.4,D,Noviembre,396.2,alto
2,173.2,5,7.2,C,Mayo,281.5,normal
5,296.1,5,0.5,B,Agosto,330.8,alto
6,216.8,4,0.7,A,Abril,258.8,normal
6,236.7,4,6.7,C,Septiembre,364.8,alto
3,,10,12.0,B,Julio,397.9,alto
2,34.3,12,7.7,C,Mayo,247.4,normal
5,74.6,3,1.6,C,Septiembre,188.3,normal
1,285.9,7,11.8,C,Mayo,382.2,alto
7,211.9,13,2.4,C,Diciembre,396.3,alto
7,256.9,11,7.9,B,Agosto,487.8,alto
4,261.2,9,3.1,B,Noviembre,354.1,alto
7,55.2,8,1.6,D,Noviembre,216.0,normal
1,193.2,10,3.9,C,Junio,259.5,normal
5,88.3,14,11.4,B,Diciembre,465.4,alto
4,275.6,9,8.5,D,Julio,415.0,alto
2,150.7,8,8.8,C,Noviembre,309.5,alto
2,,5,8.6,C,Marzo,309.6,alto
3,126.0,7,1.4,A,Julio,203.0,normal
3,261.4,9,5.3,B,Junio,358.2,alto
4,58.8,7,4.3,B,Octubre,255.4,normal
1,272.0,14,10.4,C,Octubre,438.2,alto
5,179.7,10,9.6,D,Enero,427.1,alto
6,230.0,2,1.9,A,Mayo,292.6,normal
4,143.6,4,1.6,A,Marzo,218.5,normal
4,111.9,7,,D,Junio,230.3,normal
3,138.5,10,2.9,D,Marzo,252.4,normal
6,75.2,10,3.9,d,Marzo,293.0,normal
7,82.9,6,,B,Marzo,291.3,normal
6,209.4,13,10.0,B,Junio,445.8,alto
6,269.7,12,,B,Mayo,526.5,alto
5,111.5,13,11.3,B,Mayo,425.9,alto
6,172.0,14,9.8,C,Enero,438.1,alto
3,54.4,9,8.3,B,Abril,296.9,normal
7,90.7,10,9.9,A,Febrero,465.0,alto
1,148.7,14,4.9,D,Junio,302.0,alto
6,,12,,C,Diciembre,428.1,alto
5,258.9,8,0.2,B,Marzo,292.5,normal
1,118.6,9,9.3,c,Junio,311.7,alto
4,164.9,10,4.2,D,Mayo,296.9,normal
6,240.8,14,6.0,A,Febrero,473.6,alto
2,35.1,7,10.5,B,Agosto,284.1,normal
7,37.7,9,2.0,B,Mayo,324.2,alto
6,87.2,2,7.8,C,Julio,335.3,alto
1,263.9,14,,A,Febrero,418.5,alto
5,75.5,12,,C,Junio,341.3,alto
6,102.2,12,3.0,D,Marzo,325.3,alto
1,38.8,10,2.6,B,Julio,166.7,normal
2,,6,6.3,C,Junio,291.9,normal
1,34.5,11,3.7,C,Marzo,236.2,normal
3,179.6,3,7.8,A,Agosto,296.4,normal
4,261.0,9,9.1,a,Junio,415.6,alto
4,205.7,9,1.5,B,Abril,310.2,alto
6,130.2,7,8.1,C,Marzo,338.3,alto
2,59.7,6,8.4,D,Junio,252.7,normal
3,205.0,2,10.2,D,Diciembre,314.3,alto
4,113.0,7,5.9,D,Mayo,305.4,alto
4,298.2,12,8.5,C,Febrero,424.0,alto
5,247.0,13,0.8,C,Julio,321.4,alto
2,138.0,5,,D,Mayo,154.8,normal
6,232.9,12,1.0,A,Septiembre,379.5,alto
7,132.5,5,11.8,A,Febrero,487.9,alto
3,280.8,10,10.7,A,Noviembre,475.7,alto
1,189.5,12,10.1,C,Junio,331.9,alto
2,296.1,11,9.7,B,Septiembre,423.2,alto
7,180.4,9,0.7,B,Octubre,318.8,alto
4,245.6,2,5.7,C,Julio,280.4,normal
2,263.6,10,4.6,B,Enero,349.4,alto
2,94.8,7,6.5,C,Diciembre,240.2,normal
3,,6,11.6,B,Agosto,363.8,alto
7,43.1,11,1.9,C,Febrero,284.4,normal
6,127.6,12,4.3,B,Abril,369.8,alto
4,91.2,4,9.9,B,Julio,328.7,alto
3,122.7,9,11.5,C,Septiembre,386.3,alto
4,272.0,7,9.6,d,Septiembre,380.3,alto
5,265.7,5,11.3,C,Abril,436.8,alto
4,39.6,4,11.5,D,Febrero,312.7,alto
7,67.6,14,3.4,D,Diciembre,337.7,alto
7,234.8,10,4.8,D,Octubre,401.6,alto
2,110.9,12,11.2,D,Febrero,365.0,alto
7,191.5,8,10.5,D,Noviembre,415.8,alto
6,244.8,12,6.8,C,Marzo,450.6,alto
1,141.0,8,2.5,C,Julio,176.6,normal
4,299.3,3,5.1,D,Julio,289.2,normal
1,188.3,2,4.9,B,Febrero,251.9,normal
2,101.7,10,5.2,C,Julio,249.6,normal
7,65.2,12,1.2,A,Noviembre,292.3,normal
3,130.6,12,3.2,B,Abril,302.3,alto
4,62.3,5,10.8,a,Mayo,325.0,alto
6,133.8,6,10.6,B,Diciembre,408.8,alto
6,105.2,7,2.0,A,Octubre,285.5,normal
3,138.4,11,7.5,C,Diciembre,342.3,alto
2,148.2,5,8.1,D,Enero,265.8,normal
7,223.3,6,1.8,C,Junio,347.3,alto
2,221.8,2,6.8,D,Julio,286.9,normal
5,106.2,2,11.1,D,Junio,340.2,alto
5,,5,1.6,D,Septiembre,235.8,normal
3,281.7,4,,C,Abril,263.4,normal
4,147.1,2,6.4,B,Septiembre,278.5,normal
3,,14,10.3,B,Septiembre,362.0,alto
1,44.8,10,8.5,D,Febrero,297.3,normal
4,118.5,7,0.8,C,Diciembre,222.7,normal
5,267.4,9,6.6,D,Agosto,395.1,alto
2,175.3,2,9.0,B,Mayo,295.4,normal
6,172.4,13,8.9,D,Enero,396.0,alto
2,,5,10.2,C,Diciembre,364.8,alto
3,223.0,7,5.7,C,Junio,316.2,alto
4,189.7,4,,D,Noviembre,313.3,alto
1,133.4,5,0.4,D,Octubre,134.8,normal
7,292.8,7,10.9,A,Noviembre,541.8,alto
6,235.1,12,2.2,D,Febrero,349.3,alto
7,,8,6.3,D,Abril,397.4,alto
1,46.1,14,5.8,D,Enero,267.7,normal
5,186.2,9,10.4,B,Febrero,426.9,alto
7,184.2,9,7.0,B,Marzo,412.7,alto
6,,9,7.7,C,Febrero,416.1,alto
1,91.7,7,11.4,D,Septiembre,278.6,normal
2,233.1,2,,D,Agosto,218.1,normal
7,256.3,5,4.3,B,Abril,365.6,alto
4,269.2,13,5.0,C,Septiembre,377.0,alto
1,214.2,11,1.0,B,Marzo,272.9,normal
3,170.8,11,4.4,C,Septiembre,299.2,normal
4,55.7,12,7.3,c,Agosto,347.8,alto
4,206.0,7,3.0,B,Enero,299.0,normal
6,225.7,3,7.9,A,Junio,405.3,alto
4,200.6,7,9.5,D,Octubre,341.1,alto
5,286.1,2,5.8,B,Febrero,360.5,alto
2,128.4,11,1.2,B,Agosto,233.9,normal
5,31.1,14,10.0,C,Junio,379.3,alto
4,213.5,9,7.2,C,Mayo,400.5,alto
5,286.5,4,0.3,B,Abril,291.8,normal
4,168.6,14,11.3,C,Febrero,484.1,alto
5,,7,0.0,C,Febrero,213.8,normal
2,198.2,8,10.2,A,Mayo,367.6,alto
4,,12,3.9,C,Septiembre,342.1,alto
5,182.2,13,6.4,C,Mayo,406.4,alto
3,116.0,7,6.2,D,Enero,283.2,normal
7,68.4,4,6.7,B,Septiembre,323.7,alto
1,151.0,11,7.2,B,Septiembre,303.4,alto
6,288.8,14,10.7,D,Julio,539.3,alto
4,85.3,7,8.1,C,Noviembre,316.8,alto
6,,9,10.0,D,Octubre,468.9,alto
1,266.3,7,9.7,D,Marzo,357.8,alto
2,53.9,10,10.9,C,Abril,309.2,alto
5,197.0,5,1.0,B,Diciembre,288.0,normal
3,63.4,12,9.1,B,Abril,2660.063427579341,alto
5,51.6,7,,A,Febrero,302.6,alto
2,207.5,3,4.8,C,Noviembre,238.1,normal
5,,5,2.1,D,Febrero,200.5,normal
3,173.4,10,6.2,C,Enero,338.8,alto
7,265.2,7,,C,Julio,356.6,alto
1,49.2,2,11.2,D,Diciembre,267.1,normal
4,89.5,6,4.5,C,Noviembre,261.5,normal
1,173.5,13,5.6,D,Marzo,290.7,normal
5,109.2,11,0.2,C,Febrero,276.9,normal
6,217.1,3,8.9,D,Octubre,376.7,alto
2,113.6,5,6.5,C,Marzo,277.4,normal
7,220.3,11,11.5,B,Marzo,522.7,alto
2,163.6,3,5.6,C,Septiembre,252.9,normal
1,210.6,6,5.7,C,Octubre,248.5,normal
7,244.5,13,6.9,D,Febrero,461.6,alto
1,118.0,11,8.4,C,Enero,279.0,normal
1,143.5,12,11.9,C,Diciembre,384.1,alto
2,33.3,12,2.4,D,Marzo,183.1,normal
5,165.3,8,3.5,C,Diciembre,283.2,normal
7,97.2,12,1.2,B,Marzo,306.1,alto
6,222.7,6,5.1,B,Marzo,368.7,alto
1,106.0,6,2.8,C,Abril,177.0,normal
5,292.3,8,2.2,c,Septiembre,320.0,alto
1,142.1,5,11.1,B,Octubre,303.2,alto
4,170.6,3,9.0,C,Julio,324.6,alto
3,193.4,9,0.1,B,Enero,235.9,normal
6,258.0,2,11.5,D,Julio,415.6,alto
6,104.6,9,1.1,C,Agosto,275.6,normal
3,252.0,10,7.9,C,Septiembre,370.6,alto
7,193.8,9,5.0,D,Septiembre,347.9,alto
1,172.7,14,8.3,C,Agosto,347.7,alto
4,61.0,12,10.5,B,Enero,413.2,alto
6,72.4,3,9.0,C,Enero,364.8,alto
6,88.4,11,6.2,C,Abril,333.1,alto
5,134.3,9,11.5,C,Mayo,436.7,alto
6,274.0,4,2.4,C,Febrero,315.6,alto
3,225.2,14,0.9,D,Junio,311.2,alto
1,224.7,11,0.9,C,Diciembre,254.6,normal
4,237.3,11,,D,Noviembre,291.4,normal
5,40.5,11,6.5,D,Junio,2655.0658601352316,normal
7,83.6,8,4.2,C,Mayo,332.6,alto
6,,2,3.6,C,Junio,235.1,normal
2,187.7,10,1.5,B,Septiembre,292.5,normal
7,81.5,8,2.5,C,Febrero,296.6,normal
7,81.1,11,,C,Agosto,378.9,alto
4,207.4,7,0.1,C,Septiembre,249.7,normal
4,82.6,5,2.6,C,Diciembre,181.2,normal
4,130.7,7,8.4,B,Mayo,3373.1411936690124,alto
3,43.0,5,10.6,D,Noviembre,263.0,normal
4,147.0,14,9.0,B,Octubre,399.8,alto
4,231.4,11,10.7,B,Enero,417.4,alto
5,242.1,14,8.7,D,Agosto,481.4,alto
2,43.5,8,0.5,A,Enero,181.6,normal
2,278.7,3,4.4,D,Agosto,266.3,normal
3,278.2,9,7.4,B,Abril,364.5,alto
2,180.6,2,3.1,C,Febrero,195.4,normal
6,233.5,6,0.4,D,Febrero,291.6,normal
1,,3,2.7,D,Septiembre,223.2,normal
2,271.4,7,,C,Enero,263.8,normal
6,232.5,4,5.2,C,Julio,351.7,alto
3,83.8,4,4.5,D,Junio,222.4,normal
3,120.0,12,2.6,C,Noviembre,303.5,alto
7,134.8,6,7.0,C,Julio,373.8,alto
2,198.7,8,0.9,A,Septiembre,249.9,normal
3,50.9,11,11.2,C,Septiembre,336.0,alto
6,144.8,6,4.3,A,Noviembre,327.9,alto
6,38.6,13,6.3,A,Marzo,387.1,alto
3,267.1,7,10.6,C,Marzo,381.0,alto
1,274.7,9,10.0,B,Mayo,388.6,alto
2,229.6,14,5.2,B,Junio,366.4,alto
6,285.8,11,,C,Junio,401.8,alto
4,189.5,5,1.5,B,Enero,2863.7237839645904,normal
3,,8,7.1,A,Agosto,296.9,normal
7,277.9,6,1.0,B,Junio,320.3,alto
3,181.1,10,1.6,B,Mayo,249.9,normal
4,116.1,10,6.9,C,Diciembre,336.7,alto
3,265.9,12,5.7,D,Enero,356.3,alto
1,175.1,5,3.5,D,Octubre,183.8,normal
3,95.0,9,3.9,C,Marzo,271.1,normal
5,173.2,3,,C,Julio,314.2,alto
4,135.1,2,1.6,C,Diciembre,182.2,normal
3,190.6,14,7.4,B,Septiembre,370.3,alto
4,255.5,8,8.6,C,Octubre,433.5,alto
5,47.0,3,8.0,A,Noviembre,332.4,alto
1,179.4,12,,C,Diciembre,353.6,alto
6,156.7,13,9.8,D,Febrero,434.1,alto
1,254.0,3,,C,Julio,311.0,alto
6,221.6,9,5.0,B,Junio,409.4,alto
7,,4,3.0,D,Noviembre,283.7,normal
7,124.5,13,5.8,B,Noviembre,426.2,alto
6,134.3,12,2.7,D,Agosto,311.2,alto
1,105.8,4,5.9,C,Enero,214.3,normal
1,218.4,3,11.5,C,Agosto,365.6,alto
4,210.3,8,10.9,C,Abril,396.1,alto
3,187.2,12,9.8,B,Febrero,3319.648219678145,alto
3,269.7,12,4.6,C,Julio,354.1,alto
7,124.2,2,9.8,D,Enero,359.6,alto
4,96.3,8,10.1,D,Agosto,340.8,alto
2,,12,0.0,C,Abril,191.1,normal
4,176.7,10,0.7,C,Marzo,259.3,normal
6,111.6,6,,D,Febrero,290.2,normal
7,224.7,6,11.1,C,Enero,3694.185919558894,alto
4,291.5,2,2.9,C,Noviembre,217.7,normal
5,38.9,10,10.1,D,Junio,338.7,alto
6,94.4,14,1.2,C,Marzo,318.1,alto
2,208.7,12,3.8,C,Agosto,309.7,alto
2,121.8,10,1.2,B,Septiembre,219.0,normal
2,121.1,10,,C,Diciembre,331.9,alto
6,71.0,6,11.6,C,Abril,383.2,alto
3,,3,11.6,D,Septiembre,378.5,alto
7,165.7,5,5.9,C,Marzo,335.1,alto
5,172.4,4,10.2,A,Abril,417.5,alto
5,222.0,3,5.7,B,Octubre,284.4,normal
1,110.8,4,10.4,A,Noviembre,288.0,normal
3,221.8,12,6.0,C,Junio,364.0,alto
5,127.8,10,1.8,D,Abril,265.2,normal
1,50.9,6,1.3,B,Mayo,118.2,normal
4,228.1,6,11.9,B,Febrero,437.6,alto
3,163.3,8,5.7,D,Diciembre,317.3,alto
5,92.2,2,4.0,C,Marzo,231.0,normal
1,140.4,5,10.8,A,Abril,344.1,alto
3,199.1,4,3.9,D,Noviembre,274.9,normal
4,244.8,9,8.8,D,Mayo,373.1,alto
3,41.1,4,,C,Febrero,249.9,normal
1,155.1,12,7.9,A,Febrero,3989.23135754694,alto
6,274.3,14,8.1,C,Marzo,493.8,alto
5,,2,3.5,D,Julio,259.2,normal
6,88.3,12,,D,Octubre,347.2,alto
1,230.0,2,6.8,B,Noviembre,248.8,normal
6,99.0,8,0.7,B,Enero,195.0,normal
4,101.9,3,8.9,A,Noviembre,324.9,alto
3,149.4,6,0.2,B,Junio,182.0,normal
4,278.6,13,9.2,B,Julio,452.3,alto
4,181.2,14,6.9,C,Febrero,375.7,alto
7,112.0,13,1.0,C,Julio,296.0,normal
6,44.7,6,11.0,B,Diciembre,390.4,alto
2,98.7,11,7.6,B,Junio,302.8,alto
2,256.5,3,5.5,C,Mayo,272.9,normal
5,74.6,10,2.3,C,Marzo,231.8,normal
2,76.8,7,4.2,C,Octubre,239.2,normal
6,209.9,11,5.4,C,Mayo,417.0,alto
4,280.3,9,4.7,B,Junio,399.5,alto
2,33.4,10,3.8,B,Octubre,231.5,normal
4,149.9,10,3.0,C,Junio,286.1,normal
2,134.4,7,2.6,D,Mayo,181.2,normal
7,35.8,2,11.4,A,Febrero,373.3,alto
2,186.4,3,3.1,B,Febrero,3050.9474656065318,normal
2,42.6,12,0.5,C,Febrero,185.5,normal
3,217.6,11,6.8,A,Enero,391.7,alto
5,85.7,5,10.4,B,Septiembre,350.9,alto
5,69.5,11,,D,Julio,358.8,alto
2,166.1,12,7.6,c,Noviembre,324.7,alto
6,212.9,14,3.0,B,Noviembre,400.2,alto
5,232.9,10,6.5,B,Septiembre,415.4,alto
1,219.2,11,3.2,D,Diciembre,259.2,normal
3,292.3,7,11.1,A,Marzo,438.4,alto
3,126.1,11,11.0,B,Mayo,380.9,alto
5,105.6,5,6.3,C,Mayo,291.2,normal
1,,10,7.3,B,Agosto,288.8,normal
7,277.8,10,7.6,C,Noviembre,503.8,alto
7,203.9,11,0.4,A,Octubre,375.5,alto
6,275.8,3,11.4,C,Abril,447.3,alto
2,117.4,11,3.6,C,Marzo,246.6,normal
5,296.2,14,0.1,D,Septiembre,361.3,alto
6,149.4,13,11.1,C,Julio,463.3,alto
4,293.2,10,9.7,C,Abril,473.1,alto
3,261.6,2,0.1,C,Julio,215.5,normal
5,89.4,5,2.5,C,Enero,246.1,normal
6,191.7,9,11.7,C,Marzo,486.0,alto
1,105.3,13,11.1,B,Febrero,351.3,alto
1,154.2,13,10.9,C,Octubre,364.0,alto
1,,3,2.2,B,Agosto,226.5,normal
4,72.8,2,1.2,B,Diciembre,172.6,normal
1,67.7,12,0.1,B,Abril,179.6,normal
5,115.7,2,4.7,D,Septiembre,255.4,normal
6,266.6,3,3.4,C,Marzo,304.1,alto
3,76.5,13,9.0,C,Febrero,374.1,alto
5,183.1,11,4.8,C,Diciembre,379.0,alto
5,67.2,14,7.3,B,Agosto,402.4,alto
4,199.2,3,10.1,D,Agosto,374.5,alto
7,205.9,6,3.1,C,Febrero,335.4,alto
2,,12,1.1,D,Febrero,278.2,normal
3,280.8,4,8.1,C,Enero,334.0,alto
5,67.0,5,9.6,D,Mayo,308.3,alto
2,295.8,5,3.7,C,Marzo,267.2,normal
5,278.4,13,10.5,D,Enero,500.3,alto
3,140.9,13,3.2,D,Enero,270.9,normal
3,136.7,14,2.2,C,Octubre,274.6,normal
5,234.1,3,9.6,B,Septiembre,366.6,alto
7,102.6,5,0.0,A,Marzo,274.1,normal
3,30.8,2,0.9,C,Mayo,132.2,normal
1,121.9,9,11.7,B,Junio,373.5,alto
1,,8,10.8,A,Marzo,416.8,alto
4,32.8,3,0.8,B,Septiembre,175.8,normal
1,102.0,5,5.1,D,Enero,171.3,normal
4,,11,11.5,B,Noviembre,460.3,alto
7,156.3,3,,C,Junio,313.0,alto
4,,4,11.2,C,Marzo,375.0,alto
6,264.3,3,7.0,C,Diciembre,435.5,alto
5,209.5,10,3.6,C,Junio,330.2,alto
4,187.5,3,,C,Febrero,370.8,alto
4,297.0,6,,A,Enero,3869.119343028221,alto
3,53.4,13,8.1,C,Octubre,330.5,alto
1,135.1,11,2.3,D,Junio,204.6,normal
2,109.3,2,2.8,D,Noviembre,148.2,normal
5,293.5,12,3.7,C,Julio,399.9,alto
2,117.3,14,7.5,D,Julio,327.8,alto
3,243.3,4,5.5,C,Agosto,312.7,alto
3,87.2,14,3.7,B,Junio,301.8,alto
2,63.7,8,5.2,D,Diciembre,217.6,normal
3,,5,0.7,A,Agosto,181.4,normal
2,129.2,3,11.1,D,Junio,287.9,normal
1,221.7,11,6.5,A,Enero,365.9,alto
2,65.2,3,4.0,C,Mayo,189.3,normal
3,145.4,4,9.3,C,Diciembre,336.5,alto
5,107.0,9,9.9,D,Octubre,363.2,alto
7,93.9,3,11.0,D,Enero,370.8,alto
2,295.4,5,10.8,B,Junio,414.3,alto
6,,12,6.0,B,Junio,382.0,alto
3,262.3,11,9.6,B,Enero,459.6,alto
6,300.0,4,9.5,B,Julio,454.2,alto
5,57.4,6,,B,Septiembre,343.3,alto
2,200.5,10,4.8,B,Septiembre,277.3,normal
2,88.4,3,4.6,C,Abril,170.2,normal
4,204.1,12,10.3,B,Agosto,467.7,alto
7,222.1,8,10.4,C,Febrero,456.7,alto
7,71.8,2,8.4,B,Abril,357.8,alto
5,299.3,8,0.6,D,Abril,323.0,alto
3,,10,1.3,B,Noviembre,186.7,normal
3,45.0,14,6.4,A,Octubre,341.7,alto
2,104.3,5,0.0,C,Junio,191.7,normal
1,147.9,14,6.5,B,Diciembre,348.9,alto
7,,3,5.5,C,Octubre,385.1,alto
1,,5,5.4,D,Agosto,284.0,normal
1,150.3,6,3.2,D,Mayo,211.5,normal
4,241.3,10,10.8,C,Agosto,437.9,alto
3,184.7,10,5.0,B,Diciembre,332.8,alto
7,207.0,4,11.2,C,Febrero,442.0,alto
6,261.2,12,8.8,B,Noviembre,487.7,alto
7,126.4,8,5.7,A,Enero,360.8,alto
5,74.5,13,10.6,B,Marzo,438.5,alto
6,,13,2.9,C,Septiembre,323.9,alto
1,57.8,10,4.4,d,Abril,221.8,normal
2,296.8,8,3.2,D,Agosto,285.3,normal
5,281.7,10,2.9,C,Diciembre,362.5,alto
1,193.0,5,4.3,C,Octubre,230.4,normal
2,,10,4.7,A,Septiembre,266.1,normal
7,257.9,6,11.6,C,Marzo,464.0,alto
3,132.9,9,7.0,B,Octubre,320.4,alto
2,187.3,3,3.1,C,Diciembre,238.2,normal
6,200.5,14,9.8,C,Octubre,484.8,alto
7,,14,7.1,B,Mayo,444.2,alto
1,212.1,2,2.2,D,Agosto,161.7,normal
4,34.4,3,6.6,C,Junio,221.3,normal
6,259.3,14,10.0,D,Abril,513.5,alto
7,124.9,5,3.8,D,Febrero,263.1,normal
4,270.1,2,1.5,C,Enero,261.8,normal
1,251.8,9,3.7,B,Agosto,284.1,normal
4,66.6,3,,C,Diciembre,223.7,normal
2,154.0,13,6.0,B,Septiembre,364.2,alto
3,210.8,3,5.8,D,Enero,261.7,normal
3,85.7,14,1.9,C,Abril,281.4,normal
4,117.9,13,6.5,D,Octubre,350.4,alto
3,165.8,8,3.9,C,Julio,245.2,normal
6,285.1,14,0.7,B,Julio,375.9,alto
4,207.2,5,5.8,B,Junio,298.5,normal
6,191.3,11,9.9,B,Noviembre,449.5,alto
1,240.7,3,0.7,B,Octubre,196.7,normal
4,,9,2.5,B,Noviembre,265.2,normal
5,265.5,7,8.7,C,Julio,414.8,alto
3,65.4,7,7.5,A,Septiembre,283.1,normal
2,185.3,12,6.0,B,Octubre,349.5,alto
3,35.9,14,2.6,B,Marzo,268.3,normal
6,282.6,6,7.4,B,Septiembre,427.1,alto
7,153.3,10,2.1,C,Marzo,332.9,alto
1,203.5,2,0.0,C,Noviembre,150.7,normal
3,105.3,9,6.0,B,Febrero,309.9,alto
7,126.3,2,8.8,D,Febrero,339.4,alto
1,95.9,10,9.4,C,Junio,298.1,normal
2,248.2,6,6.6,C,Enero,298.7,normal
1,200.6,8,7.1,C,Enero,274.2,normal
2,115.8,8,2.8,C,Enero,226.9,normal
7,,9,3.3,A,Diciembre,384.5,alto
6,232.9,3,10.6,B,Diciembre,410.3,alto
1,110.6,8,9.2,B,Abril,296.4,normal
5,272.8,4,8.4,B,Enero,379.0,alto
1,231.4,13,6.8,D,Abril,331.2,alto
6,221.3,12,3.5,C,Abril,340.8,alto
7,265.2,13,7.8,C,Enero,512.0,alto
4,75.4,11,5.6,B,Julio,314.4,alto
3,287.3,14,6.9,D,Mayo,384.1,alto
6,114.1,6,2.5,C,Febrero,257.7,normal
4,101.5,3,10.2,B,Enero,314.9,alto
7,194.7,5,,B,Abril,266.5,normal
2,282.9,4,,A,Febrero,349.0,alto
5,283.7,14,7.4,A,Enero,461.0,alto
6,90.3,8,0.5,D,Mayo,239.1,normal
1,102.1,4,1.1,D,Febrero,117.1,normal
1,,7,10.4,B,Julio,324.3,alto
7,34.0,10,8.2,B,Abril,376.4,alto
1,87.2,9,4.6,A,Mayo,202.7,normal
6,179.3,2,3.7,C,Marzo,272.6,normal
7,138.2,12,3.2,D,Octubre,371.6,alto
2,153.1,10,6.4,C,Febrero,269.6,normal
3,152.8,14,9.9,A,Agosto,390.6,alto
4,35.9,6,6.6,C,Mayo,238.5,normal
6,113.9,3,5.5,C,Abril,287.2,normal
4,143.4,7,,C,Julio,243.5,normal
1,245.5,6,6.3,B,Octubre,322.9,alto
4,168.5,2,0.6,D,Agosto,194.9,normal
1,200.4,13,2.4,C,Septiembre,249.7,normal
1,117.9,10,9.4,D,Marzo,299.8,normal
6,240.8,3,7.0,D,Septiembre,341.2,alto
1,220.0,12,11.0,C,Marzo,414.5,alto
1,55.6,10,7.4,C,Diciembre,258.6,normal
5,234.9,7,3.4,B,Octubre,312.9,alto
6,36.9,14,1.8,B,Noviembre,302.1,alto
7,95.5,6,11.1,D,Julio,414.6,alto
6,120.7,9,0.6,C,Agosto,242.6,normal
6,68.0,14,1.0,B,Diciembre,287.4,normal
6,188.0,2,10.7,B,Marzo,394.3,alto
2,203.4,12,11.9,B,Noviembre,455.1,alto
7,,9,11.3,C,Enero,476.9,alto
5,51.0,4,8.1,A,Octubre,334.9,alto
3,91.0,5,10.1,C,Julio,307.0,alto
4,242.6,2,6.3,C,Enero,299.0,normal
3,80.3,8,4.7,C,Noviembre,259.7,normal
3,34.3,3,3.1,B,Junio,175.4,normal
2,235.1,3,3.9,B,Diciembre,266.6,normal
6,257.2,13,3.5,C,Marzo,430.5,alto
7,55.0,11,8.9,D,Abril,398.8,alto
1,110.2,10,1.9,C,Junio,173.7,normal
1,,13,5.5,C,Junio,306.3,alto
7,69.1,9,9.2,A,Febrero,425.0,alto
5,149.4,4,4.1,B,Abril,248.1,normal
3,151.3,7,6.9,C,Junio,296.7,normal
7,,10,,B,Abril,414.5,alto
1,48.2,11,8.6,B,Septiembre,302.5,alto
5,97.0,12,9.6,D,Diciembre,383.9,alto
2,33.1,10,4.0,C,Mayo,193.8,normal
4,153.2,5,4.9,C,Abril,277.2,normal
7,189.2,5,11.0,C,Abril,471.4,alto
2,70.8,3,5.5,C,Mayo,214.4,normal
4,61.1,8,3.6,D,Mayo,279.1,normal
2,98.1,7,3.5,A,Octubre,212.4,normal
4,161.1,2,0.0,C,Junio,174.7,normal
4,52.0,9,3.0,B,Junio,258.9,normal
7,38.1,4,,B,Marzo,332.5,alto
3,173.5,10,2.8,C,Septiembre,315.1,alto
6,234.8,13,1.9,C,Diciembre,396.3,alto
1,129.5,5,6.1,D,Octubre,214.4,normal
7,200.6,2,0.9,C,Octubre,276.4,normal
7,77.2,7,7.7,B,Diciembre,351.4,alto
6,285.7,3,7.6,C,Abril,373.5,alto
3,63.6,2,8.4,B,Agosto,270.0,normal
6,54.8,14,3.4,A,Agosto,363.2,alto
5,123.5,8,11.1,D,Junio,399.4,alto
6,172.7,13,9.1,B,Marzo,465.7,alto
5,195.2,10,9.1,C,Enero,431.7,alto
6,131.6,4,1.0,C,Marzo,225.1,normal
1,85.0,7,,B,Junio,283.2,normal
1,108.9,5,8.3,B,Octubre,322.8,alto
3,299.9,11,6.1,B,Marzo,436.5,alto
1,176.2,13,5.5,D,Junio,309.0,alto
2,272.2,13,5.2,C,Marzo,319.8,alto
4,191.7,6,4.8,B,Diciembre,322.6,alto
1,270.5,9,5.8,C,Abril,291.3,normal
2,,5,10.9,C,Junio,292.4,normal
6,56.3,12,6.7,C,Enero,361.7,alto
1,80.9,11,,C,Septiembre,297.5,normal
2,150.4,3,7.0,D,Marzo,248.8,normal
6,74.0,14,4.3,D,Octubre,343.2,alto
4,90.1,14,4.0,B,Agosto,293.8,normal
6,,7,7.0,C,Junio,358.1,alto
1,,6,3.7,A,Febrero,200.7,normal
1,33.2,2,,D,Agosto,89.4,bajo
5,79.9,7,9.8,A,Junio,388.3,alto
2,205.3,10,5.3,C,Julio,332.5,alto
7,286.7,6,5.7,C,Junio,403.5,alto
1,205.5,6,,D,Mayo,286.2,normal
5,115.6,12,8.7,B,Marzo,429.0,alto
4,165.0,12,1.0,B,Febrero,296.4,normal
5,295.9,11,4.6,D,Noviembre,423.4,alto
5,266.2,13,2.2,C,Octubre,349.0,alto
2,186.1,9,10.9,A,Febrero,384.2,alto
7,197.5,3,4.0,D,Julio,337.5,alto
5,77.8,14,8.6,C,Julio,410.8,alto
7,271.6,6,8.0,A,Noviembre,461.3,alto
3,184.8,9,10.3,D,Julio,366.6,alto
6,234.8,6,0.9,C,Abril,295.6,normal
5,,8,0.8,C,Junio,169.0,normal
3,168.3,3,8.5,C,Febrero,312.6,alto
4,257.0,13,7.5,B,Noviembre,402.1,alto
4,104.7,8,11.6,C,Julio,379.4,alto
5,36.9,4,8.6,B,Mayo,335.4,alto
5,183.7,11,4.1,B,Diciembre,360.6,alto
1,80.3,3,6.5,B,Septiembre,185.4,normal
3,225.5,6,10.0,B,Agosto,379.8,alto
3,198.0,4,2.7,B,Noviembre,239.5,normal
3,200.1,4,,C,Enero,318.3,alto
6,225.4,8,6.7,A,Julio,383.4,alto
5,111.8,6,1.5,B,Marzo,240.3,normal
4,91.0,13,,D,Junio,306.7,alto
4,145.7,5,3.6,C,Diciembre,225.8,normal
4,,12,4.2,D,Septiembre,297.6,normal
6,286.0,4,5.0,C,Septiembre,329.6,alto
2,253.2,4,10.2,b,Diciembre,382.0,alto
1,32.1,6,0.4,C,Diciembre,125.6,normal
5,128.6,6,8.5,D,Septiembre,349.7,alto
4,196.7,13,0.8,B,Diciembre,326.5,alto
7,203.7,13,5.0,B,Agosto,446.8,alto
5,150.8,2,9.1,B,Noviembre,349.3,alto
7,276.7,2,2.4,D,Abril,332.0,alto
2,210.7,11,10.7,A,Diciembre,399.6,alto
4,,2,8.6,D,Noviembre,349.3,alto
4,239.8,11,,C,Junio,401.5,alto
7,95.4,11,10.7,C,Diciembre,453.2,alto
6,278.0,9,0.1,C,Febrero,320.9,alto
2,210.8,3,7.9,C,Octubre,290.3,normal
1,113.8,7,5.3,D,Octubre,277.0,normal
1,203.1,10,9.1,C,Mayo,346.7,alto
4,75.3,7,5.3,C,Febrero,266.7,normal
7,41.6,3,2.9,C,Octubre,239.4,normal
2,183.5,11,,A,Marzo,281.5,normal
6,,11,10.4,D,Abril,440.1,alto
5,245.9,3,9.9,B,Octubre,414.7,alto
7,39.0,3,6.2,D,Septiembre,279.8,normal
3,221.1,2,1.0,B,Enero,214.8,normal
1,267.7,5,6.3,C,Enero,266.6,normal
2,74.9,10,4.1,B,Marzo,252.1,normal
6,277.7,13,2.8,B,Mayo,416.6,alto
6,138.7,13,1.6,C,Febrero,315.3,alto
7,200.3,6,10.1,D,Diciembre,411.2,alto
5,36.7,13,5.0,B,Noviembre,344.4,alto
4,157.8,14,1.0,D,Septiembre,299.9,normal
4,73.8,8,9.2,D,Abril,309.7,alto
1,104.2,12,8.9,A,Febrero,326.9,alto
7,187.2,11,10.5,D,Abril,490.4,alto
6,144.4,6,1.8,B,Julio,255.0,normal
4,206.9,9,1.5,D,Septiembre,256.4,normal
7,254.4,7,4.6,C,Junio,397.6,alto
7,95.0,7,9.4,C,Septiembre,396.6,alto
3,235.3,3,5.8,C,Agosto,265.2,normal
1,194.1,10,2.5,D,Febrero,243.2,normal
4,68.8,7,3.0,C,Diciembre,202.8,normal
5,268.4,10,3.1,B,Diciembre,365.4,alto
1,191.1,12,8.1,D,Junio,330.5,alto
2,273.0,6,7.4,C,Agosto,3299.8566771593964,alto
4,86.4,10,9.4,A,Mayo,368.9,alto
5,117.7,7,11.4,c,Mayo,405.5,alto
5,90.6,13,10.2,D,Julio,3191.5500309297504,alto
5,,10,0.6,D,Abril,229.6,normal
1,70.9,11,,D,Diciembre,203.9,normal
2,161.7,5,8.6,C,Febrero,290.6,normal
2,92.0,5,1.2,A,Julio,154.2,normal
6,146.3,9,,B,Marzo,410.6,alto
7,160.9,8,3.6,C,Junio,354.2,alto
3,120.8,9,4.5,C,Enero,286.5,normal
6,142.8,3,3.7,C,Diciembre,283.7,normal
5,278.1,10,7.3,B,Septiembre,435.6,alto
5,243.8,8,10.3,C,Junio,415.0,alto
1,144.0,5,11.0,C,Septiembre,309.7,alto
1,242.6,11,8.3,D,Septiembre,352.2,alto
4,47.5,11,11.9,D,Febrero,367.3,alto
2,273.1,9,2.4,C,Enero,272.3,normal
1,127.1,5,11.9,D,Octubre,329.7,alto
6,168.9,11,2.6,C,Septiembre,342.2,alto
2,146.1,7,5.5,B,Mayo,294.1,normal
4,173.4,2,,B,Enero,341.4,alto
6,177.5,6,1.3,C,Noviembre,236.8,normal
6,263.9,8,3.1,B,Febrero,368.2,alto
2,152.0,11,9.4,A,Diciembre,374.8,alto
1,275.3,5,8.2,C,Marzo,333.1,alto
2,73.7,10,,B,Julio,202.3,normal
4,201.1,7,7.7,B,Febrero,416.6,alto
1,208.8,10,6.1,B,Octubre,306.7,alto
4,265.9,8,1.3,C,Marzo,261.2,normal
5,57.0,3,4.0,D,Febrero,220.8,normal
1,155.2,10,3.5,C,Marzo,255.5,normal
3,37.7,4,4.0,B,Diciembre,2957.582293337869,normal
6,265.3,6,2.9,C,Febrero,353.1,alto
3,87.5,8,0.3,B,Septiembre,216.3,normal
6,276.7,9,5.7,C,Julio,397.4,alto
1,47.0,4,3.3,D,Diciembre,91.3,bajo
1,145.2,6,2.6,C,Julio,237.2,normal
1,148.2,4,2.0,A,Diciembre,179.1,normal
4,43.5,11,9.2,C,Junio,336.3,alto
2,99.4,10,5.0,C,Junio,271.0,normal
7,187.5,6,3.1,C,Octubre,321.9,alto
7,166.5,11,6.0,B,Junio,388.8,alto
1,139.8,13,7.7,B,Mayo,322.5,alto
1,158.3,11,0.8,C,Mayo,213.1,normal
3,285.1,5,7.7,C,Junio,337.1,alto
1,112.7,14,9.8,A,Marzo,380.8,alto
6,62.3,5,5.9,C,Diciembre,283.5,normal
1,104.6,10,11.9,C,Marzo,4733.982405135247,alto
6,220.0,11,4.2,C,Febrero,350.6,alto
2,202.7,4,0.8,C,Septiembre,179.0,normal
3,212.2,8,11.0,C,Julio,407.6,alto
6,151.7,3,11.4,D,Agosto,370.2,alto
5,261.6,14,0.1,D,Febrero,362.7,alto
2,108.0,2,2.7,B,Noviembre,161.3,normal
6,95.2,14,8.4,D,Junio,427.7,alto
6,240.8,14,4.5,C,Septiembre,398.9,alto
4,170.3,12,9.6,D,Septiembre,387.2,alto
2,288.4,7,9.4,C,Marzo,390.4,alto
5,,6,11.2,B,Agosto,481.5,alto
3,249.3,8,,B,Mayo,398.4,alto
4,100.3,2,10.7,B,Enero,291.8,normal
5,136.1,11,8.5,A,Noviembre,431.6,alto
1,50.3,7,1.3,D,Junio,152.4,normal
7,210.3,13,9.3,D,Diciembre,484.6,alto
3,79.3,8,10.3,C,Septiembre,344.9,alto
5,133.6,11,6.9,C,Noviembre,380.1,alto
5,114.7,14,1.3,D,Mayo,239.7,normal
3,273.2,7,4.7,D,Noviembre,329.2,alto
2,104.5,3,2.7,C,Marzo,162.6,normal
2,212.7,8,2.3,D,Marzo,242.6,normal
1,80.3,8,7.1,B,Diciembre,304.4,alto
4,40.5,9,0.4,C,Julio,151.5,normal
6,,13,10.8,D,Agosto,540.2,alto
4,,2,3.3,B,Septiembre,234.3,normal
2,185.0,6,4.9,D,Junio,246.1,normal
5,98.3,10,11.3,C,Diciembre,405.1,alto
4,99.7,7,,D,Enero,192.8,normal
3,181.3,5,9.5,A,Agosto,363.0,alto
7,290.3,7,11.3,C,Diciembre,453.5,alto
7,,13,3.3,D,Diciembre,388.8,alto
1,138.3,4,2.5,A,Junio,222.9,normal
2,40.9,13,3.4,B,Junio,259.1,normal
4,,2,,A,Julio,188.6,normal
3,297.5,6,,C,Abril,318.2,alto
2,232.6,11,5.1,C,Octubre,283.1,normal
5,130.0,4,2.3,C,Febrero,240.7,normal
3,194.3,9,11.8,D,Noviembre,381.3,alto
3,,5,3.4,C,Noviembre,228.2,normal
6,63.0,8,6.8,A,Mayo,350.3,alto
4,206.2,5,10.8,D,Octubre,364.4,alto
5,117.3,6,3.8,B,Julio,290.8,normal
5,124.4,3,1.2,C,Noviembre,176.9,normal
1,75.0,4,11.4,C,Diciembre,273.9,normal
6,,4,9.1,C,Septiembre,376.6,alto
5,170.8,4,4.0,A,Mayo,323.6,alto
2,225.0,2,7.2,C,Febrero,239.5,normal
3,84.7,9,7.6,B,Agosto,289.6,normal
1,32.3,13,5.0,A,Agosto,233.6,normal
6,68.6,12,8.3,D,Noviembre,385.6,alto
1,285.2,8,10.4,D,Febrero,328.5,alto
5,45.9,11,6.0,B,Octubre,314.3,alto
6,298.3,14,4.7,C,Febrero,433.1,alto
7,268.4,11,10.0,C,Junio,516.8,alto
6,105.5,13,0.2,C,Diciembre,295.2,normal
1,280.6,3,4.1,B,Marzo,208.8,normal
4,280.9,2,11.2,C,Agosto,406.6,alto
1,185.5,8,,A,Febrero,279.0,normal
6,270.1,8,9.6,D,Enero,455.3,alto
1,211.3,12,0.5,B,Febrero,266.0,normal
3,125.7,5,2.9,A,Marzo,202.8,normal
1,187.2,7,5.2,D,Abril,261.6,normal
1,223.0,10,0.5,B,Octubre,225.0,normal
6,228.0,6,5.3,D,Septiembre,348.5,alto
1,59.3,12,2.2,B,Noviembre,196.6,normal
5,104.4,3,4.1,D,Enero,248.5,normal
6,101.7,4,3.7,C,Junio,278.1,normal
7,167.6,11,10.2,B,Mayo,480.3,alto
4,74.5,7,7.7,B,Septiembre,300.8,alto
1,118.7,10,2.2,D,Agosto,209.0,normal
3,49.0,3,2.6,d,Diciembre,163.3,normal
4,75.1,12,2.2,B,Mayo,259.4,normal
1,74.5,9,11.4,C,Agosto,345.0,alto
5,293.5,3,4.4,D,Mayo,339.5,alto
3,170.4,8,5.4,D,Enero,289.3,normal
2,220.6,8,4.2,D,Noviembre,276.6,normal
1,200.2,6,8.8,D,Octubre,299.9,normal
3,131.8,6,11.6,D,Febrero,327.1,alto
4,260.3,10,5.8,B,Septiembre,428.0,alto
1,231.9,8,10.7,C,Marzo,343.9,alto
6,184.4,3,0.4,D,Agosto,194.7,normal
1,223.2,2,11.6,C,Agosto,323.3,alto
5,214.2,2,11.2,C,Marzo,385.9,alto
2,280.7,11,0.2,C,Agosto,257.9,normal
2,241.1,2,9.3,C,Abril,310.7,alto
2,,3,5.1,B,Agosto,275.5,normal
5,251.8,4,8.8,C,Enero,348.3,alto
4,210.0,7,1.4,D,Enero,237.0,normal
1,177.8,5,,D,Agosto,230.5,normal
5,87.2,7,1.1,C,Abril,254.5,normal
1,126.5,7,6.3,A,Febrero,243.8,normal
3,209.8,9,10.7,D,Enero,380.9,alto
7,88.9,12,0.9,B,Enero,302.5,alto
2,163.4,4,,D,Enero,238.9,normal
2,262.6,12,9.1,D,Julio,406.4,alto
2,187.6,4,3.9,C,Enero,213.1,normal
4,283.2,7,11.5,A,Agosto,474.3,alto
1,216.5,3,3.8,C,Junio,223.3,normal
2,176.2,14,4.4,C,Junio,302.7,alto
7,96.2,7,,A,Agosto,427.6,alto
1,269.9,2,7.5,B,Diciembre,281.9,normal
7,254.4,2,11.1,C,Junio,413.0,alto
3,148.4,6,11.1,A,Julio,387.8,alto
7,196.8,14,10.9,B,Agosto,554.0,alto
4,127.3,7,,B,Noviembre,320.1,alto
3,182.8,6,2.9,D,Octubre,236.8,normal
2,171.9,4,4.1,C,Septiembre,210.0,normal
1,51.0,12,5.0,C,Junio,234.3,normal
6,179.6,7,7.5,C,Noviembre,346.3,alto
2,259.8,13,0.2,D,Enero,262.7,normal
3,155.2,14,,D,Junio,407.7,alto
4,,8,9.2,D,Octubre,332.5,alto
5,292.8,9,3.6,C,Marzo,346.7,alto
7,267.1,10,1.1,A,Agosto,364.9,alto
2,125.3,14,4.5,B,Agosto,295.4,normal
6,,7,9.2,C,Marzo,349.1,alto
1,251.7,12,4.6,B,Junio,320.6,alto
3,188.8,10,4.1,D,Julio,278.7,normal
6,291.2,9,6.3,C,Junio,414.4,alto
4,57.3,14,9.4,A,Abril,414.4,alto
1,115.1,9,,C,Octubre,190.1,normal
2,78.5,6,1.5,D,Diciembre,2857.4018783162433,normal
4,108.0,9,7.2,C,Mayo,310.8,alto
4,166.7,4,7.9,B,Diciembre,309.5,alto
1,102.9,10,1.2,C,Septiembre,150.2,normal
1,199.0,9,3.4,C,Marzo,238.1,normal
2,90.3,3,3.7,C,Enero,190.3,normal
1,160.1,9,10.4,B,Enero,342.8,alto
1,197.1,6,0.4,D,Octubre,194.4,normal
6,76.5,14,4.5,C,Mayo,340.2,alto
6,142.3,6,2.3,C,Enero,280.2,normal
6,173.6,13,1.6,d,Febrero,348.3,alto
7,74.2,2,,D,Febrero,183.1,normal
7,237.9,11,,B,Octubre,479.0,alto
1,169.4,2,,C,Octubre,177.8,normal
4,109.4,8,3.1,C,Marzo,288.4,normal
7,108.9,3,1.6,A,Julio,252.5,normal
4,44.1,13,1.9,D,Junio,238.0,normal
5,48.9,11,6.8,C,Junio,346.1,alto
5,107.0,4,9.0,D,Abril,369.0,alto
7,183.6,11,5.6,B,Junio,388.3,alto
4,220.1,13,5.1,C,Septiembre,374.7,alto
5,240.9,9,0.5,D,Septiembre,306.6,alto
5,84.6,14,4.6,C,Julio,350.0,alto
1,249.4,9,1.2,C,Noviembre,195.6,normal
5,281.9,4,,C,Abril,361.9,alto
5,175.3,14,6.0,C,Julio,394.4,alto
1,279.3,7,8.6,C,Abril,350.9,alto
2,157.7,4,6.6,B,Enero,227.1,normal
2,276.9,10,7.6,D,Noviembre,396.8,alto
5,30.5,11,6.8,C,Abril,331.9,alto
4,177.3,10,2.6,A,Octubre,323.5,alto
2,174.9,3,3.8,B,Octubre,256.9,normal
5,,2,11.8,C,Abril,374.6,alto
2,36.7,6,9.6,C,Agosto,254.2,normal
6,279.2,4,5.6,D,Julio,364.1,alto
3,,8,4.2,C,Noviembre,281.6,normal
7,163.9,3,6.7,C,Marzo,335.4,alto
4,,7,,D,Mayo,310.5,alto
3,32.8,8,0.5,B,Abril,169.6,normal
3,110.8,14,9.5,B,Diciembre,415.8,alto
4,207.4,3,2.7,A,Abril,258.1,normal
6,213.9,13,8.9,D,Julio,441.5,alto
5,59.9,2,4.9,B,Enero,206.9,normal
3,54.4,11,0.4,C,Febrero,175.0,normal
6,117.7,11,9.8,C,Noviembre,407.4,alto
6,,4,3.0,D,Diciembre,251.3,normal
2,130.4,13,1.2,D,Mayo,260.4,normal
3,291.6,2,8.1,D,Septiembre,350.7,alto
6,182.0,8,6.0,C,Julio,367.9,alto
3,127.6,3,11.1,B,Mayo,341.9,alto
2,,13,3.0,D,Septiembre,294.9,normal
3,,8,,D,Junio,336.9,alto
3,194.3,14,0.0,B,Febrero,264.1,normal
4,90.2,7,4.3,C,Febrero,261.2,normal
7,48.4,6,9.5,D,Mayo,355.0,alto
6,128.7,8,7.6,B,Marzo,399.7,alto
3,,10,0.2,B,Febrero,218.7,normal
2,,5,7.8,B,Abril,260.9,normal
3,120.4,10,6.4,C,Marzo,322.8,alto
3,227.3,2,2.8,B,Mayo,244.6,normal
2,293.6,6,3.4,D,Abril,301.8,alto
5,85.6,8,0.8,D,Febrero,229.8,normal
3,193.4,9,,D,Marzo,275.5,normal
5,133.2,10,10.7,C,Abril,391.7,alto
7,299.7,5,10.4,C,Septiembre,471.7,alto
5,,12,5.6,A,Julio,399.4,alto
4,289.0,5,6.3,A,Febrero,349.0,alto
7,201.8,5,2.6,D,Agosto,307.3,alto
2,175.4,6,8.2,A,Septiembre,328.0,alto
4,,8,1.8,B,Julio,237.8,normal
4,289.0,10,2.7,B,Mayo,345.5,alto
5,65.7,2,6.5,C,Agosto,4499.428147301933,normal
4,49.9,13,9.4,D,Junio,356.2,alto
7,,4,5.1,A,Mayo,369.1,alto
3,71.6,9,,D,Febrero,252.5,normal
4,156.4,8,9.8,D,Noviembre,312.6,alto
7,57.0,9,3.9,A,Diciembre,321.7,alto
1,,13,3.8,A,Junio,249.0,normal
6,193.1,12,3.1,D,Septiembre,379.8,alto
3,128.5,2,,B,Junio,345.9,alto
7,272.4,9,,B,Marzo,329.8,alto
7,291.5,13,1.6,C,Diciembre,341.3,alto
3,128.5,10,,C,Mayo,328.2,alto
3,167.3,4,4.1,C,Noviembre,241.8,normal
7,217.5,14,5.3,C,Junio,367.5,alto
7,156.8,4,0.6,D,Enero,264.2,normal
7,239.7,4,0.3,C,Mayo,290.4,normal
1,48.4,4,3.8,B,Marzo,149.3,normal
1,45.7,14,8.0,C,Mayo,290.1,normal
1,254.0,8,8.0,D,Julio,304.6,alto
5,296.9,8,11.5,D,Marzo,451.7,alto
5,125.1,5,11.9,C,Octubre,431.8,alto
7,137.7,3,7.8,C,Diciembre,317.2,alto
2,150.0,9,9.6,D,Febrero,3006.3201151886606,alto
5,,5,2.3,C,Abril,225.9,normal
3,225.0,4,10.5,C,Marzo,359.3,alto
7,183.0,13,4.7,B,Enero,408.2,alto
1,,7,0.5,C,Diciembre,236.6,normal
7,72.2,12,4.2,B,Junio,373.6,alto
1,128.1,10,4.0,B,Junio,280.5,normal
6,247.9,10,8.9,C,Marzo,476.5,alto
3,297.3,9,11.0,A,Mayo,479.4,alto
7,125.4,4,4.7,A,Abril,360.2,alto
3,143.0,11,,D,Diciembre,227.2,normal
3,,11,,B,Abril,315.5,alto
4,62.4,3,8.4,C,Noviembre,266.9,normal
3,105.5,8,0.6,B,Octubre,228.0,normal
7,121.6,13,,C,Octubre,460.9,alto
3,35.2,11,10.8,B,Septiembre,364.0,alto
3,132.0,3,3.1,C,Enero,225.4,normal
5,37.4,5,3.7,D,Julio,243.5,normal
2,214.3,2,9.1,D,Abril,275.6,normal
4,263.3,4,8.5,B,Noviembre,382.0,alto
7,123.4,6,0.6,C,Enero,240.6,normal
1,214.5,11,,C,Marzo,201.6,normal
3,262.7,12,2.6,d,Marzo,331.4,alto
6,30.5,6,2.6,D,Marzo,254.8,normal
6,165.0,12,1.6,c,Febrero,332.3,alto
7,193.2,8,5.6,B,Diciembre,399.5,alto
3,141.2,7,8.0,A,Julio,328.1,alto
4,68.5,6,6.5,C,Agosto,303.5,alto
5,,14,11.3,C,Marzo,412.6,alto
3,180.0,5,4.8,B,Noviembre,274.7,normal
4,275.9,3,6.4,B,Septiembre,331.8,alto
1,292.5,10,5.1,C,Marzo,331.7,alto
3,40.5,4,7.4,D,Noviembre,249.3,normal
5,142.4,14,7.7,C,Abril,444.2,alto
5,295.6,11,1.5,A,Marzo,362.8,alto
6,156.3,12,3.4,C,Junio,350.8,alto
1,56.8,9,10.4,C,Octubre,348.3,alto
4,246.4,6,10.6,B,Mayo,428.8,alto
6,231.1,12,5.1,D,Agosto,396.6,alto
7,123.2,10,5.2,A,Agosto,395.6,alto
7,78.5,2,5.8,B,Marzo,283.4,normal
4,290.5,8,5.4,C,Septiembre,361.0,alto
1,195.5,2,0.9,C,Abril,161.4,normal
7,276.7,10,,B,Marzo,469.9,alto
5,97.7,8,1.8,A,Diciembre,270.8,normal
5,91.3,5,11.2,C,Octubre,380.5,alto
5,139.3,13,8.1,C,Marzo,406.1,alto
2,45.1,10,3.9,D,Octubre,238.9,normal
1,,14,0.7,A,Octubre,276.4,normal
6,94.5,4,7.8,C,Enero,315.6,alto
1,225.0,14,8.2,B,Octubre,409.6,alto
3,236.1,5,2.3,C,Agosto,262.8,normal
5,145.4,14,10.4,C,Abril,469.3,alto
6,106.2,13,9.2,A,Agosto,420.9,alto
1,42.3,14,7.4,D,Noviembre,295.1,normal
1,248.5,6,7.7,C,Octubre,312.1,alto
1,100.6,10,9.2,C,Mayo,283.0,normal
3,124.8,4,5.8,C,Julio,287.1,normal
3,174.8,6,1.3,D,Junio,4199.034664272352,normal
6,234.7,11,5.0,D,Noviembre,421.0,alto
1,189.2,11,1.1,D,Octubre,197.4,normal
7,117.3,6,6.8,B,Abril,365.8,alto
5,226.5,4,1.3,B,Mayo,248.9,normal
5,105.4,13,1.2,C,Junio,316.1,alto
1,129.3,2,0.9,C,Agosto,143.7,normal
4,66.2,11,0.6,B,Abril,254.2,normal
2,63.5,9,10.9,D,Noviembre,312.9,alto
7,99.8,4,8.7,C,Agosto,330.3,alto
7,237.2,10,6.4,B,Mayo,421.7,alto
7,264.1,3,11.4,D,Diciembre,464.6,alto
1,168.3,8,,c,Enero,279.1,normal
7,114.6,8,8.6,D,Enero,352.9,alto
3,,14,8.4,C,Septiembre,400.2,alto
5,288.2,12,6.2,D,Enero,430.6,alto
1,110.6,12,7.7,B,Octubre,296.7,normal
6,196.2,12,6.8,B,Noviembre,407.0,alto
7,145.2,12,11.3,d,Febrero,475.3,alto
2,213.7,8,5.9,B,Marzo,314.1,alto
5,169.7,7,7.8,B,Junio,368.4,alto
7,267.3,3,5.6,B,Noviembre,403.6,alto
1,191.9,2,1.0,C,Abril,152.3,normal
2,88.0,10,0.4,D,Julio,184.0,normal
5,,12,4.4,D,Diciembre,302.7,alto
4,168.9,2,6.5,B,Enero,313.5,alto
3,123.1,3,2.3,D,Diciembre,171.7,normal
7,,3,9.0,A,Enero,4437.844612080696,alto
3,124.9,10,2.9,B,Julio,277.2,normal
1,73.2,2,9.3,C,Enero,222.3,normal
1,281.5,7,6.8,B,Mayo,346.3,alto
6,170.8,9,5.9,A,Noviembre,401.1,alto
1,251.6,11,2.2,D,Marzo,259.9,normal
3,85.1,14,11.4,D,Marzo,351.8,alto
3,35.0,8,7.8,C,Mayo,288.0,normal
5,226.1,4,1.0,C,Julio,266.8,normal
4,112.8,12,1.8,B,Febrero,284.0,normal
2,44.1,4,0.6,C,Febrero,4247.7244359699525,normal
4,279.4,10,2.4,D,Diciembre,297.8,normal
5,158.0,8,2.8,B,Abril,316.6,alto
2,196.7,2,0.2,C,Diciembre,174.0,normal
7,183.7,7,6.5,C,Abril,399.1,alto
3,180.2,12,10.4,B,Agosto,433.0,alto
5,243.0,7,,A,Mayo,284.2,normal
3,161.9,2,0.5,B,Marzo,164.2,normal
2,91.5,10,0.3,C,Septiembre,208.5,normal
2,226.4,3,6.4,D,Julio,272.3,normal
4,276.8,7,8.1,D,Marzo,371.4,alto
4,39.1,10,5.7,A,Abril,272.3,normal
7,194.1,3,8.6,D,Mayo,395.4,alto
3,195.6,13,8.4,D,Agosto,373.2,alto
6,85.5,2,0.2,D,Febrero,171.4,normal
2,,7,,C,Abril,284.7,normal
5,273.4,5,2.4,B,Diciembre,337.2,alto
1,260.0,4,5.9,D,Mayo,268.6,normal
4,98.2,12,9.5,C,Octubre,370.6,alto
5,290.3,10,8.5,A,Noviembre,437.0,alto
5,163.5,8,3.9,A,Diciembre,369.1,alto
7,,6,4.3,B,Noviembre,330.2,alto
7,166.5,2,11.7,C,Abril,411.8,alto
3,213.6,2,1.9,B,Marzo,228.9,normal
5,,14,9.5,D,Agosto,2898.0211352454994,alto
4,121.2,6,4.1,D,Marzo,243.8,normal
7,94.2,10,2.5,D,Julio,309.0,alto
7,91.0,14,4.1,C,Marzo,381.9,alto
6,63.6,14,11.1,D,Julio,449.4,alto
6,263.6,9,5.1,D,Mayo,412.6,alto
7,60.3,14,1.2,D,Octubre,320.7,alto
5,152.0,13,10.7,C,Noviembre,430.8,alto
2,131.8,3,3.4,C,Julio,188.2,normal
6,97.1,2,6.4,C,Septiembre,260.7,normal
3,235.3,4,1.0,B,Mayo,265.9,normal
1,,10,1.6,B,Diciembre,179.5,normal
3,196.5,5,1.2,d,Julio,259.7,normal
5,249.8,10,5.6,D,Febrero,386.1,alto
1,186.7,7,0.9,D,Junio,201.8,normal
4,74.8,2,10.0,C,Octubre,302.8,alto
6,143.0,10,9.5,C,Enero,420.0,alto
1,98.2,14,7.7,A,Marzo,326.3,alto
4,282.7,9,5.4,C,Noviembre,402.7,alto
1,69.1,2,5.0,C,Julio,156.5,normal
7,,7,10.2,D,Abril,454.2,alto
4,81.9,3,7.1,C,Marzo,245.6,normal
6,273.3,4,8.0,B,Octubre,392.5,alto
1,270.1,11,5.1,C,Junio,331.9,alto
1,289.8,7,6.4,C,Octubre,4173.956349456959,alto
2,172.4,7,7.3,B,Mayo,301.2,alto
1,245.5,6,6.3,B,Octubre,322.9,alto
6,56.6,9,6.7,C,Abril,325.5,alto
1,43.1,3,3.2,A,Agosto,155.9,normal
7,237.5,5,5.1,B,Febrero,415.7,alto
7,180.5,10,9.0,C,Mayo,453.4,alto
7,123.4,12,8.9,A,Septiembre,461.1,alto
5,,3,1.5,B,Diciembre,181.2,normal
5,128.8,2,3.5,C,Noviembre,239.2,normal
6,193.3,11,7.1,B,Julio,418.5,alto
2,222.8,7,0.7,C,Diciembre,233.4,normal
3,287.9,2,6.8,C,Marzo,318.4,alto
6,263.6,4,3.0,D,Mayo,303.0,alto
2,84.5,13,2.6,C,Mayo,251.0,normal
7,62.0,2,10.8,D,Febrero,377.5,alto
6,48.0,7,3.0,C,Julio,270.6,normal
2,223.1,8,2.3,C,Junio,265.2,normal
4,,3,3.9,D,Septiembre,165.1,normal
6,160.1,7,10.0,B,Agosto,400.3,alto
6,228.9,4,3.2,D,Abril,309.2,alto
5,53.6,11,10.6,C,Diciembre,421.1,alto
7,223.9,10,8.2,C,Febrero,411.7,alto
5,133.4,4,0.9,A,Septiembre,255.9,normal
4,199.1,6,0.4,C,Septiembre,236.0,normal
7,287.6,7,11.5,B,Julio,506.2,alto
5,70.3,14,3.6,C,Enero,295.9,normal
7,284.0,6,11.3,B,Mayo,525.5,alto
3,233.8,14,,D,Junio,345.4,alto
5,123.9,6,11.5,C,Octubre,385.9,alto
1,207.3,3,,C,Diciembre,312.8,alto
2,76.4,6,0.9,D,Abril,151.5,normal
6,289.6,9,3.1,B,Junio,389.6,alto
5,155.7,9,9.1,C,Abril,426.7,alto
1,93.6,6,11.5,A,Junio,336.9,alto
5,42.3,11,0.8,C,Enero,227.4,normal
6,189.4,8,4.9,A,Septiembre,365.9,alto
4,71.9,9,1.2,D,Marzo,194.4,normal
3,73.7,7,3.8,C,Octubre,210.6,normal
2,263.0,8,11.3,C,Abril,402.6,alto
4,111.8,5,8.0,b,Mayo,332.1,alto
4,245.1,14,1.4,b,Enero,378.3,alto
6,228.9,14,10.2,D,Febrero,474.6,alto
1,94.3,3,1.5,B,Junio,168.2,normal
4,51.3,3,7.0,B,Septiembre,248.4,normal
6,271.2,7,10.7,B,Abril,449.3,alto
2,,6,11.6,D,Marzo,337.4,alto
1,109.6,13,8.9,A,Diciembre,363.3,alto
1,272.0,4,7.0,A,Abril,347.3,alto
1,257.7,8,,D,Mayo,209.4,normal
3,,6,9.1,D,Junio,312.9,alto
3,181.4,11,6.8,B,Diciembre,331.2,alto
1,279.8,7,5.5,D,Enero,268.1,normal
3,281.1,14,6.7,D,Agosto,389.4,alto
3,196.7,2,10.9,D,Enero,4031.2594505022366,alto
5,61.1,4,8.5,C,Octubre,292.0,normal
2,72.8,7,11.8,B,Octubre,350.5,alto
7,235.5,9,1.3,C,Enero,331.0,alto
2,146.0,9,,D,Junio,349.8,alto
2,211.8,6,7.2,D,Marzo,312.0,alto
7,191.6,3,8.7,A,Octubre,396.5,alto
4,218.3,9,3.3,D,Mayo,322.1,alto
3,259.4,14,3.8,D,Diciembre,392.0,alto
3,93.2,10,9.4,C,Febrero,335.6,alto
2,252.0,14,11.5,B,Marzo,447.3,alto
7,220.8,14,0.7,C,Agosto,362.1,alto
2,172.1,8,9.0,D,Febrero,344.1,alto
6,249.6,10,7.5,C,Enero,444.1,alto
6,146.5,3,6.5,D,Enero,329.3,alto
1,39.7,7,1.9,D,Julio,147.9,normal
4,143.3,13,3.0,D,Enero,319.3,alto
3,68.0,10,,B,Mayo,370.5,alto
6,58.4,7,1.6,C,Noviembre,240.9,normal
1,87.2,7,4.1,D,Diciembre,177.3,normal
7,38.9,6,2.8,C,Septiembre,291.9,normal
1,195.0,5,10.3,A,Octubre,358.1,alto
7,261.8,7,3.8,B,Noviembre,379.5,alto
7,112.1,11,4.8,C,Febrero,338.6,alto
4,203.2,12,4.4,B,Diciembre,341.2,alto
4,,6,2.3,C,Junio,243.3,normal
3,49.9,8,,C,Julio,161.1,normal
5,59.0,2,2.0,D,Mayo,175.8,normal
2,195.9,7,0.3,B,Julio,234.8,normal
7,271.3,3,0.4,C,Agosto,325.0,alto
5,57.0,5,6.4,B,Junio,318.5,alto
2,152.9,9,10.0,D,Diciembre,334.0,alto
6,162.1,8,6.5,D,Junio,3647.9753404263365,alto
4,148.5,2,,D,Noviembre,284.3,normal
4,33.1,10,0.8,D,Abril,206.4,normal
2,209.9,14,9.1,D,Abril,425.5,alto
4,262.0,7,8.9,C,Mayo,413.1,alto
2,221.3,3,2.8,D,Septiembre,254.0,normal
3,226.3,11,,A,Diciembre,373.3,alto
1,279.3,7,8.6,C,Abril,350.9,alto
7,288.5,8,7.4,D,Mayo,444.9,alto
2,172.1,12,,D,Enero,387.4,alto
2,133.5,14,1.4,A,Marzo,277.6,normal
4,282.6,7,7.8,D,Septiembre,398.1,alto
6,99.4,6,7.1,D,Octubre,306.3,alto
4,42.4,12,2.6,D,Enero,260.0,normal
2,117.6,9,9.1,D,Marzo,306.3,alto
6,51.6,14,6.7,B,Abril,391.6,alto
6,49.7,6,,C,Septiembre,289.4,normal
7,185.7,5,8.5,C,Octubre,385.7,alto
2,231.2,2,2.2,C,Marzo,204.7,normal
2,155.8,14,,D,Enero,336.7,alto
1,299.7,7,6.4,D,Septiembre,308.9,alto
5,223.9,3,9.0,B,Mayo,370.4,alto
6,41.6,3,8.8,D,Octubre,279.6,normal
1,152.9,2,7.2,d,Abril,231.2,normal
4,196.4,12,8.8,D,Septiembre,408.1,alto
3,261.8,11,2.4,D,Septiembre,4444.2787728760895,normal
7,62.9,2,2.1,B,Julio,234.1,normal
4,,14,5.9,A,Junio,384.6,alto
2,,14,11.8,D,Julio,470.0,alto
7,275.9,4,5.1,C,Octubre,373.2,alto
1,252.4,10,6.7,B,Octubre,316.4,alto
3,103.2,6,8.7,D,Noviembre,299.3,normal
5,164.1,5,2.8,C,Octubre,240.9,normal
6,249.8,8,12.0,B,Septiembre,484.7,alto
6,262.4,8,5.2,C,Febrero,400.4,alto
6,46.2,8,9.0,C,Febrero,368.2,alto
4,155.5,12,0.7,D,Enero,257.0,normal
3,247.5,12,10.4,B,Abril,475.2,alto
7,244.4,10,7.6,D,Diciembre,414.2,alto
5,233.6,5,,B,Agosto,387.8,alto
3,82.3,13,5.3,C,Agosto,309.3,alto
1,229.9,9,2.8,A,Marzo,286.5,normal
5,230.7,9,3.9,B,Febrero,347.6,alto
4,,4,11.2,B,Mayo,343.8,alto
3,132.8,7,10.3,B,Mayo,328.7,alto
7,119.5,9,5.0,D,Abril,319.5,alto
4,174.2,6,6.2,B,Mayo,324.0,alto
1,217.2,8,8.3,C,Agosto,335.2,alto
7,31.0,10,1.3,D,Febrero,247.5,normal
2,112.7,5,11.3,D,Agosto,300.4,alto
4,171.2,9,1.7,B,Agosto,295.0,normal
2,193.8,2,4.3,D,Junio,222.9,normal
5,36.3,9,6.1,D,Noviembre,303.1,alto
6,127.0,12,10.7,C,Julio,3042.7792813606843,alto
4,149.4,2,5.6,B,Agosto,260.1,normal
6,,12,5.6,A,Julio,362.4,alto
4,185.4,8,6.8,C,Septiembre,338.2,alto
4,221.3,12,2.7,C,Diciembre,329.6,alto
5,,11,6.9,C,Julio,432.6,alto
3,186.4,7,3.0,d,Agosto,247.2,normal
3,183.3,11,,D,Abril,277.2,normal
6,284.6,10,5.2,D,Febrero,428.8,alto
3,253.4,9,10.0,D,Septiembre,380.8,alto
5,240.0,2,9.7,A,Octubre,375.7,alto
5,299.2,9,4.8,B,Noviembre,386.7,alto
5,278.0,7,6.3,C,Julio,365.2,alto
6,288.6,10,6.9,C,Noviembre,449.7,alto
2,149.7,14,11.3,C,Enero,394.0,alto
2,103.7,4,5.5,B,Febrero,241.4,normal
1,110.6,4,11.2,C,Julio,336.1,alto
6,226.7,11,,C,Agosto,432.9,alto
4,256.6,11,3.9,C,Noviembre,315.0,alto
4,140.0,7,10.6,C,Enero,379.7,alto
7,254.7,14,11.5,C,Julio,555.4,alto
3,278.4,10,11.2,C,Agosto,440.9,alto
6,78.3,9,11.0,D,Febrero,415.2,alto
1,153.4,12,8.3,C,Mayo,393.9,alto
3,125.1,7,0.5,D,Junio,157.5,normal
1,251.0,14,5.6,A,Marzo,303.4,alto
3,40.7,7,11.8,B,Febrero,327.7,alto
6,113.2,9,0.9,c,Abril,253.1,normal
4,,14,5.3,B,Septiembre,413.0,alto
1,180.5,13,7.3,B,Abril,329.1,alto
2,41.7,4,,C,Julio,159.4,normal
1,273.6,4,1.7,C,Agosto,247.7,normal
2,229.8,2,1.1,B,Diciembre,250.7,normal
2,298.9,11,8.2,B,Febrero,422.5,alto
3,102.0,8,4.9,C,Julio,261.8,normal
1,263.4,2,,B,Diciembre,242.2,normal
4,155.9,11,0.0,A,Enero,250.2,normal
4,286.8,10,8.6,D,Octubre,412.3,alto
4,34.2,14,11.5,C,Agosto,423.5,alto
2,112.2,8,2.4,B,Febrero,197.0,normal
6,114.0,2,2.7,D,Diciembre,222.0,normal
6,65.2,5,12.0,C,Julio,373.6,alto
5,230.7,14,5.4,C,Julio,421.0,alto
6,167.2,5,3.0,C,Octubre,265.1,normal
5,62.0,13,1.5,B,Junio,302.8,alto
3,61.0,6,9.8,C,Julio,355.1,alto
6,191.5,5,0.7,C,Noviembre,267.7,normal
6,243.8,7,2.5,C,Agosto,316.2,alto
7,131.5,3,2.6,C,Marzo,278.5,normal
3,135.7,13,3.5,C,Agosto,297.7,normal
6,48.9,5,10.1,C,Julio,343.7,alto
6,214.2,14,11.8,D,Junio,494.6,alto
2,110.3,5,8.7,D,Julio,280.5,normal
6,76.4,7,3.5,C,Agosto,264.4,normal
5,96.1,4,7.9,A,Junio,360.9,alto
6,274.5,7,1.5,C,Febrero,281.1,normal
3,93.4,14,9.9,B,Agosto,434.9,alto
3,205.5,12,0.0,B,Marzo,283.1,normal
6,243.3,8,10.1,C,Agosto,460.3,alto
3,75.9,9,3.9,C,Septiembre,196.6,normal
5,256.0,14,10.8,D,Abril,510.8,alto
7,168.7,5,10.3,D,Noviembre,423.9,alto
7,262.0,4,10.5,C,Noviembre,451.2,alto
7,190.4,8,11.2,C,Octubre,458.4,alto
1,287.3,13,8.4,D,Mayo,401.4,alto
1,259.2,3,9.1,D,Marzo,307.7,alto
5,62.7,2,8.7,C,Julio,271.8,normal
5,292.6,13,4.8,A,Junio,395.8,alto
7,233.7,9,1.9,C,Junio,343.9,alto
6,219.1,6,9.5,A,Mayo,431.4,alto
7,297.5,8,2.3,C,Agosto,367.1,alto
3,263.2,9,3.5,C,Marzo,343.6,alto
2,113.0,13,,C,Abril,388.7,alto
3,239.2,9,,B,Febrero,375.2,alto
2,175.5,3,6.5,C,Mayo,299.2,normal
1,107.7,14,7.1,C,Marzo,323.2,alto
6,153.7,8,8.0,C,Noviembre,381.3,alto
5,274.0,8,,B,Abril,408.7,alto
2,,14,12.0,D,Junio,393.3,alto
4,238.2,4,2.2,C,Diciembre,249.6,normal
5,136.9,12,1.6,D,Octubre,304.3,alto
7,160.2,7,3.1,C,Enero,268.1,normal
3,250.3,11,7.1,C,Junio,395.6,alto
1,,13,,B,Abril,323.4,alto
5,142.8,3,3.6,B,Octubre,273.6,normal
7,149.6,11,1.3,D,Junio,316.0,alto
6,101.3,10,11.5,D,Abril,438.8,alto
5,62.0,7,0.3,C,Junio,196.4,normal
1,89.4,2,8.8,B,Julio,210.3,normal
3,,7,6.3,C,Septiembre,316.5,alto
5,297.8,3,9.3,D,Enero,412.8,alto
1,143.0,8,2.6,C,Febrero,178.6,normal
4,245.1,13,2.8,B,Mayo,383.9,alto
2,295.2,11,5.4,B,Marzo,388.7,alto
3,97.5,2,10.8,C,Junio,289.8,normal
7,249.2,9,6.7,B,Julio,420.3,alto
2,265.2,13,8.3,B,Noviembre,4282.172538545151,alto
3,135.5,6,1.1,B,Febrero,217.6,normal
6,,8,7.7,A,Enero,400.5,alto
2,92.4,8,3.6,B,Mayo,231.1,normal
3,292.2,4,11.5,A,Marzo,391.1,alto
3,122.7,8,6.5,C,Septiembre,314.8,alto
6,148.9,12,1.5,b,Agosto,351.5,alto
5,186.1,12,7.8,B,Septiembre,447.0,alto
2,235.1,3,8.0,C,Julio,269.5,normal
2,66.7,2,1.8,C,Junio,138.9,normal
7,277.6,4,6.2,D,Mayo,402.7,alto
5,91.7,11,5.3,C,Agosto,292.0,normal
3,260.9,4,5.1,C,Julio,332.3,alto
1,231.1,4,11.8,C,Octubre,306.3,alto
3,,9,,C,Enero,388.1,alto
5,141.2,14,4.1,C,Julio,366.9,alto
7,89.9,12,2.7,D,Abril,309.9,alto
1,97.4,10,3.7,C,Enero,207.7,normal
1,131.9,14,8.5,B,Febrero,322.2,alto
5,73.6,6,4.3,B,Julio,253.5,normal
7,235.4,4,4.4,C,Julio,374.6,alto
7,189.7,11,7.9,c,Octubre,428.8,alto
7,222.1,2,7.9,D,Marzo,356.1,alto
6,136.5,2,7.3,C,Agosto,309.0,alto
4,275.5,6,9.8,D,Octubre,380.3,alto
1,243.6,12,5.3,B,Febrero,335.5,alto
5,85.8,9,9.0,B,Abril,366.3,alto
2,66.5,12,3.6,B,Agosto,267.2,normal
1,265.7,4,0.2,B,Septiembre,209.8,normal
1,,2,5.9,B,Octubre,271.8,normal
7,35.6,13,2.8,B,Abril,337.4,alto
7,31.6,14,,C,Marzo,404.6,alto
1,182.9,6,6.6,B,Septiembre,295.6,normal
7,52.6,4,11.8,C,Junio,398.1,alto
4,106.8,13,0.9,C,Diciembre,257.5,normal
6,105.4,12,2.3,B,Noviembre,329.7,alto
3,99.5,7,0.4,D,Agosto,192.4,normal
4,59.6,10,2.7,B,Noviembre,276.7,normal
1,270.5,3,0.5,C,Enero,233.7,normal
4,105.7,14,,B,Noviembre,426.0,alto
1,35.1,4,1.0,B,Abril,127.4,normal
2,96.9,4,4.5,C,Septiembre,208.6,normal
4,148.3,5,0.5,C,Febrero,197.7,normal
1,276.5,6,0.5,D,Diciembre,216.9,normal
7,134.4,12,7.3,D,Agosto,389.0,alto
2,239.9,3,,D,Febrero,318.2,alto
7,294.7,10,8.5,B,Septiembre,503.3,alto
7,110.0,2,10.5,C,Septiembre,360.0,alto
6,199.2,8,1.3,D,Abril,275.3,normal
3,287.4,11,5.5,B,Octubre,355.1,alto
2,194.5,12,3.4,C,Marzo,307.0,alto
3,279.8,5,8.2,B,Enero,351.4,alto
5,136.2,3,,D,Junio,291.1,normal
2,198.6,5,0.9,C,Noviembre,218.4,normal
7,97.7,13,0.7,B,Enero,330.6,alto
7,82.7,12,,D,Septiembre,312.3,alto
6,174.8,14,9.5,C,Octubre,478.7,alto
6,38.2,12,3.8,B,Agosto,303.7,alto
7,31.9,7,10.7,D,Julio,360.0,alto
2,258.7,11,1.8,C,Marzo,301.9,alto
6,295.7,4,5.0,A,Octubre,379.2,alto
5,233.3,2,8.2,C,Mayo,336.4,alto
2,264.4,8,6.9,C,Noviembre,344.3,alto
1,161.6,3,8.8,C,Junio,268.5,normal
2,126.3,6,7.3,C,Agosto,296.2,normal
3,238.6,10,10.1,A,Enero,449.8,alto
1,230.6,10,6.8,D,Enero,317.6,alto
7,243.7,8,7.0,B,Octubre,428.6,alto
7,30.4,2,1.4,D,Agosto,189.6,normal
4,224.1,6,4.5,C,Enero,299.0,normal
4,273.5,7,8.1,A,Marzo,415.0,alto
7,245.6,3,4.2,C,Mayo,361.3,alto
4,122.2,4,3.4,B,Mayo,256.8,normal
1,,8,10.7,D,Julio,367.4,alto
4,84.5,9,5.9,C,Noviembre,299.7,normal
3,118.3,2,4.7,C,Abril,227.6,normal
3,47.2,7,3.9,C,Septiembre,202.4,normal
2,94.0,4,4.8,B,Enero,209.0,normal
5,47.2,8,3.5,C,Marzo,239.0,normal
4,198.2,14,4.7,C,Noviembre,376.6,alto
3,193.4,9,3.8,B,Agosto,288.5,normal
4,,13,5.3,C,Enero,369.8,alto
3,93.3,10,3.1,C,Febrero,4300.553959974039,normal
5,33.7,11,3.7,D,Diciembre,241.9,normal
2,211.1,4,6.7,C,Agosto,273.6,normal
3,177.6,8,7.6,C,Marzo,358.3,alto
2,188.1,5,6.0,C,Septiembre,255.0,normal
6,237.2,2,7.7,C,Enero,362.9,alto
2,95.2,6,7.6,B,Agosto,298.1,normal
6,227.5,12,2.2,B,Septiembre,340.3,alto
7,273.8,9,,D,Septiembre,372.4,alto
1,130.9,9,8.0,C,Abril,273.8,normal
5,275.4,2,9.5,D,Febrero,2798.767289501893,alto
4,230.3,6,9.5,C,Junio,355.9,alto
2,96.5,11,2.0,A,Septiembre,215.0,normal
5,171.1,13,9.0,C,Agosto,436.8,alto
4,61.6,8,7.0,B,Enero,329.5,alto
3,,14,11.9,C,Septiembre,483.3,alto
5,139.2,11,9.4,C,Enero,433.0,alto
6,43.7,3,6.3,D,Marzo,266.1,normal
7,34.3,6,11.2,B,Agosto,374.8,alto
3,110.7,5,8.4,C,Octubre,278.4,normal
5,,10,5.1,A,Octubre,359.7,alto
2,279.2,7,9.4,D,Septiembre,339.5,alto
6,75.4,8,3.5,C,Abril,298.6,normal
4,55.2,9,4.4,C,Septiembre,274.8,normal
3,107.0,13,4.7,B,Junio,315.2,alto
1,36.5,11,7.5,C,Julio,275.9,normal
3,247.3,5,4.2,D,Febrero,291.5,normal
5,169.0,6,9.2,D,Abril,358.2,alto
1,175.5,2,,C,Febrero,200.9,normal
1,230.4,6,10.0,C,Diciembre,349.0,alto
6,75.8,7,3.2,b,Noviembre,329.2,alto
3,156.0,3,11.1,D,Mayo,4549.779909776753,alto
6,285.9,13,10.9,C,Junio,520.9,alto
2,106.1,13,11.0,C,Noviembre,368.9,alto
4,,3,11.0,C,Agosto,404.9,alto
2,254.8,14,8.2,C,Marzo,372.0,alto
2,50.0,8,10.6,B,Septiembre,310.0,alto
4,125.5,4,10.8,C,Junio,4443.309260320464,alto
5,53.4,14,9.1,b,Octubre,365.8,alto
4,280.4,8,11.3,C,Abril,434.1,alto
1,127.8,3,1.5,B,Junio,145.5,normal
4,108.3,6,4.3,D,Octubre,251.4,normal
7,175.0,6,10.8,D,Julio,405.1,alto
1,179.5,8,,C,Julio,324.4,alto
1,34.6,7,0.7,C,Octubre,149.1,normal
2,120.9,4,11.3,C,Abril,316.4,alto
6,271.0,7,2.6,c,Diciembre,347.3,alto
6,197.7,9,1.8,B,Mayo,364.9,alto
5,79.5,6,2.0,C,Abril,233.0,normal
5,179.6,11,9.0,B,Mayo,438.3,alto
7,223.9,2,3.2,D,Febrero,304.0,alto
7,,6,5.6,D,Octubre,274.0,normal
2,139.3,12,10.5,B,Diciembre,407.8,alto
4,193.8,14,5.9,C,Marzo,421.0,alto
5,144.3,5,6.8,C,Agosto,314.9,alto
5,215.6,5,8.8,D,Noviembre,395.2,alto
2,273.6,7,,C,Junio,296.8,normal
1,197.6,3,0.7,B,Mayo,177.1,normal
7,73.5,4,2.4,C,Diciembre,274.0,normal
5,122.7,5,5.2,D,Septiembre,325.1,alto
4,228.2,7,2.2,D,Mayo,233.4,normal
6,,6,9.1,D,Agosto,418.4,alto
6,115.8,4,6.4,C,Mayo,330.9,alto
4,175.7,13,0.3,C,Mayo,280.4,normal
4,95.8,9,4.5,A,Abril,304.0,alto
7,129.7,12,3.0,C,Julio,329.1,alto
4,92.1,5,6.8,D,Julio,287.3,normal
2,147.4,11,6.4,C,Septiembre,331.4,alto
4,170.7,6,9.3,D,Septiembre,304.3,alto
4,,7,5.6,C,Abril,254.0,normal
4,148.5,9,4.3,C,Octubre,274.8,normal
1,132.3,5,10.4,A,Agosto,296.9,normal
7,112.6,9,10.6,D,Mayo,408.3,alto
4,111.4,5,10.9,D,Febrero,375.5,alto
2,230.0,14,5.0,D,Mayo,351.2,alto
2,205.1,11,11.3,C,Mayo,385.3,alto
2,136.6,11,1.5,C,Febrero,235.6,normal
6,93.4,14,8.1,D,Octubre,407.7,alto
1,203.1,13,6.8,B,Abril,342.8,alto
5,150.3,13,11.8,C,Marzo,437.5,alto
7,168.1,5,9.4,D,Mayo,401.4,alto
4,,13,,B,Agosto,423.1,alto
2,296.8,2,10.8,C,Enero,3728.518507367062,alto
7,260.0,10,5.7,B,Enero,458.6,alto
1,,13,3.5,B,Marzo,258.8,normal
4,105.3,12,10.3,D,Junio,370.3,alto
1,108.5,9,5.6,D,Febrero,219.8,normal
1,30.9,12,3.8,C,Septiembre,216.3,normal
5,287.1,10,3.9,C,Enero,380.0,alto
7,184.6,6,0.7,C,Marzo,282.2,normal
3,37.3,11,0.8,D,Junio,231.3,normal
5,206.1,2,7.9,D,Febrero,318.4,alto
4,281.2,2,5.6,D,Enero,300.3,alto
3,259.6,4,6.7,A,Agosto,362.9,alto
5,284.8,3,2.7,A,Septiembre,332.9,alto
6,252.1,14,4.7,A,Mayo,442.6,alto
7,78.9,6,7.5,B,Junio,328.7,alto
1,118.2,3,7.1,D,Octubre,214.4,normal
6,41.5,10,6.0,D,Enero,327.2,alto
6,92.0,14,7.5,B,Abril,402.8,alto
4,263.0,9,6.1,B,Febrero,387.5,alto
3,204.2,4,11.6,C,Enero,394.2,alto
4,136.1,7,9.3,C,Marzo,361.0,alto
6,119.9,6,5.8,C,Febrero,282.1,normal
6,80.6,12,9.5,C,Diciembre,377.7,alto
3,,14,11.9,C,Mayo,466.3,alto
2,285.4,3,6.3,D,Mayo,313.1,alto
6,90.7,11,9.3,D,Enero,4132.144340866359,alto
4,84.5,2,11.3,B,Octubre,348.9,alto
3,33.9,4,,A,Agosto,308.7,alto
6,274.2,2,4.2,D,Diciembre,336.8,alto
7,225.1,7,4.9,B,Noviembre,432.3,alto
6,234.9,10,7.1,C,Marzo,402.9,alto
3,250.8,13,0.1,B,Agosto,301.2,alto
1,50.8,13,2.0,D,Diciembre,217.1,normal
3,62.0,5,1.1,B,Septiembre,184.1,normal
4,67.0,10,6.5,B,Octubre,338.2,alto
1,121.8,12,1.5,D,Agosto,202.4,normal
3,188.6,6,3.6,C,Abril,258.1,normal
6,199.3,3,,D,Octubre,320.5,alto
4,250.1,3,5.3,A,Noviembre,324.5,alto
1,,13,11.4,D,Julio,391.4,alto
2,275.6,9,8.7,C,Mayo,379.7,alto
2,230.7,9,,C,Enero,320.5,alto
4,137.5,2,2.5,C,Noviembre,199.2,normal
2,255.5,6,,C,Febrero,394.0,alto
3,35.8,3,7.0,D,Septiembre,229.6,normal
6,288.6,9,2.2,D,Abril,344.6,alto
7,185.5,12,5.6,D,Julio,416.4,alto
5,98.4,12,6.2,B,Enero,361.5,alto
1,176.4,13,,D,Mayo,238.8,normal
6,263.3,11,9.8,C,Noviembre,465.8,alto
5,195.7,12,9.7,D,Febrero,460.0,alto
2,288.7,5,,B,Junio,329.9,alto
1,49.1,10,10.1,D,Julio,299.0,normal
7,115.3,7,,B,Marzo,288.7,normal
1,248.6,8,,C,Octubre,391.2,alto
1,93.7,13,8.8,B,Septiembre,311.3,alto
3,33.3,2,3.2,C,Diciembre,181.8,normal
7,172.0,10,6.4,b,Marzo,425.7,alto
5,241.0,7,5.5,C,Diciembre,330.1,alto
2,147.6,4,8.5,D,Marzo,334.2,alto
7,196.7,8,0.2,C,Julio,307.8,alto
4,34.9,9,7.8,C,Noviembre,351.6,alto
6,286.6,5,7.7,c,Noviembre,409.8,alto
2,38.3,5,10.8,B,Noviembre,290.4,normal
1,119.3,14,8.5,D,Septiembre,329.7,alto
5,237.4,7,6.9,D,Septiembre,364.6,alto
6,75.6,5,3.4,D,Noviembre,264.6,normal
4,35.5,11,7.5,C,Septiembre,334.1,alto
5,289.9,8,1.9,C,Diciembre,370.8,alto
6,131.8,13,8.3,C,Octubre,4360.1802813463255,alto
4,192.1,10,1.5,C,Febrero,320.2,alto
5,94.1,10,5.0,C,Noviembre,297.5,normal
2,147.0,10,0.6,D,Junio,178.2,normal
7,246.8,8,8.5,C,Octubre,431.3,alto
3,267.5,7,6.3,C,Marzo,379.3,alto
1,135.3,14,10.8,B,Marzo,354.5,alto
1,42.0,5,5.0,C,Agosto,239.7,normal
6,194.8,10,11.8,B,Agosto,494.1,alto
6,243.9,5,6.8,D,Febrero,366.3,alto
4,154.6,5,4.3,B,Mayo,267.5,normal
2,81.1,13,12.0,B,Noviembre,374.8,alto
1,275.1,2,0.4,C,Noviembre,168.4,normal
5,48.0,2,7.2,C,Febrero,233.6,normal
4,237.5,7,5.9,B,Septiembre,381.8,alto
5,287.3,4,10.4,C,Junio,436.4,alto
4,197.6,13,1.5,C,Junio,302.4,alto
5,44.7,13,9.4,D,Febrero,392.7,alto
1,89.0,5,3.9,A,Octubre,217.8,normal
2,145.2,8,4.7,A,Diciembre,268.3,normal
1,247.5,13,0.4,D,Septiembre,250.7,normal
2,79.0,5,3.2,C,Septiembre,172.8,normal
6,165.9,6,,A,Mayo,379.1,alto
5,222.7,8,8.0,C,Enero,411.2,alto
4,36.4,5,,C,Marzo,218.0,normal
2,194.5,2,7.9,C,Noviembre,265.9,normal
6,285.8,8,5.3,A,Marzo,431.1,alto
7,295.4,4,2.2,C,Noviembre,362.1,alto
2,,6,7.0,D,Mayo,249.9,normal
5,268.6,2,1.2,B,Noviembre,280.3,normal
7,156.3,3,,C,Junio,313.0,alto
2,61.2,8,9.4,D,Abril,298.8,normal
1,,14,8.4,C,Septiembre,339.3,alto
3,235.8,7,6.4,C,Julio,306.6,alto
2,175.7,3,0.5,C,Febrero,163.8,normal
6,133.8,11,10.4,B,Agosto,455.0,alto
6,181.7,13,2.1,A,Junio,365.3,alto
5,283.6,9,8.0,B,Noviembre,431.4,alto
7,92.9,11,5.8,C,Enero,405.4,alto
4,77.8,3,5.5,B,Octubre,270.5,normal
7,147.7,2,2.8,C,Abril,268.1,normal
4,138.0,11,4.7,C,Noviembre,329.4,alto
7,202.9,14,1.5,D,Diciembre,418.4,alto
4,258.7,10,11.3,D,Agosto,457.9,alto
3,31.2,14,2.8,B,Diciembre,281.7,normal
4,242.7,14,9.8,C,Febrero,455.4,alto
1,128.7,14,6.2,B,Marzo,310.7,alto
7,107.7,4,6.1,D,Noviembre,323.1,alto
1,55.2,14,4.9,C,Febrero,218.7,normal
3,86.4,7,,C,Enero,315.4,alto
2,193.3,10,5.7,C,Agosto,302.5,alto
2,160.5,7,2.4,C,Octubre,218.2,normal
7,185.9,6,8.1,D,Agosto,400.3,alto
7,254.3,11,,d,Diciembre,482.6,alto
3,162.4,3,9.4,C,Febrero,303.4,alto
4,,3,5.5,A,Mayo,297.2,normal
1,50.1,11,6.2,C,Septiembre,237.6,normal
3,227.7,5,3.8,D,Abril,270.1,normal
1,159.7,7,7.9,C,Mayo,299.2,normal
7,184.9,8,7.7,B,Enero,428.7,alto
6,206.8,11,10.3,B,Noviembre,500.3,alto
1,164.9,9,9.6,B,Agosto,325.0,alto
3,115.9,13,11.2,C,Agosto,409.5,alto
5,208.3,11,,C,Mayo,385.1,alto
4,69.4,7,0.5,C,Febrero,166.1,normal
5,137.6,7,9.0,B,Abril,389.0,alto
2,299.6,4,8.0,D,Febrero,302.5,alto
6,,9,,B,Diciembre,396.2,alto
5,194.1,3,,C,Febrero,283.9,normal
1,295.5,10,10.7,B,Agosto,428.4,alto
5,167.8,12,2.9,C,Enero,333.7,alto
1,208.5,7,6.6,C,Abril,276.0,normal
3,82.2,13,5.9,C,Enero,319.7,alto
7,157.5,8,2.1,B,Enero,294.3,normal
1,241.5,6,9.4,C,Febrero,337.2,alto
7,122.8,12,8.9,B,Octubre,435.4,alto
6,71.4,3,4.2,C,Mayo,254.0,normal
4,,9,11.2,B,Octubre,363.2,alto
5,77.4,2,,A,Febrero,268.1,normal
7,210.5,5,10.7,B,Junio,458.1,alto
5,196.2,10,,C,Julio,348.4,alto
4,258.2,7,5.2,B,Diciembre,335.0,alto
1,130.8,5,3.3,C,Agosto,193.2,normal
3,217.2,4,7.1,C,Abril,306.1,alto
6,126.3,7,,D,Septiembre,405.9,alto
7,,13,7.8,C,Junio,399.9,alto
3,208.6,10,2.3,D,Septiembre,306.9,alto
4,109.6,9,4.1,C,Julio,305.7,alto
1,196.2,10,11.5,C,Junio,345.6,alto
3,116.4,11,5.6,D,Abril,299.9,normal
7,58.4,12,5.7,C,Enero,375.2,alto
5,207.0,13,7.6,C,Junio,408.5,alto
7,198.0,2,7.2,C,Marzo,330.2,alto
7,128.5,10,0.3,A,Febrero,339.8,alto
1,259.0,13,7.8,D,Septiembre,375.9,alto
5,277.6,12,2.8,A,Julio,3694.6134781811706,alto
7,61.5,4,8.8,D,Marzo,358.2,alto
6,259.8,9,5.4,C,Enero,405.9,alto
2,292.8,4,1.5,B,Noviembre,225.9,normal
6,141.2,4,8.8,B,Septiembre,345.4,alto
5,148.5,6,3.1,B,Enero,268.0,normal
5,162.6,2,6.0,D,Febrero,268.5,normal
7,,7,3.9,D,Enero,299.2,normal
5,149.1,6,11.2,D,Octubre,402.3,alto
6,123.6,4,3.4,B,Marzo,263.7,normal
5,41.1,7,5.1,D,Junio,273.7,normal
1,281.6,10,3.1,B,Abril,315.3,alto
4,289.0,5,6.3,A,Febrero,349.0,alto
2,294.4,12,4.7,D,Octubre,338.6,alto
1,,11,4.8,A,Julio,335.2,alto
2,33.5,5,6.8,B,Enero,206.2,normal
4,277.2,3,9.9,B,Marzo,363.2,alto
6,101.1,7,11.9,A,Abril,4860.848009976356,alto
1,100.2,8,7.5,C,Febrero,255.3,normal
6,116.0,6,10.6,C,Junio,390.4,alto
7,284.9,6,11.3,A,Febrero,500.1,alto
5,195.0,2,,B,Diciembre,392.9,alto
5,260.6,9,7.4,A,Diciembre,437.5,alto
4,182.0,11,7.5,C,Diciembre,379.4,alto
7,264.5,10,0.9,C,Marzo,348.3,alto
1,58.8,4,11.7,D,Julio,265.5,normal
1,51.9,11,,A,Octubre,203.1,normal
2,35.3,3,9.1,B,Junio,265.5,normal
3,230.6,13,3.7,D,Mayo,335.0,alto
4,128.7,14,9.7,B,Octubre,400.6,alto
1,153.0,9,0.0,A,Marzo,241.9,normal
7,167.2,6,5.6,B,Junio,368.7,alto
1,,5,11.2,B,Febrero,358.0,alto
6,290.0,14,,D,Septiembre,412.4,alto
1,39.8,13,5.2,C,Diciembre,232.3,normal
5,,11,10.7,A,Abril,478.5,alto
5,97.4,8,11.1,B,Diciembre,406.8,alto
7,222.7,7,4.1,B,Enero,335.2,alto
1,69.6,9,2.2,A,Noviembre,189.3,normal
5,233.8,9,7.6,B,Marzo,382.4,alto
4,246.1,14,8.0,D,Enero,450.9,alto
5,165.7,6,9.5,D,Junio,356.0,alto
2,196.9,4,3.7,B,Agosto,266.6,normal
4,190.8,11,0.8,B,Octubre,300.7,alto
2,215.8,11,,C,Mayo,372.9,alto
1,141.8,10,7.0,B,Agosto,324.4,alto
2,116.0,8,3.3,D,Octubre,192.1,normal
6,267.2,8,2.4,C,Febrero,342.8,alto
2,210.9,2,0.3,C,Septiembre,165.6,normal
5,297.5,3,4.1,B,Noviembre,326.8,alto
2,158.6,8,1.3,b,Octubre,227.2,normal
7,247.8,2,9.6,A,Julio,441.3,alto
4,222.1,3,6.5,B,Octubre,307.6,alto
2,39.0,14,7.9,C,Diciembre,291.9,normal
2,,10,0.5,C,Octubre,4287.589661823716,normal
4,265.5,7,10.2,B,Septiembre,429.9,alto
1,240.9,10,1.1,B,Agosto,245.2,normal
4,79.1,7,6.2,C,Enero,302.7,alto
7,34.2,12,2.6,B,Mayo,306.8,alto
6,289.5,8,2.4,d,Enero,350.0,alto
2,40.0,9,4.8,C,Marzo,194.1,normal
2,76.4,2,0.5,D,Julio,128.5,normal
6,183.4,12,10.7,D,Junio,442.3,alto
6,144.1,7,3.2,B,Enero,343.3,alto
6,283.9,12,0.2,D,Octubre,332.8,alto
4,172.2,5,9.5,C,Febrero,324.5,alto
1,287.3,12,9.9,B,Noviembre,429.6,alto
2,169.8,3,10.9,A,Febrero,376.4,alto
1,,6,5.4,C,Octubre,242.4,normal
6,44.2,7,4.0,C,Septiembre,285.3,normal
2,256.8,11,11.0,C,Febrero,435.9,alto
6,273.1,12,1.6,b,Septiembre,372.1,alto
1,112.8,4,11.6,B,Diciembre,326.7,alto
4,269.9,3,9.2,d,Octubre,405.2,alto
1,38.3,6,3.1,B,Enero,184.6,normal
4,182.8,7,5.6,C,Octubre,296.0,normal
2,153.8,8,2.2,B,Diciembre,249.5,normal
4,252.4,12,5.3,D,Septiembre,379.3,alto
6,205.6,12,11.3,c,Marzo,476.0,alto
3,188.5,6,4.6,B,Noviembre,300.6,alto
4,94.1,8,3.3,C,Julio,242.3,normal
2,219.2,2,4.9,D,Enero,212.9,normal
3,52.0,13,11.2,B,Agosto,407.9,alto
3,295.2,4,8.1,B,Junio,359.0,alto
4,191.6,10,6.0,C,Diciembre,355.3,alto
2,261.2,9,3.8,C,Noviembre,326.0,alto
7,228.9,2,2.4,D,Diciembre,292.1,normal
5,253.2,14,3.1,D,Agosto,349.6,alto
6,177.5,12,3.8,C,Julio,369.1,alto
4,249.5,14,5.5,C,Marzo,432.2,alto
2,288.5,3,5.5,D,Junio,299.8,normal
3,178.2,14,,D,Febrero,433.0,alto
5,209.7,14,8.5,C,Diciembre,453.3,alto
1,110.1,13,2.1,B,Junio,219.8,normal
4,227.2,5,3.0,C,Enero,276.0,normal
2,241.3,6,9.8,d,Enero,358.9,alto
5,,9,6.8,D,Mayo,336.6,alto
6,97.6,12,7.0,C,Enero,367.5,alto
6,260.2,5,11.5,C,Octubre,462.8,alto
7,183.2,2,11.2,C,Abril,414.8,alto
5,256.8,14,9.7,C,Julio,509.5,alto
2,165.2,9,4.7,C,Julio,250.9,normal
6,185.3,14,0.6,B,Enero,368.8,alto
5,62.5,4,6.1,B,Enero,272.3,normal
7,68.8,13,3.9,D,Abril,355.2,alto
7,268.6,13,8.9,B,Julio,502.1,alto
6,92.7,12,7.7,C,Noviembre,373.9,alto
1,154.8,13,5.8,D,Febrero,281.1,normal
7,270.7,6,5.2,C,Diciembre,398.2,alto
2,164.6,9,5.4,B,Febrero,326.3,alto
5,40.0,10,0.0,C,Mayo,249.5,normal
6,146.9,7,8.3,B,Abril,344.2,alto
2,114.2,6,4.4,B,Noviembre,247.8,normal
2,99.9,14,6.8,C,Noviembre,315.2,alto
3,278.0,4,5.6,C,Abril,305.9,alto
7,234.7,10,9.0,C,Junio,496.1,alto
5,126.1,14,,D,Enero,282.8,normal
7,75.1,8,5.2,D,Abril,313.8,alto
1,184.8,3,4.4,B,Noviembre,227.8,normal
4,46.2,7,2.7,D,Septiembre,211.6,normal
4,50.5,10,4.8,C,Julio,248.5,normal
6,39.6,14,0.4,D,Abril,251.3,normal
1,118.6,12,9.0,A,Septiembre,383.9,alto
3,237.1,14,9.4,C,Junio,425.7,alto
1,154.7,4,10.9,C,Agosto,298.5,normal
1,258.2,2,9.0,B,Abril,340.4,alto
2,211.7,6,6.7,B,Julio,298.2,normal
1,100.9,10,11.7,B,Abril,354.6,alto
1,256.0,11,10.4,C,Mayo,400.0,alto
7,93.4,4,8.2,A,Marzo,392.5,alto
3,58.9,10,,D,Junio,240.0,normal
5,70.8,13,1.3,D,Septiembre,244.5,normal
7,100.2,13,6.6,D,Marzo,437.5,alto
3,263.5,4,5.9,B,Marzo,317.5,alto
4,144.3,14,0.4,C,Febrero,278.0,normal
6,88.0,2,3.7,C,Noviembre,252.4,normal
5,96.4,8,1.9,A,Abril,253.5,normal
4,81.6,4,8.4,D,Septiembre,270.2,normal
6,,11,11.4,C,Octubre,446.1,alto
3,232.9,13,0.7,C,Agosto,282.8,normal
5,114.0,9,0.8,B,Julio,259.8,normal
7,259.7,12,1.7,C,Noviembre,405.2,alto
3,173.8,2,1.6,C,Noviembre,223.3,normal
6,164.9,2,5.3,D,Abril,302.3,alto
3,257.0,8,,B,Noviembre,329.8,alto
6,258.3,6,11.6,A,Julio,3631.3630494021795,alto
1,79.2,6,4.4,D,Junio,170.5,normal
7,161.6,6,7.8,D,Marzo,399.9,alto
1,167.9,9,10.1,B,Junio,335.8,alto
2,208.8,10,4.9,D,Octubre,316.5,alto
6,297.6,6,3.2,A,Marzo,361.3,alto
5,213.3,7,9.6,A,Febrero,418.0,alto
5,110.1,5,,C,Octubre,301.8,alto
4,197.3,8,8.9,D,Septiembre,379.0,alto
1,,13,9.6,D,Agosto,298.8,normal
5,266.8,7,6.7,C,Diciembre,371.9,alto
7,113.4,7,2.0,A,Noviembre,305.4,alto
3,250.6,7,2.0,B,Julio,287.4,normal
1,85.8,7,2.8,C,Diciembre,172.3,normal
3,255.4,14,5.6,D,Abril,4548.2939815151585,alto
3,67.5,7,11.5,C,Septiembre,332.7,alto
2,201.5,6,5.8,c,Enero,291.7,normal
6,39.2,2,4.6,A,Marzo,274.6,normal
1,123.5,7,7.5,D,Julio,264.2,normal
5,265.1,3,,C,Febrero,299.8,normal
3,243.1,13,2.5,C,Mayo,323.0,alto
1,236.1,9,10.7,C,Diciembre,386.0,alto
5,198.0,11,9.1,D,Octubre,389.2,alto
3,230.4,5,9.3,D,Junio,376.8,alto
6,199.8,5,1.2,B,Julio,294.9,normal
4,145.4,4,10.1,D,Septiembre,338.7,alto
5,202.1,9,10.5,D,Septiembre,406.6,alto
5,173.1,12,0.5,C,Noviembre,264.9,normal
5,31.7,2,2.1,B,Octubre,219.2,normal
7,,6,0.8,C,Febrero,229.7,normal
5,107.5,10,,C,Diciembre,297.8,normal
7,88.7,9,5.1,B,Enero,387.3,alto
2,151.2,8,3.5,C,Junio,234.0,normal
3,150.1,8,5.8,C,Noviembre,254.1,normal
7,131.7,3,4.7,B,Noviembre,290.3,normal
1,94.3,13,2.3,B,Octubre,203.4,normal
7,30.2,5,8.4,D,Junio,302.2,alto
4,58.2,14,1.0,C,Diciembre,281.6,normal
7,183.3,14,2.8,D,Febrero,356.9,alto
5,173.6,8,11.7,D,Abril,430.2,alto
6,253.1,9,8.8,B,Julio,447.8,alto
4,88.0,6,1.5,C,Diciembre,175.2,normal
5,166.4,5,0.8,C,Enero,230.5,normal
3,244.8,9,6.3,B,Agosto,351.1,alto
7,57.4,13,0.8,B,Octubre,314.1,alto
1,85.3,11,10.7,C,Octubre,318.7,alto
7,106.3,5,12.0,C,Agosto,409.3,alto
6,203.5,6,6.7,C,Marzo,369.3,alto
1,251.8,6,11.5,D,Marzo,353.3,alto
4,144.1,7,0.8,A,Diciembre,289.2,normal
4,217.7,5,7.1,D,Junio,297.1,normal
3,,11,8.7,D,Agosto,359.5,alto
1,80.6,9,3.2,D,Diciembre,222.0,normal
1,159.4,13,9.4,C,Enero,340.7,alto
5,176.5,13,0.9,A,Agosto,287.7,normal
3,160.3,9,1.6,C,Mayo,283.2,normal
1,188.1,9,7.3,D,Octubre,297.3,normal
2,49.9,2,9.5,B,Julio,280.3,normal
5,150.1,14,3.5,D,Agosto,347.7,alto
1,99.6,7,,D,Noviembre,260.8,normal
4,247.4,10,2.5,C,Marzo,332.8,alto
6,210.0,4,6.9,B,Octubre,363.9,alto
3,227.0,11,0.9,D,Enero,305.7,alto
6,,11,4.6,B,Octubre,399.7,alto
2,111.4,13,0.9,D,Marzo,238.6,normal
2,31.6,4,0.3,C,Marzo,139.0,normal
2,211.2,7,3.0,C,Julio,266.3,normal
1,72.2,14,6.9,D,Junio,247.4,normal
7,264.8,2,8.3,B,Enero,412.1,alto
3,189.9,8,4.7,C,Julio,272.7,normal
2,238.2,7,1.4,C,Marzo,229.5,normal
3,210.5,8,9.2,B,Febrero,371.6,alto
2,133.2,14,,D,Mayo,208.6,normal
1,56.3,3,8.2,C,Junio,261.7,normal
4,84.9,10,4.5,D,Mayo,290.1,normal
6,101.6,3,11.2,c,Noviembre,359.7,alto
1,87.8,7,7.4,B,Abril,237.9,normal
1,174.4,6,9.7,C,Junio,317.9,alto
2,151.5,3,1.7,A,Julio,196.5,normal
5,224.6,12,0.4,C,Agosto,329.4,alto
6,,12,7.0,D,Mayo,336.8,alto
5,291.6,9,,C,Marzo,420.9,alto
4,176.1,6,7.8,B,Octubre,364.1,alto
6,209.4,13,11.4,B,Septiembre,518.5,alto
5,245.9,2,3.6,B,Julio,290.8,normal
3,197.7,6,5.4,C,Diciembre,318.1,alto
3,106.7,14,10.1,C,Septiembre,367.0,alto
4,,11,4.8,B,Febrero,329.9,alto
2,100.8,5,8.0,B,Octubre,287.4,normal
2,,14,,D,Abril,199.2,normal
6,220.5,3,10.5,B,Mayo,453.5,alto
3,241.6,12,7.2,B,Septiembre,384.4,alto
7,269.5,10,6.4,B,Junio,464.7,alto
4,136.7,9,2.5,D,Enero,273.3,normal
7,45.8,6,4.5,B,Octubre,277.7,normal
2,202.9,3,8.3,B,Noviembre,354.6,alto
7,106.5,10,0.3,D,Junio,274.0,normal
1,95.9,6,,B,Octubre,178.6,normal
7,202.9,12,1.0,C,Febrero,352.4,alto
4,259.5,9,11.6,C,Diciembre,450.2,alto
7,,13,3.2,C,Febrero,376.3,alto
4,69.1,2,11.5,D,Junio,326.3,alto
7,122.1,12,2.2,C,Mayo,331.6,alto
4,182.2,4,5.5,B,Agosto,289.2,normal
7,183.5,3,0.8,B,Febrero,283.9,normal
6,192.1,10,10.3,A,Agosto,476.3,alto
4,247.3,3,6.8,B,Abril,362.1,alto
2,49.6,6,3.0,B,Diciembre,169.2,normal
1,227.2,14,,C,Junio,3141.661308449552,normal
1,,5,11.1,C,Diciembre,336.2,alto
2,191.3,9,9.8,C,Mayo,370.3,alto
6,54.0,6,6.3,B,Octubre,282.4,normal
5,40.2,9,1.8,A,Octubre,235.3,normal
6,265.1,14,8.9,D,Julio,523.4,alto
7,128.8,2,7.6,C,Mayo,316.3,alto
2,225.9,13,,C,Abril,295.2,normal
6,80.1,12,3.2,D,Marzo,298.1,normal
3,272.3,2,8.1,C,Agosto,331.8,alto
6,167.0,5,4.3,B,Febrero,304.5,alto
3,148.6,5,12.0,C,Octubre,336.1,alto
6,275.6,7,11.4,B,Mayo,468.4,alto
7,235.9,11,8.5,C,Julio,491.4,alto
1,92.3,5,5.1,D,Enero,201.0,normal
4,256.3,13,6.3,B,Mayo,400.6,alto
7,185.6,8,5.8,C,Julio,348.4,alto
2,182.1,5,0.1,C,Febrero,174.3,normal
6,258.8,4,11.7,B,Enero,491.2,alto
5,127.5,10,,C,Septiembre,387.2,alto
2,161.6,12,1.9,C,Junio,222.8,normal
7,187.0,10,5.2,C,Abril,408.5,alto
4,149.3,2,9.6,A,Noviembre,374.4,alto
6,259.2,9,2.1,A,Mayo,377.0,alto
1,276.1,14,8.4,C,Febrero,398.8,alto
6,68.1,2,0.3,A,Diciembre,184.5,normal
2,42.7,7,7.2,D,Noviembre,239.3,normal
3,79.6,9,11.4,D,Noviembre,334.5,alto
7,,5,,B,Diciembre,382.8,alto
6,298.5,6,1.6,D,Mayo,309.3,alto
4,287.5,13,9.5,C,Junio,478.8,alto
7,138.9,10,9.2,B,Abril,428.2,alto
5,294.7,10,8.4,D,Septiembre,472.2,alto
6,242.9,14,6.6,D,Mayo,435.1,alto
7,173.8,9,2.4,C,Abril,324.8,alto
6,76.7,14,2.9,C,Septiembre,351.9,alto
5,59.7,5,8.0,B,Marzo,315.5,alto
4,199.7,2,11.3,C,Febrero,353.7,alto
4,194.9,5,1.3,B,Enero,222.6,normal
7,198.9,8,1.7,D,Abril,310.8,alto
3,252.2,6,4.6,A,Noviembre,348.2,alto
3,262.3,13,,C,Enero,346.3,alto
3,173.6,5,9.6,C,Mayo,330.6,alto
3,136.3,10,0.1,C,Mayo,236.8,normal
7,131.4,4,11.9,D,Noviembre,402.4,alto
2,277.0,4,11.0,D,Julio,328.5,alto
3,179.0,8,4.8,D,Febrero,277.0,normal
2,95.4,13,,C,Noviembre,289.1,normal
1,86.8,5,7.2,D,Mayo,233.7,normal
3,151.4,10,10.1,D,Agosto,357.8,alto
5,77.5,7,6.5,C,Septiembre,331.9,alto
4,39.7,5,4.6,B,Septiembre,226.6,normal
3,249.3,14,5.4,C,Abril,391.6,alto
6,33.6,6,6.2,A,Diciembre,313.1,alto
3,277.4,13,3.5,D,Octubre,350.8,alto
6,157.2,6,9.9,D,Noviembre,373.5,alto
5,42.6,8,5.3,c,Julio,255.4,normal
1,43.8,13,7.2,B,Mayo,300.2,alto
4,110.4,10,6.4,c,Abril,347.7,alto
7,202.7,10,10.3,D,Enero,424.3,alto
5,85.4,14,8.5,C,Marzo,402.6,alto
7,171.7,10,8.2,A,Diciembre,454.8,alto
4,177.3,6,4.0,C,Agosto,263.3,normal
5,273.4,4,,B,Diciembre,414.1,alto
4,127.7,8,7.0,C,Mayo,297.9,normal
4,227.1,6,11.9,C,Septiembre,4481.162790437084,alto
5,55.3,5,5.4,D,Noviembre,257.5,normal
3,173.5,8,4.4,C,Julio,281.7,normal
1,73.7,14,9.3,C,Enero,320.8,alto
5,,8,9.1,C,Junio,434.0,alto
6,298.2,13,10.2,B,Mayo,518.7,alto
2,54.4,11,1.1,B,Febrero,177.2,normal
2,100.7,3,5.5,B,Noviembre,199.4,normal
4,148.6,7,7.3,C,Abril,294.2,normal
3,204.2,9,10.6,C,Febrero,394.3,alto
1,249.1,12,,C,Enero,380.3,alto
5,224.9,3,2.4,D,Noviembre,289.0,normal
7,,8,4.0,a,Agosto,381.3,alto
4,237.1,12,5.8,B,Febrero,357.0,alto
6,126.8,10,3.8,B,Febrero,332.2,alto
1,150.6,2,1.1,C,Marzo,150.1,normal
4,254.3,2,9.5,D,Septiembre,353.2,alto
1,87.8,11,,B,Noviembre,173.7,normal
2,65.9,3,1.4,B,Enero,140.8,normal
7,232.0,3,8.2,C,Septiembre,365.6,alto
4,80.8,5,3.6,B,Abril,3507.484164472724,normal
2,292.5,9,5.1,C,Enero,323.1,alto
1,151.0,12,5.1,C,Marzo,310.8,alto
7,32.5,12,10.7,B,Marzo,433.6,alto
6,33.1,7,8.1,A,Julio,348.0,alto
7,,11,10.4,D,Noviembre,500.5,alto
3,146.2,14,4.1,B,Junio,347.9,alto
4,144.2,14,0.8,A,Septiembre,287.9,normal
3,38.3,8,10.2,C,Mayo,331.0,alto
4,225.6,10,10.6,D,Agosto,422.1,alto
5,251.6,5,10.1,C,Enero,416.6,alto
3,97.5,2,10.8,C,Junio,289.8,normal
3,36.8,14,9.2,B,Septiembre,345.6,alto
7,184.9,11,5.7,C,Septiembre,414.8,alto
2,55.1,9,11.1,D,Enero,343.7,alto
2,,12,3.1,A,Febrero,274.6,normal
6,229.0,11,7.2,B,Febrero,438.9,alto
1,,4,11.0,C,Febrero,308.0,alto
6,204.7,2,6.0,C,Enero,344.8,alto
6,190.4,2,2.6,B,Abril,287.3,normal
7,,10,5.9,D,Marzo,400.7,alto
3,146.5,10,9.1,B,Febrero,355.7,alto
1,218.1,2,9.0,B,Enero,2941.079279570043,alto
4,177.7,5,1.9,B,Septiembre,272.2,normal
4,216.3,4,5.3,C,Diciembre,286.5,normal
4,180.1,4,9.9,A,Marzo,415.3,alto
2,263.3,5,2.4,A,Mayo,264.1,normal
4,140.4,14,10.4,C,Enero,412.3,alto
5,216.8,11,11.3,C,Octubre,472.7,alto
7,273.1,12,4.6,C,Enero,444.7,alto
5,127.7,14,9.8,B,Octubre,442.1,alto
1,151.2,14,10.7,C,Octubre,410.7,alto
3,90.5,2,10.5,C,Septiembre,301.9,alto
1,30.7,4,9.2,B,Marzo,243.2,normal
1,46.8,8,6.7,C,Octubre,238.7,normal
5,120.6,4,7.4,D,Septiembre,302.7,alto
5,61.4,5,3.4,A,Septiembre,236.9,normal
5,261.4,9,,B,Diciembre,372.1,alto
4,130.4,5,5.8,B,Agosto,244.7,normal
2,141.2,14,1.5,D,Marzo,242.9,normal
2,248.2,6,6.6,C,Enero,298.7,normal
1,191.6,8,2.9,D,Septiembre,226.5,normal
1,283.0,12,7.4,C,Junio,384.3,alto
1,65.1,9,1.4,C,Mayo,167.3,normal
5,261.4,10,0.6,B,Octubre,358.8,alto
3,88.1,14,3.0,C,Marzo,301.3,alto
1,256.3,2,,C,Noviembre,198.9,normal
2,62.5,5,5.7,B,Junio,3379.4125030418713,normal
1,196.0,9,2.9,C,Agosto,249.3,normal
4,,7,5.7,D,Julio,348.7,alto
1,242.3,9,1.2,C,Noviembre,215.3,normal
1,234.7,11,3.6,C,Septiembre,275.9,normal
2,65.5,13,2.0,C,Agosto,243.4,normal
1,259.3,8,2.2,C,Octubre,249.1,normal
1,229.1,2,,D,Junio,160.1,normal
3,274.0,5,8.5,D,Abril,336.1,alto
4,59.9,4,,C,Marzo,311.8,alto
4,41.5,13,11.7,D,Enero,390.1,alto
6,77.9,4,4.9,C,Julio,266.2,normal
1,107.6,9,3.8,D,Julio,219.4,normal
2,173.8,7,,B,Abril,309.3,alto
4,199.4,4,8.8,C,Mayo,368.7,alto
3,244.9,14,11.1,D,Enero,450.4,alto
5,222.2,10,9.0,C,Diciembre,384.9,alto
3,74.9,13,,C,Mayo,244.3,normal
2,211.1,4,6.9,B,Mayo,265.9,normal
3,41.1,4,1.2,C,Julio,109.3,normal
6,,14,11.6,A,Enero,483.1,alto
6,275.2,3,2.3,D,Diciembre,279.0,normal
2,276.2,6,8.3,D,Septiembre,342.1,alto
1,52.4,2,1.7,B,Octubre,90.4,bajo
1,167.6,13,11.4,B,Octubre,419.2,alto
3,165.3,7,0.7,C,Abril,233.5,normal
5,32.7,4,4.8,A,Agosto,276.4,normal
4,40.8,8,6.9,D,Julio,268.2,normal
2,,6,7.7,A,Mayo,358.5,alto
3,37.4,5,9.7,A,Julio,321.1,alto
3,233.4,5,0.1,C,Diciembre,205.9,normal
5,109.4,3,4.7,C,Septiembre,264.0,normal
4,95.7,11,8.7,C,Julio,370.9,alto
3,286.3,14,10.2,D,Mayo,500.8,alto
3,36.3,3,4.2,c,Abril,189.0,normal
1,219.6,8,2.4,B,Noviembre,220.7,normal
5,281.5,14,5.4,B,Agosto,467.0,alto
2,296.9,3,7.1,D,Junio,254.8,normal
1,,6,6.3,C,Junio,247.0,normal
5,194.9,11,6.9,A,Junio,380.8,alto
3,186.2,4,5.4,B,Junio,310.8,alto
1,230.6,9,2.4,c,Septiembre,237.5,normal
2,,7,11.2,D,Diciembre,395.6,alto
4,188.8,4,4.6,A,Julio,314.5,alto
4,118.7,6,6.7,D,Septiembre,287.6,normal
3,,6,2.6,c,Septiembre,4427.633144831113,normal
3,139.5,3,7.0,A,Octubre,297.0,normal
5,116.3,9,0.0,C,Julio,200.1,normal
6,224.7,8,,C,Marzo,464.5,alto
7,98.9,6,0.4,B,Abril,254.3,normal
7,62.1,4,8.5,B,Julio,344.6,alto
4,206.1,7,11.2,C,Noviembre,398.1,alto
5,153.2,14,4.4,D,Septiembre,365.7,alto
1,78.4,14,8.8,B,Octubre,334.9,alto
1,80.6,4,8.9,C,Diciembre,239.7,normal
7,113.6,7,6.0,C,Enero,3743.400232037835,alto
4,189.4,2,8.4,C,Agosto,290.8,normal
1,53.6,12,5.4,B,Marzo,261.2,normal
1,100.1,7,11.0,A,Marzo,332.7,alto
7,34.8,7,3.6,C,Junio,280.7,normal
6,213.5,13,8.6,C,Septiembre,434.2,alto
7,,14,,D,Noviembre,443.4,alto
7,147.3,14,4.2,B,Agosto,392.1,alto
1,,4,11.5,D,Marzo,304.6,alto
7,58.1,5,6.4,B,Noviembre,373.8,alto
6,255.6,14,0.3,C,Agosto,367.6,alto
5,88.6,9,,D,Agosto,359.4,alto
4,213.7,8,7.3,D,Mayo,345.3,alto
5,116.9,3,,C,Julio,194.7,normal
2,40.7,4,7.5,C,Enero,239.9,normal
7,259.7,13,11.0,C,Enero,546.8,alto
1,231.6,7,0.1,C,Septiembre,177.5,normal
7,141.6,12,0.9,B,Noviembre,317.3,alto
5,291.6,6,2.0,B,Septiembre,307.9,alto
4,69.2,4,3.8,B,Enero,217.2,normal
7,183.6,7,9.4,D,Mayo,422.9,alto
5,258.6,8,1.8,B,Junio,320.3,alto
5,238.0,12,8.1,B,Diciembre,412.2,alto
3,94.5,7,11.3,B,Mayo,345.9,alto
7,147.2,12,8.3,C,Septiembre,456.6,alto
5,,13,1.9,C,Septiembre,369.5,alto
3,153.3,7,9.4,B,Marzo,326.1,alto
4,52.6,13,6.1,D,Marzo,303.6,alto
1,61.2,9,,C,Abril,188.9,normal
1,223.8,13,0.2,C,Noviembre,214.7,normal
2,112.2,7,3.8,D,Junio,213.0,normal
6,149.4,12,10.7,C,Noviembre,459.2,alto
6,262.1,7,0.8,A,Abril,316.9,alto
3,142.6,7,4.3,C,Octubre,264.1,normal
1,32.4,9,4.0,C,Marzo,186.3,normal
4,73.0,9,8.2,B,Diciembre,359.8,alto
6,53.2,4,8.1,B,Agosto,312.9,alto
6,225.6,6,6.5,B,Junio,4675.9963732572205,alto
4,198.7,9,6.0,C,Agosto,341.0,alto
4,283.7,8,10.0,C,Octubre,456.0,alto
4,,8,11.2,D,Diciembre,325.3,alto
2,145.5,10,2.3,D,Septiembre,250.2,normal
2,298.1,11,9.4,C,Febrero,419.4,alto
5,67.6,10,4.1,C,Septiembre,292.1,normal
2,163.6,13,1.2,C,Septiembre,271.1,normal
6,125.4,2,4.9,B,Octubre,266.8,normal
3,,6,7.1,C,Septiembre,350.5,alto
6,35.4,3,3.0,D,Febrero,210.9,normal
7,69.9,3,3.6,D,Noviembre,251.1,normal
1,99.5,13,4.2,A,Agosto,280.2,normal
2,,2,7.8,B,Julio,232.9,normal
6,162.0,10,11.9,B,Septiembre,469.6,alto
2,200.0,7,5.3,C,Febrero,279.0,normal
7,212.8,14,0.4,B,Abril,372.9,alto
5,136.4,13,11.0,C,Septiembre,461.6,alto
2,189.8,14,7.4,A,Agosto,393.9,alto
1,104.6,6,2.4,B,Julio,175.9,normal
6,123.2,6,10.6,C,Marzo,405.0,alto
4,116.6,5,7.5,D,Febrero,283.9,normal
3,60.1,7,10.7,B,Febrero,340.9,alto
5,294.6,13,0.5,B,Junio,333.5,alto
3,52.6,12,10.4,C,Enero,365.1,alto
5,138.8,12,1.1,C,Abril,295.0,normal
7,114.3,14,11.0,D,Septiembre,496.8,alto
7,87.2,10,0.0,D,Enero,240.5,normal
4,178.3,5,9.5,B,Enero,381.8,alto
5,153.9,6,6.2,C,Junio,357.6,alto
7,142.6,9,2.7,B,Junio,349.7,alto
1,136.1,10,,A,Febrero,319.7,alto
7,115.0,10,6.5,B,Noviembre,412.5,alto
3,201.6,13,5.3,C,Diciembre,359.6,alto
2,,7,3.7,D,Septiembre,256.0,normal
3,177.0,9,11.7,D,Enero,377.9,alto
4,123.9,13,2.2,C,Marzo,259.2,normal
5,286.0,13,7.9,C,Marzo,4319.165866841402,alto
4,231.3,7,10.1,B,Junio,420.6,alto
2,156.4,4,11.9,D,Noviembre,315.1,alto
5,83.9,13,0.4,C,Noviembre,302.5,alto
2,145.0,6,3.1,D,Junio,224.1,normal
1,279.1,14,4.7,D,Diciembre,311.5,alto
7,133.7,11,7.1,C,Octubre,430.9,alto
2,34.2,13,4.3,D,Diciembre,269.3,normal
3,117.3,5,10.4,D,Julio,289.2,normal
5,145.9,3,7.9,D,Febrero,312.2,alto
4,103.2,5,9.7,C,Marzo,328.0,alto
1,170.1,11,1.4,C,Marzo,219.0,normal
4,115.9,14,4.7,d,Mayo,346.9,alto
3,279.6,10,3.0,C,Febrero,324.9,alto
1,152.7,12,6.5,C,Marzo,334.0,alto
7,88.7,3,1.1,C,Agosto,257.5,normal
3,234.7,6,8.0,C,Julio,367.5,alto
5,92.6,11,7.3,B,Enero,369.1,alto
5,270.4,4,1.3,C,Abril,276.2,normal
6,174.9,11,,C,Julio,462.3,alto
7,93.4,6,1.1,C,Marzo,278.7,normal
4,,3,6.3,C,Enero,261.0,normal
7,65.2,11,4.4,C,Junio,2981.6101407771134,alto
3,48.7,5,7.3,D,Diciembre,214.8,normal
2,33.3,8,5.6,C,Octubre,233.5,normal
1,76.7,6,8.1,C,Febrero,194.9,normal
1,219.4,9,3.2,C,Septiembre,254.3,normal
5,267.1,10,11.6,C,Noviembre,494.0,alto
7,184.5,8,6.7,C,Febrero,392.3,alto
6,170.2,9,1.2,D,Septiembre,254.3,normal
2,35.5,4,2.3,C,Mayo,175.4,normal
4,128.7,6,3.0,C,Noviembre,265.5,normal
2,49.4,4,9.0,C,Octubre,246.5,normal
7,86.0,10,,D,Mayo,270.9,normal
7,222.1,2,11.0,D,Mayo,397.3,alto
7,215.7,13,0.1,D,Abril,379.4,alto
1,291.2,14,6.6,B,Octubre,379.9,alto
6,41.9,6,11.3,B,Octubre,364.9,alto
3,297.0,10,11.8,C,Agosto,483.4,alto
4,137.9,8,6.7,D,Noviembre,293.1,normal
4,98.0,6,10.0,C,Marzo,358.9,alto
3,79.1,8,2.9,B,Marzo,233.1,normal
2,297.0,8,0.6,D,Septiembre,237.6,normal
4,87.5,7,5.0,A,Septiembre,318.3,alto
4,233.2,10,5.8,D,Noviembre,400.7,alto
1,196.5,10,1.9,D,Julio,221.2,normal
3,271.6,11,1.7,B,Octubre,335.1,alto
3,132.4,11,10.3,B,Abril,324.0,alto
2,247.5,12,2.6,C,Agosto,305.1,alto
2,125.5,5,0.5,C,Diciembre,187.8,normal
2,,13,0.3,A,Noviembre,259.4,normal
4,278.2,14,6.5,A,Junio,425.2,alto
3,62.5,5,2.0,D,Mayo,146.1,normal
6,297.6,7,11.5,C,Enero,491.1,alto
2,263.4,2,8.3,A,Marzo,327.7,alto
6,46.1,5,8.1,B,Febrero,337.2,alto
1,115.7,7,11.3,C,Diciembre,309.3,alto
2,143.1,14,,C,Febrero,384.3,alto
3,241.0,8,11.8,C,Abril,459.7,alto
5,,11,10.4,C,Octubre,496.2,alto
1,261.8,14,7.0,C,Abril,375.1,alto
7,,8,6.7,B,Noviembre,424.0,alto
4,,2,6.7,C,Noviembre,258.6,normal
2,125.4,8,5.8,C,Julio,261.6,normal
7,141.9,2,2.9,B,Febrero,305.4,alto
7,164.3,14,11.9,D,Junio,499.8,alto
6,257.9,12,,C,Octubre,428.3,alto
1,221.4,6,4.6,C,Noviembre,264.4,normal
7,228.2,6,2.4,A,Enero,347.0,alto
5,160.1,2,6.6,C,Octubre,311.8,alto
3,46.7,10,11.2,C,Abril,364.7,alto
2,104.8,14,6.4,B,Septiembre,330.8,alto
2,,12,2.5,B,Febrero,306.7,alto
6,41.4,6,4.0,D,Febrero,250.3,normal
3,130.6,12,,C,Marzo,240.3,normal
1,40.7,12,10.4,D,Enero,331.1,alto
7,236.5,3,7.4,D,Marzo,372.1,alto
7,36.1,8,11.9,B,Agosto,420.7,alto
7,139.8,7,7.7,D,Julio,346.4,alto
3,54.9,12,3.5,c,Enero,242.0,normal
2,270.8,12,0.3,D,Diciembre,278.1,normal
1,65.7,10,2.6,D,Agosto,179.3,normal
6,147.9,12,2.0,B,Noviembre,327.0,alto
3,58.0,6,9.6,C,Febrero,309.4,alto
1,236.3,11,1.4,B,Julio,267.3,normal
3,288.6,9,0.5,C,Diciembre,266.0,normal
2,41.9,10,8.1,C,Noviembre,252.4,normal
4,206.5,10,5.4,C,Abril,3733.7119963193772,alto
2,223.1,4,10.5,B,Julio,352.4,alto
6,44.2,5,2.4,C,Julio,236.7,normal
2,31.8,12,7.1,D,Marzo,244.2,normal
2,96.0,14,6.9,C,Septiembre,332.8,alto
7,188.8,11,5.6,C,Septiembre,425.1,alto
5,,13,1.7,C,Abril,325.5,alto
6,76.2,11,,C,Enero,263.1,normal
3,114.6,6,5.2,D,Marzo,269.8,normal
6,223.0,11,2.0,C,Noviembre,344.4,alto
5,119.9,2,8.0,A,Abril,302.3,alto
3,154.9,14,9.5,B,Junio,439.3,alto
2,168.2,13,10.2,C,Octubre,420.0,alto
7,287.4,14,2.2,D,Agosto,419.4,alto
1,282.1,14,5.7,D,Mayo,335.2,alto
1,155.1,8,10.4,C,Abril,327.5,alto
2,32.4,12,5.4,B,Octubre,311.1,alto
2,62.1,8,8.0,B,Noviembre,303.9,alto
4,250.2,13,5.6,B,Agosto,376.2,alto
4,190.6,14,8.4,A,Marzo,453.8,alto
5,121.9,8,6.9,B,Septiembre,384.4,alto
6,212.9,4,5.2,B,Mayo,344.4,alto
5,57.7,5,2.9,b,Abril,214.4,normal
2,128.2,9,6.0,B,Marzo,268.4,normal
5,215.7,12,10.9,D,Febrero,494.8,alto
2,243.4,8,2.2,B,Febrero,259.0,normal
4,190.4,6,3.4,C,Abril,239.8,normal
1,256.6,3,9.3,C,Abril,311.2,alto
5,217.3,7,6.5,C,Julio,372.5,alto
2,239.0,11,3.3,D,Abril,286.0,normal
5,176.0,2,10.7,D,Mayo,372.5,alto
2,41.6,7,9.6,C,Febrero,294.5,normal
5,276.6,11,3.5,D,Mayo,376.9,alto
1,37.9,6,,D,Diciembre,279.4,normal
5,150.1,14,0.5,C,Julio,299.8,normal
5,253.5,10,11.4,C,Octubre,467.8,alto
5,114.8,13,5.4,C,Septiembre,339.8,alto
3,172.0,7,3.7,B,Septiembre,258.0,normal
2,239.8,5,5.1,C,Noviembre,268.6,normal
2,254.3,8,,B,Diciembre,391.4,alto
7,82.5,14,10.4,B,Junio,448.9,alto
1,136.6,3,3.9,B,Diciembre,245.7,normal
7,49.1,10,0.5,B,Diciembre,285.0,normal
5,235.9,14,6.1,D,Diciembre,395.9,alto
5,229.0,2,7.2,C,Mayo,312.9,alto
3,230.6,3,3.8,C,Septiembre,278.5,normal
1,71.3,8,1.0,B,Octubre,188.2,normal
5,133.8,4,4.5,C,Noviembre,275.9,normal
2,48.1,10,5.2,B,Enero,206.3,normal
1,63.2,6,10.3,C,Junio,252.5,normal
2,42.8,5,4.4,B,Marzo,221.0,normal
2,155.3,7,6.2,B,Junio,297.7,normal
3,43.4,5,11.3,C,Julio,297.9,normal
1,178.2,9,6.2,B,Diciembre,267.1,normal
2,281.2,9,1.6,C,Julio,298.9,normal
6,36.5,13,7.7,C,Mayo,3955.487006653917,alto
7,,13,2.8,C,Diciembre,339.5,alto
4,144.7,7,9.2,A,Agosto,378.7,alto
1,195.2,13,6.8,C,Febrero,341.0,alto
4,103.0,12,9.6,D,Mayo,378.6,alto
2,195.1,10,0.2,D,Febrero,222.8,normal
7,134.7,8,0.7,C,Septiembre,260.5,normal
2,280.7,12,1.1,B,Marzo,286.6,normal
1,98.8,3,4.1,C,Mayo,193.4,normal
2,200.0,9,5.6,D,Mayo,297.9,normal
1,281.2,7,3.4,D,Agosto,220.5,normal
1,117.8,10,5.9,B,Octubre,282.5,normal
3,217.1,14,2.4,C,Enero,327.4,alto
6,40.6,2,1.9,D,Junio,192.9,normal
1,130.2,12,4.5,C,Abril,272.7,normal
1,271.5,8,8.7,C,Mayo,362.1,alto
1,230.7,10,9.5,B,Septiembre,393.5,alto
2,218.2,6,8.6,A,Noviembre,356.7,alto
6,54.2,10,2.1,C,Septiembre,257.4,normal
4,159.1,8,1.9,B,Agosto,287.4,normal
1,176.4,13,6.9,D,Agosto,331.3,alto
6,116.1,8,9.3,D,Septiembre,410.9,alto
1,46.2,11,0.9,D,Octubre,156.1,normal
3,30.8,3,10.8,D,Febrero,278.6,normal
4,49.6,5,7.3,C,Enero,292.2,normal
7,118.6,5,5.0,B,Abril,328.6,alto
2,247.4,9,3.0,B,Agosto,299.8,normal
1,135.7,9,3.3,d,Enero,3490.3519031781752,normal
6,163.1,11,7.3,D,Marzo,397.6,alto
5,,13,6.8,D,Octubre,313.1,alto
1,267.6,8,6.6,B,Diciembre,335.2,alto
6,38.0,7,9.5,C,Noviembre,361.5,alto
4,205.4,7,7.3,B,Enero,349.2,alto
6,33.6,2,3.4,D,Enero,198.8,normal
4,189.8,2,8.5,C,Junio,299.4,normal
7,287.5,10,4.4,C,Julio,418.1,alto
7,116.4,13,2.4,B,Diciembre,363.3,alto
3,172.7,11,6.6,C,Octubre,323.7,alto
3,274.2,5,7.6,B,Julio,352.3,alto
1,258.1,13,8.0,B,Abril,423.7,alto
3,237.5,5,2.2,D,Octubre,241.3,normal
2,213.7,3,9.0,D,Febrero,302.9,alto
4,132.4,14,2.3,D,Marzo,291.3,normal
4,186.0,8,1.6,D,Enero,279.2,normal
5,105.7,13,5.8,C,Noviembre,339.3,alto
4,145.9,3,3.1,C,Agosto,219.3,normal
7,246.3,7,11.5,C,Abril,486.7,alto
3,95.5,2,,C,Octubre,247.9,normal
4,203.9,10,7.3,C,Julio,346.8,alto
4,60.5,14,10.4,B,Diciembre,434.2,alto
7,111.0,4,0.3,C,Enero,220.0,normal
3,128.2,2,8.9,B,Octubre,288.7,normal
3,240.7,7,7.4,B,Enero,390.3,alto
5,,11,,C,Enero,390.5,alto
6,222.7,2,8.1,C,Septiembre,370.1,alto
2,241.2,8,11.2,C,Septiembre,387.8,alto
3,293.5,10,6.5,C,Mayo,392.7,alto
4,240.1,3,3.6,C,Octubre,276.1,normal
7,127.3,4,8.2,D,Febrero,340.5,alto
5,112.9,7,9.6,C,Julio,330.0,alto
3,274.2,5,0.1,A,Julio,241.8,normal
1,157.1,6,3.4,A,Septiembre,208.5,normal
3,244.3,6,3.2,B,Marzo,289.0,normal
3,81.4,6,9.5,B,Noviembre,337.6,alto
7,184.6,14,9.3,B,Mayo,2644.3068819266305,alto
7,112.4,8,5.7,D,Febrero,320.9,alto
2,,7,4.1,B,Marzo,179.7,normal
4,85.0,4,11.9,C,Octubre,333.8,alto
1,39.6,11,2.3,C,Agosto,162.8,normal
7,187.2,14,3.7,C,Marzo,381.4,alto
7,209.4,9,5.2,D,Abril,379.4,alto
5,61.2,13,9.7,B,Mayo,418.6,alto
4,105.7,4,8.6,C,Abril,302.4,alto
3,161.3,3,9.3,A,Junio,305.6,alto
4,276.5,9,5.5,B,Enero,396.7,alto
5,157.4,14,2.5,B,Octubre,313.0,alto
4,42.6,4,,d,Octubre,287.7,normal
3,108.1,8,1.8,C,Septiembre,226.3,normal
5,292.8,14,4.4,C,Agosto,429.3,alto
5,286.1,7,,C,Octubre,299.1,normal
6,34.1,10,,C,Marzo,300.8,alto
2,90.8,8,0.5,C,Enero,188.5,normal
4,236.3,10,11.2,D,Mayo,467.5,alto
2,103.6,2,11.6,D,Julio,302.1,alto
1,,13,1.6,C,Diciembre,235.0,normal
1,37.1,11,5.4,A,Septiembre,265.7,normal
2,,13,11.1,C,Diciembre,409.1,alto
6,95.8,8,1.0,D,Julio,245.8,normal
1,40.6,2,11.7,B,Febrero,267.4,normal
2,279.5,14,10.3,B,Marzo,461.0,alto
6,236.6,5,7.4,C,Enero,409.8,alto
6,167.6,11,,C,Diciembre,420.9,alto
1,255.3,12,3.7,C,Junio,328.8,alto
6,122.4,6,11.0,B,Mayo,416.6,alto
2,148.8,9,10.3,D,Septiembre,340.3,alto
2,234.6,7,4.0,B,Febrero,265.2,normal
2,,8,8.8,D,Julio,369.8,alto
2,172.0,14,,B,Junio,239.9,normal
3,100.1,11,5.9,C,Febrero,317.6,alto
4,249.0,11,8.9,B,Diciembre,392.4,alto
1,42.4,7,5.5,B,Enero,205.8,normal
1,252.3,5,1.8,B,Julio,206.1,normal
5,121.3,13,10.9,A,Octubre,448.8,alto
7,84.0,7,2.1,C,Agosto,267.4,normal
4,171.1,9,1.9,C,Marzo,252.3,normal
4,134.5,7,2.6,B,Marzo,226.8,normal
7,78.5,12,1.1,D,Abril,275.8,normal
6,77.8,3,11.4,C,Abril,322.5,alto
1,,5,3.0,B,Diciembre,204.0,normal
7,,4,4.8,C,Junio,341.1,alto
3,172.0,8,9.3,C,Marzo,375.5,alto
5,177.7,2,4.0,d,Noviembre,251.5,normal
7,291.6,10,2.7,B,Abril,432.8,alto
3,213.1,3,4.6,D,Mayo,246.2,normal
4,222.1,12,9.8,a,Marzo,452.3,alto
6,43.8,2,0.5,B,Junio,191.3,normal
2,94.2,5,2.7,B,Mayo,174.5,normal
5,39.6,2,3.9,D,Febrero,202.9,normal
5,281.5,10,5.0,C,Julio,394.5,alto
2,258.5,12,,C,Septiembre,302.1,alto
1,141.4,5,8.9,D,Junio,298.0,normal
1,136.3,3,2.2,C,Diciembre,179.3,normal
5,235.7,4,3.3,C,Mayo,289.6,normal
1,229.0,2,5.5,D,Abril,232.7,normal
7,185.9,3,2.7,B,Junio,314.1,alto
4,125.9,9,4.9,C,Mayo,264.8,normal
4,240.8,12,2.7,C,Enero,323.1,alto
6,,3,2.4,D,Septiembre,303.5,alto
4,,11,,C,Agosto,438.9,alto
1,129.4,12,7.3,C,Mayo,300.0,normal
1,45.0,9,5.9,D,Septiembre,238.2,normal
1,195.3,2,0.5,D,Marzo,103.4,normal
7,92.9,13,5.8,D,Julio,386.9,alto
4,156.7,4,5.7,D,Febrero,279.9,normal
2,120.2,7,0.3,D,Noviembre,183.8,normal
4,,4,2.7,C,Noviembre,208.6,normal
1,,11,4.4,C,Febrero,235.9,normal
6,244.2,7,8.8,C,Mayo,453.2,alto
6,225.8,10,1.1,B,Mayo,347.4,alto
4,36.4,8,8.2,C,Enero,278.5,normal
5,134.7,8,6.3,C,Mayo,356.7,alto
1,134.4,14,4.4,B,Julio,282.4,normal
2,189.5,6,10.8,D,Septiembre,370.0,alto
2,169.1,14,6.0,B,Mayo,364.1,alto
7,274.7,12,11.8,C,Noviembre,539.8,alto
4,228.3,10,6.1,D,Enero,364.5,alto
2,142.3,11,4.5,D,Agosto,276.1,normal
3,193.7,9,11.7,A,Noviembre,432.1,alto
4,35.4,11,6.8,C,Agosto,280.8,normal
5,289.6,10,,B,Agosto,413.7,alto
1,145.7,11,2.0,C,Julio,223.1,normal
7,51.3,14,11.7,D,Junio,417.5,alto
6,261.5,4,4.9,D,Septiembre,345.9,alto
7,277.0,9,8.5,C,Marzo,439.5,alto
1,92.8,14,8.3,C,Diciembre,290.3,normal
7,263.7,6,2.9,B,Mayo,343.1,alto
4,97.8,12,3.5,D,Octubre,3206.6753306637534,normal
3,243.3,9,4.3,D,Julio,296.4,normal
1,204.5,4,5.3,C,Agosto,217.7,normal
4,157.7,13,0.0,C,Agosto,288.1,normal
4,279.6,12,5.5,B,Junio,369.5,alto
6,152.1,12,8.3,A,Septiembre,431.0,alto
2,187.0,7,7.9,C,Marzo,331.1,alto
4,71.2,14,10.1,C,Diciembre,371.1,alto
4,,13,5.3,C,Mayo,390.5,alto
1,,10,7.3,B,Junio,304.9,alto
3,,10,4.1,B,Enero,292.0,normal
3,78.4,11,2.8,D,Julio,264.4,normal
4,93.9,10,4.6,D,Abril,276.2,normal
5,298.2,10,6.6,B,Agosto,412.3,alto
2,97.1,4,1.5,C,Abril,166.0,normal
6,231.9,6,6.4,B,Enero,363.6,alto
4,111.0,6,11.5,B,Febrero,395.5,alto
4,,14,4.2,A,Abril,361.5,alto
4,191.6,10,2.0,B,Octubre,276.7,normal
3,286.5,3,0.2,A,Diciembre,263.7,normal
1,69.0,2,2.9,C,Enero,124.4,normal
6,,11,5.7,C,Noviembre,408.2,alto
5,90.5,10,9.7,B,Agosto,367.1,alto
5,145.4,12,7.0,B,Enero,373.3,alto
1,50.3,2,10.6,B,Julio,236.9,normal
4,254.3,7,5.5,C,Febrero,338.7,alto
4,278.4,13,6.9,D,Junio,431.9,alto
1,294.0,8,5.9,D,Octubre,295.3,normal
3,179.2,7,4.1,B,Septiembre,265.4,normal
1,295.0,2,1.6,D,Agosto,185.2,normal
1,270.5,8,8.7,C,Abril,370.1,alto
6,221.5,6,8.3,B,Enero,418.6,alto
2,,9,2.8,D,Julio,254.0,normal
1,83.8,4,3.3,C,Marzo,158.1,normal
3,34.5,7,2.8,D,Agosto,148.7,normal
2,203.5,9,3.0,D,Octubre,268.0,normal
2,118.9,13,,B,Octubre,243.1,normal
5,199.0,8,2.0,C,Agosto,256.9,normal
1,201.7,6,9.0,A,Mayo,306.2,alto
4,54.5,11,8.7,B,Diciembre,315.5,alto
7,135.2,11,1.1,C,Septiembre,310.0,alto
1,234.5,4,,B,Julio,304.1,alto
4,233.5,6,11.8,B,Marzo,446.4,alto
1,38.0,13,9.5,D,Octubre,312.8,alto
4,227.9,5,0.5,C,Mayo,231.5,normal
7,197.4,11,3.7,B,Diciembre,370.9,alto
4,254.1,4,3.9,D,Marzo,286.6,normal
1,59.3,7,,C,Enero,173.0,normal
1,195.4,10,3.6,C,Diciembre,266.3,normal
1,83.0,12,2.3,B,Junio,226.0,normal
6,247.6,8,8.9,D,Diciembre,422.4,alto
6,117.3,14,,D,Marzo,362.6,alto
5,93.1,6,11.5,C,Abril,343.7,alto
4,56.3,5,0.8,D,Febrero,167.7,normal
3,171.6,8,2.0,B,Mayo,259.9,normal
1,68.0,9,6.3,D,Septiembre,219.5,normal
7,66.2,5,11.4,B,Febrero,374.1,alto
2,236.1,11,11.9,C,Febrero,421.8,alto
3,243.8,2,8.9,C,Octubre,367.0,alto
7,297.4,3,8.7,C,Diciembre,425.5,alto
4,92.1,3,11.1,C,Diciembre,335.9,alto
5,166.5,3,0.8,A,Octubre,210.3,normal
3,253.5,8,3.2,C,Marzo,306.2,alto
4,,9,8.0,B,Enero,435.0,alto
3,,9,3.8,C,Diciembre,326.2,alto
6,100.5,11,,B,Octubre,301.4,alto
1,207.0,8,3.8,A,Agosto,235.7,normal
1,111.3,4,1.7,B,Junio,152.6,normal
2,33.6,4,6.9,A,Julio,243.8,normal
5,245.3,5,9.5,B,Septiembre,413.3,alto
4,60.6,5,8.9,A,Diciembre,347.7,alto
3,115.9,13,11.2,C,Agosto,409.5,alto
2,77.4,14,5.9,C,Julio,4590.105615938772,normal
2,198.7,6,1.8,D,Mayo,233.9,normal
5,221.6,2,11.1,A,Agosto,402.1,alto
7,242.7,13,11.0,C,Abril,3441.7496589580646,alto
2,85.5,13,7.2,C,Marzo,296.2,normal
5,87.9,9,2.4,C,Agosto,271.0,normal
4,236.5,6,2.9,B,Agosto,312.4,alto
2,119.2,9,11.6,d,Agosto,351.2,alto
3,289.6,12,3.1,C,Mayo,368.4,alto
1,244.6,10,,D,Marzo,308.0,alto
7,223.6,6,6.6,C,Enero,419.8,alto
3,232.2,2,0.4,D,Noviembre,168.1,normal
1,63.0,9,1.5,C,Febrero,146.5,normal
2,,10,7.9,A,Diciembre,415.7,alto
2,182.2,13,4.6,C,Diciembre,276.8,normal
6,81.2,3,6.9,B,Junio,310.8,alto
7,64.3,10,0.3,C,Septiembre,242.9,normal
6,275.3,13,2.1,d,Junio,380.2,alto
5,64.9,3,0.9,B,Septiembre,173.6,normal
2,129.8,6,4.6,C,Septiembre,219.4,normal
3,134.5,12,8.2,B,Septiembre,345.9,alto
6,106.5,10,9.5,B,Junio,417.9,alto
3,,6,3.3,B,Junio,287.9,normal
3,212.8,4,1.6,C,Febrero,197.0,normal
3,106.0,13,10.1,B,Abril,410.6,alto
2,64.4,11,,C,Febrero,256.6,normal
5,81.9,7,9.5,D,Junio,343.6,alto
2,173.5,7,,C,Junio,242.5,normal
7,60.5,5,,D,Mayo,302.5,alto
7,69.8,2,7.0,C,Agosto,310.3,alto
1,52.5,3,7.9,D,Diciembre,200.0,normal
4,238.2,10,4.8,D,Octubre,328.9,alto
7,197.0,7,9.5,B,Julio,455.0,alto
6,228.8,5,6.4,D,Febrero,336.5,alto
4,151.1,6,11.9,C,Abril,398.5,alto
4,39.4,10,11.3,B,Diciembre,379.5,alto
2,166.3,3,5.8,B,Mayo,213.3,normal
7,143.2,9,0.4,A,Enero,312.0,alto
5,271.8,11,0.7,C,Abril,348.4,alto
4,215.1,12,1.3,C,Junio,336.5,alto
5,,2,7.7,D,Junio,381.9,alto
6,116.1,6,5.3,D,Diciembre,314.6,alto
3,49.1,9,,B,Junio,291.6,normal
2,99.5,5,7.9,B,Julio,299.1,normal
3,280.1,12,5.4,A,Junio,386.9,alto
5,62.5,12,0.8,A,Diciembre,271.6,normal
3,142.7,2,1.3,C,Marzo,160.2,normal
2,288.6,7,8.3,C,Mayo,366.1,alto
7,173.5,5,2.9,B,Octubre,343.2,alto
2,193.0,6,,C,Diciembre,365.6,alto
5,227.3,5,,B,Abril,329.0,alto
4,,7,,C,Agosto,318.6,alto
3,214.8,4,,C,Enero,284.6,normal
4,120.4,14,9.4,C,Enero,395.9,alto
4,102.8,4,8.3,D,Junio,306.3,alto
5,40.4,5,11.2,A,Enero,350.0,alto
1,151.4,9,10.8,b,Abril,340.7,alto
5,42.6,14,6.9,D,Marzo,340.8,alto
4,232.8,11,,B,Marzo,420.3,alto
1,290.0,8,3.5,B,Agosto,303.9,alto
5,58.3,7,7.4,A,Febrero,316.4,alto
5,57.6,6,11.5,C,Enero,381.0,alto
7,74.3,3,8.7,D,Octubre,329.7,alto
7,56.9,8,10.0,D,Noviembre,410.5,alto
7,246.7,12,,C,Junio,510.4,alto
2,228.7,6,,B,Febrero,380.3,alto
7,120.6,3,1.5,B,Julio,239.0,normal
7,91.7,2,10.5,D,Mayo,364.9,alto
6,101.9,11,4.0,B,Diciembre,326.1,alto
2,134.1,3,2.9,A,Abril,215.9,normal
7,176.1,11,7.2,D,Octubre,389.6,alto
1,50.5,2,5.8,B,Enero,202.4,normal
4,34.7,2,9.2,B,Marzo,318.1,alto
2,215.7,4,4.9,C,Agosto,262.1,normal
2,286.9,2,0.7,C,Enero,192.8,normal
7,103.5,7,1.8,A,Septiembre,277.1,normal
2,240.7,10,0.4,B,Diciembre,281.2,normal
7,131.8,14,4.1,B,Septiembre,341.4,alto
4,165.6,7,3.2,B,Diciembre,272.1,normal
6,64.0,14,9.2,C,Junio,410.5,alto
6,161.8,8,1.3,D,Septiembre,262.6,normal
2,248.9,14,0.3,C,Noviembre,293.3,normal
5,91.4,5,7.9,D,Septiembre,314.0,alto
3,99.9,6,,C,Diciembre,251.7,normal
1,38.6,14,0.3,C,Octubre,157.9,normal
1,106.9,12,0.6,C,Febrero,246.0,normal
6,287.7,6,,C,Octubre,394.8,alto
4,142.1,14,0.9,C,Abril,236.9,normal
5,152.4,14,1.5,B,Diciembre,332.8,alto
7,268.7,4,10.7,C,Febrero,440.9,alto
5,267.1,10,11.6,C,Noviembre,494.0,alto
1,210.0,9,3.8,D,Julio,255.6,normal
7,180.6,11,1.5,C,Enero,344.8,alto
1,89.3,4,3.1,B,Diciembre,177.0,normal
2,212.8,4,0.2,D,Noviembre,166.6,normal
3,224.8,13,,C,Mayo,273.9,normal
6,153.2,2,1.7,D,Junio,3124.7492552173303,normal
7,,5,10.7,C,Marzo,465.3,alto
1,159.7,10,8.3,C,Noviembre,318.6,alto
4,141.5,8,0.8,C,Mayo,260.5,normal
2,96.4,2,3.0,B,Septiembre,149.6,normal
2,184.5,11,8.1,B,Febrero,381.2,alto
1,292.3,7,7.4,A,Enero,324.5,alto
2,185.6,10,8.1,C,Marzo,335.1,alto
7,236.1,9,3.2,A,Abril,397.5,alto
3,36.0,4,2.1,c,Abril,172.5,normal
6,175.8,7,3.3,B,Agosto,356.7,alto
2,63.8,12,8.1,D,Mayo,286.3,normal
1,71.0,3,9.6,C,Diciembre,252.5,normal
6,128.8,5,7.3,C,Marzo,370.2,alto
1,203.1,12,11.7,D,Noviembre,384.6,alto
1,232.7,12,6.0,b,Junio,327.8,alto
2,232.8,11,0.4,D,Marzo,232.6,normal
7,197.2,11,,C,Abril,315.8,alto
3,157.5,4,8.9,B,Octubre,294.8,normal
2,256.4,12,1.9,C,Diciembre,308.3,alto
4,147.7,2,2.7,A,Octubre,260.7,normal
6,190.2,2,2.6,C,Julio,257.8,normal
6,65.7,3,2.1,B,Febrero,255.1,normal
4,194.6,10,6.9,C,Junio,381.1,alto
3,100.4,5,8.2,C,Noviembre,307.3,alto
7,127.9,14,2.0,D,Junio,341.2,alto
6,99.0,4,9.6,C,Abril,355.3,alto
1,121.3,10,7.8,C,Noviembre,282.9,normal
5,66.7,8,,B,Febrero,283.1,normal
4,37.0,4,11.4,C,Mayo,294.7,normal
3,206.0,12,,D,Mayo,312.7,alto
4,252.8,2,3.5,C,Septiembre,275.6,normal
5,260.3,2,2.4,B,Abril,262.9,normal
4,30.2,4,0.4,D,Julio,155.2,normal
5,285.3,11,11.1,A,Abril,514.0,alto
7,286.9,10,6.8,C,Enero,448.9,alto
6,92.0,9,1.3,D,Mayo,254.7,normal
5,256.7,8,,C,Julio,406.0,alto
3,272.8,12,8.2,D,Marzo,370.5,alto
3,,3,10.1,C,Abril,385.8,alto
7,77.9,3,5.3,D,Mayo,309.7,alto
1,45.5,11,8.2,B,Junio,278.0,normal
1,,14,1.0,C,Agosto,282.4,normal
6,157.0,5,7.7,B,Mayo,353.3,alto
2,215.6,7,,C,Diciembre,232.5,normal
5,90.7,9,10.7,C,Mayo,379.7,alto
3,81.4,8,1.3,D,Marzo,162.9,normal
3,270.5,14,2.3,A,Noviembre,384.1,alto
5,,3,10.9,C,Enero,387.7,alto
3,153.4,13,2.6,C,Diciembre,282.3,normal
7,151.1,13,8.1,c,Noviembre,451.6,alto
6,166.4,9,3.3,B,Noviembre,335.2,alto
2,79.2,14,3.1,B,Mayo,236.4,normal
6,171.0,13,2.7,C,Marzo,366.3,alto
2,225.5,3,10.6,C,Septiembre,318.7,alto
3,168.8,6,9.5,A,Noviembre,380.9,alto
7,178.7,8,7.4,D,Noviembre,390.6,alto
2,283.2,5,,D,Marzo,209.5,normal
6,41.8,9,3.7,C,Septiembre,2697.1154696772583,normal
1,285.3,12,2.1,A,Abril,299.8,normal
2,263.3,8,8.9,D,Julio,410.7,alto
3,167.1,2,,B,Julio,236.2,normal
3,156.9,4,11.8,D,Diciembre,370.0,alto
1,178.7,10,0.0,D,Enero,184.7,normal
2,184.4,10,1.0,B,Abril,207.7,normal
7,66.9,11,11.3,B,Enero,428.0,alto
1,165.7,4,0.6,C,Marzo,160.9,normal
7,174.4,11,0.6,C,Mayo,336.8,alto
3,,13,4.2,C,Febrero,335.7,alto
3,277.9,13,5.4,C,Julio,377.6,alto
6,137.1,6,10.1,D,Octubre,444.4,alto
7,128.7,10,5.9,D,Noviembre,386.7,alto
7,240.6,3,4.9,D,Junio,316.9,alto
1,84.6,6,,B,Noviembre,245.8,normal
3,80.5,3,3.9,B,Agosto,203.1,normal
4,91.7,11,0.0,B,Agosto,3442.382345309726,normal
5,117.8,2,10.5,D,Junio,330.0,alto
2,170.0,7,3.9,C,Febrero,247.2,normal
7,248.1,7,3.5,C,Abril,343.7,alto
5,214.3,10,8.6,B,Agosto,446.2,alto
6,32.6,12,1.5,A,Diciembre,300.5,alto
2,146.8,3,11.0,D,Mayo,272.4,normal
2,150.6,10,3.5,C,Abril,265.4,normal
5,126.4,9,,D,Abril,239.1,normal
2,158.9,14,8.3,C,Julio,344.6,alto
3,78.6,2,0.6,A,Octubre,136.8,normal
4,297.0,4,8.8,C,Enero,4397.675326812053,alto
5,217.6,6,10.7,A,Febrero,428.4,alto
6,99.2,4,6.0,C,Octubre,286.2,normal
6,178.3,14,1.9,A,Noviembre,345.9,alto
4,267.6,3,10.3,D,Octubre,385.3,alto
1,267.5,14,3.2,C,Enero,270.9,normal
1,239.7,6,6.4,D,Octubre,300.4,alto
5,178.3,3,8.9,A,Septiembre,381.1,alto
5,189.0,5,1.2,D,Mayo,269.7,normal
6,151.9,2,6.2,B,Diciembre,315.6,alto
1,185.8,12,,D,Diciembre,273.6,normal
6,64.6,3,,D,Enero,273.6,normal
2,44.3,6,9.4,B,Agosto,301.9,alto
3,165.3,2,5.8,C,Junio,288.9,normal
5,170.6,10,0.6,D,Diciembre,274.5,normal
5,72.2,10,7.1,A,Diciembre,346.2,alto
3,175.1,9,7.0,B,Enero,367.1,alto
4,72.3,14,,D,Febrero,345.3,alto
3,184.8,7,6.8,D,Abril,302.7,alto
2,119.5,12,2.5,C,Noviembre,243.2,normal
4,46.6,6,5.2,C,Mayo,249.8,normal
2,270.9,10,11.1,C,Septiembre,435.3,alto
6,184.0,11,,C,Septiembre,326.4,alto
3,121.6,9,8.0,B,Octubre,309.9,alto
6,53.9,12,7.8,D,Septiembre,326.7,alto
4,127.9,2,4.9,D,Marzo,307.7,alto
1,158.8,7,8.1,D,Abril,285.5,normal
6,83.0,5,6.3,D,Noviembre,310.3,alto
1,164.8,13,0.1,B,Marzo,229.8,normal
2,,9,3.9,C,Octubre,301.5,alto
2,182.6,3,5.4,D,Junio,229.6,normal
2,86.5,11,12.0,C,Agosto,379.3,alto
1,,3,,C,Enero,195.5,normal
4,234.2,11,2.6,c,Mayo,290.1,normal
5,199.3,6,1.9,B,Mayo,264.4,normal
3,199.0,14,,A,Mayo,460.9,alto
2,106.3,7,10.8,D,Diciembre,299.5,normal
3,183.6,3,,A,Octubre,301.1,alto
3,277.5,5,,C,Agosto,299.4,normal
4,258.0,6,11.6,D,Octubre,431.0,alto
5,59.4,14,5.5,c,Enero,335.6,alto
3,298.3,10,11.9,C,Julio,500.9,alto
7,268.6,8,5.7,c,Marzo,405.8,alto
3,,3,2.7,D,Enero,170.3,normal
5,,10,11.8,C,Septiembre,397.3,alto
3,88.4,7,11.8,B,Marzo,338.6,alto
4,115.2,9,,D,Marzo,355.3,alto
5,282.0,8,,A,Febrero,418.9,alto
2,255.0,13,,C,Agosto,326.9,alto
5,296.9,2,5.1,B,Octubre,360.6,alto
7,144.5,8,5.1,C,Mayo,341.0,alto
6,74.1,3,0.5,C,Septiembre,182.1,normal
1,142.0,4,2.7,C,Septiembre,183.4,normal
5,296.1,10,3.0,c,Febrero,365.5,alto
3,281.3,4,7.0,D,Diciembre,337.7,alto
7,125.9,4,10.6,C,Diciembre,433.7,alto
2,,11,5.9,D,Octubre,261.0,normal
4,241.6,6,11.0,D,Agosto,3099.7612464562512,alto
3,250.4,2,4.0,B,Mayo,242.2,normal
5,261.8,13,0.6,B,Febrero,362.0,alto
7,,5,3.3,A,Julio,318.3,alto
1,168.1,12,1.9,B,Febrero,272.6,normal
1,78.1,11,5.6,D,Mayo,226.3,normal
1,102.9,10,5.9,B,Marzo,250.9,normal
4,141.1,9,1.3,D,Noviembre,265.8,normal
3,44.8,11,7.7,B,Noviembre,315.8,alto
3,238.8,11,7.2,C,Noviembre,372.0,alto
4,275.4,7,8.5,A,Abril,422.1,alto
6,169.5,14,4.1,C,Septiembre,369.1,alto
1,162.2,14,3.6,D,Mayo,281.3,normal
4,189.9,6,,D,Enero,394.7,alto
4,296.0,12,3.1,B,Julio,378.1,alto
1,215.1,14,5.7,D,Marzo,358.0,alto
2,221.1,3,4.7,D,Febrero,249.3,normal
3,149.0,4,7.6,B,Enero,262.4,normal
1,227.9,10,11.6,D,Septiembre,365.8,alto
5,288.3,3,10.0,C,Marzo,427.2,alto
3,267.9,4,9.4,C,Noviembre,358.6,alto
6,138.0,6,8.3,D,Mayo,370.8,alto
3,175.9,3,8.3,D,Agosto,271.2,normal
1,195.8,4,1.2,C,Diciembre,183.6,normal
5,,8,7.1,B,Julio,399.3,alto
7,106.1,5,7.5,A,Febrero,371.8,alto
3,235.4,3,0.9,C,Octubre,198.2,normal
7,264.7,14,9.5,A,Mayo,539.2,alto
4,229.6,9,,D,Junio,320.1,alto
7,81.9,10,,C,Julio,303.5,alto
1,199.4,5,3.5,D,Enero,209.2,normal
4,34.3,13,5.4,D,Octubre,307.0,alto
6,,3,4.8,C,Marzo,265.8,normal
5,259.5,4,3.8,B,Julio,341.9,alto
1,68.7,9,12.0,B,Junio,359.8,alto
5,51.1,5,10.8,B,Septiembre,328.7,alto
2,,2,2.0,C,Mayo,163.8,normal
3,245.9,13,3.1,D,Octubre,337.3,alto
5,,13,7.4,c,Noviembre,419.7,alto
3,,12,1.0,B,Enero,213.8,normal
2,194.6,10,7.2,A,Octubre,346.1,alto
5,158.9,2,8.4,C,Mayo,359.6,alto
6,162.6,4,5.7,C,Octubre,305.1,alto
7,169.3,11,11.3,A,Marzo,496.5,alto
7,119.4,4,11.3,C,Junio,417.9,alto
5,123.5,5,10.0,B,Septiembre,385.6,alto
1,32.1,9,0.2,A,Septiembre,152.7,normal
4,52.6,5,9.1,D,Septiembre,313.1,alto
4,118.3,12,4.7,D,Marzo,344.7,alto
1,291.1,14,5.7,A,Abril,352.1,alto
5,,13,10.8,C,Noviembre,440.2,alto
4,197.6,9,4.9,C,Enero,334.3,alto
1,,13,0.9,B,Agosto,239.5,normal
5,171.5,13,2.4,D,Agosto,310.4,alto
2,121.8,14,,c,Octubre,278.2,normal
2,96.0,9,8.3,C,Junio,311.9,alto
4,257.7,10,0.4,C,Marzo,290.2,normal
1,281.6,10,3.1,B,Abril,315.3,alto
2,62.9,6,1.9,C,Julio,115.4,normal
4,,6,9.9,B,Febrero,383.0,alto
6,86.9,12,0.9,A,Octubre,311.7,alto
2,,8,5.4,D,Abril,243.8,normal
3,261.6,6,11.4,D,Septiembre,419.8,alto
5,,9,2.8,D,Marzo,303.0,alto
7,226.9,3,0.1,D,Marzo,242.8,normal
1,170.1,8,11.3,A,Febrero,359.2,alto
1,,2,,B,Febrero,179.7,normal
1,132.2,13,1.7,D,Octubre,226.7,normal
7,241.4,10,,B,Febrero,396.9,alto
5,,7,4.0,B,Octubre,282.2,normal
3,49.4,11,9.9,B,Noviembre,358.5,alto
5,52.8,8,4.8,B,Noviembre,284.9,normal
3,145.4,3,5.7,C,Junio,206.2,normal
1,113.0,3,5.9,D,Febrero,185.3,normal
6,72.0,9,5.5,B,Noviembre,357.8,alto
5,213.8,6,0.6,C,Septiembre,288.7,normal
7,293.3,10,2.2,B,Abril,387.4,alto
1,,14,,C,Marzo,320.5,alto
4,192.7,8,7.0,C,Junio,343.4,alto
5,217.4,14,0.2,B,Octubre,324.0,alto
5,34.0,6,6.3,D,Mayo,245.1,normal
3,132.5,9,8.6,B,Octubre,348.3,alto
7,88.1,8,4.1,D,Febrero,284.9,normal
1,89.6,9,10.7,B,Diciembre,295.9,normal
1,243.1,10,5.1,D,Septiembre,279.6,normal
4,141.2,4,5.9,A,Mayo,328.4,alto
4,286.0,9,11.9,C,Septiembre,438.9,alto
7,295.1,8,4.7,D,Abril,415.5,alto
2,172.6,14,9.0,D,Julio,351.1,alto
5,257.7,14,12.0,C,Enero,511.0,alto
4,144.0,2,3.2,C,Septiembre,227.3,normal
4,,6,8.0,C,Enero,383.3,alto
1,259.9,13,11.1,B,Junio,496.1,alto
4,258.8,7,1.8,C,Marzo,310.7,alto
7,,8,11.3,D,Abril,434.9,alto
6,150.0,13,9.6,D,Marzo,430.3,alto
2,129.1,8,7.2,C,Septiembre,308.8,alto
3,67.2,8,6.0,B,Enero,256.1,normal
4,262.1,5,4.5,C,Junio,305.0,alto
6,175.1,9,11.9,B,Diciembre,458.7,alto
2,135.0,13,7.1,B,Junio,358.1,alto
4,179.8,14,2.4,C,Junio,332.5,alto
6,235.1,7,7.0,C,Diciembre,355.2,alto
6,220.0,5,3.3,C,Junio,343.3,alto
4,146.7,7,7.8,D,Febrero,365.8,alto
3,260.1,7,7.8,B,Septiembre,394.0,alto
2,227.6,11,4.0,B,Octubre,309.4,alto
6,158.0,14,9.4,C,Abril,452.6,alto
1,231.6,5,1.9,D,Marzo,195.2,normal
1,83.0,13,3.8,B,Noviembre,289.1,normal
3,182.9,11,8.6,C,Abril,349.8,alto
1,117.7,6,6.6,B,Septiembre,288.2,normal
4,200.9,9,0.4,D,Febrero,216.2,normal
3,,10,1.6,C,Septiembre,274.5,normal
3,115.2,3,4.7,C,Abril,217.3,normal
4,82.2,14,7.6,D,Enero,319.0,alto
3,120.1,3,8.5,A,Julio,281.4,normal
3,,13,8.5,D,Octubre,405.1,alto
1,171.1,11,6.3,A,Diciembre,330.5,alto
1,56.0,7,10.2,A,Julio,280.4,normal
6,162.1,9,10.1,B,Febrero,414.3,alto
2,213.7,13,1.6,A,Julio,279.3,normal
5,224.5,5,4.0,D,Octubre,319.6,alto
5,271.6,13,4.8,A,Junio,421.6,alto
6,228.8,5,7.8,B,Enero,400.9,alto
7,213.0,2,4.3,B,Septiembre,285.4,normal
7,196.1,2,5.5,B,Marzo,345.8,alto
7,65.1,5,5.2,B,Abril,307.3,alto
5,173.9,14,2.1,C,Octubre,329.1,alto
4,,10,10.0,C,Septiembre,415.9,alto
6,194.2,4,2.2,D,Mayo,260.3,normal
7,109.6,10,6.6,C,Junio,375.4,alto
4,153.6,10,5.4,B,Enero,326.5,alto
2,62.3,13,6.5,C,Noviembre,231.0,normal
3,174.5,2,2.8,D,Febrero,244.5,normal
1,275.2,3,4.4,C,Enero,250.9,normal
4,50.5,3,4.9,C,Noviembre,188.1,normal
5,193.1,4,9.3,C,Octubre,387.6,alto
3,260.2,11,,C,Enero,330.8,alto
3,92.6,14,7.9,B,Mayo,363.8,alto
4,,11,8.7,C,Julio,408.2,alto
4,252.7,11,3.4,C,Julio,299.1,normal
4,74.6,8,4.2,A,Marzo,276.8,normal
2,238.9,6,3.8,A,Agosto,269.7,normal
4,205.9,13,7.6,C,Febrero,410.8,alto
7,290.2,3,2.0,C,Febrero,310.4,alto
3,222.6,6,11.4,A,Abril,413.1,alto
4,,14,4.1,C,Enero,319.6,alto
4,187.3,14,0.4,C,Marzo,313.3,alto
3,111.2,5,2.3,C,Julio,176.6,normal
2,79.9,9,2.9,C,Junio,212.6,normal
7,,13,2.6,C,Febrero,363.1,alto
6,99.3,3,10.8,C,Abril,348.9,alto
7,173.2,8,8.0,C,Febrero,407.8,alto
4,40.3,7,3.3,C,Junio,254.2,normal
4,110.6,11,1.7,C,Diciembre,253.5,normal
3,247.2,2,0.3,C,Diciembre,170.5,normal
6,55.8,8,9.0,C,Agosto,358.2,alto
6,135.2,4,8.8,C,Julio,386.1,alto
4,201.5,4,1.4,C,Abril,238.0,normal
2,273.4,14,10.6,C,Noviembre,441.1,alto
3,108.4,10,4.4,B,Septiembre,295.4,normal
1,,3,,C,Noviembre,241.9,normal
2,76.4,3,3.8,C,Mayo,184.6,normal
4,260.1,11,7.2,D,Septiembre,419.8,alto
2,267.0,14,8.7,C,Junio,404.5,alto
6,69.0,6,5.5,A,Octubre,328.2,alto
7,184.1,11,2.2,D,Junio,328.2,alto
7,46.7,10,5.5,C,Mayo,326.8,alto
3,176.1,10,8.5,C,Diciembre,365.8,alto
6,252.2,5,10.1,A,Marzo,459.7,alto
5,95.0,2,6.5,C,Septiembre,250.7,normal
7,197.8,10,10.7,B,Diciembre,502.4,alto
3,282.8,7,9.3,C,Mayo,399.1,alto
1,227.5,3,0.5,C,Mayo,152.1,normal
7,211.6,14,7.6,B,Enero,492.9,alto
1,243.9,2,2.5,C,Mayo,216.8,normal
2,106.3,14,8.8,C,Mayo,301.7,alto
3,39.5,12,6.8,C,Enero,291.1,normal
3,188.0,10,10.0,D,Agosto,429.9,alto
5,179.3,5,11.2,A,Noviembre,443.7,alto
4,140.6,7,4.7,B,Abril,281.5,normal
6,86.5,8,4.0,C,Enero,319.6,alto
2,156.9,3,1.0,C,Julio,192.9,normal
1,249.4,7,1.5,A,Agosto,261.8,normal
5,165.6,14,5.8,B,Octubre,415.8,alto
2,141.8,6,11.2,C,Julio,343.6,alto
5,184.9,8,7.4,C,Septiembre,391.4,alto
6,55.2,11,1.1,C,Septiembre,265.3,normal
4,67.0,9,10.8,B,Febrero,337.8,alto
5,288.4,6,8.0,C,Julio,394.8,alto
2,54.1,8,7.5,C,Octubre,256.3,normal
2,49.8,14,,D,Mayo,184.3,normal
5,149.2,4,9.7,C,Abril,332.2,alto
6,235.8,8,9.9,B,Abril,463.0,alto
6,250.8,10,6.1,D,Julio,391.5,alto
3,240.1,2,4.0,A,Noviembre,272.6,normal
6,251.8,2,,D,Octubre,286.6,normal
2,73.1,10,11.4,A,Noviembre,383.7,alto
5,278.3,14,0.9,D,Septiembre,321.9,alto
7,140.7,10,4.8,C,Septiembre,367.8,alto
1,42.5,5,3.2,C,Enero,160.9,normal
5,276.7,12,0.7,C,Diciembre,342.9,alto
5,180.1,10,10.5,B,Octubre,433.7,alto
4,222.7,13,9.1,D,Mayo,415.1,alto
2,,11,7.0,C,Septiembre,288.2,normal
2,89.9,6,0.1,C,Octubre,163.8,normal
7,152.4,11,1.4,C,Septiembre,335.3,alto
4,73.0,13,3.8,C,Julio,343.4,alto
2,123.2,13,5.8,B,Julio,308.6,alto
3,238.6,14,10.8,A,Febrero,503.7,alto
5,235.9,3,0.4,A,Julio,259.1,normal
5,164.5,11,11.7,A,Mayo,462.7,alto
7,100.2,14,3.3,B,Abril,324.8,alto
6,90.4,8,4.6,D,Septiembre,298.9,normal
2,247.8,2,5.0,D,Septiembre,279.1,normal
3,198.1,13,5.2,A,Enero,352.5,alto
3,119.1,7,0.7,D,Diciembre,230.7,normal
1,235.9,5,7.3,C,Septiembre,283.1,normal
5,186.9,6,2.3,C,Octubre,273.2,normal
6,271.2,11,0.9,C,Junio,399.1,alto
1,,4,10.6,D,Mayo,318.8,alto
5,251.9,4,11.9,A,Febrero,409.2,alto
2,,8,9.3,A,Junio,432.0,alto
7,92.2,7,10.3,B,Marzo,413.0,alto
7,54.5,8,2.5,B,Abril,319.7,alto
2,117.5,11,4.4,C,Diciembre,256.3,normal
5,68.4,9,7.6,C,Febrero,319.1,alto
2,81.9,3,5.5,B,Agosto,216.7,normal
4,274.9,12,1.0,C,Junio,334.8,alto
3,205.1,4,7.4,C,Septiembre,322.1,alto
1,293.0,10,0.1,D,Marzo,252.8,normal
6,,14,11.7,B,Noviembre,525.8,alto
2,299.1,6,9.4,C,Junio,378.4,alto
3,295.3,5,1.8,D,Agosto,273.2,normal
1,152.9,13,4.3,D,Noviembre,252.0,normal
2,162.6,7,10.2,A,Diciembre,387.8,alto
5,,14,2.4,B,Marzo,300.7,alto
5,210.3,6,6.3,D,Septiembre,342.1,alto
4,,14,10.5,C,Noviembre,2819.9371809259546,alto
7,200.6,2,0.9,C,Octubre,276.4,normal
3,33.9,8,5.0,D,Noviembre,258.3,normal
4,,3,11.4,B,Junio,361.2,alto
5,57.7,3,3.7,D,Junio,236.4,normal
3,176.6,5,3.0,C,Julio,244.2,normal
7,70.1,9,,D,Julio,287.9,normal
2,156.2,6,10.6,D,Enero,363.7,alto
3,,5,7.7,D,Septiembre,265.3,normal
3,,10,9.4,B,Septiembre,374.2,alto
4,204.4,6,0.0,A,Marzo,250.5,normal
1,,6,10.2,C,Diciembre,220.6,normal
4,270.8,11,0.9,D,Enero,314.7,alto
4,138.3,12,6.1,D,Septiembre,360.9,alto
2,135.6,4,6.5,B,Mayo,295.0,normal
5,85.1,4,3.8,C,Noviembre,246.5,normal
2,268.5,14,3.0,D,Abril,296.8,normal
4,217.9,13,,C,Junio,434.1,alto
1,236.4,7,1.9,C,Enero,251.0,normal
7,31.4,13,9.4,c,Mayo,429.6,alto
3,263.2,4,7.0,C,Diciembre,318.3,alto
4,113.9,6,2.2,C,Enero,215.6,normal
2,170.5,9,,C,Diciembre,3518.9205190375696,normal
4,62.1,12,1.7,C,Octubre,235.9,normal
3,241.4,9,,C,Diciembre,288.5,normal
5,113.0,2,3.4,D,Enero,248.6,normal
5,96.0,14,1.5,B,Agosto,308.7,alto
7,219.3,9,1.7,C,Agosto,366.9,alto
1,225.8,8,1.5,C,Febrero,236.4,normal
1,279.2,3,5.3,D,Octubre,266.3,normal
5,136.0,11,1.7,B,Diciembre,293.1,normal
2,220.6,5,3.9,C,Febrero,232.2,normal
5,169.8,10,8.1,C,Septiembre,388.7,alto
7,127.6,4,0.3,D,Abril,221.3,normal
3,118.5,7,10.9,B,Octubre,368.5,alto
4,270.4,6,4.9,B,Septiembre,316.2,alto
7,266.8,8,2.1,c,Febrero,352.4,alto
1,123.1,3,6.7,B,Noviembre,204.0,normal
2,,11,5.9,A,Julio,407.1,alto
5,148.0,14,0.2,C,Abril,263.7,normal
3,48.0,10,4.4,B,Noviembre,260.7,normal
5,139.7,4,5.7,C,Abril,312.2,alto
5,132.7,5,9.8,D,Abril,346.7,alto
4,294.2,12,4.1,c,Septiembre,360.5,alto
2,262.1,12,9.1,B,Noviembre,362.5,alto
3,118.0,3,8.4,C,Septiembre,307.2,alto
2,119.6,4,1.7,D,Julio,160.0,normal
2,119.1,10,4.1,D,Septiembre,249.7,normal
6,142.0,11,4.1,D,Julio,344.4,alto
6,41.9,2,11.1,A,Mayo,365.8,alto
5,161.8,12,8.4,C,Junio,428.7,alto
3,299.7,11,6.9,B,Noviembre,416.2,alto
5,142.7,5,,B,Septiembre,398.3,alto
6,154.3,13,8.9,A,Septiembre,439.5,alto
5,295.9,6,10.8,B,Marzo,486.2,alto
5,179.5,7,,C,Febrero,335.6,alto
3,203.0,10,5.4,D,Febrero,315.0,alto
6,254.5,4,4.3,c,Octubre,310.1,alto
1,47.6,2,10.8,B,Mayo,285.5,normal
2,128.6,9,1.5,B,Septiembre,208.5,normal
6,,5,8.5,C,Febrero,361.6,alto
2,49.2,10,3.8,A,Enero,211.7,normal
4,33.9,9,11.2,D,Febrero,3969.587268035569,alto
6,287.7,4,4.3,B,Junio,351.1,alto
2,183.8,5,11.5,C,Agosto,377.6,alto
1,,2,3.2,B,Enero,181.1,normal
6,206.6,10,,C,Febrero,439.2,alto
7,168.1,4,2.8,A,Septiembre,325.0,alto
5,127.2,12,9.6,C,Diciembre,399.8,alto
6,224.9,10,8.7,C,Febrero,388.8,alto
5,85.7,6,1.4,b,Octubre,229.2,normal
1,159.6,4,6.0,B,Marzo,236.0,normal
7,162.7,3,5.6,D,Marzo,321.3,alto
5,114.5,14,5.3,B,Mayo,349.4,alto
2,260.2,2,2.3,D,Octubre,209.3,normal
7,296.3,7,,C,Agosto,483.9,alto
4,196.6,3,5.2,C,Abril,271.4,normal
6,93.7,14,7.6,A,Julio,431.3,alto
2,192.8,6,3.2,C,Diciembre,243.7,normal
2,110.4,14,1.8,B,Diciembre,232.9,normal
5,234.7,11,10.1,B,Febrero,453.5,alto
3,140.7,14,9.8,C,Diciembre,404.1,alto
5,47.7,2,8.7,D,Noviembre,264.7,normal
6,,10,7.3,C,Octubre,427.6,alto
3,223.0,11,7.3,D,Agosto,344.9,alto
2,44.6,4,11.3,C,Agosto,339.2,alto
2,78.8,6,4.2,B,Enero,207.9,normal
6,76.6,7,5.2,D,Julio,294.8,normal
4,90.9,6,8.1,C,Junio,296.3,normal
4,176.5,6,6.1,B,Diciembre,316.5,alto
2,163.7,5,,C,Marzo,284.1,normal
6,116.0,14,11.9,D,Enero,489.0,alto
1,98.5,13,4.2,D,Noviembre,221.2,normal
3,208.7,5,0.8,C,Noviembre,191.4,normal
7,64.8,11,11.7,C,Noviembre,469.8,alto
1,263.6,12,7.1,B,Junio,371.8,alto
3,148.8,4,8.8,B,Mayo,326.4,alto
7,,11,1.3,B,Junio,358.1,alto
1,228.0,2,0.6,D,Diciembre,177.8,normal
1,289.8,9,8.6,C,Octubre,396.0,alto
4,264.9,5,11.0,C,Octubre,3068.282815872511,alto
3,170.6,7,11.4,D,Abril,348.8,alto
5,225.8,14,9.9,D,Junio,443.8,alto
2,90.5,2,,A,Noviembre,130.2,normal
1,,7,5.3,D,Mayo,196.9,normal
4,237.5,14,2.2,C,Enero,323.4,alto
3,46.0,14,7.5,D,Febrero,344.2,alto
2,201.7,4,1.6,C,Septiembre,178.9,normal
3,204.4,6,,C,Enero,341.6,alto
2,144.6,13,9.7,A,Mayo,369.1,alto
2,92.4,4,2.5,C,Agosto,175.3,normal
3,268.4,12,5.7,A,Julio,392.4,alto
2,119.4,14,4.2,C,Agosto,247.3,normal
3,298.1,7,,b,Junio,256.0,normal
4,66.3,6,2.9,B,Septiembre,224.9,normal
1,243.0,9,2.3,C,Julio,2969.90970743008,normal
3,47.6,13,7.1,B,Noviembre,358.1,alto
7,64.6,9,1.2,A,Noviembre,315.6,alto
6,112.9,13,7.7,D,Febrero,395.6,alto
7,117.0,11,4.7,C,Enero,360.3,alto
7,,6,9.6,D,Diciembre,379.5,alto
1,272.1,9,2.3,C,Enero,290.7,normal
2,,10,5.0,B,Noviembre,304.5,alto
5,170.0,14,,C,Octubre,403.9,alto
4,74.3,5,11.2,C,Julio,332.2,alto
2,256.3,6,10.1,C,Febrero,368.5,alto
7,156.5,2,,B,Febrero,463.4,alto
5,118.2,5,9.3,D,Julio,306.5,alto
2,264.6,4,7.9,B,Septiembre,305.3,alto
6,229.3,8,6.6,C,Marzo,373.8,alto
5,41.3,14,,C,Noviembre,300.7,alto
6,180.9,4,1.9,A,Noviembre,301.9,alto
4,295.7,6,3.1,D,Septiembre,326.2,alto
5,273.7,12,2.8,C,Enero,380.0,alto
5,172.1,9,,C,Marzo,427.2,alto
7,145.5,4,,C,Enero,250.5,normal
3,181.0,2,1.1,C,Mayo,237.8,normal
7,183.5,7,5.1,B,Septiembre,343.1,alto
4,,11,6.2,D,Junio,370.0,alto
1,241.2,5,1.5,B,Septiembre,226.6,normal
7,275.9,7,7.0,C,Mayo,432.9,alto
5,50.4,12,3.8,B,Diciembre,307.1,alto
6,204.6,5,9.9,C,Junio,395.8,alto
7,125.9,5,1.7,D,Septiembre,238.7,normal
2,286.3,9,0.3,C,Enero,274.6,normal
3,103.4,10,6.4,C,Mayo,283.0,normal
3,30.3,7,0.4,B,Octubre,190.2,normal
3,127.6,9,10.9,D,Abril,351.6,alto
4,62.1,3,12.0,C,Mayo,297.5,normal
2,194.8,3,1.1,A,Junio,189.0,normal
3,296.2,5,9.0,C,Septiembre,366.9,alto
3,104.1,8,5.5,C,Abril,268.7,normal
5,151.4,13,10.3,A,Septiembre,456.0,alto
4,140.1,14,,C,Mayo,317.7,alto
6,132.8,6,7.5,C,Septiembre,339.8,alto
3,141.5,6,8.2,C,Abril,342.5,alto
2,33.8,3,9.7,A,Agosto,241.6,normal
1,51.2,12,5.5,C,Abril,272.4,normal
3,73.5,5,11.8,C,Septiembre,346.6,alto
1,154.5,7,11.6,C,Marzo,331.8,alto
6,231.5,3,11.9,B,Octubre,440.5,alto
2,116.4,10,0.6,B,Octubre,214.9,normal
2,33.8,11,2.0,B,Enero,181.6,normal
3,264.3,3,7.8,D,Agosto,324.4,alto
1,205.6,9,4.0,b,Junio,277.2,normal
4,294.4,5,2.8,B,Abril,316.4,alto
4,69.9,6,2.2,B,Abril,218.5,normal
7,57.2,3,3.1,C,Diciembre,227.7,normal
4,277.8,14,2.4,C,Diciembre,337.4,alto
1,255.3,3,10.4,C,Agosto,342.3,alto
4,228.3,5,10.8,A,Septiembre,407.5,alto
6,199.4,7,9.2,D,Junio,399.9,alto
1,171.2,4,9.7,B,Junio,286.4,normal
1,,7,0.6,D,Septiembre,139.8,normal
7,91.6,2,7.6,B,Julio,337.5,alto
4,90.9,11,1.2,B,Mayo,277.3,normal
5,214.5,10,5.4,D,Abril,347.4,alto
2,118.2,14,9.2,C,Febrero,352.7,alto
1,282.4,4,6.9,C,Marzo,318.3,alto
7,188.2,5,1.6,D,Septiembre,260.8,normal
1,,9,4.4,C,Marzo,255.7,normal
2,,5,3.7,C,Agosto,270.1,normal
6,289.2,10,6.9,B,Noviembre,462.6,alto
2,150.2,5,5.0,A,Noviembre,253.7,normal
5,,8,1.5,D,Marzo,295.9,normal
2,114.1,14,7.6,D,Abril,346.5,alto
3,,8,11.7,C,Marzo,379.4,alto
1,,9,,D,Abril,399.1,alto
2,158.7,12,0.5,C,Junio,241.8,normal
6,85.7,12,1.3,A,Abril,324.3,alto
4,77.4,9,,A,Octubre,347.0,alto
5,243.4,11,6.8,C,Diciembre,389.8,alto
1,54.4,13,9.2,C,Febrero,309.0,alto
5,182.3,9,3.9,B,Agosto,329.2,alto
7,58.1,5,,B,Junio,290.5,normal
6,204.3,6,8.4,C,Octubre,382.4,alto
2,101.2,5,10.5,D,Diciembre,320.3,alto
2,147.7,10,1.3,C,Mayo,223.5,normal
2,143.1,12,9.5,B,Enero,360.9,alto
3,,7,9.4,C,Junio,342.7,alto
4,153.8,3,2.5,C,Diciembre,235.4,normal
7,73.0,13,7.3,B,Noviembre,424.8,alto
4,108.9,10,9.1,B,Abril,371.2,alto
5,219.6,14,11.9,C,Noviembre,3468.6223989729915,alto
4,46.2,3,,C,Octubre,198.9,normal
4,138.1,14,,C,Octubre,291.7,normal
4,130.1,14,7.6,D,Noviembre,355.3,alto
4,,5,7.6,C,Junio,304.4,alto
6,297.5,6,8.0,D,Junio,423.1,alto
5,198.3,3,10.0,D,Septiembre,417.7,alto
7,137.9,12,8.9,D,Julio,451.2,alto
3,108.2,6,6.7,C,Agosto,261.6,normal
5,270.9,2,10.6,C,Marzo,408.3,alto
2,,12,6.1,D,Octubre,313.3,alto
4,196.5,14,4.9,C,Abril,363.4,alto
1,170.5,3,3.4,D,Febrero,193.5,normal
4,121.8,5,4.4,B,Febrero,291.5,normal
6,233.3,7,9.0,A,Mayo,443.3,alto
5,136.2,9,9.3,C,Octubre,377.4,alto
2,267.3,14,6.2,d,Marzo,386.4,alto
1,164.4,7,4.3,D,Enero,229.5,normal
1,69.2,11,7.6,D,Marzo,247.1,normal
3,275.0,3,10.0,C,Enero,393.2,alto
7,87.5,5,5.5,B,Febrero,323.1,alto
1,101.2,7,6.2,D,Septiembre,211.3,normal
5,117.1,6,6.0,C,Diciembre,290.7,normal
4,108.7,8,0.6,C,Julio,185.4,normal
7,39.8,7,8.7,D,Junio,360.8,alto
5,180.6,13,8.0,A,Noviembre,414.5,alto
7,229.3,13,11.9,C,Mayo,566.8,alto
7,141.6,5,11.8,C,Julio,396.4,alto
1,,14,9.5,C,Junio,433.5,alto
5,240.8,3,1.3,A,Noviembre,276.4,normal
2,,11,,C,Octubre,259.2,normal
6,125.9,8,9.4,C,Agosto,424.3,alto
4,82.0,9,7.3,B,Mayo,329.5,alto
7,182.0,2,3.7,C,Diciembre,306.3,alto
2,187.8,2,7.8,C,Febrero,239.7,normal
4,283.2,2,1.0,B,Abril,237.1,normal
4,283.0,10,2.2,C,Noviembre,316.2,alto
4,,3,9.9,C,Marzo,339.0,alto
7,173.9,7,11.9,A,Noviembre,496.2,alto
7,198.8,3,1.1,C,Octubre,276.0,normal
2,247.1,10,12.0,C,Marzo,433.5,alto
7,88.3,13,3.6,B,Mayo,366.2,alto
5,42.2,10,3.1,C,Noviembre,293.0,normal
3,119.1,14,9.7,A,Marzo,361.1,alto
3,88.4,11,8.9,B,Mayo,352.8,alto
3,160.2,10,2.4,B,Septiembre,266.0,normal
6,120.4,6,5.9,D,Diciembre,300.4,alto
1,200.6,8,7.1,C,Enero,274.2,normal
1,119.3,7,5.2,C,Febrero,201.0,normal
1,121.0,6,6.7,C,Octubre,282.9,normal
4,,6,2.9,B,Octubre,260.2,normal
2,227.3,13,3.8,B,Julio,301.6,alto
3,176.4,6,7.9,D,Diciembre,312.7,alto
4,,3,2.5,B,Febrero,247.2,normal
6,142.5,6,1.8,B,Enero,285.7,normal
6,290.9,3,3.6,B,Febrero,355.8,alto
4,254.9,13,10.2,D,Diciembre,436.7,alto
1,163.0,8,4.2,B,Diciembre,272.9,normal
5,78.6,9,12.0,C,Agosto,402.7,alto
6,87.4,11,1.2,B,Abril,308.8,alto
5,142.5,14,7.3,D,Abril,419.0,alto
5,82.5,13,9.0,B,Julio,406.6,alto
6,43.5,8,0.5,B,Abril,233.9,normal
2,58.2,4,7.4,C,Noviembre,249.8,normal
6,51.4,5,9.6,D,Agosto,313.6,alto
6,134.2,5,0.6,C,Septiembre,214.9,normal
4,143.4,11,0.8,C,Diciembre,246.4,normal
5,161.9,14,9.8,C,Noviembre,451.8,alto
5,,4,10.7,C,Mayo,401.1,alto
3,291.7,11,10.7,C,Junio,448.2,alto
3,77.6,7,0.1,A,Enero,192.3,normal
7,104.7,4,9.3,C,Junio,356.1,alto
6,207.1,13,8.3,B,Junio,481.3,alto
3,,12,7.4,A,Julio,412.1,alto
2,266.7,14,11.3,D,Enero,440.8,alto
3,177.5,5,2.7,D,Mayo,214.4,normal
6,41.0,6,,C,Febrero,382.5,alto
7,37.6,2,2.5,C,Diciembre,229.6,normal
6,111.6,11,6.7,B,Septiembre,379.8,alto
6,119.1,4,8.2,B,Marzo,321.9,alto
5,237.5,13,9.3,C,Diciembre,467.5,alto
1,293.5,14,3.3,C,Febrero,374.5,alto
6,285.0,13,11.3,C,Julio,521.8,alto
7,229.0,9,,B,Septiembre,450.3,alto
6,124.9,2,1.4,C,Noviembre,216.7,normal
3,136.4,13,3.9,A,Junio,293.7,normal
7,51.2,13,9.4,D,Noviembre,401.8,alto
7,124.8,13,3.7,C,Noviembre,360.4,alto
2,163.5,13,2.7,B,Diciembre,309.0,alto
1,123.0,13,1.2,C,Marzo,205.2,normal
6,253.7,6,11.3,D,Noviembre,447.6,alto
5,43.6,8,7.2,C,Noviembre,316.3,alto
4,139.7,2,9.8,A,Septiembre,319.2,alto
5,169.6,10,2.6,C,Octubre,309.2,alto
2,85.2,14,1.5,C,Marzo,184.2,normal
7,197.9,12,1.7,C,Diciembre,364.4,alto
5,164.8,14,6.7,D,Junio,381.1,alto
1,32.2,5,10.6,D,Febrero,284.5,normal
7,87.5,3,1.0,C,Diciembre,193.7,normal
7,287.9,14,5.0,C,Enero,461.5,alto
7,167.4,12,0.6,D,Febrero,303.1,alto
1,209.4,6,8.3,C,Agosto,350.2,alto
3,120.4,14,4.0,D,Mayo,278.3,normal
3,277.7,11,1.8,B,Febrero,329.9,alto
5,139.1,5,5.2,C,Septiembre,262.8,normal
5,73.8,9,11.5,C,Agosto,364.6,alto
4,40.4,13,0.3,D,Septiembre,224.9,normal
5,,5,2.9,C,Mayo,322.0,alto
2,54.8,6,4.3,B,Julio,216.6,normal
2,75.0,12,6.0,D,Diciembre,237.6,normal
7,269.0,7,3.9,C,Agosto,421.0,alto
4,238.4,9,7.0,A,Febrero,363.1,alto
6,243.5,10,9.5,C,Agosto,427.2,alto
4,192.9,9,3.8,C,Junio,309.9,alto
1,33.6,13,7.9,B,Septiembre,327.0,alto
5,195.6,11,4.4,B,Enero,382.1,alto
3,145.1,12,3.0,D,Septiembre,306.9,alto
1,111.7,14,4.2,B,Junio,286.3,normal
3,,7,,D,Marzo,204.0,normal
6,46.7,8,10.2,D,Octubre,354.7,alto
1,37.5,11,4.0,C,Agosto,197.7,normal
7,209.3,9,1.5,C,Julio,338.6,alto
7,51.3,6,3.3,A,Septiembre,275.6,normal
4,245.8,13,3.9,B,Mayo,370.3,alto
1,109.5,8,7.2,D,Noviembre,277.2,normal
6,233.8,10,2.2,D,Febrero,311.2,alto
1,40.7,11,8.3,B,Julio,273.0,normal
4,267.3,13,10.0,A,Febrero,492.5,alto
1,225.1,10,7.9,C,Febrero,337.5,alto
5,279.6,13,2.5,C,Febrero,369.9,alto
1,102.3,8,9.8,A,Mayo,344.3,alto
4,241.1,5,9.4,C,Marzo,347.2,alto
5,256.8,2,0.3,D,Diciembre,231.9,normal
2,258.0,11,8.7,C,Agosto,406.0,alto
4,278.8,14,4.5,C,Mayo,386.3,alto
5,48.8,10,9.0,D,Marzo,336.5,alto
3,213.5,14,,C,Mayo,290.8,normal
2,222.5,2,3.9,B,Abril,229.0,normal
6,290.8,12,1.1,D,Diciembre,379.0,alto
2,284.0,7,1.5,C,Noviembre,226.3,normal
5,138.5,2,6.3,D,Septiembre,245.4,normal
7,107.3,4,8.2,B,Agosto,352.0,alto
4,121.7,9,0.3,A,Noviembre,242.3,normal
4,114.6,3,,B,Enero,203.4,normal
2,221.0,5,7.1,C,Marzo,279.3,normal
5,58.9,14,9.6,A,Enero,400.5,alto
1,45.9,9,5.0,C,Mayo,210.4,normal
2,171.6,9,0.3,C,Enero,201.5,normal
3,138.5,9,6.8,B,Marzo,281.6,normal
4,201.4,6,8.8,C,Octubre,399.1,alto
5,96.8,13,7.7,C,Marzo,390.1,alto
6,,2,7.0,B,Noviembre,309.5,alto
1,103.0,14,3.8,B,Septiembre,276.9,normal
5,195.2,14,7.8,B,Octubre,421.8,alto
6,53.4,9,8.5,D,Diciembre,373.0,alto
4,73.8,9,10.7,B,Enero,390.4,alto
3,65.0,4,8.5,C,Noviembre,262.8,normal
6,,3,8.4,C,Julio,402.1,alto
5,226.9,6,1.3,D,Agosto,258.6,normal
4,279.0,4,1.4,C,Octubre,300.2,alto
3,255.7,3,5.2,C,Septiembre,302.3,alto
5,265.3,12,10.7,C,Septiembre,453.9,alto
4,298.9,9,,A,Febrero,316.7,alto
6,237.3,4,5.7,B,Diciembre,338.4,alto
4,271.1,9,4.1,C,Octubre,352.5,alto
6,124.4,5,5.5,B,Octubre,310.5,alto
6,239.3,13,7.1,C,Noviembre,463.6,alto
5,287.8,12,5.3,C,Febrero,402.4,alto
6,83.4,6,8.4,C,Diciembre,337.7,alto
6,106.3,9,,A,Octubre,394.4,alto
2,,5,9.4,D,Mayo,246.1,normal
7,45.1,7,8.2,C,Julio,376.0,alto
6,218.2,14,10.7,C,Septiembre,494.2,alto
2,209.1,9,2.9,D,Mayo,276.2,normal
5,,4,0.1,A,Septiembre,231.5,normal
4,119.7,6,10.1,C,Octubre,341.3,alto
2,288.4,10,3.7,C,Octubre,332.9,alto
3,158.2,4,7.3,C,Junio,260.1,normal
4,37.5,5,8.2,C,Junio,4445.576053850306,normal
5,283.6,8,0.5,D,Enero,298.4,normal
1,243.5,3,,C,Diciembre,315.4,alto
7,146.1,4,4.6,A,Octubre,356.4,alto
2,209.1,14,6.9,B,Junio,363.8,alto
6,62.0,3,2.2,D,Noviembre,201.3,normal
7,170.4,5,7.2,B,Septiembre,346.1,alto
3,283.0,7,10.6,B,Junio,467.9,alto
3,93.5,7,11.8,C,Marzo,322.2,alto
4,267.1,9,,A,Enero,410.7,alto
3,134.8,3,3.5,C,Junio,192.3,normal
3,191.7,14,11.8,D,Septiembre,448.1,alto
2,153.7,12,5.2,C,Septiembre,287.6,normal
7,,4,7.2,D,Septiembre,2946.1473757918143,alto
6,102.8,7,,C,Octubre,350.9,alto
3,190.3,2,3.3,A,Octubre,235.7,normal
6,132.9,7,11.1,C,Julio,434.5,alto
5,183.7,6,4.3,C,Abril,325.5,alto
2,,3,,D,Febrero,313.4,alto
2,145.7,9,,B,Mayo,266.2,normal
6,210.0,7,10.5,D,Enero,451.8,alto
2,142.7,5,9.9,C,Abril,285.6,normal
7,72.2,14,7.7,C,Noviembre,416.5,alto
7,58.1,7,9.2,A,Octubre,400.5,alto
1,59.4,10,3.8,D,Marzo,210.7,normal
1,158.6,13,10.3,B,Abril,402.9,alto
6,287.9,4,7.3,b,Diciembre,399.9,alto
6,234.5,9,2.2,C,Abril,340.8,alto
2,235.8,7,,D,Mayo,246.1,normal
6,157.7,6,7.1,D,Diciembre,339.3,alto
4,299.3,5,7.3,A,Enero,399.6,alto
7,123.9,9,3.9,A,Diciembre,350.9,alto
1,71.0,5,10.4,D,Abril,277.3,normal
1,172.5,5,9.5,B,Julio,307.4,alto
4,180.4,10,7.9,D,Junio,342.4,alto
1,47.6,9,5.7,b,Julio,214.2,normal
1,262.6,9,0.9,A,Mayo,254.9,normal
7,99.0,9,11.2,C,Julio,423.5,alto
3,221.2,4,6.8,D,Noviembre,292.9,normal
2,48.6,8,8.8,B,Noviembre,267.7,normal
2,136.8,4,10.5,B,Marzo,333.3,alto
4,141.4,8,1.9,A,Octubre,222.7,normal
5,214.2,10,8.8,C,Septiembre,416.6,alto
7,266.5,12,3.8,C,Abril,439.2,alto
1,181.5,5,4.7,C,Mayo,212.3,normal
2,87.6,6,1.0,D,Julio,132.5,normal
1,289.7,4,0.8,D,Febrero,212.5,normal
2,39.4,4,6.6,C,Febrero,204.9,normal
3,130.2,9,2.0,C,Diciembre,230.9,normal
7,60.1,8,10.3,C,Febrero,408.2,alto
2,271.6,8,4.8,C,Agosto,285.7,normal
4,,12,3.2,B,Mayo,301.7,alto
7,,6,9.9,B,Diciembre,421.2,alto
3,114.1,13,4.8,D,Enero,307.7,alto
2,232.8,7,4.7,B,Febrero,288.5,normal
5,175.8,5,9.7,D,Diciembre,354.3,alto
7,148.5,2,6.7,C,Enero,339.7,alto
5,,5,,C,Noviembre,326.9,alto
6,185.4,11,6.6,D,Agosto,419.3,alto
4,181.6,12,1.8,D,Marzo,300.8,alto
6,92.7,9,,C,Julio,296.8,normal
1,287.2,7,,D,Mayo,355.0,alto
5,180.4,12,6.5,C,Julio,383.2,alto
2,118.1,14,,C,Septiembre,243.7,normal
5,295.4,10,10.7,A,Diciembre,503.6,alto
6,163.3,7,2.0,D,Enero,278.2,normal
3,163.5,5,9.4,C,Diciembre,308.7,alto
5,158.1,14,9.9,C,Noviembre,455.9,alto
5,263.3,10,3.3,A,Septiembre,376.0,alto
5,87.8,6,0.6,C,Julio,213.3,normal
6,228.1,13,6.2,B,Septiembre,425.8,alto
1,188.0,3,0.5,b,Abril,163.1,normal
5,279.4,4,10.7,D,Abril,399.9,alto
7,267.4,7,10.6,B,Enero,497.9,alto
6,101.3,9,,B,Agosto,3934.621587244947,alto
4,68.9,13,1.0,C,Mayo,285.4,normal
5,276.2,13,3.0,B,Enero,402.7,alto
7,,14,1.6,C,Julio,324.4,alto
6,131.3,8,8.3,B,Noviembre,390.9,alto
5,178.4,12,,C,Octubre,448.1,alto
2,176.1,6,10.0,D,Agosto,351.3,alto
7,286.6,3,6.1,B,Octubre,436.4,alto
7,247.8,5,1.9,A,Mayo,347.7,alto
1,37.4,11,3.0,C,Abril,190.9,normal
2,206.4,11,8.9,C,Agosto,356.3,alto
6,45.4,5,5.4,C,Febrero,308.9,alto
7,289.4,9,0.2,B,Septiembre,4554.727545273466,alto
3,55.9,5,3.8,C,Abril,191.1,normal
1,187.3,10,5.6,A,Enero,317.1,alto
4,62.8,13,0.3,C,Agosto,244.5,normal
7,166.4,3,4.6,B,Noviembre,324.4,alto
3,190.0,13,4.8,C,Septiembre,373.9,alto
5,198.3,11,,D,Febrero,328.1,alto
4,40.4,13,10.8,C,Diciembre,379.0,alto
7,226.3,9,4.2,D,Junio,345.9,alto
3,241.0,7,4.1,D,Noviembre,329.5,alto
3,281.5,9,5.8,C,Octubre,339.1,alto
1,121.4,5,10.5,C,Noviembre,299.4,normal
3,266.4,7,,B,Septiembre,3937.887014795977,alto
2,85.3,10,0.4,A,Marzo,214.6,normal
2,41.6,7,8.8,D,Abril,286.9,normal
2,156.1,8,3.7,c,Octubre,250.7,normal
5,195.4,12,0.1,C,Junio,301.8,alto
3,,14,4.1,C,Marzo,290.3,normal
3,71.3,11,0.1,D,Junio,187.4,normal
7,147.0,4,,C,Abril,4565.084847828029,normal
4,200.6,9,2.4,A,Julio,326.2,alto
3,151.0,10,0.8,C,Abril,227.0,normal
4,129.1,14,4.6,C,Abril,304.7,alto
2,227.0,9,7.6,C,Septiembre,318.8,alto
4,290.5,3,4.8,C,Noviembre,333.2,alto
1,264.6,4,4.9,B,Septiembre,266.9,normal
7,69.9,4,5.5,D,Enero,272.3,normal
1,43.7,8,,B,Marzo,224.0,normal
1,204.4,10,4.5,D,Febrero,292.6,normal
7,35.1,9,3.8,B,Enero,285.6,normal
1,45.4,2,0.8,C,Septiembre,75.8,bajo
7,140.4,8,4.7,D,Agosto,393.3,alto
4,129.0,12,6.8,C,Diciembre,355.5,alto
2,,10,9.5,C,Abril,398.6,alto
4,143.7,4,7.4,D,Septiembre,293.7,normal
7,216.0,13,2.4,B,Septiembre,380.8,alto
1,248.3,12,0.4,D,Agosto,260.4,normal
7,49.3,2,4.9,C,Marzo,282.0,normal
3,263.8,8,6.0,C,Marzo,319.8,alto
5,118.8,13,7.8,C,Diciembre,380.3,alto
5,221.2,14,0.7,C,Marzo,345.4,alto
3,60.2,12,1.6,B,Noviembre,208.6,normal
2,283.5,6,2.3,D,Enero,230.7,normal
7,,8,,D,Agosto,372.4,alto
3,125.5,6,11.4,B,Septiembre,372.7,alto
7,31.7,14,9.5,C,Octubre,456.9,alto
1,161.6,6,7.5,D,Enero,270.2,normal
2,195.1,7,0.7,C,Abril,221.6,normal
5,142.6,14,7.0,B,Diciembre,370.2,alto
4,178.2,12,,C,Junio,405.1,alto
5,284.7,5,11.7,B,Abril,452.8,alto
5,165.2,9,8.2,C,Junio,358.1,alto
4,216.3,8,3.3,D,Mayo,244.1,normal
6,58.3,3,4.7,B,Mayo,265.5,normal
3,84.8,11,10.0,D,Agosto,339.5,alto
5,90.1,10,7.9,C,Abril,365.9,alto
3,162.7,12,6.0,C,Diciembre,318.1,alto
7,211.9,8,0.8,B,Marzo,323.6,alto
7,285.7,6,9.5,B,Noviembre,507.6,alto
7,125.7,9,6.6,D,Febrero,363.2,alto
1,35.5,9,6.5,B,Julio,247.6,normal
4,290.6,11,6.7,B,Abril,412.8,alto
6,,5,2.9,D,Julio,265.4,normal
7,264.2,5,0.6,D,Febrero,292.5,normal
5,283.9,11,10.2,B,Junio,496.5,alto
7,253.6,9,,B,Marzo,348.7,alto
7,,4,8.8,B,Septiembre,403.6,alto
2,36.2,8,,C,Mayo,250.4,normal
5,206.4,9,3.3,B,Enero,364.7,alto
2,286.1,6,3.4,B,Julio,279.1,normal
5,75.5,12,,C,Junio,341.3,alto
2,271.7,2,3.3,B,Marzo,273.0,normal
7,250.0,9,,B,Octubre,350.1,alto
2,124.8,2,1.8,A,Junio,198.7,normal
2,,8,3.6,d,Mayo,319.3,alto
6,240.1,6,1.3,A,Diciembre,313.5,alto
4,196.4,7,7.8,D,Julio,386.7,alto
7,189.3,14,3.9,C,Marzo,380.8,alto
1,65.8,9,1.2,A,Diciembre,167.4,normal
5,218.4,13,1.4,C,Noviembre,334.2,alto
6,112.0,6,1.2,B,Agosto,247.0,normal
6,104.5,11,8.1,C,Febrero,362.0,alto
4,253.4,7,12.0,B,Enero,462.2,alto
3,59.5,13,0.6,B,Marzo,217.5,normal
3,273.3,12,0.8,D,Diciembre,306.2,alto
5,169.0,3,0.1,C,Diciembre,213.8,normal
7,48.0,11,8.5,B,Enero,370.5,alto
2,187.4,8,10.0,A,Junio,359.1,alto
3,78.0,2,7.7,B,Marzo,270.1,normal
4,151.5,2,10.2,C,Enero,306.6,alto
1,110.6,13,9.0,B,Enero,327.5,alto
2,105.1,2,5.2,C,Junio,204.2,normal
4,,7,,A,Octubre,210.9,normal
1,238.3,10,1.1,B,Abril,275.7,normal
5,219.4,8,2.0,C,Agosto,293.4,normal
3,69.6,6,3.6,D,Septiembre,228.5,normal
6,129.9,11,3.7,D,Octubre,373.8,alto
1,197.1,2,7.8,A,Diciembre,262.4,normal
4,128.1,4,1.9,D,Agosto,183.4,normal
6,191.2,6,11.4,B,Octubre,463.8,alto
1,80.9,12,11.8,B,Diciembre,387.0,alto
1,177.6,4,1.4,B,Agosto,206.3,normal
1,67.4,13,11.6,a,Junio,374.3,alto
3,112.3,14,3.2,D,Enero,302.7,alto
7,58.1,14,7.8,A,Febrero,436.6,alto
7,,12,6.3,B,Enero,377.6,alto
7,74.4,9,11.6,B,Julio,450.0,alto
6,264.4,4,9.4,D,Diciembre,442.1,alto
6,139.5,3,2.7,D,Enero,246.9,normal
2,285.9,7,11.8,B,Enero,394.3,alto
5,86.2,10,,D,Diciembre,278.5,normal
6,54.7,5,11.0,B,Diciembre,384.2,alto
1,97.7,7,8.5,A,Abril,321.1,alto
6,134.4,2,,A,Marzo,408.2,alto
7,76.7,12,9.2,C,Junio,434.9,alto
6,201.3,7,2.8,C,Enero,321.5,alto
6,80.2,14,2.9,B,Septiembre,338.3,alto
6,95.7,4,10.9,B,Abril,407.7,alto
4,238.0,7,6.9,C,Diciembre,358.9,alto
7,156.1,6,7.5,C,Octubre,396.3,alto
5,73.4,10,2.0,D,Enero,272.8,normal
1,233.6,3,11.1,D,Junio,304.8,alto
1,122.0,12,0.8,B,Junio,207.9,normal
6,91.0,13,,D,Agosto,301.3,alto
4,185.0,10,5.6,D,Septiembre,321.4,alto
6,288.3,14,0.7,C,Marzo,401.2,alto
2,186.7,6,2.7,A,Mayo,241.6,normal
1,76.9,10,11.3,B,Junio,344.5,alto
7,33.7,11,2.2,D,Noviembre,279.6,normal
5,128.3,14,3.4,C,Abril,321.5,alto
7,58.8,6,,B,Junio,300.4,alto
7,54.0,12,10.7,C,Mayo,417.1,alto
2,199.8,13,0.6,C,Septiembre,246.1,normal
5,171.0,11,6.7,B,Septiembre,387.9,alto
6,284.3,11,,D,Noviembre,483.8,alto
6,222.5,12,11.5,D,Septiembre,4096.3915964630605,alto
4,41.6,4,9.5,C,Septiembre,302.3,alto
6,274.2,11,9.6,C,Febrero,464.0,alto
3,236.4,2,4.6,C,Mayo,245.2,normal
4,155.5,3,6.9,C,Octubre,295.3,normal
7,151.6,4,11.6,C,Octubre,432.1,alto
1,101.9,13,1.5,C,Enero,220.9,normal
3,178.9,5,9.2,C,Enero,309.2,alto
1,269.2,3,,B,Octubre,271.8,normal
6,114.1,14,11.9,D,Mayo,471.2,alto
4,129.6,8,4.9,C,Febrero,281.9,normal
6,79.7,10,4.4,D,Enero,281.2,normal
5,57.8,6,0.8,C,Abril,4125.531038826943,normal
7,226.2,12,11.2,b,Marzo,503.2,alto
1,195.3,14,7.5,D,Agosto,325.6,alto
5,,12,8.3,A,Julio,476.4,alto
3,262.4,8,6.9,D,Enero,320.8,alto
3,261.4,7,3.6,C,Enero,3156.647234608379,alto
1,191.5,10,,D,Septiembre,286.1,normal
5,296.5,2,8.5,D,Junio,354.8,alto
7,215.2,6,6.6,D,Diciembre,385.9,alto
7,238.7,7,5.2,A,Enero,4324.705897593095,alto
6,214.4,11,11.8,C,Octubre,463.8,alto
1,134.3,5,3.2,D,Mayo,177.8,normal
5,265.5,11,7.1,D,Julio,383.7,alto
3,103.5,2,4.4,C,Abril,185.7,normal
6,298.1,5,9.1,C,Julio,427.0,alto
3,114.0,2,5.6,B,Octubre,196.6,normal
7,86.4,4,7.0,B,Marzo,330.0,alto
2,99.5,5,0.0,D,Noviembre,146.3,normal
7,200.0,12,6.5,C,Noviembre,416.8,alto
6,130.0,4,9.0,D,Mayo,330.6,alto
5,94.7,2,4.7,D,Diciembre,256.5,normal
6,224.1,5,0.7,D,Diciembre,280.8,normal
6,133.9,14,,C,Octubre,405.6,alto
3,44.4,9,3.7,C,Octubre,213.5,normal
3,32.7,7,3.4,D,Septiembre,194.9,normal
3,263.5,6,,C,Mayo,413.3,alto
1,,7,7.7,C,Julio,285.5,normal
3,245.8,14,8.2,A,Diciembre,462.7,alto
2,,3,10.1,C,Febrero,323.0,alto
5,119.0,2,4.6,C,Julio,228.5,normal
2,284.3,9,1.4,D,Junio,266.0,normal
6,227.4,12,,A,Agosto,390.6,alto
2,82.8,13,1.8,C,Junio,224.7,normal
3,191.5,4,10.3,A,Octubre,357.5,alto
7,150.6,10,8.0,A,Agosto,425.5,alto
6,179.2,9,8.4,C,Mayo,423.4,alto
5,225.8,11,6.1,c,Diciembre,407.9,alto
1,,12,6.2,D,Enero,295.6,normal
1,171.6,8,10.9,C,Septiembre,353.2,alto
1,114.1,12,7.2,D,Septiembre,300.1,alto
5,209.4,5,7.8,B,Mayo,360.4,alto
1,138.4,9,10.6,B,Octubre,356.2,alto
7,40.8,4,5.5,C,Agosto,256.0,normal
2,,6,5.3,B,Septiembre,332.3,alto
5,235.4,14,9.6,A,Diciembre,472.0,alto
1,,6,5.7,B,Diciembre,218.0,normal
6,127.6,9,0.5,C,Marzo,235.5,normal
4,76.7,13,6.2,B,Julio,341.6,alto
5,38.6,7,10.4,D,Junio,368.8,alto
1,80.7,14,6.8,C,Febrero,316.8,alto
5,299.4,13,1.1,D,Noviembre,361.6,alto
2,38.4,9,2.1,A,Abril,227.9,normal
2,184.2,7,9.8,C,Julio,353.4,alto
7,37.4,2,1.8,A,Marzo,245.0,normal
1,291.3,13,9.2,D,Enero,409.2,alto
6,98.4,10,8.4,D,Marzo,369.8,alto
3,69.0,4,6.3,D,Mayo,244.3,normal
1,270.2,12,3.7,B,Octubre,304.3,alto
1,106.9,3,8.4,C,Agosto,242.9,normal
2,71.3,12,,B,Enero,336.1,alto
1,198.3,5,8.2,B,Diciembre,353.9,alto
6,,3,10.5,C,Marzo,3259.1112933029267,alto
6,,14,10.8,B,Agosto,494.2,alto
2,193.8,8,,C,Noviembre,254.4,normal
1,293.7,4,1.4,c,Marzo,204.6,normal
2,147.4,14,2.0,B,Septiembre,300.7,alto
3,232.1,6,5.1,B,Septiembre,339.5,alto
6,210.7,4,8.6,D,Noviembre,410.5,alto
6,228.3,4,0.1,C,Enero,285.2,normal
6,168.7,12,,C,Enero,465.8,alto
2,73.3,13,0.1,D,Febrero,210.5,normal
7,132.3,11,5.1,C,Febrero,359.1,alto
5,241.1,11,6.8,B,Agosto,390.1,alto
5,,11,12.0,D,Julio,366.8,alto
6,277.4,10,4.2,C,Mayo,400.9,alto
6,,11,9.9,D,Julio,403.0,alto
1,148.3,8,7.8,B,Diciembre,315.8,alto
7,186.0,5,3.9,D,Abril,315.7,alto
7,217.7,11,6.4,A,Julio,430.2,alto
7,196.4,11,5.2,C,Febrero,424.2,alto
5,273.2,2,9.7,B,Junio,419.0,alto
6,53.5,2,1.4,D,Noviembre,202.2,normal
1,247.5,4,9.1,C,Junio,327.6,alto
3,144.1,10,6.8,C,Septiembre,306.4,alto
6,72.1,14,5.3,B,Octubre,380.0,alto
1,131.4,2,1.2,B,Enero,144.4,normal
3,168.2,14,11.4,C,Noviembre,459.7,alto
6,167.8,5,0.5,C,Abril,261.8,normal
1,230.9,13,0.3,D,Noviembre,234.6,normal
2,42.1,12,10.8,D,Agosto,356.8,alto
7,,13,11.9,C,Octubre,497.5,alto
6,203.4,13,2.8,D,Abril,352.4,alto
7,186.9,13,4.0,C,Enero,387.2,alto
5,117.9,12,1.7,B,Diciembre,303.4,alto
7,74.9,14,7.7,B,Junio,373.8,alto
7,196.7,3,1.1,D,Noviembre,277.7,normal
2,298.0,2,2.4,A,Febrero,268.1,normal
2,61.4,13,1.3,D,Mayo,215.0,normal
2,139.8,4,9.3,B,Abril,332.5,alto
2,170.2,7,3.9,D,Julio,232.0,normal
5,139.4,10,,B,Junio,397.8,alto
3,200.9,4,9.6,A,Septiembre,382.1,alto
4,291.9,5,,A,Mayo,332.0,alto
4,105.3,12,3.0,A,Diciembre,287.1,normal
7,45.3,3,4.3,D,Mayo,249.1,normal
4,139.7,5,10.2,B,Abril,359.5,alto
1,268.0,2,7.4,C,Febrero,265.5,normal
1,60.0,2,5.6,A,Junio,203.0,normal
4,,8,,A,Octubre,278.8,normal
4,153.0,13,,B,Septiembre,424.9,alto
6,,10,2.7,A,Noviembre,326.7,alto
1,76.6,6,9.6,D,Abril,255.4,normal
7,139.7,13,9.2,C,Mayo,452.1,alto
2,146.6,10,7.3,A,Julio,339.4,alto
1,30.4,6,8.2,C,Abril,221.1,normal
5,293.4,5,5.8,C,Julio,381.1,alto
6,146.0,12,2.7,C,Abril,355.1,alto
6,61.1,11,11.7,D,Diciembre,427.2,alto
1,232.0,11,,D,Octubre,270.8,normal
2,132.8,2,5.0,A,Diciembre,243.1,normal
7,116.2,14,3.5,D,Julio,375.7,alto
6,,14,1.6,C,Junio,278.1,normal
7,151.7,14,7.6,D,Noviembre,460.5,alto
6,63.2,8,7.4,B,Febrero,336.9,alto
1,262.7,2,0.9,C,Julio,162.7,normal
5,288.7,8,8.9,B,Mayo,430.1,alto
4,258.4,11,3.8,B,Abril,338.6,alto
3,39.6,11,6.7,C,Julio,309.4,alto
5,290.4,6,10.1,C,Enero,448.6,alto
6,141.4,11,4.5,D,Septiembre,332.7,alto
1,81.3,2,6.6,C,Julio,192.8,normal
7,112.5,14,11.7,D,Enero,455.7,alto
2,68.5,6,10.6,C,Noviembre,292.8,normal
4,197.1,9,2.4,C,Diciembre,295.6,normal
4,246.2,14,,C,Octubre,401.8,alto
1,183.6,10,4.3,C,Septiembre,273.7,normal
4,165.9,9,3.6,C,Julio,281.6,normal
5,187.8,12,9.2,D,Abril,425.4,alto
4,290.0,13,4.6,C,Junio,383.6,alto
5,189.9,2,4.8,A,Abril,289.8,normal
3,296.9,10,1.7,C,Febrero,327.2,alto
2,277.4,12,8.5,B,Abril,420.8,alto
3,155.8,2,9.5,D,Enero,295.2,normal
6,59.3,5,3.5,D,Abril,265.4,normal
3,52.1,3,1.6,D,Agosto,153.4,normal
3,82.8,5,6.9,C,Junio,274.1,normal
7,,5,7.2,C,Mayo,380.0,alto
1,,8,9.5,C,Agosto,243.7,normal
1,71.5,3,4.7,C,Octubre,158.7,normal
5,259.9,13,10.3,c,Octubre,481.2,alto
3,208.8,10,0.1,C,Enero,235.5,normal
3,181.8,5,9.3,C,Junio,313.8,alto
5,203.3,7,6.6,B,Abril,334.1,alto
2,41.5,6,8.4,B,Noviembre,300.8,alto
3,234.8,6,10.5,B,Diciembre,386.0,alto
2,61.6,7,4.3,C,Octubre,208.9,normal
6,,10,9.6,C,Julio,372.3,alto
3,39.7,7,,B,Octubre,317.4,alto
3,64.0,4,12.0,D,Julio,298.9,normal
5,106.5,2,9.4,C,Marzo,336.4,alto
3,100.7,10,5.5,C,Septiembre,298.5,normal
2,145.9,8,,C,Marzo,267.0,normal
2,157.3,12,1.6,C,Mayo,230.6,normal
6,293.6,11,11.0,C,Agosto,536.5,alto
4,286.2,9,9.0,D,Diciembre,414.8,alto
4,215.6,13,11.8,B,Febrero,506.8,alto
6,93.3,9,,D,Mayo,294.2,normal
6,239.0,5,0.1,b,Octubre,294.1,normal
2,,2,4.8,D,Agosto,154.1,normal
3,212.5,13,9.2,C,Septiembre,400.8,alto
6,,13,10.1,D,Julio,442.2,alto
2,184.8,6,2.4,C,Septiembre,211.4,normal
2,45.3,7,,C,Abril,168.7,normal
1,,8,,B,Marzo,281.3,normal
6,140.7,3,5.4,C,Diciembre,341.9,alto
1,158.6,8,4.2,B,Junio,217.4,normal
5,111.9,7,,D,Julio,358.3,alto
5,132.2,10,6.7,B,Diciembre,360.7,alto
2,68.5,5,6.1,B,Junio,212.3,normal
3,132.9,13,8.9,D,Agosto,348.7,alto
5,97.0,4,3.4,B,Marzo,236.8,normal
3,251.8,2,4.8,C,Junio,280.2,normal
3,82.8,9,10.0,D,Abril,329.6,alto
5,138.6,11,6.7,A,Octubre,369.9,alto
1,68.7,2,4.6,D,Julio,139.2,normal
7,70.2,11,11.2,D,Diciembre,403.1,alto
2,241.1,5,1.6,B,Octubre,234.4,normal
4,218.2,2,11.8,C,Enero,397.8,alto
6,152.6,14,11.1,C,Mayo,447.9,alto
3,45.4,4,4.9,D,Enero,195.0,normal
3,213.4,10,0.8,C,Julio,256.2,normal
4,99.0,13,5.7,B,Noviembre,357.4,alto
1,200.3,5,1.2,B,Diciembre,173.8,normal
2,296.8,11,10.6,B,Agosto,444.8,alto
6,30.6,11,1.7,B,Julio,266.1,normal
4,269.5,9,5.4,C,Diciembre,352.3,alto
5,139.0,8,7.4,B,Noviembre,373.5,alto
3,,9,6.4,C,Agosto,317.3,alto
7,68.7,10,11.3,C,Julio,429.4,alto
5,163.6,12,0.6,D,Noviembre,284.1,normal
5,274.2,3,0.1,C,Diciembre,278.7,normal
1,193.0,6,10.2,A,Septiembre,324.3,alto
7,203.7,11,10.9,B,Mayo,512.8,alto
4,180.1,4,6.8,C,Abril,335.1,alto
6,212.9,9,,A,Septiembre,411.9,alto
7,280.8,6,0.6,C,Noviembre,316.2,alto
6,84.7,12,6.5,C,Junio,354.9,alto
3,289.1,7,10.7,B,Mayo,419.0,alto
1,76.3,5,3.0,C,Junio,183.1,normal
4,102.0,8,7.0,C,Noviembre,302.5,alto
6,31.2,4,9.5,A,Marzo,290.6,normal
6,289.8,13,2.3,C,Abril,388.4,alto
1,184.1,14,7.1,C,Marzo,339.9,alto
2,,3,7.4,A,Enero,235.6,normal
7,59.7,12,,A,Abril,426.6,alto
5,273.8,6,,D,Septiembre,309.4,alto
4,132.4,7,4.7,C,Noviembre,275.9,normal
6,124.4,3,11.7,C,Julio,379.5,alto
2,53.6,2,2.0,C,Mayo,139.7,normal
5,281.4,14,1.9,C,Enero,359.5,alto
5,43.6,5,,C,Diciembre,300.5,alto
3,249.8,2,10.3,d,Abril,387.4,alto
6,42.4,7,4.2,D,Noviembre,287.4,normal
1,256.6,3,5.3,C,Abril,284.9,normal
6,204.2,7,1.7,A,Febrero,316.5,alto
2,157.9,14,6.3,B,Marzo,351.3,alto
4,142.4,3,0.3,C,Junio,194.0,normal
5,142.0,2,7.6,C,Noviembre,263.3,normal
6,88.4,3,0.4,C,Julio,224.4,normal
2,168.8,10,0.7,D,Marzo,185.4,normal
3,90.7,8,1.8,B,Noviembre,162.1,normal
1,205.7,11,4.1,D,Julio,259.6,normal
1,174.4,7,11.1,D,Diciembre,356.9,alto
5,134.5,4,2.1,C,Enero,243.6,normal
7,153.0,6,1.9,A,Octubre,321.4,alto
2,194.8,9,0.0,C,Octubre,214.0,normal
1,258.2,5,7.9,D,Julio,289.8,normal
4,142.7,13,9.5,C,Enero,400.6,alto
3,284.7,12,8.6,B,Noviembre,422.2,alto
1,162.2,10,6.1,D,Mayo,278.4,normal
1,182.9,13,9.6,B,Enero,377.3,alto
4,172.0,4,8.9,C,Septiembre,324.1,alto
5,298.6,12,0.6,C,Abril,364.9,alto
2,34.7,6,1.4,C,Enero,179.3,normal
6,271.7,4,10.4,D,Mayo,412.5,alto
3,229.1,13,7.4,C,Diciembre,375.4,alto
3,111.3,8,7.0,C,Agosto,265.8,normal
2,87.6,9,7.8,B,Febrero,302.2,alto
4,272.7,9,11.9,B,Mayo,486.6,alto
7,59.4,5,,C,Julio,283.0,normal
4,143.9,4,1.9,C,Diciembre,225.6,normal
2,178.5,2,6.1,C,Abril,256.5,normal
2,31.5,7,0.2,B,Octubre,155.0,normal
3,242.2,2,7.6,D,Febrero,288.9,normal
4,297.7,4,0.6,C,Abril,244.4,normal
2,92.5,2,3.5,B,Abril,155.9,normal
3,151.8,4,0.5,d,Agosto,141.8,normal
4,206.0,12,4.4,C,Agosto,333.3,alto
3,120.4,10,6.4,C,Marzo,322.8,alto
6,147.5,9,7.7,B,Mayo,423.2,alto
4,141.1,4,8.5,C,Marzo,334.3,alto
4,115.9,8,4.4,C,Septiembre,276.9,normal
5,219.6,12,9.3,A,Enero,435.2,alto
6,66.0,7,9.8,C,Mayo,383.2,alto
2,54.1,3,8.2,D,Abril,180.2,normal
3,136.9,2,2.9,C,Agosto,185.0,normal
4,181.5,12,11.0,c,Octubre,415.8,alto
4,214.0,11,3.1,C,Enero,320.0,alto
6,,7,10.0,D,Octubre,414.5,alto
5,182.2,2,0.2,D,Diciembre,181.0,normal
4,52.6,11,7.4,C,Junio,344.4,alto
2,120.2,10,2.5,C,Junio,258.2,normal
6,91.5,3,5.8,A,Agosto,283.7,normal
6,297.5,13,9.3,B,Agosto,538.9,alto
7,257.4,5,4.8,D,Enero,373.4,alto
3,153.4,7,7.8,C,Marzo,256.9,normal
7,146.2,3,4.9,C,Diciembre,343.5,alto
4,70.4,3,11.3,C,Octubre,325.1,alto
1,232.0,6,2.5,C,Marzo,221.6,normal
5,91.6,6,1.1,C,Septiembre,240.2,normal
6,206.0,11,0.9,C,Agosto,319.7,alto
2,40.0,6,11.6,D,Enero,249.9,normal
7,41.5,8,1.1,A,Septiembre,271.8,normal
1,291.3,8,7.8,D,Junio,370.2,alto
6,218.1,3,1.6,B,Agosto,267.2,normal
1,193.5,12,11.7,A,Agosto,423.7,alto
3,262.5,3,6.9,B,Julio,325.6,alto
7,87.1,6,,D,Septiembre,343.3,alto
6,194.1,9,1.7,B,Mayo,333.6,alto
1,159.0,9,6.7,B,Noviembre,273.6,normal
1,42.3,7,4.7,A,Agosto,226.3,normal
7,138.0,5,7.7,C,Enero,362.8,alto
5,124.0,14,5.0,C,Octubre,331.4,alto
2,,14,5.4,D,Mayo,387.6,alto
3,252.5,5,5.4,D,Junio,296.8,normal
3,64.5,7,,D,Junio,236.1,normal
6,278.9,3,2.6,A,Abril,324.8,alto
3,159.7,5,0.4,D,Junio,185.9,normal
5,143.0,2,1.9,A,Abril,245.4,normal
3,251.2,11,0.4,C,Noviembre,299.7,normal
6,239.7,6,2.5,B,Noviembre,305.5,alto
2,107.4,11,1.4,C,Marzo,246.9,normal
5,278.4,9,2.5,B,Agosto,361.4,alto
6,63.6,4,11.1,D,Noviembre,305.6,alto
2,215.7,13,8.1,C,Diciembre,2837.3912985966645,alto
6,76.0,4,8.0,B,Julio,325.7,alto
6,190.5,10,3.9,D,Agosto,316.1,alto
4,270.8,10,6.7,C,Octubre,396.5,alto
5,278.8,11,10.8,D,Mayo,467.3,alto
5,295.5,12,2.8,B,Noviembre,395.5,alto
2,291.9,7,6.7,C,Febrero,344.4,alto
1,272.5,6,4.2,B,Abril,273.1,normal
3,282.8,9,11.9,C,Septiembre,424.2,alto
7,146.7,11,4.1,B,Octubre,358.7,alto
6,65.0,7,9.0,D,Diciembre,323.7,alto
1,222.1,12,9.1,D,Noviembre,351.4,alto
3,288.7,12,10.2,B,Octubre,468.7,alto
4,113.0,11,5.4,D,Octubre,326.8,alto
6,52.5,7,8.1,B,Marzo,368.9,alto
5,187.7,2,10.1,C,Abril,376.2,alto
3,158.2,3,3.6,D,Febrero,227.9,normal
4,218.3,6,4.4,D,Enero,328.9,alto
3,299.1,12,5.6,C,Julio,371.3,alto
6,150.7,10,8.6,C,Octubre,383.9,alto
6,153.5,5,,C,Mayo,333.2,alto
7,145.9,10,0.2,A,Julio,321.1,alto
7,132.7,7,10.8,D,Octubre,419.1,alto
6,176.7,6,8.2,D,Octubre,335.3,alto
1,261.1,9,5.1,C,Mayo,297.0,normal
3,167.3,9,1.7,C,Abril,292.8,normal
4,,2,2.4,B,Septiembre,214.0,normal
1,59.0,12,8.8,B,Diciembre,298.9,normal
1,156.0,12,7.8,d,Octubre,336.9,alto
2,243.5,9,2.0,B,Octubre,276.9,normal
5,112.0,3,9.0,B,Noviembre,356.0,alto
5,118.2,12,8.5,C,Julio,384.5,alto
6,133.1,2,5.5,C,Abril,296.5,normal
3,67.4,4,0.5,B,Diciembre,143.6,normal
3,277.4,8,7.1,D,Agosto,335.3,alto
5,40.2,11,,a,Noviembre,325.7,alto
6,199.1,8,0.0,B,Junio,295.2,normal
1,70.0,11,9.5,B,Noviembre,333.0,alto
4,35.6,13,11.8,C,Junio,408.7,alto
3,67.4,5,7.5,B,Noviembre,298.2,normal
2,298.4,13,2.4,D,Noviembre,319.2,alto
3,282.9,13,7.2,C,Enero,404.6,alto
6,182.9,10,2.7,C,Enero,335.7,alto
3,139.5,5,7.9,C,Abril,302.3,alto
6,187.4,11,6.6,D,Septiembre,366.7,alto
4,179.8,2,2.3,C,Julio,180.2,normal
3,279.5,10,5.5,B,Febrero,387.6,alto
5,132.7,11,6.6,B,Septiembre,391.6,alto
7,299.3,14,1.0,C,Mayo,415.6,alto
5,251.4,4,4.4,C,Diciembre,341.3,alto
2,40.6,8,2.0,C,Enero,181.3,normal
5,235.9,14,3.4,C,Mayo,377.0,alto
4,253.2,5,6.8,A,Septiembre,356.5,alto
3,186.0,13,,C,Junio,285.3,normal
2,153.9,7,,C,Enero,302.5,alto
2,49.2,9,2.5,D,Febrero,165.9,normal
7,155.2,11,,D,Diciembre,391.4,alto
7,86.5,3,1.0,B,Agosto,244.6,normal
1,263.3,11,0.5,D,Enero,248.5,normal
4,247.5,7,7.4,B,Agosto,358.4,alto
4,275.4,13,,D,Marzo,526.7,alto
6,248.2,12,7.6,D,Mayo,420.9,alto
3,68.4,11,10.4,C,Abril,393.0,alto
1,197.4,8,4.2,A,Enero,284.0,normal
2,281.8,11,1.3,C,Febrero,291.3,normal
5,161.8,13,4.4,A,Octubre,377.5,alto
6,143.4,12,6.9,C,Abril,3895.4322403807064,alto
1,276.3,4,9.5,B,Mayo,376.2,alto
7,108.4,3,9.3,A,Abril,371.0,alto
1,57.3,14,6.8,D,Marzo,261.9,normal
4,30.7,12,5.6,A,Junio,326.9,alto
5,131.3,2,6.5,C,Agosto,300.7,alto
3,199.1,7,9.2,B,Agosto,358.3,alto
2,103.6,14,6.4,D,Enero,325.1,alto
2,282.9,7,,D,Mayo,322.6,alto
2,241.6,2,7.7,D,Abril,262.9,normal
3,128.8,6,1.3,C,Abril,211.0,normal
2,,6,2.4,D,Junio,276.1,normal
7,54.8,3,3.9,B,Junio,286.1,normal
7,223.7,11,9.0,A,Septiembre,514.9,alto
2,67.0,13,4.3,C,Junio,262.1,normal
3,220.4,3,12.0,D,Marzo,362.6,alto
3,285.5,3,7.7,B,Diciembre,342.9,alto
3,273.0,13,3.6,C,Mayo,328.1,alto
5,162.1,6,1.7,D,Agosto,250.8,normal
5,245.1,11,9.4,D,Septiembre,472.2,alto
1,168.6,7,4.8,B,Marzo,3281.3095630660287,normal
1,258.1,7,12.0,C,Junio,384.3,alto
7,,13,7.4,D,Febrero,467.5,alto
7,257.1,7,8.1,C,Noviembre,406.1,alto
6,293.1,7,10.3,A,Junio,495.7,alto
1,166.5,7,1.7,D,Marzo,196.8,normal
2,135.4,4,3.1,A,Septiembre,187.5,normal
6,215.8,14,8.7,C,Enero,439.3,alto
5,88.6,5,4.4,D,Octubre,251.9,normal
1,250.6,8,6.2,B,Mayo,324.8,alto
2,50.3,12,4.8,B,Junio,251.3,normal
6,291.7,7,8.0,A,Abril,432.0,alto
6,215.3,9,3.9,C,Noviembre,361.8,alto
6,52.6,9,3.5,D,Septiembre,270.0,normal
5,227.9,11,0.2,C,Enero,315.2,alto
1,91.5,10,,B,Octubre,246.2,normal
1,133.5,3,,C,Octubre,227.1,normal
6,223.0,7,5.9,C,Diciembre,366.2,alto
3,276.5,13,7.6,c,Enero,437.1,alto
1,125.9,13,8.3,D,Mayo,268.7,normal
5,207.0,3,6.1,c,Agosto,354.3,alto
5,140.9,5,6.7,A,Junio,316.7,alto
2,207.6,6,11.3,A,Junio,390.6,alto
6,171.8,3,8.8,D,Noviembre,345.8,alto
3,32.1,8,1.3,B,Noviembre,182.7,normal
6,,2,9.9,c,Febrero,328.0,alto
5,202.0,11,0.0,C,Mayo,307.7,alto
7,187.7,2,7.0,B,Junio,381.4,alto
3,211.2,9,7.7,A,Septiembre,367.5,alto
2,,14,9.2,C,Noviembre,364.6,alto
3,67.6,9,1.3,B,Diciembre,254.7,normal
6,,7,0.1,C,Septiembre,262.8,normal
6,30.9,10,1.4,A,Agosto,287.5,normal
4,71.2,13,,C,Mayo,231.9,normal
4,242.7,5,5.8,B,Enero,354.8,alto
3,147.4,3,1.6,B,Junio,216.3,normal
3,140.9,12,10.3,D,Agosto,428.6,alto
4,243.9,12,3.7,C,Febrero,373.8,alto
5,158.4,8,5.6,D,Marzo,312.4,alto
5,129.5,4,3.2,C,Noviembre,246.2,normal
2,103.0,8,8.5,B,Julio,325.4,alto
5,160.0,6,5.5,D,Junio,277.8,normal
6,281.4,12,0.7,C,Junio,3453.2468862083056,alto
1,102.3,11,6.8,C,Marzo,247.0,normal
7,171.0,13,11.3,D,Julio,496.2,alto
2,,12,8.8,C,Septiembre,310.4,alto
2,71.2,14,8.5,D,Agosto,311.7,alto
7,146.3,3,9.9,D,Marzo,439.2,alto
4,80.4,9,0.5,B,Diciembre,4500.5524182349745,normal
3,79.1,4,8.1,C,Junio,287.5,normal
3,281.9,7,7.0,A,Octubre,360.4,alto
7,191.6,6,3.2,C,Octubre,363.2,alto
6,39.1,12,6.9,C,Marzo,327.2,alto
2,298.8,5,9.4,D,Enero,320.3,alto
5,168.5,6,7.7,A,Febrero,399.1,alto
5,234.1,3,11.3,C,Junio,405.0,alto
7,,11,0.9,B,Enero,284.4,normal
7,205.2,11,0.5,C,Junio,369.7,alto
3,32.7,8,2.1,B,Diciembre,219.4,normal
4,44.3,4,5.4,C,Septiembre,260.4,normal
2,257.8,5,0.4,C,Septiembre,235.7,normal
7,33.1,11,7.0,B,Enero,387.7,alto
6,229.4,12,,A,Mayo,413.8,alto
3,,3,9.2,B,Febrero,310.2,alto
7,173.0,5,2.0,B,Agosto,310.8,alto
7,290.8,13,6.9,C,Julio,478.2,alto
3,255.9,10,10.6,C,Diciembre,444.2,alto
1,294.4,5,8.9,B,Noviembre,332.3,alto
5,,9,3.1,D,Mayo,309.3,alto
1,257.5,8,1.0,C,Febrero,180.9,normal
7,165.4,9,9.3,A,Julio,451.5,alto
2,58.2,6,3.6,C,Marzo,209.9,normal
3,217.6,14,2.8,B,Junio,330.6,alto
5,226.9,5,6.6,C,Enero,343.1,alto
4,82.9,2,10.2,C,Septiembre,334.0,alto
3,104.9,3,11.4,C,Marzo,343.0,alto
1,52.8,7,6.5,C,Junio,203.5,normal
3,246.7,11,9.6,B,Junio,451.7,alto
1,160.0,11,11.2,C,Diciembre,363.8,alto
7,225.8,4,10.9,D,Septiembre,402.9,alto
5,200.8,10,1.4,C,Abril,308.1,alto
4,99.9,5,11.9,D,Septiembre,350.0,alto
5,288.5,4,1.9,B,Diciembre,314.2,alto
6,63.7,4,8.5,D,Julio,329.1,alto
5,,2,,C,Enero,252.7,normal
6,193.1,10,,D,Septiembre,443.3,alto
7,237.9,8,6.9,C,Septiembre,399.8,alto
2,59.0,10,10.0,B,Marzo,361.7,alto
6,178.6,12,1.5,B,Mayo,353.5,alto
4,247.9,8,1.5,D,Febrero,317.0,alto
2,259.2,6,8.9,A,Noviembre,349.0,alto
7,73.3,5,11.3,C,Junio,411.3,alto
6,131.2,12,0.4,B,Enero,279.2,normal
3,227.5,7,11.9,C,Enero,404.5,alto
6,156.5,2,3.6,C,Febrero,274.0,normal
1,259.2,8,1.2,D,Octubre,230.4,normal
5,120.5,7,7.6,D,Octubre,321.8,alto
3,67.1,6,2.6,B,Octubre,193.0,normal
2,207.8,2,5.2,B,Agosto,231.5,normal
7,293.4,7,10.7,B,Mayo,507.6,alto
4,75.2,11,3.6,D,Abril,247.4,normal
1,282.8,6,6.9,D,Mayo,330.0,alto
6,149.7,12,5.6,B,Febrero,390.0,alto
4,251.5,7,0.5,C,Octubre,256.8,normal
4,100.6,6,0.2,C,Octubre,192.5,normal
3,,10,3.5,C,Octubre,212.8,normal
1,114.7,8,4.1,B,Mayo,226.4,normal
5,232.7,4,,D,Agosto,386.8,alto
3,55.9,2,8.3,B,Noviembre,259.6,normal
4,270.6,13,,C,Mayo,417.9,alto
4,49.3,5,1.7,C,Septiembre,175.4,normal
2,107.5,10,1.3,D,Agosto,208.1,normal
7,224.7,10,0.3,C,Mayo,315.2,alto
5,110.6,4,,C,Mayo,300.7,alto
1,214.1,4,8.1,C,Junio,304.8,alto
3,130.4,11,4.4,B,Mayo,311.7,alto
4,71.6,9,,B,Noviembre,206.1,normal
6,60.6,10,7.5,D,Abril,337.8,alto
4,84.7,8,8.3,d,Enero,275.0,normal
7,243.7,13,4.1,C,Noviembre,392.7,alto
5,,9,11.1,A,Noviembre,459.9,alto
1,257.5,12,10.8,C,Diciembre,406.2,alto
4,153.1,4,7.5,C,Marzo,291.2,normal
2,216.0,7,10.7,B,Mayo,384.1,alto
3,147.4,14,4.3,D,Julio,300.7,alto
5,145.5,6,2.2,B,Septiembre,248.8,normal
7,259.5,12,8.4,C,Junio,498.8,alto
5,273.7,5,7.7,B,Febrero,421.2,alto
7,295.9,7,3.2,B,Marzo,408.4,alto
5,257.1,11,3.5,B,Agosto,368.7,alto
2,176.0,5,6.8,B,Enero,309.4,alto
1,276.1,11,,B,Junio,421.0,alto
1,90.1,9,3.0,B,Enero,200.3,normal
3,200.5,6,1.4,A,Junio,263.7,normal
2,277.6,3,9.0,B,Febrero,334.8,alto
4,258.7,14,10.4,D,Marzo,457.9,alto
4,129.6,5,6.2,D,Octubre,266.3,normal
2,31.2,8,3.6,D,Abril,155.0,normal
5,284.0,7,,B,Octubre,326.4,alto
6,235.7,5,3.0,C,Marzo,331.6,alto
2,181.5,4,2.9,b,Diciembre,204.9,normal
4,111.9,9,3.3,B,Enero,273.2,normal
6,170.9,10,10.2,C,Febrero,436.6,alto
5,286.1,7,,C,Octubre,299.1,normal
4,191.1,4,,C,Noviembre,399.2,alto
4,250.0,2,10.8,C,Agosto,405.6,alto
6,246.7,2,,B,Marzo,384.4,alto
6,187.6,3,11.4,D,Junio,405.3,alto
3,172.8,6,10.2,B,Agosto,4493.431428195259,alto
5,91.6,11,5.5,C,Febrero,349.0,alto
5,67.3,5,5.7,B,Agosto,277.7,normal
6,201.2,11,0.6,B,Enero,321.5,alto
3,38.6,3,6.2,C,Julio,196.6,normal
3,,10,9.9,B,Diciembre,406.9,alto
2,185.0,2,1.2,D,Agosto,183.5,normal
3,50.5,6,,D,Julio,172.0,normal
4,224.8,8,1.4,C,Septiembre,272.2,normal
7,292.2,10,,A,Junio,512.2,alto
2,81.6,11,3.0,B,Abril,240.1,normal
6,110.6,3,4.1,A,Febrero,265.6,normal
3,90.2,11,10.8,C,Enero,391.3,alto
2,37.5,7,2.4,B,Agosto,158.8,normal
6,252.6,14,11.9,D,Junio,515.1,alto
7,,8,6.3,D,Enero,400.1,alto
2,242.9,14,9.2,C,Abril,401.3,alto
1,139.5,2,0.4,C,Noviembre,151.5,normal
7,,9,2.9,D,Abril,355.8,alto
5,130.2,6,10.4,D,Mayo,365.5,alto
3,133.8,8,0.8,D,Enero,227.7,normal
5,109.0,9,5.0,C,Julio,288.7,normal
4,239.1,9,0.6,D,Octubre,276.5,normal
7,59.2,2,10.0,B,Noviembre,4420.745037834496,alto
2,254.2,6,8.6,C,Marzo,343.5,alto
1,,14,,C,Junio,394.8,alto
4,192.5,4,5.8,C,Mayo,290.8,normal
3,220.4,10,,C,Enero,402.4,alto
1,,14,7.8,d,Septiembre,329.5,alto
1,52.4,3,7.5,C,Agosto,234.4,normal
1,129.3,4,,c,Junio,287.0,normal
7,157.9,10,1.9,A,Febrero,338.4,alto
4,61.1,6,8.0,C,Julio,260.3,normal
7,218.5,3,3.3,B,Julio,313.0,alto
1,202.2,2,0.2,C,Noviembre,161.9,normal
6,264.1,8,7.1,D,Diciembre,407.0,alto
7,,11,2.2,A,Octubre,397.9,alto
6,137.7,5,5.2,D,Abril,290.0,normal
6,75.4,13,6.8,B,Diciembre,389.1,alto
4,205.1,9,1.0,A,Agosto,290.5,normal
4,73.9,4,5.8,B,Enero,230.5,normal
7,238.8,11,4.4,C,Octubre,387.8,alto
7,32.3,10,3.7,A,Agosto,326.7,alto
2,176.4,7,1.9,A,Agosto,237.5,normal
2,31.1,9,7.4,C,Diciembre,3571.889293764155,normal
2,188.8,12,11.5,D,Julio,407.1,alto
5,33.6,10,11.9,C,Mayo,406.9,alto
7,210.9,13,2.7,C,Julio,396.1,alto
4,174.6,3,8.4,D,Agosto,323.9,alto
6,50.8,5,8.3,A,Enero,338.7,alto
5,192.5,12,5.8,C,Noviembre,365.7,alto
7,117.1,9,11.2,B,Agosto,412.6,alto
5,75.2,5,7.7,D,Febrero,283.8,normal
6,219.1,10,,C,Agosto,445.5,alto
3,272.3,4,10.5,C,Diciembre,403.0,alto
6,150.1,14,2.3,D,Febrero,318.4,alto
3,223.2,10,0.4,C,Diciembre,257.8,normal
7,37.2,3,,D,Agosto,262.1,normal
6,,11,6.7,C,Mayo,2877.8507156717587,alto
2,129.3,4,3.9,A,Febrero,219.6,normal
5,72.0,2,0.4,A,Mayo,195.5,normal
7,94.9,10,,D,Abril,378.2,alto
6,131.8,7,4.4,C,Septiembre,329.1,alto
3,183.5,4,8.4,C,Marzo,310.7,alto
5,266.4,2,5.6,C,Septiembre,327.3,alto
4,91.0,13,2.6,D,Octubre,298.5,normal
2,134.1,3,7.8,A,Septiembre,265.9,normal
6,,7,4.2,C,Agosto,294.1,normal
7,,9,3.7,C,Junio,362.1,alto
4,196.9,5,8.2,C,Diciembre,340.6,alto
3,203.1,4,1.4,D,Agosto,255.1,normal
5,153.6,5,2.0,D,Marzo,226.3,normal
7,213.5,8,8.1,B,Enero,425.0,alto
7,140.0,11,3.2,D,Julio,314.2,alto
5,80.2,4,5.3,C,Diciembre,249.3,normal
5,187.7,11,9.5,a,Diciembre,451.9,alto
2,265.7,8,0.5,A,Noviembre,295.7,normal
7,156.9,7,7.5,B,Junio,404.7,alto
3,218.6,12,3.1,C,Noviembre,342.5,alto
7,187.4,3,5.6,C,Agosto,326.4,alto
3,59.7,3,2.3,B,Enero,180.0,normal
1,160.8,3,0.5,D,Diciembre,130.5,normal
2,147.9,4,10.9,D,Diciembre,285.0,normal
7,272.9,4,8.2,D,Julio,439.0,alto
1,227.2,14,10.1,C,Julio,410.1,alto
4,257.4,14,4.9,B,Marzo,385.8,alto
4,267.0,2,8.1,D,Marzo,362.8,alto
1,294.0,3,11.4,C,Agosto,388.4,alto
6,134.6,3,3.2,D,Marzo,266.4,normal
6,,13,6.0,C,Marzo,342.0,alto
5,289.2,5,7.3,A,Septiembre,412.6,alto
7,,7,0.9,B,Mayo,292.0,normal
6,40.0,12,10.7,C,Octubre,377.4,alto
2,,6,1.7,C,Junio,208.3,normal
1,42.9,10,7.1,C,Julio,220.4,normal
4,236.3,2,2.1,D,Diciembre,257.8,normal
3,132.8,3,11.5,D,Septiembre,287.3,normal
1,125.9,13,2.5,C,Septiembre,233.4,normal
7,271.7,5,9.4,C,Junio,432.2,alto
2,97.8,11,0.2,B,Abril,179.8,normal
7,267.4,13,7.4,B,Mayo,499.9,alto
3,233.9,13,8.9,B,Junio,409.6,alto
4,46.7,3,,C,Septiembre,178.2,normal
4,31.2,7,7.3,A,Mayo,300.0,normal
5,216.3,11,7.1,D,Enero,386.3,alto
4,286.0,13,6.5,B,Octubre,440.1,alto
3,85.7,11,0.3,C,Mayo,180.2,normal
1,277.6,12,7.6,B,Junio,377.5,alto
1,,12,5.4,C,Mayo,245.9,normal
4,151.7,13,3.8,B,Abril,317.4,alto
7,103.9,6,,C,Noviembre,254.2,normal
4,,5,11.0,C,Septiembre,398.1,alto
3,30.2,2,0.9,A,Diciembre,116.3,normal
7,77.8,14,4.8,B,Noviembre,383.9,alto
2,201.0,6,3.2,C,Febrero,251.9,normal
1,185.2,7,6.3,C,Abril,259.9,normal
6,65.8,6,3.2,D,Septiembre,3597.9452403675277,normal
2,253.7,6,7.5,C,Junio,313.4,alto
3,89.2,4,8.1,B,Diciembre,269.0,normal
7,210.6,12,9.0,D,Agosto,476.0,alto
5,214.1,13,6.5,C,Febrero,420.1,alto
1,106.8,14,11.9,D,Marzo,336.5,alto
1,80.3,14,7.4,A,Agosto,344.4,alto
2,41.8,10,10.7,C,Abril,354.4,alto
6,49.3,8,3.8,C,Octubre,269.1,normal
4,,12,4.8,C,Septiembre,378.5,alto
5,,11,0.9,B,Octubre,265.4,normal
2,139.7,13,5.5,A,Diciembre,332.4,alto
7,92.9,14,6.6,C,Diciembre,450.9,alto
6,270.8,11,4.8,D,Noviembre,400.8,alto
3,292.1,14,10.6,A,Mayo,489.1,alto
5,118.2,6,8.2,D,Enero,288.3,normal
5,163.8,2,8.1,C,Octubre,355.9,alto
2,140.5,7,1.4,C,Julio,226.6,normal
3,215.7,6,4.9,D,Abril,286.1,normal
1,58.4,6,8.8,C,Junio,274.5,normal
5,86.5,12,3.3,D,Julio,299.2,normal
1,187.4,13,3.0,C,Febrero,293.1,normal
2,298.5,14,,B,Agosto,344.1,alto
2,101.0,3,0.1,C,Noviembre,118.8,normal
2,136.4,2,,D,Junio,176.6,normal
6,142.3,8,5.0,D,Septiembre,332.2,alto
7,119.9,6,8.7,D,Julio,399.5,alto
7,104.7,12,6.1,C,Junio,407.9,alto
4,146.4,11,4.9,A,Febrero,373.2,alto
5,131.1,6,5.0,C,Diciembre,300.1,alto
4,195.9,2,5.0,D,Marzo,249.5,normal
3,145.6,3,0.2,D,Diciembre,144.2,normal
5,289.7,4,1.7,C,Agosto,268.5,normal
2,295.9,7,10.9,C,Abril,396.7,alto
5,196.6,4,2.0,C,Enero,267.3,normal
3,127.9,7,1.1,D,Enero,214.6,normal
6,262.2,3,9.0,D,Julio,409.4,alto
7,159.9,11,0.3,D,Noviembre,291.0,normal
6,281.6,3,3.9,C,Junio,364.1,alto
2,82.9,12,,A,Febrero,203.2,normal
4,111.8,11,5.9,C,Noviembre,290.0,normal
7,221.0,12,11.4,D,Marzo,518.4,alto
2,245.8,4,1.4,C,Marzo,218.5,normal
4,,13,1.4,C,Mayo,337.9,alto
5,81.8,10,10.6,A,Septiembre,408.9,alto
7,82.9,14,2.3,B,Abril,344.7,alto
7,182.7,12,7.9,C,Marzo,437.6,alto
7,53.3,10,7.1,C,Noviembre,365.4,alto
6,292.6,6,7.8,D,Marzo,405.6,alto
6,129.1,9,10.4,C,Abril,430.2,alto
2,251.6,5,0.5,B,Septiembre,235.0,normal
4,62.5,2,10.9,C,Julio,327.7,alto
4,297.8,9,10.0,C,Enero,426.7,alto
6,222.6,4,0.1,A,Agosto,273.6,normal
7,290.6,5,2.1,B,Mayo,348.5,alto
6,273.5,2,0.6,C,Enero,274.6,normal
7,51.9,12,0.6,A,Junio,313.1,alto
2,90.6,9,7.3,C,Enero,300.0,normal
5,270.8,8,5.9,C,Marzo,388.6,alto
1,212.7,13,8.2,D,Abril,324.2,alto
1,104.7,2,6.5,C,Enero,197.9,normal
6,40.2,11,6.8,B,Enero,363.8,alto
3,286.2,7,4.6,C,Septiembre,317.7,alto
4,162.7,14,5.5,C,Agosto,360.5,alto
1,153.7,12,1.3,D,Octubre,201.5,normal
1,200.9,10,7.3,A,Octubre,334.4,alto
3,49.1,10,8.3,D,Mayo,314.3,alto
5,73.1,4,10.6,A,Noviembre,359.7,alto
2,102.2,8,5.0,A,Septiembre,241.3,normal
7,193.1,12,5.3,D,Marzo,430.0,alto
6,278.7,11,0.9,D,Marzo,359.8,alto
5,31.4,6,9.9,C,Diciembre,325.7,alto
3,233.8,10,8.0,B,Mayo,386.5,alto
5,114.9,9,1.1,B,Julio,278.4,normal
6,119.6,3,5.5,B,Diciembre,260.3,normal
2,39.4,8,0.5,D,Agosto,155.8,normal
6,225.4,6,8.0,C,Julio,411.7,alto
6,,4,8.8,C,Agosto,333.0,alto
1,218.9,14,11.6,C,Julio,375.5,alto
6,225.1,13,11.4,B,Agosto,542.8,alto
5,114.7,8,3.4,C,Octubre,285.2,normal
6,240.8,14,6.0,A,Febrero,473.6,alto
2,261.9,6,1.3,C,Abril,231.4,normal
7,257.4,13,2.2,C,Marzo,401.3,alto
6,44.0,5,12.0,D,Octubre,388.6,alto
6,133.7,14,11.6,D,Julio,480.0,alto
3,248.9,9,,D,Diciembre,283.0,normal
1,77.5,9,,D,Junio,221.8,normal
6,,13,8.5,D,Julio,445.1,alto
1,,5,7.9,D,Octubre,306.2,alto
6,,5,3.5,C,Septiembre,213.9,normal
1,191.1,11,7.2,D,Enero,3951.8762809024743,alto
7,90.7,8,11.3,C,Mayo,395.0,alto
6,106.1,11,9.1,D,Abril,377.8,alto
1,56.1,4,3.8,B,Febrero,149.6,normal
5,67.8,14,1.7,C,Junio,297.3,normal
5,69.8,9,2.9,B,Marzo,231.2,normal
7,62.5,4,8.4,C,Julio,353.7,alto
2,,10,10.8,A,Abril,434.8,alto
6,140.9,13,3.4,D,Octubre,361.7,alto
7,161.5,5,10.6,B,Junio,425.2,alto
4,163.8,9,10.8,B,Agosto,405.6,alto
7,46.2,4,9.5,C,Noviembre,379.0,alto
6,198.9,5,11.8,A,Diciembre,431.3,alto
7,221.0,12,10.4,B,Enero,505.0,alto
1,84.9,5,6.7,D,Mayo,185.3,normal
2,32.8,2,2.4,D,Abril,70.3,bajo
5,81.1,14,7.4,B,Marzo,432.2,alto
6,176.3,8,9.8,B,Mayo,421.9,alto
1,225.9,8,6.4,C,Julio,308.6,alto
3,,12,9.8,A,Septiembre,413.2,alto
4,246.3,6,8.9,B,Abril,405.9,alto
7,,7,9.0,B,Mayo,442.1,alto
2,221.2,10,6.7,C,Junio,340.6,alto
2,,11,2.6,C,Febrero,236.5,normal
3,182.9,13,,B,Octubre,238.1,normal
3,258.7,2,5.0,B,Septiembre,268.4,normal
6,170.3,5,11.0,C,Junio,418.0,alto
6,128.1,14,11.5,B,Mayo,479.5,alto
6,110.9,6,9.4,D,Enero,393.5,alto
6,167.3,9,0.9,D,Diciembre,288.9,normal
4,142.4,13,1.5,B,Marzo,283.7,normal
2,58.5,12,11.4,A,Noviembre,376.4,alto
1,,8,0.3,A,Abril,259.1,normal
6,60.3,4,11.4,C,Agosto,362.6,alto
5,48.7,6,7.2,D,Mayo,294.7,normal
2,,2,10.4,C,Noviembre,268.3,normal
6,292.3,13,5.4,B,Junio,446.1,alto
6,,4,11.9,B,Noviembre,416.7,alto
4,166.0,12,2.8,C,Julio,324.3,alto
7,128.4,6,10.8,B,Noviembre,408.1,alto
3,82.6,4,8.9,c,Enero,265.1,normal
3,126.9,13,11.1,C,Abril,400.8,alto
1,58.2,2,0.7,A,Septiembre,84.7,bajo
5,229.2,13,0.9,D,Octubre,307.6,alto
4,65.1,7,7.8,B,Mayo,309.4,alto
3,163.1,9,4.9,C,Marzo,249.1,normal
6,107.3,13,1.6,B,Noviembre,286.8,normal
4,120.0,13,8.0,B,Febrero,373.7,alto
4,294.3,8,11.7,A,Noviembre,461.5,alto
1,253.9,14,6.4,C,Febrero,365.7,alto
2,287.0,7,7.4,D,Mayo,339.3,alto
2,270.2,2,5.5,B,Septiembre,300.0,normal
2,90.6,9,9.0,C,Abril,296.4,normal
7,121.8,5,2.8,C,Enero,314.4,alto
5,123.6,14,5.7,B,Marzo,366.1,alto
7,283.6,11,6.8,B,Julio,435.5,alto
2,31.2,2,10.9,B,Febrero,283.0,normal
1,281.6,11,11.3,A,Junio,416.0,alto
4,126.6,9,4.6,C,Mayo,311.1,alto
1,57.0,3,6.9,D,Diciembre,153.7,normal
3,169.1,4,5.9,D,Mayo,256.4,normal
1,100.2,11,10.9,C,Agosto,344.9,alto
1,284.2,12,7.0,B,Noviembre,358.4,alto
4,270.5,7,5.7,C,Febrero,372.1,alto
4,118.0,3,3.3,A,Febrero,259.1,normal
7,82.1,13,4.3,C,Julio,352.5,alto
3,219.6,14,9.3,A,Noviembre,427.7,alto
3,33.2,8,,D,Octubre,233.4,normal
4,,14,5.2,D,Octubre,296.7,normal
4,232.9,11,1.0,C,Enero,270.2,normal
5,68.5,13,3.8,C,Febrero,301.8,alto
7,48.2,14,8.2,D,Marzo,411.1,alto
5,185.7,10,2.9,D,Julio,306.0,alto
4,73.7,3,10.4,C,Septiembre,293.1,normal
4,,7,8.1,C,Marzo,334.0,alto
2,175.0,12,9.5,B,Mayo,379.3,alto
3,,7,0.7,D,Abril,137.7,normal
3,75.9,9,8.0,C,Julio,312.7,alto
4,148.1,4,4.1,C,Marzo,277.2,normal
7,259.7,4,2.8,B,Septiembre,356.9,alto
5,65.0,7,5.0,D,Marzo,274.8,normal
5,286.5,5,5.4,D,Septiembre,311.2,alto
1,150.0,11,5.5,C,Octubre,268.9,normal
7,268.1,4,,C,Diciembre,386.0,alto
3,193.4,7,7.1,B,Mayo,328.1,alto
1,259.2,10,1.2,D,Diciembre,269.4,normal
1,226.6,5,4.6,D,Abril,257.7,normal
7,108.9,13,8.4,D,Febrero,408.0,alto
2,86.8,8,,B,Noviembre,276.9,normal
2,54.9,9,0.2,D,Marzo,156.2,normal
6,194.6,5,9.8,D,Enero,410.7,alto
5,224.8,8,1.5,D,Diciembre,312.5,alto
3,,12,1.3,B,Julio,278.9,normal
3,167.5,5,5.3,C,Agosto,260.8,normal
1,194.5,9,4.5,B,Agosto,274.7,normal
6,71.1,14,11.9,B,Mayo,498.3,alto
3,243.5,3,6.2,C,Marzo,309.2,alto
1,190.9,4,4.1,C,Enero,220.0,normal
5,270.7,6,10.1,C,Noviembre,428.9,alto
7,265.7,5,5.1,D,Febrero,357.8,alto
3,170.5,10,8.7,B,Enero,393.3,alto
2,31.2,4,5.7,B,Septiembre,202.2,normal
5,,11,2.1,D,Febrero,237.9,normal
5,,9,,B,Junio,321.5,alto
2,50.7,4,5.4,A,Marzo,208.4,normal
1,31.4,8,8.0,D,Diciembre,233.3,normal
1,261.2,12,9.3,A,Julio,404.3,alto
1,290.6,2,5.5,A,Mayo,272.0,normal
4,122.0,7,8.0,C,Agosto,354.0,alto
1,170.4,6,9.2,C,Agosto,324.0,alto
4,,7,3.4,D,Febrero,267.7,normal
2,71.0,12,4.2,C,Diciembre,251.1,normal
1,173.0,8,11.3,D,Marzo,321.0,alto
4,34.1,5,1.4,A,Enero,192.6,normal
1,222.7,2,5.6,A,Noviembre,249.2,normal
1,32.1,4,9.2,D,Junio,219.8,normal
2,86.9,10,2.0,A,Noviembre,249.3,normal
4,118.6,4,1.5,D,Febrero,194.2,normal
7,174.2,2,11.4,C,Mayo,389.0,alto
1,245.4,13,1.3,D,Marzo,239.1,normal
5,,10,9.3,C,Enero,419.1,alto
7,228.4,7,5.1,C,Octubre,358.1,alto
7,189.0,8,,A,Abril,324.0,alto
5,168.0,4,9.0,B,Mayo,388.9,alto
1,35.7,3,7.9,C,Julio,240.8,normal
7,62.6,13,0.9,D,Noviembre,319.0,alto
5,38.7,2,1.0,B,Septiembre,180.7,normal
7,119.7,8,4.1,A,Abril,349.8,alto
1,225.1,10,3.3,C,Mayo,285.9,normal
2,127.7,10,1.3,C,Junio,231.0,normal
7,252.3,5,9.2,C,Noviembre,413.2,alto
2,138.5,8,,C,Octubre,280.3,normal
6,275.6,4,4.5,C,Enero,316.9,alto
7,197.3,4,2.9,C,Febrero,287.6,normal
6,125.3,8,6.3,A,Junio,355.4,alto
2,91.0,9,10.3,C,Julio,355.9,alto
7,207.3,8,6.1,D,Marzo,400.3,alto
2,267.2,7,11.2,C,Junio,412.4,alto
6,261.1,5,5.9,B,Febrero,387.0,alto
2,262.2,4,6.9,B,Mayo,330.4,alto
3,286.8,7,3.3,B,Febrero,310.3,alto
6,218.1,9,3.7,C,Junio,372.6,alto
6,242.5,3,,B,Febrero,279.6,normal
2,156.3,10,1.7,B,Diciembre,248.3,normal
4,146.7,13,7.4,D,Enero,390.0,alto
1,212.1,2,7.7,B,Marzo,252.4,normal
5,194.8,12,0.5,A,Marzo,303.8,alto
1,193.8,13,2.3,C,Marzo,258.7,normal
6,116.8,5,9.2,D,Diciembre,397.9,alto
7,195.4,3,11.1,B,Febrero,447.9,alto
3,198.9,8,9.1,A,Diciembre,373.3,alto
3,131.9,10,2.2,B,Mayo,262.2,normal
4,48.4,10,7.4,D,Julio,309.8,alto
3,145.5,14,5.7,A,Agosto,3648.259446912254,alto
5,32.4,6,5.7,D,Enero,242.6,normal
6,104.0,12,4.2,C,Febrero,338.7,alto
6,279.3,6,5.4,C,Agosto,376.6,alto
4,59.4,9,6.0,B,Mayo,300.5,alto
7,202.4,5,4.7,D,Septiembre,343.5,alto
5,61.1,5,6.5,B,Marzo,289.2,normal
3,169.8,4,8.4,C,Agosto,319.6,alto
1,254.7,4,10.6,B,Febrero,339.5,alto
7,133.3,13,4.7,D,Mayo,359.2,alto
4,,14,8.2,A,Febrero,459.1,alto
3,,10,10.5,C,Diciembre,336.3,alto
5,,8,0.3,D,Noviembre,193.8,normal
1,185.3,13,,D,Octubre,238.1,normal
5,164.5,14,1.5,C,Septiembre,308.2,alto
1,33.9,11,7.2,A,Octubre,267.7,normal
3,87.6,3,1.2,C,Marzo,177.0,normal
6,71.3,12,2.8,C,Junio,294.8,normal
3,273.0,12,2.8,C,Julio,308.6,alto
7,175.0,11,9.6,D,Enero,454.1,alto
7,297.9,4,7.6,C,Diciembre,391.1,alto
7,55.3,10,8.7,C,Octubre,412.0,alto
7,175.4,7,0.1,D,Enero,289.9,normal
1,228.3,13,10.1,B,Octubre,427.8,alto
7,203.3,14,9.0,B,Enero,445.5,alto
6,269.4,4,10.8,C,Octubre,441.4,alto
7,198.5,6,5.7,D,Mayo,334.6,alto
1,35.8,3,10.9,D,Enero,236.0,normal
4,298.7,8,3.8,A,Febrero,359.9,alto
3,44.8,8,11.5,B,Agosto,349.7,alto
3,243.5,5,10.7,C,Abril,373.2,alto
5,128.3,11,10.4,D,Octubre,450.8,alto
6,155.9,9,0.0,B,Enero,312.5,alto
3,278.0,5,12.0,C,Septiembre,407.2,alto
3,149.4,4,10.5,C,Abril,327.0,alto
4,180.1,11,10.6,D,Noviembre,399.6,alto
4,169.0,2,,B,Agosto,237.0,normal
1,,4,4.9,D,Noviembre,200.5,normal
2,168.2,9,4.1,C,Enero,247.1,normal
3,243.4,14,10.5,B,Junio,436.5,alto
5,36.9,5,4.3,D,Diciembre,224.8,normal
5,176.4,10,4.7,A,Enero,333.2,alto
7,34.1,8,6.5,A,Enero,328.2,alto
5,100.5,6,1.6,D,Julio,200.4,normal
2,201.3,11,11.0,D,Septiembre,370.8,alto
5,35.6,2,11.5,C,Febrero,327.9,alto
6,78.5,6,,B,Abril,366.1,alto
1,118.2,11,4.4,C,Abril,264.3,normal
3,82.7,9,4.6,C,Noviembre,246.5,normal
3,187.1,13,7.6,D,Agosto,350.1,alto
1,40.0,9,10.4,D,Enero,271.5,normal
5,48.2,5,10.7,B,Septiembre,357.7,alto
4,189.5,9,2.9,C,Septiembre,303.0,alto
6,194.4,13,8.9,B,Enero,480.4,alto
1,,4,5.4,D,Octubre,199.4,normal
6,36.1,7,4.2,C,Marzo,291.8,normal
1,96.7,3,7.1,D,Febrero,219.5,normal
4,221.6,3,6.6,C,Septiembre,317.9,alto
7,196.2,14,3.9,C,Marzo,396.0,alto
1,93.1,11,1.0,C,Marzo,189.2,normal
4,170.5,8,7.7,D,Diciembre,344.7,alto
2,245.2,11,1.7,A,Agosto,300.2,alto
5,120.6,8,11.5,C,Julio,437.0,alto
4,211.4,4,5.5,A,Abril,346.2,alto
7,245.9,12,9.5,C,Junio,482.5,alto
5,244.5,14,11.4,B,Noviembre,510.5,alto
3,107.7,11,6.0,B,Febrero,343.2,alto
7,142.6,14,3.6,C,Marzo,410.9,alto
4,203.4,9,,C,Noviembre,332.2,alto
6,104.0,3,7.9,D,Noviembre,294.9,normal
5,79.6,13,2.2,B,Febrero,298.0,normal
4,160.5,5,10.8,C,Marzo,360.7,alto
5,120.7,8,,C,Octubre,353.8,alto
3,61.6,4,10.4,D,Mayo,272.9,normal
7,265.6,14,11.5,D,Octubre,529.4,alto
6,119.2,7,7.7,C,Junio,361.7,alto
2,149.0,10,5.3,C,Diciembre,275.1,normal
5,93.9,8,1.8,C,Julio,234.5,normal
3,179.7,3,3.0,D,Junio,218.0,normal
3,58.9,6,11.4,C,Octubre,314.8,alto
7,179.1,5,11.1,B,Agosto,429.2,alto
4,99.0,5,8.3,B,Noviembre,300.9,alto
1,140.8,7,11.5,C,Febrero,341.6,alto
3,162.9,3,6.4,B,Octubre,274.4,normal
4,145.5,6,1.0,B,Agosto,222.1,normal
7,120.3,12,7.1,C,Abril,399.4,alto
6,46.5,7,3.1,D,Enero,240.2,normal
2,243.0,8,5.5,B,Septiembre,305.7,alto
5,174.8,4,6.1,B,Febrero,346.9,alto
3,139.5,14,3.4,B,Noviembre,294.7,normal
2,117.2,13,4.9,C,Marzo,328.5,alto
4,261.6,8,10.7,C,Octubre,432.8,alto
3,183.1,11,3.8,C,Junio,323.8,alto
3,127.2,12,1.4,C,Mayo,266.6,normal
5,96.0,8,2.8,C,Agosto,276.7,normal
6,253.8,5,5.2,C,Junio,359.6,alto
3,78.0,9,2.3,C,Julio,219.0,normal
7,292.5,13,5.6,B,Octubre,492.7,alto
1,295.4,12,1.6,D,Marzo,269.4,normal
6,78.3,12,3.4,B,Enero,299.8,normal
6,83.4,4,6.9,B,Septiembre,335.2,alto
1,249.8,8,1.3,B,Octubre,225.8,normal
7,232.2,11,5.8,A,Julio,445.4,alto
7,,9,8.2,D,Enero,430.5,alto
1,,8,5.9,C,Enero,236.1,normal
7,194.7,5,11.5,C,Junio,448.2,alto
1,157.1,6,0.7,D,Mayo,144.5,normal
2,,10,0.1,B,Agosto,217.7,normal
3,50.4,6,9.2,C,Abril,254.8,normal
1,274.8,4,5.3,A,Octubre,295.0,normal
7,189.9,2,2.7,D,Julio,262.7,normal
7,,12,9.2,C,Septiembre,388.2,alto
5,287.3,9,2.0,D,Abril,333.7,alto
6,297.4,7,3.8,D,Noviembre,368.5,alto
6,37.5,12,,C,Septiembre,361.5,alto
3,100.3,2,8.4,C,Noviembre,278.8,normal
6,195.4,11,9.5,C,Septiembre,444.8,alto
4,146.2,10,4.0,B,Abril,298.5,normal
6,273.1,7,7.5,B,Noviembre,440.0,alto
1,95.8,12,7.5,B,Junio,281.5,normal
2,163.4,9,,c,Noviembre,303.0,alto
6,43.1,3,10.5,D,Enero,314.6,alto
7,79.6,7,10.4,C,Enero,404.2,alto
3,101.8,10,10.4,B,Julio,364.3,alto
5,109.8,8,0.4,C,Abril,234.6,normal
6,40.5,6,8.2,B,Abril,333.4,alto
4,36.3,9,10.3,B,Diciembre,367.0,alto
2,264.9,14,8.2,D,Diciembre,394.4,alto
1,52.6,3,6.8,C,Mayo,143.4,normal
2,80.0,6,9.7,C,Febrero,301.7,alto
6,209.3,7,2.9,B,Noviembre,330.0,alto
5,40.5,8,8.8,C,Agosto,365.2,alto
5,105.3,2,6.4,C,Junio,269.4,normal
2,49.8,9,3.5,A,Agosto,229.2,normal
6,278.6,9,2.9,B,Septiembre,413.4,alto
7,,8,6.5,B,Agosto,396.2,alto
1,242.5,11,7.6,C,Noviembre,341.6,alto
4,265.3,14,11.4,B,Febrero,532.3,alto
1,192.8,8,10.2,B,Junio,362.6,alto
5,297.8,5,3.4,C,Junio,310.6,alto
7,70.2,11,11.7,D,Enero,450.1,alto
2,216.7,5,,b,Agosto,4674.494868747103,alto
2,217.2,7,0.5,c,Septiembre,237.1,normal
7,45.7,14,9.9,B,Noviembre,459.3,alto
5,,8,6.6,B,Abril,372.5,alto
4,251.3,13,2.3,D,Julio,325.0,alto
7,35.7,4,8.4,C,Diciembre,373.0,alto
4,125.5,4,0.4,D,Marzo,187.9,normal
3,238.4,3,2.8,C,Noviembre,274.9,normal
1,205.7,8,1.8,C,Octubre,215.0,normal
6,83.5,6,0.5,B,Mayo,210.0,normal
7,121.5,10,11.4,A,Septiembre,471.3,alto
3,,11,9.4,B,Septiembre,368.9,alto
5,249.4,10,8.1,B,Diciembre,413.1,alto
3,226.6,7,11.8,B,Abril,410.1,alto
4,177.4,2,9.0,B,Septiembre,338.8,alto
1,236.7,4,9.7,D,Febrero,326.4,alto
3,264.5,14,7.9,B,Junio,401.9,alto
6,141.3,6,7.8,D,Diciembre,355.6,alto
6,94.7,7,11.4,C,Enero,395.7,alto
1,216.3,2,6.7,D,Septiembre,251.7,normal
2,261.6,3,0.9,C,Junio,206.6,normal
4,153.0,6,8.2,D,Mayo,326.3,alto
7,77.7,3,5.3,D,Agosto,283.9,normal
7,286.0,5,11.3,B,Abril,500.0,alto
3,66.9,2,4.3,A,Febrero,222.2,normal
1,84.8,6,1.6,D,Abril,128.8,normal
4,82.3,10,0.8,A,Noviembre,287.5,normal
7,129.9,13,7.1,C,Abril,378.0,alto
5,220.2,7,7.9,C,Junio,388.7,alto
5,186.5,8,9.4,C,Noviembre,426.1,alto
2,278.7,6,,A,Diciembre,323.8,alto
4,107.6,14,,C,Enero,319.7,alto
5,206.1,4,3.2,C,Abril,240.5,normal
7,228.7,4,7.3,B,Julio,416.1,alto
4,258.9,4,3.4,D,Mayo,253.8,normal
7,33.1,11,7.0,B,Enero,387.7,alto
4,139.7,6,11.5,D,Diciembre,386.4,alto
1,81.3,12,,D,Noviembre,272.2,normal
5,154.7,6,0.2,D,Enero,277.7,normal
4,237.3,10,6.3,D,Junio,345.8,alto
7,63.9,14,7.1,B,Diciembre,431.0,alto
2,236.3,9,0.1,B,Febrero,236.1,normal
2,284.8,7,,C,Octubre,333.3,alto
2,69.0,6,4.8,D,Junio,160.1,normal
5,195.8,7,7.3,C,Junio,340.2,alto
2,178.8,13,6.5,D,Junio,324.6,alto
4,,14,,B,Julio,422.8,alto
6,241.5,9,7.9,D,Marzo,389.9,alto
2,,4,3.3,D,Febrero,165.6,normal
2,177.2,7,,D,Junio,252.5,normal
1,126.1,9,2.4,C,Agosto,204.6,normal
3,231.2,8,3.0,A,Enero,332.2,alto
6,30.6,14,8.9,B,Diciembre,419.3,alto
2,40.6,3,0.9,C,Julio,136.6,normal
3,293.6,8,2.0,D,Noviembre,275.7,normal
3,255.0,10,10.0,C,Diciembre,411.8,alto
2,177.7,6,2.3,B,Diciembre,242.4,normal
5,60.3,8,8.9,B,Diciembre,395.2,alto
4,126.2,3,7.3,B,Junio,294.3,normal
2,238.8,8,4.0,C,Enero,283.3,normal
6,275.8,5,0.6,D,Noviembre,278.3,normal
6,63.0,13,3.4,D,Marzo,314.4,alto
3,,10,8.4,C,Octubre,346.2,alto
2,137.6,3,9.1,A,Marzo,293.7,normal
3,243.5,11,5.6,C,Enero,346.0,alto
6,279.5,8,2.6,B,Julio,382.6,alto
4,45.8,3,5.1,A,Diciembre,230.9,normal
5,138.8,2,5.3,D,Septiembre,289.9,normal
4,80.5,13,3.1,B,Enero,273.3,normal
2,243.1,2,,A,Noviembre,245.1,normal
1,184.2,3,1.8,C,Octubre,178.9,normal
6,110.8,5,5.7,B,Noviembre,307.9,alto
4,276.4,3,6.1,D,Junio,328.5,alto
3,69.6,8,7.9,A,Febrero,286.8,normal
2,240.4,13,7.3,D,Abril,373.3,alto
5,182.1,13,10.1,D,Diciembre,404.5,alto
3,184.2,13,11.4,C,Agosto,398.4,alto
2,250.4,13,8.1,B,Agosto,402.7,alto
4,145.2,13,5.6,B,Abril,349.9,alto
5,131.4,11,7.7,C,Febrero,379.5,alto
7,292.0,12,0.7,C,Octubre,375.0,alto
6,148.4,4,2.0,B,Marzo,3624.4674348130784,normal
7,236.6,13,9.2,C,Noviembre,487.5,alto
7,36.7,5,10.5,B,Abril,347.0,alto
6,141.3,11,7.2,C,Enero,365.3,alto
2,252.4,10,4.9,C,Noviembre,331.7,alto
7,243.7,9,5.9,B,Enero,450.4,alto
3,44.2,12,5.1,D,Diciembre,285.4,normal
7,288.6,6,4.0,D,Octubre,348.7,alto
1,110.5,5,4.4,C,Enero,198.1,normal
7,,4,2.9,B,Diciembre,335.9,alto
5,170.4,2,4.9,B,Marzo,261.0,normal
5,84.8,11,7.9,C,Mayo,349.5,alto
7,183.3,5,0.1,C,Mayo,265.8,normal
5,186.8,8,10.1,D,Junio,388.1,alto
7,138.8,8,4.5,B,Noviembre,326.1,alto
4,,3,11.9,D,Diciembre,443.4,alto
1,83.8,10,5.7,C,Junio,270.1,normal
4,88.0,9,2.6,B,Agosto,276.6,normal
1,31.9,7,4.6,D,Noviembre,171.6,normal
7,93.0,3,9.1,D,Septiembre,356.0,alto
7,174.7,9,3.4,C,Agosto,334.1,alto
7,31.6,10,9.1,C,Febrero,380.9,alto
1,60.3,9,2.3,C,Octubre,176.7,normal
6,213.6,9,1.2,B,Febrero,351.3,alto
7,80.4,9,11.0,D,Julio,388.3,alto
5,154.2,13,3.7,C,Septiembre,356.2,alto
7,109.0,8,3.8,C,Junio,4343.159434927564,alto
3,206.5,11,8.4,D,Diciembre,381.6,alto
7,251.5,5,6.6,D,Mayo,369.9,alto
1,294.3,6,10.3,D,Julio,373.9,alto
1,91.7,5,8.8,D,Junio,264.9,normal
4,,7,3.2,C,Agosto,211.5,normal
2,188.1,13,9.6,B,Noviembre,399.9,alto
6,281.1,9,1.0,D,Noviembre,282.0,normal
2,196.3,11,4.4,B,Febrero,318.6,alto
6,156.9,14,11.3,B,Junio,518.4,alto
6,159.6,13,2.5,B,Enero,372.2,alto
3,151.7,11,3.8,D,Junio,314.1,alto
4,277.4,5,5.5,C,Agosto,310.2,alto
1,166.1,13,11.6,D,Abril,369.3,alto
4,,13,2.0,A,Noviembre,279.9,normal
1,162.9,2,4.3,C,Junio,172.3,normal
7,262.5,14,6.9,C,Enero,514.6,alto
2,162.8,10,9.6,B,Noviembre,352.4,alto
3,128.1,10,11.1,c,Octubre,372.9,alto
2,,7,11.0,C,Septiembre,276.2,normal
1,277.3,11,0.7,C,Julio,212.1,normal
1,38.8,12,11.8,B,Julio,310.7,alto
1,203.0,12,4.3,C,Mayo,273.9,normal
2,168.3,9,,B,Enero,288.8,normal
3,135.5,3,5.8,D,Febrero,224.9,normal
7,216.8,6,0.9,C,Agosto,293.5,normal
4,73.0,13,3.8,C,Julio,343.4,alto
6,135.7,12,10.6,D,Junio,471.9,alto
1,264.4,12,5.5,A,Abril,371.9,alto
6,218.8,2,12.0,B,Diciembre,463.6,alto
4,70.0,4,,C,Octubre,226.6,normal
5,218.4,11,,C,Noviembre,292.2,normal
2,241.7,3,6.3,C,Abril,232.7,normal
2,293.1,3,3.0,A,Octubre,255.9,normal
1,136.4,14,4.9,C,Octubre,273.5,normal
4,,7,7.9,B,Diciembre,397.4,alto
6,82.9,6,5.7,B,Abril,296.8,normal
4,182.7,5,0.9,C,Agosto,229.6,normal
3,,8,11.4,C,Noviembre,387.2,alto
1,130.1,3,,C,Enero,191.5,normal
4,,13,4.2,D,Enero,347.8,alto
4,284.7,14,5.6,A,Julio,436.7,alto
1,238.2,11,2.4,A,Julio,271.3,normal
4,56.7,6,10.0,C,Mayo,310.8,alto
4,194.7,6,,A,Junio,399.0,alto
1,113.6,9,2.2,C,Junio,221.0,normal
2,53.1,12,10.8,B,Mayo,365.0,alto
4,35.0,8,3.0,C,Agosto,4172.6256960541505,normal
1,48.8,6,,C,Abril,115.1,normal
1,99.1,6,11.6,B,Julio,316.0,alto
4,135.6,8,10.8,B,Julio,417.3,alto
3,,10,9.6,C,Marzo,426.8,alto
7,,9,0.2,C,Agosto,363.0,alto
1,69.0,3,11.4,C,Junio,295.0,normal
1,244.9,13,6.8,D,Mayo,337.4,alto
7,296.9,12,1.7,C,Abril,372.4,alto
1,231.8,7,6.1,B,Junio,307.0,alto
3,158.4,10,2.1,D,Junio,239.6,normal
3,134.7,3,9.0,C,Junio,289.2,normal
4,172.4,9,2.4,D,Abril,300.9,alto
6,117.0,6,,A,Agosto,333.4,alto
3,136.1,5,4.0,C,Noviembre,4368.393992720907,normal
1,222.1,7,4.7,B,Febrero,333.1,alto
3,142.5,8,2.8,B,Octubre,294.2,normal
5,68.1,11,3.6,D,Abril,308.4,alto
2,137.4,10,3.7,B,Agosto,272.7,normal
7,34.7,13,10.3,C,Octubre,466.3,alto
5,32.0,11,9.2,D,Julio,322.8,alto
2,86.1,8,6.7,A,Enero,309.5,alto
2,,9,4.3,A,Noviembre,268.3,normal
4,236.1,7,7.5,C,Diciembre,329.0,alto
5,57.9,14,8.0,C,Febrero,367.9,alto
5,94.9,14,3.2,C,Agosto,283.3,normal
1,123.5,8,2.3,B,Agosto,168.3,normal
7,68.3,5,4.8,C,Octubre,269.3,normal
1,206.2,10,4.6,C,Agosto,286.1,normal
4,215.7,11,2.4,B,Julio,302.6,alto
5,238.9,14,0.9,A,Noviembre,335.1,alto
1,143.3,3,4.9,D,Marzo,205.7,normal
7,,6,4.9,C,Septiembre,404.2,alto
6,288.4,9,4.3,C,Julio,400.6,alto
3,,10,7.1,D,Febrero,345.3,alto
1,123.4,5,9.2,C,Junio,263.6,normal
6,182.9,13,4.9,D,Abril,352.5,alto
5,140.1,12,4.1,C,Abril,335.6,alto
5,75.3,12,8.2,A,Mayo,358.2,alto
2,44.4,3,,B,Julio,138.0,normal
4,267.1,11,6.4,D,Noviembre,393.3,alto
3,,14,4.9,D,Enero,270.2,normal
5,,4,2.7,A,Octubre,281.0,normal
7,39.5,11,3.7,B,Diciembre,354.6,alto
7,146.6,2,7.4,B,Noviembre,385.6,alto
3,44.3,5,7.1,A,Diciembre,271.9,normal
4,152.9,6,10.5,C,Octubre,411.9,alto
1,,14,6.2,D,Septiembre,277.4,normal
5,129.6,11,3.0,C,Agosto,294.8,normal
4,191.5,12,0.2,B,Diciembre,295.9,normal
2,147.2,4,4.3,B,Abril,258.8,normal
5,83.7,12,4.0,C,Mayo,323.6,alto
3,66.4,2,2.2,D,Junio,121.6,normal
6,152.1,10,8.0,C,Diciembre,406.3,alto
7,284.2,10,11.7,C,Febrero,498.1,alto
2,127.6,3,7.0,D,Febrero,208.9,normal
7,250.1,10,11.0,C,Julio,476.3,alto
7,189.2,5,5.0,C,Septiembre,333.0,alto
3,66.0,11,2.0,B,Febrero,244.6,normal
5,164.1,2,4.9,D,Julio,280.9,normal
7,295.0,6,1.9,C,Abril,377.6,alto
2,,4,2.1,D,Septiembre,169.0,normal
5,169.0,13,5.3,C,Junio,368.2,alto
3,169.6,14,11.5,C,Septiembre,468.3,alto
5,178.5,2,3.6,C,Mayo,261.3,normal
7,206.3,3,6.5,B,Mayo,378.3,alto
1,35.9,11,7.5,D,Noviembre,243.1,normal
5,67.0,10,9.8,D,Noviembre,3669.8837548027323,alto
3,47.1,8,8.2,D,Junio,259.7,normal
6,49.5,9,3.8,B,Marzo,2803.6628906973256,normal
5,190.3,9,8.8,C,Agosto,405.3,alto
2,68.4,8,5.3,C,Marzo,248.8,normal
7,31.4,6,,D,Febrero,383.6,alto
4,44.7,6,9.6,C,Septiembre,350.8,alto
1,296.2,5,,C,Abril,253.7,normal
2,293.4,13,6.3,D,Abril,349.2,alto
7,217.2,9,12.0,C,Marzo,489.3,alto
2,281.3,3,10.6,D,Abril,332.9,alto
3,214.0,14,4.5,C,Abril,381.7,alto
2,147.7,12,3.9,C,Julio,237.7,normal
3,294.1,7,8.2,B,Septiembre,422.4,alto
1,206.0,11,3.7,C,Mayo,271.2,normal
4,38.2,4,3.0,B,Noviembre,186.2,normal
2,199.4,10,11.1,B,Marzo,414.0,alto
5,246.6,8,1.5,C,Febrero,300.7,alto
4,186.4,3,1.0,D,Marzo,177.7,normal
3,138.3,6,9.2,d,Febrero,321.4,alto
7,205.8,12,5.0,B,Septiembre,409.5,alto
3,204.0,14,,D,Septiembre,395.3,alto
7,117.0,14,1.4,C,Octubre,299.6,normal
5,77.8,3,4.9,C,Junio,244.7,normal
1,210.9,6,0.6,D,Marzo,205.7,normal
6,125.3,13,6.3,D,Diciembre,378.5,alto
3,255.5,14,11.3,C,Octubre,463.3,alto
6,185.7,11,9.0,C,Octubre,463.8,alto
5,174.8,5,0.6,C,Junio,4535.695992581648,normal
7,46.8,12,5.4,B,Julio,346.0,alto
4,294.9,10,7.7,C,Julio,414.8,alto
1,239.3,11,11.6,C,Julio,374.1,alto
7,151.8,5,7.8,D,Diciembre,337.2,alto
7,58.8,14,8.5,C,Junio,415.0,alto
7,279.1,14,5.7,B,Junio,462.1,alto
7,45.9,14,0.3,B,Julio,327.9,alto
5,168.7,11,4.4,D,Agosto,373.4,alto
1,67.3,3,8.3,D,Noviembre,209.2,normal
7,226.8,5,3.8,B,Enero,338.5,alto
4,185.5,2,10.6,C,Enero,343.8,alto
3,33.1,11,7.5,B,Febrero,293.4,normal
6,258.8,8,2.0,D,Marzo,340.2,alto
1,147.0,9,11.7,C,Septiembre,353.4,alto
4,247.2,7,2.1,D,Julio,275.6,normal
2,285.4,3,8.9,C,Diciembre,339.3,alto
5,98.6,12,9.2,C,Diciembre,335.7,alto
3,95.3,8,11.6,B,Mayo,398.2,alto
6,278.4,6,5.1,D,Marzo,347.3,alto
5,131.8,10,,D,Diciembre,394.0,alto
7,232.2,8,1.3,C,Junio,338.7,alto
5,57.1,10,3.2,A,Febrero,281.4,normal
4,186.2,9,4.7,D,Junio,282.4,normal
6,265.2,8,0.1,D,Septiembre,319.1,alto
5,150.2,5,1.6,D,Enero,254.0,normal
6,,2,1.2,B,Febrero,268.1,normal
7,41.9,14,,C,Febrero,382.7,alto
6,203.0,7,11.8,B,Septiembre,454.0,alto
1,129.6,14,0.5,C,Noviembre,212.0,normal
4,168.1,8,2.6,B,Noviembre,277.3,normal
2,250.4,12,4.4,A,Febrero,327.1,alto
5,287.2,13,9.7,C,Agosto,498.8,alto
3,47.0,4,9.4,D,Julio,265.0,normal
4,,11,0.3,D,Febrero,258.2,normal
4,68.4,5,8.4,C,Abril,317.6,alto
4,231.5,13,11.4,D,Noviembre,469.0,alto
6,67.2,9,9.9,A,Marzo,385.3,alto
1,97.0,6,11.5,D,Septiembre,263.4,normal
3,,8,7.7,B,Noviembre,358.3,alto
1,149.4,5,5.8,C,Septiembre,231.4,normal
4,287.6,4,9.1,D,Noviembre,355.2,alto
3,90.8,14,0.9,B,Noviembre,280.5,normal
6,171.0,11,,C,Enero,459.2,alto
3,54.5,10,2.0,D,Julio,217.1,normal
7,223.1,13,,D,Marzo,524.0,alto
5,166.2,12,7.0,D,Febrero,351.4,alto
3,292.3,9,7.5,C,Agosto,396.8,alto
7,46.7,12,8.1,C,Octubre,404.5,alto
5,103.0,6,11.3,D,Junio,373.7,alto
5,,11,8.3,C,Noviembre,366.1,alto
7,141.9,5,4.6,D,Septiembre,304.8,alto
1,157.6,2,5.0,c,Febrero,204.7,normal
5,47.9,14,6.3,D,Julio,360.7,alto
4,287.4,7,1.8,C,Marzo,298.3,normal
1,109.8,6,4.6,C,Agosto,242.0,normal
2,163.2,5,10.9,C,Diciembre,329.5,alto
3,210.5,12,,B,Agosto,395.1,alto
6,216.1,12,10.0,B,Enero,525.0,alto
6,199.9,13,5.3,C,Enero,409.5,alto
6,213.5,14,8.1,C,Febrero,441.0,alto
7,202.4,14,11.7,B,Septiembre,524.8,alto
6,56.1,11,8.5,D,Abril,376.6,alto
7,91.1,9,12.0,D,Octubre,437.1,alto
6,299.2,6,2.8,B,Septiembre,352.2,alto
4,205.3,5,10.7,B,Mayo,414.9,alto
5,94.6,4,6.5,B,Septiembre,289.0,normal
3,144.9,7,10.6,A,Julio,386.4,alto
4,181.7,9,,B,Julio,323.2,alto
5,140.4,13,11.5,B,Octubre,465.4,alto
7,96.6,12,1.7,B,Noviembre,318.6,alto
4,55.2,3,3.1,c,Noviembre,200.7,normal
7,185.4,13,5.9,D,Mayo,391.4,alto
4,125.9,8,0.3,D,Octubre,206.9,normal
3,159.4,9,7.8,B,Julio,329.2,alto
5,79.3,14,8.7,B,Enero,422.1,alto
2,143.8,13,1.0,C,Mayo,288.6,normal
6,299.2,10,12.0,C,Enero,530.0,alto
3,298.2,9,7.6,D,Mayo,370.8,alto
2,,2,1.1,C,Mayo,210.5,normal
3,82.3,8,10.6,D,Diciembre,335.2,alto
4,66.2,9,0.1,C,Septiembre,199.9,normal
7,85.6,10,9.4,B,Enero,457.6,alto
3,243.6,12,6.0,C,Mayo,378.8,alto
5,115.7,14,5.0,B,Julio,370.6,alto
1,106.5,3,3.5,D,Julio,191.8,normal
1,,8,3.8,B,Septiembre,233.1,normal
2,149.5,3,10.7,B,Septiembre,326.8,alto
7,249.2,11,11.1,C,Julio,528.6,alto
4,101.0,11,1.6,A,Septiembre,257.1,normal
6,262.2,8,1.4,C,Junio,298.0,normal
7,213.8,8,8.5,B,Febrero,479.9,alto
4,275.6,11,7.9,B,Julio,425.2,alto
1,131.7,6,9.0,C,Noviembre,271.3,normal
5,186.1,6,10.8,B,Mayo,403.3,alto
5,64.0,9,5.1,D,Marzo,283.9,normal
5,171.0,5,6.1,C,Noviembre,325.8,alto
7,187.2,10,9.0,D,Julio,406.7,alto
5,246.4,3,2.5,C,Julio,283.2,normal
6,74.4,9,7.8,D,Noviembre,332.3,alto
3,138.4,9,1.8,C,Junio,242.6,normal
3,135.0,10,0.7,A,Junio,246.7,normal
6,122.1,7,10.6,B,Diciembre,410.7,alto
4,102.7,8,11.5,C,Junio,371.3,alto
3,71.3,4,2.6,C,Abril,166.2,normal
3,84.1,10,,C,Noviembre,378.3,alto
1,250.7,4,,D,Abril,155.8,normal
1,137.6,6,8.8,D,Abril,270.2,normal
4,179.8,10,2.4,B,Febrero,293.8,normal
6,103.8,12,4.6,C,Febrero,3467.491185497647,alto
6,234.0,9,5.4,C,Mayo,363.4,alto
4,51.0,8,8.4,D,Noviembre,323.1,alto
5,94.0,14,11.3,C,Marzo,429.0,alto
4,192.0,4,7.5,B,Mayo,334.2,alto
5,185.3,7,1.4,C,Marzo,268.2,normal
3,297.1,13,5.2,B,Marzo,401.2,alto
3,141.7,5,4.4,D,Diciembre,236.3,normal
5,204.2,11,1.8,C,Mayo,317.2,alto
6,,4,11.3,D,Julio,2926.5073984454443,alto
3,235.7,12,10.1,B,Junio,416.5,alto
5,263.2,3,3.6,B,Febrero,304.5,alto
5,279.8,2,3.3,C,Marzo,318.6,alto
2,,12,8.6,B,Septiembre,386.1,alto
2,247.4,4,7.4,B,Junio,303.3,alto
7,154.4,6,3.4,D,Enero,332.0,alto
7,147.5,8,10.0,C,Agosto,445.9,alto
6,,9,4.9,D,Julio,389.8,alto
1,146.8,14,9.0,C,Abril,373.2,alto
1,122.4,7,3.1,D,Noviembre,196.5,normal
1,57.8,11,0.5,C,Abril,4448.717170312309,normal
3,116.8,13,6.3,C,Diciembre,351.5,alto
2,241.5,14,,B,Marzo,410.5,alto
3,104.0,9,6.6,A,Enero,317.7,alto
5,133.0,6,9.5,C,Septiembre,358.0,alto
5,203.1,10,0.2,B,Marzo,283.2,normal
2,266.8,4,7.2,D,Enero,331.4,alto
5,246.3,4,10.6,D,Septiembre,424.2,alto
7,67.3,9,4.2,C,Noviembre,338.3,alto
3,261.7,5,0.7,D,Marzo,222.7,normal
2,,12,3.7,C,Junio,230.0,normal
3,120.5,4,0.7,B,Febrero,198.4,normal
1,165.9,6,6.2,D,Agosto,244.5,normal
2,56.3,7,6.0,B,Abril,230.5,normal
3,112.5,14,10.7,B,Julio,403.4,alto
3,165.7,11,8.5,A,Noviembre,391.4,alto
5,141.2,7,11.9,C,Julio,368.1,alto
4,32.5,7,5.8,B,Agosto,251.0,normal
1,211.4,8,9.0,C,Agosto,327.1,alto
6,190.9,3,1.6,D,Octubre,250.1,normal
4,40.7,7,9.2,C,Noviembre,285.1,normal
7,274.9,2,5.3,D,Octubre,333.5,alto
7,194.9,8,2.8,B,Octubre,323.1,alto
7,37.9,3,,D,Septiembre,353.7,alto
7,116.8,12,,B,Noviembre,454.8,alto
1,46.6,6,0.7,C,Abril,141.7,normal
7,252.2,4,,B,Diciembre,387.9,alto
1,145.5,8,,B,Enero,319.6,alto
3,177.9,8,10.5,B,Febrero,401.6,alto
3,126.8,11,4.2,C,Noviembre,301.0,alto
3,118.8,12,0.7,C,Noviembre,228.0,normal
5,69.2,2,4.8,D,Septiembre,210.6,normal
6,178.1,11,,B,Octubre,376.9,alto
5,298.4,13,,C,Agosto,474.8,alto
6,230.1,3,5.9,A,Agosto,358.0,alto
1,229.2,9,10.2,A,Enero,400.9,alto
1,181.3,10,3.7,B,Mayo,285.7,normal
6,67.1,6,4.5,A,Marzo,250.1,normal
1,80.3,14,,B,Junio,195.6,normal
2,,5,3.9,B,Noviembre,207.8,normal
4,246.4,8,3.9,D,Marzo,339.3,alto
3,281.0,6,11.4,C,Octubre,404.9,alto
6,203.1,10,6.4,B,Mayo,401.1,alto
7,,13,,B,Octubre,558.5,alto
3,268.0,2,4.7,C,Mayo,268.6,normal
7,63.4,7,11.2,C,Noviembre,375.4,alto
2,142.4,11,9.9,B,Septiembre,4619.655839305347,alto
7,185.4,13,5.9,D,Mayo,391.4,alto
4,218.5,10,2.3,B,Diciembre,308.5,alto
1,223.7,13,,A,Mayo,416.5,alto
6,195.6,11,4.2,C,Abril,355.5,alto
3,260.1,3,3.7,D,Mayo,251.5,normal
4,267.6,14,1.7,D,Julio,327.8,alto
1,193.0,3,0.3,B,Septiembre,155.9,normal
5,216.8,10,7.0,C,Octubre,386.9,alto
3,77.6,11,9.1,D,Agosto,350.8,alto
6,,12,4.6,B,Noviembre,325.8,alto
7,192.0,12,8.5,C,Octubre,465.4,alto
7,201.2,6,4.6,B,Junio,367.2,alto
4,202.5,8,,C,Agosto,300.4,alto
2,79.9,11,8.1,B,Septiembre,341.5,alto
6,230.1,5,11.9,D,Abril,432.6,alto
7,169.5,6,4.1,C,Julio,340.9,alto
3,274.3,10,7.3,C,Diciembre,417.9,alto
6,138.0,13,8.5,C,Diciembre,441.5,alto
6,142.9,6,3.8,C,Enero,299.8,normal
4,280.6,5,11.7,C,Agosto,433.2,alto
2,243.7,8,6.0,D,Abril,299.3,normal
4,172.9,12,6.1,D,Septiembre,360.3,alto
6,115.5,12,7.3,C,Marzo,412.9,alto
7,169.6,11,3.2,D,Junio,3115.611862591447,alto
7,151.9,3,8.6,C,Junio,392.1,alto
4,,6,9.5,B,Abril,392.5,alto
5,244.2,13,4.1,D,Noviembre,388.6,alto
7,289.8,2,3.6,C,Agosto,328.6,alto
5,159.8,8,11.5,C,Julio,423.8,alto
5,294.1,13,11.9,B,Octubre,563.7,alto
5,251.0,13,0.2,C,Enero,337.3,alto
3,254.1,3,8.2,D,Noviembre,339.3,alto
2,198.7,14,8.5,C,Julio,376.4,alto
2,193.8,8,,C,Noviembre,254.4,normal
2,65.4,4,6.0,C,Abril,213.8,normal
7,101.0,12,9.5,D,Diciembre,440.2,alto
6,35.7,6,10.7,C,Julio,357.6,alto
2,,8,5.2,C,Diciembre,237.8,normal
6,285.4,10,6.1,B,Abril,444.7,alto
2,267.8,9,10.8,A,Julio,413.6,alto
4,265.1,13,9.0,B,Septiembre,465.0,alto
7,58.1,13,4.0,C,Noviembre,335.6,alto
2,88.9,9,5.5,A,Agosto,287.4,normal
2,270.4,3,11.5,C,Abril,402.6,alto
6,108.4,10,8.0,D,Abril,376.7,alto
7,74.6,14,5.0,C,Mayo,369.7,alto
3,189.3,14,,C,Noviembre,405.3,alto
2,64.0,7,11.7,B,Mayo,327.9,alto
7,226.7,6,5.9,D,Junio,370.3,alto
2,54.3,11,11.6,C,Mayo,352.5,alto
7,92.2,10,1.2,D,Agosto,291.9,normal
7,,5,11.5,B,Julio,381.6,alto
1,146.1,11,0.5,B,Marzo,228.6,normal
4,236.3,9,2.8,A,Junio,304.0,alto
2,107.0,5,2.8,B,Septiembre,166.3,normal
1,298.2,11,1.0,D,Febrero,296.4,normal
7,276.9,7,4.0,C,Agosto,377.5,alto
3,213.3,7,10.5,A,Abril,408.6,alto
2,116.1,8,7.3,B,Enero,304.7,alto
3,282.8,3,6.3,B,Febrero,338.5,alto
1,,5,0.2,D,Enero,177.7,normal
2,293.6,6,11.9,A,Mayo,413.4,alto
4,131.5,11,2.2,C,Agosto,286.8,normal
4,290.8,12,7.8,C,Agosto,417.0,alto
3,138.4,11,7.5,C,Diciembre,342.3,alto
6,32.1,7,2.2,D,Octubre,228.4,normal
1,169.7,9,7.9,A,Octubre,337.5,alto
3,153.3,10,5.3,C,Agosto,311.0,alto
4,280.6,13,1.7,A,Septiembre,360.0,alto
6,73.9,10,0.7,A,Noviembre,270.4,normal
1,293.2,4,10.3,C,Agosto,313.0,alto
3,,12,9.2,D,Abril,412.0,alto
6,,9,2.1,D,Agosto,349.2,alto
7,90.4,7,10.1,C,Febrero,387.0,alto
2,268.3,6,0.9,C,Octubre,240.2,normal
2,261.1,8,11.7,C,Mayo,427.1,alto
1,64.9,8,3.6,C,Marzo,186.3,normal
4,256.5,13,8.1,D,Abril,414.6,alto
3,132.4,3,5.1,D,Enero,215.3,normal
2,159.5,10,7.6,B,Junio,319.2,alto
7,224.8,4,8.0,C,Enero,394.7,alto
7,117.6,8,8.8,B,Febrero,404.0,alto
7,62.2,13,6.1,D,Mayo,396.7,alto
1,168.8,8,0.9,D,Noviembre,162.6,normal
4,187.3,11,9.3,C,Marzo,360.2,alto
2,52.5,9,4.3,D,Marzo,217.2,normal
5,291.4,6,3.4,D,Enero,328.1,alto
3,227.3,13,7.6,B,Agosto,411.3,alto
1,54.5,2,11.8,D,Abril,269.7,normal
1,66.6,2,11.6,C,Octubre,236.3,normal
2,84.0,8,7.0,B,Septiembre,226.2,normal
2,256.2,14,0.0,B,Abril,274.2,normal
6,263.2,2,3.4,A,Junio,323.5,alto
1,132.6,8,0.8,C,Diciembre,176.7,normal
1,221.2,6,,B,Julio,364.3,alto
3,181.4,10,6.3,D,Marzo,362.7,alto
2,101.1,8,1.0,A,Octubre,181.6,normal
6,205.8,11,10.3,C,Julio,479.4,alto
7,71.4,10,0.6,B,Julio,296.2,normal
3,156.6,12,7.2,A,Agosto,363.8,alto
2,176.6,4,4.2,D,Enero,229.2,normal
4,255.0,3,11.0,D,Marzo,410.8,alto
5,,2,6.8,C,Octubre,358.4,alto
4,50.8,3,3.6,B,Junio,202.8,normal
3,210.4,2,5.2,C,Julio,237.0,normal
2,98.0,6,3.5,B,Mayo,250.5,normal
1,254.8,12,8.0,C,Julio,374.0,alto
6,38.7,5,2.6,C,Junio,3857.1357097726564,normal
6,211.0,12,2.6,B,Agosto,402.5,alto
6,175.4,6,0.6,A,Abril,283.1,normal
4,96.5,14,6.3,D,Noviembre,355.9,alto
3,150.9,14,0.0,C,Julio,279.0,normal
3,,11,,D,Marzo,298.5,normal
7,284.7,6,3.1,D,Febrero,359.6,alto
3,50.4,11,6.0,B,Marzo,298.4,normal
2,,2,11.2,B,Septiembre,272.1,normal
2,106.3,13,2.7,C,Julio,275.0,normal
7,67.2,14,9.3,A,Junio,459.7,alto
4,249.6,14,1.5,C,Octubre,352.7,alto
1,45.1,3,11.8,D,Diciembre,242.6,normal
6,87.6,6,4.5,B,Marzo,287.6,normal
5,283.0,14,5.1,C,Enero,426.8,alto
6,295.8,11,4.4,A,Septiembre,453.8,alto
6,239.4,12,3.4,C,Septiembre,404.7,alto
4,56.6,6,9.1,d,Enero,309.7,alto
7,103.4,5,6.9,c,Enero,360.9,alto
6,,7,9.8,B,Agosto,401.1,alto
5,73.6,5,6.1,D,Enero,263.4,normal
6,87.7,4,,D,Septiembre,318.1,alto
6,244.8,5,6.0,C,Febrero,363.3,alto
1,58.8,14,11.9,D,Marzo,345.3,alto
2,75.4,12,5.7,D,Junio,232.4,normal
6,,7,9.3,B,Abril,436.9,alto
3,275.0,7,9.1,C,Mayo,377.2,alto
5,38.8,3,4.0,C,Octubre,202.0,normal
4,138.7,8,6.7,B,Junio,340.5,alto
2,261.6,10,11.5,C,Enero,455.5,alto
7,142.8,3,4.5,C,Agosto,272.8,normal
1,250.4,4,6.5,B,Agosto,316.1,alto
4,216.1,5,10.7,B,Enero,393.8,alto
7,292.6,3,4.2,D,Junio,376.1,alto
5,284.1,12,11.8,A,Noviembre,488.8,alto
5,80.1,5,0.8,C,Marzo,215.6,normal
6,191.9,8,4.6,D,Enero,360.6,alto
1,124.0,8,6.5,A,Junio,282.1,normal
1,199.3,6,2.8,B,Marzo,239.2,normal
3,51.7,6,1.5,B,Octubre,206.3,normal
2,249.1,2,10.9,C,Febrero,332.4,alto
4,155.3,6,7.8,C,Enero,328.9,alto
3,200.5,11,11.8,C,Marzo,436.2,alto
5,248.2,14,6.3,D,Noviembre,410.1,alto
4,,6,8.0,A,Febrero,341.6,alto
4,241.3,13,,D,Abril,396.6,alto
6,,14,7.4,B,Abril,422.4,alto
2,243.1,9,6.1,D,Septiembre,306.1,alto
3,278.7,13,0.1,A,Abril,324.7,alto
1,100.1,7,,D,Noviembre,206.7,normal
5,116.8,13,0.9,C,Julio,296.8,normal
3,111.3,13,2.0,a,Marzo,284.9,normal
6,126.2,10,8.0,B,Agosto,362.2,alto
7,298.5,8,7.7,C,Febrero,443.9,alto
1,238.0,5,10.7,C,Septiembre,380.1,alto
4,97.4,11,2.3,A,Junio,281.8,normal
5,63.9,13,8.7,C,Marzo,398.2,alto
6,,5,0.7,D,Enero,302.3,alto
4,38.5,2,1.4,A,Mayo,177.8,normal
3,91.7,3,0.9,A,Marzo,198.0,normal
3,227.2,12,,B,Septiembre,425.7,alto
4,,6,3.8,B,Agosto,296.3,normal
6,127.2,9,2.1,C,Febrero,271.2,normal
7,89.6,12,4.4,C,Noviembre,328.2,alto
2,224.8,9,0.2,C,Agosto,271.0,normal
6,173.3,9,4.0,C,Enero,333.4,alto
3,181.1,4,8.8,C,Mayo,330.8,alto
1,64.8,12,6.7,C,Diciembre,280.0,normal
4,47.0,9,1.8,C,Septiembre,224.5,normal
4,77.2,2,7.7,C,Enero,262.2,normal
4,94.5,10,8.1,C,Octubre,349.2,alto
1,,6,5.8,C,Junio,220.0,normal
1,233.5,5,8.8,C,Octubre,303.1,alto
5,277.7,8,8.2,C,Diciembre,375.2,alto
7,43.7,4,6.7,C,Agosto,299.2,normal
2,258.2,9,4.1,D,Septiembre,295.0,normal
3,258.3,12,5.0,B,Enero,352.6,alto
2,184.4,10,2.3,A,Febrero,224.6,normal
1,224.4,10,10.6,C,Septiembre,409.3,alto
5,66.2,6,2.1,D,Mayo,201.8,normal
7,67.0,8,,D,Julio,374.1,alto
1,54.5,10,11.8,D,Octubre,318.9,alto
6,91.3,2,10.9,D,Octubre,362.1,alto
3,110.4,12,2.5,D,Agosto,238.9,normal
4,80.5,13,3.1,B,Enero,273.3,normal
3,161.8,8,8.7,B,Julio,360.9,alto
2,273.7,6,2.5,C,Julio,276.7,normal
3,,11,1.0,B,Agosto,228.3,normal
4,273.9,11,11.3,A,Septiembre,485.1,alto
3,138.1,14,4.3,B,Octubre,277.6,normal
1,78.3,12,7.5,C,Enero,338.1,alto
2,33.5,2,2.3,B,Octubre,141.2,normal
4,,7,11.0,C,Septiembre,380.4,alto
6,217.9,6,2.9,B,Agosto,3187.9124222790238,alto
7,51.7,11,,C,Abril,290.2,normal
2,64.8,3,1.1,C,Junio,125.6,normal
3,43.5,5,3.6,C,Julio,195.0,normal
3,119.9,14,8.9,C,Septiembre,355.9,alto
2,96.0,14,,B,Abril,371.7,alto
1,77.1,12,4.5,D,Julio,210.2,normal
5,80.5,8,1.9,C,Junio,240.0,normal
1,,5,6.7,C,Julio,207.1,normal
7,101.8,11,4.6,B,Mayo,344.9,alto
6,,9,5.6,D,Noviembre,3469.7776678661253,alto
7,66.8,2,5.3,B,Enero,296.7,normal
4,197.9,10,10.9,C,Enero,433.1,alto
4,31.4,6,7.2,C,Marzo,242.5,normal
7,218.1,12,7.7,C,Noviembre,460.0,alto
1,39.3,13,9.4,D,Marzo,301.3,alto
4,87.6,7,3.0,D,Septiembre,247.5,normal
3,270.8,5,8.6,B,Enero,405.1,alto
6,277.3,4,2.4,B,Diciembre,312.0,alto
7,174.3,5,5.9,D,Noviembre,372.4,alto
3,263.0,4,8.5,C,Octubre,351.4,alto
4,211.8,4,4.3,C,Noviembre,286.2,normal
2,63.7,10,5.0,B,Enero,241.8,normal
6,202.6,13,2.0,C,Diciembre,369.9,alto
6,,10,11.7,B,Septiembre,477.2,alto
3,292.4,12,1.2,B,Enero,318.8,alto
7,138.0,9,7.3,d,Agosto,358.5,alto
7,174.2,4,2.3,C,Octubre,284.4,normal
6,,12,6.5,D,Marzo,373.4,alto
4,,11,1.7,D,Abril,284.8,normal
7,98.3,9,0.4,D,Junio,293.2,normal
1,264.7,10,7.3,D,Marzo,314.6,alto
4,125.2,2,,B,Julio,266.9,normal
4,248.4,11,11.0,C,Mayo,454.8,alto
5,159.1,9,9.3,D,Abril,356.5,alto
7,205.5,11,,C,Marzo,433.6,alto
2,258.4,2,4.4,A,Mayo,289.8,normal
7,292.2,10,11.6,A,Junio,534.5,alto
1,174.8,7,,D,Mayo,230.2,normal
7,40.9,14,2.9,B,Diciembre,354.2,alto
1,220.2,11,2.2,a,Enero,322.0,alto
6,193.7,10,11.2,C,Septiembre,489.9,alto
3,61.0,4,8.5,D,Septiembre,244.0,normal
2,,6,6.9,D,Noviembre,295.1,normal
5,104.1,9,11.5,B,Junio,403.0,alto
2,124.9,6,2.9,D,Febrero,200.7,normal
3,296.6,11,7.4,C,Junio,367.6,alto
3,137.6,4,4.1,D,Octubre,218.9,normal
7,122.3,8,3.6,A,Noviembre,3856.265881797419,alto
5,259.0,14,5.5,D,Marzo,400.4,alto
7,290.8,9,7.6,C,Enero,459.7,alto
6,135.1,9,6.8,C,Julio,362.2,alto
6,232.8,14,11.8,B,Octubre,552.5,alto
6,229.4,8,0.2,C,Julio,263.1,normal
3,251.2,9,6.5,C,Julio,329.4,alto
3,182.8,5,1.1,B,Mayo,236.5,normal
6,99.0,5,8.7,C,Octubre,344.8,alto
2,54.1,14,3.7,D,Abril,248.9,normal
7,71.9,7,9.6,D,Abril,396.6,alto
2,147.7,5,0.7,D,Febrero,169.6,normal
4,180.6,8,0.4,B,Mayo,249.3,normal
2,182.2,2,11.6,C,Septiembre,322.3,alto
4,175.9,8,5.2,C,Marzo,303.0,alto
7,200.6,3,3.8,D,Mayo,303.4,alto
4,51.2,2,9.8,C,Mayo,269.6,normal
4,244.2,7,,D,Agosto,253.7,normal
3,198.3,4,6.9,C,Febrero,303.8,alto
1,62.4,4,,C,Febrero,242.6,normal
7,184.3,13,4.8,D,Agosto,363.5,alto
2,96.9,6,8.2,C,Abril,264.9,normal
4,296.7,3,11.5,D,Noviembre,459.6,alto
1,110.8,14,11.3,A,Julio,399.2,alto
2,157.5,8,5.4,C,Febrero,274.9,normal
5,37.8,8,4.4,C,Marzo,256.2,normal
4,208.1,4,9.9,D,Mayo,350.4,alto
6,33.8,7,2.5,D,Junio,248.8,normal
3,249.1,10,7.2,D,Noviembre,370.0,alto
4,127.7,4,10.1,B,Agosto,345.4,alto
4,64.3,11,5.6,B,Octubre,316.4,alto
3,299.6,5,2.4,C,Septiembre,300.3,alto
3,252.4,8,10.1,C,Marzo,381.3,alto
3,219.4,14,,B,Agosto,413.0,alto
5,76.3,12,7.7,C,Enero,392.6,alto
2,48.4,4,3.0,D,Agosto,152.3,normal
4,152.7,2,9.8,B,Septiembre,324.4,alto
6,98.0,7,9.0,A,Septiembre,406.2,alto
3,251.9,3,8.3,C,Noviembre,335.9,alto
4,252.4,9,6.8,C,Marzo,371.3,alto
3,276.6,14,2.8,B,Febrero,364.9,alto
6,138.7,2,2.3,A,Junio,263.1,normal
5,256.6,14,7.0,C,Enero,440.3,alto
5,,14,1.3,C,Noviembre,367.8,alto
5,251.8,14,,B,Julio,532.8,alto
3,46.7,7,1.0,B,Febrero,199.1,normal
5,170.6,5,10.3,C,Julio,367.4,alto
2,,5,8.6,D,Abril,317.1,alto
3,45.5,8,3.7,B,Octubre,249.0,normal
1,100.9,10,,D,Mayo,220.9,normal
6,198.8,12,11.6,C,Enero,457.4,alto
5,80.3,10,5.5,C,Octubre,321.1,alto
1,,7,10.5,C,Septiembre,356.7,alto
4,46.9,14,4.4,D,Septiembre,297.0,normal
5,142.5,10,4.6,C,Marzo,282.3,normal
2,120.8,6,9.4,C,Febrero,269.0,normal
4,274.2,4,11.7,C,Abril,425.6,alto
1,118.4,6,3.0,C,Abril,152.2,normal
6,89.6,8,7.2,D,Mayo,325.2,alto
3,259.3,8,1.7,D,Julio,271.6,normal
7,296.9,14,,C,Octubre,557.3,alto
5,103.4,2,10.0,C,Agosto,340.2,alto
2,42.1,7,5.8,B,Marzo,218.2,normal
4,,9,7.3,B,Mayo,345.8,alto
6,91.1,6,8.8,C,Julio,367.2,alto
7,46.9,12,4.6,D,Junio,327.7,alto
7,124.9,2,9.0,C,Octubre,354.8,alto
3,61.3,13,2.9,D,Febrero,246.2,normal
5,146.8,5,11.1,B,Febrero,396.6,alto
5,226.1,2,3.5,D,Diciembre,279.6,normal
5,34.3,8,6.5,C,Agosto,291.2,normal
6,57.7,2,9.2,D,Junio,300.3,alto
1,284.3,11,,C,Agosto,357.6,alto
2,87.3,7,5.5,B,Febrero,254.9,normal
6,,8,0.1,C,Abril,330.8,alto
6,54.9,10,,B,Marzo,397.8,alto
2,,10,7.3,B,Mayo,360.3,alto
6,280.9,10,11.5,A,Julio,542.4,alto
7,52.9,3,6.2,D,Abril,266.2,normal
6,179.2,13,0.3,C,Noviembre,321.4,alto
7,,8,4.1,A,Noviembre,346.0,alto
2,212.7,8,10.6,C,Octubre,338.7,alto
2,,3,8.3,D,Junio,241.4,normal
5,234.5,6,10.9,D,Mayo,392.1,alto
6,98.6,6,5.8,C,Abril,329.1,alto
4,213.4,7,0.8,C,Marzo,248.0,normal
1,93.6,8,6.9,D,Septiembre,261.1,normal
6,46.8,5,0.7,B,Noviembre,212.8,normal
2,49.6,7,3.1,D,Noviembre,174.4,normal
7,138.3,11,2.7,D,Diciembre,343.5,alto
2,299.9,2,3.6,B,Agosto,244.4,normal
5,190.3,3,11.6,D,Julio,373.7,alto
6,74.4,11,9.6,C,Julio,392.3,alto
6,,12,,C,Julio,434.6,alto
1,124.8,13,5.2,D,Octubre,256.8,normal
1,59.9,14,2.7,C,Noviembre,214.2,normal
6,156.0,13,4.0,B,Agosto,330.9,alto
4,201.1,3,6.1,B,Enero,340.5,alto
4,284.9,2,9.5,D,Febrero,366.6,alto
6,43.0,11,5.0,B,Abril,3737.7907974505656,alto
4,269.3,2,,C,Agosto,346.8,alto
5,93.4,2,7.1,C,Mayo,318.5,alto
5,114.5,12,10.5,B,Abril,416.5,alto
7,143.1,2,1.6,C,Febrero,227.8,normal
6,165.1,9,8.9,B,Febrero,419.7,alto
1,46.8,12,5.2,C,Agosto,268.6,normal
4,286.6,12,6.1,B,Enero,426.0,alto
4,107.8,14,1.7,C,Diciembre,289.8,normal
3,82.2,3,6.8,B,Diciembre,267.7,normal
2,77.2,5,4.4,C,Noviembre,211.8,normal
5,254.4,5,,D,Junio,417.6,alto
5,88.0,10,1.8,D,Agosto,267.2,normal
6,211.2,4,7.0,C,Agosto,360.4,alto
6,248.5,9,10.9,D,Diciembre,447.4,alto
7,48.0,6,11.9,B,Julio,407.7,alto
2,252.2,7,11.1,B,Marzo,361.0,alto
6,234.2,12,9.9,A,Octubre,497.3,alto
3,65.8,9,10.4,B,Junio,391.2,alto
3,63.7,4,5.6,B,Septiembre,235.3,normal
7,187.2,3,8.5,B,Abril,378.7,alto
6,112.4,12,5.1,C,Febrero,358.8,alto
4,203.7,4,2.0,D,Enero,224.9,normal
4,169.8,12,3.7,B,Febrero,327.9,alto
2,156.7,12,7.1,D,Noviembre,331.0,alto
1,92.5,12,3.6,b,Octubre,245.8,normal
5,131.0,8,1.9,A,Septiembre,290.9,normal
4,297.4,2,8.7,B,Junio,386.8,alto
7,,4,7.7,C,Junio,367.7,alto
3,156.0,3,7.0,D,Julio,272.9,normal
3,137.9,13,11.8,B,Mayo,430.0,alto
1,116.6,2,3.6,C,Mayo,206.8,normal
3,,10,9.6,d,Noviembre,367.5,alto
5,171.2,5,11.5,A,Junio,413.6,alto
5,98.2,2,10.9,C,Julio,375.4,alto
2,136.5,3,7.3,D,Mayo,251.7,normal
6,281.5,13,8.8,C,Abril,457.5,alto
6,153.6,3,2.0,C,Febrero,269.0,normal
1,227.7,13,0.8,C,Abril,260.2,normal
6,220.1,5,0.5,d,Agosto,281.0,normal
2,93.6,3,4.8,B,Octubre,190.8,normal
3,299.6,14,4.1,A,Septiembre,420.6,alto
5,89.1,2,8.6,A,Julio,312.2,alto
4,56.3,5,7.9,A,Agosto,293.2,normal
5,145.1,14,7.0,D,Noviembre,388.6,alto
4,112.5,10,7.5,C,Julio,375.8,alto
7,242.9,3,6.5,C,Enero,411.4,alto
6,279.4,4,,C,Enero,352.0,alto
4,265.9,6,2.6,D,Diciembre,266.5,normal
5,176.6,9,5.7,B,Diciembre,341.5,alto
3,30.7,13,,C,Junio,159.2,normal
3,256.2,4,4.1,B,Abril,274.4,normal
6,94.2,5,8.6,C,Agosto,351.4,alto
7,107.5,7,2.6,A,Enero,344.2,alto
6,113.5,8,5.1,C,Octubre,305.7,alto
6,292.4,5,8.7,D,Febrero,436.3,alto
2,228.2,2,9.7,C,Junio,338.1,alto
4,160.5,10,6.1,A,Diciembre,353.5,alto
7,144.6,7,8.4,B,Marzo,387.2,alto
7,36.7,6,3.0,A,Abril,313.8,alto
4,263.5,5,,D,Enero,405.1,alto
5,,11,7.6,C,Mayo,384.4,alto
4,103.9,4,6.5,C,Mayo,272.8,normal
3,95.0,5,11.1,D,Febrero,300.3,alto
3,,13,0.6,C,Octubre,309.0,alto
7,219.9,11,11.0,D,Junio,518.3,alto
6,257.8,4,,C,Febrero,403.9,alto
6,222.2,9,7.2,B,Julio,378.4,alto
3,185.6,13,5.2,A,Julio,361.0,alto
6,200.7,8,7.1,D,Octubre,405.9,alto
1,115.5,13,7.7,A,Octubre,322.5,alto
2,184.1,13,9.6,C,Octubre,4177.535835450542,alto
3,169.4,8,9.9,B,Octubre,2891.4221420290387,alto
1,38.0,2,11.4,d,Julio,236.0,normal
6,235.0,10,5.9,D,Junio,412.9,alto
3,276.1,3,9.1,B,Abril,351.7,alto
5,105.7,13,5.8,C,Noviembre,339.3,alto
4,186.9,5,2.0,C,Octubre,244.4,normal
7,232.2,11,5.8,A,Julio,445.4,alto
7,224.6,8,0.6,C,Noviembre,337.5,alto
2,78.5,14,5.3,D,Abril,305.7,alto
2,298.8,12,11.2,C,Agosto,447.2,alto
6,60.2,2,10.1,A,Octubre,372.6,alto
7,160.7,13,9.0,C,Junio,461.6,alto
5,58.5,9,6.4,C,Mayo,308.2,alto
6,230.7,7,10.0,C,Julio,432.4,alto
1,187.7,11,5.9,C,Noviembre,311.7,alto
6,38.9,10,9.7,A,Mayo,399.7,alto
2,137.8,5,2.7,D,Febrero,233.1,normal
6,59.6,13,1.2,C,Junio,301.0,alto
5,87.9,2,5.4,D,Julio,226.2,normal
5,155.9,9,3.4,C,Octubre,272.9,normal
7,223.0,8,11.7,D,Febrero,475.6,alto
7,93.9,2,6.7,C,Enero,344.5,alto
6,279.4,10,9.1,D,Diciembre,452.1,alto
1,100.2,6,2.1,D,Abril,137.5,normal
1,152.0,3,5.6,D,Abril,225.7,normal
3,66.6,9,11.9,B,Noviembre,352.2,alto
2,108.4,10,11.2,B,Abril,372.3,alto
5,99.5,9,6.6,D,Diciembre,317.0,alto
6,230.9,7,6.8,C,Julio,387.9,alto
2,189.1,13,6.5,A,Febrero,361.4,alto
3,142.2,3,4.3,C,Julio,196.4,normal
5,125.7,6,8.7,B,Junio,331.2,alto
7,242.7,4,0.5,B,Abril,287.4,normal
2,,8,10.8,B,Agosto,331.6,alto
1,243.8,3,9.5,D,Noviembre,304.3,alto
3,40.7,7,1.5,B,Agosto,214.0,normal
6,174.0,7,0.0,B,Agosto,279.4,normal
3,129.1,4,5.9,B,Abril,285.0,normal
3,83.5,6,6.2,B,Noviembre,241.0,normal
3,237.3,9,1.7,B,Abril,293.6,normal
7,131.4,12,2.1,A,Junio,333.3,alto
3,137.5,4,1.6,C,Agosto,199.7,normal
6,139.6,7,9.4,D,Marzo,367.4,alto
7,292.9,8,10.5,c,Agosto,477.4,alto
1,220.2,6,4.3,C,Febrero,265.8,normal
4,42.8,3,9.2,B,Noviembre,309.1,alto
2,139.5,8,0.2,C,Diciembre,186.0,normal
7,113.9,3,8.1,D,Abril,334.9,alto
5,227.8,7,10.0,D,Marzo,386.7,alto
1,,13,11.0,B,Abril,412.6,alto
6,127.8,12,8.6,C,Septiembre,434.1,alto
4,,7,0.9,C,Enero,177.9,normal
2,127.6,11,6.6,c,Abril,351.0,alto
4,,9,9.0,A,Mayo,426.7,alto
1,153.0,7,,D,Noviembre,198.4,normal
4,281.3,3,8.9,D,Septiembre,368.3,alto
6,273.8,10,8.1,C,Julio,447.8,alto
3,240.0,10,8.2,C,Agosto,377.8,alto
1,230.7,10,9.5,B,Septiembre,393.5,alto
5,117.3,14,3.6,C,Junio,295.5,normal
7,266.8,11,1.5,C,Marzo,345.2,alto
3,180.2,10,7.7,C,Agosto,361.7,alto
2,146.8,10,11.2,B,Mayo,347.6,alto
5,255.7,11,12.0,B,Noviembre,475.2,alto
3,283.5,2,1.7,B,Julio,235.5,normal
4,138.2,12,8.3,A,Agosto,403.2,alto
7,57.0,8,10.9,B,Junio,404.7,alto
3,268.7,12,2.4,D,Marzo,348.1,alto
2,163.5,9,,B,Diciembre,240.1,normal
4,82.6,3,6.2,C,Diciembre,233.9,normal
1,,5,11.3,C,Abril,300.7,alto
3,41.9,4,6.4,D,Enero,245.7,normal
3,229.5,7,2.8,D,Diciembre,266.4,normal
3,238.1,12,2.2,C,Noviembre,288.0,normal
2,,13,10.7,C,Diciembre,387.5,alto
6,183.8,3,4.3,C,Septiembre,320.5,alto
7,69.5,7,8.4,B,Diciembre,352.5,alto
7,56.5,10,10.4,B,Mayo,4085.0091435110676,alto
2,111.0,3,,D,Marzo,230.7,normal
7,,13,9.6,C,Noviembre,536.9,alto
2,,10,0.5,B,Julio,221.7,normal
7,144.6,11,,C,Septiembre,407.0,alto
1,193.9,11,0.2,C,Junio,207.8,normal
6,147.9,13,3.5,B,Septiembre,364.5,alto
4,184.7,14,4.4,C,Julio,375.6,alto
4,,7,7.3,D,Enero,305.0,alto
7,295.1,2,0.5,C,Febrero,303.4,alto
1,134.2,13,3.9,D,Septiembre,285.9,normal
5,298.4,3,5.7,D,Febrero,329.3,alto
7,123.1,14,,B,Noviembre,502.6,alto
7,236.7,13,2.0,D,Junio,351.2,alto
7,113.8,7,10.2,D,Febrero,421.9,alto
6,122.1,10,,D,Septiembre,368.8,alto
5,213.1,8,6.5,B,Mayo,384.8,alto
2,30.4,9,1.8,A,Junio,214.9,normal
7,284.6,7,5.6,B,Junio,427.1,alto
6,258.4,14,9.5,B,Agosto,486.3,alto
2,190.5,5,7.7,C,Septiembre,316.2,alto
5,45.6,2,,c,Febrero,298.5,normal
3,135.8,5,,A,Marzo,260.6,normal
5,187.1,9,2.2,B,Febrero,300.4,alto
4,294.4,5,7.5,C,Diciembre,395.2,alto
4,221.7,5,8.9,D,Septiembre,341.8,alto
5,,14,5.0,B,Octubre,355.9,alto
1,90.0,14,2.7,D,Noviembre,213.6,normal
3,260.9,11,1.4,A,Julio,280.2,normal
7,56.0,3,10.6,C,Noviembre,365.8,alto
4,226.7,11,11.3,B,Agosto,483.9,alto
1,124.2,10,9.9,D,Agosto,332.2,alto
5,263.8,12,9.2,C,Junio,462.0,alto
6,215.3,10,2.9,B,Abril,356.8,alto
7,248.0,8,3.3,D,Mayo,340.8,alto
1,71.6,13,6.9,D,Febrero,262.1,normal
2,152.3,10,8.1,C,Marzo,315.0,alto
2,126.0,2,6.3,C,Abril,238.3,normal
6,162.6,13,6.0,C,Enero,407.1,alto
4,286.7,9,2.0,D,Noviembre,337.8,alto
4,200.0,3,1.0,C,Mayo,248.1,normal
3,40.0,3,11.7,C,Junio,326.3,alto
3,226.2,5,,C,Junio,334.3,alto
7,136.9,3,5.2,A,Septiembre,375.0,alto
5,216.2,14,9.8,B,Noviembre,444.4,alto
4,132.7,11,0.5,B,Diciembre,238.7,normal
1,157.0,7,0.5,B,Marzo,209.9,normal
3,292.2,3,11.7,D,Febrero,385.8,alto
1,,7,,C,Julio,175.4,normal
2,251.0,4,0.9,C,Febrero,218.8,normal
3,247.5,4,8.3,C,Julio,323.5,alto
7,217.4,4,3.9,C,Junio,356.8,alto
2,,13,5.9,A,Octubre,376.9,alto
1,44.4,10,0.2,C,Octubre,151.3,normal
6,80.6,9,,B,Noviembre,296.2,normal
4,96.4,6,10.4,B,Noviembre,355.1,alto
1,,3,10.5,D,Febrero,254.9,normal
3,206.1,12,8.0,D,Septiembre,374.9,alto
6,119.6,3,5.5,B,Diciembre,260.3,normal
4,105.9,14,1.4,C,Abril,270.2,normal
2,130.0,5,2.8,C,Julio,221.5,normal
4,249.5,5,9.0,D,Marzo,354.5,alto
2,279.3,3,6.8,D,Febrero,304.2,alto
3,104.8,14,2.5,B,Septiembre,280.2,normal
1,55.7,7,11.6,B,Diciembre,286.3,normal
2,299.9,3,6.6,B,Noviembre,332.6,alto
3,232.7,4,5.8,B,Febrero,286.6,normal
3,144.7,2,,C,Enero,139.8,normal
5,176.3,12,3.8,B,Abril,358.4,alto
1,49.9,11,3.9,B,Marzo,252.5,normal
3,107.2,3,10.4,A,Agosto,322.0,alto
4,92.9,11,10.6,B,Marzo,368.4,alto
7,164.8,14,5.9,C,Mayo,439.6,alto
3,124.9,9,5.8,C,Agosto,319.3,alto
5,114.3,7,2.6,B,Abril,246.6,normal
3,267.6,13,10.4,B,Mayo,463.1,alto
5,233.8,9,1.8,D,Noviembre,293.9,normal
3,198.5,4,8.5,B,Abril,316.0,alto
7,51.7,11,,C,Abril,290.2,normal
6,79.6,11,5.1,C,Julio,372.7,alto
2,298.4,10,10.7,A,Septiembre,437.9,alto
7,166.0,7,0.4,B,Diciembre,286.3,normal
7,296.9,5,2.7,C,Diciembre,339.5,alto
3,,5,5.8,C,Enero,302.7,alto
5,108.8,3,3.5,C,Noviembre,238.6,normal
4,95.2,8,3.6,D,Mayo,230.0,normal
3,,14,5.8,A,Abril,412.3,alto
5,278.2,7,9.2,B,Mayo,451.8,alto
5,105.0,10,5.4,D,Junio,330.6,alto
2,38.3,9,,A,Marzo,3286.8334488796972,normal
4,224.9,2,,C,Diciembre,288.2,normal
5,,5,7.6,B,Noviembre,296.4,normal
5,151.8,12,7.6,B,Septiembre,412.3,alto
3,78.2,13,10.6,A,Enero,412.7,alto
3,128.2,9,1.8,C,Febrero,248.3,normal
7,287.4,5,,A,Agosto,445.3,alto
2,228.8,13,7.1,C,Noviembre,380.4,alto
7,62.2,13,7.0,D,Agosto,363.0,alto
5,105.5,12,11.1,D,Diciembre,379.4,alto
4,55.0,6,0.3,D,Noviembre,173.2,normal
1,73.7,11,2.0,A,Agosto,219.8,normal
3,291.5,12,3.2,B,Febrero,371.5,alto
4,243.2,4,1.6,B,Mayo,283.7,normal
1,224.6,6,8.4,C,Abril,311.0,alto
3,137.0,8,10.4,B,Agosto,374.6,alto
5,252.7,8,3.6,C,Enero,367.7,alto
3,46.5,10,8.1,C,Diciembre,314.4,alto
6,71.3,8,4.4,B,Agosto,340.9,alto
1,170.7,9,8.8,C,Octubre,289.4,normal
4,153.9,5,11.9,B,Septiembre,403.0,alto
6,163.1,5,4.3,C,Diciembre,296.9,normal
6,36.9,13,0.1,B,Junio,4643.941245798878,normal
2,249.5,7,7.4,C,Noviembre,341.5,alto
4,155.7,7,5.4,B,Septiembre,313.6,alto
7,144.6,7,2.3,C,Septiembre,314.8,alto
1,,4,7.4,D,Febrero,275.8,normal
4,67.7,10,9.2,D,Mayo,320.1,alto
5,212.0,3,2.7,C,Julio,269.1,normal
6,78.6,10,3.4,C,Diciembre,4206.955163536689,alto
4,83.5,12,5.9,D,Mayo,314.5,alto
3,83.8,6,1.7,D,Mayo,201.1,normal
4,91.3,5,11.8,C,Mayo,337.1,alto
6,187.3,6,9.7,C,Marzo,412.2,alto
6,282.2,2,7.1,B,Febrero,394.6,alto
6,222.9,9,4.1,A,Agosto,437.6,alto
2,165.3,8,5.4,C,Mayo,285.0,normal
6,73.7,14,8.6,A,Junio,419.2,alto
1,257.7,14,3.4,C,Junio,324.8,alto
5,,13,11.5,C,Agosto,468.5,alto
1,71.0,2,6.0,B,Diciembre,189.6,normal
3,46.6,6,5.7,B,Julio,257.5,normal
7,50.5,14,0.3,C,Diciembre,298.5,normal
1,179.7,8,6.9,C,Octubre,273.2,normal
2,204.0,9,0.8,C,Julio,229.2,normal
5,200.0,10,0.1,A,Abril,320.6,alto
7,279.4,2,0.2,C,Marzo,300.9,alto
5,140.3,13,4.2,D,Octubre,340.8,alto
7,62.4,10,7.9,B,Septiembre,381.8,alto
5,151.8,3,11.3,B,Junio,377.6,alto
3,196.4,11,0.3,C,Octubre,251.4,normal
6,285.4,11,,D,Noviembre,414.1,alto
5,,13,11.5,B,Enero,447.0,alto
1,178.0,13,11.4,B,Febrero,400.2,alto
1,95.2,12,8.7,B,Abril,292.0,normal
7,282.1,14,,B,Julio,507.2,alto
4,268.3,11,,D,Agosto,441.1,alto
1,266.3,7,3.8,C,Febrero,281.9,normal
3,,14,9.5,B,Julio,357.4,alto
7,139.8,11,10.0,D,Julio,433.5,alto
6,285.9,12,6.7,B,Septiembre,500.0,alto
4,143.4,6,10.5,C,Enero,343.0,alto
7,109.5,9,3.4,B,Septiembre,307.8,alto
6,269.2,3,5.0,B,Abril,363.5,alto
5,280.4,8,7.5,D,Julio,407.6,alto
5,,2,6.4,C,Abril,326.0,alto
6,241.2,13,10.2,B,Mayo,497.2,alto
2,212.6,8,2.4,B,Noviembre,264.6,normal
5,,11,1.5,C,Febrero,245.0,normal
4,273.5,2,0.4,B,Marzo,240.2,normal
7,172.9,8,10.2,D,Mayo,467.4,alto
2,274.6,8,8.9,C,Octubre,392.9,alto
1,208.6,8,6.3,B,Mayo,307.8,alto
7,163.4,9,6.0,A,Abril,389.5,alto
3,232.5,5,3.9,A,Marzo,322.1,alto
7,270.4,6,,C,Marzo,491.6,alto
2,269.8,12,5.4,C,Diciembre,355.1,alto
5,250.9,7,1.8,D,Octubre,267.3,normal
2,93.9,4,2.6,C,Noviembre,192.8,normal
1,155.7,7,,B,Febrero,253.6,normal
2,61.0,6,3.3,D,Septiembre,175.9,normal
4,237.8,9,11.2,C,Julio,427.3,alto
7,238.6,11,2.1,C,Marzo,368.3,alto
3,83.2,8,3.2,c,Julio,214.7,normal
6,250.0,6,3.8,B,Diciembre,368.8,alto
1,239.7,10,4.3,B,Abril,270.6,normal
3,144.0,12,11.7,C,Noviembre,409.3,alto
4,64.8,12,,B,Noviembre,342.1,alto
5,,12,2.8,C,Enero,387.2,alto
3,159.1,9,,d,Enero,291.2,normal
1,,13,9.0,D,Marzo,315.8,alto
5,275.9,8,5.5,C,Diciembre,368.8,alto
4,225.7,10,0.1,B,Febrero,293.3,normal
5,268.1,6,6.9,B,Junio,407.8,alto
1,299.9,8,1.9,C,Enero,301.5,alto
3,65.0,3,8.7,B,Agosto,287.9,normal
3,232.0,9,9.6,B,Octubre,382.1,alto
4,250.5,12,7.7,A,Octubre,426.4,alto
3,,8,,C,Mayo,388.5,alto
5,76.5,13,1.9,C,Marzo,294.7,normal
4,168.4,2,11.3,D,Agosto,359.5,alto
4,49.4,3,3.3,C,Abril,211.1,normal
4,228.6,10,,D,Mayo,258.4,normal
5,165.7,5,8.4,B,Diciembre,363.8,alto
4,128.3,3,11.0,D,Enero,372.2,alto
2,246.5,13,,B,Septiembre,353.9,alto
3,237.6,5,,B,Junio,296.9,normal
1,105.9,7,2.3,A,Abril,203.4,normal
4,243.5,9,8.2,B,Abril,361.0,alto
5,,5,6.9,C,Agosto,372.0,alto
1,101.7,6,1.8,C,Abril,160.2,normal
5,66.8,2,1.7,A,Julio,224.8,normal
6,56.5,10,1.6,B,Agosto,282.2,normal
6,55.1,14,5.7,B,Diciembre,349.2,alto
3,297.2,13,5.4,D,Junio,360.7,alto
4,,9,4.5,A,Junio,376.7,alto
5,34.2,3,10.3,D,Mayo,309.7,alto
3,80.6,14,4.2,C,Febrero,290.1,normal
7,276.5,6,3.0,D,Julio,335.1,alto
5,182.4,8,0.8,C,Diciembre,250.4,normal
1,,9,2.7,B,Marzo,222.9,normal
2,130.5,12,2.0,C,Mayo,243.7,normal
1,,8,1.8,C,Julio,218.1,normal
5,65.1,9,10.4,A,Junio,383.3,alto
4,125.3,8,11.0,C,Mayo,339.3,alto
5,93.2,11,9.0,B,Junio,390.2,alto
3,279.9,12,11.8,C,Agosto,468.1,alto
5,,13,11.4,A,Septiembre,429.4,alto
6,,10,7.9,B,Febrero,474.5,alto
1,113.0,11,4.2,C,Febrero,232.3,normal
3,268.0,2,10.1,C,Septiembre,379.6,alto
3,98.3,12,6.3,C,Abril,336.5,alto
2,192.2,6,8.0,C,Junio,316.1,alto
5,234.3,12,,C,Julio,277.0,normal
3,209.5,12,5.3,D,Septiembre,305.8,alto
3,275.6,3,7.8,D,Mayo,359.7,alto
6,95.6,2,9.8,C,Agosto,340.8,alto
3,62.3,2,8.3,B,Septiembre,253.1,normal
4,52.7,2,,B,Octubre,183.2,normal
1,297.8,4,0.9,B,Octubre,209.1,normal
3,180.2,3,1.3,C,Agosto,198.6,normal
1,60.9,11,2.3,C,Septiembre,218.9,normal
1,253.1,10,3.0,C,Septiembre,259.2,normal
1,72.1,10,10.3,C,Enero,271.3,normal
6,118.7,8,10.5,D,Abril,412.7,alto
3,175.4,9,7.2,D,Julio,323.2,alto
3,240.1,2,4.0,A,Noviembre,272.6,normal
7,109.3,13,1.8,D,Junio,371.3,alto
7,129.8,2,10.0,C,Enero,2704.8078104628094,alto
1,270.7,7,7.8,D,Agosto,335.2,alto
3,261.1,11,6.8,B,Enero,373.7,alto
2,55.4,5,11.9,D,Agosto,313.2,alto
5,269.5,5,1.6,C,Enero,3542.36178498683,normal
7,198.0,7,11.1,B,Agosto,488.5,alto
5,167.1,10,5.9,D,Junio,340.9,alto
3,46.0,6,10.9,B,Julio,330.5,alto
6,,14,,D,Abril,356.5,alto
7,210.4,10,6.4,C,Mayo,391.7,alto
3,138.8,4,,C,Febrero,222.9,normal
7,85.7,6,6.7,C,Abril,327.5,alto
2,115.1,9,0.8,B,Septiembre,193.5,normal
7,225.6,12,8.4,C,Abril,484.5,alto
7,202.4,6,3.7,D,Diciembre,356.9,alto
7,104.5,5,4.7,C,Marzo,325.2,alto
6,62.3,5,5.9,C,Diciembre,283.5,normal
1,270.2,7,6.2,C,Noviembre,289.5,normal
4,181.5,13,,A,Abril,329.4,alto
3,,11,5.9,A,Mayo,359.2,alto
1,,11,7.2,D,Septiembre,299.3,normal
2,249.6,7,7.5,D,Marzo,354.9,alto
2,126.7,14,11.0,D,Febrero,365.2,alto
4,64.7,4,6.0,C,Julio,258.1,normal
3,144.1,3,11.9,D,Diciembre,338.9,alto
3,100.5,8,8.2,C,Mayo,313.1,alto
4,198.7,7,1.1,C,Julio,248.1,normal
7,265.2,6,7.1,A,Diciembre,438.1,alto
5,89.6,11,11.0,C,Noviembre,425.9,alto
7,80.6,10,8.9,C,Abril,371.7,alto
7,228.2,9,1.0,D,Diciembre,312.1,alto
3,264.7,6,11.1,C,Septiembre,424.8,alto
5,164.8,12,4.9,D,Julio,334.0,alto
2,65.3,13,9.7,D,Junio,310.5,alto
2,107.4,10,3.4,A,Diciembre,248.8,normal
6,130.7,11,3.6,C,Octubre,332.6,alto
1,297.3,14,7.7,B,Agosto,357.7,alto
7,225.6,10,2.0,D,Diciembre,332.3,alto
6,167.7,8,8.4,D,Diciembre,381.1,alto
3,112.4,12,8.0,D,Febrero,354.5,alto
1,260.0,5,0.1,C,Julio,197.4,normal
6,107.5,12,5.6,C,Agosto,323.4,alto
5,170.2,12,0.2,A,Octubre,314.0,alto
4,,7,2.7,C,Julio,274.5,normal
6,230.5,9,10.7,D,Febrero,480.6,alto
3,211.1,5,10.9,B,Agosto,4803.194039126237,alto
2,174.6,11,0.3,C,Noviembre,212.9,normal
6,33.0,12,2.0,B,Junio,297.6,normal
7,235.2,2,4.9,B,Marzo,375.0,alto
7,249.4,8,2.2,D,Diciembre,327.7,alto
3,170.0,9,9.7,D,Diciembre,3898.124368969557,alto
3,130.4,10,9.3,C,Enero,378.3,alto
1,155.9,5,10.4,B,Octubre,332.7,alto
3,157.1,14,,C,Agosto,290.8,normal
6,236.8,14,5.2,D,Febrero,402.9,alto
1,288.3,5,6.0,D,Marzo,250.3,normal
4,267.9,3,0.7,C,Septiembre,249.8,normal
6,112.7,8,0.2,D,Febrero,250.2,normal
6,54.1,3,11.8,B,Enero,392.4,alto
2,73.7,10,,B,Julio,202.3,normal
4,260.2,10,9.0,C,Mayo,442.2,alto
1,292.4,8,5.8,B,Abril,298.6,normal
4,49.7,14,9.7,A,Junio,411.1,alto
5,90.9,5,,C,Enero,389.1,alto
7,223.1,9,7.4,D,Noviembre,407.3,alto
4,84.2,6,2.5,C,Diciembre,244.9,normal
3,71.4,5,7.0,C,Junio,291.1,normal
6,199.8,10,11.2,C,Diciembre,475.2,alto
1,236.6,7,0.8,C,Agosto,2620.3339408534184,normal
5,101.3,7,11.7,C,Agosto,375.1,alto
3,200.1,4,,C,Enero,318.3,alto
7,92.1,10,4.9,B,Octubre,347.3,alto
3,129.1,4,3.9,D,Septiembre,235.4,normal
4,238.6,6,1.2,D,Abril,266.8,normal
1,275.0,5,4.0,C,Octubre,260.5,normal
4,202.8,13,6.0,D,Julio,368.5,alto
5,234.8,7,,C,Febrero,422.8,alto
1,140.7,7,11.6,A,Marzo,318.4,alto
1,196.3,5,7.5,D,Octubre,254.5,normal
5,83.8,14,1.4,B,Junio,293.4,normal
2,250.2,6,5.1,C,Junio,336.8,alto
3,103.2,10,9.2,C,Abril,308.5,alto
3,137.3,6,6.7,D,Octubre,273.6,normal
2,107.6,5,8.6,B,Octubre,306.9,alto
7,195.8,4,9.7,C,Junio,408.4,alto
6,190.6,6,7.7,B,Junio,391.2,alto
5,52.9,2,8.2,B,Diciembre,296.4,normal
7,85.7,12,5.5,C,Abril,392.5,alto
3,60.4,3,6.8,B,Marzo,223.9,normal
5,298.7,4,1.6,B,Mayo,298.8,normal
7,263.7,4,4.2,C,Abril,357.9,alto
6,251.1,9,7.7,C,Marzo,435.7,alto
3,102.0,9,3.5,D,Febrero,260.6,normal
5,117.1,8,,C,Mayo,302.4,alto
1,,2,5.8,A,Julio,246.0,normal
1,147.5,10,11.6,B,Octubre,368.2,alto
5,128.7,9,9.9,D,Agosto,382.4,alto
1,,11,2.6,B,Noviembre,250.5,normal
2,264.8,3,8.7,C,Abril,335.4,alto
1,,5,4.7,D,Julio,253.9,normal
7,263.5,11,3.4,B,Noviembre,433.4,alto
7,38.0,13,6.3,C,Abril,340.8,alto
3,175.5,14,3.0,C,Julio,318.3,alto
7,,6,9.6,C,Noviembre,433.5,alto
1,223.0,12,7.2,D,Febrero,363.5,alto
7,156.3,11,2.2,C,Septiembre,343.1,alto
3,199.4,3,6.7,C,Noviembre,320.3,alto
1,204.0,10,9.0,C,Marzo,343.8,alto
2,,13,7.8,B,Marzo,347.0,alto
1,69.5,14,1.6,B,Mayo,4739.996376485275,normal
4,194.8,13,11.8,A,Marzo,476.8,alto
4,38.6,2,6.7,B,Marzo,295.0,normal
3,92.2,12,,C,Noviembre,232.0,normal
7,38.5,7,11.0,C,Febrero,373.6,alto
1,77.7,9,7.6,C,Agosto,249.7,normal
4,98.4,9,0.4,C,Marzo,209.6,normal
4,170.2,4,4.5,C,Mayo,283.4,normal
1,123.8,3,3.3,A,Enero,178.7,normal
4,117.1,11,0.7,C,Noviembre,230.4,normal
4,43.2,14,7.8,B,Febrero,330.6,alto
6,260.0,5,3.1,C,Agosto,321.3,alto
2,106.7,9,3.8,C,Julio,255.0,normal
2,151.0,4,6.9,D,Noviembre,265.7,normal
6,256.0,2,5.6,C,Octubre,338.1,alto
2,156.2,9,1.3,D,Diciembre,205.5,normal
7,100.3,5,6.8,b,Noviembre,342.0,alto
6,184.6,2,6.4,D,Diciembre,4822.486821390208,normal
1,296.2,3,5.3,C,Marzo,254.6,normal
7,233.5,11,10.6,D,Enero,506.9,alto
3,235.1,9,7.6,B,Abril,363.8,alto
1,244.7,4,5.3,C,Junio,239.3,normal
7,98.3,2,6.1,C,Julio,311.6,alto
7,254.2,6,4.1,A,Junio,422.6,alto
7,197.2,7,0.0,D,Diciembre,256.5,normal
5,255.3,3,,C,Febrero,428.2,alto
1,126.3,10,,C,Febrero,194.2,normal
1,,8,10.2,B,Agosto,384.1,alto
5,299.4,2,4.2,D,Agosto,360.9,alto
1,235.5,7,11.2,B,Noviembre,390.2,alto
1,,5,9.0,D,Enero,311.4,alto
4,179.6,2,,B,Octubre,335.9,alto
3,117.9,3,0.9,B,Octubre,185.9,normal
6,297.8,9,4.0,C,Diciembre,413.1,alto
3,63.7,6,9.3,D,Septiembre,284.9,normal
4,263.4,11,11.0,C,Diciembre,488.8,alto
5,222.2,10,11.3,C,Enero,473.1,alto
7,161.7,10,4.9,C,Enero,360.9,alto
3,137.7,13,9.9,D,Febrero,385.3,alto
5,256.8,10,3.5,D,Julio,307.6,alto
1,,3,2.2,D,Septiembre,169.4,normal
3,239.8,2,0.7,A,Junio,244.2,normal
6,138.3,12,0.4,D,Septiembre,265.8,normal
6,298.0,13,3.7,B,Diciembre,426.4,alto
6,204.7,6,5.5,D,Junio,347.5,alto
7,253.5,3,4.2,A,Noviembre,365.9,alto
5,173.4,11,8.0,A,Abril,400.2,alto
2,151.6,13,6.7,B,Julio,308.2,alto
7,230.0,6,3.4,B,Marzo,356.2,alto
3,96.4,12,7.5,C,Mayo,309.4,alto
7,278.9,14,3.3,C,Junio,437.3,alto
5,288.3,14,6.4,C,Septiembre,429.5,alto
6,159.7,11,10.7,C,Enero,436.1,alto
3,94.9,7,3.9,B,Noviembre,273.9,normal
4,236.2,12,9.9,D,Noviembre,436.2,alto
5,237.0,9,10.4,D,Junio,462.7,alto
2,95.1,5,10.3,A,Febrero,286.7,normal
4,141.8,5,9.6,C,Abril,312.2,alto
3,200.9,10,4.4,C,Noviembre,269.8,normal
2,225.3,8,10.0,B,Abril,382.8,alto
2,160.0,12,6.1,D,Diciembre,317.2,alto
1,66.6,5,4.3,C,Febrero,164.0,normal
1,256.5,6,2.7,B,Septiembre,245.8,normal
1,144.6,7,7.7,B,Septiembre,279.6,normal
2,190.3,2,2.1,C,Junio,168.5,normal
1,142.4,4,9.8,D,Junio,274.2,normal
1,188.5,4,10.0,D,Mayo,318.4,alto
2,109.1,9,8.1,D,Junio,309.8,alto
1,132.3,10,3.8,D,Junio,207.4,normal
5,160.7,9,1.4,C,Mayo,217.3,normal
1,224.6,4,7.1,D,Marzo,234.2,normal
7,238.9,2,,B,Marzo,388.0,alto
2,154.1,13,8.0,B,Marzo,393.1,alto
2,224.8,3,1.6,C,Enero,164.9,normal
4,140.2,9,,C,Marzo,233.6,normal
2,79.3,8,3.8,B,Noviembre,247.5,normal
3,205.5,3,2.5,D,Marzo,236.0,normal
4,201.0,6,8.7,D,Agosto,325.0,alto
4,88.3,10,9.3,B,Noviembre,359.0,alto
5,,12,4.3,B,Enero,386.7,alto
5,97.6,6,8.5,B,Enero,344.5,alto
1,222.8,13,10.2,D,Octubre,406.4,alto
6,34.9,5,7.9,D,Agosto,302.8,alto
7,281.1,10,3.5,C,Octubre,389.6,alto
5,272.0,12,7.4,b,Octubre,482.8,alto
5,198.9,7,,D,Febrero,265.3,normal
5,142.2,14,0.2,B,Septiembre,314.3,alto
3,,11,7.6,D,Enero,387.1,alto
7,200.0,8,1.8,D,Agosto,327.2,alto
2,145.8,11,8.3,A,Agosto,319.9,alto
5,55.4,7,10.5,B,Enero,401.5,alto
1,178.6,9,1.2,D,Enero,163.1,normal
7,90.1,3,2.5,C,Diciembre,280.5,normal
5,82.4,5,10.9,C,Marzo,340.6,alto
6,277.3,3,3.1,C,Diciembre,307.6,alto
5,219.4,4,11.3,A,Mayo,414.1,alto
2,143.4,10,11.4,A,Mayo,363.0,alto
5,207.0,9,0.5,D,Febrero,256.9,normal
4,83.5,7,12.0,B,Mayo,368.4,alto
7,150.3,3,7.2,C,Agosto,319.0,alto
6,200.4,9,11.6,C,Julio,489.9,alto
3,148.1,10,9.4,B,Octubre,376.2,alto
4,135.4,14,9.1,C,Febrero,398.7,alto
1,54.8,3,1.4,B,Agosto,134.2,normal
4,135.1,5,1.5,B,Agosto,209.4,normal
7,283.9,10,11.8,A,Julio,541.7,alto
6,,14,8.5,C,Marzo,463.0,alto
2,79.8,14,3.2,C,Marzo,272.9,normal
2,106.2,10,,C,Agosto,348.1,alto
2,285.6,14,6.6,A,Noviembre,384.3,alto
2,74.7,4,0.8,D,Junio,137.6,normal
6,69.5,12,,C,Enero,385.8,alto
2,250.4,14,10.8,C,Junio,436.1,alto
3,267.2,10,0.9,B,Mayo,3117.987743202059,normal
1,238.1,14,5.4,C,Agosto,367.3,alto
7,231.4,12,6.7,B,Septiembre,445.2,alto
5,37.6,13,1.9,C,Diciembre,284.7,normal
4,158.8,2,9.2,D,Septiembre,349.3,alto
1,,12,8.6,C,Agosto,333.3,alto
6,106.1,7,,C,Diciembre,285.5,normal
1,220.3,11,8.4,A,Septiembre,395.6,alto
1,48.3,4,7.1,C,Enero,232.9,normal
7,232.1,6,10.1,D,Agosto,427.1,alto
3,100.4,7,,B,Enero,289.2,normal
4,244.9,8,2.0,B,Diciembre,331.8,alto
3,298.0,11,11.8,B,Noviembre,475.0,alto
2,70.4,3,11.1,B,Diciembre,286.0,normal
5,247.3,3,4.0,D,Agosto,329.6,alto
6,51.8,12,4.3,D,Mayo,309.6,alto
3,194.4,3,6.2,B,Junio,278.1,normal
4,,5,11.5,A,Junio,4264.102252692595,alto
4,192.5,9,3.4,C,Diciembre,291.7,normal
3,153.1,14,8.0,C,Enero,413.2,alto
3,,14,2.9,C,Octubre,345.3,alto
5,116.8,4,6.3,A,Agosto,331.7,alto
4,135.2,3,10.7,C,Diciembre,382.8,alto
5,223.2,3,10.2,B,Junio,396.7,alto
6,,10,11.1,c,Julio,519.9,alto
6,51.7,4,11.0,C,Febrero,368.8,alto
4,61.8,8,3.1,B,Enero,251.4,normal
2,297.2,4,10.1,B,Agosto,373.4,alto
5,113.6,4,3.6,C,Abril,245.1,normal
5,183.0,9,5.4,D,Julio,358.3,alto
7,230.5,13,10.0,B,Febrero,494.9,alto
4,236.2,2,3.4,B,Julio,255.3,normal
1,81.0,5,,C,Julio,171.9,normal
3,172.7,6,6.6,B,Enero,304.7,alto
2,50.5,9,2.0,c,Octubre,186.3,normal
4,230.7,8,11.0,A,Junio,440.6,alto
3,145.7,8,5.8,c,Junio,293.7,normal
2,258.1,9,9.5,C,Octubre,398.3,alto
2,283.8,10,,D,Diciembre,269.8,normal
6,275.6,9,4.6,C,Febrero,396.3,alto
7,39.9,14,7.2,D,Noviembre,414.4,alto
7,232.2,2,0.5,C,Junio,298.6,normal
2,235.8,14,6.5,D,Enero,342.1,alto
4,35.5,10,8.2,C,Abril,3942.874019556948,alto
5,,3,2.5,C,Agosto,226.1,normal
7,,10,9.7,D,Junio,408.5,alto
1,87.1,5,4.0,C,Agosto,182.6,normal
3,233.5,13,3.7,A,Octubre,338.9,alto
1,275.5,13,5.4,B,Febrero,2843.743184468604,alto
2,126.1,4,8.0,C,Febrero,285.1,normal
7,258.6,5,2.3,B,Enero,358.6,alto
7,282.7,9,9.4,B,Noviembre,450.2,alto
4,111.2,5,6.8,B,Diciembre,290.8,normal
7,131.4,10,3.2,D,Diciembre,332.8,alto
5,242.7,10,7.1,B,Junio,433.9,alto
3,,12,8.9,C,Agosto,369.7,alto
1,208.4,2,10.8,C,Julio,331.0,alto
7,191.8,7,0.9,D,Abril,292.0,normal
5,250.0,9,7.6,D,Noviembre,382.7,alto
6,232.5,10,9.9,D,Diciembre,463.7,alto
2,64.2,8,8.4,C,Junio,258.7,normal
7,76.6,4,2.5,D,Agosto,265.4,normal
5,79.1,5,6.2,A,Agosto,284.9,normal
7,127.2,13,7.9,A,Julio,386.2,alto
2,,13,,D,Octubre,412.0,alto
2,190.7,4,7.6,D,Julio,249.5,normal
3,48.4,6,3.1,C,Septiembre,215.9,normal
4,133.1,13,8.4,A,Noviembre,404.4,alto
7,,6,11.4,B,Marzo,476.1,alto
1,174.0,3,5.4,D,Junio,212.2,normal
6,157.8,12,9.4,a,Febrero,475.3,alto
2,255.9,14,7.5,C,Diciembre,377.8,alto
3,58.1,13,10.2,B,Octubre,391.5,alto
4,60.1,12,4.7,B,Noviembre,310.4,alto
4,170.1,6,10.6,C,Julio,384.6,alto
5,138.4,3,1.5,C,Diciembre,214.8,normal
3,241.5,8,11.4,D,Diciembre,434.5,alto
6,,6,10.6,A,Junio,451.0,alto
6,267.3,3,4.8,D,Agosto,296.0,normal
6,127.8,2,5.3,B,Enero,302.1,alto
2,286.9,7,8.9,C,Febrero,364.4,alto
4,,9,3.8,D,Abril,229.8,normal
7,33.7,13,8.5,D,Julio,359.5,alto
3,111.0,6,11.7,D,Marzo,355.2,alto
7,277.9,14,10.3,D,Septiembre,564.8,alto
5,254.4,11,5.8,D,Febrero,388.2,alto
2,116.5,9,8.9,D,Abril,297.6,normal
4,216.2,7,6.0,B,Enero,341.3,alto
1,,5,4.3,B,Marzo,294.2,normal
2,46.8,3,10.4,C,Junio,244.7,normal
2,42.8,14,3.3,A,Diciembre,273.3,normal
3,116.7,7,9.9,B,Octubre,370.6,alto
5,285.9,6,6.3,C,Noviembre,398.6,alto
7,243.0,9,3.0,D,Diciembre,331.3,alto
2,156.8,13,9.2,C,Julio,338.3,alto
2,251.0,5,0.2,d,Mayo,204.4,normal
5,241.1,9,7.8,C,Abril,422.9,alto
2,84.2,7,3.0,C,Octubre,155.4,normal
3,227.4,9,0.7,C,Octubre,284.5,normal
5,202.6,13,7.9,D,Julio,421.8,alto
3,282.0,14,1.1,C,Octubre,315.4,alto
6,209.8,11,6.5,D,Diciembre,376.8,alto
4,214.0,8,,D,Junio,386.2,alto
1,197.2,14,4.6,D,Diciembre,321.9,alto
7,259.6,5,8.8,C,Septiembre,440.7,alto
6,72.0,6,4.1,B,Noviembre,285.2,normal
6,286.4,8,6.2,c,Noviembre,405.5,alto
2,47.0,7,6.0,C,Noviembre,200.6,normal
7,260.0,3,6.8,C,Agosto,345.4,alto
4,32.1,10,,D,Marzo,229.4,normal
7,189.3,7,1.3,D,Junio,274.9,normal
4,281.6,7,9.9,A,Julio,445.6,alto
1,233.7,14,11.8,D,Septiembre,445.1,alto
6,62.7,3,3.3,C,Diciembre,245.7,normal
4,152.7,12,8.0,C,Agosto,352.8,alto
7,294.2,12,8.9,D,Mayo,500.2,alto
6,260.5,14,,C,Julio,403.2,alto
1,,9,6.9,B,Septiembre,270.9,normal
1,232.1,6,7.6,A,Abril,311.6,alto
3,217.3,4,9.4,A,Julio,376.6,alto
5,42.0,14,7.9,A,Septiembre,376.5,alto
2,98.4,14,,C,Julio,279.0,normal
1,184.0,3,0.1,D,Noviembre,141.0,normal
3,159.4,2,10.8,B,Abril,304.8,alto
6,186.2,3,11.4,B,Febrero,463.4,alto
1,105.9,9,10.3,B,Junio,325.8,alto
2,283.5,9,0.2,D,Diciembre,242.4,normal
6,254.6,5,1.0,D,Diciembre,332.6,alto
1,76.4,11,7.6,C,Noviembre,268.4,normal
4,179.7,13,9.1,B,Febrero,407.0,alto
3,214.4,5,2.0,B,Febrero,253.7,normal
5,155.7,2,1.8,C,Diciembre,213.2,normal
3,129.1,14,6.3,C,Agosto,338.0,alto
6,278.7,5,6.6,C,Agosto,395.1,alto
2,53.9,8,10.9,C,Junio,346.7,alto
6,31.1,2,6.7,B,Octubre,268.1,normal
6,155.2,4,,B,Enero,239.5,normal
7,,14,11.0,B,Junio,439.4,alto
5,270.1,7,5.6,B,Junio,364.3,alto
4,79.4,8,5.4,C,Diciembre,257.7,normal
4,144.4,10,9.5,D,Septiembre,381.9,alto
3,154.6,4,6.3,D,Octubre,285.4,normal
7,183.1,9,2.4,D,Noviembre,334.7,alto
1,207.2,14,10.7,C,Mayo,425.1,alto
3,297.9,10,11.3,D,Diciembre,420.8,alto
3,76.5,3,10.1,b,Agosto,283.2,normal
4,83.0,6,8.6,C,Julio,307.7,alto
6,270.9,6,2.7,B,Febrero,328.5,alto
2,58.4,4,9.5,C,Julio,291.7,normal
1,72.1,7,0.1,B,Agosto,156.4,normal
6,64.6,2,2.0,C,Noviembre,223.5,normal
3,260.0,2,11.1,D,Marzo,350.9,alto
1,203.6,11,6.7,B,Diciembre,328.1,alto
5,269.6,4,3.6,C,Junio,320.3,alto
7,78.4,11,,D,Septiembre,430.7,alto
4,116.4,8,2.8,C,Diciembre,290.0,normal
6,228.2,4,4.8,D,Febrero,308.2,alto
2,148.1,5,,B,Junio,169.4,normal
4,150.9,5,0.6,C,Enero,192.4,normal
3,88.5,13,4.1,D,Noviembre,272.2,normal
7,227.3,10,0.3,C,Julio,334.5,alto
1,242.1,5,3.6,C,Diciembre,218.9,normal
7,,5,3.8,B,Agosto,341.4,alto
3,48.5,10,3.5,B,Septiembre,268.2,normal
5,177.3,4,,C,Agosto,250.1,normal
6,166.8,4,,A,Marzo,375.6,alto
3,88.4,8,9.5,C,Diciembre,367.0,alto
6,264.3,5,9.5,C,Marzo,412.1,alto
7,66.2,11,1.7,D,Febrero,298.0,normal
6,145.0,3,8.2,D,Febrero,319.2,alto
2,64.7,14,11.6,C,Junio,371.4,alto
3,193.6,14,,B,Diciembre,487.1,alto
4,228.3,13,6.9,C,Julio,394.5,alto
4,138.1,14,4.1,B,Noviembre,354.0,alto
5,74.5,8,4.1,D,Agosto,291.5,normal
5,181.6,3,3.3,D,Septiembre,256.9,normal
2,174.4,12,0.6,D,Agosto,237.7,normal
3,158.9,9,7.3,C,Marzo,338.1,alto
1,105.0,10,9.7,D,Enero,294.4,normal
7,250.1,2,,a,Septiembre,359.7,alto
5,208.9,7,3.6,D,Julio,314.0,alto
1,247.7,4,5.8,B,Junio,260.8,normal
2,213.7,10,5.0,D,Noviembre,277.6,normal
2,226.5,14,5.1,C,Junio,364.4,alto
5,48.9,12,9.1,A,Abril,394.7,alto
6,90.5,11,3.3,C,Marzo,282.4,normal
2,235.9,11,7.0,C,Enero,336.5,alto
7,,6,5.4,B,Marzo,428.6,alto
5,290.4,9,10.3,C,Abril,484.6,alto
1,208.8,5,8.9,A,Noviembre,332.9,alto
6,128.7,6,5.7,C,Marzo,330.1,alto
6,,4,3.9,D,Agosto,306.2,alto
1,160.0,11,7.3,C,Agosto,337.3,alto
2,258.8,9,8.5,C,Enero,418.7,alto
6,247.4,2,5.8,D,Junio,3748.81885704298,alto
6,175.6,12,1.6,C,Junio,315.6,alto
2,260.3,4,7.5,A,Mayo,333.5,alto
6,274.3,12,12.0,C,Enero,529.0,alto
2,71.0,14,3.0,C,Noviembre,278.3,normal
5,268.6,7,10.3,D,Septiembre,395.4,alto
7,218.5,14,8.3,C,Diciembre,4751.931949960452,alto
6,195.1,2,7.2,B,Febrero,338.5,alto
1,,6,6.9,C,Mayo,206.3,normal
2,230.7,2,0.5,D,Octubre,115.7,normal
6,148.5,7,1.4,A,Agosto,291.8,normal
7,135.0,14,2.7,C,Septiembre,318.7,alto
3,253.7,11,4.3,D,Abril,304.2,alto
3,64.3,8,10.2,D,Junio,329.9,alto
5,42.6,4,2.7,D,Diciembre,234.8,normal
1,201.2,2,3.0,C,Mayo,199.6,normal
7,146.0,11,5.8,B,Junio,413.1,alto
7,240.9,14,0.4,B,Marzo,360.2,alto
5,102.2,2,9.6,C,Febrero,318.0,alto
3,73.3,7,2.1,B,Noviembre,225.9,normal
4,291.0,2,8.8,A,Abril,368.3,alto
2,38.6,12,5.3,B,Noviembre,238.6,normal
5,219.1,12,5.0,C,Junio,400.7,alto
1,144.7,8,4.2,D,Agosto,225.2,normal
3,224.2,4,0.3,B,Marzo,210.9,normal
4,31.7,3,2.7,C,Abril,176.7,normal
6,56.5,5,10.2,C,Diciembre,351.2,alto
5,,11,8.6,D,Julio,448.8,alto
7,,11,2.6,B,Diciembre,325.7,alto
3,142.6,4,4.1,C,Abril,236.7,normal
1,255.7,8,6.0,C,Enero,328.2,alto
1,82.8,12,5.9,A,Diciembre,311.2,alto
1,34.5,13,11.3,A,Octubre,351.7,alto
3,116.2,4,6.9,C,Abril,281.6,normal
2,126.9,4,5.1,D,Julio,196.7,normal
4,100.0,6,9.0,C,Enero,352.5,alto
7,124.9,8,2.3,D,Noviembre,308.3,alto
2,232.8,14,2.7,C,Febrero,289.5,normal
6,160.6,13,5.0,B,Abril,420.7,alto
7,33.5,14,5.4,D,Abril,340.1,alto
5,240.7,5,3.5,C,Mayo,294.1,normal
3,221.5,9,4.8,C,Noviembre,329.4,alto
4,223.6,8,10.4,C,Junio,402.9,alto
2,,12,2.1,A,Febrero,295.9,normal
5,92.6,5,2.6,D,Marzo,246.8,normal
2,160.1,6,,C,Mayo,295.3,normal
5,111.6,8,6.6,C,Junio,305.6,alto
6,,11,0.1,D,Febrero,360.4,alto
4,99.7,13,9.4,D,Septiembre,415.6,alto
3,80.5,8,4.3,A,Junio,274.0,normal
1,52.2,2,9.1,C,Octubre,226.5,normal
6,78.6,4,1.7,B,Noviembre,228.2,normal
4,76.9,4,,D,Mayo,180.0,normal
5,138.6,2,7.0,A,Marzo,311.3,alto
6,139.4,9,8.9,C,Enero,397.4,alto
6,138.7,8,2.2,D,Septiembre,304.6,alto
7,190.6,13,3.2,C,Septiembre,389.0,alto
6,273.8,3,4.5,C,Julio,343.2,alto
1,60.2,11,,C,Junio,218.9,normal
1,191.4,5,9.5,D,Abril,270.1,normal
5,197.5,6,,D,Julio,248.3,normal
5,226.1,8,2.6,c,Agosto,330.6,alto
1,164.0,2,,C,Noviembre,177.2,normal
3,177.6,6,10.5,C,Febrero,350.8,alto
7,201.7,7,5.3,B,Abril,348.6,alto
2,231.3,10,4.1,B,Febrero,348.8,alto
6,74.5,6,3.9,C,Marzo,284.9,normal
2,37.7,3,11.6,C,Septiembre,279.6,normal
2,182.7,7,7.4,D,Julio,270.6,normal
6,265.3,12,8.7,C,Octubre,489.2,alto
3,124.2,4,3.7,C,Noviembre,236.0,normal
5,170.6,9,4.9,C,Junio,296.5,normal
1,221.5,9,11.9,D,Noviembre,379.2,alto
4,119.5,7,11.1,D,Julio,333.2,alto
6,61.6,11,,C,Febrero,372.6,alto
2,125.9,7,0.9,B,Septiembre,196.4,normal
7,186.1,6,2.1,C,Octubre,322.2,alto
2,221.6,2,,C,Noviembre,197.0,normal
4,223.3,12,11.7,C,Abril,455.5,alto
1,61.1,4,6.8,C,Marzo,218.1,normal
1,190.9,12,10.9,C,Diciembre,353.8,alto
1,234.1,13,9.7,C,Junio,380.3,alto
4,188.5,8,5.4,D,Julio,328.1,alto
2,276.6,7,4.3,B,Febrero,306.7,alto
5,31.1,8,6.0,B,Noviembre,291.5,normal
3,198.0,6,3.7,B,Mayo,312.2,alto
4,94.7,14,6.4,D,Abril,325.1,alto
3,86.5,2,0.3,B,Junio,176.5,normal
1,62.3,13,4.0,C,Junio,254.3,normal
2,279.2,3,,D,Enero,283.6,normal
1,269.8,14,9.5,B,Septiembre,455.6,alto
4,34.1,10,,C,Abril,326.2,alto
5,210.6,7,3.6,C,Julio,320.2,alto
6,102.0,14,6.7,C,Marzo,415.5,alto
2,88.2,8,,D,Noviembre,336.1,alto
3,272.8,11,,A,Enero,410.8,alto
2,,3,5.5,C,Diciembre,215.6,normal
3,221.6,6,10.4,B,Diciembre,383.3,alto
5,293.4,3,3.8,C,Junio,311.4,alto
6,195.1,14,5.2,C,Agosto,413.5,alto
5,74.1,10,4.7,C,Diciembre,288.2,normal
4,70.9,8,2.9,B,Mayo,278.8,normal
5,205.5,10,8.5,C,Septiembre,434.1,alto
1,280.6,5,2.9,C,Enero,264.7,normal
4,183.9,13,3.1,D,Agosto,325.2,alto
4,251.7,13,1.5,C,Septiembre,323.3,alto
7,,9,0.8,B,Julio,342.0,alto
6,57.8,9,0.6,B,Mayo,248.7,normal
6,145.3,2,1.5,D,Agosto,217.8,normal
7,,13,0.6,B,Abril,348.7,alto
1,58.1,13,3.3,A,Noviembre,211.1,normal
7,194.0,13,7.9,C,Octubre,429.7,alto
5,260.5,6,9.7,A,Agosto,438.8,alto
1,46.3,4,0.5,B,Febrero,104.6,normal
3,45.5,9,3.4,A,Mayo,205.1,normal
4,99.0,11,9.7,C,Diciembre,370.6,alto
4,70.5,12,8.9,C,Mayo,336.5,alto
3,57.8,3,11.4,A,Diciembre,310.0,alto
5,205.9,11,0.2,A,Agosto,307.0,alto
3,221.5,6,8.0,B,Enero,339.1,alto
5,41.6,9,2.0,C,Junio,253.6,normal
1,73.4,12,9.2,c,Junio,311.9,alto
4,140.7,6,7.2,D,Abril,286.7,normal
4,204.5,14,10.7,B,Septiembre,450.2,alto
6,192.3,10,9.0,C,Octubre,401.2,alto
4,,13,11.0,A,Enero,487.8,alto
2,38.3,12,6.4,C,Febrero,295.7,normal
4,58.9,2,7.3,B,Febrero,248.4,normal
6,,12,3.4,C,Diciembre,331.3,alto
1,165.0,4,8.0,B,Junio,294.9,normal
1,105.0,2,6.8,C,Diciembre,194.0,normal
3,206.2,14,1.7,B,Septiembre,322.6,alto
7,284.7,3,10.6,D,Mayo,427.7,alto
6,64.4,5,4.8,B,Febrero,290.2,normal
2,100.8,5,8.0,B,Octubre,287.4,normal
2,188.2,12,3.4,B,Marzo,311.5,alto
1,61.4,9,,D,Enero,162.5,normal
3,208.2,8,4.7,C,Julio,302.2,alto
1,124.4,3,10.4,C,Junio,228.2,normal
2,70.9,6,,C,Agosto,275.2,normal
2,64.0,14,2.3,D,Julio,210.6,normal
2,213.9,6,3.6,D,Julio,279.1,normal
5,102.6,7,5.2,d,Mayo,280.8,normal
6,,3,1.0,D,Enero,269.8,normal
6,291.9,10,2.4,D,Agosto,367.9,alto
3,133.6,7,9.4,C,Marzo,360.3,alto
3,183.2,7,10.0,D,Septiembre,388.3,alto
4,103.5,12,8.5,C,Marzo,357.2,alto
1,32.8,14,10.5,B,Noviembre,360.9,alto
1,259.6,11,1.3,A,Marzo,281.6,normal
4,297.0,4,8.8,C,Enero,4397.675326812053,alto
1,131.5,8,3.3,b,Mayo,195.5,normal
2,200.4,9,5.2,C,Mayo,277.4,normal
4,145.7,5,3.6,C,Diciembre,225.8,normal
7,,9,,B,Agosto,345.1,alto
2,97.8,11,6.7,C,Abril,324.7,alto
2,101.8,14,1.3,C,Julio,266.0,normal
5,33.1,12,8.8,B,Enero,367.8,alto
4,265.6,10,9.6,D,Mayo,440.1,alto
1,156.7,5,6.2,D,Enero,258.1,normal
7,105.6,9,7.0,A,Enero,407.6,alto
1,216.5,14,,D,Septiembre,263.2,normal
4,247.2,2,6.6,B,Octubre,318.5,alto
1,116.3,13,11.5,C,Enero,3679.035555643999,alto
1,214.9,8,9.9,D,Agosto,351.5,alto
2,195.9,6,11.4,B,Diciembre,395.7,alto
3,153.4,9,6.9,B,Diciembre,351.6,alto
3,112.4,2,6.5,C,Diciembre,252.5,normal
2,145.3,13,7.3,C,Mayo,323.2,alto
1,163.8,12,10.6,D,Octubre,377.7,alto
3,,12,4.7,A,Febrero,296.2,normal
4,229.3,14,2.7,D,Abril,359.7,alto
1,213.4,13,5.7,C,Julio,295.4,normal
2,175.4,2,0.5,C,Diciembre,121.6,normal
3,292.8,2,11.7,B,Febrero,442.6,alto
2,,10,4.9,B,Octubre,277.1,normal
1,200.4,6,10.6,B,Noviembre,343.5,alto
4,212.2,3,5.0,C,Septiembre,290.6,normal
2,174.8,8,2.4,C,Marzo,222.6,normal
3,134.8,10,9.4,D,Marzo,384.3,alto
3,138.0,3,,B,Agosto,274.1,normal
6,129.4,8,6.1,B,Octubre,333.4,alto
3,63.8,14,0.6,C,Abril,245.7,normal
1,40.6,2,11.7,B,Febrero,267.4,normal
7,,7,3.4,B,Enero,290.4,normal
5,157.7,10,2.6,B,Mayo,319.1,alto
1,236.0,11,7.9,C,Febrero,344.5,alto
6,298.3,5,5.9,B,Julio,400.6,alto
5,,10,9.4,B,Octubre,477.5,alto
1,151.4,4,3.9,C,Diciembre,198.7,normal
4,122.8,13,,C,Abril,380.7,alto
5,198.8,8,11.5,C,Febrero,423.4,alto
1,125.1,13,7.3,C,Noviembre,328.6,alto
4,33.8,9,11.0,C,Julio,358.9,alto
2,156.1,2,11.5,B,Febrero,320.4,alto
2,173.6,2,11.9,B,Junio,288.3,normal
4,37.9,7,7.7,C,Noviembre,265.5,normal
4,269.4,2,11.3,B,Septiembre,393.7,alto
7,58.5,8,1.4,C,Junio,265.5,normal
3,130.9,11,0.2,D,Septiembre,215.3,normal
3,292.2,4,11.5,A,Marzo,391.1,alto
1,83.2,13,7.6,B,Febrero,334.3,alto
1,58.7,13,10.6,D,Junio,316.3,alto
7,190.1,11,10.0,C,Marzo,483.4,alto
6,93.1,9,,B,Noviembre,305.7,alto
2,279.7,4,0.9,D,Noviembre,194.5,normal
1,237.9,7,,C,Abril,338.5,alto
4,185.4,11,7.2,C,Marzo,390.3,alto
1,122.6,14,0.8,D,Septiembre,227.0,normal
3,164.7,11,3.4,A,Enero,309.6,alto
6,106.4,10,9.1,D,Mayo,397.5,alto
1,225.5,4,1.5,D,Marzo,192.9,normal
7,38.9,11,2.5,C,Julio,273.7,normal
3,204.6,10,6.1,B,Marzo,315.2,alto
1,233.3,11,8.7,A,Abril,387.3,alto
6,190.5,10,9.7,B,Febrero,457.8,alto
5,33.7,3,11.2,C,Octubre,308.9,alto
1,164.0,8,3.3,C,Diciembre,209.7,normal
6,131.9,11,10.4,B,Octubre,447.6,alto
2,127.2,14,0.6,C,Noviembre,188.9,normal
7,260.4,13,10.9,C,Octubre,526.4,alto
7,66.5,7,6.2,D,Marzo,366.9,alto
7,200.4,7,,B,Diciembre,318.0,alto
7,162.1,7,0.9,C,Junio,294.2,normal
1,98.9,13,7.9,B,Marzo,340.0,alto
3,281.2,8,7.2,D,Junio,341.1,alto
3,242.4,12,6.0,D,Junio,359.4,alto
1,84.7,8,7.3,B,Marzo,305.6,alto
4,274.7,9,5.2,D,Diciembre,362.9,alto
6,294.6,6,9.6,C,Agosto,464.8,alto
2,249.5,6,7.9,A,Mayo,375.9,alto
1,165.7,5,3.3,D,Septiembre,181.0,normal
6,135.2,12,1.1,B,Diciembre,312.3,alto
1,290.9,7,11.1,D,Noviembre,371.0,alto
6,236.3,11,8.3,C,Septiembre,470.6,alto
5,181.3,7,7.7,D,Mayo,354.1,alto
3,41.8,7,3.4,C,Abril,182.4,normal
4,195.1,9,4.2,C,Julio,318.6,alto
7,97.1,12,0.3,B,Agosto,273.4,normal
2,47.0,2,,C,Abril,184.9,normal
7,101.3,3,1.8,C,Febrero,237.7,normal
1,132.7,10,,D,Noviembre,196.4,normal
2,246.1,13,4.7,D,Julio,351.5,alto
2,192.8,11,5.8,B,Junio,296.9,normal
5,75.7,11,,A,Febrero,318.8,alto
3,164.2,9,1.5,d,Abril,269.4,normal
3,238.3,12,9.7,C,Enero,428.5,alto
5,96.3,9,7.5,D,Marzo,309.4,alto
5,254.4,5,,D,Junio,417.6,alto
3,141.0,8,7.7,A,Mayo,298.0,normal
3,209.4,5,0.3,B,Diciembre,211.0,normal
6,206.3,10,6.2,C,Abril,431.1,alto
4,91.1,11,11.8,C,Junio,396.4,alto
6,223.8,8,1.3,C,Enero,271.9,normal
7,289.8,11,10.7,D,Junio,494.6,alto
7,152.1,13,,B,Mayo,495.6,alto
1,258.0,9,4.6,B,Abril,298.0,normal
4,211.0,4,10.1,A,Noviembre,409.8,alto
2,192.9,2,4.5,D,Agosto,226.6,normal
7,215.1,4,4.8,C,Febrero,355.8,alto
3,,13,0.4,C,Agosto,269.1,normal
6,261.7,2,3.9,C,Marzo,336.4,alto
6,177.9,11,9.0,A,Enero,459.6,alto
7,214.0,13,,C,Marzo,357.2,alto
1,,6,11.3,C,Enero,308.5,alto
3,43.7,6,11.8,B,Noviembre,338.3,alto
5,87.6,12,5.2,C,Octubre,354.5,alto
7,43.8,9,4.6,C,Agosto,283.8,normal
7,238.6,2,,D,Marzo,357.4,alto
6,198.6,13,6.8,D,Noviembre,375.9,alto
4,231.1,12,4.0,C,Diciembre,349.6,alto
2,208.9,12,10.7,A,Septiembre,459.4,alto
2,267.8,3,6.6,C,Octubre,310.8,alto
2,123.4,5,3.2,D,Diciembre,196.5,normal
2,,14,,B,Septiembre,360.3,alto
3,150.6,2,10.6,C,Diciembre,325.0,alto
3,299.7,11,10.8,c,Agosto,430.0,alto
2,44.1,12,,C,Febrero,357.4,alto
6,144.4,13,3.0,C,Marzo,332.0,alto
1,267.7,3,2.0,A,Junio,245.0,normal
7,99.5,5,,D,Agosto,352.2,alto
5,251.8,6,7.7,D,Abril,404.5,alto
2,203.9,12,,B,Julio,345.3,alto
6,69.1,8,2.6,D,Diciembre,244.6,normal
1,43.6,6,6.1,D,Septiembre,195.5,normal
7,87.2,6,1.3,D,Enero,243.2,normal
7,67.6,6,0.2,C,Febrero,3077.6391596354715,normal
7,113.0,12,3.0,D,Febrero,318.7,alto
2,252.0,8,4.2,D,Septiembre,290.0,normal
5,61.9,11,0.6,C,Enero,255.4,normal
5,234.7,3,2.2,D,Junio,243.0,normal
6,197.2,3,9.5,D,Agosto,390.9,alto
6,,12,1.0,B,Enero,276.4,normal
4,289.8,12,5.0,D,Noviembre,372.8,alto
3,123.1,3,10.4,C,Diciembre,295.7,normal
5,296.0,14,11.5,C,Septiembre,509.6,alto
3,41.9,12,,B,Septiembre,301.0,alto
2,,9,11.1,B,Junio,373.3,alto
3,130.4,5,8.9,B,Mayo,305.2,alto
5,155.0,11,2.1,A,Diciembre,337.2,alto
3,259.6,13,4.0,C,Febrero,382.9,alto
5,244.5,11,1.2,A,Febrero,349.4,alto
5,231.5,3,6.9,D,Junio,353.2,alto
3,68.7,14,6.3,C,Febrero,307.8,alto
2,271.4,14,4.5,c,Diciembre,350.5,alto
2,,12,7.8,C,Abril,373.6,alto
3,39.1,14,,B,Diciembre,265.5,normal
2,231.5,13,3.1,D,Diciembre,269.7,normal
3,237.7,14,10.3,C,Febrero,439.8,alto
6,208.9,7,2.4,B,Agosto,302.9,alto
5,51.8,3,9.1,C,Septiembre,300.7,alto
2,72.9,10,2.5,B,Abril,235.6,normal
7,169.2,12,10.1,D,Agosto,466.2,alto
1,256.3,8,9.3,C,Mayo,358.9,alto
1,278.4,3,0.1,C,Mayo,198.7,normal
2,42.6,8,,D,Junio,226.7,normal
7,,7,7.4,C,Marzo,366.5,alto
7,276.2,10,6.7,D,Enero,475.3,alto
2,269.9,14,1.4,A,Mayo,332.8,alto
1,,13,,B,Marzo,438.9,alto
5,75.5,9,4.5,D,Abril,264.3,normal
5,46.6,2,7.1,C,Febrero,256.8,normal
4,195.1,9,4.2,C,Julio,318.6,alto
4,292.4,5,10.8,A,Mayo,437.9,alto
6,132.1,9,10.0,C,Mayo,398.0,alto
3,,5,2.4,D,Julio,191.9,normal
2,,6,,C,Septiembre,129.3,normal
3,261.8,4,0.4,B,Febrero,217.5,normal
2,,7,,A,Mayo,399.1,alto
5,92.8,11,0.8,B,Enero,275.1,normal
1,58.1,9,,C,Marzo,195.8,normal
3,104.7,9,11.1,B,Mayo,364.3,alto
7,200.9,4,5.6,C,Noviembre,351.2,alto
7,175.4,2,11.9,D,Mayo,410.1,alto
4,,13,0.2,D,Mayo,252.3,normal
1,141.8,8,7.1,b,Enero,304.1,alto
2,,14,1.9,B,Febrero,257.2,normal
5,268.4,4,3.1,C,Marzo,309.9,alto
7,104.7,6,10.3,C,Febrero,399.2,alto
2,161.8,12,,C,Septiembre,241.4,normal
7,170.8,7,8.6,D,Julio,410.8,alto
4,235.7,11,0.1,C,Julio,282.8,normal
5,111.6,9,7.6,C,Enero,347.2,alto
7,152.6,14,1.0,B,Abril,339.3,alto
6,216.5,8,,c,Octubre,384.9,alto
2,182.8,4,11.6,B,Octubre,341.8,alto
4,,12,3.1,C,Mayo,291.7,normal
1,152.3,6,0.5,B,Julio,167.7,normal
1,229.4,12,10.5,B,Agosto,403.5,alto
7,220.2,3,7.7,D,Septiembre,375.7,alto
7,188.1,6,10.9,C,Enero,429.7,alto
1,113.2,2,7.3,D,Agosto,227.6,normal
2,226.4,14,8.1,C,Noviembre,385.1,alto
5,100.0,4,2.6,C,Noviembre,236.7,normal
7,65.3,12,1.5,B,Febrero,326.2,alto
1,54.6,14,0.1,C,Febrero,179.4,normal
3,160.3,2,,A,Mayo,316.4,alto
4,223.1,7,10.6,D,Abril,384.1,alto
3,57.2,6,4.3,D,Agosto,223.4,normal
2,60.1,13,,C,Julio,353.2,alto
4,226.6,10,4.5,D,Octubre,344.2,alto
4,193.8,11,5.0,C,Diciembre,327.8,alto
7,291.8,5,6.5,C,Noviembre,393.1,alto
6,33.7,13,0.8,D,Junio,306.3,alto
5,162.0,4,3.3,B,Noviembre,259.6,normal
5,54.1,4,4.9,C,Enero,244.1,normal
3,,13,5.6,B,Junio,401.2,alto
2,213.1,10,4.3,C,Febrero,302.4,alto
4,92.5,13,10.9,C,Julio,437.3,alto
2,170.2,8,11.8,C,Julio,391.5,alto
1,96.0,6,5.5,C,Noviembre,234.9,normal
2,297.3,5,2.9,D,Noviembre,278.3,normal
7,290.3,6,2.0,C,Julio,361.6,alto
4,34.2,11,6.0,C,Abril,277.8,normal
6,,6,2.4,A,Septiembre,309.5,alto
5,56.5,14,6.0,D,Diciembre,331.5,alto
3,,7,12.0,d,Agosto,341.7,alto
1,174.1,7,9.6,C,Enero,298.1,normal
5,221.2,3,9.1,D,Agosto,332.6,alto
5,115.0,3,1.6,A,Diciembre,217.2,normal
3,163.1,13,7.4,B,Diciembre,373.6,alto
5,,4,,D,Diciembre,273.7,normal
1,137.5,4,7.2,A,Octubre,236.4,normal
5,126.9,8,6.2,B,Diciembre,310.2,alto
6,163.2,3,,C,Junio,363.3,alto
1,65.5,7,1.5,D,Junio,142.6,normal
7,65.0,12,1.1,C,Enero,282.8,normal
6,237.0,14,3.0,C,Diciembre,376.9,alto
3,212.8,12,5.9,A,Diciembre,373.4,alto
1,102.5,3,3.5,B,Julio,147.9,normal
3,258.0,10,7.6,D,Noviembre,354.8,alto
5,255.1,8,10.1,D,Diciembre,444.8,alto
7,192.5,7,7.9,B,Noviembre,405.6,alto
7,90.7,8,11.3,C,Mayo,395.0,alto
6,189.6,8,1.5,D,Enero,278.2,normal
2,79.5,7,11.8,B,Diciembre,311.8,alto
3,96.3,10,4.7,A,Febrero,299.6,normal
4,146.9,4,8.8,A,Marzo,349.7,alto
2,295.2,3,7.9,B,Junio,343.3,alto
4,,11,,D,Abril,303.7,alto
7,123.1,12,3.1,C,Junio,370.5,alto
3,274.8,3,8.0,B,Marzo,348.9,alto
6,119.9,11,11.6,D,Diciembre,459.6,alto
7,269.3,12,5.9,A,Febrero,463.8,alto
7,185.7,5,11.0,A,Enero,447.4,alto
6,39.9,7,1.7,C,Septiembre,234.8,normal
4,30.7,12,4.0,B,Noviembre,288.5,normal
7,41.4,5,11.6,B,Diciembre,403.9,alto
2,247.5,8,7.9,D,Junio,330.3,alto
1,57.1,5,7.9,C,Febrero,229.4,normal
1,242.0,11,10.9,B,Agosto,415.1,alto
2,65.9,6,4.7,C,Mayo,193.5,normal
3,128.0,7,9.0,D,Abril,303.2,alto
4,113.7,14,8.2,c,Mayo,392.1,alto
4,279.2,13,11.1,A,Julio,505.6,alto
2,290.2,4,0.7,C,Marzo,198.7,normal
7,262.0,12,5.1,C,Febrero,449.4,alto
2,151.3,10,11.9,C,Febrero,378.6,alto
2,156.3,11,0.2,C,Agosto,237.8,normal
3,223.1,8,2.4,C,Mayo,279.4,normal
2,275.4,3,2.1,C,Marzo,278.2,normal
5,108.2,10,,D,Octubre,344.8,alto
3,180.3,10,11.3,D,Noviembre,430.7,alto
1,44.4,9,9.4,D,Octubre,320.3,alto
1,111.7,8,9.6,C,Enero,271.4,normal
1,213.0,13,2.9,C,Junio,266.4,normal
1,89.8,5,,B,Agosto,162.4,normal
7,132.0,3,5.3,B,Febrero,310.6,alto
6,101.2,6,0.9,B,Marzo,229.9,normal
5,84.3,11,8.1,C,Junio,383.6,alto
4,237.8,11,2.9,B,Marzo,300.6,alto
2,155.5,8,0.2,A,Mayo,194.7,normal
1,84.8,10,6.7,D,Mayo,277.8,normal
5,115.4,11,3.3,D,Febrero,4285.435956634088,alto
5,208.3,13,7.2,A,Mayo,435.8,alto
2,160.5,13,6.1,C,Diciembre,356.4,alto
6,135.9,10,0.0,B,Diciembre,261.2,normal
3,152.3,10,,C,Mayo,195.8,normal
5,295.7,5,7.2,C,Julio,378.2,alto
7,36.0,5,5.3,A,Octubre,313.0,alto
2,275.8,12,2.5,C,Agosto,333.8,alto
4,64.3,9,10.2,B,Febrero,371.9,alto
4,49.2,7,2.7,B,Junio,200.3,normal
2,74.4,7,,B,Junio,318.3,alto
4,127.5,13,7.0,B,Marzo,386.7,alto
6,188.9,6,4.3,C,Septiembre,340.6,alto
2,78.1,4,7.2,D,Marzo,235.4,normal
7,101.3,7,4.5,B,Enero,350.3,alto
2,246.4,14,3.8,C,Octubre,338.3,alto
6,54.4,3,5.9,D,Septiembre,323.4,alto
2,98.1,9,11.4,B,Agosto,376.6,alto
7,42.8,12,1.9,B,Septiembre,290.2,normal
4,244.2,11,6.2,D,Abril,363.2,alto
7,179.1,8,11.9,C,Enero,473.7,alto
4,205.4,9,3.1,B,Junio,317.2,alto
2,188.1,4,10.0,C,Octubre,285.0,normal
1,150.0,2,1.5,C,Mayo,178.8,normal
7,67.5,11,5.9,D,Marzo,330.7,alto
3,64.6,4,0.5,D,Noviembre,122.9,normal
1,182.7,9,5.2,C,Agosto,259.7,normal
1,183.5,5,7.3,B,Febrero,292.1,normal
5,82.6,9,3.0,C,Mayo,260.3,normal
7,294.8,5,,D,Abril,461.5,alto
4,228.6,9,7.4,B,Diciembre,381.6,alto
3,189.7,14,11.2,A,Febrero,450.8,alto
2,206.5,7,1.9,A,Noviembre,253.4,normal
7,181.8,8,,C,Agosto,336.7,alto
5,234.1,2,10.5,D,Agosto,359.9,alto
5,69.7,6,5.0,D,Abril,256.0,normal
6,,14,6.5,D,Junio,376.9,alto
5,214.6,14,1.1,B,Noviembre,350.4,alto
7,36.5,2,7.8,B,Marzo,310.3,alto
2,60.9,6,11.5,A,Noviembre,298.5,normal
1,37.3,2,1.4,D,Octubre,124.4,normal
3,197.0,6,9.7,D,Julio,322.8,alto
5,129.5,7,2.3,A,Septiembre,243.1,normal
4,272.4,7,4.6,A,Julio,370.4,alto
1,254.0,3,,C,Julio,311.0,alto
7,285.2,9,8.9,C,Abril,430.7,alto
5,259.4,6,11.2,a,Febrero,468.4,alto
6,290.8,3,1.4,A,Julio,340.1,alto
2,51.5,3,8.2,B,Noviembre,239.2,normal
7,261.6,11,9.6,A,Octubre,546.1,alto
6,291.2,5,0.7,C,Febrero,297.2,normal
4,88.4,2,10.5,C,Febrero,279.2,normal
7,113.9,12,2.9,D,Octubre,354.7,alto
7,254.0,3,1.9,D,Mayo,278.5,normal
5,174.8,6,3.5,B,Agosto,266.1,normal
7,31.4,13,5.3,B,Mayo,344.1,alto
4,144.8,13,6.6,B,Mayo,364.2,alto
5,202.1,8,5.6,C,Noviembre,346.7,alto
3,298.0,9,11.5,C,Marzo,470.7,alto
5,156.6,9,1.0,A,Octubre,276.4,normal
5,238.6,9,11.8,C,Junio,506.7,alto
4,128.7,4,,B,Junio,3450.6739002564495,alto
2,203.8,14,,C,Julio,286.9,normal
7,82.4,13,8.1,C,Agosto,415.1,alto
6,77.3,6,5.4,C,Abril,302.4,alto
5,57.8,8,4.0,A,Septiembre,321.3,alto
5,234.7,12,10.2,B,Noviembre,457.2,alto
7,83.7,2,10.6,D,Septiembre,371.9,alto
5,84.6,2,8.5,c,Abril,4704.20750480968,alto
3,207.6,9,9.3,C,Febrero,404.5,alto
7,166.2,6,6.2,B,Septiembre,399.1,alto
7,249.1,10,4.1,A,Mayo,383.2,alto
5,134.8,3,7.6,C,Febrero,310.2,alto
7,55.2,8,7.7,D,Febrero,365.0,alto
5,246.2,6,6.7,B,Febrero,341.4,alto
7,36.9,11,0.2,C,Febrero,277.4,normal
7,121.3,7,2.5,D,Diciembre,291.7,normal
1,46.4,8,9.0,D,Septiembre,251.2,normal
5,257.3,3,10.9,C,Enero,400.0,alto
1,293.2,2,,C,Septiembre,325.2,alto
1,91.5,2,3.2,A,Octubre,175.1,normal
4,261.1,11,6.1,C,Septiembre,373.6,alto
1,200.6,12,9.7,C,Noviembre,404.4,alto
5,155.0,10,4.7,C,Agosto,326.9,alto
3,218.6,12,9.3,B,Octubre,441.6,alto
3,246.1,7,0.4,D,Noviembre,226.8,normal
5,261.3,7,,C,Agosto,364.1,alto
4,292.5,8,10.6,B,Febrero,439.5,alto
7,96.8,2,8.5,A,Enero,361.8,alto
7,166.5,9,10.8,D,Mayo,462.7,alto
5,175.3,12,10.9,B,Agosto,442.6,alto
3,290.4,11,4.2,D,Marzo,344.5,alto
3,223.6,13,2.1,B,Octubre,284.6,normal
7,53.4,5,10.9,B,Mayo,405.0,alto
5,180.6,13,11.2,B,Octubre,456.9,alto
7,,9,3.6,B,Octubre,367.2,alto
7,62.5,9,6.1,A,Noviembre,352.3,alto
6,177.1,3,3.3,B,Febrero,274.1,normal
6,269.1,12,4.7,C,Septiembre,418.3,alto
4,179.9,7,1.8,B,Enero,234.2,normal
6,55.0,6,8.3,B,Enero,337.7,alto
7,114.3,6,2.0,D,Mayo,259.9,normal
3,249.8,4,10.1,A,Octubre,398.5,alto
7,203.0,13,4.2,b,Marzo,386.3,alto
1,214.0,11,0.8,D,Abril,211.6,normal
1,210.1,14,2.0,C,Abril,266.4,normal
6,143.6,2,0.8,C,Octubre,244.6,normal
6,68.3,6,7.9,C,Noviembre,339.4,alto
4,54.3,10,4.7,C,Febrero,249.5,normal
1,137.2,13,,B,Noviembre,341.1,alto
5,152.8,9,4.7,B,Junio,325.7,alto
6,60.1,5,5.0,C,Abril,279.6,normal
2,299.4,12,6.2,D,Abril,345.0,alto
6,186.4,4,5.9,D,Febrero,341.6,alto
7,35.6,11,2.3,D,Septiembre,286.3,normal
3,230.9,11,0.7,C,Diciembre,253.6,normal
7,39.3,4,5.5,C,Enero,304.6,alto
5,172.7,6,3.0,C,Marzo,296.9,normal
4,222.4,4,5.8,C,Diciembre,313.7,alto
7,50.9,4,11.1,D,Marzo,373.3,alto
3,188.8,14,2.1,A,Julio,327.1,alto
3,,9,,C,Agosto,331.5,alto
7,228.8,3,8.4,D,Abril,363.1,alto
5,201.7,7,3.8,D,Febrero,279.8,normal
5,89.4,9,8.0,C,Marzo,291.3,normal
5,161.1,12,10.3,C,Marzo,437.8,alto
1,68.3,2,10.4,D,Abril,239.5,normal
3,73.3,11,3.4,C,Diciembre,281.2,normal
2,234.6,12,11.5,D,Abril,399.1,alto
6,227.9,11,4.0,D,Marzo,389.0,alto
3,213.9,14,5.4,C,Noviembre,369.3,alto
3,106.6,3,8.8,D,Mayo,287.7,normal
6,80.2,11,,D,Septiembre,250.7,normal
4,243.6,6,8.6,B,Febrero,366.1,alto
6,254.2,14,3.5,C,Noviembre,377.5,alto
4,288.7,8,0.7,B,Octubre,312.7,alto
7,196.6,3,3.8,C,Noviembre,325.6,alto
1,37.9,14,9.9,C,Agosto,321.7,alto
7,,3,6.6,C,Octubre,345.2,alto
2,99.9,14,6.8,C,Noviembre,315.2,alto
3,,6,1.3,C,Septiembre,229.3,normal
6,267.0,2,2.6,B,Noviembre,304.6,alto
1,274.8,2,8.2,B,Enero,287.7,normal
5,,14,,D,Enero,288.9,normal
7,101.9,9,9.5,D,Noviembre,372.9,alto
3,210.9,12,11.4,C,Septiembre,461.6,alto
4,126.0,2,,D,Noviembre,257.2,normal
6,107.4,2,5.5,b,Enero,282.4,normal
7,174.4,9,6.3,C,Agosto,369.8,alto
7,197.4,11,2.9,B,Mayo,353.4,alto
5,206.7,13,,C,Febrero,409.1,alto
2,197.5,8,10.5,B,Septiembre,375.2,alto
5,184.2,5,2.3,D,Enero,272.2,normal
1,157.9,9,7.4,C,Noviembre,269.4,normal
7,277.6,8,6.8,A,Noviembre,448.6,alto
4,106.3,12,4.1,C,Septiembre,318.1,alto
4,237.5,12,9.0,D,Septiembre,429.0,alto
6,228.0,4,3.7,C,Agosto,305.3,alto
7,222.0,12,1.5,D,Agosto,360.2,alto
6,110.5,6,9.6,C,Julio,375.1,alto
2,245.2,6,11.5,C,Mayo,372.8,alto
5,185.6,9,,A,Diciembre,418.3,alto
2,89.5,13,5.9,D,Junio,285.5,normal
2,,5,8.5,B,Abril,266.1,normal
7,65.2,12,8.2,C,Julio,401.4,alto
4,226.0,5,2.7,D,Julio,285.5,normal
5,250.9,12,4.0,C,Agosto,348.6,alto
3,185.8,14,10.0,C,Febrero,450.1,alto
5,262.3,13,3.0,A,Septiembre,397.6,alto
5,34.1,2,6.8,D,Agosto,278.3,normal
7,283.2,2,4.4,A,Febrero,357.7,alto
4,31.5,4,9.3,C,Agosto,294.0,normal
2,37.9,9,7.9,C,Enero,271.2,normal
7,227.0,8,10.6,C,Marzo,455.5,alto
3,60.2,2,5.7,B,Junio,3229.741352438291,normal
1,291.6,3,3.0,C,Julio,212.8,normal
7,78.9,12,1.7,B,Enero,315.1,alto
1,84.3,9,8.0,C,Mayo,261.8,normal
4,287.5,10,1.6,C,Mayo,330.9,alto
5,54.8,9,3.4,B,Noviembre,282.4,normal
4,194.0,4,,B,Abril,384.4,alto
4,152.9,8,1.0,c,Abril,268.7,normal
4,285.5,6,7.7,A,Enero,410.5,alto
2,227.9,4,4.9,C,Octubre,243.0,normal
4,109.2,7,0.7,C,Febrero,4782.73589497089,normal
7,95.1,4,8.5,A,Marzo,371.8,alto
1,193.4,8,,B,Octubre,378.6,alto
6,206.3,9,7.5,C,Diciembre,437.3,alto
3,240.2,5,9.1,D,Octubre,373.7,alto
6,37.8,4,10.0,B,Noviembre,315.6,alto
7,201.7,3,11.4,C,Agosto,441.3,alto
2,299.6,14,0.6,A,Julio,331.0,alto
1,,5,10.5,C,Octubre,276.4,normal
2,264.5,2,8.1,C,Agosto,294.7,normal
2,282.5,9,0.3,B,Diciembre,285.2,normal
5,178.4,14,2.2,D,Mayo,329.3,alto
2,261.7,10,1.2,A,Noviembre,282.2,normal
4,63.6,11,8.2,B,Julio,376.2,alto
1,146.2,7,,B,Octubre,252.0,normal
2,299.1,6,9.4,C,Junio,378.4,alto
1,144.0,8,3.1,D,Noviembre,200.6,normal
2,247.9,7,11.2,D,Agosto,378.7,alto
3,133.5,11,10.5,A,Septiembre,355.1,alto
6,140.6,2,10.1,C,Agosto,356.5,alto
7,259.4,12,9.2,C,Agosto,477.2,alto
1,,11,,D,Octubre,387.9,alto
1,285.9,12,6.1,A,Junio,360.4,alto
2,254.3,7,10.4,C,Abril,358.6,alto
1,72.6,3,3.7,B,Junio,154.5,normal
3,80.9,13,5.9,D,Junio,301.8,alto
1,299.5,12,10.6,C,Abril,425.4,alto
4,115.7,14,,B,Septiembre,317.2,alto
4,255.6,2,0.2,C,Agosto,243.8,normal
2,284.2,4,9.9,A,Enero,348.9,alto
4,,3,3.2,A,Junio,212.6,normal
7,122.8,4,10.6,C,Abril,380.6,alto
4,211.6,14,,B,Junio,460.1,alto
6,107.5,12,,C,Enero,452.9,alto
5,35.3,5,2.5,D,Mayo,191.8,normal
6,171.7,9,7.6,C,Mayo,450.9,alto
2,129.3,6,0.0,C,Octubre,3208.338527987793,normal
6,77.6,5,3.3,D,Noviembre,236.7,normal
1,,4,,A,Noviembre,283.5,normal
7,47.8,2,9.1,D,Enero,299.2,normal
1,128.1,10,10.7,D,Mayo,311.1,alto
6,247.8,10,5.7,B,Mayo,418.3,alto
4,36.9,3,11.2,C,Junio,315.7,alto
2,294.7,8,8.3,C,Julio,343.1,alto
4,216.4,8,7.3,A,Septiembre,378.7,alto
2,129.2,3,10.8,D,Julio,326.4,alto
5,116.5,8,0.8,C,Septiembre,217.4,normal
2,230.9,4,10.7,C,Mayo,309.8,alto
3,166.3,12,,D,Diciembre,408.9,alto
1,,2,1.1,B,Octubre,151.3,normal
6,127.2,8,9.3,B,Enero,386.5,alto
4,,10,1.3,C,Septiembre,280.5,normal
5,255.0,2,11.6,D,Agosto,423.8,alto
3,36.3,8,1.0,D,Abril,166.8,normal
7,79.3,14,2.0,B,Febrero,369.2,alto
6,162.3,2,1.5,A,Diciembre,280.6,normal
4,213.8,3,,B,Febrero,277.6,normal
1,164.5,11,10.7,C,Marzo,343.7,alto
7,236.0,10,6.0,C,Enero,397.9,alto
1,85.7,7,,B,Abril,188.2,normal
7,119.3,12,8.4,B,Enero,409.9,alto
1,268.4,10,8.2,C,Octubre,363.3,alto
5,219.7,8,9.3,B,Enero,423.4,alto
7,269.0,5,4.1,C,Marzo,345.5,alto
6,244.6,4,6.5,C,Mayo,359.0,alto
1,244.7,4,5.3,C,Junio,239.3,normal
1,110.1,5,7.2,C,Octubre,264.2,normal
2,145.5,5,1.1,C,Octubre,195.4,normal
7,291.4,12,,D,Mayo,469.1,alto
4,84.4,6,5.8,D,Marzo,248.3,normal
1,76.5,12,1.1,C,Mayo,219.3,normal
2,,5,9.8,D,Julio,324.0,alto
7,,10,4.2,b,Mayo,378.9,alto
7,,9,6.6,D,Agosto,355.2,alto
1,39.4,2,,C,Abril,272.9,normal
7,108.9,9,1.6,C,Noviembre,302.2,alto
5,108.7,14,3.6,A,Mayo,340.1,alto
1,86.4,12,,A,Diciembre,235.8,normal
1,188.2,13,10.6,C,Septiembre,390.2,alto
6,117.6,4,0.2,C,Agosto,187.4,normal
2,250.2,3,0.5,C,Mayo,208.5,normal
7,193.5,14,,D,Julio,368.9,alto
2,79.6,6,8.3,c,Agosto,299.6,normal
1,73.2,11,8.0,D,Marzo,278.6,normal
4,222.4,8,1.8,B,Agosto,252.3,normal
1,234.7,2,5.3,D,Mayo,228.1,normal
2,205.8,8,11.9,C,Diciembre,379.5,alto
2,68.1,12,11.6,C,Diciembre,399.4,alto
4,35.5,13,5.7,A,Mayo,304.0,alto
6,82.3,11,4.3,C,Agosto,4407.821347284364,normal
2,137.2,4,0.1,B,Octubre,158.9,normal
2,,12,0.9,B,Agosto,234.2,normal
2,147.5,11,4.4,D,Enero,293.2,normal
1,51.1,8,10.3,C,Julio,287.0,normal
4,147.5,9,6.5,D,Julio,336.5,alto
3,226.1,2,9.9,D,Mayo,347.6,alto
3,95.4,6,6.6,c,Septiembre,270.2,normal
4,229.5,10,7.0,A,Marzo,422.7,alto
2,264.4,7,,B,Septiembre,284.7,normal
1,164.1,9,1.4,D,Junio,187.4,normal
2,50.5,12,3.2,C,Septiembre,209.6,normal
6,216.3,10,10.2,A,Abril,498.3,alto
6,111.4,7,10.6,B,Septiembre,435.1,alto
6,192.2,10,11.5,D,Octubre,455.4,alto
3,202.9,2,9.8,C,Mayo,348.1,alto
1,255.1,3,,D,Noviembre,253.7,normal
5,273.1,8,9.3,A,Julio,461.2,alto
7,94.1,6,10.7,D,Julio,403.0,alto
3,248.5,2,5.5,C,Enero,294.0,normal
6,183.0,2,,B,Octubre,426.8,alto
2,291.6,10,9.3,B,Julio,433.8,alto
7,53.7,8,4.3,B,Septiembre,320.0,alto
5,31.1,7,0.3,C,Septiembre,211.6,normal
7,163.6,3,5.2,C,Junio,307.5,alto
6,110.8,8,4.4,D,Mayo,309.8,alto
4,96.3,3,9.4,D,Enero,318.5,alto
4,,2,7.4,D,Mayo,245.0,normal
2,257.8,9,9.1,D,Octubre,395.2,alto
4,210.0,11,11.7,B,Junio,425.5,alto
7,144.1,4,6.1,D,Abril,312.9,alto
3,247.6,13,9.0,C,Febrero,414.7,alto
2,133.4,8,7.2,C,Noviembre,297.3,normal
5,140.5,4,9.1,C,Marzo,337.4,alto
3,180.1,3,2.8,C,Junio,226.1,normal
4,58.6,8,1.1,D,Abril,241.2,normal
6,281.2,6,9.4,B,Septiembre,475.2,alto
5,210.2,5,4.2,D,Febrero,306.0,alto
3,103.0,4,1.2,D,Agosto,151.3,normal
3,249.4,13,6.1,C,Enero,381.7,alto
2,216.2,12,1.3,B,Octubre,295.8,normal
1,218.5,3,7.8,B,Agosto,283.9,normal
6,270.1,9,9.5,B,Enero,475.2,alto
6,229.1,14,,D,Junio,360.7,alto
3,30.0,6,10.6,D,Febrero,292.0,normal
1,250.4,13,8.6,D,Marzo,397.6,alto
5,258.0,8,8.5,C,Abril,458.8,alto
5,244.0,7,4.2,C,Enero,321.4,alto
2,291.4,7,1.0,B,Marzo,244.4,normal
5,96.8,5,2.4,D,Marzo,205.0,normal
7,291.3,12,6.8,D,Septiembre,426.5,alto
6,224.0,13,9.7,C,Junio,469.1,alto
1,,9,10.1,A,Marzo,371.2,alto
6,132.2,8,9.4,C,Octubre,408.6,alto
2,188.3,8,10.5,C,Septiembre,357.1,alto
3,294.4,5,9.0,D,Abril,392.3,alto
1,184.8,9,2.3,C,Diciembre,246.8,normal
1,95.7,13,1.4,B,Octubre,216.7,normal
7,70.8,8,4.8,C,Diciembre,314.2,alto
3,234.9,9,8.4,D,Febrero,381.1,alto
3,35.5,10,11.4,C,Octubre,348.2,alto
5,261.4,7,8.8,C,Agosto,438.6,alto
5,210.9,2,9.0,C,Agosto,336.3,alto
4,257.5,3,9.5,D,Septiembre,364.0,alto
2,75.4,2,4.0,A,Marzo,182.9,normal
5,215.7,12,5.7,B,Diciembre,402.2,alto
1,279.9,7,8.7,B,Agosto,352.4,alto
1,44.8,7,2.6,B,Julio,179.9,normal
4,206.7,7,1.0,C,Julio,260.7,normal
7,,3,8.3,D,Julio,356.0,alto
5,77.4,4,11.0,C,Agosto,348.7,alto
1,39.8,13,5.2,C,Diciembre,232.3,normal
3,149.3,7,7.5,D,Noviembre,315.3,alto
6,93.8,6,,C,Enero,238.3,normal
4,,13,6.5,C,Marzo,343.1,alto
7,242.0,5,10.2,C,Agosto,449.0,alto
3,167.3,5,,D,Enero,263.2,normal
1,268.3,5,9.0,c,Febrero,315.3,alto
3,208.8,2,9.4,C,Noviembre,331.4,alto
2,,8,2.7,C,Abril,212.8,normal
2,84.1,7,5.6,C,Agosto,263.3,normal
7,245.7,10,4.5,D,Diciembre,397.1,alto
2,208.1,7,3.7,D,Julio,239.5,normal
2,224.5,11,2.7,C,Mayo,284.5,normal
5,176.7,11,7.7,C,Noviembre,367.3,alto
2,168.0,10,7.4,A,Enero,342.2,alto
3,88.0,7,10.8,C,Octubre,343.8,alto
4,164.3,8,,C,Abril,370.9,alto
5,50.1,11,6.2,A,Noviembre,349.3,alto
1,66.5,3,,A,Marzo,285.0,normal
6,132.8,10,8.9,c,Noviembre,466.7,alto
1,39.5,14,7.5,B,Abril,293.1,normal
2,210.7,14,,B,Febrero,443.0,alto
7,222.5,7,11.9,A,Diciembre,505.4,alto
7,55.9,8,9.4,B,Enero,441.0,alto
2,155.3,4,3.3,D,Noviembre,142.6,normal
3,,13,2.0,C,Julio,283.6,normal
1,217.7,7,8.6,C,Febrero,328.6,alto
2,231.9,5,9.3,C,Mayo,319.6,alto
7,286.7,12,8.8,C,Octubre,525.4,alto
5,286.2,3,4.6,C,Agosto,355.7,alto
5,98.6,3,1.4,D,Marzo,167.9,normal
6,123.9,13,0.5,C,Diciembre,312.5,alto
7,71.0,5,0.2,C,Noviembre,211.7,normal
3,278.2,12,2.2,D,Julio,300.2,alto
1,137.1,8,10.5,c,Diciembre,336.8,alto
1,,12,3.2,C,Enero,292.7,normal
2,164.8,7,7.7,B,Febrero,327.0,alto
3,155.5,11,9.3,C,Agosto,385.8,alto
3,110.3,13,1.3,B,Mayo,287.9,normal
1,120.7,7,2.5,B,Mayo,166.3,normal
2,152.2,6,3.1,D,Agosto,232.8,normal
5,215.7,13,4.0,c,Octubre,386.5,alto
1,274.8,4,1.3,B,Marzo,224.5,normal
7,114.9,4,,A,Junio,375.5,alto
1,108.4,9,1.2,B,Abril,180.7,normal
7,139.1,9,4.0,D,Abril,329.3,alto
5,186.3,14,11.5,A,Octubre,538.8,alto
6,230.4,12,,C,Noviembre,406.5,alto
7,99.7,5,9.1,D,Septiembre,372.1,alto
6,246.8,8,6.3,B,Junio,375.3,alto
3,58.3,7,,C,Marzo,121.8,normal
4,63.0,7,8.8,D,Noviembre,267.7,normal
6,112.6,3,9.2,C,Noviembre,321.0,alto
7,,3,5.3,C,Enero,322.2,alto
1,246.7,13,3.0,C,Abril,333.2,alto
1,202.6,10,1.8,C,Julio,256.7,normal
3,290.1,10,9.8,B,Enero,449.3,alto
4,241.3,5,6.4,A,Mayo,362.0,alto
4,,14,3.1,D,Febrero,308.0,alto
3,46.4,10,10.2,C,Octubre,326.4,alto
4,286.7,9,11.0,C,Enero,486.2,alto
2,207.4,5,6.6,D,Enero,287.9,normal
6,76.9,12,5.2,b,Abril,385.6,alto
5,229.9,4,1.2,B,Enero,246.8,normal
4,156.9,3,4.6,D,Abril,224.2,normal
6,258.9,10,11.3,b,Febrero,526.3,alto
6,251.2,5,6.6,C,Septiembre,413.1,alto
4,,14,11.2,B,Agosto,423.5,alto
5,189.0,7,8.0,C,Octubre,331.6,alto
5,232.5,10,2.4,C,Junio,352.1,alto
7,199.2,10,11.6,C,Julio,508.7,alto
7,227.5,2,4.6,B,Mayo,349.2,alto
7,193.1,9,9.9,B,Octubre,454.6,alto
3,250.0,10,3.4,C,Abril,308.4,alto
6,247.3,13,8.7,C,Marzo,496.2,alto
1,255.7,11,6.9,C,Octubre,363.3,alto
1,245.4,6,3.5,D,Abril,264.2,normal
3,97.2,8,6.5,B,Noviembre,284.6,normal
4,,14,7.0,A,Noviembre,417.7,alto
7,153.2,9,6.7,C,Mayo,366.7,alto
4,211.2,5,7.3,D,Febrero,325.9,alto
5,281.3,8,3.1,C,Junio,343.0,alto
6,297.1,3,4.5,C,Junio,316.7,alto
3,129.1,7,11.1,C,Enero,354.9,alto
1,156.2,3,2.3,C,Julio,147.8,normal
5,81.9,5,1.8,A,Febrero,208.9,normal
4,208.0,3,0.9,B,Octubre,199.5,normal
1,200.4,12,2.7,C,Febrero,277.1,normal
3,182.7,6,8.2,A,Octubre,387.7,alto
6,227.4,8,10.6,C,Junio,480.4,alto
7,69.0,7,7.6,B,Mayo,379.9,alto
7,147.1,10,2.2,C,Enero,324.0,alto
4,86.4,3,10.9,B,Diciembre,320.0,alto
6,213.9,6,5.5,C,Julio,365.0,alto
1,279.3,10,3.6,C,Agosto,326.4,alto
5,105.5,11,0.3,D,Septiembre,265.9,normal
6,144.8,8,4.0,C,Marzo,318.9,alto
1,137.5,10,9.3,B,Septiembre,320.0,alto
7,71.1,13,4.4,C,Enero,388.0,alto
1,227.3,2,6.6,C,Junio,294.8,normal
3,45.7,8,0.2,A,Octubre,174.6,normal
1,187.7,5,10.1,D,Marzo,278.4,normal
4,230.2,9,2.9,D,Enero,309.8,alto
4,256.8,4,6.3,B,Abril,347.1,alto
2,153.7,7,10.2,C,Febrero,349.7,alto
1,129.9,14,6.9,B,Mayo,338.2,alto
5,58.3,13,6.5,C,Enero,332.8,alto
4,109.8,12,11.9,D,Mayo,445.2,alto
2,74.3,6,7.2,C,Diciembre,230.1,normal
6,288.6,3,8.1,C,Julio,412.9,alto
7,47.0,13,8.3,D,Octubre,418.8,alto
6,245.6,9,5.7,A,Octubre,417.1,alto
6,143.4,2,11.6,D,Enero,372.8,alto
5,281.3,5,6.9,B,Agosto,383.7,alto
1,242.3,10,1.8,C,Febrero,226.7,normal
7,40.0,6,6.0,B,Agosto,321.4,alto
7,230.3,11,7.2,C,Mayo,425.6,alto
3,74.5,4,8.0,B,Julio,247.5,normal
3,102.8,4,5.1,C,Abril,222.6,normal
3,37.0,10,5.5,A,Noviembre,303.7,alto
4,99.8,12,10.9,c,Diciembre,390.0,alto
3,232.0,10,10.8,C,Septiembre,439.2,alto
5,,11,8.1,D,Febrero,418.8,alto
1,221.1,11,1.2,B,Junio,244.7,normal
1,56.1,7,6.8,B,Junio,267.6,normal
3,38.3,13,8.3,D,Julio,341.2,alto
2,154.7,7,9.7,D,Enero,339.1,alto
2,198.6,2,9.0,C,Marzo,271.3,normal
1,35.9,11,8.7,A,Diciembre,287.7,normal
6,154.4,9,2.6,C,Enero,318.6,alto
2,108.0,10,3.2,B,Agosto,186.3,normal
3,280.5,9,7.1,C,Febrero,395.8,alto
5,230.0,11,9.5,d,Junio,427.9,alto
4,298.3,12,3.5,C,Mayo,360.2,alto
6,73.8,12,4.5,C,Enero,324.1,alto
3,236.4,3,0.7,D,Abril,208.0,normal
4,95.1,3,4.4,B,Julio,200.0,normal
1,224.6,11,8.5,C,Marzo,332.1,alto
1,245.5,14,10.3,C,Octubre,398.1,alto
2,191.9,12,8.2,C,Julio,369.8,alto
5,162.6,3,10.2,C,Septiembre,340.3,alto
5,90.4,11,,C,Septiembre,2992.9723257275577,alto
3,229.3,9,0.3,C,Julio,269.4,normal
4,159.3,13,5.6,B,Mayo,3639.4750456268985,alto
6,,14,8.8,C,Febrero,445.8,alto
2,260.6,5,2.4,A,Agosto,246.8,normal
7,280.5,5,9.0,D,Agosto,416.6,alto
4,270.8,2,3.9,D,Enero,281.8,normal
7,134.6,7,11.4,B,Noviembre,466.6,alto
3,253.1,4,5.5,C,Enero,290.7,normal
5,68.4,6,2.6,C,Enero,248.3,normal
1,34.8,2,9.9,D,Febrero,211.5,normal
4,241.0,7,7.3,C,Agosto,406.1,alto
4,213.8,7,,D,Julio,393.1,alto
4,139.7,12,5.6,D,Marzo,347.1,alto
1,143.3,14,7.8,B,Mayo,351.0,alto
1,265.3,3,9.9,C,Julio,315.8,alto
4,170.9,6,11.2,B,Octubre,423.5,alto
4,292.6,8,2.5,B,Septiembre,319.7,alto
5,63.0,9,,C,Octubre,258.2,normal
7,30.4,4,0.8,B,Octubre,215.2,normal
2,161.0,11,6.5,C,Febrero,304.8,alto
6,160.6,5,0.5,C,Noviembre,268.3,normal
7,200.0,10,7.9,D,Marzo,399.8,alto
4,137.6,6,4.8,D,Abril,275.9,normal
2,,12,,B,Noviembre,226.9,normal
2,122.1,12,,A,Febrero,277.7,normal
3,,6,10.6,D,Julio,393.1,alto
1,265.8,4,4.8,B,Septiembre,256.0,normal
4,,3,0.3,B,Febrero,150.6,normal
4,138.3,14,3.0,D,Octubre,272.5,normal
3,174.9,13,1.2,A,Julio,341.6,alto
5,148.2,10,8.1,D,Enero,390.1,alto
2,191.1,8,,B,Marzo,264.6,normal
1,161.2,4,7.4,C,Septiembre,275.4,normal
7,42.2,12,,C,Septiembre,337.8,alto
7,223.4,7,1.8,B,Octubre,373.7,alto
2,205.4,7,2.6,A,Julio,282.3,normal
5,30.1,11,5.1,B,Agosto,275.3,normal
7,93.9,8,3.8,D,Julio,290.3,normal
6,122.7,11,8.1,C,Junio,384.3,alto
4,121.0,6,4.9,B,Junio,281.6,normal
5,,8,9.8,C,Diciembre,439.8,alto
6,106.5,9,0.7,C,Septiembre,279.8,normal
7,191.6,11,3.1,C,Mayo,384.0,alto
1,275.5,2,11.2,C,Junio,340.8,alto
4,45.9,9,5.3,B,Noviembre,310.1,alto
7,130.4,10,,A,Septiembre,522.6,alto
2,132.4,3,10.7,A,Julio,303.8,alto
6,121.4,8,8.0,B,Julio,353.4,alto
7,208.6,7,1.6,C,Junio,332.3,alto
3,265.3,2,11.5,B,Septiembre,401.6,alto
2,208.2,5,5.7,B,Octubre,291.7,normal
4,222.4,2,9.4,B,Julio,346.4,alto
5,,9,,C,Enero,473.9,alto
1,199.2,5,4.0,A,Junio,269.2,normal
3,65.2,11,4.1,C,Julio,272.2,normal
6,59.4,4,9.3,C,Marzo,350.4,alto
7,234.5,7,9.0,D,Diciembre,426.5,alto
3,131.4,2,7.7,A,Abril,301.0,alto
4,137.2,10,10.9,b,Diciembre,422.8,alto
7,140.5,5,7.0,D,Marzo,344.0,alto
3,64.7,12,8.2,C,Enero,3325.477650514152,alto
5,207.2,4,9.1,D,Abril,354.1,alto
2,,2,4.8,C,Junio,202.8,normal
7,271.9,10,3.2,C,Agosto,418.4,alto
6,229.7,3,7.4,D,Enero,336.1,alto
6,80.7,4,5.0,D,Mayo,266.6,normal
6,135.3,14,4.7,C,Abril,365.2,alto
1,209.3,11,9.9,B,Abril,399.7,alto
1,159.8,4,0.3,B,Febrero,123.0,normal
5,175.3,12,5.1,B,Diciembre,379.4,alto
7,161.7,10,4.9,C,Enero,360.9,alto
5,283.8,7,2.7,B,Junio,330.2,alto
7,,13,2.6,C,Diciembre,326.9,alto
1,136.8,7,6.2,D,Abril,246.0,normal
7,127.4,9,4.7,B,Septiembre,386.5,alto
3,205.1,12,6.7,C,Mayo,373.1,alto
3,214.1,9,4.4,D,Junio,299.1,normal
7,56.7,5,,D,Octubre,363.2,alto
5,,3,8.9,C,Diciembre,359.0,alto
2,281.3,9,10.3,C,Marzo,408.7,alto
2,121.5,6,4.1,B,Enero,240.1,normal
6,196.0,4,7.8,B,Mayo,408.4,alto
6,160.9,14,8.4,D,Enero,407.3,alto
3,143.3,12,0.1,A,Septiembre,238.7,normal
7,116.9,2,8.4,B,Mayo,337.2,alto
4,64.7,4,7.3,C,Agosto,252.2,normal
5,153.0,3,5.8,C,Febrero,307.4,alto
1,266.2,4,3.3,D,Junio,216.3,normal
4,,7,4.9,D,Octubre,269.2,normal
6,172.4,6,6.4,D,Mayo,4593.388213449503,alto
7,43.7,12,10.2,C,Septiembre,443.1,alto
2,287.6,14,10.2,D,Septiembre,413.3,alto
5,,2,5.0,C,Agosto,277.3,normal
2,96.6,9,2.5,B,Septiembre,212.3,normal
2,121.1,9,,C,Febrero,317.0,alto
7,208.1,13,11.4,C,Noviembre,503.2,alto
1,141.4,3,0.7,C,Abril,108.9,normal
1,218.7,11,10.4,B,Mayo,362.9,alto
7,101.2,9,2.5,D,Octubre,321.5,alto
7,292.7,6,6.5,C,Septiembre,442.2,alto
6,62.0,14,4.4,C,Septiembre,331.1,alto
6,239.5,2,8.0,A,Agosto,378.1,alto
6,122.7,12,0.0,B,Enero,318.9,alto
5,61.1,11,0.5,B,Abril,229.4,normal
4,,9,10.9,A,Marzo,434.2,alto
1,288.4,10,10.1,B,Octubre,400.8,alto
7,114.1,2,2.2,B,Noviembre,233.4,normal
5,75.2,6,4.0,B,Octubre,244.9,normal
3,109.8,7,9.8,B,Enero,340.6,alto
1,239.4,6,11.7,D,Octubre,366.8,alto
5,249.1,6,6.8,B,Octubre,363.7,alto
5,258.2,7,10.3,C,Junio,403.3,alto
3,250.3,7,4.6,C,Septiembre,331.1,alto
3,126.5,9,7.3,C,Junio,347.8,alto
2,186.4,6,7.4,B,Enero,285.7,normal
2,263.3,5,2.4,A,Mayo,264.1,normal
6,255.8,2,11.6,D,Septiembre,432.8,alto
4,66.7,14,3.9,D,Octubre,289.8,normal
4,140.7,7,0.9,D,Julio,248.0,normal
6,168.1,5,2.9,B,Enero,291.2,normal
6,182.3,9,1.9,C,Marzo,332.5,alto
1,61.7,7,10.9,C,Febrero,294.0,normal
6,182.7,12,10.7,B,Febrero,481.7,alto
1,61.3,3,8.4,A,Noviembre,245.2,normal
1,283.3,10,8.5,B,Mayo,359.5,alto
2,244.5,11,6.0,B,Octubre,341.5,alto
7,,14,3.3,C,Marzo,328.2,alto
6,152.3,10,1.0,B,Octubre,290.4,normal
3,165.6,5,7.8,C,Enero,323.4,alto
7,148.6,7,9.6,C,Noviembre,383.4,alto
1,261.4,7,11.4,B,Marzo,359.0,alto
4,68.4,6,5.3,C,Noviembre,231.1,normal
3,232.2,3,11.9,D,Abril,368.2,alto
1,150.2,11,0.8,C,Diciembre,197.4,normal
3,62.2,11,9.5,B,Agosto,368.4,alto
2,,3,7.7,C,Julio,317.4,alto
5,36.8,4,0.7,B,Octubre,193.1,normal
3,248.7,4,,D,Enero,218.2,normal
2,262.3,10,5.0,D,Mayo,306.7,alto
5,88.3,3,1.5,D,Diciembre,196.7,normal
2,167.5,9,6.1,C,Febrero,298.7,normal
5,281.1,5,4.3,B,Febrero,339.4,alto
4,277.5,12,,D,Abril,421.5,alto
6,96.6,4,2.2,B,Enero,234.6,normal
7,186.3,5,7.5,C,Marzo,346.6,alto
7,104.2,13,10.2,C,Julio,460.2,alto
4,98.2,12,9.5,c,Octubre,370.6,alto
1,238.8,12,5.3,D,Marzo,323.6,alto
4,155.5,7,5.6,C,Agosto,288.3,normal
3,229.9,9,10.3,B,Febrero,400.8,alto
4,55.3,8,6.3,A,Agosto,298.4,normal
6,223.1,4,5.8,A,Junio,346.4,alto
3,93.3,4,9.4,D,Enero,257.5,normal
3,,12,9.9,C,Abril,401.1,alto
5,94.1,14,9.7,C,Junio,439.6,alto
6,64.7,10,,C,Mayo,378.1,alto
3,292.9,3,4.1,D,Noviembre,299.7,normal
3,30.0,14,11.0,C,Agosto,369.4,alto
4,135.8,6,7.7,C,Febrero,316.8,alto
3,32.5,7,9.3,B,Mayo,252.4,normal
4,102.7,5,8.2,C,Diciembre,267.3,normal
4,152.1,14,5.6,A,Abril,333.2,alto
1,,13,6.6,C,Marzo,402.5,alto
7,183.9,9,10.8,C,Octubre,437.7,alto
6,87.3,12,7.7,C,Enero,423.9,alto
1,284.7,11,8.1,A,Mayo,402.4,alto
5,284.8,12,4.1,D,Septiembre,391.0,alto
2,142.3,2,10.4,C,Abril,319.2,alto
1,83.6,7,7.3,D,Abril,249.4,normal
3,46.0,13,6.2,C,Marzo,274.7,normal
7,191.9,8,5.9,C,Diciembre,383.7,alto
7,214.0,3,3.8,A,Agosto,382.6,alto
2,172.8,3,4.0,C,Marzo,206.6,normal
7,92.3,14,3.2,D,Marzo,350.8,alto
2,284.2,4,9.3,B,Agosto,349.3,alto
6,99.4,12,4.9,C,Noviembre,349.3,alto
1,44.8,12,5.7,A,Marzo,260.4,normal
3,136.4,8,7.8,B,Diciembre,321.1,alto
7,,8,9.8,D,Agosto,425.0,alto
5,109.0,9,5.0,C,Julio,288.7,normal
2,,10,11.3,C,Septiembre,447.6,alto
1,55.3,8,5.5,B,Mayo,182.9,normal
3,163.0,9,11.0,B,Abril,404.8,alto
6,33.4,9,9.9,B,Octubre,384.8,alto
3,89.6,2,1.8,D,Marzo,133.3,normal
4,35.0,10,8.7,D,Mayo,320.0,alto
3,88.5,6,1.8,D,Abril,213.9,normal
6,282.5,13,,B,Enero,416.6,alto
5,56.5,2,11.7,C,Marzo,354.7,alto
2,90.1,8,0.0,B,Febrero,155.9,normal
6,264.1,5,11.2,C,Agosto,450.4,alto
6,276.4,2,0.8,B,Julio,284.7,normal
4,151.9,13,7.4,B,Noviembre,350.0,alto
4,262.8,13,10.9,D,Mayo,471.4,alto
7,34.2,9,3.2,B,Junio,317.6,alto
4,97.5,10,0.7,C,Junio,199.1,normal
2,50.0,14,9.5,B,Enero,316.1,alto
7,52.4,13,1.7,C,Diciembre,317.0,alto
7,126.0,3,4.7,C,Noviembre,307.9,alto
4,277.4,8,11.0,B,Agosto,434.3,alto
2,121.9,2,1.7,C,Septiembre,180.2,normal
2,123.1,4,2.1,D,Junio,162.7,normal
7,262.7,5,2.9,D,Julio,346.6,alto
6,107.9,11,2.6,C,Mayo,343.8,alto
7,97.1,6,2.8,B,Septiembre,294.7,normal
6,61.0,7,6.1,B,Agosto,304.0,alto
6,219.7,2,9.5,D,Junio,365.4,alto
6,227.2,2,3.0,B,Julio,302.7,alto
2,286.8,8,4.5,B,Junio,326.4,alto
7,91.2,14,9.2,B,Octubre,470.3,alto
4,107.1,11,9.3,D,Noviembre,325.4,alto
1,173.9,9,3.0,B,Febrero,239.5,normal
2,207.2,8,7.9,A,Octubre,342.4,alto
2,51.5,14,6.7,C,Julio,283.5,normal
6,290.6,2,7.8,C,Noviembre,401.1,alto
3,200.9,9,3.7,C,Febrero,270.2,normal
7,138.8,14,1.7,D,Mayo,346.5,alto
5,219.9,9,9.6,D,Julio,419.2,alto
2,177.1,10,6.8,D,Marzo,300.5,alto
6,244.7,3,0.1,A,Abril,279.8,normal
3,215.7,8,11.7,D,Agosto,379.4,alto
2,292.0,12,7.1,D,Octubre,386.3,alto
4,221.7,5,8.9,D,Septiembre,341.8,alto
3,164.8,6,,C,Julio,283.4,normal
7,287.4,13,4.0,C,Marzo,435.9,alto
5,97.4,6,7.0,C,Octubre,305.1,alto
7,80.6,4,5.3,A,Marzo,328.2,alto
6,,4,5.9,D,Junio,3825.644235282869,alto
2,260.3,14,5.7,D,Junio,398.3,alto
7,202.4,13,4.8,C,Diciembre,410.8,alto
4,72.1,6,,B,Junio,258.3,normal
1,164.5,13,11.4,D,Octubre,348.6,alto
1,82.7,3,9.1,C,Febrero,217.4,normal
6,,7,0.5,D,Septiembre,209.6,normal
4,150.8,10,4.8,C,Abril,277.0,normal
7,134.9,10,11.5,C,Marzo,440.6,alto
2,170.5,5,3.9,c,Octubre,251.9,normal
2,247.3,2,9.3,C,Mayo,325.5,alto
2,227.6,13,4.2,B,Mayo,323.1,alto
5,69.6,9,5.7,D,Julio,270.1,normal
3,105.5,3,7.8,A,Mayo,3095.354484863786,normal
7,,7,10.4,B,Agosto,468.4,alto
7,200.7,5,2.9,D,Mayo,289.8,normal
2,283.3,4,10.0,B,Marzo,355.3,alto
4,86.4,14,2.0,C,Enero,298.0,normal
4,61.4,3,1.1,d,Diciembre,160.1,normal
6,206.0,8,1.7,C,Febrero,295.8,normal
7,109.9,12,2.5,A,Junio,370.9,alto
5,193.1,10,8.7,C,Octubre,446.2,alto
7,100.3,2,0.6,D,Junio,236.1,normal
5,202.4,5,3.9,D,Abril,271.4,normal
3,158.1,9,8.7,A,Noviembre,353.8,alto
4,,3,,D,Marzo,287.2,normal
5,76.1,12,8.3,B,Agosto,374.0,alto
1,102.1,8,8.1,C,Octubre,269.0,normal
3,,3,3.8,D,Febrero,212.1,normal
4,184.4,11,0.9,B,Noviembre,274.8,normal
7,50.0,14,7.3,C,Noviembre,392.2,alto
4,266.7,13,9.6,B,Febrero,491.4,alto
1,217.8,12,8.7,D,Septiembre,360.7,alto
5,230.2,7,,C,Abril,322.0,alto
5,276.4,4,7.4,D,Mayo,391.7,alto
1,111.1,9,1.4,D,Mayo,178.9,normal
2,81.6,4,9.7,A,Diciembre,263.9,normal
6,208.7,5,2.9,C,Diciembre,283.7,normal
6,274.9,8,7.8,C,Diciembre,422.3,alto
5,93.8,3,3.0,C,Diciembre,271.2,normal
3,274.4,2,0.4,B,Abril,233.2,normal
3,37.4,9,2.8,C,Octubre,219.8,normal
7,273.0,11,11.9,B,Noviembre,552.4,alto
4,159.1,5,1.4,C,Mayo,204.2,normal
4,215.1,13,2.4,C,Enero,338.2,alto
3,100.9,10,8.4,C,Noviembre,346.8,alto
1,242.9,2,9.4,B,Mayo,272.0,normal
2,191.9,3,3.4,D,Febrero,193.7,normal
6,211.0,9,,D,Enero,366.4,alto
6,152.9,10,8.5,D,Abril,421.0,alto
1,196.1,4,4.0,D,Febrero,198.7,normal
5,178.0,12,9.4,D,Noviembre,390.3,alto
6,60.8,7,3.4,D,Febrero,273.2,normal
6,165.5,4,9.4,B,Marzo,373.7,alto
1,,6,7.5,C,Agosto,319.0,alto
6,,10,10.5,D,Enero,508.4,alto
6,85.2,2,9.0,C,Julio,342.3,alto
1,225.8,3,10.7,D,Noviembre,326.1,alto
7,297.3,13,4.2,B,Junio,470.8,alto
3,87.3,10,7.6,C,Junio,316.1,alto
7,,3,5.6,D,Septiembre,352.3,alto
5,274.2,13,,A,Febrero,419.2,alto
1,121.7,6,0.7,B,Agosto,141.3,normal
5,105.5,9,7.4,B,Abril,336.1,alto
2,116.6,5,,B,Marzo,283.6,normal
5,,3,0.2,C,Mayo,186.6,normal
7,290.3,6,2.0,C,Julio,361.6,alto
4,37.6,9,2.9,B,Abril,224.8,normal
6,137.4,14,2.2,C,Octubre,358.6,alto
7,102.9,5,11.5,D,Abril,369.2,alto
6,263.2,3,9.5,A,Julio,417.8,alto
7,,14,10.0,B,Abril,485.2,alto
4,198.7,9,6.0,C,Agosto,341.0,alto
7,,11,2.9,B,Mayo,292.2,normal
5,144.1,11,2.2,D,Abril,277.9,normal
7,52.4,13,9.7,C,Agosto,415.7,alto
7,274.1,13,7.0,B,Julio,480.8,alto
7,154.6,10,1.7,C,Septiembre,334.6,alto
4,,7,10.1,C,Julio,404.7,alto
7,,3,3.7,D,Agosto,298.1,normal
1,72.2,4,2.1,D,Febrero,93.8,bajo
5,144.6,12,10.3,C,Septiembre,439.1,alto
7,,8,5.2,C,Febrero,344.0,alto
5,166.5,4,,B,Julio,300.0,normal
2,86.0,14,7.0,A,Septiembre,283.9,normal
2,66.9,13,6.1,C,Octubre,264.3,normal
5,75.7,14,0.2,C,Agosto,277.4,normal
6,,10,9.1,B,Mayo,407.5,alto
2,271.9,14,9.4,C,Septiembre,407.8,alto
7,216.2,9,10.3,C,Diciembre,457.9,alto
3,90.5,10,3.9,B,Abril,269.0,normal
2,,3,0.6,B,Abril,199.6,normal
5,195.7,10,4.9,B,Octubre,364.2,alto
1,298.4,2,,C,Julio,328.4,alto
6,96.2,8,9.0,C,Septiembre,341.5,alto
2,108.4,10,3.4,A,Marzo,272.6,normal
7,144.0,3,7.8,C,Diciembre,340.0,alto
4,296.7,11,3.0,C,Septiembre,355.5,alto
6,,5,9.0,C,Octubre,379.1,alto
2,247.5,5,,D,Abril,263.3,normal
7,119.8,8,7.6,C,Abril,381.2,alto
5,101.6,7,4.8,A,Diciembre,319.3,alto
1,260.6,12,0.1,B,Febrero,262.6,normal
2,89.1,10,2.1,C,Agosto,210.7,normal
5,235.9,13,2.3,D,Enero,378.5,alto
7,111.4,7,8.3,C,Abril,346.4,alto
5,273.0,6,,A,Agosto,417.5,alto
4,210.5,12,2.2,C,Abril,305.1,alto
7,229.3,3,8.9,C,Febrero,453.3,alto
7,,6,4.3,B,Julio,336.1,alto
5,139.7,7,2.1,C,Julio,261.6,normal
2,242.1,14,2.4,A,Diciembre,306.3,alto
3,,3,4.7,C,Julio,208.7,normal
7,232.3,5,5.4,C,Marzo,2993.478192572021,alto
6,249.3,11,8.9,C,Diciembre,445.8,alto
4,129.0,2,4.7,A,Enero,267.1,normal
4,,14,2.4,D,Agosto,362.0,alto
5,180.6,4,0.7,B,Mayo,241.7,normal
5,245.4,6,9.6,D,Mayo,379.8,alto
4,283.9,8,1.8,C,Julio,306.1,alto
1,283.8,13,9.0,C,Mayo,432.5,alto
1,276.4,12,1.6,B,Febrero,280.9,normal
7,280.2,2,,C,Septiembre,438.3,alto
7,179.0,3,8.9,C,Julio,369.2,alto
4,128.7,7,2.4,B,Julio,248.0,normal
3,224.1,8,8.0,C,Junio,371.9,alto
5,147.9,7,8.4,C,Agosto,352.4,alto
2,37.5,4,4.4,C,Mayo,154.7,normal
7,244.3,11,2.8,D,Agosto,355.8,alto
4,197.1,7,9.6,D,Mayo,341.4,alto
5,,3,0.5,B,Mayo,244.1,normal
4,144.6,14,8.6,C,Enero,433.9,alto
5,,6,4.1,D,Junio,331.5,alto
6,96.5,10,8.1,A,Abril,407.3,alto
1,83.9,9,4.6,D,Abril,215.1,normal
7,270.0,10,10.9,D,Noviembre,530.6,alto
5,36.1,3,4.7,B,Diciembre,221.6,normal
3,125.0,3,4.5,D,Mayo,201.0,normal
7,296.0,3,9.4,B,Marzo,461.0,alto
5,,6,8.4,C,Noviembre,336.3,alto
1,125.6,3,1.2,B,Mayo,160.9,normal
7,180.1,3,8.7,B,Septiembre,416.6,alto
1,239.7,7,0.3,B,Febrero,193.6,normal
7,32.6,2,7.2,D,Junio,257.7,normal
1,154.8,10,8.9,C,Mayo,328.8,alto
6,233.3,7,9.0,A,Mayo,443.3,alto
5,262.4,14,5.3,B,Noviembre,394.7,alto
1,223.4,7,6.8,A,Noviembre,331.4,alto
4,145.6,4,4.4,C,Julio,258.0,normal
6,216.1,3,,D,Diciembre,413.7,alto
4,155.0,12,0.4,C,Mayo,262.9,normal
1,272.4,14,6.3,D,Diciembre,381.9,alto
5,240.6,2,5.9,A,Febrero,331.2,alto
6,,6,10.8,D,Mayo,394.2,alto
4,236.1,12,1.7,D,Noviembre,317.9,alto
7,221.0,13,0.3,D,Agosto,351.4,alto
2,177.4,11,10.4,C,Noviembre,383.5,alto
4,177.8,10,0.4,D,Octubre,213.5,normal
1,268.7,9,6.6,C,Marzo,308.2,alto
2,,8,2.7,B,Noviembre,256.2,normal
7,172.8,9,0.9,C,Octubre,302.6,alto
7,166.3,14,1.3,A,Abril,350.7,alto
5,269.1,8,9.1,C,Septiembre,385.3,alto
1,,7,1.6,C,Septiembre,234.9,normal
5,171.5,6,0.1,C,Agosto,251.8,normal
3,174.3,2,,C,Junio,335.5,alto
1,113.0,13,3.5,C,Septiembre,264.9,normal
6,100.5,9,6.1,C,Diciembre,353.1,alto
7,,4,5.0,B,Octubre,311.5,alto
2,108.6,7,0.8,A,Mayo,181.5,normal
7,,4,9.9,D,Agosto,436.2,alto
1,77.7,5,11.6,C,Junio,278.4,normal
2,206.1,3,9.5,C,Septiembre,293.0,normal
3,139.8,5,10.5,C,Mayo,323.7,alto
5,286.2,4,6.8,D,Abril,356.2,alto
3,69.0,3,,A,Abril,4268.821201094562,alto
5,127.3,12,4.1,B,Agosto,345.1,alto
5,134.6,6,9.8,C,Agosto,368.4,alto
2,159.4,11,2.9,B,Septiembre,280.1,normal
7,72.7,10,10.9,D,Mayo,459.9,alto
1,195.8,4,8.5,C,Septiembre,278.2,normal
3,250.7,7,4.7,D,Mayo,316.8,alto
3,253.2,4,10.9,D,Febrero,378.7,alto
1,164.4,13,5.2,D,Noviembre,297.3,normal
2,157.1,12,10.2,C,Noviembre,402.0,alto
3,182.2,12,7.5,C,Noviembre,390.0,alto
7,204.9,2,10.8,B,Febrero,453.4,alto
5,,7,7.2,B,Julio,405.7,alto
3,119.4,6,3.2,A,Diciembre,258.0,normal
1,126.6,12,9.0,C,Enero,322.8,alto
1,96.7,3,8.8,B,Junio,270.0,normal
1,111.8,8,10.8,C,Mayo,348.8,alto
5,84.8,9,8.6,C,Marzo,383.2,alto
4,132.9,12,8.5,C,Junio,377.6,alto
6,107.4,2,1.6,B,Marzo,202.1,normal
2,64.1,10,2.9,C,Octubre,237.9,normal
4,282.4,13,9.6,D,Octubre,437.0,alto
6,166.2,12,10.9,C,Julio,477.1,alto
4,239.9,10,1.5,C,Agosto,296.9,normal
1,57.7,12,9.2,C,Diciembre,326.8,alto
1,39.2,13,6.2,C,Agosto,281.6,normal
3,243.4,11,3.7,D,Septiembre,303.2,alto
3,108.7,14,2.1,C,Abril,289.5,normal
7,,6,7.8,B,Febrero,337.2,alto
4,,11,3.9,B,Diciembre,304.6,alto
3,141.0,11,7.9,D,Noviembre,321.4,alto
3,221.1,3,9.2,D,Marzo,299.0,normal
7,250.8,11,3.0,C,Enero,363.5,alto
4,255.9,13,,D,Agosto,341.7,alto
3,120.8,9,4.5,C,Enero,286.5,normal
5,,5,3.7,B,Mayo,256.1,normal
4,99.9,11,3.6,B,Julio,283.9,normal
4,30.8,3,3.3,c,Febrero,169.7,normal
5,153.7,6,4.5,C,Enero,289.4,normal
3,200.4,11,3.8,C,Marzo,300.0,normal
3,174.1,2,4.9,D,Noviembre,232.9,normal
2,,3,4.9,B,Agosto,248.5,normal
1,219.6,4,8.6,C,Diciembre,285.3,normal
6,106.4,9,0.6,C,Julio,290.6,normal
6,196.5,3,11.9,C,Mayo,433.0,alto
7,,8,11.6,C,Julio,459.4,alto
2,53.6,4,7.1,D,Junio,209.9,normal
1,95.2,14,0.5,A,Febrero,229.8,normal
2,,13,10.3,C,Agosto,394.4,alto
3,80.9,10,2.7,B,Septiembre,264.3,normal
4,217.4,12,6.4,C,Febrero,417.4,alto
2,186.4,5,5.9,B,Septiembre,294.1,normal
4,139.0,12,11.6,B,Mayo,427.7,alto
1,83.2,13,5.6,C,Julio,269.9,normal
4,,14,10.0,C,Septiembre,472.7,alto
7,180.2,11,0.1,D,Noviembre,316.0,alto
4,,9,11.5,D,Diciembre,392.9,alto
7,277.5,6,5.3,D,Junio,383.9,alto
3,239.1,8,,D,Febrero,334.9,alto
7,241.2,2,8.4,B,Octubre,368.2,alto
6,181.2,7,5.1,D,Agosto,336.1,alto
2,,9,4.6,D,Septiembre,267.4,normal
3,212.9,11,9.7,D,Octubre,430.7,alto
3,237.5,14,5.0,A,Mayo,405.0,alto
5,288.5,8,8.9,C,Noviembre,409.8,alto
3,,13,1.8,D,Julio,224.8,normal
7,66.3,9,11.3,D,Junio,403.2,alto
5,60.1,10,3.8,D,Junio,278.7,normal
2,175.9,6,1.7,D,Mayo,193.8,normal
5,147.8,14,7.2,B,Noviembre,426.6,alto
5,161.2,13,7.0,C,Julio,392.2,alto
6,180.7,2,,C,Diciembre,445.7,alto
1,100.4,9,1.5,B,Febrero,4609.508197400782,normal
3,243.7,12,5.2,C,Abril,374.1,alto
1,120.3,3,7.8,D,Agosto,236.7,normal
6,40.4,6,7.5,A,Diciembre,315.9,alto
7,,14,10.2,B,Diciembre,505.4,alto
7,137.7,6,10.5,D,Junio,376.4,alto
7,,10,,C,Julio,240.1,normal
2,120.6,11,5.6,D,Noviembre,278.1,normal
1,,6,,C,Junio,173.2,normal
5,126.4,14,1.1,B,Diciembre,293.5,normal
3,165.0,11,0.6,D,Febrero,255.7,normal
3,,13,5.4,C,Diciembre,342.9,alto
7,245.0,9,1.5,D,Mayo,348.2,alto
7,291.0,12,3.6,D,Diciembre,405.4,alto
7,142.4,10,8.1,B,Marzo,450.6,alto
7,246.1,3,6.1,D,Enero,326.2,alto
4,161.9,13,9.0,D,Septiembre,401.3,alto
2,171.6,14,4.0,C,Septiembre,347.9,alto
7,49.9,6,11.6,B,Febrero,420.3,alto
5,235.9,4,10.3,C,Diciembre,4304.247319781113,alto
2,135.7,8,9.8,C,Junio,308.9,alto
1,,2,7.6,B,Julio,287.1,normal
4,207.5,6,,B,Diciembre,250.6,normal
5,269.7,10,0.8,C,Noviembre,334.7,alto
7,36.1,9,3.6,A,Enero,288.2,normal
6,223.0,6,0.7,C,Enero,285.0,normal
5,288.8,7,3.5,B,Diciembre,4722.156721019976,alto
3,,3,3.3,A,Junio,260.1,normal
6,163.0,3,11.2,B,Febrero,389.1,alto
2,257.1,14,8.5,C,Febrero,380.1,alto
6,269.3,7,2.7,C,Abril,359.6,alto
6,233.8,13,,B,Junio,489.0,alto
5,243.2,4,3.7,D,Agosto,303.5,alto
5,268.3,2,5.9,C,Marzo,325.6,alto
6,170.8,12,11.2,C,Febrero,457.4,alto
7,280.2,14,2.3,C,Diciembre,417.4,alto
1,205.0,12,7.8,D,Junio,346.9,alto
6,216.7,2,6.2,C,Junio,322.8,alto
4,31.3,14,11.4,C,Julio,365.8,alto
3,185.2,12,11.7,B,Enero,416.6,alto
3,106.2,14,11.4,C,Febrero,379.5,alto
4,,6,7.2,B,Julio,323.5,alto
6,261.0,12,1.1,B,Marzo,354.4,alto
4,268.2,6,11.0,C,Junio,447.6,alto
7,67.2,13,11.9,D,Abril,479.7,alto
3,55.9,13,1.4,A,Enero,249.1,normal
5,265.1,5,2.4,D,Enero,286.8,normal
4,138.6,7,0.0,D,Febrero,193.9,normal
6,92.0,2,1.1,B,Mayo,221.1,normal
3,57.3,2,3.4,D,Junio,160.6,normal
6,75.8,6,1.6,A,Agosto,238.8,normal
2,190.4,6,9.9,A,Diciembre,336.7,alto
1,112.4,2,10.2,B,Agosto,248.8,normal
4,202.3,5,2.5,B,Septiembre,287.2,normal
3,213.1,9,6.9,C,Agosto,334.8,alto
7,210.1,4,,C,Agosto,332.0,alto
2,84.1,4,8.8,B,Junio,268.7,normal
7,83.3,8,5.7,B,Enero,340.0,alto
7,75.9,6,3.1,c,Julio,3294.2279072631854,normal
5,61.8,2,6.6,A,Enero,257.7,normal
4,,7,0.6,C,Febrero,257.6,normal
2,,10,11.6,B,Agosto,362.9,alto
4,254.6,2,6.4,B,Marzo,324.0,alto
5,242.6,5,2.0,C,Octubre,304.6,alto
3,240.7,3,5.3,B,Junio,282.5,normal
5,299.4,6,11.2,D,Julio,444.7,alto
3,40.7,11,10.9,B,Junio,337.0,alto
4,270.6,13,,C,Mayo,417.9,alto
1,256.1,11,5.2,B,Junio,334.5,alto
1,86.4,8,4.4,d,Septiembre,174.2,normal
1,45.3,4,1.0,B,Marzo,146.0,normal
2,93.9,12,10.6,D,Febrero,349.8,alto
2,275.9,8,1.5,C,Mayo,281.2,normal
7,249.9,13,3.3,A,Febrero,427.2,alto
5,246.3,14,0.3,D,Enero,328.8,alto
2,138.0,4,6.1,B,Julio,247.9,normal
4,159.1,5,1.4,C,Mayo,204.2,normal
1,64.7,9,10.8,C,Abril,321.8,alto
6,118.2,5,6.1,C,Enero,334.7,alto
5,200.8,8,4.4,C,Abril,312.6,alto
4,86.6,8,3.5,C,Abril,242.8,normal
4,,6,6.7,C,Agosto,338.5,alto
2,110.4,10,6.4,C,Julio,257.0,normal
7,133.1,10,0.6,C,Agosto,303.1,alto
2,263.9,10,11.8,C,Noviembre,417.3,alto
4,276.0,6,6.0,B,Febrero,359.0,alto
4,56.1,13,,D,Abril,326.4,alto
2,78.9,8,1.7,C,Marzo,179.0,normal
1,105.4,4,10.3,C,Diciembre,250.1,normal
7,297.9,8,3.6,D,Febrero,372.9,alto
1,94.6,11,2.0,D,Octubre,227.1,normal
6,69.1,8,2.6,D,Diciembre,244.6,normal
7,,3,1.1,D,Noviembre,227.9,normal
5,61.6,5,,A,Febrero,334.4,alto
2,279.9,3,10.6,A,Noviembre,412.1,alto
7,,8,7.7,B,Julio,376.2,alto
6,158.8,11,5.6,C,Septiembre,380.7,alto
7,232.6,9,8.0,C,Marzo,3277.9151331835674,alto
3,80.9,2,7.5,C,Marzo,238.8,normal
3,119.2,14,10.8,C,Septiembre,386.1,alto
5,43.9,11,,B,Febrero,312.0,alto
7,286.5,2,8.4,B,Enero,387.1,alto
3,57.7,3,4.7,D,Junio,193.8,normal
5,86.9,9,10.2,D,Julio,408.6,alto
6,208.3,7,9.4,C,Septiembre,404.0,alto
2,242.9,9,10.5,D,Enero,384.5,alto
1,83.6,10,3.9,B,Abril,236.6,normal
7,289.5,14,11.0,D,Julio,563.3,alto
5,294.0,11,1.4,C,Noviembre,330.6,alto
3,33.2,2,6.3,C,Febrero,195.8,normal
6,247.3,11,8.7,D,Enero,439.8,alto
7,106.5,3,0.8,B,Agosto,264.0,normal
4,279.3,9,1.0,D,Junio,272.2,normal
3,160.4,3,10.3,C,Marzo,354.9,alto
7,125.3,6,0.3,A,Enero,3887.1770999048535,normal
7,36.7,5,0.5,C,Diciembre,242.6,normal
4,196.3,7,7.7,B,Junio,337.3,alto
3,213.0,2,3.4,B,Abril,224.2,normal
6,196.4,10,4.2,C,Julio,399.5,alto
4,83.8,4,11.8,C,Noviembre,349.7,alto
5,223.5,10,5.7,B,Marzo,367.5,alto
1,227.4,14,0.7,B,Julio,272.6,normal
2,244.7,8,8.6,A,Febrero,369.9,alto
5,293.4,12,2.4,A,Julio,4281.303321310775,alto
1,,11,5.7,C,Diciembre,274.5,normal
1,178.2,14,7.6,D,Octubre,344.5,alto
4,,3,,B,Mayo,207.7,normal
5,110.7,8,2.0,D,Diciembre,253.8,normal
6,131.3,11,,D,Octubre,301.1,alto
3,169.1,14,11.3,A,Septiembre,476.0,alto
3,277.7,2,8.4,D,Mayo,335.2,alto
2,66.1,5,5.7,B,Marzo,207.7,normal
6,,10,10.2,C,Diciembre,433.4,alto
7,234.5,3,5.6,C,Febrero,391.6,alto
7,222.1,8,8.6,D,Noviembre,434.8,alto
5,263.3,6,11.5,B,Noviembre,470.8,alto
4,139.5,8,3.1,B,Mayo,267.1,normal
1,71.1,3,11.8,C,Abril,278.8,normal
1,154.4,14,2.9,D,Enero,248.5,normal
5,,9,4.3,B,Diciembre,382.4,alto
4,33.4,13,6.6,D,Junio,331.5,alto
4,229.7,2,0.8,D,Septiembre,253.6,normal
7,295.6,3,6.4,B,Julio,422.9,alto
6,73.1,2,11.1,B,Febrero,402.2,alto
1,129.0,2,0.0,C,Marzo,114.6,normal
1,242.6,5,6.9,B,Noviembre,296.2,normal
7,76.5,14,6.9,B,Enero,401.0,alto
2,216.9,11,12.0,B,Octubre,416.1,alto
3,69.7,10,6.8,C,Agosto,304.2,alto
5,38.6,4,1.3,C,Octubre,199.5,normal
5,250.6,12,2.9,D,Noviembre,353.5,alto
5,90.8,6,1.8,C,Noviembre,260.1,normal
4,260.2,5,3.7,D,Junio,299.4,normal
3,218.4,11,9.7,A,Junio,445.3,alto
7,196.3,11,2.5,C,Marzo,315.8,alto
3,,3,7.7,C,Noviembre,291.3,normal
5,,12,7.0,d,Enero,363.7,alto
5,283.6,10,,C,Septiembre,284.4,normal
3,104.5,6,2.2,D,Diciembre,194.5,normal
2,53.2,8,8.5,D,Junio,279.8,normal
5,233.8,2,9.3,C,Julio,355.4,alto
7,184.4,2,6.7,D,Enero,303.6,alto
7,148.6,9,4.1,C,Julio,309.8,alto
1,101.8,3,4.6,D,Junio,211.2,normal
3,51.7,4,6.7,C,Septiembre,247.5,normal
3,160.1,10,8.6,D,Febrero,366.7,alto
5,,2,3.8,C,Agosto,291.0,normal
4,106.0,4,0.1,C,Noviembre,174.5,normal
4,284.5,5,0.2,D,Agosto,237.9,normal
4,183.1,4,10.8,B,Mayo,388.3,alto
2,,7,0.2,C,Marzo,194.3,normal
5,128.5,11,,D,Julio,404.2,alto
7,278.3,3,11.3,A,Octubre,461.9,alto
3,168.6,3,2.9,D,Marzo,239.2,normal
3,239.0,12,8.9,C,Julio,427.7,alto
2,159.3,4,1.7,B,Septiembre,222.7,normal
7,153.2,9,1.7,D,Enero,290.0,normal
6,259.1,4,2.5,B,Junio,325.2,alto
4,,8,6.5,C,Agosto,393.0,alto
2,159.3,9,,D,Mayo,259.0,normal
6,188.4,4,7.4,C,Enero,336.6,alto
3,270.4,13,4.9,C,Mayo,368.5,alto
4,117.0,9,9.0,B,Abril,360.0,alto
7,199.9,5,3.1,D,Octubre,302.8,alto
1,38.7,12,2.7,D,Marzo,196.2,normal
7,138.8,7,7.3,D,Septiembre,380.4,alto
5,98.7,11,5.5,B,Agosto,344.9,alto
1,128.5,8,6.2,D,Octubre,257.8,normal
5,184.5,12,7.4,C,Febrero,399.5,alto
6,128.6,13,0.8,A,Diciembre,339.0,alto
7,250.3,8,11.3,D,Noviembre,450.4,alto
2,124.2,9,11.5,B,Junio,364.1,alto
4,228.0,7,,C,Septiembre,327.8,alto
6,90.2,3,2.7,D,Abril,231.8,normal
5,115.5,12,11.1,D,Diciembre,425.4,alto
6,224.9,13,5.5,D,Julio,407.2,alto
1,280.6,8,6.9,B,Septiembre,351.8,alto
3,70.7,5,8.3,C,Julio,244.5,normal
3,89.4,3,3.5,B,Marzo,199.8,normal
4,281.1,3,4.0,A,Febrero,281.0,normal
1,196.8,8,3.0,D,Mayo,234.4,normal
5,295.3,14,7.3,A,Septiembre,485.3,alto
4,292.3,11,0.2,A,Mayo,350.0,alto
3,223.2,11,,D,Agosto,453.5,alto
3,70.1,11,,C,Mayo,285.1,normal
7,226.9,12,5.9,D,Diciembre,445.9,alto
5,149.9,4,,b,Octubre,341.4,alto
2,105.2,5,2.4,D,Junio,171.9,normal
3,108.0,3,5.0,B,Abril,231.3,normal
1,52.9,12,1.8,C,Agosto,163.2,normal
7,,5,2.5,B,Abril,313.8,alto
7,203.1,4,8.3,C,Marzo,380.5,alto
3,218.1,2,1.8,C,Julio,252.9,normal
2,107.0,4,,B,Abril,258.5,normal
3,299.6,4,1.7,C,Julio,253.7,normal
3,97.7,11,8.5,B,Abril,309.0,alto
5,83.0,8,7.5,A,Noviembre,339.3,alto
6,125.7,11,11.6,D,Enero,436.9,alto
1,79.5,10,7.9,B,Agosto,261.2,normal
7,99.8,5,5.2,D,Abril,288.8,normal
1,183.5,9,11.1,A,Julio,3571.266784376776,alto
4,,13,3.0,C,Mayo,299.1,normal
3,168.2,4,1.4,B,Junio,246.4,normal
6,66.5,7,6.5,B,Junio,307.8,alto
6,73.2,12,3.5,B,Diciembre,349.7,alto
2,87.7,9,8.8,D,Septiembre,290.2,normal
6,266.2,12,7.2,B,Septiembre,460.0,alto
3,120.0,8,2.5,D,Noviembre,222.1,normal
3,157.9,7,8.1,C,Diciembre,344.1,alto
2,53.5,5,,B,Marzo,144.5,normal
2,,8,6.4,D,Noviembre,356.6,alto
2,204.9,2,5.5,C,Julio,250.1,normal
1,141.8,7,11.5,B,Agosto,372.3,alto
1,89.1,12,5.0,C,Abril,229.8,normal
4,120.3,12,1.7,B,Mayo,266.0,normal
1,236.1,6,6.8,C,Septiembre,284.7,normal
3,197.2,11,8.7,A,Julio,374.9,alto
6,36.4,12,5.4,B,Septiembre,324.7,alto
6,214.3,14,9.1,C,Mayo,482.7,alto
1,277.2,14,10.6,B,Julio,433.8,alto
2,90.4,2,5.7,B,Abril,239.2,normal
5,121.1,12,3.1,C,Julio,303.1,alto
2,176.3,14,3.7,D,Agosto,292.3,normal
1,,14,1.0,C,Marzo,280.4,normal
7,52.6,6,0.7,D,Mayo,207.2,normal
4,222.5,14,6.6,C,Junio,446.5,alto
2,33.4,5,3.3,D,Diciembre,178.2,normal
6,282.7,6,4.5,D,Enero,375.1,alto
1,282.1,12,4.7,C,Julio,325.8,alto
5,90.2,11,10.6,C,Junio,404.6,alto
4,159.5,7,1.7,B,Junio,254.7,normal
4,250.4,3,2.2,D,Marzo,237.0,normal
2,107.7,9,5.2,A,Febrero,269.5,normal
4,66.9,2,2.1,B,Abril,189.2,normal
2,192.6,2,3.7,A,Agosto,212.8,normal
5,240.1,6,5.7,B,Septiembre,365.7,alto
7,119.1,2,10.1,A,Marzo,393.8,alto
3,80.1,2,7.6,C,Octubre,3458.167714597934,normal
6,209.5,7,2.6,B,Julio,341.2,alto
7,181.2,8,0.8,D,Junio,282.6,normal
5,193.1,11,,B,Julio,282.1,normal
4,106.1,2,0.5,C,Enero,142.2,normal
1,123.9,5,1.3,D,Abril,155.3,normal
2,212.5,2,10.0,B,Noviembre,321.0,alto
1,227.0,10,3.9,D,Diciembre,293.0,normal
6,102.6,11,8.7,B,Noviembre,401.7,alto
1,39.6,3,5.0,A,Enero,161.4,normal
2,291.2,3,6.2,C,Marzo,310.3,alto
5,259.4,4,,B,Mayo,307.9,alto
3,145.0,11,8.9,D,Abril,357.6,alto
2,267.1,7,1.0,D,Marzo,214.0,normal
1,257.2,14,2.6,D,Julio,273.2,normal
6,,8,5.5,B,Enero,409.7,alto
2,241.8,12,1.6,C,Mayo,4583.108241474267,normal
3,238.4,11,11.9,C,Marzo,4638.217333134062,alto
2,227.6,10,4.1,C,Noviembre,317.9,alto
4,188.2,13,11.1,C,Octubre,456.6,alto
1,75.6,12,6.8,C,Junio,226.6,normal
7,62.4,10,7.6,D,Junio,349.5,alto
2,42.5,13,6.6,D,Octubre,263.3,normal
3,234.4,3,,A,Mayo,237.4,normal
2,276.3,3,1.8,C,Diciembre,3406.997928012537,normal
6,65.4,10,9.3,C,Julio,335.2,alto
6,61.5,4,11.0,A,Septiembre,349.0,alto
6,191.5,10,11.6,C,Junio,453.6,alto
1,165.7,12,4.2,B,Diciembre,290.8,normal
7,150.5,3,10.0,B,Junio,399.3,alto
7,38.5,5,4.0,d,Mayo,273.2,normal
1,144.1,10,,B,Diciembre,338.3,alto
3,213.9,9,10.1,C,Mayo,412.4,alto
4,173.3,3,3.3,B,Marzo,272.6,normal
1,139.8,7,,D,Noviembre,244.2,normal
5,,5,6.2,D,Octubre,260.4,normal
1,44.3,5,,B,Octubre,228.2,normal
7,226.3,5,3.7,C,Junio,335.1,alto
2,193.7,9,,A,Abril,364.2,alto
5,111.5,4,10.5,B,Mayo,339.5,alto
3,,2,5.6,B,Octubre,229.7,normal
5,122.6,12,10.2,C,Enero,386.5,alto
4,96.5,4,10.8,C,Enero,354.4,alto
6,103.7,2,10.6,C,Febrero,369.5,alto
2,136.9,5,9.7,B,Octubre,315.6,alto
1,280.0,5,3.3,D,Mayo,260.5,normal
1,163.9,8,8.5,C,Mayo,316.1,alto
1,139.4,2,9.2,B,Febrero,264.9,normal
3,115.6,11,8.7,D,Febrero,389.5,alto
3,174.0,11,6.9,C,Marzo,315.6,alto
2,284.1,12,8.9,B,Octubre,407.0,alto
5,107.3,8,0.7,A,Julio,233.2,normal
3,169.2,9,0.8,B,Mayo,240.8,normal
5,186.8,8,10.1,D,Junio,388.1,alto
5,148.1,7,3.6,D,Noviembre,254.8,normal
5,85.9,4,8.9,C,Noviembre,315.6,alto
3,204.3,6,11.8,C,Febrero,400.9,alto
6,114.5,2,10.7,C,Marzo,358.1,alto
1,249.5,9,8.1,B,Marzo,353.2,alto
4,59.1,3,9.0,C,Agosto,266.4,normal
1,234.0,13,5.9,C,Mayo,344.5,alto
4,,8,5.1,C,Mayo,276.9,normal
4,,13,6.3,A,Diciembre,430.6,alto
3,70.2,10,11.0,C,Marzo,368.6,alto
2,175.8,13,,C,Octubre,348.6,alto
5,,14,11.7,B,Febrero,524.8,alto
5,198.3,8,8.4,D,Enero,422.5,alto
7,242.5,13,8.1,C,Febrero,438.5,alto
2,62.3,14,1.9,D,Julio,236.0,normal
3,38.3,7,5.4,A,Noviembre,264.0,normal
3,67.4,9,8.6,C,Marzo,320.8,alto
4,293.7,11,5.7,B,Noviembre,397.5,alto
3,133.3,8,10.1,D,Julio,395.0,alto
6,55.2,5,7.9,C,Mayo,340.6,alto
3,158.7,5,2.4,C,Junio,219.4,normal
1,38.9,3,5.6,C,Mayo,170.8,normal
1,213.9,14,5.7,B,Noviembre,348.0,alto
5,232.9,6,8.8,B,Febrero,420.7,alto
3,118.5,5,0.9,D,Junio,147.4,normal
7,268.9,13,2.4,B,Mayo,415.8,alto
2,265.5,10,,D,Julio,244.6,normal
5,212.0,8,11.5,C,Junio,431.3,alto
3,187.1,13,0.0,C,Junio,274.3,normal
5,247.1,14,3.5,c,Marzo,386.9,alto
3,86.2,10,10.3,D,Febrero,338.5,alto
4,246.4,8,11.9,C,Mayo,420.1,alto
1,213.2,2,5.6,C,Octubre,221.3,normal
5,,14,7.3,C,Junio,434.1,alto
6,189.0,5,10.4,C,Noviembre,368.0,alto
3,289.5,14,5.4,C,Diciembre,395.8,alto
2,173.8,2,10.7,D,Julio,302.3,alto
2,123.2,7,5.1,D,Noviembre,252.0,normal
2,191.2,6,7.1,C,Enero,312.4,alto
3,213.7,14,1.4,D,Enero,307.9,alto
7,,7,6.7,D,Octubre,369.8,alto
7,292.7,6,6.5,C,Septiembre,442.2,alto
5,285.8,6,5.2,A,Mayo,376.9,alto
4,200.2,3,8.2,B,Mayo,344.7,alto
1,124.4,6,5.9,C,Marzo,212.1,normal
7,230.9,5,6.0,C,Diciembre,354.2,alto
1,271.0,4,10.4,A,Junio,357.5,alto
1,173.4,6,6.2,D,Febrero,265.9,normal
5,145.0,8,9.5,D,Diciembre,366.6,alto
5,238.6,5,11.6,B,Diciembre,447.0,alto
4,,11,4.4,C,Agosto,288.4,normal
6,71.4,9,0.6,C,Octubre,244.9,normal
1,235.6,10,2.4,B,Noviembre,237.5,normal
3,205.2,6,11.0,C,Mayo,402.8,alto
7,284.4,14,5.6,C,Julio,461.4,alto
3,83.8,12,3.5,D,Febrero,272.4,normal
3,139.0,2,6.4,C,Junio,271.0,normal
4,223.1,7,10.6,D,Abril,384.1,alto
5,217.6,5,4.7,B,Marzo,306.5,alto
4,133.7,14,1.9,D,Octubre,259.1,normal
6,209.8,2,0.9,C,Febrero,284.0,normal
1,226.5,3,8.1,A,Enero,307.8,alto
5,228.7,4,6.5,B,Septiembre,358.5,alto
7,253.3,7,7.5,C,Febrero,385.6,alto
3,176.6,4,0.4,A,Abril,203.0,normal
4,35.4,3,10.1,D,Enero,291.0,normal
4,107.7,9,11.5,A,Febrero,402.4,alto
6,47.9,7,8.2,D,Marzo,332.0,alto
4,70.9,2,9.0,D,Febrero,262.0,normal
2,133.4,13,6.3,C,Febrero,345.1,alto
5,186.8,12,7.5,B,Septiembre,403.1,alto
4,,7,5.8,B,Julio,379.6,alto
5,182.1,13,3.0,C,Septiembre,309.5,alto
1,76.4,7,6.0,C,Diciembre,241.0,normal
5,264.7,11,6.6,A,Enero,410.1,alto
7,67.1,11,8.5,B,Enero,399.8,alto
4,174.9,9,5.6,C,Junio,2670.7532034757623,alto
2,47.2,7,4.9,B,Marzo,228.0,normal
1,55.5,8,7.1,C,Enero,265.3,normal
2,285.4,5,9.8,B,Marzo,369.5,alto
7,233.7,3,7.2,B,Agosto,390.9,alto
1,293.7,8,6.3,D,Enero,295.3,normal
2,189.4,4,,A,Junio,329.3,alto
1,138.1,3,10.0,B,Noviembre,287.9,normal
3,262.1,2,5.4,D,Abril,305.4,alto
3,70.7,5,8.3,C,Julio,244.5,normal
4,122.2,10,4.8,D,Mayo,286.0,normal
5,246.5,10,0.9,C,Diciembre,313.7,alto
4,244.9,14,8.7,D,Diciembre,409.4,alto
4,106.3,7,6.4,C,Abril,302.2,alto
3,206.9,5,10.9,C,Marzo,370.6,alto
5,231.3,12,7.9,B,Abril,420.9,alto
5,260.8,13,5.4,C,Mayo,406.8,alto
4,197.3,14,8.1,C,Enero,417.3,alto
1,76.4,5,1.2,B,Septiembre,143.8,normal
6,,12,0.6,C,Febrero,332.1,alto
2,65.8,11,7.3,C,Julio,289.5,normal
7,179.8,10,10.9,C,Diciembre,471.4,alto
2,208.5,14,2.8,D,Diciembre,309.8,alto
1,122.5,9,3.5,A,Octubre,280.1,normal
7,,5,9.9,B,Abril,377.3,alto
3,244.7,6,0.6,D,Marzo,252.7,normal
2,198.3,10,5.5,B,Abril,293.3,normal
2,131.6,12,5.5,C,Junio,325.1,alto
3,,5,,C,Enero,304.5,alto
1,229.6,5,4.9,A,Febrero,279.0,normal
1,252.1,9,8.6,D,Enero,364.3,alto
5,45.7,5,11.2,B,Junio,360.7,alto
2,131.5,7,2.2,D,Noviembre,183.2,normal
6,83.3,13,8.5,C,Diciembre,395.8,alto
3,215.2,13,3.2,A,Septiembre,354.9,alto
2,158.1,7,11.3,C,Abril,345.9,alto
4,282.4,9,5.4,D,Octubre,368.8,alto
2,119.9,12,8.4,C,Mayo,306.6,alto
3,277.0,3,0.6,D,Septiembre,199.0,normal
4,237.4,5,3.9,B,Abril,301.4,alto
5,96.6,7,9.3,D,Octubre,368.5,alto
2,284.9,5,0.5,D,Abril,234.6,normal
7,60.7,14,7.3,C,Octubre,393.9,alto
6,34.1,13,5.4,B,Octubre,336.7,alto
5,156.1,4,7.0,A,Octubre,330.7,alto
2,38.1,2,4.3,B,Diciembre,185.0,normal
6,,4,9.8,B,Marzo,390.7,alto
7,181.1,5,4.6,C,Noviembre,346.6,alto
5,161.8,2,11.3,B,Noviembre,386.0,alto
3,,4,7.5,A,Septiembre,269.9,normal
6,43.0,10,,C,Mayo,255.2,normal
3,284.4,8,9.2,A,Septiembre,416.2,alto
7,162.1,3,3.8,A,Diciembre,321.6,alto
6,,12,1.9,B,Octubre,385.4,alto
6,99.8,11,3.7,C,Junio,326.7,alto
6,79.4,13,7.9,B,Mayo,401.9,alto
4,54.8,13,0.3,B,Noviembre,253.5,normal
7,147.3,3,,C,Mayo,356.8,alto
4,,3,6.0,A,Septiembre,334.4,alto
6,32.3,8,2.7,B,Mayo,279.7,normal
3,83.3,12,5.0,B,Enero,321.5,alto
7,39.4,3,,D,Septiembre,190.0,normal
6,57.3,9,9.1,A,Agosto,398.4,alto
4,232.5,12,4.5,C,Diciembre,368.9,alto
4,275.4,14,2.2,B,Enero,398.8,alto
4,162.4,13,2.9,C,Mayo,278.4,normal
1,84.2,3,3.7,C,Octubre,207.6,normal
1,276.6,4,1.0,C,Febrero,199.7,normal
1,214.0,12,3.5,A,Septiembre,277.3,normal
1,158.6,7,1.0,d,Septiembre,162.7,normal
3,170.6,5,6.4,C,Abril,290.3,normal
2,,12,0.2,C,Octubre,202.7,normal
1,116.7,7,4.4,A,Julio,184.0,normal
1,94.3,2,5.9,C,Agosto,212.7,normal
6,120.3,14,3.6,C,Junio,350.3,alto
7,83.7,13,11.5,D,Agosto,467.1,alto
2,210.7,7,5.7,D,Agosto,274.2,normal
6,137.7,14,,B,Septiembre,396.8,alto
1,170.1,11,1.4,C,Marzo,219.0,normal
2,260.5,14,4.1,B,Septiembre,323.6,alto
5,208.3,13,1.3,C,Agosto,283.5,normal
4,95.2,11,8.8,D,Mayo,337.6,alto
7,220.2,5,2.4,D,Enero,295.3,normal
5,171.1,14,2.2,C,Septiembre,358.9,alto
5,264.8,9,1.9,B,Agosto,381.1,alto
6,149.0,10,0.4,C,Junio,283.0,normal
1,41.4,2,10.4,C,Agosto,210.1,normal
2,206.7,13,3.7,D,Julio,318.6,alto
4,121.3,2,6.9,A,Mayo,287.5,normal
6,276.3,4,10.7,C,Noviembre,428.3,alto
6,121.4,12,7.4,B,Abril,397.6,alto
6,298.7,10,10.5,A,Enero,498.6,alto
7,241.9,11,5.2,C,Septiembre,423.5,alto
6,194.1,6,11.5,A,Abril,462.9,alto
4,263.8,10,5.4,C,Marzo,307.3,alto
3,71.8,6,,D,Abril,255.2,normal
6,118.5,2,,a,Junio,228.6,normal
6,267.3,2,6.0,B,Octubre,382.6,alto
6,,4,3.0,C,Diciembre,341.7,alto
2,230.8,4,9.3,B,Noviembre,305.0,alto
3,126.0,9,9.1,A,Julio,386.5,alto
1,119.1,4,5.4,C,Junio,214.8,normal
4,178.3,7,,B,Diciembre,399.7,alto
3,147.3,13,4.3,D,Junio,293.3,normal
5,123.5,2,11.2,B,Agosto,371.1,alto
7,136.4,14,,D,Octubre,350.6,alto
5,221.2,8,10.4,A,Diciembre,443.4,alto
1,185.1,8,0.7,D,Septiembre,170.8,normal
4,191.6,10,5.9,C,Julio,346.6,alto
7,146.5,7,11.1,B,Junio,3640.943192118822,alto
6,242.7,5,10.6,B,Julio,414.0,alto
4,168.2,10,11.1,A,Junio,437.9,alto
3,171.3,4,7.8,C,Diciembre,285.6,normal
3,127.9,8,4.7,C,Junio,289.5,normal
7,259.3,7,7.2,D,Junio,415.4,alto
3,295.3,9,4.1,c,Diciembre,366.3,alto
5,138.4,12,7.6,D,Mayo,386.1,alto
5,109.8,7,,B,Septiembre,240.9,normal
7,37.0,3,3.6,B,Enero,248.0,normal
6,,7,3.5,A,Julio,299.9,normal
7,205.0,12,,B,Octubre,419.5,alto
2,190.9,9,5.9,C,Mayo,308.6,alto
1,267.0,2,3.5,D,Marzo,206.4,normal
4,282.2,3,6.2,A,Marzo,359.1,alto
6,256.2,11,1.2,D,Septiembre,335.5,alto
1,234.9,13,1.3,A,Marzo,294.8,normal
2,132.2,5,5.4,A,Septiembre,222.4,normal
7,102.7,9,1.8,C,Enero,273.2,normal
2,251.5,2,8.0,B,Marzo,326.6,alto
4,240.8,5,,C,Mayo,416.5,alto
5,58.6,9,4.2,B,Julio,283.0,normal
2,,2,2.8,C,Agosto,224.6,normal
5,245.2,8,1.4,C,Enero,312.3,alto
4,83.8,3,6.7,D,Junio,246.4,normal
4,133.4,9,6.1,C,Marzo,345.9,alto
6,297.9,5,2.5,D,Diciembre,282.9,normal
4,88.4,9,11.5,A,Diciembre,384.3,alto
1,,2,7.5,A,Octubre,208.8,normal
6,228.0,11,7.1,C,Diciembre,388.1,alto
6,252.4,12,11.1,C,Febrero,488.4,alto
6,108.1,9,,D,Noviembre,375.7,alto
4,163.4,10,0.1,A,Febrero,259.8,normal
2,43.6,2,,A,Julio,125.7,normal
4,228.6,3,7.4,A,Agosto,306.3,alto
6,285.0,12,12.0,B,Marzo,542.7,alto
5,244.1,9,5.7,A,Febrero,361.6,alto
5,266.8,10,11.1,B,Junio,488.9,alto
7,38.7,6,0.9,C,Febrero,247.9,normal
7,269.5,8,,A,Noviembre,448.1,alto
3,254.7,12,2.2,C,Agosto,307.4,alto
3,52.7,11,7.3,A,Enero,363.2,alto
6,161.2,6,,D,Septiembre,421.5,alto
7,156.9,2,11.0,C,Diciembre,384.1,alto
6,90.0,12,,D,Septiembre,3837.0811267888457,alto
2,141.2,7,3.6,A,Septiembre,249.0,normal
5,258.3,9,12.0,D,Enero,510.0,alto
5,153.0,2,0.4,D,Octubre,166.8,normal
5,130.3,13,1.0,A,Enero,312.9,alto
7,89.4,3,,B,Febrero,403.7,alto
1,69.1,3,4.5,B,Noviembre,141.9,normal
1,67.2,6,9.6,B,Diciembre,284.2,normal
1,61.7,6,9.1,D,Abril,257.1,normal
4,120.9,13,,D,Mayo,256.4,normal
7,192.7,8,11.2,B,Septiembre,494.6,alto
5,294.9,7,1.9,D,Septiembre,343.4,alto
6,174.6,3,5.0,A,Diciembre,344.3,alto
7,93.7,8,10.8,C,Junio,421.9,alto
6,139.7,6,8.5,D,Diciembre,324.5,alto
4,265.0,9,11.9,C,Junio,452.7,alto
2,139.5,2,5.0,A,Marzo,233.2,normal
7,285.4,9,9.8,B,Mayo,519.2,alto
3,237.3,4,1.8,C,Diciembre,3575.539265358326,normal
1,276.5,6,0.5,D,Diciembre,216.9,normal
6,254.6,5,2.4,D,Junio,296.4,normal
4,122.8,9,7.3,B,Enero,347.6,alto
6,191.3,12,10.9,C,Octubre,496.4,alto
5,263.6,9,11.9,C,Agosto,472.7,alto
5,180.8,5,3.0,D,Enero,273.1,normal
5,43.3,9,11.9,C,Octubre,401.9,alto
3,290.1,4,1.7,C,Abril,277.8,normal
6,104.0,8,,B,Mayo,356.2,alto
6,97.2,6,1.5,B,Diciembre,270.2,normal
5,52.9,4,,C,Mayo,162.6,normal
5,172.5,9,1.1,B,Mayo,288.0,normal
4,106.7,10,7.6,D,Febrero,335.8,alto
3,127.5,6,1.0,B,Septiembre,218.8,normal
2,222.6,8,0.4,C,Noviembre,185.2,normal
4,155.2,3,7.8,D,Febrero,278.2,normal
2,123.8,9,6.2,C,Julio,294.5,normal
5,292.0,14,7.8,D,Abril,472.0,alto
1,126.5,3,9.6,C,Junio,251.5,normal
7,78.1,14,5.4,C,Septiembre,398.1,alto
6,259.7,13,,A,Marzo,409.1,alto
1,,5,2.5,C,Junio,236.0,normal
1,181.4,7,2.2,A,Abril,176.5,normal
7,142.0,11,3.5,D,Agosto,347.3,alto
6,215.8,11,1.1,C,Mayo,343.7,alto
6,131.7,2,3.4,C,Mayo,251.9,normal
3,256.8,11,1.1,B,Julio,302.4,alto
6,76.5,2,5.1,B,Junio,244.1,normal
3,225.7,7,11.7,C,Junio,432.9,alto
6,122.5,6,6.1,D,Septiembre,328.9,alto
3,,4,3.7,C,Agosto,251.7,normal
2,212.2,5,7.2,D,Septiembre,292.7,normal
1,40.1,10,9.0,D,Agosto,283.5,normal
7,222.1,10,11.2,C,Septiembre,510.3,alto
4,170.6,11,2.8,C,Mayo,272.1,normal
1,163.2,8,11.8,B,Julio,385.3,alto
4,241.9,11,4.8,C,Mayo,370.9,alto
4,76.0,9,6.3,C,Enero,270.7,normal
4,133.1,6,9.4,C,Mayo,361.0,alto
2,52.2,3,11.6,B,Octubre,286.3,normal
1,228.7,7,11.0,C,Junio,346.7,alto
6,225.1,6,8.8,B,Enero,416.5,alto
2,163.2,11,7.4,B,Diciembre,337.3,alto
1,157.1,14,6.6,D,Enero,342.1,alto
5,299.2,7,,C,Enero,432.1,alto
7,147.0,12,5.7,D,Marzo,390.3,alto
4,112.6,7,4.2,D,Enero,253.1,normal
5,184.7,4,5.1,A,Junio,323.2,alto
5,96.8,7,8.1,D,Septiembre,327.9,alto
2,261.6,13,11.2,B,Diciembre,458.3,alto
3,148.0,5,11.2,C,Mayo,321.2,alto
1,245.5,8,5.2,A,Septiembre,318.5,alto
2,259.8,14,6.6,C,Octubre,400.2,alto
3,280.0,9,2.2,B,Abril,318.8,alto
1,53.1,8,3.0,C,Septiembre,188.6,normal
7,30.2,10,7.4,C,Noviembre,345.8,alto
6,233.7,8,9.8,D,Julio,437.4,alto
2,44.1,13,1.7,B,Diciembre,194.5,normal
4,112.7,12,4.6,D,Septiembre,283.2,normal
5,116.8,8,11.7,C,Enero,462.7,alto
3,134.6,3,8.0,A,Agosto,285.8,normal
6,38.7,10,4.6,A,Junio,291.6,normal
2,106.7,6,5.0,B,Noviembre,202.3,normal
3,278.2,4,7.7,C,Marzo,356.8,alto
5,200.5,2,6.7,C,Septiembre,303.5,alto
7,240.1,7,2.9,D,Diciembre,323.4,alto
6,166.9,7,8.5,B,Octubre,422.7,alto
4,50.1,13,0.5,C,Junio,225.8,normal
4,91.8,14,3.2,B,Octubre,278.7,normal
1,47.7,6,2.4,B,Diciembre,155.5,normal
6,146.8,12,4.6,B,Junio,360.4,alto
3,99.4,13,10.2,C,Diciembre,342.4,alto
5,108.2,7,10.4,A,Agosto,393.2,alto
3,87.3,7,11.7,C,Marzo,349.8,alto
3,287.4,7,9.1,C,Marzo,415.7,alto
7,286.5,14,4.4,C,Noviembre,435.2,alto
3,190.2,14,1.7,C,Diciembre,328.7,alto
3,270.8,5,8.9,C,Septiembre,351.1,alto
3,257.9,7,6.9,B,Febrero,377.8,alto
5,266.1,12,8.7,A,Septiembre,399.7,alto
5,67.1,2,8.9,B,Diciembre,275.1,normal
1,51.3,10,0.7,C,Noviembre,174.3,normal
6,37.1,4,2.7,D,Mayo,215.9,normal
1,139.4,12,3.8,C,Octubre,259.2,normal
5,124.1,6,9.0,B,Septiembre,410.3,alto
7,287.1,13,2.7,B,Julio,420.4,alto
5,96.4,3,4.6,A,Marzo,279.4,normal
2,289.3,8,8.7,C,Enero,399.0,alto
1,263.8,2,3.2,C,Abril,263.4,normal
7,96.9,7,5.3,B,Enero,352.9,alto
2,251.8,10,4.8,C,Febrero,304.5,alto
7,38.9,7,9.7,D,Marzo,376.5,alto
3,185.0,13,2.6,D,Febrero,280.2,normal
2,116.7,9,9.0,D,Octubre,313.1,alto
7,177.0,9,,C,Noviembre,443.1,alto
4,111.9,8,8.5,C,Febrero,367.9,alto
5,198.4,14,11.6,D,Marzo,451.4,alto
3,142.9,5,7.9,C,Febrero,288.2,normal
2,162.4,13,10.9,B,Agosto,423.7,alto
2,91.5,8,12.0,A,Noviembre,372.2,alto
7,59.7,2,5.9,B,Febrero,292.6,normal
5,121.4,5,0.6,D,Enero,217.2,normal
2,36.2,11,8.5,C,Agosto,298.9,normal
5,145.8,4,2.9,C,Marzo,258.6,normal
7,285.8,11,10.6,A,Julio,487.7,alto
7,38.2,2,8.3,C,Junio,3428.6195163956054,alto
7,242.7,13,11.3,C,Diciembre,505.0,alto
5,219.8,4,3.7,B,Junio,298.6,normal
7,191.5,3,8.9,D,Mayo,391.0,alto
2,91.7,14,11.4,B,Agosto,380.6,alto
4,171.7,3,5.0,D,Abril,250.9,normal
1,115.6,8,11.8,B,Octubre,361.3,alto
3,,4,9.3,C,Agosto,393.9,alto
6,116.2,4,1.8,C,Marzo,249.5,normal
4,81.1,7,,C,Septiembre,199.7,normal
3,51.4,6,0.5,C,Julio,175.5,normal
1,243.7,12,2.2,C,Febrero,279.3,normal
1,270.8,9,5.4,B,Agosto,335.3,alto
3,118.7,5,1.9,B,Enero,250.2,normal
5,34.9,9,2.3,A,Mayo,244.0,normal
1,204.6,3,8.8,A,Marzo,283.9,normal
1,148.6,13,3.4,B,Diciembre,258.1,normal
4,190.5,7,7.6,C,Septiembre,348.6,alto
2,239.5,2,4.6,B,Mayo,243.5,normal
6,161.4,3,2.1,B,Septiembre,273.0,normal
2,200.7,8,,B,Agosto,323.1,alto
7,47.0,10,4.1,B,Mayo,353.3,alto
7,132.2,8,0.5,A,Febrero,328.4,alto
6,272.2,13,6.0,D,Octubre,430.9,alto
7,251.0,5,5.4,C,Marzo,349.3,alto
1,88.0,3,10.1,C,Abril,238.4,normal
7,105.6,14,9.4,C,Diciembre,419.0,alto
7,115.3,4,2.5,B,Noviembre,252.7,normal
5,103.0,5,12.0,C,Mayo,399.8,alto
4,156.1,14,11.8,B,Enero,459.3,alto
6,264.0,8,8.6,C,Noviembre,418.4,alto
3,242.2,12,8.7,B,Diciembre,416.7,alto
7,199.2,14,4.0,C,Septiembre,415.0,alto
3,193.0,12,8.4,C,Mayo,360.9,alto
6,263.2,12,4.5,C,Junio,374.4,alto
5,256.3,7,4.9,C,Mayo,376.3,alto
1,163.5,14,1.2,A,Julio,260.3,normal
1,270.5,2,2.9,D,Febrero,196.0,normal
2,65.5,14,5.2,C,Junio,284.0,normal
4,215.9,7,8.6,B,Junio,401.1,alto
2,149.0,7,5.2,C,Marzo,3460.982012499072,normal
4,41.0,6,6.5,D,Agosto,243.4,normal
3,166.8,4,3.7,B,Septiembre,241.7,normal
7,296.9,12,7.5,C,Diciembre,448.4,alto
7,162.5,7,7.3,D,Junio,385.3,alto
2,119.9,7,5.0,C,Julio,251.9,normal
1,226.5,13,11.5,B,Septiembre,415.2,alto
6,,9,4.3,B,Julio,322.4,alto
2,76.2,14,10.3,C,Mayo,383.6,alto
1,67.2,10,11.1,C,Septiembre,319.1,alto
5,250.9,4,7.4,D,Febrero,408.6,alto
7,139.2,4,11.9,C,Julio,425.6,alto
1,289.1,13,0.6,C,Abril,234.5,normal
2,120.9,7,7.6,B,Enero,282.3,normal
4,226.7,8,4.3,B,Febrero,334.2,alto
2,239.7,14,1.2,C,Octubre,3523.351492163822,alto
3,47.9,4,3.5,B,Septiembre,235.8,normal
3,76.3,13,11.2,A,Marzo,423.2,alto
1,37.9,7,7.8,C,Septiembre,249.6,normal
2,247.7,14,2.3,D,Octubre,297.6,normal
6,257.5,14,5.2,c,Noviembre,383.2,alto
6,219.9,9,5.0,D,Diciembre,385.7,alto
2,138.0,13,6.1,D,Mayo,271.0,normal
1,160.6,6,4.3,D,Marzo,217.5,normal
4,220.5,8,6.3,C,Junio,379.1,alto
7,121.4,2,3.2,C,Septiembre,254.3,normal
4,128.2,10,8.7,B,Julio,396.6,alto
4,283.9,12,8.3,C,Marzo,429.4,alto
4,281.7,14,5.9,D,Mayo,392.1,alto
6,123.2,14,9.6,C,Julio,409.2,alto
3,113.5,2,0.7,D,Agosto,158.3,normal
3,42.0,10,4.0,C,Mayo,269.4,normal
3,114.5,4,4.8,D,Septiembre,216.0,normal
7,51.5,6,0.8,C,Marzo,250.4,normal
3,248.1,8,5.0,C,Agosto,310.8,alto
6,285.6,8,,D,Mayo,315.6,alto
2,132.3,10,3.9,C,Enero,239.1,normal
7,47.4,5,4.0,D,Marzo,274.3,normal
5,78.2,7,1.0,B,Noviembre,272.2,normal
4,199.9,8,0.8,C,Julio,276.4,normal
4,,2,11.4,C,Noviembre,348.4,alto
6,298.7,5,0.8,D,Agosto,329.0,alto
3,255.4,8,6.3,C,Diciembre,324.4,alto
5,198.4,8,5.7,D,Julio,371.1,alto
3,202.0,2,,A,Mayo,218.2,normal
7,,3,0.6,A,Enero,241.5,normal
6,267.8,7,4.0,B,Junio,382.0,alto
5,192.9,7,11.3,A,Agosto,474.9,alto
2,125.9,8,,C,Marzo,277.3,normal
6,212.7,4,3.5,C,Junio,317.2,alto
1,43.5,11,3.3,C,Septiembre,204.0,normal
4,78.8,8,9.9,B,Agosto,321.5,alto
5,62.0,3,8.3,C,Junio,322.8,alto
4,213.2,9,9.2,B,Enero,398.1,alto
3,157.8,11,8.3,B,Julio,356.5,alto
2,213.0,3,2.1,C,Junio,245.7,normal
6,151.9,2,6.2,B,Diciembre,315.6,alto
7,126.8,11,6.9,C,Diciembre,383.8,alto
1,55.1,11,6.4,D,Septiembre,228.3,normal
4,149.0,2,11.1,B,Septiembre,364.0,alto
1,48.0,6,8.0,C,Octubre,214.9,normal
1,189.7,12,9.5,A,Octubre,395.5,alto
2,68.4,12,6.8,B,Julio,326.6,alto
2,84.7,5,5.0,C,Abril,231.0,normal
3,254.8,10,11.1,C,Octubre,417.0,alto
2,272.8,2,,D,Diciembre,346.9,alto
5,276.3,8,1.8,D,Julio,285.9,normal
7,226.1,6,0.4,D,Septiembre,287.7,normal
1,165.1,4,7.5,C,Septiembre,267.7,normal
5,33.6,8,6.3,C,Enero,261.8,normal
6,49.5,2,11.9,A,Marzo,365.3,alto
4,129.8,12,6.8,B,Junio,380.2,alto
3,267.0,9,11.5,D,Abril,442.6,alto
1,267.4,12,1.1,D,Diciembre,257.1,normal
2,,4,9.3,D,Septiembre,340.1,alto
4,46.7,8,2.5,B,Noviembre,217.6,normal
1,234.4,4,3.1,B,Febrero,207.7,normal
6,254.1,2,10.8,A,Mayo,402.5,alto
4,226.9,6,0.5,A,Noviembre,271.1,normal
7,138.8,8,3.7,D,Marzo,298.4,normal
2,254.9,6,9.6,D,Agosto,326.8,alto
2,71.1,11,11.8,C,Noviembre,366.0,alto
4,272.9,10,,B,Junio,308.2,alto
7,96.4,11,6.9,C,Julio,359.3,alto
1,177.6,8,2.1,C,Agosto,212.3,normal
1,246.7,2,11.2,B,Diciembre,327.8,alto
2,147.9,11,1.7,C,Enero,259.3,normal
2,179.1,3,0.6,a,Septiembre,169.5,normal
2,247.8,11,1.7,D,Enero,270.6,normal
6,201.3,13,8.5,D,Julio,425.0,alto
1,69.5,11,11.5,C,Enero,321.4,alto
4,32.1,8,6.7,D,Junio,257.9,normal
6,278.7,12,,B,Enero,434.7,alto
5,248.1,3,8.7,C,Septiembre,367.4,alto
6,,8,7.4,C,Octubre,395.3,alto
4,292.0,2,,C,Julio,366.1,alto
4,145.1,6,7.2,C,Junio,288.7,normal
5,161.3,2,4.2,D,Enero,267.4,normal
1,,2,2.2,C,Junio,179.6,normal
4,115.2,6,8.5,B,Enero,340.4,alto
7,,4,3.1,D,Mayo,295.7,normal
6,117.8,14,7.2,A,Julio,431.9,alto
4,155.2,13,,C,Noviembre,426.9,alto
1,97.1,9,1.6,C,Marzo,173.7,normal
4,244.2,6,9.1,C,Abril,385.2,alto
4,210.3,8,10.9,C,Abril,396.1,alto
1,244.5,5,2.9,C,Junio,214.0,normal
1,291.7,5,7.6,C,Octubre,318.1,alto
3,297.4,4,5.6,B,Junio,351.7,alto
4,192.1,8,2.6,B,Junio,312.5,alto
2,194.4,2,11.2,A,Junio,377.6,alto
5,186.3,14,0.1,D,Noviembre,326.7,alto
2,,14,7.2,C,Septiembre,413.5,alto
3,231.8,8,3.6,C,Diciembre,311.2,alto
1,81.9,13,6.1,D,Septiembre,252.7,normal
3,206.9,7,9.1,D,Julio,331.6,alto
1,94.0,12,11.1,B,Agosto,319.1,alto
2,139.6,10,9.1,B,Junio,341.3,alto
5,258.1,6,2.6,B,Abril,290.3,normal
3,119.0,10,7.7,C,Septiembre,338.8,alto
1,209.5,5,2.5,B,Junio,2614.754102166855,normal
3,125.2,12,,D,Mayo,409.8,alto
3,213.9,7,6.3,B,Septiembre,344.0,alto
2,120.0,7,,C,Abril,195.7,normal
5,,3,1.5,D,Noviembre,229.4,normal
3,152.7,11,,C,Febrero,272.4,normal
2,260.3,7,3.3,C,Marzo,267.9,normal
2,286.0,11,9.6,D,Junio,384.1,alto
5,162.0,4,0.4,D,Enero,201.8,normal
2,80.1,9,,D,Febrero,269.0,normal
7,51.0,12,8.2,B,Junio,396.1,alto
6,297.2,5,,B,Junio,441.6,alto
2,230.5,5,8.8,C,Marzo,332.3,alto
7,76.5,3,6.0,A,Diciembre,296.0,normal
2,85.1,7,1.4,C,Abril,170.0,normal
7,153.4,13,7.7,C,Marzo,404.3,alto
4,147.5,3,3.6,C,Junio,4203.44358436954,normal
1,125.7,7,1.1,B,Mayo,174.1,normal
3,258.9,6,4.9,C,Marzo,292.6,normal
2,,7,0.8,C,Diciembre,181.3,normal
4,199.3,12,0.6,D,Diciembre,282.6,normal
4,220.3,13,3.7,C,Julio,376.2,alto
1,213.0,11,0.9,C,Octubre,271.2,normal
1,257.0,11,8.8,C,Noviembre,392.9,alto
4,240.1,2,3.7,C,Agosto,275.1,normal
5,71.1,6,8.1,D,Julio,276.8,normal
5,71.7,10,10.9,B,Junio,400.3,alto
6,153.7,7,3.4,C,Agosto,282.4,normal
7,283.4,5,,D,Junio,311.7,alto
7,171.2,11,6.3,D,Abril,374.9,alto
5,166.4,2,1.5,B,Diciembre,222.7,normal
3,183.5,7,5.9,C,Octubre,309.4,alto
6,33.6,4,2.8,D,Julio,204.8,normal
7,99.9,12,10.2,B,Enero,435.3,alto
2,212.7,2,0.7,A,Abril,197.1,normal
2,227.8,8,4.9,B,Junio,301.2,alto
7,68.8,2,7.9,C,Mayo,309.2,alto
4,251.4,5,1.7,C,Enero,271.1,normal
1,,6,5.3,C,Septiembre,267.7,normal
5,,5,4.7,C,Marzo,298.2,normal
1,146.8,2,9.8,A,Noviembre,295.5,normal
1,33.0,3,10.3,C,Agosto,249.6,normal
1,44.1,3,8.8,D,Enero,198.1,normal
7,197.8,12,2.0,C,Diciembre,370.1,alto
4,273.0,11,,C,Abril,3061.558298494688,alto
1,211.2,3,1.8,C,Enero,187.2,normal
6,214.9,4,9.4,A,Junio,422.9,alto
4,295.3,14,8.7,C,Enero,476.6,alto
3,58.4,5,,B,Febrero,352.1,alto
4,110.2,6,0.6,B,Marzo,196.0,normal
4,284.3,6,3.7,C,Enero,324.6,alto
1,64.7,10,10.7,A,Enero,346.6,alto
1,,8,5.9,D,Junio,252.3,normal
6,279.9,9,7.5,D,Abril,430.2,alto
7,277.5,6,7.6,C,Agosto,435.7,alto
7,171.9,5,5.3,B,Enero,315.3,alto
3,,4,5.4,C,Septiembre,231.5,normal
5,183.4,13,10.3,C,Septiembre,465.4,alto
7,242.2,9,3.4,C,Febrero,407.2,alto
6,129.9,11,7.8,D,Abril,356.2,alto
2,37.3,3,11.5,C,Enero,261.9,normal
2,298.1,4,6.0,D,Octubre,311.4,alto
2,273.2,3,,C,Marzo,206.5,normal
3,66.0,8,7.1,C,Enero,255.8,normal
4,119.7,2,3.5,A,Febrero,260.3,normal
1,224.0,7,6.9,B,Julio,286.4,normal
2,92.6,11,6.0,B,Septiembre,300.5,alto
7,237.5,4,9.9,C,Octubre,411.7,alto
2,237.0,9,6.5,B,Octubre,323.3,alto
4,128.9,2,11.4,B,Abril,347.3,alto
4,,14,5.3,C,Marzo,400.6,alto
4,111.1,14,11.0,B,Agosto,421.9,alto
1,222.5,9,1.6,B,Septiembre,231.7,normal
3,173.2,2,3.0,B,Octubre,213.6,normal
3,159.4,14,7.8,D,Julio,346.9,alto
6,159.0,5,9.0,D,Abril,385.4,alto
3,,11,10.7,B,Noviembre,435.0,alto
2,190.0,9,8.4,C,Agosto,377.5,alto
7,116.5,8,0.8,B,Diciembre,314.6,alto
2,238.0,3,7.1,D,Septiembre,242.3,normal
3,124.6,6,11.9,D,Julio,341.3,alto
1,164.7,9,4.6,B,Noviembre,4027.95995167225,normal
7,275.8,7,10.7,B,Octubre,497.3,alto
7,158.6,6,6.0,C,Noviembre,358.3,alto
3,,10,9.0,D,Junio,300.2,alto
5,34.6,8,3.9,D,Agosto,223.0,normal
5,273.5,8,2.2,C,Junio,367.7,alto
5,97.6,6,8.5,B,Enero,344.5,alto
2,250.0,13,1.4,C,Febrero,311.1,alto
4,260.2,7,1.7,D,Abril,274.1,normal
6,125.7,11,5.2,C,Febrero,390.6,alto
1,110.7,3,4.6,B,Julio,153.0,normal
2,244.8,8,,D,Mayo,274.6,normal
6,133.8,5,10.8,B,Marzo,382.4,alto
6,167.4,5,10.6,B,Mayo,428.4,alto
7,106.0,9,11.0,B,Septiembre,472.0,alto
5,202.6,10,11.8,C,Octubre,417.9,alto
2,85.4,2,7.0,B,Septiembre,244.5,normal
2,275.7,2,11.8,D,Agosto,319.8,alto
2,227.4,2,7.0,C,Octubre,251.0,normal
4,266.3,12,5.5,D,Julio,380.5,alto
4,196.3,4,6.3,B,Septiembre,295.7,normal
2,211.9,3,5.4,D,Agosto,247.5,normal
4,197.0,14,10.1,A,Julio,466.1,alto
5,66.5,2,10.0,B,Marzo,376.4,alto
3,297.5,8,3.9,C,Marzo,337.8,alto
4,130.0,14,5.4,C,Abril,370.2,alto
4,246.2,7,4.2,C,Noviembre,319.9,alto
3,296.4,6,5.2,C,Marzo,303.4,alto
2,228.2,2,7.5,C,Octubre,281.3,normal
2,214.9,2,3.4,D,Enero,4826.5380843365365,normal
4,212.4,6,7.2,C,Enero,344.7,alto
6,42.8,6,7.4,C,Febrero,326.4,alto
7,158.8,13,10.0,D,Agosto,436.4,alto
1,,14,8.3,C,Octubre,344.9,alto
3,294.3,2,10.0,D,Septiembre,355.2,alto
4,151.7,7,5.8,D,Julio,297.5,normal
5,200.3,4,3.5,B,Mayo,286.3,normal
2,170.2,8,8.8,C,Enero,328.8,alto
1,91.6,5,0.2,A,Junio,180.3,normal
4,181.4,6,7.0,B,Octubre,319.5,alto
6,292.7,5,9.4,C,Junio,428.3,alto
2,64.8,11,,D,Agosto,342.2,alto
6,37.7,7,11.3,C,Agosto,373.8,alto
4,131.6,14,11.4,D,Agosto,410.8,alto
7,244.6,9,11.1,b,Octubre,488.3,alto
7,93.6,13,11.8,B,Agosto,466.7,alto
5,168.9,6,2.2,B,Agosto,220.6,normal
6,79.5,9,8.3,B,Febrero,360.7,alto
7,214.4,11,11.6,C,Septiembre,515.9,alto
3,220.9,7,10.2,D,Agosto,382.8,alto
4,262.9,13,1.3,D,Enero,353.1,alto
7,228.1,10,10.3,C,Junio,483.1,alto
6,171.2,4,11.6,C,Diciembre,387.9,alto
3,229.2,2,9.7,D,Mayo,349.2,alto
5,290.4,4,2.3,B,Noviembre,325.4,alto
7,77.2,4,4.6,A,Mayo,320.0,alto
3,254.6,12,4.3,D,Diciembre,367.4,alto
4,279.2,2,8.1,D,Octubre,321.4,alto
6,233.9,5,9.6,C,Mayo,444.2,alto
3,174.2,4,3.0,B,Septiembre,276.0,normal
3,32.9,3,10.5,D,Diciembre,250.3,normal
6,193.3,4,8.6,d,Octubre,324.5,alto
3,282.9,5,5.3,C,Marzo,289.5,normal
4,227.2,13,7.6,B,Junio,429.5,alto
3,123.6,10,2.7,C,Noviembre,255.7,normal
1,202.9,14,,C,Marzo,283.4,normal
2,,4,8.9,B,Septiembre,397.4,alto
1,,7,11.9,D,Junio,305.2,alto
4,34.0,12,10.3,D,Enero,339.9,alto
1,112.8,3,7.4,A,Mayo,261.7,normal
7,139.3,7,7.9,C,Septiembre,352.6,alto
4,186.8,2,5.8,B,Julio,307.9,alto
7,132.2,5,4.1,C,Abril,320.2,alto
4,215.5,3,5.6,D,Marzo,261.8,normal
7,121.1,11,10.2,C,Agosto,443.2,alto
5,201.8,5,10.8,C,Agosto,441.6,alto
5,101.1,9,0.7,D,Octubre,212.4,normal
1,90.9,12,6.9,B,Marzo,4105.2508526406045,alto
7,131.2,3,11.0,C,Abril,389.3,alto
4,107.7,9,10.8,B,Mayo,425.1,alto
3,207.6,3,11.2,B,Mayo,380.2,alto
1,190.4,3,11.7,B,Julio,359.2,alto
3,49.0,8,2.6,B,Enero,204.7,normal
4,274.9,10,11.9,C,Agosto,466.6,alto
3,100.9,10,4.2,B,Octubre,277.5,normal
3,97.3,14,9.8,C,Febrero,378.2,alto
1,172.3,5,10.4,C,Febrero,332.5,alto
7,183.3,14,0.6,B,Diciembre,340.4,alto
3,30.9,10,,A,Julio,300.7,alto
7,287.2,14,2.3,A,Enero,457.7,alto
5,292.5,8,8.6,D,Mayo,446.6,alto
7,36.8,12,0.4,C,Abril,276.0,normal
1,137.1,6,4.5,C,Abril,230.2,normal
4,166.3,11,10.0,c,Marzo,398.5,alto
6,,11,8.4,B,Octubre,429.6,alto
4,261.9,13,1.7,B,Julio,348.1,alto
5,291.8,14,0.5,C,Mayo,355.1,alto
1,94.9,6,3.1,C,Septiembre,158.2,normal
3,211.7,3,11.3,C,Mayo,372.9,alto
7,100.3,12,2.3,B,Enero,333.1,alto
1,194.2,2,7.6,C,Enero,260.1,normal
4,298.4,9,5.4,B,Enero,385.0,alto
7,,9,4.1,C,Septiembre,346.2,alto
6,102.4,10,4.4,D,Febrero,337.5,alto
5,222.3,5,2.4,D,Septiembre,278.2,normal
7,248.7,7,0.5,A,Junio,359.0,alto
6,114.6,10,1.5,A,Diciembre,277.6,normal
1,232.1,4,4.8,A,Noviembre,252.1,normal
7,95.0,11,4.8,D,Mayo,350.6,alto
2,298.8,12,6.3,C,Abril,394.5,alto
3,228.6,9,7.0,A,Agosto,412.7,alto
5,106.7,11,8.7,C,Agosto,394.3,alto
5,272.8,7,6.6,C,Julio,401.8,alto
7,76.8,13,6.5,B,Julio,387.6,alto
1,286.0,3,7.9,B,Abril,301.1,alto
4,196.1,5,7.2,B,Agosto,347.1,alto
3,211.0,5,7.1,A,Abril,346.5,alto
4,201.7,5,8.3,D,Febrero,317.2,alto
4,170.2,14,11.2,C,Julio,439.0,alto
3,135.4,7,3.9,C,Julio,205.5,normal
3,171.6,3,4.7,D,Enero,235.8,normal
1,159.0,8,0.8,C,Marzo,212.1,normal
1,270.3,10,2.5,B,Noviembre,271.9,normal
2,250.1,8,5.9,C,Abril,340.8,alto
5,46.2,6,1.9,C,Julio,221.9,normal
3,99.7,11,1.4,B,Septiembre,242.5,normal
6,64.9,10,10.0,B,Marzo,415.4,alto
6,,9,3.6,C,Octubre,355.1,alto
2,246.5,11,5.4,B,Junio,310.9,alto
7,65.2,8,,D,Octubre,320.9,alto
7,186.6,4,4.2,C,Enero,317.3,alto
1,176.6,9,,D,Noviembre,217.9,normal
2,159.1,6,4.7,D,Octubre,224.1,normal
3,174.9,14,2.9,C,Abril,362.1,alto
2,278.7,14,5.0,D,Septiembre,367.3,alto
6,186.5,10,,A,Agosto,339.3,alto
7,143.7,11,7.1,D,Mayo,4449.793095328733,alto
2,281.8,12,5.3,C,Septiembre,376.9,alto
4,232.5,4,4.7,C,Agosto,313.4,alto
6,234.3,8,3.1,B,Enero,350.4,alto
5,130.5,8,4.7,D,Julio,350.0,alto
7,43.0,13,6.3,B,Agosto,342.8,alto
7,204.9,13,6.4,D,Junio,448.0,alto
1,,6,9.5,A,Febrero,358.8,alto
2,31.9,7,6.0,C,Enero,241.0,normal
1,123.9,11,9.1,C,Junio,300.0,normal
4,57.8,8,11.2,B,Diciembre,344.6,alto
4,285.3,3,1.2,C,Enero,289.0,normal
1,246.5,7,9.3,C,Marzo,352.2,alto
5,128.3,8,,C,Junio,270.0,normal
5,295.8,8,5.4,C,Septiembre,390.8,alto
2,138.5,11,1.5,C,Julio,238.0,normal
5,272.0,10,4.4,B,Septiembre,397.5,alto
1,142.7,4,3.5,C,Julio,205.6,normal
3,54.6,5,2.6,D,Diciembre,188.1,normal
1,148.3,11,8.0,C,Noviembre,329.9,alto
4,110.7,11,1.0,B,Noviembre,287.6,normal
5,123.1,7,8.6,C,Septiembre,380.2,alto
2,286.9,14,8.2,D,Enero,418.4,alto
3,291.5,6,6.4,A,Enero,372.6,alto
4,168.7,8,3.5,B,Julio,290.4,normal
7,162.0,14,4.2,C,Septiembre,408.3,alto
1,191.6,4,5.2,D,Enero,203.1,normal
6,40.5,12,8.8,C,Mayo,401.7,alto
2,46.2,6,,B,Octubre,175.4,normal
4,263.7,6,9.4,C,Mayo,415.0,alto
2,46.2,3,4.6,D,Febrero,145.7,normal
3,119.3,7,11.7,D,Noviembre,326.2,alto
7,92.7,7,1.3,C,Abril,282.3,normal
1,195.6,7,8.4,C,Febrero,261.1,normal
3,90.2,13,4.3,D,Diciembre,228.4,normal
4,,9,8.1,C,Octubre,328.3,alto
4,290.9,12,5.8,B,Diciembre,425.4,alto
6,,6,7.6,C,Octubre,356.9,alto
2,236.0,4,5.7,C,Febrero,257.1,normal
1,284.3,11,,C,Agosto,357.6,alto
5,299.1,8,11.2,C,Enero,445.3,alto
2,57.8,5,9.7,C,Noviembre,253.1,normal
1,,10,12.0,B,Agosto,425.3,alto
6,253.7,8,1.2,C,Agosto,313.1,alto
6,62.3,11,8.1,A,Septiembre,363.6,alto
6,292.9,11,1.1,D,Enero,350.9,alto
5,176.0,14,6.2,B,Febrero,381.2,alto
5,,8,3.0,C,Agosto,260.7,normal
6,,9,6.2,C,Marzo,283.5,normal
5,244.1,9,10.3,D,Junio,409.5,alto
2,,9,6.5,D,Abril,361.5,alto
3,118.4,9,3.2,D,Enero,274.1,normal
2,239.7,14,8.1,C,Abril,406.3,alto
3,143.1,13,11.9,A,Julio,451.6,alto
2,245.2,4,10.2,D,Noviembre,376.3,alto
5,284.4,2,,B,Marzo,342.0,alto
3,230.5,14,11.0,C,Agosto,441.8,alto
1,61.4,14,2.7,D,Mayo,252.7,normal
1,253.8,14,,B,Octubre,356.1,alto
5,170.7,4,8.5,D,Octubre,314.8,alto
6,57.2,13,5.2,D,Julio,354.4,alto
7,192.1,8,7.2,C,Octubre,408.5,alto
7,,3,11.6,C,Septiembre,433.6,alto
5,,13,6.6,D,Junio,357.0,alto
3,67.4,14,7.1,D,Enero,304.3,alto
4,250.5,7,10.0,A,Diciembre,416.1,alto
4,173.9,13,4.8,C,Febrero,385.0,alto
2,138.2,10,9.4,C,Febrero,335.0,alto
5,133.9,6,1.0,A,Marzo,258.8,normal
5,250.1,3,,B,Noviembre,286.8,normal
4,205.3,5,11.5,B,Noviembre,442.4,alto
7,92.9,13,,D,Agosto,362.8,alto
1,208.3,10,5.9,B,Diciembre,305.8,alto
7,56.5,13,4.5,D,Febrero,341.6,alto
1,282.8,9,0.1,B,Julio,259.3,normal
5,271.4,6,4.5,B,Julio,335.4,alto
2,185.7,12,0.5,C,Septiembre,258.6,normal
1,269.1,13,11.3,D,Octubre,441.2,alto
4,55.0,13,11.1,C,Noviembre,360.6,alto
2,184.6,3,0.1,C,Octubre,153.7,normal
5,,14,7.3,C,Agosto,384.7,alto
5,62.1,6,8.8,a,Noviembre,344.1,alto
7,219.6,14,6.4,C,Febrero,438.2,alto
4,,9,9.4,C,Mayo,429.0,alto
6,250.0,14,11.9,C,Julio,554.4,alto
2,73.9,9,,C,Junio,169.2,normal
7,129.2,10,0.0,A,Octubre,303.6,alto
2,156.2,14,6.7,B,Octubre,337.4,alto
5,297.4,5,9.8,D,Enero,450.5,alto
6,101.9,11,5.2,A,Agosto,405.2,alto
7,188.9,4,5.9,C,Julio,338.7,alto
7,51.7,4,8.0,b,Enero,330.2,alto
4,52.7,2,,B,Febrero,301.0,alto
1,,9,11.1,C,Noviembre,361.1,alto
7,81.9,8,6.9,C,Noviembre,377.0,alto
3,44.0,11,6.8,B,Octubre,324.5,alto
3,50.4,12,9.2,D,Agosto,321.1,alto
4,,12,1.2,C,Noviembre,318.5,alto
6,96.2,11,,C,Noviembre,289.0,normal
7,97.0,12,9.1,C,Enero,432.7,alto
4,34.1,11,7.3,A,Septiembre,310.4,alto
2,291.0,9,,B,Mayo,357.5,alto
4,146.5,12,,D,Febrero,422.0,alto
7,274.0,7,10.9,B,Abril,504.3,alto
4,109.6,7,10.6,D,Abril,354.4,alto
7,184.3,3,0.4,C,Noviembre,260.5,normal
4,119.2,8,11.6,C,Noviembre,352.5,alto
4,173.8,2,7.8,C,Marzo,347.8,alto
2,148.4,4,10.7,A,Abril,338.0,alto
1,218.5,2,2.8,B,Septiembre,168.8,normal
6,60.4,11,11.7,C,Septiembre,443.5,alto
4,292.3,7,6.4,C,Octubre,4792.181719460472,alto
3,102.7,12,9.9,D,Octubre,382.4,alto
7,168.9,3,10.6,d,Septiembre,435.5,alto
7,46.2,4,0.3,C,Abril,186.8,normal
4,255.1,12,1.4,B,Noviembre,343.0,alto
5,285.9,9,3.6,C,Junio,345.4,alto
1,115.9,13,1.3,A,Marzo,207.7,normal
4,128.3,4,10.6,A,Junio,349.2,alto
7,194.8,12,3.9,D,Diciembre,357.8,alto
5,39.0,4,3.1,D,Octubre,198.1,normal
3,111.5,10,5.5,D,Septiembre,255.0,normal
5,91.3,6,11.0,A,Agosto,365.2,alto
4,259.2,8,1.2,D,Enero,310.7,alto
1,129.7,8,1.6,A,Mayo,232.4,normal
5,,12,8.9,D,Julio,349.9,alto
4,260.1,10,,C,Septiembre,320.8,alto
3,127.6,3,11.1,B,Mayo,341.9,alto
7,139.0,3,0.3,B,Diciembre,259.7,normal
1,207.7,14,5.5,B,Mayo,310.1,alto
4,109.2,12,8.0,B,Noviembre,395.0,alto
3,207.2,5,2.2,B,Junio,212.9,normal
3,139.4,4,8.3,B,Marzo,337.7,alto
2,77.5,11,10.6,C,Octubre,323.4,alto
4,298.5,12,11.6,C,Septiembre,473.3,alto
4,78.3,8,10.2,B,Septiembre,381.7,alto
5,51.6,10,8.1,A,Julio,385.3,alto
7,128.5,10,4.4,D,Marzo,343.5,alto
4,,11,10.6,D,Septiembre,402.5,alto
5,134.7,2,1.4,B,Julio,230.3,normal
3,134.9,2,1.4,C,Marzo,152.9,normal
7,194.4,8,0.5,D,Noviembre,304.5,alto
5,234.6,4,5.8,C,Junio,338.3,alto
7,108.7,6,7.5,C,Junio,341.2,alto
5,232.8,13,10.5,D,Enero,482.0,alto
7,149.3,3,8.8,C,Enero,384.5,alto
5,298.0,7,4.7,C,Agosto,354.8,alto
1,225.0,10,10.8,C,Diciembre,390.6,alto
1,212.2,5,0.4,B,Marzo,194.1,normal
1,,2,0.7,B,Febrero,136.2,normal
6,127.3,11,11.1,B,Noviembre,452.4,alto
7,85.4,9,0.8,C,Septiembre,288.9,normal
1,186.8,3,8.1,A,Marzo,312.3,alto
3,200.4,12,2.6,B,Mayo,306.6,alto
6,134.0,4,1.1,B,Junio,232.3,normal
2,278.9,13,8.5,C,Septiembre,409.8,alto
3,244.7,6,10.8,C,Diciembre,432.5,alto
7,241.5,11,9.1,D,Enero,459.3,alto
4,173.2,8,11.6,D,Octubre,407.1,alto
1,175.8,8,5.2,D,Marzo,267.1,normal
7,78.1,4,4.5,B,Julio,294.4,normal
6,155.3,9,8.6,D,Febrero,394.0,alto
3,217.8,11,4.2,c,Abril,332.0,alto
5,253.2,4,8.1,C,Enero,377.4,alto
6,167.7,9,10.0,C,Mayo,425.7,alto
2,208.4,7,8.1,C,Junio,305.3,alto
3,,8,7.6,A,Octubre,382.9,alto
1,215.4,11,11.8,D,Noviembre,391.7,alto
7,182.5,8,11.2,D,Abril,465.1,alto
3,218.1,7,,C,Enero,293.4,normal
5,,6,11.2,A,Enero,419.7,alto
3,78.8,3,5.8,D,Septiembre,192.0,normal
3,294.8,2,8.3,C,Abril,345.4,alto
2,112.2,10,3.4,D,Julio,225.8,normal
3,257.8,6,7.5,C,Enero,344.9,alto
6,84.0,7,10.1,C,Febrero,393.9,alto
2,183.2,2,3.2,D,Septiembre,229.4,normal
2,41.7,10,9.3,C,Mayo,318.6,alto
3,147.6,11,3.8,A,Junio,2751.612095298482,alto
6,258.4,14,9.5,B,Agosto,486.3,alto
6,76.1,4,5.9,A,Octubre,294.1,normal
4,98.2,12,9.5,C,Octubre,370.6,alto
3,291.1,11,3.7,C,Diciembre,362.7,alto
7,210.2,5,9.4,A,Marzo,458.4,alto
4,200.7,11,11.4,C,Mayo,420.1,alto
6,215.2,3,0.3,B,Enero,247.9,normal
7,283.3,6,8.1,C,Abril,454.5,alto
4,219.6,3,1.4,B,Abril,272.2,normal
4,279.5,12,1.5,B,Enero,348.3,alto
7,225.3,10,11.5,C,Febrero,502.8,alto
5,,6,3.2,D,Noviembre,350.8,alto
5,290.2,4,10.8,C,Junio,438.2,alto
3,299.9,11,7.0,C,Abril,430.5,alto
3,,9,2.0,D,Agosto,270.6,normal
2,184.9,6,1.6,C,Junio,196.9,normal
5,183.7,13,10.4,D,Noviembre,427.4,alto
4,,4,5.9,B,Diciembre,359.1,alto
6,109.1,4,2.5,D,Marzo,204.3,normal
4,259.6,9,8.9,D,Junio,419.9,alto
6,33.0,12,2.0,B,Junio,297.6,normal
6,37.1,14,9.6,C,Noviembre,431.3,alto
5,211.5,7,9.0,C,Mayo,390.1,alto
4,271.2,6,4.2,C,Agosto,318.4,alto
7,184.0,13,3.8,C,Febrero,369.4,alto
5,127.1,5,1.3,B,Noviembre,224.4,normal
7,282.1,8,3.5,D,Febrero,398.1,alto
3,120.0,8,2.5,D,Noviembre,222.1,normal
7,193.3,13,,C,Diciembre,500.2,alto
4,,13,,A,Diciembre,374.1,alto
3,228.7,12,11.8,C,Abril,425.0,alto
2,284.9,4,4.6,D,Diciembre,253.1,normal
5,138.6,10,11.5,C,Enero,474.8,alto
4,236.0,5,3.7,B,Junio,286.9,normal
6,77.5,7,1.3,B,Enero,259.4,normal
2,185.7,9,7.9,C,Enero,318.1,alto
1,258.0,4,6.8,A,Junio,317.1,alto
7,272.8,3,5.6,B,Abril,390.9,alto
6,56.4,10,11.0,C,Agosto,407.2,alto
1,270.3,14,6.3,C,Noviembre,344.4,alto
7,170.3,14,3.4,D,Agosto,367.9,alto
7,230.2,9,,D,Junio,341.5,alto
3,271.0,2,6.4,D,Marzo,302.3,alto
3,83.0,11,8.2,C,Octubre,293.8,normal
4,71.4,4,4.4,D,Mayo,247.0,normal
7,38.0,6,3.2,D,Enero,272.0,normal
7,33.9,9,0.3,B,Marzo,263.0,normal
6,81.9,8,11.8,D,Junio,430.8,alto
3,252.4,9,7.7,B,Abril,371.9,alto
6,79.8,7,1.7,A,Enero,278.7,normal
2,30.9,8,6.1,D,Mayo,224.1,normal
4,173.5,2,0.2,B,Abril,4140.237751370788,normal
2,52.3,10,10.4,C,Noviembre,359.9,alto
1,55.9,11,11.8,C,Octubre,369.7,alto
6,201.5,10,2.6,C,Junio,347.0,alto
2,241.2,6,7.9,C,Julio,307.2,alto
1,151.1,3,7.6,b,Abril,238.9,normal
3,73.8,8,5.3,B,Julio,280.6,normal
5,230.5,13,2.6,C,Octubre,338.1,alto
7,208.7,2,5.4,C,Diciembre,337.7,alto
4,147.6,5,8.6,C,Diciembre,336.7,alto
4,,4,9.2,C,Mayo,312.5,alto
5,240.9,7,,C,Abril,403.4,alto
2,111.2,8,7.2,B,Agosto,297.5,normal
2,264.8,12,3.3,C,Marzo,325.6,alto
2,169.4,12,11.9,B,Septiembre,415.6,alto
5,286.9,8,10.6,B,Marzo,486.0,alto
2,146.5,7,,C,Junio,332.8,alto
4,265.2,11,1.3,B,Mayo,355.3,alto
2,,7,11.5,C,Octubre,380.6,alto
5,293.2,3,7.2,C,Marzo,360.3,alto
5,202.7,7,2.9,C,Agosto,294.2,normal
4,73.3,10,6.2,B,Diciembre,285.8,normal
1,120.8,3,7.8,C,Febrero,208.5,normal
4,107.6,11,5.8,D,Agosto,299.2,normal
6,247.8,11,1.6,C,Mayo,345.8,alto
4,211.2,10,9.5,D,Julio,409.0,alto
4,257.1,3,,D,Julio,302.9,alto
6,130.9,13,,C,Septiembre,314.9,alto
6,279.4,6,11.8,D,Julio,444.3,alto
3,204.7,4,3.6,D,Febrero,285.3,normal
5,76.8,6,10.0,A,Abril,345.9,alto
1,168.6,2,1.1,B,Diciembre,170.7,normal
7,59.7,10,2.4,D,Mayo,317.9,alto
2,,14,10.7,B,Enero,374.4,alto
1,58.9,3,,c,Noviembre,247.7,normal
2,68.1,11,10.6,C,Junio,343.8,alto
5,102.4,11,8.5,D,Julio,367.5,alto
1,225.7,9,2.6,B,Marzo,274.5,normal
5,96.0,5,3.1,C,Marzo,244.9,normal
1,50.7,12,4.0,C,Julio,229.0,normal
2,108.6,5,0.1,C,Junio,181.2,normal
5,209.0,12,0.1,D,Junio,288.0,normal
1,56.8,8,0.4,D,Octubre,184.1,normal
3,198.0,10,4.4,A,Mayo,363.0,alto
1,192.3,11,,C,Enero,219.2,normal
2,,7,5.2,D,Julio,287.1,normal
6,81.4,14,6.9,D,Enero,369.9,alto
4,297.3,12,,D,Junio,408.1,alto
5,173.8,5,3.0,C,Agosto,286.7,normal
1,126.0,4,8.9,C,Septiembre,265.6,normal
6,201.1,7,4.1,D,Junio,297.1,normal
1,65.6,4,4.8,D,Junio,156.3,normal
4,72.8,2,5.0,B,Febrero,207.6,normal
1,183.5,9,8.1,C,Enero,327.0,alto
1,260.5,4,3.0,D,Octubre,212.6,normal
2,219.7,11,8.3,C,Diciembre,378.7,alto
5,233.3,8,6.0,D,Abril,410.9,alto
7,55.0,8,4.7,B,Agosto,278.0,normal
7,204.2,10,9.8,C,Mayo,442.8,alto
7,113.1,5,,D,Enero,299.1,normal
6,123.5,6,6.7,C,Diciembre,335.9,alto
5,130.1,2,0.2,D,Enero,172.6,normal
7,246.0,3,3.0,B,Noviembre,299.0,normal
2,284.8,11,5.2,A,Agosto,296.5,normal
3,53.5,14,6.9,C,Marzo,340.8,alto
6,182.2,10,3.3,D,Septiembre,322.8,alto
2,47.3,9,8.9,D,Diciembre,262.3,normal
7,72.3,3,9.8,C,Julio,2754.48065758436,alto
6,214.5,5,9.4,C,Enero,423.9,alto
5,173.6,9,3.6,C,Abril,308.5,alto
6,218.5,9,2.8,C,Junio,333.5,alto
4,220.3,11,5.4,D,Octubre,369.1,alto
5,36.7,11,7.4,B,Abril,335.5,alto
4,51.6,4,1.5,B,Octubre,154.6,normal
5,76.6,5,6.4,C,Septiembre,303.0,alto
1,68.9,5,,C,Marzo,234.7,normal
5,168.8,14,4.2,B,Julio,350.3,alto
4,245.6,9,0.3,D,Agosto,306.3,alto
2,58.3,11,10.3,D,Octubre,297.4,normal
1,129.4,11,11.7,D,Diciembre,351.4,alto
6,132.4,8,9.8,D,Agosto,386.8,alto
3,269.9,2,,D,Octubre,217.2,normal
3,91.3,8,11.1,D,Marzo,364.0,alto
4,295.5,5,11.5,B,Abril,451.6,alto
4,257.6,13,9.4,B,Febrero,481.1,alto
3,233.0,6,0.5,D,Junio,261.0,normal
2,,5,7.5,D,Marzo,232.7,normal
4,131.2,13,5.1,A,Febrero,342.8,alto
1,121.0,6,3.1,A,Julio,211.3,normal
6,174.4,5,3.7,D,Mayo,298.8,normal
2,129.0,7,6.8,D,Noviembre,287.0,normal
5,77.7,4,6.6,B,Junio,286.7,normal
3,161.6,3,5.6,A,Diciembre,236.6,normal
3,,5,7.3,C,Febrero,238.4,normal
1,33.1,7,8.3,d,Febrero,216.7,normal
7,77.2,6,2.8,D,Diciembre,277.8,normal
1,158.0,2,8.4,C,Agosto,275.2,normal
1,274.6,14,4.4,C,Julio,332.8,alto
5,102.9,5,2.1,B,Agosto,281.7,normal
1,,6,9.2,D,Junio,252.1,normal
4,,11,7.7,C,Noviembre,389.4,alto
2,263.3,10,9.2,C,Agosto,374.6,alto
5,248.3,2,0.8,C,Agosto,209.1,normal
5,110.1,9,2.3,A,Marzo,270.5,normal
1,286.8,8,,D,Diciembre,380.8,alto
1,257.4,14,5.2,D,Noviembre,327.9,alto
6,195.6,11,1.0,A,Julio,311.6,alto
6,272.9,7,1.7,C,Enero,330.0,alto
1,165.0,12,6.2,D,Febrero,308.9,alto
5,190.5,9,5.0,C,Marzo,327.0,alto
6,153.0,9,8.3,B,Agosto,407.0,alto
6,48.9,5,8.0,A,Septiembre,317.7,alto
1,155.5,7,11.1,B,Enero,334.4,alto
1,212.9,11,1.8,C,Agosto,244.1,normal
1,76.0,11,6.9,C,Mayo,283.3,normal
3,,5,5.9,A,Abril,268.0,normal
7,64.2,3,5.1,C,Mayo,263.4,normal
2,124.8,7,8.0,C,Marzo,4084.460972517789,normal
3,44.3,5,7.1,A,Diciembre,271.9,normal
3,33.1,5,4.8,D,Noviembre,209.5,normal
7,,11,2.2,C,Marzo,277.7,normal
3,118.9,10,2.6,C,Enero,237.8,normal
5,271.3,8,10.5,A,Octubre,499.6,alto
6,55.5,8,9.5,C,Abril,374.8,alto
7,297.6,4,3.1,D,Agosto,353.9,alto
7,292.3,4,1.3,A,Octubre,340.6,alto
2,138.3,10,7.6,D,Mayo,301.5,alto
3,,4,8.7,B,Octubre,389.7,alto
5,171.2,11,5.4,D,Noviembre,342.3,alto
1,227.2,5,10.6,B,Octubre,332.0,alto
5,,14,4.3,B,Junio,341.4,alto
5,235.6,10,2.9,C,Septiembre,346.9,alto
3,146.3,13,5.0,A,Febrero,372.3,alto
4,150.0,9,7.4,C,Junio,327.2,alto
6,102.8,6,8.3,D,Marzo,340.3,alto
1,74.3,6,1.4,C,Septiembre,133.6,normal
3,55.2,12,3.6,A,Septiembre,284.4,normal
7,222.5,4,3.2,B,Marzo,324.9,alto
1,124.4,7,3.7,C,Mayo,216.0,normal
5,,7,,C,Agosto,255.6,normal
4,263.9,5,6.3,C,Diciembre,348.3,alto
5,244.3,8,6.4,A,Octubre,411.7,alto
2,281.4,9,11.8,B,Diciembre,449.6,alto
7,273.8,2,6.1,C,Marzo,365.5,alto
7,226.8,2,2.5,A,Septiembre,314.6,alto
4,73.4,6,11.7,C,Noviembre,344.2,alto
7,152.0,11,0.8,C,Noviembre,309.5,alto
5,155.4,7,4.2,C,Agosto,288.8,normal
4,,11,4.1,B,Abril,334.2,alto
7,51.8,8,10.0,D,Agosto,396.7,alto
5,82.5,13,10.4,D,Mayo,409.4,alto
7,130.8,7,7.1,C,Diciembre,389.0,alto
7,154.9,3,6.6,D,Noviembre,354.9,alto
5,76.4,14,11.0,D,Diciembre,398.1,alto
1,286.2,11,2.2,B,Mayo,3441.5340122329694,alto
3,48.4,7,2.4,C,Junio,175.8,normal
5,,2,6.4,C,Abril,326.0,alto
3,73.6,10,8.8,d,Septiembre,306.4,alto
3,268.7,5,0.3,B,Octubre,256.1,normal
3,197.4,6,6.8,C,Diciembre,349.7,alto
1,,6,9.0,C,Agosto,254.8,normal
6,97.6,11,,D,Julio,267.6,normal
7,149.6,12,10.8,B,Septiembre,479.2,alto
4,213.5,10,11.0,B,Abril,441.7,alto
6,63.2,11,10.3,A,Enero,414.5,alto
6,73.6,3,6.2,B,Septiembre,255.1,normal
2,299.8,4,,C,Junio,235.0,normal
6,133.8,13,5.3,D,Febrero,374.0,alto
3,128.7,8,6.7,D,Febrero,311.9,alto
6,273.0,14,1.0,A,Abril,410.4,alto
4,66.4,4,9.1,A,Noviembre,312.7,alto
2,82.2,13,8.4,C,Agosto,320.0,alto
4,,5,9.9,C,Enero,335.9,alto
5,295.4,9,8.6,C,Marzo,446.1,alto
7,249.1,14,3.3,C,Septiembre,436.2,alto
1,230.0,3,5.3,B,Noviembre,266.1,normal
2,172.6,13,6.4,B,Junio,355.5,alto
4,,14,7.2,C,Abril,326.1,alto
4,,4,6.3,C,Mayo,241.5,normal
5,185.1,12,8.9,B,Enero,409.6,alto
1,212.3,7,7.2,C,Diciembre,307.3,alto
1,32.7,10,1.8,C,Octubre,192.5,normal
5,288.4,9,7.6,C,Noviembre,423.3,alto
3,256.3,11,5.4,C,Diciembre,342.1,alto
5,62.1,11,8.1,D,Junio,330.2,alto
6,132.1,5,2.2,C,Abril,248.4,normal
1,218.8,6,3.5,B,Noviembre,249.9,normal
6,259.0,14,5.9,B,Septiembre,459.8,alto
5,89.8,5,3.8,B,Abril,286.9,normal
1,143.5,11,8.2,A,Septiembre,329.6,alto
2,167.0,14,11.8,D,Junio,410.2,alto
4,293.3,6,8.5,A,Septiembre,442.8,alto
2,116.4,13,0.8,D,Septiembre,210.7,normal
7,35.4,5,6.7,B,Junio,332.4,alto
2,95.6,2,9.9,A,Octubre,298.6,normal
7,210.3,7,11.2,C,Noviembre,415.9,alto
1,131.7,6,2.4,C,Diciembre,169.8,normal
1,40.0,11,3.6,B,Noviembre,186.4,normal
7,192.8,11,11.1,D,Febrero,485.3,alto
2,147.0,9,0.5,D,Julio,208.7,normal
7,81.5,8,6.0,D,Febrero,317.0,alto
6,220.8,4,4.3,A,Diciembre,322.8,alto
3,272.0,4,0.7,B,Febrero,229.6,normal
6,169.4,2,4.8,C,Mayo,299.3,normal
5,192.8,11,7.0,C,Abril,401.3,alto
7,299.7,4,9.9,C,Febrero,447.1,alto
1,31.9,7,,C,Agosto,135.8,normal
5,221.7,7,9.1,B,Junio,397.5,alto
7,174.9,8,4.7,D,Marzo,310.1,alto
1,228.1,10,2.1,C,Agosto,217.7,normal
5,158.5,5,7.1,C,Noviembre,332.7,alto
7,240.9,5,4.1,C,Diciembre,379.0,alto
2,65.2,12,0.9,B,Febrero,195.4,normal
7,,2,10.3,D,Diciembre,453.2,alto
4,61.5,14,9.8,C,Abril,392.2,alto
2,122.2,4,1.4,A,Mayo,213.4,normal
2,261.0,3,7.6,B,Septiembre,303.1,alto
2,140.0,12,1.5,D,Marzo,221.2,normal
1,240.7,5,8.1,C,Abril,267.6,normal
4,204.9,12,4.1,D,Septiembre,341.5,alto
4,285.6,10,1.3,D,Diciembre,299.6,normal
4,96.4,9,8.9,B,Mayo,340.7,alto
3,190.8,13,,C,Abril,301.3,alto
4,238.9,8,2.6,C,Junio,286.7,normal
7,193.1,10,,B,Junio,357.5,alto
2,206.3,12,8.6,D,Noviembre,344.8,alto
3,30.7,14,4.9,B,Noviembre,320.0,alto
5,157.5,5,3.6,B,Junio,275.1,normal
3,46.3,6,1.0,C,Agosto,183.2,normal
5,282.7,10,10.1,C,Agosto,461.2,alto
4,290.4,5,11.2,A,Septiembre,457.2,alto
3,228.6,13,4.1,C,Octubre,334.8,alto
4,257.4,9,2.0,C,Enero,265.5,normal
6,229.0,12,,D,Diciembre,420.3,alto
3,111.1,13,5.7,D,Abril,295.4,normal
7,263.9,2,11.7,C,Agosto,431.5,alto
2,,7,9.5,D,Julio,308.6,alto
2,,3,2.0,b,Agosto,278.6,normal
5,109.8,7,5.1,B,Noviembre,288.8,normal
1,217.5,12,6.9,D,Junio,321.7,alto
2,78.6,5,0.5,C,Enero,127.6,normal
6,253.9,14,11.7,B,Mayo,533.2,alto
4,215.7,9,10.2,C,Marzo,428.9,alto
3,144.9,13,7.5,D,Febrero,353.0,alto
2,111.0,9,1.0,C,Marzo,165.4,normal
3,54.0,9,1.4,D,Mayo,162.1,normal
2,174.0,8,5.8,D,Marzo,252.4,normal
3,173.9,10,4.0,C,Agosto,243.1,normal
3,60.4,3,6.8,B,Marzo,223.9,normal
2,206.4,12,4.3,B,Junio,311.0,alto
1,267.1,11,11.9,B,Julio,406.3,alto
2,,13,5.6,D,Febrero,340.2,alto
4,272.6,10,0.8,D,Abril,288.8,normal
6,133.8,13,0.9,B,Octubre,305.8,alto
2,261.3,12,5.5,C,Mayo,378.6,alto
5,136.5,13,8.4,A,Junio,441.3,alto
7,156.9,6,3.5,B,Abril,295.4,normal
6,160.0,9,10.8,A,Enero,440.4,alto
4,134.9,9,10.9,B,Mayo,378.7,alto
3,100.1,6,6.6,B,Febrero,259.4,normal
7,150.6,4,7.9,C,Agosto,365.0,alto
2,139.3,7,9.0,C,Enero,302.8,alto
5,83.5,5,2.0,D,Marzo,177.8,normal
7,254.0,4,2.3,C,Abril,310.5,alto
2,,11,8.4,C,Julio,303.0,alto
4,212.5,14,11.8,B,Febrero,503.0,alto
1,268.0,2,7.9,C,Enero,272.3,normal
5,277.7,2,,D,Mayo,340.9,alto
5,41.3,4,4.4,C,Enero,248.4,normal
7,294.5,5,6.6,B,Julio,453.5,alto
3,231.0,4,9.6,C,Noviembre,364.5,alto
3,286.6,10,10.2,C,Septiembre,439.0,alto
6,98.6,3,9.6,C,Septiembre,319.7,alto
3,83.9,12,11.8,B,Mayo,387.3,alto
6,98.5,10,7.9,B,Diciembre,389.0,alto
1,78.2,3,7.3,C,Mayo,216.9,normal
6,225.1,12,6.7,B,Agosto,388.1,alto
7,296.5,4,2.2,C,Enero,334.2,alto
1,160.4,5,1.5,C,Noviembre,186.8,normal
7,175.9,2,2.3,C,Noviembre,282.1,normal
4,253.1,5,8.9,C,Agosto,401.1,alto
3,206.1,2,10.7,D,Septiembre,330.8,alto
1,43.3,13,,C,Octubre,279.3,normal
1,63.3,8,5.2,C,Febrero,182.1,normal
7,162.1,2,9.2,B,Julio,389.6,alto
3,67.6,5,7.3,C,Abril,241.6,normal
1,242.5,5,10.7,b,Abril,357.4,alto
4,169.4,10,8.4,B,Febrero,397.4,alto
3,182.1,7,7.2,B,Junio,349.3,alto
7,142.3,12,0.3,D,Diciembre,307.8,alto
1,159.1,9,2.8,B,Enero,251.2,normal
4,,12,6.8,B,Mayo,418.8,alto
3,246.3,4,3.9,A,Febrero,326.8,alto
1,229.6,4,,C,Febrero,3018.4773155520775,alto
1,53.6,2,8.1,B,Septiembre,229.1,normal
7,274.1,6,7.3,D,Enero,394.9,alto
2,,6,6.2,A,Julio,231.3,normal
1,55.9,10,5.1,B,Septiembre,214.2,normal
2,60.8,7,,C,Diciembre,160.1,normal
6,266.0,12,4.4,B,Abril,417.5,alto
3,215.4,2,6.4,C,Junio,278.9,normal
1,228.5,13,6.2,D,Octubre,314.1,alto
4,188.2,2,4.3,C,Agosto,253.6,normal
1,242.4,7,10.4,C,Septiembre,350.8,alto
2,135.2,9,3.3,C,Diciembre,217.2,normal
3,202.9,3,8.5,B,Febrero,340.2,alto
6,287.5,9,5.3,B,Junio,428.7,alto
6,75.8,11,10.0,B,Enero,436.9,alto
6,44.9,4,11.7,D,Septiembre,358.4,alto
1,,6,4.0,C,Noviembre,3665.0092370729676,normal
2,81.9,11,11.0,A,Diciembre,373.3,alto
6,280.0,3,11.4,D,Marzo,430.1,alto
3,64.7,4,,B,Octubre,168.5,normal
3,244.0,7,8.7,C,Enero,359.8,alto
2,215.2,9,3.3,B,Abril,276.9,normal
3,119.3,8,2.5,C,Mayo,212.3,normal
1,209.5,6,1.9,C,Mayo,171.9,normal
2,239.5,10,3.7,C,Noviembre,293.6,normal
7,64.0,11,10.9,A,Octubre,450.7,alto
4,79.7,13,2.1,D,Marzo,283.9,normal
2,199.9,10,1.4,C,Agosto,251.8,normal
4,218.1,5,10.6,D,Diciembre,359.0,alto
4,229.7,2,7.2,A,Febrero,337.5,alto
3,114.4,4,,C,Abril,217.6,normal
4,90.1,12,9.3,B,Abril,405.5,alto
3,265.4,7,8.0,C,Marzo,381.9,alto
5,253.8,7,3.6,C,Abril,306.4,alto
6,199.9,12,4.8,C,Septiembre,369.7,alto
3,97.6,2,9.6,B,Febrero,268.1,normal
7,189.9,5,2.9,B,Marzo,294.4,normal
4,210.7,9,11.7,D,Julio,412.4,alto
7,262.5,5,10.1,B,Marzo,486.9,alto
5,107.1,13,6.6,D,Noviembre,380.0,alto
7,242.0,8,4.7,D,Marzo,384.5,alto
2,132.3,8,0.8,C,Noviembre,190.1,normal
7,208.7,12,4.0,C,Octubre,384.0,alto
5,79.9,3,0.1,D,Agosto,176.7,normal
2,92.7,2,3.4,C,Febrero,157.6,normal
4,200.4,2,9.5,B,Julio,381.8,alto
7,99.1,3,,D,Junio,296.3,normal
2,185.8,11,,C,Diciembre,339.3,alto
5,267.5,5,,B,Abril,2843.8247504534515,alto
7,30.4,2,1.7,C,Febrero,167.3,normal
6,141.0,3,10.7,B,Abril,387.8,alto
6,72.8,9,,D,Octubre,321.3,alto
1,216.6,4,5.2,C,Abril,208.1,normal
1,164.0,2,9.2,B,Mayo,266.6,normal
5,176.9,2,4.0,D,Enero,303.4,alto
2,127.4,12,0.2,A,Diciembre,236.7,normal
6,,11,6.4,A,Agosto,446.5,alto
3,135.3,14,5.6,C,Septiembre,341.0,alto
4,111.8,13,3.7,D,Junio,291.2,normal
7,45.3,13,6.3,B,Septiembre,376.3,alto
7,189.9,6,7.5,C,Octubre,403.1,alto
1,194.3,11,3.7,B,Septiembre,321.1,alto
5,241.4,2,3.4,C,Abril,311.6,alto
1,103.2,9,1.2,C,Diciembre,152.5,normal
2,70.7,3,4.6,C,Febrero,182.3,normal
1,,3,7.9,C,Septiembre,309.1,alto
3,248.1,12,1.3,B,Febrero,312.6,alto
5,215.0,13,7.8,d,Mayo,416.0,alto
1,204.1,8,8.7,C,Noviembre,301.6,alto
5,71.9,9,9.2,A,Mayo,378.9,alto
4,240.5,12,11.9,A,Noviembre,495.2,alto
7,191.2,9,7.4,D,Julio,428.8,alto
4,222.2,9,9.5,D,Junio,397.7,alto
1,41.5,14,2.5,D,Octubre,203.0,normal
3,273.7,13,6.2,C,Septiembre,365.0,alto
2,145.8,13,10.2,C,Diciembre,367.1,alto
4,134.3,14,6.3,D,Octubre,339.3,alto
5,177.1,10,9.4,B,Marzo,389.8,alto
5,191.8,9,2.5,C,Noviembre,326.1,alto
7,191.9,7,4.7,D,Octubre,359.7,alto
1,34.6,14,,A,Abril,390.8,alto
1,70.7,7,0.3,B,Octubre,185.4,normal
3,143.8,6,1.6,B,Enero,236.3,normal
7,107.0,14,3.0,C,Enero,311.0,alto
5,288.1,12,0.6,B,Septiembre,3354.2450567423202,alto
7,,2,1.6,A,Octubre,228.4,normal
3,188.4,3,9.2,B,Noviembre,354.3,alto
1,256.4,14,5.7,C,Agosto,357.2,alto
4,157.6,5,7.1,B,Abril,331.9,alto
5,239.6,5,2.0,C,Enero,273.2,normal
7,32.3,9,10.9,C,Marzo,400.5,alto
2,241.9,11,6.9,B,Enero,381.3,alto
7,93.2,13,10.4,C,Agosto,457.9,alto
2,,7,2.4,c,Diciembre,179.9,normal
7,226.7,12,5.5,B,Octubre,410.4,alto
3,81.0,12,10.7,B,Octubre,371.2,alto
1,272.1,13,7.7,C,Mayo,407.1,alto
3,104.2,3,0.7,B,Mayo,171.1,normal
3,162.2,10,,C,Agosto,270.5,normal
6,80.8,13,9.7,c,Septiembre,411.7,alto
2,33.8,12,6.2,A,Abril,326.4,alto
7,105.9,8,11.4,D,Diciembre,435.3,alto
7,79.8,4,1.8,C,Septiembre,238.2,normal
5,283.1,4,8.8,D,Abril,359.3,alto
6,98.3,12,,C,Enero,419.2,alto
4,228.4,7,6.0,C,Marzo,369.8,alto
7,131.0,2,2.3,B,Abril,249.5,normal
5,273.1,10,11.7,C,Octubre,488.3,alto
5,244.0,7,0.4,B,Marzo,284.4,normal
3,86.5,9,7.4,B,Febrero,289.4,normal
3,58.1,10,9.3,D,Marzo,330.2,alto
6,289.8,4,3.6,C,Mayo,370.1,alto
2,274.9,8,8.5,D,Septiembre,3381.357050931514,alto
1,,7,3.7,C,Septiembre,206.7,normal
4,200.7,10,11.3,B,Octubre,479.5,alto
7,184.4,14,0.4,B,Agosto,326.6,alto
4,71.4,14,9.1,D,Julio,379.2,alto
2,282.5,10,10.5,C,Febrero,432.2,alto
4,210.4,3,2.4,D,Octubre,262.9,normal
4,165.3,14,11.5,C,Febrero,436.1,alto
4,294.6,2,6.6,D,Noviembre,339.3,alto
2,,14,2.0,C,Junio,215.6,normal
6,279.4,14,4.7,D,Abril,442.1,alto
7,207.7,9,4.0,D,Enero,343.8,alto
1,75.9,7,10.2,B,Febrero,317.6,alto
6,106.2,6,0.2,C,Febrero,237.6,normal
3,234.2,4,8.8,B,Abril,346.3,alto
2,216.4,5,0.8,C,Febrero,224.4,normal
7,275.2,11,9.7,A,Julio,503.6,alto
3,241.3,8,3.0,b,Febrero,280.8,normal
3,125.8,4,8.1,C,Octubre,315.7,alto
1,247.2,8,7.2,B,Diciembre,328.3,alto
1,220.9,7,11.3,c,Julio,363.1,alto
2,77.3,8,11.4,C,Diciembre,324.3,alto
4,131.1,13,6.6,C,Abril,339.1,alto
1,289.4,8,3.8,D,Septiembre,262.6,normal
1,57.8,10,7.0,A,Agosto,298.3,normal
6,279.9,12,,D,Abril,517.5,alto
4,94.5,2,0.2,C,Julio,144.8,normal
7,239.5,2,1.6,C,Julio,317.8,alto
7,150.6,13,12.0,B,Marzo,485.7,alto
2,,6,2.4,B,Octubre,226.1,normal
5,37.1,2,4.4,D,Septiembre,228.5,normal
7,254.3,10,0.3,B,Septiembre,364.1,alto
2,293.0,7,4.3,C,Agosto,306.6,alto
5,140.8,6,6.8,B,Agosto,324.9,alto
6,286.3,11,5.9,B,Marzo,443.4,alto
5,35.7,14,0.6,A,Junio,268.9,normal
3,86.1,7,,D,Septiembre,325.4,alto
6,271.7,7,10.4,C,Enero,441.9,alto
5,121.8,5,5.1,C,Agosto,289.4,normal
5,74.5,13,10.6,B,Marzo,438.5,alto
1,221.8,4,,C,Marzo,207.3,normal
4,41.1,6,4.8,B,Agosto,265.8,normal
1,144.3,5,3.6,B,Julio,190.3,normal
6,,7,11.8,D,Mayo,402.1,alto
4,288.7,8,0.7,B,Octubre,312.7,alto
4,,10,1.5,C,Agosto,243.9,normal
1,287.4,8,10.5,A,Octubre,399.2,alto
3,118.4,7,4.6,C,Octubre,248.0,normal
2,82.8,14,6.8,B,Octubre,329.2,alto
2,213.6,11,6.7,C,Agosto,323.2,alto
5,60.1,10,3.8,D,Junio,278.7,normal
6,150.7,13,,D,Febrero,405.6,alto
7,282.1,2,8.0,B,Mayo,398.3,alto
2,98.6,7,1.4,C,Enero,155.8,normal
5,135.2,13,7.3,D,Junio,381.3,alto
1,31.9,10,4.7,D,Marzo,188.5,normal
4,130.0,2,10.5,C,Junio,301.1,alto
6,40.7,6,3.0,A,Diciembre,269.0,normal
2,118.9,2,2.1,C,Enero,164.1,normal
3,239.1,11,8.5,C,Mayo,364.5,alto
7,191.7,10,8.6,C,Octubre,444.7,alto
6,209.4,14,3.2,B,Junio,353.9,alto
2,97.9,9,5.5,C,Octubre,249.8,normal
1,71.9,6,2.9,B,Octubre,193.8,normal
4,226.3,5,1.1,A,Octubre,315.1,alto
7,194.8,6,10.1,C,Febrero,449.9,alto
2,146.8,12,4.3,B,Julio,316.6,alto
7,120.4,13,8.1,D,Febrero,412.7,alto
2,239.8,11,7.9,C,Junio,336.5,alto
2,225.9,2,1.4,B,Enero,195.6,normal
4,58.2,2,4.6,D,Septiembre,194.5,normal
3,50.2,5,10.8,C,Diciembre,305.8,alto
1,280.3,8,5.3,C,Febrero,266.1,normal
7,109.3,13,5.5,C,Diciembre,402.8,alto
5,101.8,13,5.9,C,Octubre,370.2,alto
2,201.6,8,3.4,d,Agosto,234.8,normal
3,167.1,2,9.9,C,Noviembre,315.7,alto
2,220.4,8,3.2,A,Diciembre,298.7,normal
4,196.4,9,11.9,A,Agosto,421.4,alto
6,242.7,13,1.7,B,Diciembre,373.4,alto
2,36.9,9,0.9,B,Junio,176.2,normal
1,120.8,13,1.2,B,Septiembre,254.0,normal
1,186.0,13,4.1,D,Noviembre,269.6,normal
6,210.0,9,,B,Julio,3588.7335758898503,alto
1,280.5,2,3.0,A,Septiembre,279.6,normal
3,288.3,10,5.5,C,Noviembre,359.7,alto
1,33.7,6,0.0,D,Agosto,105.5,normal
4,224.0,11,1.7,C,Agosto,313.1,alto
3,57.5,13,9.5,B,Octubre,348.1,alto
4,111.3,7,7.3,B,Febrero,317.1,alto
3,94.9,5,1.2,C,Diciembre,152.9,normal
1,125.8,6,1.0,C,Mayo,121.8,normal
2,246.4,8,4.7,C,Agosto,306.1,alto
5,181.9,7,1.2,D,Noviembre,260.8,normal
7,90.5,10,,c,Agosto,266.4,normal
5,213.6,12,1.7,A,Julio,360.9,alto
3,265.2,7,6.1,B,Agosto,321.7,alto
6,194.1,7,1.0,B,Febrero,290.7,normal
2,43.1,3,8.5,D,Mayo,225.1,normal
3,281.6,14,8.1,C,Septiembre,411.6,alto
6,278.7,7,,C,Julio,415.3,alto
5,97.3,10,7.1,C,Mayo,365.2,alto
6,45.7,12,4.1,D,Abril,267.5,normal
1,259.6,13,,C,Octubre,345.6,alto
1,120.0,3,11.3,A,Noviembre,307.8,alto
4,119.9,14,,C,Diciembre,334.8,alto
5,249.2,7,1.5,A,Agosto,277.2,normal
4,238.2,8,3.0,C,Marzo,294.7,normal
1,271.3,6,5.1,D,Diciembre,268.5,normal
1,174.0,4,,C,Mayo,205.2,normal
4,143.1,12,5.6,C,Julio,334.2,alto
1,244.2,2,3.4,D,Junio,194.5,normal
7,148.3,4,0.6,D,Diciembre,257.2,normal
7,178.9,10,0.6,D,Enero,321.4,alto
3,36.6,14,7.1,D,Junio,303.6,alto
2,276.9,2,11.2,B,Mayo,355.6,alto
2,44.3,2,11.6,C,Junio,286.9,normal
5,156.9,10,8.3,C,Septiembre,379.0,alto
3,190.3,13,2.1,A,Abril,2786.7820156549838,alto
6,221.9,4,8.5,D,Agosto,346.5,alto
7,259.9,7,1.0,C,Septiembre,299.2,normal
7,93.3,5,,D,Abril,206.7,normal
6,296.1,5,1.2,C,Diciembre,313.1,alto
6,212.9,4,5.2,B,Mayo,344.4,alto
1,37.3,14,6.9,C,Septiembre,286.3,normal
6,164.3,13,6.9,D,Mayo,407.7,alto
5,94.8,11,9.4,B,Marzo,393.7,alto
3,221.4,7,11.9,D,Diciembre,416.0,alto
4,241.3,14,10.3,B,Julio,471.9,alto
2,275.6,10,5.2,d,Diciembre,352.3,alto
3,86.0,6,5.6,C,Diciembre,248.4,normal
6,227.7,3,0.1,D,Mayo,274.3,normal
6,155.8,11,6.2,D,Agosto,372.8,alto
2,298.0,9,8.1,C,Junio,396.1,alto
2,148.8,14,,D,Septiembre,311.8,alto
1,201.7,11,5.6,D,Diciembre,284.6,normal
3,227.7,2,6.0,B,Abril,284.6,normal
5,162.9,11,8.3,D,Noviembre,406.4,alto
7,,10,9.1,C,Julio,397.7,alto
6,54.4,11,1.2,D,Noviembre,267.6,normal
3,199.6,3,4.6,b,Mayo,320.3,alto
5,65.0,8,10.3,C,Septiembre,351.1,alto
1,75.9,7,10.2,B,Febrero,317.6,alto
3,285.5,12,1.2,C,Julio,320.1,alto
2,183.0,4,,B,Noviembre,226.5,normal
4,287.0,12,11.8,C,Abril,497.2,alto
6,196.6,2,1.5,C,Abril,271.7,normal
5,,3,10.0,B,Enero,338.4,alto
1,182.3,13,6.5,A,Febrero,369.2,alto
7,,3,5.7,C,Noviembre,351.6,alto
3,145.3,9,10.8,C,Noviembre,344.6,alto
5,59.7,9,7.4,A,Junio,331.3,alto
1,136.7,12,0.4,B,Abril,226.7,normal
7,75.7,13,2.3,B,Mayo,333.6,alto
5,232.9,4,1.8,A,Diciembre,277.8,normal
4,138.0,3,10.3,C,Noviembre,320.0,alto
1,118.6,9,,B,Noviembre,245.7,normal
2,140.1,2,2.0,B,Septiembre,4784.649069144504,normal
7,32.1,8,2.6,A,Enero,280.5,normal
6,218.9,14,1.9,D,Enero,361.1,alto
7,66.7,14,,C,Noviembre,409.0,alto
6,195.4,11,0.6,D,Mayo,290.8,normal
3,83.0,11,4.3,B,Noviembre,291.9,normal
6,262.7,14,5.5,C,Agosto,452.0,alto
2,152.6,7,,B,Septiembre,220.4,normal
6,80.0,14,9.1,C,Mayo,412.7,alto
1,143.3,14,2.8,D,Junio,259.0,normal
3,67.3,14,11.5,C,Febrero,404.3,alto
2,32.5,11,7.4,D,Febrero,260.6,normal
4,218.8,4,2.4,D,Agosto,292.5,normal
7,195.6,7,10.2,B,Junio,454.1,alto
4,273.3,12,2.0,C,Septiembre,349.7,alto
4,157.9,2,8.7,A,Marzo,305.6,alto
1,293.2,2,9.9,C,Octubre,301.6,alto
5,287.4,9,1.5,D,Marzo,3658.8202153036123,alto
6,294.4,3,7.3,C,Abril,438.7,alto
1,105.7,11,,A,Enero,363.7,alto
5,224.8,11,,C,Noviembre,403.4,alto
4,36.8,11,,A,Febrero,318.8,alto
7,213.8,10,2.8,C,Octubre,368.9,alto
3,266.0,13,3.5,D,Junio,351.6,alto
3,279.9,8,0.1,D,Julio,243.4,normal
5,230.8,2,4.4,D,Marzo,281.6,normal
7,194.2,4,11.6,C,Septiembre,437.3,alto
7,241.2,12,,C,Marzo,459.2,alto
1,198.9,13,7.2,C,Mayo,350.4,alto
2,131.1,3,2.0,C,Julio,201.8,normal
7,225.1,8,5.1,A,Noviembre,385.6,alto
5,46.8,10,5.1,C,Enero,308.5,alto
1,178.0,2,10.7,D,Junio,269.3,normal
3,,8,9.6,B,Julio,410.8,alto
3,156.7,6,0.9,B,Julio,220.4,normal
1,213.1,6,0.1,C,Mayo,170.8,normal
6,154.0,13,5.9,B,Septiembre,403.9,alto
1,293.8,7,4.2,B,Mayo,283.9,normal
7,48.8,10,8.2,D,Enero,349.3,alto
3,134.3,3,9.9,b,Octubre,346.4,alto
7,,4,6.5,C,Mayo,391.8,alto
3,246.0,5,10.8,C,Marzo,350.0,alto
5,133.3,11,3.7,C,Julio,296.9,normal
1,273.5,2,2.5,D,Julio,209.7,normal
3,84.8,11,2.9,D,Febrero,246.3,normal
2,133.9,3,10.9,B,Diciembre,313.5,alto
6,282.6,2,6.4,C,Septiembre,349.2,alto
6,78.2,2,9.4,C,Septiembre,320.2,alto
2,191.5,4,2.9,C,Diciembre,204.1,normal
5,157.7,4,6.7,C,Febrero,324.8,alto
5,116.9,3,4.0,D,Febrero,223.1,normal
7,174.2,6,6.9,C,Octubre,393.5,alto
5,147.6,4,4.4,D,Marzo,244.2,normal
2,246.5,13,,B,Septiembre,353.9,alto
5,118.5,3,3.7,A,Enero,228.1,normal
7,53.8,10,1.1,A,Octubre,270.3,normal
6,269.0,6,0.4,D,Diciembre,249.1,normal
3,96.5,11,3.8,C,Agosto,306.1,alto
3,65.3,14,7.2,D,Octubre,290.6,normal
7,240.6,13,9.0,B,Agosto,490.3,alto
4,284.1,10,5.2,D,Diciembre,369.1,alto
4,148.0,2,3.9,C,Octubre,252.8,normal
4,264.7,5,10.8,D,Enero,466.1,alto
5,58.0,5,,B,Abril,298.8,normal
7,284.3,7,0.6,C,Abril,315.1,alto
7,126.5,11,3.8,B,Mayo,4036.41477969652,alto
4,117.7,5,3.3,A,Septiembre,281.7,normal
3,132.3,12,9.6,A,Septiembre,391.3,alto
1,74.1,9,3.7,D,Abril,216.1,normal
2,85.8,14,5.2,D,Marzo,266.5,normal
2,82.2,10,5.7,D,Febrero,199.1,normal
4,180.5,11,6.0,C,Enero,353.2,alto
5,,3,,C,Junio,243.7,normal
6,69.0,5,,D,Agosto,356.7,alto
2,104.9,13,10.8,D,Abril,381.4,alto
2,124.3,4,8.1,B,Octubre,284.1,normal
1,,12,11.6,C,Mayo,360.3,alto
1,178.1,14,3.1,B,Julio,284.5,normal
5,270.6,13,7.4,D,Diciembre,391.9,alto
2,34.8,9,7.5,a,Diciembre,308.6,alto
6,64.9,4,3.9,B,Julio,268.5,normal
2,246.9,4,0.1,C,Mayo,180.5,normal
7,185.7,5,8.0,C,Noviembre,400.2,alto
5,49.0,7,3.4,B,Mayo,296.6,normal
1,140.3,8,0.4,C,Diciembre,168.5,normal
4,190.1,14,1.0,B,Febrero,333.6,alto
2,56.3,4,10.1,D,Febrero,234.6,normal
7,133.8,13,,C,Octubre,385.0,alto
2,290.6,12,6.7,D,Junio,389.9,alto
3,190.2,11,9.2,D,Mayo,365.8,alto
1,280.2,9,1.8,D,Octubre,219.2,normal
6,42.4,4,10.9,C,Febrero,336.1,alto
5,265.2,8,9.4,C,Mayo,457.1,alto
5,224.9,6,3.9,C,Marzo,287.6,normal
4,,4,10.3,D,Febrero,403.9,alto
3,54.4,3,4.9,B,Junio,215.8,normal
2,71.2,12,,D,Junio,230.6,normal
1,204.8,14,1.8,D,Octubre,253.8,normal
7,281.3,14,5.7,D,Noviembre,486.4,alto
1,174.4,7,11.1,D,Diciembre,356.9,alto
6,134.2,9,2.3,B,Julio,228.3,normal
1,207.4,11,,B,Octubre,343.3,alto
1,46.1,3,7.1,C,Julio,213.6,normal
2,79.6,3,9.9,C,Marzo,284.5,normal
5,114.9,3,,C,Febrero,370.3,alto
2,250.3,4,6.0,B,Agosto,305.5,alto
4,106.5,2,4.3,A,Enero,218.4,normal
6,113.2,2,,B,Abril,3307.1988602227507,alto
5,260.7,10,0.2,C,Enero,266.1,normal
6,176.6,8,11.5,A,Octubre,480.5,alto
7,214.2,13,7.2,D,Junio,460.9,alto
4,271.1,9,2.9,C,Enero,332.6,alto
6,284.1,13,0.8,B,Marzo,395.0,alto
1,184.7,4,5.1,B,Agosto,250.5,normal
7,247.0,14,,C,Agosto,456.9,alto
1,92.1,13,2.9,B,Marzo,242.6,normal
5,258.7,10,6.3,C,Junio,427.8,alto
2,100.6,11,7.4,C,Julio,303.0,alto
5,146.5,10,9.2,D,Mayo,375.8,alto
4,35.2,7,5.5,B,Diciembre,268.5,normal
5,48.8,3,,C,Julio,334.1,alto
4,270.8,10,6.7,C,Octubre,396.5,alto
4,,11,11.8,D,Octubre,438.2,alto
3,128.3,8,7.7,B,Marzo,344.3,alto
6,248.1,4,1.1,D,Agosto,286.3,normal
3,165.8,12,3.7,C,Julio,295.0,normal
7,185.4,11,2.3,D,Noviembre,346.4,alto
7,136.7,10,9.0,C,Diciembre,427.5,alto
1,85.9,4,8.2,D,Septiembre,255.2,normal
1,,11,11.7,D,Abril,334.0,alto
3,115.9,14,0.1,B,Mayo,269.7,normal
2,160.0,5,6.6,C,Agosto,270.8,normal
7,85.3,14,9.7,A,Febrero,470.5,alto
3,77.4,8,8.9,D,Noviembre,330.9,alto
3,181.9,12,5.0,D,Abril,319.6,alto
2,40.3,12,4.9,D,Noviembre,226.3,normal
4,169.3,12,7.5,B,Enero,396.8,alto
1,176.2,5,11.9,A,Diciembre,383.5,alto
2,130.3,6,2.1,A,Agosto,180.6,normal
3,246.8,4,1.6,D,Febrero,224.9,normal
5,267.7,14,3.4,B,Enero,414.3,alto
7,162.9,5,10.8,D,Febrero,393.1,alto
6,150.5,5,8.3,C,Agosto,363.8,alto
7,49.2,3,3.7,C,Enero,262.6,normal
5,256.7,2,4.7,C,Enero,304.1,alto
6,255.6,5,9.8,C,Junio,445.6,alto
2,204.3,4,6.6,B,Marzo,307.0,alto
1,99.2,13,5.7,C,Mayo,270.3,normal
2,180.5,12,5.1,A,Agosto,329.6,alto
6,190.0,5,11.2,C,Mayo,409.1,alto
4,275.2,10,10.4,D,Agosto,463.8,alto
6,92.6,2,8.3,D,Diciembre,310.5,alto
1,157.7,13,11.1,C,Octubre,4332.126835154679,alto
5,,11,5.3,C,Noviembre,312.7,alto
3,152.1,3,,D,Mayo,199.7,normal
1,282.4,9,7.0,D,Julio,343.9,alto
7,174.3,4,1.7,D,Septiembre,268.4,normal
3,151.4,8,6.1,D,Junio,280.5,normal
2,163.5,11,3.7,C,Enero,265.4,normal
7,263.1,13,2.1,C,Febrero,365.3,alto
3,105.7,2,8.4,B,Mayo,309.8,alto
6,296.8,4,6.8,D,Enero,371.5,alto
2,271.1,13,2.6,B,Marzo,355.6,alto
4,,9,,D,Febrero,407.4,alto
6,171.8,9,6.9,B,Abril,362.1,alto
4,32.6,11,5.5,C,Julio,299.9,normal
7,263.5,11,5.8,B,Noviembre,394.5,alto
7,252.6,13,1.2,C,Noviembre,388.3,alto
4,,10,10.3,C,Octubre,408.0,alto
1,88.5,4,5.6,B,Febrero,202.1,normal
4,57.4,14,3.3,A,Febrero,304.0,alto
1,230.5,13,3.6,C,Julio,284.9,normal
1,235.9,14,5.9,C,Septiembre,350.2,alto
7,70.2,2,9.3,A,Septiembre,3434.15361761394,alto
5,71.7,13,10.7,D,Mayo,388.2,alto
7,183.1,9,3.0,D,Enero,3270.397909468373,alto
6,297.7,4,8.9,D,Enero,429.2,alto
3,249.3,7,4.1,c,Marzo,315.1,alto
1,96.0,7,9.7,C,Abril,271.8,normal
3,48.4,10,0.1,D,Abril,191.0,normal
3,278.3,12,2.2,D,Octubre,299.7,normal
7,252.5,5,11.6,B,Enero,472.6,alto
6,296.6,12,7.3,C,Enero,461.9,alto
4,263.9,5,11.8,C,Noviembre,390.4,alto
6,138.1,8,1.6,B,Septiembre,316.7,alto
7,144.8,11,2.3,C,Febrero,336.1,alto
7,220.1,3,8.1,B,Abril,406.6,alto
6,163.0,7,,C,Octubre,336.1,alto
4,43.4,2,10.0,C,Marzo,291.2,normal
1,188.6,7,2.2,B,Septiembre,207.9,normal
4,283.1,7,4.3,C,Diciembre,325.7,alto
3,234.5,11,5.5,C,Marzo,372.5,alto
6,229.6,8,11.2,C,Enero,482.2,alto
5,214.3,14,11.5,A,Febrero,542.6,alto
4,104.2,7,10.5,D,Septiembre,377.0,alto
1,200.9,5,,D,Julio,204.5,normal
3,273.6,10,4.6,D,Agosto,312.7,alto
5,228.7,10,10.0,D,Julio,2697.3495406635348,alto
2,124.0,13,1.7,C,Julio,241.1,normal
6,113.5,8,2.0,d,Agosto,252.2,normal
1,261.3,11,1.2,A,Julio,307.4,alto
3,,4,3.7,C,Abril,200.4,normal
7,177.4,5,1.5,A,Junio,311.0,alto
1,285.3,6,7.7,C,Diciembre,308.1,alto
7,70.1,9,6.2,C,Mayo,347.7,alto
6,186.6,5,10.6,C,Mayo,409.2,alto
7,180.5,2,,A,Abril,420.4,alto
6,264.0,4,3.8,B,Diciembre,314.6,alto
6,133.8,6,10.6,B,Diciembre,408.8,alto
1,130.3,6,4.1,B,Julio,197.7,normal
6,,11,3.6,B,Agosto,367.6,alto
3,76.7,8,2.5,C,Junio,225.9,normal
2,48.0,11,11.6,D,Septiembre,348.4,alto
1,,8,1.4,B,Agosto,180.0,normal
2,119.0,3,3.6,B,Junio,207.7,normal
6,98.0,5,7.3,C,Septiembre,315.5,alto
1,158.2,11,2.9,C,Julio,247.7,normal
6,99.4,2,6.0,D,Mayo,277.0,normal
1,34.3,10,0.7,C,Junio,180.3,normal
5,,9,11.6,C,Octubre,470.2,alto
6,81.7,9,3.8,D,Agosto,282.3,normal
1,220.6,11,9.6,B,Enero,361.5,alto
5,130.7,12,1.7,C,Mayo,272.5,normal
2,195.8,10,,C,Julio,388.7,alto
2,208.1,10,2.6,B,Octubre,267.4,normal
6,83.0,13,3.0,C,Mayo,326.6,alto
2,157.7,7,10.8,C,Junio,340.2,alto
3,194.1,11,0.2,C,Octubre,273.5,normal
3,244.8,5,12.0,A,Junio,446.5,alto
1,285.8,3,2.1,C,Abril,194.9,normal
4,118.4,6,8.5,C,Septiembre,292.4,normal
6,221.0,5,,A,Marzo,373.3,alto
6,134.1,13,7.5,C,Diciembre,388.5,alto
1,226.3,12,9.8,D,Abril,399.5,alto
6,247.0,10,11.1,B,Enero,490.1,alto
4,60.9,12,2.0,A,Febrero,280.7,normal
6,165.5,6,4.2,C,Septiembre,3368.096787053797,alto
4,,4,8.7,D,Julio,299.6,normal
1,102.2,6,7.6,B,Junio,241.0,normal
3,96.2,8,0.9,C,Marzo,189.1,normal
6,67.4,14,1.5,C,Abril,3534.333927000813,normal
4,43.3,3,12.0,C,Enero,313.2,alto
7,235.2,6,1.2,B,Junio,303.8,alto
3,134.1,14,6.4,B,Agosto,368.9,alto
3,116.2,14,9.6,C,Noviembre,399.4,alto
5,280.8,13,6.2,D,Marzo,385.2,alto
4,161.7,3,6.2,C,Septiembre,265.1,normal
7,55.4,8,11.7,b,Mayo,446.0,alto
6,91.7,3,9.8,C,Julio,320.1,alto
7,95.0,8,11.3,D,Agosto,413.8,alto
1,91.0,3,5.4,C,Junio,169.8,normal
4,69.5,6,8.9,B,Octubre,349.0,alto
4,75.4,11,1.3,C,Diciembre,234.4,normal
2,,6,9.6,D,Diciembre,383.9,alto
7,55.2,9,9.5,D,Abril,381.9,alto
7,240.0,8,5.1,D,Mayo,361.9,alto
3,38.2,8,6.6,D,Agosto,261.3,normal
2,124.1,2,7.7,D,Febrero,215.6,normal
7,257.6,5,7.6,C,Mayo,425.1,alto
7,112.2,12,3.2,B,Abril,357.0,alto
6,227.4,8,0.6,B,Noviembre,258.3,normal
4,230.2,12,8.9,A,Octubre,476.5,alto
2,42.3,12,8.3,B,Agosto,316.7,alto
6,,10,,B,Diciembre,300.2,alto
1,43.7,14,9.0,C,Noviembre,279.6,normal
7,155.9,2,3.2,B,Marzo,276.1,normal
5,287.9,3,10.2,C,Octubre,427.3,alto
7,198.4,6,8.7,C,Enero,403.9,alto
6,87.9,7,1.9,B,Septiembre,305.5,alto
4,135.8,8,0.4,D,Junio,234.2,normal
1,61.7,14,0.4,b,Septiembre,180.4,normal
1,260.6,3,9.2,D,Agosto,309.5,alto
4,236.4,5,4.8,B,Diciembre,303.9,alto
7,282.6,8,,C,Octubre,364.6,alto
2,,8,10.4,B,Septiembre,412.7,alto
7,167.9,14,,A,Mayo,462.1,alto
3,274.1,2,11.6,B,Febrero,393.6,alto
4,106.8,13,0.9,C,Diciembre,257.5,normal
7,250.3,14,9.3,C,Noviembre,510.8,alto
7,47.1,13,2.6,a,Enero,364.8,alto
3,130.1,4,7.4,B,Octubre,317.6,alto
3,175.0,14,1.4,D,Julio,271.6,normal
7,222.1,4,2.3,D,Junio,307.9,alto
3,148.0,14,5.1,C,Agosto,348.2,alto
7,,14,8.2,A,Mayo,462.8,alto
4,177.4,14,7.3,A,Abril,411.6,alto
6,169.2,6,5.7,A,Noviembre,377.1,alto
1,126.5,13,0.6,C,Marzo,246.4,normal
2,103.2,9,2.4,D,Noviembre,181.6,normal
2,,5,11.5,B,Febrero,363.3,alto
7,207.0,6,3.8,C,Marzo,375.2,alto
5,171.3,4,1.6,D,Mayo,204.1,normal
4,159.7,8,6.2,B,Diciembre,304.7,alto
5,139.6,11,2.8,C,Mayo,293.6,normal
3,137.2,13,10.6,C,Diciembre,399.6,alto
2,222.4,12,10.5,A,Agosto,424.8,alto
2,43.4,7,0.8,C,Diciembre,152.5,normal
4,,3,7.4,A,Febrero,358.7,alto
6,,13,,B,Julio,358.9,alto
6,,2,7.0,C,Mayo,297.8,normal
2,147.8,3,0.7,D,Julio,181.0,normal
7,245.3,9,11.4,D,Mayo,434.0,alto
3,235.9,10,7.7,A,Abril,401.8,alto
6,40.2,11,,C,Abril,329.6,alto
5,238.5,9,8.8,B,Octubre,401.9,alto
4,185.0,3,3.9,C,Agosto,4558.42026364641,normal
7,268.6,14,6.0,D,Septiembre,436.5,alto
7,248.9,9,1.1,C,Abril,345.8,alto
6,79.2,8,8.8,A,Marzo,377.9,alto
7,50.1,5,2.3,C,Diciembre,251.4,normal
7,130.5,13,4.7,C,Agosto,387.8,alto
6,137.0,13,0.2,B,Agosto,305.3,alto
3,292.3,7,7.6,D,Octubre,371.9,alto
5,200.1,12,9.4,B,Mayo,486.3,alto
6,242.4,11,8.3,D,Enero,436.5,alto
2,42.2,8,6.9,B,Febrero,238.9,normal
6,210.2,3,8.3,C,Junio,345.3,alto
1,,10,2.3,D,Julio,182.5,normal
4,205.1,6,0.9,C,Agosto,240.4,normal
3,67.9,12,9.0,B,Julio,333.1,alto
6,31.8,8,1.4,B,Noviembre,3988.65551011182,normal
6,270.4,13,3.0,B,Diciembre,386.5,alto
1,240.5,12,6.0,D,Agosto,333.4,alto
4,147.8,4,8.0,C,Agosto,320.2,alto
7,226.2,6,8.3,D,Marzo,440.8,alto
7,228.4,12,4.0,A,Enero,432.1,alto
1,269.8,11,4.3,D,Febrero,284.5,normal
5,166.0,8,,A,Octubre,331.6,alto
1,271.8,3,6.6,B,Julio,253.8,normal
7,30.6,10,8.0,D,Mayo,379.0,alto
3,69.0,6,6.4,C,Octubre,3662.2833246621985,normal
7,283.6,5,2.5,C,Agosto,393.6,alto
6,138.0,10,,B,Enero,399.4,alto
3,177.6,9,,B,Marzo,243.5,normal
5,219.7,2,7.1,D,Marzo,332.0,alto
1,284.3,5,5.5,C,Agosto,317.5,alto
2,85.9,9,1.9,B,Julio,255.5,normal
7,299.8,10,4.1,C,Enero,417.2,alto
7,97.0,5,7.3,C,Agosto,331.9,alto
5,78.3,5,2.0,A,Junio,241.2,normal
4,251.9,11,11.3,C,Octubre,474.8,alto
1,37.0,5,1.4,D,Julio,136.9,normal
6,285.1,12,10.2,D,Septiembre,470.9,alto
6,34.1,7,,D,Abril,344.5,alto
1,291.0,2,5.2,C,Julio,251.7,normal
6,128.0,12,7.4,C,Marzo,387.9,alto
4,276.0,10,3.0,D,Junio,303.7,alto
6,221.5,10,4.9,C,Abril,375.7,alto
1,231.7,11,3.7,B,Abril,303.8,alto
6,293.8,13,4.0,B,Marzo,380.4,alto
4,270.3,9,4.0,D,Julio,357.6,alto
2,145.8,13,10.4,D,Febrero,357.3,alto
7,186.4,8,5.6,C,Noviembre,362.0,alto
5,238.0,9,6.9,D,Febrero,363.6,alto
3,,12,0.5,B,Octubre,246.8,normal
4,194.2,13,5.9,c,Octubre,386.2,alto
3,219.8,5,9.5,A,Octubre,356.3,alto
6,119.1,8,0.9,C,Octubre,281.1,normal
3,33.6,4,8.7,C,Octubre,238.7,normal
1,215.9,8,0.2,B,Noviembre,191.0,normal
1,64.2,12,8.9,C,Julio,314.6,alto
2,63.7,13,7.2,C,Diciembre,318.9,alto
5,130.4,12,3.7,c,Febrero,336.5,alto
7,43.7,11,3.7,d,Diciembre,268.2,normal
1,227.6,14,,B,Septiembre,397.4,alto
2,93.5,13,4.9,D,Marzo,254.2,normal
5,195.5,12,,B,Octubre,367.5,alto
6,216.4,13,10.5,C,Junio,458.8,alto
1,50.1,2,,A,Junio,126.6,normal
7,229.1,10,6.8,B,Agosto,438.4,alto
6,128.4,14,10.4,C,Febrero,4317.792831055429,alto
6,,14,0.3,B,Diciembre,363.0,alto
6,261.3,7,0.2,C,Abril,295.3,normal
3,72.8,5,3.9,A,Enero,243.6,normal
5,182.1,7,8.6,D,Enero,325.5,alto
5,154.0,2,1.6,C,Agosto,224.8,normal
1,226.3,14,8.2,D,Junio,361.3,alto
6,263.4,2,11.7,B,Marzo,428.7,alto
1,91.7,7,,C,Abril,185.3,normal
7,51.3,6,3.3,A,Septiembre,275.6,normal
3,134.1,4,5.8,C,Abril,266.1,normal
5,202.0,10,2.7,C,Julio,310.3,alto
3,113.7,14,9.5,D,Julio,375.9,alto
5,94.3,9,8.6,D,Diciembre,381.2,alto
2,87.9,11,0.6,D,Febrero,218.2,normal
1,85.1,6,1.1,C,Septiembre,136.4,normal
5,,5,,D,Diciembre,258.2,normal
5,67.5,9,5.4,D,Enero,3447.633330423622,alto
7,144.6,9,8.3,B,Septiembre,402.9,alto
4,88.3,4,3.0,B,Julio,223.1,normal
5,299.4,6,9.7,C,Noviembre,439.6,alto
6,,4,5.7,C,Octubre,266.7,normal
7,77.2,3,2.8,C,Noviembre,238.1,normal
4,208.1,2,10.8,C,Febrero,351.2,alto
5,289.4,4,1.5,D,Junio,280.3,normal
4,70.9,8,6.3,A,Noviembre,2977.3856314248715,alto
7,,10,,D,Octubre,304.0,alto
2,,6,2.8,B,Diciembre,180.9,normal
4,224.6,14,2.3,A,Febrero,340.1,alto
7,197.0,6,1.1,B,Agosto,317.4,alto
5,281.8,12,7.5,B,Julio,445.9,alto
3,169.9,7,11.6,B,Febrero,364.0,alto
5,113.8,7,5.2,C,Octubre,297.5,normal
3,95.6,5,9.5,A,Mayo,329.7,alto
6,,7,8.5,C,Febrero,412.2,alto
2,81.9,6,5.4,C,Junio,249.4,normal
3,198.8,3,9.7,A,Abril,394.2,alto
1,178.8,2,0.6,D,Septiembre,152.4,normal
6,32.6,11,4.2,B,Febrero,333.3,alto
2,215.8,7,0.3,C,Julio,230.1,normal
5,145.1,12,9.1,B,Noviembre,429.4,alto
7,154.6,5,6.7,D,Octubre,339.1,alto
1,49.2,11,3.7,B,Marzo,177.7,normal
7,57.6,8,,C,Marzo,326.1,alto
7,297.4,3,5.8,C,Julio,394.9,alto
7,,10,2.7,A,Abril,351.5,alto
7,,3,7.9,D,Diciembre,317.7,alto
5,198.0,5,7.8,C,Enero,343.7,alto
4,272.5,12,0.3,D,Abril,3744.7847142793557,normal
7,260.9,5,,D,Mayo,317.0,alto
4,46.9,4,9.7,B,Julio,296.3,normal
2,234.1,4,2.4,B,Marzo,214.0,normal
5,187.6,10,8.9,D,Agosto,414.9,alto
5,251.6,8,0.8,D,Junio,293.0,normal
5,166.6,9,10.7,D,Febrero,407.5,alto
5,148.5,3,2.6,D,Mayo,257.0,normal
4,95.7,9,2.3,a,Enero,262.2,normal
2,296.1,4,4.5,C,Julio,272.5,normal
7,,11,7.0,D,Agosto,461.8,alto
4,236.4,11,,B,Mayo,437.4,alto
7,83.1,14,6.8,A,Febrero,433.1,alto
7,293.8,6,0.8,B,Diciembre,370.4,alto
5,131.1,7,5.6,C,Febrero,315.7,alto
7,45.0,14,4.4,C,Noviembre,353.0,alto
5,,10,5.4,C,Junio,338.8,alto
2,75.3,6,3.2,D,Marzo,152.4,normal
5,183.8,5,9.9,C,Julio,420.5,alto
2,288.1,3,1.4,C,Noviembre,231.0,normal
1,152.3,4,0.0,D,Septiembre,126.6,normal
4,102.1,7,10.9,C,Febrero,394.8,alto
6,68.1,7,2.5,A,Enero,273.4,normal
7,96.4,6,8.2,B,Febrero,335.8,alto
1,140.6,5,1.8,C,Octubre,172.8,normal
1,297.0,14,11.6,D,Diciembre,455.7,alto
6,180.9,13,1.5,C,Mayo,343.7,alto
6,262.1,12,2.7,C,Diciembre,325.4,alto
7,144.2,12,,C,Agosto,356.2,alto
1,286.4,10,7.6,B,Abril,359.8,alto
2,120.4,3,2.9,D,Septiembre,180.8,normal
4,122.3,14,11.3,C,Noviembre,402.9,alto
7,210.3,7,11.2,C,Noviembre,415.9,alto
6,212.9,9,,A,Septiembre,411.9,alto
6,259.0,3,0.1,C,Marzo,234.1,normal
6,137.1,7,6.5,C,Diciembre,371.1,alto
4,92.3,10,7.7,B,Septiembre,335.8,alto
5,290.0,12,8.3,D,Diciembre,449.1,alto
7,227.9,5,,c,Julio,397.7,alto
7,64.4,6,0.4,B,Noviembre,265.7,normal
6,282.7,5,8.0,B,Febrero,414.2,alto
7,44.4,2,6.2,D,Septiembre,288.6,normal
1,110.2,6,3.5,D,Noviembre,184.4,normal
4,158.2,7,3.8,B,Octubre,245.1,normal
4,187.7,4,4.7,A,Febrero,313.3,alto
5,260.9,9,12.0,D,Mayo,467.9,alto
5,121.0,11,2.1,C,Septiembre,293.4,normal
3,212.3,3,10.5,C,Febrero,356.3,alto
6,61.2,14,10.4,A,Octubre,432.6,alto
5,47.3,14,9.0,A,Abril,415.8,alto
7,254.7,4,11.0,C,Septiembre,442.1,alto
7,46.2,12,,D,Diciembre,322.3,alto
4,50.5,11,6.2,C,Febrero,333.8,alto
6,67.7,8,4.3,C,Enero,293.1,normal
5,124.3,9,5.0,C,Diciembre,304.5,alto
6,216.9,14,3.2,D,Marzo,337.1,alto
3,283.4,11,3.9,C,Junio,360.7,alto
1,65.6,2,6.3,A,Febrero,205.2,normal
6,256.4,11,7.3,D,Agosto,421.9,alto
5,104.4,10,3.6,B,Julio,308.2,alto
6,256.2,4,0.4,C,Enero,304.2,alto
1,236.8,6,5.2,B,Marzo,291.2,normal
1,145.9,14,9.3,B,Marzo,357.6,alto
3,195.2,13,10.1,B,Diciembre,435.5,alto
6,297.8,12,7.2,C,Diciembre,449.9,alto
2,77.5,3,5.5,D,Junio,228.4,normal
4,56.4,5,7.4,A,Marzo,308.2,alto
5,,11,1.6,C,Junio,263.7,normal
7,202.4,14,0.6,D,Junio,374.7,alto
4,179.5,10,10.9,B,Abril,453.8,alto
3,171.7,6,9.9,D,Enero,343.7,alto
4,168.2,9,3.1,D,Agosto,304.9,alto
6,212.0,3,9.9,B,Diciembre,389.9,alto
5,214.6,6,,D,Junio,272.8,normal
3,186.8,4,1.7,C,Julio,219.1,normal
1,276.8,4,0.5,D,Mayo,150.4,normal
3,88.0,6,2.0,D,Noviembre,174.4,normal
3,78.0,7,0.4,B,Noviembre,225.7,normal
3,298.1,14,11.4,C,Junio,476.5,alto
4,,10,7.8,A,Marzo,435.0,alto
5,164.7,14,5.2,A,Diciembre,377.7,alto
5,94.7,8,,B,Mayo,230.6,normal
7,90.5,2,8.0,C,Agosto,331.4,alto
4,100.7,5,8.9,B,Junio,350.5,alto
2,194.2,7,7.9,d,Agosto,333.3,alto
3,209.9,3,5.5,D,Octubre,278.6,normal
3,249.6,2,1.3,B,Enero,230.1,normal
2,229.2,4,6.3,C,Marzo,257.5,normal
4,102.9,10,11.5,A,Febrero,377.4,alto
3,235.3,4,1.0,B,Mayo,265.9,normal
7,234.6,3,,D,Junio,340.5,alto
1,31.9,2,2.0,B,Septiembre,71.8,bajo
4,57.2,11,8.3,C,Julio,363.9,alto
7,153.0,6,1.9,A,Octubre,321.4,alto
1,218.2,9,7.3,D,Mayo,291.9,normal
2,273.2,9,7.9,D,Mayo,354.8,alto
6,174.5,9,10.4,C,Octubre,436.9,alto
7,,6,11.7,C,Junio,410.6,alto
4,155.8,10,7.8,B,Mayo,366.4,alto
2,,3,1.6,A,Enero,221.2,normal
1,101.0,8,5.4,D,Abril,255.3,normal
2,129.4,4,,C,Febrero,227.3,normal
7,178.0,5,10.9,D,Septiembre,442.8,alto
1,107.9,5,1.9,C,Agosto,181.3,normal
7,53.0,13,,C,Agosto,343.5,alto
1,290.6,2,4.9,B,Julio,257.4,normal
6,134.2,5,0.6,C,Septiembre,214.9,normal
6,60.9,12,10.1,C,Febrero,437.9,alto
3,50.5,4,10.4,C,Agosto,301.6,alto
3,194.8,12,3.6,D,Febrero,284.7,normal
2,,11,5.5,D,Noviembre,376.3,alto
1,169.0,12,0.1,C,Abril,187.3,normal
5,141.3,10,2.7,C,Noviembre,307.9,alto
4,128.8,6,3.4,B,Julio,284.6,normal
2,,5,6.1,A,Junio,307.7,alto
1,101.4,11,11.7,D,Junio,346.0,alto
6,53.3,5,0.4,B,Enero,243.9,normal
6,104.8,3,8.0,C,Mayo,320.1,alto
5,154.7,6,0.2,D,Enero,277.7,normal
2,296.4,5,5.0,C,Octubre,281.3,normal
5,282.5,4,4.9,C,Junio,331.1,alto
7,63.0,6,6.6,C,Octubre,328.8,alto
4,116.7,9,5.9,B,Enero,330.0,alto
7,219.9,6,6.2,B,Noviembre,384.9,alto
3,243.2,10,1.9,D,Marzo,261.2,normal
6,82.7,4,11.7,D,Noviembre,334.5,alto
2,159.6,11,1.4,A,Mayo,236.9,normal
5,99.4,7,5.8,D,Abril,314.3,alto
1,38.8,4,8.4,D,Enero,192.7,normal
6,263.6,8,8.8,A,Octubre,443.7,alto
7,283.7,7,6.3,B,Septiembre,399.7,alto
4,221.5,2,9.3,A,Febrero,343.8,alto
1,109.5,14,0.6,D,Enero,164.7,normal
7,179.9,8,11.6,B,Septiembre,482.0,alto
7,,9,2.0,A,Octubre,404.3,alto
1,162.7,10,3.0,C,Noviembre,239.2,normal
5,153.8,7,9.8,D,Marzo,378.9,alto
2,33.9,4,10.8,B,Agosto,284.3,normal
5,142.6,4,7.6,B,Septiembre,344.9,alto
6,33.5,6,2.5,B,Julio,237.8,normal
6,38.5,7,5.5,D,Mayo,292.5,normal
4,60.3,4,,D,Agosto,258.5,normal
7,286.3,7,,C,Febrero,474.1,alto
2,162.8,10,9.6,B,Noviembre,352.4,alto
2,,9,0.9,B,Julio,203.1,normal
7,46.1,6,11.7,B,Octubre,404.6,alto
1,98.0,12,9.8,C,Marzo,329.6,alto
1,,11,4.1,D,Enero,230.8,normal
4,176.7,9,2.9,C,Septiembre,266.9,normal
4,231.7,3,,C,Febrero,267.9,normal
2,,8,2.1,B,Octubre,252.1,normal
4,197.5,14,1.5,D,Febrero,316.4,alto
1,136.1,14,2.6,D,Febrero,240.4,normal
2,36.3,7,10.2,C,Agosto,321.9,alto
1,53.7,3,6.9,C,Julio,195.3,normal
7,52.4,7,4.9,D,Febrero,286.5,normal
5,87.9,13,3.3,C,Noviembre,313.6,alto
1,113.6,5,0.7,B,Enero,129.6,normal
5,234.4,5,6.0,C,Enero,327.0,alto
5,,2,3.7,B,Enero,200.9,normal
1,93.5,12,,D,Septiembre,181.1,normal
6,,6,3.0,C,Noviembre,268.7,normal
6,176.2,8,1.8,C,Julio,269.9,normal
7,146.3,6,10.3,D,Septiembre,422.5,alto
6,152.3,8,2.2,C,Diciembre,264.0,normal
3,186.7,8,,B,Septiembre,371.5,alto
3,188.0,4,8.7,C,Septiembre,323.7,alto
6,48.9,7,7.9,C,Julio,359.6,alto
3,122.9,6,7.6,C,Mayo,340.2,alto
2,164.3,4,5.6,B,Agosto,264.1,normal
6,128.6,4,10.2,A,Enero,428.4,alto
2,91.6,3,1.6,D,Diciembre,122.5,normal
6,82.1,7,7.6,D,Julio,357.8,alto
6,246.8,11,3.7,A,Septiembre,367.2,alto
2,200.5,10,4.8,B,Septiembre,277.3,normal
1,168.7,6,7.5,D,Julio,241.3,normal
4,78.7,14,2.5,B,Diciembre,311.9,alto
3,231.1,5,3.3,A,Junio,310.9,alto
2,36.6,7,10.3,C,Julio,295.3,normal
1,66.5,5,,D,Junio,275.3,normal
2,,10,11.8,C,Marzo,367.1,alto
5,102.0,4,11.6,A,Julio,394.5,alto
3,251.1,11,5.3,B,Julio,329.4,alto
6,206.9,8,9.0,D,Noviembre,411.7,alto
6,150.3,11,6.7,B,Noviembre,378.8,alto
5,119.1,12,6.6,D,Febrero,4384.769333424315,alto
3,,7,10.8,D,Agosto,407.7,alto
5,187.9,4,1.1,d,Mayo,231.9,normal
7,31.3,2,1.5,C,Junio,183.9,normal
3,271.0,12,1.2,C,Febrero,345.5,alto
5,40.5,3,11.4,D,Julio,317.2,alto
7,293.0,12,10.9,B,Marzo,552.9,alto
7,70.7,2,9.0,C,Septiembre,360.4,alto
4,220.3,8,9.5,C,Julio,396.3,alto
4,142.4,14,8.8,C,Abril,381.9,alto
3,288.2,7,5.4,C,Enero,351.4,alto
7,200.3,3,8.6,C,Julio,377.4,alto
6,203.1,2,10.4,B,Diciembre,394.9,alto
4,,9,2.1,B,Diciembre,272.4,normal
2,154.3,3,3.5,B,Octubre,212.8,normal
4,166.8,13,3.2,B,Junio,2946.6444956829005,alto
7,201.0,12,2.3,A,Noviembre,392.0,alto
2,44.6,4,11.4,C,Septiembre,292.2,normal
3,43.5,7,4.9,C,Marzo,2898.3227790578903,normal
5,258.9,13,7.3,D,Abril,425.6,alto
5,298.0,9,8.0,B,Abril,436.3,alto
4,99.9,12,,C,Diciembre,399.4,alto
5,256.9,14,8.1,A,Junio,462.4,alto
7,59.8,14,10.4,B,Enero,487.3,alto
3,221.0,6,6.2,B,Abril,312.4,alto
3,255.3,8,6.8,D,Junio,329.3,alto
7,202.4,14,8.0,C,Octubre,487.2,alto
3,77.7,9,7.3,D,Abril,306.7,alto
1,105.6,14,6.6,D,Enero,327.8,alto
5,128.1,7,2.0,A,Agosto,220.0,normal
2,154.2,10,10.8,C,Junio,359.0,alto
2,143.8,5,1.9,B,Marzo,202.3,normal
3,250.9,10,10.2,C,Marzo,449.7,alto
7,,4,0.4,B,Enero,300.3,alto
1,234.6,14,7.6,B,Diciembre,403.3,alto
6,,13,1.2,C,Junio,381.7,alto
6,45.5,5,4.3,B,Enero,273.2,normal
1,42.4,3,5.8,C,Enero,179.0,normal
6,256.7,11,11.5,A,Octubre,502.8,alto
5,299.6,5,5.9,C,Julio,420.7,alto
4,186.1,10,5.2,C,Septiembre,342.4,alto
5,171.2,12,10.0,D,Octubre,439.9,alto
2,170.7,9,10.2,C,Febrero,338.2,alto
3,197.6,13,8.2,C,Diciembre,381.3,alto
3,190.8,11,1.8,C,Enero,298.1,normal
4,52.4,13,3.9,B,Septiembre,280.6,normal
2,210.2,12,11.7,D,Mayo,412.2,alto
2,241.2,2,10.6,C,Junio,355.8,alto
4,268.0,5,10.2,B,Julio,387.5,alto
4,246.2,2,8.0,C,Enero,361.4,alto
6,256.6,3,9.4,D,Enero,438.7,alto
7,146.3,11,9.8,C,Abril,440.8,alto
3,109.7,10,11.8,B,Diciembre,399.4,alto
2,114.9,7,8.8,A,Octubre,303.8,alto
6,112.5,2,8.2,D,Septiembre,313.5,alto
2,226.6,5,6.7,C,Octubre,316.7,alto
5,291.9,4,9.0,B,Julio,394.2,alto
1,172.9,11,2.2,B,Noviembre,226.3,normal
2,145.0,9,7.6,D,Mayo,287.7,normal
1,249.5,7,7.1,B,Mayo,314.9,alto
1,165.3,12,1.0,C,Agosto,2603.7705820795063,normal
1,114.1,7,5.5,C,Agosto,240.8,normal
4,259.5,14,,B,Agosto,329.7,alto
3,118.6,6,9.4,C,Agosto,315.2,alto
6,80.6,7,7.3,C,Julio,318.5,alto
7,236.0,7,1.8,C,Agosto,315.9,alto
6,189.3,2,1.5,C,Agosto,249.2,normal
2,197.0,5,5.9,A,Enero,290.8,normal
7,123.5,4,11.7,C,Diciembre,416.6,alto
4,163.4,11,0.7,c,Junio,234.9,normal
2,292.1,3,11.7,B,Octubre,389.1,alto
6,48.3,7,8.2,C,Abril,282.5,normal
4,248.3,4,11.4,C,Agosto,397.4,alto
1,117.2,9,2.2,D,Abril,193.7,normal
6,180.2,10,8.9,C,Noviembre,430.8,alto
4,97.8,3,9.5,C,Junio,311.9,alto
7,284.5,3,1.8,D,Febrero,298.7,normal
1,262.6,5,1.2,C,Noviembre,214.8,normal
7,255.9,11,7.3,D,Junio,451.2,alto
6,190.2,5,2.1,A,Enero,296.1,normal
7,161.4,5,8.2,C,Mayo,340.3,alto
7,,11,2.8,D,Enero,341.9,alto
3,280.8,6,8.8,C,Abril,368.5,alto
5,228.5,10,1.6,C,Marzo,321.3,alto
3,,2,7.3,C,Noviembre,253.9,normal
3,96.4,10,6.8,B,Marzo,331.5,alto
2,94.6,11,7.6,C,Septiembre,311.9,alto
6,180.3,12,11.1,D,Septiembre,464.9,alto
5,262.7,11,0.0,B,Diciembre,318.3,alto
4,206.8,13,0.5,D,Junio,306.0,alto
4,125.1,2,2.8,C,Noviembre,189.4,normal
1,282.8,7,11.4,B,Mayo,411.0,alto
2,157.2,3,7.2,B,Octubre,250.8,normal
4,208.1,4,9.9,D,Mayo,350.4,alto
4,283.9,13,5.0,B,Abril,410.7,alto
1,231.8,3,4.4,C,Marzo,240.6,normal
5,74.7,11,,B,Marzo,366.8,alto
2,217.1,6,3.1,C,Febrero,240.8,normal
6,37.7,5,3.9,C,Septiembre,266.4,normal
2,228.7,4,,B,Mayo,247.2,normal
3,220.2,14,0.5,B,Octubre,291.9,normal
4,81.6,7,,C,Septiembre,243.3,normal
5,,9,8.2,C,Noviembre,407.6,alto
7,166.2,4,4.8,B,Abril,326.7,alto
3,186.0,13,,C,Junio,285.3,normal
7,158.7,12,1.6,D,Julio,347.9,alto
5,85.8,10,7.7,B,Enero,293.9,normal
5,40.0,13,11.8,C,Mayo,3987.011609716459,alto
1,206.3,10,6.1,A,Septiembre,294.8,normal
2,175.0,4,1.0,D,Enero,213.3,normal
7,151.1,7,6.8,B,Enero,4678.871974234046,alto
7,206.0,4,5.7,A,Febrero,390.1,alto
4,137.8,4,4.2,C,Mayo,291.6,normal
2,97.9,10,8.6,C,Julio,318.5,alto
4,134.1,6,4.4,D,Marzo,263.9,normal
2,235.9,10,8.7,B,Junio,366.5,alto
6,117.0,6,,A,Agosto,333.4,alto
7,242.5,6,11.3,D,Mayo,497.1,alto
5,167.7,4,0.7,C,Noviembre,227.0,normal
7,152.7,3,3.1,C,Marzo,289.6,normal
4,299.7,2,2.4,c,Junio,278.5,normal
1,278.2,11,3.9,A,Enero,312.0,alto
7,39.6,6,4.6,C,Junio,280.3,normal
5,179.6,2,8.4,C,Diciembre,316.6,alto
1,155.5,3,0.6,B,Marzo,95.7,bajo
2,135.2,11,0.6,B,Julio,211.4,normal
4,162.7,6,3.4,B,Enero,291.0,normal
7,92.0,6,,C,Octubre,299.9,normal
4,76.6,3,4.1,B,Noviembre,216.2,normal
4,261.8,9,5.3,D,Octubre,351.2,alto
7,224.7,2,11.4,B,Enero,424.6,alto
2,292.7,3,6.2,C,Noviembre,300.9,alto
5,146.6,3,1.9,C,Marzo,207.8,normal
2,267.2,2,6.4,D,Noviembre,321.2,alto
4,143.9,4,10.1,C,Marzo,382.8,alto
4,203.4,6,5.2,b,Agosto,311.7,alto
3,,12,3.8,C,Enero,290.5,normal
4,104.1,10,9.0,B,Octubre,329.2,alto
4,168.4,11,5.8,B,Julio,359.8,alto
6,,13,0.4,C,Abril,298.6,normal
3,208.6,9,11.1,A,Diciembre,451.0,alto
4,186.4,4,5.3,C,Abril,270.3,normal
5,217.5,11,8.9,B,Diciembre,436.9,alto
7,274.8,14,,B,Diciembre,568.4,alto
4,212.3,6,6.6,C,Octubre,341.1,alto
7,43.7,4,7.3,B,Febrero,300.2,alto
7,219.1,9,,D,Marzo,411.0,alto
2,165.3,9,0.5,B,Enero,239.8,normal
1,118.5,9,9.6,A,Julio,352.2,alto
2,229.1,9,3.3,D,Diciembre,268.1,normal
7,150.9,4,9.0,D,Julio,366.7,alto
2,198.2,11,2.4,B,Noviembre,272.9,normal
3,264.8,2,6.1,D,Abril,283.7,normal
3,128.4,7,2.8,D,Junio,240.1,normal
6,140.0,10,2.6,D,Noviembre,328.3,alto
2,60.7,2,11.4,B,Junio,274.7,normal
6,86.5,12,1.1,B,Agosto,275.7,normal
1,135.4,3,,D,Febrero,183.8,normal
2,291.4,3,1.3,B,Abril,233.9,normal
5,134.6,13,10.2,D,Septiembre,430.8,alto
1,242.1,6,1.6,C,Febrero,225.6,normal
7,77.3,11,0.9,C,Abril,249.1,normal
6,203.2,3,7.3,A,Febrero,380.9,alto
1,57.8,9,3.7,C,Agosto,186.1,normal
7,249.0,8,6.4,C,Enero,400.0,alto
5,43.1,6,5.1,D,Marzo,249.7,normal
5,281.9,3,10.0,C,Marzo,399.7,alto
2,44.8,12,10.6,A,Mayo,318.7,alto
6,59.9,7,6.6,D,Enero,322.9,alto
3,286.5,3,7.0,D,Abril,314.7,alto
7,145.5,14,,C,Enero,467.3,alto
2,284.5,7,2.2,B,Agosto,3139.9354981726774,normal
1,,7,8.5,A,Octubre,331.4,alto
1,159.2,3,2.1,D,Marzo,180.7,normal
4,244.1,4,3.9,C,Julio,262.0,normal
1,42.1,14,8.6,c,Febrero,306.8,alto
1,252.6,2,3.4,C,Septiembre,198.9,normal
5,185.4,6,9.5,D,Marzo,394.9,alto
3,192.4,14,8.4,B,Mayo,425.8,alto
5,289.9,14,5.9,D,Julio,433.4,alto
3,57.5,4,8.6,C,Enero,294.0,normal
3,123.1,5,8.2,B,Julio,4236.825566234476,alto
6,158.6,9,2.1,C,Enero,278.9,normal
3,214.9,10,0.9,B,Enero,315.9,alto
4,,5,7.0,C,Enero,359.0,alto
5,199.2,8,11.6,C,Mayo,4337.26524398556,alto
5,185.1,5,2.2,A,Octubre,292.1,normal
3,206.1,9,10.6,D,Septiembre,367.5,alto
4,228.5,12,2.5,C,Septiembre,301.7,alto
4,180.6,12,3.5,C,Enero,326.3,alto
2,293.0,4,2.3,A,Febrero,240.1,normal
6,194.4,3,2.0,C,Enero,229.7,normal
1,67.3,9,3.5,B,Junio,230.3,normal
6,167.6,2,9.6,B,Julio,366.4,alto
2,190.7,7,9.5,B,Diciembre,373.5,alto
5,135.1,14,3.0,C,Julio,340.7,alto
5,52.3,7,2.4,C,Enero,214.6,normal
2,203.0,11,4.7,B,Agosto,306.6,alto
6,152.9,13,,C,Agosto,321.6,alto
3,286.7,11,10.0,C,Septiembre,441.6,alto
5,229.2,9,5.4,D,Noviembre,377.7,alto
4,289.6,2,1.7,A,Septiembre,301.1,alto
6,275.7,12,3.9,C,Diciembre,391.7,alto
1,,7,6.3,C,Diciembre,292.9,normal
4,128.7,13,5.8,C,Abril,374.9,alto
7,119.7,12,11.7,D,Mayo,442.6,alto
3,65.7,11,9.1,C,Enero,323.1,alto
5,287.7,8,7.0,c,Noviembre,437.1,alto
7,188.9,8,8.5,B,Julio,445.4,alto
4,177.8,13,4.2,B,Marzo,350.6,alto
7,103.6,2,9.2,D,Noviembre,364.6,alto
5,145.0,3,,C,Mayo,325.5,alto
3,48.5,7,,D,Enero,207.5,normal
2,138.9,12,4.2,B,Febrero,303.8,alto
7,68.6,10,7.4,C,Diciembre,376.1,alto
3,153.0,2,11.4,C,Enero,301.9,alto
7,172.0,11,10.3,b,Mayo,512.2,alto
2,87.5,10,3.8,C,Abril,258.8,normal
6,153.0,11,,A,Octubre,403.2,alto
7,63.1,7,2.9,D,Agosto,267.6,normal
6,176.1,11,3.0,D,Octubre,345.3,alto
5,206.4,10,,B,Agosto,450.0,alto
3,171.8,2,,D,Junio,213.9,normal
3,54.5,2,8.5,B,Mayo,249.3,normal
6,252.1,7,0.8,D,Abril,329.2,alto
3,245.0,2,9.4,D,Abril,342.5,alto
7,146.5,13,,C,Enero,470.9,alto
2,144.0,8,0.0,B,Noviembre,201.6,normal
5,177.0,14,1.6,B,Octubre,330.6,alto
1,106.1,5,0.2,C,Agosto,102.6,normal
6,183.0,10,9.5,D,Noviembre,428.1,alto
3,,12,1.3,B,Julio,278.9,normal
7,137.7,7,8.1,A,Mayo,401.1,alto
3,285.4,12,9.7,D,Octubre,433.1,alto
5,75.0,8,2.9,D,Febrero,235.0,normal
4,192.1,8,6.4,C,Marzo,347.8,alto
2,285.1,11,5.9,C,Septiembre,355.0,alto
6,175.8,7,6.3,C,Octubre,353.0,alto
2,217.9,14,8.1,A,Diciembre,437.5,alto
7,88.5,12,6.8,C,Diciembre,387.1,alto
7,98.7,4,10.3,B,Junio,380.7,alto
3,,5,2.2,D,Agosto,244.4,normal
6,65.1,5,6.7,D,Diciembre,306.9,alto
2,182.6,2,8.3,C,Noviembre,291.5,normal
1,228.4,9,7.3,C,Octubre,315.4,alto
3,278.9,7,8.5,C,Diciembre,378.8,alto
6,158.4,6,1.4,A,Julio,311.9,alto
3,177.1,5,5.8,D,Febrero,276.6,normal
3,268.8,8,4.5,C,Agosto,343.6,alto
2,,10,3.4,C,Diciembre,238.1,normal
7,151.9,3,10.3,B,Septiembre,396.0,alto
6,110.1,6,8.3,D,Enero,337.2,alto
4,185.8,4,9.5,B,Enero,350.7,alto
1,169.7,3,10.3,C,Diciembre,303.9,alto
3,104.0,3,9.2,B,Enero,299.5,normal
3,261.7,9,2.7,C,Abril,296.9,normal
1,,9,5.7,D,Octubre,228.6,normal
3,107.9,6,3.0,C,Agosto,249.2,normal
5,207.0,3,6.1,C,Agosto,354.3,alto
4,,6,1.2,D,Febrero,226.4,normal
6,257.5,2,4.3,C,Julio,285.4,normal
7,243.8,13,1.6,C,Diciembre,395.6,alto
4,254.4,5,10.8,B,Julio,444.1,alto
3,101.5,2,11.6,C,Agosto,314.4,alto
7,121.0,7,4.2,C,Marzo,271.8,normal
6,113.6,14,9.5,D,Julio,447.2,alto
4,68.3,12,5.5,D,Junio,281.6,normal
1,100.7,7,1.0,A,Agosto,178.0,normal
1,216.3,4,7.4,B,Febrero,286.2,normal
6,68.3,11,7.1,D,Enero,361.5,alto
7,53.6,9,11.4,D,Agosto,407.9,alto
1,145.1,3,9.8,C,Noviembre,291.8,normal
7,297.7,3,3.0,D,Febrero,342.9,alto
6,114.0,12,6.3,D,Enero,374.8,alto
4,71.4,6,3.8,D,Agosto,245.7,normal
1,68.3,2,1.0,C,Noviembre,98.2,bajo
4,47.4,7,0.1,D,Mayo,177.7,normal
1,202.0,3,0.1,D,Febrero,153.0,normal
3,149.2,3,,B,Julio,329.4,alto
5,51.1,13,9.0,B,Enero,340.0,alto
4,70.1,11,4.8,D,Febrero,327.5,alto
4,206.8,5,8.2,C,Diciembre,347.0,alto
3,124.9,11,9.8,C,Enero,369.9,alto
4,129.3,11,2.4,C,Mayo,273.6,normal
6,124.2,9,2.3,D,Febrero,278.0,normal
3,96.2,14,11.1,C,Junio,425.1,alto
2,32.5,8,,A,Julio,269.8,normal
5,48.5,14,4.0,D,Abril,296.1,normal
5,145.2,6,3.7,A,Septiembre,290.5,normal
3,222.3,12,5.4,D,Septiembre,286.8,normal
6,154.6,9,6.5,C,Octubre,367.3,alto
2,150.3,4,10.8,B,Agosto,331.8,alto
1,161.6,2,11.3,D,Noviembre,307.3,alto
1,138.3,5,1.7,B,Octubre,192.4,normal
7,213.2,5,6.8,B,Marzo,430.0,alto
3,45.5,4,11.1,D,Diciembre,293.3,normal
6,265.6,5,9.8,C,Febrero,414.6,alto
2,,3,3.2,B,Octubre,144.1,normal
7,64.9,9,6.4,D,Marzo,358.7,alto
2,263.7,2,1.5,C,Enero,205.6,normal
1,286.4,12,9.2,B,Diciembre,376.4,alto
5,115.7,8,3.3,C,Enero,278.5,normal
7,294.1,11,9.1,A,Enero,512.9,alto
4,269.5,6,10.5,D,Marzo,410.2,alto
4,197.5,3,3.2,B,Mayo,243.7,normal
6,48.2,3,6.9,D,Junio,267.6,normal
5,251.1,10,9.1,D,Mayo,413.1,alto
3,244.8,7,10.3,C,Diciembre,2897.417429024775,alto
1,185.9,4,6.9,A,Enero,252.8,normal
5,55.2,6,5.7,C,Octubre,236.5,normal
4,221.6,8,8.5,D,Junio,350.9,alto
4,213.0,8,2.5,C,Mayo,271.5,normal
5,127.3,11,2.1,C,Septiembre,298.6,normal
7,181.7,5,7.7,C,Junio,410.2,alto
4,102.1,5,7.2,D,Octubre,286.0,normal
4,277.9,13,10.4,D,Diciembre,416.4,alto
6,87.3,2,10.0,B,Enero,363.8,alto
3,180.2,12,3.2,A,Mayo,305.7,alto
6,30.2,9,1.3,D,Febrero,219.5,normal
1,160.0,7,7.9,D,Octubre,256.5,normal
3,40.6,4,3.8,C,Junio,170.3,normal
7,43.8,10,9.9,D,Junio,385.2,alto
5,129.0,11,3.6,C,Enero,298.5,normal
1,190.7,4,7.9,C,Septiembre,271.8,normal
7,158.3,3,10.2,C,Agosto,370.7,alto
2,,14,2.5,C,Abril,263.9,normal
7,,11,7.3,C,Mayo,452.0,alto
6,41.7,8,6.6,B,Febrero,301.3,alto
3,51.9,3,11.5,B,Octubre,337.7,alto
4,249.5,12,11.0,B,Julio,486.8,alto
2,269.1,2,0.4,D,Enero,183.6,normal
1,84.6,6,7.7,B,Agosto,265.1,normal
1,115.2,11,8.1,D,Octubre,293.8,normal
4,,7,6.4,A,Noviembre,319.9,alto
5,209.6,4,5.6,D,Julio,332.7,alto
3,32.5,14,4.8,C,Octubre,257.8,normal
1,36.7,3,7.6,C,Octubre,187.5,normal
1,286.9,10,0.7,C,Julio,272.1,normal
2,299.1,8,2.3,B,Abril,288.6,normal
1,270.3,11,1.6,B,Marzo,271.1,normal
5,97.9,4,6.7,B,Mayo,288.7,normal
1,289.4,11,11.9,B,Noviembre,415.6,alto
7,200.3,6,7.7,B,Mayo,407.8,alto
4,,8,9.9,D,Mayo,313.2,alto
1,101.9,7,6.9,D,Mayo,270.0,normal
5,295.6,14,0.7,B,Junio,405.7,alto
2,194.0,4,3.0,C,Febrero,226.3,normal
7,270.4,11,0.9,B,Diciembre,415.6,alto
2,198.7,14,8.5,C,Julio,376.4,alto
2,282.1,13,11.1,D,Abril,432.4,alto
3,126.5,3,0.6,C,Abril,147.1,normal
7,136.2,5,6.9,D,Marzo,334.4,alto
6,,9,4.0,B,Octubre,315.1,alto
4,65.0,4,11.6,C,Agosto,343.9,alto
3,272.1,11,2.9,B,Abril,298.0,normal
5,169.2,13,,B,Agosto,374.3,alto
4,246.6,10,8.6,D,Marzo,412.0,alto
7,,14,4.0,D,Marzo,335.6,alto
6,136.4,12,6.3,C,Febrero,417.0,alto
3,189.2,5,6.6,D,Noviembre,283.8,normal
7,100.1,10,11.4,C,Septiembre,448.6,alto
1,59.1,2,4.8,D,Octubre,153.4,normal
2,160.4,6,3.9,B,Marzo,268.7,normal
5,233.8,12,,D,Enero,376.9,alto
2,155.2,7,0.7,D,Julio,198.0,normal
7,131.4,5,1.9,C,Febrero,3345.077950943114,normal
7,100.7,4,10.7,B,Febrero,399.4,alto
4,161.1,10,6.3,D,Enero,329.3,alto
6,139.9,7,5.6,B,Febrero,347.9,alto
1,164.2,2,8.8,C,Octubre,272.3,normal
4,275.1,6,0.7,D,Mayo,242.9,normal
1,228.0,8,,C,Abril,233.3,normal
4,92.2,11,11.4,B,Marzo,436.4,alto
6,277.7,2,,A,Mayo,415.9,alto
1,160.0,14,0.5,C,Marzo,207.8,normal
4,185.7,9,,A,Marzo,307.0,alto
7,33.3,9,2.7,D,Octubre,279.6,normal
2,77.0,4,2.4,B,Abril,190.2,normal
4,269.7,11,11.1,C,Septiembre,435.4,alto
5,177.3,8,10.2,A,Febrero,433.4,alto
1,287.3,12,5.1,B,Diciembre,344.2,alto
6,32.1,4,5.5,B,Septiembre,290.6,normal
3,80.6,8,10.8,D,Marzo,327.5,alto
6,134.9,13,,D,Septiembre,363.6,alto
7,274.1,6,7.3,D,Enero,394.9,alto
5,58.7,4,,D,Noviembre,312.4,alto
6,118.4,12,11.5,d,Mayo,437.1,alto
4,242.2,11,11.4,C,Junio,441.1,alto
3,179.2,9,10.5,C,Diciembre,362.4,alto
1,100.2,5,,D,Junio,98.3,bajo
1,206.6,6,9.0,D,Octubre,320.7,alto
7,132.6,4,6.6,D,Agosto,369.7,alto
2,230.1,13,6.8,D,Febrero,378.0,alto
3,,9,1.6,B,Diciembre,252.8,normal
4,127.5,8,10.1,D,Septiembre,352.2,alto
2,63.2,3,5.9,B,Julio,188.1,normal
3,291.0,5,5.9,B,Mayo,4379.996157084982,alto
1,37.9,5,9.1,c,Septiembre,218.1,normal
6,106.8,13,8.3,D,Abril,4345.798164512763,alto
3,102.5,10,10.7,D,Febrero,364.4,alto
5,63.6,13,,B,Agosto,336.1,alto
3,75.2,12,5.3,C,Agosto,2686.9242829047103,normal
6,195.7,6,11.5,D,Septiembre,404.0,alto
3,95.0,11,0.5,C,Junio,220.8,normal
6,197.5,10,11.6,C,Marzo,443.0,alto
1,108.7,6,4.4,B,Octubre,238.1,normal
3,252.8,12,4.0,D,Septiembre,311.5,alto
4,201.9,4,11.1,D,Diciembre,395.5,alto
1,54.1,6,,B,Febrero,151.5,normal
5,152.2,10,8.8,D,Julio,376.7,alto
2,182.0,14,1.4,C,Abril,242.9,normal
4,68.5,11,5.9,D,Octubre,335.4,alto
6,270.6,9,1.4,C,Septiembre,325.8,alto
6,251.5,2,6.4,B,Noviembre,387.8,alto
3,75.9,4,2.0,A,Junio,216.1,normal
6,169.6,5,,C,Marzo,257.0,normal
5,223.2,5,5.9,D,Junio,309.8,alto
6,72.3,10,0.2,C,Noviembre,271.5,normal
4,283.7,10,7.4,C,Octubre,444.6,alto
5,158.1,6,,B,Enero,243.6,normal
4,162.9,11,3.9,A,Septiembre,322.6,alto
5,78.2,6,4.9,B,Mayo,301.3,alto
6,255.4,5,4.6,C,Septiembre,357.6,alto
1,,11,7.8,B,Marzo,283.8,normal
1,239.1,5,0.6,B,Diciembre,183.5,normal
5,,2,1.5,C,Enero,174.7,normal
5,182.6,11,3.6,A,Octubre,348.2,alto
6,34.6,12,5.9,D,Abril,338.6,alto
6,193.9,2,10.7,B,Junio,391.5,alto
7,,10,,B,Mayo,3268.939751613284,alto
5,120.5,3,1.8,B,Enero,239.7,normal
6,133.9,11,,d,Mayo,3103.1796843735583,alto
6,251.6,3,1.9,A,Junio,308.4,alto
6,,9,8.6,D,Diciembre,406.6,alto
4,220.8,3,0.6,B,Diciembre,229.7,normal
7,,3,7.9,D,Mayo,362.7,alto
5,171.6,7,1.5,B,Enero,303.5,alto
6,220.0,9,11.2,d,Septiembre,463.8,alto
4,297.2,6,2.5,b,Junio,282.3,normal
3,137.7,14,0.4,C,Mayo,245.0,normal
2,218.5,5,2.1,C,Julio,207.6,normal
5,170.3,6,6.1,D,Abril,317.7,alto
7,208.0,10,6.9,C,Noviembre,414.6,alto
3,,10,9.9,D,Diciembre,329.4,alto
6,52.7,5,3.1,C,Febrero,269.7,normal
6,250.4,3,1.9,C,Abril,280.1,normal
2,279.4,12,3.2,B,Septiembre,320.0,alto
5,259.7,14,2.7,D,Abril,331.1,alto
1,285.8,8,8.2,C,Junio,371.5,alto
1,275.8,8,5.2,B,Julio,295.2,normal
1,204.3,11,6.2,B,Abril,327.9,alto
3,218.2,3,6.1,B,Mayo,293.6,normal
6,70.0,5,7.2,B,Junio,334.6,alto
7,70.1,8,4.1,B,Febrero,323.2,alto
2,127.1,4,8.2,B,Septiembre,285.2,normal
2,99.6,8,2.7,D,Septiembre,183.6,normal
1,110.5,8,0.4,C,Diciembre,181.8,normal
4,171.9,5,1.0,C,Diciembre,206.1,normal
3,200.1,4,5.0,D,Septiembre,254.1,normal
7,122.3,6,10.1,C,Junio,398.6,alto
5,90.3,3,0.2,D,Junio,192.8,normal
4,266.7,13,7.6,C,Enero,458.9,alto
4,99.0,8,3.6,B,Abril,294.5,normal
2,47.2,7,7.2,D,Febrero,227.3,normal
4,,13,7.0,D,Noviembre,386.0,alto
2,215.0,12,0.4,C,Enero,3421.332947193093,normal
3,43.0,2,2.0,D,Marzo,124.0,normal
5,226.0,10,9.4,D,Marzo,449.5,alto
4,50.1,12,1.8,B,Abril,242.8,normal
3,278.1,2,10.6,C,Diciembre,336.8,alto
6,177.7,10,9.6,B,Julio,459.5,alto
7,194.6,13,9.8,D,Noviembre,479.2,alto
6,198.5,5,0.3,B,Julio,261.7,normal
1,41.2,7,1.1,C,Julio,114.6,normal
2,100.9,9,4.6,B,Julio,282.7,normal
4,65.4,2,11.5,C,Junio,269.4,normal
5,190.7,12,0.7,D,Septiembre,302.6,alto
2,118.6,5,3.4,B,Junio,216.2,normal
4,242.5,3,10.1,D,Febrero,353.0,alto
6,267.8,9,6.5,B,Noviembre,416.9,alto
5,147.1,8,3.4,C,Diciembre,287.3,normal
5,260.2,4,5.0,C,Mayo,360.4,alto
7,257.5,12,3.1,A,Enero,400.6,alto
3,39.8,3,7.9,A,Junio,272.4,normal
4,,6,8.7,A,Noviembre,326.9,alto
5,207.9,14,6.6,C,Julio,446.2,alto
2,38.5,4,5.5,C,Agosto,203.1,normal
4,,10,2.6,C,Febrero,280.2,normal
6,166.4,12,,D,Febrero,418.6,alto
3,290.3,7,4.8,C,Julio,343.1,alto
3,,10,1.8,C,Diciembre,236.3,normal
2,287.6,14,11.4,B,Abril,484.7,alto
5,191.4,2,11.8,B,Agosto,389.3,alto
3,267.7,4,2.8,C,Diciembre,252.4,normal
1,229.4,6,8.3,C,Abril,301.8,alto
6,188.6,9,1.9,C,Octubre,287.8,normal
7,116.0,5,4.7,D,Septiembre,350.4,alto
6,221.1,8,5.1,A,Enero,378.8,alto
1,,7,0.5,B,Enero,228.4,normal
6,202.3,13,10.2,C,Junio,459.5,alto
3,125.4,11,2.4,C,Diciembre,266.6,normal
4,241.8,13,0.7,B,Enero,300.7,alto
4,100.6,3,2.8,C,Marzo,192.7,normal
4,,11,5.2,D,Abril,372.3,alto
4,276.0,14,4.1,C,Junio,387.6,alto
2,291.0,4,2.7,A,Mayo,259.6,normal
3,68.1,13,,A,Octubre,372.4,alto
5,281.5,11,1.4,C,Agosto,368.0,alto
6,51.4,8,7.7,A,Abril,354.4,alto
1,230.6,10,6.8,D,Enero,317.6,alto
5,241.2,9,5.9,D,Enero,364.1,alto
4,285.5,10,7.7,C,Febrero,424.5,alto
6,230.7,11,6.3,C,Septiembre,434.7,alto
7,48.9,11,6.5,C,Diciembre,3625.8344832040566,alto
6,237.5,6,9.2,C,Enero,419.9,alto
2,158.8,7,7.2,C,Febrero,267.3,normal
5,228.7,7,8.6,C,Junio,370.3,alto
5,219.3,3,7.4,B,Febrero,392.7,alto
2,39.3,9,7.7,C,Junio,265.6,normal
2,231.8,5,9.0,C,Febrero,360.4,alto
6,230.1,7,5.4,B,Mayo,370.6,alto
3,174.9,13,1.2,A,Julio,341.6,alto
1,36.1,11,10.7,C,Abril,291.9,normal
6,208.4,4,4.0,C,Enero,315.3,alto
6,297.8,11,,C,Junio,496.4,alto
1,32.4,10,2.8,C,Octubre,174.1,normal
5,182.6,2,3.4,C,Abril,272.5,normal
2,152.8,3,2.6,C,Octubre,158.0,normal
6,136.4,5,4.7,D,Julio,297.8,normal
2,183.8,6,10.5,D,Julio,328.6,alto
4,181.4,3,3.5,B,Diciembre,280.1,normal
6,140.4,2,6.6,C,Diciembre,298.2,normal
3,85.5,3,3.6,B,Marzo,227.3,normal
5,99.8,14,4.8,C,Agosto,359.5,alto
3,37.0,10,5.5,A,Noviembre,303.7,alto
7,180.5,9,0.9,C,Mayo,310.8,alto
7,149.9,6,8.1,C,Julio,380.2,alto
7,264.8,13,6.8,D,Agosto,450.9,alto
6,232.2,13,7.7,B,Febrero,449.2,alto
1,248.5,14,,C,Noviembre,346.0,alto
6,46.2,12,8.0,C,Junio,380.9,alto
3,115.7,8,9.8,D,Noviembre,3918.297878271046,alto
5,190.4,7,5.5,B,Marzo,343.3,alto
2,223.6,8,,C,Octubre,287.7,normal
6,53.2,8,10.6,C,Julio,403.9,alto
1,103.0,14,3.8,B,Septiembre,276.9,normal
4,284.2,12,,C,Abril,445.9,alto
3,118.0,5,5.0,B,Enero,272.9,normal
5,243.7,3,,C,Septiembre,262.2,normal
4,231.1,7,5.7,D,Marzo,312.0,alto
3,93.2,5,11.3,C,Julio,302.6,alto
6,193.6,14,0.7,D,Enero,338.5,alto
2,222.6,8,4.3,D,Noviembre,294.8,normal
1,148.8,10,3.4,C,Enero,198.3,normal
5,43.1,10,7.3,d,Octubre,314.7,alto
5,198.7,8,8.0,C,Enero,360.6,alto
1,113.7,3,5.0,A,Marzo,233.9,normal
1,85.0,14,4.1,C,Octubre,253.1,normal
4,61.5,14,1.7,B,Diciembre,274.6,normal
1,,13,5.7,B,Enero,273.2,normal
3,52.7,8,9.2,D,Septiembre,292.5,normal
4,131.1,10,9.5,C,Junio,384.2,alto
1,242.6,6,7.2,B,Diciembre,335.8,alto
6,,12,8.0,C,Julio,337.7,alto
7,61.1,3,5.2,C,Mayo,295.8,normal
5,282.0,5,8.9,C,Julio,378.7,alto
6,254.9,5,6.6,C,Agosto,346.3,alto
5,248.9,10,7.5,C,Febrero,428.7,alto
2,114.2,6,11.4,D,Marzo,308.4,alto
6,138.5,5,10.8,B,Febrero,369.0,alto
6,91.6,13,9.8,A,Noviembre,498.1,alto
6,296.9,6,1.4,B,Octubre,358.6,alto
5,206.3,8,6.1,C,Agosto,338.1,alto
7,142.9,7,9.3,D,Diciembre,431.3,alto
1,86.5,11,9.0,B,Agosto,301.5,alto
1,122.6,6,6.4,B,Febrero,219.5,normal
6,74.1,6,,C,Agosto,320.4,alto
4,236.2,3,0.4,B,Abril,245.9,normal
7,216.4,6,,c,Junio,403.6,alto
7,140.6,8,3.2,B,Abril,337.9,alto
3,252.3,7,7.6,D,Febrero,366.0,alto
2,212.1,11,6.9,C,Abril,332.4,alto
7,35.9,4,6.9,C,Julio,303.7,alto
2,231.8,5,11.9,A,Febrero,398.6,alto
7,80.1,12,0.2,b,Marzo,300.3,alto
4,247.8,2,2.4,C,Junio,243.5,normal
6,,3,5.3,B,Septiembre,259.1,normal
4,65.0,5,,B,Diciembre,364.8,alto
7,184.4,5,7.1,A,Septiembre,381.9,alto
4,166.1,8,7.2,D,Diciembre,345.1,alto
4,138.9,13,0.7,C,Mayo,251.3,normal
3,,14,9.4,C,Marzo,420.1,alto
4,252.6,10,4.6,C,Diciembre,328.5,alto
5,179.9,2,,D,Octubre,421.0,alto
7,277.3,12,10.9,D,Diciembre,534.3,alto
2,291.2,2,4.0,B,Noviembre,247.1,normal
4,253.2,13,6.4,B,Septiembre,419.0,alto
6,114.2,11,8.7,C,Diciembre,423.6,alto
5,137.8,5,8.2,A,Noviembre,360.4,alto
2,82.3,14,8.3,B,Diciembre,351.0,alto
7,51.3,12,11.5,C,Agosto,475.4,alto
5,289.3,4,4.4,C,Noviembre,324.6,alto
2,217.1,10,5.1,A,Octubre,326.8,alto
4,122.0,4,6.4,D,Marzo,263.4,normal
2,,4,11.5,B,Junio,357.0,alto
7,243.9,10,10.0,B,Mayo,480.7,alto
3,216.2,10,5.9,C,Diciembre,337.8,alto
2,215.3,9,0.4,C,Diciembre,204.8,normal
7,146.2,10,4.0,C,Diciembre,342.4,alto
7,210.5,6,5.6,A,Enero,405.1,alto
5,124.5,9,8.9,D,Septiembre,406.3,alto
4,231.9,11,8.3,C,Mayo,384.3,alto
7,157.8,4,7.6,C,Octubre,362.2,alto
3,141.5,5,12.0,C,Agosto,349.5,alto
4,260.0,14,2.9,B,Noviembre,374.1,alto
3,164.5,4,3.9,D,Abril,229.4,normal
5,226.8,3,10.9,D,Julio,373.6,alto
1,,5,2.8,C,Agosto,3439.5110446280164,normal
2,148.4,12,1.1,A,Julio,247.5,normal
1,135.3,2,10.9,C,Noviembre,233.0,normal
5,206.9,12,9.3,C,Abril,434.7,alto
6,,5,3.5,c,Septiembre,299.8,normal
2,293.0,2,4.3,D,Noviembre,267.3,normal
3,141.4,2,3.3,A,Octubre,211.1,normal
3,96.6,10,3.7,A,Julio,259.4,normal
4,194.0,5,,B,Abril,279.2,normal
5,245.9,13,8.5,B,Julio,485.7,alto
7,205.1,9,5.2,D,Junio,375.4,alto
1,41.5,12,,B,Abril,273.3,normal
3,118.5,8,8.0,C,Septiembre,309.6,alto
6,86.3,7,7.1,C,Marzo,307.2,alto
6,160.1,13,7.8,C,Julio,394.0,alto
3,45.4,9,2.1,C,Julio,218.8,normal
7,47.4,4,0.7,C,Noviembre,168.9,normal
3,193.5,9,5.0,C,Enero,332.7,alto
7,228.9,3,7.4,C,Septiembre,397.3,alto
3,197.8,5,0.3,D,Marzo,222.6,normal
7,202.1,5,0.3,C,Marzo,316.6,alto
5,217.4,5,4.7,B,Marzo,336.2,alto
6,270.6,13,3.7,D,Enero,388.3,alto
5,84.5,9,1.0,C,Marzo,226.9,normal
7,54.4,12,5.8,B,Diciembre,372.3,alto
4,229.9,12,10.1,B,Julio,462.8,alto
3,92.9,6,6.7,D,Agosto,273.8,normal
1,,4,4.5,B,Agosto,224.9,normal
7,169.0,13,0.3,B,Noviembre,330.1,alto
4,105.7,10,9.2,B,Octubre,427.9,alto
7,62.3,3,10.8,B,Agosto,388.1,alto
3,91.5,4,5.2,C,Julio,233.1,normal
3,287.0,14,10.5,C,Diciembre,452.4,alto
1,258.5,8,2.7,A,Octubre,268.9,normal
6,217.9,6,5.3,C,Abril,350.9,alto
7,102.4,6,0.7,B,Agosto,256.1,normal
7,151.8,5,9.7,C,Julio,449.0,alto
2,174.7,13,3.2,D,Mayo,272.6,normal
1,109.1,2,5.6,D,Julio,172.6,normal
6,207.4,8,5.2,C,Julio,364.8,alto
5,,7,11.8,C,Septiembre,364.9,alto
6,54.1,10,5.6,A,Agosto,328.6,alto
1,169.6,12,5.6,C,Noviembre,291.1,normal
1,171.2,5,8.5,C,Junio,320.9,alto
2,199.0,14,6.8,C,Mayo,378.4,alto
3,275.8,8,1.0,C,Junio,280.4,normal
3,41.4,7,3.5,A,Enero,196.9,normal
5,185.6,11,11.6,C,Octubre,452.6,alto
2,252.9,2,5.5,C,Diciembre,287.3,normal
7,170.1,13,2.7,D,Octubre,368.0,alto
6,,9,8.2,C,Abril,427.4,alto
6,53.1,14,7.9,C,Febrero,395.5,alto
2,215.0,14,11.8,B,Febrero,466.5,alto
5,115.7,4,1.4,C,Julio,246.3,normal
4,138.3,4,2.7,B,Agosto,241.1,normal
2,246.8,2,,D,Febrero,188.3,normal
7,232.4,10,9.3,C,Diciembre,451.0,alto
6,196.4,13,7.4,C,Octubre,399.9,alto
6,272.3,6,6.1,A,Diciembre,423.9,alto
3,246.8,4,1.6,D,Febrero,224.9,normal
3,,8,,C,Octubre,187.3,normal
7,88.4,10,8.9,B,Mayo,445.3,alto
3,157.4,5,4.3,B,Diciembre,244.8,normal
5,177.3,8,7.0,C,Agosto,372.7,alto
7,86.2,7,2.0,D,Julio,253.3,normal
4,241.3,10,10.8,C,Agosto,437.9,alto
3,54.8,7,9.0,C,Junio,296.4,normal
2,34.8,5,10.0,D,Mayo,267.7,normal
7,36.9,2,6.2,C,Abril,271.5,normal
5,42.4,11,10.7,D,Mayo,386.7,alto
6,55.2,4,3.2,C,Septiembre,241.0,normal
7,72.4,7,7.3,C,Junio,367.7,alto
5,,5,7.9,D,Enero,261.5,normal
3,299.6,8,9.0,D,Febrero,358.7,alto
5,69.6,13,5.1,c,Septiembre,361.9,alto
2,103.2,11,1.1,C,Enero,185.4,normal
2,257.2,11,11.2,C,Febrero,425.4,alto
7,116.6,9,3.4,C,Diciembre,364.2,alto
2,269.6,12,1.0,A,Agosto,296.2,normal
3,185.2,12,11.7,B,Enero,416.6,alto
4,91.1,12,5.5,C,Abril,313.6,alto
6,204.7,10,7.2,B,Noviembre,402.2,alto
3,51.1,12,11.9,C,Febrero,355.6,alto
7,260.5,5,9.9,C,Enero,482.2,alto
6,103.3,2,1.0,B,Febrero,207.5,normal
3,117.8,8,2.7,D,Diciembre,217.5,normal
4,91.9,12,2.5,A,Septiembre,284.6,normal
3,,11,4.3,D,Octubre,298.8,normal
3,229.1,8,8.0,C,Mayo,327.0,alto
4,135.9,8,,B,Octubre,263.2,normal
5,131.5,11,2.7,C,Agosto,301.2,alto
5,280.3,13,,C,Enero,483.4,alto
5,90.9,9,8.5,C,Mayo,363.9,alto
7,235.6,8,10.6,D,Septiembre,481.8,alto
2,272.7,14,5.4,B,Abril,340.7,alto
3,83.1,11,1.2,C,Noviembre,229.7,normal
2,123.8,2,8.6,B,Agosto,276.8,normal
2,279.1,8,4.3,C,Diciembre,308.0,alto
2,,13,6.5,B,Julio,389.3,alto
7,104.4,14,5.8,C,Julio,409.7,alto
6,229.4,6,7.6,B,Enero,401.2,alto
1,163.0,8,0.8,C,Agosto,156.4,normal
5,105.3,2,7.2,C,Mayo,290.9,normal
6,47.1,8,7.3,C,Septiembre,348.5,alto
5,140.6,8,2.1,A,Mayo,258.5,normal
4,52.1,2,4.9,D,Marzo,238.1,normal
1,221.8,8,1.0,B,Marzo,240.4,normal
3,79.3,3,8.1,B,Septiembre,236.5,normal
7,99.1,2,9.7,C,Enero,356.1,alto
4,60.5,11,7.0,A,Octubre,330.0,alto
1,176.8,12,2.4,C,Diciembre,263.9,normal
4,213.4,4,5.5,D,Noviembre,286.2,normal
4,,13,7.2,B,Diciembre,421.1,alto
4,283.2,5,10.8,B,Noviembre,386.0,alto
4,282.7,9,5.4,C,Noviembre,402.7,alto
1,,5,4.9,C,Noviembre,157.6,normal
5,58.6,12,8.8,B,Marzo,414.2,alto
5,,13,11.1,C,Junio,400.4,alto
6,,13,4.5,D,Junio,305.2,alto
1,,8,8.1,D,Mayo,271.7,normal
6,,10,5.6,C,Julio,330.9,alto
2,259.1,7,8.6,C,Octubre,344.9,alto
2,41.5,5,,D,Agosto,294.2,normal
7,173.7,14,5.0,A,Agosto,447.8,alto
4,160.3,6,8.3,C,Abril,341.3,alto
3,180.1,3,8.9,D,Octubre,327.0,alto
2,228.2,13,11.5,c,Abril,424.2,alto
1,171.0,2,5.0,B,Octubre,212.8,normal
6,189.1,11,4.2,C,Febrero,382.9,alto
2,187.3,13,0.4,C,Julio,219.2,normal
4,,12,0.7,C,Febrero,288.5,normal
6,89.1,2,8.8,C,Febrero,313.3,alto
4,155.9,13,6.4,D,Octubre,342.8,alto
7,163.9,10,6.8,D,Octubre,393.6,alto
6,52.6,6,7.1,C,Julio,285.3,normal
5,183.2,14,8.8,C,Diciembre,464.8,alto
1,276.6,3,3.4,C,Agosto,221.7,normal
4,45.5,11,10.5,C,Agosto,370.8,alto
7,297.3,13,8.9,C,Noviembre,502.9,alto
2,236.6,7,12.0,C,Julio,406.0,alto
7,126.5,5,9.1,D,Diciembre,413.4,alto
3,234.2,5,11.7,C,Febrero,413.9,alto
1,,7,9.0,C,Septiembre,317.9,alto
6,,14,9.9,B,Mayo,481.0,alto
1,63.7,14,6.9,C,Noviembre,285.2,normal
5,34.6,14,10.7,D,Junio,393.2,alto
3,207.0,7,8.4,B,Marzo,324.8,alto
7,262.0,4,10.5,c,Noviembre,451.2,alto
7,200.6,9,3.7,B,Septiembre,346.7,alto
3,160.5,8,1.8,C,Junio,208.3,normal
2,92.9,5,3.3,B,Abril,225.8,normal
6,88.3,4,9.3,C,Agosto,355.8,alto
5,187.5,13,,A,Noviembre,408.2,alto
1,38.2,3,7.8,D,Julio,198.4,normal
6,162.8,5,4.8,C,Febrero,298.0,normal
7,245.4,4,,A,Noviembre,342.5,alto
4,282.1,13,11.3,C,Abril,487.7,alto
7,99.1,11,0.2,D,Septiembre,226.2,normal
2,297.9,3,2.1,B,Agosto,234.9,normal
3,43.9,10,2.6,D,Marzo,226.4,normal
1,253.9,6,3.7,C,Mayo,283.6,normal
7,170.5,11,10.8,D,Marzo,478.3,alto
7,88.9,7,8.8,B,Mayo,388.9,alto
3,184.5,9,2.3,C,Enero,225.0,normal
3,107.5,9,3.7,D,Noviembre,218.7,normal
1,96.8,11,4.3,C,Junio,257.0,normal
4,190.2,13,1.5,D,Marzo,274.9,normal
3,170.4,11,1.8,B,Septiembre,2930.979797301328,normal
2,270.9,5,4.5,D,Marzo,292.2,normal
6,190.4,12,7.0,C,Noviembre,425.8,alto
5,259.1,5,6.3,C,Noviembre,348.7,alto
3,109.0,2,0.5,C,Noviembre,149.8,normal
2,,11,1.4,C,Mayo,276.3,normal
1,226.2,2,3.4,C,Septiembre,227.8,normal
3,245.7,10,1.8,C,Abril,276.8,normal
7,104.2,9,2.5,D,Abril,302.1,alto
6,156.1,4,5.8,D,Agosto,323.4,alto
3,157.0,6,7.7,A,Febrero,304.6,alto
2,,14,2.7,C,Marzo,269.8,normal
1,101.3,4,6.2,D,Abril,202.8,normal
6,88.8,2,4.3,C,Abril,255.0,normal
5,63.8,11,1.5,C,Marzo,246.3,normal
1,279.7,2,4.6,C,Mayo,218.7,normal
7,137.2,10,10.6,C,Agosto,446.8,alto
4,174.9,8,10.2,D,Agosto,360.7,alto
7,118.9,6,9.5,A,Octubre,416.5,alto
6,267.4,13,11.1,C,Abril,526.3,alto
2,219.7,6,1.5,D,Noviembre,234.1,normal
1,118.5,10,7.8,C,Junio,297.7,normal
3,,10,,A,Marzo,327.9,alto
5,130.0,14,0.7,B,Junio,282.2,normal
6,107.1,4,3.2,C,Noviembre,272.4,normal
7,209.0,2,2.8,A,Agosto,311.7,alto
5,105.6,10,8.0,C,Abril,377.2,alto
7,258.7,9,7.8,B,Enero,449.5,alto
2,96.4,10,8.5,C,Enero,294.9,normal
3,215.4,4,,C,Marzo,317.2,alto
5,262.4,3,5.2,C,Abril,312.6,alto
2,,8,3.1,C,Junio,273.4,normal
7,236.5,4,,C,Febrero,345.5,alto
4,297.2,5,5.9,B,Noviembre,383.3,alto
3,272.4,9,1.7,C,Marzo,272.4,normal
5,197.4,11,3.3,C,Junio,337.2,alto
5,298.9,7,8.3,C,Febrero,4180.092183907502,alto
5,162.7,4,1.3,B,Mayo,268.6,normal
6,269.2,3,0.0,D,Septiembre,247.0,normal
4,127.5,10,3.0,D,Abril,262.5,normal
3,174.3,7,,C,Septiembre,228.4,normal
6,53.4,14,9.0,B,Enero,385.6,alto
2,298.3,13,1.6,C,Mayo,336.6,alto
6,227.3,5,2.4,C,Septiembre,306.7,alto
5,294.2,2,10.6,D,Abril,423.9,alto
6,157.1,13,7.7,D,Mayo,404.6,alto
7,98.4,12,0.9,C,Diciembre,339.5,alto
6,241.4,13,0.5,B,Marzo,332.4,alto
5,37.7,14,11.8,B,Septiembre,429.7,alto
3,,12,11.8,C,Febrero,431.8,alto
3,263.5,11,4.7,B,Marzo,378.5,alto
7,224.0,3,5.8,C,Octubre,359.6,alto
5,220.9,4,5.7,A,Julio,342.8,alto
4,219.3,14,1.5,D,Octubre,3479.2982374851554,normal
2,236.4,6,8.3,B,Diciembre,353.8,alto
3,214.9,5,10.2,D,Marzo,343.5,alto
5,176.0,9,1.4,D,Marzo,259.1,normal
3,292.7,10,6.2,C,Febrero,368.9,alto
5,47.9,5,10.5,C,Abril,340.5,alto
3,177.6,6,3.7,D,Mayo,281.7,normal
2,31.7,11,4.2,C,Enero,223.1,normal
2,213.0,9,11.9,C,Septiembre,396.6,alto
4,273.7,12,7.0,D,Junio,411.7,alto
7,197.1,5,9.6,C,Febrero,417.7,alto
5,274.2,7,,B,Septiembre,456.9,alto
1,178.2,13,,B,Noviembre,262.3,normal
6,,8,5.9,B,Diciembre,343.8,alto
6,221.2,14,2.7,C,Junio,365.2,alto
6,180.1,8,7.5,B,Enero,397.3,alto
3,150.2,9,10.5,C,Marzo,374.4,alto
4,79.5,3,11.7,A,Septiembre,357.5,alto
6,,4,3.6,C,Noviembre,261.6,normal
7,148.6,14,7.6,C,Marzo,454.4,alto
1,248.6,5,2.9,A,Julio,219.9,normal
4,145.0,5,8.5,C,Febrero,346.8,alto
7,187.1,3,1.4,C,Mayo,302.6,alto
6,203.8,6,8.7,C,Septiembre,399.8,alto
1,177.0,10,9.9,B,Febrero,340.5,alto
6,,9,,B,Diciembre,396.2,alto
7,,12,3.2,B,Enero,426.9,alto
6,94.1,12,11.2,A,Abril,3822.3990365705936,alto
2,234.5,7,10.9,C,Abril,366.8,alto
6,72.8,6,,C,Abril,251.4,normal
2,51.8,8,7.4,D,Septiembre,257.7,normal
1,270.4,4,5.6,B,Junio,264.8,normal
6,223.1,10,10.0,B,Marzo,496.1,alto
6,295.2,13,11.1,A,Noviembre,533.0,alto
1,49.4,12,9.9,C,Junio,347.0,alto
6,175.9,7,10.2,B,Octubre,390.9,alto
4,295.7,6,6.3,C,Mayo,389.9,alto
5,,2,3.5,C,Enero,185.6,normal
3,281.1,7,10.3,C,Febrero,427.6,alto
7,70.5,9,9.7,C,Mayo,442.1,alto
1,99.9,3,1.8,A,Octubre,184.8,normal
4,247.6,8,1.6,B,Octubre,310.4,alto
4,294.3,7,6.0,C,Julio,375.6,alto
7,129.8,14,9.5,D,Octubre,466.2,alto
6,275.9,4,1.0,B,Septiembre,295.4,normal
2,267.5,4,5.8,B,Junio,296.2,normal
2,93.4,4,5.8,C,Abril,221.4,normal
2,70.9,11,10.4,B,Septiembre,3447.0527280902215,alto
1,88.2,7,6.2,B,Julio,254.6,normal
7,129.0,4,3.7,D,Febrero,281.7,normal
6,276.8,4,6.4,B,Diciembre,396.6,alto
1,270.9,10,1.5,C,Octubre,267.9,normal
2,205.1,4,,A,Marzo,310.7,alto
4,101.5,2,6.2,C,Julio,243.4,normal
7,158.9,12,4.1,C,Febrero,406.1,alto
1,71.2,6,0.4,C,Septiembre,119.4,normal
6,174.8,10,0.5,B,Abril,306.7,alto
7,194.0,9,0.3,B,Junio,293.2,normal
4,264.9,10,,D,Abril,351.9,alto
4,122.4,10,8.0,C,Agosto,344.3,alto
3,127.3,14,5.1,B,Octubre,338.5,alto
4,70.1,4,6.4,C,Febrero,252.7,normal
5,216.6,7,11.1,A,Noviembre,443.2,alto
5,42.3,4,,D,Diciembre,232.2,normal
7,94.9,2,1.3,D,Octubre,185.1,normal
5,152.0,5,,D,Marzo,260.6,normal
1,272.3,13,7.5,A,Junio,379.0,alto
6,49.6,2,,D,Mayo,271.9,normal
4,290.5,8,5.4,C,Septiembre,361.0,alto
4,281.5,8,1.8,D,Febrero,303.4,alto
1,,10,3.0,B,Abril,276.8,normal
4,125.8,3,2.3,C,Noviembre,240.7,normal
3,259.8,2,10.4,D,Julio,316.0,alto
2,65.0,10,8.9,C,Abril,293.3,normal
4,90.3,2,6.5,D,Septiembre,202.0,normal
3,109.9,8,3.6,C,Abril,276.4,normal
4,148.4,11,6.9,C,Enero,330.6,alto
1,283.6,6,0.4,B,Febrero,209.7,normal
2,275.9,6,5.2,D,Septiembre,312.5,alto
6,113.9,8,4.4,D,Enero,312.7,alto
6,164.7,8,8.6,B,Agosto,412.3,alto
6,299.2,12,9.0,C,Octubre,489.6,alto
3,293.9,13,10.0,C,Agosto,457.7,alto
3,271.9,4,1.1,C,Octubre,242.8,normal
3,147.9,8,0.5,c,Diciembre,234.2,normal
4,254.8,12,6.3,A,Diciembre,443.5,alto
1,192.0,4,2.6,C,Julio,240.9,normal
2,264.1,4,,D,Abril,338.0,alto
2,157.5,9,9.4,D,Septiembre,351.2,alto
7,108.5,14,,D,Febrero,397.6,alto
5,216.1,3,9.5,D,Diciembre,371.8,alto
5,159.1,8,5.9,B,Octubre,345.9,alto
5,202.8,13,3.0,C,Febrero,353.1,alto
3,112.2,6,,C,Agosto,163.1,normal
3,181.6,3,8.8,A,Diciembre,332.3,alto
4,101.7,14,1.3,D,Enero,256.2,normal
1,155.6,6,2.9,A,Junio,220.7,normal
6,198.8,3,0.8,C,Abril,278.7,normal
5,255.8,14,3.9,A,Marzo,408.5,alto
1,,8,10.2,B,Marzo,323.5,alto
2,,12,1.8,D,Octubre,324.8,alto
4,234.0,11,10.0,D,Octubre,418.8,alto
2,47.8,12,,C,Marzo,331.5,alto
7,283.8,4,3.5,C,Agosto,330.3,alto
7,251.9,11,8.7,B,Marzo,469.5,alto
2,221.1,10,7.0,B,Mayo,354.0,alto
6,216.6,9,,C,Enero,404.7,alto
1,164.9,13,2.1,C,Agosto,269.8,normal
7,222.9,9,9.4,C,Agosto,441.2,alto
3,40.5,2,5.6,D,Octubre,190.1,normal
4,167.4,4,5.2,D,Febrero,280.7,normal
6,160.9,14,11.5,C,Marzo,486.3,alto
1,,7,10.9,C,Mayo,307.1,alto
2,97.0,10,7.1,B,Abril,269.0,normal
4,44.1,4,7.8,D,Septiembre,231.0,normal
5,246.4,9,4.1,C,Enero,357.1,alto
6,163.3,11,6.5,C,Enero,361.6,alto
7,,8,1.3,C,Abril,301.6,alto
3,222.4,9,0.6,D,Octubre,223.7,normal
4,118.6,2,6.9,B,Agosto,276.0,normal
5,193.9,3,4.6,C,Septiembre,293.9,normal
1,89.5,12,8.0,C,Febrero,321.9,alto
2,190.9,2,4.6,C,Marzo,4214.0096841148525,normal
5,37.9,12,5.8,C,Mayo,303.3,alto
5,135.6,14,0.2,D,Diciembre,279.5,normal
1,252.1,11,8.2,D,Mayo,348.7,alto
1,241.3,2,10.8,B,Noviembre,371.5,alto
7,,8,6.6,B,Septiembre,335.2,alto
6,111.2,5,5.5,A,Diciembre,341.5,alto
6,,5,2.7,C,Julio,239.9,normal
6,82.9,4,0.1,C,Octubre,201.9,normal
7,280.1,7,1.6,D,Mayo,331.0,alto
5,206.8,12,2.0,D,Noviembre,330.9,alto
4,150.9,3,2.5,D,Abril,217.4,normal
5,,5,7.1,B,Octubre,371.1,alto
3,96.2,2,3.4,A,Julio,258.4,normal
5,291.5,14,,D,Abril,430.9,alto
5,282.3,12,8.4,B,Septiembre,480.6,alto
5,198.6,9,8.6,C,Enero,391.6,alto
5,163.5,9,7.6,B,Octubre,359.1,alto
4,130.8,2,12.0,C,Marzo,349.2,alto
3,127.1,2,8.2,B,Mayo,282.9,normal
3,216.9,9,8.0,C,Enero,352.8,alto
7,145.8,3,6.6,B,Septiembre,357.5,alto
4,271.8,6,4.4,C,Mayo,334.1,alto
3,176.9,13,1.1,C,Agosto,263.5,normal
2,261.2,12,10.7,D,Febrero,401.5,alto
4,238.6,11,5.4,A,Octubre,425.3,alto
1,165.8,4,9.1,D,Mayo,286.1,normal
6,79.1,5,2.3,D,Diciembre,179.2,normal
5,185.5,8,9.1,B,Abril,417.2,alto
1,47.4,13,2.6,C,Abril,189.1,normal
2,140.5,7,0.4,D,Julio,200.6,normal
3,74.8,7,8.2,C,Enero,274.8,normal
2,118.4,10,,D,Octubre,235.3,normal
5,80.6,6,0.5,D,Julio,203.1,normal
4,116.4,5,4.4,B,Enero,287.6,normal
7,111.0,12,2.3,D,Junio,297.8,normal
3,69.6,11,8.8,B,Mayo,348.2,alto
4,199.7,9,8.6,B,Febrero,405.0,alto
7,233.6,5,5.0,C,Diciembre,347.8,alto
6,214.0,4,4.7,B,Diciembre,340.5,alto
3,233.5,10,7.6,C,Enero,353.5,alto
7,146.6,14,8.7,D,Febrero,440.3,alto
1,230.5,11,11.3,C,Septiembre,422.4,alto
5,146.2,2,3.5,B,Abril,267.5,normal
5,212.1,9,8.2,C,Mayo,400.1,alto
6,255.3,11,4.1,D,Mayo,358.2,alto
3,139.1,5,5.2,B,Octubre,241.4,normal
4,,3,8.1,B,Noviembre,245.9,normal
6,280.1,12,10.2,B,Agosto,509.1,alto
1,288.7,11,7.3,B,Mayo,399.4,alto
5,45.4,5,4.3,C,Agosto,254.5,normal
2,225.0,10,3.2,B,Junio,280.8,normal
4,75.6,2,9.2,D,Diciembre,257.5,normal
4,33.0,8,3.3,B,Julio,230.3,normal
4,111.7,2,9.4,B,Mayo,302.3,alto
3,234.8,10,11.2,D,Noviembre,450.4,alto
7,166.0,14,7.7,D,Marzo,431.9,alto
6,71.5,10,4.4,B,Octubre,322.8,alto
5,134.8,5,8.7,C,Abril,344.6,alto
1,274.9,2,1.6,C,Julio,185.4,normal
6,,5,7.3,B,Septiembre,303.6,alto
6,200.2,6,9.4,C,Febrero,371.7,alto
6,280.2,2,10.6,B,Febrero,431.1,alto
5,227.8,13,2.4,C,Enero,348.7,alto
3,174.7,6,6.4,D,Febrero,310.9,alto
7,76.0,7,8.7,C,Febrero,405.8,alto
4,209.8,6,2.5,B,Marzo,276.6,normal
7,230.3,13,0.0,B,Septiembre,366.5,alto
1,270.6,14,6.3,C,Julio,395.8,alto
6,293.6,14,4.0,D,Abril,401.3,alto
3,151.7,10,11.2,C,Agosto,347.1,alto
7,139.1,7,,B,Abril,361.1,alto
3,257.4,3,2.4,D,Diciembre,230.5,normal
1,116.6,13,1.8,D,Mayo,212.7,normal
5,122.7,12,4.0,C,Julio,317.5,alto
7,175.5,5,6.8,C,Noviembre,368.9,alto
2,224.0,14,10.0,B,Abril,461.6,alto
2,211.9,13,5.4,A,Marzo,338.2,alto
4,248.2,2,,B,Octubre,250.0,normal
6,204.7,4,6.8,C,Enero,337.7,alto
6,64.8,9,5.8,B,Agosto,355.1,alto
1,30.4,12,7.6,A,Abril,284.5,normal
4,179.7,12,0.2,B,Abril,293.3,normal
6,155.7,7,7.5,D,Mayo,350.0,alto
4,42.7,8,2.3,D,Noviembre,205.7,normal
6,101.6,7,2.4,B,Enero,307.2,alto
5,190.0,5,6.3,C,Agosto,341.3,alto
5,,14,9.6,D,Julio,473.8,alto
7,207.0,3,6.8,D,Abril,341.2,alto
7,255.9,7,5.6,D,Diciembre,416.1,alto
7,162.1,3,6.5,D,Noviembre,297.7,normal
2,130.5,12,2.2,A,Noviembre,270.6,normal
6,121.1,9,4.9,B,Noviembre,356.1,alto
4,239.3,2,5.5,B,Julio,299.3,normal
5,211.9,8,5.4,C,Marzo,366.7,alto
7,42.4,4,8.4,B,Enero,346.0,alto
2,34.2,8,6.2,C,Marzo,227.9,normal
6,58.2,6,7.5,C,Noviembre,300.4,alto
3,189.7,7,10.4,C,Septiembre,393.1,alto
2,220.4,7,9.6,C,Diciembre,320.7,alto
3,218.0,13,9.0,C,Noviembre,431.6,alto
7,129.8,6,1.8,A,Julio,265.1,normal
5,51.3,7,10.7,C,Julio,357.0,alto
7,159.7,8,9.6,C,Marzo,460.4,alto
4,272.3,14,10.2,D,Agosto,419.3,alto
6,90.0,9,0.8,b,Marzo,263.1,normal
7,207.1,4,3.1,D,Julio,302.2,alto
5,247.5,6,9.3,D,Enero,405.0,alto
6,120.6,6,,A,Agosto,366.1,alto
3,260.5,14,5.3,A,Febrero,399.5,alto
7,137.1,8,9.8,C,Abril,439.2,alto
6,102.3,9,10.9,C,Noviembre,428.0,alto
6,,4,9.8,C,Octubre,394.3,alto
2,128.9,12,5.3,B,Septiembre,2876.5913674702947,normal
6,124.2,6,3.5,C,Abril,296.2,normal
6,197.7,12,0.1,C,Enero,328.1,alto
2,123.7,9,3.6,C,Marzo,271.7,normal
4,46.4,14,11.8,D,Agosto,400.6,alto
4,275.2,14,10.7,C,Marzo,502.5,alto
7,95.9,11,8.7,B,Enero,411.7,alto
7,86.9,10,10.1,C,Febrero,440.9,alto
5,181.0,9,3.4,C,Abril,321.5,alto
6,93.8,14,7.6,C,Febrero,421.9,alto
4,231.9,12,5.3,D,Noviembre,377.3,alto
5,269.9,11,6.5,C,Octubre,395.1,alto
1,261.4,9,3.0,C,Septiembre,281.7,normal
3,40.1,2,0.3,B,Junio,119.4,normal
2,37.9,12,2.6,C,Diciembre,242.0,normal
6,212.4,5,2.9,C,Julio,301.0,alto
5,102.4,3,4.5,B,Septiembre,233.7,normal
4,78.5,7,5.5,D,Mayo,257.9,normal
6,290.1,14,10.2,C,Enero,543.3,alto
1,92.6,14,9.2,D,Octubre,345.9,alto
7,155.5,8,0.4,C,Diciembre,293.7,normal
3,292.2,7,2.2,C,Abril,285.2,normal
7,182.7,5,5.9,C,Abril,361.6,alto
1,38.0,11,,B,Diciembre,163.9,normal
5,267.1,7,2.1,B,Abril,347.3,alto
6,54.2,8,1.5,C,Febrero,286.4,normal
1,126.9,2,3.2,B,Julio,137.9,normal
1,,13,9.0,D,Enero,347.8,alto
6,298.8,7,4.1,C,Junio,379.8,alto
1,233.9,8,9.1,A,Septiembre,374.0,alto
5,95.3,11,10.0,C,Septiembre,427.2,alto
2,83.2,12,8.9,C,Diciembre,340.8,alto
5,217.9,6,5.4,C,Septiembre,339.7,alto
4,,3,,B,Junio,330.1,alto
7,220.6,11,8.2,C,Febrero,419.2,alto
7,138.7,13,4.4,B,Diciembre,370.9,alto
5,186.0,14,1.9,C,Octubre,352.2,alto
6,161.0,2,5.6,B,Agosto,317.0,alto
7,43.8,4,,D,Noviembre,346.1,alto
3,49.7,2,8.2,C,Agosto,289.3,normal
4,278.7,3,2.1,A,Julio,249.1,normal
2,51.2,9,2.6,C,Julio,232.0,normal
5,159.3,12,0.7,B,Junio,306.5,alto
3,70.2,4,9.5,D,Noviembre,298.3,normal
4,71.2,12,1.8,B,Enero,3628.464796333489,normal
5,156.2,11,,C,Diciembre,436.8,alto
3,205.0,14,4.4,A,Febrero,403.7,alto
5,169.3,9,6.1,D,Marzo,317.6,alto
1,297.5,5,7.2,A,Agosto,343.6,alto
1,198.2,12,11.3,D,Junio,2971.976772413592,alto
4,,2,10.1,C,Febrero,277.4,normal
6,60.9,4,2.6,D,Febrero,218.7,normal
6,78.5,7,5.4,C,Mayo,337.8,alto
3,213.9,14,3.4,D,Enero,324.3,alto
1,76.1,14,11.7,A,Febrero,362.7,alto
1,39.1,5,9.3,D,Junio,250.5,normal
1,298.9,5,10.4,C,Marzo,372.4,alto
2,250.3,2,1.6,A,Febrero,227.6,normal
3,183.3,4,11.1,C,Marzo,323.4,alto
3,248.1,13,4.9,B,Mayo,376.0,alto
4,87.4,4,9.1,C,Octubre,291.9,normal
2,196.2,13,4.2,C,Enero,356.6,alto
5,122.4,4,7.7,B,Octubre,327.9,alto
5,170.8,4,1.7,A,Enero,257.7,normal
7,42.7,14,1.5,B,Agosto,322.3,alto
5,261.8,4,10.7,D,Enero,409.4,alto
7,131.4,9,3.9,C,Marzo,396.9,alto
3,240.4,13,11.3,B,Enero,489.9,alto
2,40.4,2,10.6,B,Diciembre,254.1,normal
2,186.3,9,2.1,B,Diciembre,227.2,normal
7,,6,6.0,A,Abril,327.3,alto
1,200.4,10,7.5,C,Marzo,371.2,alto
5,,11,10.4,B,Mayo,354.2,alto
7,237.1,13,2.6,B,Septiembre,425.3,alto
4,180.5,2,5.3,B,Mayo,271.1,normal
7,188.0,14,3.2,C,Enero,418.8,alto
3,51.7,14,6.1,C,Enero,309.1,alto
6,214.4,12,8.0,C,Junio,407.7,alto
3,178.1,10,9.4,C,Agosto,403.3,alto
1,36.0,13,8.8,D,Agosto,287.5,normal
2,119.0,9,4.4,D,Agosto,254.1,normal
1,124.4,13,7.9,C,Julio,279.7,normal
1,,2,6.0,D,Abril,266.3,normal
5,157.1,10,10.1,C,Noviembre,427.7,alto
6,,5,11.5,C,Abril,459.2,alto
2,97.8,2,4.7,B,Agosto,201.6,normal
7,209.0,4,10.2,B,Junio,467.4,alto
3,119.4,6,4.3,D,Marzo,234.8,normal
6,63.1,3,11.5,A,Marzo,369.1,alto
6,143.1,13,8.0,D,Marzo,406.0,alto
5,104.1,7,0.2,B,Noviembre,199.8,normal
5,31.3,5,10.6,B,Mayo,329.8,alto
1,226.8,8,1.9,A,Noviembre,246.2,normal
6,157.4,4,8.5,B,Marzo,391.6,alto
1,195.7,10,4.2,D,Enero,239.0,normal
5,210.4,2,2.1,C,Septiembre,301.6,alto
4,44.6,13,3.3,B,Septiembre,313.8,alto
5,297.3,9,4.1,A,Abril,367.1,alto
4,285.9,5,5.0,C,Diciembre,357.6,alto
4,230.1,4,7.6,C,Noviembre,332.5,alto
2,212.7,2,7.4,B,Octubre,299.2,normal
5,224.3,5,7.4,C,Febrero,333.9,alto
6,154.3,10,2.4,C,Abril,3469.7357800975533,alto
3,261.2,13,1.8,C,Febrero,316.0,alto
1,141.3,14,3.3,C,Abril,286.7,normal
7,214.6,5,3.6,B,Agosto,350.7,alto
4,52.6,7,4.6,D,Diciembre,209.7,normal
7,278.7,8,9.4,D,Abril,439.3,alto
3,206.6,9,11.5,B,Diciembre,386.0,alto
7,,3,5.7,C,Julio,379.4,alto
3,80.8,6,11.6,D,Marzo,331.2,alto
7,32.2,2,1.1,C,Enero,176.0,normal
3,57.4,10,11.1,B,Diciembre,349.7,alto
5,295.9,6,10.8,B,Marzo,486.2,alto
1,116.8,10,,A,Diciembre,267.7,normal
5,254.8,7,2.1,B,Marzo,323.6,alto
4,150.1,2,11.3,C,Junio,349.7,alto
3,197.2,4,2.5,D,Diciembre,203.0,normal
5,91.2,10,4.0,C,Marzo,278.6,normal
6,218.0,11,9.9,D,Julio,419.6,alto
6,110.9,12,0.5,D,Marzo,254.2,normal
7,93.4,5,8.7,A,Julio,352.0,alto
3,49.9,11,7.1,B,Agosto,306.8,alto
2,220.0,13,6.5,B,Septiembre,384.5,alto
4,76.1,11,,C,Diciembre,258.7,normal
4,124.9,14,1.9,B,Octubre,289.3,normal
7,274.9,2,1.9,C,Marzo,323.4,alto
5,69.8,12,1.8,B,Mayo,307.9,alto
4,159.3,3,5.3,B,Noviembre,256.6,normal
4,150.2,11,4.7,C,Agosto,355.1,alto
7,84.6,9,5.3,D,Abril,3683.791928479438,alto
6,273.5,10,3.5,D,Octubre,379.9,alto
1,256.2,2,1.0,B,Enero,196.6,normal
2,172.8,3,2.7,C,Diciembre,202.4,normal
3,269.1,7,10.6,C,Enero,370.9,alto
6,67.6,2,3.7,C,Octubre,235.9,normal
6,43.4,11,3.8,D,Enero,251.5,normal
1,155.8,9,0.2,C,Julio,164.7,normal
4,281.6,7,11.7,C,Mayo,435.0,alto
7,165.4,12,7.3,D,Abril,414.5,alto
3,43.6,11,9.8,C,Marzo,365.6,alto
3,34.4,11,9.1,C,Febrero,324.3,alto
6,72.9,9,8.3,A,Enero,388.4,alto
6,30.5,12,9.3,A,Mayo,413.8,alto
5,282.6,13,1.4,D,Abril,371.2,alto
4,60.8,12,4.2,D,Mayo,248.9,normal
3,160.1,7,9.4,A,Abril,347.4,alto
3,274.6,12,3.6,C,Abril,348.1,alto
3,146.7,9,11.3,D,Julio,357.8,alto
3,149.7,9,10.3,A,Mayo,357.3,alto
2,260.5,7,9.0,D,Noviembre,355.9,alto
1,175.7,6,7.3,D,Enero,254.3,normal
5,167.6,3,2.0,B,Julio,252.3,normal
3,288.9,3,5.3,C,Enero,313.1,alto
2,204.2,12,1.0,C,Diciembre,284.1,normal
2,50.7,14,3.2,B,Abril,245.8,normal
7,132.3,9,10.9,C,Julio,449.1,alto
5,65.3,5,11.0,C,Agosto,325.2,alto
2,54.9,3,7.5,C,Octubre,233.4,normal
5,184.3,10,3.1,B,Febrero,328.5,alto
3,147.6,10,6.9,B,Julio,374.3,alto
6,180.6,8,5.4,D,Febrero,329.5,alto
2,203.4,12,0.8,C,Agosto,264.0,normal
3,161.5,13,2.8,C,Noviembre,307.8,alto
5,158.2,11,3.1,A,Octubre,343.7,alto
4,231.7,11,6.2,C,Julio,379.0,alto
2,,14,,C,Junio,224.5,normal
3,144.2,3,0.5,D,Agosto,171.6,normal
3,275.0,9,9.4,D,Octubre,402.4,alto
4,286.7,12,11.3,C,Diciembre,508.9,alto
4,258.8,2,3.4,C,Enero,300.7,alto
6,32.9,13,10.7,A,Enero,432.4,alto
1,34.5,3,0.4,D,Noviembre,61.8,bajo
1,291.9,4,11.2,A,Octubre,369.3,alto
6,,12,7.0,D,Mayo,336.8,alto
5,224.4,4,6.3,C,Noviembre,363.5,alto
2,296.9,8,5.9,A,Agosto,325.1,alto
4,230.4,14,11.4,B,Mayo,464.8,alto
4,295.8,14,9.3,C,Enero,479.2,alto
4,254.1,4,7.0,C,Diciembre,393.0,alto
6,63.1,7,9.8,C,Junio,387.8,alto
5,277.5,5,9.2,B,Enero,423.2,alto
6,,11,1.5,C,Diciembre,293.9,normal
2,273.3,6,0.9,B,Marzo,215.6,normal
7,,4,0.9,C,Mayo,266.9,normal
6,291.3,10,6.6,C,Agosto,420.8,alto
6,57.0,8,4.7,C,Octubre,275.4,normal
3,107.1,7,2.9,D,Octubre,234.5,normal
1,144.3,12,10.5,B,Agosto,377.0,alto
5,245.2,10,5.9,D,Diciembre,381.0,alto
6,160.6,4,5.9,B,Enero,324.6,alto
2,,4,3.6,D,Octubre,240.5,normal
7,155.6,10,3.2,D,Septiembre,325.5,alto
3,223.8,3,6.4,C,Noviembre,317.6,alto
7,171.8,10,3.1,D,Enero,327.8,alto
1,211.6,6,4.4,D,Febrero,262.2,normal
6,230.2,3,8.4,B,Noviembre,404.6,alto
3,242.1,14,4.2,C,Febrero,383.2,alto
6,273.8,13,10.3,C,Marzo,520.8,alto
2,247.4,6,11.5,B,Junio,370.1,alto
2,244.6,10,10.6,C,Septiembre,399.8,alto
6,34.0,8,7.3,C,Mayo,315.1,alto
4,91.5,6,8.7,B,Septiembre,302.5,alto
5,246.0,12,4.4,C,Julio,382.7,alto
7,241.0,11,8.2,B,Enero,457.9,alto
4,178.7,6,7.8,C,Enero,312.2,alto
2,84.8,8,7.7,C,Enero,260.0,normal
4,59.2,9,1.6,C,Diciembre,205.2,normal
6,34.8,3,6.6,C,Diciembre,4311.025630592482,normal
5,,6,7.3,A,Marzo,377.0,alto
6,211.9,4,,C,Septiembre,284.9,normal
5,120.8,6,10.5,D,Febrero,356.6,alto
1,115.9,2,10.7,C,Noviembre,311.6,alto
6,60.4,13,4.5,B,Septiembre,351.9,alto
4,237.5,6,4.9,D,Diciembre,323.3,alto
6,74.5,14,3.0,C,Febrero,312.8,alto
5,175.4,2,2.9,B,Enero,238.7,normal
5,166.5,3,0.8,A,Octubre,210.3,normal
6,247.3,3,0.8,C,Julio,265.0,normal
1,183.9,3,,B,Marzo,259.6,normal
4,87.4,2,8.4,D,Septiembre,262.9,normal
5,,13,9.9,C,Julio,456.7,alto
6,39.4,7,6.6,C,Febrero,318.5,alto
1,130.5,7,11.0,C,Diciembre,310.7,alto
6,76.5,11,3.6,B,Noviembre,316.6,alto
3,150.2,8,2.9,B,Marzo,249.9,normal
6,163.3,11,2.7,A,Julio,354.3,alto
5,258.5,5,,C,Abril,338.4,alto
3,91.2,13,2.1,B,Agosto,253.4,normal
6,205.7,10,7.4,B,Diciembre,441.9,alto
2,208.9,6,1.1,B,Enero,211.8,normal
3,124.1,2,11.1,C,Marzo,318.7,alto
4,132.4,10,6.9,C,Abril,347.3,alto
1,271.1,2,0.9,A,Abril,196.5,normal
1,228.6,14,5.0,A,Febrero,369.2,alto
7,,7,1.4,A,Febrero,359.0,alto
3,200.8,4,,B,Septiembre,294.4,normal
1,73.3,8,2.2,B,Febrero,167.5,normal
4,50.3,8,4.1,C,Diciembre,231.6,normal
7,176.8,7,1.1,D,Marzo,286.9,normal
6,99.6,11,9.0,C,Octubre,401.2,alto
5,33.7,11,7.6,C,Febrero,321.3,alto
6,32.4,7,11.6,C,Diciembre,372.8,alto
5,231.9,3,,B,Diciembre,363.0,alto
7,44.0,14,1.0,C,Septiembre,289.3,normal
5,76.2,6,10.0,B,Diciembre,394.4,alto
2,239.4,11,,C,Agosto,256.1,normal
2,249.9,11,7.2,C,Enero,353.0,alto
7,273.7,6,2.0,C,Agosto,359.0,alto
4,270.9,2,7.2,C,Mayo,352.2,alto
3,163.3,4,7.4,C,Julio,277.1,normal
2,65.2,13,8.0,C,Junio,324.9,alto
4,186.7,7,6.0,D,Enero,305.6,alto
5,126.2,6,3.1,B,Diciembre,269.9,normal
1,37.5,6,11.4,C,Enero,311.0,alto
7,276.8,9,1.1,B,Enero,359.9,alto
4,216.6,14,3.3,C,Junio,351.7,alto
7,202.1,11,4.8,C,Marzo,360.2,alto
2,129.0,9,1.1,B,Septiembre,240.5,normal
5,150.8,6,0.8,B,Julio,264.1,normal
1,192.5,11,7.9,B,Diciembre,339.3,alto
1,99.7,12,7.7,B,Junio,314.5,alto
3,238.6,5,8.6,C,Febrero,342.7,alto
7,78.2,6,9.4,A,Junio,3353.4614077422866,alto
3,251.2,2,7.2,A,Diciembre,305.2,alto
3,75.9,9,8.0,C,Julio,312.7,alto
7,166.7,3,7.8,C,Octubre,394.9,alto
4,180.4,9,4.3,D,Noviembre,349.0,alto
4,45.3,13,4.0,A,Junio,312.8,alto
1,69.0,5,0.9,D,Julio,170.6,normal
7,109.2,13,9.9,B,Enero,492.3,alto
3,208.7,6,10.3,B,Noviembre,378.7,alto
7,,7,3.7,B,Mayo,315.3,alto
6,103.0,3,7.3,C,Agosto,319.5,alto
1,,4,6.1,D,Abril,277.1,normal
2,220.2,4,11.7,D,Julio,342.1,alto
1,276.7,8,3.2,B,Febrero,287.9,normal
4,161.3,14,5.0,B,Julio,349.4,alto
5,203.6,4,7.8,C,Septiembre,364.8,alto
7,196.6,3,7.3,D,Octubre,352.6,alto
6,252.6,9,4.0,C,Octubre,346.3,alto
4,120.5,9,6.4,C,Agosto,316.9,alto
2,52.7,12,7.6,C,Junio,311.6,alto
5,201.3,3,3.7,D,Mayo,266.3,normal
1,173.1,10,6.9,C,Octubre,3414.0386272125106,alto
4,154.7,3,1.2,D,Septiembre,200.7,normal
1,53.9,5,0.1,C,Septiembre,120.9,normal
2,184.8,6,2.4,C,Septiembre,211.4,normal
3,119.2,8,3.5,C,Marzo,295.0,normal
2,96.8,6,0.8,D,Abril,158.9,normal
7,211.6,4,2.2,D,Agosto,288.4,normal
7,273.1,13,5.7,B,Noviembre,458.3,alto
7,177.7,7,4.6,D,Julio,350.8,alto
6,220.4,9,2.7,D,Marzo,341.5,alto
4,129.1,12,6.3,C,Octubre,349.8,alto
5,93.5,12,0.7,B,Octubre,274.6,normal
4,94.4,3,9.1,C,Marzo,320.9,alto
5,193.3,5,9.2,C,Agosto,387.1,alto
7,178.5,7,6.4,C,Mayo,385.8,alto
6,194.4,14,2.9,D,Abril,400.1,alto
2,287.2,14,8.6,C,Enero,426.5,alto
1,75.6,11,4.3,B,Febrero,222.5,normal
5,259.1,7,8.0,C,Enero,412.0,alto
7,269.4,14,7.5,C,Abril,474.3,alto
1,,10,8.6,B,Julio,351.6,alto
4,170.2,8,1.4,C,Enero,233.0,normal
7,83.6,7,10.0,D,Mayo,386.6,alto
5,97.4,6,9.6,B,Marzo,352.9,alto
1,130.9,4,0.8,C,Abril,109.2,normal
4,108.2,9,10.7,C,Noviembre,352.3,alto
7,237.4,2,9.4,C,Agosto,398.7,alto
5,82.0,6,9.2,C,Junio,339.6,alto
6,55.0,12,2.4,C,Mayo,309.5,alto
6,,8,4.7,B,Septiembre,329.3,alto
6,67.1,4,11.0,B,Julio,380.7,alto
2,228.8,4,3.1,B,Enero,241.8,normal
4,252.0,9,6.6,D,Agosto,377.4,alto
5,158.9,3,8.8,D,Diciembre,308.7,alto
1,48.9,6,10.5,C,Febrero,244.9,normal
3,129.1,6,6.2,C,Octubre,274.6,normal
1,129.3,14,10.5,A,Julio,373.8,alto
6,81.4,2,11.1,A,Noviembre,363.0,alto
1,62.4,10,10.5,B,Noviembre,302.8,alto
4,220.4,10,8.4,D,Julio,366.6,alto
4,83.5,3,1.4,C,Junio,140.5,normal
4,108.7,9,7.2,C,Junio,288.1,normal
3,212.2,7,9.4,C,Diciembre,345.5,alto
2,199.7,4,11.5,D,Octubre,321.5,alto
5,265.2,2,11.7,C,Diciembre,399.1,alto
6,190.0,4,0.4,C,Mayo,244.1,normal
4,45.7,3,4.3,C,Marzo,241.9,normal
5,122.1,4,3.0,D,Octubre,216.1,normal
4,35.0,8,,A,Diciembre,238.3,normal
5,113.2,6,1.1,D,Febrero,202.8,normal
6,218.3,11,10.6,c,Agosto,447.4,alto
2,109.1,14,4.3,C,Enero,271.9,normal
7,197.2,13,11.4,a,Octubre,497.7,alto
3,196.3,11,6.0,A,Marzo,349.3,alto
7,235.9,9,11.4,C,Mayo,518.3,alto
3,66.6,7,1.9,C,Julio,200.8,normal
6,271.4,5,1.5,A,Diciembre,320.5,alto
4,225.9,9,11.4,D,Junio,455.3,alto
6,202.5,14,7.6,D,Noviembre,453.9,alto
1,49.2,10,,C,Mayo,280.9,normal
2,227.5,12,3.8,D,Octubre,286.6,normal
2,,6,8.8,D,Febrero,336.5,alto
7,51.7,6,5.4,D,Julio,283.6,normal
4,108.2,3,1.2,C,Noviembre,192.0,normal
4,,14,2.0,B,Mayo,295.4,normal
6,138.8,5,2.2,A,Septiembre,260.5,normal
3,147.4,7,2.8,C,Diciembre,251.8,normal
7,109.6,9,,C,Agosto,471.8,alto
6,218.3,4,5.2,D,Febrero,356.2,alto
6,,14,8.6,C,Octubre,418.8,alto
3,109.4,3,4.5,B,Octubre,251.2,normal
6,158.4,9,0.2,C,Julio,277.9,normal
6,51.8,9,0.3,A,Febrero,248.5,normal
1,87.8,13,4.3,C,Noviembre,212.1,normal
2,,4,9.6,A,Abril,311.9,alto
1,48.0,13,10.8,C,Junio,321.4,alto
4,217.3,6,10.2,D,Noviembre,360.7,alto
4,162.0,11,,D,Octubre,331.7,alto
6,274.4,7,0.5,B,Junio,313.3,alto
7,224.4,10,4.5,C,Agosto,379.5,alto
1,235.2,14,2.7,D,Junio,300.2,alto
1,133.3,6,5.6,A,Febrero,242.0,normal
2,238.0,13,4.6,D,Noviembre,319.7,alto
3,253.1,6,2.3,D,Enero,261.8,normal
3,49.4,11,10.6,C,Septiembre,362.4,alto
5,273.6,12,10.5,C,Enero,484.6,alto
5,270.8,4,3.1,D,Marzo,292.7,normal
7,229.9,12,4.0,B,Abril,380.8,alto
7,189.5,6,9.8,B,Noviembre,460.8,alto
7,186.3,8,6.8,B,Marzo,402.4,alto
7,272.2,3,4.9,D,Abril,417.7,alto
3,255.7,13,10.4,c,Mayo,472.3,alto
4,90.6,4,9.1,B,Octubre,312.3,alto
1,95.7,9,5.8,C,Diciembre,259.9,normal
4,79.6,14,4.8,C,Julio,311.0,alto
2,44.7,7,8.5,A,Junio,4282.066445244681,normal
4,129.2,9,11.1,D,Febrero,371.9,alto
1,168.6,13,9.7,C,Febrero,354.0,alto
6,249.4,10,6.3,D,Julio,416.3,alto
5,294.1,9,,C,Abril,398.6,alto
7,,2,2.9,A,Febrero,275.8,normal
5,90.7,9,4.2,C,Junio,288.9,normal
6,83.2,4,2.4,C,Marzo,225.5,normal
3,61.9,8,2.0,B,Septiembre,210.3,normal
4,136.1,9,3.3,C,Diciembre,330.4,alto
3,262.0,6,10.6,D,Agosto,386.3,alto
1,150.6,9,1.7,C,Agosto,193.8,normal
5,284.7,14,9.6,D,Julio,503.3,alto
6,51.6,6,7.9,B,Julio,324.8,alto
3,141.5,5,12.0,C,Agosto,349.5,alto
4,148.4,6,9.3,C,Noviembre,336.3,alto
1,260.8,2,,C,Julio,222.7,normal
2,,4,7.3,C,Diciembre,275.3,normal
2,168.2,12,0.1,C,Octubre,235.3,normal
4,275.6,3,,D,Julio,2931.2537801024127,normal
3,118.8,6,9.0,B,Febrero,319.6,alto
7,,9,2.9,B,Noviembre,349.8,alto
2,297.4,8,1.7,D,Junio,253.1,normal
5,272.0,8,1.3,D,Octubre,308.2,alto
7,137.4,3,9.2,B,Agosto,383.2,alto
1,144.4,6,11.3,D,Marzo,344.6,alto
6,68.7,8,1.0,D,Junio,259.8,normal
6,88.9,12,4.8,C,Octubre,340.9,alto
6,33.1,9,,D,Noviembre,301.5,alto
3,117.2,13,9.2,C,Agosto,398.6,alto
4,180.9,14,1.2,C,Octubre,294.4,normal
1,155.5,14,2.7,C,Marzo,263.9,normal
3,173.2,2,10.2,B,Octubre,332.3,alto
6,293.4,13,2.6,A,Febrero,391.0,alto
2,228.7,4,10.6,D,Marzo,379.9,alto
4,258.7,7,8.6,C,Marzo,373.4,alto
6,267.4,5,3.1,B,Febrero,334.0,alto
5,269.4,2,7.5,B,Mayo,387.2,alto
1,,11,,B,Septiembre,209.0,normal
7,148.2,9,8.1,D,Abril,395.5,alto
4,88.0,6,1.5,C,Diciembre,175.2,normal
3,239.9,13,2.5,B,Diciembre,350.1,alto
2,251.8,3,3.2,B,Noviembre,276.1,normal
5,61.4,11,10.9,C,Septiembre,363.3,alto
7,112.2,3,2.2,C,Marzo,288.2,normal
6,189.1,7,4.5,B,Octubre,344.4,alto
1,155.4,13,6.6,A,Marzo,318.3,alto
1,86.8,6,7.5,C,Marzo,265.5,normal
4,139.9,13,2.2,C,Mayo,318.7,alto
5,40.6,11,0.0,D,Octubre,271.8,normal
2,222.4,12,7.8,D,Diciembre,402.3,alto
3,228.2,14,5.3,C,Marzo,351.0,alto
4,126.4,2,10.3,B,Mayo,342.4,alto
7,189.0,12,11.4,C,Agosto,492.2,alto
6,235.2,5,4.2,D,Septiembre,292.3,normal
2,186.1,3,9.3,D,Noviembre,319.6,alto
6,270.1,10,3.7,C,Noviembre,393.1,alto
5,156.2,12,4.2,B,Marzo,361.7,alto
3,233.5,9,0.4,C,Noviembre,245.0,normal
4,119.5,13,1.0,D,Abril,243.3,normal
7,88.6,5,10.7,D,Mayo,383.2,alto
4,98.8,13,,B,Junio,284.6,normal
7,,2,6.6,C,Enero,313.4,alto
3,239.3,11,8.5,D,Agosto,391.9,alto
1,251.1,10,5.4,C,Abril,329.4,alto
4,252.0,10,6.8,B,Abril,414.8,alto
5,260.6,11,8.5,B,Febrero,452.1,alto
6,274.8,11,10.3,C,Octubre,471.4,alto
1,68.7,11,7.3,C,Mayo,262.8,normal
6,243.3,10,3.9,B,Marzo,406.2,alto
7,279.9,8,2.5,A,Febrero,397.7,alto
4,215.3,3,7.3,c,Octubre,318.9,alto
2,80.0,11,2.3,C,Abril,196.0,normal
7,175.7,10,5.6,D,Mayo,366.0,alto
6,165.2,11,1.1,A,Junio,304.7,alto
3,248.2,2,1.1,C,Febrero,225.4,normal
6,193.3,11,4.6,C,Diciembre,381.6,alto
4,289.7,8,0.0,C,Enero,261.3,normal
5,,13,11.0,D,Marzo,510.0,alto
5,141.0,2,7.7,C,Octubre,336.9,alto
4,219.5,11,,C,Marzo,406.6,alto
7,41.4,9,1.8,D,Junio,250.5,normal
3,51.2,5,1.3,D,Abril,202.8,normal
7,199.0,14,7.0,C,Enero,458.1,alto
7,120.6,5,6.4,B,Febrero,357.8,alto
5,299.7,9,4.8,C,Enero,3196.9592498098714,alto
3,240.3,12,2.5,B,Enero,287.4,normal
4,86.3,13,0.6,D,Febrero,256.6,normal
7,40.1,4,1.6,D,Julio,237.9,normal
3,151.8,3,5.2,A,Enero,252.4,normal
3,132.4,6,6.3,C,Enero,283.1,normal
7,219.7,9,3.0,B,Febrero,375.3,alto
3,183.8,3,3.4,D,Mayo,239.4,normal
1,148.7,12,3.2,C,Octubre,282.7,normal
1,184.4,8,7.4,D,Febrero,304.3,alto
2,33.7,2,,C,Septiembre,193.5,normal
2,218.5,9,5.4,B,Febrero,313.2,alto
7,102.9,10,2.1,C,Marzo,309.0,alto
6,163.3,11,6.5,C,Enero,361.6,alto
6,133.5,2,8.1,C,Marzo,311.6,alto
2,296.8,14,6.6,C,Enero,396.7,alto
1,99.8,2,11.2,B,Junio,305.2,alto
1,229.0,8,,C,Abril,312.1,alto
6,98.5,13,1.3,C,Octubre,309.0,alto
6,90.7,3,5.2,A,Agosto,262.8,normal
6,292.1,8,9.3,B,Abril,474.0,alto
2,126.1,5,1.1,b,Diciembre,185.2,normal
5,47.2,4,7.1,B,Octubre,279.4,normal
6,67.9,7,,C,Agosto,258.1,normal
5,266.9,8,8.1,C,Mayo,401.4,alto
2,83.2,13,2.3,D,Octubre,207.8,normal
3,,14,9.8,C,Septiembre,421.7,alto
5,101.4,14,10.0,D,Abril,429.0,alto
2,48.5,4,4.8,D,Octubre,180.9,normal
5,202.8,6,3.2,A,Diciembre,295.1,normal
3,105.7,12,,C,Noviembre,362.3,alto
5,56.3,6,3.4,C,Mayo,252.3,normal
5,97.0,7,8.1,c,Julio,347.5,alto
6,145.3,14,11.0,C,Septiembre,462.9,alto
1,180.6,7,1.2,B,Octubre,208.2,normal
2,72.6,8,9.3,D,Enero,260.1,normal
4,282.3,6,7.4,D,Febrero,350.4,alto
4,,5,10.4,B,Agosto,412.9,alto
7,230.5,9,0.9,B,Junio,327.9,alto
1,247.4,13,9.0,C,Septiembre,411.0,alto
4,41.0,12,11.2,B,Mayo,354.9,alto
1,190.6,8,,B,Julio,248.1,normal
1,171.0,12,10.8,A,Diciembre,389.7,alto
5,92.1,5,4.1,D,Junio,254.6,normal
3,64.0,9,0.4,B,Enero,191.0,normal
5,289.9,5,8.0,C,Septiembre,392.4,alto
1,36.6,5,,c,Octubre,272.6,normal
5,90.7,9,10.7,C,Mayo,379.7,alto
7,120.7,2,8.7,B,Mayo,376.6,alto
2,54.4,12,7.7,C,Abril,305.9,alto
5,50.9,13,3.0,B,Septiembre,302.0,alto
5,223.9,2,1.9,B,Febrero,282.3,normal
2,135.2,11,0.6,B,Julio,211.4,normal
5,53.8,6,8.1,B,Agosto,346.6,alto
5,80.2,3,7.4,D,Marzo,304.1,alto
1,214.6,7,6.1,C,Junio,276.0,normal
4,178.6,10,,D,Agosto,302.7,alto
3,177.6,3,0.7,B,Noviembre,219.3,normal
7,69.7,13,5.1,D,Enero,352.8,alto
6,162.6,13,11.8,A,Julio,507.2,alto
6,131.4,7,10.7,B,Noviembre,372.6,alto
2,268.3,9,4.3,C,Abril,334.1,alto
2,180.9,6,7.4,C,Agosto,374.9,alto
2,170.3,6,3.6,D,Junio,239.9,normal
2,138.4,3,5.1,D,Octubre,209.5,normal
3,249.8,13,,C,Septiembre,359.9,alto
5,193.6,12,3.1,C,Febrero,320.3,alto
1,74.1,6,0.0,C,Diciembre,133.0,normal
7,239.3,7,,D,Agosto,454.2,alto
7,73.5,12,,D,Mayo,344.8,alto
6,139.7,2,0.6,B,Abril,230.3,normal
3,182.7,4,10.1,D,Julio,313.7,alto
4,52.3,5,1.0,B,Marzo,205.9,normal
3,291.7,10,7.0,C,Noviembre,364.8,alto
6,242.7,10,4.7,B,Julio,407.4,alto
6,,10,3.6,D,Septiembre,286.6,normal
3,116.5,14,2.7,D,Octubre,275.2,normal
1,88.6,11,8.2,C,Abril,306.3,alto
3,235.2,9,0.1,C,Agosto,287.4,normal
1,242.2,11,,C,Agosto,311.6,alto
5,,4,11.7,B,Julio,365.6,alto
1,119.0,3,0.6,C,Enero,108.2,normal
3,207.5,2,11.7,B,Abril,340.7,alto
7,31.5,12,9.2,D,Octubre,419.0,alto
3,89.0,8,8.2,D,Noviembre,2752.1731195935604,normal
6,299.4,14,2.5,C,Octubre,386.3,alto
3,104.9,13,8.2,C,Diciembre,352.7,alto
6,126.9,2,2.6,B,Abril,255.6,normal
5,162.4,7,1.5,C,Octubre,268.4,normal
5,202.8,14,6.3,D,Diciembre,398.4,alto
5,38.7,5,9.1,C,Julio,296.3,normal
2,261.2,8,6.5,C,Junio,316.4,alto
3,251.8,7,,B,Febrero,374.1,alto
7,249.8,4,9.7,D,Junio,401.0,alto
1,,5,11.1,C,Enero,348.2,alto
2,219.2,7,3.8,D,Julio,275.4,normal
4,,2,0.9,D,Mayo,134.2,normal
5,170.4,4,0.5,C,Abril,206.2,normal
7,294.1,3,5.1,B,Noviembre,390.4,alto
3,,2,9.6,C,Febrero,361.1,alto
1,144.3,10,9.9,C,Febrero,357.8,alto
3,154.3,14,0.3,D,Junio,279.6,normal
7,,6,1.8,C,Junio,301.2,alto
2,111.2,11,8.1,A,Abril,373.4,alto
5,180.8,10,1.9,A,Abril,290.7,normal
5,145.7,5,11.5,B,Octubre,401.3,alto
6,116.2,8,2.3,D,Abril,296.4,normal
7,259.2,14,10.3,C,Enero,550.5,alto
6,72.8,8,,D,Noviembre,377.0,alto
2,151.8,7,8.9,C,Abril,347.5,alto
1,134.3,6,11.2,B,Junio,327.0,alto
2,159.3,14,10.2,D,Agosto,387.8,alto
1,44.1,6,,D,Julio,190.3,normal
6,49.1,3,,D,Junio,280.1,normal
7,,14,1.1,C,Abril,336.9,alto
1,237.9,7,7.2,B,Enero,348.1,alto
4,,13,5.9,B,Agosto,357.1,alto
5,203.2,2,2.1,B,Enero,279.9,normal
7,,9,6.0,D,Septiembre,365.6,alto
1,259.4,11,5.9,C,Diciembre,314.8,alto
1,105.8,12,2.8,D,Marzo,222.7,normal
1,258.6,4,8.0,C,Mayo,334.3,alto
5,96.3,9,9.0,B,Diciembre,391.8,alto
1,71.3,5,5.4,D,Febrero,182.1,normal
3,261.8,4,9.7,B,Julio,404.1,alto
4,256.5,8,2.3,A,Septiembre,336.5,alto
7,48.4,2,6.1,D,Diciembre,283.4,normal
6,47.7,8,6.9,d,Abril,324.8,alto
7,108.1,3,6.4,D,Febrero,295.0,normal
5,176.7,9,,D,Octubre,382.7,alto
4,125.7,5,2.5,B,Noviembre,277.0,normal
2,120.6,8,0.5,C,Marzo,199.8,normal
6,82.6,6,10.3,D,Enero,377.6,alto
3,37.5,7,7.9,C,Marzo,267.5,normal
6,48.4,5,0.6,D,Febrero,207.9,normal
7,261.1,8,5.1,A,Mayo,417.8,alto
3,48.1,10,,C,Noviembre,237.5,normal
1,201.4,3,,D,Enero,210.1,normal
7,67.3,11,10.4,A,Septiembre,440.3,alto
5,58.6,3,0.6,C,Julio,146.6,normal
4,121.5,14,7.2,D,Septiembre,389.7,alto
1,225.3,5,2.0,B,Febrero,176.9,normal
4,52.2,14,2.5,C,Agosto,271.6,normal
6,77.7,9,,B,Noviembre,318.1,alto
1,164.1,7,10.1,B,Agosto,337.9,alto
5,164.3,4,8.5,C,Noviembre,354.1,alto
7,163.3,4,10.2,C,Noviembre,400.0,alto
3,166.2,12,,C,Julio,339.6,alto
1,62.6,14,4.7,B,Marzo,295.6,normal
5,295.6,5,10.1,D,Mayo,453.3,alto
7,266.8,14,4.0,C,Julio,418.9,alto
4,114.9,3,0.2,D,Julio,149.9,normal
6,276.1,10,5.7,D,Mayo,422.9,alto
4,211.6,12,1.6,B,Octubre,286.6,normal
1,77.8,4,,C,Marzo,167.6,normal
4,262.3,10,5.1,C,Diciembre,346.4,alto
3,292.4,4,6.0,B,Septiembre,317.4,alto
3,150.2,4,5.5,B,Agosto,246.1,normal
3,267.5,7,2.4,D,Diciembre,280.2,normal
5,269.1,3,8.3,D,Enero,381.5,alto
1,161.3,7,1.6,C,Mayo,180.3,normal
4,89.2,11,9.1,B,Abril,383.8,alto
2,92.6,6,8.9,B,Julio,282.6,normal
3,159.0,10,6.8,B,Febrero,384.3,alto
2,214.9,3,11.1,C,Febrero,364.5,alto
4,285.9,11,,B,Enero,379.3,alto
5,196.9,11,4.4,C,Junio,334.5,alto
5,278.8,8,4.8,A,Febrero,380.3,alto
2,192.8,14,0.3,C,Agosto,232.8,normal
1,131.8,2,8.1,C,Noviembre,267.7,normal
3,131.4,8,10.1,C,Enero,345.1,alto
2,93.2,10,3.4,C,Octubre,191.7,normal
6,159.3,2,6.8,C,Junio,330.2,alto
2,287.8,8,10.3,A,Abril,409.9,alto
3,264.1,8,12.0,C,Julio,416.3,alto
6,68.9,7,2.3,D,Abril,257.2,normal
2,201.6,6,,A,Diciembre,273.5,normal
3,165.9,8,7.5,A,Julio,358.8,alto
2,110.9,11,0.1,D,Mayo,186.6,normal
5,147.3,10,4.0,B,Agosto,328.6,alto
2,186.7,13,3.9,B,Agosto,310.2,alto
7,89.7,8,3.6,C,Abril,299.3,normal
2,288.8,7,6.9,C,Marzo,382.0,alto
7,193.9,3,1.1,B,Marzo,278.7,normal
6,135.9,13,11.5,C,Marzo,471.3,alto
1,294.4,5,8.9,B,Noviembre,332.3,alto
2,126.0,2,,C,Noviembre,304.6,alto
7,278.8,5,10.6,C,Junio,465.6,alto
2,69.8,13,5.4,C,Febrero,292.2,normal
5,244.6,4,4.9,C,Julio,280.4,normal
3,266.9,11,0.1,B,Julio,284.5,normal
6,51.8,5,0.3,C,Noviembre,202.1,normal
7,213.5,12,8.6,D,Mayo,455.1,alto
1,206.7,9,8.5,D,Febrero,348.2,alto
5,182.4,10,,A,Marzo,431.5,alto
2,71.3,3,9.8,C,Marzo,4020.8375982150887,normal
1,139.6,6,1.2,C,Septiembre,166.0,normal
3,74.8,11,10.4,C,Julio,378.9,alto
1,294.0,14,,D,Agosto,340.2,alto
3,140.6,3,3.3,B,Mayo,214.8,normal
3,256.7,10,10.6,B,Julio,410.2,alto
3,127.3,2,2.6,C,Junio,165.2,normal
3,244.1,2,9.4,C,Junio,352.4,alto
3,127.9,5,3.9,D,Agosto,262.4,normal
4,53.2,14,0.3,A,Diciembre,251.9,normal
4,234.3,13,,C,Noviembre,379.6,alto
7,260.9,6,5.4,C,Mayo,383.4,alto
6,253.2,11,,C,Septiembre,385.9,alto
6,,12,11.8,c,Julio,500.5,alto
4,36.0,14,10.1,C,Febrero,376.2,alto
4,86.5,10,2.2,B,Febrero,4633.867034162416,normal
7,211.5,2,2.6,A,Septiembre,316.9,alto
2,251.2,8,4.5,C,Noviembre,293.1,normal
2,102.5,6,3.7,B,Agosto,191.1,normal
5,124.1,2,1.4,C,Abril,198.6,normal
6,154.1,8,6.6,B,Abril,352.8,alto
3,267.0,5,9.0,A,Junio,401.5,alto
5,193.3,5,9.2,C,Agosto,387.1,alto
6,34.9,11,8.0,C,Abril,383.2,alto
4,150.9,12,1.9,B,Enero,267.3,normal
7,47.9,3,1.9,B,Marzo,253.0,normal
6,291.8,2,1.5,B,Mayo,290.9,normal
1,145.4,3,1.5,C,Enero,140.0,normal
5,54.4,12,9.3,C,Septiembre,376.2,alto
4,162.6,14,1.6,D,Diciembre,288.5,normal
6,168.5,11,5.4,d,Enero,346.4,alto
6,120.0,5,10.3,B,Mayo,395.8,alto
1,118.9,12,1.2,A,Julio,224.7,normal
1,,11,5.7,B,Diciembre,3980.4113838924222,normal
6,222.7,11,1.4,C,Abril,325.4,alto
6,218.3,11,1.3,B,Febrero,322.5,alto
4,191.8,2,8.2,C,Marzo,321.0,alto
5,152.6,7,5.3,C,Septiembre,340.1,alto
6,210.2,9,0.6,D,Diciembre,312.6,alto
3,242.4,6,7.4,A,Junio,372.5,alto
1,246.3,11,4.8,A,Septiembre,293.0,normal
4,44.5,3,3.1,D,Enero,245.7,normal
7,53.7,11,8.0,C,Febrero,371.5,alto
1,161.7,6,6.1,D,Mayo,258.8,normal
1,117.4,9,11.9,C,Noviembre,341.2,alto
3,280.4,12,,C,Agosto,406.5,alto
7,68.0,11,,B,Mayo,430.4,alto
3,206.3,3,9.8,B,Enero,356.0,alto
1,142.3,11,7.7,D,Julio,289.1,normal
7,140.5,14,,B,Octubre,412.9,alto
6,255.7,5,3.0,B,Julio,363.5,alto
2,265.4,10,0.8,B,Agosto,291.4,normal
2,50.4,7,11.3,D,Septiembre,282.9,normal
5,40.7,9,10.6,A,Enero,396.2,alto
6,242.9,13,2.6,B,Diciembre,375.5,alto
3,106.6,8,1.4,b,Febrero,198.0,normal
7,148.6,9,4.1,C,Julio,309.8,alto
3,299.2,14,0.4,B,Agosto,290.8,normal
5,220.8,14,10.5,B,Julio,504.9,alto
6,209.9,8,5.2,B,Diciembre,366.4,alto
5,270.4,11,7.9,B,Abril,422.4,alto
7,175.9,12,12.0,C,Diciembre,491.9,alto
7,192.6,2,4.1,C,Junio,320.7,alto
7,65.8,13,9.2,A,Agosto,443.2,alto
2,55.4,5,8.7,C,Marzo,253.1,normal
4,48.1,8,7.7,D,Abril,292.6,normal
3,277.9,6,,C,Julio,438.7,alto
4,233.6,11,8.1,D,Noviembre,369.0,alto
7,144.7,13,3.6,B,Mayo,405.2,alto
2,161.6,14,7.1,D,Enero,332.8,alto
3,69.1,7,2.8,B,Octubre,217.2,normal
5,237.7,7,10.7,A,Noviembre,446.5,alto
1,55.6,7,9.0,D,Octubre,275.7,normal
2,110.0,10,1.2,D,Julio,192.9,normal
7,117.1,14,7.8,D,Abril,399.6,alto
3,182.0,7,7.4,A,Noviembre,326.5,alto
4,175.9,12,8.5,C,Agosto,432.6,alto
3,245.1,11,1.4,C,Octubre,288.9,normal
4,64.5,14,11.9,C,Diciembre,407.6,alto
5,258.2,3,1.9,B,Noviembre,262.3,normal
7,174.5,11,3.3,C,Julio,342.1,alto
2,237.3,10,4.0,D,Noviembre,291.2,normal
1,124.0,8,6.8,A,Agosto,281.0,normal
6,,5,7.3,C,Agosto,343.9,alto
6,158.5,10,11.4,C,Marzo,479.3,alto
7,107.7,2,2.3,D,Junio,209.7,normal
4,103.6,6,,C,Enero,216.1,normal
5,60.8,14,8.0,C,Diciembre,390.7,alto
3,,12,4.8,A,Noviembre,284.6,normal
5,115.4,7,2.5,D,Junio,233.3,normal
3,96.4,7,4.0,B,Agosto,229.6,normal
4,103.6,14,5.2,A,Noviembre,337.2,alto
2,48.0,12,5.3,B,Noviembre,251.0,normal
2,77.7,4,8.4,D,Enero,3464.163728647141,normal
4,61.2,11,9.3,D,Marzo,341.6,alto
1,207.4,10,1.7,C,Septiembre,218.9,normal
6,180.4,9,6.6,D,Marzo,412.9,alto
7,55.5,11,3.4,A,Junio,313.3,alto
2,150.1,10,,B,Mayo,224.2,normal
2,247.2,3,7.5,D,Mayo,254.6,normal
4,103.1,3,6.3,C,Diciembre,243.8,normal
5,223.2,6,1.5,C,Marzo,298.2,normal
2,280.2,7,6.6,A,Agosto,344.9,alto
3,237.4,12,9.6,B,Enero,427.9,alto
5,182.4,3,,D,Febrero,334.0,alto
2,288.1,6,8.2,B,Marzo,3103.116225841728,alto
1,241.4,13,,B,Julio,308.2,alto
7,,11,,B,Agosto,350.5,alto
6,193.5,2,11.8,D,Junio,407.6,alto
6,128.9,13,,D,Noviembre,411.7,alto
6,,10,2.1,B,Agosto,334.2,alto
4,209.9,6,1.2,D,Marzo,263.4,normal
5,192.0,10,0.9,D,Agosto,296.0,normal
4,284.9,13,11.8,C,Octubre,500.1,alto
1,136.0,11,9.1,A,Enero,342.2,alto
3,284.6,3,1.2,B,Febrero,220.5,normal
3,44.8,2,8.9,C,Febrero,279.5,normal
1,146.4,6,6.0,C,Noviembre,230.7,normal
7,291.6,12,1.3,B,Diciembre,394.0,alto
7,93.2,5,7.4,C,Enero,346.9,alto
3,,13,4.8,D,Agosto,305.5,alto
4,263.8,8,9.4,C,Junio,431.4,alto
2,165.0,11,9.1,B,Febrero,358.1,alto
7,152.3,4,11.6,C,Febrero,430.2,alto
7,173.6,2,3.9,C,Mayo,304.3,alto
4,126.0,2,,D,Noviembre,257.2,normal
6,68.8,6,3.4,d,Marzo,224.2,normal
5,276.7,4,3.5,C,Junio,342.0,alto
3,175.8,8,2.5,D,Junio,213.8,normal
6,43.5,5,9.1,C,Agosto,294.2,normal
3,173.3,8,10.0,D,Abril,351.9,alto
7,75.9,11,2.0,B,Noviembre,296.9,normal
4,148.1,14,3.9,B,Agosto,363.4,alto
3,114.1,12,3.1,C,Octubre,251.4,normal
7,219.4,7,6.8,C,Agosto,409.1,alto
6,128.9,13,0.8,d,Marzo,291.9,normal
4,254.6,12,8.1,D,Septiembre,421.4,alto
6,,8,9.5,D,Enero,362.0,alto
7,186.7,3,5.0,C,Diciembre,327.9,alto
4,291.2,12,2.6,B,Mayo,334.3,alto
4,31.4,2,3.9,C,Mayo,206.6,normal
1,228.0,13,8.6,C,Octubre,353.7,alto
7,218.4,10,6.9,D,Enero,413.3,alto
5,41.9,11,4.5,D,Abril,271.0,normal
5,102.1,4,9.1,C,Enero,306.5,alto
4,287.9,12,6.8,C,Septiembre,411.6,alto
1,224.2,7,10.2,C,Octubre,383.8,alto
1,89.1,5,5.9,D,Agosto,202.3,normal
2,124.9,14,,D,Junio,304.3,alto
2,80.3,9,3.4,C,Julio,228.7,normal
2,38.6,11,4.4,D,Julio,239.1,normal
6,245.1,11,1.4,C,Abril,363.7,alto
2,288.0,10,9.2,C,Septiembre,394.0,alto
4,272.5,4,8.7,D,Junio,380.5,alto
4,288.3,9,7.9,D,Agosto,395.4,alto
2,108.2,10,1.7,C,Febrero,220.3,normal
5,78.6,7,,B,Julio,209.0,normal
7,291.7,11,9.4,D,Diciembre,493.0,alto
6,,9,9.2,D,Febrero,444.2,alto
2,275.7,14,10.2,D,Mayo,441.0,alto
2,297.9,8,3.6,C,Marzo,302.2,alto
7,64.1,9,6.1,C,Julio,301.6,alto
6,58.2,13,,B,Octubre,437.6,alto
7,118.0,2,8.0,C,Junio,361.2,alto
2,46.5,3,5.9,B,Diciembre,229.6,normal
6,152.3,9,11.1,D,Noviembre,443.1,alto
5,130.9,3,2.8,B,Julio,268.8,normal
7,62.3,5,4.4,D,Abril,253.8,normal
4,184.8,12,10.9,C,Diciembre,443.1,alto
1,270.7,11,1.9,C,Diciembre,271.7,normal
4,,3,7.0,C,Marzo,320.2,alto
7,137.4,6,0.8,B,Diciembre,273.9,normal
7,208.1,13,11.4,C,Noviembre,503.2,alto
4,,5,2.3,A,Abril,245.9,normal
4,166.9,10,10.5,B,Octubre,394.2,alto
3,176.4,5,1.7,B,Octubre,220.9,normal
5,298.9,10,9.4,D,Enero,415.7,alto
7,285.7,4,10.6,D,Septiembre,438.5,alto
1,,2,5.1,C,Septiembre,213.1,normal
3,194.3,4,6.0,B,Octubre,295.6,normal
3,62.6,2,2.3,C,Septiembre,168.6,normal
1,39.6,3,3.0,C,Agosto,92.7,bajo
7,45.1,2,11.2,C,Marzo,366.8,alto
1,289.2,14,7.0,B,Junio,385.1,alto
6,162.5,9,11.0,B,Noviembre,503.3,alto
4,74.3,14,7.0,C,Septiembre,323.5,alto
7,169.6,14,2.1,B,Abril,350.1,alto
6,147.1,3,3.9,D,Septiembre,264.6,normal
7,299.0,14,,c,Octubre,471.3,alto
6,208.9,4,8.7,D,Enero,382.9,alto
3,149.0,14,7.0,D,Abril,337.5,alto
6,129.9,11,3.7,D,Octubre,373.8,alto
6,279.6,2,0.7,B,Marzo,262.9,normal
7,169.3,13,7.6,B,Mayo,4507.36688575829,alto
2,171.0,6,7.1,D,Noviembre,248.3,normal
7,75.6,8,11.7,C,Mayo,456.5,alto
4,142.0,14,7.1,B,Marzo,377.1,alto
3,165.5,2,7.0,B,Septiembre,328.4,alto
6,179.0,14,4.9,D,Septiembre,405.8,alto
1,292.1,5,10.0,C,Abril,360.0,alto
5,195.6,10,2.7,A,Octubre,374.8,alto
4,,13,0.8,B,Julio,297.1,normal
5,252.3,10,8.4,C,Noviembre,405.2,alto
2,262.1,5,4.7,C,Septiembre,276.4,normal
7,284.5,13,0.2,C,Octubre,387.7,alto
6,262.3,13,0.8,B,Agosto,383.4,alto
5,199.1,10,,B,Marzo,329.7,alto
2,287.7,12,1.1,D,Junio,271.8,normal
4,49.4,7,0.1,B,Octubre,4580.4409591246,normal
4,163.2,12,9.0,D,Abril,421.4,alto
3,82.7,11,9.6,C,Enero,362.6,alto
4,53.5,7,9.3,D,Abril,338.4,alto
5,273.9,14,11.5,D,Mayo,521.7,alto
2,228.3,4,,B,Octubre,366.6,alto
4,117.7,7,3.2,C,Septiembre,237.7,normal
7,216.1,14,4.2,B,Diciembre,415.0,alto
7,251.3,11,,D,Febrero,417.8,alto
6,46.7,12,5.2,c,Julio,297.1,normal
7,177.3,8,3.7,C,Junio,318.6,alto
2,218.3,14,10.1,C,Julio,430.7,alto
2,76.6,9,6.8,D,Octubre,216.7,normal
6,224.9,6,11.8,C,Noviembre,465.8,alto
4,162.3,3,10.1,C,Mayo,325.7,alto
1,166.8,9,2.6,D,Junio,209.3,normal
1,205.9,12,9.4,C,Septiembre,349.5,alto
5,225.4,5,7.5,D,Septiembre,352.9,alto
6,252.8,6,3.6,B,Enero,377.2,alto
3,295.4,2,6.5,C,Febrero,286.5,normal
6,170.6,9,1.4,B,Agosto,326.8,alto
4,150.1,3,9.3,C,Marzo,320.5,alto
6,225.5,13,4.4,B,Marzo,413.5,alto
4,248.9,10,,C,Agosto,342.5,alto
3,51.7,4,6.7,C,Septiembre,247.5,normal
2,103.5,6,8.4,B,Agosto,293.7,normal
2,135.3,7,8.2,C,Diciembre,274.6,normal
5,37.4,7,1.6,C,Octubre,249.8,normal
3,273.2,9,7.3,B,Abril,374.5,alto
2,292.3,3,4.3,C,Mayo,285.8,normal
4,196.7,4,6.4,A,Agosto,352.4,alto
7,174.5,6,7.1,C,Junio,391.8,alto
7,,4,6.4,B,Septiembre,359.6,alto
6,262.5,4,2.5,D,Enero,289.4,normal
2,253.2,7,2.4,D,Junio,277.0,normal
1,265.4,12,4.4,D,Marzo,323.4,alto
5,67.6,6,10.7,D,Enero,357.6,alto
2,274.0,3,7.9,B,Agosto,319.4,alto
5,273.5,9,4.0,B,Agosto,364.8,alto
7,91.3,8,11.6,C,Octubre,419.7,alto
7,91.6,2,7.6,B,Julio,337.5,alto
1,165.1,12,5.5,D,Julio,267.9,normal
6,37.2,9,6.6,C,Abril,302.1,alto
3,237.1,4,,B,Noviembre,211.2,normal
7,,14,2.0,C,Marzo,314.7,alto
1,85.4,14,2.1,C,Mayo,225.0,normal
7,66.5,14,5.9,C,Agosto,378.8,alto
5,45.9,14,1.3,C,Julio,285.2,normal
6,279.1,10,0.8,C,Agosto,333.0,alto
6,240.7,7,9.3,C,Septiembre,388.3,alto
4,137.0,12,10.7,A,Agosto,427.4,alto
6,95.7,5,4.8,B,Abril,329.2,alto
2,163.8,2,1.4,b,Agosto,188.7,normal
6,185.2,8,3.7,C,Enero,312.5,alto
6,48.8,5,10.3,B,Noviembre,384.9,alto
5,226.6,6,3.0,B,Marzo,331.2,alto
7,103.6,5,2.7,D,Diciembre,286.1,normal
7,230.5,13,7.1,C,Marzo,437.0,alto
4,90.4,4,7.4,C,Diciembre,275.8,normal
6,57.7,5,5.8,D,Mayo,288.1,normal
3,171.1,3,,C,Mayo,214.9,normal
1,207.3,2,4.7,C,Octubre,204.6,normal
1,99.6,8,,b,Diciembre,260.3,normal
3,250.7,6,,A,Marzo,348.4,alto
6,129.3,7,4.1,C,Abril,307.1,alto
4,113.4,8,4.2,C,Julio,263.8,normal
5,70.8,5,0.5,C,Febrero,206.8,normal
7,244.5,4,1.5,C,Enero,281.6,normal
6,,8,6.5,D,Febrero,333.5,alto
7,47.4,2,8.1,D,Julio,283.7,normal
6,190.1,12,0.7,C,Septiembre,288.7,normal
4,258.1,10,11.6,C,Septiembre,467.4,alto
4,133.8,10,7.5,A,Marzo,358.9,alto
1,,7,4.3,B,Enero,266.5,normal
7,267.3,8,0.2,B,Marzo,342.1,alto
6,122.4,14,8.8,C,Diciembre,428.3,alto
7,84.3,14,,A,Junio,373.0,alto
7,78.1,14,5.4,C,Septiembre,398.1,alto
4,51.0,7,,D,Enero,275.1,normal
2,222.9,6,9.5,B,Marzo,340.1,alto
1,42.9,11,0.9,C,Junio,156.1,normal
4,101.5,12,1.6,C,Agosto,244.3,normal
6,259.8,9,7.2,B,Abril,412.2,alto
5,35.9,14,11.8,D,Enero,422.8,alto
4,202.8,13,0.0,A,Marzo,308.5,alto
1,63.8,4,6.7,D,Diciembre,185.2,normal
1,,3,10.5,D,Febrero,254.9,normal
6,,11,5.0,B,Marzo,400.7,alto
5,,10,9.2,B,Septiembre,409.4,alto
7,,4,8.5,A,Marzo,484.1,alto
3,281.4,9,8.2,C,Septiembre,349.0,alto
6,289.6,7,1.6,B,Julio,345.5,alto
7,269.8,2,1.6,C,Febrero,323.3,alto
2,116.7,13,3.0,B,Diciembre,234.2,normal
2,276.3,6,7.1,B,Octubre,303.7,alto
7,51.5,9,8.4,C,Febrero,355.2,alto
7,73.9,13,3.5,C,Junio,359.3,alto
7,172.6,4,10.1,C,Noviembre,414.0,alto
1,295.2,10,6.3,D,Diciembre,309.4,alto
3,259.7,6,9.3,C,Enero,355.3,alto
2,,7,4.1,C,Agosto,282.4,normal
4,,10,3.5,C,Marzo,278.7,normal
6,99.8,14,10.6,B,Marzo,471.1,alto
6,263.5,5,,D,Noviembre,446.7,alto
4,,5,6.4,B,Octubre,304.4,alto
2,214.4,13,2.7,A,Marzo,305.0,alto
1,252.4,10,6.7,B,Octubre,316.4,alto
6,150.8,13,3.4,C,Julio,354.5,alto
7,51.2,9,7.3,A,Diciembre,365.8,alto
3,44.1,14,5.7,C,Junio,282.6,normal
4,53.1,3,9.7,C,Octubre,264.8,normal
5,265.2,14,6.9,C,Abril,448.0,alto
4,50.3,14,1.3,C,Febrero,233.6,normal
7,,6,7.3,C,Julio,415.1,alto
1,116.0,6,3.3,D,Diciembre,202.7,normal
2,216.6,8,0.2,B,Julio,230.8,normal
6,42.8,6,7.4,C,Febrero,326.4,alto
5,233.2,6,3.1,C,Febrero,309.1,alto
4,215.8,2,6.8,B,Agosto,315.4,alto
2,60.5,10,3.6,C,Diciembre,238.3,normal
3,261.4,9,5.3,B,Junio,358.2,alto
1,149.5,9,10.9,D,Octubre,322.2,alto
3,263.2,7,2.7,A,Abril,315.6,alto
4,189.1,12,4.8,C,Enero,339.3,alto
7,290.3,5,11.1,B,Octubre,492.9,alto
5,122.1,5,,A,Enero,396.5,alto
3,178.0,3,11.2,C,Octubre,326.6,alto
7,291.7,3,8.6,C,Agosto,4110.10503588097,alto
4,200.4,13,1.4,B,Junio,317.7,alto
5,133.5,4,7.8,B,Junio,292.6,normal
1,37.7,5,6.5,C,Diciembre,195.5,normal
7,,12,,C,Mayo,302.3,alto
2,36.7,8,11.2,C,Marzo,315.0,alto
1,240.3,12,11.7,B,Abril,427.6,alto
5,67.4,10,7.0,A,Diciembre,358.7,alto
6,286.2,14,2.8,D,Agosto,414.8,alto
5,207.1,4,5.0,C,Mayo,301.6,alto
7,151.0,12,,D,Mayo,368.4,alto
6,163.0,9,7.7,B,Junio,410.9,alto
3,290.7,10,4.5,C,Junio,338.5,alto
5,177.0,10,10.1,A,Noviembre,455.6,alto
3,33.7,7,6.5,D,Junio,225.1,normal
4,204.9,12,4.1,D,Septiembre,341.5,alto
2,154.2,12,11.6,C,Septiembre,359.3,alto
6,,2,3.2,C,Enero,324.8,alto
4,245.1,13,5.5,D,Abril,362.3,alto
3,64.6,6,3.3,D,Junio,202.5,normal
4,293.6,4,6.7,C,Julio,357.2,alto
7,,14,5.1,B,Marzo,397.4,alto
4,41.9,3,9.3,C,Julio,294.6,normal
2,57.4,11,7.2,C,Octubre,277.3,normal
2,257.4,4,11.7,A,Septiembre,420.2,alto
6,275.1,12,7.2,D,Diciembre,437.3,alto
1,145.9,12,5.7,C,Marzo,285.4,normal
5,160.4,5,10.8,C,Enero,385.6,alto
3,138.3,10,8.9,C,Agosto,330.3,alto
4,137.4,12,,d,Octubre,252.8,normal
7,175.6,6,,A,Mayo,431.6,alto
3,210.5,2,3.7,D,Septiembre,238.4,normal
7,122.5,9,8.5,D,Febrero,378.1,alto
3,216.4,8,8.2,B,Septiembre,362.9,alto
5,172.7,13,5.3,C,Octubre,363.3,alto
1,129.7,5,0.4,C,Abril,137.9,normal
6,168.6,3,1.8,C,Junio,241.2,normal
1,110.4,10,6.5,C,Mayo,272.4,normal
6,214.0,8,7.0,B,Octubre,387.3,alto
6,140.3,10,2.5,D,Agosto,297.8,normal
1,74.4,6,2.7,B,Noviembre,169.4,normal
2,67.6,6,6.8,B,Julio,249.2,normal
5,85.7,9,1.2,D,Abril,241.6,normal
1,234.6,14,5.2,C,Junio,312.4,alto
7,168.8,5,2.8,D,Septiembre,280.4,normal
7,39.4,14,6.9,B,Septiembre,3338.6881883911474,alto
2,238.6,4,10.1,B,Junio,2822.085904585256,alto
6,103.4,8,7.4,C,Enero,375.6,alto
5,262.9,11,,C,Diciembre,360.6,alto
7,282.2,4,11.3,B,Abril,501.7,alto
3,43.0,4,,B,Noviembre,277.3,normal
4,,8,1.8,C,Noviembre,295.4,normal
2,172.9,13,9.1,B,Septiembre,396.9,alto
5,197.1,7,0.1,B,Mayo,241.2,normal
4,32.1,13,7.3,B,Marzo,354.1,alto
7,87.0,9,5.2,C,Febrero,349.8,alto
1,127.2,2,4.1,B,Mayo,209.8,normal
1,118.5,3,7.5,C,Enero,275.4,normal
1,253.8,6,11.5,C,Octubre,367.4,alto
6,217.4,2,3.8,D,Octubre,321.8,alto
1,,11,6.4,C,Febrero,364.8,alto
1,220.2,12,4.5,C,Diciembre,317.5,alto
3,267.8,2,,A,Junio,257.6,normal
5,,8,11.1,D,Noviembre,421.3,alto
7,243.3,2,6.6,C,Diciembre,350.9,alto
4,,4,8.7,D,Julio,299.6,normal
2,292.5,5,3.7,D,Febrero,237.0,normal
6,296.7,12,4.5,B,Diciembre,455.0,alto
1,45.8,11,11.8,C,Abril,306.6,alto
2,221.3,8,9.8,D,Enero,356.2,alto
2,227.3,7,8.9,C,Marzo,341.0,alto
5,271.6,5,11.1,C,Diciembre,445.2,alto
3,64.2,3,4.6,C,Julio,211.0,normal
7,232.6,2,4.1,D,Abril,314.0,alto
1,254.9,2,4.8,B,Junio,272.2,normal
3,99.8,6,6.5,B,Abril,289.6,normal
5,211.1,10,4.8,B,Septiembre,421.0,alto
6,230.7,3,10.0,C,Diciembre,384.8,alto
2,78.4,3,2.0,B,Noviembre,174.3,normal
4,282.8,13,7.5,D,Noviembre,402.2,alto
3,,3,,C,Octubre,285.4,normal
7,,8,0.3,C,Septiembre,201.5,normal
2,86.7,12,9.4,D,Noviembre,335.6,alto
5,207.4,7,7.3,B,Mayo,358.1,alto
2,234.7,9,,D,Marzo,379.7,alto
7,166.9,3,,B,Marzo,331.5,alto
4,101.0,7,11.4,C,Agosto,384.7,alto
2,224.5,11,10.2,C,Abril,362.1,alto
5,208.0,4,0.9,B,Enero,257.5,normal
6,99.4,2,4.6,B,Diciembre,284.3,normal
7,289.0,6,1.2,D,Marzo,3022.0307805798075,alto
4,231.6,9,8.1,C,Enero,364.5,alto
3,291.6,12,7.4,A,Octubre,464.7,alto
4,161.2,8,1.6,C,Septiembre,284.6,normal
4,100.0,4,5.7,a,Marzo,297.5,normal
1,259.2,12,,C,Marzo,4425.0406973998115,normal
2,176.6,4,0.5,D,Abril,191.2,normal
2,193.7,9,6.7,C,Enero,317.4,alto
3,209.8,7,1.0,D,Septiembre,224.8,normal
6,,12,8.9,C,Septiembre,465.1,alto
7,249.6,6,0.1,D,Agosto,283.2,normal
3,185.2,12,6.4,B,Abril,365.0,alto
3,226.9,6,4.9,D,Junio,279.1,normal
4,98.6,12,2.0,A,Mayo,266.5,normal
1,38.4,9,6.8,A,Junio,228.7,normal
4,244.1,10,3.9,C,Octubre,344.5,alto
3,169.8,10,0.1,D,Diciembre,212.7,normal
4,237.0,4,3.8,C,Septiembre,287.9,normal
6,112.2,4,1.5,B,Junio,231.1,normal
2,175.1,9,7.3,B,Mayo,336.2,alto
6,256.7,14,2.0,C,Septiembre,367.4,alto
7,240.1,9,1.6,D,Agosto,356.6,alto
3,104.5,6,2.2,D,Diciembre,194.5,normal
1,130.6,7,7.9,D,Mayo,266.9,normal
1,64.5,8,4.3,C,Junio,184.1,normal
1,133.8,2,7.0,D,Agosto,225.5,normal
3,154.8,7,9.7,B,Septiembre,338.2,alto
7,152.3,14,2.3,C,Enero,365.0,alto
1,182.7,13,,B,Diciembre,334.4,alto
1,,13,4.5,B,Junio,256.1,normal
5,234.1,9,5.7,C,Diciembre,354.9,alto
3,233.2,6,1.9,B,Septiembre,251.4,normal
3,48.7,12,1.6,C,Julio,243.2,normal
2,156.4,6,3.1,C,Abril,235.9,normal
7,237.9,8,6.9,C,Septiembre,399.8,alto
5,200.6,9,1.8,C,Julio,314.4,alto
3,275.0,13,6.9,D,Marzo,406.6,alto
2,,13,2.7,C,Febrero,286.3,normal
1,78.1,14,1.0,B,Octubre,250.9,normal
4,59.8,4,0.8,C,Marzo,150.6,normal
5,64.8,8,3.5,D,Mayo,244.2,normal
5,280.3,2,5.5,B,Agosto,308.0,alto
2,45.0,11,9.5,D,Mayo,298.6,normal
4,,11,4.2,D,Mayo,255.0,normal
1,91.9,9,2.5,B,Marzo,214.3,normal
2,62.0,11,10.2,C,Octubre,351.6,alto
3,205.5,3,7.4,C,Julio,342.8,alto
4,152.2,7,0.0,B,Enero,245.8,normal
4,202.6,8,1.2,A,Junio,232.4,normal
2,132.5,5,11.6,C,Enero,330.7,alto
5,258.9,5,2.9,B,Diciembre,327.0,alto
2,122.1,9,0.4,C,Diciembre,186.2,normal
6,79.5,13,10.3,A,Febrero,459.4,alto
1,164.5,6,10.9,C,Enero,359.0,alto
5,145.5,9,,D,Marzo,355.7,alto
5,298.2,12,2.5,B,Julio,362.9,alto
3,268.5,14,4.4,B,Septiembre,339.6,alto
5,288.8,2,,B,Diciembre,372.1,alto
6,198.9,3,7.7,B,Enero,378.8,alto
6,49.8,9,10.6,B,Agosto,425.2,alto
6,259.4,8,9.6,B,Mayo,454.5,alto
6,121.4,10,6.0,D,Junio,339.1,alto
2,136.7,4,10.9,B,Febrero,322.1,alto
4,218.4,2,0.3,D,Julio,210.9,normal
4,54.5,6,10.8,C,Julio,324.7,alto
6,224.3,6,0.0,B,Junio,271.3,normal
4,164.6,14,5.9,A,Diciembre,399.9,alto
6,107.6,9,5.6,d,Septiembre,330.6,alto
2,253.7,2,5.1,D,Julio,244.7,normal
5,,8,11.1,C,Julio,414.0,alto
4,158.2,7,3.8,B,Octubre,245.1,normal
6,246.5,7,6.6,D,Octubre,385.4,alto
5,99.1,6,6.5,D,Agosto,285.7,normal
6,235.8,6,2.9,D,Enero,322.7,alto
2,129.0,3,10.0,C,Febrero,269.8,normal
5,110.9,2,,C,Julio,300.9,alto
7,173.7,13,1.8,A,Abril,384.5,alto
4,259.9,13,2.1,A,Abril,343.1,alto
3,171.3,12,11.9,C,Junio,416.7,alto
3,296.5,3,8.4,B,Diciembre,360.7,alto
5,71.1,6,10.4,D,Febrero,342.2,alto
7,115.2,11,,C,Junio,479.6,alto
4,143.9,4,2.3,A,Marzo,217.2,normal
4,159.3,9,6.8,A,Agosto,373.7,alto
2,122.6,12,7.7,D,Marzo,325.5,alto
4,,2,10.5,C,Agosto,347.2,alto
5,152.3,7,8.4,B,Abril,388.3,alto
1,38.5,14,5.4,C,Julio,263.1,normal
4,224.7,11,2.5,D,Abril,294.8,normal
1,177.7,3,7.3,A,Agosto,271.2,normal
6,30.3,11,9.6,D,Diciembre,377.1,alto
4,167.4,4,5.2,D,Febrero,280.7,normal
4,49.1,9,8.8,b,Noviembre,328.2,alto
7,61.2,6,5.1,C,Diciembre,276.8,normal
7,166.5,12,7.0,D,Noviembre,4545.8463696773,alto
2,270.4,9,2.2,D,Abril,279.2,normal
3,120.5,4,1.8,D,Abril,210.9,normal
2,248.1,14,,D,Marzo,415.0,alto
1,50.2,4,6.4,D,Noviembre,169.3,normal
5,172.1,14,6.2,C,Agosto,400.8,alto
3,154.7,8,9.5,C,Marzo,358.1,alto
1,85.3,14,3.2,C,Noviembre,267.5,normal
7,65.7,3,11.3,B,Octubre,397.4,alto
7,239.2,5,2.8,B,Febrero,378.4,alto
1,181.5,11,10.3,A,Junio,398.6,alto
2,293.6,12,0.2,D,Septiembre,279.3,normal
3,46.9,2,3.4,C,Abril,177.7,normal
7,221.2,6,9.4,B,Marzo,441.4,alto
3,167.9,14,11.3,B,Julio,412.2,alto
7,147.0,8,7.6,B,Mayo,395.1,alto
7,57.2,9,3.2,B,Mayo,317.3,alto
1,256.8,7,11.8,C,Septiembre,367.2,alto
6,298.5,6,1.6,d,Mayo,309.3,alto
1,106.9,5,5.8,B,Enero,231.7,normal
7,59.9,11,7.2,C,Diciembre,389.4,alto
7,107.1,3,8.8,C,Mayo,337.7,alto
7,285.6,13,0.5,C,Octubre,377.1,alto
2,254.8,3,8.1,C,Marzo,329.2,alto
3,287.7,8,9.0,D,Junio,360.3,alto
3,218.8,4,3.4,B,Enero,253.0,normal
1,,5,5.4,A,Marzo,319.1,alto
1,50.3,13,,C,Enero,249.7,normal
6,188.6,9,2.0,D,Agosto,284.6,normal
4,143.1,5,4.5,A,Julio,284.1,normal
1,210.5,6,2.4,D,Marzo,203.8,normal
1,172.8,10,1.5,C,Octubre,221.8,normal
5,205.0,14,8.1,D,Enero,432.4,alto
4,215.1,2,10.9,B,Marzo,386.5,alto
1,255.1,7,10.6,B,Diciembre,360.9,alto
6,243.2,4,5.7,C,Febrero,397.5,alto
1,263.9,4,11.0,A,Septiembre,430.5,alto
1,241.6,7,8.2,a,Agosto,358.0,alto
4,,8,2.2,D,Enero,302.6,alto
5,124.5,2,9.5,B,Enero,359.5,alto
3,110.9,8,1.1,C,Marzo,227.5,normal
1,202.6,11,,D,Enero,222.6,normal
6,223.3,2,2.8,B,Diciembre,332.3,alto
2,151.9,14,11.4,B,Febrero,426.3,alto
3,178.4,7,4.7,C,Julio,279.3,normal
3,260.9,7,1.5,B,Abril,237.9,normal
6,245.0,11,11.6,C,Marzo,497.2,alto
7,246.2,6,8.9,C,Mayo,471.3,alto
6,244.8,2,1.2,C,Enero,277.7,normal
6,193.0,11,2.6,B,Junio,357.4,alto
3,240.8,14,11.1,C,Marzo,459.6,alto
6,160.3,10,9.1,D,Septiembre,447.0,alto
7,,5,,D,Enero,258.0,normal
5,,14,,C,Enero,278.2,normal
2,194.8,3,1.1,A,Junio,189.0,normal
1,262.6,13,8.0,A,Abril,409.0,alto
1,103.7,2,5.8,C,Diciembre,207.5,normal
3,240.7,6,5.4,B,Marzo,298.0,normal
6,258.0,5,3.0,C,Mayo,330.6,alto
1,38.4,7,5.2,C,Abril,178.9,normal
6,205.4,14,2.2,C,Mayo,354.3,alto
5,,8,8.3,B,Marzo,390.7,alto
4,62.4,10,3.7,B,Agosto,304.3,alto
3,47.9,7,6.6,C,Noviembre,240.1,normal
5,158.2,3,9.3,C,Septiembre,338.9,alto
3,107.8,8,9.5,D,Junio,309.2,alto
5,107.5,2,7.6,C,Junio,318.1,alto
6,292.3,11,3.1,B,Enero,346.2,alto
4,296.6,8,7.9,C,Agosto,417.3,alto
6,207.1,6,9.2,C,Julio,434.8,alto
2,63.8,7,3.1,B,Marzo,231.6,normal
4,212.9,14,0.2,D,Febrero,288.4,normal
4,42.4,10,7.9,C,Octubre,303.6,alto
4,251.6,6,11.4,D,Julio,414.8,alto
3,282.3,3,9.0,D,Octubre,350.8,alto
4,108.4,4,7.8,B,Septiembre,297.8,normal
7,138.1,5,8.3,C,Diciembre,351.6,alto
4,155.6,2,5.1,D,Abril,280.0,normal
1,262.7,13,0.1,A,Diciembre,244.4,normal
5,189.3,14,7.9,C,Enero,425.4,alto
6,33.5,5,5.3,C,Octubre,265.1,normal
6,72.4,6,,D,Octubre,362.1,alto
1,164.3,7,4.9,B,Noviembre,227.8,normal
5,48.5,3,12.0,D,Noviembre,371.9,alto
2,112.6,13,7.9,C,Agosto,324.1,alto
4,112.0,2,10.3,C,Noviembre,292.1,normal
5,145.6,8,4.2,B,Diciembre,290.9,normal
6,159.3,11,2.6,A,Abril,325.1,alto
2,211.2,5,1.6,C,Marzo,178.8,normal
4,199.0,8,9.7,B,Febrero,433.3,alto
2,58.9,6,7.0,D,Agosto,235.6,normal
3,180.7,10,,B,Junio,297.0,normal
7,224.9,9,10.6,C,Octubre,491.4,alto
5,,6,9.5,C,Noviembre,381.8,alto
3,181.1,14,0.1,B,Noviembre,278.7,normal
6,153.6,7,,C,Mayo,267.6,normal
7,120.8,7,2.3,B,Noviembre,310.9,alto
1,152.5,7,3.3,C,Agosto,231.7,normal
5,87.1,6,11.1,A,Marzo,408.9,alto
4,79.4,8,5.4,C,Diciembre,257.7,normal
2,93.7,7,2.6,D,Mayo,175.2,normal
4,33.9,3,7.8,A,Septiembre,291.5,normal
6,86.1,5,6.3,D,Julio,276.1,normal
7,145.4,14,5.3,A,Junio,394.6,alto
2,241.1,2,9.3,C,Abril,310.7,alto
7,189.6,7,10.2,B,Abril,452.1,alto
5,253.9,14,1.6,D,Septiembre,350.7,alto
7,220.7,7,0.1,C,Marzo,310.6,alto
2,189.2,12,4.5,B,Diciembre,308.9,alto
2,247.3,4,0.1,C,Julio,3996.3710911026387,normal
3,183.8,12,5.5,A,Junio,353.9,alto
1,136.7,3,0.7,C,Mayo,124.8,normal
5,287.6,7,3.1,D,Julio,349.7,alto
5,80.7,10,5.7,C,Septiembre,303.1,alto
4,298.5,6,11.6,C,Diciembre,418.7,alto
1,148.8,7,0.4,A,Marzo,199.2,normal
3,119.2,9,6.1,A,Septiembre,312.4,alto
1,234.9,7,4.9,C,Abril,289.9,normal
1,250.0,4,2.9,B,Marzo,224.5,normal
7,285.3,12,7.9,C,Marzo,468.2,alto
3,,11,8.2,C,Mayo,421.7,alto
2,247.6,11,2.3,C,Junio,318.2,alto
3,42.0,12,6.8,C,Junio,282.9,normal
7,202.4,5,1.9,A,Abril,305.4,alto
3,250.0,13,4.6,B,Agosto,340.7,alto
3,170.3,4,6.3,C,Enero,260.1,normal
1,112.4,5,5.6,B,Noviembre,275.0,normal
2,147.4,2,6.6,B,Noviembre,245.2,normal
5,228.3,9,1.4,B,Julio,319.9,alto
2,285.1,8,0.8,A,Febrero,275.6,normal
4,184.0,13,,C,Julio,411.6,alto
1,86.1,3,11.6,B,Julio,314.9,alto
6,229.3,2,4.5,C,Marzo,299.7,normal
3,88.8,4,1.5,C,Enero,161.2,normal
6,120.6,8,10.6,D,Febrero,424.1,alto
5,,8,6.8,C,Septiembre,379.1,alto
5,133.8,8,,C,Junio,354.5,alto
2,183.5,10,6.7,C,Enero,310.9,alto
5,79.3,11,2.4,B,Septiembre,292.0,normal
2,110.4,13,6.1,B,Mayo,337.7,alto
2,159.0,4,5.3,A,Noviembre,286.4,normal
6,213.9,3,10.3,C,Noviembre,411.0,alto
2,237.3,9,5.4,C,Marzo,301.6,alto
5,64.8,14,1.0,A,Mayo,309.9,alto
1,97.8,14,7.3,D,Marzo,274.9,normal
2,246.5,5,8.2,C,Mayo,324.6,alto
2,,5,5.8,C,Octubre,245.3,normal
7,100.4,2,10.8,B,Octubre,388.7,alto
2,121.7,12,1.0,D,Junio,249.6,normal
1,106.3,7,11.4,B,Diciembre,293.5,normal
3,83.9,3,7.5,D,Junio,234.3,normal
1,199.2,14,5.8,C,Noviembre,303.0,alto
7,31.6,10,9.1,C,Febrero,380.9,alto
2,235.9,10,0.4,C,Agosto,239.6,normal
3,87.1,12,11.6,D,Abril,419.7,alto
2,72.4,5,9.0,D,Julio,214.2,normal
3,83.3,6,1.5,C,Febrero,168.5,normal
4,92.8,2,,D,Abril,230.5,normal
4,,10,2.1,A,Junio,323.9,alto
2,100.2,14,1.9,C,Diciembre,261.9,normal
4,129.7,6,1.0,C,Septiembre,202.0,normal
7,141.1,8,6.2,D,Septiembre,365.2,alto
4,43.3,11,10.1,C,Junio,371.3,alto
1,39.8,9,0.9,C,Abril,134.0,normal
1,142.4,8,6.6,D,Mayo,292.2,normal
6,57.7,6,9.0,C,Octubre,348.4,alto
7,,9,6.3,C,Septiembre,416.9,alto
7,180.0,14,3.3,C,Diciembre,396.9,alto
5,,2,3.8,C,Noviembre,292.5,normal
6,85.8,11,6.4,C,Mayo,383.0,alto
2,65.5,13,2.5,C,Abril,205.1,normal
1,120.9,14,9.0,C,Julio,335.4,alto
5,204.0,5,2.9,D,Marzo,287.1,normal
4,152.5,14,8.7,D,Octubre,390.5,alto
1,122.8,6,11.4,B,Julio,337.3,alto
5,274.6,14,3.2,A,Mayo,417.3,alto
6,58.4,6,5.7,A,Marzo,328.9,alto
5,37.6,14,1.1,C,Octubre,225.2,normal
1,259.3,5,1.3,B,Agosto,227.5,normal
6,117.3,9,4.6,C,Diciembre,340.1,alto
4,237.5,12,11.1,D,Abril,450.0,alto
6,149.8,3,4.0,D,Febrero,242.6,normal
2,159.1,8,11.3,C,Septiembre,383.7,alto
7,150.7,11,8.8,D,Octubre,460.9,alto
4,267.6,3,9.9,D,Mayo,386.0,alto
4,210.1,4,5.2,B,Diciembre,300.0,normal
7,104.9,10,11.3,B,Septiembre,423.3,alto
4,186.3,10,,C,Marzo,315.1,alto
4,125.2,10,,D,Octubre,231.1,normal
5,150.9,13,6.3,C,Septiembre,368.7,alto
3,88.4,10,3.2,C,Julio,254.2,normal
3,31.8,11,1.1,C,Febrero,194.2,normal
4,197.7,10,8.4,B,Mayo,401.1,alto
1,50.8,4,11.3,D,Enero,273.7,normal
6,227.0,3,4.2,B,Febrero,309.4,alto
5,39.2,5,10.9,C,Junio,329.9,alto
6,178.3,13,6.4,B,Enero,406.9,alto
3,133.9,3,0.1,C,Mayo,177.5,normal
2,208.2,6,,C,Diciembre,359.7,alto
1,138.9,7,4.2,D,Agosto,224.4,normal
7,160.4,9,1.6,C,Enero,329.1,alto
3,93.4,13,0.1,D,Octubre,193.3,normal
5,221.2,9,0.0,D,Febrero,245.8,normal
7,166.2,7,9.9,D,Enero,454.0,alto
4,159.7,9,7.0,A,Octubre,3274.0324134256803,alto
1,,14,,C,Mayo,212.2,normal
1,202.3,10,6.1,B,Diciembre,326.4,alto
6,44.3,7,7.5,C,Febrero,304.4,alto
2,215.5,14,2.0,C,Septiembre,306.3,alto
4,145.0,2,4.5,B,Noviembre,250.9,normal
7,159.5,11,7.0,A,Abril,417.2,alto
2,77.5,12,0.2,B,Octubre,214.7,normal
3,130.6,12,7.4,B,Mayo,371.6,alto
3,43.5,6,9.3,D,Noviembre,298.9,normal
5,115.4,6,0.4,B,Noviembre,267.5,normal
3,,5,10.9,d,Diciembre,326.9,alto
4,279.6,12,2.2,C,Octubre,332.5,alto
1,204.3,2,7.4,A,Septiembre,3057.633218283018,normal
2,57.3,8,10.6,D,Enero,303.2,alto
2,,11,7.5,D,Febrero,283.4,normal
7,81.2,4,1.3,B,Septiembre,221.4,normal
6,173.0,13,2.3,C,Mayo,351.8,alto
7,,6,0.7,A,Abril,294.4,normal
5,31.2,5,11.5,C,Febrero,375.5,alto
4,259.8,2,1.2,D,Mayo,244.3,normal
1,97.9,9,,C,Junio,330.7,alto
2,257.1,8,7.1,C,Septiembre,327.4,alto
5,133.3,7,4.6,B,Marzo,327.3,alto
5,,11,4.5,D,Junio,325.8,alto
4,134.8,6,10.5,D,Junio,384.1,alto
4,133.1,12,7.7,C,Marzo,370.2,alto
5,118.1,5,11.3,B,Febrero,380.4,alto
2,129.3,9,6.2,C,Septiembre,264.9,normal
1,227.3,7,,B,Noviembre,264.7,normal
7,109.0,10,3.2,C,Abril,312.2,alto
2,272.0,10,3.2,D,Octubre,270.6,normal
5,267.3,4,4.6,A,Mayo,357.7,alto
4,177.3,5,6.9,D,Mayo,291.8,normal
1,271.5,9,0.5,C,Diciembre,233.7,normal
6,33.7,3,2.5,D,Agosto,205.5,normal
6,220.0,8,1.2,B,Febrero,297.0,normal
7,61.2,13,0.4,C,Octubre,254.7,normal
1,42.4,13,3.8,D,Noviembre,208.7,normal
1,202.3,2,1.0,C,Agosto,165.5,normal
5,,7,8.3,D,Enero,357.6,alto
5,89.3,8,2.7,B,Agosto,302.7,alto
1,231.6,7,0.2,C,Agosto,196.7,normal
3,41.9,13,3.9,b,Junio,256.3,normal
5,298.5,2,11.6,D,Agosto,431.3,alto
3,31.5,4,1.9,C,Mayo,146.7,normal
3,214.8,11,8.8,D,Febrero,427.3,alto
3,114.9,5,0.6,C,Agosto,191.6,normal
3,198.5,6,10.2,C,Agosto,369.8,alto
6,92.9,6,2.3,C,Septiembre,291.5,normal
5,85.6,12,6.3,C,Agosto,326.6,alto
1,175.3,10,,C,Octubre,327.1,alto
1,40.1,5,7.6,C,Septiembre,214.9,normal
4,228.0,10,11.9,C,Agosto,470.0,alto
1,47.3,2,4.2,D,Agosto,122.8,normal
2,287.5,8,11.0,C,Julio,394.0,alto
1,137.7,3,,C,Febrero,200.3,normal
2,99.4,2,7.9,B,Junio,228.4,normal
5,165.1,14,6.9,C,Septiembre,415.0,alto
2,34.1,12,9.9,B,Agosto,306.3,alto
7,215.1,8,7.4,C,Septiembre,432.4,alto
3,94.3,2,,C,Febrero,175.8,normal
7,191.1,14,2.5,B,Enero,364.8,alto
1,279.0,12,6.9,D,Noviembre,341.8,alto
5,212.5,5,3.7,D,Noviembre,304.2,alto
1,177.3,12,11.0,C,Febrero,398.4,alto
7,65.6,2,2.1,D,Enero,284.0,normal
5,76.3,3,3.8,D,Enero,226.6,normal
6,273.4,10,1.8,C,Julio,352.8,alto
7,184.2,9,7.0,B,Marzo,412.7,alto
7,216.8,7,11.6,D,Agosto,483.4,alto
4,122.2,6,10.2,C,Abril,339.1,alto
7,134.0,4,9.4,C,Marzo,373.4,alto
3,247.1,10,10.7,D,Julio,396.6,alto
5,285.3,7,6.2,D,Febrero,418.1,alto
5,104.2,8,10.8,C,Febrero,374.4,alto
7,140.0,11,9.5,B,Mayo,4048.7784492947703,alto
3,110.3,5,1.4,B,Marzo,202.2,normal
5,165.0,10,8.2,D,Abril,380.6,alto
5,278.2,11,10.6,D,Mayo,498.4,alto
6,,6,2.9,C,Abril,307.9,alto
2,125.4,14,6.8,A,Abril,350.4,alto
3,231.7,14,5.3,C,Enero,369.9,alto
1,199.8,12,11.6,C,Julio,393.1,alto
2,257.8,13,5.2,D,Julio,363.6,alto
7,155.9,7,4.8,B,Febrero,369.1,alto
6,,10,2.0,A,Enero,289.5,normal
7,99.0,12,,C,Diciembre,327.0,alto
1,177.3,12,11.0,C,Febrero,398.4,alto
5,262.9,5,2.7,B,Septiembre,292.9,normal
7,81.9,4,9.3,C,Mayo,344.3,alto
3,277.5,7,7.1,D,Diciembre,349.8,alto
4,,10,5.9,D,Agosto,289.2,normal
2,77.8,7,9.0,B,Marzo,304.9,alto
6,287.1,6,6.2,B,Noviembre,399.7,alto
4,106.1,7,8.9,C,Marzo,318.7,alto
2,147.8,12,7.9,B,Agosto,349.1,alto
7,150.2,9,3.1,D,Noviembre,307.8,alto
1,292.1,10,2.5,A,Julio,322.3,alto
6,217.2,4,1.1,D,Mayo,239.4,normal
6,180.3,10,6.7,C,Noviembre,366.0,alto
7,,4,6.3,C,Enero,351.1,alto
4,116.2,7,,C,Abril,288.5,normal
2,292.2,11,5.6,A,Mayo,395.3,alto
5,98.4,7,11.0,A,Septiembre,369.9,alto
2,91.0,2,11.1,C,Junio,265.2,normal
3,115.3,14,7.6,B,Julio,375.7,alto
2,79.5,7,0.0,C,Junio,156.7,normal
4,203.6,4,2.2,B,Septiembre,233.0,normal
6,149.9,12,8.7,B,Enero,396.2,alto
3,80.4,9,1.5,D,Junio,191.4,normal
7,69.3,6,11.1,C,Diciembre,401.4,alto
3,206.0,10,9.2,C,Abril,395.5,alto
3,130.5,6,7.6,D,Abril,255.4,normal
1,181.0,7,3.6,C,Marzo,223.6,normal
7,232.9,13,10.4,B,Marzo,528.7,alto
4,287.2,6,7.9,C,Julio,356.3,alto
1,70.6,4,6.1,D,Marzo,186.0,normal
7,220.3,4,3.9,C,Marzo,347.0,alto
5,156.1,8,9.0,D,Mayo,363.4,alto
7,208.2,11,8.7,D,Mayo,460.7,alto
4,281.7,8,2.0,D,Febrero,264.1,normal
5,199.3,4,10.0,C,Octubre,378.9,alto
3,201.9,6,9.7,D,Febrero,321.5,alto
1,265.8,4,5.8,B,Agosto,252.6,normal
6,165.4,10,6.4,D,Abril,412.9,alto
4,282.8,6,2.2,C,Junio,311.0,alto
4,257.1,13,4.9,D,Noviembre,395.6,alto
2,49.6,13,3.1,D,Septiembre,227.0,normal
4,250.7,10,3.0,B,Octubre,308.5,alto
6,293.6,9,1.5,C,Julio,393.6,alto
6,285.3,6,10.0,D,Marzo,443.0,alto
1,,2,10.8,A,Enero,334.7,alto
3,91.8,13,,D,Marzo,331.8,alto
5,60.9,2,,C,Noviembre,249.9,normal
3,48.8,6,11.7,C,Agosto,298.4,normal
1,,3,8.6,C,Enero,285.4,normal
6,84.6,11,1.2,D,Noviembre,291.9,normal
1,223.2,5,5.5,D,Mayo,236.9,normal
6,195.1,5,6.6,D,Diciembre,329.3,alto
1,166.7,10,,C,Enero,334.3,alto
2,153.0,7,9.3,D,Enero,325.1,alto
4,253.3,8,4.5,D,Enero,343.6,alto
2,97.7,8,11.4,B,Octubre,342.8,alto
1,205.6,13,4.3,B,Abril,261.7,normal
2,269.1,2,6.4,C,Julio,256.3,normal
3,153.4,10,4.6,C,Agosto,299.6,normal
2,96.0,5,4.3,B,Julio,228.2,normal
1,95.2,3,1.8,D,Enero,139.1,normal
3,127.9,4,11.8,C,Septiembre,387.2,alto
6,234.7,14,3.2,C,Noviembre,403.8,alto
7,299.8,3,11.1,D,Noviembre,466.1,alto
1,165.9,12,5.0,B,Abril,293.8,normal
6,77.9,7,8.4,D,Mayo,333.1,alto
5,67.8,9,11.4,A,Febrero,432.9,alto
2,244.4,14,8.3,C,Diciembre,408.1,alto
6,247.1,7,2.8,B,Mayo,321.7,alto
6,277.8,4,2.4,C,Septiembre,337.7,alto
3,90.1,4,4.2,A,Diciembre,265.9,normal
3,262.8,10,10.4,D,Octubre,422.7,alto
1,111.6,8,9.9,B,Octubre,313.0,alto
6,234.6,13,9.7,C,Abril,470.5,alto
2,164.8,3,,B,Junio,181.5,normal
7,236.1,12,3.4,C,Abril,409.6,alto
2,196.8,2,4.8,D,Junio,215.7,normal
5,243.9,9,11.3,B,Febrero,444.0,alto
7,115.6,9,1.5,B,Septiembre,292.1,normal
2,274.8,14,10.0,A,Noviembre,461.7,alto
1,36.6,3,10.2,B,Noviembre,260.8,normal
7,130.4,2,6.0,C,Abril,352.5,alto
2,50.7,5,1.2,C,Febrero,120.6,normal
5,113.3,5,10.7,D,Septiembre,381.4,alto
3,129.7,5,7.8,C,Diciembre,282.4,normal
4,,7,4.0,C,Mayo,287.4,normal
1,293.3,11,,C,Abril,303.5,alto
5,132.7,5,1.3,C,Enero,213.6,normal
4,231.7,7,0.8,B,Abril,254.8,normal
7,42.2,12,,C,Septiembre,337.8,alto
3,254.0,12,0.4,B,Octubre,292.9,normal
7,195.9,7,7.8,d,Diciembre,394.5,alto
7,122.0,4,5.0,D,Octubre,299.0,normal
3,195.2,13,3.7,B,Diciembre,354.4,alto
4,236.7,12,,B,Diciembre,498.9,alto
4,276.3,10,6.2,A,Marzo,405.2,alto
3,226.8,8,,B,Enero,258.3,normal
7,144.5,8,5.1,C,Mayo,341.0,alto
6,65.7,9,1.1,D,Mayo,232.9,normal
4,259.4,14,11.5,C,Febrero,509.9,alto
4,284.7,4,9.8,C,Agosto,389.4,alto
3,144.9,2,7.8,D,Agosto,267.4,normal
7,253.1,6,3.0,D,Febrero,353.3,alto
4,179.6,5,9.5,C,Diciembre,371.6,alto
3,180.9,4,2.5,C,Mayo,236.5,normal
5,169.0,4,2.6,B,Mayo,248.6,normal
1,161.5,6,0.4,C,Agosto,177.3,normal
7,62.4,13,7.0,D,Marzo,356.4,alto
7,53.4,5,1.8,A,Julio,305.9,alto
4,271.7,12,7.8,C,Diciembre,415.3,alto
3,208.6,12,4.5,C,Diciembre,341.0,alto
2,91.6,5,2.1,B,Noviembre,207.5,normal
3,219.2,13,2.6,A,Julio,337.2,alto
2,217.5,2,4.3,C,Junio,244.4,normal
6,,14,8.0,A,Noviembre,426.0,alto
7,218.5,13,,C,Agosto,506.8,alto
2,31.1,8,5.6,C,Diciembre,231.4,normal
5,100.1,6,1.3,c,Junio,223.5,normal
4,113.8,5,5.6,A,Febrero,286.2,normal
4,117.6,6,11.4,C,Abril,399.9,alto
3,128.5,2,,B,Junio,345.9,alto
6,137.8,8,7.5,D,Julio,405.3,alto
3,218.8,5,5.6,D,Noviembre,279.4,normal
3,142.0,6,0.7,C,Julio,187.2,normal
1,235.9,14,5.9,C,Septiembre,350.2,alto
1,,5,2.1,C,Diciembre,191.4,normal
2,,8,4.4,D,Enero,279.0,normal
4,107.2,6,2.4,B,Agosto,241.0,normal
2,90.8,12,4.5,B,Julio,292.8,normal
2,109.3,11,7.9,D,Septiembre,300.9,alto
2,206.5,14,10.6,B,Enero,424.6,alto
2,198.7,8,9.6,C,Junio,387.3,alto
1,199.6,9,9.8,D,Diciembre,377.5,alto
6,42.6,14,5.9,D,Julio,357.6,alto
1,56.4,12,4.8,C,Junio,242.0,normal
6,253.9,2,6.1,C,Abril,374.5,alto
7,248.4,7,1.8,D,Agosto,348.5,alto
7,,11,5.8,C,Julio,378.5,alto
1,260.6,9,4.8,B,Septiembre,315.8,alto
3,73.9,12,8.7,B,Febrero,351.8,alto
4,297.9,14,4.0,C,Agosto,410.3,alto
3,69.1,2,11.9,B,Agosto,345.4,alto
4,153.8,11,5.6,C,Marzo,339.7,alto
2,175.1,6,10.5,C,Agosto,305.3,alto
1,242.7,7,2.6,A,Febrero,256.8,normal
3,297.2,11,9.8,B,Julio,451.4,alto
6,265.0,3,3.2,D,Octubre,297.7,normal
1,147.0,7,9.3,D,Mayo,313.1,alto
3,136.7,8,1.9,D,Diciembre,3477.3283513510187,normal
1,149.6,10,0.0,C,Agosto,213.4,normal
7,,3,9.7,B,Junio,461.3,alto
5,,2,0.6,B,Septiembre,247.4,normal
4,282.7,4,11.8,D,Abril,398.0,alto
2,299.3,11,2.0,D,Julio,312.3,alto
4,200.7,4,3.0,D,Septiembre,219.8,normal
6,129.2,11,0.3,A,Septiembre,266.1,normal
7,66.6,6,8.8,D,Junio,365.8,alto
1,71.3,5,,C,Febrero,95.7,bajo
4,61.9,10,5.0,B,Noviembre,291.8,normal
7,122.5,11,8.9,C,Enero,401.4,alto
5,32.5,4,1.1,B,Septiembre,172.7,normal
7,194.6,5,6.7,C,Mayo,417.3,alto
7,233.7,5,11.5,B,Junio,471.4,alto
5,53.3,12,7.2,B,Abril,373.3,alto
3,212.7,8,9.1,D,Abril,395.2,alto
5,88.9,9,10.2,B,Octubre,395.6,alto
7,209.7,8,4.2,B,Junio,372.6,alto
5,244.8,7,3.8,B,Junio,333.8,alto
3,151.5,9,4.5,B,Febrero,277.1,normal
6,95.0,11,6.3,A,Agosto,385.4,alto
1,139.0,14,1.8,C,Febrero,278.8,normal
3,264.0,13,6.8,A,Noviembre,434.8,alto
1,145.2,9,,A,Marzo,340.5,alto
1,86.8,8,7.9,C,Julio,274.9,normal
7,206.5,2,8.0,C,Diciembre,348.1,alto
7,184.1,13,10.3,C,Agosto,494.6,alto
7,152.1,9,1.9,A,Diciembre,336.2,alto
1,215.5,10,,C,Enero,214.7,normal
5,259.8,6,2.0,C,Abril,321.0,alto
6,206.7,14,8.9,B,Mayo,464.0,alto
3,169.4,11,0.3,B,Noviembre,270.8,normal
1,147.6,11,4.0,A,Marzo,240.6,normal
6,271.5,3,7.0,C,Septiembre,375.7,alto
5,174.6,5,2.5,C,Febrero,278.8,normal
5,113.1,13,6.7,B,Abril,387.4,alto
5,257.0,6,5.5,C,Mayo,372.5,alto
4,265.3,10,3.4,B,Octubre,370.9,alto
5,51.4,11,11.7,B,Enero,429.3,alto
3,228.7,11,4.0,D,Enero,331.2,alto
1,202.4,3,0.3,B,Junio,147.1,normal
2,260.5,8,3.7,D,Febrero,267.5,normal
7,195.0,2,10.5,C,Octubre,406.6,alto
4,75.7,14,6.3,C,Diciembre,366.9,alto
5,177.4,7,5.8,B,Septiembre,327.7,alto
1,114.9,12,7.3,D,Julio,270.1,normal
4,228.9,7,4.5,C,Agosto,295.3,normal
4,32.9,13,4.5,D,Julio,323.4,alto
7,298.6,14,10.6,A,Abril,575.1,alto
3,67.6,8,6.9,A,Abril,298.8,normal
3,31.3,3,11.3,D,Noviembre,276.9,normal
7,268.6,10,2.0,B,Julio,399.6,alto
5,128.1,7,2.0,A,Agosto,220.0,normal
6,160.0,3,2.4,B,Febrero,309.3,alto
2,65.3,14,4.8,A,Marzo,310.9,alto
5,42.0,6,7.9,D,Abril,320.2,alto
1,270.3,2,7.8,C,Febrero,300.4,alto
1,206.4,12,8.9,D,Octubre,4157.517774056327,alto
4,214.1,2,5.3,C,Marzo,294.3,normal
5,183.0,6,6.3,C,Octubre,355.9,alto
3,223.8,3,6.4,C,Noviembre,317.6,alto
4,115.3,10,8.7,D,Octubre,381.0,alto
6,,13,4.0,C,Julio,305.8,alto
1,275.7,3,8.0,D,Mayo,305.2,alto
3,294.2,8,7.2,C,Junio,345.7,alto
2,271.8,13,9.7,D,Septiembre,429.2,alto
4,64.5,10,5.3,D,Diciembre,290.7,normal
4,207.8,4,10.4,C,Mayo,408.8,alto
7,258.5,3,,D,Diciembre,377.5,alto
6,282.8,13,3.1,B,Octubre,428.4,alto
4,50.7,10,2.3,c,Septiembre,253.4,normal
3,166.0,14,6.9,C,Julio,359.5,alto
7,287.6,12,10.8,B,Febrero,563.4,alto
3,220.8,4,3.7,C,Junio,230.4,normal
3,207.1,11,6.8,C,Enero,372.8,alto
3,129.4,13,10.0,C,Agosto,378.3,alto
6,281.7,7,11.6,C,Diciembre,478.8,alto
1,240.1,11,11.8,B,Junio,429.1,alto
7,144.7,2,6.2,A,Noviembre,330.8,alto
4,189.3,11,4.7,C,Junio,348.3,alto
6,53.5,12,10.4,D,Diciembre,427.6,alto
4,227.2,13,7.6,B,Junio,429.5,alto
6,128.4,14,4.5,C,Marzo,335.8,alto
5,146.6,7,11.6,C,Febrero,398.5,alto
4,113.0,7,5.9,D,Mayo,305.4,alto
1,63.8,14,4.0,C,Octubre,229.6,normal
4,,4,3.5,C,Noviembre,234.5,normal
5,225.7,8,9.5,D,Marzo,419.2,alto
5,103.2,10,7.0,C,Abril,324.9,alto
4,82.5,6,9.6,B,Agosto,4560.591558338138,alto
4,250.7,2,1.2,D,Abril,246.7,normal
5,279.1,14,,C,Julio,363.5,alto
1,50.8,12,7.6,B,Agosto,272.0,normal
7,119.4,8,2.0,A,Septiembre,329.3,alto
6,275.6,5,7.3,A,Abril,423.4,alto
1,238.6,7,2.1,C,Julio,248.1,normal
4,103.3,3,,C,Septiembre,227.3,normal
4,277.8,4,2.1,A,Mayo,300.2,alto
4,239.2,12,,B,Octubre,298.6,normal
7,137.0,2,2.6,C,Octubre,274.7,normal
4,,14,3.9,A,Octubre,300.9,alto
4,250.6,14,7.0,D,Agosto,398.3,alto
2,241.8,11,10.6,B,Abril,424.0,alto
1,59.3,14,4.7,B,Mayo,275.5,normal
1,33.7,8,10.9,D,Junio,242.3,normal
1,164.0,10,,B,Julio,229.2,normal
4,72.2,8,1.1,C,Enero,192.2,normal
7,107.0,8,0.8,C,Enero,310.5,alto
7,75.1,9,11.6,B,Septiembre,423.3,alto
3,65.9,2,9.1,C,Octubre,242.8,normal
3,73.1,2,8.6,B,Febrero,225.2,normal
1,37.0,3,10.3,C,Mayo,233.4,normal
3,197.4,8,3.9,C,Enero,274.1,normal
1,77.4,14,1.8,C,Marzo,187.2,normal
4,44.0,13,1.1,D,Octubre,239.3,normal
7,109.4,5,7.9,D,Enero,345.3,alto
7,246.2,3,7.6,C,Agosto,402.3,alto
7,191.5,3,8.9,D,Mayo,391.0,alto
3,292.8,14,0.4,C,Agosto,339.3,alto
5,280.2,4,10.6,A,Agosto,410.3,alto
5,153.7,12,7.9,A,Septiembre,421.8,alto
3,209.1,10,6.2,C,Julio,336.0,alto
1,293.6,2,0.6,D,Abril,166.0,normal
6,271.4,11,5.5,C,Noviembre,413.0,alto
6,144.0,7,0.8,C,Abril,270.9,normal
1,97.7,5,3.9,D,Septiembre,146.2,normal
7,52.8,4,6.8,C,Agosto,303.5,alto
4,252.5,7,6.1,C,Mayo,367.3,alto
7,70.3,10,5.2,D,Agosto,354.0,alto
2,198.4,4,10.4,B,Diciembre,333.7,alto
7,165.6,11,11.4,B,Febrero,508.6,alto
3,70.9,13,4.0,C,Mayo,273.5,normal
5,234.8,2,8.2,D,Junio,351.7,alto
4,161.4,9,8.4,B,Abril,341.8,alto
5,202.7,4,9.5,D,Julio,392.9,alto
2,224.9,2,7.8,D,Septiembre,271.1,normal
7,131.8,10,3.1,B,Enero,313.3,alto
1,200.7,6,6.0,C,Noviembre,311.2,alto
6,163.0,9,10.3,B,Marzo,391.5,alto
2,107.5,12,5.0,B,Noviembre,281.7,normal
1,106.6,8,9.9,C,Marzo,319.4,alto
4,264.9,10,3.3,C,Mayo,343.8,alto
3,210.2,8,6.9,C,Diciembre,359.0,alto
7,99.2,13,1.5,C,Diciembre,344.9,alto
2,263.8,11,4.0,B,Julio,317.3,alto
4,68.0,4,10.0,C,Abril,341.1,alto
6,,12,10.7,D,Diciembre,511.6,alto
6,38.9,8,8.8,D,Diciembre,335.4,alto
1,97.4,7,5.5,C,Octubre,236.3,normal
4,72.1,12,10.4,D,Diciembre,345.9,alto
7,201.9,7,7.2,C,Junio,370.7,alto
4,101.0,8,2.2,C,Mayo,238.9,normal
5,189.7,10,10.2,D,Octubre,416.7,alto
6,228.5,3,1.4,D,Noviembre,246.0,normal
2,296.5,10,3.4,C,Mayo,317.6,alto
4,208.1,5,7.3,C,Diciembre,316.5,alto
7,42.9,5,4.1,B,Enero,316.5,alto
7,291.8,12,0.0,C,Mayo,350.5,alto
7,67.2,4,1.9,C,Mayo,244.9,normal
6,297.8,3,9.3,D,Abril,430.9,alto
1,116.2,8,6.1,C,Junio,266.5,normal
2,64.7,3,2.3,C,Enero,178.4,normal
3,163.3,8,1.8,D,Abril,213.5,normal
1,56.0,8,4.9,C,Abril,223.3,normal
4,48.8,4,8.6,C,Octubre,273.6,normal
4,42.7,5,10.0,D,Septiembre,275.4,normal
3,283.7,11,10.7,C,Diciembre,489.7,alto
7,158.7,11,1.4,A,Julio,349.8,alto
7,36.6,7,2.3,B,Febrero,240.3,normal
6,,5,6.8,C,Agosto,387.5,alto
1,,9,11.8,D,Noviembre,365.4,alto
7,,14,3.8,B,Noviembre,339.6,alto
6,155.7,2,12.0,C,Junio,4490.503311160699,alto
5,259.4,9,8.0,C,Mayo,411.5,alto
2,152.4,2,10.7,D,Octubre,279.0,normal
7,61.8,13,11.0,D,Agosto,429.2,alto
1,,10,5.8,B,Enero,274.1,normal
7,99.3,11,10.5,C,Septiembre,470.7,alto
7,100.4,9,4.8,B,Febrero,380.0,alto
2,,12,3.8,B,Noviembre,328.1,alto
4,285.4,8,9.9,A,Febrero,472.6,alto
1,199.3,9,5.3,C,Junio,284.5,normal
5,119.3,3,0.6,C,Junio,222.5,normal
4,104.1,4,1.4,C,Septiembre,153.9,normal
6,208.7,5,0.1,B,Diciembre,278.9,normal
4,55.8,14,9.3,C,Noviembre,362.7,alto
4,54.7,4,2.5,D,Mayo,189.4,normal
6,76.4,10,6.7,C,Septiembre,354.1,alto
2,286.9,7,0.2,C,Julio,233.1,normal
4,207.3,13,10.8,A,Julio,503.4,alto
7,219.2,14,0.1,C,Enero,378.7,alto
7,147.0,9,11.1,D,Mayo,479.3,alto
3,151.6,8,8.9,B,Marzo,324.1,alto
6,182.1,13,9.3,c,Mayo,4648.424262089562,alto
5,76.2,6,8.7,B,Abril,340.3,alto
4,72.0,7,4.8,A,Agosto,261.2,normal
5,200.7,2,5.2,A,Abril,309.1,alto
4,95.9,9,5.2,B,Mayo,296.9,normal
5,,14,5.0,B,Octubre,355.9,alto
6,62.0,14,4.4,C,Septiembre,331.1,alto
4,202.2,2,3.3,D,Julio,260.4,normal
6,51.0,4,11.3,D,Agosto,352.6,alto
1,288.9,6,4.9,D,Agosto,308.7,alto
6,74.0,14,4.3,D,Octubre,343.2,alto
7,240.6,7,6.9,C,Noviembre,429.4,alto
3,194.1,3,11.6,C,Abril,388.4,alto
3,63.3,9,8.0,B,Marzo,284.9,normal
5,214.1,3,7.0,A,Enero,340.3,alto
7,89.2,7,4.0,A,Octubre,332.4,alto
1,196.1,12,3.5,D,Agosto,268.4,normal
7,103.8,2,,B,Marzo,261.3,normal
6,175.8,13,6.7,D,Noviembre,404.1,alto
7,265.0,6,9.2,C,Marzo,428.2,alto
7,232.9,9,,C,Octubre,426.8,alto
4,197.1,13,5.7,D,Mayo,376.4,alto
2,,12,3.8,B,Noviembre,328.1,alto
7,89.4,3,6.3,C,Agosto,329.2,alto
1,158.3,2,5.2,C,Junio,179.4,normal
5,240.0,9,10.4,D,Noviembre,434.3,alto
6,264.8,6,3.6,D,Enero,323.6,alto
2,119.1,9,5.3,C,Enero,264.4,normal
5,120.8,14,0.3,B,Octubre,288.8,normal
3,247.7,13,0.5,A,Diciembre,282.1,normal
3,271.9,2,2.1,A,Julio,229.1,normal
1,175.5,12,,C,Abril,200.8,normal
1,241.2,12,3.3,C,Agosto,265.3,normal
1,46.7,14,1.0,B,Abril,193.7,normal
3,38.9,13,7.3,D,Enero,333.9,alto
3,193.5,12,10.8,B,Enero,439.5,alto
5,68.8,7,2.9,C,Abril,4046.506829056695,normal
2,234.1,3,10.3,D,Enero,365.0,alto
1,264.9,6,6.3,B,Febrero,301.2,alto
6,101.5,8,10.8,D,Marzo,367.9,alto
5,253.1,11,6.1,B,Abril,438.5,alto
5,213.2,5,3.7,D,Diciembre,298.0,normal
1,271.2,7,5.3,D,Abril,296.6,normal
7,261.4,9,10.7,C,Junio,455.5,alto
4,159.1,2,5.9,C,Mayo,238.9,normal
2,251.6,5,0.5,B,Septiembre,235.0,normal
3,99.0,11,2.3,A,Diciembre,252.7,normal
7,72.1,6,,B,Agosto,381.3,alto
1,253.5,8,4.7,C,Octubre,299.4,normal
6,181.3,12,7.2,C,Agosto,400.5,alto
1,144.0,11,4.8,C,Noviembre,254.7,normal
1,238.2,9,,A,Febrero,379.1,alto
1,262.2,13,5.8,B,Septiembre,366.4,alto
5,136.9,12,8.6,C,Junio,395.1,alto
4,42.9,7,8.9,C,Noviembre,297.5,normal
7,75.8,12,7.7,B,Junio,447.0,alto
6,134.2,13,1.1,A,Junio,351.2,alto
6,193.8,11,9.3,B,Marzo,457.5,alto
7,,2,8.9,C,Agosto,358.4,alto
1,78.3,5,9.8,B,Octubre,305.9,alto
2,178.1,14,3.6,C,Octubre,340.0,alto
7,256.3,14,,B,Marzo,531.3,alto
6,192.7,7,2.4,D,Junio,270.8,normal
6,127.5,13,3.0,C,Agosto,339.6,alto
6,46.8,12,5.0,B,Noviembre,342.4,alto
4,52.9,7,2.6,C,Julio,183.6,normal
1,189.8,13,7.3,D,Septiembre,316.6,alto
3,100.5,11,9.0,B,Mayo,336.3,alto
3,272.5,8,11.5,B,Agosto,459.3,alto
1,165.4,3,,D,Julio,251.1,normal
6,290.7,3,1.1,C,Diciembre,278.4,normal
5,43.6,9,10.2,D,Septiembre,346.5,alto
7,118.8,10,5.9,B,Abril,349.0,alto
2,129.9,6,9.8,C,Junio,337.0,alto
5,86.5,12,12.0,C,Octubre,440.0,alto
1,155.5,9,9.6,D,Octubre,333.4,alto
1,47.1,11,4.5,C,Marzo,224.1,normal
7,276.6,3,0.8,B,Mayo,317.2,alto
7,282.5,10,11.2,C,Noviembre,507.5,alto
2,42.4,13,3.2,A,Mayo,256.3,normal
3,,10,8.2,C,Julio,357.6,alto
5,94.4,6,6.8,D,Septiembre,287.7,normal
1,285.4,10,6.8,D,Febrero,360.9,alto
6,136.2,8,1.8,B,Mayo,296.6,normal
3,287.2,10,5.5,C,Junio,393.6,alto
4,276.3,13,,C,Diciembre,459.2,alto
3,203.3,3,9.6,B,Marzo,314.4,alto
3,239.1,2,8.8,B,Julio,324.9,alto
6,266.6,4,9.8,B,Enero,390.0,alto
4,141.0,4,3.8,D,Enero,235.0,normal
1,275.0,11,4.5,B,Diciembre,357.4,alto
1,101.7,13,1.8,C,Febrero,205.9,normal
3,224.5,10,10.8,C,Abril,403.3,alto
3,208.5,7,3.5,D,Mayo,323.4,alto
7,231.5,10,3.5,d,Noviembre,363.3,alto
6,77.2,2,2.2,C,Agosto,190.4,normal
7,240.9,6,1.6,D,Julio,338.8,alto
2,285.3,12,4.0,C,Diciembre,338.7,alto
3,254.2,10,5.1,B,Marzo,359.9,alto
4,206.7,11,7.1,D,Agosto,376.1,alto
7,199.8,11,10.3,B,Junio,498.1,alto
7,104.7,6,1.4,B,Julio,269.5,normal
6,,4,,B,Noviembre,438.2,alto
5,212.3,11,11.3,D,Enero,470.1,alto
6,,12,0.1,D,Noviembre,269.8,normal
2,37.7,10,4.4,C,Marzo,255.7,normal
2,61.7,3,,D,Enero,142.3,normal
4,67.5,12,,C,Septiembre,280.7,normal
3,139.9,11,6.3,C,Noviembre,298.2,normal
3,89.5,4,10.9,B,Septiembre,3864.2059311765197,alto
7,,3,0.3,B,Enero,313.5,alto
6,299.5,8,8.9,B,Julio,442.1,alto
4,79.2,14,9.0,B,Agosto,385.8,alto
5,208.0,11,6.9,D,Mayo,388.1,alto
6,208.0,12,1.4,C,Septiembre,360.7,alto
2,208.7,10,2.4,D,Agosto,228.8,normal
1,,7,6.6,D,Septiembre,303.3,alto
7,241.0,11,8.2,B,Enero,457.9,alto
2,204.2,8,10.1,C,Abril,349.0,alto
2,170.8,3,9.5,C,Diciembre,298.5,normal
3,124.6,9,1.2,C,Febrero,186.1,normal
7,265.7,14,1.1,B,Enero,416.5,alto
2,112.6,10,7.3,D,Noviembre,288.6,normal
2,79.0,3,2.3,C,Julio,145.3,normal
6,31.5,11,7.9,C,Septiembre,351.5,alto
5,186.6,11,4.3,A,Enero,405.5,alto
6,,3,11.0,B,Junio,370.1,alto
4,,11,10.3,C,Noviembre,426.4,alto
7,156.3,11,2.2,C,Septiembre,343.1,alto
3,130.7,10,,B,Diciembre,254.0,normal
3,80.3,14,7.8,B,Marzo,386.6,alto
7,77.7,14,8.9,C,Enero,436.3,alto
1,81.8,13,5.9,B,Septiembre,271.5,normal
5,180.0,3,11.8,D,Junio,386.1,alto
5,252.7,5,6.8,D,Marzo,359.5,alto
7,268.6,4,3.2,C,Octubre,387.6,alto
2,142.7,13,1.1,C,Abril,265.2,normal
5,278.7,3,4.7,C,Diciembre,342.9,alto
6,241.0,3,2.6,D,Mayo,310.5,alto
3,74.3,12,11.5,A,Abril,386.5,alto
7,195.0,6,4.7,C,Febrero,363.2,alto
7,59.7,4,10.6,C,Julio,360.1,alto
5,68.6,2,9.4,D,Diciembre,311.7,alto
3,258.4,2,10.6,C,Abril,353.4,alto
6,261.8,13,9.7,C,Septiembre,486.4,alto
6,,2,6.4,C,Noviembre,390.2,alto
7,200.4,7,2.6,D,Noviembre,329.3,alto
1,106.3,6,5.0,B,Diciembre,164.6,normal
3,120.4,14,11.2,B,Noviembre,383.8,alto
5,206.5,14,9.9,D,Junio,410.3,alto
6,100.4,13,8.5,D,Abril,442.3,alto
7,199.0,5,9.0,B,Febrero,430.7,alto
3,212.1,4,3.0,C,Junio,236.3,normal
7,96.5,4,5.3,B,Febrero,297.1,normal
6,,4,5.2,C,Octubre,275.3,normal
2,266.5,12,8.1,C,Febrero,387.6,alto
6,126.8,11,6.5,B,Enero,374.1,alto
7,124.6,11,1.8,D,Noviembre,304.3,alto
5,185.5,7,1.9,D,Enero,228.1,normal
7,157.1,5,5.6,D,Agosto,315.3,alto
6,149.8,3,1.6,B,Enero,263.5,normal
6,269.6,3,0.0,a,Agosto,297.3,normal
5,251.3,7,3.2,C,Febrero,340.4,alto
1,55.9,5,9.7,B,Diciembre,276.0,normal
4,35.1,12,4.6,D,Octubre,282.1,normal
3,143.4,6,4.1,D,Abril,236.2,normal
4,258.8,2,4.8,A,Julio,313.1,alto
5,287.9,3,10.2,C,Octubre,427.3,alto
5,56.1,9,10.1,C,Agosto,378.8,alto
1,192.0,12,5.4,C,Octubre,276.9,normal
3,56.8,10,8.8,C,Agosto,340.7,alto
1,134.2,13,0.5,A,Junio,216.1,normal
5,203.4,3,3.8,A,Junio,317.8,alto
1,232.7,2,10.9,A,Enero,352.2,alto
6,189.6,5,4.4,C,Marzo,345.6,alto
6,268.4,10,9.3,B,Agosto,464.9,alto
1,178.6,9,11.8,D,Octubre,354.7,alto
4,32.2,8,7.9,C,Mayo,274.2,normal
1,243.3,9,10.7,B,Abril,355.1,alto
4,276.0,10,8.0,A,Marzo,437.5,alto
6,244.8,10,2.1,D,Febrero,355.2,alto
1,272.7,3,3.2,D,Octubre,202.9,normal
4,,8,9.6,B,Abril,416.6,alto
4,73.8,12,5.6,B,Septiembre,287.0,normal
6,160.7,8,1.9,C,Mayo,300.6,alto
3,198.7,7,3.1,C,Junio,273.8,normal
5,241.4,12,8.4,C,Febrero,425.4,alto
4,99.6,9,1.0,B,Julio,206.1,normal
6,91.4,13,10.2,C,Agosto,435.6,alto
6,230.9,12,1.5,B,Junio,361.8,alto
1,150.6,7,9.7,C,Diciembre,341.4,alto
4,,6,9.3,B,Abril,349.1,alto
3,162.6,13,1.4,c,Noviembre,242.2,normal
5,165.1,6,9.0,C,Mayo,353.3,alto
2,218.8,12,5.6,C,Junio,340.3,alto
4,193.5,13,6.7,D,Marzo,372.1,alto
1,,2,4.0,C,Enero,132.7,normal
4,,3,0.7,B,Noviembre,199.8,normal
5,225.7,9,10.4,B,Diciembre,453.1,alto
7,108.3,10,6.8,B,Abril,379.3,alto
1,220.1,8,,C,Enero,334.6,alto
2,150.0,12,0.4,C,Octubre,213.0,normal
7,64.1,6,2.2,D,Octubre,257.6,normal
2,60.7,10,8.8,D,Febrero,293.3,normal
3,,13,6.0,D,Mayo,329.0,alto
2,260.6,4,11.8,C,Noviembre,368.6,alto
4,209.3,2,2.6,C,Septiembre,256.8,normal
4,95.1,9,,C,Enero,253.9,normal
7,42.0,10,4.3,B,Agosto,366.9,alto
3,102.2,6,4.6,B,Octubre,245.3,normal
1,267.0,3,,D,Noviembre,327.3,alto
6,217.2,14,1.5,a,Junio,384.7,alto
2,166.1,3,,C,Mayo,336.3,alto
3,67.8,13,7.1,B,Agosto,322.6,alto
6,284.8,8,5.4,C,Octubre,386.0,alto
3,,8,7.6,B,Septiembre,359.0,alto
1,,4,3.3,C,Junio,168.3,normal
3,276.6,10,1.2,A,Enero,326.6,alto
4,118.2,10,5.1,C,Julio,315.2,alto
2,132.5,13,7.3,C,Marzo,341.9,alto
1,259.4,8,,C,Julio,405.4,alto
3,43.6,2,1.8,D,Junio,107.4,normal
7,228.9,11,4.1,A,Julio,458.2,alto
3,233.6,2,8.3,B,Marzo,333.1,alto
2,76.6,8,5.3,C,Noviembre,255.8,normal
2,178.5,2,4.1,C,Noviembre,196.3,normal
4,182.8,7,11.5,C,Agosto,436.9,alto
1,126.5,2,6.4,B,Febrero,195.7,normal
3,154.3,5,2.5,C,Noviembre,224.4,normal
1,206.2,5,1.8,A,Julio,194.3,normal
2,39.2,7,9.6,D,Diciembre,238.6,normal
2,244.1,6,4.0,A,Julio,272.5,normal
6,205.3,5,6.2,B,Marzo,359.3,alto
3,116.8,4,7.8,D,Abril,292.1,normal
2,120.4,4,3.8,C,Agosto,205.0,normal
4,215.6,14,,C,Octubre,366.3,alto
3,242.8,2,8.4,A,Septiembre,352.8,alto
2,187.9,12,2.5,D,Junio,268.8,normal
7,61.6,4,11.3,D,Abril,340.4,alto
1,,6,9.6,B,Abril,354.6,alto
2,134.3,6,8.0,B,Enero,290.3,normal
1,66.1,14,11.1,D,Octubre,348.3,alto
3,295.2,11,4.9,C,Marzo,421.4,alto
2,94.7,11,,C,Enero,369.4,alto
4,75.7,4,9.2,C,Julio,289.3,normal
6,123.4,8,2.9,A,Septiembre,325.8,alto
5,269.3,5,9.1,D,Julio,375.2,alto
7,119.9,13,7.1,B,Enero,417.5,alto
2,40.1,11,11.8,C,Enero,371.2,alto
1,,8,,D,Agosto,290.4,normal
7,101.1,14,9.3,B,Mayo,450.7,alto
5,65.6,3,1.9,C,Octubre,196.1,normal
4,135.7,13,1.3,c,Diciembre,249.2,normal
4,153.7,4,6.0,C,Octubre,298.1,normal
6,193.8,9,0.8,D,Enero,297.3,normal
4,274.2,5,11.8,C,Noviembre,427.0,alto
4,228.0,2,6.4,B,Agosto,350.2,alto
3,124.7,10,6.6,B,Marzo,314.0,alto
7,229.2,4,1.8,B,Julio,321.7,alto
3,173.2,9,8.9,C,Agosto,380.2,alto
1,107.7,10,2.7,C,Octubre,213.7,normal
7,145.5,12,0.5,C,Octubre,325.8,alto
4,239.4,2,5.0,B,Julio,274.9,normal
7,129.5,12,,A,Marzo,374.6,alto
7,195.0,8,1.1,A,Febrero,334.7,alto
2,203.2,7,5.8,C,Abril,298.7,normal
5,124.4,3,1.2,C,Noviembre,176.9,normal
6,162.5,12,,C,Febrero,353.9,alto
4,113.3,14,11.6,D,Septiembre,430.9,alto
7,36.9,7,5.5,C,Diciembre,328.6,alto
3,280.3,7,3.7,C,Enero,321.5,alto
1,,12,0.9,D,Noviembre,293.7,normal
7,109.9,3,2.9,A,Julio,298.6,normal
4,,7,7.9,D,Junio,331.8,alto
1,179.4,6,11.2,D,Agosto,339.3,alto
2,88.3,6,10.2,C,Junio,339.6,alto
1,172.8,10,1.5,C,Octubre,221.8,normal
5,72.0,10,,A,Agosto,227.7,normal
1,69.6,11,4.0,A,Octubre,254.7,normal
2,147.2,5,9.8,D,Mayo,303.2,alto
1,230.3,9,7.3,C,Enero,359.8,alto
7,57.4,10,1.0,B,Noviembre,318.7,alto
6,286.4,6,9.6,D,Septiembre,425.5,alto
7,121.7,8,3.7,C,Octubre,338.4,alto
4,291.1,12,0.6,D,Mayo,362.9,alto
2,227.1,13,3.8,B,Abril,343.4,alto
3,82.6,8,6.3,C,Junio,288.2,normal
3,175.9,6,1.7,D,Octubre,239.6,normal
4,247.2,14,0.0,A,Febrero,316.5,alto
5,,2,,C,Marzo,334.4,alto
3,278.1,6,4.1,A,Mayo,334.2,alto
7,297.3,13,4.2,B,Junio,470.8,alto
2,90.8,2,1.2,B,Junio,113.0,normal
1,80.9,3,7.3,C,Junio,240.2,normal
1,227.1,14,3.3,B,Febrero,325.5,alto
4,219.4,11,0.2,B,Septiembre,296.5,normal
2,130.2,13,9.4,C,Junio,381.9,alto
6,139.0,5,4.8,B,Abril,331.9,alto
5,96.8,14,6.2,A,Junio,368.9,alto
1,262.0,12,10.4,C,Agosto,404.2,alto
2,66.9,4,,C,Octubre,260.4,normal
3,199.8,5,1.6,B,Julio,218.4,normal
7,266.3,7,8.2,D,Diciembre,442.7,alto
1,87.3,14,0.8,D,Enero,184.4,normal
3,253.4,6,8.4,D,Julio,384.2,alto
5,54.0,3,3.9,C,Febrero,210.9,normal
6,32.1,13,,C,Septiembre,278.6,normal
2,203.5,13,9.1,B,Julio,429.4,alto
4,72.0,11,2.0,C,Diciembre,260.2,normal
1,206.0,5,0.2,B,Julio,4519.758018131422,normal
7,75.0,6,6.3,C,Diciembre,380.5,alto
4,41.0,12,1.9,C,Abril,266.5,normal
6,104.9,3,0.8,D,Julio,196.1,normal
5,,12,,B,Junio,382.5,alto
4,163.2,12,3.9,C,Diciembre,306.7,alto
6,238.4,11,3.6,A,Julio,370.8,alto
1,242.4,2,11.3,D,Enero,329.6,alto
7,101.1,11,0.6,C,Noviembre,295.4,normal
2,49.6,5,7.6,A,Octubre,248.3,normal
3,191.2,5,3.7,C,Octubre,253.0,normal
3,148.8,10,,C,Agosto,356.9,alto
1,279.7,12,8.9,A,Septiembre,394.7,alto
4,155.0,5,3.1,A,Agosto,261.1,normal
2,58.7,4,5.6,D,Julio,234.6,normal
5,278.1,3,1.8,C,Agosto,263.6,normal
3,299.9,11,7.0,C,Abril,430.5,alto
4,33.6,11,10.4,C,Agosto,401.0,alto
4,189.8,3,0.2,B,Septiembre,203.5,normal
1,177.1,14,2.2,C,Septiembre,284.0,normal
4,32.1,12,10.8,C,Abril,394.7,alto
3,275.3,5,6.3,A,Agosto,374.4,alto
5,52.3,8,7.2,D,Agosto,313.0,alto
4,248.0,14,11.1,A,Julio,469.1,alto
6,256.4,4,5.5,D,Junio,311.8,alto
1,84.6,2,0.8,C,Julio,83.8,bajo
2,108.3,3,7.8,D,Enero,268.8,normal
6,197.8,3,2.2,C,Mayo,281.9,normal
7,64.4,6,0.4,B,Noviembre,265.7,normal
3,124.8,12,5.5,D,Febrero,301.3,alto
2,157.5,8,5.4,C,Febrero,274.9,normal
5,40.4,6,3.9,B,Junio,280.7,normal
5,238.5,7,6.3,D,Noviembre,2998.3808953600096,alto
4,168.4,5,8.2,D,Julio,328.7,alto
3,92.6,12,0.1,B,Septiembre,252.0,normal
6,197.0,10,6.2,D,Mayo,368.2,alto
2,114.6,12,3.7,B,Mayo,283.3,normal
3,,7,10.6,C,Agosto,369.8,alto
4,211.5,6,0.2,B,Julio,226.1,normal
5,265.4,6,9.8,D,Agosto,422.6,alto
7,129.5,9,1.9,B,Septiembre,320.0,alto
7,249.7,6,9.9,D,Diciembre,452.7,alto
1,261.5,13,4.6,A,Junio,322.2,alto
6,45.1,7,9.9,C,Junio,343.7,alto
1,117.9,7,8.3,C,Diciembre,311.3,alto
4,82.4,5,8.7,D,Enero,296.7,normal
3,,9,8.1,B,Diciembre,368.6,alto
5,278.8,5,4.0,A,Enero,317.9,alto
2,280.2,8,3.2,D,Octubre,264.6,normal
2,161.5,3,2.5,C,Abril,232.2,normal
5,,12,3.0,C,Diciembre,310.8,alto
5,,9,1.9,C,Mayo,170.0,normal
3,280.2,14,5.4,C,Mayo,398.2,alto
3,227.5,4,4.2,A,Febrero,309.9,alto
6,165.8,8,8.5,B,Noviembre,412.2,alto
2,36.1,4,3.0,C,Marzo,185.3,normal
3,,6,8.5,D,Octubre,304.5,alto
5,109.4,10,2.2,B,Noviembre,275.0,normal
2,95.1,10,2.9,A,Noviembre,235.5,normal
4,122.7,12,8.2,C,Septiembre,374.4,alto
1,31.9,5,4.8,D,Enero,163.8,normal
6,286.6,5,7.7,C,Noviembre,409.8,alto
2,223.0,8,4.9,C,Mayo,281.6,normal
7,120.5,5,4.4,D,Julio,295.9,normal
5,78.6,14,1.1,D,Marzo,248.7,normal
2,104.0,6,0.5,A,Octubre,136.2,normal
5,74.0,13,4.3,D,Enero,310.7,alto
6,194.9,10,11.1,D,Julio,471.5,alto
2,,8,11.9,C,Diciembre,355.9,alto
3,211.5,2,8.5,b,Agosto,304.4,alto
1,80.3,9,6.3,D,Abril,232.4,normal
2,265.4,13,3.8,C,Junio,327.8,alto
7,267.6,9,11.8,D,Marzo,509.1,alto
4,130.7,7,8.4,B,Mayo,3373.1411936690124,alto
1,263.1,8,1.7,C,Noviembre,266.5,normal
1,42.5,5,10.8,D,Enero,262.9,normal
3,109.2,4,9.0,D,Febrero,258.9,normal
1,213.6,10,2.1,D,Enero,249.9,normal
7,175.5,10,3.8,C,Junio,340.9,alto
1,176.0,5,5.8,D,Noviembre,254.1,normal
4,69.1,3,0.9,C,Enero,206.2,normal
3,64.4,8,4.7,C,Mayo,269.8,normal
5,103.3,9,4.0,C,Febrero,281.3,normal
1,139.0,14,1.8,C,Febrero,278.8,normal
2,143.0,4,10.9,C,Junio,355.0,alto
7,150.4,7,,A,Julio,413.0,alto
2,289.4,10,7.8,C,Julio,358.5,alto
2,258.5,12,2.5,B,Noviembre,296.3,normal
5,,7,4.7,B,Enero,349.8,alto
2,108.2,12,9.6,C,Julio,333.3,alto
6,244.2,3,3.5,C,Junio,255.8,normal
2,277.3,8,11.7,B,Diciembre,407.2,alto
6,122.4,14,10.7,B,Mayo,478.8,alto
5,232.4,10,1.8,D,Enero,306.7,alto
1,63.7,14,0.1,C,Junio,172.7,normal
7,47.8,3,2.3,D,Noviembre,243.7,normal
3,,2,10.2,C,Agosto,290.6,normal
2,108.6,13,8.7,C,Agosto,345.2,alto
1,153.3,6,8.1,C,Junio,299.6,normal
2,,8,1.6,B,Abril,231.7,normal
1,119.7,6,11.0,A,Junio,289.0,normal
1,45.8,5,1.8,C,Abril,101.7,normal
5,227.7,2,0.8,C,Abril,271.2,normal
7,206.0,14,11.0,A,Enero,520.3,alto
1,190.1,7,0.2,C,Junio,166.7,normal
2,136.2,11,7.7,C,Octubre,319.7,alto
4,82.1,5,3.2,B,Enero,236.8,normal
3,220.2,8,4.4,A,Julio,343.7,alto
3,247.0,5,8.2,C,Agosto,354.5,alto
5,93.3,10,8.5,A,Octubre,4459.478530873824,alto
3,,9,4.4,b,Mayo,329.0,alto
1,162.8,7,8.5,B,Abril,292.4,normal
7,102.1,10,0.0,C,Julio,262.1,normal
5,,10,5.6,c,Enero,338.7,alto
7,118.5,2,10.2,A,Diciembre,399.4,alto
1,184.3,7,8.7,B,Abril,327.7,alto
3,126.8,4,5.0,D,Agosto,220.4,normal
7,216.3,4,3.0,C,Abril,295.2,normal
4,209.5,10,1.2,D,Marzo,258.7,normal
4,71.1,8,11.7,C,Diciembre,390.5,alto
3,279.9,9,8.5,D,Octubre,391.8,alto
4,112.6,14,9.5,B,Diciembre,403.0,alto
1,,2,1.6,A,Junio,3507.297338238909,normal
5,290.1,11,10.1,D,Febrero,452.1,alto
6,67.0,6,7.7,B,Marzo,331.9,alto
2,172.4,12,7.8,B,Mayo,359.1,alto
2,,14,7.1,B,Noviembre,348.7,alto
4,52.4,13,9.7,D,Octubre,353.4,alto
2,216.8,10,8.4,D,Abril,337.7,alto
2,,13,9.0,C,Marzo,333.9,alto
4,,13,10.3,B,Febrero,413.7,alto
3,41.0,12,11.0,D,Mayo,375.0,alto
3,155.6,6,,D,Diciembre,280.2,normal
5,47.3,6,6.3,C,Noviembre,315.4,alto
7,230.0,2,9.6,B,Agosto,418.1,alto
5,125.7,14,11.8,C,Octubre,446.7,alto
7,79.0,12,4.4,C,Febrero,350.1,alto
6,129.3,5,10.0,C,Febrero,386.6,alto
3,69.7,6,5.1,C,Agosto,219.7,normal
4,55.8,3,6.6,C,Diciembre,251.0,normal
7,213.2,7,11.4,C,Septiembre,444.1,alto
7,158.9,4,10.6,B,Julio,410.3,alto
5,111.2,11,2.8,C,Julio,283.0,normal
3,,11,6.0,C,Diciembre,274.5,normal
4,264.9,13,,C,Agosto,350.8,alto
2,108.2,7,9.7,D,Julio,284.8,normal
4,31.0,14,11.0,A,Septiembre,3011.8447944088443,alto
4,134.2,8,0.2,C,Abril,222.5,normal
5,60.4,10,0.7,C,Abril,234.3,normal
3,217.4,9,5.9,C,Octubre,324.9,alto
5,121.3,13,11.1,D,Mayo,427.8,alto
5,116.4,5,10.4,D,Noviembre,339.6,alto
3,,9,4.6,D,Junio,233.6,normal
4,,6,2.0,c,Enero,215.4,normal
6,232.1,2,6.3,C,Febrero,355.6,alto
7,185.5,10,7.8,D,Enero,417.9,alto
5,263.0,9,9.1,A,Agosto,485.3,alto
6,208.7,11,11.4,C,Marzo,489.4,alto
1,187.3,14,10.0,C,Agosto,395.8,alto
7,87.6,12,3.5,D,Abril,302.2,alto
1,140.9,2,3.0,D,Abril,171.4,normal
4,164.6,3,11.6,C,Enero,334.8,alto
6,280.2,2,2.0,C,Enero,312.6,alto
1,227.1,4,,D,Marzo,228.2,normal
6,,6,4.1,D,Noviembre,361.2,alto
7,172.9,14,,C,Octubre,377.9,alto
3,102.0,13,3.3,D,Febrero,306.1,alto
3,91.3,14,1.3,B,Marzo,262.9,normal
4,65.4,14,6.3,C,Diciembre,358.7,alto
1,211.5,5,10.9,C,Septiembre,329.3,alto
2,79.3,13,1.2,C,Noviembre,219.6,normal
7,265.6,5,5.6,C,Julio,349.8,alto
1,157.4,12,5.3,C,Agosto,287.1,normal
3,144.6,2,2.8,B,Diciembre,226.6,normal
5,259.6,5,2.5,D,Septiembre,318.5,alto
3,40.7,10,0.4,C,Mayo,192.4,normal
3,265.7,14,5.8,C,Julio,399.7,alto
5,289.5,12,11.6,D,Febrero,486.4,alto
6,113.0,3,8.5,B,Marzo,349.0,alto
5,159.3,2,4.0,C,Octubre,233.8,normal
4,120.9,8,8.7,C,Diciembre,362.6,alto
1,216.4,4,9.9,C,Julio,344.8,alto
7,211.8,12,8.2,C,Octubre,477.1,alto
6,160.9,11,10.7,B,Julio,472.2,alto
3,296.7,10,5.5,D,Julio,344.6,alto
6,132.9,5,11.4,B,Noviembre,409.4,alto
4,88.3,5,6.6,C,Enero,282.7,normal
6,209.8,2,0.9,C,Febrero,284.0,normal
3,161.1,3,,C,Mayo,231.9,normal
6,138.9,10,7.6,B,Agosto,420.6,alto
7,189.1,8,,D,Marzo,358.6,alto
7,296.3,14,1.5,C,Noviembre,398.4,alto
3,67.3,13,6.3,D,Junio,289.4,normal
5,195.3,6,8.2,C,Febrero,371.3,alto
6,55.5,12,,B,Diciembre,308.2,alto
3,177.7,14,1.1,C,Noviembre,305.0,alto
7,54.1,11,5.0,D,Febrero,332.8,alto
6,,2,8.8,D,Septiembre,389.7,alto
3,126.7,2,3.3,A,Octubre,217.3,normal
5,286.7,13,8.0,A,Julio,476.8,alto
2,270.5,13,3.6,C,Abril,315.0,alto
7,288.0,6,6.5,D,Febrero,409.7,alto
3,193.5,5,2.7,A,Enero,224.4,normal
1,153.6,7,10.3,D,Enero,332.6,alto
2,214.2,9,6.4,B,Diciembre,308.9,alto
5,238.7,14,11.8,A,Julio,513.3,alto
4,279.5,6,5.8,D,Mayo,347.3,alto
6,,5,,A,Noviembre,409.7,alto
1,51.1,12,0.8,B,Noviembre,176.6,normal
1,,14,3.5,B,Septiembre,285.9,normal
3,269.6,14,11.0,B,Noviembre,472.5,alto
2,158.6,14,6.6,C,Octubre,346.7,alto
3,284.2,8,,A,Noviembre,348.7,alto
4,161.7,6,10.7,B,Julio,408.9,alto
5,174.8,11,4.5,C,Noviembre,332.3,alto
3,123.6,8,5.8,C,Diciembre,302.8,alto
5,85.2,5,2.7,D,Noviembre,227.4,normal
7,200.9,9,1.3,C,Octubre,328.6,alto
6,236.2,8,4.9,C,Julio,385.5,alto
5,79.0,4,1.7,B,Octubre,193.7,normal
5,85.5,13,12.0,C,Septiembre,425.3,alto
5,233.1,6,1.0,C,Noviembre,309.9,alto
3,150.4,11,1.6,D,Agosto,228.6,normal
6,200.1,8,6.6,D,Junio,403.8,alto
2,226.2,7,2.4,C,Febrero,246.5,normal
4,131.1,6,5.0,A,Mayo,311.7,alto
4,,13,3.9,B,Julio,370.3,alto
2,263.4,2,8.3,A,Marzo,327.7,alto
3,186.4,6,7.0,C,Septiembre,343.5,alto
3,189.9,3,5.6,D,Octubre,250.1,normal
5,,8,11.1,D,Noviembre,421.3,alto
3,97.2,10,10.4,D,Mayo,344.1,alto
6,36.2,7,9.7,B,Diciembre,323.6,alto
3,165.1,4,,D,Agosto,288.2,normal
1,269.9,8,1.0,C,Enero,242.9,normal
2,,2,0.6,C,Octubre,116.3,normal
7,193.5,7,3.0,B,Agosto,352.5,alto
2,162.1,10,0.7,D,Enero,174.5,normal
5,70.4,5,3.6,C,Julio,248.7,normal
6,130.9,4,1.4,C,Diciembre,226.1,normal
5,279.1,8,3.2,C,Noviembre,345.6,alto
7,54.8,10,9.3,C,Septiembre,411.9,alto
2,53.6,10,11.3,C,Octubre,339.3,alto
3,162.8,8,9.2,D,Noviembre,354.7,alto
2,90.8,10,4.1,D,Septiembre,250.2,normal
7,247.2,6,11.5,C,Mayo,471.2,alto
3,68.0,4,8.2,B,Marzo,269.5,normal
4,125.7,7,3.5,B,Junio,251.6,normal
6,290.5,10,0.2,C,Julio,324.4,alto
1,81.5,9,5.9,C,Noviembre,207.9,normal
3,241.8,9,9.3,C,Septiembre,393.2,alto
2,,2,11.9,D,Mayo,282.4,normal
5,261.2,5,9.8,A,Diciembre,415.6,alto
1,72.1,3,6.3,C,Mayo,186.1,normal
3,59.5,4,10.3,C,Julio,270.2,normal
2,244.9,9,4.6,B,Febrero,317.4,alto
1,,6,5.2,D,Septiembre,205.8,normal
7,165.0,3,4.8,D,Diciembre,280.8,normal
2,234.4,9,0.8,C,Septiembre,238.7,normal
7,,13,1.0,D,Enero,407.4,alto
6,225.9,4,2.8,A,Diciembre,307.9,alto
2,178.9,2,4.9,A,Mayo,245.0,normal
1,204.6,3,8.2,C,Enero,261.6,normal
7,112.2,5,2.7,B,Abril,265.3,normal
5,61.1,5,6.5,B,Marzo,289.2,normal
3,,7,10.6,C,Agosto,369.8,alto
3,153.5,10,0.5,D,Enero,253.2,normal
7,202.7,11,11.1,A,Enero,513.2,alto
1,128.8,10,0.3,D,Octubre,149.6,normal
2,297.4,14,0.8,D,Febrero,276.2,normal
1,159.5,6,10.7,A,Septiembre,311.6,alto
2,115.8,6,11.6,D,Diciembre,319.9,alto
7,224.4,11,,B,Agosto,393.9,alto
1,78.7,10,11.8,C,Junio,383.8,alto
7,64.9,7,3.5,C,Septiembre,300.5,alto
1,262.4,6,8.6,C,Febrero,305.4,alto
5,230.1,10,9.4,B,Noviembre,428.4,alto
2,,4,2.8,A,Diciembre,176.2,normal
5,113.8,4,3.1,B,Diciembre,217.2,normal
7,215.1,13,9.2,C,Mayo,465.0,alto
5,165.3,14,11.3,D,Septiembre,474.8,alto
4,231.5,14,1.2,C,Abril,331.8,alto
1,111.0,3,9.3,D,Febrero,231.6,normal
2,103.4,6,0.2,B,Junio,153.0,normal
1,176.0,10,,D,Febrero,263.5,normal
3,107.0,3,11.0,C,Diciembre,318.9,alto
7,116.6,4,11.0,D,Diciembre,399.4,alto
3,118.8,8,1.8,C,Febrero,235.5,normal
3,186.4,14,,C,Agosto,331.9,alto
4,132.0,13,4.3,C,Septiembre,324.9,alto
6,34.6,2,2.6,C,Febrero,181.2,normal
2,176.9,5,6.0,D,Marzo,246.6,normal
3,191.5,13,1.9,C,Marzo,4489.749668836737,alto
6,292.5,5,7.0,C,Julio,416.6,alto
4,30.5,8,,A,Enero,191.2,normal
4,222.5,14,,C,Diciembre,461.5,alto
2,267.3,13,8.6,D,Enero,417.8,alto
4,197.6,11,6.4,C,Septiembre,352.4,alto
1,286.4,14,7.9,C,Octubre,382.2,alto
6,179.4,6,,D,Enero,273.9,normal
4,151.8,14,3.7,C,Marzo,324.1,alto
3,105.2,3,0.1,D,Febrero,213.3,normal
1,244.5,13,8.9,D,Abril,361.7,alto
1,127.1,8,0.4,C,Agosto,149.6,normal
3,218.7,3,9.8,B,Mayo,311.5,alto
4,37.5,4,8.4,C,Diciembre,284.6,normal
7,122.1,8,1.5,A,Junio,306.6,alto
3,205.0,3,1.6,D,Abril,2704.3200527431313,normal
4,289.0,4,1.5,C,Abril,282.5,normal
1,47.2,12,7.1,A,Agosto,306.7,alto
7,242.2,8,2.4,C,Abril,321.3,alto
7,135.6,8,9.1,C,Octubre,418.8,alto
1,220.4,4,10.7,C,Abril,289.8,normal
3,104.2,4,9.5,C,Abril,300.2,alto
1,185.2,13,4.9,B,Diciembre,308.7,alto
3,,7,2.9,C,Febrero,245.3,normal
3,293.1,13,3.2,D,Diciembre,352.2,alto
4,119.9,14,8.1,D,Agosto,354.1,alto
2,261.7,9,,B,Mayo,282.3,normal
4,37.0,7,8.8,c,Mayo,311.4,alto
7,116.4,11,4.6,B,Agosto,370.7,alto
4,147.0,9,,B,Diciembre,289.0,normal
5,98.2,9,8.1,C,Abril,354.7,alto
6,125.2,4,6.0,D,Febrero,342.1,alto
2,177.6,4,9.7,C,Noviembre,294.6,normal
2,,12,8.6,C,Junio,401.6,alto
4,132.3,6,11.3,B,Septiembre,400.7,alto
1,198.9,2,2.0,C,Febrero,158.3,normal
6,45.5,6,0.2,C,Junio,208.7,normal
4,156.3,10,10.9,C,Febrero,363.7,alto
1,234.7,14,0.5,B,Septiembre,239.3,normal
7,273.9,13,,C,Octubre,493.6,alto
3,101.2,11,8.8,A,Diciembre,355.4,alto
7,73.6,4,4.4,D,Octubre,287.8,normal
1,126.9,13,2.8,D,Enero,234.5,normal
4,42.2,3,11.6,B,Julio,315.2,alto
3,190.9,12,5.5,C,Enero,353.5,alto
2,,3,5.4,C,Enero,292.4,normal
5,182.5,14,4.8,B,Septiembre,355.6,alto
5,120.4,4,,c,Agosto,219.9,normal
5,191.5,10,1.9,B,Noviembre,309.2,alto
3,202.6,7,3.1,D,Diciembre,211.1,normal
2,277.9,5,6.1,B,Julio,309.8,alto
3,189.7,13,11.0,D,Junio,405.5,alto
6,97.7,14,4.9,b,Marzo,376.4,alto
7,234.3,6,8.9,A,Mayo,440.9,alto
4,,13,4.0,B,Octubre,400.3,alto
4,103.7,14,7.4,A,Diciembre,358.6,alto
1,140.9,3,11.4,D,Mayo,286.9,normal
6,146.6,12,3.5,C,Noviembre,364.9,alto
4,143.5,5,5.7,B,Diciembre,278.3,normal
7,72.6,8,7.3,C,Febrero,362.8,alto
3,,9,4.4,B,Julio,285.7,normal
1,226.3,10,8.8,A,Noviembre,366.5,alto
4,190.5,7,7.6,C,Septiembre,348.6,alto
7,193.6,14,8.2,C,Febrero,480.8,alto
4,183.4,6,1.0,A,Noviembre,257.7,normal
2,267.6,6,3.1,D,Julio,251.2,normal
4,156.2,2,0.6,C,Febrero,2950.9316156932387,normal
1,229.3,12,0.8,C,Noviembre,4546.404534920536,normal
5,75.0,8,4.2,C,Febrero,309.3,alto
7,33.3,11,,C,Julio,441.2,alto
6,171.7,13,4.1,D,Diciembre,392.0,alto
6,76.3,6,9.5,C,Junio,398.2,alto
4,67.1,10,0.9,C,Febrero,234.9,normal
7,275.1,10,3.1,A,Junio,455.1,alto
4,31.9,10,7.5,B,Febrero,320.4,alto
6,272.3,10,8.1,D,Agosto,440.7,alto
3,273.2,11,3.9,B,Septiembre,369.3,alto
6,110.3,8,2.0,C,Agosto,246.4,normal
3,62.2,10,0.0,C,Abril,178.9,normal
6,147.3,11,3.1,A,Junio,339.3,alto
3,170.1,4,4.0,D,Septiembre,225.1,normal
2,,8,11.6,B,Abril,418.6,alto
7,215.3,5,1.6,A,Octubre,323.9,alto
2,182.6,2,11.9,C,Julio,363.5,alto
6,62.0,10,4.4,D,Diciembre,320.7,alto
1,277.3,14,5.4,D,Octubre,353.4,alto
3,275.4,4,11.2,A,Junio,397.3,alto
6,265.9,9,8.5,C,Febrero,441.0,alto
6,138.9,4,9.9,B,Noviembre,349.7,alto
3,60.3,5,2.5,A,Septiembre,243.3,normal
4,204.9,11,5.1,D,Agosto,352.1,alto
3,61.3,13,6.1,C,Marzo,305.1,alto
4,105.9,2,6.1,B,Abril,260.4,normal
7,188.2,10,6.7,C,Octubre,429.9,alto
6,85.6,8,11.8,C,Diciembre,387.7,alto
1,96.1,4,10.9,D,Octubre,277.1,normal
6,267.5,4,9.8,B,Julio,420.0,alto
1,133.3,13,7.4,D,Agosto,345.1,alto
3,96.4,10,1.7,C,Agosto,2793.6919909970065,normal
5,,7,11.3,B,Octubre,396.8,alto
6,128.0,14,0.8,B,Noviembre,298.0,normal
1,173.4,8,5.4,C,Marzo,232.4,normal
7,142.8,6,9.2,C,Agosto,409.7,alto
3,213.7,8,4.7,D,Febrero,294.0,normal
6,82.9,6,3.0,C,Enero,284.1,normal
7,259.1,5,11.0,D,Diciembre,454.7,alto
2,224.1,9,1.4,B,Abril,248.8,normal
6,,13,2.7,C,Agosto,392.5,alto
4,82.4,8,11.9,D,Abril,402.2,alto
1,141.0,2,9.3,B,Enero,300.2,alto
2,90.0,14,2.9,C,Junio,266.4,normal
1,66.5,5,0.9,C,Enero,140.1,normal
1,123.7,13,1.1,B,Agosto,3296.8325086726772,normal
7,49.1,8,7.9,C,Marzo,372.7,alto
4,,2,11.8,A,Noviembre,352.0,alto
2,283.4,6,2.8,B,Febrero,278.3,normal
7,179.9,10,4.4,D,Febrero,393.4,alto
5,191.6,10,8.7,C,Marzo,418.0,alto
4,285.9,11,,B,Enero,379.3,alto
2,193.9,5,11.6,D,Septiembre,374.4,alto
4,,6,6.0,D,Noviembre,329.1,alto
2,157.5,12,3.7,B,Julio,302.4,alto
3,291.3,11,7.4,C,Mayo,407.6,alto
4,169.5,12,5.5,B,Marzo,345.5,alto
1,88.8,8,7.5,D,Julio,270.0,normal
4,258.0,6,4.4,B,Diciembre,348.9,alto
6,175.4,7,0.8,C,Octubre,280.5,normal
1,152.2,3,9.2,B,Julio,294.3,normal
4,167.7,3,6.7,D,Abril,312.5,alto
6,204.5,13,7.9,C,Febrero,445.0,alto
7,34.2,5,6.4,D,Enero,305.6,alto
1,36.7,14,,B,Agosto,204.7,normal
5,113.1,13,1.5,B,Septiembre,324.5,alto
7,,12,1.0,C,Enero,328.8,alto
6,264.3,2,4.9,D,Julio,342.3,alto
3,253.3,3,2.9,B,Abril,216.0,normal
6,77.2,8,1.9,D,Enero,238.5,normal
4,35.0,8,,A,Abril,293.9,normal
7,88.4,12,11.9,C,Noviembre,471.9,alto
1,205.4,6,1.3,B,Noviembre,217.7,normal
6,,7,8.7,C,Septiembre,381.4,alto
4,143.4,6,2.5,C,Septiembre,270.1,normal
7,255.5,10,7.6,C,Abril,459.3,alto
4,228.3,7,7.0,B,Noviembre,405.3,alto
5,142.0,3,7.1,D,Septiembre,294.9,normal
7,196.9,6,11.2,D,Octubre,445.0,alto
2,108.0,4,2.0,A,Abril,187.2,normal
2,,2,2.8,C,Agosto,224.6,normal
1,134.4,3,8.1,C,Mayo,258.7,normal
5,152.7,5,0.5,C,Mayo,230.4,normal
5,124.1,13,,D,Mayo,313.1,alto
1,,8,11.4,C,Octubre,344.6,alto
1,286.5,13,7.5,c,Marzo,386.9,alto
1,60.0,4,2.3,B,Enero,146.5,normal
7,193.4,11,,A,Diciembre,482.4,alto
2,213.1,5,3.3,C,Agosto,208.5,normal
6,243.9,6,3.6,D,Diciembre,321.4,alto
4,36.5,14,7.1,C,Agosto,338.7,alto
4,293.1,3,8.6,B,Noviembre,348.2,alto
4,,3,11.2,D,Octubre,354.5,alto
4,30.6,5,5.2,D,Septiembre,236.5,normal
3,,3,1.0,D,Julio,226.3,normal
3,56.3,6,0.1,C,Junio,166.4,normal
4,220.5,5,8.0,D,Julio,337.3,alto
4,216.8,13,6.8,B,Octubre,409.5,alto
2,181.9,4,8.0,C,Noviembre,333.1,alto
5,128.0,12,1.2,C,Mayo,270.8,normal
5,207.5,12,10.8,D,Abril,444.5,alto
6,,11,4.6,A,Junio,342.4,alto
2,39.0,7,3.9,D,Agosto,175.8,normal
7,123.6,12,10.2,D,Noviembre,429.1,alto
7,136.8,9,11.0,A,Octubre,466.7,alto
2,210.8,11,,B,Abril,428.8,alto
4,251.2,12,7.8,B,Agosto,399.2,alto
4,82.5,4,1.3,C,Abril,162.1,normal
7,250.2,7,10.8,A,Noviembre,4051.04504356302,alto
5,168.0,14,3.0,B,Julio,368.6,alto
5,168.3,10,3.7,D,Diciembre,281.1,normal
4,129.0,12,6.8,C,Diciembre,355.5,alto
5,147.0,11,9.8,C,Marzo,389.4,alto
5,163.1,4,9.7,D,Agosto,378.6,alto
5,32.5,7,8.0,C,Octubre,311.6,alto
7,224.3,13,11.8,C,Octubre,535.3,alto
6,,6,1.8,D,Marzo,327.7,alto
4,81.9,6,7.9,C,Enero,295.7,normal
5,216.8,9,10.8,B,Marzo,466.5,alto
1,86.6,10,10.7,B,Octubre,327.3,alto
6,201.9,3,0.5,A,Abril,246.9,normal
4,296.5,10,11.3,C,Enero,444.0,alto
1,138.4,12,7.3,C,Octubre,328.5,alto
2,,11,4.9,C,Febrero,285.7,normal
4,286.2,6,4.4,B,Agosto,346.5,alto
3,125.0,6,10.0,D,Marzo,312.9,alto
2,39.4,9,11.8,D,Mayo,310.8,alto
2,183.1,14,1.3,B,Junio,244.5,normal
7,,3,2.3,C,Febrero,248.9,normal
5,30.3,8,0.6,B,Agosto,237.8,normal
2,202.9,8,8.9,B,Abril,351.2,alto
4,77.2,10,6.4,C,Abril,288.6,normal
4,273.0,11,,C,Abril,3061.558298494688,alto
4,219.3,3,7.5,D,Diciembre,344.4,alto
3,44.5,9,6.7,C,Junio,255.2,normal
1,158.4,9,9.9,C,Septiembre,336.0,alto
1,109.3,3,10.7,B,Abril,284.0,normal
2,246.5,11,3.5,C,Mayo,265.8,normal
3,112.0,2,10.8,C,Marzo,287.0,normal
1,166.4,10,7.0,C,Agosto,279.9,normal
7,104.4,10,8.9,C,Junio,422.5,alto
6,39.0,8,4.1,C,Febrero,266.9,normal
3,,12,,B,Abril,320.8,alto
1,66.1,14,3.1,D,Febrero,218.7,normal
7,141.8,12,8.3,A,Agosto,457.7,alto
5,194.8,8,0.2,C,Marzo,237.3,normal
6,62.2,6,7.1,C,Diciembre,289.1,normal
2,213.4,4,7.8,C,Junio,287.3,normal
1,71.5,11,4.7,D,Agosto,236.1,normal
4,154.7,6,4.4,C,Enero,287.6,normal
5,,10,11.6,D,Julio,434.3,alto
7,136.0,9,5.0,A,Octubre,397.6,alto
1,294.0,4,7.6,c,Abril,292.7,normal
7,54.8,14,5.0,B,Abril,375.8,alto
1,85.6,3,1.6,D,Octubre,130.9,normal
5,287.7,13,2.4,D,Junio,369.4,alto
4,,3,8.6,C,Mayo,328.4,alto
2,102.0,6,9.8,A,Mayo,329.2,alto
2,202.1,4,0.7,C,Agosto,162.1,normal
7,280.9,2,11.6,C,Septiembre,489.2,alto
6,174.6,7,11.1,b,Junio,401.5,alto
5,252.0,3,8.0,C,Febrero,365.9,alto
5,,11,9.3,D,Agosto,398.8,alto
7,,9,8.2,D,Enero,412.7,alto
5,95.9,13,9.5,D,Septiembre,406.2,alto
2,,6,2.9,D,Mayo,228.6,normal
3,143.9,5,1.3,A,Junio,217.3,normal
5,212.1,9,8.2,C,Mayo,400.1,alto
2,106.6,4,5.6,C,Diciembre,234.9,normal
1,279.1,14,0.1,C,Septiembre,304.0,alto
2,236.9,14,8.3,C,Mayo,396.0,alto
5,49.0,9,7.7,C,Diciembre,330.3,alto
2,192.8,13,5.2,B,Febrero,326.5,alto
1,294.5,8,2.3,B,Enero,268.4,normal
3,255.2,4,7.3,B,Abril,347.7,alto
6,88.7,8,0.7,C,Noviembre,255.1,normal
5,260.7,6,11.2,B,Noviembre,457.3,alto
6,94.8,5,,B,Diciembre,243.3,normal
6,164.7,8,1.9,C,Agosto,320.0,alto
1,261.5,5,4.1,D,Mayo,255.2,normal
6,86.6,12,5.7,D,Marzo,355.0,alto
6,49.4,13,8.3,B,Julio,382.1,alto
2,194.3,12,2.6,C,Julio,314.9,alto
4,104.6,10,4.1,B,Marzo,295.6,normal
6,80.9,9,3.2,B,Febrero,289.2,normal
1,195.3,5,9.1,B,Mayo,318.9,alto
6,82.8,3,1.4,B,Febrero,211.2,normal
5,286.1,2,5.8,B,Febrero,360.5,alto
6,249.6,3,2.0,C,Marzo,275.4,normal
4,106.4,10,7.6,C,Febrero,333.1,alto
6,,13,,C,Julio,371.6,alto
6,260.0,11,1.8,D,Enero,363.4,alto
3,181.3,7,11.1,C,Octubre,366.9,alto
6,102.6,7,,D,Noviembre,258.1,normal
5,115.7,13,4.2,A,Diciembre,366.6,alto
5,213.0,5,6.3,B,Diciembre,339.1,alto
2,139.8,14,4.3,B,Julio,303.2,alto
3,153.6,10,6.2,D,Noviembre,323.5,alto
1,,10,11.5,D,Diciembre,407.2,alto
2,278.4,13,11.6,C,Abril,457.6,alto
1,223.1,7,6.7,A,Abril,297.7,normal
4,142.2,12,3.0,C,Diciembre,299.0,normal
2,153.6,11,9.5,B,Julio,355.2,alto
4,40.7,4,9.7,C,Abril,290.6,normal
3,279.0,8,9.9,A,Marzo,424.4,alto
7,84.8,6,11.4,C,Febrero,376.7,alto
1,236.1,8,3.9,A,Febrero,277.4,normal
6,131.7,5,10.3,C,Febrero,400.4,alto
3,60.2,3,6.4,D,Febrero,264.4,normal
5,93.5,5,2.1,B,Diciembre,206.8,normal
1,86.9,14,,A,Mayo,189.4,normal
1,264.6,5,0.2,C,Marzo,220.7,normal
3,122.5,5,7.5,D,Septiembre,245.7,normal
4,,14,9.3,C,Diciembre,497.3,alto
1,88.3,3,11.0,B,Enero,289.7,normal
1,280.6,4,5.0,D,Marzo,263.8,normal
2,295.7,11,,D,Mayo,336.3,alto
4,169.4,11,,C,Mayo,366.6,alto
1,,12,,D,Abril,360.9,alto
1,214.5,8,7.4,D,Mayo,299.0,normal
5,72.9,9,9.1,C,Octubre,308.0,alto
2,47.0,10,7.9,D,Noviembre,288.0,normal
1,230.1,3,0.8,C,Enero,145.4,normal
3,207.9,6,8.2,B,Marzo,349.3,alto
7,106.9,8,2.6,A,Septiembre,342.9,alto
1,168.9,7,8.9,C,Noviembre,316.5,alto
1,121.9,3,6.3,D,Agosto,210.6,normal
2,218.7,4,,C,Mayo,243.7,normal
5,115.6,11,7.2,A,Enero,400.6,alto
7,108.3,5,9.7,C,Abril,377.2,alto
6,92.7,9,6.1,C,Marzo,352.1,alto
1,45.4,2,0.8,C,Septiembre,75.8,bajo
2,173.8,7,0.1,C,Noviembre,181.4,normal
3,193.2,3,2.8,C,Octubre,214.0,normal
1,170.0,13,11.8,A,Noviembre,384.6,alto
6,89.8,11,10.9,C,Junio,443.2,alto
3,63.3,3,11.5,C,Mayo,306.6,alto
7,,10,9.2,C,Junio,405.0,alto
2,296.0,14,5.8,B,Septiembre,369.8,alto
4,38.2,14,3.1,C,Octubre,259.6,normal
3,64.1,2,11.0,D,Octubre,276.7,normal
1,202.2,2,0.3,B,Julio,126.4,normal
5,118.6,13,2.0,D,Febrero,294.6,normal
3,296.1,7,0.5,D,Febrero,243.5,normal
7,30.7,3,4.0,C,Octubre,233.4,normal
6,,13,4.0,B,Marzo,432.9,alto
6,184.3,2,6.7,C,Noviembre,346.6,alto
3,60.1,7,10.7,B,Febrero,340.9,alto
2,38.5,14,7.5,B,Marzo,313.0,alto
1,48.6,12,9.7,C,Marzo,298.2,normal
2,271.4,7,5.4,C,Octubre,311.6,alto
5,41.5,6,7.1,C,Julio,276.3,normal
5,99.2,5,,B,Abril,283.3,normal
5,100.7,8,2.7,A,Mayo,276.1,normal
6,144.9,11,,a,Octubre,331.4,alto
3,196.1,7,0.4,D,Marzo,247.9,normal
1,96.7,3,8.8,B,Junio,270.0,normal
4,250.4,13,6.6,A,Mayo,453.9,alto
5,37.4,8,12.0,B,Marzo,380.9,alto
1,225.3,5,2.0,B,Febrero,176.9,normal
4,106.1,9,10.4,D,Febrero,380.7,alto
2,,6,8.7,B,Febrero,342.3,alto
5,112.4,6,4.5,C,Junio,300.0,normal
4,82.0,14,0.5,C,Marzo,253.1,normal
2,210.0,9,6.9,C,Diciembre,288.6,normal
3,35.0,4,8.1,C,Mayo,254.3,normal
6,49.7,6,10.4,C,Noviembre,389.2,alto
7,111.7,6,11.9,D,Diciembre,436.8,alto
7,165.6,3,4.1,A,Febrero,347.0,alto
2,97.8,8,9.2,B,Junio,315.9,alto
5,276.1,7,1.6,C,Noviembre,310.3,alto
7,163.4,8,2.3,B,Febrero,310.7,alto
2,170.1,6,0.7,C,Noviembre,193.4,normal
4,120.8,10,11.1,C,Septiembre,381.4,alto
6,149.1,3,10.0,B,Noviembre,399.2,alto
3,229.1,4,7.6,B,Julio,314.4,alto
7,186.3,8,5.5,A,Febrero,400.4,alto
6,115.0,5,6.7,C,Septiembre,324.4,alto
3,172.5,6,10.3,B,Febrero,372.9,alto
5,148.0,6,4.2,C,Agosto,272.6,normal
3,240.1,9,2.3,A,Febrero,302.4,alto
1,244.0,6,7.9,C,Enero,301.2,alto
6,227.6,13,10.3,C,Septiembre,511.5,alto
5,261.4,14,9.9,B,Agosto,491.0,alto
5,81.3,13,11.4,A,Diciembre,452.7,alto
5,87.9,10,7.6,D,Octubre,344.8,alto
6,32.4,3,0.1,C,Enero,154.0,normal
6,138.5,13,3.6,B,Enero,362.2,alto
6,81.4,10,7.4,b,Noviembre,352.3,alto
1,277.5,9,6.5,B,Septiembre,343.4,alto
3,262.4,10,4.2,B,Abril,337.3,alto
4,258.0,5,8.2,C,Abril,391.2,alto
5,122.2,7,7.0,C,Diciembre,364.3,alto
6,132.7,2,9.4,B,Septiembre,357.1,alto
4,160.7,14,4.8,C,Febrero,367.4,alto
3,172.4,11,11.1,C,Mayo,409.1,alto
7,,11,,B,Octubre,293.0,normal
3,142.5,12,3.8,B,Junio,315.2,alto
6,225.1,14,0.9,B,Septiembre,356.7,alto
4,130.9,3,9.5,D,Diciembre,331.6,alto
3,148.3,14,6.0,B,Octubre,378.8,alto
6,47.8,6,10.3,B,Abril,356.6,alto
5,124.9,13,7.1,C,Noviembre,372.0,alto
5,65.4,9,8.2,B,Marzo,309.4,alto
1,137.6,14,5.1,A,Abril,304.3,alto
2,290.1,5,3.0,C,Julio,262.7,normal
3,296.0,12,3.0,B,Mayo,355.9,alto
3,298.4,4,10.4,D,Agosto,364.9,alto
2,176.1,9,1.4,C,Septiembre,230.9,normal
1,262.4,6,8.6,B,Junio,345.2,alto
1,182.9,8,6.5,D,Junio,260.8,normal
6,220.0,5,5.1,D,Febrero,332.9,alto
5,67.0,3,2.3,D,Noviembre,188.0,normal
3,176.7,3,9.7,B,Enero,317.1,alto
6,73.4,2,5.3,C,Noviembre,238.0,normal
6,250.3,5,5.2,D,Septiembre,313.7,alto
4,146.2,12,1.2,A,Mayo,294.2,normal
3,291.0,3,0.9,C,Marzo,254.2,normal
6,227.5,11,7.1,A,Mayo,425.4,alto
7,273.0,9,6.1,D,Enero,418.3,alto
4,218.1,8,4.0,C,Febrero,313.2,alto
3,62.0,11,3.6,B,Febrero,241.7,normal
5,240.6,11,2.7,C,Septiembre,378.8,alto
6,69.7,4,,C,Abril,308.6,alto
1,169.7,7,11.7,B,Julio,355.0,alto
5,205.9,11,10.7,A,Agosto,475.5,alto
7,73.3,10,4.6,B,Junio,351.4,alto
6,158.4,4,6.5,B,Mayo,351.9,alto
7,57.3,7,4.9,A,Julio,303.4,alto
4,40.8,9,3.5,C,Enero,254.0,normal
4,237.9,6,3.4,A,Septiembre,318.4,alto
5,148.1,2,1.8,B,Febrero,227.4,normal
2,195.8,4,8.5,D,Noviembre,296.9,normal
3,210.0,7,8.1,A,Junio,369.5,alto
6,289.0,9,10.6,D,Mayo,487.9,alto
5,299.9,2,6.5,C,Diciembre,364.5,alto
6,236.0,10,3.6,b,Enero,387.2,alto
6,268.4,9,5.5,C,Marzo,414.3,alto
1,279.1,2,9.3,D,Octubre,321.7,alto
3,232.5,5,7.4,A,Abril,318.7,alto
4,,4,8.3,C,Octubre,327.2,alto
5,241.7,8,0.5,B,Junio,262.6,normal
4,110.9,10,6.9,A,Julio,333.0,alto
2,101.3,4,0.6,B,Agosto,143.6,normal
4,220.6,4,5.2,C,Noviembre,308.1,alto
7,141.1,10,2.9,C,Enero,323.9,alto
3,229.1,4,3.4,b,Diciembre,242.2,normal
2,,11,11.2,B,Junio,349.9,alto
6,93.6,6,9.8,C,Abril,367.5,alto
6,53.6,11,9.7,B,Octubre,380.2,alto
5,115.6,12,1.4,C,Febrero,267.2,normal
7,246.7,11,0.2,D,Noviembre,339.1,alto
3,159.2,7,6.8,C,Marzo,317.2,alto
3,98.4,5,2.7,D,Enero,234.4,normal
7,158.6,10,0.1,C,Marzo,308.1,alto
2,216.2,4,7.3,C,Marzo,310.3,alto
5,184.8,5,10.3,C,Mayo,420.0,alto
4,286.5,12,8.5,C,Mayo,459.1,alto
1,203.2,6,7.4,C,Noviembre,295.7,normal
4,264.9,7,,A,Marzo,354.8,alto
4,41.3,4,9.6,D,Diciembre,285.6,normal
5,148.2,3,9.1,C,Abril,345.3,alto
2,137.5,12,4.5,D,Septiembre,261.5,normal
7,174.6,14,6.1,B,Agosto,433.4,alto
3,46.5,13,1.9,C,Enero,250.8,normal
4,,4,5.4,C,Octubre,236.5,normal
4,212.6,4,9.5,B,Marzo,365.8,alto
1,44.6,5,1.3,C,Noviembre,120.2,normal
2,235.8,5,6.7,D,Septiembre,296.2,normal
5,133.6,5,9.2,B,Diciembre,366.7,alto
5,,5,1.6,D,Septiembre,235.8,normal
6,,7,11.6,B,Septiembre,455.8,alto
6,200.7,14,0.1,C,Septiembre,324.9,alto
7,113.2,4,11.3,C,Septiembre,407.9,alto
1,50.6,9,9.9,A,Septiembre,329.9,alto
5,130.8,4,2.5,C,Julio,218.9,normal
6,203.8,10,6.4,D,Octubre,363.2,alto
5,230.3,5,3.3,D,Octubre,246.0,normal
7,125.6,4,7.8,C,Marzo,359.5,alto
6,,10,10.2,C,Mayo,383.0,alto
7,47.5,11,,D,Noviembre,275.5,normal
3,,4,,C,Mayo,281.7,normal
6,101.1,12,11.2,D,Junio,439.7,alto
7,95.5,10,,C,Febrero,417.4,alto
7,66.5,9,5.8,B,Octubre,349.7,alto
3,122.9,12,1.8,B,Octubre,249.8,normal
2,149.1,7,0.4,D,Marzo,170.4,normal
7,167.1,14,10.3,C,Diciembre,478.0,alto
6,190.7,14,9.3,A,Noviembre,461.4,alto
2,,14,6.8,A,Mayo,352.2,alto
4,82.2,8,,c,Febrero,394.7,alto
2,88.7,3,,A,Octubre,235.3,normal
3,211.4,5,0.3,C,Febrero,204.0,normal
6,194.5,5,2.7,D,Febrero,316.6,alto
5,192.9,8,1.2,D,Agosto,300.4,alto
4,42.3,7,11.4,A,Agosto,357.1,alto
5,87.3,7,0.8,A,Abril,3338.355630640776,normal
2,75.7,8,7.5,C,Septiembre,284.5,normal
2,244.4,10,4.6,B,Abril,312.3,alto
1,267.6,12,1.2,C,Octubre,317.3,alto
2,63.0,7,6.2,B,Febrero,253.6,normal
4,187.3,2,1.0,B,Octubre,220.3,normal
2,145.1,13,8.4,C,Septiembre,352.1,alto
7,138.3,13,4.1,A,Enero,377.2,alto
4,274.9,9,3.1,D,Septiembre,340.1,alto
6,181.1,10,9.9,C,Febrero,430.2,alto
4,152.1,6,5.2,D,Junio,280.4,normal
5,145.2,3,3.9,D,Febrero,234.3,normal
7,88.6,4,3.2,D,Octubre,253.1,normal
1,183.8,9,10.2,C,Abril,356.9,alto
5,208.9,7,3.6,D,Julio,314.0,alto
5,258.3,6,5.0,B,Enero,349.9,alto
2,,6,4.4,C,Febrero,274.9,normal
4,173.8,7,4.3,D,Febrero,258.1,normal
6,201.7,11,6.6,B,Junio,433.2,alto
6,74.1,3,2.8,D,Abril,223.9,normal
4,,4,11.3,D,Mayo,357.2,alto
4,156.9,11,5.9,C,Noviembre,351.4,alto
3,113.1,8,8.8,C,Marzo,297.4,normal
7,208.2,3,0.2,B,Febrero,244.2,normal
2,100.0,9,4.9,D,Mayo,262.2,normal
3,89.6,11,8.1,C,Diciembre,312.1,alto
7,246.5,5,2.7,D,Marzo,4667.078927789494,alto
7,243.4,12,2.6,C,Junio,4704.4451402993645,alto
1,245.8,3,5.6,B,Febrero,283.1,normal
4,203.9,10,7.3,C,Julio,346.8,alto
5,213.2,11,11.8,B,Mayo,488.2,alto
6,221.4,11,11.4,C,Noviembre,447.0,alto
7,228.5,2,11.3,B,Mayo,429.7,alto
7,263.9,13,1.5,D,Abril,403.9,alto
7,284.7,8,3.0,C,Enero,365.4,alto
6,152.6,2,2.4,D,Mayo,191.8,normal
1,205.2,5,11.2,D,Octubre,328.2,alto
7,251.5,9,4.0,C,Mayo,385.8,alto
7,252.9,4,10.1,B,Febrero,459.9,alto
1,157.1,2,0.8,C,Julio,93.9,bajo
1,138.9,3,2.6,B,Junio,154.5,normal
7,85.9,4,,B,Octubre,347.0,alto
5,174.1,12,5.6,C,Enero,362.6,alto
5,227.2,10,0.2,b,Octubre,321.9,alto
2,81.2,3,3.5,D,Diciembre,151.3,normal
3,86.8,14,1.3,A,Agosto,246.0,normal
1,186.7,12,3.8,C,Noviembre,265.8,normal
1,263.2,3,0.7,C,Febrero,198.7,normal
7,164.9,10,8.7,B,Diciembre,409.1,alto
4,208.7,13,,D,Mayo,298.9,normal
5,248.5,3,11.6,D,Julio,423.5,alto
4,201.8,5,0.2,C,Octubre,254.2,normal
3,49.1,2,7.2,B,Abril,245.5,normal
4,133.2,4,5.9,C,Octubre,271.1,normal
1,259.4,7,8.5,A,Marzo,331.6,alto
2,294.3,14,11.8,A,Octubre,498.1,alto
4,60.5,7,2.9,D,Abril,252.5,normal
6,37.7,10,11.0,D,Diciembre,381.7,alto
2,,14,1.5,D,Octubre,326.6,alto
1,146.5,4,3.0,D,Junio,165.6,normal
4,286.5,6,11.8,d,Julio,423.1,alto
2,152.5,5,4.0,C,Diciembre,239.2,normal
5,,4,7.7,B,Septiembre,396.6,alto
6,299.6,12,10.8,B,Abril,531.5,alto
3,287.7,11,5.0,D,Marzo,356.7,alto
6,65.8,4,6.0,C,Marzo,273.2,normal
5,272.3,7,7.3,C,Abril,431.1,alto
1,157.7,4,4.0,D,Marzo,202.0,normal
4,277.3,10,10.3,C,Febrero,437.6,alto
5,55.7,8,7.4,A,Mayo,336.4,alto
4,228.1,5,6.5,C,Agosto,313.1,alto
5,157.9,13,11.3,C,Febrero,451.0,alto
1,164.6,6,3.0,C,Agosto,194.8,normal
7,,8,5.8,C,Junio,334.8,alto
6,170.8,7,0.9,B,Noviembre,292.8,normal
7,117.4,3,7.3,D,Abril,348.2,alto
1,,4,10.1,C,Diciembre,300.4,alto
5,156.1,14,3.6,C,Febrero,358.7,alto
4,219.4,6,,C,Octubre,402.7,alto
2,,2,5.5,C,Noviembre,269.8,normal
1,211.9,14,3.2,C,Noviembre,312.7,alto
6,,9,6.8,A,Junio,389.9,alto
2,176.3,4,,C,Octubre,245.8,normal
4,131.8,14,2.2,C,Febrero,304.0,alto
4,145.1,9,6.2,B,Abril,333.3,alto
3,126.4,2,,D,Febrero,269.8,normal
5,220.6,13,6.8,B,Septiembre,427.2,alto
7,140.4,8,,B,Septiembre,219.5,normal
1,130.6,6,0.7,C,Diciembre,164.0,normal
7,,11,8.8,A,Mayo,489.5,alto
6,,6,,B,Julio,330.5,alto
2,241.8,10,5.0,D,Marzo,309.5,alto
3,75.8,12,8.2,B,Diciembre,312.9,alto
3,198.0,9,5.3,B,Febrero,321.4,alto
7,61.1,6,1.6,C,Mayo,266.7,normal
2,182.9,7,1.5,B,Julio,231.8,normal
1,,13,8.6,C,Mayo,388.8,alto
3,82.2,7,3.6,C,Abril,239.7,normal
6,186.1,5,2.5,A,Septiembre,302.1,alto
4,207.2,10,7.4,B,Marzo,368.5,alto
1,166.3,13,1.8,D,Agosto,206.8,normal
5,56.8,7,9.6,B,Mayo,336.7,alto
3,204.9,12,3.2,D,Mayo,267.1,normal
7,106.5,8,1.6,D,Noviembre,269.8,normal
4,75.5,7,1.8,B,Agosto,207.2,normal
5,,14,11.3,C,Marzo,412.6,alto
6,198.6,4,5.8,A,Enero,333.6,alto
1,126.8,11,9.5,D,Marzo,317.6,alto
7,203.7,11,5.8,D,Enero,387.9,alto
6,132.9,12,9.6,D,Octubre,452.2,alto
7,141.0,9,,A,Septiembre,423.9,alto
4,226.0,6,1.4,D,Abril,289.6,normal
3,226.7,8,11.4,B,Enero,411.3,alto
6,53.8,8,4.5,C,Noviembre,343.0,alto
7,92.1,2,4.4,B,Agosto,323.5,alto
3,275.7,8,9.5,B,Abril,415.9,alto
4,46.5,12,7.2,A,Febrero,364.3,alto
2,92.4,8,10.4,C,Octubre,344.1,alto
6,90.2,3,2.7,D,Abril,231.8,normal
3,128.6,8,5.8,D,Enero,269.9,normal
7,176.8,2,8.9,D,Febrero,369.5,alto
5,234.5,6,10.0,D,Noviembre,396.9,alto
4,286.4,8,0.4,C,Septiembre,299.7,normal
2,201.6,8,,B,Marzo,336.4,alto
6,82.6,5,10.4,D,Enero,379.6,alto
4,90.0,13,0.4,D,Diciembre,229.5,normal
6,273.4,10,5.3,B,Marzo,3961.8562842738106,alto
3,50.9,8,,D,Junio,307.4,alto
3,168.5,9,10.5,D,Agosto,378.0,alto
6,256.4,3,4.7,D,Diciembre,351.3,alto
2,37.4,4,10.7,C,Agosto,276.8,normal
4,295.9,14,10.6,A,Marzo,502.1,alto
3,91.3,6,0.9,C,Julio,190.1,normal
5,66.0,9,11.2,D,Mayo,358.5,alto
2,89.4,4,2.9,C,Junio,157.9,normal
2,,4,6.4,C,Septiembre,205.7,normal
1,159.2,5,1.7,D,Diciembre,180.8,normal
3,174.3,2,5.1,B,Septiembre,271.1,normal
1,,8,0.2,D,Agosto,208.8,normal
7,53.1,9,4.1,B,Enero,330.6,alto
5,59.3,10,2.2,C,Diciembre,260.9,normal
3,273.2,7,0.9,d,Enero,287.3,normal
1,257.6,10,2.9,A,Julio,264.4,normal
1,272.7,5,4.2,C,Octubre,280.2,normal
2,204.4,9,7.6,B,Diciembre,357.7,alto
7,242.5,11,10.1,B,Septiembre,508.9,alto
7,42.5,3,2.7,C,Junio,250.0,normal
7,30.7,2,4.7,A,Diciembre,289.1,normal
1,199.9,4,4.5,D,Julio,194.2,normal
6,285.8,14,6.9,D,Noviembre,479.8,alto
3,267.5,7,,D,Octubre,307.9,alto
1,34.3,6,4.1,D,Enero,158.4,normal
5,136.5,9,3.5,D,Enero,286.1,normal
1,94.3,2,5.9,C,Agosto,212.7,normal
2,207.1,14,11.9,D,Febrero,383.0,alto
4,174.9,6,10.8,C,Octubre,409.1,alto
4,206.1,8,6.4,C,Enero,346.5,alto
2,168.8,7,4.4,C,Octubre,279.9,normal
2,231.7,13,9.1,D,Junio,398.9,alto
2,119.0,12,7.1,C,Marzo,326.1,alto
6,196.0,7,,c,Noviembre,433.4,alto
3,241.7,4,11.8,C,Diciembre,382.2,alto
5,,4,,C,Junio,303.9,alto
6,265.8,13,4.4,B,Mayo,413.4,alto
6,293.6,13,7.0,C,Septiembre,420.7,alto
1,220.9,6,2.5,C,Junio,211.7,normal
6,92.0,2,1.5,D,Octubre,236.1,normal
4,113.7,11,1.4,C,Abril,252.1,normal
6,35.0,7,2.4,B,Noviembre,255.1,normal
4,240.6,8,7.8,D,Julio,2935.2098322926813,alto
6,,7,9.6,A,Agosto,460.6,alto
1,,14,6.8,D,Agosto,287.1,normal
1,280.9,5,0.9,A,Abril,234.0,normal
7,143.8,5,,C,Mayo,271.6,normal
2,259.9,4,4.5,D,Septiembre,255.0,normal
4,290.6,13,11.3,C,Noviembre,503.6,alto
1,244.8,3,,B,Noviembre,172.0,normal
5,212.6,12,4.7,B,Marzo,395.3,alto
7,188.8,5,10.1,C,Junio,402.4,alto
1,243.7,6,4.2,B,Mayo,299.7,normal
5,141.2,11,6.9,B,Mayo,401.6,alto
3,,2,9.2,B,Febrero,252.0,normal
5,65.1,14,7.8,C,Abril,395.8,alto
4,265.5,6,9.4,B,Mayo,380.9,alto
3,216.3,4,4.1,C,Septiembre,256.0,normal
1,,9,0.5,C,Junio,206.5,normal
7,,4,7.2,D,Septiembre,2946.1473757918143,alto
1,161.4,9,6.6,A,Noviembre,271.1,normal
4,160.1,5,3.0,C,Enero,272.2,normal
7,267.4,8,,C,Noviembre,358.3,alto
6,214.9,3,5.3,A,Octubre,374.1,alto
4,126.1,3,5.3,A,Agosto,269.5,normal
3,126.7,3,11.3,C,Noviembre,339.5,alto
3,203.6,9,4.3,D,Octubre,281.3,normal
1,283.9,2,9.9,C,Diciembre,331.5,alto
4,40.1,13,7.8,C,Mayo,308.7,alto
6,54.5,6,11.6,C,Septiembre,384.1,alto
6,118.4,6,1.5,B,Noviembre,240.7,normal
7,207.3,9,9.0,D,Febrero,459.9,alto
3,195.2,5,2.5,A,Junio,243.6,normal
6,232.2,10,6.1,C,Enero,406.9,alto
4,214.8,2,8.9,C,Agosto,360.1,alto
6,,3,5.6,B,Marzo,324.9,alto
7,,14,10.4,A,Abril,479.7,alto
2,244.5,2,2.5,D,Marzo,196.8,normal
2,299.8,14,6.4,C,Mayo,352.2,alto
6,127.7,5,10.7,C,Diciembre,396.2,alto
5,183.8,4,7.4,C,Noviembre,353.5,alto
5,78.3,4,8.2,D,Junio,307.7,alto
6,46.5,5,9.3,D,Agosto,347.5,alto
6,99.0,6,7.3,C,Mayo,337.6,alto
5,138.9,8,5.4,D,Julio,308.9,alto
5,139.2,8,8.4,D,Mayo,369.1,alto
5,117.5,10,5.0,A,Agosto,342.8,alto
3,238.1,3,11.9,D,Noviembre,376.7,alto
5,218.9,12,7.7,B,Diciembre,429.3,alto
1,64.6,2,4.7,B,Junio,186.3,normal
4,186.8,10,,C,Febrero,327.0,alto
3,201.4,8,4.1,B,Agosto,340.2,alto
3,282.4,12,8.6,D,Agosto,394.2,alto
4,92.9,5,3.3,C,Septiembre,206.1,normal
7,65.0,12,9.4,D,Marzo,405.7,alto
4,284.0,4,6.3,B,Marzo,342.4,alto
3,184.9,7,1.1,D,Febrero,258.1,normal
6,257.0,14,,B,Diciembre,3697.6943164279023,alto
4,139.7,6,11.5,D,Diciembre,386.4,alto
7,102.3,10,8.3,C,Abril,408.0,alto
4,232.0,13,10.6,B,Febrero,458.2,alto
3,,7,,C,Enero,300.4,alto
1,294.3,10,4.5,C,Febrero,299.5,normal
4,73.6,4,4.5,D,Mayo,245.2,normal
4,225.5,8,0.2,B,Julio,256.4,normal
3,258.1,10,8.2,B,Julio,416.2,alto
1,223.7,9,3.3,D,Septiembre,259.8,normal
6,171.6,5,5.6,C,Enero,325.6,alto
3,229.8,10,4.0,B,Noviembre,324.6,alto
7,176.2,13,5.4,B,Octubre,402.5,alto
2,,12,4.0,B,Noviembre,289.4,normal
6,,5,2.7,D,Enero,257.8,normal
7,105.3,13,11.5,C,Febrero,491.3,alto
6,259.8,5,7.4,C,Octubre,397.6,alto
4,52.1,12,0.2,D,Julio,239.3,normal
3,260.4,11,11.5,A,Mayo,444.0,alto
5,177.6,4,0.7,D,Marzo,236.2,normal
2,271.5,4,6.1,D,Enero,294.8,normal
2,51.4,4,6.3,B,Abril,209.0,normal
4,116.0,12,11.2,B,Enero,417.9,alto
5,92.0,6,7.8,D,Mayo,324.3,alto
1,132.5,13,10.2,C,Octubre,304.7,alto
2,78.1,4,4.4,B,Septiembre,182.5,normal
2,78.6,10,1.2,B,Diciembre,208.1,normal
7,210.7,2,7.8,C,Julio,358.4,alto
7,56.5,13,4.5,D,Febrero,341.6,alto
7,185.3,7,10.5,C,Agosto,453.9,alto
7,243.4,6,11.6,C,Noviembre,488.7,alto
2,242.0,9,5.5,C,Febrero,311.0,alto
6,60.9,10,1.9,D,Diciembre,291.5,normal
4,192.5,14,5.8,C,Junio,383.6,alto
3,181.0,12,0.2,c,Febrero,231.1,normal
2,288.3,9,1.4,C,Mayo,292.7,normal
7,148.8,7,1.8,C,Julio,280.7,normal
7,,3,10.3,B,Julio,402.9,alto
1,173.5,9,2.4,D,Noviembre,212.0,normal
3,30.9,8,3.5,D,Septiembre,187.1,normal
2,260.5,3,9.9,A,Enero,376.7,alto
5,129.0,6,6.3,C,Septiembre,302.8,alto
4,233.6,12,8.5,C,Julio,432.0,alto
6,106.0,4,9.7,C,Junio,353.8,alto
5,72.1,2,8.4,C,Abril,275.7,normal
4,145.6,3,7.2,B,Noviembre,323.3,alto
3,58.1,12,10.7,C,Agosto,363.7,alto
2,,11,3.9,B,Mayo,300.1,alto
4,139.8,11,,C,Noviembre,302.5,alto
2,205.8,8,,D,Octubre,403.4,alto
1,37.2,3,6.4,C,Noviembre,206.0,normal
4,188.6,6,3.8,C,Enero,288.1,normal
7,56.8,8,2.1,B,Enero,285.6,normal
6,59.6,10,4.1,C,Marzo,261.8,normal
5,81.5,6,11.8,C,Diciembre,340.5,alto
3,162.2,2,11.9,C,Agosto,340.7,alto
4,162.7,12,10.9,C,Mayo,429.1,alto
4,260.3,12,3.9,B,Abril,350.4,alto
3,41.6,5,11.1,B,Octubre,337.1,alto
1,187.3,8,2.4,C,Mayo,226.5,normal
1,262.9,9,6.1,B,Diciembre,339.6,alto
6,160.3,5,5.2,B,Noviembre,311.3,alto
1,239.7,3,2.5,D,Agosto,186.4,normal
4,100.0,4,5.7,A,Marzo,297.5,normal
2,229.9,8,10.5,C,Diciembre,423.1,alto
2,166.8,4,3.2,B,Agosto,209.4,normal
1,57.5,5,11.3,B,Enero,262.7,normal
4,259.1,12,3.2,B,Noviembre,315.3,alto
6,93.4,11,5.7,C,Diciembre,328.5,alto
4,160.1,8,2.8,B,Marzo,289.1,normal
3,117.0,9,1.4,C,Abril,257.8,normal
6,124.1,8,11.7,C,Diciembre,416.1,alto
4,298.2,12,3.2,C,Enero,363.9,alto
3,168.2,3,,C,Julio,259.5,normal
7,100.3,11,11.3,B,Junio,471.2,alto
1,,4,5.4,D,Agosto,224.4,normal
4,116.0,8,2.9,C,Septiembre,290.1,normal
5,186.1,9,2.4,c,Agosto,290.3,normal
7,149.1,6,1.8,D,Abril,310.3,alto
2,148.1,4,3.3,C,Septiembre,185.6,normal
6,231.9,11,4.7,B,Noviembre,429.3,alto
5,285.3,11,1.8,A,Noviembre,352.5,alto
5,56.7,9,9.5,D,Julio,308.0,alto
5,224.6,9,11.1,D,Julio,464.0,alto
2,85.4,3,5.3,B,Enero,219.2,normal
2,186.3,4,2.7,A,Noviembre,229.1,normal
1,88.1,11,5.6,C,Febrero,266.8,normal
3,150.9,8,6.4,A,Septiembre,316.9,alto
7,142.8,14,6.2,A,Mayo,399.3,alto
7,133.5,14,3.5,B,Diciembre,403.3,alto
7,140.5,8,10.2,D,Octubre,402.1,alto
4,229.2,8,6.4,C,Noviembre,334.9,alto
6,156.9,3,5.6,B,Mayo,281.9,normal
5,90.9,5,10.5,A,Abril,357.1,alto
7,186.5,11,1.3,C,Enero,342.9,alto
2,36.2,8,,C,Mayo,250.4,normal
4,,9,10.1,D,Diciembre,445.4,alto
2,149.8,4,3.5,B,Marzo,3754.59988864707,normal
6,81.5,10,5.1,C,Mayo,308.8,alto
1,293.4,3,10.5,C,Marzo,349.4,alto
5,198.5,3,1.3,C,Octubre,265.0,normal
5,136.0,9,,C,Septiembre,281.0,normal
6,298.8,3,11.4,C,Diciembre,507.5,alto
2,190.9,9,8.1,C,Noviembre,338.9,alto
7,,14,6.6,C,Noviembre,436.0,alto
6,52.6,7,7.1,C,Junio,328.2,alto
3,39.5,4,7.0,D,Febrero,241.9,normal
2,216.3,9,10.0,C,Julio,357.1,alto
3,248.2,14,6.9,B,Enero,382.5,alto
6,286.7,7,,B,Abril,508.9,alto
4,211.9,13,0.1,B,Septiembre,300.7,alto
5,136.4,2,5.5,D,Noviembre,266.3,normal
5,295.0,5,,C,Marzo,359.4,alto
6,199.4,6,10.1,D,Marzo,446.4,alto
2,164.5,7,5.4,C,Diciembre,252.7,normal
5,129.5,14,6.2,B,Agosto,381.2,alto
6,,11,0.1,D,Febrero,360.4,alto
5,125.7,8,2.2,c,Diciembre,296.0,normal
5,247.0,7,1.6,C,Febrero,288.5,normal
2,240.9,4,1.4,D,Mayo,189.5,normal
4,297.9,2,3.7,C,Abril,302.2,alto
6,274.9,13,9.2,C,Septiembre,479.0,alto
5,257.7,4,3.7,B,Septiembre,319.0,alto
1,70.3,8,0.2,D,Marzo,153.0,normal
5,107.0,12,9.3,C,Septiembre,395.0,alto
1,136.8,7,4.9,C,Diciembre,208.7,normal
7,231.5,10,3.5,D,Noviembre,363.3,alto
3,45.3,13,0.5,B,Noviembre,186.6,normal
2,244.0,6,3.3,C,Octubre,270.0,normal
2,176.3,7,11.4,A,Diciembre,387.0,alto
5,121.1,10,3.7,C,Abril,303.3,alto
2,137.7,14,9.2,B,Septiembre,397.8,alto
2,205.8,6,11.5,C,Noviembre,351.6,alto
5,289.3,4,9.6,C,Octubre,362.4,alto
4,219.1,2,2.0,C,Noviembre,281.2,normal
1,184.9,4,10.1,B,Julio,336.8,alto
3,172.4,11,2.4,C,Octubre,281.7,normal
6,225.5,6,6.7,D,Noviembre,359.3,alto
3,58.7,12,0.2,D,Septiembre,213.2,normal
1,184.8,2,2.7,B,Marzo,214.0,normal
5,,2,10.5,C,Febrero,306.2,alto
3,295.0,5,6.1,B,Julio,306.4,alto
4,184.0,13,,C,Julio,411.6,alto
1,148.8,6,7.5,C,Junio,241.5,normal
4,63.9,7,4.3,B,Julio,253.7,normal
3,163.4,7,,C,Agosto,220.0,normal
6,186.0,6,0.2,C,Septiembre,283.9,normal
1,236.4,6,8.7,B,Enero,322.1,alto
5,175.9,10,,C,Marzo,258.6,normal
6,79.2,7,10.3,B,Mayo,375.7,alto
5,78.4,2,10.0,B,Junio,334.0,alto
1,139.7,2,10.3,D,Agosto,262.5,normal
6,123.5,14,10.1,D,Noviembre,409.8,alto
7,72.3,3,,C,Enero,252.9,normal
5,141.0,5,0.6,B,Julio,221.9,normal
1,138.1,4,6.9,D,Julio,230.5,normal
5,184.7,14,6.9,D,Abril,370.7,alto
3,65.5,6,1.9,C,Agosto,193.8,normal
4,185.7,13,4.7,A,Abril,3350.1405445201126,alto
6,251.4,6,11.4,D,Marzo,469.6,alto
3,,14,9.8,A,Septiembre,431.7,alto
1,104.1,10,0.5,C,Abril,158.6,normal
5,,8,6.0,B,Marzo,333.3,alto
2,175.1,5,,A,Julio,357.5,alto
6,88.4,2,5.7,C,Abril,307.9,alto
5,51.6,7,,B,Julio,203.5,normal
4,190.5,14,,C,Abril,453.0,alto
5,248.5,7,6.1,C,Marzo,390.1,alto
3,283.3,5,11.6,D,Marzo,369.0,alto
4,175.6,6,9.5,B,Junio,363.9,alto
1,40.8,7,0.4,C,Enero,125.0,normal
1,173.4,6,6.2,D,Febrero,265.9,normal
5,116.0,13,8.1,C,Julio,377.1,alto
4,47.8,2,,B,Noviembre,187.0,normal
4,80.6,6,7.2,D,Febrero,285.9,normal
1,53.5,12,9.0,B,Julio,286.9,normal
2,,5,7.8,D,Febrero,265.3,normal
4,139.4,14,1.2,B,Diciembre,294.4,normal
3,40.9,8,7.2,A,Octubre,267.4,normal
6,135.5,12,2.4,C,Abril,316.4,alto
1,293.0,9,7.7,B,Octubre,3751.4516878333025,alto
1,48.1,14,1.0,B,Julio,206.1,normal
5,132.2,10,6.7,B,Diciembre,360.7,alto
5,269.6,8,,B,Mayo,341.6,alto
7,142.6,14,3.6,C,Marzo,410.9,alto
4,156.4,6,4.8,C,Enero,287.1,normal
6,255.5,9,10.8,C,Junio,501.2,alto
4,260.8,5,7.7,C,Julio,353.6,alto
1,72.3,8,5.7,C,Marzo,240.6,normal
2,207.4,11,10.9,A,Septiembre,399.2,alto
6,126.8,6,3.3,D,Mayo,260.0,normal
7,33.5,6,10.9,C,Enero,384.3,alto
3,50.3,6,0.6,C,Junio,148.5,normal
2,129.4,6,1.7,D,Diciembre,142.7,normal
7,202.8,8,10.7,C,Julio,456.1,alto
7,181.5,10,0.8,A,Abril,341.3,alto
1,223.4,6,,D,Octubre,280.0,normal
3,201.5,11,9.3,B,Agosto,383.1,alto
4,105.0,6,7.1,D,Febrero,332.0,alto
3,147.4,7,0.8,C,Mayo,244.4,normal
7,178.2,8,8.1,C,Septiembre,436.1,alto
1,104.4,4,9.4,C,Junio,225.7,normal
1,198.2,11,6.0,D,Marzo,294.5,normal
1,97.0,6,9.2,D,Marzo,259.1,normal
5,232.5,7,11.8,B,Octubre,448.1,alto
5,262.5,2,3.4,D,Marzo,283.3,normal
7,171.5,14,4.6,B,Septiembre,403.4,alto
6,242.1,11,7.1,D,Junio,404.3,alto
3,143.7,12,9.2,D,Junio,372.4,alto
2,80.8,12,4.4,B,Julio,269.3,normal
3,258.0,3,,C,Octubre,269.8,normal
4,188.5,8,7.3,C,Febrero,311.4,alto
7,241.5,11,,C,Enero,466.0,alto
4,,6,4.1,A,Marzo,264.8,normal
7,115.4,5,6.2,A,Mayo,324.0,alto
3,178.3,2,,A,Febrero,324.4,alto
3,151.2,5,6.8,B,Mayo,260.2,normal
3,238.7,6,10.9,D,Marzo,3896.0344255012446,alto
1,265.3,7,1.3,A,Agosto,231.7,normal
5,83.5,14,6.9,B,Marzo,403.0,alto
1,51.4,14,3.1,C,Enero,211.4,normal
5,255.4,9,3.2,D,Junio,340.8,alto
1,157.7,4,1.3,A,Marzo,138.6,normal
5,175.6,12,0.4,D,Enero,295.9,normal
1,251.0,9,4.1,B,Diciembre,270.2,normal
7,,9,0.3,A,Noviembre,241.6,normal
1,227.9,9,5.5,B,Noviembre,316.8,alto
3,176.1,6,7.3,D,Julio,304.9,alto
3,86.6,13,7.6,A,Septiembre,325.1,alto
3,250.6,12,,D,Abril,395.6,alto
5,190.4,2,11.4,C,Septiembre,397.6,alto
2,83.0,5,5.4,C,Agosto,259.0,normal
4,85.9,7,8.6,B,Agosto,318.4,alto
7,188.6,3,0.4,d,Noviembre,262.7,normal
5,201.7,5,6.1,C,Octubre,3707.2475022038675,alto
1,213.5,11,3.3,C,Marzo,257.0,normal
3,158.9,7,1.3,C,Mayo,218.9,normal
3,78.5,5,1.7,A,Febrero,227.6,normal
6,192.9,6,10.3,D,Septiembre,423.8,alto
6,263.8,2,11.8,C,Julio,439.7,alto
7,131.7,8,2.7,C,Noviembre,349.3,alto
4,58.4,3,4.1,C,Julio,169.9,normal
1,243.4,4,11.4,B,Junio,361.0,alto
5,48.7,14,4.9,C,Enero,298.4,normal
1,99.2,14,3.7,C,Marzo,276.6,normal
6,122.4,10,10.4,C,Junio,446.4,alto
5,138.3,13,2.9,B,Octubre,320.7,alto
3,177.3,4,5.0,A,Octubre,301.5,alto
7,56.6,10,1.2,C,Marzo,272.5,normal
5,,14,,C,Julio,351.9,alto
6,294.3,14,7.0,C,Mayo,398.6,alto
7,117.0,12,1.8,B,Noviembre,324.1,alto
1,192.9,9,3.9,D,Noviembre,239.6,normal
1,177.9,11,1.3,D,Abril,248.4,normal
4,97.2,2,,B,Abril,208.3,normal
7,147.1,10,5.3,C,Febrero,362.6,alto
4,151.7,2,6.5,D,Diciembre,272.1,normal
1,227.6,2,11.0,B,Febrero,334.7,alto
2,68.0,13,6.6,D,Julio,294.1,normal
1,128.2,2,8.7,A,Noviembre,263.0,normal
3,213.7,14,10.3,C,Octubre,457.6,alto
3,295.3,7,7.4,D,Agosto,373.2,alto
1,91.3,2,5.3,B,Febrero,175.7,normal
4,50.8,6,5.2,C,Febrero,242.3,normal
1,,11,7.0,D,Diciembre,344.8,alto
6,,5,6.8,A,Noviembre,339.1,alto
5,234.3,5,7.5,B,Enero,354.4,alto
1,212.8,13,11.0,D,Febrero,417.0,alto
7,225.9,10,1.1,C,Marzo,359.5,alto
3,289.7,12,,C,Noviembre,268.5,normal
2,166.0,3,,D,Enero,156.5,normal
2,92.5,9,4.3,D,Octubre,237.0,normal
4,297.7,2,10.7,C,Mayo,422.1,alto
7,193.5,3,0.1,C,Julio,285.9,normal
7,159.6,2,3.5,A,Mayo,315.4,alto
6,152.8,13,3.4,C,Junio,353.7,alto
1,195.9,10,,C,Agosto,322.9,alto
2,105.4,8,6.4,C,Julio,245.0,normal
7,140.0,13,10.8,C,Enero,473.6,alto
5,200.7,10,5.1,B,Diciembre,332.2,alto
2,54.1,10,5.8,D,Agosto,231.8,normal
5,,5,9.5,d,Noviembre,295.4,normal
1,,7,9.4,B,Febrero,344.4,alto
7,94.9,13,3.8,C,Diciembre,361.1,alto
4,225.6,6,5.2,B,Febrero,359.4,alto
4,95.3,7,1.6,D,Junio,231.2,normal
5,233.2,10,3.1,C,Septiembre,336.6,alto
4,129.9,9,3.2,C,Abril,280.6,normal
4,195.8,14,2.9,C,Julio,352.8,alto
4,148.7,5,9.2,A,Agosto,366.6,alto
2,107.5,6,1.3,C,Agosto,206.0,normal
6,179.3,13,10.2,A,Enero,535.7,alto
5,150.1,14,7.8,B,Diciembre,430.2,alto
7,190.3,4,5.2,B,Abril,363.5,alto
3,223.8,11,4.2,B,Diciembre,330.1,alto
3,,6,10.4,C,Agosto,346.6,alto
2,110.7,3,9.7,A,Noviembre,274.6,normal
6,42.4,9,5.0,B,Agosto,338.5,alto
5,49.0,9,3.5,D,Junio,283.0,normal
4,70.8,10,2.9,A,Diciembre,273.2,normal
3,101.9,9,9.9,C,Junio,341.0,alto
5,44.0,2,,B,Junio,264.2,normal
6,173.3,5,2.8,b,Junio,287.0,normal
2,75.9,2,1.1,C,Abril,131.2,normal
5,241.2,9,2.0,B,Noviembre,316.0,alto
6,220.8,10,2.5,B,Enero,385.0,alto
1,45.0,12,2.0,C,Junio,180.2,normal
6,102.0,12,8.8,C,Febrero,390.0,alto
7,87.2,8,7.5,B,Marzo,383.4,alto
5,168.9,11,8.7,C,Marzo,398.2,alto
6,189.6,10,0.6,C,Abril,280.2,normal
1,80.2,11,8.8,C,Abril,308.6,alto
1,,8,1.2,C,Enero,156.0,normal
7,73.4,2,5.2,C,Marzo,303.0,alto
6,208.7,13,5.7,C,Octubre,451.7,alto
4,294.2,14,6.4,C,Noviembre,397.4,alto
6,164.4,9,7.4,C,Octubre,357.6,alto
3,186.8,7,11.9,D,Enero,369.4,alto
6,282.1,3,2.6,B,Enero,315.0,alto
1,211.0,5,8.9,C,Diciembre,287.5,normal
1,270.6,8,0.3,C,Septiembre,240.6,normal
1,,13,4.4,D,Enero,309.2,alto
4,279.0,11,5.8,B,Agosto,352.5,alto
7,209.8,11,1.7,B,Abril,346.8,alto
1,71.0,13,7.8,A,Marzo,321.1,alto
4,193.6,6,9.2,C,Enero,380.1,alto
3,208.6,7,1.9,C,Abril,225.4,normal
2,185.1,3,,D,Marzo,266.1,normal
4,50.5,3,11.3,D,Enero,303.9,alto
4,108.4,13,,B,Febrero,350.3,alto
5,133.5,3,7.2,B,Noviembre,292.8,normal
4,276.5,9,9.1,C,Abril,446.3,alto
6,170.1,12,5.6,B,Octubre,389.7,alto
7,44.2,13,8.8,B,Marzo,409.9,alto
2,65.6,6,7.8,B,Julio,256.3,normal
2,255.9,10,11.0,D,Mayo,432.9,alto
2,63.2,4,1.8,B,Octubre,173.5,normal
6,210.5,11,4.0,C,Agosto,359.7,alto
3,62.6,9,1.3,D,Noviembre,197.1,normal
6,,2,2.2,D,Octubre,253.5,normal
4,297.4,13,,D,Noviembre,303.7,alto
7,,6,5.0,B,Diciembre,4416.014389138177,alto
1,180.8,12,6.5,B,Enero,333.3,alto
1,66.2,8,2.4,C,Febrero,182.5,normal
4,231.0,3,0.2,D,Marzo,223.0,normal
7,73.9,4,10.1,D,Julio,364.8,alto
5,86.7,13,11.5,D,Febrero,421.2,alto
2,70.9,2,7.9,D,Febrero,225.9,normal
6,118.7,11,10.4,D,Julio,409.2,alto
7,197.9,2,2.2,C,Septiembre,305.2,alto
5,298.3,13,1.8,B,Marzo,379.8,alto
7,50.4,12,4.0,C,Octubre,343.9,alto
4,123.4,11,4.4,A,Abril,310.0,alto
1,191.8,8,5.6,A,Octubre,262.6,normal
4,39.3,13,6.4,C,Mayo,3748.1768444306663,alto
2,109.1,12,0.7,C,Marzo,250.1,normal
3,159.2,9,7.4,D,Enero,322.8,alto
7,161.7,2,1.1,C,Septiembre,266.1,normal
4,257.6,7,11.0,B,Octubre,438.4,alto
7,75.6,14,2.3,D,Febrero,340.5,alto
6,132.0,9,9.8,D,Enero,424.5,alto
1,212.0,13,1.2,C,Mayo,246.8,normal
6,277.7,8,11.8,c,Enero,499.4,alto
6,147.9,13,3.5,B,Septiembre,364.5,alto
7,277.0,12,0.1,D,Noviembre,389.8,alto
6,163.2,4,2.8,C,Septiembre,251.3,normal
6,168.0,14,6.4,C,Marzo,390.9,alto
6,204.3,9,3.5,C,Junio,336.6,alto
3,56.8,6,,B,Abril,334.8,alto
2,82.5,5,8.1,C,Marzo,258.3,normal
1,,6,11.0,C,Octubre,271.6,normal
1,,12,3.0,B,Febrero,286.5,normal
5,52.9,9,1.5,C,Noviembre,230.9,normal
4,233.9,8,11.5,C,Noviembre,438.3,alto
5,245.5,12,1.0,D,Marzo,4053.184631657328,alto
1,70.2,11,0.1,C,Mayo,149.3,normal
6,180.8,12,,D,Agosto,4817.098714491974,alto
6,278.5,12,,C,Noviembre,516.4,alto
4,128.4,2,10.7,C,Febrero,318.5,alto
7,265.8,6,5.4,B,Febrero,426.7,alto
3,261.7,4,10.8,C,Mayo,385.1,alto
6,288.6,8,6.3,B,Noviembre,392.3,alto
1,152.9,6,4.0,C,Marzo,204.0,normal
5,151.0,14,9.1,C,Septiembre,415.9,alto
7,99.8,12,7.0,C,Octubre,4772.024354976782,alto
7,277.6,3,5.5,D,Marzo,377.5,alto
4,151.4,12,2.0,D,Julio,301.8,alto
1,97.6,4,10.4,C,Diciembre,256.4,normal
3,30.8,2,7.6,D,Septiembre,213.8,normal
2,265.6,8,0.0,B,Enero,235.1,normal
4,97.3,13,2.1,A,Julio,293.2,normal
7,66.0,12,3.4,C,Noviembre,340.1,alto
3,262.8,3,,B,Noviembre,334.7,alto
2,119.4,10,3.2,b,Octubre,221.6,normal
4,247.8,14,11.6,B,Agosto,485.8,alto
5,248.4,14,7.3,D,Enero,430.4,alto
3,196.0,3,8.7,D,Junio,287.6,normal
4,246.3,6,3.7,C,Julio,313.6,alto
3,34.9,4,6.7,C,Marzo,238.9,normal
1,182.8,3,4.9,D,Agosto,3071.2398247158553,normal
3,119.2,6,6.9,D,Marzo,270.1,normal
6,199.8,10,9.6,B,Mayo,437.2,alto
3,275.5,9,5.2,C,Octubre,330.4,alto
1,196.9,10,11.2,C,Junio,370.4,alto
7,273.3,12,0.4,C,Agosto,359.0,alto
3,174.2,7,6.7,D,Noviembre,314.5,alto
5,270.9,4,8.3,B,Febrero,395.7,alto
7,160.8,7,11.1,D,Agosto,436.3,alto
2,251.2,10,11.5,C,Diciembre,446.6,alto
6,234.7,3,4.2,B,Marzo,361.8,alto
1,271.7,8,6.4,D,Diciembre,328.2,alto
3,136.9,10,2.6,C,Julio,269.2,normal
6,151.7,2,4.0,C,Febrero,288.2,normal
7,126.0,10,4.3,b,Abril,358.2,alto
3,297.1,13,6.2,D,Mayo,432.6,alto
5,272.0,10,3.9,C,Enero,357.7,alto
3,,11,8.0,C,Marzo,382.7,alto
3,,11,1.2,C,Octubre,186.2,normal
4,201.6,5,1.8,C,Diciembre,241.5,normal
5,125.5,5,,B,Octubre,326.4,alto
7,244.1,3,7.9,D,Marzo,400.9,alto
3,99.3,3,4.2,C,Agosto,197.6,normal
2,258.5,13,10.6,A,Junio,468.7,alto
4,212.0,6,10.7,C,Abril,409.0,alto
2,136.1,14,7.6,D,Noviembre,343.2,alto
1,232.6,8,9.0,D,Septiembre,329.2,alto
2,62.4,9,1.0,B,Agosto,165.4,normal
5,296.4,8,6.5,C,Mayo,388.5,alto
1,169.2,4,10.8,C,Enero,327.8,alto
6,110.4,7,5.0,C,Marzo,325.2,alto
5,136.2,5,7.4,B,Julio,375.5,alto
4,152.1,3,4.5,D,Noviembre,231.5,normal
5,92.1,2,4.1,D,Octubre,229.3,normal
7,122.4,3,2.6,D,Octubre,236.8,normal
3,87.2,5,4.4,B,Julio,226.7,normal
1,120.0,12,11.7,C,Marzo,406.8,alto
2,241.7,12,2.4,A,Julio,303.8,alto
4,290.5,5,0.0,C,Febrero,262.3,normal
4,157.8,5,6.0,D,Diciembre,284.0,normal
4,107.7,9,11.5,A,Febrero,402.4,alto
4,,11,6.6,C,Enero,377.2,alto
3,192.8,4,7.5,C,Noviembre,305.8,alto
3,,6,2.0,A,Noviembre,230.9,normal
7,36.7,3,4.8,C,Junio,252.4,normal
1,73.7,2,1.3,B,Mayo,120.8,normal
6,297.2,3,3.5,D,Febrero,348.9,alto
4,104.3,12,4.9,D,Agosto,303.4,alto
3,,6,0.4,B,Agosto,231.2,normal
7,75.0,11,0.9,C,Abril,288.7,normal
7,48.9,2,,B,Octubre,231.5,normal
4,212.9,9,11.2,C,Septiembre,415.4,alto
5,,6,8.5,C,Agosto,414.0,alto
2,,5,,D,Enero,227.9,normal
5,185.5,4,1.3,B,Noviembre,213.3,normal
1,,7,11.9,C,Enero,251.9,normal
1,,12,10.1,c,Junio,328.0,alto
3,57.6,14,1.0,C,Enero,237.0,normal
6,,10,2.0,C,Abril,332.3,alto
7,182.1,11,,C,Junio,353.4,alto
4,181.9,6,10.8,C,Agosto,369.8,alto
7,222.0,4,4.1,B,Abril,357.3,alto
7,200.1,9,10.1,C,Noviembre,447.0,alto
1,79.2,6,4.4,d,Junio,170.5,normal
5,87.4,10,5.8,D,Julio,310.7,alto
4,160.3,14,7.9,B,Septiembre,441.9,alto
4,73.2,11,6.0,C,Septiembre,295.7,normal
1,212.9,2,4.8,A,Abril,237.1,normal
2,219.5,8,8.3,B,Agosto,354.6,alto
6,243.4,11,6.9,D,Noviembre,423.4,alto
1,267.5,3,1.8,A,Marzo,218.1,normal
3,135.1,3,0.5,B,Noviembre,203.6,normal
7,144.2,10,5.5,C,Agosto,353.8,alto
3,41.6,4,3.1,C,Marzo,181.5,normal
6,227.2,7,,D,Abril,342.2,alto
5,230.2,4,0.9,C,Septiembre,232.2,normal
7,290.6,5,2.9,B,Febrero,333.2,alto
3,140.4,10,6.6,B,Enero,349.7,alto
3,184.2,10,6.1,B,Febrero,315.5,alto
3,,7,9.4,A,Agosto,349.5,alto
4,,7,0.9,C,Enero,177.9,normal
3,201.4,14,7.0,B,Julio,395.6,alto
3,247.5,12,7.3,C,Agosto,382.6,alto
2,214.9,10,8.2,D,Febrero,356.9,alto
6,269.9,10,0.9,C,Marzo,334.0,alto
7,159.1,2,0.3,D,Marzo,253.6,normal
1,191.6,8,9.4,D,Mayo,330.1,alto
4,39.6,8,10.6,D,Septiembre,329.0,alto
7,208.7,8,5.3,B,Julio,383.9,alto
7,279.9,2,2.0,D,Agosto,316.4,alto
3,,10,3.5,C,Septiembre,253.8,normal
6,212.2,2,,C,Noviembre,403.7,alto
2,,8,3.1,C,Octubre,191.4,normal
4,121.3,14,9.7,B,Marzo,394.9,alto
1,103.3,5,2.7,b,Septiembre,215.5,normal
2,,9,3.4,C,Noviembre,268.9,normal
4,46.0,4,2.8,C,Noviembre,197.9,normal
3,272.1,13,7.9,C,Mayo,413.7,alto
1,153.7,14,6.1,D,Abril,277.1,normal
6,255.2,8,,A,Noviembre,395.2,alto
4,153.2,13,10.8,C,Octubre,442.8,alto
4,207.4,6,1.6,D,Marzo,238.9,normal
5,250.9,3,,D,Junio,346.2,alto
3,,13,5.6,A,Noviembre,351.1,alto
5,91.6,9,6.8,D,Febrero,339.5,alto
5,207.2,12,10.7,B,Agosto,451.3,alto
4,266.6,9,2.3,C,Octubre,325.4,alto
3,,10,0.8,C,Diciembre,253.7,normal
2,212.6,2,10.7,B,Septiembre,330.6,alto
5,104.6,9,4.0,B,Junio,283.9,normal
6,192.8,11,,C,Julio,466.9,alto
5,173.7,12,,C,Abril,459.6,alto
3,31.4,11,8.2,A,Septiembre,323.7,alto
1,160.8,6,0.6,B,Junio,192.1,normal
1,144.0,12,9.3,D,Noviembre,295.3,normal
3,153.1,13,4.0,B,Febrero,317.7,alto
2,35.8,4,9.1,B,Marzo,216.7,normal
3,185.2,11,8.4,C,Junio,338.5,alto
4,228.5,12,4.1,B,Marzo,368.2,alto
2,218.6,10,6.9,C,Mayo,348.8,alto
4,140.7,7,0.9,D,Julio,248.0,normal
5,47.4,4,0.7,C,Agosto,159.5,normal
5,247.7,10,,C,Enero,323.8,alto
6,276.5,7,11.6,D,Octubre,490.7,alto
3,220.2,5,10.0,A,Marzo,327.9,alto
6,,9,8.1,B,Mayo,375.8,alto
5,215.6,10,5.8,D,Agosto,371.0,alto
6,176.5,11,6.2,D,Agosto,331.0,alto
5,295.2,12,2.5,b,Diciembre,361.7,alto
4,158.7,12,0.6,D,Febrero,286.4,normal
6,107.4,3,6.5,B,Abril,313.9,alto
1,,6,2.1,B,Enero,157.5,normal
3,51.0,8,4.9,C,Marzo,224.2,normal
5,294.5,9,6.8,C,Mayo,379.8,alto
2,214.3,13,4.1,C,Enero,297.6,normal
3,83.5,5,0.3,A,Septiembre,176.7,normal
5,127.6,14,2.6,A,Enero,347.6,alto
7,42.6,8,8.6,A,Julio,433.1,alto
7,226.7,8,,B,Octubre,317.5,alto
6,113.7,7,5.9,C,Abril,336.5,alto
3,132.7,12,11.7,D,Noviembre,429.1,alto
5,112.3,14,8.6,C,Mayo,417.9,alto
5,62.6,7,5.7,B,Abril,333.3,alto
7,,14,9.3,C,Octubre,477.3,alto
2,115.4,14,8.3,A,Noviembre,369.9,alto
5,169.9,5,1.3,B,Abril,231.4,normal
5,,13,0.9,A,Febrero,291.9,normal
1,57.9,4,,D,Abril,122.8,normal
2,155.2,7,0.8,C,Febrero,158.9,normal
6,178.2,7,,D,Octubre,472.6,alto
6,126.4,6,5.4,C,Mayo,289.6,normal
5,206.5,14,9.9,D,Junio,410.3,alto
5,132.5,12,3.7,A,Febrero,314.7,alto
5,92.4,7,6.5,C,Febrero,310.8,alto
2,73.6,4,11.7,D,Marzo,3134.068744234994,alto
3,194.6,2,2.9,C,Febrero,226.5,normal
2,231.0,6,2.3,c,Diciembre,239.9,normal
1,46.4,8,1.9,C,Abril,134.5,normal
5,250.2,6,0.8,C,Septiembre,309.6,alto
6,294.2,8,7.7,B,Enero,455.6,alto
5,92.6,11,,C,Julio,405.6,alto
7,,5,8.1,D,Julio,399.8,alto
6,275.7,3,2.2,A,Julio,308.7,alto
1,30.5,2,6.2,A,Febrero,198.1,normal
6,85.2,7,2.7,D,Agosto,227.9,normal
3,135.4,12,6.1,C,Abril,348.6,alto
5,236.2,9,10.6,D,Abril,459.9,alto
6,286.9,11,8.3,C,Abril,454.9,alto
2,73.5,14,5.2,A,Octubre,321.2,alto
6,,4,9.1,B,Febrero,379.0,alto
1,190.2,6,3.9,A,Marzo,251.7,normal
5,128.1,5,8.4,B,Abril,356.3,alto
6,246.0,14,1.7,A,Julio,396.9,alto
1,122.1,14,0.2,C,Noviembre,208.8,normal
7,40.2,14,11.3,C,Octubre,446.9,alto
5,155.1,8,,D,Mayo,344.1,alto
2,115.4,14,8.3,A,Noviembre,369.9,alto
3,196.0,4,9.7,D,Marzo,307.7,alto
2,58.2,8,10.7,A,Marzo,304.7,alto
5,282.0,10,8.4,D,Octubre,421.8,alto
7,211.1,11,0.1,C,Abril,338.4,alto
7,38.1,13,3.1,C,Julio,307.3,alto
1,98.9,4,7.5,D,Marzo,261.4,normal
7,73.0,7,9.6,D,Junio,351.9,alto
2,238.1,11,0.2,B,Julio,232.3,normal
6,43.7,10,6.7,D,Diciembre,333.0,alto
1,250.9,5,11.9,D,Enero,3457.245487446616,alto
4,106.7,13,4.1,D,Septiembre,279.1,normal
5,63.9,8,2.1,D,Mayo,234.0,normal
5,121.3,7,6.3,C,Noviembre,298.4,normal
6,178.8,6,3.4,A,Mayo,355.2,alto
4,147.6,7,3.2,C,Junio,263.8,normal
7,279.2,6,3.3,A,Noviembre,400.8,alto
2,269.2,13,9.7,b,Julio,427.7,alto
5,269.4,2,9.8,d,Noviembre,403.6,alto
6,131.7,14,5.4,C,Abril,391.9,alto
7,287.9,12,1.2,C,Octubre,392.0,alto
6,54.7,14,6.2,C,Noviembre,377.8,alto
7,111.1,4,5.1,C,Abril,315.5,alto
4,255.6,7,2.3,C,Abril,262.9,normal
7,150.9,11,2.1,B,Febrero,359.1,alto
3,241.2,12,0.5,D,Abril,2911.63232675958,normal
3,151.7,10,11.2,C,Agosto,347.1,alto
7,93.7,2,4.7,C,Enero,248.2,normal
2,286.8,9,4.2,B,Enero,357.9,alto
3,297.3,2,4.5,B,Abril,329.6,alto
7,232.7,5,9.3,C,Julio,406.7,alto
7,260.3,5,,D,Mayo,379.6,alto
4,40.7,5,9.2,C,Enero,288.1,normal
4,245.7,13,11.1,C,Agosto,497.3,alto
5,195.4,4,5.0,B,Septiembre,321.3,alto
7,184.4,3,2.3,B,Diciembre,267.4,normal
1,100.8,3,2.3,C,Octubre,131.2,normal
3,109.3,9,9.7,C,Agosto,323.8,alto
7,260.8,8,7.5,C,Noviembre,454.1,alto
7,51.8,14,11.5,C,Octubre,490.4,alto
3,263.4,4,10.6,B,Octubre,375.9,alto
7,132.3,6,0.2,D,Octubre,269.8,normal
5,135.2,10,5.6,D,Agosto,324.5,alto
6,67.0,14,6.0,C,Agosto,374.5,alto
4,208.3,2,8.0,A,Octubre,329.0,alto
5,187.7,7,9.1,C,Febrero,422.6,alto
5,,7,7.4,B,Noviembre,299.7,normal
6,39.4,9,0.1,c,Diciembre,195.2,normal
1,235.3,10,,B,Septiembre,342.1,alto
5,233.1,9,7.9,A,Mayo,394.2,alto
6,34.2,2,2.6,A,Agosto,225.4,normal
7,238.9,3,9.3,B,Septiembre,412.5,alto
5,96.9,11,6.7,C,Noviembre,335.7,alto
5,55.1,8,0.3,D,Junio,199.8,normal
5,247.5,11,8.5,D,Junio,435.0,alto
1,238.5,3,0.8,C,Abril,196.4,normal
3,197.7,6,1.3,B,Abril,238.1,normal
4,87.3,9,11.1,C,Noviembre,391.3,alto
2,274.3,2,1.8,C,Marzo,225.8,normal
6,180.5,7,7.3,B,Octubre,363.6,alto
1,,8,5.4,C,Mayo,296.1,normal
2,78.5,7,4.2,A,Abril,237.5,normal
1,219.5,9,9.1,B,Diciembre,368.6,alto
6,162.4,3,1.4,C,Julio,270.0,normal
7,228.5,14,8.4,C,Febrero,491.2,alto
5,132.3,13,7.5,C,Agosto,375.5,alto
5,87.2,11,,D,Diciembre,399.7,alto
3,83.7,14,5.7,B,Enero,3310.5350014905216,alto
3,196.2,7,8.4,C,Noviembre,358.7,alto
7,173.4,7,5.3,B,Agosto,367.5,alto
3,209.9,9,10.6,C,Agosto,388.9,alto
6,264.1,12,10.2,B,Agosto,487.5,alto
5,227.4,12,7.2,C,Marzo,395.8,alto
5,213.4,9,,A,Noviembre,401.5,alto
5,,14,4.3,D,Marzo,336.5,alto
2,102.5,6,2.9,B,Marzo,199.2,normal
6,265.4,8,10.5,C,Junio,465.2,alto
3,41.1,10,0.8,D,Agosto,180.1,normal
5,122.3,3,3.8,C,Noviembre,278.0,normal
2,129.8,14,,D,Febrero,231.7,normal
2,220.4,3,5.5,B,Enero,304.6,alto
6,33.6,6,6.9,B,Octubre,325.0,alto
3,260.8,11,3.7,C,Febrero,327.8,alto
1,78.8,8,3.1,A,Diciembre,220.7,normal
3,55.5,3,5.1,b,Noviembre,234.3,normal
7,239.1,2,6.4,B,Agosto,382.7,alto
1,288.7,6,7.5,B,Enero,344.0,alto
2,213.1,8,11.7,D,Enero,352.5,alto
7,,9,1.4,C,Abril,256.8,normal
4,205.7,12,9.5,B,Mayo,410.7,alto
7,100.5,4,9.5,D,Enero,381.9,alto
7,151.7,9,9.5,D,Julio,419.9,alto
4,137.0,9,,A,Julio,397.7,alto
7,72.7,11,7.9,A,Octubre,400.1,alto
2,125.8,7,8.9,B,Noviembre,321.7,alto
1,287.2,6,9.4,B,Mayo,343.5,alto
7,112.9,8,1.2,D,Septiembre,270.0,normal
3,119.0,14,6.0,C,Diciembre,324.3,alto
1,,6,5.5,B,Julio,315.0,alto
4,84.4,13,2.7,D,Octubre,290.9,normal
7,,11,3.8,B,Diciembre,375.1,alto
2,187.3,3,,B,Abril,201.5,normal
2,83.5,5,3.3,C,Noviembre,206.7,normal
5,292.9,14,5.5,B,Septiembre,450.1,alto
4,121.0,14,3.3,D,Agosto,307.7,alto
5,298.3,10,10.9,D,Junio,448.6,alto
5,41.0,4,9.7,D,Febrero,259.2,normal
7,115.7,2,2.8,C,Junio,236.7,normal
2,226.9,3,10.7,C,Enero,365.5,alto
7,280.7,8,4.1,B,Diciembre,424.1,alto
6,286.8,3,5.8,A,Marzo,361.7,alto
3,116.7,7,2.0,D,Septiembre,206.0,normal
3,291.4,12,0.8,C,Agosto,329.8,alto
1,164.2,14,10.3,C,Mayo,363.8,alto
7,293.9,9,4.7,B,Mayo,421.9,alto
7,104.1,12,11.6,C,Julio,513.6,alto
6,247.2,3,9.4,D,Julio,397.7,alto
1,263.9,4,0.1,C,Diciembre,167.0,normal
7,46.2,2,0.0,D,Julio,228.6,normal
6,63.1,9,6.4,C,Noviembre,317.1,alto
7,164.8,5,10.5,c,Julio,428.9,alto
1,175.7,4,,C,Abril,172.1,normal
4,201.7,4,9.5,B,Marzo,388.1,alto
4,203.2,10,4.3,D,Febrero,299.8,normal
6,149.5,6,3.0,C,Mayo,278.2,normal
6,132.5,13,1.0,C,Noviembre,323.8,alto
5,135.9,12,7.9,D,Enero,407.5,alto
7,84.7,12,0.3,C,Enero,264.8,normal
2,217.1,7,1.5,C,Marzo,239.7,normal
2,143.1,7,9.7,C,Junio,347.8,alto
1,287.3,14,3.1,C,Enero,288.1,normal
3,202.7,12,8.3,C,Abril,349.1,alto
2,247.0,6,8.3,B,Marzo,297.8,normal
1,288.2,11,3.5,B,Noviembre,313.1,alto
4,31.8,10,9.6,C,Junio,324.2,alto
4,214.9,8,9.1,D,Mayo,380.1,alto
2,,6,9.1,D,Mayo,296.8,normal
3,53.3,13,10.5,C,Octubre,374.9,alto
6,275.3,10,5.9,D,Marzo,425.5,alto
3,150.0,7,6.0,C,Junio,256.6,normal
6,115.5,12,7.3,C,Marzo,412.9,alto
4,236.1,12,1.7,D,Noviembre,317.9,alto
4,,2,,C,Julio,232.9,normal
6,232.6,11,8.6,D,Septiembre,424.6,alto
2,,11,4.3,A,Marzo,286.4,normal
6,265.7,14,7.4,A,Julio,485.0,alto
7,,6,,D,Mayo,392.8,alto
4,108.3,13,,C,Noviembre,351.8,alto
2,121.1,14,,C,Julio,257.6,normal
6,84.4,12,5.6,d,Enero,350.6,alto
2,240.2,6,11.5,A,Enero,383.9,alto
5,65.9,8,2.3,C,Agosto,234.3,normal
1,140.9,8,6.9,B,Diciembre,282.7,normal
2,60.3,7,4.5,D,Mayo,219.6,normal
3,188.2,11,0.5,C,Enero,297.3,normal
3,277.0,8,1.7,C,Agosto,260.0,normal
1,160.8,10,10.0,C,Noviembre,338.4,alto
4,,13,3.9,B,Julio,370.3,alto
4,,3,11.4,B,Julio,441.0,alto
6,164.2,11,,B,Octubre,293.9,normal
4,86.9,14,9.1,B,Marzo,407.1,alto
2,259.9,7,3.9,C,Julio,292.7,normal
6,133.2,11,2.6,C,Agosto,310.5,alto
2,111.9,10,6.1,C,Abril,281.3,normal
5,215.1,4,8.5,D,Febrero,348.4,alto
2,110.6,6,2.6,C,Junio,198.1,normal
5,94.3,4,0.4,B,Junio,236.8,normal
2,82.6,8,4.9,C,Febrero,258.3,normal
3,,5,7.9,C,Septiembre,316.0,alto
4,258.2,7,11.0,D,Diciembre,3221.7575195153518,alto
6,44.8,6,11.0,B,Enero,363.1,alto
1,250.0,8,7.6,C,Abril,328.6,alto
6,74.4,6,4.8,C,Octubre,296.8,normal
4,128.4,2,9.7,d,Diciembre,324.4,alto
2,82.0,6,10.1,C,Agosto,303.1,alto
6,121.8,4,7.3,B,Febrero,315.2,alto
4,189.1,4,1.8,C,Agosto,233.3,normal
5,198.9,7,,D,Febrero,265.3,normal
3,116.1,6,,B,Agosto,370.4,alto
7,140.3,3,6.4,C,Diciembre,330.0,alto
5,273.6,11,,D,Noviembre,342.2,alto
3,226.4,7,5.9,D,Mayo,279.0,normal
6,189.8,11,5.4,C,Julio,374.9,alto
2,208.5,3,4.3,B,Noviembre,242.1,normal
3,199.8,3,3.5,C,Enero,241.8,normal
1,,2,1.0,D,Abril,207.1,normal
4,49.9,8,6.8,C,Marzo,278.3,normal
1,,11,0.6,A,Abril,285.0,normal
5,60.1,3,8.4,B,Junio,317.2,alto
2,224.9,2,3.8,B,Abril,227.9,normal
2,245.4,3,2.5,B,Diciembre,230.4,normal
3,201.0,2,9.0,a,Agosto,327.2,alto
3,241.4,4,,C,Febrero,333.6,alto
1,139.7,6,5.6,B,Octubre,256.8,normal
2,141.2,8,1.6,C,Agosto,223.1,normal
5,165.7,4,6.7,C,Febrero,306.4,alto
7,,5,0.2,D,Abril,220.8,normal
7,277.8,4,5.7,B,Septiembre,370.0,alto
1,77.4,14,6.6,D,Septiembre,295.7,normal
3,51.6,11,6.0,C,Diciembre,310.2,alto
2,45.2,2,1.9,B,Noviembre,121.5,normal
6,64.7,5,8.3,C,Mayo,303.9,alto
6,234.4,4,7.2,B,Septiembre,399.3,alto
7,246.0,2,11.8,C,Mayo,425.9,alto
7,220.1,11,11.6,C,Enero,499.6,alto
3,290.6,5,3.8,B,Julio,339.5,alto
4,116.5,7,9.3,C,Marzo,372.3,alto
3,149.0,12,6.0,B,Julio,321.4,alto
4,48.4,2,2.1,B,Noviembre,189.8,normal
2,226.4,5,3.0,B,Junio,245.4,normal
1,215.8,2,3.3,A,Septiembre,224.6,normal
4,239.9,9,1.3,A,Febrero,324.3,alto
4,114.8,6,9.0,C,Mayo,306.6,alto
5,191.8,6,8.7,B,Marzo,408.2,alto
5,77.1,2,11.8,C,Agosto,341.1,alto
1,68.6,7,6.3,C,Noviembre,173.4,normal
4,193.7,13,1.9,A,Abril,312.2,alto
2,252.4,13,11.0,C,Noviembre,440.3,alto
5,126.4,11,0.1,C,Agosto,252.0,normal
3,283.3,9,11.8,B,Agosto,456.0,alto
1,273.2,14,,B,Diciembre,429.3,alto
4,,5,5.5,B,Marzo,234.3,normal
5,,14,7.6,D,Diciembre,422.5,alto
3,47.8,14,,C,Octubre,187.0,normal
7,109.2,13,8.4,C,Noviembre,421.9,alto
7,33.7,7,6.0,B,Enero,317.5,alto
3,150.2,3,5.5,C,Noviembre,219.0,normal
4,234.0,13,1.7,B,Diciembre,333.7,alto
5,107.9,3,1.2,C,Noviembre,221.5,normal
6,171.1,4,3.9,C,Diciembre,318.8,alto
6,141.0,11,,B,Julio,328.6,alto
6,297.9,7,1.0,C,Abril,330.2,alto
3,202.7,4,10.3,C,Marzo,342.2,alto
3,234.6,5,4.0,C,Noviembre,259.9,normal
3,134.2,7,5.9,B,Mayo,314.6,alto
5,299.8,2,0.9,B,Abril,294.9,normal
5,68.0,12,9.3,D,Abril,392.5,alto
1,190.6,7,1.2,B,Mayo,238.9,normal
3,283.3,7,,C,Abril,278.3,normal
4,192.2,6,6.9,C,Octubre,345.5,alto
6,230.3,8,1.5,D,Septiembre,312.6,alto
5,265.8,6,7.4,C,Marzo,381.5,alto
3,117.7,12,10.2,C,Julio,417.9,alto
5,,4,1.3,B,Agosto,259.9,normal
5,172.1,7,,B,Octubre,2673.4044394033344,normal
4,223.7,8,4.1,B,Diciembre,329.7,alto
4,,6,5.8,c,Abril,305.7,alto
6,60.7,12,11.3,C,Febrero,403.9,alto
5,140.3,5,,D,Junio,314.6,alto
7,83.7,7,,A,Junio,461.6,alto
4,292.3,9,3.1,D,Marzo,345.1,alto
2,,6,10.7,D,Agosto,303.1,alto
3,110.1,4,2.6,D,Junio,180.9,normal
7,128.8,14,10.4,B,Agosto,451.6,alto
4,56.2,9,7.5,C,Julio,312.2,alto
1,180.4,7,1.7,B,Febrero,203.6,normal
4,142.7,2,7.0,D,Marzo,273.4,normal
7,49.5,11,7.8,D,Septiembre,376.7,alto
3,40.5,12,7.4,B,Agosto,358.5,alto
1,245.4,3,5.5,C,Abril,213.8,normal
7,110.0,9,7.5,A,Agosto,385.3,alto
6,85.1,14,1.2,B,Septiembre,286.4,normal
5,212.6,10,7.5,B,Noviembre,417.7,alto
7,95.1,7,5.8,C,Mayo,349.6,alto
7,156.3,11,11.8,A,Abril,502.7,alto
7,36.0,11,11.4,B,Marzo,437.1,alto
7,181.5,11,8.4,D,Julio,430.1,alto
1,280.9,9,8.7,D,Noviembre,366.8,alto
2,,8,0.0,B,Enero,185.4,normal
5,94.6,13,1.3,D,Enero,279.6,normal
3,273.0,2,,B,Noviembre,408.4,alto
3,42.3,7,0.0,D,Marzo,166.9,normal
6,,13,7.9,C,Marzo,457.7,alto
3,41.3,6,7.9,D,Marzo,238.6,normal
3,110.3,14,8.8,C,Marzo,371.2,alto
2,156.6,7,0.9,D,Febrero,197.3,normal
6,56.7,9,3.6,C,Septiembre,281.6,normal
6,154.8,9,2.2,D,Octubre,294.6,normal
7,85.3,2,7.5,C,Mayo,342.5,alto
7,211.1,3,,B,Septiembre,429.3,alto
4,197.1,5,3.8,C,Agosto,295.1,normal
7,286.3,13,1.0,A,Abril,424.9,alto
3,270.0,9,3.6,B,Julio,340.4,alto
2,249.7,2,0.6,B,Octubre,181.9,normal
3,209.6,3,11.4,B,Junio,374.7,alto
3,134.7,13,1.1,B,Febrero,276.6,normal
5,157.8,3,,D,Julio,312.8,alto
1,105.6,4,9.5,A,Junio,256.7,normal
5,175.7,13,3.0,B,Abril,363.4,alto
7,,13,4.4,B,Abril,421.2,alto
5,,3,0.9,C,Noviembre,265.4,normal
4,67.7,6,5.6,D,Abril,237.5,normal
3,267.7,5,0.2,B,Octubre,248.6,normal
7,171.5,13,7.2,A,Enero,3287.0542649205954,alto
2,47.7,6,8.8,C,Diciembre,285.6,normal
7,106.1,13,,B,Septiembre,409.4,alto
6,130.6,4,3.2,A,Diciembre,286.4,normal
6,296.8,5,11.7,C,Junio,481.7,alto
5,114.5,13,0.4,A,Octubre,272.2,normal
5,255.8,7,11.9,B,Agosto,2996.1286347390437,alto
5,47.5,5,6.8,C,Mayo,311.2,alto
5,241.4,11,0.8,D,Noviembre,315.9,alto
2,94.9,11,6.3,D,Agosto,276.9,normal
2,176.0,11,9.2,D,Enero,357.9,alto
3,136.9,9,,D,Febrero,236.1,normal
4,,4,2.7,D,Diciembre,271.7,normal
4,104.5,3,0.8,C,Diciembre,175.0,normal
4,146.7,11,1.4,C,Febrero,286.1,normal
5,144.9,8,1.7,D,Marzo,245.3,normal
1,93.8,11,7.7,D,Agosto,259.9,normal
6,63.1,7,9.8,C,Junio,387.8,alto
3,83.8,14,9.8,B,Septiembre,390.8,alto
5,244.9,2,2.2,D,Julio,259.4,normal
5,,10,,D,Noviembre,204.9,normal
1,122.9,5,11.2,B,Junio,318.5,alto
6,154.8,2,9.0,B,Diciembre,329.8,alto
4,41.4,10,11.3,C,Junio,373.1,alto
2,155.6,2,1.5,A,Agosto,174.5,normal
7,,2,10.7,B,Mayo,372.7,alto
3,201.9,5,1.1,C,Abril,228.2,normal
6,80.5,13,11.2,C,Mayo,449.7,alto
6,42.7,9,1.4,C,Julio,254.5,normal
5,277.7,13,11.9,C,Mayo,540.9,alto
3,178.6,8,10.3,A,Diciembre,375.6,alto
4,253.6,4,4.4,C,Octubre,272.1,normal
6,,14,,C,Abril,514.0,alto
1,62.8,13,,B,Febrero,227.7,normal
6,258.1,11,3.1,C,Diciembre,421.3,alto
3,31.8,9,8.9,B,Abril,305.5,alto
2,250.4,6,1.6,B,Abril,274.9,normal
1,267.8,7,2.4,C,Junio,251.5,normal
1,111.1,10,,C,Julio,247.4,normal
1,,11,11.0,C,Diciembre,378.4,alto
6,226.2,11,3.8,D,Marzo,370.7,alto
2,183.2,2,6.4,A,Marzo,288.7,normal
5,158.1,5,6.8,A,Septiembre,394.3,alto
1,,3,5.2,C,Septiembre,207.8,normal
5,61.3,4,5.6,D,Junio,247.4,normal
2,267.8,9,2.6,C,Octubre,306.9,alto
1,203.1,12,3.3,C,Enero,248.4,normal
1,187.4,9,0.1,C,Octubre,199.1,normal
5,208.4,3,4.6,B,Enero,288.9,normal
1,37.2,3,9.4,C,Abril,242.6,normal
7,,10,11.0,B,Febrero,409.5,alto
7,85.6,6,1.8,C,Diciembre,277.5,normal
7,105.9,11,3.7,B,Febrero,341.7,alto
6,283.5,13,4.9,C,Octubre,424.2,alto
4,,13,1.9,C,Enero,332.7,alto
3,,14,3.8,C,Junio,313.6,alto
7,,11,,D,Agosto,397.0,alto
6,,11,1.5,B,Marzo,360.6,alto
2,189.2,12,5.4,B,Octubre,323.9,alto
1,192.8,8,10.3,B,Septiembre,356.3,alto
5,283.7,13,8.9,C,Marzo,470.0,alto
4,168.8,8,11.3,D,Diciembre,361.7,alto
3,127.8,6,8.6,C,Abril,332.4,alto
4,120.2,6,8.6,D,Marzo,312.9,alto
3,275.0,7,6.7,A,Junio,369.1,alto
1,240.5,9,1.2,A,Septiembre,264.2,normal
3,90.3,2,4.2,C,Enero,200.1,normal
