distrito,area_m2,habitaciones,banos,antiguedad_anos,estacionamiento,precio_alquiler,precio_categoria
Jesus Maria,61.0,2,1,20.0,1,2970.0,moderado
Lince,167.6,2,2,33.0,1,3860.0,premium
Carabayllo,177.3,4,3,17.0,1,3790.0,premium
San Juan de Lurigancho,132.5,3,3,35.0,1,2630.0,moderado
Chorrillos,114.7,3,2,29.0,1,3040.0,premium
Chorrillos,122.0,3,3,14.0,0,3760.0,premium
Ate,152.0,5,2,21.0,0,3430.0,premium
Surco,40.7,2,2,24.0,1,3820.0,premium
Barranco,,3,2,1.0,1,4690.0,premium
San Miguel,163.5,1,1,16.0,1,4140.0,premium
Magdalena,118.0,5,3,16.0,1,4560.0,premium
Ate,,1,1,24.0,0,3340.0,premium
Lince,185.7,2,2,6.0,0,4400.0,premium
MAGDALENA,182.3,1,1,13.0,0,4190.0,premium
Ate,206.5,2,1,7.0,0,3850.0,premium
la molina,92.4,3,3,16.0,1,4810.0,premium
San Miguel,47.2,1,1,22.0,0,2110.0,moderado
San Isidro,185.1,2,2,18.0,1,6550.0,premium
Magdalena,124.7,5,1,20.0,0,3720.0,premium
MAGDALENA,73.6,5,1,32.0,0,2990.0,moderado
San Juan de Lurigancho,105.9,3,3,0.0,0,3110.0,premium
Jesus Maria,58.0,1,1,32.0,1,2600.0,moderado
Barranco,,3,2,10.0,1,4260.0,premium
San Borja,208.2,2,1,31.0,1,5520.0,premium
Surco,204.4,4,1,7.0,0,6400.0,premium
Ate,47.1,1,1,31.0,1,1390.0,economico
Barranco,124.2,1,1,11.0,1,4320.0,premium
Miraflores,130.7,4,3,8.0,1,6480.0,premium
Surco,170.7,2,1,39.0,1,4660.0,premium
Carabayllo,186.4,1,1,,1,3450.0,premium
Chorrillos,106.3,4,3,15.0,1,3650.0,premium
San Isidro,164.8,5,3,8.0,1,7480.0,premium
San Isidro,128.5,1,1,8.0,0,5350.0,premium
San Isidro,178.0,3,2,16.0,0,6450.0,premium
Carabayllo,59.9,5,3,33.0,1,2300.0,moderado
Miraflores,78.5,5,3,39.0,0,4880.0,premium
Chorrillos,195.8,2,2,11.0,0,4310.0,premium
San Borja,124.8,3,1,25.0,1,4640.0,premium
Ate,214.7,3,3,,0,4960.0,premium
Surco,143.9,5,2,23.0,0,39055.0,premium
Chorrillos,197.3,2,2,16.0,1,4250.0,premium
San Juan de Lurigancho,139.3,5,1,19.0,1,3400.0,premium
Carabayllo,87.9,3,3,10.0,0,2440.0,moderado
San Miguel,,4,3,11.0,0,3780.0,premium
San Juan de Lurigancho,182.4,5,3,24.0,1,4100.0,premium
Ate,124.9,5,3,18.0,1,3810.0,premium
Lince,159.1,4,2,17.0,0,4020.0,premium
San Borja,97.1,2,2,35.0,0,3840.0,premium
San Juan de Lurigancho,158.7,3,1,24.0,0,2860.0,moderado
Carabayllo,162.7,2,2,29.0,1,3020.0,premium
Miraflores,45.0,3,1,39.0,1,3860.0,premium
San Borja,68.5,1,1,6.0,0,4000.0,premium
San Isidro,132.2,3,1,29.0,1,5840.0,premium
La Molina,125.3,4,3,15.0,1,5400.0,premium
San Miguel,181.6,5,1,24.0,0,4350.0,premium
Lince,198.6,5,3,0.0,1,5410.0,premium
San Isidro,123.5,2,2,31.0,1,5590.0,premium
San Miguel,195.2,5,3,27.0,1,4800.0,premium
Lince,198.0,2,2,,1,5120.0,premium
Carabayllo,,3,1,24.0,0,3580.0,premium
Pueblo Libre,136.7,4,2,33.0,1,3620.0,premium
San Miguel,63.0,2,2,10.0,1,3470.0,premium
Barranco,155.3,5,3,18.0,1,5430.0,premium
Lince,,4,1,17.0,1,4680.0,premium
SAN MIGUEL,55.7,2,1,14.0,1,2840.0,moderado
Miraflores,98.4,3,1,9.0,0,5440.0,premium
San Miguel,,5,3,13.0,1,5380.0,premium
Lince,80.3,2,1,10.0,0,2780.0,moderado
Barranco,100.2,5,3,18.0,1,5000.0,premium
La Molina,199.8,1,1,23.0,0,5060.0,premium
Jesus Maria,123.7,4,1,,1,3990.0,premium
San Isidro,164.5,2,1,23.0,0,5920.0,premium
La Molina,,5,2,5.0,1,6890.0,premium
La Molina,141.3,4,2,9.0,0,5450.0,premium
Chorrillos,65.3,2,1,34.0,0,1710.0,moderado
Lince,110.9,4,2,23.0,1,3320.0,premium
Carabayllo,110.3,2,1,17.0,1,2590.0,moderado
Magdalena,44.0,1,1,15.0,1,2840.0,moderado
la molina,56.1,3,3,39.0,1,3300.0,premium
Ate,63.5,2,1,16.0,0,1910.0,moderado
San Juan de Lurigancho,109.1,2,1,26.0,1,2070.0,moderado
Magdalena,187.5,1,1,33.0,1,3900.0,premium
Pueblo Libre,219.1,5,1,4.0,1,5570.0,premium
pueblo libre,48.0,3,1,17.0,1,3120.0,premium
Pueblo Libre,65.8,1,1,10.0,1,2780.0,moderado
San Isidro,111.4,5,3,33.0,0,5510.0,premium
Chorrillos,181.4,2,1,24.0,0,3150.0,premium
San Isidro,66.7,2,1,17.0,1,5150.0,premium
San Isidro,150.7,2,2,,1,5890.0,premium
Surco,62.1,5,1,26.0,0,4350.0,premium
Magdalena,84.4,5,1,15.0,1,4160.0,premium
Miraflores,59.0,2,1,4.0,1,5040.0,premium
Carabayllo,211.4,2,1,25.0,1,3440.0,premium
Pueblo Libre,183.8,3,1,,0,3870.0,premium
Pueblo Libre,116.5,2,2,14.0,1,3900.0,premium
San Juan de Lurigancho,97.4,1,1,16.0,1,2300.0,moderado
ATE,108.2,5,2,29.0,1,36424.0,premium
Jesus Maria,166.3,4,2,19.0,1,4700.0,premium
Ate,157.1,4,3,16.0,1,3700.0,premium
San Isidro,115.5,5,3,19.0,1,6740.0,premium
la molina,165.3,1,1,7.0,0,5000.0,premium
Ate,189.1,3,2,21.0,1,3880.0,premium
San Juan de Lurigancho,201.5,2,2,1.0,1,4370.0,premium
Carabayllo,137.8,2,2,20.0,1,2590.0,moderado
Miraflores,,1,1,19.0,0,5420.0,premium
San Isidro,105.1,4,1,19.0,0,5560.0,premium
San Isidro,142.4,2,1,5.0,1,6590.0,premium
La Molina,67.0,3,1,37.0,0,3180.0,premium
San Juan de Lurigancho,90.7,5,1,9.0,0,2850.0,moderado
Pueblo Libre,207.0,4,2,11.0,1,5320.0,premium
Barranco,206.0,3,1,21.0,1,5640.0,premium
San Miguel,157.7,4,2,11.0,1,5050.0,premium
Miraflores,177.1,3,3,16.0,1,6750.0,premium
Carabayllo,102.7,5,2,4.0,1,3500.0,premium
Jesus Maria,218.5,1,1,34.0,1,4410.0,premium
Jesus Maria,98.2,1,1,35.0,1,2820.0,moderado
San Borja,90.3,4,2,36.0,0,4030.0,premium
San Juan de Lurigancho,125.8,2,2,32.0,1,2580.0,moderado
Ate,137.9,4,2,37.0,1,2880.0,moderado
La Molina,204.7,1,1,22.0,0,5100.0,premium
Barranco,82.6,2,2,25.0,1,3890.0,premium
Carabayllo,96.6,4,3,4.0,1,3550.0,premium
Barranco,144.5,1,1,37.0,1,3830.0,premium
La Molina,48.6,3,3,3.0,0,4710.0,premium
Barranco,90.2,2,2,20.0,1,4110.0,premium
Barranco,96.3,4,1,,1,4020.0,premium
Lince,64.1,5,2,25.0,0,2950.0,moderado
Carabayllo,150.3,5,3,9.0,1,3920.0,premium
La Molina,205.2,1,1,19.0,1,5610.0,premium
Magdalena,45.3,1,1,18.0,1,2690.0,moderado
Pueblo Libre,43.0,4,1,13.0,0,2620.0,moderado
Lince,,3,3,25.0,0,2770.0,moderado
San Borja,182.2,3,3,12.0,1,6100.0,premium
Lince,219.4,2,2,37.0,0,3930.0,premium
Pueblo Libre,117.1,3,3,,0,4140.0,premium
Carabayllo,213.7,3,3,3.0,0,4120.0,premium
San Isidro,177.3,3,3,4.0,0,7410.0,premium
Magdalena,136.8,2,1,13.0,0,3820.0,premium
Barranco,165.9,4,1,,0,4860.0,premium
Lince,203.0,4,2,28.0,0,4360.0,premium
Chorrillos,104.7,3,3,5.0,1,3660.0,premium
Barranco,189.4,4,2,1.0,1,6390.0,premium
San Borja,177.5,3,1,29.0,0,5070.0,premium
Jesus Maria,214.1,4,3,11.0,1,5530.0,premium
Jesus Maria,79.9,3,3,21.0,1,3470.0,premium
Barranco,170.4,1,1,35.0,1,4160.0,premium
Barranco,107.7,1,1,,0,3210.0,premium
barranco,42.9,1,1,25.0,0,2990.0,moderado
Ate,48.3,5,2,33.0,1,2380.0,moderado
Carabayllo,47.4,2,2,37.0,1,1140.0,economico
San Borja,212.7,4,3,33.0,0,5780.0,premium
SAN ISIDRO,157.6,4,2,17.0,1,6700.0,premium
San Miguel,109.1,2,2,3.0,1,3950.0,premium
LINCE,205.1,3,2,16.0,1,4720.0,premium
San Isidro,170.9,4,1,19.0,1,6900.0,premium
Magdalena,179.3,4,1,6.0,1,5190.0,premium
Lince,203.0,4,2,28.0,0,4360.0,premium
Barranco,206.6,3,2,17.0,0,5330.0,premium
San Miguel,134.2,1,1,10.0,0,3700.0,premium
Lince,215.1,5,1,37.0,1,4330.0,premium
Miraflores,165.8,4,2,18.0,1,6270.0,premium
Surco,95.4,4,1,34.0,0,4060.0,premium
Magdalena,56.1,3,3,4.0,0,3790.0,premium
San Juan de Lurigancho,144.4,3,3,18.0,1,3400.0,premium
Miraflores,,1,1,13.0,0,5780.0,premium
Chorrillos,105.0,2,1,18.0,0,2450.0,moderado
Pueblo Libre,85.2,4,1,17.0,0,3000.0,moderado
Lince,127.7,1,1,13.0,1,3500.0,premium
Carabayllo,157.6,1,1,,0,2920.0,moderado
Lince,50.9,2,2,37.0,1,2110.0,moderado
San Isidro,,2,2,10.0,1,5270.0,premium
San Isidro,138.1,4,1,35.0,0,5670.0,premium
Chorrillos,144.1,3,2,21.0,1,3670.0,premium
Barranco,127.0,4,2,29.0,1,4860.0,premium
San Isidro,128.8,1,1,35.0,0,5100.0,premium
Carabayllo,63.8,4,3,1.0,1,3000.0,moderado
Chorrillos,95.9,1,1,39.0,0,1620.0,moderado
San Borja,203.5,4,3,20.0,1,6280.0,premium
San Isidro,147.1,4,3,39.0,0,5620.0,premium
Ate,180.2,2,2,27.0,0,2790.0,moderado
San Isidro,177.5,2,2,20.0,1,6620.0,premium
Carabayllo,103.6,3,3,,1,2350.0,moderado
La Molina,126.9,2,1,37.0,0,4170.0,premium
Barranco,110.3,2,2,35.0,1,3840.0,premium
Chorrillos,53.0,4,1,20.0,1,2470.0,moderado
Pueblo Libre,213.2,1,1,0.0,1,5220.0,premium
Miraflores,44.1,4,3,37.0,1,4380.0,premium
Miraflores,134.8,1,1,18.0,1,5360.0,premium
Pueblo Libre,70.6,5,2,1.0,1,59139.0,premium
San Borja,211.8,3,3,25.0,1,6140.0,premium
San Borja,208.6,1,1,3.0,1,5870.0,premium
Magdalena,56.4,4,2,4.0,0,3830.0,premium
Surco,185.1,4,3,17.0,1,6350.0,premium
Ate,50.5,4,2,,1,2290.0,moderado
Ate,127.1,3,1,6.0,1,3370.0,premium
Miraflores,112.1,5,1,12.0,1,5970.0,premium
San Miguel,192.9,2,1,24.0,1,4300.0,premium
San Juan de Lurigancho,82.3,1,1,9.0,1,2240.0,moderado
San Borja,193.5,4,2,12.0,0,5830.0,premium
Carabayllo,56.7,3,2,11.0,1,2030.0,moderado
San Juan de Lurigancho,83.9,4,2,34.0,0,1980.0,moderado
Lince,173.3,5,1,22.0,0,4300.0,premium
San Miguel,190.3,3,1,3.0,1,5010.0,premium
San Miguel,133.9,5,2,22.0,1,4380.0,premium
Pueblo Libre,67.1,1,1,38.0,1,2180.0,moderado
San Isidro,129.5,4,3,31.0,1,6180.0,premium
Barranco,83.8,1,1,18.0,1,3740.0,premium
San Juan de Lurigancho,53.0,5,2,12.0,1,2600.0,moderado
Pueblo Libre,147.0,2,2,16.0,1,3980.0,premium
Lince,132.6,2,2,29.0,0,2880.0,moderado
Surco,78.6,2,2,34.0,0,3570.0,premium
Miraflores,64.7,2,2,16.0,1,5200.0,premium
San Borja,70.8,4,2,13.0,0,4820.0,premium
Ate,,5,2,20.0,0,3740.0,premium
Lince,47.7,4,1,15.0,1,2920.0,moderado
Lince,93.8,3,3,2.0,1,3970.0,premium
Jesus Maria,215.7,5,2,8.0,0,5350.0,premium
Barranco,88.9,4,2,11.0,1,4520.0,premium
San Juan de Lurigancho,141.9,2,1,4.0,0,3050.0,premium
Carabayllo,161.0,4,2,31.0,0,3020.0,premium
surco,81.1,3,1,21.0,0,3970.0,premium
Miraflores,170.4,3,3,22.0,1,6340.0,premium
Jesus Maria,93.4,3,2,15.0,1,3810.0,premium
Pueblo Libre,219.0,4,2,3.0,1,5610.0,premium
Chorrillos,210.4,3,3,12.0,1,5010.0,premium
San Juan de Lurigancho,193.4,2,1,,1,3650.0,premium
Magdalena,133.7,1,1,6.0,1,4140.0,premium
San Juan de Lurigancho,129.3,1,1,8.0,1,2930.0,moderado
San Isidro,179.4,2,2,3.0,1,7250.0,premium
Pueblo Libre,138.3,2,1,3.0,1,4270.0,premium
La Molina,129.8,4,1,7.0,1,5310.0,premium
Ate,129.7,3,1,33.0,1,2840.0,moderado
La Molina,86.3,3,3,37.0,1,4150.0,premium
Ate,139.9,3,2,1.0,1,3860.0,premium
Pueblo Libre,113.9,2,2,0.0,1,4210.0,premium
San Borja,78.9,2,2,35.0,1,3850.0,premium
Ate,66.8,4,1,35.0,1,61481.0,moderado
San Juan de Lurigancho,170.3,1,1,22.0,1,2840.0,moderado
Pueblo Libre,55.1,5,3,,0,3810.0,premium
Lince,182.8,5,2,,0,4920.0,premium
ATE,60.3,3,1,26.0,1,1950.0,moderado
Ate,186.0,1,1,3.0,0,3440.0,premium
Jesus Maria,114.9,3,3,24.0,0,3660.0,premium
Ate,,5,2,7.0,1,3470.0,premium
Carabayllo,83.2,2,2,29.0,1,1720.0,moderado
Barranco,,4,2,31.0,1,3530.0,premium
Miraflores,50.2,1,1,17.0,0,37628.0,premium
San Juan de Lurigancho,167.2,4,3,2.0,0,4020.0,premium
Carabayllo,156.7,3,2,35.0,1,2890.0,moderado
San Miguel,129.8,1,1,11.0,1,3980.0,premium
San Miguel,136.4,3,2,15.0,1,4230.0,premium
Lince,158.0,1,1,7.0,1,3990.0,premium
Lince,131.1,3,2,6.0,1,4160.0,premium
San Isidro,,1,1,,1,6370.0,premium
San Miguel,132.7,5,1,10.0,1,4550.0,premium
Carabayllo,180.2,2,1,26.0,1,2820.0,moderado
Chorrillos,127.9,2,1,3.0,0,3240.0,premium
Pueblo Libre,133.2,4,1,15.0,1,4060.0,premium
Ate,205.7,1,1,,1,3620.0,premium
Surco,71.9,3,1,18.0,0,4390.0,premium
San Borja,52.0,1,1,31.0,1,3270.0,premium
Lince,,3,3,7.0,1,3910.0,premium
Chorrillos,192.2,1,1,24.0,1,3380.0,premium
SAN JUAN DE LURIGANCHO,55.9,1,1,18.0,0,1260.0,economico
Surco,212.4,3,3,,0,6590.0,premium
Pueblo Libre,211.2,4,2,8.0,0,5240.0,premium
San Miguel,119.1,2,2,0.0,1,4340.0,premium
San Isidro,176.3,1,1,2.0,1,6890.0,premium
Jesus Maria,127.9,4,2,1.0,1,4850.0,premium
Lince,160.2,2,1,,0,3610.0,premium
Ate,91.4,1,1,24.0,1,1900.0,moderado
La Molina,61.4,1,1,6.0,1,4090.0,premium
Magdalena,163.0,2,2,22.0,1,4510.0,premium
Lince,171.1,3,3,15.0,1,4420.0,premium
Pueblo Libre,162.3,5,2,11.0,1,4810.0,premium
Lince,130.9,2,1,8.0,1,3910.0,premium
Magdalena,179.3,4,3,20.0,1,5230.0,premium
San Isidro,112.4,5,3,38.0,1,5810.0,premium
LINCE,182.3,2,1,33.0,1,3780.0,premium
Lince,107.7,3,2,30.0,1,54966.0,premium
San Isidro,,2,1,,1,4580.0,premium
Pueblo Libre,75.3,3,1,9.0,0,3060.0,premium
Barranco,201.0,2,2,15.0,1,5520.0,premium
San Miguel,145.8,3,1,28.0,1,3880.0,premium
Barranco,150.4,4,3,37.0,1,4850.0,premium
Barranco,194.4,4,2,10.0,1,6210.0,premium
San Borja,210.1,3,1,38.0,0,5210.0,premium
Lince,185.0,5,2,26.0,1,4360.0,premium
La Molina,161.6,1,1,16.0,1,4800.0,premium
Pueblo Libre,129.5,3,2,17.0,0,3960.0,premium
Barranco,100.7,2,1,31.0,0,3590.0,premium
San Miguel,169.8,2,1,38.0,0,3380.0,premium
San Isidro,159.4,5,1,34.0,0,6130.0,premium
Ate,201.2,2,2,30.0,1,3450.0,premium
San Juan de Lurigancho,156.4,1,1,,0,43704.0,premium
Jesus Maria,96.1,3,1,16.0,1,3750.0,premium
San Isidro,205.6,1,1,0.0,0,6940.0,premium
MIRAFLORES,173.2,5,3,3.0,0,6980.0,premium
BARRANCO,107.5,5,3,0.0,0,5310.0,premium
San Miguel,99.2,1,1,8.0,1,3420.0,premium
San Juan de Lurigancho,203.1,3,3,2.0,1,4570.0,premium
San Miguel,59.6,1,1,32.0,1,2250.0,moderado
Barranco,72.0,1,1,32.0,1,3370.0,premium
Jesus Maria,179.0,4,2,2.0,1,5550.0,premium
san miguel,123.4,1,1,24.0,1,3470.0,premium
Ate,145.4,4,3,34.0,1,3440.0,premium
San Juan de Lurigancho,137.7,3,1,19.0,1,3300.0,premium
San Borja,174.7,3,2,0.0,1,6110.0,premium
Surco,54.0,1,1,30.0,0,2960.0,moderado
Jesus Maria,135.2,4,1,17.0,0,4040.0,premium
Barranco,56.7,5,3,24.0,0,4120.0,premium
Miraflores,184.9,4,2,34.0,0,5820.0,premium
Chorrillos,190.7,1,1,10.0,0,3940.0,premium
Lince,90.3,1,1,18.0,0,2570.0,moderado
San Isidro,172.4,2,1,,0,5800.0,premium
SAN MIGUEL,201.2,3,3,30.0,0,4430.0,premium
San Miguel,47.3,5,3,,1,3220.0,premium
Miraflores,71.1,2,2,30.0,0,4410.0,premium
Pueblo Libre,210.8,1,1,37.0,1,3790.0,premium
Barranco,48.1,5,3,26.0,1,4370.0,premium
Surco,44.9,5,3,0.0,1,5060.0,premium
Ate,188.7,1,1,30.0,0,2940.0,moderado
San Miguel,175.8,5,2,0.0,1,5420.0,premium
Carabayllo,93.3,3,3,14.0,0,2620.0,moderado
Magdalena,115.7,1,1,10.0,1,3280.0,premium
La Molina,209.5,2,2,27.0,0,5170.0,premium
Jesus Maria,130.0,1,1,28.0,0,2960.0,moderado
carabayllo,176.5,4,2,5.0,0,3820.0,premium
San Borja,,2,1,25.0,1,4010.0,premium
Ate,,5,1,33.0,1,2360.0,moderado
San Isidro,209.8,5,1,18.0,0,7190.0,premium
Surco,121.3,5,3,33.0,1,5420.0,premium
Chorrillos,,5,2,26.0,1,4080.0,premium
Jesus Maria,200.0,1,1,39.0,1,3830.0,premium
San Borja,159.0,4,1,16.0,0,5550.0,premium
Lince,,4,3,21.0,1,4630.0,premium
San Miguel,191.3,1,1,14.0,1,4400.0,premium
Jesus Maria,171.8,4,1,34.0,1,4380.0,premium
Jesus Maria,215.1,1,1,9.0,0,4760.0,premium
Surco,,1,1,20.0,1,4400.0,premium
San Miguel,84.2,2,2,35.0,0,2510.0,moderado
Magdalena,216.4,4,3,18.0,1,5440.0,premium
Barranco,,5,3,28.0,1,4470.0,premium
Barranco,149.6,5,2,33.0,1,4880.0,premium
Carabayllo,194.6,5,2,33.0,0,3290.0,premium
Pueblo Libre,60.7,1,1,16.0,0,2380.0,moderado
San Miguel,123.2,2,2,9.0,1,4150.0,premium
Barranco,126.7,5,2,9.0,1,5550.0,premium
Chorrillos,128.9,3,3,10.0,1,4070.0,premium
Pueblo Libre,145.4,2,1,0.0,1,4250.0,premium
Ate,167.6,2,2,15.0,1,3770.0,premium
Barranco,197.7,5,3,,1,6060.0,premium
Miraflores,188.1,4,2,9.0,1,7150.0,premium
SAN ISIDRO,86.2,4,2,22.0,1,5920.0,premium
San Juan de Lurigancho,76.2,5,3,5.0,1,3170.0,premium
Magdalena,109.9,4,2,22.0,1,4410.0,premium
San Isidro,167.0,1,1,,0,5700.0,premium
Lince,167.8,4,1,9.0,0,4270.0,premium
La Molina,156.7,3,2,24.0,1,5090.0,premium
Lince,195.4,3,1,31.0,0,3890.0,premium
Surco,121.6,2,2,26.0,0,4410.0,premium
Magdalena,134.3,2,2,,1,3630.0,premium
Barranco,131.5,1,1,20.0,0,4250.0,premium
Miraflores,157.2,4,1,0.0,1,6610.0,premium
San Isidro,40.1,1,1,30.0,1,4480.0,premium
La Molina,174.6,1,1,9.0,0,5030.0,premium
San Juan de Lurigancho,199.7,3,2,15.0,0,3770.0,premium
Magdalena,120.8,2,1,33.0,1,3320.0,premium
Ate,219.3,3,2,29.0,0,3790.0,premium
Lince,190.8,5,3,23.0,1,4560.0,premium
Lince,50.1,3,1,18.0,1,2750.0,moderado
Barranco,74.9,3,2,35.0,0,3440.0,premium
CHORRILLOS,160.5,5,3,4.0,1,4770.0,premium
San Juan de Lurigancho,69.6,3,2,1.0,1,2800.0,moderado
Pueblo Libre,40.2,5,3,,1,3880.0,premium
Jesus Maria,148.3,1,1,23.0,1,3540.0,premium
San Isidro,136.2,5,3,0.0,1,7290.0,premium
San Miguel,168.9,2,2,2.0,1,5020.0,premium
Surco,149.3,4,2,29.0,0,5010.0,premium
Barranco,162.1,5,1,2.0,1,6100.0,premium
Surco,213.1,4,1,,0,6260.0,premium
La Molina,201.9,5,1,26.0,0,5710.0,premium
Surco,71.7,1,1,35.0,1,3570.0,premium
Magdalena,,2,2,0.0,1,3690.0,premium
San Juan de Lurigancho,193.7,4,1,32.0,0,3220.0,premium
Magdalena,180.6,1,1,27.0,1,4210.0,premium
San Isidro,92.4,2,1,30.0,1,5210.0,premium
Pueblo Libre,167.6,3,1,10.0,1,4530.0,premium
Ate,98.5,4,2,5.0,0,3270.0,premium
Lince,128.0,2,2,21.0,1,3340.0,premium
Chorrillos,167.6,4,3,7.0,1,4820.0,premium
PUEBLO LIBRE,119.9,4,1,29.0,1,3680.0,premium
San Borja,128.5,3,2,28.0,0,4500.0,premium
San Borja,208.1,5,3,16.0,0,6570.0,premium
San Isidro,126.7,3,3,26.0,1,6140.0,premium
La Molina,200.1,1,1,20.0,0,5200.0,premium
San Isidro,193.0,1,1,24.0,1,6310.0,premium
Barranco,217.7,1,1,21.0,0,4970.0,premium
La Molina,146.5,3,2,19.0,0,5120.0,premium
San Juan de Lurigancho,218.9,1,1,6.0,0,3520.0,premium
San Borja,45.9,5,2,4.0,1,4780.0,premium
Jesus Maria,99.6,3,3,31.0,1,3550.0,premium
Chorrillos,150.5,1,1,,0,2770.0,moderado
San Borja,134.3,1,1,27.0,0,4370.0,premium
San Borja,,2,2,30.0,1,5370.0,premium
Lince,40.7,4,3,5.0,0,2880.0,moderado
La Molina,190.6,2,2,17.0,1,5760.0,premium
Ate,69.6,5,1,37.0,1,2320.0,moderado
San Isidro,122.9,3,3,,1,6140.0,premium
Ate,83.3,2,1,35.0,0,1580.0,moderado
SAN MIGUEL,138.6,3,2,16.0,1,4240.0,premium
Pueblo Libre,143.8,2,2,37.0,1,3310.0,premium
Chorrillos,56.1,1,1,9.0,0,2210.0,moderado
San Juan de Lurigancho,113.9,3,1,14.0,1,3150.0,premium
Barranco,,1,1,12.0,1,5440.0,premium
San Juan de Lurigancho,,1,1,31.0,0,2860.0,moderado
Jesus Maria,118.1,3,3,37.0,1,3540.0,premium
San Juan de Lurigancho,88.6,1,1,,0,2120.0,moderado
Surco,192.2,5,1,18.0,1,6380.0,premium
San Miguel,159.3,3,3,27.0,0,3990.0,premium
Ate,179.2,5,3,18.0,1,4370.0,premium
Jesus Maria,90.4,1,1,36.0,1,2590.0,moderado
SAN JUAN DE LURIGANCHO,80.8,2,2,32.0,0,1700.0,moderado
San Isidro,63.4,3,2,28.0,1,5090.0,premium
San Miguel,77.4,2,2,31.0,1,2950.0,moderado
San Borja,130.1,1,1,39.0,0,3740.0,premium
Jesus Maria,102.6,1,1,18.0,1,3350.0,premium
Pueblo Libre,82.6,2,2,2.0,1,3740.0,premium
Chorrillos,206.9,4,3,22.0,1,4380.0,premium
Lince,,4,2,5.0,0,4100.0,premium
San Borja,132.1,1,1,30.0,1,4360.0,premium
La Molina,197.0,4,3,25.0,1,5820.0,premium
Chorrillos,200.2,4,1,17.0,1,4430.0,premium
ate,215.4,4,2,29.0,1,4320.0,premium
Magdalena,119.6,2,1,20.0,0,3610.0,premium
Barranco,186.8,2,1,11.0,1,5650.0,premium
Magdalena,204.4,4,3,10.0,1,5550.0,premium
Surco,111.2,4,1,,1,4690.0,premium
Ate,104.8,5,2,16.0,1,3310.0,premium
Chorrillos,135.8,4,3,2.0,1,4320.0,premium
San Borja,147.0,5,2,37.0,0,4960.0,premium
Barranco,211.6,4,1,36.0,0,5210.0,premium
Lince,122.4,4,2,7.0,1,4070.0,premium
San Miguel,192.6,2,2,,1,4440.0,premium
Carabayllo,176.7,2,2,14.0,1,3670.0,premium
San Juan de Lurigancho,208.3,1,1,25.0,1,3280.0,premium
Miraflores,102.8,5,1,16.0,0,5470.0,premium
Miraflores,192.5,5,2,33.0,1,6610.0,premium
SAN ISIDRO,106.9,1,1,,0,5350.0,premium
Jesus Maria,63.2,1,1,11.0,0,2720.0,moderado
San Isidro,166.2,2,2,23.0,1,6480.0,premium
Miraflores,212.2,1,1,6.0,1,6780.0,premium
ate,174.6,5,3,20.0,1,4410.0,premium
Miraflores,121.0,2,2,10.0,1,5610.0,premium
Lince,207.0,3,3,,0,4160.0,premium
Barranco,80.9,2,2,2.0,1,4670.0,premium
Ate,97.2,1,1,33.0,0,1810.0,moderado
Pueblo Libre,139.1,4,1,31.0,1,3740.0,premium
Ate,134.2,1,1,35.0,0,2000.0,moderado
Pueblo Libre,54.9,1,1,22.0,0,1880.0,moderado
Chorrillos,,2,1,3.0,0,3030.0,premium
Carabayllo,,1,1,12.0,0,3410.0,premium
carabayllo,144.9,1,1,6.0,1,2790.0,moderado
Pueblo Libre,187.5,4,3,19.0,1,4960.0,premium
Miraflores,103.9,3,3,6.0,1,6140.0,premium
CHORRILLOS,54.2,1,1,23.0,0,1630.0,moderado
Lince,74.4,2,2,31.0,1,2570.0,moderado
pueblo libre,136.7,2,2,31.0,0,3210.0,premium
Carabayllo,130.9,3,2,16.0,1,3110.0,premium
Barranco,45.8,2,1,0.0,1,3930.0,premium
Pueblo Libre,,2,2,29.0,0,2680.0,moderado
San Miguel,173.8,2,2,9.0,1,4800.0,premium
Pueblo Libre,125.9,2,2,11.0,0,3900.0,premium
San Isidro,215.7,3,1,9.0,0,7030.0,premium
Ate,143.6,1,1,14.0,0,2980.0,moderado
Lince,192.6,4,2,2.0,1,5380.0,premium
Chorrillos,203.2,5,3,17.0,0,4770.0,premium
Surco,45.1,2,2,,1,54014.0,premium
San Miguel,208.8,2,2,39.0,1,4310.0,premium
Magdalena,55.1,4,1,17.0,1,3180.0,premium
San Juan de Lurigancho,102.3,5,1,18.0,1,3090.0,premium
Ate,190.9,5,1,37.0,1,3390.0,premium
Lince,181.3,2,1,4.0,1,4520.0,premium
Miraflores,96.8,2,1,33.0,1,4520.0,premium
Miraflores,194.6,2,2,1.0,1,6750.0,premium
San Juan de Lurigancho,170.9,2,2,27.0,1,3090.0,premium
Lince,161.4,2,1,35.0,1,3420.0,premium
Magdalena,67.9,1,1,17.0,0,2940.0,moderado
Miraflores,169.4,4,3,38.0,1,5860.0,premium
San Borja,100.4,3,3,10.0,1,5210.0,premium
San Isidro,148.5,2,2,2.0,0,6350.0,premium
San Borja,178.9,2,2,24.0,1,5510.0,premium
San Juan de Lurigancho,192.5,5,2,25.0,1,3930.0,premium
Miraflores,198.0,2,1,23.0,1,6280.0,premium
Carabayllo,212.0,5,1,4.0,1,4630.0,premium
Magdalena,98.4,2,2,10.0,0,3660.0,premium
Miraflores,202.4,4,2,32.0,1,6400.0,premium
Carabayllo,185.2,2,2,6.0,0,3670.0,premium
San Borja,71.5,1,1,23.0,1,3810.0,premium
Jesus Maria,132.1,3,3,4.0,0,4410.0,premium
Miraflores,212.6,2,2,21.0,1,6610.0,premium
San Isidro,219.5,5,3,20.0,1,7430.0,premium
Miraflores,144.3,4,3,25.0,1,6010.0,premium
Chorrillos,199.8,3,1,27.0,0,3670.0,premium
Pueblo Libre,,2,2,9.0,0,4150.0,premium
Surco,,1,1,11.0,1,4340.0,premium
SAN MIGUEL,94.1,4,3,32.0,1,3660.0,premium
Carabayllo,166.7,1,1,30.0,1,2470.0,moderado
Miraflores,54.8,1,1,,1,3930.0,premium
Lince,154.7,2,1,16.0,0,3640.0,premium
San Borja,46.2,5,3,12.0,1,4530.0,premium
Miraflores,170.0,5,2,21.0,1,6620.0,premium
La Molina,,2,2,21.0,1,4920.0,premium
Magdalena,147.5,2,2,29.0,1,3910.0,premium
Ate,92.5,3,2,13.0,1,3120.0,premium
San Miguel,48.0,3,1,37.0,1,2230.0,moderado
Chorrillos,98.1,2,1,24.0,0,2800.0,moderado
San Borja,150.4,2,2,9.0,0,5290.0,premium
Lince,136.0,4,2,23.0,1,3970.0,premium
Chorrillos,82.7,2,1,9.0,0,38918.0,moderado
San Juan de Lurigancho,193.4,2,2,36.0,1,2810.0,moderado
Ate,167.2,5,2,7.0,1,4310.0,premium
Miraflores,73.3,2,2,27.0,0,4410.0,premium
San Isidro,83.3,2,2,18.0,0,5680.0,premium
San Borja,149.9,1,1,3.0,1,5330.0,premium
Pueblo Libre,70.4,2,2,15.0,0,2610.0,moderado
Ate,83.0,2,2,35.0,0,1820.0,moderado
San Juan de Lurigancho,197.3,4,3,33.0,1,3700.0,premium
Barranco,57.0,1,1,15.0,0,3160.0,premium
Magdalena,96.7,3,1,38.0,0,2900.0,moderado
Barranco,187.1,5,2,26.0,1,5750.0,premium
Chorrillos,162.1,1,1,26.0,1,3470.0,premium
la molina,166.3,2,2,6.0,0,5080.0,premium
Jesus Maria,189.0,5,1,38.0,1,4410.0,premium
Surco,209.4,5,3,20.0,0,6390.0,premium
Barranco,,1,1,,0,4380.0,premium
SURCO,217.4,5,1,19.0,0,6090.0,premium
Chorrillos,216.9,3,3,17.0,1,4820.0,premium
JESUS MARIA,198.4,1,1,30.0,0,4070.0,premium
Carabayllo,140.0,4,3,6.0,0,3630.0,premium
San Isidro,191.6,3,2,17.0,1,6900.0,premium
Surco,200.3,4,1,29.0,1,5860.0,premium
Barranco,109.8,1,1,27.0,0,3580.0,premium
Ate,137.7,2,2,13.0,1,3620.0,premium
Lince,174.3,2,2,7.0,1,4200.0,premium
La Molina,116.3,2,2,9.0,0,4880.0,premium
San Miguel,93.7,2,2,33.0,0,2810.0,moderado
Pueblo Libre,180.9,3,3,27.0,0,4230.0,premium
La Molina,103.7,4,2,17.0,0,4880.0,premium
San Borja,102.0,3,3,4.0,0,4900.0,premium
La Molina,99.5,3,2,2.0,1,5160.0,premium
SAN JUAN DE LURIGANCHO,69.8,4,1,36.0,0,1930.0,moderado
San Miguel,206.9,4,2,7.0,0,5280.0,premium
Jesus Maria,49.3,5,2,,0,3120.0,premium
Barranco,187.0,2,1,19.0,0,4910.0,premium
La Molina,123.4,5,2,39.0,1,4650.0,premium
Ate,176.0,2,2,29.0,1,3550.0,premium
San Borja,152.7,4,1,,0,4910.0,premium
San Juan de Lurigancho,52.8,1,1,8.0,1,2100.0,moderado
Miraflores,52.2,4,2,32.0,1,4910.0,premium
Pueblo Libre,,3,3,9.0,0,61271.0,premium
Surco,88.9,5,2,13.0,0,4930.0,premium
Jesus Maria,,5,3,,1,5340.0,premium
Ate,140.4,4,1,23.0,0,3200.0,premium
La Molina,92.6,1,1,28.0,1,3820.0,premium
Ate,134.9,5,3,13.0,0,3850.0,premium
San Isidro,137.9,1,1,10.0,0,6120.0,premium
Jesus Maria,174.9,4,2,2.0,1,5200.0,premium
Jesus Maria,150.2,5,3,32.0,1,4430.0,premium
Jesus Maria,189.1,1,1,14.0,0,4220.0,premium
Miraflores,218.8,3,1,7.0,1,7080.0,premium
PUEBLO LIBRE,217.6,4,2,5.0,0,5430.0,premium
Pueblo Libre,185.3,1,1,11.0,1,4150.0,premium
Miraflores,173.9,2,2,27.0,1,5870.0,premium
Magdalena,40.7,2,1,3.0,1,3390.0,premium
Surco,77.2,5,2,15.0,1,5250.0,premium
Surco,145.5,3,2,,0,5380.0,premium
San Borja,,1,1,11.0,1,4740.0,premium
Magdalena,198.4,1,1,15.0,1,4680.0,premium
Magdalena,127.0,3,3,37.0,1,3860.0,premium
La Molina,137.1,4,3,11.0,0,5440.0,premium
Ate,,2,2,39.0,1,2460.0,moderado
Lince,154.2,3,2,4.0,1,4380.0,premium
Ate,,4,3,8.0,1,4470.0,premium
Magdalena,103.4,2,1,26.0,1,3370.0,premium
San Juan de Lurigancho,54.4,2,2,10.0,1,2140.0,moderado
Magdalena,129.9,4,3,14.0,1,4840.0,premium
Chorrillos,164.4,5,2,29.0,1,4180.0,premium
Miraflores,111.1,1,1,20.0,1,4760.0,premium
Miraflores,106.5,2,2,24.0,0,4740.0,premium
Chorrillos,,5,1,30.0,1,3840.0,premium
San Borja,67.2,5,2,2.0,0,4850.0,premium
San Juan de Lurigancho,94.7,4,1,37.0,0,1960.0,moderado
Jesus Maria,203.1,1,1,2.0,1,5250.0,premium
San Isidro,198.8,4,2,21.0,1,7310.0,premium
La Molina,146.1,3,1,39.0,1,4370.0,premium
Miraflores,,2,2,5.0,1,6760.0,premium
Magdalena,116.6,5,2,16.0,1,4300.0,premium
San Isidro,176.6,2,2,9.0,1,6810.0,premium
Jesus Maria,197.1,2,2,32.0,1,4180.0,premium
Carabayllo,114.3,2,2,37.0,1,1980.0,moderado
San Borja,101.4,3,2,23.0,1,4900.0,premium
La Molina,131.0,2,1,19.0,0,4510.0,premium
Ate,124.2,1,1,4.0,0,2770.0,moderado
Jesus Maria,138.0,3,1,36.0,1,3460.0,premium
Miraflores,135.8,4,3,4.0,1,6900.0,premium
Pueblo Libre,53.5,5,3,32.0,1,2920.0,moderado
Magdalena,202.8,3,3,3.0,1,5710.0,premium
Carabayllo,71.9,2,2,25.0,0,1690.0,moderado
Carabayllo,56.4,3,2,33.0,1,1700.0,moderado
Magdalena,43.3,1,1,29.0,0,2120.0,moderado
San Juan de Lurigancho,,1,1,18.0,0,2940.0,moderado
Lince,173.5,3,3,26.0,0,3840.0,premium
Miraflores,79.4,3,2,14.0,0,5080.0,premium
Chorrillos,,3,3,,1,3200.0,premium
Miraflores,214.0,3,2,19.0,0,6510.0,premium
ATE,138.5,4,3,21.0,1,3590.0,premium
Ate,,2,2,32.0,1,3670.0,premium
Pueblo Libre,87.9,5,1,8.0,1,4180.0,premium
Chorrillos,166.2,3,2,13.0,1,4630.0,premium
Carabayllo,155.2,4,3,22.0,0,3460.0,premium
San Isidro,75.5,1,1,0.0,1,5510.0,premium
Lince,85.1,4,2,31.0,1,3110.0,premium
Miraflores,134.5,2,2,11.0,1,5770.0,premium
San Miguel,180.1,1,1,35.0,0,3230.0,premium
Chorrillos,139.9,4,3,12.0,0,3600.0,premium
Chorrillos,43.2,4,3,36.0,1,2190.0,moderado
Carabayllo,47.6,5,1,11.0,1,2470.0,moderado
La Molina,50.1,2,2,33.0,0,3300.0,premium
Carabayllo,214.5,5,1,7.0,0,4380.0,premium
Carabayllo,129.9,4,1,,1,3390.0,premium
Barranco,210.6,1,1,20.0,0,5050.0,premium
surco,103.6,3,2,9.0,1,5320.0,premium
San Isidro,179.8,3,3,29.0,1,6740.0,premium
Magdalena,71.5,4,3,,1,3650.0,premium
Pueblo Libre,183.7,4,1,22.0,1,4520.0,premium
San Miguel,155.7,3,3,20.0,0,4070.0,premium
San Miguel,133.7,5,1,35.0,1,3570.0,premium
Miraflores,130.8,3,3,37.0,1,5330.0,premium
San Miguel,161.8,3,1,33.0,1,3670.0,premium
Jesus Maria,89.1,5,3,12.0,1,4330.0,premium
Barranco,116.9,4,1,8.0,0,4960.0,premium
Miraflores,47.3,1,1,12.0,1,4220.0,premium
San Miguel,164.1,1,1,37.0,1,3390.0,premium
Chorrillos,,4,1,,1,3610.0,premium
Ate,90.7,2,2,33.0,1,2210.0,moderado
San Juan de Lurigancho,,2,2,29.0,0,1690.0,moderado
Lince,,5,2,34.0,0,3580.0,premium
Surco,90.9,4,1,21.0,0,4370.0,premium
Surco,106.4,1,1,,1,4520.0,premium
San Miguel,93.4,4,1,17.0,0,3450.0,premium
Barranco,126.6,4,3,,1,5230.0,premium
Jesus Maria,81.8,1,1,23.0,1,3130.0,premium
Carabayllo,179.7,2,2,6.0,1,3690.0,premium
San Juan de Lurigancho,118.1,3,2,1.0,0,3080.0,premium
Ate,,3,1,28.0,1,2610.0,moderado
Carabayllo,127.9,3,3,33.0,1,2880.0,moderado
Carabayllo,58.8,5,2,3.0,0,2440.0,moderado
San Juan de Lurigancho,129.0,3,3,9.0,1,3420.0,premium
Chorrillos,63.5,1,1,8.0,1,2540.0,moderado
San Miguel,123.9,2,2,25.0,1,3590.0,premium
San Borja,90.7,3,3,,1,4650.0,premium
San Miguel,,3,1,17.0,0,3470.0,premium
San Miguel,48.0,4,1,36.0,1,2820.0,moderado
Magdalena,146.0,3,2,,1,3850.0,premium
ate,216.2,1,1,21.0,1,3690.0,premium
Carabayllo,108.9,2,2,17.0,0,2350.0,moderado
San Juan de Lurigancho,212.5,4,1,1.0,1,4760.0,premium
San Isidro,52.9,5,1,16.0,1,5410.0,premium
San Isidro,89.2,5,1,25.0,0,5520.0,premium
Lince,135.8,4,2,24.0,0,3410.0,premium
La Molina,76.3,2,2,0.0,1,5010.0,premium
Ate,189.2,1,1,29.0,1,2980.0,moderado
Magdalena,75.7,2,1,3.0,1,3780.0,premium
Pueblo Libre,171.5,2,2,33.0,1,3650.0,premium
Miraflores,154.9,3,2,39.0,0,5480.0,premium
San Juan de Lurigancho,88.3,4,2,2.0,0,2990.0,moderado
Ate,94.3,2,1,34.0,1,2070.0,moderado
Surco,190.4,2,2,11.0,1,50712.0,premium
Surco,210.8,3,3,34.0,1,5880.0,premium
San Isidro,140.8,2,2,30.0,1,5760.0,premium
San Juan de Lurigancho,198.6,2,1,3.0,0,3650.0,premium
Miraflores,146.8,2,2,21.0,1,5800.0,premium
Chorrillos,80.7,2,1,15.0,1,2610.0,moderado
San Borja,108.1,1,1,20.0,1,4320.0,premium
Barranco,,2,2,18.0,1,4970.0,premium
Jesus Maria,72.6,5,2,33.0,1,3220.0,premium
Miraflores,,4,2,14.0,1,6440.0,premium
Magdalena,47.0,3,2,6.0,1,3660.0,premium
Lince,148.5,4,1,,0,3190.0,premium
San Juan de Lurigancho,172.9,1,1,5.0,0,2940.0,moderado
San Isidro,52.0,1,1,11.0,1,4710.0,premium
Chorrillos,210.0,1,1,18.0,1,3870.0,premium
Surco,208.8,3,3,31.0,0,5500.0,premium
Ate,,1,1,10.0,1,3050.0,premium
San Isidro,127.4,2,1,39.0,1,5400.0,premium
Ate,,2,2,26.0,1,1940.0,moderado
San Miguel,163.1,1,1,18.0,1,3850.0,premium
San Juan de Lurigancho,59.0,5,1,36.0,0,1630.0,moderado
San Isidro,132.8,2,2,8.0,1,6540.0,premium
Jesus Maria,70.4,2,2,5.0,1,3680.0,premium
Surco,156.8,2,2,39.0,1,5050.0,premium
Magdalena,113.8,3,2,20.0,1,4110.0,premium
San Miguel,82.2,1,1,20.0,0,2860.0,moderado
Surco,177.6,5,1,26.0,0,5540.0,premium
Barranco,205.0,3,2,13.0,0,5590.0,premium
Carabayllo,93.3,4,2,24.0,1,2450.0,moderado
Barranco,197.5,3,1,,1,5440.0,premium
San Borja,145.9,5,1,4.0,1,6230.0,premium
San Isidro,116.3,2,2,7.0,1,6290.0,premium
San Miguel,51.7,4,2,7.0,1,3840.0,premium
San Borja,97.0,1,1,7.0,1,4190.0,premium
Magdalena,132.1,5,3,23.0,0,4530.0,premium
Jesus Maria,137.5,2,1,18.0,0,3770.0,premium
Miraflores,184.6,4,2,29.0,1,35681.0,premium
Miraflores,215.7,4,3,29.0,0,6630.0,premium
Carabayllo,,1,1,36.0,1,890.0,economico
La Molina,136.2,2,2,32.0,1,4590.0,premium
Carabayllo,61.0,4,1,30.0,1,1820.0,moderado
San Isidro,156.2,4,1,36.0,1,6070.0,premium
San Borja,199.2,4,1,28.0,1,5730.0,premium
Chorrillos,219.7,5,1,4.0,1,59326.0,premium
Ate,131.6,3,1,36.0,0,2290.0,moderado
Magdalena,,2,2,37.0,1,3650.0,premium
Carabayllo,47.2,4,3,30.0,1,1810.0,moderado
Miraflores,173.6,1,1,,1,5970.0,premium
Surco,,3,3,32.0,1,4070.0,premium
San Miguel,175.8,5,3,9.0,1,5470.0,premium
San Borja,90.2,2,2,16.0,1,4600.0,premium
San Isidro,182.7,1,1,27.0,1,6280.0,premium
Lince,48.1,3,3,23.0,0,2400.0,moderado
LA MOLINA,82.7,4,2,11.0,0,4670.0,premium
Surco,73.6,1,1,11.0,1,4470.0,premium
Pueblo Libre,83.0,1,1,38.0,1,2660.0,moderado
Pueblo Libre,192.1,2,2,2.0,1,5000.0,premium
Carabayllo,163.8,2,2,,1,2610.0,moderado
Surco,49.5,4,1,6.0,1,4600.0,premium
San Isidro,213.1,4,1,23.0,0,7010.0,premium
Jesus Maria,169.7,4,1,3.0,1,5100.0,premium
San Borja,129.4,3,3,25.0,0,4660.0,premium
Pueblo Libre,48.4,4,2,23.0,0,2670.0,moderado
Barranco,114.3,1,1,25.0,1,3720.0,premium
Magdalena,198.3,2,2,37.0,1,4240.0,premium
San Isidro,68.1,1,1,8.0,1,5250.0,premium
Jesus Maria,91.2,5,2,36.0,0,3280.0,premium
Ate,92.5,1,1,12.0,1,2340.0,moderado
Carabayllo,160.6,3,1,12.0,1,3240.0,premium
Ate,104.8,4,3,16.0,1,3370.0,premium
Surco,150.2,2,2,28.0,0,4600.0,premium
Miraflores,184.2,5,3,4.0,1,7590.0,premium
Surco,52.9,2,2,21.0,1,3970.0,premium
San Miguel,191.7,3,1,33.0,1,4170.0,premium
Chorrillos,78.0,1,1,7.0,0,2450.0,moderado
San Borja,155.6,2,2,10.0,1,5370.0,premium
Magdalena,207.9,3,2,29.0,1,5030.0,premium
Magdalena,142.2,1,1,38.0,1,3310.0,premium
Pueblo Libre,109.2,5,1,6.0,1,4200.0,premium
San Juan de Lurigancho,,5,2,14.0,1,4090.0,premium
Carabayllo,107.6,2,2,30.0,1,1930.0,moderado
San Juan de Lurigancho,176.8,1,1,9.0,0,3140.0,premium
La Molina,72.9,4,1,20.0,0,4040.0,premium
San Borja,145.8,5,3,27.0,0,5130.0,premium
miraflores,106.4,5,2,19.0,0,5450.0,premium
Miraflores,201.9,3,2,29.0,1,6410.0,premium
Magdalena,161.0,1,1,23.0,1,3870.0,premium
Surco,215.1,1,1,35.0,0,4970.0,premium
Surco,204.3,3,1,12.0,0,5910.0,premium
Jesus Maria,49.9,4,3,,1,4100.0,premium
Surco,98.9,5,2,0.0,1,5540.0,premium
Jesus Maria,180.5,4,2,15.0,0,4900.0,premium
Chorrillos,40.1,4,3,34.0,0,2050.0,moderado
Pueblo Libre,59.3,4,1,6.0,1,3550.0,premium
Pueblo Libre,75.4,3,3,3.0,1,3990.0,premium
La Molina,86.2,3,1,13.0,1,4290.0,premium
Ate,167.0,2,2,6.0,1,47912.0,premium
San Miguel,148.9,3,3,29.0,0,42583.0,premium
Carabayllo,182.5,5,2,28.0,1,3820.0,premium
Barranco,44.7,5,3,25.0,1,3940.0,premium
San Borja,168.9,2,1,14.0,1,5510.0,premium
Magdalena,106.8,4,1,32.0,1,3820.0,premium
San Juan de Lurigancho,120.7,2,1,33.0,1,2030.0,moderado
San Borja,102.1,2,2,,1,4370.0,premium
Chorrillos,204.8,2,2,25.0,1,41214.0,premium
San Miguel,136.9,3,2,11.0,0,3810.0,premium
Chorrillos,78.4,4,1,,0,2100.0,moderado
San Isidro,213.9,5,1,2.0,1,7920.0,premium
Barranco,192.4,4,2,20.0,0,5480.0,premium
Chorrillos,143.2,1,1,27.0,1,2780.0,moderado
Pueblo Libre,207.4,4,1,,1,4970.0,premium
San Miguel,215.6,3,2,,1,4840.0,premium
San Borja,107.5,1,1,,1,4180.0,premium
Barranco,110.3,3,2,28.0,0,3890.0,premium
San Miguel,183.2,3,3,16.0,0,4410.0,premium
San Isidro,81.6,2,2,15.0,0,5020.0,premium
Pueblo Libre,219.3,2,2,36.0,0,4020.0,premium
Jesus Maria,,4,2,0.0,1,5080.0,premium
Lince,118.0,2,2,5.0,0,3520.0,premium
Magdalena,90.5,1,1,33.0,1,36432.0,moderado
Lince,93.6,3,1,18.0,1,3100.0,premium
Surco,67.5,3,3,22.0,0,4220.0,premium
Ate,170.1,1,1,12.0,1,3420.0,premium
Carabayllo,,5,2,8.0,1,3860.0,premium
Pueblo Libre,144.6,5,1,34.0,1,3840.0,premium
Surco,,1,1,21.0,1,5740.0,premium
Carabayllo,,2,2,30.0,1,2890.0,moderado
Chorrillos,68.5,4,2,20.0,0,2820.0,moderado
Chorrillos,70.9,1,1,3.0,1,2940.0,moderado
Miraflores,59.6,3,2,16.0,1,5320.0,premium
San Isidro,134.6,2,1,36.0,1,5220.0,premium
Barranco,92.9,3,3,,1,3780.0,premium
San Miguel,154.8,4,2,30.0,1,4010.0,premium
Chorrillos,172.2,1,1,28.0,1,3080.0,premium
Barranco,82.2,4,3,0.0,1,5250.0,premium
San Isidro,150.1,3,3,39.0,0,5720.0,premium
Lince,171.0,5,1,20.0,0,4150.0,premium
Chorrillos,79.3,3,1,30.0,1,2320.0,moderado
Miraflores,199.2,1,1,27.0,1,5870.0,premium
Surco,48.1,1,1,27.0,1,3430.0,premium
Lince,79.0,2,1,,0,2470.0,moderado
Pueblo Libre,82.5,5,2,9.0,1,3600.0,premium
San Miguel,187.1,4,2,16.0,1,4910.0,premium
San Miguel,66.7,1,1,33.0,1,2340.0,moderado
Chorrillos,163.5,5,1,9.0,0,4020.0,premium
Ate,175.6,4,3,18.0,0,3940.0,premium
CARABAYLLO,149.8,5,3,35.0,1,3250.0,premium
Magdalena,141.8,4,2,24.0,1,4270.0,premium
Surco,,1,1,,1,4570.0,premium
San Miguel,155.1,1,1,38.0,1,3210.0,premium
Pueblo Libre,,2,1,7.0,0,3990.0,premium
San Borja,105.8,5,3,38.0,1,4570.0,premium
La Molina,49.3,4,1,30.0,1,3470.0,premium
San Borja,116.3,5,2,31.0,1,4740.0,premium
Lince,190.2,2,2,19.0,0,3940.0,premium
Surco,,3,1,9.0,1,5640.0,premium
Miraflores,167.4,1,1,0.0,1,6340.0,premium
SAN MIGUEL,76.5,5,2,13.0,1,3620.0,premium
San Miguel,71.2,4,3,15.0,0,58515.0,premium
La Molina,188.9,3,3,33.0,1,5430.0,premium
Jesus Maria,190.9,5,2,19.0,1,5230.0,premium
Ate,141.7,5,3,8.0,1,4090.0,premium
San Isidro,92.6,1,1,3.0,1,5840.0,premium
Ate,117.9,2,1,6.0,0,46965.0,moderado
San Borja,203.7,3,3,32.0,1,5940.0,premium
Pueblo Libre,208.6,3,1,28.0,1,4470.0,premium
Surco,161.9,5,3,33.0,0,5490.0,premium
Pueblo Libre,,3,3,6.0,0,5010.0,premium
La Molina,196.7,2,2,35.0,1,5200.0,premium
Chorrillos,,5,1,29.0,1,3220.0,premium
San Isidro,68.3,3,2,2.0,0,5820.0,premium
Magdalena,,4,3,16.0,1,4030.0,premium
Ate,155.9,5,1,7.0,1,4030.0,premium
San Borja,80.8,3,2,27.0,1,4220.0,premium
San Borja,137.1,3,3,1.0,1,5710.0,premium
Ate,72.7,2,2,5.0,1,2690.0,moderado
Magdalena,100.5,3,2,13.0,1,4110.0,premium
Pueblo Libre,194.9,3,3,4.0,1,5280.0,premium
Ate,121.4,1,1,11.0,1,3030.0,premium
Jesus Maria,84.9,4,3,19.0,0,3880.0,premium
La Molina,81.0,4,1,37.0,1,3920.0,premium
Miraflores,63.5,3,1,28.0,1,4590.0,premium
San Borja,52.9,4,3,5.0,1,5090.0,premium
Lince,124.6,3,3,21.0,1,4070.0,premium
La Molina,169.9,2,2,22.0,1,5230.0,premium
Miraflores,,5,2,8.0,1,5610.0,premium
Miraflores,167.4,1,1,0.0,1,6340.0,premium
San Isidro,122.8,5,3,25.0,1,6650.0,premium
Jesus Maria,192.1,4,1,6.0,1,5280.0,premium
Carabayllo,75.8,2,2,22.0,1,1960.0,moderado
Pueblo Libre,74.2,2,2,14.0,1,3230.0,premium
Ate,102.5,4,2,3.0,0,3280.0,premium
San Isidro,213.2,5,1,,1,7130.0,premium
LA MOLINA,95.8,5,3,35.0,0,4280.0,premium
Surco,202.4,3,3,36.0,1,5640.0,premium
Magdalena,50.4,2,2,35.0,1,2440.0,moderado
Magdalena,187.6,4,2,25.0,1,4840.0,premium
Pueblo Libre,73.6,4,1,,1,3060.0,premium
Chorrillos,117.4,2,2,37.0,0,2340.0,moderado
Jesus Maria,147.4,5,1,27.0,1,4540.0,premium
San Isidro,73.3,3,3,5.0,0,5970.0,premium
Miraflores,97.3,3,2,37.0,0,4830.0,premium
SAN ISIDRO,,4,1,28.0,1,6180.0,premium
San Juan de Lurigancho,,2,1,32.0,0,2370.0,moderado
San Borja,211.7,1,1,30.0,1,5520.0,premium
La Molina,218.3,5,3,28.0,1,6210.0,premium
Barranco,110.5,3,2,27.0,1,4550.0,premium
Miraflores,207.7,1,1,22.0,1,6190.0,premium
Barranco,115.7,5,1,13.0,1,5080.0,premium
Pueblo Libre,162.9,1,1,20.0,0,3560.0,premium
Chorrillos,51.6,1,1,20.0,1,1810.0,moderado
Ate,171.3,5,3,31.0,1,3900.0,premium
Magdalena,63.5,2,2,10.0,1,3380.0,premium
San Borja,213.8,4,2,26.0,1,6340.0,premium
San Juan de Lurigancho,,4,3,26.0,1,3410.0,premium
La Molina,216.3,4,3,1.0,1,6980.0,premium
Miraflores,99.8,4,3,,1,5050.0,premium
Carabayllo,59.2,5,1,38.0,1,1450.0,economico
Miraflores,63.5,1,1,7.0,1,5210.0,premium
Barranco,134.9,1,1,32.0,0,3750.0,premium
Miraflores,97.1,2,2,32.0,1,4860.0,premium
Chorrillos,61.4,4,2,27.0,0,2750.0,moderado
Pueblo Libre,97.6,4,1,18.0,0,3020.0,premium
Surco,67.8,2,2,37.0,0,3600.0,premium
San Juan de Lurigancho,43.6,5,1,12.0,1,2380.0,moderado
SAN ISIDRO,169.7,4,1,34.0,0,6020.0,premium
Surco,98.0,1,1,17.0,0,4310.0,premium
Magdalena,103.2,2,2,38.0,1,3130.0,premium
Chorrillos,219.5,2,2,24.0,1,4120.0,premium
San Isidro,198.3,3,2,29.0,1,6880.0,premium
Lince,137.9,1,1,26.0,0,2860.0,moderado
Magdalena,156.0,3,3,11.0,1,4930.0,premium
Pueblo Libre,86.7,2,1,27.0,1,2640.0,moderado
San Isidro,118.9,5,2,27.0,1,6260.0,premium
Pueblo Libre,,1,1,30.0,1,4210.0,premium
San Miguel,140.4,5,3,38.0,1,4090.0,premium
San Borja,93.6,3,1,1.0,0,4980.0,premium
San Miguel,189.6,3,2,15.0,1,5010.0,premium
Lince,45.9,5,2,28.0,1,2950.0,moderado
San Borja,97.1,2,2,2.0,0,5050.0,premium
San Juan de Lurigancho,64.4,2,2,17.0,1,2190.0,moderado
San Juan de Lurigancho,108.8,3,3,21.0,0,2540.0,moderado
San Isidro,123.3,5,1,12.0,1,6440.0,premium
Lince,148.2,2,2,22.0,1,3520.0,premium
Pueblo Libre,95.1,5,3,,1,3790.0,premium
Surco,77.1,2,2,39.0,1,3830.0,premium
Surco,124.3,2,2,14.0,1,5100.0,premium
JESUS MARIA,44.7,3,2,2.0,0,3690.0,premium
Magdalena,213.8,2,1,,0,3830.0,premium
Magdalena,196.6,5,1,27.0,1,5060.0,premium
San Miguel,46.6,3,1,29.0,0,2290.0,moderado
San Isidro,111.2,5,3,,1,6600.0,premium
Surco,165.8,4,3,35.0,0,5230.0,premium
La Molina,58.9,2,2,25.0,0,3770.0,premium
Chorrillos,139.9,4,1,36.0,0,3020.0,premium
San Borja,78.0,2,2,14.0,1,4230.0,premium
San Isidro,165.4,5,2,28.0,0,6520.0,premium
Lince,212.6,1,1,20.0,0,3900.0,premium
Carabayllo,114.6,1,1,16.0,0,2160.0,moderado
Barranco,207.1,4,3,18.0,0,5820.0,premium
Jesus Maria,211.4,3,2,31.0,1,4550.0,premium
Chorrillos,101.3,2,2,21.0,1,3110.0,premium
Pueblo Libre,89.8,1,1,20.0,0,2470.0,moderado
San Borja,88.9,5,2,21.0,1,4800.0,premium
Surco,144.8,2,2,10.0,1,5200.0,premium
Surco,63.6,3,1,36.0,1,3820.0,premium
San Miguel,134.2,2,1,,1,4080.0,premium
Barranco,131.3,4,1,4.0,1,5300.0,premium
Barranco,143.7,1,1,35.0,0,3630.0,premium
La Molina,200.2,5,3,25.0,0,5950.0,premium
Lince,99.5,4,1,12.0,0,3620.0,premium
Pueblo Libre,65.8,2,2,8.0,1,3220.0,premium
Surco,193.8,4,2,4.0,1,6650.0,premium
Lince,95.2,3,2,8.0,0,3540.0,premium
Lince,79.1,3,3,34.0,0,2700.0,moderado
Barranco,176.6,4,1,32.0,1,5360.0,premium
Barranco,194.6,1,1,22.0,1,4830.0,premium
San Borja,89.1,1,1,21.0,0,3910.0,premium
CHORRILLOS,,1,1,9.0,1,2470.0,moderado
Carabayllo,80.9,1,1,18.0,1,1730.0,moderado
Pueblo Libre,211.4,2,1,35.0,1,3990.0,premium
Pueblo Libre,164.4,4,2,13.0,1,4700.0,premium
San Borja,,3,3,1.0,1,6960.0,premium
San Juan de Lurigancho,134.5,1,1,,0,1750.0,moderado
Barranco,146.2,1,1,9.0,1,4720.0,premium
San Miguel,90.2,1,1,4.0,0,3330.0,premium
La Molina,99.7,1,1,0.0,1,4780.0,premium
Ate,170.5,3,3,28.0,1,3550.0,premium
Jesus Maria,204.9,2,2,26.0,0,4040.0,premium
San Juan de Lurigancho,132.3,4,3,35.0,0,2690.0,moderado
Jesus Maria,65.0,4,1,20.0,0,3310.0,premium
PUEBLO LIBRE,,4,3,11.0,0,5250.0,premium
Surco,137.7,1,1,38.0,1,4550.0,premium
San Isidro,51.7,4,1,35.0,0,4640.0,premium
San Borja,,5,1,19.0,1,4940.0,premium
Magdalena,219.8,3,1,35.0,0,4560.0,premium
Chorrillos,181.4,3,1,15.0,1,4340.0,premium
Ate,166.9,5,1,29.0,0,3430.0,premium
Miraflores,54.5,4,3,30.0,1,5090.0,premium
Barranco,90.6,2,1,28.0,0,3670.0,premium
Pueblo Libre,157.7,2,2,10.0,0,3880.0,premium
Miraflores,160.9,1,1,14.0,1,5790.0,premium
Magdalena,82.7,5,3,24.0,1,3910.0,premium
San Borja,208.2,4,3,28.0,1,5970.0,premium
San Juan de Lurigancho,91.3,4,2,23.0,0,2120.0,moderado
Magdalena,217.4,1,1,29.0,0,4220.0,premium
San Juan de Lurigancho,61.0,5,1,29.0,1,2210.0,moderado
Surco,103.3,3,1,26.0,1,4640.0,premium
San Isidro,203.3,2,2,35.0,1,6520.0,premium
San Juan de Lurigancho,74.4,3,3,34.0,1,2070.0,moderado
Jesus Maria,156.1,5,1,12.0,1,4730.0,premium
Lince,133.5,1,1,16.0,1,3210.0,premium
San Borja,167.6,3,3,14.0,1,6070.0,premium
San Juan de Lurigancho,157.1,2,2,0.0,1,3680.0,premium
Jesus Maria,109.5,4,2,34.0,1,3640.0,premium
Lince,98.0,1,1,27.0,0,2360.0,moderado
Barranco,117.3,2,2,,0,4230.0,premium
CHORRILLOS,122.3,5,2,,1,3530.0,premium
La Molina,139.1,3,3,37.0,1,4660.0,premium
Jesus Maria,151.3,2,1,15.0,0,37888.0,premium
Carabayllo,90.4,2,2,24.0,0,1850.0,moderado
Magdalena,193.5,2,2,21.0,1,4680.0,premium
San Miguel,89.6,3,2,4.0,1,4030.0,premium
San Isidro,91.2,1,1,27.0,1,5070.0,premium
Miraflores,216.9,1,1,,1,6810.0,premium
Pueblo Libre,109.9,1,1,2.0,1,3640.0,premium
San Miguel,210.5,5,1,26.0,1,4970.0,premium
Pueblo Libre,203.7,1,1,2.0,1,4730.0,premium
Ate,147.2,2,1,0.0,1,3880.0,premium
La Molina,136.3,4,1,35.0,0,4210.0,premium
Lince,,3,3,35.0,1,3200.0,premium
Miraflores,169.3,1,1,2.0,0,6190.0,premium
Carabayllo,213.2,2,1,37.0,0,2860.0,moderado
Jesus Maria,196.0,4,1,0.0,1,5380.0,premium
Miraflores,46.8,4,3,19.0,1,5170.0,premium
Barranco,80.1,5,1,25.0,1,4380.0,premium
Barranco,210.5,3,2,1.0,1,6460.0,premium
Surco,54.0,4,2,4.0,1,4930.0,premium
pueblo libre,162.3,4,1,8.0,1,4500.0,premium
Carabayllo,159.5,5,2,19.0,1,3640.0,premium
Magdalena,194.7,5,2,3.0,1,6040.0,premium
JESUS MARIA,179.7,5,3,32.0,0,4310.0,premium
Jesus Maria,154.4,2,2,15.0,1,4480.0,premium
Chorrillos,59.2,3,3,9.0,0,2870.0,moderado
San Juan de Lurigancho,,4,2,14.0,1,2860.0,moderado
Pueblo Libre,203.8,1,1,14.0,0,4320.0,premium
San Miguel,40.6,2,2,9.0,1,3030.0,premium
SAN ISIDRO,83.7,5,2,0.0,1,6750.0,premium
JESUS MARIA,64.3,1,1,0.0,1,3330.0,premium
Lince,106.4,3,1,16.0,0,3170.0,premium
Lince,203.6,4,1,24.0,1,4660.0,premium
Jesus Maria,122.9,1,1,28.0,0,3040.0,premium
La Molina,81.8,3,1,0.0,1,4930.0,premium
La Molina,193.7,5,3,7.0,0,6610.0,premium
Miraflores,200.9,3,3,14.0,1,7050.0,premium
Magdalena,152.9,3,3,37.0,1,4430.0,premium
MIRAFLORES,186.5,3,1,39.0,1,5630.0,premium
San Juan de Lurigancho,123.4,1,1,37.0,1,2010.0,moderado
La Molina,117.8,3,3,17.0,0,4660.0,premium
San Miguel,136.8,4,2,14.0,1,4210.0,premium
Chorrillos,124.2,5,3,29.0,1,3650.0,premium
Carabayllo,133.6,5,2,16.0,0,3120.0,premium
Carabayllo,186.5,2,2,25.0,1,3340.0,premium
San Miguel,47.9,1,1,34.0,1,2240.0,moderado
San Isidro,85.5,2,1,32.0,0,4630.0,premium
San Miguel,132.7,1,1,20.0,1,3750.0,premium
Ate,80.7,5,1,5.0,1,3150.0,premium
San Isidro,44.7,2,2,,1,5270.0,premium
Carabayllo,72.2,2,1,4.0,1,2380.0,moderado
San Isidro,146.7,1,1,5.0,1,6640.0,premium
Jesus Maria,194.9,4,2,21.0,1,5240.0,premium
Lince,130.9,2,2,13.0,1,3740.0,premium
Barranco,83.4,4,2,38.0,1,3930.0,premium
Ate,50.0,4,1,37.0,1,1980.0,moderado
Surco,146.8,3,2,33.0,1,5000.0,premium
San Isidro,209.8,5,1,18.0,0,7190.0,premium
Barranco,113.2,3,2,8.0,1,4840.0,premium
Surco,211.6,1,1,28.0,1,5280.0,premium
San Miguel,89.2,4,1,34.0,1,2990.0,moderado
Surco,174.3,4,3,6.0,0,5890.0,premium
Miraflores,157.9,3,3,25.0,1,5910.0,premium
San Miguel,160.2,1,1,2.0,0,4040.0,premium
Ate,65.1,2,1,,1,2250.0,moderado
Pueblo Libre,143.6,5,1,19.0,0,4150.0,premium
La Molina,177.7,2,2,4.0,0,5600.0,premium
Chorrillos,124.2,3,1,21.0,1,3520.0,premium
Jesus Maria,184.8,4,3,31.0,1,5110.0,premium
Pueblo Libre,211.2,1,1,26.0,1,4120.0,premium
San Isidro,53.6,2,1,33.0,0,4250.0,premium
Carabayllo,,2,2,,1,2490.0,moderado
Pueblo Libre,,2,1,0.0,1,4040.0,premium
Surco,149.2,2,2,11.0,1,5450.0,premium
Ate,59.3,2,2,23.0,1,37318.0,moderado
Jesus Maria,47.1,4,3,28.0,0,2900.0,moderado
San Borja,166.5,4,3,27.0,0,5580.0,premium
San Juan de Lurigancho,91.4,4,3,28.0,0,2040.0,moderado
Pueblo Libre,162.4,4,1,18.0,1,4390.0,premium
San Isidro,186.5,2,2,1.0,1,7700.0,premium
Surco,119.6,1,1,1.0,1,5150.0,premium
Barranco,74.3,5,2,19.0,0,4350.0,premium
Ate,196.7,3,3,0.0,1,4840.0,premium
Magdalena,99.9,4,2,11.0,0,4160.0,premium
Barranco,102.1,3,2,37.0,1,4000.0,premium
Ate,202.9,2,2,3.0,0,4060.0,premium
Lince,178.7,1,1,12.0,1,4110.0,premium
San Miguel,200.2,3,1,29.0,1,4490.0,premium
Ate,137.0,4,2,27.0,0,2790.0,moderado
Jesus Maria,181.2,1,1,28.0,1,4040.0,premium
Ate,196.7,2,1,27.0,1,3560.0,premium
San Isidro,198.7,3,3,4.0,0,7500.0,premium
Barranco,188.0,3,2,22.0,0,5230.0,premium
San Isidro,50.1,3,1,19.0,0,4720.0,premium
Chorrillos,188.7,1,1,28.0,1,3580.0,premium
San Isidro,83.8,4,1,0.0,0,5890.0,premium
San Miguel,171.6,5,2,36.0,1,4270.0,premium
Jesus Maria,132.3,5,1,18.0,1,4300.0,premium
Chorrillos,,1,1,,0,3880.0,premium
Surco,49.0,1,1,23.0,0,3490.0,premium
La Molina,105.4,5,2,34.0,0,4320.0,premium
Carabayllo,172.5,1,1,20.0,0,2500.0,moderado
Ate,78.7,2,2,13.0,1,2740.0,moderado
San Isidro,106.8,3,3,35.0,0,5260.0,premium
Jesus Maria,,3,3,12.0,1,5080.0,premium
San Isidro,,2,2,33.0,0,6360.0,premium
Pueblo Libre,121.1,4,3,35.0,0,3150.0,premium
Chorrillos,77.7,3,2,37.0,1,2150.0,moderado
Lince,,4,1,35.0,1,2500.0,moderado
San Borja,139.3,1,1,27.0,0,4370.0,premium
San Isidro,46.5,2,2,,1,4580.0,premium
San Miguel,56.2,4,2,5.0,0,3300.0,premium
Miraflores,200.0,5,1,2.0,1,7190.0,premium
Ate,45.9,1,1,19.0,1,1850.0,moderado
Ate,123.4,4,1,19.0,0,2980.0,moderado
Jesus Maria,152.8,2,2,19.0,1,4360.0,premium
Barranco,63.1,1,1,,1,3940.0,premium
San Isidro,174.0,1,1,25.0,0,5770.0,premium
San Isidro,,2,2,0.0,1,6360.0,premium
San Juan de Lurigancho,96.6,3,3,36.0,0,1910.0,moderado
La Molina,146.5,1,1,22.0,1,4770.0,premium
San Isidro,,2,2,8.0,1,5590.0,premium
san isidro,160.4,5,2,37.0,1,6560.0,premium
Lince,53.6,3,1,11.0,1,2880.0,moderado
San Borja,197.6,4,1,31.0,1,5740.0,premium
Pueblo Libre,65.0,4,1,25.0,0,2730.0,moderado
Jesus Maria,97.7,3,2,21.0,1,3320.0,premium
Lince,76.8,1,1,23.0,1,2690.0,moderado
Lince,85.9,1,1,14.0,1,2890.0,moderado
Miraflores,90.7,2,2,30.0,1,4660.0,premium
Chorrillos,146.0,5,3,34.0,1,3730.0,premium
Magdalena,98.3,1,1,7.0,1,3550.0,premium
magdalena,200.6,1,1,13.0,1,4750.0,premium
San Isidro,189.2,2,2,36.0,1,6090.0,premium
La Molina,155.5,1,1,0.0,0,44668.0,premium
Jesus Maria,170.8,3,3,,1,4680.0,premium
La Molina,66.4,5,2,6.0,1,5040.0,premium
San Borja,124.3,4,2,33.0,1,4880.0,premium
San Isidro,216.8,2,1,36.0,0,6410.0,premium
San Juan de Lurigancho,185.0,2,2,24.0,1,3190.0,premium
Ate,64.8,1,1,38.0,1,43462.0,economico
Surco,155.2,2,2,39.0,1,4410.0,premium
San Juan de Lurigancho,184.6,1,1,24.0,0,2710.0,moderado
San Isidro,61.6,1,1,36.0,1,4800.0,premium
Barranco,120.4,5,3,4.0,1,5880.0,premium
San Isidro,66.8,4,3,29.0,1,5450.0,premium
Carabayllo,169.1,1,1,21.0,1,2960.0,moderado
Surco,84.8,2,1,31.0,0,3720.0,premium
Miraflores,,5,1,26.0,1,5000.0,premium
Pueblo Libre,137.8,2,2,7.0,0,3830.0,premium
La Molina,54.4,4,1,17.0,1,4060.0,premium
Ate,84.5,3,2,1.0,1,3000.0,moderado
San Juan de Lurigancho,41.2,3,3,7.0,1,2460.0,moderado
San Juan de Lurigancho,161.2,2,2,27.0,1,3020.0,premium
San Isidro,200.8,4,3,3.0,1,7950.0,premium
Jesus Maria,51.0,1,1,4.0,1,3180.0,premium
San Borja,219.6,4,3,0.0,1,7110.0,premium
San Miguel,207.5,5,2,11.0,1,5380.0,premium
Pueblo Libre,206.9,3,1,27.0,0,4290.0,premium
San Borja,168.3,1,1,29.0,1,4950.0,premium
Chorrillos,,2,2,26.0,1,2400.0,moderado
San Borja,64.1,4,2,34.0,1,4110.0,premium
Ate,168.5,2,2,16.0,1,3540.0,premium
Ate,,2,2,9.0,1,3680.0,premium
La Molina,77.5,1,1,31.0,1,3420.0,premium
Ate,151.8,5,2,30.0,0,3170.0,premium
Lince,100.2,5,1,,1,3650.0,premium
Jesus Maria,131.0,1,1,12.0,1,4000.0,premium
San Juan de Lurigancho,171.5,2,2,35.0,1,2770.0,moderado
San Miguel,158.1,1,1,28.0,0,3410.0,premium
San Isidro,116.7,5,2,29.0,0,5790.0,premium
San Borja,118.5,4,3,23.0,1,5330.0,premium
Barranco,182.1,2,2,30.0,1,4990.0,premium
Chorrillos,58.1,1,1,14.0,1,2200.0,moderado
La Molina,203.8,4,1,21.0,1,5760.0,premium
ate,154.5,3,1,24.0,0,3330.0,premium
La Molina,98.9,3,3,3.0,1,5220.0,premium
La Molina,138.2,5,1,35.0,1,5140.0,premium
La Molina,181.9,3,2,15.0,1,5830.0,premium
Chorrillos,133.0,3,3,30.0,0,3300.0,premium
San Isidro,103.7,1,1,,1,5910.0,premium
SURCO,59.5,5,3,11.0,1,5060.0,premium
Magdalena,218.0,2,2,21.0,1,5020.0,premium
Chorrillos,163.9,3,3,24.0,1,3700.0,premium
San Miguel,102.6,1,1,28.0,1,62095.0,moderado
Surco,206.3,4,1,30.0,1,5900.0,premium
Lince,118.6,5,2,19.0,1,3980.0,premium
San Borja,99.2,2,2,39.0,1,4220.0,premium
Miraflores,121.8,3,1,24.0,0,5100.0,premium
Carabayllo,179.8,5,2,21.0,1,3680.0,premium
Miraflores,201.3,4,3,35.0,1,6690.0,premium
SAN MIGUEL,128.1,3,3,17.0,1,4130.0,premium
Ate,173.4,5,3,38.0,0,3170.0,premium
Carabayllo,219.8,3,3,22.0,1,4020.0,premium
Surco,194.4,3,3,27.0,0,5310.0,premium
Pueblo Libre,149.9,2,2,6.0,0,4180.0,premium
La Molina,165.4,5,2,7.0,1,6350.0,premium
San Miguel,42.5,3,3,19.0,1,3060.0,premium
Miraflores,106.8,5,1,39.0,1,5330.0,premium
Jesus Maria,76.3,2,2,30.0,0,2600.0,moderado
San Isidro,60.4,4,3,24.0,0,5220.0,premium
San Borja,,4,3,24.0,1,5100.0,premium
san miguel,,3,2,3.0,1,3710.0,premium
Ate,58.0,1,1,17.0,1,2000.0,moderado
San Isidro,,3,3,6.0,1,7000.0,premium
San Miguel,55.8,5,1,18.0,1,3350.0,premium
Miraflores,139.5,2,1,14.0,0,5830.0,premium
Pueblo Libre,79.5,1,1,26.0,1,2560.0,moderado
San Juan de Lurigancho,179.8,1,1,12.0,1,3180.0,premium
San Isidro,209.1,4,1,5.0,0,7370.0,premium
Miraflores,76.8,4,1,8.0,0,5400.0,premium
Miraflores,205.5,1,1,31.0,0,5680.0,premium
Carabayllo,125.8,1,1,17.0,0,2420.0,moderado
Chorrillos,143.4,1,1,22.0,0,3160.0,premium
San Borja,,2,2,29.0,0,4260.0,premium
Miraflores,66.7,4,3,32.0,0,4960.0,premium
San Juan de Lurigancho,111.3,1,1,25.0,0,1900.0,moderado
Miraflores,204.0,5,1,,1,6530.0,premium
La Molina,,4,2,,1,6260.0,premium
Barranco,81.1,2,2,,1,4230.0,premium
Ate,107.9,1,1,23.0,1,2350.0,moderado
Magdalena,89.2,5,3,37.0,0,3360.0,premium
Magdalena,193.3,5,1,19.0,1,5080.0,premium
Jesus Maria,191.4,4,3,12.0,1,5350.0,premium
Surco,54.8,2,2,1.0,1,4550.0,premium
Barranco,53.1,1,1,11.0,0,3450.0,premium
Magdalena,62.5,4,3,10.0,0,3630.0,premium
PUEBLO LIBRE,59.2,3,2,9.0,0,2920.0,moderado
Jesus Maria,189.5,2,1,13.0,1,4820.0,premium
Barranco,216.8,1,1,15.0,0,4860.0,premium
San Miguel,,3,2,,1,4850.0,premium
MIRAFLORES,,3,1,12.0,1,58816.0,premium
Ate,219.7,1,1,24.0,0,3340.0,premium
Carabayllo,87.9,1,1,18.0,1,2060.0,moderado
Barranco,102.1,3,2,37.0,1,4000.0,premium
San Isidro,183.5,4,2,9.0,1,7510.0,premium
Carabayllo,124.9,3,3,15.0,1,3320.0,premium
JESUS MARIA,184.5,1,1,3.0,1,4780.0,premium
Lince,80.7,1,1,23.0,1,2770.0,moderado
Barranco,210.6,2,2,8.0,0,60358.0,premium
Ate,73.3,2,2,,1,2020.0,moderado
Pueblo Libre,118.3,1,1,24.0,1,3150.0,premium
Pueblo Libre,40.8,2,2,29.0,0,2150.0,moderado
Ate,218.7,3,1,10.0,1,4630.0,premium
San Isidro,65.0,5,2,18.0,1,6000.0,premium
Jesus Maria,169.4,3,3,34.0,1,4350.0,premium
San Miguel,,2,2,25.0,1,2560.0,moderado
Jesus Maria,77.5,2,2,2.0,1,3750.0,premium
Miraflores,183.8,4,3,28.0,1,6320.0,premium
Ate,135.3,5,3,,1,3780.0,premium
San Juan de Lurigancho,137.2,2,2,23.0,1,2770.0,moderado
JESUS MARIA,75.2,1,1,28.0,1,2800.0,moderado
Pueblo Libre,69.0,5,1,28.0,1,3290.0,premium
San Borja,159.1,3,1,3.0,0,44262.0,premium
Miraflores,111.6,4,3,25.0,1,5640.0,premium
Pueblo Libre,181.7,2,2,6.0,0,4520.0,premium
Jesus Maria,198.1,1,1,,0,4360.0,premium
San Miguel,138.0,4,3,18.0,1,4460.0,premium
Barranco,78.7,2,1,39.0,1,3300.0,premium
Pueblo Libre,158.6,5,2,11.0,1,4590.0,premium
San Borja,65.3,4,3,,1,4850.0,premium
Miraflores,113.3,3,3,,1,5900.0,premium
Ate,119.9,3,1,25.0,0,2790.0,moderado
Lince,117.3,3,1,,1,3350.0,premium
Ate,128.4,4,3,32.0,1,2970.0,moderado
Jesus Maria,103.6,2,1,28.0,1,3110.0,premium
Lince,131.6,5,1,12.0,1,4140.0,premium
Miraflores,178.7,2,2,36.0,0,5520.0,premium
Magdalena,,4,1,30.0,1,4770.0,premium
San Miguel,136.4,1,1,20.0,1,3410.0,premium
Barranco,104.0,2,2,3.0,0,4600.0,premium
Chorrillos,103.2,3,1,15.0,1,3370.0,premium
Ate,204.4,1,1,11.0,1,3900.0,premium
Surco,200.3,4,3,30.0,0,5960.0,premium
San Miguel,164.0,4,1,24.0,0,4560.0,premium
Ate,119.8,4,3,1.0,1,3790.0,premium
Barranco,129.1,1,1,28.0,0,3590.0,premium
Jesus Maria,71.8,3,1,14.0,1,3350.0,premium
Surco,82.6,2,2,15.0,1,4500.0,premium
Pueblo Libre,79.2,5,3,11.0,0,3910.0,premium
Chorrillos,142.3,5,3,33.0,1,3590.0,premium
Pueblo Libre,197.7,4,3,36.0,1,4440.0,premium
San Juan de Lurigancho,46.4,2,2,35.0,1,1290.0,economico
Jesus Maria,77.2,5,2,24.0,0,3650.0,premium
Surco,215.8,3,1,19.0,1,5770.0,premium
Jesus Maria,186.6,4,1,12.0,1,5010.0,premium
Carabayllo,82.5,5,1,5.0,0,2580.0,moderado
Ate,129.3,2,2,23.0,1,2990.0,moderado
San Borja,202.6,1,1,21.0,1,5850.0,premium
Jesus Maria,214.2,5,2,2.0,1,5850.0,premium
Barranco,167.2,4,3,38.0,0,4530.0,premium
San Borja,198.3,2,1,23.0,1,5600.0,premium
La Molina,219.9,3,1,38.0,1,5250.0,premium
Carabayllo,46.6,3,1,38.0,1,1530.0,moderado
Surco,169.3,5,2,23.0,1,6090.0,premium
Pueblo Libre,196.2,2,2,35.0,0,3430.0,premium
Miraflores,219.3,4,1,38.0,1,6480.0,premium
San Isidro,45.7,4,1,23.0,1,4660.0,premium
san borja,195.5,4,1,8.0,0,6190.0,premium
San Isidro,197.1,2,2,5.0,0,7090.0,premium
San Isidro,57.7,1,1,21.0,1,4850.0,premium
San Borja,187.3,2,2,31.0,0,5180.0,premium
Surco,,3,3,6.0,1,5470.0,premium
Magdalena,,5,3,8.0,0,5080.0,premium
San Juan de Lurigancho,,4,1,34.0,1,3080.0,premium
La Molina,59.9,3,2,33.0,1,3840.0,premium
Jesus Maria,92.4,1,1,1.0,1,3590.0,premium
san borja,62.9,2,2,,0,3640.0,premium
Ate,218.1,3,2,20.0,1,4140.0,premium
Magdalena,102.3,3,2,22.0,1,3850.0,premium
Magdalena,44.8,2,2,38.0,1,2520.0,moderado
San Juan de Lurigancho,171.0,5,2,8.0,0,3830.0,premium
Miraflores,57.8,2,1,5.0,0,4590.0,premium
Barranco,165.7,1,1,,1,5560.0,premium
Carabayllo,165.3,4,3,24.0,0,3120.0,premium
Surco,116.1,1,1,2.0,1,5080.0,premium
Lince,84.9,4,3,15.0,0,3430.0,premium
San Isidro,98.7,1,1,34.0,1,5040.0,premium
Jesus Maria,111.6,1,1,22.0,0,2920.0,moderado
Miraflores,169.1,2,2,2.0,1,6660.0,premium
Surco,82.4,5,2,,0,4710.0,premium
Carabayllo,110.1,2,2,18.0,1,2690.0,moderado
San Juan de Lurigancho,180.7,4,1,36.0,0,2970.0,moderado
Surco,164.7,1,1,36.0,0,4550.0,premium
La Molina,118.1,5,2,4.0,1,5800.0,premium
Chorrillos,158.7,5,3,34.0,1,3710.0,premium
Magdalena,213.8,3,1,,1,4980.0,premium
Chorrillos,97.6,4,1,21.0,1,3220.0,premium
Ate,48.7,1,1,,1,1290.0,economico
Barranco,44.7,5,3,25.0,1,3940.0,premium
Carabayllo,83.6,5,3,31.0,1,2410.0,moderado
San Borja,,3,1,6.0,0,5670.0,premium
Surco,51.6,3,1,6.0,1,4290.0,premium
Lince,97.3,1,1,28.0,0,2200.0,moderado
Magdalena,87.3,4,3,22.0,1,3960.0,premium
Chorrillos,212.6,4,2,16.0,0,4600.0,premium
Magdalena,204.2,4,1,20.0,0,4950.0,premium
San Isidro,149.6,4,1,,1,6010.0,premium
San Borja,192.3,5,1,27.0,1,5950.0,premium
Jesus Maria,198.5,5,3,39.0,0,4590.0,premium
Lince,156.2,1,1,8.0,1,4200.0,premium
Barranco,,5,3,29.0,1,4580.0,premium
SAN BORJA,104.7,1,1,39.0,0,3460.0,premium
Magdalena,142.7,1,1,7.0,1,4060.0,premium
San Juan de Lurigancho,111.4,1,1,39.0,1,1510.0,moderado
Carabayllo,184.7,4,3,27.0,1,3770.0,premium
Magdalena,102.3,1,1,6.0,1,3870.0,premium
Barranco,,1,1,10.0,1,4060.0,premium
Lince,175.7,3,1,11.0,1,4390.0,premium
La Molina,51.2,3,3,36.0,1,3440.0,premium
Chorrillos,44.5,5,1,23.0,0,2350.0,moderado
La Molina,137.7,3,2,25.0,1,5060.0,premium
San Miguel,213.6,1,1,2.0,1,5060.0,premium
Jesus Maria,196.8,5,2,0.0,1,5590.0,premium
San Juan de Lurigancho,165.8,3,1,25.0,1,3170.0,premium
San Borja,89.5,1,1,33.0,1,3760.0,premium
PUEBLO LIBRE,55.8,1,1,36.0,1,1890.0,moderado
Lince,47.5,5,1,7.0,1,3280.0,premium
San Miguel,69.5,4,3,13.0,1,3740.0,premium
San Isidro,124.5,4,3,17.0,1,6570.0,premium
Barranco,138.7,3,3,19.0,0,4940.0,premium
Carabayllo,181.3,3,2,19.0,1,3510.0,premium
San Borja,171.8,2,2,21.0,1,5630.0,premium
Barranco,62.2,4,3,9.0,1,4840.0,premium
Chorrillos,207.8,2,2,35.0,1,3760.0,premium
Carabayllo,,4,2,27.0,1,3060.0,premium
Ate,208.8,5,2,3.0,1,5150.0,premium
San Juan de Lurigancho,143.9,1,1,12.0,1,2670.0,moderado
San Juan de Lurigancho,67.0,2,2,36.0,1,1560.0,moderado
Carabayllo,150.1,1,1,23.0,0,2110.0,moderado
SAN JUAN DE LURIGANCHO,,2,2,13.0,1,3450.0,premium
Magdalena,,4,2,12.0,0,3210.0,premium
Chorrillos,185.8,2,1,35.0,0,3300.0,premium
San Juan de Lurigancho,140.3,2,1,,0,3260.0,premium
Miraflores,108.7,3,2,5.0,1,5980.0,premium
La Molina,137.6,1,1,24.0,0,4260.0,premium
Pueblo Libre,93.0,2,1,22.0,1,3010.0,premium
Pueblo Libre,161.9,5,1,3.0,1,5020.0,premium
Chorrillos,167.7,2,1,12.0,1,3850.0,premium
San Borja,147.5,3,3,29.0,1,5370.0,premium
Surco,52.3,4,3,0.0,1,5190.0,premium
San Borja,213.2,1,1,35.0,0,4930.0,premium
San Juan de Lurigancho,137.0,5,1,21.0,1,3510.0,premium
Magdalena,198.5,4,3,29.0,1,5190.0,premium
Jesus Maria,120.8,1,1,15.0,0,47511.0,premium
Barranco,134.0,2,2,,1,4730.0,premium
San Miguel,77.8,2,1,35.0,0,2560.0,moderado
Lince,137.8,2,2,31.0,0,3010.0,premium
Barranco,,5,3,13.0,1,4580.0,premium
Surco,116.6,1,1,5.0,1,5030.0,premium
Ate,138.4,4,3,8.0,0,3620.0,premium
Miraflores,131.3,2,2,0.0,1,6380.0,premium
Miraflores,56.9,3,1,3.0,0,5080.0,premium
Barranco,53.2,5,3,38.0,1,3910.0,premium
La Molina,148.5,1,1,3.0,0,5100.0,premium
Lince,71.6,4,1,32.0,0,2200.0,moderado
La Molina,120.7,3,3,8.0,1,5540.0,premium
San Borja,212.2,5,3,26.0,0,6340.0,premium
Lince,172.2,5,3,3.0,1,5260.0,premium
San Juan de Lurigancho,50.3,4,3,16.0,0,2200.0,moderado
San Isidro,186.6,5,1,24.0,0,6590.0,premium
Barranco,,4,2,33.0,1,4020.0,premium
Carabayllo,149.1,1,1,33.0,0,2080.0,moderado
Barranco,58.3,4,1,28.0,1,3940.0,premium
Jesus Maria,,5,1,8.0,1,3930.0,premium
San Isidro,155.4,1,1,5.0,1,6450.0,premium
Pueblo Libre,109.9,5,1,33.0,1,3540.0,premium
Pueblo Libre,80.3,4,3,0.0,1,4590.0,premium
Miraflores,113.2,4,1,32.0,0,5270.0,premium
Ate,130.2,3,3,21.0,1,3530.0,premium
San Borja,176.6,4,1,18.0,1,5760.0,premium
Miraflores,41.0,1,1,36.0,1,3840.0,premium
San Isidro,127.6,4,2,26.0,1,6390.0,premium
La Molina,110.4,1,1,31.0,0,3710.0,premium
Jesus Maria,122.1,2,2,17.0,1,3820.0,premium
San Isidro,121.1,4,3,,0,5740.0,premium
Carabayllo,165.1,1,1,19.0,1,2660.0,moderado
Pueblo Libre,130.2,1,1,27.0,0,3080.0,premium
jesus maria,,2,2,24.0,1,4050.0,premium
PUEBLO LIBRE,202.0,2,2,30.0,1,4410.0,premium
SURCO,148.7,4,3,28.0,1,5480.0,premium
San Miguel,126.5,5,1,20.0,1,4180.0,premium
la molina,210.6,4,2,8.0,1,6540.0,premium
La Molina,145.6,5,2,7.0,0,5670.0,premium
San Isidro,,1,1,37.0,1,5800.0,premium
Carabayllo,181.3,5,2,32.0,1,3610.0,premium
Magdalena,188.2,4,1,16.0,0,4950.0,premium
San Isidro,77.7,4,2,27.0,1,5430.0,premium
San Miguel,56.4,3,2,3.0,1,3580.0,premium
Ate,71.4,4,3,20.0,1,2870.0,moderado
La Molina,64.6,3,1,21.0,1,4090.0,premium
San Borja,,3,3,12.0,1,4850.0,premium
San Isidro,178.9,4,1,31.0,0,6430.0,premium
Chorrillos,118.5,4,2,31.0,1,2950.0,moderado
Chorrillos,61.6,5,2,22.0,1,3040.0,premium
Ate,179.5,5,3,14.0,0,4120.0,premium
Miraflores,211.1,4,3,3.0,1,7470.0,premium
San Borja,77.0,4,3,25.0,1,4680.0,premium
Miraflores,106.7,2,2,17.0,1,5420.0,premium
San Juan de Lurigancho,171.2,3,2,2.0,1,4200.0,premium
Lince,75.6,3,1,17.0,1,3030.0,premium
Carabayllo,212.3,4,2,13.0,1,3980.0,premium
San Isidro,198.5,2,2,23.0,0,6590.0,premium
San Borja,183.6,3,1,14.0,0,5740.0,premium
San Isidro,197.9,4,2,30.0,0,6490.0,premium
Carabayllo,173.5,2,2,11.0,1,3450.0,premium
Magdalena,52.7,4,1,,0,3050.0,premium
san miguel,55.0,3,2,37.0,0,2290.0,moderado
San Miguel,108.5,4,1,19.0,0,3360.0,premium
Pueblo Libre,201.2,1,1,36.0,0,3810.0,premium
Carabayllo,102.8,1,1,35.0,0,1460.0,economico
San Isidro,60.1,2,1,30.0,1,4560.0,premium
Ate,93.2,1,1,,1,2960.0,moderado
Barranco,200.4,4,1,20.0,1,5890.0,premium
san miguel,49.2,3,1,5.0,1,3280.0,premium
Pueblo Libre,67.7,4,1,7.0,1,3590.0,premium
Magdalena,91.0,5,3,19.0,1,4260.0,premium
Miraflores,179.0,2,2,25.0,0,5800.0,premium
San Borja,82.1,3,3,,0,4840.0,premium
Magdalena,125.7,5,3,25.0,0,4290.0,premium
Lince,55.3,2,2,8.0,1,2890.0,moderado
San Isidro,77.1,4,1,38.0,1,48560.0,premium
San Borja,75.3,2,2,4.0,1,4540.0,premium
Surco,70.3,5,1,17.0,0,4520.0,premium
San Juan de Lurigancho,101.1,4,2,21.0,0,2600.0,moderado
Miraflores,156.9,5,1,27.0,1,59697.0,premium
San Borja,70.7,1,1,,1,3760.0,premium
San Isidro,55.9,5,2,17.0,0,5470.0,premium
Magdalena,74.6,5,3,20.0,1,3800.0,premium
Barranco,155.0,5,1,2.0,1,5670.0,premium
Surco,134.1,4,2,17.0,1,5640.0,premium
Lince,115.1,2,2,1.0,1,3690.0,premium
Jesus Maria,86.9,4,1,37.0,1,3080.0,premium
Surco,212.8,4,2,34.0,1,5680.0,premium
Chorrillos,166.8,4,1,30.0,1,3730.0,premium
San Miguel,,3,2,35.0,1,4160.0,premium
Jesus Maria,218.2,3,3,,1,5020.0,premium
San Borja,129.7,4,2,31.0,1,4840.0,premium
San Isidro,178.0,3,1,22.0,0,6100.0,premium
Surco,155.9,1,1,20.0,1,4980.0,premium
Magdalena,126.6,5,3,36.0,1,4450.0,premium
San Borja,,3,1,18.0,1,44256.0,premium
San Juan de Lurigancho,140.8,3,1,18.0,0,2770.0,moderado
San Borja,152.8,3,1,34.0,1,5010.0,premium
San Miguel,209.6,2,2,23.0,1,4600.0,premium
Pueblo Libre,71.6,4,3,22.0,1,3630.0,premium
Miraflores,161.8,4,1,37.0,1,5670.0,premium
Jesus Maria,207.2,3,2,15.0,0,5050.0,premium
Carabayllo,131.6,5,1,21.0,1,2900.0,moderado
Surco,145.0,2,2,25.0,1,4830.0,premium
Miraflores,203.4,4,2,35.0,0,6040.0,premium
Jesus Maria,110.4,2,1,18.0,1,3580.0,premium
MIRAFLORES,104.8,1,1,24.0,1,4950.0,premium
Ate,,3,2,19.0,0,2250.0,moderado
Jesus Maria,179.4,2,2,13.0,0,4750.0,premium
Barranco,59.7,4,2,7.0,0,4250.0,premium
Barranco,219.5,1,1,6.0,1,6020.0,premium
Ate,107.0,3,1,17.0,1,2970.0,moderado
Magdalena,199.4,3,3,,1,5780.0,premium
Barranco,199.2,1,1,14.0,1,5470.0,premium
San Isidro,181.8,1,1,33.0,1,5850.0,premium
San Juan de Lurigancho,200.2,1,1,6.0,1,3510.0,premium
La Molina,99.7,5,3,20.0,0,4890.0,premium
Carabayllo,60.9,4,3,5.0,0,2390.0,moderado
Miraflores,154.8,3,2,7.0,1,6210.0,premium
La Molina,46.4,4,2,5.0,0,4410.0,premium
Miraflores,218.6,4,1,23.0,0,6440.0,premium
Surco,42.1,2,2,6.0,0,4190.0,premium
Chorrillos,70.9,1,1,31.0,1,2080.0,moderado
Ate,136.1,1,1,34.0,1,2480.0,moderado
Carabayllo,214.8,3,1,28.0,1,3560.0,premium
Jesus Maria,133.1,5,3,21.0,1,4540.0,premium
Miraflores,172.1,2,1,23.0,0,5700.0,premium
Ate,203.5,1,1,24.0,0,3320.0,premium
Chorrillos,53.5,1,1,18.0,1,2230.0,moderado
Carabayllo,51.2,2,1,23.0,1,1540.0,moderado
Miraflores,117.8,3,3,31.0,0,5080.0,premium
Jesus Maria,204.0,4,1,29.0,0,4680.0,premium
San Juan de Lurigancho,135.2,5,3,39.0,1,3020.0,premium
Pueblo Libre,53.2,2,1,1.0,1,3280.0,premium
Surco,48.4,5,1,17.0,1,4490.0,premium
Pueblo Libre,176.3,2,2,16.0,1,4220.0,premium
San Isidro,117.7,4,3,2.0,1,6980.0,premium
Jesus Maria,190.7,2,2,31.0,1,4360.0,premium
Lince,106.9,2,2,5.0,1,3800.0,premium
La Molina,186.8,2,1,28.0,0,4900.0,premium
Jesus Maria,151.8,1,1,38.0,1,3540.0,premium
Carabayllo,52.2,1,1,4.0,0,1710.0,moderado
Miraflores,124.7,2,2,16.0,1,5130.0,premium
Pueblo Libre,198.6,4,1,24.0,1,4570.0,premium
La Molina,56.2,5,2,4.0,1,4840.0,premium
Chorrillos,152.6,5,1,,0,3500.0,premium
Ate,110.7,4,3,0.0,1,4010.0,premium
Jesus Maria,209.0,2,2,35.0,1,4340.0,premium
San Isidro,41.0,2,2,3.0,0,4970.0,premium
Miraflores,206.9,2,2,32.0,1,5950.0,premium
Surco,217.6,4,2,22.0,1,6390.0,premium
LA MOLINA,131.1,1,1,11.0,1,4960.0,premium
San Miguel,61.2,3,1,29.0,1,2860.0,moderado
Carabayllo,163.9,1,1,20.0,0,2590.0,moderado
Chorrillos,200.1,1,1,7.0,1,4330.0,premium
Miraflores,43.2,5,1,29.0,1,4570.0,premium
Pueblo Libre,126.7,3,1,,1,3970.0,premium
San Miguel,54.8,3,2,31.0,1,2710.0,moderado
San Borja,75.0,2,1,29.0,0,3490.0,premium
Chorrillos,91.1,2,2,32.0,1,2750.0,moderado
San Isidro,53.1,1,1,36.0,0,4250.0,premium
Surco,193.5,2,2,10.0,0,36768.0,premium
Pueblo Libre,,1,1,18.0,1,3110.0,premium
Surco,47.6,2,2,6.0,1,4350.0,premium
Miraflores,170.9,3,2,13.0,1,6500.0,premium
La Molina,63.7,3,3,5.0,1,4960.0,premium
Lince,99.6,3,1,38.0,0,2240.0,moderado
BARRANCO,102.5,3,2,13.0,1,4600.0,premium
Carabayllo,71.5,4,2,25.0,1,2250.0,moderado
Ate,119.7,3,1,9.0,1,3240.0,premium
La Molina,170.4,5,1,16.0,1,6060.0,premium
Pueblo Libre,198.6,4,1,38.0,1,4280.0,premium
San Juan de Lurigancho,133.6,5,2,33.0,0,2650.0,moderado
San Isidro,139.5,1,1,1.0,0,6070.0,premium
Carabayllo,,4,2,5.0,1,4030.0,premium
San Isidro,129.7,4,3,,0,6590.0,premium
Magdalena,,5,2,39.0,1,4010.0,premium
San Juan de Lurigancho,92.3,3,2,11.0,1,2920.0,moderado
miraflores,,4,2,38.0,1,4660.0,premium
Jesus Maria,218.1,3,3,17.0,0,5270.0,premium
San Isidro,214.9,1,1,24.0,1,6610.0,premium
San Miguel,177.9,1,1,4.0,1,4630.0,premium
Pueblo Libre,178.3,2,2,15.0,0,4410.0,premium
Chorrillos,,4,2,18.0,0,2340.0,moderado
Pueblo Libre,219.6,3,3,6.0,1,5510.0,premium
San Miguel,207.5,1,1,16.0,1,4780.0,premium
San Juan de Lurigancho,57.6,4,3,27.0,1,2260.0,moderado
Jesus Maria,132.7,2,1,34.0,1,3390.0,premium
Miraflores,197.8,5,3,20.0,0,6860.0,premium
Jesus Maria,130.1,4,3,14.0,0,4430.0,premium
Ate,198.7,4,1,36.0,0,3330.0,premium
Jesus Maria,131.8,5,1,37.0,1,3750.0,premium
Jesus Maria,76.2,2,1,28.0,1,3080.0,premium
Miraflores,145.6,3,1,21.0,1,5700.0,premium
San Miguel,212.6,2,2,19.0,0,4630.0,premium
La Molina,212.2,3,2,2.0,0,6220.0,premium
Ate,144.3,2,2,15.0,0,3140.0,premium
Jesus Maria,127.8,4,2,30.0,1,3830.0,premium
Barranco,75.1,4,1,17.0,0,3990.0,premium
Chorrillos,218.3,2,1,22.0,1,4500.0,premium
Miraflores,96.4,2,2,37.0,0,4530.0,premium
Miraflores,60.7,4,3,5.0,1,5710.0,premium
Barranco,170.5,2,2,20.0,0,4610.0,premium
Pueblo Libre,149.4,3,3,17.0,1,4610.0,premium
Magdalena,212.8,5,3,27.0,0,5090.0,premium
San Juan de Lurigancho,125.4,5,2,9.0,1,3580.0,premium
Chorrillos,73.5,5,2,14.0,0,3310.0,premium
Lince,130.7,5,3,25.0,0,3720.0,premium
Barranco,162.7,2,1,27.0,0,4440.0,premium
Chorrillos,59.7,3,3,12.0,0,2900.0,moderado
Jesus Maria,141.5,4,2,36.0,1,4140.0,premium
La Molina,74.1,1,1,31.0,1,3650.0,premium
Jesus Maria,151.2,4,3,11.0,1,4950.0,premium
Lince,219.6,5,3,10.0,1,5430.0,premium
Pueblo Libre,187.2,5,1,31.0,1,4530.0,premium
San Miguel,195.9,4,2,2.0,1,5390.0,premium
MAGDALENA,93.6,2,2,2.0,1,4150.0,premium
Pueblo Libre,129.5,3,1,2.0,1,4250.0,premium
San Isidro,100.3,2,1,23.0,1,5500.0,premium
Lince,143.2,1,1,32.0,1,3020.0,premium
Barranco,169.9,4,1,32.0,1,4830.0,premium
Pueblo Libre,198.0,4,1,,0,4240.0,premium
San Juan de Lurigancho,210.4,3,1,35.0,0,3050.0,premium
San Isidro,,5,3,11.0,1,7310.0,premium
Ate,,3,3,39.0,1,2430.0,moderado
San Borja,,1,1,36.0,1,2970.0,moderado
Magdalena,92.5,1,1,9.0,1,3490.0,premium
Pueblo Libre,,4,2,,1,4280.0,premium
San Isidro,151.0,5,2,,0,6860.0,premium
San Isidro,70.5,2,2,15.0,1,5330.0,premium
San Borja,168.0,3,2,19.0,1,5540.0,premium
Surco,144.1,1,1,3.0,1,5420.0,premium
Miraflores,184.4,5,1,17.0,0,6680.0,premium
La Molina,192.7,1,1,12.0,1,5570.0,premium
San Isidro,129.1,4,3,26.0,1,6700.0,premium
Jesus Maria,,2,2,20.0,1,4780.0,premium
Carabayllo,145.2,5,3,28.0,0,3170.0,premium
Chorrillos,71.3,3,3,38.0,1,2310.0,moderado
San Miguel,149.1,4,3,30.0,1,4050.0,premium
Pueblo Libre,161.0,1,1,26.0,1,3580.0,premium
MIRAFLORES,114.4,1,1,37.0,0,4420.0,premium
Carabayllo,62.1,5,3,25.0,0,2090.0,moderado
La Molina,174.2,2,2,26.0,1,52061.0,premium
Surco,180.5,2,2,2.0,1,6150.0,premium
Carabayllo,46.3,4,1,12.0,0,2140.0,moderado
San Borja,174.6,4,2,11.0,1,6270.0,premium
Barranco,70.1,5,2,29.0,0,3950.0,premium
Barranco,68.9,5,3,13.0,1,4730.0,premium
Miraflores,81.3,2,2,14.0,1,5140.0,premium
San Borja,43.4,2,2,34.0,1,3700.0,premium
Magdalena,217.8,4,2,21.0,0,5160.0,premium
Magdalena,91.7,4,1,31.0,0,3380.0,premium
San Isidro,163.6,2,2,,0,6550.0,premium
San Isidro,180.8,1,1,19.0,0,6130.0,premium
Magdalena,128.9,3,1,33.0,1,3600.0,premium
San Miguel,85.4,1,1,20.0,1,3030.0,premium
Carabayllo,168.2,2,2,13.0,1,3370.0,premium
San Juan de Lurigancho,157.9,2,2,33.0,1,2760.0,moderado
Barranco,210.5,2,2,10.0,1,5610.0,premium
Surco,191.8,4,1,32.0,1,5740.0,premium
San Juan de Lurigancho,51.4,3,3,29.0,1,1940.0,moderado
San Juan de Lurigancho,184.8,2,1,27.0,1,3180.0,premium
San Borja,132.8,5,3,5.0,0,5810.0,premium
Miraflores,114.8,3,1,31.0,1,5360.0,premium
Magdalena,43.3,4,2,26.0,0,3050.0,premium
Lince,179.0,5,1,18.0,1,4400.0,premium
San Borja,172.1,5,3,36.0,1,5590.0,premium
San Juan de Lurigancho,,4,2,23.0,1,2440.0,moderado
San Juan de Lurigancho,197.5,3,3,0.0,1,4460.0,premium
Magdalena,71.1,2,2,36.0,1,2910.0,moderado
San Borja,193.3,1,1,33.0,1,4930.0,premium
Barranco,187.7,5,2,38.0,0,5190.0,premium
San Borja,108.5,4,3,37.0,1,4730.0,premium
SAN BORJA,182.3,1,1,34.0,1,4970.0,premium
San Isidro,150.5,5,2,10.0,0,6670.0,premium
Carabayllo,146.9,3,1,33.0,1,2650.0,moderado
Miraflores,79.8,4,3,4.0,1,6090.0,premium
Magdalena,138.6,3,3,12.0,1,4650.0,premium
Chorrillos,192.4,2,1,5.0,1,4660.0,premium
La Molina,107.7,5,2,1.0,1,5780.0,premium
magdalena,,2,1,20.0,1,4830.0,premium
Jesus Maria,127.9,3,3,21.0,0,3820.0,premium
Magdalena,169.9,5,2,18.0,0,4990.0,premium
San Miguel,40.6,3,2,2.0,0,2940.0,moderado
Pueblo Libre,190.0,2,1,7.0,1,4470.0,premium
Surco,133.2,2,2,36.0,0,4330.0,premium
Ate,114.7,1,1,,1,2420.0,moderado
San Isidro,86.1,3,2,37.0,0,5050.0,premium
San Isidro,151.2,1,1,5.0,1,6600.0,premium
La Molina,57.3,1,1,33.0,1,3270.0,premium
san isidro,146.7,1,1,5.0,1,6640.0,premium
Surco,200.9,2,2,12.0,1,6160.0,premium
Pueblo Libre,185.0,5,1,25.0,1,4460.0,premium
Carabayllo,203.5,2,2,,1,4160.0,premium
Pueblo Libre,69.4,3,1,13.0,0,2850.0,moderado
San Miguel,,5,1,6.0,1,5050.0,premium
Jesus Maria,60.5,5,3,,1,3840.0,premium
Chorrillos,44.3,5,2,6.0,1,3420.0,premium
Chorrillos,43.9,3,3,11.0,1,2870.0,moderado
Surco,92.0,2,2,20.0,1,4520.0,premium
Lince,128.2,2,2,2.0,0,3880.0,premium
Magdalena,167.4,5,2,35.0,1,59275.0,premium
San Isidro,98.1,5,2,29.0,1,5580.0,premium
Surco,70.0,1,1,2.0,0,4340.0,premium
San Juan de Lurigancho,,2,2,3.0,1,3290.0,premium
Barranco,174.8,2,2,36.0,0,4600.0,premium
Miraflores,200.7,4,2,25.0,1,6780.0,premium
San Juan de Lurigancho,129.9,3,1,24.0,1,2500.0,moderado
Jesus Maria,141.3,5,2,34.0,1,4290.0,premium
San Juan de Lurigancho,124.2,2,2,25.0,1,2620.0,moderado
Barranco,141.4,1,1,,0,4050.0,premium
Lince,197.9,3,2,37.0,1,3940.0,premium
Chorrillos,43.9,2,2,39.0,1,1640.0,moderado
Lince,193.2,5,3,20.0,1,5070.0,premium
Ate,155.7,2,2,30.0,1,2920.0,moderado
Surco,47.7,2,1,22.0,1,3820.0,premium
Lince,,1,1,29.0,1,2050.0,moderado
Pueblo Libre,123.9,5,3,33.0,1,3950.0,premium
Miraflores,167.3,4,1,,1,6630.0,premium
San Isidro,125.3,5,3,1.0,1,7220.0,premium
San Miguel,173.9,1,1,13.0,1,4360.0,premium
San Isidro,130.1,2,1,14.0,1,6100.0,premium
San Miguel,191.8,5,1,13.0,0,4980.0,premium
Miraflores,200.4,3,2,19.0,1,6790.0,premium
La Molina,131.8,4,2,33.0,0,4610.0,premium
Miraflores,187.8,4,3,16.0,0,6750.0,premium
Miraflores,91.4,1,1,12.0,1,5290.0,premium
Lince,203.4,3,2,34.0,0,55521.0,premium
Lince,130.1,3,3,32.0,1,3410.0,premium
San Borja,,3,2,30.0,1,4250.0,premium
Jesus Maria,183.8,2,2,4.0,1,5090.0,premium
San Borja,162.2,4,3,33.0,0,5040.0,premium
Lince,,3,2,7.0,0,3540.0,premium
Lince,74.4,3,2,12.0,1,3210.0,premium
MAGDALENA,159.1,1,1,0.0,0,4190.0,premium
Jesus Maria,172.1,2,2,,1,3920.0,premium
magdalena,136.8,3,2,5.0,0,4580.0,premium
La Molina,41.4,1,1,,1,3500.0,premium
San Miguel,41.3,3,3,35.0,1,2610.0,moderado
San Miguel,154.5,5,3,39.0,0,3870.0,premium
Pueblo Libre,206.5,5,1,13.0,0,4690.0,premium
La Molina,93.6,4,1,2.0,1,5250.0,premium
San Miguel,182.7,3,2,2.0,0,4880.0,premium
La Molina,188.7,1,1,36.0,1,4810.0,premium
Pueblo Libre,88.1,3,2,27.0,1,3210.0,premium
San Isidro,,1,1,34.0,0,6360.0,premium
San Juan de Lurigancho,42.9,1,1,21.0,1,1610.0,moderado
San Juan de Lurigancho,179.7,5,1,27.0,1,3530.0,premium
Ate,71.0,1,1,16.0,1,2250.0,moderado
Ate,89.4,2,2,22.0,1,2380.0,moderado
Surco,192.1,4,2,29.0,0,5600.0,premium
Ate,47.3,1,1,5.0,0,1780.0,moderado
Ate,159.1,3,2,37.0,1,3100.0,premium
San Juan de Lurigancho,168.7,2,2,27.0,1,2790.0,moderado
Surco,101.1,4,2,31.0,1,4730.0,premium
San Miguel,167.5,5,1,37.0,1,4320.0,premium
San Isidro,145.8,3,3,8.0,0,6480.0,premium
Surco,97.5,2,2,5.0,1,5300.0,premium
Jesus Maria,160.3,4,2,,1,4700.0,premium
Ate,193.5,4,3,19.0,0,3950.0,premium
San Isidro,96.3,1,1,12.0,1,5450.0,premium
LINCE,87.3,1,1,34.0,1,2460.0,moderado
Carabayllo,76.2,1,1,30.0,1,1480.0,economico
Miraflores,184.3,5,2,34.0,1,6390.0,premium
Ate,93.5,4,1,21.0,1,2840.0,moderado
LINCE,125.8,1,1,0.0,1,3680.0,premium
Lince,217.3,4,2,29.0,0,4300.0,premium
CARABAYLLO,101.1,5,1,39.0,1,2310.0,moderado
Magdalena,,5,2,9.0,0,4900.0,premium
San Isidro,117.2,4,2,,1,39627.0,premium
Carabayllo,135.6,5,2,6.0,1,3860.0,premium
San Isidro,169.6,2,2,10.0,1,6700.0,premium
Surco,212.8,5,2,2.0,1,7320.0,premium
Ate,211.1,2,2,36.0,0,3380.0,premium
San Isidro,148.2,1,1,3.0,1,6590.0,premium
Carabayllo,87.2,3,2,25.0,0,1710.0,moderado
Magdalena,193.3,5,2,8.0,0,5540.0,premium
Pueblo Libre,187.0,3,3,15.0,1,4640.0,premium
Surco,115.3,1,1,16.0,0,4270.0,premium
Surco,210.8,2,2,6.0,1,6430.0,premium
Surco,79.6,4,1,35.0,0,4000.0,premium
San Borja,196.9,2,1,20.0,1,5760.0,premium
Surco,123.6,3,2,5.0,1,5560.0,premium
Pueblo Libre,59.9,1,1,31.0,1,2320.0,moderado
San Isidro,112.2,3,2,16.0,0,5860.0,premium
Surco,211.2,2,1,4.0,0,6310.0,premium
San Borja,198.8,5,1,5.0,1,6410.0,premium
PUEBLO LIBRE,66.5,1,1,25.0,1,2280.0,moderado
La Molina,100.5,1,1,34.0,1,3790.0,premium
jesus maria,106.2,5,2,34.0,1,3940.0,premium
San Isidro,,2,2,9.0,1,5890.0,premium
San Borja,74.9,4,2,13.0,0,4520.0,premium
Surco,150.6,4,2,19.0,1,5950.0,premium
Magdalena,75.9,4,3,9.0,1,4160.0,premium
Lince,,1,1,26.0,0,3340.0,premium
Miraflores,219.6,5,2,10.0,1,7510.0,premium
Ate,149.6,2,2,30.0,0,2660.0,moderado
Magdalena,78.7,3,3,9.0,1,4000.0,premium
La Molina,189.2,4,3,14.0,0,5820.0,premium
PUEBLO LIBRE,110.6,4,2,15.0,1,4060.0,premium
San Isidro,190.6,3,3,5.0,0,6970.0,premium
Chorrillos,141.8,1,1,38.0,0,2590.0,moderado
Ate,176.9,2,2,8.0,1,3920.0,premium
San Juan de Lurigancho,132.4,4,2,9.0,1,3380.0,premium
Surco,136.7,4,3,13.0,0,5490.0,premium
Lince,,1,1,1.0,1,4130.0,premium
Barranco,71.8,1,1,10.0,1,4110.0,premium
San Borja,48.9,4,1,,1,4070.0,premium
San Juan de Lurigancho,129.0,4,1,38.0,0,2050.0,moderado
Surco,66.0,5,3,26.0,0,4260.0,premium
Carabayllo,141.8,5,3,0.0,1,4240.0,premium
Jesus Maria,173.9,1,1,23.0,1,4220.0,premium
san borja,46.3,4,2,31.0,1,3750.0,premium
Lince,114.1,3,3,,1,4280.0,premium
La Molina,44.2,1,1,,1,3890.0,premium
San Juan de Lurigancho,69.7,2,2,8.0,0,2160.0,moderado
La Molina,176.2,1,1,34.0,0,61168.0,premium
Lince,53.2,5,2,,1,3020.0,premium
Miraflores,,3,2,11.0,1,6340.0,premium
Chorrillos,119.1,1,1,21.0,1,2540.0,moderado
Ate,176.9,5,1,39.0,1,3600.0,premium
Chorrillos,203.5,5,3,14.0,1,4760.0,premium
Chorrillos,137.5,5,1,35.0,1,3210.0,premium
San Isidro,62.1,1,1,8.0,1,5680.0,premium
Magdalena,51.4,2,1,13.0,1,3340.0,premium
Lince,160.3,5,3,7.0,1,4840.0,premium
Chorrillos,116.7,5,1,33.0,0,3230.0,premium
San Miguel,135.8,3,1,18.0,0,3820.0,premium
San Miguel,,2,2,23.0,1,3990.0,premium
San Isidro,169.2,5,2,10.0,1,7290.0,premium
San Miguel,152.1,2,1,8.0,1,4340.0,premium
Ate,40.6,1,1,11.0,1,2010.0,moderado
Carabayllo,94.2,5,3,,0,2470.0,moderado
san borja,42.7,5,1,3.0,0,4440.0,premium
Ate,140.9,2,2,9.0,1,3210.0,premium
Jesus Maria,67.7,2,2,17.0,1,3120.0,premium
San Isidro,48.8,5,2,36.0,1,5100.0,premium
San Juan de Lurigancho,98.7,4,3,19.0,1,2880.0,moderado
San Isidro,101.3,2,2,19.0,1,6040.0,premium
Carabayllo,53.7,5,3,4.0,0,2610.0,moderado
San Borja,128.7,4,2,21.0,1,5250.0,premium
Carabayllo,,3,2,11.0,1,4060.0,premium
Magdalena,42.1,1,1,32.0,0,2030.0,moderado
Miraflores,211.1,4,1,32.0,0,6190.0,premium
San Miguel,152.9,2,2,24.0,1,3860.0,premium
San Miguel,,4,1,10.0,1,3950.0,premium
San Isidro,145.9,3,1,14.0,0,6010.0,premium
San Miguel,180.6,1,1,39.0,1,3450.0,premium
Chorrillos,109.7,3,3,,0,3000.0,moderado
San Juan de Lurigancho,76.0,3,2,14.0,0,2320.0,moderado
Jesus Maria,169.0,3,1,5.0,1,5040.0,premium
San Borja,188.9,1,1,26.0,1,5010.0,premium
Pueblo Libre,88.8,1,1,12.0,1,3140.0,premium
Jesus Maria,115.7,4,1,28.0,1,3700.0,premium
Jesus Maria,55.1,5,2,17.0,1,3490.0,premium
San Isidro,160.4,2,1,8.0,0,6120.0,premium
Pueblo Libre,44.1,4,1,29.0,1,2940.0,moderado
San Miguel,138.7,4,3,11.0,1,4690.0,premium
Pueblo Libre,179.2,5,1,5.0,1,4900.0,premium
Barranco,,2,2,0.0,0,5620.0,premium
Miraflores,53.0,2,1,8.0,0,4820.0,premium
Surco,86.9,2,2,27.0,1,4230.0,premium
Lince,121.4,3,1,27.0,1,3140.0,premium
Lince,42.4,4,3,25.0,1,2660.0,moderado
Miraflores,170.1,2,2,11.0,1,6400.0,premium
Magdalena,41.5,4,3,18.0,0,3310.0,premium
Jesus Maria,,2,2,21.0,0,4380.0,premium
Jesus Maria,120.6,4,1,28.0,1,3740.0,premium
San Miguel,177.5,5,1,19.0,0,4370.0,premium
Barranco,95.9,4,3,15.0,0,4690.0,premium
La Molina,148.5,4,3,35.0,1,5000.0,premium
Magdalena,,2,1,7.0,1,3680.0,premium
Carabayllo,214.7,2,2,20.0,1,3910.0,premium
Jesus Maria,130.5,1,1,16.0,1,3790.0,premium
Carabayllo,186.5,3,1,,1,3910.0,premium
Pueblo Libre,164.3,4,3,1.0,1,5180.0,premium
Jesus Maria,131.6,3,2,39.0,0,3250.0,premium
Magdalena,108.9,1,1,,0,3070.0,premium
Magdalena,85.2,4,2,31.0,1,3700.0,premium
Magdalena,,1,1,25.0,1,3500.0,premium
Carabayllo,71.6,2,1,32.0,1,1480.0,economico
Jesus Maria,208.7,5,3,17.0,0,5320.0,premium
Surco,208.3,3,2,37.0,1,5680.0,premium
San Juan de Lurigancho,217.5,1,1,33.0,1,3070.0,premium
San Borja,145.2,3,3,7.0,1,6120.0,premium
Carabayllo,136.4,4,2,39.0,1,2520.0,moderado
La Molina,176.5,3,2,39.0,0,4660.0,premium
San Isidro,101.8,3,2,14.0,1,6170.0,premium
San Borja,89.5,4,1,23.0,0,4220.0,premium
Jesus Maria,168.3,3,2,14.0,1,4890.0,premium
Ate,84.9,2,1,29.0,1,1940.0,moderado
Magdalena,108.7,3,3,,1,4030.0,premium
Lince,,3,1,32.0,1,2760.0,moderado
San Juan de Lurigancho,,1,1,27.0,1,3150.0,premium
Jesus Maria,208.1,3,1,35.0,1,43035.0,premium
Lince,161.9,4,2,3.0,1,4750.0,premium
Lince,185.3,3,2,8.0,0,4510.0,premium
Surco,147.5,4,1,28.0,1,5270.0,premium
SAN JUAN DE LURIGANCHO,133.9,3,1,25.0,0,2410.0,moderado
Surco,155.6,4,2,9.0,1,6020.0,premium
Surco,105.4,1,1,14.0,0,4600.0,premium
La Molina,197.7,4,1,33.0,0,5330.0,premium
San Juan de Lurigancho,42.9,2,2,14.0,1,1880.0,moderado
San Miguel,51.3,4,2,1.0,0,3330.0,premium
San Miguel,65.0,5,1,23.0,1,3480.0,premium
San Miguel,151.0,5,3,38.0,1,4270.0,premium
Pueblo Libre,174.3,1,1,3.0,0,4040.0,premium
Lince,98.5,4,1,,1,3380.0,premium
Surco,206.7,3,3,9.0,1,6480.0,premium
San Miguel,92.5,1,1,33.0,1,2730.0,moderado
Barranco,134.4,2,2,37.0,1,4560.0,premium
Carabayllo,68.7,3,1,15.0,1,2270.0,moderado
Miraflores,213.5,2,2,12.0,0,6420.0,premium
Carabayllo,158.7,4,3,39.0,1,2880.0,moderado
Miraflores,173.6,5,2,31.0,1,6180.0,premium
San Borja,113.0,5,1,23.0,1,4910.0,premium
San Juan de Lurigancho,60.9,1,1,,0,1220.0,economico
Carabayllo,82.2,1,1,8.0,1,2340.0,moderado
Carabayllo,138.8,4,2,26.0,1,2980.0,moderado
San Miguel,,2,2,12.0,1,3290.0,premium
San Borja,,1,1,,1,5590.0,premium
lince,57.1,2,1,22.0,1,2620.0,moderado
Miraflores,157.4,1,1,,1,5380.0,premium
Magdalena,135.2,5,1,33.0,1,3960.0,premium
Carabayllo,155.4,1,1,23.0,1,2580.0,moderado
Pueblo Libre,,1,1,25.0,1,2480.0,moderado
San Isidro,44.4,4,3,20.0,1,59188.0,premium
Lince,210.7,5,3,36.0,1,4400.0,premium
Jesus Maria,142.0,1,1,5.0,0,3870.0,premium
Magdalena,,4,3,30.0,0,4400.0,premium
Pueblo Libre,175.9,5,2,14.0,1,5000.0,premium
Pueblo Libre,179.0,5,2,13.0,1,5010.0,premium
San Juan de Lurigancho,104.9,4,1,15.0,0,2640.0,moderado
Barranco,78.9,2,2,0.0,0,4270.0,premium
Surco,154.2,3,1,33.0,0,4760.0,premium
San Isidro,211.5,5,1,,1,7780.0,premium
Miraflores,45.2,4,2,22.0,0,4400.0,premium
San Borja,110.9,1,1,,1,3890.0,premium
Barranco,177.3,2,2,7.0,1,5650.0,premium
La Molina,146.7,5,3,9.0,1,6050.0,premium
Ate,190.5,4,3,39.0,1,3450.0,premium
La Molina,,5,2,24.0,1,4350.0,premium
Miraflores,202.6,2,1,37.0,0,5520.0,premium
Miraflores,47.3,2,1,12.0,1,4790.0,premium
Surco,115.6,5,1,11.0,1,5370.0,premium
Chorrillos,50.4,2,2,19.0,0,2180.0,moderado
Magdalena,61.9,4,3,1.0,1,4390.0,premium
MIRAFLORES,169.1,5,2,33.0,1,6130.0,premium
Lince,81.5,3,2,,1,3290.0,premium
Ate,190.6,5,3,21.0,0,3980.0,premium
Barranco,181.7,2,2,10.0,1,5020.0,premium
Jesus Maria,78.6,2,2,38.0,1,3000.0,moderado
Magdalena,90.8,4,2,17.0,0,3720.0,premium
Carabayllo,53.4,5,1,25.0,1,2100.0,moderado
Carabayllo,201.2,4,1,3.0,1,4370.0,premium
Barranco,157.0,1,1,24.0,1,4470.0,premium
Jesus Maria,148.6,2,2,8.0,0,4260.0,premium
Surco,188.0,4,1,35.0,0,5060.0,premium
Chorrillos,115.4,3,1,20.0,1,3220.0,premium
Barranco,41.5,5,1,30.0,1,3760.0,premium
San Juan de Lurigancho,69.1,5,1,31.0,0,2160.0,moderado
La Molina,,4,3,10.0,1,6640.0,premium
Miraflores,193.1,3,1,25.0,1,6380.0,premium
Surco,56.2,2,2,28.0,0,51867.0,premium
San Juan de Lurigancho,144.9,4,1,27.0,0,2890.0,moderado
Pueblo Libre,53.4,5,1,16.0,1,3340.0,premium
San Juan de Lurigancho,40.1,4,3,37.0,1,1840.0,moderado
Jesus Maria,213.0,1,1,26.0,1,4290.0,premium
Carabayllo,59.2,5,3,8.0,1,2870.0,moderado
Surco,156.5,3,2,13.0,1,5710.0,premium
La Molina,115.1,2,2,26.0,0,4340.0,premium
La Molina,219.7,3,3,9.0,0,6190.0,premium
Barranco,155.5,2,2,10.0,0,5130.0,premium
Jesus Maria,107.6,2,1,20.0,0,3370.0,premium
Pueblo Libre,164.7,4,1,,1,3970.0,premium
Surco,169.6,4,2,2.0,1,6390.0,premium
La Molina,170.6,4,3,28.0,1,5670.0,premium
Surco,40.1,1,1,29.0,1,3360.0,premium
Jesus Maria,179.1,3,1,21.0,1,4760.0,premium
Lince,142.9,1,1,10.0,1,3620.0,premium
Magdalena,188.2,4,2,,0,5160.0,premium
Magdalena,50.8,5,1,15.0,0,3420.0,premium
Chorrillos,219.8,5,3,24.0,1,4900.0,premium
San Isidro,125.4,2,2,34.0,0,5310.0,premium
La Molina,74.3,3,2,31.0,0,3590.0,premium
san miguel,128.0,5,2,10.0,0,4680.0,premium
Magdalena,138.2,2,1,32.0,1,3720.0,premium
Barranco,150.3,4,3,5.0,1,5810.0,premium
Surco,155.0,2,2,14.0,0,5160.0,premium
Chorrillos,99.6,4,2,31.0,1,3020.0,premium
Surco,189.5,5,1,12.0,1,6090.0,premium
San Miguel,204.3,3,1,27.0,1,4550.0,premium
Barranco,193.6,3,2,23.0,1,5430.0,premium
Surco,191.7,1,1,,1,6150.0,premium
Miraflores,40.3,1,1,36.0,0,3460.0,premium
Chorrillos,,4,2,39.0,1,3850.0,premium
San Juan de Lurigancho,216.1,4,2,29.0,0,3830.0,premium
San Miguel,182.2,2,1,16.0,0,4230.0,premium
San Borja,130.7,5,1,5.0,1,5860.0,premium
La Molina,183.1,4,3,32.0,0,5190.0,premium
Barranco,144.5,4,2,,1,5330.0,premium
Surco,41.4,5,3,20.0,1,4590.0,premium
Lince,158.0,1,1,7.0,1,3990.0,premium
MAGDALENA,213.2,3,1,35.0,1,4760.0,premium
La Molina,201.5,4,3,22.0,0,5570.0,premium
Carabayllo,114.1,3,1,9.0,1,2580.0,moderado
Ate,102.9,4,2,24.0,0,2900.0,moderado
Pueblo Libre,209.4,5,1,14.0,1,5120.0,premium
Jesus Maria,,3,3,6.0,1,5020.0,premium
San Miguel,131.4,3,1,,0,3270.0,premium
Magdalena,94.5,2,2,12.0,1,4100.0,premium
Magdalena,115.0,2,1,24.0,1,3610.0,premium
San Juan de Lurigancho,130.6,2,1,6.0,1,3130.0,premium
Pueblo Libre,180.8,3,2,12.0,1,4850.0,premium
Ate,,3,1,28.0,1,2300.0,moderado
San Miguel,89.6,2,2,31.0,0,2660.0,moderado
Lince,219.6,2,2,26.0,0,4340.0,premium
Chorrillos,103.6,5,3,30.0,0,3060.0,premium
Ate,59.0,2,2,,1,2380.0,moderado
San Juan de Lurigancho,81.1,3,1,28.0,1,2150.0,moderado
Pueblo Libre,85.6,5,2,28.0,1,3550.0,premium
Lince,158.4,4,3,38.0,0,3640.0,premium
Barranco,168.9,4,3,30.0,1,5430.0,premium
Surco,120.0,5,1,36.0,1,4770.0,premium
San Isidro,57.1,3,2,12.0,1,5430.0,premium
Miraflores,161.3,5,3,35.0,1,6010.0,premium
San Miguel,168.6,1,1,6.0,1,4300.0,premium
Pueblo Libre,185.0,1,1,37.0,1,3490.0,premium
Pueblo Libre,68.8,1,1,16.0,1,2970.0,moderado
San Borja,202.2,4,2,17.0,1,6340.0,premium
San Miguel,163.8,5,3,35.0,0,4380.0,premium
Miraflores,132.6,4,1,8.0,1,6030.0,premium
Lince,105.5,1,1,13.0,1,3130.0,premium
Magdalena,108.4,2,1,30.0,0,2840.0,moderado
Miraflores,136.3,3,3,23.0,1,5660.0,premium
Surco,,3,2,32.0,1,4560.0,premium
San Juan de Lurigancho,59.8,3,2,,0,1300.0,economico
Barranco,163.3,2,1,20.0,0,4820.0,premium
San Borja,150.8,1,1,38.0,1,4510.0,premium
San Miguel,212.6,5,3,19.0,0,5080.0,premium
Ate,128.8,1,1,20.0,1,2960.0,moderado
San Borja,191.1,2,2,11.0,1,5800.0,premium
Lince,179.1,1,1,27.0,1,3300.0,premium
Magdalena,192.8,4,1,22.0,1,4970.0,premium
La Molina,,1,1,1.0,0,4890.0,premium
Chorrillos,,3,3,11.0,1,4350.0,premium
San Juan de Lurigancho,101.0,2,2,10.0,0,2320.0,moderado
Ate,167.1,2,2,27.0,1,3370.0,premium
Surco,60.4,2,2,15.0,1,4230.0,premium
San Juan de Lurigancho,93.5,1,1,4.0,1,2670.0,moderado
San Miguel,52.3,1,1,,1,2420.0,moderado
Surco,133.1,4,3,4.0,1,5980.0,premium
Magdalena,48.8,1,1,28.0,1,2230.0,moderado
La Molina,102.1,2,2,19.0,1,4460.0,premium
Lince,56.3,2,1,11.0,1,2810.0,moderado
Carabayllo,214.8,1,1,17.0,1,3690.0,premium
Jesus Maria,115.8,4,3,0.0,0,4930.0,premium
Chorrillos,204.2,3,2,2.0,1,4820.0,premium
Chorrillos,101.4,5,3,4.0,1,4000.0,premium
Miraflores,163.1,2,1,14.0,1,5790.0,premium
San Isidro,93.3,4,2,10.0,0,5690.0,premium
Pueblo Libre,162.9,1,1,2.0,1,4390.0,premium
San Miguel,119.2,3,1,19.0,0,3530.0,premium
La Molina,216.0,5,2,0.0,1,6960.0,premium
Ate,104.3,2,2,33.0,0,1980.0,moderado
Ate,99.7,2,2,29.0,0,2200.0,moderado
San Juan de Lurigancho,83.8,5,3,8.0,0,3030.0,premium
Magdalena,192.3,2,1,12.0,1,4840.0,premium
San Juan de Lurigancho,77.4,4,3,24.0,1,2770.0,moderado
Barranco,,2,2,22.0,1,5440.0,premium
San Miguel,169.8,5,3,5.0,0,33326.0,premium
San Borja,193.0,4,3,30.0,1,5780.0,premium
San Miguel,192.6,1,1,7.0,1,4520.0,premium
Chorrillos,57.9,2,1,21.0,1,2140.0,moderado
Lince,42.5,1,1,1.0,1,2710.0,moderado
la molina,123.9,5,3,5.0,1,5940.0,premium
Barranco,124.3,3,3,34.0,0,4120.0,premium
Ate,56.5,1,1,7.0,0,2020.0,moderado
Pueblo Libre,173.0,2,2,1.0,1,4920.0,premium
Pueblo Libre,145.9,1,1,36.0,0,3100.0,premium
La Molina,140.9,4,3,15.0,0,5630.0,premium
Lince,81.8,2,2,26.0,0,2420.0,moderado
Barranco,162.1,2,1,26.0,0,4330.0,premium
San Borja,76.8,4,2,38.0,1,4150.0,premium
Magdalena,64.7,2,2,30.0,1,2780.0,moderado
San Borja,122.5,1,1,21.0,1,4450.0,premium
San Isidro,106.6,4,2,,1,6120.0,premium
San Borja,46.0,3,2,17.0,1,62036.0,premium
Surco,60.3,2,2,11.0,0,4210.0,premium
Surco,204.7,1,1,0.0,1,6350.0,premium
La Molina,,1,1,0.0,1,5330.0,premium
Pueblo Libre,200.1,3,1,34.0,1,4200.0,premium
Ate,216.0,2,2,,0,3640.0,premium
Carabayllo,216.6,2,1,0.0,1,4400.0,premium
Miraflores,156.1,5,1,16.0,1,6280.0,premium
Surco,109.0,3,3,1.0,0,5560.0,premium
pueblo libre,52.8,5,2,0.0,1,4100.0,premium
Pueblo Libre,118.6,2,2,35.0,0,2680.0,moderado
Ate,165.0,5,3,23.0,1,3990.0,premium
Ate,107.0,2,2,39.0,0,2000.0,moderado
San Isidro,203.7,4,3,29.0,1,6870.0,premium
Pueblo Libre,194.5,4,3,7.0,0,5430.0,premium
San Juan de Lurigancho,198.4,5,1,35.0,1,3440.0,premium
Chorrillos,107.4,2,1,28.0,1,2870.0,moderado
Jesus Maria,168.0,4,1,33.0,0,3780.0,premium
San Juan de Lurigancho,188.5,2,2,24.0,1,3510.0,premium
Pueblo Libre,175.0,4,1,18.0,1,4330.0,premium
Pueblo Libre,192.9,2,1,0.0,0,4980.0,premium
San Borja,97.3,2,2,6.0,1,5040.0,premium
Lince,90.4,3,3,14.0,0,3220.0,premium
Pueblo Libre,174.3,3,3,8.0,1,5040.0,premium
Carabayllo,208.1,5,3,35.0,0,3810.0,premium
San Miguel,121.9,4,2,16.0,1,4310.0,premium
San Isidro,68.0,3,2,,1,5720.0,premium
San Isidro,153.9,1,1,9.0,1,6340.0,premium
San Isidro,105.5,1,1,34.0,1,4940.0,premium
Chorrillos,137.6,1,1,33.0,1,2480.0,moderado
Chorrillos,54.4,5,2,,1,3400.0,premium
Pueblo Libre,57.7,5,1,13.0,0,3320.0,premium
Lince,143.3,2,1,20.0,1,3730.0,premium
Barranco,68.5,5,1,,0,4510.0,premium
Jesus Maria,44.4,1,1,8.0,1,2960.0,moderado
San Juan de Lurigancho,116.3,3,2,25.0,0,2150.0,moderado
Magdalena,217.9,1,1,10.0,1,4900.0,premium
Miraflores,,3,3,33.0,1,5490.0,premium
Chorrillos,161.3,1,1,34.0,0,2840.0,moderado
Magdalena,42.7,2,2,18.0,1,2910.0,moderado
Miraflores,61.9,2,2,9.0,1,4900.0,premium
Chorrillos,69.7,4,1,11.0,0,2660.0,moderado
La Molina,83.8,5,2,23.0,0,4550.0,premium
Surco,148.1,2,2,25.0,1,4940.0,premium
Barranco,107.1,5,1,17.0,1,4940.0,premium
Jesus Maria,70.3,4,2,30.0,1,3420.0,premium
Lince,57.9,4,1,37.0,0,2130.0,moderado
Surco,150.2,5,3,,1,5780.0,premium
Pueblo Libre,78.3,5,1,24.0,0,3030.0,premium
Barranco,,4,3,30.0,1,5530.0,premium
San Isidro,74.7,4,3,37.0,0,4940.0,premium
San Miguel,96.2,3,3,27.0,0,3330.0,premium
Ate,141.8,1,1,39.0,0,1910.0,moderado
La Molina,,3,2,12.0,0,6010.0,premium
Lince,48.7,1,1,,0,1880.0,moderado
Chorrillos,173.0,2,2,2.0,1,4250.0,premium
San Isidro,180.1,1,1,4.0,0,6780.0,premium
Lince,135.5,4,2,18.0,1,3940.0,premium
Ate,65.1,3,3,38.0,1,1850.0,moderado
Miraflores,82.8,4,1,37.0,0,4550.0,premium
La Molina,129.9,2,2,32.0,1,4160.0,premium
Barranco,172.4,2,2,21.0,1,4990.0,premium
San Isidro,56.0,4,3,22.0,1,5060.0,premium
San Juan de Lurigancho,,4,1,4.0,1,3190.0,premium
Carabayllo,73.6,2,1,34.0,0,1350.0,economico
San Isidro,160.3,5,1,26.0,1,6750.0,premium
Chorrillos,106.7,3,2,10.0,0,3150.0,premium
La Molina,149.8,3,1,16.0,1,5040.0,premium
La Molina,177.2,5,2,6.0,0,6060.0,premium
Lince,132.1,2,1,,1,2940.0,moderado
Surco,175.4,3,1,9.0,0,5510.0,premium
Miraflores,144.9,2,2,17.0,1,6040.0,premium
Lince,166.5,2,2,19.0,1,4080.0,premium
San Isidro,187.1,1,1,0.0,1,6980.0,premium
La Molina,132.4,5,1,,0,5560.0,premium
Magdalena,78.2,2,2,5.0,1,3960.0,premium
San Borja,165.3,3,2,,0,5190.0,premium
La Molina,114.0,4,1,19.0,1,4970.0,premium
Magdalena,,1,1,21.0,0,4230.0,premium
La Molina,213.1,2,2,0.0,0,6210.0,premium
Carabayllo,119.4,5,2,31.0,1,3100.0,premium
Pueblo Libre,,3,3,35.0,1,3210.0,premium
Surco,112.7,5,2,35.0,0,4640.0,premium
Jesus Maria,52.3,4,1,23.0,0,2840.0,moderado
Barranco,197.9,1,1,31.0,1,4640.0,premium
Magdalena,128.5,1,1,,1,3760.0,premium
Miraflores,99.2,2,2,26.0,0,4880.0,premium
Carabayllo,47.5,4,3,19.0,0,1790.0,moderado
BARRANCO,110.5,3,2,36.0,1,4050.0,premium
Carabayllo,152.9,1,1,26.0,1,2600.0,moderado
San Miguel,165.2,2,2,27.0,0,3740.0,premium
Chorrillos,80.2,4,3,37.0,1,2820.0,moderado
Jesus Maria,106.4,5,2,30.0,1,3800.0,premium
Barranco,91.1,3,3,6.0,1,5010.0,premium
Magdalena,88.8,4,3,,1,4010.0,premium
Lince,177.8,4,2,29.0,0,3890.0,premium
Magdalena,93.7,1,1,18.0,0,3150.0,premium
Chorrillos,215.2,5,2,15.0,1,4960.0,premium
San Borja,181.3,2,2,0.0,0,5830.0,premium
Lince,100.3,4,3,2.0,1,4170.0,premium
San Isidro,,4,3,21.0,1,6270.0,premium
Lince,116.9,3,2,4.0,0,3680.0,premium
Chorrillos,146.6,5,1,28.0,1,3730.0,premium
Lince,173.3,1,1,28.0,1,3420.0,premium
Magdalena,138.1,3,3,11.0,0,4550.0,premium
La Molina,150.5,2,2,19.0,0,4520.0,premium
Pueblo Libre,208.1,3,2,27.0,0,53767.0,premium
San Isidro,63.5,1,1,9.0,1,5190.0,premium
Carabayllo,153.3,2,1,23.0,0,2460.0,moderado
Pueblo Libre,85.3,3,1,25.0,0,2860.0,moderado
SAN MIGUEL,99.8,2,2,,0,3450.0,premium
La Molina,62.0,1,1,21.0,1,3420.0,premium
Magdalena,160.2,4,3,9.0,1,5000.0,premium
San Miguel,,5,1,35.0,0,3740.0,premium
San Juan de Lurigancho,164.8,4,1,8.0,1,3750.0,premium
Chorrillos,59.7,2,2,35.0,1,60501.0,moderado
Barranco,,3,1,,1,5820.0,premium
San Isidro,97.2,5,2,37.0,1,5740.0,premium
Barranco,82.1,2,2,15.0,1,4210.0,premium
Ate,164.0,1,1,26.0,1,2830.0,moderado
San Isidro,82.0,2,2,9.0,0,5900.0,premium
Surco,121.2,4,1,20.0,1,5060.0,premium
Carabayllo,51.2,1,1,2.0,1,2040.0,moderado
Chorrillos,73.7,3,1,1.0,0,2920.0,moderado
Jesus Maria,178.8,2,2,30.0,0,3980.0,premium
San Miguel,166.5,5,1,8.0,0,4510.0,premium
Lince,175.2,4,3,2.0,0,4680.0,premium
Pueblo Libre,103.1,3,3,20.0,1,3560.0,premium
Chorrillos,215.5,2,2,,0,4620.0,premium
San Juan de Lurigancho,71.8,5,3,11.0,1,3180.0,premium
San Miguel,159.1,1,1,13.0,1,4060.0,premium
Lince,145.3,4,2,8.0,0,4120.0,premium
San Miguel,169.5,3,1,35.0,1,3770.0,premium
Miraflores,189.9,1,1,1.0,1,6450.0,premium
Surco,,4,2,15.0,1,6040.0,premium
Surco,124.1,3,1,,1,5260.0,premium
Chorrillos,169.8,4,1,1.0,0,4450.0,premium
Lince,112.8,4,1,4.0,1,4160.0,premium
Surco,210.4,2,2,29.0,0,5580.0,premium
Pueblo Libre,108.0,3,1,17.0,1,3530.0,premium
Jesus Maria,113.5,2,1,18.0,1,3740.0,premium
Miraflores,117.5,2,1,16.0,1,5280.0,premium
Magdalena,95.7,2,2,3.0,0,3940.0,premium
Carabayllo,141.3,3,3,18.0,1,3200.0,premium
San Isidro,200.4,4,2,30.0,0,6410.0,premium
Chorrillos,70.5,2,2,0.0,1,3250.0,premium
Magdalena,67.2,1,1,38.0,1,2410.0,moderado
Barranco,121.2,4,3,17.0,0,4830.0,premium
Surco,124.8,2,2,,0,4360.0,premium
La Molina,206.9,2,1,22.0,1,5340.0,premium
La Molina,93.4,3,1,22.0,1,4350.0,premium
San Juan de Lurigancho,175.8,3,3,3.0,0,4110.0,premium
Carabayllo,86.6,1,1,24.0,1,1610.0,moderado
La Molina,182.1,1,1,17.0,1,4960.0,premium
La Molina,182.0,2,2,32.0,1,5040.0,premium
San Miguel,70.3,2,2,37.0,1,2510.0,moderado
Surco,,4,3,12.0,0,5210.0,premium
San Isidro,118.7,1,1,14.0,1,5790.0,premium
La Molina,125.7,2,2,16.0,0,4890.0,premium
San Borja,93.6,2,2,1.0,1,4990.0,premium
Ate,143.2,5,3,37.0,0,3190.0,premium
Magdalena,125.9,5,1,38.0,1,3780.0,premium
San Borja,152.0,5,1,,1,5790.0,premium
Lince,138.6,4,1,7.0,1,4190.0,premium
San Isidro,74.2,4,1,16.0,1,5660.0,premium
Ate,116.6,1,1,4.0,1,2780.0,moderado
San Juan de Lurigancho,147.7,4,2,15.0,1,3620.0,premium
Chorrillos,,1,1,,1,2030.0,moderado
La Molina,166.5,5,2,39.0,1,4990.0,premium
Chorrillos,82.0,4,3,15.0,0,3350.0,premium
Jesus Maria,48.0,5,3,,0,3620.0,premium
Lince,58.6,5,1,12.0,1,3290.0,premium
San Miguel,136.9,3,3,39.0,1,3410.0,premium
Chorrillos,129.3,5,1,35.0,1,3190.0,premium
Carabayllo,85.5,4,2,36.0,1,1890.0,moderado
Carabayllo,74.6,4,1,14.0,0,2150.0,moderado
Miraflores,61.4,3,3,16.0,1,5210.0,premium
Pueblo Libre,40.7,1,1,9.0,0,2350.0,moderado
Miraflores,177.6,3,1,33.0,0,5640.0,premium
San Juan de Lurigancho,107.6,3,2,3.0,1,3060.0,premium
San Miguel,161.9,3,2,37.0,1,33505.0,premium
Chorrillos,44.0,4,1,16.0,1,2760.0,moderado
San Isidro,60.0,1,1,14.0,1,4920.0,premium
Pueblo Libre,172.7,3,1,,1,4820.0,premium
SAN ISIDRO,93.0,1,1,7.0,0,5490.0,premium
Jesus Maria,109.4,4,2,,0,3420.0,premium
San Borja,49.0,2,1,21.0,0,3210.0,premium
Lince,,1,1,14.0,1,3340.0,premium
Magdalena,179.9,1,1,15.0,1,4390.0,premium
Ate,149.9,1,1,9.0,1,3550.0,premium
San Isidro,47.7,4,1,11.0,1,5860.0,premium
La Molina,205.0,3,1,26.0,1,5470.0,premium
La Molina,139.0,2,2,26.0,0,4660.0,premium
Magdalena,,5,1,,1,3320.0,premium
La Molina,193.5,3,3,8.0,0,5930.0,premium
Ate,153.8,3,2,9.0,1,3780.0,premium
Pueblo Libre,73.9,5,3,16.0,1,3930.0,premium
San Juan de Lurigancho,149.5,5,3,39.0,1,3220.0,premium
Barranco,134.4,3,1,26.0,0,4010.0,premium
Carabayllo,173.5,1,1,24.0,1,2880.0,moderado
Miraflores,217.4,5,3,23.0,0,7220.0,premium
Miraflores,65.8,2,1,35.0,1,4360.0,premium
Miraflores,49.0,2,1,37.0,0,3860.0,premium
PUEBLO LIBRE,207.7,5,1,30.0,1,4970.0,premium
Carabayllo,80.6,4,3,3.0,0,2650.0,moderado
San Isidro,,3,3,,1,6410.0,premium
Barranco,126.4,3,2,,1,5170.0,premium
Miraflores,104.4,2,1,34.0,0,4550.0,premium
Carabayllo,136.9,2,1,3.0,1,3260.0,premium
Jesus Maria,74.7,3,3,1.0,1,4040.0,premium
Chorrillos,179.7,3,3,20.0,1,4340.0,premium
Magdalena,170.0,4,3,20.0,1,5010.0,premium
San Miguel,164.8,1,1,,1,4160.0,premium
Chorrillos,176.0,5,3,13.0,0,4300.0,premium
La Molina,46.4,2,2,3.0,1,4260.0,premium
Magdalena,175.2,5,1,20.0,1,4820.0,premium
Lince,138.8,4,2,26.0,0,3630.0,premium
Jesus Maria,63.3,3,1,32.0,1,2960.0,moderado
Surco,56.2,5,2,0.0,0,5140.0,premium
Surco,,2,1,37.0,1,4110.0,premium
Ate,127.8,5,1,27.0,1,3280.0,premium
chorrillos,48.1,2,2,26.0,1,2180.0,moderado
miraflores,198.9,2,2,23.0,1,6170.0,premium
Magdalena,78.8,3,2,18.0,1,3770.0,premium
San Miguel,75.7,5,1,36.0,1,3190.0,premium
Miraflores,157.8,4,2,22.0,1,6330.0,premium
Miraflores,81.6,2,2,6.0,1,5570.0,premium
Carabayllo,,3,3,27.0,1,2560.0,moderado
Jesus Maria,102.0,4,1,11.0,1,4080.0,premium
Jesus Maria,192.1,1,1,30.0,1,4200.0,premium
Magdalena,197.5,2,2,30.0,1,4190.0,premium
Magdalena,54.3,3,2,2.0,1,3830.0,premium
Chorrillos,59.1,2,1,17.0,1,2520.0,moderado
Jesus Maria,151.2,1,1,0.0,1,4220.0,premium
Chorrillos,207.0,5,2,8.0,0,5020.0,premium
La Molina,155.4,3,3,34.0,1,5020.0,premium
Magdalena,128.4,3,3,,1,4420.0,premium
Magdalena,115.6,4,2,3.0,0,4370.0,premium
Chorrillos,,4,2,14.0,0,43353.0,premium
Surco,,3,3,17.0,1,6120.0,premium
La Molina,50.6,4,2,20.0,1,4210.0,premium
Jesus Maria,89.0,5,2,23.0,0,3900.0,premium
Barranco,179.6,2,1,34.0,1,4800.0,premium
Surco,94.2,4,1,33.0,1,4520.0,premium
Magdalena,100.8,5,3,33.0,0,3620.0,premium
San Borja,216.5,1,1,8.0,1,6210.0,premium
jesus maria,78.4,3,1,4.0,0,3800.0,premium
Pueblo Libre,128.5,5,1,10.0,0,4160.0,premium
La Molina,142.9,3,3,16.0,0,4880.0,premium
Barranco,57.1,3,3,2.0,1,4640.0,premium
Lince,176.1,4,2,21.0,0,4080.0,premium
San Juan de Lurigancho,205.7,5,3,39.0,0,3690.0,premium
Jesus Maria,118.5,2,1,33.0,1,3190.0,premium
San Isidro,200.2,4,1,,1,6800.0,premium
San Juan de Lurigancho,,5,3,,1,2840.0,moderado
Barranco,,2,2,20.0,0,4140.0,premium
Magdalena,189.6,4,2,0.0,0,5300.0,premium
San Borja,43.6,1,1,10.0,0,3480.0,premium
San Miguel,56.1,4,1,24.0,1,2620.0,moderado
Ate,162.1,3,2,15.0,0,3690.0,premium
Ate,97.5,2,2,31.0,0,2020.0,moderado
San Juan de Lurigancho,155.8,1,1,17.0,1,3000.0,moderado
Carabayllo,65.4,5,1,11.0,0,2450.0,moderado
Lince,87.8,4,1,9.0,1,3560.0,premium
Lince,190.8,5,3,23.0,1,4560.0,premium
san juan de lurigancho,184.8,1,1,33.0,1,2890.0,moderado
Magdalena,87.3,5,1,33.0,1,3490.0,premium
Surco,46.6,2,1,18.0,0,3630.0,premium
Surco,101.5,4,3,3.0,1,5710.0,premium
San Isidro,192.2,5,1,1.0,1,7580.0,premium
San Borja,,3,2,15.0,1,5610.0,premium
Chorrillos,148.8,5,3,23.0,1,4010.0,premium
San Miguel,62.9,4,1,22.0,1,3130.0,premium
San Miguel,168.9,4,1,30.0,1,4150.0,premium
Ate,176.9,3,3,29.0,1,3600.0,premium
San Isidro,162.6,3,1,15.0,0,6100.0,premium
San Borja,72.7,5,2,2.0,1,4980.0,premium
Pueblo Libre,78.7,4,2,15.0,0,3310.0,premium
Miraflores,172.9,3,3,4.0,1,6910.0,premium
Magdalena,123.0,3,2,37.0,0,3270.0,premium
Chorrillos,191.6,5,3,35.0,0,3980.0,premium
Miraflores,151.1,3,1,,0,5340.0,premium
San Isidro,186.6,1,1,7.0,0,6520.0,premium
La Molina,155.9,3,3,19.0,1,5740.0,premium
San Miguel,163.7,2,2,5.0,0,4420.0,premium
Surco,149.6,5,1,4.0,0,5970.0,premium
carabayllo,171.7,2,1,8.0,0,3150.0,premium
La Molina,66.6,5,1,29.0,0,4180.0,premium
Jesus Maria,111.7,1,1,27.0,1,2950.0,moderado
surco,205.9,4,2,35.0,1,5900.0,premium
Surco,212.6,2,2,8.0,0,6010.0,premium
Chorrillos,178.8,4,3,11.0,1,4640.0,premium
San Miguel,,1,1,20.0,1,4140.0,premium
Chorrillos,136.0,2,1,,1,3670.0,premium
Surco,105.9,2,1,4.0,0,4930.0,premium
Pueblo Libre,167.4,4,3,32.0,0,3960.0,premium
La Molina,91.3,1,1,11.0,0,4240.0,premium
Magdalena,86.6,1,1,4.0,1,3900.0,premium
San Borja,77.8,2,2,4.0,1,4660.0,premium
San Isidro,101.7,5,1,1.0,1,6760.0,premium
Ate,105.4,1,1,31.0,1,2040.0,moderado
San Isidro,103.9,2,2,15.0,1,5870.0,premium
San Juan de Lurigancho,149.6,3,1,11.0,1,3370.0,premium
San Juan de Lurigancho,113.4,1,1,38.0,1,1790.0,moderado
San Juan de Lurigancho,,4,3,33.0,0,2430.0,moderado
Jesus Maria,192.5,5,2,1.0,0,5630.0,premium
Surco,160.7,1,1,2.0,1,5720.0,premium
Jesus Maria,124.2,2,1,20.0,1,3680.0,premium
Carabayllo,135.1,1,1,25.0,1,2620.0,moderado
Carabayllo,163.8,3,2,2.0,0,3760.0,premium
San Isidro,115.0,4,2,,1,6250.0,premium
San Juan de Lurigancho,73.3,3,3,35.0,0,1380.0,economico
La Molina,82.2,2,1,25.0,1,4000.0,premium
San Isidro,187.4,4,3,36.0,1,6560.0,premium
San Miguel,,4,3,7.0,1,5350.0,premium
San Juan de Lurigancho,94.4,1,1,6.0,1,2560.0,moderado
Ate,46.0,3,1,18.0,1,1950.0,moderado
Pueblo Libre,54.8,5,2,30.0,1,3020.0,premium
Chorrillos,89.3,3,2,21.0,1,48016.0,premium
san borja,,2,2,36.0,0,3250.0,premium
San Juan de Lurigancho,164.8,2,2,26.0,0,2790.0,moderado
San Miguel,112.3,5,2,38.0,1,3640.0,premium
Surco,55.7,4,1,18.0,0,4020.0,premium
San Borja,116.7,4,3,36.0,0,4680.0,premium
San Borja,130.0,4,3,28.0,1,5080.0,premium
Miraflores,168.7,5,3,32.0,0,6030.0,premium
La Molina,118.9,1,1,27.0,1,52488.0,premium
MIRAFLORES,205.9,4,1,36.0,1,6310.0,premium
San Isidro,125.2,3,2,36.0,0,5470.0,premium
Carabayllo,187.0,4,1,9.0,1,3850.0,premium
Carabayllo,209.3,3,2,,0,3260.0,premium
Miraflores,169.3,4,1,29.0,1,6120.0,premium
San Miguel,157.6,1,1,0.0,0,4020.0,premium
San Miguel,51.2,1,1,19.0,0,2230.0,moderado
San Borja,176.6,5,2,17.0,1,5890.0,premium
La Molina,86.2,4,1,,0,4150.0,premium
Carabayllo,,1,1,30.0,0,2900.0,moderado
Carabayllo,,3,2,20.0,1,2990.0,moderado
San Juan de Lurigancho,107.3,5,3,6.0,0,3350.0,premium
Chorrillos,,2,1,23.0,1,3890.0,premium
Pueblo Libre,147.8,3,3,14.0,1,34340.0,premium
Pueblo Libre,53.6,2,2,20.0,1,2610.0,moderado
Carabayllo,197.2,2,1,38.0,1,2780.0,moderado
La Molina,117.8,5,3,22.0,1,5440.0,premium
Carabayllo,,4,1,20.0,0,2230.0,moderado
Carabayllo,55.4,3,1,20.0,1,1840.0,moderado
La Molina,119.3,1,1,25.0,1,4340.0,premium
Jesus Maria,64.3,5,1,39.0,1,2820.0,moderado
San Borja,113.8,1,1,29.0,0,3960.0,premium
Jesus Maria,197.7,3,1,29.0,1,4500.0,premium
Carabayllo,104.4,1,1,,1,44403.0,moderado
Jesus Maria,167.8,1,1,24.0,0,3440.0,premium
San Juan de Lurigancho,49.6,4,1,34.0,1,1700.0,moderado
Chorrillos,98.3,1,1,9.0,1,3070.0,premium
San Miguel,80.9,5,2,,1,3770.0,premium
San Borja,47.6,5,1,,0,3890.0,premium
Jesus Maria,89.6,3,3,36.0,1,3290.0,premium
Lince,205.9,5,1,26.0,1,4700.0,premium
Surco,,1,1,9.0,1,6010.0,premium
Surco,216.0,4,1,1.0,1,6790.0,premium
Barranco,193.3,3,3,6.0,0,5650.0,premium
Magdalena,196.2,4,1,10.0,1,5360.0,premium
La Molina,66.3,2,2,13.0,0,3600.0,premium
San Juan de Lurigancho,143.6,2,2,,1,2830.0,moderado
Miraflores,138.6,2,2,30.0,0,5140.0,premium
Chorrillos,161.9,1,1,4.0,1,4080.0,premium
Pueblo Libre,195.3,2,1,35.0,0,3630.0,premium
Jesus Maria,59.9,2,1,12.0,0,2980.0,moderado
Jesus Maria,,5,2,11.0,0,5280.0,premium
Surco,107.2,2,1,21.0,0,4440.0,premium
Magdalena,88.4,3,3,24.0,1,3660.0,premium
San Borja,124.7,3,2,0.0,0,5160.0,premium
San Juan de Lurigancho,108.7,3,3,29.0,1,2620.0,moderado
Surco,53.7,4,2,34.0,1,4060.0,premium
SURCO,214.2,5,3,20.0,1,6820.0,premium
Ate,90.1,5,2,13.0,0,3090.0,premium
Carabayllo,94.8,2,2,36.0,1,1670.0,moderado
San Borja,99.5,2,1,20.0,1,4520.0,premium
Jesus Maria,40.8,3,3,2.0,0,3490.0,premium
Carabayllo,163.8,3,3,33.0,0,2860.0,moderado
La Molina,110.4,2,2,14.0,1,4560.0,premium
San Miguel,103.7,2,2,27.0,0,2780.0,moderado
San Borja,90.8,5,3,19.0,0,4910.0,premium
Miraflores,,5,2,33.0,1,4790.0,premium
Jesus Maria,,5,3,17.0,0,37742.0,premium
Ate,139.6,2,2,36.0,1,2840.0,moderado
Ate,56.0,1,1,14.0,1,1880.0,moderado
San Borja,146.9,2,2,25.0,1,4900.0,premium
Carabayllo,108.6,4,1,1.0,0,3030.0,premium
Miraflores,,1,1,19.0,0,4960.0,premium
Jesus Maria,195.6,4,3,2.0,0,5630.0,premium
Jesus Maria,175.9,1,1,31.0,0,3570.0,premium
Pueblo Libre,187.0,5,2,37.0,1,4340.0,premium
Carabayllo,107.5,1,1,16.0,0,1950.0,moderado
Lince,141.0,5,3,7.0,1,4770.0,premium
Pueblo Libre,170.2,1,1,12.0,0,3760.0,premium
San Borja,107.7,4,3,29.0,1,4750.0,premium
San Borja,175.9,2,1,3.0,1,5910.0,premium
Miraflores,,2,2,26.0,1,5560.0,premium
Barranco,190.1,1,1,32.0,1,4400.0,premium
La Molina,,5,1,32.0,0,5470.0,premium
Pueblo Libre,108.9,3,2,13.0,1,4020.0,premium
San Isidro,202.9,4,1,23.0,1,6970.0,premium
Pueblo Libre,216.0,4,1,,0,5250.0,premium
MAGDALENA,,5,3,6.0,1,5330.0,premium
Barranco,127.7,1,1,3.0,1,4830.0,premium
Carabayllo,152.8,1,1,38.0,1,1940.0,moderado
Chorrillos,97.4,4,2,21.0,1,3490.0,premium
Magdalena,209.8,5,3,37.0,0,4930.0,premium
Surco,,3,1,18.0,0,5610.0,premium
Ate,211.7,4,2,4.0,1,5120.0,premium
Carabayllo,62.8,1,1,9.0,1,1720.0,moderado
San Miguel,53.0,3,1,8.0,0,3210.0,premium
Barranco,213.1,1,1,9.0,1,5500.0,premium
Carabayllo,85.9,5,1,10.0,0,2760.0,moderado
Ate,129.2,1,1,16.0,1,2920.0,moderado
Jesus Maria,40.2,2,1,13.0,0,2680.0,moderado
Barranco,,1,1,11.0,0,3290.0,premium
San Borja,128.5,2,2,,1,4080.0,premium
Ate,146.3,2,2,37.0,1,2750.0,moderado
San Miguel,145.9,1,1,,0,2910.0,moderado
Miraflores,206.8,1,1,4.0,1,6760.0,premium
San Miguel,,1,1,,1,5240.0,premium
lince,,5,3,18.0,0,3760.0,premium
Carabayllo,,4,3,27.0,1,3510.0,premium
San Borja,51.6,4,2,,1,3770.0,premium
Pueblo Libre,119.7,2,2,30.0,0,3030.0,premium
San Juan de Lurigancho,144.7,1,1,35.0,0,1940.0,moderado
Ate,152.4,4,1,32.0,1,3180.0,premium
Magdalena,199.1,3,3,12.0,0,5110.0,premium
Magdalena,173.5,2,1,36.0,0,3660.0,premium
Pueblo Libre,83.3,1,1,13.0,1,2900.0,moderado
Jesus Maria,208.6,2,2,33.0,0,4470.0,premium
Ate,86.4,2,1,12.0,0,2080.0,moderado
Ate,44.1,5,3,1.0,1,3060.0,premium
Ate,95.1,1,1,9.0,1,2530.0,moderado
San Isidro,214.6,1,1,16.0,1,6850.0,premium
San Isidro,153.4,4,3,9.0,1,7080.0,premium
San Isidro,189.3,1,1,27.0,0,5990.0,premium
Carabayllo,219.5,3,2,11.0,1,4090.0,premium
San Isidro,59.9,3,1,32.0,1,4790.0,premium
Barranco,89.9,1,1,13.0,1,4230.0,premium
Barranco,141.8,1,1,7.0,1,4750.0,premium
La Molina,58.9,4,1,,0,4190.0,premium
Barranco,82.3,5,3,1.0,1,5360.0,premium
Pueblo Libre,167.2,2,1,16.0,0,3730.0,premium
Barranco,57.2,2,2,19.0,0,3420.0,premium
San Isidro,131.5,2,1,36.0,1,5230.0,premium
Pueblo Libre,187.3,1,1,11.0,1,4300.0,premium
La Molina,146.3,5,3,16.0,1,5850.0,premium
Jesus Maria,,3,3,12.0,0,3360.0,premium
Pueblo Libre,,4,2,16.0,1,3590.0,premium
San Miguel,74.9,5,2,3.0,1,4320.0,premium
Surco,166.1,3,1,39.0,1,4760.0,premium
La Molina,219.5,1,1,30.0,0,5070.0,premium
Chorrillos,,3,3,13.0,0,4430.0,premium
Chorrillos,78.4,1,1,22.0,1,2400.0,moderado
San Miguel,67.0,1,1,,1,2760.0,moderado
Magdalena,182.4,3,1,30.0,0,4220.0,premium
San Juan de Lurigancho,210.1,4,1,35.0,1,3260.0,premium
La Molina,150.6,1,1,34.0,0,4000.0,premium
Jesus Maria,139.2,2,2,31.0,1,3260.0,premium
Barranco,63.7,2,2,16.0,1,3870.0,premium
La Molina,200.2,2,1,19.0,1,5410.0,premium
San Borja,52.8,4,1,15.0,1,4160.0,premium
San Miguel,166.8,2,2,3.0,1,4900.0,premium
Lince,146.0,5,2,10.0,0,45852.0,premium
Surco,53.3,5,1,2.0,1,5050.0,premium
Barranco,128.1,1,1,4.0,1,4720.0,premium
Pueblo Libre,81.5,4,3,0.0,1,4510.0,premium
Barranco,141.4,4,3,37.0,0,4440.0,premium
Pueblo Libre,55.9,2,1,38.0,0,1890.0,moderado
Jesus Maria,175.3,4,2,25.0,1,4500.0,premium
San Juan de Lurigancho,105.3,4,3,0.0,0,3470.0,premium
San Isidro,218.2,1,1,30.0,1,6540.0,premium
Surco,169.2,1,1,1.0,1,5970.0,premium
Barranco,202.6,1,1,4.0,1,5600.0,premium
Jesus Maria,219.4,4,3,21.0,1,5330.0,premium
San Isidro,101.0,5,3,15.0,1,6680.0,premium
Miraflores,156.4,1,1,,1,5730.0,premium
San Borja,48.6,4,3,32.0,1,4000.0,premium
Barranco,82.1,2,1,1.0,0,4420.0,premium
Chorrillos,194.7,3,1,33.0,1,3760.0,premium
San Juan de Lurigancho,215.0,5,2,15.0,0,4480.0,premium
Lince,118.2,5,3,6.0,1,4430.0,premium
La Molina,212.5,2,1,2.0,1,6020.0,premium
Jesus Maria,177.4,4,1,29.0,0,43704.0,premium
San Juan de Lurigancho,118.0,3,3,30.0,1,2560.0,moderado
BARRANCO,146.3,3,3,13.0,1,5360.0,premium
Pueblo Libre,157.4,2,2,0.0,1,4530.0,premium
Pueblo Libre,212.2,2,1,15.0,1,62137.0,premium
Magdalena,184.0,4,2,31.0,1,4260.0,premium
Jesus Maria,196.2,2,1,25.0,1,4440.0,premium
Ate,72.5,3,1,15.0,0,2150.0,moderado
Magdalena,186.7,5,2,25.0,0,5010.0,premium
San Isidro,97.3,1,1,34.0,0,4820.0,premium
Ate,204.8,2,2,,0,3930.0,premium
Pueblo Libre,51.5,4,1,26.0,1,2690.0,moderado
San Miguel,60.8,1,1,,0,2760.0,moderado
Chorrillos,93.6,4,1,,0,3010.0,premium
Jesus Maria,161.0,3,1,32.0,0,3730.0,premium
San Juan de Lurigancho,120.6,1,1,7.0,1,2860.0,moderado
Pueblo Libre,127.0,4,2,25.0,0,3560.0,premium
San Miguel,41.2,2,1,16.0,1,2720.0,moderado
Chorrillos,120.8,3,3,19.0,1,3420.0,premium
Chorrillos,59.1,2,2,1.0,1,3280.0,premium
Ate,118.8,5,3,15.0,1,3590.0,premium
Miraflores,45.9,1,1,33.0,1,3870.0,premium
Magdalena,144.1,3,2,22.0,0,3860.0,premium
Surco,52.5,1,1,4.0,1,56631.0,premium
Jesus Maria,176.0,5,2,25.0,1,4760.0,premium
Carabayllo,137.5,3,1,,1,3160.0,premium
Barranco,100.9,1,1,26.0,0,3300.0,premium
ate,,4,3,13.0,1,2980.0,moderado
La Molina,,4,1,11.0,1,4410.0,premium
Surco,140.0,2,2,38.0,1,4460.0,premium
Barranco,191.8,4,1,5.0,0,6080.0,premium
San Miguel,219.0,4,2,35.0,1,4710.0,premium
Barranco,45.0,3,2,12.0,1,3920.0,premium
Surco,111.7,1,1,35.0,0,3930.0,premium
barranco,83.0,3,1,16.0,1,4360.0,premium
Surco,128.5,4,1,24.0,1,5190.0,premium
Lince,182.1,4,2,29.0,1,4230.0,premium
Chorrillos,184.4,1,1,34.0,1,3410.0,premium
Chorrillos,182.4,1,1,25.0,0,3610.0,premium
Jesus Maria,,1,1,25.0,1,2510.0,moderado
Carabayllo,41.8,2,1,37.0,0,550.0,economico
Barranco,124.2,5,2,25.0,0,4730.0,premium
Barranco,152.7,1,1,38.0,1,4180.0,premium
Chorrillos,64.5,4,1,28.0,1,2530.0,moderado
San Borja,210.7,4,2,11.0,1,6660.0,premium
La Molina,51.6,2,1,,1,38052.0,premium
LINCE,206.2,1,1,23.0,1,4130.0,premium
san borja,132.5,2,2,1.0,0,5120.0,premium
Jesus Maria,,4,3,2.0,1,5620.0,premium
Pueblo Libre,183.6,5,3,17.0,0,4740.0,premium
La Molina,45.5,5,3,4.0,0,4370.0,premium
La Molina,53.9,4,2,16.0,1,4270.0,premium
Carabayllo,212.8,1,1,35.0,0,2610.0,moderado
Chorrillos,141.3,5,2,27.0,1,3730.0,premium
Surco,114.4,4,3,39.0,1,4690.0,premium
San Borja,198.5,3,3,17.0,1,6290.0,premium
San Miguel,150.9,5,3,6.0,1,5470.0,premium
San Borja,157.9,3,1,16.0,1,5610.0,premium
Miraflores,211.4,5,2,31.0,0,6500.0,premium
Ate,151.2,2,2,33.0,1,2760.0,moderado
Lince,207.4,3,2,36.0,1,4470.0,premium
Lince,80.3,3,3,,0,36385.0,premium
Miraflores,182.0,3,3,21.0,1,6550.0,premium
San Juan de Lurigancho,131.2,1,1,29.0,0,2130.0,moderado
Barranco,51.7,1,1,16.0,1,3570.0,premium
San Borja,110.5,1,1,13.0,0,4210.0,premium
Chorrillos,114.5,5,3,25.0,1,3640.0,premium
Chorrillos,76.3,4,2,,1,3120.0,premium
San Isidro,205.7,3,3,24.0,1,7130.0,premium
San Juan de Lurigancho,217.1,5,1,28.0,1,4200.0,premium
San Borja,114.8,4,2,1.0,1,5480.0,premium
san borja,88.3,1,1,4.0,1,46177.0,premium
Miraflores,76.9,5,2,33.0,1,5010.0,premium
San Juan de Lurigancho,155.7,2,2,,1,3360.0,premium
San Miguel,196.2,5,2,31.0,0,4800.0,premium
Pueblo Libre,68.9,4,2,15.0,1,3510.0,premium
Miraflores,71.1,3,2,5.0,0,5210.0,premium
Ate,,5,2,11.0,0,3910.0,premium
Carabayllo,140.8,5,3,7.0,1,4030.0,premium
San Juan de Lurigancho,168.5,5,1,,1,3530.0,premium
Pueblo Libre,,4,2,12.0,0,4830.0,premium
SAN JUAN DE LURIGANCHO,202.3,2,1,15.0,1,3750.0,premium
Miraflores,79.3,5,3,34.0,1,5300.0,premium
Pueblo Libre,118.1,4,2,18.0,0,3460.0,premium
Magdalena,129.2,4,3,21.0,1,4490.0,premium
Barranco,214.6,3,1,27.0,1,5640.0,premium
Ate,124.9,2,2,,0,2190.0,moderado
Barranco,97.0,1,1,17.0,1,4130.0,premium
La Molina,113.7,3,3,4.0,1,5200.0,premium
Jesus Maria,124.3,2,1,3.0,1,4160.0,premium
Ate,41.3,1,1,22.0,1,1430.0,economico
Carabayllo,74.8,1,1,15.0,0,1710.0,moderado
Barranco,157.7,4,2,14.0,1,5420.0,premium
San Borja,56.1,2,2,36.0,0,3540.0,premium
Miraflores,186.6,2,2,,0,6170.0,premium
Barranco,123.9,4,1,31.0,1,4450.0,premium
Magdalena,141.8,2,2,36.0,0,3290.0,premium
Ate,161.6,5,1,13.0,0,3710.0,premium
San Borja,182.2,5,3,21.0,0,5860.0,premium
San Miguel,96.4,4,1,24.0,1,3690.0,premium
Lince,,3,1,23.0,1,3210.0,premium
La Molina,201.4,1,1,,0,5220.0,premium
Jesus Maria,128.4,4,2,33.0,0,3570.0,premium
San Miguel,216.5,3,2,24.0,0,4840.0,premium
CARABAYLLO,205.1,5,1,10.0,0,3960.0,premium
Magdalena,115.7,1,1,10.0,1,3280.0,premium
San Borja,92.0,3,3,0.0,0,5220.0,premium
San Miguel,161.0,5,2,34.0,1,4510.0,premium
Jesus Maria,163.5,2,2,21.0,1,4350.0,premium
San Borja,87.7,2,1,29.0,1,3830.0,premium
La Molina,127.2,5,1,34.0,0,4700.0,premium
La Molina,80.3,2,2,30.0,1,4040.0,premium
La Molina,175.5,4,2,15.0,1,6100.0,premium
Magdalena,175.3,3,1,,0,3850.0,premium
Barranco,48.7,2,2,9.0,1,3690.0,premium
Jesus Maria,191.6,2,2,,0,4790.0,premium
Ate,182.0,2,2,5.0,0,3630.0,premium
La Molina,74.5,3,3,38.0,0,3770.0,premium
Lince,158.0,2,2,34.0,1,3420.0,premium
Pueblo Libre,215.4,3,1,36.0,1,4020.0,premium
Chorrillos,49.8,3,2,2.0,1,3040.0,premium
Miraflores,148.0,1,1,12.0,1,5710.0,premium
Ate,192.6,5,2,25.0,1,4230.0,premium
Surco,141.8,1,1,,0,4450.0,premium
Jesus Maria,148.1,5,3,24.0,1,60047.0,premium
Barranco,182.9,1,1,37.0,1,4410.0,premium
San Miguel,208.5,4,3,10.0,1,5640.0,premium
San Isidro,52.9,3,1,18.0,0,4790.0,premium
San Isidro,177.0,4,2,12.0,1,7240.0,premium
Ate,117.8,3,3,11.0,1,3530.0,premium
San Borja,207.0,4,3,14.0,1,6630.0,premium
San Juan de Lurigancho,160.6,3,1,34.0,1,2800.0,moderado
Jesus Maria,101.4,1,1,3.0,1,3490.0,premium
Chorrillos,70.2,3,2,26.0,1,2680.0,moderado
Lince,191.8,5,3,3.0,0,5410.0,premium
Surco,172.6,5,3,15.0,0,6100.0,premium
Miraflores,175.2,2,1,,0,5560.0,premium
Carabayllo,197.3,4,2,17.0,1,4120.0,premium
Surco,146.2,2,1,11.0,0,5270.0,premium
Barranco,60.2,1,1,17.0,1,3790.0,premium
Barranco,117.3,2,2,20.0,1,4450.0,premium
Miraflores,143.2,5,2,0.0,1,6790.0,premium
Jesus Maria,127.8,4,3,15.0,0,4180.0,premium
San Borja,,5,1,21.0,1,5440.0,premium
Barranco,49.4,5,3,19.0,1,4400.0,premium
San Isidro,101.2,4,1,0.0,1,6510.0,premium
Pueblo Libre,189.7,1,1,21.0,1,4350.0,premium
San Borja,180.5,2,2,39.0,0,4540.0,premium
San Borja,144.1,1,1,21.0,1,4730.0,premium
Barranco,63.3,4,3,12.0,0,4590.0,premium
Carabayllo,144.3,2,2,9.0,1,42715.0,premium
Surco,62.2,3,2,24.0,1,4070.0,premium
Magdalena,150.5,2,2,35.0,1,3750.0,premium
San Borja,208.5,3,2,20.0,0,5970.0,premium
San Miguel,100.5,2,2,16.0,0,3120.0,premium
San Miguel,119.7,2,1,25.0,1,3570.0,premium
Barranco,167.7,2,1,25.0,0,4300.0,premium
La Molina,166.0,4,2,11.0,0,5490.0,premium
San Borja,162.4,5,3,34.0,1,5670.0,premium
Jesus Maria,168.9,2,2,31.0,1,4210.0,premium
Carabayllo,219.4,4,3,0.0,1,4740.0,premium
San Miguel,145.0,1,1,21.0,1,3620.0,premium
Ate,125.0,3,3,1.0,1,3820.0,premium
Carabayllo,207.2,1,1,6.0,1,3820.0,premium
San Miguel,54.8,3,1,9.0,0,2850.0,moderado
Chorrillos,139.9,4,3,13.0,1,4170.0,premium
San Miguel,155.3,4,3,9.0,1,4930.0,premium
Carabayllo,193.5,1,1,39.0,1,2530.0,moderado
Surco,53.0,2,2,10.0,0,3980.0,premium
Pueblo Libre,178.4,4,1,,1,4270.0,premium
Carabayllo,193.3,2,1,23.0,1,3160.0,premium
San Juan de Lurigancho,,4,2,35.0,1,2580.0,moderado
Lince,196.0,4,3,37.0,1,4210.0,premium
Chorrillos,214.5,4,1,39.0,1,3940.0,premium
San Isidro,114.6,4,3,3.0,1,6760.0,premium
Carabayllo,64.5,4,1,18.0,0,1940.0,moderado
Chorrillos,211.1,5,2,0.0,1,5570.0,premium
San Isidro,129.3,1,1,31.0,1,5460.0,premium
La Molina,217.1,3,1,12.0,1,6130.0,premium
Jesus Maria,193.8,3,1,,0,4200.0,premium
Surco,169.0,4,1,13.0,1,6040.0,premium
Ate,157.3,1,1,1.0,0,3570.0,premium
San Isidro,147.1,3,3,32.0,0,5920.0,premium
San Juan de Lurigancho,166.3,3,2,39.0,1,2810.0,moderado
Pueblo Libre,89.3,4,1,,1,3360.0,premium
san isidro,150.5,1,1,0.0,1,6580.0,premium
Miraflores,105.8,3,1,16.0,0,5180.0,premium
san juan de lurigancho,,5,1,17.0,1,4360.0,premium
Miraflores,142.5,2,2,5.0,1,6200.0,premium
Carabayllo,192.7,5,3,5.0,0,4380.0,premium
Lince,196.9,4,2,33.0,1,4200.0,premium
San Miguel,121.1,2,2,26.0,1,3570.0,premium
Barranco,84.6,2,1,20.0,0,3630.0,premium
San Borja,59.5,1,1,35.0,0,3160.0,premium
Chorrillos,182.6,4,3,11.0,0,4430.0,premium
Miraflores,53.5,1,1,13.0,0,4430.0,premium
Surco,176.0,2,2,,1,5360.0,premium
San Miguel,62.8,5,1,14.0,1,3740.0,premium
Magdalena,71.0,1,1,21.0,1,2830.0,moderado
Pueblo Libre,159.5,4,2,27.0,1,4230.0,premium
San Miguel,167.3,2,1,27.0,0,3750.0,premium
Chorrillos,73.4,1,1,25.0,1,2190.0,moderado
magdalena,156.0,4,3,5.0,0,4990.0,premium
Barranco,92.5,4,3,,0,3870.0,premium
Miraflores,168.9,5,2,,1,7110.0,premium
San Isidro,,5,2,,0,6700.0,premium
Surco,125.1,2,2,34.0,1,4240.0,premium
Chorrillos,89.5,4,1,9.0,0,3310.0,premium
magdalena,110.1,4,2,15.0,1,4150.0,premium
Barranco,158.6,1,1,12.0,0,4860.0,premium
Ate,216.7,3,1,17.0,1,4070.0,premium
Carabayllo,138.6,2,1,,1,52544.0,moderado
Lince,,2,2,23.0,1,2310.0,moderado
LA MOLINA,208.7,4,2,25.0,1,6010.0,premium
San Miguel,84.6,4,1,6.0,1,4000.0,premium
Magdalena,172.8,1,1,25.0,0,3950.0,premium
Magdalena,151.1,2,2,16.0,1,4180.0,premium
San Isidro,201.5,4,2,10.0,0,7300.0,premium
Miraflores,184.4,4,3,18.0,0,6530.0,premium
Miraflores,177.8,5,3,12.0,0,6780.0,premium
Miraflores,100.5,5,3,23.0,1,5650.0,premium
Jesus Maria,180.9,2,1,6.0,1,4830.0,premium
Carabayllo,73.5,1,1,10.0,1,2080.0,moderado
Chorrillos,148.8,4,1,33.0,0,3360.0,premium
Chorrillos,130.1,2,2,0.0,1,3670.0,premium
Lince,93.6,3,2,34.0,0,2730.0,moderado
BARRANCO,138.0,3,2,,1,5360.0,premium
Magdalena,138.1,1,1,2.0,1,4310.0,premium
San Miguel,150.4,1,1,8.0,1,3940.0,premium
Carabayllo,48.1,1,1,23.0,0,910.0,economico
Miraflores,117.2,5,1,22.0,1,5740.0,premium
Miraflores,64.6,3,1,2.0,1,5270.0,premium
Barranco,74.6,3,1,15.0,0,3850.0,premium
Carabayllo,,2,1,30.0,1,1270.0,economico
San Juan de Lurigancho,75.5,2,1,25.0,1,1810.0,moderado
carabayllo,,5,3,,1,2230.0,moderado
Chorrillos,119.9,4,1,16.0,0,3290.0,premium
Ate,163.2,2,2,16.0,1,3500.0,premium
San Juan de Lurigancho,139.1,2,1,16.0,1,3110.0,premium
Lince,121.1,4,1,30.0,0,3190.0,premium
Pueblo Libre,,4,1,4.0,0,3740.0,premium
Surco,208.9,4,3,18.0,1,6240.0,premium
Surco,148.3,2,1,0.0,0,5480.0,premium
Jesus Maria,76.7,2,1,10.0,1,3740.0,premium
Ate,195.3,3,3,11.0,1,4620.0,premium
Pueblo Libre,157.6,2,2,10.0,0,4010.0,premium
Ate,114.1,4,3,29.0,1,3080.0,premium
San Borja,156.8,4,1,8.0,1,5680.0,premium
Pueblo Libre,103.7,4,2,14.0,0,3370.0,premium
Magdalena,203.6,5,2,38.0,1,4780.0,premium
San Borja,108.3,4,2,7.0,1,5420.0,premium
San Juan de Lurigancho,159.0,5,1,27.0,1,3480.0,premium
San Miguel,,4,2,24.0,1,4860.0,premium
Lince,206.0,2,2,14.0,1,4590.0,premium
La Molina,178.1,5,1,8.0,0,5940.0,premium
Ate,139.9,3,2,1.0,1,3860.0,premium
Pueblo Libre,66.5,4,3,8.0,1,3750.0,premium
Jesus Maria,126.8,3,2,2.0,0,4350.0,premium
Lince,55.8,1,1,9.0,0,2410.0,moderado
La Molina,61.6,5,1,18.0,1,4450.0,premium
Barranco,190.2,4,1,25.0,1,5600.0,premium
Miraflores,59.5,3,3,16.0,0,4920.0,premium
La Molina,155.7,5,2,35.0,1,5270.0,premium
Jesus Maria,142.3,5,3,17.0,0,4420.0,premium
Lince,43.4,1,1,38.0,1,1580.0,moderado
Pueblo Libre,127.2,5,3,29.0,1,3890.0,premium
Jesus Maria,206.7,4,3,12.0,1,5550.0,premium
Surco,108.0,1,1,18.0,1,4490.0,premium
Ate,,5,2,0.0,1,4130.0,premium
San Juan de Lurigancho,86.7,4,2,17.0,0,2100.0,moderado
Barranco,45.3,5,3,24.0,1,4300.0,premium
Miraflores,204.2,4,1,,0,6140.0,premium
Ate,61.0,5,1,39.0,1,1970.0,moderado
Surco,171.0,2,2,3.0,0,5590.0,premium
San Isidro,168.8,5,3,38.0,0,6380.0,premium
San Borja,97.4,4,1,0.0,1,5280.0,premium
Barranco,198.5,3,2,39.0,0,4590.0,premium
Lince,114.4,5,2,12.0,1,4150.0,premium
San Borja,105.7,4,1,,1,52778.0,premium
Magdalena,112.2,3,2,38.0,0,2980.0,moderado
La Molina,152.2,2,1,12.0,0,39841.0,premium
Pueblo Libre,129.4,3,2,4.0,1,4280.0,premium
Lince,,1,1,32.0,1,2160.0,moderado
Carabayllo,56.4,4,1,28.0,1,1680.0,moderado
Chorrillos,91.1,2,1,34.0,1,2410.0,moderado
Magdalena,163.6,3,1,,1,4900.0,premium
Jesus Maria,57.3,4,1,2.0,1,3680.0,premium
San Juan de Lurigancho,213.4,3,2,0.0,1,4770.0,premium
La Molina,188.6,4,1,30.0,0,5030.0,premium
Jesus Maria,110.7,3,1,35.0,0,3380.0,premium
San Borja,178.2,5,2,22.0,1,5710.0,premium
San Juan de Lurigancho,50.9,3,3,14.0,1,2200.0,moderado
San Borja,190.4,2,1,39.0,1,5190.0,premium
San Juan de Lurigancho,155.2,2,1,14.0,1,3110.0,premium
Pueblo Libre,,5,3,38.0,1,3780.0,premium
Magdalena,189.3,5,1,7.0,0,5350.0,premium
San Miguel,137.8,2,2,,1,3520.0,premium
Surco,140.4,5,3,6.0,1,6360.0,premium
Chorrillos,105.2,4,1,9.0,0,3280.0,premium
Lince,147.0,3,2,11.0,0,3670.0,premium
San Juan de Lurigancho,65.8,1,1,3.0,0,2270.0,moderado
San Miguel,214.5,2,1,29.0,1,4480.0,premium
Jesus Maria,,4,1,,1,4900.0,premium
Lince,121.2,4,2,3.0,1,4590.0,premium
Surco,92.8,2,1,23.0,1,4360.0,premium
Chorrillos,110.4,5,2,,1,3450.0,premium
Magdalena,97.9,2,2,27.0,1,3380.0,premium
Carabayllo,154.1,3,1,2.0,1,3860.0,premium
Jesus Maria,43.2,4,3,19.0,1,3440.0,premium
San Juan de Lurigancho,92.5,3,1,21.0,1,2310.0,moderado
La Molina,50.0,2,1,37.0,0,3000.0,moderado
San Borja,195.4,3,3,15.0,1,6020.0,premium
Carabayllo,212.7,3,3,19.0,1,3970.0,premium
San Borja,213.1,2,2,0.0,1,6270.0,premium
Lince,115.0,2,2,36.0,0,2460.0,moderado
San Borja,154.1,1,1,,0,4940.0,premium
San Isidro,218.7,2,2,19.0,1,7070.0,premium
Lince,107.9,3,2,33.0,0,2980.0,moderado
San Miguel,172.5,3,1,2.0,0,4750.0,premium
Ate,64.1,5,2,26.0,1,33425.0,moderado
Ate,162.7,2,1,19.0,1,3150.0,premium
La Molina,84.6,3,1,4.0,0,4530.0,premium
Surco,174.4,4,1,6.0,1,6050.0,premium
Miraflores,49.5,3,1,10.0,1,4880.0,premium
Miraflores,174.0,3,1,3.0,0,6330.0,premium
Miraflores,181.8,3,1,17.0,1,6280.0,premium
Lince,196.6,4,1,7.0,1,5000.0,premium
Ate,138.7,4,2,29.0,0,2890.0,moderado
Lince,52.8,5,1,3.0,1,3440.0,premium
Miraflores,103.4,4,3,17.0,1,5800.0,premium
san borja,141.5,3,3,,1,5740.0,premium
Barranco,149.7,3,1,39.0,0,4100.0,premium
Chorrillos,116.2,5,1,8.0,0,3600.0,premium
Ate,213.8,3,1,12.0,1,4310.0,premium
La Molina,209.4,1,1,17.0,1,5480.0,premium
Barranco,67.7,2,2,39.0,1,2910.0,moderado
Magdalena,170.4,5,2,37.0,0,4300.0,premium
Ate,105.6,3,3,23.0,1,2790.0,moderado
San Isidro,94.5,4,2,39.0,1,5240.0,premium
Miraflores,141.7,3,3,30.0,1,5950.0,premium
Jesus Maria,187.9,1,1,10.0,1,4610.0,premium
Magdalena,178.3,3,2,33.0,0,4190.0,premium
Magdalena,121.6,5,1,4.0,0,4820.0,premium
Pueblo Libre,187.8,5,3,,0,5380.0,premium
Lince,197.4,2,2,3.0,1,4760.0,premium
san miguel,64.9,3,3,33.0,1,2740.0,moderado
San Borja,205.9,2,2,25.0,0,5420.0,premium
Carabayllo,185.7,3,1,21.0,1,3390.0,premium
La Molina,,2,1,39.0,1,3840.0,premium
San Isidro,48.9,4,2,39.0,0,4310.0,premium
Ate,109.9,3,3,36.0,1,2670.0,moderado
Ate,154.8,2,1,2.0,1,3800.0,premium
Carabayllo,214.7,3,2,7.0,1,4350.0,premium
Jesus Maria,126.7,2,2,12.0,1,3980.0,premium
Lince,122.9,3,3,1.0,0,4150.0,premium
La Molina,197.8,5,1,5.0,1,6670.0,premium
San Miguel,212.0,5,3,21.0,1,5670.0,premium
Magdalena,161.3,5,3,36.0,0,4310.0,premium
Barranco,75.6,1,1,27.0,1,3270.0,premium
San Borja,52.7,2,2,14.0,1,4240.0,premium
Jesus Maria,88.0,3,1,38.0,0,2650.0,moderado
Chorrillos,70.9,5,1,31.0,1,2620.0,moderado
Carabayllo,197.4,4,2,,1,3890.0,premium
San Miguel,53.1,4,2,12.0,0,3360.0,premium
Magdalena,219.2,5,2,28.0,0,5200.0,premium
Lince,,4,3,20.0,0,3200.0,premium
Barranco,197.5,3,3,25.0,0,5300.0,premium
Ate,61.3,3,2,30.0,1,2260.0,moderado
Lince,191.8,2,2,35.0,1,3750.0,premium
Barranco,45.8,3,3,20.0,1,3740.0,premium
Barranco,88.7,2,2,13.0,1,4310.0,premium
San Isidro,152.1,5,1,4.0,0,7020.0,premium
Barranco,120.4,4,2,39.0,1,4200.0,premium
Miraflores,171.3,3,3,11.0,0,6450.0,premium
San Miguel,125.7,1,1,26.0,0,3130.0,premium
Magdalena,115.6,1,1,33.0,1,3150.0,premium
Lince,67.0,4,3,9.0,1,3460.0,premium
Ate,57.2,4,2,7.0,1,3230.0,premium
Pueblo Libre,119.2,4,3,28.0,1,3800.0,premium
San Miguel,41.7,2,1,14.0,0,2360.0,moderado
Miraflores,124.9,2,1,20.0,1,5130.0,premium
Barranco,55.9,1,1,14.0,1,3550.0,premium
San Juan de Lurigancho,100.1,4,3,16.0,1,3050.0,premium
San Borja,48.1,4,3,33.0,1,4160.0,premium
Chorrillos,214.4,3,3,19.0,0,4550.0,premium
San Miguel,84.5,4,3,14.0,1,3860.0,premium
La Molina,46.0,2,2,13.0,1,3770.0,premium
Jesus Maria,181.3,2,2,14.0,0,4460.0,premium
Ate,88.7,2,2,24.0,0,2130.0,moderado
Carabayllo,133.1,1,1,34.0,0,1890.0,moderado
MAGDALENA,174.3,3,3,35.0,1,4690.0,premium
Barranco,191.9,4,3,,0,5760.0,premium
Surco,69.3,4,3,26.0,1,4690.0,premium
Jesus Maria,152.7,4,2,6.0,1,4660.0,premium
Barranco,120.2,1,1,35.0,0,3590.0,premium
pueblo libre,,1,1,3.0,0,3850.0,premium
Pueblo Libre,183.7,2,2,,1,4240.0,premium
San Isidro,64.1,2,2,18.0,1,5590.0,premium
La Molina,57.0,1,1,32.0,1,3300.0,premium
San Miguel,124.5,3,3,25.0,0,3610.0,premium
San Miguel,97.4,3,3,6.0,1,3960.0,premium
MIRAFLORES,154.6,1,1,25.0,0,5040.0,premium
San Miguel,187.0,1,1,13.0,1,4470.0,premium
Pueblo Libre,213.7,5,2,10.0,1,5600.0,premium
Magdalena,58.1,5,3,38.0,0,2780.0,moderado
Carabayllo,,1,1,33.0,1,1030.0,economico
Miraflores,49.2,5,1,1.0,1,5620.0,premium
San Miguel,70.6,4,1,19.0,1,3130.0,premium
Barranco,105.1,2,2,3.0,0,4410.0,premium
San Isidro,153.0,4,3,17.0,0,6750.0,premium
La Molina,69.0,5,2,18.0,1,4800.0,premium
Jesus Maria,169.4,5,1,,1,4360.0,premium
Barranco,95.2,2,1,21.0,1,3860.0,premium
San Miguel,171.2,4,2,18.0,1,4630.0,premium
Carabayllo,131.8,4,1,9.0,1,3110.0,premium
Lince,121.9,3,3,10.0,1,4030.0,premium
Chorrillos,55.4,1,1,32.0,1,1830.0,moderado
San Borja,,1,1,38.0,0,3230.0,premium
San Miguel,192.8,3,1,34.0,1,4220.0,premium
Lince,209.8,5,1,18.0,1,5090.0,premium
San Miguel,164.8,2,1,,1,4000.0,premium
Magdalena,167.8,3,2,20.0,1,4560.0,premium
San Isidro,112.5,1,1,22.0,1,5310.0,premium
miraflores,75.3,1,1,38.0,0,3960.0,premium
Surco,,5,3,35.0,1,3970.0,premium
PUEBLO LIBRE,192.1,4,1,19.0,1,4720.0,premium
San Isidro,117.8,4,3,23.0,1,6180.0,premium
San Isidro,,1,1,36.0,1,3990.0,premium
Ate,96.8,2,1,9.0,1,2580.0,moderado
San Juan de Lurigancho,52.5,5,2,17.0,1,2560.0,moderado
JESUS MARIA,85.4,4,3,26.0,0,3680.0,premium
Pueblo Libre,189.2,5,2,33.0,0,4270.0,premium
Lince,132.2,1,1,13.0,1,3550.0,premium
Chorrillos,52.3,4,1,27.0,1,2500.0,moderado
Barranco,57.1,5,1,36.0,0,3220.0,premium
Surco,,5,2,1.0,1,46337.0,premium
Lince,182.6,1,1,31.0,0,3090.0,premium
Carabayllo,154.6,5,1,2.0,1,3970.0,premium
San Isidro,,3,1,39.0,1,4920.0,premium
San Borja,201.9,5,2,15.0,1,6600.0,premium
San Borja,152.3,4,3,2.0,1,6380.0,premium
Pueblo Libre,116.3,3,1,13.0,0,3710.0,premium
Lince,99.0,5,1,29.0,0,3010.0,premium
Pueblo Libre,91.2,2,2,30.0,1,3150.0,premium
La Molina,112.6,5,2,25.0,1,5010.0,premium
Magdalena,69.0,5,3,37.0,1,3640.0,premium
Barranco,186.6,5,2,,0,5900.0,premium
Ate,155.5,5,2,30.0,1,3470.0,premium
Barranco,147.9,5,2,30.0,1,5080.0,premium
Miraflores,216.5,1,1,1.0,0,6800.0,premium
San Miguel,,5,3,37.0,1,3270.0,premium
Pueblo Libre,98.9,2,1,32.0,1,2850.0,moderado
Lince,174.6,3,1,28.0,1,3890.0,premium
Miraflores,50.9,4,1,18.0,1,4900.0,premium
Ate,217.3,3,1,22.0,1,4120.0,premium
Barranco,65.9,2,2,15.0,0,3580.0,premium
Ate,69.3,5,1,33.0,1,2280.0,moderado
Miraflores,48.4,2,2,20.0,1,4520.0,premium
La Molina,145.3,3,3,,0,5060.0,premium
Jesus Maria,59.1,4,1,14.0,1,3470.0,premium
La Molina,135.6,1,1,39.0,1,3750.0,premium
Ate,144.9,2,2,,1,2540.0,moderado
Pueblo Libre,195.2,3,3,,1,4440.0,premium
Carabayllo,148.8,5,3,0.0,1,4270.0,premium
Surco,59.3,1,1,,1,4450.0,premium
Lince,98.7,1,1,26.0,0,2460.0,moderado
San Borja,66.8,5,1,21.0,1,4630.0,premium
Surco,205.7,4,1,38.0,1,5470.0,premium
La Molina,75.8,4,1,3.0,1,5180.0,premium
San Borja,178.7,1,1,38.0,1,4520.0,premium
Ate,68.2,5,1,31.0,1,2420.0,moderado
La Molina,136.8,3,2,16.0,1,5110.0,premium
Magdalena,157.6,2,2,,0,4010.0,premium
Magdalena,139.2,3,2,37.0,0,3570.0,premium
San Borja,198.8,3,2,18.0,0,5940.0,premium
Ate,114.6,2,2,,1,2500.0,moderado
La Molina,48.2,3,2,24.0,1,3950.0,premium
Lince,179.9,3,2,19.0,1,4400.0,premium
La Molina,162.7,2,1,39.0,1,4670.0,premium
Ate,93.6,2,1,16.0,1,2620.0,moderado
San Isidro,74.0,3,1,14.0,1,5450.0,premium
San Miguel,137.9,5,1,34.0,1,4230.0,premium
Ate,214.3,2,2,17.0,1,4150.0,premium
Miraflores,68.4,4,1,16.0,1,5510.0,premium
Magdalena,124.7,2,2,39.0,0,3190.0,premium
carabayllo,153.4,2,2,12.0,1,3150.0,premium
Miraflores,131.4,2,2,27.0,1,49404.0,premium
Carabayllo,183.7,3,1,,1,3140.0,premium
Lince,83.3,1,1,7.0,1,3070.0,premium
Magdalena,178.5,2,2,15.0,1,4390.0,premium
Pueblo Libre,57.4,4,2,31.0,1,2710.0,moderado
Magdalena,72.2,4,3,39.0,1,2970.0,moderado
Ate,211.0,1,1,12.0,1,4000.0,premium
Magdalena,,5,3,17.0,0,4550.0,premium
La Molina,111.5,1,1,,1,4400.0,premium
Surco,91.0,3,1,23.0,1,4470.0,premium
San Isidro,,2,2,10.0,1,5300.0,premium
Lince,168.3,3,2,0.0,1,4690.0,premium
Pueblo Libre,112.6,2,1,15.0,0,3540.0,premium
La Molina,50.7,3,2,30.0,1,3860.0,premium
Surco,189.8,2,1,8.0,1,6090.0,premium
Miraflores,81.6,3,1,34.0,0,33869.0,premium
Ate,165.8,3,2,18.0,1,3730.0,premium
Lince,150.9,4,1,9.0,0,4050.0,premium
Magdalena,169.6,4,2,36.0,1,4510.0,premium
Barranco,45.4,1,1,0.0,1,3680.0,premium
Lince,181.3,5,3,19.0,0,4510.0,premium
Ate,147.3,3,2,39.0,1,2750.0,moderado
Surco,49.0,1,1,23.0,0,3490.0,premium
Lince,199.0,4,1,32.0,1,4210.0,premium
Pueblo Libre,84.2,4,1,35.0,0,2870.0,moderado
La Molina,72.3,1,1,4.0,0,3940.0,premium
La Molina,61.6,1,1,7.0,1,3970.0,premium
Miraflores,166.3,1,1,20.0,1,5680.0,premium
Carabayllo,142.5,4,1,12.0,1,3390.0,premium
lince,158.1,2,1,33.0,1,3040.0,premium
Miraflores,208.0,2,2,24.0,1,6480.0,premium
San Juan de Lurigancho,197.8,3,2,11.0,1,4160.0,premium
Pueblo Libre,103.1,2,2,8.0,1,3630.0,premium
San Borja,68.5,5,2,22.0,1,4470.0,premium
Ate,130.7,2,1,28.0,0,2550.0,moderado
Miraflores,44.1,1,1,4.0,1,4850.0,premium
Jesus Maria,185.8,1,1,27.0,1,4140.0,premium
Jesus Maria,183.7,4,3,28.0,1,4940.0,premium
Carabayllo,113.8,3,3,32.0,1,2640.0,moderado
San Borja,90.8,3,2,,1,4940.0,premium
Pueblo Libre,199.6,1,1,39.0,0,3320.0,premium
Carabayllo,199.7,2,2,38.0,1,3230.0,premium
Lince,192.7,3,1,20.0,1,4160.0,premium
La Molina,,4,3,34.0,1,4170.0,premium
ATE,143.6,2,2,21.0,1,3130.0,premium
San Juan de Lurigancho,189.9,2,2,,1,3010.0,premium
Lince,64.2,3,2,1.0,1,3620.0,premium
Barranco,139.7,4,3,18.0,0,5230.0,premium
Carabayllo,157.7,5,3,13.0,1,3760.0,premium
La Molina,58.3,3,1,4.0,1,4660.0,premium
San Miguel,140.4,4,3,25.0,0,3860.0,premium
La Molina,46.2,3,3,38.0,0,3140.0,premium
Carabayllo,158.3,4,2,35.0,1,2930.0,moderado
Surco,136.3,4,3,18.0,0,5380.0,premium
La Molina,205.9,4,3,8.0,1,6420.0,premium
Barranco,83.3,3,1,13.0,1,4260.0,premium
San Juan de Lurigancho,214.5,2,2,12.0,1,3970.0,premium
San Miguel,142.5,4,1,0.0,1,4770.0,premium
San Borja,168.9,4,2,22.0,1,5750.0,premium
La Molina,146.2,1,1,13.0,1,4840.0,premium
Chorrillos,94.0,2,1,22.0,1,2480.0,moderado
Lince,,5,1,25.0,1,2940.0,moderado
Jesus Maria,,5,1,4.0,1,3910.0,premium
Ate,147.8,1,1,25.0,1,2790.0,moderado
Carabayllo,76.7,4,1,8.0,1,2500.0,moderado
San Juan de Lurigancho,,5,3,32.0,0,3860.0,premium
Carabayllo,218.7,5,3,5.0,1,4730.0,premium
Surco,177.4,2,1,39.0,1,4720.0,premium
Lince,140.5,5,3,29.0,1,3930.0,premium
Surco,65.6,4,3,11.0,1,4760.0,premium
San Isidro,62.8,2,2,31.0,1,4740.0,premium
surco,43.1,2,2,,1,4290.0,premium
Lince,50.6,1,1,17.0,1,2570.0,moderado
Surco,101.5,4,1,32.0,1,4590.0,premium
Chorrillos,198.4,1,1,0.0,1,4400.0,premium
Jesus Maria,106.3,1,1,24.0,1,3340.0,premium
Pueblo Libre,168.3,2,1,17.0,1,3960.0,premium
Carabayllo,,5,2,,0,2560.0,moderado
Surco,73.4,5,3,1.0,0,5040.0,premium
San Borja,129.6,2,2,12.0,1,5140.0,premium
San Juan de Lurigancho,219.1,2,2,37.0,0,3030.0,premium
Ate,40.0,5,1,,1,1850.0,moderado
Miraflores,189.6,5,2,33.0,0,6270.0,premium
Barranco,119.9,4,2,3.0,1,5380.0,premium
Ate,128.2,1,1,36.0,1,2350.0,moderado
San Miguel,199.1,1,1,5.0,0,4680.0,premium
Barranco,85.3,3,2,13.0,1,4600.0,premium
MAGDALENA,87.4,1,1,39.0,1,2530.0,moderado
Magdalena,101.9,3,2,23.0,1,3630.0,premium
Barranco,45.1,5,3,4.0,1,4720.0,premium
San Isidro,,2,2,4.0,1,6490.0,premium
Magdalena,197.0,3,3,33.0,1,4720.0,premium
San Isidro,144.1,2,2,25.0,0,5670.0,premium
San Isidro,,3,1,35.0,1,5790.0,premium
Lince,74.2,1,1,8.0,1,3090.0,premium
Carabayllo,164.2,3,3,,1,3250.0,premium
San Borja,72.9,4,2,13.0,1,4940.0,premium
Miraflores,155.4,1,1,28.0,1,5410.0,premium
San Isidro,91.4,5,2,2.0,1,6540.0,premium
Magdalena,192.3,5,3,20.0,0,5260.0,premium
La Molina,213.8,1,1,7.0,1,5930.0,premium
Magdalena,218.9,5,2,34.0,0,5110.0,premium
Pueblo Libre,89.5,3,3,6.0,1,3950.0,premium
Surco,136.6,2,2,23.0,1,5140.0,premium
Jesus Maria,136.3,4,2,39.0,1,4050.0,premium
Surco,90.8,2,2,28.0,0,4050.0,premium
ATE,196.2,2,2,18.0,1,3880.0,premium
Miraflores,84.7,1,1,,1,5380.0,premium
Surco,95.8,4,1,4.0,0,5120.0,premium
Surco,125.6,4,1,30.0,1,4940.0,premium
Carabayllo,92.5,1,1,39.0,1,1190.0,economico
San Juan de Lurigancho,212.0,3,2,12.0,1,4420.0,premium
Carabayllo,172.4,4,2,37.0,1,3110.0,premium
Jesus Maria,103.8,2,2,2.0,1,4190.0,premium
San Isidro,141.4,2,1,39.0,1,5360.0,premium
Carabayllo,84.6,4,3,,1,3330.0,premium
Magdalena,198.9,4,1,32.0,1,4700.0,premium
San Borja,,1,1,29.0,1,3940.0,premium
San Juan de Lurigancho,95.7,5,1,10.0,1,3000.0,moderado
Barranco,81.8,5,3,35.0,0,3930.0,premium
San Borja,110.7,1,1,16.0,0,4250.0,premium
SURCO,42.5,1,1,0.0,1,4300.0,premium
Miraflores,95.5,5,2,16.0,0,5670.0,premium
Chorrillos,163.9,1,1,22.0,1,3190.0,premium
La Molina,106.4,5,2,23.0,1,5100.0,premium
Jesus Maria,65.0,5,2,7.0,1,4040.0,premium
Jesus Maria,211.4,5,3,30.0,1,46080.0,premium
Ate,169.0,2,1,5.0,0,3750.0,premium
Barranco,109.9,2,2,16.0,0,4230.0,premium
Barranco,175.6,4,1,27.0,1,5670.0,premium
San Juan de Lurigancho,172.1,5,1,26.0,0,3450.0,premium
La Molina,152.6,2,2,28.0,0,4680.0,premium
Carabayllo,198.7,1,1,22.0,1,3480.0,premium
San Juan de Lurigancho,127.5,2,2,36.0,0,1920.0,moderado
San Miguel,113.4,4,1,15.0,1,3970.0,premium
Ate,132.0,2,2,32.0,1,2840.0,moderado
San Borja,171.1,2,2,22.0,1,5430.0,premium
Barranco,202.7,4,1,29.0,0,5000.0,premium
San Isidro,205.8,1,1,8.0,1,6900.0,premium
San Isidro,99.7,3,2,20.0,1,5770.0,premium
Surco,103.4,1,1,22.0,0,4230.0,premium
Ate,112.9,2,1,36.0,1,1960.0,moderado
Jesus Maria,124.3,3,2,18.0,1,4240.0,premium
Carabayllo,44.5,5,2,,1,2190.0,moderado
Jesus Maria,,4,2,7.0,0,5260.0,premium
Surco,95.7,5,3,9.0,1,5470.0,premium
Surco,116.4,5,3,3.0,1,5970.0,premium
Pueblo Libre,45.4,3,2,29.0,1,2560.0,moderado
Carabayllo,158.2,5,3,13.0,1,3810.0,premium
San Miguel,205.8,5,1,19.0,1,5200.0,premium
Ate,48.6,1,1,,0,1220.0,economico
Magdalena,112.8,4,3,35.0,1,3540.0,premium
Barranco,197.4,1,1,29.0,0,4520.0,premium
Miraflores,158.9,3,1,6.0,1,6270.0,premium
Chorrillos,,2,1,5.0,1,3100.0,premium
Chorrillos,47.8,5,1,,0,2090.0,moderado
Miraflores,215.7,5,3,12.0,0,7110.0,premium
San Isidro,149.2,5,2,,1,6690.0,premium
San Juan de Lurigancho,165.8,5,1,11.0,1,3870.0,premium
Surco,124.7,5,3,12.0,1,5680.0,premium
Barranco,119.0,1,1,26.0,1,3980.0,premium
Surco,,3,1,26.0,1,4820.0,premium
Pueblo Libre,85.4,5,2,17.0,1,3870.0,premium
San Isidro,81.2,3,3,30.0,1,5670.0,premium
San Borja,79.9,4,1,36.0,1,4030.0,premium
Barranco,85.0,4,1,9.0,1,4640.0,premium
Surco,83.3,1,1,39.0,0,3470.0,premium
La Molina,,3,3,5.0,0,5410.0,premium
Pueblo Libre,202.6,5,2,16.0,1,5130.0,premium
Surco,171.0,4,2,23.0,0,5860.0,premium
San Miguel,104.2,1,1,21.0,1,2910.0,moderado
Carabayllo,130.0,1,1,20.0,0,1990.0,moderado
San Isidro,,2,1,26.0,0,6130.0,premium
San Isidro,59.0,3,2,33.0,1,4900.0,premium
San Borja,179.5,3,3,21.0,0,5590.0,premium
San Isidro,167.7,1,1,1.0,0,6330.0,premium
Miraflores,118.8,2,2,39.0,1,4950.0,premium
Chorrillos,185.5,3,1,17.0,1,4170.0,premium
Lince,120.7,2,1,39.0,0,2510.0,moderado
San Juan de Lurigancho,190.9,5,3,2.0,0,4560.0,premium
Jesus Maria,110.0,5,3,33.0,1,4170.0,premium
Ate,179.3,3,1,34.0,1,3050.0,premium
Surco,,1,1,18.0,0,4090.0,premium
Carabayllo,196.8,4,1,5.0,1,4410.0,premium
San Juan de Lurigancho,216.5,3,1,31.0,0,3280.0,premium
San Isidro,188.6,2,2,16.0,1,7000.0,premium
Chorrillos,195.8,3,1,26.0,0,3650.0,premium
BARRANCO,,3,3,26.0,0,3750.0,premium
Carabayllo,162.9,2,1,1.0,1,3450.0,premium
Jesus Maria,162.6,1,1,39.0,1,3570.0,premium
Ate,,4,3,34.0,0,3740.0,premium
Lince,96.4,4,3,35.0,1,3190.0,premium
Chorrillos,181.7,4,2,16.0,0,4000.0,premium
Carabayllo,130.2,2,2,25.0,1,2970.0,moderado
Carabayllo,,5,3,24.0,0,3770.0,premium
Carabayllo,53.7,4,3,8.0,1,2530.0,moderado
San Isidro,55.7,2,2,23.0,1,5110.0,premium
San Borja,213.6,2,2,13.0,0,5670.0,premium
La Molina,133.7,1,1,,1,4810.0,premium
San Juan de Lurigancho,165.4,1,1,33.0,1,2590.0,moderado
Jesus Maria,195.0,1,1,29.0,0,3940.0,premium
La Molina,172.0,3,3,,0,6090.0,premium
La Molina,149.0,2,2,10.0,0,5360.0,premium
San Isidro,,3,2,,1,5050.0,premium
San Isidro,93.5,1,1,20.0,1,5220.0,premium
Ate,202.5,3,3,27.0,1,3960.0,premium
Jesus Maria,197.3,4,2,33.0,0,4640.0,premium
San Miguel,159.5,4,3,29.0,1,4560.0,premium
San Borja,53.4,3,2,4.0,1,4510.0,premium
JESUS MARIA,67.4,4,1,8.0,1,3690.0,premium
Barranco,218.8,3,2,24.0,0,5650.0,premium
Lince,,2,2,33.0,1,3890.0,premium
Jesus Maria,,3,3,9.0,1,5550.0,premium
Chorrillos,170.8,3,3,12.0,1,4330.0,premium
Miraflores,63.6,4,1,22.0,1,5030.0,premium
Pueblo Libre,149.3,1,1,10.0,0,3540.0,premium
La Molina,134.0,3,2,32.0,1,4690.0,premium
San Borja,131.1,4,2,,1,5280.0,premium
Carabayllo,166.5,5,2,21.0,0,3380.0,premium
Chorrillos,120.7,2,2,28.0,1,3010.0,premium
Jesus Maria,132.6,3,1,13.0,1,4050.0,premium
Magdalena,63.2,4,1,16.0,0,3700.0,premium
San Juan de Lurigancho,209.8,5,2,16.0,1,4420.0,premium
La Molina,70.7,2,2,37.0,1,3810.0,premium
Pueblo Libre,102.8,1,1,9.0,0,3230.0,premium
Jesus Maria,207.4,3,1,37.0,0,4080.0,premium
Pueblo Libre,139.8,2,2,,1,4080.0,premium
San Borja,197.0,2,2,32.0,1,5600.0,premium
Jesus Maria,155.8,4,2,38.0,1,3960.0,premium
Surco,197.0,1,1,9.0,0,5720.0,premium
Surco,42.7,4,1,2.0,1,4850.0,premium
Carabayllo,132.9,5,2,17.0,1,3160.0,premium
San Juan de Lurigancho,72.6,2,2,24.0,0,1600.0,moderado
Surco,71.1,5,2,9.0,0,4790.0,premium
Ate,,5,1,26.0,1,4090.0,premium
San Miguel,194.4,2,2,11.0,0,4630.0,premium
La Molina,,3,2,31.0,1,5090.0,premium
Miraflores,117.7,3,1,6.0,1,5920.0,premium
Jesus Maria,118.0,5,3,6.0,1,4760.0,premium
Pueblo Libre,184.5,5,1,29.0,0,4570.0,premium
Chorrillos,99.4,4,3,11.0,1,3410.0,premium
Carabayllo,42.8,5,1,19.0,0,1880.0,moderado
San Juan de Lurigancho,86.6,4,2,15.0,1,2700.0,moderado
San Miguel,201.3,4,2,29.0,0,4300.0,premium
Barranco,,4,2,19.0,1,5540.0,premium
Pueblo Libre,,3,2,32.0,1,3570.0,premium
San Isidro,146.5,5,2,33.0,0,6090.0,premium
San Juan de Lurigancho,204.1,4,1,28.0,0,3420.0,premium
La Molina,200.2,1,1,7.0,1,5940.0,premium
San Juan de Lurigancho,176.0,3,1,33.0,1,3090.0,premium
Miraflores,107.9,3,1,,1,5180.0,premium
Carabayllo,212.2,2,1,16.0,1,3840.0,premium
Lince,207.8,5,2,34.0,1,4620.0,premium
La Molina,216.3,1,1,31.0,1,5100.0,premium
Lince,177.9,2,1,23.0,1,3760.0,premium
San Isidro,173.0,1,1,15.0,0,6360.0,premium
Barranco,131.6,5,2,23.0,0,4980.0,premium
San Borja,194.8,3,1,29.0,0,5070.0,premium
Ate,,3,3,11.0,0,3360.0,premium
Chorrillos,104.1,2,2,20.0,0,2880.0,moderado
San Miguel,155.6,3,1,35.0,1,4000.0,premium
Miraflores,203.1,4,3,9.0,0,6800.0,premium
La Molina,89.5,1,1,7.0,0,4090.0,premium
Lince,167.5,3,1,18.0,0,3780.0,premium
Magdalena,105.6,2,2,2.0,0,3960.0,premium
Miraflores,128.2,1,1,3.0,1,6060.0,premium
San Juan de Lurigancho,185.0,4,1,12.0,1,3930.0,premium
San Borja,82.2,5,1,20.0,0,4610.0,premium
Lince,79.6,1,1,14.0,1,2700.0,moderado
Surco,198.9,3,1,,0,6410.0,premium
Miraflores,174.4,1,1,8.0,0,6080.0,premium
Miraflores,58.6,3,3,33.0,1,4550.0,premium
Ate,52.1,1,1,11.0,1,1850.0,moderado
Jesus Maria,110.6,5,2,,0,3790.0,premium
Barranco,210.7,5,1,29.0,0,5390.0,premium
Pueblo Libre,55.9,2,2,33.0,1,2470.0,moderado
San Isidro,66.9,1,1,14.0,1,4820.0,premium
Surco,215.2,4,2,38.0,1,5960.0,premium
San Borja,84.4,1,1,28.0,1,4170.0,premium
Barranco,174.2,4,1,9.0,0,5350.0,premium
Chorrillos,73.6,2,2,9.0,0,53843.0,moderado
San Juan de Lurigancho,101.0,5,2,20.0,1,2960.0,moderado
San Miguel,104.7,1,1,11.0,1,3570.0,premium
Lince,114.0,3,1,,1,3250.0,premium
San Miguel,,4,2,14.0,1,3190.0,premium
San Juan de Lurigancho,122.1,5,2,35.0,1,2680.0,moderado
Lince,42.4,4,2,35.0,1,2260.0,moderado
san isidro,,5,1,15.0,1,7160.0,premium
Barranco,209.4,3,2,38.0,0,4920.0,premium
Chorrillos,201.3,2,2,6.0,1,4640.0,premium
La Molina,186.1,5,2,13.0,1,6210.0,premium
San Juan de Lurigancho,,2,1,,1,3000.0,moderado
La Molina,182.9,2,2,13.0,1,5710.0,premium
San Borja,192.9,1,1,37.0,0,4770.0,premium
Carabayllo,210.7,1,1,9.0,0,3440.0,premium
Barranco,172.1,2,1,8.0,0,4930.0,premium
Barranco,173.0,3,2,34.0,0,4420.0,premium
San Borja,132.7,4,3,9.0,1,5570.0,premium
Jesus Maria,85.9,4,3,25.0,1,3720.0,premium
Chorrillos,126.2,3,2,37.0,1,2930.0,moderado
Lince,85.9,1,1,14.0,1,2890.0,moderado
miraflores,214.6,4,1,20.0,0,6470.0,premium
Surco,85.6,2,2,4.0,0,4850.0,premium
Pueblo Libre,208.7,2,2,27.0,1,4800.0,premium
Jesus Maria,119.2,1,1,8.0,1,3920.0,premium
Miraflores,71.0,4,3,12.0,1,5590.0,premium
Surco,90.2,1,1,,0,3830.0,premium
Chorrillos,136.6,3,2,8.0,1,3990.0,premium
Carabayllo,219.8,4,2,29.0,1,4100.0,premium
La Molina,61.0,1,1,36.0,1,3090.0,premium
San Isidro,198.3,2,2,,1,6080.0,premium
Ate,147.5,1,1,33.0,0,2510.0,moderado
Chorrillos,174.0,5,2,14.0,1,4280.0,premium
Barranco,135.8,2,2,29.0,1,4520.0,premium
San Borja,54.6,1,1,,0,40381.0,premium
Jesus Maria,126.8,3,1,25.0,1,3580.0,premium
Jesus Maria,48.5,5,2,22.0,1,3570.0,premium
Lince,88.6,1,1,33.0,1,2310.0,moderado
San Borja,122.5,1,1,12.0,1,4710.0,premium
Ate,212.2,3,3,7.0,1,4810.0,premium
Carabayllo,77.6,1,1,6.0,1,2000.0,moderado
San Isidro,63.3,5,3,36.0,1,5550.0,premium
San Juan de Lurigancho,186.8,5,3,33.0,1,3830.0,premium
Barranco,127.1,5,3,9.0,1,5720.0,premium
Lince,108.5,3,2,23.0,1,3330.0,premium
Magdalena,115.5,2,2,35.0,0,3320.0,premium
Lince,212.1,1,1,18.0,1,4220.0,premium
Magdalena,,4,2,14.0,1,4290.0,premium
CHORRILLOS,162.9,1,1,34.0,1,3010.0,premium
Surco,128.9,5,1,14.0,0,5170.0,premium
SAN JUAN DE LURIGANCHO,76.8,2,1,18.0,0,1780.0,moderado
San Isidro,179.6,3,1,13.0,1,6930.0,premium
San Isidro,174.7,5,2,22.0,0,6720.0,premium
San Miguel,156.6,4,1,8.0,1,4640.0,premium
Miraflores,103.8,4,1,26.0,0,5180.0,premium
Lince,96.8,2,2,15.0,0,3090.0,premium
Ate,173.1,3,3,31.0,0,3210.0,premium
San Juan de Lurigancho,52.2,5,1,2.0,1,2510.0,moderado
Barranco,164.1,5,2,12.0,1,5690.0,premium
San Miguel,212.7,1,1,16.0,0,4220.0,premium
Jesus Maria,204.7,5,1,20.0,1,5240.0,premium
La Molina,,2,2,35.0,0,3270.0,premium
San Miguel,45.8,4,1,22.0,0,2380.0,moderado
San Juan de Lurigancho,67.5,2,1,19.0,0,1790.0,moderado
Magdalena,56.4,1,1,6.0,0,3060.0,premium
Miraflores,146.4,3,3,35.0,1,5790.0,premium
Lince,181.5,3,2,34.0,1,3820.0,premium
Lince,193.4,5,1,35.0,1,4480.0,premium
Magdalena,90.1,2,1,3.0,0,3720.0,premium
Surco,141.6,5,2,14.0,1,5950.0,premium
San Borja,103.0,5,3,1.0,1,5890.0,premium
Barranco,45.7,2,1,32.0,1,3090.0,premium
Jesus Maria,,3,2,12.0,1,3310.0,premium
Pueblo Libre,141.3,1,1,10.0,1,3690.0,premium
San Isidro,181.7,4,1,26.0,1,6780.0,premium
Carabayllo,,5,1,14.0,1,3070.0,premium
San Miguel,71.1,2,2,23.0,1,3130.0,premium
Jesus Maria,123.6,2,2,13.0,1,4030.0,premium
La Molina,109.3,2,1,16.0,0,4470.0,premium
SURCO,116.8,4,3,,1,6090.0,premium
Surco,123.7,2,1,7.0,1,5240.0,premium
Miraflores,201.0,3,2,29.0,0,6000.0,premium
Carabayllo,99.0,4,1,7.0,1,2940.0,moderado
Miraflores,48.1,5,2,9.0,1,5340.0,premium
San Juan de Lurigancho,40.9,1,1,39.0,0,34966.0,economico
Magdalena,175.4,4,3,8.0,1,5330.0,premium
Barranco,173.7,2,2,10.0,1,5570.0,premium
Lince,188.1,3,3,37.0,0,3770.0,premium
San Miguel,170.2,3,3,33.0,1,3960.0,premium
San Isidro,121.8,1,1,28.0,1,5440.0,premium
Surco,,5,2,12.0,1,5610.0,premium
San Isidro,128.3,4,2,15.0,0,6220.0,premium
Lince,220.0,3,1,2.0,1,5130.0,premium
San Isidro,125.6,2,2,38.0,0,5360.0,premium
San Isidro,62.4,2,1,5.0,1,5550.0,premium
Pueblo Libre,54.6,4,1,23.0,1,3200.0,premium
Barranco,45.7,2,1,32.0,1,3090.0,premium
Lince,111.6,1,1,20.0,1,3130.0,premium
Pueblo Libre,144.3,5,2,21.0,1,4160.0,premium
La Molina,150.2,5,1,15.0,1,5310.0,premium
Miraflores,164.7,5,2,,1,6950.0,premium
Ate,130.9,4,2,0.0,1,4070.0,premium
Chorrillos,,2,2,0.0,1,4610.0,premium
Surco,146.2,3,3,30.0,1,4960.0,premium
Miraflores,76.0,1,1,0.0,1,5080.0,premium
Lince,71.5,5,2,22.0,1,3450.0,premium
La Molina,61.4,3,3,7.0,0,4600.0,premium
San Isidro,103.4,3,3,17.0,0,5860.0,premium
Miraflores,102.2,5,1,1.0,1,6080.0,premium
Surco,95.8,2,2,13.0,1,4780.0,premium
La Molina,132.0,3,1,3.0,1,5160.0,premium
Magdalena,116.6,5,1,6.0,0,4450.0,premium
San Borja,118.9,1,1,,0,4290.0,premium
Miraflores,219.4,1,1,17.0,0,6120.0,premium
La Molina,162.8,1,1,,1,5590.0,premium
San Miguel,78.9,2,1,9.0,0,3100.0,premium
San Isidro,91.6,4,2,8.0,1,6220.0,premium
CARABAYLLO,,1,1,4.0,0,2160.0,moderado
Magdalena,55.1,4,1,17.0,1,3180.0,premium
Miraflores,142.1,4,3,9.0,1,6610.0,premium
Carabayllo,208.0,1,1,35.0,0,2570.0,moderado
Magdalena,54.0,4,3,0.0,1,4210.0,premium
San Miguel,165.2,1,1,37.0,0,3510.0,premium
Surco,218.6,4,3,24.0,1,6550.0,premium
Surco,91.3,5,3,23.0,1,5330.0,premium
San Juan de Lurigancho,216.8,4,2,37.0,1,3900.0,premium
Miraflores,118.7,3,2,21.0,1,5520.0,premium
ATE,145.5,3,1,31.0,1,3130.0,premium
MAGDALENA,161.7,3,3,24.0,1,4740.0,premium
Pueblo Libre,,5,2,5.0,1,3730.0,premium
Surco,104.1,2,2,16.0,1,4840.0,premium
Magdalena,101.2,3,2,8.0,1,4200.0,premium
Miraflores,159.1,1,1,27.0,1,5260.0,premium
San Isidro,136.4,1,1,9.0,1,6110.0,premium
Chorrillos,197.2,1,1,37.0,1,3390.0,premium
Lince,200.3,2,1,37.0,1,4020.0,premium
Jesus Maria,,1,1,18.0,1,4580.0,premium
Magdalena,,5,1,25.0,0,4280.0,premium
Barranco,167.8,1,1,11.0,1,5070.0,premium
San Juan de Lurigancho,47.7,4,1,16.0,0,2080.0,moderado
Carabayllo,105.2,5,2,37.0,1,2360.0,moderado
Miraflores,96.9,1,1,21.0,1,4860.0,premium
Carabayllo,124.9,4,1,33.0,1,2290.0,moderado
Ate,118.1,5,1,24.0,1,3120.0,premium
Jesus Maria,82.1,5,1,19.0,1,3690.0,premium
Ate,127.4,3,2,16.0,1,3310.0,premium
San Borja,121.9,4,1,23.0,1,4750.0,premium
Chorrillos,191.8,5,3,30.0,1,4690.0,premium
Chorrillos,180.3,4,3,24.0,0,3970.0,premium
Barranco,47.7,4,3,39.0,1,3590.0,premium
Carabayllo,214.4,3,1,9.0,1,4210.0,premium
Ate,202.7,2,2,,0,3750.0,premium
Surco,205.4,3,2,1.0,1,6680.0,premium
San Miguel,187.1,4,2,33.0,1,4460.0,premium
Jesus Maria,212.2,2,1,20.0,1,4700.0,premium
La Molina,99.1,2,2,21.0,1,4380.0,premium
San Miguel,177.5,5,1,21.0,1,4550.0,premium
PUEBLO LIBRE,71.1,3,2,16.0,1,3120.0,premium
San Miguel,94.7,3,3,29.0,1,3400.0,premium
Surco,47.8,1,1,15.0,1,3880.0,premium
Miraflores,70.7,5,3,19.0,1,5440.0,premium
Magdalena,70.7,4,2,34.0,1,3280.0,premium
Carabayllo,,1,1,25.0,1,2790.0,moderado
Pueblo Libre,124.9,4,1,31.0,1,3750.0,premium
Miraflores,213.2,3,2,16.0,0,6500.0,premium
La Molina,157.6,4,2,24.0,1,5530.0,premium
Miraflores,71.1,2,2,7.0,0,5300.0,premium
Barranco,,2,2,15.0,1,3840.0,premium
Jesus Maria,154.2,1,1,18.0,0,3670.0,premium
San Borja,116.7,2,2,24.0,1,4650.0,premium
Ate,146.9,2,1,29.0,1,2430.0,moderado
Surco,129.3,1,1,30.0,0,4030.0,premium
Barranco,,5,1,3.0,1,6060.0,premium
La Molina,185.6,5,3,25.0,0,5760.0,premium
San Isidro,95.0,5,1,12.0,1,6180.0,premium
Magdalena,104.7,2,2,26.0,1,3320.0,premium
Jesus Maria,,1,1,1.0,0,4660.0,premium
Miraflores,216.5,5,2,,0,7200.0,premium
Magdalena,62.2,1,1,19.0,1,2870.0,moderado
San Juan de Lurigancho,68.6,3,2,26.0,1,2200.0,moderado
San Isidro,69.2,3,1,25.0,0,5090.0,premium
Surco,65.9,4,1,39.0,1,3780.0,premium
Miraflores,166.5,4,2,6.0,1,6950.0,premium
Ate,100.7,4,1,33.0,1,2720.0,moderado
San Juan de Lurigancho,165.0,1,1,15.0,1,3060.0,premium
Pueblo Libre,145.7,3,3,17.0,0,4190.0,premium
Miraflores,175.3,1,1,11.0,1,5920.0,premium
Pueblo Libre,114.1,1,1,8.0,1,3520.0,premium
Carabayllo,127.6,3,1,29.0,0,1930.0,moderado
Ate,152.1,3,2,36.0,1,2920.0,moderado
San Isidro,195.3,4,2,18.0,0,6980.0,premium
Magdalena,181.4,5,2,14.0,1,5330.0,premium
ATE,60.5,5,2,36.0,1,2450.0,moderado
San Miguel,74.6,1,1,12.0,0,3020.0,premium
San Juan de Lurigancho,179.1,2,1,7.0,1,3620.0,premium
magdalena,44.6,5,2,6.0,1,3730.0,premium
Carabayllo,98.5,1,1,36.0,0,1380.0,economico
Carabayllo,127.2,1,1,35.0,0,1670.0,moderado
Barranco,57.8,5,2,7.0,1,4710.0,premium
Magdalena,91.9,4,2,24.0,0,3660.0,premium
Barranco,172.1,2,2,25.0,1,4890.0,premium
San Miguel,41.3,1,1,25.0,0,2000.0,moderado
Surco,82.2,5,2,27.0,1,4500.0,premium
Ate,142.7,2,1,35.0,0,2280.0,moderado
Chorrillos,49.5,3,3,4.0,1,3110.0,premium
Magdalena,132.2,1,1,,0,3470.0,premium
San Miguel,47.3,4,2,27.0,1,3110.0,premium
san miguel,66.6,1,1,,0,2090.0,moderado
Lince,160.3,1,1,22.0,1,3480.0,premium
San Juan de Lurigancho,73.9,5,3,37.0,1,2450.0,moderado
San Juan de Lurigancho,41.1,2,2,35.0,0,1240.0,economico
San Juan de Lurigancho,108.0,3,1,22.0,1,2460.0,moderado
San Juan de Lurigancho,180.4,5,3,24.0,0,3770.0,premium
La Molina,158.2,5,1,1.0,1,6210.0,premium
PUEBLO LIBRE,172.6,4,2,23.0,0,4390.0,premium
Ate,186.4,1,1,3.0,1,3870.0,premium
Jesus Maria,119.6,5,1,25.0,1,3800.0,premium
Surco,59.6,2,1,12.0,1,4100.0,premium
Barranco,87.1,5,2,6.0,0,4980.0,premium
Lince,210.4,5,3,6.0,1,5620.0,premium
Miraflores,59.1,4,1,10.0,1,60526.0,premium
Carabayllo,126.8,2,2,20.0,1,2730.0,moderado
Miraflores,53.7,5,1,24.0,0,4740.0,premium
San Juan de Lurigancho,166.3,5,2,,0,2920.0,moderado
San Miguel,134.1,2,2,32.0,1,3700.0,premium
Miraflores,125.3,4,3,2.0,1,6510.0,premium
Pueblo Libre,,4,1,4.0,0,5130.0,premium
Magdalena,123.7,5,3,13.0,0,4670.0,premium
Lince,97.6,3,1,33.0,1,3010.0,premium
Miraflores,,1,1,37.0,0,4120.0,premium
San Borja,169.5,1,1,32.0,1,4490.0,premium
Lince,199.3,2,2,9.0,1,4840.0,premium
Miraflores,115.2,3,3,34.0,1,5500.0,premium
Carabayllo,89.7,4,2,33.0,1,2320.0,moderado
Magdalena,,2,2,24.0,1,3400.0,premium
San Isidro,200.5,1,1,24.0,0,5990.0,premium
La Molina,144.9,2,2,21.0,0,4930.0,premium
Lince,99.1,1,1,18.0,1,2810.0,moderado
Barranco,143.2,4,2,0.0,1,5740.0,premium
Barranco,189.2,3,3,11.0,1,5900.0,premium
Lince,203.4,3,2,34.0,0,55521.0,premium
Pueblo Libre,171.3,5,3,1.0,1,5610.0,premium
Jesus Maria,183.5,4,2,4.0,1,5460.0,premium
Lince,94.4,2,2,14.0,0,2600.0,moderado
San Juan de Lurigancho,60.0,5,1,21.0,0,1930.0,moderado
Jesus Maria,139.7,4,1,37.0,1,3630.0,premium
Miraflores,95.4,3,3,13.0,1,5750.0,premium
Pueblo Libre,,1,1,24.0,1,2410.0,moderado
Jesus Maria,135.4,5,3,13.0,0,4550.0,premium
San Miguel,141.2,2,2,11.0,1,4290.0,premium
La Molina,169.2,4,2,30.0,1,5390.0,premium
Carabayllo,54.0,3,2,17.0,0,1810.0,moderado
Miraflores,82.7,4,3,34.0,1,4900.0,premium
San Miguel,149.2,4,1,2.0,1,4820.0,premium
Lince,161.3,1,1,2.0,0,3990.0,premium
Lince,124.3,3,2,8.0,1,3950.0,premium
Chorrillos,46.6,3,1,,1,2280.0,moderado
Surco,118.0,3,3,23.0,1,5110.0,premium
La Molina,148.8,4,1,30.0,0,4990.0,premium
Ate,76.8,3,2,4.0,1,2930.0,moderado
San Isidro,186.2,4,2,4.0,1,7500.0,premium
La Molina,118.1,2,2,39.0,1,4230.0,premium
Carabayllo,217.3,5,3,27.0,1,4190.0,premium
San Juan de Lurigancho,42.1,3,1,27.0,1,1500.0,economico
San Isidro,164.3,2,1,20.0,1,5980.0,premium
La Molina,198.8,5,3,,1,6790.0,premium
Carabayllo,164.1,4,2,,0,3960.0,premium
Carabayllo,83.2,4,1,15.0,1,2530.0,moderado
Carabayllo,218.1,5,1,12.0,0,4420.0,premium
Surco,,1,1,11.0,1,4290.0,premium
San Miguel,74.7,3,2,,0,2830.0,moderado
San Isidro,165.2,4,1,17.0,1,6810.0,premium
San Isidro,41.2,2,2,34.0,0,4420.0,premium
San Juan de Lurigancho,118.0,4,2,38.0,0,2460.0,moderado
La Molina,83.9,2,2,18.0,1,4430.0,premium
Pueblo Libre,132.9,2,1,7.0,0,3850.0,premium
San Isidro,136.9,4,1,15.0,0,6200.0,premium
Ate,117.1,4,3,5.0,0,3700.0,premium
Lince,206.5,1,1,8.0,1,4400.0,premium
SAN JUAN DE LURIGANCHO,47.9,4,1,1.0,1,2640.0,moderado
Chorrillos,55.8,5,1,31.0,1,2540.0,moderado
Chorrillos,41.8,1,1,21.0,1,1910.0,moderado
Chorrillos,63.7,3,1,0.0,0,2610.0,moderado
Pueblo Libre,46.7,4,2,9.0,0,2820.0,moderado
Lince,133.2,1,1,7.0,0,3420.0,premium
Lince,203.0,3,2,38.0,0,3540.0,premium
La Molina,219.5,2,2,20.0,1,6020.0,premium
Lince,194.0,1,1,20.0,1,4000.0,premium
Miraflores,85.7,5,1,3.0,1,6050.0,premium
Miraflores,,5,3,18.0,0,5640.0,premium
La Molina,203.8,2,2,24.0,1,5220.0,premium
La Molina,79.1,5,3,6.0,1,5240.0,premium
Magdalena,100.5,1,1,4.0,1,3800.0,premium
la molina,210.9,1,1,11.0,1,5480.0,premium
Magdalena,117.9,5,2,21.0,1,4380.0,premium
Lince,46.9,1,1,37.0,1,1820.0,moderado
La Molina,53.5,1,1,10.0,1,3970.0,premium
Magdalena,217.2,1,1,2.0,1,5430.0,premium
San Miguel,127.6,3,2,9.0,1,4440.0,premium
San Miguel,51.2,3,1,15.0,0,2780.0,moderado
La Molina,90.7,2,1,15.0,1,4380.0,premium
Miraflores,69.2,1,1,11.0,1,4940.0,premium
San Borja,63.3,3,3,23.0,1,4260.0,premium
Magdalena,91.4,4,2,13.0,1,3960.0,premium
Jesus Maria,53.6,5,2,,0,2840.0,moderado
Barranco,215.6,5,1,2.0,1,6770.0,premium
Miraflores,104.9,4,3,37.0,1,5450.0,premium
Lince,147.7,5,2,4.0,1,4460.0,premium
Ate,162.3,4,3,13.0,0,3540.0,premium
Pueblo Libre,125.5,3,3,21.0,1,4020.0,premium
La Molina,157.8,3,1,12.0,0,4970.0,premium
Jesus Maria,98.6,5,1,28.0,0,3530.0,premium
Barranco,113.9,5,1,34.0,1,4300.0,premium
San Miguel,40.6,4,1,38.0,0,1840.0,moderado
Chorrillos,122.2,3,3,17.0,0,3550.0,premium
San Miguel,93.2,2,2,21.0,1,3380.0,premium
Jesus Maria,198.9,4,2,17.0,1,5490.0,premium
Pueblo Libre,219.3,1,1,15.0,0,4340.0,premium
Carabayllo,162.9,2,2,31.0,1,2840.0,moderado
Magdalena,64.9,3,1,12.0,1,3680.0,premium
San Isidro,121.8,3,1,24.0,1,6140.0,premium
Chorrillos,115.2,5,3,14.0,0,3810.0,premium
San Borja,171.5,1,1,7.0,1,62022.0,premium
Barranco,44.2,1,1,23.0,1,3210.0,premium
La Molina,61.5,1,1,3.0,1,4290.0,premium
San Isidro,125.1,3,1,37.0,0,5080.0,premium
San Miguel,,3,3,15.0,0,4290.0,premium
San Miguel,,2,2,31.0,1,3370.0,premium
San Miguel,155.7,1,1,,0,4080.0,premium
chorrillos,120.8,3,2,13.0,1,3660.0,premium
Pueblo Libre,50.4,1,1,0.0,0,2810.0,moderado
Ate,185.9,2,1,13.0,1,3760.0,premium
Jesus Maria,49.0,2,2,2.0,1,3550.0,premium
Jesus Maria,,4,2,35.0,1,3870.0,premium
Surco,180.9,5,3,18.0,1,6180.0,premium
San Miguel,168.8,5,1,34.0,1,4270.0,premium
San Isidro,195.4,1,1,17.0,0,6070.0,premium
San Borja,119.4,4,2,30.0,1,4840.0,premium
San Isidro,63.6,2,2,25.0,0,4890.0,premium
San Isidro,178.5,3,1,37.0,1,6010.0,premium
San Juan de Lurigancho,72.4,2,2,15.0,0,2130.0,moderado
La Molina,91.6,4,2,9.0,0,4730.0,premium
Lince,172.4,4,1,9.0,0,4280.0,premium
San Juan de Lurigancho,46.5,3,2,35.0,0,1210.0,economico
Surco,45.8,1,1,10.0,0,3660.0,premium
Miraflores,138.3,4,3,29.0,1,5850.0,premium
San Juan de Lurigancho,206.6,1,1,16.0,0,3050.0,premium
Lince,218.8,1,1,31.0,1,4140.0,premium
Lince,73.2,2,2,11.0,0,2530.0,moderado
San Isidro,58.4,2,2,34.0,1,4610.0,premium
Surco,92.4,3,2,2.0,0,4980.0,premium
Surco,148.9,5,1,30.0,1,5290.0,premium
Carabayllo,76.2,3,3,17.0,1,2410.0,moderado
San Juan de Lurigancho,47.6,3,3,16.0,0,1980.0,moderado
San Juan de Lurigancho,45.7,3,3,32.0,1,54839.0,moderado
Miraflores,208.4,3,3,15.0,0,6560.0,premium
Magdalena,154.5,4,3,17.0,1,4890.0,premium
Pueblo Libre,209.6,3,2,39.0,1,4030.0,premium
JESUS MARIA,120.9,4,2,13.0,1,4470.0,premium
Jesus Maria,218.8,4,2,33.0,1,4820.0,premium
Chorrillos,74.5,3,3,,0,2530.0,moderado
Surco,91.8,1,1,4.0,1,4680.0,premium
Miraflores,79.4,4,2,19.0,1,5220.0,premium
Lince,169.9,3,1,12.0,1,4290.0,premium
Magdalena,214.1,1,1,18.0,1,4820.0,premium
Barranco,100.3,3,2,5.0,1,4680.0,premium
La Molina,81.6,4,2,32.0,1,4570.0,premium
La Molina,204.9,3,1,24.0,1,5500.0,premium
lince,190.5,5,1,16.0,0,4330.0,premium
La Molina,202.2,1,1,4.0,0,5440.0,premium
Barranco,94.9,3,2,21.0,1,4390.0,premium
San Miguel,119.4,1,1,1.0,1,3960.0,premium
Miraflores,153.4,4,3,8.0,1,6500.0,premium
Ate,119.6,3,2,19.0,0,2560.0,moderado
Chorrillos,77.0,1,1,8.0,1,2720.0,moderado
Ate,91.2,5,3,13.0,1,3350.0,premium
San Borja,182.5,1,1,5.0,1,5670.0,premium
Carabayllo,216.7,4,1,,1,4320.0,premium
Miraflores,96.5,3,2,13.0,0,5470.0,premium
Jesus Maria,179.5,2,2,24.0,1,4510.0,premium
San Isidro,44.2,5,2,,0,5370.0,premium
Pueblo Libre,126.0,3,3,32.0,1,3500.0,premium
Barranco,62.9,4,2,22.0,0,3900.0,premium
Barranco,136.9,4,3,7.0,1,5430.0,premium
La Molina,71.9,3,1,3.0,1,4480.0,premium
Carabayllo,41.8,3,2,5.0,1,2410.0,moderado
Ate,126.7,5,1,5.0,0,3760.0,premium
Pueblo Libre,44.8,3,2,,1,2700.0,moderado
Ate,126.7,4,3,28.0,1,3220.0,premium
San Juan de Lurigancho,135.2,3,3,15.0,1,46993.0,premium
Barranco,82.7,3,2,20.0,1,4110.0,premium
La Molina,157.7,3,3,14.0,1,5620.0,premium
Jesus Maria,160.7,3,2,12.0,0,4560.0,premium
San Isidro,170.7,1,1,20.0,1,6400.0,premium
Ate,124.1,3,2,,0,2860.0,moderado
Carabayllo,125.1,2,2,34.0,1,2170.0,moderado
Pueblo Libre,,1,1,15.0,1,4040.0,premium
SAN MIGUEL,203.1,1,1,24.0,1,4320.0,premium
San Borja,206.2,5,3,19.0,1,6580.0,premium
San Miguel,108.7,5,1,29.0,1,3810.0,premium
San Miguel,216.9,1,1,21.0,1,4320.0,premium
Magdalena,208.0,2,2,25.0,1,5070.0,premium
San Isidro,45.5,4,3,,1,6020.0,premium
Miraflores,100.5,5,3,23.0,1,5650.0,premium
Miraflores,213.4,2,1,0.0,0,6840.0,premium
ate,54.1,3,1,15.0,0,1830.0,moderado
San Juan de Lurigancho,87.4,4,1,21.0,1,2920.0,moderado
Ate,109.7,2,1,3.0,1,3150.0,premium
Magdalena,215.6,5,2,,1,5500.0,premium
Lince,201.3,5,3,8.0,1,5270.0,premium
Jesus Maria,184.6,2,2,9.0,0,4540.0,premium
Surco,81.5,4,1,39.0,1,4490.0,premium
Chorrillos,144.3,5,2,17.0,1,3800.0,premium
Surco,143.0,5,1,35.0,0,4810.0,premium
Lince,143.5,5,3,15.0,1,4710.0,premium
Jesus Maria,,2,2,26.0,1,4020.0,premium
Jesus Maria,121.2,3,1,,1,3930.0,premium
Surco,53.7,1,1,27.0,0,3330.0,premium
San Juan de Lurigancho,135.2,5,3,39.0,1,3020.0,premium
Ate,161.1,5,3,9.0,1,4250.0,premium
SURCO,176.4,4,3,,1,5730.0,premium
Miraflores,80.7,4,3,21.0,1,5380.0,premium
Pueblo Libre,194.3,3,3,19.0,1,4870.0,premium
Pueblo Libre,180.6,2,2,18.0,1,4470.0,premium
Miraflores,141.7,1,1,4.0,1,5990.0,premium
Barranco,133.6,3,2,30.0,1,4490.0,premium
San Miguel,140.3,3,2,32.0,0,3550.0,premium
Ate,91.9,5,2,11.0,1,3240.0,premium
Lince,59.5,4,1,10.0,1,3300.0,premium
Pueblo Libre,143.0,2,2,29.0,0,3450.0,premium
San Juan de Lurigancho,160.5,4,1,,1,3160.0,premium
Ate,179.4,4,3,5.0,0,55794.0,premium
San Juan de Lurigancho,60.4,2,2,16.0,1,2400.0,moderado
Magdalena,205.3,1,1,14.0,1,4940.0,premium
Barranco,175.8,1,1,19.0,1,4770.0,premium
Jesus Maria,,2,1,12.0,1,4430.0,premium
Magdalena,150.2,1,1,33.0,1,3560.0,premium
Pueblo Libre,162.8,2,1,36.0,0,3130.0,premium
Surco,51.5,1,1,27.0,0,3530.0,premium
Carabayllo,,2,2,,1,3570.0,premium
San Isidro,56.4,3,3,19.0,0,5550.0,premium
Lince,190.9,2,2,31.0,0,3810.0,premium
Jesus Maria,164.5,5,1,21.0,1,4750.0,premium
Jesus Maria,119.6,4,2,17.0,1,3940.0,premium
Chorrillos,134.6,5,3,26.0,0,3630.0,premium
PUEBLO LIBRE,56.7,2,1,14.0,1,2940.0,moderado
Ate,203.6,4,3,,1,4260.0,premium
Miraflores,137.5,4,1,19.0,1,6090.0,premium
SURCO,207.8,3,3,,1,5750.0,premium
chorrillos,88.5,5,1,35.0,0,2700.0,moderado
San Miguel,56.5,1,1,20.0,1,2520.0,moderado
Carabayllo,150.1,3,3,34.0,0,2730.0,moderado
Miraflores,151.4,3,3,3.0,0,6450.0,premium
Ate,143.8,5,3,,0,3430.0,premium
Chorrillos,130.4,4,2,16.0,1,3820.0,premium
Barranco,175.0,5,2,37.0,0,4830.0,premium
JESUS MARIA,194.9,3,3,16.0,1,5110.0,premium
Ate,61.2,3,2,22.0,0,1980.0,moderado
Barranco,155.1,5,1,19.0,1,5430.0,premium
Carabayllo,57.8,1,1,2.0,1,2310.0,moderado
Ate,96.6,1,1,16.0,1,2350.0,moderado
Barranco,179.8,2,1,27.0,0,4380.0,premium
Pueblo Libre,96.1,3,3,18.0,1,3820.0,premium
La Molina,63.3,4,2,10.0,1,4510.0,premium
Chorrillos,205.0,3,2,34.0,1,4300.0,premium
Ate,,2,2,24.0,1,2590.0,moderado
San Juan de Lurigancho,140.9,2,2,30.0,0,2650.0,moderado
Ate,203.7,3,2,7.0,0,4220.0,premium
Lince,160.7,2,2,38.0,1,3130.0,premium
Chorrillos,,2,2,19.0,1,2890.0,moderado
Chorrillos,103.5,3,3,1.0,1,3840.0,premium
JESUS MARIA,144.4,3,2,34.0,0,3620.0,premium
San Isidro,101.6,2,2,3.0,0,6110.0,premium
Ate,219.1,4,2,39.0,0,3410.0,premium
Miraflores,102.1,5,1,,0,4860.0,premium
La Molina,213.0,4,2,16.0,1,6100.0,premium
San Juan de Lurigancho,,3,2,37.0,1,1990.0,moderado
San Borja,216.1,5,1,26.0,0,5890.0,premium
Pueblo Libre,127.6,5,1,,0,3260.0,premium
san juan de lurigancho,99.2,4,3,9.0,0,2990.0,moderado
Jesus Maria,101.7,4,2,29.0,1,3600.0,premium
Barranco,186.1,3,2,10.0,0,5340.0,premium
San Isidro,149.7,1,1,5.0,1,6500.0,premium
Carabayllo,50.6,5,2,28.0,1,2170.0,moderado
Miraflores,,2,2,10.0,1,5920.0,premium
Ate,109.9,5,1,23.0,0,2710.0,moderado
Surco,131.4,5,2,28.0,0,5180.0,premium
Jesus Maria,219.3,3,1,,1,5340.0,premium
SURCO,106.1,2,2,,1,4950.0,premium
San Miguel,91.6,2,2,37.0,0,2690.0,moderado
Chorrillos,,3,2,19.0,1,2980.0,moderado
San Isidro,,4,3,2.0,1,6120.0,premium
San Borja,64.7,4,1,32.0,1,4010.0,premium
Ate,73.0,3,1,33.0,1,1910.0,moderado
La Molina,67.1,3,1,25.0,1,4130.0,premium
Chorrillos,59.6,2,1,31.0,0,1750.0,moderado
San Juan de Lurigancho,49.9,5,2,14.0,1,2800.0,moderado
San Borja,,3,3,26.0,1,5630.0,premium
LINCE,167.2,2,1,32.0,1,3670.0,premium
Magdalena,197.7,1,1,20.0,1,4590.0,premium
Magdalena,158.3,2,2,21.0,1,4370.0,premium
Ate,58.9,3,3,5.0,1,3080.0,premium
Barranco,123.0,2,2,6.0,1,5210.0,premium
Pueblo Libre,137.6,2,1,17.0,0,3320.0,premium
San Juan de Lurigancho,179.4,5,1,,0,3900.0,premium
Pueblo Libre,180.1,5,2,35.0,0,4000.0,premium
San Juan de Lurigancho,124.3,4,1,23.0,0,47136.0,moderado
La Molina,192.4,5,1,37.0,1,5750.0,premium
Miraflores,119.3,4,1,21.0,0,5420.0,premium
Lince,90.6,1,1,24.0,1,2450.0,moderado
San Isidro,132.6,1,1,27.0,1,5460.0,premium
Carabayllo,105.3,5,3,37.0,1,2350.0,moderado
Carabayllo,72.9,3,3,,0,2100.0,moderado
San Miguel,72.0,4,1,4.0,0,3630.0,premium
Miraflores,64.2,1,1,19.0,1,4460.0,premium
Jesus Maria,,1,1,38.0,0,3720.0,premium
San Borja,79.6,3,3,26.0,1,4410.0,premium
Chorrillos,82.8,5,3,34.0,0,2680.0,moderado
Lince,193.4,1,1,16.0,0,53193.0,premium
Chorrillos,83.2,5,2,36.0,0,2650.0,moderado
Surco,123.7,5,2,25.0,0,5030.0,premium
La Molina,55.2,1,1,7.0,1,4010.0,premium
La Molina,111.6,5,3,39.0,1,4800.0,premium
Ate,143.1,2,1,1.0,1,3600.0,premium
Magdalena,191.9,5,2,16.0,1,5300.0,premium
Barranco,176.6,2,1,2.0,1,5550.0,premium
miraflores,49.7,1,1,9.0,0,4520.0,premium
Surco,67.9,1,1,27.0,1,4000.0,premium
San Juan de Lurigancho,169.6,2,1,,1,3280.0,premium
San Juan de Lurigancho,133.1,5,2,27.0,1,3470.0,premium
San Isidro,100.4,4,2,11.0,0,5910.0,premium
Magdalena,,3,1,26.0,1,3950.0,premium
San Juan de Lurigancho,160.5,3,3,11.0,1,3840.0,premium
San Isidro,112.9,4,2,9.0,1,6520.0,premium
San Miguel,47.6,4,3,,1,3050.0,premium
Miraflores,204.9,4,3,11.0,0,44624.0,premium
Lince,,3,3,10.0,1,3480.0,premium
Lince,142.4,4,3,23.0,0,3630.0,premium
Magdalena,104.1,4,2,31.0,1,3650.0,premium
Chorrillos,158.8,5,2,7.0,1,54877.0,premium
Miraflores,193.1,2,2,13.0,0,6480.0,premium
Barranco,131.8,3,3,20.0,0,4840.0,premium
Chorrillos,148.8,4,2,,1,3790.0,premium
Chorrillos,190.3,5,1,26.0,1,4280.0,premium
Barranco,219.1,4,1,15.0,1,5830.0,premium
La Molina,102.4,5,3,31.0,0,4480.0,premium
San Isidro,42.8,1,1,2.0,1,5330.0,premium
Lince,171.6,1,1,,1,3220.0,premium
La Molina,185.5,4,2,20.0,0,5370.0,premium
Carabayllo,113.7,3,3,27.0,1,2850.0,moderado
Surco,42.3,2,1,21.0,1,3960.0,premium
San Juan de Lurigancho,81.5,4,3,36.0,1,2230.0,moderado
Surco,205.3,4,1,7.0,1,6710.0,premium
Miraflores,198.9,4,2,7.0,1,7030.0,premium
Barranco,43.1,5,3,2.0,1,4880.0,premium
Jesus Maria,152.5,2,2,16.0,1,4590.0,premium
Ate,,4,3,31.0,1,2870.0,moderado
Carabayllo,,2,2,22.0,0,3100.0,premium
Carabayllo,88.2,3,3,22.0,1,2510.0,moderado
La Molina,,4,3,13.0,0,4950.0,premium
Magdalena,,1,1,12.0,1,3940.0,premium
pueblo libre,69.3,4,1,19.0,1,3500.0,premium
Magdalena,132.8,1,1,7.0,1,4300.0,premium
Surco,192.5,5,2,34.0,1,5850.0,premium
La Molina,60.5,5,3,18.0,0,4510.0,premium
San Borja,,4,1,27.0,1,5240.0,premium
San Borja,120.1,2,2,11.0,1,5180.0,premium
MAGDALENA,173.1,5,2,0.0,1,5770.0,premium
Lince,44.4,1,1,25.0,1,2030.0,moderado
San Borja,155.9,5,1,,1,5560.0,premium
Pueblo Libre,122.3,5,2,23.0,1,4190.0,premium
Chorrillos,128.8,5,2,20.0,1,3840.0,premium
La Molina,130.6,5,1,5.0,0,5340.0,premium
La Molina,87.0,2,2,5.0,1,4980.0,premium
Carabayllo,206.8,4,2,14.0,0,3820.0,premium
San Miguel,108.9,4,2,7.0,1,4260.0,premium
San Isidro,173.8,4,3,21.0,1,7060.0,premium
San Isidro,,2,2,38.0,0,4300.0,premium
Pueblo Libre,130.4,5,3,36.0,1,3700.0,premium
San Isidro,93.6,5,1,29.0,1,5600.0,premium
Lince,150.7,1,1,6.0,1,3910.0,premium
Surco,,3,2,15.0,1,6380.0,premium
Surco,175.3,4,3,26.0,1,5910.0,premium
barranco,81.7,5,1,34.0,0,3540.0,premium
Ate,108.8,3,2,38.0,0,2230.0,moderado
Chorrillos,58.6,2,2,,0,1460.0,economico
Chorrillos,46.8,1,1,31.0,0,1350.0,economico
Surco,170.0,3,1,30.0,0,4970.0,premium
Surco,,3,1,36.0,1,4860.0,premium
Jesus Maria,175.6,4,1,23.0,0,4180.0,premium
Surco,122.0,1,1,21.0,1,4530.0,premium
Chorrillos,133.6,1,1,24.0,1,2740.0,moderado
Pueblo Libre,43.4,4,1,37.0,1,2150.0,moderado
San Isidro,150.8,4,3,18.0,0,6630.0,premium
Miraflores,41.4,5,2,30.0,0,4510.0,premium
Magdalena,206.6,1,1,24.0,0,4370.0,premium
Pueblo Libre,165.8,4,2,32.0,1,4130.0,premium
San Miguel,210.3,3,1,,1,5480.0,premium
San Isidro,203.1,5,2,4.0,0,7680.0,premium
Pueblo Libre,94.5,4,3,32.0,1,3670.0,premium
San Miguel,87.6,3,3,26.0,0,3240.0,premium
La Molina,158.7,1,1,13.0,0,4630.0,premium
Carabayllo,,2,1,36.0,1,1280.0,economico
Miraflores,181.7,2,2,14.0,1,6200.0,premium
La Molina,203.7,3,3,,0,5880.0,premium
Magdalena,103.8,4,3,34.0,1,3800.0,premium
Surco,195.2,3,2,11.0,1,6310.0,premium
CARABAYLLO,190.0,4,3,21.0,1,4190.0,premium
Magdalena,150.0,4,3,17.0,1,4740.0,premium
San Juan de Lurigancho,,3,2,32.0,0,2610.0,moderado
San Isidro,219.7,4,1,30.0,1,7000.0,premium
Magdalena,,4,3,1.0,0,5070.0,premium
Ate,144.1,1,1,38.0,1,2370.0,moderado
Ate,172.4,1,1,7.0,1,3700.0,premium
Magdalena,80.3,3,2,30.0,1,3220.0,premium
San Miguel,58.2,4,1,6.0,0,3230.0,premium
SURCO,88.7,3,2,12.0,0,4410.0,premium
MAGDALENA,69.9,4,1,38.0,1,2770.0,moderado
San Miguel,,1,1,,1,2880.0,moderado
San Juan de Lurigancho,100.2,2,2,29.0,0,1850.0,moderado
Chorrillos,,3,2,24.0,0,2600.0,moderado
San Juan de Lurigancho,,2,1,38.0,1,1570.0,moderado
Jesus Maria,165.2,2,2,5.0,0,4740.0,premium
San Borja,171.7,5,3,37.0,1,5940.0,premium
Carabayllo,64.9,4,3,8.0,1,2860.0,moderado
Jesus Maria,117.9,5,1,9.0,0,4200.0,premium
Carabayllo,136.8,1,1,,1,2050.0,moderado
Barranco,137.2,3,3,,1,4770.0,premium
MIRAFLORES,,3,1,22.0,1,6540.0,premium
Magdalena,74.0,4,3,13.0,1,4060.0,premium
Barranco,48.8,3,1,15.0,1,3830.0,premium
La Molina,144.6,3,1,37.0,0,4310.0,premium
San Borja,44.7,2,1,12.0,0,3780.0,premium
Magdalena,140.9,4,2,33.0,1,4090.0,premium
San Juan de Lurigancho,60.2,1,1,,0,2030.0,moderado
Barranco,180.7,3,1,1.0,1,5930.0,premium
SAN ISIDRO,117.9,2,1,38.0,1,5320.0,premium
Miraflores,54.2,4,3,26.0,1,4810.0,premium
Barranco,57.1,2,2,37.0,1,3440.0,premium
Surco,133.5,3,2,,1,5750.0,premium
Lince,77.8,2,2,,1,3230.0,premium
Jesus Maria,204.3,4,1,5.0,0,5340.0,premium
San Borja,94.9,5,3,24.0,1,4880.0,premium
Chorrillos,72.7,3,1,13.0,1,2760.0,moderado
San Borja,98.7,1,1,2.0,0,4260.0,premium
Magdalena,102.4,2,2,24.0,1,3380.0,premium
Surco,,4,2,17.0,0,4630.0,premium
San Borja,114.3,2,2,24.0,1,4420.0,premium
Surco,86.9,2,2,23.0,1,4420.0,premium
Carabayllo,172.1,4,1,19.0,0,2910.0,moderado
Lince,131.0,4,3,13.0,0,4140.0,premium
Pueblo Libre,124.7,2,2,25.0,1,3580.0,premium
Carabayllo,,3,2,,0,3450.0,premium
Barranco,117.7,2,2,7.0,1,4620.0,premium
San Borja,46.1,5,1,,1,3810.0,premium
Surco,125.3,4,1,39.0,1,4590.0,premium
San Juan de Lurigancho,204.5,3,2,13.0,1,4060.0,premium
Lince,161.0,4,3,29.0,0,3700.0,premium
CHORRILLOS,55.2,1,1,33.0,1,1780.0,moderado
Lince,123.5,3,1,15.0,1,3560.0,premium
San Juan de Lurigancho,192.0,5,2,12.0,1,4480.0,premium
Miraflores,204.7,5,3,,1,6540.0,premium
Ate,150.0,1,1,8.0,1,3410.0,premium
Pueblo Libre,40.4,5,3,19.0,1,3540.0,premium
Chorrillos,186.1,1,1,34.0,1,3220.0,premium
Magdalena,149.6,3,1,1.0,1,4880.0,premium
San Miguel,122.4,1,1,2.0,1,4010.0,premium
magdalena,142.3,1,1,33.0,1,3310.0,premium
San Isidro,111.2,5,2,26.0,1,6170.0,premium
San Miguel,169.7,3,2,37.0,1,4080.0,premium
Miraflores,,5,3,29.0,1,6110.0,premium
Lince,132.7,4,1,12.0,0,3800.0,premium
Chorrillos,188.9,2,2,20.0,1,3980.0,premium
Surco,190.4,5,3,,1,6200.0,premium
Jesus Maria,73.9,5,1,23.0,0,3650.0,premium
San Isidro,83.9,5,3,3.0,1,6480.0,premium
Chorrillos,48.7,4,2,,1,2680.0,moderado
La Molina,200.8,3,1,4.0,0,6030.0,premium
Ate,186.2,1,1,1.0,1,4070.0,premium
Jesus Maria,207.2,5,3,3.0,1,5930.0,premium
La Molina,43.0,4,3,,1,3880.0,premium
Jesus Maria,50.1,1,1,,0,2710.0,moderado
San Isidro,197.5,3,3,2.0,1,7580.0,premium
Magdalena,69.6,5,3,9.0,0,4180.0,premium
Chorrillos,139.5,5,2,38.0,1,3440.0,premium
Pueblo Libre,203.0,5,2,,0,4720.0,premium
Surco,185.4,4,1,33.0,1,5470.0,premium
San Miguel,218.8,5,2,20.0,0,5230.0,premium
Magdalena,90.0,4,2,16.0,1,3810.0,premium
Carabayllo,71.2,5,1,23.0,1,2220.0,moderado
Lince,190.9,3,1,9.0,0,4360.0,premium
Magdalena,62.4,1,1,25.0,1,2870.0,moderado
San Borja,65.6,4,1,25.0,1,4160.0,premium
San Miguel,,5,2,30.0,1,3750.0,premium
Carabayllo,198.1,4,1,5.0,1,4280.0,premium
Barranco,102.2,2,1,14.0,1,4520.0,premium
Carabayllo,75.6,3,3,4.0,0,2750.0,moderado
Chorrillos,205.9,5,1,25.0,1,4490.0,premium
Miraflores,196.5,4,3,21.0,1,6890.0,premium
Surco,159.4,1,1,9.0,1,5230.0,premium
San Miguel,204.3,3,3,32.0,1,4540.0,premium
Surco,,3,3,2.0,1,6590.0,premium
Jesus Maria,97.0,2,1,21.0,0,3060.0,premium
Carabayllo,59.9,5,2,38.0,0,1530.0,moderado
Chorrillos,101.0,3,1,4.0,1,39436.0,premium
San Isidro,,1,1,32.0,1,5950.0,premium
La Molina,157.4,4,2,24.0,1,5420.0,premium
San Miguel,65.3,1,1,29.0,1,2410.0,moderado
Miraflores,123.2,2,1,10.0,0,5320.0,premium
Miraflores,130.7,1,1,10.0,1,5960.0,premium
Magdalena,206.3,1,1,0.0,1,5060.0,premium
La Molina,148.5,4,1,15.0,1,5590.0,premium
Magdalena,199.1,4,2,,1,4820.0,premium
san isidro,198.4,2,2,15.0,1,6830.0,premium
Barranco,122.4,4,1,5.0,0,4510.0,premium
San Borja,184.1,5,1,20.0,1,6180.0,premium
Magdalena,63.0,4,3,20.0,0,3280.0,premium
Surco,,2,2,9.0,1,5510.0,premium
San Borja,197.1,1,1,27.0,1,5420.0,premium
Ate,194.7,5,2,34.0,1,3860.0,premium
Lince,103.7,2,2,30.0,1,2890.0,moderado
San Miguel,129.3,3,3,36.0,1,55099.0,premium
San Miguel,204.0,3,2,,1,4120.0,premium
Ate,,2,1,23.0,0,1870.0,moderado
San Isidro,83.5,5,1,,1,6020.0,premium
Ate,69.3,5,3,9.0,1,3100.0,premium
Ate,151.7,1,1,2.0,0,3510.0,premium
Chorrillos,136.3,1,1,6.0,1,3740.0,premium
Ate,,3,1,3.0,0,2410.0,moderado
SAN MIGUEL,120.0,2,2,10.0,0,3820.0,premium
San Borja,177.4,5,3,32.0,1,5860.0,premium
Carabayllo,66.8,1,1,11.0,1,2110.0,moderado
Barranco,176.9,2,2,19.0,1,5190.0,premium
San Miguel,79.4,5,1,5.0,0,3760.0,premium
San Isidro,166.8,5,1,35.0,0,6230.0,premium
Jesus Maria,,3,1,32.0,1,2910.0,moderado
Surco,127.0,3,3,34.0,1,4760.0,premium
Jesus Maria,119.0,4,2,32.0,1,3720.0,premium
Magdalena,202.9,2,2,31.0,1,4460.0,premium
Miraflores,,3,1,14.0,0,6800.0,premium
Barranco,175.0,4,1,26.0,0,5020.0,premium
Carabayllo,142.3,2,1,,1,3090.0,premium
Pueblo Libre,201.2,2,2,13.0,1,4850.0,premium
Barranco,118.7,1,1,17.0,0,4170.0,premium
Ate,51.4,4,1,11.0,0,2290.0,moderado
San Juan de Lurigancho,47.7,4,1,27.0,1,1820.0,moderado
Carabayllo,122.1,5,2,10.0,1,3570.0,premium
San Borja,81.1,4,1,21.0,0,4260.0,premium
San Juan de Lurigancho,67.7,4,1,,1,2200.0,moderado
San Juan de Lurigancho,145.1,4,3,25.0,1,3350.0,premium
Miraflores,206.0,5,2,29.0,0,6360.0,premium
San Miguel,166.5,1,1,,0,3170.0,premium
Lince,162.7,5,2,26.0,0,4130.0,premium
Miraflores,191.0,3,1,12.0,0,6740.0,premium
Carabayllo,219.4,1,1,30.0,1,3470.0,premium
La Molina,53.1,4,1,,1,4010.0,premium
Carabayllo,190.8,2,2,32.0,0,2850.0,moderado
Surco,164.8,3,3,3.0,0,6100.0,premium
Surco,47.6,5,3,37.0,1,4170.0,premium
San Isidro,81.4,5,2,,0,5850.0,premium
Ate,165.6,2,1,23.0,1,3150.0,premium
Chorrillos,121.3,1,1,24.0,1,2590.0,moderado
ATE,140.8,2,2,38.0,1,2580.0,moderado
La Molina,195.1,5,2,8.0,1,6370.0,premium
Chorrillos,70.9,4,1,0.0,0,57615.0,moderado
San Miguel,46.5,3,1,27.0,0,2280.0,moderado
carabayllo,123.0,4,1,25.0,1,2670.0,moderado
San Isidro,53.8,3,2,7.0,1,5660.0,premium
San Juan de Lurigancho,190.4,1,1,14.0,1,3220.0,premium
Pueblo Libre,49.6,4,1,12.0,0,3190.0,premium
Jesus Maria,196.6,4,1,7.0,0,5000.0,premium
San Miguel,122.0,5,3,8.0,1,4890.0,premium
Chorrillos,157.2,2,2,1.0,0,3630.0,premium
Lince,114.8,4,2,8.0,1,4010.0,premium
Jesus Maria,61.4,1,1,,0,2430.0,moderado
Lince,139.5,4,3,16.0,0,4060.0,premium
San Juan de Lurigancho,154.0,2,1,36.0,1,2590.0,moderado
San Borja,124.4,2,1,20.0,0,4630.0,premium
San Borja,217.2,5,3,34.0,1,6300.0,premium
San Borja,92.3,2,1,22.0,0,3990.0,premium
San Borja,,3,1,1.0,0,5230.0,premium
San Isidro,81.1,3,2,,1,5690.0,premium
San Isidro,72.6,4,2,16.0,1,5690.0,premium
Barranco,215.3,2,2,28.0,1,5460.0,premium
San Isidro,118.8,5,1,16.0,1,6270.0,premium
Ate,125.2,2,1,31.0,1,2460.0,moderado
Miraflores,83.6,3,2,26.0,0,5070.0,premium
La Molina,115.7,1,1,17.0,0,4100.0,premium
magdalena,,2,2,38.0,1,3040.0,premium
Jesus Maria,84.0,3,1,4.0,1,3990.0,premium
Surco,163.0,1,1,1.0,1,5560.0,premium
Carabayllo,212.5,3,2,28.0,0,3470.0,premium
San Juan de Lurigancho,88.7,1,1,5.0,1,2380.0,moderado
Miraflores,210.3,3,3,12.0,1,7170.0,premium
Miraflores,170.7,1,1,,0,5900.0,premium
San Juan de Lurigancho,75.1,2,2,,0,2430.0,moderado
San Isidro,123.4,4,1,14.0,1,6140.0,premium
San Borja,95.7,5,1,24.0,0,4520.0,premium
Lince,53.8,4,1,,1,3230.0,premium
San Borja,204.7,3,2,39.0,1,5620.0,premium
Miraflores,99.9,4,1,,1,5960.0,premium
Pueblo Libre,143.5,5,3,7.0,1,4980.0,premium
Carabayllo,118.4,1,1,4.0,0,2560.0,moderado
San Borja,86.5,5,3,11.0,0,5430.0,premium
La Molina,136.4,5,1,8.0,1,5610.0,premium
Ate,51.2,5,2,18.0,1,36824.0,moderado
Magdalena,59.4,5,3,22.0,0,3660.0,premium
San Isidro,71.0,2,2,24.0,1,5000.0,premium
San Miguel,216.2,2,1,17.0,1,4690.0,premium
La Molina,142.7,5,3,6.0,0,6160.0,premium
Chorrillos,93.1,5,1,39.0,1,2890.0,moderado
LA MOLINA,108.4,2,1,32.0,0,4070.0,premium
Barranco,74.6,3,1,15.0,0,3850.0,premium
San Borja,119.9,5,1,9.0,1,5580.0,premium
Barranco,83.6,1,1,,1,3390.0,premium
Chorrillos,102.4,1,1,,1,2190.0,moderado
Jesus Maria,154.6,5,2,7.0,0,4900.0,premium
La Molina,,3,3,11.0,0,5160.0,premium
San Miguel,169.7,4,2,26.0,1,4680.0,premium
Lince,197.4,1,1,20.0,1,4080.0,premium
Barranco,105.9,1,1,,1,4160.0,premium
San Juan de Lurigancho,176.2,5,2,25.0,0,3490.0,premium
Pueblo Libre,128.2,3,2,31.0,1,3330.0,premium
San Borja,138.3,5,3,18.0,0,5790.0,premium
Carabayllo,158.6,1,1,1.0,1,3220.0,premium
Chorrillos,138.9,2,2,1.0,1,4290.0,premium
Jesus Maria,72.7,2,2,38.0,1,2660.0,moderado
Pueblo Libre,210.8,5,3,18.0,1,5350.0,premium
San Juan de Lurigancho,,2,2,21.0,1,3310.0,premium
Surco,136.4,1,1,27.0,1,4500.0,premium
Jesus Maria,,3,1,,1,3180.0,premium
San Borja,77.4,3,1,,0,4750.0,premium
San Borja,117.9,4,1,10.0,0,4890.0,premium
Carabayllo,60.9,2,2,11.0,1,1990.0,moderado
SAN JUAN DE LURIGANCHO,155.3,3,3,29.0,1,2880.0,moderado
San Juan de Lurigancho,41.3,4,3,39.0,1,1590.0,moderado
La Molina,59.2,2,1,27.0,1,3620.0,premium
San Isidro,99.6,5,3,3.0,1,7040.0,premium
Pueblo Libre,77.4,2,2,38.0,1,2860.0,moderado
Pueblo Libre,,5,3,18.0,1,3500.0,premium
San Miguel,153.2,3,2,26.0,1,4270.0,premium
San Borja,211.5,1,1,6.0,0,5690.0,premium
Chorrillos,95.7,2,2,1.0,1,3670.0,premium
San Borja,,3,1,,1,4770.0,premium
Pueblo Libre,175.2,2,2,28.0,0,4030.0,premium
Chorrillos,45.2,1,1,12.0,1,2070.0,moderado
Magdalena,94.4,3,2,5.0,1,3980.0,premium
Pueblo Libre,91.6,2,1,4.0,0,3490.0,premium
Surco,65.9,5,1,11.0,0,4680.0,premium
Ate,83.5,4,2,1.0,0,3300.0,premium
San Miguel,93.3,2,1,14.0,1,3270.0,premium
Carabayllo,124.3,4,1,24.0,0,2390.0,moderado
Pueblo Libre,81.5,5,3,22.0,1,3790.0,premium
San Isidro,187.7,5,3,8.0,1,7480.0,premium
Surco,93.0,1,1,21.0,0,4000.0,premium
Chorrillos,50.4,3,2,20.0,1,2520.0,moderado
Magdalena,136.7,4,1,20.0,1,4170.0,premium
Jesus Maria,137.9,1,1,31.0,1,3600.0,premium
Barranco,97.9,1,1,9.0,1,4390.0,premium
Ate,,4,3,6.0,1,4550.0,premium
Chorrillos,61.3,4,2,13.0,0,2670.0,moderado
San Miguel,103.2,3,2,13.0,0,3470.0,premium
San Isidro,49.5,3,3,9.0,1,5640.0,premium
San Miguel,173.7,5,3,39.0,1,4390.0,premium
Carabayllo,164.4,5,1,11.0,1,3900.0,premium
Ate,206.3,4,1,31.0,0,3540.0,premium
San Miguel,76.1,1,1,37.0,1,2530.0,moderado
MAGDALENA,95.8,5,3,17.0,0,4100.0,premium
ate,,5,1,,1,34084.0,premium
San Borja,61.9,3,1,30.0,1,3990.0,premium
San Juan de Lurigancho,197.2,3,3,,1,3630.0,premium
Lince,121.3,4,3,36.0,1,3700.0,premium
Ate,215.6,1,1,19.0,1,3520.0,premium
Surco,152.1,4,2,3.0,1,6280.0,premium
San Miguel,105.6,1,1,15.0,1,3330.0,premium
San Miguel,191.2,5,3,25.0,1,4980.0,premium
Miraflores,156.3,3,3,25.0,0,5840.0,premium
San Juan de Lurigancho,110.2,5,3,17.0,0,2930.0,moderado
Jesus Maria,46.5,3,2,24.0,0,2550.0,moderado
Carabayllo,100.9,1,1,19.0,1,2240.0,moderado
Jesus Maria,74.8,1,1,36.0,0,2540.0,moderado
Surco,162.2,1,1,20.0,0,4660.0,premium
Jesus Maria,,4,2,20.0,1,3420.0,premium
Pueblo Libre,,5,1,23.0,1,3970.0,premium
SURCO,47.8,2,2,19.0,0,3990.0,premium
Magdalena,212.8,4,2,7.0,0,5640.0,premium
La Molina,188.8,3,3,22.0,1,6120.0,premium
Pueblo Libre,116.8,2,2,16.0,1,3940.0,premium
La Molina,135.6,5,1,9.0,0,5340.0,premium
La Molina,215.6,3,1,32.0,1,5370.0,premium
Pueblo Libre,,1,1,20.0,1,3090.0,premium
Carabayllo,193.3,2,1,23.0,1,3160.0,premium
Magdalena,212.2,5,2,14.0,1,5710.0,premium
Carabayllo,191.2,5,2,,1,4680.0,premium
Pueblo Libre,,4,2,32.0,1,2830.0,moderado
San Isidro,46.7,1,1,2.0,0,4970.0,premium
Surco,185.3,5,2,10.0,0,6200.0,premium
SAN MIGUEL,166.1,2,2,37.0,1,3500.0,premium
Lince,81.5,5,2,17.0,1,3520.0,premium
Miraflores,69.0,4,1,33.0,1,4580.0,premium
San Borja,219.3,1,1,32.0,1,5320.0,premium
Pueblo Libre,191.2,2,1,26.0,0,3990.0,premium
San Borja,180.2,3,3,39.0,1,5080.0,premium
Lince,149.4,3,1,0.0,0,4230.0,premium
San Isidro,168.5,5,1,29.0,0,6450.0,premium
Chorrillos,156.8,1,1,14.0,0,3160.0,premium
Carabayllo,93.9,3,1,38.0,1,1810.0,moderado
Surco,49.4,4,3,39.0,1,3830.0,premium
Pueblo Libre,164.2,3,1,9.0,1,4400.0,premium
San Juan de Lurigancho,116.9,3,2,4.0,1,3010.0,premium
Carabayllo,141.8,2,2,5.0,0,3020.0,premium
Chorrillos,42.7,2,2,,1,2710.0,moderado
Magdalena,184.2,2,2,5.0,1,4920.0,premium
San Borja,109.6,3,3,30.0,0,4530.0,premium
San Juan de Lurigancho,215.8,4,3,5.0,0,4340.0,premium
Ate,60.4,2,2,7.0,0,2430.0,moderado
Lince,75.6,3,1,20.0,0,2760.0,moderado
San Isidro,135.6,4,3,11.0,1,6810.0,premium
San Miguel,155.5,1,1,,1,3430.0,premium
Jesus Maria,129.2,3,1,24.0,1,3880.0,premium
Surco,150.6,1,1,,1,5180.0,premium
Ate,213.9,3,1,0.0,1,4800.0,premium
Lince,101.7,1,1,31.0,0,2420.0,moderado
San Miguel,119.2,4,2,18.0,1,4330.0,premium
Magdalena,56.7,3,2,31.0,1,2930.0,moderado
Chorrillos,94.3,2,2,14.0,0,2550.0,moderado
Pueblo Libre,52.8,2,2,6.0,0,3120.0,premium
Lince,145.5,5,2,22.0,1,4100.0,premium
Jesus Maria,,1,1,24.0,1,3540.0,premium
Lince,,1,1,8.0,1,4220.0,premium
Carabayllo,48.2,5,1,35.0,1,1970.0,moderado
Magdalena,104.8,5,2,36.0,1,3990.0,premium
San Isidro,110.8,5,3,,0,5820.0,premium
Carabayllo,153.2,5,3,20.0,1,3430.0,premium
Ate,70.1,1,1,3.0,1,2480.0,moderado
Miraflores,51.8,5,2,24.0,0,4660.0,premium
San Borja,78.2,3,1,15.0,1,4520.0,premium
San Borja,158.7,2,2,22.0,0,5050.0,premium
San Miguel,116.6,3,1,23.0,1,3630.0,premium
Lince,203.7,4,1,,0,4750.0,premium
La Molina,195.2,5,1,19.0,1,6180.0,premium
San Miguel,103.2,5,2,32.0,1,3810.0,premium
Chorrillos,43.4,5,2,39.0,1,2390.0,moderado
Chorrillos,134.4,3,1,7.0,1,3640.0,premium
Surco,124.9,5,1,33.0,0,4740.0,premium
San Isidro,133.4,2,1,34.0,1,5400.0,premium
San Juan de Lurigancho,,5,3,23.0,0,3870.0,premium
San Isidro,76.9,5,3,34.0,1,5560.0,premium
Surco,200.0,2,2,23.0,1,5910.0,premium
Carabayllo,43.2,4,3,10.0,1,2720.0,moderado
San Borja,98.9,2,2,37.0,1,3890.0,premium
San Juan de Lurigancho,65.0,1,1,,0,1880.0,moderado
San Miguel,108.6,4,2,23.0,0,3520.0,premium
Chorrillos,62.3,2,1,24.0,1,2100.0,moderado
Barranco,134.6,4,2,6.0,0,5070.0,premium
San Isidro,135.4,3,2,2.0,1,6860.0,premium
Magdalena,108.4,2,2,7.0,0,3660.0,premium
SAN BORJA,172.9,1,1,13.0,1,5290.0,premium
San Juan de Lurigancho,169.5,1,1,38.0,1,2300.0,moderado
Barranco,91.9,1,1,16.0,0,3540.0,premium
San Miguel,,2,2,30.0,0,3120.0,premium
Pueblo Libre,73.2,3,1,9.0,1,3390.0,premium
Jesus Maria,80.9,3,1,10.0,1,3500.0,premium
san juan de lurigancho,174.4,3,2,1.0,1,4170.0,premium
jesus maria,168.0,1,1,30.0,0,3500.0,premium
Carabayllo,157.3,4,2,15.0,1,3450.0,premium
Jesus Maria,181.5,1,1,6.0,1,4580.0,premium
San Isidro,55.4,1,1,24.0,0,4530.0,premium
Chorrillos,114.7,2,2,5.0,1,3800.0,premium
Miraflores,98.7,3,3,30.0,0,4740.0,premium
Chorrillos,78.5,2,2,,1,3200.0,premium
Barranco,207.8,5,2,34.0,1,5690.0,premium
Chorrillos,212.4,1,1,32.0,1,3590.0,premium
Surco,131.1,5,2,30.0,0,5090.0,premium
Lince,,3,2,5.0,0,3370.0,premium
La Molina,171.2,3,2,6.0,1,5870.0,premium
San Juan de Lurigancho,180.1,5,3,21.0,0,3600.0,premium
Chorrillos,156.8,1,1,16.0,0,3060.0,premium
Ate,202.5,2,2,28.0,1,3610.0,premium
San Isidro,,2,2,36.0,1,4860.0,premium
San Borja,177.4,5,3,,1,5600.0,premium
Carabayllo,48.6,5,2,12.0,1,2800.0,moderado
Chorrillos,211.5,3,2,3.0,1,4900.0,premium
Chorrillos,209.4,3,1,23.0,1,4340.0,premium
San Miguel,87.4,3,2,37.0,0,2740.0,moderado
Jesus Maria,153.1,3,1,1.0,1,4930.0,premium
Jesus Maria,,2,1,30.0,1,4480.0,premium
Chorrillos,168.8,3,1,32.0,0,3130.0,premium
La Molina,54.9,2,1,33.0,1,3350.0,premium
San Isidro,72.9,5,3,29.0,1,5550.0,premium
Pueblo Libre,73.9,5,2,18.0,1,3570.0,premium
Lince,91.8,2,2,10.0,1,3200.0,premium
san miguel,181.4,5,2,35.0,1,4730.0,premium
San Miguel,118.4,5,1,17.0,0,4030.0,premium
Miraflores,,3,3,12.0,1,7110.0,premium
San Borja,66.2,1,1,22.0,0,3450.0,premium
Ate,154.6,5,1,5.0,1,4360.0,premium
Jesus Maria,156.4,5,1,29.0,0,4010.0,premium
Jesus Maria,156.8,3,2,3.0,1,4850.0,premium
Miraflores,74.4,2,2,35.0,0,4350.0,premium
La Molina,184.5,5,2,26.0,1,5940.0,premium
Surco,170.3,1,1,10.0,1,5700.0,premium
San Miguel,100.3,3,1,13.0,1,4020.0,premium
Jesus Maria,212.4,4,1,9.0,1,5500.0,premium
Magdalena,90.3,2,2,6.0,0,3560.0,premium
San Borja,96.6,3,2,33.0,1,4180.0,premium
Barranco,147.2,4,1,29.0,1,4880.0,premium
SURCO,62.0,3,1,4.0,1,4570.0,premium
San Miguel,62.5,2,2,1.0,1,3660.0,premium
Chorrillos,100.1,4,3,22.0,0,3120.0,premium
Carabayllo,52.5,3,2,26.0,0,1650.0,moderado
Jesus Maria,,2,2,5.0,0,3940.0,premium
Surco,154.1,2,2,30.0,1,4780.0,premium
Jesus Maria,117.7,2,1,20.0,1,3600.0,premium
Surco,177.6,4,1,1.0,0,6350.0,premium
Miraflores,183.0,3,2,19.0,1,6480.0,premium
La Molina,58.3,5,1,2.0,1,5070.0,premium
Lince,74.2,1,1,3.0,1,3170.0,premium
San Juan de Lurigancho,167.7,1,1,36.0,1,2260.0,moderado
San Isidro,125.9,4,2,12.0,1,6460.0,premium
Surco,166.5,4,3,,0,5320.0,premium
Barranco,174.8,2,2,11.0,1,5400.0,premium
Surco,,3,1,38.0,1,4540.0,premium
Miraflores,104.0,4,1,11.0,0,5520.0,premium
San Isidro,137.1,2,1,4.0,0,6060.0,premium
Lince,79.3,1,1,38.0,1,2020.0,moderado
San Borja,,4,2,0.0,1,6910.0,premium
San Juan de Lurigancho,133.8,4,3,3.0,0,3390.0,premium
Magdalena,63.6,2,1,11.0,1,3340.0,premium
Magdalena,191.1,2,2,3.0,1,5330.0,premium
Lince,,5,2,35.0,1,3740.0,premium
Barranco,80.8,4,2,8.0,1,4730.0,premium
La Molina,74.9,1,1,0.0,1,4500.0,premium
Lince,176.9,2,2,,0,3690.0,premium
Carabayllo,107.1,3,1,29.0,1,2500.0,moderado
Lince,197.7,2,2,33.0,1,3990.0,premium
Chorrillos,182.0,3,3,26.0,1,4150.0,premium
Carabayllo,57.1,5,2,4.0,1,2930.0,moderado
La Molina,197.6,3,3,26.0,1,5850.0,premium
Miraflores,169.8,5,1,1.0,1,7040.0,premium
Ate,214.8,3,2,13.0,1,4150.0,premium
Surco,160.8,1,1,31.0,1,4860.0,premium
Pueblo Libre,75.7,3,2,18.0,1,3240.0,premium
Miraflores,80.9,2,1,5.0,0,5350.0,premium
Chorrillos,169.3,2,2,11.0,1,4120.0,premium
San Isidro,141.6,1,1,30.0,0,5140.0,premium
Barranco,194.1,2,2,,1,5690.0,premium
Surco,121.8,3,2,3.0,1,5180.0,premium
Pueblo Libre,152.0,5,2,15.0,0,4400.0,premium
Ate,164.4,1,1,25.0,1,3060.0,premium
San Juan de Lurigancho,206.6,2,2,25.0,1,3550.0,premium
Carabayllo,160.7,5,3,35.0,1,3240.0,premium
San Isidro,93.1,3,1,25.0,1,5750.0,premium
Barranco,176.4,1,1,31.0,1,4410.0,premium
Carabayllo,119.8,3,1,21.0,0,2200.0,moderado
La Molina,48.2,4,2,24.0,1,4050.0,premium
La Molina,170.0,4,1,16.0,0,5420.0,premium
Barranco,134.3,5,3,,0,5230.0,premium
Magdalena,40.7,1,1,8.0,1,52273.0,moderado
Pueblo Libre,150.7,5,3,23.0,1,4490.0,premium
Magdalena,41.8,2,2,37.0,0,1990.0,moderado
Miraflores,64.9,1,1,29.0,1,4560.0,premium
La Molina,183.9,5,2,38.0,1,5290.0,premium
Carabayllo,79.8,1,1,13.0,1,1950.0,moderado
Jesus Maria,180.9,5,1,7.0,1,5090.0,premium
Miraflores,122.4,2,2,18.0,0,52560.0,premium
San Borja,144.3,2,2,2.0,1,5820.0,premium
Chorrillos,117.2,1,1,26.0,1,2550.0,moderado
San Miguel,203.2,2,2,35.0,0,3880.0,premium
Surco,116.9,5,1,31.0,1,4830.0,premium
Carabayllo,200.8,3,2,39.0,0,2860.0,moderado
Chorrillos,88.8,4,2,16.0,0,2980.0,moderado
Surco,116.7,4,2,6.0,0,5370.0,premium
Barranco,113.2,2,2,13.0,1,4570.0,premium
Lince,63.5,2,2,6.0,0,2960.0,moderado
Jesus Maria,89.3,3,3,23.0,1,3540.0,premium
Ate,100.7,3,3,11.0,1,2920.0,moderado
Jesus Maria,205.4,5,1,5.0,1,5680.0,premium
San Miguel,140.4,2,1,4.0,0,3890.0,premium
Ate,113.7,2,2,19.0,1,2980.0,moderado
Lince,,5,1,36.0,1,41845.0,premium
Lince,146.4,2,2,30.0,1,3380.0,premium
Barranco,199.1,5,2,23.0,0,5730.0,premium
Ate,,3,3,5.0,1,4440.0,premium
Chorrillos,51.9,4,1,39.0,0,1990.0,moderado
Carabayllo,151.0,4,2,20.0,1,3030.0,premium
magdalena,182.7,5,2,31.0,1,4880.0,premium
Miraflores,217.9,1,1,15.0,0,6280.0,premium
SAN JUAN DE LURIGANCHO,117.0,2,1,1.0,1,3250.0,premium
Jesus Maria,80.4,2,1,,0,2610.0,moderado
Carabayllo,54.0,5,2,16.0,1,2510.0,moderado
Lince,187.1,2,2,20.0,1,4060.0,premium
Magdalena,68.3,3,2,1.0,0,3680.0,premium
Pueblo Libre,122.8,4,1,15.0,1,4050.0,premium
Carabayllo,74.1,5,2,16.0,1,2770.0,moderado
Miraflores,86.5,5,2,38.0,1,5110.0,premium
Barranco,59.0,5,3,10.0,0,4550.0,premium
La Molina,112.9,3,2,10.0,0,4890.0,premium
La Molina,192.2,2,2,20.0,1,5750.0,premium
Miraflores,183.6,2,1,31.0,1,5580.0,premium
Lince,117.9,2,2,24.0,1,3090.0,premium
Pueblo Libre,160.7,3,1,18.0,0,4020.0,premium
Pueblo Libre,69.0,2,2,36.0,1,2760.0,moderado
Jesus Maria,147.3,4,3,,0,4040.0,premium
Miraflores,58.9,1,1,15.0,0,4250.0,premium
jesus maria,92.3,5,2,10.0,1,4290.0,premium
Jesus Maria,96.8,2,2,17.0,1,3450.0,premium
Lince,124.1,5,2,36.0,1,3110.0,premium
San Borja,175.9,4,3,0.0,0,6230.0,premium
Magdalena,,5,3,20.0,1,5310.0,premium
Carabayllo,130.5,4,2,17.0,1,3060.0,premium
La Molina,100.8,4,3,12.0,0,4860.0,premium
San Juan de Lurigancho,211.8,2,1,39.0,1,3100.0,premium
Ate,133.9,5,1,18.0,1,3690.0,premium
Lince,128.4,2,1,7.0,1,3680.0,premium
BARRANCO,120.7,2,2,30.0,1,43011.0,premium
La Molina,84.4,1,1,19.0,1,4120.0,premium
Pueblo Libre,73.0,3,1,39.0,0,2300.0,moderado
San Borja,130.8,1,1,,0,4220.0,premium
Chorrillos,132.5,4,2,23.0,0,3340.0,premium
Surco,52.5,4,3,34.0,1,3830.0,premium
San Isidro,117.8,2,2,13.0,0,5540.0,premium
Miraflores,158.3,3,3,38.0,1,5810.0,premium
La Molina,164.5,4,3,19.0,1,5810.0,premium
Magdalena,205.7,5,2,38.0,0,4520.0,premium
Ate,187.5,2,2,,1,3200.0,premium
San Borja,205.5,2,2,31.0,1,5590.0,premium
Carabayllo,,3,1,33.0,1,2760.0,moderado
San Miguel,50.7,3,1,16.0,1,2880.0,moderado
Lince,153.0,5,3,2.0,1,4890.0,premium
San Isidro,94.1,2,2,21.0,1,5530.0,premium
Barranco,152.9,4,1,19.0,1,5210.0,premium
La Molina,111.0,4,2,4.0,1,5390.0,premium
La Molina,148.0,4,1,31.0,1,4890.0,premium
Lince,60.1,2,2,39.0,1,2020.0,moderado
San Borja,135.3,4,2,13.0,0,5480.0,premium
Barranco,146.4,4,1,6.0,0,5350.0,premium
Ate,104.2,3,2,15.0,1,3070.0,premium
Chorrillos,192.1,1,1,13.0,1,3990.0,premium
Barranco,,3,3,,1,4350.0,premium
Miraflores,123.9,5,3,31.0,0,5720.0,premium
Surco,211.5,3,3,25.0,1,5970.0,premium
San Borja,84.9,5,3,0.0,1,5620.0,premium
Chorrillos,77.9,4,2,25.0,1,3050.0,premium
Lince,51.4,2,2,19.0,1,2390.0,moderado
Pueblo Libre,173.0,1,1,20.0,0,3720.0,premium
San Miguel,,3,1,30.0,1,2720.0,moderado
Chorrillos,200.1,1,1,15.0,1,4260.0,premium
La Molina,113.3,5,3,29.0,0,5010.0,premium
Carabayllo,92.1,2,2,15.0,1,2460.0,moderado
Lince,72.5,5,2,26.0,1,3210.0,premium
Carabayllo,,5,3,36.0,0,1680.0,moderado
Barranco,142.9,3,2,19.0,0,4690.0,premium
Chorrillos,54.7,2,2,23.0,0,2240.0,moderado
Miraflores,117.9,2,2,36.0,1,4700.0,premium
Ate,92.4,5,3,,0,2290.0,moderado
San Miguel,218.3,5,3,28.0,1,5290.0,premium
San Miguel,112.4,5,2,1.0,1,4690.0,premium
San Miguel,70.6,1,1,21.0,1,2780.0,moderado
Carabayllo,147.2,3,2,,1,3770.0,premium
San Juan de Lurigancho,97.2,2,2,23.0,1,2410.0,moderado
Lince,216.7,3,2,6.0,1,5150.0,premium
San Miguel,219.2,4,2,9.0,1,5760.0,premium
San Borja,78.1,2,2,28.0,1,4320.0,premium
Ate,165.2,5,3,34.0,1,3590.0,premium
pueblo libre,127.8,3,3,16.0,1,4040.0,premium
Pueblo Libre,215.6,3,3,20.0,1,5040.0,premium
La Molina,137.3,2,1,25.0,1,4490.0,premium
lince,68.1,1,1,17.0,1,2800.0,moderado
San Miguel,168.7,3,3,8.0,1,5320.0,premium
Ate,203.3,1,1,27.0,1,57543.0,premium
San Borja,55.6,5,3,,1,52314.0,premium
San Borja,83.0,4,1,31.0,1,4290.0,premium
Chorrillos,216.3,4,2,6.0,1,5340.0,premium
Lince,44.2,2,1,10.0,1,2510.0,moderado
Jesus Maria,66.9,4,1,27.0,1,3020.0,premium
Pueblo Libre,44.7,4,1,9.0,1,3140.0,premium
Pueblo Libre,112.1,2,2,21.0,0,3150.0,premium
Barranco,165.6,3,3,0.0,0,5550.0,premium
San Miguel,102.1,1,1,33.0,0,2670.0,moderado
Chorrillos,,2,1,5.0,1,4730.0,premium
San Juan de Lurigancho,43.5,2,2,26.0,1,1540.0,moderado
SAN MIGUEL,137.9,2,1,,0,3840.0,premium
San Isidro,141.9,1,1,8.0,0,6150.0,premium
Magdalena,51.7,4,1,32.0,1,3150.0,premium
San Isidro,101.6,3,3,18.0,0,5790.0,premium
Carabayllo,185.2,4,2,24.0,0,3450.0,premium
Magdalena,176.4,2,2,31.0,1,4390.0,premium
San Borja,182.1,5,3,36.0,1,5840.0,premium
San Isidro,78.4,4,1,25.0,0,5500.0,premium
Magdalena,123.6,1,1,5.0,1,4040.0,premium
Surco,102.7,1,1,4.0,1,4690.0,premium
Barranco,97.0,1,1,17.0,1,4130.0,premium
Pueblo Libre,105.4,4,3,28.0,0,3720.0,premium
Barranco,,4,2,39.0,1,4360.0,premium
San Isidro,113.5,2,2,23.0,0,5670.0,premium
Chorrillos,47.9,3,1,1.0,1,3070.0,premium
Lince,58.0,1,1,26.0,0,1820.0,moderado
Magdalena,111.8,3,2,19.0,0,3780.0,premium
Miraflores,55.0,4,3,22.0,1,5390.0,premium
Ate,153.0,4,1,24.0,1,3390.0,premium
Ate,,4,1,13.0,1,2870.0,moderado
ate,139.7,4,2,3.0,1,4030.0,premium
San Juan de Lurigancho,141.5,3,1,,1,2760.0,moderado
Miraflores,94.9,2,2,18.0,1,5070.0,premium
Miraflores,71.9,4,2,11.0,0,5310.0,premium
Chorrillos,152.6,3,3,7.0,0,3950.0,premium
Miraflores,178.3,4,2,,0,6220.0,premium
Chorrillos,200.8,3,3,1.0,0,4650.0,premium
Lince,202.4,1,1,28.0,1,3750.0,premium
Carabayllo,158.3,3,1,32.0,1,3140.0,premium
Chorrillos,105.4,3,3,17.0,1,3550.0,premium
San Borja,,1,1,29.0,1,5180.0,premium
Miraflores,132.7,1,1,2.0,1,5390.0,premium
San Juan de Lurigancho,134.3,3,2,2.0,0,3480.0,premium
Magdalena,151.9,4,1,10.0,1,4640.0,premium
Pueblo Libre,189.1,2,2,34.0,1,4060.0,premium
Magdalena,165.0,4,3,3.0,0,5090.0,premium
Ate,200.9,2,2,24.0,1,3620.0,premium
Magdalena,86.4,4,1,9.0,1,3850.0,premium
Magdalena,128.7,2,2,13.0,1,4470.0,premium
Carabayllo,,5,1,32.0,1,1920.0,moderado
San Isidro,80.6,5,2,34.0,0,5170.0,premium
San Isidro,68.4,5,1,6.0,0,6140.0,premium
Pueblo Libre,168.2,4,3,11.0,1,4950.0,premium
Miraflores,216.0,1,1,19.0,0,6220.0,premium
LINCE,132.0,1,1,5.0,1,3400.0,premium
Pueblo Libre,158.8,2,1,,1,3820.0,premium
San Borja,205.6,1,1,22.0,0,5120.0,premium
Barranco,96.9,4,3,0.0,1,5260.0,premium
Magdalena,167.8,2,1,3.0,0,4810.0,premium
San Isidro,77.5,3,1,20.0,0,5300.0,premium
SAN ISIDRO,131.6,1,1,23.0,1,5430.0,premium
Chorrillos,177.2,4,3,4.0,1,4750.0,premium
Barranco,118.6,3,3,7.0,1,5150.0,premium
Miraflores,112.1,3,1,24.0,1,5400.0,premium
San Juan de Lurigancho,161.6,1,1,3.0,0,2920.0,moderado
Lince,174.2,4,1,10.0,0,4220.0,premium
Magdalena,56.1,4,3,10.0,1,4010.0,premium
Lince,,3,2,,1,3530.0,premium
San Borja,140.1,2,2,3.0,1,5670.0,premium
Surco,67.8,3,2,19.0,1,4510.0,premium
Barranco,106.8,3,3,,1,4420.0,premium
Pueblo Libre,109.1,2,2,8.0,0,3370.0,premium
La Molina,77.9,4,3,9.0,0,4780.0,premium
San Isidro,186.6,1,1,9.0,1,6550.0,premium
La Molina,,1,1,14.0,1,3980.0,premium
Magdalena,167.4,5,2,37.0,0,4110.0,premium
Barranco,56.4,4,3,34.0,1,3420.0,premium
Chorrillos,192.2,1,1,9.0,1,3860.0,premium
Chorrillos,129.0,2,2,32.0,0,2670.0,moderado
Miraflores,,3,3,31.0,1,5960.0,premium
Magdalena,183.4,4,1,4.0,0,4880.0,premium
San Borja,80.1,4,1,29.0,1,4610.0,premium
Lince,172.6,4,1,16.0,1,4230.0,premium
Lince,114.3,5,2,36.0,0,3290.0,premium
Magdalena,193.4,1,1,24.0,1,4310.0,premium
Lince,190.6,1,1,26.0,0,3490.0,premium
San Miguel,60.5,5,1,8.0,1,3470.0,premium
Jesus Maria,73.8,3,1,30.0,1,3010.0,premium
Jesus Maria,,3,1,37.0,0,3650.0,premium
La Molina,160.6,2,2,35.0,0,4490.0,premium
pueblo libre,,1,1,34.0,1,2540.0,moderado
San Isidro,187.6,1,1,25.0,0,6050.0,premium
Surco,110.0,3,1,33.0,1,4540.0,premium
San Juan de Lurigancho,47.5,3,2,18.0,0,1910.0,moderado
Surco,40.0,5,3,10.0,0,4640.0,premium
San Juan de Lurigancho,43.3,5,3,26.0,1,2390.0,moderado
San Borja,159.9,1,1,35.0,1,4390.0,premium
Magdalena,150.0,2,2,15.0,1,4440.0,premium
barranco,52.5,5,1,30.0,1,4010.0,premium
Miraflores,48.6,2,2,18.0,0,4370.0,premium
San Juan de Lurigancho,59.7,2,2,26.0,0,1600.0,moderado
La Molina,160.7,1,1,15.0,1,4830.0,premium
San Juan de Lurigancho,85.8,1,1,35.0,0,1300.0,economico
Jesus Maria,,1,1,16.0,0,4080.0,premium
San Miguel,141.9,3,3,7.0,0,4560.0,premium
Pueblo Libre,116.5,4,1,31.0,1,3310.0,premium
La Molina,169.3,1,1,10.0,1,5200.0,premium
Surco,43.5,1,1,32.0,1,3290.0,premium
Barranco,206.4,5,3,33.0,1,5750.0,premium
San Miguel,42.2,2,2,21.0,1,2890.0,moderado
Ate,159.2,5,2,,1,4060.0,premium
San Miguel,43.8,2,2,0.0,1,3450.0,premium
La Molina,159.9,5,2,29.0,1,5550.0,premium
Carabayllo,57.9,1,1,0.0,1,1900.0,moderado
CARABAYLLO,132.0,5,1,12.0,1,3520.0,premium
Chorrillos,133.4,3,1,15.0,0,3090.0,premium
Barranco,47.6,2,2,39.0,0,2760.0,moderado
Chorrillos,175.9,1,1,27.0,0,3030.0,premium
Pueblo Libre,197.1,2,2,36.0,1,4090.0,premium
Jesus Maria,219.0,1,1,,1,4410.0,premium
Surco,209.5,3,2,38.0,1,5830.0,premium
Magdalena,115.1,3,1,11.0,1,4250.0,premium
Surco,56.8,3,1,35.0,0,3530.0,premium
Surco,219.1,4,1,36.0,1,6000.0,premium
Lince,94.3,2,2,1.0,0,38981.0,premium
Chorrillos,125.7,1,1,18.0,0,2770.0,moderado
Jesus Maria,170.0,2,2,,0,4650.0,premium
Surco,80.0,5,1,,0,4660.0,premium
Surco,87.1,1,1,3.0,1,4680.0,premium
Pueblo Libre,154.8,5,2,17.0,1,4420.0,premium
Ate,82.8,3,2,19.0,0,2220.0,moderado
Chorrillos,156.4,1,1,22.0,1,3310.0,premium
Pueblo Libre,205.9,4,1,39.0,1,4350.0,premium
Ate,136.6,5,2,17.0,1,3580.0,premium
SAN BORJA,161.3,1,1,29.0,1,4780.0,premium
Carabayllo,168.7,5,1,,0,2970.0,moderado
San Isidro,84.5,2,1,29.0,0,4800.0,premium
San Juan de Lurigancho,,1,1,13.0,1,2780.0,moderado
Jesus Maria,193.9,5,1,32.0,0,4390.0,premium
San Miguel,70.6,1,1,30.0,0,2100.0,moderado
Chorrillos,206.5,2,1,39.0,1,3300.0,premium
San Borja,52.6,2,2,7.0,1,4400.0,premium
SAN MIGUEL,54.8,2,1,18.0,1,2960.0,moderado
Jesus Maria,44.5,5,3,34.0,1,3180.0,premium
Magdalena,122.0,2,2,15.0,1,4360.0,premium
Carabayllo,85.0,2,1,19.0,1,2390.0,moderado
Carabayllo,218.5,4,1,35.0,1,3460.0,premium
San Miguel,148.6,3,3,5.0,1,4780.0,premium
Miraflores,70.7,5,3,19.0,1,5440.0,premium
La Molina,106.8,3,3,10.0,0,4730.0,premium
la molina,85.9,3,3,16.0,1,4560.0,premium
Lince,43.6,3,1,25.0,0,2430.0,moderado
LINCE,126.7,2,2,38.0,1,2940.0,moderado
Lince,156.0,1,1,19.0,1,3620.0,premium
BARRANCO,,1,1,37.0,0,4180.0,premium
La Molina,125.2,4,2,21.0,1,43310.0,premium
Lince,206.4,2,2,9.0,1,4760.0,premium
Carabayllo,49.2,2,1,25.0,1,1370.0,economico
Jesus Maria,194.8,4,3,38.0,1,4760.0,premium
Pueblo Libre,108.0,5,2,37.0,1,3300.0,premium
San Borja,55.2,5,3,26.0,0,4170.0,premium
San Borja,160.4,5,1,7.0,1,5850.0,premium
miraflores,199.3,5,3,32.0,1,6870.0,premium
San Borja,93.5,5,1,29.0,0,4180.0,premium
Carabayllo,216.7,1,1,25.0,1,3460.0,premium
Lince,194.6,5,3,35.0,1,4670.0,premium
Surco,195.2,5,1,6.0,1,6660.0,premium
San Borja,137.0,4,2,,1,5640.0,premium
Magdalena,72.2,1,1,35.0,0,2350.0,moderado
Magdalena,187.1,3,1,,0,4320.0,premium
Magdalena,183.2,4,1,4.0,1,5470.0,premium
Lince,,5,2,,0,3060.0,premium
Ate,89.1,4,1,21.0,1,2720.0,moderado
Carabayllo,51.3,3,2,14.0,1,2120.0,moderado
Pueblo Libre,81.5,5,1,11.0,1,3880.0,premium
La Molina,72.8,1,1,26.0,1,3750.0,premium
Magdalena,150.7,4,3,,1,4590.0,premium
Surco,182.8,4,2,25.0,1,5900.0,premium
San Borja,114.8,3,3,22.0,0,4740.0,premium
Barranco,109.4,2,2,17.0,1,4570.0,premium
Lince,100.8,5,2,14.0,1,3900.0,premium
Lince,80.5,5,3,31.0,1,41353.0,premium
Miraflores,40.5,4,3,3.0,0,5500.0,premium
Magdalena,160.4,1,1,9.0,1,4410.0,premium
Surco,89.7,1,1,23.0,1,3950.0,premium
Magdalena,168.8,1,1,6.0,0,4120.0,premium
San Juan de Lurigancho,216.4,5,1,9.0,1,4590.0,premium
Carabayllo,,4,3,4.0,0,2630.0,moderado
Barranco,97.7,3,1,2.0,1,4910.0,premium
Surco,202.2,5,1,30.0,0,5860.0,premium
Pueblo Libre,183.7,2,2,36.0,1,4120.0,premium
La Molina,124.0,2,2,11.0,1,4860.0,premium
Carabayllo,196.5,5,3,9.0,1,4810.0,premium
Barranco,117.7,4,2,0.0,1,5530.0,premium
Carabayllo,190.6,4,3,39.0,0,3270.0,premium
Chorrillos,93.3,3,2,,0,3060.0,premium
Miraflores,141.8,2,2,11.0,0,33308.0,premium
San Borja,57.3,1,1,24.0,1,3850.0,premium
San Miguel,211.7,1,1,21.0,1,4550.0,premium
San Juan de Lurigancho,216.4,5,3,39.0,1,4020.0,premium
Barranco,168.2,1,1,3.0,1,5320.0,premium
San Isidro,147.4,1,1,33.0,1,5530.0,premium
Jesus Maria,63.3,5,3,18.0,1,3670.0,premium
San Isidro,140.3,3,3,33.0,1,6310.0,premium
San Borja,79.8,5,2,13.0,0,5110.0,premium
Magdalena,216.0,3,3,9.0,1,5650.0,premium
Magdalena,97.8,4,1,38.0,1,3430.0,premium
Miraflores,216.8,2,2,20.0,1,6680.0,premium
San Isidro,154.4,4,3,22.0,0,6240.0,premium
Surco,52.0,1,1,4.0,1,4060.0,premium
San Miguel,126.0,2,2,14.0,1,3740.0,premium
San Miguel,183.4,1,1,,1,4610.0,premium
CARABAYLLO,170.8,4,3,3.0,0,4060.0,premium
Carabayllo,47.8,4,1,37.0,1,1420.0,economico
San Borja,212.8,2,2,18.0,1,5760.0,premium
Jesus Maria,142.8,2,1,6.0,1,4090.0,premium
San Miguel,209.3,3,2,31.0,1,4580.0,premium
MIRAFLORES,57.2,4,1,16.0,1,5290.0,premium
San Miguel,135.4,5,3,14.0,1,4810.0,premium
Surco,91.9,5,3,24.0,0,4850.0,premium
San Borja,214.0,5,1,19.0,0,5950.0,premium
surco,212.9,4,2,0.0,0,6520.0,premium
San Miguel,165.9,3,1,38.0,0,58750.0,premium
San Isidro,192.4,2,1,10.0,1,6930.0,premium
Miraflores,88.4,4,3,21.0,1,5340.0,premium
Chorrillos,101.6,4,1,30.0,1,2610.0,moderado
La Molina,181.1,4,3,3.0,0,6230.0,premium
Miraflores,46.0,4,3,4.0,0,5530.0,premium
Ate,,4,2,38.0,0,2800.0,moderado
La Molina,103.2,1,1,0.0,1,4650.0,premium
La Molina,202.1,4,2,2.0,1,6750.0,premium
San Isidro,160.9,4,3,9.0,0,6580.0,premium
SAN ISIDRO,63.4,1,1,28.0,1,4860.0,premium
san isidro,84.2,4,3,1.0,1,6570.0,premium
San Borja,109.8,3,1,26.0,1,4600.0,premium
Carabayllo,,2,2,26.0,0,3120.0,premium
San Juan de Lurigancho,59.3,4,3,28.0,0,1830.0,moderado
Ate,157.8,5,3,23.0,1,4000.0,premium
La Molina,52.2,4,2,31.0,1,3790.0,premium
Surco,209.3,1,1,,0,5830.0,premium
Chorrillos,112.2,3,2,37.0,0,2560.0,moderado
Magdalena,210.8,5,3,4.0,1,5890.0,premium
San Juan de Lurigancho,168.2,2,2,8.0,1,3670.0,premium
Pueblo Libre,60.1,5,3,,1,3540.0,premium
Carabayllo,58.2,2,2,32.0,0,1240.0,economico
Barranco,140.8,5,3,24.0,0,4790.0,premium
Barranco,163.7,1,1,16.0,1,4660.0,premium
San Borja,57.1,5,3,15.0,1,4900.0,premium
Surco,158.1,2,2,3.0,1,5860.0,premium
Lince,43.0,3,2,13.0,1,2820.0,moderado
Jesus Maria,52.0,3,3,12.0,0,3340.0,premium
Pueblo Libre,138.3,3,2,13.0,1,4320.0,premium
San Miguel,73.1,1,1,26.0,0,2370.0,moderado
Ate,208.3,5,2,33.0,1,4270.0,premium
Surco,107.8,1,1,24.0,1,4090.0,premium
chorrillos,147.9,3,1,11.0,1,4170.0,premium
San Juan de Lurigancho,75.2,3,1,29.0,1,2140.0,moderado
Surco,186.3,3,1,6.0,1,6260.0,premium
San Isidro,145.8,3,3,8.0,0,6480.0,premium
San Juan de Lurigancho,57.4,4,1,,1,2270.0,moderado
San Isidro,78.4,4,1,25.0,0,5500.0,premium
surco,74.1,2,2,24.0,0,4070.0,premium
Carabayllo,163.0,1,1,5.0,0,2830.0,moderado
Jesus Maria,173.0,2,2,37.0,1,3970.0,premium
Carabayllo,206.7,4,2,12.0,1,4390.0,premium
Lince,131.8,2,2,22.0,0,2960.0,moderado
Miraflores,169.2,3,1,,0,5500.0,premium
Ate,76.0,1,1,9.0,0,1880.0,moderado
ate,41.4,1,1,37.0,0,840.0,economico
Chorrillos,103.3,5,3,19.0,1,3670.0,premium
Chorrillos,83.0,3,3,20.0,0,2500.0,moderado
Chorrillos,64.8,2,1,24.0,0,2130.0,moderado
Ate,60.9,3,1,8.0,1,2490.0,moderado
San Juan de Lurigancho,,3,1,22.0,1,44713.0,moderado
Pueblo Libre,198.4,3,2,8.0,0,4840.0,premium
Miraflores,170.1,4,1,11.0,0,6510.0,premium
San Borja,154.0,5,3,38.0,0,5140.0,premium
San Miguel,128.8,1,1,30.0,1,3000.0,moderado
La Molina,107.1,1,1,3.0,1,4770.0,premium
San Juan de Lurigancho,197.2,2,1,13.0,1,3880.0,premium
San Borja,165.5,1,1,37.0,1,4350.0,premium
Jesus Maria,52.4,5,3,8.0,1,4240.0,premium
Jesus Maria,118.5,5,3,37.0,1,3710.0,premium
Miraflores,131.8,4,3,34.0,0,5420.0,premium
Barranco,134.8,1,1,12.0,1,4540.0,premium
Magdalena,154.3,4,1,6.0,0,4720.0,premium
PUEBLO LIBRE,53.8,5,1,,1,3250.0,premium
San Juan de Lurigancho,167.3,2,2,,1,2860.0,moderado
Chorrillos,88.4,5,1,23.0,1,3240.0,premium
La Molina,41.2,2,2,0.0,1,4410.0,premium
Lince,131.1,4,1,24.0,1,3680.0,premium
magdalena,185.6,5,3,16.0,0,5050.0,premium
Chorrillos,204.3,5,2,33.0,0,4260.0,premium
Carabayllo,,4,1,20.0,1,2270.0,moderado
Lince,99.2,5,2,,1,4400.0,premium
Surco,95.4,5,3,36.0,0,4760.0,premium
Miraflores,118.1,5,3,20.0,1,5970.0,premium
San Miguel,192.1,5,2,34.0,1,4500.0,premium
La Molina,91.8,4,3,,1,4370.0,premium
Chorrillos,152.7,2,2,32.0,1,3190.0,premium
Carabayllo,152.1,4,3,4.0,1,4220.0,premium
La Molina,104.2,1,1,6.0,1,4970.0,premium
San Borja,110.1,5,3,38.0,0,4420.0,premium
San Borja,41.1,4,3,34.0,0,3570.0,premium
Ate,65.1,3,2,29.0,0,2000.0,moderado
Magdalena,214.5,3,3,29.0,0,4890.0,premium
San Borja,48.3,1,1,21.0,0,3430.0,premium
Lince,105.7,1,1,5.0,1,3230.0,premium
Ate,168.6,2,1,18.0,1,3180.0,premium
MIRAFLORES,137.7,1,1,3.0,0,5750.0,premium
barranco,57.2,1,1,31.0,0,2940.0,moderado
Ate,54.4,3,2,2.0,1,3000.0,moderado
Carabayllo,48.4,1,1,16.0,0,1230.0,economico
Carabayllo,,3,2,26.0,1,2890.0,moderado
La Molina,117.2,4,3,33.0,1,4760.0,premium
San Miguel,95.5,4,3,9.0,0,3980.0,premium
Lince,215.1,5,1,37.0,1,4330.0,premium
Carabayllo,116.8,1,1,23.0,0,2090.0,moderado
chorrillos,,2,2,39.0,1,2610.0,moderado
Barranco,91.9,1,1,,1,3470.0,premium
Chorrillos,,2,2,19.0,1,3610.0,premium
Miraflores,,2,2,14.0,0,6050.0,premium
La Molina,135.1,3,3,23.0,0,4900.0,premium
Jesus Maria,182.2,2,2,25.0,1,4170.0,premium
Pueblo Libre,203.8,1,1,14.0,0,4320.0,premium
San Borja,210.1,5,3,6.0,0,6670.0,premium
San Borja,218.3,3,2,2.0,1,6670.0,premium
Jesus Maria,192.0,3,3,,0,5240.0,premium
San Isidro,192.2,2,1,37.0,1,6090.0,premium
Barranco,95.8,4,2,,1,3900.0,premium
San Isidro,172.8,2,2,16.0,1,6630.0,premium
Barranco,215.9,2,1,35.0,1,5080.0,premium
San Borja,72.9,5,1,28.0,0,4110.0,premium
Jesus Maria,,1,1,29.0,1,3790.0,premium
La Molina,82.2,1,1,,1,4160.0,premium
Lince,123.1,1,1,,1,3240.0,premium
Ate,167.9,1,1,14.0,1,3310.0,premium
Ate,194.2,5,1,39.0,0,3390.0,premium
Lince,174.4,3,1,26.0,1,45779.0,premium
Carabayllo,144.7,3,1,14.0,1,3250.0,premium
Magdalena,217.0,1,1,2.0,1,5300.0,premium
San Miguel,104.6,3,3,6.0,0,4340.0,premium
San Juan de Lurigancho,158.1,5,3,3.0,1,4320.0,premium
Chorrillos,133.3,2,2,34.0,1,2930.0,moderado
Jesus Maria,136.9,4,1,4.0,1,4760.0,premium
Carabayllo,168.4,1,1,32.0,1,2590.0,moderado
La Molina,81.8,2,1,29.0,1,3640.0,premium
San Isidro,73.6,5,3,18.0,1,5950.0,premium
Barranco,52.1,4,3,39.0,1,3620.0,premium
Pueblo Libre,42.3,1,1,23.0,0,2110.0,moderado
Magdalena,87.4,5,2,16.0,0,4040.0,premium
San Borja,156.8,1,1,6.0,1,5410.0,premium
Miraflores,87.4,5,3,20.0,0,5430.0,premium
Surco,209.6,3,1,23.0,1,6000.0,premium
Ate,77.0,1,1,28.0,0,1640.0,moderado
Miraflores,81.1,4,2,14.0,1,5720.0,premium
La Molina,,3,2,12.0,0,5240.0,premium
San Isidro,184.3,1,1,27.0,1,6240.0,premium
San Borja,42.5,4,2,,1,4100.0,premium
San Juan de Lurigancho,199.5,2,2,33.0,0,2860.0,moderado
La Molina,180.3,5,1,11.0,0,5730.0,premium
Surco,129.9,4,3,,1,5440.0,premium
Carabayllo,58.9,4,3,22.0,1,2340.0,moderado
Magdalena,119.1,4,3,28.0,0,4280.0,premium
Magdalena,208.8,1,1,32.0,0,4040.0,premium
Barranco,53.1,3,1,14.0,0,3830.0,premium
San Isidro,206.6,5,1,19.0,0,7220.0,premium
Chorrillos,185.2,3,2,,0,3420.0,premium
San Miguel,153.2,5,3,2.0,1,5220.0,premium
Ate,157.0,5,3,28.0,1,3950.0,premium
Carabayllo,217.9,1,1,3.0,1,3930.0,premium
Magdalena,89.8,5,3,3.0,1,4640.0,premium
Pueblo Libre,,4,3,35.0,0,2920.0,moderado
Chorrillos,159.3,4,3,35.0,0,3300.0,premium
San Borja,47.2,4,1,18.0,0,3880.0,premium
Magdalena,40.4,3,1,31.0,0,2370.0,moderado
PUEBLO LIBRE,75.2,4,3,15.0,0,3470.0,premium
Ate,208.0,4,2,24.0,0,4080.0,premium
Lince,,4,1,18.0,1,4880.0,premium
SAN MIGUEL,123.7,3,1,38.0,1,3160.0,premium
San Isidro,89.9,1,1,3.0,0,5240.0,premium
Surco,120.9,2,1,23.0,1,4440.0,premium
San Borja,147.3,2,1,7.0,1,5310.0,premium
Carabayllo,189.7,1,1,4.0,1,3770.0,premium
Miraflores,192.3,4,1,24.0,1,6440.0,premium
Miraflores,153.2,5,1,5.0,1,7080.0,premium
San Isidro,107.6,3,1,20.0,1,5910.0,premium
Carabayllo,132.8,2,2,35.0,0,2050.0,moderado
ATE,138.4,3,1,10.0,0,2970.0,moderado
Pueblo Libre,205.2,3,1,34.0,1,4190.0,premium
San Borja,68.1,1,1,,1,4100.0,premium
Chorrillos,121.9,2,2,38.0,1,2670.0,moderado
Carabayllo,185.1,5,1,12.0,1,4140.0,premium
Jesus Maria,119.2,5,1,10.0,0,4540.0,premium
PUEBLO LIBRE,110.8,3,3,4.0,1,4060.0,premium
Pueblo Libre,185.6,2,2,35.0,1,3870.0,premium
San Borja,81.4,3,3,20.0,0,4290.0,premium
Carabayllo,113.5,1,1,25.0,1,1920.0,moderado
Surco,55.9,2,2,32.0,0,3320.0,premium
Barranco,198.8,4,2,23.0,1,5790.0,premium
Jesus Maria,129.1,3,3,36.0,1,3670.0,premium
Surco,182.9,3,1,37.0,1,5130.0,premium
Lince,126.1,3,2,,1,3750.0,premium
Chorrillos,139.9,4,1,36.0,0,2800.0,moderado
Jesus Maria,139.5,4,1,19.0,0,3850.0,premium
Lince,100.3,2,2,20.0,0,2710.0,moderado
San Borja,150.2,3,3,,1,4730.0,premium
San Borja,185.5,3,3,,0,5070.0,premium
Miraflores,67.7,2,2,27.0,1,4510.0,premium
Chorrillos,79.1,3,3,9.0,1,3370.0,premium
San Juan de Lurigancho,48.5,5,1,36.0,1,1430.0,economico
JESUS MARIA,132.5,5,2,12.0,0,4510.0,premium
ATE,86.1,4,3,,1,3070.0,premium
Miraflores,167.4,4,1,0.0,1,7080.0,premium
San Isidro,,5,3,17.0,1,7280.0,premium
San Juan de Lurigancho,189.4,4,1,0.0,1,4490.0,premium
JESUS MARIA,122.4,1,1,4.0,1,3840.0,premium
San Juan de Lurigancho,214.1,4,1,0.0,1,4620.0,premium
Ate,86.9,1,1,6.0,0,2280.0,moderado
Ate,209.5,3,1,30.0,1,3570.0,premium
San Miguel,199.2,2,2,10.0,1,5100.0,premium
Barranco,116.4,4,3,39.0,1,4590.0,premium
La Molina,57.4,3,1,19.0,1,4170.0,premium
San Borja,159.1,5,2,39.0,1,5240.0,premium
La Molina,161.7,1,1,2.0,1,5360.0,premium
San Juan de Lurigancho,180.5,2,2,21.0,0,3100.0,premium
San Miguel,71.9,1,1,17.0,1,2520.0,moderado
Miraflores,169.9,2,1,18.0,1,6050.0,premium
San Juan de Lurigancho,213.5,5,3,18.0,0,4350.0,premium
San Juan de Lurigancho,169.9,3,2,29.0,1,3330.0,premium
Jesus Maria,84.1,1,1,,1,2460.0,moderado
Pueblo Libre,129.7,1,1,8.0,1,3550.0,premium
San Miguel,142.8,5,2,18.0,1,4400.0,premium
Carabayllo,50.2,3,3,34.0,0,1360.0,economico
Miraflores,86.2,2,2,13.0,1,5400.0,premium
San Miguel,172.2,1,1,17.0,1,4120.0,premium
Carabayllo,43.0,2,2,15.0,1,45013.0,moderado
Jesus Maria,206.9,3,3,9.0,1,5590.0,premium
Barranco,177.1,1,1,9.0,1,5250.0,premium
San Miguel,47.1,1,1,31.0,0,2100.0,moderado
chorrillos,151.2,1,1,16.0,1,3610.0,premium
Ate,198.8,3,1,28.0,0,3200.0,premium
Ate,218.7,2,2,37.0,0,3200.0,premium
Pueblo Libre,90.5,1,1,9.0,0,3250.0,premium
Carabayllo,,3,3,11.0,1,2200.0,moderado
San Isidro,114.1,2,2,36.0,0,5130.0,premium
surco,105.5,4,3,31.0,1,4720.0,premium
Carabayllo,125.5,1,1,35.0,1,1690.0,moderado
San Borja,,5,1,30.0,1,5410.0,premium
San Isidro,138.8,5,2,16.0,1,6590.0,premium
Chorrillos,81.4,5,3,7.0,0,3820.0,premium
La Molina,89.2,5,2,24.0,1,4750.0,premium
La Molina,143.6,4,3,,1,6020.0,premium
Lince,,1,1,5.0,1,4020.0,premium
Surco,147.4,1,1,7.0,0,5140.0,premium
Surco,93.8,4,3,21.0,1,5000.0,premium
Pueblo Libre,,2,1,19.0,0,2590.0,moderado
Miraflores,203.6,2,1,,1,5820.0,premium
Lince,196.9,5,3,33.0,1,4560.0,premium
Jesus Maria,46.1,5,1,28.0,1,3280.0,premium
Barranco,186.6,2,1,39.0,0,4360.0,premium
Carabayllo,90.5,3,2,16.0,1,2610.0,moderado
Surco,154.9,2,2,27.0,1,4930.0,premium
San Miguel,41.4,2,2,13.0,1,2710.0,moderado
Surco,194.4,3,1,,1,5390.0,premium
san juan de lurigancho,123.0,4,3,0.0,1,3860.0,premium
Surco,42.8,5,2,20.0,1,4580.0,premium
Magdalena,48.4,3,3,30.0,0,3090.0,premium
San Borja,149.2,2,1,38.0,1,4440.0,premium
Chorrillos,66.6,1,1,22.0,0,1610.0,moderado
San Borja,181.8,5,1,20.0,0,5530.0,premium
Pueblo Libre,64.3,4,1,37.0,1,2680.0,moderado
Magdalena,217.4,3,2,4.0,0,33453.0,premium
Chorrillos,216.9,4,3,37.0,0,4010.0,premium
Ate,101.6,4,3,21.0,1,3200.0,premium
Lince,196.5,3,3,1.0,1,5270.0,premium
La Molina,96.5,2,1,11.0,1,4420.0,premium
Lince,45.8,2,2,1.0,0,2640.0,moderado
Pueblo Libre,203.9,3,3,21.0,0,4690.0,premium
Chorrillos,88.2,4,3,4.0,1,3680.0,premium
Ate,179.5,4,2,,0,4640.0,premium
San Borja,187.9,1,1,7.0,0,5760.0,premium
Magdalena,202.7,4,1,25.0,0,4670.0,premium
Magdalena,217.6,3,1,18.0,0,4850.0,premium
Jesus Maria,199.2,3,2,23.0,0,4630.0,premium
Ate,135.0,3,3,12.0,0,3320.0,premium
Pueblo Libre,94.2,2,2,2.0,1,3880.0,premium
Jesus Maria,216.1,2,1,,1,5040.0,premium
San Isidro,,4,2,26.0,1,5040.0,premium
Miraflores,132.6,1,1,29.0,0,4610.0,premium
Surco,99.3,1,1,15.0,1,4530.0,premium
Barranco,51.5,1,1,35.0,1,2650.0,moderado
Chorrillos,,5,3,17.0,1,4270.0,premium
San Juan de Lurigancho,173.1,5,2,27.0,1,3800.0,premium
Lince,57.7,5,3,24.0,1,3030.0,premium
Miraflores,180.8,1,1,38.0,1,5580.0,premium
San Miguel,55.9,2,2,35.0,1,2270.0,moderado
Chorrillos,70.0,4,2,31.0,1,2610.0,moderado
Ate,172.7,3,3,39.0,0,3130.0,premium
Jesus Maria,187.7,3,1,10.0,0,4880.0,premium
Miraflores,42.2,3,2,31.0,1,4160.0,premium
Ate,200.3,3,1,16.0,1,3960.0,premium
Chorrillos,217.3,4,2,14.0,1,4950.0,premium
Pueblo Libre,52.6,4,3,26.0,0,2680.0,moderado
Surco,203.6,4,3,22.0,1,6260.0,premium
San Borja,186.0,1,1,13.0,0,5220.0,premium
San Isidro,211.1,4,3,31.0,1,6920.0,premium
San Juan de Lurigancho,126.3,3,3,22.0,1,2970.0,moderado
La Molina,176.5,2,2,15.0,0,5300.0,premium
San Miguel,180.4,3,3,17.0,1,4820.0,premium
Carabayllo,215.8,3,3,33.0,1,3640.0,premium
Pueblo Libre,151.9,5,3,29.0,1,4700.0,premium
Ate,48.1,4,1,39.0,1,1500.0,economico
Chorrillos,213.0,1,1,33.0,1,3440.0,premium
Surco,168.2,5,2,18.0,0,5760.0,premium
Chorrillos,134.6,4,3,0.0,0,4110.0,premium
Lince,70.9,5,3,9.0,1,3600.0,premium
Miraflores,53.6,1,1,,1,3990.0,premium
San Borja,,1,1,10.0,0,4670.0,premium
Magdalena,156.4,5,1,14.0,0,4650.0,premium
Miraflores,58.8,2,2,24.0,1,4590.0,premium
San Juan de Lurigancho,158.2,4,3,,1,3260.0,premium
Carabayllo,96.4,2,2,22.0,1,1930.0,moderado
San Juan de Lurigancho,103.9,1,1,29.0,0,1720.0,moderado
Chorrillos,178.9,3,3,29.0,1,4000.0,premium
La Molina,196.7,2,1,12.0,1,5590.0,premium
San Juan de Lurigancho,211.1,1,1,26.0,1,3490.0,premium
MAGDALENA,56.4,5,2,21.0,0,3230.0,premium
San Borja,208.0,1,1,27.0,1,5550.0,premium
Carabayllo,124.1,2,2,4.0,0,2790.0,moderado
Pueblo Libre,78.2,3,1,13.0,0,3330.0,premium
La Molina,63.8,3,3,26.0,1,4540.0,premium
San Isidro,126.8,4,1,31.0,1,6220.0,premium
Jesus Maria,,3,2,13.0,1,4910.0,premium
Lince,212.6,3,1,18.0,1,4610.0,premium
San Borja,194.4,2,1,31.0,1,5140.0,premium
Magdalena,211.0,2,2,28.0,1,4540.0,premium
Chorrillos,140.1,2,1,6.0,1,3790.0,premium
La Molina,209.6,4,3,4.0,0,6600.0,premium
Pueblo Libre,195.3,1,1,33.0,1,3580.0,premium
San Borja,48.2,1,1,25.0,1,3640.0,premium
Surco,189.8,4,2,30.0,1,5790.0,premium
Magdalena,54.4,3,3,,1,3520.0,premium
San Miguel,53.1,4,2,12.0,0,3360.0,premium
Lince,142.3,4,2,14.0,0,3730.0,premium
La Molina,78.7,4,3,10.0,1,4990.0,premium
Pueblo Libre,68.2,2,2,16.0,0,2760.0,moderado
San Juan de Lurigancho,213.5,1,1,31.0,1,3400.0,premium
Lince,73.3,2,1,12.0,0,2810.0,moderado
Magdalena,156.7,2,2,10.0,1,4730.0,premium
San Isidro,172.5,1,1,14.0,1,6340.0,premium
La Molina,171.8,1,1,35.0,1,4560.0,premium
San Isidro,141.1,2,2,15.0,1,6140.0,premium
Pueblo Libre,183.4,4,1,37.0,1,4190.0,premium
Lince,93.5,3,3,5.0,0,3610.0,premium
Surco,137.4,2,2,35.0,1,4670.0,premium
Surco,72.5,2,2,38.0,1,3780.0,premium
San Miguel,187.4,3,2,35.0,1,4140.0,premium
Carabayllo,55.1,1,1,7.0,1,1640.0,moderado
San Isidro,170.4,4,1,18.0,1,6550.0,premium
Chorrillos,219.3,3,1,33.0,1,3940.0,premium
Magdalena,52.8,4,1,7.0,1,3750.0,premium
PUEBLO LIBRE,51.2,5,3,3.0,0,3570.0,premium
San Miguel,61.1,4,3,22.0,0,2900.0,moderado
Ate,41.7,2,2,25.0,0,2010.0,moderado
Chorrillos,96.6,1,1,10.0,1,3060.0,premium
Lince,122.6,3,1,19.0,1,3170.0,premium
San Isidro,92.3,3,1,21.0,1,5460.0,premium
Magdalena,,5,3,19.0,1,3650.0,premium
Magdalena,139.4,4,2,,1,4620.0,premium
Magdalena,164.0,4,3,0.0,0,5190.0,premium
Ate,53.7,2,1,2.0,1,2350.0,moderado
San Isidro,215.7,1,1,0.0,1,7600.0,premium
Lince,201.3,1,1,37.0,0,3490.0,premium
San Borja,,4,2,29.0,1,5460.0,premium
San Isidro,56.8,4,1,,1,5860.0,premium
San Miguel,76.9,2,1,35.0,1,2570.0,moderado
Carabayllo,129.5,5,1,13.0,0,3030.0,premium
San Miguel,123.1,5,2,26.0,1,4090.0,premium
Pueblo Libre,,3,1,30.0,0,2590.0,moderado
Surco,,1,1,15.0,0,5160.0,premium
Pueblo Libre,149.7,2,2,8.0,1,4390.0,premium
San Juan de Lurigancho,,4,3,32.0,1,3410.0,premium
Jesus Maria,81.4,5,1,11.0,0,3690.0,premium
Carabayllo,69.8,4,3,7.0,1,2810.0,moderado
Carabayllo,74.4,3,3,4.0,1,2680.0,moderado
LINCE,69.3,2,2,35.0,1,2250.0,moderado
Ate,179.3,2,2,2.0,1,4130.0,premium
Barranco,149.7,3,2,7.0,1,5230.0,premium
La Molina,194.7,4,2,27.0,1,5670.0,premium
San Juan de Lurigancho,71.4,3,3,10.0,1,2830.0,moderado
Carabayllo,55.9,4,1,38.0,1,1660.0,moderado
Ate,183.3,5,3,9.0,0,4480.0,premium
Jesus Maria,,5,3,,1,5340.0,premium
Lince,147.9,1,1,0.0,1,4040.0,premium
Miraflores,44.3,3,3,21.0,1,4990.0,premium
Jesus Maria,195.9,5,3,,0,5090.0,premium
La Molina,145.3,1,1,29.0,0,4280.0,premium
San Isidro,106.9,3,3,18.0,1,6060.0,premium
Barranco,67.1,2,1,35.0,0,3190.0,premium
San Juan de Lurigancho,163.5,3,3,32.0,1,3250.0,premium
San Borja,83.9,4,1,20.0,1,4640.0,premium
San Isidro,,3,2,23.0,1,6810.0,premium
San Borja,60.2,5,3,0.0,0,5030.0,premium
Barranco,83.1,3,3,17.0,0,4480.0,premium
San Isidro,165.8,2,1,3.0,0,6460.0,premium
Jesus Maria,147.3,3,2,29.0,0,3860.0,premium
Barranco,161.0,4,2,34.0,1,4900.0,premium
Lince,209.6,1,1,20.0,0,3780.0,premium
Ate,107.5,1,1,8.0,0,2700.0,moderado
San Isidro,41.0,5,2,27.0,1,5270.0,premium
Jesus Maria,80.1,2,2,26.0,1,2920.0,moderado
San Miguel,116.2,3,1,17.0,1,3430.0,premium
Surco,155.1,4,3,35.0,1,5190.0,premium
Carabayllo,141.3,2,2,20.0,0,2630.0,moderado
La Molina,179.6,4,3,13.0,1,6290.0,premium
San Juan de Lurigancho,139.2,2,2,13.0,0,2820.0,moderado
San Miguel,119.3,2,2,22.0,1,3710.0,premium
Chorrillos,75.5,3,2,37.0,1,2400.0,moderado
Ate,116.3,2,2,29.0,1,2590.0,moderado
Barranco,104.4,2,2,36.0,0,3500.0,premium
Chorrillos,158.5,2,2,38.0,1,42627.0,premium
Jesus Maria,66.6,1,1,27.0,1,2680.0,moderado
Carabayllo,142.6,1,1,13.0,1,2670.0,moderado
Lince,156.4,4,3,24.0,0,3930.0,premium
La Molina,80.8,5,2,39.0,1,4300.0,premium
Surco,194.6,4,2,31.0,0,5440.0,premium
Lince,78.8,2,2,23.0,1,2610.0,moderado
San Juan de Lurigancho,149.7,4,3,,0,3310.0,premium
Surco,,5,1,32.0,0,3770.0,premium
Carabayllo,170.7,1,1,30.0,1,2520.0,moderado
Pueblo Libre,120.7,4,1,19.0,1,3790.0,premium
San Borja,212.6,3,1,27.0,1,5610.0,premium
Surco,163.6,1,1,14.0,1,5300.0,premium
Pueblo Libre,146.7,5,2,34.0,1,3990.0,premium
Barranco,104.4,3,2,27.0,1,4330.0,premium
Jesus Maria,194.1,3,3,26.0,0,4310.0,premium
San Isidro,192.3,3,1,22.0,1,6500.0,premium
Magdalena,130.9,2,1,31.0,0,3280.0,premium
Lince,166.6,5,3,23.0,1,4530.0,premium
Carabayllo,178.9,4,3,11.0,0,3930.0,premium
Miraflores,161.0,5,2,8.0,1,6860.0,premium
surco,134.5,3,3,36.0,0,4550.0,premium
Pueblo Libre,148.6,4,1,17.0,1,4460.0,premium
San Borja,215.1,4,1,30.0,0,5630.0,premium
Pueblo Libre,127.5,2,2,15.0,0,3770.0,premium
Ate,60.0,1,1,26.0,1,1590.0,moderado
San Isidro,99.7,3,3,11.0,1,6290.0,premium
Magdalena,114.7,2,2,15.0,0,3800.0,premium
Lince,,1,1,34.0,1,2740.0,moderado
Surco,202.4,5,3,37.0,0,5680.0,premium
La Molina,189.4,1,1,1.0,0,5480.0,premium
Carabayllo,43.3,1,1,9.0,1,1680.0,moderado
San Miguel,92.4,1,1,24.0,1,2890.0,moderado
Surco,,4,1,29.0,1,3680.0,premium
Chorrillos,177.9,1,1,21.0,0,3070.0,premium
Surco,192.0,1,1,29.0,1,4990.0,premium
San Borja,210.0,3,3,15.0,1,6170.0,premium
La Molina,49.4,5,2,,1,4670.0,premium
Lince,63.1,4,3,33.0,1,2670.0,moderado
Barranco,83.6,1,1,7.0,1,3900.0,premium
San Isidro,117.1,4,1,32.0,1,5700.0,premium
Pueblo Libre,134.4,1,1,31.0,0,2890.0,moderado
Ate,74.2,4,3,,1,2800.0,moderado
barranco,188.5,1,1,,1,5580.0,premium
ate,,3,1,18.0,1,3570.0,premium
San Isidro,163.6,1,1,13.0,0,5710.0,premium
Chorrillos,175.3,1,1,10.0,1,3730.0,premium
Ate,164.9,4,3,27.0,0,3150.0,premium
Pueblo Libre,122.5,2,2,30.0,1,3280.0,premium
San Isidro,116.1,5,1,36.0,1,6050.0,premium
Surco,49.7,4,1,25.0,1,4230.0,premium
Barranco,131.4,3,2,29.0,1,4690.0,premium
Ate,41.5,1,1,30.0,1,1350.0,economico
Ate,87.8,4,2,22.0,1,39772.0,moderado
Barranco,199.9,5,3,5.0,0,6410.0,premium
Miraflores,42.4,1,1,5.0,1,4730.0,premium
Pueblo Libre,,3,3,28.0,1,3180.0,premium
Pueblo Libre,67.7,1,1,32.0,0,2270.0,moderado
San Juan de Lurigancho,114.3,2,2,16.0,0,2440.0,moderado
Barranco,52.0,2,2,18.0,1,3780.0,premium
La Molina,50.9,1,1,32.0,0,3080.0,premium
San Isidro,66.1,2,2,5.0,0,5320.0,premium
San Borja,,3,3,5.0,0,5800.0,premium
Barranco,109.1,2,2,23.0,1,4360.0,premium
Jesus Maria,182.2,3,2,0.0,1,5460.0,premium
Chorrillos,173.3,3,1,7.0,0,4080.0,premium
San Borja,201.5,4,2,31.0,0,5650.0,premium
Ate,132.1,5,1,1.0,1,3850.0,premium
BARRANCO,188.7,1,1,,1,5240.0,premium
Carabayllo,130.9,1,1,25.0,1,2240.0,moderado
La Molina,95.4,2,1,8.0,0,4520.0,premium
San Isidro,72.0,3,1,28.0,1,5280.0,premium
Chorrillos,72.3,1,1,,1,2560.0,moderado
Ate,217.9,1,1,5.0,1,4050.0,premium
San Isidro,124.4,1,1,27.0,1,5430.0,premium
Barranco,97.8,4,1,23.0,1,4610.0,premium
San Isidro,211.6,5,3,20.0,1,7630.0,premium
Jesus Maria,187.1,5,1,31.0,0,4210.0,premium
Ate,,2,2,15.0,1,3710.0,premium
Barranco,92.6,3,2,30.0,0,3500.0,premium
Surco,161.2,2,2,24.0,1,5220.0,premium
Carabayllo,137.8,4,1,10.0,1,3420.0,premium
Lince,176.6,4,2,6.0,1,4530.0,premium
Ate,107.4,5,1,36.0,1,2650.0,moderado
Chorrillos,183.3,2,2,38.0,0,3180.0,premium
Chorrillos,172.5,3,2,22.0,0,3570.0,premium
Surco,98.6,1,1,34.0,1,3980.0,premium
San Juan de Lurigancho,119.0,4,1,36.0,1,2490.0,moderado
Magdalena,,1,1,12.0,1,3250.0,premium
San Borja,151.3,3,2,25.0,1,5290.0,premium
Lince,106.2,4,3,21.0,1,3840.0,premium
Surco,137.6,5,2,19.0,0,5430.0,premium
Magdalena,121.2,5,1,11.0,1,4580.0,premium
LA MOLINA,112.9,1,1,27.0,1,4040.0,premium
Magdalena,93.6,4,2,38.0,1,3650.0,premium
surco,79.8,4,1,12.0,0,4490.0,premium
La Molina,43.6,5,3,,0,4910.0,premium
Ate,122.7,3,1,37.0,1,2470.0,moderado
Carabayllo,124.8,1,1,34.0,0,1640.0,moderado
Pueblo Libre,111.4,2,2,32.0,1,3180.0,premium
Chorrillos,189.7,4,3,0.0,1,5090.0,premium
Ate,128.8,1,1,21.0,1,2660.0,moderado
Jesus Maria,104.9,4,3,3.0,0,4250.0,premium
Pueblo Libre,192.8,2,1,2.0,1,5040.0,premium
Jesus Maria,64.9,5,3,1.0,0,4130.0,premium
Barranco,132.3,4,2,12.0,0,5120.0,premium
San Borja,,2,1,20.0,0,5270.0,premium
Surco,156.0,3,1,8.0,1,5750.0,premium
san miguel,73.5,1,1,35.0,0,2290.0,moderado
Ate,64.6,4,3,20.0,1,2660.0,moderado
Barranco,,1,1,8.0,1,3790.0,premium
San Isidro,43.7,1,1,24.0,0,4050.0,premium
San Miguel,176.8,3,3,,1,4960.0,premium
Barranco,198.0,4,3,,1,5910.0,premium
San Juan de Lurigancho,97.6,3,2,25.0,1,2420.0,moderado
Barranco,192.0,4,1,16.0,0,5510.0,premium
Barranco,165.1,5,3,33.0,1,5160.0,premium
San Juan de Lurigancho,76.7,4,1,37.0,1,1850.0,moderado
Miraflores,111.2,4,3,38.0,1,5270.0,premium
La Molina,82.3,1,1,,0,3420.0,premium
San Miguel,214.4,2,2,38.0,1,49735.0,premium
Miraflores,132.9,2,2,11.0,1,5820.0,premium
La Molina,123.5,2,2,16.0,1,4900.0,premium
San Juan de Lurigancho,116.8,4,1,,0,3070.0,premium
Surco,208.7,4,1,29.0,0,5600.0,premium
BARRANCO,141.4,4,1,33.0,0,4340.0,premium
Magdalena,65.3,3,3,9.0,1,4050.0,premium
Pueblo Libre,129.5,5,3,16.0,0,4240.0,premium
Barranco,88.7,4,3,24.0,1,4830.0,premium
La Molina,96.6,1,1,,1,3400.0,premium
Miraflores,76.8,5,2,8.0,1,5830.0,premium
Surco,67.0,1,1,17.0,1,3900.0,premium
Lince,212.3,2,2,2.0,0,4780.0,premium
San Juan de Lurigancho,132.5,1,1,17.0,1,2750.0,moderado
La Molina,202.3,1,1,24.0,0,46645.0,premium
Lince,158.6,4,3,15.0,1,4470.0,premium
San Isidro,201.0,1,1,9.0,0,6560.0,premium
Pueblo Libre,62.1,5,1,20.0,0,3090.0,premium
San Juan de Lurigancho,98.3,1,1,18.0,1,2230.0,moderado
La Molina,,4,2,23.0,1,4110.0,premium
San Miguel,,4,3,16.0,1,5130.0,premium
Magdalena,57.8,3,1,25.0,1,3090.0,premium
Ate,108.6,5,1,25.0,1,3000.0,moderado
Ate,183.7,5,2,6.0,0,4390.0,premium
Miraflores,,4,1,34.0,1,5830.0,premium
Ate,126.6,2,2,34.0,1,2480.0,moderado
SAN BORJA,123.7,2,2,28.0,0,34617.0,premium
Barranco,185.1,1,1,29.0,0,4100.0,premium
Miraflores,197.5,1,1,35.0,1,5760.0,premium
San Isidro,77.2,4,2,9.0,0,6030.0,premium
San Juan de Lurigancho,203.0,3,1,19.0,1,3900.0,premium
Chorrillos,214.3,3,2,29.0,0,3930.0,premium
Ate,149.2,3,3,38.0,0,2790.0,moderado
Magdalena,210.0,2,1,22.0,1,4640.0,premium
Jesus Maria,105.4,1,1,38.0,1,2560.0,moderado
Chorrillos,193.9,1,1,18.0,0,3570.0,premium
San Juan de Lurigancho,64.7,3,3,,0,2100.0,moderado
Magdalena,142.7,4,2,23.0,1,4330.0,premium
BARRANCO,94.3,4,3,22.0,0,4430.0,premium
San Isidro,99.2,3,2,20.0,1,6040.0,premium
Chorrillos,111.9,1,1,7.0,0,3100.0,premium
San Juan de Lurigancho,184.1,3,3,2.0,0,3920.0,premium
San Miguel,106.6,1,1,2.0,0,3560.0,premium
Lince,,1,1,16.0,1,3650.0,premium
Jesus Maria,196.0,4,3,7.0,0,5560.0,premium
Ate,63.6,1,1,23.0,0,1710.0,moderado
Miraflores,43.2,4,2,17.0,1,4810.0,premium
Barranco,164.9,2,2,8.0,1,5390.0,premium
Magdalena,126.2,5,2,,1,4010.0,premium
Lince,140.3,2,2,0.0,0,3840.0,premium
Pueblo Libre,77.4,4,2,38.0,1,2960.0,moderado
San Borja,149.1,3,2,30.0,1,5180.0,premium
Chorrillos,105.7,1,1,31.0,1,2240.0,moderado
Pueblo Libre,179.9,5,2,1.0,1,5420.0,premium
Ate,87.0,1,1,3.0,0,2560.0,moderado
Surco,84.3,4,3,,1,5380.0,premium
San Borja,73.5,4,1,36.0,1,4090.0,premium
Pueblo Libre,61.2,2,1,22.0,1,2700.0,moderado
Miraflores,124.5,2,2,3.0,1,6370.0,premium
Lince,109.2,4,3,39.0,1,3090.0,premium
Pueblo Libre,178.8,1,1,16.0,0,3850.0,premium
Surco,67.0,5,1,23.0,0,4200.0,premium
SAN BORJA,130.1,4,1,11.0,1,5510.0,premium
San Borja,121.6,1,1,10.0,0,4390.0,premium
Carabayllo,,1,1,24.0,1,3460.0,premium
Surco,99.1,2,1,3.0,1,5120.0,premium
Pueblo Libre,205.4,5,2,34.0,1,4870.0,premium
San Juan de Lurigancho,150.4,5,1,14.0,1,3640.0,premium
Barranco,113.9,5,1,20.0,1,4720.0,premium
Carabayllo,81.5,5,1,7.0,1,3030.0,premium
Magdalena,208.8,4,2,27.0,0,4900.0,premium
SAN JUAN DE LURIGANCHO,,4,1,23.0,1,2410.0,moderado
La Molina,,4,3,13.0,0,4950.0,premium
Lince,191.8,4,2,4.0,1,5040.0,premium
San Miguel,140.1,1,1,10.0,1,4030.0,premium
San Borja,175.2,4,3,35.0,1,5420.0,premium
San Isidro,67.4,5,1,10.0,1,6200.0,premium
Chorrillos,73.8,3,2,11.0,1,3110.0,premium
Jesus Maria,115.2,2,1,37.0,0,2600.0,moderado
Surco,,4,2,37.0,1,4800.0,premium
Ate,113.7,1,1,3.0,1,2960.0,moderado
LA MOLINA,96.8,2,2,14.0,1,4910.0,premium
La Molina,169.9,2,1,28.0,0,4940.0,premium
pueblo libre,133.5,4,1,7.0,1,4220.0,premium
Jesus Maria,123.6,1,1,1.0,0,3790.0,premium
Pueblo Libre,96.0,3,3,27.0,0,2990.0,moderado
La Molina,125.1,1,1,18.0,1,4530.0,premium
San Juan de Lurigancho,205.6,3,3,26.0,0,3530.0,premium
Magdalena,152.4,3,3,11.0,1,4890.0,premium
Ate,163.1,1,1,30.0,0,2670.0,moderado
Pueblo Libre,187.4,5,1,8.0,0,5010.0,premium
Carabayllo,196.6,5,1,18.0,1,3990.0,premium
Miraflores,,4,1,15.0,1,5550.0,premium
San Juan de Lurigancho,93.4,3,2,35.0,0,1840.0,moderado
Carabayllo,50.1,2,2,39.0,1,1090.0,economico
Ate,179.2,1,1,38.0,1,2400.0,moderado
Jesus Maria,111.6,3,2,35.0,0,3290.0,premium
Barranco,59.0,5,3,10.0,0,4550.0,premium
Barranco,203.1,5,2,,0,5920.0,premium
Surco,65.0,1,1,30.0,0,3470.0,premium
San Borja,177.4,2,2,24.0,0,5380.0,premium
Lince,152.9,5,2,39.0,0,3520.0,premium
Magdalena,116.4,3,3,37.0,1,3530.0,premium
Carabayllo,116.9,5,1,18.0,1,3040.0,premium
Lince,52.9,3,1,28.0,1,2250.0,moderado
Pueblo Libre,57.5,5,2,28.0,1,2970.0,moderado
San Miguel,181.9,5,1,34.0,1,4300.0,premium
Barranco,86.3,1,1,3.0,1,4220.0,premium
La Molina,110.3,1,1,9.0,1,4590.0,premium
Barranco,168.8,5,1,7.0,1,5920.0,premium
Pueblo Libre,120.6,1,1,,1,3000.0,moderado
Ate,149.9,4,3,14.0,1,3610.0,premium
Magdalena,183.5,2,2,3.0,1,5220.0,premium
Ate,214.5,4,3,6.0,1,5170.0,premium
La Molina,78.8,3,2,35.0,0,3670.0,premium
San Isidro,132.6,1,1,34.0,0,5110.0,premium
Miraflores,216.7,1,1,11.0,0,6430.0,premium
Magdalena,139.3,2,1,22.0,1,4060.0,premium
Ate,51.4,3,3,3.0,0,2480.0,moderado
San Juan de Lurigancho,83.6,5,3,5.0,1,3430.0,premium
Lince,86.4,5,3,12.0,0,3760.0,premium
La Molina,82.7,3,3,35.0,1,4180.0,premium
Chorrillos,42.8,4,3,3.0,1,3230.0,premium
ATE,77.6,2,1,15.0,1,2620.0,moderado
Surco,134.8,4,1,30.0,1,4830.0,premium
Barranco,137.1,5,1,1.0,0,5110.0,premium
Chorrillos,190.3,1,1,27.0,0,3360.0,premium
San Borja,84.2,2,2,21.0,1,4220.0,premium
San Miguel,212.4,5,3,19.0,0,42614.0,premium
San Miguel,204.6,5,3,35.0,0,4580.0,premium
San Miguel,114.4,2,2,,0,3310.0,premium
san isidro,,5,3,26.0,1,5840.0,premium
San Borja,195.8,3,1,0.0,1,6310.0,premium
Magdalena,42.6,2,2,,0,2650.0,moderado
Magdalena,83.3,4,1,12.0,0,3960.0,premium
Pueblo Libre,71.1,1,1,39.0,0,1880.0,moderado
Carabayllo,,1,1,33.0,0,910.0,economico
Magdalena,150.8,2,2,8.0,1,4740.0,premium
Surco,156.2,3,3,30.0,1,5210.0,premium
San Borja,62.9,4,1,24.0,1,4190.0,premium
Ate,174.8,1,1,,1,3570.0,premium
Chorrillos,201.2,2,2,2.0,0,4700.0,premium
Surco,70.8,5,1,30.0,1,4490.0,premium
San Isidro,107.0,5,3,31.0,1,5950.0,premium
San Borja,,3,1,,1,5820.0,premium
Miraflores,,5,1,27.0,0,5140.0,premium
Miraflores,197.8,3,1,10.0,0,6750.0,premium
Lince,122.1,4,3,12.0,1,3890.0,premium
Lince,218.0,1,1,36.0,0,3330.0,premium
Ate,133.1,3,1,0.0,1,3830.0,premium
San Borja,128.1,4,3,27.0,1,5080.0,premium
Pueblo Libre,88.0,3,3,,1,4190.0,premium
La Molina,195.8,2,1,9.0,1,5870.0,premium
Lince,198.5,5,1,10.0,0,35668.0,premium
Miraflores,214.1,4,1,,1,6450.0,premium
San Borja,86.8,5,1,1.0,0,5050.0,premium
Jesus Maria,217.4,1,1,30.0,1,4710.0,premium
Chorrillos,88.5,4,2,33.0,0,2360.0,moderado
Jesus Maria,109.9,1,1,17.0,0,3010.0,premium
San Isidro,118.7,4,1,26.0,1,5920.0,premium
Ate,84.4,2,2,35.0,1,1950.0,moderado
San Juan de Lurigancho,44.7,2,2,2.0,1,2470.0,moderado
Magdalena,59.3,5,3,,0,4070.0,premium
Chorrillos,97.8,5,3,20.0,1,3910.0,premium
SAN MIGUEL,181.9,2,2,,0,3910.0,premium
Barranco,,5,3,32.0,0,3900.0,premium
San Borja,198.0,5,1,2.0,1,6460.0,premium
Miraflores,84.6,5,2,35.0,1,5060.0,premium
San Juan de Lurigancho,175.4,4,3,29.0,1,3550.0,premium
Pueblo Libre,193.1,5,3,28.0,1,4760.0,premium
Pueblo Libre,179.1,4,1,9.0,1,4920.0,premium
San Borja,119.5,5,2,14.0,1,5410.0,premium
Magdalena,55.4,5,3,22.0,1,3920.0,premium
Ate,159.8,2,2,,1,2810.0,moderado
San Isidro,41.8,3,1,25.0,1,4900.0,premium
Miraflores,153.0,5,1,0.0,1,7100.0,premium
Pueblo Libre,,4,2,30.0,0,33623.0,premium
Barranco,65.8,3,3,29.0,0,3510.0,premium
San Miguel,191.9,3,3,3.0,1,5370.0,premium
Pueblo Libre,74.4,2,2,,0,2730.0,moderado
San Isidro,103.1,2,1,,0,4980.0,premium
Ate,128.5,4,3,15.0,1,3340.0,premium
Jesus Maria,129.6,2,1,31.0,0,3110.0,premium
Chorrillos,82.2,1,1,34.0,1,1880.0,moderado
Jesus Maria,189.4,3,1,15.0,1,4960.0,premium
Pueblo Libre,99.1,4,1,7.0,1,4100.0,premium
San Juan de Lurigancho,82.4,5,2,9.0,1,3190.0,premium
San Miguel,47.3,1,1,26.0,1,2320.0,moderado
La Molina,118.3,4,1,37.0,1,4630.0,premium
Carabayllo,128.9,5,3,20.0,1,3570.0,premium
Ate,126.5,5,2,22.0,0,3060.0,premium
Jesus Maria,196.5,1,1,,1,4820.0,premium
Barranco,122.9,2,2,4.0,1,5200.0,premium
Pueblo Libre,,5,1,2.0,1,4720.0,premium
San Juan de Lurigancho,,5,3,16.0,1,3900.0,premium
San Miguel,,1,1,31.0,1,2440.0,moderado
San Miguel,64.0,3,1,36.0,1,2940.0,moderado
Pueblo Libre,116.8,1,1,,1,3390.0,premium
Magdalena,77.7,5,3,,1,4220.0,premium
Miraflores,134.6,5,2,17.0,1,6260.0,premium
Barranco,113.5,5,3,25.0,0,4700.0,premium
San Borja,194.9,5,3,35.0,0,5570.0,premium
La Molina,102.9,5,2,5.0,1,5540.0,premium
Pueblo Libre,207.5,4,2,,0,4130.0,premium
La Molina,55.4,5,2,21.0,1,4520.0,premium
Carabayllo,124.3,4,3,17.0,0,3020.0,premium
Lince,196.4,4,2,18.0,1,4860.0,premium
San Isidro,,5,3,24.0,0,6100.0,premium
Barranco,115.3,3,1,16.0,0,4400.0,premium
MAGDALENA,209.6,2,1,,0,5270.0,premium
LA MOLINA,108.3,5,2,30.0,0,4470.0,premium
Chorrillos,177.1,4,2,17.0,1,4400.0,premium
Miraflores,70.7,2,2,19.0,0,4780.0,premium
Barranco,49.5,3,1,38.0,1,3390.0,premium
Chorrillos,,1,1,8.0,0,3230.0,premium
Pueblo Libre,191.3,4,1,32.0,1,4460.0,premium
BARRANCO,213.3,1,1,0.0,1,6210.0,premium
La Molina,115.9,3,2,10.0,1,5020.0,premium
la molina,159.0,1,1,18.0,0,4780.0,premium
San Isidro,196.3,5,2,4.0,1,7930.0,premium
Chorrillos,101.0,3,2,0.0,0,3480.0,premium
Lince,58.6,5,3,5.0,1,3410.0,premium
Jesus Maria,66.8,3,3,23.0,1,3320.0,premium
Carabayllo,52.0,2,2,11.0,0,1930.0,moderado
Surco,135.9,5,2,22.0,1,5420.0,premium
Jesus Maria,188.3,3,1,,1,4230.0,premium
Jesus Maria,43.5,1,1,32.0,1,2030.0,moderado
San Isidro,159.6,2,2,13.0,1,6730.0,premium
San Borja,122.1,5,1,,0,5130.0,premium
Jesus Maria,130.2,2,1,8.0,1,4410.0,premium
Lince,86.3,3,3,37.0,1,2990.0,moderado
Jesus Maria,122.1,1,1,39.0,1,3130.0,premium
La Molina,51.3,5,3,27.0,0,4000.0,premium
Lince,193.8,1,1,,1,4490.0,premium
San Juan de Lurigancho,207.3,3,1,9.0,1,4390.0,premium
La Molina,120.3,5,2,11.0,1,5490.0,premium
San Miguel,106.1,5,3,4.0,1,4610.0,premium
San Juan de Lurigancho,189.7,1,1,14.0,0,2990.0,moderado
surco,174.6,2,1,30.0,0,4960.0,premium
San Juan de Lurigancho,51.0,2,2,,1,2350.0,moderado
Pueblo Libre,153.7,4,3,,1,3790.0,premium
Miraflores,50.5,1,1,16.0,1,4400.0,premium
Lince,142.0,1,1,38.0,1,2620.0,moderado
San Miguel,179.1,2,2,7.0,1,4640.0,premium
Pueblo Libre,168.4,4,1,16.0,0,4440.0,premium
Barranco,178.6,5,3,6.0,0,6070.0,premium
San Juan de Lurigancho,177.0,3,2,,1,3430.0,premium
Chorrillos,76.0,1,1,35.0,1,1990.0,moderado
Lince,89.2,2,2,26.0,0,2620.0,moderado
Barranco,67.4,3,2,6.0,0,4140.0,premium
Chorrillos,96.3,5,3,11.0,0,60172.0,premium
La Molina,60.2,3,1,17.0,0,4120.0,premium
Miraflores,199.5,3,3,7.0,1,7090.0,premium
Pueblo Libre,180.2,3,1,34.0,1,3770.0,premium
Ate,190.9,3,1,28.0,0,3110.0,premium
San Miguel,166.1,2,2,10.0,1,4300.0,premium
Pueblo Libre,174.4,1,1,12.0,1,4250.0,premium
Jesus Maria,183.6,3,1,25.0,0,4390.0,premium
san isidro,88.8,5,3,26.0,1,6150.0,premium
San Isidro,210.8,5,3,21.0,1,7300.0,premium
Carabayllo,74.3,4,1,,1,2740.0,moderado
Jesus Maria,123.7,3,2,7.0,1,55395.0,premium
Chorrillos,43.1,5,1,19.0,0,2460.0,moderado
La Molina,194.3,3,3,5.0,1,6190.0,premium
Miraflores,103.9,3,3,6.0,1,6140.0,premium
Miraflores,134.9,2,2,24.0,1,5540.0,premium
Lince,101.0,1,1,9.0,0,2960.0,moderado
San Borja,65.9,4,2,4.0,1,5120.0,premium
Chorrillos,160.8,1,1,3.0,0,3630.0,premium
Barranco,,3,1,1.0,1,5870.0,premium
Barranco,83.9,3,1,21.0,0,3890.0,premium
San Juan de Lurigancho,72.9,1,1,7.0,0,1850.0,moderado
Miraflores,59.5,3,3,16.0,0,4920.0,premium
Pueblo Libre,88.9,3,2,36.0,0,2610.0,moderado
Barranco,47.8,4,2,6.0,0,35078.0,premium
Magdalena,90.2,3,3,25.0,1,3560.0,premium
Surco,121.6,3,2,12.0,1,5450.0,premium
Carabayllo,155.1,3,2,33.0,0,2480.0,moderado
Magdalena,122.5,4,2,31.0,0,3570.0,premium
San Miguel,53.2,1,1,,1,2820.0,moderado
Surco,215.8,2,2,36.0,1,5420.0,premium
la molina,151.2,4,3,,1,4990.0,premium
La Molina,158.6,1,1,29.0,1,4480.0,premium
Lince,200.7,2,2,1.0,1,4750.0,premium
san miguel,130.6,2,1,13.0,1,3820.0,premium
La Molina,,4,2,16.0,1,5020.0,premium
Chorrillos,150.7,4,3,,0,3910.0,premium
lince,159.1,1,1,26.0,1,3300.0,premium
La Molina,113.9,4,2,36.0,1,4460.0,premium
San Borja,153.7,2,2,17.0,1,5200.0,premium
Surco,122.9,3,3,16.0,1,5250.0,premium
San Borja,183.9,5,2,31.0,1,5370.0,premium
San Borja,,4,2,12.0,1,5620.0,premium
San Borja,201.5,1,1,30.0,1,5220.0,premium
San Miguel,205.2,5,2,36.0,1,4700.0,premium
San Miguel,49.7,4,3,15.0,1,3410.0,premium
San Juan de Lurigancho,74.7,4,1,2.0,1,3050.0,premium
Carabayllo,207.8,4,3,37.0,1,3480.0,premium
Miraflores,212.3,4,3,2.0,1,7630.0,premium
Pueblo Libre,83.4,5,3,1.0,0,4250.0,premium
Chorrillos,128.0,2,1,0.0,1,3410.0,premium
Chorrillos,89.4,5,1,33.0,1,2820.0,moderado
Surco,134.8,2,2,12.0,1,5290.0,premium
Miraflores,59.9,5,2,22.0,1,5040.0,premium
San Borja,89.4,3,1,25.0,0,3890.0,premium
san isidro,146.4,2,2,21.0,1,6100.0,premium
San Isidro,44.5,5,1,25.0,1,5070.0,premium
Ate,192.5,2,2,27.0,1,3560.0,premium
San Isidro,180.8,3,3,33.0,1,6410.0,premium
Surco,72.2,4,1,13.0,1,5050.0,premium
San Isidro,143.4,4,2,1.0,1,6940.0,premium
Miraflores,78.1,5,3,26.0,1,5330.0,premium
Pueblo Libre,170.4,3,1,4.0,1,4860.0,premium
San Isidro,207.4,1,1,23.0,1,6380.0,premium
Jesus Maria,145.4,2,2,8.0,0,4080.0,premium
San Isidro,198.4,3,3,7.0,1,7770.0,premium
Barranco,59.2,2,2,8.0,1,4080.0,premium
Ate,196.1,2,2,18.0,0,3610.0,premium
San Juan de Lurigancho,92.3,5,2,29.0,1,2550.0,moderado
San Borja,215.1,2,1,10.0,1,6060.0,premium
Carabayllo,194.3,5,1,37.0,1,3340.0,premium
Jesus Maria,159.0,1,1,15.0,1,3660.0,premium
Lince,177.8,2,1,12.0,0,4020.0,premium
San Miguel,197.1,5,1,6.0,1,5360.0,premium
Jesus Maria,,1,1,6.0,1,2750.0,moderado
Magdalena,108.4,1,1,6.0,0,3790.0,premium
San Juan de Lurigancho,68.0,4,2,2.0,1,3020.0,premium
Chorrillos,45.6,3,2,13.0,1,2780.0,moderado
Barranco,75.7,4,3,23.0,1,4710.0,premium
Chorrillos,72.7,3,1,13.0,1,2760.0,moderado
Ate,158.2,1,1,23.0,0,2590.0,moderado
PUEBLO LIBRE,59.3,3,1,15.0,1,2980.0,moderado
chorrillos,86.7,1,1,8.0,1,2740.0,moderado
Lince,43.7,5,3,14.0,1,3500.0,premium
Miraflores,44.1,1,1,11.0,1,4800.0,premium
Surco,71.6,4,3,,1,4510.0,premium
Surco,144.6,5,3,8.0,0,5950.0,premium
Carabayllo,173.0,2,2,15.0,1,3200.0,premium
Ate,130.2,1,1,6.0,1,3310.0,premium
San Juan de Lurigancho,138.4,2,1,8.0,1,3130.0,premium
Ate,146.6,5,1,35.0,1,3190.0,premium
San Juan de Lurigancho,140.2,4,2,36.0,1,2780.0,moderado
Magdalena,96.7,1,1,17.0,1,3250.0,premium
Lince,81.0,2,2,4.0,0,3020.0,premium
Lince,178.4,5,1,36.0,1,4020.0,premium
Barranco,205.6,3,2,,0,5510.0,premium
Ate,42.9,4,2,,1,2580.0,moderado
San Isidro,116.4,1,1,10.0,0,5490.0,premium
San Isidro,106.2,3,2,8.0,1,6130.0,premium
Carabayllo,173.9,3,3,1.0,1,4070.0,premium
Chorrillos,160.6,3,3,,0,4300.0,premium
Ate,188.8,1,1,11.0,0,3600.0,premium
Jesus Maria,64.6,1,1,28.0,0,2260.0,moderado
jesus maria,75.9,4,2,19.0,1,3570.0,premium
Surco,163.0,3,1,33.0,1,5000.0,premium
Surco,107.7,3,2,8.0,0,4970.0,premium
Surco,111.4,2,2,29.0,1,4340.0,premium
Chorrillos,170.8,3,1,39.0,1,3230.0,premium
Pueblo Libre,149.1,4,3,32.0,1,4000.0,premium
Ate,178.4,2,2,1.0,0,3990.0,premium
BARRANCO,56.8,1,1,4.0,1,3940.0,premium
San Borja,99.4,5,3,33.0,1,5130.0,premium
Ate,167.5,5,3,14.0,1,4130.0,premium
San Miguel,197.7,4,3,35.0,1,4760.0,premium
Chorrillos,97.5,3,2,6.0,1,3630.0,premium
Barranco,190.5,3,2,12.0,1,5770.0,premium
San Isidro,157.9,5,3,11.0,1,7450.0,premium
Barranco,97.6,4,3,10.0,1,5080.0,premium
La Molina,,4,3,14.0,1,5070.0,premium
La Molina,,3,1,10.0,0,4050.0,premium
Miraflores,42.0,1,1,,1,3880.0,premium
San Isidro,140.4,3,3,,0,6360.0,premium
San Juan de Lurigancho,57.6,3,2,21.0,1,2200.0,moderado
Barranco,193.5,2,2,10.0,1,5810.0,premium
Lince,207.6,3,1,10.0,1,4790.0,premium
Ate,118.1,4,1,29.0,1,2840.0,moderado
Lince,105.7,4,1,9.0,1,3730.0,premium
Carabayllo,98.5,1,1,16.0,1,2230.0,moderado
Magdalena,56.6,4,1,3.0,1,4050.0,premium
San Isidro,,2,2,37.0,0,6320.0,premium
Ate,107.6,5,1,8.0,1,3200.0,premium
Miraflores,55.8,4,1,24.0,1,4740.0,premium
Ate,116.8,5,2,,1,3530.0,premium
barranco,149.4,3,1,,1,4760.0,premium
San Juan de Lurigancho,45.1,4,2,28.0,1,1900.0,moderado
Lince,87.4,2,1,23.0,1,2740.0,moderado
San Juan de Lurigancho,204.9,1,1,7.0,0,3610.0,premium
Magdalena,76.3,5,3,13.0,1,4330.0,premium
Miraflores,86.3,1,1,6.0,1,5250.0,premium
Pueblo Libre,112.6,3,1,16.0,0,3250.0,premium
La Molina,91.5,2,2,6.0,0,4470.0,premium
San Borja,64.3,1,1,17.0,1,3850.0,premium
San Juan de Lurigancho,88.5,3,1,17.0,1,2440.0,moderado
Pueblo Libre,171.6,2,1,29.0,1,3820.0,premium
Ate,,1,1,28.0,0,3210.0,premium
Magdalena,211.5,3,2,32.0,1,4560.0,premium
Pueblo Libre,136.7,4,1,18.0,1,3980.0,premium
San Borja,124.3,4,3,31.0,0,4730.0,premium
Miraflores,186.8,4,1,,1,6680.0,premium
La Molina,157.2,1,1,20.0,0,4510.0,premium
San Miguel,82.9,5,3,12.0,1,4430.0,premium
Barranco,166.9,3,2,29.0,1,4800.0,premium
San Borja,67.2,1,1,7.0,1,4190.0,premium
Ate,107.7,5,2,,0,2850.0,moderado
San Juan de Lurigancho,,4,2,14.0,1,2860.0,moderado
Jesus Maria,204.2,1,1,8.0,1,54205.0,premium
La Molina,,1,1,,1,4000.0,premium
San Miguel,57.5,2,1,4.0,1,3390.0,premium
Jesus Maria,149.8,2,2,31.0,1,3750.0,premium
Magdalena,168.3,4,2,23.0,0,4120.0,premium
Lince,173.0,2,1,20.0,0,3800.0,premium
Lince,102.1,2,2,7.0,1,3470.0,premium
Lince,129.7,2,2,6.0,1,3910.0,premium
Ate,63.0,4,2,37.0,1,2210.0,moderado
Miraflores,179.4,3,1,36.0,0,5610.0,premium
Carabayllo,50.0,2,1,16.0,1,1830.0,moderado
San Isidro,85.2,4,1,33.0,1,5430.0,premium
Miraflores,50.5,2,1,0.0,0,4810.0,premium
Barranco,60.4,1,1,35.0,0,2380.0,moderado
Pueblo Libre,81.7,5,1,27.0,0,2960.0,moderado
Pueblo Libre,83.1,5,3,9.0,0,3690.0,premium
Miraflores,219.3,3,2,,0,6520.0,premium
Ate,,3,1,15.0,0,1790.0,moderado
San Isidro,160.6,5,2,10.0,0,6940.0,premium
Chorrillos,57.2,4,2,24.0,1,2690.0,moderado
Miraflores,114.5,1,1,21.0,1,5130.0,premium
Surco,175.2,1,1,35.0,1,4780.0,premium
Chorrillos,73.7,3,1,1.0,0,2920.0,moderado
Jesus Maria,116.8,1,1,,1,3150.0,premium
Miraflores,175.1,1,1,2.0,0,6020.0,premium
San Isidro,51.2,1,1,6.0,1,5300.0,premium
La Molina,162.6,5,3,30.0,0,5420.0,premium
Barranco,69.6,2,1,22.0,1,3490.0,premium
Pueblo Libre,45.8,5,2,20.0,0,3040.0,premium
Pueblo Libre,63.5,4,1,2.0,0,3490.0,premium
Pueblo Libre,106.2,4,1,11.0,0,3700.0,premium
Pueblo Libre,47.7,5,1,0.0,1,3600.0,premium
La Molina,58.8,3,3,31.0,1,3780.0,premium
San Isidro,121.3,3,1,1.0,1,6670.0,premium
Lince,53.4,3,2,21.0,0,2460.0,moderado
Lince,207.0,4,3,32.0,0,4220.0,premium
carabayllo,59.5,1,1,31.0,0,1220.0,economico
San Borja,133.9,3,1,11.0,0,4770.0,premium
Magdalena,204.6,5,2,17.0,1,5750.0,premium
Lince,204.8,3,1,27.0,1,4150.0,premium
Carabayllo,105.0,1,1,18.0,0,1870.0,moderado
Jesus Maria,153.2,4,1,30.0,1,3990.0,premium
Pueblo Libre,146.3,4,1,31.0,1,3510.0,premium
San Juan de Lurigancho,202.9,2,1,14.0,0,3350.0,premium
Magdalena,178.9,1,1,15.0,1,4450.0,premium
Lince,78.0,4,2,,1,2760.0,moderado
Magdalena,156.0,4,2,8.0,0,5060.0,premium
Pueblo Libre,42.0,3,2,18.0,1,3010.0,premium
San Juan de Lurigancho,146.9,2,1,39.0,0,2090.0,moderado
Barranco,,3,1,11.0,1,5670.0,premium
San Juan de Lurigancho,124.2,4,3,21.0,0,3190.0,premium
Surco,208.6,3,2,,1,5960.0,premium
Magdalena,42.0,4,1,12.0,0,3560.0,premium
Carabayllo,165.8,5,3,24.0,1,3710.0,premium
Lince,51.4,3,1,13.0,1,2910.0,moderado
San Miguel,104.3,2,2,19.0,1,3510.0,premium
Lince,154.7,4,3,27.0,0,3670.0,premium
Lince,172.7,4,1,7.0,1,4400.0,premium
Jesus Maria,152.6,4,1,13.0,1,4670.0,premium
Magdalena,189.9,1,1,8.0,1,4660.0,premium
Ate,111.8,1,1,35.0,1,2150.0,moderado
La Molina,167.7,2,2,8.0,0,5210.0,premium
La Molina,169.8,1,1,15.0,0,4960.0,premium
Ate,,3,3,5.0,1,4440.0,premium
Jesus Maria,,3,1,32.0,0,2810.0,moderado
Magdalena,45.0,4,2,11.0,1,3760.0,premium
Pueblo Libre,151.9,4,1,,0,3640.0,premium
La Molina,113.0,5,3,25.0,1,5260.0,premium
san isidro,216.3,2,2,15.0,1,7290.0,premium
Magdalena,214.2,5,3,37.0,1,5330.0,premium
San Isidro,192.6,3,2,23.0,1,6860.0,premium
San Borja,120.5,2,1,30.0,1,4410.0,premium
Pueblo Libre,215.0,2,2,0.0,0,5170.0,premium
San Isidro,164.3,3,3,26.0,1,6460.0,premium
San Borja,176.6,5,1,35.0,1,5500.0,premium
Barranco,171.7,5,2,37.0,1,5080.0,premium
Magdalena,217.2,4,1,3.0,1,5610.0,premium
Ate,69.4,3,3,25.0,0,2010.0,moderado
Chorrillos,43.2,1,1,7.0,0,2340.0,moderado
Ate,61.9,2,1,5.0,0,2020.0,moderado
San Isidro,104.8,4,1,30.0,1,5720.0,premium
Miraflores,55.0,2,2,34.0,0,4100.0,premium
Ate,62.8,1,1,2.0,0,2180.0,moderado
SAN BORJA,214.5,3,3,21.0,1,6190.0,premium
San Miguel,67.2,5,2,,0,3090.0,premium
Barranco,98.8,5,1,6.0,1,5030.0,premium
San Miguel,85.1,2,1,36.0,1,2590.0,moderado
La Molina,195.1,3,3,30.0,0,5310.0,premium
La Molina,,2,1,24.0,1,3230.0,premium
Carabayllo,101.5,1,1,2.0,1,2710.0,moderado
Jesus Maria,54.1,3,2,27.0,1,3170.0,premium
Chorrillos,106.2,3,1,11.0,1,3150.0,premium
San Isidro,,1,1,0.0,0,5810.0,premium
Carabayllo,159.2,1,1,30.0,1,2570.0,moderado
Surco,202.2,2,2,22.0,1,5770.0,premium
San Juan de Lurigancho,,4,1,25.0,0,2140.0,moderado
La Molina,172.0,3,2,3.0,1,5830.0,premium
Barranco,212.5,1,1,,1,5380.0,premium
San Borja,166.1,1,1,4.0,0,5390.0,premium
San Miguel,183.7,5,3,,1,5150.0,premium
Jesus Maria,128.2,3,3,8.0,0,4250.0,premium
San Juan de Lurigancho,194.4,1,1,30.0,1,2670.0,moderado
Chorrillos,86.9,1,1,35.0,0,1700.0,moderado
Barranco,119.9,1,1,4.0,1,4880.0,premium
Pueblo Libre,215.0,2,2,,0,4410.0,premium
San Miguel,131.7,2,1,39.0,1,3240.0,premium
Carabayllo,74.7,3,1,15.0,0,2050.0,moderado
Jesus Maria,94.8,5,1,25.0,1,3760.0,premium
Surco,,2,2,31.0,1,5490.0,premium
Barranco,45.0,3,3,0.0,1,4580.0,premium
San Isidro,48.9,1,1,14.0,1,4640.0,premium
Barranco,202.9,4,2,31.0,1,5610.0,premium
La Molina,190.8,1,1,6.0,1,5710.0,premium
San Isidro,51.9,1,1,23.0,1,4690.0,premium
Surco,171.6,2,2,10.0,1,5990.0,premium
Surco,58.2,2,1,26.0,0,3540.0,premium
Pueblo Libre,169.7,3,1,28.0,1,4190.0,premium
Pueblo Libre,73.0,4,1,10.0,0,3450.0,premium
La Molina,99.9,2,1,26.0,1,4200.0,premium
La Molina,46.6,1,1,35.0,1,49220.0,premium
SURCO,120.1,1,1,,0,4850.0,premium
San Isidro,107.9,4,1,38.0,1,5470.0,premium
San Juan de Lurigancho,75.9,3,2,27.0,1,2140.0,moderado
San Juan de Lurigancho,171.6,4,3,25.0,1,3670.0,premium
San Borja,219.0,1,1,,1,5630.0,premium
La Molina,149.5,1,1,29.0,1,4470.0,premium
San Miguel,90.8,3,2,36.0,0,57965.0,moderado
Barranco,199.9,2,1,39.0,1,4770.0,premium
La Molina,218.7,5,3,15.0,1,6830.0,premium
Miraflores,117.1,2,2,29.0,1,5230.0,premium
Jesus Maria,77.7,5,2,30.0,0,3260.0,premium
Surco,67.9,3,2,9.0,1,4790.0,premium
San Juan de Lurigancho,62.1,4,3,,1,2200.0,moderado
Magdalena,157.4,5,1,4.0,1,5400.0,premium
Barranco,,3,3,35.0,0,4730.0,premium
La Molina,56.0,2,1,10.0,1,3950.0,premium
Chorrillos,170.3,5,1,28.0,0,3900.0,premium
San Miguel,134.8,2,2,10.0,1,4250.0,premium
San Isidro,214.0,2,1,9.0,1,7230.0,premium
Barranco,152.8,1,1,3.0,0,4690.0,premium
La Molina,147.9,3,2,33.0,1,5070.0,premium
San Miguel,185.9,4,3,17.0,1,5080.0,premium
San Miguel,157.3,1,1,7.0,1,3850.0,premium
Ate,196.1,3,2,34.0,0,3420.0,premium
La Molina,88.9,5,2,9.0,0,5160.0,premium
Ate,160.0,3,1,,1,3060.0,premium
San Miguel,174.3,4,1,30.0,1,4210.0,premium
San Borja,98.4,4,1,17.0,1,53180.0,premium
Chorrillos,71.1,1,1,9.0,1,2680.0,moderado
Miraflores,158.3,3,2,4.0,0,6300.0,premium
Magdalena,147.2,4,1,7.0,1,4690.0,premium
Ate,165.2,3,1,33.0,1,2700.0,moderado
Chorrillos,70.8,5,1,0.0,0,3330.0,premium
Magdalena,163.6,1,1,18.0,1,4130.0,premium
San Juan de Lurigancho,158.7,4,3,22.0,1,3740.0,premium
Barranco,45.1,3,2,22.0,0,3460.0,premium
Carabayllo,105.9,3,1,28.0,1,2380.0,moderado
La Molina,,4,2,10.0,1,4420.0,premium
magdalena,201.2,5,2,5.0,0,5510.0,premium
LINCE,,3,3,11.0,1,4620.0,premium
Magdalena,111.2,3,2,36.0,0,3210.0,premium
Barranco,209.6,2,2,20.0,1,5550.0,premium
Chorrillos,154.1,3,1,17.0,1,3570.0,premium
Barranco,189.9,2,2,15.0,1,5500.0,premium
San Borja,122.7,1,1,32.0,1,4360.0,premium
Magdalena,208.1,2,2,37.0,1,4310.0,premium
Barranco,99.6,2,2,20.0,1,4190.0,premium
San Miguel,138.2,1,1,32.0,0,2910.0,moderado
Ate,133.7,5,1,4.0,1,3960.0,premium
Carabayllo,137.9,3,3,13.0,0,3010.0,premium
Ate,205.6,4,2,20.0,0,4020.0,premium
Barranco,147.1,3,3,31.0,1,4720.0,premium
La Molina,178.1,1,1,38.0,1,4750.0,premium
San Isidro,68.2,5,1,15.0,0,5820.0,premium
Lince,84.3,3,2,29.0,0,2510.0,moderado
Surco,101.9,4,2,39.0,1,4160.0,premium
La Molina,216.3,1,1,8.0,1,5790.0,premium
San Borja,139.3,3,3,31.0,1,4750.0,premium
San Isidro,185.8,2,1,31.0,0,6030.0,premium
Lince,202.3,1,1,24.0,0,3670.0,premium
La Molina,43.9,1,1,36.0,1,3110.0,premium
San Isidro,182.3,2,1,39.0,1,5870.0,premium
La Molina,98.6,3,1,5.0,1,5050.0,premium
San Juan de Lurigancho,216.3,3,1,9.0,0,3980.0,premium
San Borja,,4,2,19.0,0,5710.0,premium
San Miguel,119.2,1,1,7.0,1,3740.0,premium
SAN JUAN DE LURIGANCHO,190.1,4,2,1.0,1,4510.0,premium
Ate,181.7,4,3,24.0,0,4120.0,premium
SAN MIGUEL,190.7,1,1,25.0,1,4300.0,premium
Surco,,5,3,,0,6470.0,premium
Pueblo Libre,57.6,4,3,32.0,0,2690.0,moderado
Miraflores,207.5,3,3,3.0,1,7210.0,premium
San Juan de Lurigancho,146.2,4,3,17.0,1,3540.0,premium
San Borja,118.0,4,1,17.0,1,5380.0,premium
Carabayllo,,2,2,31.0,1,1610.0,moderado
Lince,202.0,1,1,18.0,1,4130.0,premium
San Borja,83.7,1,1,10.0,1,4330.0,premium
Magdalena,63.1,2,2,29.0,0,2980.0,moderado
Magdalena,113.0,3,3,24.0,0,3750.0,premium
San Borja,175.6,5,1,27.0,0,5370.0,premium
SAN MIGUEL,106.4,5,2,1.0,0,4290.0,premium
Lince,183.6,5,2,32.0,1,4200.0,premium
San Juan de Lurigancho,98.1,4,1,14.0,1,2710.0,moderado
Carabayllo,107.6,4,1,25.0,0,2520.0,moderado
Jesus Maria,154.3,4,3,5.0,0,4860.0,premium
Miraflores,177.9,1,1,21.0,1,6000.0,premium
Carabayllo,201.8,4,2,23.0,1,3880.0,premium
Pueblo Libre,112.7,2,2,28.0,0,3000.0,moderado
Lince,134.3,1,1,35.0,1,2410.0,moderado
San Borja,129.3,2,2,8.0,0,4910.0,premium
Carabayllo,109.1,2,2,30.0,0,1770.0,moderado
Magdalena,76.1,1,1,20.0,1,3220.0,premium
Ate,115.3,2,2,20.0,1,2470.0,moderado
Jesus Maria,99.4,1,1,29.0,0,2950.0,moderado
Surco,73.6,3,1,31.0,1,3860.0,premium
San Borja,207.7,1,1,7.0,1,6030.0,premium
Carabayllo,,3,3,22.0,1,2990.0,moderado
Lince,200.1,4,1,28.0,1,4410.0,premium
Carabayllo,199.9,4,2,21.0,1,4100.0,premium
Surco,178.9,1,1,28.0,1,4920.0,premium
San Borja,164.7,2,1,,1,4680.0,premium
Carabayllo,163.2,5,1,1.0,1,4110.0,premium
San Juan de Lurigancho,126.7,2,1,16.0,1,2720.0,moderado
Carabayllo,124.9,4,2,18.0,1,3070.0,premium
Ate,143.4,3,1,39.0,1,2830.0,moderado
Carabayllo,81.4,4,1,37.0,1,1810.0,moderado
La Molina,85.3,2,2,34.0,0,3490.0,premium
Miraflores,163.6,5,3,,1,6720.0,premium
Surco,214.5,4,3,27.0,1,43824.0,premium
San Borja,149.5,5,3,5.0,1,6080.0,premium
San Borja,53.3,5,3,37.0,0,3900.0,premium
Miraflores,119.2,5,1,32.0,0,5330.0,premium
Ate,91.3,5,3,27.0,1,3120.0,premium
San Juan de Lurigancho,131.9,4,3,31.0,1,3110.0,premium
San Juan de Lurigancho,,5,3,30.0,1,4380.0,premium
Pueblo Libre,181.4,3,2,8.0,0,4590.0,premium
Miraflores,173.8,1,1,33.0,1,5490.0,premium
San Juan de Lurigancho,61.3,4,1,33.0,1,1730.0,moderado
San Isidro,87.8,4,3,35.0,0,5230.0,premium
Chorrillos,58.0,2,2,28.0,1,2260.0,moderado
Surco,141.1,4,2,10.0,1,5640.0,premium
San Isidro,151.7,2,1,5.0,1,6370.0,premium
Carabayllo,154.8,4,3,13.0,1,3480.0,premium
San Juan de Lurigancho,70.5,2,2,1.0,1,2640.0,moderado
Pueblo Libre,80.4,1,1,1.0,1,3560.0,premium
Jesus Maria,171.2,3,2,12.0,0,4800.0,premium
Magdalena,215.5,4,1,34.0,1,4870.0,premium
Miraflores,59.5,3,3,29.0,1,4690.0,premium
Lince,142.8,1,1,7.0,1,3880.0,premium
Ate,101.3,5,1,21.0,1,3220.0,premium
San Juan de Lurigancho,119.0,1,1,6.0,0,2830.0,moderado
Surco,184.5,1,1,21.0,1,5260.0,premium
Magdalena,157.8,1,1,10.0,1,4350.0,premium
Magdalena,66.3,1,1,38.0,0,1870.0,moderado
Magdalena,68.0,1,1,21.0,0,2730.0,moderado
Jesus Maria,218.1,4,1,27.0,1,4800.0,premium
San Isidro,198.5,3,1,30.0,1,6770.0,premium
Barranco,200.1,3,2,11.0,0,5590.0,premium
San Isidro,,2,2,33.0,1,5400.0,premium
Miraflores,157.3,1,1,32.0,1,5180.0,premium
Magdalena,174.7,3,1,39.0,1,4200.0,premium
Chorrillos,78.1,2,2,33.0,1,2310.0,moderado
Surco,55.9,5,1,33.0,1,3760.0,premium
SAN MIGUEL,,5,1,17.0,0,3800.0,premium
Jesus Maria,136.1,3,3,37.0,1,3980.0,premium
Carabayllo,108.8,2,2,11.0,0,2400.0,moderado
Barranco,56.2,1,1,26.0,0,2990.0,moderado
Chorrillos,96.4,2,2,20.0,1,3060.0,premium
Chorrillos,155.4,4,1,,1,3770.0,premium
San Juan de Lurigancho,210.4,3,3,39.0,1,3600.0,premium
Lince,119.8,4,3,36.0,0,3150.0,premium
Magdalena,66.0,2,2,27.0,1,2890.0,moderado
Pueblo Libre,219.3,2,2,7.0,0,5040.0,premium
Chorrillos,217.4,2,1,,0,4030.0,premium
Jesus Maria,73.6,2,2,35.0,0,60778.0,moderado
San Miguel,140.2,1,1,11.0,0,3580.0,premium
La Molina,48.2,3,2,24.0,1,3950.0,premium
Carabayllo,181.3,1,1,32.0,1,2840.0,moderado
Barranco,118.8,5,1,9.0,0,4940.0,premium
Jesus Maria,122.4,3,2,4.0,0,4480.0,premium
San Juan de Lurigancho,162.8,2,2,15.0,1,3250.0,premium
La Molina,207.7,2,2,,1,4960.0,premium
Surco,61.8,5,1,33.0,1,4170.0,premium
La Molina,126.4,3,2,0.0,1,5250.0,premium
San Borja,60.7,4,1,,0,3590.0,premium
San Isidro,211.6,5,1,20.0,1,7700.0,premium
Carabayllo,154.1,5,1,4.0,1,3820.0,premium
Pueblo Libre,150.3,3,3,2.0,0,4800.0,premium
Carabayllo,207.2,1,1,34.0,1,2860.0,moderado
Lince,85.5,3,1,11.0,0,3220.0,premium
Pueblo Libre,46.0,4,2,25.0,1,3070.0,premium
Jesus Maria,158.4,2,2,7.0,1,4880.0,premium
Magdalena,182.2,1,1,30.0,1,4150.0,premium
San Miguel,128.0,1,1,14.0,1,3420.0,premium
Chorrillos,173.5,5,3,1.0,0,4640.0,premium
San Borja,,1,1,,1,3740.0,premium
San Isidro,51.3,1,1,37.0,0,4350.0,premium
Miraflores,191.3,4,2,16.0,1,6700.0,premium
San Juan de Lurigancho,126.5,3,2,32.0,0,2270.0,moderado
San Borja,,5,1,25.0,1,4820.0,premium
Ate,145.2,5,1,4.0,0,3610.0,premium
Barranco,78.1,2,2,,1,3510.0,premium
Pueblo Libre,80.2,3,3,9.0,1,3710.0,premium
CHORRILLOS,,5,1,22.0,1,3280.0,premium
La Molina,140.6,2,1,3.0,1,5310.0,premium
San Miguel,161.3,3,3,14.0,1,4660.0,premium
Pueblo Libre,78.9,3,3,15.0,0,3470.0,premium
San Juan de Lurigancho,153.3,2,1,8.0,1,3200.0,premium
Jesus Maria,103.4,3,2,21.0,1,3390.0,premium
Carabayllo,170.5,3,3,20.0,1,3660.0,premium
Jesus Maria,197.3,5,3,23.0,1,5360.0,premium
Carabayllo,63.0,4,3,26.0,1,2230.0,moderado
San Miguel,205.6,2,2,18.0,0,4320.0,premium
Pueblo Libre,153.7,2,2,11.0,1,4270.0,premium
Ate,55.2,1,1,32.0,1,1440.0,economico
Miraflores,186.7,2,2,31.0,0,5630.0,premium
Carabayllo,58.0,3,2,30.0,1,1750.0,moderado
Lince,173.1,3,1,6.0,0,4170.0,premium
Chorrillos,218.6,5,2,33.0,1,4530.0,premium
Miraflores,111.0,3,1,38.0,0,4590.0,premium
Pueblo Libre,42.5,2,2,15.0,0,2540.0,moderado
Miraflores,57.1,3,1,25.0,1,4700.0,premium
Surco,215.4,1,1,36.0,1,5310.0,premium
Magdalena,140.8,1,1,38.0,0,2780.0,moderado
Barranco,112.9,2,2,24.0,0,4070.0,premium
Carabayllo,44.0,3,2,35.0,0,950.0,economico
La Molina,130.5,5,3,24.0,1,5360.0,premium
Pueblo Libre,208.9,2,1,9.0,0,4930.0,premium
Surco,60.6,4,1,6.0,1,4810.0,premium
Surco,79.8,2,2,30.0,1,4170.0,premium
Chorrillos,139.2,2,1,7.0,1,3660.0,premium
La Molina,169.0,4,3,29.0,1,5320.0,premium
Chorrillos,,3,1,11.0,0,3360.0,premium
La Molina,121.6,4,1,17.0,0,4780.0,premium
Chorrillos,206.6,1,1,,1,4220.0,premium
La Molina,181.2,1,1,17.0,1,5040.0,premium
Carabayllo,68.3,3,3,36.0,1,1780.0,moderado
carabayllo,75.1,5,2,31.0,1,2380.0,moderado
Barranco,110.2,3,2,,1,4230.0,premium
Jesus Maria,154.6,5,2,7.0,0,4900.0,premium
San Juan de Lurigancho,,1,1,22.0,1,1610.0,moderado
Surco,163.1,5,2,,1,5950.0,premium
Barranco,114.0,5,1,37.0,1,4200.0,premium
Pueblo Libre,,5,3,27.0,1,3070.0,premium
Miraflores,128.9,5,2,20.0,1,6100.0,premium
Ate,163.9,3,3,9.0,1,4060.0,premium
Miraflores,78.7,4,3,25.0,1,5000.0,premium
Ate,72.1,1,1,2.0,1,2400.0,moderado
Chorrillos,142.0,1,1,18.0,1,3420.0,premium
Surco,131.8,3,3,13.0,1,5570.0,premium
Carabayllo,102.4,4,1,20.0,1,2480.0,moderado
Miraflores,103.5,1,1,19.0,1,5290.0,premium
San Miguel,,4,1,6.0,1,3960.0,premium
Chorrillos,105.2,4,1,25.0,1,3100.0,premium
Surco,,5,1,39.0,1,5580.0,premium
San Miguel,210.7,1,1,1.0,0,4940.0,premium
Miraflores,209.7,2,2,18.0,1,6850.0,premium
PUEBLO LIBRE,149.2,3,1,33.0,1,3440.0,premium
San Borja,197.1,3,2,26.0,1,5900.0,premium
San Miguel,108.2,3,2,,1,4040.0,premium
Jesus Maria,125.6,2,2,23.0,1,3730.0,premium
Surco,72.4,2,1,34.0,1,3580.0,premium
Magdalena,58.1,1,1,29.0,0,2640.0,moderado
Barranco,115.0,5,2,24.0,0,4540.0,premium
La Molina,99.5,3,2,2.0,1,5160.0,premium
Ate,150.0,1,1,8.0,1,3410.0,premium
Pueblo Libre,128.9,2,2,19.0,1,3840.0,premium
San Borja,57.0,1,1,13.0,0,3780.0,premium
Chorrillos,,4,1,1.0,0,4580.0,premium
Magdalena,59.1,5,2,7.0,1,4170.0,premium
San Miguel,207.8,3,3,32.0,1,4990.0,premium
Carabayllo,149.1,2,2,35.0,0,2330.0,moderado
San Isidro,148.3,2,2,33.0,1,5600.0,premium
La Molina,,5,2,7.0,0,6200.0,premium
Miraflores,190.5,1,1,,1,6240.0,premium
barranco,99.9,1,1,11.0,0,4290.0,premium
Lince,199.3,1,1,15.0,1,4360.0,premium
San Borja,217.0,5,2,9.0,1,6920.0,premium
San Isidro,207.6,2,2,20.0,1,6800.0,premium
San Isidro,78.9,5,2,4.0,0,6060.0,premium
Ate,112.4,2,1,26.0,0,2000.0,moderado
Surco,,2,2,14.0,1,4310.0,premium
La Molina,187.5,2,2,13.0,1,5960.0,premium
Miraflores,83.5,2,2,11.0,0,5010.0,premium
Chorrillos,154.1,4,2,7.0,1,4300.0,premium
Pueblo Libre,203.9,1,1,29.0,0,3870.0,premium
La Molina,104.7,2,1,17.0,1,4630.0,premium
Lince,162.7,2,2,11.0,1,4020.0,premium
Carabayllo,126.7,2,2,10.0,0,2590.0,moderado
Jesus Maria,172.6,2,1,,1,3910.0,premium
Lince,,5,2,8.0,1,4110.0,premium
barranco,191.0,4,1,4.0,1,6110.0,premium
Pueblo Libre,147.3,2,2,14.0,1,4000.0,premium
Ate,67.6,2,1,38.0,1,1620.0,moderado
Magdalena,206.1,2,2,22.0,1,4760.0,premium
San Juan de Lurigancho,40.7,3,1,13.0,1,1830.0,moderado
La Molina,49.7,5,3,29.0,0,3960.0,premium
Ate,58.1,5,2,19.0,1,2690.0,moderado
La Molina,,1,1,22.0,0,4800.0,premium
Miraflores,139.1,3,3,5.0,1,6540.0,premium
SAN JUAN DE LURIGANCHO,,1,1,36.0,1,2750.0,moderado
La Molina,80.9,5,2,31.0,1,4670.0,premium
Ate,173.9,5,2,5.0,1,4300.0,premium
La Molina,172.6,3,3,33.0,1,5270.0,premium
Magdalena,157.5,4,2,18.0,1,4450.0,premium
Chorrillos,143.0,4,1,39.0,1,3070.0,premium
surco,46.3,3,2,8.0,0,4090.0,premium
Chorrillos,43.8,2,2,26.0,1,2150.0,moderado
Miraflores,190.9,4,1,6.0,0,6460.0,premium
Jesus Maria,142.0,5,3,29.0,1,4220.0,premium
San Juan de Lurigancho,49.5,4,3,27.0,1,2090.0,moderado
San Juan de Lurigancho,210.1,2,1,12.0,1,3850.0,premium
San Juan de Lurigancho,119.3,4,3,21.0,1,3100.0,premium
Barranco,98.4,4,3,28.0,0,4200.0,premium
San Isidro,67.1,2,2,28.0,1,4940.0,premium
BARRANCO,189.6,3,2,23.0,1,5560.0,premium
Carabayllo,216.3,2,1,20.0,0,3400.0,premium
CHORRILLOS,57.5,2,2,9.0,1,2850.0,moderado
San Borja,100.2,1,1,34.0,0,3350.0,premium
San Miguel,144.9,5,2,4.0,1,4850.0,premium
San Juan de Lurigancho,139.4,2,2,6.0,1,3170.0,premium
San Juan de Lurigancho,139.2,1,1,1.0,1,3000.0,moderado
San Juan de Lurigancho,145.3,5,3,8.0,1,3920.0,premium
San Borja,184.1,5,1,20.0,1,6180.0,premium
Ate,43.6,1,1,39.0,0,1040.0,economico
Miraflores,152.3,3,2,27.0,1,5670.0,premium
Ate,73.7,5,1,35.0,0,2020.0,moderado
Miraflores,167.4,4,2,,1,6080.0,premium
Magdalena,214.6,3,2,25.0,1,5150.0,premium
San Juan de Lurigancho,121.9,2,2,10.0,1,2900.0,moderado
Lince,181.6,1,1,4.0,0,4110.0,premium
San Miguel,163.8,2,1,17.0,1,4150.0,premium
Jesus Maria,76.3,5,3,0.0,0,4310.0,premium
Magdalena,80.5,2,2,11.0,1,3600.0,premium
Barranco,50.5,5,2,2.0,0,4580.0,premium
San Borja,50.2,1,1,6.0,1,3870.0,premium
San Juan de Lurigancho,123.9,2,2,5.0,1,3250.0,premium
Surco,65.7,2,1,,1,4290.0,premium
La Molina,217.8,2,2,14.0,1,6080.0,premium
Chorrillos,211.9,1,1,27.0,0,3150.0,premium
Pueblo Libre,101.2,1,1,0.0,1,3650.0,premium
Lince,54.1,4,1,34.0,1,2190.0,moderado
Magdalena,,4,3,25.0,1,4310.0,premium
Chorrillos,150.9,1,1,20.0,1,3290.0,premium
Barranco,,4,2,28.0,1,37531.0,premium
La Molina,125.5,1,1,4.0,1,4910.0,premium
Magdalena,117.9,1,1,9.0,1,3850.0,premium
Chorrillos,171.8,1,1,,0,3430.0,premium
Magdalena,146.1,2,2,12.0,1,4660.0,premium
Chorrillos,184.0,5,2,22.0,1,4250.0,premium
Miraflores,183.6,3,3,,1,7340.0,premium
Magdalena,76.2,3,3,22.0,1,3310.0,premium
Magdalena,159.5,4,2,29.0,0,4210.0,premium
Lince,166.4,5,1,,0,3860.0,premium
Lince,40.1,2,2,31.0,1,2030.0,moderado
San Juan de Lurigancho,94.4,1,1,33.0,0,1330.0,economico
Jesus Maria,142.6,2,2,14.0,1,4330.0,premium
Carabayllo,64.2,5,3,32.0,1,39509.0,moderado
Barranco,51.7,2,2,21.0,0,3460.0,premium
San Miguel,70.7,3,3,34.0,0,2690.0,moderado
San Isidro,,5,3,7.0,1,7470.0,premium
San Borja,,3,3,29.0,0,3700.0,premium
Miraflores,107.1,2,2,20.0,1,5420.0,premium
Lince,164.5,3,3,,1,4140.0,premium
Lince,95.3,2,2,30.0,1,2690.0,moderado
Chorrillos,115.2,4,2,24.0,1,3370.0,premium
Miraflores,179.5,3,2,6.0,1,6960.0,premium
San Isidro,58.8,4,3,20.0,0,50040.0,premium
Carabayllo,152.6,2,1,36.0,0,2070.0,moderado
San Miguel,158.8,5,1,28.0,0,3800.0,premium
Lince,68.6,2,2,,0,3050.0,premium
Pueblo Libre,67.7,3,3,33.0,1,3020.0,premium
ate,212.8,2,1,20.0,0,3540.0,premium
San Isidro,195.7,2,1,29.0,1,6430.0,premium
Jesus Maria,189.2,3,3,2.0,1,5510.0,premium
Chorrillos,99.3,4,3,21.0,1,3450.0,premium
Ate,183.4,4,1,30.0,0,3270.0,premium
Pueblo Libre,206.5,4,2,2.0,0,5370.0,premium
Carabayllo,169.6,3,3,34.0,1,3270.0,premium
Barranco,143.3,5,1,34.0,1,4440.0,premium
Barranco,116.4,4,3,39.0,1,4590.0,premium
Pueblo Libre,201.6,3,1,36.0,1,3970.0,premium
Carabayllo,43.3,3,2,10.0,0,1610.0,moderado
La Molina,181.5,4,2,18.0,1,5860.0,premium
Pueblo Libre,46.3,3,2,12.0,0,2750.0,moderado
Barranco,77.7,2,1,2.0,1,4670.0,premium
Pueblo Libre,60.2,5,3,34.0,1,3090.0,premium
Pueblo Libre,205.1,5,3,7.0,1,5940.0,premium
Carabayllo,173.2,1,1,16.0,0,2780.0,moderado
San Isidro,108.2,3,3,24.0,1,5970.0,premium
La Molina,83.3,2,2,,1,3990.0,premium
Carabayllo,,3,1,13.0,1,2690.0,moderado
Barranco,209.5,1,1,29.0,1,4960.0,premium
Magdalena,48.2,4,2,15.0,1,3600.0,premium
Chorrillos,107.6,3,2,27.0,1,2900.0,moderado
San Isidro,164.6,4,1,,1,6400.0,premium
Carabayllo,87.7,1,1,34.0,0,1050.0,economico
San Isidro,206.4,4,2,3.0,0,7700.0,premium
Chorrillos,132.9,2,1,11.0,0,3240.0,premium
San Isidro,51.5,1,1,,1,5140.0,premium
San Isidro,50.5,2,1,,1,4680.0,premium
Barranco,218.2,3,2,30.0,1,5200.0,premium
Miraflores,78.7,5,1,37.0,1,4910.0,premium
Pueblo Libre,195.7,5,2,33.0,1,4600.0,premium
Jesus Maria,139.6,4,3,20.0,1,4350.0,premium
San Isidro,218.8,3,2,1.0,1,7900.0,premium
Lince,205.2,1,1,,1,3920.0,premium
Pueblo Libre,184.1,5,3,22.0,1,4950.0,premium
San Juan de Lurigancho,189.3,2,2,7.0,0,3390.0,premium
Magdalena,45.5,3,1,21.0,0,2760.0,moderado
Jesus Maria,175.6,4,1,23.0,0,4180.0,premium
Jesus Maria,,3,2,9.0,1,3760.0,premium
San Isidro,198.1,1,1,28.0,1,6260.0,premium
Jesus Maria,202.3,3,2,,0,4910.0,premium
Carabayllo,138.2,2,2,9.0,1,2920.0,moderado
Pueblo Libre,174.2,3,2,29.0,1,4200.0,premium
Jesus Maria,148.4,3,2,3.0,1,4820.0,premium
Carabayllo,79.1,3,2,25.0,0,1800.0,moderado
Surco,143.9,5,2,7.0,1,6090.0,premium
ATE,110.3,1,1,3.0,1,3110.0,premium
Pueblo Libre,206.4,2,1,20.0,1,4630.0,premium
La Molina,110.1,1,1,7.0,1,4820.0,premium
La Molina,82.3,4,3,30.0,1,4320.0,premium
Carabayllo,194.6,5,2,2.0,1,4410.0,premium
San Borja,180.6,2,2,23.0,1,5570.0,premium
La Molina,167.5,5,1,15.0,1,5690.0,premium
San Miguel,53.4,4,2,19.0,1,3320.0,premium
Magdalena,80.9,1,1,30.0,1,3220.0,premium
Jesus Maria,211.5,1,1,24.0,0,4290.0,premium
Surco,111.7,4,3,6.0,0,5580.0,premium
Magdalena,87.2,5,1,7.0,0,4090.0,premium
Surco,49.5,1,1,6.0,1,4310.0,premium
Magdalena,115.9,1,1,22.0,1,3510.0,premium
Miraflores,167.8,3,1,8.0,0,6170.0,premium
Jesus Maria,69.7,4,1,,1,4210.0,premium
San Juan de Lurigancho,,5,3,27.0,1,2530.0,moderado
Ate,52.3,5,2,29.0,1,2260.0,moderado
Pueblo Libre,186.4,5,3,25.0,0,4710.0,premium
Magdalena,63.0,3,1,13.0,0,3150.0,premium
Ate,,4,1,25.0,1,3560.0,premium
Chorrillos,190.6,2,2,0.0,1,4790.0,premium
Carabayllo,152.2,5,2,4.0,1,3960.0,premium
Chorrillos,113.1,2,2,,1,2730.0,moderado
Ate,97.9,4,2,8.0,1,3450.0,premium
San Juan de Lurigancho,140.9,5,2,15.0,0,3360.0,premium
La Molina,118.4,5,1,14.0,1,5340.0,premium
Magdalena,112.2,1,1,14.0,1,3680.0,premium
San Isidro,162.1,3,1,39.0,1,6010.0,premium
Carabayllo,188.2,4,1,6.0,0,3750.0,premium
Miraflores,83.8,3,3,34.0,1,4960.0,premium
Ate,174.3,4,2,6.0,1,4180.0,premium
Surco,214.1,5,3,11.0,1,6830.0,premium
Miraflores,186.8,2,2,24.0,1,5730.0,premium
Surco,137.4,1,1,39.0,1,4250.0,premium
San Juan de Lurigancho,74.9,2,2,27.0,1,1760.0,moderado
San Juan de Lurigancho,58.6,1,1,28.0,0,920.0,economico
Surco,143.3,1,1,37.0,1,4350.0,premium
Chorrillos,118.5,5,1,32.0,0,2800.0,moderado
Pueblo Libre,,4,2,,0,34386.0,premium
Carabayllo,175.8,1,1,32.0,0,2470.0,moderado
San Isidro,216.4,3,3,4.0,1,7740.0,premium
Ate,70.2,1,1,,1,2070.0,moderado
San Isidro,138.4,5,3,10.0,0,7130.0,premium
San Miguel,154.2,3,1,24.0,1,4120.0,premium
Miraflores,199.6,3,1,29.0,0,6130.0,premium
Barranco,149.7,2,2,9.0,1,5090.0,premium
San Isidro,147.7,5,1,2.0,1,7250.0,premium
Miraflores,124.7,2,2,14.0,0,5590.0,premium
Surco,98.5,4,2,0.0,1,5570.0,premium
Miraflores,120.0,3,3,24.0,0,5630.0,premium
San Juan de Lurigancho,163.3,5,2,33.0,0,3000.0,moderado
Barranco,64.7,1,1,18.0,1,3700.0,premium
La Molina,141.1,2,1,3.0,1,5440.0,premium
Magdalena,94.5,3,2,16.0,0,3700.0,premium
San Borja,210.4,3,1,5.0,1,6210.0,premium
Miraflores,85.4,3,3,14.0,0,5270.0,premium
Lince,107.9,3,2,,0,3410.0,premium
San Isidro,125.8,3,1,14.0,0,6120.0,premium
San Juan de Lurigancho,123.9,2,1,,0,2510.0,moderado
JESUS MARIA,183.5,2,1,28.0,1,4070.0,premium
Magdalena,216.4,3,3,18.0,0,5050.0,premium
Barranco,50.5,4,3,9.0,1,4430.0,premium
San Isidro,159.1,1,1,24.0,1,5930.0,premium
Carabayllo,181.5,2,1,39.0,0,2480.0,moderado
Pueblo Libre,217.5,5,3,30.0,0,4650.0,premium
San Miguel,140.5,4,2,0.0,1,4790.0,premium
Magdalena,86.3,3,2,26.0,1,3270.0,premium
San Borja,109.3,5,1,6.0,1,5720.0,premium
Pueblo Libre,64.4,3,2,6.0,1,3270.0,premium
Magdalena,111.0,4,1,10.0,1,4750.0,premium
Magdalena,214.8,1,1,4.0,0,5030.0,premium
San Juan de Lurigancho,190.0,4,2,11.0,1,4170.0,premium
Ate,174.9,1,1,35.0,0,2540.0,moderado
Barranco,,1,1,23.0,1,4660.0,premium
Surco,119.6,2,2,6.0,1,5570.0,premium
Magdalena,204.3,3,3,24.0,1,5120.0,premium
Barranco,189.6,2,1,19.0,1,5220.0,premium
San Borja,134.3,4,3,,1,5680.0,premium
Ate,216.4,5,2,16.0,0,4370.0,premium
Barranco,169.4,5,3,20.0,1,5590.0,premium
Magdalena,200.4,3,2,26.0,1,4730.0,premium
La Molina,,4,1,19.0,1,4690.0,premium
Ate,74.4,5,3,15.0,0,2790.0,moderado
Pueblo Libre,123.2,5,2,29.0,1,3750.0,premium
Chorrillos,78.1,1,1,38.0,1,1980.0,moderado
Surco,99.2,5,2,15.0,0,4910.0,premium
Jesus Maria,,4,3,38.0,1,4030.0,premium
San Isidro,124.5,5,2,3.0,1,6900.0,premium
Jesus Maria,89.8,2,1,17.0,1,3550.0,premium
La Molina,52.1,3,3,,1,4380.0,premium
Pueblo Libre,167.7,3,3,24.0,1,4250.0,premium
Miraflores,53.7,3,2,31.0,1,4870.0,premium
magdalena,,4,2,28.0,0,4610.0,premium
Magdalena,148.9,5,3,15.0,0,4860.0,premium
Magdalena,64.6,2,1,1.0,1,3630.0,premium
Surco,93.0,1,1,,1,4490.0,premium
Ate,99.6,1,1,25.0,1,2440.0,moderado
San Borja,172.9,5,1,11.0,0,5760.0,premium
Barranco,209.0,1,1,38.0,0,4640.0,premium
Barranco,140.0,5,1,27.0,0,4810.0,premium
La Molina,156.2,5,1,21.0,0,5620.0,premium
Barranco,78.7,1,1,30.0,1,3640.0,premium
San Juan de Lurigancho,180.2,5,1,36.0,0,3120.0,premium
San Borja,164.8,5,1,6.0,0,5940.0,premium
San Juan de Lurigancho,130.7,4,2,9.0,1,3500.0,premium
Barranco,,3,1,20.0,1,5780.0,premium
San Borja,205.6,4,1,14.0,0,5710.0,premium
Magdalena,89.0,2,2,16.0,1,3580.0,premium
La Molina,,3,2,20.0,1,4810.0,premium
Lince,178.7,4,2,,1,49917.0,premium
San Isidro,,4,1,14.0,1,6520.0,premium
Magdalena,134.0,3,2,12.0,1,4640.0,premium
La Molina,114.4,2,2,2.0,0,4700.0,premium
Barranco,132.6,4,1,9.0,0,5020.0,premium
PUEBLO LIBRE,90.0,3,3,22.0,1,3430.0,premium
Miraflores,107.7,3,2,19.0,1,5770.0,premium
San Borja,183.6,3,1,14.0,0,5740.0,premium
Chorrillos,,3,2,26.0,0,2120.0,moderado
Barranco,83.6,1,1,31.0,1,3530.0,premium
La Molina,187.3,3,1,36.0,0,4620.0,premium
Ate,160.2,5,2,31.0,1,3420.0,premium
Magdalena,216.8,3,2,11.0,1,5610.0,premium
Surco,136.8,2,2,2.0,1,5490.0,premium
San Juan de Lurigancho,213.8,2,2,20.0,0,3710.0,premium
Chorrillos,116.9,5,2,12.0,1,51948.0,premium
carabayllo,118.9,4,2,7.0,1,3330.0,premium
San Miguel,150.4,3,2,10.0,1,4540.0,premium
San Miguel,125.8,3,2,9.0,0,3910.0,premium
Barranco,104.0,5,2,7.0,0,4920.0,premium
Chorrillos,112.7,4,2,,1,3020.0,premium
Miraflores,63.4,3,1,30.0,0,4110.0,premium
Lince,48.2,5,1,25.0,1,2750.0,moderado
Surco,130.3,5,2,4.0,1,5960.0,premium
Barranco,218.8,2,2,12.0,1,46815.0,premium
Carabayllo,182.2,5,2,25.0,1,3890.0,premium
Pueblo Libre,151.0,4,2,11.0,0,4340.0,premium
San Isidro,181.7,4,1,13.0,1,7070.0,premium
Jesus Maria,62.7,2,2,19.0,1,3260.0,premium
Pueblo Libre,217.4,1,1,30.0,0,3720.0,premium
San Borja,61.5,3,2,20.0,0,3980.0,premium
Ate,78.4,5,2,34.0,1,2360.0,moderado
Jesus Maria,171.8,5,2,13.0,0,4690.0,premium
San Borja,147.3,1,1,0.0,0,5010.0,premium
San Isidro,157.9,2,1,2.0,0,38226.0,premium
Ate,,2,2,7.0,0,3040.0,premium
Carabayllo,177.0,4,3,18.0,0,3500.0,premium
La Molina,85.3,2,2,4.0,1,4680.0,premium
La Molina,70.4,5,1,29.0,0,4040.0,premium
Magdalena,174.0,4,1,35.0,0,4250.0,premium
San Miguel,206.4,3,1,,0,5130.0,premium
San Isidro,184.6,3,3,18.0,1,7040.0,premium
Surco,175.4,3,3,,1,5510.0,premium
San Isidro,195.4,3,1,36.0,1,6280.0,premium
San Miguel,127.9,5,3,37.0,1,3780.0,premium
Jesus Maria,150.4,5,1,26.0,1,4430.0,premium
La Molina,199.4,5,2,2.0,1,6990.0,premium
Ate,,2,2,1.0,1,2650.0,moderado
San Miguel,101.1,3,2,27.0,1,3390.0,premium
SURCO,156.0,4,1,2.0,0,5850.0,premium
San Isidro,107.4,3,3,2.0,1,6550.0,premium
Carabayllo,103.2,4,2,19.0,1,2700.0,moderado
San Miguel,47.4,4,2,11.0,1,3460.0,premium
Carabayllo,206.8,1,1,17.0,1,3310.0,premium
Jesus Maria,90.1,3,1,23.0,1,3450.0,premium
Chorrillos,160.8,3,3,19.0,1,3970.0,premium
Ate,138.2,4,3,19.0,1,3730.0,premium
San Miguel,218.2,3,2,30.0,0,4350.0,premium
Ate,151.1,3,2,15.0,1,3550.0,premium
San Isidro,,4,2,2.0,0,7120.0,premium
Barranco,117.7,5,1,14.0,0,4900.0,premium
San Isidro,67.2,5,1,37.0,1,5190.0,premium
Pueblo Libre,95.8,5,3,2.0,1,4500.0,premium
Carabayllo,140.2,5,3,24.0,1,3450.0,premium
Surco,136.6,1,1,12.0,0,4850.0,premium
Ate,188.0,4,3,24.0,1,3970.0,premium
Surco,,5,2,5.0,1,5350.0,premium
Miraflores,217.6,2,2,,1,6040.0,premium
Pueblo Libre,122.5,2,2,30.0,1,3280.0,premium
Carabayllo,117.0,1,1,,0,2150.0,moderado
Magdalena,109.2,1,1,2.0,1,3750.0,premium
Chorrillos,99.8,3,2,34.0,1,2640.0,moderado
Magdalena,131.2,4,3,23.0,0,4290.0,premium
Carabayllo,40.2,5,2,18.0,1,2020.0,moderado
Lince,47.6,5,1,6.0,0,3010.0,premium
Jesus Maria,79.5,4,3,1.0,1,4620.0,premium
Ate,91.2,2,2,19.0,1,2730.0,moderado
San Juan de Lurigancho,124.3,3,1,19.0,1,2610.0,moderado
Chorrillos,68.6,5,1,14.0,1,3460.0,premium
Jesus Maria,90.0,3,3,24.0,1,3540.0,premium
Pueblo Libre,208.2,2,1,3.0,1,5010.0,premium
San Borja,161.6,1,1,25.0,0,4650.0,premium
Pueblo Libre,109.2,5,1,6.0,1,4200.0,premium
San Miguel,185.8,5,2,,1,5840.0,premium
San Juan de Lurigancho,84.7,1,1,18.0,0,1690.0,moderado
Magdalena,102.3,4,1,18.0,0,3760.0,premium
Surco,178.9,2,1,15.0,0,5400.0,premium
Carabayllo,77.8,4,3,36.0,0,1790.0,moderado
Jesus Maria,206.0,2,2,6.0,1,5340.0,premium
La Molina,96.7,5,1,32.0,1,4700.0,premium
Pueblo Libre,149.6,2,1,18.0,1,3910.0,premium
magdalena,214.5,1,1,36.0,1,4310.0,premium
San Isidro,132.2,2,2,27.0,1,5780.0,premium
San Miguel,210.5,3,3,9.0,1,5560.0,premium
chorrillos,111.5,3,3,37.0,1,2810.0,moderado
San Borja,89.0,3,3,21.0,0,4210.0,premium
La Molina,207.5,4,2,8.0,0,6410.0,premium
San Juan de Lurigancho,,3,1,1.0,0,2890.0,moderado
Miraflores,181.8,3,1,17.0,1,6280.0,premium
Ate,114.5,3,3,11.0,1,3480.0,premium
San Miguel,48.3,4,1,,1,2640.0,moderado
Chorrillos,164.2,3,2,7.0,0,3820.0,premium
Barranco,146.1,4,1,21.0,1,5070.0,premium
Magdalena,85.4,2,2,26.0,1,3310.0,premium
La Molina,75.6,1,1,18.0,1,3910.0,premium
Surco,130.6,1,1,27.0,1,4600.0,premium
Ate,176.8,2,2,0.0,1,4100.0,premium
Carabayllo,99.8,4,3,1.0,1,3480.0,premium
Ate,169.4,4,1,2.0,1,4160.0,premium
Surco,118.6,5,1,29.0,0,4470.0,premium
Surco,145.8,5,1,9.0,1,5890.0,premium
Miraflores,103.2,1,1,23.0,0,4830.0,premium
San Juan de Lurigancho,169.8,4,2,32.0,1,3560.0,premium
Barranco,211.8,2,1,6.0,1,6100.0,premium
San Miguel,164.2,2,1,18.0,0,3960.0,premium
Miraflores,174.9,5,2,21.0,1,6580.0,premium
San Borja,,1,1,28.0,1,3930.0,premium
Jesus Maria,203.6,2,2,,1,4400.0,premium
San Borja,134.1,1,1,12.0,0,4530.0,premium
Surco,84.8,3,2,0.0,1,5210.0,premium
San Juan de Lurigancho,209.4,2,2,36.0,1,3370.0,premium
San Miguel,168.3,3,1,36.0,0,3410.0,premium
San Borja,184.5,3,1,34.0,1,5190.0,premium
Jesus Maria,135.5,2,2,16.0,0,3850.0,premium
Chorrillos,186.5,1,1,27.0,1,3180.0,premium
San Borja,81.2,4,2,22.0,0,4510.0,premium
La Molina,150.7,5,2,2.0,1,6460.0,premium
Lince,164.9,3,3,36.0,0,3650.0,premium
Ate,74.9,4,2,32.0,1,1950.0,moderado
Barranco,168.3,3,3,,1,5020.0,premium
Barranco,59.4,1,1,14.0,1,3380.0,premium
San Isidro,166.7,2,2,10.0,1,6590.0,premium
magdalena,199.1,4,1,,1,5660.0,premium
San Miguel,,4,3,39.0,1,2590.0,moderado
Carabayllo,142.4,4,2,21.0,1,3200.0,premium
Chorrillos,86.7,3,1,30.0,0,2330.0,moderado
Jesus Maria,174.2,4,1,36.0,1,4260.0,premium
San Isidro,47.0,4,2,31.0,1,5000.0,premium
Carabayllo,171.5,2,1,,0,2360.0,moderado
San Juan de Lurigancho,59.8,1,1,1.0,0,1830.0,moderado
JESUS MARIA,173.3,4,2,16.0,0,4490.0,premium
SURCO,98.7,1,1,32.0,0,3710.0,premium
Pueblo Libre,188.9,2,2,18.0,1,4550.0,premium
San Borja,153.0,4,2,7.0,1,52700.0,premium
Surco,162.9,1,1,19.0,0,4980.0,premium
Ate,178.9,4,1,0.0,1,4440.0,premium
Jesus Maria,175.8,3,3,31.0,1,4270.0,premium
Miraflores,96.6,4,3,19.0,1,5590.0,premium
Lince,81.6,3,3,4.0,1,3780.0,premium
Chorrillos,177.0,1,1,3.0,1,4090.0,premium
Pueblo Libre,203.9,5,1,33.0,0,4260.0,premium
San Isidro,197.6,1,1,36.0,1,6060.0,premium
Jesus Maria,62.8,3,3,36.0,1,3080.0,premium
La Molina,,5,2,8.0,0,4780.0,premium
Miraflores,,3,2,39.0,1,5750.0,premium
Surco,154.2,3,1,33.0,0,4760.0,premium
San Miguel,52.7,4,1,8.0,0,2950.0,moderado
Miraflores,176.2,4,2,24.0,1,6320.0,premium
Barranco,194.6,3,2,1.0,1,6290.0,premium
Chorrillos,74.7,5,1,,1,3810.0,premium
San Borja,87.7,2,1,36.0,0,3870.0,premium
Ate,64.4,4,3,36.0,1,2280.0,moderado
CHORRILLOS,64.2,2,2,,0,1920.0,moderado
San Borja,130.6,4,1,23.0,1,5150.0,premium
Ate,198.3,3,3,11.0,1,4320.0,premium
Miraflores,130.7,5,1,0.0,0,6560.0,premium
Miraflores,204.9,2,2,15.0,1,6490.0,premium
Barranco,146.0,5,3,39.0,1,5000.0,premium
San Borja,132.5,5,2,16.0,1,5360.0,premium
jesus maria,147.5,5,2,14.0,1,4700.0,premium
Surco,,3,2,,1,5200.0,premium
Ate,54.4,3,2,2.0,1,3000.0,moderado
Chorrillos,203.0,4,1,35.0,1,3650.0,premium
Surco,62.9,2,2,32.0,1,3930.0,premium
Barranco,124.2,3,3,2.0,1,5410.0,premium
Chorrillos,202.2,5,2,31.0,1,4300.0,premium
San Juan de Lurigancho,,2,2,30.0,1,2260.0,moderado
LINCE,136.8,2,1,25.0,1,3400.0,premium
Barranco,,5,2,32.0,1,4770.0,premium
Magdalena,146.9,3,3,0.0,1,5160.0,premium
Pueblo Libre,162.8,2,2,6.0,0,4250.0,premium
Lince,92.3,2,1,17.0,1,3290.0,premium
Surco,61.9,3,2,20.0,0,3910.0,premium
Carabayllo,,4,2,35.0,0,2350.0,moderado
Pueblo Libre,190.8,1,1,22.0,1,4110.0,premium
Barranco,117.0,4,2,29.0,1,4530.0,premium
San Borja,217.1,4,3,13.0,0,6290.0,premium
San Juan de Lurigancho,60.8,4,2,15.0,1,2700.0,moderado
Jesus Maria,134.8,1,1,39.0,1,3280.0,premium
Jesus Maria,117.8,2,2,22.0,0,3310.0,premium
Magdalena,168.8,2,2,2.0,1,4840.0,premium
Pueblo Libre,103.2,1,1,33.0,0,2520.0,moderado
Carabayllo,217.4,5,2,39.0,0,3490.0,premium
Lince,160.9,5,3,4.0,1,5280.0,premium
SAN ISIDRO,169.4,5,1,,1,7540.0,premium
Magdalena,68.5,1,1,4.0,1,3480.0,premium
LINCE,86.3,5,3,2.0,0,3860.0,premium
San Borja,124.0,4,2,28.0,1,5000.0,premium
Barranco,,4,1,30.0,1,4260.0,premium
Surco,76.4,4,2,7.0,0,4970.0,premium
San Miguel,178.2,4,1,14.0,0,4300.0,premium
La Molina,114.2,5,1,12.0,1,5510.0,premium
Ate,61.1,1,1,30.0,0,1220.0,economico
Miraflores,122.1,3,3,19.0,1,5700.0,premium
Barranco,99.2,2,1,16.0,0,4110.0,premium
Surco,69.1,4,3,22.0,0,4540.0,premium
Carabayllo,44.5,4,2,6.0,0,2240.0,moderado
San Juan de Lurigancho,132.6,2,2,8.0,0,3120.0,premium
Carabayllo,187.5,2,1,3.0,1,3760.0,premium
Miraflores,168.9,3,2,3.0,1,6990.0,premium
SAN MIGUEL,193.9,4,2,18.0,1,5010.0,premium
Jesus Maria,157.7,1,1,32.0,0,3510.0,premium
Jesus Maria,158.1,5,2,29.0,1,4380.0,premium
Carabayllo,97.5,5,2,37.0,0,1840.0,moderado
Miraflores,155.8,5,2,12.0,0,6440.0,premium
jesus maria,131.2,3,3,15.0,0,4190.0,premium
Jesus Maria,155.4,3,2,1.0,1,4690.0,premium
La Molina,110.5,2,2,1.0,1,5160.0,premium
Surco,193.2,2,2,31.0,1,5340.0,premium
La Molina,100.0,2,2,32.0,1,4040.0,premium
San Borja,83.7,2,2,8.0,1,4560.0,premium
Jesus Maria,172.9,1,1,29.0,0,3490.0,premium
Barranco,190.9,3,3,4.0,1,6070.0,premium
Jesus Maria,118.2,1,1,13.0,0,3440.0,premium
Lince,100.4,1,1,25.0,1,2780.0,moderado
San Borja,41.5,2,2,16.0,0,3660.0,premium
San Isidro,139.3,4,1,24.0,0,5830.0,premium
San Isidro,113.1,1,1,8.0,1,6030.0,premium
Jesus Maria,197.8,1,1,12.0,1,4630.0,premium
Ate,188.9,2,1,,0,3210.0,premium
San Isidro,75.7,1,1,4.0,0,5130.0,premium
San Isidro,81.9,4,2,23.0,1,5700.0,premium
San Isidro,,5,3,8.0,1,6520.0,premium
Ate,131.8,1,1,37.0,1,2310.0,moderado
Lince,156.7,2,1,11.0,1,3830.0,premium
Surco,58.6,1,1,14.0,1,4210.0,premium
Lince,196.6,3,2,3.0,0,4650.0,premium
Surco,72.9,2,1,23.0,1,4210.0,premium
Lince,185.5,4,3,18.0,0,4230.0,premium
San Isidro,101.4,5,3,16.0,1,6490.0,premium
Barranco,174.6,1,1,25.0,0,4520.0,premium
Ate,168.9,4,1,37.0,1,3190.0,premium
Jesus Maria,,4,2,,1,3670.0,premium
Lince,202.7,5,3,27.0,0,4540.0,premium
Surco,114.4,1,1,29.0,0,3990.0,premium
San Borja,65.4,2,2,31.0,1,3740.0,premium
La Molina,180.8,3,2,6.0,0,5970.0,premium
Chorrillos,46.4,3,2,18.0,1,2280.0,moderado
Surco,210.1,4,3,21.0,1,6500.0,premium
Pueblo Libre,176.0,3,1,9.0,1,4840.0,premium
Pueblo Libre,111.8,2,2,5.0,0,3650.0,premium
Carabayllo,,4,1,20.0,0,3700.0,premium
Miraflores,218.7,3,1,16.0,0,56350.0,premium
Barranco,,2,2,16.0,1,3900.0,premium
La Molina,189.7,1,1,,1,5540.0,premium
miraflores,93.4,2,2,36.0,1,4590.0,premium
Pueblo Libre,169.2,1,1,18.0,1,4060.0,premium
San Borja,57.8,2,2,0.0,1,4600.0,premium
Pueblo Libre,,3,1,17.0,1,4880.0,premium
Lince,60.6,4,3,,1,3530.0,premium
San Miguel,191.9,3,3,3.0,1,5370.0,premium
Lince,165.5,4,1,30.0,1,3930.0,premium
San Juan de Lurigancho,210.1,1,1,32.0,1,2920.0,moderado
La Molina,204.6,4,2,,1,6310.0,premium
Carabayllo,48.8,5,2,13.0,1,2480.0,moderado
San Juan de Lurigancho,100.5,2,2,,0,2360.0,moderado
Ate,140.8,5,1,35.0,1,2920.0,moderado
Barranco,149.0,5,1,,0,4700.0,premium
Miraflores,158.9,3,3,18.0,0,5920.0,premium
San Borja,79.4,5,1,26.0,1,4560.0,premium
Carabayllo,42.5,4,1,20.0,1,1860.0,moderado
Magdalena,113.9,3,3,,1,4290.0,premium
Pueblo Libre,169.0,5,2,39.0,0,4010.0,premium
Lince,208.8,4,1,7.0,0,4830.0,premium
Magdalena,126.4,4,2,8.0,0,4740.0,premium
Miraflores,190.1,2,2,24.0,0,5810.0,premium
Miraflores,99.1,5,2,3.0,0,6120.0,premium
San Isidro,125.7,1,1,13.0,0,5510.0,premium
San Miguel,215.3,2,2,3.0,1,5380.0,premium
La Molina,165.2,1,1,0.0,1,5450.0,premium
San Miguel,,3,3,,1,3050.0,premium
barranco,65.2,1,1,0.0,1,4020.0,premium
Magdalena,65.9,3,3,35.0,0,3080.0,premium
Jesus Maria,45.1,4,1,3.0,0,3240.0,premium
Barranco,117.1,1,1,18.0,0,4120.0,premium
Carabayllo,49.5,5,2,12.0,1,2530.0,moderado
San Borja,199.0,2,2,19.0,0,5360.0,premium
LA MOLINA,213.4,2,2,7.0,0,5980.0,premium
San Juan de Lurigancho,75.0,5,3,15.0,1,2960.0,moderado
Surco,87.0,2,1,19.0,0,4150.0,premium
San Juan de Lurigancho,203.7,4,3,27.0,1,3940.0,premium
San Juan de Lurigancho,59.6,3,1,1.0,0,39330.0,moderado
La Molina,131.4,4,2,,1,5460.0,premium
Jesus Maria,41.6,1,1,24.0,0,2310.0,moderado
La Molina,169.1,3,3,3.0,0,6120.0,premium
Carabayllo,124.5,2,2,2.0,0,2980.0,moderado
San Isidro,86.9,5,2,15.0,1,6360.0,premium
Miraflores,150.6,1,1,7.0,0,5930.0,premium
La Molina,167.4,4,1,26.0,1,5160.0,premium
San Juan de Lurigancho,170.3,3,2,,0,3090.0,premium
Surco,206.6,1,1,2.0,0,6070.0,premium
Magdalena,196.0,3,3,34.0,1,4570.0,premium
Chorrillos,113.9,2,2,39.0,1,2610.0,moderado
San Isidro,156.0,4,1,34.0,0,5760.0,premium
Pueblo Libre,93.0,2,1,22.0,1,3010.0,premium
Carabayllo,97.6,3,2,19.0,1,2650.0,moderado
Magdalena,,5,3,,1,3600.0,premium
Miraflores,189.4,2,1,13.0,0,6190.0,premium
Lince,,3,2,11.0,0,4830.0,premium
Magdalena,170.8,3,2,16.0,1,4770.0,premium
San Juan de Lurigancho,121.7,3,2,33.0,1,2520.0,moderado
Chorrillos,62.2,5,1,32.0,1,2630.0,moderado
Magdalena,56.4,3,2,21.0,1,3130.0,premium
San Borja,115.6,4,2,2.0,1,5700.0,premium
San Isidro,,4,2,,1,6930.0,premium
ate,,1,1,2.0,0,3280.0,premium
Surco,191.2,4,1,35.0,1,5590.0,premium
san miguel,179.8,2,2,19.0,0,4310.0,premium
San Isidro,,4,2,32.0,0,6650.0,premium
Chorrillos,99.1,3,3,9.0,1,3550.0,premium
Carabayllo,193.6,5,3,0.0,0,4340.0,premium
Magdalena,65.7,5,3,6.0,0,4000.0,premium
Pueblo Libre,90.5,1,1,0.0,1,45802.0,premium
San Borja,104.5,2,2,17.0,1,4790.0,premium
Barranco,162.8,1,1,17.0,1,4770.0,premium
Magdalena,136.8,2,2,28.0,1,4030.0,premium
San Borja,58.9,3,1,8.0,0,4210.0,premium
Lince,211.6,5,1,32.0,1,4400.0,premium
San Miguel,197.9,4,3,18.0,0,4860.0,premium
Lince,90.7,4,2,26.0,1,3110.0,premium
Chorrillos,,1,1,5.0,1,3010.0,premium
San Juan de Lurigancho,207.0,3,3,26.0,0,3630.0,premium
Miraflores,126.2,2,2,23.0,1,5410.0,premium
Pueblo Libre,54.2,2,2,19.0,0,2760.0,moderado
Pueblo Libre,218.8,5,1,0.0,0,5460.0,premium
Surco,107.4,4,2,13.0,1,5540.0,premium
Surco,207.1,2,1,21.0,1,6050.0,premium
Carabayllo,,3,1,0.0,1,2690.0,moderado
Barranco,107.3,4,2,19.0,1,4680.0,premium
Jesus Maria,216.1,4,1,15.0,0,5290.0,premium
CARABAYLLO,168.9,2,2,31.0,0,2600.0,moderado
Ate,207.9,2,2,18.0,0,3700.0,premium
Magdalena,131.2,4,3,14.0,0,4240.0,premium
Barranco,82.2,4,3,0.0,1,5250.0,premium
Carabayllo,172.9,4,1,12.0,1,3800.0,premium
Surco,60.2,5,3,8.0,1,33287.0,premium
Miraflores,175.7,2,1,19.0,1,5910.0,premium
Magdalena,,2,1,28.0,1,2570.0,moderado
San Miguel,146.8,5,1,37.0,0,3710.0,premium
La Molina,143.4,2,1,36.0,1,4360.0,premium
San Isidro,,4,2,,0,6420.0,premium
Ate,94.1,5,3,11.0,0,3290.0,premium
San Isidro,149.7,5,3,3.0,1,7390.0,premium
san juan de lurigancho,211.8,1,1,29.0,0,2990.0,moderado
San Miguel,73.3,5,3,37.0,1,3220.0,premium
Barranco,192.4,3,2,7.0,1,5920.0,premium
San Juan de Lurigancho,124.4,2,2,14.0,1,3000.0,moderado
Miraflores,123.2,3,1,23.0,0,5220.0,premium
Carabayllo,66.9,2,2,36.0,0,1130.0,economico
Ate,58.2,5,2,33.0,0,2110.0,moderado
La Molina,193.1,3,2,18.0,1,5770.0,premium
San Borja,44.1,2,2,34.0,1,3760.0,premium
Magdalena,168.3,5,2,8.0,0,5050.0,premium
San Miguel,217.9,3,2,2.0,1,5310.0,premium
San Miguel,135.9,1,1,24.0,0,3100.0,premium
Lince,196.2,5,1,7.0,1,4960.0,premium
Jesus Maria,122.0,5,3,17.0,0,4220.0,premium
San Isidro,181.1,5,1,35.0,1,6450.0,premium
SAN ISIDRO,59.2,3,3,39.0,0,4630.0,premium
Magdalena,192.9,1,1,15.0,0,62243.0,premium
Surco,161.5,3,1,13.0,0,5340.0,premium
San Borja,98.2,5,2,3.0,1,5620.0,premium
Carabayllo,206.7,4,2,26.0,1,3820.0,premium
Miraflores,206.0,3,2,34.0,0,5970.0,premium
Barranco,64.3,5,1,2.0,1,5010.0,premium
Miraflores,159.1,3,1,38.0,0,5140.0,premium
San Miguel,219.1,1,1,13.0,0,4560.0,premium
Barranco,121.2,4,3,20.0,0,4680.0,premium
San Borja,169.8,5,1,,1,6050.0,premium
Lince,117.9,4,3,14.0,1,3950.0,premium
Chorrillos,171.8,5,3,18.0,0,4040.0,premium
Ate,90.1,5,2,13.0,0,3090.0,premium
Ate,159.2,4,2,37.0,0,3070.0,premium
Ate,213.8,5,3,34.0,1,4210.0,premium
Jesus Maria,180.9,5,3,25.0,0,4440.0,premium
Ate,129.6,4,3,29.0,1,2960.0,moderado
Ate,,5,1,19.0,1,3130.0,premium
SAN MIGUEL,74.9,2,1,18.0,1,3300.0,premium
San Isidro,87.9,2,1,36.0,1,5040.0,premium
San Miguel,59.5,3,2,37.0,1,2460.0,moderado
San Miguel,210.0,5,2,11.0,1,5310.0,premium
SURCO,58.7,3,1,35.0,0,3490.0,premium
Surco,,4,3,19.0,1,4520.0,premium
La Molina,95.2,5,3,12.0,1,5360.0,premium
Pueblo Libre,62.4,4,3,24.0,0,3030.0,premium
La Molina,117.2,2,2,10.0,1,4900.0,premium
La Molina,65.5,1,1,2.0,0,4220.0,premium
San Isidro,65.3,4,3,31.0,0,4880.0,premium
San Juan de Lurigancho,109.0,2,2,,1,1940.0,moderado
San Borja,71.6,5,2,29.0,0,4640.0,premium
San Juan de Lurigancho,116.8,4,2,7.0,1,3510.0,premium
San Isidro,78.6,1,1,30.0,1,4890.0,premium
Lince,149.7,5,3,29.0,1,3940.0,premium
La Molina,105.5,1,1,27.0,1,4240.0,premium
San Miguel,164.6,5,3,32.0,1,4550.0,premium
San Miguel,164.8,5,2,27.0,1,4550.0,premium
Carabayllo,150.3,3,1,39.0,0,2300.0,moderado
San Miguel,207.6,4,1,27.0,0,4330.0,premium
Miraflores,127.3,4,2,18.0,0,5680.0,premium
San Miguel,156.0,3,1,30.0,0,3490.0,premium
Pueblo Libre,197.8,5,3,34.0,0,4560.0,premium
Magdalena,194.8,1,1,20.0,1,4430.0,premium
Miraflores,181.9,1,1,22.0,0,5610.0,premium
Barranco,123.6,3,3,9.0,0,5010.0,premium
Miraflores,40.7,3,1,35.0,1,4160.0,premium
Pueblo Libre,203.7,5,2,39.0,1,4680.0,premium
Barranco,181.1,4,1,22.0,1,5330.0,premium
Carabayllo,94.1,5,3,26.0,1,3170.0,premium
Magdalena,65.8,1,1,24.0,1,2990.0,moderado
San Miguel,60.0,4,1,27.0,1,2900.0,moderado
Pueblo Libre,68.2,2,2,36.0,0,1990.0,moderado
Surco,63.9,3,2,32.0,1,4030.0,premium
San Juan de Lurigancho,214.4,1,1,10.0,0,3450.0,premium
La Molina,84.3,1,1,6.0,0,3950.0,premium
Ate,188.2,3,3,5.0,1,4380.0,premium
Pueblo Libre,141.0,5,3,5.0,0,4660.0,premium
Ate,75.2,4,2,30.0,0,2260.0,moderado
Magdalena,121.3,1,1,,1,4160.0,premium
Pueblo Libre,213.3,4,2,29.0,0,4660.0,premium
San Miguel,125.1,3,2,37.0,0,3350.0,premium
Surco,199.9,3,3,6.0,0,6310.0,premium
San Juan de Lurigancho,208.9,2,1,18.0,1,3580.0,premium
Barranco,72.6,5,3,22.0,1,4510.0,premium
Chorrillos,210.0,3,3,20.0,1,4340.0,premium
Miraflores,180.6,1,1,24.0,1,5570.0,premium
Barranco,44.0,2,2,23.0,0,3280.0,premium
San Miguel,112.1,2,2,8.0,1,4080.0,premium
San Isidro,,4,1,9.0,0,6220.0,premium
San Borja,98.8,2,2,23.0,0,4370.0,premium
Surco,195.5,3,2,8.0,1,6360.0,premium
Lince,147.1,2,2,0.0,1,4440.0,premium
Chorrillos,180.1,1,1,11.0,0,3660.0,premium
Magdalena,201.5,3,2,30.0,1,4980.0,premium
Barranco,169.9,1,1,3.0,1,5360.0,premium
San Juan de Lurigancho,206.7,4,1,35.0,0,3380.0,premium
Pueblo Libre,179.1,2,2,25.0,0,3850.0,premium
La Molina,194.7,1,1,31.0,0,4720.0,premium
San Miguel,186.2,5,3,5.0,0,5170.0,premium
San Juan de Lurigancho,170.2,3,2,0.0,1,4160.0,premium
San Juan de Lurigancho,179.0,4,3,20.0,1,3750.0,premium
San Juan de Lurigancho,177.3,5,1,15.0,0,4010.0,premium
Pueblo Libre,181.9,5,3,,1,5110.0,premium
Chorrillos,90.7,2,2,36.0,0,1900.0,moderado
San Borja,153.3,1,1,31.0,1,4470.0,premium
San Isidro,56.2,2,1,7.0,0,5200.0,premium
Ate,112.2,1,1,2.0,0,2840.0,moderado
Pueblo Libre,73.0,4,1,38.0,1,2550.0,moderado
Jesus Maria,206.4,5,3,23.0,1,56297.0,premium
Carabayllo,49.8,5,1,18.0,0,1980.0,moderado
Magdalena,73.2,3,2,1.0,1,4120.0,premium
La Molina,82.3,5,1,14.0,1,4830.0,premium
Miraflores,88.9,1,1,31.0,0,4250.0,premium
San Borja,166.9,5,3,11.0,0,5970.0,premium
MIRAFLORES,138.0,2,2,33.0,1,5370.0,premium
San Juan de Lurigancho,218.3,5,2,25.0,1,4360.0,premium
San Juan de Lurigancho,51.2,4,1,17.0,1,2500.0,moderado
San Isidro,214.8,4,1,,0,7260.0,premium
San Juan de Lurigancho,82.5,1,1,14.0,1,2140.0,moderado
Magdalena,140.2,3,1,0.0,1,4780.0,premium
San Borja,191.4,1,1,23.0,1,5540.0,premium
San Miguel,109.8,4,2,4.0,1,4410.0,premium
Lince,96.7,4,2,17.0,0,3190.0,premium
Pueblo Libre,68.6,3,2,,0,3240.0,premium
San Isidro,100.8,2,2,37.0,1,5300.0,premium
Jesus Maria,130.6,2,2,31.0,0,3150.0,premium
Miraflores,67.2,3,2,16.0,1,5150.0,premium
Pueblo Libre,70.5,2,1,36.0,1,2210.0,moderado
San Juan de Lurigancho,71.1,2,1,20.0,1,2200.0,moderado
La Molina,145.3,1,1,11.0,0,4900.0,premium
Barranco,199.1,1,1,22.0,1,5030.0,premium
San Miguel,178.3,4,2,36.0,1,4340.0,premium
Barranco,202.0,4,3,2.0,0,5950.0,premium
SAN BORJA,175.3,2,2,12.0,0,5280.0,premium
San Isidro,149.3,4,2,33.0,1,6380.0,premium
Barranco,195.1,2,2,15.0,1,5540.0,premium
Miraflores,167.8,2,2,30.0,0,5540.0,premium
Pueblo Libre,161.4,3,3,3.0,1,4940.0,premium
San Borja,96.5,2,1,28.0,1,3950.0,premium
Pueblo Libre,135.9,3,2,26.0,0,3580.0,premium
Barranco,195.1,4,3,17.0,0,5690.0,premium
Magdalena,212.8,5,2,36.0,0,4570.0,premium
Chorrillos,218.0,4,2,36.0,0,4000.0,premium
San Miguel,92.7,5,1,20.0,0,3260.0,premium
Magdalena,146.3,2,2,4.0,1,4790.0,premium
Lince,49.2,2,2,23.0,0,2450.0,moderado
Chorrillos,,5,3,6.0,1,3740.0,premium
San Isidro,77.6,5,1,11.0,0,5720.0,premium
Surco,121.7,3,2,,1,4910.0,premium
San Borja,132.9,3,1,,1,5420.0,premium
Ate,55.0,4,1,12.0,1,2570.0,moderado
Chorrillos,66.6,4,1,7.0,0,2790.0,moderado
Lince,127.7,2,2,35.0,1,3260.0,premium
Chorrillos,99.1,1,1,,1,3130.0,premium
Ate,160.8,2,2,32.0,1,3080.0,premium
Pueblo Libre,85.5,1,1,19.0,1,3140.0,premium
San Miguel,187.8,4,1,10.0,1,5290.0,premium
Jesus Maria,75.2,1,1,29.0,1,59643.0,moderado
Pueblo Libre,155.4,3,2,30.0,1,3910.0,premium
Ate,73.6,3,3,28.0,1,2460.0,moderado
Barranco,96.7,4,3,,1,3940.0,premium
La Molina,120.3,5,3,25.0,1,5130.0,premium
San Juan de Lurigancho,196.7,5,3,10.0,1,61310.0,premium
Pueblo Libre,49.8,4,2,29.0,1,2960.0,moderado
San Borja,121.2,2,2,37.0,1,4310.0,premium
Miraflores,134.0,5,1,35.0,1,5500.0,premium
Barranco,94.7,5,3,,1,4170.0,premium
Magdalena,,3,2,27.0,1,3570.0,premium
San Borja,201.8,5,2,26.0,0,5920.0,premium
San Borja,182.1,4,1,5.0,1,6480.0,premium
Chorrillos,103.9,3,2,27.0,1,2830.0,moderado
San Juan de Lurigancho,219.4,3,1,25.0,0,3680.0,premium
San Miguel,204.3,3,1,32.0,1,4480.0,premium
Ate,212.1,1,1,14.0,1,3770.0,premium
San Juan de Lurigancho,,4,3,37.0,1,2350.0,moderado
Carabayllo,132.1,4,3,23.0,0,2920.0,moderado
San Miguel,101.8,1,1,3.0,0,3370.0,premium
Pueblo Libre,134.0,5,3,13.0,1,4620.0,premium
Barranco,58.5,2,1,6.0,0,3740.0,premium
Miraflores,187.4,4,2,8.0,1,7240.0,premium
San Isidro,152.3,2,2,33.0,1,5950.0,premium
San Juan de Lurigancho,185.8,1,1,31.0,1,3060.0,premium
La Molina,191.1,4,3,0.0,0,6280.0,premium
San Juan de Lurigancho,198.5,1,1,12.0,1,3570.0,premium
San Borja,110.9,1,1,23.0,1,4360.0,premium
San Miguel,118.1,2,1,22.0,1,3620.0,premium
Surco,206.4,1,1,31.0,1,5180.0,premium
Miraflores,47.0,1,1,22.0,1,4000.0,premium
La Molina,157.0,2,2,3.0,0,5670.0,premium
Ate,216.1,4,1,31.0,1,3660.0,premium
San Isidro,199.6,4,3,1.0,0,7620.0,premium
Chorrillos,209.8,2,2,22.0,0,3750.0,premium
Miraflores,,3,3,4.0,1,6520.0,premium
Barranco,140.0,4,3,5.0,1,5780.0,premium
San Isidro,92.6,1,1,33.0,0,4440.0,premium
San Isidro,65.5,2,2,18.0,0,4790.0,premium
Chorrillos,124.4,3,2,29.0,0,3070.0,premium
La Molina,63.5,1,1,34.0,1,3290.0,premium
Chorrillos,88.4,5,1,5.0,1,3670.0,premium
Lince,49.6,4,3,6.0,1,3190.0,premium
Barranco,153.5,2,2,33.0,1,45543.0,premium
Barranco,213.3,1,1,17.0,1,4980.0,premium
Pueblo Libre,133.3,1,1,24.0,0,3120.0,premium
Ate,168.9,2,1,38.0,1,2650.0,moderado
San Juan de Lurigancho,152.5,1,1,23.0,1,2780.0,moderado
La Molina,111.2,4,1,,1,4770.0,premium
San Miguel,110.7,2,2,27.0,1,3380.0,premium
La Molina,70.0,2,2,1.0,0,4420.0,premium
San Miguel,206.7,2,1,21.0,1,4520.0,premium
San Borja,78.2,3,1,26.0,0,4210.0,premium
San Isidro,193.4,4,2,3.0,0,7530.0,premium
Carabayllo,68.7,2,2,17.0,1,2040.0,moderado
Carabayllo,57.4,1,1,4.0,0,1780.0,moderado
Pueblo Libre,,3,1,31.0,0,3760.0,premium
San Borja,163.3,3,2,20.0,0,55488.0,premium
Miraflores,151.8,1,1,18.0,0,5270.0,premium
San Miguel,194.2,3,2,1.0,1,5430.0,premium
Jesus Maria,53.1,5,1,19.0,0,3180.0,premium
San Isidro,179.2,1,1,24.0,1,6130.0,premium
Jesus Maria,113.3,4,3,22.0,1,4000.0,premium
San Borja,195.2,5,2,,0,5470.0,premium
Pueblo Libre,176.1,2,1,16.0,0,3910.0,premium
Carabayllo,200.9,5,1,21.0,1,4210.0,premium
Barranco,210.8,2,2,6.0,1,5870.0,premium
Surco,84.0,5,2,17.0,0,4730.0,premium
Miraflores,170.1,3,3,15.0,1,6700.0,premium
SURCO,183.3,4,1,38.0,0,5220.0,premium
Lince,142.8,1,1,,1,3200.0,premium
La Molina,208.8,3,2,30.0,0,5370.0,premium
san isidro,92.0,4,2,,1,5850.0,premium
La Molina,,1,1,30.0,0,4830.0,premium
Surco,94.0,4,1,12.0,1,5320.0,premium
Pueblo Libre,144.2,3,2,,0,4250.0,premium
La Molina,215.9,2,2,,0,5990.0,premium
Carabayllo,152.7,5,2,7.0,0,3490.0,premium
Barranco,159.1,5,3,32.0,0,5040.0,premium
Lince,90.7,2,2,,1,2970.0,moderado
La Molina,137.3,2,2,14.0,1,5110.0,premium
Chorrillos,,1,1,30.0,1,3370.0,premium
San Isidro,93.2,5,3,30.0,1,5780.0,premium
ate,157.9,4,3,16.0,0,3620.0,premium
La Molina,,4,3,5.0,1,6310.0,premium
San Isidro,191.3,4,3,39.0,0,6250.0,premium
Surco,146.8,1,1,,1,4490.0,premium
Pueblo Libre,116.4,3,1,1.0,0,3850.0,premium
Barranco,164.6,2,2,,1,5030.0,premium
Miraflores,103.9,5,2,22.0,0,5460.0,premium
San Miguel,149.3,4,1,17.0,0,4100.0,premium
San Borja,138.2,1,1,37.0,1,4100.0,premium
Surco,167.3,1,1,5.0,0,5480.0,premium
Jesus Maria,210.2,2,1,8.0,1,5130.0,premium
Barranco,98.3,4,3,,0,3930.0,premium
Surco,150.7,5,1,0.0,1,6200.0,premium
Carabayllo,69.6,2,2,,1,2620.0,moderado
ATE,71.7,1,1,36.0,0,930.0,economico
San Miguel,87.7,1,1,16.0,1,3060.0,premium
Ate,89.0,2,2,,1,3210.0,premium
Pueblo Libre,175.2,5,1,1.0,1,5330.0,premium
San Miguel,58.2,5,3,14.0,0,3650.0,premium
San Isidro,206.2,4,2,9.0,1,7620.0,premium
San Miguel,,2,1,3.0,0,3740.0,premium
Chorrillos,56.3,3,1,35.0,1,54679.0,moderado
Barranco,,1,1,3.0,1,5860.0,premium
magdalena,200.2,3,1,21.0,1,4580.0,premium
Pueblo Libre,113.1,3,2,10.0,1,4250.0,premium
Jesus Maria,206.8,3,2,5.0,1,5520.0,premium
San Miguel,183.5,4,1,23.0,0,4340.0,premium
San Miguel,,4,3,,1,3530.0,premium
Jesus Maria,180.8,1,1,26.0,1,4120.0,premium
Chorrillos,,3,2,38.0,1,3750.0,premium
Miraflores,,5,3,,1,7340.0,premium
Miraflores,123.5,2,1,3.0,1,6000.0,premium
Miraflores,217.3,3,2,,1,7180.0,premium
Miraflores,69.8,4,1,23.0,1,4990.0,premium
San Miguel,83.2,4,1,14.0,0,3320.0,premium
La Molina,,1,1,9.0,0,5720.0,premium
Jesus Maria,151.7,5,2,10.0,1,4980.0,premium
San Miguel,158.3,4,3,20.0,1,4630.0,premium
La Molina,118.3,2,2,2.0,1,4970.0,premium
San Borja,195.8,4,2,6.0,0,6200.0,premium
San Borja,135.3,4,1,35.0,1,4680.0,premium
Ate,203.1,2,2,9.0,1,4300.0,premium
Barranco,153.5,3,1,2.0,1,47022.0,premium
Chorrillos,145.5,1,1,4.0,1,3660.0,premium
Jesus Maria,86.1,5,1,26.0,1,3440.0,premium
Pueblo Libre,184.6,4,3,33.0,1,4550.0,premium
Miraflores,98.2,5,2,39.0,1,5330.0,premium
Surco,78.8,2,1,9.0,1,4460.0,premium
Chorrillos,78.1,5,3,1.0,0,3860.0,premium
San Miguel,,5,3,11.0,1,3570.0,premium
Miraflores,172.0,3,1,31.0,1,5860.0,premium
Ate,41.8,4,2,24.0,1,1990.0,moderado
Jesus Maria,150.6,1,1,36.0,1,3320.0,premium
Magdalena,135.8,4,1,8.0,1,4720.0,premium
San Juan de Lurigancho,160.4,5,2,25.0,1,3510.0,premium
Lince,,5,2,9.0,1,5270.0,premium
Surco,153.2,5,1,21.0,1,5630.0,premium
San Miguel,,5,3,17.0,0,3810.0,premium
San Isidro,85.1,4,1,5.0,1,6280.0,premium
San Borja,148.4,3,1,26.0,1,4990.0,premium
BARRANCO,131.4,5,2,3.0,0,5000.0,premium
Pueblo Libre,179.1,1,1,31.0,0,58086.0,premium
Jesus Maria,135.6,5,1,5.0,1,4880.0,premium
Pueblo Libre,87.1,1,1,11.0,1,3140.0,premium
San Juan de Lurigancho,59.1,4,1,35.0,1,1990.0,moderado
Lince,212.7,2,2,7.0,0,4580.0,premium
San Juan de Lurigancho,184.8,3,2,26.0,0,39080.0,premium
San Juan de Lurigancho,87.0,5,2,38.0,1,2470.0,moderado
Jesus Maria,167.5,3,1,15.0,0,4530.0,premium
San Isidro,70.6,5,2,18.0,1,5720.0,premium
San Isidro,107.6,2,2,18.0,1,5810.0,premium
Pueblo Libre,173.2,3,3,11.0,1,4770.0,premium
Barranco,173.5,4,2,,0,5510.0,premium
Jesus Maria,165.9,2,2,35.0,0,3710.0,premium
San Juan de Lurigancho,95.2,5,3,36.0,1,2940.0,moderado
Ate,175.4,5,1,32.0,1,3700.0,premium
Barranco,102.1,5,1,23.0,1,4660.0,premium
La Molina,50.2,5,2,23.0,1,4190.0,premium
Magdalena,79.8,1,1,4.0,0,3340.0,premium
San Borja,161.4,2,2,13.0,0,5040.0,premium
San Juan de Lurigancho,,5,2,1.0,1,3190.0,premium
Ate,85.0,2,1,20.0,1,2210.0,moderado
La Molina,202.1,3,1,1.0,1,6290.0,premium
San Juan de Lurigancho,137.6,4,2,21.0,1,3210.0,premium
San Miguel,108.8,4,2,12.0,1,4180.0,premium
Carabayllo,161.9,4,2,27.0,0,2810.0,moderado
Lince,210.5,4,3,5.0,0,5110.0,premium
San Isidro,58.8,2,1,4.0,1,5440.0,premium
Chorrillos,189.5,4,3,7.0,1,5060.0,premium
Jesus Maria,132.0,2,2,1.0,0,4330.0,premium
Magdalena,216.0,5,2,14.0,0,5750.0,premium
San Borja,186.4,2,1,32.0,1,5340.0,premium
Ate,216.7,3,1,35.0,1,3740.0,premium
Carabayllo,104.1,1,1,24.0,1,1820.0,moderado
San Juan de Lurigancho,186.9,2,2,23.0,1,3460.0,premium
La Molina,,3,1,18.0,1,4740.0,premium
San Juan de Lurigancho,97.9,4,3,,1,3450.0,premium
Jesus Maria,108.0,5,2,,0,3880.0,premium
Ate,167.2,1,1,28.0,1,3070.0,premium
Lince,195.9,5,3,,0,5380.0,premium
la molina,,4,2,10.0,1,5900.0,premium
Carabayllo,99.9,2,1,23.0,1,2330.0,moderado
San Miguel,117.6,5,1,29.0,0,3930.0,premium
La Molina,214.8,3,2,0.0,0,6360.0,premium
San Miguel,162.2,1,1,8.0,1,46932.0,premium
Barranco,106.3,3,3,18.0,1,4440.0,premium
La Molina,164.8,1,1,,1,5030.0,premium
San Juan de Lurigancho,124.2,3,1,14.0,1,3260.0,premium
La Molina,133.0,4,2,15.0,0,5500.0,premium
San Isidro,174.6,2,2,34.0,1,5940.0,premium
Surco,91.7,4,2,11.0,0,4940.0,premium
Magdalena,91.7,5,1,22.0,1,3830.0,premium
Carabayllo,118.6,1,1,14.0,1,2550.0,moderado
San Miguel,178.4,4,2,38.0,1,4160.0,premium
Miraflores,106.6,5,2,34.0,1,5350.0,premium
Magdalena,83.5,1,1,3.0,1,3540.0,premium
Miraflores,42.3,5,3,33.0,0,4610.0,premium
Barranco,109.8,3,3,0.0,1,5210.0,premium
San Borja,155.7,3,3,36.0,0,4770.0,premium
Surco,144.6,1,1,,1,4600.0,premium
Carabayllo,,4,2,36.0,0,3100.0,premium
Carabayllo,116.2,4,3,9.0,1,3420.0,premium
la molina,79.9,4,2,31.0,1,4290.0,premium
MAGDALENA,210.6,4,3,25.0,1,5200.0,premium
Jesus Maria,176.0,5,1,6.0,1,5280.0,premium
Barranco,145.5,4,2,13.0,1,5570.0,premium
Chorrillos,204.2,4,1,27.0,0,3910.0,premium
Carabayllo,184.8,5,3,0.0,1,4630.0,premium
Surco,46.0,4,3,36.0,1,4000.0,premium
Barranco,99.7,3,1,24.0,1,4050.0,premium
Chorrillos,140.2,2,2,39.0,1,2780.0,moderado
San Borja,144.1,1,1,,1,4770.0,premium
Miraflores,156.1,3,2,25.0,0,5570.0,premium
La Molina,131.8,1,1,,0,3990.0,premium
San Isidro,208.0,2,2,5.0,1,7380.0,premium
Pueblo Libre,67.3,4,3,15.0,1,3700.0,premium
Pueblo Libre,81.3,4,2,5.0,1,4050.0,premium
Chorrillos,81.5,2,1,2.0,1,3170.0,premium
Magdalena,40.9,5,2,15.0,1,3870.0,premium
La Molina,201.2,4,3,28.0,0,5560.0,premium
La Molina,108.1,4,3,19.0,1,4990.0,premium
San Borja,170.1,3,2,,1,6210.0,premium
Jesus Maria,72.3,4,2,32.0,1,3050.0,premium
Jesus Maria,72.9,2,2,9.0,0,3330.0,premium
Jesus Maria,194.1,3,2,38.0,1,4330.0,premium
MIRAFLORES,54.3,2,2,36.0,1,4290.0,premium
Jesus Maria,177.3,2,2,24.0,0,4000.0,premium
Magdalena,189.8,2,2,36.0,1,4240.0,premium
san miguel,192.6,2,2,2.0,1,5300.0,premium
La Molina,138.0,5,1,25.0,1,5480.0,premium
Surco,88.7,1,1,37.0,1,3780.0,premium
carabayllo,,2,2,2.0,0,3580.0,premium
Carabayllo,204.9,1,1,12.0,1,3520.0,premium
carabayllo,82.7,3,1,22.0,1,2200.0,moderado
San Isidro,68.9,3,3,16.0,1,5900.0,premium
Magdalena,94.0,1,1,22.0,1,3370.0,premium
MIRAFLORES,141.7,3,1,22.0,1,5940.0,premium
Carabayllo,64.2,1,1,14.0,0,1720.0,moderado
San Miguel,125.7,2,2,5.0,1,4220.0,premium
Barranco,45.7,2,1,34.0,1,3070.0,premium
Miraflores,99.1,4,2,14.0,0,5480.0,premium
San Miguel,216.7,1,1,28.0,0,4080.0,premium
Miraflores,157.4,2,2,5.0,1,6390.0,premium
Miraflores,,4,1,16.0,0,5960.0,premium
Lince,68.8,2,2,,1,2720.0,moderado
Chorrillos,89.1,2,1,24.0,0,2250.0,moderado
San Borja,68.7,1,1,,1,3870.0,premium
SURCO,180.1,3,2,,0,5630.0,premium
Lince,181.7,5,2,24.0,1,4670.0,premium
Jesus Maria,126.3,4,1,5.0,1,4490.0,premium
Ate,161.6,4,2,13.0,0,3860.0,premium
La Molina,66.6,5,3,24.0,1,4690.0,premium
san borja,157.5,3,3,18.0,1,5550.0,premium
San Miguel,115.3,1,1,24.0,1,3050.0,premium
Barranco,79.9,2,2,28.0,1,3780.0,premium
surco,132.0,5,3,31.0,0,5310.0,premium
Magdalena,180.6,3,2,24.0,0,4490.0,premium
Lince,149.7,2,1,36.0,1,3090.0,premium
Barranco,95.3,1,1,,1,4380.0,premium
San Miguel,120.2,4,3,8.0,0,4400.0,premium
Lince,124.3,4,2,15.0,0,3560.0,premium
Surco,113.3,1,1,,0,3790.0,premium
Pueblo Libre,178.8,2,2,,1,4490.0,premium
Ate,113.3,4,1,8.0,0,3190.0,premium
Chorrillos,,3,2,1.0,0,3180.0,premium
Surco,,1,1,29.0,1,4740.0,premium
Magdalena,188.3,3,3,,0,4340.0,premium
Chorrillos,201.0,5,2,,1,4930.0,premium
Chorrillos,128.3,4,1,19.0,1,3700.0,premium
Magdalena,164.2,5,3,5.0,1,5340.0,premium
San Miguel,129.5,1,1,4.0,1,3780.0,premium
Lince,138.2,1,1,,0,2980.0,moderado
Surco,153.0,4,2,39.0,1,5050.0,premium
Surco,193.8,4,2,32.0,0,5570.0,premium
Barranco,,2,2,31.0,1,4670.0,premium
MAGDALENA,185.3,2,2,23.0,0,4530.0,premium
Ate,219.9,4,3,26.0,1,4550.0,premium
San Juan de Lurigancho,65.6,5,3,,1,3310.0,premium
Jesus Maria,73.3,5,2,25.0,1,3520.0,premium
San Juan de Lurigancho,134.9,4,3,14.0,1,3550.0,premium
San Isidro,105.9,2,2,29.0,1,5380.0,premium
Carabayllo,146.0,5,2,27.0,1,3060.0,premium
Lince,42.7,1,1,7.0,1,2610.0,moderado
Ate,115.7,4,3,8.0,0,3350.0,premium
Chorrillos,145.6,4,2,15.0,0,36282.0,premium
San Isidro,163.9,3,1,22.0,1,6580.0,premium
Ate,207.8,4,1,,1,4420.0,premium
San Miguel,92.2,2,1,33.0,1,2880.0,moderado
Magdalena,186.5,1,1,39.0,1,3720.0,premium
Ate,133.9,4,1,26.0,0,2960.0,moderado
San Isidro,180.3,5,3,23.0,0,6680.0,premium
Carabayllo,208.3,5,2,16.0,1,4160.0,premium
Lince,111.6,5,2,10.0,1,4140.0,premium
Ate,46.4,4,3,34.0,0,1880.0,moderado
SAN JUAN DE LURIGANCHO,113.7,4,1,18.0,1,2820.0,moderado
Chorrillos,214.6,3,1,20.0,1,4710.0,premium
Miraflores,93.8,2,2,28.0,0,4500.0,premium
La Molina,,2,1,11.0,1,4370.0,premium
Pueblo Libre,92.3,3,2,0.0,1,3800.0,premium
Lince,65.4,5,1,11.0,0,3360.0,premium
Pueblo Libre,83.5,3,2,5.0,1,3870.0,premium
Ate,142.4,5,2,29.0,1,3670.0,premium
Carabayllo,94.8,5,2,16.0,0,2350.0,moderado
Carabayllo,83.8,1,1,24.0,1,1590.0,moderado
Surco,,4,1,21.0,0,4780.0,premium
Ate,43.5,3,2,23.0,1,2330.0,moderado
Miraflores,160.1,5,1,38.0,1,53470.0,premium
Pueblo Libre,209.5,3,1,26.0,0,4500.0,premium
Miraflores,167.6,3,1,36.0,1,5780.0,premium
La Molina,109.8,5,3,4.0,1,5480.0,premium
San Isidro,65.1,3,2,16.0,0,5400.0,premium
San Isidro,175.7,5,3,30.0,0,6750.0,premium
San Juan de Lurigancho,219.2,1,1,29.0,0,3250.0,premium
Surco,68.0,1,1,28.0,0,3470.0,premium
San Isidro,160.7,5,1,19.0,0,6840.0,premium
Magdalena,158.0,1,1,33.0,1,3760.0,premium
Barranco,131.0,1,1,4.0,1,4940.0,premium
San Juan de Lurigancho,206.2,3,1,1.0,0,4170.0,premium
CARABAYLLO,94.7,3,3,36.0,0,1810.0,moderado
Magdalena,51.2,3,3,33.0,0,2600.0,moderado
Barranco,203.4,5,1,7.0,1,6250.0,premium
San Juan de Lurigancho,168.3,2,1,37.0,0,2460.0,moderado
Barranco,,4,2,16.0,0,5710.0,premium
La Molina,206.6,3,3,,0,5910.0,premium
San Borja,113.5,1,1,34.0,1,4280.0,premium
Ate,189.4,3,3,19.0,0,3830.0,premium
Barranco,149.4,3,1,,1,4760.0,premium
San Juan de Lurigancho,177.2,3,1,,0,3310.0,premium
San Juan de Lurigancho,108.0,5,3,24.0,0,2780.0,moderado
Barranco,197.6,4,2,,0,6010.0,premium
Pueblo Libre,40.5,3,2,39.0,1,2240.0,moderado
San Isidro,220.0,5,2,9.0,1,8080.0,premium
Barranco,201.1,4,1,6.0,1,5980.0,premium
La Molina,50.5,3,3,20.0,0,4080.0,premium
Pueblo Libre,79.6,2,2,3.0,1,3630.0,premium
San Juan de Lurigancho,76.3,4,2,13.0,1,2870.0,moderado
Miraflores,149.0,2,2,29.0,1,5470.0,premium
La Molina,148.2,2,2,22.0,0,42769.0,premium
Lince,96.0,1,1,19.0,1,2700.0,moderado
Surco,81.6,4,1,12.0,1,4620.0,premium
San Isidro,,2,1,2.0,1,6680.0,premium
La Molina,77.3,3,2,29.0,0,3920.0,premium
Jesus Maria,96.3,2,1,35.0,0,3030.0,premium
Carabayllo,160.9,2,2,28.0,0,2640.0,moderado
La Molina,186.5,3,2,28.0,1,5520.0,premium
Ate,,5,2,8.0,1,4610.0,premium
Miraflores,86.4,1,1,22.0,0,4400.0,premium
Chorrillos,,2,1,4.0,1,4700.0,premium
San Isidro,,4,1,9.0,0,5950.0,premium
San Juan de Lurigancho,190.6,4,3,23.0,1,3910.0,premium
barranco,41.3,3,1,37.0,1,3030.0,premium
Carabayllo,108.1,3,2,17.0,1,2750.0,moderado
Barranco,192.3,2,1,36.0,1,4660.0,premium
SAN ISIDRO,176.6,3,1,34.0,1,6240.0,premium
Barranco,182.1,2,1,4.0,1,5740.0,premium
Jesus Maria,,2,1,7.0,1,4900.0,premium
Jesus Maria,174.1,1,1,0.0,0,4550.0,premium
San Isidro,209.1,3,2,,1,7110.0,premium
Barranco,132.8,4,3,,0,4820.0,premium
Lince,100.5,4,1,11.0,1,3680.0,premium
La Molina,162.7,5,1,17.0,0,5410.0,premium
Chorrillos,83.6,4,2,8.0,1,3430.0,premium
Carabayllo,100.7,4,2,1.0,1,3210.0,premium
San Miguel,127.4,2,2,25.0,1,3660.0,premium
Lince,125.5,5,1,35.0,0,3050.0,premium
Barranco,103.8,5,3,,0,4430.0,premium
Chorrillos,104.6,1,1,17.0,1,2920.0,moderado
CHORRILLOS,217.1,3,3,26.0,1,4270.0,premium
LA MOLINA,44.2,4,1,4.0,1,4270.0,premium
Magdalena,164.3,1,1,21.0,0,3870.0,premium
Miraflores,85.8,1,1,26.0,1,4460.0,premium
San Isidro,83.7,2,2,18.0,1,5550.0,premium
San Juan de Lurigancho,204.4,2,2,7.0,1,4120.0,premium
Lince,58.1,5,3,29.0,1,3100.0,premium
Chorrillos,94.1,2,1,9.0,0,2620.0,moderado
San Isidro,146.0,4,3,31.0,0,6180.0,premium
Chorrillos,72.4,4,1,,0,2670.0,moderado
Barranco,44.2,4,3,20.0,1,4120.0,premium
Surco,111.0,3,1,26.0,1,4910.0,premium
Lince,85.7,3,2,34.0,1,2610.0,moderado
carabayllo,175.4,5,1,0.0,1,4320.0,premium
Barranco,192.4,2,2,,0,4770.0,premium
SAN MIGUEL,219.0,1,1,4.0,1,5040.0,premium
Ate,,2,1,2.0,0,2440.0,moderado
Carabayllo,170.3,4,2,33.0,1,3130.0,premium
Magdalena,65.3,2,2,10.0,0,3170.0,premium
Lince,,5,2,33.0,1,3430.0,premium
Pueblo Libre,103.0,5,3,18.0,1,4230.0,premium
SAN ISIDRO,,5,3,30.0,1,6770.0,premium
San Borja,,5,3,24.0,1,6410.0,premium
Carabayllo,200.1,3,3,7.0,0,4110.0,premium
La Molina,,2,2,11.0,1,4990.0,premium
San Borja,147.8,1,1,32.0,1,4590.0,premium
San Miguel,117.1,5,1,33.0,0,3300.0,premium
San Juan de Lurigancho,146.4,5,2,13.0,0,3540.0,premium
San Borja,139.9,2,1,34.0,1,4400.0,premium
La Molina,,3,2,28.0,0,4790.0,premium
San Juan de Lurigancho,128.4,4,3,9.0,1,3600.0,premium
Lince,210.0,4,3,34.0,1,4700.0,premium
Pueblo Libre,215.6,4,2,10.0,1,5580.0,premium
San Isidro,,2,2,8.0,0,7180.0,premium
La Molina,144.3,2,2,26.0,1,5020.0,premium
Jesus Maria,71.0,3,3,16.0,1,3570.0,premium
CARABAYLLO,76.6,1,1,0.0,1,2530.0,moderado
Ate,111.4,4,3,8.0,1,3630.0,premium
Jesus Maria,43.7,5,3,34.0,0,2940.0,moderado
Magdalena,,2,2,30.0,0,2790.0,moderado
San Isidro,89.7,5,3,10.0,0,6030.0,premium
Miraflores,177.2,3,3,18.0,0,6070.0,premium
San Borja,206.0,4,2,33.0,0,5460.0,premium
Lince,172.7,1,1,13.0,0,3840.0,premium
Magdalena,184.9,4,2,15.0,1,5130.0,premium
Chorrillos,61.8,1,1,28.0,1,1970.0,moderado
Ate,69.3,5,1,15.0,1,3160.0,premium
San Miguel,84.4,2,2,25.0,0,2750.0,moderado
San Borja,82.1,4,3,29.0,0,4210.0,premium
MAGDALENA,217.9,3,2,1.0,1,5580.0,premium
La Molina,146.9,2,2,32.0,1,4570.0,premium
San Juan de Lurigancho,42.5,2,1,28.0,1,1300.0,economico
San Borja,92.9,2,2,23.0,1,4350.0,premium
Surco,163.3,5,3,12.0,0,6170.0,premium
San Isidro,172.9,4,1,13.0,1,6960.0,premium
San Juan de Lurigancho,134.6,3,3,15.0,1,3330.0,premium
San Borja,96.3,2,2,,1,4290.0,premium
San Borja,126.3,3,3,33.0,1,4920.0,premium
San Isidro,74.0,1,1,29.0,0,4420.0,premium
San Isidro,141.1,3,3,26.0,0,5790.0,premium
La Molina,213.0,2,2,21.0,1,5820.0,premium
Pueblo Libre,52.3,3,3,2.0,1,3280.0,premium
Carabayllo,173.4,5,2,28.0,1,3680.0,premium
San Miguel,179.6,4,3,6.0,0,5310.0,premium
La Molina,94.9,3,2,10.0,0,54518.0,premium
Ate,50.2,2,1,8.0,0,1970.0,moderado
Chorrillos,,1,1,34.0,1,1820.0,moderado
San Miguel,133.6,4,2,,0,3460.0,premium
Pueblo Libre,189.9,4,1,19.0,1,4910.0,premium
Barranco,133.8,2,2,15.0,0,4990.0,premium
Barranco,55.1,3,2,22.0,1,3800.0,premium
Chorrillos,176.2,5,2,31.0,0,3890.0,premium
Jesus Maria,84.6,1,1,31.0,1,2860.0,moderado
Surco,193.4,2,2,0.0,1,6480.0,premium
Lince,150.5,4,2,7.0,0,4240.0,premium
Pueblo Libre,175.5,5,2,,1,58222.0,premium
Pueblo Libre,76.7,5,2,26.0,1,3320.0,premium
Jesus Maria,172.4,1,1,15.0,1,4000.0,premium
Chorrillos,93.1,3,2,9.0,1,3560.0,premium
Pueblo Libre,102.7,3,1,30.0,1,3010.0,premium
Ate,115.0,1,1,1.0,0,2920.0,moderado
San Juan de Lurigancho,193.2,4,3,33.0,1,3940.0,premium
San Borja,122.3,3,1,15.0,1,4890.0,premium
Pueblo Libre,131.1,3,3,16.0,0,3860.0,premium
Ate,70.0,5,3,34.0,0,2080.0,moderado
CARABAYLLO,163.5,2,2,27.0,1,2960.0,moderado
Magdalena,209.8,2,1,32.0,1,4410.0,premium
Chorrillos,189.1,5,2,29.0,0,4350.0,premium
Chorrillos,173.7,4,3,7.0,0,4290.0,premium
San Juan de Lurigancho,124.4,2,2,7.0,1,3080.0,premium
San Borja,133.4,1,1,26.0,1,4660.0,premium
San Juan de Lurigancho,99.1,2,2,13.0,0,2470.0,moderado
San Borja,180.4,4,2,22.0,1,5840.0,premium
Surco,196.4,4,1,3.0,0,5940.0,premium
Magdalena,123.9,3,3,5.0,1,4980.0,premium
San Isidro,149.2,4,3,12.0,0,6670.0,premium
Barranco,69.8,1,1,8.0,1,4130.0,premium
Barranco,217.4,1,1,34.0,0,4810.0,premium
Lince,104.0,5,1,1.0,1,4270.0,premium
San Isidro,153.1,4,3,32.0,1,6250.0,premium
Surco,,4,2,27.0,1,4260.0,premium
Ate,60.6,2,2,14.0,1,2490.0,moderado
San Isidro,83.7,5,2,18.0,1,6000.0,premium
San Borja,214.9,3,2,13.0,0,5970.0,premium
San Borja,71.1,4,3,12.0,1,4770.0,premium
San Juan de Lurigancho,149.3,4,2,32.0,1,3330.0,premium
San Miguel,156.4,2,2,30.0,0,3290.0,premium
MAGDALENA,106.8,5,2,13.0,1,4370.0,premium
Pueblo Libre,120.9,3,1,14.0,1,4040.0,premium
Surco,51.3,5,2,,0,4800.0,premium
Carabayllo,145.5,3,3,6.0,1,3850.0,premium
San Juan de Lurigancho,134.8,2,2,28.0,0,2450.0,moderado
Carabayllo,206.8,3,3,9.0,1,4330.0,premium
Jesus Maria,102.3,4,1,18.0,0,3610.0,premium
Surco,149.7,3,2,,0,5740.0,premium
Magdalena,205.1,3,1,26.0,0,4590.0,premium
San Isidro,67.3,2,2,8.0,0,5380.0,premium
La Molina,134.0,3,1,17.0,0,4520.0,premium
Barranco,119.7,1,1,,0,3560.0,premium
Ate,211.9,4,2,23.0,1,4520.0,premium
Ate,157.1,5,3,30.0,0,3030.0,premium
San Borja,63.4,5,2,2.0,1,5160.0,premium
San Borja,158.2,4,1,23.0,1,5380.0,premium
Pueblo Libre,120.4,2,2,39.0,1,3020.0,premium
Ate,169.0,4,3,,1,4730.0,premium
Magdalena,82.4,1,1,31.0,1,2380.0,moderado
Chorrillos,151.2,1,1,,0,2560.0,moderado
Barranco,193.3,4,1,10.0,0,5500.0,premium
Surco,164.5,1,1,18.0,0,5030.0,premium
Ate,127.6,4,1,12.0,0,2930.0,moderado
Surco,216.9,4,1,37.0,1,5830.0,premium
Chorrillos,154.5,5,1,21.0,0,3780.0,premium
Chorrillos,171.2,5,1,4.0,1,4910.0,premium
San Miguel,67.5,5,2,20.0,1,3570.0,premium
San Juan de Lurigancho,166.9,4,3,18.0,1,3620.0,premium
Pueblo Libre,149.7,5,2,8.0,0,4800.0,premium
San Juan de Lurigancho,73.5,3,3,14.0,1,2610.0,moderado
Jesus Maria,215.5,5,3,21.0,0,5500.0,premium
San Miguel,105.1,3,1,37.0,1,2940.0,moderado
Surco,54.1,2,2,32.0,0,3280.0,premium
Magdalena,44.0,4,3,7.0,1,3810.0,premium
Pueblo Libre,58.7,2,2,,1,2350.0,moderado
Carabayllo,88.9,5,3,36.0,1,2490.0,moderado
San Isidro,89.1,2,1,0.0,1,5850.0,premium
Miraflores,119.1,1,1,15.0,0,5090.0,premium
San Borja,166.4,3,2,29.0,0,5100.0,premium
magdalena,108.7,4,2,37.0,1,3430.0,premium
Jesus Maria,,5,1,24.0,0,4600.0,premium
Pueblo Libre,205.0,4,1,20.0,1,4800.0,premium
Surco,146.1,5,2,16.0,0,5720.0,premium
Barranco,148.3,4,2,1.0,0,5440.0,premium
San Miguel,,3,2,3.0,1,4520.0,premium
Chorrillos,44.7,4,2,36.0,0,1750.0,moderado
San Isidro,80.7,1,1,33.0,1,4790.0,premium
San Miguel,157.2,4,2,6.0,1,5060.0,premium
Jesus Maria,63.0,3,2,37.0,1,2920.0,moderado
San Juan de Lurigancho,56.0,4,3,11.0,0,2410.0,moderado
Ate,167.7,3,1,15.0,1,3390.0,premium
Miraflores,124.1,4,2,5.0,1,6500.0,premium
Chorrillos,84.1,4,1,33.0,0,2370.0,moderado
Pueblo Libre,203.1,4,2,2.0,0,5480.0,premium
Miraflores,96.7,4,2,21.0,0,5270.0,premium
San Isidro,40.6,3,2,13.0,0,5120.0,premium
Chorrillos,208.6,1,1,38.0,1,3420.0,premium
San Juan de Lurigancho,196.5,2,2,8.0,1,4200.0,premium
Lince,90.6,4,3,26.0,0,2900.0,moderado
Miraflores,,2,2,12.0,0,6890.0,premium
Chorrillos,184.1,2,1,27.0,1,3460.0,premium
san borja,,2,1,21.0,0,3820.0,premium
San Miguel,192.1,2,2,5.0,1,4950.0,premium
Lince,68.7,1,1,0.0,1,2920.0,moderado
San Juan de Lurigancho,48.4,5,3,,1,2450.0,moderado
Jesus Maria,56.4,3,1,,0,2580.0,moderado
Barranco,48.4,3,3,36.0,1,3350.0,premium
Jesus Maria,77.1,5,3,3.0,1,4610.0,premium
Surco,190.1,1,1,6.0,1,5770.0,premium
Jesus Maria,54.5,1,1,10.0,0,2680.0,moderado
Barranco,217.0,4,2,35.0,1,5790.0,premium
Surco,57.5,2,1,9.0,1,4640.0,premium
Ate,215.6,1,1,19.0,1,3520.0,premium
Surco,157.3,2,2,33.0,0,4310.0,premium
Carabayllo,47.9,1,1,38.0,1,780.0,economico
San Borja,176.9,5,3,22.0,1,6270.0,premium
Jesus Maria,84.9,2,2,18.0,1,3520.0,premium
Surco,163.4,5,3,32.0,0,5450.0,premium
Miraflores,92.1,4,1,36.0,0,5060.0,premium
Barranco,63.0,5,1,9.0,1,4650.0,premium
Barranco,115.4,4,2,9.0,1,5270.0,premium
Carabayllo,94.2,1,1,1.0,1,2540.0,moderado
Magdalena,113.2,1,1,25.0,0,3000.0,moderado
Miraflores,113.5,1,1,34.0,0,4430.0,premium
San Borja,183.4,3,3,0.0,0,6200.0,premium
CARABAYLLO,126.6,4,1,4.0,1,3530.0,premium
Miraflores,202.7,1,1,17.0,1,6330.0,premium
Miraflores,85.6,2,2,0.0,1,5530.0,premium
La Molina,147.8,5,2,14.0,0,5460.0,premium
San Isidro,64.8,1,1,33.0,1,4740.0,premium
San Isidro,136.6,3,1,5.0,1,6540.0,premium
Chorrillos,,2,2,0.0,1,3990.0,premium
San Isidro,97.1,4,2,13.0,1,6210.0,premium
Ate,,5,3,17.0,0,3110.0,premium
Lince,119.5,3,1,24.0,1,3160.0,premium
San Miguel,55.4,5,1,6.0,1,3720.0,premium
Surco,163.4,5,1,7.0,1,6260.0,premium
Magdalena,205.3,1,1,30.0,1,4260.0,premium
San Isidro,49.7,4,1,21.0,0,4950.0,premium
Chorrillos,47.6,5,2,38.0,1,2420.0,moderado
Lince,187.1,5,2,31.0,0,4260.0,premium
Magdalena,87.2,3,2,25.0,1,3690.0,premium
Chorrillos,165.0,5,3,37.0,1,3800.0,premium
Jesus Maria,199.1,5,2,18.0,1,5220.0,premium
Miraflores,145.3,4,3,33.0,1,6120.0,premium
Pueblo Libre,90.8,3,2,30.0,1,3520.0,premium
San Miguel,131.9,5,1,35.0,0,3500.0,premium
Lince,113.9,4,2,16.0,1,3980.0,premium
Chorrillos,110.4,2,1,1.0,1,3560.0,premium
Miraflores,105.0,1,1,10.0,1,5390.0,premium
Carabayllo,139.5,1,1,,1,2000.0,moderado
San Juan de Lurigancho,153.7,3,3,19.0,1,3440.0,premium
Ate,169.5,1,1,30.0,0,2670.0,moderado
Pueblo Libre,58.5,4,3,26.0,1,3400.0,premium
Ate,150.3,5,2,32.0,0,3210.0,premium
San Juan de Lurigancho,86.8,2,2,5.0,1,2820.0,moderado
MIRAFLORES,75.5,4,1,12.0,1,5440.0,premium
San Isidro,156.4,4,2,27.0,0,6160.0,premium
Surco,170.4,3,3,12.0,0,5850.0,premium
San Miguel,214.8,1,1,2.0,1,4830.0,premium
San Isidro,149.7,1,1,23.0,1,6010.0,premium
Chorrillos,193.0,3,2,12.0,0,4270.0,premium
Ate,46.9,2,1,23.0,1,1800.0,moderado
Miraflores,197.4,5,3,17.0,1,46552.0,premium
Jesus Maria,,2,2,0.0,1,4490.0,premium
Magdalena,149.5,4,2,16.0,0,4440.0,premium
San Miguel,,5,1,17.0,1,5030.0,premium
Jesus Maria,42.0,3,1,26.0,0,2130.0,moderado
La Molina,126.7,1,1,22.0,1,4550.0,premium
Miraflores,177.1,4,2,21.0,1,6650.0,premium
Surco,,5,3,5.0,1,7010.0,premium
Barranco,202.7,1,1,18.0,0,4990.0,premium
San Isidro,,1,1,24.0,1,5280.0,premium
La Molina,69.0,5,2,4.0,0,4820.0,premium
Surco,76.2,4,1,0.0,1,4950.0,premium
Barranco,47.3,4,3,27.0,1,3990.0,premium
San Miguel,198.9,5,1,11.0,1,5660.0,premium
Jesus Maria,186.6,3,1,11.0,0,4480.0,premium
Surco,175.2,5,1,35.0,0,5250.0,premium
Surco,179.9,2,2,13.0,1,5830.0,premium
Jesus Maria,68.4,5,3,14.0,1,4150.0,premium
Surco,74.9,5,3,13.0,1,5250.0,premium
San Miguel,139.0,5,1,20.0,0,3990.0,premium
San Isidro,173.9,4,2,18.0,1,7020.0,premium
Magdalena,154.6,5,3,7.0,0,4900.0,premium
San Juan de Lurigancho,201.0,5,3,31.0,1,3870.0,premium
Jesus Maria,163.5,3,3,15.0,0,4420.0,premium
Miraflores,62.9,1,1,22.0,1,4570.0,premium
Chorrillos,,1,1,14.0,0,3630.0,premium
Ate,153.5,2,1,26.0,0,2610.0,moderado
Surco,98.3,5,3,30.0,0,4850.0,premium
San Juan de Lurigancho,214.8,2,2,11.0,1,4310.0,premium
San Juan de Lurigancho,42.2,2,2,5.0,1,1800.0,moderado
La Molina,127.1,5,1,27.0,0,4540.0,premium
Pueblo Libre,129.1,1,1,36.0,1,2860.0,moderado
San Miguel,111.2,5,1,38.0,0,3090.0,premium
Lince,140.3,2,1,9.0,1,3840.0,premium
Miraflores,196.4,1,1,12.0,0,6120.0,premium
Pueblo Libre,70.0,4,1,4.0,1,3540.0,premium
Chorrillos,202.3,5,3,24.0,1,4670.0,premium
Pueblo Libre,97.8,3,3,17.0,0,3410.0,premium
Carabayllo,51.7,3,2,26.0,0,1340.0,economico
San Isidro,46.2,1,1,29.0,1,4380.0,premium
La Molina,187.7,2,2,21.0,0,5460.0,premium
San Isidro,159.0,3,1,21.0,1,6630.0,premium
Miraflores,43.6,5,2,32.0,1,5100.0,premium
Miraflores,55.3,3,3,20.0,0,4770.0,premium
Ate,,2,2,16.0,1,2970.0,moderado
Lince,,2,2,32.0,0,4180.0,premium
Chorrillos,74.0,4,1,20.0,1,2810.0,moderado
Pueblo Libre,,4,3,14.0,1,4100.0,premium
Surco,115.3,3,3,,0,5350.0,premium
Ate,101.9,5,2,13.0,0,3410.0,premium
San Miguel,187.1,3,1,1.0,1,5200.0,premium
Chorrillos,165.5,3,2,21.0,0,3660.0,premium
miraflores,159.9,2,1,1.0,1,6330.0,premium
jesus maria,52.0,5,2,30.0,1,3190.0,premium
San Miguel,135.4,5,2,4.0,1,4930.0,premium
San Miguel,60.2,1,1,33.0,1,2070.0,moderado
Jesus Maria,92.0,3,3,31.0,0,3310.0,premium
Carabayllo,116.5,5,3,5.0,1,3650.0,premium
San Isidro,207.4,1,1,25.0,1,6560.0,premium
Jesus Maria,179.0,2,2,1.0,1,4770.0,premium
Chorrillos,179.2,4,2,10.0,0,4340.0,premium
San Borja,219.8,4,3,15.0,0,6330.0,premium
San Borja,102.6,5,3,15.0,1,5380.0,premium
Chorrillos,186.2,3,2,14.0,1,4380.0,premium
San Miguel,87.3,2,2,20.0,0,2940.0,moderado
San Borja,159.4,4,3,,1,6030.0,premium
San Isidro,83.2,4,2,23.0,0,5260.0,premium
San Isidro,116.6,3,1,30.0,1,5750.0,premium
Magdalena,50.5,4,2,31.0,1,3170.0,premium
Lince,42.0,2,2,32.0,1,2210.0,moderado
Barranco,171.3,3,1,36.0,1,4750.0,premium
LA MOLINA,108.2,4,3,,1,4500.0,premium
Surco,119.4,5,2,10.0,0,5460.0,premium
Jesus Maria,,5,2,36.0,1,4780.0,premium
San Borja,149.1,3,3,14.0,1,5700.0,premium
LINCE,132.6,3,3,16.0,0,3610.0,premium
San Miguel,128.5,2,2,17.0,0,3770.0,premium
San Juan de Lurigancho,132.7,3,1,31.0,0,2650.0,moderado
Pueblo Libre,181.1,3,3,28.0,1,4580.0,premium
San Borja,162.8,2,1,24.0,0,4990.0,premium
San Juan de Lurigancho,85.6,5,2,10.0,0,3240.0,premium
San Isidro,93.0,5,2,5.0,1,6380.0,premium
Pueblo Libre,,3,3,17.0,1,3750.0,premium
pueblo libre,106.4,4,1,6.0,1,4050.0,premium
Surco,106.0,2,2,32.0,1,4280.0,premium
San Juan de Lurigancho,100.2,3,2,15.0,1,2790.0,moderado
Carabayllo,115.3,2,2,0.0,1,2650.0,moderado
Magdalena,152.7,1,1,16.0,0,3850.0,premium
surco,149.9,1,1,21.0,1,4940.0,premium
Pueblo Libre,170.3,1,1,17.0,1,3860.0,premium
San Borja,180.5,3,1,13.0,1,5780.0,premium
Barranco,149.6,5,1,19.0,0,5080.0,premium
San Isidro,40.0,1,1,2.0,1,5200.0,premium
Magdalena,144.6,3,3,25.0,1,4380.0,premium
Lince,41.7,2,1,29.0,0,1840.0,moderado
Barranco,129.3,2,2,23.0,0,4430.0,premium
Chorrillos,106.9,5,1,30.0,1,3220.0,premium
JESUS MARIA,102.8,1,1,1.0,1,3960.0,premium
La Molina,78.5,1,1,5.0,0,4020.0,premium
Jesus Maria,195.1,4,2,7.0,0,5360.0,premium
Magdalena,124.1,5,2,35.0,0,4040.0,premium
Magdalena,188.6,5,1,37.0,1,4970.0,premium
San Isidro,161.3,5,1,30.0,1,6510.0,premium
La Molina,194.5,2,1,1.0,1,6140.0,premium
Carabayllo,55.9,4,1,38.0,1,1660.0,moderado
San Miguel,211.3,1,1,13.0,0,4570.0,premium
San Miguel,107.8,5,2,24.0,0,3870.0,premium
San Isidro,41.7,1,1,,1,5010.0,premium
Miraflores,133.9,1,1,31.0,1,4850.0,premium
San Borja,134.2,3,1,20.0,1,4920.0,premium
San Isidro,179.2,5,3,8.0,1,7870.0,premium
San Miguel,201.7,5,3,,1,5460.0,premium
Ate,,3,1,12.0,1,2890.0,moderado
Ate,147.9,1,1,,1,3200.0,premium
Carabayllo,155.7,1,1,0.0,1,3130.0,premium
La Molina,,2,2,14.0,1,5360.0,premium
San Miguel,157.6,4,1,6.0,0,4360.0,premium
San Juan de Lurigancho,127.3,3,1,3.0,1,3230.0,premium
San Juan de Lurigancho,118.3,5,3,22.0,1,3120.0,premium
Carabayllo,63.9,2,2,3.0,1,2600.0,moderado
San Juan de Lurigancho,174.6,1,1,22.0,1,2990.0,moderado
Pueblo Libre,54.9,2,1,37.0,0,34268.0,moderado
San Isidro,133.8,2,2,17.0,1,6000.0,premium
San Miguel,,1,1,36.0,1,2440.0,moderado
Jesus Maria,40.2,1,1,1.0,1,3160.0,premium
Miraflores,108.6,1,1,,1,5250.0,premium
Ate,154.3,5,3,29.0,1,3510.0,premium
san juan de lurigancho,127.3,3,1,3.0,1,3230.0,premium
San Miguel,171.4,4,2,29.0,1,4610.0,premium
Jesus Maria,92.5,1,1,11.0,0,3030.0,premium
san juan de lurigancho,82.1,4,1,20.0,0,2340.0,moderado
Jesus Maria,138.3,5,2,34.0,0,3510.0,premium
Chorrillos,77.9,3,1,3.0,1,3050.0,premium
Pueblo Libre,40.3,2,1,24.0,1,2460.0,moderado
San Miguel,206.4,1,1,13.0,1,4570.0,premium
Ate,211.6,3,2,26.0,1,3840.0,premium
Miraflores,137.1,5,2,33.0,0,5620.0,premium
La Molina,110.8,4,1,,1,5030.0,premium
San Borja,,2,1,21.0,1,4470.0,premium
Ate,151.8,5,1,39.0,1,3120.0,premium
Jesus Maria,177.4,5,2,39.0,1,4320.0,premium
Carabayllo,134.2,3,1,2.0,0,3220.0,premium
Miraflores,,1,1,0.0,1,5290.0,premium
San Isidro,124.7,1,1,25.0,1,5660.0,premium
Carabayllo,217.2,3,1,13.0,0,3950.0,premium
Ate,78.6,4,2,,1,2140.0,moderado
Carabayllo,156.8,2,2,36.0,1,2480.0,moderado
Lince,165.8,3,1,38.0,1,3340.0,premium
Pueblo Libre,,3,3,36.0,0,3410.0,premium
San Juan de Lurigancho,,2,1,32.0,1,1650.0,moderado
Chorrillos,174.4,3,2,16.0,0,3800.0,premium
San Isidro,192.9,4,1,24.0,1,6830.0,premium
Jesus Maria,47.8,4,1,7.0,1,3650.0,premium
Barranco,79.4,5,3,37.0,1,4180.0,premium
San Miguel,216.6,3,3,26.0,1,60793.0,premium
La Molina,161.5,3,2,36.0,1,5030.0,premium
San Borja,113.2,4,2,13.0,1,5230.0,premium
Carabayllo,124.8,3,2,14.0,1,2880.0,moderado
La Molina,123.6,4,1,26.0,0,4670.0,premium
Barranco,190.2,1,1,24.0,1,5040.0,premium
Miraflores,194.6,2,2,12.0,1,6500.0,premium
San Isidro,118.4,3,1,,1,5530.0,premium
Chorrillos,118.4,1,1,22.0,0,2560.0,moderado
Ate,41.8,2,1,38.0,1,1350.0,economico
surco,187.2,3,1,24.0,1,5480.0,premium
Jesus Maria,132.4,3,2,7.0,1,4430.0,premium
san miguel,195.7,1,1,29.0,0,3780.0,premium
San Juan de Lurigancho,,4,1,39.0,0,2800.0,moderado
Ate,96.3,5,2,31.0,0,2650.0,moderado
MIRAFLORES,60.2,3,2,37.0,0,4100.0,premium
Barranco,121.4,1,1,31.0,1,4090.0,premium
San Borja,106.5,1,1,35.0,1,3840.0,premium
La Molina,146.0,1,1,38.0,0,4010.0,premium
Barranco,162.3,3,3,14.0,0,5210.0,premium
Chorrillos,42.2,1,1,33.0,1,1710.0,moderado
Jesus Maria,160.0,4,2,25.0,1,4310.0,premium
Surco,65.3,3,2,12.0,0,4250.0,premium
Surco,127.1,3,2,13.0,0,5010.0,premium
Carabayllo,159.2,3,2,0.0,1,3780.0,premium
Magdalena,189.3,5,3,38.0,0,4630.0,premium
Ate,180.2,3,2,30.0,0,3360.0,premium
Ate,107.9,5,2,30.0,1,2960.0,moderado
Magdalena,214.1,3,3,8.0,1,38144.0,premium
Lince,151.0,2,2,33.0,1,3110.0,premium
Magdalena,201.5,5,3,10.0,1,5680.0,premium
Barranco,62.3,1,1,36.0,1,3130.0,premium
Ate,211.8,2,1,,1,3770.0,premium
Carabayllo,116.8,4,2,13.0,1,3140.0,premium
Jesus Maria,158.6,5,1,,1,5070.0,premium
Pueblo Libre,210.6,1,1,11.0,0,4130.0,premium
Miraflores,164.5,2,2,38.0,0,5050.0,premium
Ate,117.3,3,3,26.0,1,3070.0,premium
Ate,204.6,5,2,17.0,1,4410.0,premium
San Juan de Lurigancho,193.1,1,1,13.0,1,3600.0,premium
Pueblo Libre,126.6,2,2,20.0,0,3660.0,premium
Jesus Maria,172.6,2,1,,1,4530.0,premium
La Molina,130.3,3,2,24.0,1,4710.0,premium
Miraflores,84.2,3,1,30.0,0,4590.0,premium
San Isidro,183.2,4,1,20.0,1,6760.0,premium
Ate,92.8,4,1,14.0,0,2610.0,moderado
Lince,81.9,5,3,12.0,1,3870.0,premium
La Molina,66.7,4,2,16.0,1,4640.0,premium
Surco,95.2,5,3,24.0,1,4930.0,premium
La Molina,157.0,2,2,32.0,0,4470.0,premium
La Molina,129.7,3,1,35.0,1,4400.0,premium
San Isidro,73.6,5,3,7.0,1,6420.0,premium
Miraflores,217.5,5,3,,1,7620.0,premium
Surco,49.4,1,1,3.0,1,4090.0,premium
Barranco,124.3,2,1,13.0,1,4690.0,premium
SAN MIGUEL,79.7,5,3,17.0,1,3820.0,premium
Surco,88.5,5,3,16.0,1,5370.0,premium
San Isidro,136.6,3,2,20.0,0,6080.0,premium
La Molina,200.1,1,1,3.0,0,5590.0,premium
Magdalena,162.9,4,3,10.0,1,5310.0,premium
Ate,48.2,1,1,25.0,0,1170.0,economico
Jesus Maria,132.9,3,3,,1,4070.0,premium
Carabayllo,197.9,4,1,13.0,1,4090.0,premium
chorrillos,146.8,5,3,2.0,1,4740.0,premium
Jesus Maria,114.2,3,3,5.0,1,4510.0,premium
San Borja,83.9,3,2,23.0,1,4490.0,premium
Miraflores,179.3,4,1,28.0,1,6130.0,premium
Pueblo Libre,62.5,4,2,19.0,0,2830.0,moderado
Carabayllo,41.9,5,3,33.0,0,1910.0,moderado
Chorrillos,,4,3,12.0,1,4350.0,premium
Barranco,156.2,5,1,3.0,1,5930.0,premium
Miraflores,125.1,4,1,33.0,1,5480.0,premium
La Molina,71.3,1,1,18.0,0,3840.0,premium
san borja,208.4,2,2,21.0,0,5470.0,premium
Carabayllo,143.4,1,1,28.0,0,2050.0,moderado
Lince,202.8,5,3,11.0,0,4980.0,premium
San Miguel,139.3,1,1,18.0,0,3370.0,premium
San Borja,146.1,3,1,1.0,1,5920.0,premium
Barranco,160.8,3,1,23.0,0,4640.0,premium
Ate,70.6,3,3,17.0,1,2540.0,moderado
Pueblo Libre,,3,3,37.0,0,3510.0,premium
Barranco,127.0,2,2,38.0,1,4020.0,premium
san juan de lurigancho,100.3,5,3,32.0,1,2680.0,moderado
La Molina,112.3,4,3,35.0,1,4480.0,premium
La Molina,197.7,1,1,28.0,0,4720.0,premium
Barranco,97.3,3,2,21.0,1,4360.0,premium
La Molina,199.9,5,3,27.0,1,6350.0,premium
Chorrillos,,4,2,16.0,1,4400.0,premium
San Isidro,182.2,5,1,35.0,1,6400.0,premium
San Miguel,160.6,5,3,3.0,0,4860.0,premium
Chorrillos,73.6,5,3,6.0,0,3520.0,premium
La Molina,65.9,4,1,10.0,1,4550.0,premium
Barranco,151.0,3,3,1.0,1,5670.0,premium
La Molina,,4,3,,0,4170.0,premium
Pueblo Libre,217.0,1,1,36.0,0,3850.0,premium
Lince,53.9,1,1,28.0,1,2040.0,moderado
San Isidro,175.6,4,2,,1,6900.0,premium
San Miguel,42.2,2,2,21.0,1,2890.0,moderado
San Juan de Lurigancho,,4,2,18.0,0,3670.0,premium
Pueblo Libre,170.2,4,3,0.0,0,4900.0,premium
Miraflores,129.6,3,1,38.0,0,4800.0,premium
san juan de lurigancho,114.7,5,3,23.0,1,3390.0,premium
San Juan de Lurigancho,101.3,2,2,,1,2130.0,moderado
La Molina,,2,2,17.0,1,4270.0,premium
Chorrillos,107.4,3,1,5.0,1,3700.0,premium
San Juan de Lurigancho,194.0,2,2,27.0,1,3320.0,premium
Ate,115.5,3,1,30.0,0,2340.0,moderado
Magdalena,184.5,5,2,1.0,1,5620.0,premium
Carabayllo,158.2,2,1,25.0,1,2820.0,moderado
Miraflores,195.2,2,1,22.0,1,56195.0,premium
Surco,104.0,3,1,31.0,0,3940.0,premium
San Borja,114.8,5,2,,1,5280.0,premium
Surco,216.5,3,3,36.0,1,6110.0,premium
San Miguel,198.0,2,2,25.0,0,4460.0,premium
San Isidro,90.6,1,1,21.0,1,5200.0,premium
Barranco,140.8,3,2,26.0,1,4630.0,premium
Pueblo Libre,197.8,5,3,34.0,0,4560.0,premium
Lince,150.8,4,2,32.0,1,3800.0,premium
Magdalena,118.2,1,1,31.0,1,3170.0,premium
Magdalena,147.8,4,1,22.0,0,3970.0,premium
San Juan de Lurigancho,188.1,5,1,31.0,1,3700.0,premium
San Miguel,88.0,4,2,7.0,1,3840.0,premium
Lince,204.7,4,1,16.0,1,4900.0,premium
Jesus Maria,194.7,1,1,3.0,1,4890.0,premium
San Juan de Lurigancho,168.7,5,1,11.0,0,3620.0,premium
Barranco,108.4,3,2,31.0,1,4330.0,premium
San Miguel,,3,1,8.0,0,3090.0,premium
Pueblo Libre,80.1,5,2,19.0,1,3480.0,premium
Ate,200.6,2,2,23.0,1,3730.0,premium
San Borja,216.5,3,1,18.0,1,6170.0,premium
Magdalena,200.2,3,2,37.0,1,4460.0,premium
San Borja,169.7,3,1,16.0,1,5620.0,premium
Ate,178.6,3,1,25.0,0,3180.0,premium
MIRAFLORES,117.3,1,1,34.0,1,4600.0,premium
San Isidro,122.8,3,2,4.0,1,6580.0,premium
San Isidro,162.8,3,2,37.0,1,5940.0,premium
Barranco,211.1,2,2,28.0,1,5230.0,premium
La Molina,155.7,1,1,18.0,0,4470.0,premium
Lince,162.4,3,3,21.0,0,3620.0,premium
San Juan de Lurigancho,123.4,2,2,27.0,0,2460.0,moderado
Surco,55.0,4,2,18.0,1,4360.0,premium
Chorrillos,214.4,3,3,25.0,1,4580.0,premium
Jesus Maria,190.9,5,2,22.0,1,5000.0,premium
San Miguel,85.3,2,2,,1,3190.0,premium
Magdalena,115.0,3,3,8.0,1,4690.0,premium
San Miguel,199.6,5,3,26.0,0,36787.0,premium
La Molina,87.8,4,3,24.0,1,4610.0,premium
Jesus Maria,,3,1,7.0,1,4590.0,premium
San Isidro,99.2,5,2,2.0,0,6390.0,premium
Ate,89.3,5,3,34.0,1,2530.0,moderado
San Juan de Lurigancho,145.1,5,1,,1,3020.0,premium
San Juan de Lurigancho,88.6,4,2,39.0,1,2120.0,moderado
Ate,139.2,1,1,2.0,1,3290.0,premium
San Borja,,3,2,18.0,0,4640.0,premium
San Miguel,,3,3,36.0,0,3030.0,premium
Magdalena,100.3,3,3,26.0,1,3930.0,premium
Jesus Maria,72.5,2,2,15.0,0,3070.0,premium
San Borja,64.5,2,1,22.0,0,3940.0,premium
San Miguel,,3,2,9.0,1,4350.0,premium
magdalena,,1,1,2.0,1,4650.0,premium
San Isidro,,4,3,6.0,1,7620.0,premium
Jesus Maria,176.5,3,3,31.0,0,4140.0,premium
Carabayllo,115.2,2,2,24.0,1,2330.0,moderado
Surco,59.5,5,2,22.0,0,4460.0,premium
Magdalena,162.2,4,2,27.0,0,4120.0,premium
Magdalena,48.4,5,3,34.0,1,3090.0,premium
San Juan de Lurigancho,199.4,1,1,33.0,0,2660.0,moderado
Ate,102.1,5,2,38.0,0,2290.0,moderado
Magdalena,50.5,4,1,39.0,0,2380.0,moderado
San Juan de Lurigancho,106.3,1,1,33.0,0,1370.0,economico
Surco,193.4,5,1,32.0,1,5740.0,premium
Miraflores,60.2,5,3,11.0,0,5200.0,premium
La Molina,127.5,4,1,4.0,0,5250.0,premium
San Isidro,43.6,3,3,4.0,1,5720.0,premium
Miraflores,126.2,2,2,39.0,1,4950.0,premium
Chorrillos,60.3,3,1,30.0,0,1920.0,moderado
Lince,185.1,1,1,30.0,0,3360.0,premium
San Isidro,113.1,5,1,16.0,0,5990.0,premium
Miraflores,134.3,2,2,29.0,1,5390.0,premium
San Borja,97.9,2,2,15.0,1,4790.0,premium
Ate,200.5,5,2,15.0,1,4580.0,premium
Chorrillos,96.1,2,1,30.0,1,2470.0,moderado
Pueblo Libre,172.4,2,2,27.0,1,3940.0,premium
Barranco,160.5,4,2,15.0,0,5390.0,premium
Barranco,175.3,4,2,23.0,1,5460.0,premium
Magdalena,50.8,5,3,36.0,0,2940.0,moderado
Jesus Maria,139.6,3,1,10.0,1,4440.0,premium
Jesus Maria,194.6,2,1,35.0,1,4070.0,premium
San Isidro,214.5,1,1,12.0,0,6840.0,premium
San Borja,77.2,2,2,5.0,0,4390.0,premium
Pueblo Libre,68.5,4,1,35.0,0,2390.0,moderado
Barranco,89.4,1,1,,1,3420.0,premium
Jesus Maria,183.8,5,2,38.0,1,4430.0,premium
La Molina,159.4,1,1,28.0,1,4410.0,premium
Ate,131.2,3,3,35.0,1,2730.0,moderado
Lince,143.9,2,2,33.0,1,3140.0,premium
San Isidro,71.6,3,3,9.0,0,5430.0,premium
San Miguel,119.4,2,2,1.0,0,3920.0,premium
Miraflores,217.5,2,2,33.0,1,6140.0,premium
San Juan de Lurigancho,195.0,4,1,8.0,0,3970.0,premium
Miraflores,117.8,4,3,23.0,1,5960.0,premium
Jesus Maria,217.3,4,1,35.0,1,4910.0,premium
Jesus Maria,86.9,2,2,32.0,1,3050.0,premium
San Isidro,,4,3,29.0,0,6660.0,premium
Carabayllo,106.4,5,1,27.0,1,2810.0,moderado
San Miguel,73.2,3,3,34.0,0,2900.0,moderado
Barranco,160.8,5,2,9.0,0,5570.0,premium
Ate,71.9,4,1,38.0,0,1830.0,moderado
Lince,76.8,5,1,2.0,0,3470.0,premium
Jesus Maria,179.1,5,2,38.0,1,4260.0,premium
CARABAYLLO,,1,1,12.0,1,3740.0,premium
Magdalena,64.8,4,2,15.0,1,3650.0,premium
Ate,217.6,1,1,5.0,1,4140.0,premium
Pueblo Libre,46.9,1,1,13.0,0,2420.0,moderado
Ate,170.6,4,3,13.0,1,4070.0,premium
Barranco,131.8,5,1,8.0,1,5420.0,premium
San Borja,121.0,3,1,4.0,0,5150.0,premium
Miraflores,123.9,3,1,25.0,0,5130.0,premium
Pueblo Libre,,2,2,29.0,1,4240.0,premium
Surco,157.8,5,3,24.0,1,5510.0,premium
San Isidro,129.8,5,2,37.0,1,5940.0,premium
San Juan de Lurigancho,173.7,5,2,34.0,1,3330.0,premium
San Isidro,173.9,5,3,22.0,0,7100.0,premium
San Borja,,4,2,39.0,0,5170.0,premium
Barranco,132.0,2,2,20.0,1,4510.0,premium
Magdalena,152.1,1,1,19.0,1,3890.0,premium
Miraflores,149.7,3,1,23.0,1,5630.0,premium
Chorrillos,147.9,2,2,15.0,1,3610.0,premium
Lince,68.7,4,1,5.0,1,3260.0,premium
San Borja,53.9,3,1,17.0,1,3970.0,premium
La Molina,123.7,5,2,33.0,0,4570.0,premium
San Borja,80.1,2,1,34.0,0,3380.0,premium
Pueblo Libre,158.8,3,2,10.0,1,4480.0,premium
Carabayllo,,1,1,10.0,0,1540.0,moderado
San Miguel,83.0,1,1,14.0,1,2910.0,moderado
ATE,105.6,4,3,7.0,0,3420.0,premium
San Miguel,,1,1,22.0,1,3120.0,premium
San Juan de Lurigancho,143.4,4,3,35.0,0,2980.0,moderado
Magdalena,185.7,5,2,13.0,1,5710.0,premium
Pueblo Libre,,4,3,33.0,0,3060.0,premium
SURCO,140.5,3,3,2.0,0,39786.0,premium
Pueblo Libre,49.6,2,2,8.0,0,2810.0,moderado
Magdalena,132.7,4,2,36.0,1,3920.0,premium
Chorrillos,62.2,2,1,35.0,1,2010.0,moderado
Chorrillos,169.2,4,2,37.0,1,3600.0,premium
San Miguel,176.4,5,3,33.0,1,4250.0,premium
San Isidro,82.7,2,1,31.0,1,5050.0,premium
San Juan de Lurigancho,158.1,1,1,39.0,1,2310.0,moderado
San Borja,82.3,2,2,3.0,0,4670.0,premium
Ate,189.1,2,2,6.0,1,4310.0,premium
Magdalena,101.8,3,2,16.0,1,4020.0,premium
san borja,207.6,3,1,17.0,1,5750.0,premium
Magdalena,129.0,3,2,23.0,1,3840.0,premium
Carabayllo,144.7,2,2,33.0,0,2170.0,moderado
Ate,168.4,2,2,29.0,1,3220.0,premium
San Borja,,3,1,24.0,0,4780.0,premium
Surco,106.5,1,1,37.0,0,3860.0,premium
La Molina,61.5,4,1,17.0,0,3960.0,premium
La Molina,129.2,5,3,29.0,0,4890.0,premium
Pueblo Libre,180.5,2,2,10.0,0,4330.0,premium
Surco,105.9,4,2,34.0,1,4290.0,premium
Miraflores,118.2,5,1,24.0,1,5620.0,premium
Barranco,124.5,1,1,2.0,1,4960.0,premium
San Juan de Lurigancho,99.0,5,3,28.0,1,2740.0,moderado
Jesus Maria,212.1,1,1,34.0,0,4040.0,premium
Ate,,2,2,21.0,1,1920.0,moderado
Lince,124.6,2,2,11.0,1,3660.0,premium
San Juan de Lurigancho,190.6,4,3,1.0,1,4540.0,premium
Barranco,117.0,5,2,33.0,1,4340.0,premium
Surco,213.8,4,1,25.0,0,6060.0,premium
PUEBLO LIBRE,63.7,2,1,4.0,1,3150.0,premium
San Borja,,3,1,14.0,0,4600.0,premium
Pueblo Libre,213.4,5,2,30.0,1,4820.0,premium
San Juan de Lurigancho,123.6,5,3,24.0,0,3000.0,moderado
Jesus Maria,218.1,4,2,26.0,1,5160.0,premium
Barranco,122.8,1,1,33.0,0,3600.0,premium
Lince,88.8,4,2,11.0,1,3730.0,premium
Barranco,180.6,1,1,5.0,1,5550.0,premium
Barranco,161.9,1,1,7.0,0,4570.0,premium
JESUS MARIA,213.8,3,2,2.0,1,5700.0,premium
Miraflores,128.3,4,2,31.0,1,5430.0,premium
Ate,127.4,2,1,38.0,1,2130.0,moderado
San Isidro,191.2,2,2,22.0,1,6970.0,premium
Ate,130.3,3,2,,1,3300.0,premium
Barranco,78.5,1,1,28.0,1,3380.0,premium
Lince,101.7,5,1,0.0,1,4190.0,premium
Ate,89.6,3,2,26.0,1,2760.0,moderado
Miraflores,177.6,4,1,20.0,1,6590.0,premium
San Isidro,217.5,1,1,22.0,1,6690.0,premium
Lince,163.0,5,3,37.0,1,3970.0,premium
Surco,,1,1,,0,3750.0,premium
san isidro,83.0,1,1,32.0,1,4790.0,premium
Surco,43.8,2,2,6.0,1,4340.0,premium
MAGDALENA,109.2,4,2,6.0,1,4560.0,premium
San Borja,72.4,3,3,,0,4340.0,premium
La Molina,105.3,4,1,1.0,1,5440.0,premium
ATE,140.4,4,1,23.0,0,3200.0,premium
San Miguel,172.6,1,1,38.0,1,3650.0,premium
San Borja,57.9,1,1,28.0,0,3240.0,premium
Ate,81.4,2,1,22.0,1,2070.0,moderado
San Juan de Lurigancho,160.5,3,3,11.0,1,3840.0,premium
Chorrillos,151.2,3,2,14.0,1,3900.0,premium
San Isidro,83.3,3,3,31.0,1,5280.0,premium
San Juan de Lurigancho,127.9,2,2,18.0,1,2930.0,moderado
Surco,207.1,5,1,27.0,0,5930.0,premium
Lince,168.9,5,1,,0,3800.0,premium
Magdalena,90.5,3,1,34.0,1,3140.0,premium
Lince,198.3,4,1,28.0,1,4610.0,premium
San Isidro,183.8,1,1,31.0,0,5820.0,premium
San Borja,58.4,5,2,17.0,1,4690.0,premium
Carabayllo,198.6,5,3,30.0,0,3500.0,premium
Miraflores,164.9,4,3,23.0,0,5860.0,premium
San Juan de Lurigancho,80.5,3,1,11.0,0,2450.0,moderado
Pueblo Libre,180.5,1,1,19.0,1,4050.0,premium
San Borja,95.6,4,1,15.0,0,4360.0,premium
Pueblo Libre,69.5,2,2,13.0,0,2740.0,moderado
Pueblo Libre,112.1,2,2,20.0,1,3330.0,premium
San Borja,111.4,4,3,4.0,1,5880.0,premium
Magdalena,122.5,4,2,31.0,0,3570.0,premium
Surco,48.1,4,1,31.0,1,4020.0,premium
Magdalena,181.3,2,2,23.0,0,3970.0,premium
Barranco,163.4,3,2,26.0,0,4760.0,premium
Magdalena,128.5,4,3,2.0,0,4940.0,premium
Chorrillos,,1,1,30.0,1,2270.0,moderado
Pueblo Libre,184.2,3,1,4.0,0,4650.0,premium
Ate,121.7,1,1,13.0,1,2730.0,moderado
San Juan de Lurigancho,95.3,4,2,27.0,1,2520.0,moderado
Barranco,,4,3,2.0,1,5150.0,premium
Barranco,71.6,4,3,5.0,1,4750.0,premium
Jesus Maria,77.4,3,1,8.0,1,3730.0,premium
Carabayllo,,3,3,26.0,0,2600.0,moderado
Lince,58.9,2,2,14.0,1,2560.0,moderado
San Juan de Lurigancho,212.0,2,1,18.0,0,3570.0,premium
San Juan de Lurigancho,82.0,4,2,35.0,1,2320.0,moderado
Ate,40.2,1,1,6.0,0,1670.0,moderado
Carabayllo,95.7,3,2,9.0,1,2840.0,moderado
San Juan de Lurigancho,142.9,2,2,20.0,1,3060.0,premium
San Isidro,89.3,1,1,13.0,0,5260.0,premium
Pueblo Libre,147.5,3,2,31.0,0,3120.0,premium
Miraflores,107.5,4,3,23.0,0,5630.0,premium
Barranco,144.7,4,3,10.0,1,5880.0,premium
La Molina,65.5,2,2,28.0,1,3850.0,premium
Ate,141.5,5,3,5.0,1,4130.0,premium
Ate,187.1,1,1,24.0,0,3040.0,premium
Miraflores,197.9,2,2,2.0,1,7180.0,premium
Magdalena,122.3,1,1,10.0,1,3930.0,premium
Jesus Maria,48.4,3,3,7.0,0,3340.0,premium
Chorrillos,,5,1,30.0,0,2090.0,moderado
Chorrillos,207.4,1,1,16.0,1,4130.0,premium
Surco,219.8,3,3,9.0,1,6780.0,premium
San Isidro,154.1,5,2,18.0,1,7100.0,premium
Magdalena,61.9,4,3,1.0,1,4390.0,premium
Ate,176.7,2,1,,1,3460.0,premium
Ate,120.4,2,2,13.0,0,2630.0,moderado
Pueblo Libre,,5,3,29.0,1,4240.0,premium
La Molina,70.6,3,3,8.0,1,4730.0,premium
Miraflores,144.6,5,3,22.0,1,6320.0,premium
Jesus Maria,53.3,5,3,32.0,0,2670.0,moderado
Ate,,3,3,13.0,1,3170.0,premium
Lince,99.1,4,2,22.0,0,3220.0,premium
Surco,77.6,1,1,15.0,1,4380.0,premium
San Miguel,192.4,3,2,20.0,0,4420.0,premium
Ate,151.0,1,1,14.0,1,3120.0,premium
La Molina,97.5,5,2,1.0,1,5440.0,premium
San Miguel,153.1,4,3,5.0,1,4680.0,premium
San Isidro,198.1,5,2,,1,7870.0,premium
San Miguel,142.7,5,1,4.0,1,5070.0,premium
San Isidro,140.6,1,1,26.0,1,39403.0,premium
La Molina,54.2,1,1,5.0,1,3880.0,premium
Carabayllo,57.6,3,2,26.0,0,1490.0,economico
Ate,144.0,1,1,16.0,1,2980.0,moderado
Lince,79.6,5,3,12.0,0,3570.0,premium
Lince,196.5,4,2,,1,4720.0,premium
Surco,42.4,1,1,0.0,0,3890.0,premium
carabayllo,69.0,5,2,12.0,1,3060.0,premium
Jesus Maria,52.5,1,1,32.0,1,2190.0,moderado
Ate,136.7,5,3,21.0,1,3510.0,premium
San Borja,147.1,4,1,22.0,0,4960.0,premium
Ate,41.2,4,2,25.0,0,1950.0,moderado
Barranco,160.9,5,3,24.0,1,5850.0,premium
Magdalena,157.2,2,1,25.0,0,3680.0,premium
La Molina,111.1,2,2,38.0,1,3880.0,premium
Jesus Maria,56.8,4,1,18.0,1,3500.0,premium
San Borja,81.0,1,1,9.0,1,4170.0,premium
Chorrillos,,2,2,39.0,0,3610.0,premium
Miraflores,136.7,2,2,8.0,1,6090.0,premium
San Juan de Lurigancho,56.8,3,2,11.0,0,2090.0,moderado
Pueblo Libre,192.9,3,1,10.0,0,4620.0,premium
Chorrillos,115.1,3,3,13.0,1,3700.0,premium
CARABAYLLO,193.1,2,1,15.0,0,3010.0,premium
San Miguel,176.7,2,2,33.0,0,3500.0,premium
Pueblo Libre,,3,1,14.0,1,3710.0,premium
Ate,174.3,1,1,30.0,0,2590.0,moderado
Carabayllo,150.7,4,3,6.0,1,3930.0,premium
Lince,143.0,1,1,21.0,1,3330.0,premium
San Borja,,5,1,11.0,1,5300.0,premium
Ate,140.2,4,1,1.0,0,3670.0,premium
Miraflores,157.9,5,2,11.0,0,6730.0,premium
San Isidro,,5,1,15.0,0,5390.0,premium
Carabayllo,50.9,3,1,30.0,0,1190.0,economico
Barranco,109.9,3,2,33.0,1,4020.0,premium
Pueblo Libre,214.7,2,2,15.0,0,4660.0,premium
Carabayllo,110.3,2,1,17.0,1,2590.0,moderado
Surco,72.6,1,1,21.0,1,4250.0,premium
Surco,110.5,3,2,0.0,1,5550.0,premium
Jesus Maria,73.3,4,3,33.0,1,3350.0,premium
Surco,146.6,4,3,28.0,0,5190.0,premium
San Borja,49.6,4,1,23.0,1,3990.0,premium
San Miguel,150.0,5,2,18.0,0,4510.0,premium
San Isidro,150.5,4,1,18.0,0,42943.0,premium
Magdalena,145.3,4,1,32.0,0,3670.0,premium
Miraflores,97.2,1,1,30.0,0,4530.0,premium
Magdalena,179.6,1,1,2.0,0,4820.0,premium
San Miguel,123.5,5,1,39.0,1,3270.0,premium
San Isidro,169.5,3,1,27.0,0,6050.0,premium
San Isidro,155.5,2,1,,1,6560.0,premium
San Isidro,100.5,1,1,32.0,1,5210.0,premium
San Miguel,87.0,3,3,29.0,0,2910.0,moderado
San Borja,148.5,1,1,37.0,1,4270.0,premium
Barranco,207.5,4,2,15.0,0,6040.0,premium
San Juan de Lurigancho,164.2,4,3,11.0,1,3860.0,premium
San Borja,58.7,2,2,23.0,1,4010.0,premium
Carabayllo,,1,1,7.0,0,2350.0,moderado
San Juan de Lurigancho,78.0,5,1,16.0,1,2640.0,moderado
Surco,125.1,4,1,13.0,1,5380.0,premium
Lince,85.5,5,2,,0,3550.0,premium
Lince,,4,2,20.0,1,3820.0,premium
Barranco,203.6,4,2,34.0,1,5260.0,premium
San Borja,42.2,1,1,37.0,1,3310.0,premium
Carabayllo,194.1,2,2,3.0,1,3880.0,premium
Chorrillos,133.0,5,3,29.0,1,3940.0,premium
Magdalena,,1,1,8.0,0,3110.0,premium
Ate,208.1,4,2,0.0,1,5090.0,premium
San Miguel,102.4,3,1,7.0,1,3820.0,premium
Pueblo Libre,183.6,1,1,15.0,0,4190.0,premium
Jesus Maria,86.6,2,2,5.0,0,3770.0,premium
Miraflores,159.8,4,3,0.0,1,6830.0,premium
Surco,160.9,2,2,,1,5680.0,premium
Pueblo Libre,83.5,5,1,34.0,1,3190.0,premium
Magdalena,125.0,3,3,36.0,0,3540.0,premium
Magdalena,121.7,3,3,31.0,1,3970.0,premium
La Molina,212.4,5,2,1.0,1,6900.0,premium
San Miguel,56.5,1,1,32.0,0,1930.0,moderado
San Isidro,78.5,3,1,32.0,1,4890.0,premium
Magdalena,138.9,2,2,38.0,0,3220.0,premium
SAN MIGUEL,131.6,5,1,35.0,1,3830.0,premium
Lince,88.9,2,2,24.0,1,2840.0,moderado
Lince,,5,2,23.0,1,3300.0,premium
san isidro,91.2,4,3,6.0,1,6290.0,premium
Pueblo Libre,177.5,2,2,30.0,0,3930.0,premium
Lince,,3,2,30.0,1,4070.0,premium
Surco,61.7,5,3,17.0,1,4840.0,premium
Magdalena,52.8,5,3,29.0,1,3360.0,premium
Barranco,179.6,5,2,5.0,0,5900.0,premium
Pueblo Libre,131.1,2,2,32.0,0,2990.0,moderado
Barranco,106.9,3,1,35.0,0,3810.0,premium
La Molina,119.4,1,1,7.0,1,4850.0,premium
Carabayllo,,1,1,6.0,1,3170.0,premium
SURCO,204.4,5,2,35.0,1,6080.0,premium
Miraflores,,5,3,12.0,0,6100.0,premium
San Borja,42.2,4,2,6.0,1,4790.0,premium
Lince,176.2,5,1,11.0,1,4820.0,premium
Chorrillos,,3,1,,0,4480.0,premium
JESUS MARIA,70.2,4,2,,1,3820.0,premium
Lince,66.7,4,2,11.0,0,3280.0,premium
San Borja,106.6,2,1,3.0,0,4630.0,premium
San Juan de Lurigancho,43.5,3,1,8.0,1,1940.0,moderado
San Isidro,214.4,5,3,1.0,1,8070.0,premium
Carabayllo,108.3,3,1,6.0,1,2880.0,moderado
La Molina,43.2,2,2,17.0,1,3910.0,premium
San Isidro,197.5,2,2,27.0,0,6410.0,premium
La Molina,122.9,5,3,38.0,1,4670.0,premium
La Molina,152.6,4,3,34.0,0,4880.0,premium
Jesus Maria,173.6,3,1,21.0,1,4250.0,premium
San Isidro,155.0,4,3,22.0,1,6830.0,premium
La Molina,69.8,5,3,38.0,1,4210.0,premium
Ate,114.8,2,1,11.0,0,2970.0,moderado
San Borja,85.7,4,1,25.0,0,4360.0,premium
Jesus Maria,152.0,4,3,26.0,0,4160.0,premium
Chorrillos,200.1,5,1,0.0,1,5140.0,premium
San Miguel,159.3,4,3,32.0,1,4470.0,premium
Chorrillos,58.9,1,1,35.0,1,1590.0,moderado
Pueblo Libre,,1,1,22.0,0,3770.0,premium
Ate,63.6,3,3,19.0,0,2210.0,moderado
La Molina,,3,1,28.0,0,4100.0,premium
Jesus Maria,178.9,1,1,35.0,0,3290.0,premium
San Borja,151.5,4,2,12.0,1,5790.0,premium
San Isidro,94.4,2,2,38.0,1,4970.0,premium
San Juan de Lurigancho,69.3,4,1,10.0,1,2520.0,moderado
Pueblo Libre,168.6,3,1,6.0,1,4680.0,premium
Magdalena,165.0,1,1,2.0,1,4410.0,premium
Barranco,,1,1,3.0,0,4780.0,premium
Chorrillos,149.8,3,1,5.0,1,4090.0,premium
Miraflores,162.9,1,1,5.0,1,6270.0,premium
Carabayllo,57.5,2,2,20.0,1,1660.0,moderado
Ate,89.6,3,1,7.0,1,2990.0,moderado
San Borja,80.1,1,1,32.0,0,3370.0,premium
San Miguel,189.5,5,2,19.0,1,5430.0,premium
Barranco,203.6,5,2,7.0,0,6130.0,premium
Jesus Maria,73.0,2,2,9.0,0,3160.0,premium
Magdalena,180.1,2,2,18.0,1,4850.0,premium
San Borja,104.8,2,2,29.0,1,4630.0,premium
Jesus Maria,73.8,3,1,30.0,1,3010.0,premium
San Juan de Lurigancho,94.7,4,3,37.0,1,2340.0,moderado
San Juan de Lurigancho,111.2,4,1,21.0,1,2790.0,moderado
San Isidro,174.0,2,1,14.0,0,6230.0,premium
Chorrillos,,3,3,5.0,1,4640.0,premium
San Borja,184.3,3,2,4.0,1,6400.0,premium
Pueblo Libre,,2,2,12.0,1,3020.0,premium
San Isidro,46.3,1,1,6.0,1,5300.0,premium
San Isidro,150.9,5,1,23.0,1,6810.0,premium
Pueblo Libre,71.2,1,1,,1,2970.0,moderado
Magdalena,132.8,2,2,12.0,1,4250.0,premium
Ate,153.9,4,2,2.0,1,4370.0,premium
Pueblo Libre,179.5,5,2,6.0,1,5290.0,premium
Surco,82.7,1,1,6.0,1,4800.0,premium
Barranco,78.1,5,1,29.0,0,3870.0,premium
Barranco,188.6,4,3,9.0,0,6100.0,premium
Miraflores,186.9,1,1,5.0,0,6210.0,premium
San Borja,200.8,5,1,20.0,0,5680.0,premium
Pueblo Libre,172.6,1,1,1.0,1,4840.0,premium
Miraflores,183.3,3,3,10.0,0,6740.0,premium
Barranco,84.7,5,3,27.0,1,4310.0,premium
la molina,201.5,1,1,32.0,0,4840.0,premium
Surco,204.6,2,1,0.0,1,6320.0,premium
Carabayllo,206.8,4,2,14.0,0,3820.0,premium
Surco,184.5,4,3,12.0,0,6090.0,premium
Ate,75.8,2,1,5.0,1,2680.0,moderado
San Juan de Lurigancho,84.6,4,3,14.0,1,3000.0,moderado
Carabayllo,169.1,1,1,29.0,1,2280.0,moderado
Barranco,78.7,1,1,28.0,1,3420.0,premium
Carabayllo,65.2,5,2,19.0,0,2430.0,moderado
Lince,189.9,3,1,38.0,0,3290.0,premium
Barranco,204.5,4,2,36.0,1,5310.0,premium
La Molina,103.8,2,2,29.0,1,4090.0,premium
San Borja,218.8,5,1,0.0,1,6970.0,premium
Jesus Maria,150.0,4,1,20.0,1,4390.0,premium
San Isidro,194.3,4,3,6.0,1,7840.0,premium
Barranco,93.0,4,1,10.0,0,4350.0,premium
SURCO,170.9,5,3,27.0,1,5910.0,premium
Miraflores,156.7,3,1,2.0,1,6470.0,premium
Jesus Maria,,2,2,20.0,0,4610.0,premium
Lince,147.7,2,2,25.0,0,3410.0,premium
Chorrillos,74.5,4,3,,0,2970.0,moderado
Ate,192.5,4,1,8.0,1,4390.0,premium
Ate,124.0,1,1,35.0,0,1610.0,moderado
Miraflores,117.8,2,2,1.0,1,6130.0,premium
Barranco,151.2,5,3,22.0,0,5220.0,premium
Barranco,63.7,3,2,5.0,1,4610.0,premium
San Borja,172.4,4,1,,0,5550.0,premium
Magdalena,,2,2,10.0,0,3870.0,premium
Jesus Maria,93.3,5,2,0.0,0,4350.0,premium
SAN BORJA,95.0,3,3,18.0,1,5140.0,premium
Magdalena,,2,2,31.0,1,4120.0,premium
Ate,,5,3,6.0,1,4380.0,premium
Pueblo Libre,64.2,1,1,24.0,0,2230.0,moderado
Miraflores,137.5,3,1,13.0,1,6030.0,premium
Ate,50.7,2,2,5.0,0,2140.0,moderado
Barranco,41.7,3,1,,1,4150.0,premium
Chorrillos,56.1,5,1,1.0,1,3480.0,premium
Chorrillos,104.7,5,2,23.0,0,3180.0,premium
Pueblo Libre,154.9,5,1,18.0,0,4310.0,premium
San Juan de Lurigancho,100.8,3,2,,1,3470.0,premium
San Juan de Lurigancho,85.4,4,3,37.0,1,2030.0,moderado
San Miguel,104.1,2,2,5.0,1,4010.0,premium
Magdalena,219.8,4,2,23.0,1,5600.0,premium
San Juan de Lurigancho,179.7,3,1,12.0,0,3290.0,premium
Miraflores,203.9,2,2,30.0,1,6380.0,premium
Jesus Maria,95.7,2,2,18.0,1,3610.0,premium
PUEBLO LIBRE,148.7,1,1,25.0,0,3380.0,premium
Ate,161.1,1,1,31.0,1,2780.0,moderado
San Isidro,124.8,3,1,32.0,0,5500.0,premium
San Miguel,195.3,2,1,3.0,0,4410.0,premium
Magdalena,184.2,3,2,7.0,1,5200.0,premium
Miraflores,210.3,1,1,17.0,1,6350.0,premium
Chorrillos,48.6,2,2,11.0,1,2560.0,moderado
Jesus Maria,184.9,2,2,35.0,1,4130.0,premium
San Isidro,104.5,3,2,11.0,1,6220.0,premium
Chorrillos,121.1,5,1,9.0,0,3870.0,premium
Lince,196.6,5,1,18.0,0,4610.0,premium
Magdalena,149.7,3,1,37.0,1,3950.0,premium
Surco,104.8,5,1,36.0,1,4640.0,premium
Chorrillos,,3,3,5.0,1,4640.0,premium
San Miguel,150.4,2,2,32.0,0,3230.0,premium
Ate,44.9,1,1,,0,1430.0,economico
Magdalena,112.6,4,1,28.0,1,3950.0,premium
MAGDALENA,200.3,1,1,25.0,1,4220.0,premium
Ate,140.3,3,3,33.0,0,2780.0,moderado
Carabayllo,207.0,2,2,4.0,1,3860.0,premium
San Miguel,52.5,2,1,31.0,0,2270.0,moderado
Magdalena,197.5,5,1,23.0,1,38598.0,premium
Pueblo Libre,213.8,5,2,17.0,0,5420.0,premium
San Isidro,104.1,1,1,15.0,0,5160.0,premium
La Molina,52.6,2,2,,1,3660.0,premium
San Borja,61.3,4,3,7.0,0,4720.0,premium
Surco,94.9,5,2,23.0,0,4820.0,premium
San Borja,40.2,4,2,11.0,0,4030.0,premium
Lince,200.0,5,2,24.0,1,4770.0,premium
Miraflores,49.7,3,3,37.0,1,4400.0,premium
La Molina,193.4,1,1,21.0,1,5310.0,premium
ate,130.7,4,3,11.0,0,3280.0,premium
BARRANCO,49.2,3,2,35.0,0,3350.0,premium
La Molina,144.4,5,1,9.0,1,5880.0,premium
Pueblo Libre,55.4,1,1,37.0,0,1920.0,moderado
Jesus Maria,111.4,1,1,8.0,1,3880.0,premium
Lince,186.4,2,2,39.0,1,3350.0,premium
Ate,,2,2,16.0,0,1860.0,moderado
Carabayllo,54.4,3,3,35.0,0,1230.0,economico
San Isidro,56.4,3,2,4.0,0,5500.0,premium
LA MOLINA,46.8,3,3,37.0,0,3540.0,premium
Jesus Maria,43.5,1,1,32.0,1,2030.0,moderado
La Molina,86.2,4,1,,0,4150.0,premium
Surco,149.4,2,2,14.0,0,5250.0,premium
San Isidro,76.5,4,3,,0,5580.0,premium
Magdalena,84.1,5,3,30.0,1,3870.0,premium
Barranco,185.2,2,2,14.0,0,5380.0,premium
Jesus Maria,99.2,5,1,27.0,1,3980.0,premium
Pueblo Libre,155.5,3,2,24.0,0,3630.0,premium
Carabayllo,127.4,4,1,,0,2290.0,moderado
Magdalena,125.3,2,1,18.0,0,3920.0,premium
Barranco,79.6,2,1,39.0,1,3290.0,premium
Barranco,202.9,5,2,36.0,0,5250.0,premium
Carabayllo,,1,1,21.0,0,1390.0,economico
Jesus Maria,119.8,5,1,,0,3920.0,premium
San Miguel,72.8,4,2,2.0,1,3620.0,premium
Ate,104.9,5,2,13.0,1,3170.0,premium
La Molina,174.1,2,2,,1,5990.0,premium
San Miguel,202.3,1,1,33.0,1,3740.0,premium
La Molina,166.9,5,2,38.0,1,5590.0,premium
La Molina,151.2,3,1,,1,5590.0,premium
Lince,186.0,2,1,7.0,1,4700.0,premium
San Miguel,66.9,3,2,13.0,1,3580.0,premium
Barranco,43.0,2,2,17.0,1,3820.0,premium
San Isidro,216.1,5,3,3.0,1,8340.0,premium
Barranco,72.1,2,1,5.0,1,4460.0,premium
ATE,156.8,1,1,32.0,1,2730.0,moderado
San Juan de Lurigancho,199.3,2,2,11.0,1,3500.0,premium
ate,165.7,5,2,11.0,1,4330.0,premium
Ate,52.0,3,2,11.0,1,2580.0,moderado
Barranco,137.0,5,1,4.0,1,5630.0,premium
Pueblo Libre,88.5,5,2,13.0,0,3830.0,premium
Barranco,,3,3,1.0,0,5110.0,premium
San Borja,73.6,2,2,36.0,0,3560.0,premium
San Isidro,109.5,3,3,10.0,0,6010.0,premium
San Juan de Lurigancho,79.1,1,1,26.0,1,1690.0,moderado
Surco,73.9,4,1,18.0,1,4500.0,premium
Miraflores,126.8,4,3,,1,6500.0,premium
La Molina,163.1,1,1,21.0,1,4820.0,premium
San Juan de Lurigancho,130.6,3,3,29.0,1,2840.0,moderado
San Miguel,99.6,4,1,,1,4370.0,premium
La Molina,173.4,2,2,39.0,1,4630.0,premium
Surco,122.0,5,1,19.0,0,5270.0,premium
San Isidro,177.4,1,1,5.0,1,6820.0,premium
Magdalena,184.2,2,2,39.0,1,3950.0,premium
Miraflores,108.7,5,3,37.0,1,5540.0,premium
Ate,171.4,4,2,12.0,1,4040.0,premium
Surco,127.8,3,2,24.0,0,4780.0,premium
San Miguel,97.7,3,2,28.0,0,2970.0,moderado
San Isidro,156.0,3,1,19.0,1,6400.0,premium
Magdalena,111.7,5,1,8.0,1,4320.0,premium
Jesus Maria,131.0,5,3,24.0,0,4270.0,premium
Miraflores,180.1,5,2,25.0,1,6340.0,premium
Barranco,193.0,2,2,15.0,1,5500.0,premium
Miraflores,124.7,2,1,30.0,0,5170.0,premium
Carabayllo,184.1,1,1,4.0,1,3480.0,premium
Pueblo Libre,93.9,2,2,32.0,1,2910.0,moderado
San Isidro,169.2,3,1,26.0,1,6430.0,premium
Miraflores,127.9,4,3,21.0,0,5790.0,premium
Chorrillos,120.8,2,2,16.0,1,3460.0,premium
San Miguel,73.5,3,1,10.0,0,3270.0,premium
San Isidro,168.3,2,1,26.0,1,6290.0,premium
Magdalena,172.5,1,1,,1,3550.0,premium
Ate,203.6,4,3,,1,4260.0,premium
Miraflores,83.9,3,3,21.0,1,5310.0,premium
Surco,129.0,3,1,15.0,0,4860.0,premium
Barranco,97.9,5,1,6.0,0,4820.0,premium
Jesus Maria,76.8,1,1,30.0,1,2660.0,moderado
Pueblo Libre,44.0,4,3,3.0,1,3300.0,premium
Pueblo Libre,44.2,4,3,35.0,1,2380.0,moderado
SAN MIGUEL,49.3,3,2,14.0,0,2870.0,moderado
Surco,85.5,3,3,2.0,1,5320.0,premium
Ate,187.2,3,2,,1,4020.0,premium
Ate,55.2,3,3,12.0,1,2750.0,moderado
Pueblo Libre,74.6,3,1,13.0,1,3130.0,premium
Carabayllo,,3,1,5.0,1,3060.0,premium
Surco,208.5,3,3,12.0,1,6520.0,premium
Miraflores,70.4,5,2,10.0,1,5920.0,premium
Barranco,,3,3,,0,4210.0,premium
Magdalena,71.0,3,3,34.0,0,3110.0,premium
Pueblo Libre,180.2,4,2,2.0,1,5050.0,premium
Surco,73.7,5,2,30.0,1,4720.0,premium
Ate,157.9,4,3,16.0,0,3620.0,premium
Barranco,51.2,5,1,9.0,1,4130.0,premium
Lince,146.2,5,3,,1,4040.0,premium
San Borja,110.7,3,1,33.0,1,4390.0,premium
Surco,113.3,5,1,20.0,0,5070.0,premium
Ate,150.6,3,2,10.0,0,35535.0,premium
Barranco,182.0,3,3,17.0,1,5390.0,premium
Jesus Maria,76.6,1,1,21.0,0,2650.0,moderado
Barranco,110.3,1,1,18.0,1,4320.0,premium
Chorrillos,82.0,5,1,22.0,1,3050.0,premium
Carabayllo,128.7,2,2,5.0,1,3380.0,premium
San Borja,42.7,3,1,33.0,1,3370.0,premium
San Juan de Lurigancho,178.2,4,2,18.0,1,3700.0,premium
San Juan de Lurigancho,,4,3,18.0,0,4210.0,premium
La Molina,192.8,1,1,31.0,1,4940.0,premium
Miraflores,149.5,3,2,7.0,1,6530.0,premium
San Borja,135.2,4,3,29.0,1,5320.0,premium
Surco,,4,3,27.0,1,4750.0,premium
Magdalena,206.3,2,2,17.0,1,5080.0,premium
CARABAYLLO,185.9,3,1,21.0,0,3100.0,premium
Surco,169.3,3,2,35.0,1,5140.0,premium
Chorrillos,91.1,4,3,36.0,1,2830.0,moderado
Chorrillos,146.6,5,1,28.0,1,3730.0,premium
Barranco,98.1,1,1,30.0,0,3480.0,premium
San Isidro,144.5,1,1,35.0,1,5210.0,premium
BARRANCO,57.0,4,1,38.0,0,3170.0,premium
Jesus Maria,96.9,4,2,19.0,1,3890.0,premium
Jesus Maria,44.6,5,1,9.0,1,3460.0,premium
Surco,214.6,3,1,,0,5050.0,premium
Lince,188.8,2,1,14.0,0,3940.0,premium
Ate,76.8,5,2,,1,2940.0,moderado
Magdalena,170.1,1,1,16.0,1,4100.0,premium
Pueblo Libre,,5,3,26.0,0,4850.0,premium
San Isidro,201.7,4,3,33.0,1,6990.0,premium
Surco,168.2,4,1,23.0,0,5280.0,premium
Magdalena,92.2,3,2,37.0,1,3250.0,premium
La Molina,121.1,5,3,18.0,0,5080.0,premium
San Isidro,215.0,5,1,35.0,1,7180.0,premium
Carabayllo,186.7,2,1,24.0,0,2680.0,moderado
Ate,129.6,3,3,2.0,1,3850.0,premium
Barranco,101.7,5,1,25.0,1,4490.0,premium
San Borja,56.6,1,1,4.0,0,4260.0,premium
Barranco,152.0,2,2,18.0,1,5340.0,premium
Pueblo Libre,211.1,3,1,24.0,1,4790.0,premium
Barranco,119.8,1,1,18.0,1,4330.0,premium
Miraflores,66.4,1,1,3.0,0,4440.0,premium
San Juan de Lurigancho,140.5,2,2,15.0,1,3060.0,premium
La Molina,212.7,1,1,6.0,1,6160.0,premium
San Miguel,43.3,3,3,29.0,1,2760.0,moderado
Miraflores,44.7,5,1,28.0,1,4620.0,premium
Magdalena,197.7,4,3,31.0,1,4950.0,premium
miraflores,102.5,2,1,39.0,1,4810.0,premium
Pueblo Libre,210.8,4,3,7.0,1,5490.0,premium
Barranco,136.2,2,2,14.0,1,5090.0,premium
San Isidro,199.0,1,1,28.0,0,6050.0,premium
Lince,191.5,4,3,32.0,0,4020.0,premium
SAN ISIDRO,168.1,4,3,11.0,0,6820.0,premium
San Miguel,55.3,2,1,0.0,1,3250.0,premium
San Borja,200.7,1,1,0.0,0,5610.0,premium
San Borja,90.0,5,1,2.0,1,5300.0,premium
Pueblo Libre,91.2,2,2,37.0,1,2780.0,moderado
Lince,62.8,1,1,1.0,0,2810.0,moderado
Barranco,172.1,2,2,31.0,1,4720.0,premium
Chorrillos,137.5,5,1,19.0,1,4140.0,premium
Ate,96.5,3,1,9.0,1,2960.0,moderado
Barranco,,5,1,30.0,0,3680.0,premium
Lince,84.6,4,3,16.0,1,3550.0,premium
Ate,,5,2,14.0,1,4700.0,premium
San Juan de Lurigancho,195.6,4,3,4.0,1,4520.0,premium
San Borja,212.2,3,2,31.0,1,5850.0,premium
Chorrillos,,4,2,,1,2990.0,moderado
La Molina,163.7,2,2,12.0,0,5480.0,premium
Chorrillos,196.7,1,1,,1,3830.0,premium
Lince,75.2,4,1,31.0,0,2690.0,moderado
Carabayllo,127.1,1,1,26.0,0,1870.0,moderado
San Juan de Lurigancho,101.2,3,1,29.0,1,2050.0,moderado
Carabayllo,141.6,4,2,31.0,0,2780.0,moderado
Chorrillos,137.4,3,1,,1,3300.0,premium
San Juan de Lurigancho,190.5,3,1,9.0,0,3520.0,premium
La Molina,105.2,4,3,31.0,0,4720.0,premium
Miraflores,,2,2,18.0,1,5470.0,premium
Jesus Maria,136.4,3,2,19.0,1,49483.0,premium
Miraflores,58.5,1,1,17.0,1,4440.0,premium
Pueblo Libre,,3,1,0.0,0,4460.0,premium
Ate,105.4,1,1,35.0,1,1830.0,moderado
La Molina,144.1,5,1,35.0,1,5090.0,premium
San Miguel,190.8,5,3,9.0,0,5240.0,premium
Magdalena,194.4,4,3,31.0,0,4660.0,premium
Jesus Maria,106.4,3,1,34.0,0,2690.0,moderado
Miraflores,45.6,4,1,21.0,1,5030.0,premium
San Isidro,128.5,2,2,6.0,0,6140.0,premium
La Molina,67.0,5,3,1.0,1,5340.0,premium
Lince,154.4,3,1,,0,3560.0,premium
Carabayllo,132.6,5,2,37.0,1,2530.0,moderado
Chorrillos,194.7,2,2,1.0,1,4730.0,premium
San Borja,76.7,4,2,11.0,1,4930.0,premium
Chorrillos,66.3,4,2,32.0,0,2440.0,moderado
Carabayllo,55.4,4,3,10.0,1,2670.0,moderado
CARABAYLLO,137.8,1,1,35.0,1,2380.0,moderado
Miraflores,57.6,3,1,35.0,1,4240.0,premium
San Juan de Lurigancho,44.1,3,1,25.0,1,1990.0,moderado
Jesus Maria,176.4,2,2,23.0,1,4370.0,premium
San Borja,72.9,5,2,14.0,1,4850.0,premium
San Miguel,86.3,4,2,20.0,1,3670.0,premium
Magdalena,124.4,1,1,5.0,1,4000.0,premium
La Molina,,1,1,33.0,1,5100.0,premium
Jesus Maria,188.3,4,2,22.0,1,4800.0,premium
Magdalena,70.2,2,2,37.0,1,3140.0,premium
San Juan de Lurigancho,219.3,3,2,35.0,1,3690.0,premium
Magdalena,189.2,4,1,34.0,0,4450.0,premium
Pueblo Libre,46.0,3,2,8.0,1,3270.0,premium
Magdalena,105.3,5,2,23.0,1,4340.0,premium
Pueblo Libre,211.5,4,1,31.0,1,4540.0,premium
Ate,185.9,3,3,21.0,0,3770.0,premium
Carabayllo,126.0,1,1,12.0,1,2600.0,moderado
Chorrillos,,4,3,25.0,0,3820.0,premium
San Borja,94.9,3,2,,1,4320.0,premium
Pueblo Libre,94.7,4,3,34.0,1,3470.0,premium
San Juan de Lurigancho,110.4,2,2,39.0,1,2080.0,moderado
Pueblo Libre,79.6,2,1,11.0,0,2860.0,moderado
Ate,214.3,4,2,11.0,1,4580.0,premium
Miraflores,180.9,3,2,24.0,1,6130.0,premium
San Miguel,206.8,4,1,,1,5670.0,premium
san borja,51.8,3,2,15.0,1,4290.0,premium
Barranco,200.0,2,2,3.0,0,5750.0,premium
Lince,,5,2,19.0,1,5290.0,premium
Carabayllo,58.0,3,2,6.0,0,2280.0,moderado
Ate,112.5,4,1,30.0,1,2790.0,moderado
Ate,,2,2,34.0,1,2800.0,moderado
Carabayllo,97.5,5,2,29.0,1,2860.0,moderado
San Borja,135.4,1,1,11.0,1,4960.0,premium
Jesus Maria,190.3,5,3,14.0,1,5700.0,premium
La Molina,191.6,3,2,4.0,0,5990.0,premium
Lince,116.9,1,1,38.0,1,2640.0,moderado
San Juan de Lurigancho,64.7,2,2,,1,1690.0,moderado
Magdalena,123.3,5,3,22.0,1,4650.0,premium
San Juan de Lurigancho,89.1,3,1,4.0,0,2610.0,moderado
San Borja,165.3,5,2,8.0,0,5940.0,premium
San Juan de Lurigancho,,5,1,38.0,1,2990.0,moderado
La Molina,217.5,2,1,14.0,0,5830.0,premium
Magdalena,137.5,2,2,39.0,1,3650.0,premium
San Miguel,58.5,1,1,4.0,0,2730.0,moderado
Magdalena,75.3,2,2,8.0,0,3610.0,premium
San Juan de Lurigancho,150.9,2,1,20.0,0,2930.0,moderado
San Miguel,82.3,5,2,,1,3220.0,premium
Magdalena,143.1,5,2,21.0,0,4670.0,premium
San Juan de Lurigancho,,4,2,8.0,1,4250.0,premium
Jesus Maria,48.9,1,1,12.0,0,2630.0,moderado
San Isidro,,4,1,3.0,1,6410.0,premium
San Isidro,95.1,3,3,36.0,0,5240.0,premium
San Juan de Lurigancho,94.3,1,1,16.0,1,2010.0,moderado
La Molina,163.1,5,3,5.0,0,6220.0,premium
Ate,210.6,5,3,,0,4030.0,premium
Miraflores,114.5,4,2,15.0,1,5820.0,premium
Pueblo Libre,152.4,1,1,8.0,1,3820.0,premium
Barranco,111.7,3,1,36.0,0,3870.0,premium
Surco,186.2,2,2,3.0,1,6210.0,premium
Jesus Maria,179.4,2,2,6.0,1,5050.0,premium
La Molina,132.1,1,1,25.0,0,4110.0,premium
San Miguel,,3,3,13.0,0,2990.0,moderado
Ate,54.4,3,1,17.0,1,2130.0,moderado
Carabayllo,149.5,4,3,24.0,1,3160.0,premium
Lince,152.4,3,3,23.0,1,4080.0,premium
Ate,150.6,3,1,25.0,1,3010.0,premium
Magdalena,68.6,4,3,15.0,0,3550.0,premium
Chorrillos,65.2,3,3,34.0,1,2370.0,moderado
Surco,209.7,1,1,22.0,1,5700.0,premium
Chorrillos,157.6,2,2,33.0,1,3120.0,premium
Ate,59.3,5,1,3.0,1,3160.0,premium
San Isidro,69.6,4,2,32.0,0,5060.0,premium
San Borja,,3,2,17.0,1,5810.0,premium
la molina,162.1,2,2,4.0,1,5610.0,premium
San Isidro,66.2,2,2,23.0,1,4980.0,premium
Jesus Maria,180.4,3,3,10.0,1,5040.0,premium
Carabayllo,204.0,3,3,30.0,1,3780.0,premium
San Juan de Lurigancho,158.0,4,1,17.0,1,3580.0,premium
San Miguel,94.1,4,1,29.0,1,3360.0,premium
LINCE,172.5,2,1,4.0,1,4510.0,premium
Barranco,209.4,4,3,1.0,1,6680.0,premium
Carabayllo,199.8,3,3,9.0,0,4050.0,premium
Chorrillos,47.8,3,3,30.0,1,2260.0,moderado
Magdalena,109.9,4,2,23.0,0,3740.0,premium
Carabayllo,210.5,5,3,26.0,1,3730.0,premium
Ate,197.8,3,1,35.0,1,3470.0,premium
Chorrillos,98.8,2,2,0.0,1,47817.0,premium
Surco,186.0,1,1,26.0,1,5300.0,premium
Carabayllo,135.1,3,3,34.0,1,2510.0,moderado
Lince,182.7,4,3,17.0,1,4610.0,premium
San Isidro,184.8,4,2,,0,6990.0,premium
Lince,99.1,4,1,24.0,0,3070.0,premium
Lince,69.2,5,2,28.0,0,2480.0,moderado
San Borja,195.3,1,1,36.0,1,4920.0,premium
Chorrillos,184.8,2,2,18.0,1,4010.0,premium
Ate,41.5,5,2,34.0,0,1900.0,moderado
Chorrillos,58.1,3,3,5.0,0,2940.0,moderado
Chorrillos,78.0,1,1,2.0,0,2760.0,moderado
Barranco,191.5,3,2,9.0,1,5660.0,premium
San Isidro,179.5,4,2,27.0,0,6460.0,premium
Carabayllo,205.5,3,2,39.0,0,2990.0,moderado
Carabayllo,218.4,5,3,32.0,1,4100.0,premium
Magdalena,140.5,4,1,34.0,0,3530.0,premium
Carabayllo,182.5,5,2,6.0,1,4330.0,premium
San Isidro,200.0,5,3,37.0,1,6990.0,premium
Magdalena,138.9,4,3,28.0,1,4380.0,premium
Pueblo Libre,87.7,2,2,31.0,1,3120.0,premium
Lince,189.2,5,1,34.0,1,4350.0,premium
Carabayllo,149.7,2,2,34.0,1,50788.0,moderado
La Molina,51.5,2,2,,0,4070.0,premium
SAN BORJA,170.3,1,1,31.0,0,4320.0,premium
Lince,218.3,4,3,17.0,0,5010.0,premium
San Juan de Lurigancho,144.6,2,2,6.0,1,3420.0,premium
San Miguel,54.1,2,2,10.0,1,3270.0,premium
Jesus Maria,100.1,3,2,38.0,0,2670.0,moderado
San Borja,,3,3,9.0,1,6530.0,premium
San Juan de Lurigancho,136.5,4,1,1.0,0,3640.0,premium
Chorrillos,119.8,5,3,31.0,0,3370.0,premium
San Juan de Lurigancho,120.4,5,3,9.0,1,4020.0,premium
Pueblo Libre,162.7,1,1,13.0,0,3740.0,premium
Magdalena,181.1,5,3,31.0,1,4950.0,premium
carabayllo,151.4,2,1,35.0,1,2440.0,moderado
Miraflores,205.1,2,2,8.0,1,6640.0,premium
Barranco,93.4,5,2,35.0,1,4280.0,premium
Pueblo Libre,201.8,2,2,,1,4320.0,premium
Magdalena,117.2,1,1,9.0,1,3870.0,premium
San Borja,196.2,5,3,20.0,0,6000.0,premium
Barranco,154.3,3,3,22.0,1,5290.0,premium
Ate,144.6,4,2,18.0,1,3850.0,premium
San Isidro,88.6,3,2,31.0,1,5360.0,premium
San Borja,174.2,2,1,8.0,1,5790.0,premium
Miraflores,159.2,3,1,27.0,1,5830.0,premium
Miraflores,,1,1,,1,6070.0,premium
San Juan de Lurigancho,104.5,3,3,30.0,1,2660.0,moderado
San Juan de Lurigancho,97.0,5,2,16.0,0,2810.0,moderado
Miraflores,178.6,4,3,,0,6440.0,premium
jesus maria,202.4,5,2,22.0,1,5300.0,premium
San Juan de Lurigancho,118.0,4,2,0.0,1,3520.0,premium
San Borja,203.5,1,1,29.0,1,5610.0,premium
Magdalena,133.3,5,1,35.0,1,4110.0,premium
Barranco,137.6,1,1,23.0,1,4150.0,premium
Magdalena,43.9,1,1,2.0,0,3020.0,premium
Carabayllo,110.5,4,1,0.0,1,3590.0,premium
San Juan de Lurigancho,214.1,4,1,26.0,1,4040.0,premium
San Isidro,188.4,1,1,2.0,1,6750.0,premium
San Miguel,167.8,4,3,7.0,0,5050.0,premium
San Juan de Lurigancho,93.1,4,3,4.0,1,3370.0,premium
Carabayllo,52.2,1,1,3.0,1,1990.0,moderado
Pueblo Libre,167.5,1,1,5.0,1,4360.0,premium
Ate,49.0,1,1,,1,1280.0,economico
San Juan de Lurigancho,106.3,4,3,27.0,0,2600.0,moderado
Ate,191.2,2,1,4.0,0,4080.0,premium
San Miguel,81.4,4,2,32.0,0,3120.0,premium
San Juan de Lurigancho,180.9,3,2,7.0,1,4040.0,premium
San Juan de Lurigancho,153.8,5,2,13.0,0,3650.0,premium
Barranco,134.5,3,2,25.0,0,4610.0,premium
Magdalena,138.6,5,1,12.0,1,4650.0,premium
La Molina,189.0,1,1,,1,5120.0,premium
Ate,129.7,1,1,17.0,1,2960.0,moderado
Ate,109.3,3,2,27.0,1,2790.0,moderado
SAN BORJA,108.5,1,1,22.0,1,4340.0,premium
CHORRILLOS,149.5,5,3,25.0,1,4180.0,premium
San Juan de Lurigancho,84.8,3,2,5.0,0,2790.0,moderado
Carabayllo,72.6,2,1,8.0,0,2000.0,moderado
San Miguel,100.7,4,1,6.0,1,3880.0,premium
San Isidro,104.6,3,1,34.0,1,5260.0,premium
Jesus Maria,85.7,1,1,16.0,1,3230.0,premium
San Miguel,138.6,5,2,,1,3860.0,premium
San Isidro,73.6,2,2,6.0,0,5410.0,premium
Chorrillos,56.4,2,2,16.0,0,2200.0,moderado
Miraflores,191.7,3,3,35.0,1,6170.0,premium
Surco,200.1,3,1,19.0,1,5740.0,premium
Chorrillos,208.0,4,2,2.0,0,4860.0,premium
Pueblo Libre,197.6,5,1,37.0,0,4340.0,premium
San Juan de Lurigancho,59.2,2,2,2.0,1,2650.0,moderado
Ate,151.7,4,1,13.0,1,3910.0,premium
Carabayllo,152.7,5,2,7.0,1,3800.0,premium
Magdalena,165.4,3,1,25.0,1,4500.0,premium
Barranco,67.6,3,2,4.0,0,4330.0,premium
San Borja,121.4,1,1,12.0,0,4580.0,premium
La Molina,74.3,3,2,2.0,1,4770.0,premium
San Borja,60.1,5,3,13.0,1,4850.0,premium
San Juan de Lurigancho,73.1,2,2,26.0,1,1810.0,moderado
Lince,180.1,1,1,5.0,1,35950.0,premium
Ate,71.1,4,2,31.0,0,1870.0,moderado
La Molina,214.4,5,2,38.0,0,5650.0,premium
Jesus Maria,186.6,2,2,38.0,0,3880.0,premium
Miraflores,128.6,4,1,,0,5630.0,premium
Carabayllo,217.6,2,1,25.0,1,3560.0,premium
Ate,,3,1,22.0,1,3970.0,premium
Chorrillos,217.5,5,2,39.0,0,4060.0,premium
Pueblo Libre,208.9,4,3,7.0,0,4990.0,premium
Ate,77.8,5,2,33.0,0,58240.0,moderado
Miraflores,,5,3,21.0,1,5870.0,premium
Barranco,110.0,2,2,32.0,1,3750.0,premium
Carabayllo,44.7,3,3,38.0,0,1120.0,economico
San Miguel,199.7,5,1,0.0,1,5770.0,premium
Lince,201.6,5,3,37.0,0,4330.0,premium
Lince,189.4,2,2,5.0,1,4740.0,premium
La Molina,117.1,5,2,18.0,1,5090.0,premium
Jesus Maria,179.7,2,2,19.0,0,4350.0,premium
San Miguel,51.1,3,2,28.0,0,2790.0,moderado
Surco,204.8,3,2,,0,5450.0,premium
Magdalena,62.0,5,1,34.0,1,3220.0,premium
Surco,117.7,5,1,39.0,0,4380.0,premium
San Juan de Lurigancho,214.4,1,1,0.0,1,4100.0,premium
Ate,94.5,5,3,0.0,0,3520.0,premium
Pueblo Libre,43.0,3,2,11.0,1,3090.0,premium
Miraflores,43.1,1,1,28.0,1,4300.0,premium
San Isidro,201.1,1,1,12.0,1,7010.0,premium
San Borja,170.6,4,2,,0,5040.0,premium
La Molina,78.7,1,1,28.0,1,3480.0,premium
San Miguel,101.3,2,2,3.0,1,4030.0,premium
Ate,195.2,5,1,23.0,0,3500.0,premium
Carabayllo,205.4,1,1,34.0,0,2510.0,moderado
Carabayllo,,3,2,11.0,1,2910.0,moderado
San Miguel,155.5,4,1,22.0,1,4540.0,premium
Lince,215.7,2,1,2.0,0,4590.0,premium
Surco,44.8,4,1,15.0,1,4780.0,premium
Barranco,48.2,1,1,23.0,0,2670.0,moderado
Magdalena,91.3,2,1,20.0,1,48493.0,premium
Surco,195.2,3,1,31.0,1,5570.0,premium
La Molina,132.1,3,3,,1,5110.0,premium
San Juan de Lurigancho,,2,1,35.0,1,2420.0,moderado
Miraflores,117.6,1,1,25.0,0,4790.0,premium
San Isidro,185.8,1,1,4.0,1,6900.0,premium
Carabayllo,76.4,1,1,6.0,0,1750.0,moderado
Surco,137.0,1,1,18.0,0,4760.0,premium
La Molina,182.7,4,3,16.0,1,6050.0,premium
Miraflores,156.8,4,1,31.0,1,5760.0,premium
Ate,156.6,4,2,31.0,0,2830.0,moderado
Chorrillos,162.6,2,2,38.0,0,2780.0,moderado
Chorrillos,201.4,2,2,19.0,0,4030.0,premium
San Isidro,206.9,1,1,27.0,0,5960.0,premium
Carabayllo,43.5,3,3,35.0,1,1340.0,economico
Jesus Maria,138.7,5,2,3.0,0,4910.0,premium
Surco,103.0,4,1,10.0,0,5170.0,premium
San Borja,113.7,3,1,15.0,1,4810.0,premium
Lince,50.9,5,2,39.0,1,2530.0,moderado
Jesus Maria,112.9,5,3,25.0,0,3980.0,premium
miraflores,106.0,4,3,3.0,0,6060.0,premium
Barranco,96.3,1,1,34.0,0,3390.0,premium
Pueblo Libre,102.8,3,2,30.0,1,3210.0,premium
Barranco,111.2,1,1,,1,3810.0,premium
Magdalena,91.3,3,3,15.0,1,4020.0,premium
San Miguel,87.8,4,2,31.0,0,3200.0,premium
San Isidro,139.4,3,1,20.0,0,5760.0,premium
Pueblo Libre,79.6,5,2,15.0,0,3890.0,premium
Surco,120.6,5,1,3.0,1,5650.0,premium
Surco,112.7,1,1,23.0,0,4150.0,premium
Chorrillos,62.9,5,1,17.0,0,2700.0,moderado
San Juan de Lurigancho,,4,2,16.0,1,3520.0,premium
Surco,84.1,5,2,24.0,1,4980.0,premium
Jesus Maria,105.4,4,2,33.0,1,3530.0,premium
San Isidro,160.4,3,1,18.0,0,6100.0,premium
Lince,105.2,4,1,38.0,1,2940.0,moderado
San Miguel,,4,1,26.0,0,4010.0,premium
Surco,156.6,1,1,11.0,0,5040.0,premium
La Molina,150.4,3,3,26.0,0,4640.0,premium
Miraflores,,5,2,0.0,1,6880.0,premium
Carabayllo,155.9,5,2,28.0,1,3400.0,premium
SAN BORJA,,4,1,17.0,1,4210.0,premium
San Juan de Lurigancho,44.8,1,1,33.0,1,880.0,economico
Ate,85.9,4,3,25.0,0,2540.0,moderado
La Molina,182.5,3,2,0.0,0,5680.0,premium
JESUS MARIA,130.9,3,1,9.0,1,4140.0,premium
Barranco,219.8,5,2,,1,6210.0,premium
Chorrillos,107.4,4,1,29.0,1,2900.0,moderado
Surco,62.4,4,2,33.0,1,4100.0,premium
Jesus Maria,91.3,3,1,20.0,1,3260.0,premium
Ate,118.8,3,3,22.0,0,2720.0,moderado
Pueblo Libre,,2,2,4.0,0,4250.0,premium
San Juan de Lurigancho,122.0,4,1,2.0,0,54214.0,premium
Chorrillos,134.7,5,3,29.0,1,3930.0,premium
Jesus Maria,126.6,3,1,25.0,1,3550.0,premium
Magdalena,178.5,5,2,15.0,1,5290.0,premium
Jesus Maria,118.0,5,3,6.0,1,4760.0,premium
San Juan de Lurigancho,78.0,4,2,21.0,0,2210.0,moderado
Carabayllo,204.2,2,2,25.0,1,35015.0,premium
Miraflores,168.6,3,2,25.0,1,6090.0,premium
San Miguel,159.5,5,1,,0,4030.0,premium
San Borja,113.4,1,1,36.0,1,3930.0,premium
Miraflores,161.3,3,2,,1,6510.0,premium
Barranco,,1,1,,1,4590.0,premium
Carabayllo,159.5,3,2,16.0,1,3380.0,premium
San Borja,,4,3,31.0,1,5460.0,premium
Pueblo Libre,136.3,1,1,19.0,1,3410.0,premium
Ate,85.5,1,1,25.0,1,2210.0,moderado
Ate,184.2,3,1,25.0,0,3320.0,premium
San Juan de Lurigancho,125.9,4,2,15.0,1,3520.0,premium
Pueblo Libre,98.2,1,1,30.0,1,2780.0,moderado
San Isidro,70.1,5,3,2.0,0,6120.0,premium
Ate,49.4,3,3,11.0,0,2440.0,moderado
San Isidro,175.1,4,3,27.0,1,7020.0,premium
Ate,46.7,4,1,13.0,1,2270.0,moderado
Lince,100.9,5,1,20.0,1,3910.0,premium
Chorrillos,65.1,3,3,7.0,1,3140.0,premium
San Juan de Lurigancho,114.8,1,1,7.0,0,2320.0,moderado
San Borja,177.4,1,1,10.0,1,5370.0,premium
Ate,212.2,5,2,34.0,0,3580.0,premium
Pueblo Libre,207.9,4,2,7.0,1,5450.0,premium
Jesus Maria,205.3,4,3,,1,5940.0,premium
San Isidro,219.5,5,2,,1,8420.0,premium
Carabayllo,188.5,5,2,24.0,1,3610.0,premium
Surco,187.2,4,1,5.0,0,6080.0,premium
La Molina,173.8,4,1,39.0,1,5100.0,premium
La Molina,181.0,2,1,31.0,1,4860.0,premium
Surco,165.2,5,1,,1,5930.0,premium
Pueblo Libre,193.0,3,1,25.0,1,4510.0,premium
Magdalena,,5,3,17.0,0,4220.0,premium
Carabayllo,102.9,3,1,22.0,1,2620.0,moderado
Barranco,180.0,4,2,30.0,1,5530.0,premium
Barranco,140.7,3,2,,0,4440.0,premium
Barranco,166.1,5,1,16.0,1,5850.0,premium
San Isidro,48.8,4,3,27.0,1,5420.0,premium
Carabayllo,177.8,2,2,12.0,1,3260.0,premium
San Juan de Lurigancho,175.9,3,1,20.0,1,3400.0,premium
San Isidro,93.3,2,2,16.0,0,5280.0,premium
San Borja,172.5,3,3,3.0,1,6350.0,premium
Pueblo Libre,101.5,1,1,3.0,1,3830.0,premium
Chorrillos,64.5,2,2,22.0,1,2510.0,moderado
San Miguel,58.0,3,1,2.0,0,3340.0,premium
Ate,54.5,4,1,36.0,0,1370.0,economico
Surco,94.2,1,1,3.0,1,5010.0,premium
MIRAFLORES,60.3,4,3,35.0,1,4690.0,premium
San Borja,47.4,4,3,19.0,0,4290.0,premium
Miraflores,166.6,2,2,,1,5760.0,premium
Magdalena,99.8,5,1,33.0,1,3460.0,premium
San Borja,170.0,2,2,38.0,1,4870.0,premium
La Molina,199.5,3,2,20.0,1,5890.0,premium
san isidro,76.8,4,2,5.0,0,5960.0,premium
Lince,213.5,4,2,12.0,0,5160.0,premium
Chorrillos,71.5,4,2,1.0,0,3380.0,premium
Chorrillos,102.2,2,2,6.0,1,3380.0,premium
San Miguel,,1,1,7.0,1,3760.0,premium
Barranco,181.1,2,1,38.0,1,4720.0,premium
Jesus Maria,111.0,5,1,0.0,0,4530.0,premium
Ate,167.0,5,1,31.0,0,2910.0,moderado
Lince,117.4,1,1,0.0,1,3430.0,premium
PUEBLO LIBRE,101.5,5,2,33.0,0,3280.0,premium
Pueblo Libre,184.6,4,3,33.0,1,4550.0,premium
San Juan de Lurigancho,65.3,4,1,38.0,1,1900.0,moderado
san miguel,210.5,4,2,11.0,1,5410.0,premium
San Isidro,203.5,5,2,1.0,0,7990.0,premium
San Borja,202.7,4,1,13.0,1,6350.0,premium
Magdalena,141.8,4,3,7.0,1,5020.0,premium
Jesus Maria,218.3,4,2,2.0,1,5790.0,premium
Barranco,76.4,3,2,11.0,0,4220.0,premium
Miraflores,64.0,5,2,37.0,0,4400.0,premium
San Miguel,149.5,3,2,30.0,0,3750.0,premium
Chorrillos,44.0,5,1,7.0,0,2830.0,moderado
Jesus Maria,138.0,3,1,2.0,0,4290.0,premium
Pueblo Libre,129.0,1,1,4.0,1,3660.0,premium
Surco,69.0,5,1,29.0,0,4120.0,premium
San Juan de Lurigancho,196.8,3,2,,0,3920.0,premium
Chorrillos,197.2,5,2,37.0,1,3940.0,premium
Miraflores,162.7,3,2,13.0,0,6280.0,premium
Ate,125.2,4,1,31.0,1,2810.0,moderado
Ate,153.2,1,1,31.0,1,2490.0,moderado
La Molina,170.5,4,1,34.0,1,5060.0,premium
Carabayllo,96.0,4,3,1.0,0,3180.0,premium
San Miguel,152.3,2,1,6.0,1,4490.0,premium
La Molina,167.5,4,3,21.0,1,5540.0,premium
Pueblo Libre,88.1,3,2,38.0,1,3040.0,premium
Magdalena,119.3,1,1,36.0,1,3010.0,premium
Chorrillos,143.9,2,2,14.0,1,3690.0,premium
Magdalena,102.6,3,2,4.0,1,4130.0,premium
San Juan de Lurigancho,110.7,1,1,14.0,1,2160.0,moderado
Magdalena,112.7,2,2,29.0,1,3450.0,premium
Surco,187.4,3,2,37.0,0,5410.0,premium
Lince,165.6,1,1,28.0,1,3300.0,premium
Miraflores,188.0,3,2,14.0,0,6330.0,premium
Jesus Maria,181.6,1,1,30.0,0,3770.0,premium
Pueblo Libre,63.3,2,2,29.0,1,2800.0,moderado
Ate,169.0,1,1,36.0,1,2980.0,moderado
SURCO,41.6,5,2,,1,3910.0,premium
san miguel,91.1,3,1,22.0,1,3460.0,premium
Barranco,,5,3,,1,5100.0,premium
San Isidro,89.4,2,1,3.0,1,5680.0,premium
San Borja,93.7,5,2,32.0,1,4790.0,premium
Carabayllo,91.4,4,3,39.0,0,2050.0,moderado
Miraflores,124.9,5,2,16.0,0,6070.0,premium
Carabayllo,160.8,3,1,19.0,1,3170.0,premium
La Molina,,5,2,16.0,1,4870.0,premium
Barranco,103.6,2,1,16.0,1,4210.0,premium
Carabayllo,150.9,3,1,4.0,1,3530.0,premium
Chorrillos,158.6,1,1,23.0,0,3050.0,premium
La Molina,69.6,2,2,39.0,1,3330.0,premium
San Juan de Lurigancho,158.1,4,1,2.0,1,3950.0,premium
Lince,70.5,3,1,21.0,0,2580.0,moderado
San Juan de Lurigancho,45.2,1,1,24.0,1,1430.0,economico
Barranco,147.4,3,1,38.0,0,3910.0,premium
Ate,100.0,1,1,36.0,1,2000.0,moderado
San Borja,134.9,2,2,21.0,1,4970.0,premium
Miraflores,,1,1,28.0,1,4560.0,premium
Miraflores,,3,1,39.0,1,5670.0,premium
La Molina,194.0,1,1,13.0,0,5060.0,premium
San Isidro,196.7,5,1,17.0,1,7500.0,premium
Magdalena,73.5,5,1,,1,3170.0,premium
Pueblo Libre,86.3,1,1,31.0,1,2570.0,moderado
San Isidro,118.1,5,2,3.0,0,6540.0,premium
Pueblo Libre,60.8,4,1,28.0,1,2680.0,moderado
Miraflores,,1,1,34.0,0,4420.0,premium
San Borja,,3,2,19.0,1,4080.0,premium
Ate,68.2,2,2,14.0,0,2320.0,moderado
Ate,95.6,4,3,13.0,1,3370.0,premium
La Molina,60.6,3,1,7.0,0,4300.0,premium
Surco,193.8,4,2,13.0,0,6190.0,premium
Lince,127.6,2,2,32.0,1,3210.0,premium
Magdalena,201.2,1,1,15.0,1,4720.0,premium
Carabayllo,208.7,3,1,,1,3810.0,premium
CARABAYLLO,64.3,4,2,6.0,1,2570.0,moderado
LINCE,56.5,5,1,38.0,0,2390.0,moderado
San Juan de Lurigancho,59.2,2,2,2.0,1,2650.0,moderado
Chorrillos,73.4,1,1,11.0,0,2340.0,moderado
Miraflores,70.8,4,3,1.0,1,6050.0,premium
San Borja,162.4,3,2,18.0,0,5150.0,premium
Ate,104.7,4,3,28.0,0,2670.0,moderado
Lince,,4,1,16.0,1,4930.0,premium
Chorrillos,53.6,2,2,8.0,0,2800.0,moderado
Carabayllo,219.5,3,1,20.0,1,4010.0,premium
Lince,,5,1,37.0,1,3940.0,premium
San Miguel,85.7,4,2,3.0,1,4310.0,premium
San Juan de Lurigancho,68.9,5,1,12.0,1,2830.0,moderado
Miraflores,122.6,5,3,18.0,1,6390.0,premium
Chorrillos,99.0,2,2,24.0,1,2950.0,moderado
La Molina,205.1,5,1,20.0,1,6190.0,premium
Magdalena,171.4,4,2,,0,4350.0,premium
San Miguel,170.9,3,3,1.0,1,5170.0,premium
Lince,75.0,2,2,31.0,1,2500.0,moderado
Magdalena,,4,2,29.0,0,2800.0,moderado
Chorrillos,153.6,4,3,32.0,1,55978.0,premium
Surco,,2,2,33.0,1,4350.0,premium
Carabayllo,196.8,5,3,20.0,0,3770.0,premium
Pueblo Libre,207.9,1,1,30.0,0,3840.0,premium
Barranco,117.0,4,2,0.0,0,5390.0,premium
San Miguel,89.0,1,1,7.0,0,3070.0,premium
Barranco,127.9,4,2,33.0,0,4360.0,premium
Ate,81.1,1,1,,1,1830.0,moderado
Barranco,169.6,2,2,26.0,1,4770.0,premium
Carabayllo,68.0,4,2,15.0,1,2570.0,moderado
Surco,53.5,4,2,6.0,1,4800.0,premium
Ate,50.0,3,2,15.0,1,2240.0,moderado
Barranco,131.2,3,2,37.0,0,4040.0,premium
Chorrillos,172.2,3,3,30.0,0,3830.0,premium
La Molina,166.0,5,2,31.0,1,5500.0,premium
Carabayllo,193.5,3,3,12.0,1,3760.0,premium
San Isidro,206.9,3,3,33.0,1,6790.0,premium
Jesus Maria,149.1,3,3,,1,4610.0,premium
Magdalena,102.4,1,1,1.0,1,4220.0,premium
La Molina,184.9,3,3,13.0,1,6000.0,premium
Barranco,42.4,5,1,28.0,1,3610.0,premium
Lince,183.9,1,1,,1,4300.0,premium
Chorrillos,48.1,4,3,30.0,1,2590.0,moderado
Pueblo Libre,150.3,1,1,17.0,1,3680.0,premium
Barranco,173.7,2,2,12.0,0,5080.0,premium
San Borja,198.6,1,1,25.0,0,5030.0,premium
San Miguel,67.3,3,3,34.0,1,2850.0,moderado
Carabayllo,114.6,3,2,19.0,0,2550.0,moderado
Lince,121.0,2,2,37.0,0,2630.0,moderado
Jesus Maria,109.8,2,2,20.0,1,3770.0,premium
Magdalena,192.5,3,2,6.0,0,5050.0,premium
Lince,98.0,5,1,15.0,0,3580.0,premium
Magdalena,164.8,2,2,19.0,1,42908.0,premium
Pueblo Libre,105.0,2,1,17.0,1,3350.0,premium
Barranco,,1,1,16.0,0,3190.0,premium
San Miguel,130.2,2,2,28.0,1,3990.0,premium
Surco,,5,3,3.0,1,5940.0,premium
San Juan de Lurigancho,147.4,4,1,29.0,1,3010.0,premium
Magdalena,146.4,4,2,31.0,0,4030.0,premium
Pueblo Libre,140.6,3,2,34.0,1,3600.0,premium
Magdalena,136.7,3,2,22.0,1,4460.0,premium
Barranco,216.7,1,1,11.0,1,5290.0,premium
Jesus Maria,161.1,5,1,27.0,0,4120.0,premium
La Molina,75.4,1,1,31.0,0,3280.0,premium
Chorrillos,202.2,4,2,1.0,1,5330.0,premium
La Molina,182.4,1,1,7.0,1,5600.0,premium
Ate,121.6,3,2,11.0,1,3440.0,premium
Chorrillos,82.7,2,2,25.0,1,2530.0,moderado
San Miguel,172.5,3,1,2.0,0,4750.0,premium
San Isidro,63.4,5,3,16.0,1,6110.0,premium
San Juan de Lurigancho,99.3,1,1,7.0,0,2220.0,moderado
Lince,127.1,4,1,17.0,0,3710.0,premium
San Juan de Lurigancho,65.9,5,3,38.0,0,1910.0,moderado
La Molina,,2,2,0.0,0,5710.0,premium
San Juan de Lurigancho,,3,1,27.0,0,3030.0,premium
Lince,44.6,1,1,5.0,1,40529.0,moderado
Ate,198.2,5,2,21.0,0,3900.0,premium
Carabayllo,192.6,1,1,39.0,1,2830.0,moderado
Pueblo Libre,107.0,1,1,13.0,1,3420.0,premium
Miraflores,,2,1,27.0,0,5870.0,premium
Magdalena,59.5,1,1,17.0,1,3070.0,premium
Barranco,97.2,2,1,2.0,0,4460.0,premium
Lince,164.2,4,2,21.0,1,4300.0,premium
La Molina,,5,3,,0,5060.0,premium
San Borja,142.5,5,3,3.0,1,6260.0,premium
San Isidro,177.8,4,1,35.0,1,6220.0,premium
Magdalena,129.9,1,1,5.0,1,4210.0,premium
Miraflores,81.7,4,2,11.0,0,5290.0,premium
San Miguel,180.5,1,1,29.0,0,3510.0,premium
Carabayllo,72.6,5,2,12.0,1,2790.0,moderado
San Borja,72.4,4,1,26.0,0,3850.0,premium
Pueblo Libre,49.8,4,2,,0,3460.0,premium
Chorrillos,133.0,1,1,11.0,1,3220.0,premium
Lince,92.2,3,1,22.0,1,2760.0,moderado
Chorrillos,154.8,4,3,3.0,0,4360.0,premium
Carabayllo,162.6,4,2,12.0,0,3380.0,premium
Barranco,132.8,4,3,14.0,1,5300.0,premium
Ate,190.0,3,1,,1,4330.0,premium
Pueblo Libre,109.7,5,3,6.0,1,4440.0,premium
San Borja,66.9,4,3,2.0,0,4800.0,premium
Pueblo Libre,,5,2,29.0,1,4710.0,premium
Carabayllo,66.3,5,2,28.0,0,2010.0,moderado
San Borja,138.0,4,3,21.0,0,5360.0,premium
San Borja,189.4,3,2,22.0,0,5430.0,premium
San Isidro,105.5,1,1,23.0,1,5410.0,premium
Lince,66.7,1,1,16.0,1,2680.0,moderado
Carabayllo,83.8,5,1,0.0,1,3280.0,premium
Surco,103.9,5,3,13.0,1,5590.0,premium
San Miguel,,5,3,29.0,1,4960.0,premium
San Juan de Lurigancho,137.7,1,1,13.0,1,2650.0,moderado
Miraflores,60.6,4,2,6.0,1,6030.0,premium
Pueblo Libre,113.9,4,1,3.0,0,3780.0,premium
Pueblo Libre,,4,1,19.0,1,4660.0,premium
Magdalena,,4,1,3.0,1,4920.0,premium
Jesus Maria,69.0,5,3,7.0,0,4040.0,premium
Surco,182.1,4,3,1.0,1,6660.0,premium
San Juan de Lurigancho,74.0,4,1,,1,3070.0,premium
Magdalena,193.1,4,2,9.0,0,5220.0,premium
San Isidro,165.1,1,1,,1,6010.0,premium
San Juan de Lurigancho,146.9,4,1,8.0,0,3510.0,premium
Carabayllo,159.7,3,1,11.0,1,3580.0,premium
CARABAYLLO,147.6,2,2,33.0,1,2480.0,moderado
Magdalena,192.5,3,2,6.0,0,5050.0,premium
Lince,182.7,5,2,33.0,1,4300.0,premium
Chorrillos,73.4,3,1,20.0,1,2790.0,moderado
LA MOLINA,164.2,5,3,17.0,1,6240.0,premium
Jesus Maria,98.6,3,3,29.0,1,3560.0,premium
Miraflores,166.4,1,1,32.0,0,5300.0,premium
Magdalena,159.4,4,2,16.0,0,4550.0,premium
Barranco,150.8,2,1,34.0,1,4320.0,premium
Magdalena,174.0,5,3,11.0,1,5510.0,premium
Magdalena,72.6,1,1,7.0,0,3190.0,premium
Pueblo Libre,,5,1,34.0,1,3550.0,premium
Pueblo Libre,201.6,5,1,,1,5570.0,premium
Lince,201.1,1,1,22.0,0,56178.0,premium
chorrillos,82.9,2,1,36.0,1,2050.0,moderado
San Juan de Lurigancho,190.2,1,1,21.0,1,3080.0,premium
San Borja,213.5,5,1,8.0,1,6740.0,premium
Lince,208.9,3,1,30.0,1,4250.0,premium
Magdalena,133.9,2,2,19.0,0,48744.0,premium
Chorrillos,141.3,5,3,16.0,0,3980.0,premium
Jesus Maria,218.7,2,1,28.0,1,4600.0,premium
Chorrillos,,3,1,37.0,1,3810.0,premium
Chorrillos,61.0,5,2,7.0,1,3470.0,premium
LA MOLINA,204.2,5,2,36.0,1,5590.0,premium
Chorrillos,80.9,1,1,,1,2460.0,moderado
Barranco,47.3,3,2,32.0,1,3370.0,premium
Miraflores,73.6,3,1,24.0,1,4830.0,premium
Magdalena,76.7,2,1,18.0,1,3360.0,premium
Barranco,118.9,1,1,20.0,0,3830.0,premium
San Borja,,5,1,0.0,1,5620.0,premium
Miraflores,170.5,3,3,21.0,0,6170.0,premium
Ate,211.9,2,2,12.0,1,4210.0,premium
Barranco,101.0,1,1,12.0,0,4200.0,premium
Ate,50.5,4,2,,1,2290.0,moderado
San Isidro,44.5,4,2,23.0,1,5400.0,premium
Lince,155.9,5,2,19.0,1,4450.0,premium
Barranco,104.2,1,1,6.0,0,4210.0,premium
San Miguel,106.9,4,3,32.0,1,3570.0,premium
Chorrillos,,4,1,32.0,1,3280.0,premium
Carabayllo,,2,2,,1,2570.0,moderado
San Isidro,76.6,2,2,11.0,1,5460.0,premium
San Isidro,97.3,3,3,14.0,1,5920.0,premium
San Borja,181.9,5,2,29.0,0,5360.0,premium
Pueblo Libre,99.4,1,1,1.0,0,3250.0,premium
Jesus Maria,157.0,2,2,19.0,0,3900.0,premium
Ate,196.7,4,2,37.0,1,3910.0,premium
San Borja,91.8,3,1,22.0,1,4390.0,premium
Lince,112.5,1,1,31.0,0,2170.0,moderado
San Miguel,203.5,3,2,20.0,1,4520.0,premium
CHORRILLOS,148.7,1,1,12.0,1,3310.0,premium
Barranco,,3,2,,0,4410.0,premium
San Miguel,,2,2,,0,4220.0,premium
Jesus Maria,115.5,5,1,11.0,1,4430.0,premium
Magdalena,86.6,1,1,4.0,1,3900.0,premium
Surco,101.3,3,1,,1,4420.0,premium
Miraflores,41.4,5,2,30.0,0,4510.0,premium
Magdalena,185.8,2,2,,1,4770.0,premium
San Borja,218.3,4,1,24.0,0,6010.0,premium
La Molina,100.7,2,1,0.0,1,5150.0,premium
San Miguel,196.6,1,1,39.0,1,3720.0,premium
Surco,143.7,3,3,29.0,1,5150.0,premium
SAN ISIDRO,182.6,2,2,9.0,0,6510.0,premium
Magdalena,78.8,3,2,10.0,1,3780.0,premium
Ate,45.2,1,1,38.0,0,720.0,economico
La Molina,106.9,3,1,21.0,1,4650.0,premium
Pueblo Libre,119.0,1,1,18.0,0,3090.0,premium
Jesus Maria,152.6,5,2,11.0,1,4620.0,premium
La Molina,79.1,3,2,4.0,1,5000.0,premium
chorrillos,116.2,5,1,29.0,1,3300.0,premium
San Isidro,79.9,5,1,27.0,1,5540.0,premium
Magdalena,178.5,3,1,12.0,1,4910.0,premium
La Molina,65.1,1,1,,1,3130.0,premium
Miraflores,129.1,4,3,38.0,1,5780.0,premium
Carabayllo,200.3,3,2,19.0,0,3690.0,premium
San Juan de Lurigancho,204.1,1,1,12.0,0,3370.0,premium
Chorrillos,199.5,2,2,4.0,1,4620.0,premium
Surco,158.2,1,1,31.0,1,4590.0,premium
San Miguel,62.6,5,1,13.0,1,3530.0,premium
Ate,126.8,4,3,16.0,1,3420.0,premium
Magdalena,119.4,4,1,15.0,1,4000.0,premium
Magdalena,165.0,1,1,31.0,1,3620.0,premium
San Juan de Lurigancho,82.3,5,2,22.0,1,2820.0,moderado
Barranco,80.0,3,3,16.0,1,4550.0,premium
San Miguel,96.9,2,2,17.0,0,3160.0,premium
Miraflores,201.3,1,1,7.0,1,6830.0,premium
Carabayllo,147.5,5,3,37.0,1,2970.0,moderado
Carabayllo,95.6,5,3,6.0,1,3370.0,premium
La Molina,86.3,4,2,34.0,1,3990.0,premium
La Molina,146.4,1,1,3.0,1,5240.0,premium
San Isidro,,5,2,18.0,0,5910.0,premium
La Molina,106.9,2,2,23.0,1,4460.0,premium
Miraflores,177.3,2,1,18.0,0,5610.0,premium
Lince,177.2,1,1,18.0,0,3510.0,premium
Miraflores,99.8,1,1,32.0,1,4620.0,premium
Carabayllo,102.3,4,1,28.0,1,2550.0,moderado
Magdalena,140.6,2,1,18.0,1,4160.0,premium
San Borja,175.6,3,2,37.0,0,4830.0,premium
Chorrillos,177.3,2,1,27.0,1,3730.0,premium
Magdalena,157.0,5,1,29.0,1,4640.0,premium
San Juan de Lurigancho,132.2,3,1,33.0,0,2520.0,moderado
Carabayllo,164.0,5,2,9.0,1,56166.0,premium
Chorrillos,169.5,1,1,28.0,0,2870.0,moderado
Ate,138.5,4,2,7.0,1,4060.0,premium
Ate,57.7,3,3,16.0,1,2680.0,moderado
Surco,,3,3,,1,5670.0,premium
San Borja,187.7,1,1,8.0,0,5280.0,premium
San Borja,67.2,5,2,2.0,0,4850.0,premium
San Isidro,,5,1,2.0,1,39526.0,premium
carabayllo,63.7,5,1,36.0,0,1490.0,economico
San Isidro,75.7,2,2,17.0,0,5330.0,premium
Jesus Maria,98.8,4,2,32.0,1,3480.0,premium
Miraflores,175.6,1,1,38.0,0,4970.0,premium
La Molina,178.6,4,3,23.0,1,5970.0,premium
La Molina,47.2,3,3,24.0,1,3960.0,premium
San Borja,154.5,1,1,7.0,1,5120.0,premium
San Borja,89.8,2,1,14.0,1,4470.0,premium
San Isidro,142.3,1,1,16.0,0,5750.0,premium
Jesus Maria,209.8,1,1,1.0,1,5060.0,premium
San Miguel,126.9,1,1,17.0,1,3440.0,premium
Ate,171.7,3,1,38.0,1,2830.0,moderado
San Borja,185.4,4,3,11.0,0,6160.0,premium
Carabayllo,76.0,2,1,16.0,0,1590.0,moderado
Carabayllo,,3,2,36.0,0,2720.0,moderado
San Borja,198.7,1,1,11.0,1,5830.0,premium
San Isidro,89.3,5,1,1.0,1,62077.0,premium
PUEBLO LIBRE,116.3,3,1,3.0,1,4130.0,premium
Surco,74.3,5,3,22.0,0,4780.0,premium
Jesus Maria,99.3,4,3,4.0,0,4220.0,premium
San Borja,,5,1,19.0,0,4840.0,premium
San Isidro,,2,1,13.0,0,5840.0,premium
lince,183.2,5,2,28.0,1,4700.0,premium
Lince,144.9,2,2,7.0,1,4020.0,premium
Miraflores,188.7,4,3,31.0,1,6500.0,premium
Miraflores,130.8,1,1,10.0,1,5510.0,premium
San Borja,201.0,3,3,,0,6470.0,premium
Barranco,73.1,4,1,9.0,1,4520.0,premium
Miraflores,41.0,1,1,4.0,1,4870.0,premium
Surco,160.7,5,3,13.0,1,6190.0,premium
San Borja,109.4,3,2,14.0,1,5110.0,premium
Magdalena,,5,2,19.0,1,5190.0,premium
Pueblo Libre,211.4,5,3,37.0,1,4920.0,premium
Chorrillos,120.8,1,1,37.0,1,2460.0,moderado
Jesus Maria,200.0,1,1,10.0,1,4690.0,premium
SAN BORJA,64.8,4,3,3.0,1,5130.0,premium
San Isidro,41.9,3,1,23.0,1,4820.0,premium
Barranco,128.0,4,2,25.0,0,4220.0,premium
Ate,121.4,1,1,,1,2800.0,moderado
Barranco,194.1,3,2,11.0,0,5730.0,premium
Jesus Maria,125.0,1,1,15.0,1,3810.0,premium
Jesus Maria,130.1,4,3,29.0,1,4160.0,premium
Surco,153.7,4,3,12.0,0,5700.0,premium
San Juan de Lurigancho,46.7,4,1,6.0,1,2460.0,moderado
La Molina,218.1,5,1,26.0,0,5920.0,premium
Pueblo Libre,,5,1,31.0,0,3840.0,premium
Pueblo Libre,134.4,2,1,16.0,1,3670.0,premium
Pueblo Libre,74.0,2,2,32.0,1,2720.0,moderado
San Miguel,90.5,3,2,31.0,1,3430.0,premium
Miraflores,70.2,4,3,15.0,1,5640.0,premium
Jesus Maria,,1,1,,0,2610.0,moderado
Jesus Maria,126.6,3,2,16.0,0,3990.0,premium
San Miguel,73.3,3,3,4.0,0,3800.0,premium
Barranco,105.7,3,2,20.0,0,3950.0,premium
San Borja,70.0,2,2,29.0,1,4060.0,premium
San Borja,112.8,3,3,33.0,1,4510.0,premium
Pueblo Libre,143.3,2,2,29.0,1,3480.0,premium
Barranco,98.5,4,3,2.0,0,4680.0,premium
San Miguel,186.4,4,3,27.0,1,4710.0,premium
Carabayllo,100.6,4,3,9.0,1,50569.0,premium
Surco,219.4,1,1,14.0,1,6090.0,premium
San Miguel,138.0,4,3,18.0,1,4460.0,premium
Pueblo Libre,149.2,2,1,1.0,1,4480.0,premium
San Miguel,115.3,3,3,0.0,0,4460.0,premium
Carabayllo,,3,1,37.0,1,2440.0,moderado
San Isidro,98.7,2,2,7.0,1,6060.0,premium
Lince,172.3,2,2,10.0,1,4270.0,premium
La Molina,91.2,2,1,39.0,1,3450.0,premium
Carabayllo,172.3,1,1,32.0,0,2330.0,moderado
Lince,140.3,2,2,25.0,1,3480.0,premium
Barranco,40.8,5,1,,1,4260.0,premium
Surco,101.5,2,2,30.0,0,4040.0,premium
Magdalena,40.0,5,2,6.0,1,4210.0,premium
Miraflores,159.5,5,2,9.0,1,6780.0,premium
San Juan de Lurigancho,174.4,1,1,17.0,1,3090.0,premium
Magdalena,117.1,3,3,10.0,0,4320.0,premium
Jesus Maria,,5,2,28.0,0,4630.0,premium
San Miguel,,4,2,25.0,1,3610.0,premium
Carabayllo,136.0,3,1,20.0,0,2300.0,moderado
Magdalena,95.7,2,1,,1,3240.0,premium
San Miguel,46.8,4,1,9.0,0,3230.0,premium
Lince,180.3,4,2,3.0,1,4940.0,premium
Miraflores,,3,2,13.0,1,5870.0,premium
La Molina,96.0,4,1,,0,4530.0,premium
Barranco,,2,2,11.0,1,6180.0,premium
Surco,105.7,5,3,6.0,0,5510.0,premium
San Borja,152.3,3,1,3.0,1,5620.0,premium
Carabayllo,62.4,1,1,38.0,0,950.0,economico
Magdalena,214.6,3,2,25.0,1,5150.0,premium
San Isidro,72.1,4,3,22.0,1,5810.0,premium
Barranco,55.0,5,2,2.0,1,4750.0,premium
Chorrillos,149.9,4,2,37.0,1,3440.0,premium
Carabayllo,143.5,4,3,34.0,1,2850.0,moderado
Surco,199.6,2,2,36.0,1,5490.0,premium
Surco,115.4,2,1,13.0,0,4410.0,premium
Jesus Maria,113.6,1,1,,1,4200.0,premium
San Borja,185.5,1,1,15.0,1,5490.0,premium
Barranco,202.6,2,2,,1,5690.0,premium
Surco,,3,1,17.0,1,5020.0,premium
Magdalena,68.0,4,2,30.0,0,3180.0,premium
Lince,189.6,5,1,37.0,0,4080.0,premium
Carabayllo,122.2,2,2,26.0,1,2450.0,moderado
Pueblo Libre,200.2,4,1,15.0,1,5380.0,premium
Lince,79.4,5,1,,0,2240.0,moderado
San Miguel,149.4,2,2,11.0,1,4630.0,premium
La Molina,45.5,2,2,36.0,1,3110.0,premium
Magdalena,40.0,5,1,39.0,1,2810.0,moderado
Ate,,3,1,23.0,1,3920.0,premium
Magdalena,173.3,3,2,17.0,1,4600.0,premium
Magdalena,93.6,3,2,2.0,0,4030.0,premium
Pueblo Libre,85.3,3,1,25.0,0,2860.0,moderado
Jesus Maria,135.5,3,3,17.0,0,4130.0,premium
Ate,,5,1,7.0,0,2660.0,moderado
San Borja,73.1,5,1,22.0,1,4600.0,premium
La Molina,193.8,3,2,39.0,0,5080.0,premium
Jesus Maria,120.2,3,1,19.0,1,4100.0,premium
San Juan de Lurigancho,179.3,2,2,15.0,1,3670.0,premium
MAGDALENA,171.2,4,3,15.0,1,5260.0,premium
Lince,68.1,4,1,22.0,1,2970.0,moderado
Ate,,5,3,,0,3630.0,premium
Carabayllo,48.9,4,1,9.0,0,2050.0,moderado
Chorrillos,161.4,4,1,23.0,1,3940.0,premium
Lince,47.2,1,1,30.0,0,1340.0,economico
La Molina,129.3,1,1,24.0,1,4180.0,premium
Chorrillos,63.9,5,2,1.0,0,3360.0,premium
San Borja,202.6,2,2,29.0,1,5450.0,premium
La Molina,104.9,4,1,0.0,1,5760.0,premium
Surco,55.8,1,1,16.0,1,3940.0,premium
Carabayllo,178.6,1,1,25.0,0,2620.0,moderado
San Isidro,70.6,5,2,5.0,0,6010.0,premium
Carabayllo,192.0,1,1,0.0,0,3470.0,premium
Ate,219.4,5,3,,1,4760.0,premium
San Borja,143.0,3,3,26.0,1,5180.0,premium
Carabayllo,101.0,5,1,9.0,1,3270.0,premium
La Molina,213.0,3,1,6.0,1,6220.0,premium
San Juan de Lurigancho,193.4,5,3,23.0,1,4310.0,premium
San Miguel,71.2,5,2,39.0,1,2910.0,moderado
Jesus Maria,146.1,5,1,32.0,0,3870.0,premium
San Isidro,108.0,5,3,7.0,1,7050.0,premium
San Juan de Lurigancho,153.4,5,2,18.0,0,3580.0,premium
Chorrillos,43.1,3,3,30.0,1,2420.0,moderado
Lince,74.1,2,2,20.0,0,2630.0,moderado
Ate,166.2,3,2,1.0,0,3670.0,premium
Surco,176.2,1,1,6.0,1,5740.0,premium
Carabayllo,,4,3,17.0,1,4040.0,premium
Ate,208.1,2,2,15.0,1,4120.0,premium
San Borja,41.0,5,3,12.0,1,4640.0,premium
Miraflores,,4,3,8.0,0,6940.0,premium
Chorrillos,41.6,3,1,34.0,1,1700.0,moderado
lince,,3,3,31.0,0,4150.0,premium
La Molina,156.5,1,1,22.0,1,4930.0,premium
Lince,68.9,1,1,39.0,0,1600.0,moderado
Barranco,190.2,4,1,25.0,1,5600.0,premium
San Borja,194.0,3,3,20.0,0,5730.0,premium
Chorrillos,145.0,2,2,33.0,1,3400.0,premium
Ate,90.2,2,2,14.0,1,2860.0,moderado
San Borja,89.2,3,1,20.0,0,4310.0,premium
La Molina,134.2,5,1,13.0,1,35707.0,premium
Chorrillos,149.8,5,1,19.0,0,3770.0,premium
Surco,144.6,2,2,18.0,0,5100.0,premium
Ate,182.7,5,3,,1,5060.0,premium
Ate,53.6,2,1,20.0,0,1960.0,moderado
Chorrillos,43.9,4,3,38.0,1,2200.0,moderado
La Molina,195.1,4,3,12.0,1,6430.0,premium
Pueblo Libre,158.5,5,2,9.0,0,4900.0,premium
La Molina,82.7,3,1,,1,4430.0,premium
San Isidro,,1,1,4.0,0,5970.0,premium
La Molina,51.9,3,2,37.0,1,3550.0,premium
Barranco,114.1,5,1,37.0,1,4500.0,premium
San Borja,,2,2,11.0,0,5620.0,premium
San Miguel,173.7,5,1,10.0,0,4950.0,premium
Chorrillos,101.8,3,3,,1,2900.0,moderado
Chorrillos,215.9,4,2,9.0,0,4610.0,premium
Barranco,46.3,1,1,0.0,1,3890.0,premium
Jesus Maria,118.4,5,3,31.0,1,4410.0,premium
Magdalena,45.9,5,1,36.0,1,37637.0,premium
Miraflores,192.5,4,3,23.0,1,6870.0,premium
Barranco,180.4,2,2,22.0,1,5060.0,premium
Chorrillos,154.0,4,2,27.0,1,3700.0,premium
Lince,114.9,2,2,18.0,1,3150.0,premium
San Isidro,218.5,1,1,31.0,1,6420.0,premium
San Isidro,108.3,4,2,29.0,0,5800.0,premium
Pueblo Libre,72.5,3,2,21.0,1,3140.0,premium
Lince,77.5,2,1,13.0,0,2490.0,moderado
Lince,212.4,3,3,34.0,0,3840.0,premium
Surco,46.8,3,1,27.0,0,3570.0,premium
San Borja,45.6,3,2,2.0,1,4570.0,premium
Miraflores,76.4,5,1,32.0,1,5270.0,premium
San Borja,139.4,4,3,27.0,1,5160.0,premium
San Miguel,133.5,1,1,1.0,0,3720.0,premium
Lince,103.7,1,1,33.0,1,2500.0,moderado
Miraflores,,1,1,12.0,1,5490.0,premium
Ate,85.1,1,1,2.0,1,2880.0,moderado
Surco,63.6,4,1,25.0,0,4100.0,premium
San Borja,188.4,4,3,17.0,1,6240.0,premium
Ate,94.7,2,2,30.0,1,2470.0,moderado
Surco,180.0,5,3,21.0,0,6010.0,premium
Chorrillos,68.8,1,1,37.0,1,1610.0,moderado
La Molina,194.9,1,1,17.0,0,5180.0,premium
San Juan de Lurigancho,119.0,3,1,6.0,0,2780.0,moderado
Lince,170.5,4,3,15.0,0,4320.0,premium
SAN ISIDRO,184.4,4,3,16.0,1,7230.0,premium
Carabayllo,104.6,5,3,1.0,1,3640.0,premium
Carabayllo,154.0,4,1,35.0,0,2580.0,moderado
San Miguel,,1,1,5.0,1,4170.0,premium
Miraflores,50.2,4,3,21.0,1,5260.0,premium
Miraflores,217.1,2,2,23.0,1,6290.0,premium
Pueblo Libre,204.9,2,1,39.0,0,3690.0,premium
Jesus Maria,121.5,3,2,10.0,1,4440.0,premium
San Borja,,2,2,35.0,1,3570.0,premium
Pueblo Libre,,3,3,38.0,1,3460.0,premium
Jesus Maria,120.5,4,1,2.0,1,4650.0,premium
San Miguel,104.1,3,3,8.0,1,3950.0,premium
Lince,45.7,4,1,11.0,1,2920.0,moderado
San Borja,121.3,5,3,29.0,1,53929.0,premium
Jesus Maria,69.8,4,3,28.0,1,3630.0,premium
pueblo libre,128.1,2,2,12.0,0,3630.0,premium
San Miguel,93.5,1,1,35.0,1,2650.0,moderado
Surco,68.7,2,1,36.0,0,3440.0,premium
La Molina,68.8,2,2,22.0,0,3630.0,premium
Barranco,119.8,2,1,30.0,0,4000.0,premium
Chorrillos,154.1,3,3,2.0,0,4290.0,premium
Carabayllo,92.7,2,2,30.0,0,1580.0,moderado
Carabayllo,115.3,1,1,19.0,1,2240.0,moderado
San Miguel,100.1,2,2,30.0,0,2810.0,moderado
Lince,160.0,2,2,,1,4230.0,premium
Surco,45.2,2,2,24.0,0,3390.0,premium
Magdalena,96.6,2,2,15.0,0,3620.0,premium
Lince,213.8,2,1,17.0,0,4310.0,premium
Carabayllo,145.6,4,3,27.0,0,2920.0,moderado
Lince,118.2,2,2,15.0,0,3540.0,premium
San Miguel,170.1,1,1,33.0,1,3780.0,premium
Miraflores,153.0,2,2,0.0,1,6530.0,premium
Chorrillos,76.6,4,2,35.0,0,2270.0,moderado
Chorrillos,199.9,3,3,2.0,1,4890.0,premium
Jesus Maria,162.2,3,3,20.0,1,4840.0,premium
Lince,165.7,5,2,23.0,1,4340.0,premium
Lince,74.5,4,2,21.0,1,3250.0,premium
San Juan de Lurigancho,41.9,4,3,6.0,0,2410.0,moderado
Magdalena,,5,3,12.0,1,4500.0,premium
Carabayllo,211.6,2,2,23.0,1,3600.0,premium
Ate,,2,2,9.0,1,2320.0,moderado
Pueblo Libre,67.1,4,1,11.0,1,3760.0,premium
Jesus Maria,66.7,1,1,11.0,1,3320.0,premium
Ate,129.2,1,1,16.0,1,2920.0,moderado
San Borja,120.6,1,1,,0,3690.0,premium
Jesus Maria,52.3,4,1,,0,3180.0,premium
San Borja,146.0,5,2,33.0,1,5270.0,premium
Chorrillos,109.7,5,2,11.0,0,3620.0,premium
San Isidro,133.7,2,2,31.0,1,5890.0,premium
San Miguel,154.4,3,3,26.0,1,4070.0,premium
Jesus Maria,,1,1,10.0,1,4510.0,premium
Lince,96.1,1,1,21.0,0,2750.0,moderado
San Isidro,53.1,5,2,19.0,1,5400.0,premium
Pueblo Libre,143.2,2,2,32.0,1,3600.0,premium
Pueblo Libre,106.7,4,1,,0,4240.0,premium
Pueblo Libre,117.3,2,2,16.0,0,3460.0,premium
San Isidro,,4,3,7.0,0,7660.0,premium
San Juan de Lurigancho,138.4,1,1,37.0,1,1960.0,moderado
Pueblo Libre,213.9,4,2,13.0,1,5300.0,premium
Carabayllo,,3,1,24.0,0,3580.0,premium
Barranco,149.1,3,2,20.0,1,5060.0,premium
Barranco,88.4,2,1,13.0,0,3710.0,premium
La Molina,174.2,3,2,3.0,1,6080.0,premium
Magdalena,200.0,3,2,13.0,1,4940.0,premium
Magdalena,203.4,4,3,11.0,0,5470.0,premium
Pueblo Libre,172.2,4,1,18.0,1,4310.0,premium
Barranco,41.7,5,2,23.0,1,3950.0,premium
Lince,155.9,5,1,22.0,1,4130.0,premium
Carabayllo,56.7,4,3,8.0,1,2720.0,moderado
San Juan de Lurigancho,198.6,4,2,23.0,0,3640.0,premium
Surco,,1,1,39.0,1,4430.0,premium
la molina,139.4,4,3,,1,5650.0,premium
Ate,193.3,2,1,39.0,1,2880.0,moderado
Barranco,185.9,5,1,39.0,1,4870.0,premium
San Borja,118.2,1,1,39.0,0,3600.0,premium
Chorrillos,133.0,3,2,27.0,0,3000.0,moderado
San Juan de Lurigancho,93.6,2,2,28.0,1,2410.0,moderado
Jesus Maria,141.0,2,2,14.0,0,3840.0,premium
San Borja,120.1,2,2,39.0,0,3970.0,premium
Carabayllo,145.0,4,3,22.0,1,3180.0,premium
Magdalena,52.8,4,1,35.0,0,2590.0,moderado
LINCE,66.2,2,1,18.0,0,2640.0,moderado
San Miguel,153.5,5,3,6.0,1,5200.0,premium
Jesus Maria,149.5,1,1,17.0,1,4140.0,premium
Surco,93.3,5,3,34.0,0,4860.0,premium
Barranco,154.4,5,3,19.0,0,5330.0,premium
Ate,96.7,2,2,8.0,1,2860.0,moderado
Carabayllo,86.3,4,1,30.0,1,1880.0,moderado
Chorrillos,43.3,3,3,32.0,1,2270.0,moderado
San Borja,200.2,1,1,5.0,1,6030.0,premium
La Molina,211.6,1,1,25.0,1,5580.0,premium
Magdalena,105.7,1,1,2.0,1,3840.0,premium
Carabayllo,61.7,1,1,6.0,1,2220.0,moderado
San Miguel,206.9,5,1,3.0,1,5680.0,premium
San Borja,180.3,3,1,26.0,1,5520.0,premium
San Borja,113.3,3,3,1.0,0,5260.0,premium
Carabayllo,49.6,5,3,17.0,1,2340.0,moderado
Chorrillos,,2,1,28.0,1,3530.0,premium
Ate,142.0,2,2,27.0,1,3040.0,premium
Barranco,80.7,5,1,20.0,1,4330.0,premium
San Isidro,111.9,5,3,18.0,1,6570.0,premium
Pueblo Libre,133.0,5,3,38.0,1,3620.0,premium
Pueblo Libre,79.6,2,2,27.0,1,2960.0,moderado
Chorrillos,165.3,4,3,1.0,0,4720.0,premium
Chorrillos,93.8,2,2,18.0,1,3100.0,premium
Jesus Maria,,2,2,12.0,0,3360.0,premium
San Juan de Lurigancho,135.6,3,2,39.0,1,2090.0,moderado
San Juan de Lurigancho,145.4,4,1,0.0,0,3940.0,premium
Chorrillos,162.3,5,2,26.0,1,4220.0,premium
La Molina,195.1,1,1,2.0,0,5660.0,premium
Pueblo Libre,106.0,1,1,14.0,0,3120.0,premium
La Molina,150.2,3,1,15.0,1,5150.0,premium
San Juan de Lurigancho,162.4,4,3,1.0,1,4450.0,premium
San Borja,150.3,3,2,0.0,1,6140.0,premium
Carabayllo,199.3,5,2,,0,3340.0,premium
San Isidro,80.5,4,2,24.0,1,5590.0,premium
Carabayllo,121.7,3,3,24.0,0,2490.0,moderado
Carabayllo,46.9,4,1,19.0,1,1880.0,moderado
Surco,67.5,2,2,12.0,0,4270.0,premium
Jesus Maria,189.1,5,2,1.0,1,5800.0,premium
Lince,80.7,1,1,14.0,0,2370.0,moderado
Jesus Maria,137.0,1,1,11.0,1,3910.0,premium
San Miguel,41.7,5,3,32.0,1,2940.0,moderado
Miraflores,181.4,3,2,2.0,1,6680.0,premium
San Juan de Lurigancho,58.1,2,2,10.0,0,1990.0,moderado
San Miguel,164.5,5,2,4.0,0,5300.0,premium
Ate,91.0,2,2,29.0,0,1810.0,moderado
Chorrillos,207.9,1,1,3.0,0,4180.0,premium
Jesus Maria,60.0,4,3,29.0,1,3120.0,premium
La Molina,53.3,5,3,9.0,1,4680.0,premium
Miraflores,135.8,1,1,14.0,0,5410.0,premium
San Isidro,,4,2,5.0,0,7010.0,premium
Pueblo Libre,113.8,5,3,20.0,1,3870.0,premium
Magdalena,190.4,5,1,5.0,0,5420.0,premium
Lince,151.3,5,3,27.0,1,4370.0,premium
Jesus Maria,187.7,3,1,2.0,1,5460.0,premium
Jesus Maria,183.9,2,2,6.0,1,4930.0,premium
Ate,106.3,3,2,15.0,1,3010.0,premium
San Miguel,136.9,1,1,28.0,1,3490.0,premium
Pueblo Libre,205.7,3,2,6.0,0,5150.0,premium
Jesus Maria,195.3,3,1,26.0,1,54782.0,premium
San Juan de Lurigancho,68.9,3,1,32.0,0,1600.0,moderado
Lince,86.6,5,1,28.0,1,3210.0,premium
Surco,87.7,5,1,27.0,1,4490.0,premium
Miraflores,188.1,3,3,7.0,1,7380.0,premium
Barranco,185.8,2,1,22.0,1,5110.0,premium
SAN MIGUEL,207.1,5,2,36.0,1,4770.0,premium
San Borja,59.0,3,3,9.0,0,4370.0,premium
BARRANCO,85.4,3,3,22.0,1,4330.0,premium
Carabayllo,60.6,3,3,9.0,0,2210.0,moderado
Surco,156.4,1,1,23.0,0,4440.0,premium
La Molina,121.8,3,2,26.0,1,4820.0,premium
Chorrillos,161.1,3,3,24.0,1,3770.0,premium
Carabayllo,63.5,5,1,39.0,0,1670.0,moderado
La Molina,146.8,2,1,24.0,1,4800.0,premium
ATE,96.8,4,1,2.0,1,3550.0,premium
Chorrillos,219.6,4,1,12.0,1,4800.0,premium
La Molina,191.8,2,1,35.0,1,5140.0,premium
Pueblo Libre,205.1,1,1,0.0,1,5070.0,premium
Miraflores,97.5,5,3,17.0,0,5650.0,premium
Magdalena,124.7,3,1,7.0,0,4430.0,premium
San Juan de Lurigancho,83.7,5,2,27.0,1,2410.0,moderado
Carabayllo,215.1,1,1,37.0,1,2640.0,moderado
San Borja,109.8,5,3,25.0,1,5560.0,premium
Magdalena,168.0,5,1,23.0,0,4500.0,premium
Surco,140.9,2,2,13.0,1,5030.0,premium
San Juan de Lurigancho,,3,1,37.0,1,2680.0,moderado
Ate,163.2,1,1,22.0,0,2670.0,moderado
Miraflores,,4,1,24.0,1,5440.0,premium
Ate,138.7,3,3,23.0,1,3270.0,premium
Lince,129.5,1,1,28.0,1,3050.0,premium
Pueblo Libre,103.9,3,2,5.0,1,4090.0,premium
San Miguel,135.3,1,1,11.0,1,3610.0,premium
Chorrillos,52.5,5,3,26.0,1,2860.0,moderado
Jesus Maria,72.6,5,2,33.0,1,3220.0,premium
San Miguel,147.3,2,1,33.0,1,3310.0,premium
San Borja,140.8,4,1,26.0,1,4960.0,premium
Lince,95.5,4,3,,1,4090.0,premium
San Juan de Lurigancho,179.0,5,2,16.0,0,3790.0,premium
Carabayllo,102.5,3,1,21.0,1,2360.0,moderado
Chorrillos,205.1,1,1,9.0,0,4000.0,premium
San Isidro,121.1,5,3,14.0,1,6920.0,premium
Ate,209.8,3,2,25.0,1,3780.0,premium
Magdalena,44.1,5,3,10.0,1,3940.0,premium
San Miguel,149.4,1,1,31.0,1,3580.0,premium
Lince,,4,2,11.0,1,3770.0,premium
Pueblo Libre,163.6,2,1,21.0,1,3900.0,premium
Chorrillos,109.3,2,2,8.0,1,3390.0,premium
San Isidro,,2,2,6.0,0,6250.0,premium
San Isidro,90.7,5,2,35.0,0,5410.0,premium
Barranco,196.1,3,2,17.0,1,5880.0,premium
Carabayllo,116.9,4,1,21.0,1,2580.0,moderado
Carabayllo,157.2,3,2,,0,3520.0,premium
Miraflores,145.7,5,2,7.0,1,6930.0,premium
La Molina,84.3,1,1,9.0,1,4410.0,premium
Carabayllo,133.6,4,2,2.0,1,3570.0,premium
San Borja,175.6,5,1,20.0,0,35005.0,premium
Magdalena,,5,1,36.0,1,4770.0,premium
Lince,85.3,1,1,21.0,0,2420.0,moderado
Magdalena,79.2,2,1,9.0,1,3420.0,premium
Pueblo Libre,106.6,2,2,12.0,0,3410.0,premium
Ate,83.3,3,1,35.0,0,1730.0,moderado
Ate,137.6,3,2,5.0,0,3470.0,premium
San Miguel,194.9,5,3,20.0,0,4760.0,premium
Barranco,134.5,3,2,4.0,1,5270.0,premium
Magdalena,88.5,4,3,12.0,1,4140.0,premium
San Isidro,204.1,1,1,5.0,0,6760.0,premium
San Miguel,162.4,3,2,25.0,1,4290.0,premium
Pueblo Libre,174.6,4,2,9.0,1,4760.0,premium
Chorrillos,154.5,2,1,27.0,1,3350.0,premium
Chorrillos,190.6,2,2,8.0,1,4160.0,premium
Barranco,150.4,4,2,6.0,1,5580.0,premium
Barranco,201.3,1,1,13.0,0,5230.0,premium
Barranco,194.8,4,2,20.0,0,5430.0,premium
Chorrillos,118.4,1,1,,1,3390.0,premium
La Molina,62.8,2,1,27.0,0,3470.0,premium
Carabayllo,66.2,1,1,,0,1120.0,economico
Jesus Maria,163.0,5,2,25.0,0,4160.0,premium
Miraflores,98.3,3,3,0.0,1,6070.0,premium
Barranco,204.7,3,1,24.0,1,5250.0,premium
San Isidro,133.0,4,2,5.0,1,6550.0,premium
Magdalena,143.4,4,3,11.0,1,5170.0,premium
La Molina,,4,1,10.0,1,5860.0,premium
Pueblo Libre,152.2,5,3,21.0,1,4500.0,premium
Lince,124.6,1,1,0.0,1,3690.0,premium
Ate,122.8,5,1,37.0,1,2970.0,moderado
Pueblo Libre,147.8,5,3,13.0,1,4660.0,premium
Barranco,93.1,3,1,15.0,1,4560.0,premium
Miraflores,186.0,3,1,21.0,1,6620.0,premium
Ate,140.5,5,3,3.0,1,4230.0,premium
Miraflores,201.7,1,1,0.0,0,6420.0,premium
Lince,124.2,5,3,10.0,0,4220.0,premium
Jesus Maria,128.3,2,1,4.0,1,4180.0,premium
San Miguel,202.8,1,1,14.0,1,4630.0,premium
San Miguel,,3,3,4.0,1,4970.0,premium
La Molina,142.4,1,1,33.0,0,3820.0,premium
Chorrillos,191.6,2,2,3.0,0,4210.0,premium
Jesus Maria,143.2,2,2,,1,3980.0,premium
Surco,194.8,4,1,34.0,0,5320.0,premium
Surco,54.0,4,2,4.0,1,4930.0,premium
Jesus Maria,98.5,2,2,34.0,1,45105.0,moderado
SURCO,186.0,5,2,7.0,0,6340.0,premium
San Borja,173.6,5,1,38.0,0,5080.0,premium
Ate,43.0,4,2,15.0,0,2410.0,moderado
Ate,204.4,1,1,18.0,0,3570.0,premium
Jesus Maria,179.2,5,2,24.0,0,4650.0,premium
Carabayllo,138.0,5,2,39.0,1,2520.0,moderado
San Juan de Lurigancho,157.7,4,1,13.0,0,3220.0,premium
Chorrillos,183.0,1,1,,1,3350.0,premium
Jesus Maria,182.9,5,2,22.0,1,4990.0,premium
Miraflores,,3,2,11.0,1,6340.0,premium
La Molina,207.0,5,2,,1,5460.0,premium
miraflores,66.9,4,1,33.0,1,5070.0,premium
Carabayllo,170.2,5,1,15.0,0,3970.0,premium
San Miguel,197.4,2,1,9.0,0,4540.0,premium
Chorrillos,135.4,4,3,9.0,1,4080.0,premium
Ate,182.6,3,1,,0,3790.0,premium
Lince,136.0,3,3,35.0,0,3250.0,premium
La Molina,92.8,3,2,,1,4740.0,premium
Pueblo Libre,151.7,2,2,38.0,0,3350.0,premium
Miraflores,145.9,2,2,,0,5650.0,premium
Jesus Maria,57.0,5,2,20.0,1,3670.0,premium
Barranco,192.4,4,1,39.0,1,4980.0,premium
Miraflores,108.7,3,2,5.0,1,5980.0,premium
Magdalena,123.9,4,2,37.0,1,3760.0,premium
Jesus Maria,163.4,2,2,23.0,0,3840.0,premium
Carabayllo,49.9,5,2,11.0,1,2520.0,moderado
Carabayllo,43.3,4,2,4.0,1,2480.0,moderado
San Juan de Lurigancho,111.3,2,2,11.0,0,34516.0,moderado
Carabayllo,209.6,5,2,24.0,0,3590.0,premium
Chorrillos,193.4,4,1,9.0,1,4630.0,premium
Jesus Maria,96.4,3,3,24.0,1,3850.0,premium
Carabayllo,214.8,3,2,35.0,1,3510.0,premium
Pueblo Libre,218.6,3,3,7.0,1,5280.0,premium
Ate,103.1,5,1,29.0,1,2890.0,moderado
Lince,50.3,5,3,23.0,0,2720.0,moderado
Jesus Maria,88.9,4,1,19.0,1,3620.0,premium
San Borja,81.8,1,1,28.0,0,3660.0,premium
Ate,134.7,5,1,,1,3630.0,premium
Chorrillos,,1,1,0.0,1,4680.0,premium
San Isidro,131.7,4,3,32.0,1,6510.0,premium
Pueblo Libre,40.6,5,3,30.0,1,3060.0,premium
La Molina,90.5,5,3,24.0,1,4780.0,premium
San Juan de Lurigancho,93.2,1,1,32.0,0,1390.0,economico
San Borja,69.3,1,1,35.0,1,3590.0,premium
San Borja,143.6,1,1,2.0,1,5390.0,premium
Miraflores,,2,2,26.0,1,4300.0,premium
Pueblo Libre,195.0,3,1,35.0,1,4190.0,premium
San Juan de Lurigancho,206.2,1,1,14.0,1,3480.0,premium
Carabayllo,109.4,5,3,27.0,1,2950.0,moderado
Ate,159.0,3,1,28.0,0,3080.0,premium
MIRAFLORES,,1,1,11.0,1,6720.0,premium
SAN ISIDRO,186.8,3,3,30.0,0,6270.0,premium
La Molina,176.3,2,2,32.0,0,4760.0,premium
San Juan de Lurigancho,161.0,3,3,12.0,1,3750.0,premium
Magdalena,150.0,1,1,16.0,0,3840.0,premium
Lince,59.7,3,3,36.0,0,2370.0,moderado
Pueblo Libre,216.0,2,1,35.0,1,4200.0,premium
Jesus Maria,84.9,3,3,3.0,1,4170.0,premium
Chorrillos,49.6,4,2,24.0,1,2930.0,moderado
San Juan de Lurigancho,188.1,5,1,37.0,1,3380.0,premium
San Juan de Lurigancho,146.1,3,3,26.0,1,39828.0,moderado
San Borja,70.8,4,1,39.0,1,3740.0,premium
La Molina,174.3,2,2,10.0,0,5530.0,premium
Jesus Maria,114.0,3,3,25.0,1,3900.0,premium
san isidro,113.6,4,1,36.0,1,5600.0,premium
Barranco,142.7,1,1,10.0,1,5050.0,premium
Barranco,122.7,2,1,9.0,1,4880.0,premium
San Isidro,,5,3,8.0,0,6820.0,premium
La Molina,193.8,4,2,7.0,1,6280.0,premium
Miraflores,182.7,4,2,9.0,1,6770.0,premium
San Miguel,,4,1,22.0,0,3420.0,premium
San Juan de Lurigancho,213.2,1,1,18.0,1,3600.0,premium
Surco,69.8,2,2,20.0,1,4660.0,premium
San Borja,146.0,1,1,4.0,0,4870.0,premium
San Isidro,92.0,5,3,38.0,1,5690.0,premium
San Isidro,135.4,2,2,39.0,1,5700.0,premium
San Miguel,89.7,2,2,18.0,1,3330.0,premium
Jesus Maria,57.2,1,1,36.0,1,43159.0,moderado
San Isidro,199.6,1,1,33.0,1,6320.0,premium
Lince,156.1,4,1,22.0,1,3820.0,premium
Miraflores,151.7,2,1,24.0,1,5890.0,premium
San Miguel,42.1,5,1,7.0,1,3600.0,premium
Carabayllo,155.9,5,2,28.0,1,3400.0,premium
San Juan de Lurigancho,,4,1,,0,2650.0,moderado
Miraflores,207.7,2,2,9.0,1,41792.0,premium
San Miguel,117.5,3,1,16.0,1,3530.0,premium
Lince,62.8,3,1,22.0,0,2330.0,moderado
San Isidro,,1,1,,0,4760.0,premium
Ate,120.8,1,1,8.0,1,3030.0,premium
Lince,126.5,3,3,8.0,1,4120.0,premium
La Molina,162.6,5,1,13.0,1,5740.0,premium
Surco,74.7,2,2,27.0,1,3970.0,premium
Magdalena,161.1,4,3,38.0,1,4260.0,premium
Chorrillos,76.0,5,2,36.0,1,2570.0,moderado
San Isidro,122.5,4,3,39.0,1,5710.0,premium
Lince,,3,1,7.0,1,3500.0,premium
Jesus Maria,156.6,2,1,4.0,0,4300.0,premium
Magdalena,162.2,5,3,10.0,1,5290.0,premium
San Isidro,45.5,1,1,34.0,0,4330.0,premium
Chorrillos,118.1,5,2,33.0,1,3020.0,premium
Chorrillos,175.4,4,2,,1,4380.0,premium
Ate,40.0,5,1,,1,1850.0,moderado
Pueblo Libre,90.6,5,3,24.0,1,3830.0,premium
Pueblo Libre,155.0,2,2,36.0,0,3190.0,premium
CHORRILLOS,,5,3,36.0,0,2140.0,moderado
Jesus Maria,154.1,5,2,39.0,1,4120.0,premium
San Borja,162.7,5,3,39.0,1,5350.0,premium
Ate,59.4,5,3,5.0,0,3100.0,premium
Barranco,83.2,2,2,3.0,1,4350.0,premium
Miraflores,60.2,2,2,14.0,0,4910.0,premium
Miraflores,79.5,4,3,27.0,1,5420.0,premium
Ate,108.1,1,1,33.0,1,2300.0,moderado
Magdalena,107.0,2,1,22.0,0,3100.0,premium
San Miguel,80.8,1,1,20.0,1,2780.0,moderado
Magdalena,120.9,2,2,21.0,0,3610.0,premium
Barranco,214.5,2,2,11.0,0,5700.0,premium
Miraflores,208.1,4,3,6.0,1,7600.0,premium
Jesus Maria,116.0,3,2,7.0,0,4280.0,premium
Barranco,175.9,4,2,,1,4900.0,premium
Jesus Maria,81.3,1,1,27.0,0,2460.0,moderado
CHORRILLOS,129.3,5,3,13.0,1,4050.0,premium
Surco,211.3,1,1,35.0,1,4990.0,premium
San Isidro,76.1,5,2,32.0,0,5540.0,premium
Carabayllo,82.6,1,1,17.0,1,1860.0,moderado
Magdalena,101.6,2,2,5.0,1,3950.0,premium
Pueblo Libre,169.3,1,1,36.0,1,3090.0,premium
Carabayllo,166.1,5,3,25.0,0,3520.0,premium
Surco,135.0,1,1,8.0,1,4760.0,premium
San Juan de Lurigancho,106.7,2,2,18.0,0,2260.0,moderado
Chorrillos,44.0,3,2,19.0,1,2610.0,moderado
Barranco,127.2,3,2,6.0,0,4860.0,premium
Barranco,67.3,3,3,37.0,1,3780.0,premium
Miraflores,,5,2,10.0,1,6380.0,premium
San Juan de Lurigancho,70.1,5,1,1.0,1,2950.0,moderado
Carabayllo,122.9,4,1,7.0,0,3180.0,premium
Magdalena,44.4,3,1,,1,3230.0,premium
Jesus Maria,,2,2,12.0,0,4650.0,premium
Ate,101.5,5,3,31.0,1,3030.0,premium
Carabayllo,123.4,5,2,19.0,1,3160.0,premium
Lince,171.9,3,1,4.0,0,4560.0,premium
Surco,121.5,5,3,28.0,0,5310.0,premium
Jesus Maria,109.7,1,1,24.0,1,3060.0,premium
Carabayllo,92.7,4,3,17.0,1,2770.0,moderado
San Miguel,117.4,4,1,21.0,0,3660.0,premium
Carabayllo,78.8,3,3,32.0,1,1990.0,moderado
Jesus Maria,80.4,1,1,12.0,0,2890.0,moderado
San Isidro,41.5,2,2,,1,4580.0,premium
San Miguel,108.2,2,1,5.0,1,3810.0,premium
Barranco,103.8,1,1,19.0,1,4080.0,premium
Barranco,88.2,5,1,,1,4350.0,premium
Jesus Maria,73.9,2,1,,1,2830.0,moderado
San Borja,200.6,2,1,7.0,1,6140.0,premium
San Isidro,52.8,3,3,16.0,1,5420.0,premium
Miraflores,126.3,2,1,17.0,0,5490.0,premium
Jesus Maria,216.0,4,1,27.0,1,4790.0,premium
Barranco,191.0,1,1,33.0,0,4520.0,premium
Miraflores,177.5,2,2,33.0,0,5400.0,premium
Barranco,80.4,3,1,1.0,0,39173.0,premium
Barranco,152.9,1,1,2.0,0,4670.0,premium
Barranco,189.7,5,1,7.0,0,5720.0,premium
Carabayllo,129.4,3,1,33.0,1,2710.0,moderado
San Isidro,66.0,4,3,,0,5280.0,premium
Pueblo Libre,44.0,1,1,1.0,1,3050.0,premium
San Juan de Lurigancho,126.5,3,1,25.0,1,2960.0,moderado
Magdalena,169.5,5,2,23.0,0,4750.0,premium
Lince,105.5,2,2,37.0,1,2740.0,moderado
San Isidro,166.0,2,2,12.0,1,6770.0,premium
Miraflores,136.7,2,2,2.0,1,6170.0,premium
Pueblo Libre,162.1,2,2,25.0,1,3920.0,premium
Ate,209.9,5,3,22.0,0,4140.0,premium
Jesus Maria,210.6,2,1,,0,4620.0,premium
Magdalena,85.0,4,2,13.0,0,3620.0,premium
San Isidro,164.1,4,1,23.0,1,6510.0,premium
San Borja,71.5,1,1,4.0,1,4330.0,premium
Chorrillos,54.4,3,3,37.0,1,2380.0,moderado
Surco,158.4,1,1,36.0,1,4600.0,premium
BARRANCO,132.9,5,2,32.0,0,4620.0,premium
San Borja,54.7,1,1,34.0,1,3310.0,premium
Lince,207.6,2,2,23.0,1,4350.0,premium
Lince,,2,2,38.0,0,2380.0,moderado
Carabayllo,128.7,5,1,,1,44789.0,premium
La Molina,196.0,3,2,11.0,0,5610.0,premium
San Borja,51.1,1,1,0.0,1,4150.0,premium
La Molina,43.8,4,2,18.0,1,4130.0,premium
Jesus Maria,98.9,2,1,19.0,1,3460.0,premium
Magdalena,179.4,1,1,39.0,1,3800.0,premium
Lince,76.2,1,1,5.0,1,3430.0,premium
San Borja,,5,2,24.0,1,5930.0,premium
Jesus Maria,182.3,5,2,13.0,1,5210.0,premium
La Molina,40.2,1,1,7.0,1,3850.0,premium
Pueblo Libre,129.2,5,3,37.0,1,3840.0,premium
Miraflores,157.9,2,2,5.0,1,6450.0,premium
SAN MIGUEL,124.6,5,3,30.0,0,3790.0,premium
Jesus Maria,178.3,2,1,6.0,0,4730.0,premium
Barranco,194.4,1,1,22.0,0,4710.0,premium
Jesus Maria,,3,2,33.0,1,3700.0,premium
Pueblo Libre,,2,2,,1,3600.0,premium
Miraflores,99.8,1,1,,1,5380.0,premium
Magdalena,118.2,5,1,15.0,1,4300.0,premium
San Juan de Lurigancho,135.3,1,1,31.0,1,2320.0,moderado
Pueblo Libre,171.8,3,2,,0,4580.0,premium
San Borja,174.9,1,1,28.0,1,52053.0,premium
Barranco,87.2,1,1,,1,3550.0,premium
Barranco,158.9,5,2,28.0,1,5190.0,premium
San Juan de Lurigancho,96.2,5,1,33.0,1,2540.0,moderado
San Borja,186.7,2,2,11.0,1,6050.0,premium
San Miguel,216.1,3,1,17.0,1,4910.0,premium
San Borja,164.2,1,1,1.0,1,5710.0,premium
San Juan de Lurigancho,107.5,3,3,37.0,1,1990.0,moderado
Pueblo Libre,97.6,4,2,16.0,1,3700.0,premium
Pueblo Libre,58.8,4,1,10.0,1,3450.0,premium
San Miguel,149.9,5,1,,1,5120.0,premium
La Molina,91.2,4,2,,0,4340.0,premium
Magdalena,53.5,1,1,38.0,1,2210.0,moderado
Carabayllo,167.1,5,3,22.0,1,3890.0,premium
La Molina,194.0,1,1,13.0,0,5060.0,premium
Carabayllo,169.0,1,1,2.0,1,3190.0,premium
San Miguel,81.0,2,2,16.0,1,3180.0,premium
Chorrillos,194.1,3,2,36.0,1,3860.0,premium
San Isidro,211.2,1,1,15.0,0,6440.0,premium
Carabayllo,85.0,3,1,13.0,0,2310.0,moderado
Jesus Maria,92.5,3,2,,1,4290.0,premium
Magdalena,189.1,1,1,18.0,0,4450.0,premium
Magdalena,130.5,4,1,25.0,1,4340.0,premium
Chorrillos,219.9,3,1,20.0,1,4680.0,premium
Ate,114.8,3,3,19.0,0,3010.0,premium
San Juan de Lurigancho,165.0,4,1,35.0,1,2830.0,moderado
Surco,67.1,2,1,14.0,0,4190.0,premium
San Miguel,104.2,1,1,21.0,1,2910.0,moderado
Pueblo Libre,79.7,4,3,6.0,1,4120.0,premium
carabayllo,157.9,5,1,16.0,1,3590.0,premium
Lince,128.9,1,1,24.0,1,3050.0,premium
Pueblo Libre,108.5,2,2,31.0,1,3000.0,moderado
San Juan de Lurigancho,149.0,3,3,18.0,1,3090.0,premium
San Miguel,98.7,5,2,14.0,1,4000.0,premium
Lince,209.1,1,1,25.0,0,3860.0,premium
Jesus Maria,138.2,2,1,32.0,1,3390.0,premium
Barranco,88.8,1,1,33.0,1,3520.0,premium
Carabayllo,113.4,1,1,29.0,0,1860.0,moderado
Chorrillos,102.7,2,2,31.0,0,2360.0,moderado
Carabayllo,181.1,2,2,33.0,1,2830.0,moderado
Barranco,132.3,3,3,32.0,1,4820.0,premium
Ate,,3,1,16.0,1,2920.0,moderado
Jesus Maria,194.0,5,1,5.0,1,5770.0,premium
Chorrillos,79.4,4,3,27.0,0,2630.0,moderado
Magdalena,153.9,1,1,14.0,0,3810.0,premium
San Borja,,2,2,0.0,0,6070.0,premium
Barranco,52.8,5,3,8.0,0,4600.0,premium
San Juan de Lurigancho,188.0,1,1,,1,3310.0,premium
Jesus Maria,66.3,1,1,24.0,1,2840.0,moderado
San Juan de Lurigancho,70.3,1,1,20.0,1,1780.0,moderado
Magdalena,44.2,4,2,1.0,1,3830.0,premium
Carabayllo,,1,1,39.0,1,2410.0,moderado
Surco,153.3,5,1,19.0,0,5420.0,premium
San Borja,87.8,2,2,21.0,1,4420.0,premium
San Isidro,110.4,4,1,30.0,0,5450.0,premium
Miraflores,147.6,5,1,4.0,0,6480.0,premium
Magdalena,122.2,1,1,27.0,1,3300.0,premium
Magdalena,47.3,2,2,24.0,1,2840.0,moderado
Jesus Maria,,4,2,1.0,1,4660.0,premium
Lince,,3,3,17.0,1,5100.0,premium
San Miguel,207.8,1,1,,0,4410.0,premium
Pueblo Libre,162.1,1,1,25.0,0,3170.0,premium
Carabayllo,111.4,3,2,38.0,0,1800.0,moderado
Chorrillos,46.0,4,2,36.0,1,2330.0,moderado
San Isidro,173.5,4,1,37.0,1,6100.0,premium
Pueblo Libre,41.1,4,3,5.0,1,3460.0,premium
BARRANCO,101.1,3,1,39.0,0,3440.0,premium
Chorrillos,175.1,4,2,,0,4560.0,premium
San Miguel,170.3,2,2,34.0,1,3610.0,premium
Miraflores,148.4,5,1,30.0,1,6080.0,premium
La Molina,94.4,1,1,26.0,1,3800.0,premium
Ate,217.6,5,3,38.0,0,3910.0,premium
Carabayllo,104.0,4,3,17.0,0,2760.0,moderado
Ate,174.8,4,2,26.0,1,3580.0,premium
Magdalena,128.1,4,1,22.0,1,4190.0,premium
Miraflores,169.2,2,2,2.0,1,6730.0,premium
Pueblo Libre,183.9,2,1,20.0,1,4290.0,premium
Lince,64.4,4,2,5.0,1,3570.0,premium
San Borja,169.1,5,2,8.0,1,6110.0,premium
San Isidro,110.1,3,3,39.0,1,5390.0,premium
Chorrillos,201.3,1,1,35.0,1,3640.0,premium
San Juan de Lurigancho,172.1,1,1,5.0,1,3650.0,premium
Surco,56.8,2,2,19.0,1,4350.0,premium
Carabayllo,111.5,3,2,1.0,0,3000.0,moderado
jesus maria,63.8,1,1,39.0,1,2200.0,moderado
Barranco,161.3,1,1,17.0,1,4900.0,premium
San Miguel,78.4,4,1,33.0,0,2790.0,moderado
Surco,124.9,1,1,17.0,1,4870.0,premium
Surco,,4,1,14.0,1,4750.0,premium
Surco,105.2,1,1,34.0,1,3850.0,premium
Pueblo Libre,121.7,4,1,12.0,1,4040.0,premium
Lince,157.1,1,1,0.0,1,4330.0,premium
San Juan de Lurigancho,120.9,5,2,4.0,1,3900.0,premium
Miraflores,202.6,1,1,15.0,1,6300.0,premium
San Isidro,73.9,3,2,22.0,1,5480.0,premium
Magdalena,,3,2,16.0,1,3370.0,premium
San Miguel,128.3,1,1,6.0,1,3940.0,premium
Jesus Maria,214.5,5,3,9.0,1,5970.0,premium
Surco,57.8,1,1,5.0,1,39038.0,premium
Ate,75.1,4,1,1.0,1,3230.0,premium
Chorrillos,145.4,4,1,21.0,1,3730.0,premium
Jesus Maria,132.0,5,3,34.0,1,4150.0,premium
San Borja,,3,1,3.0,0,5620.0,premium
Carabayllo,102.3,3,2,15.0,1,2530.0,moderado
Jesus Maria,191.6,4,2,21.0,0,4740.0,premium
Lince,135.7,3,1,15.0,1,3690.0,premium
Carabayllo,117.2,5,1,0.0,1,3580.0,premium
Carabayllo,113.0,3,3,34.0,0,2210.0,moderado
San Isidro,,1,1,9.0,0,6090.0,premium
Miraflores,178.8,4,1,21.0,0,6450.0,premium
Ate,92.6,2,2,33.0,1,1800.0,moderado
Jesus Maria,159.6,1,1,20.0,0,3560.0,premium
Magdalena,111.0,3,2,5.0,1,4610.0,premium
Pueblo Libre,121.1,2,2,28.0,0,3000.0,moderado
La Molina,60.1,3,2,8.0,1,4630.0,premium
San Borja,,3,3,14.0,1,6060.0,premium
Lince,189.6,5,3,35.0,1,4160.0,premium
San Borja,60.9,5,2,25.0,1,4760.0,premium
Carabayllo,78.7,2,2,,1,2220.0,moderado
San Isidro,76.0,3,2,39.0,0,4730.0,premium
Barranco,54.6,2,2,11.0,0,3800.0,premium
Chorrillos,214.9,1,1,8.0,1,4550.0,premium
Miraflores,196.6,1,1,21.0,0,5580.0,premium
Carabayllo,156.8,2,2,36.0,1,2480.0,moderado
Ate,177.2,2,2,,1,3600.0,premium
San Borja,182.9,3,3,28.0,1,5740.0,premium
San Borja,86.4,5,1,27.0,0,4300.0,premium
Miraflores,52.3,4,2,18.0,1,5260.0,premium
pueblo libre,167.8,3,2,18.0,1,4430.0,premium
Jesus Maria,212.2,2,2,10.0,1,5390.0,premium
Surco,110.8,5,3,18.0,1,5420.0,premium
MIRAFLORES,108.6,1,1,35.0,1,4700.0,premium
La Molina,74.7,4,1,36.0,1,3980.0,premium
san miguel,126.3,2,2,39.0,0,2800.0,moderado
San Isidro,213.5,4,2,,1,7380.0,premium
Ate,74.5,4,2,12.0,0,2480.0,moderado
San Juan de Lurigancho,178.4,4,2,,0,2930.0,moderado
La Molina,155.7,5,2,13.0,0,5550.0,premium
Pueblo Libre,85.6,2,1,14.0,1,3100.0,premium
Ate,137.2,1,1,14.0,0,2760.0,moderado
Ate,59.2,2,1,5.0,1,2420.0,moderado
Magdalena,124.4,5,2,17.0,1,4600.0,premium
Ate,122.3,3,3,1.0,1,3710.0,premium
Pueblo Libre,165.1,3,1,1.0,1,4520.0,premium
Pueblo Libre,89.3,3,2,,1,2990.0,moderado
San Borja,46.4,2,2,24.0,1,3710.0,premium
Ate,187.5,5,2,20.0,0,4180.0,premium
La Molina,134.6,1,1,1.0,1,5070.0,premium
San Miguel,119.7,2,2,27.0,0,3200.0,premium
Pueblo Libre,197.5,4,1,,1,4160.0,premium
Surco,198.8,5,1,14.0,1,6550.0,premium
Lince,70.8,2,2,12.0,0,2920.0,moderado
Chorrillos,175.3,5,2,9.0,1,4360.0,premium
San Borja,42.8,1,1,30.0,1,3330.0,premium
Pueblo Libre,110.3,3,3,24.0,1,3610.0,premium
Magdalena,111.8,4,2,22.0,1,4140.0,premium
San Juan de Lurigancho,,3,1,28.0,0,2090.0,moderado
Chorrillos,131.5,3,2,27.0,1,3210.0,premium
Lince,57.2,5,1,22.0,0,2840.0,moderado
San Borja,101.1,4,1,,1,5230.0,premium
San Miguel,162.3,1,1,33.0,1,3640.0,premium
La Molina,63.6,3,1,14.0,1,4110.0,premium
Ate,161.3,1,1,24.0,0,2790.0,moderado
Pueblo Libre,204.3,2,1,29.0,0,3930.0,premium
Surco,43.3,1,1,7.0,1,4180.0,premium
San Miguel,98.5,4,1,16.0,1,3920.0,premium
San Borja,,3,2,14.0,1,6290.0,premium
Surco,75.3,4,3,26.0,1,4590.0,premium
La Molina,99.0,4,3,3.0,1,5350.0,premium
Jesus Maria,151.5,1,1,,0,4200.0,premium
San Isidro,97.6,3,1,15.0,1,5750.0,premium
Pueblo Libre,177.5,3,3,9.0,1,4850.0,premium
Pueblo Libre,129.7,4,2,11.0,1,4650.0,premium
San Juan de Lurigancho,164.7,5,3,,1,3850.0,premium
San Isidro,156.9,4,1,18.0,1,6670.0,premium
San Juan de Lurigancho,112.0,5,1,31.0,0,2480.0,moderado
San Borja,188.2,4,3,17.0,0,5970.0,premium
San Borja,162.2,3,1,30.0,0,4780.0,premium
Pueblo Libre,142.2,2,2,2.0,1,4610.0,premium
San Borja,115.0,3,3,5.0,1,5530.0,premium
Miraflores,167.6,4,2,39.0,0,5410.0,premium
Magdalena,184.5,1,1,,1,4550.0,premium
Surco,75.2,4,1,35.0,1,4240.0,premium
Magdalena,124.2,5,3,33.0,1,4260.0,premium
Jesus Maria,199.9,3,3,2.0,1,5220.0,premium
San Miguel,156.3,2,2,8.0,0,4270.0,premium
Magdalena,119.0,2,2,14.0,1,4080.0,premium
Carabayllo,141.2,5,1,29.0,1,2900.0,moderado
Ate,,1,1,26.0,0,2090.0,moderado
San Borja,153.7,2,2,25.0,1,5230.0,premium
Jesus Maria,135.5,4,3,37.0,1,3840.0,premium
San Miguel,43.6,2,2,8.0,1,3300.0,premium
Pueblo Libre,152.2,5,3,21.0,1,4500.0,premium
Chorrillos,190.4,1,1,18.0,1,3650.0,premium
Carabayllo,140.2,2,2,3.0,1,3420.0,premium
San Miguel,103.0,4,2,23.0,1,3630.0,premium
Lince,118.5,3,3,13.0,0,3670.0,premium
San Juan de Lurigancho,40.5,2,1,30.0,0,980.0,economico
San Borja,85.9,2,2,30.0,0,3810.0,premium
Ate,,3,1,29.0,1,1990.0,moderado
Jesus Maria,117.2,2,1,22.0,1,3700.0,premium
La Molina,45.6,3,2,24.0,1,3750.0,premium
Magdalena,215.1,3,3,25.0,0,4830.0,premium
Jesus Maria,67.3,5,2,13.0,0,3820.0,premium
Carabayllo,70.8,4,3,1.0,1,3000.0,moderado
San Miguel,164.6,2,2,1.0,0,4540.0,premium
Miraflores,124.3,3,2,10.0,1,6270.0,premium
SURCO,214.1,1,1,34.0,0,5190.0,premium
Jesus Maria,188.5,5,2,2.0,1,5650.0,premium
Chorrillos,205.8,3,3,34.0,0,3600.0,premium
San Isidro,173.9,1,1,36.0,0,5580.0,premium
Surco,99.5,2,2,25.0,1,4490.0,premium
Miraflores,180.8,2,2,12.0,1,6500.0,premium
SAN ISIDRO,50.5,2,2,35.0,1,4570.0,premium
Surco,,5,2,25.0,1,5540.0,premium
Carabayllo,61.8,4,1,8.0,1,2640.0,moderado
Miraflores,125.6,3,3,4.0,1,6320.0,premium
Miraflores,,5,1,,1,5600.0,premium
Barranco,189.9,5,3,27.0,1,5750.0,premium
Magdalena,151.6,2,1,1.0,1,4360.0,premium
La Molina,62.7,5,2,17.0,0,4560.0,premium
Carabayllo,67.5,4,2,20.0,0,2040.0,moderado
San Borja,79.0,2,2,0.0,1,4630.0,premium
Barranco,61.2,3,3,20.0,0,3780.0,premium
San Borja,98.6,3,3,20.0,1,4860.0,premium
Pueblo Libre,188.3,4,3,35.0,0,4370.0,premium
San Borja,123.3,4,3,18.0,1,5470.0,premium
san borja,172.6,3,1,7.0,0,5640.0,premium
Barranco,138.2,3,1,5.0,1,5090.0,premium
Chorrillos,206.8,5,2,30.0,1,4490.0,premium
SAN BORJA,77.2,3,1,21.0,1,4390.0,premium
Miraflores,48.8,1,1,21.0,0,4160.0,premium
Jesus Maria,,5,2,20.0,0,5360.0,premium
Jesus Maria,82.1,5,1,1.0,1,4080.0,premium
San Juan de Lurigancho,129.7,2,1,25.0,1,2660.0,moderado
Pueblo Libre,105.4,5,2,15.0,0,3980.0,premium
Barranco,171.6,1,1,,1,42705.0,premium
San Miguel,61.2,2,1,14.0,0,2930.0,moderado
Jesus Maria,104.6,5,3,5.0,0,4580.0,premium
San Borja,,3,1,14.0,1,5110.0,premium
Pueblo Libre,148.5,4,2,28.0,1,36850.0,premium
San Miguel,137.4,4,2,28.0,0,3830.0,premium
Jesus Maria,200.6,5,1,36.0,0,4410.0,premium
Surco,194.4,1,1,30.0,0,5040.0,premium
San Borja,171.5,2,2,11.0,0,5520.0,premium
Jesus Maria,47.3,5,3,3.0,0,3910.0,premium
Jesus Maria,75.0,1,1,,0,2720.0,moderado
Miraflores,211.8,4,3,22.0,1,7280.0,premium
San Miguel,128.8,2,1,35.0,1,3400.0,premium
Surco,91.7,4,3,31.0,1,4890.0,premium
Ate,87.4,4,1,39.0,1,2130.0,moderado
Carabayllo,167.5,2,2,22.0,1,3170.0,premium
La Molina,,4,1,12.0,1,54123.0,premium
Miraflores,54.4,3,3,36.0,1,4220.0,premium
Miraflores,130.0,3,1,,1,5770.0,premium
Pueblo Libre,69.4,5,3,29.0,0,3100.0,premium
San Isidro,96.3,4,3,19.0,0,5960.0,premium
Carabayllo,214.7,2,2,17.0,1,3620.0,premium
Surco,174.1,4,1,14.0,0,5820.0,premium
Magdalena,91.9,5,1,7.0,0,4070.0,premium
Miraflores,164.1,2,2,15.0,1,6170.0,premium
Jesus Maria,60.2,1,1,,1,2410.0,moderado
San Isidro,,3,1,36.0,1,6030.0,premium
San Isidro,148.1,2,2,17.0,0,5890.0,premium
Magdalena,107.4,1,1,37.0,1,2890.0,moderado
Magdalena,165.4,2,2,32.0,0,3820.0,premium
San Borja,63.1,2,2,25.0,1,3690.0,premium
San Borja,,1,1,16.0,0,4970.0,premium
Barranco,,1,1,,1,4270.0,premium
Miraflores,183.3,5,2,10.0,1,6910.0,premium
Miraflores,145.7,2,2,26.0,0,5490.0,premium
Chorrillos,125.8,1,1,21.0,1,2970.0,moderado
Lince,157.7,4,2,31.0,1,3790.0,premium
San Isidro,147.8,2,1,2.0,1,6680.0,premium
Lince,112.9,5,1,19.0,1,4070.0,premium
Barranco,160.8,4,1,9.0,1,5460.0,premium
Carabayllo,200.8,5,2,11.0,1,4350.0,premium
ate,111.6,3,3,18.0,0,2770.0,moderado
Magdalena,88.5,2,1,34.0,1,2960.0,moderado
san borja,167.8,5,1,12.0,0,5590.0,premium
Lince,61.7,3,2,15.0,1,3210.0,premium
Barranco,180.7,5,1,4.0,0,6030.0,premium
Miraflores,123.4,5,2,20.0,1,6080.0,premium
Ate,136.5,4,3,13.0,1,3490.0,premium
San Isidro,128.6,5,2,6.0,1,6880.0,premium
Miraflores,137.9,5,2,9.0,0,6200.0,premium
Carabayllo,78.6,1,1,14.0,1,2220.0,moderado
Lince,,4,2,28.0,0,2480.0,moderado
Ate,83.4,5,1,21.0,0,2650.0,moderado
Chorrillos,82.5,5,2,11.0,0,3230.0,premium
San Juan de Lurigancho,89.7,3,2,4.0,1,3030.0,premium
San Juan de Lurigancho,161.9,2,1,11.0,0,2960.0,moderado
Lince,181.1,5,1,8.0,0,4750.0,premium
La Molina,95.3,4,3,22.0,1,4950.0,premium
San Isidro,194.1,3,3,,1,7700.0,premium
Lince,127.8,3,1,39.0,0,2840.0,moderado
San Juan de Lurigancho,198.4,1,1,27.0,1,3210.0,premium
Surco,196.4,1,1,26.0,0,4830.0,premium
Barranco,178.6,4,2,7.0,1,6110.0,premium
San Miguel,125.0,1,1,5.0,1,3800.0,premium
San Juan de Lurigancho,148.2,3,2,16.0,0,2770.0,moderado
Surco,163.6,3,3,38.0,1,5060.0,premium
La Molina,65.2,3,1,29.0,0,3740.0,premium
Chorrillos,,1,1,7.0,1,2810.0,moderado
Carabayllo,150.2,5,1,27.0,0,3030.0,premium
Magdalena,178.7,3,2,14.0,1,4690.0,premium
Pueblo Libre,,1,1,11.0,1,3080.0,premium
Chorrillos,,1,1,29.0,1,1680.0,moderado
San Borja,57.9,5,2,22.0,0,4350.0,premium
Chorrillos,194.6,5,3,33.0,0,4100.0,premium
Miraflores,121.4,1,1,15.0,1,5490.0,premium
miraflores,179.6,1,1,27.0,0,5540.0,premium
San Miguel,200.1,4,2,32.0,0,4310.0,premium
Miraflores,154.4,5,3,10.0,1,6780.0,premium
Surco,150.3,1,1,22.0,0,4490.0,premium
Jesus Maria,71.9,5,2,29.0,0,3180.0,premium
Jesus Maria,73.7,4,3,,1,4040.0,premium
san miguel,192.3,1,1,11.0,0,4430.0,premium
Magdalena,150.1,1,1,18.0,1,4130.0,premium
Barranco,51.7,3,2,39.0,1,3070.0,premium
San Juan de Lurigancho,140.1,4,3,5.0,1,3730.0,premium
San Borja,99.4,2,1,32.0,1,3980.0,premium
Jesus Maria,84.7,2,1,0.0,1,3820.0,premium
Lince,208.3,5,3,35.0,1,4560.0,premium
Surco,113.4,3,1,36.0,1,4400.0,premium
Jesus Maria,199.7,3,3,18.0,1,5170.0,premium
Surco,133.2,2,2,36.0,0,4330.0,premium
Magdalena,169.7,4,2,13.0,1,4900.0,premium
PUEBLO LIBRE,159.3,4,3,15.0,0,4560.0,premium
BARRANCO,,5,3,19.0,1,5100.0,premium
Barranco,70.4,1,1,22.0,1,3640.0,premium
San Isidro,180.1,2,1,24.0,1,6260.0,premium
Ate,,2,1,,0,2710.0,moderado
Carabayllo,61.0,4,1,,1,1970.0,moderado
Surco,95.1,4,2,4.0,1,5550.0,premium
Chorrillos,93.5,5,1,37.0,1,2640.0,moderado
San Miguel,113.8,4,1,27.0,1,3910.0,premium
Ate,133.9,4,1,26.0,0,2960.0,moderado
San Juan de Lurigancho,85.8,3,3,6.0,0,2610.0,moderado
Ate,92.3,5,3,7.0,1,36375.0,premium
Jesus Maria,192.5,1,1,23.0,0,4060.0,premium
Ate,74.4,4,1,,1,2310.0,moderado
San Borja,173.9,2,2,4.0,1,5690.0,premium
Carabayllo,116.8,3,2,17.0,1,2590.0,moderado
Barranco,157.6,3,3,13.0,0,5240.0,premium
San Miguel,127.9,1,1,10.0,1,3830.0,premium
San Isidro,98.9,2,1,20.0,1,5650.0,premium
San Miguel,47.2,1,1,34.0,0,1760.0,moderado
Miraflores,,1,1,29.0,1,6170.0,premium
San Miguel,170.0,4,2,18.0,1,4540.0,premium
San Juan de Lurigancho,80.1,5,3,17.0,0,2650.0,moderado
La Molina,,3,3,25.0,1,4280.0,premium
Ate,50.0,1,1,35.0,1,1150.0,economico
San Miguel,,2,2,33.0,0,3960.0,premium
San Borja,183.5,1,1,26.0,1,5090.0,premium
San Borja,66.7,1,1,35.0,0,3220.0,premium
San Miguel,78.2,5,1,,1,3750.0,premium
Chorrillos,139.7,3,3,5.0,1,4080.0,premium
Miraflores,176.3,2,2,13.0,1,6450.0,premium
Jesus Maria,93.6,2,2,17.0,0,3470.0,premium
San Miguel,209.5,1,1,21.0,1,4220.0,premium
Lince,209.3,4,3,27.0,0,4550.0,premium
San Borja,143.7,4,1,4.0,1,5650.0,premium
Miraflores,139.9,4,2,,0,6060.0,premium
San Juan de Lurigancho,81.8,5,2,27.0,1,2590.0,moderado
Barranco,45.0,3,3,0.0,1,4580.0,premium
Magdalena,,3,3,6.0,0,3860.0,premium
San Borja,72.4,3,1,34.0,1,3860.0,premium
Surco,74.7,4,1,1.0,1,5210.0,premium
San Miguel,84.0,4,2,33.0,0,2900.0,moderado
Surco,42.9,1,1,,0,4050.0,premium
San Juan de Lurigancho,95.5,1,1,13.0,1,2190.0,moderado
Magdalena,201.0,1,1,32.0,1,4110.0,premium
San Juan de Lurigancho,124.6,2,1,16.0,1,2360.0,moderado
San Borja,158.2,5,2,30.0,1,5600.0,premium
San Borja,47.5,1,1,26.0,1,3610.0,premium
Carabayllo,163.9,1,1,20.0,0,2590.0,moderado
Carabayllo,63.8,4,2,,1,1960.0,moderado
Pueblo Libre,152.5,1,1,17.0,0,3650.0,premium
San Isidro,76.9,5,3,29.0,1,5820.0,premium
Chorrillos,97.0,3,2,37.0,1,2610.0,moderado
Chorrillos,46.7,2,2,2.0,0,2580.0,moderado
Ate,96.2,5,1,,0,2060.0,moderado
Carabayllo,137.6,3,3,30.0,0,2800.0,moderado
Jesus Maria,108.4,3,2,21.0,0,3530.0,premium
Pueblo Libre,111.8,3,1,6.0,1,4010.0,premium
Pueblo Libre,195.8,4,1,17.0,1,4780.0,premium
Magdalena,118.5,5,1,20.0,1,4120.0,premium
San Juan de Lurigancho,130.3,4,2,7.0,0,3490.0,premium
Miraflores,143.9,2,1,1.0,1,6160.0,premium
Jesus Maria,185.9,1,1,1.0,0,4530.0,premium
Magdalena,112.3,3,1,24.0,1,3750.0,premium
Chorrillos,111.5,5,2,7.0,0,3740.0,premium
PUEBLO LIBRE,134.9,1,1,21.0,0,3130.0,premium
Ate,214.9,1,1,29.0,1,3380.0,premium
Carabayllo,143.8,4,2,37.0,1,2820.0,moderado
Surco,,2,2,17.0,1,4930.0,premium
Barranco,105.6,4,1,15.0,1,4660.0,premium
Pueblo Libre,,4,1,32.0,1,4820.0,premium
San Miguel,211.8,2,2,25.0,1,4700.0,premium
Surco,208.8,4,2,28.0,1,6270.0,premium
Magdalena,133.3,5,2,,1,4090.0,premium
San Isidro,169.0,2,2,36.0,0,5720.0,premium
San Borja,107.8,5,1,12.0,1,5100.0,premium
Lince,46.3,5,2,,1,3620.0,premium
Barranco,43.2,5,2,14.0,0,4230.0,premium
Pueblo Libre,117.0,4,3,25.0,0,3630.0,premium
Chorrillos,,1,1,22.0,1,3730.0,premium
La Molina,120.8,3,3,4.0,1,5670.0,premium
Ate,143.4,5,3,11.0,0,3810.0,premium
LA MOLINA,112.5,1,1,,0,3910.0,premium
San Miguel,51.5,5,3,19.0,0,3480.0,premium
Jesus Maria,118.1,5,1,,1,4400.0,premium
Pueblo Libre,101.6,5,1,10.0,1,4130.0,premium
Lince,,1,1,35.0,1,1840.0,moderado
San Borja,,4,3,12.0,0,4830.0,premium
Magdalena,119.9,3,3,38.0,0,3480.0,premium
Lince,99.5,1,1,,0,2150.0,moderado
Surco,215.0,3,2,27.0,1,5980.0,premium
san miguel,41.1,5,2,33.0,0,2790.0,moderado
PUEBLO LIBRE,210.8,1,1,36.0,1,3740.0,premium
San Juan de Lurigancho,207.7,3,3,29.0,0,3500.0,premium
Pueblo Libre,149.9,2,2,6.0,0,4180.0,premium
San Borja,87.6,1,1,10.0,0,4040.0,premium
San Borja,94.7,2,2,7.0,1,4890.0,premium
Magdalena,163.8,4,3,24.0,0,4640.0,premium
San Isidro,152.8,2,2,37.0,1,5590.0,premium
San Borja,107.7,3,2,10.0,0,5180.0,premium
Jesus Maria,219.9,2,2,30.0,1,4590.0,premium
San Miguel,114.8,5,3,5.0,0,4540.0,premium
Chorrillos,,3,2,12.0,1,40413.0,moderado
Surco,213.3,4,3,28.0,1,6370.0,premium
San Miguel,131.3,4,3,6.0,0,4710.0,premium
Chorrillos,139.3,3,3,22.0,1,3920.0,premium
Magdalena,141.4,4,2,16.0,1,4410.0,premium
Lince,169.0,5,2,,1,33561.0,premium
San Borja,79.3,2,1,0.0,1,4600.0,premium
San Juan de Lurigancho,194.0,4,2,8.0,1,4350.0,premium
Pueblo Libre,73.9,1,1,35.0,1,2220.0,moderado
Pueblo Libre,70.9,5,2,0.0,0,3780.0,premium
San Miguel,88.7,2,2,37.0,1,2570.0,moderado
magdalena,66.9,5,1,17.0,1,3630.0,premium
San Borja,76.4,4,2,4.0,1,5050.0,premium
MIRAFLORES,180.0,5,2,24.0,0,6340.0,premium
Chorrillos,138.5,4,3,1.0,1,4300.0,premium
Carabayllo,124.5,5,1,15.0,0,2950.0,moderado
San Isidro,156.6,5,1,35.0,1,6280.0,premium
Chorrillos,92.6,2,2,36.0,1,2390.0,moderado
Pueblo Libre,,1,1,36.0,1,2530.0,moderado
Miraflores,124.8,1,1,29.0,0,4460.0,premium
Surco,205.8,2,1,26.0,0,5370.0,premium
San Juan de Lurigancho,202.2,4,2,21.0,1,3950.0,premium
JESUS MARIA,123.7,4,1,27.0,1,4100.0,premium
San Borja,180.4,5,1,10.0,0,6040.0,premium
Carabayllo,175.6,4,1,,1,3130.0,premium
San Juan de Lurigancho,196.8,2,1,25.0,1,3380.0,premium
San Borja,89.0,2,1,3.0,1,33545.0,premium
San Miguel,83.4,1,1,13.0,1,3360.0,premium
La Molina,111.9,4,3,23.0,1,4770.0,premium
Ate,191.7,5,1,,0,3620.0,premium
Surco,69.3,4,1,6.0,1,5080.0,premium
San Miguel,48.5,2,1,14.0,0,2640.0,moderado
Miraflores,56.8,1,1,38.0,1,3760.0,premium
San Miguel,149.4,5,1,,0,3710.0,premium
San Isidro,,1,1,20.0,1,4770.0,premium
San Miguel,100.5,5,3,7.0,1,4440.0,premium
Jesus Maria,218.6,5,1,29.0,1,5000.0,premium
Magdalena,80.7,3,3,35.0,1,3200.0,premium
Barranco,188.9,3,3,7.0,0,5810.0,premium
Carabayllo,95.3,4,3,19.0,1,2500.0,moderado
San Borja,45.2,1,1,,1,3570.0,premium
San Miguel,124.8,2,2,31.0,1,3580.0,premium
Magdalena,72.6,1,1,20.0,1,2770.0,moderado
ATE,143.9,4,2,11.0,1,3600.0,premium
San Borja,87.2,5,1,1.0,1,5550.0,premium
Surco,73.4,1,1,27.0,0,3300.0,premium
Carabayllo,96.8,2,2,29.0,1,2250.0,moderado
Ate,153.8,3,3,6.0,1,4000.0,premium
Barranco,201.5,4,1,12.0,0,5620.0,premium
Surco,,3,1,,1,5710.0,premium
Jesus Maria,206.9,4,1,,1,4920.0,premium
Lince,154.1,1,1,32.0,0,3070.0,premium
Ate,165.2,1,1,18.0,1,3150.0,premium
San Miguel,100.2,1,1,32.0,1,2940.0,moderado
La Molina,41.0,3,1,16.0,0,3720.0,premium
Lince,97.9,1,1,23.0,0,2410.0,moderado
Magdalena,46.0,3,3,24.0,1,3430.0,premium
Lince,141.3,5,3,0.0,1,5190.0,premium
Miraflores,141.7,1,1,29.0,1,5190.0,premium
San Borja,162.2,1,1,29.0,1,4530.0,premium
Magdalena,177.7,2,1,31.0,1,4110.0,premium
San Isidro,75.0,3,3,31.0,0,5190.0,premium
Surco,143.6,1,1,36.0,1,36279.0,premium
San Isidro,149.1,4,2,2.0,1,7170.0,premium
San Juan de Lurigancho,184.7,1,1,1.0,1,3640.0,premium
Ate,45.2,3,2,14.0,0,1910.0,moderado
BARRANCO,177.4,3,2,2.0,0,5740.0,premium
Lince,,2,1,7.0,1,4330.0,premium
Surco,58.9,2,2,,0,4390.0,premium
Barranco,80.5,4,2,24.0,0,3820.0,premium
Lince,181.2,4,2,30.0,1,4150.0,premium
Ate,68.8,4,1,27.0,0,2170.0,moderado
Barranco,127.9,2,2,29.0,0,3990.0,premium
Miraflores,124.3,3,3,6.0,0,6090.0,premium
San Isidro,191.2,4,3,,1,7240.0,premium
Chorrillos,60.0,5,2,20.0,0,2860.0,moderado
Lince,160.0,2,1,11.0,1,3990.0,premium
Ate,195.1,2,1,36.0,0,2810.0,moderado
San Borja,115.3,3,3,16.0,1,5090.0,premium
Jesus Maria,153.4,5,1,,1,4740.0,premium
San Miguel,196.6,3,2,21.0,1,4790.0,premium
San Juan de Lurigancho,42.0,5,3,20.0,0,2560.0,moderado
Ate,141.8,1,1,26.0,1,2620.0,moderado
Ate,192.0,2,2,19.0,1,3740.0,premium
San Juan de Lurigancho,209.4,2,1,31.0,0,2970.0,moderado
San Miguel,146.2,5,2,20.0,0,4280.0,premium
Surco,66.1,5,1,1.0,1,5410.0,premium
Pueblo Libre,181.5,1,1,,1,3760.0,premium
Surco,183.5,2,2,27.0,1,5790.0,premium
Magdalena,95.7,2,1,31.0,1,3140.0,premium
San Isidro,,5,2,37.0,1,6750.0,premium
Ate,52.7,2,2,3.0,1,2750.0,moderado
Ate,152.5,1,1,27.0,0,2500.0,moderado
San Borja,165.4,2,2,0.0,0,5730.0,premium
San Borja,175.8,5,3,33.0,1,5900.0,premium
Lince,82.4,4,1,20.0,0,2880.0,moderado
Magdalena,83.0,4,2,39.0,0,2980.0,moderado
Ate,75.7,3,1,17.0,1,2540.0,moderado
Chorrillos,43.9,3,2,26.0,0,2240.0,moderado
La Molina,159.3,4,3,37.0,1,5230.0,premium
MAGDALENA,49.3,3,3,13.0,1,3620.0,premium
Ate,102.7,2,2,19.0,1,2970.0,moderado
Pueblo Libre,70.1,2,2,31.0,1,2430.0,moderado
Jesus Maria,67.4,4,2,13.0,0,3570.0,premium
LA MOLINA,184.0,5,1,16.0,1,5940.0,premium
Surco,161.5,2,2,33.0,1,4970.0,premium
Pueblo Libre,144.2,4,2,,1,3950.0,premium
Ate,90.8,1,1,,1,1640.0,moderado
La Molina,215.4,4,1,7.0,0,6140.0,premium
Miraflores,138.5,5,1,9.0,1,6590.0,premium
San Miguel,187.1,3,1,32.0,0,4100.0,premium
Carabayllo,184.7,5,1,25.0,1,3670.0,premium
San Borja,90.3,2,1,16.0,1,4360.0,premium
San Juan de Lurigancho,144.0,2,1,10.0,0,2640.0,moderado
Ate,171.2,4,3,5.0,0,3950.0,premium
Lince,137.8,3,2,8.0,0,3370.0,premium
Ate,106.9,4,3,10.0,0,3170.0,premium
pueblo libre,133.0,4,2,27.0,1,4140.0,premium
Chorrillos,183.2,1,1,9.0,1,3920.0,premium
Surco,140.6,3,2,8.0,1,5700.0,premium
Carabayllo,115.9,4,2,20.0,0,2740.0,moderado
Lince,142.9,1,1,,1,49464.0,premium
Barranco,,5,1,2.0,1,6780.0,premium
San Isidro,75.6,3,3,,1,6410.0,premium
Pueblo Libre,165.3,4,3,11.0,0,4630.0,premium
La Molina,207.1,4,2,36.0,1,5670.0,premium
Miraflores,165.0,2,2,33.0,1,5720.0,premium
San Borja,111.8,3,2,25.0,0,4620.0,premium
Ate,131.1,3,2,39.0,1,53802.0,moderado
Chorrillos,69.6,5,2,0.0,0,38990.0,premium
Magdalena,61.9,1,1,36.0,1,2260.0,moderado
Barranco,151.0,2,2,3.0,0,5020.0,premium
Ate,,5,2,,1,2700.0,moderado
Ate,98.2,3,1,13.0,0,2570.0,moderado
San Juan de Lurigancho,187.1,2,2,14.0,1,3690.0,premium
San Isidro,66.3,2,2,6.0,1,5860.0,premium
Barranco,119.9,1,1,30.0,1,3820.0,premium
San Juan de Lurigancho,182.8,1,1,33.0,1,2840.0,moderado
Lince,143.6,1,1,38.0,1,2770.0,moderado
La Molina,170.6,3,3,10.0,0,5460.0,premium
Magdalena,218.8,2,2,24.0,1,5050.0,premium
Surco,43.2,4,2,28.0,1,3930.0,premium
Ate,66.5,3,1,3.0,1,3090.0,premium
San Borja,212.4,5,2,39.0,1,5840.0,premium
La Molina,121.5,3,3,29.0,1,4580.0,premium
Pueblo Libre,41.7,5,2,33.0,1,2800.0,moderado
Pueblo Libre,144.8,2,2,32.0,1,3330.0,premium
Ate,122.0,2,2,13.0,0,2850.0,moderado
Chorrillos,61.2,4,3,34.0,1,2360.0,moderado
San Juan de Lurigancho,215.8,4,3,5.0,0,4340.0,premium
San Miguel,113.1,2,1,19.0,1,3370.0,premium
Chorrillos,53.2,4,2,33.0,1,2470.0,moderado
Chorrillos,159.0,5,2,27.0,1,3790.0,premium
Ate,,3,1,11.0,0,2540.0,moderado
Surco,150.5,2,2,0.0,1,5670.0,premium
Chorrillos,201.4,5,1,39.0,1,3990.0,premium
La Molina,70.3,2,2,35.0,1,3790.0,premium
Barranco,133.9,5,3,6.0,0,5620.0,premium
Jesus Maria,88.7,5,1,39.0,1,2990.0,moderado
San Isidro,128.1,1,1,27.0,0,5160.0,premium
San Borja,44.4,5,1,7.0,0,4490.0,premium
San Juan de Lurigancho,132.2,1,1,1.0,1,3480.0,premium
Pueblo Libre,219.8,2,2,31.0,1,4120.0,premium
Jesus Maria,145.1,4,2,,1,4820.0,premium
Miraflores,156.3,2,2,29.0,1,5770.0,premium
Carabayllo,,4,2,6.0,1,3790.0,premium
San Juan de Lurigancho,209.4,5,3,22.0,1,4290.0,premium
Carabayllo,75.9,3,2,30.0,1,1740.0,moderado
Surco,201.4,2,2,32.0,0,5220.0,premium
San Juan de Lurigancho,91.2,4,2,28.0,0,2170.0,moderado
San Borja,99.9,4,3,6.0,1,5550.0,premium
chorrillos,,1,1,39.0,1,3250.0,premium
San Borja,61.9,1,1,11.0,0,3510.0,premium
Pueblo Libre,89.5,3,3,18.0,1,3510.0,premium
Chorrillos,108.6,2,2,18.0,1,3360.0,premium
Barranco,182.8,2,2,6.0,1,5750.0,premium
CARABAYLLO,92.3,5,2,1.0,0,3370.0,premium
Pueblo Libre,110.0,2,2,5.0,0,3520.0,premium
Miraflores,88.2,2,2,21.0,1,5280.0,premium
magdalena,100.3,3,2,31.0,0,3400.0,premium
La Molina,153.9,4,2,9.0,0,5680.0,premium
Chorrillos,208.8,1,1,33.0,0,2840.0,moderado
San Juan de Lurigancho,46.9,3,1,7.0,0,1670.0,moderado
Miraflores,,2,2,30.0,0,4360.0,premium
San Juan de Lurigancho,217.5,1,1,13.0,0,3230.0,premium
Magdalena,101.0,5,2,17.0,0,4190.0,premium
Surco,208.5,5,3,23.0,1,6530.0,premium
San Juan de Lurigancho,108.6,3,1,3.0,1,3120.0,premium
Ate,213.3,5,2,20.0,1,4660.0,premium
San Miguel,41.8,4,3,7.0,1,3430.0,premium
Miraflores,139.5,4,2,5.0,1,6360.0,premium
La Molina,117.6,2,2,5.0,0,4920.0,premium
Pueblo Libre,101.5,3,1,19.0,1,3360.0,premium
San Isidro,135.0,3,3,24.0,1,6310.0,premium
La Molina,84.5,3,1,23.0,1,43573.0,premium
Lince,77.0,2,1,,1,2340.0,moderado
jesus maria,116.8,3,1,25.0,0,3210.0,premium
San Isidro,139.5,5,2,14.0,1,6590.0,premium
Pueblo Libre,192.8,2,1,,1,4340.0,premium
Lince,,4,1,30.0,0,3190.0,premium
Pueblo Libre,213.3,2,2,12.0,0,4690.0,premium
Ate,203.7,3,3,12.0,1,4560.0,premium
Lince,136.7,1,1,11.0,1,3470.0,premium
Chorrillos,45.9,4,2,7.0,1,3360.0,premium
Magdalena,103.8,4,3,34.0,1,3800.0,premium
La Molina,150.9,2,2,38.0,1,4560.0,premium
San Isidro,204.6,2,2,16.0,1,6920.0,premium
Barranco,132.7,5,1,18.0,0,5060.0,premium
San Isidro,70.6,1,1,3.0,1,5610.0,premium
San Miguel,198.8,3,3,27.0,0,4380.0,premium
San Borja,75.9,5,2,27.0,0,4180.0,premium
Miraflores,156.5,1,1,17.0,1,5710.0,premium
Jesus Maria,210.1,3,3,32.0,1,4720.0,premium
Lince,56.8,2,1,15.0,1,2760.0,moderado
Chorrillos,64.0,3,2,38.0,1,2260.0,moderado
Carabayllo,179.2,3,2,19.0,0,41043.0,premium
Lince,148.4,5,3,15.0,1,4620.0,premium
La Molina,,3,1,8.0,0,5300.0,premium
Carabayllo,182.3,4,3,24.0,0,3540.0,premium
Chorrillos,73.6,3,2,34.0,0,2130.0,moderado
San Isidro,198.5,2,2,23.0,0,6590.0,premium
San Isidro,166.6,3,1,15.0,1,6550.0,premium
San Juan de Lurigancho,155.7,3,3,1.0,1,4210.0,premium
San Juan de Lurigancho,65.9,3,3,3.0,1,2810.0,moderado
Pueblo Libre,94.9,4,2,4.0,1,4080.0,premium
San Borja,158.6,2,2,31.0,0,4730.0,premium
San Borja,80.3,5,2,31.0,1,4790.0,premium
Pueblo Libre,129.9,5,2,20.0,1,4280.0,premium
LINCE,49.6,5,1,7.0,1,3170.0,premium
San Juan de Lurigancho,209.9,3,3,24.0,1,4060.0,premium
Barranco,83.9,5,1,31.0,1,4310.0,premium
Pueblo Libre,47.8,5,3,27.0,1,3200.0,premium
San Isidro,142.5,2,1,24.0,1,5840.0,premium
Miraflores,,3,2,34.0,1,4380.0,premium
Magdalena,202.2,3,2,38.0,0,4370.0,premium
MIRAFLORES,175.1,1,1,6.0,0,5860.0,premium
San Juan de Lurigancho,181.5,2,2,3.0,1,3900.0,premium
La Molina,60.2,3,2,19.0,1,3920.0,premium
Barranco,54.2,1,1,0.0,1,3870.0,premium
San Borja,41.7,5,2,36.0,1,4010.0,premium
Magdalena,50.6,5,3,11.0,0,3580.0,premium
San Borja,86.7,2,1,20.0,1,4340.0,premium
Jesus Maria,65.2,3,2,11.0,1,3620.0,premium
La Molina,202.5,4,3,,1,5870.0,premium
Magdalena,97.9,3,1,21.0,1,3430.0,premium
La Molina,85.9,2,1,28.0,0,3900.0,premium
Carabayllo,185.7,1,1,8.0,1,3570.0,premium
Chorrillos,139.4,4,1,,1,3980.0,premium
Ate,126.8,1,1,4.0,0,44435.0,moderado
Magdalena,58.7,4,3,20.0,1,3370.0,premium
Magdalena,210.0,5,3,11.0,1,5890.0,premium
MIRAFLORES,110.0,2,2,24.0,0,5030.0,premium
Jesus Maria,65.5,3,1,35.0,1,3040.0,premium
Miraflores,,2,1,23.0,1,5610.0,premium
Chorrillos,93.4,2,1,16.0,1,2810.0,moderado
Magdalena,112.8,1,1,23.0,1,3460.0,premium
Carabayllo,65.1,5,2,38.0,1,2050.0,moderado
Lince,133.2,5,1,20.0,1,4010.0,premium
Chorrillos,149.5,3,1,38.0,0,3370.0,premium
La Molina,99.8,3,1,13.0,0,4450.0,premium
Magdalena,95.7,5,3,9.0,0,4530.0,premium
Pueblo Libre,163.9,5,1,,0,3880.0,premium
Lince,49.7,3,1,19.0,1,2310.0,moderado
San Miguel,56.8,5,2,8.0,0,3610.0,premium
Jesus Maria,103.3,5,1,20.0,1,4160.0,premium
Pueblo Libre,61.6,4,3,36.0,1,2600.0,moderado
Lince,125.2,3,3,16.0,1,4100.0,premium
Pueblo Libre,166.3,1,1,28.0,0,3500.0,premium
SAN BORJA,42.3,2,2,27.0,1,3680.0,premium
Pueblo Libre,57.7,4,2,2.0,1,3650.0,premium
Chorrillos,53.8,4,1,28.0,0,2150.0,moderado
Lince,,2,2,31.0,0,2860.0,moderado
Barranco,165.5,3,3,28.0,1,4950.0,premium
La Molina,190.6,5,1,27.0,1,5580.0,premium
Ate,,1,1,11.0,1,3430.0,premium
Carabayllo,83.6,1,1,0.0,1,2390.0,moderado
San Miguel,109.8,4,2,38.0,1,35739.0,premium
San Isidro,197.2,5,3,16.0,1,7660.0,premium
Chorrillos,47.6,3,1,13.0,1,2800.0,moderado
Ate,131.2,5,2,,1,2680.0,moderado
Carabayllo,120.0,5,2,30.0,0,2600.0,moderado
La Molina,166.5,3,1,9.0,1,5520.0,premium
Pueblo Libre,81.4,1,1,13.0,0,2770.0,moderado
Surco,118.5,1,1,32.0,1,4120.0,premium
CHORRILLOS,214.4,2,2,24.0,1,3900.0,premium
Surco,148.8,5,3,14.0,0,5670.0,premium
Surco,153.5,1,1,30.0,0,4600.0,premium
Barranco,99.4,3,1,6.0,1,4870.0,premium
Magdalena,59.0,2,2,15.0,1,3370.0,premium
San Miguel,83.9,1,1,5.0,1,3610.0,premium
Magdalena,66.9,4,3,7.0,0,3890.0,premium
Pueblo Libre,135.8,3,1,12.0,0,4020.0,premium
Barranco,168.7,1,1,,0,4430.0,premium
Carabayllo,189.9,3,2,31.0,0,3050.0,premium
Ate,,1,1,24.0,0,1630.0,moderado
Carabayllo,174.1,3,1,,1,2830.0,moderado
Magdalena,82.7,5,3,9.0,1,4200.0,premium
Chorrillos,187.5,1,1,8.0,0,3960.0,premium
Ate,203.9,1,1,38.0,0,2630.0,moderado
Chorrillos,86.4,2,2,10.0,1,2990.0,moderado
San Isidro,59.9,5,2,17.0,0,5580.0,premium
Chorrillos,55.1,2,1,24.0,1,2150.0,moderado
La Molina,82.2,3,2,4.0,0,4750.0,premium
Pueblo Libre,170.4,2,1,11.0,0,4020.0,premium
Barranco,52.1,3,3,26.0,1,3790.0,premium
San Juan de Lurigancho,208.4,2,1,22.0,0,3350.0,premium
San Juan de Lurigancho,219.6,1,1,37.0,1,2820.0,moderado
Surco,53.9,4,1,16.0,0,4240.0,premium
Chorrillos,50.8,1,1,10.0,1,2100.0,moderado
Magdalena,200.9,3,2,36.0,0,4490.0,premium
Surco,51.4,4,1,6.0,1,4800.0,premium
Lince,,1,1,,1,2700.0,moderado
Barranco,211.3,1,1,36.0,1,4570.0,premium
Jesus Maria,150.5,1,1,1.0,1,4280.0,premium
PUEBLO LIBRE,58.3,2,2,39.0,0,1790.0,moderado
Ate,205.7,1,1,33.0,1,3100.0,premium
La Molina,202.3,3,3,4.0,0,6290.0,premium
Chorrillos,203.9,3,1,,1,3740.0,premium
Ate,174.7,2,1,9.0,1,37621.0,premium
La Molina,,4,1,26.0,1,4790.0,premium
Pueblo Libre,114.6,3,1,6.0,1,3920.0,premium
Chorrillos,193.9,4,3,37.0,0,4070.0,premium
San Borja,56.9,2,2,12.0,1,4400.0,premium
Ate,88.8,5,3,4.0,1,3700.0,premium
San Isidro,214.3,5,1,33.0,1,6700.0,premium
Ate,162.9,2,1,4.0,1,3850.0,premium
San Isidro,195.2,2,2,8.0,1,7270.0,premium
San Juan de Lurigancho,191.6,1,1,21.0,1,3100.0,premium
Jesus Maria,169.7,1,1,33.0,0,3700.0,premium
San Miguel,207.5,2,1,37.0,0,3640.0,premium
Jesus Maria,145.4,5,3,39.0,1,34298.0,premium
Barranco,102.6,2,1,18.0,1,3950.0,premium
Surco,89.6,1,1,25.0,0,3820.0,premium
Pueblo Libre,144.3,3,1,31.0,1,3460.0,premium
Barranco,42.3,4,2,,1,3500.0,premium
San Juan de Lurigancho,46.0,3,1,35.0,1,1250.0,economico
Carabayllo,77.8,3,2,18.0,1,2500.0,moderado
Barranco,115.8,5,3,16.0,0,4870.0,premium
Jesus Maria,67.5,1,1,5.0,0,3190.0,premium
Miraflores,184.8,4,2,6.0,1,6980.0,premium
San Borja,190.4,5,1,21.0,1,5920.0,premium
Barranco,131.3,4,2,7.0,1,5380.0,premium
LA MOLINA,149.9,1,1,10.0,0,4830.0,premium
Lince,131.6,3,2,8.0,1,3910.0,premium
Barranco,109.6,1,1,7.0,1,4320.0,premium
San Miguel,66.2,2,1,11.0,0,2850.0,moderado
San Isidro,91.6,4,2,8.0,1,6220.0,premium
Chorrillos,,3,1,18.0,1,3030.0,premium
Carabayllo,119.4,2,1,1.0,1,2960.0,moderado
Carabayllo,52.1,2,2,1.0,0,1920.0,moderado
San Borja,136.7,5,3,,1,5800.0,premium
Jesus Maria,161.1,3,2,13.0,1,4770.0,premium
Magdalena,110.7,3,2,,1,4050.0,premium
Chorrillos,47.6,4,1,36.0,0,1820.0,moderado
Magdalena,141.8,1,1,27.0,1,3590.0,premium
San Miguel,148.3,2,2,11.0,0,4120.0,premium
Chorrillos,165.0,5,1,36.0,0,3530.0,premium
Surco,105.8,1,1,11.0,1,4800.0,premium
Barranco,,1,1,1.0,1,5640.0,premium
Magdalena,144.7,3,2,14.0,0,33938.0,premium
Miraflores,146.8,2,2,21.0,1,5800.0,premium
Pueblo Libre,211.1,1,1,9.0,1,4540.0,premium
Pueblo Libre,,3,1,19.0,0,3140.0,premium
carabayllo,208.2,4,2,8.0,0,3800.0,premium
Lince,,5,2,1.0,1,5320.0,premium
La Molina,199.5,1,1,,0,4730.0,premium
Lince,99.0,4,3,31.0,1,3570.0,premium
San Juan de Lurigancho,140.7,5,2,2.0,1,3680.0,premium
San Juan de Lurigancho,60.4,1,1,34.0,1,1420.0,economico
San Juan de Lurigancho,126.7,3,2,32.0,1,2490.0,moderado
Pueblo Libre,166.4,5,1,26.0,0,4080.0,premium
Miraflores,176.2,4,1,22.0,1,6040.0,premium
Miraflores,194.2,1,1,19.0,1,6070.0,premium
Miraflores,168.7,1,1,15.0,0,5730.0,premium
Ate,42.7,3,2,2.0,1,2840.0,moderado
San Borja,150.6,2,2,12.0,1,5320.0,premium
San Juan de Lurigancho,163.6,3,2,7.0,1,3730.0,premium
San Borja,158.7,2,2,3.0,0,5510.0,premium
Barranco,182.9,3,2,1.0,1,5890.0,premium
San Borja,219.0,1,1,1.0,1,6360.0,premium
Carabayllo,146.0,3,1,29.0,1,2810.0,moderado
San Isidro,179.9,1,1,1.0,0,6630.0,premium
Jesus Maria,133.1,5,2,17.0,1,4590.0,premium
San Isidro,136.1,3,3,29.0,1,6200.0,premium
Chorrillos,,5,3,12.0,0,4720.0,premium
Surco,194.4,2,1,28.0,1,5490.0,premium
Ate,216.7,5,3,39.0,0,3980.0,premium
LA MOLINA,45.2,3,1,12.0,1,3830.0,premium
San Isidro,176.3,1,1,31.0,0,5720.0,premium
Carabayllo,149.5,2,2,37.0,1,2250.0,moderado
San Juan de Lurigancho,208.9,4,1,24.0,1,3740.0,premium
San Juan de Lurigancho,145.3,4,3,18.0,1,3410.0,premium
Jesus Maria,156.0,1,1,3.0,1,4510.0,premium
Magdalena,,1,1,38.0,1,2760.0,moderado
Ate,112.4,2,1,26.0,0,2000.0,moderado
Carabayllo,116.8,4,3,30.0,1,2690.0,moderado
Magdalena,209.3,2,2,39.0,1,4200.0,premium
surco,,1,1,18.0,1,4400.0,premium
San Isidro,45.7,5,2,19.0,1,5440.0,premium
San Miguel,,2,2,4.0,0,3130.0,premium
San Isidro,203.0,4,3,16.0,1,7510.0,premium
Ate,216.3,2,1,14.0,1,4260.0,premium
San Borja,217.5,3,3,18.0,1,6180.0,premium
San Isidro,93.4,4,3,19.0,1,6070.0,premium
San Borja,191.6,1,1,14.0,1,5790.0,premium
San Borja,162.1,5,1,25.0,0,5340.0,premium
Miraflores,181.7,1,1,23.0,1,5780.0,premium
Chorrillos,135.3,5,2,27.0,0,3670.0,premium
Barranco,53.0,5,3,29.0,0,3820.0,premium
La Molina,175.9,4,1,37.0,0,4750.0,premium
San Isidro,113.6,1,1,27.0,1,5140.0,premium
Jesus Maria,,5,2,34.0,1,4330.0,premium
Ate,,2,2,13.0,0,4090.0,premium
Surco,78.8,4,1,18.0,0,4650.0,premium
San Isidro,112.6,3,3,19.0,1,6080.0,premium
San Miguel,146.8,2,2,6.0,0,4230.0,premium
Carabayllo,143.6,3,1,25.0,1,2870.0,moderado
Jesus Maria,216.8,1,1,14.0,1,4900.0,premium
Chorrillos,187.6,1,1,6.0,1,4250.0,premium
Miraflores,90.9,5,3,,1,5650.0,premium
Barranco,159.2,1,1,8.0,1,4950.0,premium
Pueblo Libre,211.6,1,1,16.0,1,4480.0,premium
San Juan de Lurigancho,153.5,1,1,5.0,1,3320.0,premium
Miraflores,166.0,1,1,27.0,0,5230.0,premium
Surco,194.9,1,1,9.0,0,5440.0,premium
Lince,165.7,1,1,29.0,1,3520.0,premium
Magdalena,109.4,1,1,4.0,1,4280.0,premium
Barranco,217.1,2,1,14.0,1,5760.0,premium
Lince,125.6,5,2,38.0,0,3120.0,premium
Surco,54.2,1,1,7.0,0,3860.0,premium
San Isidro,200.7,5,2,29.0,0,6700.0,premium
Pueblo Libre,114.3,3,3,15.0,1,4060.0,premium
San Borja,48.5,3,2,27.0,1,3930.0,premium
Miraflores,148.1,2,2,8.0,1,6320.0,premium
Barranco,107.9,2,2,8.0,1,4810.0,premium
Barranco,159.9,2,2,2.0,1,5660.0,premium
La Molina,203.8,4,1,2.0,1,6610.0,premium
San Borja,199.1,3,1,,1,6350.0,premium
Barranco,206.1,2,2,19.0,1,5480.0,premium
Magdalena,,3,1,24.0,1,4330.0,premium
San Miguel,189.8,4,1,14.0,1,4760.0,premium
Lince,147.2,5,2,20.0,1,4210.0,premium
Lince,215.5,2,1,22.0,1,4280.0,premium
Magdalena,112.9,3,3,15.0,1,4340.0,premium
Magdalena,184.5,1,1,,1,4550.0,premium
Surco,,5,2,,0,3800.0,premium
Chorrillos,180.7,5,3,8.0,1,4970.0,premium
Chorrillos,72.9,3,1,18.0,1,2700.0,moderado
san borja,204.7,4,3,28.0,0,5610.0,premium
Jesus Maria,,2,2,6.0,1,5250.0,premium
Carabayllo,43.0,1,1,0.0,1,2100.0,moderado
Surco,73.0,2,2,3.0,0,4390.0,premium
San Borja,,2,1,,1,4400.0,premium
Lince,175.5,2,2,,1,4020.0,premium
Surco,87.1,5,3,16.0,0,4910.0,premium
Pueblo Libre,,5,1,18.0,0,3580.0,premium
Carabayllo,103.3,4,2,19.0,1,2920.0,moderado
Pueblo Libre,162.3,3,1,14.0,1,4310.0,premium
Carabayllo,124.9,1,1,33.0,1,1760.0,moderado
Jesus Maria,165.0,3,2,36.0,1,3980.0,premium
Lince,47.2,1,1,15.0,1,2590.0,moderado
Surco,102.7,2,1,,0,4030.0,premium
PUEBLO LIBRE,208.1,5,3,11.0,0,5100.0,premium
Ate,198.4,1,1,37.0,1,3090.0,premium
San Borja,128.3,1,1,13.0,0,4450.0,premium
Ate,104.8,5,2,11.0,1,3630.0,premium
San Juan de Lurigancho,213.1,4,3,27.0,1,4040.0,premium
Ate,,5,1,15.0,1,4310.0,premium
Jesus Maria,79.8,3,1,1.0,1,3640.0,premium
San Isidro,141.7,4,3,32.0,0,6110.0,premium
San Borja,,2,2,27.0,1,4440.0,premium
Surco,121.2,2,2,6.0,0,5250.0,premium
Magdalena,197.5,5,1,23.0,1,38598.0,premium
MIRAFLORES,46.2,4,3,8.0,0,5460.0,premium
San Miguel,93.6,4,3,33.0,0,3300.0,premium
Miraflores,151.5,5,2,22.0,0,6040.0,premium
Pueblo Libre,176.9,3,1,0.0,1,4810.0,premium
San Miguel,134.3,2,1,6.0,1,4000.0,premium
Ate,,5,1,17.0,1,3540.0,premium
Surco,177.1,3,3,9.0,1,6530.0,premium
San Borja,101.1,1,1,2.0,1,4720.0,premium
Barranco,133.1,1,1,8.0,1,4510.0,premium
Carabayllo,162.7,4,3,31.0,1,3370.0,premium
San Juan de Lurigancho,55.3,1,1,5.0,1,2140.0,moderado
San Miguel,77.2,4,3,,1,3530.0,premium
Surco,70.9,5,1,11.0,1,5120.0,premium
San Juan de Lurigancho,129.1,4,2,5.0,0,3210.0,premium
Pueblo Libre,119.1,5,3,19.0,1,4330.0,premium
La Molina,,4,1,9.0,1,6190.0,premium
Ate,150.4,3,1,1.0,1,3880.0,premium
Carabayllo,198.7,4,2,11.0,0,3770.0,premium
Surco,205.9,3,3,,1,6720.0,premium
Surco,82.8,2,2,17.0,1,4420.0,premium
Magdalena,187.9,5,3,,1,5220.0,premium
San Juan de Lurigancho,141.4,3,1,32.0,1,2620.0,moderado
Lince,156.4,2,1,34.0,1,3350.0,premium
Miraflores,88.4,4,3,37.0,1,5320.0,premium
La Molina,40.6,2,1,7.0,1,4180.0,premium
Carabayllo,96.8,2,2,29.0,1,2250.0,moderado
Surco,173.5,2,2,,0,5240.0,premium
San Borja,,2,2,2.0,1,5530.0,premium
Jesus Maria,72.5,5,1,38.0,0,2870.0,moderado
San Borja,74.7,4,2,10.0,1,5000.0,premium
La Molina,133.1,1,1,10.0,1,4740.0,premium
Ate,41.6,5,1,7.0,0,2610.0,moderado
San Borja,132.1,5,3,16.0,0,5340.0,premium
San Borja,106.9,4,3,24.0,1,4840.0,premium
Miraflores,101.0,1,1,38.0,1,4340.0,premium
Pueblo Libre,162.2,5,2,15.0,0,4350.0,premium
Lince,168.3,2,2,11.0,1,3880.0,premium
San Isidro,156.3,2,2,17.0,1,6300.0,premium
San Juan de Lurigancho,93.3,2,2,11.0,0,2460.0,moderado
MIRAFLORES,86.4,3,3,18.0,1,5290.0,premium
La Molina,136.9,4,2,13.0,0,4970.0,premium
Barranco,164.2,2,2,15.0,1,5100.0,premium
Lince,144.5,5,2,26.0,1,4140.0,premium
Chorrillos,122.9,1,1,13.0,0,2960.0,moderado
Barranco,183.8,3,1,6.0,1,5620.0,premium
Pueblo Libre,209.7,3,3,21.0,1,4810.0,premium
Jesus Maria,157.8,4,2,16.0,1,4920.0,premium
Chorrillos,,5,2,25.0,1,2880.0,moderado
San Juan de Lurigancho,219.6,3,3,6.0,0,4460.0,premium
San Isidro,143.8,4,2,,1,6590.0,premium
Miraflores,,1,1,31.0,0,4980.0,premium
La Molina,113.0,1,1,36.0,0,3810.0,premium
San Juan de Lurigancho,177.1,2,2,34.0,1,2730.0,moderado
San Isidro,112.7,2,1,,1,5210.0,premium
San Isidro,42.7,1,1,28.0,0,3960.0,premium
San Miguel,139.6,4,2,,1,4450.0,premium
La Molina,174.7,5,2,13.0,0,5930.0,premium
San Isidro,85.6,4,3,33.0,1,5550.0,premium
San Miguel,66.8,1,1,18.0,0,2530.0,moderado
Pueblo Libre,189.3,4,2,34.0,1,4320.0,premium
Surco,157.6,3,2,4.0,1,6040.0,premium
Carabayllo,100.5,1,1,20.0,1,1930.0,moderado
San Isidro,51.6,5,2,37.0,0,4660.0,premium
Pueblo Libre,196.9,3,1,28.0,0,4220.0,premium
Surco,103.9,4,1,38.0,1,4490.0,premium
Barranco,164.3,4,2,10.0,1,5590.0,premium
Miraflores,51.1,5,1,27.0,1,4550.0,premium
Lince,146.4,3,1,17.0,0,3780.0,premium
Jesus Maria,50.4,3,3,28.0,1,3150.0,premium
Surco,93.0,1,1,21.0,0,4000.0,premium
Jesus Maria,78.5,5,2,10.0,1,4320.0,premium
CARABAYLLO,138.2,1,1,5.0,1,2950.0,moderado
Ate,178.2,4,2,35.0,0,3190.0,premium
Carabayllo,75.1,3,1,37.0,1,1500.0,economico
Chorrillos,189.6,1,1,0.0,1,4200.0,premium
San Juan de Lurigancho,152.3,1,1,23.0,0,2470.0,moderado
San Isidro,60.0,5,1,17.0,1,5770.0,premium
Miraflores,184.4,2,2,19.0,0,5760.0,premium
Surco,115.8,1,1,24.0,0,4150.0,premium
Carabayllo,192.0,1,1,5.0,1,3560.0,premium
Miraflores,57.8,2,2,19.0,1,4830.0,premium
Miraflores,207.9,4,1,31.0,1,6510.0,premium
Chorrillos,193.8,5,1,9.0,1,4900.0,premium
Magdalena,85.5,4,3,20.0,1,3920.0,premium
Chorrillos,87.8,2,1,14.0,1,3090.0,premium
San Isidro,111.7,1,1,14.0,1,5740.0,premium
carabayllo,58.8,1,1,,0,790.0,economico
Carabayllo,98.6,2,2,5.0,0,2760.0,moderado
chorrillos,64.5,4,2,5.0,1,3320.0,premium
Carabayllo,93.8,5,1,30.0,0,2140.0,moderado
Ate,210.1,1,1,36.0,1,3110.0,premium
La Molina,215.0,1,1,0.0,1,5970.0,premium
Chorrillos,62.8,5,1,17.0,1,2750.0,moderado
Chorrillos,214.7,5,2,7.0,1,5360.0,premium
Jesus Maria,122.3,5,1,38.0,1,3650.0,premium
Miraflores,51.9,4,3,0.0,0,59475.0,premium
Barranco,199.7,2,1,14.0,1,5360.0,premium
Magdalena,45.5,1,1,35.0,0,2000.0,moderado
Ate,184.0,1,1,,0,3500.0,premium
San Isidro,180.5,2,2,26.0,1,6510.0,premium
Magdalena,214.9,4,1,9.0,1,5750.0,premium
San Isidro,147.6,5,3,27.0,0,42163.0,premium
Surco,108.1,3,2,33.0,0,4530.0,premium
Magdalena,191.6,3,3,,0,4480.0,premium
san juan de lurigancho,198.2,5,3,11.0,1,4520.0,premium
Lince,154.1,4,3,26.0,0,3980.0,premium
Chorrillos,67.4,4,1,39.0,1,2360.0,moderado
Lince,78.3,4,2,5.0,1,3620.0,premium
San Miguel,205.8,5,2,28.0,1,5060.0,premium
Carabayllo,114.8,5,2,4.0,0,3590.0,premium
Chorrillos,215.0,5,1,15.0,1,4920.0,premium
Miraflores,171.6,4,2,28.0,0,6000.0,premium
Carabayllo,131.7,4,2,12.0,1,3050.0,premium
San Borja,165.2,1,1,23.0,0,4550.0,premium
Magdalena,177.2,4,1,26.0,0,4350.0,premium
Pueblo Libre,155.4,4,1,18.0,1,4170.0,premium
Barranco,96.4,5,3,,0,4890.0,premium
Lince,159.8,1,1,,1,3960.0,premium
Chorrillos,72.2,4,3,12.0,1,3490.0,premium
San Miguel,84.2,1,1,23.0,0,2550.0,moderado
San Isidro,98.5,4,2,28.0,1,5930.0,premium
San Juan de Lurigancho,43.3,4,3,29.0,1,2050.0,moderado
Ate,100.9,4,1,37.0,1,2390.0,moderado
BARRANCO,208.8,3,2,5.0,0,5960.0,premium
San Borja,170.7,2,2,,1,5950.0,premium
San Juan de Lurigancho,104.8,3,2,,1,2150.0,moderado
Chorrillos,189.7,3,3,32.0,0,3780.0,premium
San Isidro,77.5,4,2,31.0,0,5090.0,premium
Carabayllo,141.6,1,1,16.0,1,2740.0,moderado
Lince,74.4,3,1,8.0,1,3380.0,premium
Pueblo Libre,150.4,1,1,19.0,1,3620.0,premium
Lince,46.6,2,2,26.0,1,2310.0,moderado
San Juan de Lurigancho,121.3,4,1,17.0,1,3120.0,premium
Lince,111.1,4,1,4.0,1,4130.0,premium
Miraflores,,3,2,14.0,0,4720.0,premium
Jesus Maria,45.7,1,1,6.0,1,3000.0,moderado
Chorrillos,204.8,1,1,22.0,1,3710.0,premium
Carabayllo,131.8,4,3,26.0,1,2990.0,moderado
San Juan de Lurigancho,205.6,5,1,38.0,1,3380.0,premium
Chorrillos,172.1,2,1,10.0,1,4280.0,premium
Carabayllo,198.7,4,2,,1,4100.0,premium
Chorrillos,,5,2,26.0,1,3720.0,premium
Magdalena,66.5,5,1,13.0,0,3490.0,premium
San Borja,62.9,3,1,29.0,1,4010.0,premium
Carabayllo,98.4,1,1,1.0,0,2170.0,moderado
San Isidro,,4,3,14.0,0,7760.0,premium
Surco,102.0,5,2,28.0,1,5070.0,premium
Jesus Maria,149.7,1,1,34.0,0,3070.0,premium
La Molina,121.4,2,2,24.0,0,4410.0,premium
Lince,201.3,1,1,37.0,0,3490.0,premium
San Miguel,57.0,1,1,9.0,1,2870.0,moderado
Barranco,166.3,3,3,6.0,1,5660.0,premium
San Isidro,215.1,1,1,11.0,0,6690.0,premium
San Borja,208.5,3,1,14.0,1,5960.0,premium
Miraflores,165.8,3,1,32.0,1,5810.0,premium
SAN ISIDRO,,5,1,25.0,1,6810.0,premium
Surco,213.7,1,1,16.0,1,6080.0,premium
magdalena,54.0,3,3,37.0,1,2960.0,moderado
Carabayllo,159.5,2,2,10.0,1,3220.0,premium
MIRAFLORES,197.3,5,1,22.0,1,6530.0,premium
Surco,168.0,4,2,37.0,1,5400.0,premium
Lince,146.0,1,1,7.0,0,3430.0,premium
Lince,122.6,3,1,25.0,1,3440.0,premium
CARABAYLLO,,4,3,28.0,0,3160.0,premium
San Juan de Lurigancho,103.2,1,1,27.0,1,2000.0,moderado
San Miguel,82.4,2,1,13.0,0,3540.0,premium
San Juan de Lurigancho,157.4,4,1,21.0,1,3330.0,premium
San Juan de Lurigancho,,2,1,24.0,1,2520.0,moderado
San Juan de Lurigancho,88.2,4,2,22.0,0,2390.0,moderado
Jesus Maria,42.7,3,3,31.0,0,2420.0,moderado
MIRAFLORES,50.2,4,1,6.0,1,5570.0,premium
La Molina,89.5,3,1,,1,4470.0,premium
Magdalena,42.5,1,1,1.0,1,2910.0,moderado
Barranco,180.2,1,1,20.0,1,4910.0,premium
Ate,138.6,4,1,16.0,1,3300.0,premium
San Juan de Lurigancho,,4,3,34.0,0,1600.0,moderado
San Isidro,74.3,2,1,29.0,0,4920.0,premium
Jesus Maria,162.3,5,1,6.0,1,5060.0,premium
San Miguel,139.8,5,2,,1,4740.0,premium
La Molina,87.6,3,2,22.0,1,4290.0,premium
Magdalena,,5,1,10.0,0,4250.0,premium
Surco,80.4,4,3,39.0,1,4420.0,premium
La Molina,171.4,3,1,22.0,0,5200.0,premium
Surco,92.1,2,2,25.0,0,4260.0,premium
San Miguel,,1,1,3.0,0,4770.0,premium
San Borja,79.1,3,1,0.0,1,5000.0,premium
Pueblo Libre,185.2,4,3,6.0,0,5030.0,premium
Carabayllo,196.4,5,1,9.0,0,3950.0,premium
LA MOLINA,165.5,5,1,24.0,1,5390.0,premium
Lince,148.2,3,1,34.0,1,3130.0,premium
Pueblo Libre,126.6,5,1,33.0,1,3820.0,premium
Pueblo Libre,169.1,2,1,17.0,0,3930.0,premium
La Molina,88.9,5,2,31.0,1,46786.0,premium
San Juan de Lurigancho,197.4,3,3,33.0,1,3630.0,premium
Carabayllo,209.2,2,1,29.0,1,3190.0,premium
Surco,126.9,3,1,3.0,0,5280.0,premium
Barranco,120.2,1,1,2.0,1,4550.0,premium
San Borja,98.9,4,1,,1,4650.0,premium
San Borja,,3,3,18.0,0,5760.0,premium
Pueblo Libre,49.6,3,1,5.0,1,3220.0,premium
LINCE,,4,1,10.0,1,4170.0,premium
San Miguel,177.4,4,1,30.0,1,4300.0,premium
Carabayllo,62.9,1,1,31.0,1,1220.0,economico
Lince,181.5,3,2,34.0,1,3820.0,premium
La Molina,147.0,5,3,2.0,0,5770.0,premium
Ate,141.1,3,1,37.0,0,2440.0,moderado
Jesus Maria,,4,1,,1,4100.0,premium
Barranco,40.3,5,2,33.0,1,3670.0,premium
San Isidro,81.2,2,2,15.0,0,5350.0,premium
Surco,96.7,5,3,36.0,1,4650.0,premium
Lince,143.8,4,3,1.0,1,4720.0,premium
SAN BORJA,104.4,2,2,7.0,1,4910.0,premium
Pueblo Libre,55.6,3,1,1.0,1,3250.0,premium
La Molina,196.6,4,2,5.0,1,6300.0,premium
San Borja,,4,3,6.0,0,6150.0,premium
Surco,109.5,1,1,37.0,0,3730.0,premium
San Isidro,149.6,2,2,4.0,0,6500.0,premium
CARABAYLLO,48.6,2,1,29.0,1,1320.0,economico
Surco,93.3,4,1,17.0,1,5050.0,premium
Surco,180.3,2,2,21.0,1,5480.0,premium
Lince,102.6,3,1,20.0,1,3310.0,premium
CHORRILLOS,,5,1,1.0,1,5130.0,premium
SAN MIGUEL,194.9,1,1,14.0,1,4460.0,premium
La Molina,192.7,3,2,38.0,1,4870.0,premium
Barranco,111.0,4,1,34.0,0,3810.0,premium
Magdalena,46.9,4,3,37.0,0,2880.0,moderado
Magdalena,95.7,3,3,12.0,1,3890.0,premium
San Juan de Lurigancho,,4,3,23.0,1,2370.0,moderado
La Molina,156.2,5,1,21.0,0,5620.0,premium
Magdalena,168.5,3,2,2.0,1,4880.0,premium
Pueblo Libre,65.2,2,2,5.0,1,3700.0,premium
Jesus Maria,182.1,4,3,37.0,0,4090.0,premium
Barranco,211.9,4,2,7.0,1,6050.0,premium
San Isidro,211.3,5,3,25.0,1,7360.0,premium
Chorrillos,131.3,3,3,37.0,1,3020.0,premium
Pueblo Libre,102.6,1,1,24.0,1,3100.0,premium
San Isidro,52.4,4,3,6.0,1,5890.0,premium
Miraflores,205.1,5,3,29.0,1,7070.0,premium
Barranco,,1,1,12.0,1,3650.0,premium
San Juan de Lurigancho,165.7,5,1,6.0,1,4140.0,premium
Chorrillos,83.1,3,3,8.0,0,3230.0,premium
Magdalena,103.5,4,3,3.0,1,4810.0,premium
Lince,84.0,4,2,28.0,0,2870.0,moderado
Jesus Maria,181.7,2,2,19.0,1,36998.0,premium
San Juan de Lurigancho,95.1,5,3,18.0,1,3110.0,premium
Miraflores,139.1,5,3,1.0,1,6860.0,premium
Barranco,194.9,2,2,21.0,1,5500.0,premium
San Miguel,40.4,1,1,14.0,1,2450.0,moderado
Magdalena,,2,1,9.0,1,4820.0,premium
Jesus Maria,61.4,5,2,19.0,1,3780.0,premium
surco,213.6,5,1,10.0,1,6830.0,premium
San Miguel,49.1,5,2,21.0,1,3190.0,premium
Magdalena,144.2,5,2,6.0,1,5140.0,premium
Surco,154.3,5,1,,1,5730.0,premium
Pueblo Libre,162.4,4,2,15.0,1,4320.0,premium
Carabayllo,196.2,5,2,18.0,0,3810.0,premium
Pueblo Libre,92.9,4,1,28.0,0,2930.0,moderado
San Borja,44.5,4,3,4.0,0,4420.0,premium
San Isidro,89.9,4,1,24.0,1,5570.0,premium
Magdalena,204.1,3,2,37.0,1,4630.0,premium
Barranco,207.0,5,1,35.0,1,5640.0,premium
Pueblo Libre,96.6,3,3,3.0,1,4080.0,premium
Jesus Maria,177.2,1,1,15.0,1,4010.0,premium
Ate,153.3,5,2,1.0,1,4210.0,premium
la molina,,2,1,6.0,1,4620.0,premium
Carabayllo,45.7,2,2,30.0,0,1400.0,economico
Lince,,3,2,16.0,1,3850.0,premium
Miraflores,142.9,2,1,34.0,1,5190.0,premium
Chorrillos,176.4,5,2,15.0,0,4150.0,premium
Magdalena,,1,1,,0,4740.0,premium
Lince,218.9,5,1,,1,4550.0,premium
Barranco,215.1,2,1,11.0,0,5440.0,premium
Ate,81.1,2,1,16.0,0,2050.0,moderado
San Isidro,191.9,2,1,30.0,1,6730.0,premium
Surco,108.7,4,1,,1,4640.0,premium
Carabayllo,79.6,2,2,,1,1790.0,moderado
Surco,,3,3,4.0,1,6040.0,premium
Pueblo Libre,194.0,2,2,19.0,1,4740.0,premium
San Isidro,213.7,1,1,12.0,1,6960.0,premium
Carabayllo,168.2,2,2,25.0,1,2960.0,moderado
San Juan de Lurigancho,152.3,4,3,26.0,1,3430.0,premium
San Miguel,82.2,1,1,32.0,1,2720.0,moderado
Pueblo Libre,100.7,3,2,21.0,1,3770.0,premium
Ate,104.8,5,1,10.0,1,3450.0,premium
San Miguel,180.1,4,1,20.0,1,4690.0,premium
Carabayllo,69.6,1,1,39.0,1,1110.0,economico
Magdalena,53.3,3,3,38.0,0,2660.0,moderado
La Molina,124.5,1,1,38.0,1,4260.0,premium
San Miguel,111.7,2,2,19.0,1,3520.0,premium
Miraflores,128.1,4,1,22.0,0,5430.0,premium
San Miguel,,1,1,21.0,0,3020.0,premium
San Borja,,2,2,29.0,0,4260.0,premium
San Isidro,109.8,3,1,0.0,1,6380.0,premium
Jesus Maria,162.5,2,2,23.0,0,4220.0,premium
Chorrillos,71.8,3,2,20.0,0,2710.0,moderado
La Molina,217.4,1,1,,1,5650.0,premium
Jesus Maria,80.5,2,2,,0,3540.0,premium
Chorrillos,187.8,3,2,4.0,1,4810.0,premium
Chorrillos,108.5,2,2,35.0,0,2220.0,moderado
Carabayllo,110.6,1,1,37.0,0,1550.0,moderado
Pueblo Libre,,1,1,14.0,1,3260.0,premium
San Juan de Lurigancho,,4,3,31.0,1,1850.0,moderado
Miraflores,176.4,4,2,,1,6690.0,premium
San Juan de Lurigancho,78.7,4,2,4.0,1,2970.0,moderado
Ate,72.5,4,1,6.0,1,3060.0,premium
Carabayllo,119.0,2,1,28.0,0,1870.0,moderado
Lince,132.5,3,2,18.0,0,3400.0,premium
Barranco,184.4,5,2,10.0,0,5810.0,premium
PUEBLO LIBRE,135.0,2,2,16.0,0,3770.0,premium
San Borja,65.8,5,2,10.0,1,4840.0,premium
Pueblo Libre,54.1,2,2,18.0,0,2730.0,moderado
La Molina,199.5,3,2,20.0,1,5890.0,premium
San Miguel,66.2,4,2,26.0,1,3280.0,premium
San Isidro,210.2,3,1,28.0,0,6520.0,premium
San Miguel,69.1,2,2,34.0,0,2280.0,moderado
Jesus Maria,180.3,4,1,,1,4810.0,premium
Miraflores,40.5,4,1,19.0,1,4850.0,premium
Barranco,58.3,3,2,1.0,0,4180.0,premium
Carabayllo,,4,3,31.0,0,1690.0,moderado
Barranco,186.9,2,1,22.0,1,59061.0,premium
Carabayllo,82.6,1,1,32.0,1,1480.0,economico
San Miguel,134.9,2,2,5.0,0,3750.0,premium
Barranco,182.9,1,1,21.0,1,4880.0,premium
San Borja,143.3,3,3,29.0,1,5310.0,premium
Lince,191.1,1,1,0.0,0,4380.0,premium
Ate,119.0,2,2,36.0,1,2390.0,moderado
Chorrillos,209.4,3,3,12.0,0,4690.0,premium
La Molina,134.0,3,3,33.0,1,4740.0,premium
Miraflores,150.9,1,1,12.0,1,5770.0,premium
Surco,61.1,2,2,7.0,1,4410.0,premium
San Isidro,96.7,5,3,17.0,1,6370.0,premium
Carabayllo,104.6,4,1,1.0,1,3360.0,premium
San Borja,167.5,3,2,17.0,0,5690.0,premium
Surco,,2,2,1.0,1,4840.0,premium
San Isidro,134.0,2,2,34.0,1,5690.0,premium
San Isidro,210.2,2,2,,1,6740.0,premium
San Juan de Lurigancho,173.7,5,1,4.0,1,4150.0,premium
Pueblo Libre,,4,2,23.0,1,3070.0,premium
Jesus Maria,101.4,2,1,,1,2990.0,moderado
Pueblo Libre,71.3,5,1,,0,4060.0,premium
San Miguel,137.4,3,1,,1,4320.0,premium
San Juan de Lurigancho,129.3,1,1,25.0,1,2510.0,moderado
Pueblo Libre,101.5,3,1,19.0,1,3360.0,premium
San Borja,74.4,1,1,1.0,1,4420.0,premium
San Juan de Lurigancho,96.6,1,1,30.0,0,1420.0,economico
Miraflores,174.4,5,1,37.0,1,6220.0,premium
Lince,49.8,4,3,17.0,1,3050.0,premium
Carabayllo,127.3,2,2,1.0,1,3570.0,premium
San Juan de Lurigancho,,1,1,,0,2490.0,moderado
jesus maria,174.2,1,1,28.0,0,3500.0,premium
Lince,45.2,1,1,34.0,0,1370.0,economico
Magdalena,79.6,3,1,25.0,1,3390.0,premium
San Juan de Lurigancho,,1,1,0.0,1,3140.0,premium
san miguel,50.6,4,2,5.0,1,3370.0,premium
San Juan de Lurigancho,171.2,4,3,39.0,1,3260.0,premium
La Molina,157.3,2,1,0.0,1,5740.0,premium
San Borja,94.6,1,1,13.0,0,4200.0,premium
san borja,127.5,4,2,29.0,1,4860.0,premium
Barranco,183.5,1,1,5.0,1,5580.0,premium
San Juan de Lurigancho,112.9,5,1,28.0,0,2650.0,moderado
La Molina,160.1,3,1,39.0,0,4360.0,premium
Carabayllo,198.8,3,2,10.0,0,3780.0,premium
Lince,185.7,2,2,9.0,1,4390.0,premium
Surco,72.2,1,1,32.0,1,3660.0,premium
Pueblo Libre,130.9,5,2,4.0,1,4750.0,premium
La Molina,107.3,1,1,21.0,1,4170.0,premium
Carabayllo,182.4,1,1,36.0,0,2530.0,moderado
San Isidro,62.5,5,3,27.0,0,5520.0,premium
Barranco,,3,2,19.0,0,5250.0,premium
San Miguel,55.4,1,1,6.0,1,3150.0,premium
San Miguel,55.5,1,1,35.0,0,1820.0,moderado
Carabayllo,56.2,2,2,29.0,0,1220.0,economico
ate,189.9,3,2,22.0,0,3690.0,premium
San Borja,219.5,4,1,33.0,1,6050.0,premium
Lince,174.8,3,1,28.0,1,3950.0,premium
Ate,135.6,2,2,12.0,1,3200.0,premium
Barranco,148.0,3,1,25.0,1,4620.0,premium
Jesus Maria,146.5,5,1,5.0,1,5160.0,premium
Chorrillos,149.4,4,1,12.0,1,3970.0,premium
Carabayllo,215.8,3,3,33.0,1,3640.0,premium
Ate,95.0,2,2,10.0,1,2640.0,moderado
San Borja,162.4,3,1,32.0,1,5200.0,premium
Miraflores,68.1,5,3,22.0,1,5460.0,premium
San Borja,66.9,2,1,33.0,0,3290.0,premium
San Isidro,113.6,4,3,6.0,0,6440.0,premium
Miraflores,172.5,1,1,3.0,1,6520.0,premium
Ate,147.0,2,1,26.0,1,2890.0,moderado
Barranco,176.3,4,1,32.0,1,5050.0,premium
San Isidro,200.0,3,3,1.0,0,7390.0,premium
San Isidro,155.1,5,3,31.0,1,6480.0,premium
San Isidro,128.1,3,2,3.0,1,6780.0,premium
Chorrillos,177.5,2,2,0.0,0,4340.0,premium
Surco,212.5,2,1,15.0,1,5960.0,premium
SURCO,112.0,2,1,10.0,0,4580.0,premium
San Juan de Lurigancho,186.4,2,2,37.0,0,2740.0,moderado
Jesus Maria,184.8,3,3,20.0,0,4530.0,premium
San Miguel,158.1,2,2,29.0,1,3900.0,premium
San Miguel,62.3,2,1,35.0,1,2370.0,moderado
Miraflores,74.1,1,1,2.0,1,5210.0,premium
Ate,41.6,2,2,5.0,1,2420.0,moderado
San Juan de Lurigancho,96.7,1,1,27.0,0,1560.0,moderado
Barranco,71.4,4,2,10.0,0,4230.0,premium
San Isidro,42.7,3,1,13.0,1,5280.0,premium
Pueblo Libre,51.7,1,1,10.0,0,2430.0,moderado
SAN JUAN DE LURIGANCHO,104.9,1,1,1.0,1,2650.0,moderado
Surco,160.2,5,2,23.0,0,5730.0,premium
La Molina,66.4,3,1,13.0,0,4460.0,premium
SURCO,177.7,1,1,36.0,1,4890.0,premium
Barranco,81.9,1,1,32.0,1,3450.0,premium
Surco,84.0,5,1,1.0,1,5360.0,premium
La Molina,107.3,5,3,39.0,1,4370.0,premium
San Isidro,45.5,4,1,28.0,1,5040.0,premium
Jesus Maria,41.7,2,2,35.0,1,2310.0,moderado
Magdalena,70.1,1,1,2.0,0,3530.0,premium
San Isidro,151.9,3,2,,1,6880.0,premium
Lince,216.8,4,1,,0,4260.0,premium
Surco,105.0,5,2,20.0,1,5320.0,premium
San Isidro,143.5,2,2,32.0,1,5740.0,premium
Lince,117.8,1,1,29.0,1,2840.0,moderado
LINCE,49.6,5,1,27.0,1,2910.0,moderado
San Juan de Lurigancho,174.0,5,3,4.0,1,4360.0,premium
Lince,218.3,2,2,20.0,0,4650.0,premium
Pueblo Libre,185.9,1,1,,1,4080.0,premium
San Borja,170.4,3,1,14.0,0,5520.0,premium
San Miguel,86.4,1,1,35.0,1,2230.0,moderado
Jesus Maria,194.7,1,1,35.0,1,4040.0,premium
San Isidro,80.6,1,1,29.0,1,4680.0,premium
Carabayllo,,1,1,21.0,0,2100.0,moderado
Jesus Maria,60.4,1,1,10.0,1,3250.0,premium
Ate,214.0,2,2,26.0,1,4030.0,premium
Ate,185.3,3,2,18.0,0,3480.0,premium
Ate,,1,1,3.0,1,3230.0,premium
Carabayllo,127.3,5,2,26.0,0,3010.0,premium
Barranco,143.3,4,1,34.0,1,4810.0,premium
Miraflores,167.1,5,3,19.0,1,6800.0,premium
Chorrillos,189.2,3,2,18.0,1,3760.0,premium
San Juan de Lurigancho,103.3,1,1,20.0,1,2360.0,moderado
Magdalena,104.0,1,1,32.0,0,2540.0,moderado
San Miguel,201.7,4,3,18.0,1,5300.0,premium
Surco,124.4,2,2,33.0,1,4700.0,premium
La Molina,142.8,3,1,27.0,1,4750.0,premium
Ate,176.5,3,2,27.0,1,3470.0,premium
Surco,124.7,3,1,24.0,1,4950.0,premium
Lince,,3,1,17.0,1,3520.0,premium
San Miguel,76.7,4,2,17.0,0,3520.0,premium
Barranco,84.8,1,1,,0,3470.0,premium
Surco,77.6,1,1,,1,4320.0,premium
Surco,203.4,3,3,6.0,0,6460.0,premium
Barranco,68.6,1,1,38.0,1,3120.0,premium
Magdalena,141.7,1,1,30.0,1,3370.0,premium
Surco,112.4,5,2,37.0,1,4850.0,premium
Lince,182.6,2,2,38.0,0,3380.0,premium
San Isidro,97.7,5,3,35.0,1,6000.0,premium
Magdalena,141.2,2,2,22.0,1,4320.0,premium
San Miguel,177.0,5,3,,0,4750.0,premium
Jesus Maria,130.2,5,2,10.0,1,4610.0,premium
jesus maria,175.2,2,1,22.0,0,4140.0,premium
Miraflores,180.9,5,1,38.0,1,6130.0,premium
Miraflores,171.2,3,2,26.0,1,6030.0,premium
Magdalena,,4,3,39.0,0,3480.0,premium
San Borja,140.9,1,1,14.0,1,5110.0,premium
Lince,59.9,2,2,25.0,1,2490.0,moderado
Carabayllo,106.0,3,1,31.0,1,2070.0,moderado
Chorrillos,181.8,2,2,10.0,1,4160.0,premium
Ate,187.2,5,3,28.0,1,4110.0,premium
Chorrillos,47.3,1,1,39.0,0,1230.0,economico
San Isidro,215.9,3,3,34.0,1,6740.0,premium
Magdalena,193.1,4,3,21.0,1,34412.0,premium
Surco,173.1,1,1,35.0,1,4840.0,premium
Surco,162.5,3,3,37.0,0,4970.0,premium
San Isidro,202.2,4,3,7.0,1,7370.0,premium
San Isidro,180.2,4,3,18.0,1,7320.0,premium
Miraflores,43.6,5,3,1.0,0,5360.0,premium
La Molina,,4,1,39.0,1,3240.0,premium
Jesus Maria,118.9,5,1,36.0,0,3510.0,premium
Magdalena,152.3,4,1,27.0,1,4190.0,premium
Barranco,113.5,3,3,28.0,1,4630.0,premium
San Miguel,197.3,1,1,24.0,0,4000.0,premium
Surco,91.3,5,3,12.0,0,5320.0,premium
Lince,175.1,5,1,,0,4100.0,premium
Barranco,125.0,5,1,15.0,0,4950.0,premium
Lince,138.4,1,1,36.0,0,2510.0,moderado
San Isidro,59.8,5,2,16.0,0,5620.0,premium
San Isidro,102.4,5,3,27.0,0,5670.0,premium
San Isidro,217.4,3,3,20.0,1,7350.0,premium
Barranco,189.7,2,2,20.0,1,5180.0,premium
San Borja,201.0,1,1,28.0,1,5280.0,premium
La Molina,53.3,3,3,13.0,1,4370.0,premium
Magdalena,,2,2,25.0,1,3880.0,premium
San Borja,127.9,4,1,36.0,0,4450.0,premium
Barranco,62.1,5,1,32.0,1,3820.0,premium
Magdalena,,5,3,24.0,0,4990.0,premium
la molina,145.2,4,3,27.0,1,5370.0,premium
La Molina,211.0,5,2,8.0,1,6690.0,premium
Ate,111.7,3,1,19.0,1,2860.0,moderado
San Juan de Lurigancho,134.5,5,3,8.0,1,3750.0,premium
La Molina,41.0,5,1,10.0,1,4300.0,premium
PUEBLO LIBRE,118.8,4,2,26.0,0,3560.0,premium
San Isidro,101.7,2,2,10.0,1,6110.0,premium
Carabayllo,176.4,1,1,1.0,0,3230.0,premium
Ate,159.0,5,3,2.0,0,4470.0,premium
Magdalena,217.0,2,2,19.0,0,4700.0,premium
Surco,76.9,4,3,38.0,1,58084.0,premium
Ate,104.5,3,1,22.0,0,2590.0,moderado
Surco,174.6,3,3,7.0,1,6250.0,premium
BARRANCO,96.7,2,2,5.0,0,4650.0,premium
Surco,93.2,2,1,,0,4290.0,premium
Pueblo Libre,56.4,5,2,6.0,0,3570.0,premium
San Isidro,199.0,2,2,1.0,1,7540.0,premium
Barranco,44.0,1,1,38.0,1,2800.0,moderado
San Miguel,195.8,3,3,11.0,0,4660.0,premium
Miraflores,80.8,1,1,30.0,1,4450.0,premium
Surco,116.6,3,2,15.0,1,5200.0,premium
Pueblo Libre,,1,1,21.0,1,3770.0,premium
miraflores,55.1,5,3,29.0,1,5130.0,premium
Barranco,182.0,3,2,34.0,0,4830.0,premium
Surco,,3,1,12.0,0,4350.0,premium
Carabayllo,203.3,1,1,29.0,1,2950.0,moderado
Barranco,168.8,5,3,2.0,1,6280.0,premium
San Isidro,167.1,5,3,9.0,1,7300.0,premium
Carabayllo,198.7,4,2,,1,4100.0,premium
Magdalena,211.3,1,1,22.0,0,4190.0,premium
San Borja,82.6,2,2,,1,5030.0,premium
Chorrillos,100.8,4,2,21.0,1,3180.0,premium
Miraflores,155.5,2,2,34.0,1,5380.0,premium
San Miguel,109.2,1,1,36.0,1,2740.0,moderado
Magdalena,200.9,5,1,3.0,1,5700.0,premium
Magdalena,116.2,3,3,33.0,1,3860.0,premium
Surco,133.4,4,3,27.0,1,5360.0,premium
San Borja,190.3,2,2,5.0,1,6250.0,premium
La Molina,140.8,2,2,27.0,1,4730.0,premium
Pueblo Libre,210.8,1,1,8.0,1,4550.0,premium
Carabayllo,84.5,2,1,,1,2040.0,moderado
San Miguel,68.2,3,2,,0,3030.0,premium
San Miguel,70.5,4,2,15.0,1,3370.0,premium
Surco,75.9,4,3,33.0,0,4240.0,premium
Jesus Maria,70.9,3,3,20.0,1,3540.0,premium
Ate,51.6,1,1,4.0,1,2360.0,moderado
La Molina,90.9,1,1,26.0,0,3890.0,premium
Pueblo Libre,67.5,5,1,10.0,1,3660.0,premium
San Miguel,155.9,2,1,24.0,1,3810.0,premium
Chorrillos,70.9,2,2,26.0,0,2170.0,moderado
Pueblo Libre,110.6,3,1,31.0,1,60716.0,premium
SAN MIGUEL,43.8,1,1,14.0,1,2450.0,moderado
Miraflores,209.0,1,1,26.0,0,5690.0,premium
Miraflores,87.9,1,1,2.0,0,5330.0,premium
Pueblo Libre,77.4,2,2,31.0,1,2620.0,moderado
Jesus Maria,104.6,2,1,29.0,1,3170.0,premium
San Miguel,172.2,4,2,37.0,1,3890.0,premium
Lince,106.9,3,1,15.0,1,3450.0,premium
San Borja,95.4,4,3,2.0,1,5560.0,premium
San Isidro,183.1,5,2,0.0,1,7710.0,premium
Magdalena,185.2,4,2,27.0,0,4770.0,premium
Ate,214.9,5,3,27.0,1,4650.0,premium
san miguel,209.9,1,1,18.0,1,4430.0,premium
Ate,171.4,2,2,21.0,0,3330.0,premium
Magdalena,165.3,3,3,8.0,1,5310.0,premium
Chorrillos,43.8,5,3,39.0,1,2210.0,moderado
Lince,173.2,5,1,22.0,0,3960.0,premium
Jesus Maria,169.0,3,1,24.0,1,4150.0,premium
Miraflores,73.0,2,2,24.0,1,4860.0,premium
Pueblo Libre,117.5,5,3,14.0,1,4420.0,premium
Carabayllo,99.3,3,3,37.0,0,1740.0,moderado
La Molina,188.2,2,2,32.0,1,5230.0,premium
San Juan de Lurigancho,54.8,5,1,20.0,1,2120.0,moderado
San Miguel,119.6,3,2,24.0,1,3830.0,premium
Magdalena,210.3,2,2,33.0,1,4480.0,premium
Surco,63.1,4,3,37.0,0,3640.0,premium
Surco,145.8,5,2,24.0,1,5670.0,premium
Surco,,3,2,33.0,0,3920.0,premium
Magdalena,167.1,3,1,32.0,0,3880.0,premium
La Molina,64.1,3,2,12.0,1,4540.0,premium
Magdalena,185.5,3,1,34.0,1,4100.0,premium
barranco,41.0,1,1,2.0,1,4010.0,premium
Jesus Maria,158.9,5,3,16.0,0,4800.0,premium
Jesus Maria,,4,3,8.0,0,4180.0,premium
San Isidro,192.9,3,2,34.0,1,6440.0,premium
Chorrillos,214.2,1,1,13.0,1,4110.0,premium
Surco,202.7,5,2,13.0,1,6480.0,premium
San Juan de Lurigancho,138.8,5,3,2.0,1,4150.0,premium
Barranco,121.7,5,1,23.0,1,5020.0,premium
Miraflores,50.5,3,2,10.0,0,4800.0,premium
La Molina,161.1,4,3,31.0,1,5480.0,premium
Miraflores,59.5,5,3,,1,5560.0,premium
Carabayllo,46.1,2,2,27.0,0,1130.0,economico
San Isidro,88.9,1,1,,1,4680.0,premium
Chorrillos,102.7,2,2,36.0,0,2260.0,moderado
Pueblo Libre,214.4,4,3,,1,5350.0,premium
Lince,42.2,5,3,33.0,0,2330.0,moderado
Lince,,1,1,21.0,0,1950.0,moderado
Barranco,48.7,4,1,32.0,1,3540.0,premium
San Juan de Lurigancho,76.8,2,1,6.0,1,2350.0,moderado
Jesus Maria,135.5,2,2,13.0,0,3750.0,premium
La Molina,88.3,4,3,4.0,0,4860.0,premium
Lince,56.8,3,1,0.0,0,3180.0,premium
Chorrillos,156.1,3,3,,1,4110.0,premium
Ate,,2,1,,0,2840.0,moderado
San Juan de Lurigancho,164.9,5,1,28.0,1,3360.0,premium
Chorrillos,187.8,3,2,4.0,1,4810.0,premium
San Juan de Lurigancho,115.0,2,1,14.0,1,2780.0,moderado
Jesus Maria,88.0,3,1,16.0,1,3520.0,premium
Magdalena,218.2,4,2,33.0,0,4870.0,premium
Carabayllo,52.4,4,1,19.0,1,1950.0,moderado
La Molina,201.1,1,1,34.0,0,4730.0,premium
Jesus Maria,44.6,5,3,8.0,0,3780.0,premium
Surco,104.7,5,3,0.0,1,6060.0,premium
Jesus Maria,86.8,5,2,37.0,1,3550.0,premium
Magdalena,87.2,5,3,30.0,0,3690.0,premium
Jesus Maria,,5,3,2.0,1,5600.0,premium
San Miguel,54.8,4,2,37.0,1,2750.0,moderado
San Borja,112.5,4,1,29.0,1,4770.0,premium
San Borja,78.9,5,3,7.0,1,5240.0,premium
Chorrillos,115.7,5,1,32.0,1,3390.0,premium
Magdalena,70.1,2,2,15.0,1,3310.0,premium
La Molina,191.8,1,1,0.0,0,5620.0,premium
Surco,165.2,5,1,33.0,1,5430.0,premium
Chorrillos,165.2,4,1,15.0,0,4100.0,premium
Ate,164.7,1,1,20.0,0,2950.0,moderado
Lince,170.9,3,1,29.0,0,3470.0,premium
Miraflores,96.5,4,3,18.0,1,5750.0,premium
La Molina,132.3,5,2,34.0,1,4970.0,premium
Chorrillos,90.7,4,1,30.0,0,2730.0,moderado
San Isidro,199.3,5,3,31.0,1,7170.0,premium
Chorrillos,215.9,5,1,27.0,1,4170.0,premium
Ate,147.9,5,3,38.0,1,3380.0,premium
Lince,,1,1,17.0,1,2860.0,moderado
Chorrillos,69.4,2,2,,1,2990.0,moderado
Chorrillos,200.9,4,3,6.0,1,5050.0,premium
Chorrillos,175.2,3,2,20.0,0,4010.0,premium
Lince,175.9,3,3,15.0,1,4470.0,premium
San Borja,113.5,4,3,15.0,1,5570.0,premium
Surco,182.1,1,1,16.0,1,5310.0,premium
Surco,207.7,3,3,,0,5850.0,premium
Miraflores,143.5,5,3,,1,6640.0,premium
Pueblo Libre,,1,1,27.0,0,2260.0,moderado
Ate,204.0,2,1,1.0,0,4020.0,premium
Magdalena,154.9,3,1,16.0,1,4660.0,premium
Lince,60.9,5,1,24.0,0,2700.0,moderado
Jesus Maria,42.7,4,2,,0,1960.0,moderado
Magdalena,126.4,2,2,12.0,0,4190.0,premium
San Juan de Lurigancho,117.0,2,2,38.0,1,2030.0,moderado
San Miguel,92.6,4,2,17.0,0,3640.0,premium
Surco,60.5,5,3,32.0,1,4460.0,premium
Pueblo Libre,,3,1,21.0,1,3750.0,premium
Carabayllo,62.4,2,2,22.0,1,1720.0,moderado
Jesus Maria,59.4,3,2,33.0,1,2910.0,moderado
BARRANCO,100.8,2,2,0.0,0,4760.0,premium
Lince,140.4,3,2,8.0,1,4180.0,premium
Surco,80.1,3,3,29.0,0,4330.0,premium
PUEBLO LIBRE,168.8,4,2,28.0,1,4150.0,premium
Barranco,215.5,2,2,10.0,1,5960.0,premium
Magdalena,,5,1,12.0,0,4310.0,premium
Miraflores,63.1,3,1,1.0,1,5630.0,premium
Jesus Maria,173.0,5,2,22.0,1,4810.0,premium
Chorrillos,88.2,4,3,38.0,0,2470.0,moderado
Pueblo Libre,201.1,1,1,15.0,1,4200.0,premium
San Miguel,133.7,1,1,21.0,1,3460.0,premium
SAN ISIDRO,166.9,4,1,12.0,1,6980.0,premium
Carabayllo,121.1,5,2,17.0,1,3270.0,premium
Barranco,124.3,1,1,1.0,0,4830.0,premium
San Miguel,204.3,2,2,32.0,0,4060.0,premium
Barranco,111.2,5,1,18.0,0,4700.0,premium
San Isidro,185.5,4,3,24.0,1,7140.0,premium
Chorrillos,202.9,2,1,33.0,0,3440.0,premium
San Miguel,192.8,1,1,9.0,0,4320.0,premium
San Miguel,40.2,5,1,18.0,0,2930.0,moderado
San Juan de Lurigancho,,1,1,35.0,1,2620.0,moderado
Lince,164.2,4,2,5.0,1,4640.0,premium
Miraflores,179.8,2,2,18.0,1,6380.0,premium
Barranco,100.3,5,3,,1,4890.0,premium
La Molina,110.7,3,1,1.0,1,5130.0,premium
Ate,129.9,2,1,35.0,1,2590.0,moderado
Surco,99.8,4,2,4.0,1,5510.0,premium
San Borja,202.0,2,2,35.0,1,5080.0,premium
Ate,142.5,4,3,5.0,1,3950.0,premium
Carabayllo,136.3,3,2,24.0,1,2790.0,moderado
Magdalena,163.5,3,2,15.0,1,4830.0,premium
Jesus Maria,94.7,1,1,,1,2940.0,moderado
Lince,167.0,4,3,30.0,1,4130.0,premium
La Molina,52.8,3,2,27.0,0,3630.0,premium
San Isidro,218.1,4,1,12.0,0,7260.0,premium
San Juan de Lurigancho,179.5,2,2,22.0,1,3350.0,premium
Pueblo Libre,170.0,1,1,30.0,0,3400.0,premium
Carabayllo,125.8,2,2,35.0,1,2030.0,moderado
Magdalena,125.3,2,1,18.0,0,3920.0,premium
Ate,55.1,1,1,,1,1990.0,moderado
Pueblo Libre,206.0,4,1,0.0,1,5410.0,premium
Jesus Maria,,5,1,14.0,0,4170.0,premium
Carabayllo,145.7,3,3,31.0,0,2520.0,moderado
Chorrillos,49.7,3,3,22.0,1,2640.0,moderado
Miraflores,74.1,3,3,,1,5500.0,premium
Chorrillos,219.7,3,3,33.0,1,4120.0,premium
San Juan de Lurigancho,97.6,2,1,0.0,0,2670.0,moderado
San Borja,149.9,5,3,16.0,1,5930.0,premium
San Isidro,154.6,3,2,20.0,1,47258.0,premium
Chorrillos,145.5,4,2,26.0,1,3440.0,premium
Chorrillos,42.6,2,1,7.0,0,2010.0,moderado
San Miguel,135.3,2,2,25.0,1,3820.0,premium
Jesus Maria,149.5,2,2,10.0,0,4420.0,premium
San Isidro,95.0,3,2,9.0,0,5990.0,premium
Surco,109.3,5,2,,0,5150.0,premium
Chorrillos,107.2,4,1,22.0,0,2900.0,moderado
Miraflores,79.2,5,2,16.0,1,5470.0,premium
La Molina,99.9,3,3,17.0,1,4780.0,premium
Carabayllo,156.7,1,1,25.0,1,2530.0,moderado
Magdalena,102.8,5,1,10.0,1,4380.0,premium
Surco,147.9,3,1,1.0,1,5850.0,premium
Chorrillos,105.1,5,3,31.0,1,3170.0,premium
Lince,97.7,1,1,,1,2150.0,moderado
Pueblo Libre,186.5,1,1,6.0,1,4520.0,premium
Jesus Maria,,4,2,32.0,0,4300.0,premium
Lince,127.8,1,1,34.0,1,2540.0,moderado
La Molina,111.4,5,3,37.0,1,4880.0,premium
Chorrillos,179.8,4,3,38.0,0,3250.0,premium
Magdalena,52.8,2,2,,1,2900.0,moderado
Pueblo Libre,184.0,1,1,,0,3760.0,premium
Surco,141.1,4,3,37.0,1,5140.0,premium
San Miguel,,5,1,5.0,1,5410.0,premium
Jesus Maria,139.4,4,3,26.0,1,4810.0,premium
Magdalena,72.3,2,2,6.0,1,3880.0,premium
Barranco,178.0,3,1,29.0,1,4980.0,premium
Chorrillos,156.6,4,3,1.0,1,4680.0,premium
Ate,113.9,4,1,22.0,1,2750.0,moderado
Barranco,46.4,2,1,19.0,0,3290.0,premium
San Isidro,213.4,2,2,22.0,1,6810.0,premium
Chorrillos,208.2,1,1,27.0,0,3570.0,premium
Lince,174.1,2,2,12.0,0,4000.0,premium
Ate,192.4,3,3,12.0,1,4460.0,premium
Ate,56.4,4,2,6.0,1,2930.0,moderado
San Miguel,,4,1,4.0,1,3880.0,premium
Chorrillos,134.4,5,3,2.0,0,4410.0,premium
Carabayllo,82.4,4,1,3.0,0,2620.0,moderado
San Juan de Lurigancho,106.8,2,1,30.0,1,2010.0,moderado
Surco,181.1,5,1,16.0,0,5910.0,premium
San Borja,208.0,4,1,31.0,0,5650.0,premium
Ate,121.7,4,3,5.0,0,3520.0,premium
Carabayllo,175.2,3,2,24.0,1,3220.0,premium
Chorrillos,136.3,3,2,34.0,0,2940.0,moderado
Miraflores,44.6,3,3,13.0,0,4760.0,premium
San Isidro,210.3,2,2,32.0,1,6660.0,premium
Ate,40.6,1,1,11.0,1,2010.0,moderado
Chorrillos,47.8,1,1,36.0,1,1470.0,economico
Pueblo Libre,102.4,2,2,28.0,0,3000.0,moderado
SAN BORJA,207.3,2,2,32.0,1,5490.0,premium
Miraflores,110.1,4,2,3.0,1,6380.0,premium
Pueblo Libre,189.7,2,2,3.0,0,4560.0,premium
San Miguel,58.1,5,3,1.0,1,4200.0,premium
La Molina,129.5,4,1,35.0,1,4440.0,premium
Chorrillos,138.7,2,2,23.0,1,3180.0,premium
Jesus Maria,107.2,3,2,2.0,0,3950.0,premium
LA MOLINA,213.9,3,2,28.0,1,5850.0,premium
San Miguel,192.1,2,1,15.0,1,4710.0,premium
San Juan de Lurigancho,80.8,1,1,5.0,1,2320.0,moderado
San Borja,134.0,4,1,28.0,0,4510.0,premium
Magdalena,100.7,2,1,37.0,1,2880.0,moderado
San Isidro,197.8,1,1,0.0,1,7320.0,premium
SAN ISIDRO,111.2,4,2,10.0,1,6210.0,premium
Pueblo Libre,,4,3,2.0,0,3820.0,premium
San Borja,171.3,5,3,34.0,1,5690.0,premium
Pueblo Libre,110.2,4,1,32.0,0,3230.0,premium
Miraflores,43.0,4,2,,0,4710.0,premium
Surco,120.2,3,1,27.0,1,4540.0,premium
San Isidro,214.2,1,1,35.0,0,5970.0,premium
San Borja,108.9,5,2,30.0,1,5020.0,premium
SURCO,132.4,5,3,,1,5240.0,premium
Carabayllo,219.9,2,2,33.0,1,2970.0,moderado
Chorrillos,206.9,4,3,17.0,1,4940.0,premium
San Juan de Lurigancho,149.7,4,3,15.0,1,3790.0,premium
Barranco,193.1,1,1,29.0,0,4700.0,premium
Magdalena,121.4,3,2,28.0,0,3670.0,premium
La Molina,107.2,3,1,11.0,1,4940.0,premium
Ate,115.4,5,3,39.0,0,2560.0,moderado
Surco,58.5,4,2,20.0,0,4380.0,premium
ATE,151.1,2,2,,1,2960.0,moderado
San Juan de Lurigancho,85.3,2,2,20.0,1,2260.0,moderado
San Juan de Lurigancho,193.1,2,1,26.0,0,3020.0,premium
Miraflores,181.3,4,3,17.0,1,6600.0,premium
Carabayllo,105.7,3,1,0.0,0,2930.0,moderado
Ate,166.9,2,1,13.0,1,3400.0,premium
SURCO,65.8,3,1,28.0,1,4160.0,premium
Magdalena,120.0,4,1,21.0,1,3910.0,premium
San Isidro,77.8,5,1,24.0,1,5830.0,premium
Ate,153.2,2,1,34.0,0,2470.0,moderado
Miraflores,211.1,1,1,,1,5770.0,premium
Surco,163.8,5,3,5.0,1,6450.0,premium
Lince,102.0,5,3,27.0,1,3580.0,premium
LINCE,204.8,1,1,0.0,1,4960.0,premium
Lince,200.0,2,2,22.0,1,4290.0,premium
Carabayllo,135.2,1,1,35.0,1,2030.0,moderado
San Juan de Lurigancho,59.0,1,1,19.0,1,1720.0,moderado
Jesus Maria,152.8,2,2,4.0,0,4440.0,premium
Ate,189.3,5,3,13.0,1,4540.0,premium
Lince,86.5,2,2,28.0,1,2870.0,moderado
Jesus Maria,191.7,4,2,30.0,0,4210.0,premium
La Molina,81.4,2,1,31.0,1,3780.0,premium
San Miguel,216.9,5,2,32.0,0,4600.0,premium
Lince,187.0,1,1,33.0,1,3660.0,premium
San Borja,167.5,4,1,20.0,1,5790.0,premium
San Juan de Lurigancho,214.0,4,1,4.0,1,4400.0,premium
San Borja,,1,1,23.0,0,5030.0,premium
La Molina,170.8,5,1,4.0,0,6030.0,premium
Pueblo Libre,76.7,5,1,35.0,1,3140.0,premium
Ate,197.2,4,1,37.0,1,3680.0,premium
Chorrillos,44.0,1,1,11.0,0,1860.0,moderado
San Borja,61.5,2,2,26.0,1,3830.0,premium
Pueblo Libre,157.4,1,1,,0,2670.0,moderado
Miraflores,191.4,4,1,3.0,1,7290.0,premium
MIRAFLORES,83.7,5,2,37.0,0,4630.0,premium
Miraflores,212.5,1,1,36.0,1,5930.0,premium
Miraflores,215.1,4,2,13.0,1,7360.0,premium
San Borja,196.8,2,1,0.0,0,5920.0,premium
Carabayllo,133.0,4,1,17.0,1,2930.0,moderado
LA MOLINA,168.1,4,2,10.0,1,5780.0,premium
Lince,87.0,2,1,16.0,1,3090.0,premium
San Isidro,68.4,5,3,24.0,1,5960.0,premium
San Miguel,47.2,5,1,,1,3280.0,premium
Surco,71.9,2,2,36.0,0,3540.0,premium
BARRANCO,128.9,4,2,39.0,0,4020.0,premium
Magdalena,216.4,2,1,31.0,1,4650.0,premium
Jesus Maria,94.6,2,1,3.0,1,4160.0,premium
LINCE,96.7,4,2,22.0,1,3400.0,premium
Surco,144.7,5,3,27.0,1,6090.0,premium
SURCO,45.8,5,3,19.0,1,4720.0,premium
La Molina,139.7,4,3,9.0,0,5520.0,premium
Lince,181.1,5,3,21.0,1,4730.0,premium
Chorrillos,92.2,1,1,37.0,1,1980.0,moderado
Magdalena,112.3,5,1,18.0,0,4100.0,premium
San Miguel,77.5,2,1,29.0,1,41251.0,moderado
San Miguel,209.1,3,3,13.0,1,5340.0,premium
Surco,103.8,1,1,25.0,1,4080.0,premium
Chorrillos,47.5,3,1,11.0,1,2580.0,moderado
San Juan de Lurigancho,187.9,2,2,39.0,0,2540.0,moderado
Ate,163.7,3,1,11.0,0,3270.0,premium
Surco,109.0,1,1,26.0,1,4200.0,premium
Jesus Maria,171.5,1,1,31.0,0,3600.0,premium
Lince,65.3,1,1,27.0,0,2090.0,moderado
Jesus Maria,59.9,4,3,37.0,0,2690.0,moderado
Miraflores,,1,1,26.0,1,5070.0,premium
San Isidro,41.4,1,1,12.0,1,4910.0,premium
Ate,68.5,5,2,17.0,1,2640.0,moderado
San Juan de Lurigancho,159.0,3,3,17.0,0,3280.0,premium
MAGDALENA,57.1,2,2,39.0,1,2550.0,moderado
San Borja,75.5,4,2,33.0,1,4200.0,premium
San Isidro,157.7,4,1,36.0,1,5820.0,premium
La Molina,193.2,3,2,,0,4980.0,premium
Jesus Maria,51.2,2,1,1.0,1,3350.0,premium
Chorrillos,121.5,4,2,38.0,1,3070.0,premium
San Miguel,123.2,1,1,5.0,1,4020.0,premium
CHORRILLOS,99.9,3,3,16.0,1,3530.0,premium
Pueblo Libre,104.8,2,2,36.0,0,3020.0,premium
Chorrillos,85.5,2,2,33.0,1,2550.0,moderado
Surco,149.3,5,2,6.0,1,5880.0,premium
Magdalena,99.1,3,2,33.0,0,3020.0,premium
Ate,139.1,1,1,18.0,1,2660.0,moderado
Miraflores,,2,2,3.0,1,6600.0,premium
Jesus Maria,162.8,4,2,35.0,1,4160.0,premium
La Molina,177.4,3,3,,0,5590.0,premium
San Borja,138.5,3,3,26.0,1,5080.0,premium
Carabayllo,142.4,5,1,9.0,1,3550.0,premium
Barranco,90.1,3,2,39.0,0,3740.0,premium
Pueblo Libre,213.1,3,1,38.0,1,4230.0,premium
Surco,122.5,4,2,12.0,1,5360.0,premium
Lince,,1,1,24.0,0,4090.0,premium
Barranco,196.0,5,3,32.0,1,5600.0,premium
Lince,,3,3,35.0,1,3220.0,premium
San Miguel,216.8,2,2,38.0,0,4280.0,premium
BARRANCO,77.5,2,1,,1,4150.0,premium
SAN JUAN DE LURIGANCHO,,1,1,19.0,1,2440.0,moderado
Surco,96.5,3,1,8.0,1,4920.0,premium
Miraflores,87.4,5,3,23.0,0,5320.0,premium
Lince,120.3,4,1,19.0,1,3550.0,premium
Magdalena,215.6,5,2,28.0,0,4910.0,premium
San Borja,147.3,4,3,29.0,1,5440.0,premium
Lince,50.9,5,1,35.0,0,1970.0,moderado
La Molina,125.4,1,1,17.0,0,4390.0,premium
San Miguel,215.1,2,1,31.0,1,4440.0,premium
Surco,189.4,1,1,12.0,1,5660.0,premium
San Isidro,73.3,3,1,38.0,1,5020.0,premium
Pueblo Libre,179.3,2,2,,1,4940.0,premium
Jesus Maria,206.8,2,2,0.0,1,5420.0,premium
Pueblo Libre,187.2,4,2,9.0,1,5120.0,premium
San Miguel,111.6,1,1,32.0,0,2650.0,moderado
Surco,70.7,3,1,29.0,1,4080.0,premium
San Juan de Lurigancho,173.5,3,3,31.0,1,3090.0,premium
Pueblo Libre,128.4,3,1,32.0,1,3290.0,premium
CHORRILLOS,63.9,1,1,0.0,0,2310.0,moderado
MIRAFLORES,,2,2,6.0,1,5830.0,premium
Surco,158.4,3,1,14.0,1,5880.0,premium
San Borja,193.9,1,1,13.0,0,5390.0,premium
Chorrillos,86.9,2,2,15.0,1,3110.0,premium
San Miguel,179.9,3,2,19.0,1,4450.0,premium
San Miguel,,4,3,,1,3530.0,premium
Magdalena,174.5,5,3,22.0,1,5130.0,premium
Magdalena,131.5,1,1,8.0,1,4080.0,premium
San Isidro,167.6,2,2,15.0,1,6480.0,premium
San Juan de Lurigancho,84.1,2,1,33.0,1,1710.0,moderado
La Molina,82.4,2,1,4.0,1,4480.0,premium
Magdalena,161.9,2,2,34.0,1,4040.0,premium
Carabayllo,192.3,4,1,9.0,0,3760.0,premium
San Borja,208.9,1,1,,0,5770.0,premium
San Isidro,133.3,4,3,0.0,0,53157.0,premium
Miraflores,85.6,1,1,37.0,0,3980.0,premium
Carabayllo,126.0,3,3,2.0,0,3570.0,premium
Surco,143.6,2,2,19.0,1,5260.0,premium
San Miguel,62.7,5,2,31.0,1,3300.0,premium
Jesus Maria,218.8,4,1,38.0,1,4890.0,premium
Ate,110.9,1,1,35.0,0,1810.0,moderado
Chorrillos,84.3,2,1,24.0,0,2250.0,moderado
Pueblo Libre,72.5,4,3,7.0,0,3550.0,premium
San Miguel,152.3,1,1,,0,3500.0,premium
San Borja,148.3,3,1,30.0,1,4760.0,premium
San Isidro,56.2,1,1,36.0,1,4330.0,premium
San Borja,163.8,2,2,13.0,0,5230.0,premium
San Borja,42.1,4,2,17.0,1,4110.0,premium
San Juan de Lurigancho,194.0,4,2,3.0,0,4290.0,premium
Magdalena,,5,3,22.0,0,4220.0,premium
Jesus Maria,160.2,3,1,8.0,1,4570.0,premium
Magdalena,188.6,5,1,21.0,0,4630.0,premium
Surco,42.1,1,1,7.0,0,3550.0,premium
San Miguel,62.5,2,2,5.0,0,3160.0,premium
San Miguel,183.4,4,1,11.0,1,4880.0,premium
San Isidro,114.1,1,1,24.0,1,5260.0,premium
Magdalena,109.6,3,1,35.0,1,3510.0,premium
San Borja,219.4,3,1,6.0,1,6490.0,premium
Lince,105.0,1,1,29.0,1,2490.0,moderado
Pueblo Libre,88.6,2,2,6.0,1,3700.0,premium
Chorrillos,148.4,5,3,11.0,1,4470.0,premium
San Miguel,180.3,2,1,23.0,0,3830.0,premium
Lince,199.9,2,2,38.0,1,4010.0,premium
San Isidro,53.3,5,3,22.0,1,5400.0,premium
Ate,211.8,3,2,26.0,0,3800.0,premium
Barranco,50.6,1,1,,0,3170.0,premium
Chorrillos,74.9,5,2,10.0,1,3580.0,premium
Lince,170.0,3,1,1.0,0,4340.0,premium
Barranco,217.4,1,1,34.0,0,4810.0,premium
Surco,53.6,5,3,17.0,1,4950.0,premium
Ate,41.5,5,2,19.0,0,1980.0,moderado
San Isidro,,2,1,16.0,1,4870.0,premium
Miraflores,202.9,3,3,4.0,0,7070.0,premium
Barranco,153.4,2,1,34.0,0,4080.0,premium
Chorrillos,102.6,1,1,24.0,1,2500.0,moderado
San Juan de Lurigancho,196.2,2,2,22.0,1,3830.0,premium
Miraflores,219.2,1,1,23.0,1,6190.0,premium
Ate,157.5,5,2,31.0,0,3190.0,premium
San Borja,177.1,3,1,7.0,1,5680.0,premium
Magdalena,197.7,2,2,1.0,1,5440.0,premium
Miraflores,135.8,3,3,24.0,1,61834.0,premium
San Juan de Lurigancho,171.5,3,3,32.0,1,3150.0,premium
Barranco,211.3,4,1,27.0,1,5940.0,premium
Jesus Maria,187.9,5,3,5.0,1,5700.0,premium
San Isidro,205.6,2,2,28.0,0,6200.0,premium
CARABAYLLO,,2,2,28.0,0,3150.0,premium
San Isidro,186.4,5,2,17.0,0,7170.0,premium
Ate,182.0,3,1,33.0,1,34081.0,premium
Pueblo Libre,143.2,5,2,3.0,1,4730.0,premium
Pueblo Libre,63.2,3,2,7.0,1,3620.0,premium
La Molina,129.0,3,2,1.0,1,5460.0,premium
SAN MIGUEL,163.5,3,2,17.0,0,4170.0,premium
San Miguel,47.1,1,1,5.0,1,3000.0,moderado
San Isidro,139.0,4,3,4.0,1,7100.0,premium
Chorrillos,54.0,4,1,17.0,0,2610.0,moderado
Lince,143.5,1,1,1.0,0,3880.0,premium
Carabayllo,132.7,5,2,3.0,1,3960.0,premium
La Molina,56.8,4,1,7.0,1,4650.0,premium
San Miguel,114.0,4,1,34.0,1,3430.0,premium
SAN JUAN DE LURIGANCHO,70.4,4,1,19.0,1,2290.0,moderado
Magdalena,166.7,1,1,32.0,0,3790.0,premium
Carabayllo,217.9,4,1,29.0,0,3610.0,premium
Carabayllo,77.7,1,1,,0,1250.0,economico
San Miguel,125.6,4,3,23.0,0,4060.0,premium
San Isidro,114.6,1,1,36.0,0,4650.0,premium
San Isidro,71.4,2,1,17.0,0,4800.0,premium
Pueblo Libre,105.4,2,2,,0,2920.0,moderado
San Miguel,125.2,4,2,30.0,1,4100.0,premium
San Isidro,95.0,5,1,12.0,1,6180.0,premium
Ate,120.7,3,1,36.0,1,2260.0,moderado
SURCO,102.1,2,1,12.0,1,4510.0,premium
Miraflores,167.2,5,2,19.0,1,6410.0,premium
San Borja,101.4,3,1,,0,4140.0,premium
carabayllo,73.1,1,1,,0,1120.0,economico
Magdalena,70.9,2,2,,0,3680.0,premium
San Borja,172.4,4,3,6.0,0,5830.0,premium
San Isidro,59.0,2,2,12.0,0,5060.0,premium
Carabayllo,60.4,4,1,24.0,1,1940.0,moderado
Ate,91.3,5,3,27.0,1,3120.0,premium
Ate,121.1,4,2,33.0,0,2940.0,moderado
La Molina,167.2,4,1,38.0,1,4870.0,premium
Carabayllo,49.5,4,3,18.0,1,2070.0,moderado
Ate,149.5,4,2,9.0,1,3850.0,premium
San Borja,77.6,4,3,16.0,1,5000.0,premium
La Molina,145.8,1,1,8.0,0,4600.0,premium
Ate,,2,2,39.0,0,3070.0,premium
La Molina,157.8,3,2,32.0,0,4650.0,premium
Pueblo Libre,187.2,4,2,9.0,1,5120.0,premium
San Miguel,200.4,5,3,24.0,0,4950.0,premium
San Miguel,180.0,2,2,29.0,1,4150.0,premium
San Isidro,200.8,5,3,27.0,1,7510.0,premium
Surco,117.3,3,3,37.0,1,4700.0,premium
San Borja,71.7,5,1,12.0,1,4960.0,premium
Carabayllo,,1,1,32.0,1,2040.0,moderado
Miraflores,100.8,4,1,4.0,1,5880.0,premium
Carabayllo,78.8,3,3,24.0,0,1790.0,moderado
Lince,114.0,5,3,12.0,1,4200.0,premium
La Molina,182.6,1,1,28.0,1,4820.0,premium
Barranco,60.5,3,1,7.0,1,4120.0,premium
Jesus Maria,,5,2,22.0,1,3850.0,premium
Miraflores,218.5,4,2,4.0,1,7430.0,premium
La Molina,167.5,3,1,3.0,0,5530.0,premium
Chorrillos,140.4,1,1,29.0,1,46627.0,moderado
Barranco,196.6,2,1,6.0,0,5230.0,premium
Jesus Maria,129.8,4,2,25.0,0,3910.0,premium
Jesus Maria,89.2,2,2,20.0,1,3340.0,premium
Jesus Maria,113.5,4,1,1.0,1,4370.0,premium
Surco,204.1,4,3,24.0,0,6000.0,premium
Surco,163.3,2,1,,1,4620.0,premium
Chorrillos,157.7,2,2,,1,3430.0,premium
Magdalena,217.4,3,3,4.0,0,5540.0,premium
Carabayllo,174.9,2,2,32.0,1,3060.0,premium
Ate,82.8,1,1,14.0,1,2230.0,moderado
Miraflores,127.5,2,1,2.0,1,5910.0,premium
Carabayllo,92.9,3,2,36.0,1,2080.0,moderado
San Borja,145.7,4,2,8.0,1,5800.0,premium
Chorrillos,53.9,2,2,33.0,0,1660.0,moderado
San Juan de Lurigancho,79.6,5,2,15.0,1,2540.0,moderado
San Borja,59.8,5,3,31.0,1,4410.0,premium
PUEBLO LIBRE,204.7,5,1,16.0,1,5240.0,premium
Carabayllo,149.1,3,2,28.0,1,2830.0,moderado
Ate,147.7,2,2,5.0,0,3470.0,premium
San Miguel,61.7,5,1,,1,3060.0,premium
Ate,123.6,1,1,39.0,0,1750.0,moderado
Magdalena,193.1,1,1,22.0,0,4560.0,premium
Miraflores,169.9,1,1,30.0,0,5010.0,premium
San Miguel,54.8,3,2,35.0,0,2640.0,moderado
Ate,121.7,2,2,36.0,0,2020.0,moderado
San Miguel,177.1,2,2,13.0,1,4550.0,premium
Miraflores,120.8,4,1,39.0,1,5330.0,premium
Carabayllo,73.5,4,2,6.0,1,2910.0,moderado
Miraflores,152.5,2,1,8.0,1,5920.0,premium
Carabayllo,185.0,5,2,37.0,1,3340.0,premium
Chorrillos,177.2,5,3,20.0,1,4400.0,premium
Barranco,172.0,2,1,30.0,1,4830.0,premium
San Borja,92.4,5,2,,1,4740.0,premium
Magdalena,160.4,1,1,9.0,1,4410.0,premium
Carabayllo,134.2,2,1,19.0,1,2560.0,moderado
Carabayllo,167.1,4,2,38.0,0,2730.0,moderado
Surco,61.9,3,2,12.0,1,4510.0,premium
San Miguel,,5,1,17.0,0,4540.0,premium
Ate,125.8,5,1,10.0,1,3860.0,premium
Ate,151.9,3,2,16.0,1,3750.0,premium
San Juan de Lurigancho,181.4,4,2,34.0,1,3400.0,premium
San Isidro,169.4,4,2,15.0,1,7140.0,premium
San Isidro,206.8,2,2,24.0,1,6940.0,premium
Lince,168.3,3,2,22.0,1,4300.0,premium
San Juan de Lurigancho,49.3,5,1,,1,2710.0,moderado
Ate,52.6,4,1,2.0,1,2890.0,moderado
Carabayllo,57.8,4,3,21.0,1,2150.0,moderado
San Isidro,80.6,2,1,13.0,1,5460.0,premium
Jesus Maria,135.6,3,1,36.0,1,3450.0,premium
Miraflores,98.4,3,3,34.0,0,4850.0,premium
Surco,86.9,3,3,12.0,0,4460.0,premium
magdalena,127.4,3,1,20.0,1,3750.0,premium
Barranco,105.1,5,1,30.0,1,4720.0,premium
Magdalena,57.3,3,1,21.0,1,3000.0,moderado
Lince,143.8,1,1,29.0,0,2630.0,moderado
Surco,173.8,1,1,21.0,1,5200.0,premium
Ate,42.0,5,1,36.0,1,1890.0,moderado
La Molina,173.6,4,1,15.0,0,5490.0,premium
Ate,79.2,1,1,19.0,1,2050.0,moderado
Pueblo Libre,171.9,1,1,27.0,0,3740.0,premium
Surco,65.8,3,3,,1,4700.0,premium
San Miguel,166.9,1,1,14.0,1,4290.0,premium
Carabayllo,,4,1,18.0,1,4140.0,premium
San Miguel,191.6,2,2,31.0,1,4040.0,premium
Jesus Maria,188.1,4,2,0.0,1,5530.0,premium
Pueblo Libre,48.6,3,2,22.0,0,2660.0,moderado
San Borja,191.4,4,1,10.0,0,6170.0,premium
San Miguel,112.7,1,1,9.0,1,3550.0,premium
Carabayllo,81.9,4,1,23.0,0,1870.0,moderado
ate,203.4,1,1,26.0,1,3440.0,premium
San Miguel,71.3,4,3,,0,3010.0,premium
Lince,42.9,1,1,24.0,1,2060.0,moderado
Ate,209.9,5,3,11.0,1,4790.0,premium
magdalena,156.3,3,1,23.0,1,4240.0,premium
San Isidro,105.7,5,1,24.0,1,6090.0,premium
Chorrillos,78.0,4,2,4.0,0,3180.0,premium
Miraflores,127.2,1,1,35.0,1,4790.0,premium
Pueblo Libre,108.2,2,1,27.0,0,2760.0,moderado
Surco,159.5,1,1,28.0,0,4420.0,premium
Ate,189.0,5,2,22.0,1,4080.0,premium
Miraflores,176.5,4,3,32.0,1,6260.0,premium
Jesus Maria,,3,1,30.0,1,4250.0,premium
Ate,180.1,4,1,39.0,1,3400.0,premium
Chorrillos,143.3,3,2,10.0,0,3630.0,premium
Pueblo Libre,96.2,2,2,7.0,1,3760.0,premium
Lince,139.2,1,1,31.0,0,2770.0,moderado
PUEBLO LIBRE,50.9,3,1,,0,2710.0,moderado
San Miguel,,5,1,8.0,1,4210.0,premium
San Isidro,193.7,2,2,30.0,1,6330.0,premium
San Juan de Lurigancho,155.0,1,1,22.0,1,2480.0,moderado
Barranco,108.8,1,1,29.0,0,3570.0,premium
Surco,111.3,5,1,15.0,1,5230.0,premium
Magdalena,113.6,2,1,12.0,1,3920.0,premium
San Miguel,63.7,1,1,9.0,1,2960.0,moderado
Pueblo Libre,49.0,3,2,1.0,1,3610.0,premium
Miraflores,43.8,5,2,,1,4490.0,premium
Jesus Maria,190.3,5,3,25.0,1,4980.0,premium
San Miguel,216.9,5,2,32.0,0,4600.0,premium
Barranco,99.2,2,2,0.0,0,4560.0,premium
San Miguel,186.4,3,3,4.0,0,5020.0,premium
Surco,81.9,3,3,23.0,1,4490.0,premium
Barranco,88.3,3,1,11.0,1,4550.0,premium
La Molina,169.2,3,1,,1,5090.0,premium
Lince,112.3,3,1,21.0,1,3350.0,premium
Miraflores,165.2,5,2,11.0,1,6740.0,premium
San Miguel,136.9,3,3,39.0,1,3410.0,premium
Chorrillos,162.1,2,2,37.0,1,3280.0,premium
La Molina,78.5,5,3,9.0,1,5360.0,premium
CHORRILLOS,210.1,3,1,26.0,0,4100.0,premium
san isidro,189.3,4,1,37.0,1,6480.0,premium
San Borja,,1,1,38.0,0,4660.0,premium
San Borja,,5,2,24.0,1,5300.0,premium
San Juan de Lurigancho,207.3,3,3,27.0,0,3340.0,premium
Jesus Maria,190.9,4,3,14.0,0,4950.0,premium
Chorrillos,123.3,3,2,26.0,1,3540.0,premium
Magdalena,76.3,1,1,15.0,0,3070.0,premium
La Molina,205.3,4,1,7.0,1,6330.0,premium
San Isidro,71.2,1,1,38.0,1,4570.0,premium
SURCO,178.3,5,3,,1,6360.0,premium
Chorrillos,121.0,4,2,2.0,0,4120.0,premium
San Isidro,125.6,4,3,38.0,0,5450.0,premium
Carabayllo,90.0,2,1,3.0,0,2340.0,moderado
San Borja,110.9,4,2,9.0,0,5320.0,premium
San Isidro,145.7,3,2,21.0,1,6350.0,premium
Pueblo Libre,134.2,4,3,19.0,0,3980.0,premium
Surco,92.3,1,1,3.0,0,4460.0,premium
San Isidro,62.1,2,1,25.0,1,5120.0,premium
Magdalena,142.2,5,1,15.0,1,5020.0,premium
Surco,190.5,2,2,9.0,1,6160.0,premium
Ate,122.4,2,2,23.0,1,2590.0,moderado
SURCO,124.9,1,1,17.0,1,4870.0,premium
Magdalena,85.2,2,2,31.0,1,3150.0,premium
Chorrillos,214.5,2,2,39.0,1,3790.0,premium
San Miguel,136.2,5,3,21.0,1,4470.0,premium
Carabayllo,,4,3,9.0,0,4120.0,premium
Carabayllo,48.6,4,3,19.0,1,2010.0,moderado
Pueblo Libre,61.9,1,1,9.0,0,2400.0,moderado
Surco,99.3,5,1,25.0,1,4960.0,premium
Chorrillos,,2,2,0.0,1,3110.0,premium
la molina,120.2,3,1,37.0,0,4370.0,premium
Carabayllo,,3,2,27.0,0,2880.0,moderado
San Isidro,92.3,3,2,11.0,1,5760.0,premium
lince,138.3,2,1,13.0,0,3640.0,premium
Carabayllo,159.0,3,1,32.0,0,2270.0,moderado
Surco,180.9,5,3,27.0,1,6030.0,premium
Carabayllo,170.3,2,1,22.0,1,3040.0,premium
San Juan de Lurigancho,73.5,1,1,10.0,1,2210.0,moderado
Surco,184.0,5,3,13.0,1,6610.0,premium
Magdalena,153.4,4,2,18.0,0,4360.0,premium
San Isidro,121.9,5,3,4.0,0,6820.0,premium
San Miguel,85.6,1,1,13.0,0,3120.0,premium
Chorrillos,155.1,4,1,20.0,1,3760.0,premium
Magdalena,53.1,3,1,22.0,1,3070.0,premium
magdalena,208.2,1,1,22.0,0,4360.0,premium
Surco,,3,3,39.0,1,4750.0,premium
San Juan de Lurigancho,45.7,3,3,32.0,1,54839.0,moderado
La Molina,73.8,4,2,25.0,0,4140.0,premium
San Borja,136.0,2,2,,1,4650.0,premium
Miraflores,214.9,4,1,16.0,1,7020.0,premium
Barranco,67.8,4,2,27.0,0,3760.0,premium
Chorrillos,218.2,3,3,22.0,1,4300.0,premium
San Miguel,101.1,2,2,7.0,0,3590.0,premium
San Juan de Lurigancho,180.4,1,1,38.0,1,2570.0,moderado
San Isidro,196.9,4,1,16.0,0,7040.0,premium
Surco,167.9,1,1,8.0,0,5260.0,premium
Magdalena,40.8,2,1,12.0,0,2900.0,moderado
La Molina,144.1,5,1,25.0,1,5430.0,premium
Pueblo Libre,199.3,5,1,22.0,0,4820.0,premium
Chorrillos,,2,2,16.0,0,3660.0,premium
Chorrillos,193.2,1,1,31.0,0,3090.0,premium
Barranco,98.6,2,1,39.0,0,3280.0,premium
San Isidro,109.8,3,1,9.0,1,6390.0,premium
San Miguel,78.5,5,2,31.0,1,3480.0,premium
Jesus Maria,214.9,2,2,20.0,0,4750.0,premium
Lince,205.5,1,1,26.0,0,3570.0,premium
Miraflores,107.0,3,1,32.0,1,5160.0,premium
Ate,59.0,1,1,23.0,1,1650.0,moderado
San Juan de Lurigancho,182.8,2,2,25.0,1,3300.0,premium
Magdalena,202.2,5,2,35.0,0,4630.0,premium
Jesus Maria,144.4,3,2,31.0,0,3620.0,premium
Pueblo Libre,122.2,5,2,38.0,1,3710.0,premium
Jesus Maria,100.1,3,1,25.0,1,3480.0,premium
Jesus Maria,163.6,2,1,,1,4850.0,premium
Barranco,,5,2,10.0,1,6390.0,premium
Chorrillos,209.3,4,1,38.0,1,3810.0,premium
Ate,160.3,3,3,5.0,1,4310.0,premium
Surco,94.8,5,2,2.0,1,5460.0,premium
San Miguel,217.2,3,3,11.0,1,5840.0,premium
Miraflores,189.3,4,2,3.0,0,7000.0,premium
Lince,210.9,1,1,37.0,1,3660.0,premium
Lince,86.8,3,2,34.0,1,2610.0,moderado
San Miguel,142.1,1,1,25.0,1,51900.0,premium
San Miguel,53.5,3,2,9.0,0,2940.0,moderado
La Molina,101.9,1,1,21.0,0,3730.0,premium
La Molina,119.9,2,2,12.0,1,5160.0,premium
Ate,186.2,1,1,17.0,1,3390.0,premium
San Juan de Lurigancho,80.9,5,2,,1,2180.0,moderado
Lince,123.5,4,1,20.0,1,3480.0,premium
Chorrillos,139.8,1,1,11.0,0,2930.0,moderado
Carabayllo,158.1,2,2,2.0,1,3310.0,premium
San Juan de Lurigancho,179.4,2,1,22.0,0,2970.0,moderado
LINCE,211.2,2,2,28.0,1,4310.0,premium
Pueblo Libre,112.0,3,1,,1,4000.0,premium
Chorrillos,166.4,5,1,20.0,0,3950.0,premium
San Isidro,134.3,2,2,36.0,0,5180.0,premium
San Borja,99.8,1,1,33.0,1,3750.0,premium
Barranco,53.5,3,1,27.0,1,3580.0,premium
Surco,186.5,5,1,2.0,1,6660.0,premium
Pueblo Libre,117.4,2,1,15.0,1,3630.0,premium
San Miguel,45.9,1,1,29.0,1,2080.0,moderado
Jesus Maria,44.0,3,1,18.0,0,2730.0,moderado
Miraflores,194.4,2,2,10.0,1,6650.0,premium
Carabayllo,63.0,1,1,19.0,0,1390.0,economico
San Juan de Lurigancho,202.4,5,3,21.0,1,4350.0,premium
la molina,123.5,4,1,19.0,1,4840.0,premium
Magdalena,71.7,1,1,,1,2580.0,moderado
Ate,85.0,5,2,25.0,0,2430.0,moderado
Chorrillos,120.9,3,1,13.0,1,3350.0,premium
Pueblo Libre,172.9,4,3,24.0,0,4520.0,premium
Miraflores,,3,1,17.0,1,4870.0,premium
LINCE,196.8,5,3,35.0,1,4480.0,premium
Magdalena,,1,1,22.0,0,2590.0,moderado
la molina,123.6,4,2,35.0,0,4520.0,premium
Jesus Maria,150.4,1,1,39.0,1,3490.0,premium
Barranco,169.4,1,1,3.0,1,5060.0,premium
Chorrillos,116.0,5,3,10.0,0,3660.0,premium
Lince,152.1,1,1,24.0,0,2950.0,moderado
Lince,109.1,1,1,33.0,1,2740.0,moderado
Ate,205.7,1,1,37.0,0,2850.0,moderado
Chorrillos,70.6,1,1,14.0,1,2600.0,moderado
San Juan de Lurigancho,166.1,3,2,7.0,0,3320.0,premium
Lince,149.3,3,1,8.0,1,4050.0,premium
Miraflores,163.5,3,2,31.0,0,5660.0,premium
Surco,106.0,2,2,2.0,0,5340.0,premium
Lince,191.1,5,3,4.0,1,5390.0,premium
Magdalena,,3,1,33.0,1,3370.0,premium
La Molina,113.1,2,2,23.0,1,4720.0,premium
San Isidro,197.6,1,1,8.0,1,7190.0,premium
San Borja,205.1,3,1,,1,6100.0,premium
Carabayllo,,1,1,0.0,1,4050.0,premium
San Miguel,131.1,1,1,35.0,1,3060.0,premium
Pueblo Libre,126.6,1,1,7.0,1,3540.0,premium
San Isidro,95.9,1,1,17.0,0,5140.0,premium
Barranco,188.9,1,1,30.0,0,4490.0,premium
SURCO,78.7,5,1,3.0,0,5240.0,premium
Jesus Maria,79.6,4,1,9.0,1,3770.0,premium
Miraflores,118.4,5,2,37.0,1,5330.0,premium
Barranco,83.8,4,3,33.0,1,4030.0,premium
San Borja,57.2,2,1,,1,3870.0,premium
Ate,47.3,5,1,23.0,1,2430.0,moderado
Pueblo Libre,153.5,4,2,5.0,1,4870.0,premium
Chorrillos,73.1,5,3,14.0,1,3290.0,premium
San Miguel,197.3,1,1,,1,4710.0,premium
Ate,120.7,5,1,,1,4020.0,premium
Magdalena,104.3,3,2,11.0,1,4070.0,premium
San Miguel,112.4,3,3,24.0,1,3940.0,premium
San Borja,217.2,3,1,27.0,1,6010.0,premium
Magdalena,121.2,3,3,26.0,0,3580.0,premium
Chorrillos,57.6,4,2,39.0,1,2220.0,moderado
Ate,51.1,1,1,29.0,1,1410.0,economico
Ate,155.5,1,1,30.0,0,2420.0,moderado
Pueblo Libre,141.8,1,1,29.0,0,2910.0,moderado
Chorrillos,158.8,3,1,34.0,0,2960.0,moderado
Surco,121.5,3,2,39.0,1,4440.0,premium
Magdalena,112.4,1,1,,1,3570.0,premium
Lince,121.2,4,1,16.0,0,3850.0,premium
ATE,209.9,5,3,22.0,0,4140.0,premium
Barranco,78.5,4,3,1.0,1,4990.0,premium
Pueblo Libre,185.6,5,1,25.0,1,4510.0,premium
Lince,,5,1,36.0,1,3960.0,premium
Pueblo Libre,43.0,1,1,14.0,1,2640.0,moderado
San Miguel,126.7,2,2,12.0,1,3900.0,premium
La Molina,174.0,2,1,27.0,1,5000.0,premium
San Juan de Lurigancho,215.3,5,2,38.0,1,3700.0,premium
San Juan de Lurigancho,85.4,1,1,12.0,1,2160.0,moderado
Barranco,87.8,3,2,6.0,1,4860.0,premium
Miraflores,89.9,5,2,,0,4770.0,premium
Magdalena,111.0,1,1,33.0,1,3260.0,premium
La Molina,74.3,2,2,19.0,1,4370.0,premium
surco,61.8,3,3,32.0,1,4060.0,premium
La Molina,183.1,1,1,24.0,1,5000.0,premium
Surco,74.3,1,1,11.0,0,4100.0,premium
San Miguel,158.5,2,2,19.0,1,4130.0,premium
Barranco,207.0,1,1,12.0,0,5320.0,premium
Carabayllo,,5,1,13.0,1,3430.0,premium
San Miguel,,3,1,10.0,0,3030.0,premium
San Miguel,87.1,3,2,36.0,1,3050.0,premium
Barranco,168.5,5,2,13.0,1,5800.0,premium
Barranco,113.4,1,1,17.0,0,4290.0,premium
Lince,148.6,1,1,23.0,0,3120.0,premium
Chorrillos,73.1,2,2,21.0,0,2390.0,moderado
Pueblo Libre,124.9,2,2,39.0,0,2810.0,moderado
Barranco,,3,3,5.0,1,5790.0,premium
Miraflores,175.0,1,1,10.0,0,6070.0,premium
Ate,74.4,2,1,31.0,0,1300.0,economico
Barranco,69.6,4,3,4.0,1,4880.0,premium
San Isidro,142.7,2,1,25.0,1,5980.0,premium
MIRAFLORES,145.5,3,2,3.0,1,6420.0,premium
Magdalena,86.6,5,2,9.0,0,46507.0,premium
Barranco,98.3,4,1,13.0,1,4700.0,premium
SAN BORJA,105.4,1,1,29.0,0,4020.0,premium
Ate,133.7,1,1,18.0,1,2980.0,moderado
Carabayllo,170.9,4,3,35.0,0,3150.0,premium
Magdalena,59.9,5,1,27.0,0,2990.0,moderado
Barranco,53.7,1,1,25.0,1,3320.0,premium
San Isidro,144.9,4,1,34.0,1,5950.0,premium
Chorrillos,153.5,1,1,30.0,1,3200.0,premium
Lince,51.2,2,2,0.0,0,3400.0,premium
Miraflores,150.2,5,3,26.0,1,6190.0,premium
Carabayllo,122.3,2,2,34.0,0,1760.0,moderado
Barranco,95.9,3,1,24.0,0,3760.0,premium
lince,,1,1,38.0,1,1600.0,moderado
Chorrillos,202.0,5,2,23.0,0,4260.0,premium
Barranco,161.5,5,1,18.0,0,5240.0,premium
Barranco,51.5,5,2,13.0,1,4570.0,premium
Jesus Maria,208.7,3,1,1.0,1,5600.0,premium
San Isidro,112.5,1,1,29.0,1,5320.0,premium
Pueblo Libre,158.1,3,2,,1,3870.0,premium
MAGDALENA,149.0,1,1,33.0,1,3400.0,premium
Barranco,98.6,4,1,30.0,1,4380.0,premium
San Miguel,167.1,1,1,28.0,1,3650.0,premium
Ate,166.9,3,2,7.0,0,3630.0,premium
La Molina,74.6,1,1,25.0,0,3630.0,premium
Carabayllo,158.9,2,2,3.0,0,3160.0,premium
Jesus Maria,,4,2,,1,4770.0,premium
Carabayllo,138.1,2,2,22.0,0,2660.0,moderado
Carabayllo,136.1,1,1,0.0,0,2690.0,moderado
Lince,40.6,4,1,6.0,1,3250.0,premium
Chorrillos,150.9,3,2,,0,3430.0,premium
San Isidro,216.4,3,3,32.0,1,6990.0,premium
La Molina,46.5,5,2,17.0,1,4490.0,premium
Magdalena,104.0,5,1,22.0,0,3680.0,premium
Lince,199.9,4,2,27.0,1,57040.0,premium
San Borja,112.2,2,2,3.0,0,4560.0,premium
Magdalena,181.5,1,1,0.0,1,4850.0,premium
San Miguel,,4,3,14.0,1,4710.0,premium
Carabayllo,179.4,4,1,4.0,0,3780.0,premium
Barranco,200.8,4,1,32.0,1,5320.0,premium
Ate,139.0,4,1,38.0,0,2720.0,moderado
Ate,155.9,4,2,8.0,1,4200.0,premium
Surco,135.2,4,1,4.0,1,5800.0,premium
Barranco,145.9,2,2,18.0,1,4730.0,premium
Chorrillos,66.3,2,2,23.0,1,2600.0,moderado
Ate,210.0,2,2,21.0,0,3690.0,premium
Surco,193.7,1,1,6.0,0,5770.0,premium
San Isidro,82.9,3,2,17.0,1,5770.0,premium
Ate,91.3,3,2,27.0,0,2350.0,moderado
Lince,120.0,4,3,0.0,0,4480.0,premium
Barranco,53.6,5,2,14.0,0,59634.0,premium
Surco,187.8,2,2,25.0,0,5310.0,premium
La Molina,,3,2,37.0,1,4900.0,premium
Ate,117.1,3,1,21.0,0,2750.0,moderado
Ate,103.0,4,1,37.0,1,2310.0,moderado
Lince,97.0,1,1,11.0,1,2910.0,moderado
Carabayllo,101.3,4,2,10.0,1,3050.0,premium
Chorrillos,175.1,2,2,26.0,0,3280.0,premium
Surco,178.2,2,2,20.0,1,5770.0,premium
La Molina,95.5,2,1,15.0,1,4480.0,premium
Surco,184.5,2,1,7.0,1,6150.0,premium
miraflores,132.6,4,1,8.0,1,6030.0,premium
Carabayllo,162.0,5,1,,1,3990.0,premium
Carabayllo,51.9,4,2,35.0,0,1390.0,economico
Pueblo Libre,130.0,1,1,21.0,0,3200.0,premium
Jesus Maria,104.5,4,1,27.0,0,3640.0,premium
Jesus Maria,176.7,5,1,4.0,0,4930.0,premium
Carabayllo,132.5,5,2,14.0,1,3470.0,premium
barranco,196.5,4,1,33.0,1,5180.0,premium
Barranco,105.7,3,3,28.0,1,4270.0,premium
San Juan de Lurigancho,89.9,1,1,32.0,1,1910.0,moderado
Pueblo Libre,161.5,4,1,10.0,1,4560.0,premium
Jesus Maria,126.1,1,1,23.0,0,3070.0,premium
Magdalena,64.5,3,1,10.0,1,3490.0,premium
San Juan de Lurigancho,109.3,3,3,7.0,1,2870.0,moderado
San Miguel,59.8,1,1,23.0,1,2520.0,moderado
Jesus Maria,155.3,2,2,33.0,1,3780.0,premium
Magdalena,,2,1,26.0,1,3200.0,premium
Magdalena,,5,3,2.0,1,5700.0,premium
San Isidro,122.3,4,2,7.0,0,6360.0,premium
Pueblo Libre,201.0,3,3,18.0,1,5060.0,premium
San Isidro,91.4,4,2,29.0,1,5810.0,premium
Ate,,5,1,5.0,1,4460.0,premium
Ate,67.2,3,1,,0,2460.0,moderado
Miraflores,117.8,2,2,16.0,1,5550.0,premium
Jesus Maria,,4,3,1.0,1,5280.0,premium
Surco,160.9,5,3,,0,5710.0,premium
Barranco,183.6,4,2,28.0,1,5320.0,premium
Lince,147.5,2,1,25.0,1,3540.0,premium
San Juan de Lurigancho,131.9,5,1,,1,2850.0,moderado
Miraflores,45.5,1,1,34.0,1,4230.0,premium
Miraflores,179.7,3,2,0.0,1,7070.0,premium
Jesus Maria,75.9,3,3,0.0,1,4200.0,premium
San Miguel,,1,1,38.0,1,3070.0,premium
Jesus Maria,90.9,3,2,,1,3630.0,premium
Miraflores,143.5,5,3,,1,6640.0,premium
Miraflores,43.9,4,3,3.0,1,5240.0,premium
Miraflores,119.7,2,2,30.0,1,5350.0,premium
Carabayllo,59.3,4,1,25.0,1,2170.0,moderado
Barranco,68.4,4,3,35.0,1,3870.0,premium
Barranco,49.4,2,1,,0,3980.0,premium
La Molina,150.0,1,1,21.0,1,4640.0,premium
Surco,69.1,5,3,25.0,1,4720.0,premium
CHORRILLOS,,2,2,25.0,1,2750.0,moderado
Lince,105.9,3,3,22.0,1,3570.0,premium
San Juan de Lurigancho,,4,3,1.0,1,5200.0,premium
San Miguel,173.1,3,1,36.0,0,3620.0,premium
Jesus Maria,154.9,4,1,38.0,0,3560.0,premium
La Molina,125.7,4,1,37.0,1,55044.0,premium
Surco,52.3,4,3,0.0,1,5190.0,premium
San Borja,77.4,3,1,,0,4750.0,premium
San Miguel,,2,2,18.0,1,3130.0,premium
Chorrillos,203.7,2,2,35.0,0,3580.0,premium
San Miguel,218.1,5,1,0.0,1,59790.0,premium
San Borja,140.4,1,1,8.0,0,4860.0,premium
Ate,55.7,1,1,39.0,1,1150.0,economico
San Borja,196.4,4,1,32.0,0,44399.0,premium
San Miguel,71.1,1,1,28.0,1,2300.0,moderado
La Molina,55.6,2,2,,1,3590.0,premium
Barranco,107.0,5,2,6.0,1,5550.0,premium
Carabayllo,203.1,4,3,26.0,1,3670.0,premium
San Borja,215.7,4,1,19.0,0,5920.0,premium
Ate,46.0,3,3,3.0,1,2570.0,moderado
Ate,43.9,1,1,17.0,1,1840.0,moderado
San Juan de Lurigancho,64.0,2,2,38.0,1,1390.0,economico
San Miguel,181.6,4,1,17.0,1,4660.0,premium
Ate,115.3,1,1,19.0,1,2870.0,moderado
Chorrillos,89.5,2,2,22.0,0,2450.0,moderado
Chorrillos,82.4,4,3,20.0,0,2800.0,moderado
San Borja,192.8,1,1,13.0,0,5440.0,premium
San Isidro,195.8,5,3,25.0,1,7320.0,premium
Magdalena,185.7,3,3,2.0,0,5490.0,premium
Surco,44.3,4,3,5.0,1,4890.0,premium
Lince,202.0,1,1,22.0,0,3880.0,premium
San Isidro,212.3,4,1,35.0,0,6730.0,premium
Chorrillos,,3,3,11.0,1,3230.0,premium
Surco,85.6,3,2,12.0,0,4830.0,premium
San Juan de Lurigancho,138.1,1,1,37.0,1,2010.0,moderado
Jesus Maria,86.7,3,3,31.0,0,2720.0,moderado
Barranco,196.4,4,2,16.0,0,5370.0,premium
Ate,55.9,5,3,,1,2620.0,moderado
San Borja,148.6,1,1,19.0,0,4690.0,premium
Ate,180.8,3,2,11.0,1,4020.0,premium
Chorrillos,44.8,2,2,12.0,1,2650.0,moderado
Lince,212.8,2,2,24.0,0,4190.0,premium
Magdalena,168.4,3,2,,1,4400.0,premium
Lince,181.1,3,3,32.0,1,4050.0,premium
Chorrillos,,5,3,12.0,1,5220.0,premium
San Isidro,158.4,5,1,26.0,0,6610.0,premium
Ate,,4,2,18.0,1,3250.0,premium
Jesus Maria,123.4,3,1,6.0,0,4060.0,premium
Barranco,195.0,1,1,32.0,0,4500.0,premium
Miraflores,122.0,1,1,19.0,1,5400.0,premium
La Molina,165.1,5,1,2.0,1,6100.0,premium
Miraflores,,1,1,21.0,0,4620.0,premium
Lince,64.5,1,1,18.0,1,2490.0,moderado
La Molina,112.3,4,1,22.0,1,4880.0,premium
Jesus Maria,147.4,2,2,26.0,0,3980.0,premium
Pueblo Libre,105.5,4,3,22.0,1,3880.0,premium
San Miguel,153.6,3,2,28.0,1,3990.0,premium
San Isidro,126.7,3,2,19.0,1,6260.0,premium
Ate,206.1,4,1,13.0,0,4210.0,premium
Barranco,207.1,1,1,23.0,0,4620.0,premium
Lince,187.1,3,2,37.0,1,3980.0,premium
San Miguel,,3,2,3.0,1,4090.0,premium
Carabayllo,147.1,3,3,0.0,1,3990.0,premium
Lince,109.6,2,1,34.0,0,2540.0,moderado
Jesus Maria,189.8,2,2,23.0,1,4530.0,premium
Miraflores,54.7,5,1,14.0,1,5580.0,premium
JESUS MARIA,165.9,2,2,15.0,0,4320.0,premium
Lince,115.2,4,2,20.0,1,3930.0,premium
Surco,129.1,4,1,4.0,1,5850.0,premium
San Isidro,85.1,2,2,20.0,1,5550.0,premium
San Borja,191.8,5,3,15.0,0,6200.0,premium
Barranco,,3,1,,1,4330.0,premium
Pueblo Libre,62.7,3,2,12.0,1,3470.0,premium
Ate,149.7,2,1,26.0,1,3160.0,premium
Magdalena,129.9,4,3,24.0,0,4290.0,premium
Surco,104.8,5,2,,1,4640.0,premium
Miraflores,173.3,3,1,15.0,1,6330.0,premium
Lince,160.6,5,3,37.0,1,3890.0,premium
Ate,,2,1,,0,2920.0,moderado
San Borja,189.9,4,3,22.0,1,5830.0,premium
Jesus Maria,45.0,1,1,36.0,1,2130.0,moderado
San Borja,58.1,5,2,14.0,1,4620.0,premium
San Miguel,207.3,5,1,23.0,1,5150.0,premium
Chorrillos,75.2,2,2,21.0,0,2570.0,moderado
Magdalena,111.1,4,3,31.0,1,3660.0,premium
Magdalena,43.9,5,1,13.0,0,3460.0,premium
San Juan de Lurigancho,74.7,2,1,27.0,1,1770.0,moderado
Magdalena,129.7,5,1,20.0,1,4690.0,premium
Magdalena,135.7,2,2,10.0,1,4410.0,premium
San Borja,205.7,2,2,28.0,0,5420.0,premium
Chorrillos,100.5,3,1,19.0,1,3160.0,premium
Miraflores,183.1,2,2,39.0,0,5540.0,premium
LINCE,73.2,4,3,20.0,0,2830.0,moderado
Surco,87.5,1,1,35.0,1,3700.0,premium
Chorrillos,195.2,1,1,7.0,0,3840.0,premium
Surco,127.8,1,1,19.0,0,4110.0,premium
Surco,64.4,4,2,5.0,0,4680.0,premium
Miraflores,154.3,2,1,24.0,0,5370.0,premium
Chorrillos,200.3,3,1,12.0,0,4130.0,premium
Pueblo Libre,115.8,4,3,10.0,1,4320.0,premium
san miguel,123.2,1,1,18.0,1,3400.0,premium
San Borja,134.4,4,1,26.0,1,5000.0,premium
Barranco,147.3,1,1,23.0,1,4500.0,premium
Chorrillos,,3,3,33.0,0,2430.0,moderado
San Juan de Lurigancho,69.8,4,2,7.0,0,2660.0,moderado
San Borja,105.5,3,3,20.0,0,4640.0,premium
MAGDALENA,83.6,4,2,23.0,1,3540.0,premium
San Miguel,147.1,1,1,2.0,1,4390.0,premium
Jesus Maria,125.0,1,1,15.0,1,3810.0,premium
San Miguel,94.4,1,1,26.0,1,2760.0,moderado
Chorrillos,78.6,2,2,26.0,1,2720.0,moderado
Lince,107.1,1,1,12.0,1,3090.0,premium
Surco,173.2,1,1,18.0,0,5060.0,premium
San Miguel,172.8,4,2,0.0,1,5160.0,premium
San Miguel,,5,1,,1,4690.0,premium
Ate,183.2,5,2,22.0,1,34022.0,premium
La Molina,80.4,4,3,26.0,0,4190.0,premium
Ate,189.2,3,3,0.0,0,4660.0,premium
La Molina,98.1,5,1,34.0,1,4470.0,premium
Magdalena,95.8,5,1,26.0,1,3790.0,premium
San Borja,112.3,4,2,17.0,0,4990.0,premium
Ate,199.8,3,3,25.0,0,3710.0,premium
Ate,128.9,4,2,,1,3910.0,premium
Barranco,84.7,5,3,27.0,1,4310.0,premium
Lince,85.6,4,2,1.0,1,3600.0,premium
Lince,175.6,1,1,5.0,0,3970.0,premium
San Miguel,179.3,2,2,37.0,0,3850.0,premium
Chorrillos,198.1,4,1,13.0,0,4530.0,premium
Surco,114.9,1,1,27.0,1,4500.0,premium
Chorrillos,98.9,5,1,12.0,0,3080.0,premium
Miraflores,98.6,4,2,25.0,0,5060.0,premium
Magdalena,53.9,4,1,7.0,1,3500.0,premium
La Molina,147.6,3,1,9.0,1,5580.0,premium
Pueblo Libre,128.8,2,2,29.0,0,3220.0,premium
Surco,81.0,2,2,27.0,1,4360.0,premium
Surco,128.4,1,1,29.0,0,4070.0,premium
Lince,74.7,1,1,16.0,1,2830.0,moderado
Barranco,48.4,5,1,5.0,1,4470.0,premium
Jesus Maria,102.7,2,2,4.0,1,4060.0,premium
Barranco,41.4,2,2,,0,3760.0,premium
San Juan de Lurigancho,47.2,3,3,18.0,0,1990.0,moderado
SAN MIGUEL,48.6,5,3,9.0,1,3800.0,premium
Miraflores,122.6,3,1,33.0,0,4910.0,premium
Miraflores,151.2,3,2,9.0,0,6140.0,premium
Miraflores,46.8,2,2,31.0,1,4150.0,premium
San Isidro,146.2,5,1,,1,6780.0,premium
La Molina,81.4,4,1,,0,4250.0,premium
Lince,50.0,4,1,,0,2960.0,moderado
Pueblo Libre,114.1,3,1,8.0,1,4030.0,premium
Ate,74.5,3,1,21.0,1,2120.0,moderado
Surco,169.3,4,3,11.0,1,6230.0,premium
San Isidro,152.3,2,2,18.0,1,6440.0,premium
Chorrillos,60.6,3,1,4.0,0,35156.0,moderado
Pueblo Libre,202.1,5,3,35.0,0,4570.0,premium
Chorrillos,104.5,3,3,32.0,0,2640.0,moderado
Jesus Maria,127.3,5,1,21.0,1,4060.0,premium
Ate,138.6,4,1,18.0,1,3610.0,premium
Magdalena,60.8,3,1,30.0,1,2950.0,moderado
Jesus Maria,170.8,3,3,,1,4680.0,premium
Jesus Maria,82.8,1,1,19.0,0,2450.0,moderado
San Juan de Lurigancho,101.6,4,2,19.0,1,3090.0,premium
Lince,159.2,2,2,17.0,0,3690.0,premium
San Isidro,202.2,1,1,24.0,1,6460.0,premium
San Isidro,,4,2,19.0,0,5900.0,premium
Chorrillos,162.9,1,1,17.0,1,3430.0,premium
Chorrillos,166.1,5,2,23.0,1,3960.0,premium
La Molina,85.3,4,1,14.0,1,4840.0,premium
Jesus Maria,,3,1,10.0,0,5340.0,premium
San Isidro,85.2,2,2,22.0,1,5350.0,premium
Carabayllo,129.0,2,1,15.0,1,2830.0,moderado
Carabayllo,113.3,2,2,25.0,1,59273.0,moderado
San Isidro,116.5,4,1,7.0,1,6670.0,premium
San Borja,191.9,3,2,11.0,1,6650.0,premium
Barranco,105.5,5,3,30.0,1,4490.0,premium
Miraflores,,2,1,,1,6070.0,premium
Ate,164.2,1,1,19.0,0,3070.0,premium
La Molina,119.5,1,1,5.0,1,4930.0,premium
Jesus Maria,163.2,1,1,22.0,1,3870.0,premium
San Juan de Lurigancho,52.7,4,1,38.0,1,1290.0,economico
San Miguel,135.5,1,1,15.0,0,3620.0,premium
Surco,49.6,3,1,32.0,1,3730.0,premium
San Miguel,188.9,4,2,31.0,0,4200.0,premium
Pueblo Libre,168.3,2,2,16.0,1,4190.0,premium
Ate,,5,3,23.0,1,4550.0,premium
Ate,193.9,5,2,19.0,1,4300.0,premium
ate,194.1,3,1,4.0,1,4030.0,premium
Chorrillos,,3,3,13.0,0,3940.0,premium
La Molina,94.8,3,1,31.0,1,4070.0,premium
Ate,115.1,2,2,11.0,0,2720.0,moderado
Miraflores,41.7,3,1,5.0,1,5080.0,premium
Barranco,105.8,2,2,29.0,0,3630.0,premium
Barranco,208.9,4,1,14.0,0,5610.0,premium
Chorrillos,85.3,2,1,18.0,1,2750.0,moderado
Pueblo Libre,102.2,2,2,33.0,0,2950.0,moderado
San Isidro,148.7,5,2,12.0,1,6850.0,premium
Barranco,,2,2,,1,4620.0,premium
San Borja,125.2,4,1,3.0,0,5470.0,premium
Lince,140.4,4,3,35.0,0,3590.0,premium
Lince,90.2,2,2,27.0,1,2990.0,moderado
San Borja,109.8,4,3,27.0,0,4590.0,premium
Miraflores,,3,1,39.0,1,5690.0,premium
San Juan de Lurigancho,,5,1,26.0,0,3590.0,premium
Magdalena,88.1,1,1,38.0,0,2140.0,moderado
San Juan de Lurigancho,130.8,4,1,6.0,1,3280.0,premium
San Isidro,137.1,5,2,7.0,0,6980.0,premium
Miraflores,212.1,4,3,20.0,1,7260.0,premium
Jesus Maria,126.6,4,1,4.0,1,4510.0,premium
Carabayllo,42.6,2,1,12.0,1,1790.0,moderado
Pueblo Libre,186.6,4,3,3.0,1,5280.0,premium
Lince,124.2,3,3,15.0,1,3890.0,premium
Ate,43.7,1,1,32.0,1,1280.0,economico
SURCO,218.0,4,2,25.0,0,5800.0,premium
Magdalena,62.7,1,1,,1,2840.0,moderado
Chorrillos,207.6,1,1,12.0,0,3890.0,premium
Jesus Maria,147.2,1,1,32.0,1,3660.0,premium
Surco,125.0,2,2,38.0,1,4310.0,premium
Magdalena,201.2,4,3,27.0,1,5220.0,premium
Surco,46.7,1,1,25.0,1,3120.0,premium
Jesus Maria,95.3,1,1,9.0,1,3770.0,premium
Magdalena,94.2,2,1,20.0,1,3460.0,premium
Miraflores,155.2,1,1,30.0,1,5560.0,premium
Miraflores,191.3,4,2,16.0,1,6700.0,premium
Chorrillos,127.8,3,2,9.0,1,3510.0,premium
Pueblo Libre,202.5,3,3,33.0,0,4080.0,premium
San Juan de Lurigancho,146.1,3,2,5.0,0,3580.0,premium
Jesus Maria,,3,3,,1,3110.0,premium
San Isidro,214.9,5,1,35.0,0,6950.0,premium
Ate,47.6,1,1,16.0,1,2050.0,moderado
Jesus Maria,162.1,2,2,,1,4380.0,premium
SURCO,185.0,4,1,,1,6600.0,premium
Carabayllo,66.5,1,1,3.0,0,1950.0,moderado
San Juan de Lurigancho,200.2,2,2,25.0,0,3350.0,premium
Jesus Maria,64.7,5,3,35.0,0,2990.0,moderado
Miraflores,,1,1,30.0,0,5730.0,premium
San Isidro,218.5,5,1,34.0,0,56087.0,premium
San Borja,136.0,5,2,26.0,1,5230.0,premium
Surco,82.3,4,1,28.0,1,4520.0,premium
San Juan de Lurigancho,165.2,5,2,23.0,0,3370.0,premium
Ate,194.1,3,1,,1,3520.0,premium
Jesus Maria,92.6,1,1,3.0,1,3800.0,premium
Carabayllo,199.4,2,2,26.0,1,3150.0,premium
Chorrillos,177.7,4,3,14.0,1,4390.0,premium
Pueblo Libre,192.5,3,2,6.0,0,4650.0,premium
Surco,110.4,1,1,39.0,0,3590.0,premium
La Molina,178.9,3,1,39.0,1,5000.0,premium
Barranco,49.5,4,3,12.0,1,4200.0,premium
Pueblo Libre,71.0,2,2,21.0,1,2850.0,moderado
Pueblo Libre,120.4,3,1,4.0,0,3620.0,premium
Pueblo Libre,204.1,1,1,18.0,1,4740.0,premium
Carabayllo,213.9,3,3,24.0,1,3590.0,premium
San Juan de Lurigancho,154.4,5,1,,1,3440.0,premium
Carabayllo,98.5,3,3,21.0,0,1960.0,moderado
Chorrillos,176.9,5,1,19.0,0,3980.0,premium
San Miguel,207.4,5,1,37.0,1,4610.0,premium
Pueblo Libre,49.1,4,3,9.0,0,53770.0,premium
Carabayllo,42.3,2,1,14.0,0,1670.0,moderado
Magdalena,70.0,2,2,4.0,1,3630.0,premium
Surco,186.3,3,1,6.0,1,6260.0,premium
San Isidro,54.6,3,3,16.0,1,5410.0,premium
Ate,55.2,4,2,20.0,1,2740.0,moderado
Barranco,44.2,1,1,23.0,1,3210.0,premium
Lince,156.1,5,2,17.0,1,4170.0,premium
Surco,47.1,4,1,15.0,1,4550.0,premium
Surco,121.0,1,1,4.0,1,5210.0,premium
La Molina,213.7,2,1,16.0,0,5680.0,premium
Pueblo Libre,,5,2,39.0,1,4660.0,premium
Jesus Maria,157.4,2,2,25.0,0,3970.0,premium
Miraflores,113.6,5,1,29.0,1,5250.0,premium
La Molina,110.6,1,1,37.0,1,4000.0,premium
San Borja,151.9,3,1,10.0,0,5500.0,premium
Barranco,92.5,4,2,,1,4780.0,premium
Magdalena,161.4,4,1,16.0,1,4790.0,premium
San Miguel,169.2,3,2,8.0,1,4730.0,premium
Ate,150.5,3,1,30.0,0,2730.0,moderado
Magdalena,155.2,3,2,,1,4350.0,premium
Surco,137.1,1,1,26.0,1,4850.0,premium
Pueblo Libre,78.4,1,1,13.0,1,3180.0,premium
La Molina,62.0,3,1,2.0,1,4840.0,premium
Lince,78.7,4,2,,1,2820.0,moderado
San Isidro,,5,1,19.0,1,5750.0,premium
Ate,53.5,5,1,18.0,1,2650.0,moderado
San Juan de Lurigancho,71.7,2,1,1.0,1,2600.0,moderado
Ate,163.5,2,2,22.0,0,59595.0,moderado
san borja,61.4,4,2,30.0,0,3870.0,premium
San Isidro,125.6,2,1,10.0,1,44502.0,premium
Barranco,51.3,5,3,,1,42370.0,premium
Lince,78.8,2,2,23.0,1,2610.0,moderado
Magdalena,130.8,5,3,12.0,0,4440.0,premium
San Juan de Lurigancho,194.9,2,2,34.0,1,3050.0,premium
Chorrillos,124.2,5,1,24.0,1,3600.0,premium
Magdalena,156.9,2,2,2.0,0,4690.0,premium
Ate,,2,2,,1,4170.0,premium
Pueblo Libre,93.5,1,1,17.0,1,2820.0,moderado
La Molina,62.3,3,2,8.0,1,4450.0,premium
Pueblo Libre,167.2,5,1,,1,4180.0,premium
Carabayllo,174.9,3,3,18.0,1,3540.0,premium
Lince,,1,1,7.0,1,4180.0,premium
Surco,139.6,5,1,17.0,1,5670.0,premium
La Molina,176.9,4,1,,0,4900.0,premium
La Molina,78.2,2,2,23.0,1,4260.0,premium
La Molina,50.9,5,2,1.0,1,5150.0,premium
Miraflores,134.7,3,3,8.0,0,5920.0,premium
Miraflores,,1,1,26.0,0,4360.0,premium
Ate,56.3,1,1,21.0,0,1540.0,moderado
La Molina,120.7,5,1,13.0,0,5100.0,premium
San Miguel,120.9,2,2,28.0,1,3410.0,premium
Ate,84.2,5,2,10.0,1,3450.0,premium
La Molina,150.0,4,1,27.0,0,4970.0,premium
Carabayllo,42.8,2,2,36.0,1,1500.0,economico
Ate,76.1,2,1,24.0,1,2070.0,moderado
Chorrillos,177.0,1,1,29.0,1,3210.0,premium
San Borja,54.1,5,3,18.0,1,4510.0,premium
Surco,,5,2,36.0,1,5250.0,premium
Carabayllo,201.6,1,1,35.0,1,3070.0,premium
Carabayllo,94.1,1,1,27.0,1,1740.0,moderado
San Miguel,132.4,2,1,17.0,0,3300.0,premium
Surco,98.8,4,3,18.0,0,4900.0,premium
Carabayllo,,1,1,29.0,0,1480.0,economico
Ate,86.0,3,2,19.0,1,2640.0,moderado
Ate,215.3,3,3,10.0,1,4320.0,premium
San Isidro,44.6,5,1,14.0,1,5460.0,premium
Barranco,176.8,3,2,1.0,1,5790.0,premium
San Borja,157.8,3,3,0.0,0,6030.0,premium
La Molina,,2,1,9.0,1,5000.0,premium
San Miguel,186.7,5,2,3.0,1,5620.0,premium
Surco,212.0,5,1,,0,6410.0,premium
Pueblo Libre,170.8,5,2,0.0,0,5070.0,premium
San Borja,145.5,4,2,37.0,1,4900.0,premium
Ate,177.7,4,3,6.0,0,4140.0,premium
Surco,172.0,3,2,26.0,1,5600.0,premium
San Juan de Lurigancho,43.7,3,2,22.0,1,59647.0,moderado
jesus maria,,4,3,4.0,0,4400.0,premium
San Miguel,97.1,5,3,16.0,1,4310.0,premium
San Miguel,51.1,2,2,22.0,0,2650.0,moderado
Ate,178.6,3,1,25.0,0,3180.0,premium
Chorrillos,158.1,3,1,14.0,1,3530.0,premium
San Borja,198.6,1,1,25.0,0,5030.0,premium
San Miguel,,5,1,17.0,1,4940.0,premium
San Borja,122.2,1,1,35.0,1,4380.0,premium
Chorrillos,218.4,3,1,23.0,1,4330.0,premium
Magdalena,86.2,1,1,2.0,0,3350.0,premium
Lince,184.0,4,1,7.0,0,4730.0,premium
Chorrillos,157.4,2,1,34.0,0,2970.0,moderado
Surco,174.0,1,1,26.0,1,5050.0,premium
Chorrillos,162.0,5,1,5.0,1,4620.0,premium
Barranco,55.7,4,2,17.0,1,4440.0,premium
Surco,160.1,1,1,,1,5060.0,premium
Lince,109.1,4,2,12.0,0,3420.0,premium
Ate,107.2,3,3,1.0,1,3540.0,premium
Carabayllo,151.4,3,1,,0,2820.0,moderado
Chorrillos,91.3,1,1,25.0,0,2030.0,moderado
Pueblo Libre,,3,1,22.0,1,4050.0,premium
Surco,78.3,1,1,8.0,1,4370.0,premium
Ate,61.1,2,2,8.0,0,2470.0,moderado
Ate,89.9,4,1,37.0,0,2030.0,moderado
Magdalena,95.6,2,2,18.0,0,3380.0,premium
Ate,135.7,2,1,34.0,1,2430.0,moderado
Carabayllo,100.1,2,2,17.0,0,2070.0,moderado
Lince,196.9,3,1,11.0,0,4190.0,premium
San Juan de Lurigancho,147.6,5,1,19.0,0,3160.0,premium
San Juan de Lurigancho,58.0,5,2,17.0,0,2470.0,moderado
San Miguel,134.2,3,3,,1,4170.0,premium
San Borja,92.4,3,3,24.0,1,4490.0,premium
Magdalena,53.8,3,2,33.0,0,2520.0,moderado
Lince,148.1,3,1,0.0,0,4410.0,premium
Surco,68.4,4,3,32.0,1,4510.0,premium
PUEBLO LIBRE,63.7,1,1,36.0,1,2120.0,moderado
San Borja,68.4,3,3,28.0,1,4460.0,premium
Ate,84.3,2,2,17.0,0,2370.0,moderado
Ate,44.9,4,3,14.0,0,2570.0,moderado
Miraflores,101.6,4,2,4.0,1,6300.0,premium
Carabayllo,118.9,3,1,,1,2760.0,moderado
surco,127.9,4,3,23.0,1,5590.0,premium
Magdalena,113.7,5,2,,1,4340.0,premium
Jesus Maria,212.8,1,1,23.0,0,4240.0,premium
Pueblo Libre,136.3,1,1,3.0,0,3720.0,premium
Surco,119.9,5,1,18.0,1,5350.0,premium
Surco,159.7,2,1,27.0,0,5030.0,premium
Pueblo Libre,181.3,4,3,38.0,0,4220.0,premium
Ate,53.8,5,1,30.0,0,1800.0,moderado
Pueblo Libre,69.3,3,1,35.0,0,2140.0,moderado
Barranco,117.4,4,2,38.0,0,3870.0,premium
Barranco,193.0,4,2,33.0,1,5200.0,premium
Surco,49.4,3,1,8.0,1,4510.0,premium
Chorrillos,89.3,3,1,26.0,1,2620.0,moderado
Carabayllo,175.9,3,1,21.0,1,3290.0,premium
Ate,174.9,3,1,9.0,0,3730.0,premium
Jesus Maria,219.8,2,1,36.0,0,4390.0,premium
Barranco,138.0,1,1,26.0,0,3970.0,premium
San Miguel,128.8,2,2,39.0,0,2920.0,moderado
Chorrillos,135.8,4,3,34.0,1,3470.0,premium
Carabayllo,198.9,1,1,6.0,1,3560.0,premium
Pueblo Libre,100.6,1,1,3.0,0,3600.0,premium
Carabayllo,151.2,1,1,13.0,1,39044.0,moderado
Barranco,181.4,5,3,39.0,1,5290.0,premium
Lince,78.8,1,1,17.0,1,2760.0,moderado
san isidro,114.1,3,1,2.0,0,6280.0,premium
SAN MIGUEL,101.5,5,2,23.0,0,3660.0,premium
San Juan de Lurigancho,60.5,2,1,34.0,1,1450.0,economico
San Miguel,71.7,5,1,32.0,0,2710.0,moderado
Magdalena,193.5,5,3,32.0,1,5140.0,premium
San Miguel,144.0,2,2,39.0,1,3240.0,premium
San Isidro,76.7,2,1,6.0,0,5460.0,premium
Carabayllo,63.9,5,3,19.0,1,2580.0,moderado
San Isidro,124.1,4,2,12.0,1,6870.0,premium
Magdalena,139.9,5,2,29.0,1,4440.0,premium
Pueblo Libre,54.0,5,2,3.0,1,3510.0,premium
Surco,97.9,5,3,6.0,1,5710.0,premium
Lince,56.8,2,1,15.0,1,2760.0,moderado
Chorrillos,40.4,1,1,24.0,1,1640.0,moderado
Barranco,178.3,3,1,2.0,1,5830.0,premium
Jesus Maria,60.8,2,2,29.0,1,2860.0,moderado
Chorrillos,143.2,5,2,19.0,1,4130.0,premium
Lince,136.0,5,3,18.0,0,3910.0,premium
Lince,58.4,4,1,16.0,0,2740.0,moderado
Surco,105.0,1,1,10.0,1,4610.0,premium
Lince,143.3,1,1,,0,3400.0,premium
Barranco,218.7,5,3,18.0,1,6210.0,premium
Pueblo Libre,190.3,3,1,31.0,0,3760.0,premium
San Juan de Lurigancho,178.3,1,1,11.0,0,3060.0,premium
Magdalena,199.3,5,1,0.0,0,5610.0,premium
Surco,204.0,5,2,35.0,1,6040.0,premium
Magdalena,193.5,5,1,4.0,1,5630.0,premium
San Juan de Lurigancho,114.3,2,2,16.0,0,2440.0,moderado
Carabayllo,146.6,3,3,,1,2590.0,moderado
Miraflores,86.2,5,3,2.0,1,6490.0,premium
San Miguel,136.2,5,1,35.0,1,3900.0,premium
Jesus Maria,102.9,4,1,17.0,0,3820.0,premium
San Borja,177.6,2,2,14.0,0,5310.0,premium
Ate,,5,3,19.0,0,3890.0,premium
Carabayllo,133.9,5,2,33.0,1,3070.0,premium
Pueblo Libre,219.3,1,1,38.0,1,3940.0,premium
LA MOLINA,109.3,2,2,16.0,1,4610.0,premium
Magdalena,,2,2,31.0,1,3870.0,premium
San Juan de Lurigancho,182.5,4,1,36.0,1,3280.0,premium
Carabayllo,183.5,1,1,27.0,0,2790.0,moderado
ATE,123.8,5,2,33.0,1,3230.0,premium
Jesus Maria,215.4,2,2,23.0,1,4810.0,premium
Magdalena,83.5,1,1,4.0,1,3550.0,premium
Lince,115.6,5,1,30.0,1,3540.0,premium
La Molina,151.3,3,1,21.0,1,5250.0,premium
Magdalena,40.7,2,2,23.0,1,2950.0,moderado
Carabayllo,160.3,4,3,18.0,1,3870.0,premium
Chorrillos,117.2,3,1,10.0,0,3330.0,premium
La Molina,49.7,3,3,19.0,1,3920.0,premium
Magdalena,207.9,2,1,16.0,1,5010.0,premium
San Juan de Lurigancho,129.2,1,1,38.0,1,2110.0,moderado
Miraflores,169.5,1,1,,1,6270.0,premium
Carabayllo,122.0,3,3,15.0,0,2650.0,moderado
Miraflores,198.8,2,2,12.0,0,47087.0,premium
Surco,162.2,3,3,32.0,0,5180.0,premium
Magdalena,199.1,1,1,14.0,1,4510.0,premium
Chorrillos,91.3,1,1,25.0,0,2030.0,moderado
Ate,191.1,2,1,25.0,1,3290.0,premium
Ate,90.2,4,2,7.0,0,3060.0,premium
San Miguel,,5,1,,0,3790.0,premium
Carabayllo,175.2,2,2,15.0,1,3010.0,premium
Lince,200.0,2,1,13.0,1,4210.0,premium
Carabayllo,109.9,2,2,34.0,1,1760.0,moderado
Surco,220.0,4,1,38.0,1,5940.0,premium
La Molina,83.9,4,1,34.0,1,4160.0,premium
Jesus Maria,162.3,5,3,6.0,1,5330.0,premium
Chorrillos,76.2,5,1,21.0,1,2900.0,moderado
La Molina,92.4,3,1,17.0,1,4390.0,premium
Ate,,5,2,1.0,1,3350.0,premium
San Miguel,199.6,2,2,16.0,0,4310.0,premium
Miraflores,146.0,4,1,11.0,0,6310.0,premium
Miraflores,157.6,2,1,12.0,1,6250.0,premium
Barranco,81.4,2,2,21.0,0,3770.0,premium
Barranco,203.2,1,1,4.0,1,5460.0,premium
Carabayllo,135.1,1,1,29.0,1,2000.0,moderado
San Juan de Lurigancho,198.3,3,3,10.0,0,3800.0,premium
magdalena,139.7,3,2,12.0,0,4200.0,premium
Surco,53.7,4,2,34.0,1,4060.0,premium
San Miguel,149.8,1,1,,1,3890.0,premium
San Miguel,204.2,5,1,33.0,0,4360.0,premium
Barranco,112.3,1,1,27.0,0,3670.0,premium
San Juan de Lurigancho,,1,1,36.0,1,940.0,economico
Chorrillos,160.7,2,2,5.0,1,4070.0,premium
San Miguel,123.2,5,2,6.0,0,4530.0,premium
CARABAYLLO,75.2,2,2,27.0,1,1880.0,moderado
San Miguel,83.6,4,2,5.0,1,3990.0,premium
Chorrillos,216.5,2,1,26.0,1,4280.0,premium
Surco,142.4,5,2,26.0,1,5420.0,premium
Pueblo Libre,186.1,3,2,28.0,1,4440.0,premium
Surco,61.8,4,2,,1,5100.0,premium
San Miguel,108.8,4,2,12.0,1,4180.0,premium
Barranco,212.6,4,2,19.0,1,6120.0,premium
Chorrillos,65.3,4,1,36.0,1,2440.0,moderado
La Molina,180.9,5,3,37.0,0,5370.0,premium
Jesus Maria,132.5,3,2,3.0,1,4660.0,premium
Jesus Maria,144.1,5,1,8.0,0,4800.0,premium
Barranco,,2,2,23.0,1,4300.0,premium
Ate,158.8,2,2,22.0,1,3430.0,premium
Jesus Maria,106.3,1,1,24.0,1,3340.0,premium
Ate,160.7,1,1,27.0,0,2700.0,moderado
Jesus Maria,115.0,2,1,10.0,0,3710.0,premium
San Miguel,,3,2,,1,4760.0,premium
San Borja,107.3,5,1,19.0,1,5080.0,premium
San Borja,,3,3,35.0,0,4330.0,premium
Barranco,53.6,2,1,31.0,1,3270.0,premium
La Molina,68.8,5,3,4.0,1,5170.0,premium
Pueblo Libre,95.9,5,2,6.0,0,3890.0,premium
San Miguel,200.9,1,1,3.0,0,4600.0,premium
San Juan de Lurigancho,66.0,1,1,21.0,0,1270.0,economico
Ate,103.6,4,3,35.0,1,2520.0,moderado
Barranco,72.7,2,1,11.0,0,3730.0,premium
San Borja,68.4,2,2,8.0,1,4520.0,premium
San Isidro,121.3,4,2,20.0,0,5930.0,premium
Barranco,215.7,2,1,,1,5140.0,premium
Lince,,4,3,36.0,0,4000.0,premium
Magdalena,50.3,4,2,7.0,1,3630.0,premium
San Isidro,108.1,2,2,6.0,1,6070.0,premium
Miraflores,173.8,5,1,7.0,0,6890.0,premium
La Molina,,5,1,30.0,1,4170.0,premium
Ate,81.6,4,2,12.0,1,3110.0,premium
Lince,63.7,5,3,29.0,1,2820.0,moderado
San Borja,195.2,1,1,35.0,0,4600.0,premium
San Borja,161.0,2,1,26.0,0,4710.0,premium
Pueblo Libre,153.0,4,1,3.0,1,4700.0,premium
San Juan de Lurigancho,124.7,4,3,3.0,0,3290.0,premium
San Juan de Lurigancho,98.0,3,2,35.0,0,45566.0,moderado
San Borja,165.2,1,1,15.0,1,5240.0,premium
Pueblo Libre,,5,3,29.0,1,5060.0,premium
Jesus Maria,99.7,4,1,38.0,1,3020.0,premium
La Molina,160.1,5,2,8.0,0,5850.0,premium
Miraflores,152.8,5,3,19.0,0,6470.0,premium
Pueblo Libre,,4,3,,1,4080.0,premium
Barranco,165.6,2,1,11.0,1,5340.0,premium
San Miguel,201.7,4,3,33.0,1,4640.0,premium
Barranco,179.2,5,3,39.0,1,5260.0,premium
Barranco,174.7,5,2,,1,5650.0,premium
Pueblo Libre,153.3,3,2,28.0,1,3700.0,premium
Ate,153.1,5,2,7.0,1,4490.0,premium
San Isidro,216.8,1,1,23.0,1,6510.0,premium
Barranco,61.2,2,2,19.0,1,3780.0,premium
Lince,203.2,1,1,14.0,0,56147.0,premium
Miraflores,158.7,5,2,6.0,1,6840.0,premium
SAN BORJA,183.5,2,2,14.0,0,5250.0,premium
Carabayllo,187.5,5,2,7.0,1,4030.0,premium
San Borja,163.6,3,1,30.0,1,5100.0,premium
La Molina,216.6,5,1,30.0,1,6040.0,premium
Pueblo Libre,80.9,2,2,21.0,0,2710.0,moderado
San Miguel,205.2,4,3,20.0,1,5380.0,premium
Ate,211.6,3,3,1.0,1,5000.0,premium
Barranco,184.5,2,2,23.0,1,5120.0,premium
Surco,91.4,5,1,31.0,0,4420.0,premium
San Juan de Lurigancho,64.9,5,3,20.0,1,2890.0,moderado
La Molina,92.4,1,1,5.0,0,4370.0,premium
Chorrillos,176.0,5,3,19.0,1,4680.0,premium
Barranco,160.2,4,1,31.0,0,4840.0,premium
Miraflores,188.3,2,1,5.0,1,6870.0,premium
Pueblo Libre,143.0,3,2,27.0,1,3620.0,premium
La Molina,,5,3,19.0,1,5700.0,premium
San Isidro,160.6,5,2,10.0,0,6940.0,premium
San Juan de Lurigancho,107.5,4,2,,1,3010.0,premium
San Miguel,123.9,3,3,25.0,1,3710.0,premium
BARRANCO,207.5,4,3,38.0,0,5600.0,premium
Jesus Maria,98.1,1,1,20.0,0,3040.0,premium
Lince,141.5,2,1,7.0,0,3710.0,premium
San Isidro,216.5,3,3,29.0,0,6980.0,premium
Jesus Maria,,1,1,35.0,1,3180.0,premium
Pueblo Libre,182.0,2,2,13.0,0,3950.0,premium
Jesus Maria,191.8,5,1,34.0,0,4280.0,premium
La Molina,100.0,5,1,21.0,1,4890.0,premium
Surco,209.5,2,2,38.0,0,5390.0,premium
San Juan de Lurigancho,219.4,2,2,36.0,1,36347.0,premium
Chorrillos,,2,2,26.0,1,2330.0,moderado
Barranco,44.5,5,1,15.0,1,4270.0,premium
La Molina,,2,1,27.0,1,4160.0,premium
San Juan de Lurigancho,218.0,4,3,25.0,0,4170.0,premium
Pueblo Libre,200.0,3,3,25.0,1,4770.0,premium
Barranco,43.4,1,1,12.0,1,3640.0,premium
San Juan de Lurigancho,215.8,2,2,7.0,0,3970.0,premium
Miraflores,201.8,2,1,,1,6290.0,premium
CHORRILLOS,202.9,2,1,39.0,1,3570.0,premium
Surco,90.7,3,1,39.0,1,3830.0,premium
Jesus Maria,218.1,2,2,36.0,1,4230.0,premium
San Isidro,185.1,1,1,29.0,1,6200.0,premium
Chorrillos,172.9,4,1,28.0,0,3380.0,premium
Jesus Maria,70.7,1,1,14.0,1,3040.0,premium
Magdalena,113.7,5,2,13.0,1,4460.0,premium
BARRANCO,100.9,2,2,20.0,0,4180.0,premium
San Miguel,,1,1,30.0,1,2810.0,moderado
Miraflores,95.9,3,2,19.0,1,5220.0,premium
Magdalena,148.9,5,3,15.0,0,4860.0,premium
Carabayllo,162.1,3,1,25.0,0,2990.0,moderado
Surco,146.6,4,1,13.0,1,5870.0,premium
Pueblo Libre,172.0,5,1,6.0,1,5120.0,premium
Ate,150.7,1,1,23.0,1,2620.0,moderado
La Molina,197.0,3,1,32.0,1,5380.0,premium
San Isidro,161.9,2,1,35.0,1,5790.0,premium
Carabayllo,100.1,4,2,16.0,0,2380.0,moderado
San Borja,146.6,2,2,0.0,1,5840.0,premium
Pueblo Libre,126.3,5,1,12.0,0,4060.0,premium
Magdalena,49.1,1,1,35.0,0,1920.0,moderado
Chorrillos,166.5,4,3,,1,4540.0,premium
San Borja,,1,1,6.0,1,5310.0,premium
San Isidro,179.8,4,3,14.0,1,7320.0,premium
Chorrillos,200.0,1,1,7.0,1,4020.0,premium
Barranco,51.5,4,2,4.0,1,4400.0,premium
La Molina,,3,3,10.0,1,4980.0,premium
San Juan de Lurigancho,148.8,5,1,29.0,0,2740.0,moderado
Carabayllo,128.7,5,3,36.0,1,3200.0,premium
Miraflores,209.3,3,3,32.0,1,6430.0,premium
Miraflores,157.0,2,2,,1,6080.0,premium
San Borja,189.2,2,1,1.0,0,5910.0,premium
Pueblo Libre,219.1,3,1,36.0,1,4370.0,premium
Barranco,210.1,4,2,11.0,0,6130.0,premium
Miraflores,164.0,2,2,3.0,1,6540.0,premium
Lince,130.7,4,1,,1,3780.0,premium
Jesus Maria,157.2,5,2,26.0,1,4690.0,premium
Carabayllo,207.9,3,1,13.0,1,3850.0,premium
Pueblo Libre,218.7,1,1,13.0,0,4460.0,premium
San Miguel,136.1,1,1,28.0,1,3290.0,premium
Jesus Maria,110.2,2,2,38.0,1,2950.0,moderado
La Molina,209.3,5,1,21.0,1,6310.0,premium
San Miguel,177.8,3,2,17.0,1,4450.0,premium
Magdalena,203.2,3,1,11.0,0,4960.0,premium
Magdalena,103.0,4,1,9.0,1,4370.0,premium
Chorrillos,51.8,3,3,17.0,1,62041.0,moderado
Jesus Maria,,5,3,11.0,1,5010.0,premium
San Juan de Lurigancho,91.7,3,2,38.0,1,2080.0,moderado
Pueblo Libre,212.7,2,2,19.0,1,4690.0,premium
Lince,80.3,3,2,23.0,0,2600.0,moderado
CARABAYLLO,103.7,1,1,,0,2820.0,moderado
Chorrillos,162.1,2,2,36.0,1,3140.0,premium
San Borja,148.8,1,1,27.0,1,4820.0,premium
Chorrillos,90.6,2,2,2.0,1,3460.0,premium
Miraflores,46.3,3,1,,1,5050.0,premium
San Isidro,47.2,4,3,31.0,1,5340.0,premium
Surco,180.9,5,3,38.0,1,5530.0,premium
San Juan de Lurigancho,196.3,4,1,33.0,1,3270.0,premium
San Juan de Lurigancho,171.8,5,2,22.0,1,3670.0,premium
San Juan de Lurigancho,202.4,5,3,19.0,1,4290.0,premium
La Molina,208.5,2,1,28.0,1,5390.0,premium
Chorrillos,142.4,4,3,18.0,1,4240.0,premium
San Borja,,5,3,36.0,0,4900.0,premium
La Molina,,1,1,0.0,1,5890.0,premium
San Borja,194.1,2,2,30.0,1,5390.0,premium
San Isidro,198.2,1,1,29.0,0,6160.0,premium
San Isidro,167.4,3,2,18.0,0,6390.0,premium
pueblo libre,166.1,1,1,25.0,1,3820.0,premium
Chorrillos,87.6,5,3,,1,3620.0,premium
Pueblo Libre,157.4,5,3,,1,4280.0,premium
Pueblo Libre,215.2,3,3,29.0,1,4750.0,premium
Chorrillos,102.1,2,1,39.0,0,1950.0,moderado
Pueblo Libre,98.5,5,3,18.0,1,3780.0,premium
La Molina,211.6,2,1,1.0,1,6030.0,premium
San Juan de Lurigancho,169.5,5,2,16.0,1,3950.0,premium
Barranco,149.1,1,1,16.0,1,4750.0,premium
Pueblo Libre,156.2,4,2,13.0,1,4580.0,premium
San Juan de Lurigancho,118.4,3,3,26.0,1,2700.0,moderado
Jesus Maria,191.6,4,3,33.0,0,4480.0,premium
San Juan de Lurigancho,186.7,1,1,6.0,0,3240.0,premium
Carabayllo,120.2,1,1,20.0,1,2470.0,moderado
Jesus Maria,212.5,1,1,27.0,1,4430.0,premium
San Borja,209.7,3,2,33.0,0,5620.0,premium
Pueblo Libre,,2,2,3.0,1,4080.0,premium
San Borja,189.9,2,2,7.0,1,5750.0,premium
San Juan de Lurigancho,,5,2,,1,4400.0,premium
Miraflores,152.3,1,1,20.0,0,5400.0,premium
Barranco,198.3,2,2,8.0,0,5600.0,premium
SAN MIGUEL,201.8,4,2,26.0,1,4920.0,premium
Lince,66.4,2,1,37.0,0,1870.0,moderado
San Juan de Lurigancho,100.5,3,2,24.0,0,2300.0,moderado
La Molina,132.6,2,2,15.0,0,4760.0,premium
San Isidro,152.7,5,2,11.0,1,7150.0,premium
Pueblo Libre,92.0,5,2,37.0,0,3180.0,premium
San Juan de Lurigancho,214.4,3,1,8.0,1,4180.0,premium
La Molina,205.7,4,2,27.0,1,5640.0,premium
Chorrillos,115.5,1,1,6.0,1,3350.0,premium
SAN JUAN DE LURIGANCHO,83.4,3,1,12.0,0,2310.0,moderado
San Borja,79.4,2,1,,1,4270.0,premium
Magdalena,208.9,2,1,23.0,0,4620.0,premium
Ate,152.9,4,2,33.0,0,3130.0,premium
Barranco,167.8,1,1,7.0,1,5270.0,premium
Pueblo Libre,149.7,4,1,27.0,0,3760.0,premium
San Miguel,147.4,1,1,17.0,0,3480.0,premium
Miraflores,159.9,3,2,27.0,0,5920.0,premium
Lince,51.4,5,2,1.0,1,3690.0,premium
Magdalena,175.4,4,3,31.0,1,4730.0,premium
Lince,191.1,1,1,20.0,1,3930.0,premium
La Molina,68.3,1,1,14.0,1,3780.0,premium
Barranco,130.5,1,1,26.0,1,4170.0,premium
Jesus Maria,83.1,1,1,24.0,0,2820.0,moderado
Surco,215.5,4,2,30.0,1,6200.0,premium
Miraflores,136.3,5,2,24.0,0,5720.0,premium
Miraflores,199.6,4,1,19.0,0,6350.0,premium
Ate,122.6,3,1,35.0,1,2420.0,moderado
carabayllo,86.0,3,2,10.0,0,2500.0,moderado
MAGDALENA,,3,3,23.0,0,4840.0,premium
Chorrillos,92.1,2,2,26.0,0,2410.0,moderado
San Isidro,169.1,3,2,30.0,1,6150.0,premium
Miraflores,217.3,1,1,22.0,0,6060.0,premium
Carabayllo,165.8,5,3,24.0,1,3710.0,premium
San Isidro,150.9,5,3,12.0,1,7080.0,premium
Magdalena,215.0,4,2,5.0,1,5920.0,premium
La Molina,122.7,4,1,7.0,1,5470.0,premium
Ate,178.6,4,3,35.0,1,3620.0,premium
Ate,188.1,1,1,,1,2950.0,moderado
Carabayllo,81.4,5,2,12.0,1,2900.0,moderado
Surco,174.1,1,1,15.0,1,5520.0,premium
San Juan de Lurigancho,211.1,4,1,2.0,0,4340.0,premium
Lince,,5,1,33.0,1,2490.0,moderado
La Molina,188.9,1,1,21.0,0,4610.0,premium
San Isidro,70.6,2,2,19.0,1,5340.0,premium
MAGDALENA,176.2,4,3,21.0,1,5120.0,premium
San Borja,190.7,1,1,3.0,0,5470.0,premium
LINCE,45.7,5,2,,0,2640.0,moderado
Chorrillos,106.0,4,3,17.0,1,3470.0,premium
Carabayllo,124.2,3,1,17.0,0,2590.0,moderado
Carabayllo,186.5,5,1,18.0,1,3830.0,premium
Magdalena,,2,1,,1,3850.0,premium
La Molina,143.0,5,2,18.0,1,5450.0,premium
Pueblo Libre,133.3,1,1,38.0,1,2740.0,moderado
Miraflores,54.5,1,1,38.0,0,3590.0,premium
Chorrillos,186.3,2,1,32.0,1,3390.0,premium
San Juan de Lurigancho,94.0,4,3,16.0,1,36329.0,premium
Carabayllo,106.8,3,1,34.0,0,1760.0,moderado
Pueblo Libre,208.7,4,3,27.0,1,5010.0,premium
Lince,202.6,1,1,8.0,1,4520.0,premium
La Molina,195.8,1,1,19.0,1,5350.0,premium
Lince,79.5,3,1,15.0,1,3030.0,premium
Miraflores,173.4,1,1,25.0,1,5670.0,premium
Miraflores,192.3,2,1,38.0,1,5340.0,premium
Surco,,3,3,2.0,1,5520.0,premium
Pueblo Libre,172.2,3,1,5.0,0,4170.0,premium
Lince,107.4,3,2,25.0,1,3210.0,premium
San Isidro,93.3,3,3,5.0,0,5930.0,premium
BARRANCO,172.4,1,1,12.0,1,4890.0,premium
San Juan de Lurigancho,51.9,1,1,9.0,1,1550.0,moderado
Lince,,1,1,17.0,1,2680.0,moderado
Pueblo Libre,103.5,1,1,38.0,1,2480.0,moderado
Miraflores,132.6,5,2,17.0,1,6430.0,premium
San Miguel,189.9,5,2,36.0,0,4390.0,premium
San Isidro,87.6,1,1,15.0,0,5390.0,premium
MIRAFLORES,163.9,4,2,10.0,1,6430.0,premium
Barranco,102.8,1,1,3.0,1,4190.0,premium
San Juan de Lurigancho,195.6,5,1,27.0,1,3660.0,premium
SAN BORJA,103.6,3,2,13.0,1,5030.0,premium
Magdalena,69.2,3,1,38.0,1,2730.0,moderado
San Isidro,,5,3,14.0,0,7080.0,premium
Jesus Maria,207.9,4,3,9.0,1,5730.0,premium
San Isidro,65.4,4,2,5.0,0,5820.0,premium
San Borja,115.5,5,2,,0,5400.0,premium
San Isidro,219.4,4,3,0.0,1,8290.0,premium
San Isidro,215.0,5,1,35.0,1,7180.0,premium
San Isidro,107.7,1,1,15.0,0,5160.0,premium
Pueblo Libre,65.4,5,3,,1,3190.0,premium
San Isidro,132.7,4,3,37.0,1,5950.0,premium
San Borja,159.7,3,2,28.0,1,5320.0,premium
Pueblo Libre,138.7,5,3,13.0,1,4810.0,premium
La Molina,73.5,3,3,1.0,0,4730.0,premium
Magdalena,60.6,1,1,20.0,1,3080.0,premium
Surco,87.3,2,2,19.0,0,4370.0,premium
Miraflores,,2,2,27.0,0,5300.0,premium
San Isidro,118.8,4,1,20.0,1,6020.0,premium
Lince,207.5,2,2,13.0,0,4300.0,premium
San Borja,118.3,5,2,6.0,1,5670.0,premium
San Isidro,207.8,1,1,19.0,1,7060.0,premium
San Borja,116.2,1,1,30.0,0,4040.0,premium
San Isidro,182.2,1,1,9.0,0,6460.0,premium
San Isidro,,3,1,39.0,0,4400.0,premium
Barranco,166.7,1,1,22.0,1,4710.0,premium
San Juan de Lurigancho,,5,1,1.0,0,4110.0,premium
carabayllo,105.8,1,1,27.0,1,2080.0,moderado
Lince,162.6,4,1,12.0,0,4130.0,premium
Lince,63.2,5,1,13.0,0,3180.0,premium
Surco,68.0,2,2,28.0,0,55421.0,premium
Chorrillos,203.5,5,2,7.0,1,5290.0,premium
Miraflores,124.8,1,1,37.0,0,4360.0,premium
Pueblo Libre,76.9,3,2,32.0,1,2850.0,moderado
San Borja,187.2,4,3,1.0,1,6400.0,premium
Magdalena,210.5,5,1,30.0,1,5270.0,premium
chorrillos,189.4,4,1,34.0,1,3610.0,premium
Pueblo Libre,172.1,3,1,39.0,1,3660.0,premium
San Miguel,206.6,2,2,4.0,0,4990.0,premium
Pueblo Libre,160.6,5,2,6.0,1,5070.0,premium
Ate,175.7,5,1,5.0,0,4040.0,premium
Barranco,44.9,2,2,,1,3660.0,premium
Lince,195.5,5,2,13.0,1,5240.0,premium
Chorrillos,211.9,2,2,3.0,0,4570.0,premium
Carabayllo,72.8,1,1,0.0,1,2070.0,moderado
Surco,156.8,5,3,25.0,0,5650.0,premium
Ate,117.5,3,2,6.0,1,3340.0,premium
Chorrillos,40.6,5,3,34.0,0,2260.0,moderado
San Isidro,40.5,3,1,2.0,1,5480.0,premium
CHORRILLOS,93.8,4,1,27.0,0,2710.0,moderado
La Molina,61.3,1,1,10.0,1,4100.0,premium
Miraflores,126.4,2,1,5.0,1,5990.0,premium
Carabayllo,159.6,2,2,1.0,1,3770.0,premium
Carabayllo,73.6,5,1,26.0,1,2270.0,moderado
San Juan de Lurigancho,209.8,5,1,11.0,1,4180.0,premium
Pueblo Libre,44.4,2,2,4.0,1,3250.0,premium
San Borja,118.8,2,1,22.0,0,4350.0,premium
San Juan de Lurigancho,185.8,5,3,,1,3720.0,premium
PUEBLO LIBRE,,5,2,6.0,1,3730.0,premium
Jesus Maria,215.0,3,3,17.0,1,5530.0,premium
Lince,219.8,1,1,28.0,1,4290.0,premium
San Borja,123.7,3,1,1.0,1,5520.0,premium
San Juan de Lurigancho,189.0,5,1,6.0,0,4540.0,premium
Carabayllo,121.7,3,2,26.0,0,2560.0,moderado
San Miguel,170.3,1,1,24.0,1,3830.0,premium
MIRAFLORES,130.4,4,2,27.0,1,5750.0,premium
Lince,59.4,1,1,14.0,1,2310.0,moderado
Surco,106.3,5,3,32.0,0,4890.0,premium
San Isidro,70.5,3,2,32.0,0,4760.0,premium
San Miguel,84.1,3,1,32.0,1,2810.0,moderado
San Juan de Lurigancho,170.5,5,3,18.0,0,47765.0,premium
Carabayllo,195.8,5,1,4.0,1,4200.0,premium
Ate,128.5,5,2,8.0,0,3580.0,premium
Miraflores,136.4,2,2,35.0,0,5100.0,premium
Miraflores,84.8,3,1,38.0,1,4590.0,premium
Miraflores,197.9,2,1,22.0,1,6130.0,premium
La Molina,84.1,5,2,38.0,1,4050.0,premium
San Isidro,57.7,1,1,23.0,0,4740.0,premium
Surco,158.2,1,1,11.0,0,4900.0,premium
Magdalena,175.6,1,1,33.0,1,3660.0,premium
San Miguel,73.7,2,2,17.0,1,3060.0,premium
Ate,66.8,3,1,32.0,1,2090.0,moderado
Surco,164.9,1,1,12.0,1,5260.0,premium
Lince,111.1,3,2,20.0,1,3180.0,premium
San Borja,155.6,4,2,38.0,1,5090.0,premium
Lince,216.7,2,2,11.0,0,4480.0,premium
Barranco,213.8,1,1,21.0,1,53457.0,premium
Magdalena,173.3,5,3,,0,4960.0,premium
Pueblo Libre,92.1,2,2,12.0,1,3500.0,premium
Ate,188.3,1,1,35.0,1,2820.0,moderado
Pueblo Libre,,4,3,16.0,0,4360.0,premium
Chorrillos,113.5,1,1,33.0,1,2430.0,moderado
San Borja,172.2,2,2,10.0,0,5540.0,premium
Ate,59.6,1,1,35.0,1,1670.0,moderado
Pueblo Libre,77.8,5,2,31.0,1,3210.0,premium
Ate,70.5,3,1,25.0,0,2060.0,moderado
Magdalena,184.3,1,1,,0,4310.0,premium
La Molina,206.2,5,2,32.0,1,6220.0,premium
Lince,201.9,5,3,8.0,0,5280.0,premium
San Miguel,112.9,2,1,20.0,0,3300.0,premium
La Molina,140.6,1,1,6.0,1,4890.0,premium
san miguel,191.5,1,1,12.0,0,4320.0,premium
San Isidro,201.9,1,1,31.0,1,6190.0,premium
San Borja,205.9,4,3,21.0,0,5990.0,premium
Jesus Maria,54.7,3,2,1.0,1,3870.0,premium
Barranco,96.7,1,1,11.0,0,3590.0,premium
La Molina,211.0,2,2,31.0,1,5750.0,premium
Barranco,139.9,4,2,5.0,1,5710.0,premium
Miraflores,131.8,2,1,39.0,0,4580.0,premium
Ate,144.9,5,1,9.0,1,3870.0,premium
Pueblo Libre,53.8,1,1,7.0,1,2770.0,moderado
Lince,42.1,1,1,31.0,1,1820.0,moderado
San Miguel,,1,1,7.0,1,4160.0,premium
Jesus Maria,138.8,2,2,25.0,0,3650.0,premium
pueblo libre,94.6,5,2,10.0,1,4060.0,premium
Carabayllo,52.5,2,2,18.0,0,1480.0,economico
Barranco,92.1,1,1,28.0,0,3140.0,premium
san juan de lurigancho,,2,2,34.0,1,1840.0,moderado
Barranco,177.0,3,1,1.0,1,5870.0,premium
San Miguel,43.3,1,1,25.0,1,2190.0,moderado
Carabayllo,197.8,5,1,,0,3710.0,premium
Ate,76.3,2,2,2.0,1,2950.0,moderado
San Miguel,43.6,1,1,6.0,1,2820.0,moderado
Chorrillos,214.0,2,1,34.0,0,3690.0,premium
Pueblo Libre,117.8,2,2,15.0,1,3780.0,premium
Lince,,2,2,15.0,1,4170.0,premium
Surco,41.7,4,3,22.0,0,3970.0,premium
San Juan de Lurigancho,148.5,3,1,30.0,1,2900.0,moderado
Carabayllo,219.5,3,1,20.0,1,4010.0,premium
San Juan de Lurigancho,74.5,3,1,32.0,1,1790.0,moderado
San Miguel,164.8,3,3,18.0,0,4030.0,premium
La Molina,160.1,5,1,22.0,1,5430.0,premium
Miraflores,87.8,2,1,,1,5200.0,premium
Magdalena,165.0,1,1,31.0,1,3620.0,premium
San Miguel,58.0,2,1,,0,2200.0,moderado
Pueblo Libre,110.8,1,1,4.0,1,3500.0,premium
San Miguel,118.8,5,3,21.0,0,4170.0,premium
Pueblo Libre,137.6,5,1,35.0,0,3610.0,premium
Jesus Maria,177.8,4,2,35.0,1,4290.0,premium
San Borja,43.5,3,3,16.0,0,3820.0,premium
surco,116.0,4,1,22.0,1,5120.0,premium
San Miguel,43.4,2,1,36.0,1,2410.0,moderado
San Borja,101.6,5,3,26.0,1,5310.0,premium
Chorrillos,57.9,4,3,14.0,1,2950.0,moderado
San Isidro,92.6,1,1,2.0,1,5830.0,premium
ate,55.2,2,2,36.0,1,1570.0,moderado
Pueblo Libre,197.9,4,1,,1,4170.0,premium
La Molina,167.0,2,2,5.0,1,5570.0,premium
San Juan de Lurigancho,187.0,2,2,37.0,1,2780.0,moderado
San Isidro,,1,1,9.0,1,5250.0,premium
Jesus Maria,,5,3,2.0,1,4290.0,premium
Chorrillos,113.5,3,2,37.0,1,2800.0,moderado
Magdalena,54.6,2,2,,1,3400.0,premium
Surco,,3,2,6.0,1,6240.0,premium
Magdalena,84.6,1,1,25.0,1,2810.0,moderado
San Miguel,160.7,4,1,14.0,1,4830.0,premium
Jesus Maria,80.3,1,1,15.0,1,56345.0,premium
Chorrillos,79.7,2,2,17.0,1,2770.0,moderado
Surco,204.6,4,1,14.0,1,6510.0,premium
Miraflores,190.2,5,2,8.0,1,7100.0,premium
Jesus Maria,97.4,5,1,6.0,1,4510.0,premium
Magdalena,193.9,5,1,,1,5810.0,premium
San Miguel,118.5,2,2,26.0,1,3150.0,premium
Chorrillos,97.5,1,1,24.0,1,2300.0,moderado
Barranco,98.7,4,3,,0,4270.0,premium
Ate,179.3,1,1,16.0,0,56550.0,premium
Magdalena,145.8,4,1,37.0,0,3500.0,premium
Jesus Maria,175.0,3,2,16.0,1,4730.0,premium
Miraflores,167.9,1,1,37.0,1,5110.0,premium
Chorrillos,59.0,1,1,35.0,1,1670.0,moderado
Carabayllo,117.3,5,2,2.0,1,3570.0,premium
Miraflores,150.1,4,3,36.0,0,5540.0,premium
Miraflores,56.0,2,2,2.0,1,5450.0,premium
Ate,53.6,4,1,15.0,1,2380.0,moderado
Lince,164.8,4,3,16.0,0,4090.0,premium
Jesus Maria,79.6,5,2,35.0,1,3250.0,premium
Magdalena,95.8,3,2,1.0,1,4190.0,premium
San Juan de Lurigancho,98.0,1,1,23.0,0,1630.0,moderado
La Molina,198.4,3,3,1.0,0,6210.0,premium
Jesus Maria,218.5,5,3,35.0,1,5130.0,premium
lince,207.2,4,2,11.0,1,5460.0,premium
Magdalena,155.6,5,1,7.0,1,4990.0,premium
San Borja,74.4,5,3,36.0,1,4500.0,premium
La Molina,60.4,2,2,22.0,0,3810.0,premium
Barranco,100.6,1,1,9.0,1,4420.0,premium
Chorrillos,,1,1,31.0,1,1640.0,moderado
Surco,121.4,4,1,15.0,1,5200.0,premium
Lince,66.5,2,2,1.0,1,3630.0,premium
Chorrillos,,2,2,26.0,1,2290.0,moderado
San Isidro,107.9,4,1,6.0,0,6230.0,premium
San Miguel,163.2,4,1,24.0,1,4220.0,premium
Surco,109.9,2,1,38.0,0,3970.0,premium
San Borja,114.6,5,3,5.0,1,6170.0,premium
Miraflores,69.0,4,2,22.0,1,5460.0,premium
La Molina,52.9,5,2,23.0,1,4430.0,premium
San Miguel,54.6,5,3,10.0,1,40156.0,premium
Surco,75.3,3,1,24.0,1,4290.0,premium
San Juan de Lurigancho,136.7,1,1,33.0,1,2630.0,moderado
San Juan de Lurigancho,147.8,5,1,25.0,1,3310.0,premium
Ate,189.1,5,1,39.0,1,3620.0,premium
Miraflores,210.4,1,1,25.0,0,5470.0,premium
Carabayllo,126.9,3,2,6.0,1,3220.0,premium
San Isidro,138.8,4,3,29.0,1,6360.0,premium
Ate,136.1,5,1,34.0,1,3060.0,premium
Ate,161.1,1,1,33.0,1,2580.0,moderado
San Borja,172.9,1,1,16.0,0,5190.0,premium
Carabayllo,43.9,2,1,4.0,1,1920.0,moderado
PUEBLO LIBRE,154.1,1,1,7.0,0,3630.0,premium
Ate,131.3,1,1,25.0,0,2110.0,moderado
Pueblo Libre,87.5,3,1,38.0,1,3020.0,premium
Jesus Maria,,1,1,5.0,1,3780.0,premium
Barranco,129.5,3,1,38.0,0,3750.0,premium
Miraflores,66.2,1,1,20.0,1,4620.0,premium
Jesus Maria,158.7,3,1,3.0,1,35232.0,premium
San Isidro,208.5,2,2,15.0,0,6470.0,premium
Magdalena,121.2,2,2,35.0,0,3100.0,premium
La Molina,168.5,4,3,28.0,1,5540.0,premium
San Isidro,89.4,5,2,19.0,1,6390.0,premium
Magdalena,129.7,3,3,4.0,1,4940.0,premium
Miraflores,43.2,2,1,4.0,0,4750.0,premium
Miraflores,122.6,2,1,15.0,1,5370.0,premium
San Isidro,168.0,1,1,2.0,1,6560.0,premium
La Molina,163.5,4,2,12.0,1,5800.0,premium
La Molina,108.4,2,2,4.0,0,4680.0,premium
Pueblo Libre,162.6,3,3,0.0,1,5120.0,premium
Chorrillos,174.7,1,1,29.0,1,3440.0,premium
Ate,162.8,1,1,1.0,1,3680.0,premium
Miraflores,209.7,2,1,21.0,0,6240.0,premium
Jesus Maria,,1,1,27.0,1,3460.0,premium
Chorrillos,128.8,2,2,29.0,1,3000.0,moderado
Chorrillos,212.9,1,1,29.0,0,3350.0,premium
La Molina,45.9,5,1,8.0,1,4500.0,premium
Barranco,207.6,2,1,13.0,1,5510.0,premium
Lince,166.9,1,1,,1,3460.0,premium
Carabayllo,81.8,4,3,35.0,1,2370.0,moderado
Ate,165.9,5,1,,0,3660.0,premium
Barranco,46.4,5,2,19.0,1,4210.0,premium
Pueblo Libre,63.2,3,3,27.0,1,3200.0,premium
Surco,105.2,1,1,34.0,1,3850.0,premium
San Isidro,53.8,5,3,4.0,1,6090.0,premium
Magdalena,93.3,1,1,14.0,0,3200.0,premium
San Isidro,174.4,1,1,13.0,0,6180.0,premium
Surco,136.7,5,3,31.0,1,5450.0,premium
La Molina,55.1,5,1,34.0,0,3600.0,premium
Pueblo Libre,89.7,4,3,26.0,1,3220.0,premium
La Molina,194.5,5,3,23.0,0,6180.0,premium
Miraflores,166.1,1,1,18.0,0,5460.0,premium
La Molina,86.6,2,2,15.0,0,4280.0,premium
San Borja,,2,2,14.0,1,5080.0,premium
Jesus Maria,183.8,2,2,4.0,1,5090.0,premium
San Juan de Lurigancho,164.1,5,1,35.0,1,3480.0,premium
Barranco,193.1,5,1,35.0,0,5220.0,premium
Ate,176.7,4,1,,0,3370.0,premium
Miraflores,148.9,2,2,29.0,1,5530.0,premium
Surco,85.5,4,2,30.0,1,4570.0,premium
jesus maria,209.5,5,1,16.0,1,5420.0,premium
Jesus Maria,,3,1,4.0,0,53794.0,premium
Magdalena,199.2,4,3,38.0,1,5150.0,premium
San Juan de Lurigancho,183.1,1,1,33.0,0,2510.0,moderado
Lince,,3,1,13.0,0,3600.0,premium
Lince,188.8,5,1,35.0,0,4090.0,premium
La Molina,199.9,4,2,26.0,0,5430.0,premium
San Borja,89.6,1,1,37.0,0,3490.0,premium
Surco,164.6,4,3,39.0,1,5310.0,premium
Barranco,211.3,3,3,8.0,1,6180.0,premium
surco,94.3,3,3,28.0,1,4500.0,premium
Ate,145.9,3,1,,1,3760.0,premium
Miraflores,42.0,3,1,35.0,1,4310.0,premium
Jesus Maria,219.6,3,1,17.0,1,35288.0,premium
San Juan de Lurigancho,91.8,5,2,2.0,0,3200.0,premium
SAN ISIDRO,57.9,4,3,10.0,1,5860.0,premium
magdalena,72.4,5,2,8.0,0,4070.0,premium
San Borja,125.2,2,2,19.0,1,4910.0,premium
San Miguel,192.3,2,2,9.0,0,4610.0,premium
Carabayllo,187.5,2,1,3.0,1,3760.0,premium
Magdalena,41.7,4,2,39.0,1,2640.0,moderado
La Molina,208.7,5,2,,1,6270.0,premium
Surco,119.5,3,2,20.0,1,5090.0,premium
Barranco,,4,2,1.0,1,5160.0,premium
Magdalena,191.3,2,1,9.0,0,4690.0,premium
San Miguel,166.7,2,1,11.0,1,4240.0,premium
Magdalena,195.2,5,1,28.0,1,4750.0,premium
San Miguel,141.0,2,2,14.0,1,4100.0,premium
Lince,90.8,3,1,14.0,0,3030.0,premium
Magdalena,50.3,3,1,24.0,1,3180.0,premium
Ate,180.4,3,1,8.0,1,4100.0,premium
Miraflores,154.2,3,2,23.0,1,6190.0,premium
Chorrillos,120.8,3,1,1.0,1,3780.0,premium
La Molina,107.3,1,1,30.0,1,3910.0,premium
Ate,156.1,3,3,3.0,0,3860.0,premium
San Borja,159.0,3,1,36.0,1,4700.0,premium
San Borja,217.5,1,1,2.0,1,6140.0,premium
Lince,173.1,4,1,8.0,1,4320.0,premium
La Molina,122.8,3,2,12.0,0,4870.0,premium
Surco,90.0,3,1,15.0,1,4960.0,premium
Pueblo Libre,163.6,4,2,3.0,0,4720.0,premium
San Juan de Lurigancho,61.7,5,2,37.0,0,1730.0,moderado
San Miguel,116.9,5,3,7.0,1,4820.0,premium
Miraflores,,3,1,7.0,0,4770.0,premium
Jesus Maria,70.5,1,1,,0,2730.0,moderado
Magdalena,143.1,5,3,15.0,0,4690.0,premium
Miraflores,59.8,3,3,3.0,1,5450.0,premium
Carabayllo,186.9,4,1,22.0,1,3650.0,premium
Jesus Maria,149.5,3,3,13.0,1,4620.0,premium
Pueblo Libre,136.5,1,1,27.0,1,3320.0,premium
Barranco,66.0,2,2,39.0,1,3240.0,premium
Carabayllo,102.3,2,2,28.0,0,1740.0,moderado
San Juan de Lurigancho,163.0,5,1,23.0,0,3290.0,premium
Chorrillos,76.6,2,1,3.0,0,2860.0,moderado
San Borja,107.5,2,2,21.0,1,4520.0,premium
San Juan de Lurigancho,55.5,1,1,2.0,0,1820.0,moderado
Chorrillos,197.0,1,1,26.0,1,37129.0,premium
Carabayllo,86.4,3,3,9.0,1,2720.0,moderado
Ate,133.7,4,1,38.0,0,2560.0,moderado
Miraflores,,5,3,22.0,1,5970.0,premium
Carabayllo,,5,3,8.0,0,3080.0,premium
San Isidro,112.1,1,1,1.0,0,5670.0,premium
Chorrillos,194.2,2,2,11.0,0,4020.0,premium
La Molina,,5,2,2.0,0,4810.0,premium
Barranco,174.2,3,2,14.0,1,5540.0,premium
San Isidro,187.4,3,3,,1,6980.0,premium
Magdalena,152.8,2,2,38.0,0,3700.0,premium
Surco,70.6,2,1,32.0,1,3730.0,premium
Lince,109.2,3,3,17.0,0,3150.0,premium
San Isidro,46.8,1,1,20.0,1,4800.0,premium
San Juan de Lurigancho,115.0,1,1,15.0,0,2140.0,moderado
Magdalena,209.0,3,3,36.0,1,4750.0,premium
Magdalena,45.5,4,3,3.0,1,4130.0,premium
Surco,216.3,5,2,28.0,1,6370.0,premium
San Miguel,49.1,5,3,,0,3550.0,premium
Barranco,139.1,3,1,26.0,1,4740.0,premium
Miraflores,,3,2,10.0,1,6570.0,premium
La Molina,191.0,1,1,18.0,0,5340.0,premium
Chorrillos,95.0,4,3,33.0,1,3160.0,premium
Pueblo Libre,114.1,5,2,35.0,1,3370.0,premium
Miraflores,92.9,2,2,14.0,1,5300.0,premium
Jesus Maria,69.8,4,3,28.0,1,3630.0,premium
Carabayllo,141.3,5,2,19.0,0,3430.0,premium
Barranco,127.9,4,1,8.0,1,5150.0,premium
Carabayllo,122.7,4,2,5.0,1,3440.0,premium
San Borja,68.2,2,1,28.0,1,3960.0,premium
Ate,61.2,3,1,39.0,1,1500.0,economico
Barranco,41.7,1,1,0.0,0,3410.0,premium
La Molina,112.2,3,1,39.0,0,3470.0,premium
San Juan de Lurigancho,144.2,4,1,20.0,1,3210.0,premium
Magdalena,136.7,5,2,,0,4730.0,premium
San Borja,129.7,2,2,29.0,0,4450.0,premium
Lince,200.3,4,2,38.0,1,4230.0,premium
Lince,47.8,4,1,30.0,1,2350.0,moderado
Carabayllo,75.2,2,2,10.0,1,2390.0,moderado
Chorrillos,138.5,5,2,22.0,1,3850.0,premium
Chorrillos,202.3,5,3,38.0,0,4340.0,premium
Jesus Maria,171.1,2,2,,1,4590.0,premium
La Molina,137.7,1,1,,0,3940.0,premium
Chorrillos,102.0,3,2,26.0,1,3150.0,premium
Miraflores,127.9,4,3,21.0,0,5790.0,premium
Ate,138.4,3,1,10.0,0,2970.0,moderado
Miraflores,94.9,2,2,4.0,1,5940.0,premium
Jesus Maria,155.0,4,2,34.0,1,4190.0,premium
Chorrillos,180.4,1,1,28.0,1,3540.0,premium
San Miguel,83.2,4,1,14.0,0,3320.0,premium
San Isidro,63.0,5,3,3.0,1,6540.0,premium
La Molina,217.1,3,3,16.0,1,50041.0,premium
San Borja,215.2,3,1,32.0,0,5150.0,premium
Miraflores,75.5,3,3,,0,5190.0,premium
San Borja,91.5,2,2,6.0,1,4700.0,premium
Miraflores,82.0,4,1,20.0,1,5140.0,premium
Miraflores,78.6,1,1,35.0,0,3920.0,premium
Ate,116.6,4,1,12.0,1,3480.0,premium
Miraflores,119.4,5,2,38.0,1,5470.0,premium
san miguel,116.4,3,3,0.0,1,4500.0,premium
Pueblo Libre,112.3,5,1,29.0,1,3470.0,premium
San Isidro,159.1,3,1,0.0,0,6870.0,premium
San Miguel,139.2,1,1,18.0,1,3920.0,premium
San Juan de Lurigancho,77.6,2,2,31.0,1,1730.0,moderado
Chorrillos,120.9,1,1,10.0,1,3110.0,premium
Lince,85.8,1,1,24.0,0,34547.0,moderado
San Borja,80.2,1,1,0.0,1,4560.0,premium
Carabayllo,101.1,4,2,2.0,1,3230.0,premium
Ate,163.2,3,1,5.0,0,3690.0,premium
San Isidro,217.8,2,1,29.0,1,6760.0,premium
San Juan de Lurigancho,101.7,5,3,38.0,0,2180.0,moderado
San Juan de Lurigancho,,2,1,4.0,0,1970.0,moderado
Barranco,203.5,3,3,20.0,1,5670.0,premium
Pueblo Libre,205.7,1,1,15.0,0,4390.0,premium
Chorrillos,,2,2,29.0,0,2300.0,moderado
La Molina,66.0,3,1,11.0,0,4050.0,premium
San Miguel,,4,2,,1,5660.0,premium
Carabayllo,133.7,5,1,2.0,1,3780.0,premium
San Juan de Lurigancho,178.8,4,1,17.0,1,3660.0,premium
Pueblo Libre,79.5,5,1,16.0,0,3420.0,premium
Surco,70.8,3,2,8.0,0,4740.0,premium
Barranco,182.0,2,1,9.0,0,52601.0,premium
Magdalena,149.5,5,2,5.0,1,5460.0,premium
Carabayllo,198.3,4,1,34.0,1,2980.0,moderado
Miraflores,61.4,3,3,16.0,1,5210.0,premium
San Borja,176.9,5,3,26.0,0,5870.0,premium
Carabayllo,129.2,2,2,,1,2810.0,moderado
San Miguel,158.1,2,2,26.0,0,3840.0,premium
San Isidro,64.0,1,1,33.0,0,4330.0,premium
San Juan de Lurigancho,120.8,3,2,37.0,0,2300.0,moderado
Magdalena,73.5,2,2,39.0,1,2780.0,moderado
La Molina,206.4,5,3,5.0,1,6660.0,premium
Barranco,93.0,1,1,33.0,1,3350.0,premium
Chorrillos,62.2,1,1,14.0,1,2340.0,moderado
San Juan de Lurigancho,54.0,1,1,,1,2310.0,moderado
Jesus Maria,196.6,5,2,2.0,1,5830.0,premium
Lince,104.0,2,2,16.0,0,3060.0,premium
La Molina,93.7,3,3,27.0,1,4620.0,premium
San Borja,52.4,1,1,12.0,1,4070.0,premium
Surco,159.6,5,1,24.0,1,5600.0,premium
Magdalena,102.2,3,3,17.0,1,3840.0,premium
Magdalena,116.4,1,1,34.0,1,3020.0,premium
La Molina,170.1,3,1,20.0,1,5520.0,premium
Magdalena,139.6,2,1,8.0,0,4170.0,premium
Chorrillos,85.9,5,1,11.0,1,3600.0,premium
San Borja,84.0,2,1,19.0,1,4110.0,premium
San Miguel,56.5,4,1,6.0,1,3470.0,premium
Barranco,79.8,3,2,37.0,1,4120.0,premium
Jesus Maria,140.8,5,1,35.0,1,3960.0,premium
San Juan de Lurigancho,188.4,4,3,27.0,1,3790.0,premium
La Molina,121.1,2,1,24.0,1,4380.0,premium
San Juan de Lurigancho,44.0,4,3,30.0,1,1880.0,moderado
La Molina,114.8,4,3,18.0,1,4910.0,premium
Barranco,105.6,2,1,20.0,1,4270.0,premium
San Miguel,96.1,1,1,18.0,1,3270.0,premium
La Molina,166.4,3,3,5.0,1,6180.0,premium
Pueblo Libre,212.2,5,2,25.0,1,5280.0,premium
Chorrillos,125.5,4,2,7.0,1,4060.0,premium
Barranco,,2,2,27.0,1,4150.0,premium
Pueblo Libre,72.1,5,1,11.0,1,3900.0,premium
Lince,,2,2,20.0,1,2490.0,moderado
Carabayllo,,5,3,39.0,1,2070.0,moderado
San Isidro,,4,2,18.0,1,7090.0,premium
Barranco,66.8,4,1,19.0,1,4160.0,premium
San Isidro,40.8,5,1,28.0,1,5370.0,premium
Ate,101.4,4,2,15.0,0,2920.0,moderado
Ate,90.2,5,3,28.0,1,2890.0,moderado
carabayllo,114.4,5,1,13.0,0,2840.0,moderado
La Molina,174.8,2,2,8.0,1,5880.0,premium
San Juan de Lurigancho,47.4,4,3,35.0,1,1840.0,moderado
Carabayllo,132.8,3,3,35.0,0,2280.0,moderado
San Miguel,,4,1,21.0,1,3390.0,premium
San Borja,74.9,1,1,7.0,0,4130.0,premium
ATE,199.5,3,3,,1,4800.0,premium
Magdalena,130.6,5,2,4.0,1,5240.0,premium
CARABAYLLO,94.1,2,1,24.0,0,1730.0,moderado
Ate,,5,2,3.0,1,4380.0,premium
Jesus Maria,116.9,1,1,20.0,0,3410.0,premium
Pueblo Libre,123.6,3,2,29.0,0,3300.0,premium
Pueblo Libre,98.9,4,2,35.0,1,3420.0,premium
Jesus Maria,154.2,5,1,12.0,1,4940.0,premium
Pueblo Libre,48.0,5,2,37.0,1,2630.0,moderado
Miraflores,102.8,1,1,39.0,1,4410.0,premium
San Miguel,183.5,3,3,21.0,0,4580.0,premium
Lince,82.7,3,1,5.0,1,3550.0,premium
Magdalena,,4,3,5.0,0,4840.0,premium
Surco,185.5,2,1,25.0,1,5350.0,premium
Miraflores,114.5,4,1,11.0,1,6010.0,premium
Pueblo Libre,147.2,1,1,19.0,1,3600.0,premium
Pueblo Libre,133.8,2,2,13.0,1,4010.0,premium
Barranco,73.5,4,3,0.0,1,5300.0,premium
Carabayllo,128.1,1,1,0.0,0,2940.0,moderado
Miraflores,109.4,4,1,11.0,1,5870.0,premium
Ate,164.1,1,1,37.0,1,2420.0,moderado
San Isidro,196.2,4,3,34.0,1,7010.0,premium
San Isidro,150.8,4,2,21.0,0,6470.0,premium
Lince,56.7,5,2,6.0,1,3410.0,premium
San Isidro,53.8,1,1,23.0,1,4660.0,premium
Lince,169.5,3,3,27.0,1,4190.0,premium
Barranco,70.8,2,1,20.0,1,3810.0,premium
Pueblo Libre,193.6,5,2,6.0,1,5150.0,premium
Chorrillos,121.7,2,1,7.0,1,3480.0,premium
San Isidro,207.6,1,1,6.0,0,6880.0,premium
Miraflores,,5,3,27.0,0,4660.0,premium
Magdalena,124.9,4,3,23.0,1,4160.0,premium
San Isidro,52.5,3,3,24.0,1,5280.0,premium
Ate,210.0,1,1,23.0,1,3570.0,premium
San Juan de Lurigancho,114.6,2,1,14.0,0,2430.0,moderado
San Miguel,148.0,4,2,1.0,0,4890.0,premium
Jesus Maria,132.4,4,2,12.0,1,4710.0,premium
Surco,205.4,4,1,26.0,1,6080.0,premium
Miraflores,188.1,1,1,33.0,1,5510.0,premium
Lince,,2,2,3.0,1,3950.0,premium
Pueblo Libre,54.7,1,1,17.0,1,2830.0,moderado
Lince,75.6,3,1,21.0,1,2920.0,moderado
Ate,196.9,3,3,21.0,1,3970.0,premium
Magdalena,40.6,1,1,11.0,0,2570.0,moderado
Pueblo Libre,192.5,2,1,2.0,1,4900.0,premium
Lince,108.1,3,1,18.0,0,38208.0,premium
San Isidro,170.5,1,1,5.0,1,6610.0,premium
Jesus Maria,210.1,2,2,18.0,1,4690.0,premium
Jesus Maria,85.9,2,2,20.0,1,3460.0,premium
San Juan de Lurigancho,65.4,4,3,27.0,0,2120.0,moderado
San Miguel,98.6,5,1,,1,3560.0,premium
San Isidro,81.9,2,1,2.0,1,5950.0,premium
Pueblo Libre,97.0,3,3,20.0,0,3290.0,premium
Carabayllo,174.3,4,2,7.0,1,3920.0,premium
Carabayllo,87.2,1,1,17.0,1,2250.0,moderado
Magdalena,96.4,2,2,10.0,1,4090.0,premium
Chorrillos,,1,1,23.0,1,2480.0,moderado
Magdalena,72.2,4,3,7.0,1,4330.0,premium
Barranco,131.9,5,3,13.0,1,5300.0,premium
San Juan de Lurigancho,158.5,4,3,5.0,1,4010.0,premium
Chorrillos,120.8,3,3,19.0,1,3420.0,premium
Miraflores,,3,2,22.0,1,5200.0,premium
Miraflores,192.1,3,2,24.0,0,6240.0,premium
San Miguel,130.5,1,1,30.0,1,3160.0,premium
San Miguel,50.0,5,2,34.0,0,2620.0,moderado
Ate,46.8,3,1,4.0,1,2440.0,moderado
San Isidro,134.1,1,1,28.0,1,5540.0,premium
San Juan de Lurigancho,152.2,2,2,,1,3180.0,premium
San Miguel,76.7,3,3,3.0,0,3600.0,premium
Jesus Maria,204.9,2,2,31.0,0,4060.0,premium
San Borja,215.1,1,1,29.0,1,5430.0,premium
Carabayllo,93.3,5,1,37.0,0,2090.0,moderado
La Molina,135.6,5,1,9.0,0,5340.0,premium
Miraflores,170.8,2,2,7.0,0,6060.0,premium
Surco,209.6,2,2,24.0,1,5730.0,premium
Magdalena,149.7,3,1,18.0,1,4370.0,premium
San Juan de Lurigancho,56.4,3,3,,1,1650.0,moderado
Magdalena,,3,1,29.0,1,4470.0,premium
Carabayllo,92.7,1,1,19.0,1,1970.0,moderado
Lince,69.1,1,1,26.0,0,2270.0,moderado
Barranco,125.5,4,3,16.0,0,5080.0,premium
Miraflores,218.2,1,1,36.0,0,5720.0,premium
Chorrillos,196.2,2,1,32.0,1,3790.0,premium
San Borja,43.8,1,1,39.0,0,2770.0,moderado
Lince,125.3,1,1,35.0,1,2860.0,moderado
Magdalena,135.6,3,3,19.0,1,4550.0,premium
Lince,132.3,4,1,24.0,1,3720.0,premium
Carabayllo,185.6,4,2,9.0,1,40019.0,premium
San Borja,47.1,2,2,14.0,1,4280.0,premium
Ate,73.6,2,2,30.0,1,1850.0,moderado
San Borja,186.5,3,3,25.0,0,5410.0,premium
Pueblo Libre,52.2,5,2,30.0,1,3200.0,premium
San Miguel,130.9,5,3,13.0,1,4780.0,premium
Jesus Maria,125.5,4,1,23.0,0,3690.0,premium
Miraflores,171.7,4,3,33.0,0,6180.0,premium
Carabayllo,180.3,2,2,30.0,1,2880.0,moderado
Barranco,,5,3,15.0,0,5940.0,premium
Surco,53.9,5,2,6.0,1,4860.0,premium
Surco,196.9,2,1,9.0,0,5740.0,premium
la molina,72.5,4,2,34.0,1,3980.0,premium
Miraflores,90.6,5,2,24.0,0,5170.0,premium
Barranco,81.7,2,1,15.0,0,3870.0,premium
Barranco,137.5,1,1,35.0,0,3810.0,premium
Ate,45.3,4,1,18.0,1,2080.0,moderado
Pueblo Libre,112.1,2,2,21.0,0,3150.0,premium
Miraflores,99.3,1,1,3.0,1,5340.0,premium
San Juan de Lurigancho,59.7,2,2,7.0,1,2330.0,moderado
Pueblo Libre,71.5,4,2,38.0,1,2670.0,moderado
Miraflores,215.3,2,1,,0,6780.0,premium
Chorrillos,101.0,2,2,6.0,1,3520.0,premium
Surco,211.7,1,1,39.0,1,5140.0,premium
La Molina,206.3,2,2,21.0,0,5720.0,premium
Ate,133.0,3,3,38.0,1,3120.0,premium
Surco,179.5,1,1,7.0,1,5620.0,premium
La Molina,133.1,2,2,25.0,0,4500.0,premium
San Isidro,121.5,5,2,31.0,1,6180.0,premium
Ate,189.7,2,1,34.0,1,3050.0,premium
Miraflores,,2,1,7.0,1,5830.0,premium
Miraflores,58.0,4,2,38.0,1,4550.0,premium
Pueblo Libre,151.8,1,1,,0,3540.0,premium
Lince,,4,3,1.0,1,4820.0,premium
Surco,52.0,5,2,21.0,1,4820.0,premium
Carabayllo,165.3,4,1,3.0,0,3620.0,premium
Carabayllo,116.9,1,1,24.0,1,2170.0,moderado
Jesus Maria,143.9,3,2,15.0,1,4260.0,premium
San Juan de Lurigancho,110.5,4,1,23.0,0,2530.0,moderado
Pueblo Libre,87.5,3,1,38.0,1,3020.0,premium
San Borja,108.8,3,3,24.0,0,4900.0,premium
San Isidro,161.5,2,2,15.0,1,6530.0,premium
San Isidro,157.1,3,3,,1,6320.0,premium
Lince,141.2,3,1,,1,4020.0,premium
San Isidro,207.5,2,2,37.0,1,6630.0,premium
San Miguel,154.7,3,3,1.0,1,5020.0,premium
San Miguel,183.4,1,1,,0,3550.0,premium
BARRANCO,40.7,2,1,31.0,1,3100.0,premium
Ate,118.7,3,1,13.0,1,33969.0,premium
San Borja,186.7,2,2,38.0,1,5170.0,premium
Pueblo Libre,75.8,5,2,17.0,1,3610.0,premium
La Molina,171.8,2,2,38.0,1,4880.0,premium
ATE,157.7,2,2,38.0,0,2440.0,moderado
Jesus Maria,84.4,4,1,36.0,1,2700.0,moderado
San Juan de Lurigancho,190.3,4,2,20.0,1,3730.0,premium
San Borja,52.9,5,2,29.0,1,4470.0,premium
Ate,157.3,4,2,39.0,1,3370.0,premium
San Juan de Lurigancho,145.0,4,3,36.0,1,2920.0,moderado
Miraflores,49.4,1,1,12.0,1,4800.0,premium
Carabayllo,165.7,4,1,13.0,0,3400.0,premium
Pueblo Libre,205.7,3,1,33.0,0,4000.0,premium
Pueblo Libre,198.8,4,2,38.0,1,4330.0,premium
San Juan de Lurigancho,52.7,5,2,5.0,1,2970.0,moderado
Surco,81.9,4,1,18.0,1,4790.0,premium
Lince,90.8,4,2,17.0,1,3470.0,premium
San Borja,156.2,2,2,15.0,1,5270.0,premium
Jesus Maria,60.6,4,2,32.0,0,2780.0,moderado
Surco,50.7,5,3,32.0,0,4210.0,premium
Jesus Maria,58.9,3,1,17.0,1,3400.0,premium
Miraflores,85.1,2,1,34.0,0,4220.0,premium
Lince,134.5,4,3,5.0,0,4420.0,premium
Chorrillos,179.4,1,1,35.0,1,3200.0,premium
La Molina,144.4,3,2,18.0,1,5220.0,premium
Miraflores,43.2,4,3,8.0,0,5360.0,premium
San Isidro,70.3,2,2,31.0,1,4760.0,premium
San Isidro,201.4,2,1,16.0,1,6630.0,premium
San Juan de Lurigancho,193.4,5,2,24.0,1,3940.0,premium
Magdalena,175.7,3,1,18.0,1,4700.0,premium
Carabayllo,55.9,3,2,19.0,1,1980.0,moderado
MAGDALENA,130.2,1,1,30.0,1,3480.0,premium
Pueblo Libre,133.1,2,2,30.0,0,3280.0,premium
Barranco,42.2,5,1,22.0,1,3780.0,premium
Lince,45.7,2,2,23.0,1,2310.0,moderado
Magdalena,130.6,2,1,39.0,0,2980.0,moderado
Carabayllo,65.2,5,2,19.0,0,2430.0,moderado
San Juan de Lurigancho,80.9,1,1,28.0,1,1620.0,moderado
Ate,162.7,3,1,8.0,1,3700.0,premium
Ate,101.6,1,1,,1,2460.0,moderado
Jesus Maria,77.1,5,2,2.0,1,4200.0,premium
Pueblo Libre,54.4,5,2,11.0,0,3430.0,premium
Barranco,143.0,2,2,2.0,1,5290.0,premium
Magdalena,136.3,3,1,39.0,0,3230.0,premium
Pueblo Libre,192.7,3,2,26.0,1,4530.0,premium
La Molina,139.8,5,3,,0,5420.0,premium
Magdalena,196.6,5,3,3.0,1,5910.0,premium
San Isidro,182.7,1,1,9.0,1,6650.0,premium
San Miguel,72.3,5,1,29.0,1,53816.0,premium
San Juan de Lurigancho,143.6,2,2,34.0,1,2500.0,moderado
Lince,,4,2,3.0,1,4710.0,premium
Chorrillos,185.1,5,1,0.0,1,5030.0,premium
Magdalena,50.1,1,1,,1,2220.0,moderado
Magdalena,138.3,4,3,,1,5230.0,premium
Jesus Maria,78.1,1,1,5.0,1,3510.0,premium
Jesus Maria,94.4,5,3,0.0,1,4710.0,premium
Miraflores,86.5,1,1,,1,5210.0,premium
San Juan de Lurigancho,140.6,1,1,25.0,0,2210.0,moderado
Jesus Maria,196.6,5,3,20.0,1,5270.0,premium
San Miguel,150.8,3,3,24.0,1,4410.0,premium
Magdalena,158.7,5,2,13.0,0,4780.0,premium
Surco,174.4,3,1,21.0,0,5370.0,premium
Carabayllo,185.7,1,1,8.0,1,3570.0,premium
pueblo libre,,1,1,25.0,1,2280.0,moderado
Pueblo Libre,131.0,2,1,8.0,1,4120.0,premium
Carabayllo,177.9,1,1,,1,3450.0,premium
Ate,134.6,2,1,9.0,1,3190.0,premium
Chorrillos,182.7,4,2,2.0,0,4360.0,premium
San Miguel,134.5,2,2,21.0,0,3410.0,premium
Ate,97.9,4,3,,1,2440.0,moderado
Ate,,2,1,25.0,0,2410.0,moderado
San Miguel,48.9,1,1,12.0,0,2580.0,moderado
Magdalena,140.9,1,1,27.0,1,3540.0,premium
Jesus Maria,128.1,4,1,4.0,0,4490.0,premium
Surco,61.6,5,1,3.0,1,5050.0,premium
Lince,83.8,1,1,38.0,1,2310.0,moderado
Lince,157.7,4,1,29.0,0,3710.0,premium
Jesus Maria,78.8,3,2,28.0,1,3000.0,moderado
Miraflores,203.6,1,1,23.0,1,6150.0,premium
San Juan de Lurigancho,113.8,2,2,28.0,1,2320.0,moderado
San Miguel,151.5,4,3,29.0,1,4530.0,premium
Jesus Maria,131.4,5,2,20.0,0,4080.0,premium
Chorrillos,212.7,5,1,19.0,1,4830.0,premium
Carabayllo,112.2,3,1,38.0,1,2050.0,moderado
Surco,217.5,5,1,16.0,1,6680.0,premium
Miraflores,,1,1,,1,4960.0,premium
San Miguel,163.1,5,3,16.0,1,4860.0,premium
Surco,219.7,3,2,18.0,1,6590.0,premium
La Molina,58.0,3,1,1.0,1,4640.0,premium
Lince,186.0,5,2,23.0,0,4620.0,premium
Ate,77.4,5,3,38.0,1,2610.0,moderado
San Borja,116.2,4,3,21.0,1,5120.0,premium
San Borja,154.1,1,1,8.0,0,4950.0,premium
Barranco,199.0,4,1,21.0,1,5600.0,premium
Miraflores,158.3,3,2,28.0,0,5510.0,premium
Surco,86.6,1,1,7.0,1,4720.0,premium
San Miguel,41.1,5,2,33.0,0,2790.0,moderado
LINCE,,5,1,19.0,1,38028.0,premium
Jesus Maria,193.2,5,3,28.0,1,4980.0,premium
Carabayllo,,1,1,7.0,1,2940.0,moderado
Chorrillos,200.7,4,3,37.0,1,4140.0,premium
Barranco,128.2,2,2,9.0,1,5060.0,premium
La Molina,85.4,3,2,37.0,1,3880.0,premium
PUEBLO LIBRE,186.3,4,3,14.0,1,4840.0,premium
Barranco,85.9,1,1,,1,3550.0,premium
MAGDALENA,60.7,2,2,18.0,1,3280.0,premium
San Borja,,2,1,39.0,0,3910.0,premium
San Isidro,196.8,2,1,32.0,0,6150.0,premium
Carabayllo,88.2,3,3,22.0,1,2510.0,moderado
San Miguel,98.2,1,1,8.0,1,3430.0,premium
San Borja,65.5,4,1,39.0,1,3830.0,premium
Jesus Maria,,2,2,33.0,0,3570.0,premium
Jesus Maria,135.2,2,1,8.0,0,4320.0,premium
Miraflores,206.5,1,1,34.0,0,5600.0,premium
Surco,62.1,3,1,33.0,1,3830.0,premium
Chorrillos,53.7,1,1,10.0,0,1930.0,moderado
SURCO,201.6,3,3,13.0,0,5980.0,premium
Pueblo Libre,180.5,1,1,19.0,1,4050.0,premium
La Molina,193.8,5,3,37.0,0,5600.0,premium
Pueblo Libre,117.3,2,1,33.0,1,3370.0,premium
La Molina,203.4,5,2,25.0,0,5620.0,premium
Chorrillos,126.9,3,1,20.0,1,3470.0,premium
Chorrillos,72.5,3,2,3.0,0,3290.0,premium
Miraflores,167.8,2,2,16.0,1,5950.0,premium
San Juan de Lurigancho,73.2,4,1,18.0,1,2220.0,moderado
Barranco,206.5,2,2,0.0,1,6160.0,premium
Pueblo Libre,202.7,4,2,3.0,0,5340.0,premium
La Molina,210.2,5,1,32.0,1,6050.0,premium
San Borja,51.4,1,1,11.0,0,3520.0,premium
Lince,46.4,3,2,28.0,1,2120.0,moderado
Chorrillos,167.3,3,1,24.0,1,3610.0,premium
Pueblo Libre,122.4,3,2,37.0,0,3160.0,premium
San Isidro,40.0,3,3,26.0,1,5000.0,premium
Chorrillos,194.0,3,1,,1,4060.0,premium
San Miguel,198.8,5,2,9.0,1,5790.0,premium
San Juan de Lurigancho,45.2,1,1,,0,920.0,economico
San Juan de Lurigancho,117.3,4,1,27.0,1,2840.0,moderado
Ate,79.1,2,1,14.0,0,2480.0,moderado
Chorrillos,,4,3,,1,2960.0,moderado
Lince,73.3,4,3,17.0,1,3520.0,premium
Chorrillos,197.9,1,1,0.0,1,4200.0,premium
Magdalena,91.4,4,2,13.0,1,3960.0,premium
La Molina,43.5,5,1,19.0,1,4300.0,premium
San Miguel,100.5,1,1,5.0,0,42249.0,premium
Miraflores,85.8,3,3,6.0,0,5280.0,premium
Magdalena,134.9,5,1,28.0,1,4260.0,premium
Miraflores,208.8,4,3,4.0,0,7170.0,premium
Lince,89.1,3,3,15.0,0,3310.0,premium
Lince,167.3,2,1,16.0,0,3590.0,premium
barranco,68.9,2,2,18.0,0,3860.0,premium
San Borja,123.6,3,3,9.0,1,5550.0,premium
Barranco,68.2,2,1,12.0,1,3860.0,premium
Surco,60.9,3,3,12.0,1,4630.0,premium
San Juan de Lurigancho,124.5,1,1,17.0,0,2120.0,moderado
Carabayllo,195.4,2,2,37.0,0,38618.0,moderado
Miraflores,72.4,1,1,4.0,0,4700.0,premium
San Borja,54.8,5,1,33.0,1,4110.0,premium
Miraflores,41.7,2,2,14.0,1,4750.0,premium
Ate,42.2,3,2,1.0,1,2580.0,moderado
Lince,189.8,1,1,36.0,1,3490.0,premium
San Miguel,76.3,5,3,16.0,0,3970.0,premium
San Juan de Lurigancho,128.5,2,1,13.0,1,2610.0,moderado
Lince,115.6,4,3,26.0,0,3420.0,premium
Chorrillos,145.6,4,2,15.0,0,36282.0,premium
San Borja,147.5,4,2,26.0,1,5300.0,premium
Surco,194.1,4,1,,1,6670.0,premium
Chorrillos,44.2,5,1,0.0,0,2810.0,moderado
CHORRILLOS,88.8,3,2,34.0,1,2640.0,moderado
San Juan de Lurigancho,50.4,5,3,14.0,0,2510.0,moderado
Magdalena,104.6,5,2,9.0,0,4310.0,premium
Barranco,68.5,1,1,28.0,0,3120.0,premium
San Borja,149.9,1,1,26.0,1,5000.0,premium
Surco,90.4,2,2,19.0,1,4460.0,premium
Lince,110.3,2,2,27.0,1,2970.0,moderado
Barranco,157.7,1,1,16.0,1,4790.0,premium
Lince,179.4,1,1,35.0,0,3190.0,premium
Jesus Maria,,3,1,4.0,1,4880.0,premium
La Molina,105.3,4,2,30.0,1,4700.0,premium
Barranco,122.1,2,2,9.0,1,4680.0,premium
Ate,67.5,1,1,,0,1550.0,moderado
chorrillos,178.2,1,1,10.0,0,3710.0,premium
San Borja,130.0,2,1,31.0,0,4210.0,premium
Barranco,187.6,3,3,31.0,1,5310.0,premium
San Borja,79.0,4,2,38.0,0,3820.0,premium
San Isidro,165.6,4,1,10.0,0,6760.0,premium
Magdalena,209.1,1,1,8.0,0,4740.0,premium
Barranco,163.8,2,2,0.0,1,5730.0,premium
SAN JUAN DE LURIGANCHO,,4,2,22.0,1,2970.0,moderado
San Juan de Lurigancho,138.5,4,3,27.0,1,3410.0,premium
Magdalena,109.7,3,2,31.0,1,3610.0,premium
Lince,171.0,5,1,9.0,0,4480.0,premium
Lince,117.7,5,3,22.0,1,3740.0,premium
Surco,117.5,4,3,37.0,1,4790.0,premium
La Molina,110.6,2,2,,1,55930.0,premium
Chorrillos,153.9,2,2,8.0,1,4000.0,premium
San Isidro,149.9,3,3,2.0,1,7270.0,premium
Carabayllo,190.3,2,2,32.0,1,3140.0,premium
San Miguel,131.3,3,2,20.0,1,4110.0,premium
La Molina,108.6,3,3,9.0,0,4720.0,premium
Magdalena,51.7,1,1,3.0,1,3260.0,premium
Chorrillos,58.8,2,1,,0,1630.0,moderado
Magdalena,141.5,2,1,28.0,1,3640.0,premium
San Isidro,168.8,2,2,28.0,1,6210.0,premium
Magdalena,92.0,2,2,26.0,1,3180.0,premium
La Molina,219.5,4,3,10.0,1,6760.0,premium
Magdalena,117.5,4,2,32.0,0,3460.0,premium
Miraflores,80.2,2,2,39.0,1,4430.0,premium
La Molina,99.4,5,3,20.0,0,4980.0,premium
Chorrillos,,4,1,28.0,1,2660.0,moderado
Lince,209.4,1,1,4.0,0,4590.0,premium
San Miguel,121.1,4,1,23.0,0,3710.0,premium
Carabayllo,193.8,5,1,30.0,1,3640.0,premium
Chorrillos,102.9,1,1,29.0,1,2450.0,moderado
San Juan de Lurigancho,92.7,4,3,24.0,1,2690.0,moderado
Surco,206.0,1,1,8.0,1,6010.0,premium
San Borja,78.2,5,3,6.0,1,5180.0,premium
Ate,130.2,1,1,24.0,0,2380.0,moderado
La Molina,166.0,1,1,27.0,1,4880.0,premium
san borja,155.2,4,2,29.0,0,4910.0,premium
San Isidro,179.4,2,2,3.0,1,7250.0,premium
San Miguel,57.0,1,1,20.0,0,2380.0,moderado
Pueblo Libre,91.5,1,1,2.0,1,3570.0,premium
Miraflores,143.3,5,1,,1,6270.0,premium
Magdalena,111.6,5,2,39.0,1,3790.0,premium
Barranco,106.1,5,2,30.0,1,4750.0,premium
Miraflores,143.5,4,2,29.0,1,6170.0,premium
Magdalena,72.8,1,1,8.0,1,3280.0,premium
San Juan de Lurigancho,103.1,3,2,,1,2930.0,moderado
Pueblo Libre,70.9,5,2,0.0,0,3780.0,premium
Pueblo Libre,111.2,1,1,23.0,1,3260.0,premium
La Molina,88.6,1,1,,1,3680.0,premium
CHORRILLOS,97.8,2,2,29.0,0,2370.0,moderado
Magdalena,55.3,5,2,27.0,1,3150.0,premium
Carabayllo,,3,2,,1,2030.0,moderado
La Molina,93.8,5,1,36.0,1,4310.0,premium
Pueblo Libre,50.0,1,1,32.0,0,2000.0,moderado
MIRAFLORES,94.6,2,2,23.0,1,4940.0,premium
Magdalena,189.1,4,2,6.0,1,5640.0,premium
Barranco,,5,2,8.0,0,6190.0,premium
Miraflores,86.6,5,3,8.0,0,5750.0,premium
Ate,54.1,3,1,20.0,1,1790.0,moderado
Carabayllo,51.6,3,2,27.0,1,1740.0,moderado
Jesus Maria,180.0,3,3,18.0,1,5040.0,premium
Ate,131.5,5,2,,1,3290.0,premium
La Molina,195.6,1,1,35.0,0,4780.0,premium
Barranco,,2,1,2.0,0,5640.0,premium
Ate,55.1,1,1,21.0,0,1380.0,economico
Ate,152.8,4,2,35.0,0,2970.0,moderado
Chorrillos,199.2,2,2,19.0,1,4170.0,premium
SAN ISIDRO,156.7,1,1,37.0,1,5610.0,premium
Surco,141.9,2,2,5.0,0,5290.0,premium
Barranco,100.8,1,1,35.0,1,3420.0,premium
San Borja,211.2,4,1,7.0,0,6290.0,premium
Miraflores,99.5,2,1,15.0,0,5030.0,premium
Carabayllo,115.6,5,3,24.0,1,3090.0,premium
Lince,45.4,5,2,33.0,0,2170.0,moderado
San Miguel,,1,1,23.0,1,3930.0,premium
Barranco,104.7,4,2,28.0,0,3880.0,premium
San Miguel,158.7,5,3,,1,4630.0,premium
San Borja,158.8,2,1,23.0,1,5190.0,premium
Ate,51.3,5,3,3.0,1,3210.0,premium
Magdalena,214.7,1,1,,1,4320.0,premium
Carabayllo,176.8,2,2,22.0,0,2650.0,moderado
San Isidro,84.2,1,1,16.0,0,5070.0,premium
Magdalena,79.4,2,2,34.0,1,3060.0,premium
Chorrillos,147.5,2,2,3.0,1,4040.0,premium
San Borja,85.1,4,2,31.0,1,4300.0,premium
Lince,101.1,2,1,22.0,1,2900.0,moderado
San Miguel,202.5,2,2,27.0,1,4670.0,premium
Ate,94.1,3,1,8.0,0,2710.0,moderado
Lince,162.2,5,2,,1,3960.0,premium
San Borja,195.0,2,2,23.0,1,5660.0,premium
Pueblo Libre,,5,2,,1,3690.0,premium
Magdalena,60.8,2,2,38.0,1,2620.0,moderado
Surco,182.4,4,3,33.0,1,5720.0,premium
la molina,204.3,2,2,20.0,0,5200.0,premium
Barranco,195.1,1,1,27.0,0,4370.0,premium
Magdalena,127.2,2,2,7.0,1,4370.0,premium
Surco,200.5,3,3,27.0,1,5880.0,premium
Ate,124.7,5,1,30.0,0,2820.0,moderado
La Molina,162.3,4,3,33.0,0,5150.0,premium
Ate,214.7,5,2,31.0,1,4300.0,premium
San Juan de Lurigancho,,5,2,31.0,0,2160.0,moderado
San Isidro,,4,2,35.0,0,5400.0,premium
Jesus Maria,65.8,4,3,17.0,1,3650.0,premium
La Molina,136.0,3,3,,1,5890.0,premium
Chorrillos,52.9,4,2,29.0,1,2400.0,moderado
Pueblo Libre,188.9,1,1,39.0,1,3380.0,premium
San Juan de Lurigancho,178.4,4,2,15.0,1,3790.0,premium
Barranco,200.9,4,2,23.0,1,5910.0,premium
Miraflores,93.1,4,2,2.0,0,5740.0,premium
San Miguel,209.4,1,1,7.0,1,4820.0,premium
La Molina,108.7,5,2,39.0,1,4620.0,premium
Miraflores,,2,2,18.0,1,6420.0,premium
San Isidro,158.8,1,1,29.0,1,5760.0,premium
Chorrillos,44.9,5,2,37.0,1,2160.0,moderado
Barranco,85.5,3,2,5.0,1,4350.0,premium
Barranco,54.2,1,1,9.0,0,3530.0,premium
La Molina,64.8,2,1,9.0,0,3920.0,premium
San Borja,202.5,5,2,15.0,1,6470.0,premium
Ate,68.0,4,2,,0,2020.0,moderado
La Molina,66.8,4,3,26.0,1,4620.0,premium
San Juan de Lurigancho,189.5,1,1,,1,2850.0,moderado
Barranco,104.6,4,2,38.0,0,3930.0,premium
Magdalena,169.9,5,2,33.0,1,4810.0,premium
Carabayllo,142.7,2,2,27.0,1,2600.0,moderado
LA MOLINA,62.0,3,1,2.0,1,4840.0,premium
Surco,54.2,1,1,7.0,0,3860.0,premium
La Molina,156.4,5,3,4.0,1,51076.0,premium
ate,51.5,3,2,7.0,1,2470.0,moderado
Carabayllo,209.1,4,2,3.0,0,4160.0,premium
Surco,142.0,2,2,30.0,0,4680.0,premium
Ate,,4,1,7.0,1,3110.0,premium
Magdalena,81.8,3,2,1.0,0,3980.0,premium
La Molina,99.5,5,2,0.0,1,5580.0,premium
Barranco,197.6,2,1,35.0,1,4750.0,premium
San Isidro,155.8,5,1,6.0,1,7020.0,premium
Surco,54.8,1,1,16.0,0,3680.0,premium
San Borja,92.0,1,1,31.0,1,4000.0,premium
Lince,,1,1,31.0,1,1930.0,moderado
Surco,168.6,4,3,37.0,1,5450.0,premium
Ate,45.3,5,2,1.0,0,2990.0,moderado
La Molina,194.8,5,3,,1,6340.0,premium
Surco,90.8,3,2,32.0,0,4010.0,premium
Surco,207.1,1,1,34.0,0,4860.0,premium
San Miguel,111.9,4,3,11.0,1,4750.0,premium
San Juan de Lurigancho,203.0,4,2,37.0,1,3470.0,premium
San Isidro,,1,1,28.0,1,5510.0,premium
San Miguel,80.8,1,1,23.0,0,2550.0,moderado
chorrillos,177.6,2,1,21.0,0,3520.0,premium
San Juan de Lurigancho,58.3,2,2,23.0,1,2000.0,moderado
San Isidro,207.4,3,1,10.0,0,6900.0,premium
San Borja,151.2,1,1,18.0,0,4650.0,premium
Lince,42.5,2,2,,1,2310.0,moderado
Pueblo Libre,144.6,3,1,3.0,0,4200.0,premium
San Juan de Lurigancho,,1,1,13.0,1,33811.0,moderado
Barranco,144.1,4,3,29.0,1,5070.0,premium
Lince,68.1,2,2,2.0,1,3380.0,premium
San Juan de Lurigancho,208.8,3,3,5.0,1,4570.0,premium
San Juan de Lurigancho,,3,2,31.0,1,3200.0,premium
Miraflores,203.1,2,2,10.0,1,6710.0,premium
San Juan de Lurigancho,53.8,4,3,31.0,1,2230.0,moderado
Magdalena,197.5,2,1,38.0,0,3830.0,premium
Ate,42.1,5,2,17.0,0,2440.0,moderado
Carabayllo,169.5,3,3,20.0,1,3370.0,premium
San Borja,162.9,3,1,10.0,1,5920.0,premium
Pueblo Libre,125.8,4,1,5.0,0,4260.0,premium
Miraflores,60.8,3,3,38.0,1,4840.0,premium
Magdalena,115.6,5,2,4.0,1,4960.0,premium
San Isidro,144.6,1,1,6.0,0,6230.0,premium
Lince,84.8,1,1,39.0,1,1760.0,moderado
Jesus Maria,128.7,2,2,5.0,1,4170.0,premium
San Miguel,188.8,2,1,19.0,0,4120.0,premium
Chorrillos,205.4,4,1,26.0,1,4060.0,premium
Lince,162.2,1,1,30.0,1,3280.0,premium
Ate,,2,2,39.0,1,2090.0,moderado
Magdalena,218.0,5,1,10.0,0,5530.0,premium
Pueblo Libre,96.4,3,2,,1,3190.0,premium
Surco,193.3,5,3,27.0,0,5830.0,premium
San Miguel,47.1,5,3,22.0,1,3290.0,premium
Lince,130.9,4,2,0.0,1,4500.0,premium
Miraflores,192.9,5,1,0.0,1,7440.0,premium
Jesus Maria,114.6,3,3,13.0,0,4050.0,premium
Barranco,90.3,5,3,,1,4920.0,premium
San Miguel,201.7,3,1,,1,5050.0,premium
Miraflores,,2,2,37.0,1,5710.0,premium
Miraflores,200.0,3,2,12.0,1,7080.0,premium
Jesus Maria,177.9,4,2,13.0,1,5040.0,premium
Ate,216.0,1,1,11.0,1,4090.0,premium
magdalena,154.5,1,1,39.0,0,3020.0,premium
Carabayllo,110.1,3,3,,1,3140.0,premium
Magdalena,,3,2,10.0,0,3950.0,premium
San Miguel,215.4,2,2,10.0,1,5230.0,premium
MAGDALENA,153.6,3,1,4.0,1,5120.0,premium
Pueblo Libre,216.3,5,3,3.0,0,5610.0,premium
Jesus Maria,176.0,3,2,26.0,0,4230.0,premium
San Juan de Lurigancho,128.1,1,1,10.0,1,2600.0,moderado
Carabayllo,210.3,2,2,33.0,0,2840.0,moderado
Jesus Maria,218.0,5,2,,0,5430.0,premium
Chorrillos,49.7,1,1,15.0,1,2260.0,moderado
lince,114.4,4,3,25.0,0,3440.0,premium
Jesus Maria,126.3,5,2,20.0,1,4290.0,premium
San Miguel,140.0,3,1,19.0,0,3900.0,premium
Magdalena,92.2,3,1,2.0,1,4390.0,premium
Carabayllo,131.1,4,1,13.0,1,3040.0,premium
San Juan de Lurigancho,71.4,2,2,27.0,0,1650.0,moderado
Miraflores,70.0,2,2,32.0,1,4600.0,premium
Carabayllo,100.6,1,1,22.0,1,1840.0,moderado
San Juan de Lurigancho,57.4,2,2,0.0,1,2530.0,moderado
Chorrillos,,2,1,26.0,0,1840.0,moderado
Magdalena,201.0,1,1,23.0,1,4370.0,premium
Pueblo Libre,42.0,5,2,16.0,1,3470.0,premium
Miraflores,49.2,2,1,25.0,0,4160.0,premium
Barranco,194.9,3,2,23.0,1,5690.0,premium
San Miguel,197.1,4,2,25.0,1,4870.0,premium
Pueblo Libre,210.5,1,1,9.0,0,4240.0,premium
Chorrillos,201.8,2,2,16.0,1,4180.0,premium
SURCO,134.9,4,2,8.0,0,5480.0,premium
La Molina,72.2,5,1,6.0,0,4650.0,premium
Chorrillos,99.2,1,1,4.0,1,3320.0,premium
San Isidro,45.8,3,3,21.0,0,5150.0,premium
Carabayllo,95.3,4,1,32.0,1,1890.0,moderado
Pueblo Libre,201.0,3,1,12.0,1,4790.0,premium
Lince,173.6,1,1,9.0,0,3890.0,premium
MIRAFLORES,190.2,4,3,,0,6530.0,premium
Surco,65.0,1,1,22.0,1,3840.0,premium
Jesus Maria,108.7,2,2,10.0,0,3910.0,premium
Lince,201.3,1,1,15.0,1,4220.0,premium
Lince,,2,2,26.0,1,2310.0,moderado
Chorrillos,107.0,2,2,8.0,1,3700.0,premium
Pueblo Libre,216.2,3,1,28.0,0,4430.0,premium
Magdalena,145.3,1,1,17.0,1,4280.0,premium
La Molina,95.0,2,2,,1,4510.0,premium
San Borja,115.2,5,1,,0,5180.0,premium
San Isidro,46.1,3,1,29.0,0,4770.0,premium
Jesus Maria,190.1,4,2,16.0,1,4990.0,premium
Pueblo Libre,204.1,5,3,36.0,1,55770.0,premium
Miraflores,78.4,1,1,17.0,0,4580.0,premium
Barranco,83.8,1,1,8.0,1,3820.0,premium
San Miguel,153.2,4,1,26.0,1,3970.0,premium
Barranco,101.1,1,1,2.0,1,4470.0,premium
Miraflores,212.2,2,2,18.0,1,6630.0,premium
Ate,48.2,2,2,3.0,1,2750.0,moderado
Jesus Maria,191.1,4,3,28.0,0,4810.0,premium
Chorrillos,135.8,4,2,4.0,1,3970.0,premium
Lince,145.5,4,3,17.0,1,4510.0,premium
san borja,219.0,1,1,30.0,1,5560.0,premium
Pueblo Libre,218.5,3,1,19.0,0,4850.0,premium
La Molina,201.8,2,2,36.0,0,4940.0,premium
Lince,86.5,5,1,25.0,1,3360.0,premium
Pueblo Libre,156.7,2,2,7.0,0,4130.0,premium
Magdalena,151.0,5,1,23.0,0,4180.0,premium
San Miguel,148.6,1,1,13.0,1,3910.0,premium
San Borja,91.3,2,2,22.0,0,4050.0,premium
Chorrillos,182.0,3,3,26.0,1,4150.0,premium
Ate,148.7,3,2,22.0,1,3490.0,premium
Chorrillos,73.4,5,1,33.0,1,2650.0,moderado
Chorrillos,101.7,1,1,16.0,1,2720.0,moderado
Jesus Maria,209.2,2,2,27.0,1,4780.0,premium
Magdalena,216.9,3,3,19.0,1,5230.0,premium
San Borja,141.2,2,1,0.0,1,5360.0,premium
Jesus Maria,46.8,4,2,4.0,0,3420.0,premium
Ate,180.7,5,2,9.0,1,4530.0,premium
Surco,176.4,2,1,32.0,1,55625.0,premium
San Juan de Lurigancho,49.0,5,2,,0,2570.0,moderado
La Molina,121.0,3,2,39.0,1,4280.0,premium
Pueblo Libre,116.6,2,2,27.0,1,3210.0,premium
Ate,106.9,3,3,38.0,0,2030.0,moderado
Magdalena,79.9,3,3,10.0,0,3500.0,premium
Barranco,183.9,2,1,22.0,0,4880.0,premium
Magdalena,143.2,5,2,3.0,0,5120.0,premium
San Borja,155.9,2,2,20.0,1,5020.0,premium
Barranco,209.6,5,3,17.0,1,6220.0,premium
Pueblo Libre,,5,1,35.0,1,2690.0,moderado
Lince,115.5,2,1,,1,3540.0,premium
San Miguel,59.5,3,2,6.0,0,3180.0,premium
San Miguel,123.6,3,3,,1,3490.0,premium
La Molina,100.1,2,2,28.0,1,4070.0,premium
San Isidro,149.1,1,1,,1,5800.0,premium
Miraflores,161.3,5,1,15.0,1,6570.0,premium
Magdalena,173.8,2,2,15.0,0,4390.0,premium
La Molina,91.4,4,2,13.0,0,4820.0,premium
Barranco,133.5,4,1,33.0,1,4560.0,premium
La Molina,194.1,1,1,14.0,1,5610.0,premium
San Juan de Lurigancho,215.9,2,2,23.0,1,4090.0,premium
Carabayllo,69.7,2,2,14.0,1,2300.0,moderado
Miraflores,159.2,5,2,15.0,0,6490.0,premium
Pueblo Libre,71.2,4,1,16.0,1,3250.0,premium
Pueblo Libre,204.2,5,3,23.0,0,4800.0,premium
Jesus Maria,142.3,2,2,22.0,1,4110.0,premium
San Miguel,172.6,4,1,0.0,1,4930.0,premium
Lince,169.5,3,3,,1,3740.0,premium
Ate,106.0,2,2,19.0,1,2720.0,moderado
Chorrillos,76.8,5,3,31.0,1,2700.0,moderado
Lince,129.2,2,1,,1,2990.0,moderado
San Juan de Lurigancho,177.3,5,3,28.0,1,3640.0,premium
Ate,98.3,3,2,11.0,0,2840.0,moderado
San Juan de Lurigancho,140.5,2,1,36.0,0,2140.0,moderado
San Isidro,78.8,4,1,1.0,1,6190.0,premium
Carabayllo,218.7,1,1,12.0,0,3430.0,premium
La Molina,210.2,2,2,37.0,1,5080.0,premium
San Miguel,208.6,3,2,1.0,1,5570.0,premium
Miraflores,176.8,3,3,34.0,1,5870.0,premium
San Borja,116.7,1,1,37.0,1,3990.0,premium
Barranco,163.3,5,3,14.0,1,5850.0,premium
Miraflores,175.1,3,2,37.0,1,5810.0,premium
Barranco,126.3,2,2,7.0,1,4970.0,premium
Surco,183.5,4,2,35.0,1,5510.0,premium
La Molina,112.9,2,1,35.0,0,3740.0,premium
Pueblo Libre,78.7,5,3,27.0,1,3300.0,premium
Barranco,67.4,3,2,6.0,0,4140.0,premium
Lince,,3,2,16.0,1,4810.0,premium
Ate,163.9,2,2,0.0,0,3700.0,premium
San Miguel,201.3,2,1,32.0,0,3650.0,premium
Chorrillos,108.6,5,1,4.0,1,4020.0,premium
Barranco,197.8,4,3,19.0,0,5660.0,premium
Chorrillos,,4,2,35.0,0,2860.0,moderado
LA MOLINA,43.2,2,2,16.0,0,3460.0,premium
San Juan de Lurigancho,206.0,3,2,7.0,1,4260.0,premium
San Juan de Lurigancho,105.1,3,1,38.0,1,1780.0,moderado
San Miguel,196.9,5,2,18.0,0,4970.0,premium
Ate,144.6,5,3,,1,3760.0,premium
SURCO,70.5,3,3,6.0,0,52069.0,premium
Magdalena,161.7,1,1,35.0,1,3520.0,premium
Jesus Maria,102.1,3,3,9.0,1,4040.0,premium
Barranco,126.1,3,1,1.0,1,5080.0,premium
San Miguel,115.4,4,1,34.0,0,3200.0,premium
Miraflores,108.5,2,2,18.0,1,59673.0,premium
La Molina,216.8,2,1,,1,6180.0,premium
Jesus Maria,,1,1,4.0,1,3040.0,premium
Barranco,153.5,4,2,11.0,0,5370.0,premium
La Molina,41.4,1,1,24.0,0,3240.0,premium
Pueblo Libre,53.1,5,3,3.0,0,3770.0,premium
San Isidro,130.7,5,2,10.0,0,6350.0,premium
San Miguel,176.0,2,2,7.0,1,4760.0,premium
Barranco,175.6,5,1,4.0,1,6080.0,premium
Ate,142.0,3,1,24.0,1,3050.0,premium
Magdalena,198.2,3,2,20.0,0,4670.0,premium
San Isidro,127.0,1,1,23.0,1,5780.0,premium
San Juan de Lurigancho,53.1,5,2,34.0,0,1860.0,moderado
Barranco,78.8,2,2,13.0,1,4080.0,premium
San Isidro,193.4,4,1,20.0,0,6950.0,premium
Pueblo Libre,,1,1,18.0,0,2820.0,moderado
Magdalena,78.0,1,1,7.0,1,3410.0,premium
La Molina,48.5,3,2,29.0,1,3580.0,premium
Miraflores,218.6,5,3,9.0,1,7770.0,premium
lince,106.9,5,2,7.0,1,4420.0,premium
San Borja,207.7,5,3,14.0,0,6570.0,premium
Surco,137.1,2,1,12.0,1,5180.0,premium
San Isidro,53.2,2,1,3.0,1,5410.0,premium
Chorrillos,116.9,4,2,30.0,0,3040.0,premium
San Miguel,168.3,2,1,,1,4340.0,premium
San Borja,,5,1,28.0,0,4000.0,premium
Jesus Maria,74.7,2,1,20.0,1,41246.0,moderado
Surco,145.1,1,1,15.0,0,4910.0,premium
San Borja,153.3,4,1,20.0,0,4950.0,premium
Chorrillos,,1,1,30.0,1,1860.0,moderado
San Miguel,153.2,4,1,0.0,0,4580.0,premium
Miraflores,213.4,3,2,26.0,1,6430.0,premium
Surco,111.6,5,2,12.0,1,5650.0,premium
San Borja,84.4,1,1,35.0,0,3520.0,premium
Lince,192.1,5,2,33.0,0,4110.0,premium
Jesus Maria,131.4,2,2,,0,4040.0,premium
Jesus Maria,,5,2,21.0,0,4810.0,premium
Chorrillos,59.9,5,3,17.0,0,2910.0,moderado
Ate,186.3,5,3,19.0,1,4220.0,premium
Barranco,62.9,3,3,8.0,1,4550.0,premium
San Isidro,79.2,2,2,,1,5870.0,premium
Jesus Maria,118.6,3,2,,0,2890.0,moderado
San Borja,,4,3,32.0,0,4250.0,premium
Lince,112.2,1,1,35.0,0,2220.0,moderado
Magdalena,137.4,4,2,19.0,1,4460.0,premium
Chorrillos,46.0,4,2,34.0,1,2350.0,moderado
San Isidro,218.0,4,1,2.0,1,7770.0,premium
Surco,113.7,5,2,,0,4840.0,premium
San Isidro,122.1,1,1,8.0,0,5350.0,premium
San Miguel,56.5,5,3,14.0,1,3760.0,premium
San Borja,68.9,1,1,14.0,1,4120.0,premium
San Juan de Lurigancho,187.9,5,1,27.0,1,3590.0,premium
Surco,62.1,1,1,21.0,1,3420.0,premium
San Borja,56.7,2,1,35.0,0,2920.0,moderado
Lince,122.0,4,3,37.0,0,3120.0,premium
Pueblo Libre,62.8,2,2,4.0,1,3250.0,premium
ATE,159.0,2,2,37.0,1,2590.0,moderado
Ate,150.3,3,2,32.0,1,2870.0,moderado
Carabayllo,219.9,5,2,17.0,0,4190.0,premium
Lince,204.1,3,2,2.0,1,5020.0,premium
Chorrillos,198.3,2,1,,1,3690.0,premium
surco,46.4,3,2,35.0,1,3830.0,premium
Magdalena,88.6,5,1,31.0,1,3790.0,premium
San Miguel,55.8,4,1,8.0,1,3750.0,premium
Magdalena,66.9,4,3,7.0,0,3890.0,premium
San Isidro,,5,1,29.0,0,6460.0,premium
Magdalena,57.9,3,1,31.0,1,34468.0,moderado
Barranco,199.2,5,3,33.0,1,5650.0,premium
Surco,53.5,1,1,25.0,1,3890.0,premium
Chorrillos,194.4,2,2,26.0,0,3760.0,premium
Miraflores,50.0,5,1,1.0,1,5560.0,premium
Carabayllo,187.3,2,2,19.0,1,3530.0,premium
San Isidro,116.1,5,1,16.0,1,6280.0,premium
Jesus Maria,182.7,3,1,1.0,1,5560.0,premium
Carabayllo,204.7,4,1,5.0,1,4220.0,premium
Lince,44.3,3,3,15.0,1,2940.0,moderado
La Molina,57.0,4,3,,1,4410.0,premium
Magdalena,212.8,1,1,,1,4880.0,premium
Barranco,50.4,3,1,1.0,1,4440.0,premium
Ate,174.3,4,1,12.0,1,4320.0,premium
San Isidro,79.0,4,3,5.0,0,6440.0,premium
Miraflores,167.5,2,1,,0,5100.0,premium
Barranco,68.8,4,2,3.0,0,59649.0,premium
San Miguel,158.1,1,1,,0,3910.0,premium
Miraflores,192.8,1,1,9.0,0,5950.0,premium
Magdalena,201.2,1,1,22.0,1,4630.0,premium
Surco,192.0,3,3,32.0,1,5860.0,premium
Lince,142.9,4,1,25.0,1,3680.0,premium
barranco,189.7,5,2,4.0,1,6510.0,premium
Miraflores,186.2,3,1,15.0,0,6150.0,premium
San Miguel,144.4,5,2,18.0,1,4730.0,premium
Lince,195.5,4,1,10.0,0,4530.0,premium
La Molina,104.3,1,1,18.0,1,4360.0,premium
Barranco,125.6,2,2,8.0,1,4840.0,premium
San Borja,,2,2,23.0,1,5970.0,premium
Chorrillos,82.2,4,3,30.0,1,2820.0,moderado
Barranco,,3,2,24.0,1,3940.0,premium
San Miguel,189.3,1,1,,0,4510.0,premium
San Isidro,164.9,2,2,26.0,0,5860.0,premium
Surco,,1,1,11.0,1,4340.0,premium
Barranco,189.7,3,2,,1,5140.0,premium
Lince,124.7,2,2,,0,3120.0,premium
Barranco,90.6,2,1,28.0,0,3670.0,premium
San Juan de Lurigancho,189.0,1,1,32.0,1,2980.0,moderado
Pueblo Libre,128.2,5,3,35.0,1,3830.0,premium
San Isidro,148.2,2,1,20.0,1,6210.0,premium
Ate,174.3,1,1,19.0,1,3300.0,premium
Ate,212.8,2,2,16.0,1,4390.0,premium
San Borja,52.8,2,1,12.0,1,4290.0,premium
Barranco,42.5,4,3,,0,3490.0,premium
Surco,197.2,5,1,21.0,1,6400.0,premium
Pueblo Libre,141.8,1,1,3.0,1,3870.0,premium
Jesus Maria,144.5,1,1,25.0,1,3910.0,premium
San Miguel,192.6,3,3,15.0,1,4790.0,premium
Ate,109.2,2,1,0.0,1,3170.0,premium
San Isidro,130.5,1,1,,1,5950.0,premium
La Molina,,5,1,34.0,0,4570.0,premium
Jesus Maria,124.8,5,1,29.0,1,3960.0,premium
Barranco,,4,3,17.0,0,4950.0,premium
San Borja,83.7,1,1,10.0,1,4330.0,premium
Miraflores,43.2,2,1,19.0,1,4670.0,premium
San Juan de Lurigancho,166.7,1,1,11.0,0,3180.0,premium
Pueblo Libre,197.4,4,3,32.0,1,4480.0,premium
La Molina,136.9,4,2,,1,5410.0,premium
Pueblo Libre,189.8,1,1,30.0,1,3890.0,premium
Magdalena,129.1,1,1,1.0,1,4060.0,premium
Barranco,102.4,1,1,13.0,1,4240.0,premium
Lince,40.8,3,3,3.0,1,3290.0,premium
San Isidro,76.0,1,1,34.0,0,4200.0,premium
Jesus Maria,169.9,2,2,23.0,0,3860.0,premium
SAN JUAN DE LURIGANCHO,62.0,5,2,29.0,1,2400.0,moderado
Ate,123.4,5,2,28.0,1,3210.0,premium
Jesus Maria,106.0,4,1,38.0,0,3140.0,premium
Chorrillos,139.5,4,3,36.0,1,3310.0,premium
Ate,80.0,4,3,,1,2670.0,moderado
Barranco,162.7,3,3,29.0,0,5070.0,premium
Barranco,66.6,2,1,21.0,0,3380.0,premium
Carabayllo,,5,1,6.0,0,2150.0,moderado
Ate,,4,1,,1,3620.0,premium
Pueblo Libre,81.8,2,2,2.0,0,3340.0,premium
Pueblo Libre,206.0,4,2,12.0,0,5040.0,premium
Carabayllo,137.7,1,1,19.0,1,2450.0,moderado
San Juan de Lurigancho,75.3,5,1,26.0,1,2540.0,moderado
Magdalena,50.1,3,2,37.0,1,2610.0,moderado
Chorrillos,198.1,4,1,13.0,0,4530.0,premium
Chorrillos,171.9,2,2,37.0,0,2970.0,moderado
La Molina,94.0,4,2,5.0,0,4960.0,premium
Lince,104.9,3,1,36.0,0,51645.0,moderado
Ate,58.2,5,1,9.0,1,2980.0,moderado
San Miguel,89.3,5,2,25.0,1,3510.0,premium
San Isidro,155.4,1,1,27.0,0,5700.0,premium
Lince,185.1,5,2,1.0,1,5080.0,premium
Carabayllo,208.1,3,3,16.0,1,4090.0,premium
Magdalena,53.9,3,1,8.0,0,3410.0,premium
Magdalena,82.4,2,1,11.0,1,3730.0,premium
Surco,125.0,5,1,32.0,1,5130.0,premium
San Miguel,175.5,2,1,7.0,1,4630.0,premium
Jesus Maria,54.1,3,1,37.0,0,2480.0,moderado
Jesus Maria,188.7,4,3,5.0,0,5130.0,premium
Carabayllo,59.8,4,2,4.0,1,2710.0,moderado
Ate,48.0,3,2,,1,2260.0,moderado
Surco,61.9,3,2,32.0,1,3820.0,premium
Surco,131.8,5,1,36.0,0,4450.0,premium
Ate,70.0,5,3,34.0,0,2080.0,moderado
La Molina,52.1,5,2,31.0,1,4160.0,premium
La Molina,,5,1,20.0,1,5290.0,premium
Miraflores,119.4,3,2,32.0,0,4860.0,premium
Jesus Maria,176.2,4,2,5.0,1,5240.0,premium
Pueblo Libre,174.4,5,2,9.0,1,5100.0,premium
Ate,140.5,2,2,31.0,0,2830.0,moderado
Magdalena,92.9,4,1,18.0,1,3840.0,premium
Pueblo Libre,201.7,5,3,9.0,0,5320.0,premium
San Isidro,,2,1,8.0,1,5660.0,premium
Surco,190.0,3,1,30.0,1,5460.0,premium
SURCO,111.7,5,3,25.0,1,5100.0,premium
Pueblo Libre,68.7,3,3,,0,3320.0,premium
San Miguel,50.7,4,3,5.0,1,3860.0,premium
Barranco,179.2,4,2,16.0,0,5510.0,premium
Magdalena,112.5,4,2,,1,3920.0,premium
Ate,,2,2,21.0,1,1920.0,moderado
Lince,74.1,1,1,25.0,0,57915.0,moderado
san borja,186.8,2,2,34.0,1,5360.0,premium
Pueblo Libre,117.4,2,2,14.0,1,3510.0,premium
Miraflores,,4,2,15.0,0,6470.0,premium
Jesus Maria,107.3,2,2,16.0,1,3950.0,premium
chorrillos,215.7,1,1,19.0,0,3850.0,premium
SAN ISIDRO,103.1,2,1,,0,4980.0,premium
San Juan de Lurigancho,216.9,2,2,30.0,1,3630.0,premium
Barranco,79.1,5,3,20.0,1,4660.0,premium
Ate,151.8,5,2,2.0,1,4570.0,premium
San Borja,,2,2,,1,5290.0,premium
Magdalena,133.3,5,2,,1,4090.0,premium
Surco,203.1,3,2,12.0,0,5670.0,premium
Miraflores,209.7,3,1,37.0,1,6470.0,premium
Surco,84.1,1,1,11.0,1,4350.0,premium
Jesus Maria,194.8,1,1,2.0,1,4920.0,premium
Barranco,138.1,4,1,20.0,1,4790.0,premium
Surco,,2,2,33.0,0,5040.0,premium
San Juan de Lurigancho,85.2,3,2,24.0,0,1960.0,moderado
Carabayllo,135.3,5,2,27.0,0,3010.0,premium
Miraflores,92.7,5,3,26.0,1,5460.0,premium
San Miguel,45.1,5,3,25.0,1,3330.0,premium
Surco,107.4,3,1,16.0,1,4610.0,premium
San Borja,88.8,5,3,15.0,1,5540.0,premium
Barranco,,1,1,38.0,1,2810.0,moderado
Barranco,75.7,1,1,11.0,1,4070.0,premium
Barranco,155.3,5,3,20.0,1,5270.0,premium
La Molina,213.5,1,1,0.0,0,5750.0,premium
San Miguel,104.7,1,1,16.0,0,3050.0,premium
Barranco,40.3,2,1,37.0,1,2870.0,moderado
Barranco,49.8,2,1,19.0,1,3660.0,premium
La Molina,197.9,1,1,31.0,1,4770.0,premium
Carabayllo,183.6,3,2,22.0,0,3060.0,premium
Chorrillos,,4,1,19.0,1,4020.0,premium
Barranco,65.0,3,3,37.0,1,3900.0,premium
Chorrillos,172.0,4,3,27.0,1,4180.0,premium
Jesus Maria,211.5,4,2,13.0,1,5280.0,premium
Surco,170.6,1,1,8.0,1,5500.0,premium
San Isidro,181.5,3,2,37.0,1,6540.0,premium
Lince,91.5,3,3,9.0,0,3310.0,premium
La Molina,217.4,5,1,21.0,1,6300.0,premium
Chorrillos,194.2,3,2,32.0,1,3720.0,premium
Jesus Maria,,5,2,7.0,1,4110.0,premium
Chorrillos,92.6,5,1,7.0,0,3340.0,premium
Carabayllo,69.4,2,2,38.0,1,1510.0,moderado
san miguel,130.1,4,1,25.0,1,3880.0,premium
San Juan de Lurigancho,193.7,5,2,11.0,1,4650.0,premium
Lince,92.5,5,1,33.0,0,47733.0,moderado
Barranco,111.9,4,2,15.0,0,4560.0,premium
San Isidro,156.6,5,1,35.0,1,6400.0,premium
Miraflores,211.6,1,1,14.0,1,6490.0,premium
San Borja,187.2,3,3,26.0,1,5750.0,premium
Surco,123.5,4,3,12.0,1,5410.0,premium
Carabayllo,,2,2,2.0,0,3940.0,premium
Ate,143.2,1,1,36.0,1,2270.0,moderado
Ate,143.9,5,3,22.0,0,3390.0,premium
Magdalena,140.7,1,1,37.0,1,3270.0,premium
Barranco,188.8,1,1,7.0,1,5220.0,premium
Barranco,196.8,5,1,0.0,1,6150.0,premium
Jesus Maria,170.0,2,1,36.0,1,3520.0,premium
Jesus Maria,169.6,1,1,27.0,1,3860.0,premium
Surco,95.8,2,2,5.0,1,4800.0,premium
Barranco,170.8,2,2,17.0,1,5070.0,premium
San Juan de Lurigancho,58.0,2,2,32.0,0,1230.0,economico
Ate,214.6,5,3,10.0,0,4850.0,premium
San Juan de Lurigancho,79.6,2,1,4.0,1,2670.0,moderado
San Juan de Lurigancho,97.9,5,1,27.0,1,2510.0,moderado
Miraflores,147.5,2,1,21.0,0,5320.0,premium
Ate,144.1,1,1,35.0,1,2490.0,moderado
Magdalena,165.5,5,3,18.0,1,5180.0,premium
Barranco,52.4,4,2,16.0,1,3690.0,premium
Pueblo Libre,167.8,4,2,19.0,1,4430.0,premium
Surco,49.9,3,2,26.0,0,4060.0,premium
Magdalena,177.0,5,3,24.0,1,5200.0,premium
Ate,193.9,5,2,19.0,1,4300.0,premium
Chorrillos,101.9,4,3,31.0,1,3050.0,premium
San Isidro,164.1,2,1,17.0,1,6250.0,premium
Ate,49.1,2,2,32.0,1,1760.0,moderado
Magdalena,43.1,4,3,,1,3600.0,premium
San Juan de Lurigancho,116.4,4,2,35.0,0,2420.0,moderado
Lince,43.5,3,2,10.0,1,2690.0,moderado
Jesus Maria,73.5,4,2,20.0,0,3240.0,premium
San Juan de Lurigancho,123.2,4,2,21.0,1,3000.0,moderado
Pueblo Libre,156.1,5,3,4.0,1,5540.0,premium
Ate,201.0,2,2,22.0,1,3910.0,premium
Magdalena,208.2,1,1,22.0,0,4360.0,premium
Chorrillos,146.0,4,3,16.0,0,3920.0,premium
Pueblo Libre,49.3,1,1,21.0,1,2350.0,moderado
Carabayllo,122.2,4,3,28.0,0,2630.0,moderado
Jesus Maria,49.0,5,1,15.0,1,3640.0,premium
Magdalena,,2,2,31.0,1,4490.0,premium
CHORRILLOS,124.0,1,1,29.0,0,2210.0,moderado
Lince,83.7,3,1,7.0,1,3450.0,premium
Miraflores,138.8,4,3,,0,6050.0,premium
San Isidro,105.6,3,1,37.0,1,5240.0,premium
San Borja,93.3,3,3,15.0,0,4640.0,premium
Lince,,4,2,,1,2820.0,moderado
Barranco,104.9,5,3,15.0,1,4940.0,premium
Surco,161.8,5,1,22.0,1,6070.0,premium
San Juan de Lurigancho,118.7,4,3,36.0,1,2840.0,moderado
Pueblo Libre,106.9,2,1,4.0,0,3770.0,premium
La Molina,85.4,5,3,16.0,1,5140.0,premium
Miraflores,208.4,5,3,19.0,0,6980.0,premium
San Borja,131.3,1,1,36.0,1,4090.0,premium
Lince,182.7,4,2,33.0,0,3630.0,premium
Jesus Maria,218.1,1,1,11.0,1,4910.0,premium
La Molina,193.8,4,1,9.0,0,6280.0,premium
La Molina,90.4,5,1,14.0,1,5030.0,premium
San Miguel,178.2,5,1,27.0,0,4380.0,premium
San Miguel,62.6,3,3,27.0,1,3120.0,premium
Lince,82.5,3,3,2.0,1,3760.0,premium
San Miguel,205.4,2,1,17.0,1,4440.0,premium
Ate,201.7,1,1,0.0,1,4150.0,premium
Pueblo Libre,52.5,1,1,16.0,1,2530.0,moderado
Miraflores,57.7,2,2,26.0,1,4600.0,premium
Carabayllo,202.0,2,2,2.0,1,4030.0,premium
San Isidro,160.2,3,2,,1,6180.0,premium
Chorrillos,204.6,3,2,23.0,1,4270.0,premium
Ate,92.2,4,2,31.0,1,2710.0,moderado
Lince,141.8,1,1,20.0,1,3290.0,premium
Ate,133.9,2,1,27.0,1,2630.0,moderado
San Miguel,47.0,5,2,25.0,1,3260.0,premium
Chorrillos,138.8,4,3,25.0,1,3560.0,premium
Pueblo Libre,215.7,4,2,9.0,0,5190.0,premium
San Isidro,80.1,4,1,12.0,1,6110.0,premium
San Borja,119.2,4,2,35.0,1,4590.0,premium
Surco,54.4,5,2,39.0,1,3900.0,premium
San Isidro,187.9,4,3,11.0,0,7390.0,premium
Lince,97.4,5,2,26.0,1,57517.0,premium
Chorrillos,165.5,1,1,38.0,0,2810.0,moderado
San Miguel,202.5,2,2,4.0,0,4850.0,premium
Ate,99.3,2,1,0.0,1,3300.0,premium
Carabayllo,71.1,2,2,11.0,0,2030.0,moderado
Carabayllo,207.6,4,1,26.0,1,3860.0,premium
San Miguel,70.6,4,2,29.0,1,3190.0,premium
Barranco,151.4,3,1,5.0,0,5460.0,premium
Ate,111.7,2,2,33.0,1,2630.0,moderado
Chorrillos,217.8,2,2,13.0,1,4580.0,premium
Surco,206.8,5,1,35.0,0,5810.0,premium
San Miguel,160.6,3,2,36.0,1,3650.0,premium
Chorrillos,202.4,2,2,6.0,0,4400.0,premium
BARRANCO,187.5,2,2,34.0,1,5170.0,premium
Miraflores,78.8,2,2,8.0,1,5210.0,premium
Magdalena,130.2,5,3,28.0,1,4270.0,premium
San Juan de Lurigancho,137.6,4,2,28.0,1,3250.0,premium
La Molina,47.8,4,3,3.0,1,4960.0,premium
Miraflores,98.4,3,2,21.0,1,5200.0,premium
Lince,42.8,3,3,3.0,1,3280.0,premium
San Borja,54.7,2,2,15.0,1,4090.0,premium
Carabayllo,,5,2,35.0,1,1850.0,moderado
san miguel,68.5,3,3,15.0,0,3510.0,premium
Pueblo Libre,97.5,2,2,29.0,1,2890.0,moderado
San Borja,43.7,4,3,25.0,0,4140.0,premium
Lince,58.7,1,1,,0,1570.0,moderado
Ate,,2,2,12.0,1,2830.0,moderado
ate,143.8,5,3,25.0,1,60844.0,premium
Lince,128.8,3,3,4.0,0,4100.0,premium
Pueblo Libre,47.8,3,3,30.0,1,2710.0,moderado
San Borja,62.9,1,1,9.0,1,4470.0,premium
La Molina,113.7,3,1,36.0,1,4100.0,premium
Carabayllo,156.0,3,2,,0,2680.0,moderado
Barranco,164.4,3,3,18.0,1,5310.0,premium
Carabayllo,111.3,2,1,,0,2420.0,moderado
San Juan de Lurigancho,133.9,4,1,27.0,1,2830.0,moderado
Lince,157.5,4,1,30.0,1,3600.0,premium
Surco,43.7,2,1,13.0,1,3840.0,premium
Chorrillos,60.7,1,1,18.0,1,2360.0,moderado
Barranco,81.9,3,2,4.0,1,4630.0,premium
Pueblo Libre,146.8,1,1,17.0,0,3390.0,premium
Miraflores,112.1,1,1,1.0,0,5550.0,premium
Surco,58.5,1,1,,1,3380.0,premium
San Borja,,5,2,29.0,1,4640.0,premium
Jesus Maria,48.4,1,1,34.0,1,2090.0,moderado
San Juan de Lurigancho,77.8,4,2,29.0,1,2390.0,moderado
Chorrillos,101.9,4,3,,1,3880.0,premium
Carabayllo,118.0,4,1,38.0,0,1860.0,moderado
Ate,,3,2,3.0,1,2810.0,moderado
Ate,207.8,5,1,8.0,0,4390.0,premium
Ate,71.4,5,3,8.0,1,3460.0,premium
Surco,174.9,3,2,22.0,0,5380.0,premium
Miraflores,141.0,4,2,29.0,0,5500.0,premium
San Juan de Lurigancho,122.4,2,2,10.0,1,2900.0,moderado
Carabayllo,156.0,4,3,25.0,1,3380.0,premium
Miraflores,139.3,1,1,36.0,1,5160.0,premium
Chorrillos,117.8,3,1,1.0,1,35230.0,premium
Ate,184.5,4,2,25.0,0,3710.0,premium
Ate,172.4,1,1,7.0,1,3700.0,premium
SAN MIGUEL,196.3,2,2,23.0,1,4510.0,premium
Carabayllo,122.3,4,2,,1,2670.0,moderado
Barranco,,3,2,39.0,1,48719.0,premium
Pueblo Libre,138.0,3,1,38.0,1,3120.0,premium
Chorrillos,110.8,4,2,23.0,1,3420.0,premium
Miraflores,,1,1,5.0,1,5000.0,premium
Barranco,93.2,3,3,39.0,0,3550.0,premium
Magdalena,141.5,5,2,35.0,1,4290.0,premium
Pueblo Libre,206.0,4,3,32.0,0,4500.0,premium
San Isidro,67.7,5,3,23.0,1,5780.0,premium
Miraflores,139.0,1,1,22.0,1,5320.0,premium
Jesus Maria,60.8,2,2,38.0,1,2560.0,moderado
San Juan de Lurigancho,82.0,5,3,33.0,1,2430.0,moderado
San Juan de Lurigancho,147.2,1,1,,1,2410.0,moderado
San Borja,125.0,3,3,26.0,0,4850.0,premium
San Juan de Lurigancho,51.3,1,1,29.0,1,1310.0,economico
CHORRILLOS,168.5,4,1,15.0,0,3650.0,premium
San Isidro,167.3,2,2,39.0,1,5990.0,premium
Jesus Maria,114.4,1,1,6.0,1,3960.0,premium
Surco,114.2,5,2,36.0,1,4890.0,premium
Ate,94.5,4,2,22.0,1,49889.0,moderado
Chorrillos,105.8,5,1,18.0,1,3240.0,premium
Lince,110.6,4,2,38.0,0,2630.0,moderado
San Juan de Lurigancho,70.5,2,2,9.0,1,2540.0,moderado
Miraflores,111.1,2,1,15.0,1,5400.0,premium
Miraflores,,4,2,2.0,0,5750.0,premium
Pueblo Libre,49.3,2,2,27.0,0,2380.0,moderado
Ate,183.0,2,2,23.0,1,3470.0,premium
Pueblo Libre,40.7,1,1,28.0,0,1570.0,moderado
Magdalena,158.3,2,1,27.0,1,3930.0,premium
Surco,137.0,1,1,2.0,0,5110.0,premium
Chorrillos,121.9,5,3,,1,4430.0,premium
San Juan de Lurigancho,201.0,4,2,12.0,1,4250.0,premium
Jesus Maria,190.1,5,3,,1,5340.0,premium
MAGDALENA,89.2,2,1,34.0,0,2850.0,moderado
Surco,193.8,3,3,33.0,1,5630.0,premium
Chorrillos,219.2,2,1,23.0,0,3860.0,premium
Pueblo Libre,107.1,5,2,24.0,0,3760.0,premium
Miraflores,218.3,2,2,16.0,0,6560.0,premium
Jesus Maria,114.6,5,3,34.0,1,3870.0,premium
barranco,91.4,5,1,5.0,1,4940.0,premium
San Borja,69.1,3,2,27.0,0,3930.0,premium
San Juan de Lurigancho,171.3,5,1,17.0,1,3840.0,premium
San Isidro,200.4,1,1,30.0,0,6190.0,premium
Carabayllo,112.8,1,1,36.0,1,1680.0,moderado
Magdalena,106.8,2,2,7.0,1,4250.0,premium
San Miguel,125.1,5,3,17.0,1,4430.0,premium
Pueblo Libre,67.7,4,2,39.0,0,2590.0,moderado
Surco,152.7,3,2,12.0,0,5430.0,premium
LINCE,213.5,3,2,19.0,0,4460.0,premium
La Molina,180.7,2,1,33.0,1,5160.0,premium
Miraflores,206.5,1,1,18.0,0,5830.0,premium
Surco,80.9,2,2,38.0,0,3630.0,premium
Chorrillos,163.5,5,1,9.0,0,4020.0,premium
surco,153.1,2,1,36.0,0,4580.0,premium
Jesus Maria,214.8,4,1,33.0,0,55083.0,premium
Surco,196.4,4,1,3.0,0,5940.0,premium
San Juan de Lurigancho,96.0,2,2,10.0,1,2750.0,moderado
Barranco,51.7,5,2,34.0,1,3720.0,premium
San Isidro,183.4,3,3,11.0,1,7410.0,premium
Jesus Maria,49.2,3,2,0.0,1,3750.0,premium
Pueblo Libre,209.9,1,1,29.0,1,3870.0,premium
magdalena,,1,1,24.0,1,3660.0,premium
Ate,,5,2,33.0,1,2290.0,moderado
SAN MIGUEL,80.1,3,2,28.0,1,3040.0,premium
Jesus Maria,180.3,4,3,,1,5020.0,premium
Chorrillos,91.9,5,3,11.0,1,3410.0,premium
Surco,96.6,3,1,21.0,0,4580.0,premium
San Borja,144.8,5,2,28.0,1,5260.0,premium
Carabayllo,175.9,5,2,19.0,0,3480.0,premium
Miraflores,48.0,5,2,,1,4800.0,premium
Pueblo Libre,130.4,4,2,0.0,1,4590.0,premium
Barranco,214.0,2,2,7.0,1,6020.0,premium
Carabayllo,49.2,2,2,18.0,0,1500.0,economico
San Miguel,168.5,1,1,16.0,1,3890.0,premium
Surco,,5,3,9.0,1,6730.0,premium
MAGDALENA,110.5,4,1,,1,61301.0,premium
Chorrillos,209.0,3,2,13.0,0,4370.0,premium
San Isidro,173.1,4,2,19.0,1,6910.0,premium
Pueblo Libre,212.2,5,2,25.0,1,5280.0,premium
La Molina,44.1,3,3,39.0,1,3720.0,premium
San Isidro,109.6,5,2,36.0,1,5830.0,premium
LINCE,77.5,3,2,18.0,1,3150.0,premium
Lince,146.5,5,1,15.0,0,3650.0,premium
SAN BORJA,91.7,3,2,3.0,1,4980.0,premium
Chorrillos,97.8,5,2,11.0,0,3680.0,premium
CARABAYLLO,122.1,1,1,0.0,1,2930.0,moderado
Chorrillos,144.4,1,1,,1,3490.0,premium
San Miguel,121.0,2,2,0.0,1,4350.0,premium
Barranco,,3,3,20.0,1,4230.0,premium
Chorrillos,205.9,3,3,,1,4820.0,premium
San Isidro,147.3,1,1,,1,6300.0,premium
Chorrillos,62.0,5,3,3.0,0,3600.0,premium
La Molina,98.9,4,3,38.0,0,3950.0,premium
La Molina,211.1,2,2,35.0,0,5210.0,premium
San Isidro,,2,1,3.0,1,6480.0,premium
Ate,162.4,1,1,12.0,1,3200.0,premium
San Isidro,93.3,5,2,6.0,1,6230.0,premium
Lince,216.7,2,2,2.0,1,5270.0,premium
JESUS MARIA,84.1,1,1,32.0,1,2640.0,moderado
La Molina,116.1,5,3,,0,5750.0,premium
San Isidro,206.5,5,2,,0,6980.0,premium
Surco,66.2,2,2,8.0,1,4730.0,premium
San Miguel,199.1,5,3,3.0,1,5630.0,premium
San Borja,184.7,1,1,23.0,1,5080.0,premium
Magdalena,179.0,2,2,,1,49415.0,premium
Chorrillos,,4,1,14.0,1,4600.0,premium
Surco,120.3,2,2,1.0,1,5210.0,premium
San Miguel,99.9,1,1,13.0,1,3600.0,premium
La Molina,186.4,2,2,,1,6320.0,premium
San Miguel,58.6,3,3,26.0,1,34332.0,premium
Jesus Maria,114.9,1,1,13.0,1,3640.0,premium
Ate,56.1,2,1,34.0,0,1250.0,economico
Ate,159.5,5,3,6.0,0,4280.0,premium
Ate,156.1,3,3,3.0,0,3860.0,premium
San Isidro,206.7,4,3,6.0,0,7630.0,premium
Chorrillos,56.1,3,3,20.0,0,2420.0,moderado
Surco,51.5,2,1,19.0,1,4110.0,premium
magdalena,113.1,4,3,,0,4250.0,premium
San Miguel,92.1,1,1,10.0,1,3680.0,premium
San Isidro,172.4,2,2,39.0,0,5690.0,premium
Pueblo Libre,104.4,2,2,,0,2690.0,moderado
Ate,140.5,2,2,33.0,1,2760.0,moderado
Ate,74.1,3,1,13.0,1,2580.0,moderado
Magdalena,190.3,5,2,29.0,1,5110.0,premium
Magdalena,218.9,4,3,33.0,0,4890.0,premium
San Juan de Lurigancho,171.2,1,1,36.0,1,2840.0,moderado
Chorrillos,217.8,3,1,6.0,1,4910.0,premium
Carabayllo,187.1,2,1,29.0,1,3100.0,premium
Chorrillos,141.5,1,1,38.0,0,2450.0,moderado
Lince,71.6,1,1,21.0,1,2400.0,moderado
Chorrillos,59.9,3,1,14.0,1,2810.0,moderado
Carabayllo,161.2,2,2,39.0,0,2170.0,moderado
Miraflores,86.1,3,3,24.0,0,5060.0,premium
San Borja,212.8,5,1,5.0,0,6780.0,premium
Barranco,219.4,3,3,21.0,1,6130.0,premium
Barranco,209.6,1,1,39.0,1,4610.0,premium
San Miguel,194.4,5,1,18.0,0,4720.0,premium
San Borja,191.7,2,2,34.0,0,4980.0,premium
Barranco,134.5,1,1,36.0,1,4010.0,premium
Pueblo Libre,49.1,5,3,8.0,1,3810.0,premium
Jesus Maria,,2,2,9.0,0,5070.0,premium
San Juan de Lurigancho,116.2,4,2,5.0,1,3440.0,premium
San Isidro,200.3,3,3,24.0,1,6790.0,premium
la molina,109.2,3,3,33.0,0,4110.0,premium
Magdalena,137.9,4,2,32.0,1,4210.0,premium
San Isidro,48.6,1,1,8.0,0,4600.0,premium
Lince,147.0,3,2,11.0,0,3670.0,premium
San Borja,179.4,3,1,11.0,1,5960.0,premium
San Miguel,,3,2,18.0,1,4040.0,premium
ate,54.6,1,1,13.0,0,1530.0,moderado
Surco,179.7,5,1,16.0,1,6270.0,premium
Chorrillos,188.1,1,1,3.0,1,4180.0,premium
San Miguel,59.9,3,1,3.0,0,3420.0,premium
Barranco,161.2,4,3,29.0,1,5310.0,premium
Barranco,122.4,4,1,38.0,1,3980.0,premium
San Isidro,,2,1,,1,4830.0,premium
Miraflores,152.3,1,1,38.0,1,4970.0,premium
Lince,192.4,4,1,31.0,1,4110.0,premium
Miraflores,98.0,3,2,0.0,0,5660.0,premium
Lince,,2,2,23.0,1,2730.0,moderado
Carabayllo,44.7,5,3,24.0,1,45697.0,moderado
San Isidro,64.9,5,3,16.0,1,6040.0,premium
Miraflores,218.3,3,2,39.0,1,6420.0,premium
Pueblo Libre,91.6,4,1,7.0,1,4050.0,premium
Lince,77.1,5,3,26.0,1,3340.0,premium
Surco,46.1,5,1,28.0,1,4430.0,premium
San Juan de Lurigancho,95.3,1,1,28.0,1,1800.0,moderado
Pueblo Libre,207.8,3,1,,1,4400.0,premium
San Juan de Lurigancho,93.0,2,2,8.0,1,3020.0,premium
Ate,47.0,5,1,29.0,0,2130.0,moderado
Pueblo Libre,142.3,3,2,36.0,0,3600.0,premium
Magdalena,117.7,3,3,4.0,1,4450.0,premium
Surco,219.2,1,1,18.0,1,5720.0,premium
Miraflores,118.3,5,1,34.0,1,5220.0,premium
Chorrillos,205.9,3,3,10.0,1,4660.0,premium
San Juan de Lurigancho,189.8,1,1,19.0,1,3340.0,premium
Barranco,,2,1,,1,5770.0,premium
Carabayllo,146.9,2,1,39.0,1,2240.0,moderado
San Borja,210.5,3,2,15.0,0,6030.0,premium
Miraflores,138.9,1,1,14.0,1,5640.0,premium
pueblo libre,169.2,2,2,21.0,1,4260.0,premium
Barranco,140.6,1,1,1.0,1,5000.0,premium
Lince,,1,1,20.0,1,3110.0,premium
Ate,78.5,1,1,8.0,1,2490.0,moderado
Surco,111.6,3,3,8.0,0,5180.0,premium
Surco,163.8,3,2,37.0,1,5210.0,premium
Miraflores,60.5,4,2,,1,5470.0,premium
San Borja,144.9,3,1,31.0,1,4980.0,premium
Pueblo Libre,58.6,4,1,5.0,1,3810.0,premium
Surco,207.6,2,2,,1,5470.0,premium
San Borja,140.6,5,1,11.0,1,5570.0,premium
Barranco,113.6,5,3,25.0,1,4910.0,premium
San Juan de Lurigancho,41.5,1,1,25.0,0,850.0,economico
Miraflores,,5,2,20.0,1,5810.0,premium
La Molina,,4,1,38.0,1,5110.0,premium
Lince,219.7,5,3,33.0,1,4660.0,premium
Pueblo Libre,44.0,1,1,23.0,1,1960.0,moderado
Carabayllo,137.4,2,1,,1,2680.0,moderado
CARABAYLLO,211.6,4,1,33.0,1,3420.0,premium
chorrillos,69.8,3,3,18.0,0,2530.0,moderado
Lince,77.1,1,1,0.0,1,3050.0,premium
Miraflores,174.9,1,1,14.0,1,6140.0,premium
La Molina,146.2,3,1,0.0,1,5490.0,premium
Pueblo Libre,176.5,4,2,18.0,1,4580.0,premium
San Isidro,70.6,4,3,28.0,1,5440.0,premium
Pueblo Libre,,4,1,17.0,1,4270.0,premium
Carabayllo,180.0,5,1,19.0,0,3400.0,premium
Lince,46.4,4,3,24.0,1,3020.0,premium
La Molina,197.3,2,1,0.0,1,6320.0,premium
Chorrillos,211.6,2,2,6.0,0,4770.0,premium
Pueblo Libre,157.3,2,2,28.0,1,4000.0,premium
San Juan de Lurigancho,187.8,1,1,10.0,0,3220.0,premium
Magdalena,,2,2,1.0,1,4300.0,premium
Jesus Maria,130.3,1,1,21.0,1,3720.0,premium
San Isidro,,2,2,13.0,1,6900.0,premium
Ate,176.7,1,1,30.0,0,2860.0,moderado
San Isidro,66.5,1,1,6.0,0,5250.0,premium
Surco,132.7,2,2,27.0,1,4960.0,premium
San Juan de Lurigancho,41.1,1,1,19.0,1,1410.0,economico
Lince,170.9,3,1,29.0,0,3470.0,premium
La Molina,96.5,4,2,13.0,0,4810.0,premium
Ate,142.1,2,1,16.0,1,3070.0,premium
Jesus Maria,124.1,4,2,9.0,0,4080.0,premium
San Juan de Lurigancho,171.8,4,1,,1,3220.0,premium
Barranco,186.0,4,2,,0,5120.0,premium
Jesus Maria,209.0,1,1,,0,3800.0,premium
Lince,107.8,1,1,,1,3170.0,premium
Surco,132.3,2,2,34.0,0,4560.0,premium
Jesus Maria,,4,2,4.0,1,4380.0,premium
Carabayllo,154.0,2,1,27.0,0,2330.0,moderado
Surco,118.0,2,2,9.0,1,5060.0,premium
San Borja,148.1,1,1,0.0,1,5530.0,premium
Ate,110.2,3,3,25.0,1,2990.0,moderado
La Molina,213.9,3,1,9.0,0,5770.0,premium
Surco,149.1,1,1,14.0,1,5350.0,premium
San Borja,146.1,4,3,21.0,0,5480.0,premium
San Miguel,162.3,2,2,12.0,0,4390.0,premium
Surco,109.6,3,2,9.0,1,5380.0,premium
Miraflores,,1,1,34.0,1,4530.0,premium
San Juan de Lurigancho,215.6,2,2,6.0,1,4290.0,premium
La Molina,67.5,4,2,8.0,0,58169.0,premium
Chorrillos,105.7,1,1,11.0,0,2390.0,moderado
Ate,45.8,1,1,7.0,1,2050.0,moderado
san miguel,147.3,3,2,15.0,1,4250.0,premium
SAN MIGUEL,106.2,5,1,8.0,1,4100.0,premium
San Juan de Lurigancho,111.1,1,1,21.0,0,2110.0,moderado
La Molina,126.9,2,1,37.0,0,4170.0,premium
Carabayllo,201.6,1,1,35.0,1,3070.0,premium
San Juan de Lurigancho,215.0,3,1,30.0,1,3520.0,premium
San Miguel,196.1,3,2,6.0,1,5330.0,premium
San Borja,149.3,4,2,22.0,1,5510.0,premium
Miraflores,138.8,4,2,30.0,0,5560.0,premium
San Miguel,189.0,3,3,17.0,1,4870.0,premium
San Miguel,143.9,4,3,25.0,1,4350.0,premium
Ate,,2,2,22.0,1,3090.0,premium
Barranco,161.4,5,2,23.0,0,5300.0,premium
Carabayllo,200.3,3,2,19.0,0,3690.0,premium
Barranco,144.9,1,1,18.0,0,4520.0,premium
Chorrillos,96.9,3,3,22.0,1,3110.0,premium
Barranco,76.0,4,1,24.0,0,3770.0,premium
Chorrillos,77.5,5,2,17.0,1,3260.0,premium
Ate,102.6,1,1,34.0,1,2210.0,moderado
San Miguel,,2,2,16.0,1,3380.0,premium
Surco,107.3,4,1,16.0,1,5050.0,premium
La Molina,218.2,3,3,29.0,1,5830.0,premium
Ate,155.7,2,1,7.0,0,3460.0,premium
Magdalena,42.8,2,1,25.0,0,2780.0,moderado
Jesus Maria,192.2,3,1,31.0,0,3990.0,premium
Surco,,5,2,31.0,1,5200.0,premium
San Isidro,,5,2,39.0,1,5820.0,premium
San Isidro,97.5,3,2,33.0,0,5310.0,premium
Surco,66.7,3,1,32.0,1,3990.0,premium
Carabayllo,170.6,2,1,38.0,1,2350.0,moderado
SAN JUAN DE LURIGANCHO,121.0,2,1,35.0,1,2120.0,moderado
carabayllo,73.6,4,1,26.0,1,1900.0,moderado
Surco,58.0,5,3,0.0,0,4930.0,premium
Lince,139.6,5,1,25.0,1,3800.0,premium
Barranco,,1,1,38.0,0,3320.0,premium
Carabayllo,,4,1,6.0,1,3610.0,premium
Barranco,,2,2,18.0,1,4970.0,premium
MAGDALENA,91.4,3,2,38.0,1,3170.0,premium
Ate,200.3,5,1,18.0,0,4140.0,premium
Chorrillos,142.9,1,1,35.0,0,2440.0,moderado
Jesus Maria,214.8,3,3,18.0,1,5130.0,premium
Ate,149.7,1,1,36.0,1,2130.0,moderado
Magdalena,,3,3,21.0,0,3500.0,premium
Surco,182.1,3,2,18.0,1,6040.0,premium
San Borja,110.0,1,1,32.0,1,4090.0,premium
Surco,164.6,3,3,6.0,1,5860.0,premium
Carabayllo,95.8,1,1,21.0,1,2120.0,moderado
Magdalena,77.4,5,1,23.0,1,3700.0,premium
La Molina,182.6,2,2,0.0,1,6070.0,premium
San Isidro,,4,1,21.0,1,6590.0,premium
Ate,212.6,1,1,14.0,1,3740.0,premium
Barranco,163.7,5,2,35.0,1,5000.0,premium
San Juan de Lurigancho,126.7,1,1,15.0,0,2130.0,moderado
Jesus Maria,93.7,2,1,38.0,1,2950.0,moderado
Ate,93.5,5,2,27.0,1,2720.0,moderado
Magdalena,195.9,5,3,26.0,0,4990.0,premium
La Molina,51.0,1,1,9.0,1,3880.0,premium
Ate,181.8,3,3,8.0,0,4220.0,premium
San Miguel,123.8,3,3,13.0,1,4220.0,premium
Surco,97.8,3,3,5.0,1,5330.0,premium
Pueblo Libre,170.5,3,3,39.0,1,3710.0,premium
Pueblo Libre,107.5,4,3,35.0,1,3600.0,premium
San Miguel,62.5,2,1,9.0,1,3090.0,premium
Chorrillos,196.7,4,3,36.0,1,4080.0,premium
San Borja,119.4,1,1,3.0,0,4720.0,premium
Carabayllo,179.5,2,1,14.0,1,3100.0,premium
San Isidro,197.5,4,2,27.0,1,6930.0,premium
La Molina,74.5,3,3,38.0,0,3770.0,premium
miraflores,189.2,3,2,8.0,1,6860.0,premium
Ate,195.0,5,2,29.0,0,3720.0,premium
Lince,76.8,5,1,37.0,1,2730.0,moderado
Pueblo Libre,171.1,2,2,16.0,1,4300.0,premium
San Isidro,217.4,5,3,27.0,1,7660.0,premium
Lince,92.5,2,2,39.0,0,2310.0,moderado
Pueblo Libre,179.4,4,1,38.0,0,3670.0,premium
Lince,132.0,4,3,,0,3570.0,premium
La Molina,88.5,5,3,4.0,0,5340.0,premium
Magdalena,179.7,5,2,32.0,0,4320.0,premium
Chorrillos,147.4,3,3,33.0,1,3480.0,premium
Magdalena,84.2,3,2,4.0,1,4290.0,premium
San Juan de Lurigancho,107.6,4,2,13.0,1,3270.0,premium
Miraflores,144.4,4,1,9.0,1,6460.0,premium
Magdalena,,2,1,37.0,1,3690.0,premium
Lince,92.2,2,2,30.0,0,2580.0,moderado
Lince,80.0,4,2,35.0,1,3040.0,premium
Jesus Maria,182.2,3,1,30.0,1,4110.0,premium
Lince,188.1,1,1,15.0,0,3710.0,premium
Magdalena,,1,1,10.0,1,5050.0,premium
Barranco,139.6,2,1,25.0,1,4540.0,premium
Jesus Maria,86.2,5,3,30.0,1,3630.0,premium
San Miguel,165.7,1,1,17.0,1,4030.0,premium
Pueblo Libre,,5,3,36.0,0,3070.0,premium
Chorrillos,150.1,3,3,35.0,1,3450.0,premium
Pueblo Libre,,4,2,35.0,1,3960.0,premium
San Juan de Lurigancho,133.0,2,2,27.0,1,2570.0,moderado
San Miguel,72.3,2,1,27.0,0,2430.0,moderado
Chorrillos,92.5,5,3,31.0,0,2790.0,moderado
Miraflores,83.2,3,3,22.0,0,5150.0,premium
CHORRILLOS,81.1,5,1,2.0,1,3410.0,premium
San Borja,116.0,1,1,17.0,0,4290.0,premium
Pueblo Libre,178.5,3,2,31.0,0,3770.0,premium
Surco,101.6,4,2,23.0,1,4950.0,premium
San Borja,203.9,4,1,13.0,1,6300.0,premium
Lince,185.7,1,1,28.0,1,3510.0,premium
San Miguel,178.0,4,1,39.0,0,3790.0,premium
San Miguel,147.3,1,1,4.0,1,4180.0,premium
San Isidro,132.0,2,1,37.0,0,5130.0,premium
Miraflores,110.8,4,3,,0,4970.0,premium
Magdalena,189.8,1,1,35.0,0,3570.0,premium
San Borja,138.3,3,1,30.0,1,4800.0,premium
San Isidro,167.6,1,1,11.0,0,6170.0,premium
San Miguel,73.6,3,2,35.0,0,2850.0,moderado
Surco,86.9,2,2,23.0,1,4420.0,premium
Lince,98.8,2,2,1.0,1,3850.0,premium
Miraflores,161.2,5,2,17.0,1,6240.0,premium
La Molina,174.8,1,1,20.0,1,5100.0,premium
Jesus Maria,159.5,4,3,31.0,0,4400.0,premium
Magdalena,101.6,3,3,16.0,0,3660.0,premium
San Borja,146.2,1,1,32.0,1,4430.0,premium
Ate,78.1,3,3,28.0,1,2460.0,moderado
San Juan de Lurigancho,195.0,5,3,17.0,1,4510.0,premium
magdalena,53.8,2,2,7.0,1,3730.0,premium
Barranco,157.3,4,1,20.0,0,4900.0,premium
Ate,149.1,4,2,30.0,1,3370.0,premium
La Molina,175.0,1,1,36.0,1,4580.0,premium
Surco,71.7,5,3,20.0,0,4660.0,premium
San Borja,109.6,2,2,,0,4870.0,premium
Surco,51.5,4,1,2.0,1,4870.0,premium
Surco,133.6,5,2,27.0,1,5290.0,premium
Carabayllo,159.9,4,1,9.0,1,3680.0,premium
Jesus Maria,113.3,3,2,32.0,0,3140.0,premium
Barranco,53.2,5,1,25.0,1,3860.0,premium
La Molina,127.9,1,1,30.0,1,4070.0,premium
Lince,97.9,4,3,18.0,0,61233.0,premium
San Miguel,56.3,5,3,11.0,0,4120.0,premium
Magdalena,144.4,5,3,10.0,1,5120.0,premium
Pueblo Libre,,4,3,10.0,0,3640.0,premium
La Molina,81.4,3,1,22.0,1,4210.0,premium
Ate,203.2,4,2,30.0,1,4000.0,premium
San Juan de Lurigancho,163.9,2,1,30.0,0,2370.0,moderado
Chorrillos,60.1,5,2,22.0,1,2950.0,moderado
San Miguel,131.4,4,2,38.0,0,3490.0,premium
San Isidro,201.0,4,2,9.0,0,7410.0,premium
MIRAFLORES,,4,1,29.0,1,6380.0,premium
San Isidro,156.0,4,3,18.0,1,7020.0,premium
San Juan de Lurigancho,185.7,5,1,23.0,1,3860.0,premium
Barranco,171.7,5,2,37.0,1,5080.0,premium
San Borja,142.1,1,1,7.0,1,5320.0,premium
San Borja,123.1,5,2,28.0,0,4760.0,premium
Pueblo Libre,204.6,3,1,8.0,1,5070.0,premium
La Molina,151.7,4,2,21.0,1,5190.0,premium
Surco,112.8,2,2,8.0,1,5210.0,premium
San Borja,217.5,5,1,34.0,1,33788.0,premium
Miraflores,,3,3,13.0,1,6040.0,premium
Carabayllo,127.4,5,2,17.0,0,3010.0,premium
Surco,46.3,2,2,,1,4450.0,premium
Ate,91.2,5,1,10.0,1,3010.0,premium
San Juan de Lurigancho,164.4,5,3,0.0,1,4190.0,premium
San Borja,,2,2,33.0,1,4050.0,premium
Lince,50.8,1,1,22.0,1,2020.0,moderado
Carabayllo,,5,1,2.0,1,3140.0,premium
San Juan de Lurigancho,132.2,2,1,10.0,1,3120.0,premium
San Borja,109.9,3,2,16.0,0,4590.0,premium
Pueblo Libre,77.1,4,3,11.0,0,3440.0,premium
San Juan de Lurigancho,136.3,1,1,36.0,1,2100.0,moderado
Surco,83.5,3,1,11.0,1,5080.0,premium
San Isidro,202.4,4,2,0.0,0,7580.0,premium
Carabayllo,179.4,1,1,6.0,0,3270.0,premium
Miraflores,89.0,1,1,26.0,1,4730.0,premium
Jesus Maria,108.2,2,2,1.0,1,4380.0,premium
La Molina,55.1,2,2,14.0,1,4090.0,premium
La Molina,150.2,5,3,12.0,0,5800.0,premium
Jesus Maria,175.3,3,3,19.0,0,4490.0,premium
San Isidro,182.5,4,2,20.0,1,6970.0,premium
Miraflores,153.6,4,2,36.0,1,5820.0,premium
San Juan de Lurigancho,,4,1,6.0,0,3140.0,premium
Miraflores,194.4,3,1,26.0,1,5990.0,premium
Pueblo Libre,51.6,1,1,20.0,1,2240.0,moderado
San Miguel,116.9,1,1,10.0,0,3450.0,premium
Surco,173.2,4,1,6.0,0,5750.0,premium
San Juan de Lurigancho,182.2,5,2,32.0,0,3430.0,premium
Magdalena,189.2,3,1,31.0,0,4090.0,premium
San Miguel,75.5,4,3,16.0,0,3810.0,premium
Surco,119.6,3,3,16.0,1,5470.0,premium
Jesus Maria,,2,2,3.0,1,4910.0,premium
Chorrillos,207.1,4,1,11.0,1,4760.0,premium
Jesus Maria,122.6,2,2,12.0,1,4130.0,premium
San Isidro,102.9,2,2,1.0,1,6040.0,premium
Miraflores,174.7,3,2,26.0,1,6110.0,premium
Carabayllo,216.3,4,1,38.0,0,3220.0,premium
San Miguel,,3,2,3.0,1,4090.0,premium
Ate,175.2,5,3,15.0,0,4090.0,premium
Jesus Maria,105.1,1,1,27.0,1,3300.0,premium
Surco,193.5,2,1,23.0,1,5600.0,premium
Jesus Maria,117.4,4,2,32.0,0,3300.0,premium
Pueblo Libre,139.3,2,2,11.0,1,3790.0,premium
San Isidro,112.8,2,1,21.0,1,5600.0,premium
Ate,169.1,1,1,6.0,0,3310.0,premium
Ate,172.0,5,1,32.0,1,3610.0,premium
Pueblo Libre,185.4,1,1,26.0,1,42790.0,premium
Chorrillos,130.5,1,1,31.0,1,2780.0,moderado
Miraflores,149.9,3,3,2.0,0,6620.0,premium
Ate,140.9,5,2,28.0,0,3030.0,premium
San Borja,40.8,4,3,8.0,1,4670.0,premium
Surco,99.5,4,1,16.0,0,4710.0,premium
La Molina,148.2,1,1,23.0,1,4500.0,premium
Jesus Maria,172.8,3,2,39.0,0,3820.0,premium
San Isidro,153.4,4,2,6.0,1,6870.0,premium
Chorrillos,170.4,4,3,6.0,1,4730.0,premium
Magdalena,96.3,1,1,1.0,1,3860.0,premium
Ate,208.0,1,1,10.0,1,3790.0,premium
Surco,118.7,4,2,30.0,0,5080.0,premium
Ate,130.2,5,2,39.0,1,3310.0,premium
San Isidro,58.5,2,1,35.0,1,4600.0,premium
Carabayllo,208.7,1,1,,1,3960.0,premium
San Borja,198.8,5,1,25.0,1,6140.0,premium
Lince,190.5,4,1,3.0,0,4760.0,premium
Chorrillos,131.2,2,2,2.0,1,4130.0,premium
Surco,111.4,5,2,16.0,1,5100.0,premium
Lince,148.7,4,3,23.0,1,4200.0,premium
Miraflores,201.2,2,2,32.0,0,5960.0,premium
La Molina,115.3,2,2,4.0,0,4930.0,premium
Lince,54.3,4,1,39.0,0,2030.0,moderado
La Molina,192.8,2,1,13.0,1,5660.0,premium
Ate,48.9,1,1,17.0,1,1870.0,moderado
Ate,,4,1,19.0,0,2280.0,moderado
Chorrillos,64.7,1,1,16.0,1,2300.0,moderado
Magdalena,158.0,5,1,32.0,0,3900.0,premium
Miraflores,167.8,2,1,27.0,1,5560.0,premium
Barranco,63.2,4,2,34.0,0,3270.0,premium
San Juan de Lurigancho,169.3,5,1,34.0,1,3280.0,premium
Pueblo Libre,191.5,2,2,36.0,0,3860.0,premium
La Molina,132.9,1,1,,0,4010.0,premium
La Molina,95.2,2,2,31.0,1,4010.0,premium
Miraflores,219.7,5,2,10.0,1,7440.0,premium
Barranco,111.0,1,1,11.0,1,4450.0,premium
Miraflores,67.3,5,3,11.0,1,5560.0,premium
Magdalena,201.2,5,1,23.0,0,5270.0,premium
La Molina,,4,1,26.0,0,4940.0,premium
Miraflores,166.2,4,2,5.0,1,35510.0,premium
Chorrillos,78.3,2,1,10.0,1,2660.0,moderado
San Miguel,168.5,2,2,16.0,1,4170.0,premium
San Juan de Lurigancho,161.9,5,3,18.0,1,3770.0,premium
Barranco,159.5,5,3,35.0,1,5350.0,premium
Magdalena,,1,1,19.0,0,3080.0,premium
Carabayllo,50.7,1,1,,1,1540.0,moderado
San Isidro,87.7,4,1,24.0,0,5710.0,premium
San Borja,194.4,2,1,12.0,1,5570.0,premium
san miguel,190.3,5,2,21.0,1,5260.0,premium
Chorrillos,91.1,1,1,34.0,0,1970.0,moderado
Ate,61.5,1,1,18.0,1,2000.0,moderado
Ate,95.9,2,1,34.0,1,2070.0,moderado
Ate,139.3,2,2,38.0,1,2430.0,moderado
Jesus Maria,73.7,1,1,27.0,0,2550.0,moderado
Ate,121.2,4,3,39.0,1,2840.0,moderado
San Miguel,188.9,4,3,16.0,0,4920.0,premium
Chorrillos,74.7,2,2,28.0,1,2440.0,moderado
SAN ISIDRO,75.1,3,3,4.0,1,6100.0,premium
San Isidro,183.9,5,2,25.0,1,6740.0,premium
Ate,77.5,5,2,39.0,1,2330.0,moderado
Magdalena,,5,3,15.0,0,5600.0,premium
Lince,111.7,2,2,8.0,0,3280.0,premium
Jesus Maria,,1,1,13.0,1,2590.0,moderado
Chorrillos,78.9,3,1,22.0,1,2730.0,moderado
San Miguel,135.1,4,1,17.0,1,4110.0,premium
surco,218.3,5,3,1.0,1,7470.0,premium
Jesus Maria,85.2,5,1,34.0,1,3480.0,premium
Magdalena,52.6,3,3,,1,3450.0,premium
Carabayllo,205.4,4,2,32.0,0,3500.0,premium
La Molina,188.5,2,2,13.0,0,5350.0,premium
Magdalena,117.1,4,2,17.0,0,4340.0,premium
Jesus Maria,164.8,3,3,7.0,1,5170.0,premium
San Borja,194.7,3,2,12.0,1,6080.0,premium
San Isidro,95.3,1,1,32.0,0,4430.0,premium
Jesus Maria,163.2,5,2,20.0,1,4770.0,premium
San Juan de Lurigancho,66.1,1,1,4.0,0,2140.0,moderado
Magdalena,190.0,5,1,3.0,0,5450.0,premium
Magdalena,113.0,3,3,,0,3100.0,premium
San Juan de Lurigancho,188.9,5,3,29.0,0,3750.0,premium
Magdalena,128.9,1,1,28.0,1,3480.0,premium
Surco,57.0,4,2,28.0,1,4420.0,premium
Lince,167.1,1,1,27.0,1,3630.0,premium
Jesus Maria,147.3,2,2,38.0,1,3460.0,premium
San Miguel,164.1,2,2,1.0,1,4810.0,premium
Barranco,181.2,3,2,1.0,0,5600.0,premium
San Miguel,187.1,3,3,27.0,1,4370.0,premium
SAN JUAN DE LURIGANCHO,182.3,5,2,29.0,0,3620.0,premium
Miraflores,120.1,4,1,20.0,1,5670.0,premium
Ate,145.8,3,1,15.0,0,3260.0,premium
San Isidro,114.0,5,3,34.0,1,6140.0,premium
San Miguel,86.0,5,2,3.0,1,4470.0,premium
Barranco,83.0,4,1,32.0,1,4140.0,premium
Pueblo Libre,101.1,2,1,13.0,1,3580.0,premium
Barranco,88.1,4,3,20.0,0,4160.0,premium
Ate,,2,2,39.0,0,1410.0,economico
Jesus Maria,109.2,1,1,10.0,1,3320.0,premium
Pueblo Libre,109.7,3,2,2.0,1,3860.0,premium
San Borja,77.6,4,1,,1,4240.0,premium
San Isidro,88.5,1,1,7.0,1,5450.0,premium
Surco,94.3,5,1,0.0,1,5370.0,premium
Jesus Maria,92.8,5,3,17.0,1,4070.0,premium
Ate,175.0,1,1,,1,3130.0,premium
Chorrillos,104.3,1,1,27.0,0,2240.0,moderado
San Miguel,41.6,2,1,22.0,1,2630.0,moderado
Lince,114.9,2,2,18.0,1,3150.0,premium
Pueblo Libre,,3,2,22.0,1,3980.0,premium
San Borja,71.0,4,3,39.0,0,3490.0,premium
Lince,126.8,2,1,,0,2570.0,moderado
Chorrillos,77.9,5,3,33.0,0,2700.0,moderado
Ate,200.6,1,1,24.0,1,3400.0,premium
Ate,207.7,4,3,3.0,1,4760.0,premium
Miraflores,178.4,5,3,14.0,1,6850.0,premium
San Juan de Lurigancho,149.4,1,1,15.0,1,3190.0,premium
Barranco,55.1,3,2,23.0,0,3700.0,premium
Lince,177.1,5,3,27.0,1,4910.0,premium
San Borja,64.1,3,3,18.0,1,4680.0,premium
Barranco,133.9,2,2,6.0,0,4730.0,premium
Ate,95.0,4,1,17.0,1,2800.0,moderado
Barranco,159.7,2,2,14.0,1,5300.0,premium
Lince,58.8,1,1,28.0,0,1860.0,moderado
MIRAFLORES,47.3,2,1,12.0,1,4790.0,premium
Chorrillos,143.2,2,2,2.0,1,3900.0,premium
Lince,119.1,4,3,31.0,0,3320.0,premium
La Molina,131.3,2,2,13.0,1,5040.0,premium
San Miguel,153.4,5,2,19.0,1,4910.0,premium
Ate,41.8,3,2,18.0,0,1980.0,moderado
Pueblo Libre,140.4,4,2,21.0,0,3950.0,premium
Pueblo Libre,215.2,3,3,,0,5210.0,premium
Ate,114.0,2,2,2.0,1,3370.0,premium
Jesus Maria,72.1,1,1,8.0,1,3410.0,premium
Chorrillos,202.6,4,3,,1,4920.0,premium
Pueblo Libre,111.9,3,1,17.0,1,3680.0,premium
Ate,159.3,4,1,11.0,1,3900.0,premium
San Miguel,125.2,2,1,4.0,0,3680.0,premium
Pueblo Libre,180.0,1,1,2.0,0,4190.0,premium
San Isidro,132.1,2,2,21.0,1,5820.0,premium
San Juan de Lurigancho,74.6,1,1,36.0,1,1260.0,economico
Magdalena,89.4,3,1,27.0,0,3090.0,premium
Barranco,117.7,4,3,0.0,1,5370.0,premium
Lince,172.0,4,3,6.0,0,4560.0,premium
Carabayllo,213.0,5,1,20.0,0,4160.0,premium
San Miguel,119.0,2,1,24.0,1,46302.0,premium
Jesus Maria,92.7,5,1,19.0,0,3710.0,premium
La Molina,65.4,4,3,10.0,1,5010.0,premium
Lince,125.2,2,2,9.0,1,4030.0,premium
Jesus Maria,116.1,1,1,37.0,1,2780.0,moderado
Magdalena,192.6,4,2,17.0,1,5330.0,premium
Chorrillos,67.9,4,2,17.0,1,2960.0,moderado
San Isidro,167.6,2,1,31.0,1,5850.0,premium
La Molina,129.6,5,1,31.0,0,4450.0,premium
Chorrillos,165.5,2,2,31.0,1,3440.0,premium
San Isidro,209.3,1,1,29.0,1,6400.0,premium
Chorrillos,184.8,4,3,15.0,1,61504.0,premium
Carabayllo,119.1,4,1,35.0,1,2490.0,moderado
CHORRILLOS,79.3,2,2,23.0,1,2600.0,moderado
Chorrillos,,4,2,28.0,1,2480.0,moderado
Barranco,196.2,3,3,39.0,0,4660.0,premium
Miraflores,,5,2,,0,6380.0,premium
Magdalena,115.5,3,1,19.0,1,3790.0,premium
San Miguel,63.1,3,1,34.0,1,2480.0,moderado
San Juan de Lurigancho,97.5,4,1,23.0,1,2640.0,moderado
La Molina,162.4,3,1,2.0,1,5550.0,premium
Magdalena,126.9,5,1,13.0,0,4700.0,premium
La Molina,117.7,2,2,,0,4420.0,premium
San Juan de Lurigancho,99.1,1,1,17.0,0,2210.0,moderado
Pueblo Libre,127.9,5,1,31.0,0,3450.0,premium
Ate,145.2,3,1,12.0,1,3490.0,premium
San Isidro,200.2,3,3,4.0,1,7630.0,premium
Barranco,191.7,1,1,25.0,1,4900.0,premium
Pueblo Libre,140.3,2,2,1.0,0,4190.0,premium
Carabayllo,190.7,4,3,21.0,1,4120.0,premium
Chorrillos,213.7,3,3,28.0,0,4320.0,premium
San Borja,116.0,3,1,21.0,0,4530.0,premium
Jesus Maria,133.9,5,1,15.0,1,4500.0,premium
Jesus Maria,124.5,4,1,29.0,1,3730.0,premium
Jesus Maria,208.6,4,2,12.0,0,5180.0,premium
Carabayllo,184.9,2,2,35.0,1,3030.0,premium
San Borja,147.2,3,3,6.0,1,52306.0,premium
San Juan de Lurigancho,171.5,3,2,13.0,1,3350.0,premium
San Borja,101.0,2,1,22.0,1,4650.0,premium
San Isidro,149.0,3,3,,1,6070.0,premium
Magdalena,,1,1,32.0,1,2650.0,moderado
Magdalena,,2,1,5.0,1,3420.0,premium
Magdalena,85.4,3,3,19.0,1,3810.0,premium
Jesus Maria,89.8,1,1,13.0,1,3280.0,premium
La Molina,49.4,3,1,27.0,0,3320.0,premium
Carabayllo,44.3,4,2,35.0,0,1600.0,moderado
Ate,182.6,4,2,32.0,1,3850.0,premium
San Miguel,216.3,5,1,13.0,1,5620.0,premium
Pueblo Libre,141.9,1,1,36.0,0,2720.0,moderado
San Miguel,118.1,5,3,22.0,0,4150.0,premium
San Juan de Lurigancho,182.6,3,2,23.0,1,3480.0,premium
Pueblo Libre,71.9,5,2,4.0,1,3950.0,premium
Magdalena,169.1,5,3,29.0,0,4270.0,premium
chorrillos,180.1,5,1,32.0,0,3900.0,premium
Jesus Maria,127.4,3,2,1.0,1,4680.0,premium
Ate,204.6,1,1,21.0,1,3330.0,premium
San Miguel,66.3,2,2,4.0,0,3230.0,premium
Lince,189.1,3,3,18.0,1,4690.0,premium
La Molina,160.8,4,3,22.0,1,5420.0,premium
Barranco,74.9,5,2,34.0,1,4150.0,premium
Surco,113.2,5,3,36.0,1,4980.0,premium
San Borja,81.7,4,1,27.0,1,4350.0,premium
Miraflores,123.4,5,2,20.0,1,6080.0,premium
BARRANCO,215.4,1,1,,1,5030.0,premium
San Isidro,,4,1,33.0,1,5780.0,premium
Chorrillos,139.8,5,3,37.0,1,3770.0,premium
Chorrillos,95.0,5,2,37.0,1,2500.0,moderado
Chorrillos,66.9,2,2,17.0,1,2790.0,moderado
Chorrillos,139.0,1,1,8.0,1,3600.0,premium
Pueblo Libre,166.3,4,1,19.0,0,4110.0,premium
Magdalena,133.4,3,1,8.0,1,4670.0,premium
Carabayllo,179.5,5,2,10.0,1,4180.0,premium
Chorrillos,168.5,3,3,,1,3910.0,premium
San Miguel,51.4,2,2,19.0,0,2770.0,moderado
San Isidro,151.2,3,1,22.0,1,6540.0,premium
Pueblo Libre,95.0,4,1,5.0,1,3660.0,premium
Carabayllo,201.8,3,3,17.0,0,3540.0,premium
Jesus Maria,211.1,1,1,17.0,1,4790.0,premium
Jesus Maria,82.0,5,1,36.0,1,3210.0,premium
Chorrillos,138.8,4,3,25.0,1,3560.0,premium
San Borja,93.1,2,1,25.0,1,4110.0,premium
San Juan de Lurigancho,181.4,2,2,27.0,0,2630.0,moderado
Ate,130.8,3,3,5.0,1,3770.0,premium
Lince,165.9,5,3,8.0,1,5030.0,premium
Magdalena,133.8,5,3,38.0,1,4250.0,premium
San Juan de Lurigancho,206.2,2,2,37.0,1,3470.0,premium
Barranco,134.5,5,1,6.0,0,5310.0,premium
Carabayllo,215.6,3,3,,1,3610.0,premium
Barranco,204.0,3,3,23.0,1,5740.0,premium
Magdalena,68.9,3,1,8.0,1,3870.0,premium
San Miguel,72.3,5,3,19.0,1,3990.0,premium
Surco,185.9,4,3,3.0,0,6310.0,premium
Lince,204.7,1,1,33.0,1,3600.0,premium
Carabayllo,175.5,1,1,19.0,1,2810.0,moderado
Barranco,200.0,3,1,7.0,0,5950.0,premium
San Isidro,110.8,1,1,,0,4660.0,premium
Barranco,66.4,3,2,24.0,1,4010.0,premium
San Borja,136.1,1,1,35.0,1,4370.0,premium
San Isidro,114.0,2,1,14.0,1,5960.0,premium
Pueblo Libre,171.9,2,2,33.0,0,3450.0,premium
Miraflores,167.2,1,1,19.0,1,5690.0,premium
San Isidro,130.9,5,2,18.0,1,6510.0,premium
Carabayllo,,4,2,14.0,0,3850.0,premium
La Molina,196.8,1,1,20.0,0,5130.0,premium
Chorrillos,63.7,5,1,34.0,1,2490.0,moderado
Chorrillos,195.3,2,2,33.0,1,3620.0,premium
San Juan de Lurigancho,,1,1,38.0,1,2500.0,moderado
Pueblo Libre,,3,3,31.0,1,3630.0,premium
Carabayllo,72.9,2,1,22.0,1,1640.0,moderado
San Juan de Lurigancho,152.9,3,3,9.0,1,3620.0,premium
Ate,187.3,5,3,25.0,1,4010.0,premium
Jesus Maria,199.1,5,2,18.0,1,5220.0,premium
Magdalena,109.0,4,2,24.0,1,4070.0,premium
San Miguel,210.4,5,2,14.0,0,5260.0,premium
Miraflores,66.2,4,3,,1,5170.0,premium
Miraflores,138.1,2,2,7.0,0,5930.0,premium
Pueblo Libre,92.6,1,1,38.0,1,38963.0,moderado
San Juan de Lurigancho,155.1,3,3,9.0,0,3760.0,premium
San Borja,212.5,1,1,19.0,1,5650.0,premium
Pueblo Libre,176.3,2,2,16.0,1,4220.0,premium
Chorrillos,162.9,1,1,13.0,1,3710.0,premium
San Borja,,1,1,11.0,0,5730.0,premium
San Isidro,79.2,3,3,26.0,0,5240.0,premium
Carabayllo,77.3,2,2,19.0,1,2110.0,moderado
Jesus Maria,112.4,4,3,34.0,0,3380.0,premium
Chorrillos,52.4,2,2,23.0,0,2030.0,moderado
Lince,102.4,3,1,7.0,0,3530.0,premium
Carabayllo,189.6,5,1,24.0,1,3740.0,premium
San Isidro,92.0,2,2,8.0,1,5810.0,premium
Barranco,135.8,2,2,9.0,1,5040.0,premium
Chorrillos,143.4,1,1,37.0,1,2680.0,moderado
San Juan de Lurigancho,134.7,2,2,,0,3390.0,premium
Surco,80.7,3,1,34.0,0,3670.0,premium
SAN MIGUEL,176.9,3,2,36.0,1,37399.0,premium
Miraflores,153.7,3,1,25.0,0,5670.0,premium
Lince,42.9,1,1,37.0,1,1680.0,moderado
Miraflores,119.2,1,1,19.0,0,5100.0,premium
Barranco,110.6,1,1,,1,4100.0,premium
Barranco,188.3,3,3,19.0,1,5500.0,premium
San Borja,56.2,1,1,37.0,0,2910.0,moderado
San Miguel,,5,3,2.0,1,5040.0,premium
La Molina,55.4,2,1,10.0,1,4290.0,premium
Magdalena,69.5,1,1,26.0,1,3160.0,premium
San Juan de Lurigancho,88.1,3,2,23.0,0,2230.0,moderado
Lince,152.4,1,1,10.0,1,3920.0,premium
barranco,62.7,3,2,10.0,1,4270.0,premium
La Molina,112.6,3,2,34.0,1,4460.0,premium
Surco,113.7,2,2,,1,5150.0,premium
Miraflores,207.3,4,2,12.0,1,7310.0,premium
Pueblo Libre,215.7,2,2,5.0,1,5200.0,premium
Lince,92.2,3,1,22.0,1,2760.0,moderado
Barranco,143.6,5,3,14.0,1,5590.0,premium
San Juan de Lurigancho,,1,1,20.0,0,1210.0,economico
Pueblo Libre,111.1,2,2,11.0,1,3850.0,premium
Barranco,,3,3,30.0,0,5110.0,premium
Surco,96.0,2,2,26.0,0,4290.0,premium
Pueblo Libre,123.1,5,2,22.0,1,4120.0,premium
Carabayllo,122.9,5,1,4.0,0,3250.0,premium
CHORRILLOS,,3,1,25.0,1,2130.0,moderado
Surco,132.0,3,2,11.0,1,5310.0,premium
Barranco,167.8,4,1,15.0,1,5670.0,premium
Ate,96.8,4,2,8.0,1,3620.0,premium
San Isidro,157.9,1,1,28.0,1,5910.0,premium
Ate,91.6,4,1,6.0,1,3110.0,premium
San Borja,128.1,1,1,33.0,1,4400.0,premium
Pueblo Libre,178.2,5,3,38.0,0,4350.0,premium
Magdalena,53.4,2,1,26.0,0,2680.0,moderado
Carabayllo,138.0,5,2,8.0,0,3340.0,premium
Carabayllo,165.8,5,3,31.0,1,3630.0,premium
Carabayllo,113.1,1,1,23.0,1,2310.0,moderado
Lince,136.1,4,2,25.0,1,3700.0,premium
San Miguel,116.9,4,3,29.0,0,3640.0,premium
San Borja,57.4,2,2,12.0,1,4190.0,premium
PUEBLO LIBRE,78.0,5,3,26.0,0,3560.0,premium
San Miguel,100.5,4,1,28.0,1,3390.0,premium
San Juan de Lurigancho,194.4,1,1,30.0,1,2670.0,moderado
San Borja,105.2,5,1,2.0,0,5300.0,premium
La Molina,,4,3,38.0,1,3930.0,premium
Barranco,135.5,5,2,31.0,0,4550.0,premium
San Borja,141.4,5,3,12.0,1,6160.0,premium
Pueblo Libre,,4,1,28.0,1,4500.0,premium
Miraflores,177.5,1,1,31.0,1,5590.0,premium
Magdalena,64.5,1,1,15.0,1,3050.0,premium
Magdalena,188.8,2,2,6.0,0,4720.0,premium
San Isidro,108.7,5,2,28.0,1,6270.0,premium
Ate,162.7,1,1,20.0,0,3130.0,premium
Barranco,103.9,4,1,38.0,0,3770.0,premium
Carabayllo,113.9,4,2,27.0,1,2360.0,moderado
San Isidro,94.7,4,3,18.0,1,6090.0,premium
La Molina,216.6,2,1,30.0,0,4920.0,premium
Lince,206.9,1,1,5.0,1,4510.0,premium
Lince,165.0,4,3,29.0,1,4150.0,premium
La Molina,185.9,2,2,33.0,1,4890.0,premium
San Borja,55.0,3,3,19.0,1,4190.0,premium
Miraflores,110.9,1,1,29.0,0,4660.0,premium
Pueblo Libre,150.6,3,1,,1,4300.0,premium
Pueblo Libre,191.4,2,2,13.0,0,4250.0,premium
San Miguel,199.1,2,2,37.0,1,3950.0,premium
Pueblo Libre,215.6,5,1,14.0,0,5090.0,premium
Miraflores,156.2,1,1,15.0,1,5680.0,premium
San Isidro,98.9,5,3,22.0,1,6290.0,premium
Magdalena,100.5,3,2,13.0,1,4110.0,premium
San Juan de Lurigancho,181.9,5,1,,0,3280.0,premium
Magdalena,106.9,4,3,9.0,1,4590.0,premium
Surco,74.7,4,3,,0,5110.0,premium
Carabayllo,69.9,2,2,4.0,1,2750.0,moderado
Barranco,210.4,3,2,,1,6380.0,premium
Magdalena,116.2,3,1,0.0,0,4340.0,premium
LINCE,,3,2,20.0,1,4360.0,premium
Lince,62.6,4,2,19.0,1,3460.0,premium
Ate,125.3,2,2,31.0,1,2870.0,moderado
JESUS MARIA,66.4,2,2,25.0,0,2890.0,moderado
surco,207.0,1,1,5.0,1,6080.0,premium
La Molina,147.1,3,2,10.0,1,5390.0,premium
Magdalena,,5,3,30.0,1,4620.0,premium
Jesus Maria,103.9,2,2,5.0,1,3840.0,premium
Barranco,147.7,1,1,0.0,0,5140.0,premium
Barranco,182.8,4,2,7.0,1,6200.0,premium
Magdalena,112.0,1,1,3.0,0,3880.0,premium
san miguel,92.4,3,1,36.0,1,2870.0,moderado
Chorrillos,106.9,1,1,2.0,1,3140.0,premium
Chorrillos,,3,3,15.0,1,3010.0,premium
San Borja,121.5,3,1,,0,5180.0,premium
San Isidro,,1,1,13.0,0,5140.0,premium
Ate,148.3,3,1,28.0,0,2670.0,moderado
San Juan de Lurigancho,76.1,1,1,14.0,1,2170.0,moderado
Jesus Maria,56.5,4,3,0.0,0,3920.0,premium
Miraflores,66.5,4,2,28.0,1,5070.0,premium
Pueblo Libre,164.1,4,3,18.0,1,4610.0,premium
Lince,105.8,2,2,32.0,1,2750.0,moderado
Ate,,5,1,6.0,0,2570.0,moderado
Jesus Maria,142.4,4,2,4.0,1,5040.0,premium
Ate,100.3,4,2,31.0,0,2320.0,moderado
Carabayllo,80.8,4,2,19.0,0,1900.0,moderado
San Borja,190.2,3,2,7.0,1,6000.0,premium
San Juan de Lurigancho,202.9,3,2,,1,3510.0,premium
Jesus Maria,212.0,4,1,16.0,0,33879.0,premium
San Miguel,122.1,1,1,36.0,1,2890.0,moderado
Pueblo Libre,215.0,3,2,1.0,1,5420.0,premium
Magdalena,137.9,4,3,9.0,1,4890.0,premium
Carabayllo,217.0,1,1,,1,3310.0,premium
Pueblo Libre,69.3,1,1,34.0,1,2370.0,moderado
MAGDALENA,92.1,5,3,28.0,0,3690.0,premium
Barranco,,5,1,10.0,1,5950.0,premium
Chorrillos,119.3,5,2,6.0,1,4030.0,premium
Ate,,2,1,0.0,1,3860.0,premium
Jesus Maria,204.7,1,1,4.0,1,5180.0,premium
Lince,49.9,4,2,,0,2250.0,moderado
Carabayllo,167.6,2,1,26.0,0,2580.0,moderado
Magdalena,114.1,3,2,7.0,0,3920.0,premium
Lince,168.8,2,2,15.0,1,4220.0,premium
SAN ISIDRO,73.9,4,2,17.0,1,5780.0,premium
Ate,170.6,1,1,30.0,1,2870.0,moderado
Miraflores,164.3,4,2,16.0,1,6490.0,premium
Jesus Maria,53.6,2,2,10.0,1,3420.0,premium
Carabayllo,77.6,3,1,8.0,1,2490.0,moderado
Miraflores,40.7,3,1,35.0,1,4160.0,premium
Chorrillos,65.2,5,2,38.0,1,2140.0,moderado
Miraflores,75.6,1,1,11.0,0,4450.0,premium
Magdalena,48.1,5,3,13.0,1,3810.0,premium
San Juan de Lurigancho,124.3,2,1,0.0,1,3110.0,premium
Miraflores,103.1,2,1,26.0,0,4650.0,premium
Jesus Maria,153.1,3,3,6.0,1,4840.0,premium
San Miguel,79.4,2,2,6.0,1,3330.0,premium
Miraflores,180.1,2,2,8.0,1,6520.0,premium
San Miguel,42.2,5,1,27.0,1,3050.0,premium
Chorrillos,127.2,4,3,19.0,1,3750.0,premium
San Isidro,186.2,2,2,16.0,0,6530.0,premium
Carabayllo,142.7,5,1,34.0,0,2610.0,moderado
Magdalena,165.2,5,1,18.0,0,4710.0,premium
La Molina,127.5,5,3,25.0,1,5190.0,premium
Surco,185.6,5,2,18.0,1,6260.0,premium
Pueblo Libre,,2,2,24.0,0,3750.0,premium
Pueblo Libre,156.5,5,2,25.0,1,4330.0,premium
Surco,150.0,5,3,5.0,1,6150.0,premium
Miraflores,186.0,5,1,0.0,1,7380.0,premium
JESUS MARIA,126.7,5,1,39.0,0,3440.0,premium
La Molina,199.6,2,2,,1,6210.0,premium
Jesus Maria,146.4,2,2,39.0,0,3340.0,premium
Barranco,168.9,4,1,25.0,1,5390.0,premium
San Borja,203.7,1,1,17.0,1,5420.0,premium
Magdalena,78.5,3,1,36.0,1,3070.0,premium
Lince,130.2,5,1,14.0,0,3550.0,premium
San Borja,165.9,1,1,34.0,0,4380.0,premium
Pueblo Libre,88.4,2,1,38.0,1,2490.0,moderado
Chorrillos,204.0,4,3,3.0,1,5140.0,premium
San Juan de Lurigancho,135.8,5,3,32.0,1,3040.0,premium
Chorrillos,187.4,5,2,7.0,1,5170.0,premium
San Isidro,68.0,1,1,18.0,0,4990.0,premium
San Isidro,168.9,5,2,20.0,0,7050.0,premium
Jesus Maria,,4,2,16.0,0,4710.0,premium
San Miguel,217.3,5,1,36.0,0,4420.0,premium
Jesus Maria,214.8,5,1,19.0,1,5260.0,premium
SAN ISIDRO,145.2,5,3,26.0,1,6550.0,premium
Jesus Maria,195.0,3,1,27.0,1,4530.0,premium
Lince,66.1,5,1,36.0,1,2790.0,moderado
San Isidro,52.4,2,2,16.0,0,4790.0,premium
San Miguel,218.2,1,1,,0,4680.0,premium
Chorrillos,106.1,2,2,2.0,1,3610.0,premium
Surco,113.5,2,1,11.0,0,4790.0,premium
Chorrillos,56.6,3,1,38.0,1,1930.0,moderado
Pueblo Libre,50.6,5,1,16.0,1,3310.0,premium
Chorrillos,196.3,3,1,39.0,1,3510.0,premium
San Borja,175.8,1,1,37.0,0,4170.0,premium
La Molina,129.1,4,1,22.0,0,4820.0,premium
San Isidro,42.3,4,2,21.0,0,4980.0,premium
San Isidro,173.3,4,2,1.0,1,7290.0,premium
surco,85.3,3,1,6.0,1,4880.0,premium
Carabayllo,,1,1,38.0,0,1250.0,economico
Carabayllo,83.1,5,3,2.0,0,3060.0,premium
Barranco,70.5,1,1,3.0,0,4080.0,premium
Surco,127.5,4,2,36.0,1,4720.0,premium
San Miguel,101.7,1,1,1.0,1,3580.0,premium
Barranco,155.5,5,2,5.0,1,5760.0,premium
San Borja,199.9,3,1,37.0,1,5310.0,premium
surco,185.5,2,1,25.0,1,5350.0,premium
Carabayllo,103.6,3,3,,1,2350.0,moderado
La Molina,,3,3,24.0,0,4060.0,premium
San Borja,48.8,2,1,13.0,1,4280.0,premium
Carabayllo,130.2,1,1,,1,2720.0,moderado
San Juan de Lurigancho,51.0,5,3,1.0,0,2750.0,moderado
San Juan de Lurigancho,183.8,2,2,12.0,1,3850.0,premium
La Molina,51.5,4,2,3.0,0,4260.0,premium
San Miguel,82.5,3,1,22.0,1,3500.0,premium
Barranco,,5,1,,1,4480.0,premium
Miraflores,103.8,4,1,36.0,1,5240.0,premium
Surco,,5,2,30.0,0,4670.0,premium
Barranco,192.8,2,1,25.0,0,4850.0,premium
Pueblo Libre,106.2,5,2,18.0,0,4020.0,premium
LINCE,118.3,4,2,24.0,1,3850.0,premium
Magdalena,123.3,3,1,23.0,1,4030.0,premium
Pueblo Libre,,5,1,19.0,0,2660.0,moderado
Carabayllo,136.4,2,2,0.0,1,3600.0,premium
San Isidro,143.6,2,2,36.0,0,5370.0,premium
Surco,45.2,2,2,10.0,1,4310.0,premium
Carabayllo,197.7,5,2,25.0,1,4120.0,premium
San Juan de Lurigancho,68.8,3,2,38.0,1,1700.0,moderado
San Isidro,53.6,4,2,1.0,1,5720.0,premium
Carabayllo,180.3,2,2,0.0,0,3710.0,premium
Pueblo Libre,121.6,5,1,30.0,1,3610.0,premium
Pueblo Libre,157.6,5,3,37.0,1,4270.0,premium
Ate,128.5,1,1,36.0,1,1970.0,moderado
San Miguel,87.8,2,1,5.0,0,3510.0,premium
San Isidro,,3,1,33.0,1,5190.0,premium
San Isidro,134.6,5,1,27.0,0,5950.0,premium
La Molina,185.5,5,2,4.0,1,6570.0,premium
San Juan de Lurigancho,75.2,2,2,37.0,1,1620.0,moderado
Magdalena,55.3,2,1,37.0,1,2650.0,moderado
San Isidro,143.4,5,1,35.0,1,6190.0,premium
San Isidro,202.7,5,1,17.0,1,50229.0,premium
Chorrillos,59.1,3,3,36.0,1,2280.0,moderado
Surco,156.2,4,1,,1,5630.0,premium
Ate,43.5,1,1,34.0,1,1410.0,economico
San Isidro,177.8,1,1,24.0,1,6150.0,premium
Jesus Maria,76.4,4,1,17.0,1,3620.0,premium
Ate,113.3,4,3,25.0,1,3260.0,premium
San Juan de Lurigancho,51.7,5,2,16.0,0,2100.0,moderado
Barranco,100.8,4,1,3.0,0,4750.0,premium
san juan de lurigancho,207.9,4,1,2.0,1,4420.0,premium
Magdalena,89.1,5,2,27.0,0,3420.0,premium
San Miguel,185.6,2,1,35.0,1,4030.0,premium
Jesus Maria,140.0,5,1,29.0,1,4310.0,premium
Miraflores,200.0,5,3,28.0,0,6630.0,premium
San Juan de Lurigancho,95.0,4,1,14.0,1,2820.0,moderado
La Molina,58.0,5,2,10.0,1,4510.0,premium
Jesus Maria,218.3,3,3,3.0,1,6080.0,premium
Pueblo Libre,112.8,2,2,,1,3570.0,premium
Jesus Maria,,3,2,21.0,0,3540.0,premium
Pueblo Libre,154.7,1,1,10.0,1,4040.0,premium
Barranco,113.3,1,1,39.0,1,3480.0,premium
Surco,150.2,2,2,28.0,1,5230.0,premium
San Borja,199.7,4,2,22.0,1,5850.0,premium
San Isidro,154.6,3,1,27.0,1,6080.0,premium
Ate,,2,2,21.0,1,3810.0,premium
Magdalena,107.0,2,2,,1,2950.0,moderado
La Molina,95.2,4,1,35.0,0,4000.0,premium
Surco,124.8,4,1,37.0,1,4700.0,premium
San Miguel,209.7,2,1,25.0,0,4330.0,premium
Surco,137.9,3,1,22.0,1,5110.0,premium
Carabayllo,218.9,4,3,12.0,1,4320.0,premium
Lince,64.0,2,2,15.0,1,2700.0,moderado
San Borja,203.5,4,3,20.0,1,6280.0,premium
Miraflores,218.1,1,1,0.0,1,7280.0,premium
Surco,90.2,1,1,1.0,1,4870.0,premium
San Borja,92.4,4,2,16.0,1,4870.0,premium
San Juan de Lurigancho,161.0,2,2,35.0,1,2920.0,moderado
Ate,104.5,3,1,5.0,0,3080.0,premium
San Juan de Lurigancho,124.7,2,2,20.0,1,2470.0,moderado
Barranco,86.4,1,1,14.0,1,4310.0,premium
Lince,185.9,5,1,0.0,0,5060.0,premium
La Molina,195.0,1,1,2.0,1,5890.0,premium
Ate,42.4,4,2,,0,2340.0,moderado
Surco,136.9,1,1,24.0,1,4510.0,premium
La Molina,87.9,4,2,12.0,0,4580.0,premium
Carabayllo,99.2,2,2,2.0,0,2480.0,moderado
Carabayllo,115.7,5,2,22.0,1,3040.0,premium
Miraflores,,4,2,0.0,1,7600.0,premium
Chorrillos,62.6,2,2,25.0,1,2260.0,moderado
Jesus Maria,64.0,2,2,31.0,0,2750.0,moderado
Carabayllo,92.8,5,1,17.0,0,2460.0,moderado
San Isidro,167.0,3,1,19.0,0,6250.0,premium
SAN MIGUEL,170.6,2,1,3.0,1,4860.0,premium
Carabayllo,203.7,4,1,24.0,1,3820.0,premium
San Borja,88.2,1,1,14.0,1,4260.0,premium
Jesus Maria,218.3,4,2,38.0,1,4790.0,premium
Miraflores,81.6,3,1,34.0,0,33869.0,premium
San Miguel,,1,1,,1,3080.0,premium
Chorrillos,139.3,1,1,39.0,1,2480.0,moderado
Jesus Maria,67.5,2,1,,1,3480.0,premium
Ate,179.5,3,1,33.0,1,2940.0,moderado
Surco,98.8,5,1,9.0,0,5030.0,premium
Carabayllo,74.6,1,1,,0,2230.0,moderado
La Molina,111.1,1,1,31.0,0,3740.0,premium
Carabayllo,134.3,3,1,0.0,1,3230.0,premium
San Juan de Lurigancho,114.0,4,1,13.0,1,3210.0,premium
San Miguel,100.2,5,3,11.0,1,4340.0,premium
Barranco,120.5,5,3,12.0,0,5200.0,premium
Magdalena,207.7,2,2,10.0,1,5390.0,premium
La Molina,139.5,2,2,1.0,0,5190.0,premium
san isidro,109.6,2,1,22.0,1,5410.0,premium
San Borja,40.8,3,3,27.0,1,3790.0,premium
Carabayllo,139.8,4,3,28.0,0,3100.0,premium
Pueblo Libre,176.0,3,1,10.0,1,4850.0,premium
San Isidro,145.8,1,1,5.0,0,6140.0,premium
Jesus Maria,102.9,2,2,5.0,0,4030.0,premium
Barranco,205.5,2,2,5.0,0,5800.0,premium
San Miguel,141.5,1,1,28.0,1,3440.0,premium
Miraflores,106.1,2,2,9.0,0,5290.0,premium
Jesus Maria,151.3,3,1,8.0,1,4730.0,premium
Carabayllo,201.2,3,2,32.0,1,3390.0,premium
Carabayllo,123.4,1,1,3.0,0,2740.0,moderado
LA MOLINA,,2,1,28.0,1,3830.0,premium
Lince,139.3,2,1,1.0,1,3950.0,premium
Jesus Maria,126.1,2,2,37.0,0,2880.0,moderado
Magdalena,144.4,3,1,15.0,1,4410.0,premium
San Isidro,,5,2,26.0,1,5970.0,premium
Carabayllo,76.5,2,1,28.0,0,1330.0,economico
BARRANCO,217.9,5,1,37.0,0,5460.0,premium
Magdalena,168.2,2,2,18.0,0,4330.0,premium
jesus maria,69.5,2,1,22.0,0,2560.0,moderado
Lince,62.3,1,1,36.0,1,1960.0,moderado
San Borja,123.3,1,1,21.0,0,4380.0,premium
Jesus Maria,54.1,5,3,26.0,0,3050.0,premium
Ate,193.5,5,1,6.0,1,4710.0,premium
San Isidro,134.6,3,1,12.0,0,6010.0,premium
San Miguel,,2,1,22.0,0,2430.0,moderado
Jesus Maria,171.9,1,1,9.0,0,4130.0,premium
San Miguel,132.2,2,2,2.0,1,4380.0,premium
Pueblo Libre,145.1,1,1,26.0,1,3320.0,premium
Miraflores,58.7,3,1,14.0,0,4580.0,premium
Magdalena,131.7,3,1,7.0,1,4490.0,premium
Surco,128.4,3,1,14.0,0,4530.0,premium
Chorrillos,56.8,4,1,6.0,0,2900.0,moderado
San Isidro,,3,2,4.0,1,6130.0,premium
Jesus Maria,170.8,4,3,24.0,0,4440.0,premium
Miraflores,102.4,4,3,3.0,1,6190.0,premium
Chorrillos,100.0,4,3,19.0,0,3290.0,premium
Magdalena,,3,3,12.0,0,3820.0,premium
Pueblo Libre,110.4,2,1,17.0,1,3580.0,premium
Magdalena,85.8,5,2,19.0,1,4300.0,premium
Surco,219.1,1,1,12.0,0,5790.0,premium
San Miguel,62.9,2,2,18.0,0,2640.0,moderado
La Molina,146.7,1,1,25.0,1,4580.0,premium
Barranco,41.5,1,1,19.0,0,3100.0,premium
Jesus Maria,58.3,1,1,33.0,1,2290.0,moderado
San Miguel,114.1,4,1,10.0,1,4140.0,premium
San Isidro,109.1,3,1,39.0,1,5470.0,premium
Carabayllo,196.8,4,1,11.0,0,4150.0,premium
Carabayllo,,3,2,32.0,0,2400.0,moderado
San Miguel,169.8,5,3,19.0,0,4740.0,premium
Chorrillos,181.2,4,2,32.0,0,3620.0,premium
Magdalena,119.9,5,2,,0,4250.0,premium
Surco,61.6,5,1,14.0,0,4550.0,premium
Jesus Maria,198.8,4,2,17.0,0,5090.0,premium
Magdalena,150.4,5,3,11.0,0,5010.0,premium
San Miguel,119.0,5,2,34.0,1,4140.0,premium
Lince,152.8,4,1,1.0,1,4520.0,premium
Chorrillos,215.6,4,3,33.0,0,4200.0,premium
Barranco,156.0,1,1,37.0,0,3730.0,premium
lince,205.1,4,1,2.0,1,5320.0,premium
La Molina,190.9,3,1,29.0,1,5150.0,premium
Carabayllo,60.0,3,1,18.0,1,2130.0,moderado
San Isidro,170.3,2,2,31.0,1,6580.0,premium
San Miguel,120.9,4,1,16.0,0,3740.0,premium
Magdalena,160.9,2,1,39.0,0,3500.0,premium
Jesus Maria,,4,2,20.0,1,3420.0,premium
La Molina,,2,2,,1,5460.0,premium
Chorrillos,79.1,4,3,19.0,1,2980.0,moderado
Jesus Maria,171.3,2,1,17.0,0,4150.0,premium
Chorrillos,121.9,5,1,34.0,1,3080.0,premium
Jesus Maria,135.9,2,1,25.0,1,3580.0,premium
Lince,154.1,3,2,30.0,1,3630.0,premium
Pueblo Libre,92.0,3,2,12.0,1,3460.0,premium
Ate,138.1,3,3,23.0,0,3110.0,premium
Miraflores,146.0,4,1,35.0,1,5820.0,premium
Jesus Maria,81.2,4,1,21.0,1,3520.0,premium
San Juan de Lurigancho,80.5,3,1,11.0,0,2450.0,moderado
San Isidro,48.2,5,1,19.0,0,5100.0,premium
Magdalena,145.0,4,1,2.0,1,4790.0,premium
Chorrillos,116.4,4,1,15.0,0,3170.0,premium
Carabayllo,66.2,1,1,16.0,1,1720.0,moderado
Pueblo Libre,183.8,2,2,37.0,0,3810.0,premium
San Miguel,,5,2,33.0,1,3340.0,premium
Jesus Maria,190.0,1,1,9.0,0,4270.0,premium
San Juan de Lurigancho,149.7,1,1,18.0,1,2720.0,moderado
Ate,,1,1,6.0,1,3080.0,premium
Jesus Maria,127.6,5,1,2.0,0,4750.0,premium
Surco,41.0,3,2,7.0,0,4500.0,premium
Carabayllo,153.1,5,1,3.0,1,3840.0,premium
Surco,71.9,3,2,15.0,1,37004.0,premium
La Molina,137.4,1,1,8.0,0,4740.0,premium
Magdalena,58.6,1,1,23.0,1,2940.0,moderado
Jesus Maria,64.8,4,2,20.0,0,3220.0,premium
Surco,,2,1,17.0,1,5530.0,premium
LA MOLINA,64.3,5,3,5.0,0,5040.0,premium
Lince,69.6,1,1,36.0,1,2020.0,moderado
San Juan de Lurigancho,131.5,4,1,37.0,1,2400.0,moderado
Miraflores,171.2,4,1,38.0,0,5430.0,premium
Barranco,103.7,1,1,3.0,0,4360.0,premium
Pueblo Libre,98.1,3,1,33.0,0,2860.0,moderado
Chorrillos,58.0,4,1,23.0,0,2120.0,moderado
Chorrillos,142.1,3,3,29.0,0,3290.0,premium
Carabayllo,134.8,1,1,37.0,1,2080.0,moderado
San Miguel,118.2,3,1,1.0,1,4170.0,premium
San Juan de Lurigancho,215.9,5,3,32.0,1,4080.0,premium
San Isidro,202.3,5,3,22.0,1,7580.0,premium
Pueblo Libre,117.7,3,3,4.0,0,4200.0,premium
Ate,78.2,4,3,35.0,0,2400.0,moderado
Miraflores,113.4,4,1,31.0,1,5250.0,premium
La Molina,130.4,4,2,29.0,0,4750.0,premium
Carabayllo,,5,2,28.0,1,2530.0,moderado
Barranco,172.6,1,1,21.0,1,4910.0,premium
Magdalena,95.5,4,3,31.0,0,3720.0,premium
San Miguel,62.4,3,1,10.0,0,39939.0,moderado
Surco,93.6,1,1,22.0,1,4130.0,premium
