horas_estudio_semana,asistencia_pct,nota_parcial,trabaja,horas_trabajo_semana,nivel_socioeconomico,nota_final,riesgo_academico
2.3,75.2,14.1,1,0.0,Bajo,10.4,reprobado
7.0,73.9,15.6,0,0.0,Medio,12.3,en_riesgo
25.3,79.6,14.7,0,0.0,Bajo,19.6,aprobado
9.2,59.3,12.2,0,0.0,Medio,11.9,en_riesgo
13.0,92.8,,0,0.0,Alto,14.3,aprobado
7.0,46.6,7.8,0,0.0,Bajo,7.5,reprobado
21.7,52.8,,1,46.0,Medio,11.2,en_riesgo
17.9,42.1,13.9,0,0.0,Bajo,15.9,aprobado
3.6,78.6,8.1,1,47.0,Bajo,5.8,reprobado
9.5,88.8,10.1,0,0.0,Medio,11.7,en_riesgo
6.9,87.5,15.9,0,0.0,Medio,12.9,en_riesgo
20.6,80.2,10.1,1,26.0,Bajo,15.0,aprobado
27.6,41.1,11.5,1,41.0,Alto,16.4,aprobado
1.3,95.6,13.7,1,41.0,Medio,11.1,en_riesgo
11.1,61.3,12.1,1,17.0,Bajo,11.8,en_riesgo
1.4,93.8,8.6,1,34.0,Bajo,7.8,reprobado
,59.0,7.6,1,35.0,Alto,5.4,reprobado
9.6,83.8,14.7,0,0.0,Bajo,13.3,en_riesgo
10.2,48.9,17.0,0,0.0,Medio,11.9,en_riesgo
16.3,70.8,7.0,1,41.0,Alto,11.5,en_riesgo
4.9,57.0,16.2,0,0.0,Bajo,13.2,en_riesgo
22.7,76.8,12.4,1,37.0,Bajo,14.4,aprobado
24.1,40.7,15.7,0,0.0,Medio,17.4,aprobado
5.0,73.9,14.7,0,0.0,Medio,14.0,aprobado
,79.0,11.0,0,0.0,Medio,10.1,reprobado
11.9,59.1,6.4,1,21.0,Medio,8.1,reprobado
2.2,50.9,8.5,0,0.0,Medio,8.0,reprobado
13.7,71.6,16.3,0,0.0,Bajo,15.7,aprobado
15.8,55.9,10.9,0,0.0,Alto,16.4,aprobado
17.5,86.1,15.6,0,0.0,Medio,16.6,aprobado
8.6,69.9,10.6,0,0.0,Medio,11.1,en_riesgo
14.0,55.0,9.2,0,0.0,ALTO,11.8,en_riesgo
19.2,83.9,8.5,1,30.0,Bajo,11.5,en_riesgo
22.4,84.1,12.0,0,0.0,Bajo,16.6,aprobado
9.3,67.6,14.8,0,0.0,Medio,14.1,aprobado
5.4,96.8,8.0,0,0.0,Medio,9.4,reprobado
18.1,40.2,9.0,0,0.0,Bajo,11.3,en_riesgo
9.7,83.6,8.7,0,0.0,Bajo,11.3,en_riesgo
22.3,40.3,14.9,1,26.0,Bajo,15.4,aprobado
10.4,52.2,15.9,1,46.0,Bajo,12.0,en_riesgo
19.2,83.4,10.4,1,38.0,Alto,13.4,en_riesgo
25.5,41.3,9.6,0,0.0,Bajo,13.7,en_riesgo
23.4,58.0,7.9,0,0.0,Bajo,12.5,en_riesgo
13.0,60.0,5.5,0,0.0,Medio,9.2,reprobado
5.6,62.0,16.3,1,37.0,Bajo,11.0,en_riesgo
2.5,60.6,11.9,1,13.0,Bajo,10.1,reprobado
13.0,43.6,10.7,1,47.0,Medio,11.0,en_riesgo
2.2,93.8,,0,0.0,Alto,10.9,reprobado
16.8,49.2,8.2,1,44.0,Bajo,10.3,reprobado
20.8,50.6,9.7,1,11.0,Alto,12.2,en_riesgo
16.8,89.7,17.6,1,44.0,MEDIO,15.7,aprobado
8.9,89.0,8.9,1,21.0,Bajo,10.2,reprobado
13.6,92.7,,0,0.0,Medio,19.1,aprobado
6.6,60.4,14.1,1,32.0,Medio,11.9,en_riesgo
19.4,60.1,11.3,0,0.0,Medio,14.9,aprobado
22.1,78.3,,1,20.0,Alto,15.8,aprobado
19.9,46.1,12.8,1,12.0,Alto,17.3,aprobado
26.5,87.7,19.6,0,0.0,Bajo,20.0,aprobado
17.8,40.1,10.2,0,0.0,Alto,13.5,en_riesgo
13.5,55.5,9.1,0,0.0,Medio,11.8,en_riesgo
21.1,71.7,17.8,1,31.0,Alto,18.1,aprobado
8.5,79.8,12.6,0,0.0,Bajo,13.4,en_riesgo
28.6,50.2,14.4,1,0.0,Medio,16.3,aprobado
29.7,64.1,17.2,0,0.0,Bajo,20.0,aprobado
10.9,49.0,12.6,0,0.0,Alto,12.4,en_riesgo
22.4,55.0,10.4,1,25.0,Bajo,12.5,en_riesgo
28.0,92.3,18.1,1,38.0,Alto,18.5,aprobado
13.4,49.2,,0,0.0,Bajo,9.9,reprobado
5.9,83.4,7.1,0,0.0,Medio,11.7,en_riesgo
13.6,83.4,13.0,0,0.0,Medio,16.0,aprobado
23.0,44.9,16.8,0,0.0,Alto,19.7,aprobado
21.3,84.2,19.0,1,37.0,Bajo,18.0,aprobado
1.5,84.1,6.2,0,0.0,Medio,6.9,reprobado
29.2,58.9,19.6,0,0.0,Medio,19.6,aprobado
,59.9,17.0,1,20.0,Bajo,19.3,aprobado
2.5,73.1,16.9,1,34.0,alto,12.1,en_riesgo
18.3,95.3,12.6,0,0.0,Alto,16.9,aprobado
26.4,55.6,9.6,0,0.0,Bajo,16.5,aprobado
13.4,59.7,,0,0.0,Alto,14.0,aprobado
30.0,86.5,15.5,1,21.0,Medio,19.2,aprobado
11.0,65.6,9.1,0,0.0,Medio,9.6,reprobado
5.3,68.2,5.8,0,0.0,Alto,9.5,reprobado
5.2,87.5,7.7,0,0.0,Medio,9.0,reprobado
15.3,85.5,18.6,0,0.0,Bajo,15.0,aprobado
28.1,41.4,8.4,0,0.0,MEDIO,15.8,aprobado
3.6,74.4,18.4,1,36.0,Medio,10.2,reprobado
3.6,78.4,11.8,0,0.0,Medio,10.8,reprobado
7.1,91.0,19.4,0,0.0,Bajo,14.1,aprobado
5.7,92.8,19.9,1,13.0,Alto,17.1,aprobado
6.5,51.5,10.5,1,11.0,Bajo,10.0,reprobado
21.7,40.9,7.1,0,0.0,Medio,13.2,en_riesgo
24.1,85.3,,1,30.0,Medio,16.6,aprobado
28.9,97.2,6.5,1,24.0,Alto,17.9,aprobado
18.6,57.9,,1,41.0,Bajo,10.8,reprobado
16.0,42.0,7.9,0,0.0,Alto,11.9,en_riesgo
,97.5,6.8,0,0.0,Bajo,11.9,en_riesgo
,77.1,15.5,0,0.0,Medio,17.1,aprobado
6.7,93.5,19.7,0,0.0,Medio,16.9,aprobado
3.1,94.1,6.7,0,0.0,Alto,11.8,en_riesgo
25.1,85.7,8.1,0,0.0,Bajo,14.4,aprobado
1.7,59.8,,0,0.0,Medio,5.8,reprobado
3.6,59.9,18.4,1,44.0,Bajo,11.2,en_riesgo
,44.1,5.3,0,0.0,Alto,7.9,reprobado
3.3,93.7,10.2,0,0.0,Medio,10.8,reprobado
19.7,94.1,12.0,0,0.0,ALTO,16.4,aprobado
,52.4,,1,32.0,Bajo,13.6,en_riesgo
13.3,82.2,6.5,0,0.0,Medio,12.3,en_riesgo
20.5,86.5,17.5,0,0.0,Bajo,16.6,aprobado
27.8,88.7,5.5,0,0.0,alto,14.8,aprobado
1.8,79.6,7.4,0,0.0,Alto,10.9,reprobado
11.1,47.3,13.6,0,0.0,Bajo,13.8,en_riesgo
8.2,71.3,6.7,0,0.0,Medio,7.1,reprobado
17.8,67.2,5.9,0,0.0,Alto,11.0,en_riesgo
26.2,80.7,9.9,0,0.0,Medio,15.8,aprobado
19.3,45.7,15.6,1,8.0,Bajo,13.3,en_riesgo
27.4,74.4,7.1,1,11.0,Medio,15.6,aprobado
12.7,49.0,17.1,0,0.0,Alto,13.0,en_riesgo
15.4,46.3,14.1,1,20.0,Alto,13.7,en_riesgo
,86.1,19.3,1,25.0,Bajo,14.1,aprobado
,91.3,15.9,0,0.0,Medio,17.0,aprobado
14.6,87.7,15.3,1,30.0,Medio,16.4,aprobado
21.0,40.7,8.0,0,0.0,Medio,14.0,aprobado
10.5,87.1,5.3,0,0.0,Medio,10.4,reprobado
2.4,92.2,13.8,0,0.0,BAJO,11.6,en_riesgo
28.0,80.1,14.2,0,0.0,Medio,19.7,aprobado
29.4,78.8,9.3,1,30.0,Bajo,16.5,aprobado
10.6,44.1,7.2,0,0.0,Medio,9.5,reprobado
15.9,46.0,16.7,1,22.0,Bajo,15.8,aprobado
24.6,52.2,13.2,1,39.0,Medio,16.6,aprobado
23.5,55.9,6.1,1,33.0,Medio,13.8,en_riesgo
17.5,74.7,7.8,1,9.0,Alto,13.1,en_riesgo
18.6,96.1,,1,26.0,Medio,17.9,aprobado
11.3,83.2,17.3,0,0.0,Alto,14.8,aprobado
17.1,84.2,11.7,1,16.0,MEDIO,15.1,aprobado
,48.4,16.7,0,0.0,Bajo,9.1,reprobado
29.2,90.8,13.3,1,18.0,Alto,19.9,aprobado
26.9,96.8,12.1,0,0.0,Medio,18.6,aprobado
16.0,41.5,10.1,0,0.0,Alto,13.3,en_riesgo
14.1,89.0,7.7,1,9.0,Medio,10.8,reprobado
6.5,41.1,19.4,1,23.0,Medio,11.8,en_riesgo
10.9,86.3,7.9,1,34.0,Bajo,10.0,reprobado
23.4,74.6,8.2,1,37.0,Alto,14.7,aprobado
20.1,95.2,15.9,0,0.0,Medio,16.5,aprobado
12.8,43.9,14.0,0,0.0,Medio,13.2,en_riesgo
10.5,79.4,,0,0.0,Alto,17.5,aprobado
24.4,44.8,17.6,0,0.0,Medio,16.3,aprobado
26.5,72.0,16.5,1,42.0,Medio,18.4,aprobado
26.1,64.2,,0,0.0,Medio,17.5,aprobado
4.9,54.1,9.0,0,0.0,Bajo,8.8,reprobado
10.0,47.9,14.7,1,39.0,Medio,11.8,en_riesgo
26.8,58.6,10.0,0,0.0,bajo,14.9,aprobado
,67.5,7.0,1,0.0,medio,8.8,reprobado
19.9,46.9,17.6,1,31.0,Medio,13.9,en_riesgo
20.5,74.6,10.9,1,41.0,Alto,16.9,aprobado
17.2,72.6,10.2,0,0.0,Bajo,14.6,aprobado
24.4,91.7,6.5,0,0.0,Alto,18.0,aprobado
13.3,59.4,15.5,1,33.0,Bajo,14.3,aprobado
26.0,85.2,7.0,0,0.0,Medio,15.7,aprobado
29.9,99.5,7.9,1,16.0,Alto,20.0,aprobado
9.3,59.8,,1,18.0,Medio,14.2,aprobado
19.5,69.7,5.9,1,22.0,Bajo,12.8,en_riesgo
3.2,70.2,15.8,0,0.0,Medio,11.6,en_riesgo
28.1,69.9,8.6,1,38.0,Bajo,14.6,aprobado
17.4,89.1,10.2,0,0.0,Bajo,15.8,aprobado
24.7,96.6,,0,0.0,Medio,17.7,aprobado
19.4,80.0,,0,0.0,Bajo,18.1,aprobado
9.7,50.0,13.0,1,31.0,Alto,9.7,reprobado
28.2,72.9,19.6,1,14.0,Medio,19.9,aprobado
18.6,49.2,5.6,1,39.0,Bajo,10.2,reprobado
9.2,68.6,6.0,0,0.0,Medio,8.4,reprobado
,79.2,5.6,0,0.0,Medio,16.3,aprobado
7.0,63.9,14.1,1,38.0,Bajo,10.0,reprobado
18.1,64.1,,0,0.0,Bajo,14.9,aprobado
12.2,56.8,6.9,0,0.0,Medio,10.0,reprobado
5.5,92.5,9.6,0,0.0,Bajo,11.2,en_riesgo
26.2,45.3,,1,20.0,Medio,17.5,aprobado
21.6,73.5,10.3,0,0.0,Medio,14.2,aprobado
9.7,57.3,12.3,1,36.0,Alto,11.3,en_riesgo
3.6,60.0,15.1,0,0.0,Medio,10.9,reprobado
16.8,84.1,9.9,1,28.0,Medio,11.5,en_riesgo
19.0,55.9,6.6,1,15.0,Bajo,10.7,reprobado
,45.0,16.2,0,0.0,Medio,16.7,aprobado
21.6,49.5,8.1,1,46.0,Medio,10.1,reprobado
13.7,83.4,6.7,1,16.0,Alto,11.8,en_riesgo
14.2,49.7,18.2,0,0.0,Bajo,14.6,aprobado
24.5,63.6,6.6,0,0.0,Medio,14.0,aprobado
29.5,43.1,12.5,1,26.0,Alto,18.6,aprobado
19.8,97.0,6.0,0,0.0,medio,14.3,aprobado
7.2,85.7,11.7,0,0.0,Bajo,11.2,en_riesgo
6.1,44.0,15.8,0,0.0,Medio,9.6,reprobado
16.5,40.7,18.6,1,17.0,Bajo,15.2,aprobado
8.2,79.2,16.8,1,43.0,Bajo,11.1,en_riesgo
4.1,87.8,5.0,0,0.0,Bajo,9.1,reprobado
5.6,94.0,14.0,0,0.0,BAJO,11.9,en_riesgo
4.1,63.5,7.3,1,45.0,Medio,7.4,reprobado
10.0,80.9,,0,0.0,Alto,11.4,en_riesgo
16.2,90.5,8.1,1,25.0,Alto,14.4,aprobado
1.8,76.9,,0,0.0,Bajo,11.7,en_riesgo
8.6,41.8,9.4,1,37.0,Alto,9.1,reprobado
21.2,95.8,8.2,0,0.0,Alto,16.4,aprobado
23.9,58.2,7.9,0,0.0,Medio,15.9,aprobado
12.4,62.5,16.1,0,0.0,Medio,14.2,aprobado
10.6,87.6,8.9,1,21.0,Bajo,12.7,en_riesgo
,82.4,7.9,0,0.0,Bajo,9.6,reprobado
17.4,89.5,11.4,1,15.0,Alto,16.3,aprobado
26.9,76.3,18.8,0,0.0,Alto,20.0,aprobado
,87.9,12.2,1,39.0,Bajo,13.1,en_riesgo
29.6,65.0,17.8,0,0.0,Medio,20.0,aprobado
24.0,83.5,7.1,0,0.0,Medio,14.1,aprobado
5.6,79.3,10.2,0,0.0,Medio,10.3,reprobado
7.3,59.2,19.5,1,22.0,Medio,12.5,en_riesgo
29.8,59.2,13.1,0,0.0,Bajo,18.0,aprobado
8.8,75.1,6.3,1,35.0,Medio,8.2,reprobado
9.2,42.2,18.4,0,0.0,ALTO,14.8,aprobado
5.8,50.0,,0,0.0,Bajo,12.0,en_riesgo
18.3,62.0,5.8,1,32.0,Medio,9.0,reprobado
15.5,92.3,10.1,1,47.0,Bajo,12.7,en_riesgo
26.3,90.4,9.7,0,0.0,Bajo,17.0,aprobado
22.1,93.0,12.7,1,11.0,Alto,17.1,aprobado
15.5,66.7,9.0,1,28.0,Medio,11.6,en_riesgo
,42.1,,1,14.0,Medio,14.5,aprobado
2.1,63.0,12.1,0,0.0,Medio,10.6,reprobado
10.4,73.8,6.8,1,29.0,Medio,10.1,reprobado
1.7,66.9,6.8,0,0.0,Alto,7.0,reprobado
,79.0,10.7,0,0.0,Bajo,7.5,reprobado
,53.8,11.1,1,34.0,Medio,9.9,reprobado
23.9,77.6,6.6,1,46.0,Bajo,11.7,en_riesgo
,89.0,7.4,0,0.0,Medio,12.4,en_riesgo
27.6,52.1,14.7,1,29.0,Medio,18.3,aprobado
20.4,57.3,8.7,1,15.0,Alto,14.9,aprobado
2.2,97.5,10.0,0,0.0,Bajo,8.9,reprobado
29.7,52.8,10.9,0,0.0,Medio,15.9,aprobado
17.8,73.2,18.3,0,0.0,Medio,15.3,aprobado
3.3,72.4,13.6,0,0.0,Bajo,9.6,reprobado
5.5,99.0,9.4,0,0.0,Bajo,11.3,en_riesgo
20.3,44.1,17.0,1,34.0,Medio,12.2,en_riesgo
21.3,92.8,12.5,0,0.0,Bajo,17.3,aprobado
29.2,85.9,7.3,1,37.0,Medio,14.8,aprobado
6.9,68.2,11.2,1,41.0,Medio,9.1,reprobado
4.3,54.0,11.8,0,0.0,Alto,9.8,reprobado
13.2,64.9,19.1,0,0.0,Bajo,14.6,aprobado
25.7,90.8,9.5,1,32.0,Medio,15.7,aprobado
26.9,70.4,5.5,0,0.0,Bajo,16.1,aprobado
,45.8,14.4,1,30.0,Medio,13.8,en_riesgo
16.2,42.0,,1,22.0,Medio,15.5,aprobado
28.3,40.2,8.9,0,0.0,bajo,12.8,en_riesgo
19.0,58.6,9.4,0,0.0,Medio,13.1,en_riesgo
5.4,91.2,,1,12.0,Alto,11.9,en_riesgo
24.8,72.6,11.1,0,0.0,Medio,17.3,aprobado
12.3,61.9,19.6,0,0.0,Bajo,15.1,aprobado
15.1,86.4,14.2,0,0.0,Bajo,14.4,aprobado
14.2,97.8,15.3,1,9.0,Medio,17.0,aprobado
15.2,51.4,17.6,0,0.0,MEDIO,16.0,aprobado
30.0,93.2,14.5,1,23.0,Alto,20.0,aprobado
,92.1,8.6,1,41.0,Medio,14.2,aprobado
2.6,89.8,14.3,1,32.0,Alto,10.6,reprobado
27.4,82.3,7.7,1,44.0,Bajo,14.6,aprobado
28.1,88.5,9.7,1,45.0,Medio,15.4,aprobado
26.4,74.3,6.1,0,0.0,Bajo,13.1,en_riesgo
17.2,71.9,8.5,0,0.0,Bajo,11.2,en_riesgo
16.3,55.9,15.4,1,32.0,Medio,12.0,en_riesgo
10.7,96.7,17.5,0,0.0,Medio,17.2,aprobado
,74.8,12.8,1,12.0,Alto,16.0,aprobado
27.0,56.6,15.6,1,20.0,Medio,13.8,en_riesgo
4.8,98.4,11.2,1,27.0,Alto,11.1,en_riesgo
,55.5,5.0,1,30.0,Bajo,11.7,en_riesgo
24.7,72.9,9.1,0,0.0,Medio,14.7,aprobado
10.6,87.8,10.6,0,0.0,Alto,12.1,en_riesgo
13.7,63.2,11.5,0,0.0,alto,14.4,aprobado
7.5,50.3,10.5,0,0.0,Bajo,11.1,en_riesgo
19.6,98.8,18.2,1,13.0,Bajo,20.0,aprobado
12.0,77.3,16.5,1,34.0,Medio,12.7,en_riesgo
28.5,56.7,16.7,1,47.0,Medio,20.0,aprobado
16.0,84.4,12.6,1,31.0,Medio,12.7,en_riesgo
24.5,92.7,19.1,1,20.0,Bajo,20.0,aprobado
14.5,94.7,,1,43.0,Medio,10.8,reprobado
3.1,76.8,7.9,0,0.0,Bajo,8.6,reprobado
8.1,52.9,11.4,0,0.0,Bajo,10.5,reprobado
1.3,77.3,8.2,0,0.0,Medio,9.4,reprobado
17.7,88.1,9.8,0,0.0,Medio,14.2,aprobado
,73.5,,0,0.0,Bajo,15.0,aprobado
12.8,96.2,15.2,0,0.0,Medio,18.1,aprobado
25.0,89.4,16.0,0,0.0,MEDIO,20.0,aprobado
11.3,86.4,8.5,0,0.0,Medio,10.0,reprobado
21.2,46.6,5.8,1,31.0,Medio,10.8,reprobado
7.1,75.3,6.4,1,11.0,Medio,9.1,reprobado
27.3,82.5,13.6,1,33.0,Medio,16.6,aprobado
,69.3,12.7,0,0.0,Alto,18.5,aprobado
24.8,71.7,9.0,1,44.0,Medio,14.7,aprobado
,67.9,13.2,0,0.0,Bajo,19.4,aprobado
23.0,95.8,17.0,0,0.0,Alto,19.8,aprobado
7.6,83.5,,0,0.0,Medio,6.6,reprobado
26.3,83.4,14.4,0,0.0,Medio,19.1,aprobado
15.3,72.9,13.2,1,27.0,Medio,13.3,en_riesgo
21.6,49.7,18.3,0,0.0,Medio,17.0,aprobado
22.4,81.0,15.7,0,0.0,Medio,16.6,aprobado
9.1,44.9,16.2,1,45.0,Alto,14.4,aprobado
9.6,74.5,9.1,0,0.0,Alto,12.0,en_riesgo
1.4,41.2,7.7,0,0.0,Alto,7.2,reprobado
21.4,74.9,13.7,0,0.0,Alto,17.9,aprobado
,56.8,17.4,1,40.0,Medio,13.3,en_riesgo
29.3,66.6,12.4,1,26.0,Bajo,16.7,aprobado
23.9,65.1,12.6,1,0.0,Bajo,14.2,aprobado
24.7,97.6,19.1,1,14.0,alto,19.5,aprobado
18.6,82.4,10.4,1,39.0,Medio,12.0,en_riesgo
3.4,72.2,7.1,0,0.0,Alto,10.5,reprobado
28.1,48.3,13.1,1,26.0,Medio,15.4,aprobado
10.7,54.7,15.6,1,9.0,Medio,12.9,en_riesgo
7.8,96.7,10.7,0,0.0,Medio,12.2,en_riesgo
7.6,81.2,14.1,0,0.0,Medio,15.4,aprobado
25.9,85.4,8.3,1,14.0,Alto,15.3,aprobado
24.7,47.5,17.2,0,0.0,Medio,17.2,aprobado
19.8,69.3,16.6,0,0.0,Alto,17.6,aprobado
1.3,60.7,18.4,0,0.0,Medio,11.2,en_riesgo
18.2,61.2,9.8,1,15.0,Alto,11.9,en_riesgo
21.5,50.2,,1,0.0,Bajo,11.6,en_riesgo
2.4,85.1,6.2,1,44.0,Medio,7.7,reprobado
23.5,80.0,18.1,0,0.0,Medio,20.0,aprobado
10.6,68.1,11.2,1,11.0,Bajo,12.1,en_riesgo
11.5,48.9,7.0,0,0.0,Alto,11.6,en_riesgo
11.9,70.5,16.6,1,29.0,Medio,15.1,aprobado
27.8,65.4,18.1,0,0.0,Medio,18.1,aprobado
13.4,75.6,6.2,0,0.0,Medio,9.7,reprobado
6.9,71.3,8.9,0,0.0,Medio,11.1,en_riesgo
,99.1,8.2,1,38.0,Medio,9.0,reprobado
10.1,73.7,7.2,1,14.0,Alto,10.8,reprobado
16.2,63.1,10.0,1,24.0,Medio,10.2,reprobado
13.7,53.0,9.0,0,0.0,Bajo,10.1,reprobado
19.5,63.9,17.5,1,0.0,Bajo,16.4,aprobado
23.3,52.1,18.9,1,47.0,Medio,14.2,aprobado
17.1,70.7,,0,0.0,Medio,14.8,aprobado
15.5,67.5,8.9,0,0.0,Bajo,13.8,en_riesgo
21.7,75.7,10.6,1,13.0,Bajo,14.1,aprobado
24.4,69.2,5.8,0,0.0,Bajo,14.1,aprobado
6.3,67.5,8.1,1,45.0,Medio,7.5,reprobado
24.5,82.4,6.3,1,42.0,Medio,12.5,en_riesgo
8.4,83.2,5.8,0,0.0,Medio,12.1,en_riesgo
29.3,59.0,,0,0.0,Bajo,18.1,aprobado
1.4,60.8,8.5,0,0.0,Medio,9.7,reprobado
8.9,74.6,19.2,1,28.0,Medio,15.8,aprobado
8.4,87.5,16.8,0,0.0,Bajo,14.7,aprobado
27.1,99.7,,1,18.0,Bajo,20.0,aprobado
2.2,45.4,18.4,0,0.0,Alto,13.2,en_riesgo
20.0,74.8,,0,0.0,Medio,17.9,aprobado
14.7,61.2,11.5,0,0.0,MEDIO,12.6,en_riesgo
26.7,61.6,,1,26.0,bajo,18.5,aprobado
23.4,44.0,11.0,0,0.0,Medio,16.7,aprobado
19.4,60.8,5.6,0,0.0,Bajo,12.1,en_riesgo
12.3,51.2,18.6,0,0.0,Medio,16.5,aprobado
29.1,78.1,,0,0.0,Medio,20.0,aprobado
20.1,95.6,16.6,0,0.0,Bajo,17.1,aprobado
1.5,51.5,13.9,1,28.0,Bajo,8.4,reprobado
23.4,94.2,14.8,0,0.0,Medio,18.1,aprobado
18.3,41.7,19.5,0,0.0,Medio,19.0,aprobado
10.5,69.2,13.1,0,0.0,Medio,12.2,en_riesgo
,69.6,14.9,0,0.0,Medio,13.0,en_riesgo
19.5,83.1,,1,33.0,Medio,16.9,aprobado
18.3,68.5,18.5,0,0.0,Bajo,16.4,aprobado
3.1,68.9,10.4,1,39.0,Alto,10.2,reprobado
26.2,69.0,18.1,0,0.0,Medio,20.0,aprobado
18.9,52.5,10.6,1,15.0,Alto,15.2,aprobado
2.8,47.8,16.4,1,46.0,MEDIO,9.5,reprobado
7.8,83.9,16.2,0,0.0,Bajo,15.3,aprobado
7.4,84.2,7.1,0,0.0,Alto,12.2,en_riesgo
5.3,52.4,5.0,0,0.0,Bajo,6.5,reprobado
5.7,68.0,16.6,0,0.0,Bajo,13.7,en_riesgo
4.5,48.9,,1,17.0,Bajo,7.6,reprobado
27.8,73.3,16.3,1,41.0,Alto,20.0,aprobado
18.5,55.0,17.7,1,28.0,Alto,15.1,aprobado
5.8,94.5,16.7,1,23.0,Bajo,11.6,en_riesgo
13.8,65.5,,0,0.0,Medio,14.5,aprobado
,47.5,13.4,0,0.0,Bajo,13.6,en_riesgo
17.2,48.7,19.6,0,0.0,Alto,18.0,aprobado
23.0,58.2,16.0,1,30.0,Medio,15.2,aprobado
26.1,88.8,9.2,0,0.0,Medio,17.4,aprobado
17.9,54.1,7.4,1,34.0,Bajo,9.3,reprobado
13.3,56.7,18.8,0,0.0,Medio,16.2,aprobado
7.9,95.8,13.6,1,43.0,Medio,13.2,en_riesgo
9.3,53.5,9.1,1,41.0,Bajo,7.8,reprobado
,58.5,8.6,0,0.0,Bajo,10.1,reprobado
4.7,88.9,15.1,0,0.0,Medio,12.9,en_riesgo
5.2,65.7,6.6,0,0.0,Medio,8.2,reprobado
29.7,77.3,17.3,1,18.0,Bajo,20.0,aprobado
23.2,80.7,8.4,1,34.0,Medio,14.0,aprobado
25.6,89.5,10.7,0,0.0,Alto,18.2,aprobado
,62.6,10.5,0,0.0,Medio,8.1,reprobado
14.2,95.0,6.3,1,23.0,Medio,11.1,en_riesgo
,90.5,13.2,0,0.0,Medio,13.5,en_riesgo
,98.1,8.8,1,0.0,Medio,10.0,reprobado
3.9,94.8,8.8,1,17.0,Medio,9.0,reprobado
11.1,45.3,18.5,1,12.0,Medio,14.1,aprobado
9.1,45.5,,0,0.0,Bajo,10.3,reprobado
24.4,97.2,12.3,1,19.0,Bajo,16.5,aprobado
15.7,73.5,9.6,1,27.0,Bajo,9.1,reprobado
4.4,97.9,13.6,0,0.0,Alto,15.2,aprobado
9.5,55.8,15.2,0,0.0,Bajo,12.8,en_riesgo
,42.2,8.3,1,40.0,Medio,9.4,reprobado
1.9,48.0,17.2,1,14.0,Alto,11.8,en_riesgo
20.0,59.4,9.1,0,0.0,Bajo,12.2,en_riesgo
12.4,49.4,15.6,0,0.0,Medio,13.6,en_riesgo
8.6,66.6,13.8,0,0.0,Bajo,13.1,en_riesgo
18.4,71.2,11.3,0,0.0,Bajo,14.7,aprobado
10.7,51.2,17.8,0,0.0,Bajo,14.9,aprobado
25.9,44.9,7.3,1,38.0,Bajo,11.1,en_riesgo
,94.1,19.0,0,0.0,Medio,13.7,en_riesgo
11.9,87.3,18.0,0,0.0,Medio,17.4,aprobado
20.2,90.6,8.6,1,8.0,Bajo,11.6,en_riesgo
5.7,43.9,11.4,1,25.0,Alto,7.2,reprobado
24.2,91.2,18.8,0,0.0,Medio,19.4,aprobado
6.9,74.6,6.0,0,0.0,Bajo,6.4,reprobado
5.5,76.2,9.9,0,0.0,MEDIO,8.7,reprobado
12.1,54.1,9.3,1,16.0,medio,11.2,en_riesgo
7.0,98.5,16.7,0,0.0,Medio,13.7,en_riesgo
3.0,93.3,11.3,0,0.0,Medio,13.2,en_riesgo
,66.3,11.7,0,0.0,Bajo,15.8,aprobado
21.0,52.0,,0,0.0,Medio,13.3,en_riesgo
,46.5,5.3,1,34.0,Medio,2.6,reprobado
20.8,72.9,,0,0.0,Bajo,15.8,aprobado
17.2,64.4,16.0,0,0.0,Medio,15.9,aprobado
18.3,43.1,18.1,1,34.0,Medio,16.6,aprobado
12.6,46.4,15.7,0,0.0,Medio,12.2,en_riesgo
12.8,64.6,,0,0.0,Bajo,11.0,en_riesgo
25.1,89.3,12.3,0,0.0,Medio,17.3,aprobado
27.9,66.0,5.8,0,0.0,ALTO,14.2,aprobado
14.5,57.6,17.5,1,11.0,alto,17.9,aprobado
,99.3,18.8,1,13.0,Bajo,13.8,en_riesgo
12.8,59.6,,0,0.0,Bajo,14.5,aprobado
28.4,59.5,16.0,0,0.0,Medio,18.1,aprobado
15.5,84.2,18.6,1,36.0,Alto,18.0,aprobado
24.3,69.5,13.0,0,0.0,Alto,19.4,aprobado
5.6,44.2,,0,0.0,Medio,9.0,reprobado
6.3,79.0,16.8,1,24.0,Alto,13.0,en_riesgo
15.6,79.8,9.4,1,41.0,Bajo,12.6,en_riesgo
,57.4,19.1,0,0.0,Alto,16.6,aprobado
26.4,62.7,10.0,0,0.0,Bajo,15.1,aprobado
16.1,71.1,5.3,1,13.0,Medio,10.4,reprobado
28.1,54.4,5.6,1,10.0,Medio,13.3,en_riesgo
11.7,48.8,8.7,0,0.0,Medio,9.7,reprobado
8.5,86.2,17.3,1,41.0,MEDIO,12.4,en_riesgo
9.2,79.1,5.4,1,42.0,Medio,5.1,reprobado
28.9,50.4,9.0,0,0.0,Bajo,14.3,aprobado
9.8,91.4,19.2,0,0.0,Alto,16.7,aprobado
22.0,87.0,,1,8.0,Medio,16.0,aprobado
6.9,89.0,19.8,1,34.0,Medio,14.6,aprobado
7.1,94.9,10.1,1,15.0,Bajo,10.0,reprobado
21.5,96.4,12.9,1,30.0,Medio,15.6,aprobado
14.9,63.4,19.3,1,15.0,Bajo,16.1,aprobado
7.6,74.9,,0,0.0,Bajo,11.9,en_riesgo
14.1,99.8,14.8,0,0.0,Bajo,15.6,aprobado
6.8,75.1,7.9,0,0.0,Medio,9.7,reprobado
13.6,60.8,19.8,0,0.0,Medio,15.8,aprobado
15.6,40.9,8.7,0,0.0,Bajo,9.4,reprobado
11.6,49.5,8.4,0,0.0,Medio,12.2,en_riesgo
27.5,48.4,12.3,0,0.0,Medio,15.6,aprobado
19.8,56.1,11.3,0,0.0,Bajo,14.8,aprobado
15.3,83.8,13.1,0,0.0,Medio,14.7,aprobado
21.1,74.3,8.2,1,26.0,Medio,15.8,aprobado
27.6,58.3,,1,16.0,Medio,15.4,aprobado
28.6,65.5,16.9,0,0.0,medio,18.8,aprobado
16.6,97.1,5.9,0,0.0,Medio,15.2,aprobado
29.9,70.1,8.5,0,0.0,Bajo,16.4,aprobado
,86.6,14.0,0,0.0,Bajo,12.5,en_riesgo
22.8,86.4,16.7,1,24.0,Alto,19.2,aprobado
,56.5,17.4,1,33.0,Bajo,13.8,en_riesgo
12.2,54.9,16.1,1,8.0,ALTO,16.7,aprobado
27.5,66.6,11.4,0,0.0,Medio,19.8,aprobado
25.5,67.9,9.3,1,31.0,Medio,16.5,aprobado
9.8,41.2,7.8,0,0.0,Medio,7.3,reprobado
10.1,40.7,15.0,1,37.0,Alto,13.6,en_riesgo
21.4,62.7,11.7,1,40.0,MEDIO,14.3,aprobado
28.9,62.3,11.0,1,13.0,Medio,18.4,aprobado
10.6,80.0,17.4,0,0.0,Medio,15.5,aprobado
8.8,75.3,6.9,0,0.0,Bajo,9.1,reprobado
13.2,82.9,18.5,1,19.0,Medio,16.5,aprobado
,94.9,7.3,1,25.0,Medio,15.8,aprobado
14.8,56.7,7.6,0,0.0,Bajo,13.2,en_riesgo
9.8,43.6,8.8,1,23.0,Bajo,9.6,reprobado
24.1,63.5,12.3,0,0.0,Bajo,17.1,aprobado
,81.2,19.3,0,0.0,Medio,18.9,aprobado
20.5,77.7,,0,0.0,Alto,18.5,aprobado
20.7,55.7,7.8,0,0.0,Bajo,12.9,en_riesgo
3.7,98.9,11.2,1,35.0,MEDIO,11.4,en_riesgo
26.6,69.2,17.2,0,0.0,Bajo,19.1,aprobado
29.6,70.0,7.5,0,0.0,Medio,15.1,aprobado
14.7,58.1,11.0,0,0.0,Bajo,11.7,en_riesgo
2.0,86.2,12.4,0,0.0,Medio,12.5,en_riesgo
23.7,83.9,14.9,1,32.0,Bajo,18.8,aprobado
22.4,92.9,12.7,0,0.0,Medio,16.4,aprobado
,98.5,20.0,0,0.0,Alto,20.0,aprobado
11.4,97.1,7.2,0,0.0,Medio,11.1,en_riesgo
22.9,52.4,11.9,1,34.0,Bajo,13.0,en_riesgo
,77.2,9.0,0,0.0,Medio,9.8,reprobado
16.5,46.4,9.1,1,35.0,Medio,10.5,reprobado
27.4,50.4,9.2,0,0.0,Bajo,14.8,aprobado
1.6,84.0,14.2,0,0.0,Medio,12.9,en_riesgo
13.5,98.0,11.9,0,0.0,Medio,13.0,en_riesgo
16.8,63.2,11.1,0,0.0,Bajo,11.3,en_riesgo
4.8,84.2,,0,0.0,Bajo,14.5,aprobado
17.3,44.8,15.3,1,27.0,Medio,14.5,aprobado
14.2,58.0,15.6,0,0.0,Bajo,12.8,en_riesgo
8.1,61.7,14.3,0,0.0,Alto,13.8,en_riesgo
26.8,45.2,7.6,0,0.0,Bajo,14.7,aprobado
7.9,58.7,17.1,0,0.0,Bajo,13.0,en_riesgo
28.5,69.3,6.5,0,0.0,Alto,14.2,aprobado
5.9,82.4,17.4,0,0.0,Medio,14.5,aprobado
23.2,87.6,15.5,1,27.0,Bajo,17.8,aprobado
,64.7,,1,14.0,Bajo,14.1,aprobado
25.7,60.7,15.6,1,46.0,Bajo,15.7,aprobado
6.2,91.3,11.8,1,29.0,Medio,11.3,en_riesgo
19.9,54.1,16.6,1,20.0,Bajo,16.3,aprobado
28.2,60.9,18.8,0,0.0,Alto,20.0,aprobado
11.9,89.4,12.9,1,30.0,Bajo,12.6,en_riesgo
12.3,87.7,15.0,0,0.0,Alto,13.9,en_riesgo
19.1,69.4,11.4,0,0.0,Medio,17.5,aprobado
20.3,74.8,6.0,0,0.0,Medio,14.0,aprobado
16.4,93.0,19.5,0,0.0,Bajo,18.8,aprobado
11.0,52.2,19.4,1,24.0,Alto,16.7,aprobado
15.0,90.7,18.5,1,22.0,Medio,17.5,aprobado
14.4,98.0,19.7,0,0.0,Bajo,16.5,aprobado
1.8,42.0,13.7,1,15.0,Medio,11.1,en_riesgo
,99.1,8.2,1,38.0,Medio,9.0,reprobado
7.2,51.8,14.6,1,17.0,Medio,11.0,en_riesgo
25.0,99.6,11.1,0,0.0,medio,18.3,aprobado
4.6,82.1,16.5,0,0.0,Medio,13.1,en_riesgo
26.8,52.7,15.9,0,0.0,Medio,18.9,aprobado
,73.4,18.0,0,0.0,Medio,12.8,en_riesgo
29.4,89.6,12.7,0,0.0,Medio,19.1,aprobado
6.2,47.7,6.0,0,0.0,Medio,5.8,reprobado
7.7,46.6,9.7,1,44.0,Medio,7.9,reprobado
16.2,53.7,15.5,1,42.0,MEDIO,15.0,aprobado
4.4,68.4,6.0,0,0.0,Bajo,6.8,reprobado
28.6,80.3,8.3,0,0.0,Bajo,16.3,aprobado
16.1,70.5,15.3,0,0.0,Bajo,13.3,en_riesgo
27.9,59.2,19.7,0,0.0,Medio,20.0,aprobado
,56.7,18.4,0,0.0,Alto,20.0,aprobado
10.8,56.2,19.9,0,0.0,Bajo,16.6,aprobado
24.9,91.7,,0,0.0,Alto,20.0,aprobado
,88.3,7.6,1,23.0,Medio,16.7,aprobado
,46.3,15.0,1,30.0,Bajo,14.7,aprobado
3.6,94.3,14.3,0,0.0,Alto,12.9,en_riesgo
,70.1,9.0,0,0.0,Medio,10.3,reprobado
27.9,93.4,13.6,0,0.0,Medio,20.0,aprobado
1.8,70.9,6.0,1,10.0,Medio,7.2,reprobado
7.0,88.2,12.4,0,0.0,Alto,13.0,en_riesgo
21.4,76.2,8.2,1,27.0,Alto,13.1,en_riesgo
25.5,43.8,15.0,0,0.0,Medio,17.2,aprobado
6.7,68.6,15.7,1,17.0,Alto,11.2,en_riesgo
29.4,74.4,16.2,0,0.0,Medio,20.0,aprobado
4.7,93.3,19.7,1,12.0,Alto,15.9,aprobado
21.9,83.0,5.8,1,0.0,Bajo,12.1,en_riesgo
18.1,73.5,16.4,0,0.0,Medio,14.4,aprobado
14.9,96.2,8.7,0,0.0,Medio,14.6,aprobado
28.0,80.2,14.2,1,18.0,Medio,19.4,aprobado
5.4,60.8,12.4,1,17.0,bajo,9.3,reprobado
12.8,86.6,11.8,0,0.0,Medio,13.9,en_riesgo
18.0,80.3,,1,31.0,Medio,17.9,aprobado
7.7,52.0,14.2,0,0.0,Bajo,12.1,en_riesgo
19.4,48.5,16.8,0,0.0,Medio,16.7,aprobado
6.6,42.3,15.7,0,0.0,Bajo,12.3,en_riesgo
9.7,78.8,8.5,1,35.0,Medio,8.0,reprobado
10.5,79.2,9.3,1,17.0,Bajo,10.9,reprobado
4.1,67.3,15.6,0,0.0,Medio,12.2,en_riesgo
27.8,49.9,10.1,0,0.0,medio,14.2,aprobado
,66.3,12.2,0,0.0,Medio,16.9,aprobado
23.7,98.0,10.2,1,21.0,Bajo,16.8,aprobado
,42.9,10.8,0,0.0,Medio,17.2,aprobado
10.6,67.1,15.3,0,0.0,Medio,14.4,aprobado
23.7,80.3,13.2,0,0.0,Bajo,18.5,aprobado
1.4,83.2,11.3,0,0.0,Bajo,9.9,reprobado
25.1,50.6,6.7,0,0.0,Alto,12.4,en_riesgo
28.4,53.4,,0,0.0,Alto,17.6,aprobado
17.1,51.1,8.9,1,40.0,Bajo,10.4,reprobado
27.6,54.1,16.3,1,44.0,Alto,19.8,aprobado
23.2,76.5,12.2,1,23.0,Medio,15.4,aprobado
14.4,77.2,17.7,0,0.0,Alto,15.1,aprobado
15.2,55.7,10.2,0,0.0,Bajo,9.5,reprobado
4.0,74.9,13.0,1,44.0,Bajo,6.8,reprobado
10.9,84.0,14.0,0,0.0,Bajo,12.5,en_riesgo
5.6,42.3,17.9,1,13.0,Bajo,12.7,en_riesgo
28.4,67.4,10.5,1,17.0,Alto,17.0,aprobado
22.7,80.6,,1,39.0,Medio,16.4,aprobado
9.3,51.8,5.2,0,0.0,Bajo,7.3,reprobado
1.6,67.8,19.7,0,0.0,Medio,13.0,en_riesgo
15.9,55.4,11.8,1,25.0,medio,11.4,en_riesgo
21.4,70.7,,0,0.0,Bajo,13.9,en_riesgo
27.6,98.4,11.6,0,0.0,Alto,19.1,aprobado
9.8,45.5,10.6,1,19.0,Alto,12.5,en_riesgo
25.7,88.8,19.7,0,0.0,Medio,20.0,aprobado
28.2,52.8,15.9,0,0.0,Bajo,19.1,aprobado
20.2,58.3,8.0,0,0.0,Medio,12.9,en_riesgo
,95.4,14.0,1,21.0,Bajo,18.2,aprobado
22.4,50.1,9.8,1,20.0,Medio,11.7,en_riesgo
8.8,85.3,14.6,1,10.0,Bajo,12.0,en_riesgo
1.1,76.5,17.4,0,0.0,Medio,13.7,en_riesgo
23.9,62.8,15.5,1,18.0,Medio,15.5,aprobado
18.5,64.3,9.9,0,0.0,BAJO,12.0,en_riesgo
4.6,45.5,,0,0.0,Bajo,10.9,reprobado
22.0,90.0,,0,0.0,ALTO,18.3,aprobado
17.6,47.6,17.9,0,0.0,Bajo,15.6,aprobado
27.6,79.4,,0,0.0,Alto,19.7,aprobado
28.8,68.6,19.7,0,0.0,Bajo,20.0,aprobado
29.9,96.4,16.5,0,0.0,Alto,20.0,aprobado
11.3,55.3,,1,15.0,Medio,11.1,en_riesgo
11.9,47.4,5.7,1,13.0,Bajo,5.9,reprobado
1.5,62.5,10.8,0,0.0,Medio,8.5,reprobado
6.1,85.9,7.5,1,45.0,Medio,8.2,reprobado
23.1,95.9,9.1,1,22.0,Medio,15.2,aprobado
16.4,45.0,19.8,1,34.0,medio,18.3,aprobado
24.7,59.2,6.3,0,0.0,Bajo,13.7,en_riesgo
11.9,40.2,16.9,1,41.0,Medio,9.9,reprobado
23.5,94.3,6.1,1,22.0,Medio,14.8,aprobado
8.4,63.3,5.8,0,0.0,Bajo,9.3,reprobado
26.6,55.5,5.4,0,0.0,Medio,13.0,en_riesgo
2.8,79.3,18.0,1,26.0,Alto,13.7,en_riesgo
15.7,43.7,7.5,0,0.0,Alto,8.8,reprobado
24.5,96.0,12.2,0,0.0,Alto,19.0,aprobado
7.2,86.5,18.9,1,23.0,Bajo,14.4,aprobado
18.7,83.2,9.5,0,0.0,Medio,16.7,aprobado
13.3,44.7,12.7,1,24.0,Bajo,11.7,en_riesgo
20.5,74.6,17.8,1,21.0,Alto,19.4,aprobado
2.8,58.1,,1,14.0,Bajo,11.1,en_riesgo
22.3,45.0,11.2,0,0.0,Medio,13.6,en_riesgo
5.3,82.5,11.9,1,34.0,Medio,10.8,reprobado
22.0,46.1,6.9,0,0.0,Medio,13.1,en_riesgo
28.6,93.6,17.1,0,0.0,Medio,20.0,aprobado
22.6,75.5,16.8,1,40.0,Bajo,18.3,aprobado
6.6,68.6,19.7,1,39.0,ALTO,14.0,aprobado
8.2,54.5,11.5,1,32.0,Medio,6.9,reprobado
10.4,76.9,14.7,0,0.0,Medio,14.4,aprobado
4.8,69.2,,0,0.0,alto,13.8,en_riesgo
10.2,93.1,19.6,1,12.0,Bajo,14.7,aprobado
18.6,96.9,5.9,0,0.0,bajo,11.3,en_riesgo
18.2,55.1,12.4,1,21.0,Alto,16.0,aprobado
8.1,74.9,7.7,1,13.0,Bajo,8.3,reprobado
19.1,86.8,19.1,0,0.0,Medio,18.6,aprobado
12.4,70.8,18.4,0,0.0,Alto,15.5,aprobado
21.8,80.5,16.4,1,9.0,Bajo,16.6,aprobado
15.6,93.3,10.8,0,0.0,Medio,16.3,aprobado
22.9,62.8,,1,43.0,Alto,15.6,aprobado
29.7,98.3,11.3,1,8.0,Medio,20.0,aprobado
29.0,98.7,10.2,1,28.0,Medio,18.5,aprobado
1.6,67.0,7.4,1,35.0,Alto,7.6,reprobado
5.1,92.8,8.5,1,9.0,Bajo,9.5,reprobado
2.1,78.9,16.3,0,0.0,Alto,13.7,en_riesgo
3.2,61.4,15.8,1,8.0,Alto,14.6,aprobado
1.3,41.7,15.9,0,0.0,Medio,9.3,reprobado
21.9,89.1,18.6,1,31.0,Bajo,16.3,aprobado
22.1,62.7,11.0,1,42.0,Bajo,11.9,en_riesgo
17.3,82.5,9.8,1,23.0,Medio,13.7,en_riesgo
7.3,73.0,8.1,0,0.0,Medio,11.4,en_riesgo
29.6,79.4,8.3,0,0.0,Bajo,16.6,aprobado
29.9,97.7,9.2,0,0.0,alto,20.0,aprobado
28.9,73.0,15.7,0,0.0,Alto,20.0,aprobado
29.7,75.0,11.3,0,0.0,Alto,19.0,aprobado
,65.5,7.9,1,27.0,Alto,9.5,reprobado
6.8,77.2,13.8,1,10.0,Medio,13.0,en_riesgo
27.6,91.2,5.4,0,0.0,Medio,17.8,aprobado
,50.3,6.8,0,0.0,Bajo,7.5,reprobado
21.3,82.1,16.7,0,0.0,Bajo,20.0,aprobado
25.9,67.5,7.8,0,0.0,Bajo,13.8,en_riesgo
4.4,45.1,8.5,0,0.0,ALTO,9.7,reprobado
10.4,63.6,10.4,1,13.0,Medio,11.4,en_riesgo
9.9,97.1,16.6,0,0.0,Bajo,13.7,en_riesgo
12.0,94.5,10.8,1,37.0,Bajo,13.6,en_riesgo
1.9,98.4,14.0,0,0.0,Bajo,11.5,en_riesgo
28.6,44.7,16.3,0,0.0,Bajo,16.4,aprobado
2.6,93.8,17.2,1,30.0,Medio,11.9,en_riesgo
7.6,97.0,10.9,1,10.0,Bajo,13.7,en_riesgo
3.6,49.0,6.6,0,0.0,Medio,7.3,reprobado
22.6,87.6,5.8,0,0.0,Bajo,15.0,aprobado
19.4,59.8,13.7,0,0.0,Alto,16.3,aprobado
9.6,74.3,16.0,0,0.0,Bajo,15.0,aprobado
15.5,67.8,7.6,0,0.0,Bajo,13.1,en_riesgo
6.4,84.6,9.1,0,0.0,Alto,10.8,reprobado
,81.0,13.6,0,0.0,Alto,14.2,aprobado
24.5,43.3,12.2,1,35.0,Bajo,12.2,en_riesgo
5.4,61.3,17.3,0,0.0,Alto,15.0,aprobado
26.8,46.4,8.8,0,0.0,Alto,15.7,aprobado
,80.6,9.0,1,36.0,Medio,14.0,aprobado
,59.3,12.5,1,26.0,Alto,15.1,aprobado
25.5,47.7,9.7,0,0.0,Bajo,12.9,en_riesgo
20.6,63.6,12.7,0,0.0,Alto,17.5,aprobado
17.7,75.4,5.8,1,32.0,Medio,10.7,reprobado
15.3,51.7,13.7,0,0.0,Alto,15.5,aprobado
17.3,79.7,15.4,1,0.0,Bajo,13.4,en_riesgo
26.2,91.4,6.7,1,15.0,Alto,14.8,aprobado
19.3,98.2,16.2,0,0.0,Medio,17.1,aprobado
22.1,88.9,5.2,0,0.0,Bajo,13.7,en_riesgo
18.6,61.6,15.7,0,0.0,BAJO,15.1,aprobado
1.2,48.4,12.8,0,0.0,Medio,7.8,reprobado
28.9,77.0,10.4,0,0.0,Bajo,16.9,aprobado
23.0,52.4,8.1,0,0.0,Alto,15.2,aprobado
7.9,54.1,,0,0.0,Medio,11.4,en_riesgo
20.5,80.9,14.8,1,45.0,BAJO,14.8,aprobado
1.9,72.1,17.6,0,0.0,Bajo,9.6,reprobado
7.2,49.0,7.3,0,0.0,Medio,7.9,reprobado
10.5,82.8,13.1,0,0.0,Medio,13.4,en_riesgo
10.5,89.8,10.4,1,23.0,Bajo,10.7,reprobado
26.8,77.5,14.7,1,33.0,Medio,17.8,aprobado
2.2,55.3,16.9,0,0.0,Bajo,14.2,aprobado
7.6,95.3,15.8,1,34.0,Medio,12.8,en_riesgo
21.1,82.2,10.1,0,0.0,Medio,14.3,aprobado
14.7,93.1,15.0,1,34.0,Alto,13.7,en_riesgo
11.0,58.7,7.0,1,21.0,Bajo,8.0,reprobado
2.1,70.5,11.9,0,0.0,Alto,9.0,reprobado
27.1,84.4,6.2,1,39.0,Medio,12.6,en_riesgo
28.1,86.0,10.0,0,0.0,Bajo,14.7,aprobado
21.7,67.4,15.5,0,0.0,Bajo,17.7,aprobado
26.2,48.4,18.4,0,0.0,Bajo,19.4,aprobado
23.4,98.7,8.0,0,0.0,Alto,17.2,aprobado
19.1,89.4,,1,41.0,Medio,10.9,reprobado
12.6,86.4,11.1,1,27.0,Medio,12.1,en_riesgo
7.8,51.5,14.1,0,0.0,Bajo,12.1,en_riesgo
7.4,91.6,18.4,0,0.0,Medio,14.6,aprobado
25.3,63.6,11.6,1,26.0,Medio,17.3,aprobado
14.9,46.2,17.7,1,30.0,Bajo,10.6,reprobado
5.8,83.3,5.5,0,0.0,Alto,8.7,reprobado
13.0,46.7,18.0,0,0.0,Medio,14.8,aprobado
7.5,55.2,19.2,0,0.0,MEDIO,14.1,aprobado
29.2,48.4,16.7,1,27.0,Alto,18.2,aprobado
8.9,87.7,13.0,1,17.0,Medio,11.1,en_riesgo
23.0,90.3,,0,0.0,Alto,20.0,aprobado
8.7,41.5,9.9,0,0.0,Medio,8.4,reprobado
3.3,58.2,8.7,1,41.0,Alto,8.5,reprobado
5.6,60.5,7.9,1,29.0,Bajo,8.9,reprobado
19.0,53.3,13.7,0,0.0,Alto,17.2,aprobado
1.6,69.9,16.5,1,28.0,Medio,11.7,en_riesgo
19.1,95.7,18.7,0,0.0,Alto,20.0,aprobado
5.8,73.5,14.2,0,0.0,Alto,12.6,en_riesgo
16.7,69.4,12.3,0,0.0,Alto,15.9,aprobado
22.2,58.2,19.1,0,0.0,Bajo,16.8,aprobado
26.2,77.9,17.5,0,0.0,Medio,19.5,aprobado
25.4,98.5,5.6,1,19.0,Medio,14.7,aprobado
5.4,53.6,18.1,0,0.0,Bajo,12.0,en_riesgo
,44.9,17.8,0,0.0,Bajo,10.9,reprobado
,75.0,17.7,1,34.0,Medio,16.8,aprobado
1.5,73.6,12.2,0,0.0,Alto,10.9,reprobado
10.1,81.5,18.4,1,33.0,Bajo,15.5,aprobado
13.8,89.3,6.3,1,14.0,Medio,11.7,en_riesgo
15.8,56.4,9.5,0,0.0,Medio,13.0,en_riesgo
7.8,56.2,11.0,0,0.0,Medio,9.0,reprobado
12.5,53.1,6.7,0,0.0,Medio,10.6,reprobado
,46.9,7.4,0,0.0,Medio,6.6,reprobado
28.8,83.1,8.2,1,32.0,Bajo,14.4,aprobado
24.4,45.5,11.3,1,19.0,Alto,16.0,aprobado
9.5,59.4,14.6,0,0.0,Bajo,13.8,en_riesgo
16.3,45.8,7.6,1,16.0,Medio,10.1,reprobado
7.3,89.7,8.7,0,0.0,Alto,11.7,en_riesgo
28.1,66.2,9.7,0,0.0,Bajo,15.6,aprobado
17.9,42.3,12.8,1,45.0,Medio,11.2,en_riesgo
7.8,57.1,12.8,0,0.0,Medio,13.8,en_riesgo
4.1,74.3,12.1,0,0.0,Alto,11.8,en_riesgo
13.4,75.0,6.5,0,0.0,Medio,11.0,en_riesgo
,63.3,12.5,0,0.0,Bajo,13.6,en_riesgo
21.6,45.5,12.3,0,0.0,medio,13.4,en_riesgo
20.9,84.1,7.8,0,0.0,Bajo,13.9,en_riesgo
27.2,42.4,13.2,0,0.0,Bajo,16.8,aprobado
14.8,66.9,5.4,0,0.0,Medio,11.3,en_riesgo
16.5,62.3,10.3,0,0.0,Alto,13.9,en_riesgo
22.3,97.9,11.4,0,0.0,Bajo,16.1,aprobado
,54.5,12.0,1,21.0,Alto,12.6,en_riesgo
26.5,73.9,17.7,0,0.0,Medio,20.0,aprobado
12.1,98.5,10.0,1,28.0,Alto,15.3,aprobado
,80.9,13.4,0,0.0,Medio,18.0,aprobado
25.3,69.0,11.4,0,0.0,Medio,16.2,aprobado
10.9,89.8,16.8,1,28.0,Medio,15.2,aprobado
27.7,92.4,8.1,0,0.0,Bajo,16.8,aprobado
10.2,63.2,17.4,1,31.0,Medio,12.4,en_riesgo
3.8,90.7,,0,0.0,Bajo,8.1,reprobado
10.5,92.5,13.0,0,0.0,Bajo,14.3,aprobado
,99.4,17.0,1,9.0,Medio,18.7,aprobado
19.3,58.8,11.5,1,13.0,Alto,14.5,aprobado
9.1,89.4,11.3,0,0.0,Medio,12.8,en_riesgo
9.7,54.3,13.1,0,0.0,Alto,11.1,en_riesgo
1.0,84.5,14.9,1,46.0,Alto,12.1,en_riesgo
2.7,68.1,15.6,0,0.0,Bajo,11.8,en_riesgo
21.4,67.6,,0,0.0,Medio,20.0,aprobado
19.0,75.8,6.5,1,25.0,Bajo,9.6,reprobado
19.6,70.5,16.5,0,0.0,Medio,16.0,aprobado
16.5,87.7,15.2,1,0.0,Medio,17.9,aprobado
25.4,82.7,12.7,0,0.0,Bajo,18.6,aprobado
27.8,95.7,,1,31.0,Medio,17.9,aprobado
15.3,92.2,9.8,0,0.0,Bajo,12.9,en_riesgo
15.6,51.4,12.2,1,28.0,Alto,10.6,reprobado
21.9,59.2,,1,16.0,Medio,12.5,en_riesgo
27.5,91.4,6.6,0,0.0,BAJO,16.6,aprobado
27.6,68.7,6.4,0,0.0,MEDIO,15.0,aprobado
28.1,91.1,,1,28.0,Medio,16.0,aprobado
7.9,65.3,14.4,0,0.0,Bajo,11.7,en_riesgo
19.4,70.0,10.3,1,18.0,Medio,13.7,en_riesgo
8.7,85.4,10.9,0,0.0,Alto,16.4,aprobado
10.9,59.2,,0,0.0,Medio,15.5,aprobado
18.9,64.7,5.9,1,36.0,Medio,10.7,reprobado
8.3,77.0,8.0,1,28.0,Medio,9.5,reprobado
5.2,86.8,9.4,0,0.0,BAJO,13.0,en_riesgo
6.3,56.0,9.8,1,19.0,Medio,7.2,reprobado
26.0,82.7,8.6,0,0.0,Medio,17.4,aprobado
,87.0,,0,0.0,Medio,17.1,aprobado
,65.2,11.6,1,9.0,Medio,12.5,en_riesgo
12.1,61.1,6.7,1,24.0,Bajo,7.1,reprobado
18.3,92.8,14.7,1,43.0,Bajo,15.8,aprobado
6.5,66.3,16.4,0,0.0,Medio,12.6,en_riesgo
21.9,60.4,,0,0.0,Bajo,16.4,aprobado
27.3,87.8,,1,45.0,Bajo,15.4,aprobado
12.3,83.8,15.3,0,0.0,Medio,13.9,en_riesgo
20.4,79.5,15.1,0,0.0,Medio,16.8,aprobado
18.0,50.9,,0,0.0,Medio,13.7,en_riesgo
13.0,99.7,13.3,0,0.0,Alto,18.6,aprobado
,62.2,13.7,1,29.0,Alto,15.6,aprobado
11.4,97.5,9.5,1,39.0,Medio,10.9,reprobado
8.4,65.6,9.2,0,0.0,Bajo,9.1,reprobado
5.4,82.1,9.2,0,0.0,Bajo,9.5,reprobado
6.0,86.4,14.4,0,0.0,Medio,14.1,aprobado
28.1,56.7,18.5,1,23.0,Bajo,18.7,aprobado
,89.7,,0,0.0,Medio,14.1,aprobado
18.4,74.9,9.2,1,16.0,Medio,15.4,aprobado
6.8,95.5,13.0,1,22.0,Bajo,10.2,reprobado
18.3,83.1,12.1,0,0.0,Bajo,15.4,aprobado
26.2,78.5,5.5,0,0.0,Medio,12.3,en_riesgo
12.1,43.1,11.6,0,0.0,Medio,11.6,en_riesgo
27.9,48.6,10.9,0,0.0,Medio,16.8,aprobado
15.8,94.0,12.3,1,14.0,Medio,17.0,aprobado
23.5,66.0,15.2,0,0.0,Bajo,16.5,aprobado
11.2,83.7,11.1,1,14.0,Bajo,12.5,en_riesgo
25.1,61.6,19.6,1,31.0,Bajo,18.9,aprobado
19.8,41.0,17.7,0,0.0,Medio,16.3,aprobado
15.4,95.7,19.5,1,37.0,Medio,17.6,aprobado
19.0,84.1,,0,0.0,Medio,18.0,aprobado
5.7,92.2,,0,0.0,Medio,13.7,en_riesgo
10.0,59.4,8.0,1,45.0,BAJO,8.2,reprobado
28.3,81.1,7.4,1,10.0,Medio,14.3,aprobado
26.5,87.2,7.4,1,38.0,Alto,15.9,aprobado
9.4,62.3,18.5,0,0.0,Medio,14.2,aprobado
26.6,85.7,6.5,1,17.0,Medio,15.5,aprobado
1.9,90.0,18.8,1,20.0,Medio,12.4,en_riesgo
25.2,83.7,,1,32.0,Alto,17.3,aprobado
4.5,51.1,14.1,1,32.0,Medio,8.0,reprobado
24.9,41.8,19.5,0,0.0,Alto,20.0,aprobado
19.8,60.5,7.2,1,24.0,Alto,11.5,en_riesgo
5.2,99.3,5.9,1,18.0,Medio,8.0,reprobado
17.4,81.5,5.3,1,45.0,Medio,10.6,reprobado
19.2,74.3,,0,0.0,Bajo,14.1,aprobado
16.0,51.9,18.9,1,42.0,Medio,14.8,aprobado
12.1,98.6,18.3,0,0.0,Medio,17.3,aprobado
14.2,44.0,16.7,1,22.0,Alto,15.4,aprobado
11.4,74.7,13.9,0,0.0,Medio,13.8,en_riesgo
22.3,76.6,11.7,0,0.0,Alto,15.9,aprobado
27.5,51.5,5.9,0,0.0,Medio,13.4,en_riesgo
10.6,53.3,12.9,0,0.0,Medio,12.6,en_riesgo
28.3,92.2,10.8,0,0.0,Bajo,18.9,aprobado
14.9,72.5,11.4,0,0.0,Medio,13.7,en_riesgo
7.3,93.0,16.4,0,0.0,Bajo,13.4,en_riesgo
17.3,61.1,,1,18.0,Bajo,10.3,reprobado
16.2,90.0,6.5,0,0.0,Alto,14.5,aprobado
,83.8,10.1,0,0.0,Medio,12.3,en_riesgo
6.5,58.4,7.8,1,45.0,Bajo,5.7,reprobado
22.7,53.1,18.0,1,33.0,Bajo,17.2,aprobado
19.3,61.1,,1,30.0,Bajo,17.7,aprobado
19.1,57.8,8.7,0,0.0,Medio,16.6,aprobado
10.6,54.8,10.8,0,0.0,Alto,11.6,en_riesgo
22.5,80.9,17.0,0,0.0,Alto,20.0,aprobado
,52.5,7.9,0,0.0,Alto,9.9,reprobado
26.9,89.8,17.9,0,0.0,Alto,20.0,aprobado
3.2,54.8,9.7,1,46.0,Alto,7.6,reprobado
1.1,47.8,11.9,0,0.0,Alto,10.5,reprobado
20.7,85.4,14.8,0,0.0,Medio,19.5,aprobado
17.8,78.1,18.6,1,34.0,Bajo,16.9,aprobado
12.3,62.1,19.1,0,0.0,Bajo,13.9,en_riesgo
14.3,82.5,8.0,1,34.0,Medio,12.0,en_riesgo
10.3,98.9,15.3,0,0.0,MEDIO,13.5,en_riesgo
9.4,83.3,12.3,1,15.0,Medio,14.8,aprobado
8.9,79.3,17.7,1,20.0,Bajo,13.6,en_riesgo
21.5,48.1,8.1,0,0.0,Medio,11.9,en_riesgo
25.1,87.6,15.0,1,19.0,Medio,17.7,aprobado
9.5,70.8,9.3,1,33.0,Bajo,10.5,reprobado
,58.1,12.4,0,0.0,Bajo,13.6,en_riesgo
10.0,75.8,8.5,0,0.0,Bajo,9.1,reprobado
24.5,53.2,18.6,0,0.0,Bajo,18.0,aprobado
7.1,66.9,19.5,1,11.0,Medio,13.6,en_riesgo
21.0,72.6,11.7,0,0.0,Medio,15.4,aprobado
15.7,79.4,,0,0.0,Medio,12.6,en_riesgo
,48.0,6.1,1,46.0,BAJO,1.8,reprobado
6.4,53.3,8.6,1,11.0,Medio,7.0,reprobado
2.4,96.1,8.2,1,20.0,bajo,8.2,reprobado
7.9,43.9,5.6,0,0.0,Medio,7.7,reprobado
1.2,97.1,14.0,0,0.0,Medio,11.4,en_riesgo
2.8,70.4,15.5,1,14.0,Medio,10.2,reprobado
27.9,86.3,13.4,0,0.0,Medio,18.8,aprobado
16.4,42.7,9.6,1,27.0,Medio,10.2,reprobado
28.6,81.3,8.8,0,0.0,Medio,14.2,aprobado
4.9,62.1,19.1,0,0.0,Bajo,11.1,en_riesgo
28.3,89.9,8.3,1,8.0,Medio,17.5,aprobado
16.3,87.1,18.5,1,42.0,Medio,15.8,aprobado
19.8,45.9,17.9,1,26.0,Medio,15.7,aprobado
28.8,83.5,13.6,0,0.0,Medio,20.0,aprobado
10.1,97.2,10.7,0,0.0,Medio,12.1,en_riesgo
2.0,66.4,8.7,0,0.0,MEDIO,8.1,reprobado
6.9,49.7,16.6,1,35.0,Alto,11.8,en_riesgo
6.2,85.9,11.0,0,0.0,Medio,11.4,en_riesgo
18.7,42.4,7.9,1,16.0,Medio,8.8,reprobado
3.6,61.3,5.5,0,0.0,Medio,7.3,reprobado
3.1,80.2,17.7,0,0.0,Alto,13.6,en_riesgo
23.3,91.8,7.1,0,0.0,Medio,15.8,aprobado
11.6,63.5,17.5,1,24.0,Alto,15.7,aprobado
,86.2,15.6,0,0.0,medio,16.7,aprobado
14.0,84.6,12.0,0,0.0,Medio,13.9,en_riesgo
14.5,51.3,,0,0.0,Medio,15.1,aprobado
3.8,53.4,10.8,0,0.0,Medio,8.6,reprobado
20.6,58.7,9.3,0,0.0,Bajo,13.4,en_riesgo
1.7,73.5,5.8,1,42.0,Medio,6.3,reprobado
21.6,43.9,13.7,0,0.0,Bajo,16.2,aprobado
29.1,78.8,,0,0.0,Bajo,20.0,aprobado
28.9,79.6,8.9,0,0.0,Bajo,17.2,aprobado
26.8,65.6,19.3,0,0.0,Medio,19.2,aprobado
3.7,58.7,9.0,0,0.0,Medio,9.4,reprobado
20.8,66.1,8.1,1,9.0,Medio,12.7,en_riesgo
8.5,69.9,19.8,1,12.0,Bajo,12.7,en_riesgo
18.5,94.9,11.6,1,42.0,Alto,15.3,aprobado
10.6,95.5,18.3,1,43.0,Alto,17.8,aprobado
20.7,66.0,,1,44.0,Bajo,13.5,en_riesgo
8.8,88.6,17.2,1,13.0,Medio,14.3,aprobado
21.8,77.4,16.3,0,0.0,Medio,18.0,aprobado
4.2,79.8,7.9,1,13.0,Alto,10.1,reprobado
6.9,68.7,7.9,1,35.0,Medio,9.5,reprobado
24.6,49.4,16.7,0,0.0,Bajo,16.0,aprobado
5.4,98.8,7.3,1,36.0,Medio,9.1,reprobado
16.6,84.4,6.1,1,32.0,Alto,9.9,reprobado
,41.1,14.6,0,0.0,Bajo,13.3,en_riesgo
12.3,60.8,15.6,0,0.0,medio,13.9,en_riesgo
4.0,73.4,18.6,0,0.0,Medio,13.2,en_riesgo
6.2,84.5,14.7,1,12.0,Medio,12.1,en_riesgo
22.7,82.7,6.1,0,0.0,Medio,14.7,aprobado
18.3,53.9,19.9,1,28.0,Bajo,16.1,aprobado
17.6,62.3,5.2,1,12.0,Medio,10.7,reprobado
15.7,89.3,7.8,1,21.0,Medio,12.6,en_riesgo
13.4,96.1,14.4,0,0.0,Medio,15.2,aprobado
25.2,96.2,14.3,0,0.0,Alto,19.0,aprobado
28.8,95.7,13.0,0,0.0,Medio,20.0,aprobado
13.3,77.2,,1,33.0,Alto,15.5,aprobado
14.7,71.7,7.5,1,21.0,Bajo,11.9,en_riesgo
16.5,97.1,14.2,1,34.0,Medio,13.4,en_riesgo
2.7,50.8,,1,41.0,Alto,7.3,reprobado
26.5,90.1,16.9,1,39.0,Medio,20.0,aprobado
18.3,70.0,16.2,0,0.0,BAJO,16.3,aprobado
3.8,95.9,19.8,1,46.0,Medio,12.1,en_riesgo
12.7,62.6,16.7,0,0.0,Medio,14.3,aprobado
13.0,54.8,11.4,1,16.0,Bajo,11.7,en_riesgo
7.5,64.3,18.0,1,45.0,MEDIO,13.2,en_riesgo
10.0,60.2,18.9,1,18.0,Medio,13.4,en_riesgo
24.2,77.1,16.7,1,22.0,Medio,19.5,aprobado
1.4,46.5,14.1,1,39.0,Medio,8.2,reprobado
9.8,40.7,15.4,0,0.0,Bajo,11.8,en_riesgo
25.8,59.0,16.3,1,22.0,Alto,16.9,aprobado
7.8,64.2,5.2,0,0.0,Medio,6.4,reprobado
1.9,65.8,,1,46.0,BAJO,10.0,reprobado
7.6,94.0,7.2,1,41.0,Medio,8.1,reprobado
20.4,70.7,11.1,1,19.0,Bajo,12.6,en_riesgo
7.0,89.2,,0,0.0,Medio,16.9,aprobado
2.9,88.2,10.8,1,43.0,Medio,8.8,reprobado
12.8,89.6,,1,13.0,Medio,11.7,en_riesgo
19.1,74.6,,0,0.0,Alto,16.6,aprobado
29.9,61.7,17.5,1,27.0,Medio,19.1,aprobado
6.5,71.8,5.9,0,0.0,Alto,8.0,reprobado
12.6,45.2,7.9,1,12.0,Alto,11.8,en_riesgo
12.9,65.0,8.9,0,0.0,Medio,11.0,en_riesgo
25.2,72.2,11.3,1,47.0,Bajo,14.9,aprobado
,61.0,11.0,0,0.0,Bajo,13.0,en_riesgo
9.9,73.9,15.5,0,0.0,Medio,15.8,aprobado
19.8,62.4,9.4,1,14.0,Bajo,14.0,aprobado
25.2,94.2,17.7,0,0.0,MEDIO,19.4,aprobado
16.5,98.9,13.1,1,14.0,Medio,15.4,aprobado
27.8,80.5,8.8,0,0.0,Medio,17.3,aprobado
14.1,77.8,14.0,0,0.0,Medio,14.0,aprobado
17.2,62.2,5.4,1,16.0,Alto,11.0,en_riesgo
25.7,90.0,11.1,0,0.0,Medio,17.7,aprobado
15.6,67.1,15.7,0,0.0,Medio,12.9,en_riesgo
27.4,73.6,,1,40.0,Bajo,14.0,aprobado
15.8,91.7,19.6,1,9.0,Bajo,16.1,aprobado
29.5,78.4,7.8,0,0.0,Bajo,17.1,aprobado
26.4,78.2,5.1,1,12.0,Medio,15.2,aprobado
4.2,93.4,11.2,0,0.0,Bajo,12.4,en_riesgo
20.6,47.2,6.8,0,0.0,medio,11.3,en_riesgo
1.5,96.9,6.1,1,46.0,Medio,3.3,reprobado
27.2,75.6,7.8,1,25.0,Alto,15.5,aprobado
21.1,62.0,15.8,0,0.0,Medio,16.1,aprobado
16.1,82.5,8.1,1,47.0,Alto,12.9,en_riesgo
20.4,59.0,18.6,0,0.0,Medio,17.2,aprobado
6.3,73.2,14.3,0,0.0,Medio,13.4,en_riesgo
8.9,84.6,9.1,0,0.0,Medio,9.7,reprobado
11.6,96.5,13.0,0,0.0,Medio,12.9,en_riesgo
14.0,45.1,19.1,1,14.0,Alto,18.1,aprobado
15.6,44.9,18.3,1,9.0,BAJO,14.8,aprobado
11.6,87.1,19.7,1,14.0,Alto,19.0,aprobado
27.1,82.2,11.1,1,11.0,Medio,16.8,aprobado
16.1,95.2,13.3,0,0.0,Alto,16.2,aprobado
19.2,64.9,8.1,1,14.0,Medio,13.3,en_riesgo
26.1,76.4,9.2,0,0.0,Medio,15.3,aprobado
3.8,43.4,17.6,0,0.0,Medio,10.4,reprobado
15.5,51.5,15.4,1,39.0,Bajo,12.7,en_riesgo
9.5,67.3,14.4,0,0.0,Medio,12.9,en_riesgo
,94.0,11.3,0,0.0,Bajo,10.5,reprobado
5.5,86.2,9.6,1,41.0,Alto,10.7,reprobado
9.9,77.1,10.3,1,32.0,Alto,11.3,en_riesgo
6.6,53.7,10.9,1,37.0,Medio,8.0,reprobado
18.4,40.9,18.5,1,35.0,Bajo,13.4,en_riesgo
28.0,42.0,,1,20.0,Medio,15.9,aprobado
,62.0,17.3,1,32.0,Alto,13.4,en_riesgo
19.4,87.3,8.5,1,44.0,Alto,13.8,en_riesgo
29.0,60.7,6.8,1,28.0,Bajo,15.0,aprobado
27.2,79.3,9.6,0,0.0,Medio,13.9,en_riesgo
10.8,97.7,17.3,0,0.0,Medio,17.5,aprobado
25.2,68.4,16.6,0,0.0,Alto,20.0,aprobado
7.9,57.5,11.3,1,41.0,Alto,9.9,reprobado
10.6,54.0,9.8,1,18.0,Alto,10.9,reprobado
27.2,41.0,8.7,1,8.0,Bajo,14.3,aprobado
7.1,96.8,17.1,0,0.0,Alto,16.8,aprobado
7.6,71.3,11.4,0,0.0,Bajo,12.6,en_riesgo
21.3,55.5,,1,33.0,Alto,17.5,aprobado
17.4,88.9,15.9,0,0.0,Bajo,15.5,aprobado
15.7,78.8,10.7,0,0.0,Medio,14.2,aprobado
4.8,90.9,11.9,1,20.0,Bajo,11.1,en_riesgo
25.6,94.3,14.0,0,0.0,Bajo,16.2,aprobado
5.2,69.8,11.1,0,0.0,Medio,7.4,reprobado
21.1,51.1,9.8,0,0.0,Medio,13.5,en_riesgo
26.3,69.6,12.9,0,0.0,Bajo,17.7,aprobado
20.1,75.6,20.0,0,0.0,Bajo,17.1,aprobado
6.9,53.8,6.7,0,0.0,Medio,8.1,reprobado
29.5,68.0,19.5,1,36.0,Medio,20.0,aprobado
21.8,42.1,11.6,0,0.0,Medio,12.2,en_riesgo
20.8,69.1,7.3,0,0.0,Alto,13.8,en_riesgo
23.0,72.2,11.0,0,0.0,Alto,15.9,aprobado
24.9,97.3,5.8,0,0.0,Bajo,13.1,en_riesgo
21.5,50.4,17.2,0,0.0,Medio,17.5,aprobado
22.6,47.0,16.5,1,10.0,Bajo,14.7,aprobado
,69.5,8.3,1,31.0,Bajo,8.4,reprobado
17.9,77.5,6.7,1,40.0,Medio,11.1,en_riesgo
24.8,54.0,13.3,0,0.0,ALTO,18.0,aprobado
21.8,88.8,19.4,1,33.0,Alto,19.0,aprobado
10.9,78.0,7.0,1,13.0,Medio,12.4,en_riesgo
26.9,71.1,12.0,0,0.0,Medio,16.1,aprobado
13.4,79.5,15.7,0,0.0,Medio,15.6,aprobado
7.3,60.7,18.0,0,0.0,Bajo,11.8,en_riesgo
9.9,57.3,6.0,0,0.0,Medio,8.4,reprobado
21.0,44.5,6.0,1,22.0,Alto,12.9,en_riesgo
28.6,90.5,8.3,0,0.0,Medio,16.5,aprobado
12.0,58.0,7.4,0,0.0,Bajo,9.6,reprobado
26.2,82.8,16.3,0,0.0,Alto,20.0,aprobado
17.4,64.8,7.2,0,0.0,Alto,14.5,aprobado
25.5,42.7,16.4,0,0.0,Medio,18.3,aprobado
24.8,75.2,,1,10.0,Medio,17.9,aprobado
21.7,43.9,6.4,1,17.0,Medio,12.3,en_riesgo
27.2,97.0,7.0,0,0.0,Alto,18.5,aprobado
27.2,76.6,15.9,0,0.0,Medio,20.0,aprobado
16.9,40.8,11.8,0,0.0,Alto,15.2,aprobado
22.7,60.5,19.9,0,0.0,Medio,18.8,aprobado
21.0,41.8,19.5,1,31.0,Bajo,13.3,en_riesgo
19.7,60.6,17.1,1,32.0,Medio,16.3,aprobado
15.6,49.7,18.9,0,0.0,Bajo,15.0,aprobado
6.2,99.6,10.9,0,0.0,Bajo,12.7,en_riesgo
15.6,47.0,17.5,1,25.0,Alto,16.6,aprobado
9.7,81.0,18.7,0,0.0,Bajo,15.5,aprobado
22.8,93.3,18.5,0,0.0,Alto,20.0,aprobado
24.0,45.2,15.1,0,0.0,Bajo,15.8,aprobado
,75.5,19.7,1,35.0,Alto,15.8,aprobado
24.3,58.2,8.5,1,47.0,Alto,13.2,en_riesgo
2.9,44.6,9.2,0,0.0,Medio,9.3,reprobado
10.1,99.0,16.6,1,43.0,Bajo,13.1,en_riesgo
8.0,73.6,9.6,1,26.0,Bajo,10.7,reprobado
11.7,62.6,12.0,1,11.0,Bajo,11.1,en_riesgo
6.4,58.4,7.7,0,0.0,Bajo,7.8,reprobado
25.0,77.8,14.7,0,0.0,Medio,18.4,aprobado
4.0,51.3,20.0,1,29.0,Medio,11.2,en_riesgo
21.8,48.9,12.9,0,0.0,Medio,14.9,aprobado
5.9,98.1,,0,0.0,Medio,14.3,aprobado
13.9,40.0,7.2,1,14.0,Alto,10.2,reprobado
15.4,60.6,6.6,1,15.0,Medio,11.0,en_riesgo
21.0,72.6,14.5,0,0.0,Medio,15.0,aprobado
2.0,84.8,,1,8.0,Alto,15.4,aprobado
22.1,70.3,17.6,1,28.0,Bajo,15.6,aprobado
,96.2,5.7,1,43.0,Alto,8.4,reprobado
22.6,94.4,8.4,1,44.0,Bajo,14.0,aprobado
9.5,73.2,19.7,1,30.0,Bajo,14.6,aprobado
5.9,41.0,17.0,0,0.0,Alto,11.9,en_riesgo
,67.1,13.4,1,37.0,Bajo,6.6,reprobado
13.4,47.4,5.3,1,40.0,Bajo,7.9,reprobado
30.0,83.8,8.4,0,0.0,Medio,16.6,aprobado
11.1,82.8,11.4,0,0.0,Medio,12.2,en_riesgo
5.7,94.3,12.4,1,43.0,Medio,10.1,reprobado
9.5,48.2,10.8,0,0.0,Bajo,10.9,reprobado
17.3,81.6,9.9,0,0.0,Alto,15.3,aprobado
28.4,51.7,17.9,0,0.0,medio,19.7,aprobado
9.6,59.6,13.2,0,0.0,Bajo,11.4,en_riesgo
5.6,91.1,19.9,1,29.0,Medio,14.6,aprobado
21.2,99.3,11.2,0,0.0,Alto,18.1,aprobado
20.2,54.6,10.1,1,22.0,Medio,13.3,en_riesgo
25.2,68.4,17.5,0,0.0,Medio,18.8,aprobado
2.8,49.1,14.9,1,46.0,Bajo,8.5,reprobado
26.3,66.1,,1,11.0,Medio,16.2,aprobado
5.7,67.9,17.5,1,36.0,Bajo,10.0,reprobado
13.3,53.2,17.5,1,0.0,Bajo,12.2,en_riesgo
18.1,62.0,7.7,0,0.0,Medio,14.2,aprobado
,87.2,12.7,0,0.0,Medio,12.1,en_riesgo
,94.5,16.8,0,0.0,Medio,20.0,aprobado
10.9,73.4,16.3,0,0.0,Alto,15.7,aprobado
10.3,78.2,5.6,0,0.0,Bajo,8.4,reprobado
25.3,84.0,19.7,0,0.0,Medio,19.9,aprobado
23.3,55.4,6.4,1,44.0,Bajo,10.9,reprobado
25.4,53.3,16.2,1,16.0,Alto,19.7,aprobado
7.7,81.3,17.4,1,11.0,Medio,12.1,en_riesgo
,62.8,7.7,1,27.0,Bajo,12.1,en_riesgo
25.2,84.9,16.9,0,0.0,Medio,20.0,aprobado
13.7,86.9,9.1,0,0.0,Medio,13.6,en_riesgo
10.1,93.9,9.2,1,12.0,Medio,12.5,en_riesgo
19.3,46.0,6.5,1,18.0,Bajo,9.4,reprobado
10.1,78.4,9.5,1,29.0,Medio,8.7,reprobado
18.7,67.2,7.4,0,0.0,alto,12.4,en_riesgo
13.4,80.1,8.9,0,0.0,Medio,14.2,aprobado
28.5,55.4,8.2,0,0.0,Alto,16.1,aprobado
12.7,66.3,11.5,0,0.0,Medio,14.6,aprobado
9.4,96.8,8.9,0,0.0,Medio,12.4,en_riesgo
18.2,53.5,5.7,0,0.0,Medio,10.2,reprobado
16.7,84.8,11.3,1,27.0,Medio,15.7,aprobado
26.1,65.3,19.2,1,45.0,Medio,19.9,aprobado
13.8,63.5,6.1,0,0.0,Bajo,9.8,reprobado
22.4,85.6,14.1,0,0.0,Bajo,15.4,aprobado
8.5,44.2,5.6,0,0.0,Alto,7.6,reprobado
15.7,69.2,15.4,1,20.0,Bajo,13.8,en_riesgo
18.9,60.3,8.7,1,39.0,Bajo,14.2,aprobado
20.8,90.1,18.2,0,0.0,Bajo,16.4,aprobado
21.1,59.4,18.0,0,0.0,Medio,17.4,aprobado
29.5,84.6,13.0,1,19.0,Medio,16.9,aprobado
12.2,88.5,19.1,0,0.0,Medio,18.8,aprobado
12.2,86.2,,0,0.0,Medio,14.2,aprobado
16.2,41.7,19.3,1,39.0,Medio,14.4,aprobado
,90.7,9.7,0,0.0,Alto,7.8,reprobado
21.5,76.5,9.6,0,0.0,Alto,15.9,aprobado
15.8,65.8,14.9,1,45.0,Medio,11.7,en_riesgo
18.2,97.4,11.6,0,0.0,Medio,16.4,aprobado
21.5,57.4,11.9,0,0.0,Bajo,15.5,aprobado
1.0,58.5,17.5,0,0.0,Medio,12.5,en_riesgo
29.3,99.7,16.2,0,0.0,Bajo,20.0,aprobado
2.9,49.0,18.2,1,27.0,Alto,11.1,en_riesgo
22.9,99.4,9.0,0,0.0,Medio,15.7,aprobado
26.1,69.4,15.6,1,14.0,Bajo,18.0,aprobado
8.1,48.2,12.5,0,0.0,Alto,14.0,aprobado
,49.2,18.2,0,0.0,Bajo,13.3,en_riesgo
7.9,89.5,16.6,0,0.0,ALTO,15.4,aprobado
20.6,55.6,11.0,0,0.0,Medio,14.7,aprobado
17.9,67.3,9.1,1,23.0,Medio,12.4,en_riesgo
,58.3,16.0,1,47.0,Alto,17.0,aprobado
15.3,71.5,9.2,0,0.0,Medio,13.0,en_riesgo
19.8,81.6,10.5,0,0.0,Medio,15.1,aprobado
26.6,58.2,13.5,0,0.0,bajo,15.7,aprobado
11.7,41.1,16.1,0,0.0,Medio,11.3,en_riesgo
18.9,61.7,10.2,1,14.0,Medio,12.1,en_riesgo
,69.1,5.7,1,13.0,Alto,8.8,reprobado
9.8,93.3,10.4,1,45.0,Medio,10.7,reprobado
6.4,75.0,19.5,0,0.0,Medio,14.9,aprobado
2.4,60.9,12.3,1,32.0,Medio,7.4,reprobado
23.2,69.8,9.2,1,18.0,Alto,15.0,aprobado
9.8,95.7,16.5,0,0.0,MEDIO,15.5,aprobado
11.1,64.6,13.2,1,43.0,Medio,12.3,en_riesgo
20.5,91.5,10.3,1,26.0,Alto,17.5,aprobado
26.6,48.4,19.1,1,8.0,Medio,20.0,aprobado
20.1,98.9,5.3,1,41.0,Bajo,10.3,reprobado
2.4,99.0,7.5,0,0.0,Bajo,10.0,reprobado
14.4,70.8,9.3,0,0.0,Medio,11.6,en_riesgo
1.5,52.0,8.3,0,0.0,Medio,8.0,reprobado
4.1,63.5,5.9,1,40.0,Medio,6.0,reprobado
11.0,89.9,12.2,0,0.0,Bajo,11.4,en_riesgo
8.7,80.2,15.9,0,0.0,Medio,14.1,aprobado
21.4,61.2,19.9,0,0.0,Bajo,18.1,aprobado
4.1,77.7,6.5,0,0.0,Medio,8.0,reprobado
2.9,82.4,12.6,1,28.0,Alto,11.4,en_riesgo
,45.6,9.1,1,38.0,Bajo,6.6,reprobado
5.2,85.5,5.6,0,0.0,Alto,10.0,reprobado
13.8,50.1,12.4,1,30.0,Bajo,12.4,en_riesgo
28.0,65.3,16.4,0,0.0,Bajo,16.2,aprobado
21.4,44.4,9.3,1,16.0,Medio,11.4,en_riesgo
16.0,51.5,7.5,1,11.0,Medio,11.2,en_riesgo
8.3,75.3,7.3,1,11.0,Medio,9.8,reprobado
18.3,47.7,14.4,0,0.0,Alto,16.8,aprobado
,46.1,5.7,1,16.0,Medio,3.9,reprobado
,90.4,8.1,1,22.0,Medio,9.5,reprobado
29.9,52.7,17.6,1,8.0,Alto,20.0,aprobado
5.9,96.2,16.5,0,0.0,Bajo,13.8,en_riesgo
27.8,95.9,11.2,1,24.0,Alto,17.3,aprobado
12.8,85.5,18.1,1,44.0,Medio,15.6,aprobado
21.5,97.4,6.1,0,0.0,Medio,13.4,en_riesgo
24.0,92.0,5.6,1,35.0,Medio,12.6,en_riesgo
10.5,99.9,11.7,0,0.0,Bajo,11.9,en_riesgo
27.1,89.5,18.8,0,0.0,Bajo,20.0,aprobado
,94.5,17.6,1,33.0,Alto,18.4,aprobado
18.6,64.8,7.0,1,42.0,Bajo,9.3,reprobado
16.3,56.0,13.1,1,42.0,Medio,13.7,en_riesgo
22.3,71.5,16.2,0,0.0,Bajo,17.6,aprobado
,66.4,6.3,0,0.0,Medio,11.7,en_riesgo
20.0,64.9,18.4,0,0.0,ALTO,19.4,aprobado
24.9,45.9,10.7,1,19.0,Alto,15.9,aprobado
27.8,67.5,7.7,0,0.0,Alto,15.8,aprobado
13.7,83.9,7.8,1,34.0,Medio,10.8,reprobado
14.5,68.2,13.8,1,31.0,Medio,13.0,en_riesgo
29.8,64.2,,0,0.0,Alto,18.9,aprobado
27.0,95.6,,0,0.0,Medio,20.0,aprobado
7.7,50.5,12.0,1,45.0,Medio,7.9,reprobado
7.5,62.7,18.5,1,27.0,Bajo,13.3,en_riesgo
19.7,81.7,7.5,1,44.0,Medio,11.2,en_riesgo
23.5,46.6,12.9,1,38.0,Medio,14.0,aprobado
9.4,42.3,12.0,1,34.0,Alto,12.7,en_riesgo
23.4,54.7,16.0,0,0.0,Medio,17.2,aprobado
14.5,94.2,17.9,1,9.0,Bajo,19.0,aprobado
,86.6,13.0,1,41.0,Medio,14.1,aprobado
9.2,87.0,17.7,0,0.0,Alto,16.4,aprobado
22.2,65.8,14.9,0,0.0,Bajo,16.6,aprobado
,54.9,16.1,1,28.0,Bajo,16.7,aprobado
7.9,86.9,5.6,1,16.0,Medio,10.0,reprobado
10.2,96.5,9.4,0,0.0,Alto,13.1,en_riesgo
11.4,74.1,10.5,0,0.0,Alto,12.5,en_riesgo
,93.6,18.9,1,25.0,Alto,20.0,aprobado
14.1,89.5,7.3,1,24.0,Medio,10.4,reprobado
2.7,98.3,16.4,0,0.0,Alto,13.4,en_riesgo
4.3,68.6,12.4,0,0.0,BAJO,11.5,en_riesgo
18.0,82.0,6.8,1,9.0,Alto,13.5,en_riesgo
29.2,46.5,16.1,0,0.0,Medio,20.0,aprobado
25.0,48.4,8.8,0,0.0,Medio,14.4,aprobado
2.7,71.3,8.7,0,0.0,Medio,8.4,reprobado
6.9,97.1,18.2,0,0.0,Alto,17.9,aprobado
15.8,74.7,,0,0.0,Medio,14.0,aprobado
9.6,88.5,7.8,0,0.0,Bajo,11.8,en_riesgo
,98.3,18.4,0,0.0,Medio,15.6,aprobado
14.8,68.6,15.9,1,8.0,Medio,15.7,aprobado
3.8,98.3,,0,0.0,Bajo,10.0,reprobado
10.8,55.3,16.8,1,36.0,Medio,12.3,en_riesgo
6.1,71.2,16.3,0,0.0,Medio,13.2,en_riesgo
24.1,88.1,5.3,0,0.0,Medio,14.4,aprobado
26.1,85.9,11.3,1,33.0,Medio,15.4,aprobado
22.2,89.5,19.0,1,19.0,Medio,20.0,aprobado
5.4,85.6,9.5,0,0.0,Bajo,10.2,reprobado
28.0,95.2,19.9,1,28.0,Bajo,18.8,aprobado
4.7,76.2,12.0,1,13.0,Medio,13.0,en_riesgo
26.6,47.3,6.9,1,40.0,Bajo,12.9,en_riesgo
8.4,82.0,19.9,1,44.0,Bajo,15.0,aprobado
4.7,68.0,17.1,0,0.0,Bajo,11.5,en_riesgo
,89.7,13.7,0,0.0,Medio,18.0,aprobado
16.6,91.0,6.6,1,27.0,Medio,11.9,en_riesgo
13.0,60.8,13.9,1,38.0,Medio,11.1,en_riesgo
9.6,62.9,,1,9.0,Alto,16.6,aprobado
2.7,84.7,17.3,0,0.0,Alto,15.0,aprobado
,69.0,5.7,1,21.0,Alto,12.3,en_riesgo
20.8,83.0,19.5,0,0.0,Bajo,19.2,aprobado
29.9,50.6,12.9,0,0.0,Bajo,14.3,aprobado
13.9,67.6,7.5,0,0.0,MEDIO,12.5,en_riesgo
9.2,57.4,14.0,1,47.0,Bajo,10.8,reprobado
24.7,88.1,19.6,0,0.0,Bajo,20.0,aprobado
17.9,87.3,5.9,1,33.0,Medio,11.8,en_riesgo
12.6,90.1,,0,0.0,Medio,12.3,en_riesgo
21.9,81.2,18.0,1,28.0,Medio,18.8,aprobado
26.1,99.6,6.2,1,21.0,Medio,15.7,aprobado
19.2,52.7,,1,47.0,Alto,13.9,en_riesgo
9.2,43.2,9.7,0,0.0,Medio,9.6,reprobado
3.2,66.2,,0,0.0,Bajo,11.4,en_riesgo
24.5,97.9,12.8,0,0.0,Bajo,20.0,aprobado
13.3,76.9,7.2,0,0.0,Medio,8.9,reprobado
3.4,63.0,14.7,1,8.0,medio,10.5,reprobado
,58.1,8.7,0,0.0,Medio,15.1,aprobado
13.9,97.9,7.8,1,41.0,Alto,12.7,en_riesgo
19.8,58.4,14.1,0,0.0,Alto,17.6,aprobado
9.4,89.5,13.1,0,0.0,Bajo,11.8,en_riesgo
,45.4,18.7,1,37.0,Bajo,17.7,aprobado
3.9,96.2,13.5,0,0.0,Bajo,11.5,en_riesgo
21.7,69.3,18.5,1,12.0,Medio,18.5,aprobado
22.0,60.3,7.6,0,0.0,Bajo,13.3,en_riesgo
25.3,89.6,18.4,1,24.0,Medio,20.0,aprobado
18.3,48.5,19.7,0,0.0,Medio,17.5,aprobado
15.6,55.6,10.3,0,0.0,Medio,14.4,aprobado
17.7,65.7,,1,41.0,Medio,10.4,reprobado
13.3,59.9,14.9,1,17.0,Bajo,15.0,aprobado
6.6,93.7,14.1,0,0.0,Medio,14.2,aprobado
3.4,43.4,,1,28.0,Medio,9.4,reprobado
25.6,65.4,17.4,0,0.0,Medio,17.4,aprobado
8.8,59.6,8.7,0,0.0,Bajo,11.0,en_riesgo
9.8,56.2,19.6,0,0.0,Medio,15.0,aprobado
11.4,76.1,16.0,1,23.0,Bajo,12.4,en_riesgo
9.1,87.3,7.1,1,38.0,Bajo,9.5,reprobado
12.1,66.7,13.2,0,0.0,Alto,12.9,en_riesgo
1.5,98.0,18.2,1,10.0,Medio,14.6,aprobado
2.3,67.8,5.9,0,0.0,Medio,6.5,reprobado
21.1,75.0,5.6,1,39.0,Medio,9.6,reprobado
27.2,88.3,13.4,1,40.0,Bajo,18.3,aprobado
,83.3,12.6,1,47.0,Alto,15.2,aprobado
7.1,49.4,11.5,0,0.0,Bajo,7.4,reprobado
8.1,87.6,13.4,1,35.0,Alto,10.8,reprobado
13.9,97.2,15.7,1,16.0,Bajo,15.8,aprobado
23.7,52.5,14.3,1,17.0,Alto,16.9,aprobado
26.9,91.2,18.1,1,8.0,Bajo,19.3,aprobado
5.2,51.6,6.1,0,0.0,Medio,7.6,reprobado
4.7,43.0,18.4,1,36.0,Bajo,10.6,reprobado
4.7,83.4,12.5,1,23.0,Medio,11.3,en_riesgo
10.4,69.1,7.5,1,38.0,medio,10.5,reprobado
12.4,68.6,6.6,1,43.0,Medio,7.7,reprobado
5.1,57.6,6.2,0,0.0,Medio,5.7,reprobado
22.2,73.5,,0,0.0,Alto,17.4,aprobado
6.9,53.1,5.4,1,32.0,Medio,6.1,reprobado
23.4,88.1,6.3,0,0.0,Bajo,13.7,en_riesgo
8.1,49.5,,1,42.0,Medio,8.2,reprobado
19.2,91.0,16.7,1,35.0,Medio,16.8,aprobado
24.0,52.6,16.8,1,15.0,Alto,17.2,aprobado
4.8,51.7,6.3,0,0.0,Alto,8.5,reprobado
2.3,99.2,10.0,0,0.0,Medio,8.8,reprobado
10.3,61.1,16.8,0,0.0,Medio,13.5,en_riesgo
29.6,59.7,6.0,1,12.0,Medio,12.8,en_riesgo
13.8,71.4,10.1,0,0.0,Bajo,11.8,en_riesgo
19.6,98.4,18.3,1,24.0,MEDIO,16.8,aprobado
24.0,46.0,13.3,1,40.0,Medio,15.1,aprobado
16.4,71.7,15.0,0,0.0,bajo,15.1,aprobado
22.5,82.5,14.8,0,0.0,Bajo,17.3,aprobado
,79.8,13.3,0,0.0,Medio,17.1,aprobado
14.4,93.1,11.2,0,0.0,Bajo,13.9,en_riesgo
8.6,42.8,18.9,1,42.0,Medio,11.9,en_riesgo
16.2,99.8,12.1,0,0.0,Medio,13.6,en_riesgo
22.0,59.6,18.3,1,15.0,Bajo,16.8,aprobado
,62.0,13.4,1,15.0,Medio,12.5,en_riesgo
14.6,69.2,,0,0.0,Alto,15.2,aprobado
12.9,68.1,18.9,0,0.0,Medio,16.7,aprobado
2.9,88.7,9.7,0,0.0,Bajo,8.3,reprobado
10.9,94.7,13.8,1,23.0,Medio,16.0,aprobado
10.2,81.6,16.3,1,39.0,Medio,12.0,en_riesgo
11.2,44.5,19.5,1,44.0,Medio,14.9,aprobado
21.3,56.2,16.0,1,20.0,Alto,16.6,aprobado
7.0,52.6,,0,0.0,Medio,9.0,reprobado
8.4,76.8,18.1,0,0.0,Medio,15.8,aprobado
12.7,68.5,5.0,1,0.0,Bajo,6.4,reprobado
12.9,88.3,9.7,1,36.0,Medio,12.7,en_riesgo
13.9,99.5,9.8,0,0.0,Medio,13.8,en_riesgo
14.1,57.0,17.1,1,46.0,Alto,14.7,aprobado
22.4,48.3,19.6,1,43.0,Medio,18.8,aprobado
14.6,62.9,10.3,0,0.0,Bajo,12.3,en_riesgo
6.5,73.8,17.7,0,0.0,Medio,15.3,aprobado
1.7,47.3,15.5,0,0.0,medio,10.7,reprobado
9.9,59.6,7.9,0,0.0,Bajo,9.8,reprobado
6.5,99.4,,1,8.0,Medio,15.7,aprobado
,83.8,10.3,0,0.0,Medio,14.5,aprobado
12.0,53.2,12.9,0,0.0,Medio,14.5,aprobado
12.8,54.8,11.6,1,12.0,Medio,13.2,en_riesgo
,51.0,19.5,1,42.0,Bajo,12.4,en_riesgo
9.1,92.5,8.1,0,0.0,MEDIO,10.7,reprobado
8.9,95.8,6.7,0,0.0,Medio,11.0,en_riesgo
23.7,70.9,13.6,1,8.0,Medio,17.4,aprobado
2.7,77.5,10.2,1,45.0,Alto,9.7,reprobado
3.1,65.2,19.3,1,31.0,Bajo,11.2,en_riesgo
24.9,50.7,20.0,1,42.0,Medio,16.8,aprobado
21.3,71.6,18.3,0,0.0,Medio,19.6,aprobado
27.9,57.5,18.4,0,0.0,Medio,20.0,aprobado
24.7,48.5,16.5,0,0.0,Bajo,16.3,aprobado
21.0,85.1,15.6,0,0.0,Bajo,17.1,aprobado
,81.8,15.4,1,42.0,Alto,18.3,aprobado
29.7,47.3,7.1,1,17.0,Medio,15.4,aprobado
20.0,89.9,15.1,1,12.0,Medio,18.8,aprobado
22.8,55.0,17.9,1,43.0,Medio,18.2,aprobado
11.4,56.1,18.9,0,0.0,Bajo,14.1,aprobado
7.7,54.9,8.2,0,0.0,Alto,8.6,reprobado
2.3,75.4,10.7,0,0.0,Bajo,8.8,reprobado
15.9,40.2,15.0,0,0.0,Medio,13.2,en_riesgo
8.5,89.3,7.7,1,18.0,Bajo,10.2,reprobado
20.7,41.9,6.1,0,0.0,Medio,11.0,en_riesgo
14.6,45.5,14.7,0,0.0,Bajo,13.4,en_riesgo
9.1,77.5,13.3,0,0.0,Medio,12.6,en_riesgo
3.2,67.3,,1,23.0,Alto,12.1,en_riesgo
15.1,51.7,12.4,0,0.0,Bajo,10.2,reprobado
7.3,60.1,15.3,1,16.0,Medio,10.9,reprobado
5.9,98.1,,0,0.0,Medio,14.3,aprobado
16.5,40.2,15.5,0,0.0,Bajo,13.7,en_riesgo
7.0,67.8,,0,0.0,Medio,12.2,en_riesgo
7.7,44.3,17.7,1,18.0,Bajo,11.4,en_riesgo
15.2,91.0,10.8,0,0.0,Alto,16.4,aprobado
23.1,71.2,15.2,1,38.0,Medio,15.2,aprobado
29.4,62.2,9.4,1,47.0,Medio,15.6,aprobado
11.7,90.3,6.8,0,0.0,Alto,11.6,en_riesgo
2.0,85.5,14.8,0,0.0,Bajo,10.9,reprobado
15.9,61.3,16.1,1,35.0,Alto,13.9,en_riesgo
7.7,70.0,12.5,0,0.0,Medio,9.4,reprobado
,70.8,13.8,1,43.0,Bajo,15.3,aprobado
,68.5,7.1,1,41.0,Medio,12.6,en_riesgo
10.9,59.5,16.6,0,0.0,Bajo,14.3,aprobado
20.3,68.7,17.5,0,0.0,Alto,19.3,aprobado
5.9,57.7,5.3,0,0.0,Alto,9.3,reprobado
10.5,56.8,,1,35.0,Alto,11.7,en_riesgo
19.9,98.6,6.2,0,0.0,Bajo,12.9,en_riesgo
22.5,79.8,7.1,0,0.0,Medio,16.5,aprobado
3.1,46.5,13.7,1,36.0,MEDIO,8.8,reprobado
14.2,46.8,16.0,1,22.0,Bajo,13.3,en_riesgo
27.4,44.0,10.0,0,0.0,Medio,13.5,en_riesgo
23.6,55.0,,0,0.0,Bajo,20.0,aprobado
26.1,89.8,5.6,1,20.0,Bajo,14.2,aprobado
20.1,91.5,,1,38.0,Bajo,16.9,aprobado
25.4,58.1,11.0,0,0.0,Medio,18.1,aprobado
11.8,52.3,15.2,1,27.0,Medio,13.4,en_riesgo
9.2,42.3,19.3,0,0.0,Bajo,14.7,aprobado
26.2,87.8,15.6,0,0.0,Medio,20.0,aprobado
12.2,61.3,13.3,0,0.0,Bajo,13.0,en_riesgo
25.1,43.0,,0,0.0,Bajo,19.6,aprobado
21.8,97.7,11.6,0,0.0,Medio,18.9,aprobado
6.4,54.7,19.4,0,0.0,Alto,13.9,en_riesgo
5.5,77.3,20.0,1,17.0,Medio,12.7,en_riesgo
13.4,48.0,18.3,1,34.0,Bajo,14.0,aprobado
18.1,49.9,6.7,1,30.0,Alto,11.0,en_riesgo
14.5,91.0,15.2,0,0.0,Medio,13.9,en_riesgo
2.8,91.7,,0,0.0,Medio,9.7,reprobado
14.0,42.7,5.9,1,9.0,Bajo,8.4,reprobado
21.1,53.7,10.9,0,0.0,Alto,15.8,aprobado
20.4,84.7,8.9,1,12.0,Bajo,15.3,aprobado
23.9,63.4,8.4,1,19.0,Medio,14.8,aprobado
29.3,77.6,5.8,1,9.0,Bajo,15.0,aprobado
22.2,46.0,14.0,0,0.0,Medio,15.7,aprobado
22.1,48.6,15.2,1,35.0,Medio,15.5,aprobado
5.0,95.9,9.9,0,0.0,Medio,12.1,en_riesgo
10.7,62.3,,1,40.0,Bajo,14.0,aprobado
,52.1,9.3,0,0.0,MEDIO,10.3,reprobado
28.3,57.8,5.7,0,0.0,Alto,15.8,aprobado
8.0,58.5,18.9,0,0.0,Bajo,13.2,en_riesgo
3.9,49.7,,0,0.0,Bajo,11.1,en_riesgo
16.8,68.8,10.0,1,23.0,Bajo,12.2,en_riesgo
5.1,58.5,19.9,1,19.0,Medio,13.6,en_riesgo
16.0,64.8,8.6,1,32.0,Alto,15.4,aprobado
5.6,51.8,13.3,0,0.0,Medio,9.1,reprobado
13.3,78.3,12.0,0,0.0,Medio,15.6,aprobado
14.6,93.6,15.7,0,0.0,Medio,20.0,aprobado
,56.2,16.0,0,0.0,Medio,11.9,en_riesgo
10.0,69.0,7.3,0,0.0,Bajo,8.6,reprobado
25.1,70.5,18.4,0,0.0,Medio,20.0,aprobado
20.6,67.7,,0,0.0,Bajo,16.4,aprobado
4.9,50.5,12.8,1,18.0,Medio,11.2,en_riesgo
11.4,84.9,15.2,0,0.0,Alto,14.8,aprobado
20.4,77.0,9.8,0,0.0,Medio,15.8,aprobado
,63.8,8.0,0,0.0,Medio,13.5,en_riesgo
,65.1,6.4,1,19.0,Alto,17.4,aprobado
10.7,79.8,8.1,0,0.0,Bajo,10.2,reprobado
17.9,79.9,19.5,0,0.0,Bajo,15.4,aprobado
13.3,90.9,10.2,0,0.0,Medio,13.7,en_riesgo
6.3,56.8,,0,0.0,Medio,8.3,reprobado
23.9,40.4,15.9,0,0.0,Medio,17.5,aprobado
10.2,57.9,15.3,0,0.0,BAJO,13.3,en_riesgo
12.9,95.1,10.8,0,0.0,Bajo,14.5,aprobado
13.8,95.4,8.7,0,0.0,Medio,13.1,en_riesgo
4.6,73.1,8.0,0,0.0,Medio,8.9,reprobado
18.0,51.0,13.1,0,0.0,Bajo,14.8,aprobado
23.5,86.2,10.1,1,25.0,Bajo,16.4,aprobado
10.9,50.8,17.8,1,24.0,Bajo,12.6,en_riesgo
10.4,53.2,10.3,1,27.0,Alto,8.5,reprobado
20.5,83.4,,1,34.0,Alto,16.0,aprobado
9.9,83.5,7.9,1,40.0,Alto,9.3,reprobado
21.4,73.5,18.8,0,0.0,Bajo,17.6,aprobado
26.4,69.6,12.4,0,0.0,Medio,18.4,aprobado
26.8,57.1,16.7,0,0.0,Medio,18.3,aprobado
16.7,68.3,,0,0.0,Medio,12.1,en_riesgo
22.6,92.5,17.0,1,11.0,Alto,20.0,aprobado
11.1,83.1,15.6,0,0.0,Bajo,17.4,aprobado
18.3,41.0,6.7,1,44.0,Bajo,8.4,reprobado
8.3,67.1,7.9,1,16.0,Alto,8.6,reprobado
,72.1,8.7,1,45.0,Bajo,12.1,en_riesgo
23.4,54.3,5.1,1,47.0,Bajo,10.5,reprobado
28.0,69.2,11.0,0,0.0,Bajo,16.8,aprobado
3.7,68.5,,0,0.0,Bajo,7.6,reprobado
27.8,46.9,,1,40.0,Alto,12.8,en_riesgo
,98.5,6.3,0,0.0,Medio,12.3,en_riesgo
13.0,45.7,7.2,0,0.0,Bajo,8.4,reprobado
5.6,80.3,12.9,0,0.0,Alto,11.5,en_riesgo
,95.4,14.6,0,0.0,Alto,20.0,aprobado
1.2,77.4,19.8,0,0.0,Bajo,10.9,reprobado
29.8,85.1,16.8,1,47.0,Medio,20.0,aprobado
22.8,85.4,16.7,1,28.0,Bajo,19.1,aprobado
25.8,92.7,16.4,1,11.0,Bajo,20.0,aprobado
15.4,85.3,9.5,0,0.0,Bajo,14.5,aprobado
24.2,96.1,7.2,0,0.0,Alto,18.5,aprobado
27.6,44.9,12.0,0,0.0,Bajo,16.2,aprobado
11.2,89.7,13.6,1,32.0,Medio,13.7,en_riesgo
4.9,48.6,7.2,0,0.0,Medio,8.0,reprobado
7.1,90.0,5.6,1,28.0,Bajo,8.9,reprobado
15.6,65.4,17.7,1,37.0,Medio,16.2,aprobado
1.1,53.0,,1,34.0,Bajo,6.6,reprobado
13.1,58.3,15.3,0,0.0,Medio,15.7,aprobado
25.0,55.7,9.6,0,0.0,Medio,14.7,aprobado
14.3,49.7,10.6,0,0.0,Bajo,11.7,en_riesgo
27.1,61.8,18.4,0,0.0,Medio,20.0,aprobado
14.3,47.8,16.5,1,12.0,Alto,15.2,aprobado
1.6,83.9,6.1,1,29.0,Bajo,5.3,reprobado
,85.8,19.9,1,30.0,Alto,20.0,aprobado
,48.1,15.4,1,27.0,Bajo,10.7,reprobado
20.0,59.3,19.3,1,44.0,Medio,16.7,aprobado
24.5,88.9,19.9,0,0.0,Medio,20.0,aprobado
29.3,88.2,12.1,0,0.0,Medio,20.0,aprobado
21.3,59.6,17.5,0,0.0,Bajo,17.5,aprobado
14.8,41.9,14.7,0,0.0,Bajo,11.8,en_riesgo
4.3,88.8,17.2,0,0.0,Medio,15.0,aprobado
7.2,99.0,13.4,0,0.0,Alto,16.0,aprobado
9.0,50.2,7.7,1,10.0,Medio,9.4,reprobado
9.1,67.7,18.6,1,22.0,Bajo,11.0,en_riesgo
29.0,49.1,,0,0.0,Bajo,17.5,aprobado
7.2,69.2,14.8,1,10.0,Medio,12.9,en_riesgo
5.9,59.5,5.3,1,23.0,Medio,8.3,reprobado
,66.6,7.1,0,0.0,Bajo,10.8,reprobado
18.5,81.2,,1,39.0,Bajo,15.6,aprobado
5.6,72.4,16.1,1,29.0,Alto,14.7,aprobado
2.3,96.6,13.1,0,0.0,Alto,12.5,en_riesgo
18.1,89.5,14.4,0,0.0,Alto,19.0,aprobado
19.6,94.7,14.4,1,21.0,Medio,15.5,aprobado
13.3,77.5,5.8,1,14.0,Medio,11.4,en_riesgo
22.5,57.0,14.6,1,11.0,Medio,15.6,aprobado
22.4,77.2,13.7,0,0.0,Alto,19.6,aprobado
24.6,80.2,16.6,0,0.0,Medio,19.3,aprobado
2.9,71.4,8.8,0,0.0,Bajo,7.3,reprobado
1.2,56.3,,0,0.0,Bajo,7.4,reprobado
5.0,95.6,7.4,0,0.0,Bajo,9.1,reprobado
29.0,69.2,13.9,0,0.0,Alto,18.5,aprobado
13.8,66.0,5.7,0,0.0,Bajo,10.0,reprobado
24.1,95.8,10.8,0,0.0,Medio,16.6,aprobado
7.5,97.2,8.3,0,0.0,Alto,11.0,en_riesgo
18.0,76.4,8.2,1,0.0,Medio,12.9,en_riesgo
14.7,93.7,10.5,0,0.0,Medio,12.6,en_riesgo
8.4,79.7,6.4,1,24.0,Alto,10.9,reprobado
3.2,87.6,5.1,1,35.0,Bajo,7.3,reprobado
19.5,76.4,16.2,0,0.0,Medio,17.1,aprobado
7.4,73.9,17.7,1,15.0,Bajo,13.5,en_riesgo
,75.7,7.7,0,0.0,Medio,10.3,reprobado
19.3,53.6,15.7,0,0.0,Bajo,17.3,aprobado
4.0,42.2,7.5,1,22.0,Medio,7.6,reprobado
6.9,78.6,9.4,0,0.0,Medio,10.3,reprobado
18.2,59.3,14.9,0,0.0,Medio,15.7,aprobado
19.0,43.1,,1,29.0,Medio,13.5,en_riesgo
24.8,72.7,6.4,1,26.0,Bajo,13.1,en_riesgo
17.2,47.9,16.1,1,10.0,Alto,14.1,aprobado
8.4,60.7,9.9,0,0.0,Alto,11.4,en_riesgo
3.1,49.2,16.5,0,0.0,Medio,9.3,reprobado
7.6,58.9,10.9,0,0.0,Alto,12.2,en_riesgo
23.3,49.3,8.8,1,46.0,Alto,14.5,aprobado
6.3,70.6,9.3,0,0.0,Alto,11.1,en_riesgo
9.5,88.5,12.9,1,43.0,Alto,14.6,aprobado
19.9,74.1,15.1,0,0.0,Bajo,17.7,aprobado
22.4,61.9,14.8,1,9.0,Medio,14.6,aprobado
7.7,69.5,14.9,1,37.0,Medio,11.7,en_riesgo
15.7,52.2,16.8,1,18.0,Bajo,14.4,aprobado
17.8,69.6,13.5,1,40.0,Medio,14.1,aprobado
28.5,72.4,14.4,0,0.0,Medio,19.4,aprobado
12.6,70.5,,0,0.0,Medio,11.2,en_riesgo
19.1,79.3,11.5,1,28.0,Medio,13.9,en_riesgo
4.6,71.3,16.7,0,0.0,Medio,14.9,aprobado
14.2,98.9,16.1,1,43.0,Bajo,15.2,aprobado
,61.1,7.7,0,0.0,Bajo,10.7,reprobado
22.7,77.7,14.1,0,0.0,Medio,17.5,aprobado
11.3,62.3,,0,0.0,Medio,11.1,en_riesgo
12.8,93.9,7.3,0,0.0,Medio,9.8,reprobado
20.6,99.6,18.2,0,0.0,Alto,20.0,aprobado
26.1,86.9,7.0,0,0.0,Bajo,15.9,aprobado
19.1,81.3,13.9,0,0.0,Alto,16.1,aprobado
2.5,57.1,5.9,0,0.0,Bajo,6.2,reprobado
24.0,42.8,15.3,1,38.0,Medio,16.0,aprobado
4.6,78.8,10.0,1,14.0,Medio,7.8,reprobado
21.0,82.4,14.2,1,33.0,Medio,16.4,aprobado
9.6,97.1,8.5,0,0.0,Alto,14.5,aprobado
15.6,66.4,8.9,1,12.0,Bajo,10.8,reprobado
21.0,42.3,17.7,0,0.0,Medio,17.7,aprobado
20.3,45.3,16.9,0,0.0,Medio,16.4,aprobado
20.3,88.9,9.3,1,38.0,Bajo,12.5,en_riesgo
26.6,74.8,,1,30.0,Bajo,16.4,aprobado
10.0,51.9,19.4,0,0.0,Bajo,13.0,en_riesgo
15.2,47.2,18.0,1,13.0,Medio,14.5,aprobado
20.5,96.2,9.7,0,0.0,Alto,17.8,aprobado
27.0,43.8,16.6,1,20.0,Medio,17.9,aprobado
6.8,92.0,15.8,0,0.0,Medio,13.9,en_riesgo
10.3,55.3,15.9,0,0.0,Medio,13.9,en_riesgo
,77.7,11.5,0,0.0,Bajo,13.8,en_riesgo
22.3,70.4,11.3,0,0.0,Alto,15.5,aprobado
8.0,78.0,5.9,1,43.0,Bajo,5.9,reprobado
15.5,75.0,17.5,1,13.0,Bajo,15.0,aprobado
13.2,49.9,6.7,0,0.0,Medio,10.6,reprobado
22.6,89.9,10.7,1,26.0,Alto,16.6,aprobado
20.1,81.3,11.6,0,0.0,Alto,18.5,aprobado
21.4,66.5,8.2,1,21.0,Medio,10.8,reprobado
28.3,65.6,13.3,1,13.0,Medio,18.8,aprobado
19.4,49.2,10.8,0,0.0,Bajo,12.1,en_riesgo
15.7,73.8,6.4,1,25.0,Bajo,8.0,reprobado
22.0,44.2,14.6,1,29.0,Bajo,16.5,aprobado
19.4,75.6,7.8,0,0.0,Medio,14.1,aprobado
27.7,50.0,10.5,0,0.0,Medio,15.9,aprobado
12.1,98.9,,0,0.0,Bajo,14.8,aprobado
19.2,94.2,16.9,1,19.0,Alto,18.3,aprobado
29.6,56.2,14.2,1,10.0,Medio,19.3,aprobado
10.2,44.4,17.9,0,0.0,alto,15.5,aprobado
5.5,79.7,6.5,0,0.0,Alto,10.7,reprobado
2.5,42.5,9.8,1,32.0,Medio,5.3,reprobado
5.1,69.4,8.0,1,26.0,Medio,6.9,reprobado
19.7,90.4,6.9,1,44.0,Bajo,12.5,en_riesgo
12.2,96.5,19.9,1,35.0,Bajo,14.4,aprobado
7.3,81.4,5.2,0,0.0,Bajo,9.1,reprobado
23.8,79.0,18.1,0,0.0,Medio,20.0,aprobado
24.4,81.5,10.3,0,0.0,Alto,17.9,aprobado
24.6,94.5,7.2,0,0.0,Bajo,16.8,aprobado
24.4,62.7,11.8,1,27.0,Medio,16.5,aprobado
9.9,85.3,10.4,0,0.0,Alto,14.0,aprobado
21.0,64.9,17.9,1,36.0,Alto,17.8,aprobado
22.0,43.8,10.8,1,8.0,Medio,14.3,aprobado
19.1,50.0,17.1,0,0.0,Bajo,15.4,aprobado
4.7,97.4,12.3,0,0.0,Bajo,12.6,en_riesgo
22.7,44.2,,0,0.0,Alto,14.9,aprobado
,57.3,14.5,0,0.0,Medio,20.0,aprobado
25.9,51.2,19.7,0,0.0,Medio,20.0,aprobado
,63.9,5.2,1,22.0,Bajo,5.9,reprobado
27.3,43.4,17.9,1,36.0,Bajo,17.9,aprobado
15.2,53.9,18.5,1,12.0,Medio,16.8,aprobado
6.3,43.2,18.6,0,0.0,Medio,14.1,aprobado
13.9,56.0,6.0,1,42.0,Alto,10.5,reprobado
9.2,75.8,12.0,0,0.0,Medio,12.0,en_riesgo
1.7,74.3,18.1,1,46.0,Medio,12.1,en_riesgo
27.2,84.7,5.5,0,0.0,Medio,15.5,aprobado
14.8,92.1,16.8,0,0.0,Bajo,16.0,aprobado
24.1,41.2,19.1,0,0.0,Medio,19.8,aprobado
1.3,90.2,6.2,0,0.0,Medio,9.7,reprobado
20.0,97.9,6.6,1,35.0,Bajo,11.7,en_riesgo
28.5,48.1,9.8,1,26.0,Bajo,11.6,en_riesgo
25.1,90.4,18.7,1,32.0,Bajo,16.5,aprobado
,52.9,5.6,0,0.0,Medio,5.9,reprobado
10.2,61.6,6.6,1,14.0,Medio,8.4,reprobado
10.3,71.7,9.5,0,0.0,Alto,13.5,en_riesgo
1.0,91.1,11.7,0,0.0,Alto,11.9,en_riesgo
2.4,70.8,9.4,0,0.0,Bajo,8.9,reprobado
8.3,90.6,16.1,0,0.0,Bajo,16.0,aprobado
2.7,85.6,12.9,1,47.0,Medio,11.8,en_riesgo
22.2,94.4,19.1,1,21.0,Medio,19.0,aprobado
27.7,70.8,8.8,0,0.0,Alto,16.3,aprobado
6.7,81.4,5.4,0,0.0,alto,10.2,reprobado
2.5,51.0,,1,25.0,Bajo,10.8,reprobado
24.2,68.1,,0,0.0,Medio,13.7,en_riesgo
,94.1,10.7,0,0.0,Alto,12.1,en_riesgo
5.0,71.4,19.0,0,0.0,Alto,15.1,aprobado
21.4,52.6,13.2,1,38.0,Bajo,11.7,en_riesgo
8.8,63.3,14.1,1,32.0,Bajo,11.9,en_riesgo
18.0,51.0,11.0,0,0.0,Medio,14.2,aprobado
28.4,62.2,12.9,0,0.0,Bajo,17.4,aprobado
,98.3,13.3,1,18.0,Alto,16.4,aprobado
3.6,68.5,9.5,1,40.0,Bajo,6.2,reprobado
12.4,67.4,5.2,0,0.0,Medio,9.8,reprobado
21.3,74.9,14.2,1,47.0,Medio,16.5,aprobado
6.6,86.5,11.4,1,10.0,MEDIO,11.9,en_riesgo
7.0,80.6,7.0,1,23.0,Medio,8.1,reprobado
25.6,92.9,7.5,0,0.0,Alto,14.7,aprobado
6.7,91.3,14.2,1,11.0,Medio,12.1,en_riesgo
21.0,76.5,12.2,1,26.0,Bajo,16.9,aprobado
26.8,59.2,6.6,0,0.0,Medio,14.8,aprobado
5.2,64.2,17.4,0,0.0,Alto,11.6,en_riesgo
21.7,85.8,12.2,1,15.0,Medio,17.2,aprobado
21.3,94.1,19.2,0,0.0,Alto,20.0,aprobado
6.2,58.1,11.0,0,0.0,Bajo,10.4,reprobado
10.2,81.1,6.8,0,0.0,Bajo,11.9,en_riesgo
27.3,44.6,15.4,1,44.0,Alto,16.8,aprobado
8.9,85.9,6.9,1,46.0,Bajo,7.5,reprobado
1.4,43.7,18.3,1,43.0,Alto,10.3,reprobado
27.2,88.7,8.8,0,0.0,Alto,19.0,aprobado
1.8,91.2,11.1,0,0.0,Bajo,11.2,en_riesgo
14.1,84.8,17.0,1,35.0,Bajo,16.7,aprobado
,51.2,16.8,0,0.0,Bajo,13.7,en_riesgo
1.3,99.1,,0,0.0,Bajo,13.8,en_riesgo
24.5,64.6,6.2,0,0.0,Bajo,12.5,en_riesgo
7.0,76.7,16.7,1,11.0,Alto,16.2,aprobado
23.4,48.4,9.8,0,0.0,Medio,14.4,aprobado
9.4,44.9,16.4,0,0.0,Bajo,13.2,en_riesgo
25.2,56.7,18.0,1,32.0,Bajo,18.0,aprobado
25.7,46.2,14.5,0,0.0,Bajo,19.6,aprobado
12.0,88.2,11.3,0,0.0,Bajo,12.9,en_riesgo
6.1,85.9,9.9,0,0.0,Medio,12.6,en_riesgo
15.5,78.5,16.9,0,0.0,Medio,16.0,aprobado
25.0,41.4,,0,0.0,Medio,19.5,aprobado
20.2,40.6,10.2,1,10.0,Medio,14.6,aprobado
16.1,95.2,13.3,0,0.0,Alto,16.2,aprobado
3.4,62.7,11.2,1,46.0,Alto,10.5,reprobado
23.4,59.0,13.6,0,0.0,Bajo,17.3,aprobado
17.5,97.7,10.7,0,0.0,Medio,16.2,aprobado
7.7,82.5,7.7,1,19.0,Medio,11.1,en_riesgo
9.2,72.5,6.1,1,23.0,Bajo,10.0,reprobado
8.7,53.4,12.4,0,0.0,Bajo,12.3,en_riesgo
22.3,50.2,12.1,1,18.0,Alto,14.0,aprobado
6.8,43.4,17.3,1,45.0,Alto,10.7,reprobado
13.3,68.4,13.9,0,0.0,BAJO,11.8,en_riesgo
18.6,47.4,8.2,0,0.0,Bajo,13.0,en_riesgo
27.2,51.3,,0,0.0,Bajo,16.7,aprobado
,76.2,15.3,0,0.0,Bajo,9.7,reprobado
18.8,78.8,17.0,0,0.0,Medio,16.3,aprobado
10.1,68.9,,0,0.0,Medio,14.1,aprobado
22.3,91.9,9.9,1,14.0,Medio,16.1,aprobado
18.2,55.9,14.5,1,32.0,Bajo,13.3,en_riesgo
8.6,72.0,14.7,0,0.0,Medio,13.1,en_riesgo
25.5,84.1,16.6,1,36.0,Medio,20.0,aprobado
3.8,83.7,15.3,0,0.0,Alto,12.7,en_riesgo
24.7,46.4,13.9,1,42.0,Bajo,14.5,aprobado
,75.4,6.4,0,0.0,Bajo,11.4,en_riesgo
23.3,99.7,14.6,1,34.0,Alto,17.0,aprobado
,72.4,5.8,0,0.0,Alto,10.8,reprobado
1.9,46.7,13.3,0,0.0,Bajo,7.8,reprobado
10.9,95.1,12.2,0,0.0,Medio,13.8,en_riesgo
12.8,50.7,,0,0.0,Medio,18.1,aprobado
1.3,64.7,13.9,0,0.0,Bajo,10.3,reprobado
27.4,52.9,,1,9.0,Medio,18.6,aprobado
28.1,95.5,6.1,0,0.0,Medio,17.1,aprobado
17.7,77.4,7.1,0,0.0,Bajo,11.2,en_riesgo
1.2,91.6,,1,13.0,Bajo,11.2,en_riesgo
9.6,46.2,6.7,0,0.0,Medio,8.8,reprobado
,40.0,19.9,0,0.0,Bajo,16.1,aprobado
24.2,64.4,8.9,0,0.0,Medio,18.1,aprobado
16.3,85.9,14.1,1,30.0,Medio,13.9,en_riesgo
10.1,53.2,8.1,0,0.0,Medio,9.9,reprobado
18.2,64.4,16.0,1,25.0,Bajo,14.3,aprobado
12.2,42.7,8.8,1,13.0,Medio,11.9,en_riesgo
19.3,59.6,12.8,1,14.0,Medio,14.4,aprobado
27.4,59.9,14.2,1,8.0,Bajo,17.0,aprobado
,67.4,8.9,0,0.0,Alto,14.4,aprobado
27.3,55.5,5.9,1,16.0,Medio,14.2,aprobado
29.2,83.5,13.8,1,0.0,Alto,20.0,aprobado
16.0,48.7,7.8,1,36.0,Medio,9.1,reprobado
27.8,69.1,13.7,1,28.0,Medio,18.3,aprobado
6.7,94.3,19.1,0,0.0,Alto,17.3,aprobado
6.1,70.8,9.3,0,0.0,Bajo,9.3,reprobado
9.6,70.0,,1,42.0,Bajo,8.6,reprobado
12.6,77.5,20.0,0,0.0,Medio,15.4,aprobado
,47.5,9.5,1,18.0,Medio,15.7,aprobado
27.8,90.9,11.3,0,0.0,Alto,19.2,aprobado
24.7,58.6,9.6,0,0.0,Alto,15.4,aprobado
4.9,69.7,5.3,1,24.0,Bajo,7.6,reprobado
12.6,94.5,13.3,0,0.0,Medio,15.0,aprobado
21.7,72.7,5.9,1,20.0,Bajo,12.6,en_riesgo
,69.8,10.4,0,0.0,Bajo,16.5,aprobado
2.0,58.8,10.0,0,0.0,Bajo,7.9,reprobado
3.1,50.3,6.9,0,0.0,Medio,7.6,reprobado
7.3,86.5,9.1,0,0.0,Alto,12.0,en_riesgo
14.9,67.3,11.1,1,31.0,Medio,12.2,en_riesgo
10.4,54.2,17.1,0,0.0,Alto,14.4,aprobado
10.6,55.1,8.2,0,0.0,Bajo,10.7,reprobado
6.2,98.7,13.2,0,0.0,Medio,12.5,en_riesgo
5.3,74.3,11.1,0,0.0,Medio,12.2,en_riesgo
24.7,100.0,6.4,0,0.0,Alto,18.7,aprobado
,98.6,17.2,0,0.0,Alto,20.0,aprobado
10.7,92.3,19.9,0,0.0,Alto,16.9,aprobado
29.5,59.3,18.1,1,23.0,Medio,20.0,aprobado
25.2,91.6,6.9,0,0.0,Medio,16.3,aprobado
18.9,61.0,12.2,0,0.0,MEDIO,17.2,aprobado
7.4,46.0,13.7,1,0.0,Bajo,11.1,en_riesgo
3.4,62.7,18.2,1,46.0,BAJO,10.7,reprobado
27.6,87.0,18.4,1,16.0,Bajo,19.0,aprobado
,86.6,11.9,0,0.0,Alto,18.7,aprobado
7.1,74.7,8.0,1,27.0,Medio,7.6,reprobado
10.8,83.1,,0,0.0,Medio,17.6,aprobado
19.4,68.7,6.9,0,0.0,Medio,11.2,en_riesgo
23.3,79.9,15.4,0,0.0,Bajo,17.3,aprobado
22.3,67.1,5.8,1,41.0,Alto,10.7,reprobado
22.0,50.1,15.9,0,0.0,Bajo,16.4,aprobado
18.4,75.4,16.1,1,27.0,Bajo,15.4,aprobado
6.6,66.0,7.6,0,0.0,Medio,10.1,reprobado
1.6,72.8,16.7,0,0.0,Bajo,11.4,en_riesgo
24.6,62.0,12.7,0,0.0,Medio,16.5,aprobado
9.4,50.7,8.6,1,25.0,Medio,8.6,reprobado
26.9,49.9,6.8,0,0.0,Alto,13.6,en_riesgo
16.8,51.2,18.9,0,0.0,Alto,15.2,aprobado
22.2,70.7,13.6,1,33.0,Medio,17.9,aprobado
22.3,72.8,16.9,0,0.0,Medio,18.9,aprobado
23.0,92.7,8.9,1,41.0,Medio,14.4,aprobado
22.2,99.0,7.3,1,25.0,Medio,13.3,en_riesgo
29.8,43.6,14.4,1,31.0,Alto,16.6,aprobado
15.8,86.6,9.1,0,0.0,Alto,14.3,aprobado
29.1,87.0,8.6,0,0.0,Bajo,13.3,en_riesgo
17.9,98.4,19.2,0,0.0,Alto,20.0,aprobado
26.6,56.2,11.0,0,0.0,Alto,17.7,aprobado
,85.4,10.1,1,31.0,Medio,10.0,reprobado
,49.0,19.2,0,0.0,Bajo,19.4,aprobado
4.9,86.5,18.5,1,15.0,Medio,14.5,aprobado
28.7,76.7,18.2,1,32.0,Medio,20.0,aprobado
13.3,73.6,11.9,0,0.0,Alto,15.5,aprobado
3.1,69.2,9.0,1,25.0,Alto,7.1,reprobado
16.6,76.2,5.7,1,23.0,Medio,11.0,en_riesgo
17.7,76.8,12.3,0,0.0,Medio,15.7,aprobado
4.6,87.2,11.0,0,0.0,Bajo,11.0,en_riesgo
22.1,43.0,13.0,1,33.0,Medio,14.2,aprobado
21.5,84.2,17.4,0,0.0,Medio,18.8,aprobado
18.4,42.9,19.1,1,34.0,Bajo,15.6,aprobado
25.0,93.6,9.8,0,0.0,Bajo,16.6,aprobado
28.0,62.6,19.0,0,0.0,Medio,20.0,aprobado
7.2,47.0,16.8,0,0.0,Alto,13.0,en_riesgo
1.4,67.6,7.9,0,0.0,Alto,10.0,reprobado
25.4,78.6,12.0,0,0.0,Alto,17.6,aprobado
16.0,64.5,16.2,1,20.0,Bajo,15.6,aprobado
27.6,94.3,,0,0.0,Alto,18.8,aprobado
10.3,40.6,14.4,1,40.0,Bajo,9.2,reprobado
1.3,48.3,,1,42.0,Alto,9.9,reprobado
3.5,54.8,18.7,1,10.0,Bajo,12.4,en_riesgo
2.4,94.6,9.2,0,0.0,Medio,9.4,reprobado
25.4,83.9,11.7,0,0.0,Bajo,16.2,aprobado
27.4,69.3,14.8,0,0.0,Bajo,20.0,aprobado
8.2,97.8,12.4,1,47.0,Medio,11.4,en_riesgo
5.1,92.4,7.4,0,0.0,Bajo,9.7,reprobado
21.4,84.8,16.1,0,0.0,Medio,18.8,aprobado
,40.3,11.4,1,30.0,Bajo,10.1,reprobado
17.7,71.3,13.5,0,0.0,Bajo,14.0,aprobado
7.2,42.7,16.3,1,20.0,Bajo,11.2,en_riesgo
28.4,67.4,9.2,0,0.0,Alto,18.3,aprobado
6.8,64.8,19.3,0,0.0,Bajo,15.7,aprobado
15.0,51.4,9.6,1,18.0,Medio,11.7,en_riesgo
4.7,65.2,16.1,0,0.0,Alto,13.5,en_riesgo
7.2,91.0,,0,0.0,Bajo,17.3,aprobado
27.5,79.8,18.4,1,15.0,Medio,20.0,aprobado
8.3,89.2,15.8,0,0.0,Alto,17.7,aprobado
25.3,55.8,5.3,0,0.0,Medio,11.9,en_riesgo
8.3,56.9,6.3,0,0.0,Medio,8.8,reprobado
25.9,97.7,6.2,1,19.0,Alto,14.3,aprobado
9.8,67.1,5.4,1,34.0,Medio,7.9,reprobado
21.0,75.4,,0,0.0,Bajo,20.0,aprobado
8.2,50.3,5.4,0,0.0,Medio,6.3,reprobado
5.6,88.9,13.7,0,0.0,Medio,14.4,aprobado
25.2,50.4,17.0,0,0.0,Medio,20.0,aprobado
19.3,92.0,19.7,0,0.0,Bajo,17.9,aprobado
13.8,69.6,8.9,0,0.0,Medio,11.2,en_riesgo
,44.1,18.4,1,21.0,Bajo,14.4,aprobado
24.9,41.2,11.5,1,47.0,Alto,14.9,aprobado
16.5,77.1,12.8,1,23.0,Bajo,14.7,aprobado
18.8,61.0,17.3,1,11.0,Alto,18.6,aprobado
17.8,72.6,5.4,0,0.0,Bajo,10.6,reprobado
18.5,81.6,8.9,0,0.0,Medio,12.9,en_riesgo
,75.6,8.1,1,25.0,Medio,12.3,en_riesgo
26.6,79.0,12.7,1,29.0,Bajo,16.6,aprobado
9.2,90.2,8.8,1,47.0,Medio,10.1,reprobado
15.8,52.0,8.1,0,0.0,Medio,12.9,en_riesgo
27.4,61.9,10.3,1,40.0,Medio,15.6,aprobado
26.3,68.6,,0,0.0,Medio,16.3,aprobado
9.5,78.5,17.9,1,36.0,Medio,13.6,en_riesgo
21.3,42.5,12.9,0,0.0,Alto,14.3,aprobado
6.5,70.1,14.6,1,29.0,Alto,10.2,reprobado
1.2,58.1,,1,40.0,Medio,8.0,reprobado
10.4,91.7,14.8,1,33.0,Bajo,14.0,aprobado
17.7,86.1,13.6,0,0.0,Medio,15.1,aprobado
8.7,70.6,9.8,1,30.0,Bajo,8.2,reprobado
1.1,81.6,9.0,1,41.0,Bajo,7.8,reprobado
26.5,67.3,12.0,0,0.0,Medio,18.6,aprobado
1.3,50.8,,0,0.0,Medio,5.0,reprobado
23.7,56.7,15.9,0,0.0,Medio,17.5,aprobado
19.7,93.5,7.6,1,23.0,Bajo,9.9,reprobado
13.6,72.1,7.2,1,42.0,Medio,8.3,reprobado
17.0,42.5,7.1,1,12.0,Bajo,9.5,reprobado
12.4,42.6,10.1,0,0.0,Bajo,9.4,reprobado
10.9,75.3,6.4,1,46.0,Medio,7.7,reprobado
21.3,49.9,12.4,1,31.0,Medio,13.0,en_riesgo
17.5,84.0,7.1,0,0.0,Medio,11.9,en_riesgo
25.9,47.2,7.3,0,0.0,Medio,13.8,en_riesgo
21.8,57.0,14.2,1,18.0,Medio,16.7,aprobado
3.5,87.5,,1,35.0,medio,11.6,en_riesgo
17.3,48.5,14.0,1,10.0,Medio,13.2,en_riesgo
5.2,61.7,11.5,0,0.0,Bajo,10.1,reprobado
14.0,53.7,10.8,0,0.0,Medio,11.6,en_riesgo
20.8,63.0,17.7,0,0.0,Bajo,17.4,aprobado
25.2,85.5,12.5,1,34.0,Medio,19.4,aprobado
8.5,71.0,17.1,0,0.0,Bajo,13.7,en_riesgo
7.2,93.4,13.4,1,37.0,Medio,12.2,en_riesgo
2.0,87.2,13.9,0,0.0,Alto,12.1,en_riesgo
6.3,66.2,18.8,1,21.0,Alto,13.8,en_riesgo
23.2,68.5,10.7,0,0.0,Medio,13.4,en_riesgo
11.7,85.4,18.8,0,0.0,Medio,18.0,aprobado
,92.9,18.3,0,0.0,Bajo,14.7,aprobado
10.5,59.7,11.6,1,25.0,Alto,11.9,en_riesgo
11.4,84.2,,0,0.0,Alto,14.4,aprobado
1.6,80.4,18.1,0,0.0,Bajo,10.5,reprobado
14.4,67.3,8.2,0,0.0,Bajo,9.9,reprobado
27.4,95.5,15.8,0,0.0,Medio,20.0,aprobado
19.3,67.9,9.4,1,38.0,Medio,12.7,en_riesgo
9.3,60.4,16.5,1,44.0,Alto,12.2,en_riesgo
16.2,55.6,,0,0.0,Bajo,11.6,en_riesgo
23.3,97.4,19.6,0,0.0,Medio,20.0,aprobado
11.2,60.5,7.7,1,34.0,Bajo,8.1,reprobado
10.1,80.3,14.8,0,0.0,Medio,14.9,aprobado
15.0,48.6,12.1,0,0.0,Bajo,12.5,en_riesgo
1.9,64.4,,0,0.0,Medio,8.5,reprobado
11.0,68.0,19.8,0,0.0,Bajo,15.5,aprobado
22.1,88.4,7.8,0,0.0,Medio,14.0,aprobado
4.6,94.7,8.1,1,31.0,Bajo,10.7,reprobado
22.8,47.9,,1,22.0,Bajo,16.1,aprobado
12.0,65.3,10.6,0,0.0,Alto,13.0,en_riesgo
19.8,42.7,18.1,0,0.0,Medio,16.6,aprobado
15.1,59.6,,1,30.0,Bajo,11.2,en_riesgo
15.0,54.1,19.6,1,42.0,Medio,15.2,aprobado
19.5,81.4,5.3,0,0.0,Bajo,12.4,en_riesgo
7.2,41.8,12.5,1,32.0,Medio,9.0,reprobado
1.7,89.9,14.4,0,0.0,Medio,12.5,en_riesgo
10.8,88.7,5.8,0,0.0,Medio,10.2,reprobado
26.2,47.6,5.9,0,0.0,Bajo,12.2,en_riesgo
9.1,87.2,,0,0.0,Medio,12.0,en_riesgo
21.1,51.6,11.7,0,0.0,Alto,16.2,aprobado
,80.9,7.1,1,26.0,Medio,11.8,en_riesgo
5.8,46.6,5.9,1,28.0,ALTO,7.8,reprobado
2.7,86.8,19.3,1,23.0,Bajo,12.5,en_riesgo
7.6,78.3,13.0,0,0.0,Medio,12.5,en_riesgo
22.5,41.0,12.9,0,0.0,Medio,15.8,aprobado
1.9,40.4,5.9,1,39.0,Medio,6.0,reprobado
23.5,51.1,10.8,1,47.0,Medio,11.8,en_riesgo
,69.4,16.4,1,42.0,Medio,11.5,en_riesgo
12.2,52.6,6.4,1,13.0,Medio,10.2,reprobado
12.4,42.4,5.7,1,9.0,Alto,9.5,reprobado
2.0,87.4,17.5,0,0.0,Bajo,11.9,en_riesgo
13.9,44.2,18.4,0,0.0,Medio,14.2,aprobado
12.9,43.7,8.6,0,0.0,Alto,11.8,en_riesgo
21.4,55.9,16.0,0,0.0,Medio,14.6,aprobado
20.2,76.6,15.5,0,0.0,Medio,17.4,aprobado
23.5,76.9,18.0,1,34.0,Bajo,16.3,aprobado
12.1,70.9,12.8,0,0.0,Bajo,11.5,en_riesgo
19.3,75.7,8.9,1,26.0,Medio,12.7,en_riesgo
18.2,75.1,,0,0.0,Bajo,13.0,en_riesgo
25.5,55.0,12.7,1,35.0,Bajo,18.0,aprobado
11.9,47.6,10.5,0,0.0,Medio,12.6,en_riesgo
10.5,43.8,11.2,0,0.0,Alto,10.8,reprobado
7.9,95.2,9.2,1,45.0,Bajo,10.4,reprobado
16.3,53.0,13.9,0,0.0,Alto,13.9,en_riesgo
21.6,92.5,5.4,0,0.0,Bajo,14.1,aprobado
20.4,49.9,,1,10.0,Medio,15.3,aprobado
24.3,84.5,19.4,0,0.0,Alto,20.0,aprobado
21.0,93.7,16.8,0,0.0,Bajo,18.4,aprobado
28.7,50.2,10.5,1,44.0,Bajo,15.6,aprobado
5.5,85.6,18.9,0,0.0,Medio,16.2,aprobado
17.8,68.0,9.7,1,25.0,MEDIO,12.2,en_riesgo
,60.8,16.8,0,0.0,Alto,14.9,aprobado
14.1,82.8,16.3,1,36.0,Medio,15.3,aprobado
3.7,83.9,17.2,0,0.0,Alto,12.2,en_riesgo
2.8,91.2,17.1,1,36.0,Bajo,11.1,en_riesgo
24.2,63.4,13.2,0,0.0,Medio,17.8,aprobado
11.9,88.5,10.2,0,0.0,Alto,14.6,aprobado
5.6,43.8,13.2,1,20.0,Alto,9.7,reprobado
16.8,44.3,,0,0.0,Bajo,12.4,en_riesgo
15.2,62.7,,1,16.0,Alto,14.9,aprobado
22.5,81.1,13.9,0,0.0,Medio,19.6,aprobado
2.1,73.0,8.2,0,0.0,Alto,9.4,reprobado
10.6,50.6,14.8,0,0.0,Alto,14.2,aprobado
,50.4,17.0,0,0.0,Bajo,17.1,aprobado
8.0,99.8,11.9,0,0.0,Medio,12.9,en_riesgo
28.4,91.3,12.3,1,28.0,Medio,18.3,aprobado
10.1,56.9,19.4,1,14.0,bajo,13.8,en_riesgo
28.3,82.8,19.3,0,0.0,Bajo,20.0,aprobado
20.2,52.4,8.0,1,30.0,Medio,11.9,en_riesgo
27.7,49.4,,1,13.0,Medio,17.0,aprobado
2.8,44.5,14.6,1,20.0,Bajo,10.8,reprobado
13.3,65.4,8.9,0,0.0,Medio,12.3,en_riesgo
12.1,91.4,,1,40.0,Medio,14.0,aprobado
13.0,43.7,6.3,0,0.0,Bajo,8.1,reprobado
7.5,90.6,18.2,0,0.0,Medio,16.4,aprobado
22.6,84.2,15.8,1,47.0,Medio,17.3,aprobado
12.8,95.4,19.3,1,35.0,Bajo,17.6,aprobado
5.4,93.1,19.7,1,12.0,Medio,13.8,en_riesgo
21.8,82.5,16.7,0,0.0,Bajo,17.2,aprobado
,81.3,18.4,1,36.0,Bajo,10.5,reprobado
2.6,94.2,13.2,0,0.0,Medio,10.9,reprobado
9.5,92.5,,0,0.0,Alto,13.3,en_riesgo
,56.1,18.0,0,0.0,Medio,18.0,aprobado
10.3,59.8,10.5,1,11.0,Medio,10.8,reprobado
21.2,87.7,15.2,0,0.0,Medio,17.0,aprobado
8.2,45.1,18.2,1,39.0,Alto,14.2,aprobado
9.1,71.1,7.5,0,0.0,Bajo,10.8,reprobado
23.0,67.3,16.6,1,21.0,Bajo,18.5,aprobado
12.1,63.7,16.3,1,18.0,Medio,14.7,aprobado
15.7,47.3,6.7,0,0.0,Medio,12.6,en_riesgo
25.3,55.5,11.8,1,40.0,Bajo,13.7,en_riesgo
26.2,46.1,9.7,1,15.0,Medio,13.9,en_riesgo
2.8,98.2,13.6,1,41.0,Alto,9.7,reprobado
21.5,76.8,18.6,1,44.0,Medio,19.9,aprobado
11.5,61.3,14.7,0,0.0,Bajo,11.9,en_riesgo
29.2,89.9,6.8,0,0.0,Medio,18.5,aprobado
9.1,63.5,9.7,0,0.0,Medio,10.5,reprobado
7.4,42.3,9.5,0,0.0,Bajo,7.9,reprobado
24.5,68.4,7.0,1,30.0,Bajo,13.7,en_riesgo
21.5,79.6,,0,0.0,Bajo,17.4,aprobado
20.5,87.7,17.5,0,0.0,Alto,19.8,aprobado
3.5,42.6,8.8,1,17.0,Bajo,6.8,reprobado
13.4,64.7,,1,11.0,Medio,15.4,aprobado
25.4,76.2,9.5,1,38.0,Medio,13.4,en_riesgo
24.8,86.5,9.2,0,0.0,Alto,17.8,aprobado
22.2,85.4,19.3,0,0.0,Alto,20.0,aprobado
28.1,77.5,6.2,1,17.0,Bajo,13.0,en_riesgo
27.2,44.3,16.3,0,0.0,Medio,18.9,aprobado
26.4,89.4,16.4,1,39.0,Alto,20.0,aprobado
25.5,55.3,14.5,0,0.0,Alto,19.0,aprobado
15.9,73.4,11.2,1,26.0,Medio,12.6,en_riesgo
21.5,48.3,7.5,1,39.0,Bajo,10.6,reprobado
29.8,88.9,12.3,0,0.0,Medio,17.9,aprobado
23.1,73.0,,1,9.0,Bajo,19.3,aprobado
27.9,64.0,18.2,0,0.0,Bajo,17.6,aprobado
28.3,45.5,18.0,1,45.0,Medio,19.2,aprobado
20.4,96.8,13.1,0,0.0,Bajo,18.6,aprobado
17.1,70.6,14.7,0,0.0,bajo,15.0,aprobado
22.9,67.9,8.1,0,0.0,Alto,13.5,en_riesgo
20.4,45.2,5.4,1,36.0,Bajo,9.7,reprobado
6.9,91.8,13.5,0,0.0,Bajo,10.9,reprobado
18.6,65.7,8.4,0,0.0,Bajo,13.7,en_riesgo
12.1,88.5,6.3,0,0.0,Medio,10.8,reprobado
2.4,73.6,6.3,0,0.0,Medio,8.5,reprobado
11.4,81.8,12.5,0,0.0,Medio,15.0,aprobado
18.2,52.4,,0,0.0,Bajo,15.3,aprobado
3.0,76.1,13.2,0,0.0,Alto,11.9,en_riesgo
24.5,41.8,5.4,0,0.0,Alto,15.2,aprobado
9.6,47.4,9.7,0,0.0,Medio,9.6,reprobado
27.4,47.2,12.3,1,47.0,Medio,13.7,en_riesgo
16.5,98.5,19.9,1,24.0,Alto,19.1,aprobado
2.8,90.5,12.5,1,17.0,Alto,10.6,reprobado
,52.8,10.0,1,47.0,Medio,7.6,reprobado
1.8,52.7,14.6,0,0.0,Bajo,9.8,reprobado
22.3,44.5,9.6,0,0.0,Medio,15.0,aprobado
4.8,72.7,,0,0.0,Medio,9.7,reprobado
15.8,79.4,11.2,0,0.0,Medio,14.8,aprobado
20.6,79.9,,1,19.0,medio,13.4,en_riesgo
1.8,92.7,14.6,0,0.0,Alto,14.8,aprobado
13.2,47.8,11.7,1,44.0,Medio,9.9,reprobado
24.5,79.4,5.1,0,0.0,Medio,15.2,aprobado
19.2,93.4,16.8,0,0.0,Medio,16.3,aprobado
9.5,55.3,15.4,1,34.0,Medio,13.1,en_riesgo
12.0,47.4,13.9,0,0.0,Bajo,14.1,aprobado
10.0,57.3,11.5,0,0.0,Bajo,11.4,en_riesgo
24.6,82.8,18.9,0,0.0,bajo,19.8,aprobado
7.4,40.9,5.9,0,0.0,Alto,8.3,reprobado
27.3,49.3,5.6,0,0.0,Alto,14.7,aprobado
22.1,99.8,6.3,0,0.0,Bajo,14.7,aprobado
18.7,64.8,18.4,0,0.0,Medio,17.7,aprobado
18.7,46.1,16.9,1,35.0,Medio,14.6,aprobado
19.1,52.4,14.2,0,0.0,Bajo,16.3,aprobado
27.6,93.8,8.2,1,21.0,Medio,15.9,aprobado
6.2,70.8,5.3,1,11.0,Medio,6.2,reprobado
22.8,79.6,14.6,0,0.0,Bajo,18.5,aprobado
17.3,53.9,,1,28.0,Medio,14.8,aprobado
13.1,62.5,9.4,1,37.0,Bajo,11.0,en_riesgo
10.6,81.5,5.1,1,30.0,Bajo,7.0,reprobado
3.2,98.1,10.2,0,0.0,Medio,9.9,reprobado
24.3,47.1,5.3,1,10.0,Bajo,11.8,en_riesgo
11.6,94.9,16.4,1,0.0,Bajo,15.9,aprobado
17.5,77.9,,0,0.0,Medio,20.0,aprobado
3.4,89.2,9.8,1,41.0,Medio,8.2,reprobado
,40.4,10.1,0,0.0,BAJO,12.7,en_riesgo
2.4,79.1,13.1,1,32.0,Bajo,7.9,reprobado
26.5,63.5,5.2,0,0.0,Bajo,11.5,en_riesgo
2.2,89.3,6.8,1,41.0,Alto,9.5,reprobado
9.7,43.9,11.3,0,0.0,Medio,13.5,en_riesgo
8.8,46.9,16.2,1,44.0,Medio,8.4,reprobado
20.0,85.6,6.2,1,13.0,Alto,13.4,en_riesgo
2.7,41.1,10.5,1,35.0,Medio,4.8,reprobado
22.2,48.6,15.0,0,0.0,Bajo,16.1,aprobado
9.1,79.3,18.3,0,0.0,Bajo,16.8,aprobado
1.9,57.1,8.9,0,0.0,Alto,8.8,reprobado
18.0,87.2,8.9,1,35.0,Medio,14.6,aprobado
5.8,96.2,15.3,0,0.0,Medio,12.0,en_riesgo
20.0,82.5,7.0,1,34.0,Medio,13.2,en_riesgo
17.5,54.1,9.6,1,32.0,Medio,11.2,en_riesgo
,97.8,7.4,0,0.0,Medio,11.2,en_riesgo
27.1,94.2,17.5,0,0.0,Bajo,20.0,aprobado
29.2,66.8,18.1,0,0.0,Medio,20.0,aprobado
11.1,86.5,19.0,0,0.0,Medio,18.6,aprobado
27.0,64.8,17.6,0,0.0,MEDIO,19.5,aprobado
18.5,64.5,13.1,1,16.0,Bajo,14.7,aprobado
2.4,99.8,11.7,1,36.0,Bajo,10.2,reprobado
19.3,79.7,18.4,1,13.0,Medio,18.7,aprobado
24.6,48.5,17.0,0,0.0,Alto,17.6,aprobado
10.6,87.0,5.9,1,30.0,Medio,8.1,reprobado
22.4,92.4,12.5,0,0.0,Medio,18.1,aprobado
14.6,71.2,10.8,0,0.0,Medio,13.5,en_riesgo
19.8,42.4,13.8,0,0.0,Alto,16.6,aprobado
9.0,70.0,10.3,0,0.0,Medio,13.0,en_riesgo
12.1,56.8,11.3,0,0.0,bajo,12.7,en_riesgo
4.3,76.0,14.1,0,0.0,Medio,13.4,en_riesgo
25.8,70.9,5.3,1,22.0,Medio,12.0,en_riesgo
,97.8,5.2,1,11.0,Bajo,10.6,reprobado
3.0,98.1,5.9,0,0.0,Bajo,8.8,reprobado
7.7,94.7,19.8,1,16.0,Alto,16.1,aprobado
13.3,44.0,6.5,0,0.0,Alto,8.5,reprobado
,42.3,8.5,1,28.0,Bajo,5.4,reprobado
11.5,95.9,13.8,1,15.0,Bajo,11.8,en_riesgo
18.4,69.4,11.7,0,0.0,Alto,15.5,aprobado
3.8,79.2,10.9,0,0.0,Medio,7.4,reprobado
12.1,49.8,10.5,1,34.0,bajo,11.5,en_riesgo
1.1,94.8,10.5,0,0.0,Bajo,9.0,reprobado
,49.3,18.6,1,18.0,Bajo,12.2,en_riesgo
8.7,51.7,10.6,0,0.0,Bajo,10.8,reprobado
5.3,64.3,8.1,0,0.0,Medio,8.4,reprobado
7.4,95.7,8.8,1,39.0,Alto,11.1,en_riesgo
16.7,97.0,5.0,0,0.0,Bajo,11.3,en_riesgo
22.4,76.5,5.2,1,32.0,Alto,14.3,aprobado
28.9,96.2,17.5,0,0.0,Alto,20.0,aprobado
20.6,62.2,13.5,1,13.0,Medio,17.3,aprobado
19.7,40.3,11.5,0,0.0,ALTO,12.8,en_riesgo
,69.2,18.8,0,0.0,Bajo,19.3,aprobado
8.5,63.9,6.7,0,0.0,Medio,8.9,reprobado
21.1,44.1,5.7,1,47.0,Medio,10.5,reprobado
11.3,67.0,17.7,0,0.0,Medio,14.5,aprobado
,61.4,16.8,1,26.0,Bajo,17.3,aprobado
27.5,84.1,19.9,0,0.0,Bajo,20.0,aprobado
27.4,61.7,9.7,0,0.0,Medio,16.6,aprobado
11.4,56.4,11.8,1,11.0,Bajo,11.0,en_riesgo
19.6,62.4,16.6,1,15.0,Medio,15.0,aprobado
9.0,60.7,,1,33.0,Medio,10.2,reprobado
25.0,71.6,,0,0.0,Medio,16.1,aprobado
27.0,89.2,12.1,0,0.0,Medio,17.3,aprobado
4.4,71.0,18.4,0,0.0,Alto,15.7,aprobado
7.0,63.6,19.9,0,0.0,Bajo,14.8,aprobado
23.1,59.0,11.7,1,33.0,Bajo,12.5,en_riesgo
23.7,50.2,18.2,1,29.0,Alto,18.5,aprobado
14.8,95.1,,0,0.0,Medio,13.0,en_riesgo
,78.2,14.5,0,0.0,Medio,14.5,aprobado
20.2,55.6,6.2,0,0.0,Alto,13.0,en_riesgo
26.7,56.4,16.3,1,34.0,Alto,17.9,aprobado
20.7,67.7,11.0,0,0.0,Bajo,15.6,aprobado
10.4,81.5,,0,0.0,Medio,12.0,en_riesgo
8.0,44.9,10.6,0,0.0,Bajo,6.2,reprobado
17.5,93.5,15.1,1,47.0,Medio,14.1,aprobado
24.2,91.2,13.2,0,0.0,Bajo,17.6,aprobado
19.0,59.8,9.0,0,0.0,Medio,11.5,en_riesgo
13.8,54.2,9.6,1,30.0,Medio,9.8,reprobado
24.0,44.5,9.8,0,0.0,Alto,15.5,aprobado
16.5,57.8,19.5,1,18.0,Medio,16.0,aprobado
25.9,85.3,17.0,0,0.0,Medio,19.7,aprobado
2.9,58.4,10.9,1,12.0,Bajo,7.8,reprobado
,93.1,16.3,0,0.0,Bajo,17.5,aprobado
24.7,40.5,12.8,0,0.0,Medio,15.4,aprobado
,40.5,10.6,1,11.0,Medio,10.6,reprobado
4.2,48.4,8.1,1,32.0,Alto,6.7,reprobado
12.8,48.9,,0,0.0,Bajo,11.7,en_riesgo
24.2,45.0,17.5,0,0.0,Alto,19.7,aprobado
15.4,85.2,19.5,0,0.0,Alto,18.8,aprobado
24.4,65.0,6.9,0,0.0,Bajo,13.8,en_riesgo
15.8,46.6,9.6,1,39.0,Alto,10.7,reprobado
27.3,73.8,13.4,0,0.0,Bajo,16.6,aprobado
,69.8,7.8,1,47.0,Bajo,8.3,reprobado
27.9,97.2,9.4,0,0.0,Alto,18.1,aprobado
5.8,78.4,12.1,0,0.0,Bajo,10.6,reprobado
11.0,92.0,5.4,0,0.0,Bajo,8.8,reprobado
20.8,56.1,13.5,1,23.0,Medio,14.2,aprobado
9.9,98.0,13.2,1,20.0,Bajo,11.7,en_riesgo
,80.3,19.6,0,0.0,Alto,20.0,aprobado
18.1,46.8,8.0,1,11.0,Alto,11.1,en_riesgo
28.5,47.9,12.8,0,0.0,Alto,15.8,aprobado
4.3,93.1,13.0,1,21.0,Bajo,10.0,reprobado
15.9,72.4,12.7,1,31.0,Medio,12.6,en_riesgo
20.2,85.3,10.9,0,0.0,Medio,15.0,aprobado
13.2,42.4,8.8,1,24.0,Medio,10.9,reprobado
27.5,80.9,16.0,0,0.0,Alto,20.0,aprobado
11.6,84.9,10.2,1,30.0,Medio,12.3,en_riesgo
19.7,64.7,19.7,0,0.0,Bajo,19.0,aprobado
15.2,61.0,19.6,1,11.0,Bajo,14.8,aprobado
,43.4,13.8,0,0.0,Medio,13.7,en_riesgo
,60.4,6.1,0,0.0,Bajo,13.8,en_riesgo
15.6,79.8,17.0,0,0.0,Bajo,17.3,aprobado
9.9,71.0,7.9,1,39.0,Alto,8.4,reprobado
20.2,75.7,15.7,0,0.0,bajo,17.6,aprobado
,78.4,9.1,1,30.0,Medio,13.3,en_riesgo
28.4,52.2,15.2,0,0.0,Bajo,17.5,aprobado
6.7,96.4,15.9,1,13.0,Medio,13.2,en_riesgo
18.0,53.0,8.2,0,0.0,Alto,11.1,en_riesgo
22.9,54.9,18.0,0,0.0,Medio,16.6,aprobado
28.3,72.9,11.6,1,29.0,Bajo,15.4,aprobado
14.4,97.5,8.0,1,24.0,Bajo,13.0,en_riesgo
1.8,79.9,,0,0.0,Bajo,7.5,reprobado
28.5,66.8,7.7,0,0.0,Bajo,16.1,aprobado
17.4,73.8,18.0,0,0.0,Bajo,17.8,aprobado
17.6,70.1,5.4,1,43.0,Alto,10.8,reprobado
9.8,97.6,5.4,0,0.0,Bajo,10.9,reprobado
20.7,64.7,14.5,0,0.0,Bajo,16.2,aprobado
10.9,40.7,16.4,1,43.0,Alto,12.0,en_riesgo
19.7,45.4,18.4,1,30.0,Alto,17.0,aprobado
24.0,45.0,5.7,0,0.0,Bajo,10.0,reprobado
9.6,76.8,11.9,0,0.0,Medio,13.5,en_riesgo
15.1,70.7,19.3,1,18.0,Bajo,16.3,aprobado
2.3,88.1,18.2,0,0.0,Medio,12.6,en_riesgo
14.5,49.9,15.8,0,0.0,Medio,14.8,aprobado
7.1,63.6,9.8,0,0.0,Medio,11.8,en_riesgo
,96.2,13.7,1,11.0,Bajo,15.9,aprobado
22.3,83.1,7.2,1,24.0,Medio,14.5,aprobado
28.4,50.6,,0,0.0,Medio,14.6,aprobado
5.6,46.8,8.1,1,14.0,Bajo,5.6,reprobado
13.6,84.1,7.2,0,0.0,Bajo,8.6,reprobado
10.3,42.6,19.8,1,23.0,Medio,15.3,aprobado
9.4,82.0,15.6,0,0.0,Bajo,14.6,aprobado
17.8,84.4,16.8,1,45.0,BAJO,15.5,aprobado
16.5,89.7,11.0,0,0.0,Medio,14.1,aprobado
3.4,72.6,11.8,0,0.0,Bajo,9.8,reprobado
29.0,41.2,12.3,0,0.0,Medio,17.8,aprobado
,96.7,19.0,0,0.0,Alto,19.4,aprobado
,58.9,7.0,1,28.0,Medio,9.9,reprobado
1.4,72.7,6.8,0,0.0,Alto,8.9,reprobado
14.6,54.6,13.1,0,0.0,Medio,14.1,aprobado
29.6,46.6,9.4,1,10.0,Bajo,17.5,aprobado
27.2,68.1,14.6,1,21.0,Bajo,17.1,aprobado
6.6,58.6,7.2,1,10.0,Alto,10.7,reprobado
9.2,41.6,11.9,0,0.0,Bajo,10.1,reprobado
27.8,88.2,,0,0.0,Medio,20.0,aprobado
8.9,70.0,18.5,0,0.0,Medio,15.3,aprobado
1.5,51.7,12.4,0,0.0,Alto,9.2,reprobado
14.0,44.6,14.7,0,0.0,Bajo,12.2,en_riesgo
21.6,65.1,9.4,1,25.0,Medio,15.1,aprobado
7.1,85.8,16.2,1,36.0,Medio,14.2,aprobado
4.0,53.3,5.0,0,0.0,Alto,7.4,reprobado
5.6,65.9,13.7,0,0.0,Bajo,10.4,reprobado
26.4,59.7,11.8,0,0.0,Medio,16.6,aprobado
21.5,89.2,7.1,0,0.0,Alto,16.1,aprobado
4.0,60.9,18.8,0,0.0,Bajo,13.2,en_riesgo
8.2,42.6,14.9,0,0.0,Bajo,12.1,en_riesgo
29.5,74.3,11.5,0,0.0,Bajo,19.1,aprobado
10.4,59.4,18.5,0,0.0,Medio,14.7,aprobado
8.8,97.1,13.2,0,0.0,Medio,11.8,en_riesgo
,96.5,9.9,0,0.0,Bajo,17.0,aprobado
16.8,50.7,9.5,0,0.0,Medio,14.0,aprobado
6.4,44.8,6.5,0,0.0,Medio,6.9,reprobado
24.4,79.6,8.3,1,23.0,Medio,14.5,aprobado
16.7,67.2,14.0,0,0.0,Medio,14.1,aprobado
13.5,55.5,9.1,0,0.0,MEDIO,11.8,en_riesgo
21.2,75.6,16.7,0,0.0,Bajo,16.9,aprobado
9.7,73.9,14.8,0,0.0,Bajo,13.1,en_riesgo
5.9,65.5,12.5,1,38.0,Medio,10.2,reprobado
22.5,65.4,14.9,0,0.0,Bajo,16.4,aprobado
13.5,69.4,8.0,1,41.0,Medio,11.6,en_riesgo
3.3,59.1,18.5,0,0.0,Bajo,12.5,en_riesgo
,96.9,8.7,0,0.0,MEDIO,16.6,aprobado
17.9,92.0,6.9,0,0.0,Bajo,13.5,en_riesgo
3.5,90.8,14.2,0,0.0,Bajo,11.2,en_riesgo
26.9,82.9,9.1,0,0.0,Bajo,15.9,aprobado
27.3,65.7,17.2,0,0.0,Alto,20.0,aprobado
29.1,75.7,,0,0.0,medio,16.6,aprobado
8.6,40.1,13.4,1,21.0,Bajo,10.8,reprobado
11.4,41.8,11.0,1,12.0,Bajo,9.7,reprobado
29.4,71.4,11.2,0,0.0,Bajo,16.8,aprobado
,73.4,13.2,0,0.0,BAJO,13.1,en_riesgo
28.3,88.8,14.9,1,40.0,Alto,19.0,aprobado
14.9,49.2,6.1,0,0.0,Bajo,8.8,reprobado
22.6,97.8,12.9,0,0.0,Bajo,19.6,aprobado
13.7,83.4,11.2,0,0.0,Medio,14.8,aprobado
5.3,58.4,11.7,1,16.0,Medio,10.4,reprobado
13.2,80.1,12.2,1,25.0,Alto,12.8,en_riesgo
,85.6,9.8,0,0.0,Medio,19.0,aprobado
25.7,77.9,6.6,1,12.0,Medio,12.2,en_riesgo
28.7,44.1,15.3,0,0.0,Medio,18.7,aprobado
29.2,94.7,19.5,1,44.0,Medio,20.0,aprobado
11.4,85.7,18.8,1,24.0,BAJO,13.8,en_riesgo
23.1,87.1,14.2,1,9.0,Medio,19.3,aprobado
12.3,84.7,18.0,0,0.0,Medio,15.5,aprobado
26.4,53.3,13.8,0,0.0,Medio,19.5,aprobado
6.4,79.6,14.9,1,31.0,Medio,12.0,en_riesgo
13.6,83.8,5.6,0,0.0,Bajo,9.7,reprobado
21.2,87.0,17.8,0,0.0,Bajo,18.6,aprobado
11.2,72.0,18.3,0,0.0,Bajo,17.3,aprobado
28.3,77.3,5.3,0,0.0,Bajo,16.0,aprobado
27.9,53.5,6.7,1,25.0,Alto,12.2,en_riesgo
8.1,51.6,18.1,1,21.0,Medio,13.6,en_riesgo
13.4,99.3,13.4,0,0.0,Bajo,14.5,aprobado
16.4,83.4,,1,42.0,Alto,15.7,aprobado
3.0,97.6,11.0,1,39.0,Medio,9.6,reprobado
9.2,79.5,7.0,1,46.0,bajo,7.8,reprobado
29.3,53.2,9.5,1,23.0,Medio,15.7,aprobado
12.0,53.6,17.9,0,0.0,Medio,14.2,aprobado
,48.6,15.3,0,0.0,Alto,17.1,aprobado
11.3,46.2,6.5,0,0.0,Bajo,8.2,reprobado
6.6,71.7,13.8,0,0.0,Medio,12.2,en_riesgo
19.7,62.7,13.1,0,0.0,Medio,16.2,aprobado
14.4,63.6,6.8,0,0.0,Medio,10.3,reprobado
25.8,51.1,14.5,1,14.0,Alto,17.1,aprobado
10.2,85.6,7.4,1,31.0,Medio,11.4,en_riesgo
,84.1,11.1,1,18.0,Bajo,14.4,aprobado
25.0,92.8,15.5,1,0.0,Alto,20.0,aprobado
7.1,79.0,10.5,0,0.0,Alto,11.6,en_riesgo
8.5,94.7,11.3,0,0.0,Medio,11.7,en_riesgo
18.4,56.7,10.3,0,0.0,Bajo,11.2,en_riesgo
27.6,92.1,14.7,0,0.0,Medio,20.0,aprobado
1.5,64.5,9.3,0,0.0,Alto,10.2,reprobado
12.5,40.6,12.9,1,14.0,Bajo,11.4,en_riesgo
2.0,91.9,12.5,1,30.0,Alto,10.0,reprobado
15.5,96.9,11.3,0,0.0,Bajo,14.9,aprobado
18.0,94.1,10.0,1,46.0,Bajo,13.0,en_riesgo
23.5,66.9,,0,0.0,Bajo,13.0,en_riesgo
,62.7,6.4,1,42.0,MEDIO,13.7,en_riesgo
18.6,59.1,12.7,1,0.0,Medio,10.6,reprobado
3.0,79.5,,1,27.0,Medio,6.9,reprobado
24.9,66.0,9.2,0,0.0,Bajo,16.2,aprobado
8.8,59.2,13.0,0,0.0,Alto,14.0,aprobado
27.3,52.4,16.3,0,0.0,Bajo,19.1,aprobado
4.1,83.7,9.1,1,27.0,Bajo,9.0,reprobado
29.2,44.6,11.6,0,0.0,Medio,17.4,aprobado
13.1,84.2,16.3,1,30.0,Medio,16.1,aprobado
16.4,41.1,9.3,0,0.0,Medio,9.4,reprobado
18.5,75.8,19.3,1,19.0,Medio,17.9,aprobado
14.6,82.8,13.4,0,0.0,Bajo,13.5,en_riesgo
1.5,95.5,15.3,0,0.0,Medio,14.2,aprobado
3.0,70.6,8.4,0,0.0,Medio,8.9,reprobado
19.8,84.6,8.7,1,16.0,Bajo,14.3,aprobado
17.6,98.9,9.6,0,0.0,Bajo,13.6,en_riesgo
17.0,80.7,8.4,0,0.0,Medio,13.2,en_riesgo
3.8,74.9,19.8,0,0.0,Bajo,14.9,aprobado
8.2,78.4,16.7,0,0.0,Medio,15.5,aprobado
25.9,56.5,15.6,1,45.0,Bajo,15.5,aprobado
20.0,79.4,,1,18.0,Bajo,15.9,aprobado
16.4,70.1,18.2,1,40.0,Medio,18.2,aprobado
10.9,93.1,5.3,1,34.0,Bajo,9.7,reprobado
18.3,79.1,10.4,0,0.0,Bajo,12.8,en_riesgo
3.2,54.7,8.6,0,0.0,Alto,9.5,reprobado
,75.9,17.9,1,41.0,Bajo,15.7,aprobado
22.7,51.9,5.8,1,37.0,Bajo,11.2,en_riesgo
,65.5,17.9,0,0.0,Alto,20.0,aprobado
2.1,44.3,10.6,0,0.0,Medio,9.3,reprobado
21.0,65.8,5.7,1,30.0,Bajo,11.9,en_riesgo
,45.4,16.6,0,0.0,Alto,16.5,aprobado
6.2,53.6,19.4,0,0.0,Medio,12.1,en_riesgo
15.6,67.5,19.5,1,36.0,Alto,16.1,aprobado
4.8,83.0,6.5,1,40.0,Bajo,4.9,reprobado
11.1,74.6,13.3,1,30.0,Bajo,13.2,en_riesgo
19.0,92.6,7.0,0,0.0,Alto,15.4,aprobado
5.1,47.5,15.6,1,0.0,ALTO,11.5,en_riesgo
25.8,56.7,19.4,0,0.0,Medio,18.6,aprobado
9.9,73.5,,0,0.0,Medio,11.3,en_riesgo
24.5,54.8,12.6,0,0.0,Bajo,16.4,aprobado
27.1,82.6,19.9,0,0.0,Medio,20.0,aprobado
27.9,93.7,,0,0.0,Alto,16.7,aprobado
4.2,46.7,16.6,0,0.0,Medio,11.4,en_riesgo
22.9,84.0,9.7,0,0.0,Bajo,15.4,aprobado
6.5,46.1,10.6,0,0.0,Alto,10.3,reprobado
5.9,65.2,13.7,0,0.0,Bajo,9.6,reprobado
13.2,67.3,10.1,1,45.0,Medio,10.1,reprobado
24.5,80.5,12.7,1,21.0,Medio,17.1,aprobado
3.9,50.3,18.3,1,18.0,Medio,11.7,en_riesgo
12.6,76.4,5.5,1,44.0,Medio,9.8,reprobado
3.5,44.3,9.3,0,0.0,Bajo,8.1,reprobado
17.8,53.6,14.0,1,36.0,Alto,14.3,aprobado
15.6,82.4,17.3,1,16.0,Bajo,15.3,aprobado
13.8,69.7,11.7,0,0.0,Medio,12.0,en_riesgo
6.8,89.9,6.1,0,0.0,Bajo,9.5,reprobado
5.5,78.8,16.8,1,24.0,Medio,11.7,en_riesgo
6.6,75.0,10.2,1,13.0,Medio,10.6,reprobado
19.6,82.2,,1,44.0,Alto,18.1,aprobado
28.2,71.0,19.1,0,0.0,Bajo,20.0,aprobado
8.9,68.9,10.7,0,0.0,Alto,12.6,en_riesgo
2.3,49.0,6.6,1,13.0,Bajo,4.2,reprobado
27.2,53.9,17.0,0,0.0,Medio,19.2,aprobado
25.7,50.2,8.3,1,31.0,Alto,14.0,aprobado
18.7,49.7,11.1,1,25.0,Medio,10.0,reprobado
6.4,96.6,14.5,0,0.0,Alto,14.4,aprobado
5.3,49.6,19.2,1,15.0,Medio,12.3,en_riesgo
21.1,62.2,13.1,1,35.0,Bajo,13.0,en_riesgo
24.1,98.7,11.0,1,0.0,Bajo,15.1,aprobado
22.3,45.1,15.7,1,40.0,Bajo,15.6,aprobado
21.3,72.2,5.7,0,0.0,Alto,14.2,aprobado
24.5,85.7,,1,26.0,Medio,20.0,aprobado
28.8,97.4,14.5,0,0.0,Bajo,19.4,aprobado
28.0,81.5,19.5,0,0.0,Alto,20.0,aprobado
20.6,46.5,17.3,1,31.0,Medio,16.3,aprobado
29.8,41.4,5.8,0,0.0,Medio,14.4,aprobado
21.5,66.0,16.3,1,9.0,Bajo,19.4,aprobado
16.0,50.3,20.0,1,36.0,Bajo,15.9,aprobado
3.0,50.3,17.8,0,0.0,Bajo,10.6,reprobado
10.2,41.4,8.6,0,0.0,Medio,9.8,reprobado
21.6,64.4,7.1,1,12.0,Bajo,10.0,reprobado
20.8,72.8,9.0,0,0.0,Bajo,12.1,en_riesgo
22.6,97.3,,0,0.0,Medio,18.7,aprobado
5.9,66.7,12.5,1,45.0,Alto,9.9,reprobado
21.7,98.1,6.0,0,0.0,Medio,13.3,en_riesgo
26.8,91.1,9.8,0,0.0,Bajo,18.6,aprobado
21.5,46.5,13.2,1,14.0,Alto,15.3,aprobado
24.6,91.3,,0,0.0,Bajo,18.1,aprobado
17.6,79.3,,1,11.0,Bajo,13.4,en_riesgo
13.8,55.8,19.1,0,0.0,Medio,15.0,aprobado
3.5,96.9,11.4,1,28.0,Alto,13.0,en_riesgo
22.1,83.9,11.9,0,0.0,Bajo,17.9,aprobado
12.5,45.6,,1,37.0,Bajo,10.3,reprobado
3.6,85.2,5.6,1,11.0,Bajo,6.6,reprobado
8.2,89.2,5.4,0,0.0,Bajo,9.6,reprobado
14.6,52.5,5.2,0,0.0,Alto,10.8,reprobado
20.7,88.8,14.8,1,23.0,Medio,14.8,aprobado
20.5,91.5,,1,40.0,Bajo,11.8,en_riesgo
14.2,99.2,,0,0.0,Medio,18.4,aprobado
15.2,94.1,10.8,1,39.0,Medio,14.0,aprobado
13.7,47.7,,0,0.0,Medio,8.8,reprobado
12.4,66.3,13.1,0,0.0,Medio,12.3,en_riesgo
13.5,73.4,19.4,0,0.0,Medio,19.1,aprobado
24.5,93.3,15.0,0,0.0,Medio,17.8,aprobado
,92.3,16.4,1,34.0,Bajo,13.9,en_riesgo
14.8,97.8,8.5,1,42.0,Medio,12.2,en_riesgo
2.0,40.2,8.2,1,19.0,Bajo,5.3,reprobado
16.4,74.5,14.1,0,0.0,Medio,14.9,aprobado
18.7,96.9,14.3,0,0.0,Medio,17.3,aprobado
20.8,51.9,16.2,0,0.0,Medio,15.1,aprobado
13.3,59.4,15.5,1,33.0,Bajo,14.3,aprobado
19.4,50.3,16.1,1,21.0,Medio,13.3,en_riesgo
1.2,99.4,17.5,1,47.0,Medio,11.9,en_riesgo
29.9,56.4,7.6,1,11.0,Medio,15.4,aprobado
8.0,64.8,19.0,1,28.0,Medio,13.8,en_riesgo
13.4,61.7,13.5,1,31.0,Medio,11.3,en_riesgo
4.2,58.5,14.2,0,0.0,Medio,8.0,reprobado
13.0,71.3,6.5,1,29.0,Bajo,9.0,reprobado
8.2,86.1,11.4,1,42.0,Bajo,10.3,reprobado
4.0,49.2,19.3,1,23.0,medio,13.2,en_riesgo
6.7,73.9,17.7,0,0.0,Bajo,14.1,aprobado
6.8,65.2,12.7,1,12.0,Bajo,8.5,reprobado
17.6,41.5,12.2,0,0.0,Medio,14.8,aprobado
16.1,64.3,11.6,0,0.0,Medio,13.9,en_riesgo
5.2,73.4,17.7,0,0.0,Medio,13.5,en_riesgo
2.3,78.7,13.3,0,0.0,Bajo,10.9,reprobado
,78.6,16.0,1,47.0,Alto,16.1,aprobado
3.7,44.3,,1,13.0,Medio,10.5,reprobado
20.0,87.1,11.4,0,0.0,Medio,17.0,aprobado
6.4,74.8,17.5,1,15.0,Bajo,14.3,aprobado
2.7,73.4,11.6,0,0.0,Bajo,9.5,reprobado
9.4,61.6,10.5,1,38.0,Alto,11.1,en_riesgo
27.5,75.0,10.3,1,33.0,Bajo,17.0,aprobado
8.8,47.9,17.0,1,10.0,Medio,14.2,aprobado
9.8,81.2,7.5,0,0.0,Medio,10.0,reprobado
24.2,40.7,13.3,0,0.0,Medio,15.7,aprobado
19.1,58.4,13.4,1,10.0,Alto,13.2,en_riesgo
1.2,53.0,12.5,1,33.0,Medio,9.3,reprobado
5.2,95.8,10.3,1,37.0,Medio,10.2,reprobado
5.2,81.3,16.9,0,0.0,Medio,13.3,en_riesgo
20.3,61.0,15.3,0,0.0,Bajo,15.5,aprobado
,85.5,8.9,0,0.0,Medio,14.7,aprobado
22.1,61.4,18.3,0,0.0,Bajo,17.0,aprobado
10.1,88.0,5.5,0,0.0,Bajo,9.0,reprobado
17.6,82.4,18.9,0,0.0,Medio,20.0,aprobado
7.5,88.2,12.5,1,0.0,Medio,11.6,en_riesgo
16.9,69.1,12.1,1,36.0,ALTO,11.4,en_riesgo
23.7,94.2,13.3,1,44.0,Medio,17.2,aprobado
20.1,44.1,6.7,0,0.0,Medio,11.6,en_riesgo
28.3,90.3,19.4,0,0.0,Alto,20.0,aprobado
6.1,70.0,,0,0.0,Bajo,13.2,en_riesgo
20.2,68.5,8.8,1,12.0,Alto,14.9,aprobado
26.1,79.1,7.7,1,41.0,Medio,12.9,en_riesgo
5.0,74.6,9.9,0,0.0,Bajo,9.7,reprobado
23.1,71.3,5.0,1,44.0,Medio,10.8,reprobado
9.8,61.6,6.7,1,13.0,Medio,10.7,reprobado
20.1,79.5,17.8,1,40.0,Medio,15.9,aprobado
19.6,47.6,16.1,0,0.0,Medio,17.7,aprobado
8.5,99.5,6.8,1,8.0,Bajo,10.2,reprobado
19.2,65.8,17.0,0,0.0,ALTO,16.8,aprobado
11.1,64.1,18.1,1,31.0,Bajo,15.0,aprobado
16.3,83.0,6.6,0,0.0,Bajo,12.4,en_riesgo
13.7,66.4,19.2,0,0.0,Medio,15.5,aprobado
2.6,45.0,15.5,0,0.0,Alto,10.8,reprobado
4.8,62.8,,0,0.0,Medio,11.8,en_riesgo
24.7,48.6,8.6,0,0.0,Medio,11.7,en_riesgo
19.7,44.3,6.8,1,10.0,Medio,10.6,reprobado
17.8,66.5,13.1,0,0.0,MEDIO,16.8,aprobado
20.4,64.0,14.2,0,0.0,Medio,16.9,aprobado
20.8,46.9,11.6,1,8.0,Medio,11.4,en_riesgo
3.0,47.4,16.0,1,21.0,Bajo,7.9,reprobado
,47.5,17.7,0,0.0,Medio,14.5,aprobado
1.0,63.1,12.8,0,0.0,Alto,11.7,en_riesgo
29.9,72.4,17.7,0,0.0,Medio,20.0,aprobado
28.2,77.0,,0,0.0,Medio,19.4,aprobado
27.9,93.2,11.1,1,14.0,Medio,15.5,aprobado
5.4,71.4,9.3,0,0.0,Medio,9.5,reprobado
28.2,60.8,14.1,0,0.0,Bajo,15.1,aprobado
11.1,92.5,5.4,0,0.0,MEDIO,9.1,reprobado
26.0,98.5,6.3,1,37.0,Bajo,14.2,aprobado
25.3,97.6,10.2,1,33.0,Medio,16.8,aprobado
19.7,72.9,9.5,0,0.0,Medio,14.3,aprobado
1.2,41.7,5.4,0,0.0,Bajo,5.2,reprobado
16.7,43.1,12.4,0,0.0,bajo,12.5,en_riesgo
17.4,63.2,8.8,0,0.0,Alto,13.6,en_riesgo
,89.0,12.6,1,25.0,Bajo,10.6,reprobado
29.9,77.8,5.4,0,0.0,Medio,16.3,aprobado
14.7,64.6,11.7,0,0.0,Medio,13.2,en_riesgo
19.1,93.0,8.1,0,0.0,Alto,15.7,aprobado
3.1,95.8,5.9,0,0.0,Alto,10.0,reprobado
1.7,79.1,12.8,1,10.0,Medio,10.5,reprobado
2.9,42.9,6.9,0,0.0,Alto,7.4,reprobado
18.7,54.7,14.5,0,0.0,Medio,16.1,aprobado
28.2,75.7,18.0,1,18.0,Alto,20.0,aprobado
17.3,78.6,16.5,1,36.0,Alto,15.5,aprobado
15.9,87.4,16.4,0,0.0,Medio,18.0,aprobado
10.7,45.4,,1,28.0,Bajo,9.6,reprobado
11.4,92.2,19.1,0,0.0,Bajo,16.6,aprobado
,68.6,8.7,1,27.0,Medio,12.8,en_riesgo
16.7,41.3,14.2,1,42.0,MEDIO,13.1,en_riesgo
10.2,58.7,9.8,1,14.0,Bajo,9.3,reprobado
13.2,51.1,7.4,0,0.0,Bajo,10.0,reprobado
7.0,41.5,12.1,1,0.0,Alto,8.1,reprobado
10.2,61.3,17.8,0,0.0,Alto,16.2,aprobado
2.9,61.2,,1,42.0,Medio,3.5,reprobado
21.9,94.2,7.0,0,0.0,Bajo,14.9,aprobado
25.6,99.8,,1,20.0,Medio,15.8,aprobado
27.4,94.2,16.3,0,0.0,Bajo,20.0,aprobado
14.7,59.2,20.0,0,0.0,Bajo,15.9,aprobado
,93.2,16.6,0,0.0,Medio,17.7,aprobado
17.6,48.6,5.4,1,32.0,Medio,7.9,reprobado
14.6,53.5,5.5,1,0.0,Medio,11.9,en_riesgo
2.1,99.5,17.1,1,29.0,Medio,12.7,en_riesgo
24.9,77.6,13.4,0,0.0,Medio,16.2,aprobado
16.0,58.3,18.4,1,13.0,Alto,17.9,aprobado
11.4,83.9,18.4,1,41.0,Alto,15.7,aprobado
4.0,91.1,10.1,1,28.0,Medio,10.6,reprobado
22.1,43.6,8.0,0,0.0,Bajo,12.3,en_riesgo
5.3,61.4,7.5,1,14.0,Medio,8.3,reprobado
15.4,78.5,,1,33.0,Bajo,12.4,en_riesgo
11.8,53.6,7.9,1,14.0,Medio,8.0,reprobado
17.0,82.7,19.5,1,38.0,Bajo,15.8,aprobado
11.2,54.3,12.0,0,0.0,Medio,12.8,en_riesgo
14.0,59.7,14.4,0,0.0,Alto,14.6,aprobado
4.5,46.6,13.4,0,0.0,Medio,12.1,en_riesgo
9.8,61.6,5.5,0,0.0,Alto,10.3,reprobado
24.6,47.1,11.3,1,34.0,Medio,10.5,reprobado
3.1,76.5,7.3,1,36.0,Medio,6.7,reprobado
24.8,92.4,5.9,0,0.0,Alto,18.5,aprobado
8.8,69.8,10.3,0,0.0,Medio,12.3,en_riesgo
18.6,90.6,13.8,0,0.0,Medio,14.6,aprobado
25.4,41.8,8.8,0,0.0,Medio,13.1,en_riesgo
27.1,46.7,19.8,0,0.0,Bajo,18.9,aprobado
9.6,73.8,13.8,1,40.0,Bajo,14.7,aprobado
24.7,59.8,,0,0.0,Bajo,16.6,aprobado
7.1,93.5,5.0,0,0.0,Medio,10.4,reprobado
7.6,91.4,11.9,0,0.0,Bajo,12.3,en_riesgo
21.6,42.5,,1,34.0,Alto,14.4,aprobado
15.3,62.8,14.1,1,32.0,Medio,13.5,en_riesgo
14.6,69.2,9.4,1,17.0,Medio,11.1,en_riesgo
14.9,96.4,8.1,1,31.0,Medio,14.1,aprobado
3.8,78.6,16.5,0,0.0,Medio,12.5,en_riesgo
20.1,99.8,10.6,1,40.0,Medio,14.8,aprobado
27.3,57.5,7.3,0,0.0,Medio,13.5,en_riesgo
23.5,89.5,13.5,1,43.0,Bajo,14.8,aprobado
28.4,50.6,15.7,1,18.0,Medio,18.1,aprobado
1.3,80.8,18.2,1,11.0,Bajo,14.2,aprobado
,76.8,10.1,0,0.0,Alto,11.6,en_riesgo
10.9,42.5,19.4,0,0.0,Alto,14.3,aprobado
16.5,93.5,7.4,1,20.0,Alto,14.5,aprobado
18.8,52.5,9.7,1,46.0,Medio,12.1,en_riesgo
16.9,67.7,12.6,1,22.0,Bajo,11.8,en_riesgo
14.2,80.3,5.3,1,29.0,Alto,11.4,en_riesgo
8.5,73.4,12.6,0,0.0,Medio,12.5,en_riesgo
27.8,45.2,6.5,0,0.0,Bajo,14.8,aprobado
,72.2,11.6,1,43.0,Medio,10.1,reprobado
18.7,60.9,5.3,1,36.0,Medio,8.4,reprobado
2.8,61.4,6.1,0,0.0,Medio,7.4,reprobado
16.8,83.4,6.2,1,31.0,bajo,11.8,en_riesgo
29.8,68.9,14.5,1,8.0,Medio,19.3,aprobado
5.3,83.0,13.4,0,0.0,Bajo,8.5,reprobado
22.4,98.0,16.7,0,0.0,Medio,19.5,aprobado
9.4,48.2,11.7,0,0.0,Medio,10.7,reprobado
15.5,48.3,15.0,1,47.0,Medio,10.5,reprobado
14.3,95.1,5.3,1,43.0,Medio,7.8,reprobado
17.6,51.1,6.9,1,8.0,Bajo,9.3,reprobado
19.0,98.2,19.0,1,31.0,Bajo,15.8,aprobado
2.7,61.0,10.9,1,27.0,Medio,7.1,reprobado
5.6,89.7,,0,0.0,Medio,14.9,aprobado
,70.4,6.5,1,10.0,Medio,14.1,aprobado
12.7,87.7,12.2,0,0.0,Medio,14.3,aprobado
25.0,59.1,16.7,0,0.0,Bajo,18.3,aprobado
22.6,70.6,17.5,1,13.0,Bajo,18.7,aprobado
10.7,81.6,10.3,0,0.0,Alto,13.5,en_riesgo
26.5,90.1,13.8,0,0.0,Medio,16.1,aprobado
26.7,43.5,16.0,1,34.0,Medio,17.7,aprobado
7.5,42.3,19.4,1,29.0,Medio,14.3,aprobado
21.0,78.1,16.4,0,0.0,Medio,18.7,aprobado
10.7,62.2,16.5,0,0.0,MEDIO,13.1,en_riesgo
19.0,59.4,,0,0.0,Bajo,13.2,en_riesgo
17.1,89.0,19.4,0,0.0,Alto,19.8,aprobado
3.2,53.5,16.8,0,0.0,Alto,11.9,en_riesgo
13.2,82.7,8.1,0,0.0,Bajo,11.8,en_riesgo
4.7,93.0,19.8,0,0.0,Medio,14.9,aprobado
1.8,87.0,19.7,0,0.0,Medio,13.7,en_riesgo
21.5,42.8,15.5,1,35.0,Alto,15.5,aprobado
5.1,49.4,18.7,0,0.0,Alto,16.0,aprobado
11.5,53.6,19.2,0,0.0,Bajo,14.8,aprobado
24.2,62.3,,1,39.0,Bajo,10.2,reprobado
26.0,79.9,9.7,1,29.0,Medio,16.6,aprobado
10.3,75.1,18.5,0,0.0,Alto,17.2,aprobado
19.7,85.4,15.0,0,0.0,Bajo,16.5,aprobado
25.0,43.7,9.1,1,42.0,Medio,12.7,en_riesgo
,68.9,14.6,0,0.0,Medio,11.8,en_riesgo
13.2,70.0,,0,0.0,Bajo,17.0,aprobado
26.9,42.0,13.4,0,0.0,Alto,16.7,aprobado
7.2,67.5,18.8,0,0.0,Medio,15.4,aprobado
23.5,86.2,,0,0.0,Bajo,17.7,aprobado
23.7,63.5,19.7,0,0.0,Medio,18.6,aprobado
10.6,56.4,14.6,0,0.0,Bajo,12.7,en_riesgo
6.4,62.6,11.5,1,11.0,Medio,10.3,reprobado
10.0,57.8,17.1,0,0.0,Alto,15.2,aprobado
19.2,58.9,8.5,1,45.0,Alto,14.4,aprobado
16.0,57.7,19.4,1,46.0,Medio,15.1,aprobado
13.0,81.1,12.8,1,34.0,Medio,11.6,en_riesgo
24.8,78.9,,0,0.0,Alto,18.6,aprobado
10.1,53.7,16.8,0,0.0,Medio,15.4,aprobado
13.2,84.2,16.1,0,0.0,Medio,17.3,aprobado
20.1,50.7,18.3,0,0.0,Medio,18.3,aprobado
2.6,42.4,7.8,1,25.0,Alto,4.2,reprobado
29.3,55.4,19.6,0,0.0,Medio,19.6,aprobado
23.1,69.3,13.5,1,37.0,Medio,15.7,aprobado
8.3,54.1,18.6,1,16.0,Bajo,13.0,en_riesgo
,42.9,10.6,1,35.0,Bajo,8.1,reprobado
7.2,85.2,,1,32.0,Bajo,13.8,en_riesgo
,80.9,16.0,0,0.0,Alto,15.4,aprobado
6.7,90.1,7.2,0,0.0,Medio,8.0,reprobado
3.2,69.6,10.7,0,0.0,Medio,12.3,en_riesgo
9.0,88.4,14.4,1,15.0,Bajo,13.0,en_riesgo
14.5,44.2,,0,0.0,Bajo,9.4,reprobado
16.7,65.8,16.5,1,13.0,Bajo,15.1,aprobado
7.8,43.9,10.8,0,0.0,Medio,11.6,en_riesgo
20.5,96.1,,1,11.0,Alto,16.4,aprobado
17.9,72.5,7.8,0,0.0,Medio,14.0,aprobado
14.3,96.2,8.4,0,0.0,bajo,14.1,aprobado
4.4,94.1,6.5,0,0.0,MEDIO,9.6,reprobado
14.6,87.9,,0,0.0,Medio,16.6,aprobado
27.1,67.3,13.1,0,0.0,Bajo,17.3,aprobado
20.0,43.6,18.4,1,18.0,Alto,19.7,aprobado
21.1,98.8,9.1,1,15.0,Medio,16.9,aprobado
22.8,92.8,12.7,1,10.0,Bajo,17.6,aprobado
26.2,50.6,10.1,0,0.0,Medio,12.8,en_riesgo
9.6,56.4,16.7,0,0.0,Alto,16.2,aprobado
3.5,51.4,19.1,0,0.0,Bajo,11.2,en_riesgo
4.6,90.4,15.6,0,0.0,Alto,14.8,aprobado
11.3,82.6,17.6,0,0.0,Medio,15.0,aprobado
26.4,78.3,16.3,0,0.0,Medio,19.7,aprobado
2.0,86.9,12.2,0,0.0,Alto,15.2,aprobado
12.5,59.5,12.4,0,0.0,Medio,13.6,en_riesgo
4.2,41.5,5.4,0,0.0,Medio,8.1,reprobado
24.4,65.4,17.2,0,0.0,Medio,16.9,aprobado
10.3,48.0,10.7,0,0.0,Medio,12.2,en_riesgo
19.2,56.4,7.0,1,14.0,Bajo,9.9,reprobado
,69.8,12.4,0,0.0,Alto,15.8,aprobado
27.9,55.5,5.9,0,0.0,Medio,15.4,aprobado
17.7,51.2,7.0,1,14.0,Medio,11.7,en_riesgo
12.2,53.7,8.0,0,0.0,Bajo,10.2,reprobado
24.5,88.5,7.5,1,31.0,Medio,12.9,en_riesgo
25.6,84.5,17.7,0,0.0,Medio,18.9,aprobado
15.7,98.5,16.7,0,0.0,Alto,17.3,aprobado
26.8,86.4,19.5,0,0.0,Alto,20.0,aprobado
9.7,94.4,8.3,1,47.0,Medio,10.1,reprobado
15.5,55.9,6.8,0,0.0,Medio,11.8,en_riesgo
10.7,53.3,15.0,0,0.0,Medio,13.4,en_riesgo
27.8,82.7,17.6,1,26.0,Medio,20.0,aprobado
26.1,74.8,16.4,1,27.0,Medio,17.9,aprobado
5.7,89.9,6.0,1,18.0,Bajo,8.6,reprobado
19.2,86.6,19.4,1,9.0,BAJO,19.5,aprobado
9.5,96.8,18.7,0,0.0,Alto,17.0,aprobado
6.4,95.6,16.3,0,0.0,Medio,15.1,aprobado
18.4,98.0,9.9,1,26.0,Bajo,12.5,en_riesgo
26.9,70.8,17.0,1,30.0,Medio,18.4,aprobado
18.4,78.5,13.8,0,0.0,Alto,16.7,aprobado
29.1,55.3,5.5,0,0.0,Medio,12.3,en_riesgo
14.5,45.8,12.3,0,0.0,Alto,14.0,aprobado
10.1,91.3,5.2,0,0.0,Alto,10.1,reprobado
9.3,92.1,13.1,1,17.0,Bajo,10.3,reprobado
13.1,78.0,6.5,0,0.0,Medio,9.4,reprobado
18.4,45.4,7.0,1,15.0,Bajo,9.3,reprobado
2.1,68.6,10.0,0,0.0,Alto,10.6,reprobado
26.9,91.8,10.2,0,0.0,Bajo,16.9,aprobado
16.7,99.9,19.9,1,25.0,Alto,20.0,aprobado
12.0,86.4,11.8,1,37.0,Bajo,12.6,en_riesgo
27.6,68.6,18.5,1,34.0,Bajo,17.9,aprobado
,59.8,6.1,1,47.0,Medio,5.6,reprobado
23.2,70.4,16.8,0,0.0,Medio,18.1,aprobado
11.3,85.7,6.9,1,33.0,Bajo,9.5,reprobado
6.3,90.9,8.9,1,41.0,BAJO,8.2,reprobado
17.2,62.1,6.2,0,0.0,Bajo,10.0,reprobado
16.9,52.2,15.2,0,0.0,Medio,15.7,aprobado
17.9,100.0,15.1,0,0.0,Bajo,17.1,aprobado
15.2,50.2,7.6,1,29.0,Alto,11.9,en_riesgo
4.4,52.2,12.0,1,15.0,Medio,9.4,reprobado
6.3,56.8,5.2,1,30.0,Bajo,6.4,reprobado
4.8,84.4,,0,0.0,Bajo,9.7,reprobado
11.2,42.1,19.1,0,0.0,Medio,12.6,en_riesgo
,61.3,19.8,0,0.0,ALTO,20.0,aprobado
5.3,73.7,18.2,1,37.0,bajo,12.6,en_riesgo
20.0,90.8,18.3,1,39.0,Bajo,18.0,aprobado
8.3,63.4,,0,0.0,Bajo,10.5,reprobado
17.9,97.6,5.9,0,0.0,Medio,13.5,en_riesgo
11.4,65.1,13.4,1,17.0,Bajo,13.2,en_riesgo
8.6,54.0,10.7,0,0.0,Alto,10.0,reprobado
1.9,57.6,5.5,0,0.0,Medio,7.2,reprobado
27.0,80.7,5.5,1,26.0,Medio,14.3,aprobado
13.0,59.5,18.2,1,36.0,Medio,14.2,aprobado
12.8,55.0,,1,20.0,Bajo,12.6,en_riesgo
21.4,84.5,15.5,0,0.0,Medio,17.7,aprobado
26.1,73.5,8.7,0,0.0,Alto,17.6,aprobado
17.3,95.5,9.4,1,35.0,Alto,15.9,aprobado
1.3,40.8,13.3,1,8.0,Medio,7.5,reprobado
28.6,81.9,5.1,0,0.0,Bajo,14.3,aprobado
22.0,85.7,10.4,0,0.0,Medio,14.9,aprobado
23.1,74.1,,1,21.0,Alto,16.9,aprobado
13.4,40.7,10.7,0,0.0,Medio,12.8,en_riesgo
9.2,48.6,18.4,1,30.0,Alto,14.0,aprobado
9.7,79.7,,0,0.0,Medio,15.1,aprobado
24.0,77.8,15.8,1,11.0,Alto,20.0,aprobado
18.6,96.5,11.0,0,0.0,Medio,14.4,aprobado
14.1,97.3,16.8,0,0.0,Medio,17.2,aprobado
6.6,74.5,16.1,1,37.0,Alto,13.8,en_riesgo
7.4,56.1,16.8,1,44.0,Alto,13.3,en_riesgo
14.8,73.8,9.7,1,35.0,Medio,9.9,reprobado
26.9,63.3,8.0,0,0.0,Bajo,12.7,en_riesgo
,91.8,6.8,0,0.0,Bajo,15.8,aprobado
11.9,60.0,12.9,0,0.0,Medio,13.7,en_riesgo
,89.1,12.3,0,0.0,Bajo,14.4,aprobado
,61.3,16.5,0,0.0,ALTO,12.0,en_riesgo
27.5,64.7,17.6,0,0.0,Alto,20.0,aprobado
8.1,71.0,17.6,0,0.0,Medio,13.6,en_riesgo
,40.2,12.1,1,41.0,Medio,9.5,reprobado
29.4,90.8,6.4,0,0.0,Medio,18.4,aprobado
12.7,68.1,18.3,0,0.0,Medio,15.7,aprobado
14.3,45.0,11.0,1,43.0,Medio,12.4,en_riesgo
27.0,60.5,,1,21.0,Alto,17.9,aprobado
11.9,92.5,,1,30.0,Medio,17.5,aprobado
26.1,89.0,14.4,1,31.0,Medio,19.3,aprobado
,94.7,17.0,0,0.0,Bajo,16.4,aprobado
23.4,61.3,,1,29.0,Medio,17.1,aprobado
,94.8,6.1,0,0.0,Medio,12.8,en_riesgo
10.0,51.4,13.3,0,0.0,Medio,12.0,en_riesgo
23.4,90.6,10.4,0,0.0,Bajo,15.1,aprobado
24.5,70.5,,0,0.0,Medio,19.4,aprobado
9.5,55.0,5.8,0,0.0,MEDIO,9.1,reprobado
2.5,88.3,15.1,0,0.0,Bajo,10.6,reprobado
5.8,91.8,10.6,0,0.0,Medio,11.8,en_riesgo
8.9,41.5,9.8,0,0.0,Alto,11.8,en_riesgo
5.2,46.9,16.6,1,28.0,Bajo,11.1,en_riesgo
26.8,98.0,6.4,1,9.0,Medio,15.7,aprobado
11.6,49.1,16.0,1,35.0,Bajo,12.4,en_riesgo
28.0,78.3,15.2,0,0.0,Bajo,17.6,aprobado
25.5,79.8,19.7,0,0.0,Bajo,20.0,aprobado
26.2,62.1,9.2,1,18.0,Medio,13.7,en_riesgo
15.8,90.4,18.9,1,30.0,Alto,14.7,aprobado
22.7,62.4,8.0,1,16.0,Medio,11.5,en_riesgo
22.9,52.6,14.0,1,35.0,Medio,17.8,aprobado
13.7,41.4,12.6,1,16.0,Medio,12.1,en_riesgo
23.9,63.0,8.3,0,0.0,Medio,15.3,aprobado
23.9,89.9,19.4,0,0.0,Medio,20.0,aprobado
24.5,78.2,9.4,1,40.0,Bajo,12.9,en_riesgo
17.9,71.3,13.9,1,31.0,Medio,13.2,en_riesgo
29.1,68.8,,1,27.0,Bajo,19.3,aprobado
12.6,78.9,9.7,0,0.0,Medio,10.0,reprobado
9.0,99.0,8.7,1,18.0,Medio,12.7,en_riesgo
,97.9,9.8,0,0.0,Alto,15.0,aprobado
,92.4,,1,43.0,Medio,16.8,aprobado
13.9,92.0,12.1,0,0.0,Alto,14.0,aprobado
8.1,44.0,19.4,1,45.0,Medio,11.0,en_riesgo
26.1,82.4,19.3,0,0.0,Medio,20.0,aprobado
5.5,58.0,10.5,1,44.0,Bajo,4.5,reprobado
5.1,63.8,14.6,1,15.0,Medio,13.5,en_riesgo
17.8,63.5,9.7,1,23.0,Medio,11.9,en_riesgo
11.7,54.2,10.9,0,0.0,Bajo,10.2,reprobado
12.9,70.8,14.3,1,10.0,Bajo,12.5,en_riesgo
4.3,56.2,13.5,1,29.0,Alto,9.9,reprobado
22.5,44.9,,0,0.0,bajo,13.0,en_riesgo
27.2,49.7,13.3,0,0.0,Alto,20.0,aprobado
15.3,85.0,16.1,0,0.0,Bajo,17.2,aprobado
5.8,82.7,19.6,1,17.0,Bajo,13.5,en_riesgo
9.2,47.7,9.6,1,13.0,Alto,10.6,reprobado
6.5,85.4,6.3,1,22.0,Alto,8.4,reprobado
26.6,69.3,12.1,0,0.0,Bajo,18.2,aprobado
5.3,89.4,17.6,1,44.0,Medio,13.1,en_riesgo
22.8,41.8,14.2,0,0.0,Alto,13.9,en_riesgo
8.7,94.5,12.5,0,0.0,Bajo,12.4,en_riesgo
,65.4,19.4,1,12.0,Bajo,17.1,aprobado
15.3,62.3,19.1,0,0.0,Bajo,15.6,aprobado
18.6,73.8,6.9,0,0.0,Bajo,13.3,en_riesgo
17.8,49.1,14.5,0,0.0,Medio,15.6,aprobado
4.9,59.4,6.9,1,12.0,Bajo,8.7,reprobado
1.2,47.1,8.5,0,0.0,Medio,5.6,reprobado
25.7,83.4,7.7,1,47.0,Medio,13.8,en_riesgo
28.2,73.1,15.3,0,0.0,Alto,20.0,aprobado
,47.5,9.6,1,29.0,Bajo,13.7,en_riesgo
25.7,71.6,16.2,1,38.0,Medio,17.4,aprobado
5.2,68.5,14.6,0,0.0,Alto,12.5,en_riesgo
1.5,59.8,9.8,1,45.0,Bajo,5.6,reprobado
20.2,90.0,7.2,0,0.0,Bajo,13.7,en_riesgo
17.7,97.4,6.6,1,12.0,Bajo,12.7,en_riesgo
28.4,74.9,6.5,0,0.0,medio,16.6,aprobado
,45.4,16.5,0,0.0,Bajo,14.4,aprobado
28.3,77.7,,1,14.0,Bajo,15.3,aprobado
7.4,78.9,10.6,0,0.0,Medio,13.0,en_riesgo
8.0,44.1,13.1,0,0.0,Medio,11.3,en_riesgo
10.9,97.7,10.6,1,35.0,Alto,12.4,en_riesgo
13.1,59.2,14.1,1,12.0,Medio,13.4,en_riesgo
5.4,81.1,9.0,0,0.0,Alto,12.4,en_riesgo
3.4,61.0,6.2,0,0.0,Medio,7.4,reprobado
16.4,46.3,16.5,0,0.0,Medio,15.2,aprobado
22.7,61.7,10.8,1,31.0,Medio,14.8,aprobado
9.8,67.7,15.3,1,9.0,Bajo,10.7,reprobado
9.0,63.1,13.1,1,40.0,Alto,13.2,en_riesgo
6.3,75.6,15.2,1,38.0,Alto,13.8,en_riesgo
20.5,76.3,18.0,0,0.0,Medio,19.0,aprobado
,85.4,9.6,1,20.0,Medio,15.6,aprobado
8.8,96.4,14.7,0,0.0,Medio,12.1,en_riesgo
18.3,47.4,14.4,1,29.0,Bajo,12.2,en_riesgo
14.9,75.7,19.6,0,0.0,Bajo,15.7,aprobado
28.8,56.2,8.4,1,10.0,medio,14.4,aprobado
23.8,72.6,7.5,0,0.0,Bajo,16.6,aprobado
6.5,65.2,6.9,1,41.0,Medio,7.0,reprobado
14.1,71.8,5.3,1,38.0,Alto,11.8,en_riesgo
5.8,76.0,7.8,1,33.0,Medio,9.3,reprobado
1.6,71.6,15.8,1,40.0,Medio,9.1,reprobado
9.7,97.2,14.0,1,30.0,Medio,11.1,en_riesgo
24.0,58.6,7.4,0,0.0,Medio,14.6,aprobado
28.7,80.2,17.5,1,23.0,Bajo,19.1,aprobado
24.1,73.3,19.3,1,8.0,Medio,20.0,aprobado
22.5,76.8,,1,32.0,Alto,14.7,aprobado
,77.2,13.8,0,0.0,Bajo,15.1,aprobado
5.8,95.0,11.5,1,46.0,Bajo,9.5,reprobado
18.5,63.4,16.4,1,23.0,Alto,14.8,aprobado
2.5,68.3,10.4,0,0.0,Bajo,9.6,reprobado
16.5,41.4,11.4,1,30.0,Medio,9.7,reprobado
28.1,71.8,18.1,1,9.0,medio,20.0,aprobado
2.2,91.9,,1,33.0,Medio,9.0,reprobado
24.7,46.8,15.2,1,36.0,Medio,12.6,en_riesgo
24.2,79.7,10.0,0,0.0,Medio,16.0,aprobado
21.7,80.2,16.0,0,0.0,Medio,19.3,aprobado
22.8,81.0,14.6,0,0.0,Medio,18.1,aprobado
29.2,58.1,19.4,1,42.0,Medio,19.4,aprobado
17.1,59.3,19.2,0,0.0,Medio,19.0,aprobado
24.1,83.9,12.7,1,45.0,Medio,17.8,aprobado
24.2,41.4,6.5,1,11.0,Medio,13.5,en_riesgo
6.9,73.2,17.9,1,47.0,Bajo,11.2,en_riesgo
4.8,49.1,13.1,0,0.0,Alto,11.7,en_riesgo
1.9,85.3,6.7,1,12.0,Bajo,6.9,reprobado
11.4,84.0,10.4,1,12.0,Alto,13.3,en_riesgo
4.4,68.2,11.4,0,0.0,ALTO,10.4,reprobado
18.4,83.3,6.0,0,0.0,Medio,13.3,en_riesgo
9.4,74.6,11.5,1,17.0,Alto,10.9,reprobado
10.6,57.2,13.6,0,0.0,Medio,12.6,en_riesgo
7.7,49.0,7.6,1,22.0,Alto,8.5,reprobado
28.3,86.1,18.5,1,0.0,medio,20.0,aprobado
22.1,79.3,11.2,1,42.0,Alto,13.6,en_riesgo
6.1,68.8,6.0,1,44.0,Medio,8.2,reprobado
22.9,40.1,6.7,1,33.0,Bajo,10.2,reprobado
27.3,47.3,7.3,0,0.0,Bajo,14.7,aprobado
9.7,88.3,14.3,1,40.0,Medio,10.4,reprobado
21.7,76.5,8.1,0,0.0,Medio,16.8,aprobado
15.3,69.0,10.8,1,44.0,Medio,12.6,en_riesgo
27.1,80.2,14.5,1,46.0,Medio,18.2,aprobado
13.9,92.4,15.4,1,32.0,Alto,16.3,aprobado
20.9,73.0,6.9,1,22.0,Medio,16.9,aprobado
14.8,64.5,18.0,1,8.0,Bajo,17.3,aprobado
8.0,80.0,5.1,0,0.0,Medio,9.4,reprobado
12.8,89.3,9.3,1,47.0,Bajo,12.0,en_riesgo
9.7,45.4,6.9,0,0.0,Medio,8.9,reprobado
25.3,57.8,5.9,0,0.0,Medio,14.1,aprobado
25.3,44.2,8.5,1,29.0,Bajo,11.4,en_riesgo
16.6,76.7,,0,0.0,Medio,10.8,reprobado
4.7,72.2,8.3,1,19.0,Alto,9.8,reprobado
1.5,86.7,14.7,1,18.0,Medio,9.7,reprobado
21.2,59.1,14.2,0,0.0,Bajo,15.0,aprobado
10.4,96.1,14.0,0,0.0,Medio,15.4,aprobado
10.3,80.3,12.2,0,0.0,Medio,13.1,en_riesgo
14.6,89.3,8.1,1,38.0,Bajo,10.8,reprobado
28.3,76.3,14.2,0,0.0,Medio,18.8,aprobado
16.3,87.0,17.5,1,27.0,Alto,15.7,aprobado
26.9,56.8,17.2,1,32.0,Medio,19.0,aprobado
26.7,93.5,6.4,0,0.0,Bajo,13.4,en_riesgo
27.1,69.1,17.5,0,0.0,Alto,20.0,aprobado
19.2,57.3,,0,0.0,MEDIO,19.2,aprobado
5.4,40.3,15.7,0,0.0,Medio,10.1,reprobado
18.4,52.4,16.0,0,0.0,Alto,15.6,aprobado
8.5,74.3,15.2,1,16.0,Bajo,12.3,en_riesgo
8.2,64.7,11.1,0,0.0,Alto,12.6,en_riesgo
29.7,93.2,,0,0.0,Medio,20.0,aprobado
,45.3,5.6,1,30.0,Bajo,6.4,reprobado
24.7,84.4,17.5,0,0.0,Bajo,19.5,aprobado
14.9,92.1,5.1,0,0.0,Medio,13.4,en_riesgo
24.4,83.0,11.5,1,20.0,Bajo,14.4,aprobado
15.4,88.4,6.9,0,0.0,MEDIO,14.4,aprobado
20.1,45.4,13.8,1,47.0,Medio,13.6,en_riesgo
21.1,82.0,7.8,0,0.0,Bajo,13.5,en_riesgo
3.9,82.4,17.8,1,18.0,Medio,13.7,en_riesgo
16.8,62.5,13.3,0,0.0,medio,13.0,en_riesgo
4.9,89.3,17.2,1,30.0,Medio,12.8,en_riesgo
19.0,55.5,9.9,1,38.0,Bajo,10.6,reprobado
15.7,71.3,19.5,0,0.0,Medio,14.7,aprobado
6.9,81.4,17.9,1,26.0,Bajo,13.5,en_riesgo
,51.4,,1,39.0,Medio,18.5,aprobado
20.3,77.1,18.2,1,10.0,Bajo,19.1,aprobado
,97.5,5.7,0,0.0,Bajo,14.0,aprobado
22.2,85.3,15.2,1,34.0,Medio,18.1,aprobado
23.3,91.0,5.8,1,37.0,Bajo,11.8,en_riesgo
21.2,79.5,13.0,0,0.0,Bajo,16.6,aprobado
19.8,93.7,9.1,0,0.0,Bajo,13.6,en_riesgo
,87.5,8.6,1,36.0,Alto,11.5,en_riesgo
21.4,93.3,18.5,0,0.0,Bajo,19.1,aprobado
19.9,72.3,5.5,0,0.0,Bajo,12.4,en_riesgo
26.5,93.5,7.2,0,0.0,Medio,17.0,aprobado
,48.8,15.6,1,46.0,Bajo,14.4,aprobado
21.6,74.9,9.7,0,0.0,Medio,15.7,aprobado
26.5,99.5,16.0,0,0.0,BAJO,19.7,aprobado
13.2,70.7,9.6,0,0.0,Medio,12.6,en_riesgo
,42.3,6.9,0,0.0,Alto,10.8,reprobado
1.1,62.4,5.8,1,19.0,Medio,7.3,reprobado
25.7,59.3,13.4,0,0.0,Medio,17.2,aprobado
7.9,57.7,17.8,0,0.0,Medio,12.1,en_riesgo
10.5,87.4,13.3,0,0.0,Alto,15.8,aprobado
26.1,58.9,10.6,1,18.0,Medio,16.1,aprobado
6.5,45.0,15.7,0,0.0,Bajo,13.3,en_riesgo
15.0,49.3,15.2,1,36.0,Bajo,11.9,en_riesgo
25.3,58.6,6.5,0,0.0,Medio,12.3,en_riesgo
9.1,86.6,17.6,1,38.0,Medio,12.7,en_riesgo
6.0,63.1,11.7,1,18.0,Alto,9.8,reprobado
27.8,94.4,18.9,0,0.0,Bajo,19.9,aprobado
4.1,92.4,12.6,0,0.0,Medio,11.2,en_riesgo
12.6,61.7,5.5,1,0.0,Medio,11.1,en_riesgo
29.2,65.0,16.8,0,0.0,Alto,20.0,aprobado
10.6,50.0,9.1,0,0.0,Medio,11.3,en_riesgo
9.7,62.5,17.4,0,0.0,Alto,12.6,en_riesgo
12.0,59.3,12.2,0,0.0,Medio,14.7,aprobado
14.9,86.5,16.6,0,0.0,Bajo,16.5,aprobado
9.9,82.2,16.1,1,15.0,MEDIO,13.5,en_riesgo
3.7,60.6,,0,0.0,Bajo,11.3,en_riesgo
3.9,75.5,8.9,1,25.0,Alto,11.6,en_riesgo
4.4,94.9,8.2,1,9.0,Medio,8.4,reprobado
17.1,94.1,12.3,1,10.0,Bajo,16.0,aprobado
,58.0,6.2,0,0.0,Medio,6.0,reprobado
13.4,91.1,12.8,0,0.0,Medio,13.8,en_riesgo
,80.9,9.8,0,0.0,Bajo,13.1,en_riesgo
23.8,89.3,18.4,1,37.0,Bajo,19.0,aprobado
3.3,55.9,9.5,1,41.0,Medio,6.1,reprobado
,57.7,5.2,1,9.0,Medio,15.0,aprobado
18.4,98.1,19.6,1,38.0,Medio,20.0,aprobado
18.1,48.3,9.2,0,0.0,Medio,12.5,en_riesgo
22.9,77.9,10.8,1,24.0,Medio,12.1,en_riesgo
2.0,76.7,9.9,1,46.0,Bajo,9.5,reprobado
24.4,49.0,15.7,0,0.0,Medio,17.6,aprobado
,82.4,11.9,0,0.0,Bajo,13.6,en_riesgo
27.6,59.9,5.3,0,0.0,Bajo,14.1,aprobado
13.0,84.7,,0,0.0,Bajo,13.1,en_riesgo
10.9,42.1,,1,8.0,Medio,8.6,reprobado
29.0,98.8,13.0,1,25.0,Alto,20.0,aprobado
3.9,83.6,15.7,1,37.0,Medio,10.0,reprobado
2.7,73.3,16.5,1,41.0,Bajo,10.9,reprobado
16.8,68.1,5.2,0,0.0,Bajo,9.0,reprobado
13.4,85.5,12.1,0,0.0,medio,14.4,aprobado
26.9,76.3,12.0,0,0.0,Medio,16.6,aprobado
15.2,98.9,14.0,1,23.0,Medio,15.9,aprobado
6.6,85.2,7.4,0,0.0,Bajo,10.9,reprobado
27.3,98.0,13.5,0,0.0,Medio,20.0,aprobado
6.4,92.7,10.9,0,0.0,Medio,12.0,en_riesgo
11.7,49.6,6.4,1,24.0,Medio,9.8,reprobado
4.0,89.3,11.4,0,0.0,Medio,11.1,en_riesgo
,40.9,14.8,1,28.0,Medio,13.2,en_riesgo
5.4,82.2,,0,0.0,medio,11.3,en_riesgo
3.4,54.4,15.4,1,31.0,Medio,12.4,en_riesgo
3.3,95.0,17.1,0,0.0,Bajo,14.7,aprobado
,57.0,17.1,1,26.0,Bajo,10.9,reprobado
28.0,46.8,15.2,0,0.0,Bajo,18.1,aprobado
1.0,69.6,14.2,1,17.0,Medio,8.7,reprobado
7.5,72.2,7.0,0,0.0,Bajo,8.8,reprobado
27.6,58.4,17.4,0,0.0,Bajo,19.3,aprobado
20.1,53.0,5.4,1,0.0,Medio,9.9,reprobado
6.6,77.6,6.3,1,16.0,Bajo,8.1,reprobado
29.5,86.9,14.8,1,39.0,Bajo,17.7,aprobado
28.2,44.6,18.1,1,42.0,Medio,19.5,aprobado
5.1,72.9,15.7,0,0.0,Medio,11.3,en_riesgo
17.0,99.6,10.6,1,38.0,Bajo,13.5,en_riesgo
,84.3,5.8,0,0.0,Medio,13.1,en_riesgo
13.8,88.7,,0,0.0,Alto,14.4,aprobado
13.5,45.8,19.8,0,0.0,Bajo,15.6,aprobado
20.0,47.9,12.3,0,0.0,Medio,15.6,aprobado
11.0,54.5,16.5,1,10.0,Alto,15.6,aprobado
11.8,93.7,16.6,0,0.0,Bajo,15.8,aprobado
16.0,77.7,17.3,1,44.0,ALTO,15.3,aprobado
21.2,79.0,12.3,1,38.0,Bajo,15.9,aprobado
24.6,67.6,7.8,1,22.0,Alto,16.1,aprobado
18.4,58.2,,0,0.0,Medio,15.4,aprobado
13.0,52.1,,0,0.0,Bajo,12.7,en_riesgo
5.8,70.5,12.7,0,0.0,Alto,13.4,en_riesgo
27.1,66.6,15.2,1,41.0,Medio,16.8,aprobado
26.1,82.8,6.4,1,14.0,Bajo,16.1,aprobado
18.6,90.4,11.3,0,0.0,Medio,16.4,aprobado
19.7,94.9,6.6,0,0.0,Medio,13.2,en_riesgo
11.8,65.6,,1,10.0,Bajo,14.7,aprobado
29.1,44.4,12.2,0,0.0,Medio,17.2,aprobado
3.3,85.4,5.8,0,0.0,Medio,8.4,reprobado
1.5,55.6,,1,19.0,Bajo,10.3,reprobado
2.5,44.4,7.5,0,0.0,Medio,8.5,reprobado
8.0,62.4,10.8,1,11.0,Medio,9.5,reprobado
11.7,79.6,12.1,1,19.0,Bajo,11.1,en_riesgo
2.6,51.8,15.5,0,0.0,Medio,10.1,reprobado
26.3,57.7,18.3,1,19.0,Medio,17.3,aprobado
,55.9,18.4,0,0.0,Bajo,18.0,aprobado
22.0,61.8,7.6,0,0.0,Bajo,15.3,aprobado
18.0,69.3,17.8,0,0.0,Medio,18.7,aprobado
16.4,70.9,14.2,0,0.0,Medio,14.3,aprobado
21.3,57.3,18.6,1,42.0,Alto,15.2,aprobado
10.0,74.6,10.9,0,0.0,Medio,10.8,reprobado
29.1,41.4,16.6,0,0.0,Alto,17.7,aprobado
22.6,67.5,9.7,0,0.0,Alto,14.1,aprobado
2.2,54.2,7.6,0,0.0,Bajo,8.4,reprobado
9.0,94.4,,0,0.0,Medio,15.5,aprobado
11.4,47.3,,0,0.0,Alto,14.2,aprobado
22.8,41.3,16.8,0,0.0,Bajo,17.9,aprobado
6.6,57.5,13.6,0,0.0,Alto,11.0,en_riesgo
4.4,40.1,11.0,0,0.0,Medio,10.4,reprobado
10.4,52.9,13.4,1,8.0,Alto,12.4,en_riesgo
15.4,44.8,16.2,0,0.0,Medio,15.2,aprobado
19.7,55.0,5.1,1,18.0,Bajo,12.4,en_riesgo
28.9,86.1,11.1,0,0.0,Bajo,18.2,aprobado
,81.9,16.8,1,26.0,Medio,14.6,aprobado
3.7,68.2,13.6,0,0.0,Alto,11.4,en_riesgo
6.5,87.1,9.3,0,0.0,Medio,12.8,en_riesgo
21.2,92.7,17.9,0,0.0,Bajo,20.0,aprobado
7.2,67.6,,1,28.0,Alto,8.5,reprobado
,84.3,16.7,0,0.0,Alto,19.5,aprobado
27.3,80.7,19.1,1,9.0,Bajo,20.0,aprobado
20.1,47.0,16.8,0,0.0,Medio,17.5,aprobado
13.4,91.7,16.6,0,0.0,Medio,15.7,aprobado
22.4,64.0,6.5,0,0.0,Medio,15.5,aprobado
19.5,78.7,12.5,1,46.0,Medio,15.0,aprobado
5.4,47.1,,0,0.0,Alto,9.3,reprobado
29.5,46.5,17.4,0,0.0,Alto,20.0,aprobado
26.1,56.0,10.4,0,0.0,Bajo,15.3,aprobado
28.5,79.6,8.0,0,0.0,Medio,16.9,aprobado
17.1,55.9,11.9,1,24.0,Medio,13.6,en_riesgo
20.4,53.5,15.1,1,47.0,Medio,13.9,en_riesgo
,50.8,19.1,0,0.0,Bajo,13.8,en_riesgo
23.4,94.1,13.0,1,39.0,Bajo,15.4,aprobado
14.9,52.9,15.8,0,0.0,Alto,17.4,aprobado
27.3,53.1,13.9,0,0.0,Medio,17.9,aprobado
,53.3,14.9,0,0.0,Bajo,12.9,en_riesgo
18.3,71.4,19.6,1,16.0,Bajo,17.9,aprobado
6.1,92.8,13.0,0,0.0,Bajo,14.9,aprobado
8.4,57.8,19.8,1,23.0,Medio,14.7,aprobado
15.5,48.2,19.9,0,0.0,Medio,17.9,aprobado
14.1,60.6,18.8,1,19.0,Alto,17.4,aprobado
1.1,63.1,8.6,1,45.0,Bajo,3.6,reprobado
16.5,44.5,18.5,0,0.0,Medio,16.0,aprobado
4.3,40.6,5.9,0,0.0,Medio,4.5,reprobado
26.8,73.5,12.6,1,20.0,Alto,18.6,aprobado
20.3,77.3,14.7,0,0.0,Bajo,16.8,aprobado
19.1,79.1,6.8,1,14.0,Bajo,12.6,en_riesgo
,72.3,14.4,0,0.0,Bajo,12.7,en_riesgo
13.2,82.2,,1,33.0,Alto,16.6,aprobado
7.6,67.7,12.4,1,37.0,Alto,10.5,reprobado
7.4,70.0,18.4,1,23.0,Bajo,12.2,en_riesgo
3.2,98.8,7.5,0,0.0,Medio,10.4,reprobado
28.8,60.7,19.3,1,9.0,Medio,20.0,aprobado
18.3,86.3,7.1,0,0.0,Alto,16.8,aprobado
24.8,52.2,7.6,1,20.0,Bajo,12.4,en_riesgo
,40.0,,1,39.0,Bajo,8.2,reprobado
28.6,70.4,13.3,0,0.0,Medio,16.6,aprobado
9.7,95.4,19.1,0,0.0,Alto,17.3,aprobado
,66.0,8.0,0,0.0,Bajo,12.9,en_riesgo
19.3,46.8,13.9,0,0.0,Medio,16.4,aprobado
14.7,96.6,12.4,0,0.0,Bajo,14.3,aprobado
12.4,60.7,18.2,1,19.0,alto,16.5,aprobado
18.7,94.2,15.6,1,42.0,Medio,15.1,aprobado
7.0,53.7,16.3,0,0.0,Medio,15.0,aprobado
21.6,53.1,7.8,1,30.0,Medio,11.2,en_riesgo
16.6,63.2,19.6,0,0.0,Bajo,15.1,aprobado
27.7,77.7,8.8,0,0.0,Bajo,15.8,aprobado
9.9,43.5,,0,0.0,Medio,12.8,en_riesgo
18.0,87.2,18.0,0,0.0,Bajo,19.2,aprobado
20.9,49.6,15.4,1,41.0,Bajo,15.0,aprobado
9.8,44.7,,1,37.0,Bajo,10.6,reprobado
,84.9,7.8,0,0.0,Bajo,9.4,reprobado
22.1,89.7,6.6,1,37.0,Alto,14.9,aprobado
28.8,59.9,9.1,1,28.0,Medio,15.1,aprobado
7.1,90.3,,1,31.0,Medio,11.7,en_riesgo
21.6,59.6,17.8,0,0.0,Bajo,17.9,aprobado
26.5,94.7,17.9,0,0.0,Medio,20.0,aprobado
23.0,52.6,10.9,1,11.0,Medio,14.5,aprobado
28.9,96.0,13.9,0,0.0,Medio,20.0,aprobado
,53.3,18.6,1,8.0,Medio,15.3,aprobado
28.7,48.2,10.2,0,0.0,Medio,16.2,aprobado
7.1,78.1,7.5,1,45.0,Medio,8.4,reprobado
1.7,65.6,9.2,1,31.0,Medio,6.4,reprobado
17.9,79.0,19.2,1,16.0,Medio,17.8,aprobado
4.0,64.8,8.9,0,0.0,Medio,9.9,reprobado
3.1,57.3,12.9,1,35.0,Bajo,9.5,reprobado
22.4,63.4,,0,0.0,Bajo,13.0,en_riesgo
5.3,92.1,16.3,0,0.0,Alto,14.2,aprobado
15.9,97.9,5.8,1,18.0,Bajo,13.8,en_riesgo
26.4,45.8,19.0,0,0.0,Alto,18.4,aprobado
29.3,84.2,7.1,1,0.0,Medio,14.5,aprobado
20.7,98.9,9.1,0,0.0,Bajo,16.2,aprobado
16.5,54.1,6.8,1,18.0,Bajo,9.0,reprobado
16.4,42.0,10.7,1,0.0,Medio,11.2,en_riesgo
,64.0,,0,0.0,Medio,11.9,en_riesgo
15.1,60.9,11.2,0,0.0,Bajo,13.4,en_riesgo
21.0,46.3,16.7,0,0.0,Medio,13.9,en_riesgo
1.1,81.3,13.7,0,0.0,Alto,12.9,en_riesgo
17.8,41.6,11.0,1,24.0,Medio,9.8,reprobado
25.2,40.4,17.6,1,22.0,Alto,17.7,aprobado
18.6,60.2,5.5,1,15.0,Medio,11.5,en_riesgo
22.9,60.7,7.4,0,0.0,Bajo,14.9,aprobado
4.1,64.9,13.6,0,0.0,ALTO,12.3,en_riesgo
18.2,71.0,5.4,1,19.0,Alto,11.6,en_riesgo
22.7,65.9,8.9,1,14.0,Bajo,14.5,aprobado
26.2,92.6,19.4,1,17.0,Bajo,19.4,aprobado
16.1,93.3,18.9,1,14.0,Medio,18.3,aprobado
19.7,58.5,6.5,1,24.0,Medio,11.2,en_riesgo
24.7,62.2,7.7,0,0.0,Bajo,13.0,en_riesgo
4.6,92.1,12.7,0,0.0,MEDIO,12.3,en_riesgo
,75.9,,1,20.0,Alto,12.6,en_riesgo
10.3,47.8,11.3,1,20.0,Bajo,8.9,reprobado
12.3,87.3,9.9,1,19.0,Alto,11.5,en_riesgo
,95.5,7.1,0,0.0,Medio,10.6,reprobado
9.8,44.2,17.6,1,42.0,Alto,13.3,en_riesgo
8.8,60.3,9.3,0,0.0,Alto,10.2,reprobado
12.8,88.5,19.0,0,0.0,Alto,19.9,aprobado
18.7,73.0,,0,0.0,Bajo,16.5,aprobado
8.7,46.1,10.6,1,13.0,Medio,10.8,reprobado
11.7,75.8,12.3,0,0.0,Bajo,14.5,aprobado
24.7,62.3,11.5,0,0.0,Bajo,13.8,en_riesgo
26.3,76.8,18.4,1,26.0,Medio,18.7,aprobado
5.3,63.6,11.7,1,23.0,Medio,11.0,en_riesgo
14.6,82.9,8.9,0,0.0,medio,12.8,en_riesgo
29.3,55.7,14.2,1,29.0,Bajo,16.5,aprobado
21.5,41.2,19.7,0,0.0,bajo,16.1,aprobado
13.1,49.1,11.6,0,0.0,Bajo,10.2,reprobado
29.0,71.4,17.4,1,40.0,Medio,18.4,aprobado
15.9,77.3,9.0,0,0.0,Bajo,13.8,en_riesgo
16.9,75.0,17.3,0,0.0,Bajo,18.0,aprobado
13.1,73.3,7.2,1,33.0,Alto,11.9,en_riesgo
3.3,93.2,14.2,0,0.0,Medio,12.4,en_riesgo
21.9,96.0,11.2,1,16.0,Medio,16.9,aprobado
12.6,99.4,10.0,0,0.0,Medio,13.0,en_riesgo
13.8,58.3,11.8,0,0.0,Bajo,9.9,reprobado
17.5,69.4,5.4,1,14.0,Medio,10.6,reprobado
4.7,73.9,11.1,1,10.0,Bajo,12.5,en_riesgo
21.2,72.5,14.1,1,33.0,Bajo,16.4,aprobado
6.4,97.8,7.7,1,44.0,Medio,9.1,reprobado
8.7,48.8,7.7,0,0.0,Medio,7.6,reprobado
29.0,41.6,10.7,1,29.0,Bajo,14.4,aprobado
14.5,84.7,10.7,1,22.0,Alto,14.6,aprobado
28.4,88.7,12.9,0,0.0,ALTO,18.8,aprobado
18.3,63.0,17.0,1,23.0,Medio,15.4,aprobado
24.9,52.0,,0,0.0,Alto,16.4,aprobado
5.3,59.3,16.5,0,0.0,alto,12.0,en_riesgo
9.4,47.9,5.7,1,11.0,Medio,7.6,reprobado
8.7,87.3,15.0,1,37.0,Bajo,12.5,en_riesgo
1.8,67.8,11.1,0,0.0,Alto,10.2,reprobado
24.8,71.2,10.2,0,0.0,Bajo,15.8,aprobado
28.0,86.8,7.4,1,40.0,Bajo,14.0,aprobado
13.8,56.8,17.0,0,0.0,Medio,14.9,aprobado
4.9,91.2,11.2,1,19.0,Medio,11.0,en_riesgo
8.5,89.6,9.6,0,0.0,Bajo,12.8,en_riesgo
23.8,56.3,8.3,1,15.0,Medio,14.1,aprobado
28.6,98.0,17.9,0,0.0,Bajo,20.0,aprobado
27.1,61.3,,0,0.0,Bajo,19.5,aprobado
3.9,66.1,14.0,1,23.0,Alto,9.4,reprobado
,52.4,14.7,1,12.0,Medio,13.5,en_riesgo
26.4,63.6,14.4,0,0.0,Medio,17.6,aprobado
13.6,91.7,17.5,1,47.0,MEDIO,13.9,en_riesgo
14.1,65.1,17.1,0,0.0,Medio,15.9,aprobado
15.8,82.8,11.0,0,0.0,Bajo,15.3,aprobado
28.5,96.1,7.2,1,28.0,ALTO,16.2,aprobado
19.9,66.8,10.6,0,0.0,Alto,15.0,aprobado
18.9,58.8,5.9,0,0.0,Bajo,11.8,en_riesgo
6.5,89.4,19.3,1,39.0,Alto,13.8,en_riesgo
15.5,60.2,6.7,0,0.0,Medio,13.1,en_riesgo
18.2,79.6,16.7,0,0.0,Medio,18.4,aprobado
23.8,90.8,13.5,0,0.0,Bajo,16.7,aprobado
15.8,97.8,17.2,0,0.0,Bajo,16.2,aprobado
3.9,93.3,14.6,0,0.0,Bajo,12.3,en_riesgo
4.0,73.7,11.2,0,0.0,Alto,11.6,en_riesgo
27.7,82.5,8.0,0,0.0,Medio,17.7,aprobado
,58.3,19.6,0,0.0,Bajo,13.9,en_riesgo
,82.4,15.9,1,45.0,Bajo,14.8,aprobado
9.5,83.5,7.8,0,0.0,Medio,9.5,reprobado
14.4,53.2,5.7,1,35.0,Bajo,7.8,reprobado
12.8,90.7,10.4,1,14.0,Medio,11.1,en_riesgo
10.9,97.5,5.9,1,38.0,Alto,10.9,reprobado
27.6,88.9,,1,24.0,Medio,20.0,aprobado
17.9,72.0,7.4,0,0.0,Bajo,9.7,reprobado
2.4,93.5,11.5,0,0.0,Bajo,11.8,en_riesgo
16.9,75.8,15.7,0,0.0,Medio,15.4,aprobado
11.5,49.2,14.8,1,21.0,Medio,10.7,reprobado
25.2,49.2,18.9,0,0.0,Medio,18.5,aprobado
23.5,99.7,13.8,1,26.0,Medio,14.7,aprobado
18.3,67.4,,0,0.0,medio,20.0,aprobado
17.1,56.1,14.7,1,38.0,Medio,12.5,en_riesgo
22.7,64.3,5.5,1,36.0,Alto,13.3,en_riesgo
,69.0,13.6,1,0.0,Alto,19.0,aprobado
2.5,95.1,11.0,0,0.0,Medio,10.5,reprobado
16.2,50.1,16.7,0,0.0,Bajo,15.1,aprobado
23.2,65.5,19.4,1,38.0,Medio,16.3,aprobado
28.5,57.8,,0,0.0,Alto,19.5,aprobado
23.9,48.2,,0,0.0,Alto,14.8,aprobado
4.6,87.3,14.2,0,0.0,Bajo,13.0,en_riesgo
10.7,66.7,15.3,0,0.0,Medio,14.3,aprobado
5.4,50.2,12.3,0,0.0,Medio,8.2,reprobado
28.0,86.6,13.9,1,21.0,Bajo,18.6,aprobado
2.5,93.2,14.1,0,0.0,Medio,13.2,en_riesgo
4.0,50.0,6.1,0,0.0,Medio,7.8,reprobado
3.0,98.5,7.7,0,0.0,Alto,10.7,reprobado
,69.6,19.4,0,0.0,Medio,17.2,aprobado
29.2,50.4,,1,25.0,Bajo,15.2,aprobado
3.0,63.7,6.6,0,0.0,Medio,8.6,reprobado
24.5,51.7,6.8,0,0.0,Bajo,13.3,en_riesgo
17.2,55.1,7.8,1,47.0,Medio,11.4,en_riesgo
28.8,91.4,18.8,0,0.0,Medio,20.0,aprobado
27.6,69.1,19.7,1,24.0,Alto,20.0,aprobado
,44.3,,0,0.0,Medio,15.1,aprobado
10.1,79.7,18.5,0,0.0,Alto,18.5,aprobado
11.1,93.3,7.0,1,10.0,Bajo,10.6,reprobado
24.9,94.4,19.3,1,28.0,Bajo,16.6,aprobado
13.1,97.2,,1,36.0,Bajo,16.7,aprobado
9.5,60.6,11.0,0,0.0,Alto,12.3,en_riesgo
3.7,48.4,6.1,0,0.0,BAJO,7.7,reprobado
20.2,84.8,18.9,1,9.0,Alto,20.0,aprobado
28.9,71.7,8.6,0,0.0,MEDIO,16.6,aprobado
18.4,92.2,19.2,1,17.0,Bajo,17.3,aprobado
25.4,40.9,6.7,1,21.0,Alto,12.7,en_riesgo
24.0,52.1,19.0,0,0.0,Bajo,15.2,aprobado
28.4,56.4,17.4,0,0.0,Bajo,19.8,aprobado
16.5,62.4,,1,47.0,Bajo,10.4,reprobado
4.5,65.4,18.2,1,46.0,Bajo,11.3,en_riesgo
6.2,50.6,14.5,1,29.0,Bajo,10.5,reprobado
26.0,63.3,10.0,0,0.0,Medio,16.7,aprobado
16.0,45.0,16.7,1,44.0,Medio,15.5,aprobado
18.5,51.3,10.1,0,0.0,Bajo,11.6,en_riesgo
12.7,48.1,6.3,0,0.0,Alto,11.3,en_riesgo
14.8,97.0,9.8,0,0.0,Bajo,12.4,en_riesgo
17.9,86.0,17.4,1,41.0,Medio,15.8,aprobado
22.9,84.0,14.1,1,30.0,Alto,17.1,aprobado
19.3,58.4,11.5,0,0.0,Bajo,13.9,en_riesgo
10.1,99.4,,1,41.0,Bajo,13.2,en_riesgo
17.8,92.7,5.5,0,0.0,ALTO,12.6,en_riesgo
28.0,85.9,,1,8.0,Medio,20.0,aprobado
14.0,94.4,16.7,0,0.0,Bajo,16.2,aprobado
8.6,99.4,12.0,0,0.0,Bajo,12.9,en_riesgo
14.2,51.9,12.6,0,0.0,Bajo,12.9,en_riesgo
7.8,72.2,14.3,0,0.0,Alto,13.5,en_riesgo
29.2,50.4,,1,25.0,Bajo,15.2,aprobado
5.0,72.7,7.1,0,0.0,Bajo,9.4,reprobado
8.6,76.7,5.1,1,23.0,Medio,8.1,reprobado
26.8,61.1,6.9,1,25.0,Medio,11.9,en_riesgo
24.9,98.2,5.9,0,0.0,Medio,15.6,aprobado
2.0,49.1,8.0,1,26.0,Bajo,5.4,reprobado
8.1,85.2,6.4,1,21.0,Alto,10.8,reprobado
28.0,76.9,15.2,1,11.0,Medio,19.5,aprobado
24.1,88.6,18.8,0,0.0,medio,20.0,aprobado
14.3,97.0,19.3,1,9.0,Medio,18.1,aprobado
16.8,42.3,13.5,1,42.0,Alto,12.9,en_riesgo
20.5,43.5,6.4,0,0.0,Alto,12.1,en_riesgo
6.7,68.2,13.6,0,0.0,Alto,13.6,en_riesgo
24.1,63.7,13.1,0,0.0,Medio,16.6,aprobado
13.5,89.2,18.4,1,23.0,BAJO,14.8,aprobado
8.5,80.7,10.3,1,22.0,Bajo,10.7,reprobado
19.1,88.2,12.8,0,0.0,Bajo,16.1,aprobado
4.2,71.1,12.5,1,35.0,medio,8.8,reprobado
13.7,65.8,9.0,1,27.0,Bajo,10.9,reprobado
5.8,59.5,5.9,0,0.0,Bajo,8.0,reprobado
,66.7,18.9,0,0.0,Bajo,14.9,aprobado
3.8,76.4,16.3,0,0.0,Bajo,12.3,en_riesgo
24.6,67.2,15.4,1,31.0,Bajo,15.2,aprobado
26.1,55.7,19.8,1,18.0,Medio,19.1,aprobado
6.9,71.1,12.1,0,0.0,Alto,10.7,reprobado
25.3,96.7,,0,0.0,Bajo,20.0,aprobado
26.6,51.3,7.9,0,0.0,Bajo,10.5,reprobado
10.3,46.7,5.7,1,47.0,Bajo,4.9,reprobado
19.7,40.7,14.5,0,0.0,Medio,15.2,aprobado
,89.0,,0,0.0,Medio,19.2,aprobado
16.2,97.2,8.9,0,0.0,Bajo,14.4,aprobado
19.4,66.4,12.9,1,30.0,Medio,12.9,en_riesgo
2.3,63.4,8.7,1,47.0,Medio,6.6,reprobado
17.3,50.8,17.1,0,0.0,Bajo,15.0,aprobado
16.3,69.9,7.6,1,9.0,Medio,12.4,en_riesgo
27.6,96.4,7.1,0,0.0,Alto,18.1,aprobado
12.2,70.6,12.3,0,0.0,Medio,13.4,en_riesgo
4.7,64.6,6.4,0,0.0,alto,9.0,reprobado
,98.4,7.4,1,35.0,Medio,9.8,reprobado
22.6,95.4,15.1,1,31.0,Medio,17.6,aprobado
22.9,43.8,,0,0.0,Alto,18.6,aprobado
27.3,93.1,7.1,0,0.0,Alto,18.7,aprobado
,47.1,9.9,0,0.0,Alto,12.8,en_riesgo
23.9,45.9,5.5,0,0.0,Bajo,12.3,en_riesgo
23.4,98.5,18.3,0,0.0,Medio,20.0,aprobado
28.6,80.4,14.5,1,33.0,Medio,18.0,aprobado
13.7,86.5,9.8,0,0.0,Alto,14.8,aprobado
29.8,71.7,7.4,0,0.0,ALTO,17.1,aprobado
2.5,72.6,8.2,0,0.0,Alto,7.3,reprobado
4.7,60.5,,0,0.0,Bajo,9.1,reprobado
10.0,49.2,10.5,0,0.0,Alto,12.0,en_riesgo
23.7,96.3,,1,16.0,Bajo,17.3,aprobado
5.5,68.6,12.9,1,47.0,Medio,9.8,reprobado
22.3,76.7,8.6,0,0.0,Medio,14.2,aprobado
,98.6,5.3,0,0.0,Medio,9.9,reprobado
8.2,63.4,7.6,1,46.0,Medio,4.9,reprobado
8.6,72.0,15.5,1,17.0,Bajo,12.4,en_riesgo
8.0,96.8,7.9,1,37.0,Bajo,8.5,reprobado
25.3,67.6,13.7,0,0.0,Alto,20.0,aprobado
11.3,78.7,,1,43.0,Medio,11.4,en_riesgo
19.8,87.6,14.1,0,0.0,Medio,17.5,aprobado
27.9,70.0,20.0,1,37.0,Medio,20.0,aprobado
10.8,81.9,12.3,0,0.0,Medio,13.7,en_riesgo
29.6,83.8,5.2,0,0.0,Bajo,14.3,aprobado
4.3,85.4,15.9,1,41.0,Medio,11.7,en_riesgo
25.6,44.6,12.0,0,0.0,Alto,17.6,aprobado
,54.9,15.6,0,0.0,Bajo,12.8,en_riesgo
4.4,65.7,12.8,1,25.0,Alto,11.0,en_riesgo
2.3,44.7,12.5,0,0.0,Medio,9.3,reprobado
23.8,93.1,18.1,1,29.0,Medio,17.8,aprobado
20.2,48.9,8.2,1,39.0,Medio,11.7,en_riesgo
,82.0,8.6,1,10.0,Bajo,14.9,aprobado
3.1,56.2,10.8,1,46.0,Alto,7.2,reprobado
6.5,59.8,17.3,1,9.0,Alto,14.5,aprobado
7.1,44.0,12.2,0,0.0,Medio,10.4,reprobado
1.0,49.6,16.5,1,25.0,Bajo,10.6,reprobado
28.9,56.0,9.4,1,27.0,Medio,16.8,aprobado
17.3,90.8,16.9,1,23.0,Bajo,16.5,aprobado
18.4,79.0,12.5,1,44.0,Bajo,11.8,en_riesgo
15.8,91.7,19.6,1,9.0,Bajo,16.1,aprobado
28.4,85.5,8.5,1,33.0,Bajo,16.1,aprobado
7.9,74.9,19.5,1,23.0,Alto,15.6,aprobado
23.8,96.7,18.1,0,0.0,Medio,19.9,aprobado
26.5,54.5,12.4,1,10.0,Medio,15.1,aprobado
17.6,75.2,6.5,1,9.0,Medio,11.2,en_riesgo
22.6,53.6,9.4,0,0.0,Bajo,13.4,en_riesgo
16.6,53.2,15.7,0,0.0,Medio,16.2,aprobado
16.7,87.3,10.1,0,0.0,Medio,12.6,en_riesgo
9.6,84.0,13.4,1,28.0,Medio,13.3,en_riesgo
18.2,67.3,17.7,0,0.0,Medio,17.2,aprobado
24.3,97.1,6.7,0,0.0,Alto,16.3,aprobado
2.3,54.1,5.8,0,0.0,Bajo,6.8,reprobado
26.1,85.2,10.4,0,0.0,Medio,16.3,aprobado
2.8,95.4,,1,37.0,Bajo,11.8,en_riesgo
7.5,49.0,13.1,1,33.0,Bajo,10.0,reprobado
14.8,68.6,6.6,1,34.0,Bajo,9.0,reprobado
27.4,92.7,15.9,0,0.0,Alto,20.0,aprobado
29.1,78.0,5.8,1,12.0,Bajo,14.2,aprobado
7.5,81.4,13.4,0,0.0,Medio,12.5,en_riesgo
28.0,60.8,16.0,0,0.0,Bajo,18.0,aprobado
27.9,68.9,18.8,1,38.0,Alto,20.0,aprobado
,42.0,5.3,1,16.0,Medio,4.7,reprobado
27.8,57.3,10.9,1,27.0,MEDIO,15.5,aprobado
5.0,42.5,14.9,1,17.0,Medio,10.7,reprobado
3.0,40.3,6.2,1,42.0,Bajo,4.0,reprobado
4.5,75.9,19.5,0,0.0,Medio,14.9,aprobado
11.2,53.8,16.2,1,21.0,Bajo,14.6,aprobado
6.1,51.7,12.3,0,0.0,Alto,12.2,en_riesgo
14.5,53.0,9.0,1,25.0,Alto,14.3,aprobado
26.4,97.8,15.7,0,0.0,Bajo,19.6,aprobado
,68.6,14.7,0,0.0,Medio,11.6,en_riesgo
4.9,83.2,12.7,1,18.0,Bajo,10.2,reprobado
6.5,92.6,12.4,1,36.0,Bajo,11.9,en_riesgo
17.2,45.8,16.4,1,29.0,Bajo,12.2,en_riesgo
18.8,69.3,12.0,0,0.0,medio,14.4,aprobado
23.2,77.7,15.0,0,0.0,Bajo,17.1,aprobado
14.9,47.3,19.9,0,0.0,Medio,15.2,aprobado
27.9,54.8,17.2,0,0.0,alto,20.0,aprobado
8.5,58.7,11.3,1,32.0,Medio,10.5,reprobado
12.1,86.5,5.6,0,0.0,Alto,11.7,en_riesgo
19.2,40.1,19.3,1,8.0,Medio,18.0,aprobado
22.8,45.1,14.8,0,0.0,Medio,16.7,aprobado
24.6,82.2,7.3,0,0.0,Bajo,13.5,en_riesgo
18.2,83.6,8.2,0,0.0,Medio,13.9,en_riesgo
22.6,42.0,15.8,0,0.0,BAJO,14.7,aprobado
5.4,98.9,12.5,1,18.0,Bajo,8.9,reprobado
,68.4,15.7,0,0.0,Bajo,12.7,en_riesgo
8.9,92.1,10.4,0,0.0,Bajo,10.8,reprobado
26.1,47.5,5.4,1,18.0,Medio,12.5,en_riesgo
5.5,76.6,10.0,1,31.0,Medio,9.3,reprobado
,99.5,7.0,1,46.0,Bajo,8.9,reprobado
19.1,83.5,12.0,0,0.0,Bajo,16.9,aprobado
16.2,53.0,13.1,1,0.0,Alto,14.2,aprobado
8.0,55.2,5.7,0,0.0,Medio,9.4,reprobado
17.3,96.4,16.4,0,0.0,Medio,15.6,aprobado
21.4,92.6,14.1,1,32.0,medio,15.5,aprobado
2.6,86.3,8.8,0,0.0,Alto,10.0,reprobado
6.3,87.9,15.4,0,0.0,Alto,16.8,aprobado
1.5,81.3,12.5,1,40.0,Bajo,8.2,reprobado
23.4,84.2,7.7,0,0.0,Bajo,15.0,aprobado
19.8,66.1,19.0,0,0.0,MEDIO,19.6,aprobado
22.6,43.9,14.1,0,0.0,Bajo,14.2,aprobado
8.6,83.5,5.9,0,0.0,Alto,9.5,reprobado
7.4,71.1,13.6,0,0.0,Bajo,11.0,en_riesgo
29.3,54.7,12.3,0,0.0,Bajo,16.5,aprobado
27.3,66.7,6.8,1,32.0,Bajo,14.1,aprobado
1.1,41.6,6.0,0,0.0,Bajo,5.4,reprobado
,42.0,20.0,0,0.0,Medio,13.6,en_riesgo
12.2,92.3,16.5,0,0.0,Bajo,16.9,aprobado
7.5,55.2,7.4,0,0.0,Bajo,9.7,reprobado
22.3,97.5,8.9,0,0.0,Medio,16.4,aprobado
3.6,86.6,15.7,1,38.0,Medio,10.1,reprobado
,90.3,10.6,0,0.0,Bajo,15.0,aprobado
12.9,91.1,18.8,0,0.0,Medio,18.3,aprobado
2.7,69.0,14.3,0,0.0,Medio,12.0,en_riesgo
27.9,81.9,19.7,0,0.0,Medio,20.0,aprobado
1.8,74.9,16.3,1,44.0,Alto,12.5,en_riesgo
8.1,86.3,19.4,0,0.0,Medio,15.8,aprobado
17.7,62.8,,0,0.0,Bajo,9.8,reprobado
15.8,96.3,16.5,1,16.0,Bajo,15.0,aprobado
,66.2,,0,0.0,Medio,15.7,aprobado
12.8,80.9,5.6,1,21.0,Medio,9.1,reprobado
24.3,82.5,12.3,0,0.0,bajo,16.0,aprobado
7.9,69.0,10.6,1,35.0,Medio,10.0,reprobado
13.7,46.6,10.1,1,43.0,Medio,8.3,reprobado
19.2,82.8,7.8,0,0.0,Bajo,14.8,aprobado
2.0,65.4,18.5,1,43.0,Bajo,11.2,en_riesgo
,46.7,13.6,1,24.0,Bajo,10.2,reprobado
18.0,95.4,17.3,0,0.0,Medio,18.3,aprobado
21.0,43.0,11.7,0,0.0,Bajo,13.9,en_riesgo
13.7,59.3,9.8,0,0.0,Alto,13.1,en_riesgo
29.2,69.5,6.6,1,10.0,Medio,16.0,aprobado
3.5,83.0,8.7,0,0.0,Bajo,10.1,reprobado
17.4,40.7,6.6,1,8.0,Bajo,9.8,reprobado
15.1,52.4,,1,22.0,Bajo,17.6,aprobado
8.6,55.9,5.4,0,0.0,Bajo,5.6,reprobado
6.3,59.0,,0,0.0,Alto,12.7,en_riesgo
14.2,93.2,13.0,1,33.0,Medio,15.1,aprobado
19.5,41.8,5.6,1,14.0,Bajo,6.7,reprobado
25.2,69.0,15.2,0,0.0,bajo,17.7,aprobado
16.3,80.2,5.2,1,43.0,Bajo,9.9,reprobado
2.8,57.2,17.9,1,26.0,Medio,11.3,en_riesgo
18.7,71.1,19.6,1,45.0,Bajo,17.8,aprobado
27.6,40.2,19.7,1,32.0,Medio,17.0,aprobado
15.2,79.3,8.5,0,0.0,Medio,12.7,en_riesgo
12.7,60.3,7.1,1,19.0,bajo,8.9,reprobado
25.8,47.3,5.4,0,0.0,Bajo,13.2,en_riesgo
,58.2,6.1,0,0.0,Medio,12.4,en_riesgo
5.0,65.1,13.4,1,40.0,Bajo,9.1,reprobado
10.6,73.3,7.9,0,0.0,ALTO,12.4,en_riesgo
,94.6,8.2,0,0.0,Medio,13.4,en_riesgo
26.4,91.6,7.8,1,26.0,Medio,15.7,aprobado
2.8,79.4,16.8,1,15.0,Medio,13.0,en_riesgo
,85.0,15.1,1,0.0,Medio,14.8,aprobado
10.2,78.5,17.2,1,18.0,Medio,13.5,en_riesgo
15.8,68.3,8.2,1,44.0,Alto,10.6,reprobado
21.8,43.1,8.8,1,38.0,Medio,10.4,reprobado
23.5,66.0,15.2,0,0.0,Bajo,16.5,aprobado
3.0,59.9,17.2,1,13.0,Medio,10.9,reprobado
13.7,47.1,17.0,1,19.0,Bajo,14.1,aprobado
27.8,53.9,17.1,0,0.0,Alto,20.0,aprobado
11.5,44.6,11.6,0,0.0,Alto,12.8,en_riesgo
16.8,97.3,17.0,0,0.0,Medio,17.8,aprobado
28.7,64.3,,0,0.0,Alto,20.0,aprobado
26.2,88.4,10.7,0,0.0,Medio,20.0,aprobado
19.5,67.7,18.5,1,44.0,BAJO,16.5,aprobado
12.0,93.6,7.4,1,46.0,Medio,8.3,reprobado
,90.2,13.1,0,0.0,bajo,13.2,en_riesgo
,60.3,6.6,0,0.0,Alto,14.8,aprobado
5.1,68.1,11.8,1,18.0,Bajo,9.0,reprobado
20.6,67.2,19.1,0,0.0,Medio,16.9,aprobado
19.6,43.2,11.4,1,31.0,Medio,13.5,en_riesgo
,59.9,14.4,0,0.0,Bajo,15.3,aprobado
16.5,40.5,9.2,0,0.0,Medio,12.8,en_riesgo
22.7,89.1,17.7,1,16.0,Medio,17.8,aprobado
13.8,88.9,,1,0.0,Medio,12.3,en_riesgo
1.7,74.2,14.8,1,40.0,Bajo,7.8,reprobado
25.4,52.6,12.0,0,0.0,Medio,16.0,aprobado
2.3,84.1,6.5,1,12.0,Alto,7.8,reprobado
10.1,47.9,6.4,0,0.0,Alto,9.8,reprobado
15.3,89.9,18.8,1,19.0,Bajo,17.7,aprobado
17.0,44.5,14.8,0,0.0,Bajo,13.0,en_riesgo
25.2,84.9,15.5,0,0.0,Bajo,17.9,aprobado
7.7,40.7,13.3,0,0.0,Alto,11.3,en_riesgo
5.5,58.3,18.8,0,0.0,Alto,15.8,aprobado
16.3,83.1,9.3,0,0.0,Bajo,13.7,en_riesgo
20.3,46.8,6.7,0,0.0,Medio,12.4,en_riesgo
11.5,90.8,10.7,0,0.0,Alto,16.6,aprobado
,62.9,17.7,0,0.0,Bajo,18.4,aprobado
26.4,93.7,14.0,1,23.0,Medio,18.1,aprobado
8.8,83.3,17.9,0,0.0,Alto,17.0,aprobado
23.2,97.6,12.8,1,29.0,Medio,17.4,aprobado
4.7,72.4,15.4,1,14.0,Bajo,11.5,en_riesgo
7.2,42.0,15.6,0,0.0,Bajo,11.2,en_riesgo
22.0,54.9,9.6,0,0.0,Medio,14.6,aprobado
11.2,68.0,18.2,1,42.0,Bajo,13.1,en_riesgo
19.6,97.1,,1,33.0,Alto,18.6,aprobado
5.9,68.4,13.2,1,17.0,Bajo,8.9,reprobado
16.5,99.4,10.2,0,0.0,Medio,15.6,aprobado
20.4,94.7,16.9,0,0.0,alto,20.0,aprobado
16.9,60.8,14.9,0,0.0,Bajo,13.4,en_riesgo
2.3,95.7,16.8,0,0.0,Alto,14.5,aprobado
13.1,69.6,6.4,1,18.0,Alto,11.7,en_riesgo
,65.0,10.9,0,0.0,Bajo,11.1,en_riesgo
20.8,62.4,15.5,1,31.0,Alto,16.6,aprobado
29.1,96.1,13.9,1,40.0,BAJO,17.7,aprobado
12.7,62.6,9.3,1,40.0,BAJO,8.9,reprobado
16.5,47.1,6.2,1,42.0,Medio,8.6,reprobado
23.9,45.3,6.4,1,0.0,Bajo,12.3,en_riesgo
25.1,73.0,19.3,0,0.0,Medio,19.2,aprobado
19.0,92.6,13.1,1,17.0,Medio,14.2,aprobado
7.6,83.9,6.0,0,0.0,MEDIO,9.2,reprobado
18.2,57.0,19.7,0,0.0,Medio,18.5,aprobado
1.4,92.6,11.2,1,9.0,Medio,10.0,reprobado
15.6,78.2,11.3,0,0.0,Medio,13.7,en_riesgo
6.0,44.4,12.5,0,0.0,Bajo,10.8,reprobado
22.9,76.4,11.0,1,28.0,Bajo,14.6,aprobado
14.8,82.9,10.3,1,28.0,Alto,14.6,aprobado
29.1,72.0,7.4,0,0.0,Medio,15.1,aprobado
10.7,72.3,5.7,1,41.0,Alto,8.3,reprobado
10.0,76.3,19.9,1,32.0,Alto,17.6,aprobado
3.3,85.0,9.1,1,34.0,Alto,10.0,reprobado
1.4,60.6,19.9,0,0.0,Medio,12.6,en_riesgo
27.3,99.7,,0,0.0,Bajo,14.5,aprobado
20.2,79.1,,0,0.0,Alto,17.4,aprobado
11.7,98.4,7.5,0,0.0,Alto,12.4,en_riesgo
20.8,85.8,17.2,1,13.0,Medio,18.5,aprobado
24.8,42.7,5.8,0,0.0,Bajo,12.9,en_riesgo
4.8,48.4,7.9,1,47.0,Alto,7.7,reprobado
25.6,70.2,18.4,0,0.0,Medio,20.0,aprobado
19.6,40.5,8.7,1,16.0,Bajo,12.1,en_riesgo
25.7,92.9,12.1,1,14.0,Medio,16.3,aprobado
9.3,53.4,19.5,1,16.0,Alto,15.8,aprobado
,87.5,14.6,0,0.0,Medio,14.7,aprobado
25.6,76.1,5.5,0,0.0,Alto,14.2,aprobado
19.7,77.6,14.4,0,0.0,Medio,18.3,aprobado
23.5,45.1,,1,38.0,Bajo,16.1,aprobado
12.8,58.5,10.6,1,14.0,Alto,11.3,en_riesgo
1.9,47.8,16.7,0,0.0,Bajo,10.1,reprobado
23.9,89.2,,1,0.0,Bajo,15.8,aprobado
8.0,49.8,9.2,1,0.0,Bajo,6.9,reprobado
26.7,74.1,17.8,1,37.0,Bajo,17.3,aprobado
,81.2,15.1,0,0.0,Medio,13.4,en_riesgo
20.1,74.4,14.0,0,0.0,Medio,16.5,aprobado
18.5,83.6,6.6,0,0.0,Medio,12.5,en_riesgo
7.0,93.8,17.6,0,0.0,Alto,15.5,aprobado
16.2,82.7,13.4,0,0.0,Bajo,14.2,aprobado
28.8,79.7,18.8,0,0.0,Medio,20.0,aprobado
20.9,59.5,9.0,0,0.0,Bajo,13.4,en_riesgo
24.4,59.5,7.8,1,42.0,Bajo,9.6,reprobado
20.1,97.9,14.9,1,17.0,Bajo,18.6,aprobado
27.2,82.6,6.3,0,0.0,Bajo,16.7,aprobado
3.1,67.5,,0,0.0,Medio,9.8,reprobado
2.7,48.9,17.7,0,0.0,medio,11.9,en_riesgo
26.7,96.2,18.9,1,33.0,Bajo,18.9,aprobado
5.2,48.2,10.9,1,44.0,Medio,6.4,reprobado
26.9,83.2,15.2,1,32.0,Bajo,18.8,aprobado
29.6,56.3,15.5,1,39.0,Bajo,17.3,aprobado
16.1,91.6,17.9,1,23.0,Bajo,17.8,aprobado
19.5,81.8,6.4,0,0.0,Bajo,10.9,reprobado
,49.9,13.6,0,0.0,Bajo,11.6,en_riesgo
1.7,78.5,18.4,0,0.0,Medio,13.5,en_riesgo
11.1,64.0,14.9,0,0.0,Bajo,13.8,en_riesgo
5.2,73.0,15.1,0,0.0,Medio,10.4,reprobado
29.0,50.3,15.5,1,33.0,Bajo,17.9,aprobado
12.4,69.2,16.0,1,17.0,Bajo,14.0,aprobado
25.5,50.2,19.7,0,0.0,Medio,16.2,aprobado
5.1,95.5,14.6,0,0.0,Alto,15.5,aprobado
25.1,92.3,19.4,0,0.0,Bajo,18.7,aprobado
,90.7,7.0,0,0.0,Bajo,11.8,en_riesgo
29.5,85.3,19.6,1,28.0,Medio,20.0,aprobado
16.5,76.3,15.8,1,16.0,Alto,17.8,aprobado
16.9,67.6,8.5,1,43.0,Bajo,9.9,reprobado
7.7,85.1,5.1,1,35.0,Bajo,8.0,reprobado
20.7,78.0,6.7,0,0.0,Medio,13.5,en_riesgo
26.8,55.5,9.3,0,0.0,Bajo,15.4,aprobado
14.2,55.6,19.3,1,42.0,Bajo,14.6,aprobado
22.4,66.4,14.3,1,15.0,Medio,15.9,aprobado
4.4,96.9,8.0,0,0.0,Medio,10.9,reprobado
15.9,58.2,16.1,1,21.0,Medio,14.0,aprobado
1.9,47.3,7.2,0,0.0,Medio,6.9,reprobado
8.6,66.6,11.6,0,0.0,Bajo,10.4,reprobado
12.9,59.8,6.1,0,0.0,Bajo,9.4,reprobado
10.2,63.2,10.0,1,29.0,Bajo,8.3,reprobado
16.0,48.8,6.6,0,0.0,Bajo,10.0,reprobado
14.9,81.1,15.3,1,12.0,Alto,14.5,aprobado
,42.0,16.3,0,0.0,Bajo,11.8,en_riesgo
16.0,45.5,6.3,0,0.0,Alto,11.6,en_riesgo
22.6,52.7,12.3,1,29.0,Bajo,13.5,en_riesgo
15.3,71.8,8.5,0,0.0,Medio,13.0,en_riesgo
6.1,81.5,9.5,0,0.0,alto,12.0,en_riesgo
4.4,51.8,15.1,0,0.0,Bajo,11.8,en_riesgo
21.2,58.1,14.3,0,0.0,BAJO,17.7,aprobado
,96.1,6.1,0,0.0,Medio,15.0,aprobado
,43.4,5.9,1,21.0,Bajo,8.7,reprobado
12.2,81.1,12.3,0,0.0,Medio,11.2,en_riesgo
17.9,45.1,19.2,0,0.0,Medio,16.9,aprobado
19.7,90.1,14.6,0,0.0,Bajo,17.4,aprobado
15.3,47.2,18.7,1,24.0,Bajo,15.3,aprobado
17.5,91.1,6.8,0,0.0,Medio,11.5,en_riesgo
15.0,40.9,8.5,0,0.0,Medio,11.2,en_riesgo
10.5,43.6,12.7,1,0.0,Medio,11.5,en_riesgo
25.6,99.0,5.8,0,0.0,Bajo,17.6,aprobado
10.0,54.7,7.0,0,0.0,BAJO,8.8,reprobado
3.9,74.6,11.0,1,47.0,Bajo,9.3,reprobado
4.9,51.5,10.5,1,35.0,Bajo,8.5,reprobado
21.5,78.3,8.4,0,0.0,Bajo,13.8,en_riesgo
23.1,85.7,7.9,0,0.0,Medio,15.7,aprobado
14.4,59.1,5.4,1,15.0,Medio,10.1,reprobado
29.4,84.1,17.9,0,0.0,Bajo,20.0,aprobado
24.1,76.5,16.4,1,45.0,alto,17.2,aprobado
26.8,93.8,,0,0.0,Medio,17.8,aprobado
28.0,42.8,5.4,0,0.0,bajo,13.2,en_riesgo
26.2,75.5,17.7,1,0.0,Medio,20.0,aprobado
16.7,95.5,15.2,0,0.0,Alto,19.0,aprobado
14.4,42.8,13.3,0,0.0,Bajo,11.7,en_riesgo
11.3,65.7,13.4,0,0.0,MEDIO,11.8,en_riesgo
,97.3,5.6,0,0.0,Alto,11.0,en_riesgo
7.3,70.4,17.5,1,35.0,Alto,15.1,aprobado
25.5,94.8,11.6,0,0.0,Bajo,16.9,aprobado
13.8,89.0,14.2,0,0.0,Medio,15.7,aprobado
23.8,53.5,6.1,0,0.0,Medio,15.7,aprobado
4.3,90.2,16.2,1,44.0,Bajo,12.9,en_riesgo
,52.5,11.2,1,42.0,Alto,9.2,reprobado
13.1,43.3,,0,0.0,Medio,15.3,aprobado
24.7,64.8,10.5,0,0.0,Alto,18.2,aprobado
8.0,64.5,6.8,0,0.0,Medio,7.6,reprobado
6.2,43.7,8.0,1,44.0,Medio,6.3,reprobado
27.5,93.8,17.3,1,9.0,Medio,20.0,aprobado
3.3,42.2,,0,0.0,Medio,8.2,reprobado
16.6,87.9,7.9,0,0.0,BAJO,12.4,en_riesgo
1.4,52.4,,0,0.0,Bajo,6.2,reprobado
3.5,63.0,15.4,0,0.0,Bajo,11.4,en_riesgo
,51.2,7.5,1,27.0,Bajo,7.6,reprobado
5.3,69.1,5.4,0,0.0,Medio,8.3,reprobado
15.1,71.3,14.3,0,0.0,Medio,16.5,aprobado
,46.2,10.9,0,0.0,Bajo,13.8,en_riesgo
9.6,41.2,5.6,0,0.0,Bajo,7.4,reprobado
9.8,94.7,6.1,0,0.0,Medio,11.1,en_riesgo
2.5,47.3,7.5,1,33.0,Alto,7.6,reprobado
5.0,71.4,6.0,1,24.0,Medio,7.1,reprobado
14.8,57.1,11.8,0,0.0,Bajo,13.4,en_riesgo
5.2,87.3,10.1,0,0.0,medio,13.1,en_riesgo
4.1,58.1,13.5,0,0.0,Medio,11.1,en_riesgo
15.3,73.1,5.0,0,0.0,bajo,11.1,en_riesgo
10.6,58.0,19.1,0,0.0,Medio,15.3,aprobado
10.7,61.9,17.8,1,8.0,Medio,13.9,en_riesgo
1.8,52.3,15.6,1,38.0,Medio,9.7,reprobado
3.4,51.4,19.5,0,0.0,Bajo,13.0,en_riesgo
,44.0,6.4,0,0.0,Bajo,8.1,reprobado
18.4,92.6,7.0,1,47.0,Medio,11.2,en_riesgo
12.9,78.2,6.0,1,41.0,Medio,8.4,reprobado
20.5,92.5,6.0,0,0.0,Bajo,12.2,en_riesgo
7.3,75.5,9.8,1,29.0,Medio,9.0,reprobado
,54.7,12.5,1,29.0,Bajo,11.3,en_riesgo
23.8,84.4,10.7,0,0.0,Medio,17.6,aprobado
28.4,91.8,19.2,0,0.0,Alto,20.0,aprobado
25.9,43.6,16.9,1,16.0,Medio,16.5,aprobado
27.8,66.8,16.9,1,30.0,Bajo,17.9,aprobado
21.6,97.7,5.4,1,33.0,Medio,13.4,en_riesgo
27.1,47.3,8.0,0,0.0,Bajo,14.7,aprobado
15.0,96.7,11.9,0,0.0,Medio,13.2,en_riesgo
10.9,53.0,8.6,0,0.0,Medio,10.7,reprobado
7.8,58.6,15.0,1,15.0,Bajo,12.8,en_riesgo
24.7,68.1,17.5,1,22.0,Bajo,17.8,aprobado
,80.4,,0,0.0,BAJO,17.7,aprobado
25.3,91.8,14.6,0,0.0,Bajo,18.7,aprobado
16.4,42.0,10.7,1,0.0,Medio,11.2,en_riesgo
16.4,76.3,6.0,1,31.0,Medio,12.1,en_riesgo
14.2,63.9,18.3,0,0.0,Alto,18.1,aprobado
27.2,91.5,14.3,0,0.0,Bajo,17.4,aprobado
22.4,68.5,15.0,1,27.0,Alto,18.3,aprobado
27.7,85.2,8.5,1,28.0,Bajo,15.6,aprobado
25.2,41.5,19.3,1,15.0,Medio,19.1,aprobado
10.4,99.7,16.1,0,0.0,Medio,15.0,aprobado
19.3,77.4,9.4,1,46.0,Bajo,11.3,en_riesgo
19.8,88.7,14.2,0,0.0,Medio,15.5,aprobado
28.5,63.4,9.8,1,44.0,Medio,15.4,aprobado
27.6,45.4,11.4,0,0.0,Medio,16.7,aprobado
,41.0,11.9,0,0.0,Alto,16.0,aprobado
28.0,92.5,7.8,0,0.0,Medio,16.3,aprobado
7.2,94.9,10.1,1,46.0,Medio,9.0,reprobado
20.3,53.7,12.6,0,0.0,Medio,15.1,aprobado
7.3,66.0,16.5,1,19.0,Bajo,11.9,en_riesgo
11.0,66.4,5.6,0,0.0,Alto,12.1,en_riesgo
9.5,85.8,13.0,1,19.0,Medio,13.7,en_riesgo
4.2,94.7,14.3,1,41.0,Bajo,10.5,reprobado
16.1,52.9,17.3,0,0.0,Medio,16.9,aprobado
19.5,64.0,7.1,1,18.0,Bajo,12.0,en_riesgo
27.0,48.6,10.8,0,0.0,Bajo,14.3,aprobado
2.4,66.2,5.8,0,0.0,Medio,6.7,reprobado
20.4,63.1,11.9,0,0.0,Bajo,14.8,aprobado
23.5,91.0,12.3,1,15.0,alto,17.1,aprobado
23.4,47.7,18.3,0,0.0,Bajo,17.6,aprobado
14.5,81.8,9.4,1,8.0,Medio,12.9,en_riesgo
22.1,57.7,17.2,0,0.0,Medio,19.8,aprobado
5.1,72.4,11.7,0,0.0,Alto,12.1,en_riesgo
6.0,40.0,11.6,1,22.0,Bajo,4.5,reprobado
3.9,81.6,12.8,0,0.0,Medio,12.1,en_riesgo
,60.3,6.9,1,10.0,Bajo,7.9,reprobado
25.6,73.2,9.5,0,0.0,BAJO,13.8,en_riesgo
6.1,93.8,15.9,0,0.0,Bajo,12.7,en_riesgo
14.7,77.7,7.0,1,10.0,Bajo,11.1,en_riesgo
,62.9,19.6,0,0.0,Medio,14.4,aprobado
5.0,82.6,16.6,1,15.0,Medio,13.0,en_riesgo
2.2,93.0,9.7,1,14.0,Bajo,5.7,reprobado
17.1,42.4,13.1,0,0.0,Medio,15.0,aprobado
10.0,60.2,,1,43.0,Medio,9.1,reprobado
20.6,45.5,15.7,1,25.0,Bajo,14.8,aprobado
16.6,96.0,13.2,0,0.0,Alto,18.1,aprobado
18.4,76.7,6.1,0,0.0,Alto,12.8,en_riesgo
15.4,73.8,17.7,1,39.0,Medio,16.1,aprobado
28.6,95.4,,0,0.0,Medio,19.4,aprobado
3.1,65.1,7.7,0,0.0,Alto,8.2,reprobado
6.1,74.0,,0,0.0,Medio,14.4,aprobado
,92.9,12.5,1,38.0,Alto,14.1,aprobado
9.1,73.0,11.4,0,0.0,Medio,10.7,reprobado
13.4,49.4,13.3,0,0.0,Medio,10.0,reprobado
22.0,58.7,11.7,0,0.0,Medio,14.0,aprobado
10.5,44.7,12.3,0,0.0,Bajo,13.7,en_riesgo
19.0,67.9,10.1,0,0.0,Bajo,12.7,en_riesgo
9.3,93.1,17.5,0,0.0,Bajo,15.2,aprobado
16.9,76.1,7.1,1,43.0,Alto,12.4,en_riesgo
15.5,54.3,11.4,0,0.0,Medio,12.2,en_riesgo
23.7,66.1,6.6,0,0.0,Bajo,12.9,en_riesgo
,82.8,8.1,0,0.0,Medio,10.9,reprobado
3.3,95.1,17.0,1,39.0,Medio,10.8,reprobado
16.3,60.7,,0,0.0,Medio,12.9,en_riesgo
26.9,87.0,17.6,1,15.0,Bajo,18.4,aprobado
23.9,98.3,17.4,0,0.0,Medio,20.0,aprobado
25.2,94.1,16.6,0,0.0,Bajo,20.0,aprobado
22.5,83.2,11.0,1,31.0,Alto,16.6,aprobado
18.0,81.6,17.8,1,20.0,Alto,16.7,aprobado
11.9,75.4,11.5,0,0.0,Bajo,13.3,en_riesgo
17.8,69.9,18.2,0,0.0,Medio,19.8,aprobado
12.1,43.9,9.5,0,0.0,Medio,10.0,reprobado
26.6,43.2,15.2,0,0.0,Bajo,15.7,aprobado
27.1,92.2,,1,24.0,Medio,18.1,aprobado
16.8,56.4,5.1,0,0.0,Alto,11.9,en_riesgo
11.7,63.9,9.2,0,0.0,Alto,12.3,en_riesgo
14.7,77.0,5.7,0,0.0,Medio,8.9,reprobado
1.9,71.6,8.1,1,16.0,Medio,8.4,reprobado
2.7,78.5,15.6,1,32.0,Medio,11.6,en_riesgo
13.9,84.5,6.2,1,9.0,BAJO,12.1,en_riesgo
15.4,96.0,7.0,0,0.0,Medio,10.3,reprobado
14.9,77.0,10.9,0,0.0,Medio,12.5,en_riesgo
13.6,94.0,13.2,0,0.0,Medio,17.1,aprobado
21.6,81.9,16.7,1,27.0,Alto,16.9,aprobado
25.5,95.1,8.2,1,15.0,Medio,16.1,aprobado
13.0,46.2,8.5,1,18.0,Bajo,9.0,reprobado
10.3,53.2,19.9,0,0.0,Bajo,15.1,aprobado
13.8,70.2,10.0,0,0.0,Medio,12.2,en_riesgo
16.6,54.7,16.6,1,19.0,Medio,15.6,aprobado
26.1,58.2,19.2,1,37.0,Medio,18.8,aprobado
27.9,83.3,16.3,0,0.0,Bajo,18.5,aprobado
18.2,45.6,9.4,0,0.0,medio,12.1,en_riesgo
11.5,99.4,9.5,0,0.0,Bajo,13.0,en_riesgo
16.8,84.0,8.4,0,0.0,Alto,13.6,en_riesgo
16.7,65.9,8.1,0,0.0,BAJO,10.7,reprobado
11.4,88.4,5.7,0,0.0,Medio,10.9,reprobado
4.3,93.0,9.1,0,0.0,Bajo,9.1,reprobado
25.2,59.6,18.4,1,33.0,Alto,18.3,aprobado
27.4,70.0,18.2,0,0.0,Alto,20.0,aprobado
23.2,70.8,9.8,1,38.0,Bajo,12.7,en_riesgo
29.6,68.2,9.2,0,0.0,Medio,18.4,aprobado
12.0,80.0,15.8,1,23.0,Medio,13.5,en_riesgo
12.2,97.8,5.0,1,8.0,Medio,9.9,reprobado
5.3,76.6,14.6,0,0.0,Medio,11.4,en_riesgo
4.7,52.5,9.5,1,39.0,Bajo,7.5,reprobado
20.1,65.5,19.6,0,0.0,Medio,20.0,aprobado
20.5,94.3,19.7,1,46.0,Medio,17.7,aprobado
19.3,64.0,9.1,0,0.0,Alto,14.9,aprobado
14.4,89.5,14.1,0,0.0,Alto,17.9,aprobado
7.1,72.3,7.7,0,0.0,Medio,8.3,reprobado
7.8,86.9,19.1,0,0.0,Medio,18.0,aprobado
7.0,70.5,16.3,0,0.0,Alto,15.5,aprobado
29.2,68.8,14.8,1,15.0,Medio,20.0,aprobado
24.4,94.6,15.1,1,31.0,Medio,18.8,aprobado
8.7,96.3,14.9,0,0.0,Medio,15.7,aprobado
3.0,46.4,10.1,0,0.0,Medio,7.0,reprobado
11.7,51.7,,0,0.0,Bajo,10.3,reprobado
20.4,60.8,10.8,0,0.0,MEDIO,13.7,en_riesgo
3.9,99.2,18.8,1,12.0,ALTO,15.3,aprobado
13.9,44.3,5.2,0,0.0,Bajo,10.7,reprobado
11.0,52.0,5.5,1,45.0,Bajo,7.0,reprobado
13.6,83.6,,0,0.0,Bajo,10.6,reprobado
9.7,94.3,14.2,1,22.0,Medio,12.6,en_riesgo
10.9,89.4,10.0,0,0.0,Alto,13.9,en_riesgo
24.8,46.0,6.8,1,8.0,Bajo,13.8,en_riesgo
3.3,77.3,,0,0.0,Medio,13.0,en_riesgo
17.4,44.0,11.0,0,0.0,Medio,14.3,aprobado
30.0,44.6,14.8,1,34.0,Medio,14.9,aprobado
4.5,75.9,18.7,1,46.0,Alto,14.3,aprobado
13.0,88.0,5.0,1,8.0,Bajo,8.1,reprobado
5.6,92.1,12.8,1,14.0,Alto,12.2,en_riesgo
5.9,53.5,10.8,0,0.0,Alto,10.6,reprobado
8.0,80.0,15.3,1,26.0,Bajo,9.7,reprobado
6.1,65.4,16.9,1,26.0,Bajo,11.8,en_riesgo
17.2,56.6,17.8,0,0.0,Bajo,15.8,aprobado
5.9,99.2,6.5,1,28.0,Medio,9.8,reprobado
17.0,74.8,15.3,0,0.0,Alto,19.2,aprobado
1.1,58.8,16.2,1,41.0,Medio,9.3,reprobado
23.8,93.4,16.5,1,31.0,Medio,18.4,aprobado
6.2,57.1,17.7,1,20.0,Medio,13.4,en_riesgo
23.4,95.4,8.7,0,0.0,Bajo,15.9,aprobado
15.8,63.4,,0,0.0,Alto,16.8,aprobado
22.5,53.3,13.4,0,0.0,Alto,16.9,aprobado
27.4,90.6,8.9,0,0.0,Bajo,16.1,aprobado
18.8,77.1,14.1,0,0.0,Medio,16.9,aprobado
8.1,40.7,6.1,0,0.0,Medio,8.2,reprobado
22.3,79.5,19.9,0,0.0,Bajo,19.7,aprobado
22.5,70.4,19.2,1,46.0,Medio,18.3,aprobado
26.2,77.3,19.7,0,0.0,Alto,20.0,aprobado
14.4,72.5,8.5,1,27.0,Bajo,8.9,reprobado
24.8,99.9,12.1,1,47.0,Medio,15.8,aprobado
3.3,46.5,5.9,0,0.0,Alto,8.9,reprobado
25.5,68.3,12.4,0,0.0,Alto,18.0,aprobado
26.3,72.5,7.2,0,0.0,Medio,14.1,aprobado
27.5,66.1,11.0,0,0.0,Alto,17.2,aprobado
27.4,63.3,19.4,0,0.0,Medio,19.7,aprobado
14.6,70.0,6.7,0,0.0,Medio,9.7,reprobado
11.4,64.8,5.0,1,25.0,Alto,10.0,reprobado
12.1,46.6,7.5,0,0.0,Medio,10.0,reprobado
29.6,67.9,10.3,1,40.0,Bajo,16.1,aprobado
5.0,43.2,,0,0.0,MEDIO,10.9,reprobado
14.0,81.1,,0,0.0,Medio,16.9,aprobado
17.6,52.2,,1,30.0,Bajo,15.2,aprobado
12.1,40.8,15.2,1,11.0,Alto,13.8,en_riesgo
18.0,76.1,,0,0.0,Medio,16.8,aprobado
11.6,52.1,9.8,1,35.0,Bajo,10.9,reprobado
11.9,61.3,6.0,0,0.0,Bajo,6.7,reprobado
24.3,51.2,8.1,1,12.0,Medio,12.8,en_riesgo
9.5,52.1,5.1,0,0.0,Alto,7.9,reprobado
22.6,66.8,12.1,1,44.0,Medio,15.0,aprobado
17.9,57.6,7.7,1,45.0,Medio,12.1,en_riesgo
22.3,74.7,18.9,1,40.0,Bajo,19.0,aprobado
3.0,59.6,18.0,1,14.0,Medio,11.7,en_riesgo
16.0,66.8,19.4,1,38.0,Medio,16.6,aprobado
,66.0,14.9,1,39.0,Medio,11.0,en_riesgo
25.9,91.5,15.1,0,0.0,Medio,20.0,aprobado
21.7,59.6,,0,0.0,Medio,15.8,aprobado
28.5,42.4,12.6,0,0.0,Bajo,18.0,aprobado
17.9,66.6,12.2,1,26.0,Bajo,13.5,en_riesgo
7.8,90.4,17.2,1,28.0,Bajo,13.8,en_riesgo
13.8,49.4,11.9,1,20.0,Medio,13.4,en_riesgo
20.3,87.4,8.0,0,0.0,Medio,15.0,aprobado
14.3,51.3,19.5,1,33.0,Alto,13.6,en_riesgo
25.2,54.2,10.6,0,0.0,Bajo,16.4,aprobado
27.5,96.6,9.9,0,0.0,Medio,18.8,aprobado
4.4,78.6,11.8,0,0.0,Bajo,8.2,reprobado
4.1,65.1,11.6,0,0.0,Medio,10.7,reprobado
,83.2,14.0,0,0.0,Medio,16.8,aprobado
29.7,73.5,18.1,1,11.0,Bajo,20.0,aprobado
2.8,60.6,15.5,0,0.0,BAJO,10.4,reprobado
9.8,73.9,5.0,0,0.0,Medio,8.7,reprobado
26.1,82.6,12.3,1,18.0,Medio,15.7,aprobado
24.5,80.3,7.3,1,42.0,Medio,11.2,en_riesgo
27.8,77.8,10.8,1,42.0,Medio,15.6,aprobado
12.6,75.4,12.4,0,0.0,Alto,16.7,aprobado
25.4,76.3,16.5,1,42.0,Alto,20.0,aprobado
12.4,91.0,17.2,1,30.0,Bajo,15.6,aprobado
24.1,76.5,16.4,1,45.0,alto,17.2,aprobado
19.0,77.5,19.8,1,32.0,Bajo,17.2,aprobado
,89.8,,0,0.0,Bajo,20.0,aprobado
4.5,57.1,12.7,0,0.0,Medio,11.0,en_riesgo
3.8,46.8,11.4,0,0.0,Medio,8.3,reprobado
19.0,88.7,18.9,0,0.0,Bajo,20.0,aprobado
17.3,65.7,7.2,0,0.0,Bajo,12.2,en_riesgo
,82.7,9.3,0,0.0,Alto,11.3,en_riesgo
,51.2,8.9,0,0.0,Medio,6.3,reprobado
5.1,44.6,10.9,0,0.0,Bajo,7.6,reprobado
16.4,55.9,10.3,1,20.0,Bajo,12.2,en_riesgo
11.5,40.8,7.4,1,15.0,Medio,7.4,reprobado
21.1,97.9,11.4,0,0.0,Medio,14.9,aprobado
28.5,88.6,,0,0.0,Alto,20.0,aprobado
29.6,98.6,14.5,1,28.0,Medio,19.8,aprobado
8.5,60.9,9.6,0,0.0,Bajo,12.2,en_riesgo
11.1,53.2,12.8,0,0.0,Medio,11.5,en_riesgo
2.5,86.6,7.0,1,15.0,Medio,10.9,reprobado
5.9,82.6,,0,0.0,Bajo,10.0,reprobado
,57.2,17.4,0,0.0,Alto,12.1,en_riesgo
3.4,98.9,19.5,0,0.0,Medio,15.6,aprobado
18.6,41.9,15.2,1,30.0,Alto,12.9,en_riesgo
28.7,55.7,10.3,0,0.0,Medio,16.4,aprobado
28.9,93.3,6.8,0,0.0,Alto,18.1,aprobado
,49.1,19.0,0,0.0,ALTO,17.4,aprobado
,83.3,10.8,1,33.0,Medio,13.8,en_riesgo
1.5,70.3,5.0,0,0.0,Medio,6.1,reprobado
13.0,73.3,5.1,1,43.0,Medio,8.8,reprobado
12.3,41.0,11.3,0,0.0,Medio,10.7,reprobado
14.1,71.2,15.5,0,0.0,Medio,14.2,aprobado
24.5,67.5,9.5,1,27.0,Alto,16.0,aprobado
21.3,46.4,7.2,0,0.0,Medio,13.5,en_riesgo
15.8,57.0,16.0,1,26.0,Bajo,13.2,en_riesgo
13.7,48.3,6.3,0,0.0,Alto,13.2,en_riesgo
8.1,43.8,16.3,1,42.0,Bajo,10.9,reprobado
12.9,99.4,14.5,1,47.0,Bajo,13.3,en_riesgo
22.4,45.4,13.8,1,35.0,Alto,14.8,aprobado
11.7,94.1,16.2,0,0.0,Medio,17.3,aprobado
21.8,51.0,9.8,0,0.0,Medio,13.6,en_riesgo
4.6,52.8,17.9,0,0.0,Bajo,12.9,en_riesgo
23.1,45.6,12.1,1,35.0,Medio,13.2,en_riesgo
15.8,86.6,9.1,0,0.0,Alto,14.3,aprobado
4.9,81.4,18.4,1,16.0,Bajo,15.7,aprobado
7.8,77.4,7.3,1,25.0,Medio,9.3,reprobado
24.8,55.4,5.2,1,41.0,Bajo,9.0,reprobado
21.6,99.8,7.9,1,45.0,Bajo,13.6,en_riesgo
20.0,52.0,7.4,1,8.0,Medio,12.3,en_riesgo
9.8,66.8,6.1,0,0.0,Medio,9.1,reprobado
21.2,57.9,15.2,1,9.0,Bajo,17.3,aprobado
19.5,40.7,11.8,0,0.0,Alto,14.4,aprobado
19.2,96.3,15.5,0,0.0,Medio,18.1,aprobado
3.0,66.5,17.0,0,0.0,Medio,11.6,en_riesgo
4.4,42.3,6.2,0,0.0,Bajo,5.6,reprobado
6.2,76.4,,0,0.0,Bajo,12.5,en_riesgo
26.4,56.2,9.7,0,0.0,Medio,17.8,aprobado
15.9,79.4,,1,36.0,Alto,14.5,aprobado
10.6,68.1,6.1,0,0.0,Medio,9.7,reprobado
22.4,56.7,6.9,1,19.0,Medio,11.1,en_riesgo
2.0,73.2,15.8,0,0.0,Medio,11.5,en_riesgo
2.7,70.8,15.1,0,0.0,Bajo,11.5,en_riesgo
9.7,42.1,16.9,1,10.0,Medio,12.9,en_riesgo
28.8,87.1,7.2,0,0.0,Bajo,15.8,aprobado
14.9,90.3,11.9,0,0.0,Medio,13.6,en_riesgo
16.9,86.8,15.1,1,32.0,Bajo,16.5,aprobado
4.9,98.6,,0,0.0,Bajo,11.9,en_riesgo
13.7,63.4,5.4,0,0.0,Alto,11.1,en_riesgo
,98.3,11.7,1,41.0,Bajo,15.4,aprobado
29.9,68.5,15.8,1,9.0,Alto,20.0,aprobado
,72.7,9.1,1,8.0,Medio,14.9,aprobado
2.4,64.5,13.2,1,42.0,Medio,8.1,reprobado
25.8,64.8,7.4,1,42.0,Bajo,13.6,en_riesgo
24.0,54.2,10.2,0,0.0,Alto,14.5,aprobado
15.2,95.3,9.9,1,45.0,Alto,14.0,aprobado
2.4,69.1,12.4,0,0.0,Medio,10.5,reprobado
25.9,79.4,8.7,0,0.0,Medio,16.9,aprobado
5.7,72.1,17.5,1,11.0,Alto,15.2,aprobado
2.6,59.1,16.3,0,0.0,Medio,9.6,reprobado
17.8,86.3,10.2,0,0.0,Bajo,14.7,aprobado
16.9,81.9,18.9,1,24.0,Alto,17.8,aprobado
12.5,79.2,16.5,1,20.0,Medio,14.4,aprobado
,99.9,14.9,0,0.0,Medio,14.1,aprobado
28.4,65.0,5.7,0,0.0,Medio,13.9,en_riesgo
26.1,49.2,13.9,1,21.0,Medio,15.7,aprobado
27.3,88.3,18.1,1,32.0,Medio,20.0,aprobado
20.2,79.6,,0,0.0,Medio,11.6,en_riesgo
16.2,69.0,13.5,1,29.0,Medio,15.6,aprobado
1.4,91.4,10.3,0,0.0,Bajo,11.1,en_riesgo
14.1,43.6,13.9,0,0.0,medio,13.0,en_riesgo
18.5,45.8,8.9,0,0.0,Medio,12.8,en_riesgo
30.0,51.0,9.3,0,0.0,Medio,17.4,aprobado
23.2,82.8,7.9,0,0.0,Bajo,13.9,en_riesgo
11.0,52.6,18.0,0,0.0,Bajo,13.7,en_riesgo
14.9,51.1,7.5,0,0.0,Alto,12.3,en_riesgo
21.2,69.8,14.6,0,0.0,Alto,19.8,aprobado
5.4,62.5,13.5,0,0.0,Bajo,8.3,reprobado
7.0,54.2,,0,0.0,Medio,13.7,en_riesgo
,45.5,5.3,0,0.0,Medio,7.2,reprobado
10.6,87.3,9.4,0,0.0,Alto,13.0,en_riesgo
1.8,50.4,,1,26.0,Medio,3.3,reprobado
16.2,54.8,6.5,0,0.0,Bajo,10.5,reprobado
7.0,89.3,13.8,1,16.0,Medio,12.3,en_riesgo
,51.7,19.5,1,30.0,MEDIO,10.7,reprobado
21.0,90.9,12.8,0,0.0,Alto,18.7,aprobado
16.0,61.0,10.5,1,0.0,Medio,10.7,reprobado
3.4,63.8,16.5,1,24.0,Medio,13.0,en_riesgo
16.0,91.9,6.0,0,0.0,Bajo,12.7,en_riesgo
12.8,84.6,19.4,1,29.0,Bajo,14.8,aprobado
4.3,68.5,15.8,0,0.0,Medio,11.3,en_riesgo
29.3,54.0,15.3,0,0.0,Medio,17.4,aprobado
20.3,66.9,5.1,0,0.0,Bajo,10.0,reprobado
20.5,73.3,7.0,1,37.0,Bajo,12.0,en_riesgo
19.8,76.7,8.0,1,31.0,Bajo,13.4,en_riesgo
12.7,83.6,6.8,0,0.0,Medio,11.9,en_riesgo
21.3,80.1,,1,34.0,Bajo,14.1,aprobado
21.9,40.2,8.9,0,0.0,Bajo,14.2,aprobado
5.8,94.1,13.9,0,0.0,Alto,13.0,en_riesgo
10.6,55.0,9.2,0,0.0,Medio,9.8,reprobado
19.5,78.4,,1,37.0,Medio,13.7,en_riesgo
23.0,87.6,6.1,1,34.0,Medio,12.7,en_riesgo
20.4,40.0,15.4,1,31.0,Medio,13.6,en_riesgo
8.1,48.2,13.8,1,36.0,Medio,12.5,en_riesgo
29.1,61.5,18.7,1,39.0,Medio,16.3,aprobado
27.5,60.3,15.6,0,0.0,Medio,17.7,aprobado
2.6,73.2,5.8,1,9.0,Bajo,4.5,reprobado
9.0,63.8,16.3,1,41.0,Medio,13.7,en_riesgo
25.2,90.5,10.1,0,0.0,Bajo,15.0,aprobado
18.4,62.3,16.3,1,43.0,Medio,17.2,aprobado
9.7,85.8,5.5,1,15.0,Alto,10.6,reprobado
8.3,46.0,19.4,0,0.0,Medio,15.6,aprobado
22.9,84.2,8.7,0,0.0,medio,16.5,aprobado
27.8,62.7,11.3,1,24.0,Alto,18.2,aprobado
14.0,95.7,13.1,1,27.0,MEDIO,15.3,aprobado
22.9,90.9,17.4,0,0.0,Medio,20.0,aprobado
1.6,57.3,14.7,1,42.0,Alto,8.9,reprobado
15.9,97.3,16.4,1,15.0,Medio,15.2,aprobado
6.4,59.7,,1,35.0,Medio,10.5,reprobado
23.2,92.4,8.2,0,0.0,Alto,16.3,aprobado
24.4,57.5,6.5,1,30.0,Bajo,11.9,en_riesgo
7.7,52.9,13.1,1,20.0,Medio,10.8,reprobado
16.1,82.1,8.5,0,0.0,Alto,14.2,aprobado
11.4,66.1,10.9,1,28.0,Bajo,8.3,reprobado
9.6,65.4,15.8,0,0.0,Medio,15.7,aprobado
11.0,52.0,19.5,0,0.0,Alto,15.9,aprobado
17.3,67.8,16.2,0,0.0,Medio,16.0,aprobado
12.4,55.3,18.0,0,0.0,Medio,14.1,aprobado
20.6,59.7,19.0,0,0.0,Medio,20.0,aprobado
13.0,49.0,14.3,0,0.0,Medio,12.8,en_riesgo
15.1,59.7,19.8,1,24.0,Medio,13.9,en_riesgo
11.0,74.7,18.2,1,18.0,Bajo,14.2,aprobado
14.1,51.5,6.9,1,36.0,Medio,9.1,reprobado
12.1,65.3,11.8,1,47.0,Medio,10.2,reprobado
29.6,63.7,19.1,0,0.0,Medio,20.0,aprobado
7.9,93.2,11.3,0,0.0,Medio,13.4,en_riesgo
18.2,40.5,14.5,0,0.0,medio,17.4,aprobado
5.2,88.5,5.2,0,0.0,Medio,8.4,reprobado
18.6,75.3,19.8,0,0.0,Alto,20.0,aprobado
23.4,70.2,12.7,1,41.0,Medio,14.1,aprobado
24.3,96.0,16.2,1,25.0,Bajo,18.6,aprobado
3.1,95.3,11.3,1,47.0,Bajo,10.0,reprobado
17.0,99.9,8.0,1,31.0,Alto,15.5,aprobado
9.0,40.9,5.5,0,0.0,Medio,8.0,reprobado
27.8,69.0,10.0,1,43.0,Bajo,13.9,en_riesgo
2.1,59.6,19.8,1,25.0,Medio,12.0,en_riesgo
,67.6,,0,0.0,Bajo,10.9,reprobado
17.6,87.7,9.9,0,0.0,Medio,15.7,aprobado
4.5,44.0,11.7,1,21.0,Medio,9.8,reprobado
9.9,82.9,17.5,0,0.0,Bajo,14.5,aprobado
5.3,95.9,12.3,1,32.0,Alto,12.5,en_riesgo
13.4,40.5,13.7,1,44.0,Bajo,9.5,reprobado
26.9,99.8,15.2,0,0.0,Bajo,19.3,aprobado
25.8,57.5,7.3,0,0.0,Alto,15.7,aprobado
9.8,75.8,18.4,0,0.0,Medio,13.4,en_riesgo
22.3,64.8,7.7,0,0.0,Medio,13.9,en_riesgo
,55.8,17.2,1,8.0,Alto,18.4,aprobado
24.9,80.4,16.5,0,0.0,Bajo,20.0,aprobado
11.7,97.1,7.8,0,0.0,Alto,14.5,aprobado
6.7,68.8,18.1,0,0.0,Bajo,12.6,en_riesgo
18.4,93.7,6.6,0,0.0,Medio,12.8,en_riesgo
17.5,64.8,12.0,1,41.0,Bajo,13.1,en_riesgo
9.7,63.7,5.0,1,18.0,Alto,8.6,reprobado
9.3,99.0,18.2,1,29.0,Medio,15.2,aprobado
29.0,43.1,,0,0.0,MEDIO,15.7,aprobado
4.0,40.5,19.1,0,0.0,Bajo,11.2,en_riesgo
12.6,69.2,5.3,0,0.0,Medio,9.0,reprobado
27.6,85.1,6.7,1,21.0,MEDIO,17.6,aprobado
17.2,99.2,16.2,0,0.0,Bajo,18.2,aprobado
7.1,98.6,14.6,0,0.0,Bajo,11.9,en_riesgo
27.4,98.9,16.7,1,39.0,Medio,20.0,aprobado
5.7,57.9,6.9,1,37.0,Medio,7.9,reprobado
23.2,90.6,9.6,1,35.0,Bajo,13.9,en_riesgo
11.0,77.1,13.0,0,0.0,Medio,14.5,aprobado
,47.8,7.0,1,28.0,Bajo,11.8,en_riesgo
8.6,42.8,10.7,1,38.0,Bajo,7.8,reprobado
24.8,78.9,9.4,0,0.0,bajo,16.0,aprobado
3.9,54.6,13.6,1,14.0,Medio,9.6,reprobado
2.7,74.9,6.1,0,0.0,MEDIO,8.4,reprobado
18.7,79.6,17.0,1,37.0,Bajo,14.2,aprobado
26.4,95.8,12.2,1,24.0,Bajo,17.2,aprobado
28.9,86.7,9.5,0,0.0,Bajo,16.6,aprobado
9.4,93.3,15.0,0,0.0,Alto,16.6,aprobado
28.4,93.0,17.3,1,45.0,Bajo,20.0,aprobado
19.9,99.5,,1,46.0,Medio,15.2,aprobado
17.9,81.0,11.2,0,0.0,Medio,16.2,aprobado
,80.9,15.4,0,0.0,Bajo,19.6,aprobado
5.1,48.1,15.5,1,0.0,Medio,8.8,reprobado
18.2,93.7,12.8,0,0.0,Alto,17.0,aprobado
,90.9,13.5,0,0.0,Bajo,12.8,en_riesgo
4.8,56.6,11.0,0,0.0,Bajo,11.5,en_riesgo
22.2,58.0,7.4,0,0.0,Bajo,11.6,en_riesgo
13.7,60.2,13.5,1,42.0,Alto,12.6,en_riesgo
26.5,52.5,12.3,1,19.0,Medio,13.7,en_riesgo
7.6,66.7,13.8,0,0.0,Alto,14.0,aprobado
14.8,84.3,7.9,1,33.0,Bajo,11.4,en_riesgo
7.9,78.7,17.5,1,44.0,Medio,14.1,aprobado
6.3,86.8,,0,0.0,Bajo,14.6,aprobado
25.8,44.1,12.9,0,0.0,Alto,17.1,aprobado
7.8,52.3,15.6,1,22.0,Bajo,7.5,reprobado
17.8,92.8,,0,0.0,Medio,14.3,aprobado
9.1,73.2,13.3,1,8.0,Bajo,12.6,en_riesgo
6.6,62.0,17.9,1,35.0,Bajo,10.2,reprobado
23.7,59.2,15.0,0,0.0,Medio,18.5,aprobado
28.2,55.5,16.4,1,46.0,Medio,17.0,aprobado
21.1,42.6,19.2,1,11.0,Bajo,16.0,aprobado
23.0,50.6,18.2,0,0.0,Medio,18.6,aprobado
,56.1,12.1,1,40.0,Alto,7.0,reprobado
2.1,54.5,14.6,0,0.0,Medio,10.9,reprobado
2.3,89.8,5.4,1,12.0,Medio,5.1,reprobado
,80.2,10.9,1,13.0,Bajo,12.4,en_riesgo
17.0,96.1,19.5,0,0.0,Alto,18.2,aprobado
12.8,52.1,7.7,0,0.0,Medio,11.5,en_riesgo
23.3,78.0,13.4,0,0.0,Alto,19.3,aprobado
19.5,88.9,10.0,0,0.0,Medio,14.1,aprobado
24.6,66.0,11.9,1,10.0,Alto,17.4,aprobado
6.9,55.7,19.9,0,0.0,Medio,12.5,en_riesgo
4.6,71.4,8.6,1,38.0,Medio,8.0,reprobado
,78.2,5.5,0,0.0,Medio,9.7,reprobado
27.2,48.2,18.4,1,37.0,Medio,18.1,aprobado
,86.5,19.4,1,30.0,Alto,19.2,aprobado
18.0,43.3,7.0,0,0.0,Bajo,9.8,reprobado
3.4,97.4,6.3,0,0.0,Bajo,9.2,reprobado
23.4,56.9,18.0,1,25.0,Medio,17.3,aprobado
21.1,82.8,19.1,1,34.0,Bajo,17.7,aprobado
17.5,46.1,8.9,1,12.0,Medio,11.9,en_riesgo
3.2,92.4,11.0,0,0.0,Alto,13.6,en_riesgo
19.3,61.6,14.7,1,32.0,Alto,14.8,aprobado
9.3,57.1,7.8,0,0.0,Medio,10.0,reprobado
25.7,48.2,13.1,1,10.0,Bajo,15.0,aprobado
,57.0,9.9,1,9.0,Medio,13.6,en_riesgo
9.6,60.7,14.2,1,20.0,Medio,11.0,en_riesgo
24.9,44.4,6.9,1,26.0,Medio,12.8,en_riesgo
21.4,46.0,9.3,0,0.0,Alto,16.4,aprobado
5.2,77.8,11.6,0,0.0,Bajo,10.8,reprobado
14.1,95.0,13.3,1,43.0,Medio,14.1,aprobado
12.1,89.9,9.6,1,33.0,Bajo,10.9,reprobado
17.3,59.9,8.7,1,9.0,Medio,12.5,en_riesgo
18.2,53.7,10.8,0,0.0,Medio,13.0,en_riesgo
14.8,55.2,8.8,1,13.0,Bajo,10.4,reprobado
19.1,92.7,12.1,1,19.0,Medio,17.2,aprobado
24.4,71.8,14.7,1,14.0,Medio,17.5,aprobado
15.0,48.8,7.7,0,0.0,Bajo,11.1,en_riesgo
7.6,68.6,18.1,1,41.0,Bajo,14.0,aprobado
22.5,61.0,6.7,1,23.0,Medio,13.1,en_riesgo
21.4,71.3,5.2,0,0.0,Medio,12.9,en_riesgo
7.9,83.8,6.4,0,0.0,Medio,10.0,reprobado
10.3,44.7,5.2,1,18.0,Medio,8.0,reprobado
11.6,71.3,12.4,1,33.0,Bajo,10.4,reprobado
3.4,73.3,9.4,1,22.0,Medio,6.2,reprobado
23.0,61.8,19.1,1,15.0,Bajo,18.9,aprobado
11.0,86.7,,0,0.0,Bajo,18.3,aprobado
20.0,75.5,11.1,0,0.0,Medio,14.7,aprobado
3.5,41.7,17.7,0,0.0,Medio,13.3,en_riesgo
26.7,78.8,9.3,0,0.0,Bajo,12.6,en_riesgo
6.7,73.2,13.6,0,0.0,Alto,14.7,aprobado
23.0,55.8,19.7,1,41.0,Medio,17.5,aprobado
9.7,41.5,,1,35.0,Medio,6.6,reprobado
8.0,60.5,11.1,1,46.0,Medio,10.5,reprobado
22.6,49.8,19.9,0,0.0,ALTO,20.0,aprobado
6.4,84.5,19.8,1,30.0,Alto,14.6,aprobado
,84.0,15.4,1,47.0,Medio,11.0,en_riesgo
6.3,73.0,6.4,1,10.0,Medio,9.3,reprobado
28.1,91.7,19.5,1,29.0,Medio,20.0,aprobado
7.0,56.6,9.6,0,0.0,Alto,10.7,reprobado
8.9,60.7,5.3,0,0.0,Alto,8.7,reprobado
27.7,72.0,,1,33.0,Medio,13.8,en_riesgo
20.0,75.7,18.8,1,44.0,Bajo,15.6,aprobado
1.2,70.4,19.9,0,0.0,Medio,12.2,en_riesgo
16.2,54.3,,0,0.0,Medio,14.3,aprobado
3.4,96.1,17.7,1,8.0,Alto,14.8,aprobado
29.3,68.3,,0,0.0,Bajo,14.5,aprobado
25.2,94.5,16.8,1,47.0,Medio,17.5,aprobado
,87.5,7.4,1,41.0,Bajo,9.6,reprobado
27.8,64.5,13.7,0,0.0,Bajo,19.3,aprobado
,54.6,10.9,0,0.0,Bajo,14.0,aprobado
28.3,45.7,6.0,1,41.0,Alto,13.5,en_riesgo
10.0,49.7,12.4,0,0.0,Medio,14.5,aprobado
16.2,70.9,18.0,1,15.0,Alto,17.0,aprobado
17.1,62.8,16.5,1,26.0,Medio,15.1,aprobado
20.3,95.2,15.5,1,46.0,Bajo,16.2,aprobado
8.3,97.6,10.2,0,0.0,Medio,13.7,en_riesgo
5.8,81.0,9.7,0,0.0,Bajo,7.3,reprobado
5.8,98.2,12.4,0,0.0,Bajo,12.8,en_riesgo
12.1,95.7,16.5,1,15.0,Medio,17.0,aprobado
2.1,87.5,6.2,1,36.0,Medio,6.9,reprobado
19.8,60.1,9.5,0,0.0,Alto,14.7,aprobado
14.7,63.4,9.9,1,29.0,Bajo,10.3,reprobado
23.9,80.6,13.7,0,0.0,Medio,17.2,aprobado
26.6,79.8,10.9,1,21.0,Medio,15.8,aprobado
12.4,54.6,18.3,0,0.0,Medio,15.7,aprobado
,42.1,16.8,0,0.0,Medio,16.1,aprobado
17.2,59.1,8.7,0,0.0,Alto,11.4,en_riesgo
3.4,46.8,20.0,0,0.0,Bajo,11.3,en_riesgo
26.3,63.1,6.4,1,13.0,Medio,15.8,aprobado
21.2,67.8,18.1,1,39.0,Bajo,13.1,en_riesgo
8.3,75.3,17.4,1,9.0,Bajo,14.1,aprobado
,47.0,6.0,0,0.0,Bajo,6.7,reprobado
27.6,96.4,,1,25.0,Medio,19.1,aprobado
3.2,43.1,19.3,1,13.0,Medio,11.1,en_riesgo
24.5,74.1,18.3,1,46.0,Bajo,16.1,aprobado
4.4,96.9,,1,9.0,Medio,15.4,aprobado
23.4,93.8,18.6,1,22.0,Bajo,18.9,aprobado
12.9,98.1,,0,0.0,Medio,15.3,aprobado
3.4,97.4,6.3,0,0.0,Bajo,9.2,reprobado
27.6,75.7,11.2,0,0.0,Alto,19.1,aprobado
8.7,92.7,11.2,0,0.0,Medio,11.9,en_riesgo
,75.7,8.8,0,0.0,Medio,16.2,aprobado
19.5,98.9,,1,47.0,Bajo,16.0,aprobado
3.7,49.4,17.2,1,24.0,Alto,12.5,en_riesgo
15.1,46.5,16.6,1,45.0,Medio,13.5,en_riesgo
17.5,73.9,8.6,1,15.0,Medio,13.7,en_riesgo
5.9,40.6,6.7,1,34.0,Medio,7.6,reprobado
19.5,74.7,11.2,0,0.0,Bajo,15.2,aprobado
,57.0,19.1,1,30.0,Alto,14.9,aprobado
25.0,51.9,17.4,0,0.0,Bajo,20.0,aprobado
29.9,42.1,18.9,1,19.0,Bajo,17.7,aprobado
22.8,45.5,14.0,0,0.0,Bajo,17.6,aprobado
9.7,59.0,8.2,0,0.0,Alto,10.2,reprobado
27.1,80.0,18.0,0,0.0,Alto,20.0,aprobado
19.2,96.6,18.1,0,0.0,Bajo,19.4,aprobado
3.5,88.4,9.1,1,40.0,Medio,7.6,reprobado
22.0,92.9,10.4,1,11.0,Bajo,18.0,aprobado
12.7,77.2,17.3,1,38.0,Alto,15.1,aprobado
15.2,42.9,13.3,0,0.0,Bajo,12.6,en_riesgo
28.2,78.9,14.6,0,0.0,Bajo,20.0,aprobado
21.2,95.2,10.1,1,37.0,Medio,14.1,aprobado
12.3,95.8,10.7,1,26.0,Bajo,12.0,en_riesgo
17.5,46.9,7.4,0,0.0,Medio,12.3,en_riesgo
27.4,87.2,9.6,1,17.0,Medio,17.2,aprobado
18.9,67.6,15.1,0,0.0,Medio,15.8,aprobado
5.9,80.4,11.1,1,11.0,Medio,10.9,reprobado
20.5,95.3,19.1,1,39.0,Medio,17.3,aprobado
6.5,76.6,11.1,0,0.0,Medio,8.7,reprobado
15.4,79.8,14.1,1,9.0,Medio,15.8,aprobado
20.9,62.1,7.1,0,0.0,Bajo,14.2,aprobado
20.0,83.2,18.4,0,0.0,Medio,19.6,aprobado
25.7,88.2,8.1,1,15.0,Alto,16.0,aprobado
,94.9,16.2,1,46.0,MEDIO,14.6,aprobado
8.9,69.8,19.4,1,46.0,Bajo,14.5,aprobado
2.8,53.2,10.6,1,18.0,Medio,6.5,reprobado
28.5,82.9,5.8,1,39.0,Medio,14.0,aprobado
18.8,70.6,7.4,1,12.0,Medio,12.6,en_riesgo
7.4,89.0,16.7,0,0.0,Medio,16.4,aprobado
12.1,53.3,9.0,0,0.0,Medio,9.6,reprobado
,65.6,17.9,1,31.0,Bajo,17.2,aprobado
,47.5,9.5,1,18.0,Medio,15.7,aprobado
21.7,74.8,8.1,0,0.0,Medio,14.5,aprobado
23.1,77.0,19.3,1,20.0,Medio,18.0,aprobado
24.5,43.6,17.1,1,12.0,Medio,16.7,aprobado
22.4,99.3,19.0,1,8.0,Bajo,20.0,aprobado
14.9,67.4,5.3,1,22.0,Bajo,9.8,reprobado
8.0,52.9,13.3,0,0.0,Bajo,12.0,en_riesgo
3.6,64.4,14.8,1,9.0,medio,10.7,reprobado
26.1,68.5,17.9,1,31.0,Bajo,18.5,aprobado
16.6,56.5,17.7,0,0.0,Bajo,16.9,aprobado
11.8,82.5,19.3,1,31.0,Medio,15.8,aprobado
14.3,53.9,6.5,0,0.0,Medio,10.6,reprobado
22.5,94.8,11.5,0,0.0,Bajo,15.1,aprobado
18.4,89.3,19.0,0,0.0,Bajo,17.8,aprobado
20.5,92.6,11.8,0,0.0,Bajo,17.5,aprobado
27.7,41.5,13.5,0,0.0,MEDIO,17.1,aprobado
7.0,61.6,18.0,0,0.0,Medio,12.4,en_riesgo
2.6,60.4,8.9,1,46.0,Bajo,6.4,reprobado
20.1,87.7,5.2,1,35.0,Medio,12.7,en_riesgo
13.5,67.3,5.9,0,0.0,Alto,11.8,en_riesgo
25.8,47.8,11.3,0,0.0,Medio,16.2,aprobado
23.2,61.0,16.4,0,0.0,Bajo,15.4,aprobado
8.2,45.3,7.1,0,0.0,Bajo,8.1,reprobado
29.4,87.5,10.0,1,42.0,Alto,18.4,aprobado
6.7,80.9,16.2,1,33.0,Bajo,11.7,en_riesgo
15.4,61.3,8.4,1,16.0,Medio,10.5,reprobado
6.4,71.4,16.0,1,15.0,ALTO,12.7,en_riesgo
1.5,94.3,10.0,1,8.0,Medio,12.1,en_riesgo
5.7,68.2,19.6,1,31.0,Bajo,13.9,en_riesgo
19.7,54.8,16.9,0,0.0,Medio,17.6,aprobado
21.1,87.7,6.6,1,42.0,Bajo,12.7,en_riesgo
7.2,93.7,15.8,0,0.0,Medio,15.7,aprobado
29.1,74.4,,0,0.0,Alto,20.0,aprobado
,69.5,18.9,0,0.0,Alto,16.8,aprobado
5.2,61.7,11.5,0,0.0,Bajo,10.1,reprobado
9.0,52.8,18.8,0,0.0,Bajo,13.1,en_riesgo
11.4,80.1,18.8,1,13.0,Medio,16.1,aprobado
23.5,61.4,10.5,1,47.0,Bajo,12.1,en_riesgo
9.5,82.2,5.8,0,0.0,Medio,8.6,reprobado
18.6,47.8,6.2,1,44.0,Alto,11.1,en_riesgo
4.2,51.8,12.5,1,16.0,ALTO,10.6,reprobado
27.7,43.8,5.7,0,0.0,Medio,14.3,aprobado
14.8,82.4,7.4,0,0.0,Medio,15.2,aprobado
15.3,67.7,7.4,1,29.0,Bajo,9.9,reprobado
28.3,73.7,15.6,0,0.0,Medio,17.5,aprobado
18.8,42.1,17.6,0,0.0,Medio,16.9,aprobado
,58.7,9.8,0,0.0,Bajo,10.1,reprobado
2.9,44.5,,1,19.0,Bajo,10.5,reprobado
7.7,68.4,8.1,0,0.0,Bajo,9.8,reprobado
29.8,66.7,18.9,1,46.0,Medio,18.8,aprobado
21.4,48.4,10.0,0,0.0,Bajo,12.0,en_riesgo
25.6,68.4,14.0,0,0.0,Medio,17.4,aprobado
12.9,81.0,19.2,0,0.0,Alto,17.9,aprobado
14.4,45.9,19.3,1,0.0,Bajo,12.8,en_riesgo
11.8,94.0,20.0,0,0.0,Alto,18.4,aprobado
23.8,81.6,13.0,0,0.0,Medio,16.2,aprobado
18.7,87.6,19.3,0,0.0,Bajo,20.0,aprobado
17.0,69.4,,1,35.0,Medio,14.4,aprobado
18.3,75.9,5.2,0,0.0,Bajo,11.7,en_riesgo
21.1,57.5,10.9,0,0.0,Medio,14.8,aprobado
10.2,41.4,8.6,0,0.0,Medio,9.8,reprobado
,51.7,6.2,1,20.0,Alto,14.5,aprobado
17.1,81.9,10.8,0,0.0,Alto,12.4,en_riesgo
9.1,75.6,17.3,1,12.0,Medio,14.0,aprobado
23.3,50.2,11.2,1,45.0,Bajo,12.5,en_riesgo
,40.9,17.4,0,0.0,Alto,16.7,aprobado
19.6,76.2,19.4,0,0.0,Medio,16.8,aprobado
17.7,85.8,13.5,1,17.0,Alto,14.9,aprobado
5.8,71.4,10.8,0,0.0,Alto,13.7,en_riesgo
1.2,97.4,,0,0.0,Bajo,14.4,aprobado
7.5,42.6,6.7,1,20.0,Bajo,8.9,reprobado
28.7,73.6,14.2,0,0.0,Bajo,17.8,aprobado
24.9,63.2,9.5,0,0.0,Medio,14.0,aprobado
15.5,84.9,16.1,0,0.0,Bajo,15.4,aprobado
4.0,87.1,5.8,0,0.0,Bajo,6.7,reprobado
13.3,87.9,5.2,0,0.0,Medio,13.1,en_riesgo
23.5,79.2,16.7,1,33.0,Medio,14.6,aprobado
22.8,69.2,9.6,1,13.0,Medio,12.2,en_riesgo
26.4,98.2,10.0,0,0.0,Bajo,17.3,aprobado
15.1,69.1,5.2,1,21.0,Alto,9.7,reprobado
4.2,50.2,18.2,0,0.0,Bajo,10.4,reprobado
15.1,94.8,14.6,1,24.0,Bajo,15.6,aprobado
4.0,84.2,10.9,1,15.0,Bajo,9.4,reprobado
26.5,94.0,18.6,1,31.0,Medio,20.0,aprobado
29.0,59.4,8.6,0,0.0,Medio,14.0,aprobado
9.8,41.3,8.6,1,13.0,Medio,10.3,reprobado
5.9,49.1,15.5,0,0.0,Alto,13.0,en_riesgo
11.9,41.6,18.6,1,40.0,Bajo,13.2,en_riesgo
13.2,73.6,10.7,1,17.0,Medio,13.3,en_riesgo
22.2,40.7,19.4,1,20.0,Alto,17.3,aprobado
12.7,75.6,5.6,1,20.0,Medio,9.7,reprobado
23.2,79.7,17.1,1,37.0,Alto,17.1,aprobado
28.9,64.7,13.6,0,0.0,Bajo,18.3,aprobado
22.1,56.9,,1,43.0,Alto,18.9,aprobado
4.6,88.5,8.3,1,18.0,Alto,9.9,reprobado
23.2,50.5,7.3,1,20.0,Alto,13.5,en_riesgo
27.5,56.1,7.5,0,0.0,Alto,15.9,aprobado
11.5,67.0,8.9,1,29.0,Medio,12.4,en_riesgo
3.8,80.2,11.6,0,0.0,Medio,8.9,reprobado
27.4,87.3,8.8,1,44.0,Bajo,13.9,en_riesgo
11.4,53.4,13.1,0,0.0,Medio,13.6,en_riesgo
9.3,75.2,7.3,1,25.0,Bajo,8.5,reprobado
13.3,66.4,16.3,0,0.0,Medio,15.0,aprobado
,90.9,14.9,1,47.0,Bajo,11.8,en_riesgo
2.0,43.7,5.9,0,0.0,Bajo,5.7,reprobado
13.6,78.0,16.4,1,46.0,Medio,14.8,aprobado
9.5,66.8,8.5,0,0.0,MEDIO,10.2,reprobado
1.4,61.0,18.7,0,0.0,Bajo,11.6,en_riesgo
26.5,96.7,5.1,0,0.0,Bajo,14.0,aprobado
27.1,85.8,16.5,0,0.0,Bajo,20.0,aprobado
14.8,41.5,18.5,1,40.0,Medio,13.4,en_riesgo
5.6,67.1,15.1,0,0.0,Bajo,11.7,en_riesgo
5.1,78.5,9.1,1,38.0,Medio,9.3,reprobado
4.0,55.0,8.4,0,0.0,Bajo,9.2,reprobado
16.6,53.8,12.8,1,43.0,Bajo,8.7,reprobado
,60.7,7.4,1,21.0,Medio,12.5,en_riesgo
22.8,42.1,9.5,0,0.0,Medio,16.0,aprobado
21.8,87.5,5.7,1,24.0,Medio,12.5,en_riesgo
,63.6,13.9,1,45.0,Alto,15.5,aprobado
2.8,90.4,13.9,1,40.0,Bajo,8.7,reprobado
26.6,67.7,11.5,0,0.0,Medio,16.2,aprobado
10.0,78.9,19.2,1,24.0,Bajo,13.9,en_riesgo
25.0,75.0,17.2,0,0.0,Bajo,17.8,aprobado
15.5,45.7,17.5,1,46.0,Alto,13.1,en_riesgo
26.9,51.7,18.8,0,0.0,Medio,19.0,aprobado
3.9,85.4,6.5,1,26.0,Bajo,7.4,reprobado
28.3,49.3,19.7,1,39.0,Medio,17.7,aprobado
22.4,97.4,6.9,1,26.0,Bajo,12.4,en_riesgo
24.7,49.2,15.6,1,35.0,Alto,15.7,aprobado
5.1,79.1,16.5,1,16.0,Bajo,11.3,en_riesgo
26.8,50.4,10.7,0,0.0,Medio,16.0,aprobado
8.2,77.6,14.4,0,0.0,Alto,14.7,aprobado
21.9,60.4,17.1,0,0.0,Medio,19.4,aprobado
12.7,59.2,9.8,0,0.0,Alto,11.7,en_riesgo
12.6,77.7,6.8,0,0.0,Medio,13.5,en_riesgo
24.9,97.7,11.7,0,0.0,Medio,17.0,aprobado
16.4,77.8,19.6,1,30.0,Bajo,15.5,aprobado
3.9,64.1,,0,0.0,Bajo,8.7,reprobado
23.9,69.4,13.1,1,26.0,Bajo,17.4,aprobado
7.6,45.4,13.3,0,0.0,Medio,10.4,reprobado
14.6,79.5,8.2,0,0.0,Medio,12.6,en_riesgo
12.0,57.8,15.0,1,47.0,Medio,11.0,en_riesgo
16.9,51.8,,0,0.0,Medio,15.5,aprobado
8.4,53.2,6.4,1,8.0,Bajo,7.8,reprobado
22.2,84.1,15.3,0,0.0,Bajo,18.7,aprobado
12.1,42.2,17.2,0,0.0,Medio,13.1,en_riesgo
19.5,42.9,14.1,0,0.0,Bajo,14.3,aprobado
5.7,42.5,15.9,0,0.0,Alto,12.1,en_riesgo
7.3,84.1,10.1,0,0.0,Medio,11.1,en_riesgo
14.9,76.9,19.4,0,0.0,Bajo,14.9,aprobado
24.6,44.6,17.6,0,0.0,Alto,16.9,aprobado
27.4,74.1,17.4,0,0.0,Medio,19.1,aprobado
22.8,93.6,7.2,1,12.0,Alto,17.5,aprobado
23.0,70.8,9.7,1,23.0,Medio,14.5,aprobado
14.8,48.0,12.7,1,11.0,Bajo,12.6,en_riesgo
16.1,53.6,18.8,0,0.0,Bajo,16.8,aprobado
26.7,61.0,19.8,0,0.0,Medio,20.0,aprobado
15.0,76.9,11.2,0,0.0,Bajo,12.9,en_riesgo
5.4,82.4,7.4,0,0.0,ALTO,11.1,en_riesgo
23.0,62.3,15.9,0,0.0,Bajo,17.1,aprobado
,66.5,18.9,0,0.0,Bajo,16.4,aprobado
29.6,72.6,13.0,0,0.0,Alto,20.0,aprobado
13.3,100.0,12.8,0,0.0,ALTO,16.9,aprobado
17.0,88.2,7.9,0,0.0,Bajo,14.3,aprobado
24.7,88.6,12.3,0,0.0,Bajo,15.8,aprobado
19.0,42.2,17.8,1,37.0,Alto,16.2,aprobado
18.0,45.4,9.1,0,0.0,Bajo,12.4,en_riesgo
24.2,42.7,18.6,0,0.0,Medio,18.8,aprobado
17.6,82.6,8.1,1,39.0,MEDIO,10.5,reprobado
13.0,79.6,5.7,1,44.0,Medio,10.2,reprobado
16.0,60.9,11.4,1,15.0,Medio,15.0,aprobado
20.9,92.9,9.4,0,0.0,Medio,17.7,aprobado
26.6,70.8,,0,0.0,Medio,19.0,aprobado
6.5,78.9,5.5,1,35.0,Bajo,5.0,reprobado
3.4,62.5,10.5,1,33.0,Medio,10.3,reprobado
22.7,71.7,16.5,0,0.0,Medio,20.0,aprobado
9.1,89.7,,0,0.0,MEDIO,9.8,reprobado
13.4,46.9,12.9,1,46.0,Alto,11.7,en_riesgo
20.1,72.4,10.8,0,0.0,Bajo,14.1,aprobado
7.2,94.3,15.7,0,0.0,Bajo,12.7,en_riesgo
17.9,75.9,5.9,1,17.0,Medio,11.3,en_riesgo
2.9,45.6,9.6,1,39.0,Bajo,6.9,reprobado
1.0,84.4,15.5,0,0.0,Bajo,11.1,en_riesgo
25.2,66.7,10.0,1,12.0,Alto,17.0,aprobado
18.5,96.1,15.6,0,0.0,Bajo,16.1,aprobado
4.1,90.1,8.4,1,10.0,Medio,9.3,reprobado
14.1,80.2,,1,33.0,Bajo,11.2,en_riesgo
,95.9,6.5,0,0.0,Bajo,15.3,aprobado
28.6,92.4,8.0,1,41.0,Medio,15.0,aprobado
23.2,77.7,16.9,1,13.0,Alto,20.0,aprobado
14.6,91.7,10.7,0,0.0,Medio,15.3,aprobado
21.1,80.5,,1,16.0,Medio,19.7,aprobado
28.3,47.7,17.4,1,18.0,Alto,18.6,aprobado
7.6,68.5,15.1,0,0.0,Bajo,13.8,en_riesgo
16.5,89.6,5.7,1,44.0,Alto,14.1,aprobado
25.8,61.8,14.7,1,31.0,Alto,19.8,aprobado
11.7,50.9,6.5,1,38.0,Alto,7.7,reprobado
,82.5,,0,0.0,Medio,10.7,reprobado
8.1,42.4,6.0,1,31.0,Medio,6.6,reprobado
26.8,42.5,6.0,1,15.0,Bajo,10.8,reprobado
,52.7,11.6,1,9.0,Bajo,13.7,en_riesgo
13.2,91.9,16.3,1,21.0,Bajo,15.5,aprobado
14.5,46.2,12.4,1,15.0,Bajo,12.1,en_riesgo
17.3,42.8,14.1,0,0.0,Medio,14.7,aprobado
13.8,41.1,14.2,0,0.0,Bajo,13.4,en_riesgo
22.9,65.6,16.9,1,15.0,Bajo,16.9,aprobado
19.6,47.3,8.4,1,27.0,Alto,12.1,en_riesgo
11.4,74.7,,0,0.0,Bajo,12.2,en_riesgo
7.5,58.4,19.1,0,0.0,Medio,13.9,en_riesgo
15.3,94.1,14.8,1,27.0,Medio,15.7,aprobado
25.1,58.5,14.7,0,0.0,Bajo,16.8,aprobado
4.0,41.3,10.8,1,22.0,Alto,9.6,reprobado
9.4,56.3,10.0,0,0.0,Alto,8.9,reprobado
25.1,89.0,16.7,1,45.0,Bajo,17.8,aprobado
27.7,66.4,12.5,1,46.0,Medio,16.0,aprobado
7.1,87.9,15.0,1,29.0,Bajo,11.3,en_riesgo
20.4,58.9,12.0,1,45.0,Medio,13.3,en_riesgo
12.8,75.5,13.7,0,0.0,MEDIO,14.8,aprobado
17.5,41.4,6.6,1,24.0,Alto,9.8,reprobado
2.5,79.1,8.6,0,0.0,Bajo,10.2,reprobado
1.3,91.8,16.7,0,0.0,Medio,14.9,aprobado
22.4,71.9,13.5,0,0.0,Bajo,15.7,aprobado
17.5,95.9,19.6,1,29.0,Bajo,17.2,aprobado
20.5,86.7,12.8,1,28.0,Alto,15.9,aprobado
17.9,61.1,5.9,0,0.0,Medio,11.9,en_riesgo
11.6,74.3,,0,0.0,Medio,14.8,aprobado
21.0,87.9,13.1,1,46.0,Medio,16.4,aprobado
11.1,60.0,,0,0.0,Bajo,9.0,reprobado
29.6,74.0,12.0,1,11.0,Medio,18.6,aprobado
10.1,89.9,5.3,1,14.0,Bajo,9.4,reprobado
22.4,50.1,13.3,0,0.0,Medio,15.2,aprobado
13.5,47.1,,0,0.0,Alto,14.5,aprobado
8.8,55.4,6.5,0,0.0,bajo,8.3,reprobado
16.4,79.3,6.2,0,0.0,Medio,11.0,en_riesgo
6.2,84.1,6.9,0,0.0,Alto,11.1,en_riesgo
4.5,79.6,9.9,1,30.0,Medio,10.1,reprobado
1.5,47.8,5.9,0,0.0,Bajo,7.5,reprobado
2.5,78.2,8.4,1,46.0,Medio,6.7,reprobado
27.4,91.7,12.7,0,0.0,Medio,18.1,aprobado
,43.0,12.6,0,0.0,Medio,11.7,en_riesgo
23.9,79.8,15.5,0,0.0,Bajo,15.6,aprobado
24.1,67.3,11.4,1,22.0,Medio,14.4,aprobado
24.6,55.0,13.2,0,0.0,Bajo,16.0,aprobado
23.0,76.7,10.4,0,0.0,Bajo,13.5,en_riesgo
4.2,61.0,11.7,0,0.0,Medio,9.8,reprobado
23.2,63.1,10.3,0,0.0,Bajo,16.6,aprobado
15.1,81.7,6.4,0,0.0,Bajo,10.7,reprobado
24.2,58.4,12.2,0,0.0,medio,17.0,aprobado
7.2,93.5,11.6,1,47.0,MEDIO,10.3,reprobado
21.6,77.8,,0,0.0,Medio,18.3,aprobado
3.9,99.8,8.9,0,0.0,Bajo,11.2,en_riesgo
12.4,77.4,15.8,0,0.0,Bajo,15.5,aprobado
3.9,48.2,5.1,1,34.0,medio,6.0,reprobado
4.3,79.8,7.7,0,0.0,Alto,11.1,en_riesgo
13.3,61.8,6.4,1,23.0,Bajo,8.8,reprobado
25.9,93.4,9.3,1,12.0,Medio,17.2,aprobado
23.2,84.3,19.8,1,17.0,Medio,19.8,aprobado
,60.5,17.9,1,30.0,Bajo,15.1,aprobado
28.7,71.3,6.4,0,0.0,Bajo,14.0,aprobado
5.4,56.6,6.3,1,22.0,Bajo,8.0,reprobado
14.6,76.4,12.5,0,0.0,Bajo,15.0,aprobado
3.6,45.7,5.7,1,13.0,Medio,6.2,reprobado
3.9,86.7,6.3,1,42.0,Medio,7.2,reprobado
25.9,51.5,9.3,0,0.0,Medio,12.3,en_riesgo
24.6,45.1,12.0,1,23.0,Bajo,16.1,aprobado
18.0,90.5,15.6,0,0.0,Bajo,17.6,aprobado
12.6,80.6,10.9,0,0.0,Medio,14.0,aprobado
25.7,41.2,12.8,1,20.0,Medio,15.5,aprobado
,54.0,17.5,0,0.0,Bajo,11.9,en_riesgo
17.3,56.6,12.9,0,0.0,Medio,13.6,en_riesgo
4.3,46.5,12.7,1,12.0,Bajo,7.6,reprobado
22.5,89.4,12.4,0,0.0,Bajo,18.3,aprobado
6.3,88.3,16.5,0,0.0,bajo,11.7,en_riesgo
9.3,64.7,8.8,0,0.0,Medio,10.9,reprobado
,56.1,8.2,1,32.0,medio,13.3,en_riesgo
,91.0,9.2,0,0.0,bajo,9.4,reprobado
16.6,57.7,5.4,0,0.0,Alto,13.1,en_riesgo
11.0,84.1,14.0,0,0.0,Medio,13.6,en_riesgo
2.0,72.7,6.6,0,0.0,Medio,8.7,reprobado
23.8,40.7,13.2,1,36.0,Medio,14.1,aprobado
8.2,45.1,16.1,0,0.0,Medio,10.8,reprobado
5.8,73.9,7.4,1,19.0,Alto,8.0,reprobado
,59.5,7.7,1,11.0,Bajo,10.4,reprobado
27.2,71.0,8.5,1,28.0,Medio,14.8,aprobado
27.7,99.6,11.3,1,14.0,Bajo,18.7,aprobado
21.9,94.2,12.5,0,0.0,Medio,18.3,aprobado
7.8,87.8,10.8,1,38.0,Medio,11.0,en_riesgo
6.9,62.2,15.5,1,16.0,BAJO,10.0,reprobado
9.5,54.7,7.6,0,0.0,Bajo,8.3,reprobado
,62.5,18.6,1,11.0,ALTO,11.8,en_riesgo
24.8,91.1,13.4,1,21.0,Bajo,18.0,aprobado
17.5,46.8,16.1,0,0.0,Medio,15.0,aprobado
28.0,64.6,19.7,0,0.0,Medio,20.0,aprobado
,92.1,12.8,0,0.0,Bajo,11.6,en_riesgo
20.6,68.5,9.6,1,44.0,Medio,13.6,en_riesgo
10.3,50.3,5.7,0,0.0,BAJO,8.1,reprobado
22.3,45.2,9.5,1,24.0,Bajo,13.8,en_riesgo
8.3,89.8,18.2,1,31.0,Alto,14.0,aprobado
5.5,46.7,15.6,0,0.0,Medio,11.6,en_riesgo
20.9,62.0,,1,38.0,Alto,17.9,aprobado
20.0,59.9,6.3,1,34.0,Bajo,10.7,reprobado
8.2,72.0,,1,42.0,Bajo,4.6,reprobado
24.4,81.7,12.2,1,41.0,Medio,17.3,aprobado
28.0,92.2,18.8,1,43.0,Alto,20.0,aprobado
4.5,61.9,5.9,0,0.0,Bajo,6.5,reprobado
21.2,46.4,,1,41.0,Alto,16.4,aprobado
11.9,53.3,10.2,0,0.0,Medio,10.6,reprobado
25.5,67.6,17.2,0,0.0,Alto,19.5,aprobado
4.7,51.9,14.1,0,0.0,Alto,11.0,en_riesgo
21.5,73.4,16.6,0,0.0,MEDIO,16.1,aprobado
10.5,61.8,12.7,1,43.0,Medio,11.2,en_riesgo
23.7,43.1,10.6,0,0.0,Medio,15.0,aprobado
25.1,43.3,11.4,1,20.0,Bajo,12.8,en_riesgo
29.6,54.8,13.0,1,28.0,Bajo,16.4,aprobado
26.1,47.3,10.8,1,10.0,Bajo,13.9,en_riesgo
25.2,71.8,12.9,1,31.0,Bajo,16.0,aprobado
20.4,54.3,7.9,0,0.0,Medio,14.2,aprobado
,96.3,18.7,1,37.0,Bajo,19.0,aprobado
4.8,76.7,18.8,1,30.0,Medio,12.5,en_riesgo
28.5,78.4,6.1,0,0.0,Medio,13.9,en_riesgo
9.8,46.1,15.1,0,0.0,Alto,13.1,en_riesgo
2.5,71.5,19.6,1,19.0,MEDIO,16.1,aprobado
18.0,59.6,11.1,1,20.0,Medio,13.7,en_riesgo
25.4,89.6,,0,0.0,Bajo,19.5,aprobado
4.2,98.9,,0,0.0,Bajo,7.8,reprobado
15.3,72.4,8.1,1,39.0,Medio,10.1,reprobado
6.6,72.7,19.9,1,18.0,Medio,14.2,aprobado
8.5,61.3,7.9,0,0.0,Bajo,8.1,reprobado
12.0,69.2,17.9,0,0.0,Medio,15.7,aprobado
9.1,75.0,6.8,0,0.0,Bajo,7.8,reprobado
8.4,64.3,,0,0.0,Bajo,11.6,en_riesgo
12.9,70.4,16.3,0,0.0,Medio,14.9,aprobado
11.0,56.7,18.4,1,45.0,Bajo,13.3,en_riesgo
8.6,54.1,11.3,0,0.0,Bajo,11.3,en_riesgo
29.6,43.7,7.3,1,11.0,Alto,15.1,aprobado
27.2,88.5,14.8,0,0.0,Bajo,19.7,aprobado
8.7,42.4,11.3,0,0.0,Bajo,9.7,reprobado
8.4,81.1,10.2,0,0.0,Bajo,10.0,reprobado
12.1,79.1,7.6,0,0.0,Bajo,10.3,reprobado
25.0,99.2,8.1,0,0.0,Bajo,16.4,aprobado
,63.1,17.7,0,0.0,Bajo,16.2,aprobado
24.9,89.2,16.7,1,33.0,Medio,18.5,aprobado
17.8,40.7,6.6,0,0.0,Bajo,12.6,en_riesgo
9.2,48.2,13.5,0,0.0,Medio,9.7,reprobado
15.4,57.1,13.9,0,0.0,Bajo,12.9,en_riesgo
10.6,79.6,8.9,0,0.0,Alto,13.5,en_riesgo
11.2,61.3,19.9,1,31.0,Alto,14.4,aprobado
,82.2,16.8,1,34.0,Bajo,12.6,en_riesgo
,71.8,9.1,1,32.0,Alto,7.4,reprobado
18.1,97.8,9.4,0,0.0,Bajo,15.5,aprobado
,93.7,6.1,1,24.0,Bajo,16.6,aprobado
4.4,63.4,13.0,1,32.0,Medio,8.9,reprobado
29.6,90.4,14.9,1,47.0,Bajo,17.5,aprobado
10.7,76.3,12.9,1,9.0,Bajo,13.4,en_riesgo
29.5,99.3,,0,0.0,Alto,20.0,aprobado
9.2,91.0,8.3,0,0.0,Bajo,11.0,en_riesgo
27.7,61.5,7.8,0,0.0,Medio,15.9,aprobado
,42.5,7.5,0,0.0,Alto,16.4,aprobado
9.6,83.4,16.4,0,0.0,Bajo,13.1,en_riesgo
14.9,96.7,6.5,0,0.0,Medio,14.4,aprobado
29.2,51.2,18.6,0,0.0,Alto,20.0,aprobado
23.3,44.2,18.0,0,0.0,Alto,19.7,aprobado
9.8,44.2,20.0,0,0.0,Medio,13.0,en_riesgo
13.5,75.8,19.4,0,0.0,Medio,19.3,aprobado
7.7,57.0,13.4,1,11.0,Bajo,10.5,reprobado
27.9,57.2,5.3,1,33.0,Bajo,14.0,aprobado
13.1,59.3,14.1,0,0.0,Alto,12.7,en_riesgo
16.4,55.9,13.4,0,0.0,Medio,14.0,aprobado
6.0,54.0,5.4,1,20.0,bajo,6.6,reprobado
6.4,62.6,5.3,1,32.0,Medio,4.6,reprobado
13.4,69.6,16.2,0,0.0,Medio,15.4,aprobado
14.9,91.6,17.7,0,0.0,Bajo,19.5,aprobado
28.3,57.7,19.0,0,0.0,Bajo,19.0,aprobado
16.1,55.3,7.9,1,40.0,Alto,11.6,en_riesgo
14.0,89.9,10.8,0,0.0,Medio,15.6,aprobado
11.9,85.1,19.9,1,29.0,Alto,16.0,aprobado
27.2,43.1,,1,8.0,Bajo,14.6,aprobado
6.7,89.3,7.2,1,18.0,Bajo,8.7,reprobado
1.4,65.8,9.3,0,0.0,Alto,8.0,reprobado
22.8,91.4,,0,0.0,Medio,16.2,aprobado
10.9,74.5,17.1,0,0.0,Bajo,16.1,aprobado
21.9,43.7,8.8,1,21.0,Bajo,11.6,en_riesgo
9.2,82.9,8.8,0,0.0,Bajo,13.2,en_riesgo
21.9,89.1,15.0,1,11.0,Medio,15.3,aprobado
20.9,76.9,8.8,0,0.0,Bajo,13.7,en_riesgo
27.7,51.7,11.0,0,0.0,Bajo,17.4,aprobado
,54.1,9.7,1,9.0,Medio,14.1,aprobado
21.7,95.5,12.2,0,0.0,Medio,16.7,aprobado
28.3,52.3,,1,15.0,Bajo,14.9,aprobado
16.2,70.8,7.7,0,0.0,Bajo,10.1,reprobado
28.0,62.7,18.9,1,10.0,Medio,19.8,aprobado
16.0,88.6,9.2,0,0.0,Bajo,12.3,en_riesgo
18.5,99.0,8.4,1,42.0,Medio,14.0,aprobado
1.7,57.0,13.7,0,0.0,Bajo,9.6,reprobado
20.2,98.2,7.6,0,0.0,Medio,14.1,aprobado
,47.5,6.7,0,0.0,Alto,11.7,en_riesgo
16.2,58.8,10.3,0,0.0,Bajo,12.1,en_riesgo
13.0,87.5,18.0,0,0.0,Alto,20.0,aprobado
7.0,84.1,16.3,0,0.0,Alto,13.6,en_riesgo
,67.4,9.7,0,0.0,Alto,13.1,en_riesgo
22.8,45.8,10.4,1,30.0,Alto,12.5,en_riesgo
25.3,57.3,16.9,0,0.0,Alto,17.4,aprobado
,47.4,17.0,0,0.0,Medio,16.1,aprobado
5.3,65.7,11.5,0,0.0,Bajo,8.7,reprobado
,63.5,,0,0.0,Bajo,10.2,reprobado
12.6,82.7,7.9,0,0.0,Medio,12.7,en_riesgo
2.3,53.8,10.5,0,0.0,Bajo,7.0,reprobado
16.3,95.9,8.1,0,0.0,Bajo,11.7,en_riesgo
20.6,87.0,19.2,0,0.0,Bajo,19.6,aprobado
12.6,60.9,15.2,0,0.0,Medio,12.5,en_riesgo
27.9,95.2,13.7,1,32.0,Medio,16.7,aprobado
27.7,65.2,5.7,0,0.0,Alto,14.4,aprobado
23.5,81.7,8.9,0,0.0,Medio,15.2,aprobado
26.9,82.5,,0,0.0,Bajo,16.8,aprobado
12.0,93.6,7.4,1,46.0,Medio,8.3,reprobado
13.8,57.8,11.7,0,0.0,Alto,14.2,aprobado
10.8,42.1,6.4,0,0.0,Bajo,7.1,reprobado
7.1,81.9,5.1,1,28.0,Alto,8.6,reprobado
1.2,45.6,,0,0.0,Bajo,7.8,reprobado
12.8,74.7,13.9,0,0.0,Alto,16.7,aprobado
10.5,69.0,17.7,0,0.0,Bajo,15.4,aprobado
23.5,57.5,11.4,0,0.0,Medio,15.2,aprobado
3.7,89.6,19.1,1,27.0,Medio,15.2,aprobado
1.5,45.6,11.0,0,0.0,Alto,6.8,reprobado
27.4,71.2,5.4,0,0.0,Bajo,15.0,aprobado
24.7,99.9,10.7,1,45.0,Medio,16.8,aprobado
,42.9,14.9,0,0.0,Medio,16.6,aprobado
11.3,93.3,17.9,1,18.0,medio,16.9,aprobado
25.5,47.9,15.2,0,0.0,Bajo,16.2,aprobado
23.3,95.6,7.7,0,0.0,Bajo,14.2,aprobado
18.5,96.5,19.7,0,0.0,Bajo,20.0,aprobado
7.9,83.0,,0,0.0,MEDIO,13.4,en_riesgo
9.6,44.3,18.8,0,0.0,Alto,14.5,aprobado
22.2,93.7,15.2,1,18.0,Medio,20.0,aprobado
8.3,97.0,9.1,1,9.0,Bajo,12.8,en_riesgo
12.4,77.4,9.5,0,0.0,Bajo,12.6,en_riesgo
4.9,86.1,19.2,1,37.0,Alto,14.1,aprobado
21.7,60.3,19.2,1,36.0,Medio,15.1,aprobado
,79.2,5.4,0,0.0,Medio,11.0,en_riesgo
9.6,60.4,,0,0.0,Alto,15.4,aprobado
18.6,79.1,5.6,1,42.0,Medio,12.2,en_riesgo
29.9,66.9,10.8,1,41.0,Alto,15.4,aprobado
1.3,67.4,7.5,0,0.0,Medio,5.8,reprobado
21.1,47.7,16.4,1,44.0,Medio,15.8,aprobado
15.3,55.2,19.6,0,0.0,Medio,16.7,aprobado
20.7,62.6,9.2,1,34.0,Bajo,9.9,reprobado
16.7,42.8,5.4,1,20.0,Bajo,8.0,reprobado
28.6,76.8,16.5,1,28.0,Medio,19.9,aprobado
20.3,70.9,16.0,1,33.0,Bajo,16.0,aprobado
10.8,89.7,17.2,0,0.0,Medio,15.4,aprobado
10.4,82.9,18.6,0,0.0,Medio,15.7,aprobado
26.2,55.0,19.6,0,0.0,Medio,20.0,aprobado
27.3,95.6,19.9,1,29.0,Medio,20.0,aprobado
1.1,89.6,16.0,1,47.0,Medio,10.5,reprobado
25.1,95.7,5.8,0,0.0,Bajo,13.7,en_riesgo
,54.7,12.5,0,0.0,Medio,16.0,aprobado
6.2,76.9,11.9,0,0.0,Bajo,10.0,reprobado
18.2,52.0,19.1,1,23.0,Alto,16.9,aprobado
29.5,83.8,5.3,0,0.0,Alto,16.6,aprobado
6.9,81.2,14.7,0,0.0,Medio,11.8,en_riesgo
4.6,84.9,11.6,1,43.0,Medio,9.5,reprobado
8.7,61.3,15.4,0,0.0,Alto,14.7,aprobado
5.6,93.9,11.4,1,10.0,Medio,11.8,en_riesgo
18.5,84.3,7.0,0,0.0,Medio,13.0,en_riesgo
25.9,40.9,16.4,0,0.0,Medio,18.1,aprobado
2.1,51.5,7.0,0,0.0,Bajo,6.8,reprobado
10.8,42.1,6.4,0,0.0,Bajo,7.1,reprobado
16.1,62.0,16.4,0,0.0,Alto,14.6,aprobado
14.3,94.6,9.1,1,13.0,Bajo,12.5,en_riesgo
14.8,57.0,12.8,0,0.0,Alto,13.3,en_riesgo
,66.5,17.5,0,0.0,Alto,14.2,aprobado
7.9,73.1,,0,0.0,Medio,13.2,en_riesgo
22.9,94.4,19.5,1,37.0,Medio,17.9,aprobado
13.9,98.0,15.5,0,0.0,Alto,18.2,aprobado
22.5,65.0,13.8,1,28.0,Medio,16.4,aprobado
7.9,56.6,15.3,0,0.0,Medio,12.4,en_riesgo
18.1,71.8,17.2,0,0.0,Medio,16.8,aprobado
29.1,52.6,9.1,0,0.0,Bajo,14.9,aprobado
1.9,62.9,9.8,0,0.0,Medio,8.8,reprobado
28.8,89.2,9.6,0,0.0,Bajo,16.4,aprobado
29.8,75.7,16.1,1,41.0,Bajo,18.2,aprobado
11.7,74.8,13.1,0,0.0,Medio,14.1,aprobado
27.9,70.3,11.6,1,26.0,Bajo,17.6,aprobado
,54.9,16.1,1,21.0,medio,15.2,aprobado
4.7,41.4,16.7,0,0.0,Medio,10.1,reprobado
3.8,67.7,15.4,0,0.0,Medio,11.3,en_riesgo
2.5,53.6,8.7,0,0.0,Bajo,8.1,reprobado
2.3,85.8,15.3,0,0.0,alto,13.4,en_riesgo
11.0,89.7,16.5,1,41.0,Medio,16.2,aprobado
12.7,92.1,14.4,1,29.0,Medio,13.7,en_riesgo
28.9,56.0,17.8,0,0.0,Medio,20.0,aprobado
14.2,79.2,9.2,0,0.0,Alto,15.0,aprobado
11.4,96.6,13.5,1,30.0,Medio,11.9,en_riesgo
21.7,59.3,,0,0.0,bajo,15.9,aprobado
3.6,76.2,14.3,0,0.0,Medio,12.7,en_riesgo
18.8,91.8,5.0,1,20.0,Bajo,14.2,aprobado
2.3,43.5,13.5,0,0.0,Alto,11.9,en_riesgo
11.7,78.2,13.1,1,32.0,Medio,10.7,reprobado
16.7,89.4,7.8,0,0.0,Medio,14.2,aprobado
21.3,90.7,,0,0.0,Alto,13.2,en_riesgo
3.4,45.7,13.9,1,14.0,Alto,10.1,reprobado
7.0,88.2,12.4,0,0.0,Alto,13.0,en_riesgo
24.1,86.1,14.9,0,0.0,Bajo,19.5,aprobado
2.9,68.7,11.2,0,0.0,medio,10.4,reprobado
,72.4,11.3,1,8.0,Medio,18.2,aprobado
28.0,74.6,19.6,1,46.0,Medio,20.0,aprobado
,80.5,11.5,1,38.0,Alto,16.3,aprobado
23.4,88.1,16.5,0,0.0,Alto,20.0,aprobado
12.4,85.2,17.6,1,41.0,medio,13.2,en_riesgo
27.9,46.6,14.2,0,0.0,Bajo,17.2,aprobado
2.1,56.8,13.2,0,0.0,Medio,9.4,reprobado
4.8,96.7,19.2,1,0.0,Medio,14.5,aprobado
29.6,97.6,18.0,1,15.0,Medio,19.2,aprobado
14.0,42.7,19.7,1,38.0,Medio,15.8,aprobado
23.4,92.4,8.3,1,10.0,Alto,14.8,aprobado
29.8,61.1,,1,31.0,Bajo,20.0,aprobado
12.6,92.8,5.6,1,26.0,Medio,8.3,reprobado
7.5,72.9,19.6,0,0.0,Bajo,14.1,aprobado
2.4,75.8,,0,0.0,Medio,12.8,en_riesgo
14.8,60.2,6.8,0,0.0,Bajo,9.7,reprobado
29.1,52.2,18.3,1,37.0,medio,17.7,aprobado
14.6,60.1,15.6,1,26.0,Medio,15.3,aprobado
1.5,58.5,13.3,0,0.0,Alto,11.4,en_riesgo
27.1,53.0,16.1,0,0.0,Medio,16.9,aprobado
23.9,82.1,18.9,0,0.0,Medio,20.0,aprobado
27.4,53.5,13.5,1,38.0,Medio,17.3,aprobado
28.5,54.5,,0,0.0,Alto,17.6,aprobado
24.7,51.8,15.2,1,10.0,Alto,19.5,aprobado
3.1,78.0,11.7,1,11.0,Alto,11.2,en_riesgo
16.4,68.9,6.4,0,0.0,Bajo,11.9,en_riesgo
4.0,91.4,7.6,1,15.0,Alto,11.7,en_riesgo
21.0,89.0,17.5,0,0.0,Bajo,19.4,aprobado
25.2,40.2,9.3,0,0.0,Medio,15.8,aprobado
3.3,57.3,7.4,0,0.0,Medio,6.9,reprobado
,67.8,,0,0.0,Alto,13.0,en_riesgo
,85.7,15.4,0,0.0,Alto,19.0,aprobado
29.1,90.6,18.6,0,0.0,Medio,20.0,aprobado
3.9,89.6,12.5,0,0.0,Bajo,10.8,reprobado
14.7,63.1,18.0,0,0.0,Medio,15.9,aprobado
8.2,78.2,13.5,0,0.0,Bajo,12.6,en_riesgo
1.7,89.5,19.6,1,45.0,Bajo,10.6,reprobado
21.2,73.2,15.4,1,26.0,Alto,15.6,aprobado
24.1,91.5,16.1,1,28.0,Bajo,17.7,aprobado
7.7,96.8,6.4,0,0.0,Medio,8.9,reprobado
27.4,90.5,11.6,1,46.0,Medio,17.1,aprobado
22.9,79.1,15.4,1,30.0,Bajo,15.0,aprobado
17.8,97.2,11.5,1,14.0,Alto,16.6,aprobado
5.7,54.7,6.4,1,18.0,Medio,8.2,reprobado
13.2,58.6,,1,29.0,Bajo,9.3,reprobado
7.6,46.0,14.8,0,0.0,Bajo,12.3,en_riesgo
21.6,44.9,11.4,0,0.0,Bajo,13.9,en_riesgo
2.6,44.9,9.1,0,0.0,Medio,7.7,reprobado
13.0,41.4,,0,0.0,Medio,8.5,reprobado
,53.1,12.6,0,0.0,Bajo,11.1,en_riesgo
23.8,68.8,15.8,0,0.0,Medio,19.6,aprobado
6.3,40.1,8.9,1,37.0,Bajo,5.9,reprobado
3.3,93.2,11.7,0,0.0,Medio,14.1,aprobado
,82.8,7.0,0,0.0,Medio,15.6,aprobado
13.2,96.6,5.6,0,0.0,Medio,11.6,en_riesgo
16.0,98.5,10.7,1,24.0,Medio,15.5,aprobado
17.4,64.5,10.4,1,39.0,Medio,12.0,en_riesgo
19.2,72.5,,0,0.0,Bajo,11.1,en_riesgo
11.6,71.6,14.0,0,0.0,Medio,13.0,en_riesgo
7.9,48.8,8.3,1,0.0,Alto,8.6,reprobado
6.1,87.2,10.4,1,47.0,Medio,10.9,reprobado
25.9,83.1,10.6,0,0.0,Alto,17.9,aprobado
26.6,63.0,16.3,0,0.0,Bajo,19.2,aprobado
22.1,55.0,18.2,1,42.0,Alto,18.8,aprobado
23.9,71.0,14.2,1,47.0,Bajo,14.8,aprobado
19.6,82.9,16.8,1,47.0,Alto,16.6,aprobado
9.4,66.8,,0,0.0,Bajo,14.7,aprobado
12.6,89.5,12.7,1,10.0,Medio,12.7,en_riesgo
27.9,54.2,17.1,0,0.0,Bajo,19.9,aprobado
6.4,40.7,7.6,0,0.0,Alto,10.1,reprobado
16.5,86.8,,1,9.0,Medio,15.2,aprobado
19.8,97.0,6.0,0,0.0,Medio,14.3,aprobado
3.5,88.8,,0,0.0,Bajo,10.2,reprobado
11.0,100.0,6.4,0,0.0,Alto,11.7,en_riesgo
26.1,73.5,8.7,0,0.0,Alto,17.6,aprobado
26.5,43.2,,0,0.0,Medio,17.2,aprobado
1.9,82.1,11.7,0,0.0,Bajo,9.2,reprobado
4.2,49.6,19.8,1,29.0,Medio,11.2,en_riesgo
21.1,53.5,7.7,1,20.0,Medio,12.2,en_riesgo
8.6,58.8,9.9,0,0.0,Medio,13.5,en_riesgo
12.2,98.7,,1,38.0,Medio,16.1,aprobado
13.3,80.9,9.8,0,0.0,Alto,13.0,en_riesgo
14.8,85.5,13.9,1,17.0,Medio,15.4,aprobado
4.5,43.5,17.2,1,44.0,Medio,9.5,reprobado
1.7,40.7,14.0,1,44.0,Bajo,8.6,reprobado
,75.7,,0,0.0,Medio,13.8,en_riesgo
19.2,40.6,,1,31.0,Bajo,11.5,en_riesgo
8.3,98.0,19.2,1,15.0,Medio,16.7,aprobado
6.3,52.6,13.2,1,23.0,Medio,9.6,reprobado
18.9,49.1,5.2,0,0.0,Alto,10.8,reprobado
19.8,40.5,8.0,0,0.0,Bajo,11.0,en_riesgo
6.9,76.4,11.0,0,0.0,Medio,11.1,en_riesgo
12.3,66.5,9.9,0,0.0,Medio,12.7,en_riesgo
18.6,77.9,11.6,0,0.0,Medio,17.7,aprobado
8.8,71.2,15.1,1,45.0,Alto,11.9,en_riesgo
2.6,95.2,16.8,1,42.0,Bajo,10.8,reprobado
17.5,90.7,11.9,0,0.0,Medio,15.1,aprobado
11.8,74.7,7.6,1,23.0,Bajo,9.9,reprobado
28.5,79.0,17.7,0,0.0,Medio,20.0,aprobado
27.6,82.7,12.3,0,0.0,Medio,18.1,aprobado
5.7,89.1,16.6,0,0.0,Alto,16.1,aprobado
19.8,92.3,,1,20.0,Medio,17.4,aprobado
7.5,64.7,14.2,1,22.0,Medio,12.1,en_riesgo
18.2,54.5,9.9,1,44.0,Medio,12.7,en_riesgo
4.8,61.9,14.3,1,23.0,Bajo,12.5,en_riesgo
15.5,92.1,6.5,0,0.0,Bajo,12.0,en_riesgo
4.9,93.4,,0,0.0,Bajo,11.7,en_riesgo
,78.2,12.4,0,0.0,Medio,10.1,reprobado
8.4,98.6,11.1,0,0.0,Medio,13.7,en_riesgo
8.2,42.5,17.7,1,44.0,Bajo,11.0,en_riesgo
25.3,90.0,14.4,1,11.0,Medio,19.6,aprobado
,87.0,16.9,0,0.0,Medio,16.6,aprobado
27.3,70.6,7.5,0,0.0,Alto,13.1,en_riesgo
16.6,70.4,10.9,1,11.0,Bajo,12.6,en_riesgo
3.6,80.1,15.5,1,43.0,Alto,10.2,reprobado
3.7,81.2,12.9,0,0.0,Medio,11.4,en_riesgo
13.9,86.8,12.0,1,28.0,Alto,15.4,aprobado
26.6,57.6,9.9,1,31.0,Alto,16.3,aprobado
4.6,87.5,9.7,0,0.0,MEDIO,7.8,reprobado
12.8,88.5,10.5,1,33.0,Medio,12.8,en_riesgo
17.2,98.2,,1,11.0,Medio,17.3,aprobado
22.0,73.7,8.7,1,14.0,Medio,12.7,en_riesgo
11.5,90.4,8.1,0,0.0,Medio,10.6,reprobado
29.5,90.8,17.3,0,0.0,Medio,20.0,aprobado
9.9,95.8,12.1,0,0.0,Medio,15.2,aprobado
21.6,62.0,10.2,1,16.0,Alto,17.2,aprobado
17.6,71.3,19.9,0,0.0,Medio,17.3,aprobado
21.2,70.2,9.4,0,0.0,bajo,12.9,en_riesgo
1.1,92.1,12.3,0,0.0,Bajo,10.4,reprobado
13.2,73.7,5.9,0,0.0,Medio,10.6,reprobado
23.9,89.2,,1,0.0,Bajo,15.8,aprobado
18.8,73.3,18.4,1,24.0,Bajo,16.9,aprobado
18.9,75.9,19.7,0,0.0,Medio,20.0,aprobado
17.6,66.6,8.7,0,0.0,Medio,15.0,aprobado
10.2,98.6,,0,0.0,Bajo,17.3,aprobado
24.9,53.7,17.4,0,0.0,Medio,20.0,aprobado
,66.1,16.5,0,0.0,Bajo,19.9,aprobado
23.1,52.7,7.2,0,0.0,Alto,15.2,aprobado
21.4,47.8,,0,0.0,Medio,14.3,aprobado
7.7,89.6,6.4,0,0.0,Alto,12.4,en_riesgo
11.2,98.3,6.8,1,19.0,Bajo,9.9,reprobado
3.3,88.1,,0,0.0,Alto,10.2,reprobado
5.0,55.0,16.1,0,0.0,Alto,15.9,aprobado
19.3,78.3,12.0,0,0.0,bajo,13.4,en_riesgo
17.2,98.9,18.1,0,0.0,medio,20.0,aprobado
12.4,66.6,17.1,0,0.0,Medio,15.9,aprobado
4.0,65.3,,0,0.0,Medio,11.3,en_riesgo
,78.3,7.3,1,39.0,Medio,10.8,reprobado
26.5,60.3,14.0,0,0.0,Bajo,18.9,aprobado
18.2,58.3,16.7,1,36.0,Medio,15.4,aprobado
20.8,61.5,5.2,0,0.0,Bajo,13.8,en_riesgo
27.3,46.9,13.8,1,38.0,Medio,14.2,aprobado
10.3,54.3,13.4,1,20.0,Bajo,9.7,reprobado
21.9,58.9,13.0,1,43.0,Medio,13.0,en_riesgo
28.0,73.6,19.8,0,0.0,Alto,20.0,aprobado
3.5,88.8,,0,0.0,Bajo,10.2,reprobado
14.0,92.4,10.8,0,0.0,Bajo,15.5,aprobado
4.1,44.8,17.9,0,0.0,Alto,14.1,aprobado
6.3,42.1,11.5,0,0.0,Bajo,10.2,reprobado
17.3,48.6,13.8,0,0.0,Bajo,12.9,en_riesgo
15.0,97.9,7.6,1,39.0,Medio,9.8,reprobado
12.8,92.7,8.8,0,0.0,Alto,13.5,en_riesgo
23.2,59.8,14.8,0,0.0,Medio,18.4,aprobado
21.6,66.3,13.6,0,0.0,Bajo,18.2,aprobado
12.7,55.7,8.5,0,0.0,Medio,9.8,reprobado
17.0,89.2,8.1,1,47.0,Medio,10.2,reprobado
6.3,92.1,19.2,0,0.0,Bajo,13.9,en_riesgo
20.8,87.6,14.9,1,36.0,Bajo,19.0,aprobado
26.5,92.3,15.2,0,0.0,Medio,19.3,aprobado
10.9,55.6,7.3,0,0.0,Medio,9.3,reprobado
27.1,94.0,18.8,0,0.0,Bajo,20.0,aprobado
26.9,72.2,10.4,0,0.0,Medio,17.4,aprobado
5.5,94.4,19.1,0,0.0,Alto,16.1,aprobado
12.7,58.0,12.4,0,0.0,Medio,13.8,en_riesgo
16.5,79.6,17.3,1,46.0,Alto,16.5,aprobado
,48.8,6.2,0,0.0,Bajo,6.1,reprobado
28.4,50.1,18.5,1,29.0,Medio,18.7,aprobado
17.3,55.5,13.0,0,0.0,Bajo,14.9,aprobado
7.9,44.8,8.3,0,0.0,Medio,9.7,reprobado
19.4,78.9,5.1,0,0.0,Alto,14.6,aprobado
2.9,42.4,13.4,1,37.0,Medio,7.5,reprobado
9.5,72.0,,1,16.0,Alto,14.2,aprobado
17.1,86.1,12.1,1,41.0,Alto,11.8,en_riesgo
15.7,60.3,13.3,1,10.0,Alto,13.8,en_riesgo
5.5,95.2,10.0,1,36.0,Medio,11.7,en_riesgo
18.2,69.8,17.0,0,0.0,Medio,16.8,aprobado
24.5,41.4,6.2,0,0.0,Alto,15.0,aprobado
24.5,48.7,15.2,0,0.0,Medio,15.9,aprobado
14.9,65.9,,1,34.0,Medio,10.8,reprobado
18.3,95.3,12.6,0,0.0,Alto,16.9,aprobado
3.1,72.7,8.6,1,25.0,Bajo,9.1,reprobado
7.0,79.9,6.5,0,0.0,Alto,9.0,reprobado
3.1,41.9,16.6,1,24.0,Medio,10.6,reprobado
27.2,60.3,9.2,0,0.0,Medio,15.4,aprobado
14.4,50.7,15.6,0,0.0,Bajo,13.4,en_riesgo
17.9,93.3,10.0,0,0.0,Medio,15.8,aprobado
,68.4,17.8,1,23.0,Medio,10.9,reprobado
13.8,85.6,9.0,0,0.0,Alto,14.2,aprobado
15.5,71.4,15.7,1,18.0,Medio,15.7,aprobado
9.3,95.6,5.4,0,0.0,Medio,11.4,en_riesgo
24.4,62.3,15.4,1,40.0,Medio,17.4,aprobado
13.3,40.1,18.6,0,0.0,Medio,13.4,en_riesgo
,82.0,17.0,1,27.0,Alto,20.0,aprobado
29.2,54.9,14.5,0,0.0,Medio,18.2,aprobado
15.6,76.6,8.0,1,29.0,medio,11.1,en_riesgo
4.7,78.4,5.7,1,47.0,Bajo,4.9,reprobado
23.0,43.2,8.9,1,10.0,Bajo,13.2,en_riesgo
17.2,94.6,6.2,0,0.0,Bajo,11.1,en_riesgo
3.7,56.6,16.9,0,0.0,Bajo,10.7,reprobado
27.8,76.9,19.8,0,0.0,Alto,20.0,aprobado
11.3,41.3,16.8,0,0.0,Bajo,12.4,en_riesgo
12.3,71.3,16.8,1,29.0,Alto,14.3,aprobado
7.9,59.4,16.6,0,0.0,Bajo,14.3,aprobado
15.0,70.3,16.9,0,0.0,Medio,17.6,aprobado
,81.2,9.8,1,13.0,Alto,14.9,aprobado
17.4,82.5,7.6,0,0.0,Alto,12.2,en_riesgo
28.6,49.1,11.0,0,0.0,Bajo,17.4,aprobado
22.8,94.5,,1,10.0,Bajo,20.0,aprobado
6.2,68.6,15.6,1,29.0,Bajo,10.8,reprobado
19.3,60.2,15.2,0,0.0,Medio,16.5,aprobado
13.4,46.1,10.3,0,0.0,Bajo,10.8,reprobado
12.5,52.2,,1,16.0,Medio,14.1,aprobado
3.6,76.9,18.2,0,0.0,Alto,13.2,en_riesgo
14.5,84.7,17.2,0,0.0,Bajo,14.9,aprobado
26.2,92.9,18.1,1,11.0,Bajo,20.0,aprobado
18.0,84.2,16.7,0,0.0,Medio,17.7,aprobado
3.9,79.3,17.6,0,0.0,Medio,12.6,en_riesgo
1.6,53.1,10.6,1,39.0,Alto,8.2,reprobado
29.7,63.7,8.6,1,10.0,Medio,15.4,aprobado
4.5,73.2,18.9,1,21.0,Medio,12.3,en_riesgo
21.5,98.1,,0,0.0,Medio,20.0,aprobado
18.1,93.5,18.9,0,0.0,Alto,18.5,aprobado
1.8,97.7,18.1,0,0.0,Bajo,14.2,aprobado
2.4,86.2,14.9,0,0.0,Bajo,12.5,en_riesgo
16.8,68.1,13.1,1,16.0,Bajo,13.9,en_riesgo
12.7,62.6,9.3,1,40.0,Bajo,8.9,reprobado
19.3,77.1,6.0,1,37.0,Medio,9.2,reprobado
22.6,65.9,9.8,1,24.0,Bajo,13.1,en_riesgo
5.9,62.8,7.5,1,33.0,Medio,8.5,reprobado
3.3,45.5,9.6,0,0.0,Medio,6.8,reprobado
17.0,94.2,,1,32.0,Bajo,12.3,en_riesgo
22.8,88.0,6.7,1,33.0,Bajo,13.7,en_riesgo
3.7,99.8,18.3,0,0.0,Bajo,13.5,en_riesgo
,69.1,8.5,1,18.0,Medio,8.7,reprobado
19.2,84.5,17.4,0,0.0,Bajo,19.1,aprobado
,97.0,13.9,1,32.0,Bajo,12.6,en_riesgo
19.2,93.8,9.6,1,16.0,medio,15.3,aprobado
22.5,93.0,18.0,1,35.0,Bajo,16.4,aprobado
2.9,48.2,16.3,1,32.0,Bajo,8.7,reprobado
15.7,59.7,11.8,1,32.0,Bajo,12.2,en_riesgo
26.6,97.0,9.0,0,0.0,Medio,16.1,aprobado
29.4,76.1,13.6,0,0.0,BAJO,18.2,aprobado
,59.8,13.2,0,0.0,Bajo,8.1,reprobado
11.0,68.8,14.0,1,9.0,Bajo,12.4,en_riesgo
14.0,42.6,15.9,0,0.0,Alto,14.4,aprobado
23.2,76.8,15.4,1,13.0,Alto,17.9,aprobado
28.4,55.0,19.2,1,12.0,Bajo,18.5,aprobado
22.9,84.6,16.4,0,0.0,Bajo,18.1,aprobado
17.2,50.1,14.3,0,0.0,Medio,13.7,en_riesgo
25.6,72.5,,0,0.0,Medio,20.0,aprobado
24.9,76.7,10.2,1,13.0,Medio,16.1,aprobado
20.3,94.6,7.5,0,0.0,Medio,11.5,en_riesgo
10.4,54.3,10.8,1,34.0,Bajo,9.0,reprobado
26.7,62.8,17.1,0,0.0,Medio,18.2,aprobado
1.5,68.2,13.2,1,47.0,Bajo,5.8,reprobado
4.7,89.9,17.9,0,0.0,Bajo,12.8,en_riesgo
29.0,89.5,17.0,0,0.0,Bajo,20.0,aprobado
,72.3,16.7,1,36.0,Medio,13.1,en_riesgo
24.5,61.9,6.6,0,0.0,Alto,14.2,aprobado
26.9,57.2,14.1,0,0.0,Medio,20.0,aprobado
21.4,53.4,18.1,0,0.0,Bajo,17.2,aprobado
18.8,62.0,13.7,1,26.0,Medio,14.3,aprobado
15.9,64.8,7.2,1,46.0,Medio,8.6,reprobado
,95.1,6.0,1,8.0,Medio,12.9,en_riesgo
7.1,77.1,6.9,0,0.0,Alto,9.6,reprobado
19.7,76.8,13.8,0,0.0,Medio,15.0,aprobado
,49.8,18.6,0,0.0,Medio,12.3,en_riesgo
3.7,98.6,,0,0.0,Medio,13.8,en_riesgo
13.9,42.8,7.8,1,12.0,Bajo,11.9,en_riesgo
25.9,42.8,8.0,1,28.0,Medio,12.5,en_riesgo
17.4,74.2,8.0,0,0.0,medio,14.6,aprobado
18.8,56.0,13.6,0,0.0,Medio,15.4,aprobado
1.7,57.7,5.1,1,38.0,Medio,5.9,reprobado
2.9,73.1,15.6,0,0.0,Bajo,13.5,en_riesgo
11.2,42.2,11.2,1,47.0,Medio,8.0,reprobado
29.3,71.6,6.1,0,0.0,Bajo,16.5,aprobado
10.9,82.7,10.5,0,0.0,Medio,16.1,aprobado
,81.8,5.2,1,25.0,Medio,7.8,reprobado
27.4,69.7,9.2,0,0.0,Medio,16.1,aprobado
25.9,99.6,,0,0.0,Bajo,18.8,aprobado
13.0,56.1,17.4,1,20.0,Alto,14.1,aprobado
26.3,91.1,17.6,1,37.0,alto,19.7,aprobado
4.1,42.7,16.8,0,0.0,Medio,12.6,en_riesgo
7.2,46.0,7.5,1,39.0,Bajo,6.9,reprobado
5.6,85.2,7.4,0,0.0,Bajo,6.8,reprobado
23.4,50.8,18.0,1,17.0,Bajo,15.8,aprobado
6.1,48.1,11.9,0,0.0,Bajo,9.5,reprobado
,55.5,17.9,1,21.0,Bajo,16.5,aprobado
24.2,40.7,13.3,0,0.0,Medio,15.7,aprobado
17.0,54.7,19.2,0,0.0,Bajo,15.0,aprobado
6.6,43.8,16.7,0,0.0,Alto,12.1,en_riesgo
26.7,47.3,6.1,0,0.0,Medio,14.6,aprobado
23.9,89.1,7.6,1,34.0,Medio,15.0,aprobado
28.1,45.3,15.6,0,0.0,Alto,17.6,aprobado
9.9,71.8,11.6,0,0.0,Bajo,12.3,en_riesgo
22.0,71.1,7.4,0,0.0,Bajo,14.1,aprobado
,67.7,8.8,0,0.0,Bajo,8.2,reprobado
24.7,92.5,11.1,0,0.0,Medio,17.9,aprobado
4.2,91.5,8.3,0,0.0,Medio,12.3,en_riesgo
19.1,46.4,19.2,0,0.0,Medio,19.3,aprobado
15.1,79.5,13.8,1,47.0,Medio,13.0,en_riesgo
5.9,52.3,,0,0.0,Bajo,8.9,reprobado
18.6,67.1,6.5,0,0.0,Alto,14.3,aprobado
16.2,93.3,15.1,0,0.0,Alto,19.5,aprobado
30.0,40.1,,1,37.0,Medio,16.8,aprobado
,42.9,14.0,1,23.0,Medio,10.1,reprobado
12.7,86.6,8.7,0,0.0,Medio,15.8,aprobado
26.1,71.5,18.0,1,40.0,Bajo,20.0,aprobado
23.7,52.2,18.2,0,0.0,Bajo,17.5,aprobado
27.8,54.4,14.5,0,0.0,Alto,20.0,aprobado
20.1,59.9,12.4,0,0.0,Bajo,15.2,aprobado
14.3,80.3,7.5,1,46.0,Bajo,10.4,reprobado
,45.9,6.2,0,0.0,Bajo,9.8,reprobado
24.1,94.6,16.0,1,0.0,Alto,20.0,aprobado
,81.1,14.9,0,0.0,Bajo,12.7,en_riesgo
24.2,70.6,14.5,1,31.0,Medio,17.0,aprobado
11.0,84.9,10.5,0,0.0,Medio,13.7,en_riesgo
12.7,93.0,15.9,1,16.0,Bajo,14.9,aprobado
29.9,48.1,7.1,1,16.0,MEDIO,14.6,aprobado
3.0,46.8,15.6,0,0.0,Medio,12.5,en_riesgo
5.8,51.5,17.5,0,0.0,Medio,13.9,en_riesgo
17.1,82.1,9.4,1,28.0,Medio,13.0,en_riesgo
10.9,61.6,14.8,1,28.0,Medio,14.2,aprobado
24.7,72.7,,0,0.0,Bajo,17.3,aprobado
2.6,68.7,17.9,1,45.0,Bajo,10.8,reprobado
18.6,80.0,6.5,0,0.0,Medio,11.8,en_riesgo
17.2,86.3,,1,41.0,bajo,12.2,en_riesgo
1.5,62.6,17.2,0,0.0,Medio,11.3,en_riesgo
19.3,84.2,9.1,0,0.0,Medio,13.0,en_riesgo
8.3,80.6,11.1,1,38.0,Alto,11.3,en_riesgo
16.6,77.9,7.7,1,42.0,Medio,11.0,en_riesgo
21.7,53.5,11.3,1,24.0,Medio,14.2,aprobado
8.5,55.7,,1,24.0,Bajo,13.2,en_riesgo
21.4,70.2,13.5,0,0.0,Medio,17.2,aprobado
10.2,57.5,8.7,0,0.0,Alto,10.8,reprobado
18.1,63.2,,1,21.0,Medio,11.1,en_riesgo
21.0,40.3,18.5,0,0.0,bajo,16.3,aprobado
9.3,85.1,16.3,0,0.0,Medio,15.0,aprobado
27.9,66.9,13.1,1,33.0,Medio,17.1,aprobado
12.9,59.1,,0,0.0,ALTO,14.7,aprobado
26.1,66.5,5.6,1,8.0,Medio,15.6,aprobado
23.7,67.7,,0,0.0,Medio,16.1,aprobado
8.5,99.5,13.2,1,14.0,Medio,14.6,aprobado
25.4,92.0,5.7,0,0.0,Medio,16.9,aprobado
13.8,84.2,12.4,0,0.0,Bajo,15.5,aprobado
20.0,66.1,12.8,0,0.0,Alto,16.0,aprobado
15.7,74.6,5.5,1,43.0,Medio,8.9,reprobado
25.6,92.8,16.2,0,0.0,Bajo,19.6,aprobado
14.1,94.3,5.9,0,0.0,Medio,12.7,en_riesgo
18.0,73.7,8.2,0,0.0,Medio,13.3,en_riesgo
,62.7,18.0,0,0.0,Bajo,12.6,en_riesgo
21.6,44.5,5.9,1,37.0,Medio,11.3,en_riesgo
10.4,64.2,14.1,0,0.0,Alto,12.5,en_riesgo
2.4,40.0,6.1,0,0.0,Bajo,5.8,reprobado
7.4,83.3,19.3,1,40.0,Medio,14.0,aprobado
,52.3,13.6,0,0.0,Medio,16.4,aprobado
24.5,53.7,19.0,1,44.0,Medio,17.4,aprobado
25.2,81.3,5.7,1,36.0,Alto,14.2,aprobado
18.5,53.6,,0,0.0,Medio,16.7,aprobado
,75.3,7.5,0,0.0,Medio,10.0,reprobado
22.8,48.9,7.9,1,13.0,Medio,13.2,en_riesgo
14.6,95.8,5.1,1,25.0,Bajo,12.2,en_riesgo
8.3,50.9,18.3,1,41.0,Medio,11.9,en_riesgo
9.6,45.7,10.8,0,0.0,Medio,9.3,reprobado
5.8,48.6,10.9,0,0.0,Bajo,9.4,reprobado
19.5,83.1,10.3,0,0.0,Bajo,14.7,aprobado
9.4,85.4,17.8,1,14.0,Medio,15.0,aprobado
2.6,71.6,16.1,1,46.0,Medio,11.7,en_riesgo
12.6,82.2,14.9,0,0.0,Medio,13.9,en_riesgo
,43.6,9.4,1,30.0,Alto,11.8,en_riesgo
15.7,45.5,5.6,0,0.0,Bajo,9.0,reprobado
19.6,45.8,19.1,1,22.0,Bajo,13.6,en_riesgo
,61.7,18.2,0,0.0,Bajo,19.9,aprobado
19.1,42.9,10.0,0,0.0,Medio,13.2,en_riesgo
26.9,80.9,12.8,1,38.0,Alto,17.5,aprobado
18.5,64.9,19.0,0,0.0,Bajo,18.9,aprobado
6.1,85.7,10.7,1,8.0,Bajo,13.1,en_riesgo
6.7,55.2,15.9,0,0.0,Alto,15.5,aprobado
12.4,98.3,7.8,1,47.0,Alto,14.1,aprobado
26.2,92.9,13.8,0,0.0,Bajo,18.6,aprobado
12.1,77.9,10.5,1,22.0,Bajo,10.6,reprobado
5.7,86.4,18.0,1,22.0,MEDIO,15.0,aprobado
9.9,96.8,16.9,0,0.0,Alto,18.3,aprobado
11.4,52.1,16.2,0,0.0,Bajo,12.5,en_riesgo
26.7,66.6,13.1,0,0.0,Medio,15.2,aprobado
28.6,50.5,,0,0.0,MEDIO,18.0,aprobado
9.0,72.4,14.8,0,0.0,Alto,15.5,aprobado
23.7,76.0,14.1,1,18.0,Bajo,17.8,aprobado
21.9,97.3,5.9,1,41.0,Alto,14.6,aprobado
16.8,56.3,11.7,0,0.0,Medio,15.7,aprobado
7.1,63.5,9.5,0,0.0,Bajo,10.8,reprobado
22.7,43.3,5.1,1,11.0,Bajo,10.5,reprobado
23.0,78.6,19.2,1,10.0,Medio,19.4,aprobado
13.8,87.8,14.3,1,30.0,Alto,13.9,en_riesgo
24.1,58.8,18.1,0,0.0,Medio,17.8,aprobado
10.5,55.7,14.5,0,0.0,Alto,15.0,aprobado
16.0,67.0,11.8,0,0.0,Alto,13.7,en_riesgo
20.6,74.5,15.8,0,0.0,Medio,18.1,aprobado
27.9,84.9,9.4,0,0.0,Medio,12.1,en_riesgo
23.3,89.0,9.2,0,0.0,Bajo,14.1,aprobado
,66.3,12.2,0,0.0,Medio,16.9,aprobado
1.3,58.1,,0,0.0,Alto,8.6,reprobado
18.6,65.9,14.7,0,0.0,Bajo,18.3,aprobado
,46.3,18.2,0,0.0,Bajo,15.9,aprobado
8.5,84.9,10.9,0,0.0,Medio,12.2,en_riesgo
1.0,75.2,15.9,0,0.0,Bajo,14.1,aprobado
29.6,84.2,13.0,0,0.0,Medio,19.9,aprobado
22.1,58.4,8.1,0,0.0,ALTO,15.8,aprobado
20.9,48.8,11.8,0,0.0,Bajo,15.1,aprobado
19.0,87.8,6.7,0,0.0,Alto,17.4,aprobado
19.2,87.8,13.6,1,41.0,Bajo,14.8,aprobado
28.1,41.8,19.6,1,25.0,Alto,19.7,aprobado
19.8,98.1,13.2,1,25.0,Bajo,17.5,aprobado
5.3,78.6,10.9,1,17.0,Medio,8.6,reprobado
10.7,82.3,8.3,0,0.0,Bajo,12.2,en_riesgo
28.8,95.4,15.2,0,0.0,Alto,20.0,aprobado
7.0,50.5,8.1,0,0.0,alto,9.3,reprobado
17.6,41.8,9.3,1,34.0,Medio,11.1,en_riesgo
2.2,71.2,10.3,0,0.0,Bajo,9.2,reprobado
1.1,79.0,11.8,0,0.0,Medio,9.8,reprobado
12.4,49.4,8.0,1,25.0,Medio,9.7,reprobado
10.2,45.5,13.0,1,37.0,Medio,9.6,reprobado
1.0,63.7,12.0,1,40.0,Medio,6.8,reprobado
17.4,70.6,16.7,0,0.0,Bajo,16.1,aprobado
,99.3,17.3,0,0.0,Alto,20.0,aprobado
14.0,67.7,19.4,1,47.0,Alto,16.8,aprobado
,68.0,14.1,0,0.0,Alto,18.5,aprobado
28.5,61.9,14.3,1,21.0,Medio,17.7,aprobado
9.1,80.3,5.7,1,44.0,Alto,8.6,reprobado
20.1,98.0,15.9,1,43.0,Bajo,16.1,aprobado
22.7,44.2,7.2,0,0.0,Medio,15.2,aprobado
22.9,95.7,17.9,1,44.0,Bajo,17.6,aprobado
26.1,85.4,6.6,0,0.0,Medio,16.4,aprobado
25.5,70.8,8.7,1,44.0,BAJO,14.8,aprobado
24.2,49.7,11.4,1,17.0,Alto,15.2,aprobado
10.1,45.5,19.6,1,28.0,Bajo,9.6,reprobado
14.4,95.8,6.6,0,0.0,Bajo,12.9,en_riesgo
14.2,99.0,11.3,1,45.0,Alto,13.0,en_riesgo
6.1,96.9,15.9,1,41.0,Alto,13.3,en_riesgo
18.4,89.2,19.9,1,13.0,Alto,20.0,aprobado
16.0,68.2,7.8,0,0.0,Alto,13.3,en_riesgo
19.1,47.6,6.7,1,39.0,Bajo,9.3,reprobado
20.6,86.4,,0,0.0,Bajo,13.7,en_riesgo
14.3,79.5,14.5,1,12.0,Alto,15.0,aprobado
9.0,47.7,11.8,0,0.0,Medio,11.1,en_riesgo
23.5,77.4,17.5,0,0.0,Medio,20.0,aprobado
8.3,66.5,8.8,1,0.0,Medio,9.6,reprobado
3.8,96.2,7.9,1,10.0,Bajo,11.8,en_riesgo
,88.5,10.9,1,45.0,Medio,11.9,en_riesgo
3.1,79.9,6.8,0,0.0,Medio,6.7,reprobado
14.6,57.6,10.0,0,0.0,Medio,12.8,en_riesgo
,86.6,15.9,1,24.0,Medio,16.6,aprobado
13.6,86.2,18.2,1,21.0,ALTO,15.4,aprobado
1.8,49.5,17.6,1,8.0,Medio,11.3,en_riesgo
8.4,56.6,9.9,1,19.0,Bajo,8.1,reprobado
10.8,64.8,12.7,0,0.0,Medio,13.6,en_riesgo
20.0,45.6,,1,18.0,Bajo,12.5,en_riesgo
26.6,74.3,10.0,1,39.0,Alto,15.6,aprobado
17.4,93.4,15.8,1,27.0,Medio,16.1,aprobado
9.3,99.0,,0,0.0,Alto,13.7,en_riesgo
,79.9,15.0,0,0.0,Bajo,17.8,aprobado
24.6,75.8,14.3,1,21.0,Alto,17.1,aprobado
12.5,91.7,15.3,1,8.0,Medio,14.6,aprobado
18.0,74.4,9.6,0,0.0,Medio,12.3,en_riesgo
16.9,59.9,10.6,0,0.0,Bajo,13.1,en_riesgo
3.8,59.4,18.7,1,30.0,Bajo,13.5,en_riesgo
25.4,44.2,,0,0.0,Bajo,15.6,aprobado
11.4,70.3,11.8,1,26.0,Bajo,11.4,en_riesgo
19.8,66.5,5.3,1,13.0,Medio,13.9,en_riesgo
,63.0,6.7,0,0.0,Medio,4.9,reprobado
,84.2,,1,29.0,Bajo,9.3,reprobado
9.0,45.6,,1,26.0,Bajo,13.2,en_riesgo
7.0,75.2,9.8,0,0.0,Medio,9.2,reprobado
25.5,50.7,18.6,1,16.0,Alto,18.4,aprobado
17.9,92.5,17.5,0,0.0,Bajo,19.2,aprobado
18.8,98.1,,1,39.0,Bajo,13.6,en_riesgo
28.3,82.2,17.4,1,34.0,Alto,20.0,aprobado
22.9,91.2,12.6,1,16.0,Medio,17.7,aprobado
6.4,57.6,12.1,1,40.0,Medio,8.2,reprobado
12.1,93.5,11.2,0,0.0,Bajo,13.5,en_riesgo
20.0,93.2,18.8,1,8.0,Alto,20.0,aprobado
29.6,99.4,11.2,1,10.0,Medio,19.2,aprobado
,63.6,6.2,0,0.0,Medio,13.4,en_riesgo
13.4,69.6,16.2,0,0.0,Medio,15.4,aprobado
19.6,96.3,18.7,1,42.0,Medio,19.5,aprobado
,57.6,10.0,1,25.0,Medio,11.1,en_riesgo
20.5,63.7,19.5,0,0.0,Medio,18.1,aprobado
13.5,57.8,6.3,0,0.0,Bajo,10.4,reprobado
16.8,89.4,7.9,0,0.0,Alto,13.3,en_riesgo
21.5,61.9,18.3,0,0.0,Bajo,19.6,aprobado
3.4,78.2,11.2,0,0.0,Medio,9.8,reprobado
25.5,76.6,9.7,0,0.0,Medio,16.4,aprobado
25.5,54.0,17.9,1,43.0,Medio,18.3,aprobado
13.4,41.8,12.7,0,0.0,Bajo,12.2,en_riesgo
9.6,88.1,11.7,1,44.0,Medio,11.3,en_riesgo
10.8,58.8,9.1,0,0.0,Alto,12.1,en_riesgo
4.0,56.7,6.8,1,14.0,Medio,8.3,reprobado
18.3,86.7,10.6,0,0.0,Bajo,14.9,aprobado
6.1,41.6,19.7,1,45.0,Medio,9.8,reprobado
4.4,82.6,7.9,0,0.0,Medio,9.6,reprobado
16.4,91.5,8.0,0,0.0,Alto,16.0,aprobado
12.9,81.8,15.6,0,0.0,Alto,18.6,aprobado
10.0,66.9,13.4,0,0.0,Alto,13.5,en_riesgo
8.4,79.1,5.2,1,35.0,Alto,6.7,reprobado
24.5,73.2,8.7,0,0.0,Bajo,14.5,aprobado
4.0,85.8,12.7,1,41.0,Bajo,9.6,reprobado
21.7,70.4,13.1,0,0.0,Medio,17.6,aprobado
4.9,48.8,18.2,0,0.0,Medio,13.5,en_riesgo
27.8,70.4,6.2,0,0.0,Medio,15.5,aprobado
19.4,53.8,8.6,0,0.0,Medio,14.8,aprobado
8.5,59.2,13.0,0,0.0,Bajo,10.5,reprobado
2.2,99.9,14.7,1,14.0,Alto,13.5,en_riesgo
23.5,88.0,16.8,0,0.0,Bajo,18.4,aprobado
23.3,46.5,14.1,1,46.0,Bajo,13.8,en_riesgo
12.0,84.7,7.4,1,27.0,Bajo,8.7,reprobado
23.1,69.5,14.4,1,18.0,Bajo,16.8,aprobado
24.2,55.5,14.8,1,9.0,Bajo,15.9,aprobado
,72.7,8.9,0,0.0,Medio,10.6,reprobado
13.2,72.6,11.7,1,27.0,Medio,15.2,aprobado
17.5,68.4,,0,0.0,Bajo,15.2,aprobado
24.7,60.7,8.5,1,21.0,Bajo,12.4,en_riesgo
2.6,95.7,6.7,1,39.0,Medio,9.3,reprobado
23.5,99.7,14.4,1,24.0,Alto,19.4,aprobado
19.8,62.2,17.9,0,0.0,Bajo,14.9,aprobado
13.0,48.5,11.7,0,0.0,Bajo,8.8,reprobado
,82.9,18.7,1,32.0,Bajo,20.0,aprobado
14.7,78.1,6.0,1,47.0,Medio,9.0,reprobado
12.9,99.9,,0,0.0,Alto,18.1,aprobado
12.7,70.4,9.7,0,0.0,Medio,11.3,en_riesgo
9.5,56.8,15.2,0,0.0,Bajo,12.2,en_riesgo
23.6,41.3,17.0,1,41.0,Alto,16.1,aprobado
28.5,92.7,5.9,0,0.0,Medio,14.0,aprobado
14.2,97.8,15.3,1,9.0,Medio,17.0,aprobado
19.5,47.0,15.4,0,0.0,Bajo,14.4,aprobado
4.4,69.5,18.2,1,39.0,Alto,13.3,en_riesgo
19.0,78.7,8.1,1,22.0,Bajo,12.4,en_riesgo
21.8,94.4,19.9,0,0.0,Bajo,18.8,aprobado
8.7,96.8,13.6,1,10.0,Alto,15.3,aprobado
1.6,99.5,15.6,0,0.0,Alto,15.8,aprobado
17.3,78.0,8.5,0,0.0,Medio,13.4,en_riesgo
23.9,66.7,14.9,1,33.0,Medio,16.6,aprobado
23.7,43.1,20.0,0,0.0,Medio,20.0,aprobado
29.3,79.0,,0,0.0,Medio,15.9,aprobado
28.0,95.7,15.3,1,9.0,Alto,20.0,aprobado
9.6,46.5,10.1,0,0.0,Medio,10.9,reprobado
26.8,81.7,16.0,0,0.0,Medio,19.2,aprobado
18.4,97.7,5.9,1,20.0,Alto,12.2,en_riesgo
3.1,54.2,5.4,0,0.0,Medio,6.6,reprobado
2.6,98.1,15.2,0,0.0,Medio,12.4,en_riesgo
19.0,90.3,17.9,0,0.0,MEDIO,19.1,aprobado
3.2,56.3,11.9,1,38.0,ALTO,10.4,reprobado
18.1,61.0,8.2,0,0.0,Medio,13.8,en_riesgo
18.9,93.0,6.3,1,18.0,Medio,14.6,aprobado
21.1,95.0,11.8,1,38.0,Bajo,13.8,en_riesgo
18.6,99.1,17.9,0,0.0,Bajo,17.8,aprobado
22.1,57.1,8.6,0,0.0,Bajo,15.7,aprobado
17.7,89.2,9.3,0,0.0,Bajo,15.2,aprobado
27.7,72.7,18.1,0,0.0,Bajo,17.8,aprobado
30.0,91.6,16.8,1,14.0,Medio,20.0,aprobado
19.2,71.7,12.7,0,0.0,Medio,15.9,aprobado
11.6,62.2,16.2,1,24.0,Alto,13.4,en_riesgo
7.2,68.1,9.0,0,0.0,Bajo,10.9,reprobado
6.4,44.7,18.8,0,0.0,Alto,13.9,en_riesgo
6.7,77.0,19.1,0,0.0,Medio,15.7,aprobado
22.8,58.5,11.4,1,45.0,Medio,15.0,aprobado
17.9,89.7,7.0,0,0.0,Bajo,13.9,en_riesgo
27.6,40.9,13.2,0,0.0,Bajo,16.0,aprobado
7.7,58.4,19.3,1,8.0,Medio,13.2,en_riesgo
4.1,53.0,6.6,0,0.0,Bajo,7.8,reprobado
20.5,86.7,19.2,1,39.0,Bajo,17.1,aprobado
10.8,91.0,9.7,1,35.0,BAJO,10.5,reprobado
29.9,78.8,,1,38.0,Medio,18.7,aprobado
27.8,87.9,12.5,0,0.0,Bajo,19.0,aprobado
16.6,86.1,,0,0.0,Medio,16.4,aprobado
14.7,97.0,16.6,1,45.0,Medio,17.2,aprobado
10.1,84.2,8.5,0,0.0,Alto,13.2,en_riesgo
,61.7,9.1,0,0.0,Bajo,14.7,aprobado
,92.7,10.3,0,0.0,Bajo,17.1,aprobado
,51.8,13.9,1,37.0,Alto,17.3,aprobado
25.5,97.4,6.7,1,20.0,Alto,17.7,aprobado
27.6,65.0,18.3,0,0.0,Medio,20.0,aprobado
20.4,45.7,,1,38.0,Bajo,15.0,aprobado
12.3,47.7,19.9,0,0.0,Medio,16.9,aprobado
26.2,90.8,17.7,0,0.0,Medio,20.0,aprobado
1.1,53.5,8.1,0,0.0,Medio,7.8,reprobado
2.0,47.2,7.4,0,0.0,Alto,8.6,reprobado
21.5,81.8,7.4,0,0.0,Bajo,14.7,aprobado
20.8,82.9,10.5,1,31.0,Alto,15.9,aprobado
12.4,56.7,11.3,0,0.0,Bajo,10.8,reprobado
1.9,52.0,10.5,0,0.0,BAJO,7.9,reprobado
22.2,79.9,9.6,1,39.0,Medio,13.5,en_riesgo
2.3,43.4,9.2,0,0.0,Bajo,8.0,reprobado
7.3,48.7,7.5,1,30.0,Alto,8.1,reprobado
29.9,70.1,16.2,0,0.0,bajo,20.0,aprobado
12.6,93.1,,1,41.0,Bajo,13.7,en_riesgo
,90.1,13.4,0,0.0,Medio,20.0,aprobado
26.5,54.9,11.9,1,20.0,Alto,14.3,aprobado
17.2,78.9,10.1,0,0.0,Medio,16.2,aprobado
25.1,54.6,8.5,0,0.0,Bajo,12.7,en_riesgo
13.8,64.6,16.4,0,0.0,Alto,15.0,aprobado
14.8,90.0,6.3,1,44.0,Medio,9.0,reprobado
11.4,42.7,5.6,1,39.0,Alto,7.9,reprobado
16.0,77.5,6.3,0,0.0,Medio,12.7,en_riesgo
9.0,74.9,14.7,0,0.0,ALTO,13.4,en_riesgo
25.7,58.0,6.7,0,0.0,Medio,13.9,en_riesgo
19.9,95.7,8.1,0,0.0,Bajo,13.4,en_riesgo
20.7,84.8,18.3,1,29.0,Medio,19.2,aprobado
12.7,55.2,14.4,1,43.0,Alto,13.6,en_riesgo
22.6,49.3,14.0,0,0.0,Alto,16.3,aprobado
5.3,88.9,8.6,0,0.0,Medio,9.8,reprobado
,63.8,13.1,1,19.0,Bajo,13.0,en_riesgo
13.5,56.9,9.5,0,0.0,Alto,13.6,en_riesgo
10.3,49.4,19.6,0,0.0,Alto,15.1,aprobado
,44.6,16.1,1,21.0,Bajo,10.3,reprobado
,46.3,12.7,1,14.0,Medio,10.8,reprobado
13.3,49.6,10.0,0,0.0,Alto,9.9,reprobado
2.6,47.5,18.8,0,0.0,Medio,12.1,en_riesgo
4.7,78.9,7.2,0,0.0,Medio,10.3,reprobado
14.8,90.6,11.8,1,44.0,Medio,11.0,en_riesgo
5.4,86.8,15.0,0,0.0,Bajo,12.7,en_riesgo
20.8,66.0,8.8,0,0.0,Medio,15.4,aprobado
23.7,66.7,18.6,0,0.0,Medio,20.0,aprobado
4.9,81.2,19.9,0,0.0,Medio,15.0,aprobado
4.2,98.0,,1,12.0,Alto,11.3,en_riesgo
29.6,85.3,11.4,0,0.0,Medio,20.0,aprobado
16.7,44.2,19.1,1,31.0,Medio,16.3,aprobado
22.3,88.4,6.6,1,14.0,Alto,15.1,aprobado
14.3,87.2,14.6,1,10.0,Medio,16.6,aprobado
1.6,47.6,8.6,0,0.0,Medio,6.3,reprobado
3.8,65.4,11.6,1,20.0,Bajo,8.7,reprobado
23.1,94.7,7.5,0,0.0,Medio,15.9,aprobado
27.4,58.6,8.8,0,0.0,Medio,15.1,aprobado
7.5,72.6,14.3,0,0.0,Alto,12.5,en_riesgo
29.0,64.3,19.5,1,29.0,Alto,19.5,aprobado
16.1,68.1,6.0,1,13.0,Medio,12.0,en_riesgo
10.7,88.1,9.8,0,0.0,MEDIO,11.5,en_riesgo
18.5,93.6,16.3,1,0.0,Bajo,16.3,aprobado
22.9,94.5,5.6,0,0.0,Medio,15.0,aprobado
19.4,57.4,14.1,0,0.0,Alto,16.6,aprobado
20.0,43.9,7.1,0,0.0,Bajo,11.5,en_riesgo
19.0,50.1,17.6,1,28.0,Bajo,15.0,aprobado
5.5,73.4,8.1,0,0.0,Medio,9.3,reprobado
13.0,45.7,7.2,0,0.0,Bajo,8.4,reprobado
19.0,59.0,19.8,0,0.0,Medio,16.0,aprobado
,49.5,7.2,0,0.0,Alto,8.4,reprobado
1.0,88.8,16.5,0,0.0,Alto,14.5,aprobado
12.9,76.0,,0,0.0,Medio,15.0,aprobado
18.9,65.4,10.8,0,0.0,Bajo,15.1,aprobado
11.7,52.1,17.4,0,0.0,Bajo,12.9,en_riesgo
27.6,40.5,19.3,0,0.0,Medio,18.5,aprobado
4.9,87.4,17.6,1,45.0,Bajo,11.8,en_riesgo
18.2,92.7,16.9,0,0.0,Medio,18.4,aprobado
19.9,54.1,19.9,0,0.0,Medio,17.4,aprobado
22.5,80.6,6.5,0,0.0,Bajo,14.0,aprobado
9.7,88.6,17.0,1,32.0,Medio,16.5,aprobado
2.7,42.2,13.0,0,0.0,Alto,11.5,en_riesgo
,68.0,12.7,0,0.0,Medio,16.1,aprobado
6.8,83.1,15.0,0,0.0,Alto,16.5,aprobado
21.9,87.2,14.6,1,14.0,Medio,15.7,aprobado
22.3,63.2,5.3,0,0.0,Bajo,11.4,en_riesgo
6.2,58.8,19.2,1,12.0,Bajo,12.5,en_riesgo
28.6,49.1,17.2,1,17.0,Medio,18.1,aprobado
22.2,99.7,17.4,0,0.0,Medio,18.3,aprobado
23.6,45.6,5.4,0,0.0,Medio,11.9,en_riesgo
16.5,46.9,14.4,1,26.0,Medio,13.9,en_riesgo
8.9,77.7,14.9,0,0.0,Bajo,14.3,aprobado
5.1,44.1,6.4,0,0.0,Medio,6.3,reprobado
23.2,98.8,19.1,0,0.0,Alto,20.0,aprobado
4.9,85.7,10.1,0,0.0,Medio,12.6,en_riesgo
24.7,60.4,9.2,0,0.0,Medio,15.3,aprobado
10.3,48.3,17.6,0,0.0,Alto,16.1,aprobado
29.9,79.2,17.0,0,0.0,Bajo,20.0,aprobado
20.6,75.4,16.2,1,46.0,Alto,15.5,aprobado
1.3,53.1,10.4,0,0.0,Alto,6.7,reprobado
7.6,49.8,6.7,0,0.0,Bajo,8.7,reprobado
2.5,62.9,9.6,1,44.0,Alto,7.0,reprobado
28.3,59.6,13.4,0,0.0,Bajo,16.6,aprobado
13.0,55.2,5.9,0,0.0,Alto,11.3,en_riesgo
,79.1,10.1,1,38.0,Alto,17.9,aprobado
12.4,57.6,17.1,1,32.0,Bajo,13.8,en_riesgo
9.0,73.0,19.4,1,18.0,Medio,15.4,aprobado
15.2,70.3,16.6,0,0.0,MEDIO,16.7,aprobado
29.0,47.4,6.4,1,8.0,Bajo,13.6,en_riesgo
13.2,83.2,12.8,0,0.0,Bajo,15.0,aprobado
13.6,54.6,14.0,0,0.0,Bajo,11.6,en_riesgo
1.8,52.3,17.1,1,45.0,Alto,12.7,en_riesgo
22.1,95.1,6.3,1,32.0,Bajo,13.2,en_riesgo
11.6,66.7,10.6,0,0.0,Bajo,13.2,en_riesgo
26.9,88.4,5.7,0,0.0,Medio,17.6,aprobado
12.3,50.1,15.8,0,0.0,Alto,16.0,aprobado
4.3,96.6,5.3,0,0.0,Medio,10.4,reprobado
22.6,97.5,14.6,1,43.0,Bajo,16.6,aprobado
26.6,86.2,14.7,0,0.0,Bajo,18.7,aprobado
26.0,96.9,17.7,1,12.0,Bajo,20.0,aprobado
27.9,78.1,10.8,1,44.0,Bajo,14.7,aprobado
20.5,78.1,14.1,1,9.0,medio,15.0,aprobado
23.3,69.2,17.1,0,0.0,Medio,19.7,aprobado
2.6,88.0,7.6,0,0.0,Medio,9.5,reprobado
9.5,75.7,9.6,1,20.0,Medio,10.1,reprobado
18.2,96.3,12.5,1,12.0,Bajo,15.4,aprobado
29.1,57.7,12.1,0,0.0,Alto,19.3,aprobado
12.3,61.2,,0,0.0,Bajo,12.1,en_riesgo
9.4,45.6,11.9,1,36.0,Medio,10.9,reprobado
7.8,74.0,16.0,0,0.0,Alto,16.3,aprobado
29.6,91.3,8.3,1,32.0,Medio,17.0,aprobado
20.9,90.1,18.0,0,0.0,Medio,18.2,aprobado
19.3,91.7,5.2,0,0.0,Medio,13.3,en_riesgo
27.5,53.3,20.0,1,17.0,Medio,20.0,aprobado
25.6,47.7,17.6,1,14.0,Medio,16.9,aprobado
22.9,86.7,,0,0.0,Medio,12.2,en_riesgo
6.1,54.3,12.9,1,11.0,Medio,12.3,en_riesgo
3.5,43.4,18.5,1,20.0,Medio,9.5,reprobado
26.1,93.5,16.7,1,15.0,Bajo,19.4,aprobado
,40.6,,1,11.0,Alto,10.9,reprobado
25.0,73.9,15.5,0,0.0,Bajo,18.1,aprobado
7.0,57.1,12.3,0,0.0,Bajo,8.9,reprobado
21.0,62.4,9.9,1,10.0,Medio,15.2,aprobado
1.3,40.8,16.1,0,0.0,Medio,10.5,reprobado
3.9,85.6,16.7,0,0.0,Alto,15.5,aprobado
10.5,51.1,15.4,1,24.0,Medio,12.7,en_riesgo
15.3,98.1,5.4,0,0.0,Bajo,10.2,reprobado
27.8,73.6,13.2,1,8.0,Alto,19.1,aprobado
5.7,80.0,15.1,1,30.0,Alto,11.3,en_riesgo
7.8,81.9,19.3,1,38.0,Bajo,12.7,en_riesgo
22.7,50.1,,1,30.0,Bajo,13.0,en_riesgo
5.9,64.4,7.6,1,11.0,Medio,10.6,reprobado
,50.9,11.7,1,28.0,Medio,9.2,reprobado
3.6,83.9,7.4,1,29.0,Medio,8.4,reprobado
24.4,88.5,,1,24.0,Medio,11.4,en_riesgo
27.4,66.8,15.9,1,32.0,alto,17.9,aprobado
22.4,63.6,,0,0.0,Medio,15.7,aprobado
15.9,90.5,19.5,0,0.0,Alto,19.7,aprobado
12.9,71.0,11.3,1,42.0,Bajo,11.4,en_riesgo
26.1,49.5,9.8,0,0.0,Alto,16.0,aprobado
2.8,90.4,8.4,0,0.0,Medio,11.1,en_riesgo
10.8,43.7,11.4,0,0.0,Bajo,11.2,en_riesgo
3.2,41.7,10.6,0,0.0,Medio,8.2,reprobado
13.6,73.4,10.8,1,40.0,Medio,12.6,en_riesgo
4.2,70.6,14.3,1,43.0,Bajo,10.7,reprobado
21.9,94.4,19.1,0,0.0,Medio,20.0,aprobado
26.4,80.8,17.1,1,34.0,Bajo,18.5,aprobado
6.2,59.5,9.9,1,32.0,Bajo,6.5,reprobado
13.6,78.1,12.5,0,0.0,Medio,13.5,en_riesgo
16.6,63.5,12.1,1,35.0,Medio,13.4,en_riesgo
6.7,59.4,11.5,1,21.0,Medio,11.0,en_riesgo
19.1,40.1,15.5,0,0.0,Medio,14.8,aprobado
16.8,79.3,10.9,1,23.0,Medio,14.8,aprobado
26.3,42.7,,1,33.0,Alto,16.1,aprobado
25.6,75.6,16.8,1,32.0,Alto,20.0,aprobado
11.7,66.7,7.9,1,42.0,Medio,9.1,reprobado
16.3,57.0,14.5,0,0.0,Medio,14.0,aprobado
4.9,91.6,10.4,0,0.0,Bajo,9.5,reprobado
14.3,75.3,19.4,0,0.0,Bajo,16.7,aprobado
27.8,92.0,,0,0.0,Medio,16.3,aprobado
7.6,53.9,17.7,0,0.0,bajo,12.8,en_riesgo
7.8,97.5,10.4,0,0.0,Medio,11.5,en_riesgo
12.0,75.6,6.0,0,0.0,Bajo,7.9,reprobado
3.7,91.5,10.5,1,47.0,Medio,10.7,reprobado
5.3,86.5,9.4,1,42.0,Bajo,7.7,reprobado
,88.2,6.8,0,0.0,Medio,11.1,en_riesgo
28.7,65.4,12.0,0,0.0,Alto,18.1,aprobado
22.6,82.4,11.7,1,47.0,Medio,13.8,en_riesgo
12.9,49.7,,0,0.0,Bajo,13.2,en_riesgo
14.8,82.4,11.0,1,26.0,Alto,11.9,en_riesgo
9.9,69.1,12.6,1,42.0,Medio,10.3,reprobado
11.4,47.8,15.3,0,0.0,Bajo,15.0,aprobado
29.1,96.9,18.9,0,0.0,Medio,20.0,aprobado
27.3,83.0,19.6,0,0.0,Medio,19.9,aprobado
7.6,54.0,6.2,1,13.0,Medio,6.9,reprobado
1.6,44.1,6.1,0,0.0,Bajo,4.1,reprobado
18.4,58.4,8.4,0,0.0,Medio,13.2,en_riesgo
27.1,79.6,15.0,1,15.0,Medio,18.9,aprobado
21.7,76.5,8.9,0,0.0,Medio,15.1,aprobado
9.9,84.4,,1,42.0,Bajo,8.0,reprobado
21.1,50.8,6.9,0,0.0,Bajo,11.3,en_riesgo
27.3,67.2,6.0,0,0.0,Alto,16.3,aprobado
17.6,61.4,7.1,0,0.0,Bajo,12.1,en_riesgo
9.0,92.5,,0,0.0,Medio,14.6,aprobado
20.4,40.8,14.7,0,0.0,Bajo,16.0,aprobado
17.8,62.8,,0,0.0,Bajo,17.2,aprobado
2.0,48.7,14.9,0,0.0,Medio,9.8,reprobado
23.2,80.2,16.2,0,0.0,Medio,19.3,aprobado
24.0,57.0,8.9,0,0.0,Alto,16.2,aprobado
26.0,71.6,18.3,1,37.0,Alto,20.0,aprobado
22.0,41.2,18.5,1,46.0,Medio,14.2,aprobado
,53.3,10.4,1,23.0,Bajo,6.1,reprobado
9.2,56.6,18.6,0,0.0,Bajo,14.0,aprobado
28.1,42.7,6.5,0,0.0,Bajo,11.9,en_riesgo
6.8,99.9,17.2,0,0.0,Alto,18.1,aprobado
19.1,99.7,17.5,1,40.0,Medio,18.1,aprobado
14.4,45.8,12.8,0,0.0,Medio,13.3,en_riesgo
4.3,88.7,,0,0.0,Bajo,14.8,aprobado
15.9,79.1,11.8,1,45.0,Alto,15.1,aprobado
11.5,40.8,17.8,1,13.0,Medio,13.9,en_riesgo
23.0,69.4,13.0,1,39.0,Alto,16.1,aprobado
6.6,52.7,19.4,0,0.0,Bajo,13.1,en_riesgo
25.1,67.9,19.8,0,0.0,Alto,20.0,aprobado
23.0,80.5,9.0,0,0.0,Alto,16.8,aprobado
18.5,71.0,5.7,0,0.0,Medio,12.8,en_riesgo
,94.3,19.0,1,46.0,Medio,13.0,en_riesgo
28.7,66.3,13.6,0,0.0,Medio,15.7,aprobado
18.5,92.2,20.0,1,16.0,Alto,19.9,aprobado
,76.6,,0,0.0,Medio,13.1,en_riesgo
10.5,66.7,14.4,0,0.0,Bajo,13.4,en_riesgo
17.8,41.3,13.6,0,0.0,Bajo,13.5,en_riesgo
6.3,81.5,18.0,1,11.0,Bajo,13.1,en_riesgo
17.0,68.4,14.3,1,18.0,Bajo,13.4,en_riesgo
11.2,72.0,18.3,0,0.0,Bajo,17.3,aprobado
4.7,41.7,14.2,0,0.0,Medio,11.9,en_riesgo
20.2,55.0,5.5,1,37.0,Medio,10.9,reprobado
22.2,60.3,16.7,0,0.0,Medio,17.6,aprobado
,96.1,6.8,1,35.0,Bajo,14.4,aprobado
24.3,76.7,19.8,0,0.0,Medio,20.0,aprobado
22.0,59.1,19.3,0,0.0,Bajo,18.6,aprobado
24.7,82.6,8.5,0,0.0,BAJO,16.3,aprobado
21.3,78.0,19.6,0,0.0,Medio,20.0,aprobado
,85.0,17.0,1,21.0,Medio,16.8,aprobado
12.2,78.9,9.1,1,0.0,Alto,13.3,en_riesgo
,50.1,18.6,1,21.0,Bajo,17.3,aprobado
4.9,79.3,6.9,0,0.0,Medio,10.6,reprobado
28.6,97.9,19.0,0,0.0,Bajo,20.0,aprobado
9.3,82.0,14.5,0,0.0,Medio,16.3,aprobado
6.8,86.9,,0,0.0,Medio,16.5,aprobado
22.2,84.4,12.1,0,0.0,Bajo,17.1,aprobado
17.7,54.7,6.4,1,0.0,Medio,10.5,reprobado
9.3,40.2,6.9,0,0.0,Alto,9.4,reprobado
19.4,42.8,16.6,1,43.0,Medio,15.9,aprobado
8.4,83.4,15.0,1,27.0,Medio,11.1,en_riesgo
15.9,93.8,17.7,1,26.0,Bajo,16.9,aprobado
24.1,64.8,15.5,1,41.0,Bajo,15.7,aprobado
1.6,62.7,15.6,0,0.0,ALTO,11.6,en_riesgo
21.7,62.9,6.4,1,38.0,Medio,13.1,en_riesgo
11.0,48.6,6.8,1,13.0,Medio,8.6,reprobado
,80.1,17.7,0,0.0,Medio,18.1,aprobado
5.0,89.5,8.5,1,10.0,Bajo,10.8,reprobado
28.0,59.7,15.8,1,13.0,Medio,19.1,aprobado
9.6,78.5,,1,8.0,Medio,14.3,aprobado
17.5,75.7,8.6,1,0.0,Bajo,10.3,reprobado
4.4,41.5,18.1,0,0.0,Bajo,12.3,en_riesgo
23.0,91.1,17.4,0,0.0,Medio,19.1,aprobado
24.0,46.9,14.1,1,43.0,Bajo,13.8,en_riesgo
20.8,77.7,16.1,1,18.0,Medio,17.2,aprobado
7.8,71.0,18.8,0,0.0,Medio,15.8,aprobado
16.9,65.8,11.6,0,0.0,Medio,12.2,en_riesgo
21.2,50.1,6.8,1,23.0,Medio,10.8,reprobado
12.4,69.8,7.9,0,0.0,Bajo,9.7,reprobado
10.9,85.5,9.3,0,0.0,Bajo,11.0,en_riesgo
13.9,58.4,9.1,1,29.0,Alto,11.3,en_riesgo
9.5,60.8,11.3,0,0.0,Medio,9.4,reprobado
27.8,44.8,18.1,1,22.0,Medio,18.6,aprobado
25.1,68.4,12.2,0,0.0,Alto,19.8,aprobado
13.1,95.2,16.1,0,0.0,Alto,18.8,aprobado
21.0,83.6,7.9,0,0.0,Medio,15.1,aprobado
23.6,92.9,17.5,1,44.0,Bajo,16.6,aprobado
20.7,45.1,8.4,1,44.0,Alto,12.6,en_riesgo
1.3,47.4,8.7,0,0.0,Bajo,7.6,reprobado
18.0,53.3,19.9,1,9.0,Alto,18.9,aprobado
23.4,69.0,14.4,0,0.0,Medio,18.2,aprobado
,48.9,14.8,1,18.0,Medio,12.3,en_riesgo
17.7,93.2,18.0,1,41.0,Medio,17.0,aprobado
8.9,87.4,18.5,1,46.0,Bajo,15.8,aprobado
18.4,89.3,6.2,0,0.0,Medio,11.5,en_riesgo
,44.3,8.3,0,0.0,Medio,10.7,reprobado
14.9,45.9,7.9,1,23.0,Medio,10.6,reprobado
25.7,84.6,9.7,0,0.0,Bajo,17.2,aprobado
15.4,69.4,5.4,1,36.0,Alto,10.7,reprobado
9.5,99.8,,0,0.0,Medio,10.5,reprobado
27.1,77.3,12.5,0,0.0,Medio,17.4,aprobado
,55.7,16.1,1,34.0,Bajo,10.9,reprobado
17.4,85.2,9.4,1,44.0,Medio,11.0,en_riesgo
6.3,91.3,18.6,1,26.0,Medio,14.7,aprobado
25.2,72.7,,1,28.0,Bajo,16.1,aprobado
6.6,90.2,11.1,1,14.0,Medio,10.7,reprobado
,80.5,12.4,1,12.0,Medio,15.6,aprobado
3.7,93.7,14.1,1,9.0,Medio,11.6,en_riesgo
2.5,94.8,16.9,1,40.0,Bajo,13.2,en_riesgo
23.9,84.8,15.9,1,14.0,Alto,20.0,aprobado
3.9,50.2,18.8,1,31.0,Bajo,11.1,en_riesgo
3.2,72.5,8.3,0,0.0,Bajo,8.1,reprobado
25.7,60.2,10.1,1,40.0,Bajo,14.0,aprobado
24.1,63.5,17.8,0,0.0,Medio,20.0,aprobado
29.5,52.4,11.5,1,21.0,Alto,17.2,aprobado
4.4,46.0,5.5,0,0.0,Medio,7.8,reprobado
22.0,53.9,,0,0.0,Alto,14.5,aprobado
12.3,75.0,6.1,0,0.0,Medio,9.2,reprobado
14.3,49.0,18.9,0,0.0,Medio,17.6,aprobado
26.9,51.1,19.0,1,41.0,Medio,20.0,aprobado
7.3,86.8,15.9,1,14.0,Alto,13.1,en_riesgo
,63.6,13.8,0,0.0,Medio,17.5,aprobado
6.1,97.6,15.0,1,35.0,Medio,12.7,en_riesgo
28.1,44.5,,0,0.0,Bajo,20.0,aprobado
18.8,72.1,11.2,1,10.0,Alto,13.4,en_riesgo
5.7,41.0,6.5,0,0.0,Medio,6.9,reprobado
18.6,49.3,17.3,0,0.0,Medio,15.3,aprobado
16.2,99.2,19.5,1,42.0,Bajo,16.7,aprobado
9.7,78.8,18.2,0,0.0,Bajo,16.9,aprobado
13.1,91.7,5.2,0,0.0,Medio,12.5,en_riesgo
22.8,67.6,6.3,0,0.0,Alto,13.3,en_riesgo
,57.5,20.0,1,22.0,Medio,13.2,en_riesgo
13.5,69.4,17.4,1,41.0,Bajo,13.0,en_riesgo
17.5,68.7,6.3,0,0.0,Alto,13.4,en_riesgo
19.4,87.4,15.7,0,0.0,Bajo,17.1,aprobado
,43.9,13.9,1,27.0,Medio,12.6,en_riesgo
2.8,99.5,10.4,0,0.0,Bajo,12.1,en_riesgo
4.4,83.3,8.9,1,17.0,Bajo,9.3,reprobado
1.7,85.5,11.4,0,0.0,Medio,11.1,en_riesgo
8.9,95.4,,1,47.0,Bajo,10.1,reprobado
9.1,42.8,9.6,0,0.0,Medio,8.8,reprobado
13.4,87.1,9.6,1,25.0,bajo,12.4,en_riesgo
5.7,75.0,15.4,0,0.0,Bajo,11.6,en_riesgo
7.1,87.5,12.5,1,27.0,Bajo,12.0,en_riesgo
3.4,62.8,11.7,0,0.0,Bajo,9.1,reprobado
2.0,67.4,9.9,0,0.0,Medio,11.1,en_riesgo
,98.2,11.2,0,0.0,Medio,12.3,en_riesgo
21.3,89.4,6.1,0,0.0,Medio,13.6,en_riesgo
4.3,84.0,14.1,1,44.0,Alto,10.2,reprobado
29.2,42.4,19.3,1,13.0,medio,18.6,aprobado
19.1,95.5,18.5,0,0.0,Bajo,19.2,aprobado
8.0,44.8,12.4,0,0.0,Medio,11.9,en_riesgo
26.8,71.8,11.5,0,0.0,Medio,17.9,aprobado
21.2,59.8,9.7,1,36.0,Alto,13.1,en_riesgo
4.0,78.9,7.4,1,15.0,alto,10.0,reprobado
7.4,88.4,15.6,1,40.0,Alto,11.7,en_riesgo
7.4,45.1,14.7,1,38.0,Bajo,9.1,reprobado
24.8,85.2,16.0,0,0.0,Bajo,17.3,aprobado
15.1,40.0,17.6,1,9.0,Bajo,14.7,aprobado
6.5,82.3,5.9,1,26.0,Alto,10.1,reprobado
27.7,79.5,12.0,1,44.0,Bajo,15.8,aprobado
10.1,89.9,5.3,1,14.0,bajo,9.4,reprobado
,78.9,8.1,0,0.0,Bajo,8.8,reprobado
6.4,59.8,9.4,0,0.0,Medio,11.6,en_riesgo
29.9,96.7,14.3,1,43.0,Medio,18.8,aprobado
16.4,89.3,11.2,1,0.0,Medio,13.9,en_riesgo
9.6,93.8,14.0,0,0.0,Bajo,12.2,en_riesgo
13.7,66.0,19.9,1,46.0,Bajo,14.1,aprobado
5.7,54.0,6.4,0,0.0,Medio,7.8,reprobado
17.9,45.7,19.1,0,0.0,medio,14.7,aprobado
20.8,65.2,14.8,1,23.0,Bajo,14.8,aprobado
12.4,48.8,14.4,0,0.0,Alto,13.4,en_riesgo
4.1,48.9,13.9,0,0.0,Bajo,10.3,reprobado
18.2,45.1,6.8,1,29.0,Bajo,8.9,reprobado
6.0,94.7,16.5,1,29.0,Medio,12.7,en_riesgo
25.5,88.1,7.7,1,11.0,Alto,17.0,aprobado
2.5,93.9,17.9,0,0.0,Alto,14.5,aprobado
4.7,60.5,10.0,0,0.0,Alto,10.8,reprobado
19.0,76.4,8.9,1,16.0,Bajo,13.1,en_riesgo
19.3,96.3,5.2,0,0.0,Bajo,13.1,en_riesgo
9.9,44.6,13.2,0,0.0,Alto,12.4,en_riesgo
21.6,97.5,10.2,0,0.0,Alto,17.7,aprobado
21.6,47.9,8.2,1,41.0,Alto,7.5,reprobado
16.1,98.6,18.9,0,0.0,Bajo,20.0,aprobado
8.3,76.2,14.2,0,0.0,Bajo,13.8,en_riesgo
17.8,70.5,,0,0.0,Medio,17.7,aprobado
,44.1,17.6,0,0.0,Medio,12.7,en_riesgo
11.7,75.8,19.7,0,0.0,Alto,16.9,aprobado
24.9,74.5,13.7,0,0.0,Medio,20.0,aprobado
26.5,83.7,12.3,1,37.0,Alto,16.3,aprobado
29.7,64.3,8.5,0,0.0,Alto,19.9,aprobado
4.7,98.1,19.3,0,0.0,Medio,14.3,aprobado
25.8,43.2,5.2,0,0.0,Bajo,11.9,en_riesgo
5.6,94.8,17.7,0,0.0,Bajo,15.7,aprobado
18.9,78.4,5.7,0,0.0,BAJO,12.9,en_riesgo
13.0,53.3,11.7,0,0.0,Alto,15.1,aprobado
12.9,51.1,17.1,0,0.0,Medio,12.6,en_riesgo
,91.2,13.3,1,29.0,Alto,18.5,aprobado
11.1,68.8,15.1,1,13.0,Bajo,16.5,aprobado
9.1,89.5,18.9,1,22.0,Bajo,17.3,aprobado
17.9,50.6,17.8,1,41.0,Medio,14.2,aprobado
25.3,57.0,15.9,1,42.0,Medio,16.0,aprobado
13.1,66.8,9.7,0,0.0,Medio,9.5,reprobado
8.0,46.6,5.8,0,0.0,Medio,8.9,reprobado
6.0,51.9,17.4,0,0.0,Alto,13.9,en_riesgo
9.4,93.3,15.0,0,0.0,Alto,16.6,aprobado
12.3,74.5,11.3,1,38.0,Alto,12.2,en_riesgo
12.3,98.4,16.2,0,0.0,Alto,17.6,aprobado
21.5,89.1,8.3,1,14.0,Alto,15.5,aprobado
22.5,42.1,15.1,1,0.0,Alto,15.9,aprobado
,44.3,6.3,1,43.0,ALTO,9.9,reprobado
19.5,77.8,9.6,0,0.0,Bajo,12.0,en_riesgo
13.4,49.4,19.4,1,47.0,Medio,12.8,en_riesgo
18.6,57.8,13.6,0,0.0,Medio,12.9,en_riesgo
3.1,64.4,7.7,1,13.0,Alto,9.1,reprobado
26.4,67.0,19.8,0,0.0,Medio,20.0,aprobado
10.4,62.7,18.5,1,17.0,Medio,15.3,aprobado
25.3,83.7,,0,0.0,Bajo,14.7,aprobado
15.9,40.9,9.9,0,0.0,alto,11.9,en_riesgo
18.8,67.3,16.8,1,19.0,Alto,16.8,aprobado
23.5,55.4,15.2,1,29.0,MEDIO,14.2,aprobado
15.1,54.3,19.7,0,0.0,Bajo,15.4,aprobado
12.7,48.8,12.4,0,0.0,Alto,13.7,en_riesgo
20.1,75.0,7.7,1,19.0,Medio,12.4,en_riesgo
7.2,84.4,10.1,0,0.0,Bajo,9.7,reprobado
23.4,40.5,11.2,1,28.0,Bajo,14.4,aprobado
7.4,63.9,16.8,0,0.0,Bajo,11.3,en_riesgo
24.7,92.4,12.4,0,0.0,Bajo,19.8,aprobado
,72.6,9.2,0,0.0,Alto,9.9,reprobado
22.0,67.9,7.8,1,34.0,Bajo,11.1,en_riesgo
13.1,81.3,,0,0.0,Medio,15.8,aprobado
6.3,46.7,6.9,0,0.0,Bajo,6.4,reprobado
,81.5,14.4,1,29.0,Medio,15.0,aprobado
28.2,46.1,,1,24.0,Medio,17.4,aprobado
21.8,45.5,6.4,0,0.0,Alto,15.1,aprobado
29.8,80.9,16.2,0,0.0,Alto,20.0,aprobado
16.2,50.5,18.6,0,0.0,Alto,17.1,aprobado
16.6,89.0,,1,43.0,Bajo,14.8,aprobado
,40.9,7.1,0,0.0,Alto,12.7,en_riesgo
27.2,73.4,8.5,0,0.0,Bajo,16.5,aprobado
,48.4,,0,0.0,Medio,14.7,aprobado
,44.1,15.3,0,0.0,Bajo,13.9,en_riesgo
27.0,99.1,19.1,0,0.0,Medio,20.0,aprobado
29.6,45.1,9.4,0,0.0,Bajo,14.7,aprobado
16.9,86.6,11.9,0,0.0,Medio,17.4,aprobado
7.5,71.4,,0,0.0,Alto,18.0,aprobado
3.1,40.6,17.2,0,0.0,Medio,9.7,reprobado
,67.3,17.3,0,0.0,Bajo,20.0,aprobado
18.1,78.8,9.5,0,0.0,Medio,14.3,aprobado
22.2,81.9,13.9,0,0.0,Medio,17.6,aprobado
5.5,69.2,13.8,0,0.0,Medio,13.4,en_riesgo
13.2,75.2,,0,0.0,Medio,11.8,en_riesgo
10.2,76.5,13.3,0,0.0,Medio,12.1,en_riesgo
,57.5,9.2,0,0.0,Alto,10.1,reprobado
17.4,67.4,,0,0.0,Bajo,13.4,en_riesgo
1.8,41.6,15.2,1,30.0,Bajo,8.6,reprobado
5.9,84.2,15.7,0,0.0,Medio,12.5,en_riesgo
19.8,99.6,19.0,1,17.0,Medio,20.0,aprobado
21.1,87.7,6.6,1,42.0,Bajo,12.7,en_riesgo
,66.8,,0,0.0,Alto,15.2,aprobado
19.8,51.1,6.0,0,0.0,Bajo,11.0,en_riesgo
22.4,79.2,11.5,1,28.0,Medio,15.0,aprobado
,63.8,19.4,0,0.0,Bajo,20.0,aprobado
20.3,83.0,8.2,0,0.0,Alto,15.2,aprobado
7.9,48.7,19.1,1,19.0,Medio,11.3,en_riesgo
20.0,82.2,15.0,1,24.0,Medio,14.6,aprobado
9.1,88.4,,0,0.0,Bajo,15.0,aprobado
,46.9,8.1,1,27.0,Medio,6.4,reprobado
2.7,87.1,8.3,1,20.0,Bajo,8.1,reprobado
20.1,83.1,6.3,1,42.0,Medio,10.5,reprobado
28.2,90.3,16.9,0,0.0,Medio,19.4,aprobado
10.8,82.9,12.5,0,0.0,Bajo,13.9,en_riesgo
14.0,90.3,18.8,0,0.0,Medio,20.0,aprobado
16.5,65.8,12.9,1,43.0,Medio,12.3,en_riesgo
20.4,91.7,13.8,0,0.0,Bajo,16.1,aprobado
14.8,62.5,18.4,0,0.0,Medio,16.0,aprobado
7.0,60.8,8.8,1,29.0,Bajo,9.0,reprobado
9.5,52.9,,0,0.0,Medio,7.7,reprobado
1.6,93.8,9.9,0,0.0,Medio,8.3,reprobado
16.2,93.2,8.2,0,0.0,Medio,16.2,aprobado
7.6,54.0,,0,0.0,Medio,13.0,en_riesgo
17.8,94.5,6.6,1,33.0,Medio,12.1,en_riesgo
25.9,90.9,15.8,0,0.0,Medio,20.0,aprobado
22.4,71.1,11.6,0,0.0,Medio,15.6,aprobado
29.7,44.8,10.7,0,0.0,Medio,18.0,aprobado
20.7,40.4,17.5,0,0.0,Bajo,16.2,aprobado
6.7,93.0,12.6,1,32.0,Medio,11.2,en_riesgo
27.2,81.4,15.9,1,45.0,Medio,17.4,aprobado
19.8,99.5,7.2,1,17.0,Alto,14.6,aprobado
4.3,93.6,8.6,0,0.0,Bajo,9.1,reprobado
,92.0,18.9,0,0.0,Medio,19.2,aprobado
1.6,77.7,13.6,1,43.0,Medio,8.9,reprobado
25.2,85.4,15.2,0,0.0,Bajo,20.0,aprobado
25.9,62.3,7.3,0,0.0,Medio,14.2,aprobado
,92.1,7.1,0,0.0,Medio,9.1,reprobado
22.4,61.7,11.2,0,0.0,Medio,15.2,aprobado
27.6,86.6,6.2,1,23.0,Medio,14.2,aprobado
10.4,89.6,14.5,0,0.0,Medio,17.3,aprobado
23.4,44.4,10.1,0,0.0,Bajo,14.7,aprobado
25.6,74.1,13.5,1,37.0,Medio,17.2,aprobado
6.3,72.7,13.0,1,21.0,Alto,14.2,aprobado
7.4,91.6,6.7,0,0.0,Medio,12.4,en_riesgo
18.6,96.5,19.3,1,34.0,Medio,20.0,aprobado
20.6,50.2,19.7,0,0.0,Medio,16.6,aprobado
4.8,90.9,7.9,0,0.0,Bajo,12.3,en_riesgo
26.2,66.6,6.0,0,0.0,Bajo,13.5,en_riesgo
25.9,51.0,18.7,0,0.0,Bajo,18.5,aprobado
19.5,69.3,10.5,1,20.0,Bajo,12.7,en_riesgo
17.6,68.2,6.1,0,0.0,Medio,12.7,en_riesgo
16.1,96.2,13.0,0,0.0,Bajo,17.0,aprobado
7.0,61.2,14.3,0,0.0,Alto,12.0,en_riesgo
,59.4,16.7,1,33.0,Medio,12.5,en_riesgo
11.7,46.0,12.8,0,0.0,Bajo,12.0,en_riesgo
,54.7,11.4,1,25.0,Medio,6.5,reprobado
20.5,54.5,8.2,0,0.0,Alto,15.0,aprobado
22.0,70.7,9.2,1,9.0,Bajo,15.2,aprobado
9.1,45.4,10.9,0,0.0,Medio,10.8,reprobado
16.2,63.4,11.8,0,0.0,Bajo,13.9,en_riesgo
5.3,53.8,10.3,1,46.0,Bajo,5.5,reprobado
5.5,76.9,16.1,0,0.0,BAJO,13.3,en_riesgo
22.1,53.6,18.5,0,0.0,Alto,20.0,aprobado
10.7,66.0,13.0,1,16.0,Alto,13.6,en_riesgo
24.9,98.7,7.0,0,0.0,Bajo,15.5,aprobado
27.9,41.3,6.8,1,16.0,Medio,13.3,en_riesgo
13.0,83.1,17.3,1,40.0,Alto,17.8,aprobado
25.2,46.2,5.3,1,30.0,Medio,10.4,reprobado
25.8,91.2,18.2,0,0.0,Bajo,20.0,aprobado
28.1,83.1,16.8,1,46.0,ALTO,20.0,aprobado
27.8,87.0,14.4,0,0.0,Bajo,19.2,aprobado
3.3,70.4,9.7,0,0.0,Bajo,9.0,reprobado
10.2,69.5,18.7,1,27.0,Medio,12.5,en_riesgo
25.0,88.5,7.8,1,44.0,Bajo,13.1,en_riesgo
23.2,98.2,8.2,0,0.0,Medio,18.9,aprobado
29.5,44.5,8.9,0,0.0,Medio,14.7,aprobado
27.9,89.5,11.7,0,0.0,Alto,20.0,aprobado
,88.8,10.4,1,23.0,Alto,17.5,aprobado
11.3,86.8,11.4,1,22.0,Bajo,10.2,reprobado
21.3,73.9,14.1,1,37.0,Medio,14.5,aprobado
8.0,91.3,5.4,0,0.0,Medio,9.1,reprobado
5.0,70.1,13.1,1,36.0,Alto,8.0,reprobado
5.5,82.3,14.9,0,0.0,Medio,12.4,en_riesgo
22.6,83.0,,1,33.0,Bajo,15.1,aprobado
14.7,84.4,8.6,1,24.0,Medio,10.3,reprobado
1.2,83.4,,0,0.0,Medio,12.4,en_riesgo
20.9,78.9,6.8,1,39.0,Bajo,11.9,en_riesgo
25.1,48.7,10.1,1,9.0,Medio,13.8,en_riesgo
21.3,68.6,9.1,0,0.0,Bajo,13.7,en_riesgo
3.1,44.7,9.4,0,0.0,Bajo,4.8,reprobado
8.2,94.0,13.3,0,0.0,Medio,14.9,aprobado
2.1,64.9,12.0,0,0.0,Bajo,7.6,reprobado
20.1,91.2,16.4,1,20.0,Bajo,17.3,aprobado
13.9,80.4,9.9,1,32.0,Medio,12.5,en_riesgo
,81.6,5.6,1,11.0,Medio,9.6,reprobado
16.4,94.0,12.5,0,0.0,Medio,16.4,aprobado
29.7,73.5,19.3,1,23.0,Medio,19.9,aprobado
12.5,97.7,12.8,1,26.0,ALTO,14.3,aprobado
23.8,75.7,9.1,1,32.0,Bajo,14.8,aprobado
15.7,62.3,12.3,1,30.0,Bajo,12.7,en_riesgo
24.3,41.0,15.8,0,0.0,Bajo,16.6,aprobado
29.2,49.7,7.2,0,0.0,Bajo,14.4,aprobado
9.6,78.4,,0,0.0,Alto,16.1,aprobado
13.8,79.6,12.1,1,13.0,Bajo,11.8,en_riesgo
12.8,42.7,10.1,0,0.0,Medio,12.0,en_riesgo
10.7,54.7,9.0,0,0.0,medio,9.1,reprobado
,62.5,,1,35.0,BAJO,11.0,en_riesgo
17.2,56.5,8.0,0,0.0,Alto,13.5,en_riesgo
18.7,93.1,12.4,0,0.0,medio,17.8,aprobado
,68.9,18.1,0,0.0,Medio,13.0,en_riesgo
5.1,54.5,20.0,0,0.0,Alto,12.8,en_riesgo
7.4,71.1,18.5,1,39.0,Medio,10.8,reprobado
13.9,89.3,14.3,1,34.0,Alto,14.2,aprobado
11.5,84.8,15.1,1,17.0,BAJO,12.6,en_riesgo
26.2,88.0,6.9,1,17.0,Medio,15.6,aprobado
16.1,96.9,19.7,1,23.0,Medio,19.3,aprobado
8.8,94.9,7.8,0,0.0,Medio,11.6,en_riesgo
18.2,44.8,14.0,1,16.0,Alto,17.3,aprobado
10.8,62.7,15.7,0,0.0,Bajo,12.3,en_riesgo
,68.6,7.5,0,0.0,Medio,11.0,en_riesgo
4.1,53.8,,1,47.0,Medio,7.5,reprobado
3.2,82.9,15.9,0,0.0,Medio,12.8,en_riesgo
20.6,52.8,10.0,0,0.0,Bajo,13.8,en_riesgo
17.0,61.7,,0,0.0,Alto,14.2,aprobado
15.4,54.2,14.6,0,0.0,Bajo,13.0,en_riesgo
6.5,67.9,9.1,0,0.0,Alto,11.5,en_riesgo
16.0,66.2,10.7,0,0.0,Bajo,14.6,aprobado
24.3,60.2,,1,13.0,Bajo,17.0,aprobado
3.2,63.6,13.7,1,36.0,Medio,8.4,reprobado
27.2,99.1,14.8,0,0.0,Medio,20.0,aprobado
2.7,87.4,,0,0.0,Medio,12.9,en_riesgo
25.5,85.9,18.2,0,0.0,Medio,20.0,aprobado
27.9,63.4,19.9,0,0.0,Medio,20.0,aprobado
25.5,81.1,11.4,0,0.0,Bajo,16.1,aprobado
17.6,92.6,19.8,0,0.0,Medio,18.4,aprobado
22.9,46.8,9.0,1,12.0,Alto,15.5,aprobado
24.2,78.9,18.2,0,0.0,Bajo,17.7,aprobado
18.0,71.1,16.3,0,0.0,Medio,16.1,aprobado
6.1,61.3,10.6,0,0.0,Medio,8.8,reprobado
28.1,62.8,17.4,0,0.0,Medio,18.4,aprobado
8.4,43.8,6.5,1,24.0,Medio,7.5,reprobado
4.8,45.3,,0,0.0,Medio,11.4,en_riesgo
29.9,79.3,11.6,1,15.0,Medio,18.4,aprobado
26.7,73.8,7.7,1,9.0,Bajo,13.7,en_riesgo
22.1,52.4,10.6,1,9.0,Alto,16.4,aprobado
23.2,83.5,17.7,1,30.0,Medio,19.3,aprobado
,65.8,7.9,1,42.0,Bajo,14.8,aprobado
22.4,69.2,9.1,0,0.0,Medio,15.7,aprobado
14.2,67.0,12.8,0,0.0,Alto,14.6,aprobado
20.1,59.0,5.3,0,0.0,Alto,14.2,aprobado
9.9,82.5,7.4,1,35.0,Medio,12.4,en_riesgo
17.0,69.8,8.2,0,0.0,Medio,13.1,en_riesgo
22.1,58.6,7.9,0,0.0,Bajo,15.7,aprobado
14.3,43.7,,0,0.0,Bajo,11.9,en_riesgo
8.0,98.8,5.0,1,24.0,Bajo,9.5,reprobado
15.0,53.1,,0,0.0,Alto,14.5,aprobado
18.8,75.6,6.5,0,0.0,Alto,13.4,en_riesgo
20.4,90.1,14.8,0,0.0,Alto,19.0,aprobado
1.9,51.3,14.7,0,0.0,Alto,11.3,en_riesgo
20.8,46.5,15.0,1,25.0,Medio,15.2,aprobado
26.4,89.5,,1,33.0,Bajo,18.0,aprobado
27.9,42.0,16.1,1,24.0,Bajo,16.7,aprobado
,80.5,12.8,1,39.0,Bajo,11.6,en_riesgo
5.3,62.9,10.2,0,0.0,Bajo,8.4,reprobado
4.9,50.1,18.5,0,0.0,Medio,13.2,en_riesgo
20.0,78.3,12.9,1,42.0,Alto,16.1,aprobado
24.5,95.3,17.3,0,0.0,ALTO,20.0,aprobado
29.6,83.7,18.5,0,0.0,Bajo,20.0,aprobado
1.7,81.8,9.5,1,11.0,Bajo,9.4,reprobado
27.8,47.6,15.9,1,46.0,Alto,16.8,aprobado
20.7,80.6,9.8,0,0.0,Medio,15.5,aprobado
4.2,93.7,12.3,1,29.0,Medio,9.4,reprobado
22.5,96.4,11.5,0,0.0,Medio,17.9,aprobado
29.1,70.3,13.0,1,28.0,Bajo,17.2,aprobado
28.1,49.2,8.4,1,16.0,Bajo,14.3,aprobado
15.8,49.7,6.7,0,0.0,Bajo,11.8,en_riesgo
24.2,97.5,7.4,1,43.0,Medio,13.3,en_riesgo
2.5,67.5,,0,0.0,BAJO,6.2,reprobado
17.1,81.1,7.1,1,37.0,Bajo,9.9,reprobado
2.3,44.7,12.5,0,0.0,Medio,9.3,reprobado
24.2,76.0,8.8,1,32.0,BAJO,13.7,en_riesgo
6.5,93.5,11.6,0,0.0,Alto,12.7,en_riesgo
7.5,98.7,13.0,1,33.0,MEDIO,13.1,en_riesgo
,47.8,11.3,0,0.0,Medio,12.1,en_riesgo
7.1,89.1,12.2,1,38.0,Alto,11.6,en_riesgo
5.1,97.7,,0,0.0,Medio,15.1,aprobado
2.0,97.3,13.7,1,13.0,Bajo,12.1,en_riesgo
21.9,44.6,13.2,1,21.0,Medio,14.6,aprobado
27.7,47.8,11.2,0,0.0,Bajo,17.1,aprobado
10.2,89.9,7.1,1,29.0,Bajo,8.5,reprobado
18.1,82.9,14.1,1,32.0,Medio,14.3,aprobado
29.7,68.9,5.3,1,19.0,Bajo,12.5,en_riesgo
27.6,98.0,17.6,0,0.0,Alto,20.0,aprobado
25.3,76.1,11.4,0,0.0,Medio,16.9,aprobado
17.5,68.4,18.6,0,0.0,Alto,20.0,aprobado
,88.7,6.9,0,0.0,Bajo,10.4,reprobado
15.8,98.3,7.5,0,0.0,ALTO,15.2,aprobado
24.4,64.2,12.5,1,37.0,Medio,13.8,en_riesgo
16.6,77.5,11.0,0,0.0,Medio,14.5,aprobado
,90.5,14.7,0,0.0,Medio,13.0,en_riesgo
27.3,59.2,16.4,1,18.0,Medio,16.4,aprobado
6.0,78.8,17.7,0,0.0,Medio,13.1,en_riesgo
5.9,78.6,13.5,1,16.0,Medio,12.0,en_riesgo
1.1,54.1,5.2,1,32.0,Bajo,3.5,reprobado
16.0,78.7,9.4,0,0.0,Bajo,13.5,en_riesgo
,48.5,11.5,0,0.0,Alto,10.3,reprobado
5.1,40.5,18.4,0,0.0,Bajo,12.2,en_riesgo
20.5,77.7,,0,0.0,Alto,18.5,aprobado
21.8,88.4,19.2,0,0.0,Medio,20.0,aprobado
20.6,90.9,12.6,1,19.0,Bajo,15.6,aprobado
4.5,64.8,19.6,1,21.0,Medio,13.2,en_riesgo
12.7,61.1,18.5,0,0.0,Medio,17.6,aprobado
2.4,84.7,17.6,0,0.0,bajo,13.1,en_riesgo
13.6,98.8,9.5,0,0.0,Medio,16.2,aprobado
25.1,95.7,13.0,0,0.0,Bajo,18.7,aprobado
15.1,90.7,8.7,1,12.0,Medio,13.1,en_riesgo
15.5,90.2,8.9,0,0.0,Medio,16.3,aprobado
24.4,81.6,11.8,0,0.0,Medio,16.3,aprobado
,44.8,7.6,0,0.0,Alto,16.5,aprobado
5.6,69.2,18.7,1,46.0,Medio,11.3,en_riesgo
14.9,46.2,15.7,0,0.0,Medio,15.2,aprobado
4.7,42.9,,0,0.0,Alto,10.9,reprobado
2.1,66.7,13.1,1,17.0,Alto,9.4,reprobado
18.7,74.9,6.1,1,36.0,Bajo,8.0,reprobado
29.5,40.5,,1,34.0,Medio,16.5,aprobado
20.4,88.6,5.4,0,0.0,Alto,14.0,aprobado
17.4,86.9,5.5,1,31.0,Alto,9.8,reprobado
12.6,75.8,5.8,1,32.0,Bajo,8.6,reprobado
20.4,50.6,,0,0.0,Alto,13.5,en_riesgo
23.2,50.2,11.5,0,0.0,Alto,17.3,aprobado
20.8,65.6,13.5,0,0.0,Bajo,14.8,aprobado
1.3,97.5,5.3,0,0.0,Medio,8.2,reprobado
6.7,82.4,15.8,0,0.0,Bajo,12.1,en_riesgo
19.4,99.1,,0,0.0,Alto,20.0,aprobado
9.6,47.9,13.7,1,39.0,Medio,9.2,reprobado
3.5,97.6,5.7,0,0.0,Medio,9.5,reprobado
24.8,51.3,12.6,1,41.0,Bajo,15.4,aprobado
28.0,76.8,16.6,0,0.0,Medio,20.0,aprobado
25.7,92.6,15.2,0,0.0,Medio,20.0,aprobado
,69.9,18.6,0,0.0,Bajo,17.2,aprobado
2.7,68.8,15.4,0,0.0,Bajo,10.8,reprobado
26.4,81.0,5.4,0,0.0,Alto,17.6,aprobado
1.3,72.6,15.2,0,0.0,Medio,12.4,en_riesgo
29.6,40.0,10.7,0,0.0,Medio,15.3,aprobado
22.3,63.7,11.0,1,17.0,Bajo,12.4,en_riesgo
18.1,93.7,6.4,0,0.0,Medio,13.6,en_riesgo
15.9,42.4,,0,0.0,Alto,12.5,en_riesgo
21.9,67.5,5.9,1,17.0,Bajo,14.7,aprobado
26.4,94.1,18.5,1,16.0,Bajo,20.0,aprobado
5.3,98.0,16.7,1,8.0,Alto,15.4,aprobado
2.9,71.2,17.0,0,0.0,Medio,15.0,aprobado
27.8,59.5,19.9,1,19.0,Medio,20.0,aprobado
3.2,98.5,18.8,1,23.0,Bajo,13.4,en_riesgo
28.4,94.8,7.1,0,0.0,Alto,18.9,aprobado
,53.5,11.5,1,45.0,Medio,7.7,reprobado
23.9,84.4,16.1,1,21.0,Medio,17.4,aprobado
21.1,68.6,10.5,1,44.0,Alto,14.5,aprobado
14.9,49.9,18.8,0,0.0,Medio,15.3,aprobado
19.1,41.5,7.8,0,0.0,Medio,9.9,reprobado
23.5,41.5,18.9,0,0.0,Bajo,17.3,aprobado
,79.7,11.9,0,0.0,Bajo,11.6,en_riesgo
11.2,91.0,,0,0.0,Bajo,13.2,en_riesgo
20.5,77.4,15.3,1,32.0,Medio,15.3,aprobado
25.2,49.0,8.4,1,46.0,Alto,14.2,aprobado
12.0,94.5,10.8,1,37.0,Bajo,13.6,en_riesgo
,59.0,11.4,1,40.0,Medio,13.9,en_riesgo
18.9,69.5,12.4,1,47.0,Medio,14.2,aprobado
13.8,50.6,6.4,1,9.0,Medio,8.7,reprobado
5.6,94.0,14.0,0,0.0,Bajo,11.9,en_riesgo
23.3,74.8,6.6,0,0.0,Medio,14.1,aprobado
5.8,44.3,15.3,0,0.0,Bajo,11.5,en_riesgo
13.9,91.1,8.8,0,0.0,Medio,14.4,aprobado
23.2,92.5,,0,0.0,Alto,18.6,aprobado
17.5,76.9,13.0,1,44.0,Bajo,13.5,en_riesgo
7.9,64.1,8.0,0,0.0,Bajo,10.2,reprobado
13.8,98.2,7.7,1,15.0,Medio,13.8,en_riesgo
29.9,88.1,10.0,1,23.0,Alto,17.5,aprobado
1.3,68.4,6.5,1,16.0,Medio,7.8,reprobado
11.7,47.3,18.1,0,0.0,Alto,17.0,aprobado
7.5,81.6,8.5,0,0.0,Medio,10.1,reprobado
23.7,62.5,20.0,1,15.0,Bajo,19.3,aprobado
14.3,45.0,7.8,1,40.0,Alto,9.6,reprobado
20.9,77.5,,1,34.0,Alto,15.6,aprobado
1.4,95.4,10.6,0,0.0,Alto,10.9,reprobado
9.3,52.1,10.7,1,28.0,Bajo,9.1,reprobado
3.2,62.1,9.8,0,0.0,Bajo,7.4,reprobado
14.6,41.1,8.3,1,23.0,Alto,11.5,en_riesgo
,59.4,10.5,1,38.0,Alto,12.1,en_riesgo
,70.6,12.7,1,32.0,Medio,15.4,aprobado
,86.8,13.1,1,35.0,Alto,10.7,reprobado
14.1,70.9,17.9,1,23.0,Medio,14.7,aprobado
29.3,78.1,18.6,1,9.0,Medio,20.0,aprobado
9.1,48.0,19.1,1,36.0,Alto,14.9,aprobado
4.8,96.1,7.0,1,44.0,Medio,6.8,reprobado
11.9,92.0,11.7,1,29.0,Bajo,12.5,en_riesgo
5.8,41.3,6.2,1,39.0,Bajo,3.3,reprobado
12.7,95.1,10.5,0,0.0,Medio,13.0,en_riesgo
26.8,84.2,,1,23.0,BAJO,15.0,aprobado
1.0,63.0,8.4,0,0.0,Medio,8.1,reprobado
17.6,88.1,16.4,1,34.0,Alto,16.7,aprobado
16.5,65.0,8.7,1,15.0,Medio,12.7,en_riesgo
,42.4,10.2,0,0.0,Bajo,7.8,reprobado
,90.0,5.4,0,0.0,Bajo,13.1,en_riesgo
25.2,47.9,15.8,0,0.0,Bajo,18.2,aprobado
9.8,68.2,10.2,0,0.0,Medio,11.5,en_riesgo
27.0,55.3,5.6,1,32.0,Alto,12.8,en_riesgo
11.6,88.4,17.5,1,43.0,Medio,16.5,aprobado
25.5,49.3,18.5,0,0.0,Medio,20.0,aprobado
25.3,75.2,7.2,1,32.0,Medio,15.0,aprobado
6.0,94.5,15.5,0,0.0,Alto,13.7,en_riesgo
6.3,58.4,19.0,0,0.0,Bajo,9.9,reprobado
6.7,41.2,15.2,0,0.0,Medio,10.5,reprobado
16.9,80.9,12.7,0,0.0,Medio,14.7,aprobado
16.6,86.8,8.0,0,0.0,Medio,13.4,en_riesgo
,60.3,14.1,0,0.0,Medio,14.5,aprobado
25.8,57.6,14.5,0,0.0,Bajo,17.5,aprobado
20.4,50.3,11.2,1,28.0,Medio,12.4,en_riesgo
25.6,40.6,11.3,1,47.0,Medio,11.9,en_riesgo
20.4,45.1,17.6,1,22.0,Medio,13.2,en_riesgo
8.9,92.4,14.8,1,17.0,Bajo,12.3,en_riesgo
2.1,89.3,8.6,0,0.0,Medio,10.5,reprobado
3.5,63.3,7.6,0,0.0,Bajo,6.0,reprobado
16.5,88.1,,1,34.0,Medio,12.9,en_riesgo
17.4,87.6,8.6,1,8.0,Bajo,12.7,en_riesgo
24.5,55.8,9.9,0,0.0,Medio,15.9,aprobado
27.1,82.2,12.2,1,10.0,Alto,19.9,aprobado
17.8,52.0,9.5,1,31.0,Alto,13.3,en_riesgo
8.2,52.1,18.5,0,0.0,Alto,15.4,aprobado
24.1,85.7,17.6,1,37.0,Bajo,19.0,aprobado
1.3,68.8,19.2,0,0.0,Medio,13.8,en_riesgo
12.3,48.4,6.7,1,8.0,Bajo,9.0,reprobado
14.7,81.9,7.7,1,36.0,Bajo,11.4,en_riesgo
17.6,94.0,10.3,1,25.0,Bajo,12.4,en_riesgo
23.5,78.2,7.5,0,0.0,Alto,16.7,aprobado
17.5,95.3,18.4,0,0.0,Alto,17.7,aprobado
25.4,57.0,10.7,0,0.0,Medio,16.6,aprobado
14.3,69.4,9.6,1,9.0,Medio,10.7,reprobado
3.4,54.2,17.3,0,0.0,Medio,11.8,en_riesgo
18.6,88.5,13.5,0,0.0,Medio,16.2,aprobado
2.6,84.8,13.5,0,0.0,Medio,12.2,en_riesgo
1.2,40.7,17.8,0,0.0,Medio,12.3,en_riesgo
20.1,47.9,5.5,0,0.0,Bajo,13.7,en_riesgo
8.9,86.9,9.9,0,0.0,Medio,12.5,en_riesgo
25.3,84.3,9.2,0,0.0,Bajo,16.3,aprobado
11.1,61.0,5.2,1,39.0,Medio,7.8,reprobado
5.3,93.1,14.6,1,23.0,Bajo,14.6,aprobado
,94.3,16.9,1,41.0,Medio,13.9,en_riesgo
16.3,71.2,14.9,0,0.0,Bajo,14.5,aprobado
7.3,59.7,15.9,0,0.0,Medio,12.2,en_riesgo
,55.3,12.4,0,0.0,Bajo,12.9,en_riesgo
15.9,88.0,13.2,1,9.0,Medio,15.3,aprobado
10.2,48.8,11.9,1,21.0,Bajo,8.1,reprobado
,46.3,16.2,0,0.0,Medio,12.9,en_riesgo
1.7,43.7,18.9,0,0.0,Bajo,10.9,reprobado
24.5,54.8,11.1,0,0.0,Medio,14.9,aprobado
8.2,63.6,15.1,1,45.0,Bajo,12.9,en_riesgo
17.7,91.9,13.3,1,36.0,Bajo,14.6,aprobado
14.4,82.7,,1,14.0,Bajo,10.4,reprobado
7.5,87.6,13.8,1,10.0,Alto,13.9,en_riesgo
22.0,47.6,18.3,0,0.0,Alto,20.0,aprobado
26.3,45.5,12.1,0,0.0,Medio,15.4,aprobado
9.6,47.9,,1,29.0,alto,14.4,aprobado
10.9,95.0,15.7,0,0.0,Medio,16.1,aprobado
16.3,85.8,9.6,1,11.0,Medio,12.9,en_riesgo
13.2,55.7,17.6,0,0.0,Medio,14.7,aprobado
14.9,65.5,14.8,0,0.0,Medio,14.9,aprobado
13.3,47.1,7.7,0,0.0,Medio,10.1,reprobado
26.8,80.9,5.6,1,46.0,Bajo,14.3,aprobado
13.6,82.7,20.0,1,16.0,Medio,16.8,aprobado
21.7,89.7,11.7,0,0.0,Alto,18.5,aprobado
2.5,61.4,6.2,1,18.0,Bajo,5.5,reprobado
20.2,78.8,10.3,1,31.0,Medio,12.2,en_riesgo
13.5,89.4,10.6,1,28.0,Medio,13.1,en_riesgo
14.4,81.2,19.5,0,0.0,Bajo,17.5,aprobado
16.3,70.1,12.0,0,0.0,Medio,13.5,en_riesgo
15.3,80.5,18.2,0,0.0,Medio,19.5,aprobado
,53.8,14.3,0,0.0,Bajo,10.3,reprobado
17.9,79.8,14.4,0,0.0,Bajo,14.9,aprobado
6.8,94.5,5.4,0,0.0,Medio,8.5,reprobado
12.5,62.8,11.9,0,0.0,Bajo,12.9,en_riesgo
26.7,90.8,11.8,1,25.0,MEDIO,18.2,aprobado
9.7,50.4,5.7,0,0.0,Bajo,9.8,reprobado
8.7,54.5,10.1,1,30.0,ALTO,9.9,reprobado
3.1,90.6,12.2,1,36.0,Medio,8.8,reprobado
1.5,64.9,17.9,0,0.0,Bajo,12.2,en_riesgo
4.3,97.6,16.5,0,0.0,Bajo,12.7,en_riesgo
22.0,41.0,14.9,0,0.0,Alto,14.6,aprobado
12.3,78.8,18.4,0,0.0,Medio,15.7,aprobado
3.8,57.2,6.3,1,26.0,Bajo,6.0,reprobado
2.5,82.7,13.3,0,0.0,Alto,11.6,en_riesgo
17.3,58.5,14.0,1,10.0,Bajo,14.9,aprobado
22.9,83.8,14.2,0,0.0,Bajo,17.6,aprobado
26.0,97.3,10.9,1,22.0,Medio,16.8,aprobado
29.9,50.8,,0,0.0,Bajo,20.0,aprobado
25.5,57.3,15.8,0,0.0,Medio,18.4,aprobado
29.8,90.7,13.3,0,0.0,Medio,20.0,aprobado
26.0,44.8,18.3,1,16.0,Alto,16.8,aprobado
,60.9,,0,0.0,Alto,19.4,aprobado
28.5,63.7,8.5,0,0.0,Medio,17.3,aprobado
20.9,82.8,18.3,0,0.0,Bajo,17.7,aprobado
28.1,55.3,9.8,1,45.0,Medio,16.0,aprobado
23.0,52.9,8.9,0,0.0,Bajo,14.6,aprobado
16.7,60.7,19.7,0,0.0,Alto,17.6,aprobado
3.0,55.5,6.2,0,0.0,Bajo,6.2,reprobado
14.7,88.7,7.3,1,26.0,Medio,10.4,reprobado
21.3,57.4,13.2,1,44.0,Medio,12.5,en_riesgo
21.4,49.8,15.5,0,0.0,Bajo,15.4,aprobado
20.8,91.6,9.9,0,0.0,Bajo,16.8,aprobado
3.9,83.9,19.2,1,38.0,Alto,13.2,en_riesgo
19.2,95.3,6.9,0,0.0,BAJO,14.3,aprobado
,90.1,6.1,1,44.0,Alto,14.1,aprobado
17.2,53.2,16.3,0,0.0,Bajo,16.1,aprobado
29.1,77.9,17.3,0,0.0,Medio,18.0,aprobado
19.3,59.1,19.5,0,0.0,Medio,16.9,aprobado
27.3,53.6,16.2,0,0.0,Medio,18.8,aprobado
13.4,80.6,15.5,0,0.0,Bajo,15.9,aprobado
9.9,85.1,16.9,1,12.0,Medio,15.7,aprobado
11.9,92.8,19.4,1,38.0,Bajo,14.8,aprobado
29.9,66.9,10.3,1,42.0,Medio,16.8,aprobado
18.5,71.7,10.5,0,0.0,Bajo,13.6,en_riesgo
2.5,64.2,10.5,1,13.0,Alto,11.6,en_riesgo
10.8,87.7,7.8,1,33.0,Medio,8.8,reprobado
13.6,49.4,,1,15.0,Medio,10.9,reprobado
19.0,75.7,15.3,1,42.0,Medio,14.3,aprobado
15.8,63.8,9.8,0,0.0,Medio,11.4,en_riesgo
9.9,47.5,13.6,1,9.0,Medio,12.7,en_riesgo
,40.8,8.4,1,40.0,Medio,12.4,en_riesgo
13.9,59.3,12.5,1,28.0,Medio,13.0,en_riesgo
13.7,76.6,10.2,1,29.0,Medio,12.1,en_riesgo
,55.6,12.9,0,0.0,Bajo,12.5,en_riesgo
8.1,77.2,13.4,1,17.0,Medio,13.7,en_riesgo
29.5,87.0,13.8,0,0.0,Bajo,20.0,aprobado
18.9,87.8,15.0,1,44.0,Medio,15.7,aprobado
,47.2,16.3,1,32.0,MEDIO,10.7,reprobado
11.9,51.9,13.7,0,0.0,Medio,11.4,en_riesgo
22.7,97.4,8.5,1,19.0,Alto,18.5,aprobado
22.8,72.7,19.1,1,16.0,Alto,20.0,aprobado
13.4,40.6,10.9,1,28.0,Bajo,10.9,reprobado
21.1,54.8,17.5,0,0.0,Alto,17.5,aprobado
28.0,97.5,10.9,1,41.0,Medio,17.3,aprobado
5.8,45.9,16.7,1,40.0,Bajo,10.7,reprobado
5.0,71.5,17.6,0,0.0,Bajo,12.2,en_riesgo
27.0,80.3,8.1,1,9.0,Medio,14.1,aprobado
22.5,54.1,6.6,1,19.0,Medio,10.7,reprobado
22.8,52.3,11.3,1,8.0,Bajo,14.9,aprobado
14.3,48.9,9.0,0,0.0,Medio,9.7,reprobado
22.4,50.1,9.8,1,20.0,Medio,11.7,en_riesgo
5.9,75.6,13.3,0,0.0,Bajo,14.4,aprobado
,64.1,18.4,1,24.0,Bajo,17.5,aprobado
2.4,51.8,9.3,0,0.0,Bajo,11.4,en_riesgo
15.1,50.3,18.5,0,0.0,Bajo,14.2,aprobado
5.6,51.9,5.7,0,0.0,Bajo,7.0,reprobado
,60.0,16.3,0,0.0,Medio,13.5,en_riesgo
12.8,45.8,12.4,1,28.0,Bajo,10.2,reprobado
22.6,47.8,17.8,1,13.0,Bajo,18.8,aprobado
5.7,80.7,15.1,1,42.0,Bajo,13.0,en_riesgo
18.4,70.8,15.8,0,0.0,Medio,18.3,aprobado
27.4,51.2,9.4,1,31.0,Medio,14.4,aprobado
18.3,91.0,19.5,1,43.0,Medio,17.0,aprobado
,76.6,12.0,1,33.0,Medio,12.1,en_riesgo
,49.0,5.3,1,17.0,Medio,13.1,en_riesgo
27.9,50.6,9.6,0,0.0,Medio,14.9,aprobado
19.7,84.0,,0,0.0,Medio,16.0,aprobado
25.6,91.2,19.0,0,0.0,Bajo,20.0,aprobado
27.4,67.5,7.4,1,10.0,Alto,17.4,aprobado
16.2,76.2,7.9,0,0.0,Medio,13.7,en_riesgo
17.8,64.1,17.4,1,26.0,Alto,17.8,aprobado
13.2,41.3,12.2,1,27.0,Medio,11.3,en_riesgo
6.6,89.8,7.2,0,0.0,Bajo,7.7,reprobado
5.5,65.5,19.1,0,0.0,Medio,14.7,aprobado
6.6,52.6,11.1,1,38.0,Medio,7.8,reprobado
23.0,74.6,15.3,1,23.0,Alto,17.8,aprobado
20.2,55.1,12.1,1,29.0,Alto,14.9,aprobado
3.1,84.5,18.0,1,41.0,bajo,11.2,en_riesgo
12.2,96.8,7.7,0,0.0,Medio,12.5,en_riesgo
24.8,99.1,10.8,0,0.0,Bajo,16.8,aprobado
8.2,92.1,8.9,1,27.0,Medio,9.3,reprobado
2.6,51.2,7.5,0,0.0,Medio,8.8,reprobado
11.3,64.8,12.5,0,0.0,Bajo,11.8,en_riesgo
,77.2,14.8,1,0.0,medio,13.9,en_riesgo
5.3,80.2,17.6,0,0.0,Bajo,13.4,en_riesgo
5.9,64.4,7.6,1,11.0,Medio,10.6,reprobado
10.8,71.2,17.2,0,0.0,Medio,14.2,aprobado
25.7,58.4,9.8,1,44.0,Alto,16.3,aprobado
11.8,66.4,5.5,0,0.0,Medio,9.8,reprobado
29.7,60.8,16.9,1,22.0,Medio,17.7,aprobado
27.8,50.4,5.1,0,0.0,Medio,14.3,aprobado
3.5,89.5,7.0,0,0.0,Bajo,9.5,reprobado
11.6,42.3,7.0,0,0.0,Bajo,10.7,reprobado
3.5,73.3,8.5,0,0.0,MEDIO,10.1,reprobado
3.3,93.0,18.9,0,0.0,Bajo,16.6,aprobado
13.2,96.4,10.6,0,0.0,Bajo,14.6,aprobado
27.0,63.6,,1,36.0,Bajo,15.9,aprobado
11.8,94.4,18.0,1,17.0,Bajo,16.0,aprobado
17.0,95.0,7.6,0,0.0,Medio,13.2,en_riesgo
5.3,96.7,12.7,0,0.0,Alto,13.8,en_riesgo
19.5,57.3,17.8,1,35.0,Alto,18.3,aprobado
16.5,61.4,15.8,0,0.0,Alto,16.5,aprobado
11.7,51.8,6.4,1,29.0,alto,9.6,reprobado
1.4,66.6,6.7,0,0.0,BAJO,6.8,reprobado
6.6,65.5,6.4,0,0.0,medio,8.6,reprobado
24.6,43.3,16.1,0,0.0,Medio,17.2,aprobado
6.3,60.5,7.8,1,21.0,Bajo,7.1,reprobado
,92.6,12.5,1,23.0,Medio,18.5,aprobado
19.2,96.3,19.7,0,0.0,Medio,17.6,aprobado
11.4,81.4,,0,0.0,Bajo,12.4,en_riesgo
24.3,64.5,11.5,1,25.0,Medio,14.8,aprobado
4.8,44.7,9.8,1,37.0,Medio,5.5,reprobado
5.0,54.6,,1,45.0,Medio,8.7,reprobado
5.2,54.3,15.6,1,30.0,Medio,9.3,reprobado
10.6,72.0,6.6,0,0.0,Bajo,7.4,reprobado
7.6,79.7,5.1,0,0.0,Medio,9.0,reprobado
13.8,75.4,8.7,0,0.0,Medio,13.9,en_riesgo
9.6,53.7,7.1,0,0.0,Medio,9.7,reprobado
17.7,53.6,10.8,1,9.0,Bajo,11.7,en_riesgo
25.9,94.4,8.1,1,20.0,Alto,18.6,aprobado
2.4,61.4,11.9,1,28.0,Bajo,8.1,reprobado
16.8,63.8,11.2,1,30.0,Bajo,14.2,aprobado
26.0,60.2,10.2,1,38.0,Alto,15.5,aprobado
5.0,96.1,9.3,0,0.0,Medio,13.4,en_riesgo
13.2,98.6,,0,0.0,Medio,14.8,aprobado
19.2,65.1,7.1,0,0.0,Medio,9.5,reprobado
2.6,92.8,19.7,1,0.0,Medio,15.1,aprobado
20.2,55.1,19.1,1,15.0,Alto,20.0,aprobado
,59.5,10.3,0,0.0,Medio,11.0,en_riesgo
22.0,59.6,19.1,1,31.0,Medio,17.8,aprobado
21.1,63.7,17.3,1,19.0,Bajo,16.5,aprobado
18.0,67.6,11.8,0,0.0,Medio,14.0,aprobado
28.0,46.7,17.6,0,0.0,Bajo,18.9,aprobado
14.4,60.9,14.5,1,38.0,Alto,17.2,aprobado
9.1,50.4,13.1,1,44.0,Medio,8.5,reprobado
10.8,98.0,14.1,0,0.0,Medio,15.7,aprobado
,90.5,6.4,1,9.0,Bajo,9.9,reprobado
13.8,85.3,6.2,1,43.0,Alto,11.1,en_riesgo
4.5,97.8,19.6,0,0.0,Medio,17.3,aprobado
22.8,96.6,11.3,0,0.0,Bajo,15.3,aprobado
26.1,96.2,16.1,1,22.0,Bajo,19.1,aprobado
4.1,75.2,14.6,0,0.0,Medio,13.4,en_riesgo
24.9,69.3,,1,31.0,Bajo,14.2,aprobado
18.9,83.5,7.1,0,0.0,Bajo,12.7,en_riesgo
14.2,53.0,5.0,0,0.0,Medio,9.3,reprobado
24.7,88.1,19.6,0,0.0,Bajo,20.0,aprobado
1.2,46.6,14.5,1,25.0,Medio,7.0,reprobado
27.7,76.4,8.8,1,22.0,Alto,17.8,aprobado
18.7,57.9,12.5,0,0.0,Bajo,14.7,aprobado
29.7,44.8,7.9,1,22.0,Medio,14.6,aprobado
12.0,66.9,19.4,0,0.0,Medio,15.0,aprobado
26.6,60.2,11.4,1,19.0,Bajo,14.4,aprobado
21.4,44.2,5.1,1,0.0,Medio,10.0,reprobado
25.1,50.9,9.0,0,0.0,Bajo,11.9,en_riesgo
14.6,80.2,18.8,1,21.0,Bajo,17.1,aprobado
11.1,42.5,17.1,1,33.0,Medio,11.8,en_riesgo
8.5,85.7,9.3,1,46.0,Bajo,9.3,reprobado
9.7,85.8,15.6,1,10.0,Alto,14.7,aprobado
3.4,59.8,9.3,0,0.0,Alto,10.6,reprobado
28.1,93.7,6.9,0,0.0,Bajo,15.1,aprobado
,71.5,8.6,0,0.0,Medio,13.4,en_riesgo
14.9,42.7,9.8,1,8.0,Medio,11.3,en_riesgo
3.6,96.7,19.4,1,23.0,Bajo,13.5,en_riesgo
7.2,93.8,6.6,0,0.0,Bajo,8.8,reprobado
25.6,90.8,6.3,0,0.0,BAJO,16.7,aprobado
14.4,86.9,11.3,1,42.0,Alto,13.5,en_riesgo
29.5,82.9,12.0,1,20.0,Bajo,17.2,aprobado
1.5,50.2,15.2,1,9.0,Medio,8.4,reprobado
10.4,64.5,19.3,0,0.0,Medio,15.9,aprobado
12.4,87.7,12.4,0,0.0,Medio,15.3,aprobado
5.7,84.5,18.8,0,0.0,Alto,16.2,aprobado
18.4,42.3,15.6,0,0.0,Medio,15.5,aprobado
24.3,60.2,11.7,1,0.0,Medio,14.6,aprobado
17.5,44.4,8.5,1,40.0,Medio,9.9,reprobado
23.6,78.6,14.7,1,34.0,Medio,15.7,aprobado
23.0,73.9,6.7,0,0.0,Bajo,12.5,en_riesgo
1.8,70.7,13.9,0,0.0,Medio,12.0,en_riesgo
12.1,87.0,5.7,0,0.0,Bajo,9.8,reprobado
,42.6,15.3,0,0.0,Medio,16.4,aprobado
18.5,87.3,17.5,1,9.0,Bajo,17.4,aprobado
7.8,87.5,7.5,1,16.0,Bajo,8.8,reprobado
5.6,72.6,18.7,0,0.0,Bajo,15.1,aprobado
11.0,59.5,14.5,0,0.0,Medio,12.3,en_riesgo
22.8,79.1,11.8,0,0.0,Bajo,14.3,aprobado
1.9,57.6,18.7,0,0.0,Medio,12.6,en_riesgo
7.4,99.2,15.0,0,0.0,Bajo,14.7,aprobado
12.1,52.6,11.2,1,30.0,Bajo,11.1,en_riesgo
14.1,75.4,6.6,1,31.0,Medio,10.3,reprobado
,95.4,,0,0.0,Bajo,19.0,aprobado
21.1,86.1,18.9,1,14.0,Alto,20.0,aprobado
17.3,98.1,17.6,0,0.0,BAJO,17.0,aprobado
19.5,78.9,5.2,1,36.0,Medio,11.1,en_riesgo
,62.0,17.4,0,0.0,Bajo,16.7,aprobado
26.4,76.7,15.9,1,22.0,Medio,20.0,aprobado
14.9,95.8,,0,0.0,Alto,19.3,aprobado
7.5,94.4,9.7,0,0.0,Bajo,11.9,en_riesgo
20.3,66.7,5.0,0,0.0,Bajo,9.6,reprobado
16.0,80.8,7.7,1,29.0,Medio,11.9,en_riesgo
,91.0,7.5,0,0.0,Bajo,11.4,en_riesgo
25.8,61.7,19.7,1,17.0,Medio,19.0,aprobado
25.1,58.6,9.8,1,42.0,Medio,14.8,aprobado
18.4,91.2,10.1,0,0.0,Medio,13.7,en_riesgo
7.0,47.1,15.8,0,0.0,Alto,14.3,aprobado
7.8,64.7,16.7,1,40.0,Bajo,11.8,en_riesgo
15.8,66.6,17.3,0,0.0,Medio,17.7,aprobado
1.9,50.9,16.0,0,0.0,Alto,11.5,en_riesgo
18.2,66.7,16.7,0,0.0,Bajo,14.6,aprobado
14.8,44.7,8.5,0,0.0,Bajo,11.3,en_riesgo
23.6,79.8,17.5,1,11.0,Medio,18.9,aprobado
29.8,91.7,12.1,0,0.0,Medio,19.6,aprobado
25.6,87.1,17.6,0,0.0,Medio,20.0,aprobado
23.5,67.7,11.8,1,44.0,Bajo,13.6,en_riesgo
24.1,84.7,5.1,1,45.0,BAJO,11.2,en_riesgo
21.5,72.4,7.6,1,21.0,Bajo,14.1,aprobado
21.9,43.8,8.5,1,22.0,Bajo,10.1,reprobado
23.5,77.1,15.9,1,36.0,Medio,17.3,aprobado
,66.8,15.0,0,0.0,Medio,12.8,en_riesgo
,92.5,13.2,0,0.0,Bajo,17.4,aprobado
22.4,85.6,14.1,0,0.0,Bajo,15.4,aprobado
4.8,77.6,19.1,0,0.0,Medio,14.3,aprobado
11.8,89.6,19.7,1,16.0,Medio,18.4,aprobado
25.7,40.4,7.7,0,0.0,Alto,14.1,aprobado
9.5,64.0,14.3,1,24.0,Alto,14.1,aprobado
16.8,72.0,12.2,0,0.0,Medio,14.0,aprobado
19.7,58.3,5.0,1,45.0,Medio,9.9,reprobado
17.1,49.6,13.7,0,0.0,Alto,15.9,aprobado
,66.6,7.1,0,0.0,Bajo,10.8,reprobado
2.6,55.5,13.9,0,0.0,Medio,9.5,reprobado
4.8,47.8,16.4,1,43.0,Alto,12.0,en_riesgo
29.0,58.2,16.7,1,33.0,Medio,19.3,aprobado
,74.5,19.5,1,46.0,Bajo,12.1,en_riesgo
20.3,86.0,19.1,0,0.0,Bajo,18.3,aprobado
18.1,87.7,10.7,0,0.0,medio,13.5,en_riesgo
2.1,91.7,13.9,1,8.0,Alto,14.1,aprobado
3.9,91.7,7.4,0,0.0,Bajo,9.1,reprobado
15.0,49.2,8.0,0,0.0,Medio,12.4,en_riesgo
23.8,44.6,14.9,1,20.0,Medio,16.3,aprobado
26.7,86.1,15.0,0,0.0,Alto,19.1,aprobado
9.0,68.9,16.8,1,25.0,Medio,12.2,en_riesgo
11.8,86.0,18.6,1,37.0,Alto,17.0,aprobado
14.7,83.4,10.8,0,0.0,Bajo,12.2,en_riesgo
,84.3,7.6,0,0.0,Bajo,15.1,aprobado
2.2,40.3,19.4,1,24.0,Bajo,9.8,reprobado
19.3,78.8,15.7,0,0.0,Alto,18.8,aprobado
3.2,84.2,16.0,1,29.0,Alto,12.8,en_riesgo
5.9,87.3,19.6,0,0.0,medio,15.1,aprobado
2.8,94.2,19.2,0,0.0,Medio,14.6,aprobado
9.7,57.8,14.4,0,0.0,MEDIO,14.0,aprobado
9.7,56.8,17.8,0,0.0,Bajo,13.6,en_riesgo
28.3,44.7,5.1,0,0.0,Medio,13.5,en_riesgo
29.6,67.5,7.5,1,35.0,Medio,16.2,aprobado
25.0,99.5,10.6,0,0.0,Alto,18.8,aprobado
14.6,42.8,16.3,0,0.0,BAJO,12.9,en_riesgo
11.0,74.0,13.7,1,27.0,Alto,13.2,en_riesgo
9.5,67.5,16.9,1,10.0,Medio,15.6,aprobado
1.7,40.3,6.0,0,0.0,Medio,4.9,reprobado
4.7,62.6,14.3,0,0.0,Medio,10.6,reprobado
23.8,51.6,17.9,1,25.0,Medio,18.6,aprobado
30.0,60.5,16.3,0,0.0,Medio,20.0,aprobado
3.2,91.9,8.1,1,13.0,Bajo,6.5,reprobado
7.9,92.2,6.7,1,22.0,Bajo,9.6,reprobado
10.5,75.6,9.9,1,40.0,Medio,9.9,reprobado
4.0,84.3,15.3,1,45.0,Medio,11.8,en_riesgo
23.8,91.6,6.2,0,0.0,Medio,14.8,aprobado
3.7,68.9,,1,22.0,Bajo,8.9,reprobado
11.6,53.1,6.1,1,24.0,Medio,8.2,reprobado
8.4,66.2,9.7,1,25.0,Bajo,12.2,en_riesgo
29.5,72.6,18.2,0,0.0,Bajo,19.9,aprobado
5.5,64.4,19.0,1,46.0,Medio,12.9,en_riesgo
27.9,95.5,15.0,0,0.0,Alto,20.0,aprobado
7.4,54.5,17.6,1,45.0,Medio,12.3,en_riesgo
27.8,92.6,11.9,0,0.0,Medio,17.7,aprobado
22.8,95.0,8.4,1,38.0,Bajo,13.6,en_riesgo
,73.0,12.6,1,44.0,Medio,16.6,aprobado
17.7,76.4,8.8,0,0.0,Medio,14.4,aprobado
19.3,44.2,,1,28.0,Medio,12.9,en_riesgo
28.0,52.3,9.4,0,0.0,Alto,18.1,aprobado
,45.1,17.2,1,14.0,Alto,16.9,aprobado
,77.2,13.5,0,0.0,Medio,12.9,en_riesgo
24.3,62.9,18.3,0,0.0,Medio,20.0,aprobado
,83.2,15.7,1,41.0,Bajo,16.3,aprobado
12.9,83.1,11.5,0,0.0,Bajo,14.5,aprobado
17.1,74.0,,0,0.0,Medio,16.2,aprobado
21.0,61.4,6.0,0,0.0,Alto,13.9,en_riesgo
24.4,68.0,9.2,1,14.0,Alto,14.7,aprobado
22.8,99.3,14.4,0,0.0,Bajo,18.9,aprobado
24.7,66.9,12.2,1,45.0,Alto,16.6,aprobado
15.9,44.3,11.4,1,34.0,Medio,9.9,reprobado
16.4,99.2,15.5,0,0.0,Bajo,15.4,aprobado
23.0,46.5,19.6,0,0.0,Alto,18.6,aprobado
26.7,97.5,19.0,1,29.0,Medio,20.0,aprobado
28.2,90.0,6.4,1,15.0,Medio,14.1,aprobado
14.8,61.5,12.6,0,0.0,Medio,14.0,aprobado
,61.6,,0,0.0,Medio,15.3,aprobado
4.2,70.0,11.2,1,14.0,Alto,11.5,en_riesgo
5.3,49.7,11.8,1,43.0,Medio,7.6,reprobado
26.9,64.2,7.6,1,11.0,Medio,14.8,aprobado
14.0,54.0,18.0,0,0.0,Alto,16.7,aprobado
4.2,44.6,,0,0.0,Bajo,10.6,reprobado
2.9,90.2,19.1,1,32.0,Alto,15.4,aprobado
2.0,82.8,8.5,1,22.0,Medio,8.5,reprobado
22.6,78.8,7.2,1,27.0,Medio,11.8,en_riesgo
3.6,53.5,14.8,0,0.0,Medio,11.7,en_riesgo
22.1,84.2,17.0,0,0.0,Bajo,19.8,aprobado
28.2,59.0,,1,41.0,Alto,18.3,aprobado
8.5,71.0,19.7,1,32.0,Medio,14.2,aprobado
5.3,46.6,8.4,0,0.0,Bajo,6.0,reprobado
12.0,88.8,13.2,1,14.0,Medio,13.1,en_riesgo
,57.0,8.2,1,37.0,Medio,7.4,reprobado
23.6,42.4,15.4,1,33.0,Medio,14.2,aprobado
6.7,87.3,19.3,0,0.0,Medio,17.9,aprobado
11.9,49.5,5.9,1,30.0,Medio,9.4,reprobado
21.1,80.4,16.1,0,0.0,Bajo,17.5,aprobado
5.6,88.9,13.7,0,0.0,Medio,14.4,aprobado
11.2,62.4,12.2,0,0.0,Alto,12.5,en_riesgo
14.0,60.9,9.5,1,17.0,Alto,12.0,en_riesgo
4.7,92.9,16.5,1,19.0,Bajo,10.5,reprobado
24.7,56.0,,1,43.0,Bajo,11.6,en_riesgo
26.6,69.1,9.6,1,42.0,Bajo,14.3,aprobado
21.1,86.4,12.1,1,8.0,Bajo,16.1,aprobado
9.4,61.9,17.4,1,17.0,Medio,12.5,en_riesgo
13.3,95.9,15.3,0,0.0,Medio,16.2,aprobado
30.0,75.4,7.3,0,0.0,Medio,14.4,aprobado
29.5,69.2,13.4,0,0.0,Alto,20.0,aprobado
15.1,86.9,7.3,1,37.0,Medio,13.1,en_riesgo
6.8,77.2,,0,0.0,Medio,10.7,reprobado
18.6,50.5,19.4,0,0.0,Medio,17.0,aprobado
28.3,85.7,18.2,0,0.0,medio,20.0,aprobado
26.2,55.0,5.8,1,18.0,Medio,13.4,en_riesgo
24.0,48.7,8.0,1,44.0,Medio,9.1,reprobado
28.2,57.4,14.2,0,0.0,Alto,20.0,aprobado
16.3,65.7,8.8,0,0.0,Alto,14.5,aprobado
3.6,92.8,5.5,1,41.0,Bajo,6.7,reprobado
26.6,41.7,9.1,0,0.0,Alto,17.7,aprobado
23.6,70.1,,0,0.0,Medio,15.4,aprobado
25.4,88.2,5.4,1,29.0,Bajo,11.4,en_riesgo
5.3,52.5,11.4,0,0.0,Alto,10.2,reprobado
3.9,57.1,15.1,0,0.0,Alto,14.1,aprobado
22.0,55.8,,0,0.0,Medio,11.8,en_riesgo
9.0,49.6,8.8,0,0.0,Alto,12.9,en_riesgo
26.4,52.8,7.3,1,11.0,Alto,14.8,aprobado
13.5,57.9,14.3,1,38.0,Medio,15.2,aprobado
22.2,50.2,17.2,1,22.0,Medio,15.5,aprobado
12.6,87.9,13.0,0,0.0,Medio,15.1,aprobado
25.5,44.4,14.8,0,0.0,alto,19.6,aprobado
,51.6,16.9,1,22.0,Medio,10.6,reprobado
15.8,87.2,9.6,1,36.0,Bajo,10.9,reprobado
23.0,64.7,5.2,0,0.0,Bajo,13.4,en_riesgo
25.4,89.3,,1,32.0,MEDIO,16.4,aprobado
13.8,70.8,13.3,0,0.0,Medio,12.7,en_riesgo
25.0,47.6,5.6,0,0.0,Alto,11.9,en_riesgo
21.9,77.1,8.9,1,37.0,Alto,15.9,aprobado
11.8,69.2,,0,0.0,Medio,10.2,reprobado
9.9,62.3,15.4,0,0.0,Bajo,13.3,en_riesgo
12.6,88.1,19.1,1,18.0,Bajo,17.2,aprobado
29.0,63.4,17.6,0,0.0,Bajo,20.0,aprobado
26.1,49.8,11.4,1,24.0,MEDIO,14.5,aprobado
2.2,89.1,15.6,1,35.0,Bajo,10.1,reprobado
14.8,56.5,15.7,0,0.0,Medio,17.1,aprobado
7.0,56.3,10.4,1,28.0,Medio,10.0,reprobado
26.3,46.5,7.2,0,0.0,Bajo,14.0,aprobado
21.4,73.7,15.2,1,10.0,Bajo,14.8,aprobado
3.2,43.1,10.8,1,35.0,Medio,7.0,reprobado
24.8,87.3,18.2,0,0.0,Alto,20.0,aprobado
21.0,90.7,8.4,0,0.0,Medio,14.2,aprobado
24.8,40.2,7.3,0,0.0,Medio,12.9,en_riesgo
2.5,74.2,10.4,0,0.0,ALTO,8.9,reprobado
18.7,80.6,6.6,0,0.0,Alto,13.5,en_riesgo
21.2,63.9,18.5,1,13.0,Medio,16.8,aprobado
3.8,87.6,8.0,1,19.0,Medio,10.0,reprobado
9.0,43.0,14.2,0,0.0,Medio,13.4,en_riesgo
2.4,50.0,12.0,1,29.0,Medio,6.7,reprobado
8.7,62.5,12.6,1,17.0,Bajo,11.3,en_riesgo
4.4,45.4,,0,0.0,Medio,6.0,reprobado
20.4,48.0,5.1,0,0.0,Bajo,11.5,en_riesgo
17.8,85.1,8.9,1,26.0,Medio,12.8,en_riesgo
14.1,45.4,18.7,1,23.0,Alto,13.2,en_riesgo
19.2,92.2,,1,13.0,Alto,18.1,aprobado
,91.6,16.4,0,0.0,medio,14.8,aprobado
16.5,52.2,12.7,0,0.0,Bajo,9.9,reprobado
27.9,60.8,,0,0.0,Medio,15.0,aprobado
,77.7,15.5,0,0.0,Medio,13.9,en_riesgo
6.6,82.2,19.6,0,0.0,Bajo,17.5,aprobado
16.0,85.7,12.5,1,17.0,Bajo,13.8,en_riesgo
18.4,87.6,5.8,1,36.0,Alto,13.5,en_riesgo
18.4,54.6,17.6,1,27.0,Bajo,14.6,aprobado
18.4,86.5,9.2,1,26.0,Alto,13.3,en_riesgo
5.3,60.9,12.5,1,25.0,Alto,9.1,reprobado
7.2,64.5,9.4,0,0.0,Bajo,9.0,reprobado
9.7,43.2,19.5,0,0.0,Bajo,14.4,aprobado
16.6,66.4,17.0,0,0.0,Bajo,14.8,aprobado
,67.6,9.7,1,21.0,Medio,19.2,aprobado
11.7,97.4,10.8,1,26.0,Bajo,13.3,en_riesgo
29.6,96.1,14.0,0,0.0,Bajo,20.0,aprobado
8.0,88.4,17.7,1,26.0,Bajo,14.1,aprobado
16.8,94.9,,0,0.0,Medio,17.2,aprobado
16.5,94.9,14.0,0,0.0,Medio,17.5,aprobado
22.1,50.7,14.1,1,21.0,Bajo,14.1,aprobado
10.1,62.2,17.9,1,36.0,Medio,12.5,en_riesgo
17.6,54.8,7.2,1,40.0,Bajo,9.1,reprobado
27.9,67.8,8.8,0,0.0,Alto,16.2,aprobado
27.6,91.6,16.4,0,0.0,Bajo,19.8,aprobado
,63.4,18.8,0,0.0,Bajo,14.5,aprobado
29.7,48.3,18.9,1,17.0,Medio,19.2,aprobado
8.2,81.1,16.1,1,28.0,Alto,13.1,en_riesgo
6.8,81.2,,1,33.0,Bajo,6.8,reprobado
5.0,63.0,18.3,0,0.0,Bajo,14.2,aprobado
9.9,77.3,13.8,1,46.0,Medio,10.5,reprobado
18.3,67.8,14.0,0,0.0,Medio,15.8,aprobado
8.5,43.5,9.3,1,39.0,Alto,6.8,reprobado
27.0,79.6,9.7,1,14.0,medio,15.2,aprobado
17.3,57.4,,1,37.0,Medio,11.3,en_riesgo
23.5,88.1,19.4,0,0.0,Medio,20.0,aprobado
29.6,79.3,6.9,0,0.0,Alto,16.5,aprobado
29.0,43.6,9.2,0,0.0,Medio,14.3,aprobado
7.9,91.0,8.5,0,0.0,Medio,11.3,en_riesgo
9.9,90.7,12.0,0,0.0,Medio,13.5,en_riesgo
4.5,48.7,14.3,0,0.0,Medio,11.4,en_riesgo
,79.2,,0,0.0,Medio,17.5,aprobado
3.0,74.3,19.1,0,0.0,Bajo,13.3,en_riesgo
2.2,98.0,15.9,1,42.0,Alto,13.1,en_riesgo
12.3,62.3,,1,28.0,Bajo,12.9,en_riesgo
6.6,85.6,17.9,0,0.0,Alto,15.4,aprobado
12.6,40.9,5.9,0,0.0,Alto,8.9,reprobado
6.2,64.6,14.6,1,28.0,Medio,12.7,en_riesgo
9.7,57.3,12.3,1,36.0,Alto,11.3,en_riesgo
12.3,82.2,16.1,0,0.0,Alto,16.5,aprobado
,92.3,15.3,0,0.0,Medio,16.7,aprobado
,46.7,13.4,0,0.0,Medio,15.7,aprobado
27.4,68.2,6.3,1,41.0,Bajo,13.5,en_riesgo
7.4,92.7,9.9,1,30.0,Alto,12.0,en_riesgo
24.3,49.8,7.0,1,30.0,Bajo,13.4,en_riesgo
29.6,98.4,19.4,0,0.0,Alto,20.0,aprobado
15.5,62.3,,0,0.0,Medio,16.3,aprobado
11.8,73.3,6.7,0,0.0,Medio,9.4,reprobado
16.1,70.2,9.6,0,0.0,Bajo,11.1,en_riesgo
8.5,99.8,10.5,1,25.0,Bajo,11.6,en_riesgo
12.8,98.7,6.8,1,39.0,Medio,9.8,reprobado
22.9,45.5,13.5,0,0.0,Medio,15.6,aprobado
11.7,64.4,16.9,0,0.0,Medio,15.7,aprobado
17.4,42.8,5.0,0,0.0,Alto,12.7,en_riesgo
,70.7,17.8,1,8.0,Medio,13.3,en_riesgo
26.7,93.4,6.7,0,0.0,Alto,19.0,aprobado
18.8,90.5,,0,0.0,Medio,17.0,aprobado
11.1,99.6,,0,0.0,Bajo,17.6,aprobado
20.8,48.5,18.1,1,17.0,Bajo,16.0,aprobado
19.1,50.8,8.0,0,0.0,MEDIO,13.7,en_riesgo
1.3,80.2,19.5,0,0.0,Medio,13.4,en_riesgo
8.5,81.6,12.2,0,0.0,Bajo,12.1,en_riesgo
7.7,62.4,12.8,0,0.0,Bajo,11.4,en_riesgo
6.7,53.8,17.7,1,35.0,Medio,12.6,en_riesgo
17.7,60.2,11.5,1,25.0,Medio,15.0,aprobado
1.4,74.7,18.4,0,0.0,ALTO,14.2,aprobado
25.5,61.7,18.4,0,0.0,Medio,20.0,aprobado
14.1,77.6,5.4,1,46.0,Medio,9.1,reprobado
24.7,96.7,,1,35.0,Medio,17.4,aprobado
,52.6,14.7,0,0.0,Alto,11.0,en_riesgo
1.1,77.2,16.1,0,0.0,Bajo,12.0,en_riesgo
3.9,42.5,5.4,1,33.0,Alto,6.4,reprobado
9.8,56.9,19.1,1,32.0,Bajo,13.3,en_riesgo
26.9,57.6,13.3,1,41.0,MEDIO,15.8,aprobado
9.9,75.3,11.5,0,0.0,Alto,13.1,en_riesgo
12.4,96.4,11.7,0,0.0,Bajo,12.8,en_riesgo
23.9,44.9,17.9,1,31.0,Medio,18.1,aprobado
21.7,68.9,6.2,0,0.0,Medio,14.2,aprobado
4.7,54.8,7.8,1,17.0,Bajo,4.3,reprobado
,70.7,12.4,1,19.0,Bajo,11.0,en_riesgo
21.9,83.0,9.3,0,0.0,Alto,18.7,aprobado
3.1,48.8,7.3,0,0.0,Medio,7.1,reprobado
5.1,61.1,11.8,0,0.0,Medio,11.3,en_riesgo
20.2,59.5,8.0,1,20.0,Medio,13.9,en_riesgo
25.3,83.6,15.3,0,0.0,Bajo,19.5,aprobado
2.6,99.6,12.0,1,18.0,Medio,12.5,en_riesgo
17.3,86.5,5.5,1,17.0,Bajo,12.6,en_riesgo
2.8,84.2,9.9,1,39.0,Medio,8.5,reprobado
11.1,55.9,9.2,1,16.0,Medio,8.6,reprobado
8.1,71.8,14.5,1,45.0,Medio,11.5,en_riesgo
5.4,90.4,12.8,1,33.0,Alto,10.4,reprobado
21.6,91.4,14.3,0,0.0,Alto,18.3,aprobado
20.6,45.5,13.5,1,13.0,Medio,14.3,aprobado
10.1,47.6,18.4,0,0.0,Bajo,13.0,en_riesgo
21.7,77.1,8.7,0,0.0,Medio,12.6,en_riesgo
22.0,61.3,8.3,1,35.0,Medio,12.0,en_riesgo
12.4,89.1,18.8,1,24.0,Bajo,14.6,aprobado
29.3,52.2,9.1,1,12.0,Medio,15.4,aprobado
22.9,68.0,10.3,0,0.0,Bajo,14.6,aprobado
2.6,41.6,19.0,0,0.0,Bajo,11.0,en_riesgo
26.2,63.9,17.0,0,0.0,Alto,20.0,aprobado
2.6,79.2,19.3,0,0.0,Medio,12.7,en_riesgo
11.2,63.9,19.5,0,0.0,Bajo,16.5,aprobado
6.2,59.8,19.3,1,21.0,Bajo,12.3,en_riesgo
4.9,56.3,10.9,1,46.0,Medio,5.4,reprobado
23.9,57.7,14.2,1,8.0,Medio,16.4,aprobado
,49.1,8.8,1,26.0,Medio,12.8,en_riesgo
14.2,96.4,6.6,1,21.0,Bajo,12.1,en_riesgo
23.4,92.7,5.9,1,9.0,Bajo,13.3,en_riesgo
13.4,45.1,7.4,1,8.0,Bajo,10.9,reprobado
12.0,84.5,6.1,1,29.0,Alto,10.9,reprobado
13.9,89.7,16.2,1,16.0,Medio,14.3,aprobado
21.7,68.5,16.5,0,0.0,Medio,16.4,aprobado
6.8,84.4,6.9,0,0.0,Medio,9.9,reprobado
15.5,48.3,15.0,1,47.0,Medio,10.5,reprobado
3.9,77.3,,0,0.0,Medio,8.3,reprobado
14.7,63.3,11.4,0,0.0,Medio,13.7,en_riesgo
16.5,49.6,,1,20.0,Bajo,12.0,en_riesgo
24.0,63.3,8.5,1,17.0,Bajo,14.4,aprobado
17.4,92.8,8.0,1,16.0,Bajo,12.9,en_riesgo
24.5,92.7,14.2,0,0.0,Medio,19.8,aprobado
,97.0,19.0,0,0.0,Medio,20.0,aprobado
15.3,84.0,12.5,0,0.0,Bajo,14.4,aprobado
13.0,60.1,17.0,1,13.0,Bajo,12.8,en_riesgo
7.3,68.3,6.4,0,0.0,Bajo,9.5,reprobado
12.4,96.4,11.7,0,0.0,Bajo,12.8,en_riesgo
27.8,59.1,18.4,0,0.0,Medio,20.0,aprobado
22.0,45.7,8.9,1,34.0,Bajo,9.8,reprobado
6.2,79.2,5.8,0,0.0,Bajo,5.5,reprobado
15.8,66.6,,0,0.0,Bajo,11.4,en_riesgo
24.8,96.9,17.0,1,44.0,Alto,19.9,aprobado
15.9,73.7,6.1,1,44.0,Alto,9.6,reprobado
,96.7,8.8,0,0.0,Medio,20.0,aprobado
21.6,85.7,,0,0.0,Bajo,16.5,aprobado
23.1,66.8,7.3,0,0.0,Medio,13.8,en_riesgo
2.0,99.0,17.8,0,0.0,Bajo,15.2,aprobado
21.5,92.7,5.8,0,0.0,Medio,15.1,aprobado
18.2,47.1,8.2,1,40.0,Medio,12.0,en_riesgo
29.5,45.9,5.0,1,0.0,Bajo,12.6,en_riesgo
,55.4,12.9,1,40.0,Medio,11.6,en_riesgo
11.1,62.2,15.9,0,0.0,Alto,17.2,aprobado
,69.7,8.1,1,46.0,Medio,14.6,aprobado
25.2,43.1,16.5,0,0.0,Medio,15.4,aprobado
4.4,87.8,17.4,0,0.0,Alto,15.3,aprobado
13.5,92.2,11.8,1,36.0,Bajo,13.8,en_riesgo
28.7,72.1,9.6,0,0.0,Bajo,16.1,aprobado
5.8,94.5,16.7,1,23.0,Bajo,11.6,en_riesgo
1.2,84.0,12.9,1,15.0,Alto,13.0,en_riesgo
1.4,75.6,15.8,0,0.0,Medio,13.8,en_riesgo
21.2,66.1,,1,25.0,Alto,12.6,en_riesgo
25.3,65.1,12.9,0,0.0,ALTO,15.7,aprobado
4.7,40.7,5.5,0,0.0,alto,6.4,reprobado
26.9,83.4,10.3,1,11.0,Medio,17.5,aprobado
18.6,87.5,7.2,0,0.0,Bajo,13.0,en_riesgo
15.5,89.7,13.2,1,19.0,Bajo,15.0,aprobado
7.9,62.8,14.0,0,0.0,Bajo,12.2,en_riesgo
27.4,82.8,14.1,0,0.0,Medio,19.8,aprobado
24.3,51.3,17.3,1,25.0,Medio,19.4,aprobado
19.2,61.7,,1,39.0,Bajo,16.3,aprobado
14.6,40.3,8.3,1,19.0,Medio,12.2,en_riesgo
23.9,82.1,19.8,1,16.0,Bajo,18.9,aprobado
12.3,99.3,18.8,0,0.0,Bajo,16.5,aprobado
24.7,69.6,9.4,0,0.0,Medio,14.2,aprobado
23.1,83.6,12.5,1,31.0,Bajo,13.5,en_riesgo
5.6,65.9,15.2,0,0.0,Medio,11.9,en_riesgo
9.1,56.1,8.1,0,0.0,Alto,13.1,en_riesgo
3.1,95.9,8.9,0,0.0,Medio,11.2,en_riesgo
23.5,42.5,15.9,1,23.0,Medio,16.7,aprobado
4.6,45.1,5.5,0,0.0,Bajo,5.5,reprobado
8.5,71.8,,0,0.0,Medio,11.1,en_riesgo
23.9,63.2,11.7,1,32.0,Bajo,12.9,en_riesgo
9.0,90.1,8.8,1,0.0,Bajo,9.9,reprobado
27.5,44.1,,0,0.0,Medio,18.3,aprobado
,58.5,8.3,0,0.0,Alto,9.0,reprobado
27.1,74.0,6.3,0,0.0,Medio,13.6,en_riesgo
4.0,42.5,7.7,1,19.0,Medio,6.5,reprobado
10.8,61.4,12.6,0,0.0,Bajo,9.8,reprobado
15.8,54.6,7.0,0,0.0,Alto,12.2,en_riesgo
17.5,49.9,11.5,0,0.0,Medio,15.6,aprobado
19.8,65.5,13.4,1,35.0,Medio,12.0,en_riesgo
27.2,96.1,,0,0.0,Alto,19.7,aprobado
,65.8,16.6,0,0.0,MEDIO,15.3,aprobado
8.9,65.8,11.9,1,28.0,Medio,9.5,reprobado
15.8,84.3,14.0,1,11.0,Medio,17.2,aprobado
29.1,57.3,10.6,0,0.0,Medio,17.2,aprobado
17.7,69.3,6.5,1,18.0,Medio,13.1,en_riesgo
12.2,59.6,,1,33.0,Medio,12.3,en_riesgo
14.9,81.7,,1,0.0,Medio,13.0,en_riesgo
15.7,55.8,16.4,1,28.0,Bajo,15.8,aprobado
11.3,40.6,16.7,0,0.0,Medio,14.5,aprobado
10.0,97.5,10.5,1,44.0,Bajo,11.6,en_riesgo
1.7,76.1,10.8,0,0.0,Medio,10.2,reprobado
,92.0,16.3,0,0.0,Bajo,20.0,aprobado
6.5,84.8,18.3,0,0.0,Bajo,14.8,aprobado
21.4,47.6,17.8,0,0.0,Medio,19.4,aprobado
21.8,66.8,6.7,0,0.0,Medio,12.6,en_riesgo
10.1,49.6,19.8,0,0.0,Medio,12.7,en_riesgo
11.7,52.5,,1,39.0,Alto,6.2,reprobado
3.8,88.2,,0,0.0,Alto,13.2,en_riesgo
24.8,69.0,9.9,1,9.0,Alto,15.4,aprobado
27.7,54.1,13.5,0,0.0,Alto,18.2,aprobado
11.2,80.0,6.8,1,47.0,Bajo,10.1,reprobado
25.5,85.5,10.2,0,0.0,Bajo,14.9,aprobado
27.7,97.7,18.2,0,0.0,Alto,20.0,aprobado
22.8,79.1,18.0,0,0.0,Medio,19.6,aprobado
10.9,49.9,9.4,0,0.0,Medio,10.5,reprobado
21.5,45.7,16.4,0,0.0,Bajo,17.7,aprobado
29.8,60.6,11.0,0,0.0,Bajo,16.9,aprobado
,98.7,14.5,1,11.0,Bajo,16.6,aprobado
7.0,90.9,11.1,1,17.0,Bajo,12.3,en_riesgo
29.4,69.4,12.0,0,0.0,Alto,18.6,aprobado
13.6,80.1,19.5,0,0.0,Alto,17.6,aprobado
23.1,90.7,,1,12.0,Bajo,16.6,aprobado
,50.6,6.1,1,34.0,Medio,7.3,reprobado
4.0,69.4,8.6,0,0.0,Bajo,7.1,reprobado
19.8,47.8,16.7,0,0.0,Bajo,17.7,aprobado
7.1,82.4,18.0,1,36.0,Medio,15.4,aprobado
2.3,75.7,13.3,1,41.0,Bajo,11.9,en_riesgo
7.9,48.2,9.1,1,47.0,Medio,7.6,reprobado
21.0,46.8,9.1,0,0.0,Medio,14.1,aprobado
,92.9,5.5,1,39.0,Bajo,11.7,en_riesgo
16.4,90.7,13.8,0,0.0,Alto,16.8,aprobado
13.5,79.8,13.7,0,0.0,Medio,13.2,en_riesgo
,69.0,19.5,1,37.0,Bajo,18.7,aprobado
3.8,85.2,15.6,1,23.0,Bajo,10.1,reprobado
25.0,62.8,12.1,0,0.0,Alto,17.3,aprobado
27.3,56.3,19.5,0,0.0,Bajo,19.6,aprobado
15.3,57.3,9.7,1,39.0,Medio,10.8,reprobado
,82.0,6.0,1,23.0,Medio,9.7,reprobado
13.9,86.7,13.3,0,0.0,bajo,14.6,aprobado
8.6,67.5,16.4,1,39.0,Alto,14.0,aprobado
26.2,45.5,15.5,1,11.0,Alto,17.2,aprobado
9.6,86.6,8.2,1,10.0,medio,10.3,reprobado
12.4,76.6,10.9,0,0.0,Medio,12.6,en_riesgo
27.2,65.8,10.9,0,0.0,Alto,17.9,aprobado
25.3,62.1,16.9,0,0.0,Bajo,19.0,aprobado
27.5,56.5,7.7,1,38.0,Bajo,13.2,en_riesgo
18.6,60.7,13.3,0,0.0,Medio,13.1,en_riesgo
21.1,95.0,11.3,1,10.0,Bajo,15.8,aprobado
2.2,43.6,19.3,0,0.0,Medio,12.5,en_riesgo
1.8,96.1,13.9,0,0.0,Medio,14.2,aprobado
2.9,80.8,13.2,0,0.0,Bajo,9.8,reprobado
,85.7,6.4,0,0.0,Medio,8.0,reprobado
18.5,54.6,14.1,1,12.0,Bajo,14.6,aprobado
18.4,89.0,16.1,0,0.0,Medio,16.7,aprobado
4.2,61.6,18.9,0,0.0,Bajo,11.6,en_riesgo
5.6,65.5,11.2,0,0.0,Medio,8.3,reprobado
12.3,81.9,13.9,1,21.0,Medio,13.8,en_riesgo
26.9,62.9,15.7,1,21.0,Medio,18.1,aprobado
,68.7,19.0,1,19.0,Alto,16.3,aprobado
18.7,82.2,17.6,0,0.0,Medio,17.4,aprobado
19.2,79.6,7.3,0,0.0,Bajo,14.1,aprobado
1.8,41.3,18.5,0,0.0,Alto,14.2,aprobado
10.2,50.4,7.9,0,0.0,Medio,10.0,reprobado
26.6,44.6,19.2,0,0.0,Alto,20.0,aprobado
20.1,42.3,9.3,0,0.0,Alto,13.8,en_riesgo
9.3,52.7,5.6,0,0.0,Medio,7.5,reprobado
2.5,72.2,,1,0.0,Bajo,7.6,reprobado
,74.8,13.9,1,15.0,Alto,17.8,aprobado
7.5,51.7,12.6,1,42.0,Medio,9.2,reprobado
,43.6,13.8,1,26.0,Alto,13.6,en_riesgo
15.4,46.6,5.1,1,42.0,Medio,7.6,reprobado
4.1,57.6,16.1,0,0.0,Bajo,10.8,reprobado
9.5,56.6,5.3,0,0.0,Medio,7.9,reprobado
27.6,44.5,9.2,1,30.0,Bajo,13.6,en_riesgo
2.2,56.9,13.8,0,0.0,Bajo,8.7,reprobado
25.9,46.2,11.4,0,0.0,Alto,15.6,aprobado
20.2,59.7,9.9,0,0.0,Medio,12.6,en_riesgo
7.8,65.5,13.9,0,0.0,Medio,13.0,en_riesgo
14.2,41.8,13.1,1,10.0,Medio,11.8,en_riesgo
15.9,77.7,14.2,1,8.0,Medio,16.7,aprobado
,48.3,8.8,1,45.0,Bajo,13.2,en_riesgo
,66.0,14.0,0,0.0,Bajo,15.5,aprobado
9.1,82.2,14.0,0,0.0,Bajo,12.4,en_riesgo
11.5,66.3,5.3,0,0.0,Alto,8.2,reprobado
15.5,44.4,5.6,0,0.0,Medio,10.2,reprobado
17.6,81.7,,1,41.0,Bajo,10.1,reprobado
9.1,70.5,16.7,0,0.0,Medio,15.8,aprobado
22.4,94.0,13.2,1,20.0,Bajo,16.1,aprobado
28.3,84.2,7.9,0,0.0,Medio,18.5,aprobado
,90.1,,0,0.0,Alto,16.8,aprobado
23.7,71.8,14.3,0,0.0,Medio,19.1,aprobado
10.3,97.2,6.2,0,0.0,Bajo,12.2,en_riesgo
4.4,93.4,14.9,0,0.0,Bajo,13.8,en_riesgo
23.9,97.7,9.1,0,0.0,Bajo,15.3,aprobado
28.9,40.9,9.3,0,0.0,Bajo,13.7,en_riesgo
15.0,79.8,7.4,0,0.0,Medio,11.8,en_riesgo
12.3,62.9,17.2,0,0.0,Bajo,14.6,aprobado
23.4,85.5,17.4,1,30.0,Medio,17.9,aprobado
22.8,44.9,7.6,1,43.0,Bajo,9.0,reprobado
15.8,79.6,6.2,1,40.0,Bajo,11.1,en_riesgo
10.1,95.8,13.1,1,33.0,Medio,13.3,en_riesgo
15.7,53.4,14.4,1,25.0,Medio,12.3,en_riesgo
20.5,40.8,18.2,1,36.0,Medio,16.7,aprobado
19.3,76.7,16.8,1,31.0,Alto,16.8,aprobado
26.4,60.7,15.1,1,0.0,Bajo,18.4,aprobado
27.4,43.8,5.5,0,0.0,Bajo,12.5,en_riesgo
3.3,59.5,15.1,1,37.0,Bajo,10.1,reprobado
,62.3,18.8,0,0.0,Bajo,17.5,aprobado
2.1,53.7,12.7,0,0.0,Alto,12.1,en_riesgo
4.1,40.2,17.9,0,0.0,Medio,13.3,en_riesgo
1.3,46.3,18.7,1,14.0,Alto,11.8,en_riesgo
3.4,46.4,16.2,1,36.0,Bajo,8.8,reprobado
28.2,66.8,14.1,0,0.0,Bajo,19.2,aprobado
14.5,81.5,15.2,0,0.0,Bajo,15.0,aprobado
23.8,52.8,15.9,0,0.0,Medio,17.6,aprobado
29.2,42.8,9.3,1,31.0,Bajo,13.0,en_riesgo
8.8,62.2,13.1,0,0.0,Medio,12.4,en_riesgo
30.0,67.5,8.5,1,24.0,Alto,15.1,aprobado
,51.2,16.1,0,0.0,Bajo,13.6,en_riesgo
22.4,88.5,14.7,0,0.0,Medio,18.8,aprobado
6.8,85.5,14.0,1,22.0,Medio,11.0,en_riesgo
12.4,85.0,6.7,0,0.0,Alto,14.1,aprobado
7.7,76.9,19.6,1,36.0,Bajo,13.7,en_riesgo
18.5,44.3,16.2,0,0.0,Alto,14.8,aprobado
12.1,99.8,6.3,1,11.0,Medio,12.5,en_riesgo
2.8,60.7,13.7,1,8.0,Medio,10.1,reprobado
4.4,59.6,18.9,0,0.0,Medio,13.3,en_riesgo
11.3,83.1,9.6,0,0.0,Alto,11.7,en_riesgo
26.9,89.0,10.3,0,0.0,Bajo,15.0,aprobado
20.7,45.9,6.8,0,0.0,Bajo,11.4,en_riesgo
16.2,67.9,11.4,0,0.0,Alto,15.6,aprobado
1.5,84.2,19.7,0,0.0,Bajo,12.1,en_riesgo
3.9,43.8,19.9,0,0.0,Medio,11.7,en_riesgo
4.4,63.3,7.2,0,0.0,Medio,7.9,reprobado
18.5,92.6,9.1,0,0.0,Alto,17.7,aprobado
9.3,95.5,18.6,1,38.0,Medio,16.4,aprobado
12.5,59.0,,1,23.0,Bajo,8.4,reprobado
11.3,59.5,7.5,0,0.0,Medio,11.4,en_riesgo
2.7,58.8,13.0,1,0.0,Medio,9.5,reprobado
22.3,87.3,8.3,0,0.0,Medio,16.7,aprobado
3.5,99.1,15.3,0,0.0,Medio,13.7,en_riesgo
7.4,83.9,7.6,0,0.0,Medio,12.2,en_riesgo
14.7,83.6,10.1,0,0.0,Medio,12.2,en_riesgo
,97.8,13.1,0,0.0,Medio,14.8,aprobado
13.7,65.6,7.1,1,14.0,Bajo,8.4,reprobado
4.1,60.7,9.6,1,46.0,Alto,8.5,reprobado
24.0,70.9,10.2,1,30.0,Bajo,11.9,en_riesgo
12.6,45.6,,1,13.0,Medio,14.7,aprobado
2.0,95.2,,1,41.0,Medio,10.2,reprobado
10.8,78.6,5.9,0,0.0,Alto,11.4,en_riesgo
,71.8,7.5,1,9.0,Medio,11.9,en_riesgo
8.6,96.0,15.8,1,39.0,Medio,14.5,aprobado
12.7,72.4,10.3,1,0.0,Medio,10.7,reprobado
6.0,91.1,15.3,1,35.0,Bajo,12.0,en_riesgo
27.4,66.5,16.6,1,33.0,Bajo,15.4,aprobado
7.2,75.1,12.3,1,20.0,Alto,12.0,en_riesgo
4.4,40.5,17.0,0,0.0,Bajo,11.0,en_riesgo
7.8,83.5,11.8,1,32.0,Medio,11.4,en_riesgo
21.4,79.2,14.3,0,0.0,Medio,15.5,aprobado
27.5,60.3,15.6,0,0.0,Medio,17.7,aprobado
21.9,66.9,16.1,1,27.0,Medio,17.2,aprobado
14.6,97.6,5.1,0,0.0,Alto,13.9,en_riesgo
8.1,71.0,15.0,0,0.0,Medio,11.9,en_riesgo
28.8,40.1,12.2,1,33.0,BAJO,12.7,en_riesgo
14.4,90.3,5.4,1,15.0,Medio,11.7,en_riesgo
9.2,71.6,18.7,0,0.0,Alto,17.1,aprobado
28.1,96.8,8.8,0,0.0,Bajo,17.7,aprobado
17.8,43.3,11.0,0,0.0,Alto,14.0,aprobado
8.5,85.9,11.5,0,0.0,Alto,13.5,en_riesgo
29.3,58.1,16.4,1,30.0,Medio,17.9,aprobado
2.3,85.0,8.7,0,0.0,Bajo,8.4,reprobado
12.0,62.9,7.8,1,39.0,Bajo,8.4,reprobado
18.3,85.0,9.9,1,19.0,Alto,14.5,aprobado
19.3,90.3,10.5,0,0.0,Medio,15.8,aprobado
22.5,95.5,12.6,1,27.0,Medio,17.8,aprobado
20.2,55.6,11.2,0,0.0,Medio,13.1,en_riesgo
,60.9,15.8,1,27.0,Bajo,16.5,aprobado
26.7,52.6,15.6,1,10.0,Medio,17.1,aprobado
23.5,50.8,5.2,0,0.0,Bajo,12.4,en_riesgo
27.1,61.8,17.2,1,47.0,Medio,17.8,aprobado
15.5,83.6,6.2,1,0.0,Bajo,11.5,en_riesgo
5.3,91.9,10.2,0,0.0,Alto,13.4,en_riesgo
20.2,92.6,5.4,0,0.0,Alto,13.6,en_riesgo
4.9,62.4,5.4,1,19.0,Alto,6.5,reprobado
,84.9,12.1,0,0.0,Alto,15.8,aprobado
8.6,54.1,6.3,1,17.0,Bajo,5.8,reprobado
14.7,51.5,11.1,1,19.0,Alto,11.2,en_riesgo
28.2,84.0,7.0,0,0.0,Medio,16.1,aprobado
19.7,49.2,10.8,1,11.0,Bajo,13.3,en_riesgo
1.9,41.9,,0,0.0,Alto,11.7,en_riesgo
7.6,77.8,19.8,1,8.0,Bajo,14.1,aprobado
9.6,74.5,19.8,0,0.0,Medio,15.9,aprobado
8.6,68.5,10.1,1,18.0,Bajo,6.8,reprobado
,65.2,12.3,1,10.0,Alto,19.1,aprobado
28.4,48.3,,1,24.0,Bajo,14.0,aprobado
1.4,62.1,11.2,0,0.0,Medio,10.6,reprobado
13.6,91.9,15.0,0,0.0,Bajo,16.1,aprobado
9.9,50.6,14.4,0,0.0,Medio,13.0,en_riesgo
17.3,93.3,19.3,1,19.0,Medio,19.2,aprobado
23.9,50.6,14.7,0,0.0,Medio,17.2,aprobado
18.5,71.0,16.5,0,0.0,Bajo,15.6,aprobado
3.5,52.8,9.1,1,12.0,Alto,8.5,reprobado
4.2,86.3,13.7,0,0.0,Bajo,11.8,en_riesgo
22.0,55.2,12.4,0,0.0,Medio,16.1,aprobado
12.4,68.3,14.2,1,28.0,Medio,13.1,en_riesgo
13.9,43.7,7.3,1,18.0,Medio,11.4,en_riesgo
22.1,59.8,16.0,0,0.0,Medio,18.2,aprobado
15.7,93.5,14.7,0,0.0,Medio,15.3,aprobado
4.7,56.1,9.0,0,0.0,Bajo,6.5,reprobado
2.7,54.5,,0,0.0,Medio,11.5,en_riesgo
3.1,56.4,10.1,0,0.0,Bajo,10.0,reprobado
4.0,74.2,8.6,1,25.0,Bajo,9.3,reprobado
21.2,56.3,14.1,0,0.0,Bajo,16.9,aprobado
23.6,52.4,18.5,1,43.0,Bajo,16.7,aprobado
5.1,40.2,8.1,1,8.0,Bajo,7.3,reprobado
13.8,43.9,18.0,1,26.0,Bajo,12.4,en_riesgo
18.3,85.6,17.9,1,11.0,Medio,17.9,aprobado
28.3,84.3,7.5,1,22.0,Alto,17.7,aprobado
22.5,50.0,13.0,1,32.0,Bajo,12.9,en_riesgo
16.1,67.4,11.8,0,0.0,Bajo,12.8,en_riesgo
9.9,78.8,10.4,1,35.0,Bajo,8.7,reprobado
10.6,49.8,16.3,1,20.0,Alto,14.1,aprobado
9.6,97.7,19.7,0,0.0,bajo,15.4,aprobado
27.3,42.1,13.7,1,36.0,Bajo,13.6,en_riesgo
7.3,83.3,8.3,1,16.0,Bajo,7.5,reprobado
26.4,65.9,17.0,1,23.0,Medio,19.3,aprobado
5.3,78.9,8.4,1,24.0,Medio,6.2,reprobado
12.3,43.7,,0,0.0,Bajo,11.6,en_riesgo
16.1,58.6,16.3,1,44.0,MEDIO,14.4,aprobado
27.6,82.4,11.5,0,0.0,Alto,20.0,aprobado
,65.6,,0,0.0,Bajo,15.7,aprobado
,59.9,14.9,0,0.0,Bajo,11.6,en_riesgo
20.5,62.5,8.6,0,0.0,Medio,13.7,en_riesgo
5.1,77.4,13.0,1,21.0,Medio,15.1,aprobado
27.0,74.3,,1,18.0,Bajo,18.4,aprobado
21.7,95.0,16.4,1,39.0,Bajo,17.9,aprobado
28.1,50.8,14.7,0,0.0,Medio,19.0,aprobado
8.2,45.8,13.1,0,0.0,Bajo,9.3,reprobado
,95.4,17.5,0,0.0,Medio,17.3,aprobado
25.5,51.9,15.6,0,0.0,medio,16.7,aprobado
23.4,84.8,15.0,1,42.0,Bajo,18.1,aprobado
8.3,94.8,6.0,0,0.0,Medio,10.0,reprobado
4.9,46.1,12.2,0,0.0,Bajo,9.1,reprobado
18.3,75.4,7.9,0,0.0,Bajo,11.8,en_riesgo
3.2,97.3,13.9,1,21.0,Medio,12.8,en_riesgo
20.9,97.4,,1,8.0,Medio,16.8,aprobado
18.6,77.9,5.1,0,0.0,Medio,11.9,en_riesgo
24.2,79.4,10.3,0,0.0,BAJO,15.7,aprobado
27.0,62.2,15.7,0,0.0,Bajo,19.2,aprobado
24.4,52.2,,1,10.0,Medio,14.4,aprobado
25.7,62.7,7.2,0,0.0,Medio,13.1,en_riesgo
21.2,90.4,7.9,1,28.0,Bajo,13.9,en_riesgo
14.6,42.4,5.8,0,0.0,Alto,10.5,reprobado
21.5,63.8,13.7,0,0.0,Medio,16.5,aprobado
,92.6,18.3,1,19.0,Alto,17.7,aprobado
9.3,63.3,18.1,0,0.0,Medio,14.2,aprobado
25.4,51.8,20.0,0,0.0,Medio,19.6,aprobado
29.9,75.3,7.0,0,0.0,Alto,18.6,aprobado
4.8,52.2,16.5,0,0.0,Medio,12.0,en_riesgo
15.2,78.2,16.7,0,0.0,Bajo,16.7,aprobado
4.2,80.5,18.6,1,35.0,Medio,13.0,en_riesgo
16.0,89.1,11.3,0,0.0,Bajo,15.6,aprobado
,61.3,11.5,1,23.0,Medio,15.0,aprobado
19.1,61.3,19.0,0,0.0,Medio,17.0,aprobado
10.6,58.7,9.9,1,17.0,Bajo,10.1,reprobado
1.7,100.0,11.7,0,0.0,Medio,10.8,reprobado
23.9,83.1,13.1,0,0.0,Bajo,18.3,aprobado
9.0,44.3,6.4,1,14.0,Bajo,7.2,reprobado
26.4,74.6,,1,27.0,Medio,17.5,aprobado
29.3,58.1,9.0,0,0.0,Medio,17.6,aprobado
,59.9,5.1,1,30.0,Medio,12.3,en_riesgo
22.0,95.2,18.1,1,31.0,Alto,20.0,aprobado
,41.9,11.4,0,0.0,Medio,14.7,aprobado
8.9,57.7,5.0,0,0.0,Medio,9.4,reprobado
10.6,94.0,15.1,0,0.0,Medio,13.5,en_riesgo
14.6,97.4,10.2,1,12.0,Bajo,11.9,en_riesgo
18.0,47.2,15.1,0,0.0,Medio,14.7,aprobado
5.6,82.9,17.9,0,0.0,Alto,14.8,aprobado
,43.8,19.2,1,28.0,Bajo,16.4,aprobado
,96.3,17.9,1,35.0,Alto,14.3,aprobado
14.2,62.2,14.0,0,0.0,Bajo,12.6,en_riesgo
26.5,98.5,16.9,1,29.0,Medio,17.8,aprobado
5.0,68.7,6.7,0,0.0,Bajo,7.5,reprobado
,58.6,10.5,0,0.0,Bajo,8.3,reprobado
22.5,41.6,9.1,0,0.0,Medio,13.1,en_riesgo
25.0,62.8,14.8,1,40.0,Alto,16.7,aprobado
4.1,88.2,7.0,0,0.0,Bajo,9.0,reprobado
14.7,96.5,7.2,1,44.0,Medio,9.7,reprobado
20.4,96.5,13.0,0,0.0,Alto,17.7,aprobado
20.9,95.0,13.9,0,0.0,Bajo,17.6,aprobado
18.3,78.7,18.8,1,32.0,Medio,16.6,aprobado
13.6,75.6,20.0,0,0.0,Bajo,14.4,aprobado
26.9,46.1,,1,15.0,Medio,17.3,aprobado
16.6,75.3,17.0,1,29.0,Medio,14.7,aprobado
13.8,55.2,19.8,1,39.0,Medio,14.0,aprobado
13.8,83.6,16.4,1,41.0,Bajo,14.0,aprobado
15.6,68.2,19.1,1,36.0,Medio,16.1,aprobado
2.9,68.6,6.7,1,28.0,Medio,7.5,reprobado
13.8,82.6,8.0,0,0.0,Alto,15.3,aprobado
24.2,48.3,8.1,0,0.0,Alto,15.3,aprobado
5.0,72.5,17.5,0,0.0,Medio,12.6,en_riesgo
3.2,90.3,17.3,1,31.0,BAJO,11.5,en_riesgo
5.2,40.5,9.1,1,40.0,BAJO,5.6,reprobado
17.7,77.6,16.9,1,42.0,Medio,15.6,aprobado
21.8,90.5,,1,13.0,Bajo,18.5,aprobado
23.4,63.0,13.3,1,44.0,Medio,13.4,en_riesgo
25.5,48.2,14.5,1,23.0,Alto,18.2,aprobado
7.7,59.1,11.5,1,45.0,Bajo,9.6,reprobado
20.2,45.9,12.4,1,44.0,Medio,14.1,aprobado
23.6,64.0,10.4,0,0.0,Bajo,15.0,aprobado
4.6,71.6,8.4,1,11.0,Bajo,8.3,reprobado
,73.9,15.9,1,41.0,Medio,16.8,aprobado
20.4,52.0,5.5,1,15.0,Bajo,9.7,reprobado
7.6,86.1,15.6,1,40.0,Bajo,11.5,en_riesgo
,73.6,16.6,1,28.0,Bajo,14.1,aprobado
17.4,79.2,18.1,1,25.0,Bajo,18.0,aprobado
3.7,89.0,19.2,1,37.0,Alto,15.9,aprobado
4.5,96.7,5.9,1,47.0,Bajo,7.8,reprobado
27.7,92.5,19.0,0,0.0,Alto,20.0,aprobado
6.1,66.2,15.7,0,0.0,Bajo,9.5,reprobado
5.1,58.5,6.2,0,0.0,Medio,9.4,reprobado
3.7,72.6,,1,18.0,Medio,10.3,reprobado
17.9,51.3,7.8,0,0.0,Medio,12.1,en_riesgo
14.9,90.6,5.8,1,37.0,Bajo,10.3,reprobado
4.1,60.1,14.0,0,0.0,MEDIO,11.3,en_riesgo
16.1,78.8,18.9,1,14.0,Alto,17.3,aprobado
,74.6,10.5,0,0.0,Bajo,16.8,aprobado
,65.2,7.9,1,34.0,Medio,9.2,reprobado
,86.1,13.1,1,12.0,Bajo,13.9,en_riesgo
9.2,99.6,6.7,1,46.0,Bajo,8.4,reprobado
7.8,60.3,17.4,0,0.0,Bajo,12.5,en_riesgo
26.3,62.7,6.7,1,8.0,Medio,13.4,en_riesgo
19.1,83.1,7.2,0,0.0,Bajo,13.9,en_riesgo
,91.6,18.7,1,28.0,Bajo,11.5,en_riesgo
,50.8,,1,13.0,Medio,16.7,aprobado
18.5,93.8,5.7,0,0.0,Medio,14.2,aprobado
7.5,59.1,11.6,1,45.0,Bajo,9.5,reprobado
21.9,78.6,12.4,0,0.0,Bajo,15.9,aprobado
29.8,73.9,14.3,0,0.0,Medio,20.0,aprobado
20.4,50.2,17.1,0,0.0,Bajo,15.9,aprobado
27.1,67.8,11.0,0,0.0,Medio,17.5,aprobado
22.4,65.9,13.0,1,36.0,Medio,16.4,aprobado
11.5,98.4,16.4,1,0.0,Bajo,14.8,aprobado
15.8,45.0,11.4,0,0.0,Bajo,12.9,en_riesgo
23.7,71.8,19.5,1,44.0,Alto,18.2,aprobado
20.8,91.8,7.7,1,43.0,Medio,12.2,en_riesgo
2.2,61.1,,0,0.0,Bajo,8.9,reprobado
2.2,42.9,17.1,0,0.0,Bajo,12.4,en_riesgo
9.3,74.7,15.1,0,0.0,MEDIO,13.1,en_riesgo
14.1,88.7,10.3,0,0.0,Bajo,15.5,aprobado
13.4,93.2,18.4,1,19.0,Bajo,16.8,aprobado
27.1,92.1,14.7,1,41.0,Medio,18.0,aprobado
14.6,71.2,8.3,1,35.0,Medio,10.6,reprobado
,71.9,19.3,0,0.0,Medio,20.0,aprobado
17.0,71.2,11.9,0,0.0,Medio,15.5,aprobado
12.6,97.2,18.2,0,0.0,Bajo,15.7,aprobado
29.1,44.0,17.8,0,0.0,Bajo,18.7,aprobado
,52.7,7.0,0,0.0,Bajo,13.5,en_riesgo
15.9,89.1,14.9,1,27.0,Medio,14.3,aprobado
23.6,95.2,9.5,0,0.0,Bajo,18.5,aprobado
5.6,45.8,15.6,1,19.0,Bajo,9.9,reprobado
27.2,94.9,19.3,1,39.0,Medio,20.0,aprobado
26.2,63.3,7.9,0,0.0,Medio,15.3,aprobado
9.7,43.4,,0,0.0,Medio,11.4,en_riesgo
17.3,75.0,19.2,1,44.0,Medio,17.4,aprobado
9.4,45.5,17.7,0,0.0,Bajo,14.8,aprobado
24.9,41.0,19.9,1,41.0,Medio,16.8,aprobado
21.4,45.0,6.0,0,0.0,MEDIO,11.8,en_riesgo
4.7,58.1,7.8,1,45.0,Bajo,6.9,reprobado
6.1,44.4,14.1,0,0.0,Medio,10.5,reprobado
17.6,60.1,,0,0.0,Medio,10.9,reprobado
27.9,91.0,18.7,1,29.0,Alto,20.0,aprobado
9.2,53.4,15.4,0,0.0,Alto,12.6,en_riesgo
14.9,53.7,9.9,1,13.0,Alto,14.6,aprobado
24.4,52.3,9.6,0,0.0,Bajo,14.3,aprobado
4.7,88.1,7.6,0,0.0,medio,9.4,reprobado
4.8,41.6,11.6,0,0.0,Medio,10.1,reprobado
9.9,62.2,12.6,0,0.0,medio,12.2,en_riesgo
11.5,40.8,17.8,1,13.0,Medio,13.9,en_riesgo
19.8,59.2,15.8,0,0.0,Medio,16.8,aprobado
4.6,96.6,20.0,1,20.0,Bajo,12.5,en_riesgo
24.4,90.1,9.6,0,0.0,Medio,17.0,aprobado
28.6,55.6,11.6,1,10.0,Alto,16.3,aprobado
1.5,63.3,13.7,1,12.0,Medio,10.1,reprobado
8.1,64.2,5.2,1,20.0,Alto,9.4,reprobado
28.9,53.0,12.2,1,32.0,Bajo,14.2,aprobado
16.3,77.0,15.2,1,30.0,Medio,16.0,aprobado
15.2,87.9,5.8,0,0.0,Medio,11.1,en_riesgo
27.9,86.7,7.4,1,16.0,Medio,14.3,aprobado
25.2,52.4,19.9,0,0.0,Alto,20.0,aprobado
,62.8,13.6,0,0.0,BAJO,13.0,en_riesgo
8.2,99.3,6.4,0,0.0,Bajo,12.1,en_riesgo
28.4,79.5,6.6,1,21.0,Bajo,17.3,aprobado
27.0,57.8,14.4,0,0.0,Bajo,17.6,aprobado
28.8,57.8,16.4,1,41.0,Medio,16.6,aprobado
14.2,72.6,10.5,1,30.0,Medio,14.4,aprobado
19.1,59.8,7.4,1,29.0,Alto,12.2,en_riesgo
12.1,75.5,18.0,0,0.0,Bajo,15.5,aprobado
1.9,72.6,7.3,1,11.0,MEDIO,6.2,reprobado
7.4,45.2,9.0,1,20.0,BAJO,8.5,reprobado
7.6,75.0,12.1,0,0.0,Medio,10.9,reprobado
11.5,80.3,7.4,1,0.0,Medio,9.8,reprobado
27.3,64.6,17.8,0,0.0,Medio,20.0,aprobado
8.1,46.8,14.2,0,0.0,Bajo,9.3,reprobado
5.5,49.2,13.4,1,36.0,medio,10.3,reprobado
,41.4,9.2,1,10.0,Medio,14.1,aprobado
13.8,43.0,6.0,1,25.0,Medio,9.3,reprobado
1.5,87.4,12.0,1,12.0,Bajo,11.0,en_riesgo
11.2,73.4,16.4,0,0.0,Medio,14.8,aprobado
26.6,62.3,9.8,1,24.0,Medio,15.7,aprobado
8.3,54.1,7.3,0,0.0,Medio,8.5,reprobado
22.4,88.1,14.3,0,0.0,Alto,20.0,aprobado
16.3,50.9,,1,41.0,Alto,12.3,en_riesgo
28.6,80.4,5.2,1,8.0,Alto,17.1,aprobado
4.6,50.8,5.6,1,30.0,Bajo,4.6,reprobado
4.3,53.6,14.8,0,0.0,Medio,12.9,en_riesgo
1.4,62.1,7.7,0,0.0,Bajo,6.6,reprobado
,65.1,18.6,1,13.0,Medio,20.0,aprobado
20.4,91.4,10.3,0,0.0,BAJO,15.0,aprobado
13.3,99.5,14.5,0,0.0,Bajo,15.0,aprobado
19.1,79.0,12.6,0,0.0,Alto,17.3,aprobado
19.2,77.3,17.5,1,10.0,Medio,17.6,aprobado
11.1,47.0,7.6,1,10.0,Medio,8.6,reprobado
,63.2,17.7,1,12.0,BAJO,19.0,aprobado
18.7,65.5,6.4,0,0.0,Medio,11.8,en_riesgo
6.4,45.4,12.9,0,0.0,Bajo,9.2,reprobado
28.1,89.0,18.1,1,35.0,Medio,17.1,aprobado
7.6,62.0,6.8,0,0.0,Bajo,8.8,reprobado
16.8,40.4,,1,30.0,Bajo,12.1,en_riesgo
,55.1,9.4,0,0.0,Alto,12.6,en_riesgo
20.5,58.6,17.8,1,16.0,Bajo,16.6,aprobado
28.7,79.7,8.0,1,34.0,Medio,16.1,aprobado
4.6,59.9,17.9,0,0.0,Bajo,12.9,en_riesgo
23.9,71.7,11.0,0,0.0,alto,16.7,aprobado
28.8,95.6,,1,20.0,Bajo,15.8,aprobado
,80.0,5.3,0,0.0,Bajo,14.3,aprobado
9.6,88.1,12.3,1,17.0,Medio,12.6,en_riesgo
7.5,71.2,7.6,0,0.0,Medio,8.6,reprobado
14.3,96.9,18.1,0,0.0,Alto,20.0,aprobado
11.5,54.6,18.1,1,41.0,Bajo,11.8,en_riesgo
18.0,65.9,10.1,0,0.0,Bajo,13.2,en_riesgo
1.1,48.9,15.8,0,0.0,Bajo,9.7,reprobado
16.7,76.8,13.3,0,0.0,ALTO,16.0,aprobado
15.7,77.8,12.2,1,8.0,Medio,12.7,en_riesgo
18.6,75.0,12.5,1,21.0,Bajo,14.6,aprobado
15.5,94.7,15.4,0,0.0,Medio,18.2,aprobado
22.2,57.8,11.0,0,0.0,Medio,16.9,aprobado
11.5,75.4,19.9,0,0.0,MEDIO,15.4,aprobado
25.1,55.8,15.6,0,0.0,medio,20.0,aprobado
24.1,47.6,11.0,0,0.0,Alto,17.9,aprobado
18.5,67.4,5.6,0,0.0,bajo,11.9,en_riesgo
4.5,49.3,13.4,0,0.0,Medio,10.2,reprobado
16.0,46.3,12.7,0,0.0,Medio,13.5,en_riesgo
15.8,54.8,17.3,0,0.0,Medio,15.8,aprobado
23.9,71.6,11.7,1,24.0,Alto,17.9,aprobado
7.7,73.9,14.9,1,26.0,Bajo,11.6,en_riesgo
4.2,70.8,9.2,0,0.0,Medio,9.5,reprobado
14.7,85.2,18.5,1,41.0,Medio,15.3,aprobado
3.3,90.9,19.1,1,31.0,Medio,11.9,en_riesgo
20.2,71.6,10.7,0,0.0,Bajo,13.7,en_riesgo
20.4,72.4,16.3,1,19.0,Medio,16.6,aprobado
8.7,93.2,16.4,0,0.0,Alto,16.1,aprobado
22.4,47.0,11.5,0,0.0,Alto,18.8,aprobado
,55.8,10.6,0,0.0,Bajo,13.5,en_riesgo
28.2,45.3,9.5,1,9.0,Bajo,11.4,en_riesgo
13.1,80.4,6.8,0,0.0,Bajo,9.3,reprobado
1.7,50.7,11.6,1,30.0,Alto,8.5,reprobado
23.2,55.5,12.2,0,0.0,Medio,16.8,aprobado
11.2,78.2,15.2,1,15.0,Alto,14.6,aprobado
,42.9,14.6,1,44.0,Medio,13.4,en_riesgo
14.3,61.9,15.5,0,0.0,Medio,13.5,en_riesgo
27.0,89.5,5.9,0,0.0,Alto,16.2,aprobado
4.7,65.3,19.6,0,0.0,Alto,13.2,en_riesgo
23.1,99.0,,0,0.0,Bajo,18.0,aprobado
19.4,81.7,12.4,0,0.0,Alto,15.5,aprobado
5.4,77.0,14.2,0,0.0,Medio,13.4,en_riesgo
3.7,80.4,5.6,1,41.0,Bajo,6.3,reprobado
9.6,82.9,13.3,0,0.0,Medio,13.7,en_riesgo
8.6,44.5,5.1,1,41.0,BAJO,5.1,reprobado
10.4,65.1,13.7,0,0.0,Medio,12.7,en_riesgo
6.7,53.4,16.3,0,0.0,Alto,13.0,en_riesgo
1.4,82.6,8.9,0,0.0,Bajo,10.3,reprobado
18.2,69.8,5.4,1,9.0,Medio,11.1,en_riesgo
4.3,61.4,11.2,0,0.0,Medio,10.1,reprobado
20.4,77.8,16.5,1,43.0,Medio,15.4,aprobado
13.7,67.6,9.7,0,0.0,Bajo,12.9,en_riesgo
,52.5,9.9,1,42.0,Medio,16.4,aprobado
22.3,66.7,16.5,0,0.0,Medio,18.0,aprobado
7.5,46.0,14.1,1,33.0,ALTO,11.2,en_riesgo
1.1,52.1,,1,12.0,Alto,9.7,reprobado
24.3,64.1,5.5,0,0.0,Bajo,13.4,en_riesgo
4.0,46.5,,0,0.0,Bajo,12.0,en_riesgo
11.3,88.7,15.7,1,35.0,Medio,13.8,en_riesgo
22.2,44.2,12.4,0,0.0,Bajo,13.2,en_riesgo
15.6,80.9,10.4,1,13.0,Bajo,12.8,en_riesgo
24.0,91.8,9.2,1,24.0,Medio,16.0,aprobado
2.3,92.8,9.8,1,22.0,Medio,9.8,reprobado
,94.1,15.4,1,37.0,Medio,12.3,en_riesgo
18.7,73.9,5.9,0,0.0,Medio,12.9,en_riesgo
15.3,56.2,16.9,0,0.0,Bajo,13.5,en_riesgo
29.5,53.2,17.8,0,0.0,Medio,19.2,aprobado
17.2,41.9,16.5,1,17.0,Bajo,13.8,en_riesgo
1.8,84.9,8.3,1,30.0,Medio,6.3,reprobado
25.8,69.8,10.9,0,0.0,Medio,15.8,aprobado
21.8,56.2,14.8,1,20.0,Alto,14.1,aprobado
28.5,95.7,13.3,0,0.0,Alto,17.5,aprobado
2.3,90.3,18.3,0,0.0,Bajo,12.4,en_riesgo
5.5,87.2,,1,15.0,Alto,16.9,aprobado
,45.6,9.6,1,38.0,Bajo,7.2,reprobado
19.9,64.2,7.8,1,43.0,Alto,11.4,en_riesgo
21.7,77.5,17.4,1,20.0,Medio,17.6,aprobado
29.7,93.5,,1,22.0,Medio,18.2,aprobado
20.5,76.2,5.7,1,38.0,Medio,12.4,en_riesgo
9.8,47.5,14.7,0,0.0,Bajo,12.5,en_riesgo
26.5,78.3,10.4,1,22.0,Medio,15.9,aprobado
6.7,87.2,7.9,0,0.0,BAJO,8.4,reprobado
10.9,85.5,6.8,0,0.0,Medio,11.8,en_riesgo
27.0,94.7,9.3,0,0.0,Alto,20.0,aprobado
25.2,47.1,7.6,1,31.0,Medio,12.4,en_riesgo
1.2,60.7,13.3,0,0.0,Bajo,12.8,en_riesgo
10.0,57.1,12.5,1,32.0,Medio,8.1,reprobado
9.8,72.4,8.0,1,19.0,Alto,11.1,en_riesgo
5.7,72.8,15.9,0,0.0,Bajo,12.2,en_riesgo
16.8,82.1,14.4,0,0.0,Medio,17.1,aprobado
22.1,43.6,10.9,1,10.0,Bajo,11.0,en_riesgo
8.2,97.7,8.4,0,0.0,Alto,14.8,aprobado
22.0,80.8,7.6,0,0.0,Medio,15.9,aprobado
19.9,84.3,,0,0.0,Bajo,13.6,en_riesgo
5.3,97.2,11.2,1,18.0,Alto,12.1,en_riesgo
29.1,94.4,8.5,1,39.0,Medio,15.5,aprobado
7.4,43.1,5.4,0,0.0,Bajo,7.1,reprobado
17.1,78.5,13.4,0,0.0,Bajo,13.9,en_riesgo
5.6,88.9,13.7,0,0.0,Medio,14.4,aprobado
2.4,76.3,16.9,0,0.0,Medio,12.5,en_riesgo
12.2,47.7,8.6,0,0.0,Bajo,8.9,reprobado
21.3,51.1,15.2,0,0.0,Medio,15.6,aprobado
22.0,81.4,14.0,0,0.0,Bajo,18.3,aprobado
29.8,46.1,18.4,1,31.0,BAJO,18.8,aprobado
1.5,43.5,19.5,0,0.0,alto,15.3,aprobado
25.6,92.9,10.6,1,38.0,Bajo,16.5,aprobado
23.2,42.6,17.7,1,25.0,Medio,17.0,aprobado
26.4,82.4,9.3,0,0.0,Bajo,16.3,aprobado
21.6,64.5,10.3,0,0.0,Bajo,14.4,aprobado
17.5,88.6,10.2,1,22.0,Medio,14.2,aprobado
,43.6,14.5,0,0.0,Bajo,16.4,aprobado
3.7,46.1,11.7,1,10.0,Alto,8.2,reprobado
26.5,53.9,6.8,0,0.0,Bajo,13.3,en_riesgo
8.5,69.7,9.1,0,0.0,Medio,10.1,reprobado
20.8,55.9,15.0,0,0.0,Medio,15.9,aprobado
4.7,82.0,17.6,1,20.0,Bajo,13.8,en_riesgo
,91.1,18.4,0,0.0,Medio,19.4,aprobado
5.5,59.4,19.2,0,0.0,Bajo,13.4,en_riesgo
20.7,82.6,18.8,1,24.0,Medio,19.4,aprobado
10.0,62.6,12.8,1,14.0,Alto,11.2,en_riesgo
26.0,64.7,10.3,0,0.0,Alto,16.1,aprobado
14.2,68.8,18.1,1,24.0,Bajo,16.7,aprobado
14.1,90.4,15.8,0,0.0,Medio,16.3,aprobado
9.4,76.4,18.5,1,24.0,Alto,14.4,aprobado
11.7,51.1,15.3,1,42.0,Alto,12.7,en_riesgo
21.1,83.5,19.2,1,11.0,Bajo,18.3,aprobado
17.3,46.6,10.6,0,0.0,Bajo,12.1,en_riesgo
25.4,57.4,17.9,1,21.0,Medio,19.4,aprobado
1.6,65.7,17.8,1,29.0,Medio,11.2,en_riesgo
23.4,74.3,8.9,1,45.0,Bajo,12.1,en_riesgo
6.5,52.6,9.6,0,0.0,Alto,11.7,en_riesgo
18.0,78.6,17.8,0,0.0,Medio,14.9,aprobado
27.0,81.6,9.6,0,0.0,Bajo,15.2,aprobado
10.5,58.9,19.1,0,0.0,Medio,17.3,aprobado
1.5,77.0,7.7,0,0.0,Medio,8.6,reprobado
6.6,90.6,18.3,0,0.0,Alto,16.0,aprobado
,53.6,16.0,1,28.0,Alto,15.8,aprobado
20.6,60.9,12.8,1,45.0,Bajo,13.8,en_riesgo
21.1,70.9,17.7,0,0.0,Bajo,19.3,aprobado
8.7,62.2,8.5,0,0.0,Medio,10.9,reprobado
23.7,79.7,9.2,1,42.0,Medio,13.7,en_riesgo
19.0,73.8,13.4,1,26.0,Bajo,15.2,aprobado
1.9,48.1,5.6,0,0.0,Medio,5.5,reprobado
28.5,73.1,15.6,1,10.0,Medio,18.0,aprobado
7.4,84.4,13.8,0,0.0,medio,14.8,aprobado
1.1,53.6,18.9,1,28.0,Bajo,11.2,en_riesgo
20.2,77.4,17.1,1,47.0,Medio,15.4,aprobado
8.3,61.9,6.3,1,42.0,Bajo,6.9,reprobado
15.6,81.8,15.3,0,0.0,Bajo,16.0,aprobado
26.1,82.7,18.9,1,12.0,Medio,20.0,aprobado
,51.9,14.3,0,0.0,Bajo,14.2,aprobado
17.8,84.2,9.3,1,32.0,Bajo,14.3,aprobado
15.8,89.9,19.4,0,0.0,Bajo,15.9,aprobado
3.9,75.6,12.4,0,0.0,Medio,9.8,reprobado
27.1,89.6,9.5,0,0.0,Medio,17.3,aprobado
15.2,80.4,7.4,0,0.0,Bajo,13.6,en_riesgo
8.5,85.0,,1,20.0,Medio,12.8,en_riesgo
16.5,91.8,7.5,0,0.0,Medio,14.5,aprobado
1.2,45.9,11.3,0,0.0,MEDIO,11.1,en_riesgo
9.4,89.0,10.1,1,37.0,Alto,10.5,reprobado
12.5,68.6,13.0,0,0.0,Medio,14.9,aprobado
13.5,56.7,12.2,1,0.0,Medio,12.3,en_riesgo
2.2,70.5,9.5,0,0.0,Medio,8.4,reprobado
18.6,56.1,15.9,1,46.0,Medio,15.2,aprobado
2.8,85.4,,1,43.0,MEDIO,10.8,reprobado
7.1,46.1,10.7,0,0.0,Alto,9.6,reprobado
4.7,49.5,14.6,1,33.0,Alto,10.1,reprobado
12.4,88.0,19.3,1,38.0,Alto,15.6,aprobado
13.5,60.6,13.1,1,47.0,Medio,11.9,en_riesgo
1.1,80.7,13.5,0,0.0,Medio,11.6,en_riesgo
23.8,51.0,9.3,1,21.0,Alto,13.4,en_riesgo
16.2,46.6,9.9,1,41.0,Medio,11.4,en_riesgo
10.5,98.9,9.4,0,0.0,ALTO,13.2,en_riesgo
23.9,91.6,10.8,0,0.0,Alto,18.4,aprobado
27.0,56.5,11.5,1,12.0,Bajo,16.7,aprobado
14.7,53.0,,0,0.0,Alto,9.4,reprobado
9.6,95.6,9.2,1,20.0,Medio,11.8,en_riesgo
7.0,84.1,17.3,1,34.0,Medio,14.7,aprobado
2.5,69.9,16.3,1,0.0,Bajo,12.5,en_riesgo
11.2,44.7,6.1,1,30.0,Medio,4.7,reprobado
29.8,66.4,6.5,0,0.0,Alto,18.1,aprobado
19.0,92.5,18.8,1,41.0,Alto,18.9,aprobado
24.0,84.2,14.5,0,0.0,Alto,20.0,aprobado
18.0,45.1,11.4,1,26.0,Medio,14.1,aprobado
9.8,98.1,13.9,0,0.0,Medio,13.9,en_riesgo
25.0,71.8,12.7,1,17.0,Bajo,16.7,aprobado
28.6,93.9,19.6,0,0.0,Bajo,20.0,aprobado
4.5,71.5,9.8,0,0.0,Bajo,10.4,reprobado
14.4,92.8,9.3,0,0.0,Medio,14.0,aprobado
,88.5,11.2,1,23.0,Medio,13.9,en_riesgo
16.1,70.1,9.8,0,0.0,Alto,14.2,aprobado
22.9,57.2,9.7,1,20.0,Medio,13.3,en_riesgo
22.2,99.2,19.8,1,44.0,Bajo,20.0,aprobado
,96.8,,0,0.0,Medio,18.4,aprobado
4.6,71.9,14.6,0,0.0,Medio,10.4,reprobado
26.2,84.8,13.1,0,0.0,Medio,18.3,aprobado
28.1,70.9,7.4,0,0.0,Medio,17.3,aprobado
20.3,54.3,18.6,0,0.0,Medio,19.1,aprobado
29.9,66.7,14.2,1,23.0,Bajo,18.0,aprobado
9.5,89.4,13.0,0,0.0,Alto,12.8,en_riesgo
29.6,88.9,8.9,0,0.0,Medio,16.0,aprobado
16.8,84.1,9.9,1,28.0,Medio,11.5,en_riesgo
6.4,44.1,,1,15.0,Bajo,10.7,reprobado
2.6,70.5,10.5,0,0.0,Alto,10.6,reprobado
,89.7,,1,10.0,Medio,10.2,reprobado
1.8,97.4,6.1,1,39.0,Medio,8.0,reprobado
6.2,53.3,15.0,1,40.0,Bajo,8.8,reprobado
11.5,85.6,16.7,1,19.0,Medio,14.3,aprobado
19.7,53.9,16.1,1,27.0,Medio,16.4,aprobado
16.2,84.3,13.6,0,0.0,Bajo,16.5,aprobado
18.1,67.9,18.1,0,0.0,Bajo,19.3,aprobado
24.3,75.8,20.0,0,0.0,Alto,20.0,aprobado
25.7,99.1,7.8,0,0.0,Bajo,16.7,aprobado
24.2,84.4,8.1,1,32.0,Bajo,16.4,aprobado
22.3,73.1,11.4,1,46.0,Bajo,13.7,en_riesgo
5.6,54.5,9.6,0,0.0,Medio,9.4,reprobado
6.6,58.1,19.1,1,12.0,Bajo,14.0,aprobado
21.1,74.1,,0,0.0,Medio,11.8,en_riesgo
2.2,82.5,11.7,1,8.0,Bajo,9.1,reprobado
29.3,66.4,18.3,0,0.0,Medio,20.0,aprobado
2.1,60.4,10.8,0,0.0,Bajo,8.9,reprobado
8.5,75.0,6.8,1,47.0,Medio,9.0,reprobado
13.4,89.7,19.3,0,0.0,Bajo,17.5,aprobado
23.1,92.4,15.3,0,0.0,Bajo,16.8,aprobado
26.4,89.2,13.5,1,44.0,Bajo,14.6,aprobado
29.8,92.9,13.9,1,24.0,Bajo,20.0,aprobado
12.1,85.0,17.7,1,17.0,Alto,16.6,aprobado
22.8,57.5,14.0,0,0.0,Medio,16.4,aprobado
10.1,66.1,18.0,0,0.0,Medio,16.0,aprobado
12.2,87.9,14.4,0,0.0,Bajo,12.9,en_riesgo
24.2,46.5,12.6,0,0.0,Medio,14.6,aprobado
28.1,41.5,19.1,0,0.0,Medio,17.1,aprobado
11.5,96.1,13.2,1,10.0,Medio,15.7,aprobado
18.3,63.3,15.9,0,0.0,Alto,15.8,aprobado
12.2,90.8,9.3,0,0.0,Alto,13.1,en_riesgo
5.2,70.9,10.2,0,0.0,Medio,10.8,reprobado
3.8,83.7,10.1,0,0.0,Alto,11.0,en_riesgo
19.8,90.7,5.1,1,27.0,Alto,11.3,en_riesgo
2.7,98.6,18.2,1,21.0,Bajo,13.3,en_riesgo
13.7,58.1,,0,0.0,Bajo,14.0,aprobado
17.7,90.1,,0,0.0,Bajo,15.6,aprobado
1.1,83.1,13.4,0,0.0,Medio,10.5,reprobado
19.4,95.3,16.6,0,0.0,Medio,20.0,aprobado
,79.2,19.7,1,11.0,Bajo,18.4,aprobado
29.8,83.7,,1,38.0,Bajo,12.2,en_riesgo
9.8,58.3,6.2,1,27.0,Alto,8.4,reprobado
,83.0,11.8,0,0.0,Medio,12.0,en_riesgo
9.2,42.9,9.1,0,0.0,Medio,9.0,reprobado
18.0,98.1,11.7,1,9.0,Alto,16.6,aprobado
25.3,87.3,11.8,1,11.0,Alto,18.4,aprobado
21.9,87.6,14.9,0,0.0,Bajo,16.7,aprobado
27.5,86.3,14.7,1,12.0,Bajo,18.9,aprobado
21.1,94.8,7.2,1,9.0,Alto,16.1,aprobado
29.9,98.9,18.8,1,13.0,Bajo,20.0,aprobado
22.1,99.1,5.3,0,0.0,Alto,15.6,aprobado
15.9,41.8,7.5,1,29.0,Alto,12.3,en_riesgo
9.5,41.1,6.6,1,18.0,Alto,9.6,reprobado
,92.8,15.2,0,0.0,Medio,17.1,aprobado
1.3,93.1,19.5,0,0.0,Medio,14.7,aprobado
24.5,69.8,7.5,0,0.0,Medio,14.3,aprobado
28.8,74.6,10.7,0,0.0,Medio,19.3,aprobado
21.8,86.9,11.6,1,16.0,Alto,15.5,aprobado
25.8,53.1,19.0,0,0.0,Bajo,18.5,aprobado
21.5,40.4,8.7,1,41.0,Bajo,8.6,reprobado
26.1,74.4,18.7,0,0.0,Alto,20.0,aprobado
2.7,64.8,19.1,0,0.0,BAJO,12.2,en_riesgo
18.1,63.6,5.3,0,0.0,Medio,11.3,en_riesgo
5.2,76.9,7.9,0,0.0,Alto,11.3,en_riesgo
23.7,69.6,11.8,1,35.0,Bajo,15.1,aprobado
24.8,71.2,6.0,1,26.0,Medio,13.5,en_riesgo
12.0,79.6,12.8,1,46.0,Bajo,13.6,en_riesgo
5.1,68.4,19.0,1,22.0,Bajo,12.8,en_riesgo
12.4,85.8,,0,0.0,Bajo,13.3,en_riesgo
9.2,51.0,11.9,1,30.0,Medio,9.2,reprobado
6.4,99.2,19.4,0,0.0,Medio,15.9,aprobado
,64.9,9.8,1,42.0,Bajo,9.7,reprobado
25.4,83.5,6.6,1,46.0,Alto,14.2,aprobado
13.9,80.0,18.2,1,30.0,Alto,15.9,aprobado
28.5,79.3,5.3,0,0.0,Alto,14.5,aprobado
16.3,52.5,13.5,0,0.0,Medio,16.9,aprobado
7.1,81.9,14.2,1,9.0,Medio,13.1,en_riesgo
24.1,87.4,12.8,0,0.0,Alto,19.7,aprobado
29.1,55.8,13.0,0,0.0,Medio,19.6,aprobado
20.1,72.2,15.0,1,33.0,Medio,14.7,aprobado
,84.8,11.5,0,0.0,Bajo,12.9,en_riesgo
13.3,70.0,18.8,0,0.0,Medio,15.3,aprobado
26.8,98.9,8.0,0,0.0,Medio,15.0,aprobado
28.1,40.3,19.5,1,11.0,Medio,18.0,aprobado
7.9,75.4,5.2,0,0.0,Bajo,9.0,reprobado
5.1,79.3,,1,33.0,Medio,12.8,en_riesgo
27.2,85.9,14.3,1,35.0,Bajo,17.5,aprobado
12.5,81.3,,0,0.0,Bajo,10.4,reprobado
14.6,91.0,6.8,0,0.0,Medio,13.5,en_riesgo
24.8,55.4,17.1,0,0.0,Bajo,18.6,aprobado
3.3,91.0,6.5,0,0.0,Bajo,8.9,reprobado
9.3,62.9,7.8,1,33.0,Bajo,7.0,reprobado
17.0,99.5,7.1,1,26.0,Medio,15.3,aprobado
19.8,73.2,6.7,0,0.0,Bajo,13.3,en_riesgo
26.9,88.2,10.1,0,0.0,Medio,15.8,aprobado
25.8,92.0,17.0,1,24.0,Medio,20.0,aprobado
9.9,88.1,10.6,0,0.0,Medio,12.3,en_riesgo
12.7,48.3,12.4,0,0.0,Bajo,12.4,en_riesgo
11.1,74.8,18.9,1,42.0,Medio,14.9,aprobado
,63.0,7.4,0,0.0,Medio,12.7,en_riesgo
12.0,47.3,,1,21.0,Medio,9.2,reprobado
,68.0,12.7,1,20.0,Medio,11.4,en_riesgo
29.5,41.1,5.3,0,0.0,Medio,14.6,aprobado
3.3,77.4,7.1,0,0.0,Alto,10.7,reprobado
2.5,55.0,10.6,1,18.0,Medio,8.6,reprobado
11.8,52.8,19.5,0,0.0,Bajo,15.3,aprobado
29.6,68.2,19.8,1,40.0,Medio,20.0,aprobado
22.3,59.3,,0,0.0,Medio,17.1,aprobado
10.4,66.7,19.0,1,25.0,Medio,13.7,en_riesgo
26.1,57.9,16.8,1,9.0,Medio,17.8,aprobado
22.1,58.0,17.0,0,0.0,Bajo,16.6,aprobado
26.6,96.9,7.9,1,41.0,Medio,16.3,aprobado
14.2,76.3,10.0,0,0.0,Alto,13.0,en_riesgo
15.0,82.7,5.7,0,0.0,Bajo,14.1,aprobado
2.3,81.9,17.0,1,32.0,Alto,13.5,en_riesgo
24.3,57.5,17.5,0,0.0,Medio,18.1,aprobado
15.5,50.5,9.8,0,0.0,Medio,13.0,en_riesgo
3.2,53.8,8.5,1,31.0,Bajo,6.0,reprobado
27.2,80.9,10.9,1,19.0,Medio,16.3,aprobado
7.6,56.7,6.6,1,45.0,Bajo,7.5,reprobado
26.8,43.9,14.7,0,0.0,Bajo,16.3,aprobado
,79.3,14.1,0,0.0,Alto,14.4,aprobado
2.8,52.2,15.1,0,0.0,Alto,13.8,en_riesgo
20.4,69.7,10.8,0,0.0,Medio,13.6,en_riesgo
26.1,60.3,19.4,1,11.0,Bajo,20.0,aprobado
25.0,82.2,14.2,0,0.0,bajo,17.5,aprobado
,49.2,5.3,1,14.0,Bajo,7.1,reprobado
14.6,52.8,11.7,0,0.0,Alto,11.9,en_riesgo
22.9,65.7,18.7,1,47.0,Medio,15.8,aprobado
29.6,98.1,,1,9.0,medio,20.0,aprobado
10.4,41.4,6.9,1,9.0,Bajo,8.2,reprobado
8.0,40.3,8.1,1,16.0,Bajo,5.7,reprobado
27.6,85.9,7.1,0,0.0,Medio,16.2,aprobado
23.3,65.9,19.0,1,32.0,Bajo,18.3,aprobado
19.2,87.5,11.8,1,20.0,Medio,13.8,en_riesgo
,98.8,17.5,0,0.0,Bajo,17.5,aprobado
6.4,73.6,11.2,0,0.0,Bajo,11.8,en_riesgo
25.1,81.5,,1,25.0,Alto,20.0,aprobado
17.8,43.4,16.5,0,0.0,Alto,15.1,aprobado
3.0,84.5,13.9,0,0.0,Medio,10.8,reprobado
3.3,75.5,5.6,1,24.0,ALTO,8.2,reprobado
18.5,54.2,13.2,0,0.0,Medio,14.4,aprobado
24.0,51.2,13.8,0,0.0,Bajo,15.6,aprobado
18.3,42.0,18.7,1,29.0,Medio,16.4,aprobado
21.9,54.5,,0,0.0,Medio,11.4,en_riesgo
,86.7,16.8,0,0.0,Medio,20.0,aprobado
20.4,43.2,16.6,1,32.0,Alto,15.9,aprobado
14.8,58.7,15.4,0,0.0,Medio,14.0,aprobado
23.9,62.9,15.1,0,0.0,Medio,19.4,aprobado
3.7,94.1,14.5,1,39.0,Alto,11.3,en_riesgo
19.7,77.8,19.7,1,15.0,Medio,16.5,aprobado
19.6,41.5,,1,41.0,Alto,14.2,aprobado
28.4,67.4,10.5,1,17.0,Alto,17.0,aprobado
22.7,82.7,,1,47.0,Alto,13.8,en_riesgo
17.1,72.3,6.7,0,0.0,Bajo,12.2,en_riesgo
,82.7,15.1,1,11.0,Medio,11.5,en_riesgo
1.7,68.7,11.0,1,36.0,Alto,7.8,reprobado
22.0,57.3,15.0,0,0.0,Medio,16.4,aprobado
10.7,55.9,,0,0.0,Alto,13.8,en_riesgo
,93.7,12.1,0,0.0,Medio,13.9,en_riesgo
19.1,52.0,,0,0.0,Bajo,11.4,en_riesgo
19.7,45.5,11.7,1,34.0,Alto,15.2,aprobado
,48.5,14.7,1,45.0,Alto,10.2,reprobado
3.1,58.5,,0,0.0,MEDIO,12.7,en_riesgo
22.2,99.9,9.7,0,0.0,Medio,16.4,aprobado
10.7,88.3,12.1,0,0.0,Medio,13.2,en_riesgo
11.8,53.5,15.4,0,0.0,Bajo,13.2,en_riesgo
9.3,69.1,5.7,1,9.0,Medio,9.9,reprobado
1.6,59.4,10.1,1,16.0,Medio,7.2,reprobado
22.7,99.6,,1,42.0,Alto,13.5,en_riesgo
27.1,49.8,11.7,1,0.0,Bajo,12.4,en_riesgo
8.7,96.9,16.1,0,0.0,medio,14.8,aprobado
17.2,51.8,12.4,0,0.0,Bajo,14.3,aprobado
12.3,81.0,16.1,1,38.0,Medio,13.8,en_riesgo
19.1,55.5,19.6,1,37.0,Bajo,16.7,aprobado
5.7,47.6,15.9,0,0.0,Bajo,9.0,reprobado
26.5,79.8,14.1,0,0.0,Bajo,19.5,aprobado
20.0,70.1,9.1,1,38.0,Medio,12.4,en_riesgo
29.0,42.5,6.6,0,0.0,Alto,15.1,aprobado
12.4,84.9,13.2,0,0.0,Bajo,15.8,aprobado
1.2,75.2,14.4,0,0.0,Medio,11.5,en_riesgo
19.3,57.0,17.9,0,0.0,Alto,18.0,aprobado
15.5,78.8,20.0,1,22.0,Alto,18.9,aprobado
16.6,98.8,7.5,1,38.0,Alto,14.6,aprobado
11.0,60.3,13.3,0,0.0,Bajo,13.3,en_riesgo
11.0,88.0,19.0,1,29.0,Alto,17.2,aprobado
,76.6,17.0,0,0.0,bajo,19.9,aprobado
12.0,69.8,9.4,0,0.0,Medio,10.4,reprobado
4.5,86.2,12.9,1,45.0,Alto,10.4,reprobado
24.7,72.6,10.7,0,0.0,Alto,17.4,aprobado
12.3,47.6,10.3,1,16.0,Medio,10.3,reprobado
26.3,97.5,7.9,0,0.0,Medio,15.6,aprobado
,86.4,12.6,1,36.0,Medio,12.4,en_riesgo
4.2,86.8,6.9,0,0.0,Bajo,9.4,reprobado
26.1,82.1,8.1,0,0.0,Medio,15.9,aprobado
9.3,87.4,15.6,1,43.0,Medio,14.6,aprobado
12.5,57.7,,1,10.0,Bajo,13.9,en_riesgo
16.9,81.9,,0,0.0,Medio,11.7,en_riesgo
13.1,51.4,14.9,1,24.0,Bajo,12.8,en_riesgo
26.1,46.6,7.9,0,0.0,Medio,15.2,aprobado
27.3,79.9,7.5,0,0.0,Bajo,13.6,en_riesgo
25.0,99.0,12.6,0,0.0,Medio,16.8,aprobado
22.1,54.9,15.1,0,0.0,Medio,15.6,aprobado
10.9,98.3,14.3,0,0.0,Alto,15.2,aprobado
11.8,81.9,9.5,1,17.0,Alto,14.5,aprobado
18.9,63.7,,1,8.0,Medio,16.0,aprobado
18.3,78.0,10.4,0,0.0,Bajo,13.5,en_riesgo
10.5,43.0,12.1,0,0.0,Bajo,10.6,reprobado
,76.4,8.8,0,0.0,MEDIO,16.3,aprobado
18.4,53.3,8.3,0,0.0,bajo,13.3,en_riesgo
9.3,89.3,12.5,0,0.0,Medio,11.2,en_riesgo
22.0,80.5,19.3,0,0.0,Alto,20.0,aprobado
2.2,63.3,8.4,1,34.0,Bajo,4.4,reprobado
,99.6,14.1,1,21.0,Medio,13.9,en_riesgo
29.7,54.2,15.7,1,36.0,bajo,16.9,aprobado
12.1,61.4,12.9,1,13.0,Alto,10.2,reprobado
15.7,75.2,9.0,1,20.0,Bajo,11.1,en_riesgo
7.2,95.5,9.3,0,0.0,Medio,12.6,en_riesgo
14.0,74.5,17.4,1,25.0,Medio,11.9,en_riesgo
3.3,49.9,11.9,1,29.0,bajo,8.0,reprobado
2.6,88.6,9.2,1,42.0,Alto,10.1,reprobado
21.7,92.2,16.9,0,0.0,Bajo,20.0,aprobado
27.3,95.1,8.4,0,0.0,Medio,16.8,aprobado
4.3,53.1,6.2,0,0.0,Medio,6.6,reprobado
19.2,74.1,11.5,0,0.0,Medio,16.7,aprobado
,90.4,14.8,0,0.0,Alto,16.3,aprobado
26.1,48.9,8.3,1,12.0,Medio,12.2,en_riesgo
,80.5,15.5,0,0.0,Bajo,14.9,aprobado
4.1,70.9,10.1,0,0.0,Medio,11.1,en_riesgo
5.8,81.3,10.1,0,0.0,Bajo,10.9,reprobado
24.2,90.4,6.6,1,33.0,Medio,12.9,en_riesgo
17.5,98.9,9.1,1,10.0,Medio,16.2,aprobado
,69.9,6.7,1,46.0,Bajo,12.6,en_riesgo
14.6,89.1,11.7,0,0.0,Medio,13.3,en_riesgo
1.8,63.2,14.1,0,0.0,Bajo,9.4,reprobado
27.7,74.3,8.3,0,0.0,Medio,15.6,aprobado
10.5,70.3,18.7,0,0.0,Bajo,14.4,aprobado
13.4,45.0,10.2,1,24.0,Bajo,10.0,reprobado
12.8,46.1,14.7,0,0.0,Medio,12.5,en_riesgo
26.9,45.6,,1,20.0,Alto,15.4,aprobado
15.1,82.0,7.7,0,0.0,Medio,11.3,en_riesgo
4.2,60.4,11.2,1,37.0,Alto,11.3,en_riesgo
28.0,85.6,8.2,0,0.0,Medio,18.6,aprobado
29.4,83.7,,0,0.0,Medio,20.0,aprobado
11.1,67.6,15.8,0,0.0,Alto,15.5,aprobado
2.8,62.8,14.0,0,0.0,Bajo,8.8,reprobado
3.1,55.9,17.3,0,0.0,Alto,12.7,en_riesgo
21.4,49.3,7.1,0,0.0,Medio,13.5,en_riesgo
23.8,61.0,6.2,0,0.0,Medio,11.0,en_riesgo
13.6,96.4,12.3,1,19.0,Alto,15.1,aprobado
25.8,47.7,15.2,0,0.0,Medio,16.6,aprobado
16.3,70.1,6.7,1,29.0,Medio,11.3,en_riesgo
,54.3,17.3,1,41.0,Medio,13.3,en_riesgo
1.0,73.8,17.7,1,45.0,Medio,12.7,en_riesgo
13.4,80.6,11.9,0,0.0,Medio,14.9,aprobado
27.8,65.3,11.0,0,0.0,Alto,18.7,aprobado
21.2,70.7,15.4,0,0.0,Alto,16.2,aprobado
5.0,42.3,12.4,0,0.0,Medio,7.3,reprobado
5.6,84.5,7.0,0,0.0,Medio,8.3,reprobado
9.9,90.3,19.1,1,41.0,Bajo,12.7,en_riesgo
5.9,45.7,12.6,1,21.0,Medio,9.1,reprobado
29.4,94.1,7.3,0,0.0,Medio,17.4,aprobado
24.4,68.2,19.0,1,35.0,Medio,18.2,aprobado
28.2,91.7,15.8,0,0.0,Medio,19.1,aprobado
27.7,60.2,11.1,1,16.0,Medio,15.9,aprobado
3.7,42.2,11.9,0,0.0,Medio,7.8,reprobado
3.8,93.2,14.5,0,0.0,Medio,14.2,aprobado
,72.6,15.9,0,0.0,Bajo,13.8,en_riesgo
11.3,78.6,15.8,0,0.0,Medio,14.4,aprobado
23.1,51.8,,1,20.0,Bajo,14.8,aprobado
7.7,81.0,,1,15.0,Medio,11.1,en_riesgo
2.8,45.8,11.8,1,35.0,Bajo,7.2,reprobado
9.4,79.1,13.5,1,27.0,Alto,12.9,en_riesgo
5.7,44.3,10.6,0,0.0,Bajo,8.9,reprobado
24.9,72.9,17.0,1,8.0,Bajo,19.7,aprobado
3.8,89.0,13.5,1,18.0,Medio,11.7,en_riesgo
7.1,98.1,5.8,0,0.0,Medio,9.8,reprobado
16.7,49.0,19.6,1,44.0,Alto,16.8,aprobado
,61.9,,0,0.0,Medio,11.5,en_riesgo
9.4,53.0,18.0,0,0.0,Bajo,12.1,en_riesgo
12.7,90.1,8.2,1,37.0,Bajo,10.6,reprobado
20.5,90.0,5.3,0,0.0,Medio,14.4,aprobado
22.4,63.4,,0,0.0,Bajo,13.0,en_riesgo
25.3,90.5,9.7,0,0.0,Bajo,16.5,aprobado
24.7,86.9,6.3,1,11.0,Medio,13.5,en_riesgo
25.0,61.0,5.3,0,0.0,Bajo,13.1,en_riesgo
16.4,80.4,17.7,1,44.0,Alto,15.6,aprobado
,60.1,5.8,0,0.0,Bajo,11.9,en_riesgo
15.8,88.0,15.7,1,17.0,MEDIO,16.6,aprobado
3.5,60.5,19.1,0,0.0,Medio,13.4,en_riesgo
2.0,90.7,10.8,0,0.0,Alto,13.4,en_riesgo
28.1,90.4,9.2,0,0.0,Medio,18.0,aprobado
24.3,79.8,,0,0.0,Medio,17.6,aprobado
7.4,86.0,8.4,1,34.0,Medio,11.7,en_riesgo
8.7,82.2,9.0,1,35.0,Bajo,9.4,reprobado
10.3,85.7,10.8,1,47.0,Medio,12.3,en_riesgo
19.0,77.5,10.5,1,43.0,Bajo,12.1,en_riesgo
26.8,95.2,19.7,0,0.0,Medio,20.0,aprobado
13.6,58.3,7.6,0,0.0,Medio,11.6,en_riesgo
9.8,95.7,16.5,0,0.0,Medio,15.5,aprobado
26.8,75.1,7.0,1,10.0,Alto,14.2,aprobado
27.5,67.9,16.4,0,0.0,Bajo,16.8,aprobado
21.3,81.8,9.2,1,9.0,Medio,15.1,aprobado
28.9,58.2,7.9,1,9.0,Medio,16.5,aprobado
17.8,47.1,8.1,0,0.0,medio,11.6,en_riesgo
25.4,94.9,6.3,1,17.0,Medio,15.7,aprobado
2.4,61.8,15.8,1,12.0,Medio,11.4,en_riesgo
28.0,88.0,10.8,0,0.0,MEDIO,17.8,aprobado
6.0,65.9,15.3,1,9.0,Alto,12.0,en_riesgo
3.4,84.0,15.5,1,29.0,Medio,10.6,reprobado
23.3,49.2,15.5,0,0.0,Bajo,17.2,aprobado
3.1,46.7,16.7,1,29.0,Alto,11.1,en_riesgo
28.6,45.2,14.5,0,0.0,Medio,17.9,aprobado
5.4,41.1,18.1,1,30.0,Bajo,8.9,reprobado
15.6,40.9,9.9,0,0.0,Alto,13.0,en_riesgo
16.2,79.5,7.9,1,15.0,Alto,12.1,en_riesgo
13.9,96.5,12.9,0,0.0,Bajo,15.4,aprobado
27.9,62.7,5.9,1,40.0,Bajo,8.8,reprobado
24.7,69.6,9.4,0,0.0,Medio,14.2,aprobado
12.9,96.7,14.2,0,0.0,Bajo,17.2,aprobado
,77.8,13.1,1,26.0,Medio,10.1,reprobado
15.5,43.8,19.7,1,10.0,Medio,17.5,aprobado
27.0,93.0,11.0,0,0.0,Medio,17.7,aprobado
28.0,96.4,11.9,0,0.0,Alto,20.0,aprobado
5.1,46.9,7.8,1,17.0,Medio,5.7,reprobado
27.3,90.0,19.0,1,13.0,Medio,19.9,aprobado
20.9,56.3,8.3,0,0.0,BAJO,14.9,aprobado
24.0,91.1,19.0,1,18.0,Medio,18.0,aprobado
25.7,76.6,16.9,0,0.0,Medio,18.7,aprobado
5.3,78.1,17.6,1,46.0,Bajo,10.0,reprobado
,77.7,8.4,0,0.0,Medio,9.7,reprobado
12.3,42.9,13.0,0,0.0,Bajo,12.7,en_riesgo
28.5,44.4,7.1,1,31.0,Alto,15.5,aprobado
22.5,94.8,16.7,0,0.0,Bajo,19.6,aprobado
24.0,70.6,8.4,1,28.0,Alto,16.6,aprobado
29.1,93.8,11.9,0,0.0,Alto,20.0,aprobado
2.4,40.4,12.2,1,26.0,Alto,9.2,reprobado
,56.7,10.2,1,16.0,Medio,15.1,aprobado
10.9,62.4,7.8,1,46.0,Medio,7.8,reprobado
22.3,77.1,7.7,0,0.0,Medio,15.8,aprobado
12.2,88.5,19.1,0,0.0,Medio,18.8,aprobado
14.3,97.0,15.1,0,0.0,Bajo,15.8,aprobado
10.9,73.3,17.4,0,0.0,Medio,14.7,aprobado
20.1,53.5,9.4,0,0.0,Medio,13.0,en_riesgo
,84.7,15.9,1,9.0,Bajo,14.1,aprobado
27.7,42.4,13.2,0,0.0,Medio,17.1,aprobado
21.1,44.8,11.9,0,0.0,Medio,14.7,aprobado
9.7,77.4,19.9,1,16.0,Bajo,14.4,aprobado
3.9,85.5,,0,0.0,Alto,14.9,aprobado
,68.1,15.3,0,0.0,Medio,10.0,reprobado
26.9,88.1,,0,0.0,Bajo,20.0,aprobado
28.8,81.3,,0,0.0,Bajo,19.6,aprobado
1.6,55.9,19.5,1,19.0,Medio,12.9,en_riesgo
18.9,75.2,12.8,1,38.0,Bajo,14.8,aprobado
22.7,51.1,16.6,1,32.0,Bajo,15.5,aprobado
19.1,75.3,11.6,0,0.0,Alto,16.9,aprobado
1.8,48.9,12.8,1,11.0,Medio,8.9,reprobado
1.3,55.6,5.3,0,0.0,Medio,5.2,reprobado
2.3,67.3,5.6,1,42.0,Bajo,6.6,reprobado
2.5,99.3,10.6,1,27.0,Alto,11.8,en_riesgo
29.4,62.2,9.4,1,47.0,Medio,15.6,aprobado
1.3,73.7,7.7,1,43.0,Medio,6.4,reprobado
12.0,74.3,9.4,0,0.0,Medio,11.1,en_riesgo
24.0,82.3,11.2,0,0.0,Medio,15.6,aprobado
5.1,45.5,7.0,0,0.0,Alto,7.7,reprobado
11.7,49.5,14.3,0,0.0,BAJO,11.0,en_riesgo
17.1,64.5,16.4,0,0.0,medio,15.3,aprobado
14.6,82.0,19.2,0,0.0,Alto,19.0,aprobado
28.3,54.9,15.4,0,0.0,Medio,20.0,aprobado
17.0,93.9,11.9,0,0.0,Medio,13.9,en_riesgo
8.1,83.8,11.1,0,0.0,Medio,9.9,reprobado
11.7,55.5,18.8,1,32.0,Alto,15.1,aprobado
3.4,97.0,11.2,1,33.0,Medio,11.7,en_riesgo
11.7,59.7,15.7,0,0.0,Medio,14.3,aprobado
27.0,55.3,5.6,1,32.0,Alto,12.8,en_riesgo
12.6,63.1,11.6,0,0.0,Bajo,13.2,en_riesgo
24.3,60.2,11.1,1,15.0,Medio,13.8,en_riesgo
8.5,81.4,11.8,1,38.0,Bajo,9.9,reprobado
13.9,92.6,18.3,0,0.0,Medio,15.5,aprobado
22.2,55.0,,1,46.0,Bajo,13.3,en_riesgo
6.7,79.7,9.0,0,0.0,Bajo,10.8,reprobado
26.9,45.8,14.1,1,22.0,Bajo,15.1,aprobado
21.8,54.8,8.3,0,0.0,Bajo,10.9,reprobado
7.1,71.5,12.4,1,46.0,Medio,10.8,reprobado
24.0,79.9,7.8,0,0.0,Medio,16.9,aprobado
20.7,74.1,17.1,1,11.0,Bajo,17.7,aprobado
28.4,89.0,15.1,0,0.0,Bajo,18.1,aprobado
8.8,52.8,18.2,0,0.0,Medio,12.5,en_riesgo
24.9,57.8,13.6,0,0.0,Bajo,17.3,aprobado
,88.1,14.9,1,26.0,Medio,19.9,aprobado
26.2,95.1,5.8,1,35.0,Bajo,13.9,en_riesgo
29.1,82.4,,0,0.0,Medio,18.1,aprobado
14.2,50.2,19.4,0,0.0,MEDIO,14.9,aprobado
4.2,45.9,13.6,0,0.0,Bajo,10.1,reprobado
23.8,68.6,9.7,1,29.0,Bajo,14.8,aprobado
6.4,54.0,12.9,1,45.0,Bajo,8.3,reprobado
4.1,56.2,12.0,1,12.0,Medio,8.6,reprobado
9.0,42.9,11.0,0,0.0,Bajo,10.8,reprobado
14.6,79.4,5.5,0,0.0,Alto,15.7,aprobado
17.9,67.4,6.2,0,0.0,Bajo,14.0,aprobado
16.7,61.6,,1,35.0,Medio,11.3,en_riesgo
27.2,76.4,,0,0.0,Alto,18.8,aprobado
12.8,40.6,9.2,0,0.0,Bajo,9.5,reprobado
11.7,91.7,15.3,1,24.0,Medio,11.7,en_riesgo
2.2,73.3,15.7,1,41.0,Alto,11.2,en_riesgo
,89.2,14.3,0,0.0,Bajo,15.5,aprobado
7.6,68.7,9.1,0,0.0,Medio,9.5,reprobado
,46.1,14.9,1,33.0,Bajo,10.5,reprobado
22.8,81.5,19.0,0,0.0,bajo,17.9,aprobado
27.0,87.8,11.5,0,0.0,Bajo,16.3,aprobado
19.4,74.6,19.9,1,37.0,Medio,17.6,aprobado
11.3,49.4,7.6,1,20.0,Alto,9.5,reprobado
23.2,88.6,7.7,1,33.0,Medio,14.6,aprobado
21.3,93.0,,0,0.0,Bajo,17.1,aprobado
1.6,87.7,9.3,0,0.0,Medio,10.4,reprobado
6.4,50.7,12.7,1,20.0,Bajo,10.5,reprobado
3.1,49.1,9.5,1,22.0,Alto,9.5,reprobado
22.9,74.1,5.4,0,0.0,Bajo,12.0,en_riesgo
7.8,46.4,14.0,0,0.0,Alto,14.3,aprobado
6.8,97.4,15.8,1,45.0,Alto,14.0,aprobado
19.7,81.1,10.0,0,0.0,Bajo,13.2,en_riesgo
4.5,46.9,18.9,1,41.0,Medio,12.3,en_riesgo
,53.3,8.1,0,0.0,Medio,11.9,en_riesgo
27.2,84.1,18.3,0,0.0,Alto,20.0,aprobado
4.1,53.8,11.9,1,18.0,Bajo,8.1,reprobado
27.2,52.8,15.7,1,46.0,Medio,16.0,aprobado
22.0,48.3,18.1,0,0.0,Bajo,15.5,aprobado
21.3,86.3,14.7,1,23.0,Alto,16.9,aprobado
5.7,83.2,17.1,1,45.0,Bajo,11.6,en_riesgo
28.0,47.0,11.0,0,0.0,Bajo,16.7,aprobado
22.3,41.3,16.7,0,0.0,Alto,18.9,aprobado
28.0,56.4,,0,0.0,Bajo,19.0,aprobado
7.7,69.4,6.9,0,0.0,Medio,7.9,reprobado
30.0,51.1,8.5,1,22.0,Bajo,12.6,en_riesgo
12.6,82.2,5.9,1,16.0,Alto,9.6,reprobado
25.9,49.6,7.1,1,17.0,Alto,15.2,aprobado
13.4,91.4,7.0,0,0.0,Bajo,13.4,en_riesgo
21.9,86.5,12.2,0,0.0,Medio,18.9,aprobado
22.8,72.7,17.9,0,0.0,Alto,18.1,aprobado
6.9,47.6,17.1,0,0.0,Alto,10.5,reprobado
7.8,47.9,5.3,0,0.0,BAJO,6.7,reprobado
14.6,52.3,6.1,1,27.0,Medio,9.2,reprobado
18.6,64.5,16.9,0,0.0,Bajo,16.3,aprobado
9.1,53.0,7.4,1,20.0,Medio,9.7,reprobado
,81.0,7.2,1,36.0,Alto,17.5,aprobado
10.7,98.4,11.0,0,0.0,Alto,14.9,aprobado
2.5,91.6,16.1,0,0.0,Alto,13.8,en_riesgo
26.1,82.2,5.8,1,27.0,Alto,14.4,aprobado
25.3,56.8,11.3,1,46.0,Bajo,15.6,aprobado
21.6,78.4,6.7,0,0.0,Bajo,12.8,en_riesgo
16.1,63.3,7.4,0,0.0,Medio,11.3,en_riesgo
5.0,51.3,19.5,1,17.0,Medio,11.7,en_riesgo
5.9,41.4,13.6,0,0.0,Medio,10.3,reprobado
23.3,57.2,15.4,1,17.0,Medio,17.2,aprobado
10.3,97.4,18.2,1,46.0,Bajo,12.0,en_riesgo
8.0,83.6,13.1,0,0.0,Medio,11.2,en_riesgo
26.1,92.5,11.1,0,0.0,Alto,18.7,aprobado
,51.7,,1,43.0,Bajo,10.4,reprobado
,53.4,10.9,0,0.0,Medio,14.2,aprobado
,45.3,9.0,1,19.0,Alto,9.7,reprobado
1.3,40.4,15.3,0,0.0,Medio,11.9,en_riesgo
4.2,61.8,7.6,0,0.0,Bajo,6.8,reprobado
29.3,42.9,6.9,0,0.0,Medio,13.0,en_riesgo
16.1,60.0,10.7,1,47.0,Medio,9.9,reprobado
21.8,68.0,12.7,1,45.0,Medio,15.1,aprobado
21.9,47.0,10.5,0,0.0,Medio,14.7,aprobado
15.5,57.1,,1,39.0,Medio,11.8,en_riesgo
17.0,61.4,18.9,0,0.0,Bajo,14.8,aprobado
8.2,78.9,17.3,0,0.0,Alto,18.5,aprobado
12.6,99.5,15.0,1,30.0,Bajo,12.1,en_riesgo
2.5,53.7,11.3,0,0.0,Alto,10.1,reprobado
1.9,81.3,16.1,0,0.0,Medio,11.4,en_riesgo
16.0,67.9,9.5,0,0.0,Medio,12.8,en_riesgo
6.7,60.3,13.5,1,22.0,Medio,12.0,en_riesgo
9.5,86.9,18.6,1,13.0,Medio,16.4,aprobado
9.2,66.1,13.4,0,0.0,Bajo,10.6,reprobado
19.9,99.9,8.8,0,0.0,Bajo,14.4,aprobado
22.2,70.8,12.4,0,0.0,Alto,16.9,aprobado
19.6,57.6,9.6,0,0.0,Alto,13.9,en_riesgo
8.6,91.2,18.1,1,18.0,Medio,14.7,aprobado
16.5,73.8,16.0,1,38.0,Bajo,13.3,en_riesgo
4.4,80.6,8.6,0,0.0,Bajo,9.6,reprobado
27.4,71.3,12.8,0,0.0,Alto,19.7,aprobado
,61.8,19.1,0,0.0,Medio,15.1,aprobado
13.2,57.5,18.6,1,10.0,Bajo,14.3,aprobado
28.6,44.1,14.3,0,0.0,Alto,18.8,aprobado
10.7,61.7,14.0,0,0.0,Medio,10.4,reprobado
18.9,96.0,,1,43.0,Medio,12.6,en_riesgo
6.5,86.2,6.2,0,0.0,Alto,10.7,reprobado
2.5,78.5,5.6,1,15.0,Medio,6.3,reprobado
23.3,45.1,7.2,1,15.0,Bajo,10.7,reprobado
18.1,92.6,,1,18.0,Alto,16.8,aprobado
25.9,90.0,16.5,0,0.0,Bajo,20.0,aprobado
,40.2,16.2,0,0.0,Medio,7.3,reprobado
,72.6,15.5,1,30.0,Medio,15.5,aprobado
23.7,72.6,17.3,0,0.0,Medio,16.7,aprobado
8.0,81.3,14.3,1,24.0,Medio,10.5,reprobado
27.3,94.8,12.6,0,0.0,Bajo,18.1,aprobado
11.1,61.7,13.2,1,29.0,Alto,10.3,reprobado
20.0,77.2,9.4,1,16.0,Alto,15.6,aprobado
19.6,55.0,9.4,0,0.0,Bajo,12.2,en_riesgo
27.6,47.0,12.1,1,25.0,Alto,19.3,aprobado
,86.2,17.5,1,31.0,Bajo,13.1,en_riesgo
12.7,77.2,17.3,1,38.0,Alto,15.1,aprobado
12.2,92.2,18.5,0,0.0,Medio,16.9,aprobado
11.6,97.0,6.5,1,16.0,Alto,11.9,en_riesgo
22.9,69.6,19.6,1,9.0,Medio,18.7,aprobado
1.9,76.5,9.8,0,0.0,Medio,10.1,reprobado
11.3,94.3,11.1,0,0.0,Medio,13.8,en_riesgo
23.9,97.2,9.8,1,42.0,Bajo,14.9,aprobado
20.0,69.2,,0,0.0,Medio,12.6,en_riesgo
25.5,97.7,18.6,1,24.0,Alto,20.0,aprobado
5.6,87.0,10.4,0,0.0,Medio,8.8,reprobado
24.2,43.4,18.9,0,0.0,Medio,18.6,aprobado
14.3,61.9,15.5,0,0.0,Medio,13.5,en_riesgo
13.7,48.8,16.5,0,0.0,Bajo,12.8,en_riesgo
1.6,78.2,14.3,0,0.0,Medio,13.0,en_riesgo
6.0,46.2,5.0,0,0.0,Bajo,5.8,reprobado
25.4,62.4,18.4,1,44.0,Alto,17.7,aprobado
13.2,52.7,8.0,0,0.0,Bajo,9.9,reprobado
9.4,47.9,5.7,1,11.0,Medio,7.6,reprobado
1.1,91.7,13.9,0,0.0,Alto,13.6,en_riesgo
16.3,46.0,18.5,0,0.0,Medio,17.3,aprobado
23.2,73.8,16.1,0,0.0,Medio,18.5,aprobado
22.7,54.5,7.1,0,0.0,Medio,12.7,en_riesgo
29.6,86.5,11.2,1,33.0,Bajo,17.4,aprobado
24.0,63.6,15.4,0,0.0,Alto,20.0,aprobado
29.8,72.3,8.7,0,0.0,Bajo,16.9,aprobado
17.1,88.0,14.7,1,32.0,Bajo,16.4,aprobado
15.7,96.3,13.2,1,12.0,Medio,12.2,en_riesgo
28.4,63.8,12.2,0,0.0,Alto,18.0,aprobado
10.9,44.8,14.2,0,0.0,Alto,13.5,en_riesgo
11.1,67.9,5.1,0,0.0,Bajo,5.9,reprobado
26.8,65.2,8.7,1,16.0,Medio,15.4,aprobado
21.2,61.2,14.7,0,0.0,Bajo,13.1,en_riesgo
8.9,44.0,,1,31.0,Alto,13.3,en_riesgo
5.8,45.7,16.1,1,20.0,Bajo,10.2,reprobado
19.7,66.5,10.7,1,26.0,Medio,15.6,aprobado
4.3,42.0,14.5,1,36.0,Bajo,8.1,reprobado
,52.2,17.1,0,0.0,Medio,17.1,aprobado
18.5,88.0,11.6,1,22.0,Medio,16.2,aprobado
6.0,62.8,14.4,0,0.0,Bajo,12.6,en_riesgo
6.0,94.0,5.6,1,27.0,Medio,7.0,reprobado
18.6,49.1,11.0,0,0.0,Bajo,12.7,en_riesgo
24.9,54.4,12.2,0,0.0,Bajo,16.6,aprobado
19.5,79.1,18.9,1,36.0,MEDIO,15.0,aprobado
21.8,85.3,13.8,0,0.0,Alto,19.0,aprobado
13.5,78.3,16.8,0,0.0,Alto,18.8,aprobado
12.0,95.3,9.0,0,0.0,Medio,12.4,en_riesgo
12.1,97.8,19.6,1,10.0,Bajo,16.4,aprobado
9.8,87.3,7.7,1,33.0,Bajo,10.8,reprobado
19.8,44.1,18.2,0,0.0,Alto,19.1,aprobado
,98.9,5.2,0,0.0,Bajo,9.6,reprobado
18.0,71.1,16.3,0,0.0,Medio,16.1,aprobado
27.2,43.2,14.5,1,12.0,Alto,17.2,aprobado
12.4,56.8,7.9,1,23.0,Bajo,6.7,reprobado
5.3,99.4,8.9,1,41.0,Bajo,9.0,reprobado
10.5,53.1,16.5,0,0.0,Medio,15.4,aprobado
,56.7,18.1,1,43.0,Alto,17.4,aprobado
21.0,85.4,12.4,0,0.0,Alto,19.2,aprobado
11.6,40.9,6.1,1,37.0,Bajo,5.4,reprobado
26.6,91.6,17.5,1,23.0,Medio,19.6,aprobado
15.9,56.5,11.6,1,29.0,Medio,9.9,reprobado
13.2,95.2,11.2,0,0.0,Bajo,13.6,en_riesgo
16.1,59.6,20.0,1,36.0,Medio,16.3,aprobado
,88.8,13.1,1,33.0,Bajo,9.7,reprobado
3.4,62.1,12.8,1,27.0,Bajo,9.7,reprobado
7.6,53.4,14.2,0,0.0,Medio,10.0,reprobado
18.6,51.1,19.6,1,21.0,Medio,17.3,aprobado
25.1,77.2,9.1,1,43.0,Alto,17.3,aprobado
13.4,86.9,8.1,0,0.0,Medio,12.1,en_riesgo
21.8,49.2,,0,0.0,Medio,15.0,aprobado
12.1,48.5,17.0,1,31.0,Medio,12.6,en_riesgo
28.5,67.9,17.8,0,0.0,Bajo,19.6,aprobado
8.8,80.8,15.2,1,24.0,Alto,13.9,en_riesgo
23.6,80.3,19.2,1,42.0,Medio,20.0,aprobado
24.8,62.1,11.8,1,26.0,Bajo,16.2,aprobado
,92.4,14.6,0,0.0,Medio,16.2,aprobado
23.0,93.9,15.5,0,0.0,Medio,18.9,aprobado
29.2,78.3,10.9,0,0.0,Medio,18.5,aprobado
8.5,44.7,14.7,0,0.0,Medio,11.7,en_riesgo
10.8,85.2,11.2,0,0.0,Alto,14.0,aprobado
19.5,70.5,6.6,0,0.0,Bajo,12.7,en_riesgo
9.9,53.0,10.2,0,0.0,Medio,11.1,en_riesgo
25.2,51.9,11.5,0,0.0,Medio,14.9,aprobado
22.3,40.6,6.4,0,0.0,Medio,11.1,en_riesgo
15.3,98.8,15.7,1,22.0,Medio,17.9,aprobado
26.3,59.6,9.6,0,0.0,Alto,17.1,aprobado
26.4,41.4,10.1,0,0.0,Alto,15.1,aprobado
9.6,89.5,17.1,0,0.0,Medio,15.4,aprobado
14.5,69.0,11.2,1,33.0,Medio,12.5,en_riesgo
22.9,44.0,5.2,1,34.0,Medio,12.3,en_riesgo
13.6,62.1,6.2,0,0.0,Medio,11.3,en_riesgo
14.6,43.3,15.6,1,41.0,Alto,13.8,en_riesgo
7.2,81.9,14.5,1,45.0,Bajo,10.8,reprobado
18.9,95.1,18.3,0,0.0,Alto,19.3,aprobado
10.7,70.6,17.2,1,26.0,Alto,15.0,aprobado
4.9,59.1,16.1,0,0.0,Alto,14.6,aprobado
18.2,59.8,6.9,0,0.0,Medio,11.4,en_riesgo
,87.3,9.8,0,0.0,Alto,11.5,en_riesgo
3.1,95.1,10.4,1,24.0,Bajo,9.8,reprobado
5.6,69.4,,1,19.0,Bajo,11.6,en_riesgo
15.1,46.9,18.1,1,34.0,Bajo,14.3,aprobado
,88.1,6.4,1,18.0,Bajo,12.0,en_riesgo
5.6,96.9,16.4,1,31.0,Medio,10.4,reprobado
18.5,98.1,18.3,1,38.0,Alto,14.7,aprobado
8.6,74.4,20.0,0,0.0,Medio,17.1,aprobado
19.9,58.8,14.9,1,30.0,Medio,14.8,aprobado
22.4,50.6,10.4,0,0.0,MEDIO,14.6,aprobado
20.4,61.2,11.9,1,14.0,Bajo,13.9,en_riesgo
3.8,42.8,6.5,0,0.0,MEDIO,6.8,reprobado
2.4,76.4,13.7,1,14.0,medio,9.1,reprobado
2.2,70.4,,1,20.0,Bajo,9.1,reprobado
1.5,75.7,12.2,1,9.0,Bajo,7.7,reprobado
8.0,73.2,7.3,0,0.0,Alto,10.3,reprobado
,84.9,,1,12.0,Alto,20.0,aprobado
14.0,83.5,12.0,0,0.0,Medio,14.9,aprobado
13.5,85.1,8.2,1,16.0,MEDIO,12.6,en_riesgo
28.9,81.2,13.7,0,0.0,Medio,19.8,aprobado
29.2,95.2,9.8,1,25.0,Bajo,16.3,aprobado
9.2,88.5,15.8,1,8.0,Medio,14.0,aprobado
21.3,75.2,16.2,0,0.0,Medio,17.0,aprobado
25.9,84.2,5.2,1,45.0,Medio,13.3,en_riesgo
1.9,93.8,7.8,1,19.0,Medio,9.4,reprobado
11.2,87.1,15.7,0,0.0,Bajo,14.0,aprobado
,63.6,19.3,0,0.0,Alto,15.9,aprobado
27.4,72.1,10.1,0,0.0,Bajo,16.5,aprobado
7.2,85.0,19.8,1,14.0,Bajo,13.6,en_riesgo
3.3,40.6,12.5,0,0.0,Medio,9.7,reprobado
7.3,80.7,19.7,0,0.0,Bajo,12.5,en_riesgo
21.6,49.6,8.9,0,0.0,Medio,14.0,aprobado
18.2,62.2,17.4,1,36.0,Medio,15.6,aprobado
4.8,99.9,5.7,0,0.0,BAJO,8.2,reprobado
13.3,66.1,13.3,0,0.0,Bajo,15.5,aprobado
26.6,92.7,12.7,0,0.0,Medio,19.6,aprobado
25.2,80.6,16.6,1,22.0,Bajo,18.1,aprobado
19.5,70.6,14.4,1,11.0,Bajo,16.6,aprobado
27.8,40.2,,1,36.0,Alto,18.3,aprobado
25.8,52.6,14.4,1,12.0,Bajo,15.9,aprobado
12.7,66.9,17.7,1,45.0,Medio,14.4,aprobado
14.3,88.3,13.5,0,0.0,Medio,15.3,aprobado
23.9,40.0,5.0,1,17.0,Medio,12.9,en_riesgo
10.6,51.8,11.9,0,0.0,Medio,12.2,en_riesgo
2.2,92.8,5.3,0,0.0,BAJO,6.7,reprobado
,78.9,9.4,1,15.0,Alto,16.3,aprobado
20.8,83.2,13.7,0,0.0,Bajo,15.6,aprobado
23.9,54.7,15.1,0,0.0,Medio,16.7,aprobado
27.0,87.2,6.1,0,0.0,Bajo,14.7,aprobado
28.1,98.3,14.1,0,0.0,Bajo,19.9,aprobado
,52.0,11.9,0,0.0,Bajo,15.1,aprobado
18.7,69.1,10.4,1,16.0,Medio,12.9,en_riesgo
16.5,47.2,8.4,1,32.0,Medio,9.1,reprobado
10.0,54.9,18.5,1,20.0,Bajo,13.4,en_riesgo
6.7,99.8,15.7,0,0.0,Medio,15.1,aprobado
15.8,68.9,6.0,0,0.0,Medio,11.6,en_riesgo
2.6,78.9,7.7,0,0.0,Alto,10.0,reprobado
14.8,48.1,18.6,1,29.0,Alto,17.2,aprobado
22.8,47.3,11.2,1,0.0,Alto,11.9,en_riesgo
27.4,89.1,14.0,1,17.0,Alto,19.2,aprobado
19.0,56.0,10.9,1,24.0,Medio,11.7,en_riesgo
4.8,67.9,11.1,1,21.0,Medio,8.6,reprobado
12.5,99.6,18.9,0,0.0,Bajo,16.8,aprobado
22.6,58.6,12.2,1,16.0,Medio,16.0,aprobado
6.4,40.3,11.0,0,0.0,Medio,8.5,reprobado
19.2,81.1,18.1,1,41.0,Alto,18.6,aprobado
,60.6,8.1,1,20.0,Medio,15.4,aprobado
4.6,97.0,6.2,0,0.0,Bajo,9.4,reprobado
12.4,82.5,,0,0.0,Alto,14.4,aprobado
14.2,78.9,18.3,1,27.0,Medio,16.4,aprobado
10.8,86.6,13.0,0,0.0,Medio,13.7,en_riesgo
4.8,91.5,12.3,0,0.0,Alto,10.6,reprobado
18.5,62.1,17.4,0,0.0,Bajo,16.3,aprobado
22.0,95.0,8.5,1,0.0,Bajo,13.1,en_riesgo
,59.2,7.9,0,0.0,Medio,15.1,aprobado
13.0,58.9,14.4,1,38.0,Alto,13.5,en_riesgo
3.3,76.3,9.1,0,0.0,Alto,10.7,reprobado
23.2,92.3,19.6,1,25.0,Bajo,18.2,aprobado
25.1,82.6,8.5,0,0.0,Medio,14.5,aprobado
21.4,53.2,18.5,1,13.0,Medio,17.5,aprobado
14.7,77.1,10.1,1,45.0,Medio,10.8,reprobado
28.3,56.7,17.1,1,36.0,Alto,19.0,aprobado
8.1,59.3,13.3,1,31.0,Alto,14.8,aprobado
5.7,71.2,15.4,0,0.0,Alto,13.0,en_riesgo
27.6,97.3,17.9,1,42.0,Alto,20.0,aprobado
24.8,52.0,8.9,0,0.0,bajo,13.8,en_riesgo
19.9,95.5,19.9,0,0.0,Alto,20.0,aprobado
10.8,78.2,13.6,1,35.0,Alto,13.9,en_riesgo
13.3,74.8,19.3,0,0.0,Medio,16.5,aprobado
2.6,54.1,15.5,1,14.0,Bajo,7.9,reprobado
28.4,91.9,13.2,0,0.0,Medio,20.0,aprobado
5.3,68.1,5.5,1,37.0,Bajo,7.7,reprobado
20.0,94.0,8.2,0,0.0,Medio,14.6,aprobado
20.5,94.6,7.2,0,0.0,Medio,15.7,aprobado
19.7,47.8,15.4,1,29.0,MEDIO,13.0,en_riesgo
19.3,57.3,12.0,0,0.0,Alto,14.3,aprobado
,72.4,6.2,0,0.0,Medio,12.7,en_riesgo
5.2,98.3,7.0,1,27.0,Bajo,7.7,reprobado
2.5,76.4,8.7,0,0.0,BAJO,10.0,reprobado
,72.4,9.0,1,11.0,Medio,12.7,en_riesgo
12.0,71.8,12.1,1,24.0,Bajo,9.2,reprobado
29.2,55.6,9.1,0,0.0,Bajo,14.7,aprobado
19.1,52.6,19.0,0,0.0,BAJO,17.7,aprobado
12.3,71.9,7.8,0,0.0,Bajo,9.2,reprobado
8.3,63.6,17.6,1,36.0,Medio,12.5,en_riesgo
2.2,63.9,20.0,1,14.0,Medio,13.8,en_riesgo
,44.0,15.4,1,12.0,ALTO,19.1,aprobado
17.1,70.7,,0,0.0,Medio,14.8,aprobado
4.4,57.7,14.2,1,18.0,Medio,9.6,reprobado
5.1,46.2,14.6,1,26.0,Bajo,10.5,reprobado
,68.2,16.3,1,39.0,Medio,16.2,aprobado
19.6,97.4,11.3,1,20.0,Bajo,15.7,aprobado
15.5,83.4,16.6,0,0.0,Medio,18.6,aprobado
14.7,54.2,5.2,1,42.0,Bajo,5.1,reprobado
,62.2,16.6,0,0.0,Alto,20.0,aprobado
4.7,86.1,7.4,0,0.0,Bajo,7.4,reprobado
,78.4,17.4,1,44.0,Bajo,10.8,reprobado
21.0,47.9,16.8,0,0.0,Bajo,16.1,aprobado
1.0,43.3,13.7,1,32.0,Bajo,6.6,reprobado
10.5,52.5,7.7,1,10.0,Medio,8.5,reprobado
1.6,48.6,14.3,0,0.0,Bajo,8.4,reprobado
15.9,48.5,15.6,0,0.0,Bajo,13.6,en_riesgo
4.0,76.2,17.1,0,0.0,MEDIO,12.2,en_riesgo
,43.7,,1,22.0,Medio,14.3,aprobado
2.4,46.3,15.0,1,8.0,Bajo,8.8,reprobado
16.8,63.2,11.1,0,0.0,Bajo,11.3,en_riesgo
27.2,42.4,13.2,0,0.0,Bajo,16.8,aprobado
23.5,58.0,,1,12.0,Medio,14.2,aprobado
4.6,87.2,11.0,0,0.0,Bajo,11.0,en_riesgo
,62.6,12.8,1,18.0,Bajo,11.7,en_riesgo
19.4,88.4,8.9,0,0.0,Medio,13.5,en_riesgo
11.1,52.1,17.9,1,31.0,Bajo,10.3,reprobado
16.4,49.9,6.7,1,24.0,Alto,9.7,reprobado
18.7,41.6,12.8,1,43.0,Alto,11.8,en_riesgo
3.9,43.8,19.9,0,0.0,Medio,11.7,en_riesgo
20.4,64.8,11.7,0,0.0,Medio,15.8,aprobado
19.2,75.6,15.0,0,0.0,Bajo,16.5,aprobado
23.1,52.2,5.9,0,0.0,Medio,13.5,en_riesgo
15.3,40.2,17.4,1,18.0,Medio,11.7,en_riesgo
2.9,52.1,16.2,1,10.0,Bajo,11.0,en_riesgo
27.0,54.2,7.6,1,35.0,Alto,14.8,aprobado
29.3,59.9,13.9,0,0.0,Medio,18.5,aprobado
27.7,54.6,15.0,0,0.0,Medio,19.9,aprobado
20.3,77.0,15.7,1,26.0,Medio,16.2,aprobado
18.8,94.1,14.4,1,42.0,Medio,16.9,aprobado
5.9,96.6,12.5,1,39.0,Medio,11.0,en_riesgo
18.9,91.0,19.6,0,0.0,Medio,19.3,aprobado
19.5,47.2,10.1,0,0.0,Medio,13.2,en_riesgo
12.0,43.6,15.8,1,24.0,Bajo,11.1,en_riesgo
21.5,88.9,,0,0.0,Medio,19.7,aprobado
22.2,72.6,12.9,0,0.0,Medio,16.0,aprobado
18.3,57.1,13.1,0,0.0,Alto,15.4,aprobado
9.3,93.3,13.9,1,46.0,Alto,13.2,en_riesgo
9.1,40.5,16.9,1,46.0,Medio,10.5,reprobado
29.1,83.1,5.7,0,0.0,Alto,14.5,aprobado
5.4,63.1,5.6,1,13.0,Bajo,7.2,reprobado
19.3,41.1,,1,22.0,Medio,14.4,aprobado
1.4,66.4,8.1,0,0.0,Medio,7.7,reprobado
6.1,74.3,17.0,0,0.0,Bajo,13.3,en_riesgo
16.7,84.5,7.8,0,0.0,Alto,14.0,aprobado
8.0,42.7,,0,0.0,Alto,11.1,en_riesgo
28.2,83.9,15.1,0,0.0,Medio,18.8,aprobado
18.8,76.0,,0,0.0,Alto,16.1,aprobado
5.2,49.8,9.4,1,10.0,Medio,7.9,reprobado
,98.1,9.2,0,0.0,Alto,18.3,aprobado
8.2,73.5,,1,35.0,Medio,13.6,en_riesgo
12.1,79.1,7.6,0,0.0,Bajo,10.3,reprobado
28.1,87.1,11.4,0,0.0,Medio,17.6,aprobado
29.0,84.2,8.9,1,31.0,Bajo,15.3,aprobado
18.1,76.5,9.4,1,25.0,Bajo,12.8,en_riesgo
,49.9,7.4,0,0.0,Medio,11.0,en_riesgo
29.0,57.0,16.6,0,0.0,Medio,20.0,aprobado
16.1,72.5,5.7,0,0.0,Medio,11.6,en_riesgo
27.0,78.8,14.1,0,0.0,Medio,16.9,aprobado
9.7,85.9,10.9,1,34.0,Medio,13.0,en_riesgo
3.2,47.7,10.8,0,0.0,Medio,8.7,reprobado
19.9,42.1,14.1,0,0.0,Alto,15.7,aprobado
19.8,73.0,19.3,0,0.0,Alto,19.0,aprobado
2.6,57.8,11.3,0,0.0,Bajo,8.2,reprobado
7.9,40.9,15.7,0,0.0,Alto,12.6,en_riesgo
27.5,44.2,18.1,0,0.0,bajo,16.5,aprobado
26.4,64.1,6.4,1,22.0,Medio,13.0,en_riesgo
9.7,85.0,8.4,0,0.0,Alto,12.9,en_riesgo
3.1,41.3,10.3,1,15.0,Medio,7.2,reprobado
22.4,79.2,11.7,0,0.0,Bajo,17.1,aprobado
,49.6,6.8,0,0.0,Bajo,10.3,reprobado
27.8,51.2,6.8,1,39.0,Bajo,14.4,aprobado
22.7,69.6,17.8,0,0.0,Medio,18.1,aprobado
11.1,84.1,5.8,0,0.0,Medio,9.1,reprobado
29.1,63.4,5.9,0,0.0,Alto,17.0,aprobado
,94.9,8.1,0,0.0,Medio,13.5,en_riesgo
,66.4,5.1,1,24.0,Alto,9.3,reprobado
13.8,97.5,6.7,1,21.0,Alto,13.4,en_riesgo
3.1,61.1,8.4,1,24.0,MEDIO,5.9,reprobado
23.9,55.3,14.8,0,0.0,Medio,17.9,aprobado
6.9,99.9,16.9,1,15.0,Medio,16.5,aprobado
21.6,93.0,13.4,0,0.0,Medio,17.1,aprobado
11.4,51.0,6.4,0,0.0,Alto,10.4,reprobado
20.1,46.9,17.3,0,0.0,Bajo,17.3,aprobado
21.5,42.1,11.2,1,30.0,Medio,14.1,aprobado
21.0,68.1,8.0,1,11.0,Medio,14.3,aprobado
21.3,88.1,7.9,0,0.0,Medio,14.7,aprobado
15.2,50.9,13.3,0,0.0,Bajo,10.9,reprobado
6.8,65.4,17.2,0,0.0,Alto,13.8,en_riesgo
5.7,71.3,19.6,1,17.0,Alto,14.5,aprobado
22.0,68.1,5.1,1,24.0,Medio,13.4,en_riesgo
2.2,56.0,5.0,1,12.0,Medio,6.3,reprobado
4.1,73.3,17.0,1,42.0,Bajo,10.6,reprobado
24.3,89.9,8.2,0,0.0,Medio,15.4,aprobado
,49.1,12.7,0,0.0,Alto,10.4,reprobado
19.6,82.5,8.3,1,31.0,Bajo,13.3,en_riesgo
29.6,60.6,,1,39.0,Alto,16.7,aprobado
29.8,49.4,12.5,0,0.0,Medio,18.4,aprobado
16.9,96.4,11.5,1,38.0,Bajo,13.4,en_riesgo
18.7,75.3,10.3,1,35.0,Medio,15.1,aprobado
2.7,44.9,19.4,0,0.0,Bajo,11.6,en_riesgo
24.8,46.0,6.8,1,8.0,Bajo,13.8,en_riesgo
22.2,76.9,5.6,1,46.0,Bajo,12.1,en_riesgo
4.4,52.9,11.3,1,11.0,MEDIO,8.6,reprobado
22.0,49.7,12.7,0,0.0,Medio,16.1,aprobado
,84.8,19.4,0,0.0,Medio,16.1,aprobado
19.3,89.5,,0,0.0,Bajo,18.6,aprobado
28.2,44.6,18.1,1,42.0,Medio,19.5,aprobado
15.3,51.0,7.3,0,0.0,Medio,13.6,en_riesgo
5.8,51.8,7.9,1,8.0,Medio,7.8,reprobado
22.7,46.7,8.3,0,0.0,Bajo,10.9,reprobado
26.9,81.0,7.4,0,0.0,Alto,17.9,aprobado
27.9,69.0,8.1,1,24.0,Medio,16.3,aprobado
5.5,54.5,19.3,0,0.0,Bajo,11.9,en_riesgo
12.2,86.6,,0,0.0,Medio,14.1,aprobado
1.7,64.0,18.6,1,37.0,BAJO,9.3,reprobado
15.9,48.1,14.1,1,40.0,Bajo,10.0,reprobado
7.4,66.8,6.9,1,20.0,Medio,6.9,reprobado
9.2,94.1,16.1,0,0.0,medio,16.1,aprobado
23.9,54.4,,0,0.0,Medio,13.8,en_riesgo
8.2,48.6,8.7,0,0.0,Medio,8.4,reprobado
17.6,48.6,8.2,0,0.0,Medio,13.0,en_riesgo
4.0,98.4,14.1,0,0.0,Medio,11.9,en_riesgo
17.2,59.1,17.3,0,0.0,Medio,16.2,aprobado
18.5,67.6,,0,0.0,Bajo,13.4,en_riesgo
12.9,96.8,15.2,0,0.0,Bajo,14.7,aprobado
12.1,41.8,18.4,0,0.0,Medio,14.1,aprobado
7.9,84.3,12.8,0,0.0,Medio,13.1,en_riesgo
19.8,74.1,7.0,0,0.0,Bajo,13.2,en_riesgo
4.1,64.7,10.0,1,16.0,Medio,9.7,reprobado
3.1,53.1,5.5,0,0.0,Medio,5.2,reprobado
3.7,60.0,19.4,0,0.0,Bajo,11.2,en_riesgo
21.3,62.7,,1,41.0,Medio,13.3,en_riesgo
2.0,79.2,13.4,0,0.0,Medio,10.5,reprobado
14.7,46.3,15.8,1,31.0,Medio,12.3,en_riesgo
4.9,63.6,17.8,1,9.0,Bajo,10.6,reprobado
21.9,96.0,12.4,0,0.0,Medio,17.4,aprobado
10.4,42.5,13.8,1,15.0,Bajo,10.0,reprobado
29.8,50.5,8.6,1,11.0,Bajo,14.5,aprobado
8.9,42.5,11.5,0,0.0,Alto,12.0,en_riesgo
1.2,59.6,14.4,0,0.0,Medio,8.5,reprobado
1.7,82.9,13.1,0,0.0,Alto,11.7,en_riesgo
6.1,71.0,6.1,1,23.0,Bajo,6.1,reprobado
,55.9,12.5,1,23.0,Bajo,7.5,reprobado
,66.8,18.5,0,0.0,Medio,13.0,en_riesgo
2.1,85.7,9.7,0,0.0,Medio,11.2,en_riesgo
26.1,57.3,18.9,0,0.0,Bajo,20.0,aprobado
25.4,97.1,16.1,0,0.0,Alto,18.8,aprobado
9.1,71.5,5.7,1,27.0,Medio,10.0,reprobado
9.1,65.2,17.5,1,27.0,Alto,14.7,aprobado
4.6,41.5,,1,10.0,Medio,11.7,en_riesgo
10.0,55.3,5.9,1,32.0,Medio,7.3,reprobado
27.5,60.2,19.2,0,0.0,Bajo,19.5,aprobado
18.8,94.7,16.8,0,0.0,Bajo,17.7,aprobado
26.4,66.0,8.8,1,47.0,Medio,14.9,aprobado
4.0,42.6,7.4,1,29.0,Medio,6.5,reprobado
13.0,41.0,7.3,1,12.0,Alto,8.9,reprobado
1.9,49.5,14.1,1,17.0,Alto,11.9,en_riesgo
21.9,90.8,10.5,1,46.0,Bajo,13.7,en_riesgo
15.3,48.6,8.7,0,0.0,Alto,14.3,aprobado
5.7,92.2,,0,0.0,Medio,13.7,en_riesgo
29.9,46.7,7.4,0,0.0,Medio,15.3,aprobado
28.4,45.7,12.2,1,8.0,Alto,18.2,aprobado
9.3,96.1,12.5,0,0.0,Bajo,15.5,aprobado
9.7,98.6,14.6,1,0.0,Medio,13.5,en_riesgo
29.7,90.1,19.4,0,0.0,Bajo,20.0,aprobado
7.5,97.9,7.8,0,0.0,Medio,11.4,en_riesgo
4.5,80.6,7.7,0,0.0,Medio,9.4,reprobado
19.3,60.6,15.2,1,38.0,Medio,13.8,en_riesgo
20.9,86.9,9.0,0,0.0,Bajo,14.2,aprobado
24.8,67.5,19.7,0,0.0,Bajo,19.4,aprobado
17.3,65.9,8.2,0,0.0,Alto,12.5,en_riesgo
18.3,77.5,6.6,1,46.0,Alto,11.5,en_riesgo
16.1,81.1,,1,14.0,Medio,10.2,reprobado
16.8,76.4,8.6,0,0.0,Medio,14.3,aprobado
20.7,93.0,8.8,0,0.0,Medio,16.8,aprobado
,76.9,9.6,0,0.0,Bajo,14.6,aprobado
28.7,76.7,18.1,0,0.0,Alto,19.7,aprobado
26.6,72.7,16.9,0,0.0,Medio,19.5,aprobado
8.9,46.3,5.8,0,0.0,Alto,9.5,reprobado
1.3,97.6,10.7,0,0.0,Medio,11.0,en_riesgo
8.5,78.8,18.8,1,24.0,Bajo,14.7,aprobado
6.9,70.8,6.2,0,0.0,Medio,8.8,reprobado
9.8,66.6,19.2,1,0.0,Medio,13.8,en_riesgo
15.6,82.5,11.1,1,12.0,Bajo,13.5,en_riesgo
16.6,81.9,16.1,1,13.0,Bajo,14.1,aprobado
12.5,56.6,6.4,1,46.0,Alto,9.2,reprobado
18.3,68.2,9.6,0,0.0,Alto,14.9,aprobado
14.6,49.9,14.5,1,47.0,Bajo,10.8,reprobado
10.9,75.6,11.3,1,19.0,Medio,12.4,en_riesgo
26.5,95.5,11.6,0,0.0,Medio,16.1,aprobado
1.9,87.9,12.7,1,35.0,Bajo,8.9,reprobado
22.3,93.0,8.8,0,0.0,Medio,11.8,en_riesgo
29.2,59.4,18.7,1,29.0,Bajo,20.0,aprobado
11.4,46.2,5.7,0,0.0,Alto,9.5,reprobado
1.2,69.1,13.6,1,17.0,Bajo,10.7,reprobado
8.8,50.1,10.7,0,0.0,Medio,12.0,en_riesgo
9.5,52.5,7.5,0,0.0,Medio,9.8,reprobado
11.1,73.5,,1,37.0,Medio,13.0,en_riesgo
15.5,86.8,8.3,1,23.0,Alto,13.9,en_riesgo
23.3,43.1,14.5,1,12.0,Bajo,14.3,aprobado
17.2,71.3,6.2,0,0.0,Medio,11.7,en_riesgo
16.6,50.9,16.4,1,28.0,Medio,13.4,en_riesgo
1.3,72.3,9.2,1,41.0,Alto,6.4,reprobado
10.4,43.1,16.3,0,0.0,Medio,15.6,aprobado
27.4,58.8,11.5,0,0.0,Medio,16.8,aprobado
9.0,48.8,14.0,1,16.0,Medio,9.6,reprobado
21.0,79.3,19.2,1,39.0,Bajo,16.0,aprobado
27.8,97.7,8.8,0,0.0,Bajo,14.2,aprobado
13.0,88.8,13.1,0,0.0,Medio,15.7,aprobado
18.7,62.8,9.5,0,0.0,Alto,15.0,aprobado
12.6,97.4,15.8,1,24.0,Medio,13.6,en_riesgo
18.7,92.3,7.0,0,0.0,Alto,13.6,en_riesgo
3.5,98.7,12.8,0,0.0,Medio,12.5,en_riesgo
,43.8,10.5,1,40.0,Medio,7.4,reprobado
16.3,98.2,17.8,0,0.0,alto,19.3,aprobado
23.3,84.6,,1,27.0,Bajo,15.5,aprobado
19.9,85.1,17.2,0,0.0,Bajo,18.9,aprobado
3.6,64.6,7.0,0,0.0,Medio,9.0,reprobado
17.0,87.2,16.8,0,0.0,Medio,20.0,aprobado
18.6,59.1,7.7,0,0.0,Medio,11.6,en_riesgo
19.1,42.6,8.4,0,0.0,Bajo,11.1,en_riesgo
20.1,54.9,19.3,0,0.0,Medio,18.0,aprobado
25.3,89.6,11.8,0,0.0,Alto,18.5,aprobado
7.8,52.9,9.2,1,29.0,Medio,9.0,reprobado
20.5,62.5,15.8,0,0.0,Alto,19.4,aprobado
,62.9,19.8,0,0.0,Bajo,13.3,en_riesgo
23.0,95.0,,0,0.0,Medio,18.2,aprobado
6.8,47.0,6.4,0,0.0,Bajo,7.3,reprobado
4.8,66.4,19.1,0,0.0,Bajo,12.0,en_riesgo
16.2,78.8,14.8,0,0.0,Medio,15.1,aprobado
18.5,78.8,9.7,1,45.0,Medio,12.7,en_riesgo
,74.2,9.0,1,22.0,Alto,11.9,en_riesgo
,47.1,5.3,1,36.0,BAJO,7.6,reprobado
7.3,97.8,8.1,0,0.0,Bajo,12.7,en_riesgo
21.0,68.6,15.9,0,0.0,Bajo,18.8,aprobado
15.1,95.0,13.9,1,8.0,Medio,15.9,aprobado
1.4,76.8,15.9,1,46.0,Medio,12.0,en_riesgo
29.2,61.3,9.6,0,0.0,Bajo,17.7,aprobado
26.4,95.0,8.5,0,0.0,Medio,17.2,aprobado
20.0,63.5,19.8,0,0.0,Bajo,19.4,aprobado
7.0,80.7,15.3,1,45.0,Medio,13.3,en_riesgo
19.0,75.8,6.5,1,25.0,Bajo,9.6,reprobado
1.4,99.6,9.1,0,0.0,Bajo,8.8,reprobado
21.9,72.0,6.1,1,30.0,Bajo,11.4,en_riesgo
26.6,95.1,9.4,1,47.0,Bajo,13.9,en_riesgo
2.8,84.2,16.4,0,0.0,Medio,13.3,en_riesgo
13.2,67.8,9.4,1,9.0,Alto,13.1,en_riesgo
2.6,48.8,17.3,0,0.0,Bajo,10.8,reprobado
3.5,59.8,7.9,0,0.0,Alto,7.4,reprobado
11.1,67.7,6.1,0,0.0,Medio,10.9,reprobado
17.5,48.3,19.9,1,20.0,Bajo,16.9,aprobado
19.8,72.3,6.9,0,0.0,Medio,14.5,aprobado
8.4,98.0,13.6,0,0.0,Medio,15.7,aprobado
24.4,50.0,9.0,0,0.0,Alto,16.7,aprobado
14.2,86.5,5.0,1,22.0,Alto,11.7,en_riesgo
7.8,73.7,19.0,0,0.0,Medio,15.8,aprobado
27.9,41.9,8.2,1,33.0,Bajo,10.3,reprobado
17.2,55.0,6.5,0,0.0,Bajo,7.1,reprobado
14.4,79.9,18.3,0,0.0,Alto,16.3,aprobado
19.4,85.4,9.9,0,0.0,Bajo,13.5,en_riesgo
21.0,90.1,17.4,1,21.0,Medio,18.3,aprobado
6.0,64.1,13.2,1,14.0,Medio,11.3,en_riesgo
2.4,96.4,18.8,1,12.0,Medio,12.8,en_riesgo
1.8,92.9,8.1,1,11.0,Bajo,8.1,reprobado
7.4,92.2,6.6,0,0.0,Bajo,9.5,reprobado
,46.6,7.2,0,0.0,Medio,9.3,reprobado
29.4,83.1,12.5,0,0.0,Medio,18.0,aprobado
23.6,60.9,5.1,0,0.0,Bajo,12.4,en_riesgo
4.7,95.5,5.5,1,40.0,Bajo,5.7,reprobado
12.6,81.0,10.4,0,0.0,Bajo,12.1,en_riesgo
27.9,57.0,10.1,0,0.0,Alto,14.9,aprobado
16.0,84.2,5.6,0,0.0,Medio,11.8,en_riesgo
16.5,73.3,7.3,1,0.0,Alto,12.1,en_riesgo
1.7,73.3,14.3,1,24.0,Bajo,7.9,reprobado
17.0,45.4,8.8,1,11.0,Bajo,10.9,reprobado
18.8,58.8,10.9,1,17.0,Alto,15.3,aprobado
,72.5,13.0,1,15.0,Alto,12.8,en_riesgo
17.1,40.5,8.2,1,8.0,Medio,7.8,reprobado
4.3,97.1,11.9,0,0.0,Alto,13.0,en_riesgo
1.3,72.5,9.1,1,12.0,Bajo,7.2,reprobado
4.3,46.7,,0,0.0,Bajo,5.0,reprobado
,85.5,12.3,1,11.0,Medio,11.8,en_riesgo
28.9,41.0,14.2,0,0.0,Bajo,18.5,aprobado
13.5,70.1,16.3,1,29.0,Bajo,14.1,aprobado
13.4,77.5,,0,0.0,Bajo,16.3,aprobado
9.1,56.8,8.9,0,0.0,Alto,10.4,reprobado
24.7,60.8,,0,0.0,Alto,20.0,aprobado
4.2,94.4,15.9,0,0.0,Medio,12.9,en_riesgo
9.9,61.5,,0,0.0,Alto,13.4,en_riesgo
5.4,47.4,14.1,0,0.0,Medio,11.8,en_riesgo
18.4,83.8,13.3,1,34.0,Medio,15.4,aprobado
29.6,81.7,9.7,0,0.0,Medio,16.2,aprobado
12.9,68.2,7.4,0,0.0,Bajo,10.2,reprobado
7.7,71.7,11.8,0,0.0,ALTO,13.9,en_riesgo
26.0,68.4,12.9,0,0.0,Alto,18.2,aprobado
17.8,93.6,9.7,1,31.0,Bajo,10.4,reprobado
14.5,94.8,5.6,1,9.0,Medio,12.6,en_riesgo
15.6,82.9,8.2,1,36.0,Medio,14.4,aprobado
5.5,79.1,16.5,1,35.0,Bajo,8.7,reprobado
5.5,83.7,10.9,0,0.0,medio,11.2,en_riesgo
3.2,62.5,19.8,0,0.0,Bajo,15.1,aprobado
28.3,88.6,13.1,0,0.0,Medio,18.1,aprobado
29.9,97.8,12.6,0,0.0,Medio,20.0,aprobado
11.2,54.9,16.8,0,0.0,Medio,14.2,aprobado
28.4,57.7,8.0,0,0.0,Alto,18.4,aprobado
24.6,89.2,8.8,1,44.0,Medio,15.2,aprobado
,83.6,19.9,0,0.0,Bajo,15.2,aprobado
,95.2,16.4,0,0.0,Alto,16.9,aprobado
29.9,66.3,13.2,0,0.0,Bajo,17.3,aprobado
20.8,58.1,7.8,0,0.0,Medio,14.7,aprobado
16.2,69.7,15.6,0,0.0,Medio,17.2,aprobado
,72.4,8.8,1,24.0,Medio,17.9,aprobado
14.4,65.8,18.5,0,0.0,Bajo,15.5,aprobado
13.8,64.4,,1,31.0,Medio,11.9,en_riesgo
13.3,83.9,,1,12.0,Alto,17.4,aprobado
23.3,41.5,13.3,0,0.0,Alto,17.5,aprobado
9.0,70.3,13.2,1,41.0,Medio,10.3,reprobado
13.5,85.5,5.8,0,0.0,Alto,13.8,en_riesgo
11.2,40.7,10.5,1,46.0,Bajo,6.5,reprobado
14.0,43.8,17.9,1,23.0,Medio,16.1,aprobado
16.6,57.8,5.6,1,16.0,ALTO,11.7,en_riesgo
1.1,47.8,11.9,0,0.0,Alto,10.5,reprobado
11.4,98.3,8.8,0,0.0,Medio,12.3,en_riesgo
28.6,99.8,10.6,1,0.0,Medio,18.2,aprobado
17.7,72.4,11.0,0,0.0,Bajo,15.8,aprobado
10.7,85.8,13.1,0,0.0,MEDIO,13.1,en_riesgo
12.1,61.4,13.6,0,0.0,Bajo,11.5,en_riesgo
9.9,86.3,12.6,0,0.0,Medio,13.9,en_riesgo
,95.3,14.5,1,34.0,Medio,17.0,aprobado
23.7,46.0,12.5,1,37.0,Medio,14.0,aprobado
4.4,48.9,13.3,0,0.0,Alto,8.5,reprobado
23.8,70.1,17.1,0,0.0,Medio,20.0,aprobado
24.1,51.4,7.6,0,0.0,Bajo,13.9,en_riesgo
21.3,55.6,17.0,0,0.0,Bajo,16.3,aprobado
9.4,47.9,5.7,1,11.0,Medio,7.6,reprobado
12.1,84.1,13.6,0,0.0,Alto,13.3,en_riesgo
28.8,75.2,10.1,0,0.0,Alto,17.8,aprobado
,65.0,18.1,0,0.0,Medio,16.6,aprobado
6.4,59.2,16.6,0,0.0,Medio,12.1,en_riesgo
22.9,47.6,10.7,1,0.0,Alto,15.2,aprobado
17.4,97.4,18.2,0,0.0,Medio,18.1,aprobado
22.4,81.4,8.6,1,26.0,Bajo,14.1,aprobado
28.8,50.5,14.4,0,0.0,Medio,19.1,aprobado
26.7,99.4,19.8,0,0.0,Medio,20.0,aprobado
2.5,90.6,16.7,0,0.0,Bajo,11.5,en_riesgo
8.2,81.8,8.4,0,0.0,Bajo,10.6,reprobado
2.5,74.1,,1,16.0,Medio,6.1,reprobado
6.4,86.1,9.0,0,0.0,Bajo,8.7,reprobado
16.2,77.2,17.1,1,26.0,Medio,17.2,aprobado
26.4,42.9,16.5,1,32.0,Bajo,15.0,aprobado
10.7,94.1,7.3,0,0.0,Medio,11.0,en_riesgo
21.1,91.6,15.7,0,0.0,Medio,18.6,aprobado
20.7,56.8,17.1,1,10.0,Medio,18.5,aprobado
3.6,70.0,,1,47.0,Medio,9.4,reprobado
7.2,88.8,11.0,0,0.0,Medio,12.0,en_riesgo
15.3,43.9,19.0,0,0.0,Medio,16.2,aprobado
29.1,59.0,11.8,1,16.0,Bajo,19.5,aprobado
21.8,41.1,6.9,1,36.0,Bajo,9.7,reprobado
21.6,49.5,8.1,1,46.0,Medio,10.1,reprobado
,64.0,9.0,0,0.0,Alto,15.4,aprobado
11.1,86.8,12.2,0,0.0,Bajo,14.9,aprobado
18.7,68.5,16.4,0,0.0,MEDIO,18.7,aprobado
5.1,89.4,19.8,0,0.0,Bajo,14.6,aprobado
24.1,63.2,,0,0.0,MEDIO,18.2,aprobado
24.1,99.1,10.6,1,10.0,Bajo,18.0,aprobado
17.6,58.6,17.7,1,22.0,Bajo,14.2,aprobado
9.1,45.3,13.7,1,20.0,Bajo,10.9,reprobado
23.1,61.7,7.5,1,32.0,Bajo,13.1,en_riesgo
13.8,84.0,11.7,1,40.0,Alto,13.4,en_riesgo
11.4,69.3,5.8,0,0.0,Medio,8.6,reprobado
2.5,60.5,16.2,1,34.0,Medio,10.1,reprobado
5.3,79.4,11.9,1,13.0,Alto,11.9,en_riesgo
28.2,89.8,13.2,0,0.0,Medio,18.4,aprobado
29.6,62.3,7.7,0,0.0,Medio,17.6,aprobado
18.7,61.1,10.1,1,16.0,Alto,15.3,aprobado
29.0,47.2,13.6,1,35.0,Alto,17.7,aprobado
,51.0,13.6,0,0.0,Alto,13.0,en_riesgo
14.8,63.0,16.4,0,0.0,Medio,14.5,aprobado
,49.0,15.8,0,0.0,Alto,15.6,aprobado
3.9,40.8,6.3,0,0.0,Bajo,6.7,reprobado
9.9,87.2,17.5,0,0.0,Medio,16.5,aprobado
7.4,71.5,5.1,0,0.0,Bajo,8.4,reprobado
26.8,42.2,17.8,0,0.0,Alto,19.7,aprobado
26.7,77.5,7.6,1,18.0,Medio,14.7,aprobado
15.6,45.2,19.0,1,47.0,Bajo,12.6,en_riesgo
12.0,62.8,10.9,0,0.0,Bajo,12.7,en_riesgo
18.0,67.7,9.4,1,36.0,Medio,12.7,en_riesgo
10.7,49.7,8.9,0,0.0,Alto,10.3,reprobado
11.1,40.4,14.2,0,0.0,Medio,12.8,en_riesgo
18.1,98.0,13.4,1,10.0,Alto,16.5,aprobado
15.6,49.1,12.5,0,0.0,Bajo,12.9,en_riesgo
19.8,76.4,7.3,1,12.0,Medio,15.1,aprobado
16.3,56.8,14.9,0,0.0,Medio,15.8,aprobado
2.3,91.6,15.3,0,0.0,Medio,12.9,en_riesgo
10.0,54.3,,1,21.0,Medio,10.0,reprobado
,65.5,10.9,0,0.0,Bajo,13.8,en_riesgo
14.5,51.5,11.2,1,20.0,Medio,12.2,en_riesgo
15.2,47.0,6.4,1,39.0,Medio,8.7,reprobado
29.3,57.2,19.1,1,19.0,Medio,16.9,aprobado
19.1,50.8,10.7,0,0.0,Medio,13.4,en_riesgo
24.6,61.3,18.1,0,0.0,Alto,20.0,aprobado
20.7,69.1,18.1,1,18.0,Alto,19.0,aprobado
,75.4,18.3,0,0.0,Medio,16.7,aprobado
9.1,58.1,14.9,1,25.0,Medio,11.2,en_riesgo
4.7,54.8,5.1,0,0.0,Bajo,6.8,reprobado
15.4,70.7,6.4,1,22.0,Medio,9.6,reprobado
4.3,55.8,8.7,0,0.0,Alto,9.4,reprobado
29.3,95.3,7.7,0,0.0,Medio,19.0,aprobado
,98.4,7.4,1,29.0,Alto,10.4,reprobado
24.4,68.2,11.7,0,0.0,Bajo,13.7,en_riesgo
10.2,98.0,,1,42.0,Alto,9.4,reprobado
27.3,45.5,10.0,0,0.0,Alto,16.0,aprobado
14.0,65.1,10.8,1,9.0,Medio,11.7,en_riesgo
24.3,65.2,12.8,0,0.0,Medio,17.6,aprobado
1.2,55.7,15.4,1,22.0,Alto,9.3,reprobado
26.1,48.7,16.8,0,0.0,Alto,19.4,aprobado
14.5,61.9,7.6,0,0.0,Medio,10.8,reprobado
11.4,84.2,18.7,1,27.0,Bajo,14.8,aprobado
7.5,65.0,13.5,1,37.0,Bajo,10.7,reprobado
21.1,71.9,8.6,0,0.0,Bajo,13.2,en_riesgo
18.0,56.9,,1,27.0,Medio,10.0,reprobado
,51.5,17.9,1,44.0,Bajo,10.7,reprobado
23.3,66.8,16.3,1,47.0,Alto,18.7,aprobado
25.4,85.7,,1,34.0,Alto,16.7,aprobado
,56.0,17.0,1,8.0,Medio,18.8,aprobado
15.2,55.5,5.1,1,28.0,Medio,9.0,reprobado
,46.6,14.2,1,24.0,Bajo,9.6,reprobado
22.3,79.8,9.3,1,43.0,Medio,13.1,en_riesgo
25.6,60.5,13.7,1,29.0,BAJO,18.0,aprobado
30.0,96.6,19.7,0,0.0,Alto,20.0,aprobado
2.0,86.5,,0,0.0,Bajo,10.1,reprobado
13.4,56.7,5.2,1,9.0,Medio,10.1,reprobado
,69.8,6.8,1,0.0,Medio,8.5,reprobado
,85.4,17.7,0,0.0,Alto,20.0,aprobado
15.3,42.1,19.5,0,0.0,Medio,17.0,aprobado
,64.0,8.6,1,23.0,BAJO,9.3,reprobado
7.1,65.3,5.8,1,23.0,Medio,8.0,reprobado
22.3,76.5,5.4,1,39.0,Bajo,12.0,en_riesgo
1.3,80.6,11.1,1,35.0,medio,8.4,reprobado
15.2,71.9,13.2,0,0.0,Bajo,12.4,en_riesgo
18.3,68.2,14.6,0,0.0,Medio,15.9,aprobado
,41.5,8.5,0,0.0,Medio,6.3,reprobado
19.6,65.1,6.3,0,0.0,Medio,12.6,en_riesgo
,83.4,19.0,1,38.0,Bajo,10.2,reprobado
,69.1,14.3,0,0.0,Medio,13.7,en_riesgo
12.2,66.9,19.2,0,0.0,Alto,20.0,aprobado
12.9,98.7,10.6,1,28.0,Medio,13.0,en_riesgo
10.1,54.5,10.1,1,33.0,Bajo,10.2,reprobado
13.4,70.7,8.2,0,0.0,Bajo,10.6,reprobado
29.8,87.0,18.6,0,0.0,Bajo,20.0,aprobado
10.5,88.5,9.9,1,46.0,Alto,9.6,reprobado
5.4,85.6,,0,0.0,Medio,13.3,en_riesgo
14.1,99.2,18.6,0,0.0,Alto,19.2,aprobado
13.5,72.5,15.3,1,31.0,Medio,11.9,en_riesgo
23.9,92.8,18.3,0,0.0,Medio,20.0,aprobado
4.1,53.6,18.2,0,0.0,Medio,11.7,en_riesgo
,71.7,15.6,0,0.0,Alto,19.4,aprobado
21.6,51.9,14.3,1,17.0,Bajo,13.8,en_riesgo
18.0,59.0,15.5,1,10.0,MEDIO,15.4,aprobado
12.0,42.9,11.6,1,41.0,Bajo,11.4,en_riesgo
19.4,94.8,8.3,1,33.0,Alto,13.0,en_riesgo
12.2,74.8,8.8,0,0.0,Medio,10.4,reprobado
9.8,75.8,18.4,0,0.0,Medio,13.4,en_riesgo
10.4,56.2,14.3,0,0.0,Bajo,10.2,reprobado
,94.1,18.9,0,0.0,Medio,16.6,aprobado
13.5,66.1,17.9,0,0.0,Bajo,12.4,en_riesgo
9.3,59.9,12.7,0,0.0,Bajo,9.9,reprobado
24.4,61.0,6.8,0,0.0,Bajo,13.4,en_riesgo
6.1,58.8,6.7,1,42.0,Medio,4.7,reprobado
9.7,89.9,8.7,0,0.0,Alto,10.5,reprobado
3.1,42.9,6.7,1,15.0,Bajo,5.2,reprobado
,97.1,11.6,0,0.0,Medio,16.4,aprobado
28.1,73.3,,0,0.0,Medio,18.1,aprobado
28.9,96.4,5.8,1,11.0,Bajo,15.2,aprobado
18.7,86.7,14.5,0,0.0,Bajo,14.0,aprobado
16.8,46.6,,1,18.0,Medio,12.7,en_riesgo
19.2,78.2,10.8,0,0.0,Medio,13.1,en_riesgo
2.8,48.1,16.1,1,25.0,Bajo,11.3,en_riesgo
22.7,70.9,12.0,0,0.0,Medio,15.7,aprobado
3.5,74.0,11.1,0,0.0,Alto,11.8,en_riesgo
6.1,96.8,7.9,0,0.0,Bajo,9.7,reprobado
18.2,55.1,13.2,1,20.0,Bajo,14.7,aprobado
27.7,89.5,17.2,0,0.0,Bajo,20.0,aprobado
5.3,61.3,12.6,0,0.0,Medio,9.2,reprobado
,88.3,,1,27.0,Medio,17.4,aprobado
10.9,78.5,7.5,0,0.0,Alto,12.8,en_riesgo
12.4,90.3,7.8,0,0.0,Medio,11.2,en_riesgo
,70.6,11.4,1,15.0,Alto,16.0,aprobado
21.3,83.0,10.4,1,23.0,ALTO,15.2,aprobado
29.2,78.8,15.5,1,38.0,Bajo,16.9,aprobado
15.0,46.3,7.3,0,0.0,Medio,11.7,en_riesgo
1.8,98.7,10.6,0,0.0,Medio,11.9,en_riesgo
,86.0,6.0,0,0.0,Alto,14.1,aprobado
16.5,63.1,8.0,0,0.0,Alto,12.6,en_riesgo
4.8,57.2,9.6,0,0.0,Bajo,9.1,reprobado
13.4,66.8,8.5,0,0.0,Bajo,11.4,en_riesgo
1.1,67.5,5.4,0,0.0,Medio,9.1,reprobado
21.9,74.7,8.0,1,45.0,Bajo,13.9,en_riesgo
17.0,75.3,14.4,0,0.0,Medio,18.4,aprobado
8.0,98.6,11.7,1,10.0,medio,10.7,reprobado
3.3,78.1,11.7,1,34.0,Bajo,9.4,reprobado
18.3,50.4,11.9,0,0.0,Medio,12.3,en_riesgo
3.5,53.1,10.6,1,12.0,Medio,8.5,reprobado
28.2,94.9,16.7,1,42.0,Alto,20.0,aprobado
20.8,64.6,15.2,0,0.0,Medio,16.5,aprobado
25.3,75.5,14.2,1,29.0,Medio,16.9,aprobado
28.1,96.4,19.9,1,12.0,Medio,20.0,aprobado
14.6,89.7,16.7,0,0.0,Medio,18.2,aprobado
3.7,64.4,7.6,1,41.0,MEDIO,6.2,reprobado
20.5,72.9,19.4,1,45.0,Alto,17.0,aprobado
2.8,63.6,17.7,0,0.0,Medio,13.1,en_riesgo
24.6,40.8,12.4,0,0.0,bajo,14.1,aprobado
18.6,82.1,19.8,1,37.0,Medio,18.7,aprobado
2.5,59.2,,0,0.0,Alto,14.6,aprobado
19.7,45.8,15.1,1,24.0,Medio,15.2,aprobado
5.2,95.5,6.2,0,0.0,Bajo,8.7,reprobado
10.2,74.9,14.3,1,34.0,Bajo,11.0,en_riesgo
15.9,43.5,17.8,0,0.0,Medio,15.4,aprobado
18.3,70.2,14.3,0,0.0,Medio,14.5,aprobado
8.7,80.3,6.1,1,31.0,Medio,9.8,reprobado
19.9,41.3,7.7,0,0.0,Bajo,10.5,reprobado
18.7,65.4,12.0,1,23.0,Bajo,10.7,reprobado
25.3,83.2,10.9,0,0.0,Medio,15.7,aprobado
24.0,63.4,9.8,1,30.0,Bajo,14.5,aprobado
,43.9,12.8,0,0.0,Medio,16.8,aprobado
3.1,69.4,18.9,1,39.0,Bajo,10.8,reprobado
25.5,70.5,18.0,0,0.0,Medio,19.4,aprobado
7.1,90.6,13.5,0,0.0,Alto,14.2,aprobado
12.0,42.7,5.7,0,0.0,Bajo,5.8,reprobado
8.2,86.8,10.2,0,0.0,Medio,12.7,en_riesgo
4.2,73.1,7.7,0,0.0,Medio,9.5,reprobado
24.5,47.6,8.0,0,0.0,alto,15.5,aprobado
26.7,62.4,13.6,0,0.0,Alto,17.2,aprobado
18.9,69.7,15.7,0,0.0,Alto,17.8,aprobado
5.3,69.3,13.3,0,0.0,Bajo,10.4,reprobado
,68.3,18.6,1,19.0,Alto,17.7,aprobado
29.2,71.7,16.2,1,19.0,Alto,20.0,aprobado
12.9,41.6,13.9,0,0.0,Bajo,14.7,aprobado
4.2,77.6,5.4,0,0.0,alto,10.2,reprobado
29.9,58.1,18.7,0,0.0,Bajo,20.0,aprobado
27.2,95.8,14.0,0,0.0,Bajo,19.0,aprobado
7.2,95.7,8.0,0,0.0,Alto,10.6,reprobado
,63.0,11.7,0,0.0,Bajo,11.6,en_riesgo
,78.2,15.0,0,0.0,Bajo,14.5,aprobado
8.1,55.6,8.9,0,0.0,Medio,10.3,reprobado
2.5,89.7,14.5,1,14.0,Medio,12.1,en_riesgo
5.0,71.6,13.3,0,0.0,Alto,11.2,en_riesgo
28.2,75.0,14.7,0,0.0,Bajo,18.7,aprobado
,99.2,7.8,0,0.0,Medio,16.2,aprobado
5.1,56.9,9.6,1,21.0,Bajo,9.3,reprobado
27.1,47.7,18.0,0,0.0,Medio,18.1,aprobado
7.6,83.0,13.7,1,35.0,Alto,11.5,en_riesgo
12.5,63.8,6.1,1,17.0,Medio,10.3,reprobado
19.5,73.9,12.4,0,0.0,Bajo,16.8,aprobado
27.2,90.1,6.3,0,0.0,Bajo,14.1,aprobado
17.7,69.3,6.5,1,18.0,Medio,13.1,en_riesgo
23.0,99.5,10.3,0,0.0,Medio,17.4,aprobado
18.7,97.4,14.3,0,0.0,MEDIO,19.2,aprobado
16.6,98.1,10.3,0,0.0,Alto,15.8,aprobado
28.1,62.4,16.7,1,17.0,Medio,18.9,aprobado
3.0,55.5,15.4,1,13.0,Bajo,10.1,reprobado
25.9,99.2,7.3,0,0.0,Medio,17.0,aprobado
25.9,61.5,5.7,1,43.0,Medio,10.1,reprobado
9.0,89.3,,1,13.0,Medio,11.4,en_riesgo
,43.2,7.5,1,29.0,Alto,13.8,en_riesgo
8.7,84.2,15.4,0,0.0,Medio,13.5,en_riesgo
25.3,93.2,9.8,0,0.0,Alto,17.7,aprobado
1.1,52.9,9.1,1,24.0,Bajo,4.7,reprobado
21.3,60.5,6.3,0,0.0,Bajo,13.3,en_riesgo
10.6,44.0,5.9,0,0.0,Medio,8.7,reprobado
,42.4,8.2,0,0.0,Medio,9.4,reprobado
11.8,44.6,7.3,1,32.0,Alto,10.0,reprobado
24.1,81.1,9.5,0,0.0,Alto,18.3,aprobado
,59.6,10.9,0,0.0,Medio,11.5,en_riesgo
8.1,85.2,10.9,1,45.0,Bajo,10.6,reprobado
19.0,94.4,17.1,0,0.0,Bajo,16.8,aprobado
1.2,75.6,8.5,1,21.0,Bajo,7.2,reprobado
13.3,84.4,15.8,0,0.0,ALTO,18.1,aprobado
1.8,56.6,11.3,0,0.0,Medio,8.7,reprobado
7.6,60.6,14.5,1,10.0,Bajo,11.4,en_riesgo
10.8,93.2,15.2,1,32.0,Bajo,13.5,en_riesgo
22.6,61.3,5.4,0,0.0,Medio,12.7,en_riesgo
21.0,59.6,8.8,0,0.0,Bajo,12.2,en_riesgo
7.4,70.7,14.1,1,43.0,Medio,10.5,reprobado
15.8,61.6,18.3,0,0.0,Medio,15.2,aprobado
7.8,89.6,7.9,0,0.0,Medio,10.4,reprobado
1.7,79.2,5.6,0,0.0,Medio,8.7,reprobado
18.7,44.9,12.0,0,0.0,Medio,15.0,aprobado
22.3,73.3,12.1,0,0.0,Medio,16.9,aprobado
29.4,56.1,9.0,0,0.0,Bajo,14.6,aprobado
20.4,74.4,8.8,1,16.0,Medio,14.5,aprobado
26.9,45.5,5.6,1,18.0,Bajo,11.7,en_riesgo
28.6,92.6,15.9,0,0.0,Alto,20.0,aprobado
24.2,53.1,5.9,1,35.0,Medio,11.6,en_riesgo
25.9,72.8,19.9,1,8.0,Medio,20.0,aprobado
1.3,54.3,6.7,1,29.0,Bajo,6.0,reprobado
19.3,82.8,20.0,0,0.0,Medio,18.6,aprobado
18.6,90.9,13.2,0,0.0,Alto,16.9,aprobado
5.3,77.7,8.8,0,0.0,Medio,10.0,reprobado
9.6,85.9,9.7,0,0.0,Bajo,12.4,en_riesgo
23.5,93.4,5.5,0,0.0,Medio,14.6,aprobado
25.5,82.5,5.0,1,23.0,Alto,16.9,aprobado
9.1,87.4,,1,33.0,Bajo,12.9,en_riesgo
13.0,75.2,10.2,1,19.0,Bajo,10.1,reprobado
,87.8,12.5,1,18.0,Bajo,16.4,aprobado
16.3,48.2,13.0,0,0.0,Alto,13.2,en_riesgo
19.4,53.1,16.1,0,0.0,Medio,17.3,aprobado
14.3,55.3,12.9,1,41.0,Medio,13.0,en_riesgo
11.0,68.9,,0,0.0,Medio,9.6,reprobado
20.0,56.6,17.9,0,0.0,MEDIO,16.9,aprobado
23.9,87.4,13.0,1,8.0,Bajo,20.0,aprobado
13.8,90.9,12.1,0,0.0,Alto,17.2,aprobado
29.5,46.5,9.2,0,0.0,Medio,15.9,aprobado
23.9,84.2,10.3,1,17.0,Bajo,15.0,aprobado
7.6,68.2,16.8,0,0.0,Alto,14.3,aprobado
27.3,46.5,15.1,1,38.0,Alto,18.7,aprobado
10.9,72.7,18.2,0,0.0,Medio,17.4,aprobado
11.5,96.1,13.2,1,10.0,Medio,15.7,aprobado
3.5,71.3,13.8,0,0.0,Medio,11.7,en_riesgo
,63.9,11.6,0,0.0,Medio,13.3,en_riesgo
29.2,57.5,8.8,0,0.0,Alto,17.6,aprobado
7.5,51.8,11.8,1,31.0,Bajo,8.4,reprobado
7.1,90.8,6.9,1,20.0,Medio,7.5,reprobado
4.2,90.3,16.4,1,41.0,Bajo,8.5,reprobado
23.2,59.3,7.6,0,0.0,Medio,13.5,en_riesgo
10.7,43.8,14.9,0,0.0,Bajo,11.9,en_riesgo
4.8,75.3,14.1,1,12.0,Bajo,10.3,reprobado
5.5,67.9,8.8,0,0.0,Alto,11.8,en_riesgo
11.4,73.1,19.2,1,26.0,Alto,17.0,aprobado
9.8,65.5,16.8,1,14.0,Medio,15.6,aprobado
10.8,67.5,18.4,0,0.0,Medio,14.2,aprobado
27.5,64.8,12.9,0,0.0,Bajo,15.8,aprobado
18.7,65.3,16.0,1,28.0,Bajo,15.9,aprobado
11.8,84.5,7.6,0,0.0,Medio,13.1,en_riesgo
17.2,71.3,6.2,0,0.0,Medio,11.7,en_riesgo
20.6,78.7,10.6,0,0.0,Bajo,15.7,aprobado
5.9,64.7,11.4,1,13.0,Medio,10.4,reprobado
25.1,48.3,8.0,1,16.0,Medio,13.7,en_riesgo
1.4,48.1,9.9,0,0.0,Medio,9.5,reprobado
7.0,76.9,12.8,1,31.0,Medio,8.7,reprobado
11.8,91.5,,1,42.0,Medio,10.2,reprobado
12.9,71.9,8.0,0,0.0,Alto,11.8,en_riesgo
3.8,67.1,9.1,1,31.0,Medio,8.2,reprobado
6.8,91.9,16.2,0,0.0,Bajo,12.5,en_riesgo
15.5,73.6,,1,31.0,Medio,11.6,en_riesgo
4.1,76.5,15.5,1,41.0,Alto,11.1,en_riesgo
16.6,47.4,8.8,0,0.0,Bajo,10.3,reprobado
27.9,88.5,7.7,1,31.0,Bajo,15.7,aprobado
9.8,65.6,14.9,0,0.0,Medio,14.7,aprobado
21.4,78.2,18.5,1,39.0,Alto,17.7,aprobado
10.6,90.6,15.7,0,0.0,Medio,18.2,aprobado
13.0,41.6,19.6,1,38.0,Alto,15.2,aprobado
20.0,63.3,7.7,1,17.0,BAJO,12.3,en_riesgo
11.1,63.8,7.3,1,21.0,Medio,7.2,reprobado
1.4,48.9,15.9,0,0.0,Medio,10.4,reprobado
22.5,74.0,16.2,0,0.0,Bajo,15.8,aprobado
4.2,69.0,9.8,1,28.0,Alto,7.9,reprobado
21.5,43.0,7.5,1,25.0,Alto,12.3,en_riesgo
2.0,72.9,11.7,0,0.0,Medio,10.8,reprobado
2.5,60.0,15.6,0,0.0,Medio,12.5,en_riesgo
7.7,91.3,15.6,0,0.0,Medio,13.1,en_riesgo
11.3,42.8,19.3,1,20.0,Bajo,11.0,en_riesgo
27.1,64.7,8.5,0,0.0,Medio,15.5,aprobado
23.0,66.8,13.5,0,0.0,Bajo,17.8,aprobado
19.8,57.0,8.4,0,0.0,Medio,12.6,en_riesgo
13.7,94.3,,0,0.0,Medio,11.3,en_riesgo
16.4,62.6,18.5,0,0.0,Bajo,16.4,aprobado
25.9,45.6,14.5,1,24.0,Alto,18.2,aprobado
,46.5,12.1,0,0.0,Bajo,11.0,en_riesgo
15.0,75.1,5.6,0,0.0,Bajo,9.8,reprobado
7.6,45.1,12.4,1,31.0,Bajo,9.0,reprobado
18.4,76.7,18.3,1,47.0,Bajo,16.6,aprobado
14.8,65.6,6.2,0,0.0,Alto,10.4,reprobado
22.7,72.7,11.2,0,0.0,Alto,16.8,aprobado
26.8,90.1,19.5,1,18.0,Bajo,19.4,aprobado
15.1,95.5,12.9,1,37.0,Medio,12.2,en_riesgo
10.3,91.5,19.9,0,0.0,Bajo,17.2,aprobado
21.9,61.7,,1,27.0,Alto,18.7,aprobado
29.1,96.7,18.4,1,27.0,Medio,20.0,aprobado
10.1,48.2,17.1,1,33.0,Medio,11.1,en_riesgo
24.1,67.9,11.0,1,12.0,MEDIO,16.2,aprobado
25.6,83.4,14.5,1,17.0,Medio,18.8,aprobado
11.6,73.8,17.2,0,0.0,Medio,14.7,aprobado
24.6,49.7,5.1,0,0.0,Medio,13.8,en_riesgo
27.1,45.0,8.8,0,0.0,Bajo,15.8,aprobado
28.5,88.3,13.0,1,20.0,Medio,19.3,aprobado
,92.9,10.6,0,0.0,MEDIO,12.4,en_riesgo
17.9,98.9,14.2,1,8.0,Medio,18.2,aprobado
18.9,46.0,12.3,0,0.0,Bajo,13.2,en_riesgo
4.9,95.4,12.9,0,0.0,Bajo,10.3,reprobado
21.5,51.4,7.0,1,21.0,Medio,11.4,en_riesgo
8.5,87.8,15.1,1,12.0,Alto,16.4,aprobado
4.8,60.5,15.5,0,0.0,Bajo,10.5,reprobado
11.1,93.0,15.3,0,0.0,Alto,16.5,aprobado
29.9,54.7,8.5,1,31.0,bajo,12.7,en_riesgo
1.0,93.1,13.6,0,0.0,Bajo,10.0,reprobado
29.9,40.3,19.9,1,22.0,Medio,16.6,aprobado
5.7,70.1,5.8,0,0.0,Medio,9.0,reprobado
8.2,44.9,5.1,0,0.0,Alto,8.6,reprobado
17.2,57.5,18.8,1,34.0,Medio,15.5,aprobado
27.9,93.2,11.1,1,14.0,Medio,15.5,aprobado
27.3,75.4,9.6,0,0.0,Alto,18.6,aprobado
10.9,89.2,12.4,0,0.0,Bajo,14.9,aprobado
25.4,94.4,13.1,1,28.0,Medio,16.3,aprobado
4.4,55.0,13.4,1,18.0,Medio,10.8,reprobado
21.1,53.2,16.3,0,0.0,Medio,17.2,aprobado
29.9,97.9,18.4,1,16.0,Alto,20.0,aprobado
4.8,89.6,6.1,1,47.0,Bajo,8.5,reprobado
1.8,100.0,9.3,1,38.0,Bajo,8.0,reprobado
24.2,41.7,13.2,0,0.0,Medio,15.1,aprobado
27.2,98.9,12.2,0,0.0,Medio,19.1,aprobado
2.2,82.9,18.1,0,0.0,Medio,14.3,aprobado
,52.8,8.4,0,0.0,Bajo,10.1,reprobado
19.3,68.8,17.4,0,0.0,Bajo,17.5,aprobado
13.0,92.7,10.3,0,0.0,Alto,15.4,aprobado
10.5,50.6,12.7,0,0.0,Alto,13.8,en_riesgo
22.9,94.7,,1,11.0,Medio,15.9,aprobado
25.9,78.0,19.2,0,0.0,Bajo,19.6,aprobado
18.2,95.2,16.9,1,32.0,Medio,17.1,aprobado
24.2,51.3,13.0,0,0.0,Bajo,15.8,aprobado
27.3,43.1,6.4,0,0.0,Medio,11.9,en_riesgo
25.6,58.1,11.0,1,47.0,Bajo,14.9,aprobado
,44.5,5.6,0,0.0,Medio,9.5,reprobado
25.7,91.5,10.8,0,0.0,Bajo,16.4,aprobado
6.4,40.4,7.1,1,28.0,Medio,7.8,reprobado
23.0,52.1,17.7,1,40.0,Alto,17.0,aprobado
13.9,90.7,14.1,0,0.0,MEDIO,16.1,aprobado
9.8,49.5,12.4,0,0.0,Medio,10.7,reprobado
10.2,40.9,11.6,1,9.0,Medio,11.1,en_riesgo
16.9,60.9,17.5,0,0.0,Medio,16.6,aprobado
5.5,99.8,13.6,0,0.0,Alto,14.6,aprobado
17.4,93.7,6.0,1,19.0,Medio,14.7,aprobado
4.7,60.2,16.3,0,0.0,Alto,15.2,aprobado
16.5,42.0,7.9,0,0.0,Medio,10.9,reprobado
20.1,94.3,15.6,0,0.0,Medio,15.6,aprobado
,89.5,8.5,0,0.0,Bajo,13.7,en_riesgo
26.6,77.8,,0,0.0,Bajo,14.6,aprobado
1.4,97.8,9.7,0,0.0,Medio,10.9,reprobado
,66.2,14.7,1,27.0,Bajo,16.0,aprobado
29.3,52.2,,1,19.0,Medio,13.8,en_riesgo
2.3,97.8,18.0,0,0.0,Alto,15.2,aprobado
24.5,70.8,14.8,0,0.0,MEDIO,18.1,aprobado
25.8,53.7,18.6,1,22.0,Medio,18.8,aprobado
13.7,59.1,15.5,0,0.0,Medio,15.3,aprobado
23.3,72.7,8.0,0,0.0,Medio,15.2,aprobado
18.6,82.9,,0,0.0,Medio,17.7,aprobado
11.9,60.2,14.0,0,0.0,Alto,12.5,en_riesgo
14.6,85.6,13.7,1,21.0,Bajo,12.7,en_riesgo
25.7,80.9,6.2,1,12.0,Bajo,13.2,en_riesgo
28.5,47.3,9.9,1,21.0,medio,13.9,en_riesgo
1.6,45.8,18.7,0,0.0,Medio,8.4,reprobado
8.4,82.0,13.9,1,24.0,Medio,15.1,aprobado
25.7,81.1,18.8,1,42.0,Alto,20.0,aprobado
,91.3,14.4,1,15.0,Medio,15.2,aprobado
17.0,46.7,15.8,1,40.0,Alto,15.4,aprobado
14.9,87.7,12.4,0,0.0,Bajo,14.9,aprobado
27.6,52.1,14.7,1,29.0,Medio,18.3,aprobado
16.4,94.4,19.5,1,46.0,Bajo,16.6,aprobado
15.3,87.7,12.9,1,42.0,Alto,13.7,en_riesgo
1.7,53.8,19.5,1,46.0,Bajo,9.5,reprobado
13.6,40.3,17.6,1,42.0,Medio,12.9,en_riesgo
4.5,97.7,17.3,0,0.0,Bajo,13.0,en_riesgo
3.7,75.3,18.1,1,16.0,Bajo,12.7,en_riesgo
21.0,92.1,16.1,0,0.0,Alto,20.0,aprobado
2.3,78.7,13.4,1,27.0,alto,9.2,reprobado
6.2,91.0,6.7,0,0.0,BAJO,9.8,reprobado
2.1,63.2,13.5,1,42.0,Bajo,7.3,reprobado
16.9,87.7,19.8,1,21.0,Medio,17.1,aprobado
27.1,98.8,11.7,0,0.0,Bajo,20.0,aprobado
14.0,84.9,5.3,1,14.0,Alto,12.5,en_riesgo
7.0,73.2,18.4,1,42.0,Bajo,14.3,aprobado
,81.6,8.6,0,0.0,Medio,13.2,en_riesgo
18.9,51.6,,0,0.0,Alto,15.6,aprobado
,93.4,17.5,0,0.0,Bajo,20.0,aprobado
28.0,82.7,15.4,0,0.0,MEDIO,17.7,aprobado
27.7,72.7,6.2,0,0.0,Alto,15.3,aprobado
12.1,68.2,19.3,1,35.0,Medio,13.8,en_riesgo
10.9,86.2,13.4,0,0.0,Bajo,13.6,en_riesgo
13.0,73.3,12.3,1,36.0,Medio,13.5,en_riesgo
22.1,43.3,18.2,1,44.0,Alto,16.9,aprobado
20.7,42.1,11.9,0,0.0,Medio,13.7,en_riesgo
22.2,59.9,,0,0.0,bajo,13.2,en_riesgo
12.6,41.1,,0,0.0,Medio,10.8,reprobado
13.0,63.6,16.4,1,18.0,Alto,15.4,aprobado
6.1,47.1,16.6,0,0.0,Bajo,11.4,en_riesgo
29.4,63.1,6.2,1,14.0,Bajo,14.8,aprobado
25.3,84.0,14.4,1,29.0,Bajo,16.7,aprobado
,48.6,17.8,0,0.0,Medio,10.9,reprobado
29.1,85.3,5.3,0,0.0,Medio,17.2,aprobado
8.0,42.0,15.2,1,9.0,Alto,14.2,aprobado
20.7,43.6,8.3,0,0.0,Bajo,12.0,en_riesgo
9.5,82.4,16.1,1,24.0,Medio,14.1,aprobado
27.6,49.9,13.1,1,42.0,Bajo,14.9,aprobado
,84.1,13.5,0,0.0,Medio,15.1,aprobado
26.7,70.5,13.3,0,0.0,Alto,19.9,aprobado
,40.2,10.8,0,0.0,Alto,17.9,aprobado
26.2,88.0,7.0,0,0.0,Medio,16.2,aprobado
23.1,86.0,14.4,1,9.0,Medio,18.4,aprobado
20.4,92.9,8.1,0,0.0,MEDIO,16.1,aprobado
14.9,49.6,8.2,0,0.0,Bajo,10.7,reprobado
22.1,87.3,11.4,1,36.0,Medio,15.3,aprobado
6.5,43.2,18.4,1,28.0,Medio,12.9,en_riesgo
22.7,99.0,14.4,1,17.0,Medio,18.6,aprobado
10.9,61.1,9.8,1,13.0,Alto,14.2,aprobado
17.9,77.9,11.6,0,0.0,Bajo,12.6,en_riesgo
14.9,82.4,7.1,0,0.0,Medio,12.1,en_riesgo
19.8,94.1,5.2,0,0.0,Medio,14.8,aprobado
21.1,53.0,5.0,0,0.0,Bajo,13.0,en_riesgo
9.3,56.8,11.0,1,27.0,Alto,12.0,en_riesgo
9.3,53.4,19.5,1,16.0,Alto,15.8,aprobado
13.0,56.4,8.9,0,0.0,Medio,10.2,reprobado
26.7,84.1,13.7,0,0.0,BAJO,19.9,aprobado
5.8,87.5,,0,0.0,Medio,10.9,reprobado
25.1,81.1,7.9,0,0.0,Medio,14.3,aprobado
24.8,59.9,19.6,0,0.0,Bajo,18.7,aprobado
4.5,77.6,,1,39.0,Bajo,8.5,reprobado
16.6,99.5,15.0,0,0.0,Bajo,15.5,aprobado
25.1,50.7,15.7,0,0.0,Medio,18.5,aprobado
5.8,74.5,,0,0.0,Medio,13.8,en_riesgo
8.8,40.5,8.3,1,34.0,Medio,8.9,reprobado
27.9,81.6,16.6,0,0.0,Alto,20.0,aprobado
1.9,60.0,,0,0.0,MEDIO,14.7,aprobado
17.0,98.3,9.5,1,15.0,Medio,11.7,en_riesgo
4.7,82.0,17.6,1,20.0,Bajo,13.8,en_riesgo
23.9,46.4,11.2,0,0.0,Bajo,15.3,aprobado
28.7,95.3,18.0,1,32.0,Alto,20.0,aprobado
,92.9,6.1,0,0.0,Medio,11.0,en_riesgo
19.2,76.6,10.4,1,20.0,Medio,13.1,en_riesgo
1.8,87.0,12.6,0,0.0,Medio,11.7,en_riesgo
14.6,58.1,13.2,0,0.0,Medio,15.5,aprobado
13.5,79.8,8.3,0,0.0,Medio,11.2,en_riesgo
28.1,81.7,12.0,0,0.0,medio,18.3,aprobado
,87.0,15.7,1,0.0,Bajo,10.7,reprobado
20.1,82.5,,1,0.0,MEDIO,15.5,aprobado
20.4,43.8,14.6,0,0.0,Alto,18.1,aprobado
13.1,88.3,6.0,0,0.0,Bajo,11.4,en_riesgo
,95.2,7.0,0,0.0,Bajo,15.4,aprobado
12.3,84.3,18.0,0,0.0,Medio,14.8,aprobado
13.1,56.3,19.5,0,0.0,Alto,16.7,aprobado
25.2,82.1,19.9,0,0.0,Alto,20.0,aprobado
12.8,61.3,5.3,1,40.0,Alto,9.2,reprobado
25.5,83.3,10.6,0,0.0,Alto,19.1,aprobado
11.5,68.9,5.2,1,12.0,Medio,8.2,reprobado
28.7,88.7,5.5,0,0.0,MEDIO,16.3,aprobado
,79.5,9.2,0,0.0,Medio,13.2,en_riesgo
10.2,63.6,6.4,0,0.0,Medio,9.1,reprobado
18.9,94.1,14.3,1,8.0,Medio,18.7,aprobado
12.0,42.0,,0,0.0,Medio,12.1,en_riesgo
25.0,50.6,17.4,1,29.0,Alto,18.8,aprobado
25.1,93.9,11.7,1,44.0,Medio,16.2,aprobado
3.1,91.0,,1,19.0,Alto,9.8,reprobado
4.1,86.7,12.6,0,0.0,Bajo,11.6,en_riesgo
12.2,51.0,14.1,1,31.0,Bajo,11.7,en_riesgo
25.0,41.9,15.8,1,45.0,Medio,15.8,aprobado
25.5,45.3,19.9,1,41.0,Medio,18.4,aprobado
20.2,57.3,5.3,0,0.0,Alto,13.5,en_riesgo
18.0,51.8,12.1,0,0.0,Alto,15.6,aprobado
28.5,80.3,19.9,0,0.0,Alto,20.0,aprobado
16.9,51.7,18.1,1,35.0,Medio,13.4,en_riesgo
22.3,43.6,18.8,1,42.0,Medio,15.3,aprobado
15.9,93.7,17.9,1,23.0,Medio,16.5,aprobado
13.8,49.4,11.9,1,20.0,Medio,13.4,en_riesgo
9.7,82.9,14.3,0,0.0,Medio,17.3,aprobado
9.3,60.3,15.4,0,0.0,BAJO,13.5,en_riesgo
4.4,75.2,18.1,1,27.0,Medio,12.7,en_riesgo
29.4,77.7,5.8,1,17.0,Medio,14.0,aprobado
13.9,81.5,,0,0.0,Bajo,12.9,en_riesgo
27.5,48.6,9.4,1,37.0,Bajo,12.8,en_riesgo
25.7,85.5,8.7,0,0.0,Bajo,15.9,aprobado
6.6,92.1,14.4,0,0.0,Medio,12.3,en_riesgo
29.9,94.9,17.3,1,33.0,Medio,20.0,aprobado
7.5,42.0,14.3,1,36.0,Alto,12.3,en_riesgo
8.8,58.0,10.5,1,8.0,Medio,11.6,en_riesgo
9.4,51.0,14.1,1,42.0,Alto,10.5,reprobado
21.3,93.6,14.2,0,0.0,Medio,18.1,aprobado
29.8,56.2,19.4,1,28.0,Medio,18.5,aprobado
25.9,46.1,8.5,1,38.0,Medio,10.9,reprobado
21.9,77.9,11.3,0,0.0,Medio,15.4,aprobado
12.3,56.1,6.2,0,0.0,Bajo,8.8,reprobado
21.2,64.7,13.8,0,0.0,Bajo,16.0,aprobado
23.3,90.6,6.2,0,0.0,Medio,14.8,aprobado
16.1,62.0,16.4,0,0.0,ALTO,14.6,aprobado
24.3,89.9,10.3,0,0.0,BAJO,15.4,aprobado
6.5,41.3,,1,24.0,Medio,7.7,reprobado
14.3,91.2,5.1,1,31.0,Bajo,10.9,reprobado
9.5,48.3,,0,0.0,Alto,12.7,en_riesgo
16.3,67.2,5.9,0,0.0,Bajo,9.9,reprobado
18.4,73.3,,0,0.0,Bajo,20.0,aprobado
13.6,53.4,13.7,0,0.0,Medio,15.2,aprobado
3.8,95.1,10.7,0,0.0,Bajo,10.6,reprobado
21.0,41.6,6.0,1,10.0,Bajo,8.6,reprobado
25.3,54.9,18.9,1,29.0,Medio,18.0,aprobado
27.7,88.6,10.4,0,0.0,Bajo,15.9,aprobado
9.2,96.5,16.8,0,0.0,Bajo,16.9,aprobado
7.5,80.3,14.5,1,19.0,Medio,12.7,en_riesgo
12.3,78.2,19.4,0,0.0,MEDIO,14.6,aprobado
4.3,41.3,14.3,1,22.0,Bajo,8.3,reprobado
11.3,62.7,7.5,0,0.0,Medio,11.7,en_riesgo
7.0,88.6,17.5,1,15.0,Alto,15.1,aprobado
18.7,63.4,9.7,0,0.0,Medio,12.6,en_riesgo
2.4,71.9,12.8,1,35.0,Bajo,10.8,reprobado
26.1,80.1,7.8,1,44.0,Bajo,11.8,en_riesgo
10.5,81.7,16.2,1,28.0,Medio,14.7,aprobado
23.8,74.8,,0,0.0,Bajo,15.6,aprobado
17.1,86.0,7.8,1,9.0,Medio,13.9,en_riesgo
27.9,67.5,18.3,1,12.0,Alto,20.0,aprobado
11.8,47.9,8.1,1,24.0,Medio,11.1,en_riesgo
20.1,94.3,16.5,0,0.0,Alto,19.3,aprobado
13.7,96.6,,0,0.0,Bajo,11.2,en_riesgo
25.0,48.9,18.9,1,35.0,Medio,17.8,aprobado
19.8,64.5,11.3,1,29.0,Medio,12.0,en_riesgo
20.7,64.6,,1,22.0,Bajo,15.1,aprobado
13.7,85.9,17.3,1,43.0,Medio,17.3,aprobado
17.0,52.6,9.6,0,0.0,Bajo,11.8,en_riesgo
25.0,64.2,17.3,0,0.0,Alto,18.8,aprobado
7.5,89.8,17.6,0,0.0,Medio,16.2,aprobado
2.8,81.3,,0,0.0,Medio,13.3,en_riesgo
23.4,95.1,12.7,0,0.0,Bajo,16.6,aprobado
25.2,83.1,,0,0.0,Bajo,15.6,aprobado
24.3,41.8,13.8,1,28.0,Medio,15.5,aprobado
4.8,92.0,10.2,0,0.0,Bajo,10.2,reprobado
7.0,76.9,9.8,1,27.0,Bajo,9.8,reprobado
28.5,62.8,5.5,0,0.0,Medio,13.7,en_riesgo
21.5,93.4,16.0,1,8.0,Alto,19.1,aprobado
6.9,85.7,10.9,0,0.0,Medio,12.1,en_riesgo
23.3,42.5,16.0,0,0.0,Medio,15.5,aprobado
24.7,68.1,8.2,1,29.0,MEDIO,13.0,en_riesgo
13.4,43.9,14.8,0,0.0,Medio,12.8,en_riesgo
24.2,71.3,18.5,1,18.0,Bajo,17.5,aprobado
11.3,92.4,14.6,0,0.0,Medio,14.3,aprobado
25.5,73.9,18.7,1,36.0,Medio,18.5,aprobado
29.6,98.3,17.5,0,0.0,Bajo,20.0,aprobado
29.5,74.5,18.0,0,0.0,Bajo,20.0,aprobado
1.5,70.0,5.1,0,0.0,Alto,7.5,reprobado
21.2,59.3,5.1,0,0.0,Alto,14.6,aprobado
23.5,67.3,,0,0.0,Alto,20.0,aprobado
22.2,97.0,10.0,0,0.0,Alto,17.9,aprobado
26.9,82.9,7.5,0,0.0,Medio,17.5,aprobado
28.7,82.8,15.2,0,0.0,Alto,20.0,aprobado
8.2,69.6,18.5,0,0.0,Medio,13.7,en_riesgo
15.1,82.2,5.8,0,0.0,Bajo,12.2,en_riesgo
12.8,60.2,8.8,0,0.0,Medio,11.2,en_riesgo
7.6,55.3,19.8,0,0.0,Medio,13.3,en_riesgo
12.7,77.1,11.1,0,0.0,Medio,12.1,en_riesgo
4.7,48.7,13.5,1,33.0,Alto,8.6,reprobado
12.9,44.7,8.4,1,29.0,Medio,9.1,reprobado
9.4,80.8,11.3,0,0.0,Medio,12.5,en_riesgo
3.6,83.3,5.5,0,0.0,Bajo,6.7,reprobado
27.6,79.2,17.7,1,35.0,Medio,18.9,aprobado
,53.1,8.9,0,0.0,Medio,13.5,en_riesgo
26.3,83.8,7.9,1,33.0,Bajo,15.7,aprobado
20.9,49.8,10.5,1,21.0,Bajo,11.0,en_riesgo
8.1,81.9,16.0,1,41.0,Medio,12.2,en_riesgo
6.7,40.8,17.0,1,42.0,Medio,11.1,en_riesgo
27.7,53.0,18.2,0,0.0,Alto,20.0,aprobado
28.7,54.2,5.8,1,18.0,Alto,13.2,en_riesgo
20.3,54.1,,0,0.0,Bajo,15.5,aprobado
28.1,81.5,16.3,0,0.0,Medio,19.6,aprobado
15.9,83.5,13.0,1,25.0,Medio,12.2,en_riesgo
20.5,80.0,5.3,0,0.0,Medio,13.1,en_riesgo
3.2,62.3,14.9,0,0.0,Alto,10.7,reprobado
29.1,78.5,12.0,1,28.0,Medio,16.8,aprobado
25.3,82.9,6.0,0,0.0,Medio,13.5,en_riesgo
26.2,76.8,18.7,1,44.0,Alto,17.5,aprobado
27.8,62.7,19.9,1,21.0,Medio,20.0,aprobado
18.4,59.3,14.8,0,0.0,Medio,14.8,aprobado
28.6,68.2,12.6,1,29.0,Bajo,14.9,aprobado
7.0,52.9,16.0,0,0.0,Medio,12.3,en_riesgo
,75.1,15.5,0,0.0,Bajo,19.2,aprobado
19.6,93.2,5.1,0,0.0,Medio,12.9,en_riesgo
7.0,67.3,19.3,0,0.0,Medio,14.7,aprobado
9.7,95.1,6.1,1,43.0,Alto,10.3,reprobado
,84.8,8.8,0,0.0,Medio,16.5,aprobado
22.2,73.6,6.4,1,40.0,Bajo,10.9,reprobado
25.0,57.5,5.1,0,0.0,Bajo,12.6,en_riesgo
25.4,75.6,15.2,1,0.0,Bajo,18.8,aprobado
8.9,70.8,16.3,1,37.0,Alto,14.3,aprobado
2.8,97.4,11.9,0,0.0,Bajo,9.5,reprobado
13.3,95.2,16.8,1,26.0,Bajo,14.8,aprobado
16.3,74.9,14.1,1,21.0,Medio,15.2,aprobado
10.6,52.0,9.8,1,31.0,Medio,8.6,reprobado
21.7,83.0,7.2,1,11.0,Medio,13.1,en_riesgo
,75.4,16.9,1,24.0,Bajo,13.3,en_riesgo
3.3,95.5,8.8,0,0.0,Bajo,9.9,reprobado
15.4,76.4,18.4,1,23.0,Alto,17.0,aprobado
27.4,59.9,14.2,1,8.0,Bajo,17.0,aprobado
23.0,83.8,,0,0.0,Medio,16.4,aprobado
6.0,53.8,14.4,0,0.0,bajo,11.4,en_riesgo
22.0,65.1,10.3,1,8.0,Medio,14.9,aprobado
8.0,74.5,16.5,1,31.0,MEDIO,13.5,en_riesgo
6.1,95.9,19.9,1,34.0,Alto,16.5,aprobado
26.8,77.5,18.6,0,0.0,Bajo,20.0,aprobado
25.4,61.3,8.8,0,0.0,Medio,13.9,en_riesgo
7.0,60.0,,1,37.0,Medio,10.4,reprobado
3.7,79.4,5.1,0,0.0,Bajo,7.1,reprobado
8.8,77.8,10.0,0,0.0,Medio,11.5,en_riesgo
26.8,69.1,14.9,1,42.0,Alto,17.7,aprobado
20.4,70.0,7.1,1,22.0,Medio,13.9,en_riesgo
9.2,88.7,6.6,0,0.0,Medio,11.5,en_riesgo
15.8,89.5,13.5,0,0.0,Medio,15.0,aprobado
28.5,64.7,11.0,0,0.0,Bajo,16.3,aprobado
29.9,44.4,16.4,1,34.0,Medio,15.3,aprobado
18.2,42.9,7.9,1,17.0,Alto,14.5,aprobado
29.2,60.9,14.7,1,30.0,Medio,20.0,aprobado
2.6,43.6,,0,0.0,MEDIO,10.2,reprobado
6.1,72.6,14.1,0,0.0,Medio,13.8,en_riesgo
20.9,63.1,8.4,1,37.0,Medio,11.4,en_riesgo
10.2,92.9,17.2,0,0.0,Bajo,12.8,en_riesgo
,93.4,18.0,1,13.0,Medio,16.9,aprobado
19.5,54.2,18.2,0,0.0,Alto,16.4,aprobado
,73.7,12.9,0,0.0,Medio,18.9,aprobado
1.2,88.8,13.1,1,28.0,Bajo,9.6,reprobado
14.8,50.6,7.8,1,16.0,Bajo,9.2,reprobado
,90.3,12.6,0,0.0,Medio,11.3,en_riesgo
25.9,82.3,9.8,1,17.0,Alto,18.0,aprobado
,61.0,10.7,1,20.0,Medio,8.2,reprobado
17.7,82.3,12.8,1,28.0,Medio,13.1,en_riesgo
27.7,84.3,14.5,1,41.0,Bajo,18.1,aprobado
2.5,98.7,12.3,1,42.0,Alto,12.6,en_riesgo
18.7,63.5,6.1,1,27.0,Medio,8.9,reprobado
3.0,48.5,,0,0.0,Alto,3.7,reprobado
14.2,87.6,9.2,1,26.0,Medio,11.6,en_riesgo
4.9,75.4,7.1,0,0.0,Alto,10.2,reprobado
8.0,53.9,,1,17.0,bajo,8.6,reprobado
3.5,41.8,10.8,1,16.0,Alto,7.9,reprobado
19.8,50.9,17.6,0,0.0,Medio,18.0,aprobado
25.2,44.4,17.0,0,0.0,Bajo,17.6,aprobado
24.8,49.3,14.3,0,0.0,medio,16.5,aprobado
9.8,79.4,17.7,0,0.0,Bajo,15.0,aprobado
15.0,89.8,16.2,1,9.0,Medio,17.5,aprobado
25.4,55.7,17.1,1,24.0,Medio,16.3,aprobado
12.2,44.6,14.3,0,0.0,Alto,15.5,aprobado
19.9,40.4,15.9,1,40.0,Bajo,11.5,en_riesgo
18.8,70.3,9.8,0,0.0,Medio,14.3,aprobado
8.5,48.4,5.2,1,20.0,Alto,8.5,reprobado
17.4,84.0,13.4,0,0.0,Medio,14.5,aprobado
6.5,46.6,,1,18.0,Alto,8.8,reprobado
25.6,97.4,12.2,0,0.0,Bajo,17.2,aprobado
19.7,41.1,14.1,1,15.0,Alto,14.3,aprobado
12.3,77.3,13.5,1,42.0,Alto,14.8,aprobado
29.5,73.7,8.7,0,0.0,Bajo,14.3,aprobado
26.2,61.8,7.0,0,0.0,Medio,15.5,aprobado
17.3,55.5,7.4,0,0.0,Bajo,11.2,en_riesgo
10.9,76.7,11.6,0,0.0,Bajo,12.1,en_riesgo
1.5,43.5,17.0,0,0.0,Bajo,11.4,en_riesgo
8.3,57.8,7.5,1,22.0,Alto,9.0,reprobado
22.4,63.6,15.5,0,0.0,Medio,16.7,aprobado
11.2,58.3,10.1,0,0.0,Medio,12.3,en_riesgo
12.2,64.1,,0,0.0,Alto,14.9,aprobado
12.0,80.5,12.6,1,16.0,Medio,15.4,aprobado
18.0,91.6,18.0,0,0.0,Bajo,18.0,aprobado
13.8,97.6,15.5,0,0.0,Medio,17.2,aprobado
5.3,52.3,19.7,0,0.0,Alto,15.9,aprobado
10.0,85.4,16.1,0,0.0,Bajo,12.6,en_riesgo
11.2,52.4,10.1,0,0.0,Medio,10.7,reprobado
4.7,58.3,15.7,0,0.0,Bajo,9.7,reprobado
8.7,63.2,5.7,0,0.0,Medio,6.9,reprobado
9.6,63.4,13.0,1,24.0,Medio,10.1,reprobado
23.3,50.8,5.1,1,15.0,Bajo,12.5,en_riesgo
,84.0,8.9,0,0.0,Medio,15.6,aprobado
9.6,65.7,17.3,0,0.0,Bajo,10.8,reprobado
11.4,87.2,14.1,0,0.0,Alto,15.6,aprobado
18.6,87.7,9.2,0,0.0,Bajo,15.5,aprobado
15.5,78.2,20.0,0,0.0,Medio,20.0,aprobado
5.1,91.7,,1,38.0,Bajo,10.3,reprobado
20.2,47.7,,0,0.0,Bajo,17.5,aprobado
29.7,45.0,6.5,0,0.0,Alto,16.0,aprobado
6.9,80.5,11.0,0,0.0,Bajo,7.9,reprobado
17.8,84.4,16.8,1,45.0,Bajo,15.5,aprobado
21.8,86.5,16.9,1,31.0,Alto,20.0,aprobado
8.1,84.9,6.5,1,26.0,Alto,9.7,reprobado
11.6,86.0,16.6,1,39.0,Alto,16.3,aprobado
,74.8,,0,0.0,Bajo,15.8,aprobado
3.5,55.3,9.8,1,25.0,Medio,7.6,reprobado
14.5,40.4,12.4,0,0.0,Bajo,11.5,en_riesgo
29.5,41.8,,0,0.0,Alto,18.7,aprobado
3.3,84.2,13.2,1,32.0,Medio,7.9,reprobado
24.5,52.5,10.5,1,19.0,Medio,12.7,en_riesgo
,94.7,15.0,0,0.0,Bajo,17.1,aprobado
4.1,53.9,17.8,0,0.0,Medio,13.8,en_riesgo
20.1,92.4,12.7,1,30.0,BAJO,16.6,aprobado
7.3,74.9,19.7,0,0.0,Alto,14.7,aprobado
12.5,90.6,10.8,1,29.0,Alto,13.6,en_riesgo
,52.9,15.4,1,34.0,Medio,9.3,reprobado
22.9,89.3,11.8,0,0.0,Alto,17.5,aprobado
11.8,46.0,13.0,1,19.0,Medio,12.4,en_riesgo
23.8,58.7,8.8,0,0.0,Bajo,14.0,aprobado
29.0,96.6,19.6,1,21.0,Bajo,20.0,aprobado
6.6,42.3,6.2,0,0.0,Bajo,6.7,reprobado
7.0,68.2,8.5,0,0.0,Bajo,9.1,reprobado
,56.9,14.1,1,44.0,Medio,11.4,en_riesgo
20.2,48.7,7.9,1,32.0,Medio,9.7,reprobado
10.5,82.3,,0,0.0,Bajo,12.0,en_riesgo
9.3,44.7,8.0,1,15.0,Medio,7.4,reprobado
12.4,46.7,16.4,1,9.0,Medio,14.0,aprobado
19.2,43.9,9.1,0,0.0,Alto,14.6,aprobado
1.7,99.6,15.3,0,0.0,MEDIO,13.0,en_riesgo
21.5,71.2,,0,0.0,Medio,19.4,aprobado
20.4,90.1,14.8,0,0.0,Alto,19.0,aprobado
1.6,76.3,,1,38.0,Medio,10.2,reprobado
18.7,70.1,14.2,0,0.0,Bajo,13.4,en_riesgo
27.5,47.3,15.1,1,14.0,Medio,17.4,aprobado
27.7,94.9,12.3,0,0.0,BAJO,18.4,aprobado
17.8,81.4,,0,0.0,Alto,15.7,aprobado
18.4,91.3,9.3,1,23.0,Bajo,15.3,aprobado
15.6,93.5,,1,21.0,Alto,20.0,aprobado
15.3,63.1,11.5,1,29.0,Medio,11.9,en_riesgo
24.8,88.8,16.1,1,22.0,Medio,17.9,aprobado
27.7,61.7,5.3,1,31.0,Bajo,12.7,en_riesgo
16.4,61.4,11.6,0,0.0,Bajo,13.3,en_riesgo
13.1,98.7,17.9,1,43.0,Bajo,16.3,aprobado
24.7,66.5,15.5,1,43.0,Medio,17.5,aprobado
2.4,90.7,16.2,1,17.0,Medio,11.3,en_riesgo
11.8,61.4,16.7,0,0.0,Bajo,13.9,en_riesgo
28.7,74.8,11.4,0,0.0,ALTO,16.7,aprobado
17.1,43.2,19.3,1,35.0,Medio,15.0,aprobado
28.3,69.3,15.2,1,32.0,Bajo,18.1,aprobado
16.6,64.3,6.5,0,0.0,Bajo,10.5,reprobado
9.8,85.1,10.4,1,40.0,Medio,9.1,reprobado
14.4,99.6,15.7,0,0.0,Alto,18.1,aprobado
10.8,80.5,16.5,1,33.0,Bajo,14.9,aprobado
,42.9,15.4,1,47.0,Bajo,9.4,reprobado
9.9,42.1,6.8,1,32.0,Bajo,6.5,reprobado
27.6,69.4,7.6,0,0.0,Medio,15.8,aprobado
16.7,77.3,,1,20.0,Medio,18.7,aprobado
18.6,64.6,8.3,1,8.0,Medio,13.9,en_riesgo
1.3,76.8,15.3,1,34.0,Medio,10.1,reprobado
21.1,82.1,10.7,1,24.0,Medio,13.1,en_riesgo
26.8,54.3,15.4,1,24.0,Medio,17.5,aprobado
4.5,65.9,5.7,0,0.0,Bajo,7.8,reprobado
,77.5,16.8,0,0.0,Alto,15.3,aprobado
10.0,62.0,18.1,0,0.0,Medio,14.3,aprobado
22.8,55.7,5.1,0,0.0,Alto,15.0,aprobado
18.0,76.9,9.6,0,0.0,Medio,14.6,aprobado
28.9,89.5,18.2,1,46.0,Medio,20.0,aprobado
25.9,66.5,17.5,1,21.0,Bajo,18.1,aprobado
,45.5,19.2,0,0.0,Bajo,17.8,aprobado
9.2,45.4,9.4,1,13.0,Medio,8.3,reprobado
9.2,77.4,,1,12.0,Medio,10.7,reprobado
14.7,71.7,15.0,0,0.0,Medio,16.4,aprobado
8.7,71.9,13.9,0,0.0,Medio,12.0,en_riesgo
29.6,71.9,19.2,1,10.0,Medio,20.0,aprobado
14.0,86.1,19.1,0,0.0,Bajo,15.4,aprobado
6.2,52.1,19.0,0,0.0,Bajo,14.3,aprobado
25.2,85.3,8.6,0,0.0,Medio,16.8,aprobado
20.9,67.6,14.6,0,0.0,Alto,17.7,aprobado
29.1,95.6,18.1,1,26.0,Medio,20.0,aprobado
10.8,68.9,5.6,1,38.0,Bajo,5.2,reprobado
22.7,97.8,9.9,0,0.0,Bajo,16.5,aprobado
25.6,70.1,,1,46.0,Alto,13.3,en_riesgo
5.1,43.7,8.9,0,0.0,Bajo,8.2,reprobado
14.7,53.6,10.3,0,0.0,Medio,13.4,en_riesgo
7.4,50.0,19.7,0,0.0,Bajo,14.8,aprobado
19.8,79.6,8.5,1,26.0,Bajo,14.2,aprobado
26.7,81.0,9.8,0,0.0,MEDIO,16.2,aprobado
2.6,83.1,10.5,1,39.0,Bajo,6.5,reprobado
8.0,68.4,5.4,0,0.0,Medio,7.4,reprobado
4.7,57.2,6.2,0,0.0,Medio,7.8,reprobado
23.5,71.6,9.5,0,0.0,Medio,16.5,aprobado
12.2,86.2,6.8,1,11.0,Medio,11.0,en_riesgo
8.2,63.4,7.6,1,46.0,Medio,4.9,reprobado
16.9,45.6,8.3,1,16.0,Medio,10.0,reprobado
4.4,87.4,8.2,0,0.0,Medio,9.2,reprobado
5.5,64.7,17.7,0,0.0,BAJO,10.6,reprobado
20.7,90.8,19.4,1,8.0,Alto,20.0,aprobado
28.0,56.9,20.0,0,0.0,Medio,20.0,aprobado
2.4,51.2,11.8,0,0.0,Bajo,8.1,reprobado
25.9,69.1,20.0,1,35.0,Medio,20.0,aprobado
12.6,43.8,,0,0.0,MEDIO,8.3,reprobado
28.0,75.4,,1,10.0,Medio,14.0,aprobado
27.9,96.0,15.2,1,16.0,Medio,20.0,aprobado
9.6,74.4,14.2,1,29.0,Bajo,12.7,en_riesgo
26.4,82.8,12.6,0,0.0,Medio,18.0,aprobado
20.5,60.2,18.1,1,10.0,Medio,16.7,aprobado
,55.9,19.2,0,0.0,Bajo,13.6,en_riesgo
15.2,49.7,7.5,1,16.0,Medio,8.8,reprobado
26.9,83.1,12.9,1,19.0,Bajo,15.6,aprobado
23.1,93.9,11.8,0,0.0,Medio,18.8,aprobado
25.9,70.9,19.3,0,0.0,Alto,20.0,aprobado
,88.0,9.9,0,0.0,Medio,18.8,aprobado
,85.1,19.8,0,0.0,Medio,14.0,aprobado
2.2,46.7,8.4,0,0.0,Alto,9.6,reprobado
14.2,91.1,17.2,1,22.0,Bajo,14.8,aprobado
,72.9,17.4,0,0.0,Medio,12.3,en_riesgo
21.7,85.4,18.6,0,0.0,Alto,20.0,aprobado
29.8,55.8,17.0,1,44.0,Medio,19.3,aprobado
8.5,55.1,6.9,0,0.0,Bajo,9.1,reprobado
17.3,82.6,,1,14.0,Bajo,11.2,en_riesgo
16.0,56.2,7.2,1,14.0,Medio,10.9,reprobado
3.6,96.9,13.6,1,13.0,MEDIO,14.1,aprobado
19.0,55.1,17.4,1,34.0,Medio,16.8,aprobado
22.8,94.1,17.0,1,27.0,Alto,19.2,aprobado
24.6,88.0,,0,0.0,Medio,19.2,aprobado
,52.0,13.9,1,17.0,Bajo,12.7,en_riesgo
20.5,56.0,11.3,0,0.0,Medio,11.7,en_riesgo
,51.8,12.9,1,16.0,Bajo,15.2,aprobado
1.9,94.8,,0,0.0,Medio,13.2,en_riesgo
9.0,56.9,,0,0.0,Medio,7.3,reprobado
15.6,57.3,11.4,1,25.0,Medio,11.5,en_riesgo
29.4,53.6,6.3,1,13.0,Medio,12.5,en_riesgo
2.0,65.3,16.9,0,0.0,Bajo,12.9,en_riesgo
1.7,61.8,5.9,0,0.0,Alto,7.9,reprobado
5.8,43.0,10.4,1,43.0,Bajo,5.7,reprobado
21.5,50.0,19.5,0,0.0,MEDIO,17.2,aprobado
10.5,56.2,16.5,0,0.0,Medio,14.8,aprobado
,84.4,10.6,0,0.0,Bajo,15.3,aprobado
7.9,48.2,20.0,0,0.0,Medio,15.1,aprobado
15.5,96.8,5.4,1,15.0,Medio,11.9,en_riesgo
5.6,98.3,9.2,0,0.0,Bajo,9.4,reprobado
7.9,55.0,16.6,0,0.0,Bajo,11.5,en_riesgo
5.7,63.1,7.6,1,45.0,Bajo,7.4,reprobado
26.0,86.6,6.6,1,21.0,Medio,14.0,aprobado
22.7,42.8,13.1,0,0.0,Medio,15.2,aprobado
7.2,89.3,14.6,0,0.0,Medio,15.6,aprobado
6.1,85.3,12.4,0,0.0,bajo,12.7,en_riesgo
6.2,62.3,6.4,1,24.0,Medio,7.9,reprobado
26.5,59.0,15.8,0,0.0,Bajo,16.4,aprobado
,43.1,7.6,1,33.0,Medio,9.3,reprobado
,93.3,17.0,1,37.0,Bajo,15.8,aprobado
25.8,76.5,11.7,1,14.0,Alto,18.4,aprobado
24.3,60.9,11.4,0,0.0,Alto,16.6,aprobado
27.8,82.6,6.5,0,0.0,Alto,17.7,aprobado
16.7,64.3,19.5,1,31.0,Medio,17.1,aprobado
28.1,41.3,8.1,1,16.0,medio,14.5,aprobado
28.7,62.3,10.2,1,22.0,Medio,17.0,aprobado
6.5,87.7,8.8,1,17.0,Medio,9.2,reprobado
29.8,56.2,16.7,0,0.0,Medio,18.6,aprobado
20.9,49.0,8.9,1,8.0,Alto,15.3,aprobado
8.0,71.0,8.0,1,12.0,Medio,10.4,reprobado
13.3,74.1,13.3,0,0.0,Medio,13.5,en_riesgo
16.7,55.1,19.0,0,0.0,Medio,17.0,aprobado
6.8,99.7,9.9,0,0.0,Medio,13.7,en_riesgo
9.3,60.6,15.9,0,0.0,Medio,15.4,aprobado
12.3,79.4,19.8,1,30.0,Bajo,15.9,aprobado
27.0,54.4,14.7,0,0.0,Bajo,18.7,aprobado
19.7,43.9,8.3,0,0.0,Medio,14.5,aprobado
10.6,74.2,12.3,1,37.0,Medio,10.5,reprobado
29.5,87.8,18.8,1,40.0,Alto,20.0,aprobado
24.6,78.0,16.9,0,0.0,Bajo,20.0,aprobado
9.7,65.0,17.8,0,0.0,Alto,18.3,aprobado
28.5,71.6,14.3,0,0.0,Bajo,16.3,aprobado
3.8,79.5,,1,13.0,Medio,11.2,en_riesgo
7.1,46.9,18.1,1,12.0,Medio,13.9,en_riesgo
3.2,94.2,10.6,0,0.0,Alto,11.1,en_riesgo
12.1,69.3,17.2,0,0.0,Medio,14.3,aprobado
28.1,58.2,14.7,1,19.0,Bajo,15.9,aprobado
23.2,76.8,14.9,1,13.0,Alto,17.5,aprobado
17.2,43.5,9.3,0,0.0,Bajo,12.3,en_riesgo
9.3,71.1,10.2,1,42.0,Bajo,9.7,reprobado
19.4,93.9,9.2,0,0.0,Medio,18.3,aprobado
21.8,79.7,13.1,0,0.0,Bajo,16.3,aprobado
13.4,79.3,5.8,1,38.0,Medio,10.1,reprobado
,76.8,13.5,1,31.0,Medio,15.5,aprobado
27.6,61.6,7.7,1,34.0,medio,14.8,aprobado
13.5,45.1,11.6,1,27.0,Alto,9.0,reprobado
6.2,47.6,16.4,1,43.0,Medio,7.6,reprobado
2.5,80.7,19.9,0,0.0,alto,14.7,aprobado
9.2,42.1,,0,0.0,Bajo,13.7,en_riesgo
14.2,86.3,10.6,1,37.0,Alto,13.4,en_riesgo
,68.2,19.1,1,46.0,Alto,20.0,aprobado
27.2,50.6,8.8,1,8.0,Bajo,15.4,aprobado
,83.1,8.6,1,12.0,Alto,16.1,aprobado
23.5,81.0,10.5,0,0.0,Medio,15.1,aprobado
29.2,68.8,18.2,0,0.0,Bajo,18.2,aprobado
2.4,43.8,11.7,0,0.0,Medio,8.0,reprobado
,86.8,15.8,0,0.0,Medio,18.8,aprobado
8.4,49.0,18.7,0,0.0,Medio,14.0,aprobado
20.0,55.9,17.4,0,0.0,Medio,17.1,aprobado
23.2,60.0,18.2,0,0.0,Bajo,19.3,aprobado
16.9,94.6,17.7,0,0.0,Alto,20.0,aprobado
,98.7,5.9,1,35.0,Medio,10.8,reprobado
7.8,96.6,9.7,1,24.0,Medio,14.0,aprobado
16.5,83.0,16.4,0,0.0,Medio,14.5,aprobado
13.8,95.1,7.5,0,0.0,Bajo,10.4,reprobado
11.7,62.6,9.5,0,0.0,alto,11.3,en_riesgo
28.7,93.2,14.0,1,14.0,Bajo,20.0,aprobado
1.6,88.5,,0,0.0,Alto,11.7,en_riesgo
16.1,95.1,9.7,0,0.0,Medio,13.7,en_riesgo
20.8,98.5,14.3,0,0.0,Alto,20.0,aprobado
4.0,75.6,16.0,1,43.0,Bajo,9.7,reprobado
26.3,55.2,19.3,1,8.0,medio,19.4,aprobado
13.8,42.2,17.5,0,0.0,Bajo,12.9,en_riesgo
2.0,76.5,18.9,1,16.0,Medio,12.8,en_riesgo
27.4,45.8,8.8,1,29.0,Bajo,13.0,en_riesgo
7.4,93.4,18.8,0,0.0,Medio,15.1,aprobado
9.1,79.9,17.3,0,0.0,Alto,15.1,aprobado
24.9,81.4,11.3,0,0.0,Medio,17.8,aprobado
6.5,92.3,8.1,0,0.0,Bajo,10.6,reprobado
15.8,90.8,9.5,1,21.0,Medio,13.9,en_riesgo
3.5,54.1,12.4,0,0.0,Medio,8.0,reprobado
1.2,40.4,15.1,0,0.0,Medio,8.6,reprobado
20.5,96.5,7.8,0,0.0,Medio,16.4,aprobado
14.4,60.6,13.8,0,0.0,Medio,13.8,en_riesgo
21.3,94.2,,1,34.0,BAJO,13.2,en_riesgo
20.7,48.8,12.7,0,0.0,Alto,16.8,aprobado
9.5,57.9,19.7,1,42.0,Medio,15.3,aprobado
1.6,94.2,12.7,0,0.0,Bajo,11.3,en_riesgo
1.1,73.8,16.5,1,38.0,Medio,10.0,reprobado
1.3,90.9,8.8,0,0.0,BAJO,9.7,reprobado
,44.1,8.4,0,0.0,Medio,8.6,reprobado
17.7,97.0,13.6,0,0.0,Medio,17.0,aprobado
13.5,51.3,17.4,1,26.0,Bajo,13.3,en_riesgo
12.2,90.8,6.7,0,0.0,Bajo,9.7,reprobado
7.9,67.9,7.4,0,0.0,Medio,10.0,reprobado
7.8,85.6,6.3,0,0.0,Bajo,10.1,reprobado
1.4,44.7,5.8,0,0.0,Medio,5.7,reprobado
11.1,42.2,9.3,1,11.0,Medio,8.1,reprobado
,82.7,14.0,0,0.0,Medio,16.5,aprobado
4.3,74.5,6.2,1,46.0,Medio,6.8,reprobado
28.3,51.7,18.6,0,0.0,Alto,20.0,aprobado
18.9,41.4,17.0,1,11.0,Alto,14.9,aprobado
1.4,45.4,6.8,0,0.0,ALTO,8.4,reprobado
16.9,70.8,15.2,1,22.0,Alto,15.4,aprobado
6.3,47.7,6.0,0,0.0,Medio,9.2,reprobado
18.9,55.2,9.7,1,24.0,bajo,10.3,reprobado
27.6,73.8,11.4,0,0.0,Medio,15.6,aprobado
20.3,96.2,14.0,0,0.0,Medio,17.4,aprobado
10.5,95.0,14.6,1,39.0,Bajo,11.8,en_riesgo
27.4,63.4,12.4,0,0.0,Medio,18.3,aprobado
20.4,97.8,6.1,0,0.0,Bajo,13.7,en_riesgo
1.6,77.1,18.0,0,0.0,Alto,14.4,aprobado
23.6,46.1,18.1,0,0.0,Medio,18.3,aprobado
29.3,79.5,13.3,0,0.0,Bajo,19.5,aprobado
17.9,72.9,5.5,1,16.0,Bajo,11.9,en_riesgo
6.6,51.1,,0,0.0,Alto,8.6,reprobado
,94.4,6.6,1,37.0,Alto,13.5,en_riesgo
13.9,40.4,7.6,0,0.0,Alto,9.3,reprobado
25.2,50.8,6.3,1,46.0,Bajo,10.6,reprobado
4.8,45.9,10.5,0,0.0,Alto,10.5,reprobado
,55.5,17.6,1,31.0,Alto,12.1,en_riesgo
11.4,90.5,,0,0.0,Medio,13.0,en_riesgo
23.5,71.2,19.0,1,42.0,Medio,18.8,aprobado
14.0,93.4,16.0,0,0.0,Bajo,17.2,aprobado
26.3,58.9,,0,0.0,Bajo,13.4,en_riesgo
18.9,47.8,16.5,0,0.0,MEDIO,14.3,aprobado
24.8,98.2,6.5,1,13.0,Bajo,14.0,aprobado
16.3,86.3,6.6,1,36.0,Medio,12.1,en_riesgo
28.3,61.6,10.6,0,0.0,Alto,18.4,aprobado
25.3,54.2,17.4,0,0.0,Alto,18.8,aprobado
14.0,96.8,18.6,0,0.0,Bajo,18.0,aprobado
25.2,76.0,6.5,0,0.0,Bajo,14.6,aprobado
,49.6,14.7,0,0.0,Bajo,18.0,aprobado
18.8,44.4,6.9,0,0.0,Alto,11.9,en_riesgo
14.5,76.4,10.8,0,0.0,Alto,13.5,en_riesgo
23.0,89.9,12.2,0,0.0,Bajo,16.6,aprobado
2.0,56.5,8.5,0,0.0,Medio,6.1,reprobado
21.3,79.7,12.4,0,0.0,Alto,19.2,aprobado
24.8,100.0,10.0,0,0.0,Medio,20.0,aprobado
15.2,61.7,10.0,0,0.0,Alto,13.5,en_riesgo
25.7,81.3,15.2,1,20.0,MEDIO,20.0,aprobado
1.8,42.0,6.1,0,0.0,Bajo,5.2,reprobado
1.3,49.8,14.1,1,37.0,Medio,7.9,reprobado
,69.2,13.8,0,0.0,Medio,15.7,aprobado
11.3,72.4,15.9,1,29.0,Bajo,13.3,en_riesgo
24.6,58.8,6.0,0,0.0,Bajo,13.1,en_riesgo
4.4,97.0,19.0,1,24.0,medio,13.6,en_riesgo
20.9,66.3,19.2,1,30.0,Bajo,15.6,aprobado
8.1,97.7,12.5,0,0.0,Alto,12.5,en_riesgo
,93.7,11.7,0,0.0,Medio,15.7,aprobado
6.4,46.9,5.3,1,23.0,Alto,8.1,reprobado
29.5,46.1,6.5,1,43.0,Bajo,10.6,reprobado
24.0,48.7,8.0,1,44.0,Medio,9.1,reprobado
25.7,76.2,16.4,1,29.0,Bajo,16.8,aprobado
29.3,88.3,9.6,1,27.0,Medio,17.2,aprobado
6.8,89.8,13.0,0,0.0,BAJO,12.9,en_riesgo
9.1,93.7,12.9,0,0.0,MEDIO,12.7,en_riesgo
25.7,47.0,6.5,1,33.0,Medio,11.7,en_riesgo
9.9,92.8,19.9,1,18.0,Medio,16.5,aprobado
15.7,91.1,,0,0.0,Bajo,17.6,aprobado
,74.4,6.0,0,0.0,Medio,12.2,en_riesgo
11.7,87.8,17.0,0,0.0,Medio,16.6,aprobado
11.5,85.5,15.9,1,21.0,Alto,14.9,aprobado
14.8,83.4,16.5,0,0.0,Bajo,15.8,aprobado
2.6,60.7,,0,0.0,Bajo,5.4,reprobado
27.8,91.5,12.4,1,21.0,Bajo,17.1,aprobado
2.3,47.8,6.4,0,0.0,Bajo,7.6,reprobado
29.1,99.5,9.1,0,0.0,Bajo,16.2,aprobado
16.4,58.3,19.1,1,47.0,Medio,15.8,aprobado
6.9,70.7,5.3,0,0.0,Bajo,8.5,reprobado
15.1,78.0,16.4,1,24.0,Medio,15.1,aprobado
3.4,92.1,10.1,1,23.0,Medio,10.4,reprobado
10.9,43.0,17.4,0,0.0,Bajo,15.4,aprobado
26.6,92.0,15.7,1,39.0,Alto,20.0,aprobado
2.7,53.2,19.7,0,0.0,Bajo,12.3,en_riesgo
18.6,40.3,12.0,0,0.0,Bajo,14.0,aprobado
10.0,51.1,8.2,1,14.0,Bajo,9.2,reprobado
7.7,88.3,13.5,0,0.0,Bajo,14.0,aprobado
17.7,45.4,18.3,0,0.0,Medio,15.6,aprobado
16.0,59.0,,1,44.0,Bajo,15.7,aprobado
1.1,65.8,,1,21.0,Bajo,12.4,en_riesgo
1.4,46.7,9.0,1,41.0,Bajo,5.9,reprobado
23.4,46.2,18.9,0,0.0,Bajo,18.9,aprobado
11.5,41.8,11.4,0,0.0,Alto,10.3,reprobado
13.9,92.0,12.1,0,0.0,Alto,14.0,aprobado
28.3,77.2,18.6,0,0.0,Bajo,20.0,aprobado
25.5,51.2,11.1,0,0.0,Alto,16.0,aprobado
18.7,64.1,8.2,0,0.0,Bajo,12.6,en_riesgo
13.6,51.0,19.8,0,0.0,Medio,17.1,aprobado
5.7,42.7,12.4,1,39.0,Bajo,7.5,reprobado
21.0,62.4,13.8,1,17.0,Bajo,14.9,aprobado
7.9,43.4,7.6,0,0.0,Alto,11.1,en_riesgo
,94.2,6.9,0,0.0,Medio,12.1,en_riesgo
20.4,71.8,6.8,0,0.0,Medio,11.9,en_riesgo
1.3,67.1,7.3,1,26.0,Medio,6.9,reprobado
27.8,94.1,6.6,0,0.0,Medio,15.8,aprobado
7.9,96.5,11.1,1,43.0,Medio,11.3,en_riesgo
8.1,74.1,11.8,1,34.0,Alto,12.3,en_riesgo
3.5,92.1,14.0,1,43.0,Alto,11.1,en_riesgo
12.3,64.9,17.5,1,26.0,Medio,11.8,en_riesgo
11.1,81.2,7.5,1,27.0,Medio,10.6,reprobado
7.9,69.5,18.0,0,0.0,Medio,13.4,en_riesgo
21.3,51.4,6.9,0,0.0,Medio,12.9,en_riesgo
25.2,52.8,,1,45.0,Medio,15.1,aprobado
9.3,98.3,11.2,0,0.0,Alto,12.5,en_riesgo
6.3,85.4,12.5,0,0.0,Alto,14.9,aprobado
1.4,91.1,5.8,1,29.0,Medio,8.2,reprobado
20.9,67.5,20.0,1,43.0,Bajo,16.8,aprobado
12.5,45.1,9.3,0,0.0,BAJO,10.0,reprobado
5.1,65.7,,0,0.0,Bajo,11.0,en_riesgo
19.6,56.3,,1,8.0,Medio,10.6,reprobado
,80.7,13.7,1,44.0,Alto,17.1,aprobado
23.4,56.7,11.7,0,0.0,Bajo,14.8,aprobado
2.6,94.4,14.2,0,0.0,Medio,11.4,en_riesgo
27.3,47.3,7.3,0,0.0,Bajo,14.7,aprobado
16.1,75.1,13.7,0,0.0,Medio,15.0,aprobado
,41.0,15.2,1,32.0,Bajo,7.4,reprobado
5.6,72.8,13.0,0,0.0,Medio,9.1,reprobado
15.5,71.2,,0,0.0,Bajo,12.2,en_riesgo
,50.8,,1,40.0,Medio,12.8,en_riesgo
17.7,53.4,16.7,1,37.0,Alto,14.5,aprobado
4.6,84.4,5.6,1,27.0,Alto,6.1,reprobado
19.1,64.0,,0,0.0,Bajo,18.7,aprobado
8.1,82.5,9.1,1,10.0,Alto,10.8,reprobado
21.2,75.0,13.8,0,0.0,medio,16.9,aprobado
18.7,98.5,18.9,0,0.0,Medio,18.4,aprobado
8.4,62.5,5.8,0,0.0,Medio,6.7,reprobado
21.9,90.9,13.0,0,0.0,Medio,18.4,aprobado
22.9,43.9,17.5,0,0.0,Medio,18.5,aprobado
7.3,99.6,5.1,0,0.0,Medio,7.7,reprobado
16.2,50.5,18.6,0,0.0,Alto,17.1,aprobado
23.8,55.4,7.9,0,0.0,Medio,13.6,en_riesgo
26.5,51.8,17.7,0,0.0,Medio,17.9,aprobado
1.1,74.7,10.2,0,0.0,Bajo,10.8,reprobado
5.3,76.6,14.2,1,36.0,Alto,11.2,en_riesgo
19.8,41.3,16.0,0,0.0,Bajo,17.2,aprobado
11.9,75.3,13.9,1,9.0,Medio,16.4,aprobado
5.4,63.4,8.1,0,0.0,Medio,9.9,reprobado
16.8,73.7,7.0,1,21.0,Alto,13.9,en_riesgo
3.6,57.8,17.9,0,0.0,Alto,15.6,aprobado
18.5,96.3,12.9,0,0.0,Bajo,16.0,aprobado
13.2,44.8,19.9,0,0.0,Bajo,15.2,aprobado
11.7,95.2,,1,12.0,Medio,14.9,aprobado
28.1,97.0,9.1,1,17.0,Medio,15.8,aprobado
22.2,52.6,5.6,0,0.0,Medio,12.5,en_riesgo
29.7,94.4,6.4,1,13.0,Bajo,15.8,aprobado
26.6,59.0,16.0,0,0.0,Alto,17.9,aprobado
13.6,53.4,13.7,0,0.0,Medio,15.2,aprobado
27.9,51.2,10.8,0,0.0,MEDIO,17.1,aprobado
21.3,99.2,17.5,1,27.0,Alto,20.0,aprobado
12.2,70.2,18.4,1,18.0,Medio,14.5,aprobado
25.1,87.8,17.6,0,0.0,BAJO,19.4,aprobado
21.0,66.9,18.2,0,0.0,Alto,18.4,aprobado
27.1,96.9,12.7,1,36.0,Alto,20.0,aprobado
23.6,86.6,7.1,0,0.0,Bajo,14.3,aprobado
20.6,62.6,13.3,0,0.0,Medio,17.5,aprobado
1.6,57.7,16.2,0,0.0,Medio,12.5,en_riesgo
9.7,97.8,5.2,0,0.0,Medio,11.6,en_riesgo
29.4,95.0,13.5,0,0.0,Bajo,20.0,aprobado
22.2,41.1,8.1,1,32.0,Medio,12.3,en_riesgo
7.8,81.9,19.3,1,38.0,Bajo,12.7,en_riesgo
,68.7,6.6,0,0.0,Bajo,13.2,en_riesgo
2.2,69.5,13.8,0,0.0,Medio,11.6,en_riesgo
20.8,54.4,15.0,0,0.0,Medio,15.4,aprobado
27.3,88.3,12.0,1,13.0,Alto,18.5,aprobado
22.4,98.2,14.7,0,0.0,Alto,19.7,aprobado
11.7,50.2,16.7,0,0.0,Bajo,12.2,en_riesgo
4.7,82.7,13.8,1,10.0,Alto,10.2,reprobado
18.3,90.4,12.9,1,32.0,Medio,15.7,aprobado
3.7,48.7,10.3,0,0.0,Medio,7.9,reprobado
21.6,74.2,14.6,0,0.0,Medio,17.6,aprobado
29.5,83.5,18.1,1,38.0,Medio,20.0,aprobado
18.9,93.2,12.2,0,0.0,Bajo,16.5,aprobado
28.8,88.0,,0,0.0,ALTO,17.7,aprobado
22.0,80.6,10.2,0,0.0,Medio,17.2,aprobado
27.1,51.4,12.3,0,0.0,Medio,16.8,aprobado
12.3,87.9,15.9,0,0.0,Bajo,12.9,en_riesgo
8.5,64.0,6.1,0,0.0,Medio,7.0,reprobado
11.2,86.5,11.7,0,0.0,Bajo,10.7,reprobado
19.7,75.8,8.2,0,0.0,Medio,14.5,aprobado
15.1,52.5,13.7,1,29.0,Medio,12.9,en_riesgo
8.5,76.2,,1,46.0,Medio,12.8,en_riesgo
9.5,68.2,18.3,1,28.0,Medio,14.1,aprobado
11.2,52.9,15.2,0,0.0,Alto,13.5,en_riesgo
12.5,62.8,10.2,1,23.0,Bajo,10.6,reprobado
19.9,84.2,6.2,0,0.0,Bajo,12.5,en_riesgo
6.3,42.0,15.0,0,0.0,Medio,11.2,en_riesgo
25.4,93.5,7.9,0,0.0,Alto,17.9,aprobado
12.8,78.9,16.8,1,34.0,Alto,16.3,aprobado
10.7,94.4,6.5,0,0.0,Alto,13.5,en_riesgo
21.8,94.2,11.8,0,0.0,Medio,17.9,aprobado
10.1,64.4,14.6,1,13.0,Medio,12.0,en_riesgo
18.4,47.2,19.0,0,0.0,Medio,16.9,aprobado
12.2,99.4,16.1,1,16.0,Medio,16.2,aprobado
15.2,71.7,5.5,0,0.0,MEDIO,10.7,reprobado
3.5,72.2,,0,0.0,Medio,8.8,reprobado
4.3,60.6,14.1,0,0.0,Medio,12.2,en_riesgo
8.3,97.4,14.7,1,18.0,Alto,14.3,aprobado
29.4,92.0,14.0,1,15.0,Medio,18.3,aprobado
29.6,92.4,10.0,0,0.0,Alto,18.9,aprobado
9.0,66.3,17.2,0,0.0,Medio,14.6,aprobado
20.9,76.4,9.7,1,47.0,Bajo,11.8,en_riesgo
7.5,90.0,16.1,1,8.0,Medio,14.7,aprobado
7.9,50.7,11.8,1,30.0,Medio,8.6,reprobado
1.5,40.8,,0,0.0,Bajo,9.2,reprobado
3.7,55.6,5.6,0,0.0,Medio,6.1,reprobado
22.4,76.3,11.8,1,11.0,Medio,17.5,aprobado
6.7,76.5,15.1,1,35.0,Medio,11.4,en_riesgo
14.0,76.2,,0,0.0,Medio,14.5,aprobado
28.9,88.2,10.3,1,46.0,Medio,16.5,aprobado
16.7,80.8,18.0,0,0.0,Bajo,15.4,aprobado
27.3,59.4,19.3,0,0.0,Alto,20.0,aprobado
28.1,76.2,10.1,1,30.0,Bajo,15.8,aprobado
22.5,69.8,8.1,0,0.0,Medio,14.9,aprobado
9.5,62.0,,0,0.0,Medio,12.2,en_riesgo
29.9,64.0,7.4,0,0.0,Alto,15.6,aprobado
,56.0,12.2,1,37.0,Bajo,10.2,reprobado
3.4,74.2,17.6,0,0.0,Alto,14.2,aprobado
29.9,81.6,5.3,1,39.0,medio,14.0,aprobado
24.3,56.0,8.8,1,29.0,Bajo,12.0,en_riesgo
21.8,62.7,9.2,1,19.0,Bajo,13.3,en_riesgo
22.0,64.8,9.4,1,36.0,Bajo,12.6,en_riesgo
7.6,57.7,5.4,1,33.0,Alto,6.8,reprobado
6.3,64.5,19.2,0,0.0,Medio,15.0,aprobado
5.9,57.9,16.6,1,9.0,Alto,12.6,en_riesgo
,96.2,18.6,1,21.0,Alto,17.6,aprobado
11.5,40.7,6.6,1,13.0,Medio,10.2,reprobado
24.0,96.2,11.5,1,29.0,Alto,18.5,aprobado
20.3,80.6,5.0,1,25.0,Alto,13.6,en_riesgo
26.8,44.4,11.8,1,24.0,Alto,18.6,aprobado
29.9,65.9,13.7,1,0.0,Medio,17.2,aprobado
19.2,58.3,,1,33.0,Bajo,15.1,aprobado
27.2,70.3,6.6,0,0.0,Bajo,11.9,en_riesgo
,46.9,15.7,1,35.0,Bajo,10.8,reprobado
29.7,44.7,8.8,0,0.0,Medio,14.9,aprobado
23.5,70.8,14.6,0,0.0,Bajo,19.2,aprobado
23.5,48.1,15.1,1,23.0,Bajo,15.4,aprobado
26.4,95.0,18.9,0,0.0,Bajo,20.0,aprobado
,69.4,10.0,1,26.0,Medio,15.1,aprobado
21.7,50.2,8.0,0,0.0,Medio,13.0,en_riesgo
11.0,88.1,6.5,0,0.0,Medio,10.4,reprobado
9.4,55.5,8.0,0,0.0,Bajo,8.4,reprobado
21.5,93.9,5.1,0,0.0,Medio,13.8,en_riesgo
26.3,90.7,8.8,1,36.0,Bajo,16.2,aprobado
22.2,46.8,13.3,1,24.0,Medio,16.0,aprobado
19.5,58.7,5.5,0,0.0,Medio,14.0,aprobado
6.3,88.3,14.8,0,0.0,Medio,13.2,en_riesgo
8.6,90.7,18.2,0,0.0,Bajo,15.9,aprobado
22.8,88.1,6.2,0,0.0,Alto,16.8,aprobado
25.8,62.3,8.3,0,0.0,Bajo,15.4,aprobado
1.5,86.8,6.7,0,0.0,Alto,10.0,reprobado
26.2,70.5,6.3,1,13.0,Bajo,13.3,en_riesgo
25.4,52.5,10.3,0,0.0,Bajo,15.1,aprobado
9.1,72.2,15.7,0,0.0,Bajo,12.9,en_riesgo
,61.9,15.1,0,0.0,Bajo,14.5,aprobado
12.6,55.5,5.5,0,0.0,Medio,12.7,en_riesgo
20.7,70.5,17.6,1,10.0,Bajo,17.2,aprobado
22.8,46.6,6.3,0,0.0,Alto,15.2,aprobado
4.1,94.9,18.9,0,0.0,Medio,14.8,aprobado
14.7,96.3,11.7,1,23.0,Alto,17.1,aprobado
3.6,41.7,12.5,0,0.0,Medio,9.5,reprobado
2.1,67.1,,0,0.0,Medio,8.1,reprobado
13.7,95.3,15.0,1,20.0,Bajo,12.5,en_riesgo
26.1,82.5,14.7,1,35.0,Medio,18.5,aprobado
20.3,70.9,16.0,1,33.0,Bajo,16.0,aprobado
8.7,48.4,10.2,1,11.0,Medio,9.6,reprobado
1.4,95.1,17.4,0,0.0,Medio,13.4,en_riesgo
1.2,88.0,16.9,0,0.0,Bajo,11.4,en_riesgo
24.0,71.1,11.2,0,0.0,Medio,16.7,aprobado
5.5,85.4,10.5,1,31.0,Medio,11.0,en_riesgo
22.4,44.8,15.3,0,0.0,Bajo,17.5,aprobado
14.3,81.4,20.0,0,0.0,Bajo,17.5,aprobado
5.5,46.8,11.3,0,0.0,Medio,9.3,reprobado
2.3,69.4,8.5,1,41.0,Alto,7.3,reprobado
10.4,65.5,7.1,0,0.0,Medio,8.4,reprobado
20.6,40.9,9.2,0,0.0,Alto,11.4,en_riesgo
21.3,84.9,15.1,0,0.0,bajo,17.3,aprobado
11.2,91.4,6.6,1,37.0,Medio,10.0,reprobado
17.3,58.6,7.8,1,38.0,Medio,9.5,reprobado
18.2,47.0,6.1,1,14.0,Medio,11.1,en_riesgo
29.9,78.0,11.7,0,0.0,BAJO,17.8,aprobado
29.7,50.9,18.7,1,46.0,Bajo,18.1,aprobado
12.0,82.3,,0,0.0,Bajo,14.8,aprobado
11.0,63.9,5.6,1,30.0,Alto,7.5,reprobado
21.1,50.2,17.6,0,0.0,MEDIO,17.5,aprobado
15.7,73.0,15.8,0,0.0,Bajo,14.2,aprobado
16.2,66.3,19.8,1,45.0,Medio,13.0,en_riesgo
11.3,86.6,15.8,0,0.0,Medio,16.9,aprobado
12.9,82.2,5.9,1,14.0,Bajo,8.7,reprobado
26.1,74.2,12.1,1,17.0,Alto,17.1,aprobado
25.8,75.2,11.9,0,0.0,Bajo,17.8,aprobado
23.1,64.9,13.8,1,38.0,Medio,16.5,aprobado
7.5,74.9,15.8,1,30.0,Alto,14.6,aprobado
2.6,71.8,8.6,1,30.0,Medio,7.3,reprobado
29.7,64.4,15.4,1,9.0,Bajo,18.3,aprobado
26.7,75.1,18.7,0,0.0,Bajo,20.0,aprobado
17.4,42.4,9.3,1,43.0,Alto,12.5,en_riesgo
16.3,97.0,19.2,1,25.0,Alto,20.0,aprobado
20.1,85.0,8.3,0,0.0,MEDIO,14.7,aprobado
,94.5,6.1,1,16.0,BAJO,11.0,en_riesgo
21.9,78.6,7.5,1,9.0,Alto,13.5,en_riesgo
7.9,73.3,,1,37.0,Bajo,7.5,reprobado
9.3,48.7,7.7,0,0.0,Bajo,8.2,reprobado
29.3,79.8,19.4,0,0.0,Bajo,18.5,aprobado
7.3,98.1,8.3,0,0.0,Alto,13.9,en_riesgo
24.1,57.4,18.0,1,22.0,Alto,18.9,aprobado
19.9,50.2,15.4,1,14.0,Bajo,15.3,aprobado
4.8,86.1,17.6,1,20.0,Bajo,11.8,en_riesgo
24.7,73.3,15.9,1,41.0,Bajo,16.7,aprobado
26.1,43.4,5.8,0,0.0,Bajo,13.0,en_riesgo
9.7,58.6,15.5,0,0.0,Medio,13.0,en_riesgo
8.5,67.1,10.0,0,0.0,Alto,11.5,en_riesgo
20.3,57.2,10.9,0,0.0,Alto,15.7,aprobado
21.0,44.5,12.4,1,9.0,Medio,13.8,en_riesgo
21.1,57.0,8.7,1,23.0,Alto,12.3,en_riesgo
,78.6,19.3,0,0.0,Medio,20.0,aprobado
14.7,99.1,18.3,0,0.0,Medio,18.5,aprobado
5.5,46.8,,1,46.0,Alto,12.5,en_riesgo
23.2,43.3,6.6,0,0.0,Medio,12.3,en_riesgo
19.5,64.8,17.6,0,0.0,Medio,16.6,aprobado
14.4,58.7,13.9,0,0.0,Alto,14.8,aprobado
11.9,44.6,7.3,1,8.0,Medio,11.1,en_riesgo
19.6,79.0,7.2,0,0.0,Bajo,13.3,en_riesgo
3.2,44.1,9.3,0,0.0,Alto,8.4,reprobado
18.9,75.7,16.6,1,27.0,Bajo,15.2,aprobado
20.9,52.1,,1,43.0,BAJO,16.3,aprobado
12.6,40.6,10.9,0,0.0,Medio,11.5,en_riesgo
13.7,96.5,18.9,0,0.0,Bajo,17.8,aprobado
24.0,57.2,14.7,0,0.0,Medio,17.1,aprobado
,96.4,13.0,1,29.0,Alto,20.0,aprobado
19.6,79.6,9.8,1,8.0,Bajo,13.8,en_riesgo
4.3,54.7,9.5,1,45.0,Bajo,7.3,reprobado
6.8,74.4,6.1,0,0.0,BAJO,6.7,reprobado
24.2,97.4,,1,47.0,Medio,17.1,aprobado
27.6,94.3,15.3,1,42.0,Medio,19.2,aprobado
6.7,89.5,6.1,0,0.0,Medio,11.0,en_riesgo
25.3,46.6,7.7,0,0.0,Medio,12.9,en_riesgo
,78.9,9.4,1,15.0,Alto,16.3,aprobado
4.5,88.0,5.9,0,0.0,Bajo,8.4,reprobado
7.6,57.3,8.2,0,0.0,Bajo,7.1,reprobado
25.4,47.4,15.0,1,42.0,Alto,15.0,aprobado
3.0,41.9,6.8,0,0.0,Bajo,7.8,reprobado
10.6,63.4,7.7,1,8.0,Medio,11.5,en_riesgo
21.3,52.8,7.5,1,45.0,Medio,11.1,en_riesgo
12.2,51.1,18.5,1,30.0,Medio,12.3,en_riesgo
10.0,99.7,5.4,0,0.0,Medio,11.4,en_riesgo
11.8,71.7,10.4,1,12.0,Medio,10.6,reprobado
4.4,98.4,,0,0.0,Medio,9.7,reprobado
24.2,94.3,16.5,0,0.0,Alto,20.0,aprobado
4.4,73.6,19.7,0,0.0,Alto,17.3,aprobado
27.4,77.9,,0,0.0,Alto,20.0,aprobado
12.8,54.3,9.3,0,0.0,Bajo,11.9,en_riesgo
24.8,47.6,14.8,0,0.0,Medio,17.5,aprobado
8.1,55.2,19.6,0,0.0,Bajo,12.7,en_riesgo
7.8,90.1,6.1,1,20.0,MEDIO,11.6,en_riesgo
,73.3,8.9,1,22.0,Medio,16.4,aprobado
29.8,55.0,5.1,0,0.0,Alto,14.8,aprobado
23.8,95.2,6.0,0,0.0,Alto,17.5,aprobado
27.6,48.7,12.5,0,0.0,Medio,18.0,aprobado
13.1,71.6,9.6,0,0.0,Medio,12.4,en_riesgo
24.4,63.0,16.1,1,40.0,Medio,16.6,aprobado
13.5,83.9,13.8,0,0.0,Medio,14.7,aprobado
20.8,46.7,14.3,0,0.0,Medio,15.8,aprobado
26.0,62.3,9.2,0,0.0,Medio,14.9,aprobado
,71.3,15.1,0,0.0,Alto,19.2,aprobado
19.2,48.7,17.8,0,0.0,Bajo,14.3,aprobado
29.7,73.6,15.4,0,0.0,Medio,20.0,aprobado
10.1,80.3,17.5,0,0.0,Bajo,14.3,aprobado
11.7,46.8,10.5,1,41.0,MEDIO,7.2,reprobado
24.0,89.6,11.2,1,14.0,Medio,18.1,aprobado
23.6,57.1,,0,0.0,Medio,18.9,aprobado
10.0,82.3,8.0,1,43.0,Alto,10.1,reprobado
27.0,82.7,9.8,0,0.0,Bajo,16.9,aprobado
18.7,69.1,10.4,1,16.0,Medio,12.9,en_riesgo
21.6,97.5,6.2,0,0.0,MEDIO,14.7,aprobado
19.6,45.1,7.4,0,0.0,Bajo,9.7,reprobado
11.9,59.6,16.5,1,14.0,Alto,14.2,aprobado
17.4,71.6,9.9,0,0.0,Medio,12.7,en_riesgo
28.7,84.6,6.4,0,0.0,Bajo,16.5,aprobado
22.8,46.0,8.1,1,35.0,Bajo,11.9,en_riesgo
,46.3,5.7,0,0.0,MEDIO,9.4,reprobado
29.9,63.8,16.0,0,0.0,Medio,20.0,aprobado
,44.1,7.1,0,0.0,Medio,13.8,en_riesgo
17.6,60.3,18.5,1,43.0,Bajo,14.3,aprobado
5.3,92.2,12.7,1,21.0,Medio,13.7,en_riesgo
1.6,54.9,10.6,0,0.0,Alto,9.1,reprobado
24.3,54.8,16.2,0,0.0,Medio,17.2,aprobado
9.9,63.1,12.8,0,0.0,Bajo,12.2,en_riesgo
23.4,71.0,7.9,0,0.0,Medio,14.5,aprobado
26.1,65.9,16.5,0,0.0,Bajo,19.9,aprobado
18.8,88.2,12.5,1,40.0,Alto,17.9,aprobado
7.4,42.3,8.4,0,0.0,Medio,6.8,reprobado
3.2,51.2,6.0,0,0.0,Alto,8.8,reprobado
23.9,65.7,12.7,1,39.0,Medio,14.0,aprobado
25.0,97.2,14.6,0,0.0,Bajo,16.8,aprobado
3.2,41.2,16.1,1,28.0,Alto,11.8,en_riesgo
16.3,81.6,15.2,0,0.0,Alto,16.6,aprobado
,86.4,17.4,0,0.0,Bajo,16.2,aprobado
6.6,52.5,12.6,0,0.0,Alto,10.6,reprobado
9.4,95.5,8.1,1,35.0,Bajo,9.1,reprobado
6.0,51.4,14.4,1,43.0,Alto,11.0,en_riesgo
21.8,41.3,7.8,0,0.0,Alto,15.1,aprobado
28.8,40.8,12.8,0,0.0,Bajo,16.7,aprobado
10.5,80.6,9.2,1,43.0,Bajo,10.5,reprobado
1.2,85.0,12.9,1,44.0,Medio,9.7,reprobado
17.5,62.6,11.2,1,22.0,ALTO,14.0,aprobado
10.2,81.0,13.3,0,0.0,Alto,16.0,aprobado
20.9,82.6,19.7,1,40.0,Medio,18.3,aprobado
,73.4,13.5,1,31.0,Bajo,15.0,aprobado
25.8,64.5,7.9,0,0.0,Medio,13.8,en_riesgo
29.9,55.7,5.4,0,0.0,Medio,13.8,en_riesgo
7.2,40.5,12.9,0,0.0,Medio,10.3,reprobado
11.7,76.2,12.1,0,0.0,Medio,10.2,reprobado
2.2,53.3,10.9,0,0.0,Alto,7.1,reprobado
,68.9,7.4,0,0.0,Medio,13.8,en_riesgo
14.2,79.3,12.8,0,0.0,Bajo,14.7,aprobado
25.2,96.5,14.0,0,0.0,Medio,19.9,aprobado
12.1,74.3,12.4,0,0.0,Medio,12.2,en_riesgo
29.4,41.8,13.9,1,35.0,Medio,14.7,aprobado
1.5,72.8,6.8,0,0.0,Bajo,7.2,reprobado
,95.2,13.6,0,0.0,Medio,17.2,aprobado
20.7,77.6,19.8,0,0.0,Medio,16.4,aprobado
12.4,44.7,5.2,1,26.0,Alto,9.4,reprobado
3.7,88.5,10.6,0,0.0,Alto,10.8,reprobado
16.6,70.2,,1,38.0,ALTO,17.4,aprobado
14.4,71.7,12.0,0,0.0,Medio,14.7,aprobado
20.3,90.1,6.5,1,39.0,Bajo,12.2,en_riesgo
6.7,48.8,13.7,0,0.0,Medio,12.7,en_riesgo
23.3,86.9,17.2,0,0.0,Alto,19.3,aprobado
12.9,73.3,16.2,1,44.0,Alto,15.7,aprobado
2.5,69.1,9.3,1,8.0,Bajo,10.7,reprobado
,93.6,18.9,1,25.0,Alto,20.0,aprobado
14.3,73.0,17.1,0,0.0,Alto,16.7,aprobado
28.1,99.1,14.4,1,31.0,alto,19.7,aprobado
13.0,69.6,13.3,0,0.0,Bajo,13.5,en_riesgo
16.6,44.7,7.0,1,26.0,Medio,10.1,reprobado
4.4,59.4,18.4,0,0.0,Bajo,13.6,en_riesgo
,45.8,17.3,1,43.0,Bajo,16.7,aprobado
5.7,93.3,7.4,1,11.0,Alto,11.3,en_riesgo
22.0,94.2,5.9,0,0.0,Alto,13.3,en_riesgo
21.5,78.2,11.3,0,0.0,Bajo,15.6,aprobado
18.7,41.0,14.7,1,26.0,Bajo,14.8,aprobado
2.2,54.0,8.2,1,44.0,Bajo,7.4,reprobado
1.4,55.4,7.8,1,26.0,Bajo,5.8,reprobado
18.7,79.6,,1,9.0,Alto,14.6,aprobado
25.3,46.3,5.7,0,0.0,alto,15.6,aprobado
6.4,49.9,10.7,1,46.0,Medio,7.6,reprobado
13.7,78.1,16.9,0,0.0,Medio,15.1,aprobado
23.0,92.2,18.6,1,22.0,Bajo,18.3,aprobado
28.3,71.9,8.9,0,0.0,Medio,16.0,aprobado
5.3,69.4,15.8,0,0.0,Alto,13.5,en_riesgo
9.0,44.9,14.4,1,9.0,Medio,12.5,en_riesgo
3.6,71.3,6.2,0,0.0,Medio,5.8,reprobado
9.2,84.5,6.9,1,47.0,Medio,8.9,reprobado
25.0,53.6,12.4,0,0.0,Bajo,15.1,aprobado
27.7,92.3,6.4,1,24.0,Bajo,13.2,en_riesgo
3.9,83.0,19.0,0,0.0,Bajo,14.8,aprobado
20.2,42.2,18.1,0,0.0,Bajo,12.4,en_riesgo
17.7,84.3,10.7,0,0.0,Alto,15.0,aprobado
12.5,85.3,5.2,1,30.0,Medio,11.7,en_riesgo
26.6,93.3,,1,20.0,Bajo,19.6,aprobado
5.3,49.6,16.3,0,0.0,Medio,10.6,reprobado
18.2,40.6,10.4,1,28.0,Medio,10.5,reprobado
3.9,71.6,6.5,0,0.0,Medio,7.2,reprobado
16.0,61.1,7.0,1,12.0,Bajo,9.6,reprobado
1.8,77.4,11.4,0,0.0,Alto,11.7,en_riesgo
27.2,46.8,16.9,0,0.0,Medio,19.4,aprobado
13.7,89.9,8.7,1,12.0,Medio,13.3,en_riesgo
22.3,95.8,5.3,0,0.0,Medio,13.0,en_riesgo
17.5,42.1,6.4,0,0.0,Bajo,9.6,reprobado
14.6,85.5,6.9,0,0.0,Alto,14.8,aprobado
7.8,85.1,16.2,1,10.0,Medio,14.2,aprobado
28.2,81.1,8.9,0,0.0,Medio,15.8,aprobado
,51.1,,0,0.0,Medio,11.3,en_riesgo
24.3,84.4,14.5,0,0.0,Bajo,17.7,aprobado
29.9,93.4,13.6,0,0.0,Bajo,20.0,aprobado
29.2,59.8,7.5,1,25.0,Alto,14.4,aprobado
12.0,64.1,13.3,1,12.0,Medio,12.2,en_riesgo
11.5,64.4,17.7,0,0.0,Medio,13.4,en_riesgo
18.6,79.9,15.0,0,0.0,Medio,17.3,aprobado
22.8,79.7,8.0,0,0.0,medio,14.2,aprobado
22.9,95.5,5.3,1,44.0,bajo,14.6,aprobado
10.5,76.9,12.0,0,0.0,Medio,12.2,en_riesgo
25.2,65.5,,0,0.0,Bajo,16.3,aprobado
25.6,94.4,13.4,1,14.0,Alto,18.1,aprobado
20.0,56.2,14.0,0,0.0,Medio,15.6,aprobado
18.5,95.0,19.4,1,18.0,Alto,16.5,aprobado
23.8,71.9,17.3,0,0.0,BAJO,18.5,aprobado
18.0,80.5,16.3,1,40.0,Medio,15.6,aprobado
28.7,91.4,16.9,0,0.0,Alto,20.0,aprobado
11.9,55.6,,1,30.0,Bajo,12.4,en_riesgo
9.4,99.2,5.3,0,0.0,Alto,10.2,reprobado
,48.8,11.9,0,0.0,Bajo,16.1,aprobado
15.4,47.4,18.9,0,0.0,Medio,16.7,aprobado
12.2,90.6,18.5,1,19.0,Bajo,15.2,aprobado
7.9,67.3,7.2,1,18.0,Bajo,9.6,reprobado
11.9,85.0,11.1,0,0.0,Bajo,13.6,en_riesgo
10.9,77.9,19.4,1,32.0,Alto,17.4,aprobado
13.9,68.9,12.4,0,0.0,Alto,15.0,aprobado
26.6,69.2,14.5,0,0.0,Bajo,18.2,aprobado
9.5,89.5,18.2,1,32.0,Medio,14.9,aprobado
17.1,99.3,,0,0.0,Bajo,18.5,aprobado
9.9,78.0,7.5,0,0.0,Medio,13.1,en_riesgo
2.9,99.7,12.8,1,35.0,Bajo,9.9,reprobado
1.9,77.3,,1,25.0,Medio,10.2,reprobado
21.4,86.3,12.5,0,0.0,ALTO,20.0,aprobado
15.0,77.4,10.2,0,0.0,Medio,13.2,en_riesgo
22.9,52.6,18.8,0,0.0,Medio,18.5,aprobado
12.1,99.9,16.3,1,9.0,Medio,16.4,aprobado
16.4,52.7,11.7,0,0.0,MEDIO,13.4,en_riesgo
,52.4,6.8,0,0.0,Alto,12.2,en_riesgo
20.0,75.2,14.2,0,0.0,Alto,17.5,aprobado
14.4,95.7,19.4,1,12.0,Medio,19.1,aprobado
25.3,96.2,19.0,1,28.0,Alto,20.0,aprobado
23.6,61.4,10.4,1,32.0,MEDIO,14.2,aprobado
6.5,72.9,17.2,0,0.0,Alto,16.4,aprobado
3.7,93.7,14.1,1,9.0,Medio,11.6,en_riesgo
22.5,95.7,18.0,0,0.0,Alto,20.0,aprobado
14.8,50.2,17.6,0,0.0,Alto,15.6,aprobado
12.4,92.6,16.5,1,14.0,Bajo,16.1,aprobado
13.3,71.3,12.4,1,39.0,Bajo,13.5,en_riesgo
24.3,94.0,10.3,0,0.0,Bajo,18.4,aprobado
10.6,54.6,13.7,1,20.0,Medio,12.2,en_riesgo
23.8,55.2,12.2,0,0.0,Medio,15.5,aprobado
5.1,44.3,16.1,0,0.0,Medio,10.9,reprobado
,87.0,16.1,1,25.0,Medio,13.4,en_riesgo
26.5,78.2,7.6,1,16.0,Bajo,14.0,aprobado
29.9,63.4,14.9,0,0.0,Medio,20.0,aprobado
23.0,79.7,,1,22.0,Bajo,17.2,aprobado
8.6,91.4,7.7,1,25.0,Alto,11.2,en_riesgo
15.8,44.3,9.0,0,0.0,Medio,11.1,en_riesgo
19.0,42.8,,0,0.0,Bajo,16.0,aprobado
5.9,83.1,14.9,0,0.0,Bajo,10.6,reprobado
9.0,98.3,13.4,1,29.0,MEDIO,11.9,en_riesgo
12.0,53.6,14.4,0,0.0,Medio,13.6,en_riesgo
1.5,80.0,5.5,0,0.0,Bajo,7.4,reprobado
10.3,75.8,16.6,1,25.0,Medio,12.5,en_riesgo
9.1,58.7,14.7,1,32.0,Bajo,12.2,en_riesgo
6.1,81.8,11.4,1,14.0,Medio,12.9,en_riesgo
27.9,74.0,7.9,0,0.0,Medio,16.0,aprobado
4.3,66.3,14.3,0,0.0,Medio,11.7,en_riesgo
13.2,64.6,16.5,1,39.0,Medio,13.3,en_riesgo
12.8,69.5,5.6,0,0.0,Bajo,10.7,reprobado
27.7,45.3,13.3,0,0.0,Medio,18.1,aprobado
10.7,86.7,10.7,0,0.0,Medio,12.5,en_riesgo
4.3,96.7,17.6,1,10.0,Medio,13.8,en_riesgo
25.3,80.8,19.4,0,0.0,Medio,19.1,aprobado
25.8,97.4,9.5,0,0.0,medio,19.5,aprobado
19.8,70.7,9.9,0,0.0,Alto,13.7,en_riesgo
28.3,73.2,6.3,0,0.0,Bajo,13.4,en_riesgo
4.2,73.7,19.4,1,15.0,Bajo,11.6,en_riesgo
,81.1,,1,21.0,Bajo,8.4,reprobado
,46.1,18.0,1,30.0,medio,13.8,en_riesgo
17.2,61.5,18.1,0,0.0,Bajo,15.5,aprobado
8.4,41.1,15.5,1,8.0,Medio,11.6,en_riesgo
2.7,80.2,9.4,0,0.0,Medio,8.1,reprobado
7.7,45.3,14.2,1,16.0,Medio,10.4,reprobado
28.9,46.0,9.5,0,0.0,Medio,13.7,en_riesgo
29.7,92.9,11.4,0,0.0,Alto,19.1,aprobado
2.0,85.0,14.3,1,36.0,Medio,9.6,reprobado
5.4,55.0,11.5,0,0.0,Bajo,8.5,reprobado
29.9,98.7,15.1,0,0.0,Medio,20.0,aprobado
25.8,62.2,13.8,0,0.0,Alto,18.6,aprobado
21.8,78.6,9.4,0,0.0,Bajo,13.4,en_riesgo
20.6,47.7,14.9,0,0.0,Medio,15.5,aprobado
25.8,67.4,15.7,1,13.0,Alto,19.5,aprobado
6.2,53.5,16.9,1,46.0,Medio,10.6,reprobado
8.5,48.2,15.1,0,0.0,Medio,13.0,en_riesgo
9.8,87.9,9.2,0,0.0,Bajo,10.2,reprobado
6.9,46.3,6.5,0,0.0,Medio,8.1,reprobado
,68.4,11.5,1,39.0,Alto,14.9,aprobado
21.7,54.6,14.3,0,0.0,Alto,17.4,aprobado
20.7,65.2,12.9,0,0.0,Bajo,15.4,aprobado
9.2,60.8,13.5,1,37.0,Alto,10.7,reprobado
3.0,86.9,18.4,0,0.0,Bajo,13.2,en_riesgo
10.8,81.0,6.9,1,31.0,Bajo,10.8,reprobado
20.4,77.5,6.2,0,0.0,Alto,12.9,en_riesgo
14.0,44.6,13.0,1,42.0,Medio,12.6,en_riesgo
19.5,51.3,18.5,1,12.0,Alto,18.9,aprobado
2.1,41.9,9.6,1,44.0,Bajo,6.5,reprobado
10.8,87.5,8.7,0,0.0,bajo,13.7,en_riesgo
10.7,44.1,13.9,1,8.0,Medio,9.7,reprobado
27.2,54.7,15.3,0,0.0,Medio,17.4,aprobado
2.5,54.4,10.4,1,46.0,Medio,6.3,reprobado
19.0,84.9,14.3,1,12.0,Medio,14.9,aprobado
11.1,71.5,15.4,1,38.0,Medio,11.3,en_riesgo
18.6,97.8,19.7,0,0.0,Medio,20.0,aprobado
12.5,95.7,8.9,0,0.0,Medio,13.6,en_riesgo
25.4,62.2,7.0,0,0.0,Medio,15.7,aprobado
27.0,60.0,10.7,1,32.0,Medio,15.2,aprobado
14.8,89.9,6.3,1,36.0,Bajo,9.2,reprobado
29.1,40.5,20.0,0,0.0,Alto,19.9,aprobado
4.2,54.9,14.6,0,0.0,Bajo,11.0,en_riesgo
27.7,94.7,17.6,1,38.0,Medio,20.0,aprobado
3.8,61.5,7.2,1,38.0,Medio,5.9,reprobado
4.9,93.2,13.1,0,0.0,Medio,12.7,en_riesgo
22.7,91.4,16.6,1,42.0,Bajo,19.0,aprobado
23.4,92.6,9.0,1,10.0,Medio,14.7,aprobado
8.8,95.7,,0,0.0,Medio,13.8,en_riesgo
24.6,82.1,15.4,1,22.0,Bajo,17.2,aprobado
4.7,48.3,,0,0.0,Alto,10.0,reprobado
5.6,47.7,11.4,0,0.0,Medio,11.8,en_riesgo
13.8,73.9,12.0,1,42.0,Bajo,11.2,en_riesgo
18.9,99.4,13.0,1,43.0,Medio,15.1,aprobado
25.9,62.2,,0,0.0,Medio,15.3,aprobado
,95.5,,0,0.0,Medio,18.1,aprobado
18.7,72.9,14.6,1,29.0,Medio,15.8,aprobado
7.7,89.8,17.7,1,16.0,Bajo,14.6,aprobado
7.4,62.1,14.0,1,45.0,Medio,9.9,reprobado
16.8,63.5,18.0,0,0.0,Medio,15.5,aprobado
21.5,67.9,9.1,1,22.0,Medio,13.2,en_riesgo
20.3,56.0,5.9,0,0.0,Medio,11.6,en_riesgo
29.6,60.9,18.9,0,0.0,Bajo,19.9,aprobado
11.6,86.8,16.3,0,0.0,Medio,15.4,aprobado
24.8,52.6,8.6,1,12.0,Bajo,13.7,en_riesgo
27.3,43.4,17.9,1,36.0,Bajo,17.9,aprobado
3.6,43.1,,1,18.0,Alto,10.2,reprobado
29.1,56.2,19.3,1,36.0,Medio,19.4,aprobado
27.1,54.7,14.8,1,41.0,Bajo,16.9,aprobado
9.1,58.0,15.5,0,0.0,Alto,13.9,en_riesgo
7.6,50.7,10.7,0,0.0,Bajo,8.9,reprobado
16.1,70.9,12.7,0,0.0,Medio,15.7,aprobado
23.7,95.5,19.5,0,0.0,ALTO,20.0,aprobado
28.5,52.3,11.3,0,0.0,Bajo,13.8,en_riesgo
,42.7,12.1,0,0.0,Medio,14.8,aprobado
25.3,63.6,9.9,1,26.0,Medio,14.3,aprobado
8.6,59.2,9.9,1,34.0,Medio,10.9,reprobado
27.6,86.9,16.0,1,15.0,Medio,20.0,aprobado
20.8,65.6,19.6,1,8.0,Bajo,18.4,aprobado
,71.9,5.6,1,30.0,Bajo,10.1,reprobado
23.0,72.0,17.0,0,0.0,Medio,20.0,aprobado
24.5,59.3,17.5,0,0.0,Medio,17.2,aprobado
2.5,91.2,,0,0.0,Alto,14.7,aprobado
6.5,49.6,5.1,1,18.0,Medio,5.8,reprobado
24.4,56.8,15.0,1,29.0,Medio,15.6,aprobado
10.9,83.1,8.4,0,0.0,Medio,13.0,en_riesgo
7.3,98.2,6.1,1,14.0,Medio,9.1,reprobado
24.5,99.9,19.8,1,27.0,Bajo,19.7,aprobado
21.5,87.9,7.4,0,0.0,Alto,17.2,aprobado
14.6,59.8,5.7,0,0.0,Bajo,11.7,en_riesgo
4.3,66.0,5.2,0,0.0,Medio,9.4,reprobado
9.0,69.0,9.1,0,0.0,Bajo,11.8,en_riesgo
26.0,91.9,11.8,0,0.0,bajo,19.1,aprobado
28.4,59.5,10.0,0,0.0,Alto,16.9,aprobado
2.6,91.2,10.8,0,0.0,Medio,11.7,en_riesgo
16.2,92.2,15.2,1,44.0,Medio,14.8,aprobado
17.0,84.1,15.4,0,0.0,Medio,16.1,aprobado
11.1,42.2,5.4,1,17.0,Bajo,5.6,reprobado
14.6,70.3,11.3,0,0.0,Medio,12.5,en_riesgo
,68.8,11.2,0,0.0,Medio,15.7,aprobado
7.1,54.3,11.5,0,0.0,Medio,9.5,reprobado
6.1,75.8,7.1,0,0.0,Medio,9.3,reprobado
18.2,63.3,17.9,0,0.0,Medio,17.1,aprobado
10.7,75.4,18.1,1,0.0,Medio,16.2,aprobado
19.1,90.0,14.6,0,0.0,Medio,16.7,aprobado
4.5,65.4,18.5,0,0.0,Bajo,12.4,en_riesgo
25.7,68.7,7.0,0,0.0,Medio,13.8,en_riesgo
10.4,75.8,,1,14.0,Medio,10.2,reprobado
14.0,67.4,10.2,0,0.0,bajo,14.3,aprobado
29.0,93.2,16.1,1,13.0,bajo,20.0,aprobado
,89.7,17.9,1,41.0,Alto,20.0,aprobado
24.7,42.5,15.3,0,0.0,Bajo,16.8,aprobado
29.6,93.6,14.0,0,0.0,Alto,20.0,aprobado
14.5,43.4,7.0,1,35.0,Bajo,9.3,reprobado
13.2,90.3,,1,47.0,Medio,12.4,en_riesgo
10.8,62.2,6.5,1,0.0,Medio,9.6,reprobado
10.4,84.7,17.0,0,0.0,Bajo,16.3,aprobado
28.4,61.7,11.1,1,24.0,Alto,16.6,aprobado
14.6,54.7,16.2,0,0.0,Medio,12.6,en_riesgo
9.3,81.7,9.6,1,36.0,Medio,9.1,reprobado
7.5,75.2,15.7,1,29.0,Medio,13.9,en_riesgo
2.3,87.2,14.6,0,0.0,Medio,12.4,en_riesgo
12.4,96.4,11.7,0,0.0,Bajo,12.8,en_riesgo
21.1,56.7,13.0,1,42.0,Medio,13.2,en_riesgo
5.5,66.4,10.5,1,44.0,Alto,9.0,reprobado
8.2,50.5,14.2,1,18.0,Medio,11.3,en_riesgo
29.0,48.6,,0,0.0,Bajo,19.9,aprobado
10.7,89.1,18.4,0,0.0,Medio,18.5,aprobado
9.4,67.4,11.7,0,0.0,Bajo,11.1,en_riesgo
16.8,74.5,,0,0.0,Medio,16.7,aprobado
,97.2,15.9,0,0.0,Bajo,20.0,aprobado
10.5,43.9,9.2,0,0.0,Medio,10.7,reprobado
24.0,52.3,17.0,0,0.0,Bajo,17.9,aprobado
5.2,95.0,18.7,1,34.0,Medio,12.2,en_riesgo
11.0,70.9,17.8,1,45.0,Bajo,12.7,en_riesgo
16.0,49.9,13.6,0,0.0,Alto,15.8,aprobado
21.3,75.6,,0,0.0,Medio,14.5,aprobado
20.4,75.3,13.0,1,44.0,MEDIO,15.1,aprobado
26.6,67.3,18.4,0,0.0,Medio,20.0,aprobado
26.8,69.1,14.9,1,42.0,Alto,17.7,aprobado
21.1,88.0,,0,0.0,Alto,14.6,aprobado
11.1,71.9,10.8,1,30.0,medio,10.6,reprobado
13.5,71.1,10.6,0,0.0,Bajo,12.2,en_riesgo
27.5,78.0,11.8,0,0.0,Medio,18.6,aprobado
11.3,61.7,8.0,0,0.0,Medio,9.3,reprobado
,63.7,10.1,1,0.0,Bajo,8.5,reprobado
24.8,86.9,15.0,0,0.0,Bajo,19.1,aprobado
19.0,73.8,14.3,0,0.0,Medio,16.1,aprobado
19.5,92.7,,0,0.0,Medio,13.4,en_riesgo
27.2,98.8,12.1,0,0.0,Medio,19.7,aprobado
5.2,60.3,10.6,1,37.0,Bajo,7.8,reprobado
12.8,50.0,15.6,1,22.0,Bajo,12.6,en_riesgo
1.3,64.8,18.7,1,47.0,Bajo,12.0,en_riesgo
8.4,55.9,7.0,0,0.0,Medio,8.6,reprobado
20.1,56.9,9.3,0,0.0,Bajo,14.2,aprobado
22.2,77.5,7.5,1,35.0,Medio,12.0,en_riesgo
4.4,63.0,5.4,1,15.0,Bajo,6.9,reprobado
28.3,62.4,10.0,0,0.0,Medio,14.8,aprobado
19.3,95.1,12.6,1,44.0,Medio,14.9,aprobado
18.4,76.3,13.2,0,0.0,Medio,16.5,aprobado
5.6,54.4,13.1,1,16.0,Bajo,8.4,reprobado
27.2,50.9,7.4,1,22.0,Alto,13.9,en_riesgo
6.8,59.3,11.0,0,0.0,Medio,10.6,reprobado
26.2,77.2,18.2,1,33.0,Medio,19.6,aprobado
18.1,91.2,13.0,1,37.0,Bajo,15.1,aprobado
10.0,89.2,9.7,0,0.0,Medio,11.1,en_riesgo
17.7,48.6,19.0,1,23.0,Medio,14.5,aprobado
18.9,82.7,,0,0.0,Medio,13.2,en_riesgo
19.2,81.8,19.7,0,0.0,Alto,20.0,aprobado
9.4,84.0,14.7,0,0.0,Medio,17.3,aprobado
10.8,79.4,11.0,0,0.0,Medio,13.2,en_riesgo
3.8,73.8,,0,0.0,Medio,9.5,reprobado
1.8,83.1,16.7,0,0.0,Alto,12.0,en_riesgo
26.3,90.9,9.0,0,0.0,Bajo,16.1,aprobado
25.6,98.9,12.6,1,21.0,Bajo,17.2,aprobado
21.9,40.6,,1,21.0,Alto,13.8,en_riesgo
7.6,42.3,12.5,1,19.0,Bajo,9.9,reprobado
3.0,97.2,18.3,1,17.0,Medio,13.0,en_riesgo
16.8,66.3,16.8,1,18.0,Medio,13.8,en_riesgo
12.0,59.2,18.6,1,33.0,Medio,12.8,en_riesgo
3.2,87.1,15.3,0,0.0,Medio,13.2,en_riesgo
26.2,42.9,11.1,0,0.0,Bajo,17.0,aprobado
13.4,76.8,10.5,0,0.0,Bajo,11.9,en_riesgo
11.5,62.1,13.0,0,0.0,Medio,12.1,en_riesgo
25.2,51.2,16.8,1,29.0,Bajo,16.0,aprobado
4.0,90.1,7.9,0,0.0,Medio,13.1,en_riesgo
,74.4,17.8,0,0.0,Medio,19.3,aprobado
20.5,42.1,6.1,1,46.0,Alto,9.8,reprobado
12.6,80.1,5.6,0,0.0,Bajo,11.6,en_riesgo
17.3,51.2,13.7,1,19.0,Alto,15.2,aprobado
27.0,40.8,6.7,1,47.0,Medio,12.3,en_riesgo
19.0,51.8,12.0,0,0.0,Alto,15.2,aprobado
21.3,41.7,15.2,1,43.0,Bajo,12.3,en_riesgo
20.9,46.4,6.1,1,13.0,Medio,13.5,en_riesgo
5.9,85.2,15.1,0,0.0,Medio,15.7,aprobado
11.2,56.9,,1,20.0,Medio,11.1,en_riesgo
18.5,98.1,9.8,1,25.0,Medio,12.8,en_riesgo
4.1,87.5,7.4,1,17.0,Medio,9.6,reprobado
15.0,81.2,18.5,0,0.0,Medio,16.2,aprobado
18.0,56.0,5.9,1,13.0,Medio,9.6,reprobado
,72.2,5.4,0,0.0,Medio,11.8,en_riesgo
12.0,66.8,15.7,1,20.0,Bajo,13.6,en_riesgo
11.1,54.1,15.0,1,24.0,Bajo,12.9,en_riesgo
23.7,77.4,18.3,0,0.0,Alto,19.9,aprobado
2.0,78.2,9.7,1,19.0,Bajo,9.6,reprobado
3.4,44.1,14.5,1,24.0,Medio,11.3,en_riesgo
2.8,84.0,8.6,0,0.0,Medio,9.2,reprobado
12.4,92.9,18.1,1,31.0,Bajo,14.1,aprobado
3.9,66.9,9.3,1,8.0,Medio,8.9,reprobado
11.4,97.8,11.3,0,0.0,Bajo,12.0,en_riesgo
6.0,59.8,,0,0.0,Alto,9.3,reprobado
,78.5,16.3,1,30.0,Medio,16.9,aprobado
13.2,84.8,19.3,1,29.0,Alto,17.0,aprobado
28.8,44.8,10.0,0,0.0,Bajo,15.4,aprobado
10.6,49.8,14.4,1,15.0,Medio,11.8,en_riesgo
20.6,59.5,8.9,1,28.0,Alto,13.8,en_riesgo
15.3,48.2,6.7,0,0.0,Medio,9.5,reprobado
16.2,68.5,8.4,1,23.0,MEDIO,10.8,reprobado
23.0,88.5,6.8,0,0.0,Medio,13.4,en_riesgo
23.8,58.4,15.4,0,0.0,Medio,18.4,aprobado
11.3,68.4,18.2,1,26.0,Medio,16.4,aprobado
2.6,84.5,5.8,0,0.0,Medio,8.6,reprobado
27.0,93.4,14.8,0,0.0,Medio,20.0,aprobado
2.3,97.0,10.1,1,24.0,Medio,9.4,reprobado
2.9,70.5,18.2,1,34.0,medio,10.5,reprobado
,46.8,17.2,1,14.0,Medio,14.4,aprobado
1.9,62.9,5.1,0,0.0,Bajo,7.1,reprobado
23.5,84.0,,0,0.0,Bajo,15.1,aprobado
25.7,70.9,9.2,1,28.0,Bajo,13.8,en_riesgo
3.3,94.9,8.1,0,0.0,Bajo,9.5,reprobado
29.6,67.5,10.1,0,0.0,Alto,18.9,aprobado
27.2,87.9,13.7,0,0.0,Medio,20.0,aprobado
17.4,70.2,9.7,1,14.0,Bajo,12.3,en_riesgo
15.5,97.7,16.8,0,0.0,Alto,19.8,aprobado
11.6,47.8,12.4,1,14.0,Medio,12.6,en_riesgo
16.7,41.0,,0,0.0,Medio,10.5,reprobado
14.4,45.1,8.2,1,30.0,Alto,11.6,en_riesgo
5.2,69.9,17.7,0,0.0,Bajo,13.2,en_riesgo
14.8,87.4,8.1,0,0.0,Medio,12.3,en_riesgo
,80.0,9.5,1,34.0,Bajo,11.3,en_riesgo
28.9,48.4,13.8,1,40.0,Medio,17.2,aprobado
11.5,56.9,7.0,1,24.0,Bajo,8.1,reprobado
,71.9,12.1,1,16.0,BAJO,12.9,en_riesgo
,96.8,5.7,1,43.0,Medio,14.6,aprobado
2.0,63.7,14.9,1,23.0,Bajo,12.1,en_riesgo
17.5,47.3,12.2,1,28.0,Medio,13.0,en_riesgo
24.6,90.8,18.7,1,28.0,Medio,20.0,aprobado
27.5,74.7,5.6,1,18.0,Bajo,13.7,en_riesgo
4.9,80.0,6.2,0,0.0,Bajo,7.0,reprobado
2.2,65.2,,0,0.0,Alto,12.0,en_riesgo
11.0,75.3,,1,36.0,Bajo,10.3,reprobado
1.1,96.6,15.1,0,0.0,Medio,12.9,en_riesgo
28.7,88.7,11.5,0,0.0,Alto,17.4,aprobado
11.9,76.0,7.9,1,36.0,Bajo,9.4,reprobado
,94.0,10.9,0,0.0,Alto,14.4,aprobado
27.3,90.0,16.0,1,37.0,Medio,18.2,aprobado
6.3,60.0,15.7,1,36.0,Bajo,11.2,en_riesgo
,97.4,8.8,0,0.0,Bajo,11.2,en_riesgo
14.9,68.1,9.4,0,0.0,Alto,13.5,en_riesgo
29.1,59.3,14.0,0,0.0,Alto,20.0,aprobado
17.9,79.2,5.3,0,0.0,Bajo,11.0,en_riesgo
,87.3,14.1,1,32.0,Bajo,15.0,aprobado
,77.6,19.3,0,0.0,Alto,17.3,aprobado
2.5,66.4,9.8,0,0.0,Medio,8.6,reprobado
29.6,55.4,15.9,0,0.0,Medio,19.7,aprobado
22.1,95.7,8.4,1,0.0,MEDIO,14.2,aprobado
17.5,66.8,8.2,0,0.0,Bajo,10.7,reprobado
4.5,83.9,13.9,0,0.0,Bajo,12.2,en_riesgo
14.5,97.4,7.6,0,0.0,Medio,11.7,en_riesgo
15.0,45.4,18.3,0,0.0,Bajo,15.9,aprobado
3.8,49.3,12.8,0,0.0,Alto,10.8,reprobado
,60.2,,0,0.0,Bajo,14.3,aprobado
1.9,49.6,8.3,1,29.0,Alto,6.9,reprobado
17.1,91.6,5.8,0,0.0,Bajo,12.4,en_riesgo
6.7,88.0,17.5,1,13.0,Medio,13.6,en_riesgo
,75.7,19.4,0,0.0,Bajo,14.6,aprobado
22.7,68.3,9.4,1,20.0,Bajo,11.2,en_riesgo
7.8,61.8,11.7,1,39.0,Bajo,10.3,reprobado
,87.0,,1,10.0,MEDIO,8.7,reprobado
8.2,93.1,,0,0.0,Alto,16.4,aprobado
16.8,41.9,19.6,1,43.0,Bajo,13.8,en_riesgo
7.0,78.0,17.9,0,0.0,Alto,17.0,aprobado
4.7,100.0,14.9,0,0.0,Bajo,11.1,en_riesgo
19.1,75.1,15.2,1,47.0,Medio,15.0,aprobado
3.8,89.0,7.9,1,46.0,Bajo,9.1,reprobado
12.9,40.9,6.1,0,0.0,Alto,8.3,reprobado
21.7,67.9,6.2,1,30.0,Medio,13.8,en_riesgo
28.6,64.5,15.6,0,0.0,Medio,18.5,aprobado
15.1,50.3,12.0,0,0.0,Medio,13.4,en_riesgo
2.7,87.7,,0,0.0,Medio,12.1,en_riesgo
13.0,97.3,16.3,0,0.0,ALTO,20.0,aprobado
5.7,95.0,12.1,1,37.0,bajo,10.1,reprobado
8.4,44.0,5.4,1,20.0,Bajo,6.4,reprobado
9.1,49.0,,1,44.0,Bajo,10.6,reprobado
9.8,82.2,19.2,0,0.0,Medio,14.2,aprobado
12.0,88.2,16.5,0,0.0,Medio,16.0,aprobado
24.4,99.9,10.8,1,40.0,Medio,15.2,aprobado
3.7,69.0,9.2,1,40.0,Alto,9.3,reprobado
7.0,65.5,13.4,0,0.0,Bajo,10.0,reprobado
18.2,99.0,9.9,1,12.0,Medio,15.5,aprobado
,74.1,11.4,1,23.0,Bajo,10.7,reprobado
13.9,68.5,8.7,0,0.0,Alto,13.1,en_riesgo
16.5,77.6,7.9,1,29.0,Bajo,10.9,reprobado
10.3,56.0,8.8,1,27.0,Bajo,10.8,reprobado
26.4,55.3,12.0,0,0.0,Bajo,16.0,aprobado
12.7,46.7,8.6,0,0.0,Medio,10.7,reprobado
3.7,67.0,16.7,1,47.0,Medio,9.4,reprobado
27.1,70.1,13.2,0,0.0,Bajo,17.0,aprobado
3.1,54.1,,0,0.0,MEDIO,12.2,en_riesgo
25.1,66.6,13.7,1,31.0,Medio,15.5,aprobado
18.8,56.0,9.5,1,47.0,Bajo,9.9,reprobado
25.4,42.9,14.3,0,0.0,Bajo,15.4,aprobado
3.9,55.7,5.9,0,0.0,medio,7.9,reprobado
11.2,61.9,15.5,0,0.0,Bajo,13.1,en_riesgo
8.9,84.2,18.0,1,46.0,Medio,11.1,en_riesgo
22.7,94.7,8.6,1,17.0,Alto,16.3,aprobado
28.4,46.5,5.9,1,31.0,Medio,12.1,en_riesgo
5.2,92.5,8.3,0,0.0,Bajo,10.1,reprobado
11.1,73.8,16.8,1,38.0,Bajo,15.8,aprobado
26.1,86.1,,1,29.0,Bajo,14.1,aprobado
10.2,61.2,12.0,0,0.0,Bajo,12.9,en_riesgo
28.7,82.1,13.7,1,32.0,MEDIO,16.2,aprobado
11.2,80.0,6.8,1,47.0,Bajo,10.1,reprobado
2.5,63.9,18.7,0,0.0,Medio,12.5,en_riesgo
12.7,63.6,6.7,0,0.0,Medio,12.2,en_riesgo
26.0,88.1,17.1,0,0.0,Medio,20.0,aprobado
15.5,64.3,8.2,0,0.0,Medio,11.4,en_riesgo
19.9,73.0,,0,0.0,Alto,19.3,aprobado
,83.0,6.7,1,46.0,Bajo,12.4,en_riesgo
,44.1,6.1,1,27.0,Alto,12.8,en_riesgo
12.1,70.4,15.7,1,47.0,Medio,13.6,en_riesgo
9.9,73.7,9.3,1,29.0,Medio,10.0,reprobado
,52.8,7.8,0,0.0,Bajo,8.1,reprobado
10.8,56.6,19.1,1,27.0,Bajo,13.3,en_riesgo
21.9,83.5,10.9,0,0.0,Medio,15.1,aprobado
,62.6,14.2,1,37.0,Bajo,16.4,aprobado
4.6,52.4,13.1,0,0.0,Bajo,8.3,reprobado
21.7,81.9,17.1,1,13.0,Alto,19.7,aprobado
11.2,85.0,10.5,0,0.0,Bajo,12.5,en_riesgo
19.2,91.6,7.7,0,0.0,Medio,14.5,aprobado
,61.2,15.5,1,39.0,Medio,14.7,aprobado
28.8,49.1,10.0,0,0.0,Medio,16.2,aprobado
26.1,79.0,8.9,0,0.0,Medio,17.2,aprobado
8.9,92.1,10.4,0,0.0,Bajo,10.8,reprobado
5.2,95.1,7.5,0,0.0,Bajo,8.4,reprobado
23.8,74.8,13.2,1,37.0,Medio,15.0,aprobado
8.7,47.1,12.5,0,0.0,Medio,11.7,en_riesgo
12.0,53.8,5.8,0,0.0,Bajo,8.3,reprobado
12.3,99.1,10.2,0,0.0,Medio,13.8,en_riesgo
17.6,75.8,7.0,1,22.0,Bajo,11.8,en_riesgo
14.4,62.5,9.7,1,34.0,Medio,9.9,reprobado
1.3,51.8,12.0,1,47.0,Bajo,7.3,reprobado
4.0,67.4,12.9,1,14.0,Medio,11.0,en_riesgo
5.2,52.0,13.8,0,0.0,Medio,10.3,reprobado
17.5,48.4,19.3,1,10.0,Bajo,15.5,aprobado
4.2,46.0,18.1,0,0.0,Bajo,8.5,reprobado
17.5,88.3,16.9,1,21.0,Bajo,13.5,en_riesgo
14.9,46.7,9.1,0,0.0,Bajo,12.1,en_riesgo
17.8,45.3,7.4,1,16.0,Medio,10.6,reprobado
12.0,96.1,5.8,0,0.0,Alto,11.1,en_riesgo
14.7,71.7,10.1,0,0.0,Medio,13.8,en_riesgo
7.1,91.1,12.6,1,31.0,Alto,12.1,en_riesgo
5.1,46.2,14.6,1,26.0,Bajo,10.5,reprobado
13.3,76.1,11.2,1,40.0,Alto,11.3,en_riesgo
29.1,57.1,16.6,0,0.0,Alto,20.0,aprobado
21.1,65.8,12.4,0,0.0,Alto,17.2,aprobado
6.5,41.6,15.9,0,0.0,Medio,12.8,en_riesgo
19.6,66.3,12.0,1,42.0,Alto,13.8,en_riesgo
14.4,70.4,19.1,0,0.0,Medio,15.6,aprobado
,71.3,7.3,0,0.0,Bajo,9.4,reprobado
6.0,90.6,14.2,0,0.0,Alto,14.7,aprobado
5.7,47.6,15.9,0,0.0,Bajo,9.0,reprobado
3.6,74.3,5.4,1,22.0,Medio,6.6,reprobado
27.3,96.6,7.6,0,0.0,Alto,17.7,aprobado
8.9,90.7,10.8,1,39.0,Medio,10.7,reprobado
27.7,77.8,6.1,1,36.0,Bajo,12.3,en_riesgo
15.5,83.8,11.3,1,36.0,Medio,13.6,en_riesgo
7.7,78.4,14.0,0,0.0,Alto,13.3,en_riesgo
19.9,44.9,,0,0.0,Alto,16.1,aprobado
22.7,81.7,16.9,0,0.0,Bajo,17.4,aprobado
,92.5,7.0,0,0.0,Bajo,8.1,reprobado
14.1,82.6,14.1,1,38.0,Medio,15.0,aprobado
28.4,95.2,8.2,0,0.0,Medio,18.6,aprobado
19.6,51.8,5.4,0,0.0,Bajo,11.1,en_riesgo
5.9,62.5,15.1,0,0.0,Medio,11.6,en_riesgo
,84.9,5.1,0,0.0,Bajo,10.7,reprobado
17.7,81.6,16.9,1,36.0,Bajo,16.8,aprobado
3.7,81.2,15.6,1,25.0,Alto,9.9,reprobado
25.9,93.2,8.5,1,44.0,Alto,15.3,aprobado
24.3,72.4,6.3,0,0.0,Bajo,15.2,aprobado
28.9,83.0,11.1,0,0.0,Bajo,17.8,aprobado
8.2,62.8,15.6,1,0.0,Medio,11.6,en_riesgo
18.9,59.8,,1,43.0,Bajo,13.3,en_riesgo
26.7,76.2,5.3,1,25.0,BAJO,13.6,en_riesgo
21.9,72.9,12.2,1,37.0,Bajo,13.6,en_riesgo
,47.3,11.0,0,0.0,Medio,8.5,reprobado
16.2,77.0,11.8,0,0.0,Medio,15.6,aprobado
,83.9,9.8,1,38.0,Bajo,14.4,aprobado
27.9,91.8,8.7,1,22.0,Bajo,16.1,aprobado
10.1,60.3,,1,45.0,Bajo,8.2,reprobado
22.5,69.4,11.1,1,40.0,Medio,14.1,aprobado
12.1,81.2,17.1,1,34.0,Medio,14.1,aprobado
9.7,86.5,14.9,0,0.0,Alto,15.5,aprobado
3.2,51.2,15.3,0,0.0,Alto,13.3,en_riesgo
24.6,53.0,15.9,0,0.0,Medio,16.7,aprobado
12.7,43.8,8.1,0,0.0,Alto,11.8,en_riesgo
15.5,62.3,,0,0.0,BAJO,14.8,aprobado
3.6,96.1,9.9,0,0.0,Alto,12.6,en_riesgo
15.6,46.8,5.6,1,37.0,Medio,8.5,reprobado
24.2,56.7,10.7,0,0.0,Alto,16.3,aprobado
4.8,72.0,15.8,1,17.0,Medio,12.3,en_riesgo
22.0,82.7,11.7,0,0.0,Bajo,16.0,aprobado
11.1,83.2,14.4,1,45.0,Alto,15.3,aprobado
27.6,54.2,6.2,1,18.0,Alto,14.6,aprobado
29.5,77.4,14.8,1,29.0,Medio,18.1,aprobado
3.9,95.4,,0,0.0,Alto,12.4,en_riesgo
8.7,87.8,12.9,0,0.0,Alto,15.8,aprobado
27.4,99.1,16.5,1,16.0,Medio,20.0,aprobado
,81.4,17.1,1,42.0,Medio,9.8,reprobado
18.3,47.4,6.4,0,0.0,Medio,10.5,reprobado
4.2,66.3,8.4,0,0.0,Medio,8.8,reprobado
14.9,52.3,8.7,0,0.0,Bajo,11.0,en_riesgo
15.1,88.9,10.6,0,0.0,medio,14.7,aprobado
15.9,95.8,16.7,1,14.0,Medio,15.7,aprobado
15.5,79.6,14.0,0,0.0,BAJO,13.9,en_riesgo
19.0,93.7,8.1,1,27.0,Medio,12.8,en_riesgo
25.8,92.9,11.4,1,30.0,Bajo,18.3,aprobado
12.0,41.4,18.2,0,0.0,Alto,15.8,aprobado
29.0,66.9,5.1,0,0.0,Bajo,14.7,aprobado
2.2,93.8,6.1,0,0.0,Medio,9.4,reprobado
,42.7,9.7,1,15.0,Bajo,8.1,reprobado
27.0,82.8,13.3,0,0.0,Medio,19.9,aprobado
4.1,45.7,13.9,1,44.0,Medio,6.9,reprobado
14.1,45.3,11.2,0,0.0,Medio,12.1,en_riesgo
1.2,59.6,5.4,1,19.0,Medio,4.6,reprobado
5.4,43.1,12.3,1,9.0,Bajo,9.7,reprobado
16.9,60.1,15.1,0,0.0,Medio,13.1,en_riesgo
29.2,62.8,15.7,1,17.0,Bajo,20.0,aprobado
9.3,49.8,9.0,0,0.0,Medio,7.2,reprobado
28.4,96.2,5.6,0,0.0,Bajo,14.1,aprobado
11.5,96.1,19.8,0,0.0,Bajo,17.4,aprobado
9.1,57.5,11.2,1,12.0,Alto,11.3,en_riesgo
19.9,74.3,14.4,0,0.0,Alto,17.8,aprobado
3.3,97.0,12.2,0,0.0,Alto,15.4,aprobado
29.8,52.1,17.7,1,45.0,Bajo,16.8,aprobado
24.2,98.0,16.5,1,35.0,Alto,17.7,aprobado
,56.6,6.1,0,0.0,Medio,10.3,reprobado
27.9,98.5,9.7,1,19.0,bajo,18.4,aprobado
28.8,61.0,9.6,0,0.0,Medio,16.3,aprobado
25.1,56.4,9.5,0,0.0,Bajo,15.3,aprobado
4.3,45.2,9.4,0,0.0,Bajo,8.2,reprobado
29.7,72.6,12.7,1,17.0,Medio,17.6,aprobado
14.2,42.4,,1,47.0,Bajo,10.3,reprobado
4.0,98.9,9.5,0,0.0,Medio,9.7,reprobado
12.9,85.8,20.0,0,0.0,Medio,18.1,aprobado
25.2,64.6,6.4,1,25.0,Bajo,14.4,aprobado
19.7,76.5,13.3,0,0.0,Bajo,16.2,aprobado
13.9,91.5,5.6,0,0.0,Medio,12.6,en_riesgo
3.7,79.6,12.2,0,0.0,Medio,9.6,reprobado
,51.1,,1,17.0,Bajo,4.6,reprobado
6.8,89.1,12.1,0,0.0,Bajo,12.2,en_riesgo
27.7,87.4,14.5,0,0.0,Bajo,19.1,aprobado
23.6,71.4,8.4,0,0.0,Medio,14.3,aprobado
,53.2,17.2,1,22.0,Bajo,15.2,aprobado
10.3,40.4,7.6,1,39.0,Medio,8.5,reprobado
19.8,99.5,13.2,1,29.0,Medio,19.0,aprobado
,56.9,9.9,0,0.0,Medio,10.6,reprobado
,57.1,10.4,0,0.0,Bajo,10.5,reprobado
,97.8,14.5,1,19.0,Alto,13.0,en_riesgo
13.3,50.2,9.1,1,16.0,Medio,11.6,en_riesgo
12.9,87.6,19.1,0,0.0,Medio,15.9,aprobado
28.3,41.7,16.3,0,0.0,Alto,19.5,aprobado
6.0,69.7,18.7,0,0.0,Medio,15.3,aprobado
,76.9,19.4,1,41.0,Bajo,13.0,en_riesgo
18.8,95.0,9.9,0,0.0,Bajo,15.8,aprobado
,61.9,18.1,0,0.0,Alto,19.8,aprobado
25.9,56.5,15.6,1,45.0,Bajo,15.5,aprobado
8.3,93.0,7.5,1,27.0,Medio,9.9,reprobado
,55.6,16.4,0,0.0,Medio,18.2,aprobado
27.3,97.7,6.9,0,0.0,Medio,15.1,aprobado
19.6,79.8,5.6,1,47.0,Medio,12.7,en_riesgo
28.6,49.7,13.8,0,0.0,Bajo,19.7,aprobado
10.8,80.6,,0,0.0,Bajo,16.6,aprobado
16.8,60.5,12.9,1,34.0,Medio,13.3,en_riesgo
8.0,96.9,13.6,1,34.0,Bajo,12.0,en_riesgo
3.8,73.5,19.1,0,0.0,Bajo,14.3,aprobado
13.4,95.7,15.9,0,0.0,Alto,17.9,aprobado
14.7,71.7,14.7,1,45.0,Alto,13.8,en_riesgo
8.3,60.5,17.2,1,11.0,Medio,13.1,en_riesgo
21.0,85.4,17.7,0,0.0,Medio,18.5,aprobado
16.3,66.0,14.4,0,0.0,Medio,14.2,aprobado
5.2,71.2,,1,34.0,Bajo,10.0,reprobado
11.0,73.0,,0,0.0,Medio,14.5,aprobado
1.1,91.0,16.7,1,32.0,Medio,11.3,en_riesgo
16.7,97.1,6.4,0,0.0,Alto,13.6,en_riesgo
3.1,74.4,8.6,1,16.0,Bajo,8.0,reprobado
11.2,92.4,7.1,0,0.0,Medio,12.2,en_riesgo
21.0,42.9,15.3,1,25.0,Medio,13.0,en_riesgo
7.1,60.1,11.7,0,0.0,Medio,9.7,reprobado
12.0,87.1,6.7,1,22.0,Bajo,10.0,reprobado
1.8,61.7,10.2,0,0.0,Medio,9.2,reprobado
15.7,100.0,15.8,0,0.0,Bajo,16.4,aprobado
,55.1,15.1,1,18.0,Bajo,12.7,en_riesgo
25.3,90.5,12.3,1,9.0,Alto,18.3,aprobado
10.9,74.4,6.9,0,0.0,BAJO,10.4,reprobado
,81.5,,1,32.0,Bajo,16.3,aprobado
28.9,65.8,,0,0.0,Alto,20.0,aprobado
3.2,62.1,18.4,0,0.0,Medio,12.5,en_riesgo
9.0,89.9,17.3,0,0.0,Medio,16.0,aprobado
4.5,94.3,14.2,1,18.0,Medio,12.5,en_riesgo
1.8,50.4,,1,26.0,Medio,3.3,reprobado
27.5,82.2,,1,44.0,MEDIO,14.3,aprobado
13.9,69.9,13.5,0,0.0,Medio,14.0,aprobado
23.1,42.4,,0,0.0,Bajo,13.0,en_riesgo
,99.3,10.1,0,0.0,Bajo,19.2,aprobado
22.5,75.1,6.3,1,36.0,Bajo,8.9,reprobado
19.2,53.3,20.0,0,0.0,Medio,18.8,aprobado
12.2,67.5,17.2,1,10.0,Medio,15.6,aprobado
11.3,40.6,16.5,1,33.0,Medio,13.8,en_riesgo
23.2,60.1,17.0,0,0.0,Bajo,17.5,aprobado
10.0,59.8,19.1,0,0.0,Alto,16.8,aprobado
27.8,96.6,15.1,0,0.0,Medio,20.0,aprobado
25.3,59.3,7.4,0,0.0,Medio,13.6,en_riesgo
10.5,58.3,13.6,0,0.0,Medio,15.0,aprobado
14.5,75.1,11.8,0,0.0,Bajo,14.1,aprobado
21.8,40.8,5.0,0,0.0,Medio,10.8,reprobado
4.3,47.9,15.6,1,29.0,Medio,10.2,reprobado
24.3,97.3,16.3,1,17.0,Alto,18.7,aprobado
17.4,58.4,14.3,1,46.0,Bajo,14.8,aprobado
24.8,90.0,6.3,0,0.0,Bajo,16.2,aprobado
5.7,46.0,9.0,1,9.0,MEDIO,5.5,reprobado
17.4,60.9,7.2,1,26.0,Medio,11.2,en_riesgo
,96.3,6.4,1,15.0,Medio,10.6,reprobado
2.4,69.6,9.3,1,24.0,Medio,7.3,reprobado
13.2,83.8,14.9,1,21.0,Alto,15.9,aprobado
16.1,77.8,5.7,0,0.0,Alto,12.7,en_riesgo
6.4,51.2,15.2,0,0.0,Medio,11.2,en_riesgo
11.3,95.7,,0,0.0,medio,13.8,en_riesgo
28.0,42.2,5.8,0,0.0,Bajo,12.5,en_riesgo
11.9,97.1,7.8,1,15.0,Bajo,14.2,aprobado
16.7,62.1,7.2,1,34.0,Medio,11.9,en_riesgo
,82.1,8.4,0,0.0,Bajo,15.8,aprobado
24.7,65.4,18.0,1,37.0,Bajo,18.0,aprobado
26.7,51.9,19.4,1,42.0,Medio,15.5,aprobado
22.1,59.1,13.8,1,28.0,Medio,14.7,aprobado
4.1,63.8,15.6,1,11.0,Bajo,11.6,en_riesgo
20.3,99.5,15.7,0,0.0,Alto,20.0,aprobado
18.2,76.0,10.8,0,0.0,BAJO,13.0,en_riesgo
19.4,41.7,14.2,0,0.0,ALTO,14.9,aprobado
28.4,53.3,20.0,1,44.0,Alto,19.7,aprobado
8.0,72.9,7.0,0,0.0,Medio,9.7,reprobado
18.3,72.6,12.6,0,0.0,BAJO,16.4,aprobado
11.1,90.4,5.2,0,0.0,Alto,10.3,reprobado
9.2,97.8,17.5,0,0.0,Alto,17.9,aprobado
27.1,51.2,12.0,0,0.0,Medio,16.8,aprobado
17.6,89.4,12.3,0,0.0,Medio,15.9,aprobado
1.9,75.3,18.4,0,0.0,Alto,16.3,aprobado
18.9,77.3,7.7,0,0.0,Alto,14.4,aprobado
29.1,77.8,15.6,0,0.0,Medio,20.0,aprobado
7.2,79.3,14.0,0,0.0,Medio,11.7,en_riesgo
21.3,90.1,13.0,1,22.0,Alto,18.4,aprobado
6.5,40.7,7.6,0,0.0,Bajo,7.9,reprobado
15.3,82.6,5.1,0,0.0,Medio,9.9,reprobado
,53.5,14.0,1,0.0,Bajo,9.0,reprobado
27.2,98.0,11.8,0,0.0,Bajo,16.7,aprobado
27.0,85.9,18.5,0,0.0,Medio,20.0,aprobado
6.9,80.5,11.8,0,0.0,Bajo,10.3,reprobado
10.7,78.5,9.3,1,24.0,Bajo,9.1,reprobado
26.4,81.0,9.8,0,0.0,Medio,17.7,aprobado
7.0,87.3,8.2,1,19.0,Bajo,9.6,reprobado
8.8,58.3,9.5,0,0.0,Bajo,8.4,reprobado
13.6,98.8,5.4,1,45.0,Bajo,9.3,reprobado
21.2,83.3,12.1,1,10.0,Medio,14.7,aprobado
18.7,68.7,7.1,1,14.0,Bajo,13.4,en_riesgo
,75.8,18.8,1,38.0,Bajo,11.9,en_riesgo
18.7,49.8,12.6,1,12.0,Medio,14.2,aprobado
1.8,86.0,9.9,1,26.0,Medio,8.3,reprobado
29.3,96.9,7.5,0,0.0,Medio,15.7,aprobado
1.7,66.6,5.1,0,0.0,Medio,6.7,reprobado
2.5,90.9,,0,0.0,Alto,13.1,en_riesgo
26.9,42.4,10.7,0,0.0,Medio,15.3,aprobado
5.1,98.1,5.5,1,24.0,Medio,8.6,reprobado
10.9,48.4,8.6,0,0.0,Medio,9.0,reprobado
23.8,55.4,7.9,0,0.0,Medio,13.6,en_riesgo
,83.7,6.5,1,11.0,Alto,16.4,aprobado
2.0,53.3,5.5,1,26.0,Alto,5.9,reprobado
24.9,72.1,18.5,1,47.0,Medio,18.1,aprobado
25.2,44.3,15.0,1,29.0,Medio,16.0,aprobado
20.6,46.6,7.8,1,14.0,Bajo,9.9,reprobado
1.9,54.5,14.2,0,0.0,Bajo,9.0,reprobado
10.7,95.5,6.5,1,29.0,Medio,9.3,reprobado
5.5,90.6,7.2,0,0.0,Medio,9.2,reprobado
24.4,94.9,11.3,1,10.0,Bajo,16.1,aprobado
29.6,98.0,18.9,1,39.0,Medio,20.0,aprobado
11.4,92.8,11.0,1,30.0,Bajo,11.0,en_riesgo
22.0,71.3,17.6,1,42.0,Bajo,16.4,aprobado
25.0,57.1,14.7,0,0.0,Medio,17.9,aprobado
9.4,61.8,7.4,0,0.0,Alto,10.6,reprobado
23.2,57.2,19.1,0,0.0,Bajo,17.5,aprobado
,99.9,7.8,1,29.0,Bajo,15.5,aprobado
2.3,54.1,,1,29.0,Medio,13.2,en_riesgo
8.7,55.3,17.0,0,0.0,Medio,12.9,en_riesgo
,76.6,17.0,0,0.0,Bajo,19.9,aprobado
8.5,83.8,19.5,1,27.0,Medio,16.8,aprobado
28.2,73.0,7.4,0,0.0,Bajo,15.6,aprobado
6.1,74.8,14.7,1,34.0,Medio,9.3,reprobado
16.3,58.0,,1,46.0,Bajo,13.0,en_riesgo
13.0,71.0,16.4,0,0.0,Medio,16.8,aprobado
22.8,53.2,18.3,1,27.0,Medio,17.8,aprobado
26.3,43.4,7.2,0,0.0,Alto,14.6,aprobado
17.6,97.5,16.1,1,25.0,Bajo,15.8,aprobado
4.8,76.2,12.3,1,13.0,Medio,10.4,reprobado
,94.6,12.6,1,9.0,Alto,13.9,en_riesgo
29.3,46.7,11.1,1,44.0,Bajo,14.3,aprobado
26.8,83.5,7.7,1,13.0,Alto,18.1,aprobado
13.4,73.4,15.3,1,38.0,Medio,13.7,en_riesgo
,98.6,5.7,0,0.0,Alto,11.2,en_riesgo
15.7,75.3,,1,17.0,Medio,12.7,en_riesgo
27.9,81.6,,1,16.0,Bajo,18.7,aprobado
7.4,49.2,12.7,0,0.0,Bajo,10.3,reprobado
3.1,85.7,16.7,1,45.0,Alto,14.3,aprobado
25.6,57.5,18.7,0,0.0,Bajo,19.7,aprobado
24.7,92.9,10.2,0,0.0,Medio,18.8,aprobado
15.2,84.7,5.9,1,17.0,Medio,12.6,en_riesgo
2.6,77.9,11.2,0,0.0,Bajo,9.2,reprobado
26.5,51.3,16.1,0,0.0,Medio,16.9,aprobado
28.9,86.3,17.7,1,44.0,Medio,19.7,aprobado
9.3,95.6,19.9,0,0.0,Bajo,15.5,aprobado
27.6,61.9,9.7,0,0.0,Bajo,15.5,aprobado
16.5,97.8,17.1,0,0.0,Bajo,17.7,aprobado
21.2,95.4,12.7,0,0.0,Bajo,15.7,aprobado
14.7,75.5,12.3,1,22.0,Alto,14.4,aprobado
12.7,59.5,7.0,0,0.0,Medio,8.1,reprobado
21.2,99.4,13.4,1,15.0,Medio,15.7,aprobado
28.5,64.5,5.8,1,8.0,Medio,16.9,aprobado
7.8,46.0,16.8,0,0.0,Bajo,9.1,reprobado
8.3,89.1,10.8,0,0.0,bajo,14.4,aprobado
14.7,96.9,10.1,0,0.0,ALTO,15.1,aprobado
10.4,60.7,,1,15.0,Bajo,11.0,en_riesgo
16.1,79.9,13.9,0,0.0,Bajo,14.8,aprobado
18.7,92.1,18.3,1,15.0,medio,16.3,aprobado
26.8,75.2,8.8,0,0.0,Medio,17.1,aprobado
14.9,89.3,6.4,0,0.0,Medio,13.7,en_riesgo
5.4,43.8,,1,46.0,Medio,5.0,reprobado
15.2,58.7,14.4,0,0.0,Bajo,15.9,aprobado
23.7,42.0,8.2,1,24.0,Bajo,12.0,en_riesgo
18.3,54.0,9.7,0,0.0,Alto,15.1,aprobado
6.7,64.1,19.0,0,0.0,Bajo,14.1,aprobado
,94.2,9.5,0,0.0,Bajo,10.6,reprobado
,98.4,11.3,1,28.0,Bajo,8.6,reprobado
18.2,82.4,,1,13.0,Medio,14.0,aprobado
8.5,70.9,,1,42.0,Bajo,6.7,reprobado
23.7,48.3,,0,0.0,Alto,18.5,aprobado
29.4,75.2,17.3,1,19.0,Bajo,19.1,aprobado
,88.6,18.8,0,0.0,Medio,20.0,aprobado
5.8,62.2,8.9,0,0.0,Bajo,7.4,reprobado
20.5,90.0,14.5,0,0.0,Medio,18.8,aprobado
19.9,46.8,13.0,0,0.0,Alto,16.3,aprobado
24.7,70.9,14.8,1,18.0,Alto,17.9,aprobado
17.3,71.4,11.8,1,18.0,Medio,13.2,en_riesgo
15.7,60.3,7.5,0,0.0,Alto,8.4,reprobado
19.4,78.9,18.9,1,47.0,Medio,18.5,aprobado
28.5,44.6,9.4,1,37.0,Bajo,13.3,en_riesgo
2.5,62.2,7.6,0,0.0,Alto,9.7,reprobado
11.1,75.3,15.6,0,0.0,Alto,17.4,aprobado
3.9,83.7,14.5,0,0.0,Bajo,10.6,reprobado
10.7,85.2,10.1,1,17.0,Bajo,11.6,en_riesgo
4.3,93.4,6.1,0,0.0,Bajo,9.1,reprobado
5.6,82.3,,0,0.0,Medio,13.4,en_riesgo
26.7,91.7,17.9,0,0.0,Alto,20.0,aprobado
26.1,66.1,16.1,0,0.0,Bajo,18.3,aprobado
,49.3,18.2,0,0.0,Medio,17.0,aprobado
6.0,98.6,12.9,0,0.0,Medio,14.0,aprobado
11.5,54.8,8.3,0,0.0,Bajo,10.6,reprobado
5.9,78.0,15.2,1,39.0,Bajo,12.3,en_riesgo
16.8,41.9,9.9,0,0.0,Bajo,10.0,reprobado
22.5,56.7,9.4,0,0.0,Alto,17.3,aprobado
5.2,81.3,19.4,0,0.0,Bajo,16.3,aprobado
6.6,43.5,9.8,1,32.0,MEDIO,8.5,reprobado
26.9,54.9,12.0,0,0.0,Medio,17.4,aprobado
21.7,66.6,6.8,1,24.0,Medio,11.0,en_riesgo
14.5,85.9,9.4,1,38.0,Alto,12.6,en_riesgo
16.6,46.1,13.6,0,0.0,Bajo,14.0,aprobado
7.5,68.8,9.5,0,0.0,Medio,10.3,reprobado
26.8,74.8,8.9,1,25.0,Bajo,13.7,en_riesgo
4.3,95.5,8.7,0,0.0,Alto,10.6,reprobado
23.8,55.9,15.2,0,0.0,Bajo,13.9,en_riesgo
,55.5,19.2,0,0.0,Medio,19.3,aprobado
4.9,94.1,5.3,0,0.0,Medio,9.7,reprobado
,44.1,9.6,1,45.0,Alto,9.8,reprobado
26.3,78.0,17.3,0,0.0,Medio,20.0,aprobado
7.6,96.3,,0,0.0,Medio,13.7,en_riesgo
28.2,87.3,17.1,0,0.0,Bajo,20.0,aprobado
2.4,97.8,11.5,0,0.0,Medio,11.5,en_riesgo
25.1,49.2,8.9,1,32.0,Alto,16.0,aprobado
6.9,57.7,12.7,1,0.0,Bajo,9.2,reprobado
17.2,83.2,16.9,0,0.0,BAJO,17.3,aprobado
10.2,79.0,8.8,0,0.0,Alto,13.6,en_riesgo
5.4,96.6,10.8,0,0.0,Bajo,11.5,en_riesgo
24.9,98.4,7.2,0,0.0,Bajo,14.6,aprobado
19.6,47.3,6.1,1,36.0,Medio,10.1,reprobado
25.0,62.4,17.3,0,0.0,Alto,20.0,aprobado
28.1,73.9,12.5,1,28.0,Bajo,16.8,aprobado
14.2,80.3,,0,0.0,BAJO,16.3,aprobado
8.9,82.2,19.3,0,0.0,Medio,16.8,aprobado
26.5,50.2,12.8,1,35.0,Medio,11.3,en_riesgo
23.0,78.1,11.7,1,42.0,alto,14.9,aprobado
8.6,52.3,14.2,1,17.0,Medio,11.7,en_riesgo
,63.0,,0,0.0,Medio,12.8,en_riesgo
6.3,68.2,9.9,1,20.0,Alto,11.5,en_riesgo
11.7,56.4,20.0,0,0.0,Medio,15.6,aprobado
10.2,71.6,7.7,0,0.0,Bajo,9.7,reprobado
18.8,72.1,11.0,0,0.0,Medio,13.6,en_riesgo
13.4,94.5,13.3,1,33.0,Medio,16.9,aprobado
28.6,79.8,13.0,0,0.0,Medio,16.0,aprobado
18.4,83.0,,0,0.0,Medio,20.0,aprobado
16.7,99.0,8.9,1,46.0,Medio,11.9,en_riesgo
28.0,64.2,12.3,0,0.0,Medio,17.8,aprobado
24.0,96.9,14.3,0,0.0,Medio,18.1,aprobado
2.0,68.5,12.8,1,45.0,Medio,7.2,reprobado
4.7,96.5,12.5,1,47.0,Bajo,12.4,en_riesgo
5.3,91.8,5.5,0,0.0,Alto,11.5,en_riesgo
17.4,55.4,11.6,0,0.0,Bajo,12.7,en_riesgo
21.4,90.2,9.4,1,23.0,Bajo,13.6,en_riesgo
28.9,41.9,18.2,1,43.0,Medio,16.6,aprobado
7.0,88.5,11.7,0,0.0,Bajo,13.4,en_riesgo
4.7,66.8,10.5,0,0.0,Bajo,7.8,reprobado
7.4,98.3,10.3,1,28.0,Medio,11.0,en_riesgo
26.9,70.3,12.2,1,22.0,Bajo,14.3,aprobado
9.1,66.7,15.6,0,0.0,Medio,12.2,en_riesgo
1.0,91.5,8.2,0,0.0,Medio,7.0,reprobado
2.3,42.7,19.3,1,24.0,Medio,10.0,reprobado
15.8,82.6,17.2,0,0.0,Medio,19.6,aprobado
15.9,69.0,11.4,0,0.0,Alto,15.1,aprobado
28.9,62.4,7.2,0,0.0,Bajo,16.2,aprobado
,69.5,16.0,0,0.0,Medio,12.0,en_riesgo
2.6,74.7,,0,0.0,Medio,12.6,en_riesgo
4.8,89.6,5.2,0,0.0,Medio,8.5,reprobado
11.8,68.8,15.3,0,0.0,Alto,14.7,aprobado
11.5,57.4,10.6,1,34.0,Alto,13.5,en_riesgo
7.0,47.6,18.1,0,0.0,Alto,16.6,aprobado
16.7,80.6,8.1,0,0.0,Medio,12.5,en_riesgo
20.9,66.3,19.2,1,30.0,Bajo,15.6,aprobado
28.9,78.5,,0,0.0,Medio,20.0,aprobado
18.2,50.5,8.2,0,0.0,Medio,11.6,en_riesgo
,42.2,19.1,0,0.0,Bajo,13.5,en_riesgo
28.7,99.2,,0,0.0,Medio,20.0,aprobado
2.9,80.6,11.3,0,0.0,Medio,10.4,reprobado
9.7,46.1,18.9,0,0.0,Medio,11.8,en_riesgo
9.0,57.8,14.7,1,42.0,Alto,13.1,en_riesgo
2.7,56.9,9.9,1,28.0,Medio,8.7,reprobado
14.2,95.9,13.7,0,0.0,MEDIO,15.9,aprobado
6.1,66.2,15.7,0,0.0,Bajo,9.5,reprobado
27.5,59.4,11.3,0,0.0,Bajo,15.0,aprobado
18.6,49.0,7.3,1,25.0,Medio,10.2,reprobado
13.6,67.1,18.6,1,44.0,Bajo,14.9,aprobado
13.1,46.2,19.5,0,0.0,Bajo,15.2,aprobado
11.6,74.2,,1,37.0,Alto,11.8,en_riesgo
14.5,60.8,5.5,1,28.0,Medio,8.4,reprobado
3.6,83.6,13.7,0,0.0,Medio,11.7,en_riesgo
11.1,84.4,14.2,0,0.0,Bajo,14.5,aprobado
21.2,52.0,8.5,0,0.0,Alto,15.9,aprobado
,91.4,12.7,0,0.0,Bajo,17.5,aprobado
20.7,83.4,12.3,1,12.0,Bajo,17.1,aprobado
16.8,51.0,19.6,0,0.0,Alto,18.6,aprobado
6.2,77.7,11.6,1,12.0,Bajo,9.9,reprobado
17.0,77.0,14.3,0,0.0,Bajo,15.4,aprobado
11.4,77.7,7.2,1,14.0,Bajo,11.4,en_riesgo
23.3,73.8,10.1,1,8.0,Medio,17.2,aprobado
15.1,40.9,6.0,1,46.0,Bajo,7.1,reprobado
12.5,71.0,7.2,1,10.0,Medio,10.6,reprobado
21.9,77.7,13.1,1,18.0,Bajo,13.3,en_riesgo
16.2,91.0,17.5,0,0.0,Medio,18.4,aprobado
3.8,65.8,11.5,1,27.0,Medio,9.4,reprobado
16.9,99.6,8.2,0,0.0,Medio,15.2,aprobado
21.2,59.6,16.4,0,0.0,Bajo,14.5,aprobado
11.0,84.0,15.5,0,0.0,Bajo,12.4,en_riesgo
9.3,89.7,19.7,0,0.0,Alto,17.4,aprobado
3.5,56.2,12.0,0,0.0,Medio,10.0,reprobado
18.3,40.7,13.7,0,0.0,Bajo,11.8,en_riesgo
6.9,45.1,6.4,0,0.0,Medio,7.6,reprobado
17.9,48.8,10.4,0,0.0,Bajo,11.1,en_riesgo
16.2,71.0,6.4,0,0.0,Medio,11.2,en_riesgo
12.8,82.1,15.1,0,0.0,Alto,17.5,aprobado
25.9,93.0,9.4,0,0.0,Medio,18.9,aprobado
22.0,89.7,14.3,0,0.0,BAJO,16.3,aprobado
4.6,62.9,8.6,0,0.0,Medio,9.7,reprobado
6.7,66.1,5.5,0,0.0,Medio,8.4,reprobado
29.7,73.6,13.6,0,0.0,Medio,19.8,aprobado
9.7,83.0,10.5,0,0.0,Bajo,11.9,en_riesgo
22.7,41.9,14.5,0,0.0,ALTO,17.4,aprobado
25.9,45.1,14.4,0,0.0,Medio,16.0,aprobado
20.5,56.6,9.8,1,46.0,Alto,12.4,en_riesgo
28.9,61.3,11.2,0,0.0,Medio,16.4,aprobado
6.0,66.3,19.7,1,9.0,Bajo,13.8,en_riesgo
8.0,73.8,18.7,1,32.0,Medio,14.1,aprobado
25.9,71.8,18.3,0,0.0,Bajo,18.1,aprobado
15.5,74.2,7.3,1,23.0,Alto,13.3,en_riesgo
26.8,92.0,14.1,0,0.0,Medio,17.5,aprobado
5.3,81.5,15.9,1,29.0,Alto,14.6,aprobado
27.9,44.7,,1,9.0,Medio,18.0,aprobado
29.1,73.7,16.5,1,36.0,Bajo,19.3,aprobado
19.9,81.6,,0,0.0,Bajo,12.8,en_riesgo
10.7,73.5,18.9,0,0.0,Alto,15.6,aprobado
29.5,52.8,15.8,0,0.0,Bajo,18.6,aprobado
25.7,75.5,14.7,0,0.0,Bajo,19.8,aprobado
21.9,83.5,10.9,0,0.0,Medio,15.1,aprobado
24.3,66.8,7.9,1,9.0,Bajo,10.9,reprobado
13.8,53.5,11.9,0,0.0,Medio,13.8,en_riesgo
14.3,42.2,17.3,0,0.0,Medio,15.7,aprobado
9.5,41.0,17.1,1,39.0,Bajo,12.7,en_riesgo
27.1,76.0,14.6,0,0.0,Medio,20.0,aprobado
14.7,57.5,10.4,1,23.0,Bajo,10.7,reprobado
29.7,65.1,6.1,1,22.0,Alto,15.0,aprobado
28.3,76.9,17.6,1,38.0,Medio,18.3,aprobado
11.7,92.5,15.3,1,36.0,Medio,14.0,aprobado
,90.4,19.2,0,0.0,Medio,20.0,aprobado
19.8,63.6,17.4,1,9.0,Bajo,16.9,aprobado
19.0,65.1,8.1,0,0.0,Bajo,14.7,aprobado
28.8,61.4,6.3,1,23.0,Alto,16.1,aprobado
25.0,41.1,11.9,0,0.0,Medio,13.0,en_riesgo
9.4,79.5,11.8,0,0.0,Alto,14.3,aprobado
6.7,44.5,11.0,1,32.0,Medio,6.8,reprobado
19.2,51.5,,0,0.0,Bajo,15.9,aprobado
24.4,48.7,8.4,0,0.0,Medio,14.7,aprobado
9.7,87.8,12.7,0,0.0,Medio,12.3,en_riesgo
10.3,70.4,17.2,0,0.0,Bajo,13.6,en_riesgo
11.4,43.5,13.3,0,0.0,Medio,10.6,reprobado
17.5,85.4,16.0,0,0.0,Alto,17.4,aprobado
18.2,52.3,8.1,1,35.0,Alto,10.5,reprobado
10.6,81.0,6.9,0,0.0,Bajo,10.2,reprobado
17.6,63.9,13.7,1,42.0,Medio,11.8,en_riesgo
3.8,54.5,13.6,0,0.0,Bajo,9.2,reprobado
15.6,82.0,9.3,1,12.0,Medio,13.7,en_riesgo
25.8,53.7,7.0,0,0.0,Medio,14.4,aprobado
3.9,82.2,9.7,1,33.0,Medio,9.0,reprobado
8.3,90.3,9.4,0,0.0,Medio,13.4,en_riesgo
3.6,96.5,5.5,0,0.0,Alto,9.0,reprobado
29.0,91.7,6.3,0,0.0,Bajo,17.5,aprobado
24.3,55.0,11.2,0,0.0,Bajo,13.9,en_riesgo
25.9,88.1,16.2,1,37.0,Medio,17.6,aprobado
7.5,81.4,16.4,1,8.0,Bajo,13.4,en_riesgo
25.5,68.1,13.4,0,0.0,Bajo,16.9,aprobado
29.2,46.4,14.3,0,0.0,Medio,16.2,aprobado
27.7,72.9,9.1,0,0.0,Medio,17.7,aprobado
14.9,63.9,6.7,0,0.0,Medio,11.6,en_riesgo
20.7,84.8,16.4,0,0.0,Alto,20.0,aprobado
,78.0,,0,0.0,Bajo,16.0,aprobado
7.0,41.6,11.2,1,12.0,Medio,7.4,reprobado
27.2,69.3,5.9,1,18.0,Medio,13.0,en_riesgo
15.2,87.5,5.3,0,0.0,Medio,10.8,reprobado
7.8,81.1,19.4,1,36.0,Medio,14.5,aprobado
13.0,88.4,17.4,0,0.0,Medio,16.6,aprobado
13.1,81.4,9.3,0,0.0,Medio,11.8,en_riesgo
14.3,95.5,,1,45.0,Alto,15.2,aprobado
12.0,97.1,18.4,1,9.0,Bajo,16.8,aprobado
27.8,83.8,17.2,0,0.0,Medio,20.0,aprobado
3.3,47.4,7.1,0,0.0,Medio,7.5,reprobado
29.4,41.5,11.7,0,0.0,Bajo,14.1,aprobado
28.5,87.9,5.0,1,14.0,Alto,16.6,aprobado
27.8,51.5,12.7,0,0.0,Medio,16.5,aprobado
3.7,69.3,6.2,0,0.0,Medio,7.2,reprobado
2.5,64.2,,1,22.0,Alto,9.4,reprobado
26.8,70.2,9.2,0,0.0,Medio,16.3,aprobado
5.8,92.7,18.3,1,32.0,Bajo,11.9,en_riesgo
,99.1,7.2,0,0.0,Medio,8.1,reprobado
15.6,79.7,9.3,0,0.0,Medio,11.0,en_riesgo
,46.5,19.0,0,0.0,Bajo,16.5,aprobado
5.5,99.9,17.6,1,17.0,Alto,14.5,aprobado
26.4,66.1,7.3,1,32.0,Medio,15.0,aprobado
16.7,54.7,18.4,0,0.0,Alto,14.9,aprobado
9.8,51.0,13.0,0,0.0,Bajo,9.7,reprobado
8.6,59.5,15.5,1,19.0,Bajo,9.8,reprobado
20.0,59.9,6.9,0,0.0,Medio,12.7,en_riesgo
25.7,65.4,11.2,1,21.0,Alto,17.9,aprobado
7.4,70.7,11.9,0,0.0,Alto,12.1,en_riesgo
29.3,47.7,5.1,0,0.0,Alto,13.9,en_riesgo
25.2,86.7,8.1,0,0.0,Medio,15.9,aprobado
22.6,68.5,17.1,0,0.0,Bajo,18.5,aprobado
14.6,84.7,6.5,1,0.0,Bajo,10.4,reprobado
27.3,60.6,9.3,1,10.0,Alto,17.1,aprobado
8.6,97.6,13.0,1,8.0,Medio,11.6,en_riesgo
13.0,75.7,15.9,0,0.0,Alto,16.6,aprobado
,96.9,14.0,0,0.0,Medio,17.6,aprobado
9.8,95.2,9.8,0,0.0,Medio,11.5,en_riesgo
20.6,40.6,14.1,0,0.0,Bajo,15.6,aprobado
8.2,94.3,16.9,1,29.0,Bajo,13.6,en_riesgo
6.0,82.4,13.0,0,0.0,Bajo,11.8,en_riesgo
13.4,44.8,,1,46.0,Alto,10.7,reprobado
26.6,76.0,15.8,0,0.0,Alto,19.9,aprobado
27.6,86.1,11.9,1,18.0,Medio,17.4,aprobado
21.6,81.9,16.7,0,0.0,Medio,19.1,aprobado
,73.4,12.5,0,0.0,Medio,14.0,aprobado
27.1,64.0,19.6,0,0.0,Medio,20.0,aprobado
6.8,47.5,16.1,0,0.0,Alto,12.6,en_riesgo
,49.6,13.4,1,35.0,Bajo,12.7,en_riesgo
11.0,83.3,8.5,1,37.0,Medio,10.3,reprobado
25.1,56.3,19.0,0,0.0,Bajo,18.6,aprobado
26.7,53.3,14.5,0,0.0,Medio,16.2,aprobado
16.3,99.5,7.8,1,17.0,Medio,12.1,en_riesgo
28.8,59.9,9.1,1,28.0,Medio,15.1,aprobado
6.9,59.7,16.0,1,12.0,Alto,12.9,en_riesgo
4.4,47.3,20.0,1,15.0,Medio,11.3,en_riesgo
16.2,79.4,13.2,0,0.0,Alto,15.9,aprobado
8.1,73.3,14.0,1,35.0,Bajo,9.2,reprobado
10.6,56.0,14.7,0,0.0,Medio,14.4,aprobado
28.9,59.1,14.4,0,0.0,Bajo,19.4,aprobado
23.5,91.1,19.9,1,39.0,Medio,20.0,aprobado
,80.8,18.6,0,0.0,Medio,14.1,aprobado
18.2,43.6,14.7,1,24.0,Alto,14.7,aprobado
25.8,42.1,10.8,1,0.0,Medio,12.6,en_riesgo
20.9,60.1,10.3,1,17.0,Bajo,14.3,aprobado
14.0,89.4,12.8,0,0.0,ALTO,15.3,aprobado
20.8,49.3,12.1,1,38.0,Medio,12.9,en_riesgo
23.8,72.6,7.5,0,0.0,Bajo,16.6,aprobado
21.0,42.7,6.4,0,0.0,BAJO,13.2,en_riesgo
19.9,97.4,15.0,1,43.0,Medio,17.6,aprobado
19.7,57.3,15.3,0,0.0,Medio,15.6,aprobado
6.7,92.7,15.7,1,39.0,Medio,14.0,aprobado
23.4,94.3,13.2,0,0.0,Alto,19.8,aprobado
5.2,61.1,18.3,0,0.0,Bajo,12.0,en_riesgo
27.8,79.3,15.8,0,0.0,Alto,20.0,aprobado
7.0,83.3,10.9,0,0.0,Bajo,12.7,en_riesgo
4.9,97.3,16.5,1,22.0,Alto,14.1,aprobado
17.4,97.7,18.6,1,31.0,Bajo,15.8,aprobado
4.4,84.7,17.9,1,23.0,Medio,12.2,en_riesgo
17.5,71.5,,0,0.0,Bajo,9.7,reprobado
7.8,93.7,,1,39.0,Bajo,11.3,en_riesgo
23.2,78.1,5.2,1,39.0,Bajo,12.0,en_riesgo
21.8,59.0,5.7,1,10.0,Medio,14.5,aprobado
9.1,91.4,13.4,0,0.0,Bajo,13.9,en_riesgo
28.1,67.5,9.3,0,0.0,Bajo,15.3,aprobado
20.2,99.2,6.8,0,0.0,Medio,15.7,aprobado
12.8,87.9,6.8,1,32.0,Alto,11.3,en_riesgo
19.1,59.3,6.3,1,30.0,Alto,13.1,en_riesgo
26.2,56.3,,0,0.0,Bajo,14.8,aprobado
5.9,99.7,11.8,1,43.0,Alto,11.8,en_riesgo
14.9,93.4,10.2,1,9.0,Medio,11.7,en_riesgo
6.0,91.5,11.9,1,30.0,MEDIO,13.1,en_riesgo
7.3,42.4,5.9,0,0.0,Alto,7.7,reprobado
1.0,65.7,11.0,1,45.0,Bajo,8.5,reprobado
,67.0,18.0,0,0.0,Bajo,19.6,aprobado
10.7,68.6,10.5,1,8.0,Medio,10.8,reprobado
21.8,52.8,11.5,0,0.0,MEDIO,15.5,aprobado
5.1,84.2,11.2,1,28.0,Bajo,9.1,reprobado
18.5,86.7,11.5,0,0.0,Medio,16.5,aprobado
1.9,91.6,19.2,1,19.0,Medio,12.4,en_riesgo
23.3,88.4,10.7,0,0.0,Alto,17.4,aprobado
27.0,75.6,16.3,1,24.0,Medio,19.9,aprobado
15.9,89.6,6.5,0,0.0,Medio,13.7,en_riesgo
29.5,88.9,,0,0.0,Bajo,20.0,aprobado
21.6,93.9,12.2,1,19.0,Bajo,15.4,aprobado
7.3,74.8,7.8,0,0.0,Medio,9.9,reprobado
21.7,45.6,5.5,1,18.0,Bajo,8.2,reprobado
13.0,51.1,10.9,0,0.0,Bajo,13.0,en_riesgo
14.8,61.9,16.3,0,0.0,Bajo,13.8,en_riesgo
1.7,90.7,5.5,0,0.0,Medio,8.9,reprobado
5.4,61.1,13.8,0,0.0,BAJO,10.9,reprobado
9.9,89.3,7.0,0,0.0,Alto,12.6,en_riesgo
29.6,98.5,11.2,0,0.0,Bajo,18.0,aprobado
16.0,89.8,14.8,0,0.0,Alto,18.8,aprobado
11.7,49.4,15.4,0,0.0,Bajo,12.2,en_riesgo
21.8,61.2,20.0,0,0.0,Medio,17.3,aprobado
10.7,63.0,12.5,1,25.0,Medio,9.6,reprobado
11.7,99.9,10.3,1,33.0,medio,13.5,en_riesgo
14.6,77.2,7.4,0,0.0,Bajo,10.1,reprobado
,90.3,14.7,0,0.0,Medio,19.6,aprobado
18.1,77.6,19.0,0,0.0,Medio,18.5,aprobado
4.4,99.3,19.4,0,0.0,Medio,16.1,aprobado
,50.3,10.9,1,37.0,alto,12.7,en_riesgo
24.4,54.4,15.6,0,0.0,Medio,18.2,aprobado
14.6,64.8,17.3,1,18.0,Medio,16.5,aprobado
28.6,51.2,9.2,1,45.0,Medio,12.1,en_riesgo
15.2,77.2,11.3,1,25.0,Medio,14.3,aprobado
,99.1,13.3,1,18.0,Medio,18.2,aprobado
29.9,99.1,15.1,0,0.0,Bajo,20.0,aprobado
9.4,82.9,18.4,0,0.0,Medio,14.9,aprobado
27.7,51.5,11.8,1,23.0,Bajo,14.5,aprobado
25.2,60.9,7.6,1,24.0,Alto,14.7,aprobado
22.1,72.4,16.4,1,35.0,Medio,17.4,aprobado
9.5,41.1,16.5,0,0.0,Alto,14.6,aprobado
23.2,86.9,5.6,1,9.0,Bajo,11.3,en_riesgo
,72.7,9.1,1,8.0,Medio,14.9,aprobado
20.4,55.7,14.7,0,0.0,Medio,18.7,aprobado
28.7,78.6,15.8,0,0.0,Bajo,20.0,aprobado
10.4,72.7,8.9,0,0.0,Bajo,10.7,reprobado
4.9,59.0,16.2,0,0.0,Medio,10.9,reprobado
22.7,76.5,8.1,0,0.0,Bajo,14.4,aprobado
16.8,85.3,13.0,1,16.0,Medio,16.4,aprobado
8.8,54.7,17.3,1,13.0,Bajo,14.1,aprobado
4.6,80.3,11.1,0,0.0,medio,12.5,en_riesgo
,46.2,16.5,1,19.0,Medio,13.2,en_riesgo
20.1,57.7,13.5,0,0.0,Medio,15.0,aprobado
16.1,60.2,9.5,0,0.0,Medio,13.2,en_riesgo
19.8,76.6,7.3,0,0.0,Medio,13.0,en_riesgo
23.7,79.4,18.7,0,0.0,Bajo,19.1,aprobado
9.4,81.0,11.1,0,0.0,Bajo,12.9,en_riesgo
15.5,67.1,18.9,1,17.0,Bajo,16.0,aprobado
25.6,73.3,14.5,0,0.0,Bajo,15.8,aprobado
12.9,71.0,19.2,0,0.0,Medio,17.7,aprobado
24.5,80.9,9.3,0,0.0,Alto,16.9,aprobado
20.6,42.4,16.0,0,0.0,Alto,15.0,aprobado
13.9,93.3,,1,32.0,Alto,11.5,en_riesgo
13.2,46.5,13.8,0,0.0,Bajo,12.1,en_riesgo
7.8,40.3,14.2,0,0.0,Medio,13.6,en_riesgo
17.0,71.2,,1,13.0,medio,12.3,en_riesgo
,72.9,15.5,0,0.0,Medio,11.6,en_riesgo
28.4,42.5,15.8,0,0.0,Alto,18.1,aprobado
29.4,77.1,,1,23.0,Bajo,13.4,en_riesgo
7.9,75.8,17.7,1,28.0,Bajo,13.5,en_riesgo
21.9,86.1,14.4,0,0.0,Medio,17.0,aprobado
27.2,44.3,17.6,0,0.0,Medio,19.9,aprobado
,85.8,8.7,0,0.0,Bajo,12.1,en_riesgo
10.1,89.9,5.3,1,14.0,Bajo,9.4,reprobado
,91.0,18.6,0,0.0,Alto,15.7,aprobado
27.6,77.1,18.3,0,0.0,bajo,20.0,aprobado
18.8,41.7,9.5,0,0.0,Medio,12.8,en_riesgo
28.7,66.6,,0,0.0,Bajo,15.6,aprobado
5.6,72.5,6.3,0,0.0,medio,7.6,reprobado
,85.8,11.4,1,32.0,Bajo,14.3,aprobado
10.3,94.5,18.0,0,0.0,Medio,16.6,aprobado
21.3,45.7,15.6,1,30.0,Bajo,14.3,aprobado
20.0,90.5,7.3,0,0.0,Medio,14.6,aprobado
21.5,41.0,13.7,0,0.0,Bajo,14.6,aprobado
20.9,80.5,8.5,1,41.0,Medio,12.2,en_riesgo
28.7,92.1,18.4,1,24.0,bajo,20.0,aprobado
2.0,45.8,15.9,0,0.0,Alto,11.6,en_riesgo
23.9,82.8,16.6,1,34.0,MEDIO,20.0,aprobado
26.1,40.9,12.5,0,0.0,Bajo,17.7,aprobado
16.3,83.0,6.0,0,0.0,Bajo,12.6,en_riesgo
25.4,68.6,11.6,1,15.0,Medio,18.4,aprobado
27.5,77.1,18.5,0,0.0,Bajo,20.0,aprobado
22.0,50.5,16.4,0,0.0,Medio,15.1,aprobado
13.6,76.1,,0,0.0,Medio,12.5,en_riesgo
4.9,79.1,13.8,1,12.0,Bajo,10.3,reprobado
5.3,56.4,5.1,0,0.0,Medio,8.8,reprobado
18.7,73.3,9.0,0,0.0,Alto,14.9,aprobado
24.5,80.0,9.2,1,10.0,Alto,16.2,aprobado
20.9,46.4,16.5,0,0.0,Bajo,15.5,aprobado
3.9,65.3,5.2,1,24.0,Medio,5.1,reprobado
,76.9,,0,0.0,Medio,6.1,reprobado
14.8,45.6,19.6,1,41.0,Alto,14.0,aprobado
27.3,48.6,5.1,1,29.0,Medio,10.4,reprobado
4.5,48.2,19.6,0,0.0,Medio,14.1,aprobado
21.3,91.3,8.1,1,33.0,Bajo,13.5,en_riesgo
20.4,87.4,10.7,1,44.0,Alto,13.2,en_riesgo
3.4,77.7,11.2,1,41.0,Medio,7.4,reprobado
26.7,46.3,17.3,1,45.0,Bajo,15.5,aprobado
5.8,99.4,8.2,1,18.0,Bajo,9.6,reprobado
4.8,49.9,12.9,1,42.0,Medio,9.6,reprobado
18.6,92.3,6.2,1,36.0,Bajo,8.8,reprobado
19.9,59.7,18.7,0,0.0,Bajo,18.0,aprobado
5.0,81.2,15.9,0,0.0,Medio,12.2,en_riesgo
3.5,87.5,18.2,0,0.0,Medio,14.6,aprobado
,86.8,13.2,1,11.0,Medio,9.4,reprobado
17.7,43.4,18.0,0,0.0,Alto,15.9,aprobado
10.5,43.8,13.6,1,27.0,Bajo,11.1,en_riesgo
2.6,50.1,7.4,0,0.0,Bajo,7.4,reprobado
1.0,54.8,17.8,1,41.0,Medio,10.7,reprobado
2.9,91.4,18.9,0,0.0,Medio,17.2,aprobado
,78.1,7.5,1,34.0,Bajo,10.1,reprobado
1.5,98.7,13.5,0,0.0,Alto,12.1,en_riesgo
27.4,74.0,6.9,1,29.0,Bajo,14.1,aprobado
25.5,42.0,13.6,1,27.0,Medio,13.8,en_riesgo
11.1,87.1,6.2,1,24.0,Bajo,9.8,reprobado
17.9,93.3,8.5,0,0.0,Bajo,15.6,aprobado
13.7,94.1,8.8,0,0.0,Bajo,12.7,en_riesgo
,62.7,18.6,0,0.0,Bajo,12.5,en_riesgo
23.1,73.3,,0,0.0,Alto,16.5,aprobado
24.2,75.4,5.3,1,45.0,Medio,10.5,reprobado
11.6,77.2,7.3,0,0.0,Bajo,13.1,en_riesgo
28.2,97.5,9.3,1,46.0,Medio,17.1,aprobado
26.1,85.3,16.9,0,0.0,Medio,19.4,aprobado
26.5,69.2,13.7,1,45.0,Bajo,14.0,aprobado
28.1,97.6,13.8,1,41.0,Alto,18.4,aprobado
25.5,43.1,9.7,0,0.0,Medio,12.7,en_riesgo
21.1,92.4,13.7,0,0.0,Bajo,16.5,aprobado
2.1,88.5,18.2,1,45.0,Medio,13.6,en_riesgo
,81.8,11.0,1,36.0,Bajo,10.6,reprobado
,97.0,11.3,0,0.0,Bajo,14.2,aprobado
14.4,68.1,19.5,0,0.0,Alto,18.2,aprobado
28.3,92.4,9.7,0,0.0,Alto,17.4,aprobado
27.3,44.6,17.7,0,0.0,Alto,20.0,aprobado
17.6,40.4,11.5,0,0.0,Medio,9.4,reprobado
,79.1,14.9,0,0.0,Alto,18.7,aprobado
19.5,54.4,16.7,0,0.0,Medio,16.0,aprobado
16.9,78.0,13.4,0,0.0,Medio,15.1,aprobado
24.4,58.0,8.6,1,44.0,Bajo,11.0,en_riesgo
15.8,94.7,19.6,0,0.0,Medio,18.6,aprobado
26.4,80.6,8.1,0,0.0,Medio,15.7,aprobado
27.7,93.5,13.1,1,42.0,Medio,17.3,aprobado
4.8,56.2,11.2,1,47.0,Bajo,5.8,reprobado
18.4,99.7,7.2,0,0.0,MEDIO,16.0,aprobado
7.9,81.1,7.8,0,0.0,Bajo,10.3,reprobado
4.0,80.6,10.5,0,0.0,Alto,12.0,en_riesgo
7.4,63.9,9.1,1,38.0,Alto,6.6,reprobado
11.9,68.9,10.1,1,24.0,Medio,11.7,en_riesgo
5.1,86.7,18.9,0,0.0,Bajo,15.4,aprobado
,40.9,,1,9.0,Bajo,13.9,en_riesgo
29.1,83.6,15.9,0,0.0,Medio,20.0,aprobado
20.0,82.7,7.8,0,0.0,Medio,13.3,en_riesgo
26.0,58.0,16.5,0,0.0,Bajo,17.4,aprobado
14.8,97.3,14.6,0,0.0,Bajo,14.0,aprobado
17.0,66.6,14.6,0,0.0,Medio,14.9,aprobado
16.4,52.2,18.8,0,0.0,Medio,16.2,aprobado
29.0,89.0,8.6,0,0.0,medio,16.5,aprobado
3.1,80.4,17.3,1,30.0,Bajo,12.3,en_riesgo
25.3,100.0,11.1,0,0.0,Medio,18.2,aprobado
16.6,68.0,10.2,0,0.0,Medio,12.8,en_riesgo
3.0,57.0,5.2,1,33.0,Medio,3.4,reprobado
,90.6,7.7,1,44.0,Medio,13.4,en_riesgo
12.3,73.0,17.0,1,36.0,Medio,11.3,en_riesgo
27.1,52.4,13.6,1,18.0,Bajo,13.6,en_riesgo
8.2,61.1,10.2,0,0.0,Alto,12.4,en_riesgo
11.1,98.7,7.1,0,0.0,Bajo,12.9,en_riesgo
6.6,53.5,15.1,1,30.0,Bajo,9.2,reprobado
12.3,62.2,13.8,1,12.0,Alto,15.0,aprobado
10.7,57.8,16.8,0,0.0,Bajo,15.6,aprobado
,64.6,16.7,1,20.0,medio,12.9,en_riesgo
13.6,44.7,8.8,0,0.0,Medio,12.4,en_riesgo
10.6,42.1,,1,39.0,Alto,12.5,en_riesgo
25.0,98.4,,1,35.0,Alto,18.3,aprobado
3.1,81.4,13.1,1,14.0,Medio,10.5,reprobado
17.1,91.6,5.8,0,0.0,Bajo,12.4,en_riesgo
20.7,65.9,6.8,1,28.0,Bajo,12.3,en_riesgo
20.0,54.7,11.1,1,20.0,Bajo,14.3,aprobado
,88.8,19.4,0,0.0,Medio,20.0,aprobado
9.2,60.3,16.9,1,29.0,Bajo,11.5,en_riesgo
9.8,43.3,8.0,1,40.0,Medio,8.0,reprobado
5.6,81.4,11.8,0,0.0,Medio,11.8,en_riesgo
21.8,86.3,14.4,0,0.0,Bajo,17.4,aprobado
6.2,92.1,10.8,1,27.0,Medio,10.3,reprobado
17.1,75.9,5.3,0,0.0,Alto,12.4,en_riesgo
4.6,40.3,16.9,1,45.0,Bajo,10.4,reprobado
17.2,94.0,19.6,0,0.0,Bajo,20.0,aprobado
19.5,84.6,9.7,1,40.0,Bajo,13.2,en_riesgo
,41.3,14.4,0,0.0,Alto,12.8,en_riesgo
6.0,58.7,,0,0.0,Bajo,8.0,reprobado
6.0,88.3,9.1,1,14.0,medio,10.0,reprobado
28.0,72.6,5.9,1,35.0,Bajo,14.1,aprobado
11.1,85.4,11.4,0,0.0,Alto,13.8,en_riesgo
10.1,46.2,13.1,1,36.0,Bajo,9.1,reprobado
,48.2,18.4,0,0.0,Bajo,17.7,aprobado
17.3,45.0,10.2,1,44.0,Medio,12.3,en_riesgo
,98.1,5.6,0,0.0,Medio,9.5,reprobado
28.1,58.1,13.1,0,0.0,Alto,20.0,aprobado
7.6,65.9,,1,43.0,Medio,9.6,reprobado
11.2,63.3,19.5,1,26.0,Medio,15.2,aprobado
11.2,87.4,9.4,0,0.0,Bajo,11.0,en_riesgo
29.7,40.1,6.3,1,42.0,Alto,12.6,en_riesgo
18.8,95.8,9.9,0,0.0,Bajo,14.6,aprobado
22.9,59.2,19.4,0,0.0,Medio,18.8,aprobado
7.2,87.0,15.7,0,0.0,Medio,12.0,en_riesgo
11.4,87.6,5.1,0,0.0,Medio,11.4,en_riesgo
1.8,56.8,16.1,0,0.0,Alto,13.1,en_riesgo
8.0,47.8,11.1,0,0.0,Medio,10.6,reprobado
19.4,82.9,5.1,0,0.0,Medio,12.4,en_riesgo
12.8,65.3,,0,0.0,Alto,13.0,en_riesgo
25.7,69.2,7.9,1,17.0,Bajo,15.4,aprobado
19.5,62.5,12.4,0,0.0,Medio,16.4,aprobado
15.4,73.6,14.5,0,0.0,Bajo,14.9,aprobado
29.1,63.9,7.6,0,0.0,Medio,14.8,aprobado
12.1,47.1,12.3,1,17.0,Medio,11.9,en_riesgo
23.2,75.7,16.3,1,42.0,Medio,16.2,aprobado
1.4,48.4,14.3,0,0.0,Medio,9.8,reprobado
10.4,94.2,6.8,0,0.0,Bajo,12.0,en_riesgo
18.3,58.5,16.4,1,23.0,Medio,14.8,aprobado
8.9,86.3,16.5,1,31.0,Alto,13.9,en_riesgo
20.4,88.7,13.8,0,0.0,Medio,19.1,aprobado
26.2,41.2,9.8,0,0.0,Medio,13.4,en_riesgo
29.7,71.6,12.0,1,25.0,Bajo,16.3,aprobado
26.9,67.3,13.3,0,0.0,Medio,18.3,aprobado
27.1,88.0,13.5,0,0.0,Bajo,20.0,aprobado
21.4,48.1,18.6,0,0.0,Bajo,19.3,aprobado
13.1,43.2,17.6,0,0.0,Alto,15.6,aprobado
12.3,57.6,19.3,0,0.0,Medio,19.7,aprobado
18.4,84.9,8.0,1,11.0,Alto,14.1,aprobado
21.5,64.7,18.9,0,0.0,Alto,18.5,aprobado
6.1,50.5,9.5,0,0.0,Alto,11.1,en_riesgo
7.2,74.4,7.4,1,20.0,Bajo,7.5,reprobado
10.8,50.3,7.6,1,28.0,Bajo,8.5,reprobado
28.0,42.0,15.7,0,0.0,Medio,16.6,aprobado
10.3,58.6,9.8,1,44.0,Bajo,8.1,reprobado
27.7,80.1,11.1,0,0.0,Medio,18.9,aprobado
26.2,69.0,16.4,1,10.0,Bajo,19.9,aprobado
16.1,96.3,6.2,1,0.0,Alto,13.5,en_riesgo
13.3,90.1,,0,0.0,Medio,15.0,aprobado
18.6,57.8,6.6,1,19.0,Bajo,10.0,reprobado
27.5,86.7,6.7,1,44.0,Medio,13.5,en_riesgo
26.6,51.9,15.9,1,35.0,Bajo,17.6,aprobado
25.0,51.5,17.8,0,0.0,BAJO,17.7,aprobado
15.2,65.7,18.6,1,36.0,Bajo,14.1,aprobado
13.9,46.7,15.1,1,0.0,Alto,13.8,en_riesgo
20.3,72.2,10.1,0,0.0,Medio,15.6,aprobado
26.7,74.4,15.7,1,21.0,Alto,15.5,aprobado
10.0,89.0,10.5,0,0.0,Bajo,10.3,reprobado
3.3,66.9,10.8,0,0.0,Bajo,9.2,reprobado
26.1,48.8,5.6,0,0.0,Bajo,11.9,en_riesgo
27.2,60.1,13.2,0,0.0,Alto,18.3,aprobado
12.3,54.5,10.4,0,0.0,Alto,12.5,en_riesgo
14.0,85.0,7.8,1,24.0,Bajo,12.4,en_riesgo
6.5,54.1,19.8,0,0.0,Medio,14.6,aprobado
19.6,89.0,10.8,1,41.0,Medio,13.2,en_riesgo
22.6,40.9,12.4,1,34.0,Bajo,14.1,aprobado
19.5,80.6,19.8,0,0.0,Medio,18.6,aprobado
13.2,44.8,10.4,0,0.0,Bajo,9.6,reprobado
26.3,83.7,8.5,1,47.0,Alto,13.7,en_riesgo
21.6,86.3,19.1,1,29.0,Alto,18.2,aprobado
6.1,89.3,11.8,0,0.0,Alto,11.7,en_riesgo
13.3,50.1,6.5,0,0.0,Alto,9.7,reprobado
29.4,45.8,,1,28.0,Medio,12.8,en_riesgo
,88.2,15.2,1,22.0,Medio,17.3,aprobado
,42.6,19.6,0,0.0,Alto,20.0,aprobado
29.6,56.4,8.5,1,42.0,Alto,16.9,aprobado
13.3,93.5,,1,10.0,Medio,12.0,en_riesgo
15.3,86.9,13.7,1,47.0,Alto,17.1,aprobado
6.2,48.6,11.7,1,20.0,Medio,12.5,en_riesgo
12.2,80.2,17.5,0,0.0,Medio,16.1,aprobado
10.3,51.6,12.5,0,0.0,Medio,11.5,en_riesgo
20.3,94.3,15.0,1,40.0,Medio,18.3,aprobado
24.5,100.0,8.1,0,0.0,Bajo,15.2,aprobado
22.0,61.8,7.6,0,0.0,Bajo,15.3,aprobado
9.8,56.4,,0,0.0,Bajo,7.3,reprobado
29.5,71.6,16.9,1,21.0,Medio,17.0,aprobado
22.8,52.7,17.3,0,0.0,Medio,18.5,aprobado
9.3,91.8,5.4,0,0.0,Bajo,13.8,en_riesgo
2.1,54.8,19.7,1,36.0,Medio,11.6,en_riesgo
26.6,91.5,11.8,1,40.0,Bajo,15.8,aprobado
29.8,52.6,17.4,1,31.0,Bajo,19.5,aprobado
10.8,65.0,5.2,0,0.0,Bajo,8.6,reprobado
12.8,86.0,9.7,1,27.0,Medio,12.4,en_riesgo
26.1,51.7,,1,13.0,Bajo,13.9,en_riesgo
13.3,61.8,,0,0.0,Medio,11.1,en_riesgo
15.0,94.8,15.3,1,28.0,Bajo,14.8,aprobado
,91.0,8.6,1,26.0,Bajo,13.3,en_riesgo
22.7,43.3,8.8,0,0.0,MEDIO,11.9,en_riesgo
,75.9,14.4,1,35.0,Medio,11.7,en_riesgo
13.9,93.5,17.6,0,0.0,Bajo,15.2,aprobado
16.0,93.4,5.9,0,0.0,Bajo,11.4,en_riesgo
13.1,98.7,12.7,0,0.0,Alto,19.3,aprobado
24.0,96.6,16.9,0,0.0,Bajo,20.0,aprobado
26.8,53.6,5.4,0,0.0,Bajo,13.1,en_riesgo
3.8,62.8,5.8,0,0.0,Bajo,7.3,reprobado
2.3,72.0,14.3,0,0.0,Bajo,12.7,en_riesgo
6.3,56.0,5.6,1,41.0,Bajo,5.3,reprobado
6.1,45.7,6.9,1,41.0,Alto,4.7,reprobado
2.3,82.4,16.4,1,31.0,Medio,11.8,en_riesgo
,88.4,5.3,0,0.0,Bajo,14.7,aprobado
11.9,51.6,15.8,1,14.0,Bajo,13.7,en_riesgo
18.4,59.9,11.9,1,44.0,Medio,13.4,en_riesgo
20.8,66.8,19.4,0,0.0,Medio,19.5,aprobado
,92.8,14.4,1,39.0,Alto,16.5,aprobado
9.7,84.6,9.9,0,0.0,Bajo,10.4,reprobado
17.6,99.1,10.2,0,0.0,Bajo,13.3,en_riesgo
25.6,89.6,14.1,0,0.0,Medio,18.7,aprobado
15.3,82.3,10.0,0,0.0,Medio,12.6,en_riesgo
16.3,63.8,14.6,1,45.0,Medio,12.0,en_riesgo
1.5,79.0,12.9,0,0.0,Medio,9.7,reprobado
26.1,99.6,5.3,1,43.0,Bajo,13.3,en_riesgo
18.6,88.7,6.0,0,0.0,Bajo,14.6,aprobado
5.1,89.4,10.5,0,0.0,Medio,10.2,reprobado
21.0,84.9,14.7,1,21.0,Bajo,17.8,aprobado
26.2,69.9,16.9,0,0.0,ALTO,20.0,aprobado
4.9,70.4,12.2,0,0.0,ALTO,10.6,reprobado
11.8,63.6,10.0,1,28.0,Bajo,9.9,reprobado
7.8,90.7,9.0,0,0.0,Medio,13.3,en_riesgo
7.6,70.8,8.3,1,41.0,BAJO,7.4,reprobado
17.8,54.7,13.8,1,21.0,MEDIO,13.7,en_riesgo
7.6,43.8,15.5,1,20.0,Bajo,11.3,en_riesgo
29.9,95.6,18.0,0,0.0,Medio,20.0,aprobado
27.7,86.2,19.5,0,0.0,Medio,20.0,aprobado
2.4,64.9,18.3,0,0.0,Alto,12.6,en_riesgo
22.2,54.0,7.9,1,17.0,Medio,13.1,en_riesgo
19.9,94.7,11.7,1,11.0,Bajo,14.5,aprobado
10.4,41.0,15.0,1,8.0,Alto,13.5,en_riesgo
29.3,43.3,15.6,0,0.0,Alto,20.0,aprobado
25.2,42.2,18.5,0,0.0,bajo,17.5,aprobado
21.0,49.6,18.4,0,0.0,medio,17.2,aprobado
7.1,89.4,16.0,0,0.0,Bajo,16.4,aprobado
27.1,82.7,13.0,0,0.0,Medio,18.9,aprobado
23.2,47.2,12.2,1,15.0,Bajo,12.9,en_riesgo
16.2,95.4,6.6,0,0.0,Medio,14.4,aprobado
3.1,76.0,11.4,1,15.0,Bajo,9.2,reprobado
2.3,60.1,10.7,0,0.0,Medio,6.5,reprobado
,64.9,13.7,1,35.0,Alto,11.1,en_riesgo
20.2,66.1,13.4,0,0.0,Medio,14.2,aprobado
,99.7,9.7,0,0.0,Alto,16.3,aprobado
7.3,95.6,13.7,1,24.0,Medio,11.3,en_riesgo
7.0,66.3,9.4,0,0.0,Alto,12.7,en_riesgo
4.5,51.7,14.2,0,0.0,Alto,11.2,en_riesgo
15.3,58.0,19.9,1,35.0,Medio,14.9,aprobado
8.5,69.7,15.9,0,0.0,Medio,13.2,en_riesgo
,96.8,15.9,1,11.0,Alto,20.0,aprobado
24.3,53.9,14.6,0,0.0,Bajo,18.2,aprobado
,74.5,5.8,0,0.0,Alto,16.2,aprobado
,57.5,10.9,0,0.0,Medio,16.1,aprobado
3.3,72.5,19.1,1,20.0,Bajo,11.1,en_riesgo
6.4,90.9,8.7,0,0.0,Medio,10.3,reprobado
,74.8,8.4,0,0.0,Medio,8.3,reprobado
29.3,83.0,6.8,1,37.0,Medio,14.5,aprobado
20.6,74.2,12.9,1,29.0,Bajo,14.0,aprobado
19.4,97.6,14.0,0,0.0,Bajo,17.9,aprobado
,86.1,14.3,0,0.0,Alto,20.0,aprobado
2.8,69.5,8.0,0,0.0,Medio,8.9,reprobado
24.3,92.8,16.3,0,0.0,Medio,20.0,aprobado
14.8,68.6,15.9,1,8.0,Medio,15.7,aprobado
25.7,87.4,7.9,0,0.0,Medio,17.7,aprobado
13.8,78.4,17.3,1,15.0,Medio,13.8,en_riesgo
5.2,44.5,5.5,1,0.0,Bajo,7.5,reprobado
16.8,83.1,16.5,0,0.0,Medio,19.4,aprobado
8.8,45.3,16.1,1,19.0,Alto,11.2,en_riesgo
,66.1,10.4,1,31.0,Bajo,12.1,en_riesgo
14.2,77.8,19.7,1,9.0,Medio,16.0,aprobado
7.3,72.8,10.7,0,0.0,Bajo,10.1,reprobado
23.8,41.9,12.6,0,0.0,Medio,14.6,aprobado
6.4,57.8,9.2,0,0.0,Bajo,7.8,reprobado
19.1,98.1,7.0,0,0.0,Medio,14.5,aprobado
2.0,91.2,8.0,1,14.0,Bajo,7.7,reprobado
22.8,89.1,7.5,1,42.0,Bajo,11.7,en_riesgo
5.9,77.3,13.7,0,0.0,Medio,10.3,reprobado
25.1,61.4,8.3,1,33.0,Alto,14.6,aprobado
,63.9,7.7,0,0.0,Medio,9.6,reprobado
25.9,72.0,17.7,0,0.0,Medio,20.0,aprobado
29.3,58.1,16.4,1,30.0,Medio,17.9,aprobado
18.5,63.0,9.6,1,34.0,Bajo,12.7,en_riesgo
1.4,55.4,10.4,1,33.0,Medio,6.6,reprobado
26.7,87.6,16.8,0,0.0,Bajo,19.5,aprobado
13.3,68.4,14.2,1,43.0,Alto,11.8,en_riesgo
11.1,74.5,12.0,0,0.0,Bajo,12.9,en_riesgo
2.0,61.6,10.4,0,0.0,Bajo,8.1,reprobado
24.7,71.2,14.9,0,0.0,Bajo,18.7,aprobado
,96.8,11.6,0,0.0,Bajo,13.8,en_riesgo
25.5,84.8,19.3,1,29.0,Medio,19.6,aprobado
,77.7,9.6,0,0.0,Medio,8.8,reprobado
8.0,53.3,8.6,0,0.0,Bajo,7.7,reprobado
17.5,74.8,17.0,0,0.0,Medio,16.3,aprobado
8.8,88.8,,0,0.0,Bajo,10.5,reprobado
4.0,76.2,12.5,0,0.0,Bajo,10.5,reprobado
22.8,64.9,10.6,1,25.0,Bajo,14.1,aprobado
15.2,55.1,9.1,1,36.0,Bajo,8.4,reprobado
28.5,94.6,9.0,1,32.0,Medio,16.7,aprobado
8.1,47.6,8.8,1,37.0,Bajo,7.5,reprobado
18.7,59.2,10.5,0,0.0,Medio,12.6,en_riesgo
20.0,43.5,9.5,1,42.0,Alto,12.9,en_riesgo
11.8,58.7,16.1,0,0.0,Alto,16.8,aprobado
19.0,78.7,19.9,1,29.0,Medio,17.5,aprobado
,91.0,13.8,0,0.0,Bajo,16.2,aprobado
3.3,81.9,5.3,1,12.0,Medio,7.0,reprobado
23.0,88.9,6.7,0,0.0,Bajo,12.7,en_riesgo
8.2,91.0,,1,17.0,Medio,15.2,aprobado
29.3,58.3,18.5,0,0.0,Medio,20.0,aprobado
25.6,86.6,12.0,0,0.0,Bajo,17.2,aprobado
11.5,68.1,6.9,0,0.0,Bajo,10.5,reprobado
11.9,98.4,10.8,0,0.0,Medio,14.2,aprobado
21.5,58.8,13.9,1,27.0,Medio,15.0,aprobado
10.1,45.7,5.7,1,32.0,Medio,7.1,reprobado
,70.7,,0,0.0,Bajo,7.3,reprobado
13.5,70.8,13.0,0,0.0,Alto,15.8,aprobado
22.9,95.9,13.7,0,0.0,Medio,17.4,aprobado
5.0,57.1,17.5,0,0.0,Medio,13.6,en_riesgo
1.5,49.4,,0,0.0,Medio,9.6,reprobado
16.1,82.9,7.0,1,18.0,Medio,11.7,en_riesgo
,85.4,13.9,0,0.0,Medio,12.5,en_riesgo
23.1,93.1,9.4,1,34.0,Medio,16.5,aprobado
6.4,66.3,,0,0.0,Alto,11.4,en_riesgo
28.6,83.6,9.5,1,17.0,Bajo,16.0,aprobado
20.5,72.2,6.3,0,0.0,Bajo,13.2,en_riesgo
1.6,62.0,,0,0.0,Medio,11.2,en_riesgo
6.6,43.7,12.6,0,0.0,Medio,10.3,reprobado
29.5,55.9,9.9,0,0.0,BAJO,14.5,aprobado
25.6,90.4,,1,28.0,Alto,19.8,aprobado
16.3,49.2,12.7,0,0.0,Alto,14.8,aprobado
25.0,91.6,16.4,0,0.0,Medio,19.3,aprobado
12.0,64.0,12.6,0,0.0,Medio,14.1,aprobado
4.6,64.8,17.3,0,0.0,Medio,13.4,en_riesgo
28.9,66.3,5.6,0,0.0,Alto,14.7,aprobado
28.6,92.4,10.4,1,41.0,Medio,15.6,aprobado
24.3,45.8,13.9,0,0.0,Bajo,15.3,aprobado
11.4,61.2,10.0,0,0.0,Medio,10.7,reprobado
26.1,93.1,13.2,0,0.0,Bajo,16.9,aprobado
6.9,45.9,9.8,0,0.0,Medio,11.0,en_riesgo
,87.2,19.2,1,42.0,Medio,15.3,aprobado
20.2,89.9,13.3,0,0.0,Medio,17.3,aprobado
2.5,60.1,14.6,0,0.0,Bajo,10.7,reprobado
11.6,76.8,12.1,0,0.0,Alto,14.2,aprobado
12.9,51.2,13.9,0,0.0,Bajo,10.9,reprobado
13.1,41.2,16.5,1,32.0,Bajo,12.4,en_riesgo
19.5,75.4,19.9,0,0.0,Medio,18.5,aprobado
8.5,79.4,9.6,0,0.0,Alto,13.8,en_riesgo
18.7,60.5,14.6,0,0.0,Medio,14.1,aprobado
11.7,99.8,19.7,1,29.0,Medio,16.0,aprobado
1.0,85.2,5.5,1,39.0,bajo,5.1,reprobado
7.8,65.2,8.2,0,0.0,Bajo,9.3,reprobado
20.2,51.1,6.2,0,0.0,Medio,10.4,reprobado
14.4,84.5,13.8,0,0.0,Bajo,15.2,aprobado
23.7,53.3,17.8,0,0.0,Alto,20.0,aprobado
,98.8,12.3,0,0.0,Medio,13.4,en_riesgo
7.6,79.5,15.5,1,41.0,Bajo,10.8,reprobado
2.1,66.7,12.2,0,0.0,Bajo,8.7,reprobado
22.1,68.1,11.2,0,0.0,Medio,15.1,aprobado
5.9,90.0,8.6,0,0.0,Medio,11.1,en_riesgo
23.7,65.7,11.1,0,0.0,Medio,14.7,aprobado
27.4,95.4,7.9,1,31.0,Medio,15.7,aprobado
11.8,66.6,18.3,1,23.0,Bajo,13.3,en_riesgo
11.0,65.3,,0,0.0,Medio,11.7,en_riesgo
3.1,52.4,14.6,0,0.0,Medio,10.1,reprobado
1.5,74.0,12.6,1,14.0,Bajo,8.4,reprobado
5.8,70.3,16.0,0,0.0,Medio,14.2,aprobado
22.3,94.3,,0,0.0,medio,16.3,aprobado
1.5,70.7,,1,26.0,Medio,8.2,reprobado
26.4,83.9,17.4,0,0.0,MEDIO,19.5,aprobado
,88.6,,0,0.0,Medio,18.6,aprobado
14.3,86.4,20.0,1,46.0,Medio,17.1,aprobado
26.4,43.4,6.8,0,0.0,Bajo,15.0,aprobado
9.3,74.0,13.0,0,0.0,Bajo,10.8,reprobado
24.8,62.9,16.8,0,0.0,Bajo,17.6,aprobado
,64.4,13.4,1,27.0,Alto,9.9,reprobado
,83.6,6.4,1,30.0,Alto,9.0,reprobado
,46.5,9.5,1,24.0,Medio,8.2,reprobado
27.4,56.7,18.2,0,0.0,Alto,20.0,aprobado
8.4,48.3,13.9,0,0.0,Medio,12.4,en_riesgo
1.2,84.7,5.9,1,10.0,MEDIO,7.9,reprobado
1.2,61.2,6.7,1,17.0,Bajo,6.3,reprobado
22.9,47.7,7.3,0,0.0,Medio,14.1,aprobado
2.7,86.6,6.3,0,0.0,Medio,8.1,reprobado
1.2,75.5,19.9,1,34.0,Bajo,10.9,reprobado
22.1,80.5,7.0,0,0.0,Alto,13.8,en_riesgo
10.0,54.4,16.0,0,0.0,ALTO,13.6,en_riesgo
25.3,78.5,16.3,1,31.0,Alto,19.5,aprobado
29.7,42.9,14.0,1,22.0,Medio,17.4,aprobado
22.6,71.9,15.6,0,0.0,Alto,18.6,aprobado
5.2,80.5,6.0,0,0.0,medio,10.0,reprobado
2.5,50.2,13.0,1,40.0,Medio,5.8,reprobado
4.0,84.4,19.9,1,15.0,Medio,13.3,en_riesgo
21.3,96.3,15.2,1,20.0,Alto,19.0,aprobado
6.1,92.3,10.8,0,0.0,Alto,14.9,aprobado
20.9,68.7,6.0,1,22.0,Bajo,11.1,en_riesgo
27.9,89.2,7.7,1,21.0,Alto,16.3,aprobado
2.4,86.6,9.0,0,0.0,Medio,9.4,reprobado
12.0,83.5,16.0,1,34.0,Medio,15.4,aprobado
1.7,50.5,14.9,1,37.0,Medio,7.9,reprobado
1.4,59.9,17.9,0,0.0,Medio,12.3,en_riesgo
29.5,66.0,17.1,0,0.0,Bajo,18.9,aprobado
20.0,57.7,5.5,1,25.0,Alto,12.8,en_riesgo
25.0,99.8,13.8,0,0.0,Alto,20.0,aprobado
14.4,51.6,12.0,0,0.0,Medio,12.5,en_riesgo
2.9,54.3,8.2,0,0.0,Medio,6.3,reprobado
9.6,81.4,9.9,1,25.0,Alto,12.4,en_riesgo
,55.1,,1,16.0,Medio,18.7,aprobado
27.1,40.4,5.5,1,8.0,Bajo,12.4,en_riesgo
7.9,71.6,11.6,0,0.0,Medio,13.3,en_riesgo
29.8,58.3,18.3,0,0.0,Bajo,17.2,aprobado
4.9,78.7,9.5,0,0.0,Medio,10.7,reprobado
1.6,92.0,12.0,1,35.0,Alto,12.0,en_riesgo
27.0,94.9,7.5,1,20.0,Bajo,17.0,aprobado
,44.7,18.6,1,27.0,Medio,16.5,aprobado
12.3,75.2,12.2,1,40.0,Medio,10.2,reprobado
10.4,78.5,9.0,0,0.0,Alto,13.6,en_riesgo
4.7,72.1,15.3,0,0.0,Medio,12.8,en_riesgo
28.3,98.2,11.0,0,0.0,Bajo,17.1,aprobado
13.9,79.8,8.8,0,0.0,Medio,12.5,en_riesgo
25.2,89.8,16.5,0,0.0,Bajo,20.0,aprobado
26.0,41.5,8.7,0,0.0,Alto,14.2,aprobado
12.2,70.2,18.4,1,18.0,Medio,14.5,aprobado
8.8,89.9,7.9,1,44.0,Alto,10.1,reprobado
14.9,63.0,17.3,0,0.0,Bajo,12.7,en_riesgo
8.0,61.0,14.2,0,0.0,BAJO,12.3,en_riesgo
28.9,62.6,10.0,0,0.0,Medio,14.5,aprobado
19.6,75.6,10.4,0,0.0,Bajo,14.1,aprobado
10.9,54.9,8.1,1,24.0,Bajo,10.0,reprobado
22.1,78.4,11.2,1,25.0,Medio,17.0,aprobado
5.2,99.4,5.8,0,0.0,Bajo,10.2,reprobado
17.7,69.1,6.1,1,45.0,Bajo,10.5,reprobado
16.3,70.9,14.4,0,0.0,medio,16.4,aprobado
28.2,90.5,15.4,1,8.0,Alto,19.2,aprobado
2.1,84.9,18.4,0,0.0,Medio,13.2,en_riesgo
15.4,93.6,15.2,0,0.0,Alto,17.0,aprobado
9.7,60.3,19.0,0,0.0,Bajo,14.7,aprobado
4.1,54.5,,1,29.0,Alto,11.9,en_riesgo
9.4,68.4,,0,0.0,Bajo,9.8,reprobado
28.3,42.8,12.1,1,34.0,Bajo,15.7,aprobado
15.4,83.3,7.7,1,31.0,Medio,11.8,en_riesgo
8.8,44.3,15.1,1,18.0,Bajo,9.5,reprobado
24.7,59.2,6.3,0,0.0,BAJO,13.7,en_riesgo
6.8,80.3,8.8,0,0.0,Bajo,8.6,reprobado
3.7,64.3,13.1,0,0.0,Medio,10.8,reprobado
27.1,79.6,15.0,1,15.0,Medio,18.9,aprobado
12.4,83.3,15.3,0,0.0,Medio,15.5,aprobado
22.6,66.2,6.5,0,0.0,Bajo,14.1,aprobado
29.6,83.0,7.9,1,27.0,Medio,15.4,aprobado
8.6,51.5,11.2,0,0.0,Medio,10.1,reprobado
13.1,69.3,,1,18.0,Medio,10.3,reprobado
14.6,43.9,9.8,0,0.0,Alto,10.9,reprobado
29.3,97.7,,0,0.0,Bajo,18.5,aprobado
19.8,72.5,11.9,0,0.0,Alto,16.5,aprobado
25.2,71.2,8.1,1,12.0,Alto,14.1,aprobado
25.0,93.5,5.9,1,26.0,Medio,14.7,aprobado
,61.1,6.4,1,24.0,Medio,12.6,en_riesgo
10.1,89.1,15.8,1,37.0,Medio,15.7,aprobado
18.4,54.2,6.5,0,0.0,Alto,14.9,aprobado
9.3,95.1,,0,0.0,Bajo,14.6,aprobado
28.8,82.5,,1,0.0,Alto,19.6,aprobado
17.5,79.0,12.7,1,45.0,Bajo,13.8,en_riesgo
14.8,88.9,9.0,0,0.0,Medio,15.9,aprobado
24.2,93.6,8.5,1,11.0,Bajo,12.5,en_riesgo
9.7,47.3,,0,0.0,Alto,15.5,aprobado
24.5,49.9,19.6,1,8.0,Medio,20.0,aprobado
26.4,50.2,14.5,1,31.0,Medio,13.4,en_riesgo
1.5,77.3,12.3,1,39.0,Medio,10.1,reprobado
5.6,43.8,18.9,0,0.0,Bajo,12.9,en_riesgo
28.8,92.9,10.7,0,0.0,Bajo,17.9,aprobado
5.2,69.8,11.1,0,0.0,Medio,7.4,reprobado
21.2,68.8,13.0,1,34.0,Bajo,12.6,en_riesgo
2.4,43.4,14.1,1,31.0,Alto,10.4,reprobado
22.3,69.0,16.9,0,0.0,Alto,19.2,aprobado
,75.9,5.7,0,0.0,Bajo,11.2,en_riesgo
21.6,51.7,,0,0.0,Bajo,12.9,en_riesgo
27.8,54.0,6.5,1,28.0,Alto,14.0,aprobado
19.0,84.4,8.1,0,0.0,Alto,16.4,aprobado
20.2,77.7,,1,24.0,Medio,13.2,en_riesgo
21.1,45.0,10.7,0,0.0,Medio,14.8,aprobado
24.8,62.3,5.7,1,40.0,Medio,10.5,reprobado
19.1,48.7,5.6,1,21.0,Bajo,11.2,en_riesgo
21.2,62.2,6.4,1,47.0,Bajo,10.1,reprobado
1.6,99.1,10.3,0,0.0,Bajo,11.5,en_riesgo
19.0,96.0,12.6,1,38.0,Medio,16.4,aprobado
9.4,44.4,17.3,0,0.0,Alto,13.8,en_riesgo
27.1,44.4,,0,0.0,Alto,17.3,aprobado
7.2,59.2,5.7,0,0.0,Alto,10.0,reprobado
26.2,84.6,17.8,1,45.0,MEDIO,18.0,aprobado
29.0,82.4,17.2,0,0.0,Medio,20.0,aprobado
28.8,94.5,17.4,0,0.0,Alto,20.0,aprobado
6.2,69.1,12.7,1,8.0,Bajo,11.1,en_riesgo
27.8,77.5,9.4,1,47.0,Bajo,13.9,en_riesgo
17.1,60.6,14.9,0,0.0,Medio,18.0,aprobado
,72.0,8.0,0,0.0,Alto,17.3,aprobado
7.7,40.8,6.4,1,25.0,Medio,5.9,reprobado
22.1,66.2,10.2,0,0.0,Alto,14.3,aprobado
20.9,74.5,18.0,1,44.0,Medio,17.6,aprobado
24.8,73.4,8.9,1,46.0,Medio,14.5,aprobado
1.8,80.5,,0,0.0,Medio,9.0,reprobado
7.6,83.8,19.5,1,15.0,Alto,15.5,aprobado
27.3,47.9,19.5,1,30.0,Medio,18.3,aprobado
20.2,44.0,15.2,0,0.0,Alto,16.0,aprobado
12.6,82.7,7.9,0,0.0,Medio,12.7,en_riesgo
9.0,40.3,9.2,1,40.0,Bajo,9.2,reprobado
13.5,86.0,15.5,0,0.0,Bajo,16.0,aprobado
19.6,64.3,13.5,0,0.0,Medio,15.3,aprobado
4.6,47.4,6.4,0,0.0,Alto,6.4,reprobado
23.6,88.5,13.0,0,0.0,Medio,18.5,aprobado
2.1,88.0,8.3,1,43.0,Medio,8.2,reprobado
25.8,91.1,10.0,0,0.0,Medio,18.5,aprobado
9.9,88.7,,1,44.0,Medio,10.6,reprobado
9.3,95.2,19.9,0,0.0,Medio,17.0,aprobado
15.1,90.1,14.5,1,0.0,Medio,14.5,aprobado
11.1,75.1,18.0,0,0.0,Medio,14.9,aprobado
7.4,97.7,18.3,1,32.0,Medio,15.3,aprobado
20.9,68.3,15.9,0,0.0,Alto,16.9,aprobado
,83.2,16.3,0,0.0,Medio,10.9,reprobado
6.4,94.4,18.8,0,0.0,Bajo,13.6,en_riesgo
1.9,60.7,11.2,0,0.0,Bajo,8.7,reprobado
17.8,77.2,8.3,0,0.0,Medio,13.2,en_riesgo
,46.7,11.1,1,13.0,Alto,14.5,aprobado
14.1,65.3,,0,0.0,Medio,14.6,aprobado
27.6,53.6,15.7,0,0.0,Alto,20.0,aprobado
2.1,47.8,7.8,1,9.0,Bajo,6.2,reprobado
16.5,76.0,13.0,0,0.0,Medio,16.5,aprobado
23.1,73.9,17.2,0,0.0,Medio,19.1,aprobado
10.3,65.5,8.4,0,0.0,Medio,11.8,en_riesgo
24.0,94.5,,1,47.0,Medio,18.7,aprobado
9.2,56.8,12.1,1,22.0,Medio,8.8,reprobado
28.6,56.6,12.4,1,15.0,Medio,16.1,aprobado
6.4,61.9,13.8,1,42.0,Medio,8.0,reprobado
5.7,78.8,8.5,0,0.0,Medio,11.2,en_riesgo
24.6,72.0,14.4,0,0.0,Alto,16.4,aprobado
13.5,78.4,11.9,0,0.0,Alto,16.2,aprobado
10.5,82.4,10.7,0,0.0,Bajo,10.8,reprobado
12.8,75.5,13.7,0,0.0,Medio,14.8,aprobado
1.2,75.7,7.2,1,40.0,Bajo,5.6,reprobado
20.4,53.8,,1,19.0,Medio,13.2,en_riesgo
20.6,79.1,14.5,1,17.0,Medio,15.9,aprobado
19.3,58.5,9.8,1,39.0,Bajo,12.3,en_riesgo
29.7,67.8,6.4,0,0.0,Medio,16.9,aprobado
27.1,63.0,,1,41.0,Bajo,15.0,aprobado
26.8,42.8,12.5,0,0.0,Bajo,16.8,aprobado
12.4,90.0,18.9,1,47.0,Bajo,16.1,aprobado
1.7,89.0,7.5,1,19.0,BAJO,6.9,reprobado
2.2,48.8,6.9,1,46.0,Medio,4.0,reprobado
24.4,68.5,14.4,0,0.0,Alto,18.7,aprobado
12.2,45.7,16.0,0,0.0,Medio,12.3,en_riesgo
20.1,97.3,,1,22.0,Alto,17.3,aprobado
15.1,72.8,6.5,0,0.0,Alto,12.8,en_riesgo
25.5,64.6,17.4,1,16.0,Medio,20.0,aprobado
26.9,94.5,6.0,1,24.0,Bajo,13.9,en_riesgo
2.6,55.8,,1,16.0,Medio,9.9,reprobado
27.7,57.8,16.8,1,36.0,Bajo,16.0,aprobado
,96.4,5.2,1,18.0,Medio,12.4,en_riesgo
26.8,89.7,14.1,1,32.0,Medio,20.0,aprobado
22.7,58.0,6.0,1,33.0,Medio,12.0,en_riesgo
13.9,47.3,18.3,0,0.0,Medio,15.9,aprobado
29.9,73.2,11.1,0,0.0,Alto,19.2,aprobado
10.6,73.4,15.1,0,0.0,Medio,15.6,aprobado
22.0,72.6,18.2,0,0.0,Bajo,18.0,aprobado
10.7,57.7,9.5,1,28.0,Bajo,8.4,reprobado
28.5,94.6,8.6,0,0.0,Alto,18.2,aprobado
3.6,83.1,7.7,0,0.0,Bajo,7.9,reprobado
,53.8,7.8,0,0.0,Medio,11.1,en_riesgo
2.3,66.7,15.4,1,34.0,Bajo,12.0,en_riesgo
15.8,43.6,11.9,0,0.0,Bajo,10.9,reprobado
19.3,86.6,13.3,0,0.0,Medio,16.7,aprobado
16.5,69.2,,1,0.0,Alto,13.0,en_riesgo
9.7,46.6,,0,0.0,Medio,13.9,en_riesgo
,81.5,5.1,0,0.0,Bajo,15.4,aprobado
,59.4,17.5,0,0.0,bajo,16.8,aprobado
13.7,71.5,13.9,0,0.0,Bajo,12.9,en_riesgo
8.7,45.8,10.4,1,39.0,Bajo,6.5,reprobado
25.3,62.9,11.0,0,0.0,Medio,16.5,aprobado
22.7,79.6,9.0,1,31.0,Bajo,11.5,en_riesgo
21.2,88.1,9.9,0,0.0,Bajo,13.3,en_riesgo
1.9,75.3,11.6,1,17.0,Medio,10.3,reprobado
12.1,59.9,11.6,1,8.0,Medio,13.9,en_riesgo
3.5,47.7,7.8,0,0.0,Bajo,9.3,reprobado
5.3,97.0,10.0,1,8.0,Bajo,9.1,reprobado
12.0,70.5,14.7,0,0.0,Alto,14.9,aprobado
7.0,70.6,11.2,1,45.0,Medio,10.7,reprobado
8.5,67.2,13.5,1,19.0,Medio,13.1,en_riesgo
10.7,53.5,11.7,0,0.0,Bajo,10.9,reprobado
17.9,49.1,16.8,0,0.0,Medio,14.8,aprobado
5.3,47.4,13.2,0,0.0,Alto,13.1,en_riesgo
1.9,86.1,,1,47.0,Bajo,8.8,reprobado
19.3,48.8,,0,0.0,Medio,14.4,aprobado
21.1,43.9,8.3,0,0.0,Alto,12.9,en_riesgo
,86.5,5.5,1,19.0,Bajo,10.5,reprobado
22.2,93.5,,0,0.0,Bajo,17.8,aprobado
24.7,70.0,,0,0.0,Bajo,18.8,aprobado
29.7,92.1,8.8,1,18.0,Bajo,17.4,aprobado
15.7,93.3,12.9,1,17.0,Medio,15.8,aprobado
14.7,76.4,16.8,1,31.0,BAJO,16.3,aprobado
6.3,93.9,,0,0.0,Alto,11.7,en_riesgo
21.8,85.3,14.7,1,18.0,MEDIO,15.7,aprobado
3.5,78.5,5.6,1,38.0,Bajo,6.5,reprobado
25.4,89.6,,0,0.0,Bajo,19.5,aprobado
9.8,62.3,11.7,1,27.0,Alto,12.0,en_riesgo
21.7,40.1,11.7,1,37.0,Bajo,14.9,aprobado
27.1,92.2,12.0,1,39.0,Bajo,19.1,aprobado
,70.4,11.4,0,0.0,Medio,12.4,en_riesgo
14.3,81.2,15.2,0,0.0,Medio,16.4,aprobado
7.5,83.5,15.2,0,0.0,Medio,12.3,en_riesgo
1.5,77.8,12.6,1,22.0,Medio,9.2,reprobado
22.4,71.5,18.4,0,0.0,Bajo,18.5,aprobado
9.5,91.1,,0,0.0,Medio,17.1,aprobado
,49.4,5.2,1,30.0,Medio,10.6,reprobado
,79.9,,1,16.0,Bajo,15.7,aprobado
,91.8,15.6,1,31.0,Medio,18.4,aprobado
2.3,86.3,10.9,0,0.0,Bajo,9.8,reprobado
6.4,75.1,19.1,0,0.0,Medio,16.5,aprobado
,66.6,6.2,0,0.0,Medio,12.4,en_riesgo
4.3,97.6,9.0,0,0.0,Medio,12.4,en_riesgo
23.3,78.6,12.9,0,0.0,Alto,18.2,aprobado
6.9,62.4,6.1,1,12.0,Alto,8.5,reprobado
8.8,56.1,,0,0.0,Bajo,11.4,en_riesgo
10.3,47.9,18.9,1,21.0,Medio,14.8,aprobado
5.3,92.4,9.0,0,0.0,BAJO,9.7,reprobado
19.8,72.5,11.9,0,0.0,Alto,16.5,aprobado
2.3,76.2,7.3,0,0.0,Alto,7.9,reprobado
10.8,93.7,7.1,1,15.0,Bajo,10.9,reprobado
10.1,70.8,14.9,0,0.0,Bajo,13.2,en_riesgo
3.1,50.9,11.6,0,0.0,Alto,10.8,reprobado
2.6,62.3,19.5,1,42.0,Bajo,10.7,reprobado
13.2,62.5,9.7,1,47.0,Medio,11.4,en_riesgo
4.0,64.4,10.0,1,15.0,Bajo,8.6,reprobado
16.5,41.6,,0,0.0,Medio,11.9,en_riesgo
14.7,44.2,15.2,0,0.0,Bajo,14.4,aprobado
19.3,76.4,5.1,0,0.0,Medio,13.4,en_riesgo
15.1,54.6,14.2,0,0.0,Bajo,12.5,en_riesgo
1.6,64.0,18.2,0,0.0,Medio,11.5,en_riesgo
25.0,62.7,12.7,1,8.0,Medio,17.1,aprobado
13.2,74.3,11.3,0,0.0,Bajo,11.5,en_riesgo
1.5,47.7,9.6,0,0.0,Medio,8.9,reprobado
17.2,74.2,18.7,0,0.0,Bajo,17.9,aprobado
20.2,94.8,15.5,0,0.0,Alto,20.0,aprobado
30.0,74.0,7.6,1,42.0,Bajo,15.4,aprobado
12.2,98.9,5.9,1,28.0,Medio,10.1,reprobado
27.6,83.4,15.3,1,14.0,Alto,20.0,aprobado
4.1,74.0,18.5,0,0.0,Alto,15.8,aprobado
17.1,80.6,9.9,0,0.0,Alto,14.8,aprobado
20.4,86.6,,1,19.0,Medio,16.6,aprobado
28.7,56.6,11.3,1,30.0,Medio,15.7,aprobado
24.8,89.4,16.4,1,29.0,Medio,17.9,aprobado
26.2,96.9,18.9,0,0.0,Bajo,20.0,aprobado
18.7,59.0,,0,0.0,Bajo,12.8,en_riesgo
22.2,100.0,8.3,0,0.0,Medio,18.5,aprobado
12.3,70.6,15.0,0,0.0,Bajo,14.3,aprobado
3.2,46.6,12.8,1,44.0,Medio,9.5,reprobado
22.7,75.1,18.2,0,0.0,Bajo,19.1,aprobado
19.3,98.8,6.8,1,21.0,Medio,13.1,en_riesgo
18.3,70.2,13.5,1,27.0,Bajo,14.7,aprobado
13.4,94.2,16.6,0,0.0,Bajo,16.6,aprobado
28.8,88.7,,0,0.0,Bajo,16.3,aprobado
28.4,43.8,10.1,0,0.0,Medio,14.8,aprobado
28.0,69.3,10.9,0,0.0,Bajo,15.8,aprobado
12.0,61.7,16.8,0,0.0,MEDIO,12.0,en_riesgo
4.3,51.3,,0,0.0,Bajo,11.0,en_riesgo
28.2,82.5,16.4,0,0.0,Bajo,20.0,aprobado
21.9,80.1,9.1,0,0.0,Medio,16.8,aprobado
20.6,91.2,5.2,0,0.0,Medio,14.9,aprobado
8.9,95.9,,0,0.0,Alto,18.5,aprobado
20.6,59.4,18.7,0,0.0,alto,19.0,aprobado
22.2,89.1,12.3,0,0.0,Medio,16.6,aprobado
21.5,58.8,13.9,1,27.0,Medio,15.0,aprobado
16.8,83.8,18.4,1,34.0,Alto,19.9,aprobado
17.1,66.7,19.8,0,0.0,Bajo,18.0,aprobado
27.3,57.6,6.4,1,17.0,Medio,13.8,en_riesgo
27.6,69.8,13.9,0,0.0,Medio,19.5,aprobado
9.2,42.2,13.3,1,15.0,Medio,11.2,en_riesgo
6.6,57.4,5.7,0,0.0,Medio,6.8,reprobado
2.4,75.9,18.0,1,28.0,Alto,13.6,en_riesgo
10.9,43.1,5.6,1,15.0,medio,9.8,reprobado
20.4,98.5,10.1,0,0.0,Bajo,16.7,aprobado
12.0,91.4,12.2,1,36.0,Medio,12.6,en_riesgo
17.1,90.0,6.6,1,33.0,Bajo,11.7,en_riesgo
1.3,63.1,15.0,0,0.0,Alto,12.5,en_riesgo
16.2,88.9,16.0,0,0.0,Medio,16.5,aprobado
16.1,54.5,10.7,1,26.0,Bajo,13.1,en_riesgo
,92.3,,0,0.0,Medio,13.2,en_riesgo
13.7,68.4,14.2,0,0.0,Medio,14.1,aprobado
7.4,73.1,10.0,0,0.0,Medio,10.8,reprobado
17.0,64.0,5.7,0,0.0,Bajo,11.5,en_riesgo
23.8,56.4,8.0,1,42.0,Medio,13.6,en_riesgo
2.3,57.2,12.0,1,33.0,Alto,9.4,reprobado
19.7,46.6,16.0,1,10.0,Bajo,15.5,aprobado
10.9,48.7,6.9,1,43.0,Medio,5.6,reprobado
12.0,48.9,14.4,0,0.0,Medio,13.9,en_riesgo
6.4,68.2,19.0,0,0.0,Bajo,12.4,en_riesgo
21.9,92.6,17.6,1,11.0,Bajo,18.1,aprobado
2.5,62.4,8.5,0,0.0,Medio,7.6,reprobado
,64.8,16.6,0,0.0,Alto,12.8,en_riesgo
29.5,77.7,17.7,0,0.0,Alto,20.0,aprobado
22.6,71.1,8.0,1,43.0,Bajo,13.4,en_riesgo
2.0,47.6,15.5,1,30.0,Medio,9.7,reprobado
21.3,66.0,16.0,1,20.0,Bajo,17.0,aprobado
23.1,51.4,5.7,0,0.0,Bajo,11.5,en_riesgo
11.6,97.9,19.8,0,0.0,Medio,18.6,aprobado
20.3,43.9,14.8,1,13.0,Bajo,14.1,aprobado
12.9,46.6,6.6,0,0.0,Medio,13.5,en_riesgo
17.2,73.4,16.4,0,0.0,Bajo,16.8,aprobado
13.8,73.2,7.0,0,0.0,Medio,9.7,reprobado
15.0,89.8,6.8,0,0.0,Medio,12.0,en_riesgo
16.3,69.3,11.4,0,0.0,Medio,15.2,aprobado
3.8,77.3,5.9,0,0.0,Bajo,6.0,reprobado
26.3,63.0,9.4,1,35.0,Bajo,12.8,en_riesgo
23.1,69.6,9.1,0,0.0,Alto,14.9,aprobado
9.7,43.2,18.2,0,0.0,Medio,13.5,en_riesgo
,70.3,14.8,1,43.0,Alto,17.5,aprobado
15.7,85.5,16.7,0,0.0,Medio,17.2,aprobado
18.9,68.5,10.0,0,0.0,Medio,14.0,aprobado
,85.1,14.8,1,8.0,Medio,12.7,en_riesgo
,95.6,9.1,0,0.0,Bajo,8.4,reprobado
2.2,69.6,15.7,1,34.0,Bajo,10.5,reprobado
,78.9,19.1,0,0.0,Medio,16.6,aprobado
27.4,70.1,6.5,1,23.0,Alto,16.8,aprobado
28.4,78.0,10.7,0,0.0,Alto,19.4,aprobado
17.9,90.9,9.2,1,44.0,Alto,15.0,aprobado
14.3,96.8,5.4,1,12.0,Bajo,11.1,en_riesgo
27.4,46.0,,1,44.0,Medio,14.4,aprobado
28.4,79.5,6.6,1,21.0,Bajo,17.3,aprobado
22.8,77.5,13.3,1,31.0,Bajo,15.4,aprobado
14.2,51.9,12.6,0,0.0,Bajo,12.9,en_riesgo
25.6,87.3,14.1,1,28.0,Alto,20.0,aprobado
9.3,46.9,7.0,0,0.0,Medio,12.1,en_riesgo
23.6,88.6,14.5,0,0.0,Medio,18.4,aprobado
14.6,51.4,6.5,1,34.0,Alto,10.2,reprobado
28.4,55.1,9.2,1,21.0,Medio,15.5,aprobado
8.6,52.2,13.6,0,0.0,Bajo,9.7,reprobado
23.1,44.2,12.8,0,0.0,Bajo,15.1,aprobado
16.0,42.5,11.8,0,0.0,Alto,13.9,en_riesgo
3.8,55.7,13.2,1,40.0,Medio,8.8,reprobado
21.0,88.0,14.4,0,0.0,Medio,16.9,aprobado
24.3,95.7,,0,0.0,Bajo,17.9,aprobado
23.4,67.1,11.0,0,0.0,Bajo,14.4,aprobado
15.1,52.8,12.0,0,0.0,Alto,14.0,aprobado
15.1,94.9,5.9,0,0.0,Medio,14.2,aprobado
2.7,52.9,5.6,0,0.0,Alto,7.3,reprobado
28.2,58.3,5.6,0,0.0,Medio,14.0,aprobado
16.9,44.2,,1,42.0,Medio,11.7,en_riesgo
12.3,61.3,,0,0.0,Medio,17.0,aprobado
21.6,57.4,15.3,1,34.0,Bajo,17.5,aprobado
4.2,60.7,8.7,0,0.0,Bajo,9.1,reprobado
4.6,49.4,8.0,0,0.0,Medio,7.3,reprobado
2.7,89.1,12.1,0,0.0,Medio,10.0,reprobado
6.4,50.7,14.2,0,0.0,Bajo,10.5,reprobado
,52.8,5.3,0,0.0,Medio,8.1,reprobado
13.9,90.2,8.6,1,42.0,Medio,10.2,reprobado
23.6,48.5,13.3,1,41.0,Bajo,14.0,aprobado
8.0,81.9,15.7,1,26.0,Alto,13.0,en_riesgo
21.4,89.0,14.8,1,17.0,Medio,19.9,aprobado
22.1,45.2,,1,12.0,Bajo,15.2,aprobado
23.0,47.5,12.0,1,36.0,Bajo,13.5,en_riesgo
22.3,58.9,15.9,0,0.0,Alto,15.4,aprobado
,49.4,10.9,0,0.0,Bajo,9.3,reprobado
13.1,72.4,16.5,1,30.0,Bajo,14.4,aprobado
4.1,91.7,17.9,0,0.0,Bajo,12.0,en_riesgo
17.3,92.1,8.1,0,0.0,Medio,11.7,en_riesgo
20.8,52.3,7.2,1,41.0,Medio,10.5,reprobado
25.6,48.6,10.0,1,42.0,Medio,14.1,aprobado
22.6,97.5,13.3,0,0.0,Alto,17.7,aprobado
28.6,47.5,9.1,1,37.0,Medio,15.9,aprobado
12.7,85.3,19.7,0,0.0,Bajo,18.1,aprobado
24.3,71.5,17.0,1,32.0,Medio,20.0,aprobado
13.2,68.5,14.3,0,0.0,Medio,13.7,en_riesgo
14.3,44.2,6.8,0,0.0,Medio,12.7,en_riesgo
29.9,51.6,16.7,1,12.0,Medio,18.6,aprobado
19.2,81.3,,1,27.0,Alto,18.9,aprobado
,70.0,15.8,0,0.0,bajo,18.4,aprobado
23.2,44.5,15.8,1,23.0,Medio,15.4,aprobado
19.7,73.0,14.6,0,0.0,Medio,15.8,aprobado
5.9,99.5,17.3,0,0.0,Alto,18.1,aprobado
20.6,96.3,16.6,1,18.0,Medio,17.2,aprobado
16.8,53.8,,0,0.0,Alto,16.9,aprobado
16.6,45.7,,1,24.0,Medio,8.8,reprobado
8.8,90.8,13.5,0,0.0,Bajo,11.5,en_riesgo
,43.6,11.7,0,0.0,Bajo,10.8,reprobado
20.2,75.2,7.9,1,43.0,Medio,11.9,en_riesgo
1.7,65.8,17.4,0,0.0,Bajo,9.4,reprobado
9.6,60.4,17.1,1,24.0,Bajo,13.3,en_riesgo
14.8,94.5,13.2,1,11.0,Bajo,14.1,aprobado
11.2,64.3,6.8,1,23.0,Medio,7.9,reprobado
5.6,99.8,15.5,1,32.0,bajo,13.1,en_riesgo
15.1,47.9,8.8,0,0.0,Medio,11.9,en_riesgo
14.9,60.1,7.4,0,0.0,Alto,10.9,reprobado
29.9,41.3,14.8,1,23.0,Medio,18.7,aprobado
15.9,47.7,18.4,0,0.0,Medio,15.0,aprobado
5.5,90.8,14.7,0,0.0,Bajo,11.8,en_riesgo
28.2,66.9,14.2,0,0.0,Alto,19.5,aprobado
16.0,69.3,9.8,0,0.0,Medio,12.7,en_riesgo
9.4,73.7,12.5,1,26.0,Bajo,9.9,reprobado
4.9,45.9,5.0,0,0.0,Bajo,5.8,reprobado
20.3,53.1,14.0,0,0.0,Bajo,15.6,aprobado
7.4,87.8,7.4,1,42.0,Bajo,7.7,reprobado
25.8,78.5,11.9,1,40.0,Bajo,16.5,aprobado
26.7,75.2,9.5,0,0.0,Medio,16.6,aprobado
13.3,86.5,18.8,0,0.0,Medio,16.2,aprobado
13.4,66.8,14.5,1,30.0,Medio,13.8,en_riesgo
19.0,50.3,16.1,0,0.0,Bajo,14.1,aprobado
29.3,73.1,19.2,0,0.0,Alto,20.0,aprobado
25.8,68.1,12.1,0,0.0,Bajo,16.8,aprobado
1.3,55.2,12.6,1,15.0,Bajo,9.2,reprobado
,92.7,9.8,0,0.0,Medio,13.4,en_riesgo
14.1,58.4,18.0,0,0.0,Medio,17.1,aprobado
19.0,61.3,8.2,1,10.0,MEDIO,12.1,en_riesgo
2.5,40.3,19.6,1,26.0,BAJO,10.8,reprobado
16.4,69.2,,1,22.0,Bajo,10.6,reprobado
,47.1,19.4,0,0.0,Bajo,13.8,en_riesgo
29.3,87.4,10.9,0,0.0,alto,15.5,aprobado
26.6,76.8,,1,21.0,Bajo,13.1,en_riesgo
17.8,99.3,10.0,0,0.0,Bajo,14.8,aprobado
15.1,54.2,14.1,0,0.0,Bajo,13.9,en_riesgo
6.0,42.2,18.5,0,0.0,Bajo,10.3,reprobado
28.6,72.5,17.1,1,22.0,Bajo,20.0,aprobado
5.1,96.7,17.7,1,25.0,Medio,14.0,aprobado
3.0,45.6,8.6,0,0.0,Medio,6.6,reprobado
27.9,71.2,8.8,0,0.0,Medio,16.6,aprobado
21.8,90.9,12.6,1,24.0,Bajo,13.6,en_riesgo
8.3,95.2,16.1,0,0.0,Medio,14.5,aprobado
,70.0,11.9,0,0.0,Medio,12.4,en_riesgo
18.6,75.1,5.1,0,0.0,Medio,11.6,en_riesgo
23.7,85.6,18.8,1,35.0,Bajo,17.3,aprobado
12.4,96.9,16.3,0,0.0,Bajo,16.1,aprobado
16.7,89.1,16.2,1,44.0,Alto,15.3,aprobado
14.2,91.0,11.5,1,29.0,Medio,14.0,aprobado
24.4,94.3,7.1,1,9.0,Alto,17.4,aprobado
20.0,92.3,12.8,1,16.0,Alto,17.6,aprobado
17.3,69.7,12.5,1,29.0,Medio,12.9,en_riesgo
28.8,64.9,5.5,1,24.0,Alto,12.4,en_riesgo
28.9,60.6,10.5,0,0.0,Medio,18.0,aprobado
19.1,73.3,6.4,0,0.0,Medio,12.3,en_riesgo
,77.4,6.4,0,0.0,Bajo,11.9,en_riesgo
5.9,44.1,16.2,0,0.0,Medio,10.6,reprobado
21.7,74.6,5.4,0,0.0,Bajo,10.9,reprobado
15.7,80.3,,0,0.0,Medio,12.0,en_riesgo
8.1,70.6,8.9,0,0.0,Medio,8.4,reprobado
28.6,70.5,17.3,0,0.0,Alto,20.0,aprobado
25.0,50.4,13.3,1,25.0,Bajo,14.6,aprobado
2.9,55.1,16.2,0,0.0,Bajo,12.4,en_riesgo
1.4,98.1,5.8,0,0.0,Bajo,7.1,reprobado
7.8,93.3,12.9,1,41.0,Medio,11.9,en_riesgo
27.6,61.3,12.3,1,38.0,Medio,14.9,aprobado
6.4,77.5,13.2,1,29.0,Bajo,10.5,reprobado
5.0,58.2,8.0,0,0.0,Bajo,10.5,reprobado
11.7,46.6,8.0,1,39.0,Medio,6.9,reprobado
5.4,71.6,13.3,1,11.0,Alto,13.0,en_riesgo
21.1,84.7,13.8,0,0.0,Alto,18.9,aprobado
15.0,95.2,17.8,1,10.0,Bajo,16.5,aprobado
27.9,79.2,16.8,1,40.0,Medio,18.5,aprobado
26.6,89.0,10.0,1,30.0,Alto,17.4,aprobado
25.0,43.7,14.3,0,0.0,Bajo,15.9,aprobado
20.4,98.1,19.8,0,0.0,Bajo,20.0,aprobado
27.9,95.2,5.8,0,0.0,Bajo,15.9,aprobado
10.1,69.8,,1,46.0,Alto,13.1,en_riesgo
14.7,82.8,13.8,1,43.0,Alto,16.6,aprobado
28.9,50.3,18.2,0,0.0,Medio,17.3,aprobado
19.6,92.8,12.3,1,15.0,Bajo,15.1,aprobado
26.0,68.8,15.2,1,19.0,Alto,18.5,aprobado
27.1,54.1,12.6,1,21.0,Medio,15.9,aprobado
17.3,91.0,10.2,0,0.0,Bajo,13.2,en_riesgo
12.1,79.1,9.4,1,19.0,Alto,14.1,aprobado
2.4,55.4,15.6,1,30.0,Medio,7.8,reprobado
25.0,51.2,16.2,0,0.0,Bajo,15.8,aprobado
7.2,45.5,12.6,0,0.0,Bajo,9.4,reprobado
13.5,64.1,18.2,0,0.0,Alto,14.6,aprobado
10.6,87.6,18.6,1,39.0,Bajo,15.9,aprobado
3.4,88.1,8.7,1,29.0,Medio,8.9,reprobado
29.3,93.7,13.3,0,0.0,Medio,19.5,aprobado
12.0,51.2,10.5,0,0.0,Medio,10.6,reprobado
11.6,86.7,16.6,1,46.0,Bajo,11.9,en_riesgo
15.1,57.7,9.0,0,0.0,Bajo,10.8,reprobado
6.6,88.6,12.6,1,37.0,Bajo,12.0,en_riesgo
15.7,74.1,6.0,1,36.0,Bajo,9.0,reprobado
26.8,70.8,5.4,0,0.0,Bajo,15.4,aprobado
26.0,69.5,10.0,1,12.0,Bajo,14.0,aprobado
16.2,57.4,16.3,0,0.0,Medio,16.4,aprobado
4.2,41.1,15.4,1,22.0,Medio,10.7,reprobado
11.0,54.7,10.9,0,0.0,Medio,10.2,reprobado
16.9,83.8,,0,0.0,Bajo,17.1,aprobado
29.5,99.1,16.4,0,0.0,Bajo,20.0,aprobado
29.7,88.2,16.2,1,39.0,Alto,20.0,aprobado
,97.8,11.8,0,0.0,Medio,12.6,en_riesgo
8.5,93.1,,1,39.0,Medio,17.0,aprobado
5.0,90.5,17.4,0,0.0,Medio,13.6,en_riesgo
,89.4,13.2,1,10.0,Bajo,16.1,aprobado
13.9,89.6,5.5,0,0.0,Bajo,12.7,en_riesgo
18.5,85.8,15.2,1,23.0,Alto,16.8,aprobado
3.9,45.0,11.3,0,0.0,Medio,7.1,reprobado
1.4,84.3,12.8,0,0.0,Bajo,11.3,en_riesgo
,55.8,6.1,0,0.0,MEDIO,12.1,en_riesgo
26.1,46.4,15.5,0,0.0,Bajo,19.7,aprobado
7.4,61.4,12.2,1,12.0,Medio,10.8,reprobado
29.1,80.5,17.4,1,47.0,Bajo,19.8,aprobado
5.6,59.5,12.0,0,0.0,Medio,9.7,reprobado
4.3,66.9,18.0,0,0.0,Medio,13.1,en_riesgo
24.1,82.0,10.3,1,44.0,Alto,15.5,aprobado
18.6,63.8,16.6,0,0.0,Medio,17.8,aprobado
12.5,76.5,19.7,1,40.0,Alto,15.8,aprobado
1.2,89.3,16.9,0,0.0,Medio,12.7,en_riesgo
27.4,61.0,18.2,1,43.0,Bajo,15.6,aprobado
21.3,80.5,11.6,0,0.0,Alto,15.4,aprobado
,93.7,14.7,0,0.0,Alto,20.0,aprobado
23.5,62.7,14.2,0,0.0,Medio,19.1,aprobado
1.2,95.6,9.0,0,0.0,Medio,10.0,reprobado
16.2,47.0,13.0,1,32.0,Medio,11.5,en_riesgo
14.4,45.5,,1,9.0,Bajo,11.0,en_riesgo
,48.2,,1,34.0,Medio,10.3,reprobado
15.1,41.1,12.8,0,0.0,Bajo,13.4,en_riesgo
7.8,59.6,,0,0.0,Bajo,11.9,en_riesgo
23.7,59.9,6.2,0,0.0,Medio,15.6,aprobado
27.0,66.2,17.2,0,0.0,Bajo,18.2,aprobado
,83.8,9.8,1,13.0,Medio,14.4,aprobado
3.3,69.7,,0,0.0,MEDIO,11.8,en_riesgo
25.4,69.8,,0,0.0,Medio,15.0,aprobado
7.6,42.3,12.5,1,19.0,Bajo,9.9,reprobado
4.2,45.7,,0,0.0,Alto,9.6,reprobado
25.4,65.2,13.2,1,28.0,Medio,16.5,aprobado
22.2,43.7,13.3,1,25.0,Bajo,14.4,aprobado
14.6,73.5,8.0,1,37.0,Bajo,9.8,reprobado
29.8,61.1,10.8,0,0.0,Medio,17.7,aprobado
20.0,88.5,14.8,1,46.0,Medio,17.1,aprobado
28.9,74.1,18.0,1,15.0,Medio,20.0,aprobado
3.1,59.5,5.3,1,34.0,Medio,4.8,reprobado
3.3,86.8,6.0,0,0.0,Medio,9.0,reprobado
10.1,91.2,8.8,1,9.0,Medio,10.2,reprobado
4.6,41.7,14.1,1,25.0,Alto,11.5,en_riesgo
,56.9,9.9,0,0.0,Medio,10.6,reprobado
,55.7,12.5,0,0.0,Medio,10.7,reprobado
21.5,96.1,15.2,0,0.0,Medio,19.1,aprobado
18.8,40.7,6.7,0,0.0,Bajo,12.2,en_riesgo
3.5,70.9,18.2,1,18.0,Bajo,10.4,reprobado
19.3,73.2,12.8,0,0.0,Alto,18.0,aprobado
16.4,58.0,14.1,0,0.0,Medio,14.8,aprobado
9.1,58.0,9.9,0,0.0,Bajo,11.8,en_riesgo
18.0,62.5,13.9,1,27.0,Bajo,13.4,en_riesgo
7.8,72.2,16.2,0,0.0,Bajo,14.1,aprobado
10.5,53.2,9.9,1,36.0,Medio,7.8,reprobado
,83.5,14.0,1,18.0,Bajo,11.3,en_riesgo
3.6,65.9,13.5,1,9.0,Medio,11.5,en_riesgo
,83.4,,1,8.0,Medio,14.2,aprobado
23.9,73.3,17.1,0,0.0,ALTO,19.3,aprobado
29.1,90.1,18.5,0,0.0,Bajo,20.0,aprobado
23.7,74.2,17.4,1,24.0,Medio,16.7,aprobado
26.6,59.3,11.8,1,8.0,Medio,16.2,aprobado
23.1,86.8,,1,8.0,Medio,16.9,aprobado
21.4,99.6,18.3,0,0.0,Medio,20.0,aprobado
3.5,51.1,,0,0.0,Bajo,6.4,reprobado
,43.0,18.3,1,34.0,Alto,15.6,aprobado
16.3,80.3,12.9,0,0.0,Medio,14.6,aprobado
27.5,98.9,9.4,1,19.0,Bajo,15.2,aprobado
,97.0,15.4,1,42.0,Alto,16.6,aprobado
5.8,74.0,7.3,0,0.0,Medio,9.1,reprobado
21.0,64.1,15.6,0,0.0,Medio,15.7,aprobado
15.3,45.5,6.0,1,34.0,Medio,5.5,reprobado
22.8,89.6,,0,0.0,Bajo,16.7,aprobado
19.8,69.8,10.9,1,40.0,Medio,12.7,en_riesgo
23.4,84.3,17.2,0,0.0,Alto,20.0,aprobado
20.6,45.8,8.3,1,17.0,Alto,11.8,en_riesgo
7.8,45.2,18.7,0,0.0,Alto,17.4,aprobado
1.7,93.2,15.0,0,0.0,Alto,14.2,aprobado
7.0,60.0,,1,37.0,Medio,10.4,reprobado
23.5,54.9,18.2,1,37.0,Bajo,17.8,aprobado
4.0,68.1,11.3,0,0.0,Medio,9.4,reprobado
17.0,79.2,15.4,0,0.0,Medio,15.9,aprobado
26.3,54.2,,1,11.0,Alto,20.0,aprobado
,95.4,11.0,0,0.0,Medio,11.7,en_riesgo
21.8,55.6,5.3,0,0.0,Medio,11.3,en_riesgo
,97.0,14.8,1,41.0,Medio,12.3,en_riesgo
19.5,86.9,15.8,0,0.0,Medio,19.1,aprobado
21.4,83.4,13.0,0,0.0,Bajo,15.8,aprobado
27.6,66.0,13.9,0,0.0,Bajo,18.9,aprobado
22.1,87.3,13.1,1,32.0,Medio,17.2,aprobado
8.5,59.3,13.5,0,0.0,Bajo,12.3,en_riesgo
21.5,63.3,,1,37.0,Bajo,14.9,aprobado
20.4,48.8,5.5,1,15.0,Medio,9.3,reprobado
3.8,80.0,15.0,1,26.0,Bajo,11.1,en_riesgo
28.9,86.4,17.5,1,25.0,Alto,20.0,aprobado
29.4,84.5,19.0,0,0.0,Bajo,19.1,aprobado
1.5,84.9,9.7,1,26.0,Medio,9.7,reprobado
8.7,92.0,13.8,0,0.0,Bajo,12.6,en_riesgo
22.4,42.6,6.8,1,9.0,Bajo,10.6,reprobado
16.8,94.7,10.8,0,0.0,Alto,16.9,aprobado
28.2,84.2,9.0,1,41.0,Alto,17.3,aprobado
4.8,80.2,5.7,1,27.0,Alto,8.1,reprobado
19.7,69.0,,0,0.0,Medio,12.9,en_riesgo
24.0,56.7,10.0,0,0.0,Medio,16.5,aprobado
21.3,49.2,18.3,1,39.0,Bajo,13.9,en_riesgo
1.2,47.3,15.3,0,0.0,Bajo,7.5,reprobado
20.1,96.3,13.6,0,0.0,Medio,19.4,aprobado
4.0,50.3,16.7,1,32.0,Bajo,8.3,reprobado
10.5,92.3,16.3,1,28.0,Medio,12.4,en_riesgo
12.1,88.0,,0,0.0,Medio,11.4,en_riesgo
18.5,75.5,6.7,0,0.0,Medio,13.8,en_riesgo
14.6,47.0,13.7,0,0.0,Alto,12.7,en_riesgo
28.4,79.3,,0,0.0,Bajo,18.8,aprobado
25.0,90.8,12.2,1,11.0,Bajo,17.7,aprobado
1.4,40.9,,0,0.0,Medio,10.2,reprobado
8.0,53.4,17.1,1,26.0,Bajo,12.6,en_riesgo
7.3,51.2,9.2,0,0.0,BAJO,9.3,reprobado
20.1,69.1,14.9,0,0.0,Bajo,18.0,aprobado
20.9,47.0,12.3,0,0.0,medio,14.5,aprobado
27.3,64.0,11.6,0,0.0,Medio,16.2,aprobado
16.9,90.3,11.0,1,8.0,Medio,14.9,aprobado
6.8,79.2,8.6,0,0.0,Bajo,9.7,reprobado
21.2,74.1,19.8,0,0.0,Medio,17.9,aprobado
16.5,74.9,17.8,1,36.0,Alto,14.8,aprobado
18.9,86.2,17.4,0,0.0,Medio,17.3,aprobado
,84.8,,1,35.0,Bajo,12.9,en_riesgo
18.1,60.7,6.9,1,45.0,Bajo,10.9,reprobado
21.9,91.3,9.2,0,0.0,Medio,14.7,aprobado
14.8,43.6,19.5,1,36.0,Alto,17.9,aprobado
3.5,63.2,19.0,0,0.0,Bajo,13.0,en_riesgo
11.9,79.1,6.2,1,31.0,Medio,9.8,reprobado
10.2,65.6,18.2,0,0.0,Medio,14.3,aprobado
15.1,67.8,18.4,0,0.0,Medio,17.5,aprobado
,72.1,8.2,1,16.0,Medio,14.2,aprobado
27.4,96.4,10.5,1,47.0,Alto,19.0,aprobado
23.0,73.9,6.9,1,23.0,Bajo,13.2,en_riesgo
,85.6,13.5,1,41.0,Alto,12.3,en_riesgo
,79.3,8.2,0,0.0,bajo,14.0,aprobado
9.1,66.7,8.7,0,0.0,Bajo,11.3,en_riesgo
,54.7,,1,0.0,Bajo,9.0,reprobado
21.0,64.7,13.9,1,24.0,Bajo,16.3,aprobado
3.1,84.6,19.7,1,32.0,Medio,12.9,en_riesgo
6.1,86.3,6.1,1,31.0,Alto,9.4,reprobado
21.2,84.6,5.2,0,0.0,Bajo,12.1,en_riesgo
21.7,52.4,13.8,0,0.0,Bajo,15.7,aprobado
24.8,73.1,11.6,1,36.0,Alto,16.6,aprobado
15.0,76.9,17.3,0,0.0,Bajo,14.3,aprobado
18.1,64.1,,0,0.0,Bajo,14.9,aprobado
18.3,69.8,15.8,0,0.0,Bajo,18.3,aprobado
8.3,65.6,,0,0.0,Bajo,9.9,reprobado
8.7,83.4,14.6,1,26.0,bajo,12.0,en_riesgo
20.9,82.2,17.7,0,0.0,Alto,20.0,aprobado
7.3,72.6,8.9,1,35.0,Bajo,9.1,reprobado
2.1,43.9,7.7,1,37.0,Medio,3.8,reprobado
2.0,82.5,16.3,0,0.0,Medio,12.7,en_riesgo
14.0,66.5,9.1,1,28.0,Medio,9.3,reprobado
,86.7,19.6,1,46.0,Alto,18.3,aprobado
21.6,66.0,9.7,1,34.0,Medio,13.1,en_riesgo
,99.6,17.9,0,0.0,Bajo,20.0,aprobado
29.5,88.2,9.4,0,0.0,Bajo,18.2,aprobado
3.8,81.1,18.9,0,0.0,Medio,14.0,aprobado
7.3,44.2,9.6,0,0.0,Alto,11.8,en_riesgo
17.6,66.5,10.4,1,36.0,Medio,13.2,en_riesgo
29.6,89.5,15.3,1,16.0,bajo,18.5,aprobado
10.0,86.1,12.0,1,30.0,Bajo,12.4,en_riesgo
10.8,93.9,13.9,1,23.0,Bajo,12.9,en_riesgo
3.3,72.4,13.6,0,0.0,Bajo,9.6,reprobado
25.8,63.4,8.5,0,0.0,Bajo,13.4,en_riesgo
6.1,65.7,7.6,0,0.0,Medio,10.6,reprobado
13.8,96.9,5.6,1,19.0,Medio,10.3,reprobado
27.0,55.5,10.7,0,0.0,Medio,14.9,aprobado
2.3,42.0,16.9,0,0.0,Alto,10.3,reprobado
17.6,64.4,10.7,1,16.0,Medio,13.5,en_riesgo
10.0,62.6,12.8,1,14.0,Alto,11.2,en_riesgo
14.2,58.1,14.1,0,0.0,Bajo,12.8,en_riesgo
13.2,80.9,14.2,0,0.0,Medio,14.7,aprobado
6.6,64.7,5.8,0,0.0,Medio,8.7,reprobado
14.6,92.9,9.9,1,47.0,Medio,11.7,en_riesgo
4.8,58.8,15.5,1,20.0,Bajo,9.4,reprobado
22.8,63.8,13.7,0,0.0,Medio,15.7,aprobado
17.4,64.3,7.9,1,46.0,Medio,10.1,reprobado
27.7,74.7,18.9,0,0.0,Alto,20.0,aprobado
2.7,79.4,7.4,1,28.0,Medio,5.6,reprobado
8.4,74.6,9.3,0,0.0,Alto,13.4,en_riesgo
10.7,43.4,9.8,1,8.0,Medio,10.8,reprobado
29.2,71.5,14.9,1,21.0,Alto,20.0,aprobado
26.3,86.1,9.7,0,0.0,Alto,17.1,aprobado
28.7,96.1,6.7,0,0.0,Medio,16.5,aprobado
,82.6,9.5,1,32.0,Medio,8.6,reprobado
23.0,97.0,13.5,1,32.0,Bajo,14.6,aprobado
14.2,80.7,5.6,1,31.0,Medio,9.8,reprobado
22.7,48.9,8.6,1,46.0,Medio,12.1,en_riesgo
29.8,97.3,8.8,0,0.0,Medio,20.0,aprobado
6.9,45.7,7.8,0,0.0,Alto,6.8,reprobado
26.6,79.8,10.9,1,21.0,Medio,15.8,aprobado
5.5,56.3,5.2,1,22.0,Bajo,5.3,reprobado
20.9,96.3,10.2,1,33.0,Medio,16.2,aprobado
26.2,61.9,13.5,0,0.0,Medio,15.3,aprobado
1.5,54.8,17.0,0,0.0,Bajo,12.9,en_riesgo
,83.8,13.7,0,0.0,Medio,16.5,aprobado
10.5,60.1,7.7,1,26.0,Bajo,7.2,reprobado
21.9,62.9,13.2,1,34.0,Medio,14.4,aprobado
26.0,99.4,19.5,0,0.0,Bajo,19.9,aprobado
12.3,81.7,9.8,0,0.0,Bajo,13.0,en_riesgo
11.3,58.9,13.6,1,40.0,Bajo,10.3,reprobado
20.6,72.8,6.4,1,29.0,Alto,14.1,aprobado
19.9,61.5,5.0,0,0.0,Bajo,12.7,en_riesgo
18.0,95.6,9.6,0,0.0,Medio,15.0,aprobado
22.7,59.6,6.0,0,0.0,Bajo,11.5,en_riesgo
2.8,85.0,,0,0.0,Medio,8.1,reprobado
,47.8,11.5,1,38.0,Alto,8.9,reprobado
14.8,70.1,9.2,0,0.0,alto,14.6,aprobado
6.4,58.2,15.6,1,11.0,Bajo,11.2,en_riesgo
19.6,64.3,13.5,0,0.0,Medio,15.3,aprobado
,42.5,15.8,0,0.0,Bajo,12.7,en_riesgo
6.1,75.5,12.0,1,41.0,BAJO,7.6,reprobado
14.5,82.3,18.4,0,0.0,Alto,16.7,aprobado
25.7,91.6,7.4,0,0.0,Medio,16.0,aprobado
25.0,92.9,8.3,1,24.0,Medio,13.5,en_riesgo
8.0,81.0,14.9,1,11.0,Medio,15.0,aprobado
29.8,58.6,16.0,1,40.0,Medio,18.0,aprobado
29.2,84.9,9.4,0,0.0,Bajo,17.0,aprobado
3.1,57.7,8.9,1,34.0,Medio,6.9,reprobado
12.1,89.0,19.0,0,0.0,ALTO,19.8,aprobado
,43.3,16.8,0,0.0,Medio,12.2,en_riesgo
8.3,66.2,19.0,1,42.0,Medio,14.3,aprobado
6.4,68.8,10.9,0,0.0,Medio,9.3,reprobado
,66.3,17.7,1,43.0,Alto,19.9,aprobado
3.9,74.9,6.1,1,47.0,Bajo,6.5,reprobado
1.2,84.6,,0,0.0,Bajo,14.9,aprobado
1.7,92.8,18.4,0,0.0,Alto,14.3,aprobado
28.1,95.9,16.0,0,0.0,Medio,19.8,aprobado
19.6,43.3,14.0,1,45.0,Medio,13.4,en_riesgo
19.6,42.6,14.3,1,32.0,Medio,14.0,aprobado
21.4,54.2,,0,0.0,Bajo,14.6,aprobado
18.1,59.7,7.9,1,17.0,Alto,15.7,aprobado
10.8,93.8,18.1,0,0.0,Medio,15.1,aprobado
17.5,57.5,6.2,1,25.0,Bajo,9.5,reprobado
17.9,53.7,8.2,1,0.0,Bajo,9.9,reprobado
21.7,94.7,17.0,1,28.0,Bajo,19.0,aprobado
,88.4,6.5,0,0.0,Alto,11.9,en_riesgo
2.0,73.0,6.6,0,0.0,Medio,9.2,reprobado
8.2,67.5,14.2,1,40.0,Medio,10.9,reprobado
24.0,71.7,17.3,0,0.0,Medio,20.0,aprobado
13.7,57.1,17.6,0,0.0,Bajo,15.1,aprobado
17.0,84.0,18.9,1,20.0,Bajo,18.3,aprobado
3.4,44.2,,0,0.0,Medio,14.3,aprobado
3.7,65.7,,1,43.0,Bajo,6.7,reprobado
7.8,76.9,6.2,0,0.0,Medio,7.3,reprobado
5.1,89.0,19.8,0,0.0,Medio,15.4,aprobado
,91.9,19.2,0,0.0,Medio,20.0,aprobado
25.1,82.5,17.9,1,34.0,Medio,18.9,aprobado
15.7,46.7,6.8,1,29.0,Medio,9.2,reprobado
27.6,45.4,6.2,0,0.0,Medio,12.7,en_riesgo
16.2,65.6,9.2,0,0.0,Bajo,10.9,reprobado
8.3,69.0,7.2,0,0.0,Bajo,7.9,reprobado
3.7,92.1,5.8,1,31.0,Bajo,9.1,reprobado
20.7,95.0,,0,0.0,Medio,13.3,en_riesgo
14.0,88.8,8.1,1,46.0,Bajo,10.0,reprobado
6.4,79.7,11.6,1,9.0,Alto,13.1,en_riesgo
16.8,78.8,18.5,0,0.0,Medio,16.3,aprobado
11.8,99.9,16.1,0,0.0,bajo,17.7,aprobado
1.1,94.3,9.7,1,28.0,Medio,9.5,reprobado
19.4,71.2,16.4,0,0.0,Bajo,17.9,aprobado
4.2,85.3,7.8,0,0.0,Alto,8.7,reprobado
4.7,86.2,18.9,1,12.0,Medio,15.9,aprobado
10.6,51.7,12.9,0,0.0,Alto,12.0,en_riesgo
27.7,66.6,16.0,0,0.0,Medio,20.0,aprobado
8.6,54.6,,1,23.0,Medio,14.7,aprobado
21.8,46.3,,0,0.0,Medio,15.4,aprobado
9.4,99.2,5.3,0,0.0,Alto,10.2,reprobado
,43.3,18.9,1,13.0,Medio,16.8,aprobado
18.2,76.4,,1,24.0,Medio,15.1,aprobado
11.3,88.2,13.5,0,0.0,Bajo,14.7,aprobado
23.2,72.9,18.5,1,31.0,Bajo,17.5,aprobado
4.5,80.3,16.0,1,9.0,Alto,15.2,aprobado
12.0,91.5,10.7,1,44.0,Alto,12.8,en_riesgo
13.0,98.1,19.9,0,0.0,Medio,19.6,aprobado
11.9,78.9,,0,0.0,Alto,18.7,aprobado
23.5,82.9,,0,0.0,MEDIO,20.0,aprobado
15.5,61.2,13.8,1,42.0,medio,13.6,en_riesgo
18.2,91.8,17.3,0,0.0,Bajo,15.6,aprobado
8.0,76.2,11.8,1,30.0,Medio,12.2,en_riesgo
25.3,66.3,9.3,0,0.0,Bajo,16.3,aprobado
26.5,57.6,14.8,0,0.0,Alto,18.3,aprobado
,96.9,9.3,0,0.0,Alto,18.8,aprobado
5.8,89.2,13.1,1,9.0,Bajo,10.2,reprobado
,52.5,13.7,0,0.0,Alto,18.6,aprobado
10.0,85.1,11.1,0,0.0,Bajo,13.1,en_riesgo
,62.8,9.5,0,0.0,bajo,15.5,aprobado
21.1,98.3,10.3,0,0.0,MEDIO,15.0,aprobado
16.1,50.0,5.5,0,0.0,BAJO,10.1,reprobado
,56.5,11.2,1,27.0,Medio,10.6,reprobado
8.7,86.8,12.2,0,0.0,Medio,12.9,en_riesgo
10.9,50.6,,0,0.0,bajo,13.7,en_riesgo
15.5,72.0,7.4,0,0.0,Medio,13.0,en_riesgo
12.9,60.7,18.6,0,0.0,Medio,13.2,en_riesgo
12.0,63.4,9.7,0,0.0,Bajo,11.3,en_riesgo
,57.6,9.5,1,29.0,MEDIO,9.1,reprobado
16.2,78.1,16.6,0,0.0,Bajo,16.6,aprobado
18.3,78.7,7.1,0,0.0,Bajo,12.9,en_riesgo
5.9,47.8,15.9,1,47.0,Medio,10.0,reprobado
23.6,66.4,10.6,1,15.0,Medio,14.8,aprobado
12.0,88.2,11.3,0,0.0,Bajo,12.9,en_riesgo
11.1,87.6,6.3,0,0.0,Medio,10.9,reprobado
20.1,93.8,,1,15.0,Medio,16.7,aprobado
12.1,87.4,19.3,0,0.0,Medio,16.1,aprobado
9.2,47.7,9.6,1,13.0,Alto,10.6,reprobado
5.4,73.6,8.5,1,27.0,Medio,8.7,reprobado
14.1,88.1,5.8,1,10.0,Medio,12.3,en_riesgo
12.2,74.2,8.3,0,0.0,Medio,10.1,reprobado
24.2,81.6,5.4,0,0.0,Medio,15.6,aprobado
11.7,98.1,17.5,1,35.0,Alto,13.3,en_riesgo
27.5,82.7,19.8,0,0.0,MEDIO,19.2,aprobado
28.7,58.2,6.4,1,12.0,Bajo,14.7,aprobado
20.4,96.4,6.0,1,40.0,Medio,11.9,en_riesgo
4.8,99.0,6.7,0,0.0,Bajo,8.3,reprobado
29.1,84.6,19.1,0,0.0,Medio,20.0,aprobado
8.8,50.0,16.3,1,18.0,Medio,11.5,en_riesgo
27.1,87.2,9.6,0,0.0,BAJO,18.1,aprobado
2.0,85.7,8.8,1,32.0,Alto,7.6,reprobado
25.0,64.7,17.5,0,0.0,Bajo,17.1,aprobado
20.6,96.3,18.5,1,34.0,Medio,18.8,aprobado
2.4,60.5,17.5,0,0.0,Alto,12.1,en_riesgo
3.9,92.0,19.7,0,0.0,Bajo,16.1,aprobado
6.6,79.9,19.2,0,0.0,Bajo,12.3,en_riesgo
27.7,60.7,10.2,0,0.0,Alto,16.4,aprobado
15.4,57.9,5.2,0,0.0,Medio,10.1,reprobado
,53.8,16.8,1,8.0,Bajo,14.4,aprobado
18.4,86.9,18.9,0,0.0,Alto,20.0,aprobado
21.7,83.2,16.6,0,0.0,MEDIO,18.4,aprobado
16.8,86.7,12.6,1,36.0,Medio,10.2,reprobado
,79.8,11.7,1,43.0,Medio,10.0,reprobado
6.2,88.2,5.7,1,44.0,Medio,6.3,reprobado
18.7,95.8,15.0,0,0.0,Alto,17.0,aprobado
7.2,41.1,11.1,1,21.0,Bajo,9.2,reprobado
26.8,52.7,10.6,1,43.0,Bajo,12.3,en_riesgo
16.2,52.5,5.1,0,0.0,Medio,12.5,en_riesgo
19.4,52.6,16.6,0,0.0,Bajo,14.1,aprobado
17.4,41.3,11.1,0,0.0,Medio,15.2,aprobado
8.3,61.1,5.5,1,23.0,Medio,6.9,reprobado
6.5,53.0,12.9,1,8.0,Alto,11.7,en_riesgo
11.1,69.9,15.8,0,0.0,Alto,16.1,aprobado
27.8,41.2,,1,46.0,Alto,19.7,aprobado
28.3,43.9,17.6,1,16.0,Bajo,17.1,aprobado
7.4,77.4,20.0,0,0.0,Medio,16.3,aprobado
15.3,86.9,13.7,1,47.0,Alto,17.1,aprobado
2.1,45.5,19.7,0,0.0,Medio,11.1,en_riesgo
22.4,49.0,9.8,1,8.0,Bajo,12.1,en_riesgo
7.7,62.3,6.5,0,0.0,Alto,10.1,reprobado
5.0,72.1,18.2,0,0.0,Bajo,14.3,aprobado
19.1,46.0,9.2,1,38.0,Bajo,10.0,reprobado
21.7,74.6,17.2,1,8.0,Alto,20.0,aprobado
,55.7,8.5,1,40.0,Medio,8.0,reprobado
11.1,62.1,,1,21.0,Alto,14.4,aprobado
26.2,76.3,10.5,0,0.0,Medio,16.3,aprobado
29.8,72.4,15.3,0,0.0,Alto,20.0,aprobado
19.3,92.9,10.4,0,0.0,Medio,14.9,aprobado
29.2,81.9,17.4,0,0.0,Bajo,19.8,aprobado
2.9,41.3,,0,0.0,Medio,10.2,reprobado
23.0,78.2,5.6,1,27.0,Medio,14.0,aprobado
9.3,81.9,,0,0.0,Medio,15.5,aprobado
27.4,51.7,17.5,0,0.0,Alto,20.0,aprobado
2.9,61.2,10.0,1,39.0,Medio,7.4,reprobado
,52.7,6.7,0,0.0,Bajo,7.0,reprobado
,40.1,6.5,1,39.0,Alto,6.8,reprobado
21.8,87.2,15.1,1,23.0,Medio,18.8,aprobado
9.9,60.3,,1,30.0,Bajo,11.9,en_riesgo
18.8,94.8,12.4,1,47.0,Alto,16.8,aprobado
4.7,76.5,5.3,0,0.0,Medio,8.0,reprobado
,62.7,7.9,1,21.0,BAJO,11.6,en_riesgo
17.2,77.9,12.9,0,0.0,Alto,16.6,aprobado
21.7,59.3,,0,0.0,Bajo,15.9,aprobado
29.0,96.0,7.5,0,0.0,Alto,19.8,aprobado
2.7,55.9,19.7,0,0.0,Medio,13.6,en_riesgo
19.8,50.4,5.9,1,8.0,Alto,11.4,en_riesgo
23.7,42.6,7.7,0,0.0,Alto,13.0,en_riesgo
10.6,49.4,14.5,0,0.0,Medio,12.0,en_riesgo
11.4,51.8,15.1,0,0.0,medio,12.3,en_riesgo
16.7,92.8,7.7,1,16.0,Alto,16.1,aprobado
25.6,92.8,16.2,0,0.0,bajo,19.6,aprobado
25.2,62.4,16.0,0,0.0,MEDIO,17.9,aprobado
1.4,56.7,14.8,1,9.0,Alto,10.7,reprobado
11.5,50.8,7.9,1,20.0,Alto,11.3,en_riesgo
12.7,63.1,18.9,1,33.0,Bajo,15.9,aprobado
,84.5,12.3,0,0.0,Alto,13.5,en_riesgo
1.2,88.0,,1,37.0,Medio,11.5,en_riesgo
22.0,56.6,19.6,0,0.0,Medio,19.2,aprobado
29.0,58.6,11.7,1,15.0,Medio,17.3,aprobado
23.1,71.9,8.0,0,0.0,Medio,14.7,aprobado
8.9,69.7,7.3,0,0.0,Alto,10.9,reprobado
27.0,42.9,15.7,0,0.0,Alto,20.0,aprobado
7.5,48.6,6.9,1,17.0,Medio,6.4,reprobado
,71.0,17.8,1,14.0,Medio,18.7,aprobado
14.9,72.8,14.6,0,0.0,Medio,14.2,aprobado
16.7,82.3,15.7,1,27.0,ALTO,16.3,aprobado
,61.5,18.4,0,0.0,Alto,20.0,aprobado
23.9,70.6,6.7,1,43.0,Medio,11.8,en_riesgo
,43.2,16.0,1,35.0,Medio,14.7,aprobado
13.9,84.9,5.1,1,46.0,Alto,8.7,reprobado
3.6,59.0,5.6,0,0.0,Bajo,5.1,reprobado
7.4,79.1,17.0,1,8.0,Medio,16.4,aprobado
26.3,49.9,5.6,0,0.0,Bajo,13.4,en_riesgo
24.8,81.9,,0,0.0,Medio,14.6,aprobado
21.5,86.9,,1,36.0,Alto,14.7,aprobado
12.2,66.7,,0,0.0,Medio,11.9,en_riesgo
13.1,93.9,19.5,0,0.0,Alto,20.0,aprobado
26.5,73.9,11.6,0,0.0,Medio,15.5,aprobado
19.8,88.4,14.6,0,0.0,Alto,20.0,aprobado
23.3,58.0,13.8,0,0.0,Medio,17.7,aprobado
,63.9,16.7,1,41.0,alto,16.9,aprobado
17.2,71.5,7.6,1,27.0,Alto,14.7,aprobado
1.9,42.4,13.4,0,0.0,Alto,10.3,reprobado
24.9,71.7,,1,11.0,Bajo,16.2,aprobado
27.1,45.9,15.2,1,9.0,Medio,15.3,aprobado
4.0,42.1,12.6,0,0.0,Bajo,8.8,reprobado
20.9,56.2,7.6,0,0.0,Medio,11.9,en_riesgo
13.7,86.7,9.4,1,14.0,Medio,12.3,en_riesgo
14.5,53.3,15.3,0,0.0,Medio,15.5,aprobado
2.8,92.6,18.1,0,0.0,Medio,15.0,aprobado
12.7,92.1,14.4,1,29.0,MEDIO,13.7,en_riesgo
14.0,75.7,19.6,0,0.0,Medio,18.0,aprobado
27.8,88.7,5.5,0,0.0,Alto,14.8,aprobado
6.0,45.4,9.7,1,39.0,Bajo,7.5,reprobado
,44.9,17.1,0,0.0,Medio,14.2,aprobado
23.9,54.3,15.5,1,15.0,Alto,17.4,aprobado
,63.3,18.0,1,25.0,Bajo,17.4,aprobado
8.3,64.1,17.2,0,0.0,Bajo,12.5,en_riesgo
5.8,64.5,15.8,0,0.0,Medio,13.2,en_riesgo
3.9,77.1,19.3,0,0.0,Bajo,14.1,aprobado
20.7,44.0,14.7,0,0.0,Medio,15.3,aprobado
6.6,74.6,13.8,1,16.0,Bajo,11.3,en_riesgo
29.4,76.0,19.4,1,15.0,Alto,20.0,aprobado
10.2,54.7,5.5,0,0.0,Medio,9.1,reprobado
27.3,92.2,9.8,1,26.0,Medio,18.4,aprobado
10.3,42.2,10.4,0,0.0,Alto,9.7,reprobado
11.1,80.4,,0,0.0,Bajo,12.5,en_riesgo
5.3,61.4,18.2,0,0.0,Alto,15.0,aprobado
,74.6,8.5,1,28.0,Bajo,14.3,aprobado
14.2,79.7,,0,0.0,Medio,15.1,aprobado
3.0,49.5,17.0,0,0.0,Medio,11.7,en_riesgo
14.8,46.5,10.3,0,0.0,Alto,11.4,en_riesgo
10.1,78.5,7.2,1,29.0,Medio,9.7,reprobado
5.4,73.8,6.4,0,0.0,Bajo,10.5,reprobado
9.5,74.4,8.9,0,0.0,Medio,12.5,en_riesgo
19.0,86.9,,1,17.0,Alto,17.1,aprobado
25.4,82.5,,0,0.0,Bajo,16.5,aprobado
22.3,60.8,8.4,1,44.0,Medio,13.0,en_riesgo
8.0,53.3,13.1,0,0.0,Bajo,11.6,en_riesgo
5.1,80.3,17.9,0,0.0,Bajo,15.4,aprobado
13.0,57.0,8.5,1,41.0,Medio,9.5,reprobado
9.4,67.4,11.9,0,0.0,Medio,12.1,en_riesgo
19.3,98.2,16.2,0,0.0,Medio,17.1,aprobado
29.0,64.9,9.1,0,0.0,MEDIO,16.2,aprobado
16.3,61.3,12.6,1,16.0,Bajo,11.4,en_riesgo
17.0,48.9,5.4,1,14.0,Medio,11.0,en_riesgo
29.5,79.2,12.8,0,0.0,Medio,18.0,aprobado
5.6,91.5,8.7,0,0.0,Medio,9.2,reprobado
28.7,68.8,9.6,1,35.0,Alto,17.0,aprobado
4.3,81.4,6.3,0,0.0,Bajo,7.2,reprobado
10.1,94.4,15.0,0,0.0,Medio,14.5,aprobado
18.2,75.8,,1,9.0,ALTO,15.9,aprobado
,73.6,17.3,0,0.0,Medio,18.3,aprobado
28.1,45.3,7.0,0,0.0,Medio,16.2,aprobado
4.2,96.1,12.8,0,0.0,Medio,14.6,aprobado
,83.9,15.7,1,29.0,Alto,12.9,en_riesgo
5.4,81.4,19.3,1,28.0,Bajo,14.2,aprobado
8.0,72.8,14.0,0,0.0,Medio,12.7,en_riesgo
13.0,76.9,10.2,0,0.0,Bajo,12.0,en_riesgo
13.5,93.3,8.6,0,0.0,Alto,14.2,aprobado
27.8,53.7,12.0,0,0.0,Alto,17.4,aprobado
11.2,72.8,19.9,0,0.0,Alto,17.8,aprobado
1.2,58.2,12.0,0,0.0,Bajo,9.5,reprobado
17.1,71.0,17.8,1,17.0,Medio,16.2,aprobado
13.2,71.0,7.1,1,19.0,Medio,8.1,reprobado
13.6,42.4,5.7,0,0.0,Alto,13.0,en_riesgo
,41.9,6.7,0,0.0,Medio,10.8,reprobado
18.1,73.3,,1,8.0,Bajo,15.2,aprobado
14.0,56.2,11.6,0,0.0,Medio,9.2,reprobado
13.5,58.1,15.2,1,34.0,Medio,15.5,aprobado
20.1,70.7,13.3,0,0.0,Medio,16.1,aprobado
,94.1,5.1,1,17.0,Medio,16.0,aprobado
4.3,79.3,17.6,1,13.0,Alto,13.6,en_riesgo
29.0,72.4,12.7,1,16.0,Alto,19.6,aprobado
21.1,99.2,19.0,1,27.0,Bajo,17.9,aprobado
12.7,94.7,12.3,1,8.0,Alto,15.6,aprobado
4.9,67.7,15.1,1,11.0,Medio,13.6,en_riesgo
11.2,64.1,10.8,1,26.0,Medio,9.2,reprobado
23.7,78.7,14.7,1,9.0,Medio,18.6,aprobado
5.7,83.4,,1,30.0,Medio,10.7,reprobado
24.9,80.2,,0,0.0,Bajo,14.2,aprobado
11.6,73.6,6.2,0,0.0,Medio,12.1,en_riesgo
20.3,73.8,12.9,1,47.0,Medio,11.6,en_riesgo
4.2,70.8,19.9,1,33.0,Medio,13.3,en_riesgo
,73.4,16.8,1,31.0,Medio,11.2,en_riesgo
20.9,69.8,7.3,1,23.0,Bajo,10.5,reprobado
8.4,47.7,14.2,1,0.0,Medio,9.5,reprobado
28.1,98.0,5.9,0,0.0,Medio,16.8,aprobado
20.0,59.8,11.5,0,0.0,Bajo,13.5,en_riesgo
18.7,62.8,11.6,1,31.0,BAJO,11.4,en_riesgo
26.4,74.3,17.6,1,18.0,Medio,18.9,aprobado
1.8,48.2,16.2,0,0.0,Bajo,9.8,reprobado
1.7,57.3,19.9,0,0.0,Medio,14.0,aprobado
10.5,58.6,14.1,0,0.0,Medio,11.0,en_riesgo
2.3,44.2,14.7,1,16.0,Bajo,7.3,reprobado
22.2,79.1,16.4,0,0.0,Medio,17.2,aprobado
5.9,63.0,17.9,0,0.0,bajo,12.7,en_riesgo
5.6,58.9,16.0,1,41.0,Medio,11.8,en_riesgo
2.0,98.2,8.1,0,0.0,Bajo,11.2,en_riesgo
,44.4,8.5,0,0.0,Alto,13.6,en_riesgo
,93.5,6.0,1,30.0,Medio,8.7,reprobado
8.6,49.5,17.2,1,31.0,Bajo,9.4,reprobado
18.0,57.3,16.5,0,0.0,Bajo,15.4,aprobado
27.5,49.8,14.2,1,29.0,Bajo,17.9,aprobado
16.4,46.0,13.6,0,0.0,Bajo,14.4,aprobado
15.5,88.9,11.4,1,38.0,Medio,15.8,aprobado
2.8,41.5,14.2,1,37.0,Medio,7.7,reprobado
21.4,66.6,15.1,0,0.0,Bajo,16.9,aprobado
,72.7,9.1,1,8.0,Medio,14.9,aprobado
7.9,68.6,9.1,1,18.0,Medio,9.9,reprobado
25.3,48.7,,1,24.0,MEDIO,14.8,aprobado
16.9,84.2,11.0,0,0.0,Medio,13.8,en_riesgo
27.9,45.5,18.9,1,35.0,Medio,20.0,aprobado
27.0,98.2,8.3,0,0.0,Medio,15.5,aprobado
22.2,42.1,14.3,0,0.0,Alto,18.9,aprobado
14.4,71.1,10.1,0,0.0,Alto,13.4,en_riesgo
25.7,99.6,5.5,1,14.0,Alto,16.1,aprobado
2.6,70.5,9.4,1,16.0,Medio,9.7,reprobado
19.6,41.0,16.1,1,23.0,Medio,15.0,aprobado
28.2,42.6,19.3,1,11.0,Alto,20.0,aprobado
13.1,71.6,8.0,1,44.0,Alto,9.6,reprobado
27.0,52.4,6.1,1,44.0,medio,13.9,en_riesgo
2.5,91.3,15.7,1,12.0,Medio,12.2,en_riesgo
9.5,45.5,7.1,1,27.0,Medio,7.9,reprobado
1.6,40.4,8.9,1,45.0,Bajo,6.0,reprobado
19.0,50.7,5.4,0,0.0,Bajo,9.6,reprobado
23.8,96.7,15.8,1,45.0,Alto,19.2,aprobado
9.1,87.6,,1,28.0,Medio,13.7,en_riesgo
9.8,43.6,8.8,1,23.0,Bajo,9.6,reprobado
25.6,83.3,7.0,1,12.0,Medio,13.9,en_riesgo
29.3,65.4,9.6,0,0.0,Bajo,17.1,aprobado
28.4,72.1,6.8,1,40.0,Alto,14.9,aprobado
18.6,49.2,14.3,0,0.0,Bajo,11.8,en_riesgo
11.9,72.6,8.7,0,0.0,Bajo,11.2,en_riesgo
5.3,42.7,8.8,1,24.0,Alto,9.3,reprobado
4.5,64.6,10.1,0,0.0,Medio,9.5,reprobado
11.5,49.3,16.2,0,0.0,Medio,14.2,aprobado
20.0,82.2,9.6,0,0.0,Bajo,15.2,aprobado
13.0,85.1,17.9,1,11.0,Medio,15.5,aprobado
20.4,88.6,12.2,1,22.0,Medio,16.8,aprobado
11.3,62.6,18.9,0,0.0,Medio,18.3,aprobado
22.2,90.5,10.3,0,0.0,Bajo,16.0,aprobado
4.4,90.9,14.4,1,22.0,Bajo,9.5,reprobado
9.4,96.9,12.2,0,0.0,Bajo,13.7,en_riesgo
27.9,45.2,19.3,1,16.0,Alto,19.5,aprobado
,48.9,19.7,0,0.0,Medio,18.9,aprobado
4.3,64.8,17.4,1,43.0,Medio,10.8,reprobado
14.7,73.9,5.1,0,0.0,Bajo,11.5,en_riesgo
1.0,49.5,15.5,1,27.0,Alto,9.6,reprobado
3.5,88.8,,0,0.0,Bajo,10.2,reprobado
25.9,76.4,18.2,0,0.0,Bajo,20.0,aprobado
8.4,59.6,11.2,0,0.0,Medio,10.5,reprobado
19.3,58.3,14.0,1,44.0,Alto,14.8,aprobado
24.5,77.1,8.5,0,0.0,Bajo,15.3,aprobado
12.7,49.7,17.7,0,0.0,Bajo,13.4,en_riesgo
21.9,69.8,17.2,1,18.0,Bajo,16.0,aprobado
24.0,41.3,6.4,1,33.0,Medio,9.0,reprobado
1.3,94.4,6.2,0,0.0,Medio,6.4,reprobado
6.7,46.6,19.2,0,0.0,Bajo,12.8,en_riesgo
15.3,57.2,5.8,0,0.0,Bajo,10.5,reprobado
3.5,59.6,11.4,1,23.0,Alto,10.0,reprobado
5.3,95.5,8.1,0,0.0,Medio,11.4,en_riesgo
16.2,54.8,6.5,0,0.0,Bajo,10.5,reprobado
8.4,80.4,8.3,1,36.0,Bajo,8.8,reprobado
25.6,43.9,19.5,1,27.0,Medio,16.9,aprobado
14.8,81.0,6.3,0,0.0,Bajo,10.8,reprobado
15.9,45.6,6.5,0,0.0,Medio,10.6,reprobado
1.5,72.1,13.0,1,47.0,Medio,7.5,reprobado
10.4,72.3,,0,0.0,Bajo,16.6,aprobado
10.6,80.7,17.1,0,0.0,Bajo,16.4,aprobado
3.7,94.9,6.3,1,17.0,Medio,11.4,en_riesgo
,68.5,7.0,0,0.0,Medio,12.2,en_riesgo
,66.9,7.1,1,15.0,Medio,7.8,reprobado
27.4,82.5,12.8,0,0.0,Medio,18.7,aprobado
20.4,41.7,17.4,0,0.0,Alto,16.7,aprobado
11.2,40.3,12.1,0,0.0,Medio,13.5,en_riesgo
25.3,44.0,7.8,0,0.0,Bajo,13.0,en_riesgo
15.0,96.7,17.9,0,0.0,MEDIO,18.0,aprobado
8.7,90.5,11.9,0,0.0,Medio,13.0,en_riesgo
8.2,95.4,12.1,0,0.0,Alto,16.5,aprobado
15.2,85.6,11.9,0,0.0,Medio,15.9,aprobado
17.0,47.3,9.1,0,0.0,Alto,14.1,aprobado
24.5,58.7,,1,42.0,medio,12.4,en_riesgo
3.1,72.9,,1,19.0,Bajo,6.0,reprobado
8.7,72.6,14.3,1,44.0,Medio,10.2,reprobado
,41.8,6.5,0,0.0,Bajo,5.0,reprobado
7.9,54.9,,0,0.0,Alto,8.8,reprobado
19.6,54.3,10.7,0,0.0,Alto,16.1,aprobado
12.0,84.4,6.2,0,0.0,Medio,12.4,en_riesgo
21.0,56.7,8.8,1,28.0,alto,13.5,en_riesgo
15.5,48.7,19.1,0,0.0,Bajo,15.1,aprobado
6.1,70.6,5.5,0,0.0,Bajo,6.6,reprobado
,42.5,,0,0.0,Medio,13.1,en_riesgo
10.2,40.3,,1,30.0,Medio,7.2,reprobado
28.3,88.1,17.0,0,0.0,Bajo,20.0,aprobado
,96.4,7.1,0,0.0,bajo,8.3,reprobado
2.4,54.8,16.8,1,32.0,Medio,10.5,reprobado
25.3,44.4,6.2,1,31.0,Alto,12.2,en_riesgo
10.5,83.2,6.8,0,0.0,Medio,10.5,reprobado
,86.4,9.9,0,0.0,Alto,19.2,aprobado
24.0,75.5,,0,0.0,Bajo,18.7,aprobado
7.4,95.5,20.0,0,0.0,Medio,14.9,aprobado
13.3,90.9,10.2,0,0.0,Medio,13.7,en_riesgo
5.7,96.8,9.8,0,0.0,Alto,10.6,reprobado
29.0,64.3,13.3,0,0.0,Alto,19.9,aprobado
18.1,41.5,17.6,1,31.0,Alto,14.8,aprobado
5.7,49.4,,0,0.0,Bajo,11.5,en_riesgo
20.6,45.5,18.3,0,0.0,Medio,16.8,aprobado
2.7,52.3,11.9,1,46.0,Bajo,5.0,reprobado
12.2,61.7,17.9,1,45.0,Medio,13.4,en_riesgo
25.3,43.1,18.1,0,0.0,Alto,19.5,aprobado
23.2,42.8,7.9,1,42.0,Alto,14.9,aprobado
22.5,57.5,11.0,0,0.0,Medio,15.8,aprobado
16.4,66.0,8.5,0,0.0,Bajo,14.2,aprobado
8.1,85.8,10.2,1,18.0,Bajo,8.2,reprobado
4.7,76.6,6.6,1,39.0,Medio,5.2,reprobado
8.5,63.1,11.7,0,0.0,Bajo,9.3,reprobado
23.4,74.8,15.2,0,0.0,Alto,20.0,aprobado
3.0,64.2,12.2,1,35.0,Alto,10.4,reprobado
9.9,42.3,15.8,0,0.0,Bajo,11.0,en_riesgo
13.6,97.1,17.1,0,0.0,Medio,18.0,aprobado
13.0,49.4,19.0,0,0.0,Bajo,14.1,aprobado
6.9,43.5,9.2,0,0.0,Alto,10.2,reprobado
18.6,71.8,8.3,1,18.0,Alto,10.9,reprobado
12.9,41.6,6.4,0,0.0,Medio,8.8,reprobado
6.8,60.0,10.0,0,0.0,Medio,9.2,reprobado
17.1,76.8,12.9,0,0.0,Alto,16.9,aprobado
8.1,58.9,,0,0.0,Alto,13.2,en_riesgo
6.2,74.7,17.7,1,26.0,Bajo,12.9,en_riesgo
10.5,97.1,18.7,0,0.0,Medio,15.7,aprobado
16.3,58.0,,1,46.0,Bajo,13.0,en_riesgo
5.7,89.6,9.8,1,20.0,Medio,10.7,reprobado
15.1,56.4,11.8,1,26.0,Medio,11.8,en_riesgo
2.3,42.2,,1,11.0,Medio,10.2,reprobado
19.0,65.8,17.5,1,10.0,Medio,17.8,aprobado
8.2,75.2,6.5,1,22.0,Medio,8.2,reprobado
22.6,41.6,6.0,1,40.0,Bajo,10.8,reprobado
19.0,42.9,11.8,1,38.0,Medio,13.1,en_riesgo
7.0,53.2,15.7,1,31.0,Alto,13.5,en_riesgo
2.1,96.6,15.5,1,42.0,Alto,11.7,en_riesgo
12.0,62.5,18.1,1,20.0,Bajo,13.6,en_riesgo
1.8,84.5,16.5,1,33.0,Medio,12.4,en_riesgo
2.1,50.0,,1,20.0,Bajo,5.9,reprobado
21.2,86.0,7.5,1,28.0,Medio,12.7,en_riesgo
5.7,46.7,,1,44.0,MEDIO,6.6,reprobado
18.5,77.1,10.4,1,20.0,Medio,14.9,aprobado
21.0,84.8,18.0,1,21.0,Medio,19.2,aprobado
28.1,67.9,12.1,1,29.0,Bajo,15.1,aprobado
,61.0,,1,38.0,Medio,9.9,reprobado
,76.0,12.1,0,0.0,Medio,11.1,en_riesgo
,72.4,14.2,1,45.0,Bajo,16.4,aprobado
12.1,85.8,13.5,0,0.0,Medio,14.2,aprobado
12.4,63.3,8.6,0,0.0,Alto,10.5,reprobado
,90.3,13.5,1,41.0,Medio,10.8,reprobado
14.5,56.9,19.3,0,0.0,Medio,16.2,aprobado
25.3,65.2,11.8,0,0.0,Bajo,14.3,aprobado
28.9,67.5,6.7,1,21.0,Medio,16.0,aprobado
6.3,70.5,14.5,0,0.0,Medio,12.6,en_riesgo
13.6,80.3,9.1,0,0.0,Bajo,11.3,en_riesgo
14.4,48.2,13.7,0,0.0,Medio,11.6,en_riesgo
19.7,68.8,6.8,1,42.0,Bajo,10.6,reprobado
29.6,60.1,,0,0.0,Bajo,14.9,aprobado
,98.4,,1,25.0,Bajo,16.4,aprobado
25.4,93.6,16.2,1,38.0,Bajo,17.3,aprobado
14.9,87.7,12.4,0,0.0,Bajo,14.9,aprobado
23.1,83.6,19.4,0,0.0,Medio,20.0,aprobado
10.1,62.0,6.2,1,37.0,Bajo,6.2,reprobado
,57.8,9.3,1,23.0,alto,10.5,reprobado
9.7,68.5,,0,0.0,Medio,10.6,reprobado
3.7,90.5,13.5,0,0.0,Alto,13.5,en_riesgo
6.4,57.0,15.9,1,29.0,Bajo,9.3,reprobado
14.4,59.6,5.1,1,10.0,Bajo,10.5,reprobado
29.0,55.3,19.1,1,33.0,Bajo,19.6,aprobado
23.5,69.0,9.8,0,0.0,Bajo,15.4,aprobado
21.1,50.5,10.3,1,25.0,Alto,15.1,aprobado
23.2,60.7,16.4,1,13.0,Medio,18.9,aprobado
4.0,98.7,8.3,1,41.0,Alto,8.9,reprobado
17.2,57.3,18.4,0,0.0,Medio,15.3,aprobado
5.7,72.5,9.1,0,0.0,Medio,9.6,reprobado
21.6,83.7,7.7,1,38.0,Bajo,12.9,en_riesgo
29.6,53.1,11.0,0,0.0,Alto,17.7,aprobado
18.3,69.0,13.2,0,0.0,Bajo,14.0,aprobado
25.9,69.1,18.3,0,0.0,Alto,20.0,aprobado
20.2,40.0,,0,0.0,Medio,16.9,aprobado
28.3,82.4,19.4,0,0.0,Bajo,20.0,aprobado
23.7,80.0,16.2,1,16.0,Alto,20.0,aprobado
7.1,64.5,18.1,1,32.0,Alto,11.6,en_riesgo
13.6,40.9,9.5,0,0.0,Bajo,12.2,en_riesgo
8.5,67.5,6.9,0,0.0,Bajo,8.1,reprobado
6.7,77.1,13.1,1,43.0,Bajo,10.6,reprobado
5.8,87.8,11.9,0,0.0,Bajo,11.0,en_riesgo
22.0,48.4,16.3,1,33.0,Medio,12.0,en_riesgo
13.7,100.0,19.6,1,24.0,Medio,17.3,aprobado
27.5,87.8,14.0,1,27.0,Medio,17.8,aprobado
,73.6,,0,0.0,Bajo,13.4,en_riesgo
,95.8,10.7,1,40.0,Medio,14.2,aprobado
20.8,95.7,6.9,0,0.0,Medio,18.1,aprobado
12.5,48.6,9.0,0,0.0,Alto,10.4,reprobado
5.5,62.3,6.8,1,34.0,Medio,5.0,reprobado
12.7,75.2,5.8,0,0.0,Alto,12.3,en_riesgo
11.8,56.9,18.1,0,0.0,Medio,12.9,en_riesgo
5.0,40.4,18.7,0,0.0,Alto,13.7,en_riesgo
,89.4,,0,0.0,bajo,16.2,aprobado
11.0,82.8,14.0,1,20.0,Medio,13.2,en_riesgo
18.4,70.6,5.0,0,0.0,Alto,14.9,aprobado
12.3,64.7,,0,0.0,Medio,16.4,aprobado
29.2,53.2,9.1,0,0.0,Medio,16.0,aprobado
12.7,85.2,,0,0.0,Medio,12.0,en_riesgo
27.1,50.7,8.8,1,32.0,Alto,14.9,aprobado
,88.6,7.8,0,0.0,Medio,12.6,en_riesgo
25.4,47.8,7.5,0,0.0,Bajo,13.1,en_riesgo
,60.3,7.7,1,38.0,Medio,9.1,reprobado
21.2,84.2,13.7,0,0.0,Bajo,17.5,aprobado
5.0,96.8,10.2,0,0.0,Alto,13.5,en_riesgo
12.4,43.9,10.7,0,0.0,Bajo,10.7,reprobado
5.5,84.8,19.9,1,8.0,Bajo,16.2,aprobado
30.0,99.7,15.1,0,0.0,Alto,20.0,aprobado
22.1,57.9,9.9,0,0.0,Bajo,14.0,aprobado
28.5,61.4,18.7,1,32.0,Medio,18.5,aprobado
,72.8,5.4,0,0.0,Medio,9.4,reprobado
4.7,43.6,18.2,0,0.0,Bajo,15.0,aprobado
12.9,86.7,6.5,0,0.0,medio,13.1,en_riesgo
12.4,47.7,14.4,0,0.0,Medio,12.3,en_riesgo
28.3,72.2,12.3,0,0.0,Alto,18.8,aprobado
4.4,77.0,19.4,0,0.0,Bajo,14.6,aprobado
27.5,50.1,18.5,1,39.0,Alto,18.4,aprobado
17.0,91.9,13.5,0,0.0,Medio,15.7,aprobado
15.2,89.6,5.7,0,0.0,Medio,13.1,en_riesgo
5.0,64.2,14.5,0,0.0,Alto,12.5,en_riesgo
,52.2,16.8,0,0.0,Medio,20.0,aprobado
10.1,80.4,12.8,0,0.0,Bajo,10.7,reprobado
24.2,45.1,19.6,0,0.0,Alto,20.0,aprobado
,74.5,7.2,1,34.0,Medio,7.6,reprobado
,75.5,18.0,0,0.0,Medio,15.4,aprobado
2.3,81.7,11.5,1,17.0,Bajo,9.0,reprobado
13.4,82.9,7.6,0,0.0,Medio,11.6,en_riesgo
12.9,50.4,18.1,0,0.0,Bajo,15.4,aprobado
22.7,61.7,17.3,0,0.0,Medio,18.2,aprobado
5.1,65.7,,1,25.0,Bajo,7.8,reprobado
19.5,67.0,16.3,1,12.0,Medio,17.5,aprobado
22.8,64.5,16.2,0,0.0,Alto,19.3,aprobado
18.1,74.0,8.7,0,0.0,Alto,13.5,en_riesgo
22.3,91.4,13.9,0,0.0,Medio,18.6,aprobado
23.1,67.2,14.0,1,37.0,Alto,14.6,aprobado
15.4,90.9,6.1,0,0.0,Alto,14.4,aprobado
18.2,71.2,,0,0.0,Bajo,16.4,aprobado
2.2,79.1,16.8,1,11.0,Medio,12.4,en_riesgo
4.4,85.2,15.0,0,0.0,Medio,13.1,en_riesgo
23.9,44.1,10.9,0,0.0,Alto,15.3,aprobado
,92.7,13.7,0,0.0,Medio,18.8,aprobado
13.1,40.4,8.6,1,27.0,Medio,10.7,reprobado
28.7,91.6,18.6,0,0.0,Alto,20.0,aprobado
22.9,41.4,11.1,0,0.0,Medio,15.2,aprobado
26.6,61.5,12.8,1,47.0,Medio,17.6,aprobado
9.7,41.3,10.1,0,0.0,Medio,11.2,en_riesgo
,56.2,10.0,0,0.0,Bajo,9.3,reprobado
5.4,96.3,16.6,0,0.0,Bajo,12.3,en_riesgo
6.1,95.8,10.6,0,0.0,Bajo,12.9,en_riesgo
21.9,58.4,11.8,1,11.0,Medio,15.2,aprobado
24.5,91.9,16.2,1,33.0,Medio,16.9,aprobado
22.2,60.6,12.5,0,0.0,Bajo,16.6,aprobado
4.6,41.9,10.4,0,0.0,Medio,5.7,reprobado
3.9,85.6,,0,0.0,Bajo,7.2,reprobado
26.3,68.0,11.6,0,0.0,Alto,17.2,aprobado
26.0,47.5,19.6,1,38.0,Bajo,18.7,aprobado
11.7,65.5,12.0,0,0.0,Medio,13.1,en_riesgo
26.1,68.1,13.4,1,14.0,Bajo,16.5,aprobado
3.3,93.4,,1,23.0,Medio,12.2,en_riesgo
20.9,83.9,11.9,0,0.0,Alto,19.0,aprobado
,72.4,8.9,1,38.0,Medio,16.2,aprobado
3.5,84.9,,0,0.0,Bajo,8.1,reprobado
13.6,95.2,16.0,1,40.0,Medio,14.6,aprobado
23.9,80.5,7.7,1,42.0,Bajo,13.0,en_riesgo
,58.4,7.6,1,23.0,Bajo,9.1,reprobado
16.0,87.8,7.7,0,0.0,Medio,13.1,en_riesgo
8.5,84.5,6.9,0,0.0,Alto,11.6,en_riesgo
2.1,40.9,13.6,0,0.0,Alto,10.0,reprobado
13.5,72.6,5.7,1,30.0,Alto,9.7,reprobado
5.9,98.4,18.5,0,0.0,Medio,15.5,aprobado
21.9,88.9,15.2,0,0.0,Medio,18.9,aprobado
5.3,87.0,6.2,1,21.0,Bajo,7.0,reprobado
20.2,62.2,7.6,0,0.0,Bajo,12.1,en_riesgo
5.5,90.9,18.3,1,45.0,Bajo,13.4,en_riesgo
28.0,60.5,,0,0.0,Medio,14.8,aprobado
14.6,94.4,12.6,1,8.0,Medio,15.4,aprobado
14.6,83.8,17.5,1,11.0,Alto,15.3,aprobado
3.7,62.8,11.3,1,45.0,Alto,10.2,reprobado
28.1,46.0,9.7,1,46.0,BAJO,12.9,en_riesgo
18.8,53.6,5.5,0,0.0,Bajo,12.8,en_riesgo
10.3,98.6,19.8,0,0.0,Bajo,16.3,aprobado
22.1,48.1,16.9,1,41.0,Medio,13.0,en_riesgo
3.7,81.3,,0,0.0,Medio,9.2,reprobado
,62.9,5.8,0,0.0,Medio,11.5,en_riesgo
6.1,40.0,15.9,1,13.0,Medio,11.7,en_riesgo
3.8,77.8,6.0,0,0.0,Alto,11.1,en_riesgo
25.9,64.0,13.0,0,0.0,Bajo,18.2,aprobado
18.7,67.8,5.8,0,0.0,Medio,12.2,en_riesgo
23.4,44.3,10.8,1,15.0,Bajo,11.6,en_riesgo
6.9,74.9,16.2,1,29.0,Alto,11.2,en_riesgo
26.3,55.5,10.5,1,26.0,Medio,17.4,aprobado
12.7,46.5,,1,21.0,bajo,7.9,reprobado
19.2,94.2,14.2,1,17.0,Bajo,17.2,aprobado
5.0,61.3,7.9,0,0.0,Alto,8.8,reprobado
17.6,61.0,8.2,1,31.0,Alto,11.6,en_riesgo
11.6,88.3,11.8,0,0.0,Bajo,13.1,en_riesgo
5.5,57.2,10.7,0,0.0,Bajo,9.1,reprobado
17.2,87.0,17.4,1,39.0,Bajo,16.3,aprobado
,80.2,13.1,0,0.0,Medio,11.3,en_riesgo
10.4,74.9,13.4,1,31.0,Alto,14.1,aprobado
15.8,71.4,6.4,0,0.0,Medio,12.3,en_riesgo
1.1,59.5,8.2,1,21.0,Medio,5.5,reprobado
9.4,73.3,10.8,0,0.0,Medio,11.5,en_riesgo
14.9,75.3,8.2,0,0.0,Medio,10.1,reprobado
14.3,66.9,14.9,0,0.0,Alto,16.5,aprobado
27.4,74.0,16.3,0,0.0,Medio,20.0,aprobado
19.0,75.3,17.4,1,17.0,Medio,18.0,aprobado
17.6,62.5,12.1,0,0.0,Bajo,11.1,en_riesgo
4.8,97.9,15.7,1,16.0,Medio,13.1,en_riesgo
1.8,94.9,19.4,0,0.0,Medio,16.3,aprobado
5.5,99.5,7.0,0,0.0,Medio,7.8,reprobado
3.1,93.5,14.8,1,27.0,Medio,9.4,reprobado
28.9,81.0,,0,0.0,Medio,18.8,aprobado
8.9,64.1,9.9,1,38.0,Medio,8.5,reprobado
26.8,92.0,14.1,0,0.0,Medio,17.5,aprobado
27.9,47.0,13.7,0,0.0,Medio,17.7,aprobado
27.7,92.0,6.9,0,0.0,Bajo,14.9,aprobado
5.0,46.9,7.8,1,37.0,Medio,4.0,reprobado
13.3,81.0,7.3,1,17.0,Bajo,9.5,reprobado
12.7,85.3,,0,0.0,Bajo,8.0,reprobado
14.1,93.9,,1,34.0,Medio,15.6,aprobado
17.5,95.7,15.4,0,0.0,Medio,17.0,aprobado
27.7,92.0,10.1,0,0.0,Bajo,17.4,aprobado
28.9,88.3,9.9,0,0.0,Bajo,17.0,aprobado
14.3,80.4,7.1,0,0.0,Bajo,13.6,en_riesgo
27.1,63.6,7.7,1,43.0,Medio,13.1,en_riesgo
6.9,95.2,19.0,0,0.0,Medio,15.0,aprobado
20.9,66.6,14.4,0,0.0,Medio,14.7,aprobado
23.9,85.0,15.2,1,46.0,Medio,15.2,aprobado
9.3,50.4,6.5,1,44.0,Medio,6.7,reprobado
28.1,82.4,,0,0.0,medio,20.0,aprobado
3.1,82.3,17.9,1,45.0,Bajo,11.7,en_riesgo
26.2,67.5,15.6,1,18.0,Medio,19.7,aprobado
28.4,46.8,9.7,0,0.0,Medio,16.5,aprobado
7.9,48.8,16.9,1,12.0,Medio,14.0,aprobado
25.8,63.5,7.6,0,0.0,Bajo,13.8,en_riesgo
2.0,44.5,11.2,0,0.0,Medio,5.4,reprobado
20.4,92.2,8.7,1,19.0,Alto,12.9,en_riesgo
6.4,76.2,,0,0.0,Bajo,12.1,en_riesgo
29.0,72.8,18.6,0,0.0,Alto,20.0,aprobado
11.2,97.4,6.6,0,0.0,Medio,13.2,en_riesgo
10.7,80.0,6.1,1,38.0,Medio,9.5,reprobado
11.4,62.9,17.4,0,0.0,Alto,14.5,aprobado
,83.2,13.8,0,0.0,Alto,18.3,aprobado
10.3,79.7,10.6,0,0.0,Bajo,11.1,en_riesgo
1.6,47.1,9.3,1,38.0,Medio,5.5,reprobado
9.3,63.0,6.5,1,8.0,Bajo,8.0,reprobado
23.4,43.6,11.8,0,0.0,Bajo,13.9,en_riesgo
19.0,42.7,18.3,0,0.0,Medio,15.0,aprobado
1.4,56.3,11.9,0,0.0,Medio,8.3,reprobado
,49.9,11.5,0,0.0,Bajo,8.3,reprobado
9.8,68.5,5.6,1,23.0,Bajo,6.6,reprobado
12.0,74.6,12.4,1,46.0,Bajo,11.8,en_riesgo
28.2,69.5,12.6,0,0.0,Medio,16.5,aprobado
26.2,84.1,17.5,1,31.0,Medio,18.5,aprobado
29.7,95.8,7.7,0,0.0,Bajo,17.3,aprobado
21.6,72.3,8.0,0,0.0,Alto,14.6,aprobado
26.7,62.0,17.8,0,0.0,Alto,20.0,aprobado
1.3,68.1,6.9,0,0.0,Medio,6.5,reprobado
1.9,56.3,9.3,0,0.0,Medio,5.9,reprobado
12.2,61.0,10.2,0,0.0,Alto,13.2,en_riesgo
27.8,94.5,17.9,1,47.0,Bajo,19.9,aprobado
1.1,44.5,12.4,1,31.0,Alto,9.9,reprobado
14.3,60.6,17.4,0,0.0,Alto,13.6,en_riesgo
,79.4,17.5,0,0.0,Alto,18.3,aprobado
29.3,72.8,11.1,0,0.0,Bajo,18.0,aprobado
,86.6,10.4,0,0.0,Alto,16.8,aprobado
10.9,97.3,6.2,1,38.0,Alto,10.1,reprobado
8.6,92.6,8.4,0,0.0,Bajo,10.0,reprobado
23.3,91.4,19.2,0,0.0,Medio,20.0,aprobado
5.2,45.6,8.8,0,0.0,Bajo,6.9,reprobado
26.5,72.1,19.8,0,0.0,Bajo,20.0,aprobado
6.3,49.3,,0,0.0,Alto,11.7,en_riesgo
25.5,43.9,13.5,0,0.0,Medio,16.6,aprobado
11.5,86.2,11.1,1,11.0,Medio,12.4,en_riesgo
23.6,42.9,19.2,0,0.0,Bajo,15.9,aprobado
16.4,67.1,14.7,1,46.0,Medio,16.9,aprobado
22.8,72.5,10.8,0,0.0,Bajo,15.5,aprobado
15.8,74.5,17.6,1,9.0,Bajo,16.1,aprobado
13.1,82.5,15.8,1,46.0,Bajo,13.9,en_riesgo
14.7,40.6,,0,0.0,Bajo,14.8,aprobado
11.0,87.3,16.9,1,47.0,Bajo,14.9,aprobado
9.0,90.3,17.4,0,0.0,Alto,16.7,aprobado
23.6,58.5,18.8,0,0.0,Medio,20.0,aprobado
8.7,48.0,6.6,0,0.0,Medio,6.8,reprobado
3.2,78.9,16.5,0,0.0,Alto,11.9,en_riesgo
15.3,85.1,11.0,1,29.0,Medio,11.7,en_riesgo
22.5,94.8,11.9,1,17.0,Medio,15.5,aprobado
20.7,86.3,10.7,0,0.0,Bajo,14.7,aprobado
21.4,76.5,5.5,0,0.0,Alto,14.5,aprobado
14.0,63.3,16.1,0,0.0,Bajo,15.3,aprobado
26.3,66.4,13.4,0,0.0,Medio,17.3,aprobado
18.3,95.6,8.1,1,10.0,Bajo,12.5,en_riesgo
2.5,94.0,,0,0.0,Alto,13.2,en_riesgo
22.0,78.1,16.5,0,0.0,Bajo,15.8,aprobado
9.2,88.5,12.6,0,0.0,Medio,15.3,aprobado
18.3,97.9,19.8,0,0.0,Alto,20.0,aprobado
24.4,97.5,9.5,1,28.0,Medio,15.5,aprobado
13.2,64.5,15.6,0,0.0,Alto,15.8,aprobado
27.7,99.5,7.0,1,32.0,Medio,17.0,aprobado
26.2,73.2,11.6,1,43.0,Medio,14.5,aprobado
5.8,88.8,5.2,0,0.0,Alto,9.5,reprobado
,61.9,14.7,0,0.0,Bajo,13.7,en_riesgo
19.5,76.0,19.8,0,0.0,Bajo,19.0,aprobado
,65.4,17.5,0,0.0,Medio,13.1,en_riesgo
7.8,56.9,12.8,1,41.0,Alto,11.0,en_riesgo
2.3,93.9,12.7,0,0.0,BAJO,11.0,en_riesgo
,98.1,19.0,1,20.0,Medio,18.2,aprobado
23.0,86.2,10.5,1,0.0,Medio,14.2,aprobado
11.7,62.5,6.3,0,0.0,Medio,10.2,reprobado
11.9,58.2,10.2,0,0.0,Alto,11.6,en_riesgo
1.6,86.8,,0,0.0,Medio,10.3,reprobado
12.8,71.1,17.0,0,0.0,Alto,16.0,aprobado
15.1,73.5,19.9,0,0.0,Alto,18.6,aprobado
12.7,45.2,7.4,0,0.0,Bajo,9.5,reprobado
25.2,46.8,17.5,0,0.0,Alto,17.1,aprobado
25.3,98.8,18.5,0,0.0,Alto,20.0,aprobado
19.4,81.3,13.0,0,0.0,Bajo,16.1,aprobado
15.5,67.8,7.9,0,0.0,Medio,12.4,en_riesgo
1.1,68.2,20.0,0,0.0,Bajo,12.9,en_riesgo
2.7,60.8,17.4,0,0.0,Medio,10.9,reprobado
29.3,95.0,12.2,1,9.0,Medio,19.9,aprobado
17.7,43.2,5.9,1,31.0,Medio,10.0,reprobado
1.0,79.1,,1,23.0,Alto,9.7,reprobado
,85.4,8.7,1,24.0,Bajo,9.2,reprobado
12.8,60.6,14.2,1,13.0,Bajo,16.1,aprobado
11.8,64.9,11.4,0,0.0,Medio,12.7,en_riesgo
28.9,87.1,18.4,0,0.0,Medio,20.0,aprobado
19.6,81.7,15.8,0,0.0,Alto,20.0,aprobado
1.5,66.2,17.0,0,0.0,Alto,15.7,aprobado
23.0,58.7,19.8,1,28.0,Bajo,18.1,aprobado
26.5,64.1,12.4,1,38.0,Alto,16.6,aprobado
5.3,92.2,18.3,1,28.0,Alto,14.7,aprobado
19.1,82.2,8.5,1,32.0,Bajo,13.1,en_riesgo
22.8,55.7,5.1,0,0.0,Alto,15.0,aprobado
1.1,74.7,17.0,1,36.0,Medio,9.4,reprobado
24.2,68.5,16.5,1,41.0,ALTO,17.7,aprobado
13.6,48.7,13.7,1,40.0,Bajo,10.8,reprobado
22.2,84.9,13.6,0,0.0,Medio,17.7,aprobado
22.3,81.3,14.9,0,0.0,Medio,18.2,aprobado
,91.2,12.6,0,0.0,Medio,14.0,aprobado
20.9,61.3,16.2,1,44.0,Alto,17.8,aprobado
22.7,96.2,5.6,0,0.0,Alto,15.9,aprobado
18.1,66.5,12.8,1,22.0,medio,14.2,aprobado
27.8,88.5,8.8,0,0.0,Alto,20.0,aprobado
25.6,89.9,18.1,1,32.0,Bajo,20.0,aprobado
7.9,42.1,7.8,0,0.0,Alto,9.2,reprobado
10.6,67.2,16.8,0,0.0,Bajo,12.5,en_riesgo
7.8,77.4,16.9,1,34.0,Bajo,11.9,en_riesgo
24.5,97.7,13.5,1,27.0,Medio,17.1,aprobado
30.0,49.1,8.7,0,0.0,Bajo,16.3,aprobado
,82.1,13.3,0,0.0,alto,14.5,aprobado
10.9,86.2,14.9,1,25.0,Medio,12.8,en_riesgo
5.1,49.4,17.8,1,18.0,Medio,14.4,aprobado
7.0,97.1,15.3,0,0.0,Bajo,15.2,aprobado
1.1,54.9,13.2,0,0.0,Bajo,9.3,reprobado
7.8,61.8,6.9,1,43.0,Bajo,4.5,reprobado
16.5,84.7,7.7,0,0.0,Medio,13.0,en_riesgo
27.4,81.6,11.0,0,0.0,Medio,18.2,aprobado
18.2,48.9,11.6,0,0.0,Bajo,12.1,en_riesgo
29.7,90.6,16.1,0,0.0,Bajo,20.0,aprobado
11.4,78.8,15.8,1,41.0,Bajo,11.8,en_riesgo
4.5,63.3,11.4,0,0.0,Bajo,10.6,reprobado
,43.4,5.4,1,11.0,Alto,8.8,reprobado
14.3,86.9,14.2,0,0.0,Medio,15.3,aprobado
1.6,47.7,6.5,1,43.0,Medio,6.0,reprobado
17.9,46.1,16.3,0,0.0,Bajo,16.5,aprobado
3.9,50.8,,0,0.0,Medio,9.4,reprobado
18.7,75.8,17.8,0,0.0,Medio,18.8,aprobado
13.4,81.3,13.3,1,29.0,Bajo,12.2,en_riesgo
8.7,82.7,8.1,0,0.0,Bajo,11.3,en_riesgo
26.0,65.6,15.0,1,0.0,Medio,15.3,aprobado
24.9,89.2,,0,0.0,Alto,17.6,aprobado
,55.7,5.1,1,42.0,Medio,4.6,reprobado
17.7,73.6,18.9,0,0.0,Medio,18.1,aprobado
13.8,40.6,13.3,1,46.0,Bajo,10.3,reprobado
20.8,93.3,14.5,1,8.0,Medio,18.3,aprobado
,48.4,16.6,0,0.0,Medio,18.5,aprobado
13.7,46.3,,0,0.0,Medio,12.9,en_riesgo
18.7,76.8,9.3,1,17.0,Medio,12.8,en_riesgo
5.1,40.2,8.1,1,8.0,Bajo,7.3,reprobado
20.2,95.4,,0,0.0,Medio,17.3,aprobado
18.8,94.8,10.6,0,0.0,Medio,15.6,aprobado
23.2,59.9,10.8,0,0.0,Bajo,14.4,aprobado
8.5,70.6,13.6,0,0.0,MEDIO,14.2,aprobado
19.6,89.1,,1,16.0,Medio,16.9,aprobado
21.4,57.7,17.8,1,9.0,Medio,15.8,aprobado
26.9,90.9,5.6,1,33.0,Alto,15.9,aprobado
,90.4,14.3,1,29.0,Alto,13.7,en_riesgo
17.0,93.8,16.1,0,0.0,Medio,15.2,aprobado
21.4,69.7,5.6,1,8.0,Medio,13.6,en_riesgo
8.7,60.2,15.1,0,0.0,Alto,13.8,en_riesgo
26.8,54.6,9.2,0,0.0,Medio,15.5,aprobado
13.6,61.6,10.2,0,0.0,Bajo,12.5,en_riesgo
7.9,62.5,18.2,0,0.0,Medio,13.4,en_riesgo
4.0,65.6,,1,25.0,Bajo,10.1,reprobado
28.4,72.1,5.4,0,0.0,Bajo,16.3,aprobado
14.6,76.7,9.8,0,0.0,Medio,14.6,aprobado
14.0,68.1,,0,0.0,Medio,11.6,en_riesgo
29.4,78.8,11.6,0,0.0,Medio,20.0,aprobado
20.9,56.7,11.4,0,0.0,Bajo,14.5,aprobado
19.1,73.0,13.7,1,42.0,Medio,14.8,aprobado
9.5,42.2,8.8,1,10.0,Bajo,7.6,reprobado
,81.3,10.4,1,34.0,Medio,10.2,reprobado
10.9,94.6,9.6,0,0.0,BAJO,12.5,en_riesgo
12.7,91.9,8.2,1,46.0,BAJO,9.7,reprobado
11.0,65.6,12.6,1,42.0,Medio,10.5,reprobado
21.1,78.3,15.5,0,0.0,Alto,18.5,aprobado
17.4,78.3,9.4,1,8.0,Medio,13.2,en_riesgo
4.4,59.4,,0,0.0,Medio,9.0,reprobado
11.8,94.0,17.4,1,35.0,Medio,16.0,aprobado
26.8,58.1,6.9,0,0.0,Bajo,12.0,en_riesgo
12.1,68.3,8.3,0,0.0,Bajo,10.2,reprobado
14.4,86.9,11.3,1,42.0,Alto,13.5,en_riesgo
4.4,80.8,,1,36.0,Bajo,11.2,en_riesgo
11.5,68.1,6.9,0,0.0,Bajo,10.5,reprobado
12.2,45.2,7.9,1,9.0,Medio,9.6,reprobado
15.1,70.9,14.0,1,9.0,Bajo,14.2,aprobado
10.6,68.5,12.6,0,0.0,Bajo,11.2,en_riesgo
5.3,75.1,,0,0.0,Medio,15.2,aprobado
25.5,65.4,11.2,0,0.0,Medio,18.1,aprobado
8.7,77.7,15.0,0,0.0,Medio,14.7,aprobado
,45.8,6.4,0,0.0,Medio,8.6,reprobado
26.3,89.6,16.0,1,25.0,Medio,18.9,aprobado
15.0,73.2,,1,30.0,Medio,14.4,aprobado
19.3,50.6,5.1,1,26.0,Medio,7.6,reprobado
2.2,86.6,7.9,0,0.0,Bajo,7.2,reprobado
3.5,84.3,5.6,1,41.0,Medio,7.2,reprobado
8.7,43.5,17.8,0,0.0,Alto,13.8,en_riesgo
18.3,58.3,17.1,0,0.0,Medio,14.5,aprobado
9.4,40.9,10.9,0,0.0,Bajo,12.3,en_riesgo
12.8,40.8,6.7,0,0.0,Medio,11.2,en_riesgo
18.0,51.9,5.3,1,26.0,Medio,10.2,reprobado
28.9,69.5,18.9,1,29.0,Medio,18.2,aprobado
9.6,94.3,8.9,0,0.0,MEDIO,10.2,reprobado
17.0,69.4,18.5,0,0.0,Medio,16.8,aprobado
7.1,47.7,17.8,0,0.0,Alto,14.1,aprobado
8.4,89.1,9.8,1,19.0,Medio,12.1,en_riesgo
27.3,82.1,11.7,0,0.0,Medio,18.9,aprobado
6.8,42.2,13.4,1,26.0,Bajo,9.2,reprobado
8.9,69.9,11.0,1,18.0,Medio,11.7,en_riesgo
,40.8,5.5,1,27.0,Alto,5.9,reprobado
12.7,74.6,8.5,1,44.0,Medio,8.8,reprobado
12.3,62.9,14.1,0,0.0,MEDIO,16.2,aprobado
12.9,68.2,7.4,0,0.0,Bajo,10.2,reprobado
18.8,68.1,5.6,0,0.0,Medio,11.4,en_riesgo
,44.9,11.8,0,0.0,Bajo,15.0,aprobado
1.3,79.9,18.0,0,0.0,Bajo,11.8,en_riesgo
9.4,76.7,15.8,1,30.0,Alto,15.0,aprobado
9.8,63.0,,0,0.0,Bajo,9.9,reprobado
,50.2,13.1,0,0.0,Alto,12.9,en_riesgo
3.6,80.0,18.1,0,0.0,Bajo,11.4,en_riesgo
15.2,49.6,11.4,1,23.0,Medio,12.1,en_riesgo
2.6,50.6,14.3,0,0.0,Bajo,9.7,reprobado
16.2,97.5,,0,0.0,Bajo,13.5,en_riesgo
10.0,71.0,16.1,0,0.0,Medio,14.4,aprobado
21.5,78.1,16.2,1,36.0,Medio,17.3,aprobado
,55.7,17.8,1,24.0,Bajo,17.5,aprobado
1.6,44.8,13.8,0,0.0,Medio,11.6,en_riesgo
,45.4,6.8,0,0.0,Medio,15.9,aprobado
22.3,85.3,8.4,0,0.0,Bajo,16.0,aprobado
20.6,70.9,6.8,1,18.0,Bajo,13.1,en_riesgo
20.1,59.9,18.4,0,0.0,Medio,17.4,aprobado
18.6,93.8,14.3,1,13.0,Bajo,15.0,aprobado
16.9,92.7,10.6,0,0.0,Medio,15.0,aprobado
6.3,59.0,,0,0.0,Alto,12.7,en_riesgo
2.8,48.8,10.8,1,27.0,Medio,7.6,reprobado
,65.6,,0,0.0,Medio,16.4,aprobado
13.6,97.4,17.1,1,27.0,Medio,17.5,aprobado
20.5,86.8,,0,0.0,Medio,18.2,aprobado
7.3,59.7,15.9,0,0.0,Medio,12.2,en_riesgo
23.3,92.3,11.5,0,0.0,Bajo,17.0,aprobado
6.1,60.0,14.1,0,0.0,Medio,11.4,en_riesgo
4.6,60.0,11.3,1,13.0,Medio,9.1,reprobado
13.2,50.9,10.2,1,17.0,Bajo,10.3,reprobado
13.9,70.4,6.6,0,0.0,Bajo,9.6,reprobado
29.8,76.1,16.8,1,0.0,Bajo,19.8,aprobado
25.2,73.9,16.1,1,43.0,Medio,16.2,aprobado
24.4,49.2,14.2,1,34.0,Bajo,13.9,en_riesgo
6.3,47.7,,1,15.0,Medio,5.7,reprobado
10.6,73.3,7.9,0,0.0,Alto,12.4,en_riesgo
24.5,99.0,,1,9.0,Alto,19.7,aprobado
25.6,83.2,17.7,1,15.0,Medio,20.0,aprobado
5.1,71.6,17.5,0,0.0,Medio,14.3,aprobado
6.2,43.8,9.9,1,47.0,Medio,5.9,reprobado
3.2,74.9,,0,0.0,ALTO,14.2,aprobado
2.2,76.1,10.9,0,0.0,Medio,9.7,reprobado
28.1,46.9,18.1,1,46.0,Alto,18.8,aprobado
,53.2,6.2,0,0.0,Bajo,9.7,reprobado
1.1,74.5,5.9,0,0.0,MEDIO,6.5,reprobado
28.0,99.6,14.0,1,17.0,Alto,20.0,aprobado
26.4,65.5,12.6,1,39.0,Medio,17.3,aprobado
3.9,61.6,16.1,1,21.0,Bajo,10.1,reprobado
,42.7,17.1,1,12.0,Bajo,10.5,reprobado
12.1,54.7,18.6,1,17.0,Bajo,13.4,en_riesgo
2.1,93.8,5.7,0,0.0,Bajo,8.7,reprobado
22.1,42.5,19.6,1,23.0,Bajo,14.8,aprobado
11.4,50.2,14.1,0,0.0,Bajo,13.5,en_riesgo
6.4,89.7,,0,0.0,Bajo,13.9,en_riesgo
14.8,62.8,16.0,0,0.0,Medio,16.1,aprobado
29.1,56.5,8.5,0,0.0,Alto,17.0,aprobado
12.4,57.7,17.0,1,24.0,Medio,13.4,en_riesgo
5.9,66.5,8.0,0,0.0,Medio,9.1,reprobado
20.0,76.7,19.7,1,26.0,Alto,18.8,aprobado
17.0,99.0,18.3,0,0.0,Medio,16.6,aprobado
5.1,79.8,18.4,0,0.0,Bajo,15.8,aprobado
7.4,80.2,9.2,0,0.0,Bajo,10.9,reprobado
7.0,79.8,18.6,0,0.0,Medio,14.8,aprobado
5.3,82.8,6.3,0,0.0,Medio,10.0,reprobado
6.3,87.3,,0,0.0,Alto,15.0,aprobado
8.7,82.0,11.0,0,0.0,Bajo,10.9,reprobado
8.6,68.0,,0,0.0,Alto,10.3,reprobado
29.1,95.8,17.0,0,0.0,medio,20.0,aprobado
1.7,75.9,14.5,0,0.0,Medio,11.6,en_riesgo
1.8,64.5,17.1,1,8.0,BAJO,12.3,en_riesgo
14.2,45.9,14.6,1,41.0,Alto,12.2,en_riesgo
22.9,45.9,7.0,0,0.0,MEDIO,12.1,en_riesgo
17.7,66.5,18.0,0,0.0,Medio,16.5,aprobado
2.5,98.0,13.2,0,0.0,Bajo,11.9,en_riesgo
26.6,96.4,8.6,1,29.0,Medio,17.5,aprobado
29.8,50.7,13.5,0,0.0,Alto,17.5,aprobado
20.0,79.1,,0,0.0,Medio,20.0,aprobado
29.8,50.6,11.4,1,8.0,Medio,18.2,aprobado
3.7,80.1,12.5,0,0.0,Medio,13.8,en_riesgo
23.7,53.3,12.2,1,13.0,Bajo,13.7,en_riesgo
19.2,71.5,19.6,0,0.0,Medio,17.5,aprobado
15.6,96.8,17.5,0,0.0,Medio,17.7,aprobado
12.3,94.0,15.0,0,0.0,Alto,16.2,aprobado
20.0,78.1,19.4,0,0.0,Bajo,19.7,aprobado
21.6,54.8,5.8,1,23.0,Alto,13.7,en_riesgo
24.0,79.5,,0,0.0,Bajo,13.3,en_riesgo
26.6,59.3,18.9,1,12.0,Bajo,19.7,aprobado
5.1,52.8,14.7,1,31.0,Alto,9.3,reprobado
26.0,92.9,6.6,1,27.0,Medio,15.7,aprobado
18.0,91.9,8.9,1,36.0,Alto,14.8,aprobado
14.9,43.4,12.6,1,39.0,Medio,13.7,en_riesgo
5.6,54.5,5.2,0,0.0,Medio,5.5,reprobado
5.6,81.7,10.4,1,19.0,Medio,10.5,reprobado
7.7,51.2,6.6,0,0.0,medio,8.8,reprobado
24.8,52.1,9.2,0,0.0,Alto,18.1,aprobado
8.7,53.6,8.4,0,0.0,Bajo,7.7,reprobado
11.1,74.7,5.7,0,0.0,Alto,9.6,reprobado
21.5,93.4,16.0,1,8.0,Alto,19.1,aprobado
1.8,68.6,19.7,0,0.0,Medio,14.2,aprobado
24.9,68.0,9.5,1,35.0,Medio,12.6,en_riesgo
8.2,76.2,9.0,0,0.0,Medio,10.6,reprobado
28.0,93.5,12.3,0,0.0,Bajo,19.1,aprobado
4.7,73.2,5.7,0,0.0,Alto,12.5,en_riesgo
18.3,61.7,,1,33.0,Alto,13.5,en_riesgo
18.9,56.6,12.4,1,26.0,Alto,14.5,aprobado
,49.3,5.9,0,0.0,Medio,6.7,reprobado
18.9,83.2,6.5,0,0.0,Medio,14.2,aprobado
3.9,40.7,17.9,1,34.0,Medio,10.3,reprobado
5.4,83.2,13.4,1,11.0,Medio,12.2,en_riesgo
6.8,56.8,,1,45.0,Bajo,10.2,reprobado
4.6,71.7,14.2,0,0.0,Bajo,11.9,en_riesgo
14.6,79.4,14.2,0,0.0,Bajo,13.3,en_riesgo
26.1,57.3,18.8,0,0.0,Medio,19.7,aprobado
18.4,48.3,12.4,0,0.0,medio,12.8,en_riesgo
28.5,91.2,5.1,0,0.0,Medio,15.4,aprobado
,60.9,5.3,1,0.0,Medio,5.9,reprobado
7.1,47.7,17.8,0,0.0,Alto,14.1,aprobado
7.0,53.7,16.3,0,0.0,Medio,15.0,aprobado
23.6,69.6,16.7,1,36.0,Medio,18.1,aprobado
7.1,45.5,5.9,0,0.0,Bajo,4.8,reprobado
16.1,89.4,8.6,0,0.0,Bajo,12.2,en_riesgo
,67.1,13.4,1,37.0,Bajo,6.6,reprobado
21.7,83.6,12.1,1,47.0,Medio,14.4,aprobado
19.3,91.0,5.3,0,0.0,Alto,16.8,aprobado
26.9,41.8,16.7,0,0.0,Bajo,20.0,aprobado
14.8,41.2,13.7,0,0.0,Bajo,11.9,en_riesgo
16.0,45.2,5.5,1,36.0,Medio,11.6,en_riesgo
17.3,41.6,9.1,1,11.0,Alto,10.2,reprobado
24.6,62.2,,1,20.0,Medio,16.5,aprobado
24.7,89.1,12.1,0,0.0,Medio,17.2,aprobado
7.8,81.4,5.9,1,11.0,Alto,9.8,reprobado
6.9,43.3,18.7,1,22.0,Bajo,10.6,reprobado
4.6,57.4,7.9,0,0.0,Medio,7.5,reprobado
27.8,99.8,9.9,0,0.0,Bajo,17.8,aprobado
25.1,40.7,5.4,0,0.0,Bajo,13.6,en_riesgo
,46.1,11.0,0,0.0,MEDIO,7.9,reprobado
28.3,61.2,8.5,0,0.0,Medio,14.0,aprobado
23.5,44.6,17.8,0,0.0,Alto,18.3,aprobado
15.4,96.6,10.8,1,22.0,Alto,13.4,en_riesgo
,77.7,11.6,1,22.0,Alto,13.2,en_riesgo
9.6,74.2,12.3,1,31.0,Alto,13.7,en_riesgo
3.7,51.4,18.9,0,0.0,Bajo,12.2,en_riesgo
13.6,52.6,7.6,0,0.0,Bajo,10.0,reprobado
27.5,81.1,16.6,0,0.0,Medio,20.0,aprobado
19.5,74.8,9.8,0,0.0,Bajo,12.6,en_riesgo
27.3,96.9,13.6,0,0.0,Medio,20.0,aprobado
28.0,49.8,18.4,1,9.0,Alto,20.0,aprobado
17.4,59.2,7.7,0,0.0,Bajo,12.8,en_riesgo
25.3,49.0,17.2,0,0.0,Medio,15.6,aprobado
15.1,52.7,15.3,0,0.0,Medio,15.5,aprobado
12.4,80.3,14.5,0,0.0,Bajo,13.0,en_riesgo
24.2,90.6,13.1,1,41.0,Bajo,15.2,aprobado
20.7,43.1,8.0,1,23.0,Bajo,11.5,en_riesgo
25.1,51.4,,0,0.0,Medio,18.7,aprobado
1.4,99.6,16.4,1,13.0,Medio,13.2,en_riesgo
21.6,98.4,13.9,0,0.0,Medio,16.4,aprobado
23.1,69.9,17.1,1,47.0,Medio,16.6,aprobado
26.7,64.1,13.0,1,47.0,Medio,16.4,aprobado
8.0,59.7,19.8,1,37.0,Alto,15.5,aprobado
30.0,92.2,11.9,1,14.0,Bajo,18.6,aprobado
12.8,77.0,16.3,1,23.0,Medio,15.3,aprobado
8.7,95.8,10.0,0,0.0,Medio,12.7,en_riesgo
17.3,82.1,8.1,1,38.0,Bajo,10.4,reprobado
25.1,75.0,14.0,1,32.0,Alto,19.3,aprobado
10.4,78.8,16.9,0,0.0,Medio,13.9,en_riesgo
7.9,96.8,14.5,0,0.0,Medio,14.3,aprobado
26.9,61.3,5.6,1,46.0,Medio,13.7,en_riesgo
22.8,53.4,10.9,1,29.0,Alto,15.0,aprobado
3.0,73.1,14.4,1,27.0,Alto,11.8,en_riesgo
17.0,93.5,12.1,1,25.0,Medio,13.7,en_riesgo
2.4,91.2,12.5,0,0.0,Bajo,9.1,reprobado
19.4,69.2,7.7,1,33.0,Medio,10.1,reprobado
27.8,74.5,9.0,0,0.0,Bajo,15.8,aprobado
7.9,64.9,8.4,1,14.0,Medio,7.4,reprobado
4.9,83.5,9.9,1,8.0,Medio,9.6,reprobado
15.9,81.5,17.2,0,0.0,Medio,17.3,aprobado
25.9,55.6,11.8,0,0.0,Alto,15.8,aprobado
22.5,83.9,9.8,1,14.0,Bajo,15.3,aprobado
5.9,78.2,16.6,1,37.0,Alto,12.1,en_riesgo
24.7,79.8,7.4,0,0.0,Bajo,13.4,en_riesgo
12.1,59.2,14.6,0,0.0,Medio,13.2,en_riesgo
5.9,94.3,11.2,0,0.0,Medio,11.8,en_riesgo
8.6,75.5,15.6,0,0.0,Medio,16.2,aprobado
15.8,50.6,12.9,0,0.0,Alto,13.9,en_riesgo
12.6,72.9,6.6,1,19.0,Alto,12.0,en_riesgo
14.6,94.0,14.8,1,32.0,Bajo,13.8,en_riesgo
28.8,41.3,11.5,1,14.0,Medio,16.5,aprobado
17.6,68.4,19.4,1,22.0,Medio,17.6,aprobado
17.3,40.0,7.3,0,0.0,Medio,10.5,reprobado
15.3,49.6,6.9,0,0.0,Medio,8.6,reprobado
6.2,69.0,9.7,0,0.0,Alto,11.8,en_riesgo
5.0,86.7,5.5,1,45.0,Medio,5.1,reprobado
21.6,56.5,12.4,1,30.0,Medio,13.4,en_riesgo
29.8,64.7,7.2,1,26.0,Alto,16.1,aprobado
,40.3,8.5,0,0.0,Bajo,12.7,en_riesgo
21.9,61.1,5.4,0,0.0,Medio,12.6,en_riesgo
,48.6,6.9,1,25.0,Medio,6.9,reprobado
16.2,69.4,12.4,1,32.0,medio,11.5,en_riesgo
18.8,89.1,11.9,1,12.0,Medio,13.9,en_riesgo
4.4,84.8,8.8,1,44.0,Alto,8.7,reprobado
2.3,91.3,11.8,1,30.0,Bajo,8.1,reprobado
3.6,44.1,12.9,0,0.0,Medio,10.0,reprobado
21.3,54.4,5.3,1,36.0,Bajo,11.8,en_riesgo
28.7,91.7,18.8,1,25.0,Bajo,20.0,aprobado
22.7,80.0,7.8,0,0.0,Medio,15.3,aprobado
10.6,88.3,8.0,0,0.0,Medio,12.2,en_riesgo
5.6,88.3,10.7,0,0.0,Medio,11.6,en_riesgo
12.8,54.9,17.9,0,0.0,Medio,14.0,aprobado
12.2,60.9,10.3,0,0.0,Medio,12.8,en_riesgo
9.9,62.4,5.5,0,0.0,Bajo,7.2,reprobado
9.8,97.2,18.1,0,0.0,Alto,18.0,aprobado
6.8,75.2,16.2,1,13.0,Alto,13.9,en_riesgo
1.8,40.4,15.0,1,32.0,Medio,7.7,reprobado
,70.1,14.0,0,0.0,Bajo,8.4,reprobado
23.8,98.5,8.1,1,28.0,Bajo,16.2,aprobado
23.3,70.8,8.8,0,0.0,Bajo,14.0,aprobado
7.7,61.5,6.0,1,39.0,Bajo,6.2,reprobado
19.6,98.2,7.6,0,0.0,Medio,13.7,en_riesgo
13.4,49.6,10.7,1,11.0,Bajo,10.1,reprobado
9.0,66.7,16.3,0,0.0,Bajo,13.4,en_riesgo
,91.2,16.5,0,0.0,Bajo,18.0,aprobado
14.4,68.2,12.0,0,0.0,Bajo,11.6,en_riesgo
12.1,49.0,10.3,1,16.0,Alto,10.7,reprobado
13.4,66.1,6.7,1,23.0,Medio,8.9,reprobado
14.3,90.9,18.0,0,0.0,Medio,15.9,aprobado
11.0,89.3,15.0,0,0.0,Bajo,14.9,aprobado
4.2,48.2,12.4,1,22.0,Medio,8.5,reprobado
12.6,95.1,17.9,1,14.0,Alto,14.6,aprobado
28.4,74.3,14.1,1,37.0,Alto,18.8,aprobado
5.9,90.0,9.6,1,37.0,Bajo,9.9,reprobado
1.6,88.5,7.8,0,0.0,Medio,9.4,reprobado
18.6,43.9,9.5,1,37.0,Medio,11.9,en_riesgo
26.3,64.7,16.3,1,24.0,Medio,19.2,aprobado
10.2,56.9,9.9,1,31.0,Alto,9.0,reprobado
2.4,59.7,13.9,0,0.0,Bajo,9.5,reprobado
,82.4,19.9,0,0.0,Medio,15.0,aprobado
8.0,51.5,12.1,0,0.0,MEDIO,9.1,reprobado
19.9,88.6,11.9,0,0.0,Alto,17.8,aprobado
19.6,48.4,15.0,1,15.0,Bajo,14.3,aprobado
10.4,68.2,,0,0.0,Alto,11.7,en_riesgo
13.1,50.6,12.0,1,9.0,Medio,11.8,en_riesgo
14.3,67.4,11.7,1,8.0,Medio,13.2,en_riesgo
22.7,64.5,7.9,1,8.0,Bajo,13.9,en_riesgo
,88.7,9.1,0,0.0,Medio,12.4,en_riesgo
26.7,58.3,8.2,0,0.0,Bajo,14.5,aprobado
18.7,64.4,9.9,0,0.0,Bajo,12.8,en_riesgo
23.6,71.1,8.6,0,0.0,Alto,17.4,aprobado
6.6,50.0,8.3,0,0.0,medio,9.7,reprobado
5.4,74.9,18.7,1,11.0,Alto,13.0,en_riesgo
27.5,45.7,8.5,1,13.0,Medio,16.0,aprobado
12.7,70.5,5.5,0,0.0,Bajo,8.6,reprobado
28.7,40.4,17.4,1,28.0,Bajo,16.0,aprobado
7.7,84.3,8.2,0,0.0,Medio,10.6,reprobado
,53.1,9.1,1,39.0,Medio,12.2,en_riesgo
18.7,54.3,13.8,1,26.0,Bajo,13.6,en_riesgo
9.7,69.7,8.0,1,0.0,Alto,11.3,en_riesgo
8.9,87.1,19.5,1,18.0,Alto,15.1,aprobado
23.6,57.8,10.8,1,13.0,Medio,15.2,aprobado
1.2,92.3,8.5,1,14.0,Medio,8.4,reprobado
22.4,64.7,11.5,1,17.0,Medio,14.7,aprobado
15.4,89.5,11.2,1,8.0,Medio,15.5,aprobado
10.4,40.3,7.3,1,0.0,Alto,11.0,en_riesgo
12.4,80.2,8.0,1,27.0,Bajo,8.7,reprobado
13.6,49.2,11.6,1,17.0,Medio,11.1,en_riesgo
,80.9,10.7,0,0.0,Alto,13.3,en_riesgo
26.9,85.1,6.8,1,41.0,Bajo,12.4,en_riesgo
23.5,80.3,18.2,0,0.0,Bajo,17.3,aprobado
23.1,41.7,18.0,0,0.0,Alto,18.9,aprobado
5.5,74.4,13.1,0,0.0,Alto,12.7,en_riesgo
11.5,85.4,14.5,0,0.0,Alto,16.1,aprobado
26.0,45.1,10.5,1,8.0,Medio,12.9,en_riesgo
16.3,91.1,8.8,0,0.0,Medio,16.3,aprobado
18.0,44.7,11.9,1,32.0,Alto,13.2,en_riesgo
9.3,60.3,15.4,0,0.0,bajo,13.5,en_riesgo
27.6,71.7,12.2,0,0.0,Alto,17.3,aprobado
4.9,51.2,19.8,0,0.0,Medio,13.9,en_riesgo
,98.3,18.4,0,0.0,Medio,20.0,aprobado
9.8,64.9,19.6,0,0.0,Medio,17.5,aprobado
25.0,47.8,19.7,1,34.0,Bajo,14.2,aprobado
,57.8,8.0,1,35.0,Bajo,12.8,en_riesgo
29.8,42.8,18.1,0,0.0,Alto,20.0,aprobado
16.9,65.8,8.0,0,0.0,Alto,14.6,aprobado
8.1,71.0,14.9,0,0.0,Bajo,12.6,en_riesgo
15.1,53.3,17.6,1,9.0,Medio,14.3,aprobado
16.8,48.0,,1,29.0,Bajo,9.7,reprobado
23.5,78.0,,0,0.0,Medio,15.5,aprobado
1.4,58.9,19.3,0,0.0,Medio,13.0,en_riesgo
,89.7,,1,23.0,Medio,10.8,reprobado
,41.9,14.9,1,31.0,Bajo,10.4,reprobado
,82.8,5.9,1,44.0,Medio,15.9,aprobado
6.5,92.2,11.5,1,37.0,Medio,11.9,en_riesgo
27.9,46.7,9.9,0,0.0,Alto,19.5,aprobado
9.6,54.9,5.9,0,0.0,Medio,8.9,reprobado
,61.6,5.4,1,44.0,Bajo,8.0,reprobado
17.7,79.5,14.9,0,0.0,Medio,17.1,aprobado
11.0,61.0,9.8,1,14.0,Alto,13.0,en_riesgo
29.9,89.3,5.4,0,0.0,Alto,16.9,aprobado
18.5,59.3,11.7,1,26.0,Medio,14.0,aprobado
18.0,60.5,19.3,0,0.0,Alto,18.7,aprobado
8.9,64.4,,0,0.0,Alto,12.7,en_riesgo
23.8,69.6,,0,0.0,Bajo,17.5,aprobado
3.7,47.4,18.3,0,0.0,Bajo,12.8,en_riesgo
5.9,55.2,7.0,0,0.0,Bajo,7.5,reprobado
24.9,91.4,13.6,0,0.0,Bajo,18.0,aprobado
28.6,72.4,,1,31.0,Bajo,19.6,aprobado
9.7,55.1,20.0,1,40.0,Medio,15.7,aprobado
28.4,81.2,12.2,1,42.0,Bajo,18.0,aprobado
23.3,75.2,8.6,0,0.0,Bajo,14.8,aprobado
29.2,88.9,8.1,0,0.0,Bajo,17.7,aprobado
4.4,70.0,7.8,0,0.0,Medio,6.7,reprobado
,49.2,14.0,0,0.0,Alto,13.0,en_riesgo
18.3,47.4,14.4,1,29.0,Bajo,12.2,en_riesgo
9.9,57.9,15.6,1,35.0,Medio,12.5,en_riesgo
15.4,81.5,18.5,0,0.0,Bajo,18.1,aprobado
5.7,56.0,11.6,1,24.0,Medio,9.4,reprobado
24.4,63.6,15.0,1,43.0,Medio,14.7,aprobado
19.4,99.1,10.8,1,40.0,Alto,15.0,aprobado
27.1,82.8,11.6,0,0.0,Medio,19.0,aprobado
17.2,48.1,17.6,0,0.0,Bajo,14.2,aprobado
8.8,46.7,8.0,0,0.0,Bajo,8.2,reprobado
20.9,88.7,10.1,1,35.0,Medio,14.1,aprobado
,68.5,8.1,1,27.0,Bajo,11.0,en_riesgo
1.3,92.8,11.5,0,0.0,Alto,10.7,reprobado
8.8,47.5,,0,0.0,Bajo,12.5,en_riesgo
17.2,41.8,7.3,0,0.0,Bajo,12.9,en_riesgo
28.3,90.4,15.3,0,0.0,Medio,20.0,aprobado
5.0,77.4,13.0,0,0.0,Medio,11.2,en_riesgo
28.2,61.9,10.3,1,44.0,Medio,15.6,aprobado
15.6,68.0,15.0,0,0.0,Medio,14.2,aprobado
24.2,55.3,6.1,0,0.0,Alto,15.1,aprobado
9.3,75.5,,1,15.0,Medio,13.4,en_riesgo
11.9,81.6,14.6,0,0.0,Medio,14.3,aprobado
16.2,56.2,14.9,1,46.0,Bajo,12.7,en_riesgo
26.9,67.4,15.2,0,0.0,Medio,19.3,aprobado
11.3,87.9,,0,0.0,Bajo,13.8,en_riesgo
21.2,80.1,,0,0.0,Alto,15.0,aprobado
25.4,71.8,12.5,0,0.0,Medio,16.3,aprobado
22.4,95.1,,1,45.0,Bajo,12.4,en_riesgo
23.1,73.5,16.5,1,23.0,Medio,18.5,aprobado
10.9,75.3,15.1,0,0.0,Medio,14.4,aprobado
12.8,92.1,7.9,1,11.0,Alto,13.0,en_riesgo
25.2,75.1,10.5,0,0.0,Alto,17.9,aprobado
29.6,48.1,6.0,1,25.0,Medio,11.3,en_riesgo
29.3,54.6,7.3,1,28.0,Alto,15.0,aprobado
13.6,99.6,10.3,1,34.0,Bajo,12.5,en_riesgo
2.0,60.1,14.1,0,0.0,Medio,10.9,reprobado
12.6,67.1,,1,33.0,Bajo,9.0,reprobado
25.9,46.3,16.6,1,26.0,Medio,17.3,aprobado
21.2,43.2,19.5,0,0.0,Bajo,16.0,aprobado
12.0,68.0,14.4,0,0.0,Medio,12.9,en_riesgo
13.8,90.7,5.0,1,24.0,Medio,13.2,en_riesgo
3.0,90.7,,1,30.0,Bajo,7.5,reprobado
11.0,89.8,6.9,1,9.0,Medio,13.0,en_riesgo
,97.2,6.0,0,0.0,Alto,11.0,en_riesgo
15.0,90.8,7.2,0,0.0,Medio,14.6,aprobado
3.1,74.1,,1,44.0,Bajo,11.3,en_riesgo
24.9,86.8,13.8,1,15.0,Alto,18.6,aprobado
27.4,87.1,6.6,1,33.0,Bajo,14.6,aprobado
8.7,74.7,18.2,1,22.0,Bajo,14.2,aprobado
15.9,74.9,12.5,1,39.0,Alto,15.1,aprobado
6.2,74.6,9.4,0,0.0,Medio,10.3,reprobado
14.6,48.2,19.1,1,0.0,Bajo,12.4,en_riesgo
13.7,91.7,17.2,1,45.0,Medio,16.1,aprobado
14.3,88.2,16.0,0,0.0,Bajo,16.0,aprobado
5.9,84.6,18.4,1,31.0,bajo,13.7,en_riesgo
12.1,70.3,19.3,1,30.0,Bajo,13.7,en_riesgo
12.6,84.7,6.6,0,0.0,Alto,11.6,en_riesgo
,96.0,8.3,0,0.0,BAJO,11.4,en_riesgo
23.8,95.6,19.0,0,0.0,Bajo,20.0,aprobado
29.4,86.9,11.3,0,0.0,bajo,20.0,aprobado
,75.0,9.6,1,21.0,Alto,10.3,reprobado
1.5,62.7,19.5,0,0.0,Bajo,12.3,en_riesgo
26.8,41.7,8.8,0,0.0,Medio,15.3,aprobado
22.9,41.9,7.9,0,0.0,Bajo,12.9,en_riesgo
27.7,77.0,13.9,0,0.0,Medio,17.7,aprobado
10.1,65.1,9.6,1,9.0,Alto,14.5,aprobado
4.1,89.8,17.8,1,11.0,Bajo,12.4,en_riesgo
19.3,68.1,8.0,1,26.0,Alto,13.6,en_riesgo
5.8,94.4,11.8,1,46.0,Bajo,10.5,reprobado
28.5,66.9,18.2,1,30.0,Medio,18.3,aprobado
14.4,66.8,6.8,1,37.0,Medio,9.3,reprobado
6.9,59.3,17.4,1,29.0,Alto,12.6,en_riesgo
13.1,61.9,7.2,0,0.0,Medio,11.3,en_riesgo
12.8,66.8,6.6,0,0.0,Medio,10.9,reprobado
14.5,97.2,,0,0.0,Alto,15.4,aprobado
13.8,97.7,14.9,0,0.0,Medio,15.5,aprobado
2.4,90.0,7.4,0,0.0,Bajo,6.6,reprobado
6.8,85.1,16.2,0,0.0,Bajo,13.0,en_riesgo
1.1,89.0,15.5,0,0.0,Alto,13.4,en_riesgo
16.1,88.4,19.1,0,0.0,Medio,18.0,aprobado
5.2,76.3,19.6,0,0.0,Medio,14.9,aprobado
3.4,66.7,10.8,0,0.0,Bajo,9.4,reprobado
12.0,85.8,,0,0.0,Medio,8.3,reprobado
20.4,82.5,19.6,0,0.0,Medio,20.0,aprobado
23.6,78.0,13.3,0,0.0,Bajo,18.3,aprobado
10.2,49.0,17.1,0,0.0,Alto,15.0,aprobado
,99.6,16.0,1,36.0,Bajo,20.0,aprobado
12.7,48.0,7.6,0,0.0,Bajo,11.4,en_riesgo
27.7,51.8,9.9,1,22.0,Alto,14.6,aprobado
3.4,99.6,12.6,0,0.0,Medio,11.1,en_riesgo
24.3,42.8,9.7,0,0.0,Bajo,12.9,en_riesgo
12.4,48.1,8.5,1,36.0,Medio,7.1,reprobado
25.0,56.2,19.0,0,0.0,Bajo,18.0,aprobado
10.1,49.5,16.8,1,12.0,Medio,11.0,en_riesgo
19.7,58.1,17.9,0,0.0,Medio,17.8,aprobado
9.8,86.1,15.5,0,0.0,Alto,13.4,en_riesgo
24.2,63.4,13.2,0,0.0,Medio,17.8,aprobado
28.1,72.2,13.9,1,15.0,Bajo,18.5,aprobado
11.4,96.4,15.6,1,25.0,Medio,14.7,aprobado
13.1,94.9,14.0,0,0.0,Alto,15.4,aprobado
29.9,91.8,,0,0.0,Medio,19.9,aprobado
27.2,74.1,17.7,0,0.0,Medio,20.0,aprobado
23.6,73.2,12.5,1,38.0,Alto,17.3,aprobado
28.6,80.6,6.0,1,12.0,Bajo,14.5,aprobado
20.8,90.5,19.4,1,47.0,Alto,19.4,aprobado
26.0,43.9,10.9,0,0.0,Medio,13.5,en_riesgo
2.2,81.2,12.2,0,0.0,Alto,11.8,en_riesgo
24.1,96.5,17.3,0,0.0,Medio,18.7,aprobado
20.1,69.5,15.2,1,39.0,Alto,16.1,aprobado
27.9,76.9,8.8,0,0.0,Alto,17.2,aprobado
21.4,79.3,,0,0.0,Bajo,17.7,aprobado
29.4,98.1,14.2,1,21.0,Bajo,20.0,aprobado
20.4,69.3,10.4,1,36.0,Bajo,13.3,en_riesgo
29.8,59.1,19.3,1,0.0,Medio,18.5,aprobado
29.1,81.3,14.3,1,37.0,Medio,19.5,aprobado
,40.4,18.4,0,0.0,Medio,14.8,aprobado
,76.6,8.7,0,0.0,Medio,17.0,aprobado
29.0,82.8,9.9,0,0.0,Medio,19.6,aprobado
12.0,82.1,15.8,1,14.0,Bajo,13.8,en_riesgo
26.2,58.7,,0,0.0,Medio,14.8,aprobado
3.4,76.9,15.9,1,45.0,Alto,11.4,en_riesgo
17.0,47.6,7.0,1,16.0,Alto,10.5,reprobado
12.8,91.8,9.9,0,0.0,Medio,15.2,aprobado
23.1,43.7,17.9,1,47.0,Alto,16.0,aprobado
17.1,92.5,5.4,1,15.0,Alto,11.7,en_riesgo
4.4,55.3,8.9,1,33.0,Alto,8.4,reprobado
28.7,95.3,18.0,1,32.0,Alto,20.0,aprobado
9.0,57.7,9.2,1,42.0,Medio,7.4,reprobado
28.9,58.7,9.0,0,0.0,medio,15.2,aprobado
20.0,41.1,,1,11.0,Bajo,14.1,aprobado
20.1,63.9,18.3,0,0.0,Bajo,15.8,aprobado
,53.5,7.0,1,14.0,Medio,7.6,reprobado
6.9,53.0,7.7,1,21.0,Medio,5.8,reprobado
22.2,57.2,9.6,0,0.0,Bajo,13.0,en_riesgo
22.3,71.7,9.8,0,0.0,Medio,13.7,en_riesgo
26.6,52.5,10.9,0,0.0,Alto,17.1,aprobado
17.0,55.8,18.7,1,25.0,Medio,14.5,aprobado
19.8,67.8,12.6,0,0.0,Alto,14.8,aprobado
8.9,92.1,10.4,0,0.0,Bajo,10.8,reprobado
13.6,80.9,8.3,0,0.0,Medio,12.0,en_riesgo
1.1,86.1,13.0,0,0.0,Bajo,11.6,en_riesgo
9.5,50.0,15.1,0,0.0,Bajo,10.1,reprobado
9.6,56.2,18.4,1,36.0,Medio,13.7,en_riesgo
24.3,48.9,14.0,0,0.0,Alto,15.3,aprobado
26.8,46.6,15.9,1,23.0,Alto,16.6,aprobado
29.0,68.3,14.8,1,45.0,Medio,19.2,aprobado
21.0,99.9,9.9,1,36.0,Bajo,14.9,aprobado
28.1,90.4,9.2,0,0.0,Medio,18.0,aprobado
1.8,52.1,15.6,1,29.0,Bajo,7.7,reprobado
3.9,66.7,11.9,1,27.0,Bajo,11.4,en_riesgo
29.6,42.8,13.4,1,45.0,Medio,16.0,aprobado
22.5,70.8,,0,0.0,ALTO,20.0,aprobado
10.2,96.1,17.2,0,0.0,MEDIO,16.5,aprobado
29.1,95.0,19.5,1,0.0,Medio,20.0,aprobado
3.7,73.1,8.9,0,0.0,Bajo,7.9,reprobado
4.9,67.8,17.2,0,0.0,Alto,13.0,en_riesgo
21.9,40.2,13.8,0,0.0,Medio,14.0,aprobado
5.6,96.6,6.2,0,0.0,BAJO,10.6,reprobado
18.9,64.6,16.9,0,0.0,Medio,15.2,aprobado
9.1,45.4,8.0,1,16.0,Medio,8.6,reprobado
5.2,83.7,,0,0.0,Alto,16.5,aprobado
6.9,70.7,19.0,0,0.0,Medio,14.1,aprobado
1.6,58.0,14.2,0,0.0,Medio,11.0,en_riesgo
,67.4,16.6,1,12.0,Medio,16.1,aprobado
19.9,47.3,14.3,0,0.0,Alto,17.0,aprobado
21.9,52.2,8.4,1,17.0,BAJO,11.1,en_riesgo
2.7,95.1,6.0,1,17.0,Bajo,9.1,reprobado
21.2,82.4,18.1,1,13.0,Medio,17.8,aprobado
7.9,41.7,9.7,1,35.0,Alto,9.5,reprobado
17.7,98.4,9.9,0,0.0,MEDIO,16.5,aprobado
,97.0,19.1,0,0.0,Medio,19.5,aprobado
29.7,92.9,11.4,0,0.0,Alto,19.1,aprobado
29.9,42.8,7.1,0,0.0,Medio,17.4,aprobado
,69.7,,0,0.0,Medio,15.2,aprobado
13.8,98.6,6.7,1,13.0,Alto,13.4,en_riesgo
23.6,61.8,19.4,1,0.0,Bajo,18.0,aprobado
13.4,68.4,9.7,1,15.0,Medio,11.9,en_riesgo
8.7,94.5,14.6,0,0.0,Alto,16.0,aprobado
24.5,42.0,6.6,1,0.0,Medio,12.0,en_riesgo
25.7,96.9,11.9,0,0.0,Medio,18.7,aprobado
21.1,79.3,9.5,0,0.0,Bajo,17.1,aprobado
5.3,93.1,14.6,0,0.0,Alto,15.5,aprobado
14.5,43.5,11.5,1,39.0,Bajo,10.4,reprobado
16.1,67.0,7.6,0,0.0,Bajo,10.7,reprobado
7.7,55.5,12.4,1,37.0,Bajo,10.3,reprobado
10.8,78.3,10.9,1,40.0,Medio,10.7,reprobado
5.8,74.9,17.9,0,0.0,Medio,13.3,en_riesgo
13.2,97.7,15.3,0,0.0,Bajo,16.3,aprobado
1.4,72.0,9.5,0,0.0,Medio,8.6,reprobado
18.3,79.6,13.9,1,22.0,Bajo,16.7,aprobado
3.5,88.5,15.1,0,0.0,Medio,13.4,en_riesgo
13.2,97.4,8.1,1,44.0,Medio,9.8,reprobado
7.8,41.4,6.5,0,0.0,Medio,7.6,reprobado
9.6,47.4,9.7,0,0.0,Medio,9.6,reprobado
15.5,69.7,17.4,1,46.0,Bajo,10.3,reprobado
9.9,41.5,18.2,1,22.0,Alto,14.1,aprobado
8.8,65.5,17.1,1,24.0,Medio,13.6,en_riesgo
29.7,56.1,10.8,0,0.0,Alto,19.3,aprobado
7.0,68.3,8.7,1,28.0,Medio,6.2,reprobado
25.3,79.8,7.8,1,12.0,Bajo,12.2,en_riesgo
24.8,65.5,17.4,0,0.0,Alto,20.0,aprobado
22.5,49.2,7.7,1,29.0,Bajo,14.9,aprobado
18.4,87.2,12.0,1,0.0,Alto,17.1,aprobado
3.0,67.0,17.5,0,0.0,Alto,11.9,en_riesgo
3.0,50.1,12.3,0,0.0,Medio,10.6,reprobado
2.2,55.3,12.3,1,41.0,Alto,7.6,reprobado
29.7,68.3,11.5,0,0.0,Medio,19.2,aprobado
29.5,88.6,11.4,0,0.0,Bajo,18.1,aprobado
4.9,71.5,13.6,0,0.0,Medio,11.8,en_riesgo
10.4,74.1,,0,0.0,Bajo,9.2,reprobado
23.3,86.0,13.1,0,0.0,Medio,17.9,aprobado
17.8,76.4,11.2,1,14.0,Medio,15.1,aprobado
13.2,40.5,17.6,0,0.0,Alto,12.6,en_riesgo
12.2,62.0,9.8,0,0.0,Alto,13.1,en_riesgo
24.0,51.6,9.7,1,28.0,Bajo,12.8,en_riesgo
,94.3,5.2,0,0.0,Medio,11.3,en_riesgo
29.4,85.4,19.8,0,0.0,Alto,20.0,aprobado
18.0,52.1,16.4,0,0.0,Medio,16.6,aprobado
,66.8,16.3,0,0.0,Medio,9.8,reprobado
27.4,77.6,19.8,1,29.0,Bajo,18.6,aprobado
9.0,50.2,19.4,1,12.0,Alto,15.2,aprobado
29.7,73.3,10.4,1,34.0,Medio,16.3,aprobado
4.8,89.0,19.0,1,23.0,Medio,16.2,aprobado
20.5,70.5,5.2,1,8.0,Medio,14.3,aprobado
,93.4,5.3,1,17.0,Alto,6.7,reprobado
22.8,58.3,16.5,0,0.0,Alto,17.7,aprobado
29.8,77.0,10.2,1,28.0,ALTO,18.8,aprobado
29.3,89.2,17.9,0,0.0,Alto,20.0,aprobado
10.1,55.2,8.4,0,0.0,Bajo,8.2,reprobado
,82.3,18.5,1,43.0,Bajo,18.9,aprobado
1.3,46.8,19.3,0,0.0,Medio,13.2,en_riesgo
23.2,87.6,15.5,1,27.0,Bajo,17.8,aprobado
1.9,45.4,6.9,0,0.0,Bajo,6.2,reprobado
1.5,66.5,12.6,1,14.0,Bajo,9.9,reprobado
24.6,70.9,13.1,0,0.0,Alto,18.6,aprobado
17.0,98.8,15.7,0,0.0,Medio,16.8,aprobado
,76.8,16.3,0,0.0,Bajo,15.4,aprobado
2.2,84.0,6.2,1,34.0,Medio,6.0,reprobado
,56.3,12.3,1,20.0,Medio,11.3,en_riesgo
1.8,52.7,8.0,0,0.0,Bajo,6.7,reprobado
9.1,41.8,9.9,0,0.0,Medio,9.8,reprobado
26.7,68.5,,0,0.0,Bajo,18.8,aprobado
23.1,86.8,6.7,0,0.0,Alto,13.6,en_riesgo
11.7,49.2,15.5,0,0.0,Alto,15.6,aprobado
3.3,56.8,7.8,1,20.0,Medio,8.9,reprobado
,81.9,6.9,0,0.0,MEDIO,16.1,aprobado
25.6,43.3,8.7,1,37.0,Alto,14.5,aprobado
7.5,95.2,9.3,0,0.0,Medio,11.8,en_riesgo
,92.5,12.3,1,44.0,Medio,16.1,aprobado
13.1,62.4,17.8,1,39.0,Bajo,11.3,en_riesgo
13.3,75.2,9.5,1,42.0,Medio,12.9,en_riesgo
6.5,73.6,16.8,1,46.0,Bajo,11.0,en_riesgo
8.0,62.7,8.1,1,45.0,Medio,8.1,reprobado
13.8,83.1,,1,15.0,Bajo,10.8,reprobado
28.1,59.2,12.2,0,0.0,Medio,18.2,aprobado
22.8,93.4,5.2,0,0.0,Bajo,14.9,aprobado
15.1,87.0,14.9,0,0.0,Medio,16.0,aprobado
13.3,42.2,13.2,1,45.0,Bajo,10.7,reprobado
8.5,55.4,15.3,0,0.0,Bajo,13.0,en_riesgo
17.4,50.5,7.6,1,25.0,Alto,12.3,en_riesgo
25.0,59.4,5.9,1,8.0,Alto,14.8,aprobado
16.2,61.1,9.5,1,18.0,Medio,12.5,en_riesgo
20.4,92.1,6.4,1,28.0,Bajo,13.7,en_riesgo
3.8,87.5,12.6,1,11.0,Bajo,10.6,reprobado
19.5,72.4,11.8,1,20.0,Medio,13.5,en_riesgo
8.7,94.3,10.1,1,17.0,BAJO,12.5,en_riesgo
21.8,86.8,10.6,0,0.0,Alto,17.3,aprobado
15.4,92.7,9.2,0,0.0,Alto,16.5,aprobado
22.5,59.3,14.9,0,0.0,Bajo,18.3,aprobado
30.0,66.8,6.1,1,36.0,Medio,15.0,aprobado
22.9,92.6,15.5,0,0.0,MEDIO,20.0,aprobado
27.6,66.9,11.2,1,39.0,Medio,16.3,aprobado
16.6,43.6,13.4,1,45.0,MEDIO,9.8,reprobado
11.8,77.9,12.8,1,46.0,Medio,11.8,en_riesgo
28.6,59.7,8.3,0,0.0,Bajo,13.2,en_riesgo
24.6,71.0,19.1,1,34.0,Bajo,18.8,aprobado
20.3,65.8,,0,0.0,Medio,12.9,en_riesgo
14.0,60.9,,0,0.0,Bajo,16.0,aprobado
9.7,59.9,11.9,1,36.0,Medio,12.0,en_riesgo
22.9,51.7,18.1,0,0.0,Bajo,17.2,aprobado
13.4,86.9,13.7,0,0.0,Alto,16.8,aprobado
2.1,91.6,17.4,1,24.0,Alto,12.6,en_riesgo
7.3,69.7,16.8,0,0.0,Bajo,13.4,en_riesgo
18.2,78.2,8.5,1,14.0,Bajo,14.1,aprobado
9.0,71.4,12.4,1,8.0,Medio,12.7,en_riesgo
26.3,54.9,8.7,0,0.0,Alto,14.9,aprobado
4.9,88.3,7.4,0,0.0,Bajo,11.7,en_riesgo
,42.0,16.1,1,14.0,Medio,15.4,aprobado
15.5,40.8,10.9,1,23.0,Medio,13.4,en_riesgo
7.5,42.2,5.5,0,0.0,Bajo,7.5,reprobado
10.6,47.3,10.5,0,0.0,Bajo,10.0,reprobado
,85.2,14.4,1,28.0,Medio,12.3,en_riesgo
19.9,76.1,9.9,0,0.0,Bajo,11.9,en_riesgo
21.8,80.6,6.5,0,0.0,Bajo,13.7,en_riesgo
25.8,57.0,13.2,1,42.0,Bajo,15.9,aprobado
2.6,77.6,8.4,1,45.0,Bajo,6.8,reprobado
13.4,42.8,18.2,0,0.0,Medio,14.0,aprobado
8.3,87.8,11.7,1,47.0,Bajo,9.9,reprobado
19.4,52.4,6.9,1,30.0,Bajo,9.8,reprobado
18.1,95.0,13.1,0,0.0,Bajo,16.9,aprobado
7.6,96.8,14.6,0,0.0,Alto,15.8,aprobado
21.8,74.8,10.9,0,0.0,Bajo,16.7,aprobado
25.9,79.9,13.2,0,0.0,Alto,17.9,aprobado
17.3,69.5,7.0,1,40.0,Bajo,10.8,reprobado
11.5,93.3,18.2,1,27.0,Medio,15.4,aprobado
25.7,63.7,9.3,1,15.0,Medio,14.3,aprobado
3.9,71.1,10.3,1,17.0,Alto,10.4,reprobado
11.9,90.3,6.6,0,0.0,Bajo,10.0,reprobado
,95.4,9.4,1,23.0,Medio,14.5,aprobado
5.0,60.4,19.4,1,0.0,Medio,13.2,en_riesgo
13.5,89.5,17.9,1,0.0,Alto,15.3,aprobado
6.3,42.2,8.6,0,0.0,Bajo,7.7,reprobado
19.5,97.6,11.0,0,0.0,Bajo,16.8,aprobado
4.4,56.5,16.5,0,0.0,Medio,13.7,en_riesgo
13.3,54.6,7.0,0,0.0,Alto,9.3,reprobado
7.1,93.9,15.4,1,10.0,Medio,16.6,aprobado
6.8,47.5,16.1,0,0.0,Alto,12.6,en_riesgo
20.3,72.9,10.6,0,0.0,Bajo,14.9,aprobado
1.1,92.3,12.2,1,24.0,Medio,10.5,reprobado
21.2,46.0,12.2,0,0.0,Bajo,13.6,en_riesgo
25.7,69.0,5.9,0,0.0,Alto,15.0,aprobado
5.0,76.3,12.3,0,0.0,Alto,13.1,en_riesgo
2.2,43.0,7.1,0,0.0,Bajo,6.6,reprobado
12.9,87.9,17.7,0,0.0,Medio,16.2,aprobado
21.0,53.2,19.8,1,43.0,Alto,15.7,aprobado
3.4,68.9,13.1,0,0.0,Bajo,9.9,reprobado
,64.4,15.0,0,0.0,Medio,18.8,aprobado
22.4,77.9,10.8,1,14.0,Medio,15.9,aprobado
19.8,65.6,,1,14.0,Medio,12.0,en_riesgo
17.2,77.6,17.6,0,0.0,Medio,19.6,aprobado
20.0,89.1,10.6,0,0.0,Bajo,16.3,aprobado
,93.6,11.3,0,0.0,Bajo,10.2,reprobado
26.6,78.6,8.0,0,0.0,Bajo,17.5,aprobado
19.7,90.4,8.3,1,22.0,Alto,13.4,en_riesgo
6.3,46.7,14.8,1,27.0,Alto,10.4,reprobado
9.3,60.3,7.4,1,16.0,Medio,11.9,en_riesgo
8.5,85.9,11.5,0,0.0,Alto,13.5,en_riesgo
23.7,74.2,17.4,1,24.0,Medio,16.7,aprobado
26.0,42.6,,0,0.0,Medio,15.7,aprobado
29.1,98.3,14.3,1,32.0,Bajo,17.4,aprobado
6.2,59.8,9.7,0,0.0,Medio,10.4,reprobado
14.4,97.6,16.4,1,26.0,Bajo,16.0,aprobado
2.9,82.8,11.2,0,0.0,Medio,10.9,reprobado
15.9,64.3,8.4,0,0.0,Bajo,13.0,en_riesgo
,95.2,16.5,0,0.0,Alto,15.5,aprobado
18.6,99.4,18.0,0,0.0,Alto,18.6,aprobado
27.1,85.4,6.4,0,0.0,Alto,16.0,aprobado
27.3,70.3,,0,0.0,Alto,20.0,aprobado
8.3,74.4,12.5,0,0.0,Medio,13.3,en_riesgo
24.4,65.3,6.9,0,0.0,Medio,13.2,en_riesgo
14.1,68.4,12.6,0,0.0,Alto,15.2,aprobado
21.3,81.6,14.1,1,22.0,Alto,17.7,aprobado
10.0,60.4,11.5,0,0.0,Bajo,11.6,en_riesgo
29.9,81.4,14.7,0,0.0,Medio,20.0,aprobado
20.8,79.6,16.5,0,0.0,Medio,19.6,aprobado
8.5,72.4,,0,0.0,Alto,16.9,aprobado
4.4,49.9,18.4,0,0.0,Medio,15.4,aprobado
,44.8,12.2,1,14.0,Bajo,11.7,en_riesgo
15.5,72.1,18.0,0,0.0,Alto,16.8,aprobado
10.4,56.0,7.2,0,0.0,Medio,7.5,reprobado
7.5,53.0,,1,38.0,Bajo,7.5,reprobado
25.7,83.1,18.9,1,28.0,Alto,19.1,aprobado
3.0,68.2,12.1,0,0.0,Bajo,9.8,reprobado
16.0,86.2,9.7,0,0.0,BAJO,13.8,en_riesgo
14.7,67.3,5.0,1,38.0,Bajo,8.0,reprobado
5.4,93.3,11.9,0,0.0,Alto,14.5,aprobado
10.1,66.4,5.7,1,8.0,Medio,10.2,reprobado
15.0,49.0,16.4,1,45.0,Bajo,10.2,reprobado
14.7,85.5,17.6,1,45.0,BAJO,15.6,aprobado
3.0,60.8,12.5,1,35.0,Medio,9.6,reprobado
4.6,42.8,7.5,0,0.0,Medio,5.5,reprobado
,50.1,6.6,1,47.0,Bajo,10.2,reprobado
11.7,61.1,18.3,0,0.0,Bajo,15.0,aprobado
20.2,97.6,11.5,0,0.0,Medio,17.0,aprobado
6.3,47.0,14.6,0,0.0,Bajo,10.9,reprobado
20.9,60.2,12.7,0,0.0,Bajo,16.0,aprobado
14.0,73.1,8.0,0,0.0,Medio,11.7,en_riesgo
2.9,87.1,12.4,0,0.0,Bajo,10.2,reprobado
,77.5,8.8,1,13.0,Bajo,14.4,aprobado
24.1,67.9,,1,16.0,alto,16.6,aprobado
14.5,47.0,13.1,1,10.0,Medio,14.6,aprobado
,86.8,13.1,1,35.0,Alto,10.7,reprobado
18.8,45.2,16.4,0,0.0,Bajo,15.6,aprobado
21.3,48.6,18.6,1,31.0,Bajo,15.9,aprobado
3.3,51.7,17.8,0,0.0,Bajo,9.8,reprobado
16.6,72.9,15.7,1,14.0,Medio,16.4,aprobado
23.0,51.2,,0,0.0,Bajo,16.6,aprobado
27.3,93.1,18.1,0,0.0,Bajo,20.0,aprobado
27.5,95.0,11.7,0,0.0,Medio,18.5,aprobado
,44.3,,0,0.0,Medio,10.8,reprobado
25.6,45.9,9.6,1,46.0,Medio,13.4,en_riesgo
20.3,67.0,17.2,1,18.0,Medio,15.7,aprobado
14.2,78.2,11.2,1,47.0,Medio,13.0,en_riesgo
3.8,94.4,12.9,0,0.0,Medio,13.9,en_riesgo
23.8,88.9,10.3,0,0.0,Medio,17.9,aprobado
20.9,90.0,10.7,0,0.0,Bajo,16.5,aprobado
15.7,49.7,,1,23.0,Bajo,11.3,en_riesgo
16.5,90.1,8.0,1,26.0,Alto,14.3,aprobado
12.1,65.9,10.0,0,0.0,Bajo,9.4,reprobado
26.1,43.1,16.9,1,31.0,Alto,18.1,aprobado
20.7,96.1,10.3,0,0.0,Medio,16.3,aprobado
21.1,60.8,9.6,0,0.0,Alto,15.6,aprobado
13.6,87.1,15.9,1,37.0,Bajo,13.1,en_riesgo
23.0,93.3,14.4,0,0.0,Medio,19.9,aprobado
6.4,51.4,12.2,0,0.0,Medio,10.0,reprobado
7.4,61.2,6.8,0,0.0,Alto,11.6,en_riesgo
9.3,48.3,12.7,0,0.0,Medio,11.0,en_riesgo
29.9,84.4,14.5,1,38.0,Bajo,17.3,aprobado
27.5,46.8,5.8,0,0.0,Bajo,9.5,reprobado
6.9,51.7,17.9,0,0.0,Medio,13.3,en_riesgo
13.6,72.3,18.4,1,14.0,Medio,14.9,aprobado
23.7,42.6,13.7,1,37.0,Medio,14.7,aprobado
5.3,73.2,13.8,1,44.0,Alto,12.8,en_riesgo
28.1,83.5,6.5,1,35.0,Medio,15.8,aprobado
25.8,84.2,14.0,1,33.0,Bajo,17.9,aprobado
8.1,52.7,12.3,1,17.0,Bajo,9.6,reprobado
17.1,61.9,10.9,0,0.0,Medio,12.8,en_riesgo
4.9,40.9,12.0,0,0.0,Alto,6.8,reprobado
3.9,52.8,12.6,0,0.0,Medio,11.5,en_riesgo
5.9,95.0,,0,0.0,Medio,10.2,reprobado
18.7,49.6,8.3,0,0.0,Alto,12.4,en_riesgo
9.5,58.7,8.0,0,0.0,Bajo,7.5,reprobado
25.1,87.1,12.1,0,0.0,Bajo,17.5,aprobado
8.5,95.0,6.5,1,40.0,Medio,7.9,reprobado
5.0,69.7,12.4,0,0.0,Medio,9.4,reprobado
11.6,99.4,9.8,0,0.0,Alto,14.7,aprobado
17.6,51.5,9.1,0,0.0,Medio,12.9,en_riesgo
27.9,81.4,,0,0.0,Alto,18.0,aprobado
7.9,79.4,,0,0.0,Medio,12.4,en_riesgo
26.8,54.0,15.0,1,34.0,Bajo,14.7,aprobado
28.0,82.0,13.6,0,0.0,Medio,20.0,aprobado
2.3,41.6,12.5,1,23.0,Alto,8.9,reprobado
,49.6,9.2,0,0.0,Medio,13.3,en_riesgo
2.6,99.9,5.5,1,30.0,Medio,8.4,reprobado
3.0,97.7,10.4,0,0.0,Medio,13.8,en_riesgo
2.7,75.5,6.7,0,0.0,Bajo,8.2,reprobado
22.5,59.4,16.2,1,42.0,Bajo,17.5,aprobado
1.7,60.4,8.1,0,0.0,BAJO,6.6,reprobado
16.2,43.3,15.3,1,36.0,Alto,13.9,en_riesgo
21.4,64.7,15.2,1,22.0,Medio,14.6,aprobado
19.6,75.5,17.0,1,47.0,Medio,16.1,aprobado
20.5,94.5,11.5,1,33.0,Alto,15.5,aprobado
4.3,47.9,12.0,0,0.0,Medio,12.3,en_riesgo
6.3,43.6,5.2,0,0.0,Medio,4.9,reprobado
2.0,61.9,10.8,0,0.0,Medio,7.8,reprobado
9.4,81.0,14.3,0,0.0,Medio,13.4,en_riesgo
14.7,59.1,6.5,0,0.0,Medio,10.6,reprobado
13.0,76.9,11.7,0,0.0,Bajo,12.7,en_riesgo
22.8,40.6,12.4,0,0.0,Medio,17.1,aprobado
11.6,84.8,14.5,0,0.0,Medio,15.1,aprobado
24.5,93.0,7.5,0,0.0,Medio,17.3,aprobado
16.8,68.6,12.0,1,30.0,Alto,15.5,aprobado
23.2,99.3,13.1,1,45.0,Bajo,17.3,aprobado
12.3,47.7,,0,0.0,Bajo,12.4,en_riesgo
,57.0,9.0,0,0.0,Bajo,10.0,reprobado
7.5,93.4,17.6,1,17.0,Bajo,15.2,aprobado
18.7,63.6,19.9,0,0.0,Medio,18.1,aprobado
28.8,76.9,19.6,1,39.0,Alto,20.0,aprobado
18.4,65.6,17.9,0,0.0,Alto,18.0,aprobado
9.1,55.7,9.3,0,0.0,Bajo,9.4,reprobado
12.4,60.7,18.2,1,19.0,Alto,16.5,aprobado
,69.5,15.0,0,0.0,Alto,13.3,en_riesgo
,59.1,18.5,0,0.0,Bajo,20.0,aprobado
17.2,81.3,5.1,0,0.0,Bajo,10.4,reprobado
11.4,62.9,17.4,0,0.0,Alto,14.5,aprobado
22.5,82.8,12.3,0,0.0,Bajo,15.6,aprobado
17.4,94.1,11.6,0,0.0,Bajo,16.6,aprobado
6.1,47.2,6.7,1,43.0,Bajo,5.3,reprobado
15.5,58.1,13.3,1,31.0,Medio,14.1,aprobado
14.5,71.2,13.9,0,0.0,Bajo,17.3,aprobado
10.8,52.7,17.6,1,45.0,Medio,12.3,en_riesgo
28.3,41.9,19.4,0,0.0,Bajo,18.5,aprobado
12.7,92.2,18.5,0,0.0,Bajo,16.4,aprobado
19.2,87.9,18.3,1,14.0,Alto,19.1,aprobado
16.8,85.9,7.8,0,0.0,Bajo,12.5,en_riesgo
7.3,80.8,8.7,0,0.0,Bajo,8.1,reprobado
28.3,41.7,5.6,1,12.0,Medio,12.3,en_riesgo
10.6,43.1,5.8,0,0.0,Bajo,8.0,reprobado
27.6,91.2,19.6,1,26.0,Medio,18.9,aprobado
11.7,92.2,6.6,0,0.0,Alto,12.9,en_riesgo
22.6,64.4,8.8,0,0.0,Medio,14.4,aprobado
,54.9,17.7,0,0.0,Medio,10.6,reprobado
19.0,77.6,12.9,0,0.0,Medio,16.0,aprobado
16.9,62.8,15.4,1,24.0,MEDIO,15.7,aprobado
23.8,76.1,5.8,0,0.0,Bajo,12.1,en_riesgo
1.5,75.9,8.6,1,35.0,Bajo,5.2,reprobado
4.9,62.0,15.7,1,25.0,Medio,10.2,reprobado
17.2,93.8,8.4,1,25.0,Bajo,12.8,en_riesgo
10.1,43.9,17.8,0,0.0,Bajo,11.5,en_riesgo
27.1,80.0,14.1,1,0.0,Alto,19.5,aprobado
24.2,97.9,7.3,1,18.0,Bajo,14.7,aprobado
17.6,46.2,,0,0.0,ALTO,16.3,aprobado
8.6,90.8,17.1,0,0.0,Bajo,17.8,aprobado
18.0,51.1,13.3,1,17.0,Medio,12.3,en_riesgo
,47.4,7.9,0,0.0,Bajo,14.3,aprobado
13.6,76.4,17.2,0,0.0,MEDIO,18.2,aprobado
,68.9,13.1,1,13.0,Bajo,12.8,en_riesgo
17.2,85.7,,0,0.0,Medio,14.6,aprobado
10.0,42.1,9.5,1,32.0,Medio,9.8,reprobado
7.5,50.5,17.6,1,11.0,Medio,14.0,aprobado
27.6,96.9,11.5,1,42.0,Bajo,17.3,aprobado
11.6,45.6,16.3,1,43.0,Medio,10.5,reprobado
16.1,85.9,8.1,0,0.0,Bajo,12.6,en_riesgo
27.0,78.5,11.1,0,0.0,Medio,16.9,aprobado
25.8,58.6,7.1,0,0.0,Alto,17.5,aprobado
4.9,62.5,,0,0.0,Medio,11.5,en_riesgo
22.3,89.6,6.5,1,21.0,Alto,14.7,aprobado
25.3,82.8,,0,0.0,Alto,20.0,aprobado
28.4,72.8,13.1,0,0.0,Bajo,17.4,aprobado
20.5,83.4,17.4,1,29.0,Bajo,17.6,aprobado
28.8,97.3,14.4,1,41.0,Medio,18.6,aprobado
12.9,49.4,8.5,0,0.0,Medio,9.4,reprobado
3.0,83.7,5.4,0,0.0,Bajo,8.6,reprobado
21.3,94.2,12.4,0,0.0,Bajo,16.8,aprobado
27.7,83.5,9.7,1,8.0,Medio,17.6,aprobado
11.7,94.6,13.8,1,34.0,Medio,12.2,en_riesgo
28.4,60.5,12.0,0,0.0,Bajo,17.0,aprobado
1.1,97.4,11.9,1,17.0,Alto,11.3,en_riesgo
,54.8,5.9,1,25.0,Bajo,6.3,reprobado
12.5,47.8,,0,0.0,Bajo,14.5,aprobado
20.9,56.3,8.3,0,0.0,Bajo,14.9,aprobado
13.1,77.8,17.9,0,0.0,Medio,17.4,aprobado
27.1,95.8,14.6,0,0.0,Medio,19.6,aprobado
20.4,96.9,10.7,0,0.0,Medio,15.0,aprobado
5.0,73.7,14.9,1,17.0,Bajo,10.9,reprobado
29.1,99.8,14.4,0,0.0,Medio,20.0,aprobado
6.3,97.0,15.9,1,13.0,Alto,15.1,aprobado
13.7,74.4,12.4,1,31.0,Medio,13.7,en_riesgo
25.1,75.8,,0,0.0,Bajo,14.7,aprobado
24.3,64.8,5.6,1,36.0,Medio,11.2,en_riesgo
25.3,49.1,14.4,0,0.0,Bajo,16.5,aprobado
5.5,66.9,5.2,0,0.0,Medio,9.2,reprobado
12.2,67.4,8.6,1,43.0,Medio,9.3,reprobado
26.6,60.8,8.1,0,0.0,Bajo,15.2,aprobado
25.6,96.4,7.0,0,0.0,Medio,17.3,aprobado
16.8,73.1,6.0,0,0.0,Bajo,12.2,en_riesgo
28.1,64.8,9.5,0,0.0,Alto,20.0,aprobado
17.6,91.6,18.4,0,0.0,Alto,20.0,aprobado
1.2,96.5,14.3,1,31.0,MEDIO,10.1,reprobado
28.7,89.9,18.9,0,0.0,Alto,20.0,aprobado
15.6,80.1,,0,0.0,Alto,14.5,aprobado
26.9,75.9,8.5,0,0.0,Bajo,16.9,aprobado
12.4,47.5,8.1,0,0.0,Alto,10.3,reprobado
25.6,77.1,17.9,1,25.0,Medio,17.4,aprobado
8.4,75.7,,0,0.0,Bajo,10.8,reprobado
8.5,64.2,15.8,1,12.0,Bajo,12.3,en_riesgo
25.4,92.6,6.1,0,0.0,Bajo,15.3,aprobado
12.1,94.2,8.6,1,23.0,Alto,14.3,aprobado
,50.6,12.5,1,37.0,Alto,15.2,aprobado
18.9,70.9,8.2,0,0.0,Medio,14.1,aprobado
25.5,97.7,8.2,1,11.0,Medio,16.5,aprobado
22.1,44.0,8.0,0,0.0,Bajo,11.2,en_riesgo
1.7,47.5,10.2,0,0.0,Alto,10.0,reprobado
18.0,85.8,17.4,0,0.0,Bajo,17.6,aprobado
28.4,51.7,6.3,0,0.0,Bajo,13.6,en_riesgo
,91.8,9.5,1,34.0,ALTO,16.6,aprobado
16.1,56.6,7.6,0,0.0,Medio,11.1,en_riesgo
23.8,54.4,13.1,0,0.0,Medio,17.4,aprobado
,59.5,18.8,0,0.0,Bajo,18.8,aprobado
24.6,57.4,12.4,0,0.0,Bajo,14.7,aprobado
,41.6,10.0,1,18.0,Bajo,10.9,reprobado
3.1,48.8,14.8,0,0.0,Bajo,9.3,reprobado
16.7,69.6,9.7,0,0.0,Medio,13.8,en_riesgo
6.8,47.9,9.4,0,0.0,Bajo,8.3,reprobado
27.1,94.0,15.3,0,0.0,Medio,19.9,aprobado
1.7,58.0,,1,28.0,Medio,8.8,reprobado
23.8,84.9,10.5,1,42.0,Alto,15.5,aprobado
1.4,97.8,14.7,1,9.0,Medio,12.5,en_riesgo
,92.1,8.7,1,26.0,Bajo,15.8,aprobado
24.3,60.5,18.6,0,0.0,Medio,18.7,aprobado
19.4,87.3,17.3,1,42.0,Bajo,17.3,aprobado
29.5,72.5,11.8,0,0.0,Medio,16.9,aprobado
11.2,42.1,5.9,0,0.0,Medio,10.0,reprobado
16.4,61.6,15.6,1,13.0,Medio,14.9,aprobado
15.2,68.9,18.3,0,0.0,Bajo,16.5,aprobado
27.2,48.3,8.9,0,0.0,Bajo,15.7,aprobado
14.2,81.5,7.9,1,13.0,Medio,12.1,en_riesgo
4.6,52.8,,1,43.0,Medio,7.5,reprobado
21.1,91.0,17.9,0,0.0,Alto,20.0,aprobado
1.9,43.2,7.7,1,37.0,Medio,5.3,reprobado
19.0,98.5,10.6,0,0.0,Bajo,12.4,en_riesgo
18.9,64.3,14.4,0,0.0,Alto,17.6,aprobado
28.4,67.3,16.8,0,0.0,Bajo,19.4,aprobado
5.1,79.8,10.7,0,0.0,Bajo,9.7,reprobado
25.4,96.0,16.6,1,14.0,Bajo,19.0,aprobado
24.7,98.8,17.2,1,21.0,Medio,20.0,aprobado
14.3,54.1,7.7,0,0.0,Bajo,9.4,reprobado
27.6,43.8,10.2,0,0.0,Alto,15.5,aprobado
13.4,81.7,19.3,1,24.0,Alto,15.6,aprobado
24.6,73.2,16.3,0,0.0,Medio,17.8,aprobado
5.1,78.7,9.8,0,0.0,Medio,11.4,en_riesgo
3.9,98.3,7.6,0,0.0,Alto,9.7,reprobado
8.8,45.2,13.1,1,24.0,Alto,10.8,reprobado
10.0,73.5,16.4,0,0.0,Medio,13.2,en_riesgo
14.5,61.9,18.2,1,26.0,Alto,17.4,aprobado
10.7,82.3,19.1,1,38.0,Alto,16.9,aprobado
19.7,88.0,15.9,0,0.0,Medio,18.5,aprobado
7.4,91.8,12.3,1,20.0,medio,10.2,reprobado
19.2,84.3,7.8,1,10.0,Bajo,12.2,en_riesgo
6.8,82.7,12.9,0,0.0,BAJO,11.4,en_riesgo
1.6,91.4,16.7,0,0.0,alto,12.5,en_riesgo
22.3,63.7,11.0,1,17.0,Bajo,12.4,en_riesgo
13.1,54.8,14.8,1,8.0,Medio,15.7,aprobado
19.5,98.4,15.0,1,34.0,Medio,18.4,aprobado
21.8,53.8,8.6,0,0.0,Medio,13.6,en_riesgo
14.2,59.6,10.8,0,0.0,Alto,11.5,en_riesgo
9.4,43.5,10.6,1,32.0,Bajo,8.1,reprobado
23.1,50.8,10.1,0,0.0,Alto,15.4,aprobado
2.1,75.0,17.0,1,18.0,Alto,12.4,en_riesgo
27.8,71.6,12.1,0,0.0,Bajo,15.0,aprobado
27.6,53.8,18.9,0,0.0,Medio,20.0,aprobado
13.9,52.6,,1,28.0,Medio,15.2,aprobado
,84.7,11.1,1,40.0,Medio,16.2,aprobado
19.3,50.7,11.2,0,0.0,Bajo,11.2,en_riesgo
,91.6,,0,0.0,Bajo,19.2,aprobado
1.3,83.6,18.0,1,12.0,Bajo,12.6,en_riesgo
13.9,52.4,5.2,1,23.0,Medio,8.8,reprobado
20.3,57.0,8.4,1,14.0,Bajo,11.2,en_riesgo
,73.7,8.2,0,0.0,MEDIO,11.2,en_riesgo
4.1,74.2,9.4,1,46.0,Alto,10.8,reprobado
5.2,90.1,19.1,0,0.0,Alto,14.6,aprobado
26.6,76.1,,1,31.0,Bajo,16.9,aprobado
24.5,46.7,9.7,1,9.0,Bajo,14.6,aprobado
15.2,74.7,18.7,0,0.0,Medio,18.9,aprobado
12.9,95.3,9.9,0,0.0,Alto,11.2,en_riesgo
5.4,67.3,17.2,0,0.0,Bajo,12.4,en_riesgo
15.5,93.5,,1,26.0,Alto,16.0,aprobado
17.8,93.8,14.1,0,0.0,Bajo,17.6,aprobado
15.8,54.9,12.8,0,0.0,Medio,12.5,en_riesgo
20.4,73.4,13.2,1,14.0,Medio,15.0,aprobado
24.2,67.3,7.9,0,0.0,Bajo,14.8,aprobado
19.3,93.5,7.8,0,0.0,Alto,16.6,aprobado
16.2,81.8,16.1,0,0.0,Alto,18.7,aprobado
23.1,75.5,12.1,1,15.0,Bajo,17.5,aprobado
20.8,77.3,10.5,0,0.0,Alto,15.9,aprobado
,72.1,7.0,0,0.0,Alto,10.2,reprobado
7.2,65.0,19.5,0,0.0,Medio,14.9,aprobado
11.7,60.6,15.4,0,0.0,Bajo,12.9,en_riesgo
1.2,65.9,10.0,0,0.0,Bajo,7.8,reprobado
20.4,57.1,16.4,0,0.0,Medio,15.7,aprobado
8.0,51.3,7.2,1,41.0,Bajo,6.4,reprobado
17.4,44.4,17.5,0,0.0,Bajo,16.9,aprobado
28.2,70.6,13.6,1,30.0,Alto,17.0,aprobado
19.6,52.7,17.0,0,0.0,Bajo,15.5,aprobado
25.1,44.4,5.3,0,0.0,Alto,14.7,aprobado
6.7,97.0,10.2,1,21.0,Medio,9.7,reprobado
24.5,53.0,12.5,0,0.0,Bajo,18.0,aprobado
28.5,89.1,12.3,0,0.0,Bajo,17.3,aprobado
28.0,64.0,,0,0.0,Medio,20.0,aprobado
18.5,73.2,6.6,1,45.0,Medio,9.9,reprobado
28.7,95.2,16.5,0,0.0,Alto,20.0,aprobado
5.0,93.2,15.5,0,0.0,bajo,14.7,aprobado
6.4,96.9,,0,0.0,Alto,17.3,aprobado
27.0,74.1,11.0,0,0.0,Alto,19.3,aprobado
8.3,66.2,11.5,1,39.0,Medio,11.2,en_riesgo
21.9,54.9,15.4,1,45.0,Medio,15.6,aprobado
22.2,58.0,7.4,0,0.0,Bajo,11.6,en_riesgo
20.0,84.4,18.6,0,0.0,Bajo,19.7,aprobado
13.5,68.6,19.0,0,0.0,Bajo,15.4,aprobado
2.5,72.0,14.2,1,42.0,Bajo,8.3,reprobado
5.5,45.9,10.0,0,0.0,Medio,7.6,reprobado
25.6,55.7,15.1,0,0.0,Alto,18.9,aprobado
20.1,40.5,5.8,1,24.0,Medio,11.4,en_riesgo
9.9,93.0,8.4,0,0.0,Bajo,11.4,en_riesgo
12.3,96.7,6.1,1,46.0,Alto,13.5,en_riesgo
21.4,47.8,,0,0.0,Medio,14.3,aprobado
14.3,91.4,12.1,1,18.0,Alto,16.1,aprobado
11.6,67.1,18.3,0,0.0,Medio,15.7,aprobado
10.5,42.6,6.6,0,0.0,Alto,12.2,en_riesgo
19.8,96.5,7.8,1,34.0,Bajo,12.1,en_riesgo
12.1,60.1,18.2,0,0.0,Bajo,13.4,en_riesgo
,87.6,16.4,1,45.0,Medio,19.2,aprobado
13.3,43.9,5.4,1,45.0,Alto,6.8,reprobado
7.9,65.9,5.4,0,0.0,Bajo,9.3,reprobado
15.0,44.6,18.0,0,0.0,MEDIO,13.3,en_riesgo
16.5,97.3,14.9,1,16.0,Medio,15.6,aprobado
18.2,43.1,13.3,1,21.0,Medio,13.6,en_riesgo
25.9,60.0,,1,40.0,Alto,19.0,aprobado
3.4,92.9,10.9,0,0.0,Alto,14.4,aprobado
8.1,61.6,,1,21.0,Medio,8.8,reprobado
,88.3,17.9,0,0.0,Medio,19.3,aprobado
27.2,89.9,5.7,0,0.0,Alto,15.5,aprobado
8.3,76.6,15.3,0,0.0,Medio,12.2,en_riesgo
12.9,69.9,18.5,0,0.0,Alto,16.3,aprobado
27.0,45.6,8.7,1,11.0,Medio,14.1,aprobado
17.0,44.8,,1,35.0,Bajo,8.3,reprobado
12.2,61.9,16.5,0,0.0,Bajo,15.3,aprobado
8.6,73.8,7.6,0,0.0,Alto,11.2,en_riesgo
15.1,85.6,14.7,0,0.0,Bajo,14.1,aprobado
28.5,49.5,6.4,0,0.0,Bajo,14.6,aprobado
21.2,41.5,5.4,0,0.0,Medio,11.1,en_riesgo
17.8,98.4,16.2,0,0.0,Medio,16.5,aprobado
8.8,95.4,,1,23.0,Alto,10.4,reprobado
8.8,72.1,14.5,0,0.0,Medio,14.2,aprobado
29.8,72.8,16.2,1,33.0,Bajo,20.0,aprobado
24.7,73.7,5.5,0,0.0,Alto,14.2,aprobado
19.3,97.9,16.7,0,0.0,Alto,20.0,aprobado
13.0,99.0,17.0,0,0.0,Medio,14.5,aprobado
24.1,67.7,9.5,1,40.0,Medio,12.0,en_riesgo
8.1,98.5,15.4,0,0.0,Bajo,15.2,aprobado
7.4,79.1,17.0,1,8.0,Medio,16.4,aprobado
10.6,63.2,11.6,1,20.0,Bajo,11.3,en_riesgo
3.6,63.5,9.2,1,18.0,BAJO,7.6,reprobado
27.5,80.1,17.8,1,0.0,Bajo,20.0,aprobado
11.6,65.5,8.0,1,33.0,Medio,9.2,reprobado
19.3,90.8,12.8,0,0.0,Bajo,14.3,aprobado
19.6,43.0,10.1,1,8.0,Medio,12.1,en_riesgo
29.8,91.4,,0,0.0,Alto,17.3,aprobado
21.8,50.2,5.0,1,11.0,Medio,10.2,reprobado
3.3,77.2,19.9,0,0.0,Bajo,14.0,aprobado
8.2,42.4,10.9,1,29.0,Bajo,8.6,reprobado
26.6,42.7,6.2,0,0.0,medio,13.1,en_riesgo
12.1,66.3,10.8,1,21.0,Bajo,11.1,en_riesgo
23.8,72.9,,1,10.0,Medio,14.9,aprobado
20.1,78.7,17.0,1,23.0,Bajo,17.4,aprobado
5.3,53.5,8.4,0,0.0,Bajo,8.3,reprobado
,83.2,14.0,0,0.0,Medio,16.8,aprobado
4.8,98.3,9.9,0,0.0,Medio,11.7,en_riesgo
8.8,77.0,8.3,0,0.0,Medio,11.5,en_riesgo
20.7,45.3,5.7,1,47.0,Medio,11.0,en_riesgo
8.5,53.0,16.8,1,25.0,Bajo,15.0,aprobado
14.6,88.8,11.3,1,10.0,Medio,15.9,aprobado
16.0,52.3,8.0,1,37.0,Medio,8.0,reprobado
12.4,88.5,8.4,0,0.0,Bajo,14.0,aprobado
15.5,41.0,5.1,1,21.0,Medio,7.8,reprobado
17.1,60.0,8.1,0,0.0,Bajo,10.4,reprobado
22.2,75.0,17.6,0,0.0,Bajo,17.7,aprobado
22.4,62.1,12.9,0,0.0,Alto,17.0,aprobado
16.6,75.3,17.0,1,29.0,Medio,14.7,aprobado
,48.4,11.3,0,0.0,Medio,13.3,en_riesgo
16.9,72.2,,0,0.0,Medio,17.7,aprobado
6.2,46.7,15.6,1,43.0,Medio,10.8,reprobado
25.5,67.0,9.2,0,0.0,Bajo,16.1,aprobado
,51.1,10.2,1,41.0,Medio,11.3,en_riesgo
23.1,81.3,18.6,1,45.0,Alto,20.0,aprobado
,49.3,5.7,0,0.0,Alto,5.5,reprobado
2.5,72.0,,1,27.0,Alto,9.2,reprobado
18.6,94.7,5.9,1,31.0,Medio,11.0,en_riesgo
7.2,68.7,13.3,0,0.0,Bajo,12.5,en_riesgo
18.8,58.2,11.6,0,0.0,Bajo,14.4,aprobado
13.5,56.4,15.3,0,0.0,Medio,13.5,en_riesgo
2.6,96.9,6.2,0,0.0,Bajo,9.7,reprobado
24.3,85.8,19.5,1,26.0,Bajo,19.2,aprobado
,59.4,10.1,0,0.0,Bajo,16.5,aprobado
,71.7,5.9,1,38.0,Medio,8.5,reprobado
29.0,83.5,19.8,0,0.0,Medio,20.0,aprobado
13.5,86.4,16.9,0,0.0,Bajo,17.2,aprobado
6.4,71.0,15.9,1,40.0,Bajo,10.1,reprobado
23.7,84.3,20.0,1,33.0,Medio,19.8,aprobado
,58.0,19.7,1,9.0,Medio,18.0,aprobado
21.3,83.7,15.8,0,0.0,Medio,17.6,aprobado
,86.5,16.3,0,0.0,Alto,20.0,aprobado
14.5,51.7,17.2,0,0.0,Medio,16.1,aprobado
17.3,50.9,12.4,1,19.0,Medio,12.8,en_riesgo
23.7,42.5,11.3,0,0.0,Medio,16.4,aprobado
13.7,81.9,6.1,1,38.0,Bajo,10.6,reprobado
,61.5,14.2,1,26.0,Bajo,14.6,aprobado
,92.9,11.4,1,41.0,Medio,9.2,reprobado
15.9,44.4,13.3,0,0.0,Medio,14.9,aprobado
5.4,83.2,7.1,1,0.0,Alto,10.9,reprobado
,67.8,15.8,1,43.0,Medio,13.9,en_riesgo
7.4,88.5,12.0,1,22.0,Alto,11.9,en_riesgo
11.7,71.0,18.9,1,22.0,Medio,16.0,aprobado
9.1,82.9,18.1,1,23.0,MEDIO,15.5,aprobado
10.7,99.4,11.7,1,9.0,Medio,12.9,en_riesgo
21.3,90.3,15.3,0,0.0,Bajo,15.8,aprobado
23.4,83.9,7.0,0,0.0,Medio,14.6,aprobado
18.5,90.8,12.4,0,0.0,Medio,16.4,aprobado
,51.0,15.5,0,0.0,Alto,16.6,aprobado
7.9,80.9,18.4,0,0.0,Medio,16.0,aprobado
13.3,74.8,6.0,0,0.0,Medio,11.0,en_riesgo
10.0,88.7,13.9,1,44.0,Alto,14.8,aprobado
16.6,96.8,11.2,0,0.0,alto,17.5,aprobado
16.9,66.8,7.8,0,0.0,Medio,14.0,aprobado
9.1,63.2,8.7,1,29.0,Medio,8.6,reprobado
8.2,64.2,9.9,1,40.0,Medio,9.4,reprobado
6.8,79.4,18.2,0,0.0,Medio,14.3,aprobado
28.1,92.9,6.2,0,0.0,Medio,13.6,en_riesgo
,56.4,19.0,1,20.0,Bajo,12.9,en_riesgo
5.2,79.7,16.3,1,32.0,Medio,12.0,en_riesgo
15.1,65.6,14.4,0,0.0,Medio,15.2,aprobado
,88.7,10.2,1,31.0,Medio,9.2,reprobado
20.0,53.7,18.1,0,0.0,Alto,20.0,aprobado
5.3,46.5,17.9,0,0.0,Medio,10.3,reprobado
27.1,47.8,,0,0.0,Bajo,12.3,en_riesgo
7.1,58.3,20.0,1,37.0,Bajo,11.1,en_riesgo
15.6,75.7,9.9,0,0.0,Alto,13.4,en_riesgo
18.9,94.5,17.1,0,0.0,Medio,18.8,aprobado
5.2,83.2,17.5,1,10.0,Alto,15.1,aprobado
17.8,95.5,7.4,0,0.0,Bajo,14.3,aprobado
15.2,68.1,6.8,0,0.0,Alto,12.4,en_riesgo
3.8,90.5,16.9,0,0.0,Medio,13.6,en_riesgo
17.9,41.7,8.1,0,0.0,Medio,11.4,en_riesgo
,94.6,,0,0.0,Medio,12.3,en_riesgo
13.1,72.7,7.0,0,0.0,Bajo,12.1,en_riesgo
20.2,50.7,5.4,1,24.0,Medio,10.0,reprobado
14.6,63.0,6.1,0,0.0,Alto,11.4,en_riesgo
,93.8,5.3,1,22.0,Alto,9.8,reprobado
3.8,51.4,13.5,1,28.0,Bajo,7.1,reprobado
22.2,42.6,,0,0.0,Medio,18.1,aprobado
9.1,58.4,12.9,0,0.0,Medio,12.1,en_riesgo
19.4,42.1,17.4,1,43.0,Medio,15.7,aprobado
8.1,45.8,13.0,1,12.0,Bajo,9.3,reprobado
9.2,78.0,8.3,0,0.0,Medio,11.7,en_riesgo
29.0,75.5,7.9,1,8.0,Medio,17.3,aprobado
28.1,87.6,8.2,0,0.0,Bajo,17.9,aprobado
1.9,97.4,20.0,0,0.0,Alto,14.3,aprobado
12.6,74.6,16.1,1,28.0,Medio,12.6,en_riesgo
25.6,49.1,14.8,1,34.0,Bajo,14.5,aprobado
18.6,72.0,11.1,0,0.0,Bajo,15.8,aprobado
25.7,86.2,12.0,0,0.0,Bajo,18.3,aprobado
,95.7,8.9,1,47.0,Bajo,8.9,reprobado
1.3,86.6,14.0,0,0.0,Medio,13.5,en_riesgo
25.3,80.2,12.1,1,19.0,Alto,17.6,aprobado
21.5,43.7,11.0,0,0.0,MEDIO,13.8,en_riesgo
23.8,49.2,11.5,0,0.0,Medio,15.0,aprobado
9.5,82.6,13.8,1,32.0,Alto,12.9,en_riesgo
1.7,43.7,18.9,0,0.0,Bajo,10.9,reprobado
21.1,53.6,15.3,0,0.0,Alto,17.4,aprobado
14.8,89.0,5.9,1,17.0,Medio,12.7,en_riesgo
23.5,60.9,16.5,1,26.0,Medio,17.3,aprobado
4.9,86.6,9.7,0,0.0,Alto,11.9,en_riesgo
23.7,80.7,17.7,1,44.0,Medio,18.0,aprobado
4.7,45.9,10.0,0,0.0,Bajo,9.8,reprobado
,67.6,11.9,0,0.0,Bajo,16.0,aprobado
17.0,96.6,6.8,1,14.0,MEDIO,12.4,en_riesgo
16.0,45.4,10.9,1,18.0,Medio,12.2,en_riesgo
22.7,56.1,18.8,0,0.0,Bajo,16.6,aprobado
14.8,81.9,13.1,1,12.0,Alto,16.0,aprobado
14.5,47.9,17.6,1,37.0,BAJO,15.8,aprobado
11.3,61.3,6.4,0,0.0,Medio,9.3,reprobado
9.5,54.5,10.0,1,12.0,Medio,9.2,reprobado
9.7,59.4,19.2,0,0.0,Bajo,13.7,en_riesgo
9.4,69.2,10.5,0,0.0,Medio,10.3,reprobado
26.9,50.2,10.3,1,22.0,Medio,13.9,en_riesgo
26.4,88.4,,1,31.0,Alto,17.0,aprobado
28.5,88.3,18.5,1,10.0,Bajo,20.0,aprobado
16.2,85.5,,1,17.0,Bajo,12.2,en_riesgo
15.0,60.3,,1,19.0,Medio,16.8,aprobado
12.2,82.9,15.0,1,24.0,medio,12.5,en_riesgo
24.4,74.6,15.2,0,0.0,Bajo,18.0,aprobado
24.6,90.6,12.5,0,0.0,Alto,19.4,aprobado
7.2,54.2,15.3,0,0.0,Medio,12.4,en_riesgo
8.5,68.8,15.3,0,0.0,Alto,14.8,aprobado
15.4,63.1,12.6,0,0.0,Bajo,15.6,aprobado
3.9,40.8,14.8,0,0.0,Medio,10.1,reprobado
15.8,72.1,17.1,1,14.0,Medio,16.9,aprobado
19.0,76.1,13.0,0,0.0,Medio,16.3,aprobado
5.0,92.5,5.1,1,30.0,Bajo,3.8,reprobado
14.8,99.0,19.5,1,34.0,Alto,18.5,aprobado
29.9,94.6,14.1,1,45.0,Alto,18.3,aprobado
16.8,55.7,,0,0.0,Alto,13.2,en_riesgo
22.4,55.5,14.7,0,0.0,Bajo,16.3,aprobado
16.2,42.2,13.9,0,0.0,Medio,15.4,aprobado
18.9,81.6,5.6,1,29.0,Bajo,11.3,en_riesgo
,79.3,16.4,0,0.0,Bajo,13.4,en_riesgo
20.2,59.0,9.1,1,12.0,Medio,13.2,en_riesgo
,69.8,19.7,1,22.0,Bajo,12.7,en_riesgo
5.6,41.7,18.4,0,0.0,bajo,11.3,en_riesgo
28.3,84.3,12.2,0,0.0,Bajo,17.6,aprobado
5.4,76.1,16.3,1,34.0,Bajo,12.6,en_riesgo
26.1,50.5,14.7,1,39.0,bajo,15.1,aprobado
27.0,67.9,17.2,0,0.0,Medio,17.1,aprobado
16.6,46.0,11.2,1,47.0,Bajo,9.5,reprobado
23.2,90.0,11.4,1,10.0,Alto,19.1,aprobado
27.1,54.5,7.4,1,13.0,Bajo,14.5,aprobado
21.8,42.0,19.0,1,36.0,Bajo,14.9,aprobado
7.9,80.4,5.7,0,0.0,Medio,9.9,reprobado
23.7,87.5,7.0,1,13.0,Bajo,13.8,en_riesgo
1.8,57.3,16.9,1,30.0,Medio,10.3,reprobado
8.7,46.2,6.5,0,0.0,Medio,9.1,reprobado
6.8,46.6,13.9,0,0.0,Medio,10.4,reprobado
22.8,87.6,13.9,1,17.0,Medio,16.3,aprobado
25.3,64.9,15.3,0,0.0,Bajo,16.4,aprobado
5.4,79.8,8.5,0,0.0,Medio,11.0,en_riesgo
,90.5,5.0,0,0.0,Alto,10.5,reprobado
7.6,88.0,6.0,0,0.0,Medio,9.6,reprobado
2.1,73.5,12.7,1,39.0,alto,12.9,en_riesgo
15.4,68.5,,1,33.0,Bajo,11.6,en_riesgo
2.6,95.8,5.5,0,0.0,Bajo,8.7,reprobado
15.7,65.8,18.9,1,12.0,Alto,16.7,aprobado
12.3,68.7,13.7,0,0.0,Medio,14.3,aprobado
10.4,42.0,15.4,1,10.0,Medio,11.0,en_riesgo
17.5,40.0,11.7,0,0.0,Medio,15.1,aprobado
15.5,89.1,15.9,1,24.0,Alto,15.7,aprobado
17.8,88.3,12.6,0,0.0,Medio,14.7,aprobado
9.6,96.9,17.8,1,13.0,Bajo,16.6,aprobado
23.2,63.4,,0,0.0,Bajo,18.7,aprobado
11.0,81.6,19.9,0,0.0,Bajo,16.2,aprobado
6.9,92.9,17.9,0,0.0,Alto,14.8,aprobado
14.0,46.0,18.2,1,8.0,Bajo,14.6,aprobado
28.4,71.3,10.8,1,11.0,Medio,17.6,aprobado
11.8,85.7,,0,0.0,Bajo,10.8,reprobado
18.8,67.5,14.6,0,0.0,Medio,12.9,en_riesgo
10.3,75.0,12.7,0,0.0,Bajo,12.9,en_riesgo
4.9,74.9,9.8,0,0.0,Bajo,9.9,reprobado
8.7,50.4,9.3,1,29.0,Bajo,9.5,reprobado
2.1,56.8,,1,41.0,Bajo,8.3,reprobado
28.8,57.6,18.7,1,34.0,Bajo,16.1,aprobado
,85.4,15.4,1,31.0,Medio,17.4,aprobado
1.5,92.3,13.7,0,0.0,Bajo,11.2,en_riesgo
18.8,47.7,15.7,0,0.0,Bajo,15.6,aprobado
8.7,61.7,15.9,1,24.0,Medio,10.7,reprobado
21.7,40.1,5.4,1,26.0,Bajo,9.5,reprobado
25.2,62.8,18.4,1,38.0,Bajo,17.1,aprobado
4.1,81.0,16.9,1,13.0,Alto,13.9,en_riesgo
17.9,71.6,5.3,0,0.0,medio,13.8,en_riesgo
9.8,50.1,6.8,1,28.0,Bajo,6.5,reprobado
14.2,61.0,15.0,1,27.0,Medio,13.0,en_riesgo
20.6,52.4,18.9,0,0.0,Alto,20.0,aprobado
7.4,61.7,,0,0.0,Medio,12.9,en_riesgo
27.3,92.2,19.8,1,35.0,Medio,20.0,aprobado
2.8,98.3,9.8,0,0.0,Alto,15.0,aprobado
6.6,66.0,,1,31.0,Alto,11.2,en_riesgo
23.2,62.2,13.8,1,32.0,Bajo,14.9,aprobado
22.9,78.4,7.8,1,10.0,Bajo,15.6,aprobado
5.3,80.5,7.9,1,14.0,Alto,11.0,en_riesgo
14.7,73.4,,1,13.0,Medio,13.8,en_riesgo
20.1,78.5,7.2,1,40.0,Bajo,9.5,reprobado
26.3,81.5,12.2,1,42.0,Medio,15.4,aprobado
7.2,55.5,13.9,0,0.0,Medio,11.5,en_riesgo
8.5,83.1,17.6,0,0.0,Medio,17.0,aprobado
4.2,94.0,8.7,0,0.0,Bajo,10.0,reprobado
6.6,70.0,17.6,0,0.0,Alto,14.8,aprobado
16.7,65.4,,0,0.0,Alto,17.0,aprobado
10.4,61.7,13.7,0,0.0,Medio,12.6,en_riesgo
27.0,94.4,16.8,0,0.0,medio,20.0,aprobado
17.9,87.8,5.0,1,22.0,Alto,13.1,en_riesgo
13.9,59.0,19.8,0,0.0,Alto,17.7,aprobado
24.4,80.5,15.8,0,0.0,BAJO,19.1,aprobado
19.5,65.5,17.1,1,27.0,Bajo,15.2,aprobado
8.4,68.0,19.1,1,24.0,Alto,14.4,aprobado
2.6,49.8,11.6,0,0.0,Bajo,7.4,reprobado
29.5,52.2,14.1,1,36.0,Medio,17.2,aprobado
,62.9,11.3,1,34.0,Alto,17.0,aprobado
5.8,91.1,7.5,0,0.0,Medio,10.5,reprobado
27.3,70.9,,1,46.0,Alto,19.5,aprobado
12.1,80.2,17.0,1,42.0,Medio,15.6,aprobado
21.2,53.1,12.8,1,37.0,Medio,15.5,aprobado
10.7,88.0,19.4,1,26.0,Bajo,14.4,aprobado
,44.7,14.9,0,0.0,Medio,17.1,aprobado
9.8,81.1,5.4,0,0.0,Medio,9.0,reprobado
5.1,59.3,19.9,1,43.0,Medio,11.8,en_riesgo
17.3,56.0,,0,0.0,Medio,13.1,en_riesgo
26.6,68.9,16.2,1,39.0,Bajo,17.6,aprobado
1.3,83.2,9.0,0,0.0,Medio,8.4,reprobado
22.6,44.5,5.4,0,0.0,Bajo,11.0,en_riesgo
8.3,98.7,16.7,1,43.0,Bajo,12.4,en_riesgo
17.6,50.1,,0,0.0,Bajo,13.8,en_riesgo
13.4,69.7,6.6,0,0.0,Medio,11.4,en_riesgo
4.7,64.0,14.7,1,37.0,Bajo,11.1,en_riesgo
23.3,89.6,10.4,0,0.0,Bajo,14.9,aprobado
15.2,52.8,10.4,1,39.0,Bajo,8.8,reprobado
22.1,99.9,14.7,0,0.0,Bajo,19.2,aprobado
10.4,99.9,12.0,1,21.0,Alto,12.7,en_riesgo
26.4,67.5,5.1,0,0.0,Bajo,13.5,en_riesgo
3.9,51.1,5.7,1,39.0,Medio,5.9,reprobado
18.3,96.6,17.4,0,0.0,Alto,19.9,aprobado
19.9,66.5,11.0,0,0.0,Bajo,15.2,aprobado
8.1,84.5,15.9,1,21.0,Alto,15.6,aprobado
27.8,55.3,11.8,0,0.0,Medio,14.8,aprobado
13.0,43.1,18.6,1,23.0,Medio,14.0,aprobado
6.9,94.4,19.9,1,12.0,Alto,16.2,aprobado
4.3,40.2,13.0,0,0.0,Alto,9.8,reprobado
9.0,77.1,12.9,1,39.0,Alto,10.6,reprobado
12.6,95.1,5.6,1,9.0,Bajo,9.2,reprobado
14.5,56.3,8.4,1,44.0,Medio,9.3,reprobado
13.7,95.9,7.3,0,0.0,Medio,13.5,en_riesgo
6.1,71.5,16.5,1,20.0,Bajo,12.7,en_riesgo
17.0,76.1,,1,22.0,Bajo,16.0,aprobado
7.5,55.1,18.7,1,24.0,Medio,12.2,en_riesgo
21.8,70.8,16.1,1,10.0,Medio,17.7,aprobado
2.1,95.2,17.2,1,20.0,Alto,13.3,en_riesgo
6.0,51.7,15.5,0,0.0,Alto,12.8,en_riesgo
22.3,59.9,5.4,1,21.0,Medio,13.5,en_riesgo
,85.1,6.2,1,34.0,Alto,10.8,reprobado
5.5,64.2,15.8,0,0.0,Medio,11.2,en_riesgo
8.8,64.4,13.8,0,0.0,Bajo,10.6,reprobado
10.8,77.0,11.7,0,0.0,Alto,15.5,aprobado
,96.5,13.1,0,0.0,Bajo,18.3,aprobado
25.5,96.6,18.8,0,0.0,Medio,19.4,aprobado
11.5,94.7,8.8,0,0.0,Alto,15.4,aprobado
8.6,96.3,10.7,1,40.0,Medio,12.1,en_riesgo
21.2,59.8,9.7,1,36.0,ALTO,13.1,en_riesgo
26.8,85.0,5.7,1,11.0,Alto,14.9,aprobado
7.5,44.8,18.0,0,0.0,Medio,11.7,en_riesgo
24.8,42.0,6.0,1,25.0,Bajo,9.3,reprobado
18.6,50.6,15.2,1,27.0,Medio,15.0,aprobado
24.1,43.3,10.4,1,14.0,Bajo,11.9,en_riesgo
21.9,49.2,9.7,1,27.0,Medio,11.8,en_riesgo
,91.7,7.2,0,0.0,Medio,9.9,reprobado
23.8,67.1,19.1,0,0.0,Bajo,20.0,aprobado
28.4,66.4,14.8,0,0.0,Alto,19.4,aprobado
2.4,45.1,9.6,1,18.0,Medio,5.2,reprobado
6.4,42.7,9.2,1,18.0,Medio,7.4,reprobado
10.1,58.3,16.4,0,0.0,Bajo,14.1,aprobado
7.0,40.8,17.5,0,0.0,Medio,13.9,en_riesgo
28.4,71.8,15.9,1,25.0,Bajo,18.7,aprobado
26.2,54.3,7.2,0,0.0,Medio,14.7,aprobado
25.4,70.2,19.3,0,0.0,Alto,20.0,aprobado
19.1,46.6,13.1,0,0.0,Medio,15.2,aprobado
18.1,62.8,16.4,1,45.0,Medio,15.1,aprobado
26.1,58.9,10.6,1,18.0,Medio,16.1,aprobado
15.2,52.0,18.4,0,0.0,Medio,15.4,aprobado
21.7,90.5,10.8,1,47.0,Medio,13.2,en_riesgo
2.8,48.6,16.8,0,0.0,Medio,12.4,en_riesgo
,56.2,7.7,0,0.0,Bajo,11.2,en_riesgo
18.6,53.6,9.5,0,0.0,Alto,15.1,aprobado
20.8,80.7,7.7,1,42.0,Bajo,10.6,reprobado
25.5,42.0,7.7,1,22.0,Alto,13.3,en_riesgo
10.1,90.9,16.7,1,33.0,Alto,14.5,aprobado
,53.6,10.9,0,0.0,Alto,16.2,aprobado
23.2,98.1,8.4,0,0.0,Medio,16.1,aprobado
5.4,51.0,19.0,0,0.0,Medio,11.9,en_riesgo
,65.3,6.2,0,0.0,ALTO,10.6,reprobado
1.5,49.3,9.7,1,37.0,Bajo,5.3,reprobado
17.9,54.1,8.6,1,17.0,Bajo,11.4,en_riesgo
,73.3,19.1,0,0.0,Bajo,16.7,aprobado
9.0,63.1,13.1,1,40.0,Alto,13.2,en_riesgo
13.4,40.4,,1,37.0,Medio,14.2,aprobado
21.4,73.0,19.8,0,0.0,Alto,19.2,aprobado
9.8,99.4,11.5,1,10.0,Alto,13.4,en_riesgo
11.7,61.8,15.5,0,0.0,Medio,14.3,aprobado
8.1,94.6,5.3,1,46.0,Medio,8.8,reprobado
4.5,57.7,9.6,0,0.0,Medio,8.7,reprobado
,70.4,13.1,1,23.0,Bajo,15.3,aprobado
8.4,92.0,5.5,1,27.0,Bajo,8.7,reprobado
10.5,88.1,,0,0.0,Medio,15.0,aprobado
29.2,40.7,11.3,0,0.0,Medio,18.9,aprobado
5.4,68.0,19.1,1,33.0,Bajo,12.6,en_riesgo
1.6,47.5,14.0,0,0.0,Alto,11.1,en_riesgo
13.2,63.2,6.3,1,32.0,Alto,11.7,en_riesgo
1.5,61.0,10.9,0,0.0,Bajo,9.2,reprobado
,85.3,11.5,1,39.0,Alto,15.9,aprobado
21.6,57.7,16.1,0,0.0,Medio,18.2,aprobado
23.7,80.6,7.1,1,25.0,Medio,12.8,en_riesgo
15.0,93.6,13.4,1,24.0,Medio,15.7,aprobado
29.9,68.0,6.9,0,0.0,Medio,15.9,aprobado
22.9,95.9,6.9,1,18.0,Alto,14.3,aprobado
12.9,66.1,19.0,0,0.0,Bajo,13.6,en_riesgo
28.8,47.5,17.7,0,0.0,Medio,17.8,aprobado
12.7,45.6,15.4,0,0.0,Medio,13.1,en_riesgo
22.7,71.5,9.4,0,0.0,Medio,13.4,en_riesgo
12.0,64.5,19.6,1,38.0,Medio,15.5,aprobado
2.0,87.8,18.0,0,0.0,Alto,13.9,en_riesgo
14.6,66.9,18.9,1,44.0,Bajo,16.5,aprobado
17.2,43.1,13.9,0,0.0,Bajo,13.4,en_riesgo
11.0,65.8,18.4,0,0.0,alto,17.7,aprobado
15.4,91.9,13.1,0,0.0,Medio,15.7,aprobado
22.2,98.3,6.6,0,0.0,Alto,16.1,aprobado
6.2,86.0,8.0,1,35.0,Medio,8.9,reprobado
,74.8,,0,0.0,Bajo,15.8,aprobado
2.1,95.0,13.3,1,27.0,Medio,10.9,reprobado
13.5,63.3,6.9,1,31.0,Alto,10.7,reprobado
,80.2,18.6,1,23.0,Alto,17.9,aprobado
20.0,67.1,10.1,0,0.0,Medio,14.2,aprobado
2.3,72.1,7.2,0,0.0,Medio,8.0,reprobado
29.2,56.9,16.1,0,0.0,Bajo,20.0,aprobado
7.7,84.3,14.5,0,0.0,Alto,14.2,aprobado
4.4,41.8,16.2,1,39.0,Bajo,8.3,reprobado
1.7,80.5,9.5,1,36.0,Medio,9.5,reprobado
4.5,99.8,17.9,1,33.0,Medio,14.4,aprobado
14.6,53.9,5.7,0,0.0,Medio,9.2,reprobado
,93.4,13.8,0,0.0,Bajo,14.3,aprobado
4.7,76.4,17.4,1,0.0,Medio,12.5,en_riesgo
9.1,94.9,12.6,1,20.0,Medio,12.2,en_riesgo
27.3,64.0,19.0,1,8.0,Medio,17.5,aprobado
4.4,71.0,13.3,1,27.0,Medio,10.7,reprobado
21.9,91.1,15.1,1,35.0,Alto,17.0,aprobado
5.1,92.4,19.6,0,0.0,Medio,13.9,en_riesgo
6.5,66.6,11.0,0,0.0,Bajo,10.3,reprobado
14.8,96.7,,0,0.0,Alto,18.3,aprobado
4.9,98.2,13.9,0,0.0,Bajo,10.8,reprobado
,52.3,13.1,1,47.0,Medio,11.3,en_riesgo
16.9,42.5,16.3,0,0.0,Medio,16.8,aprobado
11.3,91.6,16.0,1,27.0,Bajo,14.1,aprobado
5.9,64.9,7.0,0,0.0,Medio,8.4,reprobado
3.4,68.7,12.3,1,24.0,Medio,9.8,reprobado
7.8,52.1,14.5,0,0.0,Alto,13.1,en_riesgo
24.7,80.3,7.3,1,39.0,Bajo,11.5,en_riesgo
19.1,57.8,7.0,0,0.0,Alto,12.7,en_riesgo
21.8,85.7,10.9,1,12.0,Medio,14.1,aprobado
19.9,64.4,18.8,0,0.0,Bajo,18.7,aprobado
6.0,99.4,,0,0.0,Medio,14.3,aprobado
7.8,76.4,7.9,1,11.0,Bajo,10.8,reprobado
1.7,73.7,12.5,0,0.0,Medio,10.0,reprobado
24.1,43.5,20.0,1,14.0,Medio,17.5,aprobado
27.5,66.9,,1,37.0,MEDIO,14.7,aprobado
19.4,40.4,10.1,0,0.0,Bajo,12.1,en_riesgo
26.2,50.2,16.9,1,47.0,Alto,16.9,aprobado
1.4,95.4,10.5,0,0.0,Alto,11.6,en_riesgo
10.8,74.8,,1,28.0,Bajo,9.7,reprobado
,84.8,5.8,0,0.0,Bajo,14.1,aprobado
7.3,71.7,18.7,0,0.0,Medio,14.0,aprobado
20.8,67.8,12.7,1,19.0,Bajo,15.4,aprobado
1.4,93.8,5.4,1,14.0,alto,9.0,reprobado
19.1,89.2,17.0,1,41.0,Bajo,16.0,aprobado
25.8,90.8,5.9,1,28.0,Alto,14.4,aprobado
10.3,85.3,18.6,0,0.0,Medio,14.4,aprobado
20.4,60.4,13.2,0,0.0,Medio,17.0,aprobado
9.8,68.7,19.2,1,17.0,Medio,15.0,aprobado
13.8,46.4,17.2,1,30.0,Bajo,12.7,en_riesgo
10.2,49.3,12.9,0,0.0,Alto,11.7,en_riesgo
21.8,68.7,12.7,0,0.0,Alto,16.3,aprobado
19.1,91.5,,1,44.0,Alto,17.2,aprobado
9.7,51.9,5.5,1,36.0,Medio,8.6,reprobado
15.3,89.0,,0,0.0,Bajo,15.5,aprobado
,62.6,9.3,0,0.0,Medio,9.1,reprobado
23.9,45.4,7.6,1,25.0,Bajo,12.8,en_riesgo
24.3,80.5,11.6,0,0.0,Bajo,18.3,aprobado
28.3,55.6,,0,0.0,Medio,16.7,aprobado
17.2,93.6,8.3,1,44.0,Alto,14.9,aprobado
26.0,42.8,18.1,0,0.0,Bajo,18.1,aprobado
20.3,82.5,5.2,1,16.0,MEDIO,12.5,en_riesgo
18.7,60.4,,0,0.0,Medio,15.9,aprobado
24.5,68.4,5.5,0,0.0,Bajo,13.5,en_riesgo
10.2,81.2,20.0,1,12.0,Medio,17.3,aprobado
1.4,91.5,,0,0.0,Bajo,15.0,aprobado
1.2,82.8,5.5,0,0.0,Medio,7.8,reprobado
19.6,69.6,18.5,0,0.0,Alto,19.6,aprobado
,71.6,10.3,0,0.0,Medio,17.9,aprobado
3.3,88.3,9.2,0,0.0,Medio,10.9,reprobado
8.8,83.9,9.4,0,0.0,Alto,13.5,en_riesgo
,89.3,8.8,1,16.0,Medio,17.7,aprobado
17.0,58.1,16.8,0,0.0,Bajo,17.6,aprobado
19.4,50.0,10.3,1,38.0,Medio,11.3,en_riesgo
10.3,83.3,17.8,0,0.0,Medio,19.2,aprobado
20.9,60.9,17.6,1,21.0,Alto,18.4,aprobado
17.9,83.5,6.0,0,0.0,Medio,12.5,en_riesgo
26.0,72.9,18.0,0,0.0,Medio,19.6,aprobado
3.7,49.7,16.5,1,14.0,Medio,12.0,en_riesgo
21.1,97.5,16.4,0,0.0,Medio,19.8,aprobado
,95.2,7.4,1,39.0,Medio,9.3,reprobado
,59.0,5.4,1,16.0,Alto,6.1,reprobado
11.0,83.7,14.6,0,0.0,Medio,17.4,aprobado
1.6,97.0,18.6,1,23.0,Medio,11.9,en_riesgo
1.2,90.3,5.3,1,16.0,Medio,7.2,reprobado
22.8,72.1,,0,0.0,Medio,18.3,aprobado
1.5,70.6,19.1,0,0.0,Bajo,13.4,en_riesgo
11.5,64.5,6.1,1,10.0,Medio,9.6,reprobado
3.3,58.9,14.0,0,0.0,Bajo,10.9,reprobado
6.8,90.4,14.3,1,46.0,Medio,11.2,en_riesgo
15.6,61.6,18.2,1,26.0,Bajo,17.7,aprobado
,92.1,10.9,1,12.0,Medio,18.0,aprobado
3.5,93.1,12.2,0,0.0,Medio,11.2,en_riesgo
9.7,81.0,6.9,0,0.0,Medio,11.0,en_riesgo
15.4,53.6,18.5,0,0.0,Medio,17.3,aprobado
5.9,85.3,8.6,0,0.0,Medio,8.7,reprobado
20.0,77.7,11.3,1,46.0,Medio,13.0,en_riesgo
8.4,96.3,17.5,1,33.0,Bajo,13.8,en_riesgo
,48.2,5.9,1,22.0,Bajo,4.2,reprobado
29.5,90.0,9.9,1,39.0,Medio,16.7,aprobado
1.3,64.8,18.7,1,47.0,Bajo,12.0,en_riesgo
,99.9,10.9,0,0.0,Bajo,15.4,aprobado
18.1,79.3,,0,0.0,Alto,14.3,aprobado
21.8,54.7,5.8,0,0.0,Bajo,10.2,reprobado
17.4,98.3,13.9,1,39.0,Bajo,14.7,aprobado
3.3,80.1,7.4,0,0.0,Alto,8.7,reprobado
6.9,81.7,11.2,0,0.0,Medio,11.7,en_riesgo
8.1,88.8,5.9,0,0.0,Alto,12.9,en_riesgo
2.7,55.8,12.9,0,0.0,Alto,11.5,en_riesgo
1.4,91.5,5.2,1,27.0,Alto,9.0,reprobado
,86.8,17.9,0,0.0,Alto,20.0,aprobado
17.0,68.4,16.3,1,24.0,MEDIO,15.4,aprobado
,79.0,19.9,0,0.0,Medio,15.8,aprobado
24.7,83.3,16.7,1,44.0,Medio,18.1,aprobado
28.2,75.5,19.9,0,0.0,Medio,20.0,aprobado
7.0,67.0,16.1,1,42.0,Bajo,10.5,reprobado
,88.3,19.7,1,16.0,Medio,17.8,aprobado
26.2,66.2,5.8,1,36.0,Medio,15.1,aprobado
11.8,64.4,14.2,0,0.0,Alto,14.6,aprobado
21.7,53.1,8.9,1,27.0,Medio,12.4,en_riesgo
14.1,84.5,13.6,1,43.0,Medio,14.8,aprobado
4.6,92.1,10.7,0,0.0,Alto,12.3,en_riesgo
22.4,58.6,5.6,1,44.0,Alto,10.8,reprobado
7.1,40.7,5.5,0,0.0,Bajo,8.3,reprobado
19.6,83.7,14.5,0,0.0,Medio,19.0,aprobado
26.1,74.6,17.8,1,44.0,Medio,19.3,aprobado
9.3,62.4,8.0,1,41.0,Medio,8.2,reprobado
3.6,89.1,,0,0.0,Medio,13.6,en_riesgo
24.9,46.8,8.2,1,46.0,Alto,13.6,en_riesgo
25.4,54.1,8.8,1,44.0,Medio,13.8,en_riesgo
26.1,49.0,6.2,1,47.0,Medio,11.2,en_riesgo
25.5,44.5,15.9,0,0.0,Medio,17.6,aprobado
15.3,51.7,13.7,0,0.0,ALTO,15.5,aprobado
1.4,64.4,12.7,1,10.0,Alto,10.6,reprobado
15.6,49.3,6.1,0,0.0,Alto,11.5,en_riesgo
7.2,93.4,,1,37.0,Medio,11.5,en_riesgo
4.1,78.4,18.7,1,23.0,Bajo,13.3,en_riesgo
,82.7,17.2,1,18.0,Bajo,18.7,aprobado
19.9,79.2,5.7,0,0.0,Bajo,11.7,en_riesgo
4.5,79.4,9.2,0,0.0,Bajo,9.5,reprobado
13.0,81.1,12.8,1,34.0,medio,11.6,en_riesgo
15.4,74.7,18.1,1,0.0,Medio,15.2,aprobado
27.5,40.2,5.3,1,38.0,Bajo,11.5,en_riesgo
9.5,74.8,5.5,1,11.0,Alto,12.0,en_riesgo
28.8,45.5,13.4,1,13.0,Bajo,17.5,aprobado
2.2,57.6,12.3,1,47.0,Alto,9.8,reprobado
7.7,48.0,6.7,1,28.0,Alto,7.0,reprobado
21.1,84.3,7.1,1,23.0,Medio,13.4,en_riesgo
25.5,46.7,8.4,0,0.0,Medio,14.4,aprobado
15.8,96.4,15.1,1,36.0,Bajo,14.6,aprobado
14.9,69.8,,0,0.0,Medio,15.4,aprobado
,77.5,6.9,1,36.0,Bajo,8.8,reprobado
14.1,71.5,5.6,0,0.0,Bajo,11.3,en_riesgo
16.4,63.1,14.2,0,0.0,Bajo,13.7,en_riesgo
1.1,88.7,12.0,0,0.0,Medio,11.5,en_riesgo
22.4,44.0,18.9,0,0.0,Alto,15.5,aprobado
13.8,46.9,16.0,1,17.0,Alto,14.4,aprobado
2.4,86.7,6.9,0,0.0,Alto,9.5,reprobado
29.2,72.8,16.6,0,0.0,Bajo,20.0,aprobado
5.2,81.8,13.7,1,24.0,Alto,12.0,en_riesgo
14.9,57.0,5.4,1,32.0,Alto,11.5,en_riesgo
19.9,65.0,7.7,0,0.0,Bajo,13.1,en_riesgo
6.4,53.5,14.4,0,0.0,Medio,11.2,en_riesgo
25.4,93.6,16.2,1,38.0,Bajo,17.3,aprobado
5.4,82.4,19.8,1,9.0,Medio,15.0,aprobado
4.5,96.0,17.0,0,0.0,Alto,16.1,aprobado
15.1,98.0,15.4,0,0.0,Bajo,16.2,aprobado
20.2,72.9,12.2,0,0.0,Alto,15.6,aprobado
26.2,56.1,6.1,1,20.0,Bajo,13.3,en_riesgo
21.8,55.0,12.1,0,0.0,Bajo,15.5,aprobado
16.8,51.8,12.3,0,0.0,Bajo,11.6,en_riesgo
25.1,54.9,12.8,1,34.0,Bajo,15.7,aprobado
5.5,66.4,18.3,0,0.0,Bajo,13.9,en_riesgo
2.9,66.0,19.8,1,16.0,ALTO,16.1,aprobado
25.9,88.8,12.8,0,0.0,Alto,20.0,aprobado
17.0,81.9,14.0,1,37.0,MEDIO,13.9,en_riesgo
10.2,98.7,5.2,0,0.0,Alto,13.2,en_riesgo
7.7,97.2,14.2,0,0.0,Alto,13.0,en_riesgo
6.6,59.8,12.6,1,9.0,Medio,12.7,en_riesgo
13.5,75.9,17.3,1,16.0,Bajo,13.8,en_riesgo
7.2,94.0,11.4,0,0.0,Medio,10.8,reprobado
5.4,59.3,14.5,0,0.0,Medio,12.4,en_riesgo
12.0,64.1,12.3,1,27.0,Medio,10.9,reprobado
23.8,56.9,15.1,0,0.0,Medio,20.0,aprobado
28.2,69.0,7.6,0,0.0,Alto,16.7,aprobado
11.1,53.0,16.5,0,0.0,Bajo,13.0,en_riesgo
27.7,43.6,17.7,0,0.0,Bajo,19.6,aprobado
1.6,48.8,15.3,0,0.0,Alto,12.2,en_riesgo
21.7,57.7,16.5,0,0.0,Bajo,18.9,aprobado
,90.0,,0,0.0,Medio,20.0,aprobado
7.5,42.7,14.9,0,0.0,Bajo,11.6,en_riesgo
12.1,94.3,,1,44.0,Alto,14.7,aprobado
5.1,47.6,15.5,1,20.0,Medio,10.6,reprobado
2.4,49.1,11.1,0,0.0,Bajo,9.3,reprobado
3.0,83.2,12.9,1,15.0,Medio,13.0,en_riesgo
19.1,52.3,18.6,0,0.0,Bajo,17.3,aprobado
4.1,74.1,14.3,0,0.0,Medio,11.4,en_riesgo
26.3,92.8,12.3,0,0.0,Medio,19.3,aprobado
26.3,41.2,5.7,1,33.0,Bajo,9.0,reprobado
16.4,61.9,11.8,0,0.0,bajo,12.3,en_riesgo
14.6,70.6,5.2,0,0.0,Medio,8.8,reprobado
12.7,52.2,10.9,1,10.0,Medio,10.3,reprobado
25.7,49.8,11.1,0,0.0,Medio,13.7,en_riesgo
25.9,58.4,10.6,0,0.0,Alto,18.0,aprobado
22.7,81.6,15.4,0,0.0,Alto,20.0,aprobado
20.8,80.3,10.5,0,0.0,Alto,16.1,aprobado
1.6,52.2,19.3,1,25.0,Medio,11.2,en_riesgo
,76.0,17.3,1,8.0,Medio,20.0,aprobado
21.6,86.3,19.1,1,29.0,Alto,18.2,aprobado
28.2,41.3,7.4,1,41.0,Bajo,13.6,en_riesgo
7.1,56.9,5.2,0,0.0,Alto,9.7,reprobado
24.8,76.6,7.4,1,19.0,Bajo,14.1,aprobado
5.4,85.9,17.5,0,0.0,Medio,13.7,en_riesgo
29.8,78.7,13.8,0,0.0,Medio,19.8,aprobado
22.8,51.3,7.8,1,14.0,Bajo,9.7,reprobado
9.9,68.0,19.3,1,29.0,Alto,16.9,aprobado
13.8,62.1,9.8,0,0.0,Bajo,10.7,reprobado
24.8,48.8,10.9,1,32.0,Bajo,15.2,aprobado
29.9,81.6,5.3,1,39.0,Medio,14.0,aprobado
4.7,67.0,13.0,1,34.0,Bajo,9.9,reprobado
,55.9,15.6,1,42.0,Medio,19.5,aprobado
3.8,82.3,14.8,0,0.0,Bajo,11.5,en_riesgo
,43.6,16.4,0,0.0,Alto,16.8,aprobado
10.6,85.2,5.3,0,0.0,Bajo,10.1,reprobado
2.5,64.6,16.5,0,0.0,Medio,11.3,en_riesgo
29.8,89.6,5.0,1,28.0,Medio,13.7,en_riesgo
19.3,58.1,11.8,0,0.0,Medio,13.5,en_riesgo
1.9,68.6,17.4,0,0.0,Alto,15.1,aprobado
29.6,55.0,13.2,0,0.0,Medio,18.5,aprobado
4.0,81.8,10.2,0,0.0,Bajo,9.7,reprobado
7.9,55.7,11.1,0,0.0,medio,10.2,reprobado
23.3,73.1,13.3,0,0.0,Alto,18.1,aprobado
14.7,51.2,13.2,1,42.0,Bajo,11.8,en_riesgo
14.7,97.1,18.3,1,10.0,Bajo,17.3,aprobado
20.3,98.7,6.5,1,32.0,Bajo,14.6,aprobado
24.4,43.4,5.7,0,0.0,Bajo,14.1,aprobado
11.7,87.8,12.7,1,18.0,Bajo,11.8,en_riesgo
17.7,75.7,11.3,0,0.0,Alto,16.8,aprobado
6.7,72.5,12.2,0,0.0,Medio,11.8,en_riesgo
,97.9,6.4,0,0.0,Medio,9.4,reprobado
17.0,45.1,19.0,1,17.0,Bajo,16.7,aprobado
10.1,75.2,11.6,1,44.0,Bajo,8.9,reprobado
21.8,42.9,5.7,0,0.0,Medio,12.4,en_riesgo
26.8,72.3,17.8,0,0.0,Bajo,20.0,aprobado
18.2,77.4,14.6,1,20.0,Alto,18.8,aprobado
24.4,64.6,8.0,0,0.0,Medio,14.2,aprobado
8.2,72.2,16.9,0,0.0,Medio,13.7,en_riesgo
29.6,65.6,13.6,1,34.0,Medio,18.9,aprobado
23.9,80.3,15.1,0,0.0,Bajo,17.5,aprobado
14.8,71.9,10.4,0,0.0,Bajo,12.0,en_riesgo
4.7,61.8,5.8,0,0.0,Medio,8.0,reprobado
26.8,65.1,14.4,1,21.0,Bajo,17.4,aprobado
18.4,40.4,12.5,1,39.0,Medio,11.4,en_riesgo
7.8,86.9,13.6,1,44.0,Bajo,11.3,en_riesgo
9.8,48.2,6.9,0,0.0,Medio,9.2,reprobado
1.2,92.3,16.8,0,0.0,Bajo,12.8,en_riesgo
25.1,90.9,13.0,0,0.0,MEDIO,19.3,aprobado
7.6,59.7,15.2,0,0.0,Medio,10.6,reprobado
9.1,73.9,14.2,0,0.0,Alto,14.1,aprobado
29.0,46.3,19.6,0,0.0,MEDIO,20.0,aprobado
8.8,69.6,15.1,1,27.0,Bajo,12.5,en_riesgo
8.6,59.2,9.9,1,34.0,Medio,10.9,reprobado
5.2,48.7,6.8,0,0.0,Bajo,6.1,reprobado
4.0,77.9,16.7,0,0.0,Alto,15.1,aprobado
23.3,96.3,11.5,0,0.0,Bajo,19.4,aprobado
3.7,82.9,9.2,1,23.0,Medio,8.4,reprobado
5.7,40.4,11.2,0,0.0,Bajo,9.5,reprobado
29.8,95.3,6.7,0,0.0,Alto,18.5,aprobado
19.9,64.3,13.6,0,0.0,Medio,15.7,aprobado
2.2,40.9,15.8,0,0.0,Medio,14.1,aprobado
29.6,58.1,9.6,1,21.0,Medio,16.8,aprobado
2.8,49.4,5.9,1,44.0,Bajo,5.8,reprobado
26.0,71.9,16.8,0,0.0,Alto,18.9,aprobado
7.4,72.5,9.3,0,0.0,Medio,11.7,en_riesgo
2.8,64.9,6.6,0,0.0,Medio,9.3,reprobado
22.6,56.7,13.4,1,32.0,BAJO,14.5,aprobado
4.8,46.4,5.1,1,16.0,alto,5.9,reprobado
4.4,76.9,19.5,1,11.0,Bajo,13.9,en_riesgo
17.6,88.6,16.9,1,40.0,Bajo,14.3,aprobado
14.6,89.5,12.6,0,0.0,Alto,16.3,aprobado
6.0,51.7,15.4,1,19.0,Bajo,10.8,reprobado
26.5,45.6,15.3,0,0.0,Alto,20.0,aprobado
29.0,41.2,12.3,0,0.0,Medio,17.8,aprobado
27.9,99.3,10.9,1,43.0,Medio,16.0,aprobado
10.3,61.3,12.1,0,0.0,Alto,14.3,aprobado
22.4,89.4,14.4,0,0.0,Medio,17.2,aprobado
14.6,54.4,7.4,1,24.0,Alto,11.3,en_riesgo
19.7,77.9,15.9,0,0.0,Bajo,18.0,aprobado
27.2,93.6,6.8,0,0.0,Bajo,13.2,en_riesgo
27.0,94.5,,0,0.0,Bajo,20.0,aprobado
14.4,64.1,19.9,0,0.0,Medio,17.6,aprobado
15.4,45.7,6.6,1,38.0,Medio,7.2,reprobado
8.7,67.6,19.9,0,0.0,Alto,14.7,aprobado
28.6,73.9,18.2,0,0.0,Bajo,19.8,aprobado
5.5,40.5,6.3,1,30.0,Bajo,3.9,reprobado
21.7,58.5,13.4,0,0.0,Bajo,16.3,aprobado
17.6,72.1,14.4,0,0.0,Medio,17.5,aprobado
18.6,64.1,5.9,0,0.0,Medio,11.9,en_riesgo
25.3,72.4,11.8,0,0.0,Medio,19.4,aprobado
6.0,70.4,6.0,1,11.0,Bajo,9.7,reprobado
,76.7,6.1,0,0.0,Medio,10.2,reprobado
14.6,84.2,14.1,0,0.0,Alto,15.0,aprobado
29.8,59.9,14.8,0,0.0,Alto,20.0,aprobado
14.4,43.9,9.3,1,13.0,Alto,10.1,reprobado
1.1,87.3,13.3,0,0.0,Medio,13.4,en_riesgo
2.9,80.9,19.8,0,0.0,Alto,13.9,en_riesgo
23.2,44.8,7.3,1,38.0,Alto,10.6,reprobado
14.3,68.4,7.4,1,33.0,Alto,10.8,reprobado
14.5,85.3,10.4,1,26.0,medio,13.8,en_riesgo
27.0,63.4,15.5,1,13.0,Medio,17.8,aprobado
13.6,93.3,10.3,1,12.0,Bajo,14.0,aprobado
13.4,85.9,12.3,0,0.0,Bajo,12.8,en_riesgo
11.2,95.7,12.1,0,0.0,Medio,13.3,en_riesgo
10.1,54.7,15.9,1,28.0,Alto,12.0,en_riesgo
15.6,84.9,11.0,0,0.0,Bajo,12.6,en_riesgo
23.5,91.3,,1,30.0,Alto,19.5,aprobado
21.4,90.2,17.0,1,17.0,Medio,17.5,aprobado
4.2,72.9,18.3,0,0.0,Medio,13.9,en_riesgo
29.6,60.1,,0,0.0,Bajo,14.9,aprobado
18.0,78.0,10.5,1,15.0,Medio,14.6,aprobado
26.8,60.3,5.7,0,0.0,Bajo,14.2,aprobado
11.4,82.7,10.5,0,0.0,Bajo,12.2,en_riesgo
28.5,74.4,7.2,0,0.0,Bajo,15.3,aprobado
,42.3,15.9,0,0.0,Medio,9.9,reprobado
16.3,58.9,19.2,1,23.0,Medio,16.3,aprobado
25.5,81.1,9.1,0,0.0,Medio,17.2,aprobado
4.6,95.0,12.5,0,0.0,Medio,10.5,reprobado
22.9,85.5,18.7,1,28.0,Medio,19.0,aprobado
19.3,50.2,14.5,1,33.0,Medio,15.2,aprobado
11.9,70.0,9.8,0,0.0,Bajo,12.0,en_riesgo
16.9,55.6,19.9,0,0.0,Medio,18.7,aprobado
28.1,97.6,12.1,1,30.0,Bajo,16.5,aprobado
21.8,55.1,19.3,1,8.0,Medio,18.2,aprobado
8.5,50.3,10.6,0,0.0,Bajo,9.8,reprobado
14.9,56.8,19.3,1,18.0,Alto,17.6,aprobado
18.3,62.3,17.4,0,0.0,Medio,17.9,aprobado
4.9,59.2,17.2,1,14.0,Medio,9.7,reprobado
28.7,75.0,5.9,1,15.0,MEDIO,15.2,aprobado
16.0,40.5,19.1,0,0.0,medio,15.3,aprobado
26.6,68.3,9.5,0,0.0,Medio,15.3,aprobado
1.1,48.0,12.8,0,0.0,Medio,7.6,reprobado
,55.3,5.9,0,0.0,Bajo,18.7,aprobado
13.6,95.4,,0,0.0,Alto,17.2,aprobado
10.2,97.2,12.6,0,0.0,Bajo,13.4,en_riesgo
12.6,70.8,17.4,0,0.0,Medio,14.9,aprobado
16.0,76.2,6.7,1,31.0,Bajo,9.6,reprobado
28.0,90.4,6.4,0,0.0,medio,16.8,aprobado
24.2,52.5,11.7,0,0.0,Bajo,14.1,aprobado
26.2,65.9,6.6,0,0.0,Medio,11.5,en_riesgo
6.2,59.5,16.2,1,16.0,Alto,13.8,en_riesgo
16.9,98.0,16.1,0,0.0,Medio,17.9,aprobado
15.4,74.4,16.6,1,20.0,Bajo,12.4,en_riesgo
3.5,93.8,11.7,1,8.0,Bajo,10.1,reprobado
18.1,75.8,11.4,1,20.0,Bajo,13.1,en_riesgo
,81.2,19.6,1,0.0,bajo,16.8,aprobado
13.0,80.6,17.3,0,0.0,Alto,15.4,aprobado
25.5,47.1,6.9,0,0.0,Medio,14.3,aprobado
11.4,76.0,12.2,0,0.0,Bajo,13.2,en_riesgo
8.2,84.2,17.7,0,0.0,Bajo,14.8,aprobado
22.9,52.2,10.7,0,0.0,Bajo,12.2,en_riesgo
10.6,79.4,14.9,1,11.0,Medio,15.3,aprobado
28.2,68.8,,1,31.0,MEDIO,17.8,aprobado
4.5,88.8,5.4,0,0.0,Alto,10.6,reprobado
27.5,63.6,17.7,1,40.0,Alto,17.6,aprobado
25.4,91.1,8.8,0,0.0,Bajo,15.0,aprobado
5.3,59.6,10.1,1,20.0,Alto,9.0,reprobado
6.1,94.7,7.4,0,0.0,Alto,11.4,en_riesgo
22.0,62.6,5.9,1,27.0,bajo,8.5,reprobado
12.9,80.8,18.2,0,0.0,Alto,17.0,aprobado
27.1,40.1,9.2,1,27.0,Bajo,12.1,en_riesgo
,57.3,,0,0.0,Medio,17.9,aprobado
29.9,82.6,16.7,1,31.0,Bajo,20.0,aprobado
27.1,48.9,8.4,1,41.0,Medio,10.8,reprobado
16.4,48.8,6.9,0,0.0,Bajo,10.1,reprobado
20.5,90.3,11.7,0,0.0,Medio,17.4,aprobado
26.2,72.7,14.5,1,21.0,Medio,18.9,aprobado
,72.9,,0,0.0,Bajo,11.7,en_riesgo
4.6,68.0,10.8,1,8.0,Medio,10.7,reprobado
22.1,57.1,10.4,1,10.0,Alto,14.4,aprobado
19.2,58.8,6.0,0,0.0,Bajo,11.4,en_riesgo
15.3,44.5,,1,47.0,Alto,10.0,reprobado
3.9,60.7,9.6,1,35.0,medio,9.2,reprobado
25.7,91.4,16.8,0,0.0,Bajo,19.6,aprobado
12.4,85.0,5.5,1,11.0,alto,12.3,en_riesgo
,91.7,13.5,0,0.0,Bajo,13.6,en_riesgo
11.2,62.8,16.0,1,27.0,Medio,13.8,en_riesgo
20.1,64.3,15.0,0,0.0,Bajo,14.3,aprobado
5.2,96.5,17.4,1,11.0,Bajo,13.6,en_riesgo
15.5,59.4,17.2,1,41.0,Bajo,16.7,aprobado
14.5,61.2,9.4,1,38.0,Bajo,10.8,reprobado
18.5,65.1,9.5,0,0.0,Bajo,12.8,en_riesgo
2.1,47.4,19.6,0,0.0,Bajo,12.6,en_riesgo
,65.5,14.5,1,15.0,Alto,14.5,aprobado
,62.9,19.8,1,25.0,Medio,19.9,aprobado
12.6,86.7,14.7,1,47.0,Medio,14.0,aprobado
25.6,90.8,15.5,0,0.0,Medio,20.0,aprobado
1.8,84.8,10.0,0,0.0,Bajo,8.3,reprobado
29.1,73.7,14.4,0,0.0,MEDIO,20.0,aprobado
20.4,50.4,12.2,0,0.0,Bajo,14.1,aprobado
8.9,45.6,18.7,1,16.0,Medio,13.6,en_riesgo
29.8,88.9,12.3,0,0.0,Medio,17.9,aprobado
12.8,76.0,,1,34.0,Bajo,11.4,en_riesgo
28.5,86.0,18.3,0,0.0,Alto,20.0,aprobado
12.4,53.0,18.4,0,0.0,Medio,15.2,aprobado
10.5,88.5,9.9,1,46.0,Alto,9.6,reprobado
26.3,42.6,17.2,0,0.0,Medio,19.6,aprobado
17.0,43.8,8.8,0,0.0,Bajo,12.1,en_riesgo
20.9,72.3,,1,37.0,Bajo,11.5,en_riesgo
18.2,50.7,14.2,0,0.0,Medio,13.0,en_riesgo
13.7,43.4,9.9,0,0.0,Bajo,12.3,en_riesgo
10.4,81.1,16.6,0,0.0,Medio,14.0,aprobado
24.5,52.6,16.9,0,0.0,Bajo,16.9,aprobado
,89.0,5.2,1,35.0,Alto,16.2,aprobado
4.6,49.6,18.2,1,30.0,Medio,12.3,en_riesgo
13.4,82.3,8.3,1,15.0,Medio,13.6,en_riesgo
7.4,46.6,15.5,1,8.0,medio,12.2,en_riesgo
29.7,50.3,,1,22.0,Bajo,15.8,aprobado
23.5,51.7,16.1,1,44.0,Bajo,15.5,aprobado
21.4,65.1,9.5,1,39.0,Bajo,11.7,en_riesgo
5.5,71.6,17.6,0,0.0,Medio,14.6,aprobado
25.7,87.4,17.8,0,0.0,Medio,20.0,aprobado
3.9,52.6,19.0,1,15.0,Bajo,11.4,en_riesgo
17.0,53.1,14.8,1,10.0,Bajo,12.7,en_riesgo
24.8,83.3,14.9,1,42.0,Bajo,14.8,aprobado
25.7,63.1,7.0,0,0.0,Alto,15.6,aprobado
27.5,45.8,17.0,0,0.0,Bajo,20.0,aprobado
,54.4,,0,0.0,Bajo,12.9,en_riesgo
7.3,51.8,11.0,0,0.0,Bajo,8.8,reprobado
8.8,77.9,7.2,0,0.0,Bajo,11.1,en_riesgo
3.0,69.7,12.5,1,23.0,Bajo,9.4,reprobado
15.4,60.4,14.3,0,0.0,Medio,14.7,aprobado
25.4,75.7,9.4,1,30.0,Medio,15.3,aprobado
,58.5,6.7,1,28.0,bajo,8.7,reprobado
22.1,46.4,10.7,1,32.0,Alto,13.1,en_riesgo
23.9,59.3,,1,15.0,Bajo,18.1,aprobado
27.1,86.0,5.3,1,13.0,Bajo,16.0,aprobado
1.7,82.8,19.3,1,25.0,Alto,12.0,en_riesgo
21.1,63.9,17.9,1,37.0,Medio,17.0,aprobado
13.8,86.0,8.8,1,39.0,Medio,11.5,en_riesgo
6.0,52.8,17.9,1,25.0,Bajo,11.9,en_riesgo
25.4,65.9,9.1,0,0.0,Medio,16.6,aprobado
,62.3,,0,0.0,Medio,16.6,aprobado
18.9,88.3,9.4,1,40.0,Bajo,12.6,en_riesgo
15.6,84.8,6.6,1,29.0,Medio,11.0,en_riesgo
10.0,64.6,8.5,1,40.0,Medio,7.1,reprobado
,74.4,,1,8.0,Medio,16.7,aprobado
24.6,77.6,14.7,0,0.0,Bajo,16.3,aprobado
7.2,75.1,,1,35.0,Medio,10.3,reprobado
15.9,54.3,14.0,1,34.0,Medio,12.5,en_riesgo
21.8,91.6,6.5,0,0.0,Medio,15.3,aprobado
21.4,42.5,16.3,0,0.0,Bajo,15.7,aprobado
18.0,67.9,9.0,0,0.0,Medio,13.1,en_riesgo
20.3,44.2,12.8,0,0.0,Medio,13.4,en_riesgo
3.4,80.2,6.9,0,0.0,Bajo,8.8,reprobado
7.7,44.2,8.7,1,19.0,Alto,10.4,reprobado
25.3,80.4,18.2,1,40.0,alto,18.1,aprobado
11.0,46.6,16.7,1,10.0,Bajo,13.3,en_riesgo
,99.3,18.9,0,0.0,Bajo,14.8,aprobado
8.7,66.2,7.0,0,0.0,Medio,9.4,reprobado
19.4,93.5,8.4,1,32.0,Medio,13.4,en_riesgo
25.6,85.6,18.7,0,0.0,Alto,20.0,aprobado
19.5,99.9,17.5,1,35.0,Medio,16.7,aprobado
8.7,80.9,18.3,1,8.0,Medio,14.9,aprobado
20.7,84.0,10.3,1,46.0,alto,15.0,aprobado
6.4,90.7,7.4,1,11.0,Alto,12.6,en_riesgo
20.5,70.7,7.8,0,0.0,Alto,12.9,en_riesgo
13.2,53.3,,0,0.0,Medio,12.1,en_riesgo
20.0,60.9,19.5,0,0.0,Medio,18.4,aprobado
21.0,54.6,7.3,1,45.0,Alto,12.0,en_riesgo
,91.3,15.7,0,0.0,Bajo,15.2,aprobado
,62.7,11.9,0,0.0,Alto,11.3,en_riesgo
6.0,63.4,7.8,1,18.0,Medio,9.2,reprobado
13.4,44.9,5.6,1,30.0,Medio,8.0,reprobado
23.8,45.1,15.6,0,0.0,Medio,15.6,aprobado
17.5,60.9,7.2,1,27.0,Medio,10.0,reprobado
13.3,91.2,10.4,1,33.0,Alto,14.6,aprobado
,57.0,,0,0.0,Alto,11.9,en_riesgo
27.4,56.9,9.0,1,34.0,Bajo,16.0,aprobado
10.9,93.7,18.4,0,0.0,Medio,17.4,aprobado
23.7,79.7,10.7,1,18.0,Medio,16.5,aprobado
1.1,79.3,16.3,0,0.0,Bajo,10.5,reprobado
20.1,45.7,19.8,0,0.0,Medio,17.0,aprobado
12.9,64.6,10.3,0,0.0,Bajo,11.7,en_riesgo
12.5,62.1,11.8,0,0.0,Bajo,11.4,en_riesgo
27.7,90.1,5.7,1,29.0,Alto,13.8,en_riesgo
,74.6,16.5,0,0.0,Bajo,20.0,aprobado
12.7,87.4,19.1,0,0.0,Alto,19.1,aprobado
13.7,95.2,18.7,0,0.0,Alto,17.5,aprobado
20.4,91.8,6.8,1,26.0,Bajo,13.4,en_riesgo
29.4,50.4,5.8,0,0.0,Medio,14.3,aprobado
21.6,55.4,12.2,0,0.0,Medio,15.0,aprobado
23.1,69.9,17.1,1,47.0,Medio,16.6,aprobado
3.3,83.4,18.3,0,0.0,Medio,12.4,en_riesgo
21.7,87.2,12.5,0,0.0,Bajo,16.2,aprobado
26.9,45.6,9.5,1,13.0,Bajo,14.2,aprobado
15.4,50.3,10.7,0,0.0,Medio,12.9,en_riesgo
25.9,41.7,15.6,0,0.0,Bajo,16.1,aprobado
12.3,51.4,8.6,0,0.0,Bajo,10.9,reprobado
6.8,95.4,7.2,1,34.0,Alto,8.6,reprobado
2.5,59.2,,0,0.0,Alto,14.6,aprobado
14.8,89.8,13.1,0,0.0,Medio,14.6,aprobado
18.6,77.1,18.8,0,0.0,Medio,17.8,aprobado
20.4,77.6,13.1,1,47.0,Bajo,13.8,en_riesgo
9.3,57.9,16.2,1,27.0,Bajo,14.0,aprobado
26.9,68.5,11.3,1,31.0,bajo,17.1,aprobado
27.9,91.4,7.1,1,44.0,Bajo,11.9,en_riesgo
12.2,65.4,14.9,0,0.0,MEDIO,13.7,en_riesgo
1.2,57.7,8.7,0,0.0,BAJO,7.3,reprobado
2.6,73.9,9.6,1,28.0,Medio,7.1,reprobado
13.9,59.8,6.5,1,47.0,Medio,8.8,reprobado
29.5,80.8,13.3,0,0.0,Medio,19.1,aprobado
20.9,52.4,8.9,0,0.0,Medio,15.2,aprobado
26.6,94.8,,0,0.0,medio,19.0,aprobado
4.7,76.2,15.9,0,0.0,Medio,9.7,reprobado
28.3,54.0,15.5,0,0.0,Medio,20.0,aprobado
19.1,93.0,19.3,1,27.0,Alto,19.1,aprobado
,61.1,6.4,1,24.0,Medio,12.6,en_riesgo
8.8,44.8,,0,0.0,Alto,8.5,reprobado
,97.2,,0,0.0,Bajo,13.3,en_riesgo
5.8,56.5,12.2,1,21.0,Medio,11.1,en_riesgo
21.9,71.7,7.5,1,24.0,Bajo,11.4,en_riesgo
21.6,82.8,12.5,1,14.0,Bajo,14.9,aprobado
16.3,91.0,12.0,1,46.0,Bajo,12.1,en_riesgo
7.9,79.2,16.1,0,0.0,Medio,13.0,en_riesgo
,60.0,5.9,1,8.0,Medio,9.0,reprobado
3.9,58.1,11.3,0,0.0,Bajo,8.0,reprobado
22.7,60.4,18.9,0,0.0,Bajo,17.6,aprobado
25.4,91.5,5.3,1,14.0,Medio,15.1,aprobado
,84.8,9.8,1,12.0,Alto,11.9,en_riesgo
19.7,48.0,12.8,1,39.0,Alto,13.5,en_riesgo
28.4,91.4,16.5,0,0.0,Alto,20.0,aprobado
18.0,80.5,15.2,1,16.0,Bajo,14.8,aprobado
9.3,84.2,19.8,0,0.0,Medio,16.7,aprobado
,65.8,15.4,0,0.0,Bajo,12.6,en_riesgo
23.7,53.8,14.0,0,0.0,Medio,17.3,aprobado
20.5,66.0,19.9,0,0.0,Medio,20.0,aprobado
8.9,46.1,16.9,1,22.0,Medio,13.0,en_riesgo
,47.9,6.8,1,23.0,Alto,8.2,reprobado
16.0,81.1,10.0,1,8.0,Medio,12.7,en_riesgo
5.2,81.8,17.8,1,32.0,Medio,11.1,en_riesgo
13.7,79.6,15.8,0,0.0,Medio,17.8,aprobado
,92.3,18.1,0,0.0,Bajo,18.7,aprobado
28.7,42.4,12.0,0,0.0,Medio,17.0,aprobado
26.5,61.5,7.6,0,0.0,Bajo,15.4,aprobado
23.4,49.7,14.9,0,0.0,Alto,17.8,aprobado
23.0,83.2,18.0,1,13.0,Medio,18.4,aprobado
7.8,85.6,19.7,1,33.0,Medio,14.6,aprobado
8.2,85.8,12.3,0,0.0,Medio,12.6,en_riesgo
13.6,61.4,5.9,0,0.0,Bajo,11.4,en_riesgo
9.9,76.0,8.1,0,0.0,Medio,9.8,reprobado
19.7,60.7,8.0,1,35.0,Bajo,13.6,en_riesgo
17.8,65.0,6.6,0,0.0,Medio,10.5,reprobado
6.5,70.5,8.6,1,24.0,Bajo,6.1,reprobado
6.0,76.0,19.0,1,32.0,Bajo,12.7,en_riesgo
23.8,88.8,12.9,1,38.0,Bajo,15.8,aprobado
,88.4,10.1,0,0.0,Medio,18.0,aprobado
27.0,60.5,,1,21.0,Alto,17.9,aprobado
6.2,77.5,19.5,1,42.0,Bajo,12.4,en_riesgo
29.8,65.9,7.7,1,10.0,Medio,14.3,aprobado
27.5,74.9,7.5,0,0.0,Medio,16.8,aprobado
3.1,71.2,15.9,0,0.0,Bajo,10.4,reprobado
28.8,43.3,12.6,1,30.0,Medio,19.3,aprobado
25.7,89.0,,0,0.0,Medio,18.3,aprobado
2.9,47.6,15.0,0,0.0,Medio,10.0,reprobado
2.2,54.0,8.2,1,44.0,Bajo,7.4,reprobado
29.8,92.2,11.2,1,19.0,Bajo,18.2,aprobado
28.0,86.4,8.6,1,19.0,Medio,15.3,aprobado
8.0,65.4,7.6,1,21.0,Bajo,10.2,reprobado
29.8,75.6,16.4,0,0.0,Medio,20.0,aprobado
25.0,56.2,19.0,0,0.0,Bajo,18.0,aprobado
11.5,51.4,,1,35.0,ALTO,12.4,en_riesgo
7.7,60.7,13.2,1,27.0,Alto,11.2,en_riesgo
10.7,87.3,13.0,1,42.0,Medio,12.6,en_riesgo
22.2,84.5,15.1,1,42.0,Medio,18.4,aprobado
,60.5,14.3,0,0.0,Bajo,15.0,aprobado
16.1,68.3,17.0,0,0.0,Alto,17.1,aprobado
11.9,60.2,18.4,1,24.0,Medio,13.3,en_riesgo
6.8,49.5,13.7,1,43.0,Bajo,8.2,reprobado
24.8,87.0,8.0,0,0.0,Medio,15.4,aprobado
24.5,90.2,,1,37.0,Medio,17.1,aprobado
26.7,78.7,11.5,0,0.0,bajo,16.0,aprobado
,52.6,15.5,0,0.0,bajo,14.5,aprobado
8.7,70.5,8.5,1,23.0,Bajo,8.2,reprobado
25.4,58.2,12.7,1,18.0,Bajo,15.8,aprobado
25.6,46.5,10.0,0,0.0,Medio,16.1,aprobado
26.4,88.1,19.1,1,13.0,Bajo,18.3,aprobado
18.4,97.1,7.9,0,0.0,Medio,11.7,en_riesgo
23.6,41.3,17.0,1,41.0,Alto,16.1,aprobado
8.8,74.4,18.7,0,0.0,Bajo,17.2,aprobado
28.2,90.4,9.6,0,0.0,Medio,18.1,aprobado
9.9,92.8,19.9,1,18.0,Medio,16.5,aprobado
17.4,86.3,,1,45.0,Alto,13.9,en_riesgo
26.9,67.4,17.8,0,0.0,Medio,20.0,aprobado
,62.7,19.7,1,25.0,Bajo,17.0,aprobado
19.4,47.7,8.5,0,0.0,Medio,11.7,en_riesgo
6.5,61.0,10.7,0,0.0,Medio,10.9,reprobado
20.2,82.9,5.2,1,47.0,Medio,9.4,reprobado
10.5,89.2,16.4,0,0.0,Bajo,15.0,aprobado
1.2,72.7,15.0,1,45.0,Medio,9.8,reprobado
,66.1,7.6,0,0.0,Medio,12.0,en_riesgo
19.9,93.1,9.4,0,0.0,Medio,16.0,aprobado
14.2,61.6,11.7,0,0.0,Bajo,12.4,en_riesgo
24.3,68.7,19.6,0,0.0,Medio,20.0,aprobado
17.2,87.6,9.0,0,0.0,Bajo,13.5,en_riesgo
7.9,74.8,18.5,1,26.0,Alto,13.0,en_riesgo
,84.9,17.9,0,0.0,Medio,17.5,aprobado
16.7,55.5,9.3,1,34.0,Medio,10.4,reprobado
,58.3,11.2,1,43.0,Bajo,9.6,reprobado
29.4,52.9,11.3,1,42.0,Bajo,13.1,en_riesgo
19.3,83.8,8.1,1,26.0,Bajo,13.1,en_riesgo
24.5,86.1,14.2,1,23.0,Alto,17.6,aprobado
6.4,71.8,17.5,1,43.0,Bajo,11.5,en_riesgo
4.6,49.6,18.2,1,30.0,Medio,12.3,en_riesgo
29.5,41.9,17.4,1,15.0,Bajo,16.7,aprobado
11.3,88.5,13.0,1,35.0,Medio,14.6,aprobado
13.5,63.9,13.9,1,32.0,Medio,13.2,en_riesgo
15.8,65.0,14.8,1,15.0,Alto,16.2,aprobado
11.8,67.9,10.0,1,41.0,Bajo,12.5,en_riesgo
19.9,74.6,16.5,1,12.0,Medio,18.0,aprobado
5.1,67.6,5.2,0,0.0,Bajo,5.7,reprobado
13.2,66.7,13.6,1,9.0,Medio,11.1,en_riesgo
4.8,65.6,10.0,0,0.0,Medio,10.7,reprobado
11.2,83.9,10.2,0,0.0,Medio,14.7,aprobado
22.6,62.5,16.9,0,0.0,Bajo,17.7,aprobado
8.0,41.7,9.7,1,19.0,Alto,8.1,reprobado
21.8,70.7,10.3,1,30.0,Medio,14.8,aprobado
18.0,44.3,,0,0.0,Medio,11.3,en_riesgo
,57.8,7.7,1,24.0,Medio,14.8,aprobado
6.4,55.6,9.2,0,0.0,Alto,9.8,reprobado
15.2,72.6,18.5,1,19.0,Alto,18.8,aprobado
18.4,46.5,8.5,0,0.0,Medio,12.5,en_riesgo
26.7,66.2,9.8,0,0.0,Medio,18.8,aprobado
1.0,54.8,12.9,0,0.0,Bajo,6.8,reprobado
8.0,44.9,18.7,1,47.0,Medio,13.0,en_riesgo
26.6,68.9,12.2,0,0.0,Bajo,17.2,aprobado
1.9,70.6,18.8,0,0.0,Bajo,15.9,aprobado
3.3,91.7,11.1,1,36.0,MEDIO,9.8,reprobado
12.1,92.1,8.5,1,18.0,Medio,11.7,en_riesgo
5.2,44.5,5.5,1,0.0,Bajo,7.5,reprobado
8.3,51.5,9.3,0,0.0,Bajo,7.6,reprobado
26.1,65.0,6.2,0,0.0,Medio,13.5,en_riesgo
5.4,88.0,11.2,0,0.0,Bajo,11.2,en_riesgo
16.2,57.4,16.2,1,29.0,Bajo,12.9,en_riesgo
15.9,94.8,10.0,0,0.0,Medio,15.7,aprobado
10.8,59.6,7.1,1,23.0,Medio,9.0,reprobado
2.9,47.3,15.4,1,14.0,Alto,12.7,en_riesgo
10.0,57.6,19.6,0,0.0,Medio,15.1,aprobado
22.8,82.2,18.6,1,18.0,Medio,18.7,aprobado
7.8,73.6,7.8,1,19.0,Bajo,8.3,reprobado
8.9,53.0,12.4,1,31.0,Bajo,9.3,reprobado
13.4,74.8,6.1,1,12.0,Bajo,10.4,reprobado
25.0,76.8,5.6,0,0.0,Bajo,12.8,en_riesgo
26.8,68.5,16.1,1,9.0,Bajo,17.2,aprobado
1.1,46.8,,0,0.0,Alto,9.9,reprobado
17.7,75.4,5.8,1,32.0,Medio,10.7,reprobado
8.7,76.7,15.3,0,0.0,Bajo,14.0,aprobado
12.0,96.2,12.1,0,0.0,Alto,15.4,aprobado
11.3,43.7,7.0,0,0.0,Medio,8.5,reprobado
3.6,64.1,5.4,1,36.0,Medio,4.8,reprobado
14.8,59.1,7.4,0,0.0,Medio,11.0,en_riesgo
11.3,91.8,11.1,1,34.0,Medio,12.3,en_riesgo
18.6,80.4,6.9,1,31.0,Bajo,12.6,en_riesgo
20.5,99.4,15.3,1,18.0,Medio,17.3,aprobado
19.5,86.9,6.1,1,37.0,Medio,11.2,en_riesgo
1.2,90.6,8.2,0,0.0,Medio,11.5,en_riesgo
16.3,73.6,11.5,1,44.0,Medio,11.7,en_riesgo
24.3,70.6,14.0,1,46.0,Medio,14.3,aprobado
21.1,54.5,14.8,0,0.0,Medio,15.0,aprobado
25.3,68.7,16.5,0,0.0,Bajo,19.4,aprobado
20.4,81.1,16.9,0,0.0,Medio,17.2,aprobado
15.3,70.5,16.4,0,0.0,Bajo,16.4,aprobado
,59.4,9.2,0,0.0,Medio,17.7,aprobado
29.7,98.0,11.4,1,43.0,Medio,15.9,aprobado
1.4,80.7,8.6,1,41.0,Bajo,6.3,reprobado
27.4,53.5,16.2,1,12.0,Alto,19.4,aprobado
27.8,91.5,5.3,0,0.0,Bajo,15.7,aprobado
12.6,73.6,11.4,1,20.0,Bajo,11.8,en_riesgo
21.3,95.7,10.2,0,0.0,Bajo,16.7,aprobado
28.7,66.8,19.3,0,0.0,Medio,19.7,aprobado
24.6,55.4,,1,27.0,Bajo,16.0,aprobado
17.0,70.1,6.0,1,47.0,Medio,8.8,reprobado
8.5,98.2,,0,0.0,Medio,13.0,en_riesgo
12.7,78.9,17.3,0,0.0,Bajo,17.6,aprobado
9.6,45.7,7.4,0,0.0,Bajo,7.7,reprobado
4.5,82.1,17.9,0,0.0,Medio,15.1,aprobado
8.0,77.2,19.2,0,0.0,Medio,14.2,aprobado
7.8,46.4,12.7,1,31.0,Medio,10.0,reprobado
10.2,65.8,15.5,1,25.0,Bajo,13.9,en_riesgo
8.4,44.6,14.1,0,0.0,Medio,11.7,en_riesgo
5.4,78.1,8.0,0,0.0,MEDIO,8.3,reprobado
7.1,75.2,,1,44.0,Medio,14.5,aprobado
22.3,79.0,11.8,0,0.0,Medio,16.9,aprobado
3.7,40.2,11.5,0,0.0,Medio,8.7,reprobado
18.6,99.9,17.6,1,11.0,Bajo,17.5,aprobado
8.2,51.7,16.3,1,45.0,Bajo,10.6,reprobado
28.5,52.5,,1,9.0,medio,19.7,aprobado
2.8,92.5,5.3,0,0.0,MEDIO,8.9,reprobado
5.9,90.3,9.8,0,0.0,Medio,11.3,en_riesgo
,79.9,5.8,1,35.0,Alto,7.1,reprobado
10.4,83.6,13.1,1,36.0,Bajo,12.9,en_riesgo
7.0,42.0,7.4,0,0.0,Medio,6.3,reprobado
17.0,83.7,,0,0.0,Bajo,19.6,aprobado
14.1,82.1,11.7,0,0.0,Bajo,14.3,aprobado
19.8,52.6,12.6,1,26.0,Medio,14.8,aprobado
11.0,86.0,5.3,1,18.0,Medio,11.1,en_riesgo
13.1,96.0,15.9,0,0.0,Medio,16.7,aprobado
12.2,96.7,,0,0.0,Medio,14.9,aprobado
10.8,64.6,11.6,0,0.0,Medio,11.9,en_riesgo
25.4,72.1,11.0,0,0.0,Medio,16.8,aprobado
9.7,70.3,,0,0.0,Medio,14.5,aprobado
13.9,68.9,,0,0.0,Bajo,13.6,en_riesgo
25.5,41.0,18.8,1,19.0,Medio,19.3,aprobado
17.7,48.4,17.5,0,0.0,Medio,18.3,aprobado
4.7,72.5,6.0,0,0.0,Alto,7.9,reprobado
,67.0,13.1,0,0.0,Medio,11.6,en_riesgo
9.3,59.7,,1,38.0,Medio,12.0,en_riesgo
22.1,51.2,8.7,0,0.0,Bajo,14.4,aprobado
4.4,97.8,13.4,0,0.0,Bajo,10.5,reprobado
15.4,58.1,13.0,1,47.0,bajo,12.5,en_riesgo
20.7,74.9,12.9,1,37.0,ALTO,14.2,aprobado
25.7,94.0,14.1,1,9.0,Bajo,18.6,aprobado
,59.8,6.1,0,0.0,Alto,7.2,reprobado
3.4,82.1,13.2,1,16.0,Bajo,10.9,reprobado
4.0,86.0,10.1,1,13.0,Medio,10.2,reprobado
3.8,57.2,11.8,1,22.0,Bajo,9.8,reprobado
23.8,82.0,16.0,0,0.0,Medio,17.1,aprobado
25.8,67.2,7.9,1,26.0,Bajo,12.1,en_riesgo
20.3,89.5,7.9,0,0.0,Medio,14.8,aprobado
19.1,76.1,19.4,0,0.0,Alto,18.7,aprobado
17.5,65.9,7.9,1,25.0,Medio,11.0,en_riesgo
17.0,83.6,14.2,1,45.0,Medio,12.8,en_riesgo
16.0,44.4,14.9,0,0.0,Bajo,12.4,en_riesgo
10.2,50.3,18.5,0,0.0,Medio,16.1,aprobado
20.9,44.2,20.0,0,0.0,Bajo,16.0,aprobado
25.3,43.2,10.6,1,10.0,Bajo,12.4,en_riesgo
14.6,99.3,14.0,0,0.0,Bajo,17.8,aprobado
23.1,67.1,11.6,0,0.0,Alto,17.3,aprobado
25.9,76.2,10.1,0,0.0,Medio,18.0,aprobado
1.3,60.2,17.0,0,0.0,Medio,8.5,reprobado
20.2,72.6,7.1,1,21.0,Bajo,12.9,en_riesgo
16.4,41.6,17.6,1,35.0,Alto,15.9,aprobado
6.6,76.9,13.9,0,0.0,Medio,11.8,en_riesgo
5.9,55.8,,0,0.0,Medio,9.9,reprobado
15.5,71.0,10.7,0,0.0,Medio,13.8,en_riesgo
28.8,41.7,,1,9.0,Medio,16.0,aprobado
26.0,97.6,5.9,1,44.0,Medio,14.1,aprobado
28.9,48.8,9.9,1,12.0,Bajo,14.8,aprobado
1.7,70.2,16.7,0,0.0,Bajo,10.2,reprobado
22.5,75.4,13.2,1,39.0,Medio,13.3,en_riesgo
,68.8,10.2,1,39.0,Medio,11.9,en_riesgo
,49.0,16.3,0,0.0,Medio,17.4,aprobado
20.5,63.4,11.0,0,0.0,Medio,14.8,aprobado
9.3,95.1,,0,0.0,Bajo,14.6,aprobado
12.2,61.9,16.5,0,0.0,Bajo,15.3,aprobado
25.7,86.7,7.4,1,23.0,Medio,14.0,aprobado
26.1,85.1,7.9,1,11.0,Medio,14.7,aprobado
9.5,48.3,,1,42.0,Bajo,9.4,reprobado
17.1,56.8,9.1,1,29.0,Bajo,10.6,reprobado
,59.9,6.8,1,23.0,Medio,10.4,reprobado
24.2,79.3,19.6,0,0.0,Bajo,20.0,aprobado
4.5,83.1,12.9,0,0.0,Alto,13.8,en_riesgo
19.1,88.1,11.8,0,0.0,Medio,14.3,aprobado
11.9,99.4,19.2,0,0.0,Alto,17.9,aprobado
27.9,85.8,,0,0.0,Bajo,16.2,aprobado
17.6,64.5,15.7,0,0.0,Medio,16.0,aprobado
21.0,57.4,9.6,1,45.0,Bajo,11.3,en_riesgo
11.2,58.6,9.2,1,15.0,Medio,9.9,reprobado
14.2,74.1,5.5,1,44.0,Medio,10.1,reprobado
8.6,97.0,11.1,0,0.0,Bajo,11.8,en_riesgo
12.0,77.7,17.5,1,21.0,Medio,17.1,aprobado
25.5,55.7,10.9,0,0.0,Medio,16.1,aprobado
24.3,50.8,13.3,1,30.0,Medio,13.2,en_riesgo
15.4,70.2,5.9,0,0.0,Medio,10.5,reprobado
16.5,46.7,,1,29.0,Alto,17.1,aprobado
16.8,61.8,16.9,0,0.0,Alto,17.4,aprobado
,63.5,12.2,0,0.0,Bajo,8.8,reprobado
,77.0,11.4,0,0.0,Bajo,12.8,en_riesgo
16.8,73.3,10.6,0,0.0,Medio,14.0,aprobado
24.5,96.6,11.2,1,26.0,Medio,18.0,aprobado
28.3,72.2,13.5,0,0.0,Medio,19.9,aprobado
13.7,57.9,13.6,0,0.0,Medio,13.7,en_riesgo
3.2,40.8,14.4,1,37.0,Medio,5.6,reprobado
8.1,65.3,6.7,0,0.0,Medio,9.8,reprobado
11.5,51.2,8.5,1,41.0,Medio,7.8,reprobado
18.3,54.6,18.8,1,40.0,Medio,15.9,aprobado
29.1,77.9,18.2,0,0.0,Medio,19.5,aprobado
24.1,46.2,9.6,0,0.0,Medio,13.1,en_riesgo
9.8,62.2,,0,0.0,Medio,10.8,reprobado
3.9,84.7,16.3,0,0.0,Medio,12.4,en_riesgo
6.9,52.1,16.8,1,22.0,Bajo,12.5,en_riesgo
21.2,82.6,5.8,0,0.0,Medio,12.2,en_riesgo
2.8,94.9,9.6,0,0.0,Bajo,12.5,en_riesgo
1.9,62.4,14.0,1,14.0,Medio,9.5,reprobado
28.1,47.1,13.4,0,0.0,Medio,16.2,aprobado
,43.7,17.5,1,23.0,Medio,14.3,aprobado
20.2,82.7,10.3,0,0.0,Alto,16.1,aprobado
8.4,70.3,10.3,1,43.0,Medio,9.1,reprobado
4.1,63.7,,1,24.0,Bajo,11.3,en_riesgo
24.2,50.9,13.7,1,16.0,Medio,16.5,aprobado
18.4,73.6,14.1,1,13.0,Alto,17.3,aprobado
25.1,65.4,15.8,0,0.0,alto,20.0,aprobado
15.5,47.2,5.7,0,0.0,Bajo,8.6,reprobado
7.7,78.0,,0,0.0,Bajo,10.9,reprobado
1.0,77.5,7.2,1,9.0,Medio,9.1,reprobado
11.9,43.1,12.6,0,0.0,Bajo,10.9,reprobado
24.1,85.6,17.3,0,0.0,Bajo,20.0,aprobado
,60.9,10.9,1,13.0,Medio,9.2,reprobado
23.8,73.7,14.4,1,20.0,MEDIO,16.5,aprobado
12.4,83.3,14.4,1,9.0,Medio,12.0,en_riesgo
24.3,81.2,16.3,0,0.0,Medio,19.5,aprobado
26.9,42.9,11.1,0,0.0,Medio,16.4,aprobado
14.4,40.2,,0,0.0,Medio,10.1,reprobado
28.8,61.5,5.9,1,32.0,Bajo,11.6,en_riesgo
16.0,91.1,15.5,1,10.0,Alto,18.3,aprobado
8.3,93.7,9.8,0,0.0,Medio,10.7,reprobado
25.0,97.2,12.3,1,34.0,Medio,16.8,aprobado
11.0,58.5,17.2,0,0.0,Alto,14.5,aprobado
26.3,56.0,19.4,0,0.0,Bajo,20.0,aprobado
26.0,82.7,12.7,0,0.0,Bajo,18.1,aprobado
23.4,92.2,12.0,0,0.0,Bajo,15.8,aprobado
11.9,97.5,13.8,0,0.0,Alto,16.9,aprobado
1.4,82.4,7.2,0,0.0,Bajo,7.8,reprobado
2.4,54.3,16.3,1,13.0,Bajo,12.2,en_riesgo
25.8,63.0,8.7,0,0.0,Alto,17.7,aprobado
22.5,40.2,19.1,1,32.0,Medio,16.3,aprobado
22.8,99.1,13.3,1,0.0,BAJO,16.2,aprobado
14.9,98.0,7.9,0,0.0,Medio,14.0,aprobado
15.0,61.3,11.1,1,17.0,Alto,13.7,en_riesgo
1.4,62.9,8.4,1,38.0,Medio,7.1,reprobado
1.6,61.2,7.3,0,0.0,Medio,7.2,reprobado
9.2,45.8,14.0,1,26.0,Medio,11.2,en_riesgo
26.2,81.3,10.2,1,33.0,Bajo,15.0,aprobado
17.6,63.9,13.7,1,42.0,Medio,11.8,en_riesgo
1.6,58.2,19.3,0,0.0,Medio,11.3,en_riesgo
26.9,96.4,16.1,1,30.0,Medio,19.3,aprobado
7.3,45.0,,1,15.0,Bajo,11.9,en_riesgo
13.3,52.9,18.0,0,0.0,Medio,12.6,en_riesgo
7.1,89.6,7.8,0,0.0,Medio,7.5,reprobado
15.3,47.5,10.8,1,43.0,Bajo,12.3,en_riesgo
6.3,71.2,5.6,0,0.0,Bajo,6.5,reprobado
18.2,46.2,11.0,0,0.0,Bajo,14.0,aprobado
20.2,76.5,13.6,0,0.0,Medio,16.4,aprobado
27.6,58.5,5.1,1,8.0,Bajo,13.9,en_riesgo
25.2,55.7,12.1,1,39.0,Medio,14.0,aprobado
23.9,40.1,15.9,0,0.0,Alto,17.9,aprobado
4.7,74.3,16.0,0,0.0,Bajo,10.6,reprobado
4.4,51.2,15.3,1,25.0,Alto,8.5,reprobado
,67.7,7.0,0,0.0,Medio,11.1,en_riesgo
28.2,97.2,10.9,1,39.0,medio,18.2,aprobado
4.1,73.4,5.4,0,0.0,Alto,10.7,reprobado
8.4,48.3,6.1,1,12.0,Medio,5.8,reprobado
13.6,76.7,10.4,0,0.0,Medio,13.4,en_riesgo
7.0,46.6,14.9,1,19.0,Bajo,8.4,reprobado
27.8,93.6,10.8,0,0.0,ALTO,17.8,aprobado
20.5,74.1,9.6,1,14.0,Medio,13.8,en_riesgo
17.3,41.8,5.3,1,22.0,Bajo,8.0,reprobado
25.9,77.8,5.3,0,0.0,bajo,12.3,en_riesgo
3.4,51.1,6.1,0,0.0,Medio,9.1,reprobado
25.2,40.4,,1,18.0,Medio,14.4,aprobado
21.8,99.3,18.5,0,0.0,Medio,20.0,aprobado
20.4,68.9,12.0,1,22.0,Bajo,16.3,aprobado
29.5,43.2,16.7,1,17.0,Bajo,16.7,aprobado
1.6,97.7,13.2,1,15.0,Medio,11.4,en_riesgo
12.8,91.3,11.3,0,0.0,Alto,15.7,aprobado
23.2,89.4,6.1,0,0.0,Bajo,14.0,aprobado
28.7,82.3,,0,0.0,MEDIO,17.9,aprobado
6.1,46.8,7.0,0,0.0,Bajo,6.5,reprobado
29.6,61.1,10.9,0,0.0,Alto,19.2,aprobado
28.2,54.4,15.3,0,0.0,Alto,19.7,aprobado
27.1,52.5,,0,0.0,MEDIO,20.0,aprobado
8.2,54.7,18.8,0,0.0,Medio,15.1,aprobado
9.2,49.0,17.6,1,32.0,Alto,12.2,en_riesgo
13.7,59.6,12.7,0,0.0,Medio,15.1,aprobado
5.1,77.1,8.3,1,28.0,Medio,8.1,reprobado
17.9,68.0,9.5,0,0.0,Bajo,14.3,aprobado
9.4,63.2,18.8,0,0.0,Alto,17.2,aprobado
,53.3,19.7,1,22.0,Medio,15.9,aprobado
22.9,50.0,19.5,0,0.0,Medio,18.6,aprobado
16.9,87.2,18.9,0,0.0,Bajo,16.8,aprobado
12.2,75.1,13.7,0,0.0,Bajo,12.9,en_riesgo
1.6,82.3,16.7,0,0.0,Bajo,10.2,reprobado
28.1,91.9,8.5,0,0.0,Alto,19.0,aprobado
,67.7,13.9,1,25.0,Alto,14.2,aprobado
16.1,58.9,15.0,0,0.0,Alto,15.6,aprobado
28.4,80.1,,0,0.0,Medio,19.6,aprobado
26.0,81.0,14.1,1,13.0,Alto,20.0,aprobado
9.1,87.7,14.0,0,0.0,Medio,14.2,aprobado
27.7,95.2,19.9,0,0.0,Bajo,20.0,aprobado
23.6,41.0,19.1,1,33.0,bajo,16.8,aprobado
29.9,59.8,9.1,0,0.0,Bajo,16.4,aprobado
22.1,86.1,18.7,1,32.0,Bajo,15.9,aprobado
24.0,44.0,15.8,1,35.0,Bajo,14.3,aprobado
26.7,80.3,15.8,1,39.0,Medio,16.9,aprobado
2.2,42.9,19.1,1,16.0,Bajo,11.8,en_riesgo
18.1,79.8,13.7,1,36.0,Medio,12.5,en_riesgo
9.8,69.8,16.0,1,40.0,Medio,11.9,en_riesgo
27.1,79.5,17.0,0,0.0,Bajo,20.0,aprobado
23.4,51.2,13.0,1,23.0,Bajo,14.4,aprobado
17.5,43.1,7.0,0,0.0,Medio,11.1,en_riesgo
5.5,85.2,,0,0.0,bajo,13.5,en_riesgo
11.6,69.4,13.8,0,0.0,Medio,12.2,en_riesgo
16.8,81.1,12.5,0,0.0,Bajo,14.0,aprobado
1.7,72.9,6.5,1,21.0,Bajo,4.5,reprobado
26.0,95.1,12.9,0,0.0,Medio,16.7,aprobado
4.0,59.5,14.4,0,0.0,Medio,12.9,en_riesgo
29.0,47.1,14.7,1,43.0,Alto,16.9,aprobado
19.4,46.2,5.3,1,19.0,Medio,10.7,reprobado
9.2,87.2,7.4,1,29.0,Medio,9.8,reprobado
9.4,67.8,11.8,1,43.0,Medio,10.4,reprobado
11.4,41.7,16.4,0,0.0,Medio,12.6,en_riesgo
26.5,87.5,5.7,1,24.0,Alto,16.6,aprobado
12.4,98.8,16.3,0,0.0,Medio,18.4,aprobado
17.4,79.1,12.4,1,14.0,Medio,14.7,aprobado
29.7,96.0,8.0,1,44.0,Alto,16.2,aprobado
29.7,40.5,,1,9.0,Medio,20.0,aprobado
17.9,83.9,19.4,1,33.0,Medio,17.3,aprobado
8.0,81.9,18.6,1,36.0,Bajo,15.0,aprobado
19.5,51.3,,1,29.0,Medio,14.4,aprobado
7.5,57.0,,1,0.0,Alto,9.7,reprobado
14.0,46.5,6.7,0,0.0,Medio,10.8,reprobado
17.6,73.6,7.2,0,0.0,Bajo,12.6,en_riesgo
9.2,43.0,17.6,0,0.0,Bajo,11.5,en_riesgo
17.8,43.4,16.5,0,0.0,Alto,15.1,aprobado
6.1,70.0,13.3,0,0.0,Bajo,12.2,en_riesgo
14.0,79.9,13.2,0,0.0,Bajo,14.5,aprobado
28.3,61.0,16.4,0,0.0,Bajo,17.4,aprobado
9.6,50.9,17.0,0,0.0,Medio,13.5,en_riesgo
8.0,80.8,19.7,0,0.0,Medio,15.6,aprobado
7.2,83.5,,0,0.0,Bajo,14.6,aprobado
2.3,93.5,10.2,1,19.0,Medio,8.3,reprobado
24.8,96.8,17.8,1,9.0,Bajo,20.0,aprobado
2.8,63.2,11.7,1,14.0,Bajo,10.4,reprobado
20.8,98.7,15.0,0,0.0,Medio,17.9,aprobado
13.9,56.0,19.4,1,20.0,Bajo,15.8,aprobado
9.3,55.7,15.0,0,0.0,Medio,10.2,reprobado
13.2,55.6,8.6,0,0.0,Medio,10.9,reprobado
14.5,74.6,18.2,0,0.0,Bajo,15.2,aprobado
2.0,93.1,17.3,0,0.0,MEDIO,15.9,aprobado
23.2,83.6,15.2,1,46.0,Alto,16.9,aprobado
15.2,81.2,13.3,0,0.0,Bajo,12.9,en_riesgo
17.8,76.4,,0,0.0,Medio,15.0,aprobado
22.1,97.5,6.6,1,11.0,medio,14.7,aprobado
28.0,68.9,17.5,0,0.0,Medio,19.6,aprobado
,86.7,12.9,1,32.0,Bajo,13.3,en_riesgo
21.5,93.0,5.5,0,0.0,Medio,15.0,aprobado
9.2,86.8,7.9,0,0.0,Bajo,9.4,reprobado
17.9,56.1,7.1,1,26.0,Medio,11.2,en_riesgo
22.9,70.0,13.8,1,23.0,Medio,16.6,aprobado
8.3,83.1,11.8,0,0.0,Medio,13.9,en_riesgo
,84.1,7.0,1,43.0,Medio,15.4,aprobado
24.2,44.3,13.2,1,46.0,Alto,17.2,aprobado
20.2,55.0,5.5,1,37.0,Medio,10.9,reprobado
26.2,45.4,5.9,1,30.0,Alto,14.4,aprobado
16.6,45.8,14.5,1,20.0,Medio,13.4,en_riesgo
20.6,60.0,10.4,1,14.0,Bajo,14.7,aprobado
24.3,64.9,8.6,1,33.0,Bajo,12.5,en_riesgo
27.2,43.9,,1,16.0,Medio,18.4,aprobado
17.9,76.2,9.8,0,0.0,Alto,14.2,aprobado
24.3,67.4,17.6,0,0.0,Medio,18.7,aprobado
,77.0,16.3,0,0.0,Alto,18.9,aprobado
16.3,95.6,8.7,0,0.0,Medio,16.2,aprobado
27.8,49.9,10.1,0,0.0,Medio,14.2,aprobado
15.6,81.6,,1,19.0,Alto,14.7,aprobado
17.0,93.7,9.8,1,12.0,Medio,15.5,aprobado
9.2,73.0,13.6,1,27.0,Medio,10.6,reprobado
3.1,40.3,19.0,0,0.0,Medio,10.6,reprobado
13.7,79.7,14.3,0,0.0,Bajo,15.4,aprobado
11.0,60.1,15.2,0,0.0,Alto,13.9,en_riesgo
,42.8,17.5,0,0.0,Bajo,13.3,en_riesgo
4.5,55.1,17.8,0,0.0,Bajo,12.6,en_riesgo
28.2,95.8,13.9,0,0.0,Bajo,19.4,aprobado
21.5,50.3,,1,25.0,Bajo,12.4,en_riesgo
