id_venta,fecha,ciudad,categoria,producto,precio_unitario,cantidad,metodo_pago,total
V1000000,2025-12-15,Cusco,Alimentos,Café,303.34,2,Yape,606.68
V1000001,2025-03-29,Piura,Moda,Casaca,80.0,3,Efectivo,240.0
V1000002,2025-09-15,Trujillo,Belleza,Crema,114.05,4,Tarjeta,456.2
V1000003,2025-11-10,Piura,Tecnología,Tablet,21.3,3,Yape,63.9
V1000004,2025-07-07,Cusco,Hogar,Olla,261.97,9999,Yape,261.97
V1000005,2025-11-03,Piura,Belleza,Shampoo,41.88,4,Tarjeta,167.52
V1000006,2025-01-14,Arequipa,Alimentos,Aceite,159.26,5,Efectivo,796.3
V1000007,2025-04-02,Trujillo,Alimentos,Atún,308.9,3,Efectivo,926.7
V1000008,2025-02-19,Trujillo,Tecnología,Celular,218.33,2,Plin,436.66
V1000009,2025-07-10,Arequipa,Belleza,Crema,230.38,2,Efectivo,460.76
V1000010,2025-09-27,Trujillo,,Arroz,480.97,5,Plin,2404.85
V1000011,2025-12-04,Piura,Belleza,Maquillaje,184.81,4,Plin,739.24
V1000012,2025-02-10,Piura,Alimentos,Atún,90.98,1,Yape,90.98
V1000013,2025-12-10,Lima,Tecnología,Tablet,153.81,3,Yape,461.43
V1000014,2025-06-12,Cusco,Tecnología,Laptop,306.92,2,Yape,613.84
V1000015,2025-02-10,Trujillo,Hogar,Licuadora,426.52,4,,1706.08
V1000016,2025-02-17,Piura,Tecnología,Audífonos,299.74,3,,899.22
V1000017,2025-08-15,Piura,Tecnología,Audífonos,359.49,1,Tarjeta,359.49
V1000018,2025-09-12,Cusco,Hogar,Aspiradora,358.22,2,Efectivo,716.44
V1000019,2025-06-28,Lima,Alimentos,Café,286.01,4,Efectivo,1144.04
V1000020,2025-08-19,Piura,Belleza,Perfume,380.22,4,Tarjeta,1520.88
V1000021,2025-08-31,Trujillo,Moda,Pantalón,315.93,1,,315.93
V1000022,2025-01-28,Trujillo,Alimentos,Café,214.09,3,Plin,642.27
V1000023,2025-12-14,Lima,Hogar,Licuadora,454.35,1,,454.35
V1000024,2025-05-01,Trujillo,Moda,Camisa,431.76,3,Tarjeta,1295.28
V1000025,2025-08-13,Cusco,Belleza,Crema,175.43,3,Efectivo,526.29
V1000026,2025-06-29,Lima,Tecnología,Celular,486.17,4,Plin,1944.68
V1000027,2025-04-23,Piura,Hogar,Aspiradora,498.89,3,Tarjeta,1496.67
V1000028,2025-05-10,Trujillo,Hogar,Microondas,26.19,1,Tarjeta,26.19
V1000029,2025-05-06,Arequipa,,Camisa,249.83,4,Yape,999.32
V1000030,2025-07-03,Cusco,Moda,Camisa,366.83,5,,1834.15
V1000031,2025-07-17,Cusco,Hogar,Licuadora,54.24,1,Tarjeta,54.24
V1000032,2025-07-06,Piura,Alimentos,Atún,299.54,3,Plin,898.62
V1000033,2025-12-12,Cusco,Moda,Zapatillas,120.98,4,Tarjeta,483.92
V1000034,2025-05-08,Arequipa,Tecnología,Tablet,77.39,4,Tarjeta,309.56
V1000035,2025-05-31,Arequipa,Tecnología,Audífonos,121.99,2,Plin,243.98
V1000036,2025-03-01,Lima,Tecnología,Celular,498.16,4,Tarjeta,1992.64
V1000037,2025-06-09,Cusco,Belleza,Perfume,176.12,3,Yape,528.36
V1000038,2025-06-01,Lima,Moda,Casaca,426.95,1,Plin,426.95
V1000039,2025-04-14,Trujillo,Alimentos,Aceite,14.51,1,Yape,14.51
V1000040,2025-12-15,Arequipa,Tecnología,Tablet,159.63,2,Efectivo,319.26
V1000041,2025-07-27,Piura,Moda,Camisa,96.2,4,Tarjeta,384.8
V1000042,2025-10-31,Trujillo,,Maquillaje,328.32,3,Tarjeta,984.96
V1000043,2025-06-25,Trujillo,Tecnología,Audífonos,190.18,5,Yape,950.9
V1000044,2025-01-27,Arequipa,Moda,Camisa,256.29,4,Yape,1025.16
V1000045,2025-11-13,Cusco,Tecnología,Tablet,21.91,1,Plin,21.91
V1000046,2025-06-21,Trujillo,Tecnología,Celular,477.43,5,Efectivo,2387.15
V1000047,2025-08-21,Piura,Moda,Casaca,172.07,5,,860.35
V1000048,2025-07-07,Lima,Moda,Casaca,154.28,5,Plin,771.4
V1000049,2025-09-13,Cusco,Tecnología,Tablet,192.62,9999,Yape,385.24
V1000050,2025-11-19,Arequipa,Hogar,Olla,338.86,2,Yape,677.72
V1000051,2025-09-30,Lima,Moda,Camisa,354.22,5,Efectivo,1771.1
V1000052,2025-12-21,Arequipa,Hogar,Aspiradora,309.64,4,Efectivo,1238.56
V1000053,2025-02-05,Piura,Tecnología,Tablet,328.48,4,Yape,1313.92
V1000054,2025-12-20,Arequipa,Alimentos,Café,293.36,3,Tarjeta,880.08
V1000055,2025-03-04,Piura,Hogar,Microondas,299.51,1,Plin,299.51
V1000056,2025-11-22,Cusco,Hogar,Olla,170.06,5,Plin,850.3
V1000057,2025-04-18,Piura,Alimentos,Atún,51.82,5,Plin,259.1
V1000058,2025-12-16,Cusco,,Atún,77.79,5,Efectivo,388.95
V1000059,2025-04-16,Cusco,Alimentos,Arroz,205.42,3,Plin,616.26
V1000060,2025-12-12,Piura,Hogar,Microondas,481.7,1,Plin,481.7
V1000061,2025-05-09,Arequipa,Belleza,Crema,86.65,2,Plin,173.3
V1000062,2025-08-25,Piura,Tecnología,Laptop,477.88,5,Efectivo,2389.4
V1000063,2025-09-04,Cusco,Belleza,Maquillaje,287.36,3,Tarjeta,862.08
V1000064,2025-10-12,Trujillo,Tecnología,Laptop,56.14,4,Tarjeta,224.56
V1000065,2025-08-06,Arequipa,Alimentos,Café,405.39,4,Tarjeta,1621.56
V1000066,2025-01-23,Arequipa,Belleza,Crema,475.08,4,Efectivo,1900.32
V1000067,2025-08-11,Arequipa,Alimentos,Aceite,467.38,1,Plin,467.38
V1000068,2025-01-04,Arequipa,Belleza,Shampoo,434.93,3,Plin,1304.79
V1000069,2025-06-27,Cusco,Alimentos,Café,72.97,5,Yape,364.85
V1000070,2025-04-11,Trujillo,Moda,Zapatillas,412.01,2,Yape,824.02
V1000071,2025-10-12,Piura,Alimentos,Café,59.38,2,Tarjeta,118.76
V1000072,2025-08-30,Cusco,,Zapatillas,44.88,5,Efectivo,224.4
V1000073,2025-03-31,Arequipa,Hogar,Licuadora,148.11,4,Efectivo,592.44
V1000074,2025-04-24,Piura,Belleza,Perfume,439.96,4,Tarjeta,1759.84
V1000075,2025-09-06,Trujillo,Belleza,Crema,217.5,3,Tarjeta,652.5
V1000076,2025-02-05,Arequipa,Moda,Camisa,390.44,5,Plin,1952.2
V1000077,2025-07-02,Piura,Tecnología,Audífonos,379.73,1,Efectivo,379.73
V1000078,2025-03-03,Trujillo,Tecnología,Tablet,200.91,5,Yape,1004.55
V1000079,2025-06-26,Trujillo,Moda,Casaca,479.69,3,Plin,1439.07
V1000080,2025-10-11,Trujillo,Tecnología,Audífonos,251.58,5,Tarjeta,1257.9
V1000081,2025-01-25,Trujillo,Moda,Zapatillas,114.24,5,Yape,571.2
V1000082,2025-02-08,Piura,Tecnología,Laptop,252.27,2,Tarjeta,504.54
V1000083,2025-08-03,Piura,Moda,Zapatillas,355.86,4,Tarjeta,1423.44
V1000084,2025-09-10,Piura,Hogar,Olla,45.65,2,Yape,91.3
V1000085,2025-07-13,Piura,Hogar,Aspiradora,51.57,3,Plin,154.71
V1000086,2025-11-17,Trujillo,Belleza,Shampoo,474.15,1,Tarjeta,474.15
V1000087,2025-10-19,Trujillo,Alimentos,Atún,246.02,4,Efectivo,984.08
V1000088,2025-07-21,Arequipa,Moda,Zapatillas,64.49,3,Tarjeta,193.47
V1000089,2025-08-30,Trujillo,Belleza,Crema,37.59,4,Plin,150.36
V1000090,2025-12-27,Lima,Belleza,Perfume,295.85,1,Yape,295.85
V1000091,2025-11-08,Lima,Alimentos,Aceite,223.8,2,Plin,447.6
V1000092,2025-06-09,Piura,Belleza,Shampoo,168.12,5,Yape,840.6
V1000093,2025-08-17,Trujillo,Alimentos,Atún,350.75,1,Efectivo,350.75
V1000094,2025-11-01,Lima,Tecnología,Laptop,351.49,3,Plin,1054.47
V1000095,2025-01-12,Arequipa,Tecnología,Tablet,38.35,4,Plin,153.4
V1000096,2025-01-08,Arequipa,Alimentos,Café,326.96,2,Plin,653.92
V1000097,2025-01-28,Trujillo,Hogar,Aspiradora,487.45,3,Efectivo,1462.35
V1000098,2025-07-20,Lima,,Laptop,408.76,4,Plin,1635.04
V1000099,2025-02-15,Cusco,Belleza,Shampoo,470.86,3,Plin,1412.58
V1000100,2025-10-30,Lima,,Crema,50.55,2,Yape,101.1
V1000101,2025-01-05,Lima,Belleza,Crema,407.17,1,Yape,407.17
V1000102,2025-10-09,Lima,Belleza,Crema,416.29,1,Tarjeta,416.29
V1000103,2025-04-08,Lima,Tecnología,Audífonos,75.59,5,Plin,377.95
V1000104,2025-07-16,Piura,Alimentos,Aceite,457.45,5,Tarjeta,2287.25
V1000105,2025-07-21,Arequipa,Belleza,Perfume,131.2,1,Efectivo,131.2
V1000106,2025-02-20,Piura,Tecnología,Laptop,111.54,1,Tarjeta,111.54
V1000107,2025-12-14,Arequipa,Hogar,Microondas,264.95,3,Yape,794.85
V1000108,2025-09-25,Lima,Hogar,Microondas,484.31,3,Tarjeta,1452.93
V1000109,2025-04-22,Piura,Tecnología,Laptop,323.29,3,Yape,969.87
V1000110,2025-08-14,Arequipa,Alimentos,Aceite,321.96,3,Yape,965.88
V1000111,2025-11-04,Lima,Hogar,Microondas,230.95,4,Efectivo,923.8
V1000112,2025-02-20,Lima,Hogar,Aspiradora,400.27,2,Plin,800.54
V1000113,2025-11-26,Lima,Tecnología,Tablet,42.46,5,Efectivo,212.3
V1000114,2025-07-24,Cusco,Belleza,Perfume,127.67,3,Yape,383.01
V1000115,2025-05-31,Cusco,Tecnología,Celular,351.86,4,Plin,1407.44
V1000116,2025-07-03,Lima,Alimentos,Atún,438.42,3,Tarjeta,1315.26
V1000117,2025-03-02,Arequipa,Hogar,Licuadora,30.03,5,Efectivo,150.15
V1000118,2025-06-19,Piura,Alimentos,Aceite,53.46,1,Tarjeta,53.46
V1000119,2025-01-12,Arequipa,Tecnología,Celular,188.49,2,Tarjeta,376.98
V1000120,2025-03-14,Arequipa,Moda,Camisa,245.76,3,,737.28
V1000121,2025-12-03,Arequipa,Belleza,Maquillaje,405.04,1,Yape,405.04
V1000122,2025-06-29,Arequipa,Belleza,Maquillaje,190.77,2,Tarjeta,381.54
V1000123,2025-01-14,Cusco,Hogar,Olla,75.23,3,Yape,225.69
V1000124,2025-08-27,Trujillo,Moda,Camisa,434.94,3,Yape,1304.82
V1000125,2025-04-29,Piura,Tecnología,Tablet,19.83,1,Tarjeta,19.83
V1000126,2025-05-06,Trujillo,Hogar,Aspiradora,446.36,4,Tarjeta,1785.44
V1000127,2025-03-08,Lima,Alimentos,Arroz,245.0,4,Yape,980.0
V1000128,2025-04-21,Lima,,Olla,72.51,1,Tarjeta,72.51
V1000129,2025-10-09,Arequipa,Alimentos,Atún,184.49,5,Efectivo,922.45
V1000130,2025-10-16,Piura,Belleza,Crema,120.41,4,Efectivo,481.64
V1000131,2025-11-14,Lima,Moda,Zapatillas,35.3,5,Plin,176.5
V1000132,2025-08-08,Cusco,Hogar,Olla,12.6,1,Efectivo,12.6
V1000133,2025-03-03,Lima,Moda,Pantalón,282.81,2,Yape,565.62
V1000134,2025-10-27,Piura,Belleza,Crema,484.32,4,Yape,1937.28
V1000135,2025-08-13,Trujillo,Alimentos,Arroz,269.62,1,,269.62
V1000136,2025-05-19,Trujillo,Belleza,Shampoo,270.97,1,Efectivo,270.97
V1000137,2025-01-10,Piura,Hogar,Licuadora,278.97,2,Tarjeta,557.94
V1000138,2025-03-25,Lima,Hogar,Licuadora,343.94,1,Tarjeta,343.94
V1000139,2025-02-07,Cusco,Moda,Pantalón,62.28,5,Efectivo,311.4
V1000140,2025-08-24,Arequipa,Alimentos,Aceite,467.14,3,Tarjeta,1401.42
V1000141,2025-03-17,Cusco,Hogar,Licuadora,463.96,4,Plin,1855.84
V1000142,2025-11-24,Cusco,Belleza,Shampoo,377.75,4,Efectivo,1511.0
V1000143,2025-08-01,Piura,Moda,Camisa,125.49,2,Efectivo,250.98
V1000144,2025-03-30,Piura,Alimentos,Aceite,202.3,3,Tarjeta,606.9
V1000145,2025-01-23,Lima,,Laptop,184.13,2,Efectivo,368.26
V1000146,2025-04-14,Cusco,Belleza,Perfume,67.28,3,Yape,201.84
V1000147,2025-02-11,Trujillo,Moda,Zapatillas,440.53,1,Plin,440.53
V1000148,2025-06-06,Lima,Moda,Camisa,356.42,3,Yape,1069.26
V1000149,2025-09-11,Trujillo,Tecnología,Celular,359.89,5,Yape,1799.45
V1000150,2025-12-19,Piura,Hogar,Licuadora,195.62,5,Plin,978.1
V1000151,2025-07-03,Piura,Alimentos,Café,83.46,4,Plin,333.84
V1000152,2025-05-10,Cusco,Belleza,Perfume,303.24,4,Plin,1212.96
V1000153,2025-10-26,Cusco,Hogar,Aspiradora,415.13,2,Plin,830.26
V1000154,2025-10-29,Cusco,Hogar,Olla,456.81,2,Tarjeta,913.62
V1000155,2025-04-21,Trujillo,Tecnología,Audífonos,466.74,4,Plin,1866.96
V1000156,2025-05-13,Piura,Alimentos,Café,329.17,1,Plin,329.17
V1000157,2025-02-20,Piura,Hogar,Microondas,467.84,3,Yape,1403.52
V1000158,2025-10-29,Piura,Tecnología,Laptop,91.11,4,Efectivo,364.44
V1000159,2025-01-01,Cusco,Tecnología,Tablet,307.87,1,Tarjeta,307.87
V1000160,2025-07-21,Trujillo,Tecnología,Laptop,12.27,1,Yape,12.27
V1000161,2025-01-25,Arequipa,Alimentos,Atún,462.25,2,Yape,924.5
V1000162,2025-12-13,Lima,Hogar,Olla,120.06,4,Yape,480.24
V1000163,2025-07-01,Lima,Moda,Zapatillas,91.1,5,Plin,455.5
V1000164,2025-06-26,Piura,Tecnología,Audífonos,146.02,2,Plin,292.04
V1000165,2025-02-18,Lima,Hogar,Olla,234.9,4,Efectivo,939.6
V1000166,2025-03-04,Piura,Alimentos,Café,256.08,1,Plin,256.08
V1000167,2025-08-03,Cusco,Belleza,Perfume,401.89,5,Tarjeta,2009.45
V1000168,2025-10-13,Cusco,,Crema,154.08,3,Yape,462.24
V1000169,2025-07-13,Trujillo,Hogar,Aspiradora,206.37,3,Yape,619.11
V1000170,2025-09-21,Piura,Alimentos,Atún,473.6,2,Efectivo,947.2
V1000171,2025-06-11,Trujillo,,Camisa,22.44,4,Plin,89.76
V1000172,2025-12-15,Lima,Hogar,Aspiradora,118.77,3,Yape,356.31
V1000173,2025-11-24,Lima,Belleza,Perfume,289.03,3,Tarjeta,867.09
V1000174,2025-09-21,Arequipa,Alimentos,Atún,129.15,3,Plin,387.45
V1000175,2025-06-14,Piura,Alimentos,Aceite,153.64,2,Yape,307.28
V1000176,2025-09-20,Lima,Hogar,Licuadora,425.58,5,Yape,2127.9
V1000177,2025-10-12,Trujillo,Alimentos,Aceite,447.41,5,Plin,2237.05
V1000178,2025-08-22,Arequipa,Moda,Zapatillas,299.24,4,Plin,1196.96
V1000179,2025-10-20,Lima,Belleza,Crema,431.92,3,Plin,1295.76
V1000180,2025-12-08,Trujillo,Hogar,Olla,65.98,3,Efectivo,197.94
V1000181,2025-04-25,Lima,Tecnología,Celular,373.43,2,Tarjeta,746.86
V1000182,2025-12-25,Lima,Tecnología,Celular,326.08,4,Efectivo,1304.32
V1000183,2025-01-29,Piura,Hogar,Microondas,143.43,3,Efectivo,430.29
V1000184,2025-05-08,Piura,Hogar,Microondas,292.49,2,Tarjeta,584.98
V1000185,2025-06-02,Arequipa,Belleza,Maquillaje,111.15,2,Efectivo,222.3
V1000186,2025-01-27,Lima,Belleza,Perfume,438.21,2,Plin,876.42
V1000187,2025-11-05,Arequipa,Belleza,Shampoo,420.67,5,Plin,2103.35
V1000188,2025-02-15,Arequipa,Hogar,Olla,479.73,1,Yape,479.73
V1000189,2025-10-19,Cusco,Belleza,Crema,43.44,3,Plin,130.32
V1000190,2025-06-13,Lima,Moda,Zapatillas,155.59,3,Efectivo,466.77
V1000191,2025-02-24,Piura,Hogar,Olla,115.32,4,Yape,461.28
V1000192,2025-08-15,Trujillo,Alimentos,Atún,424.74,3,,1274.22
V1000193,2025-07-20,Arequipa,Moda,Pantalón,62.23,1,Plin,62.23
V1000194,2025-05-09,Lima,Tecnología,Laptop,347.32,2,Tarjeta,694.64
V1000195,2025-05-11,Arequipa,Moda,Camisa,11.15,3,Efectivo,33.45
V1000196,2025-01-12,Cusco,Hogar,Aspiradora,54.88,3,Tarjeta,164.64
V1000197,2025-01-17,Arequipa,Belleza,Shampoo,228.54,4,Efectivo,914.16
V1000198,2025-09-21,Piura,Moda,Camisa,332.8,1,Efectivo,332.8
V1000199,2025-09-25,Cusco,Tecnología,Celular,35.28,2,Yape,70.56
V1000200,2025-01-16,Lima,Hogar,Licuadora,282.35,2,Yape,564.7
V1000201,2025-01-07,Lima,Belleza,Perfume,462.95,2,Yape,925.9
V1000202,2025-03-23,Trujillo,Belleza,Perfume,233.02,3,Efectivo,699.06
V1000203,2025-01-14,Cusco,Tecnología,Tablet,69.08,2,Yape,138.16
V1000204,2025-06-20,Arequipa,Belleza,Perfume,208.2,1,Plin,208.2
V1000205,2025-07-29,Lima,,Maquillaje,219.14,4,Efectivo,876.56
V1000206,2025-11-07,Cusco,Hogar,Microondas,495.27,3,Yape,1485.81
V1000207,2025-05-21,Arequipa,Belleza,Maquillaje,466.97,3,Yape,1400.91
V1000208,2025-01-29,Lima,,Arroz,28.42,4,,113.68
V1000209,2025-08-27,Lima,Alimentos,Aceite,54.93,4,Tarjeta,219.72
V1000210,2025-06-26,Cusco,Tecnología,Laptop,183.76,2,Plin,367.52
V1000211,2025-10-20,Lima,Hogar,Olla,18.76,1,Yape,18.76
V1000212,2025-12-10,Trujillo,Tecnología,Tablet,478.64,5,Tarjeta,2393.2
V1000213,2025-07-17,Cusco,Belleza,Crema,310.57,1,Yape,310.57
V1000214,2025-09-17,Cusco,Alimentos,Café,471.94,5,Yape,2359.7
V1000215,2025-11-26,Cusco,Belleza,Crema,198.2,1,Tarjeta,198.2
V1000216,2025-09-16,Piura,Hogar,Aspiradora,318.59,1,Tarjeta,318.59
V1000217,2025-01-20,Arequipa,Moda,Camisa,95.21,2,Yape,190.42
V1000218,2025-12-04,Lima,Hogar,Olla,449.74,3,Efectivo,1349.22
V1000219,2025-04-30,Piura,Belleza,Perfume,27.08,4,Efectivo,108.32
V1000220,2025-04-08,Cusco,Belleza,Shampoo,201.67,3,Plin,605.01
V1000221,2025-05-17,Cusco,Belleza,Shampoo,427.57,2,Tarjeta,855.14
V1000222,2025-09-18,Cusco,Tecnología,Audífonos,147.88,4,Yape,591.52
V1000223,2025-06-25,Arequipa,Moda,Pantalón,49.71,4,Plin,198.84
V1000224,2025-10-11,Piura,Belleza,Shampoo,427.09,5,,2135.45
V1000225,2025-04-25,Arequipa,Belleza,Perfume,180.43,2,Plin,360.86
V1000226,2025-08-25,Lima,Moda,Pantalón,265.42,4,Tarjeta,1061.68
V1000227,2025-02-28,Lima,Moda,Camisa,420.14,1,Tarjeta,420.14
V1000228,2025-12-22,Cusco,Hogar,Microondas,102.72,5,Yape,513.6
V1000229,2025-11-10,Lima,Belleza,Perfume,440.75,2,Efectivo,881.5
V1000230,2025-06-07,Arequipa,Moda,Casaca,282.53,5,Tarjeta,1412.65
V1000231,2025-10-22,Arequipa,Alimentos,Café,51.21,3,Tarjeta,153.63
V1000232,2025-01-17,Arequipa,Tecnología,Tablet,14.45,5,Yape,72.25
V1000233,2025-03-15,Lima,Moda,Casaca,421.66,4,Plin,1686.64
V1000234,2025-10-05,Trujillo,Belleza,Maquillaje,347.06,2,Plin,694.12
V1000235,2025-07-11,Lima,Moda,Casaca,43.0,2,Efectivo,86.0
V1000236,2025-01-22,Arequipa,Tecnología,Tablet,32.41,2,Efectivo,64.82
V1000237,2025-07-23,Trujillo,,Perfume,73.74,5,Plin,368.7
V1000238,2025-02-02,Cusco,Belleza,Perfume,344.81,2,Efectivo,689.62
V1000239,2025-10-12,Trujillo,Hogar,Aspiradora,60.07,1,Yape,60.07
V1000240,2025-06-06,Cusco,Belleza,Maquillaje,421.57,4,Efectivo,1686.28
V1000241,2025-01-27,Cusco,Moda,Camisa,481.99,4,Tarjeta,1927.96
V1000242,2025-10-30,Piura,Belleza,Perfume,482.62,3,Tarjeta,1447.86
V1000243,2025-09-14,Arequipa,Belleza,Maquillaje,364.97,2,Tarjeta,729.94
V1000244,2025-11-16,Lima,,Camisa,360.31,2,Yape,720.62
V1000245,2025-07-27,Cusco,Alimentos,Café,88.03,1,Tarjeta,88.03
V1000246,2025-11-05,Cusco,Belleza,Crema,269.87,3,Tarjeta,809.61
V1000247,2025-06-30,Trujillo,Alimentos,Aceite,312.16,1,Efectivo,312.16
V1000248,2025-08-24,Trujillo,Tecnología,Tablet,283.62,1,Plin,283.62
V1000249,2025-04-27,Arequipa,Belleza,Maquillaje,222.29,5,,1111.45
V1000250,2025-10-01,Arequipa,Belleza,Crema,487.6,3,Tarjeta,1462.8
V1000251,2025-10-16,Trujillo,Tecnología,Celular,454.83,3,Efectivo,1364.49
V1000252,2025-03-29,Lima,Moda,Camisa,60.37,4,Plin,241.48
V1000253,2025-07-21,Arequipa,Tecnología,Tablet,45.48,1,Tarjeta,45.48
V1000254,2025-03-18,Trujillo,Tecnología,Celular,204.49,2,Efectivo,408.98
V1000255,2025-06-23,Arequipa,Hogar,Microondas,412.51,2,,825.02
V1000256,2025-11-01,Cusco,Alimentos,Arroz,356.17,1,Efectivo,356.17
V1000257,2025-12-25,Lima,Tecnología,Celular,468.25,2,Plin,936.5
V1000258,2025-11-14,Cusco,Alimentos,Atún,49.26,4,Plin,197.04
V1000259,2025-11-10,Arequipa,Alimentos,Atún,325.35,1,Plin,325.35
V1000260,2025-01-14,Cusco,Hogar,Microondas,39.57,4,Tarjeta,158.28
V1000261,2025-10-28,Cusco,Tecnología,Celular,171.22,4,Tarjeta,684.88
V1000262,2025-04-29,Piura,Belleza,Perfume,31.39,4,Efectivo,125.56
V1000263,2025-07-30,Piura,Hogar,Olla,275.81,3,Yape,827.43
V1000264,2025-07-21,Cusco,Alimentos,Atún,118.07,1,Yape,118.07
V1000265,2025-11-01,Piura,Alimentos,Atún,213.79,4,Tarjeta,855.16
V1000266,2025-08-08,Trujillo,Alimentos,Aceite,493.95,2,Tarjeta,987.9
V1000267,2025-04-06,Lima,Moda,Casaca,24.4,2,Plin,48.8
V1000268,2025-03-07,Arequipa,Alimentos,Café,216.64,2,Yape,433.28
V1000269,2025-07-05,Piura,Moda,Casaca,198.09,2,Plin,396.18
V1000270,2025-08-13,Cusco,Belleza,Crema,360.75,2,Plin,721.5
V1000271,2025-10-20,Piura,Hogar,Microondas,251.22,4,Tarjeta,1004.88
V1000272,2025-03-25,Arequipa,Tecnología,Audífonos,90.13,3,Tarjeta,270.39
V1000273,2025-01-28,Arequipa,Tecnología,Audífonos,331.8,1,Plin,331.8
V1000274,2025-06-13,Piura,Alimentos,Atún,232.36,3,Efectivo,697.08
V1000275,2025-04-28,Arequipa,Moda,Camisa,175.13,1,Tarjeta,175.13
V1000276,2025-10-03,Cusco,Belleza,Maquillaje,356.32,4,Plin,1425.28
V1000277,2025-04-17,Piura,Tecnología,Audífonos,335.26,5,Tarjeta,1676.3
V1000278,2025-04-30,Trujillo,Tecnología,Tablet,296.82,4,Yape,1187.28
V1000279,2025-11-30,Arequipa,Belleza,Shampoo,270.27,4,Efectivo,1081.08
V1000280,2025-01-01,Cusco,Belleza,Crema,98.21,3,Tarjeta,294.63
V1000281,2025-06-28,Trujillo,Tecnología,Celular,204.72,2,Plin,409.44
V1000282,2025-10-26,Arequipa,Moda,Camisa,323.17,1,Yape,323.17
V1000283,2025-06-27,Trujillo,Moda,Pantalón,78.43,5,Plin,392.15
V1000284,2025-08-22,Trujillo,Hogar,Licuadora,89.57,5,Tarjeta,447.85
V1000285,2025-12-18,Piura,,Perfume,96.8,2,Tarjeta,193.6
V1000286,2025-04-24,Arequipa,Hogar,Aspiradora,417.13,1,Plin,417.13
V1000287,2025-11-24,Lima,Moda,Pantalón,460.15,1,Yape,460.15
V1000288,2025-10-31,Piura,Belleza,Shampoo,62.23,4,Efectivo,248.92
V1000289,2025-07-11,Lima,Hogar,Aspiradora,209.38,5,Tarjeta,1046.9
V1000290,2025-03-18,Lima,,Perfume,440.47,5,Efectivo,2202.35
V1000291,2025-04-12,Cusco,,Aceite,451.67,5,,2258.35
V1000292,2025-12-31,Cusco,Moda,Camisa,68.9,1,Tarjeta,68.9
V1000293,2025-03-17,Arequipa,Tecnología,Audífonos,286.09,3,Plin,858.27
V1000294,2025-11-01,Lima,Belleza,Perfume,121.36,2,Yape,242.72
V1000295,2025-04-20,Arequipa,Moda,Pantalón,237.11,3,Tarjeta,711.33
V1000296,2025-11-24,Arequipa,Hogar,Microondas,457.98,5,Efectivo,2289.9
V1000297,2025-01-12,Piura,Tecnología,Celular,268.05,4,Plin,1072.2
V1000298,2025-12-09,Arequipa,Moda,Casaca,478.21,5,Tarjeta,2391.05
V1000299,2025-12-02,Piura,Moda,Casaca,477.78,4,Yape,1911.12
V1000300,2025-09-28,Trujillo,Moda,Camisa,244.8,3,Efectivo,734.4
V1000301,2025-02-21,Cusco,Belleza,Shampoo,403.48,3,Plin,1210.44
V1000302,2025-06-07,Arequipa,Hogar,Microondas,143.59,4,Efectivo,574.36
V1000303,2025-12-16,Cusco,Tecnología,Audífonos,343.75,2,Yape,687.5
V1000304,2025-06-08,Lima,Belleza,Crema,100.76,4,Plin,403.04
V1000305,2025-09-20,Lima,Alimentos,Café,31.27,2,Yape,62.54
V1000306,2025-05-21,Piura,Moda,Pantalón,300.83,2,Tarjeta,601.66
V1000307,2025-05-01,Piura,Hogar,Microondas,451.01,1,Efectivo,451.01
V1000308,2025-10-20,Trujillo,Moda,Pantalón,368.66,4,Plin,1474.64
V1000309,2025-12-11,Arequipa,Hogar,Licuadora,315.69,1,Yape,315.69
V1000310,2025-03-10,Lima,Hogar,Licuadora,435.94,1,Yape,435.94
V1000311,2025-05-30,Piura,Belleza,Perfume,122.82,3,Efectivo,368.46
V1000312,2025-03-19,Piura,,Laptop,38.64,1,Efectivo,38.64
V1000313,2025-09-20,Piura,Moda,Pantalón,208.12,5,Yape,1040.6
V1000314,2025-08-29,Cusco,Tecnología,Audífonos,177.13,3,Plin,531.39
V1000315,2025-04-12,Arequipa,Hogar,Olla,144.34,4,Plin,577.36
V1000316,2025-12-19,Trujillo,Belleza,Perfume,206.58,1,Yape,206.58
V1000317,2025-07-15,Piura,Tecnología,Laptop,417.61,4,Tarjeta,1670.44
V1000318,2025-01-27,Piura,Alimentos,Café,441.24,2,Yape,882.48
V1000319,2025-02-27,Cusco,Alimentos,Aceite,338.05,4,Efectivo,1352.2
V1000320,2025-10-18,Arequipa,Tecnología,Audífonos,237.95,4,Efectivo,951.8
V1000321,2025-11-29,Piura,Alimentos,Atún,379.87,2,Efectivo,759.74
V1000322,2025-02-24,Trujillo,Tecnología,Laptop,157.42,4,Yape,629.68
V1000323,2025-10-06,Trujillo,Belleza,Perfume,84.68,5,,423.4
V1000324,2025-11-17,Lima,Alimentos,Aceite,265.27,2,Plin,530.54
V1000325,2025-09-29,Trujillo,Tecnología,Celular,88.06,5,Efectivo,440.3
V1000326,2025-05-31,Arequipa,Alimentos,Arroz,186.47,5,Efectivo,932.35
V1000327,2025-09-06,Lima,Moda,Camisa,159.71,4,Efectivo,638.84
V1000328,2025-07-15,Arequipa,Hogar,Licuadora,89.26,3,Yape,267.78
V1000329,2025-04-11,Trujillo,Alimentos,Aceite,255.56,1,Efectivo,255.56
V1000330,2025-10-18,Arequipa,Hogar,Microondas,363.5,3,Plin,1090.5
V1000331,2025-01-14,Lima,Alimentos,Atún,207.46,2,Yape,414.92
V1000332,2025-07-25,Trujillo,,Microondas,324.08,1,Efectivo,324.08
V1000333,2025-09-10,Lima,Tecnología,Tablet,307.12,1,Efectivo,307.12
V1000334,2025-01-25,Piura,,Shampoo,69.66,5,Efectivo,348.3
V1000335,2025-01-25,Trujillo,,Arroz,279.27,4,Tarjeta,1117.08
V1000336,2025-05-26,Piura,Alimentos,Café,427.21,5,Yape,2136.05
V1000337,2025-03-01,Cusco,Hogar,Licuadora,40.06,3,Efectivo,120.18
V1000338,2025-12-11,Arequipa,Hogar,Microondas,497.48,5,Yape,2487.4
V1000339,2025-03-24,Lima,Tecnología,Audífonos,46.57,4,Efectivo,186.28
V1000340,2025-09-20,Trujillo,Moda,Camisa,259.62,1,Tarjeta,259.62
V1000341,2025-11-04,Piura,Alimentos,Café,331.3,2,Yape,662.6
V1000342,2025-04-26,Piura,Belleza,Perfume,190.2,4,Efectivo,760.8
V1000343,2025-03-27,Piura,Belleza,Crema,131.8,3,Tarjeta,395.4
V1000344,2025-05-18,Arequipa,Belleza,Maquillaje,272.3,1,Tarjeta,272.3
V1000345,2025-08-30,Piura,Belleza,Shampoo,107.44,5,Tarjeta,537.2
V1000346,2025-07-07,Cusco,Alimentos,Atún,254.67,5,Efectivo,1273.35
V1000347,2025-02-03,Trujillo,,Café,371.3,3,Tarjeta,1113.9
V1000348,2025-02-11,Piura,Belleza,Crema,447.12,1,Plin,447.12
V1000349,2025-04-30,Lima,Tecnología,Laptop,347.19,4,Plin,1388.76
V1000350,2025-04-07,Arequipa,Belleza,Crema,28.83,4,Plin,115.32
V1000351,2025-10-11,Cusco,Belleza,Perfume,333.08,3,Efectivo,999.24
V1000352,2025-03-20,Lima,Tecnología,Tablet,230.8,5,Yape,1154.0
V1000353,2025-03-28,Piura,Belleza,Maquillaje,30.42,1,Yape,30.42
V1000354,2025-04-19,Cusco,Moda,Casaca,61.63,1,Tarjeta,61.63
V1000355,2025-10-04,Arequipa,Alimentos,Atún,155.3,3,Plin,465.9
V1000356,2025-01-28,Cusco,,Zapatillas,211.94,5,Efectivo,1059.7
V1000357,2025-02-07,Trujillo,Hogar,Aspiradora,154.77,1,Tarjeta,154.77
V1000358,2025-02-18,Trujillo,Hogar,Microondas,137.75,1,Tarjeta,137.75
V1000359,2025-04-29,Arequipa,Tecnología,Celular,401.37,4,Yape,1605.48
V1000360,2025-09-26,Piura,Hogar,Olla,376.56,4,Efectivo,1506.24
V1000361,2025-01-10,Lima,Moda,Casaca,303.28,1,Tarjeta,303.28
V1000362,2025-11-30,Trujillo,Moda,Pantalón,310.34,4,Efectivo,1241.36
V1000363,2025-08-01,Trujillo,Alimentos,Café,253.06,1,Plin,253.06
V1000364,2025-05-02,Lima,Belleza,Maquillaje,460.27,2,,920.54
V1000365,2025-05-29,Trujillo,Belleza,Maquillaje,96.94,3,Tarjeta,290.82
V1000366,2025-10-12,Piura,Alimentos,Aceite,62.89,5,Yape,314.45
V1000367,2025-10-10,Arequipa,Alimentos,Atún,249.31,4,Tarjeta,997.24
V1000368,2025-07-08,Lima,Moda,Casaca,309.85,3,Yape,929.55
V1000369,2025-01-30,Trujillo,Belleza,Perfume,439.8,5,Yape,2199.0
V1000370,2025-07-05,Lima,Hogar,Olla,365.97,1,Plin,365.97
V1000371,2025-08-12,Arequipa,,Pantalón,109.98,2,Tarjeta,219.96
V1000372,2025-03-07,Lima,Moda,Casaca,394.06,4,Plin,1576.24
V1000373,2025-03-31,Arequipa,Hogar,Microondas,418.01,1,Efectivo,418.01
V1000374,2025-01-20,Cusco,Belleza,Maquillaje,82.96,3,Tarjeta,248.88
V1000375,2025-05-12,Piura,Hogar,Olla,363.81,3,Efectivo,1091.43
V1000376,2025-08-18,Piura,Belleza,Crema,350.85,5,Efectivo,1754.25
V1000377,2025-07-07,Lima,,Arroz,55.57,4,Tarjeta,222.28
V1000378,2025-08-04,Piura,Moda,Casaca,120.46,4,Plin,481.84
V1000379,2025-06-07,Arequipa,Hogar,Licuadora,142.21,4,Yape,568.84
V1000380,2025-11-15,Cusco,Tecnología,Celular,350.75,4,Efectivo,1403.0
V1000381,2025-04-27,Trujillo,Hogar,Olla,264.95,5,Plin,1324.75
V1000382,2025-07-02,Lima,Tecnología,Celular,192.0,1,Yape,192.0
V1000383,2025-09-08,Cusco,Alimentos,Arroz,467.23,5,Tarjeta,2336.15
V1000384,2025-07-17,Trujillo,Tecnología,Tablet,394.97,3,Yape,1184.91
V1000385,2025-03-16,Lima,Alimentos,Aceite,298.01,1,Plin,298.01
V1000386,2025-05-18,Arequipa,Belleza,Perfume,22.84,1,Efectivo,22.84
V1000387,2025-07-17,Lima,Belleza,Perfume,156.38,5,Yape,781.9
V1000388,2025-02-04,Arequipa,Hogar,Licuadora,194.69,5,Plin,973.45
V1000389,2025-03-15,Piura,Tecnología,Tablet,75.41,4,Efectivo,301.64
V1000390,2025-05-09,Lima,Hogar,Olla,385.1,4,Plin,1540.4
V1000391,2025-02-26,Trujillo,Alimentos,Café,241.31,5,Efectivo,1206.55
V1000392,2025-04-16,Trujillo,Alimentos,Atún,131.02,4,Efectivo,524.08
V1000393,2025-12-02,Arequipa,Hogar,Aspiradora,390.59,4,Tarjeta,1562.36
V1000394,2025-08-16,Cusco,Belleza,Maquillaje,313.65,3,Tarjeta,940.95
V1000395,2025-07-15,Arequipa,Belleza,Shampoo,388.21,2,Plin,776.42
V1000396,2025-05-28,Piura,Moda,Pantalón,415.66,1,Tarjeta,415.66
V1000397,2025-01-21,Arequipa,Hogar,Aspiradora,330.55,2,Tarjeta,661.1
V1000398,2025-12-11,Piura,Tecnología,Tablet,484.0,5,Tarjeta,2420.0
V1000399,2025-06-27,Piura,Tecnología,Tablet,214.82,1,Yape,214.82
V1000400,2025-03-22,Piura,Tecnología,Laptop,431.47,2,Yape,862.94
V1000401,2025-03-27,Lima,Tecnología,Laptop,310.32,2,Tarjeta,620.64
V1000402,2025-12-07,Piura,Hogar,Microondas,335.45,1,Efectivo,335.45
V1000403,2025-04-08,Cusco,Hogar,Aspiradora,377.15,4,Plin,1508.6
V1000404,2025-02-28,Arequipa,Alimentos,Atún,35.46,1,Plin,35.46
V1000405,2025-01-20,Arequipa,Belleza,Perfume,381.63,4,Efectivo,1526.52
V1000406,2025-03-20,Trujillo,Belleza,Maquillaje,135.19,5,Tarjeta,675.95
V1000407,2025-10-11,Arequipa,,Aspiradora,23.31,1,Plin,23.31
V1000408,2025-02-13,Lima,Moda,Pantalón,253.93,4,Yape,1015.72
V1000409,2025-06-27,Cusco,Tecnología,Audífonos,226.13,3,Plin,678.39
V1000410,2025-03-15,Trujillo,Alimentos,Café,381.17,5,Tarjeta,1905.85
V1000411,2025-02-16,Arequipa,Tecnología,Celular,229.33,4,Efectivo,917.32
V1000412,2025-12-31,Cusco,Moda,Zapatillas,145.68,1,Plin,145.68
V1000413,2025-01-08,Piura,Tecnología,Tablet,330.6,3,Tarjeta,991.8
V1000414,2025-09-03,Cusco,Alimentos,Café,67.65,3,Efectivo,202.95
V1000415,2025-03-04,Piura,Tecnología,Audífonos,69.99,5,Efectivo,349.95
V1000416,2025-04-12,Arequipa,Alimentos,Atún,331.51,3,Tarjeta,994.53
V1000417,2025-05-11,Lima,Tecnología,Tablet,362.48,2,Efectivo,724.96
V1000418,2025-08-15,Piura,Belleza,Maquillaje,430.51,4,Efectivo,1722.04
V1000419,2025-05-14,Cusco,Hogar,Olla,164.03,3,Efectivo,492.09
V1000420,2025-12-30,Lima,Alimentos,Arroz,134.62,3,Plin,403.86
V1000421,2025-10-13,Arequipa,Alimentos,Café,358.89,2,Efectivo,717.78
V1000422,2025-06-12,Trujillo,Tecnología,Celular,180.49,2,Efectivo,360.98
V1000423,2025-10-06,Lima,Moda,Camisa,405.04,3,Yape,1215.12
V1000424,2025-07-31,Piura,Tecnología,Tablet,62.11,3,Plin,186.33
V1000425,2025-02-16,Lima,Alimentos,Café,121.32,3,Plin,363.96
V1000426,2025-10-30,Piura,Hogar,Licuadora,383.95,5,Efectivo,1919.75
V1000427,2025-05-22,Trujillo,Alimentos,Café,124.05,1,Yape,124.05
V1000428,2025-11-29,Arequipa,Alimentos,Atún,454.53,3,Yape,1363.59
V1000429,2025-04-01,Arequipa,Moda,Casaca,195.96,4,Tarjeta,783.84
V1000430,2025-05-27,Cusco,Moda,Casaca,18.82,2,Efectivo,37.64
V1000431,2025-03-24,Cusco,Tecnología,Audífonos,379.44,1,Plin,379.44
V1000432,2025-06-22,Lima,Alimentos,Atún,317.84,1,Plin,317.84
V1000433,2025-04-30,Piura,Moda,Camisa,43.49,1,Efectivo,43.49
V1000434,2025-11-16,Lima,Tecnología,Tablet,149.08,3,Tarjeta,447.24
V1000435,2025-11-30,Lima,Moda,Casaca,41.6,4,Plin,166.4
V1000436,2025-12-27,Piura,Hogar,Microondas,176.8,5,Efectivo,884.0
V1000437,2025-06-07,Trujillo,Tecnología,Audífonos,141.21,2,Tarjeta,282.42
V1000438,2025-11-21,Trujillo,Belleza,Shampoo,303.5,1,Tarjeta,303.5
V1000439,2025-07-20,Piura,Belleza,Shampoo,337.91,1,Efectivo,337.91
V1000440,2025-01-08,Piura,Tecnología,Audífonos,220.91,4,Efectivo,883.64
V1000441,2025-06-23,Lima,Alimentos,Atún,447.34,5,Efectivo,2236.7
V1000442,2025-11-03,Trujillo,Belleza,Shampoo,354.29,4,Yape,1417.16
V1000443,2025-01-28,Trujillo,Alimentos,Aceite,395.51,3,Efectivo,1186.53
V1000444,2025-07-13,Arequipa,Alimentos,Atún,374.36,1,Plin,374.36
V1000445,2025-07-29,Lima,Tecnología,Laptop,241.52,2,Yape,483.04
V1000446,2025-12-28,Lima,Moda,Camisa,172.36,1,Yape,172.36
V1000447,2025-08-25,Trujillo,Moda,Casaca,299.53,5,Efectivo,1497.65
V1000448,2025-10-29,Lima,Tecnología,Celular,418.33,4,Plin,1673.32
V1000449,2025-03-31,Piura,Tecnología,Laptop,290.3,2,Yape,580.6
V1000450,2025-09-22,Piura,Tecnología,Laptop,312.36,5,Yape,1561.8
V1000451,2025-07-02,Lima,Moda,Zapatillas,251.84,3,Efectivo,755.52
V1000452,2025-11-29,Piura,Moda,Camisa,201.04,3,Plin,603.12
V1000453,2025-04-19,Trujillo,Belleza,Shampoo,161.59,5,Efectivo,807.95
V1000454,2025-09-07,Piura,Alimentos,Café,432.81,5,Yape,2164.05
V1000455,2025-06-24,Trujillo,Tecnología,Celular,135.78,4,Efectivo,543.12
V1000456,2025-05-07,Trujillo,,Celular,55.22,4,Plin,220.88
V1000457,2025-04-23,Lima,Alimentos,Café,49.29,1,Yape,49.29
V1000458,2025-10-12,Lima,Hogar,Microondas,187.34,3,,562.02
V1000459,2025-07-29,Cusco,Hogar,Microondas,66.71,4,Yape,266.84
V1000460,2025-06-04,Piura,Alimentos,Aceite,269.7,3,Plin,809.1
V1000461,2025-03-22,Lima,Hogar,Microondas,270.92,3,Tarjeta,812.76
V1000462,2025-12-23,Piura,Belleza,Crema,283.73,1,Yape,283.73
V1000463,2025-10-21,Trujillo,Tecnología,Laptop,349.32,2,Plin,698.64
V1000464,2025-03-14,Piura,Moda,Pantalón,396.6,4,Plin,1586.4
V1000465,2025-10-15,Cusco,Hogar,Licuadora,430.21,1,Yape,430.21
V1000466,2025-02-17,Arequipa,Moda,Zapatillas,304.53,4,Plin,1218.12
V1000467,2025-06-16,Arequipa,Tecnología,Tablet,91.16,4,Tarjeta,364.64
V1000468,2025-07-12,Trujillo,Tecnología,Audífonos,22.47,4,Efectivo,89.88
V1000469,2025-05-06,Cusco,Alimentos,Arroz,59.62,5,Plin,298.1
V1000470,2025-06-25,Trujillo,,Olla,494.14,1,Yape,494.14
V1000471,2025-04-23,Piura,Alimentos,Aceite,247.94,3,Yape,743.82
V1000472,2025-02-14,Trujillo,,Pantalón,29.11,3,Plin,87.33
V1000473,2025-08-22,Cusco,Moda,Pantalón,163.47,5,Yape,817.35
V1000474,2025-01-30,Arequipa,Belleza,Shampoo,419.39,5,Efectivo,2096.95
V1000475,2025-12-23,Cusco,Alimentos,Atún,227.62,2,Plin,455.24
V1000476,2025-10-12,Piura,Tecnología,Audífonos,480.96,4,Tarjeta,1923.84
V1000477,2025-08-12,Trujillo,Belleza,Shampoo,85.53,1,Tarjeta,85.53
V1000478,2025-12-31,Piura,Hogar,Licuadora,420.89,3,Efectivo,1262.67
V1000479,2025-04-19,Cusco,Hogar,Microondas,38.25,4,Tarjeta,153.0
V1000480,2025-05-19,Trujillo,Alimentos,Atún,90.97,5,Yape,454.85
V1000481,2025-04-21,Arequipa,Belleza,Perfume,111.58,5,Tarjeta,557.9
V1000482,2025-09-09,Arequipa,Moda,Casaca,169.65,2,Yape,339.3
V1000483,2025-12-07,Trujillo,Belleza,Shampoo,243.02,4,Efectivo,972.08
V1000484,2025-03-05,Cusco,Moda,Camisa,303.57,5,Yape,1517.85
V1000485,2025-09-03,Piura,Alimentos,Aceite,397.35,4,Tarjeta,1589.4
V1000486,2025-07-03,Trujillo,,Laptop,439.77,4,,1759.08
V1000487,2025-05-27,Arequipa,Tecnología,Tablet,55.9,4,Plin,223.6
V1000488,2025-08-16,Cusco,Hogar,Aspiradora,285.73,3,Yape,857.19
V1000489,2025-08-30,Lima,Tecnología,Audífonos,448.28,3,Efectivo,1344.84
V1000490,2025-06-24,Trujillo,Alimentos,Atún,478.46,1,Plin,478.46
V1000491,2025-12-03,Lima,Alimentos,Arroz,156.23,3,,468.69
V1000492,2025-11-21,Piura,Moda,Zapatillas,317.03,2,Plin,634.06
V1000493,2025-08-02,Cusco,Belleza,Perfume,349.34,2,Plin,698.68
V1000494,2025-07-23,Arequipa,Belleza,Shampoo,146.59,1,Efectivo,146.59
V1000495,2025-01-19,Arequipa,Moda,Casaca,497.38,3,Tarjeta,1492.14
V1000496,2025-01-25,Piura,Alimentos,Arroz,43.82,5,Plin,219.1
V1000497,2025-07-07,Lima,Belleza,Perfume,443.37,3,Efectivo,1330.11
V1000498,2025-10-17,Trujillo,Tecnología,Celular,22.0,3,Yape,66.0
V1000499,2025-07-07,Piura,Moda,Camisa,351.9,5,Tarjeta,1759.5
V1000500,2025-05-03,Arequipa,Moda,Casaca,65.34,2,Efectivo,130.68
V1000501,2025-05-24,Trujillo,Alimentos,Aceite,45.72,5,,228.6
V1000502,2025-10-17,Cusco,Alimentos,Café,153.33,3,Efectivo,459.99
V1000503,2025-08-19,Piura,Belleza,Perfume,120.75,1,Efectivo,120.75
V1000504,2025-09-26,Piura,Belleza,Perfume,185.33,1,Tarjeta,185.33
V1000505,2025-07-02,Arequipa,Tecnología,Celular,412.5,4,Plin,1650.0
V1000506,2025-01-14,Arequipa,Hogar,Olla,124.98,5,Plin,624.9
V1000507,2025-07-24,Cusco,Alimentos,Atún,363.12,4,Yape,1452.48
V1000508,2025-12-04,Arequipa,Hogar,Licuadora,36.62,4,Tarjeta,146.48
V1000509,2025-08-29,Arequipa,Tecnología,Laptop,32.96,1,Yape,32.96
V1000510,2025-09-21,Lima,Hogar,Microondas,130.94,1,Plin,130.94
V1000511,2025-06-05,Cusco,Belleza,Shampoo,186.51,3,Tarjeta,559.53
V1000512,2025-06-11,Trujillo,Moda,Casaca,396.58,3,Tarjeta,1189.74
V1000513,2025-06-26,Trujillo,Moda,Zapatillas,53.75,2,Yape,107.5
V1000514,2025-11-12,Cusco,,Aspiradora,354.89,2,Yape,709.78
V1000515,2025-08-23,Piura,,Shampoo,483.36,4,Yape,1933.44
V1000516,2025-10-08,Lima,Tecnología,Laptop,242.95,3,Plin,728.85
V1000517,2025-10-25,Lima,Belleza,Shampoo,254.3,4,Plin,1017.2
V1000518,2025-12-21,Arequipa,Tecnología,Tablet,190.67,4,Tarjeta,762.68
V1000519,2025-01-13,Arequipa,Alimentos,Arroz,412.87,2,Plin,825.74
V1000520,2025-11-25,Cusco,Tecnología,Celular,441.28,1,Plin,441.28
V1000521,2025-12-09,Piura,Belleza,Shampoo,154.7,4,Efectivo,618.8
V1000522,2025-01-28,Trujillo,Moda,Casaca,203.61,1,Plin,203.61
V1000523,2025-09-09,Cusco,Belleza,Perfume,336.76,1,Efectivo,336.76
V1000524,2025-02-22,Trujillo,Hogar,Licuadora,419.39,5,Tarjeta,2096.95
V1000525,2025-12-03,Trujillo,Hogar,Microondas,212.68,1,Yape,212.68
V1000526,2025-09-25,Trujillo,Tecnología,Tablet,365.18,1,Plin,365.18
V1000527,2025-07-07,Arequipa,Hogar,Microondas,383.53,4,Plin,1534.12
V1000528,2025-04-14,Trujillo,Tecnología,Celular,429.99,5,Efectivo,2149.95
V1000529,2025-06-24,Lima,Moda,Pantalón,99.05,5,Tarjeta,495.25
V1000530,2025-02-24,Arequipa,Tecnología,Audífonos,180.57,4,Plin,722.28
V1000531,2025-05-15,Trujillo,Moda,Zapatillas,341.03,3,Plin,1023.09
V1000532,2025-08-05,Piura,Tecnología,Celular,84.64,3,Tarjeta,253.92
V1000533,2025-06-06,Arequipa,Tecnología,Celular,247.2,4,Yape,988.8
V1000534,2025-08-06,Trujillo,Alimentos,Aceite,495.2,5,Plin,2476.0
V1000535,2025-11-27,Trujillo,Alimentos,Aceite,189.18,3,Efectivo,567.54
V1000536,2025-07-18,Arequipa,Alimentos,Arroz,314.98,2,Yape,629.96
V1000537,2025-12-05,Cusco,Belleza,Shampoo,407.45,4,Yape,1629.8
V1000538,2025-11-17,Lima,Alimentos,Atún,459.57,4,Tarjeta,1838.28
V1000539,2025-06-23,Arequipa,Tecnología,Celular,82.18,5,Plin,410.9
V1000540,2025-12-27,Cusco,Alimentos,Café,75.79,2,Efectivo,151.58
V1000541,2025-08-14,Piura,Moda,Pantalón,343.01,5,Efectivo,1715.05
V1000542,2025-03-19,Arequipa,Hogar,Microondas,222.08,3,Efectivo,666.24
V1000543,2025-01-08,Trujillo,Belleza,Shampoo,34.49,1,Tarjeta,34.49
V1000544,2025-11-29,Arequipa,Moda,Zapatillas,202.01,4,Efectivo,808.04
V1000545,2025-09-29,Trujillo,Tecnología,Audífonos,254.14,3,Efectivo,762.42
V1000546,2025-11-28,Cusco,Tecnología,Laptop,224.13,3,Yape,672.39
V1000547,2025-06-03,Trujillo,Hogar,Olla,398.37,3,Tarjeta,1195.11
V1000548,2025-09-30,Cusco,Hogar,Licuadora,265.52,2,Efectivo,531.04
V1000549,2025-12-28,Trujillo,Belleza,Perfume,123.7,3,Yape,371.1
V1000550,2025-07-06,Trujillo,Tecnología,Tablet,384.15,5,Efectivo,1920.75
V1000551,2025-05-17,Piura,Alimentos,Aceite,394.37,4,Plin,1577.48
V1000552,2025-09-12,Cusco,Alimentos,Arroz,118.82,4,Plin,475.28
V1000553,2025-02-24,Cusco,Hogar,Microondas,220.06,1,Tarjeta,220.06
V1000554,2025-12-30,Piura,Moda,Camisa,68.07,1,Efectivo,68.07
V1000555,2025-02-03,Cusco,Moda,Camisa,32.01,5,Yape,160.05
V1000556,2025-11-19,Trujillo,Tecnología,Tablet,379.59,3,Yape,1138.77
V1000557,2025-12-25,Cusco,,Celular,184.99,2,Tarjeta,369.98
V1000558,2025-12-15,Trujillo,Alimentos,Arroz,185.7,4,Tarjeta,742.8
V1000559,2025-09-14,Arequipa,Hogar,Microondas,459.94,4,Yape,1839.76
V1000560,2025-11-11,Cusco,Hogar,Aspiradora,29.08,2,Tarjeta,58.16
V1000561,2025-10-05,Arequipa,Tecnología,Tablet,148.41,5,Plin,742.05
V1000562,2025-09-13,Cusco,Belleza,Maquillaje,294.24,3,Plin,882.72
V1000563,2025-04-19,Trujillo,,Licuadora,448.11,2,Plin,896.22
V1000564,2025-05-12,Arequipa,Belleza,Maquillaje,253.79,4,Tarjeta,1015.16
V1000565,2025-02-10,Cusco,Belleza,Maquillaje,428.96,4,Efectivo,1715.84
V1000566,2025-11-20,Arequipa,Tecnología,Audífonos,440.95,1,Yape,440.95
V1000567,2025-02-09,Piura,Moda,Casaca,349.87,2,Plin,699.74
V1000568,2025-10-17,Lima,Moda,Camisa,274.16,4,Yape,1096.64
V1000569,2025-03-10,Piura,Belleza,Crema,270.69,5,Tarjeta,1353.45
V1000570,2025-02-23,Piura,Alimentos,Arroz,486.81,5,Tarjeta,2434.05
V1000571,2025-01-03,Cusco,Alimentos,Aceite,367.38,4,Plin,1469.52
V1000572,2025-08-27,Lima,Moda,Camisa,381.94,2,Efectivo,763.88
V1000573,2025-01-25,Cusco,Belleza,Perfume,98.99,3,Yape,296.97
V1000574,2025-02-08,Piura,Alimentos,Aceite,299.41,1,Plin,299.41
V1000575,2025-10-14,Arequipa,Moda,Pantalón,20.13,2,Yape,40.26
V1000576,2025-05-19,Arequipa,Tecnología,Celular,140.01,4,Plin,560.04
V1000577,2025-04-21,Lima,Alimentos,Atún,381.91,1,Tarjeta,381.91
V1000578,2025-02-20,Trujillo,Tecnología,Laptop,467.13,2,Plin,934.26
V1000579,2025-07-17,Lima,Moda,Zapatillas,350.35,5,Efectivo,1751.75
V1000580,2025-03-22,Arequipa,Tecnología,Audífonos,35.43,1,Tarjeta,35.43
V1000581,2025-11-04,Piura,Alimentos,Atún,68.25,1,Plin,68.25
V1000582,2025-07-02,Lima,Belleza,Shampoo,196.45,4,Plin,785.8
V1000583,2025-12-05,Cusco,Alimentos,Café,70.95,2,Tarjeta,141.9
V1000584,2025-07-08,Trujillo,Hogar,Olla,355.39,3,Efectivo,1066.17
V1000585,2025-06-17,Cusco,Tecnología,Laptop,257.35,3,Plin,772.05
V1000586,2025-08-28,Cusco,Belleza,Perfume,204.31,3,Yape,612.93
V1000587,2025-03-30,Trujillo,Hogar,Licuadora,161.8,2,Plin,323.6
V1000588,2025-11-09,Piura,Moda,Casaca,132.73,3,Efectivo,398.19
V1000589,2025-06-28,Arequipa,Moda,Casaca,340.27,4,Tarjeta,1361.08
V1000590,2025-01-12,Piura,Tecnología,Audífonos,103.8,4,Tarjeta,415.2
V1000591,2025-01-05,Lima,Tecnología,Tablet,208.22,3,Tarjeta,624.66
V1000592,2025-01-19,Piura,Hogar,Licuadora,37.73,4,Tarjeta,150.92
V1000593,2025-03-25,Cusco,Belleza,Maquillaje,377.96,4,Tarjeta,1511.84
V1000594,2025-11-15,Arequipa,Hogar,Aspiradora,490.38,2,Efectivo,980.76
V1000595,2025-07-21,Lima,Belleza,Crema,485.63,5,Plin,2428.15
V1000596,2025-03-23,Arequipa,Tecnología,Tablet,217.14,3,Tarjeta,651.42
V1000597,2025-03-12,Cusco,Alimentos,Atún,110.61,1,Yape,110.61
V1000598,2025-05-04,Arequipa,Hogar,Microondas,484.58,3,Yape,1453.74
V1000599,2025-06-06,Trujillo,,Zapatillas,220.88,4,Plin,883.52
V1000600,2025-03-25,Cusco,Moda,Zapatillas,281.16,5,Efectivo,1405.8
V1000601,2025-05-14,Cusco,Moda,Pantalón,230.84,1,Yape,230.84
V1000602,2025-02-28,Trujillo,Alimentos,Aceite,434.39,1,Yape,434.39
V1000603,2025-09-23,Piura,Hogar,Licuadora,114.41,3,Plin,343.23
V1000604,2025-09-05,Trujillo,Belleza,Crema,193.04,5,Plin,965.2
V1000605,2025-10-28,Trujillo,Tecnología,Audífonos,134.02,4,Yape,536.08
V1000606,2025-05-18,Trujillo,Tecnología,Laptop,421.5,2,Plin,843.0
V1000607,2025-11-26,Arequipa,Tecnología,Audífonos,222.46,3,Plin,667.38
V1000608,2025-12-07,Lima,Moda,Casaca,432.05,4,Tarjeta,1728.2
V1000609,2025-03-14,Cusco,Moda,Pantalón,498.17,4,Tarjeta,1992.68
V1000610,2025-02-10,Arequipa,,Pantalón,-359.89,1,Tarjeta,359.89
V1000611,2025-02-16,Lima,Alimentos,Arroz,17.75,3,Plin,53.25
V1000612,2025-10-23,Cusco,Hogar,Aspiradora,218.14,2,Tarjeta,436.28
V1000613,2025-01-16,Arequipa,Moda,Pantalón,476.23,2,Efectivo,952.46
V1000614,2025-06-13,Cusco,Moda,Zapatillas,276.68,3,Efectivo,830.04
V1000615,2025-04-01,Cusco,Tecnología,Celular,191.85,1,Tarjeta,191.85
V1000616,2025-12-11,Lima,Moda,Casaca,190.54,5,Tarjeta,952.7
V1000617,2025-02-25,Cusco,Hogar,Aspiradora,211.56,2,Yape,423.12
V1000618,2025-07-07,Arequipa,Moda,Casaca,226.85,4,Yape,907.4
V1000619,2025-12-01,Trujillo,Belleza,Crema,414.12,3,Efectivo,1242.36
V1000620,2025-07-24,Trujillo,Tecnología,Celular,256.29,5,Yape,1281.45
V1000621,2025-07-26,Lima,Alimentos,Atún,359.35,2,Tarjeta,718.7
V1000622,2025-04-12,Piura,Tecnología,Tablet,263.05,1,Efectivo,263.05
V1000623,2025-01-21,Arequipa,Alimentos,Atún,363.08,4,Yape,1452.32
V1000624,2025-03-10,Lima,Moda,Casaca,463.03,3,Plin,1389.09
V1000625,2025-01-23,Lima,Hogar,Aspiradora,373.84,2,Plin,747.68
V1000626,2025-08-25,Piura,Tecnología,Tablet,319.79,1,Efectivo,319.79
V1000627,2025-10-22,Lima,Hogar,Aspiradora,60.26,1,Efectivo,60.26
V1000628,2025-04-19,Cusco,,Zapatillas,104.99,5,Efectivo,524.95
V1000629,2025-03-17,Cusco,Tecnología,Celular,225.21,1,Tarjeta,225.21
V1000630,2025-03-28,Piura,Belleza,Maquillaje,350.04,5,Tarjeta,1750.2
V1000631,2025-05-14,Trujillo,Belleza,Crema,155.43,1,Efectivo,155.43
V1000632,2025-05-06,Cusco,Tecnología,Tablet,446.52,2,Efectivo,893.04
V1000633,2025-04-25,Trujillo,Alimentos,Aceite,264.42,4,Yape,1057.68
V1000634,2025-04-28,Trujillo,Moda,Casaca,311.99,5,Tarjeta,1559.95
V1000635,2025-01-19,Cusco,Tecnología,Celular,211.81,2,Tarjeta,423.62
V1000636,2025-12-20,Cusco,Belleza,Shampoo,436.56,2,Tarjeta,873.12
V1000637,2025-02-17,Lima,Belleza,Shampoo,67.43,5,Yape,337.15
V1000638,2025-01-17,Piura,Hogar,Aspiradora,384.75,3,Yape,1154.25
V1000639,2025-11-01,Piura,Hogar,Aspiradora,18.88,1,Yape,18.88
V1000640,2025-09-08,Piura,,Audífonos,284.73,5,Yape,1423.65
V1000641,2025-05-24,Lima,Hogar,Microondas,364.49,1,Tarjeta,364.49
V1000642,2025-03-27,Lima,Tecnología,Audífonos,72.42,1,Yape,72.42
V1000643,2025-12-05,Cusco,Belleza,Crema,208.24,3,Yape,624.72
V1000644,2025-01-30,Lima,Belleza,Maquillaje,17.6,2,Plin,35.2
V1000645,2025-08-27,Lima,Alimentos,Café,484.35,4,Plin,1937.4
V1000646,2025-02-18,Piura,Tecnología,Celular,193.98,5,Efectivo,969.9
V1000647,2025-08-09,Cusco,Alimentos,Aceite,167.37,3,Yape,502.11
V1000648,2025-03-03,Trujillo,Moda,Zapatillas,191.05,3,Efectivo,573.15
V1000649,2025-04-06,Cusco,Moda,Pantalón,116.66,1,Tarjeta,116.66
V1000650,2025-06-08,Trujillo,Alimentos,Aceite,388.68,1,Plin,388.68
V1000651,2025-09-07,Arequipa,Tecnología,Laptop,265.33,2,Plin,530.66
V1000652,2025-12-21,Piura,Tecnología,Audífonos,314.03,5,Yape,1570.15
V1000653,2025-09-22,Trujillo,Alimentos,Aceite,377.49,1,Plin,377.49
V1000654,2025-10-04,Arequipa,Moda,Casaca,427.77,5,Efectivo,2138.85
V1000655,2025-11-28,Arequipa,Hogar,Aspiradora,361.03,9999,Tarjeta,1083.09
V1000656,2025-04-04,Trujillo,Belleza,Crema,258.46,1,Efectivo,258.46
V1000657,2025-06-27,Trujillo,Hogar,Licuadora,412.7,2,Efectivo,825.4
V1000658,2025-03-03,Lima,Tecnología,Audífonos,322.01,3,Efectivo,966.03
V1000659,2025-05-09,Piura,Belleza,Maquillaje,103.55,2,Efectivo,207.1
V1000660,2025-12-22,Arequipa,Belleza,Perfume,390.63,4,Plin,1562.52
V1000661,2025-12-23,Trujillo,Alimentos,Café,83.8,1,Tarjeta,83.8
V1000662,2025-04-06,Cusco,Belleza,Perfume,283.1,2,Plin,566.2
V1000663,2025-02-25,Cusco,Tecnología,Tablet,169.39,5,Yape,846.95
V1000664,2025-08-18,Arequipa,Belleza,Crema,376.52,1,Efectivo,376.52
V1000665,2025-09-13,Cusco,Belleza,Maquillaje,452.52,5,Yape,2262.6
V1000666,2025-03-02,Arequipa,Moda,Zapatillas,498.84,3,,1496.52
V1000667,2025-09-26,Lima,Belleza,Perfume,20.99,3,Tarjeta,62.97
V1000668,2025-10-31,Piura,Moda,Zapatillas,17.71,2,Tarjeta,35.42
V1000669,2025-07-02,Cusco,Alimentos,Aceite,286.06,5,Tarjeta,1430.3
V1000670,2025-05-18,Cusco,Belleza,Shampoo,43.97,5,Yape,219.85
V1000671,2025-06-20,Arequipa,Moda,Pantalón,77.83,1,Plin,77.83
V1000672,2025-12-09,Cusco,Moda,Pantalón,192.03,4,Tarjeta,768.12
V1000673,2025-02-20,Piura,Moda,Casaca,252.13,1,Efectivo,252.13
V1000674,2025-06-15,Lima,Alimentos,Aceite,36.14,3,,108.42
V1000675,2025-06-04,Arequipa,Hogar,Olla,471.43,5,Plin,2357.15
V1000676,2025-12-09,Lima,Belleza,Perfume,351.6,1,Efectivo,351.6
V1000677,2025-12-05,Lima,Hogar,Olla,407.03,1,Yape,407.03
V1000678,2025-08-02,Arequipa,Alimentos,Atún,231.93,2,Plin,463.86
V1000679,2025-04-22,Lima,Hogar,Licuadora,94.0,4,Plin,376.0
V1000680,2025-08-10,Cusco,Alimentos,Café,249.36,5,Tarjeta,1246.8
V1000681,2025-10-20,Lima,Hogar,Microondas,324.86,2,Yape,649.72
V1000682,2025-10-26,Trujillo,Alimentos,Café,42.6,2,Efectivo,85.2
V1000683,2025-05-08,Trujillo,Tecnología,Tablet,130.68,3,Yape,392.04
V1000684,2025-08-27,Cusco,Belleza,Shampoo,402.04,1,Yape,402.04
V1000685,2025-07-31,Piura,Moda,Pantalón,348.69,1,Plin,348.69
V1000686,2025-08-10,Trujillo,Belleza,Maquillaje,42.84,4,Tarjeta,171.36
V1000687,2025-03-05,Arequipa,Tecnología,Celular,159.97,3,Efectivo,479.91
V1000688,2025-03-12,Trujillo,Hogar,Microondas,122.39,4,Efectivo,489.56
V1000689,2025-02-21,Piura,Hogar,Olla,486.81,1,Plin,486.81
V1000690,2025-02-25,Cusco,Alimentos,Aceite,318.98,5,Efectivo,1594.9
V1000691,2025-05-18,Trujillo,Alimentos,Arroz,183.31,5,Plin,916.55
V1000692,2025-04-11,Arequipa,Alimentos,Aceite,450.14,2,Plin,900.28
V1000693,2025-01-31,Cusco,Hogar,Olla,312.44,5,Plin,1562.2
V1000694,2025-05-08,Cusco,Hogar,Olla,144.08,1,Tarjeta,144.08
V1000695,2025-11-09,Arequipa,Hogar,Aspiradora,215.12,1,Efectivo,215.12
V1000696,2025-03-30,Arequipa,Belleza,Perfume,495.97,1,Yape,495.97
V1000697,2025-09-28,Piura,Hogar,Aspiradora,384.93,4,Efectivo,1539.72
V1000698,2025-03-23,Piura,Moda,Casaca,331.47,4,Plin,1325.88
V1000699,2025-11-23,Lima,Moda,Zapatillas,401.86,4,Yape,1607.44
V1000700,2025-08-12,Piura,Tecnología,Laptop,476.21,5,Efectivo,2381.05
V1000701,2025-03-18,Lima,Moda,Casaca,249.92,4,Plin,999.68
V1000702,2025-11-29,Cusco,Tecnología,Celular,74.51,4,Tarjeta,298.04
V1000703,2025-05-11,Piura,Moda,Pantalón,414.6,5,Efectivo,2073.0
V1000704,2025-01-06,Cusco,Tecnología,Celular,190.02,3,Plin,570.06
V1000705,2025-11-11,Piura,Tecnología,Audífonos,175.45,4,Tarjeta,701.8
V1000706,2025-10-14,Piura,Tecnología,Celular,265.76,4,Tarjeta,1063.04
V1000707,2025-05-07,Arequipa,Belleza,Crema,36.22,4,Tarjeta,144.88
V1000708,2025-09-30,Arequipa,Tecnología,Tablet,461.16,5,Yape,2305.8
V1000709,2025-04-21,Cusco,Moda,Camisa,239.35,1,Plin,239.35
V1000710,2025-07-08,Arequipa,Tecnología,Celular,220.69,1,Efectivo,220.69
V1000711,2025-04-06,Arequipa,Belleza,Shampoo,356.98,2,Tarjeta,713.96
V1000712,2025-04-04,Piura,Moda,Casaca,176.8,3,Plin,530.4
V1000713,2025-06-29,Arequipa,Tecnología,Tablet,255.63,4,Efectivo,1022.52
V1000714,2025-11-09,Trujillo,Tecnología,Laptop,421.2,1,Plin,421.2
V1000715,2025-11-27,Arequipa,Moda,Casaca,126.36,4,Tarjeta,505.44
V1000716,2025-03-13,Cusco,Belleza,Crema,350.86,3,Plin,1052.58
V1000717,2025-07-09,Cusco,Hogar,Licuadora,288.55,1,Tarjeta,288.55
V1000718,2025-08-09,Piura,Hogar,Aspiradora,419.18,2,,838.36
V1000719,2025-07-11,Cusco,Belleza,Crema,52.9,1,Yape,52.9
V1000720,2025-05-19,Lima,Moda,Camisa,481.13,3,Yape,1443.39
V1000721,2025-09-30,Cusco,Alimentos,Café,165.6,2,Efectivo,331.2
V1000722,2025-09-01,Trujillo,Belleza,Crema,145.96,3,Plin,437.88
V1000723,2025-09-26,Trujillo,Hogar,Microondas,360.86,1,Plin,360.86
V1000724,2025-03-24,Arequipa,Alimentos,Café,176.59,3,Plin,529.77
V1000725,2025-07-29,Lima,Tecnología,Audífonos,492.57,2,Plin,985.14
V1000726,2025-05-17,Trujillo,Alimentos,Atún,83.73,5,Tarjeta,418.65
V1000727,2025-03-08,Arequipa,Hogar,Olla,240.77,2,Tarjeta,481.54
V1000728,2025-12-26,Arequipa,Hogar,Licuadora,453.14,5,Yape,2265.7
V1000729,2025-10-10,Lima,Hogar,Licuadora,236.57,1,Tarjeta,236.57
V1000730,2025-10-09,Arequipa,Alimentos,Atún,443.45,4,Plin,1773.8
V1000731,2025-03-28,Lima,Alimentos,Aceite,103.4,3,Efectivo,310.2
V1000732,2025-12-06,Lima,Belleza,Maquillaje,68.75,5,Tarjeta,343.75
V1000733,2025-10-21,Piura,Alimentos,Atún,475.45,4,Yape,1901.8
V1000734,2025-10-04,Lima,Tecnología,Celular,277.88,1,Yape,277.88
V1000735,2025-10-30,Trujillo,Alimentos,Atún,466.46,4,Yape,1865.84
V1000736,2025-02-09,Arequipa,Moda,Pantalón,170.13,1,Plin,170.13
V1000737,2025-03-02,Piura,Moda,Pantalón,292.66,5,Plin,1463.3
V1000738,2025-08-25,Piura,Moda,Camisa,42.94,2,Tarjeta,85.88
V1000739,2025-11-03,Cusco,Alimentos,Café,119.3,2,Tarjeta,238.6
V1000740,2025-08-08,Arequipa,Moda,Pantalón,137.24,2,Tarjeta,274.48
V1000741,2025-09-04,Trujillo,Hogar,Aspiradora,349.09,5,Yape,1745.45
V1000742,2025-11-17,Lima,Tecnología,Audífonos,347.49,2,Tarjeta,694.98
V1000743,2025-01-22,Cusco,Tecnología,Laptop,399.03,1,Tarjeta,399.03
V1000744,2025-05-21,Lima,Hogar,Microondas,238.68,5,Efectivo,1193.4
V1000745,2025-01-14,Piura,Moda,Zapatillas,413.58,3,Tarjeta,1240.74
V1000746,2025-09-02,Cusco,Tecnología,Tablet,68.14,2,Tarjeta,136.28
V1000747,2025-01-26,Piura,Tecnología,Celular,209.8,3,Plin,629.4
V1000748,2025-05-26,Trujillo,Hogar,Aspiradora,464.77,5,Yape,2323.85
V1000749,2025-01-19,Cusco,Alimentos,Atún,334.27,1,,334.27
V1000750,2025-04-10,Cusco,Moda,Casaca,470.69,4,Plin,1882.76
V1000751,2025-05-25,Cusco,Belleza,Crema,61.88,4,Tarjeta,247.52
V1000752,2025-05-08,Piura,Hogar,Olla,116.31,4,Plin,465.24
V1000753,2025-07-27,Trujillo,Moda,Casaca,30.54,5,Efectivo,152.7
V1000754,2025-12-18,Piura,Alimentos,Aceite,282.95,3,Yape,848.85
V1000755,2025-02-14,Arequipa,Tecnología,Tablet,34.61,4,Yape,138.44
V1000756,2025-05-05,Lima,Hogar,Olla,207.57,2,Efectivo,415.14
V1000757,2025-07-16,Piura,Hogar,Aspiradora,205.13,2,Yape,410.26
V1000758,2025-05-31,Piura,Belleza,Crema,274.75,2,Tarjeta,549.5
V1000759,2025-01-04,Piura,Alimentos,Atún,255.23,2,Efectivo,510.46
V1000760,2025-04-06,Lima,Hogar,Aspiradora,451.78,3,Yape,1355.34
V1000761,2025-04-16,Cusco,Moda,Zapatillas,489.39,4,Yape,1957.56
V1000762,2025-12-03,Lima,Alimentos,Atún,179.44,3,Efectivo,538.32
V1000763,2025-05-30,Cusco,Tecnología,Laptop,495.26,3,Tarjeta,1485.78
V1000764,2025-03-17,Lima,,Aceite,68.99,1,Tarjeta,68.99
V1000765,2025-03-24,Piura,Hogar,Licuadora,215.73,4,Plin,862.92
V1000766,2025-08-25,Lima,Tecnología,Celular,450.0,1,Efectivo,450.0
V1000767,2025-04-04,Lima,Hogar,Aspiradora,334.24,4,Plin,1336.96
V1000768,2025-09-23,Cusco,Hogar,Licuadora,21.62,5,Efectivo,108.1
V1000769,2025-07-28,Arequipa,Belleza,Maquillaje,27.61,2,Efectivo,55.22
V1000770,2025-11-27,Lima,Moda,Zapatillas,202.52,5,Yape,1012.6
V1000771,2025-05-24,Lima,Hogar,Olla,163.72,2,Plin,327.44
V1000772,2025-11-29,Trujillo,Alimentos,Atún,13.07,2,Yape,26.14
V1000773,2025-10-10,Trujillo,Moda,Casaca,211.14,3,Tarjeta,633.42
V1000774,2025-10-19,Piura,Belleza,Maquillaje,465.9,4,Plin,1863.6
V1000775,2025-06-24,Trujillo,Belleza,Shampoo,50.93,2,,101.86
V1000776,2025-06-29,Trujillo,Belleza,Shampoo,226.63,3,Yape,679.89
V1000777,2025-10-02,Piura,Alimentos,Aceite,112.21,5,Yape,561.05
V1000778,2025-10-12,Trujillo,Alimentos,Arroz,141.41,4,Efectivo,565.64
V1000779,2025-12-22,Piura,Hogar,Licuadora,351.61,5,Yape,1758.05
V1000780,2025-12-22,Trujillo,Belleza,Maquillaje,162.84,1,Yape,162.84
V1000781,2025-02-07,Trujillo,Moda,Zapatillas,397.36,4,Tarjeta,1589.44
V1000782,2025-02-19,Arequipa,Alimentos,Arroz,86.6,3,Tarjeta,259.8
V1000783,2025-11-20,Piura,Hogar,Olla,49.8,2,Tarjeta,99.6
V1000784,2025-04-05,Trujillo,Hogar,Licuadora,92.84,3,Tarjeta,278.52
V1000785,2025-07-08,Cusco,Belleza,Perfume,239.16,2,Yape,478.32
V1000786,2025-05-18,Arequipa,Alimentos,Aceite,171.84,1,Plin,171.84
V1000787,2025-04-17,Lima,Belleza,Perfume,282.53,4,,1130.12
V1000788,2025-11-02,Trujillo,Hogar,Licuadora,240.77,3,Plin,722.31
V1000789,2025-02-16,Trujillo,Tecnología,Laptop,385.03,2,Efectivo,770.06
V1000790,2025-04-18,Cusco,Alimentos,Aceite,151.04,2,Yape,302.08
V1000791,2025-07-14,Trujillo,Moda,Zapatillas,341.48,1,Efectivo,341.48
V1000792,2025-11-01,Arequipa,Hogar,Olla,10.66,4,Efectivo,42.64
V1000793,2025-10-08,Piura,Alimentos,Aceite,349.25,1,Tarjeta,349.25
V1000794,2025-02-11,Piura,,Celular,74.18,1,Plin,74.18
V1000795,2025-12-29,Cusco,Hogar,Aspiradora,498.49,2,Tarjeta,996.98
V1000796,2025-01-12,Lima,Hogar,Olla,23.64,2,Plin,47.28
V1000797,2025-08-14,Trujillo,Tecnología,Audífonos,319.37,1,Yape,319.37
V1000798,2025-06-13,Cusco,Alimentos,Aceite,335.27,2,Tarjeta,670.54
V1000799,2025-04-11,Trujillo,Alimentos,Café,286.32,5,Efectivo,1431.6
V1000800,2025-05-26,Arequipa,Belleza,Maquillaje,432.87,4,Tarjeta,1731.48
V1000801,2025-01-22,Piura,Alimentos,Café,306.69,1,Tarjeta,306.69
V1000802,2025-05-28,Arequipa,Alimentos,Aceite,154.95,5,Yape,774.75
V1000803,2025-05-29,Cusco,Moda,Pantalón,226.76,4,Plin,907.04
V1000804,2025-03-28,Piura,Tecnología,Audífonos,71.87,4,Tarjeta,287.48
V1000805,2025-11-06,Trujillo,Tecnología,Celular,165.95,3,Plin,497.85
V1000806,2025-07-25,Cusco,Moda,Camisa,16.68,3,Tarjeta,50.04
V1000807,2025-03-24,Piura,Alimentos,Atún,413.57,5,Tarjeta,2067.85
V1000808,2025-11-22,Lima,Belleza,Perfume,196.19,5,Tarjeta,980.95
V1000809,2025-08-07,Lima,Alimentos,Café,56.53,4,Plin,226.12
V1000810,2025-02-23,Cusco,Moda,Camisa,52.95,3,Plin,158.85
V1000811,2025-07-12,Arequipa,Moda,Camisa,159.81,1,Efectivo,159.81
V1000812,2025-12-06,Piura,Belleza,Maquillaje,75.27,3,Plin,225.81
V1000813,2025-07-16,Cusco,Moda,Casaca,349.78,5,Plin,1748.9
V1000814,2025-06-16,Trujillo,Tecnología,Audífonos,254.98,3,Tarjeta,764.94
V1000815,2025-05-21,Piura,Moda,Casaca,386.07,4,Plin,1544.28
V1000816,2025-12-31,Cusco,Belleza,Perfume,120.76,2,Efectivo,241.52
V1000817,2025-01-26,Cusco,Moda,Camisa,275.27,4,Plin,1101.08
V1000818,2025-08-28,Cusco,Moda,Casaca,242.34,3,Efectivo,727.02
V1000819,2025-01-11,Arequipa,Hogar,Licuadora,143.18,4,Efectivo,572.72
V1000820,2025-08-08,Lima,Tecnología,Audífonos,406.86,3,Plin,1220.58
V1000821,2025-12-25,Piura,,Casaca,103.07,2,Efectivo,206.14
V1000822,2025-02-20,Piura,Alimentos,Arroz,20.26,1,Tarjeta,20.26
V1000823,2025-04-28,Lima,Tecnología,Tablet,341.07,3,Plin,1023.21
V1000824,2025-01-07,Arequipa,Tecnología,Audífonos,191.31,1,Yape,191.31
V1000825,2025-10-06,Arequipa,Belleza,Maquillaje,294.07,1,Efectivo,294.07
V1000826,2025-02-23,Piura,Tecnología,Audífonos,47.59,3,,142.77
V1000827,2025-09-30,Cusco,Alimentos,Café,65.93,4,Tarjeta,263.72
V1000828,2025-03-20,Lima,Belleza,Perfume,10.09,3,Yape,30.27
V1000829,2025-03-05,Trujillo,Belleza,Crema,40.11,1,Efectivo,40.11
V1000830,2025-07-29,Lima,Tecnología,Laptop,98.45,1,Yape,98.45
V1000831,2025-11-02,Cusco,Belleza,Maquillaje,155.71,4,Tarjeta,622.84
V1000832,2025-01-04,Lima,Alimentos,Café,112.33,2,Plin,224.66
V1000833,2025-03-12,Arequipa,Tecnología,Laptop,58.31,5,Plin,291.55
V1000834,2025-10-19,Arequipa,Moda,Casaca,48.85,3,Plin,146.55
V1000835,2025-05-26,Trujillo,Tecnología,Tablet,440.6,3,Yape,1321.8
V1000836,2025-07-06,Trujillo,Moda,Camisa,49.5,2,Plin,99.0
V1000837,2025-05-12,Cusco,Tecnología,Celular,318.75,4,Efectivo,1275.0
V1000838,2025-06-30,Piura,Hogar,Aspiradora,168.32,2,Yape,336.64
V1000839,2025-08-25,Trujillo,Hogar,Olla,402.83,3,Tarjeta,1208.49
V1000840,2025-04-05,Piura,,Microondas,339.4,1,Efectivo,339.4
V1000841,2025-01-12,Cusco,Belleza,Perfume,491.44,5,Plin,2457.2
V1000842,2025-06-10,Cusco,Belleza,Crema,182.26,2,Plin,364.52
V1000843,2025-06-21,Arequipa,Belleza,Perfume,102.75,2,Plin,205.5
V1000844,2025-07-05,Lima,Belleza,Maquillaje,33.7,2,Yape,67.4
V1000845,2025-07-29,Trujillo,Alimentos,Arroz,256.74,2,Plin,513.48
V1000846,2025-01-25,Lima,Hogar,Aspiradora,212.93,4,Plin,851.72
V1000847,2025-06-28,Lima,Alimentos,Arroz,20.3,5,Yape,101.5
V1000848,2025-02-11,Piura,Belleza,Maquillaje,420.25,3,Yape,1260.75
V1000849,2025-09-28,Piura,Hogar,Licuadora,90.05,3,Efectivo,270.15
V1000850,2025-01-29,Cusco,Alimentos,Aceite,198.7,5,Tarjeta,993.5
V1000851,2025-03-08,Arequipa,Moda,Casaca,242.47,3,Tarjeta,727.41
V1000852,2025-02-14,Piura,Moda,Zapatillas,440.24,4,Efectivo,1760.96
V1000853,2025-11-23,Arequipa,Belleza,Shampoo,452.35,1,Tarjeta,452.35
V1000854,2025-01-01,Arequipa,Alimentos,Atún,298.72,1,Tarjeta,298.72
V1000855,2025-01-12,Lima,Hogar,Aspiradora,400.28,1,Plin,400.28
V1000856,2025-10-06,Cusco,,Celular,345.31,3,Tarjeta,1035.93
V1000857,2025-07-09,Piura,Hogar,Licuadora,281.82,2,Yape,563.64
V1000858,2025-11-15,Lima,Alimentos,Café,324.49,3,Plin,973.47
V1000859,2025-08-20,Trujillo,Tecnología,Tablet,174.33,1,Efectivo,174.33
V1000860,2025-01-06,Piura,Moda,Camisa,93.06,4,Efectivo,372.24
V1000861,2025-12-04,Arequipa,Hogar,Microondas,278.0,2,Yape,556.0
V1000862,2025-04-24,Lima,Alimentos,Atún,393.39,3,Yape,1180.17
V1000863,2025-01-26,Piura,Belleza,Maquillaje,250.04,1,Yape,250.04
V1000864,2025-08-02,Cusco,Moda,Pantalón,407.13,4,Plin,1628.52
V1000865,2025-07-06,Lima,Alimentos,Atún,265.72,4,Tarjeta,1062.88
V1000866,2025-02-06,Arequipa,Tecnología,Audífonos,78.59,3,Plin,235.77
V1000867,2025-05-06,Trujillo,Belleza,Crema,39.0,4,Plin,156.0
V1000868,2025-06-22,Trujillo,Moda,Zapatillas,475.14,5,Efectivo,2375.7
V1000869,2025-03-06,Cusco,Belleza,Maquillaje,368.13,3,Yape,1104.39
V1000870,2025-05-26,Lima,Belleza,Shampoo,241.15,3,Tarjeta,723.45
V1000871,2025-03-29,Cusco,Alimentos,Atún,22.35,2,Yape,44.7
V1000872,2025-12-06,Cusco,Hogar,Microondas,171.97,5,Tarjeta,859.85
V1000873,2025-10-14,Piura,Tecnología,Celular,261.46,5,Tarjeta,1307.3
V1000874,2025-12-09,Trujillo,,Laptop,456.86,4,Tarjeta,1827.44
V1000875,2025-01-25,Arequipa,Alimentos,Aceite,213.6,3,Tarjeta,640.8
V1000876,2025-02-07,Piura,Belleza,Perfume,296.57,3,Yape,889.71
V1000877,2025-12-21,Lima,Belleza,Maquillaje,25.16,1,Plin,25.16
V1000878,2025-12-10,Piura,,Perfume,449.32,4,Tarjeta,1797.28
V1000879,2025-05-06,Cusco,Belleza,Crema,446.42,2,Tarjeta,892.84
V1000880,2025-07-30,Lima,Moda,Casaca,154.92,1,Tarjeta,154.92
V1000881,2025-12-02,Trujillo,Hogar,Olla,130.96,2,Tarjeta,261.92
V1000882,2025-02-14,Piura,,Crema,43.01,1,Plin,43.01
V1000883,2025-02-08,Arequipa,Moda,Pantalón,263.86,4,Efectivo,1055.44
V1000884,2025-03-29,Trujillo,Alimentos,Arroz,407.81,4,Yape,1631.24
V1000885,2025-04-19,Lima,Tecnología,Celular,467.05,3,Tarjeta,1401.15
V1000886,2025-03-10,Piura,Alimentos,Café,405.78,2,Tarjeta,811.56
V1000887,2025-09-17,Arequipa,Belleza,Shampoo,362.88,1,Plin,362.88
V1000888,2025-07-10,Lima,Moda,Pantalón,135.53,3,Tarjeta,406.59
V1000889,2025-10-25,Piura,Belleza,Maquillaje,255.03,4,Tarjeta,1020.12
V1000890,2025-03-14,Trujillo,Hogar,Licuadora,163.17,4,Yape,652.68
V1000891,2025-05-31,Piura,Belleza,Crema,193.23,5,Yape,966.15
V1000892,2025-10-14,Arequipa,Tecnología,Tablet,202.84,1,Tarjeta,202.84
V1000893,2025-06-02,Piura,Hogar,Microondas,-291.78,2,Yape,583.56
V1000894,2025-07-05,Cusco,Moda,Pantalón,111.22,4,Plin,444.88
V1000895,2025-08-02,Cusco,Belleza,Maquillaje,141.89,1,Plin,141.89
V1000896,2025-02-04,Lima,Tecnología,Audífonos,478.58,3,Tarjeta,1435.74
V1000897,2025-05-24,Cusco,Tecnología,Tablet,50.38,4,Yape,201.52
V1000898,2025-09-30,Piura,,Aspiradora,436.94,2,Efectivo,873.88
V1000899,2025-01-06,Arequipa,Alimentos,Atún,428.13,1,Yape,428.13
V1000900,2025-06-23,Cusco,Tecnología,Celular,129.35,2,Plin,258.7
V1000901,2025-03-16,Piura,,Pantalón,228.25,5,Efectivo,1141.25
V1000902,2025-11-24,Cusco,Moda,Casaca,151.83,3,Yape,455.49
V1000903,2025-04-19,Lima,Tecnología,Laptop,373.57,4,Yape,1494.28
V1000904,2025-09-03,Piura,Moda,Casaca,431.24,1,Yape,431.24
V1000905,2025-03-28,Lima,Alimentos,Atún,419.86,5,Tarjeta,2099.3
V1000906,2025-03-04,Trujillo,Hogar,Aspiradora,260.45,1,Yape,260.45
V1000907,2025-02-17,Cusco,Belleza,Maquillaje,467.59,3,Plin,1402.77
V1000908,2025-11-13,Lima,Belleza,Maquillaje,365.43,2,Efectivo,730.86
V1000909,2025-12-01,Cusco,Hogar,Licuadora,432.62,3,Efectivo,1297.86
V1000910,2025-12-27,Arequipa,Belleza,Maquillaje,489.02,5,,2445.1
V1000911,2025-08-29,Piura,Alimentos,Arroz,37.52,4,Efectivo,150.08
V1000912,2025-12-15,Arequipa,Tecnología,Celular,225.93,5,Yape,1129.65
V1000913,2025-02-07,Cusco,Belleza,Crema,242.26,5,Efectivo,1211.3
V1000914,2025-02-25,Piura,Tecnología,Tablet,216.87,5,Efectivo,1084.35
V1000915,2025-09-29,Arequipa,Moda,Pantalón,340.04,3,Tarjeta,1020.12
V1000916,2025-05-10,Trujillo,Hogar,Aspiradora,333.79,1,Yape,333.79
V1000917,2025-11-21,Piura,Tecnología,Tablet,10.81,3,Tarjeta,32.43
V1000918,2025-07-20,Piura,Belleza,Crema,117.62,1,Yape,117.62
V1000919,2025-12-08,Arequipa,Alimentos,Atún,378.9,3,Efectivo,1136.7
V1000920,2025-01-18,Lima,Tecnología,Audífonos,220.96,4,Plin,883.84
V1000921,2025-03-23,Cusco,Belleza,Perfume,374.57,1,Plin,374.57
V1000922,2025-04-15,Trujillo,Hogar,Olla,497.22,2,Yape,994.44
V1000923,2025-12-28,Lima,Hogar,Aspiradora,49.77,5,,248.85
V1000924,2025-06-20,Piura,Belleza,Crema,439.95,2,Yape,879.9
V1000925,2025-10-13,Arequipa,,Pantalón,235.76,3,Yape,707.28
V1000926,2025-04-16,Arequipa,Hogar,Aspiradora,444.39,1,Plin,444.39
V1000927,2025-12-29,Piura,Hogar,Aspiradora,271.98,1,Yape,271.98
V1000928,2025-10-25,Cusco,Alimentos,Café,411.25,4,Plin,1645.0
V1000929,2025-11-24,Lima,Moda,Pantalón,128.17,3,Efectivo,384.51
V1000930,2025-11-12,Cusco,Tecnología,Celular,194.66,3,Plin,583.98
V1000931,2025-02-11,Arequipa,Belleza,Shampoo,477.17,2,Yape,954.34
V1000932,2025-09-30,Lima,Hogar,Licuadora,393.75,3,Plin,1181.25
V1000933,2025-02-26,Trujillo,Moda,Pantalón,455.62,5,Tarjeta,2278.1
V1000934,2025-12-07,Piura,Alimentos,Aceite,48.15,3,Tarjeta,144.45
V1000935,2025-10-04,Piura,Moda,Casaca,92.72,5,Efectivo,463.6
V1000936,2025-12-02,Trujillo,,Aspiradora,419.85,3,Tarjeta,1259.55
V1000937,2025-07-06,Trujillo,Tecnología,Laptop,149.25,2,Efectivo,298.5
V1000938,2025-07-25,Cusco,Belleza,Crema,92.11,5,,460.55
V1000939,2025-05-20,Lima,Belleza,Maquillaje,335.05,5,,1675.25
V1000940,2025-02-14,Lima,Moda,Zapatillas,475.9,5,Yape,2379.5
V1000941,2025-01-27,Arequipa,Alimentos,Arroz,31.12,5,Yape,155.6
V1000942,2025-07-04,Piura,Moda,Camisa,256.81,2,Tarjeta,513.62
V1000943,2025-06-03,Cusco,Belleza,Perfume,318.0,5,Efectivo,1590.0
V1000944,2025-06-18,Lima,Tecnología,Audífonos,375.4,2,Plin,750.8
V1000945,2025-02-12,Lima,,Aspiradora,285.31,4,Plin,1141.24
V1000946,2025-03-12,Arequipa,Hogar,Microondas,347.52,5,Efectivo,1737.6
V1000947,2025-07-28,Lima,Alimentos,Aceite,484.19,2,Yape,968.38
V1000948,2025-02-25,Lima,Alimentos,Café,187.63,3,Plin,562.89
V1000949,2025-11-16,Cusco,Tecnología,Celular,241.53,4,Efectivo,966.12
V1000950,2025-09-28,Lima,Belleza,Perfume,212.06,2,Tarjeta,424.12
V1000951,2025-03-15,Lima,Moda,Camisa,186.59,5,Efectivo,932.95
V1000952,2025-12-10,Lima,Tecnología,Laptop,123.48,1,Efectivo,123.48
V1000953,2025-11-14,Lima,Tecnología,Tablet,463.77,5,Efectivo,2318.85
V1000954,2025-07-22,Piura,Hogar,Aspiradora,227.45,5,Plin,1137.25
V1000955,2025-12-31,Lima,Hogar,Microondas,367.15,4,Tarjeta,1468.6
V1000956,2025-03-23,Lima,Belleza,Shampoo,446.22,5,Yape,2231.1
V1000957,2025-12-04,Cusco,,Café,295.73,3,Plin,887.19
V1000958,2025-07-24,Cusco,Tecnología,Audífonos,116.12,3,Efectivo,348.36
V1000959,2025-01-26,Lima,Alimentos,Aceite,177.64,4,Tarjeta,710.56
V1000960,2025-06-30,Cusco,Hogar,Microondas,459.44,3,Tarjeta,1378.32
V1000961,2025-03-17,Lima,Alimentos,Café,177.51,3,Tarjeta,532.53
V1000962,2025-12-21,Trujillo,Hogar,Olla,471.09,4,Plin,1884.36
V1000963,2025-11-06,Lima,Belleza,Shampoo,19.81,2,Plin,39.62
V1000964,2025-12-14,Trujillo,Belleza,Maquillaje,334.23,3,Efectivo,1002.69
V1000965,2025-11-30,Lima,Hogar,Microondas,23.17,4,Yape,92.68
V1000966,2025-03-09,Piura,Moda,Pantalón,479.0,4,Efectivo,1916.0
V1000967,2025-05-20,Arequipa,Tecnología,Tablet,272.46,2,Plin,544.92
V1000968,2025-05-29,Trujillo,Hogar,Olla,10.46,2,Efectivo,20.92
V1000969,2025-03-28,Piura,Tecnología,Audífonos,199.97,4,Efectivo,799.88
V1000970,2025-10-03,Cusco,Alimentos,Aceite,304.12,4,Plin,1216.48
V1000971,2025-04-10,Cusco,Hogar,Microondas,469.0,5,Plin,2345.0
V1000972,2025-10-05,Arequipa,Alimentos,Café,422.63,5,Yape,2113.15
V1000973,2025-09-19,Trujillo,Moda,Zapatillas,427.19,5,Plin,2135.95
V1000974,2025-03-10,Cusco,,Zapatillas,220.87,2,Tarjeta,441.74
V1000975,2025-10-20,Lima,Belleza,Perfume,78.87,1,Efectivo,78.87
V1000976,2025-11-24,Piura,Belleza,Shampoo,284.27,2,Plin,568.54
V1000977,2025-02-04,Arequipa,Belleza,Maquillaje,104.51,2,Tarjeta,209.02
V1000978,2025-05-02,Lima,Hogar,Aspiradora,398.03,3,Tarjeta,1194.09
V1000979,2025-12-25,Trujillo,Alimentos,Aceite,91.47,2,Tarjeta,182.94
V1000980,2025-05-12,Arequipa,Tecnología,Laptop,70.81,4,Tarjeta,283.24
V1000981,2025-12-20,Piura,Hogar,Licuadora,248.73,1,Yape,248.73
V1000982,2025-11-25,Arequipa,Alimentos,Café,147.02,4,Tarjeta,588.08
V1000983,2025-01-10,Piura,Alimentos,Café,136.16,4,Tarjeta,544.64
V1000984,2025-09-10,Arequipa,Hogar,Aspiradora,404.51,4,Efectivo,1618.04
V1000985,2025-08-04,Lima,Alimentos,Arroz,365.1,5,Plin,1825.5
V1000986,2025-11-26,Arequipa,Alimentos,Aceite,280.88,2,Efectivo,561.76
V1000987,2025-09-23,Piura,Moda,Casaca,98.0,1,Efectivo,98.0
V1000988,2025-01-18,Trujillo,Tecnología,Laptop,233.84,4,Plin,935.36
V1000989,2025-10-10,Arequipa,Hogar,Microondas,415.71,2,Plin,831.42
V1000990,2025-10-09,Lima,Hogar,Licuadora,398.05,1,Plin,398.05
V1000991,2025-10-14,Lima,Belleza,Shampoo,132.94,1,Tarjeta,132.94
V1000992,2025-03-25,Cusco,Hogar,Licuadora,293.03,2,Efectivo,586.06
V1000993,2025-01-30,Trujillo,Belleza,Shampoo,58.75,4,Tarjeta,235.0
V1000994,2025-07-13,Arequipa,Moda,Pantalón,433.88,5,Plin,2169.4
V1000995,2025-11-20,Arequipa,Tecnología,Audífonos,345.74,3,Efectivo,1037.22
V1000996,2025-11-06,Lima,Moda,Casaca,463.07,5,Tarjeta,2315.35
V1000997,2025-02-26,Piura,Hogar,Microondas,277.74,5,Yape,1388.7
V1000998,2025-09-16,Arequipa,Belleza,Maquillaje,284.02,2,Yape,568.04
V1000999,2025-04-18,Trujillo,Alimentos,Aceite,194.72,4,Efectivo,778.88
V1001000,2025-10-09,Arequipa,Belleza,Maquillaje,179.47,4,Tarjeta,717.88
V1001001,2025-01-05,Cusco,Belleza,Crema,362.42,1,Tarjeta,362.42
V1001002,2025-05-23,Arequipa,Hogar,Olla,455.32,4,Plin,1821.28
V1001003,2025-09-12,Trujillo,Moda,Camisa,192.77,4,Yape,771.08
V1001004,2025-01-26,Piura,Alimentos,Arroz,497.8,5,Plin,2489.0
V1001005,2025-08-25,Lima,Belleza,Perfume,425.16,5,Yape,2125.8
V1001006,2025-05-24,Piura,Moda,Zapatillas,218.5,5,Efectivo,1092.5
V1001007,2025-10-27,Trujillo,Tecnología,Celular,410.16,1,Plin,410.16
V1001008,2025-01-12,Piura,Tecnología,Celular,320.93,4,Plin,1283.72
V1001009,2025-07-16,Arequipa,Moda,Pantalón,101.6,2,Tarjeta,203.2
V1001010,2025-03-19,Cusco,Hogar,Microondas,220.04,5,Tarjeta,1100.2
V1001011,2025-07-19,Piura,Tecnología,Tablet,498.78,3,Tarjeta,1496.34
V1001012,2025-08-09,Cusco,Belleza,Crema,148.56,4,Efectivo,594.24
V1001013,2025-12-17,Arequipa,,Café,361.66,1,Yape,361.66
V1001014,2025-04-08,Trujillo,Alimentos,Arroz,222.92,5,Tarjeta,1114.6
V1001015,2025-03-04,Lima,Hogar,Licuadora,144.25,4,Tarjeta,577.0
V1001016,2025-09-12,Piura,Tecnología,Celular,373.76,2,Plin,747.52
V1001017,2025-04-26,Piura,Alimentos,Aceite,242.41,2,Tarjeta,484.82
V1001018,2025-12-13,Cusco,Moda,Pantalón,443.33,2,Tarjeta,886.66
V1001019,2025-02-28,Lima,,Café,257.27,2,Tarjeta,514.54
V1001020,2025-10-26,Arequipa,Moda,Zapatillas,455.87,4,Efectivo,1823.48
V1001021,2025-01-27,Trujillo,Tecnología,Tablet,242.8,4,Efectivo,971.2
V1001022,2025-07-14,Lima,Alimentos,Aceite,433.18,2,Yape,866.36
V1001023,2025-11-01,Trujillo,Alimentos,Atún,24.9,4,Yape,99.6
V1001024,2025-07-05,Piura,Alimentos,Café,36.76,4,Plin,147.04
V1001025,2025-05-25,Arequipa,Belleza,Shampoo,430.35,5,Efectivo,2151.75
V1001026,2025-12-22,Trujillo,Alimentos,Café,486.9,4,Yape,1947.6
V1001027,2025-04-27,Trujillo,Tecnología,Audífonos,470.56,5,Yape,2352.8
V1001028,2025-02-11,Lima,Hogar,Aspiradora,35.72,2,Efectivo,71.44
V1001029,2025-12-24,Cusco,Hogar,Olla,355.75,5,,1778.75
V1001030,2025-04-02,Lima,,Audífonos,321.6,5,Tarjeta,1608.0
V1001031,2025-05-25,Piura,Tecnología,Celular,75.87,4,,303.48
V1001032,2025-03-04,Cusco,Moda,Casaca,285.35,5,Efectivo,1426.75
V1001033,2025-08-09,Cusco,Tecnología,Laptop,493.48,4,Efectivo,1973.92
V1001034,2025-03-12,Arequipa,Tecnología,Audífonos,311.38,4,Plin,1245.52
V1001035,2025-06-05,Piura,Tecnología,Tablet,241.4,1,Tarjeta,241.4
V1001036,2025-12-19,Lima,Moda,Camisa,36.93,5,Yape,184.65
V1001037,2025-02-09,Cusco,Tecnología,Laptop,225.39,5,Yape,1126.95
V1001038,2025-06-21,Piura,Alimentos,Aceite,158.58,3,Tarjeta,475.74
V1001039,2025-03-28,Lima,Belleza,Shampoo,-316.36,3,Yape,949.08
V1001040,2025-02-11,Cusco,Hogar,Olla,396.22,3,Yape,1188.66
V1001041,2025-03-04,Trujillo,Hogar,Licuadora,369.25,2,Tarjeta,738.5
V1001042,2025-03-22,Trujillo,Moda,Casaca,92.89,1,Tarjeta,92.89
V1001043,2025-07-15,Piura,Alimentos,Arroz,143.12,5,Efectivo,715.6
V1001044,2025-02-26,Cusco,Hogar,Olla,75.33,3,Yape,225.99
V1001045,2025-05-09,Trujillo,Tecnología,Laptop,393.07,4,Tarjeta,1572.28
V1001046,2025-08-02,Cusco,Moda,Zapatillas,175.61,4,Tarjeta,702.44
V1001047,2025-04-19,Lima,,Crema,137.82,3,Plin,413.46
V1001048,2025-12-08,Arequipa,Alimentos,Café,483.81,3,Plin,1451.43
V1001049,2025-06-16,Lima,,Aspiradora,129.63,2,Yape,259.26
V1001050,2025-02-07,Cusco,Alimentos,Atún,294.8,1,,294.8
V1001051,2025-02-04,Arequipa,Moda,Camisa,261.84,4,Yape,1047.36
V1001052,2025-07-23,Arequipa,Alimentos,Atún,94.78,4,Tarjeta,379.12
V1001053,2025-03-29,Lima,Alimentos,Arroz,376.18,4,Efectivo,1504.72
V1001054,2025-04-18,Arequipa,Belleza,Crema,161.64,4,Yape,646.56
V1001055,2025-03-15,Trujillo,Hogar,Microondas,395.3,1,Yape,395.3
V1001056,2025-09-09,Cusco,Moda,Zapatillas,253.06,2,Efectivo,506.12
V1001057,2025-02-14,Arequipa,Hogar,Licuadora,113.38,4,Yape,453.52
V1001058,2025-12-23,Arequipa,Hogar,Olla,116.62,2,Yape,233.24
V1001059,2025-11-28,Piura,Moda,Casaca,117.84,5,Plin,589.2
V1001060,2025-01-04,Arequipa,Hogar,Licuadora,360.53,4,Efectivo,1442.12
V1001061,2025-11-21,Arequipa,Moda,Camisa,116.55,3,Tarjeta,349.65
V1001062,2025-06-01,Cusco,Alimentos,Atún,402.07,1,Tarjeta,402.07
V1001063,2025-02-25,Trujillo,Moda,Camisa,391.09,4,Efectivo,1564.36
V1001064,2025-06-04,Lima,Belleza,Maquillaje,163.29,3,Tarjeta,489.87
V1001065,2025-09-15,Lima,Tecnología,Laptop,210.5,4,Plin,842.0
V1001066,2025-01-22,Cusco,Moda,Zapatillas,432.48,4,Efectivo,1729.92
V1001067,2025-08-04,Piura,Alimentos,Café,427.38,5,Tarjeta,2136.9
V1001068,2025-06-30,Piura,Tecnología,Tablet,270.42,2,Tarjeta,540.84
V1001069,2025-02-09,Piura,Tecnología,Audífonos,242.47,5,Efectivo,1212.35
V1001070,2025-11-23,Piura,Moda,Casaca,277.97,4,Efectivo,1111.88
V1001071,2025-07-19,Cusco,Moda,Camisa,251.08,2,Efectivo,502.16
V1001072,2025-01-20,Lima,,Celular,136.47,1,Plin,136.47
V1001073,2025-02-14,Cusco,,Celular,356.73,3,Efectivo,1070.19
V1001074,2025-08-02,Trujillo,Hogar,Aspiradora,224.94,1,Tarjeta,224.94
V1001075,2025-02-18,Trujillo,Belleza,Shampoo,234.6,5,Yape,1173.0
V1001076,2025-06-15,Piura,Hogar,Aspiradora,223.16,2,Yape,446.32
V1001077,2025-05-03,Trujillo,Hogar,Microondas,117.96,3,Efectivo,353.88
V1001078,2025-01-02,Piura,Alimentos,Arroz,140.9,5,Yape,704.5
V1001079,2025-06-30,Piura,Alimentos,Café,316.77,3,Efectivo,950.31
V1001080,2025-05-08,Arequipa,Hogar,Licuadora,137.42,5,Yape,687.1
V1001081,2025-08-14,Piura,Alimentos,Atún,232.42,3,Tarjeta,697.26
V1001082,2025-07-01,Piura,Belleza,Crema,177.07,4,Efectivo,708.28
V1001083,2025-03-05,Piura,Moda,Casaca,330.57,2,Yape,661.14
V1001084,2025-01-21,Arequipa,Moda,Zapatillas,54.97,2,Yape,109.94
V1001085,2025-04-09,Cusco,Tecnología,Audífonos,135.0,1,Tarjeta,135.0
V1001086,2025-03-25,Cusco,Moda,Zapatillas,187.52,2,Efectivo,375.04
V1001087,2025-03-10,Lima,Alimentos,Aceite,237.17,5,Yape,1185.85
V1001088,2025-04-24,Trujillo,Hogar,Olla,267.41,1,Yape,267.41
V1001089,2025-08-06,Piura,Tecnología,Laptop,334.49,4,Efectivo,1337.96
V1001090,2025-09-11,Cusco,Belleza,Maquillaje,29.5,5,Yape,147.5
V1001091,2025-02-16,Piura,Alimentos,Café,491.7,3,Tarjeta,1475.1
V1001092,2025-06-04,Arequipa,Hogar,Microondas,290.65,1,Yape,290.65
V1001093,2025-04-27,Piura,Tecnología,Tablet,456.45,5,Plin,2282.25
V1001094,2025-09-21,Arequipa,Alimentos,Aceite,224.64,1,Tarjeta,224.64
V1001095,2025-09-28,Arequipa,Tecnología,Celular,295.39,4,Plin,1181.56
V1001096,2025-02-06,Lima,Belleza,Maquillaje,71.19,4,Plin,284.76
V1001097,2025-08-13,Lima,Belleza,Shampoo,149.19,3,Plin,447.57
V1001098,2025-03-31,Piura,Belleza,Perfume,137.6,4,Plin,550.4
V1001099,2025-02-11,Arequipa,Belleza,Maquillaje,149.06,2,Efectivo,298.12
V1001100,2025-01-25,Lima,Hogar,Aspiradora,313.68,2,Efectivo,627.36
V1001101,2025-06-02,Piura,Alimentos,Atún,305.11,2,Efectivo,610.22
V1001102,2025-03-07,Arequipa,Belleza,Crema,333.59,2,Plin,667.18
V1001103,2025-04-13,Trujillo,Belleza,Shampoo,19.39,3,Tarjeta,58.17
V1001104,2025-04-26,Piura,Belleza,Crema,112.86,3,Efectivo,338.58
V1001105,2025-08-04,Trujillo,Moda,Camisa,458.27,1,Plin,458.27
V1001106,2025-02-04,Trujillo,Hogar,Olla,456.77,3,Tarjeta,1370.31
V1001107,2025-07-26,Lima,Moda,Pantalón,300.91,2,Yape,601.82
V1001108,2025-10-26,Piura,Alimentos,Atún,91.06,3,Efectivo,273.18
V1001109,2025-04-13,Lima,Hogar,Microondas,37.17,3,Yape,111.51
V1001110,2025-07-23,Lima,Moda,Pantalón,106.37,2,Tarjeta,212.74
V1001111,2025-10-03,Arequipa,Alimentos,Arroz,473.4,4,Tarjeta,1893.6
V1001112,2025-07-07,Cusco,Tecnología,Tablet,410.97,4,Tarjeta,1643.88
V1001113,2025-03-21,Arequipa,Tecnología,Audífonos,399.83,3,Efectivo,1199.49
V1001114,2025-04-19,Trujillo,Moda,Camisa,57.83,4,Plin,231.32
V1001115,2025-06-29,Piura,Alimentos,Aceite,183.49,1,Efectivo,183.49
V1001116,2025-01-21,Trujillo,Hogar,Olla,36.8,5,Efectivo,184.0
V1001117,2025-03-26,Lima,Hogar,Olla,260.15,3,Tarjeta,780.45
V1001118,2025-04-11,Arequipa,Tecnología,Tablet,13.35,3,Tarjeta,40.05
V1001119,2025-12-25,Arequipa,Moda,Zapatillas,444.65,2,Yape,889.3
V1001120,2025-07-30,Cusco,Tecnología,Laptop,410.38,4,Plin,1641.52
V1001121,2025-09-27,Trujillo,Belleza,Perfume,290.98,2,Efectivo,581.96
V1001122,2025-06-20,Lima,Hogar,Aspiradora,438.62,1,Tarjeta,438.62
V1001123,2025-04-10,Arequipa,Tecnología,Laptop,143.0,5,Tarjeta,715.0
V1001124,2025-05-23,Arequipa,Hogar,Aspiradora,343.47,4,,1373.88
V1001125,2025-06-21,Cusco,Hogar,Microondas,490.1,2,Efectivo,980.2
V1001126,2025-11-16,Piura,Hogar,Microondas,455.69,4,Efectivo,1822.76
V1001127,2025-11-09,Piura,Tecnología,Tablet,212.72,1,Plin,212.72
V1001128,2025-10-20,Trujillo,Alimentos,Aceite,399.6,5,Yape,1998.0
V1001129,2025-05-17,Arequipa,Belleza,Maquillaje,369.83,3,Efectivo,1109.49
V1001130,2025-07-23,Piura,Hogar,Licuadora,109.84,5,Efectivo,549.2
V1001131,2025-03-03,Cusco,Tecnología,Celular,262.14,3,Tarjeta,786.42
V1001132,2025-06-12,Lima,Alimentos,Aceite,44.33,1,Plin,44.33
V1001133,2025-02-16,Arequipa,Alimentos,Café,253.4,5,Efectivo,1267.0
V1001134,2025-10-27,Arequipa,Hogar,Olla,492.03,1,Efectivo,492.03
V1001135,2025-10-13,Cusco,Belleza,Shampoo,26.86,1,Efectivo,26.86
V1001136,2025-07-17,Cusco,Belleza,Maquillaje,301.75,2,Plin,603.5
V1001137,2025-01-11,Arequipa,Tecnología,Celular,85.66,4,Plin,342.64
V1001138,2025-02-15,Trujillo,Alimentos,Aceite,145.8,2,Yape,291.6
V1001139,2025-01-30,Arequipa,Belleza,Shampoo,479.95,3,Plin,1439.85
V1001140,2025-10-02,Piura,Tecnología,Audífonos,383.56,3,Yape,1150.68
V1001141,2025-02-09,Arequipa,Moda,Zapatillas,233.14,2,Efectivo,466.28
V1001142,2025-06-16,Trujillo,Belleza,Shampoo,81.3,5,Yape,406.5
V1001143,2025-01-16,Arequipa,Tecnología,Tablet,113.27,5,Efectivo,566.35
V1001144,2025-06-26,Arequipa,Alimentos,Arroz,136.57,5,,682.85
V1001145,2025-04-17,Lima,Tecnología,Audífonos,353.56,5,Efectivo,1767.8
V1001146,2025-05-24,Piura,Hogar,Licuadora,258.62,1,Tarjeta,258.62
V1001147,2025-05-14,Arequipa,Hogar,Microondas,10.37,2,Yape,20.74
V1001148,2025-03-13,Trujillo,Tecnología,Celular,50.02,5,Efectivo,250.1
V1001149,2025-05-20,Cusco,Hogar,Microondas,276.04,2,Tarjeta,552.08
V1001150,2025-08-01,Lima,Belleza,Crema,391.21,3,,1173.63
V1001151,2025-09-26,Arequipa,Alimentos,Atún,466.98,3,Efectivo,1400.94
V1001152,2025-04-30,Cusco,Moda,Pantalón,185.79,1,Yape,185.79
V1001153,2025-07-29,Lima,Moda,Casaca,481.48,3,Yape,1444.44
V1001154,2025-04-04,Trujillo,Tecnología,Laptop,486.69,4,Yape,1946.76
V1001155,2025-07-29,Trujillo,Belleza,Shampoo,259.49,5,Tarjeta,1297.45
V1001156,2025-12-22,Cusco,Moda,Zapatillas,402.26,5,Yape,2011.3
V1001157,2025-12-17,Arequipa,Alimentos,Arroz,19.63,2,Tarjeta,39.26
V1001158,2025-09-15,Arequipa,Moda,Pantalón,430.49,2,Tarjeta,860.98
V1001159,2025-11-30,Lima,,Casaca,31.98,3,Efectivo,95.94
V1001160,2025-10-21,Piura,Hogar,Aspiradora,66.72,3,Efectivo,200.16
V1001161,2025-07-17,Trujillo,Moda,Casaca,49.53,1,Yape,49.53
V1001162,2025-06-17,Arequipa,Moda,Casaca,115.65,4,Efectivo,462.6
V1001163,2025-03-26,Cusco,Belleza,Shampoo,34.43,1,Efectivo,34.43
V1001164,2025-04-04,Piura,Tecnología,Audífonos,480.58,3,Yape,1441.74
V1001165,2025-05-10,Lima,Tecnología,Audífonos,466.81,5,Tarjeta,2334.05
V1001166,2025-06-29,Piura,Hogar,Aspiradora,235.19,5,Efectivo,1175.95
V1001167,2025-01-25,Arequipa,Alimentos,Arroz,384.92,1,Tarjeta,384.92
V1001168,2025-08-13,Lima,,Zapatillas,431.37,3,Plin,1294.11
V1001169,2025-11-09,Cusco,Tecnología,Audífonos,264.0,5,Efectivo,1320.0
V1001170,2025-07-04,Cusco,Belleza,Maquillaje,489.68,5,Plin,2448.4
V1001171,2025-07-19,Arequipa,Tecnología,Tablet,277.66,2,Plin,555.32
V1001172,2025-07-24,Piura,Alimentos,Aceite,429.52,4,Tarjeta,1718.08
V1001173,2025-06-27,Piura,Hogar,Olla,184.47,2,Yape,368.94
V1001174,2025-11-15,Piura,Alimentos,Aceite,166.83,2,Plin,333.66
V1001175,2025-11-01,Arequipa,Hogar,Licuadora,214.76,5,Plin,1073.8
V1001176,2025-01-29,Piura,Moda,Pantalón,294.85,1,Tarjeta,294.85
V1001177,2025-10-06,Lima,Belleza,Perfume,475.64,5,Plin,2378.2
V1001178,2025-06-30,Piura,Moda,Pantalón,250.25,1,Yape,250.25
V1001179,2025-03-14,Lima,Hogar,Olla,251.04,1,Yape,251.04
V1001180,2025-11-22,Cusco,Moda,Casaca,248.38,4,Tarjeta,993.52
V1001181,2025-11-26,Arequipa,Alimentos,Café,475.15,3,Plin,1425.45
V1001182,2025-09-10,Lima,Hogar,Olla,347.9,3,Efectivo,1043.7
V1001183,2025-10-18,Lima,Alimentos,Arroz,483.1,4,Plin,1932.4
V1001184,2025-10-15,Lima,Tecnología,Celular,234.3,4,Tarjeta,937.2
V1001185,2025-05-17,Trujillo,Hogar,Aspiradora,20.36,3,Plin,61.08
V1001186,2025-02-24,Lima,Tecnología,Laptop,110.44,2,Yape,220.88
V1001187,2025-01-26,Lima,Belleza,Crema,344.83,2,Yape,689.66
V1001188,2025-10-12,Arequipa,Moda,Casaca,97.47,4,Plin,389.88
V1001189,2025-01-24,Piura,Hogar,Licuadora,488.48,1,Yape,488.48
V1001190,2025-12-04,Arequipa,Alimentos,Arroz,354.18,4,Yape,1416.72
V1001191,2025-07-01,Arequipa,Alimentos,Aceite,35.49,5,Plin,177.45
V1001192,2025-08-23,Cusco,Moda,Zapatillas,433.99,4,Efectivo,1735.96
V1001193,2025-01-15,Cusco,Moda,Camisa,108.35,5,Efectivo,541.75
V1001194,2025-12-30,Arequipa,,Casaca,60.14,4,Efectivo,240.56
V1001195,2025-06-15,Cusco,Hogar,Microondas,271.1,4,Plin,1084.4
V1001196,2025-05-03,Piura,Hogar,Licuadora,393.75,2,Efectivo,787.5
V1001197,2025-07-10,Trujillo,Hogar,Olla,94.96,4,Yape,379.84
V1001198,2025-01-21,Arequipa,Tecnología,Audífonos,497.85,5,Plin,2489.25
V1001199,2025-11-02,Piura,Alimentos,Arroz,134.79,1,Tarjeta,134.79
V1001200,2025-04-11,Piura,Moda,Pantalón,158.29,3,Tarjeta,474.87
V1001201,2025-02-12,Arequipa,,Celular,268.23,3,Plin,804.69
V1001202,2025-01-12,Piura,,Aceite,166.22,5,Tarjeta,831.1
V1001203,2025-05-22,Trujillo,Alimentos,Aceite,403.32,3,Plin,1209.96
V1001204,2025-12-04,Piura,Moda,Casaca,324.98,2,Plin,649.96
V1001205,2025-08-02,Lima,Moda,Pantalón,422.67,1,Yape,422.67
V1001206,2025-07-18,Piura,Alimentos,Aceite,265.64,2,Yape,531.28
V1001207,2025-04-03,Arequipa,Alimentos,Café,247.01,2,Plin,494.02
V1001208,2025-04-28,Piura,Hogar,Aspiradora,206.48,3,,619.44
V1001209,2025-11-01,Arequipa,Belleza,Crema,264.9,2,Tarjeta,529.8
V1001210,2025-08-14,Trujillo,Belleza,Perfume,189.69,4,Yape,758.76
V1001211,2025-08-30,Trujillo,Belleza,Crema,392.53,1,Yape,392.53
V1001212,2025-07-16,Cusco,Alimentos,Café,95.5,2,Efectivo,191.0
V1001213,2025-03-24,Trujillo,Alimentos,Atún,215.55,5,Yape,1077.75
V1001214,2025-12-28,Cusco,Hogar,Microondas,255.14,3,Efectivo,765.42
V1001215,2025-10-31,Piura,Tecnología,Celular,15.17,4,Tarjeta,60.68
V1001216,2025-02-08,Cusco,Moda,Casaca,66.65,4,Yape,266.6
V1001217,2025-09-12,Trujillo,Moda,Camisa,339.82,1,Plin,339.82
V1001218,2025-12-05,Cusco,Hogar,Aspiradora,487.63,3,Plin,1462.89
V1001219,2025-07-23,Cusco,Hogar,Licuadora,158.5,5,Yape,792.5
V1001220,2025-07-20,Arequipa,Hogar,Aspiradora,279.21,2,Plin,558.42
V1001221,2025-09-03,Trujillo,Belleza,Shampoo,423.4,4,Yape,1693.6
V1001222,2025-06-04,Lima,Belleza,Perfume,198.13,5,Tarjeta,990.65
V1001223,2025-10-25,Arequipa,Tecnología,Laptop,79.96,3,Efectivo,239.88
V1001224,2025-11-06,Trujillo,Belleza,Crema,441.81,4,Efectivo,1767.24
V1001225,2025-10-29,Cusco,Hogar,Olla,226.9,3,Yape,680.7
V1001226,2025-10-29,Piura,Tecnología,Audífonos,16.62,2,Plin,33.24
V1001227,2025-09-30,Lima,Alimentos,Atún,247.09,5,Tarjeta,1235.45
V1001228,2025-04-23,Piura,Tecnología,Laptop,292.82,5,Tarjeta,1464.1
V1001229,2025-09-19,Cusco,Hogar,Aspiradora,186.4,4,Tarjeta,745.6
V1001230,2025-08-21,Cusco,Hogar,Licuadora,238.67,1,Tarjeta,238.67
V1001231,2025-08-05,Cusco,Tecnología,Celular,273.67,5,Efectivo,1368.35
V1001232,2025-02-25,Trujillo,Tecnología,Laptop,150.28,3,Tarjeta,450.84
V1001233,2025-12-24,Cusco,,Atún,214.68,5,Yape,1073.4
V1001234,2025-02-27,Piura,Tecnología,Tablet,13.61,4,Yape,54.44
V1001235,2025-02-24,Arequipa,Moda,Pantalón,484.53,1,Tarjeta,484.53
V1001236,2025-11-29,Trujillo,Hogar,Aspiradora,238.21,1,Efectivo,238.21
V1001237,2025-04-03,Arequipa,Belleza,Maquillaje,402.39,1,Plin,402.39
V1001238,2025-05-20,Piura,Hogar,Aspiradora,104.42,3,Tarjeta,313.26
V1001239,2025-03-26,Piura,Belleza,Perfume,474.41,2,Yape,948.82
V1001240,2025-05-21,Trujillo,Belleza,Perfume,23.64,3,Yape,70.92
V1001241,2025-03-03,Piura,Moda,Zapatillas,147.09,2,Efectivo,294.18
V1001242,2025-02-21,Cusco,Tecnología,Laptop,349.77,2,Plin,699.54
V1001243,2025-08-28,Trujillo,Moda,Pantalón,225.78,3,Efectivo,677.34
V1001244,2025-04-24,Trujillo,Belleza,Maquillaje,39.28,3,Plin,117.84
V1001245,2025-12-15,Lima,Belleza,Maquillaje,33.41,4,Plin,133.64
V1001246,2025-03-20,Lima,Alimentos,Atún,218.15,4,Plin,872.6
V1001247,2025-04-13,Arequipa,,Audífonos,257.51,2,Plin,515.02
V1001248,2025-04-26,Cusco,Moda,Pantalón,138.51,1,Efectivo,138.51
V1001249,2025-07-29,Lima,Belleza,Maquillaje,251.52,4,Efectivo,1006.08
V1001250,2025-07-03,Lima,Moda,Casaca,47.01,3,Plin,141.03
V1001251,2025-10-06,Lima,Belleza,Crema,71.81,3,Plin,215.43
V1001252,2025-11-30,Piura,Moda,Pantalón,499.74,1,Yape,499.74
V1001253,2025-02-23,Trujillo,Moda,Pantalón,34.3,2,Tarjeta,68.6
V1001254,2025-07-08,Cusco,Tecnología,Audífonos,30.13,2,Tarjeta,60.26
V1001255,2025-05-08,Trujillo,Alimentos,Aceite,474.91,2,Yape,949.82
V1001256,2025-02-14,Trujillo,Alimentos,Atún,44.57,3,,133.71
V1001257,2025-07-10,Arequipa,Alimentos,Atún,327.28,3,Tarjeta,981.84
V1001258,2025-12-23,Lima,Hogar,Olla,274.64,4,Tarjeta,1098.56
V1001259,2025-11-19,Arequipa,Moda,Camisa,315.06,3,Yape,945.18
V1001260,2025-06-29,Cusco,Hogar,Licuadora,90.2,1,Plin,90.2
V1001261,2025-05-18,Lima,Belleza,Shampoo,483.35,5,Plin,2416.75
V1001262,2025-05-07,Arequipa,Tecnología,Laptop,481.85,1,Yape,481.85
V1001263,2025-10-07,Cusco,Hogar,Aspiradora,51.54,4,Plin,206.16
V1001264,2025-05-21,Cusco,,Aceite,462.35,1,Plin,462.35
V1001265,2025-11-27,Piura,Hogar,Olla,318.97,2,Yape,637.94
V1001266,2025-03-16,Arequipa,Tecnología,Audífonos,317.38,5,Efectivo,1586.9
V1001267,2025-01-16,Piura,Belleza,Shampoo,499.29,4,Plin,1997.16
V1001268,2025-04-12,Piura,Moda,Camisa,281.76,3,Plin,845.28
V1001269,2025-01-26,Lima,Belleza,Perfume,435.3,3,Tarjeta,1305.9
V1001270,2025-12-25,Arequipa,Moda,Zapatillas,315.47,1,Tarjeta,315.47
V1001271,2025-03-02,Trujillo,Belleza,Crema,252.46,1,Tarjeta,252.46
V1001272,2025-04-25,Arequipa,Tecnología,Celular,226.61,1,Tarjeta,226.61
V1001273,2025-12-23,Trujillo,,Shampoo,14.16,2,Tarjeta,28.32
V1001274,2025-04-03,Trujillo,Moda,Camisa,441.89,1,Efectivo,441.89
V1001275,2025-06-02,Arequipa,Belleza,Perfume,341.47,4,Plin,1365.88
V1001276,2025-05-29,Piura,Alimentos,Aceite,199.37,1,Efectivo,199.37
V1001277,2025-06-10,Trujillo,Alimentos,Arroz,48.16,4,Tarjeta,192.64
V1001278,2025-01-08,Cusco,Alimentos,Arroz,334.43,2,Yape,668.86
V1001279,2025-07-21,Arequipa,Alimentos,Aceite,211.05,3,Tarjeta,633.15
V1001280,2025-08-06,Piura,Tecnología,Audífonos,184.56,3,Yape,553.68
V1001281,2025-11-15,Lima,Moda,Pantalón,201.26,4,Plin,805.04
V1001282,2025-10-23,Lima,Alimentos,Arroz,302.23,4,Plin,1208.92
V1001283,2025-07-04,Lima,,Pantalón,67.21,3,,201.63
V1001284,2025-08-04,Trujillo,Alimentos,Atún,105.73,3,Efectivo,317.19
V1001285,2025-08-25,Piura,Tecnología,Celular,339.68,2,Efectivo,679.36
V1001286,2025-03-29,Lima,Tecnología,Laptop,217.12,3,Plin,651.36
V1001287,2025-09-03,Cusco,Belleza,Crema,385.91,4,Efectivo,1543.64
V1001288,2025-09-24,Trujillo,,Aceite,374.21,3,Plin,1122.63
V1001289,2025-10-14,Lima,Alimentos,Arroz,267.09,2,Plin,534.18
V1001290,2025-05-08,Piura,Tecnología,Laptop,209.47,2,Efectivo,418.94
V1001291,2025-10-26,Cusco,Moda,Casaca,141.16,5,Plin,705.8
V1001292,2025-05-18,Lima,Alimentos,Aceite,221.16,2,Efectivo,442.32
V1001293,2025-04-15,Arequipa,Alimentos,Café,296.93,3,Efectivo,890.79
V1001294,2025-05-13,Cusco,Hogar,Aspiradora,290.42,1,Yape,290.42
V1001295,2025-08-01,Trujillo,Hogar,Aspiradora,447.82,4,,1791.28
V1001296,2025-10-05,Trujillo,Alimentos,Aceite,398.42,1,Plin,398.42
V1001297,2025-07-22,Trujillo,Alimentos,Atún,289.95,5,Plin,1449.75
V1001298,2025-07-13,Lima,Hogar,Aspiradora,378.65,3,Yape,1135.95
V1001299,2025-06-14,Lima,Belleza,Crema,206.43,2,Plin,412.86
V1001300,2025-05-18,Cusco,,Crema,116.71,2,Efectivo,233.42
V1001301,2025-01-26,Cusco,Hogar,Aspiradora,184.21,2,Efectivo,368.42
V1001302,2025-12-03,Trujillo,Hogar,Licuadora,158.36,2,Efectivo,316.72
V1001303,2025-05-09,Lima,Tecnología,Tablet,277.09,4,Plin,1108.36
V1001304,2025-04-15,Arequipa,Belleza,Maquillaje,73.92,1,,73.92
V1001305,2025-02-17,Piura,Moda,Casaca,388.41,5,Yape,1942.05
V1001306,2025-06-14,Piura,Moda,Camisa,291.78,5,Tarjeta,1458.9
V1001307,2025-03-07,Trujillo,Tecnología,Tablet,119.57,1,Efectivo,119.57
V1001308,2025-02-06,Trujillo,Alimentos,Arroz,472.45,2,Tarjeta,944.9
V1001309,2025-12-10,Arequipa,Moda,Casaca,93.83,3,Tarjeta,281.49
V1001310,2025-02-04,Lima,Alimentos,Atún,243.78,1,Efectivo,243.78
V1001311,2025-07-07,Cusco,Belleza,Shampoo,365.22,2,Efectivo,730.44
V1001312,2025-08-03,Trujillo,Tecnología,Laptop,96.03,2,Yape,192.06
V1001313,2025-03-01,Piura,Tecnología,Laptop,303.11,4,Efectivo,1212.44
V1001314,2025-10-14,Arequipa,Belleza,Shampoo,276.57,2,Efectivo,553.14
V1001315,2025-09-02,Arequipa,Alimentos,Café,65.29,4,Plin,261.16
V1001316,2025-11-03,Arequipa,Alimentos,Arroz,232.17,2,Efectivo,464.34
V1001317,2025-06-16,Arequipa,Hogar,Aspiradora,246.13,1,Yape,246.13
V1001318,2025-07-07,Piura,Alimentos,Café,438.63,1,Efectivo,438.63
V1001319,2025-04-20,Lima,Alimentos,Aceite,211.04,2,Efectivo,422.08
V1001320,2025-03-06,Piura,Alimentos,Arroz,347.3,1,Plin,347.3
V1001321,2025-04-17,Lima,Belleza,Shampoo,58.36,3,Plin,175.08
V1001322,2025-04-09,Piura,Hogar,Licuadora,396.32,1,Yape,396.32
V1001323,2025-01-10,Piura,Tecnología,Laptop,165.07,5,Efectivo,825.35
V1001324,2025-01-20,Lima,Tecnología,Celular,74.13,4,Plin,296.52
V1001325,2025-10-08,Cusco,Hogar,Aspiradora,406.62,4,Efectivo,1626.48
V1001326,2025-02-12,Arequipa,Hogar,Microondas,376.37,2,Efectivo,752.74
V1001327,2025-02-01,Arequipa,Hogar,Olla,341.29,5,Plin,1706.45
V1001328,2025-01-15,Piura,Hogar,Olla,460.08,5,Efectivo,2300.4
V1001329,2025-06-15,Cusco,Moda,Zapatillas,88.1,9999,,352.4
V1001330,2025-12-04,Lima,Belleza,Crema,69.37,2,Efectivo,138.74
V1001331,2025-04-25,Arequipa,Tecnología,Audífonos,229.94,5,Efectivo,1149.7
V1001332,2025-03-31,Lima,Alimentos,Atún,392.83,1,Efectivo,392.83
V1001333,2025-11-27,Lima,Belleza,Maquillaje,318.28,2,Plin,636.56
V1001334,2025-01-19,Arequipa,Tecnología,Celular,270.86,5,Tarjeta,1354.3
V1001335,2025-07-13,Lima,Hogar,Olla,139.35,1,Tarjeta,139.35
V1001336,2025-07-01,Arequipa,Belleza,Maquillaje,149.61,2,Efectivo,299.22
V1001337,2025-06-05,Piura,Hogar,Aspiradora,14.79,2,Yape,29.58
V1001338,2025-12-21,Arequipa,Alimentos,Atún,466.55,4,Tarjeta,1866.2
V1001339,2025-06-12,Arequipa,,Audífonos,235.69,3,Tarjeta,707.07
V1001340,2025-01-20,Arequipa,Hogar,Aspiradora,449.16,2,Plin,898.32
V1001341,2025-07-05,Arequipa,Hogar,Microondas,245.98,5,Yape,1229.9
V1001342,2025-05-16,Cusco,Alimentos,Atún,384.98,1,Plin,384.98
V1001343,2025-05-22,Cusco,Tecnología,Laptop,246.7,5,Plin,1233.5
V1001344,2025-05-19,Trujillo,Belleza,Perfume,327.74,3,Plin,983.22
V1001345,2025-06-04,Trujillo,Alimentos,Café,58.45,4,Plin,233.8
V1001346,2025-08-01,Trujillo,Moda,Casaca,440.15,3,Tarjeta,1320.45
V1001347,2025-03-14,Trujillo,Belleza,Maquillaje,148.08,2,Efectivo,296.16
V1001348,2025-11-29,Trujillo,Hogar,Microondas,73.09,3,Tarjeta,219.27
V1001349,2025-03-18,Arequipa,,Maquillaje,385.49,2,Efectivo,770.98
V1001350,2025-02-27,Lima,Belleza,Shampoo,273.46,4,Yape,1093.84
V1001351,2025-06-01,Piura,Tecnología,Celular,442.42,2,,884.84
V1001352,2025-09-21,Trujillo,Moda,Zapatillas,239.39,4,Plin,957.56
V1001353,2025-06-26,Cusco,Moda,Camisa,270.36,1,Efectivo,270.36
V1001354,2025-11-28,Arequipa,Moda,Zapatillas,216.7,1,Tarjeta,216.7
V1001355,2025-08-22,Lima,Alimentos,Aceite,153.33,5,Yape,766.65
V1001356,2025-02-21,Lima,Tecnología,Audífonos,105.12,4,Tarjeta,420.48
V1001357,2025-02-15,Lima,Tecnología,Celular,241.56,5,Yape,1207.8
V1001358,2025-12-11,Piura,Belleza,Maquillaje,403.08,1,Efectivo,403.08
V1001359,2025-04-12,Trujillo,Moda,Pantalón,208.2,2,Yape,416.4
V1001360,2025-02-18,Lima,Hogar,Licuadora,334.06,3,Tarjeta,1002.18
V1001361,2025-03-12,Cusco,Belleza,Shampoo,199.72,3,Yape,599.16
V1001362,2025-03-17,Trujillo,Belleza,Shampoo,132.74,2,Tarjeta,265.48
V1001363,2025-05-10,Cusco,Hogar,Aspiradora,27.85,5,Plin,139.25
V1001364,2025-11-03,Trujillo,Moda,Camisa,279.84,1,Efectivo,279.84
V1001365,2025-05-21,Piura,Moda,Zapatillas,29.63,4,Tarjeta,118.52
V1001366,2025-08-31,Lima,Alimentos,Aceite,137.11,1,Tarjeta,137.11
V1001367,2025-05-20,Arequipa,Alimentos,Aceite,229.83,5,Yape,1149.15
V1001368,2025-01-25,Trujillo,Alimentos,Arroz,203.46,1,Efectivo,203.46
V1001369,2025-07-09,Lima,Hogar,Licuadora,367.47,1,Efectivo,367.47
V1001370,2025-07-28,Lima,Tecnología,Audífonos,440.34,5,Tarjeta,2201.7
V1001371,2025-05-27,Lima,Moda,Pantalón,237.14,1,Efectivo,237.14
V1001372,2025-12-12,Arequipa,Tecnología,Laptop,472.22,2,Yape,944.44
V1001373,2025-09-27,Piura,Alimentos,Café,230.53,3,Plin,691.59
V1001374,2025-10-10,Arequipa,Hogar,Licuadora,265.65,4,Yape,1062.6
V1001375,2025-12-28,Piura,Alimentos,Arroz,38.55,1,Tarjeta,38.55
V1001376,2025-12-03,Trujillo,Hogar,Licuadora,235.43,2,Plin,470.86
V1001377,2025-06-01,Piura,Moda,Casaca,266.84,2,Tarjeta,533.68
V1001378,2025-03-14,Trujillo,Moda,Casaca,347.75,1,Yape,347.75
V1001379,2025-05-18,Piura,Alimentos,Aceite,420.79,1,Efectivo,420.79
V1001380,2025-02-22,Trujillo,Alimentos,Atún,310.57,4,Yape,1242.28
V1001381,2025-04-15,Arequipa,Hogar,Microondas,441.93,4,Efectivo,1767.72
V1001382,2025-04-29,Cusco,Belleza,Crema,347.32,5,Plin,1736.6
V1001383,2025-02-25,Trujillo,Belleza,Maquillaje,170.18,2,Tarjeta,340.36
V1001384,2025-10-06,Piura,Alimentos,Arroz,251.02,3,Efectivo,753.06
V1001385,2025-08-10,Lima,Hogar,Olla,44.2,1,Efectivo,44.2
V1001386,2025-12-29,Arequipa,Hogar,Licuadora,456.68,2,Yape,913.36
V1001387,2025-12-31,Lima,Tecnología,Audífonos,337.84,5,Efectivo,1689.2
V1001388,2025-10-18,Lima,Moda,Camisa,389.59,4,Efectivo,1558.36
V1001389,2025-06-12,Piura,Tecnología,Laptop,312.73,4,Yape,1250.92
V1001390,2025-08-11,Piura,Tecnología,Celular,412.03,3,,1236.09
V1001391,2025-03-14,Piura,Alimentos,Café,367.65,2,Efectivo,735.3
V1001392,2025-05-05,Cusco,Alimentos,Arroz,309.4,5,Plin,1547.0
V1001393,2025-07-17,Trujillo,Moda,Pantalón,128.46,5,Yape,642.3
V1001394,2025-02-20,Cusco,Alimentos,Arroz,377.37,3,Plin,1132.11
V1001395,2025-06-22,Trujillo,Hogar,Microondas,387.51,4,Plin,1550.04
V1001396,2025-09-30,Trujillo,Hogar,Olla,76.03,3,Tarjeta,228.09
V1001397,2025-11-26,Lima,Alimentos,Atún,240.97,2,Tarjeta,481.94
V1001398,2025-07-17,Arequipa,Tecnología,Tablet,284.35,1,Efectivo,284.35
V1001399,2025-07-08,Cusco,Tecnología,Audífonos,138.89,5,Yape,694.45
V1001400,2025-12-05,Arequipa,Hogar,Licuadora,264.02,1,Tarjeta,264.02
V1001401,2025-10-13,Piura,Moda,Zapatillas,224.92,3,Yape,674.76
V1001402,2025-09-07,Arequipa,,Arroz,437.36,5,Plin,2186.8
V1001403,2025-12-22,Cusco,Tecnología,Audífonos,62.63,1,Plin,62.63
V1001404,2025-02-16,Lima,Moda,Zapatillas,129.91,3,Plin,389.73
V1001405,2025-03-31,Trujillo,Belleza,Maquillaje,430.65,2,Plin,861.3
V1001406,2025-02-15,Arequipa,Tecnología,Audífonos,14.56,5,Yape,72.8
V1001407,2025-01-10,Lima,Alimentos,Atún,175.89,4,Tarjeta,703.56
V1001408,2025-09-27,Arequipa,Moda,Camisa,222.68,4,Efectivo,890.72
V1001409,2025-06-14,Cusco,Moda,Zapatillas,432.76,2,Tarjeta,865.52
V1001410,2025-06-06,Lima,Alimentos,Arroz,418.27,3,Efectivo,1254.81
V1001411,2025-03-03,Lima,Moda,Casaca,491.25,2,Plin,982.5
V1001412,2025-05-21,Lima,Belleza,Perfume,169.63,1,Efectivo,169.63
V1001413,2025-08-02,Piura,Belleza,Perfume,33.8,4,Efectivo,135.2
V1001414,2025-11-21,Arequipa,Hogar,Olla,70.41,2,Plin,140.82
V1001415,2025-12-03,Piura,Hogar,Olla,384.17,1,Yape,384.17
V1001416,2025-02-07,Lima,,Celular,61.24,4,Tarjeta,244.96
V1001417,2025-10-24,Lima,Belleza,Shampoo,464.56,1,Yape,464.56
V1001418,2025-09-25,Piura,Tecnología,Tablet,48.22,1,Tarjeta,48.22
V1001419,2025-09-14,Arequipa,Tecnología,Celular,448.94,3,Plin,1346.82
V1001420,2025-01-02,Lima,Moda,Casaca,318.9,4,Tarjeta,1275.6
V1001421,2025-02-18,Trujillo,Tecnología,Tablet,457.73,3,Yape,1373.19
V1001422,2025-02-19,Trujillo,,Laptop,25.29,2,Yape,50.58
V1001423,2025-12-02,Cusco,Tecnología,Audífonos,12.65,5,Plin,63.25
V1001424,2025-03-06,Lima,Hogar,Microondas,123.96,1,Plin,123.96
V1001425,2025-09-28,Cusco,Belleza,Perfume,373.99,5,Efectivo,1869.95
V1001426,2025-01-12,Lima,,Zapatillas,471.67,5,Tarjeta,2358.35
V1001427,2025-03-21,Trujillo,Belleza,Perfume,105.58,1,Yape,105.58
V1001428,2025-04-22,Trujillo,Moda,Casaca,416.55,1,,416.55
V1001429,2025-08-15,Lima,Moda,Pantalón,240.68,3,Plin,722.04
V1001430,2025-10-10,Piura,Moda,Pantalón,30.68,4,Plin,122.72
V1001431,2025-08-16,Cusco,Belleza,Crema,96.28,2,Efectivo,192.56
V1001432,2025-03-04,Trujillo,Hogar,Aspiradora,330.84,3,Tarjeta,992.52
V1001433,2025-06-17,Piura,Hogar,Aspiradora,429.27,3,Tarjeta,1287.81
V1001434,2025-01-02,Arequipa,Moda,Casaca,156.05,2,Tarjeta,312.1
V1001435,2025-12-03,Cusco,,Celular,207.36,3,Yape,622.08
V1001436,2025-02-23,Arequipa,Tecnología,Laptop,284.96,2,Efectivo,569.92
V1001437,2025-01-31,Lima,Moda,Pantalón,488.18,1,Efectivo,488.18
V1001438,2025-06-25,Trujillo,Belleza,Shampoo,40.19,3,Tarjeta,120.57
V1001439,2025-05-14,Cusco,Moda,Camisa,157.68,1,Yape,157.68
V1001440,2025-01-23,Piura,Alimentos,Atún,116.24,4,Yape,464.96
V1001441,2025-08-04,Lima,Hogar,Aspiradora,53.86,4,Yape,215.44
V1001442,2025-09-14,Piura,Belleza,Perfume,247.78,2,Yape,495.56
V1001443,2025-03-08,Piura,Alimentos,Arroz,52.1,2,Plin,104.2
V1001444,2025-03-09,Arequipa,Belleza,Maquillaje,213.73,3,Tarjeta,641.19
V1001445,2025-03-20,Lima,Alimentos,Café,161.72,2,Plin,323.44
V1001446,2025-05-09,Cusco,Hogar,Olla,104.79,3,Plin,314.37
V1001447,2025-05-11,Cusco,Tecnología,Laptop,431.8,1,Tarjeta,431.8
V1001448,2025-07-08,Piura,Alimentos,Aceite,389.91,1,,389.91
V1001449,2025-08-07,Lima,Hogar,Microondas,388.32,5,Tarjeta,1941.6
V1001450,2025-10-04,Piura,Alimentos,Atún,105.6,2,Tarjeta,211.2
V1001451,2025-08-15,Cusco,Hogar,Aspiradora,56.06,4,Yape,224.24
V1001452,2025-09-01,Piura,Tecnología,Celular,135.98,1,,135.98
V1001453,2025-05-22,Trujillo,Tecnología,Tablet,283.14,1,Plin,283.14
V1001454,2025-12-24,Lima,,Camisa,410.77,1,Plin,410.77
V1001455,2025-07-24,Trujillo,Tecnología,Celular,78.68,1,Yape,78.68
V1001456,2025-07-06,Arequipa,Belleza,Maquillaje,77.74,4,Yape,310.96
V1001457,2025-08-13,Arequipa,Belleza,Shampoo,408.44,3,Tarjeta,1225.32
V1001458,2025-11-23,Piura,Alimentos,Arroz,93.43,4,Efectivo,373.72
V1001459,2025-09-20,Lima,Belleza,Shampoo,434.87,5,Plin,2174.35
V1001460,2025-05-12,Arequipa,Alimentos,Arroz,71.29,5,Efectivo,356.45
V1001461,2025-05-02,Arequipa,Hogar,Aspiradora,213.35,2,Tarjeta,426.7
V1001462,2025-07-19,Trujillo,Tecnología,Tablet,497.79,2,Yape,995.58
V1001463,2025-03-03,Trujillo,Hogar,Microondas,127.21,2,Tarjeta,254.42
V1001464,2025-04-25,Arequipa,Moda,Camisa,332.32,2,Efectivo,664.64
V1001465,2025-08-14,Lima,,Crema,278.33,5,Efectivo,1391.65
V1001466,2025-05-27,Lima,Belleza,Perfume,82.83,1,Plin,82.83
V1001467,2025-06-16,Trujillo,Belleza,Maquillaje,208.28,1,Tarjeta,208.28
V1001468,2025-09-15,Cusco,Tecnología,Celular,214.77,1,Efectivo,214.77
V1001469,2025-11-22,Lima,Belleza,Maquillaje,126.83,4,Efectivo,507.32
V1001470,2025-03-28,Cusco,Alimentos,Aceite,210.37,4,Plin,841.48
V1001471,2025-08-11,Piura,Tecnología,Laptop,341.07,3,Tarjeta,1023.21
V1001472,2025-12-08,Arequipa,Alimentos,Café,370.41,3,Tarjeta,1111.23
V1001473,2025-01-31,Piura,Tecnología,Tablet,177.59,1,Efectivo,177.59
V1001474,2025-12-08,Arequipa,Alimentos,Atún,476.18,1,Efectivo,476.18
V1001475,2025-12-14,Piura,Alimentos,Atún,459.16,4,Tarjeta,1836.64
V1001476,2025-05-29,Lima,Moda,Camisa,68.88,1,Plin,68.88
V1001477,2025-10-28,Arequipa,Tecnología,Laptop,265.71,1,Plin,265.71
V1001478,2025-01-05,Cusco,Tecnología,Tablet,448.43,2,Tarjeta,896.86
V1001479,2025-05-16,Cusco,Moda,Pantalón,498.74,5,Yape,2493.7
V1001480,2025-12-04,Arequipa,Moda,Camisa,163.15,2,Tarjeta,326.3
V1001481,2025-08-19,Lima,Tecnología,Audífonos,305.23,5,Yape,1526.15
V1001482,2025-06-09,Cusco,Tecnología,Tablet,229.72,4,Tarjeta,918.88
V1001483,2025-03-05,Cusco,,Shampoo,102.85,5,Plin,514.25
V1001484,2025-09-16,Cusco,Tecnología,Laptop,261.58,2,Plin,523.16
V1001485,2025-07-29,Arequipa,Alimentos,Arroz,377.83,4,Tarjeta,1511.32
V1001486,2025-02-25,Arequipa,Tecnología,Celular,491.96,3,Yape,1475.88
V1001487,2025-08-25,Piura,Hogar,Licuadora,282.93,2,Tarjeta,565.86
V1001488,2025-09-29,Lima,Belleza,Crema,184.33,5,Tarjeta,921.65
V1001489,2025-08-03,Trujillo,Tecnología,Laptop,166.6,2,Plin,333.2
V1001490,2025-09-02,Cusco,Hogar,Microondas,288.95,3,Tarjeta,866.85
V1001491,2025-09-25,Trujillo,Tecnología,Laptop,338.0,5,Tarjeta,1690.0
V1001492,2025-09-11,Piura,Moda,Camisa,255.18,1,Efectivo,255.18
V1001493,2025-07-27,Piura,Tecnología,Celular,419.53,5,Yape,2097.65
V1001494,2025-03-18,Piura,Belleza,Perfume,442.59,3,Efectivo,1327.77
V1001495,2025-06-03,Arequipa,Alimentos,Atún,266.14,5,Tarjeta,1330.7
V1001496,2025-05-11,Cusco,Tecnología,Audífonos,294.02,3,Tarjeta,882.06
V1001497,2025-11-27,Cusco,Hogar,Aspiradora,314.2,1,Tarjeta,314.2
V1001498,2025-08-08,Lima,Hogar,Licuadora,135.76,4,Yape,543.04
V1001499,2025-08-23,Cusco,Tecnología,Laptop,347.87,4,Tarjeta,1391.48
V1001500,2025-03-18,Lima,Alimentos,Arroz,377.89,3,Yape,1133.67
V1001501,2025-12-05,Trujillo,Alimentos,Aceite,273.32,1,Tarjeta,273.32
V1001502,2025-07-25,Trujillo,,Crema,229.16,5,Yape,1145.8
V1001503,2025-03-11,Arequipa,Moda,Pantalón,218.69,5,Yape,1093.45
V1001504,2025-05-04,Cusco,Hogar,Aspiradora,12.62,5,Efectivo,63.1
V1001505,2025-07-28,Cusco,Moda,Zapatillas,405.18,4,Yape,1620.72
V1001506,2025-12-12,Arequipa,Tecnología,Tablet,438.56,5,Tarjeta,2192.8
V1001507,2025-02-28,Cusco,Hogar,Olla,294.12,4,Tarjeta,1176.48
V1001508,2025-08-11,Cusco,Hogar,Olla,194.92,2,Tarjeta,389.84
V1001509,2025-07-08,Arequipa,Alimentos,Aceite,334.56,1,Plin,334.56
V1001510,2025-06-13,Lima,Tecnología,Audífonos,218.42,1,Efectivo,218.42
V1001511,2025-06-23,Lima,Belleza,Shampoo,305.31,2,Plin,610.62
V1001512,2025-04-29,Cusco,Belleza,Maquillaje,434.68,1,Efectivo,434.68
V1001513,2025-09-26,Piura,,Pantalón,131.98,5,Efectivo,659.9
V1001514,2025-07-21,Cusco,Moda,Camisa,403.62,3,Tarjeta,1210.86
V1001515,2025-05-18,Arequipa,,Crema,25.1,1,Plin,25.1
V1001516,2025-02-09,Cusco,Alimentos,Aceite,462.87,5,Tarjeta,2314.35
V1001517,2025-02-02,Trujillo,Tecnología,Celular,329.61,4,Tarjeta,1318.44
V1001518,2025-10-11,Lima,Moda,Casaca,101.42,1,Plin,101.42
V1001519,2025-08-22,Piura,Belleza,Perfume,66.5,5,Yape,332.5
V1001520,2025-12-14,Arequipa,Alimentos,Café,423.76,2,Tarjeta,847.52
V1001521,2025-11-12,Arequipa,Tecnología,Laptop,235.16,5,,1175.8
V1001522,2025-12-19,Piura,Alimentos,Atún,287.73,2,Tarjeta,575.46
V1001523,2025-06-16,Arequipa,Hogar,Microondas,231.3,4,Yape,925.2
V1001524,2025-11-13,Trujillo,Moda,Camisa,202.27,4,Efectivo,809.08
V1001525,2025-06-15,Piura,Alimentos,Atún,334.32,3,Tarjeta,1002.96
V1001526,2025-07-25,Lima,Tecnología,Celular,125.92,5,Yape,629.6
V1001527,2025-04-21,Piura,Moda,Casaca,121.95,2,Yape,243.9
V1001528,2025-06-13,Lima,Belleza,Crema,326.42,4,Plin,1305.68
V1001529,2025-08-23,Piura,Moda,Pantalón,289.79,5,Plin,1448.95
V1001530,2025-04-17,Arequipa,Tecnología,Audífonos,107.08,5,Plin,535.4
V1001531,2025-07-04,Trujillo,Alimentos,Café,99.64,2,Efectivo,199.28
V1001532,2025-05-07,Lima,Alimentos,Atún,303.86,3,Yape,911.58
V1001533,2025-10-23,Cusco,Tecnología,Laptop,272.41,5,Efectivo,1362.05
V1001534,2025-01-04,Lima,Alimentos,Café,213.83,2,Yape,427.66
V1001535,2025-01-17,Trujillo,Hogar,Licuadora,61.28,3,Plin,183.84
V1001536,2025-05-26,Piura,Moda,Casaca,289.89,1,Tarjeta,289.89
V1001537,2025-09-04,Cusco,Moda,Casaca,356.81,3,Plin,1070.43
V1001538,2025-12-24,Lima,Belleza,Maquillaje,136.27,4,Yape,545.08
V1001539,2025-04-07,Cusco,Hogar,Licuadora,141.87,5,Yape,709.35
V1001540,2025-07-12,Cusco,Alimentos,Arroz,73.87,1,Yape,73.87
V1001541,2025-10-30,Cusco,Alimentos,Café,212.33,3,Yape,636.99
V1001542,2025-05-15,Lima,Tecnología,Laptop,129.95,5,Efectivo,649.75
V1001543,2025-08-23,Piura,Belleza,Maquillaje,62.96,4,Yape,251.84
V1001544,2025-02-20,Lima,Alimentos,Café,320.4,2,Yape,640.8
V1001545,2025-04-21,Lima,Belleza,Maquillaje,412.68,5,Yape,2063.4
V1001546,2025-03-20,Lima,Belleza,Perfume,65.44,5,Tarjeta,327.2
V1001547,2025-07-26,Arequipa,Belleza,Crema,451.62,1,Tarjeta,451.62
V1001548,2025-08-24,Piura,,Celular,496.03,2,Yape,992.06
V1001549,2025-06-06,Arequipa,Moda,Casaca,93.99,2,Yape,187.98
V1001550,2025-12-24,Arequipa,Moda,Zapatillas,417.47,3,Efectivo,1252.41
V1001551,2025-08-09,Trujillo,Alimentos,Atún,239.55,5,Plin,1197.75
V1001552,2025-02-24,Piura,Belleza,Crema,26.07,2,Yape,52.14
V1001553,2025-10-20,Cusco,Hogar,Microondas,322.15,3,Yape,966.45
V1001554,2025-10-26,Piura,Hogar,Aspiradora,461.65,5,Tarjeta,2308.25
V1001555,2025-03-18,Piura,Hogar,Aspiradora,379.35,3,Plin,1138.05
V1001556,2025-11-16,Arequipa,Alimentos,Arroz,394.14,3,Tarjeta,1182.42
V1001557,2025-04-05,Lima,Belleza,Crema,121.93,4,Yape,487.72
V1001558,2025-06-27,Lima,Hogar,Microondas,143.85,3,Plin,431.55
V1001559,2025-07-31,Lima,Tecnología,Celular,158.71,3,Tarjeta,476.13
V1001560,2025-06-03,Lima,Tecnología,Audífonos,188.23,4,Tarjeta,752.92
V1001561,2025-03-29,Cusco,Hogar,Microondas,421.31,4,Tarjeta,1685.24
V1001562,2025-08-16,Cusco,Belleza,Maquillaje,341.77,2,Efectivo,683.54
V1001563,2025-01-21,Arequipa,Hogar,Microondas,132.43,4,Efectivo,529.72
V1001564,2025-12-27,Trujillo,Belleza,Perfume,208.98,5,Plin,1044.9
V1001565,2025-05-05,Cusco,Belleza,Maquillaje,309.34,3,Efectivo,928.02
V1001566,2025-08-09,Lima,Tecnología,Audífonos,426.99,3,,1280.97
V1001567,2025-01-12,Lima,Hogar,Aspiradora,141.46,2,Efectivo,282.92
V1001568,2025-02-02,Piura,Moda,Zapatillas,142.98,1,Plin,142.98
V1001569,2025-09-06,Cusco,Alimentos,Arroz,355.88,4,Yape,1423.52
V1001570,2025-04-02,Lima,Belleza,Perfume,174.79,4,Tarjeta,699.16
V1001571,2025-03-27,Trujillo,Tecnología,Audífonos,319.57,4,Plin,1278.28
V1001572,2025-01-21,Piura,Moda,Casaca,17.28,3,Yape,51.84
V1001573,2025-01-16,Lima,Tecnología,Tablet,289.63,2,Yape,579.26
V1001574,2025-10-09,Arequipa,Hogar,Aspiradora,172.29,1,Efectivo,172.29
V1001575,2025-12-20,Trujillo,Hogar,Licuadora,271.11,2,Tarjeta,542.22
V1001576,2025-08-03,Cusco,,Laptop,391.06,2,Plin,782.12
V1001577,2025-10-19,Cusco,Tecnología,Laptop,213.73,2,Plin,427.46
V1001578,2025-09-03,Piura,Alimentos,Café,122.87,5,Efectivo,614.35
V1001579,2025-11-27,Piura,Hogar,Licuadora,50.69,5,Plin,253.45
V1001580,2025-11-04,Cusco,Tecnología,Celular,494.25,1,Plin,494.25
V1001581,2025-11-20,Trujillo,Moda,Zapatillas,481.53,1,Efectivo,481.53
V1001582,2025-11-18,Arequipa,Alimentos,Arroz,345.54,2,Plin,691.08
V1001583,2025-02-11,Lima,Moda,Pantalón,210.04,3,Efectivo,630.12
V1001584,2025-11-06,Lima,Tecnología,Tablet,152.09,5,Tarjeta,760.45
V1001585,2025-02-08,Lima,Moda,Casaca,148.82,5,Yape,744.1
V1001586,2025-03-02,Trujillo,Hogar,Licuadora,264.89,4,Efectivo,1059.56
V1001587,2025-07-16,Trujillo,Belleza,Maquillaje,75.44,3,Plin,226.32
V1001588,2025-09-22,Piura,Belleza,Crema,208.03,2,Tarjeta,416.06
V1001589,2025-03-02,Cusco,Hogar,Microondas,193.23,1,Tarjeta,193.23
V1001590,2025-07-10,Cusco,Hogar,Olla,392.82,1,Yape,392.82
V1001591,2025-05-12,Cusco,Moda,Casaca,61.74,3,Plin,185.22
V1001592,2025-11-26,Arequipa,Moda,Casaca,71.84,3,Tarjeta,215.52
V1001593,2025-08-14,Lima,Moda,Zapatillas,363.77,1,Yape,363.77
V1001594,2025-11-14,Cusco,Moda,Camisa,105.45,4,Plin,421.8
V1001595,2025-10-09,Cusco,Hogar,Licuadora,333.08,1,Efectivo,333.08
V1001596,2025-01-08,Lima,Tecnología,Audífonos,75.72,1,Yape,75.72
V1001597,2025-08-23,Cusco,Tecnología,Laptop,497.94,4,Tarjeta,1991.76
V1001598,2025-09-10,Piura,Tecnología,Celular,171.85,4,Efectivo,687.4
V1001599,2025-11-02,Piura,Tecnología,Celular,111.57,1,Efectivo,111.57
V1001600,2025-08-04,Cusco,Belleza,Maquillaje,103.73,3,Tarjeta,311.19
V1001601,2025-06-14,Piura,Hogar,Microondas,335.4,1,Plin,335.4
V1001602,2025-11-15,Lima,Tecnología,Celular,438.72,4,Yape,1754.88
V1001603,2025-09-09,Trujillo,Belleza,Shampoo,189.83,2,Plin,379.66
V1001604,2025-08-27,Trujillo,Moda,Camisa,369.37,2,Tarjeta,738.74
V1001605,2025-09-20,Piura,Hogar,Licuadora,177.51,2,Yape,355.02
V1001606,2025-08-22,Cusco,Tecnología,Audífonos,383.11,3,Efectivo,1149.33
V1001607,2025-07-26,Piura,Alimentos,Atún,400.5,5,Plin,2002.5
V1001608,2025-02-28,Piura,Belleza,Crema,318.27,2,Yape,636.54
V1001609,2025-04-24,Arequipa,Tecnología,Laptop,232.1,5,Yape,1160.5
V1001610,2025-10-20,Piura,Belleza,Perfume,457.47,4,Yape,1829.88
V1001611,2025-08-10,Arequipa,Alimentos,Aceite,315.14,1,Plin,315.14
V1001612,2025-10-31,Lima,Hogar,Olla,73.71,5,Plin,368.55
V1001613,2025-02-27,Trujillo,Moda,Casaca,27.02,3,Yape,81.06
V1001614,2025-06-16,Trujillo,Hogar,Olla,245.26,1,,245.26
V1001615,2025-07-01,Arequipa,Alimentos,Aceite,252.43,5,Efectivo,1262.15
V1001616,2025-11-25,Trujillo,Belleza,Maquillaje,90.14,1,Tarjeta,90.14
V1001617,2025-12-19,Arequipa,Belleza,Shampoo,120.62,3,Yape,361.86
V1001618,2025-05-19,Piura,Hogar,Olla,452.62,2,Tarjeta,905.24
V1001619,2025-09-12,Piura,Alimentos,Aceite,224.11,4,Plin,896.44
V1001620,2025-02-06,Piura,Belleza,Maquillaje,422.31,3,Tarjeta,1266.93
V1001621,2025-06-27,Lima,Hogar,Aspiradora,396.25,1,Efectivo,396.25
V1001622,2025-09-14,Trujillo,Belleza,Crema,97.53,3,Plin,292.59
V1001623,2025-07-14,Arequipa,Moda,Zapatillas,142.63,5,Efectivo,713.15
V1001624,2025-11-19,Arequipa,Hogar,Olla,156.35,1,Yape,156.35
V1001625,2025-03-04,Cusco,Hogar,Olla,74.16,1,Efectivo,74.16
V1001626,2025-04-04,Piura,Belleza,Perfume,339.54,4,Tarjeta,1358.16
V1001627,2025-02-09,Piura,Alimentos,Aceite,72.09,2,Efectivo,144.18
V1001628,2025-09-17,Cusco,Belleza,Shampoo,236.68,1,Efectivo,236.68
V1001629,2025-10-31,Trujillo,Moda,Camisa,98.1,2,Tarjeta,196.2
V1001630,2025-01-31,Trujillo,Tecnología,Tablet,239.25,4,Tarjeta,957.0
V1001631,2025-04-26,Lima,Moda,Pantalón,278.72,4,Plin,1114.88
V1001632,2025-08-23,Lima,Moda,Camisa,240.53,3,Tarjeta,721.59
V1001633,2025-07-11,Lima,Tecnología,Tablet,124.36,5,Tarjeta,621.8
V1001634,2025-12-14,Lima,Alimentos,Café,432.86,3,Tarjeta,1298.58
V1001635,2025-11-04,Lima,Belleza,Perfume,273.69,2,Efectivo,547.38
V1001636,2025-02-11,Cusco,Hogar,Licuadora,255.11,3,Efectivo,765.33
V1001637,2025-02-14,Cusco,Belleza,Perfume,427.74,4,Efectivo,1710.96
V1001638,2025-04-02,Piura,Alimentos,Arroz,240.48,5,Efectivo,1202.4
V1001639,2025-03-24,Trujillo,Moda,Zapatillas,396.2,3,Plin,1188.6
V1001640,2025-08-09,Piura,Moda,Camisa,165.33,5,Tarjeta,826.65
V1001641,2025-01-14,Piura,Hogar,Olla,426.88,5,Tarjeta,2134.4
V1001642,2025-02-07,Cusco,Hogar,Aspiradora,178.6,4,Yape,714.4
V1001643,2025-08-03,Cusco,Moda,Casaca,478.07,4,Plin,1912.28
V1001644,2025-07-27,Lima,Moda,Zapatillas,195.35,4,Efectivo,781.4
V1001645,2025-04-06,Arequipa,Alimentos,Atún,215.35,2,Plin,430.7
V1001646,2025-01-05,Piura,Moda,Casaca,437.04,5,Yape,2185.2
V1001647,2025-01-08,Lima,Moda,Casaca,253.63,4,Efectivo,1014.52
V1001648,2025-08-16,Cusco,Belleza,Maquillaje,212.82,3,,638.46
V1001649,2025-04-15,Trujillo,Belleza,Shampoo,137.43,4,Efectivo,549.72
V1001650,2025-05-22,Lima,,Tablet,146.45,1,Yape,146.45
V1001651,2025-02-24,Piura,Moda,Camisa,456.82,1,Efectivo,456.82
V1001652,2025-03-29,Lima,Moda,Casaca,171.69,5,Yape,858.45
V1001653,2025-07-01,Cusco,Tecnología,Laptop,133.8,3,Yape,401.4
V1001654,2025-11-07,Lima,Moda,Casaca,148.15,4,Plin,592.6
V1001655,2025-07-11,Cusco,Belleza,Shampoo,341.78,1,Efectivo,341.78
V1001656,2025-10-30,Piura,Belleza,Crema,250.1,4,Tarjeta,1000.4
V1001657,2025-01-13,Cusco,Alimentos,Café,-77.0,5,Tarjeta,385.0
V1001658,2025-03-17,Trujillo,Hogar,Olla,401.63,1,Plin,401.63
V1001659,2025-06-04,Lima,Belleza,Maquillaje,173.21,5,Tarjeta,866.05
V1001660,2025-09-16,Trujillo,Tecnología,Audífonos,161.57,2,Efectivo,323.14
V1001661,2025-05-03,Cusco,Belleza,Crema,10.2,5,Plin,51.0
V1001662,2025-12-03,Piura,Belleza,Perfume,329.32,2,Yape,658.64
V1001663,2025-08-24,Piura,Belleza,Shampoo,246.86,3,Plin,740.58
V1001664,2025-06-28,Trujillo,Belleza,Crema,398.98,5,Efectivo,1994.9
V1001665,2025-01-08,Lima,Hogar,Licuadora,392.86,5,Plin,1964.3
V1001666,2025-05-23,Piura,Tecnología,Audífonos,282.95,1,Tarjeta,282.95
V1001667,2025-02-11,Trujillo,Tecnología,Laptop,149.83,5,Plin,749.15
V1001668,2025-03-17,Lima,Hogar,Olla,410.31,3,Plin,1230.93
V1001669,2025-02-07,Trujillo,Alimentos,Atún,193.09,4,,772.36
V1001670,2025-08-28,Piura,Alimentos,Arroz,185.16,1,Tarjeta,185.16
V1001671,2025-01-15,Arequipa,Hogar,Licuadora,151.22,5,Tarjeta,756.1
V1001672,2025-02-21,Lima,Belleza,Shampoo,345.08,4,Yape,1380.32
V1001673,2025-05-15,Piura,Moda,Pantalón,249.03,5,Yape,1245.15
V1001674,2025-08-08,Lima,Tecnología,Celular,95.61,2,Efectivo,191.22
V1001675,2025-08-30,Piura,Moda,Pantalón,342.03,2,Plin,684.06
V1001676,2025-07-31,Trujillo,Belleza,Crema,87.73,3,Tarjeta,263.19
V1001677,2025-09-13,Lima,Alimentos,Arroz,240.46,2,Tarjeta,480.92
V1001678,2025-11-21,Cusco,Tecnología,Audífonos,81.07,4,Plin,324.28
V1001679,2025-10-28,Cusco,Belleza,Perfume,269.53,1,Tarjeta,269.53
V1001680,2025-10-09,Piura,Tecnología,Audífonos,378.88,2,Plin,757.76
V1001681,2025-08-05,Cusco,Alimentos,Arroz,249.14,2,Plin,498.28
V1001682,2025-02-16,Piura,Tecnología,Laptop,496.65,2,Yape,993.3
V1001683,2025-01-27,Piura,Alimentos,Atún,325.57,5,Tarjeta,1627.85
V1001684,2025-04-17,Trujillo,Alimentos,Arroz,493.17,2,Plin,986.34
V1001685,2025-02-03,Piura,Alimentos,Arroz,432.54,3,Efectivo,1297.62
V1001686,2025-10-05,Piura,Hogar,Aspiradora,275.85,5,Efectivo,1379.25
V1001687,2025-04-17,Cusco,Moda,Zapatillas,233.94,3,Yape,701.82
V1001688,2025-09-08,Piura,Hogar,Olla,144.97,5,Tarjeta,724.85
V1001689,2025-04-08,Piura,Tecnología,Tablet,54.66,4,Efectivo,218.64
V1001690,2025-05-29,Cusco,Alimentos,Café,212.25,4,Plin,849.0
V1001691,2025-06-11,Lima,Hogar,Aspiradora,244.7,4,Yape,978.8
V1001692,2025-05-24,Arequipa,Hogar,Aspiradora,247.71,3,Efectivo,743.13
V1001693,2025-07-06,Piura,Moda,Casaca,466.25,2,Yape,932.5
V1001694,2025-09-28,Arequipa,Belleza,Crema,41.17,2,Efectivo,82.34
V1001695,2025-11-07,Arequipa,Alimentos,Atún,39.44,2,Yape,78.88
V1001696,2025-12-03,Trujillo,,Atún,80.48,4,Tarjeta,321.92
V1001697,2025-02-12,Cusco,Belleza,Maquillaje,307.05,2,Plin,614.1
V1001698,2025-09-17,Piura,Moda,Zapatillas,102.15,4,Efectivo,408.6
V1001699,2025-05-10,Cusco,Tecnología,Tablet,264.28,1,Efectivo,264.28
V1001700,2025-08-24,Trujillo,Moda,Casaca,290.97,4,Tarjeta,1163.88
V1001701,2025-03-27,Lima,Hogar,Aspiradora,138.69,5,Tarjeta,693.45
V1001702,2025-07-11,Cusco,Moda,Casaca,322.47,4,Plin,1289.88
V1001703,2025-09-07,Piura,Hogar,Licuadora,445.67,1,Plin,445.67
V1001704,2025-06-14,Lima,Belleza,Maquillaje,163.49,5,Efectivo,817.45
V1001705,2025-08-13,Trujillo,Alimentos,Café,364.97,1,Tarjeta,364.97
V1001706,2025-06-01,Arequipa,Alimentos,Café,218.09,3,Plin,654.27
V1001707,2025-09-13,Trujillo,Hogar,Olla,148.02,4,Efectivo,592.08
V1001708,2025-02-12,Piura,Tecnología,Laptop,150.9,3,Yape,452.7
V1001709,2025-03-02,Cusco,Hogar,Olla,257.32,4,Plin,1029.28
V1001710,2025-11-21,Cusco,Moda,Camisa,59.5,2,Plin,119.0
V1001711,2025-11-30,Trujillo,Belleza,Perfume,187.02,3,Plin,561.06
V1001712,2025-10-31,Piura,Tecnología,Celular,266.35,1,Plin,266.35
V1001713,2025-08-23,Piura,Hogar,Aspiradora,22.89,5,Efectivo,114.45
V1001714,2025-02-16,Piura,Tecnología,Audífonos,138.99,4,Plin,555.96
V1001715,2025-05-24,Arequipa,Belleza,Shampoo,123.01,4,Yape,492.04
V1001716,2025-08-10,Trujillo,Hogar,Olla,161.34,5,Tarjeta,806.7
V1001717,2025-10-30,Piura,Moda,Pantalón,368.8,5,Yape,1844.0
V1001718,2025-09-18,Lima,Hogar,Olla,78.92,4,Plin,315.68
V1001719,2025-04-21,Arequipa,Hogar,Aspiradora,87.34,5,Yape,436.7
V1001720,2025-08-20,Trujillo,Alimentos,Atún,496.09,4,Efectivo,1984.36
V1001721,2025-10-23,Arequipa,Belleza,Maquillaje,336.64,3,Efectivo,1009.92
V1001722,2025-10-16,Lima,Alimentos,Café,52.36,4,Yape,209.44
V1001723,2025-01-24,Arequipa,Moda,Casaca,328.65,5,Tarjeta,1643.25
V1001724,2025-11-05,Cusco,Tecnología,Tablet,331.15,2,Yape,662.3
V1001725,2025-04-13,Piura,Belleza,Shampoo,401.15,5,Tarjeta,2005.75
V1001726,2025-04-26,Piura,Tecnología,Celular,284.31,5,Tarjeta,1421.55
V1001727,2025-04-10,Arequipa,Hogar,Aspiradora,467.23,2,Efectivo,934.46
V1001728,2025-02-01,Piura,Tecnología,Celular,460.86,5,Yape,2304.3
V1001729,2025-09-22,Trujillo,Tecnología,Celular,70.93,5,Yape,354.65
V1001730,2025-08-21,Cusco,Alimentos,Aceite,419.43,4,Efectivo,1677.72
V1001731,2025-01-14,Piura,Moda,Zapatillas,108.41,4,Tarjeta,433.64
V1001732,2025-12-09,Arequipa,Belleza,Perfume,361.01,4,Yape,1444.04
V1001733,2025-11-27,Arequipa,Hogar,Licuadora,85.37,2,Yape,170.74
V1001734,2025-11-30,Lima,Belleza,Shampoo,227.03,1,Tarjeta,227.03
V1001735,2025-08-18,Trujillo,Alimentos,Arroz,162.38,4,Efectivo,649.52
V1001736,2025-04-05,Trujillo,Hogar,Licuadora,303.3,1,Plin,303.3
V1001737,2025-03-28,Piura,Tecnología,Audífonos,169.28,2,Tarjeta,338.56
V1001738,2025-03-25,Arequipa,Moda,Zapatillas,270.43,5,Plin,1352.15
V1001739,2025-02-10,Arequipa,Alimentos,Aceite,368.82,2,Plin,737.64
V1001740,2025-08-05,Piura,Tecnología,Tablet,305.9,5,Yape,1529.5
V1001741,2025-08-28,Lima,Alimentos,Atún,421.2,1,Plin,421.2
V1001742,2025-06-15,Cusco,Tecnología,Laptop,12.9,9999,Yape,12.9
V1001743,2025-05-21,Trujillo,,Atún,93.95,2,Efectivo,187.9
V1001744,2025-02-09,Piura,Alimentos,Café,200.74,2,Plin,401.48
V1001745,2025-07-07,Lima,Alimentos,Atún,164.05,5,Yape,820.25
V1001746,2025-03-27,Piura,,Zapatillas,493.67,2,,987.34
V1001747,2025-11-14,Piura,Tecnología,Audífonos,12.61,5,Tarjeta,63.05
V1001748,2025-08-14,Arequipa,Alimentos,Aceite,427.23,2,Efectivo,854.46
V1001749,2025-01-15,Cusco,Alimentos,Arroz,330.74,5,Tarjeta,1653.7
V1001750,2025-05-05,Lima,Tecnología,Laptop,270.48,3,Yape,811.44
V1001751,2025-03-09,Piura,Tecnología,Audífonos,144.74,5,Plin,723.7
V1001752,2025-04-10,Trujillo,,Celular,346.81,4,Tarjeta,1387.24
V1001753,2025-07-20,Lima,Moda,Casaca,322.35,3,Yape,967.05
V1001754,2025-03-19,Cusco,Alimentos,Café,347.23,5,Tarjeta,1736.15
V1001755,2025-06-28,Piura,Moda,Casaca,243.52,4,Tarjeta,974.08
V1001756,2025-04-19,Lima,Belleza,Maquillaje,-62.88,2,Plin,125.76
V1001757,2025-03-20,Trujillo,Belleza,Shampoo,347.95,2,Efectivo,695.9
V1001758,2025-01-20,Lima,Tecnología,Audífonos,67.99,1,Efectivo,67.99
V1001759,2025-02-26,Cusco,Tecnología,Laptop,458.08,3,Efectivo,1374.24
V1001760,2025-01-06,Lima,Moda,Pantalón,29.05,2,Yape,58.1
V1001761,2025-02-20,Trujillo,Moda,Zapatillas,271.43,3,Efectivo,814.29
V1001762,2025-02-26,Arequipa,Moda,Casaca,405.9,5,Yape,2029.5
V1001763,2025-01-26,Arequipa,Hogar,Microondas,284.57,5,Plin,1422.85
V1001764,2025-08-25,Arequipa,Hogar,Olla,292.79,5,Plin,1463.95
V1001765,2025-11-17,Piura,Hogar,Microondas,218.17,4,Tarjeta,872.68
V1001766,2025-11-06,Arequipa,Moda,Camisa,289.95,4,Efectivo,1159.8
V1001767,2025-09-21,Arequipa,Hogar,Olla,278.09,2,Efectivo,556.18
V1001768,2025-09-02,Arequipa,Tecnología,Tablet,121.89,3,,365.67
V1001769,2025-07-11,Trujillo,Belleza,Maquillaje,257.15,2,,514.3
V1001770,2025-04-18,Cusco,Belleza,Shampoo,430.25,1,,430.25
V1001771,2025-06-14,Cusco,Belleza,Crema,333.46,2,Plin,666.92
V1001772,2025-05-31,Lima,Alimentos,Arroz,355.69,5,Efectivo,1778.45
V1001773,2025-07-12,Arequipa,Moda,Camisa,77.73,5,Efectivo,388.65
V1001774,2025-12-18,Cusco,Belleza,Shampoo,195.65,4,Efectivo,782.6
V1001775,2025-11-06,Arequipa,Belleza,Maquillaje,438.17,5,Tarjeta,2190.85
V1001776,2025-07-07,Lima,Alimentos,Atún,409.01,4,Efectivo,1636.04
V1001777,2025-12-17,Cusco,Alimentos,Atún,360.92,2,Plin,721.84
V1001778,2025-12-31,Lima,Tecnología,Celular,119.1,5,Plin,595.5
V1001779,2025-04-03,Trujillo,Hogar,Licuadora,127.06,1,Yape,127.06
V1001780,2025-05-16,Trujillo,,Atún,445.67,1,Yape,445.67
V1001781,2025-06-09,Lima,Belleza,Crema,481.26,2,Plin,962.52
V1001782,2025-12-12,Trujillo,Moda,Camisa,129.86,5,Plin,649.3
V1001783,2025-05-18,Trujillo,Alimentos,Arroz,400.0,2,Plin,800.0
V1001784,2025-01-27,Arequipa,Belleza,Maquillaje,208.41,2,Efectivo,416.82
V1001785,2025-01-21,Cusco,Belleza,Maquillaje,184.01,1,Tarjeta,184.01
V1001786,2025-09-15,Arequipa,Belleza,Perfume,276.3,4,Efectivo,1105.2
V1001787,2025-10-03,Lima,Hogar,Olla,92.86,3,Tarjeta,278.58
V1001788,2025-02-16,Piura,Hogar,Aspiradora,333.15,5,Efectivo,1665.75
V1001789,2025-10-02,Lima,Tecnología,Tablet,253.31,2,Tarjeta,506.62
V1001790,2025-04-17,Lima,Moda,Camisa,149.96,5,Plin,749.8
V1001791,2025-03-03,Cusco,Alimentos,Arroz,144.22,3,,432.66
V1001792,2025-11-03,Piura,Hogar,Olla,33.42,1,Yape,33.42
V1001793,2025-04-28,Arequipa,Tecnología,Laptop,339.25,1,Efectivo,339.25
V1001794,2025-01-13,Piura,,Camisa,477.42,1,Plin,477.42
V1001795,2025-08-16,Trujillo,Alimentos,Aceite,406.8,3,Plin,1220.4
V1001796,2025-11-14,Trujillo,Alimentos,Café,342.49,1,Efectivo,342.49
V1001797,2025-04-22,Cusco,Alimentos,Arroz,47.28,2,Yape,94.56
V1001798,2025-08-15,Trujillo,Moda,Pantalón,455.37,1,Tarjeta,455.37
V1001799,2025-12-21,Cusco,,Maquillaje,302.29,3,Yape,906.87
V1001800,2025-07-09,Arequipa,Belleza,Perfume,202.34,5,Plin,1011.7
V1001801,2025-07-01,Cusco,Alimentos,Atún,255.71,3,Efectivo,767.13
V1001802,2025-08-07,Lima,Alimentos,Arroz,243.21,3,Plin,729.63
V1001803,2025-05-31,Cusco,Alimentos,Aceite,400.78,4,Yape,1603.12
V1001804,2025-06-04,Piura,Alimentos,Café,174.02,5,Efectivo,870.1
V1001805,2025-02-16,Trujillo,Moda,Camisa,126.12,4,Tarjeta,504.48
V1001806,2025-10-04,Lima,Belleza,Perfume,30.74,4,Yape,122.96
V1001807,2025-01-30,Cusco,Alimentos,Aceite,128.68,3,Yape,386.04
V1001808,2025-12-26,Trujillo,Tecnología,Audífonos,388.41,3,Yape,1165.23
V1001809,2025-04-30,Lima,Hogar,Olla,395.3,5,Tarjeta,1976.5
V1001810,2025-01-14,Arequipa,Hogar,Microondas,341.96,5,Plin,1709.8
V1001811,2025-05-12,Trujillo,Tecnología,Tablet,275.18,4,Efectivo,1100.72
V1001812,2025-02-07,Piura,Belleza,Maquillaje,409.75,2,Tarjeta,819.5
V1001813,2025-01-04,Trujillo,,Café,208.01,4,Efectivo,832.04
V1001814,2025-06-23,Arequipa,Belleza,Shampoo,286.89,1,Tarjeta,286.89
V1001815,2025-11-22,Cusco,Belleza,Maquillaje,53.36,1,Plin,53.36
V1001816,2025-06-08,Piura,Tecnología,Audífonos,176.92,5,Efectivo,884.6
V1001817,2025-11-18,Trujillo,Hogar,Microondas,90.72,3,Plin,272.16
V1001818,2025-10-21,Cusco,Belleza,Shampoo,190.25,4,Plin,761.0
V1001819,2025-08-23,Lima,Belleza,Maquillaje,327.78,3,Plin,983.34
V1001820,2025-04-01,Arequipa,Hogar,Aspiradora,220.08,3,Efectivo,660.24
V1001821,2025-03-11,Cusco,Tecnología,Audífonos,97.34,1,Yape,97.34
V1001822,2025-10-12,Lima,Moda,Camisa,113.52,4,Tarjeta,454.08
V1001823,2025-03-11,Cusco,Hogar,Olla,350.0,3,Tarjeta,1050.0
V1001824,2025-05-11,Arequipa,Tecnología,Tablet,499.23,4,Plin,1996.92
V1001825,2025-02-26,Piura,Tecnología,Celular,429.58,3,Efectivo,1288.74
V1001826,2025-12-12,Trujillo,,Laptop,396.18,4,Yape,1584.72
V1001827,2025-05-30,Arequipa,Alimentos,Arroz,102.42,3,Tarjeta,307.26
V1001828,2025-06-01,Trujillo,Belleza,Maquillaje,257.53,2,Efectivo,515.06
V1001829,2025-04-16,Trujillo,Belleza,Maquillaje,320.02,2,Yape,640.04
V1001830,2025-07-23,Arequipa,Belleza,Maquillaje,350.71,3,Efectivo,1052.13
V1001831,2025-12-22,Lima,Belleza,Perfume,157.32,1,Yape,157.32
V1001832,2025-03-12,Trujillo,Hogar,Licuadora,457.12,3,Tarjeta,1371.36
V1001833,2025-08-30,Piura,Hogar,Aspiradora,294.22,1,Yape,294.22
V1001834,2025-05-06,Cusco,Tecnología,Celular,235.68,3,Efectivo,707.04
V1001835,2025-04-01,Cusco,Moda,Casaca,15.4,2,Tarjeta,30.8
V1001836,2025-12-22,Piura,Tecnología,Audífonos,259.12,1,Efectivo,259.12
V1001837,2025-01-20,Lima,Tecnología,Laptop,64.09,5,Plin,320.45
V1001838,2025-09-26,Cusco,Belleza,Crema,139.56,5,Yape,697.8
V1001839,2025-11-08,Arequipa,Belleza,Perfume,193.87,5,Efectivo,969.35
V1001840,2025-11-12,Cusco,Tecnología,Laptop,423.66,2,,847.32
V1001841,2025-07-29,Trujillo,Hogar,Licuadora,183.58,1,Yape,183.58
V1001842,2025-12-08,Piura,Tecnología,Tablet,122.61,2,Yape,245.22
V1001843,2025-01-13,Trujillo,Alimentos,Arroz,285.69,2,Tarjeta,571.38
V1001844,2025-10-19,Cusco,Alimentos,Café,431.12,4,Efectivo,1724.48
V1001845,2025-01-31,Piura,Tecnología,Audífonos,334.94,2,Efectivo,669.88
V1001846,2025-02-05,Lima,Hogar,Olla,248.64,4,Tarjeta,994.56
V1001847,2025-01-30,Cusco,Tecnología,Laptop,455.54,5,Tarjeta,2277.7
V1001848,2025-03-13,Lima,Belleza,Perfume,164.74,3,Plin,494.22
V1001849,2025-07-27,Cusco,Belleza,Shampoo,147.17,5,Efectivo,735.85
V1001850,2025-06-01,Trujillo,Moda,Pantalón,13.81,3,Efectivo,41.43
V1001851,2025-08-26,Trujillo,Tecnología,Tablet,256.6,4,Yape,1026.4
V1001852,2025-08-27,Piura,Alimentos,Arroz,97.8,3,Efectivo,293.4
V1001853,2025-10-22,Arequipa,Belleza,Perfume,478.45,5,Plin,2392.25
V1001854,2025-09-08,Arequipa,Belleza,Crema,282.85,4,Tarjeta,1131.4
V1001855,2025-10-21,Arequipa,Belleza,Shampoo,151.22,5,Plin,756.1
V1001856,2025-03-18,Arequipa,Moda,Zapatillas,413.03,5,Yape,2065.15
V1001857,2025-01-10,Piura,Alimentos,Café,145.28,4,Efectivo,581.12
V1001858,2025-02-16,Cusco,Belleza,Crema,46.63,4,Tarjeta,186.52
V1001859,2025-02-13,Trujillo,Alimentos,Aceite,494.55,1,Efectivo,494.55
V1001860,2025-09-11,Trujillo,Hogar,Aspiradora,121.42,3,Plin,364.26
V1001861,2025-03-16,Lima,Tecnología,Celular,389.49,3,,1168.47
V1001862,2025-06-13,Trujillo,Moda,Casaca,88.1,4,Yape,352.4
V1001863,2025-08-03,Arequipa,Belleza,Crema,415.18,3,Yape,1245.54
V1001864,2025-05-26,Arequipa,Tecnología,Celular,466.95,5,Tarjeta,2334.75
V1001865,2025-04-04,Arequipa,Tecnología,Laptop,395.28,2,Yape,790.56
V1001866,2025-01-08,Lima,,Atún,131.92,3,Plin,395.76
V1001867,2025-10-16,Arequipa,Hogar,Microondas,423.2,1,,423.2
V1001868,2025-01-11,Arequipa,Hogar,Aspiradora,35.15,2,Efectivo,70.3
V1001869,2025-10-13,Arequipa,Tecnología,Audífonos,118.35,5,Plin,591.75
V1001870,2025-10-24,Cusco,Moda,Camisa,85.17,2,Efectivo,170.34
V1001871,2025-03-29,Cusco,Alimentos,Aceite,232.96,5,Efectivo,1164.8
V1001872,2025-06-17,Arequipa,Hogar,Aspiradora,356.85,2,Tarjeta,713.7
V1001873,2025-04-17,Piura,Hogar,Olla,19.39,5,Efectivo,96.95
V1001874,2025-03-02,Lima,Hogar,Aspiradora,415.64,4,Yape,1662.56
V1001875,2025-05-02,Arequipa,Alimentos,Café,352.86,5,Plin,1764.3
V1001876,2025-01-27,Lima,Moda,Pantalón,431.52,2,Tarjeta,863.04
V1001877,2025-10-04,Cusco,Alimentos,Café,459.75,5,Yape,2298.75
V1001878,2025-10-02,Lima,Moda,Zapatillas,497.32,3,Plin,1491.96
V1001879,2025-11-18,Arequipa,Belleza,Perfume,457.57,2,Yape,915.14
V1001880,2025-09-16,Piura,Belleza,Crema,224.51,2,Yape,449.02
V1001881,2025-10-23,Arequipa,Tecnología,Celular,74.76,2,Tarjeta,149.52
V1001882,2025-01-29,Piura,Moda,Camisa,270.66,1,Plin,270.66
V1001883,2025-06-25,Arequipa,Alimentos,Atún,264.53,2,,529.06
V1001884,2025-09-09,Arequipa,Hogar,Licuadora,410.46,5,Tarjeta,2052.3
V1001885,2025-02-05,Cusco,Hogar,Licuadora,29.23,1,Efectivo,29.23
V1001886,2025-02-13,Cusco,,Aspiradora,356.05,5,Yape,1780.25
V1001887,2025-03-24,Piura,Moda,Zapatillas,88.36,5,Plin,441.8
V1001888,2025-06-24,Trujillo,Hogar,Microondas,297.72,4,Efectivo,1190.88
V1001889,2025-12-03,Trujillo,Belleza,Shampoo,458.08,4,Tarjeta,1832.32
V1001890,2025-08-12,Cusco,Moda,Camisa,419.43,1,Yape,419.43
V1001891,2025-11-02,Piura,Moda,Pantalón,280.49,4,Plin,1121.96
V1001892,2025-08-23,Lima,Moda,Casaca,111.31,5,Plin,556.55
V1001893,2025-05-22,Trujillo,Alimentos,Arroz,433.88,5,Efectivo,2169.4
V1001894,2025-03-27,Lima,Hogar,Aspiradora,136.3,2,Tarjeta,272.6
V1001895,2025-12-23,Piura,Hogar,Licuadora,143.21,4,Tarjeta,572.84
V1001896,2025-10-27,Piura,Moda,Camisa,264.13,5,Plin,1320.65
V1001897,2025-09-09,Lima,Belleza,Crema,101.22,4,Plin,404.88
V1001898,2025-03-16,Cusco,Alimentos,Atún,240.13,5,Efectivo,1200.65
V1001899,2025-01-18,Cusco,Moda,Camisa,314.76,3,Efectivo,944.28
V1001900,2025-07-23,Trujillo,Alimentos,Atún,345.17,2,Plin,690.34
V1001901,2025-12-27,Trujillo,,Shampoo,327.25,2,Yape,654.5
V1001902,2025-02-13,Cusco,Hogar,Olla,492.78,3,Efectivo,1478.34
V1001903,2025-01-17,Lima,,Laptop,470.24,3,Yape,1410.72
V1001904,2025-05-20,Lima,Tecnología,Audífonos,443.44,3,Plin,1330.32
V1001905,2025-12-21,Arequipa,Belleza,Shampoo,176.01,1,Tarjeta,176.01
V1001906,2025-04-30,Cusco,Moda,Zapatillas,237.78,4,Tarjeta,951.12
V1001907,2025-12-22,Lima,Alimentos,Arroz,202.46,2,Plin,404.92
V1001908,2025-12-14,Arequipa,Belleza,Maquillaje,332.84,5,Yape,1664.2
V1001909,2025-09-30,Lima,Tecnología,Laptop,383.87,2,,767.74
V1001910,2025-09-22,Trujillo,Belleza,Crema,435.79,4,Tarjeta,1743.16
V1001911,2025-03-04,Cusco,Belleza,Maquillaje,126.09,1,Efectivo,126.09
V1001912,2025-04-24,Lima,Alimentos,Café,220.3,3,Yape,660.9
V1001913,2025-05-21,Trujillo,Hogar,Microondas,271.46,4,Plin,1085.84
V1001914,2025-03-13,Cusco,Hogar,Olla,478.98,4,Tarjeta,1915.92
V1001915,2025-03-31,Trujillo,Moda,Pantalón,182.97,5,Efectivo,914.85
V1001916,2025-09-03,Cusco,Belleza,Shampoo,397.9,2,Efectivo,795.8
V1001917,2025-01-16,Lima,Alimentos,Café,15.94,4,Tarjeta,63.76
V1001918,2025-04-16,Piura,Belleza,Maquillaje,17.33,1,Plin,17.33
V1001919,2025-03-27,Cusco,Tecnología,Audífonos,495.88,4,Efectivo,1983.52
V1001920,2025-03-04,Trujillo,Belleza,Maquillaje,209.34,1,Tarjeta,209.34
V1001921,2025-07-04,Arequipa,,Casaca,326.52,2,Tarjeta,653.04
V1001922,2025-03-12,Piura,Alimentos,Aceite,246.82,5,Yape,1234.1
V1001923,2025-12-23,Lima,Belleza,Shampoo,284.19,4,Efectivo,1136.76
V1001924,2025-02-06,Piura,Tecnología,Tablet,26.91,5,Plin,134.55
V1001925,2025-12-14,Arequipa,Moda,Pantalón,358.97,2,Plin,717.94
V1001926,2025-08-03,Lima,Belleza,Maquillaje,192.4,1,,192.4
V1001927,2025-06-07,Lima,Hogar,Olla,287.22,5,,1436.1
V1001928,2025-03-21,Piura,Moda,Pantalón,146.69,5,Plin,733.45
V1001929,2025-10-11,Arequipa,Hogar,Olla,399.09,5,Efectivo,1995.45
V1001930,2025-10-09,Trujillo,Belleza,Shampoo,30.38,4,Tarjeta,121.52
V1001931,2025-03-17,Piura,Moda,Pantalón,459.5,3,Efectivo,1378.5
V1001932,2025-11-06,Trujillo,Tecnología,Tablet,294.11,1,Plin,294.11
V1001933,2025-06-07,Lima,Moda,Pantalón,469.85,4,Tarjeta,1879.4
V1001934,2025-01-15,Arequipa,Alimentos,Café,146.14,5,Tarjeta,730.7
V1001935,2025-09-10,Lima,Tecnología,Celular,124.81,4,Efectivo,499.24
V1001936,2025-02-10,Trujillo,Tecnología,Tablet,288.21,2,Yape,576.42
V1001937,2025-09-12,Arequipa,Alimentos,Aceite,313.75,5,Efectivo,1568.75
V1001938,2025-12-15,Trujillo,Tecnología,Laptop,151.78,5,Plin,758.9
V1001939,2025-10-11,Arequipa,Hogar,Microondas,288.88,2,Yape,577.76
V1001940,2025-12-06,Arequipa,Hogar,Olla,227.0,3,Efectivo,681.0
V1001941,2025-10-24,Trujillo,Hogar,Licuadora,298.16,1,Yape,298.16
V1001942,2025-03-07,Trujillo,Hogar,Olla,371.43,2,Yape,742.86
V1001943,2025-11-13,Piura,Hogar,Microondas,42.65,3,Yape,127.95
V1001944,2025-01-15,Lima,Hogar,Aspiradora,423.05,2,Yape,846.1
V1001945,2025-09-02,Cusco,Hogar,Olla,293.95,4,Efectivo,1175.8
V1001946,2025-05-27,Cusco,Tecnología,Tablet,244.82,1,Yape,244.82
V1001947,2025-02-11,Piura,Tecnología,Celular,71.06,1,Efectivo,71.06
V1001948,2025-11-02,Lima,Tecnología,Laptop,132.62,4,Efectivo,530.48
V1001949,2025-01-14,Cusco,Belleza,Perfume,467.35,1,Efectivo,467.35
V1001950,2025-03-24,Trujillo,Tecnología,Tablet,382.15,3,Efectivo,1146.45
V1001951,2025-10-29,Cusco,Alimentos,Aceite,256.57,3,Plin,769.71
V1001952,2025-01-21,Arequipa,Belleza,Crema,377.13,4,Plin,1508.52
V1001953,2025-09-08,Lima,Hogar,Aspiradora,447.47,3,Yape,1342.41
V1001954,2025-08-29,Cusco,Tecnología,Tablet,311.97,1,Efectivo,311.97
V1001955,2025-03-24,Cusco,Alimentos,Arroz,152.84,5,Plin,764.2
V1001956,2025-03-22,Trujillo,Belleza,Shampoo,120.2,2,Yape,240.4
V1001957,2025-07-06,Piura,Moda,Zapatillas,22.47,3,Plin,67.41
V1001958,2025-12-02,Piura,Tecnología,Tablet,352.78,5,Plin,1763.9
V1001959,2025-10-17,Arequipa,Alimentos,Arroz,101.99,2,Yape,203.98
V1001960,2025-12-11,Arequipa,Tecnología,Tablet,69.52,2,Plin,139.04
V1001961,2025-07-26,Piura,Moda,Camisa,129.2,4,Tarjeta,516.8
V1001962,2025-03-07,Cusco,Alimentos,Atún,411.02,5,Tarjeta,2055.1
V1001963,2025-11-06,Trujillo,Hogar,Microondas,73.21,4,Efectivo,292.84
V1001964,2025-09-20,Cusco,Moda,Zapatillas,489.46,2,Plin,978.92
V1001965,2025-11-12,Lima,Tecnología,Celular,40.92,1,Plin,40.92
V1001966,2025-10-15,Trujillo,Alimentos,Café,425.04,4,Tarjeta,1700.16
V1001967,2025-09-30,Lima,Hogar,Aspiradora,141.7,2,Plin,283.4
V1001968,2025-11-24,Piura,Hogar,Licuadora,175.5,4,Efectivo,702.0
V1001969,2025-01-23,Lima,,Atún,166.61,1,Efectivo,166.61
V1001970,2025-05-27,Cusco,,Laptop,56.18,1,Efectivo,56.18
V1001971,2025-10-04,Trujillo,Moda,Zapatillas,495.28,3,Yape,1485.84
V1001972,2025-07-03,Arequipa,Belleza,Crema,17.63,1,Plin,17.63
V1001973,2025-07-03,Lima,Hogar,Licuadora,235.56,4,Plin,942.24
V1001974,2025-12-10,Trujillo,Alimentos,Aceite,287.91,2,Tarjeta,575.82
V1001975,2025-06-21,Piura,Belleza,Shampoo,44.87,4,Efectivo,179.48
V1001976,2025-04-30,Lima,Moda,Casaca,201.78,2,Yape,403.56
V1001977,2025-10-21,Trujillo,Belleza,Maquillaje,399.84,5,Plin,1999.2
V1001978,2025-02-04,Lima,Alimentos,Arroz,418.62,4,Tarjeta,1674.48
V1001979,2025-05-20,Cusco,Hogar,Olla,264.22,1,Plin,264.22
V1001980,2025-11-18,Lima,Tecnología,Celular,20.38,1,Tarjeta,20.38
V1001981,2025-07-17,Cusco,Belleza,Shampoo,275.65,2,,551.3
V1001982,2025-04-25,Arequipa,Hogar,Olla,132.72,4,Yape,530.88
V1001983,2025-02-16,Trujillo,Moda,Casaca,93.57,9999,Tarjeta,93.57
V1001984,2025-03-06,Trujillo,Hogar,Microondas,445.43,5,Yape,2227.15
V1001985,2025-06-30,Piura,Alimentos,Arroz,336.92,3,Efectivo,1010.76
V1001986,2025-10-26,Cusco,Moda,Casaca,159.66,2,Plin,319.32
V1001987,2025-09-01,Lima,Belleza,Maquillaje,396.39,5,Tarjeta,1981.95
V1001988,2025-02-18,Arequipa,Alimentos,Aceite,454.11,5,Efectivo,2270.55
V1001989,2025-08-17,Trujillo,Belleza,Shampoo,355.64,2,Yape,711.28
V1001990,2025-06-22,Piura,Belleza,Shampoo,241.76,1,Yape,241.76
V1001991,2025-11-17,Trujillo,Hogar,Olla,261.17,5,Plin,1305.85
V1001992,2025-06-24,Cusco,Moda,Zapatillas,401.79,5,Plin,2008.95
V1001993,2025-09-10,Arequipa,Moda,Casaca,417.39,3,Yape,1252.17
V1001994,2025-04-16,Piura,Alimentos,Atún,243.01,4,Yape,972.04
V1001995,2025-06-08,Lima,Tecnología,Tablet,377.53,3,,1132.59
V1001996,2025-11-18,Arequipa,Tecnología,Laptop,133.93,5,Plin,669.65
V1001997,2025-12-20,Trujillo,Hogar,Aspiradora,15.76,3,Yape,47.28
V1001998,2025-03-22,Trujillo,Moda,Camisa,343.25,1,Tarjeta,343.25
V1001999,2025-05-19,Trujillo,Tecnología,Audífonos,477.64,5,Tarjeta,2388.2
V1002000,2025-09-07,Trujillo,Hogar,Microondas,408.44,3,Efectivo,1225.32
V1002001,2025-05-13,Lima,Moda,Zapatillas,30.2,3,Plin,90.6
V1002002,2025-08-22,Piura,Tecnología,Laptop,402.2,2,Efectivo,804.4
V1002003,2025-01-26,Trujillo,Tecnología,Laptop,63.41,1,Plin,63.41
V1002004,2025-09-19,Trujillo,Belleza,Crema,337.21,3,Yape,1011.63
V1002005,2025-11-29,Trujillo,Moda,Pantalón,247.18,3,Yape,741.54
V1002006,2025-01-28,Trujillo,Alimentos,Aceite,132.98,3,Plin,398.94
V1002007,2025-10-13,Arequipa,Moda,Pantalón,359.6,1,Efectivo,359.6
V1002008,2025-12-17,Piura,Moda,Pantalón,214.52,2,Tarjeta,429.04
V1002009,2025-08-01,Lima,Tecnología,Laptop,357.54,3,Plin,1072.62
V1002010,2025-04-18,Piura,,Licuadora,397.18,5,Efectivo,1985.9
V1002011,2025-02-18,Lima,Belleza,Crema,107.87,2,Efectivo,215.74
V1002012,2025-09-01,Piura,Tecnología,Celular,358.91,2,Tarjeta,717.82
V1002013,2025-12-05,Trujillo,Hogar,Licuadora,459.37,4,Plin,1837.48
V1002014,2025-04-04,Lima,Hogar,Microondas,233.18,4,Plin,932.72
V1002015,2025-04-08,Arequipa,Tecnología,Tablet,265.29,2,Plin,530.58
V1002016,2025-07-12,Trujillo,Alimentos,Atún,384.93,1,Plin,384.93
V1002017,2025-05-11,Piura,Tecnología,Celular,329.85,4,Yape,1319.4
V1002018,2025-08-19,Cusco,,Casaca,197.71,2,Tarjeta,395.42
V1002019,2025-04-10,Trujillo,Alimentos,Arroz,188.86,1,Efectivo,188.86
V1002020,2025-09-28,Trujillo,Tecnología,Audífonos,299.84,3,Efectivo,899.52
V1002021,2025-06-06,Trujillo,Hogar,Microondas,399.78,2,Tarjeta,799.56
V1002022,2025-01-10,Lima,Moda,Zapatillas,447.79,3,Plin,1343.37
V1002023,2025-12-07,Piura,Belleza,Maquillaje,288.86,5,Yape,1444.3
V1002024,2025-05-29,Trujillo,Tecnología,Tablet,425.28,3,Tarjeta,1275.84
V1002025,2025-10-07,Lima,Tecnología,Celular,146.57,3,Yape,439.71
V1002026,2025-11-27,Arequipa,Tecnología,Audífonos,288.24,3,Efectivo,864.72
V1002027,2025-06-24,Trujillo,Tecnología,Laptop,126.29,4,Plin,505.16
V1002028,2025-02-05,Piura,Alimentos,Aceite,197.57,4,Yape,790.28
V1002029,2025-12-25,Cusco,Moda,Casaca,375.41,5,Tarjeta,1877.05
V1002030,2025-07-06,Cusco,Belleza,Perfume,60.75,5,Plin,303.75
V1002031,2025-05-03,Piura,Alimentos,Café,324.47,3,Tarjeta,973.41
V1002032,2025-08-02,Cusco,Hogar,Licuadora,222.15,4,Yape,888.6
V1002033,2025-05-02,Cusco,Belleza,Maquillaje,178.39,3,Yape,535.17
V1002034,2025-04-30,Lima,Moda,Zapatillas,496.95,2,Plin,993.9
V1002035,2025-04-19,Lima,Moda,Pantalón,409.07,2,Efectivo,818.14
V1002036,2025-11-06,Piura,Belleza,Crema,19.92,1,Yape,19.92
V1002037,2025-05-22,Piura,Belleza,Shampoo,18.24,3,Yape,54.72
V1002038,2025-12-18,Cusco,Tecnología,Celular,223.66,1,Yape,223.66
V1002039,2025-11-06,Cusco,Moda,Pantalón,154.38,4,Yape,617.52
V1002040,2025-09-06,Cusco,Moda,Camisa,350.39,5,Yape,1751.95
V1002041,2025-03-10,Lima,Moda,Zapatillas,60.83,2,Plin,121.66
V1002042,2025-01-13,Arequipa,Hogar,Microondas,130.77,4,Tarjeta,523.08
V1002043,2025-05-24,Piura,Alimentos,Atún,309.96,2,Plin,619.92
V1002044,2025-06-22,Cusco,Hogar,Microondas,28.25,3,Efectivo,84.75
V1002045,2025-03-01,Lima,Tecnología,Tablet,362.41,5,Plin,1812.05
V1002046,2025-01-26,Lima,Tecnología,Audífonos,352.26,1,Tarjeta,352.26
V1002047,2025-01-09,Trujillo,Belleza,Crema,372.5,2,Plin,745.0
V1002048,2025-02-07,Trujillo,Moda,Zapatillas,72.02,2,Yape,144.04
V1002049,2025-07-09,Trujillo,Moda,Zapatillas,447.13,5,Efectivo,2235.65
V1002050,2025-03-01,Arequipa,Belleza,Maquillaje,158.17,4,Tarjeta,632.68
V1002051,2025-05-26,Lima,Tecnología,Audífonos,244.73,4,Yape,978.92
V1002052,2025-04-23,Trujillo,Alimentos,Arroz,453.63,3,Yape,1360.89
V1002053,2025-01-23,Lima,Belleza,Crema,113.52,4,Yape,454.08
V1002054,2025-12-22,Trujillo,Moda,Zapatillas,61.36,2,Tarjeta,122.72
V1002055,2025-08-11,Arequipa,Alimentos,Café,14.33,2,Yape,28.66
V1002056,2025-02-10,Lima,Belleza,Maquillaje,426.65,5,Plin,2133.25
V1002057,2025-05-22,Cusco,Hogar,Microondas,104.08,4,Tarjeta,416.32
V1002058,2025-04-30,Trujillo,Moda,Pantalón,429.51,4,Yape,1718.04
V1002059,2025-03-12,Lima,Tecnología,Celular,281.38,5,Tarjeta,1406.9
V1002060,2025-10-27,Lima,Hogar,Aspiradora,448.87,4,Yape,1795.48
V1002061,2025-06-28,Piura,Alimentos,Atún,323.41,1,Efectivo,323.41
V1002062,2025-08-02,Trujillo,Belleza,Crema,308.69,2,Efectivo,617.38
V1002063,2025-11-24,Piura,Alimentos,Aceite,112.11,1,Tarjeta,112.11
V1002064,2025-02-01,Arequipa,Hogar,Licuadora,327.89,5,Yape,1639.45
V1002065,2025-12-13,Lima,Moda,Camisa,301.12,4,Plin,1204.48
V1002066,2025-08-04,Trujillo,Tecnología,Tablet,456.51,2,Tarjeta,913.02
V1002067,2025-07-15,Arequipa,Moda,Casaca,290.78,4,Yape,1163.12
V1002068,2025-09-30,Trujillo,Hogar,Microondas,293.77,5,Plin,1468.85
V1002069,2025-09-15,Trujillo,Belleza,Maquillaje,349.87,3,Yape,1049.61
V1002070,2025-02-16,Cusco,Tecnología,Laptop,215.57,1,Plin,215.57
V1002071,2025-05-24,Arequipa,Tecnología,Tablet,152.49,1,Plin,152.49
V1002072,2025-12-11,Arequipa,Moda,Zapatillas,342.9,2,Yape,685.8
V1002073,2025-03-15,Lima,Moda,Zapatillas,253.39,4,Plin,1013.56
V1002074,2025-07-26,Arequipa,Alimentos,Café,228.6,2,Efectivo,457.2
V1002075,2025-01-10,Lima,Hogar,Aspiradora,261.11,5,Yape,1305.55
V1002076,2025-03-12,Arequipa,Tecnología,Tablet,44.18,1,Yape,44.18
V1002077,2025-03-22,Trujillo,Belleza,Perfume,16.85,4,Yape,67.4
V1002078,2025-10-27,Lima,Alimentos,Arroz,477.63,1,,477.63
V1002079,2025-03-03,Lima,Hogar,Aspiradora,401.36,4,Efectivo,1605.44
V1002080,2025-12-28,Arequipa,,Aceite,120.07,5,Tarjeta,600.35
V1002081,2025-08-12,Trujillo,Alimentos,Atún,366.42,1,Plin,366.42
V1002082,2025-02-05,Arequipa,Hogar,Licuadora,91.22,5,Yape,456.1
V1002083,2025-08-15,Lima,Hogar,Olla,66.93,3,Tarjeta,200.79
V1002084,2025-06-27,Lima,Hogar,Microondas,128.86,1,Plin,128.86
V1002085,2025-08-27,Arequipa,Alimentos,Aceite,171.25,2,Tarjeta,342.5
V1002086,2025-03-15,Arequipa,Alimentos,Atún,427.12,5,Plin,2135.6
V1002087,2025-02-09,Lima,Moda,Zapatillas,490.64,1,Plin,490.64
V1002088,2025-12-20,Trujillo,Belleza,Perfume,309.15,1,Tarjeta,309.15
V1002089,2025-09-26,Cusco,Moda,Casaca,120.13,5,Tarjeta,600.65
V1002090,2025-12-06,Lima,Moda,Pantalón,378.54,5,Plin,1892.7
V1002091,2025-07-17,Trujillo,Moda,Casaca,435.2,1,Tarjeta,435.2
V1002092,2025-09-13,Arequipa,Tecnología,Tablet,167.46,4,Tarjeta,669.84
V1002093,2025-10-13,Arequipa,Tecnología,Laptop,148.82,3,Tarjeta,446.46
V1002094,2025-09-30,Piura,Belleza,Shampoo,488.65,5,Tarjeta,2443.25
V1002095,2025-03-22,Lima,Moda,Camisa,183.24,2,Efectivo,366.48
V1002096,2025-08-12,Lima,Moda,Casaca,352.17,5,Yape,1760.85
V1002097,2025-04-09,Piura,Alimentos,Café,90.43,4,Efectivo,361.72
V1002098,2025-03-05,Piura,Hogar,Licuadora,165.6,3,Tarjeta,496.8
V1002099,2025-06-23,Lima,Hogar,Olla,449.77,2,Efectivo,899.54
V1002100,2025-11-15,Lima,Belleza,Shampoo,194.66,3,Tarjeta,583.98
V1002101,2025-04-16,Lima,Belleza,Crema,210.16,4,Efectivo,840.64
V1002102,2025-04-23,Arequipa,Belleza,Shampoo,420.25,3,Efectivo,1260.75
V1002103,2025-01-31,Trujillo,Hogar,Licuadora,192.48,3,Efectivo,577.44
V1002104,2025-05-13,Cusco,Alimentos,Aceite,184.63,3,Efectivo,553.89
V1002105,2025-07-22,Cusco,Belleza,Perfume,353.15,4,Efectivo,1412.6
V1002106,2025-01-04,Arequipa,Hogar,Licuadora,477.77,2,Tarjeta,955.54
V1002107,2025-12-24,Lima,Hogar,Olla,178.08,5,Tarjeta,890.4
V1002108,2025-10-02,Piura,Belleza,Perfume,188.06,5,Efectivo,940.3
V1002109,2025-08-27,Piura,Tecnología,Audífonos,242.87,2,Plin,485.74
V1002110,2025-12-18,Arequipa,Tecnología,Laptop,152.87,4,Plin,611.48
V1002111,2025-08-30,Arequipa,Hogar,Licuadora,36.28,2,Tarjeta,72.56
V1002112,2025-01-14,Piura,Tecnología,Audífonos,398.86,5,Yape,1994.3
V1002113,2025-04-23,Trujillo,Belleza,Perfume,282.82,2,Plin,565.64
V1002114,2025-07-23,Lima,Tecnología,Tablet,258.19,4,Yape,1032.76
V1002115,2025-07-29,Cusco,Tecnología,Celular,379.22,2,Efectivo,758.44
V1002116,2025-07-27,Lima,Hogar,Licuadora,147.63,2,Tarjeta,295.26
V1002117,2025-03-24,Piura,Belleza,Maquillaje,208.5,4,Tarjeta,834.0
V1002118,2025-01-18,Piura,Moda,Zapatillas,199.77,4,Plin,799.08
V1002119,2025-06-21,Cusco,Moda,Zapatillas,325.97,1,Efectivo,325.97
V1002120,2025-07-08,Piura,Belleza,Crema,348.43,3,Efectivo,1045.29
V1002121,2025-02-02,Lima,Alimentos,Arroz,252.36,2,Yape,504.72
V1002122,2025-08-04,Lima,Tecnología,Celular,397.04,4,Plin,1588.16
V1002123,2025-01-05,Lima,Alimentos,Café,327.32,5,Tarjeta,1636.6
V1002124,2025-11-27,Cusco,Belleza,Shampoo,329.15,1,Yape,329.15
V1002125,2025-04-25,Trujillo,Hogar,Olla,62.13,4,Efectivo,248.52
V1002126,2025-05-22,Arequipa,Alimentos,Aceite,342.48,4,Plin,1369.92
V1002127,2025-05-28,Lima,Belleza,Crema,418.89,2,Tarjeta,837.78
V1002128,2025-04-10,Piura,Moda,Casaca,192.04,3,Plin,576.12
V1002129,2025-01-07,Arequipa,Belleza,Shampoo,299.8,2,Plin,599.6
V1002130,2025-10-25,Piura,Belleza,Crema,168.65,2,Yape,337.3
V1002131,2025-05-10,Cusco,,Audífonos,38.49,3,Efectivo,115.47
V1002132,2025-11-27,Trujillo,Moda,Pantalón,388.06,1,Plin,388.06
V1002133,2025-11-27,Cusco,Alimentos,Café,463.61,5,Efectivo,2318.05
V1002134,2025-08-16,Arequipa,Hogar,Microondas,203.45,5,Plin,1017.25
V1002135,2025-05-07,Cusco,Hogar,Microondas,195.64,2,Efectivo,391.28
V1002136,2025-11-26,Lima,Alimentos,Aceite,211.66,1,Plin,211.66
V1002137,2025-04-06,Arequipa,Alimentos,Café,447.97,3,Plin,1343.91
V1002138,2025-11-30,Arequipa,Alimentos,Café,349.38,1,Tarjeta,349.38
V1002139,2025-03-02,Arequipa,Alimentos,Aceite,348.05,4,Yape,1392.2
V1002140,2025-07-05,Lima,Moda,Camisa,342.41,5,Yape,1712.05
V1002141,2025-01-08,Lima,Moda,Zapatillas,245.33,1,Yape,245.33
V1002142,2025-09-28,Piura,Moda,Zapatillas,446.47,3,Yape,1339.41
V1002143,2025-04-02,Lima,Tecnología,Celular,257.92,3,Yape,773.76
V1002144,2025-04-17,Cusco,Hogar,Microondas,341.27,1,Yape,341.27
V1002145,2025-07-05,Piura,Alimentos,Aceite,480.52,2,Tarjeta,961.04
V1002146,2025-01-29,Arequipa,Alimentos,Arroz,476.98,2,,953.96
V1002147,2025-04-23,Trujillo,Alimentos,Atún,235.56,2,,471.12
V1002148,2025-03-20,Lima,Tecnología,Laptop,417.25,3,Plin,1251.75
V1002149,2025-10-22,Cusco,Tecnología,Laptop,214.82,4,Efectivo,859.28
V1002150,2025-08-08,Trujillo,Belleza,Maquillaje,43.8,3,Efectivo,131.4
V1002151,2025-11-15,Piura,Alimentos,Café,471.78,1,Tarjeta,471.78
V1002152,2025-06-14,Lima,Alimentos,Aceite,209.1,1,Efectivo,209.1
V1002153,2025-12-18,Lima,Belleza,Shampoo,403.12,2,Efectivo,806.24
V1002154,2025-01-05,Arequipa,Alimentos,Café,62.99,1,Plin,62.99
V1002155,2025-10-05,Piura,Belleza,Perfume,54.63,1,Tarjeta,54.63
V1002156,2025-12-24,Arequipa,Belleza,Perfume,280.5,5,,1402.5
V1002157,2025-03-24,Arequipa,Alimentos,Aceite,227.42,4,Efectivo,909.68
V1002158,2025-12-05,Lima,Alimentos,Atún,74.35,3,Yape,223.05
V1002159,2025-07-26,Lima,Alimentos,Arroz,362.04,4,Tarjeta,1448.16
V1002160,2025-01-19,Trujillo,Moda,Zapatillas,326.87,5,Yape,1634.35
V1002161,2025-07-23,Piura,Tecnología,Celular,172.83,3,Yape,518.49
V1002162,2025-04-20,Piura,Moda,Pantalón,39.26,4,Efectivo,157.04
V1002163,2025-01-06,Lima,Alimentos,Atún,369.72,5,Yape,1848.6
V1002164,2025-11-26,Arequipa,Moda,Camisa,264.53,3,Efectivo,793.59
V1002165,2025-05-20,Lima,Tecnología,Tablet,439.54,4,Tarjeta,1758.16
V1002166,2025-12-22,Piura,Belleza,Perfume,190.45,5,Plin,952.25
V1002167,2025-01-21,Cusco,Moda,Pantalón,324.38,1,Tarjeta,324.38
V1002168,2025-07-05,Lima,Alimentos,Aceite,434.4,3,Yape,1303.2
V1002169,2025-07-09,Trujillo,Hogar,Aspiradora,161.87,2,Plin,323.74
V1002170,2025-03-28,Arequipa,Hogar,Microondas,471.57,1,Efectivo,471.57
V1002171,2025-02-24,Lima,Belleza,Crema,88.38,3,Efectivo,265.14
V1002172,2025-05-29,Trujillo,Tecnología,Audífonos,190.24,2,Yape,380.48
V1002173,2025-08-30,Piura,Belleza,Maquillaje,339.33,4,Yape,1357.32
V1002174,2025-06-17,Lima,Hogar,Aspiradora,41.8,2,Yape,83.6
V1002175,2025-12-10,Trujillo,Tecnología,Celular,285.22,2,Plin,570.44
V1002176,2025-12-17,Cusco,Belleza,Crema,144.11,1,Yape,144.11
V1002177,2025-09-03,Arequipa,Moda,Casaca,169.66,3,Yape,508.98
V1002178,2025-03-27,Lima,Hogar,Microondas,307.74,4,Yape,1230.96
V1002179,2025-07-17,Trujillo,Alimentos,Arroz,170.27,2,Plin,340.54
V1002180,2025-12-06,Trujillo,Hogar,Aspiradora,411.55,1,Efectivo,411.55
V1002181,2025-03-10,Cusco,Hogar,Olla,121.88,4,Plin,487.52
V1002182,2025-10-03,Arequipa,,Crema,144.78,5,Yape,723.9
V1002183,2025-09-30,Piura,Tecnología,Celular,220.42,3,Tarjeta,661.26
V1002184,2025-11-02,Arequipa,Belleza,Crema,251.85,4,Plin,1007.4
V1002185,2025-06-22,Cusco,Hogar,Microondas,140.86,2,Yape,281.72
V1002186,2025-08-19,Piura,Tecnología,Audífonos,283.61,3,Yape,850.83
V1002187,2025-09-24,Arequipa,Belleza,Maquillaje,146.93,3,Efectivo,440.79
V1002188,2025-05-17,Trujillo,Belleza,Maquillaje,218.68,3,Tarjeta,656.04
V1002189,2025-02-07,Cusco,Belleza,Shampoo,182.06,1,Yape,182.06
V1002190,2025-09-02,Lima,Tecnología,Tablet,10.53,5,Tarjeta,52.65
V1002191,2025-09-06,Piura,Tecnología,Celular,143.81,1,Yape,143.81
V1002192,2025-11-11,Trujillo,Alimentos,Atún,111.94,5,Efectivo,559.7
V1002193,2025-01-30,Piura,Belleza,Crema,383.9,3,Tarjeta,1151.7
V1002194,2025-10-18,Trujillo,Belleza,Perfume,385.12,2,Efectivo,770.24
V1002195,2025-11-03,Trujillo,Hogar,Olla,14.04,2,Efectivo,28.08
V1002196,2025-12-04,Arequipa,Alimentos,Atún,310.23,3,Efectivo,930.69
V1002197,2025-08-01,Arequipa,Belleza,Maquillaje,119.73,2,Yape,239.46
V1002198,2025-11-16,Lima,Belleza,Shampoo,74.6,1,Efectivo,74.6
V1002199,2025-01-02,Trujillo,Tecnología,Celular,106.86,2,Plin,213.72
V1002200,2025-08-31,Trujillo,Hogar,Aspiradora,477.59,4,Yape,1910.36
V1002201,2025-03-28,Piura,Belleza,Maquillaje,38.7,3,Plin,116.1
V1002202,2025-05-26,Cusco,Tecnología,Laptop,335.52,5,Yape,1677.6
V1002203,2025-04-14,Arequipa,,Laptop,293.75,5,Plin,1468.75
V1002204,2025-12-27,Lima,Belleza,Crema,163.73,3,Yape,491.19
V1002205,2025-03-19,Cusco,Tecnología,Laptop,78.74,5,,393.7
V1002206,2025-12-19,Lima,Belleza,Maquillaje,287.25,2,Yape,574.5
V1002207,2025-12-17,Cusco,Hogar,Licuadora,459.27,2,Plin,918.54
V1002208,2025-01-16,Trujillo,Alimentos,Atún,187.93,1,Yape,187.93
V1002209,2025-09-25,Lima,Moda,Camisa,302.35,5,Tarjeta,1511.75
V1002210,2025-11-01,Trujillo,Hogar,Olla,208.0,3,Plin,624.0
V1002211,2025-08-03,Cusco,Alimentos,Atún,484.31,2,Yape,968.62
V1002212,2025-03-23,Trujillo,,Licuadora,104.26,3,Yape,312.78
V1002213,2025-02-07,Lima,Moda,Pantalón,490.87,5,Tarjeta,2454.35
V1002214,2025-05-16,Arequipa,Hogar,Olla,128.51,2,Tarjeta,257.02
V1002215,2025-08-08,Trujillo,Hogar,Olla,230.56,3,Tarjeta,691.68
V1002216,2025-04-26,Arequipa,Alimentos,Café,197.9,3,Tarjeta,593.7
V1002217,2025-10-01,Cusco,Hogar,Microondas,148.34,5,Plin,741.7
V1002218,2025-09-11,Arequipa,Tecnología,Audífonos,310.81,2,Yape,621.62
V1002219,2025-09-10,Trujillo,Belleza,Perfume,384.18,3,Yape,1152.54
V1002220,2025-04-19,Lima,Alimentos,Atún,231.76,2,Tarjeta,463.52
V1002221,2025-05-23,Piura,Moda,Pantalón,104.02,1,Yape,104.02
V1002222,2025-01-10,Arequipa,Tecnología,Tablet,58.75,1,Tarjeta,58.75
V1002223,2025-04-19,Cusco,Tecnología,Audífonos,294.45,3,Efectivo,883.35
V1002224,2025-12-07,Cusco,,Atún,383.64,1,Efectivo,383.64
V1002225,2025-11-04,Arequipa,Moda,Camisa,188.87,1,Tarjeta,188.87
V1002226,2025-09-08,Trujillo,Alimentos,Arroz,242.89,4,Plin,971.56
V1002227,2025-10-24,Piura,Alimentos,Aceite,481.85,1,Efectivo,481.85
V1002228,2025-02-06,Cusco,Hogar,Microondas,277.05,2,Yape,554.1
V1002229,2025-07-28,Cusco,Moda,Camisa,214.56,3,Yape,643.68
V1002230,2025-10-12,Arequipa,Belleza,Maquillaje,146.0,1,Tarjeta,146.0
V1002231,2025-08-20,Trujillo,,Café,217.61,4,Efectivo,870.44
V1002232,2025-08-11,Lima,Belleza,Maquillaje,282.79,1,Plin,282.79
V1002233,2025-06-05,Arequipa,Tecnología,Audífonos,25.74,5,Yape,128.7
V1002234,2025-03-21,Cusco,Hogar,Microondas,416.68,4,Tarjeta,1666.72
V1002235,2025-12-01,Trujillo,Tecnología,Laptop,119.26,5,Tarjeta,596.3
V1002236,2025-04-12,Piura,Alimentos,Café,66.43,4,Plin,265.72
V1002237,2025-11-27,Trujillo,Belleza,Perfume,341.04,3,Efectivo,1023.12
V1002238,2025-12-06,Piura,Belleza,Crema,470.75,1,Efectivo,470.75
V1002239,2025-04-22,Cusco,Belleza,Crema,180.34,5,Yape,901.7
V1002240,2025-03-19,Piura,Tecnología,Laptop,498.8,4,Plin,1995.2
V1002241,2025-10-30,Arequipa,,Aceite,474.98,2,Tarjeta,949.96
V1002242,2025-10-06,Cusco,Moda,Zapatillas,303.14,3,Tarjeta,909.42
V1002243,2025-04-20,Trujillo,Alimentos,Atún,194.07,4,Tarjeta,776.28
V1002244,2025-04-23,Arequipa,Belleza,Maquillaje,357.27,2,Efectivo,714.54
V1002245,2025-07-29,Arequipa,Tecnología,Celular,64.18,1,Tarjeta,64.18
V1002246,2025-09-23,Trujillo,Alimentos,Aceite,451.6,2,Tarjeta,903.2
V1002247,2025-09-03,Arequipa,Moda,Casaca,326.21,4,Plin,1304.84
V1002248,2025-10-08,Trujillo,Hogar,Licuadora,406.93,4,Tarjeta,1627.72
V1002249,2025-07-27,Piura,Alimentos,Atún,69.67,2,Tarjeta,139.34
V1002250,2025-02-14,Trujillo,Tecnología,Celular,382.92,1,Yape,382.92
V1002251,2025-06-27,Piura,Belleza,Maquillaje,69.92,9999,Tarjeta,349.6
V1002252,2025-05-27,Piura,Tecnología,Celular,51.47,4,Yape,205.88
V1002253,2025-02-11,Cusco,Belleza,Shampoo,252.78,5,Efectivo,1263.9
V1002254,2025-07-18,Lima,Hogar,Olla,189.5,4,Yape,758.0
V1002255,2025-09-07,Lima,Moda,Camisa,459.54,4,Efectivo,1838.16
V1002256,2025-06-05,Arequipa,Moda,Pantalón,21.41,5,Yape,107.05
V1002257,2025-02-21,Piura,Hogar,Olla,267.52,5,Tarjeta,1337.6
V1002258,2025-05-30,Lima,Belleza,Shampoo,437.67,4,Yape,1750.68
V1002259,2025-10-25,Lima,Hogar,Microondas,115.39,5,Plin,576.95
V1002260,2025-04-17,Cusco,Tecnología,Celular,354.62,4,Yape,1418.48
V1002261,2025-07-16,Cusco,Tecnología,Celular,72.97,5,Yape,364.85
V1002262,2025-07-09,Lima,Alimentos,Café,22.25,2,Plin,44.5
V1002263,2025-07-10,Lima,Tecnología,Tablet,397.68,2,Yape,795.36
V1002264,2025-05-18,Arequipa,Belleza,Maquillaje,237.39,4,Plin,949.56
V1002265,2025-05-16,Arequipa,Hogar,Olla,360.68,3,Efectivo,1082.04
V1002266,2025-07-09,Piura,Tecnología,Laptop,310.72,4,Tarjeta,1242.88
V1002267,2025-12-03,Lima,Hogar,Olla,413.0,3,Efectivo,1239.0
V1002268,2025-04-21,Arequipa,Hogar,Olla,342.4,2,Yape,684.8
V1002269,2025-11-26,Cusco,Tecnología,Celular,255.46,2,Tarjeta,510.92
V1002270,2025-02-19,Piura,Alimentos,Atún,92.58,3,Tarjeta,277.74
V1002271,2025-11-12,Trujillo,Tecnología,Audífonos,499.32,3,Efectivo,1497.96
V1002272,2025-10-28,Trujillo,Tecnología,Celular,159.65,4,Plin,638.6
V1002273,2025-11-03,Cusco,Tecnología,Laptop,23.96,5,Tarjeta,119.8
V1002274,2025-09-14,Lima,Moda,Camisa,204.43,2,Efectivo,408.86
V1002275,2025-12-03,Cusco,Moda,Pantalón,188.5,5,Efectivo,942.5
V1002276,2025-12-17,Lima,Hogar,Microondas,142.88,5,Yape,714.4
V1002277,2025-12-24,Arequipa,Tecnología,Tablet,367.34,4,Efectivo,1469.36
V1002278,2025-02-06,Piura,Tecnología,Tablet,433.74,4,Tarjeta,1734.96
V1002279,2025-01-31,Cusco,Belleza,Maquillaje,98.05,3,Efectivo,294.15
V1002280,2025-10-27,Cusco,Belleza,Shampoo,492.39,2,Yape,984.78
V1002281,2025-05-12,Arequipa,Hogar,Olla,193.87,2,Efectivo,387.74
V1002282,2025-08-15,Lima,Alimentos,Café,347.89,3,Tarjeta,1043.67
V1002283,2025-04-07,Lima,,Perfume,75.98,5,Tarjeta,379.9
V1002284,2025-07-23,Arequipa,Belleza,Crema,433.68,3,Plin,1301.04
V1002285,2025-06-29,Arequipa,Hogar,Aspiradora,211.14,5,Yape,1055.7
V1002286,2025-04-16,Lima,Moda,Pantalón,73.69,4,Yape,294.76
V1002287,2025-08-01,Piura,Belleza,Crema,230.18,4,Tarjeta,920.72
V1002288,2025-04-26,Piura,Hogar,Aspiradora,359.89,3,Plin,1079.67
V1002289,2025-11-01,Lima,Moda,Pantalón,492.62,1,,492.62
V1002290,2025-01-21,Arequipa,Tecnología,Audífonos,129.59,1,Plin,129.59
V1002291,2025-10-28,Trujillo,Alimentos,Arroz,115.65,1,Tarjeta,115.65
V1002292,2025-11-06,Arequipa,Hogar,Aspiradora,263.47,3,Tarjeta,790.41
V1002293,2025-02-20,Lima,Moda,Casaca,334.46,2,Plin,668.92
V1002294,2025-12-03,Cusco,,Camisa,401.26,2,Efectivo,802.52
V1002295,2025-10-31,Cusco,,Olla,435.79,5,Plin,2178.95
V1002296,2025-08-02,Trujillo,Belleza,Perfume,155.08,1,Tarjeta,155.08
V1002297,2025-04-02,Trujillo,,Arroz,56.4,4,Tarjeta,225.6
V1002298,2025-06-25,Trujillo,Alimentos,Arroz,410.92,1,Plin,410.92
V1002299,2025-03-12,Cusco,Moda,Zapatillas,230.3,3,Efectivo,690.9
V1002300,2025-07-15,Lima,Hogar,Aspiradora,152.38,5,Plin,761.9
V1002301,2025-10-02,Cusco,Belleza,Shampoo,360.57,3,Plin,1081.71
V1002302,2025-10-06,Trujillo,Moda,Casaca,283.65,2,Tarjeta,567.3
V1002303,2025-08-01,Trujillo,Tecnología,Tablet,161.68,4,Efectivo,646.72
V1002304,2025-02-05,Piura,Moda,Camisa,152.34,2,Plin,304.68
V1002305,2025-01-30,Arequipa,Hogar,Microondas,388.12,2,Yape,776.24
V1002306,2025-11-23,Piura,Hogar,Aspiradora,423.39,5,Tarjeta,2116.95
V1002307,2025-05-25,Lima,Hogar,Olla,187.08,3,Plin,561.24
V1002308,2025-05-14,Lima,Moda,Zapatillas,468.28,5,Efectivo,2341.4
V1002309,2025-03-23,Piura,Alimentos,Café,270.67,4,Yape,1082.68
V1002310,2025-07-08,Lima,Tecnología,Laptop,356.65,5,Tarjeta,1783.25
V1002311,2025-09-17,Piura,Moda,Pantalón,353.73,2,Plin,707.46
V1002312,2025-12-23,Arequipa,Moda,Casaca,26.29,4,Yape,105.16
V1002313,2025-12-19,Lima,Tecnología,Celular,429.59,2,Tarjeta,859.18
V1002314,2025-09-17,Piura,Alimentos,Café,10.08,3,Tarjeta,30.24
V1002315,2025-10-16,Trujillo,Tecnología,Tablet,226.56,2,Efectivo,453.12
V1002316,2025-12-07,Cusco,Moda,Casaca,41.52,1,Tarjeta,41.52
V1002317,2025-07-07,Piura,Belleza,Perfume,245.5,3,Plin,736.5
V1002318,2025-01-24,Cusco,Hogar,Microondas,268.11,5,,1340.55
V1002319,2025-10-22,Cusco,Hogar,Licuadora,497.82,4,Efectivo,1991.28
V1002320,2025-06-07,Trujillo,Belleza,Shampoo,305.62,4,Tarjeta,1222.48
V1002321,2025-10-01,Trujillo,Hogar,Licuadora,-438.29,4,Yape,1753.16
V1002322,2025-09-11,Piura,Hogar,Microondas,123.16,1,Efectivo,123.16
V1002323,2025-08-10,Piura,Alimentos,Aceite,230.72,2,Yape,461.44
V1002324,2025-07-28,Piura,Tecnología,Celular,195.86,5,Plin,979.3
V1002325,2025-02-11,Piura,Hogar,Licuadora,446.3,2,Efectivo,892.6
V1002326,2025-10-15,Cusco,Alimentos,Arroz,138.03,4,Plin,552.12
V1002327,2025-07-06,Piura,,Celular,279.09,5,Efectivo,1395.45
V1002328,2025-10-31,Piura,Hogar,Licuadora,34.15,3,Tarjeta,102.45
V1002329,2025-01-03,Trujillo,Hogar,Microondas,342.45,4,Tarjeta,1369.8
V1002330,2025-12-13,Piura,Hogar,Aspiradora,77.24,1,Plin,77.24
V1002331,2025-07-11,Piura,Moda,Casaca,277.79,4,Plin,1111.16
V1002332,2025-02-22,Arequipa,Tecnología,Laptop,56.54,2,Yape,113.08
V1002333,2025-05-12,Cusco,Tecnología,Audífonos,221.23,2,Efectivo,442.46
V1002334,2025-11-21,Trujillo,Tecnología,Laptop,405.68,4,Tarjeta,1622.72
V1002335,2025-10-10,Piura,Alimentos,Arroz,298.74,3,Tarjeta,896.22
V1002336,2025-01-07,Trujillo,Tecnología,Tablet,26.71,3,Tarjeta,80.13
V1002337,2025-01-13,Arequipa,Hogar,Microondas,44.63,4,Efectivo,178.52
V1002338,2025-07-12,Arequipa,Alimentos,Atún,62.19,1,Yape,62.19
V1002339,2025-09-01,Piura,Hogar,Licuadora,489.83,3,Tarjeta,1469.49
V1002340,2025-10-01,Lima,Hogar,Aspiradora,315.9,3,Tarjeta,947.7
V1002341,2025-05-10,Arequipa,Hogar,Olla,428.91,5,Plin,2144.55
V1002342,2025-05-14,Cusco,Moda,Pantalón,377.07,3,Efectivo,1131.21
V1002343,2025-04-24,Lima,Moda,Pantalón,24.78,4,Yape,99.12
V1002344,2025-06-04,Cusco,Belleza,Maquillaje,395.28,2,Yape,790.56
V1002345,2025-02-01,Piura,Hogar,Licuadora,423.76,3,Efectivo,1271.28
V1002346,2025-02-12,Trujillo,Moda,Camisa,491.79,1,Efectivo,491.79
V1002347,2025-11-15,Arequipa,Belleza,Perfume,328.68,2,Plin,657.36
V1002348,2025-10-29,Cusco,Tecnología,Tablet,224.17,2,Yape,448.34
V1002349,2025-03-14,Cusco,,Licuadora,25.58,3,Plin,76.74
V1002350,2025-07-29,Lima,Moda,Pantalón,237.25,3,Yape,711.75
V1002351,2025-09-22,Cusco,Moda,Zapatillas,438.91,2,Plin,877.82
V1002352,2025-11-29,Arequipa,Tecnología,Laptop,316.54,2,Plin,633.08
V1002353,2025-04-02,Cusco,Hogar,Aspiradora,287.43,2,Tarjeta,574.86
V1002354,2025-09-22,Cusco,Belleza,Shampoo,169.09,3,Efectivo,507.27
V1002355,2025-07-16,Lima,Belleza,Perfume,437.79,4,Efectivo,1751.16
V1002356,2025-01-18,Trujillo,Belleza,Crema,489.93,2,Yape,979.86
V1002357,2025-10-19,Lima,Alimentos,Atún,219.01,1,Plin,219.01
V1002358,2025-02-23,Trujillo,Alimentos,Atún,356.48,1,Efectivo,356.48
V1002359,2025-11-26,Cusco,Belleza,Crema,396.59,3,Plin,1189.77
V1002360,2025-01-06,Piura,,Pantalón,85.59,2,Yape,171.18
V1002361,2025-11-14,Cusco,Alimentos,Arroz,293.56,2,Efectivo,587.12
V1002362,2025-07-04,Arequipa,Alimentos,Aceite,65.64,3,Efectivo,196.92
V1002363,2025-05-03,Trujillo,Moda,Pantalón,404.22,2,Yape,808.44
V1002364,2025-05-13,Arequipa,Tecnología,Celular,231.57,2,Tarjeta,463.14
V1002365,2025-05-11,Piura,,Shampoo,23.85,1,Plin,23.85
V1002366,2025-11-25,Lima,Tecnología,Tablet,248.85,3,Plin,746.55
V1002367,2025-10-11,Arequipa,Tecnología,Audífonos,393.5,2,Efectivo,787.0
V1002368,2025-10-16,Cusco,Hogar,Microondas,123.28,5,Plin,616.4
V1002369,2025-09-29,Piura,Belleza,Maquillaje,281.17,2,Efectivo,562.34
V1002370,2025-02-28,Piura,Tecnología,Tablet,28.62,1,Plin,28.62
V1002371,2025-03-26,Cusco,Alimentos,Arroz,212.57,1,Yape,212.57
V1002372,2025-05-09,Piura,Moda,Zapatillas,310.88,4,Tarjeta,1243.52
V1002373,2025-11-23,Lima,Belleza,Crema,135.7,1,Tarjeta,135.7
V1002374,2025-01-04,Piura,Alimentos,Atún,244.97,5,Efectivo,1224.85
V1002375,2025-05-16,Lima,Moda,Camisa,73.92,4,Tarjeta,295.68
V1002376,2025-09-04,Piura,Tecnología,Laptop,294.86,3,Plin,884.58
V1002377,2025-01-31,Arequipa,Tecnología,Audífonos,265.53,1,Efectivo,265.53
V1002378,2025-02-19,Arequipa,Belleza,Perfume,342.16,1,Efectivo,342.16
V1002379,2025-12-04,Lima,Tecnología,Celular,174.69,1,Yape,174.69
V1002380,2025-10-23,Lima,Alimentos,Arroz,142.92,4,Tarjeta,571.68
V1002381,2025-04-25,Trujillo,Tecnología,Laptop,113.94,5,Yape,569.7
V1002382,2025-11-20,Piura,Alimentos,Arroz,383.52,4,Efectivo,1534.08
V1002383,2025-01-16,Lima,Alimentos,Arroz,54.39,1,Yape,54.39
V1002384,2025-08-20,Lima,Tecnología,Audífonos,391.49,5,Tarjeta,1957.45
V1002385,2025-10-05,Trujillo,Tecnología,Audífonos,156.74,1,Plin,156.74
V1002386,2025-03-15,Cusco,Tecnología,Audífonos,372.82,5,Plin,1864.1
V1002387,2025-11-17,Arequipa,Tecnología,Celular,397.74,1,Plin,397.74
V1002388,2025-08-06,Lima,Hogar,Aspiradora,480.76,3,Efectivo,1442.28
V1002389,2025-03-12,Lima,Tecnología,Audífonos,473.03,3,Efectivo,1419.09
V1002390,2025-02-05,Trujillo,Moda,Pantalón,493.01,4,Plin,1972.04
V1002391,2025-09-19,Lima,Hogar,Microondas,49.88,3,Tarjeta,149.64
V1002392,2025-07-21,Arequipa,Moda,Camisa,494.31,2,Efectivo,988.62
V1002393,2025-08-06,Lima,Moda,Zapatillas,303.6,3,Plin,910.8
V1002394,2025-06-01,Cusco,Belleza,Maquillaje,160.82,3,Efectivo,482.46
V1002395,2025-12-20,Cusco,Alimentos,Café,170.7,4,Tarjeta,682.8
V1002396,2025-05-16,Arequipa,Belleza,Perfume,182.1,5,Plin,910.5
V1002397,2025-03-08,Piura,,Crema,14.07,2,Tarjeta,28.14
V1002398,2025-01-02,Trujillo,Belleza,Maquillaje,394.01,2,Efectivo,788.02
V1002399,2025-08-09,Lima,Belleza,Maquillaje,73.01,4,Tarjeta,292.04
V1002400,2025-12-14,Lima,Moda,Zapatillas,210.32,2,Yape,420.64
V1002401,2025-01-31,Piura,Moda,Camisa,181.5,3,Tarjeta,544.5
V1002402,2025-09-12,Cusco,Tecnología,Celular,407.9,3,Plin,1223.7
V1002403,2025-06-18,Trujillo,Belleza,Shampoo,458.91,3,Tarjeta,1376.73
V1002404,2025-07-01,Lima,Moda,Pantalón,477.96,4,Efectivo,1911.84
V1002405,2025-10-15,Arequipa,Moda,Camisa,243.87,2,Efectivo,487.74
V1002406,2025-04-15,Trujillo,Moda,Casaca,169.97,1,Plin,169.97
V1002407,2025-01-15,Arequipa,Alimentos,Café,407.66,1,Tarjeta,407.66
V1002408,2025-10-04,Piura,Moda,Camisa,476.22,4,Tarjeta,1904.88
V1002409,2025-07-09,Trujillo,Tecnología,Audífonos,349.7,5,Plin,1748.5
V1002410,2025-05-01,Trujillo,Hogar,Licuadora,249.88,1,Plin,249.88
V1002411,2025-11-17,Trujillo,Tecnología,Tablet,479.67,1,Efectivo,479.67
V1002412,2025-11-01,Lima,Moda,Pantalón,436.92,5,Plin,2184.6
V1002413,2025-09-27,Arequipa,,Tablet,374.43,3,Yape,1123.29
V1002414,2025-11-11,Arequipa,Tecnología,Celular,499.36,4,Yape,1997.44
V1002415,2025-02-11,Piura,Moda,Zapatillas,485.83,5,Plin,2429.15
V1002416,2025-12-05,Trujillo,Alimentos,Café,202.28,4,Efectivo,809.12
V1002417,2025-11-03,Cusco,,Celular,290.83,1,Efectivo,290.83
V1002418,2025-07-08,Lima,,Shampoo,222.87,1,Plin,222.87
V1002419,2025-11-11,Lima,Belleza,Crema,234.8,1,Yape,234.8
V1002420,2025-05-06,Cusco,Hogar,Olla,493.13,2,Tarjeta,986.26
V1002421,2025-09-02,Arequipa,,Arroz,133.53,4,Plin,534.12
V1002422,2025-07-09,Piura,Hogar,Microondas,73.4,4,Yape,293.6
V1002423,2025-07-28,Lima,Belleza,Crema,292.57,4,Tarjeta,1170.28
V1002424,2025-01-20,Arequipa,Hogar,Olla,393.04,4,Tarjeta,1572.16
V1002425,2025-04-06,Cusco,Hogar,Olla,185.57,1,Yape,185.57
V1002426,2025-08-26,Cusco,Hogar,Aspiradora,94.39,5,Yape,471.95
V1002427,2025-04-28,Arequipa,Moda,Pantalón,180.86,4,Plin,723.44
V1002428,2025-03-28,Lima,Alimentos,Aceite,343.3,5,Yape,1716.5
V1002429,2025-02-10,Cusco,Hogar,Microondas,181.23,1,Yape,181.23
V1002430,2025-08-19,Arequipa,Hogar,Olla,17.7,4,Plin,70.8
V1002431,2025-02-24,Arequipa,Moda,Zapatillas,421.6,5,Tarjeta,2108.0
V1002432,2025-08-31,Trujillo,Hogar,Microondas,174.6,4,Efectivo,698.4
V1002433,2025-12-06,Lima,Tecnología,Laptop,412.45,4,Yape,1649.8
V1002434,2025-07-23,Piura,Moda,Zapatillas,355.65,3,Tarjeta,1066.95
V1002435,2025-10-07,Cusco,Belleza,Crema,142.51,3,Tarjeta,427.53
V1002436,2025-03-19,Piura,Moda,Casaca,493.31,4,Tarjeta,1973.24
V1002437,2025-04-21,Cusco,Belleza,Perfume,207.97,5,Efectivo,1039.85
V1002438,2025-10-14,Piura,Alimentos,Atún,-125.52,1,Plin,125.52
V1002439,2025-02-10,Piura,Belleza,Crema,286.95,5,Plin,1434.75
V1002440,2025-06-22,Piura,Belleza,Maquillaje,363.36,4,Plin,1453.44
V1002441,2025-07-02,Cusco,Belleza,Shampoo,312.2,4,Plin,1248.8
V1002442,2025-10-20,Piura,Hogar,Aspiradora,160.13,5,Plin,800.65
V1002443,2025-09-04,Trujillo,Alimentos,Arroz,267.43,5,Plin,1337.15
V1002444,2025-02-23,Arequipa,Hogar,Licuadora,294.81,5,Yape,1474.05
V1002445,2025-12-16,Cusco,Moda,Pantalón,197.43,5,,987.15
V1002446,2025-06-05,Trujillo,Moda,Pantalón,365.15,5,Tarjeta,1825.75
V1002447,2025-08-29,Cusco,Tecnología,Tablet,301.29,1,Yape,301.29
V1002448,2025-09-26,Cusco,Belleza,Maquillaje,200.04,5,Yape,1000.2
V1002449,2025-08-28,Lima,Belleza,Perfume,380.73,4,Efectivo,1522.92
V1002450,2025-08-31,Piura,Moda,Casaca,345.35,3,Plin,1036.05
V1002451,2025-06-20,Piura,Belleza,Maquillaje,249.93,5,Yape,1249.65
V1002452,2025-03-23,Lima,Hogar,Licuadora,350.78,4,,1403.12
V1002453,2025-01-03,Trujillo,Moda,Casaca,72.01,1,Plin,72.01
V1002454,2025-05-25,Lima,Moda,Camisa,468.54,4,Yape,1874.16
V1002455,2025-05-11,Lima,Moda,Casaca,455.59,5,Plin,2277.95
V1002456,2025-01-21,Lima,Tecnología,Tablet,370.35,2,Tarjeta,740.7
V1002457,2025-07-03,Cusco,Alimentos,Café,161.79,1,Efectivo,161.79
V1002458,2025-03-10,Lima,Tecnología,Laptop,371.71,2,Yape,743.42
V1002459,2025-03-25,Trujillo,Belleza,Perfume,362.21,2,Yape,724.42
V1002460,2025-08-09,Piura,Tecnología,Laptop,288.24,2,Efectivo,576.48
V1002461,2025-04-06,Piura,Alimentos,Aceite,179.24,5,Plin,896.2
V1002462,2025-11-16,Arequipa,Hogar,Olla,44.07,5,Tarjeta,220.35
V1002463,2025-12-17,Arequipa,Alimentos,Atún,424.02,1,Tarjeta,424.02
V1002464,2025-08-27,Trujillo,Hogar,Microondas,140.45,5,Plin,702.25
V1002465,2025-05-30,Trujillo,Moda,Pantalón,419.6,1,Tarjeta,419.6
V1002466,2025-04-30,Lima,Hogar,Licuadora,45.19,1,Tarjeta,45.19
V1002467,2025-09-11,Arequipa,,Café,363.39,5,Tarjeta,1816.95
V1002468,2025-11-13,Cusco,Hogar,Olla,225.78,5,Efectivo,1128.9
V1002469,2025-03-09,Cusco,Tecnología,Celular,378.29,4,Plin,1513.16
V1002470,2025-08-08,Arequipa,Moda,Pantalón,284.34,1,Efectivo,284.34
V1002471,2025-03-14,Piura,Alimentos,Café,201.18,4,Yape,804.72
V1002472,2025-09-06,Cusco,Moda,Pantalón,379.72,9999,Efectivo,759.44
V1002473,2025-02-12,Arequipa,Hogar,Licuadora,400.66,3,Plin,1201.98
V1002474,2025-07-26,Piura,Hogar,Microondas,458.82,3,Yape,1376.46
V1002475,2025-12-12,Trujillo,Belleza,Shampoo,310.38,5,Plin,1551.9
V1002476,2025-08-28,Lima,Alimentos,Arroz,258.61,5,Yape,1293.05
V1002477,2025-06-27,Lima,Hogar,Olla,170.36,3,Plin,511.08
V1002478,2025-04-15,Cusco,Moda,Pantalón,239.35,2,Yape,478.7
V1002479,2025-07-16,Cusco,Belleza,Perfume,336.55,5,Tarjeta,1682.75
V1002480,2025-05-25,Arequipa,Hogar,Microondas,54.74,4,Tarjeta,218.96
V1002481,2025-04-21,Lima,Tecnología,Tablet,402.95,5,Tarjeta,2014.75
V1002482,2025-05-25,Piura,Alimentos,Café,338.22,5,Plin,1691.1
V1002483,2025-12-26,Lima,Hogar,Aspiradora,367.8,5,Tarjeta,1839.0
V1002484,2025-11-05,Trujillo,Belleza,Maquillaje,277.39,4,Plin,1109.56
V1002485,2025-05-15,Lima,Tecnología,Audífonos,185.99,1,Yape,185.99
V1002486,2025-10-12,Cusco,Moda,Camisa,215.5,2,Tarjeta,431.0
V1002487,2025-08-06,Piura,Belleza,Maquillaje,10.06,5,Tarjeta,50.3
V1002488,2025-01-17,Cusco,Tecnología,Audífonos,492.17,3,Efectivo,1476.51
V1002489,2025-10-17,Piura,Alimentos,Arroz,89.61,5,Yape,448.05
V1002490,2025-05-09,Piura,Tecnología,Audífonos,197.04,4,Yape,788.16
V1002491,2025-12-11,Lima,Hogar,Olla,241.94,5,Efectivo,1209.7
V1002492,2025-08-04,Piura,Moda,Pantalón,63.31,3,Efectivo,189.93
V1002493,2025-04-14,Piura,Belleza,Crema,59.29,4,Tarjeta,237.16
V1002494,2025-10-20,Cusco,Belleza,Maquillaje,97.52,4,Tarjeta,390.08
V1002495,2025-08-12,Lima,Moda,Pantalón,309.5,1,Yape,309.5
V1002496,2025-07-05,Arequipa,Alimentos,Café,193.99,2,Yape,387.98
V1002497,2025-04-19,Cusco,Alimentos,Aceite,316.42,4,Plin,1265.68
V1002498,2025-06-05,Cusco,Moda,Pantalón,206.29,3,Tarjeta,618.87
V1002499,2025-03-15,Lima,Alimentos,Atún,447.02,4,Yape,1788.08
V1002500,2025-02-17,Lima,Moda,Camisa,472.15,5,Yape,2360.75
V1002501,2025-09-25,Lima,Hogar,Licuadora,211.28,4,,845.12
V1002502,2025-04-17,Cusco,Moda,Pantalón,239.35,2,Efectivo,478.7
V1002503,2025-04-30,Piura,Belleza,Shampoo,392.75,3,Plin,1178.25
V1002504,2025-05-16,Piura,Alimentos,Arroz,97.57,3,Yape,292.71
V1002505,2025-01-27,Lima,Moda,Camisa,191.88,2,Plin,383.76
V1002506,2025-10-26,Piura,Alimentos,Arroz,454.56,1,Yape,454.56
V1002507,2025-12-02,Trujillo,Hogar,Olla,403.84,1,Yape,403.84
V1002508,2025-07-20,Arequipa,Alimentos,Arroz,51.14,2,Tarjeta,102.28
V1002509,2025-03-29,Cusco,Hogar,Aspiradora,333.36,2,Efectivo,666.72
V1002510,2025-08-18,Trujillo,Alimentos,Atún,62.39,2,Tarjeta,124.78
V1002511,2025-01-03,Trujillo,Alimentos,Aceite,175.88,2,Plin,351.76
V1002512,2025-10-27,Piura,Tecnología,Laptop,291.47,1,Efectivo,291.47
V1002513,2025-12-11,Trujillo,Alimentos,Arroz,498.11,2,Tarjeta,996.22
V1002514,2025-08-07,Trujillo,Hogar,Licuadora,310.41,5,Yape,1552.05
V1002515,2025-05-13,Piura,Belleza,Crema,131.77,4,Plin,527.08
V1002516,2025-08-04,Trujillo,,Zapatillas,319.68,1,Tarjeta,319.68
V1002517,2025-06-27,Cusco,Alimentos,Café,150.09,3,Tarjeta,450.27
V1002518,2025-08-08,Lima,Alimentos,Atún,400.57,1,Efectivo,400.57
V1002519,2025-01-15,Trujillo,Alimentos,Arroz,416.45,2,Plin,832.9
V1002520,2025-03-18,Cusco,Belleza,Shampoo,227.75,5,Plin,1138.75
V1002521,2025-08-29,Cusco,Alimentos,Atún,356.28,1,Efectivo,356.28
V1002522,2025-04-12,Lima,Alimentos,Atún,11.72,5,Efectivo,58.6
V1002523,2025-10-29,Arequipa,Alimentos,Atún,298.8,3,Efectivo,896.4
V1002524,2025-04-21,Lima,Belleza,Shampoo,65.67,5,,328.35
V1002525,2025-06-22,Lima,Alimentos,Arroz,27.23,3,Tarjeta,81.69
V1002526,2025-07-30,Trujillo,Hogar,Licuadora,55.7,1,,55.7
V1002527,2025-07-13,Lima,Alimentos,Arroz,237.43,4,,949.72
V1002528,2025-01-14,Cusco,,Microondas,46.72,3,Tarjeta,140.16
V1002529,2025-09-14,Arequipa,Alimentos,Atún,349.53,4,Plin,1398.12
V1002530,2025-11-10,Lima,Belleza,Perfume,311.79,3,Plin,935.37
V1002531,2025-07-21,Arequipa,Alimentos,Aceite,347.69,3,Yape,1043.07
V1002532,2025-08-22,Lima,Tecnología,Audífonos,115.76,3,Plin,347.28
V1002533,2025-08-24,Piura,,Shampoo,322.98,3,Yape,968.94
V1002534,2025-07-11,Piura,Alimentos,Aceite,407.73,2,Yape,815.46
V1002535,2025-07-29,Cusco,Alimentos,Aceite,221.96,2,Plin,443.92
V1002536,2025-12-09,Lima,Hogar,Licuadora,159.42,1,Plin,159.42
V1002537,2025-05-17,Lima,Tecnología,Audífonos,273.29,4,Efectivo,1093.16
V1002538,2025-09-17,Cusco,Tecnología,Tablet,488.17,5,Plin,2440.85
V1002539,2025-09-28,Lima,Tecnología,Celular,83.61,5,Efectivo,418.05
V1002540,2025-03-08,Arequipa,Belleza,Perfume,297.51,4,Yape,1190.04
V1002541,2025-10-19,Piura,Moda,Camisa,214.73,2,Yape,429.46
V1002542,2025-10-19,Lima,Belleza,Crema,124.22,3,Yape,372.66
V1002543,2025-05-16,Piura,Alimentos,Arroz,207.83,9999,Tarjeta,207.83
V1002544,2025-08-16,Piura,Hogar,Licuadora,489.78,2,Efectivo,979.56
V1002545,2025-04-04,Trujillo,Moda,Zapatillas,143.73,3,Efectivo,431.19
V1002546,2025-09-11,Piura,Alimentos,Atún,185.54,2,Tarjeta,371.08
V1002547,2025-11-06,Lima,Alimentos,Atún,104.36,4,Tarjeta,417.44
V1002548,2025-12-21,Piura,Moda,Camisa,498.85,1,Tarjeta,498.85
V1002549,2025-12-31,Trujillo,Belleza,Crema,157.7,5,Yape,788.5
V1002550,2025-02-01,Piura,Tecnología,Celular,419.44,3,Yape,1258.32
V1002551,2025-03-18,Lima,Belleza,Shampoo,32.33,2,Yape,64.66
V1002552,2025-05-18,Piura,Tecnología,Tablet,172.15,4,Efectivo,688.6
V1002553,2025-11-07,Arequipa,Moda,Zapatillas,42.54,1,Yape,42.54
V1002554,2025-08-19,Trujillo,Tecnología,Celular,434.73,4,Yape,1738.92
V1002555,2025-09-11,Arequipa,Belleza,Maquillaje,310.59,2,Tarjeta,621.18
V1002556,2025-09-03,Trujillo,Tecnología,Celular,183.15,3,Plin,549.45
V1002557,2025-04-19,Piura,Moda,Camisa,177.0,3,Yape,531.0
V1002558,2025-09-07,Lima,Alimentos,Café,360.77,1,Plin,360.77
V1002559,2025-11-20,Trujillo,Moda,Camisa,222.64,2,Efectivo,445.28
V1002560,2025-08-07,Arequipa,Hogar,Microondas,71.0,4,Yape,284.0
V1002561,2025-04-22,Cusco,Alimentos,Aceite,276.68,5,Yape,1383.4
V1002562,2025-07-05,Arequipa,Hogar,Olla,298.27,2,Efectivo,596.54
V1002563,2025-05-21,Cusco,Moda,Camisa,422.43,5,Plin,2112.15
V1002564,2025-06-12,Cusco,Belleza,Perfume,155.68,4,Efectivo,622.72
V1002565,2025-08-29,Arequipa,Tecnología,Laptop,257.05,5,Efectivo,1285.25
V1002566,2025-09-16,Trujillo,Tecnología,Celular,493.38,3,Yape,1480.14
V1002567,2025-10-21,Trujillo,Tecnología,Laptop,283.75,1,Plin,283.75
V1002568,2025-01-15,Arequipa,Alimentos,Arroz,179.15,5,Tarjeta,895.75
V1002569,2025-04-23,Trujillo,Belleza,Crema,160.14,2,Yape,320.28
V1002570,2025-02-21,Cusco,Moda,Zapatillas,453.13,4,Efectivo,1812.52
V1002571,2025-03-30,Lima,Moda,Camisa,319.46,2,Efectivo,638.92
V1002572,2025-06-11,Cusco,Hogar,Olla,107.56,2,Yape,215.12
V1002573,2025-09-29,Trujillo,Tecnología,Laptop,491.14,2,Efectivo,982.28
V1002574,2025-07-20,Trujillo,Hogar,Olla,124.7,4,Plin,498.8
V1002575,2025-02-11,Trujillo,Moda,Pantalón,142.53,5,Efectivo,712.65
V1002576,2025-01-30,Lima,Hogar,Licuadora,340.91,1,Tarjeta,340.91
V1002577,2025-08-16,Arequipa,Belleza,Maquillaje,481.52,1,Tarjeta,481.52
V1002578,2025-10-29,Lima,Moda,Pantalón,365.62,3,Yape,1096.86
V1002579,2025-04-22,Lima,Belleza,Crema,247.0,4,Plin,988.0
V1002580,2025-03-23,Trujillo,Moda,Zapatillas,56.47,2,Plin,112.94
V1002581,2025-09-22,Cusco,Alimentos,Atún,337.44,1,Plin,337.44
V1002582,2025-04-09,Cusco,Moda,Zapatillas,371.94,4,Efectivo,1487.76
V1002583,2025-08-04,Lima,Alimentos,Atún,304.64,2,Yape,609.28
V1002584,2025-03-15,Arequipa,Moda,Casaca,80.28,5,Efectivo,401.4
V1002585,2025-05-01,Arequipa,Moda,Casaca,125.31,5,Efectivo,626.55
V1002586,2025-10-07,Cusco,Belleza,Shampoo,124.86,2,Yape,249.72
V1002587,2025-08-06,Arequipa,Moda,Camisa,117.77,1,Yape,117.77
V1002588,2025-01-21,Arequipa,Hogar,Aspiradora,327.73,1,Tarjeta,327.73
V1002589,2025-01-04,Arequipa,Alimentos,Arroz,466.63,4,Tarjeta,1866.52
V1002590,2025-05-04,Piura,Belleza,Maquillaje,66.51,1,Efectivo,66.51
V1002591,2025-04-30,Cusco,Hogar,Microondas,71.8,1,Tarjeta,71.8
V1002592,2025-06-25,Lima,Hogar,Microondas,176.12,1,Efectivo,176.12
V1002593,2025-08-16,Arequipa,Belleza,Perfume,290.0,3,Tarjeta,870.0
V1002594,2025-11-02,Piura,Moda,Zapatillas,329.42,2,Tarjeta,658.84
V1002595,2025-05-02,Piura,Tecnología,Tablet,392.42,1,Efectivo,392.42
V1002596,2025-04-08,Cusco,Belleza,Shampoo,31.73,1,Tarjeta,31.73
V1002597,2025-12-26,Cusco,Alimentos,Arroz,274.57,1,Plin,274.57
V1002598,2025-12-04,Arequipa,Alimentos,Arroz,467.69,5,Plin,2338.45
V1002599,2025-06-08,Lima,Tecnología,Celular,27.42,2,Plin,54.84
V1002600,2025-04-06,Arequipa,Moda,Zapatillas,244.56,5,Plin,1222.8
V1002601,2025-01-02,Trujillo,Hogar,Olla,448.96,5,Plin,2244.8
V1002602,2025-06-25,Piura,Hogar,Licuadora,427.84,4,Efectivo,1711.36
V1002603,2025-10-01,Lima,Tecnología,Tablet,123.99,1,Tarjeta,123.99
V1002604,2025-07-17,Piura,,Licuadora,384.39,2,Efectivo,768.78
V1002605,2025-11-26,Cusco,Hogar,Olla,186.69,5,Plin,933.45
V1002606,2025-11-16,Piura,,Aceite,41.27,1,Plin,41.27
V1002607,2025-03-17,Cusco,Belleza,Shampoo,278.87,2,Plin,557.74
V1002608,2025-01-12,Trujillo,Tecnología,Tablet,346.57,1,Efectivo,346.57
V1002609,2025-04-08,Lima,Alimentos,Atún,448.83,3,Tarjeta,1346.49
V1002610,2025-10-09,Trujillo,Alimentos,Arroz,352.89,5,Efectivo,1764.45
V1002611,2025-09-15,Lima,,Shampoo,260.42,5,Efectivo,1302.1
V1002612,2025-06-24,Piura,Tecnología,Tablet,367.96,3,Plin,1103.88
V1002613,2025-08-07,Arequipa,Moda,Camisa,387.74,4,Efectivo,1550.96
V1002614,2025-01-15,Lima,Hogar,Microondas,62.87,1,Yape,62.87
V1002615,2025-05-16,Piura,Belleza,Shampoo,201.75,1,Tarjeta,201.75
V1002616,2025-07-09,Lima,Moda,Camisa,195.3,2,Tarjeta,390.6
V1002617,2025-07-17,Piura,Moda,Pantalón,292.35,2,Efectivo,584.7
V1002618,2025-02-13,Trujillo,Belleza,Maquillaje,447.74,5,Yape,2238.7
V1002619,2025-04-13,Cusco,Hogar,Olla,267.63,1,Plin,267.63
V1002620,2025-02-04,Piura,Moda,Pantalón,186.94,5,Yape,934.7
V1002621,2025-08-14,Trujillo,Tecnología,Tablet,35.48,2,Plin,70.96
V1002622,2025-07-24,Trujillo,Moda,Camisa,173.58,1,Tarjeta,173.58
V1002623,2025-06-02,Trujillo,Belleza,Maquillaje,290.41,2,Yape,580.82
V1002624,2025-11-22,Cusco,Moda,Casaca,64.53,3,Efectivo,193.59
V1002625,2025-11-25,Piura,Moda,Pantalón,140.11,5,Yape,700.55
V1002626,2025-09-17,Lima,Tecnología,Laptop,464.59,2,Plin,929.18
V1002627,2025-05-08,Cusco,Belleza,Crema,130.13,1,Plin,130.13
V1002628,2025-11-20,Arequipa,Moda,Pantalón,465.69,2,Efectivo,931.38
V1002629,2025-03-01,Trujillo,Moda,Pantalón,252.53,3,Yape,757.59
V1002630,2025-07-31,Piura,Belleza,Perfume,32.71,3,Efectivo,98.13
V1002631,2025-10-24,Arequipa,Moda,Casaca,142.22,3,,426.66
V1002632,2025-08-25,Lima,,Licuadora,432.07,9999,Plin,864.14
V1002633,2025-03-05,Trujillo,Moda,Zapatillas,50.78,5,Tarjeta,253.9
V1002634,2025-03-30,Trujillo,Alimentos,Atún,158.35,5,Tarjeta,791.75
V1002635,2025-04-17,Piura,Hogar,Microondas,138.72,2,Tarjeta,277.44
V1002636,2025-07-27,Arequipa,Hogar,Licuadora,445.68,2,Yape,891.36
V1002637,2025-02-17,Lima,Alimentos,Atún,450.95,2,Plin,901.9
V1002638,2025-05-25,Trujillo,Belleza,Crema,366.9,1,Yape,366.9
V1002639,2025-06-09,Trujillo,Belleza,Shampoo,313.37,4,Plin,1253.48
V1002640,2025-12-07,Piura,Hogar,Microondas,247.11,1,Efectivo,247.11
V1002641,2025-06-15,Cusco,Alimentos,Café,81.16,3,Yape,243.48
V1002642,2025-02-20,Cusco,Moda,Casaca,273.54,3,Plin,820.62
V1002643,2025-10-23,Cusco,Moda,Pantalón,484.64,4,Plin,1938.56
V1002644,2025-04-20,Arequipa,,Maquillaje,385.69,2,Efectivo,771.38
V1002645,2025-10-03,Arequipa,Tecnología,Laptop,93.16,3,Yape,279.48
V1002646,2025-11-19,Trujillo,Alimentos,Aceite,38.54,1,Tarjeta,38.54
V1002647,2025-04-28,Cusco,Alimentos,Atún,129.29,3,Efectivo,387.87
V1002648,2025-12-15,Lima,Moda,Casaca,65.32,1,Yape,65.32
V1002649,2025-05-23,Piura,Tecnología,Audífonos,293.94,2,Yape,587.88
V1002650,2025-05-24,Piura,Tecnología,Audífonos,169.77,5,Plin,848.85
V1002651,2025-09-10,Trujillo,Alimentos,Arroz,63.83,1,Tarjeta,63.83
V1002652,2025-02-21,Lima,Alimentos,Arroz,156.12,4,Efectivo,624.48
V1002653,2025-11-23,Arequipa,Hogar,Olla,29.82,4,Yape,119.28
V1002654,2025-09-16,Piura,Tecnología,Audífonos,333.9,4,Plin,1335.6
V1002655,2025-01-16,Arequipa,Belleza,Perfume,310.3,5,Yape,1551.5
V1002656,2025-12-01,Cusco,Belleza,Maquillaje,325.53,4,Efectivo,1302.12
V1002657,2025-08-24,Cusco,Hogar,Microondas,340.59,4,,1362.36
V1002658,2025-12-31,Lima,Belleza,Maquillaje,486.3,5,Plin,2431.5
V1002659,2025-11-10,Cusco,Belleza,Perfume,388.67,1,Efectivo,388.67
V1002660,2025-11-20,Arequipa,Belleza,Crema,264.08,4,Efectivo,1056.32
V1002661,2025-11-25,Piura,Hogar,Aspiradora,432.17,1,Yape,432.17
V1002662,2025-06-21,Arequipa,Tecnología,Celular,314.93,1,Yape,314.93
V1002663,2025-05-10,Cusco,Hogar,Aspiradora,426.26,3,Yape,1278.78
V1002664,2025-09-26,Piura,Hogar,Microondas,97.88,5,Plin,489.4
V1002665,2025-02-26,Lima,Hogar,Olla,188.14,2,Efectivo,376.28
V1002666,2025-06-08,Lima,Moda,Camisa,120.97,4,Yape,483.88
V1002667,2025-08-13,Cusco,Belleza,Perfume,294.83,2,Yape,589.66
V1002668,2025-04-14,Cusco,Tecnología,Celular,448.18,5,Tarjeta,2240.9
V1002669,2025-02-28,Cusco,Tecnología,Audífonos,453.88,3,Efectivo,1361.64
V1002670,2025-06-26,Piura,Hogar,Olla,205.48,4,Plin,821.92
V1002671,2025-10-29,Piura,Belleza,Maquillaje,363.17,1,Plin,363.17
V1002672,2025-03-02,Cusco,Tecnología,Celular,396.65,2,Tarjeta,793.3
V1002673,2025-07-22,Arequipa,Alimentos,Atún,143.4,5,Yape,717.0
V1002674,2025-09-26,Lima,Belleza,Perfume,56.52,2,Efectivo,113.04
V1002675,2025-07-11,Piura,Alimentos,Café,74.05,3,Efectivo,222.15
V1002676,2025-08-18,Lima,Hogar,Licuadora,104.45,2,Efectivo,208.9
V1002677,2025-11-03,Arequipa,Alimentos,Atún,411.44,1,Yape,411.44
V1002678,2025-08-14,Lima,Belleza,Shampoo,397.39,5,Plin,1986.95
V1002679,2025-05-15,Piura,Belleza,Shampoo,270.26,2,Efectivo,540.52
V1002680,2025-05-20,Lima,Moda,Zapatillas,138.96,5,Tarjeta,694.8
V1002681,2025-09-30,Arequipa,Alimentos,Atún,497.8,2,Plin,995.6
V1002682,2025-02-19,Lima,,Aspiradora,357.47,5,Yape,1787.35
V1002683,2025-12-07,Cusco,Tecnología,Laptop,132.89,4,Tarjeta,531.56
V1002684,2025-02-26,Arequipa,Alimentos,Atún,439.48,4,Tarjeta,1757.92
V1002685,2025-09-09,Trujillo,,Microondas,455.24,2,Efectivo,910.48
V1002686,2025-12-23,Lima,Moda,Casaca,483.29,4,Efectivo,1933.16
V1002687,2025-09-07,Piura,Tecnología,Laptop,221.71,2,Plin,443.42
V1002688,2025-03-07,Cusco,Moda,Pantalón,426.38,2,Plin,852.76
V1002689,2025-05-18,Cusco,Alimentos,Arroz,475.91,4,Tarjeta,1903.64
V1002690,2025-01-29,Trujillo,Alimentos,Arroz,303.51,2,Plin,607.02
V1002691,2025-08-15,Trujillo,Moda,Zapatillas,13.63,1,Yape,13.63
V1002692,2025-06-18,Lima,,Aceite,203.87,2,Yape,407.74
V1002693,2025-03-29,Lima,Moda,Zapatillas,72.79,3,Yape,218.37
V1002694,2025-08-30,Cusco,Tecnología,Audífonos,74.2,2,Plin,148.4
V1002695,2025-04-22,Cusco,Belleza,Shampoo,461.73,5,Yape,2308.65
V1002696,2025-11-26,Lima,Moda,Camisa,304.41,1,Tarjeta,304.41
V1002697,2025-10-16,Cusco,Alimentos,Aceite,266.9,3,Yape,800.7
V1002698,2025-07-16,Piura,Moda,Casaca,418.12,3,Yape,1254.36
V1002699,2025-08-09,Piura,Belleza,Crema,135.99,4,Plin,543.96
V1002700,2025-07-24,Piura,Moda,Camisa,330.69,3,Tarjeta,992.07
V1002701,2025-02-21,Lima,Belleza,Perfume,179.53,3,Plin,538.59
V1002702,2025-02-13,Trujillo,Moda,Zapatillas,60.71,5,Efectivo,303.55
V1002703,2025-09-30,Lima,,Aceite,18.72,2,Tarjeta,37.44
V1002704,2025-12-13,Lima,Tecnología,Tablet,448.75,1,Yape,448.75
V1002705,2025-04-22,Arequipa,Moda,Casaca,199.2,1,Plin,199.2
V1002706,2025-07-06,Arequipa,Belleza,Shampoo,362.99,5,Plin,1814.95
V1002707,2025-08-20,Cusco,Hogar,Microondas,263.0,3,Plin,789.0
V1002708,2025-03-06,Cusco,,Microondas,107.07,4,Tarjeta,428.28
V1002709,2025-03-10,Trujillo,Moda,Camisa,370.88,5,Tarjeta,1854.4
V1002710,2025-04-23,Arequipa,Moda,Camisa,283.39,5,Plin,1416.95
V1002711,2025-04-18,Trujillo,Belleza,Perfume,299.81,2,Yape,599.62
V1002712,2025-11-18,Lima,Tecnología,Audífonos,437.77,3,Plin,1313.31
V1002713,2025-04-10,Lima,Tecnología,Celular,392.69,5,Yape,1963.45
V1002714,2025-01-01,Piura,,Microondas,126.98,5,Plin,634.9
V1002715,2025-03-21,Cusco,Hogar,Licuadora,379.16,4,Tarjeta,1516.64
V1002716,2025-05-07,Piura,Belleza,Maquillaje,356.56,1,Yape,356.56
V1002717,2025-10-24,Piura,Belleza,Shampoo,181.85,3,Tarjeta,545.55
V1002718,2025-06-02,Arequipa,Alimentos,Café,296.42,1,Efectivo,296.42
V1002719,2025-11-03,Cusco,,Arroz,265.0,4,Yape,1060.0
V1002720,2025-08-02,Arequipa,Moda,Zapatillas,448.88,1,Yape,448.88
V1002721,2025-08-22,Lima,Hogar,Aspiradora,14.51,2,Yape,29.02
V1002722,2025-10-31,Arequipa,Belleza,Perfume,195.75,3,Yape,587.25
V1002723,2025-03-18,Cusco,Tecnología,Laptop,300.7,3,Yape,902.1
V1002724,2025-07-14,Trujillo,Alimentos,Arroz,281.06,1,Efectivo,281.06
V1002725,2025-11-16,Arequipa,Alimentos,Atún,141.82,2,Yape,283.64
V1002726,2025-04-07,Piura,Hogar,Aspiradora,401.97,2,Tarjeta,803.94
V1002727,2025-04-21,Arequipa,Belleza,Shampoo,350.05,1,Efectivo,350.05
V1002728,2025-10-06,Cusco,Tecnología,Audífonos,476.6,2,Efectivo,953.2
V1002729,2025-04-12,Piura,Hogar,Aspiradora,181.84,3,Efectivo,545.52
V1002730,2025-03-02,Arequipa,Alimentos,Atún,90.35,3,Plin,271.05
V1002731,2025-08-22,Cusco,Tecnología,Laptop,409.25,2,Efectivo,818.5
V1002732,2025-02-26,Lima,Hogar,Microondas,301.03,5,Yape,1505.15
V1002733,2025-10-17,Piura,Hogar,Aspiradora,22.73,5,Efectivo,113.65
V1002734,2025-03-14,Cusco,Tecnología,Audífonos,467.66,4,Tarjeta,1870.64
V1002735,2025-05-16,Lima,Belleza,Shampoo,171.87,1,Tarjeta,171.87
V1002736,2025-08-26,Piura,Belleza,Crema,331.8,2,Yape,663.6
V1002737,2025-11-02,Trujillo,Hogar,Aspiradora,230.27,5,Yape,1151.35
V1002738,2025-03-29,Cusco,Hogar,Aspiradora,228.42,1,Efectivo,228.42
V1002739,2025-10-27,Arequipa,Belleza,Perfume,466.37,2,Tarjeta,932.74
V1002740,2025-05-17,Cusco,Alimentos,Café,169.73,4,Efectivo,678.92
V1002741,2025-01-24,Cusco,Tecnología,Celular,367.51,4,Plin,1470.04
V1002742,2025-03-18,Trujillo,Belleza,Shampoo,19.74,1,Tarjeta,19.74
V1002743,2025-03-29,Lima,Alimentos,Aceite,165.21,4,Efectivo,660.84
V1002744,2025-09-24,Trujillo,Moda,Camisa,487.56,1,Tarjeta,487.56
V1002745,2025-03-19,Piura,Alimentos,Café,415.19,4,Plin,1660.76
V1002746,2025-05-11,Trujillo,Hogar,Microondas,-17.69,2,Yape,35.38
V1002747,2025-06-20,Cusco,Hogar,Microondas,158.33,3,Plin,474.99
V1002748,2025-10-07,Lima,Belleza,Crema,168.5,2,Tarjeta,337.0
V1002749,2025-03-02,Arequipa,Moda,Camisa,334.62,3,Tarjeta,1003.86
V1002750,2025-01-23,Trujillo,Alimentos,Café,136.31,1,,136.31
V1002751,2025-08-25,Trujillo,Belleza,Crema,24.11,1,Efectivo,24.11
V1002752,2025-11-24,Arequipa,Tecnología,Celular,67.94,4,Yape,271.76
V1002753,2025-10-09,Piura,Alimentos,Atún,260.01,3,Yape,780.03
V1002754,2025-05-23,Arequipa,Belleza,Maquillaje,86.75,3,Tarjeta,260.25
V1002755,2025-02-27,Lima,Moda,Zapatillas,380.74,1,Yape,380.74
V1002756,2025-12-20,Arequipa,Moda,Zapatillas,17.55,4,Plin,70.2
V1002757,2025-06-11,Cusco,Belleza,Shampoo,449.73,2,Yape,899.46
V1002758,2025-02-12,Lima,Tecnología,Celular,181.05,5,Plin,905.25
V1002759,2025-02-24,Cusco,Alimentos,Arroz,466.81,5,Tarjeta,2334.05
V1002760,2025-09-20,Lima,Belleza,Perfume,56.17,3,Plin,168.51
V1002761,2025-10-13,Arequipa,,Celular,378.66,4,Yape,1514.64
V1002762,2025-12-31,Trujillo,Alimentos,Arroz,18.92,1,Efectivo,18.92
V1002763,2025-02-05,Cusco,Hogar,Microondas,58.39,3,Plin,175.17
V1002764,2025-12-22,Lima,Tecnología,Celular,275.77,1,Plin,275.77
V1002765,2025-11-30,Trujillo,Hogar,Microondas,234.43,3,Tarjeta,703.29
V1002766,2025-11-09,Arequipa,Belleza,Perfume,32.68,1,Plin,32.68
V1002767,2025-04-21,Cusco,Moda,Pantalón,49.42,3,Plin,148.26
V1002768,2025-11-27,Piura,Tecnología,Tablet,353.73,4,Yape,1414.92
V1002769,2025-02-24,Cusco,Tecnología,Celular,265.69,1,Yape,265.69
V1002770,2025-02-03,Arequipa,Moda,Camisa,10.85,3,Tarjeta,32.55
V1002771,2025-10-14,Cusco,Tecnología,Laptop,448.41,1,Yape,448.41
V1002772,2025-09-23,Cusco,Hogar,Olla,442.73,4,Yape,1770.92
V1002773,2025-06-25,Trujillo,Alimentos,Arroz,381.75,4,Efectivo,1527.0
V1002774,2025-01-19,Arequipa,Belleza,Shampoo,218.45,3,Yape,655.35
V1002775,2025-07-23,Cusco,Hogar,Licuadora,458.84,4,Efectivo,1835.36
V1002776,2025-11-18,Piura,,Arroz,221.49,3,Efectivo,664.47
V1002777,2025-02-18,Cusco,Alimentos,Atún,91.47,3,Tarjeta,274.41
V1002778,2025-05-25,Arequipa,Moda,Camisa,199.08,5,Tarjeta,995.4
V1002779,2025-11-23,Lima,Alimentos,Arroz,349.17,3,Yape,1047.51
V1002780,2025-09-05,Arequipa,,Camisa,123.44,4,Yape,493.76
V1002781,2025-02-10,Piura,Tecnología,Tablet,230.24,3,Efectivo,690.72
V1002782,2025-05-21,Lima,Tecnología,Tablet,417.38,2,Tarjeta,834.76
V1002783,2025-11-26,Lima,Moda,Camisa,350.92,2,Efectivo,701.84
V1002784,2025-04-01,Cusco,Belleza,Crema,69.88,2,Plin,139.76
V1002785,2025-09-26,Piura,Hogar,Olla,81.48,2,Yape,162.96
V1002786,2025-06-08,Trujillo,Tecnología,Laptop,203.62,2,Efectivo,407.24
V1002787,2025-12-06,Cusco,Moda,Casaca,359.83,2,Plin,719.66
V1002788,2025-05-05,Trujillo,Belleza,Crema,479.72,5,Plin,2398.6
V1002789,2025-08-10,Lima,Moda,Casaca,424.44,2,Yape,848.88
V1002790,2025-03-26,Trujillo,Hogar,Licuadora,226.03,1,Yape,226.03
V1002791,2025-01-06,Lima,Moda,Casaca,192.51,2,Yape,385.02
V1002792,2025-02-24,Cusco,Alimentos,Atún,357.82,4,Plin,1431.28
V1002793,2025-11-04,Arequipa,Hogar,Microondas,216.73,5,Plin,1083.65
V1002794,2025-03-12,Cusco,Hogar,Licuadora,56.21,1,Yape,56.21
V1002795,2025-11-02,Trujillo,Belleza,Maquillaje,439.45,2,Yape,878.9
V1002796,2025-04-22,Trujillo,Tecnología,Celular,47.07,1,Yape,47.07
V1002797,2025-08-11,Trujillo,Moda,Camisa,392.02,5,Plin,1960.1
V1002798,2025-04-30,Piura,Moda,Zapatillas,411.91,2,Plin,823.82
V1002799,2025-03-07,Cusco,Belleza,Perfume,232.75,5,Tarjeta,1163.75
V1002800,2025-10-02,Piura,Tecnología,Audífonos,176.76,1,Yape,176.76
V1002801,2025-07-20,Lima,Moda,Pantalón,189.35,3,Plin,568.05
V1002802,2025-07-18,Trujillo,Alimentos,Arroz,62.23,4,Plin,248.92
V1002803,2025-02-21,Trujillo,Belleza,Shampoo,28.7,1,Efectivo,28.7
V1002804,2025-09-15,Trujillo,Tecnología,Celular,138.44,3,Efectivo,415.32
V1002805,2025-06-16,Trujillo,Tecnología,Celular,224.52,4,Tarjeta,898.08
V1002806,2025-01-29,Piura,Alimentos,Café,38.42,1,Tarjeta,38.42
V1002807,2025-08-17,Cusco,Hogar,Microondas,282.91,1,Efectivo,282.91
V1002808,2025-12-28,Arequipa,Belleza,Shampoo,99.78,4,Plin,399.12
V1002809,2025-11-03,Trujillo,Belleza,Maquillaje,53.26,2,Efectivo,106.52
V1002810,2025-07-25,Lima,Alimentos,Aceite,93.74,3,Yape,281.22
V1002811,2025-08-30,Cusco,Moda,Camisa,403.84,3,Tarjeta,1211.52
V1002812,2025-06-19,Piura,Alimentos,Aceite,206.07,2,Plin,412.14
V1002813,2025-02-01,Lima,Moda,Camisa,322.94,3,Yape,968.82
V1002814,2025-03-26,Trujillo,Alimentos,Aceite,305.01,4,,1220.04
V1002815,2025-11-15,Arequipa,Hogar,Aspiradora,129.24,5,Efectivo,646.2
V1002816,2025-09-29,Piura,Moda,Camisa,162.87,5,Yape,814.35
V1002817,2025-03-24,Cusco,,Tablet,52.47,4,Efectivo,209.88
V1002818,2025-06-11,Piura,,Pantalón,404.59,5,Yape,2022.95
V1002819,2025-12-18,Piura,Alimentos,Café,284.66,2,Yape,569.32
V1002820,2025-01-23,Cusco,Alimentos,Arroz,208.56,5,Tarjeta,1042.8
V1002821,2025-10-08,Piura,Tecnología,Tablet,101.56,4,Plin,406.24
V1002822,2025-01-19,Cusco,Hogar,Aspiradora,166.16,1,Efectivo,166.16
V1002823,2025-06-07,Trujillo,Moda,Casaca,378.31,2,Plin,756.62
V1002824,2025-10-14,Lima,Belleza,Perfume,148.21,5,Plin,741.05
V1002825,2025-11-14,Cusco,Tecnología,Laptop,319.0,1,Tarjeta,319.0
V1002826,2025-02-10,Arequipa,Moda,Casaca,203.14,2,Plin,406.28
V1002827,2025-11-27,Cusco,Tecnología,Tablet,478.57,4,,1914.28
V1002828,2025-09-09,Cusco,Belleza,Maquillaje,112.25,5,Tarjeta,561.25
V1002829,2025-03-08,Piura,,Café,414.92,3,Tarjeta,1244.76
V1002830,2025-12-07,Lima,Alimentos,Café,323.91,1,Yape,323.91
V1002831,2025-05-17,Piura,Belleza,Maquillaje,435.03,1,Tarjeta,435.03
V1002832,2025-10-30,Arequipa,Belleza,Maquillaje,267.47,4,Efectivo,1069.88
V1002833,2025-03-11,Cusco,Moda,Casaca,456.98,2,Tarjeta,913.96
V1002834,2025-03-04,Trujillo,Tecnología,Celular,289.66,4,Efectivo,1158.64
V1002835,2025-06-01,Piura,Tecnología,Tablet,40.37,2,Tarjeta,80.74
V1002836,2025-07-29,Trujillo,Hogar,Licuadora,445.75,1,Efectivo,445.75
V1002837,2025-07-07,Trujillo,,Laptop,427.65,4,Plin,1710.6
V1002838,2025-10-01,Piura,Tecnología,Celular,30.81,3,Yape,92.43
V1002839,2025-04-27,Trujillo,Hogar,Aspiradora,32.35,2,Tarjeta,64.7
V1002840,2025-05-14,Arequipa,Belleza,Shampoo,369.59,5,Plin,1847.95
V1002841,2025-04-02,Cusco,Hogar,Licuadora,332.33,4,Efectivo,1329.32
V1002842,2025-11-17,Piura,Moda,Casaca,495.55,3,Tarjeta,1486.65
V1002843,2025-07-27,Lima,Alimentos,Atún,153.39,2,Efectivo,306.78
V1002844,2025-04-08,Trujillo,Moda,Casaca,117.63,4,Tarjeta,470.52
V1002845,2025-05-20,Piura,Moda,Casaca,450.13,5,Tarjeta,2250.65
V1002846,2025-03-01,Piura,Moda,Zapatillas,79.01,3,Tarjeta,237.03
V1002847,2025-07-09,Lima,Hogar,Aspiradora,32.13,5,Tarjeta,160.65
V1002848,2025-10-15,Trujillo,Tecnología,Audífonos,103.47,5,Tarjeta,517.35
V1002849,2025-05-08,Piura,Alimentos,Atún,433.21,3,Plin,1299.63
V1002850,2025-10-07,Piura,Tecnología,Celular,141.33,3,Plin,423.99
V1002851,2025-07-19,Piura,Hogar,Aspiradora,251.34,5,Plin,1256.7
V1002852,2025-09-29,Lima,Belleza,Crema,179.73,4,Plin,718.92
V1002853,2025-10-20,Cusco,Belleza,Maquillaje,263.09,4,Efectivo,1052.36
V1002854,2025-11-17,Cusco,Tecnología,Tablet,143.27,2,Efectivo,286.54
V1002855,2025-12-02,Trujillo,Moda,Pantalón,430.56,2,Efectivo,861.12
V1002856,2025-01-28,Trujillo,Hogar,Olla,317.01,2,Efectivo,634.02
V1002857,2025-11-10,Arequipa,,Maquillaje,208.51,2,Yape,417.02
V1002858,2025-12-28,Lima,,Licuadora,64.01,3,Efectivo,192.03
V1002859,2025-08-16,Cusco,Alimentos,Café,192.0,3,Efectivo,576.0
V1002860,2025-03-03,Trujillo,Moda,Zapatillas,405.37,5,Plin,2026.85
V1002861,2025-12-22,Arequipa,Belleza,Crema,325.56,2,Plin,651.12
V1002862,2025-05-22,Lima,Hogar,Microondas,182.73,1,Tarjeta,182.73
V1002863,2025-03-03,Trujillo,Tecnología,Laptop,205.57,4,Yape,822.28
V1002864,2025-05-05,Piura,Moda,Zapatillas,271.08,2,Efectivo,542.16
V1002865,2025-04-22,Lima,Belleza,Maquillaje,478.93,5,Yape,2394.65
V1002866,2025-02-17,Arequipa,Belleza,Crema,133.05,5,Plin,665.25
V1002867,2025-06-29,Lima,Belleza,Crema,62.93,3,Efectivo,188.79
V1002868,2025-09-02,Arequipa,Hogar,Olla,482.45,1,Efectivo,482.45
V1002869,2025-10-22,Piura,Tecnología,Tablet,266.38,2,Efectivo,532.76
V1002870,2025-06-26,Lima,Hogar,Aspiradora,331.4,2,Efectivo,662.8
V1002871,2025-02-13,Cusco,Alimentos,Café,461.03,3,Yape,1383.09
V1002872,2025-05-17,Lima,Moda,Casaca,273.23,4,Efectivo,1092.92
V1002873,2025-03-21,Arequipa,Belleza,Shampoo,253.85,5,Yape,1269.25
V1002874,2025-05-06,Cusco,Tecnología,Tablet,205.23,3,Yape,615.69
V1002875,2025-05-21,Piura,Moda,Pantalón,41.98,5,Efectivo,209.9
V1002876,2025-11-15,Trujillo,Tecnología,Celular,489.24,1,Plin,489.24
V1002877,2025-01-17,Cusco,Hogar,Olla,430.87,2,Yape,861.74
V1002878,2025-06-14,Lima,Moda,Camisa,294.22,3,Efectivo,882.66
V1002879,2025-11-28,Piura,Tecnología,Celular,266.59,3,Tarjeta,799.77
V1002880,2025-02-28,Lima,Tecnología,Laptop,360.08,4,Yape,1440.32
V1002881,2025-01-21,Cusco,Moda,Camisa,101.48,2,Yape,202.96
V1002882,2025-03-10,Cusco,Tecnología,Laptop,391.9,4,Efectivo,1567.6
V1002883,2025-09-20,Piura,Belleza,Maquillaje,339.27,4,Efectivo,1357.08
V1002884,2025-12-09,Arequipa,Moda,Casaca,299.15,4,Plin,1196.6
V1002885,2025-06-05,Trujillo,Hogar,Olla,414.06,4,Plin,1656.24
V1002886,2025-02-18,Trujillo,Belleza,Crema,74.61,2,Efectivo,149.22
V1002887,2025-03-10,Lima,Tecnología,Laptop,230.89,5,Yape,1154.45
V1002888,2025-03-16,Arequipa,Alimentos,Atún,95.67,3,Plin,287.01
V1002889,2025-02-21,Piura,Tecnología,Celular,344.82,5,Tarjeta,1724.1
V1002890,2025-07-14,Cusco,Belleza,Perfume,205.71,3,Tarjeta,617.13
V1002891,2025-11-16,Arequipa,Moda,Camisa,106.11,3,Efectivo,318.33
V1002892,2025-05-25,Piura,Belleza,Crema,214.5,4,Yape,858.0
V1002893,2025-06-12,Piura,Tecnología,Tablet,84.04,2,Efectivo,168.08
V1002894,2025-08-24,Arequipa,Moda,Camisa,213.2,3,Yape,639.6
V1002895,2025-08-03,Lima,Alimentos,Arroz,132.66,4,Yape,530.64
V1002896,2025-10-23,Cusco,Tecnología,Laptop,21.12,2,Efectivo,42.24
V1002897,2025-04-30,Lima,Alimentos,Café,178.64,5,Plin,893.2
V1002898,2025-05-23,Arequipa,Alimentos,Atún,51.91,4,Yape,207.64
V1002899,2025-05-07,Lima,,Aceite,239.27,4,,957.08
V1002900,2025-12-18,Cusco,Tecnología,Celular,43.61,2,Efectivo,87.22
V1002901,2025-04-03,Trujillo,Hogar,Olla,43.88,4,Tarjeta,175.52
V1002902,2025-11-07,Arequipa,,Pantalón,231.74,4,Efectivo,926.96
V1002903,2025-12-06,Arequipa,Belleza,Perfume,152.54,2,Tarjeta,305.08
V1002904,2025-05-23,Lima,Hogar,Aspiradora,338.19,4,Tarjeta,1352.76
V1002905,2025-07-24,Trujillo,Tecnología,Tablet,298.55,5,Yape,1492.75
V1002906,2025-10-04,Piura,Alimentos,Aceite,132.82,4,Plin,531.28
V1002907,2025-06-06,Lima,Moda,Pantalón,285.03,2,Efectivo,570.06
V1002908,2025-07-14,Arequipa,Belleza,Crema,418.4,5,Yape,2092.0
V1002909,2025-01-04,Cusco,Alimentos,Atún,108.53,1,Plin,108.53
V1002910,2025-03-05,Lima,Alimentos,Arroz,260.66,5,Efectivo,1303.3
V1002911,2025-06-13,Lima,,Maquillaje,394.12,5,Efectivo,1970.6
V1002912,2025-12-17,Cusco,Belleza,Crema,308.07,2,Plin,616.14
V1002913,2025-09-28,Cusco,Alimentos,Café,307.59,5,Tarjeta,1537.95
V1002914,2025-08-17,Lima,Moda,Zapatillas,422.8,4,Tarjeta,1691.2
V1002915,2025-08-09,Arequipa,Tecnología,Tablet,283.82,5,Plin,1419.1
V1002916,2025-01-13,Lima,Belleza,Perfume,172.85,5,Efectivo,864.25
V1002917,2025-03-17,Lima,Moda,Casaca,164.87,1,Tarjeta,164.87
V1002918,2025-05-11,Trujillo,Tecnología,Audífonos,107.06,1,Efectivo,107.06
V1002919,2025-08-07,Cusco,Belleza,Crema,35.11,2,Plin,70.22
V1002920,2025-10-05,Piura,Alimentos,Café,285.71,4,Efectivo,1142.84
V1002921,2025-03-28,Cusco,Moda,Zapatillas,287.05,1,Tarjeta,287.05
V1002922,2025-02-02,Cusco,Belleza,Perfume,495.41,4,Yape,1981.64
V1002923,2025-04-30,Lima,Alimentos,Café,260.64,3,Tarjeta,781.92
V1002924,2025-02-10,Piura,Tecnología,Audífonos,51.02,2,Efectivo,102.04
V1002925,2025-02-09,Lima,Alimentos,Atún,142.99,4,Plin,571.96
V1002926,2025-08-23,Piura,Hogar,Aspiradora,208.96,3,Yape,626.88
V1002927,2025-07-15,Arequipa,Moda,Zapatillas,452.67,1,Plin,452.67
V1002928,2025-08-21,Cusco,Tecnología,Audífonos,271.98,3,Yape,815.94
V1002929,2025-11-13,Cusco,Tecnología,Celular,347.74,1,Yape,347.74
V1002930,2025-09-14,Trujillo,Hogar,Licuadora,252.87,4,Yape,1011.48
V1002931,2025-01-21,Cusco,Alimentos,Aceite,373.97,2,Plin,747.94
V1002932,2025-03-08,Arequipa,Moda,Camisa,16.3,3,Yape,48.9
V1002933,2025-04-02,Arequipa,Belleza,Maquillaje,349.04,5,Tarjeta,1745.2
V1002934,2025-03-14,Lima,Hogar,Aspiradora,473.13,4,Plin,1892.52
V1002935,2025-08-12,Trujillo,Belleza,Maquillaje,182.24,2,Efectivo,364.48
V1002936,2025-02-03,Arequipa,Alimentos,Café,92.83,1,Yape,92.83
V1002937,2025-05-06,Trujillo,Tecnología,Tablet,464.54,2,Plin,929.08
V1002938,2025-11-19,Arequipa,Alimentos,Atún,177.94,3,Efectivo,533.82
V1002939,2025-09-11,Piura,,Aspiradora,77.07,3,Plin,231.21
V1002940,2025-05-13,Cusco,Alimentos,Atún,38.26,1,Yape,38.26
V1002941,2025-01-23,Piura,Hogar,Microondas,442.57,2,Plin,885.14
V1002942,2025-04-23,Cusco,Alimentos,Aceite,44.05,1,,44.05
V1002943,2025-03-27,Piura,Alimentos,Café,214.72,5,Efectivo,1073.6
V1002944,2025-09-22,Piura,Hogar,Aspiradora,210.12,3,Plin,630.36
V1002945,2025-09-13,Lima,Hogar,Olla,323.77,3,Yape,971.31
V1002946,2025-07-19,Lima,Tecnología,Tablet,449.86,2,Plin,899.72
V1002947,2025-04-16,Piura,Moda,Pantalón,23.47,3,Efectivo,70.41
V1002948,2025-09-15,Arequipa,Moda,Camisa,490.99,1,Efectivo,490.99
V1002949,2025-10-31,Cusco,Tecnología,Tablet,499.73,5,Plin,2498.65
V1002950,2025-10-09,Piura,Hogar,Microondas,302.35,2,Tarjeta,604.7
V1002951,2025-12-12,Cusco,Belleza,Maquillaje,250.12,1,Tarjeta,250.12
V1002952,2025-07-02,Piura,Tecnología,Laptop,173.39,5,Plin,866.95
V1002953,2025-02-14,Arequipa,Hogar,Licuadora,87.89,5,Yape,439.45
V1002954,2025-03-24,Arequipa,Alimentos,Arroz,395.2,1,Yape,395.2
V1002955,2025-11-20,Arequipa,Alimentos,Atún,51.6,3,Plin,154.8
V1002956,2025-08-27,Trujillo,Belleza,Maquillaje,67.66,5,Plin,338.3
V1002957,2025-05-15,Trujillo,Moda,Pantalón,15.18,2,Plin,30.36
V1002958,2025-05-26,Lima,Belleza,Perfume,32.46,5,Efectivo,162.3
V1002959,2025-09-24,Piura,Alimentos,Arroz,195.57,5,Plin,977.85
V1002960,2025-12-25,Cusco,Alimentos,Atún,121.76,4,,487.04
V1002961,2025-03-14,Piura,Tecnología,Audífonos,75.66,1,,75.66
V1002962,2025-05-19,Trujillo,Belleza,Perfume,440.39,2,Tarjeta,880.78
V1002963,2025-01-31,Trujillo,Hogar,Microondas,209.2,5,Plin,1046.0
V1002964,2025-12-01,Lima,Tecnología,Audífonos,237.78,4,Plin,951.12
V1002965,2025-03-19,Piura,Alimentos,Café,447.4,3,Yape,1342.2
V1002966,2025-10-03,Cusco,Belleza,Maquillaje,60.74,2,Yape,121.48
V1002967,2025-11-29,Lima,Hogar,Microondas,224.94,5,Tarjeta,1124.7
V1002968,2025-09-19,Cusco,Belleza,Shampoo,477.76,5,Plin,2388.8
V1002969,2025-12-12,Lima,Tecnología,Audífonos,143.05,3,Efectivo,429.15
V1002970,2025-08-03,Piura,Belleza,Shampoo,309.2,2,Efectivo,618.4
V1002971,2025-05-23,Cusco,Moda,Pantalón,402.08,3,Plin,1206.24
V1002972,2025-03-03,Trujillo,Belleza,Maquillaje,420.74,1,Plin,420.74
V1002973,2025-09-27,Cusco,Tecnología,Tablet,399.63,2,Plin,799.26
V1002974,2025-08-02,Cusco,Moda,Pantalón,124.3,1,Plin,124.3
V1002975,2025-08-16,Lima,,Microondas,154.63,2,Yape,309.26
V1002976,2025-04-17,Cusco,Belleza,Perfume,274.43,5,Efectivo,1372.15
V1002977,2025-11-14,Lima,,Laptop,178.74,5,Efectivo,893.7
V1002978,2025-03-06,Cusco,Alimentos,Aceite,169.66,4,Plin,678.64
V1002979,2025-06-29,Piura,Belleza,Shampoo,181.01,3,Tarjeta,543.03
V1002980,2025-08-05,Lima,Alimentos,Arroz,439.61,4,Tarjeta,1758.44
V1002981,2025-08-28,Arequipa,Alimentos,Aceite,-426.68,2,Plin,853.36
V1002982,2025-08-13,Cusco,Belleza,Perfume,273.32,2,Tarjeta,546.64
V1002983,2025-04-23,Trujillo,Alimentos,Atún,24.5,3,Tarjeta,73.5
V1002984,2025-01-07,Lima,Alimentos,Café,191.15,4,Yape,764.6
V1002985,2025-01-18,Lima,Moda,Pantalón,19.81,1,Plin,19.81
V1002986,2025-07-10,Arequipa,Tecnología,Laptop,469.26,1,Yape,469.26
V1002987,2025-01-06,Arequipa,Tecnología,Celular,385.11,1,,385.11
V1002988,2025-12-30,Arequipa,Belleza,Crema,25.32,4,Yape,101.28
V1002989,2025-05-22,Piura,Hogar,Olla,20.86,2,,41.72
V1002990,2025-03-07,Lima,Moda,Pantalón,249.44,5,Efectivo,1247.2
V1002991,2025-06-01,Lima,Alimentos,Café,464.24,2,Tarjeta,928.48
V1002992,2025-10-19,Lima,Alimentos,Atún,50.38,3,Efectivo,151.14
V1002993,2025-02-03,Piura,Tecnología,Celular,393.35,5,Yape,1966.75
V1002994,2025-08-20,Piura,Hogar,Licuadora,325.63,1,Efectivo,325.63
V1002995,2025-11-19,Trujillo,Moda,Casaca,349.75,1,Plin,349.75
V1002996,2025-09-12,Lima,Tecnología,Audífonos,452.24,1,Yape,452.24
V1002997,2025-11-28,Piura,Belleza,Shampoo,83.3,5,Tarjeta,416.5
V1002998,2025-10-01,Trujillo,Hogar,Aspiradora,124.17,2,Plin,248.34
V1002999,2025-06-22,Cusco,Tecnología,Celular,116.08,3,Tarjeta,348.24
V1003000,2025-03-16,Arequipa,Hogar,Licuadora,466.82,1,Efectivo,466.82
V1003001,2025-05-08,Cusco,Hogar,Microondas,376.47,1,,376.47
V1003002,2025-03-20,Cusco,Belleza,Perfume,84.23,4,Efectivo,336.92
V1003003,2025-02-11,Arequipa,Tecnología,Tablet,167.84,3,Tarjeta,503.52
V1003004,2025-01-30,Piura,Hogar,Licuadora,468.17,2,,936.34
V1003005,2025-08-04,Trujillo,Alimentos,Café,456.91,1,Tarjeta,456.91
V1003006,2025-08-18,Piura,Moda,Camisa,435.08,1,Plin,435.08
V1003007,2025-10-11,Cusco,,Casaca,450.38,4,Efectivo,1801.52
V1003008,2025-06-15,Trujillo,Alimentos,Arroz,234.2,1,Efectivo,234.2
V1003009,2025-12-15,Cusco,Moda,Pantalón,15.5,3,Plin,46.5
V1003010,2025-06-17,Lima,Hogar,Microondas,255.43,2,Tarjeta,510.86
V1003011,2025-08-11,Arequipa,Tecnología,Laptop,278.5,4,Plin,1114.0
V1003012,2025-04-14,Trujillo,Tecnología,Audífonos,396.81,5,Plin,1984.05
V1003013,2025-07-02,Arequipa,Hogar,Aspiradora,373.0,5,Plin,1865.0
V1003014,2025-09-23,Arequipa,Belleza,Crema,329.83,2,Efectivo,659.66
V1003015,2025-08-14,Cusco,Tecnología,Tablet,178.19,4,Yape,712.76
V1003016,2025-01-12,Arequipa,Belleza,Maquillaje,113.68,1,Yape,113.68
V1003017,2025-07-01,Arequipa,Tecnología,Tablet,409.39,1,Plin,409.39
V1003018,2025-11-15,Cusco,Hogar,Licuadora,254.31,1,Yape,254.31
V1003019,2025-02-21,Trujillo,Tecnología,Celular,201.12,5,Yape,1005.6
V1003020,2025-11-05,Piura,Belleza,Perfume,445.8,1,Efectivo,445.8
V1003021,2025-03-08,Arequipa,Moda,Camisa,423.72,2,Plin,847.44
V1003022,2025-01-23,Cusco,Tecnología,Laptop,434.85,1,Yape,434.85
V1003023,2025-08-27,Lima,Tecnología,Tablet,237.94,4,Plin,951.76
V1003024,2025-08-05,Trujillo,Hogar,Aspiradora,308.47,1,Tarjeta,308.47
V1003025,2025-11-19,Piura,Alimentos,Aceite,453.11,1,,453.11
V1003026,2025-04-24,Cusco,Belleza,Maquillaje,262.13,4,Plin,1048.52
V1003027,2025-10-03,Piura,Tecnología,Audífonos,139.12,4,Tarjeta,556.48
V1003028,2025-02-15,Piura,Hogar,Microondas,33.78,4,Yape,135.12
V1003029,2025-06-06,Lima,Moda,Camisa,355.67,2,Plin,711.34
V1003030,2025-11-22,Piura,Hogar,Aspiradora,59.95,1,Efectivo,59.95
V1003031,2025-02-12,Piura,Tecnología,Laptop,449.41,4,Tarjeta,1797.64
V1003032,2025-07-07,Arequipa,Belleza,Shampoo,101.4,1,Efectivo,101.4
V1003033,2025-02-15,Arequipa,Alimentos,Café,100.17,3,Efectivo,300.51
V1003034,2025-06-15,Piura,Belleza,Perfume,105.98,2,Plin,211.96
V1003035,2025-11-28,Cusco,Tecnología,Laptop,34.31,4,Yape,137.24
V1003036,2025-10-25,Lima,Hogar,Microondas,205.26,2,Tarjeta,410.52
V1003037,2025-11-06,Trujillo,Belleza,Shampoo,111.87,4,Tarjeta,447.48
V1003038,2025-02-13,Cusco,Hogar,Microondas,309.02,1,Yape,309.02
V1003039,2025-06-18,Arequipa,Belleza,Perfume,152.63,4,Tarjeta,610.52
V1003040,2025-05-10,Cusco,Tecnología,Celular,236.54,3,Efectivo,709.62
V1003041,2025-05-21,Arequipa,Moda,Casaca,356.05,2,Yape,712.1
V1003042,2025-02-26,Arequipa,Belleza,Crema,182.86,2,Tarjeta,365.72
V1003043,2025-12-13,Piura,Alimentos,Atún,499.96,3,Tarjeta,1499.88
V1003044,2025-04-02,Trujillo,Hogar,Microondas,404.7,5,Yape,2023.5
V1003045,2025-04-22,Trujillo,Belleza,Shampoo,308.28,5,Yape,1541.4
V1003046,2025-12-24,Piura,Alimentos,Café,441.96,5,Yape,2209.8
V1003047,2025-09-27,Trujillo,Belleza,Maquillaje,287.04,3,Efectivo,861.12
V1003048,2025-01-23,Trujillo,Tecnología,Tablet,334.97,4,Efectivo,1339.88
V1003049,2025-02-18,Cusco,Belleza,Perfume,305.23,3,Tarjeta,915.69
V1003050,2025-10-08,Cusco,Alimentos,Arroz,126.15,3,Efectivo,378.45
V1003051,2025-09-04,Trujillo,Moda,Casaca,129.96,5,Tarjeta,649.8
V1003052,2025-10-05,Arequipa,Moda,Camisa,350.49,4,Yape,1401.96
V1003053,2025-07-28,Arequipa,Hogar,Licuadora,37.14,3,Plin,111.42
V1003054,2025-02-23,Lima,Moda,Camisa,456.43,3,Plin,1369.29
V1003055,2025-04-20,Arequipa,Tecnología,Celular,167.13,3,Yape,501.39
V1003056,2025-05-14,Piura,Moda,Zapatillas,88.58,1,Plin,88.58
V1003057,2025-12-03,Cusco,Moda,Pantalón,269.93,2,Yape,539.86
V1003058,2025-10-31,Arequipa,Moda,Zapatillas,278.83,1,Tarjeta,278.83
V1003059,2025-04-30,Lima,Moda,Pantalón,23.97,2,Yape,47.94
V1003060,2025-09-19,Cusco,Tecnología,Celular,298.64,3,Plin,895.92
V1003061,2025-03-14,Piura,Belleza,Maquillaje,428.87,4,Tarjeta,1715.48
V1003062,2025-02-03,Trujillo,Tecnología,Tablet,466.29,3,Efectivo,1398.87
V1003063,2025-04-17,Lima,Moda,Zapatillas,244.87,1,Yape,244.87
V1003064,2025-10-09,Arequipa,Alimentos,Aceite,186.0,3,Efectivo,558.0
V1003065,2025-04-24,Piura,Tecnología,Celular,29.11,2,Tarjeta,58.22
V1003066,2025-08-10,Trujillo,,Licuadora,336.71,5,Yape,1683.55
V1003067,2025-01-09,Trujillo,Belleza,Perfume,56.88,1,Tarjeta,56.88
V1003068,2025-11-27,Lima,Alimentos,Café,198.24,1,Yape,198.24
V1003069,2025-07-07,Trujillo,Alimentos,Atún,67.35,1,Efectivo,67.35
V1003070,2025-10-07,Lima,Hogar,Olla,352.43,3,Plin,1057.29
V1003071,2025-05-08,Trujillo,Belleza,Crema,191.85,2,Tarjeta,383.7
V1003072,2025-05-07,Lima,Tecnología,Audífonos,459.24,5,Efectivo,2296.2
V1003073,2025-10-10,Trujillo,Hogar,Aspiradora,132.77,2,Yape,265.54
V1003074,2025-03-28,Arequipa,Tecnología,Audífonos,149.73,2,Yape,299.46
V1003075,2025-04-06,Piura,Tecnología,Audífonos,311.17,2,Yape,622.34
V1003076,2025-11-01,Piura,Moda,Casaca,252.05,2,Tarjeta,504.1
V1003077,2025-08-14,Trujillo,Moda,Casaca,412.33,1,Efectivo,412.33
V1003078,2025-03-29,Trujillo,Moda,Camisa,36.17,4,Plin,144.68
V1003079,2025-08-02,Arequipa,Tecnología,Celular,468.32,3,Efectivo,1404.96
V1003080,2025-08-28,Lima,Moda,Pantalón,328.58,4,Efectivo,1314.32
V1003081,2025-08-24,Cusco,Belleza,Maquillaje,155.88,4,Tarjeta,623.52
V1003082,2025-08-16,Piura,Belleza,Maquillaje,156.55,1,Tarjeta,156.55
V1003083,2025-03-08,Cusco,Belleza,Shampoo,252.78,5,Yape,1263.9
V1003084,2025-06-28,Trujillo,Moda,Pantalón,467.61,4,Plin,1870.44
V1003085,2025-08-21,Cusco,Belleza,Perfume,363.74,2,,727.48
V1003086,2025-07-05,Piura,Tecnología,Celular,252.07,2,Yape,504.14
V1003087,2025-10-14,Trujillo,,Celular,152.79,5,Tarjeta,763.95
V1003088,2025-10-27,Cusco,Belleza,Shampoo,51.43,2,Plin,102.86
V1003089,2025-12-06,Trujillo,Tecnología,Celular,487.18,2,Yape,974.36
V1003090,2025-04-16,Cusco,Belleza,Crema,437.95,4,Efectivo,1751.8
V1003091,2025-02-23,Arequipa,Moda,Casaca,454.74,4,Efectivo,1818.96
V1003092,2025-10-28,Piura,Tecnología,Tablet,26.31,1,Yape,26.31
V1003093,2025-05-03,Trujillo,Alimentos,Arroz,180.81,5,Tarjeta,904.05
V1003094,2025-08-07,Lima,Hogar,Aspiradora,178.04,3,Efectivo,534.12
V1003095,2025-05-13,Piura,Belleza,Shampoo,204.86,2,Yape,409.72
V1003096,2025-09-13,Lima,Alimentos,Atún,169.28,2,Efectivo,338.56
V1003097,2025-05-26,Trujillo,Alimentos,Aceite,79.99,5,Tarjeta,399.95
V1003098,2025-11-23,Lima,,Olla,130.67,4,Yape,522.68
V1003099,2025-06-13,Lima,Alimentos,Atún,419.79,3,Efectivo,1259.37
V1003100,2025-01-23,Piura,Belleza,Maquillaje,391.54,5,Tarjeta,1957.7
V1003101,2025-12-22,Piura,Moda,Zapatillas,155.07,5,Plin,775.35
V1003102,2025-09-23,Cusco,Tecnología,Audífonos,494.63,5,Plin,2473.15
V1003103,2025-01-12,Trujillo,Moda,Pantalón,80.22,1,Tarjeta,80.22
V1003104,2025-03-06,Arequipa,Belleza,Shampoo,196.26,1,Tarjeta,196.26
V1003105,2025-01-28,Cusco,Hogar,Olla,175.09,3,Efectivo,525.27
V1003106,2025-02-07,Arequipa,Hogar,Microondas,342.77,4,Tarjeta,1371.08
V1003107,2025-12-25,Piura,,Perfume,78.36,3,Tarjeta,235.08
V1003108,2025-05-01,Cusco,Alimentos,Aceite,51.24,2,Plin,102.48
V1003109,2025-08-08,Trujillo,Hogar,Aspiradora,282.2,2,Efectivo,564.4
V1003110,2025-04-04,Piura,Hogar,Aspiradora,227.09,4,Yape,908.36
V1003111,2025-09-15,Cusco,Tecnología,Tablet,-362.25,2,Plin,724.5
V1003112,2025-06-03,Piura,Alimentos,Café,353.36,5,Plin,1766.8
V1003113,2025-04-26,Lima,Belleza,Crema,182.93,1,Tarjeta,182.93
V1003114,2025-03-02,Piura,Tecnología,Tablet,172.38,5,Efectivo,861.9
V1003115,2025-09-16,Lima,Belleza,Perfume,260.98,4,Efectivo,1043.92
V1003116,2025-08-12,Cusco,Hogar,Aspiradora,361.42,5,Yape,1807.1
V1003117,2025-08-16,Lima,,Zapatillas,10.16,2,Efectivo,20.32
V1003118,2025-11-16,Piura,Belleza,Perfume,241.61,3,Efectivo,724.83
V1003119,2025-12-16,Lima,Hogar,Licuadora,174.21,2,Yape,348.42
V1003120,2025-09-03,Lima,Belleza,Maquillaje,125.49,1,Tarjeta,125.49
V1003121,2025-03-18,Arequipa,Belleza,Maquillaje,207.81,1,Yape,207.81
V1003122,2025-06-27,Cusco,Hogar,Licuadora,135.31,2,Yape,270.62
V1003123,2025-10-31,Lima,Alimentos,Aceite,197.12,2,Efectivo,394.24
V1003124,2025-08-08,Arequipa,Hogar,Licuadora,448.77,4,Efectivo,1795.08
V1003125,2025-03-30,Cusco,Belleza,Perfume,84.34,4,,337.36
V1003126,2025-12-04,Arequipa,Alimentos,Aceite,177.5,2,Tarjeta,355.0
V1003127,2025-01-01,Cusco,Tecnología,Laptop,183.46,1,Yape,183.46
V1003128,2025-02-19,Trujillo,Hogar,Olla,187.68,1,Plin,187.68
V1003129,2025-01-26,Arequipa,Hogar,Microondas,36.15,1,Efectivo,36.15
V1003130,2025-12-20,Trujillo,Moda,Pantalón,169.11,3,Plin,507.33
V1003131,2025-02-17,Arequipa,Hogar,Licuadora,439.21,3,Plin,1317.63
V1003132,2025-10-21,Lima,Moda,Zapatillas,452.64,4,Tarjeta,1810.56
V1003133,2025-01-10,Cusco,Alimentos,Aceite,446.52,5,Plin,2232.6
V1003134,2025-10-12,Arequipa,Belleza,Shampoo,357.67,2,Plin,715.34
V1003135,2025-02-11,Cusco,Alimentos,Aceite,441.06,3,Tarjeta,1323.18
V1003136,2025-10-10,Cusco,Belleza,Crema,241.25,4,Tarjeta,965.0
V1003137,2025-01-29,Piura,Tecnología,Audífonos,220.4,2,,440.8
V1003138,2025-10-19,Arequipa,Moda,Zapatillas,39.95,4,Tarjeta,159.8
V1003139,2025-11-14,Trujillo,Alimentos,Arroz,177.06,1,Plin,177.06
V1003140,2025-02-26,Lima,Alimentos,Atún,125.72,4,Plin,502.88
V1003141,2025-08-20,Trujillo,Alimentos,Arroz,196.48,5,Efectivo,982.4
V1003142,2025-09-04,Arequipa,Hogar,Licuadora,465.82,5,Tarjeta,2329.1
V1003143,2025-12-13,Cusco,Hogar,Microondas,160.02,2,Plin,320.04
V1003144,2025-01-14,Cusco,Tecnología,Laptop,211.6,5,Plin,1058.0
V1003145,2025-02-27,Arequipa,Moda,Casaca,489.24,1,Plin,489.24
V1003146,2025-08-02,Arequipa,Moda,Camisa,86.72,2,Tarjeta,173.44
V1003147,2025-01-12,Trujillo,Hogar,Licuadora,225.42,3,Tarjeta,676.26
V1003148,2025-03-28,Arequipa,Belleza,Maquillaje,281.45,4,Plin,1125.8
V1003149,2025-05-23,Arequipa,Alimentos,Aceite,412.44,3,Efectivo,1237.32
V1003150,2025-06-04,Arequipa,Belleza,Crema,328.29,5,Tarjeta,1641.45
V1003151,2025-03-13,Lima,Belleza,Crema,471.8,1,Plin,471.8
V1003152,2025-01-17,Lima,Alimentos,Café,429.51,4,,1718.04
V1003153,2025-03-11,Trujillo,Alimentos,Arroz,346.16,5,Yape,1730.8
V1003154,2025-09-21,Arequipa,Hogar,Licuadora,418.33,2,Yape,836.66
V1003155,2025-09-27,Piura,Belleza,Perfume,317.69,4,Efectivo,1270.76
V1003156,2025-01-01,Trujillo,Moda,Zapatillas,319.55,3,Yape,958.65
V1003157,2025-09-13,Arequipa,Belleza,Perfume,69.4,4,Tarjeta,277.6
V1003158,2025-10-23,Piura,Hogar,Microondas,151.83,4,Efectivo,607.32
V1003159,2025-02-10,Piura,Tecnología,Tablet,59.74,3,Plin,179.22
V1003160,2025-11-15,Trujillo,Alimentos,Café,361.16,1,Yape,361.16
V1003161,2025-08-01,Lima,,Shampoo,97.97,5,Tarjeta,489.85
V1003162,2025-08-06,Cusco,Hogar,Microondas,50.96,2,Plin,101.92
V1003163,2025-05-30,Trujillo,Hogar,Aspiradora,173.56,4,Efectivo,694.24
V1003164,2025-11-04,Trujillo,Tecnología,Audífonos,356.08,4,Efectivo,1424.32
V1003165,2025-05-13,Cusco,Alimentos,Aceite,430.03,1,Tarjeta,430.03
V1003166,2025-01-05,Piura,Tecnología,Tablet,491.15,4,Yape,1964.6
V1003167,2025-02-20,Piura,Tecnología,Laptop,32.5,4,Yape,130.0
V1003168,2025-06-19,Lima,Belleza,Shampoo,187.12,4,Efectivo,748.48
V1003169,2025-12-23,Cusco,Tecnología,Laptop,362.45,1,Yape,362.45
V1003170,2025-01-17,Arequipa,Alimentos,Aceite,192.92,5,Yape,964.6
V1003171,2025-05-02,Arequipa,Belleza,Maquillaje,287.74,3,Tarjeta,863.22
V1003172,2025-07-22,Cusco,Hogar,Olla,280.34,4,Yape,1121.36
V1003173,2025-03-10,Arequipa,Belleza,Maquillaje,326.92,1,Efectivo,326.92
V1003174,2025-11-27,Trujillo,Hogar,Licuadora,18.47,2,Efectivo,36.94
V1003175,2025-12-18,Trujillo,Belleza,Maquillaje,136.72,1,Plin,136.72
V1003176,2025-02-02,Cusco,Hogar,Olla,256.3,2,Yape,512.6
V1003177,2025-08-10,Arequipa,Moda,Camisa,199.07,1,Plin,199.07
V1003178,2025-02-04,Arequipa,Belleza,Maquillaje,344.28,2,Tarjeta,688.56
V1003179,2025-08-03,Trujillo,Tecnología,Tablet,27.73,1,Plin,27.73
V1003180,2025-12-07,Arequipa,Belleza,Perfume,252.88,3,Plin,758.64
V1003181,2025-10-16,Cusco,Alimentos,Café,150.91,2,Tarjeta,301.82
V1003182,2025-04-20,Piura,Moda,Pantalón,21.23,3,Tarjeta,63.69
V1003183,2025-05-09,Trujillo,Hogar,Olla,59.99,4,Plin,239.96
V1003184,2025-05-24,Piura,Hogar,Olla,197.92,3,Tarjeta,593.76
V1003185,2025-03-03,Arequipa,Alimentos,Arroz,238.41,5,Plin,1192.05
V1003186,2025-03-06,Arequipa,Alimentos,Arroz,380.19,5,Yape,1900.95
V1003187,2025-11-28,Trujillo,Tecnología,Celular,38.42,2,Efectivo,76.84
V1003188,2025-04-23,Trujillo,Alimentos,Arroz,193.58,3,Efectivo,580.74
V1003189,2025-12-19,Cusco,Belleza,Crema,202.92,3,Plin,608.76
V1003190,2025-03-25,Cusco,Tecnología,Celular,473.11,5,Efectivo,2365.55
V1003191,2025-04-05,Lima,Belleza,Perfume,246.03,5,Efectivo,1230.15
V1003192,2025-07-29,Arequipa,Belleza,Shampoo,233.85,5,Yape,1169.25
V1003193,2025-06-29,Arequipa,Hogar,Olla,29.98,4,Yape,119.92
V1003194,2025-07-21,Cusco,Tecnología,Celular,133.17,5,Efectivo,665.85
V1003195,2025-01-21,Trujillo,Tecnología,Celular,483.12,5,Plin,2415.6
V1003196,2025-02-24,Arequipa,Alimentos,Café,295.15,4,Efectivo,1180.6
V1003197,2025-09-01,Trujillo,Belleza,Maquillaje,440.87,3,Plin,1322.61
V1003198,2025-01-18,Lima,Belleza,Crema,84.32,5,Efectivo,421.6
V1003199,2025-09-24,Piura,Hogar,Aspiradora,257.83,1,Yape,257.83
V1003200,2025-02-05,Lima,Moda,Zapatillas,338.28,1,,338.28
V1003201,2025-07-29,Trujillo,Alimentos,Arroz,130.75,1,Yape,130.75
V1003202,2025-06-20,Lima,Belleza,Maquillaje,209.25,5,Yape,1046.25
V1003203,2025-09-22,Piura,Hogar,Olla,299.57,5,Yape,1497.85
V1003204,2025-06-19,Trujillo,Hogar,Microondas,117.8,5,Plin,589.0
V1003205,2025-07-21,Arequipa,Alimentos,Arroz,170.15,4,Tarjeta,680.6
V1003206,2025-07-07,Trujillo,Alimentos,Café,179.59,3,Efectivo,538.77
V1003207,2025-05-10,Trujillo,Tecnología,Laptop,46.65,2,Tarjeta,93.3
V1003208,2025-04-26,Arequipa,Hogar,Olla,70.39,3,Plin,211.17
V1003209,2025-09-16,Piura,Belleza,Maquillaje,351.71,3,Plin,1055.13
V1003210,2025-07-19,Trujillo,Belleza,Perfume,367.43,4,Yape,1469.72
V1003211,2025-03-29,Arequipa,Hogar,Licuadora,97.81,3,Tarjeta,293.43
V1003212,2025-07-06,Arequipa,Moda,Pantalón,192.49,3,Efectivo,577.47
V1003213,2025-12-15,Trujillo,Moda,Pantalón,196.07,3,Efectivo,588.21
V1003214,2025-07-06,Trujillo,Alimentos,Café,158.1,5,Plin,790.5
V1003215,2025-04-05,Lima,Hogar,Aspiradora,477.27,4,Yape,1909.08
V1003216,2025-11-09,Arequipa,Belleza,Perfume,189.87,3,Efectivo,569.61
V1003217,2025-04-27,Piura,,Arroz,453.72,4,Yape,1814.88
V1003218,2025-11-17,Trujillo,Hogar,Microondas,67.07,1,Efectivo,67.07
V1003219,2025-10-01,Cusco,Alimentos,Atún,278.0,1,Efectivo,278.0
V1003220,2025-02-24,Piura,Belleza,Shampoo,419.57,4,Plin,1678.28
V1003221,2025-02-13,Cusco,Moda,Casaca,481.03,4,Tarjeta,1924.12
V1003222,2025-10-18,Arequipa,Tecnología,Laptop,293.17,4,Yape,1172.68
V1003223,2025-03-24,Trujillo,,Microondas,217.83,2,Tarjeta,435.66
V1003224,2025-10-13,Trujillo,Alimentos,Aceite,268.1,2,Tarjeta,536.2
V1003225,2025-11-02,Lima,Belleza,Crema,88.29,1,Yape,88.29
V1003226,2025-05-13,Cusco,Tecnología,Celular,323.48,1,Yape,323.48
V1003227,2025-05-30,Arequipa,Alimentos,Atún,435.39,4,Plin,1741.56
V1003228,2025-05-23,Lima,Hogar,Microondas,371.61,3,Plin,1114.83
V1003229,2025-05-22,Arequipa,Moda,Camisa,169.06,1,Efectivo,169.06
V1003230,2025-05-14,Lima,Hogar,Licuadora,85.86,3,Efectivo,257.58
V1003231,2025-10-24,Lima,Belleza,Crema,257.43,2,Tarjeta,514.86
V1003232,2025-08-14,Cusco,Tecnología,Celular,89.83,1,Yape,89.83
V1003233,2025-04-17,Trujillo,Tecnología,Laptop,491.36,3,,1474.08
V1003234,2025-09-29,Cusco,Alimentos,Café,197.4,5,Yape,987.0
V1003235,2025-05-02,Lima,Belleza,Perfume,31.91,3,Yape,95.73
V1003236,2025-11-11,Lima,Hogar,Aspiradora,113.51,4,Yape,454.04
V1003237,2025-10-07,Lima,Hogar,Aspiradora,123.74,4,Yape,494.96
V1003238,2025-05-04,Piura,Hogar,Olla,168.73,2,Yape,337.46
V1003239,2025-01-31,Piura,Alimentos,Arroz,135.42,3,Plin,406.26
V1003240,2025-02-09,Lima,Moda,Camisa,327.56,4,Plin,1310.24
V1003241,2025-02-26,Arequipa,Moda,Camisa,187.02,2,Yape,374.04
V1003242,2025-10-19,Lima,Belleza,Shampoo,47.29,3,Tarjeta,141.87
V1003243,2025-05-30,Arequipa,Alimentos,Arroz,254.19,1,Efectivo,254.19
V1003244,2025-06-29,Trujillo,Alimentos,Café,78.88,1,Yape,78.88
V1003245,2025-12-17,Piura,Belleza,Maquillaje,471.1,2,Plin,942.2
V1003246,2025-07-18,Arequipa,Hogar,Aspiradora,12.91,1,Plin,12.91
V1003247,2025-03-04,Cusco,Moda,Zapatillas,81.37,2,Yape,162.74
V1003248,2025-02-03,Cusco,Moda,Pantalón,451.41,4,Plin,1805.64
V1003249,2025-01-17,Arequipa,Moda,Pantalón,394.76,4,Yape,1579.04
V1003250,2025-04-08,Arequipa,Hogar,Olla,203.59,1,Plin,203.59
V1003251,2025-03-05,Trujillo,Moda,Zapatillas,443.65,1,Tarjeta,443.65
V1003252,2025-11-27,Cusco,Belleza,Maquillaje,367.38,1,Efectivo,367.38
V1003253,2025-12-28,Trujillo,Hogar,Olla,177.15,3,Efectivo,531.45
V1003254,2025-06-01,Arequipa,Tecnología,Audífonos,336.83,1,Tarjeta,336.83
V1003255,2025-04-10,Lima,Tecnología,Audífonos,292.63,3,Tarjeta,877.89
V1003256,2025-02-23,Trujillo,Hogar,Microondas,306.92,5,Yape,1534.6
V1003257,2025-02-03,Trujillo,Moda,Pantalón,478.27,2,Yape,956.54
V1003258,2025-11-22,Cusco,Alimentos,Arroz,349.12,3,Efectivo,1047.36
V1003259,2025-08-30,Arequipa,Alimentos,Arroz,461.4,5,Tarjeta,2307.0
V1003260,2025-04-08,Trujillo,Tecnología,Celular,194.89,4,Tarjeta,779.56
V1003261,2025-08-09,Piura,Alimentos,Atún,235.77,1,Tarjeta,235.77
V1003262,2025-09-10,Piura,Alimentos,Aceite,418.19,2,Efectivo,836.38
V1003263,2025-12-09,Cusco,,Aspiradora,397.07,1,Yape,397.07
V1003264,2025-08-28,Arequipa,Hogar,Olla,438.64,3,Tarjeta,1315.92
V1003265,2025-08-18,Cusco,Belleza,Perfume,104.69,2,Yape,209.38
V1003266,2025-10-06,Piura,Belleza,Crema,450.69,5,,2253.45
V1003267,2025-04-21,Piura,Tecnología,Laptop,183.42,1,Plin,183.42
V1003268,2025-03-18,Arequipa,Hogar,Microondas,382.25,2,Yape,764.5
V1003269,2025-02-28,Trujillo,Hogar,Licuadora,327.88,2,Plin,655.76
V1003270,2025-10-22,Cusco,Hogar,Microondas,60.93,4,Efectivo,243.72
V1003271,2025-05-01,Cusco,,Atún,223.34,2,Yape,446.68
V1003272,2025-09-09,Piura,Hogar,Aspiradora,278.86,1,Plin,278.86
V1003273,2025-03-04,Trujillo,Alimentos,Café,46.87,2,Efectivo,93.74
V1003274,2025-09-23,Trujillo,Belleza,Crema,452.06,2,Tarjeta,904.12
V1003275,2025-03-06,Lima,Moda,Casaca,397.86,4,Tarjeta,1591.44
V1003276,2025-06-05,Lima,Belleza,Perfume,364.41,2,Efectivo,728.82
V1003277,2025-04-26,Piura,Moda,Pantalón,453.87,5,Plin,2269.35
V1003278,2025-04-15,Lima,Tecnología,Audífonos,172.72,4,Plin,690.88
V1003279,2025-11-01,Piura,Moda,Casaca,109.96,2,Plin,219.92
V1003280,2025-10-31,Trujillo,Alimentos,Café,388.93,4,Efectivo,1555.72
V1003281,2025-03-03,Cusco,Alimentos,Atún,436.89,1,Tarjeta,436.89
V1003282,2025-11-07,Trujillo,Moda,Camisa,109.12,1,Efectivo,109.12
V1003283,2025-04-27,Trujillo,Moda,Casaca,414.07,4,Yape,1656.28
V1003284,2025-01-16,Lima,Belleza,Crema,474.75,1,Tarjeta,474.75
V1003285,2025-10-31,Lima,Hogar,Aspiradora,356.05,1,Yape,356.05
V1003286,2025-05-25,Cusco,Tecnología,Audífonos,149.47,1,Efectivo,149.47
V1003287,2025-03-05,Arequipa,Belleza,Crema,195.59,1,Plin,195.59
V1003288,2025-02-27,Cusco,Moda,Zapatillas,114.72,3,Yape,344.16
V1003289,2025-02-16,Cusco,Alimentos,Aceite,265.29,4,Plin,1061.16
V1003290,2025-02-27,Lima,Tecnología,Audífonos,469.82,3,Plin,1409.46
V1003291,2025-02-18,Cusco,Belleza,Maquillaje,219.38,2,Yape,438.76
V1003292,2025-10-09,Trujillo,Hogar,Microondas,309.56,4,Plin,1238.24
V1003293,2025-01-31,Lima,Hogar,Olla,313.35,2,,626.7
V1003294,2025-01-28,Piura,Belleza,Shampoo,189.97,3,Yape,569.91
V1003295,2025-10-01,Arequipa,Belleza,Shampoo,138.94,5,Tarjeta,694.7
V1003296,2025-05-07,Piura,Moda,Camisa,412.14,5,Plin,2060.7
V1003297,2025-06-01,Cusco,Alimentos,Café,107.83,2,Yape,215.66
V1003298,2025-05-08,Piura,Hogar,Olla,106.5,3,Plin,319.5
V1003299,2025-06-19,Arequipa,Moda,Casaca,449.77,2,Plin,899.54
V1003300,2025-10-09,Cusco,Moda,Zapatillas,40.98,3,Efectivo,122.94
V1003301,2025-07-20,Trujillo,Hogar,Microondas,29.67,2,Plin,59.34
V1003302,2025-03-14,Arequipa,Alimentos,Atún,229.23,2,Yape,458.46
V1003303,2025-03-09,Arequipa,Belleza,Perfume,244.79,1,Tarjeta,244.79
V1003304,2025-09-04,Lima,Moda,Camisa,181.02,2,Yape,362.04
V1003305,2025-03-26,Arequipa,Alimentos,Café,266.88,1,Efectivo,266.88
V1003306,2025-10-18,Cusco,Alimentos,Arroz,307.86,3,Tarjeta,923.58
V1003307,2025-02-24,Arequipa,Hogar,Olla,353.31,4,Efectivo,1413.24
V1003308,2025-02-01,Cusco,Alimentos,Atún,154.45,2,Plin,308.9
V1003309,2025-02-28,Trujillo,Belleza,Perfume,414.67,3,Yape,1244.01
V1003310,2025-12-02,Trujillo,Hogar,Microondas,114.46,5,Plin,572.3
V1003311,2025-12-24,Piura,Hogar,Microondas,313.4,5,Yape,1567.0
V1003312,2025-10-18,Trujillo,Tecnología,Celular,25.86,1,Plin,25.86
V1003313,2025-03-21,Arequipa,,Atún,174.79,2,Yape,349.58
V1003314,2025-02-19,Lima,Moda,Pantalón,12.89,4,Plin,51.56
V1003315,2025-01-31,Arequipa,Alimentos,Arroz,412.3,2,Plin,824.6
V1003316,2025-07-04,Cusco,Moda,Camisa,308.56,4,Yape,1234.24
V1003317,2025-12-01,Trujillo,,Olla,356.7,4,Yape,1426.8
V1003318,2025-08-14,Trujillo,Tecnología,Celular,396.77,2,Tarjeta,793.54
V1003319,2025-01-05,Piura,Belleza,Perfume,169.19,2,Yape,338.38
V1003320,2025-12-16,Lima,Alimentos,Café,425.59,1,Efectivo,425.59
V1003321,2025-01-27,Cusco,Hogar,Aspiradora,298.01,2,Tarjeta,596.02
V1003322,2025-09-03,Trujillo,Moda,Casaca,290.93,1,Tarjeta,290.93
V1003323,2025-09-05,Trujillo,Tecnología,Celular,290.65,4,Tarjeta,1162.6
V1003324,2025-12-18,Lima,Alimentos,Aceite,287.63,5,Tarjeta,1438.15
V1003325,2025-06-17,Piura,Hogar,Olla,299.09,1,Plin,299.09
V1003326,2025-02-28,Lima,Hogar,Licuadora,293.16,1,Tarjeta,293.16
V1003327,2025-08-25,Arequipa,Alimentos,Atún,281.64,1,Efectivo,281.64
V1003328,2025-08-15,Piura,Tecnología,Laptop,125.96,5,Plin,629.8
V1003329,2025-10-20,Trujillo,Belleza,Shampoo,234.28,1,Efectivo,234.28
V1003330,2025-10-31,Trujillo,Belleza,Shampoo,337.2,4,Efectivo,1348.8
V1003331,2025-01-28,Piura,Tecnología,Laptop,31.81,5,Plin,159.05
V1003332,2025-04-02,Cusco,Moda,Camisa,270.59,1,Yape,270.59
V1003333,2025-11-25,Piura,Hogar,Licuadora,173.66,2,Plin,347.32
V1003334,2025-04-30,Piura,Tecnología,Audífonos,150.06,4,Yape,600.24
V1003335,2025-12-16,Cusco,Alimentos,Café,457.18,2,Efectivo,914.36
V1003336,2025-06-19,Cusco,Hogar,Olla,219.21,3,Tarjeta,657.63
V1003337,2025-12-06,Piura,Moda,Pantalón,86.97,2,Yape,173.94
V1003338,2025-11-19,Piura,Moda,Camisa,93.21,1,Plin,93.21
V1003339,2025-09-09,Cusco,Hogar,Licuadora,210.94,5,Plin,1054.7
V1003340,2025-08-17,Lima,Tecnología,Tablet,286.0,1,Efectivo,286.0
V1003341,2025-01-21,Piura,Belleza,Crema,352.92,3,Efectivo,1058.76
V1003342,2025-11-22,Trujillo,Alimentos,Café,153.03,3,Tarjeta,459.09
V1003343,2025-12-24,Cusco,Belleza,Perfume,160.26,3,Efectivo,480.78
V1003344,2025-03-13,Piura,Moda,Pantalón,59.9,4,Yape,239.6
V1003345,2025-08-06,Piura,Tecnología,Tablet,29.39,2,Efectivo,58.78
V1003346,2025-12-10,Arequipa,Tecnología,Audífonos,337.04,3,Yape,1011.12
V1003347,2025-11-23,Cusco,Belleza,Crema,126.81,5,Plin,634.05
V1003348,2025-09-15,Cusco,Belleza,Perfume,163.16,2,Tarjeta,326.32
V1003349,2025-02-20,Arequipa,Hogar,Microondas,236.15,4,Yape,944.6
V1003350,2025-05-16,Lima,Moda,Pantalón,141.39,3,Yape,424.17
V1003351,2025-08-29,Cusco,Belleza,Maquillaje,234.06,2,Yape,468.12
V1003352,2025-01-16,Arequipa,Belleza,Maquillaje,57.99,2,Efectivo,115.98
V1003353,2025-05-26,Lima,Belleza,Shampoo,196.93,3,Efectivo,590.79
V1003354,2025-06-14,Piura,Tecnología,Laptop,372.85,2,,745.7
V1003355,2025-06-23,Lima,Belleza,Maquillaje,18.15,3,Yape,54.45
V1003356,2025-06-27,Arequipa,Moda,Zapatillas,432.4,2,Yape,864.8
V1003357,2025-02-24,Trujillo,Alimentos,Café,273.28,2,Plin,546.56
V1003358,2025-04-16,Cusco,Belleza,Perfume,267.51,5,Yape,1337.55
V1003359,2025-04-17,Lima,Belleza,Perfume,55.54,3,Tarjeta,166.62
V1003360,2025-02-12,Arequipa,Alimentos,Aceite,267.72,5,Efectivo,1338.6
V1003361,2025-01-30,Arequipa,Tecnología,Audífonos,306.98,3,Yape,920.94
V1003362,2025-03-30,Arequipa,Belleza,Perfume,98.52,2,Plin,197.04
V1003363,2025-06-30,Cusco,Moda,Camisa,485.01,3,Efectivo,1455.03
V1003364,2025-12-01,Trujillo,Tecnología,Tablet,378.29,3,Efectivo,1134.87
V1003365,2025-02-16,Cusco,Belleza,Perfume,41.76,4,Yape,167.04
V1003366,2025-11-04,Lima,Moda,Pantalón,192.41,3,Plin,577.23
V1003367,2025-10-25,Lima,Belleza,Shampoo,223.62,1,Plin,223.62
V1003368,2025-05-06,Trujillo,Alimentos,Aceite,235.88,4,Yape,943.52
V1003369,2025-11-02,Arequipa,Hogar,Microondas,442.76,5,Plin,2213.8
V1003370,2025-12-06,Arequipa,Belleza,Shampoo,72.85,1,Efectivo,72.85
V1003371,2025-07-28,Trujillo,Belleza,Perfume,365.58,4,Efectivo,1462.32
V1003372,2025-04-04,Cusco,Belleza,Perfume,386.12,2,,772.24
V1003373,2025-07-17,Piura,Tecnología,Audífonos,470.39,4,Yape,1881.56
V1003374,2025-11-12,Lima,Hogar,Microondas,276.29,2,Plin,552.58
V1003375,2025-11-06,Cusco,Moda,Camisa,198.71,3,Yape,596.13
V1003376,2025-03-10,Arequipa,Moda,Casaca,434.32,1,Plin,434.32
V1003377,2025-12-26,Cusco,Tecnología,Celular,250.55,4,Plin,1002.2
V1003378,2025-05-24,Trujillo,Belleza,Perfume,494.9,5,Tarjeta,2474.5
V1003379,2025-12-28,Lima,Moda,Zapatillas,362.83,5,Yape,1814.15
V1003380,2025-11-15,Lima,Belleza,Crema,227.72,1,Plin,227.72
V1003381,2025-09-22,Cusco,Alimentos,Arroz,251.71,2,Efectivo,503.42
V1003382,2025-10-20,Trujillo,,Café,235.9,5,Plin,1179.5
V1003383,2025-12-23,Cusco,Hogar,Aspiradora,30.97,2,Tarjeta,61.94
V1003384,2025-08-10,Piura,,Celular,78.49,3,Plin,235.47
V1003385,2025-12-15,Lima,Belleza,Maquillaje,329.02,2,Tarjeta,658.04
V1003386,2025-09-14,Cusco,Alimentos,Aceite,66.18,2,Efectivo,132.36
V1003387,2025-11-05,Piura,Tecnología,Celular,174.4,4,Plin,697.6
V1003388,2025-02-11,Arequipa,,Audífonos,380.8,3,Plin,1142.4
V1003389,2025-05-10,Lima,Alimentos,Atún,173.21,3,Efectivo,519.63
V1003390,2025-03-26,Trujillo,Hogar,Olla,82.86,1,Efectivo,82.86
V1003391,2025-03-24,Trujillo,Tecnología,Celular,301.59,2,Yape,603.18
V1003392,2025-02-20,Arequipa,Hogar,Licuadora,41.71,9999,Tarjeta,125.13
V1003393,2025-11-28,Arequipa,Alimentos,Café,129.47,5,Yape,647.35
V1003394,2025-04-29,Lima,Hogar,Olla,460.75,5,Yape,2303.75
V1003395,2025-06-09,Trujillo,Belleza,Maquillaje,77.33,2,Plin,154.66
V1003396,2025-11-24,Lima,Moda,Pantalón,21.06,2,Tarjeta,42.12
V1003397,2025-04-18,Piura,Belleza,Crema,380.95,2,Tarjeta,761.9
V1003398,2025-08-07,Cusco,Hogar,Olla,245.98,3,Plin,737.94
V1003399,2025-10-07,Lima,Moda,Casaca,413.7,4,,1654.8
V1003400,2025-07-27,Trujillo,Hogar,Licuadora,167.38,1,Plin,167.38
V1003401,2025-11-07,Piura,Belleza,Maquillaje,275.0,2,Yape,550.0
V1003402,2025-12-07,Lima,Hogar,Olla,495.17,2,Plin,990.34
V1003403,2025-09-10,Lima,Moda,Casaca,76.07,3,Plin,228.21
V1003404,2025-08-18,Cusco,Moda,Pantalón,189.89,5,Plin,949.45
V1003405,2025-06-23,Piura,Hogar,Licuadora,177.84,4,Yape,711.36
V1003406,2025-07-25,Trujillo,Hogar,Aspiradora,81.26,3,Tarjeta,243.78
V1003407,2025-08-02,Arequipa,Alimentos,Aceite,435.24,3,Efectivo,1305.72
V1003408,2025-09-29,Lima,Alimentos,Arroz,53.43,4,Efectivo,213.72
V1003409,2025-06-13,Cusco,,Atún,262.34,1,Efectivo,262.34
V1003410,2025-05-11,Piura,Moda,Casaca,441.39,2,Efectivo,882.78
V1003411,2025-11-30,Arequipa,Tecnología,Tablet,268.69,4,Plin,1074.76
V1003412,2025-06-11,Piura,,Tablet,138.54,4,Efectivo,554.16
V1003413,2025-06-27,Arequipa,Belleza,Shampoo,226.25,3,Tarjeta,678.75
V1003414,2025-02-19,Trujillo,Tecnología,Celular,302.09,4,Efectivo,1208.36
V1003415,2025-11-26,Lima,Alimentos,Atún,452.95,5,Yape,2264.75
V1003416,2025-09-06,Trujillo,Hogar,Aspiradora,203.18,1,Tarjeta,203.18
V1003417,2025-07-09,Trujillo,Tecnología,Laptop,251.58,1,Yape,251.58
V1003418,2025-01-15,Lima,Tecnología,Laptop,264.14,5,Plin,1320.7
V1003419,2025-06-09,Piura,,Pantalón,359.83,1,Tarjeta,359.83
V1003420,2025-04-07,Cusco,Belleza,Shampoo,190.61,2,Yape,381.22
V1003421,2025-05-07,Piura,Hogar,Microondas,16.36,3,Efectivo,49.08
V1003422,2025-07-13,Cusco,Belleza,Maquillaje,324.07,1,Efectivo,324.07
V1003423,2025-01-14,Cusco,,Maquillaje,83.82,4,Tarjeta,335.28
V1003424,2025-05-17,Arequipa,Moda,Casaca,464.32,4,Tarjeta,1857.28
V1003425,2025-01-01,Trujillo,Tecnología,Audífonos,234.97,4,Efectivo,939.88
V1003426,2025-07-21,Arequipa,Hogar,Olla,484.78,2,Yape,969.56
V1003427,2025-08-01,Piura,Hogar,Aspiradora,435.22,3,Tarjeta,1305.66
V1003428,2025-09-30,Lima,Belleza,Maquillaje,122.37,1,Tarjeta,122.37
V1003429,2025-03-09,Piura,Tecnología,Celular,408.84,2,Yape,817.68
V1003430,2025-01-25,Lima,Moda,Camisa,258.45,2,Tarjeta,516.9
V1003431,2025-02-26,Lima,Alimentos,Atún,493.27,3,Tarjeta,1479.81
V1003432,2025-10-10,Lima,Moda,Casaca,369.91,1,Tarjeta,369.91
V1003433,2025-03-22,Cusco,Hogar,Aspiradora,217.39,3,Efectivo,652.17
V1003434,2025-10-31,Arequipa,Alimentos,Café,132.31,2,Tarjeta,264.62
V1003435,2025-09-19,Cusco,Belleza,Maquillaje,353.29,4,Efectivo,1413.16
V1003436,2025-02-27,Piura,Alimentos,Café,375.69,5,Plin,1878.45
V1003437,2025-06-14,Piura,Tecnología,Audífonos,73.8,3,Plin,221.4
V1003438,2025-05-18,Trujillo,Hogar,Microondas,413.1,5,Yape,2065.5
V1003439,2025-06-11,Arequipa,Belleza,Maquillaje,32.52,4,Plin,130.08
V1003440,2025-10-31,Cusco,Moda,Camisa,148.18,1,Plin,148.18
V1003441,2025-10-16,Lima,Hogar,Olla,357.61,4,Plin,1430.44
V1003442,2025-09-23,Cusco,Hogar,Licuadora,229.56,1,Tarjeta,229.56
V1003443,2025-07-26,Lima,Hogar,Olla,273.63,1,Tarjeta,273.63
V1003444,2025-07-24,Lima,Moda,Casaca,343.54,2,Tarjeta,687.08
V1003445,2025-10-14,Piura,Tecnología,Laptop,439.75,4,Tarjeta,1759.0
V1003446,2025-11-22,Cusco,Moda,Camisa,480.76,1,Yape,480.76
V1003447,2025-03-10,Arequipa,Belleza,Maquillaje,443.69,4,Plin,1774.76
V1003448,2025-04-13,Lima,Alimentos,Arroz,99.52,5,Efectivo,497.6
V1003449,2025-07-21,Piura,Tecnología,Celular,186.32,4,Efectivo,745.28
V1003450,2025-08-19,Cusco,Hogar,Aspiradora,324.46,4,Efectivo,1297.84
V1003451,2025-09-23,Piura,Tecnología,Audífonos,177.57,3,Plin,532.71
V1003452,2025-01-01,Piura,Belleza,Crema,106.33,1,Yape,106.33
V1003453,2025-04-26,Trujillo,Hogar,Olla,178.02,1,Yape,178.02
V1003454,2025-08-06,Arequipa,Moda,Casaca,77.09,4,Efectivo,308.36
V1003455,2025-06-16,Piura,Hogar,Licuadora,176.74,5,Plin,883.7
V1003456,2025-03-16,Piura,Tecnología,Tablet,245.28,1,,245.28
V1003457,2025-12-27,Piura,Hogar,Licuadora,259.46,4,Plin,1037.84
V1003458,2025-05-14,Lima,Alimentos,Café,351.42,3,Tarjeta,1054.26
V1003459,2025-11-23,Trujillo,Tecnología,Laptop,72.04,4,Plin,288.16
V1003460,2025-03-01,Piura,Alimentos,Arroz,159.15,5,Tarjeta,795.75
V1003461,2025-09-22,Piura,Moda,Camisa,15.63,4,Efectivo,62.52
V1003462,2025-01-13,Cusco,Belleza,Maquillaje,422.31,4,Plin,1689.24
V1003463,2025-12-26,Trujillo,Moda,Pantalón,103.44,3,Tarjeta,310.32
V1003464,2025-02-06,Lima,Belleza,Shampoo,149.97,4,Tarjeta,599.88
V1003465,2025-11-07,Lima,Tecnología,Audífonos,183.69,5,Tarjeta,918.45
V1003466,2025-05-09,Lima,Moda,Pantalón,497.3,3,Tarjeta,1491.9
V1003467,2025-07-01,Trujillo,Alimentos,Café,427.87,3,Plin,1283.61
V1003468,2025-04-03,Piura,Tecnología,Tablet,364.7,3,Tarjeta,1094.1
V1003469,2025-04-19,Piura,Moda,Zapatillas,166.1,2,Yape,332.2
V1003470,2025-06-19,Arequipa,,Pantalón,70.39,2,Efectivo,140.78
V1003471,2025-10-23,Arequipa,Tecnología,Tablet,78.6,5,Tarjeta,393.0
V1003472,2025-03-03,Trujillo,Hogar,Microondas,89.61,5,Yape,448.05
V1003473,2025-03-01,Trujillo,Belleza,Shampoo,122.64,1,Yape,122.64
V1003474,2025-12-30,Trujillo,Belleza,Crema,144.27,1,Tarjeta,144.27
V1003475,2025-04-28,Trujillo,Moda,Camisa,476.77,4,,1907.08
V1003476,2025-05-04,Piura,Moda,Pantalón,460.74,3,Efectivo,1382.22
V1003477,2025-05-30,Lima,Tecnología,Audífonos,110.95,4,Efectivo,443.8
V1003478,2025-07-29,Arequipa,Belleza,Crema,177.29,5,Plin,886.45
V1003479,2025-06-09,Trujillo,Moda,Camisa,184.32,1,Yape,184.32
V1003480,2025-03-27,Arequipa,Alimentos,Arroz,54.14,1,Efectivo,54.14
V1003481,2025-11-02,Arequipa,Alimentos,Atún,499.16,4,,1996.64
V1003482,2025-06-29,Arequipa,Moda,Casaca,292.21,5,Yape,1461.05
V1003483,2025-01-05,Trujillo,Hogar,Aspiradora,203.83,2,Tarjeta,407.66
V1003484,2025-12-24,Trujillo,Hogar,Microondas,37.02,2,Tarjeta,74.04
V1003485,2025-01-20,Piura,Tecnología,Audífonos,215.43,1,Plin,215.43
V1003486,2025-09-07,Trujillo,Moda,Pantalón,458.42,3,Efectivo,1375.26
V1003487,2025-08-08,Cusco,Tecnología,Tablet,471.23,2,Tarjeta,942.46
V1003488,2025-06-06,Arequipa,,Microondas,263.16,2,Yape,526.32
V1003489,2025-09-09,Piura,Alimentos,Aceite,442.23,2,Tarjeta,884.46
V1003490,2025-05-21,Lima,Moda,Pantalón,478.44,1,Efectivo,478.44
V1003491,2025-09-02,Piura,Belleza,Shampoo,128.49,5,Efectivo,642.45
V1003492,2025-11-28,Lima,Alimentos,Aceite,406.28,4,Plin,1625.12
V1003493,2025-12-10,Lima,Moda,Zapatillas,284.77,1,Yape,284.77
V1003494,2025-10-14,Lima,Moda,Zapatillas,327.43,1,Tarjeta,327.43
V1003495,2025-05-18,Arequipa,Hogar,Aspiradora,290.35,3,Efectivo,871.05
V1003496,2025-05-09,Lima,Moda,Casaca,238.43,5,Yape,1192.15
V1003497,2025-04-16,Piura,Tecnología,Audífonos,291.97,3,Yape,875.91
V1003498,2025-01-13,Cusco,Tecnología,Laptop,139.15,4,Tarjeta,556.6
V1003499,2025-07-13,Trujillo,Tecnología,Tablet,289.32,1,Tarjeta,289.32
V1003500,2025-10-06,Trujillo,Belleza,Maquillaje,66.49,3,Yape,199.47
V1003501,2025-09-20,Trujillo,Hogar,Olla,34.32,4,Plin,137.28
V1003502,2025-08-21,Arequipa,Tecnología,Tablet,220.62,5,Efectivo,1103.1
V1003503,2025-11-03,Cusco,,Zapatillas,41.57,3,Tarjeta,124.71
V1003504,2025-02-02,Cusco,Tecnología,Laptop,98.74,2,Plin,197.48
V1003505,2025-02-08,Piura,Moda,Camisa,252.02,3,Efectivo,756.06
V1003506,2025-10-15,Cusco,Tecnología,Laptop,357.22,3,Yape,1071.66
V1003507,2025-01-16,Cusco,Tecnología,Audífonos,355.49,2,Plin,710.98
V1003508,2025-10-08,Piura,Belleza,Maquillaje,102.83,2,Plin,205.66
V1003509,2025-05-07,Piura,Belleza,Perfume,361.2,1,Plin,361.2
V1003510,2025-03-18,Piura,Hogar,Microondas,78.53,3,Efectivo,235.59
V1003511,2025-04-03,Piura,Moda,Casaca,111.94,1,Tarjeta,111.94
V1003512,2025-07-28,Trujillo,Hogar,Microondas,449.32,1,Yape,449.32
V1003513,2025-06-04,Cusco,Hogar,Microondas,478.98,3,Yape,1436.94
V1003514,2025-12-14,Piura,Moda,Pantalón,293.51,3,Yape,880.53
V1003515,2025-06-13,Trujillo,Alimentos,Café,353.25,1,Yape,353.25
V1003516,2025-01-22,Trujillo,Alimentos,Café,371.14,2,Plin,742.28
V1003517,2025-02-27,Trujillo,Tecnología,Audífonos,39.94,2,Plin,79.88
V1003518,2025-03-20,Trujillo,Moda,Casaca,404.22,5,Tarjeta,2021.1
V1003519,2025-01-30,Trujillo,Hogar,Olla,38.85,3,Tarjeta,116.55
V1003520,2025-09-04,Arequipa,Belleza,Shampoo,50.31,1,Efectivo,50.31
V1003521,2025-02-09,Trujillo,Moda,Camisa,371.18,5,Plin,1855.9
V1003522,2025-07-12,Piura,Moda,Pantalón,469.85,4,Yape,1879.4
V1003523,2025-01-19,Arequipa,Tecnología,Tablet,307.66,5,Efectivo,1538.3
V1003524,2025-06-22,Lima,Moda,Camisa,170.82,4,Yape,683.28
V1003525,2025-05-14,Trujillo,Tecnología,Tablet,215.72,3,Tarjeta,647.16
V1003526,2025-01-13,Piura,Alimentos,Café,404.41,5,Plin,2022.05
V1003527,2025-05-21,Trujillo,Alimentos,Atún,492.08,1,Tarjeta,492.08
V1003528,2025-12-23,Lima,Belleza,Perfume,17.93,3,Plin,53.79
V1003529,2025-11-02,Trujillo,Moda,Zapatillas,450.05,2,Plin,900.1
V1003530,2025-05-26,Trujillo,Belleza,Maquillaje,377.75,2,Tarjeta,755.5
V1003531,2025-11-11,Arequipa,Belleza,Perfume,445.81,2,Efectivo,891.62
V1003532,2025-10-10,Cusco,Alimentos,Aceite,414.09,5,Tarjeta,2070.45
V1003533,2025-10-01,Trujillo,Alimentos,Café,346.46,2,Tarjeta,692.92
V1003534,2025-05-13,Arequipa,Alimentos,Aceite,252.6,3,Yape,757.8
V1003535,2025-03-04,Piura,Tecnología,Tablet,376.9,2,Plin,753.8
V1003536,2025-08-20,Cusco,Alimentos,Aceite,174.24,4,Tarjeta,696.96
V1003537,2025-07-20,Piura,Belleza,Shampoo,274.56,4,Efectivo,1098.24
V1003538,2025-06-07,Piura,Moda,Camisa,221.96,5,Plin,1109.8
V1003539,2025-11-01,Lima,Tecnología,Audífonos,164.73,4,Efectivo,658.92
V1003540,2025-02-14,Piura,Belleza,Crema,344.27,1,Yape,344.27
V1003541,2025-03-18,Trujillo,Alimentos,Arroz,109.36,4,Plin,437.44
V1003542,2025-02-05,Trujillo,Tecnología,Celular,410.88,1,Plin,410.88
V1003543,2025-10-21,Lima,Moda,Pantalón,460.52,3,Plin,1381.56
V1003544,2025-04-21,Cusco,Tecnología,Tablet,261.65,5,Yape,1308.25
V1003545,2025-02-08,Piura,Alimentos,Atún,237.52,2,Tarjeta,475.04
V1003546,2025-09-13,Cusco,Tecnología,Celular,319.86,5,Yape,1599.3
V1003547,2025-05-27,Arequipa,Alimentos,Café,64.7,3,Efectivo,194.1
V1003548,2025-04-17,Lima,Belleza,Shampoo,167.09,1,Tarjeta,167.09
V1003549,2025-08-15,Trujillo,Alimentos,Arroz,395.2,1,Yape,395.2
V1003550,2025-12-22,Arequipa,Hogar,Microondas,290.92,1,Yape,290.92
V1003551,2025-08-11,Lima,Belleza,Crema,35.56,4,Tarjeta,142.24
V1003552,2025-08-29,Cusco,Moda,Casaca,198.03,4,Tarjeta,792.12
V1003553,2025-06-04,Cusco,Belleza,Shampoo,369.62,1,Yape,369.62
V1003554,2025-06-14,Piura,Alimentos,Café,399.93,4,Efectivo,1599.72
V1003555,2025-05-31,Lima,Alimentos,Café,139.34,5,Plin,696.7
V1003556,2025-11-17,Trujillo,Alimentos,Arroz,183.27,3,Plin,549.81
V1003557,2025-01-31,Piura,Belleza,Crema,463.98,2,Yape,927.96
V1003558,2025-06-28,Trujillo,Hogar,Licuadora,108.64,3,Tarjeta,325.92
V1003559,2025-11-20,Lima,Alimentos,Atún,237.07,2,Efectivo,474.14
V1003560,2025-06-03,Trujillo,Belleza,Maquillaje,385.27,5,Efectivo,1926.35
V1003561,2025-02-02,Lima,Belleza,Perfume,470.32,5,Yape,2351.6
V1003562,2025-10-17,Arequipa,Alimentos,Café,86.23,5,Efectivo,431.15
V1003563,2025-09-03,Cusco,Belleza,Perfume,39.88,3,Tarjeta,119.64
V1003564,2025-12-05,Cusco,Moda,Pantalón,372.49,2,Efectivo,744.98
V1003565,2025-09-14,Piura,Alimentos,Aceite,243.03,1,Yape,243.03
V1003566,2025-03-18,Cusco,Alimentos,Atún,292.79,3,Plin,878.37
V1003567,2025-09-18,Piura,Tecnología,Laptop,192.23,5,Plin,961.15
V1003568,2025-01-07,Lima,Hogar,Olla,16.9,3,Tarjeta,50.7
V1003569,2025-05-30,Trujillo,Hogar,Licuadora,182.78,2,Tarjeta,365.56
V1003570,2025-03-07,Arequipa,Tecnología,Celular,366.4,4,Yape,1465.6
V1003571,2025-11-23,Arequipa,Hogar,Aspiradora,169.06,2,,338.12
V1003572,2025-05-04,Trujillo,Alimentos,Café,203.54,1,Tarjeta,203.54
V1003573,2025-12-12,Piura,Alimentos,Aceite,176.07,4,Tarjeta,704.28
V1003574,2025-10-12,Lima,Belleza,Maquillaje,160.49,4,Efectivo,641.96
V1003575,2025-03-25,Lima,Alimentos,Arroz,391.76,4,Yape,1567.04
V1003576,2025-10-21,Lima,Tecnología,Audífonos,499.85,3,Plin,1499.55
V1003577,2025-04-25,Arequipa,Hogar,Microondas,377.91,1,Yape,377.91
V1003578,2025-04-15,Piura,Tecnología,Celular,157.28,3,Plin,471.84
V1003579,2025-06-10,Cusco,Moda,Casaca,445.59,5,Yape,2227.95
V1003580,2025-10-09,Cusco,Belleza,Crema,326.53,5,Yape,1632.65
V1003581,2025-09-06,Piura,Belleza,Shampoo,15.96,5,Yape,79.8
V1003582,2025-01-17,Lima,Alimentos,Arroz,168.19,5,Tarjeta,840.95
V1003583,2025-10-08,Arequipa,Moda,Pantalón,421.53,1,Plin,421.53
V1003584,2025-10-30,Trujillo,Hogar,Olla,111.43,4,Efectivo,445.72
V1003585,2025-05-19,Piura,Hogar,Licuadora,38.61,1,,38.61
V1003586,2025-12-28,Arequipa,Moda,Camisa,15.11,4,Tarjeta,60.44
V1003587,2025-10-20,Cusco,Moda,Pantalón,90.92,5,Tarjeta,454.6
V1003588,2025-01-16,Trujillo,Alimentos,Aceite,305.61,1,,305.61
V1003589,2025-09-01,Arequipa,Alimentos,Aceite,14.69,4,Yape,58.76
V1003590,2025-02-13,Cusco,Tecnología,Audífonos,286.33,3,Tarjeta,858.99
V1003591,2025-05-28,Cusco,Moda,Casaca,429.92,2,Plin,859.84
V1003592,2025-11-12,Lima,Moda,Casaca,227.62,1,Tarjeta,227.62
V1003593,2025-10-13,Piura,Tecnología,Celular,93.68,1,Tarjeta,93.68
V1003594,2025-12-31,Trujillo,Hogar,Licuadora,453.16,3,Tarjeta,1359.48
V1003595,2025-08-06,Trujillo,Belleza,Maquillaje,366.01,5,Efectivo,1830.05
V1003596,2025-04-08,Cusco,Alimentos,Atún,274.36,5,Efectivo,1371.8
V1003597,2025-10-12,Lima,Tecnología,Tablet,423.02,1,Efectivo,423.02
V1003598,2025-10-27,Lima,Hogar,Olla,80.15,3,Yape,240.45
V1003599,2025-02-14,Piura,Belleza,Maquillaje,230.48,4,Plin,921.92
V1003600,2025-09-04,Piura,Belleza,Maquillaje,475.62,3,Tarjeta,1426.86
V1003601,2025-02-19,Arequipa,Moda,Pantalón,72.8,4,Plin,291.2
V1003602,2025-12-15,Cusco,Alimentos,Arroz,164.65,5,Efectivo,823.25
V1003603,2025-01-04,Lima,Tecnología,Laptop,76.83,1,Efectivo,76.83
V1003604,2025-05-21,Lima,Moda,Casaca,383.84,1,,383.84
V1003605,2025-08-12,Cusco,Moda,Pantalón,239.62,4,Yape,958.48
V1003606,2025-02-14,Cusco,Moda,Pantalón,377.3,3,Efectivo,1131.9
V1003607,2025-10-12,Arequipa,Hogar,Aspiradora,159.81,4,Tarjeta,639.24
V1003608,2025-10-15,Arequipa,Belleza,Shampoo,138.55,2,Yape,277.1
V1003609,2025-08-30,Trujillo,Belleza,Crema,484.15,3,Tarjeta,1452.45
V1003610,2025-03-02,Trujillo,Alimentos,Arroz,115.21,1,Yape,115.21
V1003611,2025-03-19,Piura,Alimentos,Arroz,211.28,5,Tarjeta,1056.4
V1003612,2025-10-30,Arequipa,Tecnología,Audífonos,404.69,4,Yape,1618.76
V1003613,2025-08-02,Piura,Hogar,Microondas,83.2,5,Tarjeta,416.0
V1003614,2025-08-13,Trujillo,Tecnología,Audífonos,478.19,1,Plin,478.19
V1003615,2025-01-19,Piura,Moda,Pantalón,292.2,3,Efectivo,876.6
V1003616,2025-10-25,Lima,Tecnología,Audífonos,208.21,5,Plin,1041.05
V1003617,2025-07-27,Cusco,Alimentos,Café,148.02,2,Plin,296.04
V1003618,2025-12-20,Trujillo,Tecnología,Laptop,174.09,1,,174.09
V1003619,2025-02-08,Cusco,Belleza,Shampoo,368.03,3,Tarjeta,1104.09
V1003620,2025-01-19,Trujillo,Tecnología,Celular,299.21,3,Plin,897.63
V1003621,2025-05-21,Cusco,Alimentos,Atún,384.82,4,Tarjeta,1539.28
V1003622,2025-02-08,Piura,Moda,Casaca,381.19,2,Yape,762.38
V1003623,2025-07-28,Piura,Moda,Pantalón,77.09,5,Yape,385.45
V1003624,2025-06-30,Lima,Alimentos,Arroz,297.79,5,Yape,1488.95
V1003625,2025-12-27,Arequipa,Belleza,Shampoo,425.8,1,Yape,425.8
V1003626,2025-02-05,Cusco,,Aceite,141.34,3,Plin,424.02
V1003627,2025-05-19,Piura,Alimentos,Café,497.37,5,Yape,2486.85
V1003628,2025-10-14,Trujillo,Moda,Casaca,38.73,4,Efectivo,154.92
V1003629,2025-07-08,Piura,Moda,Pantalón,277.93,4,Tarjeta,1111.72
V1003630,2025-02-18,Lima,Belleza,Maquillaje,289.27,3,Efectivo,867.81
V1003631,2025-10-12,Piura,Belleza,Shampoo,252.31,3,Yape,756.93
V1003632,2025-12-08,Arequipa,Hogar,Licuadora,349.76,3,Yape,1049.28
V1003633,2025-09-06,Trujillo,Tecnología,Audífonos,420.32,2,Yape,840.64
V1003634,2025-10-21,Arequipa,Moda,Zapatillas,279.9,3,Plin,839.7
V1003635,2025-10-23,Arequipa,Hogar,Aspiradora,42.34,3,Efectivo,127.02
V1003636,2025-12-22,Trujillo,Hogar,Olla,24.56,3,Efectivo,73.68
V1003637,2025-04-05,Piura,,Laptop,368.56,3,Yape,1105.68
V1003638,2025-03-03,Cusco,Belleza,Maquillaje,22.77,5,Yape,113.85
V1003639,2025-06-16,Cusco,Moda,Pantalón,267.13,2,Efectivo,534.26
V1003640,2025-01-11,Lima,Tecnología,Tablet,170.71,2,Tarjeta,341.42
V1003641,2025-01-19,Piura,Moda,Camisa,495.72,4,Yape,1982.88
V1003642,2025-05-14,Cusco,Tecnología,Laptop,383.75,3,Plin,1151.25
V1003643,2025-06-22,Piura,Belleza,Shampoo,363.61,3,Yape,1090.83
V1003644,2025-08-15,Cusco,Belleza,Shampoo,364.93,5,Yape,1824.65
V1003645,2025-05-31,Cusco,Tecnología,Audífonos,10.0,5,Efectivo,50.0
V1003646,2025-05-07,Piura,Tecnología,Tablet,172.12,3,Efectivo,516.36
V1003647,2025-11-17,Arequipa,Tecnología,Celular,342.51,4,Tarjeta,1370.04
V1003648,2025-06-12,Cusco,Tecnología,Audífonos,139.94,5,Tarjeta,699.7
V1003649,2025-04-07,Cusco,Moda,Pantalón,37.51,5,Plin,187.55
V1003650,2025-03-05,Lima,Belleza,Perfume,109.01,5,Efectivo,545.05
V1003651,2025-06-30,Piura,Hogar,Licuadora,227.56,5,Efectivo,1137.8
V1003652,2025-05-10,Lima,Moda,Pantalón,25.01,3,,75.03
V1003653,2025-11-14,Lima,Tecnología,Audífonos,456.86,3,Efectivo,1370.58
V1003654,2025-02-21,Lima,,Microondas,173.33,3,Efectivo,519.99
V1003655,2025-05-17,Arequipa,Belleza,Crema,379.93,4,Plin,1519.72
V1003656,2025-08-08,Piura,Tecnología,Laptop,450.93,3,Efectivo,1352.79
V1003657,2025-08-22,Cusco,Belleza,Shampoo,69.46,4,Tarjeta,277.84
V1003658,2025-06-29,Trujillo,Hogar,Licuadora,430.14,4,Efectivo,1720.56
V1003659,2025-06-28,Lima,Belleza,Crema,299.36,5,Plin,1496.8
V1003660,2025-08-13,Arequipa,Belleza,Crema,141.05,5,Tarjeta,705.25
V1003661,2025-06-30,Lima,Tecnología,Audífonos,106.87,1,Yape,106.87
V1003662,2025-10-31,Trujillo,Belleza,Perfume,162.97,5,Yape,814.85
V1003663,2025-03-13,Piura,,Zapatillas,53.75,2,Yape,107.5
V1003664,2025-11-09,Lima,Belleza,Perfume,374.25,2,Efectivo,748.5
V1003665,2025-05-08,Lima,Moda,Casaca,494.66,4,Efectivo,1978.64
V1003666,2025-08-07,Lima,Alimentos,Café,484.22,2,Plin,968.44
V1003667,2025-09-06,Arequipa,Hogar,Microondas,103.52,4,Plin,414.08
V1003668,2025-07-19,Cusco,,Microondas,36.94,2,Yape,73.88
V1003669,2025-05-12,Cusco,Hogar,Olla,191.48,3,Tarjeta,574.44
V1003670,2025-01-21,Piura,Hogar,Licuadora,449.53,3,Efectivo,1348.59
V1003671,2025-04-10,Cusco,,Celular,71.73,4,,286.92
V1003672,2025-08-28,Lima,Hogar,Olla,257.32,4,Yape,1029.28
V1003673,2025-05-22,Piura,Alimentos,Aceite,355.73,2,Tarjeta,711.46
V1003674,2025-05-25,Lima,Hogar,Olla,163.33,3,Tarjeta,489.99
V1003675,2025-10-04,Trujillo,Tecnología,Celular,454.01,1,Tarjeta,454.01
V1003676,2025-10-23,Cusco,Hogar,Olla,42.52,5,Yape,212.6
V1003677,2025-07-28,Arequipa,Tecnología,Laptop,390.19,4,Tarjeta,1560.76
V1003678,2025-03-25,Trujillo,Belleza,Perfume,487.99,3,Yape,1463.97
V1003679,2025-10-25,Trujillo,Tecnología,Laptop,398.94,5,Yape,1994.7
V1003680,2025-08-16,Arequipa,Moda,Zapatillas,220.17,4,Tarjeta,880.68
V1003681,2025-07-09,Arequipa,Alimentos,Aceite,367.88,2,Yape,735.76
V1003682,2025-03-29,Cusco,Alimentos,Arroz,97.63,2,Yape,195.26
V1003683,2025-03-11,Trujillo,Tecnología,Audífonos,445.28,1,Yape,445.28
V1003684,2025-01-16,Arequipa,Hogar,Microondas,338.1,3,Plin,1014.3
V1003685,2025-10-01,Arequipa,Belleza,Maquillaje,361.14,2,Tarjeta,722.28
V1003686,2025-12-08,Arequipa,Tecnología,Celular,159.99,1,Efectivo,159.99
V1003687,2025-05-09,Trujillo,Tecnología,Audífonos,326.09,3,Plin,978.27
V1003688,2025-05-05,Arequipa,Alimentos,Atún,252.2,1,Tarjeta,252.2
V1003689,2025-06-12,Lima,,Licuadora,114.65,2,Efectivo,229.3
V1003690,2025-06-16,Arequipa,Belleza,Crema,286.21,3,Efectivo,858.63
V1003691,2025-08-31,Arequipa,Belleza,Perfume,183.7,5,Yape,918.5
V1003692,2025-08-31,Arequipa,Moda,Casaca,291.52,1,Efectivo,291.52
V1003693,2025-09-20,Cusco,Belleza,Crema,380.14,2,Yape,760.28
V1003694,2025-10-24,Piura,Moda,Camisa,12.09,5,Plin,60.45
V1003695,2025-11-02,Cusco,,Arroz,382.88,2,Yape,765.76
V1003696,2025-02-20,Arequipa,Alimentos,Atún,342.79,1,Plin,342.79
V1003697,2025-10-11,Trujillo,Tecnología,Tablet,492.85,4,Yape,1971.4
V1003698,2025-04-17,Arequipa,Alimentos,Aceite,236.39,5,Tarjeta,1181.95
V1003699,2025-10-05,Arequipa,Alimentos,Café,75.89,2,Efectivo,151.78
V1003700,2025-03-20,Piura,Hogar,Licuadora,429.61,5,Plin,2148.05
V1003701,2025-10-28,Cusco,Belleza,Maquillaje,272.82,4,Tarjeta,1091.28
V1003702,2025-12-26,Trujillo,Moda,Zapatillas,333.49,3,Tarjeta,1000.47
V1003703,2025-04-02,Trujillo,Moda,Zapatillas,412.99,2,Yape,825.98
V1003704,2025-05-04,Trujillo,Belleza,Shampoo,333.41,2,Yape,666.82
V1003705,2025-09-20,Lima,Belleza,Maquillaje,17.4,5,Efectivo,87.0
V1003706,2025-06-14,Piura,Belleza,Perfume,137.1,4,Plin,548.4
V1003707,2025-11-30,Lima,Moda,Pantalón,390.39,5,Tarjeta,1951.95
V1003708,2025-02-04,Arequipa,Moda,Casaca,433.63,4,Tarjeta,1734.52
V1003709,2025-11-23,Cusco,Belleza,Shampoo,95.51,1,Efectivo,95.51
V1003710,2025-01-23,Piura,,Aceite,151.2,2,Yape,302.4
V1003711,2025-05-19,Arequipa,Belleza,Perfume,61.1,5,Plin,305.5
V1003712,2025-07-25,Trujillo,Tecnología,Tablet,179.45,4,Yape,717.8
V1003713,2025-09-17,Trujillo,Belleza,Shampoo,73.5,4,Efectivo,294.0
V1003714,2025-07-22,Cusco,Hogar,Olla,173.58,5,Yape,867.9
V1003715,2025-01-04,Piura,Alimentos,Aceite,187.99,9999,Tarjeta,187.99
V1003716,2025-10-12,Piura,Hogar,Licuadora,98.31,4,Yape,393.24
V1003717,2025-06-22,Piura,Belleza,Crema,476.37,5,Yape,2381.85
V1003718,2025-11-11,Arequipa,Belleza,Crema,246.99,4,Tarjeta,987.96
V1003719,2025-09-16,Arequipa,Belleza,Perfume,458.89,4,Efectivo,1835.56
V1003720,2025-03-13,Trujillo,Belleza,Maquillaje,331.46,1,Efectivo,331.46
V1003721,2025-10-19,Cusco,Alimentos,Atún,91.7,2,Plin,183.4
V1003722,2025-12-02,Lima,Moda,Zapatillas,325.79,2,Plin,651.58
V1003723,2025-08-25,Trujillo,Tecnología,Audífonos,331.02,3,Efectivo,993.06
V1003724,2025-05-06,Arequipa,Hogar,Aspiradora,321.39,5,Efectivo,1606.95
V1003725,2025-06-23,Trujillo,Hogar,Olla,377.93,5,Yape,1889.65
V1003726,2025-11-01,Arequipa,Moda,Camisa,118.97,5,Tarjeta,594.85
V1003727,2025-04-18,Trujillo,Alimentos,Café,307.95,4,Plin,1231.8
V1003728,2025-10-03,Arequipa,Alimentos,Aceite,221.85,1,Plin,221.85
V1003729,2025-03-16,Trujillo,Alimentos,Aceite,183.52,4,Yape,734.08
V1003730,2025-01-28,Cusco,Alimentos,Atún,198.02,3,Yape,594.06
V1003731,2025-12-04,Arequipa,Hogar,Aspiradora,375.49,5,Efectivo,1877.45
V1003732,2025-12-05,Arequipa,Alimentos,Arroz,490.06,2,Yape,980.12
V1003733,2025-03-09,Arequipa,Belleza,Perfume,491.81,2,Yape,983.62
V1003734,2025-05-08,Piura,Moda,Pantalón,316.92,3,Tarjeta,950.76
V1003735,2025-06-04,Piura,Moda,Casaca,141.48,5,Efectivo,707.4
V1003736,2025-03-22,Trujillo,Hogar,Licuadora,344.53,4,Efectivo,1378.12
V1003737,2025-04-26,Arequipa,Tecnología,Audífonos,446.18,3,Plin,1338.54
V1003738,2025-11-14,Arequipa,Belleza,Perfume,268.13,3,Efectivo,804.39
V1003739,2025-08-28,Cusco,Alimentos,Atún,35.53,5,Efectivo,177.65
V1003740,2025-08-02,Cusco,Tecnología,Laptop,117.81,3,Yape,353.43
V1003741,2025-02-26,Trujillo,Moda,Casaca,197.92,1,Tarjeta,197.92
V1003742,2025-08-13,Trujillo,Hogar,Microondas,352.55,4,Efectivo,1410.2
V1003743,2025-06-25,Piura,Belleza,Perfume,347.43,5,Plin,1737.15
V1003744,2025-06-20,Arequipa,,Camisa,452.63,2,Plin,905.26
V1003745,2025-07-19,Cusco,Belleza,Crema,19.7,5,Efectivo,98.5
V1003746,2025-05-27,Piura,Tecnología,Audífonos,492.84,2,Yape,985.68
V1003747,2025-10-20,Arequipa,Belleza,Perfume,77.56,5,Efectivo,387.8
V1003748,2025-10-18,Trujillo,Hogar,Licuadora,43.52,4,Efectivo,174.08
V1003749,2025-03-10,Trujillo,Moda,Zapatillas,36.59,4,Yape,146.36
V1003750,2025-10-12,Arequipa,Moda,Zapatillas,271.46,5,Tarjeta,1357.3
V1003751,2025-01-18,Piura,Tecnología,Audífonos,29.54,5,Efectivo,147.7
V1003752,2025-08-24,Trujillo,Tecnología,Laptop,212.4,1,Plin,212.4
V1003753,2025-12-20,Trujillo,Alimentos,Atún,379.63,1,Efectivo,379.63
V1003754,2025-09-15,Trujillo,Alimentos,Aceite,25.9,4,Plin,103.6
V1003755,2025-10-29,Cusco,Belleza,Maquillaje,344.88,2,Yape,689.76
V1003756,2025-11-30,Arequipa,Tecnología,Tablet,430.23,4,Tarjeta,1720.92
V1003757,2025-01-23,Piura,Belleza,Shampoo,362.3,1,Plin,362.3
V1003758,2025-09-10,Arequipa,Hogar,Licuadora,445.71,5,Yape,2228.55
V1003759,2025-05-11,Lima,Tecnología,Tablet,281.26,5,Yape,1406.3
V1003760,2025-12-11,Trujillo,Alimentos,Arroz,25.8,2,,51.6
V1003761,2025-06-14,Cusco,Alimentos,Atún,486.83,3,Tarjeta,1460.49
V1003762,2025-10-14,Piura,Belleza,Shampoo,32.1,4,Yape,128.4
V1003763,2025-01-06,Cusco,Alimentos,Atún,98.72,4,Tarjeta,394.88
V1003764,2025-10-30,Trujillo,Tecnología,Tablet,126.23,3,Efectivo,378.69
V1003765,2025-06-07,Arequipa,Belleza,Perfume,416.28,3,Tarjeta,1248.84
V1003766,2025-05-25,Cusco,Belleza,Perfume,171.35,1,Efectivo,171.35
V1003767,2025-09-21,Lima,Belleza,Perfume,147.6,1,Efectivo,147.6
V1003768,2025-11-07,Trujillo,Alimentos,Aceite,468.19,1,Efectivo,468.19
V1003769,2025-01-14,Piura,Belleza,Shampoo,117.79,3,Efectivo,353.37
V1003770,2025-12-13,Piura,Hogar,Microondas,414.51,2,Yape,829.02
V1003771,2025-02-01,Arequipa,Hogar,Microondas,203.84,5,Efectivo,1019.2
V1003772,2025-11-29,Arequipa,Tecnología,Laptop,277.54,5,Yape,1387.7
V1003773,2025-07-19,Lima,Belleza,Shampoo,341.62,4,Efectivo,1366.48
V1003774,2025-12-25,Piura,Tecnología,Laptop,322.97,1,Plin,322.97
V1003775,2025-08-10,Cusco,Tecnología,Laptop,180.8,5,Yape,904.0
V1003776,2025-11-08,Trujillo,Hogar,Licuadora,341.94,5,Yape,1709.7
V1003777,2025-11-20,Piura,Belleza,Shampoo,205.2,1,Efectivo,205.2
V1003778,2025-07-20,Trujillo,Alimentos,Arroz,168.2,2,Yape,336.4
V1003779,2025-09-22,Arequipa,Belleza,Maquillaje,176.44,4,Yape,705.76
V1003780,2025-06-09,Lima,Tecnología,Tablet,389.13,5,Yape,1945.65
V1003781,2025-03-08,Trujillo,Alimentos,Atún,172.15,3,,516.45
V1003782,2025-06-27,Arequipa,,Arroz,294.71,1,Tarjeta,294.71
V1003783,2025-11-17,Trujillo,Alimentos,Aceite,228.03,5,Plin,1140.15
V1003784,2025-07-28,Cusco,Hogar,Olla,448.62,1,Plin,448.62
V1003785,2025-05-15,Arequipa,Tecnología,Tablet,497.99,4,Efectivo,1991.96
V1003786,2025-05-07,Lima,Alimentos,Aceite,206.57,5,Efectivo,1032.85
V1003787,2025-01-13,Piura,Hogar,Olla,235.8,3,Efectivo,707.4
V1003788,2025-03-13,Cusco,Tecnología,Audífonos,258.69,4,Plin,1034.76
V1003789,2025-01-29,Cusco,Belleza,Crema,190.31,5,Plin,951.55
V1003790,2025-04-17,Piura,Hogar,Aspiradora,100.53,1,Plin,100.53
V1003791,2025-03-23,Cusco,Alimentos,Arroz,77.16,4,Efectivo,308.64
V1003792,2025-08-21,Lima,Hogar,Microondas,145.52,4,Efectivo,582.08
V1003793,2025-12-10,Lima,Moda,Camisa,475.1,3,Plin,1425.3
V1003794,2025-02-26,Lima,,Licuadora,93.61,5,Tarjeta,468.05
V1003795,2025-11-09,Arequipa,Alimentos,Café,199.74,4,Plin,798.96
V1003796,2025-11-11,Cusco,Alimentos,Café,140.38,1,Efectivo,140.38
V1003797,2025-11-17,Cusco,Hogar,Microondas,181.86,4,Yape,727.44
V1003798,2025-05-17,Piura,Tecnología,Laptop,133.12,2,Plin,266.24
V1003799,2025-08-06,Cusco,Hogar,Licuadora,309.35,4,Efectivo,1237.4
V1003800,2025-07-12,Lima,Tecnología,Laptop,205.63,2,Tarjeta,411.26
V1003801,2025-02-06,Lima,Tecnología,Celular,192.08,4,,768.32
V1003802,2025-08-17,Lima,Tecnología,Tablet,367.01,1,Plin,367.01
V1003803,2025-05-03,Cusco,Hogar,Licuadora,324.28,5,Efectivo,1621.4
V1003804,2025-08-12,Trujillo,Alimentos,Atún,103.75,5,Plin,518.75
V1003805,2025-04-19,Trujillo,Belleza,Maquillaje,331.44,2,Tarjeta,662.88
V1003806,2025-01-08,Trujillo,Hogar,Aspiradora,112.22,5,Efectivo,561.1
V1003807,2025-09-16,Trujillo,Hogar,Licuadora,223.12,2,Plin,446.24
V1003808,2025-03-06,Arequipa,Hogar,Microondas,183.17,2,Tarjeta,366.34
V1003809,2025-10-23,Lima,Hogar,Olla,135.15,2,Yape,270.3
V1003810,2025-06-30,Cusco,Tecnología,Laptop,117.92,5,Efectivo,589.6
V1003811,2025-08-02,Trujillo,Moda,Zapatillas,187.16,5,,935.8
V1003812,2025-10-04,Piura,Alimentos,Atún,383.02,5,Plin,1915.1
V1003813,2025-10-14,Trujillo,Moda,Casaca,29.1,2,Tarjeta,58.2
V1003814,2025-09-08,Lima,Moda,Pantalón,88.52,5,Yape,442.6
V1003815,2025-06-29,Trujillo,Hogar,Olla,285.15,3,Yape,855.45
V1003816,2025-05-16,Arequipa,Moda,Camisa,36.13,2,Efectivo,72.26
V1003817,2025-06-03,Cusco,Alimentos,Aceite,75.02,5,Plin,375.1
V1003818,2025-12-24,Piura,Belleza,Maquillaje,350.17,3,Yape,1050.51
V1003819,2025-04-21,Arequipa,Alimentos,Atún,311.81,2,Plin,623.62
V1003820,2025-02-20,Arequipa,Belleza,Perfume,190.45,3,Yape,571.35
V1003821,2025-02-25,Piura,Hogar,Aspiradora,110.08,4,Tarjeta,440.32
V1003822,2025-12-06,Trujillo,Hogar,Olla,104.59,2,Plin,209.18
V1003823,2025-03-23,Lima,Hogar,Olla,430.64,5,Yape,2153.2
V1003824,2025-02-24,Cusco,Tecnología,Audífonos,418.28,4,Efectivo,1673.12
V1003825,2025-03-17,Arequipa,Belleza,Maquillaje,449.41,5,Plin,2247.05
V1003826,2025-03-04,Lima,Moda,Camisa,419.2,1,Efectivo,419.2
V1003827,2025-07-13,Cusco,Belleza,Perfume,392.02,4,Tarjeta,1568.08
V1003828,2025-10-14,Lima,Belleza,Shampoo,491.3,4,Plin,1965.2
V1003829,2025-11-19,Cusco,Moda,Camisa,289.03,1,Tarjeta,289.03
V1003830,2025-11-10,Trujillo,Hogar,Aspiradora,400.53,1,Plin,400.53
V1003831,2025-11-08,Cusco,Tecnología,Audífonos,101.19,3,Plin,303.57
V1003832,2025-03-31,Piura,Belleza,Perfume,367.28,1,Yape,367.28
V1003833,2025-01-27,Trujillo,Moda,Camisa,186.47,5,Yape,932.35
V1003834,2025-12-20,Lima,Hogar,Licuadora,121.34,2,Efectivo,242.68
V1003835,2025-01-24,Piura,Belleza,Crema,246.9,3,Efectivo,740.7
V1003836,2025-06-29,Arequipa,Tecnología,Tablet,296.17,1,Yape,296.17
V1003837,2025-09-07,Piura,Moda,Casaca,190.02,3,Yape,570.06
V1003838,2025-11-13,Trujillo,Hogar,Aspiradora,47.04,2,Tarjeta,94.08
V1003839,2025-06-15,Lima,Alimentos,Aceite,243.46,4,Efectivo,973.84
V1003840,2025-05-27,Arequipa,Hogar,Olla,335.47,1,Tarjeta,335.47
V1003841,2025-03-21,Trujillo,,Aspiradora,67.28,1,Tarjeta,67.28
V1003842,2025-04-22,Arequipa,Tecnología,Celular,233.56,3,Yape,700.68
V1003843,2025-02-05,Piura,Moda,Zapatillas,42.26,5,Tarjeta,211.3
V1003844,2025-01-12,Cusco,Tecnología,Laptop,333.77,2,Efectivo,667.54
V1003845,2025-12-08,Arequipa,Moda,Zapatillas,313.38,5,Plin,1566.9
V1003846,2025-03-19,Trujillo,Hogar,Microondas,281.05,4,Yape,1124.2
V1003847,2025-01-18,Trujillo,Alimentos,Atún,494.88,4,Tarjeta,1979.52
V1003848,2025-05-05,Arequipa,Alimentos,Arroz,238.32,5,Plin,1191.6
V1003849,2025-11-05,Trujillo,Moda,Pantalón,71.98,4,Yape,287.92
V1003850,2025-01-17,Lima,Moda,Casaca,125.98,5,Plin,629.9
V1003851,2025-10-20,Lima,Moda,Casaca,301.18,1,Yape,301.18
V1003852,2025-07-08,Piura,Tecnología,Audífonos,50.19,4,Tarjeta,200.76
V1003853,2025-04-08,Arequipa,Alimentos,Arroz,425.45,3,Tarjeta,1276.35
V1003854,2025-07-15,Lima,Belleza,Crema,35.71,5,Plin,178.55
V1003855,2025-09-30,Trujillo,Tecnología,Tablet,265.56,3,Efectivo,796.68
V1003856,2025-03-26,Arequipa,Belleza,Crema,487.81,5,Yape,2439.05
V1003857,2025-07-21,Arequipa,Moda,Zapatillas,192.06,2,Tarjeta,384.12
V1003858,2025-09-20,Arequipa,Hogar,Licuadora,415.4,1,Plin,415.4
V1003859,2025-01-02,Arequipa,Hogar,Licuadora,345.98,2,Yape,691.96
V1003860,2025-02-01,Cusco,Tecnología,Laptop,101.57,1,Plin,101.57
V1003861,2025-01-08,Cusco,Alimentos,Atún,389.91,1,Efectivo,389.91
V1003862,2025-10-08,Arequipa,Alimentos,Atún,319.85,5,Yape,1599.25
V1003863,2025-02-20,Cusco,Belleza,Shampoo,177.85,4,Tarjeta,711.4
V1003864,2025-03-03,Lima,Tecnología,Audífonos,126.71,5,Plin,633.55
V1003865,2025-03-01,Lima,Hogar,Microondas,268.79,5,Plin,1343.95
V1003866,2025-06-01,Piura,Belleza,Crema,224.26,5,Efectivo,1121.3
V1003867,2025-10-06,Cusco,Moda,Zapatillas,465.86,5,Efectivo,2329.3
V1003868,2025-03-04,Trujillo,Tecnología,Laptop,260.1,4,Efectivo,1040.4
V1003869,2025-11-30,Cusco,Alimentos,Aceite,169.15,4,Tarjeta,676.6
V1003870,2025-05-17,Trujillo,Moda,Zapatillas,485.98,5,Efectivo,2429.9
V1003871,2025-01-08,Cusco,Moda,Zapatillas,200.03,3,Yape,600.09
V1003872,2025-10-28,Lima,Hogar,Aspiradora,430.93,5,Yape,2154.65
V1003873,2025-08-26,Cusco,Hogar,Aspiradora,159.94,2,Efectivo,319.88
V1003874,2025-02-24,Cusco,,Perfume,109.55,1,Tarjeta,109.55
V1003875,2025-01-05,Arequipa,Moda,Zapatillas,477.83,2,Efectivo,955.66
V1003876,2025-11-27,Arequipa,Alimentos,Café,112.44,5,Tarjeta,562.2
V1003877,2025-02-20,Arequipa,Belleza,Maquillaje,186.93,5,Yape,934.65
V1003878,2025-04-17,Arequipa,Alimentos,Atún,231.17,5,Tarjeta,1155.85
V1003879,2025-01-17,Arequipa,Moda,Casaca,189.53,2,Tarjeta,379.06
V1003880,2025-09-13,Lima,Moda,Zapatillas,384.97,2,Yape,769.94
V1003881,2025-08-31,Lima,Tecnología,Celular,376.36,3,Efectivo,1129.08
V1003882,2025-01-13,Cusco,Moda,Casaca,402.37,1,Plin,402.37
V1003883,2025-10-22,Trujillo,Tecnología,Tablet,318.03,5,Tarjeta,1590.15
V1003884,2025-04-28,Lima,Alimentos,Atún,80.98,1,Plin,80.98
V1003885,2025-11-02,Piura,Hogar,Olla,436.42,3,Plin,1309.26
V1003886,2025-10-02,Lima,Moda,Zapatillas,52.13,1,Tarjeta,52.13
V1003887,2025-07-15,Trujillo,Hogar,Olla,316.79,1,,316.79
V1003888,2025-03-28,Arequipa,Moda,Zapatillas,208.43,4,Plin,833.72
V1003889,2025-03-21,Piura,Tecnología,Celular,458.23,5,Yape,2291.15
V1003890,2025-07-14,Arequipa,Tecnología,Audífonos,400.74,3,Plin,1202.22
V1003891,2025-12-03,Arequipa,Hogar,Olla,55.06,4,Efectivo,220.24
V1003892,2025-06-12,Trujillo,Moda,Casaca,223.56,4,Tarjeta,894.24
V1003893,2025-12-31,Trujillo,Alimentos,Café,246.22,4,Efectivo,984.88
V1003894,2025-09-22,Piura,Moda,Pantalón,72.73,1,Tarjeta,72.73
V1003895,2025-07-04,Piura,Alimentos,Café,492.86,5,Efectivo,2464.3
V1003896,2025-11-15,Trujillo,Hogar,Aspiradora,485.75,3,Efectivo,1457.25
V1003897,2025-05-13,Trujillo,Belleza,Maquillaje,187.56,4,Efectivo,750.24
V1003898,2025-07-19,Piura,Moda,Zapatillas,216.54,4,Plin,866.16
V1003899,2025-10-28,Piura,Hogar,Olla,141.62,1,Efectivo,141.62
V1003900,2025-01-26,Trujillo,Tecnología,Celular,176.39,1,Efectivo,176.39
V1003901,2025-02-28,Piura,Alimentos,Café,345.09,5,Plin,1725.45
V1003902,2025-02-20,Cusco,Tecnología,Audífonos,38.35,1,Efectivo,38.35
V1003903,2025-08-07,Cusco,Tecnología,Celular,227.23,4,Efectivo,908.92
V1003904,2025-02-14,Piura,Hogar,Licuadora,335.01,1,Yape,335.01
V1003905,2025-08-23,Cusco,Tecnología,Tablet,380.98,1,Efectivo,380.98
V1003906,2025-10-02,Cusco,Hogar,Licuadora,109.05,1,Yape,109.05
V1003907,2025-05-14,Arequipa,Moda,Camisa,128.44,5,Yape,642.2
V1003908,2025-03-22,Arequipa,Hogar,Licuadora,270.1,4,Tarjeta,1080.4
V1003909,2025-06-18,Cusco,Hogar,Licuadora,336.17,2,Tarjeta,672.34
V1003910,2025-10-02,Lima,,Celular,358.9,3,Plin,1076.7
V1003911,2025-11-08,Lima,Alimentos,Arroz,499.75,1,Yape,499.75
V1003912,2025-12-27,Lima,,Aspiradora,159.37,5,Yape,796.85
V1003913,2025-03-17,Arequipa,Alimentos,Atún,218.47,4,Yape,873.88
V1003914,2025-01-31,Cusco,Belleza,Shampoo,486.85,5,Plin,2434.25
V1003915,2025-01-16,Arequipa,Moda,Zapatillas,388.79,2,Efectivo,777.58
V1003916,2025-08-20,Piura,Belleza,Shampoo,62.68,3,Efectivo,188.04
V1003917,2025-11-18,Cusco,Moda,Casaca,401.65,4,Efectivo,1606.6
V1003918,2025-10-12,Piura,Alimentos,Atún,150.12,1,Tarjeta,150.12
V1003919,2025-07-18,Arequipa,Belleza,Crema,17.7,5,Yape,88.5
V1003920,2025-02-16,Trujillo,Hogar,Olla,374.93,4,Plin,1499.72
V1003921,2025-12-14,Cusco,Alimentos,Atún,67.67,3,Tarjeta,203.01
V1003922,2025-01-13,Arequipa,Tecnología,Celular,36.19,2,Plin,72.38
V1003923,2025-08-21,Trujillo,Hogar,Microondas,443.38,1,Yape,443.38
V1003924,2025-10-08,Arequipa,Alimentos,Atún,467.15,5,Plin,2335.75
V1003925,2025-08-04,Trujillo,,Camisa,221.54,3,Yape,664.62
V1003926,2025-06-19,Trujillo,Moda,Camisa,477.08,4,Plin,1908.32
V1003927,2025-05-23,Trujillo,Belleza,Shampoo,284.11,3,Tarjeta,852.33
V1003928,2025-01-29,Cusco,Alimentos,Atún,103.86,5,Efectivo,519.3
V1003929,2025-11-09,Trujillo,Tecnología,Laptop,492.08,5,Plin,2460.4
V1003930,2025-04-28,Arequipa,Tecnología,Tablet,424.12,2,Efectivo,848.24
V1003931,2025-12-31,Lima,Hogar,Olla,37.39,5,Yape,186.95
V1003932,2025-07-08,Trujillo,Moda,Zapatillas,490.1,5,Yape,2450.5
V1003933,2025-07-09,Arequipa,Hogar,Olla,310.64,3,Tarjeta,931.92
V1003934,2025-02-02,Piura,Belleza,Maquillaje,281.79,5,Efectivo,1408.95
V1003935,2025-10-28,Arequipa,Tecnología,Audífonos,381.89,5,Tarjeta,1909.45
V1003936,2025-10-01,Cusco,Hogar,Licuadora,295.96,2,Efectivo,591.92
V1003937,2025-05-10,Trujillo,Moda,Camisa,456.89,4,Tarjeta,1827.56
V1003938,2025-02-01,Arequipa,Hogar,Licuadora,104.93,5,Tarjeta,524.65
V1003939,2025-06-22,Piura,Belleza,Perfume,269.75,4,Plin,1079.0
V1003940,2025-02-03,Arequipa,Belleza,Crema,400.58,3,Efectivo,1201.74
V1003941,2025-05-27,Cusco,Moda,Pantalón,451.62,3,Tarjeta,1354.86
V1003942,2025-09-28,Cusco,Tecnología,Tablet,303.04,3,Yape,909.12
V1003943,2025-04-26,Arequipa,Belleza,Perfume,219.1,2,Plin,438.2
V1003944,2025-07-11,Arequipa,Moda,Zapatillas,295.48,4,Yape,1181.92
V1003945,2025-05-16,Piura,,Perfume,314.69,4,Plin,1258.76
V1003946,2025-01-22,Cusco,Alimentos,Arroz,495.26,5,Yape,2476.3
V1003947,2025-11-26,Cusco,Tecnología,Celular,17.01,3,Plin,51.03
V1003948,2025-10-30,Trujillo,Belleza,Shampoo,84.42,2,Efectivo,168.84
V1003949,2025-04-06,Piura,Hogar,Aspiradora,153.19,5,Yape,765.95
V1003950,2025-03-30,Trujillo,,Maquillaje,118.53,4,Plin,474.12
V1003951,2025-02-10,Piura,Tecnología,Laptop,432.2,4,Tarjeta,1728.8
V1003952,2025-01-31,Arequipa,Belleza,Crema,300.98,3,Yape,902.94
V1003953,2025-05-03,Piura,Hogar,Microondas,183.49,2,Tarjeta,366.98
V1003954,2025-01-07,Piura,Alimentos,Aceite,224.63,4,Plin,898.52
V1003955,2025-04-30,Cusco,Belleza,Perfume,241.66,5,Tarjeta,1208.3
V1003956,2025-06-26,Arequipa,Hogar,Licuadora,383.16,3,Plin,1149.48
V1003957,2025-08-07,Lima,Alimentos,Arroz,58.56,4,Tarjeta,234.24
V1003958,2025-04-02,Piura,Alimentos,Atún,306.89,2,Plin,613.78
V1003959,2025-02-06,Cusco,,Tablet,158.57,3,Plin,475.71
V1003960,2025-12-16,Lima,Belleza,Maquillaje,29.66,3,Tarjeta,88.98
V1003961,2025-12-14,Lima,Hogar,Olla,383.3,2,Tarjeta,766.6
V1003962,2025-11-12,Cusco,,Atún,184.82,1,Yape,184.82
V1003963,2025-11-27,Lima,Tecnología,Tablet,256.49,2,Efectivo,512.98
V1003964,2025-01-19,Piura,,Arroz,265.08,4,Tarjeta,1060.32
V1003965,2025-06-14,Cusco,Tecnología,Audífonos,369.69,2,Tarjeta,739.38
V1003966,2025-12-20,Lima,Moda,Camisa,381.49,3,Plin,1144.47
V1003967,2025-05-17,Arequipa,,Tablet,148.06,1,Yape,148.06
V1003968,2025-12-11,Lima,Hogar,Microondas,473.92,3,Efectivo,1421.76
V1003969,2025-03-05,Trujillo,Hogar,Aspiradora,142.64,5,Plin,713.2
V1003970,2025-03-14,Piura,Hogar,Licuadora,414.98,5,Plin,2074.9
V1003971,2025-11-18,Lima,Moda,Zapatillas,74.73,3,Yape,224.19
V1003972,2025-07-25,Arequipa,Hogar,Microondas,173.38,3,Yape,520.14
V1003973,2025-03-06,Trujillo,Moda,Casaca,13.34,2,Efectivo,26.68
V1003974,2025-05-31,Trujillo,Belleza,Crema,161.09,2,Plin,322.18
V1003975,2025-10-10,Trujillo,Alimentos,Café,186.96,1,Yape,186.96
V1003976,2025-10-22,Trujillo,Hogar,Licuadora,460.81,5,Yape,2304.05
V1003977,2025-10-05,Trujillo,Moda,Casaca,42.5,4,Plin,170.0
V1003978,2025-01-16,Trujillo,Alimentos,Atún,315.3,5,,1576.5
V1003979,2025-01-17,Arequipa,Hogar,Olla,460.16,1,Plin,460.16
V1003980,2025-01-03,Lima,Hogar,Olla,129.94,4,Plin,519.76
V1003981,2025-03-16,Piura,Moda,Pantalón,208.94,2,Tarjeta,417.88
V1003982,2025-08-22,Trujillo,Alimentos,Café,280.38,3,Tarjeta,841.14
V1003983,2025-12-02,Arequipa,Belleza,Maquillaje,433.75,5,Tarjeta,2168.75
V1003984,2025-12-24,Cusco,Belleza,Shampoo,289.8,4,Efectivo,1159.2
V1003985,2025-08-24,Piura,Alimentos,Aceite,312.97,5,Yape,1564.85
V1003986,2025-12-29,Arequipa,Hogar,Olla,114.76,1,,114.76
V1003987,2025-11-27,Arequipa,Alimentos,Café,46.54,2,Plin,93.08
V1003988,2025-08-31,Lima,Moda,Pantalón,392.9,3,Plin,1178.7
V1003989,2025-09-27,Arequipa,Belleza,Maquillaje,331.97,2,Efectivo,663.94
V1003990,2025-09-02,Piura,Belleza,Maquillaje,333.06,3,Tarjeta,999.18
V1003991,2025-12-12,Piura,Tecnología,Laptop,19.98,1,Plin,19.98
V1003992,2025-11-18,Piura,Alimentos,Aceite,294.54,3,Yape,883.62
V1003993,2025-08-23,Arequipa,Hogar,Olla,424.17,2,Plin,848.34
V1003994,2025-02-01,Trujillo,Alimentos,Aceite,165.82,4,Plin,663.28
V1003995,2025-03-01,Piura,Alimentos,Café,486.71,4,Efectivo,1946.84
V1003996,2025-02-15,Cusco,Belleza,Shampoo,480.83,5,Plin,2404.15
V1003997,2025-12-03,Lima,Belleza,Crema,151.95,2,Tarjeta,303.9
V1003998,2025-02-01,Arequipa,Alimentos,Atún,487.05,2,Efectivo,974.1
V1003999,2025-08-25,Trujillo,Hogar,Aspiradora,24.24,1,Efectivo,24.24
V1004000,2025-11-12,Arequipa,Belleza,Crema,307.27,1,Efectivo,307.27
V1004001,2025-09-13,Lima,Alimentos,Atún,253.42,4,Plin,1013.68
V1004002,2025-07-25,Lima,Moda,Zapatillas,421.63,3,Yape,1264.89
V1004003,2025-10-13,Trujillo,Tecnología,Celular,72.44,3,Tarjeta,217.32
V1004004,2025-02-05,Trujillo,Hogar,Microondas,61.99,3,Tarjeta,185.97
V1004005,2025-06-27,Piura,Alimentos,Atún,151.59,3,Efectivo,454.77
V1004006,2025-07-28,Arequipa,Tecnología,Celular,396.07,3,Plin,1188.21
V1004007,2025-05-23,Lima,Moda,Pantalón,334.19,4,Efectivo,1336.76
V1004008,2025-12-15,Piura,Hogar,Licuadora,101.25,4,Plin,405.0
V1004009,2025-03-19,Arequipa,Tecnología,Laptop,360.18,2,Yape,720.36
V1004010,2025-02-25,Arequipa,,Atún,309.1,5,Yape,1545.5
V1004011,2025-08-21,Piura,Alimentos,Atún,77.12,4,Tarjeta,308.48
V1004012,2025-05-21,Cusco,Tecnología,Tablet,265.18,5,Yape,1325.9
V1004013,2025-01-02,Lima,Tecnología,Audífonos,362.01,5,Efectivo,1810.05
V1004014,2025-10-18,Arequipa,Belleza,Shampoo,119.63,3,Plin,358.89
V1004015,2025-01-10,Lima,Moda,Camisa,44.46,3,Tarjeta,133.38
V1004016,2025-11-23,Arequipa,Tecnología,Audífonos,250.36,2,Tarjeta,500.72
V1004017,2025-08-09,Cusco,Belleza,Shampoo,252.47,4,,1009.88
V1004018,2025-01-21,Arequipa,Tecnología,Laptop,340.45,3,Plin,1021.35
V1004019,2025-06-28,Piura,Belleza,Shampoo,184.95,2,Yape,369.9
V1004020,2025-04-06,Lima,Hogar,Olla,68.96,5,Plin,344.8
V1004021,2025-07-05,Arequipa,Belleza,Maquillaje,443.21,1,Plin,443.21
V1004022,2025-12-12,Arequipa,Alimentos,Arroz,24.25,4,Yape,97.0
V1004023,2025-01-09,Piura,Moda,Camisa,345.45,3,Tarjeta,1036.35
V1004024,2025-01-27,Piura,Moda,Camisa,139.45,1,Efectivo,139.45
V1004025,2025-03-18,Trujillo,Alimentos,Café,417.16,2,Yape,834.32
V1004026,2025-10-12,Lima,Belleza,Maquillaje,104.65,5,Yape,523.25
V1004027,2025-04-20,Piura,Moda,Camisa,385.69,2,,771.38
V1004028,2025-02-06,Piura,Moda,Zapatillas,373.24,1,Yape,373.24
V1004029,2025-04-15,Trujillo,Tecnología,Tablet,115.93,1,Yape,115.93
V1004030,2025-11-23,Lima,Belleza,Shampoo,266.12,5,Plin,1330.6
V1004031,2025-06-05,Cusco,Hogar,Microondas,301.05,2,Yape,602.1
V1004032,2025-05-09,Arequipa,Alimentos,Arroz,71.2,2,Tarjeta,142.4
V1004033,2025-03-13,Arequipa,Tecnología,Laptop,244.3,2,Yape,488.6
V1004034,2025-12-23,Trujillo,Moda,Zapatillas,259.41,5,Efectivo,1297.05
V1004035,2025-11-02,Trujillo,Tecnología,Tablet,172.81,4,Plin,691.24
V1004036,2025-09-09,Cusco,Alimentos,Café,195.33,4,Tarjeta,781.32
V1004037,2025-06-02,Cusco,Belleza,Perfume,441.99,1,Yape,441.99
V1004038,2025-12-08,Piura,Hogar,Aspiradora,389.63,3,Efectivo,1168.89
V1004039,2025-06-12,Piura,Tecnología,Laptop,155.78,5,Efectivo,778.9
V1004040,2025-09-21,Cusco,Belleza,Shampoo,262.51,4,,1050.04
V1004041,2025-07-15,Cusco,Belleza,Crema,112.64,3,Efectivo,337.92
V1004042,2025-08-02,Arequipa,Alimentos,Arroz,492.52,4,Yape,1970.08
V1004043,2025-07-21,Trujillo,Belleza,Maquillaje,469.32,4,Plin,1877.28
V1004044,2025-09-19,Lima,Alimentos,Café,28.01,2,Efectivo,56.02
V1004045,2025-09-03,Piura,Belleza,Maquillaje,330.64,3,Tarjeta,991.92
V1004046,2025-08-11,Piura,Tecnología,Audífonos,207.62,1,Tarjeta,207.62
V1004047,2025-03-06,Lima,Tecnología,Laptop,257.86,4,Yape,1031.44
V1004048,2025-08-27,Trujillo,Tecnología,Tablet,297.54,4,Efectivo,1190.16
V1004049,2025-11-08,Cusco,Alimentos,Aceite,125.37,1,,125.37
V1004050,2025-01-12,Arequipa,Moda,Zapatillas,81.01,2,Efectivo,162.02
V1004051,2025-03-31,Piura,Alimentos,Café,268.58,4,Yape,1074.32
V1004052,2025-04-15,Trujillo,Belleza,Maquillaje,453.79,2,Efectivo,907.58
V1004053,2025-04-15,Piura,Belleza,Shampoo,19.52,3,Plin,58.56
V1004054,2025-07-13,Piura,Moda,Zapatillas,393.28,1,Plin,393.28
V1004055,2025-09-29,Lima,,Casaca,250.15,3,Tarjeta,750.45
V1004056,2025-08-17,Arequipa,Moda,Zapatillas,446.3,3,Yape,1338.9
V1004057,2025-12-24,Piura,,Olla,97.36,4,Tarjeta,389.44
V1004058,2025-02-17,Lima,Hogar,Microondas,58.77,1,Plin,58.77
V1004059,2025-09-21,Arequipa,Alimentos,Arroz,375.45,4,Plin,1501.8
V1004060,2025-12-21,Arequipa,Belleza,Maquillaje,36.45,1,Efectivo,36.45
V1004061,2025-09-28,Arequipa,Moda,Casaca,460.01,5,Yape,2300.05
V1004062,2025-06-28,Lima,Tecnología,Celular,272.8,3,Yape,818.4
V1004063,2025-02-18,Cusco,Belleza,Crema,173.9,5,Tarjeta,869.5
V1004064,2025-11-25,Arequipa,Hogar,Microondas,109.42,5,Tarjeta,547.1
V1004065,2025-05-14,Arequipa,Alimentos,Aceite,453.06,4,Tarjeta,1812.24
V1004066,2025-05-24,Lima,Hogar,Olla,137.24,1,Plin,137.24
V1004067,2025-11-02,Piura,Moda,Pantalón,196.58,1,Plin,196.58
V1004068,2025-04-24,Trujillo,Tecnología,Celular,382.67,4,Plin,1530.68
V1004069,2025-02-03,Trujillo,Tecnología,Laptop,242.37,1,Yape,242.37
V1004070,2025-01-27,Lima,Tecnología,Audífonos,119.26,2,Yape,238.52
V1004071,2025-08-01,Arequipa,Alimentos,Atún,169.24,2,Plin,338.48
V1004072,2025-06-28,Piura,Belleza,Maquillaje,217.87,1,Plin,217.87
V1004073,2025-04-06,Piura,Hogar,Olla,106.19,3,Efectivo,318.57
V1004074,2025-05-08,Trujillo,Alimentos,Café,22.45,1,Efectivo,22.45
V1004075,2025-04-18,Arequipa,Alimentos,Atún,444.86,5,Tarjeta,2224.3
V1004076,2025-07-25,Lima,Tecnología,Celular,329.89,4,Yape,1319.56
V1004077,2025-02-15,Cusco,Moda,Zapatillas,258.7,5,Plin,1293.5
V1004078,2025-07-18,Lima,Hogar,Olla,272.01,1,Tarjeta,272.01
V1004079,2025-10-03,Arequipa,Moda,Camisa,471.68,4,Tarjeta,1886.72
V1004080,2025-03-12,Cusco,Alimentos,Café,444.87,1,Yape,444.87
V1004081,2025-08-12,Piura,Alimentos,Arroz,296.26,2,Yape,592.52
V1004082,2025-08-05,Cusco,Hogar,Olla,85.88,5,Plin,429.4
V1004083,2025-12-15,Piura,Moda,Pantalón,336.27,2,Efectivo,672.54
V1004084,2025-06-23,Lima,Belleza,Perfume,487.91,1,Plin,487.91
V1004085,2025-12-12,Lima,Alimentos,Atún,264.83,4,Efectivo,1059.32
V1004086,2025-10-16,Trujillo,Tecnología,Audífonos,428.82,4,Plin,1715.28
V1004087,2025-06-24,Lima,Hogar,Microondas,485.87,2,Yape,971.74
V1004088,2025-11-15,Cusco,Alimentos,Arroz,25.25,5,,126.25
V1004089,2025-05-06,Trujillo,,Café,450.98,2,Efectivo,901.96
V1004090,2025-09-18,Piura,Belleza,Shampoo,404.71,4,Tarjeta,1618.84
V1004091,2025-07-25,Trujillo,Tecnología,Tablet,315.78,5,Tarjeta,1578.9
V1004092,2025-09-27,Arequipa,Hogar,Aspiradora,266.06,4,Plin,1064.24
V1004093,2025-03-28,Arequipa,Belleza,Shampoo,179.21,5,Yape,896.05
V1004094,2025-02-08,Arequipa,Alimentos,Atún,407.8,4,Efectivo,1631.2
V1004095,2025-12-23,Cusco,Belleza,Maquillaje,451.84,5,Plin,2259.2
V1004096,2025-04-11,Trujillo,,Perfume,135.29,1,Efectivo,135.29
V1004097,2025-03-01,Cusco,Tecnología,Laptop,159.26,4,Plin,637.04
V1004098,2025-09-10,Trujillo,Tecnología,Tablet,34.73,5,Yape,173.65
V1004099,2025-07-04,Piura,,Atún,185.15,3,Tarjeta,555.45
V1004100,2025-11-10,Trujillo,Belleza,Shampoo,400.6,4,Tarjeta,1602.4
V1004101,2025-07-04,Piura,Alimentos,Atún,383.96,1,Efectivo,383.96
V1004102,2025-07-12,Cusco,Moda,Casaca,176.4,5,Plin,882.0
V1004103,2025-07-01,Cusco,Tecnología,Laptop,116.82,2,Tarjeta,233.64
V1004104,2025-10-27,Cusco,Alimentos,Aceite,487.45,5,Yape,2437.25
V1004105,2025-05-02,Piura,Tecnología,Laptop,356.12,2,Plin,712.24
V1004106,2025-08-02,Trujillo,Tecnología,Tablet,182.39,3,Tarjeta,547.17
V1004107,2025-03-26,Arequipa,Belleza,Maquillaje,443.76,5,Plin,2218.8
V1004108,2025-09-07,Piura,Alimentos,Café,57.59,1,Tarjeta,57.59
V1004109,2025-07-17,Cusco,Belleza,Crema,397.73,3,Plin,1193.19
V1004110,2025-04-16,Cusco,Tecnología,Audífonos,89.98,1,Yape,89.98
V1004111,2025-08-28,Piura,Alimentos,Arroz,338.9,2,Plin,677.8
V1004112,2025-09-09,Cusco,Belleza,Perfume,389.8,3,Plin,1169.4
V1004113,2025-01-02,Trujillo,Moda,Pantalón,346.51,2,Efectivo,693.02
V1004114,2025-02-11,Trujillo,Moda,Camisa,231.18,4,Plin,924.72
V1004115,2025-04-22,Arequipa,Tecnología,Audífonos,371.09,1,Plin,371.09
V1004116,2025-12-12,Piura,Alimentos,Atún,13.16,5,Tarjeta,65.8
V1004117,2025-12-06,Cusco,Alimentos,Arroz,148.07,1,Yape,148.07
V1004118,2025-01-07,Cusco,Hogar,Olla,424.79,5,Efectivo,2123.95
V1004119,2025-07-07,Cusco,Moda,Camisa,482.8,3,Tarjeta,1448.4
V1004120,2025-07-01,Trujillo,Moda,Zapatillas,96.28,3,Efectivo,288.84
V1004121,2025-05-12,Cusco,Alimentos,Aceite,448.5,2,Plin,897.0
V1004122,2025-11-19,Lima,Hogar,Aspiradora,305.72,3,Tarjeta,917.16
V1004123,2025-10-27,Cusco,Tecnología,Audífonos,142.84,5,Plin,714.2
V1004124,2025-11-05,Trujillo,Alimentos,Arroz,407.56,3,Efectivo,1222.68
V1004125,2025-09-05,Lima,Hogar,Olla,121.1,1,Efectivo,121.1
V1004126,2025-11-07,Piura,Alimentos,Atún,296.13,5,Tarjeta,1480.65
V1004127,2025-08-16,Arequipa,Hogar,Aspiradora,434.39,2,Tarjeta,868.78
V1004128,2025-03-13,Arequipa,Tecnología,Celular,70.71,4,Tarjeta,282.84
V1004129,2025-01-16,Trujillo,,Aceite,354.85,5,Plin,1774.25
V1004130,2025-10-24,Trujillo,Alimentos,Atún,264.21,1,,264.21
V1004131,2025-04-05,Cusco,Hogar,Olla,224.97,5,Efectivo,1124.85
V1004132,2025-08-07,Piura,Belleza,Shampoo,374.06,5,Plin,1870.3
V1004133,2025-03-12,Lima,Moda,Casaca,286.22,4,Yape,1144.88
V1004134,2025-05-26,Piura,Moda,Zapatillas,68.32,5,Efectivo,341.6
V1004135,2025-12-31,Cusco,,Shampoo,30.35,1,Yape,30.35
V1004136,2025-05-03,Arequipa,Tecnología,Celular,139.07,5,Plin,695.35
V1004137,2025-05-22,Cusco,Hogar,Aspiradora,112.6,3,Plin,337.8
V1004138,2025-08-27,Trujillo,Hogar,Microondas,407.1,5,Tarjeta,2035.5
V1004139,2025-06-18,Piura,Tecnología,Celular,91.29,1,Tarjeta,91.29
V1004140,2025-12-12,Cusco,Hogar,Olla,372.78,4,Efectivo,1491.12
V1004141,2025-04-24,Arequipa,Hogar,Olla,271.64,2,Efectivo,543.28
V1004142,2025-08-19,Arequipa,Alimentos,Arroz,401.19,1,Plin,401.19
V1004143,2025-12-03,Arequipa,Tecnología,Audífonos,170.89,2,Tarjeta,341.78
V1004144,2025-09-29,Arequipa,Alimentos,Café,396.57,3,Tarjeta,1189.71
V1004145,2025-08-20,Lima,Tecnología,Tablet,86.7,1,Yape,86.7
V1004146,2025-02-03,Lima,Tecnología,Laptop,397.77,4,Efectivo,1591.08
V1004147,2025-05-05,Cusco,Alimentos,Aceite,318.15,9999,Tarjeta,954.45
V1004148,2025-05-19,Trujillo,Tecnología,Laptop,359.15,5,Plin,1795.75
V1004149,2025-02-28,Arequipa,Alimentos,Aceite,278.76,3,Tarjeta,836.28
V1004150,2025-08-08,Lima,Belleza,Shampoo,278.87,2,Efectivo,557.74
V1004151,2025-03-16,Cusco,,Camisa,145.35,2,Tarjeta,290.7
V1004152,2025-07-30,Piura,Belleza,Shampoo,456.91,1,Plin,456.91
V1004153,2025-03-24,Lima,Alimentos,Aceite,478.82,1,Tarjeta,478.82
V1004154,2025-05-04,Piura,Moda,Casaca,264.94,3,Tarjeta,794.82
V1004155,2025-12-09,Piura,,Pantalón,150.88,1,Plin,150.88
V1004156,2025-12-31,Cusco,Moda,Casaca,68.92,5,Efectivo,344.6
V1004157,2025-06-13,Lima,Belleza,Maquillaje,395.36,2,Yape,790.72
V1004158,2025-12-21,Piura,Hogar,Olla,399.86,2,Tarjeta,799.72
V1004159,2025-04-04,Trujillo,Tecnología,Audífonos,164.29,5,,821.45
V1004160,2025-05-08,Trujillo,Belleza,Shampoo,270.12,5,Yape,1350.6
V1004161,2025-03-12,Piura,Tecnología,Laptop,208.11,4,Plin,832.44
V1004162,2025-06-06,Piura,Hogar,Microondas,16.65,5,Tarjeta,83.25
V1004163,2025-12-17,Cusco,Hogar,Aspiradora,172.78,4,Efectivo,691.12
V1004164,2025-11-05,Lima,Alimentos,Café,347.2,4,Efectivo,1388.8
V1004165,2025-01-10,Trujillo,Hogar,Olla,131.41,5,Tarjeta,657.05
V1004166,2025-06-09,Piura,Alimentos,Arroz,148.08,2,Yape,296.16
V1004167,2025-04-08,Arequipa,Belleza,Maquillaje,152.22,2,Plin,304.44
V1004168,2025-03-23,Trujillo,Tecnología,Celular,92.64,2,Plin,185.28
V1004169,2025-02-10,Lima,Tecnología,Audífonos,214.23,1,Yape,214.23
V1004170,2025-06-28,Piura,Hogar,Microondas,113.59,4,Efectivo,454.36
V1004171,2025-08-02,Cusco,Alimentos,Arroz,361.73,5,Efectivo,1808.65
V1004172,2025-02-14,Lima,Moda,Pantalón,52.15,5,Efectivo,260.75
V1004173,2025-09-30,Cusco,Belleza,Perfume,418.1,4,Plin,1672.4
V1004174,2025-09-07,Piura,Moda,Camisa,425.5,4,Yape,1702.0
V1004175,2025-03-13,Arequipa,Belleza,Shampoo,474.64,5,Tarjeta,2373.2
V1004176,2025-08-01,Lima,Belleza,Perfume,480.77,5,Efectivo,2403.85
V1004177,2025-06-12,Cusco,Belleza,Maquillaje,290.33,1,Plin,290.33
V1004178,2025-02-10,Trujillo,Tecnología,Laptop,69.88,5,Yape,349.4
V1004179,2025-07-05,Arequipa,Belleza,Shampoo,391.49,5,Efectivo,1957.45
V1004180,2025-08-21,Trujillo,Belleza,Shampoo,426.36,2,Efectivo,852.72
V1004181,2025-10-14,Cusco,Moda,Zapatillas,359.16,4,Efectivo,1436.64
V1004182,2025-09-07,Lima,Alimentos,Aceite,353.63,1,Tarjeta,353.63
V1004183,2025-01-29,Arequipa,Moda,Zapatillas,124.01,5,Efectivo,620.05
V1004184,2025-10-23,Cusco,Moda,Pantalón,417.45,4,Tarjeta,1669.8
V1004185,2025-07-14,Lima,Moda,Zapatillas,334.67,2,Tarjeta,669.34
V1004186,2025-07-02,Piura,Belleza,Crema,253.83,5,Tarjeta,1269.15
V1004187,2025-07-20,Piura,Hogar,Licuadora,114.33,4,Efectivo,457.32
V1004188,2025-03-02,Trujillo,Alimentos,Arroz,454.75,5,Efectivo,2273.75
V1004189,2025-11-30,Piura,Moda,Zapatillas,432.15,2,Efectivo,864.3
V1004190,2025-06-29,Lima,Tecnología,Laptop,78.07,1,Yape,78.07
V1004191,2025-02-05,Arequipa,Belleza,Shampoo,290.59,3,Plin,871.77
V1004192,2025-09-03,Cusco,Alimentos,Atún,168.03,5,Tarjeta,840.15
V1004193,2025-06-17,Cusco,Alimentos,Arroz,463.14,5,Tarjeta,2315.7
V1004194,2025-05-01,Piura,Moda,Camisa,351.28,2,Efectivo,702.56
V1004195,2025-08-13,Trujillo,Hogar,Aspiradora,401.88,3,Efectivo,1205.64
V1004196,2025-05-23,Cusco,,Crema,164.39,4,Tarjeta,657.56
V1004197,2025-02-11,Piura,Tecnología,Audífonos,107.34,3,Yape,322.02
V1004198,2025-12-07,Piura,Alimentos,Café,488.74,5,Plin,2443.7
V1004199,2025-01-11,Trujillo,Hogar,Licuadora,305.2,3,Tarjeta,915.6
V1004200,2025-10-20,Trujillo,Hogar,Olla,259.95,5,Yape,1299.75
V1004201,2025-10-20,Piura,Alimentos,Arroz,276.68,3,Plin,830.04
V1004202,2025-04-17,Trujillo,Tecnología,Celular,249.5,4,Tarjeta,998.0
V1004203,2025-07-03,Piura,Alimentos,Arroz,357.06,2,Yape,714.12
V1004204,2025-08-29,Lima,Tecnología,Tablet,417.27,2,Plin,834.54
V1004205,2025-12-06,Trujillo,Hogar,Aspiradora,167.71,3,Plin,503.13
V1004206,2025-08-12,Arequipa,Tecnología,Tablet,473.7,3,Efectivo,1421.1
V1004207,2025-10-06,Lima,Moda,Zapatillas,131.49,5,Efectivo,657.45
V1004208,2025-08-15,Lima,Hogar,Licuadora,204.52,5,Plin,1022.6
V1004209,2025-03-01,Lima,Belleza,Shampoo,316.56,1,,316.56
V1004210,2025-04-14,Trujillo,Hogar,Licuadora,18.6,4,Efectivo,74.4
V1004211,2025-08-27,Trujillo,Belleza,Perfume,305.68,1,Plin,305.68
V1004212,2025-11-01,Arequipa,Hogar,Olla,331.56,3,Plin,994.68
V1004213,2025-03-09,Cusco,Tecnología,Celular,354.62,3,Yape,1063.86
V1004214,2025-12-23,Arequipa,Hogar,Olla,420.42,4,Efectivo,1681.68
V1004215,2025-05-24,Trujillo,Hogar,Aspiradora,204.85,5,Tarjeta,1024.25
V1004216,2025-11-10,Piura,,Laptop,154.31,4,Yape,617.24
V1004217,2025-02-16,Arequipa,Alimentos,Café,40.09,3,Tarjeta,120.27
V1004218,2025-04-15,Trujillo,Hogar,Olla,320.48,9999,Tarjeta,320.48
V1004219,2025-02-04,Piura,Tecnología,Audífonos,317.66,2,Plin,635.32
V1004220,2025-10-12,Piura,Moda,Casaca,313.66,1,Plin,313.66
V1004221,2025-06-03,Lima,Tecnología,Audífonos,315.32,2,Yape,630.64
V1004222,2025-08-11,Piura,Tecnología,Laptop,492.15,2,Tarjeta,984.3
V1004223,2025-11-30,Trujillo,Moda,Camisa,363.32,2,Efectivo,726.64
V1004224,2025-07-31,Trujillo,Hogar,Olla,117.21,2,Yape,234.42
V1004225,2025-10-14,Trujillo,Tecnología,Audífonos,177.42,5,Tarjeta,887.1
V1004226,2025-03-15,Arequipa,Moda,Camisa,453.86,4,Plin,1815.44
V1004227,2025-07-28,Cusco,Tecnología,Tablet,306.27,4,,1225.08
V1004228,2025-06-10,Trujillo,Tecnología,Laptop,238.47,4,,953.88
V1004229,2025-12-10,Trujillo,Belleza,Crema,16.34,1,Efectivo,16.34
V1004230,2025-02-08,Lima,Tecnología,Tablet,66.67,5,Tarjeta,333.35
V1004231,2025-07-17,Trujillo,Tecnología,Tablet,178.48,5,Yape,892.4
V1004232,2025-07-08,Trujillo,Hogar,Olla,449.07,1,Efectivo,449.07
V1004233,2025-02-23,Arequipa,Belleza,Maquillaje,491.22,3,Efectivo,1473.66
V1004234,2025-09-17,Lima,,Maquillaje,378.61,5,Plin,1893.05
V1004235,2025-12-07,Cusco,Alimentos,Café,206.74,1,Efectivo,206.74
V1004236,2025-01-05,Piura,Tecnología,Audífonos,441.77,3,Plin,1325.31
V1004237,2025-08-11,Piura,Belleza,Shampoo,14.31,5,Tarjeta,71.55
V1004238,2025-01-25,Piura,Belleza,Shampoo,151.52,4,Plin,606.08
V1004239,2025-11-12,Cusco,Tecnología,Laptop,164.75,1,Efectivo,164.75
V1004240,2025-05-19,Trujillo,Tecnología,Audífonos,172.39,4,Efectivo,689.56
V1004241,2025-01-09,Arequipa,Alimentos,Café,22.82,5,Efectivo,114.1
V1004242,2025-09-28,Lima,Belleza,Maquillaje,20.89,2,Efectivo,41.78
V1004243,2025-05-11,Trujillo,Hogar,Aspiradora,33.68,1,Yape,33.68
V1004244,2025-04-12,Arequipa,Belleza,Perfume,18.14,1,Efectivo,18.14
V1004245,2025-05-25,Piura,Belleza,Shampoo,276.45,3,Efectivo,829.35
V1004246,2025-07-04,Lima,Tecnología,Laptop,349.58,4,Plin,1398.32
V1004247,2025-09-11,Lima,Hogar,Olla,106.15,4,Efectivo,424.6
V1004248,2025-05-30,Lima,Alimentos,Aceite,304.1,5,Plin,1520.5
V1004249,2025-09-26,Piura,Belleza,Shampoo,492.12,2,Plin,984.24
V1004250,2025-10-08,Piura,Alimentos,Aceite,498.31,3,Tarjeta,1494.93
V1004251,2025-04-10,Lima,Moda,Casaca,299.44,4,Yape,1197.76
V1004252,2025-12-28,Lima,Moda,Zapatillas,385.75,1,Plin,385.75
V1004253,2025-05-07,Trujillo,Moda,Camisa,25.5,2,Efectivo,51.0
V1004254,2025-08-07,Piura,Belleza,Perfume,416.85,4,Efectivo,1667.4
V1004255,2025-10-31,Lima,Tecnología,Audífonos,415.79,2,Plin,831.58
V1004256,2025-05-31,Lima,Moda,Zapatillas,181.69,4,Plin,726.76
V1004257,2025-07-08,Piura,Moda,Casaca,208.45,4,Efectivo,833.8
V1004258,2025-03-21,Trujillo,Hogar,Olla,472.79,1,Efectivo,472.79
V1004259,2025-07-21,Piura,Belleza,Perfume,240.85,3,Yape,722.55
V1004260,2025-09-09,Lima,Tecnología,Tablet,130.49,1,Efectivo,130.49
V1004261,2025-07-01,Arequipa,Moda,Pantalón,499.83,3,Yape,1499.49
V1004262,2025-04-24,Trujillo,Moda,Zapatillas,200.97,1,Plin,200.97
V1004263,2025-04-03,Trujillo,Belleza,Maquillaje,354.9,3,Plin,1064.7
V1004264,2025-12-31,Trujillo,Belleza,Perfume,137.44,5,Plin,687.2
V1004265,2025-04-04,Piura,Alimentos,Café,151.89,1,Plin,151.89
V1004266,2025-02-21,Arequipa,Alimentos,Aceite,64.94,3,Plin,194.82
V1004267,2025-09-11,Lima,Alimentos,Arroz,75.38,2,Efectivo,150.76
V1004268,2025-06-29,Piura,Belleza,Shampoo,99.34,2,Plin,198.68
V1004269,2025-07-23,Piura,Belleza,Perfume,239.63,5,Plin,1198.15
V1004270,2025-04-23,Trujillo,Tecnología,Laptop,270.89,4,Yape,1083.56
V1004271,2025-10-26,Cusco,Moda,Camisa,223.81,5,Tarjeta,1119.05
V1004272,2025-08-19,Piura,Moda,Zapatillas,261.54,5,Plin,1307.7
V1004273,2025-10-03,Piura,Hogar,Aspiradora,45.62,2,Plin,91.24
V1004274,2025-12-15,Lima,Tecnología,Tablet,115.57,2,Yape,231.14
V1004275,2025-12-28,Cusco,Moda,Casaca,113.29,4,Tarjeta,453.16
V1004276,2025-12-22,Lima,Moda,Camisa,297.28,5,Yape,1486.4
V1004277,2025-01-27,Lima,Belleza,Perfume,260.21,2,Tarjeta,520.42
V1004278,2025-01-20,Piura,Tecnología,Celular,83.98,5,Tarjeta,419.9
V1004279,2025-07-28,Cusco,Tecnología,Audífonos,33.96,3,Yape,101.88
V1004280,2025-11-12,Cusco,Tecnología,Laptop,444.09,3,Tarjeta,1332.27
V1004281,2025-05-23,Piura,Moda,Camisa,121.0,5,Efectivo,605.0
V1004282,2025-11-21,Piura,Alimentos,Aceite,388.07,5,Plin,1940.35
V1004283,2025-09-30,Trujillo,Alimentos,Aceite,279.69,1,Plin,279.69
V1004284,2025-07-24,Cusco,Tecnología,Celular,337.72,1,Efectivo,337.72
V1004285,2025-12-08,Arequipa,Hogar,Microondas,352.63,1,Efectivo,352.63
V1004286,2025-11-02,Trujillo,Hogar,Olla,127.16,5,Yape,635.8
V1004287,2025-10-03,Lima,Alimentos,Arroz,79.8,1,Yape,79.8
V1004288,2025-10-09,Cusco,Belleza,Maquillaje,101.88,2,Efectivo,203.76
V1004289,2025-11-19,Trujillo,Tecnología,Audífonos,103.64,4,Tarjeta,414.56
V1004290,2025-04-11,Trujillo,Moda,Zapatillas,458.4,5,Tarjeta,2292.0
V1004291,2025-06-12,Arequipa,Tecnología,Tablet,386.93,4,,1547.72
V1004292,2025-03-27,Trujillo,Moda,Pantalón,306.75,5,Plin,1533.75
V1004293,2025-11-14,Piura,Moda,Pantalón,243.75,4,Yape,975.0
V1004294,2025-11-12,Cusco,Hogar,Olla,481.03,5,Yape,2405.15
V1004295,2025-05-19,Lima,Alimentos,Atún,290.93,1,Tarjeta,290.93
V1004296,2025-08-30,Arequipa,Hogar,Aspiradora,480.43,1,Plin,480.43
V1004297,2025-05-15,Lima,Tecnología,Celular,291.64,3,,874.92
V1004298,2025-09-16,Trujillo,Tecnología,Laptop,119.23,4,Plin,476.92
V1004299,2025-01-26,Piura,Alimentos,Atún,493.04,1,Efectivo,493.04
V1004300,2025-09-28,Lima,Hogar,Aspiradora,296.71,2,Tarjeta,593.42
V1004301,2025-04-29,Arequipa,Moda,Camisa,366.54,4,Efectivo,1466.16
V1004302,2025-01-24,Cusco,Alimentos,Aceite,249.2,2,Plin,498.4
V1004303,2025-12-27,Cusco,Alimentos,Aceite,176.82,4,Efectivo,707.28
V1004304,2025-06-06,Lima,Hogar,Microondas,461.02,1,Tarjeta,461.02
V1004305,2025-03-20,Trujillo,Belleza,Shampoo,361.94,3,Tarjeta,1085.82
V1004306,2025-02-21,Cusco,Belleza,Maquillaje,88.99,1,Plin,88.99
V1004307,2025-09-30,Cusco,Hogar,Microondas,40.54,3,Tarjeta,121.62
V1004308,2025-12-28,Lima,Moda,Pantalón,447.22,4,Yape,1788.88
V1004309,2025-09-30,Trujillo,Hogar,Aspiradora,89.32,1,Yape,89.32
V1004310,2025-12-17,Lima,Belleza,Crema,260.78,2,Plin,521.56
V1004311,2025-12-08,Lima,Tecnología,Celular,432.4,2,Tarjeta,864.8
V1004312,2025-11-10,Trujillo,Belleza,Maquillaje,26.58,5,Plin,132.9
V1004313,2025-03-04,Cusco,Moda,Zapatillas,164.73,3,Yape,494.19
V1004314,2025-12-23,Piura,Tecnología,Celular,192.1,4,Plin,768.4
V1004315,2025-07-27,Arequipa,Alimentos,Atún,487.43,1,Efectivo,487.43
V1004316,2025-10-27,Lima,Hogar,Microondas,296.73,1,Tarjeta,296.73
V1004317,2025-12-25,Lima,,Crema,49.95,4,Tarjeta,199.8
V1004318,2025-12-22,Cusco,Alimentos,Café,144.45,2,Efectivo,288.9
V1004319,2025-10-13,Cusco,Tecnología,Celular,181.43,3,Efectivo,544.29
V1004320,2025-06-04,Arequipa,Hogar,Olla,363.76,5,Plin,1818.8
V1004321,2025-06-04,Cusco,Hogar,Licuadora,486.03,1,,486.03
V1004322,2025-12-04,Trujillo,Belleza,Maquillaje,318.74,5,Tarjeta,1593.7
V1004323,2025-08-13,Trujillo,Tecnología,Laptop,141.43,4,Tarjeta,565.72
V1004324,2025-04-19,Arequipa,Moda,Zapatillas,482.32,2,Yape,964.64
V1004325,2025-04-27,Trujillo,Tecnología,Celular,108.93,3,Yape,326.79
V1004326,2025-02-11,Piura,,Shampoo,85.92,5,Yape,429.6
V1004327,2025-05-25,Arequipa,Belleza,Shampoo,253.13,2,Plin,506.26
V1004328,2025-05-08,Piura,Hogar,Licuadora,434.13,4,Tarjeta,1736.52
V1004329,2025-01-15,Lima,Hogar,Aspiradora,373.46,5,Tarjeta,1867.3
V1004330,2025-10-25,Arequipa,Belleza,Shampoo,131.35,5,Yape,656.75
V1004331,2025-02-11,Lima,Hogar,Aspiradora,115.6,4,Tarjeta,462.4
V1004332,2025-06-07,Lima,Tecnología,Audífonos,50.09,5,Plin,250.45
V1004333,2025-02-27,Lima,Hogar,Microondas,217.08,4,Yape,868.32
V1004334,2025-05-08,Piura,Belleza,Maquillaje,164.11,5,Plin,820.55
V1004335,2025-05-31,Trujillo,Moda,Camisa,463.92,1,Plin,463.92
V1004336,2025-04-17,Arequipa,Hogar,Aspiradora,133.93,1,Plin,133.93
V1004337,2025-01-25,Cusco,Alimentos,Arroz,433.02,4,Tarjeta,1732.08
V1004338,2025-12-10,Cusco,Hogar,Licuadora,99.73,5,Yape,498.65
V1004339,2025-05-23,Trujillo,Belleza,Shampoo,456.86,4,Tarjeta,1827.44
V1004340,2025-12-04,Arequipa,Belleza,Perfume,385.91,2,Efectivo,771.82
V1004341,2025-02-21,Trujillo,,Audífonos,322.34,5,Plin,1611.7
V1004342,2025-11-19,Piura,Tecnología,Laptop,165.95,1,Tarjeta,165.95
V1004343,2025-12-23,Trujillo,Belleza,Crema,198.49,1,Efectivo,198.49
V1004344,2025-03-04,Trujillo,Belleza,Perfume,491.29,5,Yape,2456.45
V1004345,2025-07-28,Lima,Hogar,Aspiradora,377.78,1,Plin,377.78
V1004346,2025-05-21,Piura,Hogar,Licuadora,442.92,2,Tarjeta,885.84
V1004347,2025-02-15,Piura,Alimentos,Arroz,164.89,1,Tarjeta,164.89
V1004348,2025-12-14,Trujillo,Alimentos,Café,404.12,9999,Yape,404.12
V1004349,2025-06-10,Arequipa,Moda,Pantalón,413.53,3,Efectivo,1240.59
V1004350,2025-03-07,Trujillo,Alimentos,Aceite,435.19,4,Plin,1740.76
V1004351,2025-01-19,Lima,Alimentos,Arroz,346.9,3,Yape,1040.7
V1004352,2025-03-08,Arequipa,Alimentos,Arroz,424.99,3,Efectivo,1274.97
V1004353,2025-09-12,Trujillo,Moda,Casaca,316.23,3,Efectivo,948.69
V1004354,2025-03-21,Lima,Tecnología,Audífonos,221.92,5,Plin,1109.6
V1004355,2025-10-04,Lima,Belleza,Perfume,12.76,4,Efectivo,51.04
V1004356,2025-06-22,Piura,Belleza,Perfume,110.39,1,Plin,110.39
V1004357,2025-02-05,Piura,Moda,Camisa,194.69,5,Yape,973.45
V1004358,2025-06-15,Cusco,Moda,Camisa,95.34,5,Efectivo,476.7
V1004359,2025-01-13,Piura,Tecnología,Celular,201.12,4,Tarjeta,804.48
V1004360,2025-04-24,Arequipa,Moda,Casaca,194.71,5,Efectivo,973.55
V1004361,2025-04-01,Trujillo,Hogar,Aspiradora,381.77,4,Tarjeta,1527.08
V1004362,2025-07-14,Arequipa,Moda,Casaca,421.92,1,Tarjeta,421.92
V1004363,2025-12-07,Lima,Hogar,Microondas,62.43,2,Tarjeta,124.86
V1004364,2025-11-26,Lima,Moda,Camisa,391.9,3,Tarjeta,1175.7
V1004365,2025-09-29,Cusco,Tecnología,Audífonos,247.19,5,Efectivo,1235.95
V1004366,2025-04-15,Arequipa,Tecnología,Tablet,151.34,2,Yape,302.68
V1004367,2025-01-11,Piura,Alimentos,Café,373.66,3,Tarjeta,1120.98
V1004368,2025-11-05,Cusco,Tecnología,Audífonos,487.6,1,Yape,487.6
V1004369,2025-11-21,Arequipa,Moda,Pantalón,128.99,3,Plin,386.97
V1004370,2025-05-06,Lima,Tecnología,Audífonos,112.21,4,Yape,448.84
V1004371,2025-12-05,Lima,Moda,Camisa,40.76,2,Yape,81.52
V1004372,2025-03-11,Cusco,Belleza,Crema,150.24,1,Plin,150.24
V1004373,2025-09-16,Piura,Moda,Camisa,72.82,5,Yape,364.1
V1004374,2025-09-02,Trujillo,Belleza,Maquillaje,483.93,1,Tarjeta,483.93
V1004375,2025-08-22,Trujillo,Hogar,Microondas,228.87,5,Yape,1144.35
V1004376,2025-11-15,Trujillo,Tecnología,Audífonos,262.49,3,Yape,787.47
V1004377,2025-10-11,Lima,Hogar,Olla,54.9,5,Tarjeta,274.5
V1004378,2025-03-23,Cusco,Belleza,Crema,270.55,2,Tarjeta,541.1
V1004379,2025-06-17,Lima,Alimentos,Arroz,498.1,4,Tarjeta,1992.4
V1004380,2025-02-02,Trujillo,Alimentos,Arroz,119.06,1,Tarjeta,119.06
V1004381,2025-12-21,Lima,Alimentos,Arroz,311.72,2,Yape,623.44
V1004382,2025-05-28,Arequipa,Moda,Zapatillas,446.29,3,Yape,1338.87
V1004383,2025-09-23,Cusco,Alimentos,Atún,469.61,1,Plin,469.61
V1004384,2025-04-06,Cusco,Alimentos,Café,17.66,5,Plin,88.3
V1004385,2025-09-02,Piura,Hogar,Licuadora,159.72,2,Yape,319.44
V1004386,2025-02-22,Trujillo,Belleza,Perfume,434.43,1,Yape,434.43
V1004387,2025-02-20,Lima,,Tablet,122.01,3,Yape,366.03
V1004388,2025-10-12,Piura,Tecnología,Celular,203.11,2,Yape,406.22
V1004389,2025-10-11,Trujillo,,Celular,400.19,3,Plin,1200.57
V1004390,2025-08-26,Trujillo,Belleza,Crema,352.3,5,,1761.5
V1004391,2025-06-06,Cusco,Tecnología,Tablet,68.2,4,Efectivo,272.8
V1004392,2025-10-28,Piura,Tecnología,Audífonos,471.07,4,Tarjeta,1884.28
V1004393,2025-03-31,Arequipa,,Aceite,167.05,1,Yape,167.05
V1004394,2025-05-16,Arequipa,Moda,Casaca,122.99,4,Yape,491.96
V1004395,2025-06-28,Lima,Hogar,Microondas,143.9,1,Yape,143.9
V1004396,2025-07-25,Lima,Belleza,Crema,360.85,5,Efectivo,1804.25
V1004397,2025-09-13,Cusco,Alimentos,Aceite,214.69,3,Efectivo,644.07
V1004398,2025-08-24,Trujillo,Hogar,Aspiradora,497.12,3,Efectivo,1491.36
V1004399,2025-10-14,Lima,Tecnología,Laptop,447.04,1,Plin,447.04
V1004400,2025-06-05,Trujillo,Belleza,Maquillaje,68.99,2,Plin,137.98
V1004401,2025-05-01,Cusco,Tecnología,Celular,437.72,5,Tarjeta,2188.6
V1004402,2025-07-23,Piura,Alimentos,Café,278.33,5,Yape,1391.65
V1004403,2025-02-06,Piura,Tecnología,Laptop,28.79,4,Efectivo,115.16
V1004404,2025-07-24,Cusco,Alimentos,Café,350.46,5,Tarjeta,1752.3
V1004405,2025-03-02,Cusco,Alimentos,Aceite,473.81,3,,1421.43
V1004406,2025-09-29,Piura,Moda,Pantalón,54.28,5,Tarjeta,271.4
V1004407,2025-07-25,Arequipa,Tecnología,Audífonos,210.6,4,Efectivo,842.4
V1004408,2025-02-27,Trujillo,Belleza,Perfume,280.22,5,Yape,1401.1
V1004409,2025-04-21,Lima,Moda,Pantalón,63.83,2,Efectivo,127.66
V1004410,2025-06-06,Trujillo,Hogar,Microondas,498.4,4,Tarjeta,1993.6
V1004411,2025-04-21,Trujillo,,Laptop,415.62,1,Efectivo,415.62
V1004412,2025-12-10,Trujillo,Hogar,Aspiradora,256.81,3,Efectivo,770.43
V1004413,2025-08-10,Piura,Hogar,Licuadora,257.46,3,Tarjeta,772.38
V1004414,2025-12-01,Trujillo,Hogar,Olla,184.71,5,Tarjeta,923.55
V1004415,2025-03-02,Piura,Moda,Camisa,122.17,1,Yape,122.17
V1004416,2025-04-16,Cusco,Moda,Casaca,492.89,4,Plin,1971.56
V1004417,2025-11-23,Arequipa,,Pantalón,498.24,5,Efectivo,2491.2
V1004418,2025-02-18,Cusco,Belleza,Perfume,153.32,5,Tarjeta,766.6
V1004419,2025-06-24,Lima,Moda,Camisa,486.97,5,Efectivo,2434.85
V1004420,2025-11-14,Lima,Belleza,Crema,441.85,4,Yape,1767.4
V1004421,2025-07-11,Cusco,Moda,Pantalón,84.8,5,Efectivo,424.0
V1004422,2025-07-27,Piura,Belleza,Maquillaje,262.16,4,Yape,1048.64
V1004423,2025-12-07,Trujillo,Hogar,Olla,115.7,2,Efectivo,231.4
V1004424,2025-06-30,Cusco,Moda,Zapatillas,485.35,3,Tarjeta,1456.05
V1004425,2025-06-15,Cusco,Belleza,Perfume,184.03,5,Efectivo,920.15
V1004426,2025-02-18,Trujillo,Moda,Camisa,86.11,5,Tarjeta,430.55
V1004427,2025-06-16,Arequipa,Tecnología,Tablet,348.93,5,Efectivo,1744.65
V1004428,2025-07-24,Piura,Hogar,Microondas,498.63,2,Efectivo,997.26
V1004429,2025-01-16,Arequipa,Belleza,Maquillaje,211.25,1,Efectivo,211.25
V1004430,2025-09-24,Piura,Tecnología,Celular,294.2,3,Plin,882.6
V1004431,2025-03-17,Trujillo,Hogar,Olla,131.77,3,Efectivo,395.31
V1004432,2025-08-02,Lima,Moda,Zapatillas,472.16,4,,1888.64
V1004433,2025-12-22,Piura,Tecnología,Celular,490.17,4,Tarjeta,1960.68
V1004434,2025-06-09,Arequipa,Hogar,Microondas,162.62,1,Tarjeta,162.62
V1004435,2025-07-10,Cusco,Moda,Zapatillas,396.89,4,Tarjeta,1587.56
V1004436,2025-04-06,Arequipa,Belleza,Shampoo,263.19,5,Yape,1315.95
V1004437,2025-06-22,Lima,Hogar,Microondas,335.4,4,Efectivo,1341.6
V1004438,2025-11-15,Piura,Belleza,Shampoo,130.12,4,Efectivo,520.48
V1004439,2025-02-04,Trujillo,Belleza,Shampoo,451.44,4,Plin,1805.76
V1004440,2025-05-25,Piura,Hogar,Licuadora,13.43,3,Plin,40.29
V1004441,2025-07-29,Lima,Belleza,Maquillaje,353.26,5,Efectivo,1766.3
V1004442,2025-10-05,Arequipa,Moda,Zapatillas,223.28,4,Plin,893.12
V1004443,2025-01-27,Arequipa,Belleza,Crema,163.81,5,Plin,819.05
V1004444,2025-10-11,Cusco,Hogar,Licuadora,129.64,2,Efectivo,259.28
V1004445,2025-03-03,Trujillo,Alimentos,Atún,154.42,4,Plin,617.68
V1004446,2025-11-17,Cusco,Tecnología,Celular,366.66,4,Plin,1466.64
V1004447,2025-03-11,Cusco,Alimentos,Arroz,314.19,4,Yape,1256.76
V1004448,2025-10-03,Arequipa,Moda,Casaca,263.53,5,Tarjeta,1317.65
V1004449,2025-12-25,Piura,Moda,Camisa,256.57,5,Yape,1282.85
V1004450,2025-09-28,Piura,Alimentos,Café,90.13,3,Plin,270.39
V1004451,2025-07-24,Cusco,Belleza,Shampoo,227.32,5,Efectivo,1136.6
V1004452,2025-06-26,Cusco,Belleza,Perfume,286.39,2,Tarjeta,572.78
V1004453,2025-11-08,Lima,Belleza,Shampoo,272.46,1,Tarjeta,272.46
V1004454,2025-12-19,Lima,Tecnología,Audífonos,43.77,1,Efectivo,43.77
V1004455,2025-03-19,Piura,Belleza,Shampoo,61.02,1,Tarjeta,61.02
V1004456,2025-11-26,Cusco,Alimentos,Arroz,110.8,1,Efectivo,110.8
V1004457,2025-02-23,Cusco,Hogar,Olla,241.0,2,Tarjeta,482.0
V1004458,2025-05-28,Arequipa,Belleza,Crema,152.35,2,Plin,304.7
V1004459,2025-07-12,Cusco,Belleza,Crema,329.31,5,Yape,1646.55
V1004460,2025-09-15,Piura,Moda,Zapatillas,164.66,4,Efectivo,658.64
V1004461,2025-06-13,Trujillo,Moda,Zapatillas,320.68,3,Yape,962.04
V1004462,2025-02-18,Piura,Belleza,Maquillaje,341.24,4,Yape,1364.96
V1004463,2025-07-08,Arequipa,Hogar,Licuadora,15.6,5,Plin,78.0
V1004464,2025-10-01,Arequipa,Tecnología,Celular,262.26,3,Tarjeta,786.78
V1004465,2025-07-25,Cusco,Tecnología,Tablet,48.69,2,Efectivo,97.38
V1004466,2025-03-13,Arequipa,Belleza,Shampoo,330.33,5,Efectivo,1651.65
V1004467,2025-02-01,Cusco,Moda,Casaca,68.9,2,Efectivo,137.8
V1004468,2025-04-07,Arequipa,Belleza,Shampoo,95.16,4,Tarjeta,380.64
V1004469,2025-03-11,Trujillo,Tecnología,Tablet,451.22,5,Plin,2256.1
V1004470,2025-11-18,Piura,Belleza,Crema,118.25,2,Yape,236.5
V1004471,2025-05-14,Lima,Belleza,Maquillaje,120.8,5,Efectivo,604.0
V1004472,2025-11-02,Trujillo,Alimentos,Arroz,450.45,2,Plin,900.9
V1004473,2025-06-08,Trujillo,Tecnología,Tablet,92.94,5,Tarjeta,464.7
V1004474,2025-07-08,Arequipa,Hogar,Microondas,336.24,5,Tarjeta,1681.2
V1004475,2025-03-12,Arequipa,Moda,Zapatillas,441.88,2,Plin,883.76
V1004476,2025-10-07,Trujillo,Belleza,Crema,168.67,4,Tarjeta,674.68
V1004477,2025-02-10,Cusco,Hogar,Microondas,115.5,5,Yape,577.5
V1004478,2025-10-09,Piura,Hogar,Aspiradora,272.54,1,Tarjeta,272.54
V1004479,2025-07-18,Trujillo,Tecnología,Audífonos,131.97,3,Tarjeta,395.91
V1004480,2025-08-31,Lima,Moda,Camisa,388.06,1,Yape,388.06
V1004481,2025-10-12,Arequipa,Moda,Pantalón,136.91,5,Efectivo,684.55
V1004482,2025-05-29,Trujillo,Alimentos,Arroz,423.37,4,,1693.48
V1004483,2025-09-09,Trujillo,Belleza,Shampoo,421.93,2,Yape,843.86
V1004484,2025-02-06,Piura,Alimentos,Atún,197.71,3,Efectivo,593.13
V1004485,2025-01-11,Arequipa,Moda,Camisa,48.47,1,Efectivo,48.47
V1004486,2025-01-05,Arequipa,,Café,181.92,5,Tarjeta,909.6
V1004487,2025-08-13,Lima,Belleza,Maquillaje,266.39,2,Efectivo,532.78
V1004488,2025-02-15,Cusco,Alimentos,Café,215.92,4,Tarjeta,863.68
V1004489,2025-05-30,Trujillo,Alimentos,Aceite,374.81,3,Tarjeta,1124.43
V1004490,2025-05-17,Trujillo,Tecnología,Audífonos,304.83,5,Efectivo,1524.15
V1004491,2025-02-26,Lima,Moda,Casaca,14.06,3,Efectivo,42.18
V1004492,2025-05-07,Cusco,Moda,Casaca,196.13,4,Tarjeta,784.52
V1004493,2025-06-17,Lima,Tecnología,Laptop,79.65,4,Efectivo,318.6
V1004494,2025-04-09,Lima,Tecnología,Laptop,162.04,5,Plin,810.2
V1004495,2025-03-26,Piura,Alimentos,Atún,376.33,5,Yape,1881.65
V1004496,2025-05-03,Lima,Tecnología,Laptop,68.93,4,Efectivo,275.72
V1004497,2025-09-10,Piura,Belleza,Shampoo,429.29,2,Tarjeta,858.58
V1004498,2025-03-13,Arequipa,Hogar,Olla,76.75,3,Efectivo,230.25
V1004499,2025-12-30,Trujillo,Moda,Pantalón,263.93,3,Tarjeta,791.79
V1004500,2025-10-28,Arequipa,Hogar,Aspiradora,81.12,5,Efectivo,405.6
V1004501,2025-04-01,Cusco,Moda,Pantalón,183.3,5,Plin,916.5
V1004502,2025-08-07,Lima,Tecnología,Laptop,465.08,4,Tarjeta,1860.32
V1004503,2025-08-08,Piura,,Maquillaje,194.59,1,Efectivo,194.59
V1004504,2025-08-06,Arequipa,Hogar,Microondas,12.42,2,Tarjeta,24.84
V1004505,2025-12-02,Trujillo,Belleza,Crema,397.18,4,Plin,1588.72
V1004506,2025-07-22,Piura,Alimentos,Café,355.17,5,Efectivo,1775.85
V1004507,2025-09-28,Cusco,,Licuadora,134.65,3,Plin,403.95
V1004508,2025-11-12,Piura,Moda,Camisa,363.63,4,Tarjeta,1454.52
V1004509,2025-06-06,Cusco,Tecnología,Tablet,430.09,5,Tarjeta,2150.45
V1004510,2025-01-09,Trujillo,Alimentos,Arroz,272.81,5,Plin,1364.05
V1004511,2025-03-31,Arequipa,Alimentos,Arroz,12.34,2,Yape,24.68
V1004512,2025-09-01,Trujillo,Moda,Casaca,317.82,4,Yape,1271.28
V1004513,2025-07-04,Piura,Alimentos,Arroz,465.11,2,Yape,930.22
V1004514,2025-11-07,Trujillo,Alimentos,Arroz,356.33,5,Yape,1781.65
V1004515,2025-04-24,Arequipa,Hogar,Licuadora,257.42,4,Plin,1029.68
V1004516,2025-11-18,Piura,Moda,Camisa,118.67,5,Efectivo,593.35
V1004517,2025-11-05,Piura,Alimentos,Café,186.45,2,Tarjeta,372.9
V1004518,2025-10-27,Piura,Alimentos,Arroz,246.72,2,Efectivo,493.44
V1004519,2025-10-21,Trujillo,,Shampoo,360.52,5,Efectivo,1802.6
V1004520,2025-08-06,Cusco,Alimentos,Aceite,339.76,1,Yape,339.76
V1004521,2025-11-24,Cusco,Hogar,Aspiradora,391.45,5,Yape,1957.25
V1004522,2025-09-20,Piura,Moda,Casaca,358.04,4,Plin,1432.16
V1004523,2025-10-19,Piura,Alimentos,Atún,219.38,5,Efectivo,1096.9
V1004524,2025-08-12,Lima,Moda,Camisa,20.21,1,Yape,20.21
V1004525,2025-03-15,Piura,Hogar,Aspiradora,87.28,2,Tarjeta,174.56
V1004526,2025-04-07,Lima,Tecnología,Tablet,123.83,2,Tarjeta,247.66
V1004527,2025-02-10,Trujillo,Hogar,Microondas,35.89,1,Yape,35.89
V1004528,2025-05-27,Cusco,Belleza,Crema,79.73,3,Yape,239.19
V1004529,2025-04-24,Lima,Tecnología,Celular,411.57,3,Yape,1234.71
V1004530,2025-11-27,Cusco,Hogar,Olla,297.19,1,Plin,297.19
V1004531,2025-09-02,Trujillo,Hogar,Aspiradora,328.34,3,Tarjeta,985.02
V1004532,2025-05-02,Arequipa,Alimentos,Café,117.98,5,Plin,589.9
V1004533,2025-05-13,Arequipa,Tecnología,Tablet,352.61,1,Efectivo,352.61
V1004534,2025-10-01,Lima,Hogar,Licuadora,191.33,4,Tarjeta,765.32
V1004535,2025-08-14,Trujillo,Alimentos,Atún,290.3,1,Plin,290.3
V1004536,2025-11-28,Arequipa,Alimentos,Arroz,476.37,5,Plin,2381.85
V1004537,2025-09-01,Cusco,Alimentos,Aceite,49.62,3,Tarjeta,148.86
V1004538,2025-02-22,Lima,Hogar,Microondas,79.66,1,Yape,79.66
V1004539,2025-03-10,Cusco,Belleza,Shampoo,20.9,5,Yape,104.5
V1004540,2025-05-22,Lima,Alimentos,Aceite,75.13,2,Efectivo,150.26
V1004541,2025-07-22,Cusco,Moda,Zapatillas,155.14,1,Plin,155.14
V1004542,2025-10-30,Cusco,Belleza,Maquillaje,305.12,2,Plin,610.24
V1004543,2025-08-29,Trujillo,Tecnología,Audífonos,110.21,1,Efectivo,110.21
V1004544,2025-01-17,Trujillo,Tecnología,Laptop,486.52,3,Yape,1459.56
V1004545,2025-02-20,Arequipa,Alimentos,Aceite,238.98,1,Yape,238.98
V1004546,2025-09-04,Trujillo,,Licuadora,397.18,5,Plin,1985.9
V1004547,2025-08-06,Trujillo,Moda,Zapatillas,278.7,2,Efectivo,557.4
V1004548,2025-01-24,Trujillo,Hogar,Licuadora,120.59,3,Yape,361.77
V1004549,2025-05-19,Piura,Alimentos,Aceite,439.1,4,Tarjeta,1756.4
V1004550,2025-04-23,Cusco,Moda,Camisa,245.81,1,Plin,245.81
V1004551,2025-11-20,Cusco,,Shampoo,331.16,2,Plin,662.32
V1004552,2025-06-13,Lima,Alimentos,Atún,276.21,2,Yape,552.42
V1004553,2025-01-21,Trujillo,Alimentos,Aceite,375.37,3,Plin,1126.11
V1004554,2025-04-18,Lima,Moda,Camisa,406.29,2,Tarjeta,812.58
V1004555,2025-10-15,Arequipa,Belleza,Maquillaje,400.4,3,Yape,1201.2
V1004556,2025-06-03,Piura,Hogar,Microondas,36.93,3,Plin,110.79
V1004557,2025-01-12,Lima,Alimentos,Atún,328.0,1,Plin,328.0
V1004558,2025-12-14,Piura,Alimentos,Arroz,231.32,4,Efectivo,925.28
V1004559,2025-05-03,Piura,Hogar,Microondas,141.6,3,Efectivo,424.8
V1004560,2025-02-05,Lima,Belleza,Shampoo,331.47,3,Tarjeta,994.41
V1004561,2025-11-03,Trujillo,Tecnología,Laptop,406.22,1,Tarjeta,406.22
V1004562,2025-01-19,Cusco,Belleza,Perfume,235.46,3,Tarjeta,706.38
V1004563,2025-02-25,Cusco,,Aspiradora,261.02,5,Tarjeta,1305.1
V1004564,2025-12-13,Arequipa,Hogar,Licuadora,52.22,4,Plin,208.88
V1004565,2025-11-12,Arequipa,Belleza,Maquillaje,461.05,2,Plin,922.1
V1004566,2025-05-30,Piura,Tecnología,Tablet,215.34,4,Yape,861.36
V1004567,2025-02-09,Arequipa,Alimentos,Aceite,396.96,4,Tarjeta,1587.84
V1004568,2025-12-05,Piura,Moda,Pantalón,449.0,2,Efectivo,898.0
V1004569,2025-06-19,Piura,Tecnología,Laptop,450.38,2,Yape,900.76
V1004570,2025-01-28,Cusco,Alimentos,Arroz,461.57,5,Yape,2307.85
V1004571,2025-04-16,Piura,Hogar,Aspiradora,374.51,2,Plin,749.02
V1004572,2025-06-04,Cusco,Hogar,Licuadora,428.47,5,Tarjeta,2142.35
V1004573,2025-03-22,Cusco,Moda,Pantalón,371.54,4,Yape,1486.16
V1004574,2025-05-18,Cusco,Belleza,Perfume,35.22,3,Efectivo,105.66
V1004575,2025-08-25,Arequipa,Belleza,Crema,498.38,3,Efectivo,1495.14
V1004576,2025-03-28,Cusco,Hogar,Olla,302.46,1,Plin,302.46
V1004577,2025-08-31,Lima,Tecnología,Tablet,415.25,1,Tarjeta,415.25
V1004578,2025-07-22,Arequipa,Moda,Camisa,263.94,1,Efectivo,263.94
V1004579,2025-10-24,Cusco,Belleza,Perfume,222.65,2,Plin,445.3
V1004580,2025-11-18,Cusco,Tecnología,Celular,447.26,2,Plin,894.52
V1004581,2025-12-24,Arequipa,Belleza,Perfume,132.18,3,Plin,396.54
V1004582,2025-02-17,Piura,Tecnología,Tablet,271.23,1,Tarjeta,271.23
V1004583,2025-09-04,Cusco,Belleza,Crema,323.12,4,Yape,1292.48
V1004584,2025-11-17,Piura,Belleza,Crema,487.38,5,Efectivo,2436.9
V1004585,2025-05-27,Arequipa,Tecnología,Tablet,401.04,3,Plin,1203.12
V1004586,2025-01-13,Trujillo,Tecnología,Audífonos,225.84,4,Plin,903.36
V1004587,2025-10-27,Piura,Tecnología,Tablet,49.07,1,Yape,49.07
V1004588,2025-11-29,Trujillo,Alimentos,Atún,360.04,1,Yape,360.04
V1004589,2025-08-17,Trujillo,Hogar,Aspiradora,394.13,4,Plin,1576.52
V1004590,2025-03-27,Trujillo,Alimentos,Arroz,110.43,2,Tarjeta,220.86
V1004591,2025-04-12,Cusco,Hogar,Microondas,190.88,1,Yape,190.88
V1004592,2025-11-20,Cusco,Belleza,Shampoo,206.39,2,Yape,412.78
V1004593,2025-05-05,Cusco,Tecnología,Celular,430.12,1,Yape,430.12
V1004594,2025-08-16,Arequipa,Belleza,Shampoo,454.71,2,Tarjeta,909.42
V1004595,2025-02-19,Trujillo,Belleza,Shampoo,467.12,3,Tarjeta,1401.36
V1004596,2025-01-20,Cusco,Alimentos,Atún,268.19,1,Yape,268.19
V1004597,2025-08-27,Lima,Hogar,Licuadora,479.57,3,Yape,1438.71
V1004598,2025-07-14,Cusco,Belleza,Maquillaje,484.08,4,Yape,1936.32
V1004599,2025-08-10,Arequipa,Tecnología,Tablet,32.49,1,Yape,32.49
V1004600,2025-12-02,Arequipa,Alimentos,Atún,143.81,2,Tarjeta,287.62
V1004601,2025-02-05,Piura,Hogar,Licuadora,200.1,3,Yape,600.3
V1004602,2025-06-30,Cusco,Hogar,Licuadora,155.0,5,Plin,775.0
V1004603,2025-01-12,Arequipa,Moda,Zapatillas,469.44,3,Efectivo,1408.32
V1004604,2025-06-17,Lima,Tecnología,Laptop,306.67,2,Tarjeta,613.34
V1004605,2025-07-19,Piura,Tecnología,Tablet,312.9,5,Efectivo,1564.5
V1004606,2025-03-12,Lima,Tecnología,Audífonos,175.32,5,Plin,876.6
V1004607,2025-09-11,Cusco,Hogar,Microondas,131.02,4,Efectivo,524.08
V1004608,2025-05-25,Piura,Alimentos,Café,111.57,1,Plin,111.57
V1004609,2025-06-18,Cusco,Hogar,Microondas,49.21,1,Plin,49.21
V1004610,2025-11-11,Piura,Tecnología,Audífonos,140.46,1,Yape,140.46
V1004611,2025-02-20,Piura,Moda,Camisa,105.32,3,Yape,315.96
V1004612,2025-04-13,Lima,Tecnología,Celular,382.04,4,Yape,1528.16
V1004613,2025-09-25,Lima,Tecnología,Celular,321.39,3,Plin,964.17
V1004614,2025-01-07,Lima,Alimentos,Atún,276.97,2,Yape,553.94
V1004615,2025-07-22,Lima,Alimentos,Arroz,286.25,5,Tarjeta,1431.25
V1004616,2025-02-02,Piura,Moda,Pantalón,323.21,1,Efectivo,323.21
V1004617,2025-12-04,Piura,Moda,Pantalón,448.11,3,Plin,1344.33
V1004618,2025-03-08,Cusco,Moda,Camisa,416.82,5,Tarjeta,2084.1
V1004619,2025-09-04,Lima,Belleza,Shampoo,268.75,4,Yape,1075.0
V1004620,2025-08-27,Trujillo,Moda,Camisa,486.37,5,Yape,2431.85
V1004621,2025-08-18,Cusco,Belleza,Crema,330.17,5,Yape,1650.85
V1004622,2025-08-14,Lima,Hogar,Licuadora,494.1,5,Plin,2470.5
V1004623,2025-03-21,Trujillo,Alimentos,Café,318.53,4,Efectivo,1274.12
V1004624,2025-05-05,Piura,Belleza,Maquillaje,378.27,3,Tarjeta,1134.81
V1004625,2025-11-12,Piura,Tecnología,Celular,362.05,4,Plin,1448.2
V1004626,2025-02-06,Lima,Alimentos,Aceite,40.14,3,Plin,120.42
V1004627,2025-01-22,Lima,Hogar,Microondas,284.5,1,Plin,284.5
V1004628,2025-08-25,Piura,Hogar,Microondas,464.16,1,Tarjeta,464.16
V1004629,2025-07-04,Cusco,Tecnología,Laptop,52.0,5,Yape,260.0
V1004630,2025-01-05,Cusco,Tecnología,Tablet,350.27,3,Yape,1050.81
V1004631,2025-02-11,Cusco,Alimentos,Aceite,166.0,4,Efectivo,664.0
V1004632,2025-10-27,Cusco,Belleza,Perfume,160.82,5,Tarjeta,804.1
V1004633,2025-05-29,Trujillo,Alimentos,Café,46.28,5,Yape,231.4
V1004634,2025-08-03,Trujillo,Moda,Casaca,234.73,1,Efectivo,234.73
V1004635,2025-05-07,Piura,Moda,Camisa,399.82,4,Tarjeta,1599.28
V1004636,2025-02-17,Cusco,Tecnología,Celular,244.4,3,Yape,733.2
V1004637,2025-07-08,Trujillo,Moda,Casaca,445.34,1,Efectivo,445.34
V1004638,2025-01-27,Cusco,Alimentos,Arroz,42.91,5,Tarjeta,214.55
V1004639,2025-06-28,Arequipa,Alimentos,Café,125.65,2,Yape,251.3
V1004640,2025-12-24,Piura,Hogar,Microondas,375.01,2,Efectivo,750.02
V1004641,2025-12-24,Lima,Hogar,Olla,176.67,3,Efectivo,530.01
V1004642,2025-01-31,Piura,Belleza,Shampoo,282.79,3,Plin,848.37
V1004643,2025-09-08,Piura,Hogar,Licuadora,283.3,5,Plin,1416.5
V1004644,2025-07-13,Arequipa,Tecnología,Audífonos,424.26,5,Tarjeta,2121.3
V1004645,2025-06-28,Cusco,Tecnología,Laptop,395.96,5,Yape,1979.8
V1004646,2025-07-06,Cusco,Alimentos,Arroz,362.77,2,Tarjeta,725.54
V1004647,2025-05-04,Piura,Alimentos,Arroz,387.1,3,Plin,1161.3
V1004648,2025-07-19,Trujillo,Tecnología,Tablet,301.44,1,Efectivo,301.44
V1004649,2025-11-21,Arequipa,Tecnología,Audífonos,43.77,4,Yape,175.08
V1004650,2025-06-23,Trujillo,Hogar,Aspiradora,369.73,4,Tarjeta,1478.92
V1004651,2025-09-15,Trujillo,Belleza,Perfume,386.35,5,Yape,1931.75
V1004652,2025-01-29,Cusco,Belleza,Perfume,415.41,2,Yape,830.82
V1004653,2025-03-09,Cusco,Alimentos,Arroz,193.29,2,Yape,386.58
V1004654,2025-07-24,Trujillo,Moda,Pantalón,297.57,4,Yape,1190.28
V1004655,2025-02-04,Lima,Moda,Zapatillas,451.07,4,Yape,1804.28
V1004656,2025-06-12,Trujillo,Moda,Zapatillas,156.37,3,Tarjeta,469.11
V1004657,2025-04-18,Piura,Tecnología,Celular,171.56,2,Efectivo,343.12
V1004658,2025-12-01,Arequipa,Tecnología,Laptop,87.83,5,Yape,439.15
V1004659,2025-10-06,Lima,Hogar,Licuadora,339.92,3,Yape,1019.76
V1004660,2025-03-16,Arequipa,Tecnología,Audífonos,156.61,1,Plin,156.61
V1004661,2025-01-25,Cusco,Alimentos,Aceite,191.95,4,Yape,767.8
V1004662,2025-04-05,Trujillo,Belleza,Perfume,18.33,3,Plin,54.99
V1004663,2025-07-05,Lima,Hogar,Aspiradora,29.35,4,Plin,117.4
V1004664,2025-07-08,Trujillo,Moda,Camisa,443.1,2,Plin,886.2
V1004665,2025-12-11,Piura,Alimentos,Atún,245.65,1,Efectivo,245.65
V1004666,2025-07-13,Cusco,Moda,Pantalón,451.05,1,Plin,451.05
V1004667,2025-12-12,Piura,Alimentos,Aceite,494.15,3,Tarjeta,1482.45
V1004668,2025-09-02,Trujillo,Alimentos,Atún,489.62,3,Tarjeta,1468.86
V1004669,2025-06-24,Trujillo,Belleza,Crema,109.81,5,Tarjeta,549.05
V1004670,2025-04-18,Lima,Tecnología,Celular,358.83,5,Efectivo,1794.15
V1004671,2025-06-22,Lima,Tecnología,Tablet,446.17,2,Efectivo,892.34
V1004672,2025-07-13,Cusco,Belleza,Shampoo,58.89,3,Yape,176.67
V1004673,2025-04-13,Piura,Hogar,Aspiradora,429.0,2,Tarjeta,858.0
V1004674,2025-12-30,Piura,Belleza,Crema,45.11,1,Yape,45.11
V1004675,2025-12-24,Trujillo,Moda,Casaca,27.92,3,Plin,83.76
V1004676,2025-03-10,Trujillo,,Audífonos,444.05,2,Yape,888.1
V1004677,2025-08-20,Arequipa,Moda,Pantalón,258.44,4,Tarjeta,1033.76
V1004678,2025-10-06,Piura,Hogar,Microondas,394.63,1,Plin,394.63
V1004679,2025-08-17,Cusco,Hogar,Licuadora,219.06,1,Tarjeta,219.06
V1004680,2025-11-10,Trujillo,Belleza,Maquillaje,152.86,5,Efectivo,764.3
V1004681,2025-04-14,Arequipa,Hogar,Licuadora,441.53,5,,2207.65
V1004682,2025-10-10,Trujillo,Tecnología,Celular,178.23,2,Plin,356.46
V1004683,2025-07-24,Trujillo,Belleza,Perfume,238.0,1,Efectivo,238.0
V1004684,2025-09-24,Trujillo,Alimentos,Café,191.98,4,Efectivo,767.92
V1004685,2025-04-09,Lima,Moda,Pantalón,374.41,2,Yape,748.82
V1004686,2025-12-04,Arequipa,Belleza,Maquillaje,239.11,2,Plin,478.22
V1004687,2025-04-29,Cusco,,Perfume,230.65,1,Yape,230.65
V1004688,2025-07-22,Trujillo,Tecnología,Celular,295.23,5,Yape,1476.15
V1004689,2025-11-20,Lima,Alimentos,Aceite,388.42,1,Yape,388.42
V1004690,2025-10-13,Lima,Alimentos,Aceite,167.95,5,Efectivo,839.75
V1004691,2025-04-02,Lima,Moda,Casaca,65.48,4,Plin,261.92
V1004692,2025-02-09,Piura,Tecnología,Audífonos,96.81,5,Tarjeta,484.05
V1004693,2025-06-03,Cusco,Alimentos,Café,47.97,3,Plin,143.91
V1004694,2025-10-09,Arequipa,Tecnología,Celular,184.68,3,Yape,554.04
V1004695,2025-02-28,Lima,Hogar,Aspiradora,105.53,2,Plin,211.06
V1004696,2025-10-28,Trujillo,Hogar,Microondas,162.51,5,Yape,812.55
V1004697,2025-12-06,Piura,Belleza,Crema,474.35,5,Yape,2371.75
V1004698,2025-01-19,Cusco,Tecnología,Tablet,372.05,4,Efectivo,1488.2
V1004699,2025-08-23,Arequipa,Belleza,Maquillaje,76.98,3,Plin,230.94
V1004700,2025-09-24,Piura,Tecnología,Celular,363.45,2,Plin,726.9
V1004701,2025-11-04,Lima,Belleza,Perfume,294.94,2,,589.88
V1004702,2025-01-25,Trujillo,Hogar,Microondas,90.34,5,Tarjeta,451.7
V1004703,2025-12-09,Lima,Moda,Camisa,489.93,4,Plin,1959.72
V1004704,2025-02-07,Cusco,Belleza,Maquillaje,162.96,5,Yape,814.8
V1004705,2025-05-05,Piura,Alimentos,Atún,195.32,1,Tarjeta,195.32
V1004706,2025-08-24,Cusco,Hogar,Aspiradora,127.75,5,Yape,638.75
V1004707,2025-07-12,Arequipa,Moda,Pantalón,146.81,4,Efectivo,587.24
V1004708,2025-06-15,Cusco,Moda,Pantalón,132.0,5,Plin,660.0
V1004709,2025-10-05,Lima,Moda,Zapatillas,113.32,4,Tarjeta,453.28
V1004710,2025-08-26,Arequipa,Moda,Camisa,158.63,5,Efectivo,793.15
V1004711,2025-07-16,Cusco,Moda,Casaca,320.94,3,Efectivo,962.82
V1004712,2025-10-20,Arequipa,Belleza,Crema,181.37,3,Yape,544.11
V1004713,2025-01-23,Cusco,Alimentos,Aceite,483.61,2,Tarjeta,967.22
V1004714,2025-05-01,Arequipa,Belleza,Perfume,16.17,3,Yape,48.51
V1004715,2025-09-10,Lima,Belleza,Crema,445.36,2,Efectivo,890.72
V1004716,2025-06-18,Cusco,Alimentos,Aceite,365.34,2,Plin,730.68
V1004717,2025-07-28,Cusco,Tecnología,Audífonos,251.59,2,Plin,503.18
V1004718,2025-01-10,Lima,Tecnología,Celular,489.51,1,Efectivo,489.51
V1004719,2025-02-14,Cusco,Belleza,Crema,38.96,1,Tarjeta,38.96
V1004720,2025-05-16,Cusco,Alimentos,Arroz,365.59,4,Tarjeta,1462.36
V1004721,2025-08-05,Arequipa,Tecnología,Celular,321.35,3,Plin,964.05
V1004722,2025-11-20,Arequipa,Moda,Zapatillas,264.23,3,Tarjeta,792.69
V1004723,2025-08-19,Lima,Tecnología,Audífonos,33.77,4,Plin,135.08
V1004724,2025-05-16,Arequipa,Belleza,Shampoo,68.19,2,Plin,136.38
V1004725,2025-08-03,Piura,,Microondas,88.37,2,Yape,176.74
V1004726,2025-02-20,Piura,Hogar,Licuadora,326.18,4,Plin,1304.72
V1004727,2025-08-23,Arequipa,Alimentos,Café,62.3,3,Yape,186.9
V1004728,2025-01-28,Lima,Moda,Pantalón,365.28,2,Tarjeta,730.56
V1004729,2025-08-15,Arequipa,Hogar,Microondas,466.17,5,Plin,2330.85
V1004730,2025-10-15,Cusco,Belleza,Crema,431.95,3,Plin,1295.85
V1004731,2025-01-06,Lima,Moda,Casaca,212.32,4,Yape,849.28
V1004732,2025-07-10,Arequipa,Hogar,Aspiradora,85.56,4,Plin,342.24
V1004733,2025-03-04,Piura,Hogar,Aspiradora,384.48,3,Plin,1153.44
V1004734,2025-01-07,Piura,Tecnología,Celular,211.26,3,Plin,633.78
V1004735,2025-08-24,Arequipa,Alimentos,Aceite,185.81,1,,185.81
V1004736,2025-01-26,Trujillo,Moda,Pantalón,208.42,2,Plin,416.84
V1004737,2025-02-11,Piura,Moda,Camisa,51.48,4,Yape,205.92
V1004738,2025-08-14,Cusco,Tecnología,Tablet,458.56,1,Yape,458.56
V1004739,2025-07-24,Piura,Alimentos,Aceite,493.99,1,Yape,493.99
V1004740,2025-09-05,Cusco,Belleza,Shampoo,104.33,4,Yape,417.32
V1004741,2025-01-22,Piura,Tecnología,Audífonos,471.01,3,Yape,1413.03
V1004742,2025-06-09,Cusco,,Audífonos,190.09,1,Plin,190.09
V1004743,2025-04-01,Arequipa,Alimentos,Arroz,33.15,1,Tarjeta,33.15
V1004744,2025-05-05,Arequipa,Belleza,Crema,313.37,5,Plin,1566.85
V1004745,2025-02-23,Piura,Belleza,Maquillaje,295.8,5,Tarjeta,1479.0
V1004746,2025-11-29,Arequipa,Belleza,Perfume,165.19,1,Tarjeta,165.19
V1004747,2025-07-17,Trujillo,,Café,189.77,3,Yape,569.31
V1004748,2025-11-08,Trujillo,Hogar,Aspiradora,181.4,1,Yape,181.4
V1004749,2025-04-25,Piura,Hogar,Aspiradora,277.69,1,Yape,277.69
V1004750,2025-06-19,Lima,Alimentos,Aceite,11.1,2,Efectivo,22.2
V1004751,2025-12-12,Arequipa,Alimentos,Café,298.21,5,Efectivo,1491.05
V1004752,2025-12-21,Lima,Alimentos,Café,27.66,2,Plin,55.32
V1004753,2025-06-04,Piura,Alimentos,Arroz,63.25,2,Plin,126.5
V1004754,2025-06-14,Cusco,Alimentos,Arroz,303.45,3,Efectivo,910.35
V1004755,2025-01-19,Lima,Alimentos,Atún,143.56,2,Plin,287.12
V1004756,2025-02-17,Lima,,Perfume,389.07,5,Tarjeta,1945.35
V1004757,2025-12-09,Cusco,Alimentos,Aceite,350.72,3,Efectivo,1052.16
V1004758,2025-07-17,Cusco,Belleza,Crema,21.97,1,Yape,21.97
V1004759,2025-12-08,Piura,Alimentos,Arroz,31.97,1,,31.97
V1004760,2025-12-10,Arequipa,Belleza,Maquillaje,364.61,5,Plin,1823.05
V1004761,2025-05-26,Arequipa,Moda,Pantalón,430.5,2,Yape,861.0
V1004762,2025-05-03,Piura,Tecnología,Laptop,324.9,2,,649.8
V1004763,2025-09-03,Piura,Tecnología,Celular,413.85,2,Efectivo,827.7
V1004764,2025-04-12,Piura,Moda,Zapatillas,116.64,1,Tarjeta,116.64
V1004765,2025-02-16,Trujillo,Moda,Pantalón,45.09,3,Plin,135.27
V1004766,2025-12-27,Arequipa,Moda,Zapatillas,498.8,3,Plin,1496.4
V1004767,2025-04-07,Cusco,Tecnología,Audífonos,105.65,3,Efectivo,316.95
V1004768,2025-06-26,Cusco,Tecnología,Audífonos,472.12,2,Plin,944.24
V1004769,2025-12-22,Arequipa,Tecnología,Celular,306.66,1,Yape,306.66
V1004770,2025-12-27,Arequipa,,Atún,58.85,1,Yape,58.85
V1004771,2025-01-07,Cusco,Alimentos,Aceite,147.94,2,Efectivo,295.88
V1004772,2025-07-02,Lima,Moda,Camisa,32.98,3,Plin,98.94
V1004773,2025-07-19,Trujillo,Moda,Camisa,78.13,5,Efectivo,390.65
V1004774,2025-02-03,Arequipa,Belleza,Shampoo,354.55,2,Yape,709.1
V1004775,2025-03-23,Trujillo,Hogar,Olla,88.35,3,Plin,265.05
V1004776,2025-10-16,Lima,,Maquillaje,317.54,4,Plin,1270.16
V1004777,2025-03-11,Piura,Hogar,Microondas,318.13,2,,636.26
V1004778,2025-05-01,Arequipa,Hogar,Olla,50.08,5,Tarjeta,250.4
V1004779,2025-05-13,Lima,Hogar,Olla,370.21,5,Tarjeta,1851.05
V1004780,2025-11-06,Piura,Hogar,Aspiradora,326.9,1,Yape,326.9
V1004781,2025-04-25,Lima,Hogar,Olla,473.31,5,Yape,2366.55
V1004782,2025-04-30,Arequipa,Tecnología,Celular,136.52,4,Efectivo,546.08
V1004783,2025-10-20,Arequipa,Hogar,Olla,101.91,1,Tarjeta,101.91
V1004784,2025-12-25,Trujillo,Moda,Camisa,116.73,2,Yape,233.46
V1004785,2025-06-03,Trujillo,Alimentos,Aceite,304.25,2,Plin,608.5
V1004786,2025-03-05,Cusco,Alimentos,Café,489.95,2,Plin,979.9
V1004787,2025-07-24,Lima,Alimentos,Atún,247.01,2,Yape,494.02
V1004788,2025-10-11,Trujillo,Alimentos,Café,183.83,1,Tarjeta,183.83
V1004789,2025-12-16,Arequipa,Belleza,Shampoo,113.57,4,Tarjeta,454.28
V1004790,2025-02-20,Arequipa,Alimentos,Aceite,340.47,4,Yape,1361.88
V1004791,2025-01-03,Arequipa,Tecnología,Audífonos,188.56,5,Tarjeta,942.8
V1004792,2025-10-07,Lima,Alimentos,Aceite,226.09,5,Yape,1130.45
V1004793,2025-11-23,Lima,Moda,Pantalón,20.11,4,Yape,80.44
V1004794,2025-12-01,Cusco,Alimentos,Café,252.25,3,Tarjeta,756.75
V1004795,2025-07-17,Piura,Belleza,Maquillaje,418.68,4,Plin,1674.72
V1004796,2025-03-15,Trujillo,Hogar,Licuadora,161.32,2,Plin,322.64
V1004797,2025-12-30,Piura,Belleza,Crema,211.25,2,Efectivo,422.5
V1004798,2025-01-11,Cusco,Belleza,Crema,204.89,4,Efectivo,819.56
V1004799,2025-04-04,Piura,Hogar,Olla,426.49,5,Tarjeta,2132.45
V1004800,2025-08-09,Arequipa,Belleza,Perfume,39.23,4,Efectivo,156.92
V1004801,2025-10-02,Trujillo,Tecnología,Audífonos,284.55,2,Tarjeta,569.1
V1004802,2025-09-23,Cusco,Alimentos,Café,448.86,5,Plin,2244.3
V1004803,2025-09-29,Trujillo,Alimentos,Atún,67.76,5,Yape,338.8
V1004804,2025-03-18,Piura,Belleza,Perfume,191.88,5,Efectivo,959.4
V1004805,2025-11-10,Piura,Belleza,Perfume,262.44,1,Efectivo,262.44
V1004806,2025-10-24,Arequipa,Alimentos,Café,317.34,2,Yape,634.68
V1004807,2025-04-19,Cusco,Moda,Pantalón,175.54,3,Tarjeta,526.62
V1004808,2025-09-29,Lima,Hogar,Aspiradora,460.16,1,Plin,460.16
V1004809,2025-01-03,Arequipa,Moda,Casaca,102.67,5,Yape,513.35
V1004810,2025-12-23,Piura,Moda,Zapatillas,156.52,3,Yape,469.56
V1004811,2025-02-04,Lima,Tecnología,Laptop,407.19,5,Efectivo,2035.95
V1004812,2025-09-30,Piura,,Laptop,144.89,2,Plin,289.78
V1004813,2025-12-19,Cusco,Belleza,Perfume,496.34,2,Yape,992.68
V1004814,2025-12-08,Piura,Tecnología,Celular,286.17,2,Tarjeta,572.34
V1004815,2025-02-09,Piura,Tecnología,Audífonos,57.56,2,Plin,115.12
V1004816,2025-11-10,Piura,Alimentos,Aceite,227.63,5,Tarjeta,1138.15
V1004817,2025-06-21,Arequipa,Alimentos,Café,398.87,1,Tarjeta,398.87
V1004818,2025-11-15,Arequipa,Moda,Pantalón,219.47,5,,1097.35
V1004819,2025-10-22,Arequipa,Tecnología,Audífonos,177.38,3,Yape,532.14
V1004820,2025-08-27,Lima,Tecnología,Audífonos,400.54,2,Plin,801.08
V1004821,2025-05-29,Cusco,Hogar,Aspiradora,300.8,5,,1504.0
V1004822,2025-12-17,Lima,Alimentos,Aceite,221.2,3,Tarjeta,663.6
V1004823,2025-10-28,Arequipa,Belleza,Crema,478.67,3,Efectivo,1436.01
V1004824,2025-09-01,Lima,Tecnología,Tablet,364.85,3,Plin,1094.55
V1004825,2025-07-02,Piura,Tecnología,Audífonos,272.76,1,Tarjeta,272.76
V1004826,2025-12-18,Lima,Tecnología,Tablet,197.57,1,Efectivo,197.57
V1004827,2025-12-13,Trujillo,Belleza,Perfume,152.81,2,Tarjeta,305.62
V1004828,2025-06-30,Arequipa,Moda,Pantalón,344.96,4,Yape,1379.84
V1004829,2025-12-01,Lima,Alimentos,Atún,31.36,2,Efectivo,62.72
V1004830,2025-12-10,Trujillo,Hogar,Licuadora,230.47,4,Plin,921.88
V1004831,2025-01-10,Trujillo,Tecnología,Laptop,393.06,4,Yape,1572.24
V1004832,2025-04-04,Trujillo,Hogar,Aspiradora,237.0,5,Plin,1185.0
V1004833,2025-04-18,Piura,Hogar,Microondas,196.95,2,Yape,393.9
V1004834,2025-06-18,Arequipa,Alimentos,Arroz,108.32,3,Plin,324.96
V1004835,2025-08-03,Cusco,Tecnología,Laptop,124.2,4,Plin,496.8
V1004836,2025-11-29,Cusco,Belleza,Crema,271.78,4,Tarjeta,1087.12
V1004837,2025-01-21,Cusco,Belleza,Shampoo,156.47,2,Yape,312.94
V1004838,2025-02-28,Cusco,,Tablet,423.72,2,Plin,847.44
V1004839,2025-08-27,Piura,Hogar,Microondas,302.38,1,Efectivo,302.38
V1004840,2025-09-18,Trujillo,Tecnología,Celular,389.46,3,Tarjeta,1168.38
V1004841,2025-10-26,Cusco,Alimentos,Arroz,409.59,4,Efectivo,1638.36
V1004842,2025-03-15,Piura,Belleza,Shampoo,445.97,5,Efectivo,2229.85
V1004843,2025-02-11,Arequipa,,Licuadora,369.54,1,Efectivo,369.54
V1004844,2025-06-16,Cusco,Belleza,Crema,136.97,1,Tarjeta,136.97
V1004845,2025-07-07,Cusco,Tecnología,Celular,238.64,3,Yape,715.92
V1004846,2025-04-23,Trujillo,Tecnología,Celular,48.94,4,Plin,195.76
V1004847,2025-05-15,Cusco,Tecnología,Laptop,157.9,2,Tarjeta,315.8
V1004848,2025-01-04,Arequipa,Tecnología,Celular,35.66,5,Plin,178.3
V1004849,2025-04-01,Piura,Belleza,Perfume,275.2,1,Plin,275.2
V1004850,2025-07-17,Arequipa,Belleza,Crema,47.53,1,Plin,47.53
V1004851,2025-09-13,Arequipa,Hogar,Licuadora,103.29,1,Tarjeta,103.29
V1004852,2025-02-02,Lima,Alimentos,Aceite,183.03,5,Efectivo,915.15
V1004853,2025-11-12,Arequipa,Belleza,Perfume,186.06,5,Plin,930.3
V1004854,2025-05-08,Arequipa,Alimentos,Café,129.43,3,Efectivo,388.29
V1004855,2025-07-13,Lima,Moda,Casaca,264.61,1,Yape,264.61
V1004856,2025-08-18,Trujillo,Moda,Pantalón,181.03,2,Efectivo,362.06
V1004857,2025-12-10,Piura,Belleza,Crema,53.92,5,Tarjeta,269.6
V1004858,2025-06-03,Cusco,Alimentos,Atún,335.54,5,Efectivo,1677.7
V1004859,2025-05-01,Lima,Moda,Zapatillas,86.84,4,Plin,347.36
V1004860,2025-08-08,Lima,Moda,Camisa,14.15,2,Tarjeta,28.3
V1004861,2025-09-25,Cusco,Alimentos,Aceite,152.1,3,Tarjeta,456.3
V1004862,2025-11-22,Arequipa,Moda,Camisa,68.35,2,Plin,136.7
V1004863,2025-02-27,Arequipa,Tecnología,Celular,72.43,2,Tarjeta,144.86
V1004864,2025-03-30,Lima,Tecnología,Tablet,249.02,3,Efectivo,747.06
V1004865,2025-06-20,Lima,Hogar,Aspiradora,45.23,3,Yape,135.69
V1004866,2025-01-26,Piura,Belleza,Maquillaje,353.61,4,Plin,1414.44
V1004867,2025-10-31,Trujillo,Hogar,Microondas,496.4,5,Plin,2482.0
V1004868,2025-02-25,Lima,Moda,Casaca,59.69,1,Efectivo,59.69
V1004869,2025-09-13,Lima,Belleza,Shampoo,197.88,1,Efectivo,197.88
V1004870,2025-01-30,Arequipa,Hogar,Microondas,93.32,2,Tarjeta,186.64
V1004871,2025-11-29,Piura,Alimentos,Aceite,280.46,4,Yape,1121.84
V1004872,2025-08-31,Piura,Hogar,Aspiradora,111.99,4,Yape,447.96
V1004873,2025-12-14,Trujillo,Belleza,Maquillaje,158.33,5,Tarjeta,791.65
V1004874,2025-09-08,Arequipa,Alimentos,Aceite,307.15,3,Tarjeta,921.45
V1004875,2025-06-08,Cusco,Alimentos,Arroz,200.22,5,Plin,1001.1
V1004876,2025-11-11,Cusco,Belleza,Maquillaje,72.83,1,,72.83
V1004877,2025-05-09,Trujillo,Belleza,Perfume,284.47,2,Yape,568.94
V1004878,2025-03-28,Lima,Alimentos,Aceite,144.59,4,Plin,578.36
V1004879,2025-11-05,Piura,Alimentos,Atún,245.54,2,Plin,491.08
V1004880,2025-02-07,Piura,Tecnología,Laptop,91.65,1,Plin,91.65
V1004881,2025-11-29,Cusco,Hogar,Olla,249.17,4,Tarjeta,996.68
V1004882,2025-07-16,Cusco,Moda,Pantalón,106.38,2,Plin,212.76
V1004883,2025-08-11,Cusco,Tecnología,Tablet,396.46,1,Plin,396.46
V1004884,2025-07-23,Lima,Belleza,Crema,138.07,1,Efectivo,138.07
V1004885,2025-07-12,Piura,Hogar,Olla,36.52,3,Efectivo,109.56
V1004886,2025-07-01,Cusco,Belleza,Shampoo,469.23,2,Efectivo,938.46
V1004887,2025-01-11,Lima,Alimentos,Aceite,263.68,3,Tarjeta,791.04
V1004888,2025-04-02,Trujillo,,Arroz,147.07,4,Efectivo,588.28
V1004889,2025-07-14,Trujillo,Moda,Pantalón,471.4,3,Tarjeta,1414.2
V1004890,2025-04-05,Lima,Hogar,Licuadora,344.35,5,Efectivo,1721.75
V1004891,2025-10-22,Trujillo,Hogar,Olla,279.36,4,Plin,1117.44
V1004892,2025-11-10,Lima,Alimentos,Atún,146.94,5,Yape,734.7
V1004893,2025-01-21,Piura,Alimentos,Atún,59.68,4,Plin,238.72
V1004894,2025-04-07,Trujillo,Belleza,Maquillaje,363.41,5,Plin,1817.05
V1004895,2025-12-15,Arequipa,Tecnología,Audífonos,215.57,2,Efectivo,431.14
V1004896,2025-02-07,Piura,Belleza,Crema,15.66,3,Plin,46.98
V1004897,2025-03-02,Piura,Alimentos,Atún,20.61,4,Yape,82.44
V1004898,2025-11-06,Trujillo,Hogar,Aspiradora,465.72,2,,931.44
V1004899,2025-09-24,Cusco,Tecnología,Audífonos,299.1,1,Efectivo,299.1
V1004900,2025-03-08,Trujillo,,Crema,368.93,5,Plin,1844.65
V1004901,2025-02-24,Lima,Tecnología,Celular,429.16,4,Efectivo,1716.64
V1004902,2025-11-28,Cusco,Alimentos,Café,476.18,2,Yape,952.36
V1004903,2025-07-30,Cusco,Belleza,Crema,282.48,2,Tarjeta,564.96
V1004904,2025-03-30,Lima,Belleza,Perfume,65.59,4,Yape,262.36
V1004905,2025-09-01,Arequipa,Moda,Camisa,417.11,1,Tarjeta,417.11
V1004906,2025-01-31,Piura,Belleza,Perfume,443.24,2,Plin,886.48
V1004907,2025-04-24,Arequipa,Belleza,Maquillaje,336.2,4,Efectivo,1344.8
V1004908,2025-02-12,Cusco,Tecnología,Laptop,469.12,4,Tarjeta,1876.48
V1004909,2025-12-01,Cusco,Hogar,Microondas,359.82,4,Plin,1439.28
V1004910,2025-05-04,Lima,Moda,Camisa,117.65,2,Yape,235.3
V1004911,2025-09-06,Arequipa,Belleza,Shampoo,268.99,3,Yape,806.97
V1004912,2025-10-29,Trujillo,Alimentos,Arroz,116.62,5,Efectivo,583.1
V1004913,2025-07-20,Lima,Moda,Pantalón,46.18,1,Tarjeta,46.18
V1004914,2025-01-05,Cusco,Tecnología,Tablet,100.5,2,Yape,201.0
V1004915,2025-10-20,Cusco,Hogar,Aspiradora,378.85,3,Yape,1136.55
V1004916,2025-07-01,Arequipa,Belleza,Crema,442.45,3,Plin,1327.35
V1004917,2025-04-01,Trujillo,Moda,Pantalón,400.45,4,Plin,1601.8
V1004918,2025-04-21,Piura,Alimentos,Café,484.79,3,Tarjeta,1454.37
V1004919,2025-10-24,Lima,Alimentos,Atún,455.84,1,Yape,455.84
V1004920,2025-08-22,Trujillo,Tecnología,Tablet,122.37,1,Yape,122.37
V1004921,2025-05-05,Lima,Hogar,Microondas,293.96,2,Tarjeta,587.92
V1004922,2025-01-01,Cusco,Tecnología,Laptop,243.02,1,Plin,243.02
V1004923,2025-09-18,Trujillo,Alimentos,Aceite,13.56,4,Yape,54.24
V1004924,2025-04-03,Trujillo,,Olla,231.42,2,Efectivo,462.84
V1004925,2025-02-07,Cusco,Hogar,Licuadora,160.68,4,Plin,642.72
V1004926,2025-01-16,Piura,Hogar,Microondas,389.61,1,Efectivo,389.61
V1004927,2025-12-29,Piura,Belleza,Perfume,472.38,3,Efectivo,1417.14
V1004928,2025-05-15,Trujillo,Hogar,Olla,201.25,2,Efectivo,402.5
V1004929,2025-05-05,Piura,Moda,Pantalón,380.64,1,Efectivo,380.64
V1004930,2025-06-02,Trujillo,Belleza,Shampoo,121.51,2,Plin,243.02
V1004931,2025-05-26,Piura,Belleza,Shampoo,315.47,1,Yape,315.47
V1004932,2025-02-21,Lima,Alimentos,Café,376.34,4,Yape,1505.36
V1004933,2025-05-20,Trujillo,Tecnología,Laptop,138.59,4,Efectivo,554.36
V1004934,2025-05-25,Lima,Moda,Camisa,102.81,5,Plin,514.05
V1004935,2025-09-28,Cusco,Tecnología,Celular,113.62,1,Plin,113.62
V1004936,2025-08-01,Trujillo,Hogar,Microondas,136.07,5,Efectivo,680.35
V1004937,2025-04-06,Piura,Moda,Camisa,136.26,1,Efectivo,136.26
V1004938,2025-12-30,Trujillo,Belleza,Crema,209.94,2,Plin,419.88
V1004939,2025-02-02,Piura,Alimentos,Café,110.83,2,Tarjeta,221.66
V1004940,2025-03-15,Trujillo,Alimentos,Aceite,93.76,1,Yape,93.76
V1004941,2025-09-26,Trujillo,Tecnología,Audífonos,87.94,5,Plin,439.7
V1004942,2025-11-05,Piura,Belleza,Maquillaje,87.47,2,Plin,174.94
V1004943,2025-09-24,Cusco,Moda,Camisa,101.2,3,Yape,303.6
V1004944,2025-12-15,Arequipa,Tecnología,Audífonos,80.49,1,Efectivo,80.49
V1004945,2025-09-04,Piura,Alimentos,Café,355.75,1,Yape,355.75
V1004946,2025-03-04,Arequipa,Belleza,Maquillaje,217.34,5,Plin,1086.7
V1004947,2025-03-29,Trujillo,Moda,Camisa,479.71,5,Efectivo,2398.55
V1004948,2025-02-18,Cusco,Moda,Zapatillas,221.81,4,Yape,887.24
V1004949,2025-05-19,Lima,Moda,Zapatillas,307.35,5,Yape,1536.75
V1004950,2025-08-04,Cusco,Moda,Pantalón,159.58,4,Tarjeta,638.32
V1004951,2025-07-10,Cusco,Tecnología,Laptop,59.23,3,Tarjeta,177.69
V1004952,2025-02-23,Lima,Alimentos,Café,148.95,1,Plin,148.95
V1004953,2025-05-15,Cusco,Moda,Casaca,154.66,2,Plin,309.32
V1004954,2025-06-08,Trujillo,Moda,Casaca,410.55,1,Efectivo,410.55
V1004955,2025-07-15,Cusco,Tecnología,Tablet,333.48,5,Efectivo,1667.4
V1004956,2025-01-05,Cusco,Belleza,Crema,139.29,4,Efectivo,557.16
V1004957,2025-10-20,Cusco,Belleza,Maquillaje,285.55,4,Efectivo,1142.2
V1004958,2025-02-27,Cusco,Alimentos,Aceite,381.42,2,Plin,762.84
V1004959,2025-04-13,Cusco,Belleza,Maquillaje,177.61,5,Plin,888.05
V1004960,2025-12-06,Lima,Hogar,Microondas,350.91,4,Efectivo,1403.64
V1004961,2025-10-24,Trujillo,Hogar,Licuadora,163.14,2,Efectivo,326.28
V1004962,2025-04-19,Cusco,Hogar,Aspiradora,305.55,4,Tarjeta,1222.2
V1004963,2025-04-04,Arequipa,Tecnología,Tablet,434.58,4,Plin,1738.32
V1004964,2025-12-14,Piura,Moda,Pantalón,343.71,1,Tarjeta,343.71
V1004965,2025-03-10,Cusco,Hogar,Licuadora,314.19,2,Efectivo,628.38
V1004966,2025-08-21,Piura,Alimentos,Arroz,380.86,5,Yape,1904.3
V1004967,2025-11-21,Trujillo,Moda,Camisa,10.37,2,Tarjeta,20.74
V1004968,2025-10-29,Trujillo,Moda,Camisa,189.98,3,Plin,569.94
V1004969,2025-06-21,Trujillo,Alimentos,Atún,477.73,3,Yape,1433.19
V1004970,2025-08-07,Cusco,Belleza,Perfume,282.15,3,Tarjeta,846.45
V1004971,2025-03-21,Piura,Moda,Camisa,97.4,4,Efectivo,389.6
V1004972,2025-06-02,Lima,Belleza,Maquillaje,307.77,3,Tarjeta,923.31
V1004973,2025-12-19,Lima,Tecnología,Audífonos,307.8,3,Tarjeta,923.4
V1004974,2025-09-01,Lima,Hogar,Licuadora,160.11,4,Tarjeta,640.44
V1004975,2025-06-08,Trujillo,Alimentos,Arroz,290.06,5,Yape,1450.3
V1004976,2025-08-08,Trujillo,Alimentos,Aceite,311.47,1,Plin,311.47
V1004977,2025-04-09,Lima,Tecnología,Audífonos,231.61,5,Plin,1158.05
V1004978,2025-12-16,Trujillo,,Camisa,15.88,4,Tarjeta,63.52
V1004979,2025-05-20,Cusco,,Audífonos,80.84,2,Tarjeta,161.68
V1004980,2025-11-06,Piura,Alimentos,Café,149.09,4,Tarjeta,596.36
V1004981,2025-10-24,Cusco,Belleza,Maquillaje,340.91,2,Plin,681.82
V1004982,2025-07-12,Lima,Moda,Pantalón,298.94,2,Efectivo,597.88
V1004983,2025-08-01,Lima,Alimentos,Aceite,204.46,1,Tarjeta,204.46
V1004984,2025-11-09,Cusco,Hogar,Licuadora,203.93,3,Efectivo,611.79
V1004985,2025-01-05,Trujillo,Moda,Casaca,100.04,5,Yape,500.2
V1004986,2025-10-23,Cusco,Belleza,Crema,202.61,4,Plin,810.44
V1004987,2025-05-26,Cusco,Moda,Camisa,242.38,4,Tarjeta,969.52
V1004988,2025-03-31,Lima,Belleza,Perfume,438.92,5,Efectivo,2194.6
V1004989,2025-09-20,Arequipa,Alimentos,Café,171.73,1,Plin,171.73
V1004990,2025-06-24,Cusco,Tecnología,Audífonos,339.11,3,Plin,1017.33
V1004991,2025-09-15,Trujillo,Tecnología,Laptop,166.11,3,Efectivo,498.33
V1004992,2025-09-09,Lima,Tecnología,Laptop,479.06,2,Yape,958.12
V1004993,2025-02-18,Cusco,Moda,Casaca,410.41,5,Yape,2052.05
V1004994,2025-12-02,Trujillo,Hogar,Microondas,42.08,1,Efectivo,42.08
V1004995,2025-04-13,Arequipa,Alimentos,Arroz,381.13,4,Efectivo,1524.52
V1004996,2025-08-13,Piura,Belleza,Shampoo,164.57,5,Tarjeta,822.85
V1004997,2025-08-04,Cusco,Moda,Zapatillas,442.91,5,Tarjeta,2214.55
V1004998,2025-06-21,Piura,Belleza,Shampoo,20.24,4,Plin,80.96
V1004999,2025-08-07,Lima,Belleza,Maquillaje,158.97,3,Yape,476.91
V1005000,2025-07-22,Lima,Hogar,Aspiradora,52.14,4,Efectivo,208.56
V1005001,2025-05-29,Arequipa,Moda,Zapatillas,482.97,5,Efectivo,2414.85
V1005002,2025-09-09,Trujillo,Moda,Pantalón,368.17,5,Efectivo,1840.85
V1005003,2025-01-02,Piura,Alimentos,Café,198.58,1,Tarjeta,198.58
V1005004,2025-11-22,Trujillo,Moda,Camisa,171.48,2,Plin,342.96
V1005005,2025-02-21,Cusco,Moda,Zapatillas,452.82,1,Yape,452.82
V1005006,2025-03-02,Trujillo,Belleza,Shampoo,153.09,5,Yape,765.45
V1005007,2025-10-10,Trujillo,Alimentos,Arroz,90.13,4,Efectivo,360.52
V1005008,2025-04-24,Cusco,Alimentos,Aceite,485.99,4,Yape,1943.96
V1005009,2025-11-20,Arequipa,Belleza,Crema,23.16,4,Yape,92.64
V1005010,2025-04-25,Arequipa,Belleza,Perfume,246.11,5,Efectivo,1230.55
V1005011,2025-04-26,Lima,Belleza,Shampoo,238.77,4,Efectivo,955.08
V1005012,2025-08-09,Cusco,Alimentos,Arroz,346.29,3,Efectivo,1038.87
V1005013,2025-02-06,Cusco,Alimentos,Arroz,215.84,1,Yape,215.84
V1005014,2025-02-15,Arequipa,Belleza,Perfume,12.63,2,Plin,25.26
V1005015,2025-07-22,Trujillo,Moda,Camisa,382.71,2,Yape,765.42
V1005016,2025-09-13,Piura,,Aspiradora,270.63,1,Tarjeta,270.63
V1005017,2025-07-07,Cusco,Moda,Zapatillas,499.46,3,Efectivo,1498.38
V1005018,2025-01-13,Cusco,Moda,Pantalón,31.25,3,Yape,93.75
V1005019,2025-11-19,Arequipa,Belleza,Perfume,461.9,3,Yape,1385.7
V1005020,2025-08-05,Arequipa,Belleza,Perfume,88.32,3,Tarjeta,264.96
V1005021,2025-10-10,Arequipa,Alimentos,Atún,110.95,4,Tarjeta,443.8
V1005022,2025-01-16,Cusco,Alimentos,Aceite,496.55,3,Plin,1489.65
V1005023,2025-10-28,Cusco,Tecnología,Laptop,71.06,5,Yape,355.3
V1005024,2025-10-27,Cusco,Hogar,Aspiradora,386.53,3,Plin,1159.59
V1005025,2025-10-15,Trujillo,Moda,Zapatillas,83.67,2,Plin,167.34
V1005026,2025-04-27,Cusco,Belleza,Shampoo,357.47,2,Plin,714.94
V1005027,2025-03-17,Lima,Moda,Camisa,377.35,4,Plin,1509.4
V1005028,2025-02-13,Arequipa,Tecnología,Celular,132.1,2,Efectivo,264.2
V1005029,2025-08-23,Arequipa,Hogar,Microondas,239.09,5,Yape,1195.45
V1005030,2025-02-11,Lima,Moda,Pantalón,305.59,4,Yape,1222.36
V1005031,2025-06-15,Cusco,Belleza,Maquillaje,362.83,1,Efectivo,362.83
V1005032,2025-05-25,Piura,Hogar,Olla,116.58,4,Yape,466.32
V1005033,2025-12-03,Lima,Moda,Zapatillas,338.61,5,Plin,1693.05
V1005034,2025-07-06,Trujillo,Tecnología,Celular,134.6,2,Tarjeta,269.2
V1005035,2025-06-26,Piura,Belleza,Crema,252.61,5,Efectivo,1263.05
V1005036,2025-11-07,Cusco,Alimentos,Atún,433.97,5,Plin,2169.85
V1005037,2025-04-11,Trujillo,Belleza,Crema,404.63,2,Tarjeta,809.26
V1005038,2025-08-28,Lima,Moda,Casaca,497.5,4,Tarjeta,1990.0
V1005039,2025-11-20,Trujillo,Belleza,Perfume,242.63,1,Efectivo,242.63
V1005040,2025-11-29,Piura,Hogar,Licuadora,11.23,4,Efectivo,44.92
V1005041,2025-08-08,Piura,Moda,Casaca,252.31,5,,1261.55
V1005042,2025-05-30,Arequipa,Hogar,Licuadora,472.95,2,Plin,945.9
V1005043,2025-07-30,Cusco,Tecnología,Tablet,316.63,2,Efectivo,633.26
V1005044,2025-04-18,Arequipa,Tecnología,Celular,381.69,2,Efectivo,763.38
V1005045,2025-12-20,Trujillo,Moda,Pantalón,427.86,5,Plin,2139.3
V1005046,2025-11-16,Arequipa,Alimentos,Aceite,440.04,5,Tarjeta,2200.2
V1005047,2025-05-08,Piura,Belleza,Maquillaje,247.97,1,Plin,247.97
V1005048,2025-07-05,Lima,Hogar,Aspiradora,225.58,4,Plin,902.32
V1005049,2025-06-21,Arequipa,Alimentos,Café,459.42,5,Tarjeta,2297.1
V1005050,2025-07-08,Arequipa,Belleza,Perfume,203.23,2,Yape,406.46
V1005051,2025-06-12,Piura,Tecnología,Audífonos,498.93,3,Efectivo,1496.79
V1005052,2025-11-04,Lima,Alimentos,Atún,488.94,1,Tarjeta,488.94
V1005053,2025-05-02,Arequipa,Moda,Pantalón,387.01,4,Efectivo,1548.04
V1005054,2025-10-29,Cusco,Belleza,Crema,366.0,4,Plin,1464.0
V1005055,2025-02-22,Cusco,Alimentos,Atún,289.41,1,Plin,289.41
V1005056,2025-01-15,Lima,Hogar,Licuadora,408.78,4,Efectivo,1635.12
V1005057,2025-07-07,Arequipa,Alimentos,Arroz,446.4,2,Tarjeta,892.8
V1005058,2025-07-26,Piura,Belleza,Shampoo,300.6,5,Yape,1503.0
V1005059,2025-07-16,Trujillo,Moda,Zapatillas,422.59,5,Efectivo,2112.95
V1005060,2025-03-10,Trujillo,Moda,Casaca,103.11,5,,515.55
V1005061,2025-03-26,Cusco,Alimentos,Arroz,273.88,3,Plin,821.64
V1005062,2025-01-22,Cusco,Alimentos,Aceite,255.78,2,Tarjeta,511.56
V1005063,2025-05-26,Piura,Moda,Camisa,495.91,2,Plin,991.82
V1005064,2025-10-21,Trujillo,Alimentos,Arroz,483.46,5,Plin,2417.3
V1005065,2025-09-26,Arequipa,,Atún,274.19,4,Yape,1096.76
V1005066,2025-07-28,Cusco,Alimentos,Café,40.19,3,,120.57
V1005067,2025-02-16,Lima,Moda,Casaca,375.98,4,Tarjeta,1503.92
V1005068,2025-10-25,Piura,Moda,Zapatillas,165.71,4,Plin,662.84
V1005069,2025-03-16,Trujillo,,Audífonos,442.97,5,Efectivo,2214.85
V1005070,2025-08-14,Arequipa,Belleza,Crema,459.7,5,Plin,2298.5
V1005071,2025-10-10,Arequipa,Moda,Casaca,410.14,3,Tarjeta,1230.42
V1005072,2025-09-26,Lima,Tecnología,Celular,263.61,4,Tarjeta,1054.44
V1005073,2025-12-01,Trujillo,Alimentos,Atún,199.41,2,,398.82
V1005074,2025-11-04,Piura,Tecnología,Tablet,155.16,1,Tarjeta,155.16
V1005075,2025-10-10,Piura,Tecnología,Celular,423.35,3,Plin,1270.05
V1005076,2025-05-03,Cusco,Alimentos,Café,183.54,4,Tarjeta,734.16
V1005077,2025-09-13,Piura,Hogar,Olla,39.68,3,Efectivo,119.04
V1005078,2025-11-04,Trujillo,Belleza,Shampoo,211.35,2,Plin,422.7
V1005079,2025-01-16,Arequipa,Moda,Zapatillas,210.06,2,Tarjeta,420.12
V1005080,2025-07-03,Lima,Alimentos,Arroz,115.29,2,Plin,230.58
V1005081,2025-02-22,Piura,Belleza,Perfume,317.63,3,Yape,952.89
V1005082,2025-05-18,Arequipa,Alimentos,Café,86.82,5,Efectivo,434.1
V1005083,2025-06-04,Trujillo,Hogar,Licuadora,482.64,1,Yape,482.64
V1005084,2025-10-13,Cusco,Tecnología,Laptop,380.98,3,Tarjeta,1142.94
V1005085,2025-12-01,Trujillo,Belleza,Maquillaje,54.69,3,Efectivo,164.07
V1005086,2025-05-22,Lima,Alimentos,Café,108.04,3,Plin,324.12
V1005087,2025-08-18,Lima,Alimentos,Atún,21.56,5,Plin,107.8
V1005088,2025-04-12,Piura,Belleza,Crema,117.57,3,Tarjeta,352.71
V1005089,2025-01-01,Piura,Belleza,Crema,327.76,3,Tarjeta,983.28
V1005090,2025-07-05,Trujillo,,Casaca,166.01,2,Yape,332.02
V1005091,2025-10-29,Lima,Tecnología,Laptop,463.74,2,Yape,927.48
V1005092,2025-10-16,Trujillo,Belleza,Perfume,350.47,9999,Efectivo,700.94
V1005093,2025-08-01,Arequipa,Belleza,Maquillaje,364.03,3,Plin,1092.09
V1005094,2025-06-16,Arequipa,,Audífonos,157.74,4,Efectivo,630.96
V1005095,2025-08-09,Piura,Alimentos,Arroz,341.71,5,Yape,1708.55
V1005096,2025-07-29,Cusco,Tecnología,Celular,311.24,2,Plin,622.48
V1005097,2025-06-01,Arequipa,Moda,Zapatillas,12.63,5,Efectivo,63.15
V1005098,2025-06-27,Piura,Tecnología,Tablet,285.54,5,Plin,1427.7
V1005099,2025-08-30,Trujillo,,Zapatillas,71.15,4,,284.6
V1005100,2025-03-10,Piura,Moda,Casaca,453.48,3,Efectivo,1360.44
V1005101,2025-09-09,Lima,Belleza,Perfume,46.27,1,Yape,46.27
V1005102,2025-10-20,Lima,Alimentos,Café,399.9,3,Tarjeta,1199.7
V1005103,2025-01-03,Lima,Alimentos,Café,167.9,1,Yape,167.9
V1005104,2025-01-30,Trujillo,Moda,Camisa,116.4,3,Yape,349.2
V1005105,2025-12-03,Arequipa,Moda,Zapatillas,147.85,5,Yape,739.25
V1005106,2025-03-12,Trujillo,Belleza,Maquillaje,487.1,4,Efectivo,1948.4
V1005107,2025-08-03,Cusco,Tecnología,Audífonos,139.74,1,Efectivo,139.74
V1005108,2025-03-28,Piura,Alimentos,Atún,266.12,3,Yape,798.36
V1005109,2025-09-05,Trujillo,Hogar,Licuadora,241.01,3,Plin,723.03
V1005110,2025-10-14,Piura,Hogar,Aspiradora,152.58,1,Yape,152.58
V1005111,2025-07-30,Trujillo,Tecnología,Celular,492.39,3,Efectivo,1477.17
V1005112,2025-05-07,Trujillo,Hogar,Licuadora,44.93,3,Plin,134.79
V1005113,2025-04-21,Piura,Tecnología,Audífonos,492.25,3,,1476.75
V1005114,2025-11-13,Trujillo,Alimentos,Arroz,376.56,3,Tarjeta,1129.68
V1005115,2025-12-27,Cusco,Hogar,Aspiradora,217.55,5,Plin,1087.75
V1005116,2025-02-18,Cusco,Belleza,Maquillaje,329.12,4,Yape,1316.48
V1005117,2025-12-20,Piura,Moda,Casaca,320.61,2,Yape,641.22
V1005118,2025-03-23,Cusco,Tecnología,Tablet,62.07,4,Yape,248.28
V1005119,2025-07-30,Lima,Hogar,Licuadora,16.64,2,Efectivo,33.28
V1005120,2025-02-03,Cusco,Hogar,Olla,174.64,2,Efectivo,349.28
V1005121,2025-06-19,Cusco,Alimentos,Aceite,334.92,2,Tarjeta,669.84
V1005122,2025-01-08,Lima,Moda,Zapatillas,169.27,2,Tarjeta,338.54
V1005123,2025-08-15,Arequipa,Tecnología,Audífonos,487.53,5,Plin,2437.65
V1005124,2025-06-12,Arequipa,Alimentos,Arroz,427.09,4,Efectivo,1708.36
V1005125,2025-02-01,Cusco,Moda,Casaca,387.88,3,Tarjeta,1163.64
V1005126,2025-12-01,Cusco,Tecnología,Audífonos,207.49,1,Tarjeta,207.49
V1005127,2025-12-05,Cusco,Alimentos,Aceite,331.08,5,Plin,1655.4
V1005128,2025-04-14,Arequipa,Belleza,Maquillaje,206.22,3,Tarjeta,618.66
V1005129,2025-07-21,Cusco,Hogar,Licuadora,333.59,4,Plin,1334.36
V1005130,2025-02-16,Arequipa,Tecnología,Laptop,85.46,4,Yape,341.84
V1005131,2025-05-31,Trujillo,Moda,Casaca,326.56,2,Tarjeta,653.12
V1005132,2025-06-21,Cusco,Belleza,Shampoo,427.44,1,Tarjeta,427.44
V1005133,2025-09-13,Trujillo,,Microondas,202.15,1,,202.15
V1005134,2025-01-29,Cusco,Hogar,Olla,386.1,5,Plin,1930.5
V1005135,2025-12-17,Arequipa,Tecnología,Laptop,90.75,1,Yape,90.75
V1005136,2025-09-06,Piura,Tecnología,Laptop,129.39,1,,129.39
V1005137,2025-11-23,Cusco,Belleza,Maquillaje,240.19,5,Yape,1200.95
V1005138,2025-06-29,Lima,Belleza,Crema,460.87,3,Efectivo,1382.61
V1005139,2025-11-04,Arequipa,Hogar,Aspiradora,104.75,4,Yape,419.0
V1005140,2025-06-02,Trujillo,Alimentos,Arroz,425.56,2,Efectivo,851.12
V1005141,2025-04-18,Trujillo,Belleza,Maquillaje,93.96,1,Efectivo,93.96
V1005142,2025-01-27,Piura,Belleza,Maquillaje,431.8,5,Yape,2159.0
V1005143,2025-04-19,Piura,Belleza,Perfume,117.51,1,Tarjeta,117.51
V1005144,2025-04-15,Piura,Belleza,Shampoo,154.54,2,Plin,309.08
V1005145,2025-10-01,Arequipa,Tecnología,Laptop,90.6,4,Tarjeta,362.4
V1005146,2025-11-12,Lima,Hogar,Olla,404.04,5,Plin,2020.2
V1005147,2025-03-22,Lima,Belleza,Maquillaje,312.21,3,Efectivo,936.63
V1005148,2025-05-08,Lima,Alimentos,Atún,221.99,3,Plin,665.97
V1005149,2025-07-21,Cusco,Moda,Camisa,69.0,5,Plin,345.0
V1005150,2025-06-15,Arequipa,Alimentos,Café,256.62,5,Yape,1283.1
V1005151,2025-08-20,Piura,Belleza,Shampoo,415.17,1,Plin,415.17
V1005152,2025-11-23,Trujillo,Moda,Pantalón,360.63,3,Efectivo,1081.89
V1005153,2025-05-10,Cusco,Alimentos,Arroz,314.07,1,Efectivo,314.07
V1005154,2025-04-27,Piura,Moda,Zapatillas,380.75,5,Plin,1903.75
V1005155,2025-03-01,Cusco,Moda,Camisa,370.86,3,Efectivo,1112.58
V1005156,2025-11-16,Lima,Moda,Camisa,300.69,3,Yape,902.07
V1005157,2025-10-24,Lima,Alimentos,Atún,339.04,2,Yape,678.08
V1005158,2025-09-30,Cusco,Moda,Casaca,276.02,3,Yape,828.06
V1005159,2025-12-16,Arequipa,Belleza,Perfume,62.06,5,Yape,310.3
V1005160,2025-08-19,Piura,Belleza,Shampoo,293.39,4,Tarjeta,1173.56
V1005161,2025-12-31,Arequipa,,Crema,398.83,4,Plin,1595.32
V1005162,2025-09-15,Cusco,Hogar,Licuadora,135.67,5,Efectivo,678.35
V1005163,2025-10-22,Cusco,Belleza,Crema,195.83,1,Plin,195.83
V1005164,2025-11-07,Lima,Belleza,Perfume,58.08,1,Efectivo,58.08
V1005165,2025-07-14,Lima,Belleza,Perfume,265.56,3,Plin,796.68
V1005166,2025-10-28,Trujillo,Tecnología,Laptop,462.61,3,Tarjeta,1387.83
V1005167,2025-08-01,Arequipa,Moda,Zapatillas,322.67,1,Efectivo,322.67
V1005168,2025-05-29,Piura,Belleza,Shampoo,302.01,3,Plin,906.03
V1005169,2025-08-12,Piura,Hogar,Aspiradora,166.82,5,Plin,834.1
V1005170,2025-12-03,Arequipa,Belleza,Maquillaje,12.09,2,Plin,24.18
V1005171,2025-07-15,Lima,Belleza,Crema,76.78,4,Plin,307.12
V1005172,2025-06-23,Piura,,Pantalón,436.96,4,Yape,1747.84
V1005173,2025-02-21,Arequipa,,Arroz,33.38,4,Plin,133.52
V1005174,2025-11-20,Arequipa,Moda,Casaca,348.3,2,Tarjeta,696.6
V1005175,2025-07-17,Piura,Tecnología,Tablet,32.85,1,Efectivo,32.85
V1005176,2025-03-03,Arequipa,Alimentos,Aceite,450.69,5,Plin,2253.45
V1005177,2025-02-24,Lima,Alimentos,Café,108.05,2,Yape,216.1
V1005178,2025-10-28,Trujillo,Hogar,Aspiradora,256.11,1,Tarjeta,256.11
V1005179,2025-02-15,Trujillo,Belleza,Shampoo,115.16,4,Yape,460.64
V1005180,2025-06-13,Arequipa,Alimentos,Café,310.64,4,Efectivo,1242.56
V1005181,2025-06-19,Arequipa,Moda,Pantalón,485.91,1,Tarjeta,485.91
V1005182,2025-07-06,Lima,Tecnología,Celular,305.41,4,Yape,1221.64
V1005183,2025-07-17,Lima,Tecnología,Audífonos,357.1,2,Tarjeta,714.2
V1005184,2025-05-15,Arequipa,Moda,Pantalón,379.01,2,,758.02
V1005185,2025-08-08,Arequipa,Tecnología,Tablet,122.51,5,Tarjeta,612.55
V1005186,2025-12-04,Piura,Hogar,Microondas,262.15,3,Tarjeta,786.45
V1005187,2025-04-15,Arequipa,Belleza,Shampoo,417.41,4,Yape,1669.64
V1005188,2025-03-29,Cusco,Hogar,Olla,492.18,5,Efectivo,2460.9
V1005189,2025-09-29,Cusco,Alimentos,Aceite,440.94,1,Tarjeta,440.94
V1005190,2025-08-23,Lima,Belleza,Perfume,139.28,1,Yape,139.28
V1005191,2025-07-21,Cusco,Hogar,Olla,436.9,5,Plin,2184.5
V1005192,2025-04-24,Lima,Belleza,Maquillaje,278.0,4,Plin,1112.0
V1005193,2025-01-22,Trujillo,Moda,Zapatillas,279.35,1,Tarjeta,279.35
V1005194,2025-09-19,Piura,Hogar,Microondas,370.87,5,Efectivo,1854.35
V1005195,2025-09-16,Piura,Alimentos,Café,433.92,3,Plin,1301.76
V1005196,2025-03-03,Trujillo,Hogar,Olla,335.66,4,Tarjeta,1342.64
V1005197,2025-02-04,Lima,Moda,Zapatillas,222.73,2,Yape,445.46
V1005198,2025-09-29,Cusco,Alimentos,Atún,186.27,4,Plin,745.08
V1005199,2025-08-02,Piura,Tecnología,Tablet,340.22,5,Plin,1701.1
V1005200,2025-03-25,Trujillo,Alimentos,Aceite,365.85,5,Plin,1829.25
V1005201,2025-09-27,Cusco,Moda,Casaca,255.34,2,Efectivo,510.68
V1005202,2025-04-15,Piura,Moda,Pantalón,292.45,4,Efectivo,1169.8
V1005203,2025-06-01,Piura,Alimentos,Aceite,184.31,2,Tarjeta,368.62
V1005204,2025-03-23,Cusco,Belleza,Shampoo,166.35,2,Plin,332.7
V1005205,2025-03-13,Lima,Moda,Pantalón,261.44,5,Yape,1307.2
V1005206,2025-03-25,Arequipa,Alimentos,Aceite,63.36,5,Plin,316.8
V1005207,2025-07-06,Piura,Alimentos,Arroz,144.93,2,Yape,289.86
V1005208,2025-12-01,Arequipa,Belleza,Shampoo,445.44,3,Tarjeta,1336.32
V1005209,2025-10-23,Trujillo,Moda,Pantalón,159.06,5,Tarjeta,795.3
V1005210,2025-02-02,Piura,Alimentos,Café,242.77,4,Efectivo,971.08
V1005211,2025-10-08,Trujillo,Tecnología,Tablet,72.89,5,Efectivo,364.45
V1005212,2025-10-05,Cusco,Hogar,Licuadora,13.88,2,Plin,27.76
V1005213,2025-01-21,Trujillo,Tecnología,Celular,393.21,1,Tarjeta,393.21
V1005214,2025-11-10,Arequipa,Alimentos,Café,183.83,4,Efectivo,735.32
V1005215,2025-06-01,Trujillo,Hogar,Aspiradora,199.48,1,Yape,199.48
V1005216,2025-07-15,Lima,Moda,Camisa,262.29,1,Plin,262.29
V1005217,2025-03-23,Arequipa,Alimentos,Café,72.0,4,Tarjeta,288.0
V1005218,2025-08-11,Arequipa,Tecnología,Celular,215.03,4,Efectivo,860.12
V1005219,2025-11-29,Cusco,Alimentos,Atún,312.07,4,Yape,1248.28
V1005220,2025-01-08,Piura,Moda,Zapatillas,187.83,2,Efectivo,375.66
V1005221,2025-06-06,Cusco,Moda,Camisa,473.83,5,Efectivo,2369.15
V1005222,2025-06-13,Trujillo,Alimentos,Arroz,485.65,2,Plin,971.3
V1005223,2025-11-02,Cusco,Belleza,Crema,369.0,5,Plin,1845.0
V1005224,2025-01-30,Arequipa,Moda,Zapatillas,485.57,3,,1456.71
V1005225,2025-02-04,Trujillo,Hogar,Olla,320.24,5,Tarjeta,1601.2
V1005226,2025-08-01,Lima,Hogar,Aspiradora,330.1,5,Yape,1650.5
V1005227,2025-08-14,Trujillo,Hogar,Aspiradora,339.31,3,Yape,1017.93
V1005228,2025-12-14,Lima,Belleza,Perfume,22.21,1,Yape,22.21
V1005229,2025-08-08,Cusco,Belleza,Shampoo,92.12,3,Efectivo,276.36
V1005230,2025-09-04,Lima,Moda,Zapatillas,337.07,1,Tarjeta,337.07
V1005231,2025-09-18,Piura,Alimentos,Aceite,251.12,3,Tarjeta,753.36
V1005232,2025-01-13,Lima,Moda,Zapatillas,303.34,5,Yape,1516.7
V1005233,2025-11-18,Cusco,Belleza,Maquillaje,286.12,4,Tarjeta,1144.48
V1005234,2025-07-15,Lima,Tecnología,Tablet,161.33,1,Yape,161.33
V1005235,2025-11-28,Trujillo,,Café,82.15,4,Tarjeta,328.6
V1005236,2025-12-07,Arequipa,Alimentos,Arroz,239.38,1,Yape,239.38
V1005237,2025-02-27,Trujillo,Hogar,Licuadora,438.31,1,Plin,438.31
V1005238,2025-08-02,Lima,,Maquillaje,383.52,2,Plin,767.04
V1005239,2025-07-13,Trujillo,Moda,Camisa,154.44,4,,617.76
V1005240,2025-08-10,Arequipa,Alimentos,Aceite,104.73,4,Yape,418.92
V1005241,2025-12-25,Lima,Hogar,Microondas,458.47,3,Tarjeta,1375.41
V1005242,2025-06-27,Cusco,Alimentos,Café,68.47,5,Yape,342.35
V1005243,2025-11-14,Piura,Belleza,Shampoo,198.05,2,Yape,396.1
V1005244,2025-10-26,Piura,Tecnología,Celular,89.29,1,Efectivo,89.29
V1005245,2025-11-13,Arequipa,Moda,Casaca,446.77,5,Tarjeta,2233.85
V1005246,2025-08-27,Lima,Alimentos,Café,245.54,1,Yape,245.54
V1005247,2025-06-03,Trujillo,Hogar,Licuadora,336.45,1,Yape,336.45
V1005248,2025-01-05,Lima,Belleza,Crema,385.0,2,Efectivo,770.0
V1005249,2025-12-01,Arequipa,Tecnología,Celular,42.73,5,Tarjeta,213.65
V1005250,2025-07-18,Arequipa,Belleza,Crema,404.1,2,Efectivo,808.2
V1005251,2025-01-13,Lima,Belleza,Shampoo,82.36,3,Tarjeta,247.08
V1005252,2025-01-14,Piura,Hogar,Microondas,328.52,5,Plin,1642.6
V1005253,2025-03-30,Piura,Belleza,Maquillaje,18.67,2,Efectivo,37.34
V1005254,2025-05-28,Lima,Alimentos,Café,231.32,4,Yape,925.28
V1005255,2025-04-15,Arequipa,Belleza,Maquillaje,219.04,2,Efectivo,438.08
V1005256,2025-11-17,Piura,Moda,Camisa,391.34,2,Plin,782.68
V1005257,2025-06-20,Arequipa,Alimentos,Café,221.16,1,Yape,221.16
V1005258,2025-08-26,Trujillo,Hogar,Olla,432.81,4,Yape,1731.24
V1005259,2025-11-20,Lima,Moda,Camisa,291.83,3,Tarjeta,875.49
V1005260,2025-09-07,Cusco,Belleza,Shampoo,169.64,1,Efectivo,169.64
V1005261,2025-09-15,Cusco,Belleza,Shampoo,353.71,3,Plin,1061.13
V1005262,2025-09-14,Cusco,Belleza,Perfume,99.26,2,Tarjeta,198.52
V1005263,2025-10-29,Cusco,Tecnología,Celular,287.29,3,Plin,861.87
V1005264,2025-11-09,Cusco,Belleza,Maquillaje,370.45,4,Tarjeta,1481.8
V1005265,2025-08-05,Piura,Alimentos,Arroz,132.36,4,Plin,529.44
V1005266,2025-06-27,Cusco,Moda,Camisa,392.49,4,Yape,1569.96
V1005267,2025-12-03,Lima,Belleza,Crema,469.63,4,Yape,1878.52
V1005268,2025-02-11,Lima,Belleza,Crema,25.23,3,Tarjeta,75.69
V1005269,2025-12-27,Lima,Tecnología,Audífonos,404.44,4,Efectivo,1617.76
V1005270,2025-07-31,Lima,Hogar,Licuadora,441.65,3,,1324.95
V1005271,2025-09-17,Arequipa,Tecnología,Tablet,299.87,4,Yape,1199.48
V1005272,2025-11-21,Piura,Hogar,Aspiradora,355.91,3,Plin,1067.73
V1005273,2025-05-22,Piura,Tecnología,Tablet,485.24,1,Efectivo,485.24
V1005274,2025-04-05,Trujillo,Belleza,Shampoo,333.8,4,Plin,1335.2
V1005275,2025-12-05,Cusco,Hogar,Aspiradora,304.56,3,Plin,913.68
V1005276,2025-08-01,Cusco,Moda,Camisa,434.88,3,Plin,1304.64
V1005277,2025-11-07,Piura,Hogar,Licuadora,274.78,5,Plin,1373.9
V1005278,2025-05-17,Arequipa,Moda,Camisa,42.56,2,Plin,85.12
V1005279,2025-12-23,Piura,Belleza,Maquillaje,381.51,5,Plin,1907.55
V1005280,2025-07-19,Piura,Belleza,Maquillaje,206.36,2,Efectivo,412.72
V1005281,2025-06-06,Lima,Moda,Pantalón,354.45,3,Plin,1063.35
V1005282,2025-12-17,Lima,Alimentos,Arroz,246.78,2,Efectivo,493.56
V1005283,2025-03-24,Piura,Moda,Camisa,200.83,1,Plin,200.83
V1005284,2025-03-29,Arequipa,Tecnología,Celular,51.87,3,Tarjeta,155.61
V1005285,2025-09-10,Lima,Moda,Pantalón,272.74,1,Yape,272.74
V1005286,2025-06-22,Piura,Alimentos,Café,164.5,4,Plin,658.0
V1005287,2025-09-05,Cusco,Tecnología,Tablet,204.36,4,Yape,817.44
V1005288,2025-11-17,Piura,Tecnología,Tablet,101.01,3,Tarjeta,303.03
V1005289,2025-12-07,Cusco,Tecnología,Celular,224.78,3,Tarjeta,674.34
V1005290,2025-08-06,Cusco,Moda,Zapatillas,381.2,2,Efectivo,762.4
V1005291,2025-10-12,Lima,Moda,Casaca,144.54,5,Tarjeta,722.7
V1005292,2025-03-16,Cusco,,Olla,224.12,5,Plin,1120.6
V1005293,2025-03-25,Cusco,,Pantalón,48.34,5,Efectivo,241.7
V1005294,2025-11-05,Trujillo,Belleza,Shampoo,283.5,2,Efectivo,567.0
V1005295,2025-04-23,Trujillo,Moda,Zapatillas,46.13,3,Tarjeta,138.39
V1005296,2025-08-31,Arequipa,Moda,Zapatillas,162.46,1,Tarjeta,162.46
V1005297,2025-08-21,Lima,Hogar,Licuadora,491.02,4,Efectivo,1964.08
V1005298,2025-03-13,Arequipa,Hogar,Microondas,379.89,3,Yape,1139.67
V1005299,2025-01-08,Cusco,,Aspiradora,338.0,3,Tarjeta,1014.0
V1005300,2025-04-06,Lima,Alimentos,Café,417.11,1,Efectivo,417.11
V1005301,2025-01-18,Arequipa,,Pantalón,244.35,3,Yape,733.05
V1005302,2025-12-02,Piura,Hogar,Aspiradora,295.12,1,Tarjeta,295.12
V1005303,2025-09-26,Lima,Belleza,Crema,179.12,5,Tarjeta,895.6
V1005304,2025-10-29,Trujillo,Belleza,Crema,300.34,5,Tarjeta,1501.7
V1005305,2025-03-19,Cusco,Hogar,Aspiradora,321.0,3,Tarjeta,963.0
V1005306,2025-01-23,Trujillo,Tecnología,Celular,22.8,4,Tarjeta,91.2
V1005307,2025-04-25,Lima,Tecnología,Laptop,48.63,5,Efectivo,243.15
V1005308,2025-10-31,Piura,Hogar,Olla,191.57,1,Yape,191.57
V1005309,2025-04-18,Cusco,Moda,Casaca,389.16,4,Plin,1556.64
V1005310,2025-03-11,Trujillo,Hogar,Microondas,109.69,4,Tarjeta,438.76
V1005311,2025-12-09,Lima,Hogar,Aspiradora,193.58,4,Tarjeta,774.32
V1005312,2025-11-30,Piura,Belleza,Shampoo,38.82,5,Tarjeta,194.1
V1005313,2025-12-13,Arequipa,Hogar,Aspiradora,76.03,3,,228.09
V1005314,2025-06-03,Arequipa,Belleza,Perfume,474.09,3,Plin,1422.27
V1005315,2025-10-13,Cusco,Moda,Casaca,224.24,5,Plin,1121.2
V1005316,2025-09-12,Arequipa,Belleza,Perfume,256.57,3,,769.71
V1005317,2025-05-29,Lima,Alimentos,Arroz,263.83,5,Plin,1319.15
V1005318,2025-10-21,Piura,Belleza,Shampoo,237.46,3,Tarjeta,712.38
V1005319,2025-03-05,Trujillo,Belleza,Crema,244.92,1,Tarjeta,244.92
V1005320,2025-08-28,Arequipa,Alimentos,Arroz,254.77,2,Tarjeta,509.54
V1005321,2025-03-15,Cusco,Moda,Pantalón,16.6,3,Efectivo,49.8
V1005322,2025-02-08,Lima,Alimentos,Arroz,222.04,1,Yape,222.04
V1005323,2025-10-19,Arequipa,Hogar,Licuadora,203.96,5,Efectivo,1019.8
V1005324,2025-03-03,Lima,Alimentos,Atún,338.55,3,Efectivo,1015.65
V1005325,2025-05-01,Lima,Moda,Camisa,334.35,1,Efectivo,334.35
V1005326,2025-03-05,Trujillo,Belleza,Shampoo,125.89,5,Yape,629.45
V1005327,2025-06-07,Arequipa,Tecnología,Audífonos,243.1,3,Efectivo,729.3
V1005328,2025-08-03,Cusco,Tecnología,Celular,75.47,3,Yape,226.41
V1005329,2025-06-23,Arequipa,Belleza,Crema,115.03,1,Tarjeta,115.03
V1005330,2025-01-27,Arequipa,Hogar,Aspiradora,268.95,3,Efectivo,806.85
V1005331,2025-02-09,Lima,Moda,Casaca,390.8,2,Tarjeta,781.6
V1005332,2025-11-25,Trujillo,Tecnología,Tablet,12.34,2,Tarjeta,24.68
V1005333,2025-06-28,Cusco,Tecnología,Audífonos,493.3,3,Efectivo,1479.9
V1005334,2025-06-03,Trujillo,Moda,Casaca,144.44,5,Tarjeta,722.2
V1005335,2025-02-16,Arequipa,Moda,Camisa,167.67,5,Yape,838.35
V1005336,2025-10-06,Trujillo,Hogar,Licuadora,330.89,5,Efectivo,1654.45
V1005337,2025-12-02,Piura,Alimentos,Aceite,144.91,4,Yape,579.64
V1005338,2025-04-12,Lima,Belleza,Shampoo,113.59,2,Yape,227.18
V1005339,2025-03-25,Cusco,,Microondas,482.17,3,Tarjeta,1446.51
V1005340,2025-08-15,Trujillo,Alimentos,Café,60.74,3,Tarjeta,182.22
V1005341,2025-09-27,Trujillo,Moda,Casaca,473.39,4,Tarjeta,1893.56
V1005342,2025-01-29,Piura,Hogar,Aspiradora,247.77,1,Plin,247.77
V1005343,2025-09-02,Trujillo,Belleza,Maquillaje,363.53,3,,1090.59
V1005344,2025-08-27,Arequipa,Hogar,Licuadora,134.96,3,Tarjeta,404.88
V1005345,2025-02-13,Trujillo,Hogar,Microondas,224.19,5,Tarjeta,1120.95
V1005346,2025-07-22,Lima,,Tablet,81.59,3,Efectivo,244.77
V1005347,2025-05-05,Cusco,Tecnología,Celular,313.36,5,Efectivo,1566.8
V1005348,2025-11-12,Trujillo,Alimentos,Aceite,208.2,3,Yape,624.6
V1005349,2025-09-30,Cusco,Tecnología,Celular,216.72,1,Efectivo,216.72
V1005350,2025-04-14,Lima,Belleza,Maquillaje,126.08,2,,252.16
V1005351,2025-04-19,Trujillo,Moda,Camisa,314.41,2,Tarjeta,628.82
V1005352,2025-07-14,Trujillo,Alimentos,Arroz,149.23,3,Plin,447.69
V1005353,2025-09-30,Arequipa,Belleza,Crema,335.45,3,Tarjeta,1006.35
V1005354,2025-01-29,Trujillo,Alimentos,Arroz,268.03,4,Plin,1072.12
V1005355,2025-09-19,Cusco,Hogar,Olla,129.58,1,Plin,129.58
V1005356,2025-01-24,Trujillo,Moda,Casaca,284.0,5,Plin,1420.0
V1005357,2025-01-03,Lima,Tecnología,Audífonos,425.72,3,Tarjeta,1277.16
V1005358,2025-07-07,Trujillo,Moda,Camisa,420.82,1,Plin,420.82
V1005359,2025-05-26,Lima,Moda,Zapatillas,341.81,2,Efectivo,683.62
V1005360,2025-06-22,Trujillo,Belleza,Maquillaje,30.99,3,Efectivo,92.97
V1005361,2025-06-04,Trujillo,Hogar,Aspiradora,180.96,3,Tarjeta,542.88
V1005362,2025-02-26,Lima,Hogar,Microondas,157.7,2,Efectivo,315.4
V1005363,2025-03-26,Lima,Alimentos,Café,304.67,2,Efectivo,609.34
V1005364,2025-11-18,Piura,Hogar,Aspiradora,494.15,5,Plin,2470.75
V1005365,2025-03-10,Trujillo,Belleza,Shampoo,383.89,1,,383.89
V1005366,2025-09-28,Lima,Belleza,Perfume,433.66,4,Efectivo,1734.64
V1005367,2025-08-22,Trujillo,Hogar,Aspiradora,412.14,1,Tarjeta,412.14
V1005368,2025-06-27,Piura,Hogar,Licuadora,213.07,2,,426.14
V1005369,2025-04-13,Arequipa,Tecnología,Audífonos,487.78,2,Tarjeta,975.56
V1005370,2025-08-20,Piura,Tecnología,Audífonos,30.09,4,Efectivo,120.36
V1005371,2025-07-30,Cusco,Belleza,Shampoo,86.19,5,Plin,430.95
V1005372,2025-05-30,Piura,Hogar,Licuadora,72.7,4,Plin,290.8
V1005373,2025-03-28,Trujillo,Tecnología,Tablet,79.73,5,Tarjeta,398.65
V1005374,2025-10-20,Arequipa,Moda,Camisa,193.46,1,Plin,193.46
V1005375,2025-01-03,Cusco,Belleza,Shampoo,135.4,1,Plin,135.4
V1005376,2025-03-01,Arequipa,Tecnología,Celular,297.86,1,Yape,297.86
V1005377,2025-01-05,Piura,Hogar,Olla,386.47,5,Efectivo,1932.35
V1005378,2025-04-24,Trujillo,Alimentos,Atún,177.72,2,Tarjeta,355.44
V1005379,2025-05-09,Trujillo,Belleza,Perfume,212.48,4,Yape,849.92
V1005380,2025-12-24,Arequipa,Belleza,Shampoo,89.15,1,Plin,89.15
V1005381,2025-11-09,Cusco,Hogar,Licuadora,159.11,5,Efectivo,795.55
V1005382,2025-06-04,Piura,Alimentos,Aceite,361.34,1,,361.34
V1005383,2025-11-30,Lima,,Audífonos,60.01,1,Efectivo,60.01
V1005384,2025-10-17,Lima,Alimentos,Atún,338.8,4,Yape,1355.2
V1005385,2025-10-04,Trujillo,Belleza,Crema,422.78,1,Yape,422.78
V1005386,2025-04-22,Arequipa,Hogar,Olla,132.72,4,Tarjeta,530.88
V1005387,2025-10-31,Trujillo,Belleza,Shampoo,488.37,1,Yape,488.37
V1005388,2025-10-23,Trujillo,Tecnología,Laptop,87.77,1,Plin,87.77
V1005389,2025-06-05,Piura,Hogar,Olla,411.3,2,Efectivo,822.6
V1005390,2025-02-10,Lima,Alimentos,Aceite,275.5,1,Efectivo,275.5
V1005391,2025-04-22,Trujillo,Alimentos,Arroz,422.38,4,Efectivo,1689.52
V1005392,2025-09-21,Cusco,Moda,Zapatillas,245.72,2,Efectivo,491.44
V1005393,2025-08-18,Cusco,Moda,Pantalón,57.04,2,Plin,114.08
V1005394,2025-11-19,Piura,Alimentos,Atún,262.6,4,Tarjeta,1050.4
V1005395,2025-01-12,Cusco,Belleza,Shampoo,161.68,2,Yape,323.36
V1005396,2025-11-15,Arequipa,Belleza,Maquillaje,329.59,1,Plin,329.59
V1005397,2025-08-08,Cusco,Tecnología,Tablet,361.85,1,Yape,361.85
V1005398,2025-05-12,Trujillo,Belleza,Shampoo,79.76,4,Yape,319.04
V1005399,2025-09-23,Cusco,Alimentos,Aceite,225.19,3,Plin,675.57
V1005400,2025-01-07,Trujillo,Hogar,Aspiradora,154.58,5,Tarjeta,772.9
V1005401,2025-03-24,Arequipa,Tecnología,Audífonos,261.25,1,Plin,261.25
V1005402,2025-12-15,Lima,Alimentos,Atún,136.25,1,Efectivo,136.25
V1005403,2025-01-18,Arequipa,Moda,Zapatillas,191.59,1,Efectivo,191.59
V1005404,2025-10-26,Cusco,Alimentos,Arroz,159.43,2,Plin,318.86
V1005405,2025-06-28,Cusco,Alimentos,Atún,450.01,2,Tarjeta,900.02
V1005406,2025-08-25,Lima,Alimentos,Arroz,108.56,3,Yape,325.68
V1005407,2025-02-09,Lima,Hogar,Microondas,326.41,2,Plin,652.82
V1005408,2025-12-20,Arequipa,Belleza,Perfume,196.67,1,Yape,196.67
V1005409,2025-10-22,Arequipa,Belleza,Shampoo,202.07,2,Tarjeta,404.14
V1005410,2025-01-04,Lima,Alimentos,Aceite,130.1,3,Yape,390.3
V1005411,2025-02-01,Lima,Belleza,Perfume,298.15,5,Plin,1490.75
V1005412,2025-01-14,Lima,Alimentos,Aceite,322.69,2,Plin,645.38
V1005413,2025-05-24,Arequipa,Tecnología,Tablet,82.75,2,Tarjeta,165.5
V1005414,2025-06-01,Cusco,,Microondas,352.38,2,Efectivo,704.76
V1005415,2025-05-16,Cusco,Tecnología,Celular,297.09,4,Efectivo,1188.36
V1005416,2025-02-09,Piura,Alimentos,Atún,268.77,4,Efectivo,1075.08
V1005417,2025-04-08,Arequipa,Belleza,Shampoo,299.1,2,Yape,598.2
V1005418,2025-11-19,Cusco,Moda,Pantalón,105.46,3,Efectivo,316.38
V1005419,2025-05-11,Lima,Hogar,Microondas,340.77,1,Plin,340.77
V1005420,2025-02-26,Arequipa,Hogar,Microondas,454.52,4,Yape,1818.08
V1005421,2025-12-05,Lima,Moda,Pantalón,227.62,2,Tarjeta,455.24
V1005422,2025-10-05,Trujillo,Hogar,Licuadora,268.71,4,Yape,1074.84
V1005423,2025-06-13,Arequipa,Tecnología,Audífonos,12.13,4,Efectivo,48.52
V1005424,2025-11-22,Piura,Tecnología,Audífonos,214.76,3,Plin,644.28
V1005425,2025-03-18,Piura,Tecnología,Celular,350.82,4,Plin,1403.28
V1005426,2025-06-06,Lima,Hogar,Microondas,124.22,1,Tarjeta,124.22
V1005427,2025-08-25,Piura,Belleza,Perfume,412.14,2,Yape,824.28
V1005428,2025-12-03,Trujillo,Moda,Pantalón,352.37,3,Yape,1057.11
V1005429,2025-04-03,Cusco,Tecnología,Laptop,495.47,4,Efectivo,1981.88
V1005430,2025-12-18,Arequipa,Alimentos,Aceite,450.48,5,Efectivo,2252.4
V1005431,2025-10-03,Cusco,Alimentos,Arroz,426.74,3,Efectivo,1280.22
V1005432,2025-11-18,Cusco,Hogar,Microondas,383.4,2,Yape,766.8
V1005433,2025-07-27,Trujillo,Moda,Pantalón,167.61,2,Tarjeta,335.22
V1005434,2025-02-15,Arequipa,Belleza,Perfume,386.61,5,Yape,1933.05
V1005435,2025-01-05,Piura,Tecnología,Audífonos,367.91,5,Efectivo,1839.55
V1005436,2025-03-10,Arequipa,Belleza,Shampoo,311.89,3,Plin,935.67
V1005437,2025-07-30,Cusco,Moda,Casaca,458.47,1,Plin,458.47
V1005438,2025-05-09,Cusco,,Perfume,268.87,4,Tarjeta,1075.48
V1005439,2025-09-16,Cusco,Hogar,Licuadora,177.28,1,,177.28
V1005440,2025-11-13,Cusco,Hogar,Olla,183.51,4,Yape,734.04
V1005441,2025-07-22,Arequipa,Tecnología,Audífonos,348.33,2,Yape,696.66
V1005442,2025-09-07,Piura,Hogar,Aspiradora,389.16,1,Tarjeta,389.16
V1005443,2025-05-10,Trujillo,Moda,Camisa,415.0,2,Efectivo,830.0
V1005444,2025-02-05,Arequipa,Belleza,Shampoo,496.8,5,Efectivo,2484.0
V1005445,2025-02-02,Piura,Tecnología,Tablet,81.11,5,Efectivo,405.55
V1005446,2025-09-21,Trujillo,Hogar,Aspiradora,38.54,5,Tarjeta,192.7
V1005447,2025-12-26,Cusco,Hogar,Aspiradora,282.38,5,Plin,1411.9
V1005448,2025-03-24,Piura,Alimentos,Arroz,372.42,2,Tarjeta,744.84
V1005449,2025-03-16,Piura,Belleza,Shampoo,55.39,5,Plin,276.95
V1005450,2025-05-16,Arequipa,Moda,Camisa,157.95,4,Tarjeta,631.8
V1005451,2025-11-24,Arequipa,Hogar,Olla,496.76,4,Yape,1987.04
V1005452,2025-10-05,Arequipa,Moda,Pantalón,81.55,2,Tarjeta,163.1
V1005453,2025-09-28,Trujillo,Alimentos,Aceite,161.74,4,Tarjeta,646.96
V1005454,2025-08-22,Trujillo,Tecnología,Celular,289.09,5,Yape,1445.45
V1005455,2025-07-10,Trujillo,Hogar,Microondas,319.99,5,Efectivo,1599.95
V1005456,2025-05-21,Cusco,Alimentos,Arroz,426.71,2,Yape,853.42
V1005457,2025-11-30,Lima,Moda,Camisa,445.75,4,,1783.0
V1005458,2025-05-16,Cusco,Moda,Pantalón,283.36,4,Tarjeta,1133.44
V1005459,2025-08-24,Arequipa,Tecnología,Laptop,45.75,1,Tarjeta,45.75
V1005460,2025-01-27,Trujillo,Tecnología,Celular,356.69,2,Efectivo,713.38
V1005461,2025-12-25,Piura,Belleza,Shampoo,461.92,5,Plin,2309.6
V1005462,2025-06-06,Arequipa,Tecnología,Celular,249.54,1,Tarjeta,249.54
V1005463,2025-11-06,Arequipa,Moda,Casaca,218.54,1,Yape,218.54
V1005464,2025-02-15,Cusco,Tecnología,Laptop,287.76,5,Plin,1438.8
V1005465,2025-03-20,Piura,Alimentos,Aceite,269.08,4,Efectivo,1076.32
V1005466,2025-08-23,Trujillo,Hogar,Microondas,447.12,2,Efectivo,894.24
V1005467,2025-01-23,Cusco,Belleza,Maquillaje,388.0,2,Tarjeta,776.0
V1005468,2025-01-10,Trujillo,Hogar,Aspiradora,414.62,2,Plin,829.24
V1005469,2025-07-29,Cusco,Alimentos,Arroz,112.15,4,Tarjeta,448.6
V1005470,2025-05-13,Cusco,Hogar,Olla,148.61,3,Plin,445.83
V1005471,2025-06-03,Arequipa,Moda,Camisa,94.2,9999,Tarjeta,471.0
V1005472,2025-10-09,Piura,Alimentos,Café,166.77,2,Plin,333.54
V1005473,2025-01-31,Piura,Belleza,Perfume,442.06,5,Tarjeta,2210.3
V1005474,2025-07-08,Trujillo,,Café,493.5,1,Efectivo,493.5
V1005475,2025-11-19,Lima,Hogar,Microondas,453.21,4,Plin,1812.84
V1005476,2025-09-04,Trujillo,Belleza,Perfume,243.91,4,Plin,975.64
V1005477,2025-09-03,Cusco,Tecnología,Laptop,200.79,5,Efectivo,1003.95
V1005478,2025-11-26,Lima,Hogar,Microondas,438.58,2,Tarjeta,877.16
V1005479,2025-05-18,Lima,Moda,Zapatillas,228.05,5,Plin,1140.25
V1005480,2025-01-28,Cusco,Belleza,Maquillaje,242.62,2,Yape,485.24
V1005481,2025-11-01,Arequipa,Hogar,Licuadora,104.93,3,Tarjeta,314.79
V1005482,2025-01-06,Trujillo,Alimentos,Atún,70.1,5,Efectivo,350.5
V1005483,2025-06-04,Trujillo,Hogar,Microondas,170.04,3,Yape,510.12
V1005484,2025-02-22,Cusco,Alimentos,Arroz,440.7,4,Efectivo,1762.8
V1005485,2025-12-17,Arequipa,Tecnología,Celular,358.87,2,Plin,717.74
V1005486,2025-06-21,Lima,Hogar,Licuadora,279.98,3,Yape,839.94
V1005487,2025-05-04,Lima,Alimentos,Café,448.62,4,Yape,1794.48
V1005488,2025-01-09,Arequipa,Hogar,Aspiradora,69.77,2,Plin,139.54
V1005489,2025-02-23,Cusco,Hogar,Aspiradora,446.34,2,Yape,892.68
V1005490,2025-11-13,Cusco,Moda,Casaca,314.25,5,Plin,1571.25
V1005491,2025-08-07,Piura,Moda,Pantalón,155.51,2,Yape,311.02
V1005492,2025-08-21,Arequipa,Hogar,Aspiradora,343.73,4,Tarjeta,1374.92
V1005493,2025-12-09,Arequipa,Tecnología,Laptop,283.31,2,Efectivo,566.62
V1005494,2025-09-23,Trujillo,Tecnología,Celular,152.29,2,Tarjeta,304.58
V1005495,2025-08-18,Piura,Tecnología,Audífonos,187.11,3,Yape,561.33
V1005496,2025-10-20,Lima,Belleza,Shampoo,448.9,4,Tarjeta,1795.6
V1005497,2025-04-18,Trujillo,Hogar,Aspiradora,195.7,1,,195.7
V1005498,2025-09-25,Cusco,Hogar,Olla,488.5,3,Plin,1465.5
V1005499,2025-03-16,Piura,Hogar,Aspiradora,160.89,2,Tarjeta,321.78
V1005500,2025-12-23,Cusco,Tecnología,Audífonos,382.16,4,Plin,1528.64
V1005501,2025-10-23,Lima,Moda,Pantalón,191.08,2,Yape,382.16
V1005502,2025-01-21,Trujillo,Hogar,Aspiradora,24.03,4,Tarjeta,96.12
V1005503,2025-06-22,Piura,Tecnología,Audífonos,124.52,4,Plin,498.08
V1005504,2025-12-04,Lima,Belleza,Shampoo,163.24,1,Plin,163.24
V1005505,2025-05-21,Arequipa,Alimentos,Café,170.8,2,Tarjeta,341.6
V1005506,2025-05-26,Arequipa,Moda,Camisa,110.13,4,Tarjeta,440.52
V1005507,2025-04-17,Cusco,Belleza,Maquillaje,300.05,1,Tarjeta,300.05
V1005508,2025-06-15,Lima,Moda,Zapatillas,53.34,2,Efectivo,106.68
V1005509,2025-01-27,Arequipa,Hogar,Licuadora,292.96,4,Plin,1171.84
V1005510,2025-07-21,Lima,Tecnología,Tablet,15.35,3,Tarjeta,46.05
V1005511,2025-01-15,Lima,Belleza,Crema,142.55,3,Tarjeta,427.65
V1005512,2025-05-05,Trujillo,Tecnología,Tablet,63.32,2,Efectivo,126.64
V1005513,2025-07-26,Piura,Hogar,Aspiradora,105.87,3,Tarjeta,317.61
V1005514,2025-03-17,Lima,Moda,Pantalón,40.38,4,Yape,161.52
V1005515,2025-05-09,Arequipa,Tecnología,Tablet,319.04,2,Efectivo,638.08
V1005516,2025-03-01,Trujillo,Hogar,Aspiradora,235.92,4,Efectivo,943.68
V1005517,2025-03-24,Arequipa,Moda,Zapatillas,174.75,2,Tarjeta,349.5
V1005518,2025-11-19,Trujillo,Moda,Zapatillas,15.73,1,Efectivo,15.73
V1005519,2025-02-07,Trujillo,Hogar,Aspiradora,464.12,1,Efectivo,464.12
V1005520,2025-09-06,Arequipa,Moda,Camisa,231.84,3,,695.52
V1005521,2025-12-23,Piura,Alimentos,Aceite,146.52,2,Yape,293.04
V1005522,2025-09-12,Piura,Moda,Camisa,164.49,2,Tarjeta,328.98
V1005523,2025-10-25,Cusco,Alimentos,Café,242.45,5,Plin,1212.25
V1005524,2025-07-26,Lima,Belleza,Perfume,150.27,4,Yape,601.08
V1005525,2025-09-23,Trujillo,,Aceite,-315.86,5,Efectivo,1579.3
V1005526,2025-09-26,Arequipa,Alimentos,Arroz,116.39,2,Efectivo,232.78
V1005527,2025-09-15,Lima,Alimentos,Aceite,77.0,3,Yape,231.0
V1005528,2025-05-20,Cusco,Belleza,Perfume,493.53,4,Plin,1974.12
V1005529,2025-03-23,Trujillo,Belleza,Maquillaje,322.91,5,Yape,1614.55
V1005530,2025-07-29,Lima,Tecnología,Laptop,365.69,5,Plin,1828.45
V1005531,2025-05-05,Cusco,Hogar,Olla,439.33,3,Yape,1317.99
V1005532,2025-11-11,Piura,Hogar,Olla,120.45,5,Efectivo,602.25
V1005533,2025-10-06,Trujillo,Hogar,Microondas,341.62,5,Plin,1708.1
V1005534,2025-07-30,Trujillo,Hogar,Aspiradora,487.21,4,Efectivo,1948.84
V1005535,2025-05-29,Piura,Moda,Zapatillas,87.86,1,Yape,87.86
V1005536,2025-04-18,Piura,Tecnología,Celular,194.75,1,Efectivo,194.75
V1005537,2025-03-30,Arequipa,Alimentos,Aceite,401.43,3,Efectivo,1204.29
V1005538,2025-08-05,Lima,Alimentos,Arroz,401.97,1,Yape,401.97
V1005539,2025-04-22,Lima,Moda,Pantalón,205.36,1,Plin,205.36
V1005540,2025-06-14,Piura,Belleza,Perfume,308.65,4,Plin,1234.6
V1005541,2025-02-05,Cusco,Alimentos,Arroz,110.06,4,Yape,440.24
V1005542,2025-02-27,Trujillo,Moda,Zapatillas,322.54,4,Tarjeta,1290.16
V1005543,2025-03-09,Arequipa,Alimentos,Atún,258.84,2,Tarjeta,517.68
V1005544,2025-03-09,Cusco,Belleza,Perfume,144.54,3,Efectivo,433.62
V1005545,2025-09-06,Arequipa,Tecnología,Tablet,489.59,1,Yape,489.59
V1005546,2025-02-20,Trujillo,Tecnología,Celular,495.69,5,Yape,2478.45
V1005547,2025-06-06,Trujillo,,Aceite,114.34,5,Efectivo,571.7
V1005548,2025-06-30,Arequipa,Alimentos,Atún,155.04,4,,620.16
V1005549,2025-03-08,Cusco,Tecnología,Laptop,194.82,3,Efectivo,584.46
V1005550,2025-03-01,Piura,Hogar,Microondas,158.24,4,Plin,632.96
V1005551,2025-11-10,Lima,Hogar,Aspiradora,124.94,2,Yape,249.88
V1005552,2025-01-02,Lima,Alimentos,Café,324.92,5,Efectivo,1624.6
V1005553,2025-12-13,Arequipa,Belleza,Crema,441.68,5,Plin,2208.4
V1005554,2025-05-29,Lima,Belleza,Maquillaje,297.31,5,Tarjeta,1486.55
V1005555,2025-02-19,Arequipa,Hogar,Licuadora,290.93,3,Plin,872.79
V1005556,2025-09-15,Piura,Alimentos,Atún,171.1,5,Efectivo,855.5
V1005557,2025-12-25,Arequipa,Belleza,Shampoo,475.02,4,Plin,1900.08
V1005558,2025-12-22,Lima,Alimentos,Aceite,298.17,1,Plin,298.17
V1005559,2025-09-10,Trujillo,Alimentos,Aceite,106.27,4,Plin,425.08
V1005560,2025-03-05,Arequipa,Tecnología,Audífonos,24.91,1,Plin,24.91
V1005561,2025-02-23,Arequipa,Belleza,Maquillaje,250.75,1,Plin,250.75
V1005562,2025-11-23,Arequipa,Tecnología,Audífonos,181.14,1,Plin,181.14
V1005563,2025-05-25,Trujillo,Tecnología,Laptop,234.15,5,Efectivo,1170.75
V1005564,2025-08-25,Trujillo,Belleza,Shampoo,418.37,1,Plin,418.37
V1005565,2025-08-16,Lima,,Perfume,386.14,4,Plin,1544.56
V1005566,2025-06-13,Lima,Moda,Zapatillas,288.79,1,Plin,288.79
V1005567,2025-05-09,Trujillo,Hogar,Olla,193.27,4,Plin,773.08
V1005568,2025-04-06,Trujillo,Belleza,Crema,85.18,2,Plin,170.36
V1005569,2025-12-18,Lima,Alimentos,Atún,39.41,1,Yape,39.41
V1005570,2025-03-04,Piura,Belleza,Crema,54.43,3,Efectivo,163.29
V1005571,2025-01-13,Arequipa,Belleza,Maquillaje,464.73,4,Tarjeta,1858.92
V1005572,2025-08-08,Arequipa,Moda,Camisa,462.37,2,Yape,924.74
V1005573,2025-03-03,Lima,Hogar,Licuadora,51.62,5,Plin,258.1
V1005574,2025-11-19,Trujillo,Hogar,Olla,406.32,4,Tarjeta,1625.28
V1005575,2025-04-13,Trujillo,Alimentos,Aceite,350.7,4,Plin,1402.8
V1005576,2025-12-09,Trujillo,Moda,Pantalón,55.04,4,Plin,220.16
V1005577,2025-06-23,Lima,Alimentos,Arroz,244.08,5,Yape,1220.4
V1005578,2025-06-03,Arequipa,Hogar,Aspiradora,417.23,3,Plin,1251.69
V1005579,2025-11-28,Trujillo,Belleza,Maquillaje,301.39,5,Efectivo,1506.95
V1005580,2025-05-05,Trujillo,,Camisa,463.72,4,Tarjeta,1854.88
V1005581,2025-08-28,Cusco,Tecnología,Tablet,238.91,5,Tarjeta,1194.55
V1005582,2025-06-30,Trujillo,Hogar,Aspiradora,143.19,3,Plin,429.57
V1005583,2025-11-20,Cusco,Alimentos,Café,321.84,5,Tarjeta,1609.2
V1005584,2025-02-19,Cusco,Tecnología,Tablet,317.9,5,Efectivo,1589.5
V1005585,2025-09-13,Lima,Moda,Camisa,353.94,5,Plin,1769.7
V1005586,2025-08-25,Trujillo,Alimentos,Atún,48.08,5,Tarjeta,240.4
V1005587,2025-05-01,Cusco,Hogar,Olla,331.27,3,Plin,993.81
V1005588,2025-05-14,Arequipa,Alimentos,Atún,182.37,1,Plin,182.37
V1005589,2025-09-26,Arequipa,Moda,Pantalón,276.03,3,Efectivo,828.09
V1005590,2025-03-11,Cusco,Alimentos,Aceite,420.13,4,Yape,1680.52
V1005591,2025-03-29,Arequipa,Moda,Zapatillas,405.39,3,Plin,1216.17
V1005592,2025-08-27,Trujillo,Alimentos,Aceite,354.27,1,Plin,354.27
V1005593,2025-12-26,Cusco,Alimentos,Arroz,313.53,1,Tarjeta,313.53
V1005594,2025-02-24,Piura,Belleza,Shampoo,131.0,1,Plin,131.0
V1005595,2025-04-20,Piura,Alimentos,Arroz,435.41,1,Plin,435.41
V1005596,2025-12-20,Cusco,Moda,Camisa,194.07,1,Yape,194.07
V1005597,2025-05-29,Lima,Alimentos,Atún,364.85,4,Efectivo,1459.4
V1005598,2025-07-08,Trujillo,Belleza,Perfume,69.82,2,Plin,139.64
V1005599,2025-01-19,Lima,Tecnología,Tablet,246.22,4,Plin,984.88
V1005600,2025-06-26,Trujillo,Hogar,Microondas,99.38,2,Efectivo,198.76
V1005601,2025-11-13,Piura,Hogar,Olla,182.74,3,Tarjeta,548.22
V1005602,2025-10-13,Trujillo,Hogar,Microondas,292.79,4,Efectivo,1171.16
V1005603,2025-01-12,Piura,Tecnología,Laptop,177.84,4,Plin,711.36
V1005604,2025-09-20,Lima,,Aspiradora,163.48,4,Plin,653.92
V1005605,2025-02-27,Arequipa,Moda,Zapatillas,75.54,4,Plin,302.16
V1005606,2025-08-27,Cusco,Hogar,Microondas,418.44,1,Yape,418.44
V1005607,2025-11-06,Cusco,Alimentos,Atún,418.56,3,Plin,1255.68
V1005608,2025-06-02,Cusco,Alimentos,Arroz,367.16,3,Plin,1101.48
V1005609,2025-02-05,Arequipa,Tecnología,Celular,355.74,3,Yape,1067.22
V1005610,2025-01-21,Arequipa,Belleza,Maquillaje,70.58,4,Tarjeta,282.32
V1005611,2025-04-08,Cusco,Tecnología,Audífonos,247.42,1,Tarjeta,247.42
V1005612,2025-10-15,Arequipa,Belleza,Perfume,380.89,4,Yape,1523.56
V1005613,2025-02-28,Cusco,Moda,Casaca,152.81,2,Efectivo,305.62
V1005614,2025-08-02,Cusco,Tecnología,Audífonos,325.21,5,Tarjeta,1626.05
V1005615,2025-05-07,Trujillo,Belleza,Maquillaje,208.31,2,Yape,416.62
V1005616,2025-04-17,Lima,Hogar,Olla,195.64,2,Plin,391.28
V1005617,2025-07-02,Lima,Moda,Camisa,114.02,3,Tarjeta,342.06
V1005618,2025-03-26,Piura,Tecnología,Tablet,483.31,1,Plin,483.31
V1005619,2025-09-19,Piura,Tecnología,Celular,451.18,4,Plin,1804.72
V1005620,2025-08-27,Cusco,Moda,Pantalón,32.72,3,Yape,98.16
V1005621,2025-01-31,Arequipa,Alimentos,Arroz,314.28,1,Yape,314.28
V1005622,2025-08-07,Piura,Alimentos,Arroz,402.35,3,Tarjeta,1207.05
V1005623,2025-08-31,Arequipa,Belleza,Perfume,319.85,2,Yape,639.7
V1005624,2025-03-30,Trujillo,,Café,320.34,1,Tarjeta,320.34
V1005625,2025-08-06,Piura,Moda,Casaca,436.61,1,Tarjeta,436.61
V1005626,2025-03-24,Lima,Alimentos,Arroz,308.19,1,Tarjeta,308.19
V1005627,2025-01-22,Lima,Moda,Zapatillas,116.4,1,Efectivo,116.4
V1005628,2025-08-02,Trujillo,Tecnología,Celular,413.88,5,Yape,2069.4
V1005629,2025-07-31,Lima,Belleza,Crema,230.08,5,Efectivo,1150.4
V1005630,2025-02-01,Cusco,Belleza,Crema,332.76,4,Plin,1331.04
V1005631,2025-01-07,Cusco,Alimentos,Café,286.64,3,Tarjeta,859.92
V1005632,2025-10-12,Piura,Belleza,Maquillaje,285.79,4,Tarjeta,1143.16
V1005633,2025-12-26,Cusco,Moda,Zapatillas,422.93,2,Efectivo,845.86
V1005634,2025-06-18,Arequipa,Hogar,Aspiradora,174.29,3,Yape,522.87
V1005635,2025-06-18,Trujillo,Alimentos,Café,302.8,5,,1514.0
V1005636,2025-05-22,Piura,Hogar,Licuadora,174.27,1,Tarjeta,174.27
V1005637,2025-12-28,Lima,Belleza,Crema,127.44,2,Plin,254.88
V1005638,2025-12-27,Piura,,Zapatillas,218.8,4,Tarjeta,875.2
V1005639,2025-08-29,Arequipa,,Celular,415.4,5,Yape,2077.0
V1005640,2025-04-08,Piura,Tecnología,Laptop,230.3,2,Yape,460.6
V1005641,2025-05-28,Trujillo,Alimentos,Aceite,342.85,1,Yape,342.85
V1005642,2025-10-24,Piura,Alimentos,Atún,395.15,4,Plin,1580.6
V1005643,2025-09-17,Trujillo,Moda,Pantalón,225.43,3,Yape,676.29
V1005644,2025-02-10,Piura,Belleza,Crema,116.96,4,Plin,467.84
V1005645,2025-06-14,Piura,Alimentos,Aceite,278.9,5,Yape,1394.5
V1005646,2025-06-22,Piura,,Audífonos,326.2,2,Plin,652.4
V1005647,2025-06-02,Cusco,Moda,Zapatillas,202.15,1,Plin,202.15
V1005648,2025-06-01,Piura,Belleza,Maquillaje,236.18,2,Plin,472.36
V1005649,2025-12-20,Lima,Moda,Pantalón,229.55,4,Tarjeta,918.2
V1005650,2025-06-17,Cusco,Belleza,Maquillaje,480.54,3,,1441.62
V1005651,2025-07-06,Piura,Tecnología,Celular,362.47,1,Tarjeta,362.47
V1005652,2025-07-01,Trujillo,Alimentos,Aceite,355.43,4,Efectivo,1421.72
V1005653,2025-08-13,Cusco,Hogar,Aspiradora,277.99,5,Tarjeta,1389.95
V1005654,2025-08-31,Lima,Tecnología,Audífonos,351.9,2,Yape,703.8
V1005655,2025-07-13,Piura,Alimentos,Arroz,446.15,5,Plin,2230.75
V1005656,2025-07-23,Cusco,Tecnología,Laptop,390.41,5,Yape,1952.05
V1005657,2025-09-17,Trujillo,Alimentos,Atún,478.6,3,Tarjeta,1435.8
V1005658,2025-12-16,Lima,Moda,Pantalón,300.55,5,Plin,1502.75
V1005659,2025-11-16,Lima,Hogar,Microondas,282.1,5,Efectivo,1410.5
V1005660,2025-03-17,Cusco,Belleza,Maquillaje,211.98,2,Plin,423.96
V1005661,2025-06-19,Arequipa,Moda,Camisa,481.35,5,Plin,2406.75
V1005662,2025-01-06,Trujillo,Moda,Camisa,24.98,5,Efectivo,124.9
V1005663,2025-01-07,Trujillo,Tecnología,Audífonos,35.65,3,Efectivo,106.95
V1005664,2025-06-13,Lima,Moda,Pantalón,445.87,3,Plin,1337.61
V1005665,2025-02-18,Cusco,Moda,Zapatillas,437.22,3,Plin,1311.66
V1005666,2025-10-20,Lima,Moda,Camisa,121.22,2,Efectivo,242.44
V1005667,2025-03-18,Trujillo,Hogar,Aspiradora,444.04,3,Efectivo,1332.12
V1005668,2025-10-21,Trujillo,Alimentos,Arroz,202.9,2,Tarjeta,405.8
V1005669,2025-03-02,Trujillo,Alimentos,Arroz,480.99,4,Plin,1923.96
V1005670,2025-04-13,Arequipa,Alimentos,Café,308.08,3,Tarjeta,924.24
V1005671,2025-10-12,Lima,Alimentos,Aceite,30.81,1,Plin,30.81
V1005672,2025-12-15,Arequipa,Hogar,Olla,37.54,5,Tarjeta,187.7
V1005673,2025-10-27,Arequipa,Belleza,Maquillaje,153.74,5,Efectivo,768.7
V1005674,2025-08-29,Cusco,Hogar,Aspiradora,130.89,3,Tarjeta,392.67
V1005675,2025-08-02,Trujillo,,Maquillaje,224.89,5,Efectivo,1124.45
V1005676,2025-12-09,Lima,Hogar,Microondas,469.11,4,Yape,1876.44
V1005677,2025-11-11,Arequipa,Alimentos,Atún,434.31,1,Plin,434.31
V1005678,2025-07-13,Arequipa,Moda,Zapatillas,370.42,1,Yape,370.42
V1005679,2025-03-31,Cusco,Belleza,Maquillaje,62.83,1,Plin,62.83
V1005680,2025-03-10,Trujillo,Moda,Casaca,88.1,1,Yape,88.1
V1005681,2025-03-09,Cusco,Moda,Pantalón,165.8,1,,165.8
V1005682,2025-11-07,Trujillo,Moda,Casaca,146.52,2,,293.04
V1005683,2025-02-17,Piura,Belleza,Maquillaje,434.8,1,Yape,434.8
V1005684,2025-01-10,Cusco,Alimentos,Atún,181.58,5,Yape,907.9
V1005685,2025-03-11,Lima,Belleza,Perfume,409.87,4,Efectivo,1639.48
V1005686,2025-02-05,Lima,Hogar,Microondas,423.03,2,Tarjeta,846.06
V1005687,2025-06-15,Piura,Hogar,Licuadora,445.72,2,Efectivo,891.44
V1005688,2025-02-03,Lima,Belleza,Perfume,239.31,3,Plin,717.93
V1005689,2025-08-07,Cusco,Moda,Camisa,200.08,3,Yape,600.24
V1005690,2025-07-26,Cusco,Alimentos,Café,480.73,1,Efectivo,480.73
V1005691,2025-07-29,Lima,Alimentos,Café,349.68,4,Yape,1398.72
V1005692,2025-08-19,Arequipa,Moda,Zapatillas,196.8,1,Plin,196.8
V1005693,2025-01-25,Arequipa,Hogar,Licuadora,235.07,4,Plin,940.28
V1005694,2025-06-20,Trujillo,Moda,Casaca,298.79,1,Yape,298.79
V1005695,2025-03-23,Arequipa,Alimentos,Atún,395.19,1,Yape,395.19
V1005696,2025-08-03,Arequipa,Alimentos,Arroz,439.6,1,Plin,439.6
V1005697,2025-09-30,Piura,Hogar,Olla,47.12,4,Yape,188.48
V1005698,2025-12-21,Trujillo,Alimentos,Atún,75.97,4,Efectivo,303.88
V1005699,2025-03-12,Piura,Belleza,Shampoo,320.41,5,Plin,1602.05
V1005700,2025-07-30,Piura,Alimentos,Arroz,59.86,3,Plin,179.58
V1005701,2025-01-03,Lima,Tecnología,Laptop,182.62,4,Yape,730.48
V1005702,2025-01-03,Cusco,Hogar,Microondas,10.17,2,Tarjeta,20.34
V1005703,2025-05-18,Trujillo,Tecnología,Audífonos,106.53,1,,106.53
V1005704,2025-03-26,Arequipa,Hogar,Olla,219.43,1,Efectivo,219.43
V1005705,2025-06-01,Arequipa,Alimentos,Aceite,349.3,3,Yape,1047.9
V1005706,2025-04-10,Cusco,Moda,Pantalón,212.14,1,Tarjeta,212.14
V1005707,2025-08-18,Lima,Hogar,Licuadora,227.12,4,Tarjeta,908.48
V1005708,2025-05-29,Lima,Hogar,Aspiradora,263.6,4,Yape,1054.4
V1005709,2025-10-17,Lima,Belleza,Perfume,83.52,4,Plin,334.08
V1005710,2025-01-05,Arequipa,Hogar,Olla,67.35,4,Tarjeta,269.4
V1005711,2025-08-22,Arequipa,Tecnología,Celular,237.59,3,Tarjeta,712.77
V1005712,2025-05-27,Lima,Moda,Zapatillas,-360.86,1,Tarjeta,360.86
V1005713,2025-09-13,Lima,Belleza,Shampoo,11.85,1,Efectivo,11.85
V1005714,2025-09-26,Piura,Alimentos,Atún,367.33,1,,367.33
V1005715,2025-09-01,Cusco,Belleza,Maquillaje,15.67,4,Efectivo,62.68
V1005716,2025-11-02,Lima,Belleza,Perfume,326.65,1,,326.65
V1005717,2025-07-31,Lima,Moda,Zapatillas,16.28,5,Tarjeta,81.4
V1005718,2025-01-20,Trujillo,Tecnología,Audífonos,102.35,4,Yape,409.4
V1005719,2025-11-22,Lima,Moda,Pantalón,213.13,3,Efectivo,639.39
V1005720,2025-10-27,Arequipa,Belleza,Maquillaje,195.5,4,Tarjeta,782.0
V1005721,2025-02-19,Cusco,Tecnología,Tablet,170.08,1,Plin,170.08
V1005722,2025-04-05,Piura,Moda,Camisa,478.75,3,Plin,1436.25
V1005723,2025-05-30,Piura,Alimentos,Aceite,457.07,4,Efectivo,1828.28
V1005724,2025-06-16,Piura,Belleza,Crema,382.01,3,Plin,1146.03
V1005725,2025-05-03,Trujillo,Tecnología,Celular,337.38,1,Efectivo,337.38
V1005726,2025-05-29,Arequipa,Moda,Zapatillas,220.12,3,Efectivo,660.36
V1005727,2025-08-15,Trujillo,Moda,Pantalón,103.45,4,Yape,413.8
V1005728,2025-02-05,Piura,Belleza,Crema,173.97,2,Plin,347.94
V1005729,2025-03-31,Piura,Belleza,Maquillaje,72.46,5,Plin,362.3
V1005730,2025-09-23,Trujillo,Moda,Pantalón,255.61,2,Tarjeta,511.22
V1005731,2025-01-30,Piura,Hogar,Microondas,13.91,3,Efectivo,41.73
V1005732,2025-05-20,Cusco,Moda,Camisa,39.17,4,Plin,156.68
V1005733,2025-03-21,Piura,Alimentos,Atún,269.26,5,Tarjeta,1346.3
V1005734,2025-01-18,Piura,Belleza,Maquillaje,318.1,3,Tarjeta,954.3
V1005735,2025-09-21,Trujillo,Hogar,Licuadora,122.02,1,Efectivo,122.02
V1005736,2025-03-19,Cusco,Tecnología,Laptop,358.26,4,Tarjeta,1433.04
V1005737,2025-03-05,Piura,Belleza,Shampoo,239.91,4,Plin,959.64
V1005738,2025-04-05,Arequipa,,Audífonos,164.88,3,Yape,494.64
V1005739,2025-11-08,Piura,Tecnología,Laptop,211.29,2,Yape,422.58
V1005740,2025-01-23,Arequipa,Hogar,Licuadora,489.67,3,Efectivo,1469.01
V1005741,2025-05-24,Lima,Tecnología,Celular,231.92,3,Plin,695.76
V1005742,2025-12-13,Trujillo,Belleza,Crema,358.49,5,Yape,1792.45
V1005743,2025-02-13,Cusco,Moda,Zapatillas,91.54,5,Plin,457.7
V1005744,2025-05-26,Piura,Belleza,Maquillaje,348.61,5,Tarjeta,1743.05
V1005745,2025-08-11,Arequipa,Alimentos,Café,161.19,4,Tarjeta,644.76
V1005746,2025-07-06,Cusco,Belleza,Perfume,269.73,5,Yape,1348.65
V1005747,2025-04-06,Arequipa,Hogar,Licuadora,197.75,2,Plin,395.5
V1005748,2025-10-22,Cusco,Belleza,Maquillaje,393.44,5,Tarjeta,1967.2
V1005749,2025-12-25,Trujillo,Alimentos,Café,146.17,1,Yape,146.17
V1005750,2025-10-31,Cusco,Belleza,Perfume,343.19,1,Tarjeta,343.19
V1005751,2025-12-10,Arequipa,Hogar,Aspiradora,175.78,4,Plin,703.12
V1005752,2025-06-11,Trujillo,Alimentos,Atún,261.28,4,Efectivo,1045.12
V1005753,2025-11-27,Piura,Belleza,Perfume,252.35,3,Yape,757.05
V1005754,2025-01-27,Arequipa,Belleza,Crema,131.13,2,Plin,262.26
V1005755,2025-07-24,Lima,Alimentos,Aceite,394.24,1,Plin,394.24
V1005756,2025-02-04,Piura,Moda,Camisa,294.0,4,Plin,1176.0
V1005757,2025-05-14,Cusco,Moda,Pantalón,367.81,2,Tarjeta,735.62
V1005758,2025-02-20,Trujillo,Tecnología,Tablet,83.64,1,Yape,83.64
V1005759,2025-08-28,Trujillo,Alimentos,Café,495.31,5,,2476.55
V1005760,2025-05-03,Trujillo,Tecnología,Tablet,477.48,1,Efectivo,477.48
V1005761,2025-10-30,Cusco,Moda,Camisa,150.24,1,Yape,150.24
V1005762,2025-11-15,Piura,Moda,Casaca,429.44,3,Tarjeta,1288.32
V1005763,2025-12-10,Trujillo,Belleza,Shampoo,490.35,3,Tarjeta,1471.05
V1005764,2025-12-12,Piura,Belleza,Perfume,181.19,1,Tarjeta,181.19
V1005765,2025-11-22,Cusco,Hogar,Olla,248.25,1,Yape,248.25
V1005766,2025-09-09,Cusco,Hogar,Olla,133.28,1,Yape,133.28
V1005767,2025-10-25,Lima,Belleza,Maquillaje,182.39,5,Efectivo,911.95
V1005768,2025-04-21,Cusco,Moda,Zapatillas,410.55,2,Efectivo,821.1
V1005769,2025-03-09,Cusco,Moda,Camisa,75.2,1,Tarjeta,75.2
V1005770,2025-01-12,Trujillo,Alimentos,Café,132.79,3,Yape,398.37
V1005771,2025-03-24,Lima,Hogar,Licuadora,188.52,4,Tarjeta,754.08
V1005772,2025-06-11,Lima,Moda,Camisa,494.32,5,Plin,2471.6
V1005773,2025-04-06,Lima,Alimentos,Café,408.06,5,Tarjeta,2040.3
V1005774,2025-05-19,Cusco,,Aceite,301.0,5,Efectivo,1505.0
V1005775,2025-09-01,Piura,Belleza,Maquillaje,462.94,4,Tarjeta,1851.76
V1005776,2025-02-07,Lima,Hogar,Olla,426.24,4,Tarjeta,1704.96
V1005777,2025-04-21,Lima,Alimentos,Arroz,381.78,1,Plin,381.78
V1005778,2025-05-11,Cusco,Hogar,Microondas,380.31,3,Yape,1140.93
V1005779,2025-05-04,Cusco,Hogar,Aspiradora,427.17,2,Plin,854.34
V1005780,2025-01-18,Lima,Hogar,Microondas,338.7,4,Plin,1354.8
V1005781,2025-07-13,Trujillo,Moda,Pantalón,278.93,4,Plin,1115.72
V1005782,2025-09-21,Piura,Belleza,Shampoo,420.0,5,Tarjeta,2100.0
V1005783,2025-03-03,Piura,Belleza,Perfume,402.06,3,Efectivo,1206.18
V1005784,2025-05-24,Lima,,Maquillaje,206.58,5,Plin,1032.9
V1005785,2025-05-07,Arequipa,Belleza,Perfume,311.17,2,Plin,622.34
V1005786,2025-11-16,Arequipa,Hogar,Licuadora,210.25,5,Plin,1051.25
V1005787,2025-03-02,Trujillo,Belleza,Shampoo,396.25,1,Plin,396.25
V1005788,2025-09-20,Trujillo,Belleza,Crema,450.5,1,Efectivo,450.5
V1005789,2025-12-28,Piura,Moda,Casaca,323.71,4,Yape,1294.84
V1005790,2025-01-22,Lima,Hogar,Microondas,265.48,3,Plin,796.44
V1005791,2025-11-03,Arequipa,Tecnología,Laptop,141.27,5,Efectivo,706.35
V1005792,2025-06-02,Lima,Moda,Camisa,268.75,3,Yape,806.25
V1005793,2025-02-23,Piura,Hogar,Microondas,163.06,4,Tarjeta,652.24
V1005794,2025-06-06,Lima,Hogar,Olla,73.81,1,Yape,73.81
V1005795,2025-05-19,Lima,Moda,Pantalón,155.12,1,Plin,155.12
V1005796,2025-07-04,Piura,Hogar,Licuadora,206.91,1,Tarjeta,206.91
V1005797,2025-06-01,Cusco,Hogar,Microondas,170.44,1,Efectivo,170.44
V1005798,2025-01-30,Lima,Belleza,Perfume,457.46,1,Plin,457.46
V1005799,2025-09-22,Piura,Tecnología,Celular,46.69,4,Plin,186.76
V1005800,2025-01-12,Cusco,Tecnología,Laptop,286.36,5,Tarjeta,1431.8
V1005801,2025-04-16,Cusco,Tecnología,Tablet,17.84,2,Yape,35.68
V1005802,2025-07-22,Cusco,Alimentos,Arroz,75.8,2,Plin,151.6
V1005803,2025-09-19,Trujillo,Hogar,Olla,239.03,3,Plin,717.09
V1005804,2025-08-12,Lima,Alimentos,Aceite,409.97,3,Efectivo,1229.91
V1005805,2025-08-23,Piura,Tecnología,Celular,33.4,2,Plin,66.8
V1005806,2025-02-20,Trujillo,Moda,Zapatillas,11.49,3,Tarjeta,34.47
V1005807,2025-02-13,Piura,Tecnología,Tablet,309.44,5,Tarjeta,1547.2
V1005808,2025-02-09,Piura,Hogar,Licuadora,346.85,3,Efectivo,1040.55
V1005809,2025-02-08,Trujillo,Alimentos,Atún,405.89,2,Yape,811.78
V1005810,2025-11-22,Trujillo,Hogar,Aspiradora,293.37,4,Plin,1173.48
V1005811,2025-07-26,Arequipa,Moda,Camisa,364.63,2,Plin,729.26
V1005812,2025-05-08,Arequipa,Belleza,Shampoo,167.4,3,Plin,502.2
V1005813,2025-02-10,Lima,Tecnología,Tablet,355.16,3,Efectivo,1065.48
V1005814,2025-06-28,Piura,Moda,Pantalón,451.72,3,Tarjeta,1355.16
V1005815,2025-03-25,Arequipa,Tecnología,Laptop,256.96,4,Efectivo,1027.84
V1005816,2025-05-11,Cusco,Alimentos,Atún,422.03,5,Efectivo,2110.15
V1005817,2025-01-14,Piura,Moda,Zapatillas,85.83,2,Yape,171.66
V1005818,2025-06-17,Trujillo,Alimentos,Arroz,197.33,4,Yape,789.32
V1005819,2025-03-30,Arequipa,Tecnología,Laptop,202.7,1,Yape,202.7
V1005820,2025-06-13,Arequipa,Alimentos,Café,353.22,5,Tarjeta,1766.1
V1005821,2025-06-16,Lima,Tecnología,Tablet,336.35,4,Yape,1345.4
V1005822,2025-08-21,Piura,Belleza,Shampoo,99.96,3,Yape,299.88
V1005823,2025-04-01,Trujillo,Alimentos,Café,452.31,4,Yape,1809.24
V1005824,2025-12-03,Trujillo,Moda,Casaca,90.57,1,Tarjeta,90.57
V1005825,2025-04-25,Cusco,Moda,Zapatillas,214.47,3,Efectivo,643.41
V1005826,2025-02-03,Trujillo,Tecnología,Laptop,72.13,1,Tarjeta,72.13
V1005827,2025-11-29,Trujillo,Belleza,Shampoo,62.49,1,Tarjeta,62.49
V1005828,2025-08-03,Trujillo,Tecnología,Celular,227.43,5,Yape,1137.15
V1005829,2025-05-17,Cusco,Belleza,Shampoo,389.35,2,Plin,778.7
V1005830,2025-04-29,Trujillo,Alimentos,Atún,499.87,1,Tarjeta,499.87
V1005831,2025-03-26,Cusco,Hogar,Microondas,88.7,2,Tarjeta,177.4
V1005832,2025-09-26,Piura,Tecnología,Laptop,190.4,5,Efectivo,952.0
V1005833,2025-04-04,Cusco,Tecnología,Audífonos,147.6,1,Efectivo,147.6
V1005834,2025-02-21,Arequipa,Hogar,Licuadora,390.53,2,Yape,781.06
V1005835,2025-04-05,Cusco,Belleza,Crema,181.56,4,Efectivo,726.24
V1005836,2025-01-09,Lima,Alimentos,Atún,311.96,1,Yape,311.96
V1005837,2025-07-09,Cusco,Alimentos,Aceite,397.35,2,Yape,794.7
V1005838,2025-08-17,Lima,Hogar,Microondas,306.01,1,Yape,306.01
V1005839,2025-08-01,Piura,Hogar,Aspiradora,463.61,3,Tarjeta,1390.83
V1005840,2025-08-10,Piura,Alimentos,Aceite,205.6,2,Tarjeta,411.2
V1005841,2025-02-09,Lima,Moda,Casaca,95.28,2,Tarjeta,190.56
V1005842,2025-07-16,Cusco,Hogar,Licuadora,242.83,9999,Efectivo,728.49
V1005843,2025-03-03,Cusco,,Zapatillas,406.68,3,Efectivo,1220.04
V1005844,2025-01-11,Cusco,Tecnología,Laptop,318.24,5,Plin,1591.2
V1005845,2025-03-13,Piura,Moda,Camisa,34.73,5,Tarjeta,173.65
V1005846,2025-05-28,Lima,Alimentos,Arroz,356.32,5,Tarjeta,1781.6
V1005847,2025-09-11,Cusco,Tecnología,Tablet,428.13,1,Yape,428.13
V1005848,2025-01-06,Piura,Moda,Casaca,318.03,3,Plin,954.09
V1005849,2025-11-22,Arequipa,Tecnología,Audífonos,238.89,5,Yape,1194.45
V1005850,2025-11-21,Lima,Belleza,Perfume,52.15,3,Yape,156.45
V1005851,2025-07-24,Trujillo,Belleza,Perfume,472.54,3,Efectivo,1417.62
V1005852,2025-01-06,Piura,Tecnología,Laptop,94.31,4,Tarjeta,377.24
V1005853,2025-12-03,Cusco,Belleza,Perfume,346.59,2,Tarjeta,693.18
V1005854,2025-07-26,Lima,Moda,Camisa,75.81,2,Tarjeta,151.62
V1005855,2025-04-12,Arequipa,Hogar,Aspiradora,37.43,1,Yape,37.43
V1005856,2025-07-28,Cusco,Tecnología,Tablet,386.11,3,Yape,1158.33
V1005857,2025-08-01,Lima,,Audífonos,95.8,3,Plin,287.4
V1005858,2025-07-09,Arequipa,,Shampoo,173.39,2,,346.78
V1005859,2025-04-17,Arequipa,Moda,Pantalón,237.79,2,Tarjeta,475.58
V1005860,2025-06-20,Arequipa,Belleza,Maquillaje,412.19,4,Yape,1648.76
V1005861,2025-11-29,Piura,Hogar,Olla,458.32,1,Yape,458.32
V1005862,2025-07-22,Arequipa,,Audífonos,495.22,5,Plin,2476.1
V1005863,2025-08-03,Arequipa,Hogar,Olla,293.7,5,Plin,1468.5
V1005864,2025-11-20,Cusco,Moda,Pantalón,380.24,3,Yape,1140.72
V1005865,2025-03-07,Lima,Tecnología,Laptop,465.45,2,Yape,930.9
V1005866,2025-11-09,Piura,Alimentos,Aceite,231.0,4,Efectivo,924.0
V1005867,2025-06-11,Piura,Belleza,Crema,257.12,4,Plin,1028.48
V1005868,2025-07-12,Piura,Alimentos,Aceite,469.57,3,Plin,1408.71
V1005869,2025-06-21,Arequipa,Hogar,Aspiradora,337.02,1,Tarjeta,337.02
V1005870,2025-05-07,Piura,Hogar,Microondas,471.68,4,Yape,1886.72
V1005871,2025-11-10,Piura,Belleza,Perfume,34.62,2,Yape,69.24
V1005872,2025-02-23,Trujillo,Hogar,Licuadora,438.17,3,Efectivo,1314.51
V1005873,2025-02-06,Lima,Belleza,Shampoo,256.48,3,Efectivo,769.44
V1005874,2025-05-19,Trujillo,Alimentos,Arroz,94.87,5,Tarjeta,474.35
V1005875,2025-02-25,Cusco,Alimentos,Aceite,409.95,3,Plin,1229.85
V1005876,2025-04-10,Piura,Belleza,Crema,32.03,5,Tarjeta,160.15
V1005877,2025-11-26,Arequipa,Tecnología,Audífonos,143.58,2,,287.16
V1005878,2025-06-30,Lima,Belleza,Perfume,169.06,2,Tarjeta,338.12
V1005879,2025-12-20,Arequipa,Tecnología,Laptop,395.88,2,Tarjeta,791.76
V1005880,2025-11-22,Trujillo,Alimentos,Atún,295.49,2,Tarjeta,590.98
V1005881,2025-05-08,Arequipa,Tecnología,Celular,134.75,4,Tarjeta,539.0
V1005882,2025-11-16,Piura,Hogar,Microondas,479.56,3,Tarjeta,1438.68
V1005883,2025-07-15,Trujillo,Hogar,Olla,339.87,2,Efectivo,679.74
V1005884,2025-08-21,Cusco,Moda,Camisa,213.22,2,Efectivo,426.44
V1005885,2025-04-14,Piura,Moda,Zapatillas,183.74,4,Plin,734.96
V1005886,2025-01-19,Trujillo,Hogar,Microondas,285.59,4,Plin,1142.36
V1005887,2025-12-23,Lima,Moda,Camisa,178.24,4,Tarjeta,712.96
V1005888,2025-03-30,Trujillo,Tecnología,Tablet,244.24,5,Plin,1221.2
V1005889,2025-02-16,Lima,Hogar,Aspiradora,326.67,5,Tarjeta,1633.35
V1005890,2025-09-07,Piura,Alimentos,Aceite,449.15,5,Plin,2245.75
V1005891,2025-01-24,Piura,Hogar,Licuadora,29.29,1,Efectivo,29.29
V1005892,2025-10-19,Piura,Tecnología,Audífonos,318.58,4,Efectivo,1274.32
V1005893,2025-11-02,Lima,Hogar,Microondas,154.62,2,Plin,309.24
V1005894,2025-06-07,Trujillo,Alimentos,Arroz,373.69,1,Yape,373.69
V1005895,2025-12-05,Cusco,Tecnología,Tablet,277.88,5,Tarjeta,1389.4
V1005896,2025-10-01,Lima,Hogar,Microondas,32.75,1,Efectivo,32.75
V1005897,2025-05-01,Piura,Hogar,Olla,337.58,4,Efectivo,1350.32
V1005898,2025-06-16,Trujillo,Alimentos,Aceite,246.43,1,Tarjeta,246.43
V1005899,2025-09-23,Trujillo,Hogar,Licuadora,448.47,5,Yape,2242.35
V1005900,2025-01-27,Cusco,Moda,Casaca,286.72,5,Efectivo,1433.6
V1005901,2025-02-12,Cusco,Hogar,Olla,495.94,3,Plin,1487.82
V1005902,2025-06-15,Cusco,Belleza,Shampoo,466.18,5,Plin,2330.9
V1005903,2025-10-16,Arequipa,Hogar,Olla,34.97,2,Efectivo,69.94
V1005904,2025-02-05,Cusco,Tecnología,Celular,437.12,3,Efectivo,1311.36
V1005905,2025-06-08,Cusco,Moda,Casaca,210.02,3,Tarjeta,630.06
V1005906,2025-04-26,Piura,Alimentos,Café,307.02,1,Yape,307.02
V1005907,2025-08-17,Trujillo,Tecnología,Audífonos,92.78,4,Plin,371.12
V1005908,2025-08-12,Lima,Alimentos,Café,97.96,4,Tarjeta,391.84
V1005909,2025-09-22,Lima,Moda,Zapatillas,416.7,5,Tarjeta,2083.5
V1005910,2025-04-24,Piura,Tecnología,Tablet,192.6,1,Plin,192.6
V1005911,2025-06-02,Trujillo,Hogar,Olla,315.37,4,Efectivo,1261.48
V1005912,2025-06-10,Lima,Hogar,Microondas,351.67,1,Tarjeta,351.67
V1005913,2025-07-01,Trujillo,Tecnología,Laptop,134.51,5,Efectivo,672.55
V1005914,2025-03-05,Lima,Hogar,Olla,453.83,3,Efectivo,1361.49
V1005915,2025-01-02,Piura,Hogar,Aspiradora,187.56,1,Yape,187.56
V1005916,2025-07-27,Arequipa,Tecnología,Audífonos,487.11,3,Plin,1461.33
V1005917,2025-02-21,Piura,Moda,Casaca,35.01,3,Efectivo,105.03
V1005918,2025-09-27,Lima,Hogar,Licuadora,258.53,2,Efectivo,517.06
V1005919,2025-08-04,Lima,Belleza,Crema,271.13,2,Plin,542.26
V1005920,2025-09-13,Piura,Hogar,Microondas,25.64,3,Efectivo,76.92
V1005921,2025-03-27,Trujillo,Alimentos,Arroz,106.86,1,Efectivo,106.86
V1005922,2025-05-28,Piura,Alimentos,Atún,374.91,2,Tarjeta,749.82
V1005923,2025-05-17,Arequipa,Moda,Camisa,420.87,5,Plin,2104.35
V1005924,2025-01-30,Lima,Tecnología,Celular,72.37,5,,361.85
V1005925,2025-05-06,Piura,Alimentos,Arroz,495.56,4,Efectivo,1982.24
V1005926,2025-12-03,Piura,Hogar,Microondas,112.51,2,Yape,225.02
V1005927,2025-06-29,Piura,Hogar,Olla,439.97,1,Yape,439.97
V1005928,2025-12-27,Cusco,Hogar,Microondas,220.46,2,Yape,440.92
V1005929,2025-04-16,Arequipa,Tecnología,Laptop,430.39,3,Tarjeta,1291.17
V1005930,2025-12-04,Cusco,Belleza,Shampoo,304.12,5,Tarjeta,1520.6
V1005931,2025-12-12,Piura,Tecnología,Laptop,384.62,1,Plin,384.62
V1005932,2025-12-14,Piura,Alimentos,Atún,404.18,1,Yape,404.18
V1005933,2025-03-20,Cusco,Alimentos,Arroz,62.57,3,,187.71
V1005934,2025-07-21,Piura,Hogar,Microondas,247.92,3,Tarjeta,743.76
V1005935,2025-07-22,Cusco,Belleza,Shampoo,107.14,1,Tarjeta,107.14
V1005936,2025-08-12,Cusco,Tecnología,Tablet,392.3,2,Tarjeta,784.6
V1005937,2025-06-20,Piura,Tecnología,Tablet,383.96,4,Yape,1535.84
V1005938,2025-03-01,Trujillo,Tecnología,Tablet,338.78,3,Tarjeta,1016.34
V1005939,2025-07-06,Lima,Hogar,Licuadora,410.04,2,Efectivo,820.08
V1005940,2025-03-27,Lima,Hogar,Microondas,264.6,2,Yape,529.2
V1005941,2025-10-16,Arequipa,Moda,Zapatillas,83.18,5,Efectivo,415.9
V1005942,2025-12-26,Arequipa,,Pantalón,169.93,4,Tarjeta,679.72
V1005943,2025-09-22,Cusco,Tecnología,Audífonos,293.65,5,Yape,1468.25
V1005944,2025-08-18,Lima,Alimentos,Aceite,350.96,1,Efectivo,350.96
V1005945,2025-01-09,Cusco,Alimentos,Atún,45.13,4,Plin,180.52
V1005946,2025-11-14,Arequipa,Belleza,Crema,468.46,5,Yape,2342.3
V1005947,2025-01-06,Trujillo,,Camisa,417.74,5,Plin,2088.7
V1005948,2025-06-22,Trujillo,Belleza,Crema,149.87,3,Tarjeta,449.61
V1005949,2025-08-17,Cusco,Alimentos,Atún,366.91,4,Efectivo,1467.64
V1005950,2025-03-12,Trujillo,Alimentos,Aceite,34.78,5,Tarjeta,173.9
V1005951,2025-04-15,Cusco,Moda,Zapatillas,473.79,5,Plin,2368.95
V1005952,2025-04-21,Lima,Hogar,Olla,122.46,4,Tarjeta,489.84
V1005953,2025-12-17,Arequipa,Belleza,Crema,194.38,2,Yape,388.76
V1005954,2025-09-21,Cusco,,Shampoo,141.89,5,Plin,709.45
V1005955,2025-05-04,Trujillo,Hogar,Microondas,322.84,4,Yape,1291.36
V1005956,2025-10-31,Arequipa,Belleza,Perfume,-439.94,5,Efectivo,2199.7
V1005957,2025-10-15,Trujillo,Alimentos,Arroz,177.4,2,Plin,354.8
V1005958,2025-06-26,Piura,Alimentos,Café,381.17,2,Efectivo,762.34
V1005959,2025-02-24,Arequipa,Moda,Pantalón,87.44,3,Plin,262.32
V1005960,2025-07-11,Arequipa,Hogar,Aspiradora,405.48,1,Efectivo,405.48
V1005961,2025-11-02,Cusco,Hogar,Microondas,377.23,4,Yape,1508.92
V1005962,2025-08-18,Lima,Moda,Casaca,129.88,2,Plin,259.76
V1005963,2025-11-16,Lima,Hogar,Aspiradora,15.9,4,Efectivo,63.6
V1005964,2025-09-22,Cusco,Hogar,Olla,245.83,1,Tarjeta,245.83
V1005965,2025-12-13,Trujillo,Alimentos,Aceite,85.08,4,Tarjeta,340.32
V1005966,2025-10-07,Piura,Tecnología,Celular,253.15,5,Yape,1265.75
V1005967,2025-09-21,Cusco,Moda,Zapatillas,34.59,4,Plin,138.36
V1005968,2025-07-17,Cusco,Tecnología,Audífonos,239.67,5,Efectivo,1198.35
V1005969,2025-03-13,Lima,Tecnología,Tablet,414.94,2,Efectivo,829.88
V1005970,2025-04-25,Arequipa,Belleza,Perfume,490.8,9999,Plin,1472.4
V1005971,2025-07-10,Cusco,Tecnología,Celular,395.13,2,,790.26
V1005972,2025-02-10,Arequipa,Tecnología,Tablet,274.05,4,Yape,1096.2
V1005973,2025-03-19,Arequipa,Tecnología,Celular,454.6,5,Plin,2273.0
V1005974,2025-09-09,Trujillo,Hogar,Licuadora,148.74,5,Yape,743.7
V1005975,2025-10-09,Lima,Tecnología,Tablet,154.35,1,Tarjeta,154.35
V1005976,2025-12-08,Trujillo,,Aceite,326.82,2,Efectivo,653.64
V1005977,2025-01-22,Lima,Hogar,Aspiradora,290.76,2,Yape,581.52
V1005978,2025-05-19,Arequipa,Hogar,Olla,211.64,1,Plin,211.64
V1005979,2025-06-07,Cusco,Belleza,Shampoo,54.01,3,Tarjeta,162.03
V1005980,2025-03-14,Arequipa,Belleza,Maquillaje,235.71,1,Tarjeta,235.71
V1005981,2025-04-05,Trujillo,,Shampoo,292.06,3,Efectivo,876.18
V1005982,2025-06-21,Trujillo,Moda,Pantalón,322.43,2,Tarjeta,644.86
V1005983,2025-11-15,Piura,,Camisa,82.46,2,Tarjeta,164.92
V1005984,2025-12-04,Trujillo,Hogar,Licuadora,403.8,4,Plin,1615.2
V1005985,2025-04-04,Cusco,,Zapatillas,362.59,1,Plin,362.59
V1005986,2025-04-04,Cusco,Hogar,Microondas,405.21,2,Efectivo,810.42
V1005987,2025-05-18,Trujillo,Belleza,Shampoo,489.05,1,Efectivo,489.05
V1005988,2025-12-26,Cusco,Hogar,Aspiradora,388.7,5,Tarjeta,1943.5
V1005989,2025-12-15,Arequipa,Alimentos,Aceite,479.41,1,Efectivo,479.41
V1005990,2025-08-03,Cusco,,Licuadora,303.07,4,Efectivo,1212.28
V1005991,2025-12-03,Trujillo,Moda,Pantalón,129.86,1,Efectivo,129.86
V1005992,2025-07-01,Arequipa,Alimentos,Café,132.74,3,Yape,398.22
V1005993,2025-01-19,Cusco,Moda,Camisa,88.66,3,Tarjeta,265.98
V1005994,2025-06-11,Arequipa,Belleza,Maquillaje,316.33,3,Tarjeta,948.99
V1005995,2025-06-18,Trujillo,Alimentos,Aceite,53.83,5,,269.15
V1005996,2025-04-18,Trujillo,Tecnología,Tablet,258.58,5,Plin,1292.9
V1005997,2025-05-12,Cusco,Moda,Zapatillas,51.32,2,Plin,102.64
V1005998,2025-01-02,Cusco,Tecnología,Laptop,259.48,2,Plin,518.96
V1005999,2025-03-05,Cusco,Tecnología,Celular,93.73,2,Plin,187.46
V1006000,2025-04-28,Piura,Moda,Camisa,174.06,1,,174.06
V1006001,2025-05-29,Piura,Tecnología,Tablet,497.76,5,,2488.8
V1006002,2025-06-22,Trujillo,Tecnología,Laptop,68.4,4,Tarjeta,273.6
V1006003,2025-10-21,Lima,Belleza,Crema,477.79,5,,2388.95
V1006004,2025-04-06,Piura,Alimentos,Atún,48.51,4,Efectivo,194.04
V1006005,2025-05-26,Cusco,Tecnología,Celular,365.54,3,Tarjeta,1096.62
V1006006,2025-12-23,Cusco,Belleza,Shampoo,253.54,2,Tarjeta,507.08
V1006007,2025-03-22,Cusco,Alimentos,Aceite,196.44,3,Efectivo,589.32
V1006008,2025-06-05,Piura,Alimentos,Arroz,261.81,5,Plin,1309.05
V1006009,2025-11-10,Cusco,Tecnología,Tablet,466.98,1,Yape,466.98
V1006010,2025-04-18,Lima,Belleza,Shampoo,115.42,2,Yape,230.84
V1006011,2025-09-07,Arequipa,Tecnología,Laptop,494.7,2,Tarjeta,989.4
V1006012,2025-01-16,Cusco,Hogar,Microondas,330.4,1,Yape,330.4
V1006013,2025-01-04,Cusco,Alimentos,Atún,407.14,4,Efectivo,1628.56
V1006014,2025-10-22,Trujillo,Moda,Pantalón,365.75,4,Plin,1463.0
V1006015,2025-02-11,Arequipa,Alimentos,Aceite,373.38,3,Yape,1120.14
V1006016,2025-08-08,Cusco,Tecnología,Tablet,83.98,3,Plin,251.94
V1006017,2025-09-03,Trujillo,Moda,Zapatillas,389.11,2,Plin,778.22
V1006018,2025-01-15,Piura,Hogar,Microondas,90.48,3,Yape,271.44
V1006019,2025-02-17,Trujillo,Tecnología,Laptop,33.85,3,Tarjeta,101.55
V1006020,2025-03-07,Piura,Belleza,Shampoo,116.84,5,Efectivo,584.2
V1006021,2025-01-25,Piura,Alimentos,Arroz,116.66,1,Yape,116.66
V1006022,2025-06-28,Trujillo,Alimentos,Atún,113.33,4,Efectivo,453.32
V1006023,2025-03-09,Lima,Tecnología,Celular,118.45,1,Yape,118.45
V1006024,2025-10-04,Cusco,Belleza,Shampoo,439.56,2,Yape,879.12
V1006025,2025-08-18,Arequipa,Tecnología,Audífonos,424.49,4,Yape,1697.96
V1006026,2025-12-10,Cusco,Alimentos,Café,456.66,1,Efectivo,456.66
V1006027,2025-04-10,Arequipa,Alimentos,Arroz,448.05,5,Efectivo,2240.25
V1006028,2025-02-21,Trujillo,Belleza,Shampoo,390.68,3,Plin,1172.04
V1006029,2025-07-15,Lima,Hogar,Microondas,96.29,5,Yape,481.45
V1006030,2025-07-07,Cusco,Belleza,Crema,89.27,4,Tarjeta,357.08
V1006031,2025-12-26,Piura,Hogar,Olla,264.59,1,Yape,264.59
V1006032,2025-12-16,Cusco,Belleza,Shampoo,174.29,5,Efectivo,871.45
V1006033,2025-02-06,Cusco,Belleza,Maquillaje,39.57,3,Yape,118.71
V1006034,2025-10-25,Arequipa,Moda,Camisa,198.76,3,Tarjeta,596.28
V1006035,2025-01-02,Lima,Hogar,Olla,203.44,4,Plin,813.76
V1006036,2025-09-26,Lima,Belleza,Crema,328.19,3,Tarjeta,984.57
V1006037,2025-01-28,Arequipa,Belleza,Perfume,355.19,1,Yape,355.19
V1006038,2025-03-20,Lima,Hogar,Olla,408.16,2,Plin,816.32
V1006039,2025-09-17,Trujillo,Hogar,Microondas,389.95,4,Plin,1559.8
V1006040,2025-07-21,Lima,Alimentos,Atún,366.85,3,Plin,1100.55
V1006041,2025-02-13,Cusco,Alimentos,Aceite,484.64,1,Yape,484.64
V1006042,2025-01-12,Piura,Moda,Casaca,442.35,5,Yape,2211.75
V1006043,2025-02-23,Arequipa,Hogar,Microondas,211.73,4,Plin,846.92
V1006044,2025-10-05,Cusco,Alimentos,Atún,379.09,1,Plin,379.09
V1006045,2025-02-28,Trujillo,Belleza,Crema,383.75,5,Efectivo,1918.75
V1006046,2025-10-24,Trujillo,Moda,Zapatillas,131.38,5,Yape,656.9
V1006047,2025-11-29,Trujillo,Tecnología,Tablet,257.16,2,Efectivo,514.32
V1006048,2025-02-26,Cusco,Moda,Pantalón,74.55,5,Tarjeta,372.75
V1006049,2025-09-05,Arequipa,Alimentos,Arroz,271.33,5,Yape,1356.65
V1006050,2025-09-08,Cusco,Moda,Zapatillas,-40.8,3,Plin,122.4
V1006051,2025-08-17,Lima,Alimentos,Atún,348.14,4,Yape,1392.56
V1006052,2025-08-08,Cusco,Hogar,Microondas,219.55,2,Plin,439.1
V1006053,2025-06-21,Lima,Alimentos,Atún,347.98,5,Yape,1739.9
V1006054,2025-02-19,Lima,Tecnología,Celular,106.63,3,Yape,319.89
V1006055,2025-01-17,Piura,Belleza,Crema,122.4,4,Plin,489.6
V1006056,2025-09-22,Arequipa,Belleza,Shampoo,148.89,3,Efectivo,446.67
V1006057,2025-10-21,Cusco,Belleza,Maquillaje,199.28,5,Yape,996.4
V1006058,2025-09-25,Trujillo,Moda,Camisa,353.08,4,Plin,1412.32
V1006059,2025-08-17,Piura,Moda,Camisa,253.09,3,,759.27
V1006060,2025-05-23,Trujillo,Tecnología,Laptop,102.78,4,Efectivo,411.12
V1006061,2025-11-19,Piura,Belleza,Shampoo,458.88,2,Yape,917.76
V1006062,2025-11-26,Cusco,Hogar,Microondas,193.01,3,Tarjeta,579.03
V1006063,2025-01-11,Lima,Tecnología,Audífonos,149.8,3,Yape,449.4
V1006064,2025-07-29,Arequipa,Tecnología,Celular,101.67,2,Efectivo,203.34
V1006065,2025-05-08,Lima,Belleza,Shampoo,48.13,3,Efectivo,144.39
V1006066,2025-01-28,Cusco,Hogar,Microondas,465.0,2,Efectivo,930.0
V1006067,2025-07-30,Trujillo,Hogar,Licuadora,365.5,2,Efectivo,731.0
V1006068,2025-09-19,Piura,Tecnología,Audífonos,449.25,2,Tarjeta,898.5
V1006069,2025-09-28,Piura,Alimentos,Arroz,184.71,3,Efectivo,554.13
V1006070,2025-11-20,Trujillo,Hogar,Licuadora,455.58,4,Tarjeta,1822.32
V1006071,2025-09-03,Lima,Hogar,Olla,390.43,1,Tarjeta,390.43
V1006072,2025-07-21,Cusco,Alimentos,Aceite,252.69,3,Tarjeta,758.07
V1006073,2025-01-01,Arequipa,Belleza,Maquillaje,71.75,4,Plin,287.0
V1006074,2025-11-28,Cusco,Hogar,Licuadora,246.42,3,Yape,739.26
V1006075,2025-04-05,Arequipa,,Aspiradora,474.95,3,Plin,1424.85
V1006076,2025-11-16,Arequipa,Moda,Camisa,145.89,1,Efectivo,145.89
V1006077,2025-09-02,Piura,Belleza,Maquillaje,258.8,4,Plin,1035.2
V1006078,2025-11-12,Arequipa,Hogar,Olla,361.0,4,Tarjeta,1444.0
V1006079,2025-06-12,Cusco,Hogar,Olla,185.07,5,Plin,925.35
V1006080,2025-01-10,Lima,Hogar,Microondas,205.29,2,Efectivo,410.58
V1006081,2025-08-18,Arequipa,Belleza,Shampoo,14.65,4,Tarjeta,58.6
V1006082,2025-08-07,Cusco,Alimentos,Arroz,401.95,1,Efectivo,401.95
V1006083,2025-02-14,Piura,Tecnología,Celular,475.33,5,Yape,2376.65
V1006084,2025-05-06,Cusco,Tecnología,Celular,138.13,1,Efectivo,138.13
V1006085,2025-04-08,Piura,Alimentos,Arroz,24.2,4,Tarjeta,96.8
V1006086,2025-11-14,Lima,Alimentos,Atún,205.8,2,Plin,411.6
V1006087,2025-05-01,Trujillo,Alimentos,Aceite,90.05,1,Plin,90.05
V1006088,2025-03-22,Lima,Alimentos,Aceite,84.97,1,Yape,84.97
V1006089,2025-07-02,Arequipa,,Casaca,219.71,4,Tarjeta,878.84
V1006090,2025-07-09,Piura,Alimentos,Café,353.7,5,Yape,1768.5
V1006091,2025-05-08,Trujillo,Hogar,Olla,448.87,5,Tarjeta,2244.35
V1006092,2025-10-25,Arequipa,Alimentos,Atún,93.55,2,Tarjeta,187.1
V1006093,2025-02-28,Trujillo,Hogar,Olla,64.74,5,Yape,323.7
V1006094,2025-01-05,Arequipa,Tecnología,Celular,382.08,3,Plin,1146.24
V1006095,2025-07-08,Trujillo,Alimentos,Café,93.58,2,Efectivo,187.16
V1006096,2025-05-13,Trujillo,Moda,Pantalón,443.69,2,Plin,887.38
V1006097,2025-08-11,Trujillo,Alimentos,Café,131.3,4,Tarjeta,525.2
V1006098,2025-07-10,Lima,Alimentos,Café,111.0,4,Tarjeta,444.0
V1006099,2025-11-26,Trujillo,Alimentos,Café,342.3,5,Tarjeta,1711.5
V1006100,2025-01-15,Trujillo,Alimentos,Aceite,311.24,5,Efectivo,1556.2
V1006101,2025-02-26,Cusco,Moda,Casaca,386.08,3,Efectivo,1158.24
V1006102,2025-11-23,Arequipa,Tecnología,Celular,200.34,4,Yape,801.36
V1006103,2025-11-15,Lima,Hogar,Olla,317.24,3,,951.72
V1006104,2025-09-26,Arequipa,Moda,Zapatillas,31.5,4,Efectivo,126.0
V1006105,2025-03-17,Cusco,Tecnología,Tablet,129.0,2,Efectivo,258.0
V1006106,2025-11-15,Arequipa,Belleza,Crema,451.07,4,Tarjeta,1804.28
V1006107,2025-12-29,Arequipa,Tecnología,Audífonos,334.62,1,Yape,334.62
V1006108,2025-08-12,Trujillo,Hogar,Aspiradora,85.03,5,Yape,425.15
V1006109,2025-03-09,Arequipa,Moda,Pantalón,250.69,3,Efectivo,752.07
V1006110,2025-09-10,Trujillo,Hogar,Aspiradora,214.48,2,Tarjeta,428.96
V1006111,2025-10-30,Arequipa,Alimentos,Aceite,160.84,1,Tarjeta,160.84
V1006112,2025-03-28,Cusco,Tecnología,Tablet,155.71,1,Tarjeta,155.71
V1006113,2025-10-29,Trujillo,Hogar,Licuadora,172.8,4,Tarjeta,691.2
V1006114,2025-12-15,Lima,Tecnología,Tablet,100.45,1,Efectivo,100.45
V1006115,2025-02-24,Lima,Moda,Pantalón,255.4,3,Efectivo,766.2
V1006116,2025-05-29,Arequipa,Hogar,Olla,482.01,4,Plin,1928.04
V1006117,2025-03-31,Lima,Moda,Pantalón,324.24,1,Plin,324.24
V1006118,2025-05-04,Piura,Hogar,Microondas,258.41,4,Yape,1033.64
V1006119,2025-10-19,Lima,Tecnología,Laptop,349.7,3,Yape,1049.1
V1006120,2025-04-04,Cusco,Belleza,Shampoo,186.41,1,Plin,186.41
V1006121,2025-04-20,Arequipa,Hogar,Aspiradora,412.11,3,Efectivo,1236.33
V1006122,2025-10-13,Lima,,Olla,351.63,4,Plin,1406.52
V1006123,2025-09-24,Cusco,Hogar,Olla,491.5,1,Efectivo,491.5
V1006124,2025-01-16,Arequipa,Alimentos,Atún,253.91,4,Plin,1015.64
V1006125,2025-10-21,Trujillo,Hogar,Licuadora,498.73,3,Tarjeta,1496.19
V1006126,2025-07-11,Trujillo,Belleza,Perfume,192.63,3,Tarjeta,577.89
V1006127,2025-07-13,Arequipa,Tecnología,Audífonos,20.63,4,Plin,82.52
V1006128,2025-01-26,Cusco,Tecnología,Tablet,254.28,2,Yape,508.56
V1006129,2025-03-23,Lima,Tecnología,Tablet,92.18,3,Efectivo,276.54
V1006130,2025-04-01,Cusco,Tecnología,Laptop,115.4,5,Plin,577.0
V1006131,2025-10-25,Arequipa,Moda,Zapatillas,346.18,3,Yape,1038.54
V1006132,2025-01-03,Lima,Alimentos,Arroz,265.08,3,Efectivo,795.24
V1006133,2025-11-02,Lima,Moda,Casaca,105.88,2,Yape,211.76
V1006134,2025-11-29,Trujillo,,Laptop,17.3,5,Plin,86.5
V1006135,2025-09-01,Lima,Hogar,Olla,369.1,4,Plin,1476.4
V1006136,2025-02-26,Piura,Tecnología,Tablet,217.05,3,Efectivo,651.15
V1006137,2025-11-03,Piura,Tecnología,Celular,412.92,4,Tarjeta,1651.68
V1006138,2025-01-26,Cusco,Tecnología,Laptop,482.23,1,Plin,482.23
V1006139,2025-04-11,Arequipa,Tecnología,Audífonos,300.01,4,Yape,1200.04
V1006140,2025-12-22,Piura,Hogar,Microondas,137.88,1,Plin,137.88
V1006141,2025-04-21,Trujillo,Belleza,Crema,418.97,5,Tarjeta,2094.85
V1006142,2025-03-22,Trujillo,Belleza,Perfume,81.55,5,Tarjeta,407.75
V1006143,2025-01-02,Trujillo,Tecnología,Audífonos,329.79,2,Plin,659.58
V1006144,2025-03-03,Lima,Tecnología,Audífonos,426.7,2,Yape,853.4
V1006145,2025-04-20,Trujillo,Tecnología,Celular,264.83,2,Plin,529.66
V1006146,2025-12-05,Trujillo,Tecnología,Audífonos,163.43,5,Tarjeta,817.15
V1006147,2025-10-21,Cusco,Belleza,Maquillaje,64.84,4,Efectivo,259.36
V1006148,2025-07-30,Cusco,Alimentos,Aceite,330.19,4,Efectivo,1320.76
V1006149,2025-03-03,Piura,Belleza,Shampoo,297.99,4,Tarjeta,1191.96
V1006150,2025-02-21,Lima,Hogar,Olla,476.73,1,Efectivo,476.73
V1006151,2025-05-18,Piura,Hogar,Aspiradora,396.76,1,Plin,396.76
V1006152,2025-09-08,Arequipa,Moda,Camisa,311.22,5,Yape,1556.1
V1006153,2025-09-01,Cusco,Moda,Casaca,46.03,4,Tarjeta,184.12
V1006154,2025-10-02,Trujillo,Tecnología,Celular,164.71,3,Plin,494.13
V1006155,2025-06-24,Cusco,,Maquillaje,493.37,4,Tarjeta,1973.48
V1006156,2025-10-22,Lima,Moda,Pantalón,83.91,4,Plin,335.64
V1006157,2025-12-16,Arequipa,Moda,Pantalón,435.34,4,Efectivo,1741.36
V1006158,2025-09-15,Lima,Alimentos,Atún,60.86,4,Yape,243.44
V1006159,2025-10-28,Piura,Alimentos,Arroz,404.34,2,Efectivo,808.68
V1006160,2025-05-14,Piura,Tecnología,Laptop,474.63,2,Yape,949.26
V1006161,2025-10-10,Arequipa,Tecnología,Laptop,377.97,1,Tarjeta,377.97
V1006162,2025-06-12,Arequipa,Moda,Casaca,369.71,5,Tarjeta,1848.55
V1006163,2025-11-07,Cusco,Alimentos,Aceite,421.22,2,Tarjeta,842.44
V1006164,2025-07-06,Cusco,Moda,Zapatillas,209.29,2,Tarjeta,418.58
V1006165,2025-08-06,Trujillo,Alimentos,Arroz,225.81,1,Tarjeta,225.81
V1006166,2025-11-07,Cusco,Belleza,Maquillaje,85.88,1,Tarjeta,85.88
V1006167,2025-06-04,Lima,Hogar,Olla,175.68,4,Plin,702.72
V1006168,2025-06-27,Trujillo,Tecnología,Celular,12.25,5,Plin,61.25
V1006169,2025-12-23,Trujillo,Belleza,Crema,495.15,2,Efectivo,990.3
V1006170,2025-07-01,Lima,Moda,Casaca,342.93,4,Efectivo,1371.72
V1006171,2025-03-17,Lima,Tecnología,Laptop,16.48,2,Plin,32.96
V1006172,2025-05-20,Trujillo,Alimentos,Aceite,327.31,2,Plin,654.62
V1006173,2025-12-02,Piura,Moda,Pantalón,262.4,5,Yape,1312.0
V1006174,2025-06-16,Trujillo,Hogar,Microondas,94.33,4,Efectivo,377.32
V1006175,2025-12-18,Cusco,Tecnología,Celular,385.52,4,Tarjeta,1542.08
V1006176,2025-04-09,Piura,Belleza,Maquillaje,497.59,3,Efectivo,1492.77
V1006177,2025-03-02,Trujillo,Alimentos,Aceite,208.68,4,Efectivo,834.72
V1006178,2025-11-28,Trujillo,Hogar,Aspiradora,466.18,4,Efectivo,1864.72
V1006179,2025-01-30,Trujillo,Moda,Camisa,125.63,1,Tarjeta,125.63
V1006180,2025-08-26,Trujillo,Belleza,Crema,422.7,1,Plin,422.7
V1006181,2025-07-26,Cusco,Hogar,Microondas,377.07,5,Efectivo,1885.35
V1006182,2025-01-21,Arequipa,Belleza,Crema,141.0,3,Yape,423.0
V1006183,2025-05-21,Trujillo,Moda,Casaca,187.4,2,Tarjeta,374.8
V1006184,2025-03-31,Lima,,Olla,385.91,4,Tarjeta,1543.64
V1006185,2025-11-07,Lima,Moda,Zapatillas,436.21,3,Plin,1308.63
V1006186,2025-09-26,Trujillo,Moda,Zapatillas,442.9,1,Efectivo,442.9
V1006187,2025-11-29,Lima,Belleza,Shampoo,430.13,5,Efectivo,2150.65
V1006188,2025-09-27,Piura,Moda,Pantalón,423.5,3,Yape,1270.5
V1006189,2025-01-12,Piura,Moda,Casaca,498.84,2,Plin,997.68
V1006190,2025-07-14,Lima,Hogar,Licuadora,463.6,2,Plin,927.2
V1006191,2025-06-26,Cusco,Belleza,Perfume,27.58,3,Plin,82.74
V1006192,2025-10-15,Piura,Hogar,Microondas,408.92,1,Plin,408.92
V1006193,2025-01-20,Trujillo,Alimentos,Arroz,437.42,4,Efectivo,1749.68
V1006194,2025-10-16,Piura,Moda,Casaca,119.61,2,Tarjeta,239.22
V1006195,2025-10-18,Cusco,Alimentos,Café,369.45,4,Plin,1477.8
V1006196,2025-04-13,Piura,Moda,Zapatillas,438.84,5,Tarjeta,2194.2
V1006197,2025-10-19,Lima,Alimentos,Aceite,335.1,1,Plin,335.1
V1006198,2025-11-01,Lima,Belleza,Shampoo,332.38,1,Yape,332.38
V1006199,2025-06-28,Lima,Moda,Casaca,351.62,3,Tarjeta,1054.86
V1006200,2025-03-09,Piura,Belleza,Crema,260.39,1,Yape,260.39
V1006201,2025-03-20,Lima,Belleza,Shampoo,300.79,1,Plin,300.79
V1006202,2025-09-02,Arequipa,Belleza,Maquillaje,213.45,3,Yape,640.35
V1006203,2025-08-03,Arequipa,Alimentos,Aceite,60.56,3,Yape,181.68
V1006204,2025-10-28,Arequipa,Belleza,Maquillaje,293.37,1,Yape,293.37
V1006205,2025-10-21,Lima,Alimentos,Arroz,99.77,1,Plin,99.77
V1006206,2025-08-10,Cusco,Tecnología,Laptop,138.89,2,Plin,277.78
V1006207,2025-08-12,Piura,Tecnología,Celular,255.58,2,Tarjeta,511.16
V1006208,2025-05-23,Piura,Alimentos,Atún,346.41,1,Yape,346.41
V1006209,2025-09-06,Piura,Tecnología,Tablet,217.42,1,Yape,217.42
V1006210,2025-08-08,Lima,Belleza,Crema,287.26,3,Yape,861.78
V1006211,2025-10-15,Lima,Tecnología,Laptop,68.2,1,Tarjeta,68.2
V1006212,2025-04-16,Trujillo,Tecnología,Laptop,334.56,5,Tarjeta,1672.8
V1006213,2025-09-06,Piura,Alimentos,Café,376.96,5,Efectivo,1884.8
V1006214,2025-06-05,Arequipa,Tecnología,Tablet,148.46,4,Efectivo,593.84
V1006215,2025-09-16,Cusco,Tecnología,Laptop,169.87,1,Plin,169.87
V1006216,2025-09-23,Lima,Tecnología,Laptop,446.42,1,Efectivo,446.42
V1006217,2025-05-03,Piura,Hogar,Microondas,387.13,5,Efectivo,1935.65
V1006218,2025-11-13,Arequipa,Tecnología,Tablet,484.52,3,Efectivo,1453.56
V1006219,2025-07-29,Cusco,Belleza,Maquillaje,57.06,4,Plin,228.24
V1006220,2025-08-10,Trujillo,Alimentos,Atún,166.38,1,Plin,166.38
V1006221,2025-01-06,Cusco,Moda,Casaca,152.82,3,Tarjeta,458.46
V1006222,2025-02-17,Lima,Hogar,Olla,119.43,5,Plin,597.15
V1006223,2025-05-25,Cusco,Alimentos,Atún,101.05,3,Tarjeta,303.15
V1006224,2025-09-20,Trujillo,Hogar,Licuadora,207.47,4,Plin,829.88
V1006225,2025-01-19,Arequipa,Alimentos,Café,305.75,1,Efectivo,305.75
V1006226,2025-10-15,Lima,Moda,Camisa,244.06,1,Plin,244.06
V1006227,2025-07-07,Trujillo,Alimentos,Arroz,388.82,4,Plin,1555.28
V1006228,2025-04-16,Lima,Tecnología,Laptop,443.17,5,Efectivo,2215.85
V1006229,2025-02-24,Lima,Hogar,Aspiradora,207.48,4,Yape,829.92
V1006230,2025-04-29,Piura,Alimentos,Arroz,392.57,3,Plin,1177.71
V1006231,2025-12-23,Trujillo,Moda,Camisa,275.71,4,Yape,1102.84
V1006232,2025-09-08,Cusco,Belleza,Perfume,227.48,4,Efectivo,909.92
V1006233,2025-05-03,Trujillo,Belleza,Maquillaje,59.1,5,Tarjeta,295.5
V1006234,2025-12-24,Trujillo,Tecnología,Celular,381.2,4,Plin,1524.8
V1006235,2025-03-13,Trujillo,Belleza,Maquillaje,232.74,5,Yape,1163.7
V1006236,2025-03-09,Cusco,Belleza,Perfume,473.56,4,Tarjeta,1894.24
V1006237,2025-11-01,Arequipa,Alimentos,Café,429.0,1,Tarjeta,429.0
V1006238,2025-11-11,Cusco,Alimentos,Aceite,182.98,3,Plin,548.94
V1006239,2025-07-27,Trujillo,Moda,Zapatillas,415.02,1,Efectivo,415.02
V1006240,2025-09-01,Lima,Moda,Casaca,220.08,3,Efectivo,660.24
V1006241,2025-10-16,Piura,Hogar,Microondas,23.06,1,Plin,23.06
V1006242,2025-02-21,Lima,Alimentos,Café,201.97,3,Yape,605.91
V1006243,2025-09-16,Lima,Moda,Zapatillas,457.34,4,Plin,1829.36
V1006244,2025-12-15,Cusco,Hogar,Microondas,161.06,4,Yape,644.24
V1006245,2025-12-29,Piura,Moda,Casaca,452.63,3,Efectivo,1357.89
V1006246,2025-01-10,Trujillo,Moda,Casaca,240.59,5,Yape,1202.95
V1006247,2025-11-08,Cusco,Belleza,Maquillaje,317.17,1,Efectivo,317.17
V1006248,2025-02-15,Piura,Moda,Camisa,140.24,2,Plin,280.48
V1006249,2025-01-10,Piura,Moda,Zapatillas,263.76,4,Efectivo,1055.04
V1006250,2025-05-27,Trujillo,Tecnología,Celular,424.69,1,Efectivo,424.69
V1006251,2025-10-31,Arequipa,Tecnología,Celular,102.28,3,Yape,306.84
V1006252,2025-08-28,Piura,Belleza,Maquillaje,112.68,3,Tarjeta,338.04
V1006253,2025-07-23,Cusco,,Pantalón,235.49,1,Plin,235.49
V1006254,2025-08-21,Trujillo,Alimentos,Atún,181.19,4,Efectivo,724.76
V1006255,2025-01-03,Lima,Moda,Camisa,150.8,1,Yape,150.8
V1006256,2025-02-17,Cusco,Moda,Casaca,424.6,1,Plin,424.6
V1006257,2025-01-26,Cusco,Belleza,Shampoo,425.09,1,Yape,425.09
V1006258,2025-05-24,Piura,Tecnología,Celular,-407.63,1,,407.63
V1006259,2025-09-02,Trujillo,Alimentos,Arroz,401.17,2,Efectivo,802.34
V1006260,2025-09-16,Trujillo,Alimentos,Arroz,48.96,2,Plin,97.92
V1006261,2025-08-05,Lima,Belleza,Maquillaje,241.54,3,Plin,724.62
V1006262,2025-12-01,Trujillo,Tecnología,Tablet,424.85,5,Plin,2124.25
V1006263,2025-05-24,Trujillo,Hogar,Licuadora,62.0,2,Yape,124.0
V1006264,2025-04-15,Cusco,Hogar,Microondas,249.8,1,Plin,249.8
V1006265,2025-10-03,Trujillo,Hogar,Microondas,325.23,3,Efectivo,975.69
V1006266,2025-05-22,Piura,Hogar,Aspiradora,219.06,4,Tarjeta,876.24
V1006267,2025-01-27,Cusco,Alimentos,Atún,483.52,5,Yape,2417.6
V1006268,2025-09-05,Arequipa,Tecnología,Audífonos,270.3,1,Plin,270.3
V1006269,2025-10-11,Trujillo,Tecnología,Laptop,392.21,1,Yape,392.21
V1006270,2025-07-08,Lima,Alimentos,Arroz,242.38,4,Yape,969.52
V1006271,2025-03-16,Lima,Belleza,Maquillaje,232.01,2,Efectivo,464.02
V1006272,2025-08-15,Lima,Tecnología,Tablet,476.77,2,Plin,953.54
V1006273,2025-01-09,Piura,Alimentos,Aceite,409.94,1,Tarjeta,409.94
V1006274,2025-01-05,Cusco,Moda,Zapatillas,198.81,3,Plin,596.43
V1006275,2025-09-15,Trujillo,Tecnología,Laptop,344.54,3,Efectivo,1033.62
V1006276,2025-05-12,Trujillo,Hogar,Microondas,162.52,4,Plin,650.08
V1006277,2025-05-16,Piura,Hogar,Microondas,402.52,4,Tarjeta,1610.08
V1006278,2025-02-07,Cusco,Belleza,Crema,359.83,3,Tarjeta,1079.49
V1006279,2025-01-17,Arequipa,Tecnología,Tablet,461.06,2,Yape,922.12
V1006280,2025-04-23,Arequipa,Belleza,Crema,424.63,5,Yape,2123.15
V1006281,2025-12-11,Piura,Alimentos,Arroz,54.26,2,Tarjeta,108.52
V1006282,2025-05-06,Arequipa,Moda,Camisa,203.64,3,Efectivo,610.92
V1006283,2025-10-29,Arequipa,Alimentos,Café,385.34,1,Plin,385.34
V1006284,2025-05-02,Lima,Hogar,Aspiradora,65.34,1,Plin,65.34
V1006285,2025-12-27,Arequipa,Tecnología,Celular,200.82,3,Efectivo,602.46
V1006286,2025-03-03,Trujillo,Alimentos,Café,108.24,1,Yape,108.24
V1006287,2025-01-31,Piura,Tecnología,Laptop,242.84,5,Yape,1214.2
V1006288,2025-08-10,Lima,Alimentos,Café,344.42,4,Tarjeta,1377.68
V1006289,2025-07-08,Cusco,Moda,Casaca,310.25,5,,1551.25
V1006290,2025-01-09,Arequipa,Belleza,Perfume,181.98,4,Plin,727.92
V1006291,2025-01-15,Cusco,Hogar,Aspiradora,60.96,4,Tarjeta,243.84
V1006292,2025-01-28,Piura,Tecnología,Laptop,23.74,5,Yape,118.7
V1006293,2025-05-27,Cusco,Tecnología,Laptop,304.87,5,Tarjeta,1524.35
V1006294,2025-06-11,Lima,Belleza,Crema,38.04,3,Efectivo,114.12
V1006295,2025-02-28,Lima,Hogar,Licuadora,323.16,2,Plin,646.32
V1006296,2025-11-02,Cusco,Hogar,Microondas,160.6,1,Plin,160.6
V1006297,2025-04-05,Arequipa,Tecnología,Tablet,300.71,4,Tarjeta,1202.84
V1006298,2025-07-20,Arequipa,Tecnología,Laptop,231.1,2,Tarjeta,462.2
V1006299,2025-07-18,Trujillo,Belleza,Perfume,456.13,5,Plin,2280.65
V1006300,2025-10-28,Piura,Moda,Camisa,329.64,2,Plin,659.28
V1006301,2025-11-12,Arequipa,Hogar,Olla,12.68,1,Plin,12.68
V1006302,2025-12-31,Trujillo,Hogar,Licuadora,428.41,1,Plin,428.41
V1006303,2025-08-13,Trujillo,Hogar,Olla,48.23,1,Efectivo,48.23
V1006304,2025-02-05,Lima,Alimentos,Arroz,277.5,4,Efectivo,1110.0
V1006305,2025-12-10,Lima,Belleza,Perfume,239.99,5,Efectivo,1199.95
V1006306,2025-07-24,Cusco,Alimentos,Atún,177.09,3,Efectivo,531.27
V1006307,2025-05-14,Trujillo,Alimentos,Aceite,455.04,4,Yape,1820.16
V1006308,2025-07-09,Cusco,Moda,Zapatillas,91.84,4,Efectivo,367.36
V1006309,2025-08-19,Piura,Hogar,Licuadora,358.65,1,Yape,358.65
V1006310,2025-07-11,Cusco,Alimentos,Arroz,48.96,4,Plin,195.84
V1006311,2025-01-06,Lima,Moda,Casaca,441.87,2,Tarjeta,883.74
V1006312,2025-06-26,Arequipa,Moda,Casaca,147.51,4,Yape,590.04
V1006313,2025-10-08,Cusco,Hogar,Licuadora,313.85,1,Plin,313.85
V1006314,2025-10-13,Cusco,Alimentos,Café,329.21,5,Yape,1646.05
V1006315,2025-02-26,Lima,Moda,Casaca,343.48,5,Plin,1717.4
V1006316,2025-11-16,Cusco,Hogar,Microondas,41.84,5,Efectivo,209.2
V1006317,2025-05-08,Arequipa,Belleza,Perfume,436.16,5,Yape,2180.8
V1006318,2025-08-14,Trujillo,Hogar,Microondas,320.1,5,Tarjeta,1600.5
V1006319,2025-02-05,Lima,,Microondas,117.13,1,Efectivo,117.13
V1006320,2025-07-12,Piura,Moda,Pantalón,171.85,2,Plin,343.7
V1006321,2025-09-15,Cusco,Moda,Pantalón,431.57,5,Tarjeta,2157.85
V1006322,2025-11-12,Arequipa,Belleza,Maquillaje,271.34,4,Yape,1085.36
V1006323,2025-12-24,Arequipa,Tecnología,Audífonos,375.21,5,Tarjeta,1876.05
V1006324,2025-03-26,Arequipa,Moda,Zapatillas,418.17,4,Efectivo,1672.68
V1006325,2025-03-21,Cusco,Hogar,Microondas,150.46,4,Yape,601.84
V1006326,2025-02-26,Arequipa,Hogar,Licuadora,458.85,4,Tarjeta,1835.4
V1006327,2025-02-22,Lima,Hogar,Microondas,140.24,4,,560.96
V1006328,2025-08-12,Cusco,Moda,Casaca,395.11,5,Plin,1975.55
V1006329,2025-07-25,Cusco,Tecnología,Audífonos,19.71,3,Plin,59.13
V1006330,2025-04-16,Cusco,,Shampoo,225.83,4,Efectivo,903.32
V1006331,2025-10-03,Trujillo,Moda,Zapatillas,25.89,4,Plin,103.56
V1006332,2025-07-05,Trujillo,Tecnología,Tablet,446.75,5,Yape,2233.75
V1006333,2025-01-02,Lima,Hogar,Olla,243.56,1,Tarjeta,243.56
V1006334,2025-01-10,Lima,Alimentos,Café,339.74,1,Yape,339.74
V1006335,2025-06-12,Lima,Tecnología,Laptop,430.86,5,Plin,2154.3
V1006336,2025-04-10,Piura,Hogar,Licuadora,433.16,4,Efectivo,1732.64
V1006337,2025-03-13,Cusco,Hogar,Licuadora,75.04,5,Plin,375.2
V1006338,2025-10-08,Trujillo,Hogar,Licuadora,162.55,2,Efectivo,325.1
V1006339,2025-04-10,Arequipa,Belleza,Shampoo,160.25,1,Yape,160.25
V1006340,2025-07-06,Trujillo,Tecnología,Celular,359.88,3,,1079.64
V1006341,2025-01-06,Cusco,Alimentos,Atún,215.18,4,Plin,860.72
V1006342,2025-09-05,Lima,Hogar,Microondas,432.71,4,Plin,1730.84
V1006343,2025-04-30,Piura,Belleza,Maquillaje,197.54,3,Efectivo,592.62
V1006344,2025-01-17,Lima,Alimentos,Arroz,361.1,1,Efectivo,361.1
V1006345,2025-10-07,Arequipa,Alimentos,Atún,464.81,5,Yape,2324.05
V1006346,2025-02-14,Cusco,Tecnología,Audífonos,111.82,5,Efectivo,559.1
V1006347,2025-09-28,Lima,Alimentos,Aceite,429.87,5,,2149.35
V1006348,2025-11-22,Trujillo,Hogar,Licuadora,493.99,4,Plin,1975.96
V1006349,2025-02-02,Lima,Moda,Pantalón,355.91,5,Plin,1779.55
V1006350,2025-03-17,Cusco,,Café,321.08,2,Efectivo,642.16
V1006351,2025-12-15,Trujillo,Belleza,Crema,486.39,5,Efectivo,2431.95
V1006352,2025-02-25,Cusco,,Licuadora,260.09,4,,1040.36
V1006353,2025-08-29,Piura,Hogar,Olla,296.79,5,Efectivo,1483.95
V1006354,2025-03-22,Arequipa,Alimentos,Arroz,453.73,4,Tarjeta,1814.92
V1006355,2025-02-28,Lima,Hogar,Microondas,458.33,5,Plin,2291.65
V1006356,2025-03-09,Piura,Hogar,Licuadora,115.46,4,Tarjeta,461.84
V1006357,2025-09-18,Cusco,Belleza,Crema,352.84,5,Yape,1764.2
V1006358,2025-05-13,Arequipa,Moda,Pantalón,112.58,1,Yape,112.58
V1006359,2025-01-04,Cusco,Moda,Casaca,171.55,1,Efectivo,171.55
V1006360,2025-01-20,Cusco,Moda,Casaca,127.89,1,Efectivo,127.89
V1006361,2025-01-18,Piura,Moda,Camisa,150.11,5,Plin,750.55
V1006362,2025-12-11,Trujillo,Alimentos,Arroz,93.04,5,Efectivo,465.2
V1006363,2025-01-29,Lima,Tecnología,Tablet,291.94,1,Yape,291.94
V1006364,2025-07-03,Arequipa,Hogar,Licuadora,449.77,1,,449.77
V1006365,2025-03-16,Trujillo,Tecnología,Audífonos,265.53,2,Tarjeta,531.06
V1006366,2025-10-05,Cusco,Alimentos,Arroz,456.05,2,Efectivo,912.1
V1006367,2025-12-06,Cusco,Alimentos,Café,200.25,3,Yape,600.75
V1006368,2025-06-11,Cusco,Alimentos,Aceite,103.75,4,Efectivo,415.0
V1006369,2025-07-23,Lima,Alimentos,Arroz,300.53,5,Tarjeta,1502.65
V1006370,2025-09-17,Trujillo,Belleza,Maquillaje,59.55,1,Yape,59.55
V1006371,2025-03-20,Lima,Belleza,Maquillaje,222.91,3,Plin,668.73
V1006372,2025-08-20,Trujillo,Belleza,Maquillaje,116.93,2,Efectivo,233.86
V1006373,2025-09-26,Piura,Belleza,Perfume,416.23,4,Efectivo,1664.92
V1006374,2025-05-26,Trujillo,Belleza,Shampoo,227.15,4,Plin,908.6
V1006375,2025-07-09,Piura,,Camisa,318.0,4,Efectivo,1272.0
V1006376,2025-04-16,Piura,Alimentos,Arroz,205.1,5,Tarjeta,1025.5
V1006377,2025-11-17,Lima,Hogar,Olla,331.47,5,Efectivo,1657.35
V1006378,2025-01-01,Arequipa,Belleza,Shampoo,381.95,5,Tarjeta,1909.75
V1006379,2025-12-16,Arequipa,Moda,Casaca,58.55,5,Tarjeta,292.75
V1006380,2025-04-12,Lima,Hogar,Licuadora,349.37,2,Yape,698.74
V1006381,2025-02-14,Trujillo,Belleza,Perfume,113.11,3,Tarjeta,339.33
V1006382,2025-03-25,Trujillo,,Olla,292.6,2,Efectivo,585.2
V1006383,2025-12-08,Cusco,Tecnología,Audífonos,75.67,5,Plin,378.35
V1006384,2025-05-26,Trujillo,Tecnología,Celular,457.78,4,Efectivo,1831.12
V1006385,2025-11-23,Lima,Moda,Casaca,255.91,5,Plin,1279.55
V1006386,2025-05-11,Cusco,Hogar,Aspiradora,34.57,2,Tarjeta,69.14
V1006387,2025-06-10,Trujillo,Alimentos,Atún,435.92,1,Plin,435.92
V1006388,2025-07-16,Lima,Tecnología,Laptop,350.9,3,Tarjeta,1052.7
V1006389,2025-06-10,Piura,Tecnología,Audífonos,447.84,1,,447.84
V1006390,2025-08-09,Arequipa,Belleza,Crema,441.75,5,Tarjeta,2208.75
V1006391,2025-05-04,Trujillo,Hogar,Microondas,229.34,4,Efectivo,917.36
V1006392,2025-05-31,Piura,Belleza,Crema,72.7,2,Yape,145.4
V1006393,2025-03-15,Cusco,Belleza,Shampoo,13.39,5,Efectivo,66.95
V1006394,2025-11-12,Arequipa,Moda,Camisa,102.04,4,Yape,408.16
V1006395,2025-11-12,Trujillo,Hogar,Aspiradora,290.24,1,Tarjeta,290.24
V1006396,2025-08-16,Piura,Hogar,Microondas,369.67,5,Yape,1848.35
V1006397,2025-11-17,Piura,Hogar,Microondas,179.85,5,Tarjeta,899.25
V1006398,2025-02-08,Trujillo,Hogar,Microondas,143.52,2,Tarjeta,287.04
V1006399,2025-11-27,Lima,Moda,Zapatillas,474.92,2,Yape,949.84
V1006400,2025-09-24,Lima,Moda,Camisa,403.79,2,Tarjeta,807.58
V1006401,2025-04-08,Trujillo,Belleza,Perfume,135.47,3,Plin,406.41
V1006402,2025-01-17,Piura,Alimentos,Café,379.84,2,Yape,759.68
V1006403,2025-07-10,Lima,Hogar,Licuadora,492.28,4,Yape,1969.12
V1006404,2025-11-05,Cusco,Belleza,Perfume,356.44,4,Plin,1425.76
V1006405,2025-06-10,Arequipa,Moda,Camisa,472.3,3,Tarjeta,1416.9
V1006406,2025-07-16,Piura,Moda,Pantalón,197.51,5,Efectivo,987.55
V1006407,2025-05-03,Trujillo,Alimentos,Café,257.65,3,Efectivo,772.95
V1006408,2025-03-16,Trujillo,Tecnología,Laptop,444.78,3,Yape,1334.34
V1006409,2025-06-17,Trujillo,Tecnología,Laptop,278.54,2,Yape,557.08
V1006410,2025-10-09,Trujillo,,Laptop,240.1,5,Plin,1200.5
V1006411,2025-01-09,Arequipa,Alimentos,Atún,342.38,2,Plin,684.76
V1006412,2025-07-24,Cusco,Moda,Zapatillas,60.53,2,Efectivo,121.06
V1006413,2025-04-04,Lima,Belleza,Shampoo,211.42,3,Plin,634.26
V1006414,2025-07-12,Arequipa,Hogar,Microondas,87.3,2,Tarjeta,174.6
V1006415,2025-08-27,Cusco,Tecnología,Audífonos,229.54,4,Plin,918.16
V1006416,2025-12-18,Cusco,Tecnología,Tablet,173.72,5,Efectivo,868.6
V1006417,2025-04-20,Arequipa,Moda,Camisa,377.42,2,Plin,754.84
V1006418,2025-04-30,Piura,Moda,Zapatillas,272.02,3,Efectivo,816.06
V1006419,2025-04-14,Piura,Belleza,Shampoo,84.36,2,Efectivo,168.72
V1006420,2025-06-20,Cusco,Hogar,Aspiradora,322.19,3,Plin,966.57
V1006421,2025-08-13,Lima,Hogar,Olla,437.2,5,Tarjeta,2186.0
V1006422,2025-04-30,Piura,Hogar,Aspiradora,166.18,5,Efectivo,830.9
V1006423,2025-03-27,Lima,Hogar,Aspiradora,369.35,4,Tarjeta,1477.4
V1006424,2025-03-03,Piura,Alimentos,Aceite,349.28,3,Efectivo,1047.84
V1006425,2025-07-15,Arequipa,Hogar,Olla,481.99,1,Plin,481.99
V1006426,2025-10-24,Lima,Tecnología,Tablet,364.7,2,Tarjeta,729.4
V1006427,2025-03-30,Cusco,Belleza,Perfume,221.15,3,Plin,663.45
V1006428,2025-06-28,Trujillo,Belleza,Maquillaje,350.76,1,Efectivo,350.76
V1006429,2025-03-22,Cusco,Hogar,Licuadora,175.04,4,Tarjeta,700.16
V1006430,2025-02-15,Cusco,Tecnología,Audífonos,280.82,5,Yape,1404.1
V1006431,2025-07-13,Trujillo,Tecnología,Laptop,217.0,4,Yape,868.0
V1006432,2025-11-08,Arequipa,Tecnología,Celular,23.33,1,Yape,23.33
V1006433,2025-07-22,Lima,Tecnología,Celular,53.09,1,Efectivo,53.09
V1006434,2025-07-24,Cusco,Alimentos,Café,-340.49,4,Efectivo,1361.96
V1006435,2025-07-24,Trujillo,Belleza,Crema,215.76,1,Yape,215.76
V1006436,2025-01-07,Trujillo,Moda,Pantalón,129.35,1,Plin,129.35
V1006437,2025-09-25,Arequipa,Tecnología,Audífonos,213.39,4,Efectivo,853.56
V1006438,2025-03-09,Piura,Belleza,Maquillaje,433.36,3,Plin,1300.08
V1006439,2025-04-05,Trujillo,Alimentos,Café,105.64,4,Plin,422.56
V1006440,2025-05-30,Lima,Tecnología,Tablet,348.18,1,Efectivo,348.18
V1006441,2025-07-04,Lima,,Atún,74.04,1,Plin,74.04
V1006442,2025-11-24,Arequipa,Moda,Casaca,352.9,1,Plin,352.9
V1006443,2025-03-21,Cusco,,Audífonos,375.34,1,Tarjeta,375.34
V1006444,2025-10-16,Arequipa,Moda,Pantalón,254.4,2,Plin,508.8
V1006445,2025-08-03,Arequipa,Alimentos,Aceite,158.95,3,Plin,476.85
V1006446,2025-06-27,Lima,Hogar,Licuadora,330.69,4,Plin,1322.76
V1006447,2025-08-11,Cusco,Moda,Camisa,189.08,3,Tarjeta,567.24
V1006448,2025-08-05,Arequipa,Moda,Zapatillas,288.57,1,Tarjeta,288.57
V1006449,2025-05-21,Lima,Belleza,Perfume,471.18,1,Yape,471.18
V1006450,2025-06-23,Cusco,Alimentos,Aceite,270.79,5,Plin,1353.95
V1006451,2025-04-23,Cusco,Tecnología,Tablet,493.06,1,Plin,493.06
V1006452,2025-01-24,Arequipa,Alimentos,Café,19.33,5,,96.65
V1006453,2025-08-21,Piura,Hogar,Microondas,385.41,5,Efectivo,1927.05
V1006454,2025-03-15,Arequipa,Belleza,Perfume,450.36,2,Plin,900.72
V1006455,2025-09-09,Trujillo,Alimentos,Café,454.05,1,Efectivo,454.05
V1006456,2025-11-21,Lima,Moda,Zapatillas,461.78,2,Plin,923.56
V1006457,2025-07-04,Cusco,Hogar,Aspiradora,312.64,5,Plin,1563.2
V1006458,2025-02-07,Arequipa,,Microondas,54.78,4,Tarjeta,219.12
V1006459,2025-04-18,Lima,Belleza,Shampoo,145.51,2,Tarjeta,291.02
V1006460,2025-03-31,Cusco,Tecnología,Audífonos,46.51,2,Plin,93.02
V1006461,2025-02-16,Arequipa,Tecnología,Celular,388.87,4,Plin,1555.48
V1006462,2025-06-29,Piura,Tecnología,Audífonos,420.83,2,Plin,841.66
V1006463,2025-12-20,Piura,Alimentos,Arroz,101.47,2,Yape,202.94
V1006464,2025-07-27,Cusco,Belleza,Crema,282.68,2,Tarjeta,565.36
V1006465,2025-05-14,Lima,Hogar,Aspiradora,456.1,5,Yape,2280.5
V1006466,2025-07-20,Lima,Hogar,Aspiradora,469.51,2,Efectivo,939.02
V1006467,2025-10-20,Piura,Belleza,Crema,39.26,3,Plin,117.78
V1006468,2025-09-21,Piura,Belleza,Crema,17.78,2,Yape,35.56
V1006469,2025-02-10,Arequipa,Moda,Zapatillas,86.13,2,Efectivo,172.26
V1006470,2025-09-09,Trujillo,Hogar,Aspiradora,324.17,2,Plin,648.34
V1006471,2025-08-13,Piura,Hogar,Olla,172.27,2,Tarjeta,344.54
V1006472,2025-11-17,Trujillo,Belleza,Maquillaje,10.75,3,Efectivo,32.25
V1006473,2025-08-27,Arequipa,Hogar,Licuadora,52.0,5,Yape,260.0
V1006474,2025-03-22,Lima,Alimentos,Aceite,409.14,2,Yape,818.28
V1006475,2025-09-18,Piura,Tecnología,Tablet,277.38,5,Efectivo,1386.9
V1006476,2025-06-13,Lima,Belleza,Perfume,485.21,5,Plin,2426.05
V1006477,2025-06-08,Cusco,Hogar,Licuadora,11.67,3,Tarjeta,35.01
V1006478,2025-03-01,Trujillo,Moda,Casaca,54.37,1,Efectivo,54.37
V1006479,2025-08-13,Trujillo,Belleza,Shampoo,181.01,2,Plin,362.02
V1006480,2025-01-24,Lima,Alimentos,Aceite,108.59,3,Plin,325.77
V1006481,2025-07-28,Cusco,Hogar,Licuadora,219.77,5,Efectivo,1098.85
V1006482,2025-09-23,Lima,Tecnología,Audífonos,125.56,5,Tarjeta,627.8
V1006483,2025-08-20,Piura,,Aspiradora,284.69,4,Plin,1138.76
V1006484,2025-06-06,Trujillo,Belleza,Shampoo,105.29,4,Yape,421.16
V1006485,2025-05-09,Piura,Alimentos,Atún,189.87,1,Yape,189.87
V1006486,2025-10-24,Lima,Moda,Camisa,154.43,2,Tarjeta,308.86
V1006487,2025-01-02,Arequipa,Tecnología,Audífonos,64.42,5,Yape,322.1
V1006488,2025-04-06,Trujillo,Moda,Camisa,442.21,2,Tarjeta,884.42
V1006489,2025-10-22,Trujillo,Moda,Casaca,260.84,4,Yape,1043.36
V1006490,2025-08-30,Trujillo,Moda,Casaca,383.79,4,Yape,1535.16
V1006491,2025-01-18,Cusco,Moda,Pantalón,355.8,2,Tarjeta,711.6
V1006492,2025-12-06,Arequipa,Hogar,Olla,88.43,3,Plin,265.29
V1006493,2025-07-18,Arequipa,Belleza,Perfume,378.54,4,Plin,1514.16
V1006494,2025-09-25,Trujillo,Alimentos,Arroz,28.48,3,Tarjeta,85.44
V1006495,2025-06-01,Arequipa,Belleza,Perfume,163.29,1,Tarjeta,163.29
V1006496,2025-07-23,Cusco,Moda,Pantalón,277.18,2,Efectivo,554.36
V1006497,2025-03-04,Trujillo,,Laptop,439.54,4,Tarjeta,1758.16
V1006498,2025-05-30,Arequipa,Hogar,Aspiradora,159.76,3,Yape,479.28
V1006499,2025-03-10,Trujillo,Moda,Casaca,319.54,4,Efectivo,1278.16
V1006500,2025-07-09,Arequipa,Hogar,Licuadora,95.59,1,Efectivo,95.59
V1006501,2025-07-17,Lima,Moda,Camisa,330.87,1,Plin,330.87
V1006502,2025-01-11,Cusco,Alimentos,Arroz,234.9,4,Plin,939.6
V1006503,2025-01-02,Cusco,,Camisa,113.12,4,Plin,452.48
V1006504,2025-02-09,Cusco,Moda,Camisa,282.17,4,Tarjeta,1128.68
V1006505,2025-05-11,Arequipa,Belleza,Perfume,48.08,5,Tarjeta,240.4
V1006506,2025-08-20,Piura,Alimentos,Atún,273.73,4,Plin,1094.92
V1006507,2025-07-13,Cusco,Belleza,Perfume,484.24,2,Efectivo,968.48
V1006508,2025-02-28,Arequipa,Alimentos,Arroz,495.47,4,Efectivo,1981.88
V1006509,2025-10-10,Arequipa,Belleza,Maquillaje,180.75,1,Efectivo,180.75
V1006510,2025-02-01,Arequipa,Belleza,Crema,364.34,1,Yape,364.34
V1006511,2025-09-04,Arequipa,Moda,Camisa,316.02,2,Yape,632.04
V1006512,2025-12-06,Lima,Hogar,Olla,77.05,2,Tarjeta,154.1
V1006513,2025-10-24,Lima,Moda,Pantalón,332.2,3,Tarjeta,996.6
V1006514,2025-11-27,Cusco,Hogar,Microondas,142.22,5,Efectivo,711.1
V1006515,2025-05-01,Piura,Moda,Pantalón,293.6,5,Tarjeta,1468.0
V1006516,2025-10-11,Arequipa,Moda,Casaca,342.62,5,Tarjeta,1713.1
V1006517,2025-10-09,Lima,Tecnología,Tablet,27.0,4,Efectivo,108.0
V1006518,2025-08-30,Piura,Tecnología,Celular,399.69,4,Efectivo,1598.76
V1006519,2025-11-22,Arequipa,Moda,Pantalón,64.7,4,Tarjeta,258.8
V1006520,2025-07-21,Cusco,Hogar,Microondas,273.8,1,Efectivo,273.8
V1006521,2025-02-09,Cusco,Hogar,Aspiradora,79.45,3,Efectivo,238.35
V1006522,2025-05-14,Piura,Alimentos,Atún,321.19,1,Efectivo,321.19
V1006523,2025-02-20,Trujillo,Belleza,Crema,236.96,5,Plin,1184.8
V1006524,2025-09-05,Trujillo,Alimentos,Atún,140.31,2,Tarjeta,280.62
V1006525,2025-10-09,Arequipa,Tecnología,Tablet,58.3,2,Tarjeta,116.6
V1006526,2025-08-04,Trujillo,,Zapatillas,203.17,2,Tarjeta,406.34
V1006527,2025-05-02,Lima,Moda,Camisa,107.79,5,Efectivo,538.95
V1006528,2025-07-20,Arequipa,Moda,Casaca,475.03,1,Efectivo,475.03
V1006529,2025-05-14,Lima,Hogar,Microondas,150.96,4,Yape,603.84
V1006530,2025-03-06,Lima,Alimentos,Atún,268.55,3,Tarjeta,805.65
V1006531,2025-04-26,Piura,Belleza,Maquillaje,113.49,3,Plin,340.47
V1006532,2025-04-29,Arequipa,Belleza,Shampoo,102.77,4,Tarjeta,411.08
V1006533,2025-01-16,Trujillo,,Tablet,105.65,2,Yape,211.3
V1006534,2025-07-04,Lima,Belleza,Shampoo,118.8,2,Efectivo,237.6
V1006535,2025-10-17,Trujillo,Tecnología,Celular,209.97,5,Yape,1049.85
V1006536,2025-11-07,Trujillo,Hogar,Licuadora,401.05,5,Tarjeta,2005.25
V1006537,2025-08-10,Piura,Tecnología,Audífonos,397.61,2,Yape,795.22
V1006538,2025-11-07,Arequipa,Moda,Zapatillas,129.44,5,Tarjeta,647.2
V1006539,2025-09-15,Arequipa,Belleza,Shampoo,190.97,2,Yape,381.94
V1006540,2025-07-04,Arequipa,Tecnología,Celular,260.42,3,,781.26
V1006541,2025-06-01,Lima,Tecnología,Audífonos,99.1,4,Plin,396.4
V1006542,2025-11-13,Arequipa,Alimentos,Aceite,286.67,2,Tarjeta,573.34
V1006543,2025-10-30,Arequipa,Tecnología,Celular,85.03,2,Efectivo,170.06
V1006544,2025-04-25,Lima,Tecnología,Tablet,375.27,5,Plin,1876.35
V1006545,2025-10-04,Lima,Belleza,Shampoo,363.4,3,Plin,1090.2
V1006546,2025-11-14,Piura,Belleza,Perfume,138.22,2,Plin,276.44
V1006547,2025-04-14,Cusco,Alimentos,Café,340.31,1,Efectivo,340.31
V1006548,2025-08-28,Arequipa,Belleza,Crema,68.94,5,Tarjeta,344.7
V1006549,2025-11-12,Lima,Belleza,Shampoo,303.31,4,Yape,1213.24
V1006550,2025-06-04,Arequipa,Hogar,Aspiradora,51.75,1,Efectivo,51.75
V1006551,2025-08-24,Arequipa,Hogar,Licuadora,228.02,2,Yape,456.04
V1006552,2025-01-11,Piura,Alimentos,Aceite,229.43,5,Tarjeta,1147.15
V1006553,2025-01-11,Cusco,,Zapatillas,493.46,5,Efectivo,2467.3
V1006554,2025-05-04,Cusco,Tecnología,Celular,115.78,3,Plin,347.34
V1006555,2025-11-01,Cusco,Belleza,Shampoo,289.37,1,Tarjeta,289.37
V1006556,2025-03-25,Trujillo,Hogar,Microondas,444.08,4,Yape,1776.32
V1006557,2025-03-15,Piura,Belleza,Maquillaje,216.62,2,Plin,433.24
V1006558,2025-03-10,Arequipa,Hogar,Aspiradora,66.86,4,Plin,267.44
V1006559,2025-05-19,Arequipa,Moda,Pantalón,145.58,1,Yape,145.58
V1006560,2025-01-04,Cusco,Moda,Zapatillas,404.11,2,,808.22
V1006561,2025-07-23,Trujillo,Tecnología,Tablet,79.74,2,Efectivo,159.48
V1006562,2025-08-08,Trujillo,Alimentos,Arroz,164.84,4,Efectivo,659.36
V1006563,2025-06-06,Trujillo,Hogar,Olla,336.82,3,Efectivo,1010.46
V1006564,2025-09-27,Arequipa,Hogar,Olla,284.85,3,Yape,854.55
V1006565,2025-10-04,Cusco,Alimentos,Atún,236.3,2,Efectivo,472.6
V1006566,2025-12-10,Trujillo,Hogar,Aspiradora,83.21,2,Plin,166.42
V1006567,2025-09-16,Cusco,Tecnología,Celular,268.9,4,Plin,1075.6
V1006568,2025-04-15,Piura,Hogar,Olla,322.91,1,Efectivo,322.91
V1006569,2025-01-11,Arequipa,Moda,Pantalón,322.59,4,Tarjeta,1290.36
V1006570,2025-02-08,Cusco,Belleza,Crema,263.69,1,Tarjeta,263.69
V1006571,2025-01-31,Trujillo,,Atún,438.74,3,Efectivo,1316.22
V1006572,2025-07-15,Trujillo,Hogar,Microondas,30.3,4,Efectivo,121.2
V1006573,2025-11-14,Cusco,Belleza,Maquillaje,87.34,1,Yape,87.34
V1006574,2025-08-05,Piura,Belleza,Shampoo,387.28,4,Efectivo,1549.12
V1006575,2025-09-04,Lima,Alimentos,Café,50.84,3,Plin,152.52
V1006576,2025-02-05,Trujillo,Belleza,Maquillaje,298.54,3,Yape,895.62
V1006577,2025-07-15,Trujillo,Hogar,Microondas,60.26,2,Yape,120.52
V1006578,2025-05-21,Trujillo,Belleza,Shampoo,187.52,1,Yape,187.52
V1006579,2025-12-25,Arequipa,Belleza,Maquillaje,412.26,5,Tarjeta,2061.3
V1006580,2025-12-09,Arequipa,Belleza,Maquillaje,170.38,2,Efectivo,340.76
V1006581,2025-04-10,Arequipa,Alimentos,Aceite,415.58,4,Yape,1662.32
V1006582,2025-10-14,Piura,Alimentos,Café,193.22,1,Plin,193.22
V1006583,2025-03-05,Cusco,Tecnología,Audífonos,184.42,1,Tarjeta,184.42
V1006584,2025-03-18,Piura,Hogar,Olla,282.3,3,Tarjeta,846.9
V1006585,2025-08-25,Cusco,Moda,Pantalón,261.86,1,Tarjeta,261.86
V1006586,2025-04-10,Arequipa,Alimentos,Atún,391.35,5,Tarjeta,1956.75
V1006587,2025-07-08,Arequipa,,Aceite,385.9,1,Yape,385.9
V1006588,2025-02-27,Lima,Tecnología,Tablet,19.48,1,Tarjeta,19.48
V1006589,2025-07-07,Trujillo,Moda,Casaca,187.02,5,Plin,935.1
V1006590,2025-04-11,Arequipa,Moda,Camisa,153.73,5,Yape,768.65
V1006591,2025-12-25,Arequipa,Alimentos,Atún,213.7,3,Yape,641.1
V1006592,2025-10-17,Trujillo,Moda,Zapatillas,76.06,2,Plin,152.12
V1006593,2025-07-22,Lima,Moda,Pantalón,184.08,3,Tarjeta,552.24
V1006594,2025-04-13,Lima,Hogar,Microondas,368.85,3,Yape,1106.55
V1006595,2025-04-03,Lima,Moda,Pantalón,320.66,3,Tarjeta,961.98
V1006596,2025-06-26,Cusco,Moda,Casaca,378.68,5,Plin,1893.4
V1006597,2025-08-09,Lima,Tecnología,Audífonos,302.1,1,Yape,302.1
V1006598,2025-08-30,Cusco,Hogar,Microondas,77.7,1,Tarjeta,77.7
V1006599,2025-02-27,Piura,Hogar,Aspiradora,342.3,2,Yape,684.6
V1006600,2025-03-25,Trujillo,Moda,Zapatillas,138.12,4,Efectivo,552.48
V1006601,2025-06-15,Arequipa,Moda,Zapatillas,211.17,4,Plin,844.68
V1006602,2025-11-23,Piura,Hogar,Aspiradora,272.15,4,Yape,1088.6
V1006603,2025-04-18,Piura,Alimentos,Aceite,190.89,4,Yape,763.56
V1006604,2025-01-16,Piura,Alimentos,Aceite,201.15,4,Plin,804.6
V1006605,2025-11-11,Trujillo,Hogar,Olla,19.57,5,Efectivo,97.85
V1006606,2025-12-30,Lima,Belleza,Shampoo,88.27,4,Tarjeta,353.08
V1006607,2025-08-19,Cusco,Tecnología,Celular,301.38,2,Yape,602.76
V1006608,2025-11-23,Cusco,Alimentos,Aceite,413.29,2,Plin,826.58
V1006609,2025-05-14,Arequipa,Moda,Pantalón,491.79,3,Efectivo,1475.37
V1006610,2025-10-26,Trujillo,Belleza,Perfume,272.6,3,Yape,817.8
V1006611,2025-05-16,Cusco,Moda,Casaca,338.25,3,Plin,1014.75
V1006612,2025-10-28,Piura,Belleza,Perfume,48.51,3,Yape,145.53
V1006613,2025-11-09,Arequipa,,Camisa,462.82,4,Yape,1851.28
V1006614,2025-06-18,Lima,Tecnología,Celular,289.06,4,Yape,1156.24
V1006615,2025-05-07,Lima,Hogar,Aspiradora,369.59,3,Yape,1108.77
V1006616,2025-02-15,Arequipa,Hogar,Microondas,492.94,5,Efectivo,2464.7
V1006617,2025-04-20,Piura,Tecnología,Audífonos,100.16,1,Yape,100.16
V1006618,2025-09-03,Lima,Belleza,Crema,404.22,1,Efectivo,404.22
V1006619,2025-09-14,Piura,Belleza,Maquillaje,350.58,3,Yape,1051.74
V1006620,2025-05-04,Cusco,Tecnología,Laptop,265.35,4,Tarjeta,1061.4
V1006621,2025-10-07,Lima,Belleza,Crema,366.15,5,Plin,1830.75
V1006622,2025-03-28,Cusco,Moda,Pantalón,10.69,5,Efectivo,53.45
V1006623,2025-09-23,Cusco,Belleza,Shampoo,245.39,4,Tarjeta,981.56
V1006624,2025-10-04,Piura,Moda,Camisa,69.49,5,Efectivo,347.45
V1006625,2025-04-08,Trujillo,Hogar,Aspiradora,439.98,3,Tarjeta,1319.94
V1006626,2025-12-23,Piura,Tecnología,Tablet,256.21,4,Tarjeta,1024.84
V1006627,2025-01-17,Lima,Belleza,Shampoo,401.32,4,Efectivo,1605.28
V1006628,2025-02-21,Trujillo,Hogar,Olla,465.39,1,Yape,465.39
V1006629,2025-11-02,Piura,Belleza,Maquillaje,380.9,2,Plin,761.8
V1006630,2025-01-28,Piura,Alimentos,Aceite,26.48,1,Plin,26.48
V1006631,2025-04-20,Lima,Moda,Camisa,70.91,3,Tarjeta,212.73
V1006632,2025-08-13,Trujillo,Hogar,Aspiradora,493.27,1,Efectivo,493.27
V1006633,2025-08-19,Cusco,Moda,Zapatillas,423.07,5,Efectivo,2115.35
V1006634,2025-07-14,Trujillo,Alimentos,Café,73.34,2,Plin,146.68
V1006635,2025-09-08,Arequipa,Belleza,Shampoo,82.82,5,Tarjeta,414.1
V1006636,2025-10-30,Cusco,Hogar,Aspiradora,336.99,2,Tarjeta,673.98
V1006637,2025-06-06,Trujillo,Moda,Zapatillas,377.5,1,Plin,377.5
V1006638,2025-10-05,Cusco,Tecnología,Celular,280.16,3,Plin,840.48
V1006639,2025-07-16,Lima,Belleza,Maquillaje,478.89,3,Efectivo,1436.67
V1006640,2025-10-22,Trujillo,Moda,Zapatillas,398.13,2,Efectivo,796.26
V1006641,2025-11-05,Lima,Belleza,Perfume,113.61,1,Tarjeta,113.61
V1006642,2025-10-15,Piura,Moda,Camisa,466.26,2,Plin,932.52
V1006643,2025-09-25,Arequipa,Alimentos,Arroz,26.39,3,Yape,79.17
V1006644,2025-02-17,Arequipa,Tecnología,Laptop,292.23,5,Yape,1461.15
V1006645,2025-12-07,Arequipa,Hogar,Licuadora,253.36,4,Efectivo,1013.44
V1006646,2025-07-13,Arequipa,Alimentos,Arroz,443.78,2,Plin,887.56
V1006647,2025-08-05,Cusco,Moda,Zapatillas,60.79,4,Efectivo,243.16
V1006648,2025-12-17,Trujillo,Belleza,Perfume,50.17,3,Yape,150.51
V1006649,2025-02-18,Piura,Hogar,Licuadora,265.34,2,Efectivo,530.68
V1006650,2025-09-21,Cusco,Moda,Camisa,316.23,1,Yape,316.23
V1006651,2025-10-09,Cusco,Hogar,Olla,410.43,1,,410.43
V1006652,2025-05-29,Trujillo,Alimentos,Aceite,246.74,4,Plin,986.96
V1006653,2025-04-03,Piura,Moda,Pantalón,320.44,1,Tarjeta,320.44
V1006654,2025-08-19,Arequipa,Hogar,Olla,120.45,4,Plin,481.8
V1006655,2025-01-05,Lima,Tecnología,Audífonos,220.89,2,Yape,441.78
V1006656,2025-01-10,Arequipa,Hogar,Microondas,399.49,4,Efectivo,1597.96
V1006657,2025-01-02,Arequipa,Moda,Zapatillas,59.11,3,,177.33
V1006658,2025-09-11,Arequipa,Tecnología,Audífonos,318.16,2,Plin,636.32
V1006659,2025-06-13,Arequipa,Belleza,Perfume,335.75,4,,1343.0
V1006660,2025-05-13,Arequipa,Alimentos,Café,102.32,4,Yape,409.28
V1006661,2025-07-12,Arequipa,Moda,Casaca,37.69,1,Efectivo,37.69
V1006662,2025-10-02,Arequipa,Hogar,Aspiradora,108.13,3,Tarjeta,324.39
V1006663,2025-04-21,Trujillo,Hogar,Olla,235.99,2,Efectivo,471.98
V1006664,2025-12-03,Arequipa,Moda,Camisa,104.84,5,Yape,524.2
V1006665,2025-03-04,Cusco,Moda,Casaca,160.27,3,Tarjeta,480.81
V1006666,2025-06-28,Piura,Tecnología,Celular,392.03,3,Tarjeta,1176.09
V1006667,2025-11-18,Trujillo,Moda,Casaca,329.78,5,Tarjeta,1648.9
V1006668,2025-06-03,Trujillo,Moda,Casaca,467.22,5,Yape,2336.1
V1006669,2025-07-24,Piura,Hogar,Licuadora,155.3,3,Efectivo,465.9
V1006670,2025-10-23,Trujillo,Alimentos,Arroz,458.26,1,Efectivo,458.26
V1006671,2025-11-05,Trujillo,Moda,Camisa,144.24,5,Tarjeta,721.2
V1006672,2025-07-09,Piura,Tecnología,Tablet,196.99,3,Yape,590.97
V1006673,2025-12-06,Lima,Alimentos,Café,423.32,4,Yape,1693.28
V1006674,2025-05-25,Piura,Alimentos,Arroz,80.83,2,Tarjeta,161.66
V1006675,2025-04-27,Trujillo,Moda,Camisa,22.58,4,Yape,90.32
V1006676,2025-05-10,Lima,Hogar,Aspiradora,208.26,5,Plin,1041.3
V1006677,2025-11-26,Piura,Alimentos,Arroz,458.27,4,Efectivo,1833.08
V1006678,2025-08-16,Lima,Hogar,Olla,198.89,2,,397.78
V1006679,2025-06-08,Lima,Hogar,Licuadora,73.67,5,Tarjeta,368.35
V1006680,2025-08-06,Cusco,Moda,Zapatillas,337.22,5,Efectivo,1686.1
V1006681,2025-01-12,Cusco,Belleza,Shampoo,431.94,2,Plin,863.88
V1006682,2025-12-15,Lima,Moda,Casaca,89.65,3,Efectivo,268.95
V1006683,2025-04-23,Trujillo,Tecnología,Celular,146.94,2,Plin,293.88
V1006684,2025-09-27,Cusco,Moda,Pantalón,440.02,4,Efectivo,1760.08
V1006685,2025-01-13,Cusco,,Maquillaje,80.19,5,Tarjeta,400.95
V1006686,2025-03-12,Lima,Alimentos,Arroz,391.88,3,Yape,1175.64
V1006687,2025-12-11,Cusco,Moda,Pantalón,43.75,2,Tarjeta,87.5
V1006688,2025-01-12,Lima,Hogar,Licuadora,329.9,3,Tarjeta,989.7
V1006689,2025-01-10,Piura,Alimentos,Atún,414.53,5,Tarjeta,2072.65
V1006690,2025-12-21,Cusco,Moda,Casaca,324.91,2,Efectivo,649.82
V1006691,2025-08-16,Cusco,Moda,Camisa,263.49,4,Plin,1053.96
V1006692,2025-08-20,Piura,Tecnología,Laptop,266.81,2,Efectivo,533.62
V1006693,2025-03-11,Lima,Belleza,Maquillaje,52.07,5,Efectivo,260.35
V1006694,2025-10-27,Lima,Moda,Pantalón,248.7,4,Tarjeta,994.8
V1006695,2025-09-02,Lima,Belleza,Shampoo,102.91,1,Efectivo,102.91
V1006696,2025-02-13,Arequipa,Tecnología,Tablet,422.73,4,Plin,1690.92
V1006697,2025-03-09,Trujillo,Hogar,Licuadora,454.35,3,Plin,1363.05
V1006698,2025-04-12,Trujillo,Hogar,Aspiradora,93.4,5,Tarjeta,467.0
V1006699,2025-03-23,Piura,Hogar,Microondas,374.46,1,Yape,374.46
V1006700,2025-01-18,Cusco,Hogar,Olla,315.02,3,Efectivo,945.06
V1006701,2025-06-05,Arequipa,Hogar,Licuadora,306.78,3,Tarjeta,920.34
V1006702,2025-05-22,Trujillo,Hogar,Olla,60.14,1,Efectivo,60.14
V1006703,2025-04-25,Lima,Tecnología,Audífonos,137.22,2,Efectivo,274.44
V1006704,2025-05-17,Arequipa,Belleza,Perfume,314.66,1,Yape,314.66
V1006705,2025-10-13,Lima,Moda,Zapatillas,292.81,2,Tarjeta,585.62
V1006706,2025-06-11,Lima,Moda,Pantalón,15.54,2,Tarjeta,31.08
V1006707,2025-05-15,Piura,Tecnología,Laptop,172.3,2,Plin,344.6
V1006708,2025-07-21,Cusco,Belleza,Shampoo,194.6,5,Plin,973.0
V1006709,2025-06-21,Lima,Belleza,Maquillaje,100.32,2,Yape,200.64
V1006710,2025-12-30,Trujillo,Alimentos,Café,68.41,4,Tarjeta,273.64
V1006711,2025-05-10,Arequipa,Moda,Pantalón,208.42,3,Plin,625.26
V1006712,2025-07-26,Cusco,Alimentos,Café,427.61,1,Efectivo,427.61
V1006713,2025-08-29,Cusco,Hogar,Aspiradora,293.3,2,Plin,586.6
V1006714,2025-02-25,Arequipa,Tecnología,Celular,352.26,3,Plin,1056.78
V1006715,2025-05-29,Lima,Alimentos,Arroz,245.52,3,Tarjeta,736.56
V1006716,2025-05-26,Trujillo,Tecnología,Audífonos,100.47,2,Yape,200.94
V1006717,2025-01-24,Arequipa,Tecnología,Celular,432.7,3,Plin,1298.1
V1006718,2025-10-05,Piura,Belleza,Crema,88.27,3,Efectivo,264.81
V1006719,2025-02-04,Trujillo,Alimentos,Aceite,427.55,4,Plin,1710.2
V1006720,2025-09-30,Arequipa,Belleza,Maquillaje,286.27,5,Plin,1431.35
V1006721,2025-03-25,Trujillo,Tecnología,Audífonos,344.11,2,Tarjeta,688.22
V1006722,2025-07-27,Arequipa,Alimentos,Café,433.62,2,Tarjeta,867.24
V1006723,2025-10-09,Cusco,Hogar,Licuadora,154.79,5,Yape,773.95
V1006724,2025-08-03,Trujillo,Belleza,Maquillaje,124.74,4,Yape,498.96
V1006725,2025-11-10,Piura,Tecnología,Tablet,89.52,2,Plin,179.04
V1006726,2025-07-03,Arequipa,Belleza,Maquillaje,132.0,4,Efectivo,528.0
V1006727,2025-09-02,Arequipa,Moda,Pantalón,471.36,2,Yape,942.72
V1006728,2025-08-23,Arequipa,Alimentos,Aceite,441.88,5,Tarjeta,2209.4
V1006729,2025-06-16,Piura,Moda,Pantalón,40.28,2,Efectivo,80.56
V1006730,2025-11-13,Piura,Moda,Pantalón,188.11,4,Plin,752.44
V1006731,2025-08-14,Piura,Hogar,Microondas,446.7,2,Yape,893.4
V1006732,2025-09-17,Lima,Belleza,Perfume,36.36,2,Plin,72.72
V1006733,2025-10-11,Trujillo,Hogar,Microondas,289.0,4,Plin,1156.0
V1006734,2025-07-18,Piura,Alimentos,Atún,213.91,2,Tarjeta,427.82
V1006735,2025-01-10,Lima,Tecnología,Audífonos,100.32,1,Yape,100.32
V1006736,2025-05-16,Cusco,Moda,Pantalón,197.6,4,Efectivo,790.4
V1006737,2025-07-31,Trujillo,,Camisa,404.67,5,Yape,2023.35
V1006738,2025-08-02,Lima,Tecnología,Celular,200.27,1,Tarjeta,200.27
V1006739,2025-01-20,Lima,Tecnología,Audífonos,348.57,2,Plin,697.14
V1006740,2025-09-02,Arequipa,Belleza,Crema,102.16,4,Efectivo,408.64
V1006741,2025-05-19,Piura,Alimentos,Café,141.57,5,Plin,707.85
V1006742,2025-04-09,Arequipa,Moda,Camisa,232.43,3,Plin,697.29
V1006743,2025-06-16,Piura,Tecnología,Celular,100.15,3,Efectivo,300.45
V1006744,2025-02-17,Trujillo,Moda,Zapatillas,16.97,3,Efectivo,50.91
V1006745,2025-11-13,Lima,Hogar,Olla,314.88,3,Efectivo,944.64
V1006746,2025-06-17,Cusco,Alimentos,Atún,137.04,4,Tarjeta,548.16
V1006747,2025-11-02,Arequipa,Tecnología,Laptop,436.39,5,Yape,2181.95
V1006748,2025-09-17,Arequipa,Belleza,Crema,329.49,3,Tarjeta,988.47
V1006749,2025-04-15,Lima,Belleza,Crema,441.46,2,Yape,882.92
V1006750,2025-06-11,Piura,Alimentos,Aceite,62.23,3,Yape,186.69
V1006751,2025-05-17,Piura,Hogar,Microondas,463.85,5,Efectivo,2319.25
V1006752,2025-01-27,Lima,Moda,Zapatillas,229.62,4,Tarjeta,918.48
V1006753,2025-07-16,Trujillo,Belleza,Maquillaje,475.33,4,Plin,1901.32
V1006754,2025-09-14,Cusco,,Zapatillas,11.2,5,Plin,56.0
V1006755,2025-12-31,Lima,Hogar,Olla,422.37,3,Tarjeta,1267.11
V1006756,2025-08-06,Piura,Tecnología,Audífonos,190.69,4,Yape,762.76
V1006757,2025-12-09,Cusco,Alimentos,Café,58.06,4,Efectivo,232.24
V1006758,2025-01-12,Piura,Alimentos,Arroz,369.24,1,Efectivo,369.24
V1006759,2025-07-05,Piura,Hogar,Licuadora,278.62,1,Plin,278.62
V1006760,2025-05-15,Piura,Tecnología,Tablet,141.55,3,Plin,424.65
V1006761,2025-04-13,Lima,Belleza,Perfume,406.57,1,Plin,406.57
V1006762,2025-03-24,Piura,Belleza,Maquillaje,498.37,1,Plin,498.37
V1006763,2025-04-21,Trujillo,Tecnología,Tablet,271.96,4,Efectivo,1087.84
V1006764,2025-09-25,Trujillo,Belleza,Perfume,187.62,3,Tarjeta,562.86
V1006765,2025-01-13,Piura,Tecnología,Tablet,374.62,5,Yape,1873.1
V1006766,2025-04-30,Piura,Hogar,Microondas,218.04,2,Tarjeta,436.08
V1006767,2025-02-27,Cusco,Hogar,Microondas,483.47,2,Tarjeta,966.94
V1006768,2025-04-13,Piura,Hogar,Aspiradora,423.2,5,Plin,2116.0
V1006769,2025-10-27,Piura,Alimentos,Café,13.33,2,Plin,26.66
V1006770,2025-07-12,Cusco,Tecnología,Laptop,228.68,4,Efectivo,914.72
V1006771,2025-10-28,Arequipa,Belleza,Crema,373.22,1,Tarjeta,373.22
V1006772,2025-06-24,Lima,Hogar,Aspiradora,350.07,4,Efectivo,1400.28
V1006773,2025-12-19,Piura,Tecnología,Laptop,315.29,1,Yape,315.29
V1006774,2025-12-22,Trujillo,Moda,Casaca,457.59,2,Tarjeta,915.18
V1006775,2025-05-10,Trujillo,Tecnología,Audífonos,470.88,5,Yape,2354.4
V1006776,2025-04-09,Piura,Tecnología,Celular,467.42,4,Plin,1869.68
V1006777,2025-02-22,Piura,Hogar,Microondas,288.67,3,Plin,866.01
V1006778,2025-10-13,Cusco,Alimentos,Arroz,288.47,3,Plin,865.41
V1006779,2025-11-19,Trujillo,Alimentos,Aceite,332.02,4,Efectivo,1328.08
V1006780,2025-05-27,Lima,Hogar,Microondas,32.26,4,Yape,129.04
V1006781,2025-11-11,Arequipa,Alimentos,Café,166.5,2,Efectivo,333.0
V1006782,2025-08-20,Arequipa,Hogar,Olla,383.47,2,Yape,766.94
V1006783,2025-03-26,Trujillo,Moda,Zapatillas,74.19,4,Yape,296.76
V1006784,2025-06-17,Cusco,Belleza,Shampoo,440.15,3,Plin,1320.45
V1006785,2025-03-24,Piura,Alimentos,Café,50.45,5,Tarjeta,252.25
V1006786,2025-07-17,Trujillo,Hogar,Microondas,143.49,3,Plin,430.47
V1006787,2025-10-02,Arequipa,Belleza,Shampoo,63.81,2,Plin,127.62
V1006788,2025-06-26,Piura,Moda,Pantalón,342.25,3,Plin,1026.75
V1006789,2025-08-25,Cusco,Moda,Zapatillas,493.57,3,Yape,1480.71
V1006790,2025-08-12,Arequipa,Hogar,Olla,175.87,3,Yape,527.61
V1006791,2025-08-14,Piura,Moda,Zapatillas,52.05,1,Plin,52.05
V1006792,2025-04-13,Lima,Hogar,Licuadora,119.56,2,Yape,239.12
V1006793,2025-02-26,Piura,Alimentos,Arroz,451.21,5,Yape,2256.05
V1006794,2025-01-30,Lima,Alimentos,Aceite,341.29,4,Efectivo,1365.16
V1006795,2025-10-03,Trujillo,Moda,Casaca,72.13,5,Efectivo,360.65
V1006796,2025-06-29,Arequipa,Tecnología,Audífonos,333.0,2,Tarjeta,666.0
V1006797,2025-11-19,Piura,Tecnología,Tablet,105.7,3,Efectivo,317.1
V1006798,2025-09-16,Trujillo,Hogar,Olla,377.38,3,Tarjeta,1132.14
V1006799,2025-01-21,Piura,Alimentos,Café,76.41,3,Tarjeta,229.23
V1006800,2025-02-19,Lima,Tecnología,Laptop,279.0,3,Yape,837.0
V1006801,2025-05-21,Cusco,Moda,Camisa,56.85,1,Yape,56.85
V1006802,2025-06-27,Cusco,Tecnología,Audífonos,252.35,5,Efectivo,1261.75
V1006803,2025-03-30,Piura,Hogar,Olla,228.56,4,Plin,914.24
V1006804,2025-02-06,Arequipa,Tecnología,Celular,243.05,5,Efectivo,1215.25
V1006805,2025-04-17,Arequipa,Belleza,Perfume,85.76,4,Plin,343.04
V1006806,2025-11-04,Arequipa,Belleza,Perfume,315.44,1,Tarjeta,315.44
V1006807,2025-05-02,Lima,Alimentos,Arroz,156.3,1,Yape,156.3
V1006808,2025-03-08,Lima,Alimentos,Atún,333.36,5,Yape,1666.8
V1006809,2025-10-01,Lima,Belleza,Shampoo,407.16,4,Plin,1628.64
V1006810,2025-03-31,Cusco,Hogar,Olla,315.45,2,Plin,630.9
V1006811,2025-06-19,Piura,Belleza,Maquillaje,261.88,3,Tarjeta,785.64
V1006812,2025-06-24,Cusco,,Atún,420.71,1,Efectivo,420.71
V1006813,2025-08-07,Cusco,Hogar,Aspiradora,173.31,1,Plin,173.31
V1006814,2025-10-01,Trujillo,Alimentos,Café,356.25,5,Yape,1781.25
V1006815,2025-08-25,Lima,Moda,Zapatillas,486.83,1,,486.83
V1006816,2025-01-12,Piura,Alimentos,Atún,261.74,5,Plin,1308.7
V1006817,2025-11-23,Trujillo,Belleza,Maquillaje,257.36,4,Efectivo,1029.44
V1006818,2025-09-03,Arequipa,Moda,Pantalón,187.42,4,Plin,749.68
V1006819,2025-06-06,Trujillo,Hogar,Licuadora,98.19,3,Efectivo,294.57
V1006820,2025-09-16,Trujillo,Hogar,Microondas,375.76,1,Efectivo,375.76
V1006821,2025-03-11,Lima,Moda,Zapatillas,45.85,3,Efectivo,137.55
V1006822,2025-10-25,Trujillo,Belleza,Perfume,145.47,2,Yape,290.94
V1006823,2025-09-10,Cusco,Alimentos,Aceite,118.78,3,Yape,356.34
V1006824,2025-10-01,Arequipa,Hogar,Aspiradora,92.67,1,Efectivo,92.67
V1006825,2025-06-01,Piura,Tecnología,Laptop,105.97,2,Yape,211.94
V1006826,2025-09-13,Cusco,Alimentos,Aceite,450.64,1,Yape,450.64
V1006827,2025-03-17,Lima,Alimentos,Café,251.31,1,Tarjeta,251.31
V1006828,2025-12-13,Lima,Moda,Zapatillas,358.07,2,Efectivo,716.14
V1006829,2025-05-13,Lima,Moda,Camisa,235.67,3,Yape,707.01
V1006830,2025-11-19,Cusco,Moda,Camisa,186.0,5,Yape,930.0
V1006831,2025-03-31,Cusco,Hogar,Olla,72.45,3,,217.35
V1006832,2025-11-19,Piura,Alimentos,Café,270.59,4,Plin,1082.36
V1006833,2025-03-13,Piura,Alimentos,Atún,392.24,3,Plin,1176.72
V1006834,2025-08-17,Cusco,Belleza,Crema,498.43,4,Efectivo,1993.72
V1006835,2025-12-06,Arequipa,Tecnología,Tablet,305.78,5,Yape,1528.9
V1006836,2025-12-31,Arequipa,Alimentos,Atún,390.51,3,Plin,1171.53
V1006837,2025-08-18,Arequipa,Moda,Camisa,109.85,5,Efectivo,549.25
V1006838,2025-06-30,Trujillo,Alimentos,Café,79.66,4,Yape,318.64
V1006839,2025-02-08,Piura,Moda,Pantalón,381.68,1,Efectivo,381.68
V1006840,2025-06-19,Lima,Belleza,Maquillaje,76.37,3,Plin,229.11
V1006841,2025-06-18,Cusco,Moda,Zapatillas,309.12,3,Yape,927.36
V1006842,2025-03-09,Cusco,Alimentos,Arroz,16.1,4,Plin,64.4
V1006843,2025-05-26,Lima,Alimentos,Arroz,439.15,3,Tarjeta,1317.45
V1006844,2025-12-14,Cusco,Alimentos,Café,489.14,3,Yape,1467.42
V1006845,2025-07-12,Arequipa,Alimentos,Arroz,306.96,5,Efectivo,1534.8
V1006846,2025-07-12,Trujillo,Hogar,Aspiradora,363.38,2,Tarjeta,726.76
V1006847,2025-03-26,Lima,Hogar,Aspiradora,92.31,1,Efectivo,92.31
V1006848,2025-01-30,Cusco,Moda,Zapatillas,144.47,1,Efectivo,144.47
V1006849,2025-09-15,Cusco,Belleza,Maquillaje,58.35,4,Tarjeta,233.4
V1006850,2025-03-15,Piura,Tecnología,Tablet,15.77,1,Efectivo,15.77
V1006851,2025-03-30,Trujillo,Hogar,Olla,343.5,2,,687.0
V1006852,2025-06-18,Piura,Belleza,Perfume,189.86,4,Plin,759.44
V1006853,2025-07-14,Piura,Tecnología,Laptop,61.09,2,Efectivo,122.18
V1006854,2025-08-28,Cusco,,Casaca,414.78,2,Efectivo,829.56
V1006855,2025-12-01,Arequipa,Belleza,Crema,328.5,4,Plin,1314.0
V1006856,2025-03-30,Cusco,Belleza,Crema,109.64,2,Efectivo,219.28
V1006857,2025-04-28,Cusco,Belleza,Crema,43.44,4,Yape,173.76
V1006858,2025-09-03,Piura,Tecnología,Laptop,102.0,5,Yape,510.0
V1006859,2025-07-25,Arequipa,Moda,Camisa,393.52,4,Tarjeta,1574.08
V1006860,2025-06-24,Lima,Alimentos,Atún,227.57,3,Tarjeta,682.71
V1006861,2025-07-20,Trujillo,Moda,Zapatillas,245.28,3,Efectivo,735.84
V1006862,2025-05-04,Trujillo,Moda,Pantalón,497.31,1,Yape,497.31
V1006863,2025-08-01,Cusco,Tecnología,Laptop,456.94,3,Tarjeta,1370.82
V1006864,2025-09-05,Lima,Hogar,Aspiradora,159.98,2,Plin,319.96
V1006865,2025-05-05,Lima,Tecnología,Audífonos,241.43,1,Efectivo,241.43
V1006866,2025-12-08,Arequipa,Tecnología,Tablet,412.05,1,Plin,412.05
V1006867,2025-02-07,Cusco,Tecnología,Tablet,326.95,5,Tarjeta,1634.75
V1006868,2025-10-17,Trujillo,Belleza,Perfume,384.56,1,Plin,384.56
V1006869,2025-05-16,Piura,Alimentos,Atún,102.59,1,Plin,102.59
V1006870,2025-11-14,Arequipa,Alimentos,Atún,387.15,5,Yape,1935.75
V1006871,2025-10-16,Arequipa,Moda,Camisa,400.44,2,Tarjeta,800.88
V1006872,2025-03-18,Arequipa,Moda,Pantalón,326.9,5,,1634.5
V1006873,2025-03-23,Piura,Tecnología,Audífonos,331.76,2,Efectivo,663.52
V1006874,2025-10-29,Trujillo,Hogar,Licuadora,473.79,1,Tarjeta,473.79
V1006875,2025-09-13,Piura,Alimentos,Arroz,332.48,5,Yape,1662.4
V1006876,2025-11-01,Lima,Belleza,Perfume,167.05,2,Plin,334.1
V1006877,2025-07-02,Piura,Tecnología,Celular,420.51,1,Tarjeta,420.51
V1006878,2025-01-04,Lima,Alimentos,Arroz,349.82,2,Yape,699.64
V1006879,2025-12-03,Arequipa,Belleza,Perfume,129.75,5,Yape,648.75
V1006880,2025-07-12,Cusco,Belleza,Crema,257.11,2,Tarjeta,514.22
V1006881,2025-06-09,Trujillo,Alimentos,Atún,44.4,1,Tarjeta,44.4
V1006882,2025-09-15,Lima,Alimentos,Café,15.31,1,Plin,15.31
V1006883,2025-04-18,Arequipa,Belleza,Perfume,452.35,2,Plin,904.7
V1006884,2025-11-07,Cusco,Belleza,Crema,204.14,4,Efectivo,816.56
V1006885,2025-01-23,Lima,Tecnología,Celular,494.72,3,Yape,1484.16
V1006886,2025-09-14,Trujillo,Belleza,Shampoo,309.81,2,Plin,619.62
V1006887,2025-12-11,Trujillo,Belleza,Perfume,347.3,3,Plin,1041.9
V1006888,2025-06-11,Trujillo,Belleza,Shampoo,98.12,4,Tarjeta,392.48
V1006889,2025-09-17,Piura,Tecnología,Celular,118.44,2,Plin,236.88
V1006890,2025-03-13,Piura,Moda,Casaca,339.21,2,Tarjeta,678.42
V1006891,2025-04-08,Piura,Tecnología,Celular,13.88,4,Yape,55.52
V1006892,2025-07-13,Trujillo,Tecnología,Tablet,467.6,4,,1870.4
V1006893,2025-05-17,Lima,Tecnología,Tablet,389.33,2,Plin,778.66
V1006894,2025-09-03,Arequipa,Moda,Zapatillas,320.28,2,Yape,640.56
V1006895,2025-05-27,Arequipa,Moda,Camisa,241.25,3,Plin,723.75
V1006896,2025-08-20,Cusco,Hogar,Olla,350.18,5,Yape,1750.9
V1006897,2025-04-02,Arequipa,,Pantalón,474.07,3,Plin,1422.21
V1006898,2025-10-27,Trujillo,Tecnología,Celular,225.62,4,Plin,902.48
V1006899,2025-12-30,Arequipa,Moda,Pantalón,32.87,4,Efectivo,131.48
V1006900,2025-06-08,Cusco,Hogar,Licuadora,116.26,4,Efectivo,465.04
V1006901,2025-05-10,Cusco,Hogar,Olla,378.76,3,Tarjeta,1136.28
V1006902,2025-01-22,Piura,,Shampoo,168.02,5,Yape,840.1
V1006903,2025-09-15,Arequipa,Belleza,Maquillaje,156.99,1,Tarjeta,156.99
V1006904,2025-01-10,Lima,Tecnología,Celular,101.9,2,Tarjeta,203.8
V1006905,2025-12-31,Trujillo,Belleza,Shampoo,242.3,1,Yape,242.3
V1006906,2025-06-16,Piura,Belleza,Perfume,203.84,3,Efectivo,611.52
V1006907,2025-05-12,Trujillo,Tecnología,Tablet,354.44,2,Efectivo,708.88
V1006908,2025-07-17,Lima,Tecnología,Tablet,58.25,1,Efectivo,58.25
V1006909,2025-06-02,Piura,Alimentos,Atún,414.75,2,Plin,829.5
V1006910,2025-07-08,Cusco,Tecnología,Laptop,198.06,4,Plin,792.24
V1006911,2025-09-27,Lima,Moda,Zapatillas,434.6,4,Plin,1738.4
V1006912,2025-07-15,Lima,Tecnología,Celular,84.92,1,Yape,84.92
V1006913,2025-10-28,Lima,Tecnología,Celular,118.01,3,Tarjeta,354.03
V1006914,2025-04-17,Trujillo,Hogar,Olla,474.46,5,Efectivo,2372.3
V1006915,2025-07-04,Trujillo,Tecnología,Laptop,86.08,4,Yape,344.32
V1006916,2025-09-28,Lima,Moda,Camisa,180.15,2,Tarjeta,360.3
V1006917,2025-05-29,Trujillo,Belleza,Maquillaje,322.67,2,Tarjeta,645.34
V1006918,2025-09-01,Cusco,Moda,Zapatillas,466.77,2,Yape,933.54
V1006919,2025-09-21,Cusco,Belleza,Perfume,496.06,3,Yape,1488.18
V1006920,2025-08-15,Trujillo,Hogar,Olla,368.37,5,Efectivo,1841.85
V1006921,2025-03-22,Piura,,Licuadora,63.5,2,Tarjeta,127.0
V1006922,2025-05-10,Arequipa,Alimentos,Atún,445.17,2,Efectivo,890.34
V1006923,2025-07-14,Arequipa,Hogar,Olla,216.13,1,Plin,216.13
V1006924,2025-01-17,Arequipa,Moda,Camisa,383.98,4,Efectivo,1535.92
V1006925,2025-12-22,Cusco,,Camisa,412.62,5,Yape,2063.1
V1006926,2025-06-01,Cusco,Moda,Pantalón,33.01,3,Tarjeta,99.03
V1006927,2025-04-19,Arequipa,Hogar,Licuadora,87.26,1,Tarjeta,87.26
V1006928,2025-03-29,Lima,Tecnología,Audífonos,82.86,3,Tarjeta,248.58
V1006929,2025-03-16,Piura,Hogar,Aspiradora,294.55,5,Tarjeta,1472.75
V1006930,2025-06-13,Cusco,Tecnología,Laptop,55.48,1,Yape,55.48
V1006931,2025-10-15,Arequipa,Tecnología,Celular,339.07,5,Plin,1695.35
V1006932,2025-07-20,Piura,Tecnología,Laptop,387.95,4,Tarjeta,1551.8
V1006933,2025-01-21,Piura,Moda,Camisa,483.64,4,Efectivo,1934.56
V1006934,2025-02-26,Arequipa,Hogar,Aspiradora,206.31,2,Plin,412.62
V1006935,2025-01-01,Arequipa,Belleza,Crema,253.3,2,Tarjeta,506.6
V1006936,2025-05-20,Cusco,Tecnología,Celular,405.52,1,Yape,405.52
V1006937,2025-04-03,Arequipa,Moda,Casaca,186.04,2,Tarjeta,372.08
V1006938,2025-10-09,Piura,Alimentos,Aceite,112.79,5,Tarjeta,563.95
V1006939,2025-03-12,Cusco,Alimentos,Atún,63.84,3,Tarjeta,191.52
V1006940,2025-03-04,Cusco,Moda,Camisa,104.98,5,Yape,524.9
V1006941,2025-08-05,Piura,Moda,Casaca,10.61,2,Efectivo,21.22
V1006942,2025-11-11,Cusco,Tecnología,Celular,30.02,5,Yape,150.1
V1006943,2025-09-17,Cusco,,Licuadora,331.4,2,Yape,662.8
V1006944,2025-08-12,Piura,Hogar,Microondas,460.55,5,Tarjeta,2302.75
V1006945,2025-09-19,Cusco,Belleza,Perfume,475.81,5,Yape,2379.05
V1006946,2025-01-04,Trujillo,Alimentos,Arroz,399.79,3,Efectivo,1199.37
V1006947,2025-01-22,Trujillo,Hogar,Aspiradora,143.34,4,Tarjeta,573.36
V1006948,2025-09-29,Lima,Tecnología,Audífonos,161.16,5,Efectivo,805.8
V1006949,2025-08-26,Trujillo,,Licuadora,11.45,5,Tarjeta,57.25
V1006950,2025-09-12,Cusco,Tecnología,Laptop,396.97,3,Efectivo,1190.91
V1006951,2025-08-26,Arequipa,Belleza,Shampoo,139.25,2,Efectivo,278.5
V1006952,2025-06-01,Arequipa,Moda,Camisa,175.02,3,Tarjeta,525.06
V1006953,2025-08-26,Cusco,,Café,143.05,2,Efectivo,286.1
V1006954,2025-10-25,Trujillo,Hogar,Licuadora,271.39,2,Tarjeta,542.78
V1006955,2025-04-16,Arequipa,Belleza,Crema,453.02,5,Plin,2265.1
V1006956,2025-12-23,Trujillo,Alimentos,Aceite,434.62,2,Efectivo,869.24
V1006957,2025-10-12,Arequipa,Tecnología,Celular,48.58,1,Tarjeta,48.58
V1006958,2025-03-04,Piura,Alimentos,Aceite,302.11,5,Yape,1510.55
V1006959,2025-08-29,Cusco,Hogar,Licuadora,470.23,3,Yape,1410.69
V1006960,2025-07-21,Trujillo,Tecnología,Tablet,330.77,5,Efectivo,1653.85
V1006961,2025-08-22,Lima,Hogar,Microondas,390.8,2,Plin,781.6
V1006962,2025-09-02,Cusco,Belleza,Crema,307.97,1,Efectivo,307.97
V1006963,2025-02-20,Lima,Moda,Pantalón,216.83,1,Plin,216.83
V1006964,2025-04-27,Cusco,Moda,Camisa,263.9,4,Plin,1055.6
V1006965,2025-06-17,Piura,Belleza,Perfume,81.8,3,Efectivo,245.4
V1006966,2025-07-10,Piura,Moda,Casaca,447.25,2,Plin,894.5
V1006967,2025-04-01,Piura,Belleza,Crema,73.45,1,Tarjeta,73.45
V1006968,2025-05-14,Piura,Belleza,Shampoo,91.67,4,Yape,366.68
V1006969,2025-10-31,Arequipa,Moda,Camisa,170.45,3,Tarjeta,511.35
V1006970,2025-06-08,Piura,Hogar,Olla,358.42,5,Plin,1792.1
V1006971,2025-06-26,Trujillo,Alimentos,Café,448.82,3,Yape,1346.46
V1006972,2025-07-27,Trujillo,Hogar,Microondas,333.51,3,Tarjeta,1000.53
V1006973,2025-11-03,Cusco,Hogar,Aspiradora,78.72,2,Plin,157.44
V1006974,2025-12-23,Lima,Tecnología,Audífonos,167.47,5,Plin,837.35
V1006975,2025-01-14,Cusco,Hogar,Olla,274.52,3,Plin,823.56
V1006976,2025-12-21,Cusco,Alimentos,Atún,71.45,3,Tarjeta,214.35
V1006977,2025-04-17,Arequipa,Tecnología,Tablet,358.54,1,Yape,358.54
V1006978,2025-08-22,Arequipa,Belleza,Perfume,331.34,1,Efectivo,331.34
V1006979,2025-08-26,Arequipa,,Pantalón,138.36,5,Efectivo,691.8
V1006980,2025-11-29,Trujillo,Hogar,Licuadora,44.06,1,Plin,44.06
V1006981,2025-04-29,Piura,Belleza,Crema,249.63,2,Yape,499.26
V1006982,2025-08-14,Arequipa,Hogar,Aspiradora,425.17,1,Tarjeta,425.17
V1006983,2025-01-08,Piura,Moda,Camisa,79.29,3,Tarjeta,237.87
V1006984,2025-09-06,Piura,Moda,Casaca,52.36,3,Efectivo,157.08
V1006985,2025-01-15,Arequipa,Moda,Camisa,277.33,1,,277.33
V1006986,2025-10-19,Piura,Alimentos,Café,140.5,3,Tarjeta,421.5
V1006987,2025-02-09,Cusco,Alimentos,Arroz,240.88,3,Yape,722.64
V1006988,2025-07-12,Cusco,Alimentos,Arroz,48.72,4,Tarjeta,194.88
V1006989,2025-08-03,Lima,,Laptop,124.32,1,Tarjeta,124.32
V1006990,2025-11-30,Piura,Alimentos,Atún,30.1,1,Plin,30.1
V1006991,2025-03-28,Cusco,Hogar,Microondas,68.99,1,Plin,68.99
V1006992,2025-12-31,Cusco,Hogar,Licuadora,22.96,4,Efectivo,91.84
V1006993,2025-11-23,Lima,Alimentos,Arroz,154.11,1,Efectivo,154.11
V1006994,2025-11-13,Piura,Belleza,Perfume,12.59,4,Efectivo,50.36
V1006995,2025-12-31,Piura,Belleza,Maquillaje,382.9,1,Efectivo,382.9
V1006996,2025-11-15,Cusco,Alimentos,Aceite,391.59,1,Tarjeta,391.59
V1006997,2025-12-21,Arequipa,Tecnología,Tablet,79.25,2,Tarjeta,158.5
V1006998,2025-10-24,Piura,Belleza,Perfume,454.24,2,Tarjeta,908.48
V1006999,2025-03-19,Lima,Alimentos,Atún,497.43,1,Plin,497.43
V1007000,2025-06-17,Piura,,Tablet,312.97,2,Tarjeta,625.94
V1007001,2025-08-17,Piura,Hogar,Olla,25.73,2,Efectivo,51.46
V1007002,2025-11-10,Cusco,Hogar,Aspiradora,324.24,3,Tarjeta,972.72
V1007003,2025-12-11,Piura,Alimentos,Café,224.52,1,Tarjeta,224.52
V1007004,2025-05-10,Lima,Tecnología,Audífonos,336.96,3,Efectivo,1010.88
V1007005,2025-01-05,Trujillo,Tecnología,Tablet,13.43,4,Plin,53.72
V1007006,2025-05-22,Trujillo,Moda,Zapatillas,106.37,2,Plin,212.74
V1007007,2025-02-21,Trujillo,,Camisa,221.85,1,Yape,221.85
V1007008,2025-09-29,Piura,Hogar,Aspiradora,60.3,3,Plin,180.9
V1007009,2025-04-29,Trujillo,Tecnología,Tablet,16.84,2,Yape,33.68
V1007010,2025-09-02,Trujillo,Tecnología,Celular,31.24,2,Tarjeta,62.48
V1007011,2025-06-19,Cusco,Hogar,Licuadora,417.49,3,Tarjeta,1252.47
V1007012,2025-02-12,Cusco,Moda,Zapatillas,357.52,1,Plin,357.52
V1007013,2025-09-28,Arequipa,Tecnología,Laptop,94.51,1,Efectivo,94.51
V1007014,2025-03-09,Arequipa,Hogar,Olla,30.26,3,Tarjeta,90.78
V1007015,2025-02-02,Cusco,Moda,Casaca,431.71,3,Efectivo,1295.13
V1007016,2025-12-05,Piura,Moda,Camisa,333.75,2,Plin,667.5
V1007017,2025-12-23,Piura,Hogar,Aspiradora,323.44,3,Yape,970.32
V1007018,2025-09-14,Lima,Hogar,Licuadora,471.31,4,Tarjeta,1885.24
V1007019,2025-05-13,Cusco,Alimentos,Aceite,435.95,1,Plin,435.95
V1007020,2025-09-19,Piura,Tecnología,Audífonos,267.47,2,Tarjeta,534.94
V1007021,2025-12-22,Lima,Belleza,Maquillaje,240.51,1,Tarjeta,240.51
V1007022,2025-01-25,Lima,Belleza,Perfume,188.75,1,Efectivo,188.75
V1007023,2025-01-29,Cusco,Alimentos,Café,366.1,1,,366.1
V1007024,2025-01-27,Trujillo,Hogar,Aspiradora,12.16,5,Efectivo,60.8
V1007025,2025-02-27,Cusco,Belleza,Maquillaje,405.68,5,Efectivo,2028.4
V1007026,2025-03-07,Lima,,Olla,233.16,5,Plin,1165.8
V1007027,2025-09-28,Cusco,Belleza,Shampoo,452.96,2,Tarjeta,905.92
V1007028,2025-11-05,Arequipa,Alimentos,Café,423.6,2,Plin,847.2
V1007029,2025-06-11,Trujillo,Moda,Pantalón,315.87,2,Yape,631.74
V1007030,2025-06-14,Lima,Tecnología,Tablet,496.84,5,Efectivo,2484.2
V1007031,2025-06-19,Cusco,Alimentos,Atún,125.1,4,Efectivo,500.4
V1007032,2025-08-09,Arequipa,Alimentos,Atún,261.44,3,Efectivo,784.32
V1007033,2025-04-13,Arequipa,Hogar,Microondas,265.9,1,Efectivo,265.9
V1007034,2025-10-12,Trujillo,Moda,Casaca,251.32,3,Plin,753.96
V1007035,2025-02-04,Piura,Tecnología,Celular,253.16,5,Efectivo,1265.8
V1007036,2025-04-20,Arequipa,Moda,Pantalón,340.85,4,Plin,1363.4
V1007037,2025-01-26,Piura,Hogar,Licuadora,266.21,2,Yape,532.42
V1007038,2025-12-26,Trujillo,Moda,Camisa,118.35,5,Efectivo,591.75
V1007039,2025-02-21,Arequipa,Moda,Casaca,217.44,1,Plin,217.44
V1007040,2025-10-02,Cusco,Alimentos,Atún,17.4,2,Yape,34.8
V1007041,2025-05-16,Piura,Moda,Casaca,314.49,2,Yape,628.98
V1007042,2025-09-07,Piura,Moda,Zapatillas,461.45,2,Tarjeta,922.9
V1007043,2025-02-18,Arequipa,Hogar,Microondas,189.22,4,Tarjeta,756.88
V1007044,2025-08-22,Trujillo,Hogar,Licuadora,497.84,4,Tarjeta,1991.36
V1007045,2025-12-07,Arequipa,Moda,Casaca,140.75,2,Plin,281.5
V1007046,2025-01-14,Cusco,Alimentos,Atún,325.64,5,Plin,1628.2
V1007047,2025-08-13,Cusco,,Microondas,141.28,3,Yape,423.84
V1007048,2025-04-04,Piura,Hogar,Licuadora,213.25,2,Yape,426.5
V1007049,2025-02-05,Arequipa,Belleza,Perfume,103.89,3,Plin,311.67
V1007050,2025-03-18,Cusco,Tecnología,Celular,151.45,5,Efectivo,757.25
V1007051,2025-09-20,Arequipa,Alimentos,Atún,265.77,2,Tarjeta,531.54
V1007052,2025-12-24,Arequipa,Tecnología,Audífonos,21.32,5,Efectivo,106.6
V1007053,2025-07-23,Piura,Moda,Pantalón,307.3,2,Efectivo,614.6
V1007054,2025-11-25,Trujillo,Tecnología,Tablet,250.31,4,Yape,1001.24
V1007055,2025-05-16,Arequipa,Alimentos,Aceite,262.8,4,Yape,1051.2
V1007056,2025-10-21,Piura,Belleza,Crema,444.91,4,Yape,1779.64
V1007057,2025-10-24,Lima,Hogar,Olla,481.25,3,Efectivo,1443.75
V1007058,2025-11-03,Lima,Alimentos,Aceite,156.77,2,Tarjeta,313.54
V1007059,2025-01-27,Cusco,Alimentos,Atún,216.53,5,Tarjeta,1082.65
V1007060,2025-12-24,Trujillo,Alimentos,Café,488.97,1,Yape,488.97
V1007061,2025-06-15,Piura,Moda,Casaca,147.79,1,Yape,147.79
V1007062,2025-07-20,Piura,Alimentos,Arroz,425.25,3,Tarjeta,1275.75
V1007063,2025-01-28,Cusco,Tecnología,Audífonos,109.71,4,Plin,438.84
V1007064,2025-06-03,Piura,Alimentos,Café,157.01,3,Tarjeta,471.03
V1007065,2025-05-18,Piura,Moda,Camisa,77.83,4,Efectivo,311.32
V1007066,2025-05-24,Trujillo,,Celular,248.32,4,Efectivo,993.28
V1007067,2025-10-20,Lima,Alimentos,Atún,461.21,5,Plin,2306.05
V1007068,2025-11-21,Trujillo,Moda,Pantalón,434.98,2,Efectivo,869.96
V1007069,2025-03-26,Lima,Belleza,Maquillaje,195.92,5,Tarjeta,979.6
V1007070,2025-12-01,Piura,Hogar,Licuadora,326.04,3,Plin,978.12
V1007071,2025-04-21,Arequipa,Belleza,Perfume,280.06,5,Efectivo,1400.3
V1007072,2025-07-19,Arequipa,Tecnología,Laptop,477.53,5,Yape,2387.65
V1007073,2025-10-12,Trujillo,Belleza,Shampoo,310.38,2,Efectivo,620.76
V1007074,2025-10-11,Lima,Tecnología,Audífonos,415.33,4,Plin,1661.32
V1007075,2025-02-05,Piura,Tecnología,Celular,284.54,5,Efectivo,1422.7
V1007076,2025-02-06,Piura,Moda,Pantalón,186.36,3,Tarjeta,559.08
V1007077,2025-09-08,Piura,Moda,Casaca,437.67,4,Efectivo,1750.68
V1007078,2025-01-23,Lima,Moda,Camisa,132.08,5,Yape,660.4
V1007079,2025-04-05,Cusco,Belleza,Perfume,194.7,4,Tarjeta,778.8
V1007080,2025-07-05,Arequipa,Belleza,Shampoo,155.08,3,Plin,465.24
V1007081,2025-07-03,Cusco,Alimentos,Aceite,92.88,3,Tarjeta,278.64
V1007082,2025-12-21,Trujillo,Moda,Camisa,332.53,1,Tarjeta,332.53
V1007083,2025-10-21,Lima,Tecnología,Tablet,465.77,4,Tarjeta,1863.08
V1007084,2025-08-04,Trujillo,Belleza,Shampoo,68.56,5,Plin,342.8
V1007085,2025-06-18,Lima,,Aceite,328.28,5,Tarjeta,1641.4
V1007086,2025-06-04,Lima,Hogar,Aspiradora,170.25,2,Efectivo,340.5
V1007087,2025-09-18,Lima,Tecnología,Audífonos,376.78,3,Plin,1130.34
V1007088,2025-05-20,Trujillo,Moda,Casaca,200.6,5,Efectivo,1003.0
V1007089,2025-10-06,Piura,Tecnología,Tablet,246.99,4,Yape,987.96
V1007090,2025-12-08,Arequipa,Tecnología,Celular,21.64,5,Efectivo,108.2
V1007091,2025-06-24,Piura,Alimentos,Aceite,188.49,4,Efectivo,753.96
V1007092,2025-02-19,Piura,Moda,Camisa,204.19,5,Yape,1020.95
V1007093,2025-11-16,Lima,Belleza,Perfume,115.37,2,Efectivo,230.74
V1007094,2025-04-06,Trujillo,Moda,Zapatillas,232.61,5,Efectivo,1163.05
V1007095,2025-12-18,Lima,Alimentos,Atún,173.65,4,Efectivo,694.6
V1007096,2025-05-25,Piura,Belleza,Shampoo,299.57,4,Efectivo,1198.28
V1007097,2025-12-11,Piura,,Celular,217.94,4,Yape,871.76
V1007098,2025-02-12,Arequipa,Belleza,Shampoo,37.85,4,Yape,151.4
V1007099,2025-06-21,Piura,Alimentos,Arroz,214.54,4,Plin,858.16
V1007100,2025-08-12,Piura,,Pantalón,280.44,5,Yape,1402.2
V1007101,2025-04-10,Cusco,Moda,Camisa,160.12,3,Efectivo,480.36
V1007102,2025-09-02,Arequipa,Hogar,Microondas,370.98,3,Yape,1112.94
V1007103,2025-08-14,Piura,Alimentos,Aceite,18.81,3,Efectivo,56.43
V1007104,2025-02-22,Arequipa,Tecnología,Laptop,203.2,2,Plin,406.4
V1007105,2025-07-27,Cusco,Belleza,Shampoo,222.86,3,Yape,668.58
V1007106,2025-02-18,Arequipa,,Camisa,352.97,1,Plin,352.97
V1007107,2025-06-18,Trujillo,Tecnología,Tablet,184.15,3,Plin,552.45
V1007108,2025-11-05,Piura,Hogar,Aspiradora,311.42,4,Efectivo,1245.68
V1007109,2025-03-24,Lima,Tecnología,Laptop,438.46,2,Efectivo,876.92
V1007110,2025-10-11,Trujillo,Hogar,Microondas,223.82,4,Plin,895.28
V1007111,2025-10-31,Arequipa,Moda,Zapatillas,429.29,4,Tarjeta,1717.16
V1007112,2025-04-25,Arequipa,Tecnología,Celular,135.38,2,Plin,270.76
V1007113,2025-08-20,Arequipa,Belleza,Perfume,283.9,5,Yape,1419.5
V1007114,2025-04-08,Arequipa,Moda,Pantalón,235.71,3,Efectivo,707.13
V1007115,2025-02-15,Piura,Alimentos,Café,87.84,5,Plin,439.2
V1007116,2025-05-23,Cusco,Hogar,Olla,429.55,4,Plin,1718.2
V1007117,2025-01-15,Cusco,Belleza,Shampoo,359.67,1,Yape,359.67
V1007118,2025-03-31,Piura,Hogar,Olla,333.4,4,Tarjeta,1333.6
V1007119,2025-05-12,Trujillo,Alimentos,Aceite,39.94,5,Yape,199.7
V1007120,2025-05-06,Lima,Alimentos,Aceite,129.95,3,Efectivo,389.85
V1007121,2025-08-01,Lima,Hogar,Olla,211.98,5,Yape,1059.9
V1007122,2025-10-11,Lima,Tecnología,Celular,408.52,3,Yape,1225.56
V1007123,2025-06-03,Trujillo,Moda,Casaca,94.39,3,Yape,283.17
V1007124,2025-06-24,Cusco,Hogar,Licuadora,460.36,4,Plin,1841.44
V1007125,2025-07-09,Arequipa,Belleza,Shampoo,82.59,5,Tarjeta,412.95
V1007126,2025-11-17,Trujillo,Belleza,Perfume,68.41,2,Yape,136.82
V1007127,2025-03-28,Lima,Belleza,Crema,131.21,4,Yape,524.84
V1007128,2025-10-05,Trujillo,Alimentos,Atún,190.21,1,Plin,190.21
V1007129,2025-12-31,Lima,Belleza,Maquillaje,470.76,4,Efectivo,1883.04
V1007130,2025-05-29,Trujillo,Belleza,Maquillaje,429.09,4,Yape,1716.36
V1007131,2025-01-05,Cusco,Moda,Casaca,135.36,3,Tarjeta,406.08
V1007132,2025-03-06,Cusco,Hogar,Olla,175.09,5,Yape,875.45
V1007133,2025-09-28,Trujillo,Tecnología,Tablet,23.3,5,Efectivo,116.5
V1007134,2025-08-14,Trujillo,Moda,Pantalón,461.16,3,Plin,1383.48
V1007135,2025-12-03,Cusco,Moda,Casaca,207.35,5,Plin,1036.75
V1007136,2025-01-29,Lima,Belleza,Crema,268.47,2,Yape,536.94
V1007137,2025-07-14,Arequipa,Moda,Zapatillas,109.89,4,Tarjeta,439.56
V1007138,2025-10-23,Cusco,Moda,Pantalón,246.7,1,Efectivo,246.7
V1007139,2025-12-17,Lima,Alimentos,Café,206.29,2,Plin,412.58
V1007140,2025-02-21,Arequipa,Tecnología,Laptop,413.95,3,Plin,1241.85
V1007141,2025-11-19,Arequipa,Alimentos,Café,105.77,5,Yape,528.85
V1007142,2025-04-11,Lima,Hogar,Olla,326.12,1,Tarjeta,326.12
V1007143,2025-06-05,Cusco,Hogar,Microondas,361.14,4,Plin,1444.56
V1007144,2025-02-13,Piura,Alimentos,Atún,493.17,5,Plin,2465.85
V1007145,2025-03-11,Cusco,Alimentos,Aceite,138.33,3,Efectivo,414.99
V1007146,2025-08-15,Piura,Moda,Casaca,170.75,2,Yape,341.5
V1007147,2025-07-19,Cusco,Moda,Casaca,53.32,5,Tarjeta,266.6
V1007148,2025-08-19,Lima,Alimentos,Atún,443.53,5,Plin,2217.65
V1007149,2025-08-07,Piura,Belleza,Shampoo,412.35,3,Tarjeta,1237.05
V1007150,2025-09-03,Trujillo,Tecnología,Audífonos,271.52,1,Efectivo,271.52
V1007151,2025-01-21,Trujillo,Hogar,Aspiradora,325.11,2,Plin,650.22
V1007152,2025-12-19,Piura,Hogar,Licuadora,201.79,4,Plin,807.16
V1007153,2025-02-23,Trujillo,Belleza,Crema,388.73,3,Plin,1166.19
V1007154,2025-03-19,Trujillo,Belleza,Crema,435.65,4,Plin,1742.6
V1007155,2025-08-12,Lima,Tecnología,Celular,380.24,2,Tarjeta,760.48
V1007156,2025-01-09,Trujillo,Alimentos,Aceite,324.77,1,Efectivo,324.77
V1007157,2025-04-26,Piura,Belleza,Perfume,125.23,3,Plin,375.69
V1007158,2025-07-19,Lima,Tecnología,Tablet,370.22,3,Yape,1110.66
V1007159,2025-10-13,Lima,Belleza,Crema,290.95,4,Yape,1163.8
V1007160,2025-05-10,Cusco,Tecnología,Laptop,66.27,3,Efectivo,198.81
V1007161,2025-08-13,Cusco,Moda,Zapatillas,129.61,2,Tarjeta,259.22
V1007162,2025-04-23,Piura,Tecnología,Tablet,496.03,2,Efectivo,992.06
V1007163,2025-07-03,Piura,Belleza,Crema,257.62,4,Plin,1030.48
V1007164,2025-09-27,Lima,Alimentos,Atún,181.84,4,Yape,727.36
V1007165,2025-10-19,Trujillo,Belleza,Maquillaje,213.52,5,Efectivo,1067.6
V1007166,2025-07-12,Trujillo,Tecnología,Laptop,301.42,2,Tarjeta,602.84
V1007167,2025-01-12,Piura,Tecnología,Celular,474.26,1,Efectivo,474.26
V1007168,2025-04-13,Cusco,Hogar,Microondas,330.56,1,Tarjeta,330.56
V1007169,2025-06-25,Piura,Tecnología,Tablet,26.05,4,Plin,104.2
V1007170,2025-05-02,Piura,Alimentos,Arroz,311.82,1,Yape,311.82
V1007171,2025-10-18,Cusco,Alimentos,Café,346.49,2,Plin,692.98
V1007172,2025-02-09,Arequipa,Tecnología,Celular,360.52,4,,1442.08
V1007173,2025-09-29,Piura,Hogar,Olla,109.13,3,Yape,327.39
V1007174,2025-11-02,Trujillo,Alimentos,Aceite,100.68,3,,302.04
V1007175,2025-11-18,Piura,Alimentos,Arroz,154.01,2,Efectivo,308.02
V1007176,2025-12-08,Piura,Hogar,Aspiradora,141.51,5,Plin,707.55
V1007177,2025-03-03,Trujillo,Alimentos,Café,52.03,1,Plin,52.03
V1007178,2025-02-16,Lima,Moda,Pantalón,270.64,2,Tarjeta,541.28
V1007179,2025-11-16,Cusco,Alimentos,Café,163.8,4,Efectivo,655.2
V1007180,2025-09-27,Lima,Moda,Zapatillas,264.21,2,Efectivo,528.42
V1007181,2025-07-25,Cusco,Moda,Camisa,104.55,4,Tarjeta,418.2
V1007182,2025-09-23,Trujillo,Tecnología,Laptop,385.91,4,Yape,1543.64
V1007183,2025-10-06,Trujillo,Hogar,Microondas,53.38,2,Yape,106.76
V1007184,2025-04-22,Piura,Belleza,Maquillaje,107.76,3,Plin,323.28
V1007185,2025-08-24,Trujillo,Hogar,Aspiradora,18.99,4,Tarjeta,75.96
V1007186,2025-08-16,Cusco,Alimentos,Café,212.23,5,Tarjeta,1061.15
V1007187,2025-12-04,Piura,Belleza,Shampoo,253.41,3,Tarjeta,760.23
V1007188,2025-12-23,Lima,Tecnología,Laptop,93.03,3,,279.09
V1007189,2025-10-13,Piura,Belleza,Shampoo,106.41,4,Plin,425.64
V1007190,2025-08-01,Arequipa,Belleza,Shampoo,382.45,5,Tarjeta,1912.25
V1007191,2025-02-08,Arequipa,Tecnología,Celular,60.3,4,Plin,241.2
V1007192,2025-06-12,Cusco,Belleza,Crema,84.59,4,Yape,338.36
V1007193,2025-08-06,Cusco,Tecnología,Laptop,293.1,2,Plin,586.2
V1007194,2025-12-11,Cusco,Alimentos,Arroz,458.98,3,Efectivo,1376.94
V1007195,2025-03-11,Arequipa,Hogar,Microondas,254.74,4,Yape,1018.96
V1007196,2025-08-29,Cusco,Tecnología,Tablet,447.58,1,Yape,447.58
V1007197,2025-06-01,Lima,Moda,Zapatillas,371.46,2,Efectivo,742.92
V1007198,2025-02-15,Piura,Belleza,Maquillaje,482.93,2,Efectivo,965.86
V1007199,2025-06-18,Trujillo,Alimentos,Arroz,209.72,1,Yape,209.72
V1007200,2025-09-16,Piura,Alimentos,Arroz,442.84,2,Plin,885.68
V1007201,2025-06-26,Cusco,Alimentos,Arroz,47.81,1,Efectivo,47.81
V1007202,2025-12-21,Arequipa,Belleza,Crema,388.6,4,Efectivo,1554.4
V1007203,2025-08-28,Cusco,Moda,Camisa,377.65,2,Tarjeta,755.3
V1007204,2025-09-27,Lima,Moda,Casaca,484.88,4,Plin,1939.52
V1007205,2025-11-04,Trujillo,Belleza,Shampoo,375.84,3,Tarjeta,1127.52
V1007206,2025-10-28,Piura,Moda,Pantalón,251.98,2,Tarjeta,503.96
V1007207,2025-05-19,Piura,Belleza,Perfume,445.46,5,Plin,2227.3
V1007208,2025-10-22,Arequipa,Belleza,Maquillaje,248.25,1,Plin,248.25
V1007209,2025-09-17,Lima,Tecnología,Audífonos,63.6,5,Efectivo,318.0
V1007210,2025-01-07,Trujillo,Tecnología,Audífonos,82.13,5,Yape,410.65
V1007211,2025-05-29,Trujillo,Alimentos,Arroz,114.18,3,Tarjeta,342.54
V1007212,2025-07-22,Piura,Tecnología,Celular,89.34,1,Tarjeta,89.34
V1007213,2025-08-14,Cusco,Belleza,Shampoo,363.08,5,Yape,1815.4
V1007214,2025-08-10,Cusco,Belleza,Crema,291.02,3,Plin,873.06
V1007215,2025-08-13,Lima,Alimentos,Aceite,355.5,5,Yape,1777.5
V1007216,2025-01-09,Arequipa,Hogar,Aspiradora,26.64,1,Efectivo,26.64
V1007217,2025-12-05,Arequipa,Tecnología,Tablet,298.41,5,Tarjeta,1492.05
V1007218,2025-11-21,Arequipa,Tecnología,Tablet,436.49,2,Efectivo,872.98
V1007219,2025-09-06,Piura,Tecnología,Laptop,211.47,3,Tarjeta,634.41
V1007220,2025-03-05,Arequipa,Alimentos,Café,61.05,3,Yape,183.15
V1007221,2025-09-06,Cusco,Hogar,Olla,143.09,5,Efectivo,715.45
V1007222,2025-02-13,Cusco,Tecnología,Laptop,319.06,2,Plin,638.12
V1007223,2025-04-30,Arequipa,Belleza,Crema,291.39,4,Yape,1165.56
V1007224,2025-01-28,Arequipa,Belleza,Perfume,126.54,1,Plin,126.54
V1007225,2025-12-18,Cusco,Hogar,Aspiradora,106.05,2,Yape,212.1
V1007226,2025-12-26,Lima,Tecnología,Tablet,52.08,2,Plin,104.16
V1007227,2025-04-23,Trujillo,Hogar,Olla,282.5,5,Plin,1412.5
V1007228,2025-11-10,Cusco,Tecnología,Tablet,277.33,2,Tarjeta,554.66
V1007229,2025-07-05,Lima,Belleza,Perfume,199.8,5,Efectivo,999.0
V1007230,2025-09-29,Cusco,,Laptop,130.49,2,Efectivo,260.98
V1007231,2025-04-10,Piura,Belleza,Shampoo,485.45,3,Plin,1456.35
V1007232,2025-09-27,Trujillo,,Zapatillas,301.85,5,Plin,1509.25
V1007233,2025-01-24,Arequipa,Moda,Camisa,49.95,5,Efectivo,249.75
V1007234,2025-05-19,Trujillo,Moda,Zapatillas,69.52,3,Efectivo,208.56
V1007235,2025-03-20,Cusco,Alimentos,Aceite,139.3,4,Plin,557.2
V1007236,2025-08-07,Trujillo,Alimentos,Arroz,248.4,2,Tarjeta,496.8
V1007237,2025-01-23,Arequipa,Belleza,Crema,160.71,5,Tarjeta,803.55
V1007238,2025-01-21,Cusco,Moda,Zapatillas,308.48,1,Yape,308.48
V1007239,2025-12-02,Cusco,Moda,Zapatillas,59.26,2,Yape,118.52
V1007240,2025-12-28,Arequipa,Hogar,Olla,333.61,2,Efectivo,667.22
V1007241,2025-11-18,Trujillo,Alimentos,Atún,103.86,5,Plin,519.3
V1007242,2025-01-20,Trujillo,Hogar,Aspiradora,34.96,2,Plin,69.92
V1007243,2025-11-25,Trujillo,Hogar,Licuadora,481.79,4,Tarjeta,1927.16
V1007244,2025-06-12,Arequipa,Belleza,Crema,112.96,1,Tarjeta,112.96
V1007245,2025-09-27,Piura,,Camisa,317.15,3,Yape,951.45
V1007246,2025-12-23,Arequipa,Moda,Zapatillas,275.05,2,,550.1
V1007247,2025-01-29,Arequipa,Moda,Casaca,171.89,3,Tarjeta,515.67
V1007248,2025-07-08,Piura,Hogar,Olla,319.59,4,Plin,1278.36
V1007249,2025-06-14,Piura,Alimentos,Arroz,265.2,2,Yape,530.4
V1007250,2025-11-21,Piura,Belleza,Maquillaje,199.38,3,Plin,598.14
V1007251,2025-03-28,Arequipa,Alimentos,Aceite,356.38,3,Yape,1069.14
V1007252,2025-10-07,Cusco,Hogar,Olla,182.33,4,Plin,729.32
V1007253,2025-10-15,Trujillo,Hogar,Olla,54.03,1,Yape,54.03
V1007254,2025-08-04,Trujillo,Alimentos,Aceite,299.33,2,Efectivo,598.66
V1007255,2025-02-15,Cusco,Hogar,Microondas,481.01,4,Efectivo,1924.04
V1007256,2025-04-15,Cusco,Belleza,Perfume,433.14,5,,2165.7
V1007257,2025-12-15,Cusco,,Aspiradora,432.15,3,Plin,1296.45
V1007258,2025-07-04,Lima,Hogar,Microondas,338.86,4,Yape,1355.44
V1007259,2025-04-23,Lima,Moda,Casaca,33.77,2,Yape,67.54
V1007260,2025-11-11,Lima,Alimentos,Atún,209.93,5,Efectivo,1049.65
V1007261,2025-08-28,Piura,Tecnología,Laptop,401.02,3,Tarjeta,1203.06
V1007262,2025-07-04,Arequipa,Hogar,Microondas,441.18,2,Yape,882.36
V1007263,2025-07-20,Arequipa,,Zapatillas,421.54,4,Tarjeta,1686.16
V1007264,2025-01-29,Lima,Tecnología,Tablet,444.57,4,Plin,1778.28
V1007265,2025-07-13,Piura,Moda,Camisa,129.36,1,Yape,129.36
V1007266,2025-03-22,Piura,Alimentos,Arroz,447.7,1,Plin,447.7
V1007267,2025-07-09,Cusco,Hogar,Aspiradora,334.78,5,Plin,1673.9
V1007268,2025-10-14,Arequipa,Hogar,Olla,486.53,5,Plin,2432.65
V1007269,2025-01-27,Cusco,Belleza,Maquillaje,146.7,4,Yape,586.8
V1007270,2025-08-17,Cusco,Alimentos,Atún,375.22,2,Efectivo,750.44
V1007271,2025-10-07,Trujillo,Alimentos,Atún,300.82,5,Efectivo,1504.1
V1007272,2025-02-12,Arequipa,Moda,Pantalón,432.44,4,Tarjeta,1729.76
V1007273,2025-06-27,Piura,,Café,32.77,3,Tarjeta,98.31
V1007274,2025-11-09,Trujillo,Hogar,Aspiradora,420.36,4,Tarjeta,1681.44
V1007275,2025-01-27,Trujillo,Belleza,Maquillaje,477.24,1,Yape,477.24
V1007276,2025-12-07,Arequipa,Tecnología,Celular,180.41,1,Efectivo,180.41
V1007277,2025-07-24,Lima,Hogar,Microondas,429.7,5,Yape,2148.5
V1007278,2025-09-04,Piura,Moda,Pantalón,420.77,2,Yape,841.54
V1007279,2025-02-24,Lima,Hogar,Aspiradora,23.01,3,Plin,69.03
V1007280,2025-06-19,Trujillo,Tecnología,Audífonos,269.81,5,Yape,1349.05
V1007281,2025-10-11,Lima,Belleza,Shampoo,407.25,5,Efectivo,2036.25
V1007282,2025-05-13,Trujillo,Hogar,Aspiradora,193.4,4,Plin,773.6
V1007283,2025-12-18,Cusco,Moda,Pantalón,164.13,5,Tarjeta,820.65
V1007284,2025-12-30,Trujillo,Tecnología,Celular,88.41,4,Plin,353.64
V1007285,2025-02-09,Arequipa,Hogar,Licuadora,384.65,2,Plin,769.3
V1007286,2025-12-09,Lima,Hogar,Olla,113.42,4,Yape,453.68
V1007287,2025-10-31,Lima,Tecnología,Audífonos,284.11,1,Tarjeta,284.11
V1007288,2025-04-28,Arequipa,Alimentos,Aceite,11.1,1,Yape,11.1
V1007289,2025-07-10,Trujillo,Tecnología,Audífonos,350.66,3,Plin,1051.98
V1007290,2025-10-21,Trujillo,Hogar,Aspiradora,422.49,1,Plin,422.49
V1007291,2025-07-01,Cusco,Moda,Casaca,145.73,5,Plin,728.65
V1007292,2025-07-05,Cusco,Belleza,Maquillaje,232.83,2,Efectivo,465.66
V1007293,2025-08-04,Piura,Hogar,Microondas,96.17,1,Tarjeta,96.17
V1007294,2025-05-18,Cusco,Tecnología,Tablet,218.91,1,Tarjeta,218.91
V1007295,2025-07-08,Lima,Belleza,Shampoo,228.19,4,Yape,912.76
V1007296,2025-02-07,Cusco,Alimentos,Aceite,153.59,5,Yape,767.95
V1007297,2025-05-16,Arequipa,Tecnología,Tablet,455.33,5,Tarjeta,2276.65
V1007298,2025-09-23,Trujillo,Moda,Pantalón,22.88,4,Efectivo,91.52
V1007299,2025-07-15,Trujillo,Hogar,Aspiradora,388.72,4,Tarjeta,1554.88
V1007300,2025-11-04,Piura,Hogar,Microondas,410.21,5,Efectivo,2051.05
V1007301,2025-07-14,Lima,Moda,Pantalón,77.72,4,Plin,310.88
V1007302,2025-06-19,Lima,Moda,Camisa,211.19,1,Yape,211.19
V1007303,2025-02-04,Trujillo,Moda,Zapatillas,58.87,5,Yape,294.35
V1007304,2025-09-21,Arequipa,,Camisa,104.59,2,Plin,209.18
V1007305,2025-10-06,Cusco,Alimentos,Café,319.32,5,Yape,1596.6
V1007306,2025-03-15,Cusco,Alimentos,Aceite,231.77,2,Plin,463.54
V1007307,2025-02-13,Trujillo,Tecnología,Laptop,106.57,2,Yape,213.14
V1007308,2025-01-07,Trujillo,Alimentos,Atún,68.47,5,,342.35
V1007309,2025-10-29,Piura,,Olla,350.64,4,Efectivo,1402.56
V1007310,2025-11-21,Trujillo,Belleza,Perfume,178.24,5,Yape,891.2
V1007311,2025-02-05,Piura,Hogar,Olla,419.57,4,Yape,1678.28
V1007312,2025-06-14,Trujillo,Hogar,Licuadora,195.76,2,Tarjeta,391.52
V1007313,2025-09-10,Arequipa,Moda,Zapatillas,409.75,1,Tarjeta,409.75
V1007314,2025-08-29,Trujillo,Tecnología,Audífonos,251.47,1,Efectivo,251.47
V1007315,2025-02-11,Cusco,Hogar,Aspiradora,377.94,3,Yape,1133.82
V1007316,2025-07-23,Cusco,,Laptop,76.12,2,Yape,152.24
V1007317,2025-07-17,Cusco,Alimentos,Aceite,415.94,3,Yape,1247.82
V1007318,2025-09-26,Arequipa,Belleza,Perfume,284.1,5,Tarjeta,1420.5
V1007319,2025-08-30,Cusco,Tecnología,Audífonos,253.87,5,Tarjeta,1269.35
V1007320,2025-10-11,Cusco,Hogar,Licuadora,463.81,5,Yape,2319.05
V1007321,2025-08-10,Piura,Hogar,Microondas,322.9,5,,1614.5
V1007322,2025-01-31,Piura,Belleza,Perfume,73.52,1,Efectivo,73.52
V1007323,2025-12-03,Arequipa,Tecnología,Audífonos,126.2,5,,631.0
V1007324,2025-11-05,Trujillo,Tecnología,Celular,361.24,3,Yape,1083.72
V1007325,2025-06-05,Arequipa,Hogar,Aspiradora,217.74,2,Tarjeta,435.48
V1007326,2025-02-14,Arequipa,Tecnología,Celular,120.59,4,Plin,482.36
V1007327,2025-08-04,Arequipa,Tecnología,Audífonos,305.38,1,Yape,305.38
V1007328,2025-07-30,Cusco,Belleza,Shampoo,422.34,5,Plin,2111.7
V1007329,2025-11-01,Lima,Tecnología,Celular,295.39,3,Yape,886.17
V1007330,2025-02-07,Arequipa,Belleza,Shampoo,42.92,1,Tarjeta,42.92
V1007331,2025-06-13,Lima,Tecnología,Celular,140.34,2,Yape,280.68
V1007332,2025-03-30,Piura,Alimentos,Atún,435.7,4,Efectivo,1742.8
V1007333,2025-02-13,Piura,Tecnología,Tablet,421.6,5,Efectivo,2108.0
V1007334,2025-08-26,Trujillo,Hogar,Licuadora,234.92,4,Yape,939.68
V1007335,2025-07-22,Arequipa,Moda,Zapatillas,229.56,4,Plin,918.24
V1007336,2025-06-07,Trujillo,,Perfume,139.04,2,,278.08
V1007337,2025-11-14,Arequipa,Alimentos,Atún,175.27,3,Tarjeta,525.81
V1007338,2025-06-14,Trujillo,Belleza,Perfume,416.41,5,Plin,2082.05
V1007339,2025-09-24,Arequipa,Alimentos,Aceite,262.11,4,,1048.44
V1007340,2025-12-30,Arequipa,Hogar,Aspiradora,494.91,4,Efectivo,1979.64
V1007341,2025-01-25,Arequipa,Hogar,Microondas,75.1,1,Plin,75.1
V1007342,2025-09-05,Trujillo,Hogar,Aspiradora,453.69,4,Yape,1814.76
V1007343,2025-11-10,Cusco,Tecnología,Tablet,175.84,3,Yape,527.52
V1007344,2025-07-23,Trujillo,Moda,Pantalón,437.52,4,Yape,1750.08
V1007345,2025-05-31,Piura,Moda,Pantalón,419.48,5,Yape,2097.4
V1007346,2025-09-25,Arequipa,Belleza,Perfume,110.38,4,Yape,441.52
V1007347,2025-10-25,Arequipa,Hogar,Aspiradora,187.02,1,Efectivo,187.02
V1007348,2025-11-09,Cusco,Tecnología,Tablet,56.44,3,Plin,169.32
V1007349,2025-05-06,Cusco,Hogar,Licuadora,388.77,3,Efectivo,1166.31
V1007350,2025-04-15,Cusco,Tecnología,Audífonos,143.02,5,Efectivo,715.1
V1007351,2025-04-04,Cusco,,Tablet,93.95,4,Efectivo,375.8
V1007352,2025-09-29,Lima,Hogar,Licuadora,417.44,3,Tarjeta,1252.32
V1007353,2025-10-21,Lima,Moda,Pantalón,59.93,4,Yape,239.72
V1007354,2025-04-21,Piura,Hogar,Olla,23.01,4,Tarjeta,92.04
V1007355,2025-09-08,Cusco,Alimentos,Atún,41.92,2,Plin,83.84
V1007356,2025-12-29,Cusco,Tecnología,Celular,429.94,5,Yape,2149.7
V1007357,2025-11-23,Piura,Hogar,Licuadora,424.4,5,Tarjeta,2122.0
V1007358,2025-06-12,Piura,Hogar,Aspiradora,401.35,2,Yape,802.7
V1007359,2025-06-24,Piura,Hogar,Olla,389.21,4,Plin,1556.84
V1007360,2025-03-25,Cusco,Hogar,Olla,352.97,1,Efectivo,352.97
V1007361,2025-12-10,Arequipa,Tecnología,Laptop,346.84,5,Plin,1734.2
V1007362,2025-03-24,Lima,Alimentos,Arroz,218.17,5,Yape,1090.85
V1007363,2025-02-18,Arequipa,Hogar,Aspiradora,356.62,2,Tarjeta,713.24
V1007364,2025-08-31,Piura,Tecnología,Celular,143.6,5,Plin,718.0
V1007365,2025-07-11,Trujillo,Hogar,Olla,433.64,5,Yape,2168.2
V1007366,2025-02-19,Arequipa,Alimentos,Arroz,89.43,2,Efectivo,178.86
V1007367,2025-03-13,Arequipa,Tecnología,Tablet,218.76,4,Tarjeta,875.04
V1007368,2025-12-13,Arequipa,Tecnología,Tablet,403.83,1,Yape,403.83
V1007369,2025-01-17,Arequipa,Hogar,Licuadora,212.37,4,Tarjeta,849.48
V1007370,2025-02-13,Trujillo,Belleza,Crema,167.24,1,Tarjeta,167.24
V1007371,2025-05-31,Arequipa,Alimentos,Arroz,336.3,1,Tarjeta,336.3
V1007372,2025-11-07,Piura,Hogar,Licuadora,478.02,4,,1912.08
V1007373,2025-07-26,Trujillo,Tecnología,Tablet,479.14,3,Plin,1437.42
V1007374,2025-07-24,Lima,Belleza,Crema,382.95,3,Plin,1148.85
V1007375,2025-09-27,Arequipa,Alimentos,Aceite,117.32,5,Plin,586.6
V1007376,2025-03-22,Trujillo,Hogar,Aspiradora,21.48,1,Tarjeta,21.48
V1007377,2025-08-12,Cusco,Alimentos,Arroz,342.4,5,Tarjeta,1712.0
V1007378,2025-05-07,Piura,Hogar,Aspiradora,419.58,1,Efectivo,419.58
V1007379,2025-10-09,Piura,Moda,Camisa,362.92,2,Tarjeta,725.84
V1007380,2025-12-18,Arequipa,Moda,Pantalón,362.51,2,Plin,725.02
V1007381,2025-08-17,Trujillo,Belleza,Perfume,103.42,5,Yape,517.1
V1007382,2025-10-09,Piura,Alimentos,Aceite,351.59,3,Plin,1054.77
V1007383,2025-06-24,Arequipa,Hogar,Microondas,20.91,2,Efectivo,41.82
V1007384,2025-04-01,Lima,Belleza,Perfume,98.7,5,Yape,493.5
V1007385,2025-03-05,Piura,Alimentos,Aceite,43.86,1,Efectivo,43.86
V1007386,2025-05-27,Trujillo,Alimentos,Arroz,166.0,1,Yape,166.0
V1007387,2025-07-13,Arequipa,Moda,Camisa,492.6,5,Efectivo,2463.0
V1007388,2025-03-24,Piura,Moda,Zapatillas,64.34,2,Yape,128.68
V1007389,2025-05-04,Lima,Hogar,Aspiradora,147.87,1,Efectivo,147.87
V1007390,2025-01-24,Cusco,Alimentos,Aceite,417.02,4,Tarjeta,1668.08
V1007391,2025-02-14,Trujillo,,Aspiradora,492.23,4,Plin,1968.92
V1007392,2025-11-16,Arequipa,Hogar,Licuadora,124.84,5,Tarjeta,624.2
V1007393,2025-06-27,Piura,Belleza,Shampoo,21.11,5,Plin,105.55
V1007394,2025-07-13,Trujillo,Hogar,Licuadora,141.13,3,Tarjeta,423.39
V1007395,2025-09-16,Piura,Hogar,Aspiradora,50.58,2,Plin,101.16
V1007396,2025-03-22,Lima,Belleza,Shampoo,288.39,5,Efectivo,1441.95
V1007397,2025-08-19,Trujillo,Hogar,Microondas,395.89,3,Yape,1187.67
V1007398,2025-06-30,Arequipa,Belleza,Maquillaje,315.01,2,Tarjeta,630.02
V1007399,2025-06-22,Cusco,Moda,Zapatillas,106.41,2,Tarjeta,212.82
V1007400,2025-08-18,Arequipa,Tecnología,Audífonos,461.96,2,Yape,923.92
V1007401,2025-08-28,Piura,Belleza,Perfume,210.3,5,Yape,1051.5
V1007402,2025-10-22,Piura,Hogar,Microondas,227.42,3,Efectivo,682.26
V1007403,2025-08-07,Trujillo,Tecnología,Audífonos,482.29,4,Tarjeta,1929.16
V1007404,2025-03-23,Trujillo,Alimentos,Café,73.76,2,Yape,147.52
V1007405,2025-10-21,Lima,Moda,Camisa,377.99,1,Plin,377.99
V1007406,2025-04-23,Trujillo,Tecnología,Audífonos,93.4,1,Plin,93.4
V1007407,2025-12-27,Lima,Belleza,Perfume,447.99,5,Yape,2239.95
V1007408,2025-06-18,Trujillo,Belleza,Perfume,189.64,3,Plin,568.92
V1007409,2025-07-12,Cusco,Hogar,Olla,95.11,2,Plin,190.22
V1007410,2025-02-06,Trujillo,Belleza,Maquillaje,438.0,4,Tarjeta,1752.0
V1007411,2025-03-25,Trujillo,Tecnología,Audífonos,87.03,2,Efectivo,174.06
V1007412,2025-07-23,Trujillo,Tecnología,Laptop,222.61,3,Tarjeta,667.83
V1007413,2025-05-06,Cusco,Tecnología,Laptop,392.86,3,Tarjeta,1178.58
V1007414,2025-10-29,Lima,Moda,Zapatillas,82.33,2,Efectivo,164.66
V1007415,2025-11-21,Piura,Belleza,Perfume,313.9,1,Yape,313.9
V1007416,2025-05-26,Lima,Tecnología,Laptop,462.99,5,Plin,2314.95
V1007417,2025-01-08,Trujillo,Moda,Camisa,95.96,2,Efectivo,191.92
V1007418,2025-11-25,Cusco,Hogar,Microondas,469.66,1,Efectivo,469.66
V1007419,2025-12-16,Cusco,Hogar,Licuadora,142.29,5,Efectivo,711.45
V1007420,2025-01-30,Cusco,Alimentos,Atún,409.98,4,Plin,1639.92
V1007421,2025-02-10,Trujillo,Belleza,Crema,442.01,4,Plin,1768.04
V1007422,2025-01-02,Trujillo,Alimentos,Arroz,27.78,2,Tarjeta,55.56
V1007423,2025-02-22,Trujillo,Tecnología,Audífonos,141.81,4,Plin,567.24
V1007424,2025-08-08,Lima,Belleza,Perfume,259.1,4,Efectivo,1036.4
V1007425,2025-02-25,Trujillo,Belleza,Perfume,371.76,1,,371.76
V1007426,2025-12-27,Trujillo,Alimentos,Café,253.65,2,Efectivo,507.3
V1007427,2025-11-15,Lima,Belleza,Crema,450.55,4,,1802.2
V1007428,2025-11-18,Cusco,Hogar,Olla,127.39,5,Yape,636.95
V1007429,2025-06-23,Cusco,Tecnología,Laptop,298.73,5,Efectivo,1493.65
V1007430,2025-05-18,Piura,Alimentos,Café,109.7,2,Yape,219.4
V1007431,2025-12-24,Cusco,Moda,Casaca,401.21,1,Yape,401.21
V1007432,2025-08-05,Arequipa,Belleza,Crema,151.82,2,Yape,303.64
V1007433,2025-09-08,Lima,Hogar,Olla,180.13,1,Plin,180.13
V1007434,2025-08-24,Cusco,,Casaca,35.39,1,Efectivo,35.39
V1007435,2025-10-23,Cusco,Moda,Zapatillas,479.66,3,Plin,1438.98
V1007436,2025-12-04,Lima,Tecnología,Audífonos,215.56,4,Yape,862.24
V1007437,2025-02-16,Cusco,Belleza,Perfume,81.36,5,Efectivo,406.8
V1007438,2025-12-26,Arequipa,Hogar,Licuadora,160.45,4,Yape,641.8
V1007439,2025-07-02,Cusco,Alimentos,Aceite,473.28,2,Efectivo,946.56
V1007440,2025-10-04,Trujillo,Moda,Camisa,153.11,5,Yape,765.55
V1007441,2025-08-13,Cusco,Belleza,Shampoo,174.07,4,Efectivo,696.28
V1007442,2025-09-24,Lima,Alimentos,Arroz,281.94,1,Plin,281.94
V1007443,2025-02-26,Cusco,Alimentos,Atún,228.8,5,Efectivo,1144.0
V1007444,2025-08-16,Cusco,Moda,Pantalón,185.57,1,Efectivo,185.57
V1007445,2025-04-01,Arequipa,Alimentos,Atún,243.65,2,Tarjeta,487.3
V1007446,2025-07-21,Piura,Hogar,Microondas,125.41,4,Efectivo,501.64
V1007447,2025-08-29,Cusco,Tecnología,Celular,76.11,2,Tarjeta,152.22
V1007448,2025-06-19,Piura,Belleza,Crema,271.91,1,Plin,271.91
V1007449,2025-02-20,Trujillo,Tecnología,Audífonos,102.75,3,Yape,308.25
V1007450,2025-10-03,Trujillo,Alimentos,Atún,202.97,3,Efectivo,608.91
V1007451,2025-11-17,Trujillo,Hogar,Microondas,46.75,1,Yape,46.75
V1007452,2025-02-25,Arequipa,Moda,Zapatillas,113.24,4,Yape,452.96
V1007453,2025-01-01,Lima,Tecnología,Tablet,243.5,3,Plin,730.5
V1007454,2025-08-15,Trujillo,Moda,Zapatillas,355.03,4,Yape,1420.12
V1007455,2025-03-30,Cusco,Belleza,Shampoo,196.08,1,Plin,196.08
V1007456,2025-03-15,Cusco,Tecnología,Celular,492.32,4,Yape,1969.28
V1007457,2025-10-04,Cusco,Hogar,Olla,279.95,1,Plin,279.95
V1007458,2025-08-20,Arequipa,Hogar,Licuadora,100.88,2,Efectivo,201.76
V1007459,2025-09-17,Cusco,Hogar,Aspiradora,399.95,1,Plin,399.95
V1007460,2025-01-13,Lima,Alimentos,Arroz,87.02,3,Tarjeta,261.06
V1007461,2025-08-27,Arequipa,Tecnología,Tablet,404.75,1,Tarjeta,404.75
V1007462,2025-02-09,Lima,Belleza,Perfume,323.82,1,Efectivo,323.82
V1007463,2025-03-01,Lima,Moda,Casaca,40.04,5,Efectivo,200.2
V1007464,2025-05-31,Cusco,Moda,Camisa,350.79,1,Efectivo,350.79
V1007465,2025-02-19,Lima,Hogar,Licuadora,33.18,5,Tarjeta,165.9
V1007466,2025-04-21,Arequipa,Belleza,Shampoo,191.6,5,Tarjeta,958.0
V1007467,2025-03-10,Lima,Belleza,Perfume,366.74,1,,366.74
V1007468,2025-09-14,Trujillo,Moda,Camisa,213.32,1,Efectivo,213.32
V1007469,2025-01-14,Piura,Alimentos,Arroz,496.15,5,Plin,2480.75
V1007470,2025-12-06,Arequipa,Moda,Casaca,490.92,1,Plin,490.92
V1007471,2025-08-06,Cusco,,Tablet,159.59,3,Yape,478.77
V1007472,2025-10-22,Piura,Belleza,Crema,254.87,3,Yape,764.61
V1007473,2025-02-24,Piura,Tecnología,Celular,390.75,3,Plin,1172.25
V1007474,2025-03-30,Piura,Alimentos,Aceite,160.51,2,Efectivo,321.02
V1007475,2025-04-15,Piura,Belleza,Perfume,182.31,1,,182.31
V1007476,2025-05-17,Cusco,Belleza,Crema,281.52,2,Yape,563.04
V1007477,2025-04-23,Arequipa,,Perfume,430.42,3,Yape,1291.26
V1007478,2025-11-15,Piura,Hogar,Microondas,254.19,3,Yape,762.57
V1007479,2025-05-21,Lima,Hogar,Microondas,261.95,1,Plin,261.95
V1007480,2025-10-31,Cusco,Tecnología,Tablet,452.39,3,Tarjeta,1357.17
V1007481,2025-03-06,Cusco,Alimentos,Atún,63.57,1,Yape,63.57
V1007482,2025-10-12,Arequipa,Tecnología,Celular,355.19,3,Tarjeta,1065.57
V1007483,2025-10-04,Cusco,Belleza,Crema,307.47,5,Yape,1537.35
V1007484,2025-02-27,Trujillo,Tecnología,Celular,255.65,5,Yape,1278.25
V1007485,2025-11-14,Arequipa,Hogar,Aspiradora,130.15,3,Plin,390.45
V1007486,2025-04-07,Cusco,Moda,Camisa,254.92,4,Yape,1019.68
V1007487,2025-06-03,Piura,Alimentos,Aceite,45.61,2,Tarjeta,91.22
V1007488,2025-03-28,Arequipa,Belleza,Crema,182.08,1,Efectivo,182.08
V1007489,2025-04-29,Trujillo,Alimentos,Café,143.45,4,Tarjeta,573.8
V1007490,2025-07-27,Arequipa,Alimentos,Café,399.41,1,Plin,399.41
V1007491,2025-11-26,Trujillo,Moda,Pantalón,198.59,4,,794.36
V1007492,2025-11-12,Cusco,Hogar,Olla,271.7,5,Yape,1358.5
V1007493,2025-09-23,Cusco,Tecnología,Tablet,137.77,1,Tarjeta,137.77
V1007494,2025-01-25,Piura,Moda,Casaca,16.4,5,Plin,82.0
V1007495,2025-06-16,Piura,Tecnología,Celular,336.76,2,Plin,673.52
V1007496,2025-11-04,Lima,Moda,Camisa,14.52,5,Yape,72.6
V1007497,2025-11-30,Piura,Tecnología,Celular,45.47,4,Yape,181.88
V1007498,2025-02-01,Cusco,Hogar,Aspiradora,325.18,2,Efectivo,650.36
V1007499,2025-05-08,Piura,Moda,Pantalón,137.45,5,Yape,687.25
V1007500,2025-03-11,Piura,Hogar,Microondas,145.91,5,Yape,729.55
V1007501,2025-04-12,Piura,Alimentos,Café,488.92,5,Tarjeta,2444.6
V1007502,2025-07-08,Cusco,Belleza,Crema,181.9,2,Efectivo,363.8
V1007503,2025-07-13,Cusco,Alimentos,Aceite,218.04,3,Yape,654.12
V1007504,2025-11-24,Trujillo,Hogar,Licuadora,397.9,2,Efectivo,795.8
V1007505,2025-04-09,Arequipa,Moda,Camisa,54.74,1,Tarjeta,54.74
V1007506,2025-03-07,Trujillo,Moda,Pantalón,287.49,2,Tarjeta,574.98
V1007507,2025-09-03,Lima,Hogar,Microondas,166.58,5,Yape,832.9
V1007508,2025-11-06,Arequipa,Alimentos,Café,167.33,2,Plin,334.66
V1007509,2025-12-07,Trujillo,Alimentos,Atún,145.26,4,Plin,581.04
V1007510,2025-07-04,Cusco,Tecnología,Audífonos,461.48,3,Efectivo,1384.44
V1007511,2025-03-27,Trujillo,Moda,Zapatillas,452.91,2,Tarjeta,905.82
V1007512,2025-12-04,Trujillo,,Zapatillas,331.71,1,Tarjeta,331.71
V1007513,2025-03-22,Lima,Belleza,Shampoo,290.09,2,Efectivo,580.18
V1007514,2025-10-01,Trujillo,Belleza,Maquillaje,467.14,5,Yape,2335.7
V1007515,2025-08-01,Lima,Moda,Zapatillas,143.32,1,Tarjeta,143.32
V1007516,2025-01-30,Cusco,Alimentos,Atún,199.78,3,Plin,599.34
V1007517,2025-04-27,Piura,Belleza,Shampoo,341.64,2,Yape,683.28
V1007518,2025-01-05,Trujillo,Hogar,Aspiradora,481.17,1,Tarjeta,481.17
V1007519,2025-06-02,Arequipa,Moda,Pantalón,331.48,1,Yape,331.48
V1007520,2025-09-01,Trujillo,Alimentos,Arroz,422.76,4,Plin,1691.04
V1007521,2025-01-11,Lima,Moda,Camisa,487.03,1,Efectivo,487.03
V1007522,2025-05-10,Arequipa,Alimentos,Café,69.38,3,Yape,208.14
V1007523,2025-07-09,Trujillo,Belleza,Shampoo,48.2,1,Plin,48.2
V1007524,2025-10-07,Lima,Belleza,Shampoo,427.01,2,Plin,854.02
V1007525,2025-04-21,Trujillo,Alimentos,Atún,414.2,3,Efectivo,1242.6
V1007526,2025-06-22,Trujillo,Moda,Camisa,141.9,5,Yape,709.5
V1007527,2025-12-26,Cusco,Hogar,Aspiradora,40.06,3,Yape,120.18
V1007528,2025-12-10,Lima,Tecnología,Tablet,17.1,4,Tarjeta,68.4
V1007529,2025-10-28,Trujillo,Belleza,Maquillaje,340.77,4,Plin,1363.08
V1007530,2025-03-10,Cusco,Belleza,Crema,362.22,4,Plin,1448.88
V1007531,2025-03-28,Arequipa,Moda,Zapatillas,188.59,2,Efectivo,377.18
V1007532,2025-09-30,Lima,Hogar,Licuadora,80.41,1,Plin,80.41
V1007533,2025-01-10,Cusco,Belleza,Perfume,478.33,3,Efectivo,1434.99
V1007534,2025-06-12,Cusco,Moda,Camisa,479.33,1,Tarjeta,479.33
V1007535,2025-11-25,Lima,Tecnología,Audífonos,247.9,4,Efectivo,991.6
V1007536,2025-08-03,Piura,Hogar,Licuadora,378.95,4,Yape,1515.8
V1007537,2025-01-30,Cusco,Tecnología,Tablet,374.42,5,Yape,1872.1
V1007538,2025-04-22,Lima,Alimentos,Café,346.37,3,Tarjeta,1039.11
V1007539,2025-05-21,Lima,Hogar,Licuadora,284.48,1,Efectivo,284.48
V1007540,2025-10-25,Piura,Tecnología,Celular,137.7,5,Plin,688.5
V1007541,2025-06-19,Trujillo,Belleza,Perfume,17.18,9999,Yape,17.18
V1007542,2025-02-12,Piura,Belleza,Perfume,173.26,2,Efectivo,346.52
V1007543,2025-02-21,Lima,Tecnología,Laptop,135.28,3,Tarjeta,405.84
V1007544,2025-08-13,Lima,Hogar,Olla,242.26,1,Yape,242.26
V1007545,2025-06-13,Lima,,Atún,67.39,1,Plin,67.39
V1007546,2025-07-17,Arequipa,Hogar,Licuadora,412.19,1,Tarjeta,412.19
V1007547,2025-08-13,Cusco,Tecnología,Laptop,225.74,4,Tarjeta,902.96
V1007548,2025-04-29,Cusco,Alimentos,Atún,227.26,2,Yape,454.52
V1007549,2025-06-30,Piura,Hogar,Licuadora,416.93,3,Plin,1250.79
V1007550,2025-03-22,Trujillo,Belleza,Perfume,193.46,1,Yape,193.46
V1007551,2025-03-04,Cusco,Alimentos,Café,134.82,1,Plin,134.82
V1007552,2025-07-29,Cusco,Hogar,Aspiradora,386.32,3,Plin,1158.96
V1007553,2025-02-06,Cusco,Belleza,Maquillaje,118.2,5,Yape,591.0
V1007554,2025-03-09,Trujillo,Alimentos,Café,257.82,3,Efectivo,773.46
V1007555,2025-02-25,Cusco,Moda,Zapatillas,77.93,1,Tarjeta,77.93
V1007556,2025-08-25,Cusco,Moda,Pantalón,331.5,4,Plin,1326.0
V1007557,2025-08-26,Lima,Alimentos,Arroz,46.33,1,Plin,46.33
V1007558,2025-10-25,Arequipa,Alimentos,Aceite,461.21,5,Plin,2306.05
V1007559,2025-05-21,Arequipa,Belleza,Maquillaje,89.41,1,Tarjeta,89.41
V1007560,2025-04-02,Piura,Hogar,Licuadora,498.09,1,Yape,498.09
V1007561,2025-04-07,Lima,Hogar,Olla,226.14,1,Yape,226.14
V1007562,2025-05-05,Trujillo,Belleza,Perfume,216.84,5,Yape,1084.2
V1007563,2025-07-25,Cusco,Tecnología,Laptop,487.5,3,Efectivo,1462.5
V1007564,2025-07-18,Arequipa,Tecnología,Audífonos,106.01,2,Plin,212.02
V1007565,2025-01-13,Cusco,Alimentos,Café,212.23,4,Tarjeta,848.92
V1007566,2025-03-02,Piura,Tecnología,Audífonos,488.18,2,Plin,976.36
V1007567,2025-02-25,Trujillo,Belleza,Crema,485.7,1,Plin,485.7
V1007568,2025-08-05,Trujillo,Hogar,Microondas,416.61,4,Efectivo,1666.44
V1007569,2025-01-10,Trujillo,,Microondas,496.05,1,Yape,496.05
V1007570,2025-06-28,Cusco,Belleza,Shampoo,436.06,3,Plin,1308.18
V1007571,2025-12-04,Cusco,Alimentos,Aceite,47.64,3,Efectivo,142.92
V1007572,2025-09-26,Arequipa,Tecnología,Celular,315.95,4,Yape,1263.8
V1007573,2025-05-23,Lima,Tecnología,Celular,13.98,5,Tarjeta,69.9
V1007574,2025-05-05,Cusco,,Casaca,222.78,1,Yape,222.78
V1007575,2025-04-23,Trujillo,Tecnología,Tablet,85.46,3,Efectivo,256.38
V1007576,2025-11-19,Arequipa,Tecnología,Laptop,386.55,1,,386.55
V1007577,2025-11-26,Cusco,Alimentos,Café,393.64,5,Plin,1968.2
V1007578,2025-10-23,Piura,Moda,Zapatillas,442.6,3,Efectivo,1327.8
V1007579,2025-07-04,Cusco,Tecnología,Celular,329.43,1,Efectivo,329.43
V1007580,2025-03-25,Piura,Hogar,Licuadora,306.22,5,Tarjeta,1531.1
V1007581,2025-11-09,Arequipa,Alimentos,Arroz,236.09,5,Efectivo,1180.45
V1007582,2025-01-17,Trujillo,,Olla,310.65,4,Tarjeta,1242.6
V1007583,2025-07-30,Arequipa,Tecnología,Audífonos,231.51,1,Yape,231.51
V1007584,2025-11-15,Cusco,Moda,Pantalón,246.88,1,Yape,246.88
V1007585,2025-10-03,Arequipa,Moda,Camisa,412.05,2,Efectivo,824.1
V1007586,2025-04-09,Arequipa,Moda,Casaca,182.78,4,Efectivo,731.12
V1007587,2025-11-18,Piura,Tecnología,Celular,27.83,1,Plin,27.83
V1007588,2025-04-05,Cusco,Belleza,Shampoo,24.7,1,Yape,24.7
V1007589,2025-11-26,Lima,Tecnología,Celular,270.71,3,Tarjeta,812.13
V1007590,2025-04-30,Lima,Hogar,Microondas,427.19,3,Plin,1281.57
V1007591,2025-12-03,Arequipa,Tecnología,Laptop,497.82,3,Plin,1493.46
V1007592,2025-03-21,Trujillo,Alimentos,Café,58.1,4,Efectivo,232.4
V1007593,2025-11-24,Arequipa,Alimentos,Café,475.74,1,Tarjeta,475.74
V1007594,2025-05-29,Lima,Alimentos,Aceite,199.29,2,Plin,398.58
V1007595,2025-11-04,Lima,Hogar,Licuadora,376.08,1,Tarjeta,376.08
V1007596,2025-12-18,Lima,Hogar,Olla,38.83,2,Tarjeta,77.66
V1007597,2025-07-14,Trujillo,,Camisa,310.79,5,Efectivo,1553.95
V1007598,2025-04-23,Piura,Tecnología,Celular,218.48,3,Plin,655.44
V1007599,2025-09-27,Piura,Moda,Pantalón,194.61,1,Efectivo,194.61
V1007600,2025-06-19,Trujillo,Tecnología,Laptop,49.82,4,Plin,199.28
V1007601,2025-05-01,Piura,Alimentos,Café,102.9,1,Tarjeta,102.9
V1007602,2025-12-23,Lima,Belleza,Shampoo,180.47,3,Efectivo,541.41
V1007603,2025-07-20,Piura,Moda,Camisa,145.95,5,Efectivo,729.75
V1007604,2025-01-25,Arequipa,Hogar,Olla,269.06,5,,1345.3
V1007605,2025-07-12,Piura,Tecnología,Tablet,312.31,4,Tarjeta,1249.24
V1007606,2025-09-09,Cusco,Belleza,Maquillaje,477.16,4,Plin,1908.64
V1007607,2025-11-17,Trujillo,Hogar,Aspiradora,436.91,4,Efectivo,1747.64
V1007608,2025-01-10,Piura,Moda,Zapatillas,144.76,2,Yape,289.52
V1007609,2025-06-07,Trujillo,Alimentos,Aceite,402.36,2,Yape,804.72
V1007610,2025-03-09,Piura,Hogar,Licuadora,183.61,5,Plin,918.05
V1007611,2025-11-25,Cusco,Belleza,Maquillaje,32.85,4,Efectivo,131.4
V1007612,2025-04-28,Piura,Alimentos,Atún,298.41,3,Yape,895.23
V1007613,2025-06-28,Piura,Moda,Pantalón,241.37,2,Plin,482.74
V1007614,2025-11-02,Trujillo,Moda,Pantalón,246.63,3,Yape,739.89
V1007615,2025-09-22,Cusco,Hogar,Aspiradora,354.59,1,Efectivo,354.59
V1007616,2025-02-22,Piura,Alimentos,Arroz,120.84,1,Efectivo,120.84
V1007617,2025-01-25,Arequipa,Belleza,Shampoo,89.24,1,Tarjeta,89.24
V1007618,2025-10-11,Piura,Alimentos,Atún,102.82,5,Tarjeta,514.1
V1007619,2025-07-16,Lima,Belleza,Shampoo,166.84,4,Yape,667.36
V1007620,2025-05-17,Piura,Belleza,Maquillaje,119.55,2,Yape,239.1
V1007621,2025-08-19,Cusco,Moda,Pantalón,49.75,5,Plin,248.75
V1007622,2025-04-30,Piura,Tecnología,Celular,293.88,3,Tarjeta,881.64
V1007623,2025-02-16,Arequipa,Hogar,Licuadora,482.78,4,Tarjeta,1931.12
V1007624,2025-04-28,Piura,Tecnología,Audífonos,444.73,1,Yape,444.73
V1007625,2025-08-22,Piura,Tecnología,Tablet,263.9,3,Plin,791.7
V1007626,2025-08-21,Arequipa,Belleza,Perfume,26.43,4,Efectivo,105.72
V1007627,2025-06-16,Trujillo,Belleza,Shampoo,454.74,5,Efectivo,2273.7
V1007628,2025-06-11,Arequipa,Tecnología,Audífonos,141.33,5,Plin,706.65
V1007629,2025-11-12,Lima,Moda,Pantalón,166.02,1,Yape,166.02
V1007630,2025-06-04,Piura,Hogar,Aspiradora,483.08,3,Efectivo,1449.24
V1007631,2025-04-29,Trujillo,Tecnología,Laptop,429.0,4,Efectivo,1716.0
V1007632,2025-03-01,Trujillo,Hogar,Aspiradora,277.44,2,Yape,554.88
V1007633,2025-06-22,Cusco,Tecnología,Laptop,228.07,2,Plin,456.14
V1007634,2025-06-11,Cusco,Belleza,Maquillaje,395.11,4,Yape,1580.44
V1007635,2025-08-07,Lima,,Laptop,392.77,2,Yape,785.54
V1007636,2025-01-16,Piura,Tecnología,Audífonos,26.13,3,,78.39
V1007637,2025-08-07,Trujillo,Hogar,Licuadora,360.47,4,Efectivo,1441.88
V1007638,2025-04-29,Trujillo,Moda,Pantalón,149.22,1,Efectivo,149.22
V1007639,2025-02-01,Arequipa,,Licuadora,307.87,1,Tarjeta,307.87
V1007640,2025-12-16,Piura,Tecnología,Audífonos,312.48,1,Efectivo,312.48
V1007641,2025-04-26,Trujillo,Hogar,Olla,283.04,3,Plin,849.12
V1007642,2025-09-15,Trujillo,Alimentos,Arroz,152.49,1,Tarjeta,152.49
V1007643,2025-07-16,Trujillo,Alimentos,Café,186.89,3,Efectivo,560.67
V1007644,2025-11-22,Piura,Belleza,Shampoo,416.95,1,Yape,416.95
V1007645,2025-05-08,Lima,Moda,Casaca,486.75,1,Plin,486.75
V1007646,2025-10-26,Cusco,Belleza,Crema,221.98,5,Tarjeta,1109.9
V1007647,2025-12-26,Piura,Moda,Casaca,79.01,5,Yape,395.05
V1007648,2025-06-21,Trujillo,Alimentos,Aceite,213.35,5,Yape,1066.75
V1007649,2025-11-14,Cusco,Moda,Pantalón,433.19,1,Tarjeta,433.19
V1007650,2025-06-02,Trujillo,Belleza,Shampoo,499.72,3,Tarjeta,1499.16
V1007651,2025-08-19,Arequipa,Tecnología,Celular,31.99,4,Tarjeta,127.96
V1007652,2025-09-12,Cusco,Alimentos,Arroz,40.77,1,Plin,40.77
V1007653,2025-02-07,Trujillo,Hogar,Microondas,465.88,2,Efectivo,931.76
V1007654,2025-02-22,Piura,Tecnología,Audífonos,149.67,4,Yape,598.68
V1007655,2025-05-19,Piura,Moda,Camisa,343.45,4,Tarjeta,1373.8
V1007656,2025-05-16,Cusco,Tecnología,Celular,100.29,5,Yape,501.45
V1007657,2025-03-06,Arequipa,Belleza,Perfume,164.74,4,Yape,658.96
V1007658,2025-10-12,Lima,Alimentos,Atún,311.86,3,Yape,935.58
V1007659,2025-06-30,Cusco,Tecnología,Celular,276.22,3,Efectivo,828.66
V1007660,2025-08-01,Lima,,Café,286.73,5,Yape,1433.65
V1007661,2025-06-06,Arequipa,Alimentos,Atún,236.15,5,Efectivo,1180.75
V1007662,2025-09-19,Piura,Moda,Camisa,168.13,5,Yape,840.65
V1007663,2025-10-27,Cusco,Alimentos,Atún,140.77,4,Efectivo,563.08
V1007664,2025-03-18,Cusco,Tecnología,Laptop,283.53,5,Plin,1417.65
V1007665,2025-05-23,Cusco,Alimentos,Arroz,240.76,4,Tarjeta,963.04
V1007666,2025-10-22,Arequipa,Hogar,Aspiradora,60.84,5,Plin,304.2
V1007667,2025-08-03,Trujillo,Moda,Pantalón,493.11,4,Plin,1972.44
V1007668,2025-10-29,Cusco,Belleza,Crema,20.06,4,Plin,80.24
V1007669,2025-10-16,Piura,Moda,Camisa,342.49,3,Efectivo,1027.47
V1007670,2025-09-07,Cusco,Tecnología,Laptop,433.6,1,,433.6
V1007671,2025-04-10,Cusco,Moda,Zapatillas,391.18,4,Efectivo,1564.72
V1007672,2025-07-05,Trujillo,Belleza,Shampoo,28.16,3,Tarjeta,84.48
V1007673,2025-10-15,Piura,Belleza,Shampoo,304.18,4,Efectivo,1216.72
V1007674,2025-08-19,Arequipa,Belleza,Crema,12.56,3,Efectivo,37.68
V1007675,2025-02-01,Lima,Belleza,Perfume,163.3,5,Tarjeta,816.5
V1007676,2025-01-20,Lima,Tecnología,Laptop,335.94,2,Tarjeta,671.88
V1007677,2025-03-27,Arequipa,Tecnología,Laptop,364.34,3,Tarjeta,1093.02
V1007678,2025-11-14,Arequipa,Belleza,Perfume,352.35,2,Plin,704.7
V1007679,2025-11-11,Piura,Hogar,Microondas,491.74,1,Plin,491.74
V1007680,2025-07-02,Arequipa,Moda,Zapatillas,276.81,4,Efectivo,1107.24
V1007681,2025-01-09,Piura,Alimentos,Atún,245.47,4,Plin,981.88
V1007682,2025-11-19,Trujillo,Tecnología,Tablet,155.66,1,Plin,155.66
V1007683,2025-09-01,Lima,Tecnología,Audífonos,396.05,4,Plin,1584.2
V1007684,2025-05-14,Cusco,Moda,Zapatillas,125.18,3,Tarjeta,375.54
V1007685,2025-08-18,Arequipa,Tecnología,Audífonos,206.88,2,Yape,413.76
V1007686,2025-01-09,Piura,Alimentos,Café,461.85,3,Tarjeta,1385.55
V1007687,2025-03-01,Piura,Tecnología,Laptop,18.47,4,Efectivo,73.88
V1007688,2025-07-05,Lima,Belleza,Perfume,122.25,5,Plin,611.25
V1007689,2025-07-28,Lima,Belleza,Maquillaje,115.71,3,Tarjeta,347.13
V1007690,2025-04-26,Arequipa,Tecnología,Audífonos,454.74,4,Plin,1818.96
V1007691,2025-03-28,Cusco,Belleza,Perfume,180.7,3,Plin,542.1
V1007692,2025-07-15,Arequipa,Belleza,Perfume,110.84,4,Yape,443.36
V1007693,2025-04-07,Arequipa,Hogar,Aspiradora,330.41,3,Tarjeta,991.23
V1007694,2025-07-03,Cusco,Hogar,Microondas,20.96,3,Yape,62.88
V1007695,2025-03-01,Trujillo,Alimentos,Atún,334.75,4,Yape,1339.0
V1007696,2025-02-10,Lima,Tecnología,Laptop,297.74,5,Yape,1488.7
V1007697,2025-07-03,Lima,Tecnología,Laptop,166.51,2,Tarjeta,333.02
V1007698,2025-05-14,Trujillo,Tecnología,Audífonos,252.36,5,Plin,1261.8
V1007699,2025-08-14,Trujillo,Alimentos,Atún,413.34,3,Efectivo,1240.02
V1007700,2025-01-04,Trujillo,Alimentos,Atún,394.28,3,Plin,1182.84
V1007701,2025-01-27,Arequipa,Moda,Camisa,343.77,4,Yape,1375.08
V1007702,2025-05-18,Trujillo,Tecnología,Celular,418.03,3,Plin,1254.09
V1007703,2025-09-13,Arequipa,Belleza,Crema,412.42,5,Yape,2062.1
V1007704,2025-09-17,Cusco,,Casaca,391.12,3,Plin,1173.36
V1007705,2025-07-04,Cusco,,Microondas,290.09,2,Efectivo,580.18
V1007706,2025-08-18,Arequipa,Alimentos,Arroz,186.14,5,Tarjeta,930.7
V1007707,2025-12-15,Lima,Moda,Camisa,95.43,5,,477.15
V1007708,2025-03-10,Lima,Belleza,Perfume,474.43,2,Yape,948.86
V1007709,2025-10-28,Trujillo,Tecnología,Celular,361.46,1,Efectivo,361.46
V1007710,2025-05-27,Trujillo,,Camisa,139.95,5,Yape,699.75
V1007711,2025-03-17,Arequipa,Hogar,Olla,333.07,4,Plin,1332.28
V1007712,2025-11-08,Trujillo,Moda,Casaca,329.37,3,Yape,988.11
V1007713,2025-06-07,Arequipa,Alimentos,Atún,445.36,4,Plin,1781.44
V1007714,2025-02-26,Trujillo,Moda,Zapatillas,480.78,1,Efectivo,480.78
V1007715,2025-10-01,Cusco,Hogar,Aspiradora,129.98,3,Tarjeta,389.94
V1007716,2025-10-21,Cusco,Tecnología,Laptop,212.13,1,Plin,212.13
V1007717,2025-09-18,Piura,Hogar,Microondas,334.2,5,Plin,1671.0
V1007718,2025-11-11,Cusco,Tecnología,Tablet,163.51,3,Efectivo,490.53
V1007719,2025-11-28,Arequipa,Alimentos,Arroz,186.69,2,Yape,373.38
V1007720,2025-06-14,Trujillo,Belleza,Maquillaje,335.94,4,Efectivo,1343.76
V1007721,2025-03-10,Piura,Belleza,Perfume,415.52,1,Tarjeta,415.52
V1007722,2025-05-07,Arequipa,,Crema,184.81,3,Tarjeta,554.43
V1007723,2025-06-10,Trujillo,Tecnología,Audífonos,148.57,5,Plin,742.85
V1007724,2025-04-20,Cusco,Alimentos,Café,329.85,5,Tarjeta,1649.25
V1007725,2025-09-19,Trujillo,Hogar,Aspiradora,164.14,5,Efectivo,820.7
V1007726,2025-07-28,Arequipa,Moda,Zapatillas,71.15,2,Tarjeta,142.3
V1007727,2025-05-09,Lima,Belleza,Crema,360.4,2,Yape,720.8
V1007728,2025-12-15,Lima,Alimentos,Atún,122.57,2,Yape,245.14
V1007729,2025-10-31,Arequipa,Belleza,Perfume,360.51,5,Plin,1802.55
V1007730,2025-09-21,Arequipa,Belleza,Crema,405.2,2,Efectivo,810.4
V1007731,2025-04-21,Piura,Belleza,Crema,215.83,1,Yape,215.83
V1007732,2025-11-03,Lima,,Laptop,96.37,2,Efectivo,192.74
V1007733,2025-09-19,Piura,Hogar,Aspiradora,411.52,5,Efectivo,2057.6
V1007734,2025-10-28,Piura,Alimentos,Atún,124.47,3,Tarjeta,373.41
V1007735,2025-09-19,Lima,Moda,Casaca,317.02,5,Plin,1585.1
V1007736,2025-12-11,Cusco,Alimentos,Aceite,464.5,1,Plin,464.5
V1007737,2025-02-18,Lima,Hogar,Microondas,222.66,5,Tarjeta,1113.3
V1007738,2025-06-23,Lima,Hogar,Olla,153.24,2,Plin,306.48
V1007739,2025-03-20,Arequipa,Alimentos,Aceite,390.17,3,Yape,1170.51
V1007740,2025-10-04,Cusco,Belleza,Maquillaje,250.65,4,Tarjeta,1002.6
V1007741,2025-08-18,Lima,Hogar,Olla,456.82,4,,1827.28
V1007742,2025-01-23,Cusco,Alimentos,Aceite,433.97,1,Tarjeta,433.97
V1007743,2025-12-24,Lima,Hogar,Aspiradora,275.02,3,Tarjeta,825.06
V1007744,2025-05-10,Piura,Alimentos,Aceite,319.79,2,Plin,639.58
V1007745,2025-03-31,Piura,Tecnología,Laptop,356.98,3,Tarjeta,1070.94
V1007746,2025-05-16,Lima,Belleza,Shampoo,178.9,3,Yape,536.7
V1007747,2025-11-11,Lima,Alimentos,Aceite,338.99,4,Tarjeta,1355.96
V1007748,2025-01-20,Piura,Alimentos,Arroz,353.44,3,Tarjeta,1060.32
V1007749,2025-04-08,Lima,Tecnología,Celular,440.34,5,Plin,2201.7
V1007750,2025-06-09,Trujillo,Hogar,Aspiradora,35.42,1,Plin,35.42
V1007751,2025-12-20,Cusco,Hogar,Licuadora,150.52,1,Efectivo,150.52
V1007752,2025-12-17,Arequipa,Belleza,Shampoo,476.47,3,Yape,1429.41
V1007753,2025-01-26,Lima,Alimentos,Café,393.01,4,Tarjeta,1572.04
V1007754,2025-12-17,Arequipa,Alimentos,Café,59.29,3,Plin,177.87
V1007755,2025-08-04,Trujillo,Moda,Camisa,188.43,3,Tarjeta,565.29
V1007756,2025-09-26,Cusco,Belleza,Crema,378.07,1,Yape,378.07
V1007757,2025-01-14,Lima,Moda,Pantalón,274.14,1,Efectivo,274.14
V1007758,2025-01-24,Lima,Tecnología,Tablet,484.9,5,Efectivo,2424.5
V1007759,2025-01-02,Arequipa,Tecnología,Tablet,331.75,2,Yape,663.5
V1007760,2025-01-22,Arequipa,Alimentos,Aceite,460.36,5,Tarjeta,2301.8
V1007761,2025-10-06,Arequipa,Hogar,Microondas,238.57,5,Efectivo,1192.85
V1007762,2025-05-07,Piura,Hogar,Microondas,420.82,1,Tarjeta,420.82
V1007763,2025-07-26,Piura,Hogar,Licuadora,222.86,1,Tarjeta,222.86
V1007764,2025-05-02,Lima,Hogar,Olla,135.74,2,Efectivo,271.48
V1007765,2025-08-08,Piura,Hogar,Licuadora,317.23,4,Efectivo,1268.92
V1007766,2025-01-11,Trujillo,Alimentos,Arroz,208.8,1,,208.8
V1007767,2025-10-19,Cusco,Moda,Zapatillas,347.61,4,Plin,1390.44
V1007768,2025-08-16,Trujillo,Moda,Camisa,167.59,2,Tarjeta,335.18
V1007769,2025-02-12,Cusco,Tecnología,Laptop,457.31,2,Efectivo,914.62
V1007770,2025-01-14,Lima,Moda,Zapatillas,438.97,3,Tarjeta,1316.91
V1007771,2025-11-25,Arequipa,Tecnología,Audífonos,199.02,4,Efectivo,796.08
V1007772,2025-12-23,Cusco,Tecnología,Audífonos,497.39,3,Yape,1492.17
V1007773,2025-11-14,Lima,Moda,Casaca,495.72,4,Efectivo,1982.88
V1007774,2025-04-08,Cusco,Hogar,Olla,256.41,3,Efectivo,769.23
V1007775,2025-02-07,Trujillo,,Aspiradora,63.25,3,Tarjeta,189.75
V1007776,2025-12-31,Trujillo,Alimentos,Atún,196.35,1,Efectivo,196.35
V1007777,2025-06-24,Cusco,Hogar,Licuadora,429.74,3,,1289.22
V1007778,2025-09-12,Trujillo,Alimentos,Café,398.92,5,Efectivo,1994.6
V1007779,2025-06-29,Arequipa,Belleza,Crema,259.87,5,Plin,1299.35
V1007780,2025-03-25,Cusco,Belleza,Shampoo,207.17,3,Yape,621.51
V1007781,2025-08-23,Arequipa,,Tablet,61.91,4,Tarjeta,247.64
V1007782,2025-05-09,Arequipa,Alimentos,Aceite,117.06,2,Efectivo,234.12
V1007783,2025-11-05,Lima,,Perfume,386.27,2,,772.54
V1007784,2025-12-08,Cusco,Tecnología,Tablet,66.49,3,Efectivo,199.47
V1007785,2025-10-17,Lima,Hogar,Aspiradora,288.27,3,Tarjeta,864.81
V1007786,2025-11-24,Lima,Tecnología,Audífonos,197.53,3,Plin,592.59
V1007787,2025-10-05,Arequipa,Hogar,Licuadora,229.47,3,Yape,688.41
V1007788,2025-10-20,Trujillo,,Café,39.12,3,Tarjeta,117.36
V1007789,2025-02-21,Lima,Tecnología,Laptop,65.85,5,Tarjeta,329.25
V1007790,2025-08-06,Piura,Alimentos,Atún,354.55,5,Yape,1772.75
V1007791,2025-08-02,Arequipa,Tecnología,Laptop,156.11,3,Plin,468.33
V1007792,2025-10-28,Cusco,Hogar,Aspiradora,230.58,2,Tarjeta,461.16
V1007793,2025-05-06,Lima,Hogar,Licuadora,146.19,3,Yape,438.57
V1007794,2025-07-14,Trujillo,Hogar,Aspiradora,84.07,5,Efectivo,420.35
V1007795,2025-08-15,Cusco,,Pantalón,436.38,3,,1309.14
V1007796,2025-03-12,Piura,Moda,Zapatillas,466.94,3,Tarjeta,1400.82
V1007797,2025-02-20,Cusco,Tecnología,Tablet,113.65,5,Efectivo,568.25
V1007798,2025-04-06,Arequipa,Belleza,Crema,110.16,3,Tarjeta,330.48
V1007799,2025-10-07,Cusco,Alimentos,Aceite,344.48,1,Efectivo,344.48
V1007800,2025-03-12,Cusco,,Crema,426.24,2,Tarjeta,852.48
V1007801,2025-08-15,Piura,Moda,Camisa,428.89,5,Efectivo,2144.45
V1007802,2025-12-31,Trujillo,Hogar,Olla,412.27,3,Tarjeta,1236.81
V1007803,2025-05-04,Arequipa,Moda,Camisa,148.38,1,Tarjeta,148.38
V1007804,2025-04-08,Arequipa,Hogar,Aspiradora,475.52,2,Efectivo,951.04
V1007805,2025-06-10,Trujillo,Hogar,Olla,193.18,4,Yape,772.72
V1007806,2025-08-11,Lima,Alimentos,Arroz,248.84,5,Tarjeta,1244.2
V1007807,2025-01-03,Piura,Alimentos,Atún,176.42,2,Plin,352.84
V1007808,2025-09-24,Arequipa,Belleza,Perfume,454.58,3,Yape,1363.74
V1007809,2025-06-15,Trujillo,,Crema,219.66,1,Efectivo,219.66
V1007810,2025-05-20,Trujillo,Belleza,Shampoo,64.66,4,Efectivo,258.64
V1007811,2025-08-30,Arequipa,Hogar,Licuadora,262.54,5,Yape,1312.7
V1007812,2025-04-13,Cusco,Moda,Casaca,230.85,5,Efectivo,1154.25
V1007813,2025-09-27,Trujillo,Moda,Camisa,33.45,4,Yape,133.8
V1007814,2025-02-16,Lima,Hogar,Licuadora,233.51,1,Efectivo,233.51
V1007815,2025-01-03,Lima,Belleza,Maquillaje,41.31,1,Plin,41.31
V1007816,2025-05-22,Arequipa,Belleza,Shampoo,122.54,4,Yape,490.16
V1007817,2025-12-14,Arequipa,Moda,Zapatillas,224.71,3,Efectivo,674.13
V1007818,2025-05-20,Piura,Alimentos,Atún,460.52,2,Plin,921.04
V1007819,2025-01-01,Lima,Moda,Camisa,451.67,4,Efectivo,1806.68
V1007820,2025-01-23,Piura,Hogar,Olla,364.88,4,Plin,1459.52
V1007821,2025-08-15,Trujillo,Moda,Casaca,451.53,2,Tarjeta,903.06
V1007822,2025-01-02,Piura,Tecnología,Celular,320.87,5,Yape,1604.35
V1007823,2025-10-10,Cusco,Tecnología,Celular,213.37,5,Tarjeta,1066.85
V1007824,2025-03-08,Cusco,Moda,Casaca,157.58,3,Efectivo,472.74
V1007825,2025-09-02,Piura,Moda,Zapatillas,355.64,3,Efectivo,1066.92
V1007826,2025-12-14,Cusco,Alimentos,Atún,248.98,4,Plin,995.92
V1007827,2025-12-14,Piura,Tecnología,Celular,383.52,3,Yape,1150.56
V1007828,2025-03-21,Arequipa,Alimentos,Aceite,23.42,1,Efectivo,23.42
V1007829,2025-11-24,Arequipa,Tecnología,Audífonos,225.97,2,Tarjeta,451.94
V1007830,2025-10-02,Cusco,Alimentos,Aceite,479.5,1,Tarjeta,479.5
V1007831,2025-10-11,Cusco,Alimentos,Aceite,56.42,1,Efectivo,56.42
V1007832,2025-08-09,Lima,Hogar,Aspiradora,164.99,5,,824.95
V1007833,2025-07-14,Arequipa,Tecnología,Tablet,454.94,4,Plin,1819.76
V1007834,2025-05-28,Trujillo,Belleza,Perfume,115.4,1,Plin,115.4
V1007835,2025-10-22,Cusco,Belleza,Maquillaje,459.99,1,Tarjeta,459.99
V1007836,2025-02-02,Arequipa,Hogar,Microondas,357.4,3,Yape,1072.2
V1007837,2025-06-14,Trujillo,Alimentos,Aceite,64.93,2,Yape,129.86
V1007838,2025-11-16,Cusco,Tecnología,Tablet,439.1,4,Efectivo,1756.4
V1007839,2025-03-21,Lima,Alimentos,Arroz,107.54,4,Plin,430.16
V1007840,2025-07-05,Lima,Belleza,Perfume,155.07,3,Efectivo,465.21
V1007841,2025-02-10,Cusco,Hogar,Aspiradora,331.64,4,,1326.56
V1007842,2025-07-03,Piura,Belleza,Crema,352.08,4,Tarjeta,1408.32
V1007843,2025-05-30,Trujillo,Hogar,Microondas,135.35,1,Efectivo,135.35
V1007844,2025-09-03,Cusco,Belleza,Shampoo,101.55,1,Efectivo,101.55
V1007845,2025-10-17,Piura,Alimentos,Atún,214.12,5,Tarjeta,1070.6
V1007846,2025-02-17,Trujillo,Hogar,Microondas,383.39,3,Efectivo,1150.17
V1007847,2025-12-24,Cusco,Tecnología,Laptop,231.35,3,Yape,694.05
V1007848,2025-11-11,Trujillo,Tecnología,Audífonos,193.56,3,Yape,580.68
V1007849,2025-11-08,Arequipa,,Tablet,33.4,4,Plin,133.6
V1007850,2025-12-19,Lima,Belleza,Shampoo,126.69,5,Plin,633.45
V1007851,2025-02-25,Trujillo,Belleza,Shampoo,253.9,2,Efectivo,507.8
V1007852,2025-03-21,Arequipa,Tecnología,Celular,420.54,3,Efectivo,1261.62
V1007853,2025-07-29,Cusco,Tecnología,Laptop,193.26,3,Yape,579.78
V1007854,2025-02-20,Cusco,Belleza,Perfume,230.87,2,Tarjeta,461.74
V1007855,2025-03-20,Piura,Hogar,Olla,46.6,3,Plin,139.8
V1007856,2025-12-26,Piura,Belleza,Crema,170.8,3,Efectivo,512.4
V1007857,2025-03-15,Piura,Alimentos,Arroz,350.69,2,Efectivo,701.38
V1007858,2025-07-02,Lima,Belleza,Perfume,101.78,4,Plin,407.12
V1007859,2025-01-05,Arequipa,Moda,Pantalón,390.34,5,Plin,1951.7
V1007860,2025-02-05,Piura,Hogar,Olla,424.27,1,Tarjeta,424.27
V1007861,2025-12-18,Arequipa,Hogar,Olla,346.58,2,Plin,693.16
V1007862,2025-09-30,Piura,,Licuadora,404.85,4,Tarjeta,1619.4
V1007863,2025-08-30,Arequipa,Hogar,Aspiradora,44.39,3,Tarjeta,133.17
V1007864,2025-11-10,Cusco,Moda,Zapatillas,271.31,1,Tarjeta,271.31
V1007865,2025-10-08,Piura,Moda,Zapatillas,224.75,2,Yape,449.5
V1007866,2025-03-09,Lima,Tecnología,Celular,136.09,5,Yape,680.45
V1007867,2025-11-07,Cusco,Tecnología,Tablet,146.92,1,Tarjeta,146.92
V1007868,2025-11-22,Trujillo,Moda,Zapatillas,261.72,4,Tarjeta,1046.88
V1007869,2025-04-02,Cusco,,Tablet,54.02,5,Efectivo,270.1
V1007870,2025-10-12,Lima,Belleza,Maquillaje,225.41,2,Plin,450.82
V1007871,2025-04-28,Lima,,Pantalón,21.6,3,Plin,64.8
V1007872,2025-07-04,Piura,Belleza,Crema,281.88,5,Yape,1409.4
V1007873,2025-08-04,Lima,Alimentos,Café,253.32,1,Plin,253.32
V1007874,2025-01-30,Lima,Tecnología,Laptop,36.19,2,Plin,72.38
V1007875,2025-07-06,Lima,Hogar,Microondas,388.34,2,Efectivo,776.68
V1007876,2025-07-13,Arequipa,Alimentos,Aceite,50.93,4,Plin,203.72
V1007877,2025-02-11,Cusco,Moda,Casaca,183.4,2,Tarjeta,366.8
V1007878,2025-02-26,Cusco,Belleza,Crema,161.23,3,Plin,483.69
V1007879,2025-03-25,Cusco,,Aspiradora,392.58,5,Tarjeta,1962.9
V1007880,2025-08-31,Cusco,Tecnología,Audífonos,384.25,4,Tarjeta,1537.0
V1007881,2025-06-13,Arequipa,Alimentos,Café,19.09,3,Yape,57.27
V1007882,2025-04-17,Lima,Tecnología,Tablet,302.52,1,Plin,302.52
V1007883,2025-12-03,Arequipa,Alimentos,Café,443.82,3,Yape,1331.46
V1007884,2025-04-27,Piura,Moda,Zapatillas,302.72,5,Tarjeta,1513.6
V1007885,2025-08-05,Arequipa,Alimentos,Atún,444.73,2,Yape,889.46
V1007886,2025-05-24,Arequipa,Belleza,Perfume,160.8,2,Tarjeta,321.6
V1007887,2025-08-07,Trujillo,Moda,Zapatillas,485.33,3,Yape,1455.99
V1007888,2025-06-09,Lima,Alimentos,Arroz,129.36,2,Efectivo,258.72
V1007889,2025-07-17,Cusco,Alimentos,Café,371.59,1,Yape,371.59
V1007890,2025-08-20,Arequipa,Belleza,Perfume,198.92,2,Tarjeta,397.84
V1007891,2025-04-15,Arequipa,Moda,Pantalón,91.4,1,Yape,91.4
V1007892,2025-06-21,Cusco,Alimentos,Arroz,250.66,3,Plin,751.98
V1007893,2025-04-22,Lima,Hogar,Microondas,369.44,5,Efectivo,1847.2
V1007894,2025-01-25,Lima,Moda,Casaca,380.93,2,Efectivo,761.86
V1007895,2025-07-21,Piura,Moda,Pantalón,362.97,2,Tarjeta,725.94
V1007896,2025-10-25,Cusco,Moda,Casaca,22.14,1,Yape,22.14
V1007897,2025-04-21,Cusco,Alimentos,Atún,157.95,5,Yape,789.75
V1007898,2025-02-24,Cusco,Belleza,Perfume,434.07,1,Plin,434.07
V1007899,2025-11-02,Arequipa,Tecnología,Laptop,445.4,1,Efectivo,445.4
V1007900,2025-06-28,Trujillo,Alimentos,Café,271.7,1,Plin,271.7
V1007901,2025-07-16,Arequipa,Tecnología,Tablet,186.08,3,Efectivo,558.24
V1007902,2025-07-07,Arequipa,Hogar,Microondas,480.21,1,Yape,480.21
V1007903,2025-12-27,Lima,Hogar,Olla,351.06,4,,1404.24
V1007904,2025-04-22,Lima,,Casaca,35.17,2,Tarjeta,70.34
V1007905,2025-10-29,Trujillo,Alimentos,Café,379.23,1,Yape,379.23
V1007906,2025-12-06,Cusco,Tecnología,Audífonos,181.55,3,Tarjeta,544.65
V1007907,2025-06-14,Lima,Tecnología,Celular,236.5,1,Plin,236.5
V1007908,2025-07-04,Trujillo,Alimentos,Aceite,215.16,1,Plin,215.16
V1007909,2025-05-28,Cusco,Alimentos,Atún,306.6,5,Yape,1533.0
V1007910,2025-01-19,Lima,Tecnología,Laptop,496.39,4,Yape,1985.56
V1007911,2025-01-20,Lima,Hogar,Microondas,197.19,5,,985.95
V1007912,2025-09-08,Lima,Hogar,Olla,31.73,2,Plin,63.46
V1007913,2025-09-07,Cusco,,Tablet,274.24,3,Efectivo,822.72
V1007914,2025-09-26,Piura,,Pantalón,257.42,2,Yape,514.84
V1007915,2025-08-18,Lima,Tecnología,Audífonos,488.72,3,Efectivo,1466.16
V1007916,2025-11-23,Trujillo,Belleza,Perfume,210.97,3,Efectivo,632.91
V1007917,2025-04-07,Lima,Hogar,Olla,435.45,3,Efectivo,1306.35
V1007918,2025-06-21,Lima,Moda,Casaca,428.02,4,Yape,1712.08
V1007919,2025-10-06,Cusco,Tecnología,Celular,301.5,1,Plin,301.5
V1007920,2025-11-05,Piura,Moda,Zapatillas,14.84,3,Yape,44.52
V1007921,2025-04-28,Cusco,Hogar,Licuadora,326.87,5,Tarjeta,1634.35
V1007922,2025-12-13,Piura,Hogar,Licuadora,269.73,5,Efectivo,1348.65
V1007923,2025-05-20,Cusco,Hogar,Microondas,33.15,2,Yape,66.3
V1007924,2025-09-08,Cusco,Alimentos,Aceite,37.12,2,Efectivo,74.24
V1007925,2025-05-08,Cusco,Moda,Casaca,37.4,5,Tarjeta,187.0
V1007926,2025-08-16,Lima,Tecnología,Celular,470.9,5,Plin,2354.5
V1007927,2025-02-20,Lima,Belleza,Perfume,16.35,4,Efectivo,65.4
V1007928,2025-08-12,Lima,Tecnología,Celular,233.91,1,Tarjeta,233.91
V1007929,2025-10-20,Cusco,Moda,Camisa,341.52,2,Efectivo,683.04
V1007930,2025-05-21,Cusco,Moda,Zapatillas,456.76,2,Yape,913.52
V1007931,2025-12-30,Arequipa,Hogar,Olla,366.75,2,Yape,733.5
V1007932,2025-02-08,Lima,Alimentos,Aceite,416.81,3,Efectivo,1250.43
V1007933,2025-08-25,Piura,Belleza,Maquillaje,186.54,1,Tarjeta,186.54
V1007934,2025-06-03,Cusco,Moda,Zapatillas,356.93,1,Plin,356.93
V1007935,2025-01-04,Piura,Belleza,Maquillaje,67.45,3,Efectivo,202.35
V1007936,2025-09-26,Trujillo,Hogar,Licuadora,336.98,4,Yape,1347.92
V1007937,2025-02-14,Cusco,Alimentos,Atún,309.38,3,Efectivo,928.14
V1007938,2025-08-25,Trujillo,Moda,Zapatillas,284.54,1,Efectivo,284.54
V1007939,2025-08-31,Arequipa,Belleza,Perfume,461.69,2,Tarjeta,923.38
V1007940,2025-01-03,Trujillo,Tecnología,Audífonos,91.16,5,Efectivo,455.8
V1007941,2025-02-24,Lima,Hogar,Olla,151.75,1,Plin,151.75
V1007942,2025-04-24,Cusco,Moda,Camisa,72.72,3,Yape,218.16
V1007943,2025-10-23,Trujillo,Belleza,Shampoo,177.39,2,Efectivo,354.78
V1007944,2025-11-18,Arequipa,Belleza,Maquillaje,449.45,1,Efectivo,449.45
V1007945,2025-05-09,Arequipa,Moda,Casaca,381.71,1,Yape,381.71
V1007946,2025-03-23,Trujillo,Hogar,Aspiradora,60.03,4,Yape,240.12
V1007947,2025-06-19,Piura,Hogar,Aspiradora,284.35,4,Plin,1137.4
V1007948,2025-02-10,Lima,Hogar,Licuadora,199.1,3,Plin,597.3
V1007949,2025-10-30,Arequipa,Belleza,Perfume,320.12,5,Efectivo,1600.6
V1007950,2025-09-11,Cusco,Belleza,Maquillaje,336.28,9999,Plin,1681.4
V1007951,2025-06-22,Trujillo,Tecnología,Tablet,298.51,3,Plin,895.53
V1007952,2025-03-14,Lima,Tecnología,Celular,309.2,4,Plin,1236.8
V1007953,2025-04-02,Arequipa,Tecnología,Celular,380.14,1,Yape,380.14
V1007954,2025-06-24,Piura,Moda,Pantalón,114.39,3,Plin,343.17
V1007955,2025-01-20,Cusco,Belleza,Crema,385.11,4,Tarjeta,1540.44
V1007956,2025-09-07,Arequipa,Tecnología,Celular,409.76,3,Plin,1229.28
V1007957,2025-06-30,Lima,Hogar,Licuadora,426.27,4,Yape,1705.08
V1007958,2025-03-16,Piura,Hogar,Olla,187.65,1,Plin,187.65
V1007959,2025-02-23,Cusco,,Atún,152.73,2,Yape,305.46
V1007960,2025-07-15,Arequipa,Moda,Camisa,33.85,5,Yape,169.25
V1007961,2025-03-23,Cusco,Belleza,Shampoo,408.48,1,,408.48
V1007962,2025-12-23,Cusco,Tecnología,Tablet,83.32,4,Tarjeta,333.28
V1007963,2025-03-08,Cusco,Tecnología,Audífonos,368.0,1,Yape,368.0
V1007964,2025-01-16,Cusco,Tecnología,Celular,201.86,5,Efectivo,1009.3
V1007965,2025-10-26,Trujillo,,Crema,256.18,4,Tarjeta,1024.72
V1007966,2025-03-11,Trujillo,Alimentos,Arroz,386.45,4,Tarjeta,1545.8
V1007967,2025-07-03,Arequipa,,Licuadora,134.13,4,Yape,536.52
V1007968,2025-10-31,Arequipa,Belleza,Crema,240.63,4,Efectivo,962.52
V1007969,2025-07-09,Cusco,Moda,Zapatillas,175.77,2,Efectivo,351.54
V1007970,2025-11-02,Cusco,Moda,Zapatillas,235.68,5,Plin,1178.4
V1007971,2025-04-28,Piura,Hogar,Licuadora,91.52,3,Tarjeta,274.56
V1007972,2025-01-29,Lima,Tecnología,Laptop,301.89,2,Yape,603.78
V1007973,2025-11-28,Arequipa,Tecnología,Audífonos,94.98,4,Efectivo,379.92
V1007974,2025-06-22,Arequipa,Moda,Pantalón,233.22,3,Plin,699.66
V1007975,2025-10-20,Lima,Alimentos,Arroz,148.97,1,Tarjeta,148.97
V1007976,2025-10-23,Cusco,Belleza,Maquillaje,317.49,3,Efectivo,952.47
V1007977,2025-10-12,Piura,Moda,Zapatillas,431.93,3,Yape,1295.79
V1007978,2025-05-31,Cusco,Moda,Camisa,445.51,3,Plin,1336.53
V1007979,2025-06-19,Lima,Hogar,Licuadora,326.05,3,Plin,978.15
V1007980,2025-04-13,Trujillo,Belleza,Crema,157.29,3,Tarjeta,471.87
V1007981,2025-06-20,Lima,Hogar,Aspiradora,326.9,3,Yape,980.7
V1007982,2025-08-01,Arequipa,Moda,Camisa,494.46,2,Yape,988.92
V1007983,2025-04-30,Arequipa,Alimentos,Arroz,146.14,2,Efectivo,292.28
V1007984,2025-12-22,Piura,Hogar,Aspiradora,457.74,2,Tarjeta,915.48
V1007985,2025-10-04,Arequipa,Alimentos,Café,106.16,2,Plin,212.32
V1007986,2025-09-10,Lima,Tecnología,Celular,417.17,2,Tarjeta,834.34
V1007987,2025-08-12,Trujillo,Belleza,Crema,100.03,2,Plin,200.06
V1007988,2025-09-13,Lima,Hogar,Aspiradora,346.77,5,Yape,1733.85
V1007989,2025-03-27,Cusco,Hogar,Olla,93.06,4,Yape,372.24
V1007990,2025-09-05,Cusco,Alimentos,Aceite,180.41,3,Tarjeta,541.23
V1007991,2025-08-26,Trujillo,Alimentos,Café,94.57,5,Efectivo,472.85
V1007992,2025-09-20,Arequipa,Moda,Casaca,62.39,1,,62.39
V1007993,2025-06-21,Cusco,Hogar,Aspiradora,307.52,1,Yape,307.52
V1007994,2025-04-30,Piura,Hogar,Microondas,49.71,1,Yape,49.71
V1007995,2025-09-08,Cusco,Alimentos,Aceite,274.67,1,Efectivo,274.67
V1007996,2025-06-10,Trujillo,Belleza,Crema,373.04,3,Yape,1119.12
V1007997,2025-07-05,Piura,Tecnología,Audífonos,190.75,2,Tarjeta,381.5
V1007998,2025-11-03,Lima,Moda,Camisa,242.9,5,Tarjeta,1214.5
V1007999,2025-12-07,Lima,Belleza,Perfume,195.9,4,Yape,783.6
V1008000,2025-07-18,Piura,Tecnología,Celular,173.52,3,Yape,520.56
V1008001,2025-09-21,Piura,Hogar,Olla,485.56,5,Tarjeta,2427.8
V1008002,2025-07-18,Lima,Tecnología,Tablet,306.95,4,Yape,1227.8
V1008003,2025-08-03,Arequipa,Hogar,Aspiradora,60.31,1,Tarjeta,60.31
V1008004,2025-04-26,Cusco,Belleza,Shampoo,354.67,4,Efectivo,1418.68
V1008005,2025-10-11,Lima,Belleza,Crema,278.3,1,Plin,278.3
V1008006,2025-02-28,Cusco,Belleza,Perfume,229.87,2,Yape,459.74
V1008007,2025-01-07,Arequipa,Alimentos,Café,275.09,3,Efectivo,825.27
V1008008,2025-11-01,Lima,Hogar,Licuadora,495.45,4,Efectivo,1981.8
V1008009,2025-04-12,Lima,,Aceite,193.65,1,Yape,193.65
V1008010,2025-03-21,Cusco,Hogar,Licuadora,383.16,1,Plin,383.16
V1008011,2025-12-08,Piura,Hogar,Microondas,276.48,4,Yape,1105.92
V1008012,2025-10-26,Cusco,Moda,Camisa,30.83,5,Yape,154.15
V1008013,2025-11-08,Arequipa,Belleza,Crema,62.04,5,Yape,310.2
V1008014,2025-03-26,Cusco,Tecnología,Audífonos,340.39,3,Plin,1021.17
V1008015,2025-07-02,Arequipa,Moda,Zapatillas,16.6,5,Efectivo,83.0
V1008016,2025-10-04,Piura,Hogar,Aspiradora,180.96,3,Efectivo,542.88
V1008017,2025-03-29,Trujillo,Belleza,Crema,497.55,1,Tarjeta,497.55
V1008018,2025-04-16,Cusco,Hogar,Microondas,350.88,2,Efectivo,701.76
V1008019,2025-05-03,Trujillo,Tecnología,Tablet,47.64,4,Plin,190.56
V1008020,2025-09-28,Lima,Moda,Pantalón,314.57,4,Efectivo,1258.28
V1008021,2025-01-03,Trujillo,Alimentos,Café,118.56,3,Tarjeta,355.68
V1008022,2025-03-15,Trujillo,Alimentos,Café,462.05,5,Efectivo,2310.25
V1008023,2025-11-17,Trujillo,Belleza,Maquillaje,435.67,3,Tarjeta,1307.01
V1008024,2025-05-01,Trujillo,Tecnología,Tablet,195.7,4,Plin,782.8
V1008025,2025-05-31,Cusco,Alimentos,Café,137.53,4,Plin,550.12
V1008026,2025-09-22,Arequipa,Belleza,Shampoo,291.39,2,Tarjeta,582.78
V1008027,2025-05-31,Piura,Moda,Zapatillas,227.47,2,Plin,454.94
V1008028,2025-01-13,Cusco,Alimentos,Arroz,345.5,3,Plin,1036.5
V1008029,2025-03-06,Piura,Tecnología,Audífonos,55.32,2,Plin,110.64
V1008030,2025-08-17,Trujillo,Alimentos,Café,197.37,3,Yape,592.11
V1008031,2025-09-13,Trujillo,Hogar,Microondas,160.35,3,Plin,481.05
V1008032,2025-04-12,Trujillo,Alimentos,Arroz,43.49,5,Yape,217.45
V1008033,2025-04-02,Trujillo,Belleza,Shampoo,103.52,5,Tarjeta,517.6
V1008034,2025-05-28,Trujillo,Belleza,Shampoo,123.31,2,Plin,246.62
V1008035,2025-03-03,Piura,Tecnología,Laptop,57.57,3,Efectivo,172.71
V1008036,2025-09-11,Trujillo,Tecnología,Celular,259.89,2,Efectivo,519.78
V1008037,2025-11-26,Arequipa,Belleza,Shampoo,498.68,4,Tarjeta,1994.72
V1008038,2025-09-15,Lima,Alimentos,Café,86.61,3,Plin,259.83
V1008039,2025-07-15,Arequipa,Tecnología,Tablet,31.02,3,Plin,93.06
V1008040,2025-07-17,Lima,Moda,Camisa,374.91,5,Plin,1874.55
V1008041,2025-06-10,Trujillo,Moda,Casaca,178.29,9999,Tarjeta,713.16
V1008042,2025-10-05,Cusco,,Café,216.64,5,Efectivo,1083.2
V1008043,2025-02-01,Lima,Belleza,Shampoo,446.08,3,Plin,1338.24
V1008044,2025-09-02,Arequipa,Hogar,Licuadora,175.29,4,Yape,701.16
V1008045,2025-04-24,Lima,Moda,Casaca,200.72,1,Efectivo,200.72
V1008046,2025-07-29,Lima,Hogar,Aspiradora,74.76,1,Yape,74.76
V1008047,2025-10-03,Piura,,Licuadora,79.98,1,Yape,79.98
V1008048,2025-10-12,Piura,Belleza,Maquillaje,27.72,1,Tarjeta,27.72
V1008049,2025-10-22,Lima,Alimentos,Café,297.94,4,Plin,1191.76
V1008050,2025-03-06,Arequipa,Belleza,Crema,224.04,2,Tarjeta,448.08
V1008051,2025-12-09,Arequipa,Hogar,Aspiradora,388.3,5,Plin,1941.5
V1008052,2025-03-26,Trujillo,Tecnología,Audífonos,393.95,4,Tarjeta,1575.8
V1008053,2025-06-28,Arequipa,Tecnología,Celular,266.87,3,Plin,800.61
V1008054,2025-12-14,Arequipa,Moda,Pantalón,243.59,2,Efectivo,487.18
V1008055,2025-05-17,Piura,Belleza,Perfume,390.76,1,Efectivo,390.76
V1008056,2025-05-26,Trujillo,Hogar,Licuadora,106.85,3,Yape,320.55
V1008057,2025-09-17,Cusco,Alimentos,Café,425.13,2,Tarjeta,850.26
V1008058,2025-10-04,Arequipa,Alimentos,Aceite,477.09,2,Plin,954.18
V1008059,2025-01-01,Cusco,Belleza,Maquillaje,306.73,2,Tarjeta,613.46
V1008060,2025-04-27,Arequipa,Belleza,Perfume,465.26,2,Tarjeta,930.52
V1008061,2025-12-18,Piura,Alimentos,Aceite,238.85,5,Efectivo,1194.25
V1008062,2025-09-25,Trujillo,Belleza,Shampoo,45.33,2,Plin,90.66
V1008063,2025-01-08,Cusco,Hogar,Aspiradora,489.81,5,Tarjeta,2449.05
V1008064,2025-11-10,Arequipa,Belleza,Perfume,137.16,9999,Tarjeta,685.8
V1008065,2025-10-12,Arequipa,,Audífonos,319.78,1,Plin,319.78
V1008066,2025-09-23,Arequipa,Alimentos,Atún,259.85,2,Efectivo,519.7
V1008067,2025-05-09,Lima,Hogar,Aspiradora,207.68,3,Tarjeta,623.04
V1008068,2025-07-06,Lima,Hogar,Aspiradora,323.19,2,Plin,646.38
V1008069,2025-08-01,Trujillo,Alimentos,Aceite,167.59,1,Plin,167.59
V1008070,2025-03-10,Lima,Moda,Camisa,371.26,5,Tarjeta,1856.3
V1008071,2025-05-01,Piura,Alimentos,Arroz,379.92,3,Plin,1139.76
V1008072,2025-01-09,Piura,Belleza,Perfume,381.32,5,Plin,1906.6
V1008073,2025-07-18,Piura,Hogar,Licuadora,497.94,1,Yape,497.94
V1008074,2025-03-25,Piura,Alimentos,Café,173.2,5,Plin,866.0
V1008075,2025-03-28,Lima,Moda,Camisa,130.55,2,Tarjeta,261.1
V1008076,2025-02-18,Lima,Alimentos,Aceite,91.23,2,Plin,182.46
V1008077,2025-08-30,Lima,Hogar,Olla,59.46,3,Plin,178.38
V1008078,2025-09-03,Trujillo,Alimentos,Aceite,400.21,1,Efectivo,400.21
V1008079,2025-12-02,Piura,Belleza,Maquillaje,188.82,2,Plin,377.64
V1008080,2025-05-05,Piura,Moda,Casaca,319.08,2,Efectivo,638.16
V1008081,2025-10-13,Lima,Moda,Zapatillas,189.6,3,Efectivo,568.8
V1008082,2025-09-23,Trujillo,Moda,Pantalón,52.57,3,Plin,157.71
V1008083,2025-12-25,Lima,Belleza,Maquillaje,432.56,3,Efectivo,1297.68
V1008084,2025-11-03,Lima,Moda,Zapatillas,437.64,5,Yape,2188.2
V1008085,2025-06-06,Trujillo,Moda,Zapatillas,302.76,5,Plin,1513.8
V1008086,2025-04-28,Piura,Hogar,Microondas,284.04,3,Yape,852.12
V1008087,2025-11-07,Piura,Alimentos,Arroz,69.45,1,Yape,69.45
V1008088,2025-01-15,Lima,Belleza,Shampoo,68.89,4,Tarjeta,275.56
V1008089,2025-05-19,Lima,Moda,Pantalón,448.49,5,Yape,2242.45
V1008090,2025-05-07,Lima,Belleza,Crema,192.8,2,Tarjeta,385.6
V1008091,2025-03-20,Piura,Hogar,Microondas,229.81,1,Plin,229.81
V1008092,2025-10-19,Cusco,Tecnología,Celular,227.84,1,Tarjeta,227.84
V1008093,2025-05-23,Trujillo,Hogar,Microondas,186.44,1,Tarjeta,186.44
V1008094,2025-01-13,Trujillo,Moda,Pantalón,39.82,5,Plin,199.1
V1008095,2025-03-08,Arequipa,Belleza,Perfume,136.77,2,Tarjeta,273.54
V1008096,2025-02-03,Piura,Hogar,Aspiradora,235.95,3,Tarjeta,707.85
V1008097,2025-08-01,Lima,Alimentos,Café,21.21,2,Yape,42.42
V1008098,2025-09-28,Arequipa,Hogar,Aspiradora,264.36,4,Efectivo,1057.44
V1008099,2025-09-22,Arequipa,Belleza,Crema,330.12,3,,990.36
V1008100,2025-10-16,Trujillo,Belleza,Maquillaje,222.68,5,Plin,1113.4
V1008101,2025-02-08,Lima,Hogar,Microondas,455.15,2,Tarjeta,910.3
V1008102,2025-11-04,Cusco,Moda,Camisa,357.32,3,Plin,1071.96
V1008103,2025-01-22,Arequipa,,Camisa,30.09,2,Yape,60.18
V1008104,2025-12-01,Arequipa,Belleza,Crema,260.84,1,Efectivo,260.84
V1008105,2025-01-26,Lima,Hogar,Olla,479.81,2,Tarjeta,959.62
V1008106,2025-05-22,Trujillo,Belleza,Maquillaje,446.24,1,Efectivo,446.24
V1008107,2025-01-27,Trujillo,Belleza,Shampoo,259.1,1,Tarjeta,259.1
V1008108,2025-11-09,Piura,Tecnología,Tablet,318.19,3,Plin,954.57
V1008109,2025-08-21,Trujillo,Belleza,Crema,436.23,5,Efectivo,2181.15
V1008110,2025-01-04,Piura,Moda,Camisa,488.7,5,Efectivo,2443.5
V1008111,2025-09-22,Cusco,Moda,Casaca,32.55,2,Yape,65.1
V1008112,2025-01-27,Cusco,Tecnología,Audífonos,129.54,2,Efectivo,259.08
V1008113,2025-03-12,Piura,Alimentos,Café,247.38,1,Yape,247.38
V1008114,2025-05-12,Piura,Tecnología,Tablet,170.34,4,Tarjeta,681.36
V1008115,2025-07-12,Arequipa,Belleza,Perfume,444.88,1,Tarjeta,444.88
V1008116,2025-12-19,Trujillo,Belleza,Crema,240.38,5,Plin,1201.9
V1008117,2025-02-01,Lima,Alimentos,Arroz,456.85,3,Yape,1370.55
V1008118,2025-06-27,Arequipa,Alimentos,Arroz,372.78,5,Yape,1863.9
V1008119,2025-08-29,Lima,Hogar,Microondas,234.01,1,Yape,234.01
V1008120,2025-02-24,Piura,Hogar,Microondas,496.74,2,Tarjeta,993.48
V1008121,2025-01-10,Trujillo,Alimentos,Atún,175.69,1,Efectivo,175.69
V1008122,2025-09-02,Lima,Alimentos,Café,252.43,4,Efectivo,1009.72
V1008123,2025-07-28,Lima,Tecnología,Celular,117.83,5,Efectivo,589.15
V1008124,2025-08-02,Piura,Tecnología,Celular,101.18,5,Yape,505.9
V1008125,2025-10-04,Trujillo,,Laptop,210.98,1,Efectivo,210.98
V1008126,2025-03-22,Piura,Moda,Zapatillas,122.99,5,Efectivo,614.95
V1008127,2025-07-31,Piura,Tecnología,Tablet,479.42,4,Yape,1917.68
V1008128,2025-04-01,Trujillo,Belleza,Maquillaje,189.77,2,Tarjeta,379.54
V1008129,2025-12-13,Piura,Tecnología,Audífonos,145.6,4,Tarjeta,582.4
V1008130,2025-04-12,Trujillo,Belleza,Shampoo,95.43,1,Efectivo,95.43
V1008131,2025-09-20,Trujillo,Tecnología,Celular,449.65,5,Efectivo,2248.25
V1008132,2025-03-25,Arequipa,Belleza,Crema,324.07,3,Tarjeta,972.21
V1008133,2025-06-15,Piura,Tecnología,Laptop,335.6,2,Plin,671.2
V1008134,2025-04-28,Piura,Tecnología,Tablet,371.62,1,Plin,371.62
V1008135,2025-06-10,Arequipa,Tecnología,Laptop,421.71,1,Tarjeta,421.71
V1008136,2025-04-11,Piura,Hogar,Aspiradora,469.35,1,Tarjeta,469.35
V1008137,2025-05-01,Piura,Moda,Pantalón,457.7,5,Efectivo,2288.5
V1008138,2025-11-20,Lima,Moda,Zapatillas,41.43,3,Yape,124.29
V1008139,2025-10-13,Trujillo,Belleza,Maquillaje,387.19,4,Efectivo,1548.76
V1008140,2025-06-11,Piura,Tecnología,Celular,13.84,2,Efectivo,27.68
V1008141,2025-11-05,Piura,Alimentos,Aceite,21.76,5,Tarjeta,108.8
V1008142,2025-06-13,Lima,Alimentos,Atún,186.4,3,Efectivo,559.2
V1008143,2025-01-05,Lima,Hogar,Olla,134.82,5,Plin,674.1
V1008144,2025-08-27,Arequipa,Tecnología,Audífonos,381.32,3,Tarjeta,1143.96
V1008145,2025-11-15,Arequipa,,Aspiradora,46.42,1,Tarjeta,46.42
V1008146,2025-01-28,Lima,Tecnología,Laptop,396.18,1,Yape,396.18
V1008147,2025-05-04,Cusco,Hogar,Olla,115.91,1,Plin,115.91
V1008148,2025-08-30,Piura,Alimentos,Café,472.49,3,Tarjeta,1417.47
V1008149,2025-10-06,Lima,Hogar,Licuadora,141.72,5,Tarjeta,708.6
V1008150,2025-02-27,Lima,Hogar,Aspiradora,13.8,5,Yape,69.0
V1008151,2025-10-30,Cusco,Hogar,Microondas,304.38,2,Plin,608.76
V1008152,2025-07-26,Piura,Hogar,Aspiradora,48.53,2,Plin,97.06
V1008153,2025-04-26,Trujillo,Tecnología,Audífonos,474.31,4,Efectivo,1897.24
V1008154,2025-07-30,Arequipa,Moda,Casaca,334.52,5,Tarjeta,1672.6
V1008155,2025-07-08,Piura,Alimentos,Café,210.15,3,Efectivo,630.45
V1008156,2025-12-24,Piura,Moda,Casaca,103.52,4,Plin,414.08
V1008157,2025-05-28,Trujillo,Alimentos,Café,12.25,5,,61.25
V1008158,2025-02-08,Arequipa,Hogar,Olla,435.94,1,Yape,435.94
V1008159,2025-12-14,Arequipa,Belleza,Perfume,57.58,2,Yape,115.16
V1008160,2025-03-19,Cusco,Belleza,Maquillaje,69.71,1,Plin,69.71
V1008161,2025-12-10,Trujillo,Moda,Zapatillas,317.1,5,Yape,1585.5
V1008162,2025-11-02,Cusco,Hogar,Licuadora,32.27,4,Plin,129.08
V1008163,2025-10-06,Cusco,Hogar,Aspiradora,432.01,2,Tarjeta,864.02
V1008164,2025-02-25,Arequipa,Belleza,Shampoo,118.46,1,Plin,118.46
V1008165,2025-10-18,Trujillo,Tecnología,Audífonos,64.16,5,Yape,320.8
V1008166,2025-02-12,Cusco,Belleza,Shampoo,162.75,2,Yape,325.5
V1008167,2025-01-19,Piura,Belleza,Shampoo,450.65,4,Plin,1802.6
V1008168,2025-12-04,Trujillo,Moda,Pantalón,13.36,2,Efectivo,26.72
V1008169,2025-06-23,Cusco,Alimentos,Atún,393.66,5,Plin,1968.3
V1008170,2025-03-01,Lima,Alimentos,Atún,367.12,5,Yape,1835.6
V1008171,2025-09-21,Cusco,Tecnología,Tablet,447.2,3,Tarjeta,1341.6
V1008172,2025-09-20,Piura,Belleza,Maquillaje,268.09,3,Efectivo,804.27
V1008173,2025-10-27,Piura,Hogar,Licuadora,357.68,1,Plin,357.68
V1008174,2025-10-27,Piura,Tecnología,Laptop,246.54,3,Efectivo,739.62
V1008175,2025-08-26,Trujillo,Moda,Pantalón,402.91,2,Tarjeta,805.82
V1008176,2025-03-30,Arequipa,Moda,Casaca,285.24,2,Tarjeta,570.48
V1008177,2025-10-20,Arequipa,Alimentos,Café,89.68,1,Plin,89.68
V1008178,2025-12-10,Piura,,Pantalón,307.31,2,Tarjeta,614.62
V1008179,2025-02-13,Piura,Belleza,Crema,116.32,2,Tarjeta,232.64
V1008180,2025-10-14,Trujillo,,Shampoo,164.52,3,Yape,493.56
V1008181,2025-09-26,Arequipa,Tecnología,Celular,329.71,4,Efectivo,1318.84
V1008182,2025-12-06,Trujillo,Belleza,Perfume,88.87,4,Tarjeta,355.48
V1008183,2025-02-16,Cusco,Belleza,Maquillaje,364.36,1,Tarjeta,364.36
V1008184,2025-05-18,Arequipa,Tecnología,Celular,435.69,1,Tarjeta,435.69
V1008185,2025-09-04,Piura,Alimentos,Arroz,217.59,5,Tarjeta,1087.95
V1008186,2025-11-02,Arequipa,Hogar,Olla,392.66,4,Plin,1570.64
V1008187,2025-11-16,Cusco,Moda,Zapatillas,283.09,5,Tarjeta,1415.45
V1008188,2025-09-21,Cusco,Tecnología,Tablet,50.34,5,Plin,251.7
V1008189,2025-11-16,Piura,Moda,Camisa,285.52,3,Plin,856.56
V1008190,2025-06-02,Piura,Alimentos,Arroz,376.23,5,Yape,1881.15
V1008191,2025-01-09,Trujillo,Belleza,Shampoo,64.37,3,Plin,193.11
V1008192,2025-02-23,Trujillo,Moda,Zapatillas,56.59,3,Plin,169.77
V1008193,2025-04-11,Piura,Hogar,Microondas,167.09,3,Plin,501.27
V1008194,2025-02-04,Arequipa,Alimentos,Aceite,90.57,2,Plin,181.14
V1008195,2025-11-07,Trujillo,Belleza,Shampoo,241.03,5,Plin,1205.15
V1008196,2025-01-15,Trujillo,Moda,Zapatillas,482.88,2,Tarjeta,965.76
V1008197,2025-03-22,Piura,Belleza,Shampoo,463.52,1,Yape,463.52
V1008198,2025-01-02,Cusco,Tecnología,Audífonos,491.96,1,Efectivo,491.96
V1008199,2025-08-03,Trujillo,Hogar,Microondas,193.6,3,Tarjeta,580.8
V1008200,2025-05-11,Trujillo,Belleza,Shampoo,34.55,5,Tarjeta,172.75
V1008201,2025-12-25,Piura,Tecnología,Tablet,162.18,5,Efectivo,810.9
V1008202,2025-05-16,Piura,Moda,Casaca,92.02,2,Yape,184.04
V1008203,2025-03-28,Cusco,Tecnología,Laptop,78.95,3,Plin,236.85
V1008204,2025-01-05,Trujillo,Tecnología,Audífonos,215.52,3,Tarjeta,646.56
V1008205,2025-02-04,Arequipa,Hogar,Olla,483.14,3,Yape,1449.42
V1008206,2025-08-03,Lima,Alimentos,Atún,278.75,2,Yape,557.5
V1008207,2025-06-13,Cusco,Moda,Zapatillas,456.61,4,Yape,1826.44
V1008208,2025-12-19,Cusco,Hogar,Licuadora,103.36,4,Yape,413.44
V1008209,2025-03-04,Piura,Tecnología,Celular,306.0,4,Efectivo,1224.0
V1008210,2025-10-13,Trujillo,Moda,Casaca,210.16,5,Tarjeta,1050.8
V1008211,2025-02-16,Trujillo,Belleza,Shampoo,205.44,1,Efectivo,205.44
V1008212,2025-03-11,Arequipa,,Audífonos,188.9,9999,Tarjeta,377.8
V1008213,2025-12-24,Arequipa,Alimentos,Arroz,403.62,3,Tarjeta,1210.86
V1008214,2025-10-22,Cusco,Hogar,Licuadora,189.1,5,Efectivo,945.5
V1008215,2025-03-28,Trujillo,Hogar,Licuadora,498.34,1,Yape,498.34
V1008216,2025-09-08,Lima,Alimentos,Atún,369.07,3,Efectivo,1107.21
V1008217,2025-11-27,Trujillo,Moda,Camisa,293.23,4,Tarjeta,1172.92
V1008218,2025-06-28,Cusco,Moda,Camisa,317.75,2,Plin,635.5
V1008219,2025-04-30,Arequipa,Hogar,Licuadora,499.36,2,Tarjeta,998.72
V1008220,2025-10-06,Trujillo,Belleza,Crema,247.21,4,Yape,988.84
V1008221,2025-04-05,Arequipa,Tecnología,Laptop,10.15,2,Plin,20.3
V1008222,2025-02-08,Piura,Moda,Camisa,487.73,1,Tarjeta,487.73
V1008223,2025-09-01,Piura,Hogar,Olla,487.47,3,Plin,1462.41
V1008224,2025-06-08,Piura,Tecnología,Tablet,116.17,3,Plin,348.51
V1008225,2025-04-06,Piura,Moda,Casaca,359.61,3,Tarjeta,1078.83
V1008226,2025-04-09,Piura,Moda,Casaca,180.94,5,Plin,904.7
V1008227,2025-02-14,Cusco,Alimentos,Aceite,217.35,1,Efectivo,217.35
V1008228,2025-03-01,Arequipa,Tecnología,Audífonos,224.89,5,Yape,1124.45
V1008229,2025-04-24,Arequipa,Belleza,Shampoo,378.73,1,Yape,378.73
V1008230,2025-11-15,Arequipa,Moda,Pantalón,68.97,4,Tarjeta,275.88
V1008231,2025-09-14,Lima,Belleza,Maquillaje,20.35,5,Efectivo,101.75
V1008232,2025-11-11,Lima,Belleza,Shampoo,120.38,3,Plin,361.14
V1008233,2025-09-10,Trujillo,Belleza,Maquillaje,346.63,1,Efectivo,346.63
V1008234,2025-02-03,Arequipa,Hogar,Aspiradora,64.04,1,Efectivo,64.04
V1008235,2025-04-20,Arequipa,Tecnología,Tablet,84.91,2,Yape,169.82
V1008236,2025-01-12,Piura,Alimentos,Atún,353.03,1,Plin,353.03
V1008237,2025-08-29,Lima,Alimentos,Café,477.17,4,Yape,1908.68
V1008238,2025-09-17,Arequipa,Alimentos,Café,279.81,2,Yape,559.62
V1008239,2025-04-16,Cusco,Alimentos,Aceite,316.67,2,Plin,633.34
V1008240,2025-06-16,Piura,Belleza,Maquillaje,387.49,3,Tarjeta,1162.47
V1008241,2025-12-04,Piura,Belleza,Shampoo,152.67,3,Yape,458.01
V1008242,2025-07-14,Piura,,Audífonos,477.41,5,,2387.05
V1008243,2025-04-20,Cusco,Hogar,Olla,347.85,3,Yape,1043.55
V1008244,2025-03-27,Lima,Moda,Camisa,221.89,3,Plin,665.67
V1008245,2025-02-12,Lima,Alimentos,Café,293.22,1,Yape,293.22
V1008246,2025-08-07,Lima,Belleza,Maquillaje,196.03,4,Yape,784.12
V1008247,2025-12-26,Trujillo,Alimentos,Aceite,160.48,5,Plin,802.4
V1008248,2025-01-01,Lima,Alimentos,Atún,322.9,1,Efectivo,322.9
V1008249,2025-01-09,Piura,Belleza,Maquillaje,497.09,3,Plin,1491.27
V1008250,2025-02-05,Lima,Hogar,Licuadora,101.56,5,Efectivo,507.8
V1008251,2025-08-24,Lima,Belleza,Shampoo,336.36,3,Plin,1009.08
V1008252,2025-12-25,Lima,,Atún,79.75,1,Efectivo,79.75
V1008253,2025-04-23,Cusco,Belleza,Maquillaje,294.89,2,Yape,589.78
V1008254,2025-03-05,Arequipa,Belleza,Maquillaje,256.67,1,Efectivo,256.67
V1008255,2025-06-06,Trujillo,Belleza,Crema,299.18,2,Plin,598.36
V1008256,2025-08-21,Lima,Belleza,Perfume,305.24,2,Tarjeta,610.48
V1008257,2025-08-01,Piura,Alimentos,Atún,193.03,1,Yape,193.03
V1008258,2025-09-24,Trujillo,Moda,Camisa,251.76,4,Plin,1007.04
V1008259,2025-09-19,Piura,Belleza,Shampoo,466.71,4,Yape,1866.84
V1008260,2025-12-09,Lima,Moda,Zapatillas,199.75,4,Plin,799.0
V1008261,2025-06-19,Trujillo,Alimentos,Aceite,255.86,4,Tarjeta,1023.44
V1008262,2025-10-09,Cusco,Alimentos,Café,108.35,4,Plin,433.4
V1008263,2025-03-03,Arequipa,,Maquillaje,326.4,4,Efectivo,1305.6
V1008264,2025-09-27,Piura,Moda,Zapatillas,223.66,5,Tarjeta,1118.3
V1008265,2025-01-05,Piura,,Laptop,457.4,3,Yape,1372.2
V1008266,2025-08-24,Cusco,Alimentos,Arroz,53.37,4,Yape,213.48
V1008267,2025-04-02,Arequipa,Belleza,Crema,151.89,3,Efectivo,455.67
V1008268,2025-06-24,Piura,Alimentos,Café,399.83,5,Tarjeta,1999.15
V1008269,2025-03-30,Cusco,Tecnología,Laptop,376.59,3,Yape,1129.77
V1008270,2025-04-27,Lima,Tecnología,Celular,275.16,3,Plin,825.48
V1008271,2025-09-23,Trujillo,Belleza,Perfume,294.6,2,Tarjeta,589.2
V1008272,2025-05-07,Cusco,Moda,Camisa,247.06,4,Plin,988.24
V1008273,2025-12-17,Trujillo,Hogar,Licuadora,254.14,4,Efectivo,1016.56
V1008274,2025-07-28,Trujillo,Belleza,Perfume,50.53,1,Tarjeta,50.53
V1008275,2025-06-22,Arequipa,Alimentos,Arroz,445.5,1,Efectivo,445.5
V1008276,2025-08-30,Cusco,Moda,Casaca,121.29,4,Tarjeta,485.16
V1008277,2025-12-19,Trujillo,Tecnología,Audífonos,398.01,4,Efectivo,1592.04
V1008278,2025-06-17,Arequipa,Belleza,Shampoo,148.31,1,Tarjeta,148.31
V1008279,2025-09-23,Piura,,Aceite,72.12,9999,Tarjeta,144.24
V1008280,2025-12-31,Cusco,Alimentos,Café,342.09,5,Tarjeta,1710.45
V1008281,2025-01-03,Lima,Tecnología,Laptop,299.26,3,Plin,897.78
V1008282,2025-08-12,Arequipa,Alimentos,Atún,52.22,5,Plin,261.1
V1008283,2025-10-22,Arequipa,Hogar,Aspiradora,467.13,5,Yape,2335.65
V1008284,2025-10-02,Cusco,Hogar,Aspiradora,77.59,4,Yape,310.36
V1008285,2025-11-14,Lima,Hogar,Microondas,245.93,1,Efectivo,245.93
V1008286,2025-08-11,Lima,Alimentos,Café,76.5,2,Yape,153.0
V1008287,2025-04-12,Cusco,,Audífonos,476.73,3,Tarjeta,1430.19
V1008288,2025-08-26,Lima,Alimentos,Arroz,476.05,9999,Yape,952.1
V1008289,2025-11-12,Arequipa,Moda,Pantalón,220.81,4,Yape,883.24
V1008290,2025-02-23,Trujillo,Belleza,Crema,438.02,5,Tarjeta,2190.1
V1008291,2025-05-27,Cusco,Belleza,Shampoo,321.79,4,Plin,1287.16
V1008292,2025-04-20,Piura,Moda,Zapatillas,327.13,2,Yape,654.26
V1008293,2025-03-18,Arequipa,Tecnología,Tablet,71.89,4,Yape,287.56
V1008294,2025-06-19,Arequipa,Moda,Pantalón,138.4,2,Efectivo,276.8
V1008295,2025-05-25,Piura,Tecnología,Celular,83.53,1,Yape,83.53
V1008296,2025-01-17,Arequipa,Alimentos,Arroz,382.61,3,Yape,1147.83
V1008297,2025-07-16,Arequipa,Hogar,Olla,495.81,3,Yape,1487.43
V1008298,2025-01-06,Piura,,Camisa,75.33,3,Tarjeta,225.99
V1008299,2025-03-15,Trujillo,Moda,Zapatillas,316.08,4,Yape,1264.32
V1008300,2025-12-08,Trujillo,Moda,Camisa,497.81,2,Plin,995.62
V1008301,2025-07-07,Lima,Hogar,Olla,80.18,2,Efectivo,160.36
V1008302,2025-05-12,Arequipa,Hogar,Aspiradora,293.57,4,Tarjeta,1174.28
V1008303,2025-05-03,Arequipa,Tecnología,Celular,494.55,1,Yape,494.55
V1008304,2025-02-18,Trujillo,,Arroz,449.24,4,Yape,1796.96
V1008305,2025-03-26,Arequipa,Belleza,Maquillaje,231.36,2,Tarjeta,462.72
V1008306,2025-10-08,Trujillo,Hogar,Microondas,105.87,5,Tarjeta,529.35
V1008307,2025-02-07,Trujillo,Belleza,Maquillaje,153.55,4,Plin,614.2
V1008308,2025-06-29,Lima,Belleza,Crema,487.85,4,Efectivo,1951.4
V1008309,2025-04-21,Trujillo,Alimentos,Café,235.48,2,Plin,470.96
V1008310,2025-06-06,Trujillo,Belleza,Shampoo,485.98,3,Efectivo,1457.94
V1008311,2025-09-11,Cusco,Hogar,Aspiradora,337.24,3,Efectivo,1011.72
V1008312,2025-11-30,Lima,,Camisa,428.58,2,Tarjeta,857.16
V1008313,2025-03-27,Lima,Alimentos,Arroz,453.59,1,Plin,453.59
V1008314,2025-08-03,Cusco,Alimentos,Atún,353.86,1,Efectivo,353.86
V1008315,2025-03-18,Cusco,Alimentos,Atún,161.36,3,Plin,484.08
V1008316,2025-08-02,Lima,Belleza,Perfume,327.36,5,Yape,1636.8
V1008317,2025-06-28,Cusco,Tecnología,Audífonos,471.54,1,Efectivo,471.54
V1008318,2025-07-13,Cusco,Alimentos,Atún,218.85,5,Yape,1094.25
V1008319,2025-12-23,Cusco,Hogar,Licuadora,323.16,2,Yape,646.32
V1008320,2025-04-25,Cusco,Hogar,Licuadora,13.75,5,Plin,68.75
V1008321,2025-11-27,Piura,Belleza,Perfume,112.68,4,Efectivo,450.72
V1008322,2025-09-19,Trujillo,Moda,Camisa,154.32,4,Efectivo,617.28
V1008323,2025-02-18,Trujillo,Tecnología,Laptop,158.23,4,Plin,632.92
V1008324,2025-06-12,Trujillo,Tecnología,Tablet,396.77,5,Tarjeta,1983.85
V1008325,2025-10-14,Trujillo,Moda,Zapatillas,113.83,5,Tarjeta,569.15
V1008326,2025-01-15,Lima,Hogar,Aspiradora,77.32,3,Efectivo,231.96
V1008327,2025-03-07,Piura,Hogar,Olla,303.88,5,Tarjeta,1519.4
V1008328,2025-09-12,Arequipa,Tecnología,Celular,278.6,2,Tarjeta,557.2
V1008329,2025-07-22,Piura,Tecnología,Laptop,283.31,3,Efectivo,849.93
V1008330,2025-08-01,Lima,Belleza,Shampoo,324.77,2,Yape,649.54
V1008331,2025-12-23,Arequipa,Tecnología,Audífonos,32.08,3,Tarjeta,96.24
V1008332,2025-01-27,Piura,Moda,Zapatillas,249.7,4,Tarjeta,998.8
V1008333,2025-03-20,Arequipa,Belleza,Perfume,212.26,3,Efectivo,636.78
V1008334,2025-03-31,Arequipa,Hogar,Olla,401.42,2,Plin,802.84
V1008335,2025-01-30,Lima,Tecnología,Laptop,76.47,3,Plin,229.41
V1008336,2025-05-18,Lima,Belleza,Shampoo,199.2,3,Efectivo,597.6
V1008337,2025-03-18,Lima,Moda,Camisa,38.92,5,Yape,194.6
V1008338,2025-11-16,Arequipa,Moda,Casaca,434.53,2,Yape,869.06
V1008339,2025-08-22,Trujillo,Hogar,Aspiradora,355.92,4,Yape,1423.68
V1008340,2025-10-18,Arequipa,Alimentos,Atún,406.94,5,Efectivo,2034.7
V1008341,2025-03-07,Arequipa,Moda,Zapatillas,27.06,5,Tarjeta,135.3
V1008342,2025-04-20,Trujillo,Tecnología,Tablet,52.06,3,Tarjeta,156.18
V1008343,2025-09-25,Cusco,Moda,Camisa,249.55,3,Tarjeta,748.65
V1008344,2025-02-25,Arequipa,Hogar,Microondas,337.45,5,Tarjeta,1687.25
V1008345,2025-07-02,Trujillo,Hogar,Olla,202.73,4,Tarjeta,810.92
V1008346,2025-05-27,Trujillo,Moda,Casaca,174.72,5,Yape,873.6
V1008347,2025-10-09,Lima,,Perfume,103.06,4,Plin,412.24
V1008348,2025-09-12,Trujillo,Tecnología,Celular,15.32,1,Efectivo,15.32
V1008349,2025-07-16,Arequipa,Belleza,Shampoo,35.11,5,Yape,175.55
V1008350,2025-01-22,Lima,Moda,Casaca,382.66,3,Tarjeta,1147.98
V1008351,2025-02-10,Cusco,,Olla,59.67,1,Tarjeta,59.67
V1008352,2025-12-01,Arequipa,Hogar,Microondas,44.74,5,Tarjeta,223.7
V1008353,2025-05-26,Arequipa,Hogar,Aspiradora,414.93,3,Yape,1244.79
V1008354,2025-12-13,Lima,Tecnología,Laptop,450.49,3,Plin,1351.47
V1008355,2025-10-13,Lima,Belleza,Perfume,333.03,2,Yape,666.06
V1008356,2025-02-16,Trujillo,Alimentos,Arroz,257.97,2,Efectivo,515.94
V1008357,2025-07-15,Arequipa,Moda,Zapatillas,232.05,3,Tarjeta,696.15
V1008358,2025-02-25,Lima,Tecnología,Celular,432.22,1,Plin,432.22
V1008359,2025-08-14,Piura,Hogar,Microondas,346.22,4,Tarjeta,1384.88
V1008360,2025-05-27,Trujillo,Alimentos,Atún,26.72,3,,80.16
V1008361,2025-12-26,Arequipa,Tecnología,Audífonos,210.96,4,Yape,843.84
V1008362,2025-10-30,Cusco,Hogar,Licuadora,213.59,5,Yape,1067.95
V1008363,2025-09-07,Arequipa,Hogar,Microondas,146.62,1,Plin,146.62
V1008364,2025-10-18,Trujillo,Hogar,Microondas,296.55,1,Efectivo,296.55
V1008365,2025-07-22,Cusco,Tecnología,Audífonos,330.05,1,Efectivo,330.05
V1008366,2025-09-26,Trujillo,Alimentos,Aceite,87.89,5,Efectivo,439.45
V1008367,2025-04-07,Cusco,Alimentos,Atún,329.61,2,Tarjeta,659.22
V1008368,2025-01-08,Trujillo,Moda,Camisa,359.36,4,Plin,1437.44
V1008369,2025-11-01,Trujillo,Belleza,Perfume,287.41,4,Efectivo,1149.64
V1008370,2025-04-05,Lima,Alimentos,Aceite,233.15,2,Tarjeta,466.3
V1008371,2025-11-22,Trujillo,Belleza,Maquillaje,291.03,3,Efectivo,873.09
V1008372,2025-05-09,Arequipa,Moda,Casaca,174.83,2,Plin,349.66
V1008373,2025-12-23,Arequipa,Belleza,Maquillaje,347.57,3,Yape,1042.71
V1008374,2025-08-31,Cusco,Tecnología,Laptop,358.2,4,Tarjeta,1432.8
V1008375,2025-01-10,Piura,Moda,Casaca,189.73,1,Plin,189.73
V1008376,2025-08-16,Piura,Hogar,Aspiradora,61.95,5,Yape,309.75
V1008377,2025-11-09,Piura,Belleza,Maquillaje,388.79,2,Efectivo,777.58
V1008378,2025-12-24,Piura,Hogar,Aspiradora,143.95,2,Yape,287.9
V1008379,2025-11-05,Cusco,Hogar,Microondas,165.05,3,Plin,495.15
V1008380,2025-01-17,Cusco,Moda,Pantalón,437.22,4,Efectivo,1748.88
V1008381,2025-08-28,Lima,Hogar,Licuadora,239.82,2,Plin,479.64
V1008382,2025-05-02,Trujillo,Moda,Casaca,89.34,5,Plin,446.7
V1008383,2025-12-09,Piura,Belleza,Crema,307.53,3,Plin,922.59
V1008384,2025-08-10,Piura,Alimentos,Aceite,483.02,3,Yape,1449.06
V1008385,2025-03-14,Lima,Hogar,Olla,377.95,1,Yape,377.95
V1008386,2025-11-23,Trujillo,Moda,Pantalón,199.69,1,Yape,199.69
V1008387,2025-10-16,Piura,Moda,Zapatillas,158.7,1,,158.7
V1008388,2025-05-17,Lima,Hogar,Microondas,483.17,5,Tarjeta,2415.85
V1008389,2025-04-26,Arequipa,Hogar,Licuadora,125.95,1,Tarjeta,125.95
V1008390,2025-08-28,Piura,Tecnología,Tablet,383.92,1,Plin,383.92
V1008391,2025-09-12,Arequipa,Belleza,Perfume,374.95,4,Plin,1499.8
V1008392,2025-11-11,Trujillo,Tecnología,Tablet,375.04,5,Efectivo,1875.2
V1008393,2025-02-25,Trujillo,Moda,Casaca,439.57,3,Tarjeta,1318.71
V1008394,2025-01-14,Arequipa,Hogar,Olla,486.33,5,Efectivo,2431.65
V1008395,2025-06-16,Arequipa,Hogar,Aspiradora,48.04,2,Yape,96.08
V1008396,2025-07-10,Cusco,Moda,Pantalón,176.43,1,Plin,176.43
V1008397,2025-02-18,Cusco,Alimentos,Atún,385.21,3,Efectivo,1155.63
V1008398,2025-04-20,Arequipa,Tecnología,Celular,216.74,4,Efectivo,866.96
V1008399,2025-08-12,Cusco,Tecnología,Laptop,192.95,4,,771.8
V1008400,2025-11-11,Piura,Moda,Pantalón,392.18,3,Yape,1176.54
V1008401,2025-10-20,Piura,Hogar,Aspiradora,408.83,5,Tarjeta,2044.15
V1008402,2025-05-28,Piura,Belleza,Perfume,91.86,4,Efectivo,367.44
V1008403,2025-10-15,Lima,Hogar,Licuadora,59.71,3,Tarjeta,179.13
V1008404,2025-09-15,Lima,Hogar,Microondas,281.03,4,Yape,1124.12
V1008405,2025-03-09,Lima,Belleza,Perfume,396.27,2,Plin,792.54
V1008406,2025-10-19,Piura,,Atún,495.08,1,Yape,495.08
V1008407,2025-03-15,Arequipa,Hogar,Aspiradora,379.91,2,Tarjeta,759.82
V1008408,2025-10-27,Lima,Tecnología,Audífonos,266.28,4,Yape,1065.12
V1008409,2025-03-24,Trujillo,Belleza,Shampoo,35.3,4,Yape,141.2
V1008410,2025-03-23,Piura,Tecnología,Tablet,380.59,2,Efectivo,761.18
V1008411,2025-02-13,Arequipa,Hogar,Aspiradora,31.17,1,Yape,31.17
V1008412,2025-04-07,Piura,Tecnología,Audífonos,425.12,1,Yape,425.12
V1008413,2025-08-11,Piura,Alimentos,Aceite,459.79,1,Plin,459.79
V1008414,2025-05-10,Lima,Belleza,Shampoo,179.71,5,Plin,898.55
V1008415,2025-12-18,Lima,,Celular,419.14,5,Tarjeta,2095.7
V1008416,2025-01-19,Lima,Tecnología,Laptop,361.97,3,Efectivo,1085.91
V1008417,2025-04-07,Arequipa,Belleza,Crema,381.37,1,Efectivo,381.37
V1008418,2025-01-28,Trujillo,Moda,Pantalón,199.21,4,Tarjeta,796.84
V1008419,2025-04-02,Cusco,Moda,Casaca,46.24,2,Efectivo,92.48
V1008420,2025-10-26,Lima,Moda,Pantalón,433.64,3,Plin,1300.92
V1008421,2025-09-02,Cusco,Hogar,Olla,153.62,3,Efectivo,460.86
V1008422,2025-11-13,Lima,Tecnología,Celular,460.02,1,Efectivo,460.02
V1008423,2025-07-12,Trujillo,,Aspiradora,498.25,2,Tarjeta,996.5
V1008424,2025-04-13,Cusco,Alimentos,Arroz,493.84,4,Yape,1975.36
V1008425,2025-05-17,Arequipa,Alimentos,Aceite,81.61,1,Yape,81.61
V1008426,2025-06-21,Cusco,Moda,Pantalón,202.54,5,Yape,1012.7
V1008427,2025-04-18,Lima,Alimentos,Arroz,238.38,4,Yape,953.52
V1008428,2025-05-10,Arequipa,Moda,Pantalón,337.81,1,Tarjeta,337.81
V1008429,2025-09-07,Arequipa,Tecnología,Audífonos,422.42,1,Tarjeta,422.42
V1008430,2025-04-30,Piura,Alimentos,Café,105.56,1,Tarjeta,105.56
V1008431,2025-03-09,Piura,Hogar,Microondas,24.89,5,Plin,124.45
V1008432,2025-08-08,Lima,Tecnología,Laptop,81.22,2,,162.44
V1008433,2025-11-29,Lima,Hogar,Olla,257.08,1,Efectivo,257.08
V1008434,2025-09-19,Arequipa,Tecnología,Audífonos,52.85,1,Plin,52.85
V1008435,2025-10-05,Trujillo,Alimentos,Aceite,115.27,4,,461.08
V1008436,2025-09-13,Arequipa,Hogar,Aspiradora,175.61,1,Yape,175.61
V1008437,2025-12-17,Trujillo,,Laptop,376.33,2,Yape,752.66
V1008438,2025-02-09,Lima,Moda,Zapatillas,448.55,5,Yape,2242.75
V1008439,2025-08-13,Piura,Belleza,Perfume,210.28,3,Efectivo,630.84
V1008440,2025-12-31,Piura,Alimentos,Arroz,200.22,1,Yape,200.22
V1008441,2025-12-25,Piura,Tecnología,Laptop,287.14,3,Tarjeta,861.42
V1008442,2025-01-30,Arequipa,Hogar,Aspiradora,174.5,1,Tarjeta,174.5
V1008443,2025-06-28,Lima,Alimentos,Aceite,172.43,3,Plin,517.29
V1008444,2025-12-03,Trujillo,Alimentos,Atún,496.0,4,Efectivo,1984.0
V1008445,2025-09-18,Arequipa,Moda,Camisa,297.44,3,Tarjeta,892.32
V1008446,2025-12-06,Piura,Belleza,Shampoo,246.97,2,Tarjeta,493.94
V1008447,2025-10-26,Trujillo,Belleza,Perfume,330.98,2,Plin,661.96
V1008448,2025-03-06,Cusco,Hogar,Olla,193.63,5,Tarjeta,968.15
V1008449,2025-01-27,Arequipa,Hogar,Aspiradora,19.71,3,Efectivo,59.13
V1008450,2025-12-31,Trujillo,Alimentos,Aceite,318.82,5,Plin,1594.1
V1008451,2025-05-02,Piura,Alimentos,Arroz,128.82,3,Tarjeta,386.46
V1008452,2025-03-16,Arequipa,Alimentos,Aceite,231.76,2,Plin,463.52
V1008453,2025-10-03,Arequipa,Belleza,Perfume,273.84,4,Plin,1095.36
V1008454,2025-05-29,Arequipa,Hogar,Aspiradora,235.48,3,Yape,706.44
V1008455,2025-06-21,Arequipa,Moda,Zapatillas,286.44,1,Plin,286.44
V1008456,2025-03-10,Lima,Moda,Pantalón,209.27,2,Yape,418.54
V1008457,2025-11-16,Arequipa,Moda,Camisa,440.77,1,Plin,440.77
V1008458,2025-07-20,Piura,Alimentos,Café,88.94,5,Tarjeta,444.7
V1008459,2025-01-31,Cusco,Moda,Pantalón,80.43,1,Efectivo,80.43
V1008460,2025-05-19,Cusco,Alimentos,Atún,230.24,2,Tarjeta,460.48
V1008461,2025-01-06,Lima,Moda,Casaca,402.63,2,Yape,805.26
V1008462,2025-05-22,Cusco,Belleza,Maquillaje,455.45,5,Yape,2277.25
V1008463,2025-07-10,Lima,Tecnología,Tablet,460.23,3,Tarjeta,1380.69
V1008464,2025-11-15,Arequipa,Tecnología,Audífonos,325.69,3,Efectivo,977.07
V1008465,2025-05-22,Arequipa,Moda,Zapatillas,95.35,5,Tarjeta,476.75
V1008466,2025-09-02,Cusco,Tecnología,Celular,71.95,3,Efectivo,215.85
V1008467,2025-05-23,Cusco,Moda,Casaca,166.79,4,Efectivo,667.16
V1008468,2025-05-13,Trujillo,Belleza,Maquillaje,183.86,1,Efectivo,183.86
V1008469,2025-01-21,Piura,,Camisa,230.47,5,Tarjeta,1152.35
V1008470,2025-02-02,Trujillo,Moda,Pantalón,229.38,4,Tarjeta,917.52
V1008471,2025-12-04,Piura,Belleza,Perfume,301.23,5,Plin,1506.15
V1008472,2025-10-27,Cusco,Belleza,Crema,454.65,2,Yape,909.3
V1008473,2025-12-01,Piura,Belleza,Maquillaje,433.37,3,Plin,1300.11
V1008474,2025-10-16,Cusco,Tecnología,Celular,47.38,3,Plin,142.14
V1008475,2025-01-25,Lima,Tecnología,Tablet,333.91,4,Yape,1335.64
V1008476,2025-05-30,Lima,Moda,Camisa,442.39,5,Tarjeta,2211.95
V1008477,2025-06-28,Arequipa,Alimentos,Arroz,321.56,1,Tarjeta,321.56
V1008478,2025-03-27,Cusco,Tecnología,Laptop,36.98,3,Efectivo,110.94
V1008479,2025-01-04,Lima,Hogar,Olla,150.37,4,Efectivo,601.48
V1008480,2025-01-16,Lima,,Shampoo,43.13,3,Efectivo,129.39
V1008481,2025-08-31,Piura,Belleza,Shampoo,290.94,1,Tarjeta,290.94
V1008482,2025-11-09,Piura,Moda,Casaca,365.39,3,Efectivo,1096.17
V1008483,2025-11-19,Piura,Tecnología,Tablet,382.21,4,Tarjeta,1528.84
V1008484,2025-11-27,Trujillo,Belleza,Maquillaje,270.98,4,Plin,1083.92
V1008485,2025-09-28,Trujillo,Hogar,Licuadora,229.0,5,Efectivo,1145.0
V1008486,2025-02-12,Trujillo,Belleza,Maquillaje,130.26,3,Efectivo,390.78
V1008487,2025-04-17,Cusco,Belleza,Crema,351.73,2,Yape,703.46
V1008488,2025-03-22,Trujillo,Hogar,Microondas,79.79,2,Yape,159.58
V1008489,2025-10-23,Trujillo,Tecnología,Audífonos,378.6,2,Tarjeta,757.2
V1008490,2025-05-07,Cusco,Hogar,Microondas,213.65,3,Plin,640.95
V1008491,2025-09-10,Arequipa,Tecnología,Laptop,462.29,3,Yape,1386.87
V1008492,2025-03-08,Arequipa,Hogar,Aspiradora,233.62,2,Efectivo,467.24
V1008493,2025-11-15,Cusco,Moda,Camisa,394.22,3,Efectivo,1182.66
V1008494,2025-01-23,Lima,Belleza,Crema,87.99,3,Tarjeta,263.97
V1008495,2025-06-16,Piura,Moda,Casaca,489.13,2,Tarjeta,978.26
V1008496,2025-10-10,Cusco,Moda,Pantalón,333.7,1,Efectivo,333.7
V1008497,2025-08-15,Piura,Belleza,Crema,318.93,5,Tarjeta,1594.65
V1008498,2025-04-21,Arequipa,Belleza,Shampoo,379.9,3,Tarjeta,1139.7
V1008499,2025-06-20,Lima,Alimentos,Atún,214.13,4,Yape,856.52
V1008500,2025-10-17,Arequipa,Moda,Camisa,168.24,3,Yape,504.72
V1008501,2025-03-14,Arequipa,Tecnología,Laptop,82.73,1,Yape,82.73
V1008502,2025-06-05,Trujillo,Hogar,Licuadora,156.75,2,Efectivo,313.5
V1008503,2025-07-28,Trujillo,Alimentos,Aceite,242.71,2,Yape,485.42
V1008504,2025-12-12,Arequipa,Moda,Pantalón,191.76,1,Efectivo,191.76
V1008505,2025-09-02,Arequipa,Tecnología,Audífonos,471.23,2,Yape,942.46
V1008506,2025-12-28,Trujillo,,Microondas,406.68,2,Efectivo,813.36
V1008507,2025-07-09,Lima,Belleza,Perfume,403.46,4,Yape,1613.84
V1008508,2025-07-25,Trujillo,Moda,Camisa,133.39,1,Plin,133.39
V1008509,2025-03-19,Cusco,Moda,Casaca,111.92,3,Plin,335.76
V1008510,2025-06-17,Lima,Hogar,Microondas,62.04,2,Efectivo,124.08
V1008511,2025-03-08,Arequipa,Alimentos,Atún,235.88,3,Tarjeta,707.64
V1008512,2025-07-14,Arequipa,Moda,Zapatillas,310.43,5,Tarjeta,1552.15
V1008513,2025-05-06,Arequipa,Alimentos,Café,413.07,5,Tarjeta,2065.35
V1008514,2025-01-30,Lima,Moda,Zapatillas,170.47,1,Efectivo,170.47
V1008515,2025-08-20,Arequipa,Moda,Camisa,278.24,4,Efectivo,1112.96
V1008516,2025-05-13,Piura,Belleza,Crema,96.81,5,Tarjeta,484.05
V1008517,2025-10-30,Arequipa,Tecnología,Audífonos,123.5,1,Efectivo,123.5
V1008518,2025-12-13,Piura,Belleza,Crema,243.28,5,Plin,1216.4
V1008519,2025-01-24,Trujillo,Moda,Zapatillas,91.6,5,Tarjeta,458.0
V1008520,2025-02-24,Lima,Hogar,Microondas,152.18,1,Tarjeta,152.18
V1008521,2025-03-31,Trujillo,Hogar,Microondas,317.95,4,Plin,1271.8
V1008522,2025-05-23,Arequipa,Belleza,Perfume,409.43,3,Yape,1228.29
V1008523,2025-03-02,Arequipa,Moda,Pantalón,154.16,4,Yape,616.64
V1008524,2025-02-24,Arequipa,Hogar,Microondas,356.16,4,Yape,1424.64
V1008525,2025-05-20,Piura,,Microondas,382.27,1,Yape,382.27
V1008526,2025-03-14,Trujillo,Moda,Casaca,68.49,3,Tarjeta,205.47
V1008527,2025-04-27,Piura,Alimentos,Café,284.12,1,Tarjeta,284.12
V1008528,2025-10-06,Lima,Hogar,Olla,35.72,3,Yape,107.16
V1008529,2025-12-02,Cusco,Alimentos,Café,155.21,2,Tarjeta,310.42
V1008530,2025-12-10,Cusco,Moda,Casaca,264.96,1,Tarjeta,264.96
V1008531,2025-06-09,Lima,,Licuadora,415.29,1,Yape,415.29
V1008532,2025-09-29,Piura,Alimentos,Arroz,323.83,1,Plin,323.83
V1008533,2025-03-16,Arequipa,Hogar,Licuadora,258.79,3,Tarjeta,776.37
V1008534,2025-05-09,Piura,Hogar,Licuadora,315.66,4,Yape,1262.64
V1008535,2025-08-18,Trujillo,Moda,Camisa,66.45,3,Tarjeta,199.35
V1008536,2025-06-10,Trujillo,Moda,Camisa,10.87,3,Tarjeta,32.61
V1008537,2025-07-25,Cusco,Belleza,Crema,387.29,1,Yape,387.29
V1008538,2025-01-20,Cusco,Hogar,Olla,395.36,5,Yape,1976.8
V1008539,2025-06-27,Lima,Hogar,Aspiradora,288.25,3,Efectivo,864.75
V1008540,2025-02-04,Arequipa,Alimentos,Aceite,126.22,1,Plin,126.22
V1008541,2025-07-07,Lima,Hogar,Olla,86.41,1,Plin,86.41
V1008542,2025-07-04,Piura,Alimentos,Arroz,107.15,1,Yape,107.15
V1008543,2025-11-24,Piura,Tecnología,Celular,88.26,4,Yape,353.04
V1008544,2025-07-08,Trujillo,Hogar,Licuadora,152.39,4,Yape,609.56
V1008545,2025-04-11,Arequipa,Hogar,Olla,366.0,2,Plin,732.0
V1008546,2025-03-22,Trujillo,Tecnología,Celular,180.42,3,Yape,541.26
V1008547,2025-03-31,Cusco,Hogar,Olla,187.29,2,Efectivo,374.58
V1008548,2025-01-26,Trujillo,Hogar,Licuadora,113.39,4,Plin,453.56
V1008549,2025-01-21,Piura,Hogar,Licuadora,231.34,5,Tarjeta,1156.7
V1008550,2025-10-20,Trujillo,Hogar,Olla,269.17,4,Yape,1076.68
V1008551,2025-08-21,Trujillo,Hogar,Olla,207.78,4,Plin,831.12
V1008552,2025-07-31,Cusco,Tecnología,Tablet,42.21,5,Plin,211.05
V1008553,2025-03-31,Trujillo,Moda,Zapatillas,75.07,5,Plin,375.35
V1008554,2025-03-25,Cusco,Tecnología,Audífonos,300.76,5,Efectivo,1503.8
V1008555,2025-08-05,Piura,Tecnología,Laptop,442.73,5,Plin,2213.65
V1008556,2025-08-02,Trujillo,Moda,Zapatillas,343.7,1,Yape,343.7
V1008557,2025-10-17,Lima,Tecnología,Audífonos,499.2,5,Plin,2496.0
V1008558,2025-04-16,Cusco,Hogar,Aspiradora,132.38,1,Tarjeta,132.38
V1008559,2025-12-11,Arequipa,Moda,Zapatillas,66.92,5,Plin,334.6
V1008560,2025-03-27,Arequipa,Moda,Pantalón,328.16,5,Efectivo,1640.8
V1008561,2025-09-09,Arequipa,Belleza,Crema,152.11,3,Plin,456.33
V1008562,2025-06-18,Arequipa,Tecnología,Audífonos,29.95,3,Yape,89.85
V1008563,2025-01-30,Trujillo,Belleza,Shampoo,283.85,5,Tarjeta,1419.25
V1008564,2025-10-22,Cusco,Moda,Casaca,477.13,1,Efectivo,477.13
V1008565,2025-07-10,Trujillo,Alimentos,Atún,368.81,5,Yape,1844.05
V1008566,2025-08-30,Trujillo,Tecnología,Celular,496.46,3,Efectivo,1489.38
V1008567,2025-12-25,Lima,Alimentos,Café,351.78,1,Plin,351.78
V1008568,2025-10-29,Trujillo,Moda,Camisa,79.24,5,Efectivo,396.2
V1008569,2025-06-06,Cusco,Tecnología,Celular,83.76,1,Yape,83.76
V1008570,2025-03-15,Lima,Moda,Camisa,288.48,2,Efectivo,576.96
V1008571,2025-01-02,Piura,Alimentos,Café,88.57,2,Yape,177.14
V1008572,2025-09-24,Piura,Hogar,Aspiradora,137.93,4,Tarjeta,551.72
V1008573,2025-04-21,Cusco,Moda,Zapatillas,320.81,3,Tarjeta,962.43
V1008574,2025-03-27,Trujillo,Tecnología,Audífonos,235.12,4,Yape,940.48
V1008575,2025-05-17,Trujillo,Belleza,Shampoo,457.49,1,Efectivo,457.49
V1008576,2025-09-15,Lima,Moda,Zapatillas,364.4,1,Yape,364.4
V1008577,2025-07-07,Arequipa,Tecnología,Laptop,466.21,1,Efectivo,466.21
V1008578,2025-04-21,Lima,Alimentos,Arroz,337.18,3,Tarjeta,1011.54
V1008579,2025-07-15,Arequipa,Moda,Zapatillas,300.47,4,Efectivo,1201.88
V1008580,2025-10-03,Cusco,Alimentos,Aceite,351.41,3,Plin,1054.23
V1008581,2025-10-15,Trujillo,Moda,Camisa,132.19,4,Plin,528.76
V1008582,2025-12-06,Cusco,Hogar,Licuadora,94.5,5,Tarjeta,472.5
V1008583,2025-06-05,Arequipa,Tecnología,Laptop,309.55,3,Efectivo,928.65
V1008584,2025-04-29,Trujillo,Tecnología,Tablet,173.2,2,Tarjeta,346.4
V1008585,2025-12-28,Arequipa,Belleza,Crema,399.99,5,Yape,1999.95
V1008586,2025-05-25,Cusco,Belleza,Maquillaje,144.51,3,Yape,433.53
V1008587,2025-01-08,Cusco,Moda,Camisa,333.98,4,Tarjeta,1335.92
V1008588,2025-07-23,Arequipa,Alimentos,Atún,296.03,2,Plin,592.06
V1008589,2025-02-02,Piura,Alimentos,Arroz,106.97,2,Tarjeta,213.94
V1008590,2025-02-12,Piura,Hogar,Aspiradora,246.72,4,Efectivo,986.88
V1008591,2025-04-01,Cusco,,Shampoo,40.55,2,Yape,81.1
V1008592,2025-04-09,Cusco,Belleza,Maquillaje,417.34,2,Tarjeta,834.68
V1008593,2025-11-06,Lima,Tecnología,Tablet,188.55,2,Yape,377.1
V1008594,2025-08-15,Arequipa,Moda,Zapatillas,420.27,2,Yape,840.54
V1008595,2025-09-11,Piura,Belleza,Perfume,155.11,5,Efectivo,775.55
V1008596,2025-01-29,Arequipa,Belleza,Shampoo,239.15,3,Efectivo,717.45
V1008597,2025-12-09,Piura,Tecnología,Tablet,71.13,1,,71.13
V1008598,2025-12-01,Piura,Belleza,Maquillaje,133.34,2,Yape,266.68
V1008599,2025-12-02,Lima,Tecnología,Tablet,465.14,4,Plin,1860.56
V1008600,2025-03-03,Lima,Alimentos,Arroz,298.59,5,Yape,1492.95
V1008601,2025-02-17,Cusco,Hogar,Licuadora,422.95,1,Efectivo,422.95
V1008602,2025-05-04,Cusco,Belleza,Shampoo,442.92,4,Yape,1771.68
V1008603,2025-02-02,Cusco,Alimentos,Arroz,472.21,3,Efectivo,1416.63
V1008604,2025-07-30,Lima,Belleza,Maquillaje,281.62,1,Tarjeta,281.62
V1008605,2025-06-14,Cusco,Moda,Casaca,76.65,3,Tarjeta,229.95
V1008606,2025-11-14,Piura,Belleza,Crema,242.36,4,Plin,969.44
V1008607,2025-09-13,Arequipa,Moda,Camisa,222.36,2,Efectivo,444.72
V1008608,2025-07-08,Arequipa,Hogar,Licuadora,130.04,4,Yape,520.16
V1008609,2025-10-07,Lima,Alimentos,Café,484.92,1,Tarjeta,484.92
V1008610,2025-02-15,Arequipa,Belleza,Perfume,168.43,4,Efectivo,673.72
V1008611,2025-01-16,Cusco,Moda,Casaca,407.92,3,Plin,1223.76
V1008612,2025-06-29,Arequipa,Tecnología,Laptop,443.58,4,Plin,1774.32
V1008613,2025-09-08,Cusco,Belleza,Crema,204.49,5,Efectivo,1022.45
V1008614,2025-11-30,Arequipa,Belleza,Perfume,14.65,4,Yape,58.6
V1008615,2025-09-02,Lima,Belleza,Shampoo,175.95,1,Efectivo,175.95
V1008616,2025-02-14,Piura,Hogar,Aspiradora,467.92,1,Efectivo,467.92
V1008617,2025-06-01,Piura,Alimentos,Aceite,467.18,3,Efectivo,1401.54
V1008618,2025-10-16,Trujillo,,Café,420.37,4,Tarjeta,1681.48
V1008619,2025-06-22,Trujillo,Alimentos,Aceite,498.49,5,Plin,2492.45
V1008620,2025-08-01,Cusco,Alimentos,Aceite,162.04,1,Tarjeta,162.04
V1008621,2025-10-16,Trujillo,Hogar,Microondas,379.75,1,Tarjeta,379.75
V1008622,2025-02-21,Trujillo,Alimentos,Arroz,34.34,4,Yape,137.36
V1008623,2025-03-11,Trujillo,Tecnología,Tablet,33.17,4,Tarjeta,132.68
V1008624,2025-08-19,Lima,,Atún,10.99,5,Efectivo,54.95
V1008625,2025-04-24,Piura,Moda,Casaca,429.54,5,Plin,2147.7
V1008626,2025-08-31,Arequipa,Hogar,Licuadora,348.11,1,Efectivo,348.11
V1008627,2025-10-12,Trujillo,Hogar,Aspiradora,43.59,4,Efectivo,174.36
V1008628,2025-08-11,Lima,Hogar,Olla,40.59,1,Yape,40.59
V1008629,2025-08-20,Cusco,Alimentos,Café,490.17,4,Efectivo,1960.68
V1008630,2025-04-29,Arequipa,Moda,Casaca,215.79,3,Yape,647.37
V1008631,2025-06-06,Piura,Hogar,Olla,71.95,1,Plin,71.95
V1008632,2025-04-26,Cusco,,Aceite,48.19,5,Plin,240.95
V1008633,2025-05-10,Arequipa,Tecnología,Audífonos,394.92,4,Efectivo,1579.68
V1008634,2025-07-24,Piura,Hogar,Aspiradora,443.59,1,Plin,443.59
V1008635,2025-06-17,Trujillo,Alimentos,Arroz,159.81,2,Efectivo,319.62
V1008636,2025-03-01,Trujillo,Alimentos,Aceite,31.98,5,Efectivo,159.9
V1008637,2025-09-01,Arequipa,Hogar,Microondas,215.81,1,Efectivo,215.81
V1008638,2025-04-28,Arequipa,Hogar,Licuadora,422.67,4,Yape,1690.68
V1008639,2025-04-22,Arequipa,Tecnología,Tablet,110.77,4,Yape,443.08
V1008640,2025-01-20,Lima,Tecnología,Tablet,325.26,2,Yape,650.52
V1008641,2025-10-19,Lima,Alimentos,Aceite,206.06,3,Plin,618.18
V1008642,2025-07-02,Arequipa,Alimentos,Atún,17.52,4,Tarjeta,70.08
V1008643,2025-08-01,Cusco,Tecnología,Tablet,285.22,3,Efectivo,855.66
V1008644,2025-04-22,Lima,Moda,Pantalón,255.53,2,Tarjeta,511.06
V1008645,2025-12-08,Arequipa,Tecnología,Tablet,138.05,1,Efectivo,138.05
V1008646,2025-10-29,Arequipa,Alimentos,Aceite,171.83,1,Yape,171.83
V1008647,2025-04-20,Piura,Moda,Pantalón,225.18,3,Efectivo,675.54
V1008648,2025-11-15,Lima,Hogar,Microondas,314.97,3,Tarjeta,944.91
V1008649,2025-11-05,Arequipa,Belleza,Perfume,436.27,4,Tarjeta,1745.08
V1008650,2025-05-16,Trujillo,Tecnología,Tablet,398.36,3,Efectivo,1195.08
V1008651,2025-07-10,Trujillo,Belleza,Perfume,109.55,5,Yape,547.75
V1008652,2025-04-16,Lima,Moda,Pantalón,152.6,3,Yape,457.8
V1008653,2025-08-03,Lima,Tecnología,Laptop,244.83,1,Efectivo,244.83
V1008654,2025-03-24,Lima,Hogar,Licuadora,83.32,4,Efectivo,333.28
V1008655,2025-03-03,Piura,Hogar,Olla,490.84,1,Efectivo,490.84
V1008656,2025-08-11,Lima,Tecnología,Celular,387.5,3,Efectivo,1162.5
V1008657,2025-11-15,Arequipa,Moda,Camisa,499.66,5,Yape,2498.3
V1008658,2025-09-01,Cusco,Hogar,Aspiradora,284.89,1,Tarjeta,284.89
V1008659,2025-09-22,Arequipa,Tecnología,Audífonos,497.83,2,Plin,995.66
V1008660,2025-05-29,Piura,Alimentos,Aceite,57.0,5,Efectivo,285.0
V1008661,2025-08-06,Arequipa,Hogar,Aspiradora,339.04,3,Tarjeta,1017.12
V1008662,2025-03-16,Cusco,,Olla,142.17,3,Plin,426.51
V1008663,2025-10-08,Cusco,Moda,Camisa,127.56,5,Tarjeta,637.8
V1008664,2025-10-08,Cusco,Moda,Casaca,187.36,5,Tarjeta,936.8
V1008665,2025-02-08,Cusco,Belleza,Perfume,88.57,2,Yape,177.14
V1008666,2025-10-06,Arequipa,Moda,Pantalón,420.43,1,Efectivo,420.43
V1008667,2025-08-13,Lima,Hogar,Microondas,462.42,2,Tarjeta,924.84
V1008668,2025-09-04,Lima,Hogar,Licuadora,236.6,3,Yape,709.8
V1008669,2025-08-02,Arequipa,Hogar,Olla,479.18,1,Efectivo,479.18
V1008670,2025-10-27,Lima,Alimentos,Aceite,446.95,5,Yape,2234.75
V1008671,2025-11-07,Lima,Alimentos,Atún,438.09,5,Efectivo,2190.45
V1008672,2025-04-01,Cusco,Tecnología,Tablet,222.49,2,Tarjeta,444.98
V1008673,2025-09-30,Lima,Alimentos,Arroz,499.58,5,Efectivo,2497.9
V1008674,2025-01-29,Lima,Moda,Zapatillas,285.01,5,Efectivo,1425.05
V1008675,2025-11-12,Trujillo,Tecnología,Laptop,440.25,3,Yape,1320.75
V1008676,2025-07-02,Cusco,Alimentos,Arroz,233.39,5,Plin,1166.95
V1008677,2025-09-05,Piura,Belleza,Shampoo,468.6,1,Efectivo,468.6
V1008678,2025-01-29,Piura,Moda,Pantalón,220.13,5,Tarjeta,1100.65
V1008679,2025-02-17,Lima,Hogar,Licuadora,100.7,2,Yape,201.4
V1008680,2025-02-18,Trujillo,,Pantalón,241.44,2,Yape,482.88
V1008681,2025-11-12,Cusco,Moda,Camisa,97.28,1,Tarjeta,97.28
V1008682,2025-04-17,Arequipa,Alimentos,Atún,46.85,2,Plin,93.7
V1008683,2025-06-06,Arequipa,Hogar,Licuadora,361.6,4,Yape,1446.4
V1008684,2025-01-30,Lima,Belleza,Crema,35.25,4,Plin,141.0
V1008685,2025-12-25,Piura,Tecnología,Laptop,431.48,2,Plin,862.96
V1008686,2025-04-24,Piura,Belleza,Shampoo,47.81,5,Tarjeta,239.05
V1008687,2025-04-14,Piura,Alimentos,Café,71.91,4,Tarjeta,287.64
V1008688,2025-06-07,Lima,Tecnología,Celular,57.19,4,Yape,228.76
V1008689,2025-07-14,Piura,Hogar,Olla,92.32,3,Plin,276.96
V1008690,2025-04-01,Cusco,Moda,Pantalón,32.41,3,Efectivo,97.23
V1008691,2025-04-14,Piura,Alimentos,Arroz,287.89,1,Plin,287.89
V1008692,2025-02-03,Arequipa,Hogar,Microondas,302.2,3,Efectivo,906.6
V1008693,2025-10-17,Piura,,Celular,63.0,4,Yape,252.0
V1008694,2025-01-29,Cusco,Belleza,Crema,21.22,1,Tarjeta,21.22
V1008695,2025-06-13,Trujillo,Tecnología,Celular,328.92,2,Efectivo,657.84
V1008696,2025-11-28,Arequipa,Tecnología,Laptop,433.79,4,Tarjeta,1735.16
V1008697,2025-11-27,Arequipa,Belleza,Crema,72.26,4,Plin,289.04
V1008698,2025-08-04,Trujillo,Moda,Pantalón,286.61,2,Efectivo,573.22
V1008699,2025-01-01,Trujillo,Belleza,Perfume,76.49,1,Tarjeta,76.49
V1008700,2025-07-10,Lima,Hogar,Aspiradora,368.8,4,Efectivo,1475.2
V1008701,2025-01-24,Arequipa,Tecnología,Audífonos,331.57,3,Efectivo,994.71
V1008702,2025-05-24,Trujillo,Tecnología,Laptop,412.74,4,Tarjeta,1650.96
V1008703,2025-03-02,Cusco,Alimentos,Atún,59.57,3,Tarjeta,178.71
V1008704,2025-08-20,Cusco,Belleza,Crema,45.9,3,Yape,137.7
V1008705,2025-04-28,Cusco,Alimentos,Arroz,108.14,4,Plin,432.56
V1008706,2025-10-24,Arequipa,Hogar,Olla,399.49,4,Efectivo,1597.96
V1008707,2025-05-04,Trujillo,Moda,Zapatillas,105.18,2,Efectivo,210.36
V1008708,2025-06-09,Piura,Belleza,Crema,91.16,2,Efectivo,182.32
V1008709,2025-02-06,Trujillo,Hogar,Olla,418.57,1,Plin,418.57
V1008710,2025-03-24,Arequipa,Tecnología,Tablet,81.04,5,Yape,405.2
V1008711,2025-07-05,Piura,Moda,Pantalón,348.87,4,Efectivo,1395.48
V1008712,2025-06-29,Lima,Belleza,Crema,434.47,3,Efectivo,1303.41
V1008713,2025-01-31,Cusco,Belleza,Maquillaje,137.82,2,Yape,275.64
V1008714,2025-12-18,Lima,Belleza,Maquillaje,190.6,5,Tarjeta,953.0
V1008715,2025-06-08,Lima,Hogar,Olla,279.45,3,Tarjeta,838.35
V1008716,2025-11-19,Arequipa,Alimentos,Café,119.11,3,Efectivo,357.33
V1008717,2025-10-17,Trujillo,Belleza,Crema,350.05,3,,1050.15
V1008718,2025-09-21,Cusco,Tecnología,Tablet,176.63,4,Yape,706.52
V1008719,2025-11-11,Lima,Tecnología,Celular,98.06,4,Tarjeta,392.24
V1008720,2025-12-08,Cusco,Alimentos,Aceite,272.18,5,Yape,1360.9
V1008721,2025-11-30,Arequipa,Tecnología,Tablet,89.96,3,Yape,269.88
V1008722,2025-12-01,Trujillo,Hogar,Licuadora,259.12,1,Efectivo,259.12
V1008723,2025-11-06,Trujillo,Hogar,Olla,392.3,4,Efectivo,1569.2
V1008724,2025-07-10,Arequipa,Alimentos,Arroz,33.29,1,,33.29
V1008725,2025-01-01,Lima,Tecnología,Audífonos,203.53,4,Yape,814.12
V1008726,2025-07-13,Arequipa,Moda,Camisa,138.59,3,Efectivo,415.77
V1008727,2025-10-12,Piura,Alimentos,Café,387.14,1,Tarjeta,387.14
V1008728,2025-06-27,Piura,Hogar,Microondas,344.67,3,Efectivo,1034.01
V1008729,2025-11-02,Lima,Alimentos,Café,401.9,1,Efectivo,401.9
V1008730,2025-04-03,Piura,Belleza,Shampoo,374.52,5,Plin,1872.6
V1008731,2025-02-25,Trujillo,Belleza,Maquillaje,330.61,2,Tarjeta,661.22
V1008732,2025-03-18,Arequipa,Moda,Zapatillas,47.33,2,Efectivo,94.66
V1008733,2025-06-13,Cusco,Moda,Camisa,218.15,2,Yape,436.3
V1008734,2025-03-26,Cusco,Alimentos,Arroz,316.77,3,Yape,950.31
V1008735,2025-10-17,Trujillo,Tecnología,Tablet,-305.38,2,Tarjeta,610.76
V1008736,2025-04-26,Trujillo,Tecnología,Celular,172.02,4,Yape,688.08
V1008737,2025-07-08,Piura,Belleza,Perfume,367.32,4,Yape,1469.28
V1008738,2025-06-28,Cusco,Hogar,Olla,470.14,4,Efectivo,1880.56
V1008739,2025-08-18,Lima,Hogar,Licuadora,320.39,5,Plin,1601.95
V1008740,2025-10-09,Arequipa,Hogar,Microondas,15.64,4,Tarjeta,62.56
V1008741,2025-02-10,Piura,Hogar,Aspiradora,90.55,5,Efectivo,452.75
V1008742,2025-12-24,Arequipa,Belleza,Shampoo,460.61,1,Tarjeta,460.61
V1008743,2025-04-11,Arequipa,Tecnología,Audífonos,283.86,1,Plin,283.86
V1008744,2025-08-31,Arequipa,Moda,Zapatillas,332.28,3,,996.84
V1008745,2025-01-27,Lima,Hogar,Aspiradora,234.61,4,Plin,938.44
V1008746,2025-10-08,Lima,Alimentos,Café,330.05,1,,330.05
V1008747,2025-03-18,Trujillo,Alimentos,Atún,417.78,2,Tarjeta,835.56
V1008748,2025-05-30,Lima,Moda,Zapatillas,392.06,5,Efectivo,1960.3
V1008749,2025-04-05,Piura,Moda,Pantalón,420.59,2,Efectivo,841.18
V1008750,2025-05-01,Trujillo,Hogar,Aspiradora,153.84,4,Tarjeta,615.36
V1008751,2025-12-14,Cusco,Tecnología,Tablet,400.24,1,Efectivo,400.24
V1008752,2025-05-03,Cusco,Belleza,Shampoo,452.07,5,Plin,2260.35
V1008753,2025-07-26,Cusco,Alimentos,Arroz,181.33,1,Plin,181.33
V1008754,2025-08-27,Trujillo,Hogar,Olla,198.23,3,Plin,594.69
V1008755,2025-12-22,Lima,Belleza,Shampoo,236.77,4,Tarjeta,947.08
V1008756,2025-04-24,Lima,Tecnología,Celular,99.4,2,Yape,198.8
V1008757,2025-02-24,Trujillo,Alimentos,Arroz,38.99,5,Efectivo,194.95
V1008758,2025-11-03,Lima,Hogar,Licuadora,487.59,1,Plin,487.59
V1008759,2025-08-23,Lima,Moda,Pantalón,211.53,5,Plin,1057.65
V1008760,2025-05-20,Lima,,Shampoo,324.26,5,,1621.3
V1008761,2025-12-10,Piura,Moda,Casaca,133.82,3,Tarjeta,401.46
V1008762,2025-08-05,Arequipa,Tecnología,Audífonos,128.54,5,Plin,642.7
V1008763,2025-11-22,Trujillo,Hogar,Licuadora,226.94,5,Yape,1134.7
V1008764,2025-05-26,Cusco,Belleza,Perfume,286.59,4,Yape,1146.36
V1008765,2025-12-13,Piura,Moda,Camisa,60.99,3,Tarjeta,182.97
V1008766,2025-12-28,Trujillo,Hogar,Microondas,38.13,3,Yape,114.39
V1008767,2025-11-27,Piura,Tecnología,Celular,485.91,4,Tarjeta,1943.64
V1008768,2025-09-19,Piura,Belleza,Perfume,204.57,2,Tarjeta,409.14
V1008769,2025-04-06,Piura,Alimentos,Atún,154.33,5,Tarjeta,771.65
V1008770,2025-07-17,Piura,Alimentos,Arroz,376.12,1,Efectivo,376.12
V1008771,2025-03-27,Arequipa,Belleza,Crema,207.91,4,Tarjeta,831.64
V1008772,2025-04-27,Arequipa,Tecnología,Celular,177.95,2,Efectivo,355.9
V1008773,2025-06-14,Trujillo,Alimentos,Aceite,273.27,5,Tarjeta,1366.35
V1008774,2025-03-18,Cusco,Moda,Zapatillas,331.83,2,Tarjeta,663.66
V1008775,2025-05-31,Trujillo,Belleza,Perfume,337.42,4,Yape,1349.68
V1008776,2025-03-14,Trujillo,Moda,Zapatillas,186.04,1,Efectivo,186.04
V1008777,2025-03-06,Piura,Alimentos,Café,182.06,3,Plin,546.18
V1008778,2025-04-02,Trujillo,Hogar,Aspiradora,179.72,2,Tarjeta,359.44
V1008779,2025-04-11,Cusco,Belleza,Shampoo,60.01,4,Plin,240.04
V1008780,2025-09-15,Piura,Tecnología,Celular,166.62,4,Yape,666.48
V1008781,2025-07-21,Lima,Alimentos,Atún,62.23,3,Tarjeta,186.69
V1008782,2025-11-10,Lima,Belleza,Shampoo,264.26,3,Efectivo,792.78
V1008783,2025-06-08,Lima,Moda,Camisa,166.79,5,Efectivo,833.95
V1008784,2025-10-02,Lima,Belleza,Maquillaje,88.41,1,Yape,88.41
V1008785,2025-09-10,Cusco,Hogar,Licuadora,462.92,1,Tarjeta,462.92
V1008786,2025-01-10,Trujillo,Hogar,Aspiradora,125.92,2,Efectivo,251.84
V1008787,2025-07-18,Trujillo,Hogar,Microondas,52.71,2,Tarjeta,105.42
V1008788,2025-09-06,Piura,Belleza,Maquillaje,492.37,5,Yape,2461.85
V1008789,2025-05-26,Trujillo,Alimentos,Atún,167.14,4,Yape,668.56
V1008790,2025-05-31,Piura,Hogar,Licuadora,454.95,3,Tarjeta,1364.85
V1008791,2025-11-21,Trujillo,Hogar,Microondas,397.67,5,Tarjeta,1988.35
V1008792,2025-01-06,Arequipa,Hogar,Olla,486.01,5,Tarjeta,2430.05
V1008793,2025-03-18,Cusco,Moda,Pantalón,393.34,4,Efectivo,1573.36
V1008794,2025-06-11,Lima,Belleza,Shampoo,480.2,5,Tarjeta,2401.0
V1008795,2025-05-13,Trujillo,Alimentos,Atún,478.96,5,Tarjeta,2394.8
V1008796,2025-07-02,Lima,Belleza,Maquillaje,262.48,2,Plin,524.96
V1008797,2025-12-09,Cusco,Tecnología,Laptop,114.32,3,Tarjeta,342.96
V1008798,2025-04-26,Arequipa,Tecnología,Laptop,153.87,2,Plin,307.74
V1008799,2025-12-03,Piura,Alimentos,Café,270.43,4,Plin,1081.72
V1008800,2025-02-14,Trujillo,Hogar,Olla,415.81,3,Tarjeta,1247.43
V1008801,2025-01-30,Trujillo,Tecnología,Celular,349.17,4,Plin,1396.68
V1008802,2025-01-21,Cusco,Tecnología,Audífonos,152.14,5,Efectivo,760.7
V1008803,2025-03-20,Arequipa,Belleza,Shampoo,86.84,2,Tarjeta,173.68
V1008804,2025-08-24,Trujillo,Belleza,Crema,129.55,3,Plin,388.65
V1008805,2025-04-01,Lima,Belleza,Perfume,68.47,1,Tarjeta,68.47
V1008806,2025-01-17,Piura,Tecnología,Audífonos,370.43,5,Efectivo,1852.15
V1008807,2025-07-28,Lima,Tecnología,Tablet,26.38,3,Yape,79.14
V1008808,2025-10-12,Trujillo,,Café,77.58,2,Efectivo,155.16
V1008809,2025-03-02,Piura,Belleza,Shampoo,392.68,1,Yape,392.68
V1008810,2025-11-16,Arequipa,Hogar,Microondas,126.26,5,Efectivo,631.3
V1008811,2025-12-01,Arequipa,Moda,Pantalón,261.07,2,Plin,522.14
V1008812,2025-04-23,Trujillo,Belleza,Crema,400.53,4,Plin,1602.12
V1008813,2025-06-22,Piura,Alimentos,Arroz,77.17,5,Plin,385.85
V1008814,2025-06-29,Trujillo,Hogar,Licuadora,102.96,1,Efectivo,102.96
V1008815,2025-01-14,Trujillo,Tecnología,Tablet,213.5,4,Tarjeta,854.0
V1008816,2025-11-19,Arequipa,Moda,Camisa,362.28,3,Plin,1086.84
V1008817,2025-12-12,Lima,Tecnología,Audífonos,45.09,2,Plin,90.18
V1008818,2025-02-23,Piura,Hogar,Licuadora,328.57,5,Efectivo,1642.85
V1008819,2025-07-08,Trujillo,Tecnología,Audífonos,429.53,2,Plin,859.06
V1008820,2025-02-06,Trujillo,Moda,Pantalón,451.03,5,Plin,2255.15
V1008821,2025-07-10,Arequipa,Tecnología,Audífonos,22.25,1,Yape,22.25
V1008822,2025-07-25,Arequipa,Belleza,Shampoo,149.57,5,Tarjeta,747.85
V1008823,2025-02-07,Piura,Tecnología,Audífonos,170.88,3,Plin,512.64
V1008824,2025-04-02,Piura,Belleza,Crema,310.58,1,Efectivo,310.58
V1008825,2025-10-14,Cusco,Moda,Camisa,155.0,1,Yape,155.0
V1008826,2025-06-03,Cusco,Hogar,Aspiradora,285.15,1,Tarjeta,285.15
V1008827,2025-04-30,Arequipa,Belleza,Maquillaje,223.72,2,Plin,447.44
V1008828,2025-01-19,Lima,Hogar,Licuadora,253.0,3,Yape,759.0
V1008829,2025-01-22,Cusco,Tecnología,Celular,263.34,4,Yape,1053.36
V1008830,2025-12-27,Piura,Tecnología,Tablet,485.96,1,Yape,485.96
V1008831,2025-08-24,Cusco,Belleza,Perfume,236.75,3,Plin,710.25
V1008832,2025-11-07,Cusco,Tecnología,Celular,297.06,3,Yape,891.18
V1008833,2025-05-24,Cusco,Alimentos,Atún,306.47,1,Yape,306.47
V1008834,2025-06-17,Piura,Hogar,Microondas,281.27,4,Tarjeta,1125.08
V1008835,2025-05-03,Trujillo,,Maquillaje,238.14,1,Yape,238.14
V1008836,2025-12-18,Piura,Alimentos,Atún,147.54,4,Plin,590.16
V1008837,2025-10-01,Trujillo,Alimentos,Café,475.34,1,Tarjeta,475.34
V1008838,2025-08-06,Arequipa,Hogar,Olla,324.48,4,Tarjeta,1297.92
V1008839,2025-11-25,Lima,,Aceite,494.57,1,Plin,494.57
V1008840,2025-12-28,Lima,Tecnología,Laptop,181.73,4,Yape,726.92
V1008841,2025-07-21,Arequipa,Alimentos,Aceite,126.31,5,Plin,631.55
V1008842,2025-09-06,Lima,Alimentos,Atún,455.56,1,Yape,455.56
V1008843,2025-05-14,Lima,Moda,Camisa,449.63,4,Plin,1798.52
V1008844,2025-08-28,Cusco,,Casaca,185.45,4,Tarjeta,741.8
V1008845,2025-07-02,Cusco,Hogar,Olla,19.32,4,Tarjeta,77.28
V1008846,2025-12-30,Lima,Moda,Zapatillas,74.48,5,Tarjeta,372.4
V1008847,2025-09-06,Trujillo,Moda,Zapatillas,358.03,4,Yape,1432.12
V1008848,2025-03-25,Arequipa,Alimentos,Arroz,42.17,3,Plin,126.51
V1008849,2025-02-04,Lima,,Café,466.38,5,Efectivo,2331.9
V1008850,2025-09-19,Cusco,Hogar,Licuadora,444.53,5,Yape,2222.65
V1008851,2025-10-22,Piura,Tecnología,Laptop,398.56,4,Efectivo,1594.24
V1008852,2025-12-31,Cusco,,Casaca,223.55,4,Plin,894.2
V1008853,2025-02-05,Piura,Hogar,Olla,257.87,1,Yape,257.87
V1008854,2025-08-15,Cusco,Hogar,Microondas,94.44,2,Plin,188.88
V1008855,2025-12-28,Arequipa,Belleza,Maquillaje,309.16,5,Efectivo,1545.8
V1008856,2025-03-05,Trujillo,Hogar,Licuadora,367.36,1,Yape,367.36
V1008857,2025-07-01,Lima,Tecnología,Tablet,376.33,3,Yape,1128.99
V1008858,2025-09-07,Lima,Alimentos,Aceite,309.36,4,Yape,1237.44
V1008859,2025-06-02,Lima,Belleza,Crema,399.19,1,Yape,399.19
V1008860,2025-10-20,Piura,Alimentos,Aceite,73.05,2,Yape,146.1
V1008861,2025-01-23,Lima,Moda,Pantalón,278.78,1,Efectivo,278.78
V1008862,2025-01-29,Cusco,Tecnología,Tablet,348.89,5,Yape,1744.45
V1008863,2025-05-05,Cusco,Hogar,Olla,20.06,2,Yape,40.12
V1008864,2025-03-13,Lima,,Celular,413.14,3,Plin,1239.42
V1008865,2025-07-18,Arequipa,Belleza,Crema,219.45,4,Plin,877.8
V1008866,2025-11-18,Cusco,Belleza,Maquillaje,33.29,4,Plin,133.16
V1008867,2025-09-18,Cusco,Alimentos,Café,55.76,5,Plin,278.8
V1008868,2025-11-25,Cusco,Tecnología,Tablet,487.01,3,Tarjeta,1461.03
V1008869,2025-11-13,Trujillo,Alimentos,Arroz,254.32,5,Plin,1271.6
V1008870,2025-01-13,Lima,Hogar,Aspiradora,123.17,4,,492.68
V1008871,2025-07-29,Trujillo,Hogar,Olla,247.61,5,Efectivo,1238.05
V1008872,2025-02-05,Arequipa,Tecnología,Celular,65.15,1,Tarjeta,65.15
V1008873,2025-02-04,Cusco,,Aspiradora,92.21,4,Yape,368.84
V1008874,2025-11-24,Lima,Belleza,Crema,269.81,2,Efectivo,539.62
V1008875,2025-11-13,Trujillo,Tecnología,Tablet,49.71,5,Efectivo,248.55
V1008876,2025-04-11,Cusco,Belleza,Crema,76.57,3,Efectivo,229.71
V1008877,2025-07-04,Piura,Alimentos,Arroz,35.08,5,Tarjeta,175.4
V1008878,2025-08-02,Cusco,Tecnología,Audífonos,474.95,4,Plin,1899.8
V1008879,2025-08-18,Piura,Tecnología,Celular,47.54,3,Plin,142.62
V1008880,2025-02-09,Trujillo,Moda,Pantalón,49.15,5,,245.75
V1008881,2025-12-11,Piura,Belleza,Maquillaje,497.8,1,Plin,497.8
V1008882,2025-04-01,Piura,,Shampoo,103.47,5,Efectivo,517.35
V1008883,2025-06-23,Trujillo,Moda,Pantalón,355.27,3,Plin,1065.81
V1008884,2025-01-06,Piura,Belleza,Crema,228.21,4,Plin,912.84
V1008885,2025-01-20,Cusco,Moda,Zapatillas,213.33,4,Efectivo,853.32
V1008886,2025-09-22,Piura,Alimentos,Café,353.19,3,Efectivo,1059.57
V1008887,2025-07-18,Trujillo,Tecnología,Laptop,305.3,4,Tarjeta,1221.2
V1008888,2025-10-28,Piura,Tecnología,Audífonos,287.17,3,Tarjeta,861.51
V1008889,2025-09-15,Trujillo,Hogar,Microondas,164.67,5,Plin,823.35
V1008890,2025-12-28,Piura,Tecnología,Audífonos,471.77,1,Efectivo,471.77
V1008891,2025-06-04,Cusco,Belleza,Perfume,39.19,2,Plin,78.38
V1008892,2025-10-19,Arequipa,Belleza,Perfume,282.19,5,Yape,1410.95
V1008893,2025-09-02,Cusco,Hogar,Microondas,268.65,1,Efectivo,268.65
V1008894,2025-10-13,Lima,,Pantalón,252.0,4,Yape,1008.0
V1008895,2025-12-27,Cusco,Alimentos,Atún,16.46,4,Plin,65.84
V1008896,2025-08-30,Arequipa,Belleza,Perfume,324.38,2,Yape,648.76
V1008897,2025-02-18,Piura,Alimentos,Atún,223.56,2,Tarjeta,447.12
V1008898,2025-11-14,Lima,Moda,Casaca,469.24,5,Yape,2346.2
V1008899,2025-07-10,Piura,Alimentos,Café,112.69,3,Tarjeta,338.07
V1008900,2025-05-17,Trujillo,Moda,Casaca,72.94,4,Plin,291.76
V1008901,2025-01-08,Arequipa,Alimentos,Café,173.25,5,Plin,866.25
V1008902,2025-01-20,Cusco,Tecnología,Tablet,356.69,2,Plin,713.38
V1008903,2025-08-17,Piura,Tecnología,Celular,227.93,2,Tarjeta,455.86
V1008904,2025-05-14,Trujillo,Belleza,Perfume,71.56,5,,357.8
V1008905,2025-03-29,Piura,Tecnología,Audífonos,12.7,2,Yape,25.4
V1008906,2025-02-17,Arequipa,Moda,Zapatillas,392.38,9999,Yape,1177.14
V1008907,2025-07-10,Lima,Hogar,Licuadora,490.96,1,Tarjeta,490.96
V1008908,2025-02-24,Lima,Belleza,Crema,368.41,5,Tarjeta,1842.05
V1008909,2025-09-14,Lima,Hogar,Aspiradora,254.61,1,Yape,254.61
V1008910,2025-05-13,Piura,Alimentos,Arroz,113.12,4,Plin,452.48
V1008911,2025-12-31,Piura,Belleza,Perfume,404.2,5,Plin,2021.0
V1008912,2025-09-27,Piura,Tecnología,Laptop,335.27,5,Yape,1676.35
V1008913,2025-07-19,Piura,Belleza,Shampoo,93.45,4,Yape,373.8
V1008914,2025-02-05,Lima,Belleza,Maquillaje,313.36,3,Efectivo,940.08
V1008915,2025-12-25,Arequipa,Tecnología,Laptop,209.13,1,Yape,209.13
V1008916,2025-03-05,Cusco,Moda,Camisa,55.25,2,Efectivo,110.5
V1008917,2025-08-15,Trujillo,Hogar,Microondas,331.46,1,Tarjeta,331.46
V1008918,2025-06-22,Cusco,Hogar,Microondas,186.82,2,Plin,373.64
V1008919,2025-09-28,Piura,Moda,Casaca,463.1,1,Efectivo,463.1
V1008920,2025-04-19,Piura,Hogar,Microondas,323.94,2,Tarjeta,647.88
V1008921,2025-02-12,Arequipa,,Maquillaje,319.36,2,Efectivo,638.72
V1008922,2025-07-08,Cusco,Hogar,Aspiradora,453.68,5,Yape,2268.4
V1008923,2025-12-30,Arequipa,Alimentos,Atún,206.4,1,Plin,206.4
V1008924,2025-08-16,Arequipa,Alimentos,Arroz,166.96,1,Efectivo,166.96
V1008925,2025-08-26,Trujillo,Hogar,Aspiradora,249.91,3,Tarjeta,749.73
V1008926,2025-11-30,Lima,Tecnología,Laptop,421.7,1,Plin,421.7
V1008927,2025-07-30,Cusco,Moda,Zapatillas,26.21,1,Tarjeta,26.21
V1008928,2025-04-02,Piura,Alimentos,Café,119.0,2,,238.0
V1008929,2025-01-01,Cusco,Alimentos,Atún,177.0,2,Yape,354.0
V1008930,2025-07-18,Cusco,Alimentos,Aceite,313.83,4,Yape,1255.32
V1008931,2025-10-05,Piura,Tecnología,Tablet,419.03,5,Tarjeta,2095.15
V1008932,2025-01-21,Trujillo,Moda,Pantalón,30.67,1,Tarjeta,30.67
V1008933,2025-06-16,Arequipa,Tecnología,Celular,420.38,2,Efectivo,840.76
V1008934,2025-03-23,Lima,Tecnología,Audífonos,217.98,1,Plin,217.98
V1008935,2025-04-01,Lima,Moda,Casaca,288.42,2,Plin,576.84
V1008936,2025-09-19,Piura,Belleza,Maquillaje,434.97,5,Efectivo,2174.85
V1008937,2025-06-26,Piura,Hogar,Aspiradora,382.34,3,Efectivo,1147.02
V1008938,2025-03-28,Trujillo,Tecnología,Laptop,109.3,5,Plin,546.5
V1008939,2025-01-13,Lima,Belleza,Shampoo,426.55,2,Yape,853.1
V1008940,2025-07-07,Arequipa,Belleza,Shampoo,284.07,2,Tarjeta,568.14
V1008941,2025-01-05,Piura,Tecnología,Laptop,321.56,3,Plin,964.68
V1008942,2025-11-05,Trujillo,Alimentos,Aceite,394.58,1,Yape,394.58
V1008943,2025-04-04,Lima,Hogar,Microondas,393.66,3,Plin,1180.98
V1008944,2025-07-10,Piura,Tecnología,Celular,447.31,5,Efectivo,2236.55
V1008945,2025-05-30,Trujillo,Tecnología,Tablet,404.6,2,Yape,809.2
V1008946,2025-06-19,Arequipa,Hogar,Microondas,72.57,5,Plin,362.85
V1008947,2025-11-11,Trujillo,Belleza,Shampoo,33.13,5,Yape,165.65
V1008948,2025-04-03,Trujillo,Belleza,Perfume,474.53,5,Efectivo,2372.65
V1008949,2025-11-20,Lima,Moda,Camisa,133.28,2,Tarjeta,266.56
V1008950,2025-03-17,Piura,Moda,Camisa,62.99,2,Yape,125.98
V1008951,2025-06-25,Cusco,Tecnología,Tablet,189.56,1,Plin,189.56
V1008952,2025-01-06,Lima,,Olla,377.99,2,Yape,755.98
V1008953,2025-02-03,Arequipa,Alimentos,Arroz,49.72,1,Efectivo,49.72
V1008954,2025-11-11,Trujillo,Moda,Zapatillas,181.35,3,Efectivo,544.05
V1008955,2025-10-06,Lima,Hogar,Licuadora,462.22,5,Tarjeta,2311.1
V1008956,2025-02-13,Piura,Belleza,Maquillaje,229.82,3,Tarjeta,689.46
V1008957,2025-04-22,Trujillo,Moda,Zapatillas,287.09,2,Plin,574.18
V1008958,2025-07-26,Trujillo,Belleza,Perfume,261.69,2,Efectivo,523.38
V1008959,2025-05-20,Cusco,Hogar,Microondas,220.06,3,Tarjeta,660.18
V1008960,2025-06-18,Arequipa,Tecnología,Audífonos,65.96,1,Efectivo,65.96
V1008961,2025-02-04,Trujillo,Tecnología,Laptop,52.04,1,Yape,52.04
V1008962,2025-11-30,Trujillo,Moda,Camisa,465.35,1,Efectivo,465.35
V1008963,2025-03-05,Cusco,,Tablet,-198.36,1,Yape,198.36
V1008964,2025-08-22,Cusco,Hogar,Aspiradora,441.65,4,Plin,1766.6
V1008965,2025-11-28,Arequipa,Belleza,Crema,401.69,1,Plin,401.69
V1008966,2025-01-25,Arequipa,Moda,Camisa,205.44,2,,410.88
V1008967,2025-10-25,Trujillo,Belleza,Maquillaje,39.98,1,Plin,39.98
V1008968,2025-11-07,Piura,Tecnología,Laptop,11.08,2,Yape,22.16
V1008969,2025-03-05,Cusco,Moda,Camisa,419.55,5,Tarjeta,2097.75
V1008970,2025-04-09,Lima,Moda,Casaca,458.18,3,Yape,1374.54
V1008971,2025-11-01,Piura,Belleza,Shampoo,114.68,1,Yape,114.68
V1008972,2025-11-25,Trujillo,Belleza,Perfume,158.79,1,Plin,158.79
V1008973,2025-01-15,Arequipa,Tecnología,Celular,167.65,5,Tarjeta,838.25
V1008974,2025-04-04,Cusco,Belleza,Shampoo,341.97,5,Plin,1709.85
V1008975,2025-10-20,Lima,Hogar,Aspiradora,394.33,5,Efectivo,1971.65
V1008976,2025-04-12,Trujillo,Moda,Camisa,279.2,1,Yape,279.2
V1008977,2025-06-09,Cusco,Alimentos,Atún,91.21,4,Plin,364.84
V1008978,2025-08-20,Cusco,Tecnología,Tablet,437.9,5,Efectivo,2189.5
V1008979,2025-10-13,Cusco,Alimentos,Arroz,372.94,2,,745.88
V1008980,2025-03-11,Cusco,Moda,Camisa,52.47,4,Efectivo,209.88
V1008981,2025-06-16,Lima,Alimentos,Aceite,344.4,2,Plin,688.8
V1008982,2025-05-12,Arequipa,Moda,Zapatillas,456.69,5,Tarjeta,2283.45
V1008983,2025-12-21,Piura,Hogar,Aspiradora,467.66,3,Yape,1402.98
V1008984,2025-05-12,Lima,,Olla,379.61,2,Efectivo,759.22
V1008985,2025-01-06,Trujillo,Hogar,Olla,350.26,2,Plin,700.52
V1008986,2025-10-08,Lima,Moda,Zapatillas,79.52,4,Plin,318.08
V1008987,2025-11-23,Cusco,Belleza,Shampoo,335.93,1,Tarjeta,335.93
V1008988,2025-03-01,Arequipa,Alimentos,Arroz,453.71,5,Yape,2268.55
V1008989,2025-05-28,Trujillo,Tecnología,Audífonos,459.75,3,Plin,1379.25
V1008990,2025-01-10,Lima,Tecnología,Laptop,469.57,2,Efectivo,939.14
V1008991,2025-07-06,Lima,Alimentos,Café,173.04,3,,519.12
V1008992,2025-09-04,Cusco,Belleza,Crema,59.83,4,Yape,239.32
V1008993,2025-08-04,Lima,Alimentos,Aceite,309.01,1,Efectivo,309.01
V1008994,2025-01-24,Piura,Hogar,Microondas,117.2,3,Efectivo,351.6
V1008995,2025-11-23,Piura,Belleza,Shampoo,15.9,4,Plin,63.6
V1008996,2025-06-23,Piura,Hogar,Microondas,46.52,4,Plin,186.08
V1008997,2025-05-02,Trujillo,Tecnología,Laptop,69.69,3,Tarjeta,209.07
V1008998,2025-02-21,Arequipa,Moda,Casaca,424.74,5,Plin,2123.7
V1008999,2025-11-20,Piura,Alimentos,Arroz,439.22,1,Yape,439.22
V1009000,2025-10-05,Arequipa,Hogar,Microondas,289.36,5,Yape,1446.8
V1009001,2025-04-27,Piura,Belleza,Maquillaje,224.12,1,Yape,224.12
V1009002,2025-05-20,Lima,Hogar,Olla,285.71,4,Efectivo,1142.84
V1009003,2025-04-28,Arequipa,Alimentos,Atún,269.95,2,Yape,539.9
V1009004,2025-08-29,Arequipa,Alimentos,Aceite,51.82,2,Plin,103.64
V1009005,2025-05-16,Trujillo,Tecnología,Tablet,462.77,4,Tarjeta,1851.08
V1009006,2025-08-27,Piura,Moda,Camisa,383.42,3,Yape,1150.26
V1009007,2025-06-29,Trujillo,Hogar,Olla,246.91,2,Tarjeta,493.82
V1009008,2025-05-12,Arequipa,Tecnología,Audífonos,298.89,2,Plin,597.78
V1009009,2025-12-09,Lima,Hogar,Aspiradora,108.71,5,Yape,543.55
V1009010,2025-12-14,Piura,Belleza,Crema,482.11,1,Yape,482.11
V1009011,2025-03-20,Cusco,Hogar,Aspiradora,244.51,1,Efectivo,244.51
V1009012,2025-12-17,Trujillo,Tecnología,Laptop,114.47,4,Yape,457.88
V1009013,2025-03-18,Cusco,Tecnología,Laptop,418.98,2,Efectivo,837.96
V1009014,2025-07-26,Arequipa,Alimentos,Arroz,289.6,4,,1158.4
V1009015,2025-03-04,Lima,Alimentos,Café,219.44,3,Plin,658.32
V1009016,2025-09-05,Cusco,Hogar,Aspiradora,152.37,3,,457.11
V1009017,2025-08-16,Arequipa,Alimentos,Aceite,471.09,2,Plin,942.18
V1009018,2025-05-19,Cusco,,Laptop,358.73,5,Efectivo,1793.65
V1009019,2025-09-03,Lima,Hogar,Microondas,313.79,1,Yape,313.79
V1009020,2025-06-11,Trujillo,Hogar,Microondas,226.5,3,Efectivo,679.5
V1009021,2025-08-11,Arequipa,Belleza,Perfume,491.77,1,Yape,491.77
V1009022,2025-05-17,Lima,Alimentos,Aceite,142.08,3,Plin,426.24
V1009023,2025-02-23,Piura,Tecnología,Celular,240.64,5,Yape,1203.2
V1009024,2025-03-18,Cusco,Alimentos,Café,212.05,4,Efectivo,848.2
V1009025,2025-10-17,Arequipa,Hogar,Licuadora,176.78,4,Plin,707.12
V1009026,2025-06-03,Cusco,Hogar,Licuadora,402.94,1,Efectivo,402.94
V1009027,2025-09-27,Cusco,Hogar,Microondas,266.3,5,Tarjeta,1331.5
V1009028,2025-02-22,Trujillo,Alimentos,Aceite,328.96,3,Yape,986.88
V1009029,2025-01-22,Trujillo,Moda,Casaca,134.86,4,,539.44
V1009030,2025-06-03,Cusco,Moda,Pantalón,196.53,3,Tarjeta,589.59
V1009031,2025-05-27,Trujillo,Moda,Zapatillas,375.98,5,Yape,1879.9
V1009032,2025-10-23,Arequipa,Alimentos,Arroz,406.52,3,Efectivo,1219.56
V1009033,2025-08-04,Trujillo,Alimentos,Aceite,469.08,5,Tarjeta,2345.4
V1009034,2025-03-17,Lima,Alimentos,Arroz,237.06,4,Plin,948.24
V1009035,2025-09-09,Cusco,Alimentos,Atún,321.8,5,Yape,1609.0
V1009036,2025-04-30,Piura,Hogar,Microondas,461.43,2,Yape,922.86
V1009037,2025-02-10,Lima,Belleza,Shampoo,194.82,2,Tarjeta,389.64
V1009038,2025-11-11,Arequipa,Belleza,Crema,142.18,2,Efectivo,284.36
V1009039,2025-06-06,Trujillo,Belleza,Crema,442.83,3,,1328.49
V1009040,2025-07-18,Arequipa,Hogar,Olla,478.16,3,Efectivo,1434.48
V1009041,2025-04-14,Piura,Hogar,Olla,58.34,4,Plin,233.36
V1009042,2025-07-02,Trujillo,Moda,Zapatillas,266.88,2,Efectivo,533.76
V1009043,2025-04-02,Lima,Tecnología,Laptop,303.24,2,Yape,606.48
V1009044,2025-01-30,Arequipa,Tecnología,Audífonos,244.93,5,Tarjeta,1224.65
V1009045,2025-05-29,Trujillo,,Arroz,459.6,1,Yape,459.6
V1009046,2025-03-31,Piura,Hogar,Licuadora,177.15,5,Tarjeta,885.75
V1009047,2025-10-01,Arequipa,Belleza,Crema,384.12,3,Efectivo,1152.36
V1009048,2025-05-15,Cusco,Tecnología,Audífonos,253.77,4,Tarjeta,1015.08
V1009049,2025-10-14,Trujillo,Hogar,Licuadora,16.86,4,Plin,67.44
V1009050,2025-08-21,Arequipa,Alimentos,Café,317.78,3,Tarjeta,953.34
V1009051,2025-07-02,Piura,Hogar,Microondas,34.28,4,,137.12
V1009052,2025-01-12,Arequipa,,Aceite,217.93,5,Tarjeta,1089.65
V1009053,2025-01-08,Piura,Belleza,Maquillaje,116.1,4,Tarjeta,464.4
V1009054,2025-05-25,Arequipa,Hogar,Microondas,270.98,4,Tarjeta,1083.92
V1009055,2025-02-06,Cusco,Belleza,Crema,255.07,3,Tarjeta,765.21
V1009056,2025-01-19,Trujillo,Alimentos,Atún,67.25,2,Tarjeta,134.5
V1009057,2025-03-31,Lima,Moda,Camisa,79.59,4,Plin,318.36
V1009058,2025-03-29,Arequipa,Tecnología,Audífonos,160.35,2,Yape,320.7
V1009059,2025-09-10,Piura,Alimentos,Arroz,469.16,3,Yape,1407.48
V1009060,2025-10-26,Arequipa,Belleza,Crema,179.11,4,Plin,716.44
V1009061,2025-08-29,Cusco,Belleza,Crema,238.72,2,Efectivo,477.44
V1009062,2025-04-14,Cusco,Tecnología,Tablet,281.34,4,Plin,1125.36
V1009063,2025-03-26,Cusco,Belleza,Maquillaje,13.16,3,Tarjeta,39.48
V1009064,2025-08-30,Arequipa,Alimentos,Atún,226.04,4,Efectivo,904.16
V1009065,2025-04-22,Trujillo,Hogar,Aspiradora,316.17,5,Plin,1580.85
V1009066,2025-07-12,Piura,Tecnología,Celular,31.39,3,Yape,94.17
V1009067,2025-12-27,Cusco,Alimentos,Arroz,424.64,3,Efectivo,1273.92
V1009068,2025-02-13,Piura,,Laptop,311.74,3,Plin,935.22
V1009069,2025-09-14,Lima,Belleza,Crema,242.84,3,Yape,728.52
V1009070,2025-11-16,Cusco,Tecnología,Audífonos,179.84,3,Plin,539.52
V1009071,2025-12-12,Lima,Alimentos,Atún,382.23,3,Yape,1146.69
V1009072,2025-12-05,Lima,Tecnología,Laptop,129.27,2,Efectivo,258.54
V1009073,2025-08-10,Arequipa,Alimentos,Café,226.83,3,Efectivo,680.49
V1009074,2025-08-03,Lima,Moda,Casaca,491.99,3,Yape,1475.97
V1009075,2025-04-08,Piura,Belleza,Shampoo,212.15,2,Tarjeta,424.3
V1009076,2025-01-06,Piura,Belleza,Perfume,168.27,4,Plin,673.08
V1009077,2025-05-27,Cusco,Moda,Zapatillas,373.72,1,Tarjeta,373.72
V1009078,2025-01-29,Arequipa,Belleza,Maquillaje,215.99,5,Efectivo,1079.95
V1009079,2025-10-15,Cusco,Belleza,Shampoo,48.52,3,Efectivo,145.56
V1009080,2025-08-30,Trujillo,Moda,Camisa,228.95,5,Tarjeta,1144.75
V1009081,2025-07-06,Cusco,Moda,Camisa,118.46,3,Yape,355.38
V1009082,2025-09-30,Trujillo,Belleza,Perfume,432.38,2,Yape,864.76
V1009083,2025-11-19,Trujillo,Hogar,Aspiradora,352.67,5,Yape,1763.35
V1009084,2025-06-18,Cusco,Alimentos,Aceite,337.61,4,Plin,1350.44
V1009085,2025-02-06,Cusco,Moda,Zapatillas,196.23,2,Yape,392.46
V1009086,2025-06-04,Piura,Tecnología,Celular,140.26,4,Efectivo,561.04
V1009087,2025-03-31,Trujillo,Tecnología,Audífonos,429.55,5,Efectivo,2147.75
V1009088,2025-12-28,Piura,Moda,Pantalón,319.2,4,Plin,1276.8
V1009089,2025-11-22,Arequipa,Hogar,Microondas,54.09,1,Tarjeta,54.09
V1009090,2025-07-20,Piura,Moda,Pantalón,466.97,5,Yape,2334.85
V1009091,2025-12-09,Cusco,Moda,Pantalón,132.53,5,Plin,662.65
V1009092,2025-05-26,Trujillo,Alimentos,Aceite,99.36,2,Plin,198.72
V1009093,2025-11-06,Lima,Hogar,Microondas,27.77,5,Tarjeta,138.85
V1009094,2025-07-24,Lima,Hogar,Aspiradora,200.63,4,Efectivo,802.52
V1009095,2025-09-09,Arequipa,Moda,Pantalón,54.02,5,Efectivo,270.1
V1009096,2025-11-30,Arequipa,Tecnología,Laptop,318.96,3,Efectivo,956.88
V1009097,2025-11-28,Trujillo,Alimentos,Arroz,354.4,1,Plin,354.4
V1009098,2025-06-26,Arequipa,Belleza,Shampoo,426.62,3,Plin,1279.86
V1009099,2025-09-28,Cusco,Moda,Zapatillas,211.59,4,Yape,846.36
V1009100,2025-01-30,Cusco,Alimentos,Aceite,266.93,3,Yape,800.79
V1009101,2025-04-27,Trujillo,Tecnología,Audífonos,326.6,1,Yape,326.6
V1009102,2025-12-06,Trujillo,Alimentos,Arroz,118.45,2,Plin,236.9
V1009103,2025-10-04,Cusco,Alimentos,Arroz,10.89,2,Efectivo,21.78
V1009104,2025-09-23,Arequipa,Belleza,Maquillaje,406.51,4,Yape,1626.04
V1009105,2025-01-25,Lima,Belleza,Crema,410.52,2,Yape,821.04
V1009106,2025-05-13,Arequipa,Belleza,Perfume,42.94,1,Yape,42.94
V1009107,2025-07-19,Piura,Belleza,Maquillaje,275.22,3,,825.66
V1009108,2025-05-29,Lima,Tecnología,Tablet,383.32,3,Yape,1149.96
V1009109,2025-05-31,Piura,Belleza,Maquillaje,317.42,5,Tarjeta,1587.1
V1009110,2025-02-04,Lima,Tecnología,Celular,260.9,2,Yape,521.8
V1009111,2025-03-11,Trujillo,Moda,Camisa,176.32,5,Plin,881.6
V1009112,2025-11-04,Cusco,Hogar,Microondas,152.8,5,Plin,764.0
V1009113,2025-12-25,Cusco,Hogar,Aspiradora,377.22,3,Efectivo,1131.66
V1009114,2025-10-06,Piura,Tecnología,Celular,372.37,5,Tarjeta,1861.85
V1009115,2025-03-24,Lima,Belleza,Perfume,274.45,2,Plin,548.9
V1009116,2025-02-10,Cusco,Belleza,Shampoo,284.19,1,Tarjeta,284.19
V1009117,2025-11-19,Trujillo,Moda,Casaca,458.68,1,Plin,458.68
V1009118,2025-07-24,Trujillo,Alimentos,Café,66.6,3,Efectivo,199.8
V1009119,2025-10-05,Trujillo,Tecnología,Tablet,126.83,3,Yape,380.49
V1009120,2025-05-15,Lima,Tecnología,Audífonos,444.79,3,Plin,1334.37
V1009121,2025-06-20,Arequipa,Tecnología,Audífonos,83.03,3,Plin,249.09
V1009122,2025-09-10,Lima,Tecnología,Tablet,298.07,5,Tarjeta,1490.35
V1009123,2025-01-14,Piura,Alimentos,Atún,485.66,2,Tarjeta,971.32
V1009124,2025-05-29,Piura,Belleza,Maquillaje,341.83,2,Plin,683.66
V1009125,2025-10-13,Lima,Belleza,Maquillaje,224.65,2,Tarjeta,449.3
V1009126,2025-11-23,Trujillo,Belleza,Maquillaje,251.24,3,Yape,753.72
V1009127,2025-07-13,Arequipa,Alimentos,Atún,444.26,4,Tarjeta,1777.04
V1009128,2025-07-25,Lima,Hogar,Licuadora,187.53,1,Yape,187.53
V1009129,2025-04-15,Lima,Tecnología,Tablet,296.1,4,Efectivo,1184.4
V1009130,2025-08-01,Trujillo,Moda,Camisa,379.92,2,Tarjeta,759.84
V1009131,2025-09-06,Lima,Belleza,Maquillaje,84.17,4,Efectivo,336.68
V1009132,2025-07-29,Piura,Hogar,Microondas,298.73,3,Plin,896.19
V1009133,2025-12-30,Piura,Tecnología,Laptop,361.99,1,Tarjeta,361.99
V1009134,2025-01-20,Cusco,Tecnología,Laptop,403.11,1,Tarjeta,403.11
V1009135,2025-04-04,Piura,Hogar,Olla,164.14,3,Efectivo,492.42
V1009136,2025-09-27,Arequipa,Alimentos,Arroz,185.22,1,Yape,185.22
V1009137,2025-01-26,Trujillo,Tecnología,Audífonos,97.82,2,Efectivo,195.64
V1009138,2025-02-20,Cusco,Tecnología,Audífonos,329.69,4,Efectivo,1318.76
V1009139,2025-05-15,Arequipa,Belleza,Maquillaje,281.98,2,Plin,563.96
V1009140,2025-04-04,Arequipa,Alimentos,Atún,109.78,2,Efectivo,219.56
V1009141,2025-12-22,Piura,Tecnología,Laptop,345.6,3,Yape,1036.8
V1009142,2025-07-05,Piura,Moda,Camisa,443.7,1,Yape,443.7
V1009143,2025-04-16,Trujillo,Hogar,Aspiradora,259.32,4,Efectivo,1037.28
V1009144,2025-10-31,Arequipa,Hogar,Microondas,181.87,4,Efectivo,727.48
V1009145,2025-06-29,Lima,Alimentos,Arroz,47.04,2,Tarjeta,94.08
V1009146,2025-12-12,Cusco,Belleza,Perfume,119.22,1,Tarjeta,119.22
V1009147,2025-03-12,Trujillo,Alimentos,Café,462.97,1,Tarjeta,462.97
V1009148,2025-06-13,Cusco,Alimentos,Arroz,497.77,2,Efectivo,995.54
V1009149,2025-09-18,Lima,Alimentos,Café,147.19,3,Efectivo,441.57
V1009150,2025-10-11,Cusco,Moda,Casaca,270.88,1,Plin,270.88
V1009151,2025-01-18,Cusco,Hogar,Aspiradora,75.55,1,Plin,75.55
V1009152,2025-07-16,Cusco,Alimentos,Arroz,481.73,3,Tarjeta,1445.19
V1009153,2025-01-03,Cusco,Alimentos,Arroz,344.47,4,Yape,1377.88
V1009154,2025-10-29,Arequipa,Hogar,Olla,490.61,4,Tarjeta,1962.44
V1009155,2025-06-11,Arequipa,Moda,Zapatillas,387.87,4,Tarjeta,1551.48
V1009156,2025-03-04,Trujillo,Tecnología,Laptop,251.05,4,Tarjeta,1004.2
V1009157,2025-07-14,Cusco,Tecnología,Celular,320.15,3,Yape,960.45
V1009158,2025-10-09,Piura,Belleza,Shampoo,367.45,3,Efectivo,1102.35
V1009159,2025-11-04,Arequipa,Belleza,Maquillaje,431.83,3,Yape,1295.49
V1009160,2025-01-26,Piura,Moda,Pantalón,350.42,1,Plin,350.42
V1009161,2025-09-29,Trujillo,Hogar,Olla,341.02,2,Efectivo,682.04
V1009162,2025-03-28,Lima,Tecnología,Celular,247.14,4,Yape,988.56
V1009163,2025-06-21,Arequipa,Tecnología,Laptop,425.68,2,Efectivo,851.36
V1009164,2025-07-30,Trujillo,Hogar,Licuadora,316.37,5,Tarjeta,1581.85
V1009165,2025-06-26,Lima,Tecnología,Audífonos,34.37,2,Tarjeta,68.74
V1009166,2025-03-03,Piura,Tecnología,Audífonos,261.91,2,,523.82
V1009167,2025-01-31,Trujillo,Moda,Zapatillas,463.42,3,Tarjeta,1390.26
V1009168,2025-04-01,Piura,Hogar,Microondas,200.71,1,Efectivo,200.71
V1009169,2025-05-22,Arequipa,Hogar,Licuadora,320.66,1,Yape,320.66
V1009170,2025-04-30,Cusco,Tecnología,Tablet,85.65,3,Efectivo,256.95
V1009171,2025-09-28,Arequipa,Tecnología,Audífonos,383.01,3,Plin,1149.03
V1009172,2025-08-27,Cusco,,Aspiradora,308.08,2,Efectivo,616.16
V1009173,2025-11-17,Cusco,Hogar,Olla,21.82,1,Tarjeta,21.82
V1009174,2025-08-21,Lima,Belleza,Shampoo,84.45,4,Plin,337.8
V1009175,2025-08-17,Trujillo,Hogar,Microondas,80.31,3,Yape,240.93
V1009176,2025-10-20,Cusco,Tecnología,Audífonos,451.45,5,Yape,2257.25
V1009177,2025-01-08,Trujillo,Tecnología,Tablet,371.93,3,Plin,1115.79
V1009178,2025-10-28,Lima,Alimentos,Arroz,379.17,4,Efectivo,1516.68
V1009179,2025-04-09,Cusco,,Perfume,326.75,1,Plin,326.75
V1009180,2025-02-10,Cusco,Hogar,Licuadora,29.93,4,Efectivo,119.72
V1009181,2025-10-11,Arequipa,Alimentos,Aceite,436.79,3,Tarjeta,1310.37
V1009182,2025-10-09,Piura,Moda,Zapatillas,-30.65,3,Plin,91.95
V1009183,2025-03-01,Piura,Tecnología,Celular,375.43,4,Yape,1501.72
V1009184,2025-10-11,Trujillo,Tecnología,Laptop,300.83,5,Tarjeta,1504.15
V1009185,2025-01-12,Trujillo,Tecnología,Celular,175.75,2,Efectivo,351.5
V1009186,2025-07-31,Piura,Tecnología,Audífonos,91.4,3,Tarjeta,274.2
V1009187,2025-03-01,Trujillo,,Shampoo,137.92,4,Tarjeta,551.68
V1009188,2025-01-22,Piura,Hogar,Licuadora,362.66,5,Plin,1813.3
V1009189,2025-09-18,Cusco,Tecnología,Celular,225.51,1,Plin,225.51
V1009190,2025-03-12,Trujillo,Hogar,Licuadora,101.91,3,Efectivo,305.73
V1009191,2025-07-05,Trujillo,,Shampoo,38.91,3,Efectivo,116.73
V1009192,2025-02-14,Lima,Belleza,Crema,259.0,4,Tarjeta,1036.0
V1009193,2025-10-13,Trujillo,Hogar,Aspiradora,176.84,1,Plin,176.84
V1009194,2025-12-05,Arequipa,Tecnología,Laptop,408.76,1,Plin,408.76
V1009195,2025-06-19,Trujillo,Hogar,Licuadora,312.43,3,Plin,937.29
V1009196,2025-08-24,Trujillo,Alimentos,Aceite,408.76,4,Plin,1635.04
V1009197,2025-01-28,Cusco,Tecnología,Celular,104.45,4,Tarjeta,417.8
V1009198,2025-01-19,Arequipa,Hogar,Aspiradora,344.03,2,Plin,688.06
V1009199,2025-09-26,Trujillo,Tecnología,Laptop,356.98,3,Plin,1070.94
V1009200,2025-12-19,Lima,Tecnología,Audífonos,99.38,3,,298.14
V1009201,2025-11-18,Trujillo,Hogar,Licuadora,311.07,3,Plin,933.21
V1009202,2025-09-27,Arequipa,Hogar,Olla,172.92,1,Tarjeta,172.92
V1009203,2025-02-17,Lima,Belleza,Crema,176.97,4,Plin,707.88
V1009204,2025-09-14,Trujillo,Hogar,Licuadora,15.02,5,Tarjeta,75.1
V1009205,2025-12-29,Lima,Tecnología,Celular,78.61,4,Efectivo,314.44
V1009206,2025-07-11,Piura,Hogar,Olla,375.67,3,Yape,1127.01
V1009207,2025-10-18,Trujillo,Hogar,Licuadora,427.48,4,Plin,1709.92
V1009208,2025-04-05,Lima,Tecnología,Celular,346.68,1,Yape,346.68
V1009209,2025-06-16,Trujillo,Moda,Pantalón,67.43,2,Plin,134.86
V1009210,2025-01-27,Piura,Tecnología,Audífonos,126.56,5,Yape,632.8
V1009211,2025-04-12,Lima,Alimentos,Arroz,197.03,3,Yape,591.09
V1009212,2025-10-05,Piura,Belleza,Maquillaje,30.26,4,Plin,121.04
V1009213,2025-12-31,Trujillo,Moda,Pantalón,167.16,2,Yape,334.32
V1009214,2025-02-12,Cusco,,Zapatillas,383.47,1,Yape,383.47
V1009215,2025-07-04,Lima,Hogar,Olla,58.32,1,Plin,58.32
V1009216,2025-12-23,Cusco,Belleza,Crema,380.6,2,Plin,761.2
V1009217,2025-09-25,Arequipa,Moda,Zapatillas,294.92,5,Plin,1474.6
V1009218,2025-11-30,Piura,Hogar,Licuadora,130.97,1,Efectivo,130.97
V1009219,2025-09-24,Cusco,Moda,Zapatillas,312.24,1,Tarjeta,312.24
V1009220,2025-12-15,Trujillo,Tecnología,Audífonos,434.9,4,Yape,1739.6
V1009221,2025-06-26,Piura,Moda,Casaca,390.27,3,Yape,1170.81
V1009222,2025-07-02,Cusco,Hogar,Aspiradora,376.48,1,Plin,376.48
V1009223,2025-09-20,Lima,Alimentos,Café,11.17,1,Yape,11.17
V1009224,2025-05-23,Piura,Moda,Zapatillas,433.42,4,Plin,1733.68
V1009225,2025-08-03,Piura,Hogar,Olla,201.49,1,Plin,201.49
V1009226,2025-08-10,Piura,Tecnología,Laptop,221.07,2,Plin,442.14
V1009227,2025-06-07,Arequipa,Hogar,Microondas,39.19,3,Yape,117.57
V1009228,2025-02-03,Arequipa,Hogar,Microondas,452.62,2,Plin,905.24
V1009229,2025-10-20,Arequipa,Alimentos,Aceite,19.4,4,Efectivo,77.6
V1009230,2025-02-01,Arequipa,Alimentos,Aceite,366.91,1,Plin,366.91
V1009231,2025-12-03,Trujillo,Belleza,Shampoo,145.38,5,Efectivo,726.9
V1009232,2025-02-06,Piura,Belleza,Perfume,244.54,4,Yape,978.16
V1009233,2025-01-31,Lima,Moda,Camisa,260.16,1,Yape,260.16
V1009234,2025-11-23,Arequipa,Alimentos,Aceite,49.0,2,Efectivo,98.0
V1009235,2025-05-05,Cusco,Moda,Camisa,344.0,2,Plin,688.0
V1009236,2025-05-11,Cusco,,Casaca,243.48,1,Yape,243.48
V1009237,2025-02-01,Lima,Alimentos,Atún,22.75,2,Tarjeta,45.5
V1009238,2025-04-02,Arequipa,Tecnología,Audífonos,369.28,2,Efectivo,738.56
V1009239,2025-10-13,Arequipa,Belleza,Maquillaje,276.49,5,Yape,1382.45
V1009240,2025-06-29,Lima,Moda,Camisa,94.97,3,Tarjeta,284.91
V1009241,2025-10-24,Cusco,Tecnología,Laptop,121.97,2,,243.94
V1009242,2025-08-31,Trujillo,Alimentos,Aceite,261.51,1,Tarjeta,261.51
V1009243,2025-06-18,Cusco,Alimentos,Atún,271.45,1,Plin,271.45
V1009244,2025-08-06,Lima,Tecnología,Celular,478.7,4,Plin,1914.8
V1009245,2025-11-06,Piura,Hogar,Licuadora,306.87,2,Efectivo,613.74
V1009246,2025-08-16,Lima,Moda,Camisa,422.48,1,Plin,422.48
V1009247,2025-05-08,Arequipa,Belleza,Shampoo,343.06,4,Efectivo,1372.24
V1009248,2025-08-30,Trujillo,Alimentos,Café,174.22,2,Plin,348.44
V1009249,2025-06-02,Lima,Tecnología,Audífonos,323.68,2,Efectivo,647.36
V1009250,2025-07-25,Cusco,,Atún,194.6,3,Plin,583.8
V1009251,2025-06-20,Piura,Hogar,Olla,450.77,5,Efectivo,2253.85
V1009252,2025-03-23,Cusco,Tecnología,Audífonos,204.24,1,Efectivo,204.24
V1009253,2025-10-13,Piura,Hogar,Microondas,466.34,4,Plin,1865.36
V1009254,2025-08-09,Arequipa,Moda,Camisa,16.79,5,Yape,83.95
V1009255,2025-03-21,Arequipa,Moda,Casaca,432.01,4,Tarjeta,1728.04
V1009256,2025-03-31,Lima,Tecnología,Tablet,413.23,3,Tarjeta,1239.69
V1009257,2025-10-08,Trujillo,Tecnología,Laptop,60.97,2,Efectivo,121.94
V1009258,2025-09-14,Piura,Alimentos,Arroz,183.34,5,Yape,916.7
V1009259,2025-09-16,Cusco,Belleza,Shampoo,69.15,2,Efectivo,138.3
V1009260,2025-01-18,Lima,Tecnología,Laptop,47.63,4,Tarjeta,190.52
V1009261,2025-04-04,Trujillo,Belleza,Crema,443.79,5,Tarjeta,2218.95
V1009262,2025-06-02,Piura,Alimentos,Café,324.07,4,Tarjeta,1296.28
V1009263,2025-08-16,Arequipa,Belleza,Perfume,109.52,1,Efectivo,109.52
V1009264,2025-05-03,Piura,Alimentos,Aceite,216.59,3,Plin,649.77
V1009265,2025-09-18,Cusco,,Café,188.49,5,Tarjeta,942.45
V1009266,2025-12-21,Arequipa,Tecnología,Audífonos,448.09,4,Yape,1792.36
V1009267,2025-12-31,Lima,Belleza,Shampoo,146.84,2,Yape,293.68
V1009268,2025-08-06,Arequipa,Belleza,Shampoo,378.98,2,Yape,757.96
V1009269,2025-09-16,Lima,Alimentos,Arroz,96.08,3,Tarjeta,288.24
V1009270,2025-02-05,Piura,Moda,Camisa,320.67,3,Yape,962.01
V1009271,2025-02-11,Cusco,Hogar,Olla,86.9,1,Plin,86.9
V1009272,2025-02-02,Trujillo,Moda,Camisa,46.88,2,Yape,93.76
V1009273,2025-01-18,Piura,Tecnología,Audífonos,332.12,1,Efectivo,332.12
V1009274,2025-08-27,Cusco,Tecnología,Laptop,383.4,5,Efectivo,1917.0
V1009275,2025-04-14,Trujillo,Moda,Casaca,448.18,2,Tarjeta,896.36
V1009276,2025-05-14,Piura,Belleza,Crema,76.5,3,Efectivo,229.5
V1009277,2025-11-27,Piura,Alimentos,Café,477.75,1,Yape,477.75
V1009278,2025-01-27,Trujillo,,Shampoo,413.32,5,Tarjeta,2066.6
V1009279,2025-10-26,Lima,Hogar,Licuadora,462.88,2,Yape,925.76
V1009280,2025-06-05,Piura,Hogar,Aspiradora,48.36,2,Yape,96.72
V1009281,2025-11-21,Arequipa,Tecnología,Tablet,268.65,5,Yape,1343.25
V1009282,2025-07-17,Arequipa,Moda,Zapatillas,135.29,2,Efectivo,270.58
V1009283,2025-08-08,Trujillo,Belleza,Maquillaje,32.64,1,Tarjeta,32.64
V1009284,2025-08-18,Arequipa,Tecnología,Celular,88.27,1,Tarjeta,88.27
V1009285,2025-08-13,Cusco,Alimentos,Aceite,285.75,4,Plin,1143.0
V1009286,2025-01-08,Cusco,Alimentos,Atún,450.0,2,Tarjeta,900.0
V1009287,2025-01-17,Trujillo,Belleza,Shampoo,89.18,3,Tarjeta,267.54
V1009288,2025-05-29,Piura,Belleza,Perfume,110.46,1,Efectivo,110.46
V1009289,2025-08-25,Lima,Hogar,Licuadora,24.77,2,Yape,49.54
V1009290,2025-08-22,Cusco,Tecnología,Celular,451.88,1,Plin,451.88
V1009291,2025-04-08,Trujillo,Belleza,Crema,400.2,4,Yape,1600.8
V1009292,2025-05-29,Trujillo,Alimentos,Atún,291.09,4,Plin,1164.36
V1009293,2025-09-26,Cusco,Belleza,Perfume,407.55,3,Tarjeta,1222.65
V1009294,2025-07-06,Piura,Tecnología,Celular,80.45,5,Yape,402.25
V1009295,2025-09-11,Arequipa,Moda,Casaca,418.05,5,Plin,2090.25
V1009296,2025-10-31,Arequipa,Hogar,Aspiradora,475.56,4,Efectivo,1902.24
V1009297,2025-01-01,Arequipa,Belleza,Shampoo,263.97,5,Yape,1319.85
V1009298,2025-05-03,Arequipa,Belleza,Shampoo,27.68,3,Tarjeta,83.04
V1009299,2025-10-06,Cusco,Belleza,Shampoo,497.23,1,Tarjeta,497.23
V1009300,2025-02-15,Piura,Hogar,Licuadora,315.8,3,Efectivo,947.4
V1009301,2025-05-09,Trujillo,Alimentos,Arroz,121.78,3,Tarjeta,365.34
V1009302,2025-06-07,Lima,Tecnología,Audífonos,40.72,1,Tarjeta,40.72
V1009303,2025-12-11,Arequipa,Alimentos,Arroz,437.52,3,Tarjeta,1312.56
V1009304,2025-06-04,Cusco,Belleza,Perfume,369.48,5,Yape,1847.4
V1009305,2025-08-22,Arequipa,Tecnología,Audífonos,150.91,5,Efectivo,754.55
V1009306,2025-09-25,Lima,Tecnología,Laptop,43.28,1,Tarjeta,43.28
V1009307,2025-06-28,Arequipa,Tecnología,Laptop,62.61,3,Efectivo,187.83
V1009308,2025-01-06,Lima,Moda,Zapatillas,346.18,4,Plin,1384.72
V1009309,2025-08-18,Arequipa,Moda,Pantalón,203.41,5,Tarjeta,1017.05
V1009310,2025-06-08,Lima,Tecnología,Laptop,424.63,5,Tarjeta,2123.15
V1009311,2025-11-26,Lima,Belleza,Shampoo,290.44,5,Tarjeta,1452.2
V1009312,2025-12-01,Lima,Alimentos,Aceite,262.67,1,Plin,262.67
V1009313,2025-12-02,Piura,Belleza,Crema,491.86,2,Yape,983.72
V1009314,2025-06-26,Trujillo,Tecnología,Celular,77.12,2,Yape,154.24
V1009315,2025-03-05,Piura,Tecnología,Laptop,41.29,2,Efectivo,82.58
V1009316,2025-12-03,Cusco,Alimentos,Aceite,278.26,5,,1391.3
V1009317,2025-03-11,Piura,Alimentos,Arroz,274.35,5,Tarjeta,1371.75
V1009318,2025-05-25,Lima,Hogar,Microondas,440.28,5,Tarjeta,2201.4
V1009319,2025-03-02,Lima,Alimentos,Aceite,492.38,3,Plin,1477.14
V1009320,2025-11-11,Piura,Tecnología,Tablet,225.29,4,Tarjeta,901.16
V1009321,2025-12-08,Cusco,Moda,Casaca,88.07,4,Efectivo,352.28
V1009322,2025-09-26,Lima,Alimentos,Café,119.41,4,Yape,477.64
V1009323,2025-09-18,Cusco,Moda,Camisa,415.88,2,,831.76
V1009324,2025-02-12,Trujillo,Hogar,Aspiradora,419.04,2,Tarjeta,838.08
V1009325,2025-06-29,Arequipa,Hogar,Olla,433.54,3,Efectivo,1300.62
V1009326,2025-12-19,Arequipa,Belleza,Perfume,73.38,2,,146.76
V1009327,2025-09-04,Trujillo,Moda,Camisa,419.69,5,Yape,2098.45
V1009328,2025-10-10,Trujillo,Belleza,Maquillaje,52.02,4,Efectivo,208.08
V1009329,2025-09-28,Cusco,Moda,Pantalón,99.09,4,Efectivo,396.36
V1009330,2025-04-12,Lima,Hogar,Microondas,400.09,5,Plin,2000.45
V1009331,2025-04-06,Piura,Belleza,Perfume,296.83,3,Efectivo,890.49
V1009332,2025-07-29,Cusco,Belleza,Perfume,485.45,2,Yape,970.9
V1009333,2025-02-05,Arequipa,Tecnología,Laptop,247.34,3,Plin,742.02
V1009334,2025-07-01,Trujillo,Hogar,Aspiradora,438.51,2,Yape,877.02
V1009335,2025-11-14,Arequipa,Belleza,Shampoo,102.47,1,Tarjeta,102.47
V1009336,2025-06-03,Piura,Tecnología,Laptop,259.88,1,Tarjeta,259.88
V1009337,2025-01-07,Trujillo,Moda,Casaca,366.96,1,Plin,366.96
V1009338,2025-09-02,Cusco,Moda,Casaca,368.25,1,Tarjeta,368.25
V1009339,2025-12-21,Cusco,Tecnología,Celular,23.41,5,Efectivo,117.05
V1009340,2025-08-19,Arequipa,Belleza,Crema,416.25,3,Tarjeta,1248.75
V1009341,2025-06-19,Lima,Hogar,Licuadora,186.52,4,Efectivo,746.08
V1009342,2025-11-16,Trujillo,Belleza,Maquillaje,485.09,1,Yape,485.09
V1009343,2025-12-19,Arequipa,Belleza,Shampoo,335.36,1,Yape,335.36
V1009344,2025-08-17,Arequipa,Hogar,Olla,65.5,1,Efectivo,65.5
V1009345,2025-01-24,Piura,Alimentos,Arroz,192.61,2,Plin,385.22
V1009346,2025-10-12,Arequipa,Hogar,Licuadora,291.14,4,Plin,1164.56
V1009347,2025-12-14,Arequipa,Belleza,Shampoo,259.09,2,Tarjeta,518.18
V1009348,2025-05-29,Lima,Moda,Camisa,168.96,4,Efectivo,675.84
V1009349,2025-11-22,Arequipa,Alimentos,Aceite,215.56,2,Efectivo,431.12
V1009350,2025-09-14,Arequipa,Tecnología,Laptop,20.95,5,Yape,104.75
V1009351,2025-01-01,Piura,Tecnología,Audífonos,244.79,3,Plin,734.37
V1009352,2025-10-11,Trujillo,Belleza,Crema,27.82,2,Efectivo,55.64
V1009353,2025-07-15,Cusco,Moda,Casaca,144.94,5,Plin,724.7
V1009354,2025-12-06,Piura,Alimentos,Arroz,57.7,5,Tarjeta,288.5
V1009355,2025-02-21,Trujillo,Moda,Pantalón,479.73,3,Yape,1439.19
V1009356,2025-07-21,Lima,Hogar,Aspiradora,183.41,4,Efectivo,733.64
V1009357,2025-09-05,Cusco,Belleza,Perfume,226.4,4,Yape,905.6
V1009358,2025-12-30,Cusco,Moda,Zapatillas,305.2,5,Efectivo,1526.0
V1009359,2025-03-23,Arequipa,Moda,Camisa,70.79,5,Tarjeta,353.95
V1009360,2025-09-07,Piura,Tecnología,Celular,139.33,2,Yape,278.66
V1009361,2025-01-17,Arequipa,Belleza,Shampoo,264.5,2,Yape,529.0
V1009362,2025-12-06,Piura,Hogar,Licuadora,141.26,3,Plin,423.78
V1009363,2025-08-02,Arequipa,Belleza,Shampoo,102.31,3,Efectivo,306.93
V1009364,2025-08-22,Lima,Alimentos,Aceite,429.16,4,Plin,1716.64
V1009365,2025-05-29,Piura,Hogar,Aspiradora,367.67,4,Yape,1470.68
V1009366,2025-11-06,Cusco,Tecnología,Celular,177.15,1,Yape,177.15
V1009367,2025-09-16,Trujillo,Alimentos,Café,59.71,1,Tarjeta,59.71
V1009368,2025-01-01,Arequipa,Belleza,Maquillaje,130.6,4,Efectivo,522.4
V1009369,2025-04-20,Piura,Alimentos,Café,246.8,4,Yape,987.2
V1009370,2025-04-20,Cusco,Belleza,Perfume,134.75,4,Yape,539.0
V1009371,2025-10-06,Cusco,Belleza,Crema,115.12,2,Plin,230.24
V1009372,2025-07-02,Cusco,Belleza,Shampoo,329.87,2,Tarjeta,659.74
V1009373,2025-07-24,Cusco,Belleza,Perfume,152.34,4,Efectivo,609.36
V1009374,2025-01-06,Cusco,Alimentos,Atún,115.04,4,Tarjeta,460.16
V1009375,2025-06-29,Piura,Alimentos,Aceite,237.92,4,Efectivo,951.68
V1009376,2025-02-24,Arequipa,Hogar,Microondas,466.28,4,Yape,1865.12
V1009377,2025-01-16,Arequipa,Tecnología,Tablet,412.5,3,Plin,1237.5
V1009378,2025-09-28,Trujillo,Moda,Zapatillas,295.47,1,Tarjeta,295.47
V1009379,2025-07-02,Piura,Hogar,Aspiradora,93.83,4,Yape,375.32
V1009380,2025-10-25,Cusco,,Pantalón,93.27,3,Tarjeta,279.81
V1009381,2025-12-05,Arequipa,Tecnología,Tablet,231.53,5,,1157.65
V1009382,2025-04-08,Arequipa,Tecnología,Laptop,32.95,4,Tarjeta,131.8
V1009383,2025-07-14,Lima,Alimentos,Aceite,119.42,3,Plin,358.26
V1009384,2025-03-24,Trujillo,Tecnología,Audífonos,250.63,5,Tarjeta,1253.15
V1009385,2025-04-24,Arequipa,Moda,Camisa,206.77,2,Plin,413.54
V1009386,2025-11-05,Trujillo,Tecnología,Celular,475.61,4,Tarjeta,1902.44
V1009387,2025-11-19,Piura,Hogar,Microondas,72.04,2,Yape,144.08
V1009388,2025-04-11,Arequipa,Belleza,Maquillaje,118.3,4,Efectivo,473.2
V1009389,2025-11-05,Trujillo,Tecnología,Laptop,282.6,1,Plin,282.6
V1009390,2025-04-17,Cusco,Moda,Casaca,355.83,4,Yape,1423.32
V1009391,2025-03-25,Trujillo,Belleza,Maquillaje,443.6,1,Efectivo,443.6
V1009392,2025-09-29,Piura,Hogar,Aspiradora,297.74,5,Plin,1488.7
V1009393,2025-07-16,Arequipa,Belleza,Maquillaje,385.63,5,Tarjeta,1928.15
V1009394,2025-06-13,Piura,Tecnología,Audífonos,318.11,2,Plin,636.22
V1009395,2025-06-24,Lima,,Zapatillas,15.27,4,Plin,61.08
V1009396,2025-06-13,Cusco,,Zapatillas,44.65,1,Efectivo,44.65
V1009397,2025-08-15,Cusco,Belleza,Shampoo,420.93,4,Plin,1683.72
V1009398,2025-11-20,Arequipa,Hogar,Licuadora,246.68,5,Yape,1233.4
V1009399,2025-07-07,Arequipa,,Aspiradora,242.21,5,Tarjeta,1211.05
V1009400,2025-06-26,Piura,Belleza,Crema,170.15,1,Yape,170.15
V1009401,2025-09-22,Piura,Moda,Camisa,95.5,5,Efectivo,477.5
V1009402,2025-08-13,Piura,Belleza,Crema,495.74,1,Yape,495.74
V1009403,2025-02-13,Cusco,Tecnología,Audífonos,382.59,4,Yape,1530.36
V1009404,2025-09-09,Trujillo,Belleza,Crema,356.38,1,Tarjeta,356.38
V1009405,2025-09-15,Lima,Alimentos,Aceite,188.09,5,Efectivo,940.45
V1009406,2025-01-15,Piura,Alimentos,Aceite,455.71,3,Efectivo,1367.13
V1009407,2025-03-22,Arequipa,Hogar,Aspiradora,423.54,3,Plin,1270.62
V1009408,2025-12-31,Lima,Moda,Camisa,266.54,1,Plin,266.54
V1009409,2025-09-25,Cusco,Belleza,Perfume,271.53,5,Plin,1357.65
V1009410,2025-07-30,Piura,Tecnología,Celular,219.2,4,Efectivo,876.8
V1009411,2025-10-09,Trujillo,Belleza,Perfume,-104.18,2,Efectivo,208.36
V1009412,2025-07-12,Piura,Belleza,Perfume,370.44,4,Plin,1481.76
V1009413,2025-03-16,Arequipa,Belleza,Maquillaje,146.53,2,Yape,293.06
V1009414,2025-08-26,Cusco,Moda,Pantalón,156.93,2,Efectivo,313.86
V1009415,2025-08-02,Piura,Hogar,Licuadora,298.26,5,Tarjeta,1491.3
V1009416,2025-11-22,Lima,Moda,Casaca,38.39,5,Plin,191.95
V1009417,2025-05-05,Piura,Moda,Zapatillas,262.46,1,Tarjeta,262.46
V1009418,2025-06-12,Cusco,Moda,Casaca,202.97,1,Yape,202.97
V1009419,2025-06-29,Cusco,Tecnología,Laptop,102.84,2,Efectivo,205.68
V1009420,2025-02-09,Cusco,Alimentos,Arroz,219.64,2,Tarjeta,439.28
V1009421,2025-05-25,Trujillo,Belleza,Maquillaje,200.61,4,Tarjeta,802.44
V1009422,2025-08-02,Trujillo,Hogar,Microondas,277.91,5,Tarjeta,1389.55
V1009423,2025-05-07,Lima,Belleza,Crema,428.35,2,Yape,856.7
V1009424,2025-08-20,Trujillo,Moda,Pantalón,259.68,1,Efectivo,259.68
V1009425,2025-12-24,Piura,Alimentos,Aceite,443.49,4,Yape,1773.96
V1009426,2025-05-27,Piura,Belleza,Crema,102.05,2,,204.1
V1009427,2025-04-01,Piura,Moda,Casaca,250.97,3,Yape,752.91
V1009428,2025-01-11,Piura,Hogar,Olla,101.86,5,Plin,509.3
V1009429,2025-10-10,Piura,Belleza,Perfume,204.34,2,Efectivo,408.68
V1009430,2025-01-15,Lima,Hogar,Microondas,304.96,4,Plin,1219.84
V1009431,2025-05-07,Arequipa,Hogar,Licuadora,212.55,2,Tarjeta,425.1
V1009432,2025-06-16,Trujillo,Tecnología,Tablet,79.34,2,Efectivo,158.68
V1009433,2025-11-26,Arequipa,Hogar,Microondas,419.01,2,Yape,838.02
V1009434,2025-06-03,Cusco,Belleza,Maquillaje,264.93,1,Yape,264.93
V1009435,2025-05-08,Arequipa,Hogar,Microondas,292.3,3,Tarjeta,876.9
V1009436,2025-01-15,Lima,Tecnología,Tablet,345.13,1,Yape,345.13
V1009437,2025-05-19,Arequipa,Hogar,Microondas,123.89,1,,123.89
V1009438,2025-04-05,Piura,,Aspiradora,265.14,4,Plin,1060.56
V1009439,2025-08-08,Trujillo,Tecnología,Tablet,124.72,4,Efectivo,498.88
V1009440,2025-07-13,Arequipa,Moda,Zapatillas,177.04,1,Tarjeta,177.04
V1009441,2025-08-16,Trujillo,Tecnología,Tablet,243.39,2,Efectivo,486.78
V1009442,2025-09-30,Piura,Tecnología,Laptop,137.51,5,Yape,687.55
V1009443,2025-09-23,Arequipa,Tecnología,Laptop,18.54,3,Tarjeta,55.62
V1009444,2025-12-18,Trujillo,Hogar,Aspiradora,54.53,1,Yape,54.53
V1009445,2025-04-05,Lima,,Tablet,466.35,4,Yape,1865.4
V1009446,2025-05-22,Cusco,Moda,Pantalón,361.49,1,Tarjeta,361.49
V1009447,2025-03-13,Piura,Belleza,Crema,372.75,9999,Yape,745.5
V1009448,2025-01-20,Trujillo,Hogar,Olla,493.91,1,Yape,493.91
V1009449,2025-05-20,Arequipa,Alimentos,Atún,210.69,5,Efectivo,1053.45
V1009450,2025-07-03,Arequipa,Tecnología,Audífonos,163.45,5,Yape,817.25
V1009451,2025-01-30,Trujillo,Belleza,Maquillaje,370.02,3,Efectivo,1110.06
V1009452,2025-04-07,Lima,Alimentos,Arroz,257.38,4,Efectivo,1029.52
V1009453,2025-11-25,Arequipa,Belleza,Shampoo,149.47,2,Plin,298.94
V1009454,2025-03-03,Arequipa,Belleza,Perfume,215.72,5,Yape,1078.6
V1009455,2025-12-29,Piura,Moda,Zapatillas,268.14,5,Plin,1340.7
V1009456,2025-08-01,Arequipa,Tecnología,Celular,480.88,5,Tarjeta,2404.4
V1009457,2025-02-17,Cusco,Alimentos,Arroz,33.37,1,,33.37
V1009458,2025-02-26,Cusco,Alimentos,Atún,245.58,3,Efectivo,736.74
V1009459,2025-12-26,Arequipa,Alimentos,Arroz,84.83,2,Plin,169.66
V1009460,2025-03-07,Trujillo,Moda,Zapatillas,475.15,3,Tarjeta,1425.45
V1009461,2025-01-22,Lima,,Atún,472.62,5,Plin,2363.1
V1009462,2025-12-28,Cusco,Tecnología,Laptop,181.93,5,Efectivo,909.65
V1009463,2025-10-27,Lima,Alimentos,Café,93.18,2,Plin,186.36
V1009464,2025-08-21,Arequipa,Belleza,Perfume,207.79,1,Yape,207.79
V1009465,2025-12-19,Trujillo,Alimentos,Aceite,402.24,5,Tarjeta,2011.2
V1009466,2025-01-02,Arequipa,Alimentos,Café,194.51,2,Efectivo,389.02
V1009467,2025-12-07,Trujillo,Hogar,Aspiradora,17.94,2,Plin,35.88
V1009468,2025-10-25,Lima,Tecnología,Tablet,113.49,4,Yape,453.96
V1009469,2025-06-12,Lima,Alimentos,Café,55.76,4,Plin,223.04
V1009470,2025-10-19,Trujillo,Hogar,Aspiradora,19.68,3,Efectivo,59.04
V1009471,2025-04-23,Lima,Alimentos,Arroz,422.6,2,Plin,845.2
V1009472,2025-04-24,Piura,Tecnología,Audífonos,381.68,2,Plin,763.36
V1009473,2025-12-17,Trujillo,Alimentos,Café,160.09,2,Tarjeta,320.18
V1009474,2025-05-03,Cusco,Moda,Zapatillas,89.12,3,Efectivo,267.36
V1009475,2025-09-08,Cusco,Hogar,Microondas,142.65,1,Tarjeta,142.65
V1009476,2025-10-10,Arequipa,Tecnología,Laptop,341.69,2,Plin,683.38
V1009477,2025-12-02,Lima,Moda,Zapatillas,132.77,1,Tarjeta,132.77
V1009478,2025-01-03,Trujillo,Belleza,Perfume,177.41,3,Plin,532.23
V1009479,2025-10-28,Lima,Tecnología,Audífonos,209.35,3,Efectivo,628.05
V1009480,2025-12-18,Cusco,Moda,Casaca,276.01,4,Tarjeta,1104.04
V1009481,2025-07-22,Lima,Tecnología,Audífonos,72.25,3,Yape,216.75
V1009482,2025-02-19,Cusco,Belleza,Perfume,89.76,1,Yape,89.76
V1009483,2025-07-26,Trujillo,Hogar,Olla,230.43,5,Yape,1152.15
V1009484,2025-03-15,Piura,Moda,Camisa,420.42,2,Efectivo,840.84
V1009485,2025-04-29,Cusco,Hogar,Olla,494.24,3,Tarjeta,1482.72
V1009486,2025-04-15,Piura,,Camisa,84.25,2,Plin,168.5
V1009487,2025-04-30,Lima,Hogar,Microondas,377.98,1,Efectivo,377.98
V1009488,2025-08-25,Piura,Moda,Pantalón,92.27,2,Plin,184.54
V1009489,2025-01-17,Arequipa,Moda,Pantalón,309.41,1,Tarjeta,309.41
V1009490,2025-11-08,Trujillo,Tecnología,Laptop,456.78,2,Yape,913.56
V1009491,2025-09-12,Lima,,Zapatillas,465.06,2,Plin,930.12
V1009492,2025-12-15,Piura,Moda,Casaca,382.93,5,Tarjeta,1914.65
V1009493,2025-10-12,Trujillo,Alimentos,Aceite,237.82,5,Efectivo,1189.1
V1009494,2025-10-21,Trujillo,Hogar,Olla,63.38,3,Tarjeta,190.14
V1009495,2025-12-09,Piura,Alimentos,Atún,229.11,1,Tarjeta,229.11
V1009496,2025-01-01,Trujillo,Hogar,Aspiradora,22.8,5,Yape,114.0
V1009497,2025-01-24,Piura,Tecnología,Audífonos,89.41,4,Yape,357.64
V1009498,2025-04-14,Cusco,Alimentos,Café,268.29,1,Efectivo,268.29
V1009499,2025-07-01,Cusco,Belleza,Maquillaje,440.97,4,Tarjeta,1763.88
V1009500,2025-10-07,Cusco,Moda,Pantalón,495.01,5,Efectivo,2475.05
V1009501,2025-01-04,Lima,Belleza,Crema,338.23,4,Efectivo,1352.92
V1009502,2025-12-01,Cusco,Alimentos,Arroz,196.01,3,Yape,588.03
V1009503,2025-11-09,Piura,Tecnología,Audífonos,480.43,2,Plin,960.86
V1009504,2025-05-10,Cusco,Belleza,Maquillaje,182.69,4,Efectivo,730.76
V1009505,2025-12-27,Lima,Alimentos,Arroz,366.53,4,,1466.12
V1009506,2025-12-22,Arequipa,Alimentos,Atún,303.43,3,Efectivo,910.29
V1009507,2025-03-16,Trujillo,Belleza,Maquillaje,246.78,5,Plin,1233.9
V1009508,2025-11-25,Trujillo,Moda,Zapatillas,149.53,3,Plin,448.59
V1009509,2025-05-25,Arequipa,Tecnología,Laptop,477.72,5,Plin,2388.6
V1009510,2025-09-10,Trujillo,Moda,Casaca,147.01,2,Efectivo,294.02
V1009511,2025-09-10,Trujillo,Hogar,Aspiradora,410.55,3,Plin,1231.65
V1009512,2025-09-15,Cusco,Belleza,Shampoo,338.24,5,Plin,1691.2
V1009513,2025-01-13,Lima,Hogar,Olla,301.83,5,Yape,1509.15
V1009514,2025-08-05,Lima,Hogar,Microondas,192.58,1,Efectivo,192.58
V1009515,2025-03-25,Arequipa,Moda,Pantalón,425.76,4,Yape,1703.04
V1009516,2025-04-07,Trujillo,Moda,Zapatillas,94.36,2,Efectivo,188.72
V1009517,2025-12-03,Cusco,Alimentos,Arroz,46.98,1,,46.98
V1009518,2025-03-03,Trujillo,Hogar,Olla,144.61,3,Efectivo,433.83
V1009519,2025-06-11,Piura,Hogar,Olla,165.37,5,Yape,826.85
V1009520,2025-01-09,Cusco,Alimentos,Atún,229.76,5,Efectivo,1148.8
V1009521,2025-08-06,Lima,Moda,Camisa,332.83,5,Tarjeta,1664.15
V1009522,2025-02-22,Trujillo,Hogar,Microondas,92.45,3,Yape,277.35
V1009523,2025-03-24,Lima,Moda,Pantalón,74.93,1,Efectivo,74.93
V1009524,2025-12-06,Piura,Alimentos,Aceite,335.04,4,Plin,1340.16
V1009525,2025-12-23,Trujillo,Hogar,Licuadora,275.25,4,Efectivo,1101.0
V1009526,2025-05-07,Trujillo,Moda,Zapatillas,287.73,2,Plin,575.46
V1009527,2025-05-25,Lima,Belleza,Shampoo,366.54,3,Yape,1099.62
V1009528,2025-07-24,Trujillo,Hogar,Olla,225.77,5,Efectivo,1128.85
V1009529,2025-12-08,Trujillo,Tecnología,Tablet,31.17,5,Efectivo,155.85
V1009530,2025-11-18,Trujillo,Tecnología,Celular,457.57,3,Yape,1372.71
V1009531,2025-01-25,Arequipa,Tecnología,Celular,173.25,4,Tarjeta,693.0
V1009532,2025-05-27,Lima,Alimentos,Café,271.32,4,Tarjeta,1085.28
V1009533,2025-06-02,Piura,Alimentos,Atún,354.99,4,Efectivo,1419.96
V1009534,2025-01-03,Lima,Moda,Camisa,197.18,3,Tarjeta,591.54
V1009535,2025-06-12,Lima,Hogar,Licuadora,207.72,5,Tarjeta,1038.6
V1009536,2025-05-11,Piura,Moda,Casaca,165.36,2,Efectivo,330.72
V1009537,2025-09-04,Trujillo,Hogar,Aspiradora,276.16,2,Tarjeta,552.32
V1009538,2025-07-22,Piura,,Perfume,381.46,5,Efectivo,1907.3
V1009539,2025-02-22,Trujillo,Hogar,Microondas,52.94,1,Plin,52.94
V1009540,2025-01-23,Arequipa,Alimentos,Café,17.79,4,Plin,71.16
V1009541,2025-01-01,Lima,Tecnología,Tablet,116.04,4,Efectivo,464.16
V1009542,2025-03-06,Arequipa,Belleza,Crema,429.39,2,Tarjeta,858.78
V1009543,2025-01-07,Arequipa,Belleza,Perfume,179.54,2,Tarjeta,359.08
V1009544,2025-07-20,Trujillo,Belleza,Maquillaje,274.17,3,Efectivo,822.51
V1009545,2025-08-28,Trujillo,Hogar,Microondas,67.14,5,Efectivo,335.7
V1009546,2025-09-14,Lima,Moda,Pantalón,312.25,3,Plin,936.75
V1009547,2025-02-18,Lima,,Tablet,418.25,2,Efectivo,836.5
V1009548,2025-11-26,Arequipa,Belleza,Perfume,53.77,2,Yape,107.54
V1009549,2025-11-27,Trujillo,Belleza,Maquillaje,83.09,4,Tarjeta,332.36
V1009550,2025-09-19,Trujillo,Alimentos,Arroz,256.98,1,Yape,256.98
V1009551,2025-07-28,Cusco,Alimentos,Atún,138.02,1,,138.02
V1009552,2025-05-23,Cusco,Hogar,Licuadora,136.57,2,Efectivo,273.14
V1009553,2025-09-10,Arequipa,Moda,Camisa,385.24,2,Efectivo,770.48
V1009554,2025-04-18,Piura,Tecnología,Tablet,348.24,3,Plin,1044.72
V1009555,2025-08-26,Arequipa,Hogar,Aspiradora,98.27,3,Tarjeta,294.81
V1009556,2025-03-18,Trujillo,Moda,Casaca,210.36,2,Yape,420.72
V1009557,2025-03-08,Trujillo,Moda,Pantalón,241.71,5,Yape,1208.55
V1009558,2025-02-12,Cusco,Moda,Zapatillas,60.85,5,Yape,304.25
V1009559,2025-01-17,Cusco,Alimentos,Atún,21.45,4,Tarjeta,85.8
V1009560,2025-12-03,Piura,Moda,Camisa,35.57,2,Efectivo,71.14
V1009561,2025-02-03,Trujillo,Hogar,Aspiradora,218.96,4,Yape,875.84
V1009562,2025-06-04,Lima,Tecnología,Laptop,443.56,3,Efectivo,1330.68
V1009563,2025-12-14,Arequipa,Hogar,Aspiradora,282.38,3,Yape,847.14
V1009564,2025-05-01,Lima,Moda,Camisa,284.18,2,Tarjeta,568.36
V1009565,2025-02-23,Arequipa,Hogar,Olla,50.56,4,Yape,202.24
V1009566,2025-08-28,Lima,Tecnología,Celular,426.12,1,Yape,426.12
V1009567,2025-08-12,Lima,Moda,Zapatillas,440.84,5,Plin,2204.2
V1009568,2025-01-20,Piura,Alimentos,Atún,105.51,4,Efectivo,422.04
V1009569,2025-12-25,Arequipa,Moda,Camisa,91.04,2,Yape,182.08
V1009570,2025-03-23,Piura,Moda,Camisa,333.14,4,Yape,1332.56
V1009571,2025-07-29,Cusco,Tecnología,Laptop,241.9,5,Tarjeta,1209.5
V1009572,2025-04-03,Cusco,Hogar,Olla,17.82,3,Plin,53.46
V1009573,2025-07-09,Piura,Alimentos,Arroz,234.29,5,Tarjeta,1171.45
V1009574,2025-10-10,Lima,Belleza,Perfume,282.96,4,Efectivo,1131.84
V1009575,2025-10-06,Arequipa,Hogar,Licuadora,265.27,1,Plin,265.27
V1009576,2025-06-04,Cusco,Hogar,Aspiradora,264.69,3,Tarjeta,794.07
V1009577,2025-09-16,Piura,Alimentos,Aceite,218.57,5,Yape,1092.85
V1009578,2025-05-16,Cusco,Alimentos,Arroz,146.62,5,Plin,733.1
V1009579,2025-12-11,Arequipa,Moda,Zapatillas,228.73,2,Plin,457.46
V1009580,2025-02-21,Lima,Alimentos,Aceite,152.3,3,Efectivo,456.9
V1009581,2025-06-16,Cusco,Alimentos,Aceite,379.88,3,Plin,1139.64
V1009582,2025-05-21,Lima,Moda,Camisa,433.75,1,Plin,433.75
V1009583,2025-07-12,Cusco,Tecnología,Celular,363.39,4,Plin,1453.56
V1009584,2025-11-02,Piura,Belleza,Shampoo,356.34,5,Plin,1781.7
V1009585,2025-12-21,Trujillo,Alimentos,Café,73.53,5,Plin,367.65
V1009586,2025-04-14,Lima,Belleza,Perfume,127.83,5,Plin,639.15
V1009587,2025-10-05,Trujillo,Alimentos,Aceite,164.81,5,Tarjeta,824.05
V1009588,2025-05-25,Trujillo,Tecnología,Celular,219.75,4,Efectivo,879.0
V1009589,2025-03-26,Piura,Hogar,Microondas,61.26,2,Tarjeta,122.52
V1009590,2025-11-24,Lima,Hogar,Microondas,218.14,5,Plin,1090.7
V1009591,2025-11-07,Lima,Moda,Zapatillas,290.57,4,Yape,1162.28
V1009592,2025-08-27,Piura,Belleza,Crema,10.42,2,Tarjeta,20.84
V1009593,2025-10-19,Trujillo,Belleza,Maquillaje,243.34,4,Efectivo,973.36
V1009594,2025-10-01,Lima,Belleza,Crema,180.92,2,Yape,361.84
V1009595,2025-03-13,Cusco,Moda,Zapatillas,355.42,2,Tarjeta,710.84
V1009596,2025-02-09,Trujillo,Moda,Casaca,89.02,4,Yape,356.08
V1009597,2025-08-02,Trujillo,Hogar,Olla,389.64,4,Tarjeta,1558.56
V1009598,2025-02-14,Arequipa,Tecnología,Celular,348.79,3,Plin,1046.37
V1009599,2025-01-30,Piura,Belleza,Maquillaje,147.32,2,Yape,294.64
V1009600,2025-01-28,Trujillo,,Atún,474.77,4,Plin,1899.08
V1009601,2025-08-18,Cusco,Moda,Casaca,135.7,1,Yape,135.7
V1009602,2025-02-19,Arequipa,Tecnología,Celular,283.42,2,Yape,566.84
V1009603,2025-11-06,Cusco,,Zapatillas,182.12,2,Yape,364.24
V1009604,2025-04-23,Arequipa,Belleza,Crema,138.36,1,Yape,138.36
V1009605,2025-05-18,Piura,Hogar,Aspiradora,30.3,3,Yape,90.9
V1009606,2025-01-20,Piura,Hogar,Aspiradora,385.87,2,Tarjeta,771.74
V1009607,2025-03-10,Trujillo,Tecnología,Audífonos,10.57,4,Plin,42.28
V1009608,2025-06-29,Piura,Moda,Zapatillas,148.35,1,Tarjeta,148.35
V1009609,2025-04-04,Cusco,Moda,Casaca,212.84,5,Plin,1064.2
V1009610,2025-05-18,Trujillo,Moda,Camisa,398.41,3,Yape,1195.23
V1009611,2025-01-21,Arequipa,Belleza,Perfume,224.14,3,Tarjeta,672.42
V1009612,2025-12-04,Piura,Hogar,Aspiradora,375.46,3,,1126.38
V1009613,2025-01-01,Arequipa,Belleza,Perfume,339.16,4,Plin,1356.64
V1009614,2025-09-24,Arequipa,Hogar,Microondas,286.34,1,Plin,286.34
V1009615,2025-10-19,Cusco,Belleza,Perfume,52.76,1,Efectivo,52.76
V1009616,2025-06-03,Cusco,Belleza,Crema,421.81,4,Yape,1687.24
V1009617,2025-08-12,Lima,Hogar,Aspiradora,448.44,1,Tarjeta,448.44
V1009618,2025-06-27,Cusco,Tecnología,Audífonos,428.09,5,Yape,2140.45
V1009619,2025-08-23,Trujillo,Tecnología,Laptop,341.47,3,Efectivo,1024.41
V1009620,2025-11-20,Piura,Hogar,Licuadora,389.8,4,Yape,1559.2
V1009621,2025-07-16,Lima,Moda,Casaca,117.7,2,Tarjeta,235.4
V1009622,2025-02-03,Arequipa,Moda,Pantalón,176.48,3,Plin,529.44
V1009623,2025-10-16,Trujillo,Tecnología,Celular,175.28,3,Efectivo,525.84
V1009624,2025-04-16,Lima,Hogar,Microondas,61.06,1,Efectivo,61.06
V1009625,2025-08-31,Arequipa,Belleza,Maquillaje,268.62,1,Plin,268.62
V1009626,2025-05-26,Arequipa,Tecnología,Laptop,405.07,4,Yape,1620.28
V1009627,2025-05-16,Cusco,Hogar,Microondas,81.03,1,Yape,81.03
V1009628,2025-06-14,Trujillo,,Crema,44.32,2,Efectivo,88.64
V1009629,2025-03-23,Lima,Tecnología,Laptop,118.17,5,Plin,590.85
V1009630,2025-09-03,Piura,Belleza,Shampoo,216.23,2,Plin,432.46
V1009631,2025-08-26,Lima,Moda,Pantalón,92.15,3,Plin,276.45
V1009632,2025-06-05,Cusco,Tecnología,Laptop,209.17,5,Tarjeta,1045.85
V1009633,2025-09-21,Piura,Moda,Casaca,226.02,2,Tarjeta,452.04
V1009634,2025-04-06,Arequipa,Moda,Casaca,248.04,2,Yape,496.08
V1009635,2025-10-14,Cusco,Alimentos,Aceite,391.29,2,Tarjeta,782.58
V1009636,2025-02-14,Lima,Hogar,Aspiradora,494.8,3,Yape,1484.4
V1009637,2025-01-04,Trujillo,,Arroz,32.63,4,Tarjeta,130.52
V1009638,2025-02-26,Arequipa,Belleza,Maquillaje,17.83,1,Plin,17.83
V1009639,2025-01-10,Arequipa,,Maquillaje,309.33,3,Yape,927.99
V1009640,2025-12-01,Trujillo,Belleza,Shampoo,254.17,2,Plin,508.34
V1009641,2025-08-15,Trujillo,Moda,Casaca,411.37,3,Tarjeta,1234.11
V1009642,2025-08-14,Trujillo,Hogar,Licuadora,487.33,5,Plin,2436.65
V1009643,2025-04-11,Trujillo,Moda,Zapatillas,179.3,5,Yape,896.5
V1009644,2025-03-06,Arequipa,Alimentos,Aceite,81.22,3,Tarjeta,243.66
V1009645,2025-03-11,Lima,Moda,Casaca,269.07,4,Yape,1076.28
V1009646,2025-06-28,Piura,Moda,Casaca,349.46,3,Plin,1048.38
V1009647,2025-01-24,Cusco,Alimentos,Aceite,197.31,3,Yape,591.93
V1009648,2025-02-06,Lima,Alimentos,Café,329.87,2,Yape,659.74
V1009649,2025-10-13,Trujillo,Moda,Casaca,221.76,1,Plin,221.76
V1009650,2025-03-08,Arequipa,Tecnología,Audífonos,447.0,4,Efectivo,1788.0
V1009651,2025-09-30,Piura,Moda,Pantalón,164.73,4,Efectivo,658.92
V1009652,2025-03-12,Piura,Alimentos,Atún,241.48,1,Plin,241.48
V1009653,2025-01-18,Cusco,Hogar,Microondas,288.68,3,Tarjeta,866.04
V1009654,2025-03-08,Cusco,Alimentos,Atún,289.23,1,Efectivo,289.23
V1009655,2025-10-14,Lima,Moda,Casaca,127.78,4,Efectivo,511.12
V1009656,2025-11-08,Trujillo,Alimentos,Atún,360.05,1,Plin,360.05
V1009657,2025-01-05,Piura,Belleza,Shampoo,498.99,4,Efectivo,1995.96
V1009658,2025-01-28,Piura,Belleza,Shampoo,27.05,5,Tarjeta,135.25
V1009659,2025-05-10,Piura,Moda,Pantalón,57.58,5,Tarjeta,287.9
V1009660,2025-01-08,Lima,Belleza,Perfume,143.27,1,Plin,143.27
V1009661,2025-08-05,Lima,Alimentos,Atún,99.9,3,Efectivo,299.7
V1009662,2025-06-20,Piura,Moda,Pantalón,42.49,5,,212.45
V1009663,2025-08-27,Piura,,Olla,157.38,5,Plin,786.9
V1009664,2025-01-26,Arequipa,Tecnología,Tablet,81.47,2,Tarjeta,162.94
V1009665,2025-07-28,Lima,Alimentos,Aceite,19.96,5,Efectivo,99.8
V1009666,2025-04-24,Trujillo,,Zapatillas,75.81,3,Efectivo,227.43
V1009667,2025-09-06,Lima,Moda,Pantalón,317.77,4,Tarjeta,1271.08
V1009668,2025-08-28,Trujillo,Hogar,Licuadora,407.21,3,Plin,1221.63
V1009669,2025-12-16,Cusco,Moda,Pantalón,352.39,4,Tarjeta,1409.56
V1009670,2025-02-25,Trujillo,Moda,Zapatillas,286.67,5,Yape,1433.35
V1009671,2025-11-30,Cusco,Tecnología,Tablet,188.58,2,Plin,377.16
V1009672,2025-10-03,Cusco,Belleza,Shampoo,234.44,5,Yape,1172.2
V1009673,2025-10-28,Lima,Belleza,Maquillaje,85.76,2,Yape,171.52
V1009674,2025-03-24,Arequipa,Tecnología,Audífonos,395.76,4,Plin,1583.04
V1009675,2025-07-31,Trujillo,Tecnología,Audífonos,151.76,5,Tarjeta,758.8
V1009676,2025-12-13,Lima,Hogar,Olla,156.36,4,Plin,625.44
V1009677,2025-08-26,Arequipa,Belleza,Crema,359.66,1,Plin,359.66
V1009678,2025-10-05,Trujillo,Tecnología,Celular,387.41,2,,774.82
V1009679,2025-11-04,Arequipa,Moda,Camisa,34.82,1,Tarjeta,34.82
V1009680,2025-04-17,Cusco,Hogar,Microondas,176.69,2,Plin,353.38
V1009681,2025-08-29,Piura,,Laptop,364.99,4,Yape,1459.96
V1009682,2025-07-21,Cusco,Moda,Zapatillas,202.87,2,Yape,405.74
V1009683,2025-01-14,Lima,Belleza,Crema,384.65,3,Tarjeta,1153.95
V1009684,2025-03-02,Arequipa,Alimentos,Café,177.95,1,Efectivo,177.95
V1009685,2025-03-26,Lima,Tecnología,Celular,474.21,5,Yape,2371.05
V1009686,2025-02-03,Piura,Belleza,Perfume,411.87,4,Yape,1647.48
V1009687,2025-04-21,Piura,Belleza,Maquillaje,70.57,2,Yape,141.14
V1009688,2025-06-11,Piura,Tecnología,Celular,59.83,5,Plin,299.15
V1009689,2025-10-30,Lima,Belleza,Crema,61.82,1,Yape,61.82
V1009690,2025-08-12,Cusco,Belleza,Shampoo,421.1,3,Plin,1263.3
V1009691,2025-11-23,Arequipa,Moda,Pantalón,52.17,2,Efectivo,104.34
V1009692,2025-09-13,Arequipa,Hogar,Microondas,203.6,4,Tarjeta,814.4
V1009693,2025-11-11,Cusco,Alimentos,Atún,194.64,2,Yape,389.28
V1009694,2025-12-18,Piura,Hogar,Aspiradora,192.72,3,Yape,578.16
V1009695,2025-04-18,Lima,Hogar,Aspiradora,470.07,1,Yape,470.07
V1009696,2025-09-30,Cusco,Hogar,Licuadora,309.71,2,Plin,619.42
V1009697,2025-10-09,Arequipa,Moda,Camisa,82.44,1,Tarjeta,82.44
V1009698,2025-03-06,Cusco,Alimentos,Café,481.46,1,Tarjeta,481.46
V1009699,2025-01-10,Lima,Tecnología,Audífonos,46.03,4,Plin,184.12
V1009700,2025-02-04,Trujillo,Tecnología,Audífonos,318.56,2,Tarjeta,637.12
V1009701,2025-01-17,Cusco,Belleza,Maquillaje,195.28,4,Plin,781.12
V1009702,2025-07-20,Piura,Tecnología,Audífonos,151.19,1,Yape,151.19
V1009703,2025-02-19,Piura,Alimentos,Café,417.43,3,Efectivo,1252.29
V1009704,2025-12-09,Lima,Belleza,Perfume,99.88,5,Plin,499.4
V1009705,2025-12-17,Lima,Hogar,Aspiradora,348.57,3,Plin,1045.71
V1009706,2025-09-25,Piura,,Olla,169.6,1,Efectivo,169.6
V1009707,2025-11-11,Arequipa,Moda,Zapatillas,41.29,2,Plin,82.58
V1009708,2025-07-31,Trujillo,Moda,Pantalón,406.28,4,Plin,1625.12
V1009709,2025-07-21,Lima,Hogar,Licuadora,342.71,2,Tarjeta,685.42
V1009710,2025-10-25,Trujillo,Alimentos,Arroz,425.31,3,Efectivo,1275.93
V1009711,2025-04-17,Cusco,Tecnología,Laptop,249.32,5,Tarjeta,1246.6
V1009712,2025-10-14,Piura,Tecnología,Laptop,116.44,3,Efectivo,349.32
V1009713,2025-06-17,Trujillo,Alimentos,Aceite,156.74,4,,626.96
V1009714,2025-06-25,Lima,Alimentos,Café,335.7,4,Yape,1342.8
V1009715,2025-08-19,Lima,Tecnología,Celular,245.0,4,Plin,980.0
V1009716,2025-06-30,Trujillo,Belleza,Shampoo,195.97,4,,783.88
V1009717,2025-10-02,Lima,Alimentos,Aceite,258.17,5,Yape,1290.85
V1009718,2025-07-15,Arequipa,Hogar,Olla,27.36,5,Plin,136.8
V1009719,2025-04-19,Cusco,Hogar,Aspiradora,398.35,3,Yape,1195.05
V1009720,2025-08-29,Lima,Moda,Zapatillas,153.38,4,Yape,613.52
V1009721,2025-11-12,Cusco,Hogar,Olla,200.16,2,Plin,400.32
V1009722,2025-09-29,Piura,Belleza,Perfume,397.98,3,Yape,1193.94
V1009723,2025-06-09,Arequipa,Moda,Pantalón,209.8,1,Efectivo,209.8
V1009724,2025-02-22,Arequipa,Moda,Camisa,470.5,5,Efectivo,2352.5
V1009725,2025-11-13,Piura,Hogar,Licuadora,279.42,5,Plin,1397.1
V1009726,2025-01-31,Piura,Belleza,Crema,38.77,4,Efectivo,155.08
V1009727,2025-04-14,Arequipa,Tecnología,Laptop,416.9,3,Yape,1250.7
V1009728,2025-09-23,Trujillo,Tecnología,Celular,360.9,5,Efectivo,1804.5
V1009729,2025-11-10,Cusco,Tecnología,Celular,417.9,2,Plin,835.8
V1009730,2025-10-26,Lima,Tecnología,Celular,257.35,1,Plin,257.35
V1009731,2025-05-29,Cusco,Tecnología,Laptop,254.0,3,Plin,762.0
V1009732,2025-01-15,Cusco,Alimentos,Atún,349.01,2,Yape,698.02
V1009733,2025-07-04,Cusco,Belleza,Maquillaje,57.08,1,Yape,57.08
V1009734,2025-02-06,Cusco,Tecnología,Celular,30.95,3,Efectivo,92.85
V1009735,2025-08-26,Lima,Moda,Casaca,409.3,5,Efectivo,2046.5
V1009736,2025-03-23,Lima,Belleza,Maquillaje,412.25,5,Plin,2061.25
V1009737,2025-10-25,Arequipa,,Camisa,162.72,4,Plin,650.88
V1009738,2025-09-25,Arequipa,Moda,Casaca,221.65,2,Tarjeta,443.3
V1009739,2025-09-03,Cusco,Hogar,Microondas,236.85,3,Plin,710.55
V1009740,2025-04-04,Arequipa,,Licuadora,435.5,5,Efectivo,2177.5
V1009741,2025-09-07,Cusco,,Atún,233.1,4,Tarjeta,932.4
V1009742,2025-07-03,Lima,Alimentos,Arroz,315.63,2,Efectivo,631.26
V1009743,2025-12-29,Cusco,Alimentos,Arroz,322.45,4,Plin,1289.8
V1009744,2025-11-07,Trujillo,Hogar,Olla,344.46,5,Tarjeta,1722.3
V1009745,2025-02-15,Piura,Belleza,Perfume,350.05,1,Yape,350.05
V1009746,2025-08-19,Arequipa,Belleza,Shampoo,134.27,2,Yape,268.54
V1009747,2025-01-07,Lima,Hogar,Olla,11.79,5,Tarjeta,58.95
V1009748,2025-03-18,Trujillo,,Pantalón,259.91,5,Efectivo,1299.55
V1009749,2025-03-10,Cusco,Belleza,Maquillaje,109.09,2,Yape,218.18
V1009750,2025-01-02,Arequipa,Moda,Zapatillas,415.02,2,Plin,830.04
V1009751,2025-02-11,Cusco,Tecnología,Laptop,458.41,4,Tarjeta,1833.64
V1009752,2025-12-01,Cusco,Hogar,Aspiradora,204.3,5,Yape,1021.5
V1009753,2025-05-04,Piura,Moda,Pantalón,158.68,4,Tarjeta,634.72
V1009754,2025-11-03,Lima,Belleza,Crema,22.53,2,Efectivo,45.06
V1009755,2025-09-11,Lima,Moda,Camisa,86.49,5,Efectivo,432.45
V1009756,2025-08-02,Lima,Alimentos,Aceite,243.27,5,Tarjeta,1216.35
V1009757,2025-09-01,Cusco,Belleza,Perfume,270.92,5,Yape,1354.6
V1009758,2025-02-16,Arequipa,Hogar,Licuadora,336.65,4,Plin,1346.6
V1009759,2025-06-18,Lima,Belleza,Shampoo,433.79,5,Efectivo,2168.95
V1009760,2025-08-21,Piura,Hogar,Aspiradora,239.7,4,Yape,958.8
V1009761,2025-04-17,Arequipa,Alimentos,Aceite,284.22,1,Yape,284.22
V1009762,2025-04-24,Cusco,Tecnología,Tablet,438.62,4,Efectivo,1754.48
V1009763,2025-12-20,Lima,Hogar,Licuadora,215.15,5,Efectivo,1075.75
V1009764,2025-10-03,Cusco,Hogar,Licuadora,460.56,4,Yape,1842.24
V1009765,2025-08-24,Piura,Tecnología,Celular,317.59,4,Efectivo,1270.36
V1009766,2025-09-02,Piura,Belleza,Maquillaje,307.74,2,Yape,615.48
V1009767,2025-10-21,Trujillo,Alimentos,Café,337.49,5,Plin,1687.45
V1009768,2025-01-12,Lima,Tecnología,Celular,66.19,2,Tarjeta,132.38
V1009769,2025-07-24,Piura,Moda,Zapatillas,203.74,3,Yape,611.22
V1009770,2025-02-25,Trujillo,Hogar,Licuadora,229.61,2,Efectivo,459.22
V1009771,2025-05-09,Cusco,Tecnología,Laptop,251.82,1,Plin,251.82
V1009772,2025-10-11,Cusco,Alimentos,Arroz,469.33,4,,1877.32
V1009773,2025-03-19,Trujillo,Tecnología,Tablet,122.26,3,Yape,366.78
V1009774,2025-11-21,Trujillo,Tecnología,Audífonos,444.9,1,Yape,444.9
V1009775,2025-08-26,Arequipa,Belleza,Crema,494.03,5,Efectivo,2470.15
V1009776,2025-03-05,Arequipa,Tecnología,Celular,99.14,2,Tarjeta,198.28
V1009777,2025-11-28,Trujillo,Hogar,Aspiradora,477.21,3,Yape,1431.63
V1009778,2025-10-31,Piura,Belleza,Crema,472.02,5,Plin,2360.1
V1009779,2025-02-14,Cusco,Tecnología,Celular,123.18,3,Tarjeta,369.54
V1009780,2025-02-08,Trujillo,Belleza,Perfume,82.61,4,Efectivo,330.44
V1009781,2025-10-29,Trujillo,Belleza,Perfume,453.56,3,Tarjeta,1360.68
V1009782,2025-04-19,Trujillo,Tecnología,Celular,165.21,5,Efectivo,826.05
V1009783,2025-04-05,Trujillo,Moda,Camisa,477.24,1,,477.24
V1009784,2025-12-22,Piura,Hogar,Olla,442.81,3,Yape,1328.43
V1009785,2025-03-03,Piura,Alimentos,Atún,164.08,4,Tarjeta,656.32
V1009786,2025-08-21,Piura,Alimentos,Arroz,295.12,1,Efectivo,295.12
V1009787,2025-02-07,Trujillo,Moda,Camisa,108.95,2,Tarjeta,217.9
V1009788,2025-10-31,Cusco,Hogar,Microondas,113.35,1,Plin,113.35
V1009789,2025-11-01,Piura,,Casaca,201.45,5,Tarjeta,1007.25
V1009790,2025-10-28,Lima,Moda,Zapatillas,444.65,1,Efectivo,444.65
V1009791,2025-09-14,Arequipa,Hogar,Olla,163.29,4,Yape,653.16
V1009792,2025-04-25,Trujillo,,Casaca,485.43,3,Plin,1456.29
V1009793,2025-11-25,Trujillo,Hogar,Olla,481.47,1,Plin,481.47
V1009794,2025-01-01,Arequipa,Alimentos,Arroz,130.09,3,Efectivo,390.27
V1009795,2025-03-30,Trujillo,Hogar,Olla,183.0,3,Tarjeta,549.0
V1009796,2025-01-27,Trujillo,Alimentos,Arroz,353.85,3,Efectivo,1061.55
V1009797,2025-05-23,Piura,Hogar,Aspiradora,154.5,5,Plin,772.5
V1009798,2025-07-16,Piura,Belleza,Perfume,395.68,2,Efectivo,791.36
V1009799,2025-02-21,Piura,Tecnología,Audífonos,428.47,3,Plin,1285.41
V1009800,2025-02-23,Cusco,Alimentos,Arroz,204.24,5,Yape,1021.2
V1009801,2025-02-13,Cusco,Hogar,Microondas,450.04,4,Efectivo,1800.16
V1009802,2025-08-16,Lima,Belleza,Perfume,104.13,9999,Tarjeta,520.65
V1009803,2025-04-10,Lima,Moda,Casaca,480.95,2,Plin,961.9
V1009804,2025-12-22,Arequipa,Hogar,Licuadora,42.26,5,Yape,211.3
V1009805,2025-06-04,Cusco,Tecnología,Laptop,442.8,1,Yape,442.8
V1009806,2025-02-04,Cusco,Moda,Camisa,488.48,1,Efectivo,488.48
V1009807,2025-01-30,Cusco,Tecnología,Tablet,440.35,3,,1321.05
V1009808,2025-06-26,Cusco,Alimentos,Aceite,204.61,1,Tarjeta,204.61
V1009809,2025-10-18,Piura,Tecnología,Celular,346.8,2,Tarjeta,693.6
V1009810,2025-11-17,Lima,Hogar,Olla,194.47,1,Efectivo,194.47
V1009811,2025-11-13,Trujillo,Belleza,Shampoo,281.35,3,Yape,844.05
V1009812,2025-08-01,Piura,Hogar,Licuadora,477.96,1,Efectivo,477.96
V1009813,2025-04-16,Lima,Moda,Casaca,88.17,1,Efectivo,88.17
V1009814,2025-12-27,Trujillo,Moda,Pantalón,481.75,1,Efectivo,481.75
V1009815,2025-10-10,Piura,Belleza,Perfume,114.7,5,Yape,573.5
V1009816,2025-11-26,Arequipa,Moda,Casaca,264.18,3,Tarjeta,792.54
V1009817,2025-07-05,Cusco,Belleza,Maquillaje,451.95,5,Yape,2259.75
V1009818,2025-07-08,Trujillo,Tecnología,Laptop,443.04,5,Plin,2215.2
V1009819,2025-04-11,Trujillo,Moda,Pantalón,357.61,5,Yape,1788.05
V1009820,2025-06-24,Trujillo,Hogar,Microondas,434.23,1,Plin,434.23
V1009821,2025-08-24,Cusco,Hogar,Licuadora,469.92,3,Plin,1409.76
V1009822,2025-07-10,Piura,Moda,Zapatillas,37.04,1,Yape,37.04
V1009823,2025-08-18,Arequipa,Moda,Zapatillas,56.86,5,Efectivo,284.3
V1009824,2025-08-10,Piura,Moda,Casaca,16.46,2,Yape,32.92
V1009825,2025-04-22,Arequipa,Alimentos,Aceite,239.92,1,Plin,239.92
V1009826,2025-03-17,Lima,Hogar,Licuadora,75.02,3,Tarjeta,225.06
V1009827,2025-12-15,Trujillo,Alimentos,Café,81.64,1,Tarjeta,81.64
V1009828,2025-12-01,Trujillo,Alimentos,Arroz,282.91,5,Plin,1414.55
V1009829,2025-06-02,Lima,Moda,Pantalón,61.57,2,Plin,123.14
V1009830,2025-12-19,Trujillo,Alimentos,Atún,486.31,2,Efectivo,972.62
V1009831,2025-06-09,Arequipa,Moda,Camisa,152.62,3,Plin,457.86
V1009832,2025-05-03,Trujillo,Hogar,Microondas,255.77,2,Plin,511.54
V1009833,2025-12-02,Lima,Moda,Pantalón,187.79,5,Efectivo,938.95
V1009834,2025-11-17,Piura,Hogar,Microondas,31.39,4,Tarjeta,125.56
V1009835,2025-03-30,Lima,,Atún,330.92,3,Tarjeta,992.76
V1009836,2025-06-29,Trujillo,Alimentos,Aceite,47.89,2,Plin,95.78
V1009837,2025-07-09,Piura,Tecnología,Laptop,56.69,5,Efectivo,283.45
V1009838,2025-01-10,Piura,Alimentos,Aceite,389.15,5,Yape,1945.75
V1009839,2025-05-27,Cusco,Hogar,Microondas,131.94,1,Yape,131.94
V1009840,2025-05-17,Piura,Hogar,Microondas,57.65,1,Efectivo,57.65
V1009841,2025-08-12,Piura,Tecnología,Tablet,22.92,1,Plin,22.92
V1009842,2025-02-10,Cusco,Hogar,Microondas,43.83,1,Plin,43.83
V1009843,2025-01-27,Lima,Tecnología,Audífonos,86.65,2,Tarjeta,173.3
V1009844,2025-03-26,Piura,Alimentos,Aceite,192.2,1,Efectivo,192.2
V1009845,2025-01-30,Lima,Tecnología,Laptop,35.57,4,Tarjeta,142.28
V1009846,2025-05-18,Lima,Belleza,Shampoo,54.54,1,Yape,54.54
V1009847,2025-04-10,Cusco,Hogar,Olla,163.67,2,Yape,327.34
V1009848,2025-07-20,Arequipa,Moda,Camisa,480.49,2,,960.98
V1009849,2025-05-24,Trujillo,Tecnología,Laptop,195.41,2,Yape,390.82
V1009850,2025-04-30,Lima,Tecnología,Laptop,308.87,2,Yape,617.74
V1009851,2025-07-02,Trujillo,Moda,Pantalón,70.75,3,Efectivo,212.25
V1009852,2025-04-23,Piura,Hogar,Licuadora,439.02,1,Tarjeta,439.02
V1009853,2025-10-31,Piura,Hogar,Licuadora,407.41,3,Plin,1222.23
V1009854,2025-09-20,Lima,Moda,Casaca,499.71,3,Yape,1499.13
V1009855,2025-12-15,Trujillo,Belleza,Perfume,227.67,2,Yape,455.34
V1009856,2025-11-23,Lima,Belleza,Crema,251.37,5,,1256.85
V1009857,2025-01-10,Lima,Moda,Casaca,19.54,4,Tarjeta,78.16
V1009858,2025-02-25,Piura,Moda,Zapatillas,91.82,1,Efectivo,91.82
V1009859,2025-10-15,Lima,Hogar,Microondas,14.72,1,Tarjeta,14.72
V1009860,2025-01-30,Lima,Hogar,Olla,243.63,2,Efectivo,487.26
V1009861,2025-04-06,Piura,Hogar,Olla,419.02,4,Tarjeta,1676.08
V1009862,2025-06-06,Cusco,Moda,Pantalón,135.77,4,Efectivo,543.08
V1009863,2025-12-28,Piura,Hogar,Olla,28.5,2,Plin,57.0
V1009864,2025-08-01,Trujillo,Belleza,Perfume,299.12,3,Yape,897.36
V1009865,2025-10-28,Lima,,Arroz,210.51,2,Plin,421.02
V1009866,2025-06-15,Trujillo,Tecnología,Tablet,202.2,5,Tarjeta,1011.0
V1009867,2025-03-22,Piura,Tecnología,Laptop,317.82,4,Efectivo,1271.28
V1009868,2025-01-09,Cusco,Moda,Casaca,499.54,4,Efectivo,1998.16
V1009869,2025-09-24,Piura,Alimentos,Aceite,164.34,1,Plin,164.34
V1009870,2025-05-29,Piura,Hogar,Microondas,206.35,4,Efectivo,825.4
V1009871,2025-06-22,Piura,Alimentos,Atún,324.52,2,Plin,649.04
V1009872,2025-03-06,Trujillo,Moda,Casaca,371.11,5,Plin,1855.55
V1009873,2025-07-27,Piura,Moda,Zapatillas,22.33,2,Yape,44.66
V1009874,2025-05-31,Trujillo,Hogar,Microondas,455.69,4,Tarjeta,1822.76
V1009875,2025-10-18,Cusco,Tecnología,Laptop,188.23,2,Efectivo,376.46
V1009876,2025-02-01,Arequipa,Alimentos,Café,130.7,4,Yape,522.8
V1009877,2025-04-25,Trujillo,Belleza,Perfume,330.95,3,Yape,992.85
V1009878,2025-06-21,Arequipa,Alimentos,Atún,494.82,3,Plin,1484.46
V1009879,2025-02-23,Cusco,Belleza,Maquillaje,35.81,3,Tarjeta,107.43
V1009880,2025-03-10,Piura,Alimentos,Aceite,337.74,3,Tarjeta,1013.22
V1009881,2025-12-21,Trujillo,Moda,Zapatillas,19.47,1,Efectivo,19.47
V1009882,2025-11-16,Piura,Hogar,Licuadora,435.11,4,Tarjeta,1740.44
V1009883,2025-04-22,Piura,Moda,Zapatillas,493.66,5,Efectivo,2468.3
V1009884,2025-05-24,Cusco,Hogar,Licuadora,129.77,5,Yape,648.85
V1009885,2025-12-22,Cusco,Hogar,Licuadora,344.41,1,Tarjeta,344.41
V1009886,2025-11-01,Cusco,Alimentos,Aceite,82.39,3,Yape,247.17
V1009887,2025-09-23,Arequipa,Hogar,Aspiradora,386.09,4,Tarjeta,1544.36
V1009888,2025-01-06,Lima,Moda,Pantalón,454.34,2,Tarjeta,908.68
V1009889,2025-10-25,Trujillo,Alimentos,Atún,401.37,5,Plin,2006.85
V1009890,2025-07-01,Cusco,Tecnología,Laptop,258.7,1,Efectivo,258.7
V1009891,2025-05-18,Piura,Belleza,Shampoo,194.84,5,,974.2
V1009892,2025-09-04,Cusco,Hogar,Olla,65.68,4,Efectivo,262.72
V1009893,2025-04-29,Trujillo,Belleza,Maquillaje,251.17,1,Yape,251.17
V1009894,2025-07-09,Arequipa,Hogar,Microondas,181.85,5,Plin,909.25
V1009895,2025-09-29,Lima,Moda,Pantalón,109.2,3,Efectivo,327.6
V1009896,2025-06-18,Piura,Moda,Casaca,131.02,5,Plin,655.1
V1009897,2025-10-30,Cusco,Alimentos,Café,472.29,3,Tarjeta,1416.87
V1009898,2025-06-20,Lima,Hogar,Olla,486.0,2,Plin,972.0
V1009899,2025-11-19,Cusco,,Celular,257.49,1,Plin,257.49
V1009900,2025-02-26,Arequipa,,Aceite,363.17,5,Tarjeta,1815.85
V1009901,2025-03-30,Cusco,Belleza,Maquillaje,264.76,1,Efectivo,264.76
V1009902,2025-10-14,Arequipa,Moda,Casaca,172.02,4,Yape,688.08
V1009903,2025-09-04,Arequipa,Belleza,Shampoo,154.77,4,Efectivo,619.08
V1009904,2025-11-27,Piura,Belleza,Crema,268.91,1,Efectivo,268.91
V1009905,2025-06-16,Piura,Moda,Zapatillas,115.45,2,Plin,230.9
V1009906,2025-08-18,Arequipa,Tecnología,Celular,470.55,2,Tarjeta,941.1
V1009907,2025-02-26,Cusco,,Shampoo,349.24,2,Yape,698.48
V1009908,2025-02-23,Trujillo,Tecnología,Celular,274.58,5,Plin,1372.9
V1009909,2025-09-28,Cusco,,Shampoo,406.54,4,Tarjeta,1626.16
V1009910,2025-06-15,Cusco,Hogar,Licuadora,273.63,4,Tarjeta,1094.52
V1009911,2025-07-30,Trujillo,Tecnología,Audífonos,418.13,5,Yape,2090.65
V1009912,2025-08-31,Piura,Moda,Casaca,320.23,5,Efectivo,1601.15
V1009913,2025-09-29,Lima,Alimentos,Atún,394.41,3,Plin,1183.23
V1009914,2025-04-22,Piura,Moda,Camisa,399.39,2,Tarjeta,798.78
V1009915,2025-08-23,Lima,Tecnología,Audífonos,260.14,5,Tarjeta,1300.7
V1009916,2025-06-21,Arequipa,Alimentos,Aceite,128.11,2,Tarjeta,256.22
V1009917,2025-07-09,Arequipa,Moda,Camisa,471.06,5,Plin,2355.3
V1009918,2025-03-20,Piura,,Audífonos,225.77,4,Tarjeta,903.08
V1009919,2025-01-24,Piura,Belleza,Maquillaje,409.93,4,Efectivo,1639.72
V1009920,2025-09-28,Cusco,Hogar,Licuadora,401.37,4,Tarjeta,1605.48
V1009921,2025-02-19,Cusco,Tecnología,Audífonos,95.81,2,Plin,191.62
V1009922,2025-04-07,Trujillo,Hogar,Licuadora,182.13,4,Efectivo,728.52
V1009923,2025-12-20,Piura,Tecnología,Celular,277.83,3,Efectivo,833.49
V1009924,2025-03-10,Piura,Belleza,Shampoo,423.86,4,Efectivo,1695.44
V1009925,2025-04-05,Cusco,Belleza,Maquillaje,191.89,2,Yape,383.78
V1009926,2025-10-12,Trujillo,Alimentos,Arroz,193.47,4,Tarjeta,773.88
V1009927,2025-03-12,Trujillo,Belleza,Crema,213.97,2,Plin,427.94
V1009928,2025-10-11,Arequipa,Tecnología,Celular,174.08,3,Efectivo,522.24
V1009929,2025-11-23,Lima,Moda,Camisa,329.04,2,Yape,658.08
V1009930,2025-05-08,Trujillo,Hogar,Olla,29.6,4,Tarjeta,118.4
V1009931,2025-04-14,Trujillo,Moda,Camisa,297.62,5,Plin,1488.1
V1009932,2025-06-07,Trujillo,Tecnología,Laptop,116.72,2,Tarjeta,233.44
V1009933,2025-08-17,Piura,,Pantalón,159.5,2,Plin,319.0
V1009934,2025-03-09,Lima,Tecnología,Tablet,135.27,1,Efectivo,135.27
V1009935,2025-11-06,Piura,Tecnología,Tablet,345.45,4,Tarjeta,1381.8
V1009936,2025-03-22,Piura,Hogar,Aspiradora,327.87,2,Plin,655.74
V1009937,2025-11-05,Arequipa,Tecnología,Audífonos,80.78,5,Tarjeta,403.9
V1009938,2025-08-14,Cusco,Moda,Pantalón,439.25,4,Plin,1757.0
V1009939,2025-01-06,Trujillo,Moda,Casaca,34.8,4,Tarjeta,139.2
V1009940,2025-10-17,Arequipa,Alimentos,Aceite,360.78,1,Yape,360.78
V1009941,2025-04-06,Arequipa,Moda,Camisa,496.74,1,Plin,496.74
V1009942,2025-07-17,Lima,,Zapatillas,217.55,3,Efectivo,652.65
V1009943,2025-08-25,Piura,Tecnología,Laptop,222.74,4,Efectivo,890.96
V1009944,2025-01-17,Lima,Alimentos,Aceite,362.11,4,Plin,1448.44
V1009945,2025-03-14,Arequipa,Belleza,Maquillaje,436.69,2,Plin,873.38
V1009946,2025-10-16,Piura,Tecnología,Tablet,120.34,1,Efectivo,120.34
V1009947,2025-11-02,Trujillo,Tecnología,Audífonos,492.58,3,Yape,1477.74
V1009948,2025-07-08,Trujillo,Moda,Casaca,155.64,2,Plin,311.28
V1009949,2025-07-30,Lima,Moda,Pantalón,179.37,2,Yape,358.74
V1009950,2025-03-18,Piura,Hogar,Olla,348.78,1,Yape,348.78
V1009951,2025-02-23,Cusco,Moda,Pantalón,367.43,1,Yape,367.43
V1009952,2025-02-21,Piura,Hogar,Microondas,168.24,9999,Efectivo,672.96
V1009953,2025-08-12,Piura,Belleza,Perfume,349.0,4,Tarjeta,1396.0
V1009954,2025-10-04,Piura,Alimentos,Aceite,407.56,3,Plin,1222.68
V1009955,2025-12-16,Trujillo,Tecnología,Laptop,376.4,2,Plin,752.8
V1009956,2025-11-25,Arequipa,Tecnología,Audífonos,111.02,2,Yape,222.04
V1009957,2025-06-29,Cusco,Tecnología,Celular,495.33,4,Plin,1981.32
V1009958,2025-09-04,Piura,Tecnología,Audífonos,292.97,3,Efectivo,878.91
V1009959,2025-10-08,Arequipa,Moda,Camisa,184.8,5,Efectivo,924.0
V1009960,2025-06-25,Arequipa,Alimentos,Arroz,36.11,3,Tarjeta,108.33
V1009961,2025-11-30,Piura,Tecnología,Laptop,497.24,3,Efectivo,1491.72
V1009962,2025-07-14,Cusco,Belleza,Maquillaje,225.28,4,Plin,901.12
V1009963,2025-11-17,Cusco,Alimentos,Café,113.85,2,Efectivo,227.7
V1009964,2025-09-10,Trujillo,Belleza,Maquillaje,187.89,4,Plin,751.56
V1009965,2025-02-04,Cusco,Moda,Casaca,470.86,3,Yape,1412.58
V1009966,2025-04-10,Cusco,Belleza,Maquillaje,367.91,1,Tarjeta,367.91
V1009967,2025-08-03,Trujillo,Belleza,Maquillaje,149.51,4,Efectivo,598.04
V1009968,2025-11-21,Piura,Tecnología,Laptop,279.89,3,Plin,839.67
V1009969,2025-07-10,Arequipa,Moda,Camisa,308.89,1,Tarjeta,308.89
V1009970,2025-12-01,Piura,Moda,Pantalón,182.28,3,Efectivo,546.84
V1009971,2025-02-21,Trujillo,Belleza,Perfume,225.81,3,Plin,677.43
V1009972,2025-05-18,Lima,Tecnología,Tablet,13.66,2,Plin,27.32
V1009973,2025-07-04,Arequipa,Hogar,Licuadora,85.74,5,Efectivo,428.7
V1009974,2025-07-12,Trujillo,Hogar,Licuadora,342.59,5,Yape,1712.95
V1009975,2025-09-11,Trujillo,Moda,Pantalón,79.79,4,Yape,319.16
V1009976,2025-05-20,Lima,Alimentos,Atún,336.2,1,,336.2
V1009977,2025-10-06,Trujillo,Belleza,Shampoo,443.34,2,Yape,886.68
V1009978,2025-09-15,Arequipa,Alimentos,Café,256.87,3,Plin,770.61
V1009979,2025-06-13,Piura,Belleza,Shampoo,319.88,4,Yape,1279.52
V1009980,2025-06-20,Lima,Alimentos,Atún,166.36,4,Plin,665.44
V1009981,2025-05-21,Arequipa,Belleza,Shampoo,77.39,5,Tarjeta,386.95
V1009982,2025-09-06,Lima,Tecnología,Tablet,482.51,4,Yape,1930.04
V1009983,2025-06-22,Arequipa,Tecnología,Laptop,134.11,2,Yape,268.22
V1009984,2025-11-17,Trujillo,Tecnología,Celular,280.62,1,Efectivo,280.62
V1009985,2025-06-12,Arequipa,Tecnología,Laptop,451.59,5,Yape,2257.95
V1009986,2025-04-06,Lima,Belleza,Perfume,329.42,4,Plin,1317.68
V1009987,2025-06-04,Piura,Tecnología,Audífonos,161.72,5,Tarjeta,808.6
V1009988,2025-11-30,Piura,,Shampoo,75.94,1,Plin,75.94
V1009989,2025-07-12,Lima,Alimentos,Café,178.01,3,Tarjeta,534.03
V1009990,2025-02-24,Arequipa,Tecnología,Tablet,458.88,1,Plin,458.88
V1009991,2025-03-16,Arequipa,Moda,Camisa,175.02,1,Plin,175.02
V1009992,2025-01-19,Trujillo,Moda,Casaca,84.71,1,Yape,84.71
V1009993,2025-07-07,Arequipa,Belleza,Perfume,450.32,2,Plin,900.64
V1009994,2025-06-07,Lima,Alimentos,Atún,266.42,1,Yape,266.42
V1009995,2025-11-05,Lima,Alimentos,Aceite,477.24,4,Plin,1908.96
V1009996,2025-10-14,Cusco,Hogar,Microondas,439.89,1,Efectivo,439.89
V1009997,2025-04-25,Lima,Belleza,Crema,209.82,2,Tarjeta,419.64
V1009998,2025-12-15,Trujillo,Alimentos,Atún,366.3,5,Tarjeta,1831.5
V1009999,2025-08-10,Trujillo,Moda,Zapatillas,319.69,5,Efectivo,1598.45
V1006252,2025-08-28,Piura,Belleza,Maquillaje,112.68,3,Tarjeta,338.04
V1004684,2025-09-24,Trujillo,Alimentos,Café,191.98,4,Efectivo,767.92
V1001731,2025-01-14,Piura,Moda,Zapatillas,108.41,4,Tarjeta,433.64
V1004742,2025-06-09,Cusco,,Audífonos,190.09,1,Plin,190.09
V1004521,2025-11-24,Cusco,Hogar,Aspiradora,391.45,5,Yape,1957.25
V1006340,2025-07-06,Trujillo,Tecnología,Celular,359.88,3,,1079.64
V1000576,2025-05-19,Arequipa,Tecnología,Celular,140.01,4,Plin,560.04
V1005202,2025-04-15,Piura,Moda,Pantalón,292.45,4,Efectivo,1169.8
V1006363,2025-01-29,Lima,Tecnología,Tablet,291.94,1,Yape,291.94
V1000439,2025-07-20,Piura,Belleza,Shampoo,337.91,1,Efectivo,337.91
V1002750,2025-01-23,Trujillo,Alimentos,Café,136.31,1,,136.31
V1007487,2025-06-03,Piura,Alimentos,Aceite,45.61,2,Tarjeta,91.22
V1005272,2025-11-21,Piura,Hogar,Aspiradora,355.91,3,Plin,1067.73
V1005653,2025-08-13,Cusco,Hogar,Aspiradora,277.99,5,Tarjeta,1389.95
V1003999,2025-08-25,Trujillo,Hogar,Aspiradora,24.24,1,Efectivo,24.24
V1006033,2025-02-06,Cusco,Belleza,Maquillaje,39.57,3,Yape,118.71
V1000582,2025-07-02,Lima,Belleza,Shampoo,196.45,4,Plin,785.8
V1009930,2025-05-08,Trujillo,Hogar,Olla,29.6,4,Tarjeta,118.4
V1007051,2025-09-20,Arequipa,Alimentos,Atún,265.77,2,Tarjeta,531.54
V1008158,2025-02-08,Arequipa,Hogar,Olla,435.94,1,Yape,435.94
V1009896,2025-06-18,Piura,Moda,Casaca,131.02,5,Plin,655.1
V1002249,2025-07-27,Piura,Alimentos,Atún,69.67,2,Tarjeta,139.34
V1004640,2025-12-24,Piura,Hogar,Microondas,375.01,2,Efectivo,750.02
V1009485,2025-04-29,Cusco,Hogar,Olla,494.24,3,Tarjeta,1482.72
V1004947,2025-03-29,Trujillo,Moda,Camisa,479.71,5,Efectivo,2398.55
V1009920,2025-09-28,Cusco,Hogar,Licuadora,401.37,4,Tarjeta,1605.48
V1001963,2025-11-06,Trujillo,Hogar,Microondas,73.21,4,Efectivo,292.84
V1008243,2025-04-20,Cusco,Hogar,Olla,347.85,3,Yape,1043.55
V1006590,2025-04-11,Arequipa,Moda,Camisa,153.73,5,Yape,768.65
V1008847,2025-09-06,Trujillo,Moda,Zapatillas,358.03,4,Yape,1432.12
V1000321,2025-11-29,Piura,Alimentos,Atún,379.87,2,Efectivo,759.74
V1002678,2025-08-14,Lima,Belleza,Shampoo,397.39,5,Plin,1986.95
V1004625,2025-11-12,Piura,Tecnología,Celular,362.05,4,Plin,1448.2
V1004949,2025-05-19,Lima,Moda,Zapatillas,307.35,5,Yape,1536.75
V1008328,2025-09-12,Arequipa,Tecnología,Celular,278.6,2,Tarjeta,557.2
V1003337,2025-12-06,Piura,Moda,Pantalón,86.97,2,Yape,173.94
V1005589,2025-09-26,Arequipa,Moda,Pantalón,276.03,3,Efectivo,828.09
V1000251,2025-10-16,Trujillo,Tecnología,Celular,454.83,3,Efectivo,1364.49
V1003973,2025-03-06,Trujillo,Moda,Casaca,13.34,2,Efectivo,26.68
V1006630,2025-01-28,Piura,Alimentos,Aceite,26.48,1,Plin,26.48
V1005547,2025-06-06,Trujillo,,Aceite,114.34,5,Efectivo,571.7
V1000035,2025-05-31,Arequipa,Tecnología,Audífonos,121.99,2,Plin,243.98
V1008362,2025-10-30,Cusco,Hogar,Licuadora,213.59,5,Yape,1067.95
V1001513,2025-09-26,Piura,,Pantalón,131.98,5,Efectivo,659.9
V1009317,2025-03-11,Piura,Alimentos,Arroz,274.35,5,Tarjeta,1371.75
V1000039,2025-04-14,Trujillo,Alimentos,Aceite,14.51,1,Yape,14.51
V1004819,2025-10-22,Arequipa,Tecnología,Audífonos,177.38,3,Yape,532.14
V1003465,2025-11-07,Lima,Tecnología,Audífonos,183.69,5,Tarjeta,918.45
V1001760,2025-01-06,Lima,Moda,Pantalón,29.05,2,Yape,58.1
V1002304,2025-02-05,Piura,Moda,Camisa,152.34,2,Plin,304.68
